id,dish_name,dish_name_original,description,cuisine,ingredient_text,instruction_text,ingredient_count,main_ingredient_count,search_ingredient_count,total_weight_g,energy_kcal,protein_g,fat_g,cho_g,dietary_fiber_g,ca_mg,fe_mg,na_mg,matched_ratio,weight_confidence,explicit_count,estimated_count,vague_count,suspect,nutrition_version,tags_json,search_ingredient_ids_json
19,水煮鱼,水煮鱼,这道菜在我家点单率超高，话不多说，上菜谱😜,,2条冷冻去皮巴沙鱼，2克花椒，10克干辣椒，2-3段大葱，3-5片姜片，2颗独蒜，一小勺盐，10克淀粉，35克玉米油，20克生抽，20克料酒，一小勺黑胡椒粉，5克糖，50克四川豆瓣，一个蛋白，适量白芝麻，适量香葱,"1. 巴沙鱼切片加5克料酒，淀粉，黑胡椒粉，蛋白腌制20分钟
2. 花椒和干辣椒入小美主锅5分钟V档速度小勺炒香
3. 20秒速度10打碎，倒出一小部分备用，剩余的留在锅里
4. 加入玉米油、葱、姜、蒜、豆瓣酱，4分钟V档速度小勺爆香
5. 加入500克清水、剩余的10克料酒、生抽、糖设定时间10分钟温度100度反转小勺熬汤底
6. 另起一锅烧水，煮熟打底的蔬菜，放入大碗中
7. 汤底熬好后快速下入鱼片，用筷子滑散，时间4分钟温度100，反转小勺，音乐响起连汤带鱼全部倒入铺好素菜的碗里；将之前留下备用的辣椒碎撒在面上，再撒上香葱和白芝麻，另起一锅倒入30克菜籽油烧热淋面，上桌开吃。典型的米饭杀手啊😂😂😂",17,5,5,330.0,113.0,7.84,1.54,19.54,5.25,17.9,2.02,46.4,47.06,100.0,8,6,3,0,legacy,"[""辣"",""家常菜""]","[""1"",""3"",""36"",""52"",""178""]"
51,咖喱鸡肉饭,咖喱鸡肉饭,,,1根(小的)胡萝卜，1块(去骨切丁)鸡胸肉，1个(小的)洋葱，1个(小的)土豆，6块(牛头牌)咖喱块，1勺料酒，少许盐，少许食用油,"1. 1.胡萝卜洗净切小块，土豆洗净切小块，洋葱洗净切小块;2.鸡胸肉去骨切丁，1勺料酒，少许盐，糖，生姜，食用油腌制一会儿
2. 起锅热油，把鸡肉倒下去，小火翻炒，其中再加一勺料酒炒均匀，把洋葱丢下去翻炒，接着下胡萝卜和土豆。加冷水盖过所有食材再预多1/3水，因为过程会蒸发很多水，水开后把咖喱块放进去，小火焖，时不时要翻动一下 因为会粘锅底，等熬成糊状就可以了。
3. 成品 ，非常美味可口。",8,4,5,570.0,405.3,43.65,3.69,51.66,4.32,86.4,4.2,168.3,50.0,100.0,0,6,2,0,legacy,"[""咖喱"",""饭"",""家常菜""]","[""5"",""6"",""12"",""15"",""24""]"
238,啤酒三黄鸡,啤酒🍻三黄鸡,有啤酒🍻有鸡🐔就可以做的菜。,,片姜，根葱，瓣蒜，一听啤酒，一片香叶，个干辣椒，克糖，勺生抽，若干花椒，1粒大料，比平常炒菜多一些油，勺蚝油，只三黄鸡，个青椒，勺蚝油，勺料酒，个八角，片香叶，克盐,"1. 桂皮八角香叶都是小小一颗准备好。
2. 我喜欢吃口味重一点的，所以切的姜蒜都很多！不爱吃的也放心！油炸过你大不了捞出来，就是为了爆香那个油锅！嘿嘿😁……
3. 干香菇（我还泡了8只东北松茸，忘记拍照了……，因为它的汤汁也很鲜的，一会儿可以炖鸡用！别扔！）
4. 一罐普通的雪花啤酒（因为一会儿还放入泡松茸的汤，所以炖鸡的时候放了半罐）
5. 这里抱歉呀！专注地炒！忘记留照片了！！！！！！！🤪1.放油，2.油热后放花椒，大料、香叶最后放，别忘此时调小火，以免花椒糊了！（别问我是怎么知道的）3.放入葱姜蒜煸炒香。4.放入一点点糖5.放入鸡.放一点点老抽、放一勺蚝油、放生抽，煸炒均匀.6.放入香菇、松茸（分成两半好入味儿）、松茸汤.、啤酒🍻，没过鸡即可，太多不好收汁。（愿意放点干辣椒就放一点儿，我因为腌制的时候里面有一点，就没有放）
6. 当当当当～大约用了20分钟（中间去做了另一个菜忘记计时了！😅不过这不是事儿！因为你可以尝一尝熟没熟）美味的啤酒三黄鸡就出锅了！
7. 忘记说了！！！补充说明：鸡块需要提前腌一下哦！最少20分钟。我中午就腌上，傍晚才做！腌制的调料：生抽、蚝油、花椒粉、五香粉、料酒。之所以图片上有花椒和辣椒，嘿嘿😁……那是因为吃完了一包黄飞红麻辣花生剩下的辣椒和麻椒、花椒的我都倒这里了！",17,5,6,300.0,0.0,0.0,0.0,0.0,0.0,0.0,0.0,0.0,41.18,100.0,0,3,14,0,legacy,"[""家常菜"",""干锅"",""快手菜""]","[""1"",""2"",""3"",""11"",""24"",""143""]"
349,红烧鸡腿肉,红烧鸡腿肉,,,适量鸡腿，一个土豆，两个青椒，一勺料酒，一勺蚝油，一勺生抽，两勺酱油，一勺老抽，四片姜，两瓣蒜，适量盐，少许白糖，适量胡椒粉，一勺料酒，半碗淀粉水,"1. 鸡腿肉，剁剁剁
2. 放入两勺淀粉水，半勺酱油，姜片，胡椒粉，一勺料酒，白糖一勺，盐适量腌制十五到二十分钟
3. 青椒切块，蒜拍扁
4. 土豆切块
5. 热油，少许白糖，炒糖色
6. 放入土豆加盐翻炒片刻
7. 加水，咕嘟咕嘟
8. 淋上淀粉水，放入青椒，关火焖五分钟出锅
9. 🌲",14,5,6,352.0,184.2,6.05,0.99,41.08,2.62,40.6,1.65,26.8,35.71,100.0,0,10,4,0,legacy,"[""红烧"",""家常菜""]","[""2"",""3"",""11"",""12"",""24"",""589""]"
368,䕨椒鲢鱼块,䕨椒鲢鱼块,"突然就想试试这么做，试完对结果满意，鱼肉特别的嫩。

All of a sudden, I want to try this. I'm satisfied with the result. The fish is very tender.",,350克鲢鱼块，1颗生菜，3片生姜，2根香葱，2勺料酒，2克盐，6瓣蒜瓣儿，1个青椒，2个小米辣，6勺生抽，1勺蚝油，1勺半香醋，4克白糖，1颗香菜，40粒干花椒，40克新鲜藤椒，5勺色拉油,"1. 1、400毫升水加生姜，香葱1根，料酒，盐大火烧开。
2. 2、冻在冰箱里的厚度2公分的鲢鱼块化开洗净。
3. 3、将鲢鱼块放入滚水，大火烧开后再煮6分钟捞出备用。
4. 4、生菜用果蔬盐泡10分钟洗净擦干。
5. 5、将生菜铺满盘子。
6. 6、将煮熟的鱼块放在生菜上。
7. 7、将配科准备好，干花椒，新鲜藤，葱花，蒜末，青椒末，小米辣末，生抽，香醋，糖，蚝油。
8. 8、热油5勺将干花椒炒香，再放藤椒炒2分钟，加葱，蒜，辣椒下锅炒勺，之后将调好的汁加40毫升白开水放入，烧开浇在鱼块上。
9. 9、再撒上香菜末。鲢鱼这么个吃法也是头一次，味道当然是0k啦。",17,7,7,454.0,55.3,3.85,1.1,9.88,1.05,60.8,1.43,40.3,47.06,100.0,4,13,0,0,legacy,"[""家常菜""]","[""1"",""3"",""9"",""11"",""31"",""91"",""397""]"
427,什锦凉拌菜,什锦凉拌菜,真是炒鸡爽口炒鸡好吃的一道夏日菜～老公一扫而空,,包菜，豆芽，大半根黄瓜，半根胡萝卜，一小把花生米，适量裙带菜，3小把香菜，一小把粉丝，适量米醋，适量香油，克糖，生抽，蚝油，芝麻，牛肉口味老干妈，辣椒油，小葱,"1. 1、包菜、黄瓜、胡萝卜切丝；
      豆芽掐尾；
      裙带菜泡发。
      香菜、小葱洗净切段。
      粉丝热水煮至断生后过凉水，切段。
      
2. 2、蒜拍碎切末，最好切一头蒜。
      熟花生米切断，切记不要太碎。影响口感。
     
       
3. 3、准备一个盆或者大碗，开始准备调料了。我买的是一个小包菜，整个全部弄了。如果只是两个人吃饭，只需要一半即可。调料自行斟酌。
       米醋：6汤匙
       生抽：4汤匙
       蚝油：1汤匙
       糖：适量（大概一大半汤匙）
       牛肉味老干妈：2汤匙
       自制辣椒油：1汤匙（喜辣可再加）
        ps：1、口感微酸，便爽口。不是那么喜欢酸的同学，可以减一勺米醋。
              2、如图，我的份量较多，所以调料量大。


       

4. 4、调料盆里放包菜丝、黄瓜丝、胡萝卜丝、豆芽、小葱段、蒜末、芝麻、适量香油拌匀。

5. 5、拿个保鲜盒取出一半，做下稀饭面条的咸菜。记住放冰箱。越放越好吃，当然不要放太久。
        把粉丝、泡好的裙带菜、花生碎、香菜放入盆里拌匀。再加点香油、装盘。",17,8,8,222.0,162.2,2.68,1.39,35.58,1.96,83.6,3.93,65.2,52.94,100.0,0,5,12,0,legacy,"[""家常菜"",""凉菜"",""快手菜""]","[""1"",""6"",""9"",""16"",""19"",""26"",""92"",""218""]"
532,咸鱼茄子煲,咸鱼茄子煲,,,3只茄子，200g猪肉末，少许咸鱼粒，3瓣蒜蓉，2片姜蓉，1/4个洋葱，1/4个青椒，1/4个红椒，适量糖，少许蚝油，适量辣椒酱，适量甜面酱，适量水，少许白胡椒，少许米酒/料酒，适量淀粉，适量水,"1. 洋葱，青红椒切细丁。蒜姜切成蓉。肉糜用少许白胡椒以及料酒略腌制。
2. 茄子洗净切条。放入油锅内炸至到金黄。捞出控油。
3. 炸好的茄子放入煮开的水里，再次煮开后捞起控水。这样能减少油分，健康一些。
4. 热锅热油，倒入姜蒜青红椒以及洋葱粒，爆香炒制。
5. 再倒入肉糜以及咸鱼粒翻炒。（咸鱼粒不能放太多，不然菜做出来会很咸）
6. 加入少许水，然后倒入茄子。
7. 用糖，蚝油，甜面酱，糖以及辣椒酱调味。不要倒太多，不然味道会过咸。
8. 最后用少许老抽上色。勾薄芡即可出锅。",16,7,7,2045.0,520.5,18.61,3.93,115.65,16.39,375.8,9.05,98.2,43.75,100.0,1,6,9,0,legacy,"[""快手菜"",""下饭菜"",""家常菜""]","[""2"",""3"",""4"",""5"",""11"",""49"",""110""]"
907,肉蟹煲,在家自己动手做的美味肉蟹煲,"突发奇想想吃肉蟹煲
正好好多食材都有
话不多说开做",,个八角，粒花椒，瓣蒜，勺酱油，片姜，克糖，个干辣椒，勺料酒，勺豆瓣酱，15只鸡爪，2个土豆，4只螃蟹，半颗颗娃娃菜，500克年糕，2根毛山药，1节莲藕，1把香菜,"1. 把鸡爪收拾一下，指甲全切掉，再切成两截，添加香叶，八角，料酒，姜片，添加水，可以稍多一些，放到高压锅，选择鸡鸭肉，大约半小时左右煮好捞出，放到一旁
2. 螃蟹先上蒸笼，蒸熟之后，把心肺等不干净的部位都去掉，对半处理，蟹壳清洗干净，放在一旁
3. 土豆切块，莲藕切片，山药切块，娃娃菜洗好，全部用水焯熟，放到一边，娃娃菜电锅炉打底，
4. 先放油，干辣椒，豆瓣酱，大蒜姜片下锅爆香，放入鸡爪，加入土豆莲藕山药，加甜面酱，黄豆酱，轻轻翻炒
5. 加入温水，我加的是刚刚煮鸡爪得水，放入螃蟹和年糕，加入冰糖，大火稍微煮一下，两三分钟，加入芡水，
6. 倒入刚刚放了娃娃菜得电火锅里，撒上香菜就完成啦",17,7,7,2810.0,4076.3,368.08,246.84,97.92,4.32,628.1,23.29,2626.4,58.82,100.0,1,6,10,0,legacy,"[""家常菜"",""快手菜"",""煲""]","[""2"",""3"",""9"",""12"",""70"",""112"",""292""]"
978,电饭煲鸡腿鸡翅清淡口味减脂餐,懒人欺骗餐电饭煲鸡腿鸡翅🐧清淡口味减脂餐,,,2个鸡腿，4个鸡翅，半个洋葱，半块生姜，3瓷勺生抽，3瓷勺蚝油，1瓷勺冰糖老抽，1瓶盖白酒，适量五香粉，1瓷勺红糖，1根小葱，5-10瓣大蒜,"1. 鸡腿牙签扎洞；鸡翅正反用刀划

姜蒜碎撒上

生抽3勺
蚝油3勺
冰糖老抽1勺
白酒1瓶盖
红糖1勺（可用代糖）
五香粉适量

腌制1小时
2. 电饭煲内
姜片铺底; 
洋葱半只; 
小葱1根；
3. 放入鸡腿鸡翅
(无需加水加油)
4. 关上锅盖按下煮饭键耐心30分钟
5. 登登登~
无油！低糖！香嫩！
电饭锅版鸡腿鸡翅大功告成。",12,6,7,579.0,852.9,89.77,40.59,32.45,1.47,61.8,7.36,293.0,50.0,100.0,0,7,5,0,legacy,"[""电饭煲"",""快手菜"",""电饭锅"",""鸡腿"",""鸡翅"",""煲"",""清淡""]","[""1"",""2"",""3"",""5"",""24"",""71"",""589""]"
1035,红烧三文鱼,红烧三文鱼,这是一道既美味又营养还经济实惠的菜 婆婆在市场买的三文鱼边角料 便宜到不可想象 但肉也不少 尤其带皮的部分 脂肪含量很足哦 煎一煎 立马香气扑鼻 不废话了 开始吧,,一盘（带鱼骨）三文鱼，6-7瓣蒜，5片姜，4小段葱，适量盐，2汤匙料酒，4汤匙生抽，适量老抽，1汤匙辣酱，5个红辣椒，10粒花椒，5汤匙醋，1汤匙蜂蜜，1听啤酒,"1. 将鱼放两勺料酒 适量盐 腌制一个小时
2. 腌好后 锅内放一点油 将三文鱼煎至微微发黄 喜欢黑胡椒的话 可以放一点 只要一点油就行
3. 三文鱼煎好后 锅中放入底油 将葱姜蒜放入锅中爆香 放入花椒 辣椒酱 翻炒一下 把煎好的三文鱼放入锅内 将啤酒倒入锅中 基本上刚好没过三文鱼
4. 接着 再放入生抽 老抽 干红辣椒 中火盖盖 汤汁下去一半时 放入蜂蜜 最后放入醋 大火收汁 汤汁浓郁 特别下饭 加入辣椒后 不腻口",14,4,4,975.0,202.2,19.29,8.11,13.78,1.47,37.5,1.28,76.1,35.71,100.0,0,11,3,0,legacy,"[""家常菜"",""红烧"",""下饭菜""]","[""2"",""3"",""50"",""86""]"
1479,私房菜之麻辣鸭脖,独家私房菜之麻辣鸭脖,"麻辣鸭脖～麻辣鲜香，回味十足。鸭脖本身高蛋白，低脂肪，具有益气补虚。休闲没事的时候拿出来吃几个，太爽不过了~

今天给大家分享一个家庭版麻辣鸭脖的做法，爱吃的朋友有口福喽",,2根鸭脖，1根大葱，1/2个生姜，2片香叶，2个八角，1块桂皮，适量冰糖，1个肉蔻，2勺生抽，1.5勺老抽，1勺花雕料酒，1罐啤酒，2个干辣椒，15粒花椒，1把麻椒，1勺黄豆酱，1勺郫县豆瓣酱,"1. 准备好所有食材
2. 鸭脖放入冷水，煮开后，撇出血沫
鸭脖过冷水，沥干，放碗里备用
煮过的鸭脖水别扔，放在小盆里备用
3. 小火炒郫县豆瓣酱和黄豆酱，火大了容易糊锅。
4. 然后导倒入所有的调料，炒一下
放入沥干的鸭脖，再次翻炒
5. 倒入刚才煮鸭脖的水
大火煮开10分钟，倒入啤酒一罐
转成中小火慢炖40分钟
6. 留下一点汁，不要全收干了。
趁热也好吃，比较软烂
放凉了吃，比较筋道",17,2,2,728.0,16.0,0.67,0.38,3.19,1.41,11.8,0.47,3.5,41.18,100.0,0,16,1,0,legacy,"[""家常菜"",""下饭菜"",""快手菜""]","[""1"",""3""]"
1578,菜包肉虾,菜包肉虾,这道菜包肉虾是我家乡比较讨人欢喜的一道菜，一般都会在过年的时候吃到。白菜的微甜，加上虾米和猪肉本身的鲜美，能勾起人极大的食欲。且白菜含有丰富的粗纤维，不但能起到润肠，且有排毒的功效。这道菜的制作难度属于中等，前期准备加上烹调的时间大概要40分钟左右。热吃极好，无论是宴客还是自家小酌都很不错。,,一把大白菜，虾米，猪肉，一把韭菜，盐，油,"1. 海米也称虾米,干虾米肉质较硬，洗干净以后，用水泡大概15分钟，然后切碎状
2. 猪肉切碎，或买现成的碎猪肉
3. 切韭菜，只需要切韭菜头部分即可，其余的部分可留作炒蛋用
4. 把切碎的虾米，猪肉，韭菜头用勺子一起搅拌，搅拌前加入适量的盐和少量油
5. 把洗干净的白菜放到电磁炉里面，前提是水在之前已经煮沸，然后放入白菜焯烫，大概30秒这样捞起
6. 把煮过得白菜放到菜篮里沥干
7. 把沥干的白菜并列平铺在案板上，然后把搅拌好的肉虾横放在白菜底部，从白菜底部把肉虾卷起来
8. 卷起来以后，用刀把菜包一节一节切开
9. 将切好的菜包平整放在盘中
10. 把盘子放到锅中，用电磁炉定时高温蒸15分钟即可出炉",6,3,3,1030.0,207.5,16.72,2.12,35.35,9.0,583.2,8.21,690.7,66.67,100.0,0,2,4,0,legacy,"[""家常菜"",""蒸""]","[""4"",""29"",""48""]"
1630,青椒笋丝炒牛肉,青椒笋丝炒牛肉,,,牛肉，青椒，冬笋，葱，姜，蒜，酱油，耗油，料酒，湿淀粉，盐，黑胡椒，植物油，白糖,"1. 将牛肉洗净切条，青椒切丝、冬笋切丝备用
2. 牛肉放容器中
3. 倒入适量料酒、白糖、黑胡椒、酱油，适量湿淀粉搅拌均匀放置十五分钟入底味，然后倒入少量植物油锁住牛肉中的水分
4. 事先调制好一碗料汁，酱油、耗油，盐，葱姜蒜末备用
5. 起油锅，油热至5成时放入腌制好的牛肉翻炒
6. 炒至变色后盛出
7. 另起油锅，煸炒笋丝和青椒
8. 放入炒好的牛肉同炒
9. 紧接着倒入事先调制的料汁，炒至均匀即可出锅",14,6,6,0.0,0,0,0,0,0,0,0,0,42.86,0.0,0,0,14,0,legacy,"[""家常菜"",""下饭菜""]","[""1"",""2"",""3"",""8"",""11"",""184""]"
1707,烧鸡公,烧鸡公,,,半根大葱，2勺花椒面，5根小米辣，4瓣蒜，4片姜，2个八角，1块桂皮，半只公鸡，2个土豆，5朵香菇，适量生抽，适量老抽，适量盐，适量糖,"1. 鸡肉切成块，洗净去水后，加2勺盐，3勺生抽，2勺糖，2勺花椒面，适量香油抓匀，腌制30分钟
2. 大葱，蒜，姜，小米辣切好，八角桂皮洗净
3. 土豆切块
4. 香菇切片
5. 放油，可以稍微多一点油，葱，香料，辣椒炒香
6. 加入腌制好的鸡肉，翻炒，炒出鸡油香味，鸡肉断生
7. 加入生抽2勺，老抽1勺，适量糖，翻炒后加水和土豆煮30分钟
8. 土豆煮烂，汤汁浓郁，鸡肉入味后，（期间可根据个人口味调整盐味，甜味）加入香菇，5分钟后香菇煮熟，汤汁收汁，关火起锅
9. 伴着鸡油香味的烧鸡公，出锅，开吃",14,6,6,757.0,310.7,11.4,1.15,67.66,7.75,43.0,2.25,28.3,50.0,100.0,0,10,4,0,legacy,"[""家常菜""]","[""1"",""2"",""3"",""12"",""23"",""91""]"
1856,又下饭的梅花肉煲豆腐,无敌好吃又下饭的梅花肉煲豆腐,那个梅花肉煎过后炖的，煎好的就无敌好吃[色],,梅花肉      半斤以上，豆腐            一块，鸡蛋一个，勺淀粉，克盐，白胡椒，勺生抽，勺蚝油，勺老抽，郫县豆瓣儿酱，小米辣，葱  姜   蒜，勺鸡精，花椒    八角  香叶,"1. 梅花肉切大片
2. 用刀背敲一下，断筋
3. 用一个鸡蛋，少点盐，白胡椒腌一下
4. 豆腐切成大三角
5. 用平底锅煎一下
6. 两面金黄
7. 腌好的梅花肉也煎两面金黄，其实这样吃也很好吃
8. 锅里放油，葱、姜、蒜，花椒，八角、香叶炒香，放一勺郫县豆瓣酱炒香，放生抽，蚝油，老抽上色，再放热水，要盖住食材，把煎好的梅花肉和豆腐摆到锅里边，大火烧开，小火慢炖。
9. 炖5一10分钟，放盐，鸡精调味，勾一点水淀粉，薄一点，放小米辣，关火，开吃吧。
也可加入其它食材，放青红椒，色彩更诱人。",14,6,7,700.0,405.5,32.95,25.5,14.8,0.0,340.0,5.6,88.2,42.86,100.0,1,2,11,0,legacy,"[""下饭菜"",""家常菜""]","[""1"",""2"",""3"",""4"",""7"",""91"",""203""]"
1987,宫爆鸡丁,宫爆鸡丁,,,1块鸡胸肉，1根玉米，150克豌豆，半根红萝卜,"1. 鸡胸肉切成小块，加盐加料酒腌制
玉米剥粒，红萝卜切小块，豌豆剥粒
2. 水煮玉米粒，豌豆及红萝卜块，熟至捞出
3. 锅中入油，倒入鸡肉，翻炒变白，倒入玉米，豌豆及红萝卜，加入少些水，翻炒三分钟，加盐或酱油调味出锅",4,4,5,600.0,643.0,58.5,6.4,94.1,12.3,49.0,7.3,107.5,100.0,100.0,1,3,0,0,legacy,"[""下饭菜"",""家常菜"",""快手菜""]","[""6"",""13"",""15"",""24"",""60""]"
2330,酸萝卜老鸭汤 酸汤就是爽口,【酸萝卜老鸭汤】酸汤就是爽口,"作为一道传统的川菜，酸萝卜老鸭汤在味道上不求厚辣，但求酸爽。

老鸭很适合用来煲汤，不过由于量少而贵，用大一点的嫩鸭代替也是可以的。至于酸萝卜，则是整道菜的灵魂。和酸菜比起来，它的酸味更加温和，吃起来也更有口感~

酸萝卜的酸可以很好地除掉鸭肉的油腻感，让汤变得爽口。而鸭肉的腥味，则可以通过焯水和炒香来祛除。要是加点香料一起炒，效果会更好。

最后还是老样子，丢进汤煲让它自己慢慢炖，等时间一到，就可以拿来下饭啦~",,#主料，500克老鸭，150克酸萝卜，50克料酒，少量盐，2小勺白胡椒粉，适量水，适量油，#辅料，1条葱，1块姜，3瓣蒜，5克花椒，5片香叶，1条桂皮，3个八角,"1. 姜、蒜切片，葱洗净打结，鸭肉切块洗净

汤锅中加清水、3片姜、料酒，将鸭肉焯水
2. 捞出洗去浮沫
3. 炒锅热油，放花椒、香叶、桂皮、八角炒香

*没有香料可以直接用姜蒜片爆香
4. 再加入鸭肉炒出油和香气，挑出鸭肉备用
5. 将鸭肉放入汤煲，加入没过鸭肉的清水
6. 放入4片姜和蒜片煮开
7. 加入酸萝卜

*酸萝卜带泡菜水的话可以一起下，味道更好
8. 葱结，加盖小火炖煮约1.5小时
9. 加少量盐和白胡椒粉调味，搅拌均匀即可
10. 噔噔！酸爽开胃的酸萝卜老鸭汤就完成了~",16,3,3,683.0,25.6,0.94,0.12,5.45,0.52,15.2,0.42,5.2,37.5,100.0,4,7,5,0,legacy,"[""家常菜"",""下饭菜"",""宴客"",""酸萝卜"",""萝卜酸"",""酸"",""辣"",""酸辣""]","[""1"",""2"",""3""]"
2335,软嫩鲜香豆腐,软嫩鲜香豆腐,一不小心会吃撑的节奏😂,,一块嫩豆腐，一小块鲜肉，3朵鲜香菇，2汤匙黄豆酱，少许葱姜蒜辣椒，适量盐，生抽，料酒，适量水淀粉,"1. 肉切末，加入料酒，生抽，盐拌均匀，静置15分钟。
2. 葱，姜，蒜，辣椒切末，鲜香菇切丁备用。小葱不够用了，我加了青红椒。
3. 嫩豆腐切成两半，在开水中焯1分钟。
4. 捞出控水，切成小块。
5. 炒锅中加入少许油，油热后放入肉末快速翻炒。
6. 肉末变色后放入姜蒜末和一部分葱末，香菇丁。
7. 加入适量生抽，2汤匙黄豆酱，一点糖和一些热水。
8. 放入嫩豆腐，辣椒，煮3分钟。尝一下咸度，如果不够咸再加少许盐。最后，用水淀粉勾芡。
9. 出锅后，撒入葱花。来一碗米饭，美美的开吃吧😊。",7,1,1,575.0,0.0,0.0,0.0,0.0,0.0,0.0,0.0,0.0,57.14,100.0,0,4,3,0,legacy,"[""快手菜"",""家常菜"",""豆腐"",""黄豆酱""]","[""23""]"
2633,胡萝卜炒牛肉丸 霹雳乱炒,胡萝卜炒牛肉丸 霹雳乱炒，碰撞美味 简单随心做,"在冰箱找到了半根西葫芦，怎么办呢？
搭进什么食材比较好呢？",,1根胡萝卜，0.5个西葫芦，适量牛肉丸，2根辣椒 二荆条，适量克食用盐，2瓣蒜,"1. 西葫芦切块，胡萝卜切片，二荆条切成辣椒圈
2. 牛肉丸解冻对半切开
3. 油烧热后放入蒜爆香，加入胡萝卜，翻炒。     青椒是不小心混进去的不影响哈
4. 看到胡萝卜微微软，油变黄，加入牛肉丸翻炒
5. 牛肉丸翻炒均匀裹上胡萝卜的黄色油脂后倒入西葫芦和二荆条，翻炒均匀，倒入一点热水（我放的排骨汤）盖盖焖5分钟
6. 看到西葫芦变软，加入食用盐翻炒均匀，盛出～",6,3,3,480.0,88.1,2.85,0.56,19.02,2.33,64.8,1.77,95.1,83.33,100.0,0,4,2,0,legacy,"[""家常菜"",""快手菜"",""混搭"",""胡萝卜"",""牛肉丸""]","[""2"",""6"",""69""]"
2897,南风私房菜 快手葱烤肉,【南风私房菜】快手葱烤肉,方便快捷，适合小白下手~,,五花肉，小葱，老抽，生抽，辣椒，大葱，大蒜，醋，糖，茴香，桂皮，杭椒，生姜，料酒,"1. 准备好辅料 葱姜蒜大料
2. 热油下锅煸炒 炒出香味
3. 下肉 炒到肉变色半熟
4. 加生抽 老抽 糖 加一碗水 加点醋
5. 小葱一把 打结，放一起。然后盖锅盖，滚了之后开小火，闷大约半个小时。
6. 大火收汁 肉不需要软烂，入味且有嚼劲才好吃哟~
7. 完工，装盘",14,6,7,0.0,0,0,0,0,0,0,0,0,50.0,0.0,0,0,14,0,legacy,"[""快手菜"",""家常菜"",""南风叙"",""葱烤肉"",""五花肉""]","[""1"",""2"",""3"",""4"",""10"",""17"",""123""]"
3071,菜脯肉碎虾松蒸豆腐,菜脯肉碎虾松蒸豆腐,"这个蒸豆腐简单易做又健康，再炒个青菜，营养均衡的晚饭已经可以上桌了！

两年多前给刚移居上海工作的香港女生朋友做了顿BeMyGuest谁来做客私房菜，其中两个入厨经验不多，第一次自己搬出来住又人在他乡，她们很希望能自己给自己做点简单的料理，甚至是有香港朋友来看她们的时候也可以下厨做几道菜给朋友，当晚她们就很认真的跟我学了做两道菜，因此，促使我出关把菜单分享给大家！

喜歡我的菜譜，請支持和訂閱我的社交媒體帳號：
★ YouTube Channel: https://www.youtube.com/channel/UCE-UD11qsP7F75_ED*zTZQw
★ facebook: https://www.facebook.com/mshkskitchen
★ instagram: https://www.instagram.com/mshkskitchen/",,#食材，一包菜脯粒，50g猪肉馅，50g虾仁，2盒绢豆腐，适量葱花、姜末，100毫升鸡汤，50毫升热水，#调料，各适量酱油、盐、糖、生粉、水,"1. 猪肉馅先用调料腌制大概15分钟
2. 虾仁洗干净，用刀用力拍打一下再略微剁碎
3. 在豆腐盒子底部四角剪开，方便把豆腐倒出来，豆腐切粒
4. 将豆腐均匀铺在蒸碗里，铺好一层撒一层菜脯粒
5. 炒锅下油烧5成热，加姜末和猪肉馅炒香，加入菜脯粒，略炒后，加入虾松
6. 加热水，再加鸡汤，放少许盐和糖调味（视乎你买到的菜脯的限度，我用的不咸，我用盐跟糖的比例是1：1）
7. 待汤烧开，倒入放好豆腐的蒸碗，蒸10分钟，撒上葱花再蒸1分钟即可。",8,2,3,220.0,289.0,42.75,10.8,5.2,0.0,293.5,7.4,2647.1,62.5,100.0,4,2,2,0,legacy,"[""家常菜"",""健康轻食"",""下饭菜"",""懒人食谱"",""快收菜"",""蒸"",""蛋类豆腐"",""豆腐""]","[""4"",""41"",""590""]"
3258,黄焖鸡,家常版黄焖鸡,今天做一个超简单的肉菜，家常黄焖鸡~有肉有菜，比外卖好吃多了，超下饭，感觉太美好了~做法超简单哦！,,2只鸡腿肉，4朵香菇，1个红椒，1个青椒，3片姜，半勺白胡椒粉，1勺料酒，1勺豆瓣酱，2勺生抽，半勺老抽，10克冰糖，3克盐,"1. 鸡腿肉洗净切块，放一小勺盐，一点白胡椒粉，一勺料酒，一小勺花生油腌制10分钟左右。
2. 香菇洗净切片，青红椒切块，姜切片。
3. 锅里放油，放入几块小冰糖炒出糖色。
4. 倒入腌好的鸡块翻炒至变色。
5. 加入姜片翻炒片刻。加两勺生抽，半勺老抽，一勺豆瓣酱，翻炒1分钟。
6. 加入热水没过鸡肉，倒入切好的香菇片，中小火焖煮10分钟再大火收汁。
7. 汁快收好时加入青红椒翻炒断生就出锅啦~
8. 喷喷香，开吃吧。",12,5,6,464.0,341.4,43.11,15.02,10.79,3.29,16.9,4.42,157.5,41.67,100.0,2,10,0,0,legacy,"[""家常菜"",""红烧"",""减肥""]","[""3"",""11"",""23"",""24"",""49"",""589""]"
5047,水煮鱼片,水煮鱼片,,,6个干辣椒，50粒花椒，2勺酱油，3勺料酒，100克油，2勺淀粉，5瓣蒜，10克盐，5勺豆瓣酱，5克糖，5克生姜，1个鸡蛋，1把豆芽，1根芹菜，1条草鱼,"1. 1.将市场买的草鱼再次洗净，并片成薄片；（鱼椎骨和鱼头放一边）
2. 2.将片的鱼片内放入盐，胡椒粉，料酒，蛋清拌匀，并加入适量淀粉腌制15分钟；
3. 3.鱼肉腌制后，洗备用的大蒜，生姜，葱段，香菜；
4. 4.锅内下油，放入八角，香叶，桂皮，花椒，干辣椒炸至冒香味，然后将油内香料捞出，锅内留适量油；
5. 5.在锅内香油烧热，放入大蒜，生姜，葱段，豆瓣酱爆炒至出红油，加入料酒和酱油，倒入水沸腾；
6. 6.在沸腾的汤内放入豆芽和芹菜煮熟，捞出大汤碗内，然后在锅里汤内放入鱼头和鱼骨煮八分熟，再把鱼片放入锅中煮熟，最后倒在盛有豆芽芹菜的碗上；
7. 7.锅内将刚才多余的香油和香料烧热，鱼肉上放小点辣椒面，将热油浇在辣椒面上，在撒点香菜，就完成了.
8. 炸香油的时候不能用大火！",15,6,6,666.0,649.1,97.85,18.43,25.19,3.66,137.3,8.3,352.5,53.33,100.0,4,11,0,0,legacy,"[""家常菜""]","[""2"",""3"",""7"",""27"",""79"",""92""]"
5147,羊肉包子,羊肉包子,,,一块羊肉，1根胡萝卜，1颗洋葱，泡发木耳，泡发香菇，2-3片姜，两棵葱，少许油，少许盐，少许蚝油，少许味极鲜酱油，少许胡椒粉，少许孜然粉，一小盆面粉，1克酵母，一碗温水,"1. 酵母粉用温水化开备用

葱姜切末，泡温水，制成葱姜水。

胡萝卜切丝，洋葱切碎末。
热锅冷油，胡萝卜下锅炒软，再放入洋葱末一同炒香。
放凉备用。
2. 面粉聚堆，开窝，倒入酵母水，面粉和水混合，划散成雪花状，揉面团，至表面光滑。
盖盖发酵。
3. 木耳和香菇分别切末
选三分肥七分瘦的羊肉细细地剁成馅，一定是剁成馅。
4. 肉馅里加入葱姜水，少量多次搅打至水分吸收；
加蚝油和味极鲜入底味；
加炒好放凉的胡萝卜洋葱碎、胡椒粉、孜然粉，混合均匀；
最后可按个人口味加盐调整咸淡，可放一把绿葱花点缀。

5. 面团醒发至原来的两倍大，揉匀，搓条，下剂，擀成中间厚边缘薄的厚面皮。

因为是发面包子，所以面皮一定要厚点，留下后期醒发的基础。
这里如果擀太薄了容易发不起来。
6. 包成包子，醒发至体积增大，托在掌心感觉比原来轻盈，上锅大火蒸熟。",16,7,7,414.0,262.2,21.98,7.26,29.11,3.6,111.3,6.6,187.8,50.0,100.0,1,6,9,0,legacy,"[""包子"",""主食"",""家常菜""]","[""1"",""3"",""5"",""6"",""23"",""33"",""58""]"
5217,什锦炒饭,超级简单的什锦炒饭,炒米饭好像是一道人人都喜欢的食物，色香味俱全，称之为中式快餐,,2碗剩米饭，1-2个鸡蛋，1根黄瓜，1根胡萝卜，1个青椒，适量盐，1勺酱油，适量调和油,"1. 1、鸡蛋洗净打散，热锅倒油，炒四分熟盛出备用
2. 2、热锅倒油，将准备好的菜切丁，炒熟，先炒胡萝卜丁，胡萝卜丁快熟时放入黄瓜丁、辣椒丁，倒入剩米饭（饭要打散）翻炒（炒匀）至五分，倒入一小勺酱油，倒入炒好的鸡蛋，翻炒均匀，放入适量的盐，再翻炒几下
3. 3、盛盘开吃",8,4,4,600.0,235.4,16.54,9.48,22.92,2.32,151.2,4.04,232.6,62.5,100.0,0,6,2,0,legacy,"[""炒饭"",""饭"",""快手菜"",""家常菜"",""简单""]","[""6"",""7"",""11"",""19""]"
5317,鸡蛋包豆腐,鸡蛋包豆腐,软嫩香的一道美食,,一块嫩豆腐，1个鸡蛋，适量玉米淀粉，适量油,"1. 豆腐切块，不要太薄。裹一层淀粉在裹一层鸡蛋液。
2. 锅里放油，把裹好的豆腐放平底锅里煎一下，不要轻易翻动，轻轻晃动锅子等贴着锅的那一面成型后在轻轻把豆腐另一面翻过来煎一煎。
3. 煎好的鸡蛋豆腐取出即可。（可以直接撒孜然粉椒盐，辣椒粉吃也可再炸葱姜蒜放生抽红烧）
4. 红烧的鸡蛋豆腐。好看又好吃",4,1,1,450.0,69.5,6.55,4.3,1.2,0.0,28.0,0.8,65.8,50.0,100.0,0,2,2,0,legacy,"[""素菜"",""家常菜"",""豆腐""]","[""7""]"
5607,减肥美味又快手,减肥美味又快手#金针菇日本豆腐#,"嫩嫩的日本豆腐，加上鲜美的金针菇
又仙又美，关键还很低脂，方便又快捷",,3条日本豆腐，1把金针菇，4瓣蒜，1个干辣椒，2勺蚝油，2根葱，3勺淀粉,"1. 金针菇切头，洗净撕开；日本豆腐切小段，轻轻裹上一层薄薄的淀粉
2. 豆腐表面刷上一层食用油，放入空气炸锅，180度正反面炸10分钟
3. 炸至豆腐表面金黄，没有空气炸锅的，用油锅煎一样的，就是豆腐易碎，一定要慢慢的来
4. 大蒜切成细末，葱白切碎，葱绿切小段，干辣椒切小段
5. 热锅热油，将蒜末、葱白末、干辣椒倒入，小火慢慢炒出香味
6. 倒入金针菇翻炒，炒的金针菇变软、出汁儿
7. 倒入蚝油、食盐，倒入小半杯水，慢慢炖一小会
8. 快好的时候，倒入煎好的豆腐，铲子不要来回拨弄了，豆腐易碎；然后将用剩下的淀粉加水，搅拌成淀粉水，倒入锅内，勾芡
9. 关火，撒葱绿，可以出锅啦
10. 好吃又美味，关键特别好做，零差错！",7,3,3,186.0,118.6,3.8,0.71,25.93,3.62,24.4,2.05,10.8,85.71,100.0,0,7,0,0,legacy,"[""快手菜"",""下饭菜"",""减肥"",""豆腐""]","[""1"",""2"",""46""]"
5627,辣椒小炒肉 简单美味,辣椒小炒肉 简单美味,,,200克五花肉，4个青椒，3瓣大蒜，3片姜，适量盐,"1. 带肥猪肉切片备用
2. 青椒去籽切段备用
3. 锅热，加一点点油，油热放入猪肉煸炒
4. 煸炒至熟肉部分焦黄，肥肉部分出很多油放入大蒜和姜片炒香（可适当多炒一会）
5. 放入青椒
6. 青椒翻炒一会看到青椒表面略微起皮放入适量食盐🧂
7. 盛出装盘",5,4,5,559.0,762.6,33.75,61.33,23.25,0.81,59.5,4.08,142.5,80.0,100.0,1,3,1,0,legacy,"[""家常菜"",""快手菜"",""五花肉""]","[""2"",""3"",""4"",""10"",""11""]"
6141,辣到爆的水煮肥肠,辣到爆的水煮肥肠,周末在家，整点重口味尝尝。,,100克肥肠，50克豆芽，50克有机菜花，10片莲菜，一张豆腐皮，一小块千页豆腐，8块鱼豆腐，100克二宽红薯粉，1把小青菜，2勺盐，4片姜，5克白糖，3个干辣椒，20粒花椒，8瓣蒜，50克火锅底料，少许醋，少许生抽,"1. 主要演员化好妆，准备出演。
2. 同事从重庆带回来的火锅底料派上用场了。
3. 将莲菜和豆芽焯水捞出，鱼豆腐、豆腐皮、千叶豆腐入锅焯水时间要更短些（酌情选择，这次豆制品放有点多了，主要是各取所需😁）
4. 起锅烧油，放入葱姜蒜煸香，将火锅底料炒出红油。
5. 加开水，有高汤自然更好。放盐、生抽、白糖、一丢丢点醋进去熬制一小会。
6. 在熬制好的汤中放入肥肠段煮熟入味捞出（我用的熟肥肠，更快），继续加入焯过水的食材小煮，放入二宽粉条的时间要和它泡发的软硬程度结合起来，口感才能达到最佳。
7. 将所有煮好的菜品连同汤汁、肥肠（置顶）倒入青花瓷大碗中，放入小葱、蒜末、辣椒段、花椒少许。
8. 冲刺阶段到了，用热油撒在葱蒜花椒辣子上面“滋啦、滋啦”一下。
9. 终于完美收关，真是无与伦比的味道。辣到爆，香破口。",18,3,3,1415.0,246.4,21.8,8.63,24.32,3.31,223.8,6.37,150.7,61.11,100.0,6,10,2,0,legacy,"[""家常菜""]","[""2"",""3"",""92""]"
6218,闽南风味酸汤鲈鱼片,闽南风味酸汤鲈鱼片,我家宝贝较小，喉咙不好，吃不了硬的涩的，鲈鱼炖汤汤好喝肉偏涩，宝贝喜欢软嫩带点口味的食物，所以自己做了这道酸汤鲈鱼片。选鲈鱼因为刺少又有营养。,,1条约1.5-2斤鲈鱼，10小片姜，半勺料酒（孩子小就不加），少量盐，极少量糖，极少量白胡椒粉，极少量五香粉，半勺酱油，半勺黑醋，几个蒜瓣，两勺淀粉（鱼片使用），两勺白醋，两个西红柿小个，少量配菜随喜好,"1. 鲈鱼一只，尽量买大只的，1.5-2斤正好一家三口一餐配菜食用。实在没大只的，也至少要1斤多，太小不好片鱼。先洗净沥干水份，切去鱼头，鱼头放置小盘中备用。
2. 骨肉分离步骤1-16，多上图，详细一些，切鱼片鱼是技术活，多练几回就很顺利了。沿着鱼背鳍边开始分离鱼肉和骨。。。
3. 第一面鱼肉和骨分离了 （靠鱼肚子的排骨刺只能切断翅根才能分离，）切开如上图
4. 接下来换另一面鱼肉和骨分离。同理。慢慢切，小心手指。
5. 鱼肉和骨完全分离好了，把鱼骨切小段，和鱼翅边一同放入装鱼头的小盘中备用。
6. 取一片鱼身，把鱼鳍切去放鱼头小盘里备用。
7. 如图，我手指部位，有鱼肚的排翅，需要切去。
8. 慢慢将鱼肚的细长的排翅正片和鱼肉分离。如图七在图片左上角鱼腹翅分离后的样子。
9. 鱼肉脱颖而出，沥干水分。
10. 从鱼尾巴斜刀与桌面成30度角，慢慢切片，鲈鱼肉软，容易断，不宜切片太薄，尽量有3mm厚度。
11. 片鱼到鱼肚这部位，手指指的鱼肉分解处有细小的翅，可以翻面如下图，手动拔翅。孩子如果能接受一点点鱼翅，吃到可以自己吐出来，可以不用去这最后的翅。
12. 上图鱼肉翻面，手指处指着有先鱼翅的地方。
13. 鱼肉都片好，待用。
14. 全部切片好，熟练的话，15分钟手工活可以全部完成。
15. 装盘。
16. 好多的肉片噢
17. 加入调料，包含极其少量的盐、糖、五香粉 、白胡椒粉、酱油、黑醋、料酒。轻轻抖动盘子，帮助调料均匀到里面的肉。放置腌制半小时或更久更入味。千万不能用筷子搅拌鱼片。鱼片会断掉碎掉的噢。鲈鱼肉软。
18. 静静放置的腌制中的鱼片。腌制好之后，洒上淀粉，再次抖盘帮助肉片沾匀淀粉。💋这一步很重要🤔🤔🤔
19. 接下来，热开水浇西红柿皮会脱落。将西红柿皮撕掉，切剁成泥（或者切块，放入水果榨汁机绞到细腻。）
20. 准备好自己喜欢的少量配菜，我喜欢豆芽和金针菇。也可以像黄瓜，白菜，土豆片，豆腐等。配菜少量即可，量多了串味，汤也会不够鲜美。
21. 锅烧热，放入油，姜，蒜瓣，微量料酒，煎香。倒入鱼头盘子的鱼头鱼骨鱼鳍等，煎香去腥后，倒入开水。（要开水才能奶白色）
22. 再加入准备好的配菜以及西红柿沫（汁），盖上锅盖，中火滚十分钟开锅盖，加入少量盐，以及两勺白醋。再次滚开。整锅倒入大汤盆中。
23. 将整锅的鱼头西红柿汤全部倒入食用的大汤盘，再将汤汁倒回炒锅中。（不用铲起装盘，因为鱼头煮久了铲动容易碎了）。
24. 汤再次烧开到微冒泡约80℃，快速将腌制好的鱼片一片一片放入锅中。开大火滚开十几秒，马上盖锅盖，关火，焖5-10分钟。
25. 看，夹一片，很有食欲吧
26. 时间到，把鱼片倒入大汤盘中，可略加点葱花配色。又香又软绵的酸汤鲈鱼做好了。
🌺🌺🌺

（有时没西红柿，我就用捣碎的南瓜沫代替西红柿，多加一勺醋。）






🌺🌺🌺⬇️⬇️⬇️
以下几张图是我就近几次做的酸汤鱼。
27. 这次切厚了
28. 这次也很好吃
29. 宝宝超喜欢
30. 没吃完的话，遇冷都能成果冻😁",14,3,3,590.0,596.9,94.06,17.53,16.84,2.16,713.0,11.18,732.7,28.57,100.0,0,8,6,0,legacy,"[""汤"",""家常菜"",""小吃""]","[""2"",""3"",""156""]"
6243,羊肉汤,羊肉汤,,,600克羊肉，600克羊肚，300克羊肠，200克羊肝，2块姜，2节甘蔗，50克花椒，4颗辣椒，2勺辣椒面，2勺花椒面，2块沙姜，适量盐，适量鸡精，适量薄荷，适量芹菜，适量蒜苗，适量蒜末，适量葱，适量料酒，4-5片香叶，适量白酒,"1. 1、羊肉和羊肚分开焯水，放入葱姜、沙姜、料酒
2. 2、焯水后洗净，放入甘蔗、香叶、辣椒、姜、白酒（煮羊肉放白酒），放入足量清水，煮熟（2-3小时），根据自己买的羊肉
3. 3、另起锅放入油、蒜末、姜、辣椒面、花椒面
4. 4，把煮熟的羊肉倒入锅里煮涨，加入调料
5. 5、放入薄荷、葱、芹菜、蒜苗、薄荷，起锅",21,11,11,1896.0,1661.8,221.25,67.02,43.97,2.99,373.9,48.14,1185.9,61.9,100.0,5,6,10,0,legacy,"[""汤羹""]","[""1"",""2"",""3"",""17"",""27"",""58"",""80"",""117"",""228"",""489"",""490""]"
6372,土豆片炒肉,土豆片炒肉,这是一道配粥好吃，但是配饭更好吃的土豆片炒肉...也算是很快手的一道菜啦～,,1个土豆，适量（喜欢吃肉就多加点）猪肉，适量豆瓣酱，适量油,"1. ✨土豆切片✨
2. ✨肉切片✨
3. 忘记下锅拍照了～就看出锅图吧哈哈哈
热油下肉片翻炒至7、8分熟，然后加一勺豆瓣酱，最后把土豆片倒进去翻炒熟就可以出锅啦",4,2,2,150.0,121.5,3.9,0.3,26.7,1.65,10.5,0.6,8.8,50.0,100.0,0,1,3,0,legacy,"[""快手菜"",""家常菜"",""土豆"",""炒""]","[""4"",""12""]"
6411,五仁月饼,五仁月饼,一盘25个  每个50克,,265克中筋面粉，182克转化糖浆，5克(5.2)枧水，65克花生油，五仁馅，65克核桃，50克花生，45克杏仁，60克芝麻，60克瓜子，55克葡萄干，30克其他果脯，95克糖，100克凉白开，80克高度白酒，40克油，60克糯米粉，75克中筋面粉,"1. 面团里的枧水和油 糖浆放一起用手动打蛋器搅拌均匀，最后放入面粉搅拌均匀，醒面2到3小时，最长不要超过4小时
2. 所有干果烤熟，加入油 糖 白酒搅拌均匀，最后加入粉类搅拌均匀，分成25份。
3. 面醒好，分成25份，皮馅比例2比3。
4. 包好月饼，用模具粘少量熟糯米粉直接压到烤盘里。
5. 烤箱提前预热，月饼少量喷水放入烤箱，烤五分钟定型刷层薄薄的蛋液(蛋黄加一点水)，温度185左右再烤15分钟。烤好放凉装袋等待回油就可以吃了。(烤箱温度只做参考)",17,5,5,665.0,2445.6,89.24,93.22,325.2,16.38,561.5,17.94,44.5,58.82,100.0,16,0,1,0,legacy,[],"[""16"",""25"",""26"",""38"",""312""]"
6851,十三香木耳炒鸡,十三香木耳炒鸡,"挺好吃的，做法简单快捷，香味十足。
有一些做菜小技巧",,【腌制部分】，5片生姜片，半只鸡，一小勺油，约1勺，适量生抽，一小勺（别太多不然味太重）老抽，适量黑椒，一小勺盐，【炒菜部分】，约10粒冰糖（重要），适量（可以都4-5片）姜 蒜 蒜苗 干辣椒，平均3片香叶 八角 桂皮，约100g鲜木耳，适量十三香，约1小勺蚝油，2勺糖 盐，适量老抽，适量生抽,"1. 将鸡切块按照配料表腌制至少5小时（放冰箱过夜最佳），按照口味调整配料。（忘拍照了）
注意：1）老抽不要放太多不然会颜色太深太咸，2）我不放料酒因为放了料酒可能会把后期的香料香味盖过，用生姜片和黑椒已经足以去腥
2. 将生姜，蒜，干辣椒，香料（桂皮，八角，香叶）准备好放在一个碗里。
将蒜苗放在另一个碗里。

3. （这一步可以忽略）
将特别肥的鸡皮分离，炼油，这样鸡的香味比较味道香浓，而且避免油腻。也可以用其他的油。
4. 小火，热锅，下生姜，蒜，干辣椒，香料（桂皮，八角，香叶），冰糖，将冰糖在热油中融化煮出糖色（如图，煮到有一点焦），同时把香料味道炒出来
注意：想吃辣一点的，在这一步就加入干辣椒，不想吃太辣，在后面步骤加（后面会说明）
5. 糖色如中间所示
6. 转大火，将腌制好的鸡倒入，不断翻炒，将鸡均匀粘上煮好的糖，继续翻炒使鸡基本炒熟以及锅中的水分被炒干
7. 炒得水分比较干以后加入木耳，继续将水分炒干，使国内汁水变浓稠
8. 加入蒜苗，干辣椒，继续翻炒直到国内变比较干，汁水浓稠
（如果想吃比较辣，可以在炒糖色那一步就加辣椒，不想吃太辣在这一步加）
9. 差不多炒到这时候状态
10. 加入老抽，生抽，蚝油，糖，盐适量，翻炒均匀
小技巧：老抽加入时，不要直接淋在食材上，不然会不均匀而且上色太深。最好把食材撇到一边，加入一些在锅上，一点一点用锅铲撇进食材最后拌均匀。生抽可加可不加
11. 倒入一些十三香继续翻炒均匀
12. 出锅！
13. 香喷喷（无滤镜无调色）",14,3,3,200.0,0.0,0.0,0.0,0.0,0.0,0.0,0.0,0.0,21.43,100.0,1,9,4,0,legacy,"[""快手菜"",""家常菜"",""宴客"",""下酒菜""]","[""3"",""24"",""33""]"
7492,柠檬酸辣手撕鸡,柠檬酸辣手撕鸡,家常又快手，不柴不腥，你值得拥有～来一起来试试吧！真的超级美味哦！🍗🍗🍗,,2只鸡大腿，1勺盐，几片姜，适量料酒，几段葱，几片柠檬，适量香菜，适量大蒜，灵魂酱汁⬇️，1勺白糖，半勺盐，4勺生抽，2-4勺醋，1勺香油，1勺辣椒油,"1. 鸡腿洗净后冷水下锅，加入葱、姜、料酒和一勺盐，煮25分钟左右。
2. 鸡腿煮熟后捞出过冷水或冰水让肉质更加紧实。
3. ❗调一个灵魂酱汁❗找一个大碗加入1勺糖、半勺盐、4勺生抽、2-4勺醋、1勺香油、1勺辣椒油，搅拌均匀放一旁备用。
4. 准备适量蒜末，适量香菜切段，几片柠檬去籽（不去籽会有点苦），备用。
5. 鸡腿过冷水后捞出，撕成小块。（撕成丝或块，大或小，随心所欲，开心就好～）
6. 将撕好的鸡肉放入盛有料汁的大碗里，加入蒜末、香菜和柠檬，拌匀。
7. 拌匀后的手撕鸡可以立刻开吃，也可以放入冰箱冷藏后再吃🍽（冷藏几小时会更入味～）",14,5,6,200.0,0.0,0.0,0.0,0.0,0.0,0.0,0.0,0.0,35.71,100.0,0,7,7,0,legacy,"[""家常菜"",""凉菜"",""快手菜""]","[""2"",""3"",""9"",""22"",""24"",""589""]"
7586,油菜豆腐虾仁西红柿西葫芦白菇汤,油菜豆腐虾仁西红柿西葫芦白菇汤🥘,,,一大块豆腐，半个西葫芦，5个白菇或金针菇，2个鸡蛋，若干虾仁，2个西红柿，6个黑木耳，2棵油菜，适量盐，半根葱，适量醋，适量生抽，适量料酒，适量香油，适量花生油,"1. 蔬菜都切好备用
2. 都切好备用～
3. 鸡蛋打散备用
4. 豆腐用烧开的水焯1分钟，把水倒掉，放在一边备用
5. 锅里加油，用葱姜蒜爆锅，把菜按照西葫芦，白菇，西红柿，虾仁的顺序加入，加入盐，生抽，醋和料酒。
到炒出汤汁，再加入开水大火煮开。
6. 煮开后，倒入油菜和鸡蛋液搅拌
7. 煮好后加点香油，出锅开吃
8. 加木耳的",15,7,8,1065.0,940.8,61.51,33.07,128.15,45.82,861.4,153.95,298.3,53.33,100.0,0,8,7,0,legacy,"[""汤羹"",""家常菜"",""汤""]","[""1"",""7"",""14"",""33"",""41"",""44"",""69"",""590""]"
7901,无比正宗の『新疆椒麻鸡』,无比正宗の『新疆椒麻鸡』,"『2020.8.13』更新

居家第25天
解锁🔒 『新疆正宗椒麻鸡』

要知道能🉐 到赵先森坚决地肯定
是件多么不容易的事……[Emm]😂[捂脸]

翻遍了百度下厨房豆果美食小红书抖音…
٩(◣д◢)=3⁼³₌₃⁼³₌₃⁼³₌₃阿哩阿哩

毋庸置疑
这次他说的对——
比多数外面卖的好吃😋 

成功不易！给自己点个赞(❁ᴗ͈ˬᴗ͈)🌹",,🐔🐔🐔【食材】，1只土鸡，🌶️🌶️🌶️【配料】，0.5个洋葱，1根大葱，🍾🍾🍾【调料】，3片姜片，15克料酒，3克生抽，5克鸡粉/鸡汁，2克白糖，3克盐，1个草果，3片香叶，1块桂皮，1个八角，20个安集海干辣皮，10个小尖椒干辣皮，20粒红花椒，20粒麻椒，2勺花椒油，2勺藤椒油，3克胡椒粉，3克椒盐粉，500ml水，2个山奈，4个/6粒红枣枸杞,"1.    ❶【焯水】

一只土鸡，洗扒干净，剁掉鸡头鸡尾。
水开下锅，放两片姜，料酒，
焯水5分钟，捞起过凉水冲洗干净。
2. ❷【煮料水】

高压锅里倒入500ml纯净水。
放入葱段，姜片，花椒、八角、香叶、桂皮、草果、山奈，小尖椒干辣皮，红枣枸杞，煮5分钟。

3. ❸【炖鸡】

放入焯好水的鸡。
加入生抽20ml，料酒10ml，香葱两根。

菲仕乐高压锅大火上两档大气后，
关小火，压10分钟。
4. ❹【制作椒麻油】

炖鸡的时候我们准备椒麻油。

冷锅热油，8成热加入事先用水浸泡过的花椒、麻椒和安集海辣皮段，
用最小火，煎5-10分钟到出香味。
把油过滤出来，就是椒麻油了。
5. ❺【冰鸡】
鸡煮熟捞出，立即放入冰水里泡15分钟。
这样处理的鸡，鸡皮脆爽，鸡肉紧致，口感更好。
6. ❻【调汁】

将煮鸡肉的鸡汤过滤掉香料，
趁热倒入放有葱丝的盆中，泡5分钟，
使葱丝充分吸收汤汁，激发丰富味道。
7. 加入刚才制作的椒麻油。
8. 
洋葱切成丝。
｛小窍门:推荐在切的时候，嘴里含一口凉水，就不会辣眼睛了。｝

再调入盐，鸡粉/鸡精，花椒油，藤椒油，少许白砂糖调味
9. ❼【手撕鸡】

鸡肉撕成小块。加入配菜豆腐皮、黑木耳，还可以加千页豆腐，海带丝，腐竹，鸡爪。
10. 还可以来点板筋。

拌好后放置10分钟更入味。
11. 2年前de美食手账。",23,4,4,449.0,43.7,1.3,0.33,9.71,1.46,31.7,0.92,7.9,26.09,100.0,8,15,0,0,legacy,"[""下饭菜"",""家常菜""]","[""1"",""3"",""5"",""24""]"
7909,减肥餐,低脂减肥餐！酸甜开胃的番茄金针菇鸡蛋汤！,哈喽～我是圆妈！今天给大家带来一款酸甜好喝的番茄金针菇鸡蛋汤！低脂低卡，酸溜溜的超级开胃，连喝三碗都不够！做法简单又快手，人人都能学会哦～,,1把金针菇，1个鸡蛋，1个西红柿,"1. 首先，把西红柿洗净切成小丁，金针菇去根洗净切小段，鸡蛋打散，葱切葱花，姜切丝备用


2. 锅中放油烧热，倒入葱花姜丝爆香，加入西红柿丁翻炒出汁，加一勺番茄酱，翻炒均匀，加适量清水煮开

加入金针菇再次煮开，淋入鸡蛋液


3. 加少许食盐和鸡精调味，最后，淋入半碗水淀粉

",3,3,3,250.0,116.5,9.85,4.9,10.5,2.7,32.0,2.4,79.8,100.0,100.0,0,3,0,0,legacy,"[""汤羹"",""减肥"",""快手菜""]","[""7"",""14"",""46""]"
8141,碗仔梅菜扣肉,碗仔梅菜扣肉,"4个字


“入口即化”",,看图（应该接近一斤吧！）五花肉，1小碗梅干菜，4-5瓣蒜，3-4片姜，2勺/适量老抽，去腥水煮材👇🏻料：，没过五花肉水，少许盐，4-5薄片姜，2勺料酒，少许白胡椒粉/胡椒粒，腌肉酱👇🏻，半勺老抽，1勺生抽，少许白糖，2勺料酒,"1. 首先，准备美美的五花肉！老板说给我美美的了，我相信他😊
2. 梅菜原先用凉水浸泡2小时，我看包装指示。浸泡了后沥干备用。
3. 姜和蒜切末备用。
4. 把奶锅倒入水加热，加入几片姜片、料酒、盐和一些白胡椒粉，有白胡椒粒更好，我没有………
5. 水滚了加入肉块烫一下，去腥去血水。大概30-40秒我就捞起。肉也可以一整条放进去，保持肉质水份，我切成块，我切块是因为方便等下炸猪皮😛
6. 用厨房纸巾擦干，放凉。
7. 凉了后，倒入适量老抽，不用多，上色用的，抹均匀就可以了。
8. 炸之前，我让它皮朝下，多沾点老抽。
9. 紧张时刻到了：我锅还没热就倒入一点油，把沾了老抽的五花肉皮朝下。摆放好互相依靠的话，待会儿不会倒下🙃然后盖上锅盖，开小火慢炸。为什么紧张？因为过一会儿你就知道了。🚨千万记得一定要盖上锅盖！
10. 如果要知道发生什么，点进去听声音吧！
11. 大概是过了3-4分钟（我忘了记下），或者是听到炸声不频繁了，把火关了。小心把锅盖拿开。那一阵阵的香味扑鼻，就像是叉烧肉的味道～～～
12. 炸好皮的五花肉。 
13. 炸焦的地方可以去除掉～
14. 接下来，就是我觉得最疗愈的环节😂把肉切成薄片！有些人喜欢宽一点也可以，没问题，最重要不要切太厚，我老公喜欢小片小片吃，所以我宽度切得小、也要切薄。
15. 切这样的厚度。
16. 切好后，把肉放进一个碗中。把刚刚上色用的老抽（如果在盘里有剩下的）倒进去（不浪费）。加入生抽、老抽、胡椒粉、糖和料酒，喜欢吃咸一点可以加点盐或老抽多一点。
17. 热锅加入少许油，炸猪皮时留下的油加进去，过滤了焦黑的东西才加进去哦！爆香姜然后加入蒜，不停搅拌。
18. 然后加入梅菜翻炒。炒大约一分钟后才加入适量的生抽、老抽和料酒。再翻炒个1-2分钟后起锅。
19. 拿一个碗，把腌好的五花肉整齐地摆放。摆上2-3层。我的小碗摆两层。
20. 切的时候，有些脱落的瘦肉摆满中间也可以，待会儿倒扣的时候，像小山一样好看。
21. 铺上梅菜。放多少梅菜看个人喜好。爱吃就多放。
22. 如果懒得倒扣要用浅盘蒸的话也行，这里示范了盘的。五花肉摆了几层后，铺上梅菜，即可（我每次那样做～懒😆🙃）这次我为了好学的宝宝们勤劳一次🙈
23. 我整了一个锡纸小盖子盖上。如果喜欢蒸的过程中有更多水份可以不盖。有些人喜欢多汁的，有些人喜欢纯的油汁。
24. 锅里加水沸腾后，转中小火，放入碗。蒸上2小时，记得2小时，是2小时！重要的事说3遍(^-^) 我前一个小时是有锡纸盖着，后一个小时我拿开锡纸蒸，让它有点汁又不至于太多。也可以用保险膜哦～但是因为后一个小时要拿开我怕烫，就用锡纸比较容易移开😬
25. 倒扣在浅盘上～搞定👍🏻美美哒……小心手不要烫伤…刚蒸好的碗很烫的～
26. 看起来QQ的，却入口即化！",14,2,2,57.0,46.7,1.54,0.24,10.2,1.14,18.4,0.75,9.7,28.57,100.0,0,6,8,0,legacy,"[""家常菜"",""下饭菜""]","[""2"",""3""]"
8193,番茄鸡肉丸子,番茄鸡肉丸子,,,1块鸡胸肉，1个鸡蛋，2朵香菇，40克玉米粒，2勺淀粉，1勺蚝油，1勺料酒，4克盐，半个西红柿，30克番茄沙司，1小勺胡椒粉，1小勺花椒粉，1瓣蒜，1个小米椒，1根香葱,"1. 鸡胸肉剁成肉泥，加8克蚝油、2克盐、8克料酒、1个鸡蛋、1小勺花椒粉和白胡椒粉、一半葱花，搅打上劲
2. 加入40克玉米粒、切碎的2朵香菇和2勺淀粉，继续顺一个方向搅打上劲
3. 烧开一锅水，用虎口部位来回3下挤出丸子形状，再用小勺从虎口把丸子挖下来放入开水锅中
这样如果不会操作，那就用手团丸子或者直接用小勺挖
全部肉丸入锅，煮到飘起来就熟了
4. 热锅凉油，煸香蒜末小米椒，倒入切碎的半个西红柿，炒到西红柿变软出汁加30克番茄沙司，翻炒均匀
5. 加适量的清水，倒入煮熟的丸子，大火烧开小火慢煮5分钟
6. 大火收汁，1小勺水淀粉勾芡，撒剩下的一半葱花，出锅装盘
7. 16个肉丸刚好是一家人的量，儿子一口气吃了8个",15,7,8,445.0,370.6,49.29,7.87,34.0,13.32,71.9,3.37,152.2,60.0,100.0,3,12,0,0,legacy,"[""减肥"",""家常菜"",""丸子""]","[""1"",""2"",""7"",""14"",""15"",""18"",""23"",""24""]"
8348,花甲粉丝煲,花甲粉丝煲,鲜！,,随意金针菇，随意娃娃菜，5朵香菇，数量花甲，1勺牛肉，随意虾，随意鱼豆腐，随意粉丝，数量洋葱，数量蒜，1把豆瓣酱，克耗油，1勺生抽，1勺盐,"1. 准备食材
海鲜:虾、贝类
肉类:牛肉、肉丸
调料:蒜末+青红辣椒+洋葱（全部切丁）
青菜:娃娃菜、金针菇、香菇
2. 第一步（炒调料）
放油加蒜末爆香后+洋葱炒几下+青红辣椒丁均匀翻炒（整个过程一分钟随意快快的就行）
3. +1小勺盐和耗油和豆瓣酱翻炒均匀即可
4. 第二步（摆盘）
砂锅刷点油
依次放入金针菇+娃娃菜+粉丝等所有喜欢的食材（想要软一点煮烂一点的就放下层）
5. 最上面摆容易熟的（虾+肉丸+贝类+牛肉）
全部摆完后加入沫过粉丝高度的水，盖上盖子大火烧开转小火2分钟。开火五分钟左右都可以了
6. 刚刚好，粉丝也没烂，真的这道菜很快手",14,5,5,200.0,186.0,22.2,9.0,5.7,3.3,7.0,2.1,65.5,42.86,100.0,0,5,9,0,legacy,"[""快手菜"",""家常菜""]","[""8"",""23"",""46"",""70"",""590""]"
8487,茶树菇炒肉,茶树菇炒肉,,,适量茶树菇，适量五花肉，1勺淀粉，适量料酒，2瓣蒜，适量洋葱，1个青椒,"1. 切好需要的食材
2. 先将肉过油，然后捞出
3. 然后放入青椒，洋葱，茶树菇等炒，炒快熟放入肉，然后加入少量老抽，适量盐 十三香，炒均匀出锅",7,5,6,95.0,48.0,1.1,0.28,11.22,0.11,13.4,0.39,7.7,85.71,100.0,0,3,4,0,legacy,"[""家常菜"",""下饭菜"",""肉""]","[""2"",""4"",""5"",""10"",""11"",""147""]"
8541,咖喱饭,咖喱饭,今天也是和病毒努力斗争的一天  看看冰箱里的存食 又可以过一天了,,2块咖喱，2个土豆，半根胡萝卜，半根黄瓜，一丢丢葱fa，一丢丢蒜沫沫，看自己啦肉肉,"1. 我只是单纯做啥都喜欢放葱fa和蒜蒜 有条件的可以放些牛奶 我为啥没放？当然是因为今年过年送礼没收到呀
2. 🥕🥒🥔切块 起锅烧油
3. 因为没有鸡胸 所以在冰箱里翻出来牛排和鸡排做替代 牛排两面稍微煎熟 空碗捞出备用
4. 鸡排 煎 半生不熟 捞出来 备用
5. （忘记拍了）扔土豆块块下锅翻炒 炒呀炒 我们完全不用怕炒过🔥 放心 炒到差不多的时候加入水 没过 盖上盖子 等待水开 咕噜咕噜
6. 咕噜咕噜 咕噜咕噜 扔肉肉块 扔葱fa扔蒜蒜 扔咖喱 再咕噜咕噜咕噜 我觉得没有人会不爱糯糯的土豆块的 糯糯的土豆块 我睡觉都能笑醒 等到快出锅时加入黄瓜胡萝卜丁 黄瓜和胡萝卜果然还是稍微脆脆的比较好吃呀 再盖上锅盖稍微焖一会入味出锅
7. 给米饭搞个小造型 加上黑芝麻嘻嘻嘻
8. 行 我妹不吃 要吃炒米饭 告辞 
9. 今天也是令人难过的一天呢",6,3,3,460.0,282.4,9.2,0.92,61.58,4.46,64.2,2.3,65.4,50.0,100.0,0,4,2,0,legacy,"[""咖喱"",""饭"",""快手菜""]","[""6"",""12"",""19""]"
8780,彩色蔬菜汇,彩色蔬菜汇,一荤一素，素菜就随便炒了个，简单快速又清淡，关键是挺好看的,,莴苣，黄瓜，胡萝卜，鸡蛋，葱,"1. 莴苣，黄瓜，胡萝卜都切丝，条也行，可能没那么好看也没那么好炒
2. 鸡蛋打碎，搅拌均匀，锅里下油（不要太多，保证不粘锅就行）下鸡蛋，摊出薄薄的鸡蛋皮，用来做蛋包饭也不错呢
3. 鸡蛋皮出锅切2-3毫米宽度的条，因为切丝好难啊，容易断
4. 锅里下油烧热，加入葱翻炒，然后加入胡萝卜莴苣黄瓜丝翻炒，随后加入鸡蛋皮翻炒，都是比较容易熟的东西，所以炒的很快，最后加点盐和鸡精，再洒点葱花，出锅，还是比较清淡的",5,5,5,0.0,0,0,0,0,0,0,0,0,100.0,0.0,0,0,5,0,legacy,"[""快手菜"",""家常菜""]","[""1"",""6"",""7"",""19"",""344""]"
9136,鸡肉炒尖椒,鸡肉炒尖椒,今天心血来潮用鸡腿肉做了鸡肉炒尖椒，意外的炒鸡好吃，大家都可以试一下~,,2个琵琶腿，2个尖椒，1个鸡蛋,"1. 琵琶腿进行去骨处理，加生抽，蚝油，盐搅拌，腌制十分钟做字幕。尖椒切1cm宽，鸡蛋一个，打散备用，葱切丝。
2. 先把鸡蛋简单抄一下，盛出。然后加点油放葱丝，炒鸡肉，炒一下盛出。之后放葱丝，炒尖椒。炒2分钟之后就可以放入炒好的鸡肉和鸡蛋，一起炒匀，出锅前记得放一点点盐，就可以开吃了~
3. 出锅了~炒鸡好吃~",3,3,4,450.0,405.5,48.55,19.3,11.6,0.0,50.0,5.0,226.9,100.0,100.0,0,3,0,0,legacy,"[""家常菜"",""下饭菜""]","[""7"",""11"",""24"",""589""]"
9215,牛肉土豆炖豆角,牛肉土豆炖豆角,男朋友东北的，所以不用多介绍了，天天吃都吃不腻的，反正我是做够了,,500克豆角，一个土豆，一根葱，3个八角，3小勺生抽，3小勺料酒，8粒花椒，少许盐，1勺老抽，2片生姜，2瓣蒜，最好肥一点的，不用太多牛肉，2-3个干辣椒，1勺糖,1. 牛肉凉水下锅到水煮开，在煮几分钟，沥干水分，锅烧热放油，把葱姜蒜辣椒爆香，放牛肉炒二分钟放豆角，把豆角炒绿放料酒，生抽、老抽、糖、翻炒几分钟放土豆，在翻炒一分钟加热水，大火烧开转小火，炖半个小时，开盖大火收汁，加少许盐，待汁收差不多，就可以出锅了😋👍,14,5,5,689.0,273.2,15.17,1.82,63.18,3.58,241.3,4.25,36.4,42.86,100.0,1,11,2,0,legacy,"[""下饭菜"",""家常菜""]","[""1"",""2"",""3"",""12"",""84""]"
9698,牛肉粉丝煲,牛肉粉丝煲,零失败的牛肉粉丝煲,,200克左右牛肉，适量盐，3小把蕃薯粉丝，1勺酱油，少许糖，半勺香油，三小截（很辣的，只有很小一只）不会吃辣别放美人椒,"1. 自己做的蕃薯粉丝、洗干净，牛肉可以买现成的
2. 砂锅内放水，水开后加入生抽1勺，盐适量，（如果有牛肉汤最好加入几勺），糖少许，可以用筷子尝一下咸淡
3. 放入粉丝和牛肉一起煮，起锅前加入香油，咸淡控制不好再尝一下口味，散上葱花
4. 喜欢香菜的放点",7,1,1,200.0,320.0,40.0,17.4,1.0,0.0,10.0,3.6,128.2,14.29,75.0,1,2,3,0,legacy,"[""家常菜"",""下饭菜"",""粉丝"",""牛肉"",""快手菜""]","[""8""]"
9798,木须小白菜,木须小白菜,这道菜特别适合下雨天配酒，淅沥沥哗啦啦，开花的开花，发芽的发芽…PS，肥you 渣渣多了的话，可以撒糖拌着吃呀！,,1把小白菜，2个鸡蛋，一些木耳，一些黄花菜，3片姜片，5片蒜片，50克肥肉,"1. 小白菜洗净切成两段控水备用。
2. 把木耳、黄花菜泡发并洗净备用，姜、蒜切片备用。
3. 热锅冷油，将鸡蛋炒好盛出来备用。
4. 热锅内放少许油，放入肥肉丁中小火慢熬。
5. 把肥肉丁小火炸至焦黄后盛出备用。
6. 锅中留少许底油，再加少许植物油，放入姜片、蒜片爆香。
7. 放入木耳、黄花菜翻炒。
8. 放入洗净的小白菜继续翻炒。
9. 放入油渣翻炒片刻后调入适量的盐。
10. 待小白菜变色炒熟后，加入鸡蛋翻炒片刻后即可出锅。
11. 色香味俱全的木须小白菜。",7,6,6,1274.0,478.0,33.91,10.94,66.47,10.75,671.5,11.14,843.7,100.0,100.0,1,4,2,0,legacy,"[""素菜"",""家常菜""]","[""2"",""3"",""7"",""29"",""33"",""153""]"
9972,红酒烩牛肉,红酒烩牛肉,"去年和波子姐学的，相对于烤制的方法，这个操作相对简单，却是味道也很棒。
（话说如果烤的话，我家的这小烤箱都不一定承受的住铸铁锅的重量，囧。）
最喜欢拿来配米饭，巧克力色的浓郁酱汁，舀上一勺浇在白米饭上，看到都开胃。
这里加入了黑巧克力，听起来是不是很高级。
不用奇怪会有什么怪味，它会让酱汁更加醇味，没试过的筒子要尝试看看。",,番茄膏，1斤（牛腱，牛腩均可）牛肉，1瓶红酒，3条红萝卜，2个土豆，1个洋葱，半瓣蒜，2片月桂叶，10g杂香草，20-40G均可黑巧克力，200ml左右高汤，30g左右黄油，适量面粉，盐，黑胡椒,"1. 洋葱切碎，蒜切片。牛肉切大块，飞水之后擦干水份
2. 裹上一层薄薄的面粉，平底锅融化适量黄油，放入牛肉，煎至边缘金黄
3. 铸铁锅烧热，加入少许橄榄油，放入洋葱碎和蒜片炒至透明有淡淡焦色
4. 放入煎好的牛肉，倒入一瓶的红酒和高汤，月桂叶，杂香草，番茄膏
5. 大火煮开之后，转中小火慢炖
6. 牛肉基本上要炖上两个小时后，加黑巧克力，加入切块的红萝卜和土豆
7. 继续再炖1个小时，至汤汁浓稠，牛肉，红萝卜都软烂。加盐和黑胡椒调味即可",15,5,5,1902.5,1281.7,114.06,45.3,109.69,9.63,227.0,15.63,666.6,53.33,100.0,5,6,4,0,legacy,"[""烩"",""西式"",""家常菜""]","[""2"",""5"",""6"",""8"",""12""]"
10180,日式蔬菜煎饺好吃健康就选它,日式蔬菜煎饺🥟好吃健康就选它！减肥人士看过来~,"蔬菜比肉多的煎饺竟然也能这么好吃？！
家中小当家日本读书生活多年，正宗日式煎饺，好吃又不胖，野菜满点~~~
一起做起来！！！

made by 火爆猴",,半颗卷心菜，60克韭菜，350克肉馅，1只鸡蛋，适量姜末，适量蒜末，适量葱末，10-15毫升生抽，5-6克糖，1克盐，1瓶盖黄酒，1克黑胡椒，少许味精，5毫升麻油，3-5克淀粉,"1. 食材准备。
韭菜切碎备用。
葱、姜、蒜末的量可以根据自己平时的口味放，无需特定。
2. 半颗卷心菜切丝后，切成小颗粒状。放入碗中备用。
注意：碗中提前放些盐，5克左右，将卷心菜粒放入碗中搅拌，将盐与菜混合。静置10-15分钟，出水。
3. 将姜末混入肉馅中，剁到肉上劲。
4. 将剁好的肉馅和葱末、蒜末一起倒入韭菜碎中备用。
5. 用力将卷心菜内的水分挤出。
注意：花点力气尽量挤干，不然煎饺内水过多。
6. 将卷心菜加入刚刚的肉馅中，依次加入：1个鸡蛋，生抽10-15毫升，黄酒1瓶盖，盐1克，糖5-6克，味精少许，黑胡椒1克搅匀（调料可以根据自己的口味自行调整）。
搅匀后加入5毫升麻油搅拌。
盖好保鲜膜放入冰箱冷藏半小时。
7. 开始包饺子🥟
平底锅中先加入一勺油（煎的时候就不用再放油了）
8. 将饺子包好依次放入平底锅中。
9. 淀粉加水调小碗一碗。
备用。
10. 开始煎饺子啦！
先开大火，等锅内的油冒泡稍煎出些许香味后换中火。
根据自家火的大小调整，不要煎焦就行。
11. 倒入调好的淀粉水。
12. 盖锅闷煎。
13. 期间注意观察，因为倒入了淀粉水，会出现金黄焦底后换小火。
14. 煎到淀粉水全部吸收后，完整焦底形成。
出锅。
出锅前可以撒把葱花，更好看些。
15. 日式煎饺蘸酱调法：
生抽：醋 = 5：5
喜欢吃辣的可以再放些辣油。
16. 日式煎饺的精髓就在于这个焦黄脆脆的底，以及带些汁水内陷。
平时锅贴只能吃6个左右的我，一口气能吃10个。
健康低油~",15,6,6,470.0,1260.5,60.85,109.91,8.2,0.0,76.1,5.8,268.2,46.67,100.0,8,3,4,0,legacy,"[""家常菜"",""快手菜"",""早餐"",""午餐"",""晚餐"",""日式"",""煎饺"",""视频菜谱"",""煎"",""减肥""]","[""1"",""2"",""3"",""7"",""48"",""76""]"
10363,洋葱炒木耳,洋葱炒木耳,,,三分之一个洋葱，适量木耳，几片胡萝卜，2个鸡蛋，2克胡椒粉，5克盐，2勺生抽，1勺蚝油,"1. 木耳泡好，配菜切好
2. 锅里放油，油热放配菜，炒香
3. 鸡蛋摊好了，和木耳一起放进去，翻炒，把调料都放进去
4. 翻炒两分钟出锅完成✅",8,3,3,100.0,139.0,13.1,8.6,2.4,0.0,56.0,1.6,131.5,37.5,100.0,2,4,2,0,legacy,"[""家常菜"",""快手菜""]","[""6"",""7"",""33""]"
10436,上班族减脂午餐便当,上班族减脂午餐便当,"13年开始踏入健身房 
也是从健身小白只会做些有氧瑜伽到开始举铁增肌 走了很多弯路但是看着身体一天一天变好 觉得流的汗都没有白流 
开始做这个减脂午餐系列是因为还有婚期逼近 想要以一个最好的状态穿上婚纱
坚持了两个多月了以后反而变成了一种习惯
逛超市选食材烹饪都乐在其中 
其实上班族们只要前一晚准备好食材 挑选一些简单易做的菜谱 一份营养的减脂便当也是相当快就能搞定的 
下面我就分享一下我的减脂心得",,蔬菜类，若干西蓝花，若干黄瓜，一颗芽白，两颗彩椒，少许生菜，蛋白质类，1块鸡胸肉，少许鹰嘴豆，颗鸡蛋，1块鳕鱼，碳水主食类，杂粮米，紫薯，藜麦，水果类，樱桃，葡萄柚，青提，奇异果，火龙果,"1. 杀黄瓜：黄瓜切薄片用盐腌制挤出水分 瘦猪肉切丝 用生粉腌制 热锅先炒熟肉丝再加黄瓜片 加一点生抽、耗油翻炒即可 
蒜香蜂蜜鸡胸肉：鸡胸肉加生抽 味霖 黑胡椒 大蒜粉 蜂蜜 柠檬汁腌制入味 烤箱预热好 用锡纸包好腌好的鸡胸肉 180度的烤箱烤15分钟 切片装盒即可
紫薯洗干净 上锅蒸熟
葡萄柚对半切开装盒
2. 厚蛋烧：三个鸡蛋加盐和30g牛奶打散 用厚蛋烧专用煎锅煎熟 
清炒西葫芦：西葫芦切片 蒜切碎 热锅先下蒜末翻炒再加入西葫芦  少许盐 耗油 翻炒 至西葫芦变熟即可
蒸紫薯：洗干净 大火蒸15分钟即可
青提
3. 彩椒鸡胸肉块：鸡胸肉切块 用盐 黑胡椒 生抽腌制一下 再把彩椒切块 热锅先下鸡胸肉块 熟了之后再加入彩椒块 翻炒加入盐 耗油 少许水和鸡精焖煮一下 等彩椒变软即可
蒜蓉西蓝花：西蓝花下沸水绰一分钟捞起 ➕生抽和蒜蓉凉拌即可
杂粮粥：黑米 大米 燕麦米 糙米 红豆 薏米混合成杂粮 洗干净放入电饭煲 预约到早上会自动煮好 
樱桃 
4. 白菜鸡肉卷：鸡胸肉剁成泥 加入一颗鸡蛋 香菇碎 西蓝花碎 和胡萝卜粒 少许燕麦 再加入盐鸡精调味  大白菜下沸水过一下让叶片变软 再用白菜叶像包饺子一样包住肉泥 用牙签固定 大火上锅蒸10分钟 即可
西蓝花下水煮再凉拌
蒸紫薯
白肉火龙果用专用的水果挖球器挖成球状

5. 藜麦三文鱼炒饭：藜麦煮熟控干 三文鱼提前腌制好 准备好杂蔬粒和彩椒洋葱碎  热锅下三文鱼煎熟之后再用叉子弄碎 加入杂蔬粒 彩椒和洋葱碎 再加入藜麦一起翻炒 加盐和 耗油调味 炒五分钟就可起锅了 
香菇鸡肉排：鸡胸肉剁成肉泥 加入杂蔬粒和香菇碎  再加入盐味精调味  搓成球形再压扁 下锅小火煎熟
蒜蓉西蓝花
樱桃
6. 香煎鳕鱼：鳕鱼提前一晚拿到冷藏层化冻 加盐 黑胡椒 柠檬汁腌制 热锅倒入少许橄榄油 下鳕鱼 没每面煎一分钟（因为鳕鱼很薄很快熟）就可以起锅了 
番茄意面：番茄一个切十字下沸水煮一分钟 捞起之后即可轻松去皮 切成块状 再煮一锅水 加盐煮沸以后放入意面 煮8-10分钟 热锅下橄榄油倒入番茄碎炒成浓稠汁状 加入意面和一勺煮意面的水翻炒 这里我还加了一点茄汁焗豆 一起翻炒 尝下味道淡了可以加一点盐 翻炒一下即可起锅
蔬菜沙拉：生菜 黄瓜 樱桃番茄 洗干净 切块 装盘 因为这些蔬菜都可以生吃口感也不差 所以我没加酱汁调味 
7. 西葫芦面鹰嘴豆：西葫芦去皮 用刨丝器刨成长长的面条状 大蒜切成片状 鹰嘴豆我用的是罐装 直接开罐 把水滤掉就可以 热锅倒橄榄油放入蒜片再加入西葫芦丝 加入生抽 耗油翻炒一下即可装盘 再加入熟的鹰嘴豆搅拌均匀即可装盘 鹰嘴豆是高蛋白饱腹食物 推荐减脂食用！
蔬菜沙拉：黄瓜切块 番茄切块 加入生菜叶搅拌装盘即可
蒸紫薯
樱桃",21,12,13,550.0,343.0,61.2,3.95,20.6,0.0,70.5,3.5,217.9,85.71,100.0,0,4,17,0,legacy,"[""快手菜"",""便当"",""减肥""]","[""7"",""15"",""19"",""24"",""31"",""47"",""74"",""100"",""113"",""119"",""135"",""144"",""403""]"
10504,️尖椒酿肉️香辣脆爽,超下饭❗️尖椒酿肉❗️香辣脆爽，鲜美多汁,"鲜嫩多汁的下饭菜，怎么吃也不腻，来碗米饭🍚，特别过瘾！
尖椒爽口，肉馅鲜美多汁，超级下饭～",,8个-10尖椒，250克肉馅，肉馅调料，适量葱花，适量姜末，少许胡椒粉，2勺生抽，1勺料酒，1勺老抽，1勺蚝油，10克糖，适量盐，1勺香油，1个鸡蛋，勾芡，1勺生抽，1勺淀粉，半碗清水,"1. 辣椒爽口，酿肉鲜美多汁，超级好吃😋
2. 准备好食材，辣椒选挺直一些，肉厚一点的好吃😋肉馅选3:7肥瘦比例，
3. 肉馅加葱花姜末，加各种调料顺着一个方向搅拌上劲
4. 腌制15分钟
5. 辣椒切去头部，中间抛开，去掉里面的辣椒籽，
6. 把腌制好的肉馅塞进刨空的辣椒中，肉馅塞多少看自己喜欢，调和勾芡的调料汁放小碗
7. 炒锅倒油，放入尖椒煎一下，两面都煎一下，煎到肉馅表面定型开始变黄，尖椒表皮出现虎皮
8. 倒入调好的勾芡的调料汁，小火炖煮
9. 汤汁变的浓稠，出锅
10. 盛出尖椒，把调料汁浇上，撒白芝麻点缀",17,4,4,1105.0,1090.5,50.71,81.98,47.1,0.0,131.7,6.48,263.9,41.18,100.0,2,9,6,0,legacy,"[""下饭菜"",""家常菜"",""宴客""]","[""1"",""3"",""7"",""11""]"
10790,金汤素燕,金汤素燕,非常推崇这道菜，集靓丽、美味及健康于一身；华丽却不昂贵，素净却不寡淡；实属家常汤羹中的佼佼者。,,250克白萝卜，80克南瓜，1碗上汤，干淀粉，盐，胡椒粉,"1. 白萝卜洗净切成薄片，再改刀成细丝；用清水浸泡半小时（期间换一次水）去除萝卜的辛辣味；然后控干水份（最好用干布或厨房纸吸干水份），放入干燥的盆中
2. 在萝卜丝上撒上干淀粉，掂翻至每根萝卜丝都包裹均匀；蒸锅中铺上纱布，水开后放入萝卜丝大火蒸5分钟
3. 南瓜去皮切成小块，微波叮3分钟或入锅蒸熟，用勺压成泥；兑入上汤煮开，加入蒸好的萝卜丝，调入适量盐和白胡椒粉，再开后即可熄火",6,2,2,530.0,58.4,2.31,0.33,14.24,0.64,130.3,0.82,136.4,50.0,100.0,2,1,3,0,legacy,"[""健康"",""汤羹"",""煮"",""萝卜"",""家常菜""]","[""30"",""63""]"
10975,芹菜肉丝,芹菜肉丝,芹菜炒肉丝，重要的3个步骤也是非常关键的，掌握好了，即使简单的家常也会变得很美妙的。,,山芋粉，猪肉，芹菜，盐，酱油，红辣椒,"1. 将猪肉切丝，码上盐，山芋粉，酱油。用手抓匀。（第一步：这个粉也可用生粉，须注意的是，放入粉时，要分3次放入，每一次都不要太多，每一次都要把粉抓匀，这样肉丝才会嫩，好吃。）
2. 芹菜切段。（第二步：切之前要把芹菜用刀面拍一下，这样破坏了的芹菜纤维，吃起来，芹菜那就很好咬了。）
3. 锅内坐油，见热倒入肉丝，大火爆炒。见快要熟时，将肉丝装起。（第三步：肉丝保持8分熟，不然10分熟再和芹菜汇合时，肉就没那么嫩了。）
4. 另起油锅，倒入芹菜快炒，闻见香味，再倒如肉丝，翻炒片刻，使芹菜肉丝的味道融合后。关火，撒入切好的红辣椒丝，装盘即可",6,3,3,0.0,0,0,0,0,0,0,0,0,66.67,0.0,0,0,6,0,legacy,"[""家常菜"",""快手菜""]","[""4"",""27"",""50""]"
11008,凉拌猪头肉/猪肝,凉拌猪头肉/猪肝🐷,此法也可拌猪肚，苦肠和猪耳朵等，都很美味！,,200克猪头肉，200克猪肝，适量葱丝，3勺生抽，2勺香醋，1勺香油,"1. 葱切丝放入盘中备用
2. 将猪肝，猪头肉切片装盘
3. 找配料表倒入调料
4. 拌匀即可食用，方便又美味！",6,2,2,400.0,252.0,38.4,9.4,3.6,0.0,12.0,46.4,137.2,50.0,100.0,2,3,1,0,legacy,"[""下酒菜"",""家常菜"",""小吃"",""快手菜"",""猪头肉"",""凉拌""]","[""1"",""171""]"
11098,开胃下饭素菜,开胃下饭素菜！黄豆芽炒粉丝,,,一盘黄豆芽，1把龙口粉丝，1根小葱，3片姜，3瓣蒜，5个干辣椒，2个小米辣，3勺香醋，3勺生抽，半勺草菇老抽，2勺盐，半小勺鸡精，半小勺13香，两勺水淀粉，1小勺香油,"1. 准备豆芽洗净。
2. 粉丝放在热水里泡软。
3. 准备葱、姜、蒜、干辣椒、，小米辣。
4. 锅中烧开水，把豆芽焯水50秒钟左右捞出控水备用。
5. 锅中放油，放入葱、姜、蒜干辣椒、小米辣炒香。
6. 放入豆芽，放入盐香醋翻炒。
7. 放入粉丝。
8. 放入生抽、老抽、13香、不停地翻炒。
9. 放入水淀粉翻炒几下，放入一小勺香油出锅装盘。
10. 出锅装盘，非常营养又美味的开胃下饭菜就做好了。
11. 做法简单，欢迎跟做的小伙伴们交作业哦。
12. 做法简单又快手。",15,5,5,209.0,50.0,2.12,0.89,9.96,3.11,21.2,0.99,8.1,46.67,93.33,0,14,0,0,legacy,"[""素菜"",""家常菜"",""下饭菜""]","[""1"",""2"",""3"",""91"",""150""]"
11206,养生汤玉米排骨汤,🔥养生汤🔥玉米排骨汤(懒人版电饭煲),"玉米排骨汤是一道食补汤品，主要食材是玉米和排骨，主要烹饪工艺是炖。

玉米可降低血液胆固醇浓度并防止其沉积于血管壁，营养丰富，促进人们对维生素和钙的吸收。",,300克排骨，1根玉米，半根胡萝卜，2片姜，2勺料酒，6颗红枣，适量盐，2根小葱，2段葱白,"1. 
❣️准备好所有食材

❣️排骨➕葱白➕小葱➕姜➕玉米➕胡萝卜➕红枣➕盐➕料酒

2. 
❣️胡萝卜切断，玉米切断后，对半切开分，一半再切成两半，吃的时候会很方便，小葱切断
3. ❣️排骨去血水

❣️排骨冷水下锅，➕两勺料酒➕两片姜
大火烧开，煮出脏兮兮的沫沫关火，洗净排骨，放入电饭煲里
4. 
❣️所有所有食材放入电饭煲，可以滴两滴白醋，可以帮助骨头里的钙质游离出来。

5. 
❣️定时一个半小时就好。中间一个小时的时候加适量的盐，搅拌均匀
❣️出锅时撒上葱花就好啦
6. 
❣️营养好喝，无油健康
7. ❣️清爽不油腻的排骨汤",9,5,5,376.0,353.7,11.46,3.39,74.06,9.19,44.5,4.19,50.4,55.56,100.0,1,6,2,0,legacy,"[""汤羹"",""电饭煲"",""汤粥主食"",""家常菜"",""快手菜""]","[""1"",""3"",""6"",""13"",""21""]"
11319,一口不过瘾的糯米蒸排骨,💯一口不过瘾的糯米蒸排骨,,,400克糯米，2根肋排，1勺蚝油，小半勺盐，2勺，20g左右生抽，1勺老抽，2勺料酒，1勺糖，6段葱段，4片切成丝姜丝，10克食用油，少许葱末，2个小米椒，10g淀粉,"1. ⭐️糯米头天晚上清水浸泡，第二天清洗干净沥水，2勺生抽1勺老抽，1小勺植物油拌匀腌制2小时
2. ⭐️1.排骨剁块，清水浸泡30分钟，无需焯水                   ⭐️2.小葱切段，生姜切丝，2勺生抽，1勺老抽，2勺料酒，1勺蚝油，白糖1勺，盐半勺，淀粉看着给（此步肉质软嫩的关键），搅拌均匀后放入沥水后的排骨，腌制2小时，足够入味
3. ⭐️上好色的糯米铺底，可以垫上红薯🍠、土豆等蔬菜，看个人喜好添加
4. ⭐️腌制好的排骨如图，均匀裹上上好色的糯米粒，大火，上锅蒸1.5个小时
5. ⭐️出锅，撒上葱末小米椒，焖2分钟
6. ⭐️今天又是长肉的一天！每一粒糯米吸足了肉香！
7. ⭐️虽然耗时久，但是入口的一瞬间觉得，值了！虽然年过完了，但依旧祝愿大家新的一年，大吉大利！",14,4,5,810.0,2087.1,74.02,45.65,360.6,26.8,179.4,8.46,118.3,28.57,100.0,3,9,2,0,legacy,"[""蒸"",""家常菜"",""大鱼大肉"",""快手菜"",""主食""]","[""1"",""4"",""18"",""32"",""64""]"
11618,芹菜木耳炒蛋,芹菜木耳炒蛋,不放肉的芹菜也很好吃哦,,1根芹菜，1小把（根据自己使用量）木耳，1小段胡萝卜，2个鸡蛋，1根（小的）葱，适量食用油，1勺盐，少量鸡精,"1. 胡萝卜切丝。
2. 芹菜切段。
3. 木耳提前泡发。
4. 鸡蛋打入碗中搅散。
5. 油热炒好鸡蛋盛出备用。
6. 锅里放油，油热炒香葱花。
7. 倒入芹菜炒匀。
8. 倒入胡萝卜炒匀。
9. 芹菜胡萝卜炒至微软，倒入炒好的鸡蛋。
10. 倒入木耳，放盐、鸡精炒均匀。
11. 装盘即可。",8,4,4,172.0,154.8,13.74,8.79,6.06,1.34,77.1,3.8,233.3,50.0,100.0,0,5,3,0,legacy,"[""减肥"",""家常菜"",""快手菜""]","[""1"",""7"",""27"",""33""]"
11763,汤汁都吃光的萝卜炖牛排骨,汤汁都吃光的萝卜炖牛排骨,"这是一道非常好吃又下饭的菜，老公和孩子把电饭锅都吃翻过来了😄，做好了汤汁都不会剩下.
喜欢做菜，但是很少写菜谱，写得不好请多指教！",,1根牛排骨，半根白萝卜，1个八角，1片香叶，1片白蔻，适量姜，5瓣蒜子，少许（装饰用）香菜，半茶勺蚝油，半茶勺柱侯酱，两勺生抽，一勺料酒，少许盐，一个干辣椒,"1. 萝卜炖牛排骨#家常菜#
1:把新鲜牛排骨泡温水两个小时，期间半个小时换水一次，最后洗净，凉水下锅，加入料酒，姜片，煮干净血水，撇去浮沫，捞起洗净备用.


2. 2:把锅烧热加入少许食用油，加入蒜子，姜片，干辣椒，倒入牛排骨翻炒出香味，淋入少许黄酒，柱侯酱，蚝油，生抽，盐，翻炒片刻，加入白萝卜条，加入开水没过牛排骨即可，加入一个八角，一片香叶，一片白蔻，倒入高压锅压半个小时，（如果是吸水性强的高压锅建议多加点水，我家高压锅是不会蒸发水份的）大火10分钟后转小火慢压.
3. 3:将压好的牛排骨倒入炒锅中，大火收汁，将汤汁收到浓稠状态，撒入香菜鸡精即可出锅.
（将萝卜切成条状，不要太薄，放心萝卜很难煮烂的）

",14,4,4,396.0,43.0,1.9,0.37,10.53,0.42,117.6,0.56,135.8,50.0,100.0,0,9,5,0,legacy,"[""炖"",""家常菜""]","[""2"",""3"",""9"",""63""]"
11849,鸡蛋和豆腐,鸡蛋和豆腐这样做特别好吃，简单方便的快手菜。,,,1块豆腐，2根小葱，适量姜蒜，2克糖，2勺生抽，1勺耗油，1勺陈醋，1个鸡蛋，淀粉,"1. 豆腐切成大小均匀的块
2. 鸡蛋打散淋在豆腐上
3. 热锅加油放入豆腐煎至两面金黄捞出备用
4. 放入姜蒜爆香
5. 放入煎好的豆腐
6. 放入小半碗水  把生抽 蚝油 白糖和淀粉放在碗内调匀备用
7. 放入调好的料汁
8. 出锅前放入小葱即可",9,4,4,470.0,410.9,33.27,25.58,15.78,0.28,354.4,5.86,90.2,55.56,100.0,1,6,2,0,legacy,"[""快手菜"",""家常菜"",""豆腐"",""家常豆腐""]","[""1"",""2"",""3"",""7""]"
12039,牛肉炒河粉,牛肉炒河粉（经典粤菜）,"干炒牛河属于传统粤菜，由芽菜、河粉、牛肉等材料制作而成，是广东地区的特色传统主食，历史悠久，于清末民初年间出现，通常煮法是放汤或炒制。牛河弹牙、牛肉鲜嫩、满口醇香。

河粉又称沙河粉，源自广州沙河镇，历史较为悠久。河粉选用当日制作、新鲜的口感最佳。
牛肉选用牛里脊制作，比较滑嫩。挑选色泽鲜艳，肉质富有弹性、无异味、新鲜的为宜。",,400克牛河粉，80克牛肉，20克韭黄，10克小葱，30克绿豆芽，20克红彩椒，3克鸡精，5克蚝油，20克生抽，10克老抽，5克盐，5克味精，3克糖，3克生粉，50克色拉油,"1. 预处理：
1.将牛肉用刀切片。
2.将红彩椒切丝。
3.将韭黄和小葱分别切段。
2. 牛肉中放入盐、味精、鸡精、生抽和少许水抓拌均匀，放入生粉拌匀，再加入少许色拉油拌匀腌制。
3. 锅内加入色拉油，加热到约100℃，加入牛肉拉油至刚熟，捞出控油。
4. 锅内加入少许色拉油，放入河粉炒香、炒熟，盛出。
5. 锅内加入色拉油、绿豆芽和红彩椒丝翻炒片刻，放入河粉、盐、味精、糖、老抽、生抽和蚝油翻炒至河粉上色均匀，再放入牛肉翻炒片刻，最后放入韭黄和葱段翻炒均匀即可出锅。",15,4,4,163.0,150.8,17.14,7.08,5.03,0.74,20.8,2.02,61.5,40.0,100.0,15,0,0,0,legacy,"[""家常菜"",""快手菜"",""粤菜""]","[""1"",""8"",""138"",""222""]"
12593,水煮肉片——肉片的邂逅之旅,水煮肉片——肉片的邂逅之旅,"肉片：（哭唧唧）找了那么久，我的另一半到底在哪？！
放弃爱情的它纵身一跃，跳入辣椒的海洋。
汤汁：这！这！这奇妙的感觉！
肉片：感觉整个肉片都被升华了，你！你！你是？
气质厨先生：你们就是“传说中的”水煮肉片！",,1千克清水，200克猪后腿肉，100克上海青，100克平菇，83克植物油，55克辣椒段，50克水发木耳，50克豆瓣酱，33克花椒粒，20克蒜末，8克料酒，3克胡椒粉，6克老抽，5克白芝麻，5克大葱丁，5克姜片，5克蒜片，30克香菜，8克盐，10克鸡精，5克香油，1个鸡蛋，25克水淀粉，3克白糖,"1. 把猪肉切成薄片放入碗中​，加入​蛋清1个、老抽3克、盐3克、水淀粉5克、料酒3克，搅拌均匀备用。
2. 准备辣椒段50克、花椒粒30克，下入锅中，小火慢炒10分钟，加3克油、3克盐炒香后，​剁成米粒大小备用。
3. 准备好老抽3克、辣椒段5克、鸡精10克、豆瓣酱50克、料酒5克、花椒粒3克、盐5克、白砂糖3克、葱姜蒜片。
4. 锅中加油30克，下入辣椒段5克、花椒粒3克、炒香，下入葱姜蒜片、炒拌均匀，下入豆瓣酱炒香，​下入料酒5克，加水二斤左右（汤盆一半多点）、盐5克、白糖3克、鸡精10克，剁碎的辣椒粉10克翻炒均匀。
5. 锅中煮开之后，用漏勺将辣椒壳、料渣捞出。
6. 锅中下入木耳、上海青、平菇煮制两分钟，捞出装入汤盆中。
7. 将肉片下入锅中，用筷子搅散，大火烧开，勾入水淀粉20克，淋上香油5克，汤和肉一起盛入盆中。
8. 准备好白芝麻5克、剁碎的辣椒粉5克、胡椒粉3克、香菜30克。
9. 盆中撒上蒜末20克、胡椒粉、剁碎的辣椒粉、白芝麻，另起锅加油50克，烧至七八成油温，将热油淋到肉片上，激出香味，最后撒上香菜点缀颜色即可。
10. 这道美味的水煮肉片你学会了吗？这里是气质厨先生，不要忘记关注我哦！",24,10,11,565.0,178.5,12.4,7.28,18.65,3.56,253.4,4.64,165.1,41.67,100.0,23,1,0,0,legacy,"[""下饭菜"",""家常菜""]","[""1"",""2"",""3"",""4"",""7"",""9"",""17"",""36"",""44"",""118"",""287""]"
12676,番茄炒茄子,番茄炒茄子,妈妈就是这样炒的，很好吃,,1个西红柿，1个茄子，2瓣蒜，1根小葱，半个青椒，盐，五香粉,"1. 绿茄子一个，洗过后去皮，切片再切成宽1厘米长4厘米的条，泡入水中。
2. 番茄洗净后切块备用，青椒切成4厘米长的丝，葱切段，蒜切片
3. 锅内倒稍多的油，开中小火。油热后放入青椒丝翻炒两下，放入番茄块翻炒，再将泡水的茄子捞出稍挤水后放入，放入葱翻炒。炒至茄条变软时，放入适量的盐和五香粉，放入蒜，翻炒均匀，即可出锅",7,5,5,410.0,96.8,4.58,0.88,20.88,3.5,79.5,1.82,29.0,71.43,100.0,0,5,2,0,legacy,"[""素菜"",""家常菜"",""快手菜""]","[""1"",""2"",""11"",""14"",""110""]"
12824,清汤全家福,清汤全家福,,,20克水发海参，250克鸡脯肉，20克鸡蛋清，25克蹄筋，25克鱼肚，20克鸭肝，20克鸡腰，25克鸭腰，20克猪黄管，20克水发鱼翅，20克火腿，20克水发玉兰片，25克冬菇，5克精盐，3克味精，50克淀粉，150克清汤，15克绍酒,"1. 将生鸡脯肉片切成薄片，用鸡蛋清、精盐、味精、湿淀粉拌匀，入沸水内氽过
2. 水发海参片为长片
3. 发好蹄筋一片两半，发好鱼肚、鸭肝均切成片
4. 鸡、鸭腰煮熟撕去外薄膜，用刀片为两瓣
5. 鸡肫切十字花刀
6. 猪黄管划成蜈蚣状
7. 水发鱼翅顺理整齐
8. 均放入清汤内氽过
9. 取一只大碗，把上面各种原料的剩汆碎料放入碗底，然后将猪黄管和鱼翅以外的各种原料均匀相间地摆入碗内，最后将火腿、水发玉兰片、冬菇、菜心相间地摆在上面封面，汤锅内放入清汤、精盐、绍酒烧开，将碗内摆好的形状原样推入漏勺内，将漏勺放入清汤内烫透
10. 取出后，用手勺轻轻挤干水分，保持原样，再推入瓷盘内
11. 另再将鱼翅、猪黄管放入汤锅烫透捞出，鱼翅顺丝放在瓷盘中央，上面再放置黄管，汤锅内的原汤加入味精后浇在上面即成",18,4,5,620.0,600.4,87.05,7.5,46.24,0.82,23.3,9.45,428.5,61.11,100.0,18,0,0,0,legacy,[],"[""15"",""24"",""52"",""269"",""406""]"
12921,粽子叶橘香烤鲈鱼,粽子叶橘香烤鲈鱼,为了一周两次吃鱼的任务，慢慢的在学习吃鱼中……多吃鱼有利健康。,,一条（大约500克）鲈鱼，数片粽子叶，数片干的橘子皮，适量姜丝，适量盐，适量黑胡椒,"1. 在市场里买回杀好的鱼后再次清洗，用剪刀剪去鱼尾、鱼鳍。
2. 在鱼身上横切几刀。为了更好的入味。
3. 在鱼的肚子里塞入半片粽子叶和几条姜丝。
4. 在鱼的身上均匀的撒上盐巴和黑胡椒（我用的是大约一勺半多一点的盐，就是调料盒里自带的那种小勺子的一勺半多，我觉得已经够咸了）然后略微按摩一下，有利于入味。
5. 在鱼身上横切的刀口内塞入姜丝和橘子皮（每个刀口都塞）
6. 把粽子叶排好（我用了五片）垫在鱼的身子下面，将鱼包好，拿棉线固定好。
7. 放入200度预热好的烤箱。每面10分钟（第一面10分钟烤好后，翻面再十分钟）
8. 出炉！香香的粽叶香和橘子香让鱼肉清新可口。",6,2,2,500.0,525.0,93.0,17.0,0.0,0.0,690.0,10.0,720.5,66.67,100.0,0,1,5,0,legacy,"[""快手菜"",""烤箱"",""家常菜""]","[""3"",""156""]"
13184,隔夜燕麦粥,隔夜燕麦粥,重点是粥上面放了点啥。,,三分之一杯即食燕麦片，二分之一杯牛奶，1汤匙奇亚籽，若干片椰子片，1小把腰果，2个椰枣,"1. 前夜：燕麦倒入早餐碗里。
2. 牛奶加进去。
3. 保鲜膜包一包。
4. 送入冰箱。
5. 早上：掀开保鲜膜看看情况：牛奶已经完全被吸收。
6. 喜欢湿润的口感，就可以再加一些牛奶。
7. 加料：奇亚籽（目前已发现含有丰富Ω-3脂肪酸的安全可食植物之一，含量是深海鱼油的6倍，且不含胆固醇，无过敏原，是深海鱼油的理想替代品）
8. 继续加：椰子片（性味甘平，补益脾胃，增加口感）。。
9. 再加：腰果（所含的蛋白质是一般谷类作物的2倍之多，并且所含氨基酸的种类与谷物中氨基酸的种类互补）。
10. 最后加：椰枣（单纯的果糖组成易于消化。脂肪及胆固醇极低，并含有丰富的维他命与矿物质）。
11. 好啦，吃吧。",6,3,3,312.0,1011.3,4.38,1.62,253.61,17.61,177.4,10.65,76.0,50.0,100.0,0,5,1,0,legacy,"[""早餐"",""快手菜"",""燕麦粥"",""健康""]","[""89"",""170"",""259""]"
13340,鸡汤小米海参蔬菜粥,鸡汤小米海参蔬菜粥,没有故事，就是好吃😋,,100克小米，2只海参，适量姜丝，8-10只香菇，适量胡萝卜丁🥕,"1. 我用的是这个小米，正好100g一包，2-3个人的食用量。
总之第一步是把100g左右的小米稍稍过2次水温柔的冲洗一下放入电饭煲中
加入事先熬制好的鸡汤，鸡汤已经非常鲜美，所以后面都不需要我放盐调味
按煮粥健一个小时或者两个小时都可以，我家电饭煲默认是两个小时，但是我煮到1个小时的时候就关掉了。
2. 小米粥煮到30分钟的时候，加入切好的海参，干香菇，胡萝卜丁盖上锅盖继续熬煮30分钟。
注：干香菇提前泡发10分钟，我把中间的蒂切掉口感更好，胡萝卜🥕切丁，姜丝和海参我都忘记拍照了……ps 我家买的海参是白色的
3. 起锅，我这碗没有海参，我不爱吃海参，海参都给我家老公盛了😄",5,4,4,400.0,491.0,29.9,3.9,88.0,8.2,330.0,18.9,510.0,80.0,100.0,1,2,2,0,legacy,"[""粥"",""早餐"",""中式早餐""]","[""3"",""23"",""127"",""189""]"
13395,秋日胡萝卜红薯燕麦粥,秋日胡萝卜红薯燕麦粥,"是一款可甜可咸的燕麦粥
不给燕麦就是浓汤了,可配面包,
很适合早餐,很饱腹~

以下是2人份",,2/3根胡萝卜，1个红薯(小)，1/4个洋葱，450-500克牛奶，80克燕麦，2片培根(咸口)，5-6个核桃(咸口)，适量granola(甜口)，适量咸口：海盐和黑胡椒碎，适量甜口：枫糖浆,"1. 准备好食材,都切成丁
2. 调至高火,热后加入培根出油后可加入核桃炒香,培根熟后盛出备用(甜口只需要放一点椰子油)
3. 锅内剩余的油炒洋葱,透明后下胡萝卜和红薯翻炒
4. 加入牛奶,转中火,闷煮至红薯和胡萝卜软烂

5. 倒入破壁机搅成浓汤,再倒入锅中(均质机会方便许多)
倒入燕麦片,撒上黑胡椒和海盐(甜口淋适量枫糖浆)煮软即可
6. 盛出放上之前炒好的培根和核桃(甜口可以撒一些granola)",7,5,5,1840.0,1461.8,54.18,42.02,227.2,18.74,889.4,13.58,740.5,100.0,100.0,2,5,0,0,legacy,"[""粥"",""早餐"",""燕麦"",""健康"",""减肥""]","[""5"",""6"",""28"",""34"",""38""]"
13414,大黄米小米粥,大黄米小米粥 (Yellow Rice and Millet Congee),"关于小米：《本草纲目》说：“治反胃热痢，煮粥食，益丹田，补虚损，开肠胃。”《名医别录》曾这样描述小米的功效：益肾气，去脾胃中热，益气。李时珍写道：粟（小米）之味咸淡，气寒下渗，肾之谷也，肾病易食之。降胃火，故脾胃之病宜食之。小米还是少有的碱性谷物。
关于大黄米：大黄米是由黍加工成的黍米，《别录》说：丹黍米，主咳逆，霍乱，止泄，除热，止烦渴；营养非常丰富；

对于脾胃不好的孩子这碗粥是很好的滋养品，并且大黄米有小米缺乏的多种蛋白质和微量元素，比大米又多很多膳食纤维，能弥补单独喝小米粥营养上的不足。

方子为两三碗的分量",,1/3杯大黄米，1/3杯小米，红糖（可略）,1. 大黄米和小米一起淘洗干净，放入装了约1.5升开水的锅中，煮开后转小火，盖盖煮大概40分钟至粘稠，根据个人口味加红糖。,3,2,2,240.0,858.9,28.5,6.84,174.24,6.69,81.9,13.14,6.4,66.67,100.0,0,2,1,0,legacy,[],"[""127"",""398""]"
13859,香辣虾,香辣虾,"🌿
    Video：香辣虾の做法

     经常被点名的一道菜，随着试用的调料越来越多，也越来越知道用哪一个更好吃了。我喜欢吃香辣的各种，朋友们也喜欢，以至于经常被问这个怎么做，于是今天仔细的（但还是漏拍了[允悲]）拍了视频。妈妈感慨说，真是女大十八变。以前青菜不会炒的人现如今还能做大菜了，那可不✌🏻",,1斤虾，1条青瓜，1个土豆，适量（可以用干辣椒）辣椒+朝天椒，蒜米多点无所谓葱姜蒜，2根香菜，一小块名扬牛油火锅底料,"1. 青瓜切条
2. 土豆切条，买红心土豆会粉糯一点更好吃不要黄心，是脆的。
3. 蒜子一头剥好，姜切片。 葱头尾分开哈
4. 虾煎去须脚，炸虾的时候没那么容易焦掉，别偷懒
5. 热锅冷油先炸土豆至金黄，余油留下炸虾至开背处卷起来就差不多了。
6. 在炸虾的油里再加点油
7. 依次放入蒜子 姜 葱头爆香，加入辣椒炒出香味
8. 火锅底料切小块炒化，中小火炒，容易糊掉的
9. 底料炒化，大火加入青瓜翻炒均匀
10. 再加入炸好的土豆翻炒均匀
11. 试一下咸淡，底料给的够不够，不够再加一点，不够味就不足，没那么好吃了哈
12. 调好味，把虾加入翻炒
13. 我一般会加点水炝锅煮一下，等水份炒干就差不多出锅了，如果你的锅里还有蟹，加啤酒也可以的
14. 最后加入葱尾和香菜翻炒一会，就可以出锅啦
15. 出锅开吃
16. 虾要炸透，一咬皮就掉下来那种，吃起来很方便
17. 1斤虾，一条青瓜，一个土豆一大盘，要加其它配菜就要注意了，一不小心就是一大锅。",7,5,5,320.0,128.1,4.26,0.38,27.94,1.89,30.7,1.18,18.5,57.14,80.0,1,3,2,0,legacy,"[""家常菜"",""辣"",""香辣""]","[""9"",""12"",""19"",""95"",""590""]"
14112,麻婆豆腐,麻婆豆腐,麻婆豆腐，绝对的下饭神菜，米饭伴侣哦！,,2盒(块)嫩豆腐(或中豆腐)，150克猪瘦肉，40克郫县豆瓣酱，15克豆豉，6克花椒粉，适量大葱、老姜、蒜头，2至5个干辣椒，10克辣椒油(或四川红油)，30克菜籽油，少许黄酒，少许白糖，5根香葱(小葱)，适量红薯粉(或生粉),"1. 郫县豆瓣酱、豆豉、葱姜蒜、干辣椒全部切细沫
2. 猪瘦肉剁肉米、豆腐切块、红薯粉用水调开。(嫩豆腐口感好，中豆腐更入味，我用的是嫩豆腐😜)
3. 起油锅，下肉米
4. 肉米炒透后放入剁碎的郫县豆瓣酱、豆豉、葱姜蒜干辣椒沫、辣椒油
5. 中小火继续翻炒3分钟，料酒喷香
6. 加少许水、5克花椒粉、少许白糖，烧开。
7. 烧开后放入豆腐块，大火煮至沸后再中小火3分钟。(尝一下后根据自己的口味再添加盐，因为调料已经有盐味了！)
8. 快收汤时改大火，均匀倒入调开的红薯粉勾芡
9. 勾芡后边大火收汤，边铲子沿锅壁略微四周铲一下，防止芡粉结块。
10. 关火，撒上葱花
11. 倒入大碗中，再均匀撒上1克花椒粉
12. 👌了，马上麻辣香气扑鼻，可以收工吃饭了！😄😍😜",12,2,2,1005.0,524.8,24.2,45.95,5.08,2.79,45.6,2.9,90.6,41.67,100.0,6,3,3,0,legacy,"[""家常菜"",""素菜"",""下饭菜"",""麻辣"",""豆腐""]","[""1"",""4""]"
14393,素肉黄金粥丨健康·三餐,素肉黄金粥丨健康·三餐,"奶香浓郁，营养丰富，虽是蛋奶素，但蛋白质的营养价值和消化吸收率超过猪肉，和牛肉持平。

【先解释一下什么是“生物价”】
♡生物价：评估蛋白质营养价值的生物方法。指每100克食物来源蛋白质转化成人体蛋白质的质量。最高为鸡蛋94，牛奶85，鱼81，牛肉73，黄豆66，糙米70，白米63，全麦面粉59，白面粉则仅为51。

♡由此能看出，植物蛋白吸收率不高，以植物性食物为主要来源的人，更需要科学的饮食搭配和烹饪方式。很多减脂的人，只是简单的不吃肉了，只吃菜和粮食，长期易造成营养不良，出现手脚冰凉、畏寒、乏力、脱发、脸色苍白、嘴唇无血色、月经量变少等情况。

【为什么做这碗粥呢】
♡这碗“素肉”粥，就是通过不同食材的互补达到营养升级。单独一种食材会有蛋白质不足和缺乏某种必要氨基酸的情况。
如果能把各种食物取长补短的组合在一起，就能使必需氨基酸的比例得到改进，提高蛋白质的营养价值。

♡玉米中的赖氨酸、色氨酸低，蛋氨酸高；
小米中的赖氨酸低，蛋氨酸、色氨酸高；
黄豆中的赖氨酸、色氨酸高，蛋氨酸低。
如果单独吃这些食材呢，因为食材中缺乏必需的某种氨基酸，会导致人体在合成蛋白质时受到限制。

大白话就是，好多人减脂餐主食就是光啃一根玉米，通过上面的解释可以看出，吃了很多但利用率低。结果就是，撑一大肚子，到头来蛋白质没补上想象中的那么多，还添加肠胃消化的负担，没达到运动后修复身体的作用。身体没得到好的修复自然就会累，就会想吃的更多。

♡所以，这碗粥的各种食材取长补短，黄豆生物价64，玉米60，小米57。通过计算好的一定比例组合后，生物价提高73，和牛肉持平的水平。

♡同时添加了动物性食材—黄油，生物价进一步提升。以植物性食物为主的人，尤易缺乏脂溶性维生素，出现畏光、皮肤干燥粗糙等情况。黄油可以很好的补充这点，并促进植物性食物里的营养利用率。动物性食物和植物性食物按一定比例混合吃，比分别单纯吃这两种食物营养价值更高。

【味道和口感】
味道淡淡的玉米香中有奶香，冷吃热吃不同的风味。
黄油不要省略，实在没有可用椰子油代替。
口感浓稠，像软乎乎的烩饭。

【步骤】
打豆浆→用豆浆煮粥",,35克（生重）黄豆，90克（生重）粗玉米渣，90克（生重）小米，20克（生重）芸豆，12克（冷冻、冷藏、室温皆可）无盐黄油（草饲有机尤佳），1/4-1/2小勺海盐,"1. 【浸泡】
——头天晚上睡觉前，用清水泡好35克黄豆（打豆浆用）

——在锅里，用清水+一小撮盐浸泡粗玉米渣、芸豆，小米不用提前泡。（我用的图里亚超才能买到的中间那包粗玉米渣，肠胃不好的人用细玉米渣，不用提前浸泡）

——室温22摄氏度以上的夏天，要冷藏浸泡。
2. 【浸泡8-12小时后】
用豆浆机打豆浆（1200毫升水量）的同时，把泡玉米渣和豆子水倒掉，用清水冲洗2-3遍。

我用的电高压锅。
把泡过的豆子、玉米渣、90克小米、12克黄油和一小撮海盐一起放到锅里。（如果锅密封性不好，再加200-400毫升水）
3. 左手拿滤网，右手拿打好的豆浆，直接倒入放好杂粮的锅里，搅拌匀。（肠胃好的人吃黄豆不胀气的话，可以不用过滤豆浆）

高压25-28分钟后，自然放汽即可。
4. 咸口吃法：吃时在表面撒一些海盐粒。
甜口吃法：可以淋一点蜂蜜。

早餐搭配一个鸡蛋，一小碟坚果拌青菜，营养满分。

以上量两大概够1个人吃2天左右（约4顿主食）。
5. 【保存】
煮好的粥马上，分装到保鲜盒，密封，冷藏保存2-3天。
尽量减少与空气接触时间可以延长保质期。

如果有2-3天吃不完的情况，可以冷冻。但是粥冷冻再加热以后口感很差。",5,3,3,145.0,466.2,20.75,8.43,80.76,6.87,112.3,7.58,5.5,60.0,100.0,5,0,0,0,legacy,"[""粥"",""中式早餐"",""快手早餐"",""减肥""]","[""87"",""127"",""186""]"
14456,泡椒鸡杂面,泡椒鸡杂面,去菜市场买的鸡杂，想着前一天吃不完，第二天就可以吃鸡杂面了。,,若干泡椒，2份鸡杂，适量大蒜，适量姜，适量泡姜，适量泡豇豆，适量泡菜，2根蒜苗，适量大蒜，适量干辣椒，适量花椒，1瓶盖白酒，适量生抽，适量鸡精，适量面调料，适量葱花,"1. 卖鸡杀鸡的店铺，一般也会卖鸡鸭内脏，泡在水里的事煮过一次的血旺，鸡蛋应该是没有生出来的那种，鸡内脏我们这边叫鸡鸭，10块钱一碗，卖家清洗干净了的。
2. 备料。左下小碗里面是鸡油，这个别扔，鸡油炒出来的油可以用来炖汤或炒菜。
3. 左边这碗是泡豇豆，泡青菜头，泡红椒泡青椒，泡萝卜。鸡杂切小，放白酒，生抽，红苕粉，拌匀，静置十分钟。
4. 锅里下猪油和鸡油一起炒。
5. 油划开，六成热，下鸡杂，快速翻炒，别炒全熟。断生就可以舀出来等着下一轮再炒。
6. 炒到断生的鸡杂。
7. 锅里用剩下的油炒调料。先放泡椒干辣椒，再放泡菜和花椒。
8. 起锅之前放盐和鸡精，再撒一点白糖。蒜苗扔进去就能起锅了。
9. 鸡杂里面，我最喜欢吃的是这个，鸡的蛋肠。
10. 煮面不用教。
11. 面调料。
12. 为了拍照，面煮太久了。
13. 放上一勺鸡杂，再撒点葱花。
14. 近一点。
15. 再近一点。",15,4,4,240.0,16.0,0.84,0.16,3.2,0.72,11.6,0.56,2.0,66.67,100.0,0,3,12,0,legacy,"[""辣"",""面"",""家常菜""]","[""1"",""2"",""3"",""80""]"
14563,支竹萝卜焖羊肉,支竹萝卜焖羊肉,南方的羊肉都比较有膻味，要浸水和多次冲洗掉血水,,300g羊肉，半根萝卜，50g腐竹，适量葱花，5瓣蒜，数片黄姜，1个干辣椒，2片香叶，一个八角，少许肉桂，1勺料酒，2勺生抽，1勺盐，1勺老抽，3碗开水,"1. 准备好材料，腐竹温水浸泡一会，羊肉多冲洗
2. 烧开水后把羊肉焯水后温水洗干净，热锅干煎一会捞起
3. 爆香姜葱蒜等配料
4. 倒入羊肉爆香
5. 倒入萝卜
6. 倒入腐竹和余下调料
7. 小火焖40分钟转大火稍收干汁即可。",15,5,5,426.0,690.5,79.43,30.57,25.38,1.19,119.9,20.41,315.0,53.33,100.0,2,10,3,0,legacy,"[""焖"",""家常菜""]","[""1"",""2"",""58"",""59"",""363""]"
14577,易做炸莲藕丸,简单易做炸莲藕丸（过年必备菜）,"作为湖北人 藕是我们每年冬季必备的食材《舌尖上的中国》中有镜头专门在湖北嘉鱼拍摄挖藕采藕 它也是过年餐桌的常客 比如藕汤 藕夹 藕丸子等 藕还可以制成藕粉
这个季节大量莲藕上市 藕丸子做起来
记录一下方子，人多可以直接方子翻倍
有问题可➕V：niao0409交流 请备注下厨房 微商勿扰 谢谢",,500克猪肉，10克姜末（猪肉），10克生抽（猪肉），2克蚝油（猪肉），10克香油（猪肉），5克黄酒（猪肉），20克葱花(猪肉)，700克-1000克藕，3克老抽，40克红薯粉或者玉米淀粉，2个鸡蛋，15克盐，15克生抽，2克胡椒粉，3克糖，少许可不加花椒粉,"1. 五花肉一块500克 剁成肉末以后加入姜末 生抽 葱花 蚝油 料酒 拌匀备用，肉比较难入味，所以先腌制一会
2. 藕洗干净，藕选择大的或者小的影响不大，这个季节的藕基本都是粉藕
3. 我是切成丁以后放入搅拌机打碎，有破壁机也可以用，不需要加水，藕直接打碎，越碎越好，当然喜欢吃起来比较有颗粒感的就不需要太碎
4. 腌好的肉馅和藕丁放入一个盆中，加生抽，老抽，生粉，鸡蛋，盐，胡椒粉，花椒粉，糖搅拌均匀，建议用你尊贵的双手，会更方便
5. 小锅倒油 建议用小锅 一次炸几个丸子 比较容易控制 不会手忙脚乱 感觉自己很厉害无压力的 可以大锅.....
6. 右手用勺子舀出适量肉馅放在左手上
7. 左手来回转动 丸子就成形啦 每个人习惯不同 哪个手顺手就用哪只手 实在不会转就两只手搓 
8. 用一根筷子插入油锅 筷子冒泡 油温就合适 把搓圆的丸子放在勺子上 轻轻送入油锅 ⚠️不要直接扔进去 容易溅油哦
9. 一次可以多放几个 这时可以把火调到中小火 火大容易炸糊 时不时用捞网轻轻翻动避免粘连
10. 炸好的丸子会浮起来 不知道到底熟了没有 可以用筷子夹一个尝一下 作为参考
11. 炸好的丸子控一下油就可以吃啦 早上煮面条或者煮青菜汤 或者煮火锅炒菜都可以放这个藕丸",15,5,5,1330.0,2133.0,97.45,160.64,84.91,15.95,229.1,10.6,659.2,33.33,100.0,13,1,1,0,legacy,"[""家常菜"",""主食"",""外貌协会"",""快手菜"",""火锅"",""丸子"",""炸"",""简单"",""年夜饭""]","[""1"",""3"",""4"",""7"",""96""]"
15461,鸡汤小馄饨,鸡汤小馄饨,我们家的早餐喜欢小馄饨、汤面、汤粉，一切汤汤水水的，感觉吃完喝饱一天都元气满满！今天的鸡汤、馄饨皮、肉馅全是自己做的，不算快手但是口感超好。我不喜欢外面满是筋筋拉拉的廉价肉做的小馄饨，馄饨皮为了追求薄然而没有筋道煮不了几分钟就烂烂了，自己做的馄饨皮就完全不会～,,250克猪肉，4克盐，100克葱姜切碎泡水，15克薄盐生抽，10克蚝油，一把虾皮，一把嫩芽紫菜，一只泰森煲汤煲鸡骨架，少许米酒，几滴芝麻油，少许榨菜碎，按口味加胡椒粉或辣椒油，几根香菜，馄饨皮材料，125克王后高粉，15克水，一只大鸡蛋,"1. 我买的泰森鸡骨架，煲汤专用的，价格也不贵主要是不用吃鸡肉，我不太爱吃鸡肉，买整鸡🐔都是浪费。加葱姜米酒煲汤一小时。这步提前一晚上做好或者用浓汤宝那些也成。
2. 葱姜水是一点点打进肉馅儿的，肉馅调制完毕后冰箱冷冻几分钟定型。

然后开始馄饨皮和成团，醒面几分钟，擀开，擀到很薄，具体过程因为早餐赶时间比较慌乱，多做几次就熟练了。擀皮过程因为满手面粉怕搞坏相机就没拍细节图。很薄，不要求薄如纸但是千万要薄，不然口感不好。
3. 包法比较随意，肉放中间然后四周收拢一捏即可。不要太用力捏。
4. 赶时间，捏的不算美，好在煮熟卖相还不错
5. 水开后，煮一两分钟全部浮起就可以了。我煮了三分多。
6. 热过的鸡汤倒入提前准备的小碗，榨菜碎、紫菜虾皮香菜段直接丢进去，用漏勺捞馄饨倒入汤中即可。",17,3,3,301.0,898.5,44.61,79.57,1.22,0.0,52.9,4.12,258.3,23.53,100.0,7,4,6,0,legacy,"[""馄饨"",""汤羹"",""家常菜""]","[""4"",""7"",""9""]"
15473,莴笋木耳肉片,莴笋木耳肉片,"记录老妈日常做的美食，都是一些家常味道😋

非专业，不喜勿喷，欢迎交流😊

拍照技术不佳请大家谅解🌚",,适量莴笋，适量猪肉，适量木耳，少量郫县豆瓣，生抽，花椒，姜，醋，淀粉,"1. 🌟莴笋切片，木耳去掉底座脏东西，洗净泡一个小时的水，沥干水份（不能隔夜泡，会产生毒素，也不要泡太久）                                                                                          🌟肉切片，加淀粉和少许生抽调匀                             🌟花椒几颗，姜切片
2. 🌟锅中热油，先下肥肉炒一下，在下瘦肉翻炒
3. 🌟肉放一边，放少许郫县豆瓣炒出红油后和肉一起翻炒，在加花椒和姜片继续翻炒
4. 🌟放木耳和莴笋翻炒，快出锅时加少许醋调味即可
5. 🌟简单好吃，下饭～",4,3,3,0.0,0,0,0,0,0,0,0,0,75.0,0.0,0,0,4,0,legacy,"[""家常菜"",""快手菜""]","[""4"",""33"",""145""]"
15916,简易版鱼香肉丝,快手简易版鱼香肉丝,各地的鱼香肉丝不可能完全一样，我的就是自己家爱的口味和配料。不喜勿喷。,,150克瘦肉，半根胡萝卜，1个青椒，10-15朵木耳，1/3个洋葱，3-5粒花椒粒，糖醋碗汁，2勺白糖，1勺白醋，1勺蚝油，3勺生抽，1勺淀粉，微量盐，微量料酒,"1. 备菜，胡萝卜，青椒，木耳，洋葱分别切丝。我做鱼香肉丝一直都会配洋葱，很好吃的哦。
2. 猪肉切丝。因为这是家常版，家里有什么肉就用什么肉了，最好的是里脊，我就是切了一段比较瘦的腿肉。切丝后，加入淀粉和微量料酒生抽，抓匀后腌制，为了一会炒肉丝的时候肉丝不老。
3. 热锅凉油，烧热后翻炒肉丝，肉丝变色熟透后，出锅备用。
4. 热锅凉油，油热后加入花椒粒爆香，把配好的素材一起倒入锅中爆炒，如果火急，可以加一点水避免糊锅。炒到素材变软变熟后，加入肉丝继续翻炒一下，大火翻炒几下，加入调好的糖醋碗汁，因为碗汁中有淀粉，这样就直接勾芡了。这一步我基本就是快速颠勺几下，就立刻可以关火啦，亲们也可以换小火，翻炒几下。然后就可以出锅啦！
5. 刚出锅拍的照片，还有热气。这道菜，我家老少都很爱吃，也下饭。菜的颜色也比较好看，不麻烦又好上手。",14,5,5,775.0,814.5,32.48,46.88,73.92,13.68,219.8,34.74,168.1,42.86,100.0,1,10,3,0,legacy,"[""鱼香"",""家常菜"",""下饭菜""]","[""4"",""5"",""6"",""11"",""33""]"
16092,冒菜,自制冒菜,所有喜欢吃的东西都可以往里放，其实我是剩东西太多了，要处理😁,,8个鹌鹑蛋，3瓣大蒜，1段葱，少量姜，1个土豆，1把粉丝，1根香肠，2个鱼丸，2个牛肉丸，1根腐竹，1张豆腐皮，2个大料，2勺郫县豆瓣，1勺剁椒，2个干辣椒，10粒花椒，适量鸡精，适量辣椒油，适量麻辣粉，适量孜然粉，适量胡椒粉，一汤勺花生油，适量鸡精,"1. 准备好想吃的食材（啥都可以放）
2. 准备好葱姜蒜，辣椒，花椒，大料和所需调料 （料越全越好）
3. 葱姜蒜煸锅直到出味
4. 加入两大勺郫县豆瓣酱和一大勺剁椒继续煸锅30秒
5. 加入适量的水（根据食材的量）煮沸
6. 把准备好的食材倒进去，继续煮到熟
7. 可按好煮的先后顺序，像粉丝这些可以最后放
8. 加入胡椒粉，孜然，麻辣粉，鸡精等调料（调料一定要全）
9. 出锅，再放点辣椒油，简直人间美味😍",22,4,4,792.0,1026.1,69.61,41.55,96.11,3.24,345.7,15.91,2967.9,63.64,100.0,0,15,7,0,legacy,"[""快手菜"",""家常菜"",""川渝小吃"",""单身食谱""]","[""2"",""3"",""12"",""101""]"
16196,儿童无辣鱼香肉丝,儿童无辣鱼香肉丝(鱼香汁),孩子一般都喜欢酸甜口的菜品，但是饭店的鱼香肉丝都辣，所以我经常在家给孩子做。口味不输饭店，孩子还非常喜欢吃!,,一块瘦肉，半根胡萝卜，5-6朵木耳(提前泡发洗净)，香菜或柿子青椒醋，1勺香醋，半勺淀粉，2勺糖，3根香菜，适量盐，适量老抽，1勺料酒，1勺耗油，1勺番茄酱，2-3勺清水,"1. 瘦肉切丝，可以用猪里脊或者鸡胸肉。
用五香粉，盐，淀粉，老抽，料酒拌匀腌10分钟入味。
2. 另取一只碗，调鱼香汁：
糖2勺，醋1勺，耗油1勺，生抽2勺，番茄酱1勺，清水2勺
3. 锅里放入平时炒菜那么多的油。烧热。
4. 油热后把姜丝煸香。底油有味，菜才会好吃。不吃姜的可以把煸干的姜丝捞出来。
5. 下入肉丝，滑散。
6. 滑散的肉丝，变色后，盛出。尽量把底油留下。
7. 肉丝盛出后，锅里还剩这么多油。其实肉丝不吸油。底油足够用。如果这时候你的底油不多了，可以酌情加一点。
8. 油热后，放入胡萝卜和木耳丝。
如果不喜欢胡萝卜可以换成青笋丝。
9. 胡萝卜丝炒软以后，木耳也熟了。
10. 放入之前过油了的肉丝。翻炒均匀
11. 倒入之前调好的鱼香汁。
12. 开中火，收汁，直到粘稠。
13. 放入香菜，翻拌片刻。即可出锅。
如果不爱吃香菜可以换成绿色的柿子椒。
14. 一份色香味俱全的儿童版鱼香肉丝就OK了。
超级下饭哦(´-ω-`)",14,4,4,204.5,404.9,17.7,30.53,17.16,4.61,85.5,14.47,120.1,35.71,100.0,0,11,3,0,legacy,"[""鱼香"",""家常菜"",""下饭菜"",""儿童""]","[""4"",""6"",""9"",""33""]"
16250,糖色～南乳花生焖肘子,不用炒糖色～南乳花生焖肘子（电饭锅版）,南乳花生焖猪手系广东的家常菜。基于纽约疫情居家令，华人超市实在是太多人了，基本上就在附近的老外超市买点食物，最近老外超市也很给力，入来很多猪肉类（平时基本上就是猪扒跟猪肉）难得碰到有猪手肉-前肘子，价格还比华人超市便宜呢，不过就是没法切开了。只能当肘子的方式焖了。,,一磅半左右猪手（前肘子），少许红衣花生，一大块姜，三块开平南乳，两勺南乳水，一勺米酒，4勺生抽，1勺老抽，2勺耗油，2-3粒冰糖，少许鸡粉，一片香叶，半个八角，适量葱,"1. 提前一晚放到保鲜层，第二天拿出室温完全解冻！是的我们吃的都是冰鲜肉。
2. 我一般不喜欢灼水，完全灼熟的肉焖出来口感味道总是觉得没那么好。我永远都是室温解冻后，开水洗一遍。
3. 红衣花生提前泡一下，姜刮皮拍碎。                    开水洗过的肘子加入生抽2勺，耗油2勺，搅碎的开平南乳2块，南乳水2勺，鸡粉适量腌制肘子，至少一小时吧！
4. 首先热锅冷油，油热后将姜块爆香，放入肘子煎香。（肘子下锅前用筷子刮一下上面的酱汁，不然会容易焦的）
5. 煎至双面金黄，这时将米酒淋上，再翻一下，关火即可。
6. 然后，肘子跟姜转移到电饭锅里。
7. 加入花生，香叶，八角，冰糖，剩下的2勺生抽，1勺老抽跟一块搅碎的南乳，还有刚才腌制的酱汁。
8. 加入开水泡过肘子大半，打开电饭锅煮饭功能（我得是单功能的）
9. 适当要翻转一下均匀上色。
10. 筷子试一下软糯程度，能轻易戳破肉就可以加入葱段（最好再加点香菜，我家里没有香菜了！）
11. 稍微收一下汁就可以了（加入葱段后我是喜欢打开锅盖收一下汁的）
12. 上碟，加少少葱花装饰！
13. 粤菜吃成了西餐的模式，哈哈😃",14,2,2,8.0,3.7,0.1,0.05,0.82,0.22,2.2,0.11,1.2,21.43,100.0,0,10,4,0,legacy,"[""电饭煲"",""快手菜"",""家常菜"",""私房菜""]","[""1"",""3""]"
16338,豆瓣鱼,豆瓣鱼,,,1条草鱼，4汤勺料酒，2根大葱，适量泡生姜，适量香油，适量泡红椒，2汤勺耗油，2大勺郫县豆瓣，2汤勺勺醋，2大勺芡粉，2根香菜，1根芹菜，适量花椒粒，适量藤椒粒,"1. 1.鱼买回来后再清洗一遍放入鱼盘里，（买鱼时记得叫杀鱼的把鱼侧身划几刀）。
2.部分大葱切丝放进鱼肚和侧面，然后倒料酒腌制。
3.大葱芹菜香菜切好备用，生姜红椒剁碎。
4.热锅倒入香油，油烧得差不多时放藤椒花椒粒、红椒、生姜和豆瓣酱，炒出红油后放入的耗油。
5.炒得差不多后就可倒入适量清水发火熬开，熬开后改小火放鱼在里面，在煮鱼时记得把汁淋在没有淹到的地方，后面鱼看起来差不多后就可以到醋勾芡粉收汁。
6.把鱼盛到鱼盘后把大葱芹菜放入锅里稍煮一下，把切好的香菜直接放盘子里，然后把煮好的菜和汁都盛好就好了。
๑乛◡乛๑希望你们能喜欢
                       么么哒~~∽",14,4,4,620.0,499.8,89.42,13.28,6.58,1.12,128.6,7.46,291.6,57.14,88.89,0,8,5,0,legacy,"[""家常菜"",""宴客菜""]","[""1"",""9"",""27"",""79""]"
16686,家常水煮鱼,家常水煮鱼,"输入这道美食背后的故事
我:要啥故事？没有故事，自己爱吃",,1条草鱼，适量豆芽，一颗青菜，一把干辣椒，一小段葱，一点点淀粉，一勺料酒，三瓣蒜，四片姜，一勺胡椒粉，两勺郫县豆瓣，一把麻椒，一颗香菜，适量盐,"1. 没有拍步骤大概说一下步骤吧
材料备好，葱姜蒜切末！

2. 鱼剔骨去头，鱼肉切成鱼片！
拿料酒，胡椒粉，盐，淀粉腌制15分钟左右
这时候准备配菜
3. 自己喜欢吃的青菜绰水至八成熟
把绰好的配菜盛出来放在盆地
我喜欢青菜＋豆芽
4. 另起炒锅放油，不是太热的时候放麻椒，葱姜蒜末，干辣椒，
翻炒两下飘出香味儿放郫县豆瓣酱，炒出红油
倒入料酒，清水
5. 水开放进去只鱼头鱼骨煮10分钟
十分钟后放鱼片进去需要煮2-3分钟
煮好盛在绰过青菜的盆里
6. 另起炒锅放油，油七成热放入辣椒粉，干辣椒，胡椒粉炸至金黄
浇料倒入盆里
7. 最后一步，放香菜点缀提味儿",14,5,5,688.0,521.6,90.06,13.41,11.32,1.57,121.4,7.61,205.8,71.43,100.0,0,10,4,0,legacy,"[""辣"",""家常菜"",""年夜饭""]","[""2"",""3"",""9"",""79"",""92""]"
17537,剁椒牛肉,剁椒牛肉,,,200克牛肉，2勺生抽，2勺料酒，适量姜丝，3瓣蒜，1勺淀粉，少许花椒油，少许香油，少许黑胡椒，1勺蚝油，4根线椒，6根芦笋，2勺剁辣椒酱，适量盐，适量食用油,"1. 鲜牛肉切丝，注意要逆纹路切，否则肉质会柴
2. 切好的牛肉中加入适量姜丝、料酒、生抽、花椒油、香油、黑胡椒和少许淀粉，抓匀腌制15-20分钟
3. 锅中倒入适量食用油，油热后加入姜丝爆香，然后倒入腌制好的牛肉和切好的蒜片，炒至变色
4. 然后加入两勺剁辣椒酱和切好的辣椒，大火翻炒至辣椒断生
5. 加入切好的芦笋，然后加入一勺蚝油继续翻炒，芦笋熟了即可出锅",15,5,5,740.0,379.6,43.8,17.57,13.4,0.17,27.4,5.49,146.2,40.0,100.0,1,8,6,0,legacy,"[""家常菜"",""下饭菜"",""辣"",""便当"",""快手菜""]","[""2"",""3"",""8"",""104"",""201""]"
17560,青团,网红青团,"又到了吃青团的季节啦～前阵子在下厨房翻了不少方子，见里面的配料五花八门，我综合了几个比较靠谱的方子，自己实验了几次，摸索了一个既简单方便又好吃的配比，在这里记录下来方便日后再做的时候可以翻阅，想自己动手做青团的朋友也可以把方子拿去用，方子真的靠谱，蒸好的青团不会软塌口感又很棒哦～
咸蛋黄肉松馅的青团是去年上海杏花楼首创出来的一款爆红于网络的青团，每天店门口大排长龙，据说要排两个多小时的队才能买到，而且买的时候还有限量，价格么48元/6个。若没工夫排队从门口黄牛手里买，居然已经被炒到200元/6个了……我的天～我看还是自己动手靠谱，吃过我青团的家人和同事全都高度一致好评！所以嘛哈哈～大家都来试试吧～好吃又不贵哈哈哈！

方子的量，我做出的成品是9个咸蛋黄肉松的和14个豆沙馅的哦，仅供参考。

做之前除了步骤要看清外，还请仔细看小贴士哦～看！完！再！做！",,＃面皮＃，15-20克麦青汁粉（或者艾草粉），300克水磨糯米粉（我用的三象牌），90克澄面，60克细砂糖，30克猪油（可用玉米油代替），适量温水（调麦青汁粉用），适量开水（搅和澄面用），适量热水（和面团用），＃馅料＃，12个咸蛋黄，适量肉松（我买的是新东阳猪肉粉松），适量沙拉酱（我用丘比香甜口味的），豆沙馅（京日清水红豆沙），＃表面装饰＃，少许黑芝麻（可选），少许沙拉油（玉米油）,"1. 准备工作：买整只的咸鸭蛋，最好别买那种一盒盒的咸鸭蛋黄，因为买得不好会有腥味，买整只咸鸭蛋自己敲比较好。买来后的咸鸭蛋水里浸泡一会儿，然后冲洗干净外面的泥，冲的时候可以用百洁布擦一下，很容易洗干净的哈。
然后把咸蛋黄一个个敲出来，把蛋白扔掉，记得一定要把蛋白揪干净啊，否则有蛋白残留很咸影响口感的哦。蛋黄敲好后上锅蒸，冷水上锅就可以，水开后蒸十分钟就肯定熟了，拿出来放凉备用。
2. A.先用温水把麦青汁粉（或者艾草粉）调成糊状，温水量根据实际情况来定，调成能流淌的比较稠的状态就好。
B.用滚烫的开水倒入澄面中，搅拌成很厚重的浆糊状态。
C.将糯米粉、细砂糖、猪油、浆糊状的澄面和麦青汁糊都放进厨师机，先开1档开始搅拌，这就相当于手揉时先用筷子搅拌的步骤，然后用热水（也就是比温水要烫，我是用刚才搅和澄面的开水，因为过了一会儿了，所以肯定没100度了，但是还是非常烫手的）慢慢往厨师机里加，别一下子倒太多，因为糯米粉不同品牌的吸水量不一样，再说前面调青汁粉的水量和调澄面的水量各人用得都不一样，所以没法确切说热水到底加多少，只能看状态一点一点加，千万别一下子倒很多下去水量大了再加粉～粉多了又要加水……这就乱套啦……所以一点点加哦，加热水的同时就可以把厨师机开到2档了。当然没有厨师机的朋友可以用手揉，放心，这个真的很容易揉的，这个不像做面包，要揉出膜，它是没法揉出膜的，只要揉到所有食材都均匀，然后一点都不沾手了，手感很好软硬适中的样子就OK了。
3. 揉好的面团，这个面团手感跟做面包的完全不同，它没有筋性，面团很听话，一戳一个凹坑。
4. 因为很听话，所以也不用松弛，直接搓成长条，然后用张保鲜膜把它盖住，以防干掉。
5. 趁着厨师机在揉面，我们来准备馅料。
冷却的咸蛋黄用叉子戳散，加入肉松，肉松可以自制也可以是市售的，方子可以在下厨房搜一个靠谱的～蛋黄和肉松的比例么按照自己喜好来调整，然后加入沙拉酱，我用的丘比沙拉酱香甜味，感觉搭配了非常好吃，沙拉酱不用挤太多，只要能起到粘合作用，让蛋黄和肉松抱成团就OK了。材料都加好后，戴上厨房专用一次性手套用手抓匀，这样很快很均匀，比用勺子或刮刀搅拌来得快也更均匀。拌匀后直接用手捏成这样一个个团，大小按自己喜好来，关键大小要差不多，但也不需要称量，不需要那么精准的哦。我12个咸蛋黄加上肉松后，捏成了9个馅。总的来说，馅的配比是咸蛋黄＞肉松才好吃哦，所以肉松要逐量加，别一下子放太多哦，搅拌好后可以尝尝口感再决定要不要继续加。
然后再把豆沙馅也捏好，同样，豆沙馅也可以市售也可以自制，自制的话自己在下厨房找方子哦，很多的哈哈～

6. 接下来开始包啦，揪一团面团下来，搓圆，然后把它捏成碗状，和包汤团的方法一致。
7. 塞个馅进去。
8. 然后用虎口慢慢收拢。我是用右手捏的，左手这样拿着也是为了拍个照片，多不容易……
9. 做好放在蒸笼上的时候，先在垫着的油纸上刷点植物油。因为我看到有的厨友在做青团时蒸好的青团会和油纸粘连，所以先刷点油比较保险。如果和我一样做了两种口味的，可以在一种口味的顶部都按几粒黑芝麻，这样就容易辨别口味了。
10. 豆沙馅的也全部做好了。
11. 在做豆沙馅的时候就可以把先做好的咸蛋黄肉松馅的上锅蒸了，锅里水烧开后再把青团蒸笼放上去蒸哦，大火蒸10分钟关火，取出后表面刷沙拉油（玉米油），因为沙拉油是熟油哦，别用其他植物油代替哦。话说，这个馅的青团，你咬一口就知道它为啥成网红产品了，真的好吃到爆表好不好！不过热量也高，注意管住嘴，别贪吃哦～偶尔放纵一下就OK啦哈哈～
12. 然后豆沙馅的也蒸熟咯，记得刷油哦～刷好油冷却后，青团即使紧挨着也不粘连了。看，还是圆滚滚，一点都不软塌哦。豆沙馅的放凉之后口味更棒呢，因为凉了后，皮更Q弹，豆沙馅的甜度也会随着温度下降而降低，好吃得很呢！
13. 一口咬下去，无与伦比地满足哈哈哈！能量也爆表啦(˶‾᷄⁻̫‾᷅˵)
",17,1,1,990.0,0.0,0.0,0.0,0.0,0.0,0.0,0.0,0.0,41.18,100.0,5,1,11,0,legacy,"[""快手菜"",""早餐"",""家常菜""]","[""35""]"
17674,荷叶糯米蒸排骨,荷叶糯米蒸排骨,莲是花中君子，莲叶里自然也带了一股清雅的香味，伴了糯米、排骨，热腾腾的肉味染了淡淡的清香，也勉强可算是雅俗共赏了哈。,,300克小排骨，100克糯米，1张干荷叶，3朵干香菇，2粒蒜，2大匙（或酱油膏）香菇素耗油，1小匙酱油，1小匙米酒，适量五香粉，适量白胡椒粉，1大匙香油，1/4小匙盐，适量葱花，适量辣椒,"1. 将糯米洗净，浸泡一晚，捞出沥干水分。将香菇浸泡软后洗净，切丝。将荷叶用滚水滚烫后洗净，晾干备用
2. 将排骨切成约1-2公分厚的块状，洗净沥干水分，盛入玻璃盘中。将蒜去皮洗净切末，再将调料及蒜末倒入玻璃盘中
3. 将作法2的排骨肉与调料1搅拌均匀，腌制约1小时
4. 将糯米与香菇丝倒入腌制好的排骨中混合搅匀
5. 将拌匀的排骨倒入荷叶中
6. 将荷叶沿四周包好，再用棉绳包扎好
7. 取一蒸锅，水煮沸后将荷叶包放入蒸锅，盖紧锅盖，以大火蒸约1小时
8. 将蒸好的荷叶包取出，装入盘中，再沿四周打开，最后撒上葱花及辣椒即可",14,6,7,429.0,1154.8,62.65,62.22,86.16,0.91,53.9,3.92,137.0,50.0,90.0,2,7,4,0,legacy,"[""家常菜"",""清蒸""]","[""1"",""2"",""4"",""17"",""32"",""64"",""93""]"
17798,家常大盘鸡,家常大盘鸡,,,1只鸡，3个小土豆，1个红椒，2个尖椒，1罐啤酒,"1. 整鸡斩块，冷水下锅煮出血水，水中放小葱结，姜片，八角，花椒等香料以及料酒，鸡肉块不用完全煮熟
2. 尖椒切段，红椒切块，小土豆削皮切块备用，切一点姜片和蒜泥备用
3. 中火把锅烧热，转小火，加入适量油，加入白砂糖，炒出焦糖色后开大火，加入鸡肉块，翻炒均匀
4. 鸡肉块翻炒均匀后，依次加入老抽，生抽，蚝油，翻炒均匀后，加入适量的啤酒末过鸡肉块后，再加入小半碗水，转小火炖20分钟
5. 加入土豆块，继续炖10分钟
6. 放入尖椒，搅拌均匀后加入葱花，炖两分钟后加入彩椒翻炒一分钟，即可出锅",5,4,4,1030.0,408.5,13.3,1.5,90.5,4.95,53.5,2.4,40.5,80.0,100.0,0,5,0,0,legacy,"[""宴客"",""家常菜""]","[""11"",""12"",""24"",""49""]"
18373,家常下饭鸡公煲,家常下饭鸡公煲,来上海十多年，虽然外面鸡公煲有很多家，也可以说遍地都是，但是我却只喜欢吃一家的重庆鸡公煲！后来搬来江苏生活就很少机会吃了，但是...难不倒我，去上海吃不方便，那就自己在家做吧！,,1只鲜鸡腿，2个鸡翅，半个洋葱，1把芹菜，2根香菜，1瓶啤酒，1勺料酒，2勺生抽，半勺白胡椒，适量葱姜蒜，5个干辣椒，一小把花椒，1勺半豆瓣酱，2勺甜面酱，1勺东北大酱，一小勺糖，一小勺鸡精,"1. 准备一个大鸡腿，两个鸡翅！也可以直接来半只鸡！都可以！
2. 准备洋葱半个，芹菜一把！不喜欢吃菜可以不放或少放，这样做出来的鸡肉会更好吃！我比较喜欢吃里面的菜所以放的会比较多些！
3. 菜切好备用！
4. 鸡肉剁小块！切记切记，小一点块，这样比较Q比较入味！
5. 剁好的鸡肉里放两勺生抽！
6. 1勺料酒！
7. 少许白胡椒粉！
8. 抓匀备用！
9. 不粘锅烧油！
10. 油热下鸡肉块，煎至金黄！如果煎的时候下汤了，就把汤倒出来，留一点点汤就可以！继续煎，直至金黄！
11. 煎好盛出备用！
12. 葱切斜段，姜切片，蒜切片，干辣椒，一小把花椒！备用！（能吃辣可以多放些干辣椒，不能吃辣就少放些！）
13. 调料全放在小碗里了！
14. 豆瓣酱，甜面酱，还有我老家的东北大酱！如果没有东北的大酱可以不放！其它两样可不能少哦！（多加个东北大酱，做好后酱味会比较浓！）
15. 锅内下油烧热，下葱姜蒜辣椒花椒！
16. 下两勺豆瓣酱！
17. 炒出红油！
18. 下鸡块翻炒均匀！
19. 再下一勺半甜面酱！一勺东北大酱！
20. 翻炒均匀！
21. 加半瓶啤酒！
22. 我这个加了一瓶啤酒，有点多了，半瓶就可以了！（如果后期不放菜，或者放的菜比较少，就少加点啤酒就可以！
23. 煮开后我倒入砂锅里了！没有砂锅可以直接用普通锅煮就可以！盖盖儿焖煮十五分钟！
24. 十五分钟后加入之前准备的菜！继续焖煮五分钟，煮好后锅里正好是剩一点点汤汁就好！否则一开始就要少加一些啤酒啦！（这个度要看自己煮多少肉多少菜而定！所以慢慢掌握，有可能不是一次就能掌握好的哦！）
25. 最后加半勺鸡精，这样会更鲜！不喜欢可不放！做好就是这样啦，没有多少汤的，有点干锅的感觉，就是正好的啦！上面放点香菜！可以开吃啦！",17,8,9,760.0,261.1,21.17,12.45,17.98,3.6,55.8,2.35,163.8,41.18,100.0,0,16,1,0,legacy,"[""家常菜"",""宴客"",""下饭菜""]","[""1"",""2"",""3"",""5"",""9"",""24"",""27"",""71"",""589""]"
18627,神器咖喱鸡,下饭神器咖喱鸡,咖喱鸡，一道对厨艺小白也很友好的菜，下面就跟着我开始吧！,,1盒（100克）好侍百梦多咖喱，750克鸡腿（手枪腿约2只），2只土豆，1根胡萝卜，1只洋葱，适量葱、姜，适量生粉，适量盐,"1. 将鸡腿连骨剁成块状，洗净沥干水份备用；将土豆、胡萝卜削皮洗净切块，洋葱洗净切片，葱姜剁碎备用。
2. 鸡腿块加入少量盐、生粉抓匀，腌制10分钟许，让鸡腿肉更嫩。
3. 适量油下锅，油烧热后，放入葱姜爆锅，随后加入鸡腿块、洋葱和少量料酒翻炒一小会，随后放入土豆块、胡萝卜块继续翻炒，直至鸡腿肉炒至变成微黄色。
4. 加入约450毫升水（具体根据情况，水量刚没过锅内的菜即可），开大火煮开后转小火继续煮约10分钟，是否煮到位以锅内土豆块能以筷子戳烂为宜。煮制期间记得时不时用锅铲翻动几下，以防粘锅。
5. 将一整盒咖喱块放入锅内，转中火继续煮约2-3分钟。
6. 煮呀煮，至咖喱块完全融化、汤汁变得黄亮浓稠，此刻再尝下咸淡，如淡了再加点盐，味道完美后大火收汁即可出锅啦！
7. 香喷喷出锅，不输大饭店的口感，赶紧试试吧！",7,4,5,1320.0,1444.8,162.15,55.14,77.46,5.97,95.4,16.8,662.0,71.43,100.0,1,4,2,0,legacy,"[""咖喱"",""下饭菜"",""东南亚"",""快手菜"",""家常菜"",""下饭""]","[""5"",""6"",""12"",""24"",""589""]"
18680,汁香肉嫩的爆汁照烧鸡腿饭,汁香肉嫩的爆汁照烧鸡腿饭，请给我来5份！,只要一提起照烧鸡腿饭~那焦糖色的酱汁，软嫩的鸡腿肉和喷香的米饭一定让你黯然销魂~今天hoyaa将教大家做一道“爆汁照烧鸡腿饭”~一口米饭一口肉，好吃到根本停不下来~,,4个鸡腿，5朵西兰花，5片胡萝卜，1碗米饭，3片姜片，6片蒜片，2勺盐，1勺鸡精，2勺料酒，1勺酱油，1勺蜂蜜，适量黑胡椒粉，少许食用油，小半碗清水,"1. 备好食材，姜，蒜切片，西兰花和胡萝卜片烫熟备用～
2. 鸡腿洗净去骨
3. 把去骨鸡腿肉放入碗中，然后加入姜片
4. 接着加入1勺盐，1勺料酒
5. 加入适量黑胡椒粉
6. 将它们搅拌均匀，腌制15分钟备用
7. 这时我们开始调制酱汁，加入1勺盐+1勺鸡精+1勺蜂蜜+1勺料酒+1勺生抽+1勺老抽+小半碗清水充分搅拌均匀
8. 接着起锅开火小少许的油（油不用多，因为鸡皮还会出油），并放入蒜片爆香
9. 然后把腌制好的鸡腿肉放入小火慢煎，煎至两面金黄
10. 然后淋上调制好的酱汁
11. 盖上锅盖，小火焖煮10分钟
12. 10分钟到！出锅～盛出美味的鸡腿肉，切小块后即可摆盘
13. 酱汁浓郁，肉嫩多汁，一口米饭一口肉，好吃到停不下来，香喷喷的爆汁照烧鸡腿饭就大功告成咯～
14. 这样一份美味，你怎能错过？
今日份hoyaaの美食温度也是沉浸在品尝美食的快乐里呢~喜欢的小伙伴们不要错过，快来试试吧~喜欢的小伙伴们要记得关注hoyaa哦~更多美味下期见~",14,5,6,2874.0,2023.4,173.02,46.49,259.69,9.47,1007.3,31.57,1512.0,42.86,100.0,0,12,2,0,legacy,"[""饭"",""日式"",""家常菜"",""下饭菜""]","[""2"",""3"",""6"",""24"",""53"",""589""]"
18882,茶树菇炒牛肉,茶树菇炒牛肉,很喜欢新鲜茶树菇的鲜脆口感，如果是晒干的茶树菇可以用来煲老鸭汤，味道会更香浓鲜美，新鲜的就让我们和牛肉丝一起翻滚起来吧😄,,200克牛肉丝，200克茶树菇，3朵香菇，3朵口蘑，2勺生抽，半勺老抽，1勺蚝油，1勺白糖，1头独头蒜，1勺料酒，半勺黑胡椒粉，1.5勺淀粉，半勺盐，半个彩椒，半个洋葱,"1. 准备食材，第一步腌制牛肉丝
2. 牛肉丝内依次放入生抽一勺，淀粉一勺半，黑胡椒粉半勺和料酒一勺
3. 搅拌均匀后用保鲜膜封好口放入冰箱内，腌制时间最好在半小时以上最佳
4. 准备配菜，红彩椒和洋葱都是牛肉的好朋友👭
5. 将洗干净的茶树菇和切片的香菇口蘑都放入开水中焯水，此举主要原因有3点：1、为了去除蘑菇中过多的草酸；2、焯水可以去除蘑菇的异味，让蘑菇的味道更加纯正；3、焯水可以减少蘑菇的水分。蘑菇类的食材都含有大量的水分，焯水可以减少蘑菇中的水分含量，避免炒制过程中出水太多，同时也缩短了蘑菇在锅里受热的时间，避免更多的营养成分被破坏掉。看来无论什么炒蘑菇的小菜，大家都不要把焯水这一步忘记呦👆
6. 起锅宽油，炒牛肉一定要多放点油，油热后先把腌制的牛肉丝滑锅，待牛肉丝变深色，加入半勺老抽上色，盛盘待用(此步骤忘记拍照了😢)，再起锅放入适量色拉油，油热后把姜蒜爆香后放入洋葱，彩椒丝，焯过水的蘑菇（切记要把水沥干），翻炒片刻，加入蚝油一勺，翻炒均匀后把牛肉丝放进去一同翻炒，此时了加入一勺老抽，白糖，起锅前再放半勺盐（咸淡味适中即可，最好还是放盐前亲自尝尝味道）
7. 最后一步就不用再说了吧😄🍚伺候起来",15,7,7,522.5,955.6,79.71,8.25,165.3,15.89,173.4,34.56,31.2,46.67,100.0,2,13,0,0,legacy,"[""快手菜"",""家常菜"",""下饭菜""]","[""2"",""5"",""8"",""23"",""74"",""103"",""147""]"
18920,红烧狮子头,红烧狮子头,"天气凉爽，胃口就特好。平时总幻想着大口吃肉大碗喝酒的豪爽样子。一口一个红烧狮子头，该是如何的过瘾呢？
这不就实现了一回～
特大号红烧狮子头～捏出来的比我手还大的狮子头，有一个沙锅这么大呢～
因为第一次做，美中不足的是拌肉糜的时候水稍微多了一些，馅调得偏软了，下锅炸后扁了些．下回改进，做个正圆特大号狮子头～
不过，味道么，绝对不俗哦～",,半肥半瘦的五花肉糜为佳猪肉糜，1节莲藕，1个鸡蛋，1大匙葱姜水，黑木耳，盐，酱油，淀粉，糖，胡椒粉，蚝油，黄酒，适量水淀粉,"1. 鲜藕去皮，洗净，切成末备用
2. 葱姜水做好备用．
3. 肉糜中，加入鸡蛋，莲藕末，再加入1大匙酱油，1大匙淀粉，1大匙葱姜水，少许的盐，充分搅拌均匀并上劲
4. 捏出丸子备用．
5. 锅中倒入适量油，烧至七成热，大火放入肉丸子，表面成型后转小火炸至外表呈金黄色，捞出沥油
6. 将锅中的油倒出，丸子放入锅内，加入适量高汤或清水，大火烧开，改小火焖烧约３０分钟．还差１０分钟左右起锅时，放入木耳，白糖，胡椒粉，蚝油，酱油，黄酒，烧至汤汁快收干，最后用水淀粉勾芡盛出．",13,2,2,50.0,69.5,6.55,4.3,1.2,0.0,28.0,0.8,65.8,38.46,50.0,0,1,11,0,legacy,"[""红烧"",""家常菜""]","[""7"",""33""]"
19133,鲜美辣炒白贝,鲜美辣炒白贝,鲜美的白贝，夏天吃肉太油腻，吃点贝类鱼类还是不错滴选择。,,1斤白贝，2-3瓣蒜，2-3个干辣椒，1-2滴蚝油，少许白糖，适量葱花香菜，少许淀粉,"1. 白贝吐沙，清洗干净备用
2. 小火煸炒出辣味（我口味重，想吃的鲜美可以少放点辣椒）
3. 加入蒜泥炒出香味，加1-2滴蚝油（蚝油多了会很咸），加入一盘子水
4. 水开倒入白贝，煮至白贝全部开口，加少许糖提鲜。
然后倒入淀粉水勾薄芡。
5. 出锅前倒入葱花香菜拌匀。
最后摆2根香菜叶装饰下。",7,3,3,518.0,28.0,1.12,0.39,5.72,1.42,6.2,0.36,3.1,71.43,100.0,1,3,3,0,legacy,"[""家常菜"",""快手菜"",""大鱼大肉"",""下酒菜"",""清淡"",""辣"",""炒""]","[""1"",""2"",""9""]"
19235,美龄粥,美龄粥,开始照顾好自己,,100g鹰嘴豆，50g大米，10g杏仁,"1. 清洗鹰嘴豆、大米，分别浸泡过夜。
2. 早起后，刷牙洗手，喝300ml水。然后将豆子加1000ml水，破壁机选豆浆模式。接下来可以洗脸了………
3. 一般我洗脸20分钟就够。豆浆出炉需要30min，中间10分钟可以先在小奶锅里加200-300ml水烧开，然后把大米放进去煮到粘稠，中间可以时常搅拌。
4. 豆浆出炉后加一半到煮米粥的锅里，这个时候一定要小火！！！
然后慢慢煮，我习惯一边听课一边用勺子搅拌，当然听的内容你任选，我经常听相声或小品，大清早心情好👌
至于要搅拌多久，我都是一直站在锅边，边听边搅拌，等我感觉浓稠度和画面可以了，然后就开吃🍠
5. 不要问我图哪里去了，这个粥我做过两次，明天上详细图",3,3,3,160.0,570.8,27.4,9.19,101.09,12.7,163.7,4.17,7.7,100.0,100.0,3,0,0,0,legacy,"[""中式早餐"",""粥"",""早餐""]","[""20"",""25"",""119""]"
19346,榴莲煲土鸡,榴莲煲土鸡,端午节回老家，我妈让我带了好多只土鸡回长沙，吃不完。正巧今天买了一个榴莲，吃不完，于是就煲了汤,,半只土鸡，2只榴莲，5片姜，100g榴莲（白色部分），10粒枸杞，10粒红枣，10粒干桂圆肉，少许盐,"1. 先将土鸡洗干净，在沸水中过血水
2. 将所有的食材放入汤锅中
3. 将过水的鸡放入食材中，加水没过鸡身，大火炖15分钟，转小火炖30分钟。即可。

4. 最后汤好后，放盐。出锅
",7,5,5,1445.0,533.2,9.15,10.35,104.5,7.21,35.6,2.18,16.8,85.71,100.0,0,6,1,0,legacy,"[""家常菜"",""汤羹""]","[""3"",""21"",""24"",""57"",""196""]"
19364,海参小米粥,海参小米粥,闲来没事自己随便做的,,少许小米，5个海参，少许姜，两到三根葱，少许盐，少许黑胡椒,"1. 准备干海参
2. 用纯净水泡发。
3. 每天都换一下水，这个是泡了两天的。一定要记得用纯净水泡
4. 泡了两三天后，将海参放无油的容器内煮制海参变软。轻轻捏起来没有硬硬的感觉。
5. 煮好之后闷置冷却，换纯净水接着泡（夏天泡发需放在冰箱泡发）
6. 我这个是泡发十天之后，十天里面煮了二次，放冰箱里面泡发。（切记泡发过程需无油，全程纯净水。）
7. 泡发好之后去除头部的牙齿。
8. 切成片片，加生姜末腌制一下（除一下腥味）
9. 小米煮好之后，腌制好的海参片下锅煮两到三分钟就可以了。依次加入调味料和葱就可以了
10. 香香的海参小米粥就做好啦~😊😊😊",6,3,3,250.0,195.0,41.25,0.5,6.25,0.0,712.5,33.0,1257.2,50.0,100.0,0,2,4,0,legacy,"[""粥"",""中式早餐"",""主食""]","[""3"",""127"",""189""]"
19367,鱼香金银蛋饼,鱼香金银蛋饼,"豆腐和鸡蛋做成金银蛋本来很寡淡
但淋上鱼香酱汁可就不是这么回事了哦！",,#蛋饼，65g豆腐，4个鸡蛋，1/2小匙盐，1小撮白胡椒，#鱼香酱汁，5g姜末，5g蒜末，7g葱花，2大匙郫县红油豆瓣，1小匙酱油，1小匙料酒，1小匙白糖，1小匙醋，1/2小匙鸡精，100ml清水，2小匙淀粉，10g泡椒,"1. 鸡蛋打散
2. 豆腐切成
3. 8厘米见方小丁
4. 鸡蛋液和豆腐丁混合均匀
5. 加入盐和胡椒调味
6. 按照图片中的分类方式准备好调味酱汁的所有材料
7. med模式预热料理机5分钟后，倒入鸡蛋豆腐
8. 加盖焖5分钟
9. 然后用竹签和硅胶铲辅助翻面
10. 直到蛋液凝固成为蛋饼，取出蛋饼放在盘子里备用
11. 更换成平盘，将温度调整直high，放入少许食用油热油
12. 倒入姜、蒜、泡椒和豆瓣炒香
13. 倒入混合均匀的调味汁然后调整温度至warm
14. 收汁至粘稠即可
15. 可以直接作为酱汁淋在蛋饼上吃
16. 也可以把蛋饼切开与酱汁炒匀了吃～",18,4,4,302.0,382.1,31.04,20.8,18.74,0.61,176.1,4.4,269.7,44.44,93.33,6,8,3,0,legacy,"[""下饭菜"",""鱼香"",""家常菜""]","[""1"",""2"",""3"",""7""]"
19393,红三剁,超级下饭的红三剁,"不起眼的下饭菜，
做了一定不会后悔。😄",,50克猪肉，1个西红柿，3个青椒，2个红椒，6个小米椒，若干姜，若干蒜,"1. 新鲜里脊肉切成肉末，加蒜末、生姜末、盐、五香粉、淀粉、酱油（少许）搅拌均匀，盖保鲜膜腌制十五分钟。
2. 青椒、红椒、小米椒均切成末备用。
3. 西红柿切成末备用。
4. 锅内热油，倒入腌好的肉末炒至变色，捞起。
5. 将青红椒末倒入锅中爆炒，炒香后加入西红柿末，炒至汤汁浓稠，加少许盐。
6. 加入炒好的肉末继续翻炒均匀，收汁即可盛出。",7,7,7,1150.0,605.3,34.97,18.37,121.98,70.8,207.4,5.17,123.9,100.0,100.0,1,4,2,0,legacy,"[""下饭菜"",""快手菜"",""下饭""]","[""2"",""3"",""4"",""11"",""14"",""18"",""49""]"
19538,照烧杏鲍菇,照烧杏鲍菇,照烧，就是甜酱油口味，加上海苔可以增加风味，很适合下饭,,1大匙海苔碎，两三个杏鲍菇，一个青椒，3大匙生抽，1大匙糖，1小匙姜末,"1. 杏鲍菇切成滚刀块，青椒去蒂去籽切块待用
2. 锅烧热下少许油，下姜末煸香，然后下杏鲍菇翻炒，直到把水分炒出来，让水气蒸发一下，加入青椒同炒
3. 倒入生抽和糖，继续翻炒到只有一点浓稠的汁，出锅前加海苔碎拌炒均匀即可",6,3,3,238.0,73.8,2.69,0.44,17.43,3.37,30.5,1.1,12.0,50.0,83.33,0,5,0,0,legacy,"[""照烧"",""下饭菜"",""炒"",""素菜"",""创意菜"",""素食""]","[""3"",""11"",""83""]"
20193,清炖鸡腿,清炖鸡腿,想吃清淡又不油腻的鸡腿，翻遍菜谱不是烧卤就是煎炸烤，无一令我满意。自创菜谱，易操作，口感好，清淡鲜嫩、营养减脂。分享给大家。,,2只鸡腿，4朵香菇，2勺花雕酒，适量麻油，若干枸杞，适量盐，适量葱，适量姜,"1. 鸡腿去皮去可见脂肪，抹盐，放入姜片腌制1小时。

2. 加2勺花雕酒，加若干麻油抹匀，铺上泡发好的香菇、葱段，放入炖盅。
3. 隔水炖锅内倒入矿泉水，开盖隔水炖，没有炖盅可以用锅蒸，因为要吸收水汽，因此用品质较好的矿泉水汤汁更鲜甜。
4. 用筷子插入鸡肉可以很轻松，说明蒸好。蒸好后取出装盘，保留汤汁，撒上枸杞、葱花、或者香菜配色增味。喜欢胡椒的可以撒一点。完工！非常鲜嫩多汁，清淡简单又有营养。",8,5,6,320.0,371.2,50.24,17.52,4.16,2.64,1.6,4.56,177.8,62.5,100.0,0,3,5,0,legacy,"[""减肥"",""家常菜""]","[""1"",""3"",""23"",""24"",""57"",""589""]"
20298,肉皮烧茄子,肉皮烧茄子,,,2个长茄子，300克肉皮丝，10克葱，10克姜，10克蒜，50克蒜薹，100克黄豆，盐，鸡精，蚝油，料酒，酱油，淀粉，剁椒酱,"1. 肉皮先焯水后，再切成丝
2. 蒜薹切段；姜蒜切粒
3. 然后再入锅重新加水；葱；姜片；加盐2克；加酱油5克；加入提前一夜泡透的黄豆，调色小火煮30分钟
4. 肉皮；黄豆捞出备用
5. 茄子切成条后，放入容器中加入5克盐，抓匀杀一杀水分，茄条能收紧，就能少吸油
6. 锅中放油，烧至冒青烟时，大约7-8成热，放入茄子条，高温茄子吸油最少，炸制稍微有黄色时捞出
7. 在大碗中放入1克的食用碱面，冲入开水
8. 放入炸好的茄条泡1分钟捞出。茄条能吐出不少的油来
9. 控水备用
10. 锅中放油，爆香姜末；蒜粒
11. 加入料酒10克；酱油5克；蚝油10克；鸡精3克
12. 倒入黄豆肉皮后，加入持平的开水，煮至片刻，即可加入剁椒酱5克
13. 加入炸好的茄条，立即淀粉勾芡，即可出锅",14,5,5,380.0,443.1,36.74,16.17,46.18,17.27,214.3,10.69,8.6,50.0,100.0,6,1,7,0,legacy,"[""家常菜"",""下饭菜""]","[""1"",""2"",""3"",""87"",""258""]"
20438,清炒莴笋丝,清炒莴笋丝,,,1根莴笋，2根尖椒，葱花，姜丝，红辣椒,"1. 莴笋切丝。
2. 尖椒切丝，准备好姜丝葱花。
3. 油热爆香葱花姜丝，加入辣椒丝。
4. 加入莴笋丝翻炒，放盐少许，生抽一勺，蚝油一勺。
5. 翻炒软后出锅开吃！",5,5,5,500.0,89.0,4.6,0.9,18.8,1.8,91.0,3.3,123.5,100.0,100.0,0,2,3,0,legacy,"[""炒"",""家常菜"",""素菜"",""清淡""]","[""1"",""3"",""11"",""50"",""145""]"
20623,红烧五花肉,红烧五花肉,步骤细致的五花肉菜谱，家传的方法，熟悉的味道。,,500克五花肉，2.3大片姜，2勺料酒，3个八角，1勺老抽，2段葱，2个（看自己口味调节）干的红辣椒，2大勺白糖或者冰糖，1小勺盐,"1. 用热水把五花肉洗干净（凉水洗不干净的，用淘洗第二遍的淘米水洗也很干净）。把肉皮上的毛毛拔干净，用刀刮一刮。洗干净后切成块（太大不入味儿，太小会熬化的）
2. 葱辣椒切成段，姜切成片准备好。
3. 锅中倒入水，大火煮沸，倒入五花肉，盖上盖子，再次烧开（倒入的水量应该没过五花肉这么多）。将五花肉盛出，用凉水将五花肉上的血沫洗干净，放在干净的碗中空空水。
4. 大火烧热锅，放入油，调节成中火，先放入八角炸香，放入葱姜，炒一炒，放入五花肉，炒至变色。
5. 加入料酒，白糖，老抽（酱油），翻炒均匀后兑入开水，水量没过五花肉。调成大火烧开后，再调成小火慢炖约1小时，看着汤汁快要炖干时，转大火加盐收汁，出盘，就完成啦！",9,2,3,718.4,2253.5,105.74,174.61,107.3,83.9,59.0,18.76,294.7,33.33,87.5,1,6,1,0,legacy,"[""家常菜"",""红烧""]","[""3"",""4"",""10""]"
20678,平底锅版锡纸牛肉,懒人平底锅版锡纸牛肉,不用洗锅洗碗好快乐。,,牛肉，2勺生抽，1勺老抽，2勺蚝油，半勺盐，半勺糖，1勺淀粉，4勺清水，4勺油，辣椒，洋葱，芹菜，土豆，金针菇，菇，菜花,"1.  牛肉切薄片或者条，加入腌料搅拌均匀，腌制15分钟（让牛肉口感嫩滑的秘诀：清水+油，锁住水分的同时可以使牛肉更鲜嫩多汁）。
2. 取一张锡纸，哑光面接触食物，半个洋葱切块铺底。配菜可以放芹菜段、金针菇、土豆、笋之类的。放上辣椒，撒少许盐和油，放上腌制好的牛肉片（连汁一起），撒少许黑胡椒。
3. 再盖另一张锡纸，四周边缘处卷起叠紧，简单粗暴扔进锅里。
4. 盖盖，小火焖20分钟左右。焖的时候会起水蒸气，沿着锅盖滴落回锅底。（⚠️建议用没有涂层的锅，因为干烧会损坏涂层）
5. 开盖，划开锡纸吃吧，还可以撒点香菜和熟白芝麻。配点主食，分分钟吃光。
6. 配米饭超香",16,7,7,5.0,17.6,0.01,0.03,4.3,0.0,0.7,0.03,0.1,50.0,100.0,0,8,8,0,legacy,"[""平底锅"",""家常菜"",""快手菜""]","[""5"",""8"",""12"",""17"",""27"",""46"",""208""]"
20689,凉拌苦瓜,凉拌苦瓜,我比较喜欢的凉拌苦瓜的做法，用到多种原料，口味丰富，苦瓜的苦味就不那么明显了，相信这一点点苦大多数人都能承受。,,苦瓜，胡萝卜，香菜，尖椒，黑木耳,"1. ．苦瓜去籽，切成粗丝，在滚水里加一点盐和油，投入苦瓜丝焯烫十五秒钟，迅速捞起浸在凉水里。这样处理过的苦瓜能保持鲜艳的绿色
2. 胡萝卜和尖椒也切成丝；香菜切段；黑木耳用冷水泡发，清洗干净，撕成小朵
3. 分别把胡萝卜丝和黑木耳用滚水烫熟
4. 将所有原料混在一起，用盐、香油拌匀即可",5,5,5,0.0,0,0,0,0,0,0,0,0,100.0,0.0,0,0,5,0,legacy,"[""凉菜"",""家常菜""]","[""6"",""9"",""11"",""33"",""265""]"
20818,豆瓣茄子肉丝,豆瓣茄子肉丝,本人一小食堂暂时做饭的美食爱好者，心血来潮做了这道豆瓣茄子肉丝，是根据两三个的做法结合的，非专业厨师，请勿喷。,,2个茄子，克里脊肉150，一个鸡蛋，一个青椒，适量豆瓣酱，适量盐，适量胡椒粉，适量蚝油，适量十三香，适量味极鲜，适量红烧酱油，适量淀粉，适量葱，适量姜丝，3瓣蒜末，适量料酒,"1. 里脊肉改刀切丝，装碗，打入一个鸡蛋，若肉丝量少，打入蛋清即可，加入少量清水，加入适量碘盐，红烧酱油，味极鲜，胡椒粉，蚝油，料酒，加入适量干淀粉，放些葱姜丝一个方向搅拌抓匀
2. 茄子改刀，可切滚刀块也可切厚片，装入容器，加入少量食用盐，抓匀待其杀出水分后，将杀出的水倒出，加入蛋黄，以及适量干淀粉，抓匀。
青椒一只，切丝。
3. 锅中烧适量食用油，将裹好的茄子加入油锅炸制，最好是大火，起到快速定型的作用。炸至茄子表面淀粉定型便可捞出控油备用。
4. 锅留底油，油热加入葱姜蒜，下入适量豆瓣酱，炒出红油，将腌制好的肉丝倒入翻炒划散，下入茄子，再加入少量盐，蚝油，翻炒后加入青椒丝，待青椒变软即可出锅装盘。",16,7,8,645.0,221.3,13.37,5.57,34.0,6.67,162.7,3.72,101.3,50.0,100.0,0,4,12,0,legacy,"[""家常菜"",""下饭菜""]","[""1"",""2"",""3"",""4"",""7"",""11"",""37"",""110""]"
21444,鲅鱼粉条,鲅鱼粉条（东北菜）,"在上海工作、父母看到好东西就给买，今天拿出来发现妈妈都给收拾完内脏洗干净了～
好久没吃鱼了，今晚做一个～还是打电话老爸远程教的～本来没打算写教程，有宝宝要吃，就随便发一下",,1条鲅鱼，1把粉条，腌渍调料：，5/6片生姜片，1小勺食盐，2铁勺料酒，2小勺13香，1铁勺生抽，炖鱼调料🧂，1/2瓶啤酒，5片姜片，2大节大葱，2铁勺黄豆酱，1小勺盐，1小勺鸡精，2个八角，2铁勺香醋,"1. 鱼去内脏，我是爸妈弄好了，我也不知道咋弄～这种事情除了我爸妈就是我老公处理
2. 腌渍调料腌20-30分钟！必须腌！
3. 鱼切成我这样，这是我老公切的
4. 热锅凉油，煎鱼！适当多点油！煎到两面都微焦，盛出。         锅中重新倒油，葱、姜、八角2个爆锅。 锅中出味道，把鱼重新倒入锅中！小心，别弄碎
5. 锅中倒啤酒、热水、盐，生抽，豆瓣酱、鸡精、香醋、粉条。啤酒和热水盖过鱼就好。炖～时刻关注火候～大概10分钟吧～汤汁收尽～
6. 我们老家喜欢鲅鱼就小碴子粥～小碴子是我婆婆家的～一顿充满爱的晚餐",16,2,2,1290.0,313.8,19.37,11.57,33.78,1.26,32.3,4.62,45.5,37.5,80.0,0,8,6,0,legacy,"[""家常菜"",""下饭菜"",""快手菜""]","[""3"",""332""]"
21716,土豆炖肉,土豆炖肉,看花间提壶方大厨，感觉做菜很有趣，很有成就感，心血来潮，想尝试一下，哈哈，就去超市买了食材！,,2个土豆，1个胡萝卜，100克肉，1个青椒，1勺郫县豆瓣酱，少许盐,"1. 将食材清洗，切块。
2. 先炒青椒和猪肉片
3. 再加入土豆，和胡萝卜！放入郫县豆瓣酱，翻炒5分钟！
4. 加水进行炖煮！
5. 出锅！",6,3,3,500.0,307.4,9.64,1.08,68.12,4.62,68.2,2.64,109.0,50.0,100.0,1,4,1,0,legacy,"[""家常菜"",""炖""]","[""6"",""11"",""12""]"
21806,五彩鸡肉丝,五彩鸡肉丝(内附胡萝卜切丝妙招),"天气越来越热
能少在灶台边上呆一会都是幸福的
所以凉菜是夏天必备的单品
我家熊孩子对这道菜情有独钟
毕竟人家不光口感好
颜值也棒棒哒",,一块鸡大胸，适量木耳，一根胡萝卜，少量洋葱，6棵香菜，酱汁调料，适量食用油，适量尖椒，适量蒜泥，适量姜泥，适量生抽，适量醋，适量花椒油，适量盐，适量老干妈，适量蚝油,"1. 有很多小朋友不吃生胡萝卜
但把它切成细丝
一般的小朋友并吃不出它是生的

现在跟大家分享一下胡萝卜切丝的妙招
先用水果刨给胡萝卜去皮
然后把它刨成薄片
再整理一下摆齐
最后用刀切成丝

有一丢丢小麻烦
但为了娃
这点麻烦又算啥
2. 是不是很细
3. 将鸡胸肉放凉水中煮十分钟左右
加点姜片和料酒同煮
这一步我忘拍照了📷

随后将煮熟的鸡胸肉放入冰水中冷却
我忘了在冰箱冻冰块
直接用于冷水😅😅

然后就把鸡肉撕成丝
如下图

另起锅将水煮开放入泡好的黑木耳
加少许盐
大概煮6分钟左右断生
起锅后同样放入凉水中浸泡
彻底凉透后切丝备用
4. 将五种食材备好
(洋葱竖着切，如果没有也不要紧，不要切太粗，否则会很辣)
5. 大蒜、生姜切碎备用
特别说明一下
我从小就不喜欢吃生姜
导致娃也遗传了此习惯
 自从有了这个刨姜泥的工具
我就对生姜不那么抗拒的
6. 锅内加油烧五层热时放入尖椒
油可以多一些
我们家娃要吃
所以只加了一个尖椒
7. 油烧热后趁热淋到蒜泥和姜泥中
此时碗里加点盐

8. 趁着热油加入生抽、醋、老干妈、蚝油
拌均匀
9. 先放入鸡丝肉
拌匀后静置5分钟待鸡肉入味
10. 然后将洋葱、胡萝卜、黑木耳依次加入
最后拌入香菜

我今天是为了拍照
所以特意换了一个盘子
是不是看起来很有食欲
11. 再来一张美图",16,6,6,280.0,66.6,2.28,0.48,14.28,2.04,99.0,2.94,114.8,43.75,100.0,0,3,13,0,legacy,"[""家常菜"",""快手菜"",""下饭菜""]","[""2"",""5"",""6"",""9"",""11"",""33""]"
22774,大白菜包肉,大白菜包肉,咬一口，别提有多满足了.....,,7片白菜叶，1小块里脊肉，5朵黑木耳，一把毛豆，2块豆腐干，盐，糖，料酒，生抽，蒸鱼豉油，蚝油，五香粉，葱花，小米辣，蒜末,"1. 1、准备好以上馅料，全都剁碎备用（喜欢香菇的可以加香菇，我是因为过敏啦）
2. 2、加入五香粉、盐、糖、生抽、料酒、蚝油搅拌均匀备用（我还放了点榨菜，会比较鲜）
3. 3、白菜叶洗净，放入锅中沸水烫熟，记得水里加盐
4. 4、切去白菜叶下面根部，比较硬，不太好裹。放上适量馅料，从根部慢慢卷起。
5. 5、将卷好的成品整齐排放在盘子里（这是我蒸好的成品），大火煮开后，转中火蒸20分钟。
6. 6、另起一锅，将小米辣和蒜末爆香，倒入少许蒸鱼豉油，待成品出锅后浇淋在上面即可
7. 7、大白菜蒸完以后水分很多，记得先倒掉一点，再浇油。
8. 8、忘记撒葱花啦，味道还是很赞哦！大家试试吧❤️",15,7,8,387.0,523.3,37.97,12.13,84.13,37.45,406.9,124.74,169.7,53.33,100.0,0,5,10,0,legacy,"[""素菜"",""家常菜"",""减肥""]","[""1"",""2"",""4"",""33"",""37"",""91"",""129"",""180""]"
23660,香菇土豆扁豆炖红烧肉,香菇土豆扁豆炖红烧肉,,,700克五花肉，60ml生抽，20ml老抽，10ml料酒，15克糖，10克盐，¼根葱，2个干辣椒，3个八角，2片香叶，1块桂皮，50粒花椒，500g扁豆，2个土豆，10朵香菇,"1. 所有原材料合照
2. 五花肉放凉水中 倒入料酒 葱段去味 煮出浮沫后捞出沥干水分
3. 煸炒五花肉 这样才能肥而不腻 不过煸炒的过程非常容易崩油 我的做法是把焯好的五花肉全部摆在锅中 开小火盖锅盖 一面焦黄出油后翻面 直到两面金黄
4. 煸好的五花肉大概这个样子 出了很多油 可以倒掉 也可以留着猪油用来炒饭
5. 把花椒50粒 八角3个 香叶2片 桂皮一块 放入调料盒
6. 高压锅中码好扁豆土豆香菇 放入两根红辣椒 一小段葱
7. 把煸好的五花肉放入高压锅中 加入生抽60ml 老抽20ml 料酒10ml 盐10g 糖15g
8. 加入开水没过扁豆土豆香菇即可 不喜欢汤多的也可少加点水
9. 放入高压锅中15分钟
10. 炖好的红烧肉 看着就有食欲
11. 盛入碗中准备上桌
12. 美美的拍张照 配上米饭 开吃",15,4,5,1702.0,2822.9,131.7,213.14,105.85,21.23,257.2,20.52,437.2,33.33,100.0,7,7,1,0,legacy,"[""家常菜"",""高压锅"",""红烧肉"",""炖肉"",""炖""]","[""4"",""10"",""12"",""23"",""227""]"
23765,无骨酸菜鱼,无骨酸菜鱼,超喜欢吃酸菜鱼的    可是外面一般卖的酸菜鱼都细骨超多   我又喜欢吃无骨酸菜   所以只能自己做啦    重点是  自己做的酸菜鱼   干净卫生     汤都超好喝   我今天用的砂锅    目的是可以慢慢吃   砂锅比较保温   而且  很喜欢在最后下一把粉丝    不用泡   直接下锅煮    煮完超级入味   所以   这是一道可以光锅的酸菜鱼     想想   嗯  我又在计划下一顿什么时候吃了😋😋,,1条黑鱼，两小个酸菜，4分之一个酸萝卜，两小个酸笋，一小段大葱，一小块生姜，两瓣大蒜，3根香菜，适量花椒，干辣椒段，1小包泡椒，盐，鸡粉，胡椒粉，料酒，小鸡蛋蛋清一个蛋清，1勺玉米淀粉，加不加都可以粉丝,"1. 如图中   配菜全部切段  切片备用
2. 黑鱼买的时候让鱼贩帮忙杀好    把鱼身上的两块肉片下来   斜刀片好   鱼骨鱼头鱼尾切段备用「也可以买的时候就让鱼贩帮忙片好也是可以滴」 鱼肉用小半勺盐   1小勺料酒  一小撮胡椒粉   蛋清   玉米淀粉抓匀
3. 热锅  锅热后直接把酸菜炒一下   大概二十秒左右就可以出锅备用了「这里不用放油」
起油锅  下葱姜蒜  干辣椒 花椒炒出香味   放入酸菜   泡椒   把酸菜的酸味香味炒出来
4. 把炒好的酸菜的活中间拨出一个洞  把无骨鱼头放下去煎    煎到一边变白就翻面   两面都煎好后往锅中倒入热水「加热水煮出来的鱼汤会是好喝的白色哦」加入酸笋 酸萝卜煮十分钟    把锅里的鱼骨跟酸菜全捞出来放在砂锅里留汤  试一下汤的咸淡   放点盐  鸡粉调味
用手把鱼片  一片一片的放入锅中    煮至鱼片七八分熟就可以捞起来放在刚刚的砂锅上啦
5. 最后一步   起油锅   放入一把花椒  小火把花椒味炒出来后大火「注意不要把花椒炒糊咯」油一冒烟  关火    把油倒在鱼上面   吱啦一声     放上香菜    搞定   拍照 开吃啦   ",18,4,4,248.0,111.4,19.59,1.39,5.44,0.69,188.4,1.8,66.5,44.44,77.78,0,7,9,0,legacy,"[""快手菜"",""下饭菜"",""家常菜""]","[""2"",""3"",""9"",""167""]"
23816,茄子焖鲶鱼,茄子焖鲶鱼,肥美的鲶鱼是喜油茄子的黄金搭档，“鲶鱼配茄子，撑死老爷子”，拜托鱼档老板帮我把鱼一杀，再称上一袋紫皮长条茄子，回家就开做。茄子锅焖鱼，荤素一锅端，再蒸上一锅米饭，鱼肉软滑细嫩，茄子透味香浓，热乎乎地上桌，一家仨连饭带菜一顿消灭光光。,,1条鲶鱼，4根细条紫茄子，1块生姜，大葱，小葱，青蒜，大蒜，油炸干红椒，花椒粒，香芹段，盐，糖，酱油，香醋，绍酒，芝麻油，红油豆瓣酱，甜面酱，自制混合豉汁料,"1. 鲶鱼斩杀切块，去除鱼腹内脏及鱼鳃，清洗干净；锅内坐水，生姜拍松入锅，加入1小撮花椒粒、绍酒1小勺煮开，将鱼块投入锅中稍烫即起锅捞出
2. 流动清水将鱼身表层滑腻污物轻轻搓除（去腥），将鱼块控水备用
3. 生姜切片、大葱切段、青蒜取蒜白部分切段、蒜瓣去皮备用；锅烧热注油，将上述材料投入锅中煸香炝锅，红油豆瓣酱两勺剁细倒入锅中，小火将酱料炒匀至红油渗出，锅中加入1勺甜面酱1勺自制豆豉酱略炒两下将其炒香
4. 将鲶鱼块投入锅中翻炒，淋上绍酒1勺炒匀，加入清水（或高汤），水量略平于材料面为好，盖上锅盖大火煮开锅，转中小火焖
5. 将茄子洗净，去除蒂把，纵向截面划拉几刀后，手撒成条铺在鱼块之上，加盖焖煮
6. 焖锅至茄子软身后，将锅中材料轻轻翻炒均匀转大火收汁，调入少许盐（豆瓣酱有盐味慎加盐），糖、酱油掂匀锅，加入少许香醋推匀，将蒜青段，少许香芹段、油炸干红椒(小朋友怕辣，所以后放）投入锅中，汤汁稠浓时，淋少许芝麻油起锅",19,5,5,108.0,3.7,0.1,0.05,0.82,0.22,2.2,0.11,1.2,42.11,100.0,0,3,16,0,legacy,"[""焖"",""家常菜"",""下饭菜""]","[""1"",""2"",""3"",""106"",""115""]"
23872,孜然豆角鸡丁「下饭菜」,孜然豆角鸡丁「下饭菜」,换个花样炒豆角，味道超级赞！推荐👍🏻,,1块鸡胸肉，300克豆角，2勺孜然粉，适量葱姜蒜末，3勺生抽，1勺蚝油，1勺淀粉，少许盐,"1. 豆角洗净切丁！待用～
2. 鸡胸肉切丁，加1勺孜然，1勺淀粉，1勺生抽抓匀待用
3. 炒锅放少许油，把鸡丁滑熟
4. 盛出待用
5. 锅内再加少许油，放入葱姜蒜末，爆香～
6. 下入豆角丁，来回翻炒，一定要耐心，用中小火煸炒至熟透！（由于锅不一样，在炒制过程中，如果觉得比较干，可以炒透再少量加一些水焖一下！）
7. 加2勺生抽1勺蚝油，炒匀
8. 放入炒熟的鸡丁，加1勺孜然粉和少许盐调味！炒匀即可出锅！（如果喜欢吃辣，在这一步可以加些小米辣，味道会更佳！）
9. 得到了妈妈的好评，味道真心赞～推荐👍🏻",8,2,3,455.0,266.6,42.91,3.48,23.2,0.0,131.2,3.33,80.6,37.5,100.0,1,5,2,0,legacy,"[""下饭菜"",""宴客"",""家常菜"",""豆角"",""鸡丁"",""孜然""]","[""15"",""24"",""84""]"
24113,水煮牛蛙香辣田鸡,水煮牛蛙香辣田鸡,"我真的很喜欢吃蛙，特别是辣的。这个和我的水煮牛肉做法差不多，就是加多点汤，别加淀粉，不是浓稠的汁。
蔬菜爱吃啥加啥，我用豆芽。

最好用刀口辣椒（即用干辣椒花椒干煸香碾碎），我懒，用辣椒面粉鲜花椒碾碎的粉代替。

别怕费油，最好用菜籽油",,3-4只牛蛙，2勺料酒，1茶匙胡椒粉，2-3茶匙盐，3片姜，1-2根葱，一头蒜，半块火锅底料，1大勺郫县豆瓣酱，1个（可不加）小米椒，2勺辣椒面，2-3勺辣椒粉，1勺花椒，1把豆芽，2勺酱油，半勺蚝油，小半勺糖,"1. 蛙洗干净砍了头爪斩件
2. 加1-2勺料酒或者米酒，一茶匙胡椒粉，一茶匙盐腌制一下去腥。
3. 准备葱蒜姜切末，小米椒一条切开，有干辣椒也可以洗干净备用。和半块火锅底料
4. 加油热锅煸炒牛蛙至乳白色，大概2分钟，取出
5. 加多点油，一勺豆瓣酱炒出红油加姜葱蒜末（剩多点蒜头最后炸油用），炒香加入一壶水，加入半块火锅底料两勺酱油半勺蚝油小半勺糖半勺花椒面煮至沸腾
6. 加入半熟的牛蛙煮6分钟左右，根据口味决定是否加盐。我这里再加了一茶匙盐，可以试试汤（水最好多点）
7. 焯水好的豆芽铺底部
8. 倒入煮好的牛蛙。铺上刚刚用剩的蒜末，辣椒粉辣椒面，和炒香碾碎的花椒粉
9. 烧多点热油淋上去
10. 撒上葱花装饰出锅
11. 拌匀吃美滋滋",17,5,5,559.0,413.5,68.21,2.79,36.58,12.93,113.9,3.75,156.9,35.29,100.0,0,17,0,0,legacy,"[""下饭菜"",""家常菜"",""干锅""]","[""1"",""2"",""3"",""18"",""92""]"
24120,白菜猪肉丸子汤,白菜猪肉丸子汤,,,300克猪肉，1个鸡蛋，2片姜，2棵葱，半勺鸡精，一勺蚝油或者生抽，适量花椒粉，适量盐，2勺淀粉，汤水中：，适量白菜，适量酱油，适量葱花，1片姜片，适量香油,"1. 猪肉稍微带一丢丢肥肉的，清洗干净，刀剁碎，放盆里。
2. 葱姜切末，放盆里，打入一个鸡蛋，加入蚝油（可不放），鸡精，酱油，花椒粉，适量盐，两勺淀粉。
玉米淀粉口感偏软，土豆淀粉稍偏硬，看你喜欢哪个放哪个。
3. 一个方向搅拌，至上劲，加入2勺温水，同方向继续搅拌至水完全吸收上劲，重复三次。一定要一个方向，搅拌到觉得需要用力搅，充分上劲即可，也可以用擀面杖再拍打20分钟，更筋道。
如果喜欢深色系丸子可以加入少量老抽。
4. 肉泥可以放手中虎口挤出丸子，或者用勺子挖起做成丸子，大小自己决定。
锅内放半锅水，放入葱段姜片，烧开后改小火，放入丸子，2分钟后火开大一点，待丸子全部飘上来，去掉浮沫，放入白菜，我这次没小白菜，用的半大的白菜，稍煮一煮，再加进适量盐、酱油，关火，放些香油。
如果做的丸子多，可以捞出，晾凉后密封放入冰箱冷冻，吃的时候拿出来，冷冻后的，做小白菜丸子汤就需要少量油葱姜炝锅，再加水烧开，如果自家有冷冻的骨汤，用骨汤代替水更好，放入丸子、小白菜。
5. 也可以做菠菜丸子汤。",14,5,5,404.0,1114.0,52.5,94.87,13.25,0.93,68.3,5.36,242.1,57.14,100.0,1,7,6,0,legacy,"[""家常菜"",""汤羹"",""丸子"",""汤""]","[""1"",""3"",""4"",""7"",""29""]"
24141,七彩紫菜饭团,七彩紫菜饭团（入门级快手菜）,入门级寿司值得一试哦，一口一个简直香喷喷！,,1个鸡蛋，1根胡萝卜，1根黄瓜，200g米饭，各三勺生抽，香油，可加可不加卤牛肉，30克黑白芝麻,"1. 胡萝卜黄瓜切成丁备用。
2. 打一颗鸡蛋，放少量油摊一张蛋饼备用。
3. 卤牛肉，海苔撕碎，蛋饼切丁
4. 我用的这种是即食寿司紫菜，超市都有卖
5. 米饭焖熟，焖的时候水不要太多，干一点好捏
6. 加入香油，生抽，黑白芝麻拌匀
7. 一次加入备料，用手抓匀
8. 大致成这个样子就可以啦
9. 带上一次性手套，抓去适量饭粒，在掌心中捏紧捏圆，圆圆的很可爱呢
10. 一口一个，营养又美味！",7,5,5,600.0,840.3,25.15,6.74,171.96,3.52,130.4,5.2,164.8,85.71,100.0,2,4,1,0,legacy,"[""快手菜"",""家常菜"",""饭团"",""韩式"",""日式""]","[""6"",""7"",""19"",""35"",""36""]"
24267,四川的鱼香肉丝,四川的鱼香肉丝,鱼香肉丝已经被各地方各师傅演变成变种了，有加番茄酱的、有的为省事直接用鲜姜鲜椒代替泡椒泡姜，正宗的鱼香肉丝必备泡椒泡姜，没有这两样就不是所谓的鱼香味了！,,200克瘦肉，一勺泡椒剁椒，两勺淀粉，五朵木耳，半根胡萝卜，一勺白糖，一勺生抽，一勺料酒，一勺醋，1/3勺老抽，一根春笋，一个青椒，一克胡椒粉，半勺鸡精，二瓣大蒜,"1. 准备食材及配料：前排：泡椒、大蒜、胡萝卜丝、青椒、春笋、葱白、木耳，肉丝.。后排：白胡椒、鸡精、生抽、老抽、水淀粉、糖、剁椒、盐、料酒
2. 首先肉丝腌制：一点点盐➕胡椒粉一克➕一勺料酒➕一勺水淀粉拌匀备用
3. 切配准备：姜葱蒜切末、配菜切丝、泡椒切末，我直接用的是剁椒
4. 鱼香料汁：一平勺白糖➕一勺醋➕一勺生抽➕1/3老抽➕1/3勺鸡精➕一勺水淀粉
5. 上锅第一步把切好的蔬菜焯水，一定水开后下锅、一分钟立马捞起备用
6. 捞起的配菜，控干水分备用
7. 热锅冷油就是把锅烧热转小火，倒适量油，不要等油热就放入肉丝滑炒，
8. 肉丝散开，滑炒至六分熟捞起备用
9. 锅内剩余油加入之前准备好的姜葱蒜、一勺剁椒炒香
10. 炒香后，转大火加入肉丝翻炒至九分熟
11. 再加入焯好水的配菜一起翻炒
12. 最后加入之前调好的鱼香料汁快速翻炒出锅
13. 咸甜酸、浓浓的泡椒鲜香感十足，这就是我们的川味鱼香肉丝！",15,6,6,470.0,802.4,35.52,60.88,32.46,6.56,78.0,15.76,175.1,46.67,100.0,2,13,0,0,legacy,"[""鱼香"",""家常菜"",""下饭菜"",""川菜""]","[""2"",""4"",""6"",""11"",""33"",""220""]"
24550,家常柴火鸡,家常柴火鸡（土豆四季豆烧鸡）,"四川人喜欢吃柴火鸡，尤其是在农家小院，柴火灶炒制的土鸡，更深受广大吃鸡群众的热爱！这款家常烧鸡有柴火鸡的味道，相信我，绝对不输农家乐柴火鸡的味道！！！

喜欢吃鸡肉的朋友们，一定要试试看哟，做完别忘了交作业哟^ _ ^",,小半只 土鸡，2个土豆，300克左右四季豆或者无筋豆，八九根香葱，一坨生姜，4瓣蒜，1小袋烧肉王调料（没有可用豆瓣酱和生抽代替），适量桂皮，适量山奈，适量八角，适量香叶，八个干辣椒，一小撮花椒，2g左右鸡精，适量盐，3克左右白糖，5ml左右料酒,"1. 三根香葱切段，生姜蒜切片，鸡肉砍成坨，放入盆中，加料酒，适量盐拌匀腌制20分钟左右
2. 土豆去皮切块
3. 四季豆择好备用
4. 干辣椒洗净切段，八角山奈香叶桂皮洗净备用，花椒一小撮
5. 烧肉王一袋里面有两小袋，用一小袋就可以了，没有可用两勺豆瓣酱，一勺生抽一小勺老抽代替
6. 腌制好的鸡肉把香葱段捡出来不要，保留姜片和蒜片
7. 调料都准备好了，起锅烧油，这里用植物油和猪油一起，没有猪油也可不放，但是放了猪油更香，油要多放一些
8. 油热后先倒入鸡肉翻炒，翻炒两分钟左右倒入八角山奈香叶桂皮 继续翻炒至油变稍清亮
9. 倒入干辣椒段，一小撮花椒继续翻炒30秒，放一小勺白糖调味继续翻炒
10. 火关小，加入烧肉王调料（或者适量生抽和豆瓣酱，一小勺老抽），中火继续翻炒均匀上色
11. 倒入土豆和四季豆，翻炒一分钟左右
12. 加适量清水大概如图的量，开大火烧开，再调中小火慢慢烧
13. 四根香葱切段
14. 煮了十分钟左右把香葱段加进去继续煮，注意到火候，不要把水烧干了，这时候可以尝一下汤汁的盐味，如果偏淡，可以加入一点盐，再继续烧十分钟左右
15. 直至土豆豆角烧耙了，加入适量鸡精翻匀。如果汤汁还很多可开大火收一下汤汁，这时候尝一下菜是否有盐味，如果味淡可以再放一点盐，翻匀就可以起锅啦！",17,5,5,476.0,320.2,11.44,2.01,68.37,8.33,96.7,3.2,32.5,41.18,100.0,4,6,7,0,legacy,"[""家常菜"",""下饭菜""]","[""1"",""2"",""3"",""12"",""24""]"
24599,鸡腿蔬菜汤,鸡腿蔬菜汤,女生到了年龄就该懂得补一补了，尤其是在没人照顾的时候，自己做饭养活自己，也是快乐多多哦！,,4个鸡腿，2根胡萝卜，4个香菇，1个甜玉米，适量橄榄油,"1. 大火烧水约1.5-2L
2. 鸡腿肉切丁，玉米切丁，香菇切成月状，胡萝卜切块。
3. 平底锅准备，加入适量橄榄油，倒入鸡丁，中火翻炒约5-10分钟，肉色变味微黄捞起，倒入烧开的水中，并加入玉米，大火烧开。（注：大火烧开的过程中，注意用勺子把浮起的白色物质舀起倒掉）
4. 大火烧开后，转至小火，炖约40分钟后，加入胡萝卜、香菇，加适量盐调味…小火煮约10分钟即可。",5,4,5,850.0,815.2,101.12,35.28,25.28,5.28,78.4,11.28,525.8,80.0,100.0,0,4,1,0,legacy,"[""清淡"",""汤羹"",""快手菜""]","[""6"",""23"",""24"",""97"",""589""]"
24640,老汤炖肉,老汤炖肉,炖锅肉，可以吃面条，焖面等，都是美味！,,适量猪肉，2适量老抽，2适量味极鲜，1适量酱油，3勺黄豆酱，2块桂皮，6片香叶，6个辣椒，5个八角，6个鸡蛋，半根胡萝卜，葱3根姜一大块蒜6个葱姜蒜，6跟腐竹，适量盐，10粒花椒，适量茴香，适量笋干,"1. 起锅烧油，把肥肉块干煸一会
2. 放冰糖炒糖色
3. 炒到这个程度，稍微有点青烟会很好上色
4. 放入肥肉上糖色，翻炒均匀
5. 然后放入红肉一起，加入所以调味品，葱姜蒜，八角香叶，老抽生抽耗油酱油黄豆酱等
6. 加入纯净水，水没过肉，大火煮开小火慢炖
7. 炖到肉差不多了然后加入各种食材
8. 加入这些食材
9. 各种调料
10. 出锅太香了，忘了拍照了哈哈，炖一锅，想吃什么弄一点，太香了，吃焖面，刀削面什么的弄点肉汤以及肉都很好！",16,4,4,480.0,486.0,41.46,26.4,23.16,4.5,231.6,7.08,440.5,31.25,100.0,0,8,8,0,legacy,"[""大鱼大肉"",""家常菜"",""下饭菜""]","[""4"",""6"",""7"",""17""]"
25055,新猪肉碎十谷粥,新猪肉碎十谷粥,一般的粥用白米煮成，由于缺少纤维，所以吃完之后饱腹感并不会太长久，很快就会又感到肚子饿了。你不妨看看我们这个食谱，它结合了十谷米和多款蔬菜，大大地提高了纤维量，增加饱腹感的同时还能有助于稳定餐后的血糖 水平。,,#材料，半包OmniPork新猪肉，116克南瓜（去皮、切粒），1个番茄（切粒），200克十谷米（煮熟），1茶匙葱，1茶匙姜，2茶匙油，750毫升水，#调味料，适量盐（自选加入）,"1. OmniPork新猪肉加入姜蓉后腌10分钟；
2. 在锅中加热油，先下OmniPork新猪肉炒成碎，再加入番茄和南瓜略炒；
3. 加入预先煮熟的十谷饭，然后加入水后以中火煮15分钟，期间可稍微搅拌；
4. 最后加上葱花即可享用。",10,4,4,334.0,63.1,2.88,0.6,14.06,1.28,35.9,1.11,22.6,40.0,100.0,3,4,3,0,legacy,"[""素食"",""减脂"",""健康"",""快手菜"",""家常菜"",""粥""]","[""1"",""3"",""14"",""30""]"
25090,铁锅炖鱼,铁锅炖鱼,东北菜,,二到三斤三道鳞或者鲤鱼或者草鱼，一块豆腐，适量大白菜，一个茄子，八个香菇，适量香菜，适量葱姜大料,"1. 把鱼收拾干净，我买的鱼太大了，所以切开了，用了一半
2. 葱姜蒜在锅里爆香，然后加往锅里面加开水，接下来把鱼放到锅里
3. 豆腐切成大块，放进锅里
4. 就是酱紫
5. 香菇洗净放进锅里，再放两三个大料，还有盐，再倒点李锦记生抽
6. 小火炖大约三十到四十分钟，这是炖完的样子，汤是白色的了
7. 白菜和茄子用手撕开，放进锅中
8. 可以开大点火炖到白菜茄子软烂，也可以不放茄子，只用白菜
9. 最后撒香菜 完成。很简单，汤鲜味美，大冬天的来一个锅炖鱼，那也是没sei了",7,4,4,810.0,435.1,32.67,22.18,34.17,8.53,375.2,6.53,38.1,85.71,100.0,1,3,3,0,legacy,"[""炖"",""家常菜"",""汤羹""]","[""9"",""23"",""29"",""110""]"
25974,凉拌肚丝,家庭版凉拌肚丝,很适合炎热夏天的下饭菜,,400克牛肚，5根香菜，2勺蚝油，3勺生抽，4克盐，5瓣蒜，2片姜，1勺鸡精，2勺料酒，2克糖，1勺老抽，1勺香油，1勺藤椒油，1勺菜籽油，2个辣椒，半个洋葱，5根小葱，50克凉白开，2勺醋,"1. 毛肚买来煮熟，煮到筷子能轻松扎穿就可以捞出来晾凉备用了
2. 葱姜蒜，洋葱，小辣椒，香菜切末备用
3. 盐，糖，醋，生抽，老抽，耗油，香油，菜籽油，藤椒油，鸡精，凉白开一起搅拌均匀备用
4. 将所有的调料都加入到毛肚里面，然后搅拌均匀盖上保鲜膜，放在冰箱一晚上就可以开吃啦",19,7,7,656.0,402.6,62.38,7.26,24.41,3.96,293.4,10.83,283.5,36.84,100.0,4,15,0,0,legacy,"[""家常菜"",""下饭菜"",""宴客"",""凉菜""]","[""1"",""2"",""3"",""5"",""9"",""17"",""354""]"
25987,两人食下饭菜之土豆炖鸡,两人食下饭菜之土豆炖鸡,百做不厌巨下饭，汤汁拌饭吃两碗，嗝～,,3只鸡腿，2个土豆，随意小干香菇，2勺生抽，2+2勺老抽，2+1勺料酒，2小勺盐，1勺白糖，5颗冰糖，2勺蚝油，2小勺淀粉，1小段大葱，2片姜，2瓣蒜，十几粒花椒，2个干辣椒,"1. 鸡腿去骨，洗净，切小块，加2勺料酒，2勺老抽，2小勺盐，2小勺淀粉，姜丝，拌匀，腌1小时以上
2. 土豆洗净切块
3. 干香菇温水泡发，小香菇更入味
4. 切葱姜蒜
5. 辣椒和花椒用量
6. 调酱汁：2勺生抽，2勺老抽，2勺蚝油，1勺白糖，1勺料酒，加小半碗水调匀
7. 热油加冰糖
8. 炒出糖色
9. 倒入鸡丁翻炒
10. 加葱姜蒜辣椒花椒翻炒
11. 炒至变色
12. 加酱汁，加水没过肉，倒入香菇，大火烧开，小火炖30分钟
13. 加入土豆，开盖大火炖20分钟收汁
14. 香啊～开饭咯咯咯",16,5,6,698.0,829.8,81.5,26.93,67.46,4.68,30.9,8.2,287.4,43.75,100.0,0,13,3,0,legacy,"[""下饭菜"",""家常菜"",""炖""]","[""2"",""3"",""12"",""24"",""93"",""589""]"
26040,简易版津味醋溜木须,简易版津味醋溜木须,比较简单易做的快炒家常下饭菜。,,50克肉片，2个鸡蛋，1/3根胡萝卜，1/2根黄瓜，2片姜，适量葱，1瓣蒜，6-7朵木耳，6-8根花菜，3勺醋，4勺水淀粉，2勺料酒，1小勺淀粉，少许白胡椒粉，2勺酱油，3克盐，1勺糖，适量香油,"1. 准备食材，胡萝卜切片，黄瓜切片，木耳、花菜泡发，姜、蒜切片、葱花备用。
2. 肉片加1克盐、白胡椒粉、1勺料酒、1小勺淀粉、少许油抓匀备用。
3. 鸡蛋打散加2勺水淀粉，这样炒完的鸡蛋更嫩滑。
4. 为便于厨友试做提前准备的料汁: 1勺料酒、2勺酱油、1勺糖、3勺醋、2勺水。我平时都是边炒边放，没有刻意用勺量过。
5. 葱姜蒜炝锅，肉片划散变色后，下胡萝卜过油。
6. 再依次放入木耳、花菜、鸡蛋、黄瓜，倒入料汁翻炒，加点盐，淋2勺水淀粉勾芡，最后淋香油出锅。
7. 装盘。",18,8,8,1750.0,737.3,43.19,27.11,95.79,27.43,559.8,25.0,760.4,55.56,100.0,2,13,3,0,legacy,"[""家常菜"",""快手菜"",""下饭菜""]","[""1"",""2"",""3"",""6"",""7"",""19"",""33"",""130""]"
26091,海鲜大咖,海鲜大咖,因为老公非常爱吃麻辣海鲜，去外面吃不干净还特别贵今天自己在家学着做了一些经理实惠味道鲜美！,,随意虾，适量花蚬子，二斤海螺，适量小龙虾，适量虾爬子，一把香菜，一把干红辣椒，一块桂皮，一把花椒，四片香叶，两块白子，一根大葱，适量姜，五掰大蒜，适量老抽白糖青醋鸡精料酒麻油调成一碗汁备用，一块大红袍,"1. 调料备好装盘备用，
2. 海鲜洗好备用
3. 锅中下油油要多一点，然后下备好的干料，炒香，多炒一下，待香味出来后下入调好的汁烹香，待锅中汁开下入海鲜翻炒！直到翻炒出汤，改小火，炖二十分钟，收汁，临出锅加入香菜翻炒几下出锅！
4. 出锅后撒点芝麻，和香菜就好啦！！味道实足啊！",16,5,5,1170.0,301.0,15.34,12.08,53.81,41.96,29.3,6.42,9.9,50.0,100.0,1,8,7,0,legacy,"[""家常菜""]","[""1"",""3"",""9"",""182"",""590""]"
26261,又美味—番茄炖牛肉,健康又美味—番茄炖牛肉,"在芝加哥自我隔离的那些日子
+7不定时更新料理挑战",,400克牛肉，2个西红柿，4勺料酒，半个洋葱，2根胡萝卜，3根西芹，2个菇，4片姜，克盐，4勺番茄酱，2勺生抽，克冰糖，3片香叶，2根葱,"1. 备料
2. 清水泡牛肉泡出血水（1小时）
3. 焯水
4. 姜2片+葱整根打结+料酒2勺
5. 牛肉要炖
6. 醇香秘诀
7. 高压锅可入
8. 牛腱子肉/牛腩都可
9. 比在锅里煮更好撕
10. 都去掉
11. 码菜
12. 熬酱
13. heinz
14. 继续熬
15. 小块即可
16. 爆香
17. 蔬菜种类可少一点
18. 牛肉入锅
19. 和酱一起翻炒
20. 牛肉汤不能浪费
21. 可以炖久一点，注意粘锅，中小火炖
22. 生抽
23. 盐适量",14,7,7,1207.0,854.5,87.2,36.34,52.27,9.74,232.2,11.64,1209.2,50.0,100.0,1,11,2,0,legacy,"[""家常菜""]","[""1"",""3"",""5"",""6"",""8"",""14"",""81""]"
26672,乡里辣椒炒蛋/白煮蛋还能炒着吃,乡里辣椒炒蛋/白煮蛋还能炒着吃,一般辣椒炒蛋是把蛋打成蛋液后炒，这个是老家乡下的做法，把蛋煮熟去壳，再切片炒辣椒，别有风味。,,6个鸡蛋，若干青尖椒，若干红尖椒，2根青蒜叶子，1勺浏阳豆豉，2勺生抽，少许盐,"1. 鸡蛋煮熟剥壳。
2. 切成片。
3. 青红尖椒斜切片，豆豉泡水后剁碎（在下面）。
4. 青蒜叶子切段。
5. 锅中热油，倒入青红尖椒和豆豉，炒至辣椒断生。
6. 倒入鸡蛋，放盐，一起翻炒。
7. 倒入青蒜叶翻炒。
8. 放两勺生抽，炒至青蒜叶断生后即可。
9. 盛出，蛋白略焦黄，很香。",7,3,3,500.0,417.0,39.3,25.8,7.2,0.0,168.0,4.8,394.5,57.14,100.0,0,4,3,0,legacy,"[""家常菜"",""快手菜"",""鸡蛋"",""炒""]","[""7"",""181"",""239""]"
26761,鱼豆腐,鱼豆腐,,,200g鲜鱼肉，10g胡萝卜，1根芹菜，1个鸡蛋清，2勺淀粉，2克胡椒粉，2克盐,"1. 鱼肉剁成肉泥，胡萝卜去皮切碎，芹菜切碎，所有材料混合
2. 摔打起劲
3. 把鱼糜放到锡纸上
4. 卷起来拧紧两头，放入锅中加适量水煮至定型
5. 取出放凉，去掉锡纸
6. 切片
7. 可煎、炸、烤、炒",7,3,3,380.0,46.8,0.36,0.19,11.34,0.71,13.6,0.28,107.3,71.43,100.0,4,3,0,0,legacy,"[""快手菜"",""下饭菜"",""家常菜""]","[""6"",""27"",""52""]"
26807,三杯老豆腐,三杯老豆腐,圣诞节，所有的Grocery都关门了，只好用冰箱里剩下的食材随便整了个晚餐。正好家里有一盒EXTRA FIRM的豆腐，最近又比较喜欢三杯的口味，架子上seasoning都有，不如做个三杯豆腐来吃吧，没有很多食材，只好任性（doge脸）,,一盒老豆腐，三小支辣椒，适量姜，五瓣蒜，适量麻油，适量食用油，三勺*生抽，三勺*料酒，一勺*蜂蜜，适量*水,"1. 豆腐切成合适的小块，我是切适合油煎的薄片；姜蒜辣椒切片一旁备用，我不喜欢蒜味所以没有切蒜头。
2. 平底锅入一点油，烧热入豆腐。
3. 正反煎至两面金黄。这里盛出放一边备用比较好，我懒加上赶时间，直接进行下一步。
4. 酱蒜辣椒爆香，下煎好的豆腐。（懒癌患者直接扔下去，勿模仿。）
5. 打星号的材料一起调一调，水不要放太多，然后浇在豆腐上，盖盖子焖煮8分钟左右。
6. 淋麻油，最后洒上九层塔碎。
7. 装盘吃吧。我是当成side来吃，配鸡翅和土豆泥。",10,2,2,425.0,92.0,8.72,3.25,6.9,0.28,81.8,3.9,16.1,30.0,100.0,0,5,5,0,legacy,"[""家常菜"",""豆腐"",""三杯"",""下饭菜""]","[""2"",""3""]"
26871,赶鸭子上架的啤酒魔芋烧鸭腿,赶鸭子上架的啤酒魔芋烧鸭腿,"某人吵着嚷着要吃魔芋烧鸭腿好几天了，无奈我对处理鸭肉简直是一无所知。她偏说怼瓶啤酒直接干，于是，赶鸭子上架的啤酒魔芋烧鸭由此产生了。  

没想到鸭肉处理得还挺干净，肉不腥而且口感耙软，魔芋更是软嫩入味，好吃到爆，下次做，一定要买它个十块的。",,#主料：，2个鸭边腿，#配料：，500g魔芋，1瓶啤酒，#调料：，1勺郫县豆瓣酱，1小块火锅底料，2个小米辣，2根二荆条，7至8个干辣椒，1头生姜，5瓣大蒜，3根小葱，1个八角，2片香叶，1勺生抽，1勺蚝油，1勺料酒，1小撮鸡精，1小撮盐,"1. ① 干辣椒切段，姜蒜切小片，二荆条小米辣切圈圈备用。
2. ② 鸭腿洗净切块，将鸭肉至于清水中泡出血水后再洗净。
3. ③ 起锅烧水，冷水下鸭肉，加入1勺料酒，3至5片姜，1个葱节，1个八角，2片香叶焯水，撇去血沫。
4. ④ 魔芋洗净切片焯水后，捞出备用。
5. ⑤ 焯完水的鸭肉洗净晾干，以防炒的时候溅油。
6. ⑥ 起锅热油，下干辣椒段，姜蒜片，火锅底料及1勺郫县豆瓣酱炒香，炒出红油。
7. ⑦ 炒出红油后放切好的二荆条和小米辣，翻炒10秒左右。
8. ⑧ 下晾干的鸭腿肉，加1勺生抽，1勺蚝油，翻炒1至2分钟。
9. ⑨ 下魔芋，继续翻炒20秒。
10. ⑩ 加啤酒没过食材，煮开后盖盖转小火焖煮10至15分钟左右，注意观察，待汤汁明显减少后大火收汁，加1小撮鸡精和盐翻炒均匀。
11. ⑪ 起锅装盘撒上葱花，一份好吃的魔芋烧鸭腿就完成了，肉质耙软入味，绝对是下酒下饭的好菜。",18,4,4,1371.0,67.4,2.91,1.18,13.41,4.25,34.5,1.28,9.5,44.44,100.0,1,15,2,0,legacy,"[""红烧"",""家常菜"",""下饭菜"",""下酒菜""]","[""1"",""2"",""3"",""91""]"
26954,葱爆羊肉,葱爆羊肉,,,500g切薄片羊腿肉（or羊里肌），2g盐（腌料），1g鸡粉（腌料），2g白胡椒粉（腌料），30g料酒（腌料），10g老抽（腌料），30g蛋清（腌料），10g生粉（腌料），10g色拉油（腌料），200g切滚刀块葱白，4片姜，4粒切片蒜，10g干辣椒段，1把切段香菜，10g蚝油（调味汁），10g生抽（调味汁），2g糖（调味汁），2g鸡粉（调味汁），2g白胡椒粉（调味汁）,"1. 1、材料合影，羊肉切片，用腌料抓匀备用。
2. 2、不粘锅中倒入量多的油烧至七成热，将腌制好的羊肉片倒入，迅速滑散。
3. 3、待肉片全部变色后，控油备用。
4. 4、原锅中倒入底油，爆香姜片、蒜片和辣椒段。
5. 5、倒入葱白翻炒，并用铲子拍散葱白。
6. 6、倒入控好油的羊肉片，翻炒均匀后加入调味汁（蚝油、生抽、糖、鸡粉和白胡椒粉），继续翻炒片刻。
7. 7、撒香菜段，关火，拌匀装盘即可。",17,4,4,102.0,96.7,5.0,0.35,18.97,1.2,30.6,1.52,37.7,29.41,100.0,14,3,0,0,legacy,"[""家常菜"",""快手菜"",""宴客"",""牛羊肉""]","[""2"",""3"",""9"",""52""]"
27112,嫩滑⭕️不碎的酸菜鱼,👍嫩滑⭕️不碎的酸菜鱼😁,😍酸菜加上辣椒，黄灯笼椒，花椒，酸爽麻辣，开胃到欲摆不能！味道在家也能做的硬菜！我家每次做酸菜鱼，吃到最后都意犹未尽，都觉得鱼小了点，其实都不小，都有一斤七八两了。   当不知道吃什么菜的时候，买一条鱼和一些配料做个酸菜鱼，一锅就搞定，可以有蔬菜-维生素，有主食-碳水，还有鱼-蛋白质。超详细的酸菜鱼做法，鱼肉鲜嫩，辣中带麻，酸爽开胃!,,1条黑鱼/草鱼/鲈鱼/桂花鱼，1棵酸菜，适量姜，2勺料酒，1个蛋白，少许白胡椒，少许盐，少许灯笼椒，少许克野山椒，少许花椒，少许干辣椒，少许芝麻，少许克葱花，少许香菜,"1. 准备好的酸菜，野山椒，灯笼椒酱，红辣椒，花椒
2. 先用温水泡个粉丝备用
3. 买鱼的时候在市场让档主把鱼起鼓，回来就好操作了。鱼头、鱼骨用水反复冲洗，洗去血水，可以用盐和料酒抓抓冲洗干净，吸干水份备用
4. 切好的鱼片
5. 我喜欢切成大薄片，然后用盐和料酒揉出粘液，这样可以锁住鱼的蛋白质，增加鱼片的韧劲，用清水清洗多几遍去除腥味，鱼片呈透明感即可，这样做出来不容易碎。洗后用清水泡十分钟左右。
6. 加入盐抓一下，这样使鱼片上浆.鱼肉更嫩滑.加入胡椒粉、料酒、姜，抓拌均匀，再加入蛋清、生粉搅拌均匀，最后加点油拌匀。❗️顺序很重要，不要先下蛋清和生粉，会影响鱼的调味和嫩滑！❗️
7. 一起顺时针搅上劲.腌制10分钟就可以。
8. 热锅放油，把鱼骨和鱼头煎一下
9. 热锅下油，把鱼头和鱼骨煎得有点儿焦黄，出来的鱼汤更白、更浓
10. 煎好的鱼装起备用
11. 锅里放入酸菜，不放油把酸菜炒去水份，会更爽脆
12. 热锅下油，有猪油放一点会更香，放入姜蒜和灯笼椒野山椒
13. 炒香加入酸菜
14. 再加入煎好的鱼头和鱼骨
15. 加入开水一起煮一会，记得一定要加入开水
16. 加入盐，胡椒粉，糖，有鸡精的也可以加一点，我家是不用鸡精味精的，就用一点糖提提鲜
17. 加入白醋，野山椒水
18. 鱼汤煮个5-10分钟左右就可以了，用漏勺把鱼汤里的汤料捞出来
19. 剩下的鱼汤放入鱼片
20. 用筷子夹进去
21. 小火下锅不要马上搅动，不然挂不上浆.鱼容易碎.稍等一下用筷子拨开烫至熟就可以，余温会让鱼熟透，也可以用饭铲推开
22. 一煮开就关火
23. 把鱼片和汤倒入装了鱼头的盆里，盆里可以放入预先煮熟的粉丝，黄瓜，白菜，金针菇等等
24. 😍
25. 撒上香菜，蒜蓉，芝麻，花椒和干辣椒，淋上烧热的油
26. 可以开吃啦",14,6,6,250.0,50.0,7.2,0.45,6.75,0.0,100.5,1.4,125.9,64.29,100.0,0,4,10,0,legacy,"[""下饭菜"",""家常菜"",""大鱼大肉""]","[""1"",""3"",""9"",""11"",""26"",""52""]"
27117,焖锅鸡翅——Staub铸铁锅,焖锅鸡翅——Staub铸铁锅,"外面的三汁焖锅不知道从什么时候开始，风靡了大街小巷，食材随意，吃起来也方便，自然是受欢迎。
其实，有了密封性极好的Staub铸铁锅，在家里也可以吃到正宗的焖锅呢，大家可以都来试试哦～",,35只鸡翅中，1节莲藕，2个土豆，2斤小芹菜，1个洋葱，1根大葱，1块姜，适量黑胡椒碎，适量盐，适量料酒，适量蚝油，适量味极鲜酱油，一罐可口可乐，2大勺甜面酱，1茶匙淀粉,"1. 提前一天将鸡翅中洗净，沥干水分后，用刀在表面划几道，加少许料酒，蚝油，盐和黑胡椒碎，葱，姜数片，加盖保鲜膜，放冰箱冷藏过夜。
2. 莲藕去皮切片。
3. 土豆去皮切片。
4. 小芹菜摘去叶子，切成5厘米长的段。
5. 剩余的大葱切段。
6. 洋葱切三角块。
7. 铸铁锅里用橄榄油薄薄抹一层。
8. 将藕片，土豆片，洋葱，芹菜段码放在锅内。
9. 腌好的鸡翅中将葱姜扔掉。
10. 码放在蔬菜上面。
11. 加盖，小火焖20分钟。
12. 2大勺蚝油，2大勺味极鲜酱油，2大勺甜面酱，一罐可乐，一茶匙淀粉，适量黑胡椒碎，调和均匀成酱汁。
13. 将酱汁淋在鸡翅中上面，再放上葱段。加盖，中火焖20分钟左右，彻底入味。
14. 待鸡翅中彻底软烂，熟透即可。
15. 香浓入味，很下饭哒～",15,6,8,3273.0,456.9,13.72,3.01,103.51,15.01,217.1,4.37,1690.7,60.0,100.0,1,8,6,0,legacy,"[""铸铁锅"",""家常菜"",""焖""]","[""1"",""3"",""5"",""12"",""24"",""27"",""71"",""241""]"
27502,红烧鸡爪,红烧鸡爪,姑娘爱吃鸡爪 换着样给姑娘做 吃就得了,,适量鸡爪，适量葱姜蒜，一个八角，一片香叶，一小块桂皮，适量花椒粒，少许料酒，适量冰糖，适量盐，少许鸡精（可不放），少许白糖，适量生抽，少许老抽,"1. 鸡爪洗净去指甲 一分为二
2. 冷水下锅加料酒焯出血沫
3. 捞出洗净控干水分
4. 准备葱姜蒜 冰糖 花椒 八角 桂皮 香叶
5. 锅加油下入冰糖炒糖色 
6. 下午鸡爪炒上色 加入小料炒香 烹入料酒 加生抽 老抽 耗油
7. 加入清水 水开打出浮沫 加盐 鸡精 白糖小火慢炖十分钟 大火收汁（喜欢吃软烂的可以用高压锅或者炖的时间久点）
8. 红烧鸡爪制作完成",13,4,4,0.0,0,0,0,0,0,0,0,0,15.38,100.0,0,3,10,0,legacy,"[""红烧"",""家常菜"",""小吃""]","[""1"",""2"",""3"",""112""]"
27507,酱烧茄子,酱烧茄子,我炒菜不喜欢大油，所以烧茄子永远不如我老公做的好吃！所以我得另辟蹊径，找到能容易上手又好吃的烧法，谁让我喜欢吃嘞(^_^)v,,5-6根茄子（长条细茄子），2瓣大蒜，半根青椒，3个红辣椒，1勺豆瓣酱，适量鸡汁,"1. 这会儿的茄子超级新鲜，我喜欢吃这种长条的细茄子！
2. 切花刀！做之前切，不然容易发黑！
3. 将青椒切丁，蒜切末，新鲜的红辣椒切好，备用！
4. 起锅，锅热，到油，油相对炒菜多一点！
5. 以此，倒入蒜，辣椒，青椒，煸香！
6. 倒入茄子，翻炒均匀。
7. 家里常备。
8. 加入一大勺豆瓣酱，翻炒均匀，让每块茄子都裹上酱汁，加酱干炒容易粘锅，可以加一点点水，继续翻炒！不要加太多哦！不然茄子吃起来口感上会差些！
9. 多翻炒，一定炒匀！
10. 加水，加一点鸡汁，调味！盖锅盖焖一会儿，待汁收的差不多了，就可以起锅了。
11. 完成✅",6,4,4,1850.0,366.6,17.27,3.14,78.34,19.61,368.3,7.74,85.8,66.67,100.0,0,5,1,0,legacy,"[""家常菜"",""素菜""]","[""2"",""11"",""50"",""110""]"
27600,牛肉粒爆三丁,减肥食谱：夏天的茭白这样吃！牛肉粒爆三丁。,"这个天吃茭白正当时，白白嫩嫩的茭白富含膳食纤维、糖类、多种维生素及矿物质，其营养价值较高，所含营养素易被人体吸收利用，茭白还具有补虚健脾、利胆退黄的作用。
牛肉呢，含有丰富的蛋白质，氨基酸。其组成比猪肉更接近人体需要，能够提高机体抗病能力，还很适合减肥期间的膳食补充。",,200克牛肉粒，2根茭白，半根黄瓜，1个红椒，3瓣蒜，2根葱，3片生姜，1小勺耗油，少许盐，1勺生抽，1勺太太乐鲜鸡汁，半个蛋清，1小勺玉米淀粉，少许黑胡椒碎，20克橄榄油,"1. 牛肉粒，用一小勺耗油，少许黑胡椒碎，一丢丢盐，一小勺生抽，半个蛋清！一小勺玉米淀粉拌匀腌制，最起码30分钟以上。
2. 茭白，黄瓜，红椒切丁，葱切段，姜切片。
3. 不沾锅里放少许橄榄油，放蒜粒、姜片小米辣爆香，放入腌制好的牛肉粒。
4. 翻炒至牛肉粒变色，成熟。盛出备用。
5. 用厨房纸擦净不粘锅。
6. 锅里倒入少许橄榄油，放入茭白丁，翻炒。
7. 差不多成熟了，就放入黄瓜丁和红椒丁一起翻炒，放少许盐调味。
8. 放少许太太乐鲜鸡汁提鲜。
9. 再放入之前炒好的牛肉粒，翻炒均匀，放入葱段。
10. 出锅咯！色彩艳丽，营养丰富的牛肉粒爆三丁，要不要来尝一口？",15,7,7,455.5,113.5,6.42,0.87,22.8,5.39,60.2,2.34,38.2,46.67,100.0,2,11,2,0,legacy,"[""家常菜"",""下饭菜""]","[""1"",""2"",""3"",""19"",""49"",""52"",""362""]"
27628,鸡胸肉版鱼香肉丝,鸡胸肉版鱼香肉丝,鸡肉口感更嫩，主要是自己是爱吃又想减肥的宝宝😂，鸡肉热量比较低，配上各种有营养的菜，好吃不胖,,1块鸡胸，1个柿子椒，1小根胡萝卜，1根（北方吃笋不方便茭白代替也很好吃）茭白，适量木耳，1勺料酒，3勺（可以用陈醋）香醋，1勺（喜甜1.5勺）糖，1勺生抽，1/2勺老抽，1勺清水，适量白胡椒粉，3克（鸡胸用）盐，1/2个蛋清，1勺油，1勺（鸡胸1/2勺，料汁1/2勺）淀粉，半根葱，5片姜，3瓣蒜,"1. 鸡胸切片
2. 加入盐，胡椒粉，蛋清，料酒，淀粉半勺搅拌均匀，可以用手抓匀，按摩几分钟最后加一勺油，搅拌均匀腌制30分钟
3. 腌制鸡肉时，把所有配菜切成丝，备用，木耳提前泡好
4. 调料汁备用，醋3勺，糖1勺，生抽1勺，老抽1/2勺，淀粉1/2勺，清水1勺，葱蒜一半，一半留做炒豆瓣酱
5. 起锅烧油，油烧到冒青烟，不粘锅不用油温太热，铁锅油热防止粘，大火下入腌好的鸡胸肉，抄到鸡胸变色，盛出备用，调小火
6. 加入郫县豆瓣酱，别放太多咸，我放了一勺半，鸡胸比较大，小鸡胸一勺就可以，姜丝，葱，小火炒出香味
7. 先放胡萝卜炒几下
8. 放木耳，茭白炒到菜变软，加之前炒好的鸡胸，上色后加青椒，青椒炒软，加入之前调好的料汁，快速大火翻炒均匀，出锅
9. 喜欢辣的宝宝可以加小米辣，我家人不太能吃辣所以没加",19,9,10,551.0,308.9,36.74,3.02,37.11,4.53,81.3,4.79,205.3,52.63,100.0,1,16,2,0,legacy,"[""家常菜"",""下饭菜"",""鱼香"",""减肥""]","[""1"",""2"",""3"",""6"",""11"",""15"",""24"",""33"",""52"",""362""]"
27692,干煸肥肠-肥肠这么做,干煸肥肠-肥肠这么做，肥而不腻还很有嚼劲，没有人能抵挡得了诱惑,"肥肠又名猪大肠、猪肠。猪肠是用于输送和消化食物的，有很强的韧性。根据猪肠的功能可分为大肠、小肠和肠头，它们的脂肪含量是不同的，小肠最瘦，肠头最肥。

肥肠这种食材，真的是可以说是两极分化得很厉害。爱吃的人恨不得天天吃，红烧大肠、火爆肥肠、卤肥肠......不爱吃的人一丁点也不肯碰，听到肥肠浑身就起鸡皮疙瘩，脑补各种奇奇怪怪的画面，有的说肥肠总有股异样的味道，有的说肥肠吃起来口感很奇怪，总之怎么劝他们都是不愿意动一筷子的。

其实呢，肥肠可是一件好东西。有润燥、补虚、止渴、止血的功效，可用于治疗虚弱口渴、脱肛、痔疮、便血、便秘等症状，但感冒期间最好不要食用哦。

清洗肥肠是一件麻烦的事情，最好戴个口罩操作。肥肠买回家后，可以把它放在水龙头下，一边冲洗一边清理，正反两面翻面冲洗，用剪刀剪去过脏过多的油脂。再用适量的盐、白醋、淀粉或者面粉反复揉搓，直至把粘液冲洗干净即可。

但是，今天我们要做的是干煸肥肠，所以，肥肠必须要留些油脂才好，这样才会有负负得正的效果。“臭臭”的肥肠加上一大把辣椒段、花椒粒，小火慢慢煸炒，竟然变得那么香气扑鼻，酥脆、麻辣的口感让人直呼过瘾。",,3个红辣椒，3个青辣椒，半根大葱，1把花椒粒，1勺郫县豆瓣酱，3片生姜，6片大蒜，10段小葱，1颗八角，1段桂皮，1片香叶，1片白芷，2颗白寇，3段干辣椒，15毫升料酒，30毫升卤水汁，20毫升生抽，10毫升老抽，10克白砂糖,"1. 肥肠买回来后，用盐、白醋、淀粉或者面粉在水龙头下，反复揉搓清洗。把清洗好的肥肠冷水入锅焯水，水开后捞出洗净。再起一锅水，倒入卤水汁、料酒、生抽、老抽，撒入生姜、小葱、八角、桂皮、香叶、白芷、白寇、干辣椒，加入白砂糖，水开后放入肥肠，盖上锅盖焖煮30分钟左右。
2. 捞出切段。
3. 把郫县豆瓣酱剁碎。锅里不用倒油，先把青椒和红椒煸炒一下盛出。
4. 热锅冷油，爆香姜片、蒜片和花椒粒。
5. 再把肥肠倒入，小火慢慢煸炒至表面焦黄、油脂溢出。
6. 再把郫县豆瓣酱和大葱段倒入煸炒。
7. 最后把青椒和红椒倒入锅里翻炒均匀即可。
8. 完成。",19,5,5,699.0,50.8,1.74,0.22,11.0,1.05,21.8,0.76,10.0,36.84,100.0,5,11,3,0,legacy,"[""下饭菜"",""家常菜"",""煸""]","[""1"",""2"",""3"",""50"",""111""]"
27717,上班族的快手大餐 锡纸牛肉,上班族的快手大餐 锡纸牛肉,"一道菜荤素搭配，营养丰富，提前一天拌好冷藏入味，第二天下班回家，煮上饭，预热烤箱，铺上素菜就可以开烤，饭好了，菜也熟了……
        能吃辣，可以加小米辣，好看也好味道，最近有点上火，今天的菜谱就没加。",,400克牛肉，100克水，10克盐，一勺生抽，一勺糖，一勺蚝油，一勺麻椒油，一勺黑胡椒粉，30克红葡萄酒，30克油，半个洋葱，一把金针菇，一把胡萝卜丝，四根香芹,"1. 牛肉按照自己喜好的烧烤用的部位，我们家里喜欢吃勒条，切片，别太厚，（肉的厚薄决定了后面的烤肉时间）加盐
2. 黑胡椒粉
3. 有黑胡椒碎更好，也加一些
4. 生抽一勺，喜欢颜色深的，再加半勺老抽，我没加
5. 一勺糖
6. 抓匀，着急吃的多抓一会，充分入味，
7. 加入蚝油
8. 加入麻油，是麻椒油！不是香油抓匀
9. 现在开始加水，水一定要一点点加，加一点抓到完全吸收，再加在抓，看买到的肉的程度
10. 加了30克红葡萄酒，也抓进去，抓好的肉是这样的状态，水汪汪的，又不会有多余的水渗出来，
11. 加上油，因为后面还要加素菜，比你平时炒菜的油略多一些，如果菜加的少，油别放太多，拌匀，蒙上保鲜膜，进冰箱冷藏
12. 冰箱里冷藏一晚的牛肉，拨开也没有水渗出来，肉的感觉是Q的
13. 烤箱预热230度，烤盘铺上锡纸，小心不要弄破
14. 铺上洋葱丝
15. 金针菇
16. 胡萝卜丝
17. 香芹段，如果菜量大，或者口重的人，再撒点盐
18. 铺上牛肉
19. 再拿一张锡纸盖上，用下面的锡纸把上面的边一起往里卷，四边都卷好，压紧，别弄破了，入烤箱烤20分钟
20. 取出来，锡纸高高的鼓起来，像个气球
21. 切开锡纸，一道色香味俱全的锡纸牛肉完成，还是有小米辣更好看一点！",14,5,5,1005.0,702.0,83.23,35.35,14.75,3.38,38.0,9.05,264.0,35.71,100.0,5,9,0,0,legacy,"[""快手菜"",""烤箱菜"",""家常菜""]","[""5"",""6"",""8"",""46"",""106""]"
27738,鸡胸肉焖饭,鸡胸肉焖饭,减脂期间太可了！！有三大营养素～吃不完可以留着吃！,,半杯大米，适量鸡胸肉，半根胡萝卜，100克南瓜，1个西红柿，3勺酱油，1勺蚝油,"1. 先把南瓜、胡萝卜、鸡胸肉切小块，西红柿划十字备用。
2. 接着洗好米，把各种料放在米旁边，中间放西红柿（做作一点哈哈哈哈），最后按照自己口味适量调味。",7,5,6,335.0,320.9,8.12,1.09,71.78,1.91,45.2,2.02,54.7,71.43,100.0,1,5,1,0,legacy,"[""减肥"",""饭"",""焖"",""快手菜""]","[""6"",""14"",""15"",""20"",""24"",""30""]"
27937,教你做出鲜美嫩滑蒸蛋羹,教你做出鲜美嫩滑蒸蛋羹,"鲜美嫩滑，入口即化
关键1：水蒸蛋千万不能放味精。
关键2：放温水比较好。
关键3：蛋液和温水的比例为1：1～1.5左右。
关键4：打好的蛋液最好过滤掉小泡泡，再下锅蒸。
关键5：水量和水温。兑蛋液的水要用温水，不能用冷水或热水，冷水蒸出的水蛋不够嫩滑，热水容易把蛋液冲成蛋花
关键6：注意中小火蒸即可，一旦火力太大就会蒸出蜂窝蛋羹
关键7：水一定要开以后，再把蛋液放上蒸隔，然后开小火，锅盖一定要留缝，不要盖严实了。
这样蒸出来的蛋羹绝对不会有蜂窝眼，口感也不会老。",,6只虾仁，3个鸡蛋，少许盐，适量香油，适量小葱，适量生抽，1.1～1.5倍温水,"1. 虾去壳去虾线，适量料酒少许盐腌制15分钟
2. 鸡蛋打散
3. 加适量盐
加入1.1-1.5倍的温水搅拌均匀，一边加水一边顺时针搅拌均匀。要温水与蛋液充分搅匀
4. 过滤一遍口感更好，在放入蒸锅前也可以盖上保鲜膜，用牙签扎几个洞，可以防止蒸煮过程中水汽滴入蛋羹中，蒸锅中放入适量水，烧开。水开后把蛋放入。中小火蒸约15分钟。
5. 蛋液有点凝固了，然后轻轻放上处理好的虾，再蒸个8～10分钟，闷一小会，就好了。放入虾仁继续蒸制完全凝固即可
6. 蒸制的时间取决于蛋液和水分的多少，而且最好不要用生水来蒸蛋羹。
7. 蒸好后，倒适量生抽和少许香油，再撒上香葱即可
8. 需要加多少酱油按自己口味调整。
非常细腻爽滑，豆腐花般的口感。
特别特别鲜美。

",6,3,4,198.0,303.5,40.63,14.15,3.6,0.0,350.4,7.68,2545.4,50.0,100.0,0,2,4,0,legacy,"[""蒸"",""早餐"",""快手菜"",""家常菜"",""鸡蛋羹""]","[""1"",""7"",""41"",""590""]"
27967,饭扫光@宫保鸡丁,饭扫光@宫保鸡丁,"配料比较多，但都是家常的，其实只有三步，非常好吃，味道比较正宗。
第一，腌肉，
第二，切配菜，
第三，调汁
勺子大小如图，都是用这一个勺子量的量",,1⃣鸡肉腌制：，半个鸡胸肉，1个蛋清，2勺淀粉，1勺黑胡椒，1勺料酒，三分之一勺盐，2⃣配料：，20颗花生米，半根黄瓜，15粒花椒，半根胡萝卜，2勺豆瓣酱，2个辣椒，3⃣酱汁：，1勺醋，1克糖，1勺生抽，1勺白糖，1勺淀粉，3瓣（切沫）蒜，半根（切沫）葱，1勺耗油，1勺蜂蜜，4勺子水，半勺香油,"1. 按照第1⃣部分将肉切小丁腌制20分钟以上
2. 按照步骤2⃣准备配菜（花生米在油锅里小火炸好撒点盐）
3. 按照步骤3⃣调汁，勺子大小如图
4. 油烧热鸡肉在锅里翻炒1分钟，捞出放盘子
5. 锅里放入花椒，辣椒炒几秒钟出味
6. 放豆瓣酱炒一分钟
7. 放入黄瓜、红萝卜炒软
8. 接着放入鸡胸肉
9. 倒入调好的汁
10. 大火炒5分钟，顺便收汁，味道绝了！！",22,8,9,378.0,448.1,34.89,19.76,34.88,4.88,88.2,4.08,113.8,40.91,100.0,1,21,0,0,legacy,"[""家常菜"",""下饭菜"",""大鱼大肉""]","[""1"",""2"",""6"",""15"",""16"",""17"",""19"",""24"",""52""]"
28039,酸辣下饭的泡菜苕粉肉丝,酸辣下饭的泡菜苕粉肉丝,中午食堂盒饭里的泡菜，不能浪费，挑出来炒一盘下饭菜哈哈，苕粉就是红薯粉，选粗一点的吃起来更Q弹，家里苕粉没有，用的玉米粉条，也很入味,,100克肉丝，100克苕粉（干红薯粉），100克泡菜，2瓣蒜，少许姜末，3根小葱，2个指天椒，腌肉丝：，1勺生抽，1勺油，少许黑胡椒，调汁：，1勺生抽，1勺蚝油，2克盐，半勺香油，1/3勺糖，1勺淀粉，1勺水,"1. 玉米粉条，我直接放锅里煮的，因为比较硬，如果是苕粉，建议温水泡软
2. 不同粉丝应该时间不一样，就不写具体几分钟了，大家可以煮了尝尝熟了没，熟了捞出过凉水
3. 准备好肉丝，腌制好，切好配料、调好碗汁
4. 先炒熟肉丝，放入蒜、姜、辣椒和泡菜，同炒
5. 倒入苕粉和碗汁，翻炒片刻，如果是泡好的苕粉，没有熟的，就需要加一点水，焖一下收汁味道更好
6. 最后撒上葱花，出锅",16,4,4,545.0,369.5,16.04,30.27,8.53,0.53,32.2,1.84,62.0,50.0,100.0,4,10,2,0,legacy,"[""家常菜""]","[""1"",""2"",""3"",""193""]"
28212,日式牛肉饭,日式牛肉饭（牛丼）,"这是一个快手+饭扫光+煮一次可吃很多顿+绝对不装逼之日本料理。调味料请不要偷懒，尽量使用日式的吧。自家制绝对比吉野家好吃。

在下厨房看到的各种日式牛肉饭做法，促使我每次都要去翻日文网页。http://erecipe.woman.excite.co.jp/detail/2f5e9ebfe3328e5c40308a7872642e98.html  各种用料翻了倍。以后我就可以翻自己的了哈哈哈。",,500g（6~8人份）肥牛片，中两个洋葱，3棵小葱，4~5片姜，#调味汁，500ml水，2勺味之素牌海鲜素（ほんだし），8勺味醂，8勺日式料理酒，8勺日式酱油，6勺糖，#配料，适量七味辣椒粉，没有日本米的话至少也要是东北大米吧白米饭,"1. 洋葱切丝，小葱斜切，姜切丝。
2. 把调味汁和姜扔锅里大火煮开。
3. 煮开后扔牛肉。
4. 再煮开后捞浮沫，扔洋葱。
5. 再再煮开后转小火盖锅盖焖煮5分钟。
6. 最后把小葱也放进去，煮1~2分钟。（我的牛肉太肥了，最后刮了一下表面的油）盖浇到饭上，撒上七味，开吃！！",14,3,3,110.0,26.5,1.0,0.36,5.59,1.5,32.4,0.95,9.1,21.43,100.0,2,8,4,0,legacy,"[""快手菜"",""下饭菜""]","[""1"",""3"",""66""]"
28642,香菇番茄汤,香菇番茄汤,"今天来做一道清淡的汤。虽说天气已经开始转暖了，在晚间吃一道热乎乎的汤仍然是很件很舒服的事。我之前在下厨房里上传过一道“番茄白玉菇汤”，是味道浓郁的浓汤型，这次换个口味尝尝吧😁

奇异博士也有来参演哦～",,2小个西红柿，5个香菇，3瓣蒜，少量玉米淀粉（可不加），适量盐，适量黑胡椒碎,"1. 准备食材，蒜瓣切末。
2. 香菇洗净，切片。
3. 在香菇中放入玉米淀粉、少量盐和黑胡椒碎，抓匀，让香菇均匀挂上淀粉。嫌麻烦的此步骤可以省略。
4. 西红柿洗净去皮，切薄块。
5. 热锅凉油，蒜末炒香。
6. 放入西红柿翻炒至西红柿变软，但还要保持形状，不要熬成西红柿酱，那样的话做浓汤比较合适。这款汤比较清淡，所以最好保持西红柿的原貌。
7. 加冷水没过西红柿，盖盖子，大火烧开。
8. 水开后下香菇，香菇片均匀放入水中，避免粘连。一开始先不要搅动，煮一两分钟左右后再搅动。香菇煮熟后就可以加佐料出锅了，也可以再盖盖子转小火焖煮5-10分钟。出锅前加盐即可。
9. 如果有葱花撒上会更漂亮。",6,3,3,115.0,45.2,2.88,0.33,9.34,3.46,7.8,0.48,4.3,50.0,66.67,0,2,3,0,legacy,"[""汤羹"",""素食"",""快手菜"",""减肥""]","[""2"",""14"",""23""]"
28819,方便易做的家常水煮鱼,方便易做的家常水煮鱼（龙利鱼版）,"水煮鱼是一道「看起来很麻烦」但「做起来挺简单」的唬人大菜，尤其是用龙利鱼柳来做，方便极了。顺带一提，市面上大家通常能买到的龙利鱼其实是「巴沙鱼」，这几年商家们按要求规范商品名，都开始叫巴沙鱼了。肉厚无刺的大片冷冻鱼肉，烹饪方便，也很好吃。

这则菜谱是比较家常的做法，无需市售的水煮鱼调料包或火锅底料，用最简单的葱姜蒜、辣椒花椒、豆瓣酱，就能做出很不错的味道。按照我分类罗列的用料提前准备好，制作过程就能一气呵成、非常简单，因此也是一道适合厨房新手建立信心与成就感的菜。

吃完像水煮鱼这样的重口味，不妨来一片绿箭口香糖哦。餐后清新口气，自己更舒心，家人更亲近。 👉戳链接get我的餐后同款小清新：https://daojia.jd.com/html/index.html?fenxiang=true&h5_pageId=activityPage#activityPage/actNativeId:11997845&channel=xiachufangzaowushi 

8月14日-9月4日期间，收藏我的菜谱还有机会获得绿箭餐后宠粉礼包哦~~ 这里查看活动详情：https://www.xiachufang.com/juno/cms/2957",,重口味的清新口气好搭档清新口气的绿箭，400g龙利鱼（巴沙鱼），300g豆芽，#腌鱼用，2大匙料酒，1大匙生粉，1/2小匙盐，#汤底用，2-3根葱，1小块姜，3-4瓣蒜，2根（嗜辣的可多加）小米辣，2大匙郫县豆瓣酱，1小匙盐，1/2小匙味精，1/2小匙糖，1/2小匙白胡椒粉，半锅清水（如有高汤更好），#最后撒表面用，2-3个干辣椒，1撮花椒，适量葱，适量蒜,"1. 首先准备好所有原料，鱼柳提前解冻。
2. 将鱼柳斜切成片，用料酒+生粉+盐抓匀，冷藏腌制备用。当然腌久一些更入味，没时间的话可以适当加一点盐量。
3. 接着来备辅料：蒜切末、姜切末、小米辣切小段、葱切成葱花并将葱白和葱绿分开、干辣椒切碎。
4. 图中左边是汤底要用到的，右边是最后撒在表面要用到的。
5. 烧一小锅水，先把豆芽菜烫一下。水开后放入豆芽，煮2分钟左右即可捞出。控水后铺在容器底部。
6. 开始做汤底：锅中热油，放入葱白、小米辣、姜末、蒜末（蒜末此时别全部放完，留一些最后撒在表面），中小火煸出香味。加入郫县豆瓣酱，小火炒出红油。
7. 倒入清水（如果有高汤则更好），大火烧开。水量我没称量，不管用什么锅，至少半锅水吧。撒盐、味精、糖、白胡椒粉调味。尝一下咸淡，灵活调整调味品用量。
8. 转中小火，烫鱼片。尽量快速且一片片地放入水中，别一大坨整个倒进去，至少要拨散了下。鱼片很快就能熟，到底烫多久取决于鱼片的薄厚程度。可以尝一下，最晚放入的鱼片也熟了即可。
9. 捞出所有鱼片，铺在豆芽上。锅里的汤再次煮沸，可以用生粉加水调一点儿水淀粉，倒入煮开，让汤底略微收浓。
10. 倒入汤底。
11. 撒上：干辣椒碎、花椒、蒜末、葱绿。准备淋明油。
12. 烧热2-3大匙油，烧到冒烟的程度，呲啦一下泼到表面即可。
13. 祝好胃口！饭后来片绿箭吧，口气清新更亲近~",21,6,6,866.0,204.8,15.44,5.39,27.2,6.61,95.6,3.65,30.1,42.86,93.75,2,13,5,0,legacy,"[""大鱼大肉"",""家常菜"",""下饭菜""]","[""1"",""2"",""3"",""91"",""92"",""98""]"
29080,减脂 金钩豆芽海带汤,清淡 减脂 金钩豆芽海带汤,"我用的自己发的豆芽，健康无添加。

简单的减脂汤

牛奶盒发豆芽：http://www.xiachufang.com/recipe/104097626/",,1大把豆芽，1小把金钩，1把裙带菜，适量白胡椒碎，半勺蚝油,"1. 金钩，温水泡几分钟
2. 裙带菜泡发
3. 用芝麻油炒香蒜末（这是我和韩国邻居学到的，真香）
4. 把金钩稍微炒一下，水留着备用
5. 放入豆芽翻炒几分钟（豆芽用油翻炒可以去豆腥味）
6. 倒入没过豆芽的水，把泡过金钩的水也倒入，煮开后再煮5分钟
7. 放入裙带菜再煮几分钟
8. 放入一些白胡椒碎+蚝油，可以了
9. 来一起吃吧",5,2,2,35.0,59.5,6.7,0.58,10.82,7.93,238.8,4.19,1103.6,40.0,75.0,0,3,1,0,legacy,"[""汤羹"",""减肥"",""素食"",""汤"",""清淡""]","[""92"",""218""]"
29173,藜麦花胶鱼胶美容瘦身减肥汤粥,藜麦花胶鱼胶美容瘦身减肥汤粥,"花胶# 零脂肪，满满胶原蛋白，女性护肤美容的好东西！

藜麦# 高蛋白，高膳食纤维，低热量，营养丰富且易吸收，健身人的轻食好物！

最近，我的早餐就是这碗【藜麦花胶粥】
想特别推荐给爱美人士：
一碗零脂肪，满满胶原蛋白的减肥粥❤️

下面是一个人一碗的量供参考！",,15克花胶，25克藜麦，2颗红枣，适量冰糖,"1. 我建议大家最好都泡发一下，这样鱼胶会减少腥味，口感也会更赞！具体如何泡发请参考我前篇分享～这是我提前泡发好的北海胶，不算大个，一斤80头的公胶。「鱼胶泡发步骤https://www.xiachufang.com/recipe/104055308/?group=share_title_a」
2. 公胶一般比母胶薄，但是其功效比同款母胶好！
3. 藜麦我买的是进口三色藜麦，不用泡可以过一下水就能直接炖煮。
4. 胶小不用切，可以直接炖！水不要放太满哦，不然煮开时会溢出来！
5. 泡发好的花胶炖煮时间不用太长，1.5-2个钟就够！时间也随其他同煮食材而定！
6. 啦啦啦～ 就这么简单！起锅前10-20分钟可下冰糖，或者红糖。
7. 最后也送上一张工作室的产品实拍图给大家观赏观赏哈哈哈哈",4,2,2,50.0,101.8,3.61,1.53,17.5,1.81,8.4,0.97,0.4,75.0,100.0,2,1,1,0,legacy,"[""早餐"",""沙拉"",""粥"",""汤羹"",""养颜"",""减肥"",""汤""]","[""21"",""144""]"
29403,青椒肉丝炒面,青椒肉丝炒面,今天减肥的你也别挣扎了，说真的，败给我的这盘炒面，不丢人😘,,猪肉（我用的腱子肉），香菇，扁豆角，胡萝卜，青菜，青辣椒（细的那种），小米椒，蒜苗，蒜，花椒粉，孜然粉，盐，糖，味事达，鸡精,"1. 准备食材，香菇提前用水泡软
2. 豆芽可有可无
3. 豆角，萝卜，青椒均切丝备用
4. 猪肉切条提前用淀粉 料酒 盐和生油少许腌制10分钟左右(小技巧:放几滴生油炒出来的肉更嫩一些)
5. 蒜苗切丝，蒜白部分切段，大蒜切片，本人喜欢炒菜多放蒜，这个根据你们各人口味，小米椒切小小段，3颗就够了。
6. 青菜洗好备用
7. 面饼根据人数多少自己搭配，其实用家里的挂面都可以的。我有尝试过。
8. 煮锅烧开水，放面饼进去，煮到7分熟，捞出，用凉水过一下，控干备用。
9. 油锅热油，油热后，放入腌制好的猪肉翻炒变色乘出备用。
10. 之后油锅放蒜苗、蒜和小米椒，香菇，炒出香味。随后将扁豆角放进锅内一并翻炒，期间可以加一丁点凉开水，因为豆角难熟，待豆角变色后放入胡萝卜和青椒，肉丝，味事达、花椒粉和盐、糖（少许提味）孜然粉翻炒，快出锅时放面饼和青菜翻炒均匀即可",15,7,7,0.0,0,0,0,0,0,0,0,0,66.67,0.0,0,0,15,0,legacy,"[""面"",""快手菜"",""家常菜""]","[""2"",""4"",""6"",""18"",""23"",""80"",""111""]"
29438,酸汤牛肉面,酸汤牛肉面,抖音种草的番茄面，挺不错的，想偷懒又想饱腹不长胖可以试试哦(´-ω-`),,1根葱，2个西红柿，1份面条，220克牛肉，2勺生抽，5克盐，5块豆干,"1. 把葱白和葱叶分开切成小段
番茄切粒（皮可去可不去）
牛肉切片（我用的是婆婆的卤牛肉，也可以买新鲜的牛肉切片腌制好）


2. 锅中烧热下油下葱白炒出味，接着放番茄🍅，下盐翻炒，炒制番茄出沙软烂，下水煮。等到水开了下面条。
3. 我的面条是荞麦挂面，下面条后水开了下冷水，待水开后再下冷水，反复下了三次冷水，最后水开了面条就熟了。

4. 现在可以下牛肉，牛肉不用滚太久，煮久了牛肉就老了硬了。
下了牛肉接着下葱花，生抽，搅拌一下就可以出锅了",7,3,3,680.0,981.2,77.21,37.13,88.19,0.94,708.7,19.44,676.4,71.43,100.0,2,5,0,0,legacy,"[""面"",""家常菜"",""汤羹""]","[""1"",""8"",""14""]"
29514,南瓜小米粥,南瓜小米粥,,,两小把小米，400克南瓜，2000毫升水,"1. 南瓜上蒸笼蒸15分钟，出锅，压成泥
2. 大火烧开水后加入小米煮20分钟，水开后转中小火
3. 小米开花煮熟后加入压成泥的南瓜，可以加入冰糖调味也可以原味喝都很香",3,2,2,460.0,308.6,8.2,2.26,66.26,4.16,88.6,4.66,5.8,66.67,100.0,2,1,0,0,legacy,"[""粥"",""早餐""]","[""30"",""127""]"
30313,看起来复杂,看起来复杂，做起来超简单：明虾鸡爪煲,又是一到看起来很复杂，其实做起来非常简单的适合宴客的菜,,8只鸡爪，8只虾，6片姜，半个（切小块）洋葱，6瓣（拍一下）蒜，3个小米辣，1根芹菜，2根葱，1个土豆，半根黄瓜，2勺料酒，15粒花椒，2勺生抽，2勺郫县豆瓣酱,"1. 第一步：处理鸡爪。料酒2勺，开水，煮熟鸡爪，大约我煮了15分钟，然后捞出来放凉。
2. 第二步：准备好配菜，如图就好了。
3. 第三步：处理虾。（偷偷给自己多放了几个虾）虾去掉虾线，然后洗干净，热锅1勺油。煎到两面变红就好了，把虾捞出放在一边。
4. 第四步：炒料。把姜片，蒜，洋葱，小米辣，花椒放在刚刚煎过虾的油中炒香。
5. 然后放入2勺郫县豆瓣酱，炒出红油。
6. 第五步：放入土豆翻炒，然后放入鸡爪翻炒到食材都裹上豆瓣酱的红油。
7. 第六步：开炖。放入2大碗水，2勺生抽，一根葱，大火炖开，然后转小火10分钟。
8. 然后加入黄瓜和芹菜，炖2分钟。
9. 最后放入虾，闷1分钟，收汁，在放入葱花，就可以出锅了！",14,10,10,1433.0,2273.2,199.26,132.4,74.01,5.33,388.6,14.16,1484.0,64.29,100.0,0,14,0,0,legacy,"[""家常菜"",""宴客"",""下饭菜""]","[""1"",""2"",""3"",""5"",""12"",""19"",""27"",""91"",""112"",""590""]"
30551,四季豆焖面,四季豆焖面,我们平时正餐都吃米饭，偶尔也想吃面条，换换口味,,200克四季豆，250克普通猪肉，大概半捆（三人份量）普通挂面，一根（不放也行）红萝卜，适量盐，2汤匙酱油，1汤匙蚝油，适量生姜，适量蒜头，少量（不用也行）十三香,"1. 一块吃不起的猪肉，切片，放少量盐和料酒搅拌均匀，腌几分钟。
（后来想起来儿子不吃辣，没放辣椒😂）
2. 大火，热锅放油，先放姜蒜和肉片炒一会儿
3. 酱油、蚝油、盐、十三香都加入，翻炒均匀之后放四季豆
4. 调为中火，放入红萝卜片，加清水，水量能没过食材就可以了
5. 把挂面摊开铺在其他食材上面，然后盖上锅盖焖。
6. 焖一会儿之后就揭开盖子翻动一下面条（不用翻动下面的食材），让面条均匀吸收汤汁
7. 等汤汁被吸收得差不多，就把面条和食材一起搅拌均匀，关火。
（不用等汤汁完全干了，否则搅拌不了）",10,4,4,325.0,87.0,5.0,0.6,20.8,1.1,118.0,2.2,80.2,50.0,100.0,2,4,4,0,legacy,"[""面"",""家常菜""]","[""2"",""3"",""6"",""136""]"
30561,黑椒口蘑炒牛肉,黑椒口蘑炒牛肉,老外貌似特别喜欢烤口蘑，口蘑确实也是很鲜，符合中国人的口味，当然是要炒啦！,,200克牛肉，2勺黑胡椒，1勺蚝油，1勺生抽，1勺淀粉，1勺料酒，适量口蘑，3瓣蒜,"1. 口蘑洗净，去蒂切片，蒜切片
2. 牛肉切薄片，加入一勺生抽半勺老抽一勺料酒一勺淀粉少许黑胡椒粉，拌匀腌制10分钟
3. 锅中油烧热，倒入腌制好的牛肉片翻炒，变色后盛出
4. 牛肉一变色马上盛出，锅中会有这种汁水，倒掉不要，把锅洗干净
5. 重新倒入一些油，加入蒜片爆香后把口蘑倒进去翻炒
6. 一直炒啊炒直到口蘑体积变小开始出水，再炒炒控控水，加入一勺耗油翻炒
7. 加入牛肉片和一勺黑胡椒粉翻炒均匀，出锅前尝尝咸淡适量加盐
8. 出锅，撒上葱花，搞定",8,3,3,220.0,356.8,40.68,17.45,9.44,0.17,16.5,3.81,131.3,50.0,100.0,1,6,1,0,legacy,"[""单身食谱"",""家常菜"",""宴客"",""牛肉"",""蘑菇"",""炒""]","[""2"",""8"",""103""]"
31275,鱼香肉丝 没有鱼的鱼香肉丝,【鱼香肉丝】没有鱼的鱼香肉丝，简单的美味~ ​​​​,,,200克肉，100克肉丝，0条鱼，8朵木耳，10克瘦肉，1根胡萝卜，2勺淀粉，80克清水，20克白糖，2勺生抽，1勺料酒，3克盐，1勺醋，1根葱，0.5把蒜苔,"1. 【鱼香肉丝】没有鱼的鱼香肉丝，简单的美味~ ​​​​
2. 准备食材
3. 调好料汁
4. 热锅➕入肉
5. 蒜苔木耳胡萝卜下锅
6. 加入提前调好的料汁
7. 翻炒加入淀粉收汁",15,5,5,316.0,491.1,19.93,33.68,30.15,6.24,93.1,18.4,157.3,46.67,100.0,6,9,0,0,legacy,"[""鱼香"",""家常菜"",""下饭菜""]","[""1"",""4"",""6"",""33"",""221""]"
31494,辣炖白菜豆腐,辣炖白菜豆腐,山东枣庄有一早餐点，卖的炖豆腐，鲜辣嫩滑，冬天趁热吃上一碗，全身暖暖的，头发都冒出了汗，吃完后抹抹嘴边的红油，全是满足感，至今难忘……,,适量白菜，一块豆腐，适量葱，6片姜，6个干辣椒，5瓣蒜，1-3个青辣椒，适量蒜苗或香菜，适量盐，20粒左右花椒，1个八角，适量味精，50克油，一勺辣椒酱,"1. 主要原料切好备用
2. 锅热后倒入油，油热后依次放入八角、花椒、姜片、蒜、葱、干辣椒爆香。
3. 放入辣椒酱翻炒至油红。
4. 加水放入豆腐，大火炖约3分钟。
5. 然后放入白菜帮。
6. 加锅盖炖至白菜稍软，然后放入青辣椒，关火后，加入适量盐和味精调味，装盘后撒入香菜碎即可。",14,5,5,779.0,407.8,29.05,22.26,28.61,4.07,335.4,6.13,34.7,50.0,100.0,1,8,5,0,legacy,"[""家常菜"",""快手菜"",""下饭菜""]","[""1"",""2"",""3"",""29"",""111""]"
32257,五花肉豆腐煲,家庭版五花肉豆腐煲,美味下饭菜,,250克五花肉，5瓣大蒜，3勺生抽，4片姜，2勺老抽，3克盐，3勺料酒，3根葱，20克油，1块老豆腐，1个红辣椒，1青辣椒，2根香菜，2克糖，2克胡椒粉,"1. 老豆腐切厚块，下油锅煎至两面金黄。由于买回来没有拿好，所以有点碎。煎好后，备用
2. 五花肉也一样切片，煎至两面金黄，最好是把肥肉的油煎出来，这样吃起来不腻，煎到两面金黄后加生抽，老抽炒至上色，备用
3. 把姜切片，蒜切末，青红辣椒切圈，葱打葱结，香菜洗干净备用
4. 准备小砂锅，把姜，蒜，葱，辣椒平铺在锅底
5. 然后将煎好的豆腐和五花肉依次铺在砂锅里，加料酒，盐，糖，胡椒粉和加半碗水，水开后开小火炖30分钟
6. 炖好后加入香菜和红辣椒就可以开吃了",15,7,8,857.0,948.9,47.73,78.89,12.91,1.8,147.2,8.57,175.7,53.33,100.0,5,9,1,0,legacy,"[""家常菜"",""红烧"",""砂锅"",""下饭菜"",""煲""]","[""1"",""2"",""3"",""4"",""9"",""10"",""50"",""111""]"
32259,素炒合菜,素炒合菜,配菜可以挑自己喜欢的。,,半张（130克）厚百叶（豆皮），2个鸡蛋，90克韭菜，65克粉条，220克豆芽，100克胡萝卜，3克米醋，20克生抽，1克盐，2克糖，3克鸡精，5克老抽，8克蒜末，适量油，几滴香油,"1. 豆皮切丝，胡萝卜切丝，鸡蛋炒熟，韭菜切断，粉条用热水泡开。
2. 锅中放油，油热放入姜丝炒香
3. 放入豆皮丝、豆芽翻炒一下，放少许米醋。
4. 放入粉条翻炒均匀。
5. 放入生抽、老抽、盐、糖、鸡精，炒至颜色一致。
6. 放入鸡蛋，胡萝卜丝、韭菜段翻炒均匀
7. 放入蒜末翻炒一下
8. 淋入香油翻炒均匀，关火出锅。",15,5,5,583.0,533.8,26.84,12.76,82.09,4.88,199.7,8.69,231.8,40.0,100.0,11,2,2,0,legacy,"[""家常菜"",""素菜"",""下饭菜""]","[""2"",""6"",""7"",""48"",""92""]"
32419,一個菜就能開飯~青椒洋蔥炒牛肉,一個菜就能開飯~青椒洋蔥炒牛肉,這很實用，蓋澆飯的概念！有蔬菜有蛋，有牛肉片，一個人的晚餐也很滿足了~特別適合趕時間要去上課的孩子！做媽的都懂！,,250克牛肉，1顆雞蛋，1个青椒，1個洋蔥，1/2根胡蘿蔔，1茶匙五香粉，1茶匙太白粉，1匙紹興酒，1/2匙醬油，100毫克優格,"1. 牛肉要泡水15分鐘洗去血水後，放入太白粉，五香粉，紹興酒，優格醃製30分鐘！放入冰箱較好！
2. 在醃製牛肉的時候準備蔬菜切絲
3. 先炒雞蛋放一邊備用
4. 再少許油，把蔬菜到油鍋裡炒到8分熟。
5. 再把炒飯下鍋一起翻炒後盛出一邊備用。
6. 拿出醃製過得牛肉下油鍋翻炒
7. 倒下蔬菜一次拌炒，下鹽巴，醬油調味
8. 備一碗飯，蓋上炒完的菜~開飯了",9,2,2,533.0,417.6,50.64,21.99,5.41,0.0,21.3,4.74,165.8,55.56,100.0,1,4,4,0,legacy,"[""快手菜"",""家常菜"",""蓋澆飯"",""便當"",""牛肉""]","[""8"",""11""]"
32460,毛豆香干茄子鸡胸肉,毛豆香干茄子鸡胸肉,大杂烩,,克毛豆，两片油干，一个紫线茄，一小块鸡胸肉，勺生抽，勺鸡精，克盐，两个螺丝椒，一勺老抽，克胡椒粉，1勺郫县豆瓣，7个越南干红辣椒，1根葱，4瓣蒜,"1. 鸡胸肉切成丁，放生抽，老抽，料酒，淀粉，胡椒粉腌制10分钟。葱切葱花，蒜切片，干辣椒切小段，螺丝椒切丝儿，茄子切成条状放水里加点盐泡会，这样一会炒茄子就不会那么吸油了。香干切丝。毛豆焯水2分钟


2. 热油下如鸡胸翻炒至8成熟盛出。再热油下如葱花蒜片干辣椒郫县豆瓣爆香，接着倒入毛豆翻炒一分钟，再倒入茄子和毛豆一同翻炒，加入少许清水，最后放入螺丝椒，拌匀，出锅前加入少许糖和鸡精，尝一下有盐就不用加盐了。
",14,5,6,390.0,205.3,37.96,2.93,6.91,0.36,16.5,1.87,72.2,42.86,100.0,0,9,5,0,legacy,"[""下饭菜"",""家常菜""]","[""1"",""2"",""15"",""24"",""129"",""251""]"
32571,黄豆炖猪脚,黄豆炖猪脚,黄豆炖猪脚，美容养颜，补气血，增强体质，还能够健脾利水，是一道健康营养的美食。,,3只猪蹄，200克黄豆，2块桂皮，3个八角，10克冰糖，2勺老抽，30克盐，2勺料酒，10片姜，2个干辣椒，2勺生抽，10朵木耳，4个鸡蛋，5瓣蒜,"1. 1.黄豆泡水至少2个小时。猪蹄剁开，焯水捞出过凉水，加入生抽，老抽，料酒，盐，姜片，辣椒，桂皮，冰糖等调料腌制。
2. 2.将腌制好的猪蹄倒进锅中煮，大火煮开后小火煮2小时。中间可加入泡好的木耳，煮好的鸡蛋。最后出锅啦。",14,6,7,827.0,1965.7,168.88,106.67,102.51,40.25,674.0,43.92,597.0,50.0,100.0,3,11,0,0,legacy,"[""家常菜""]","[""2"",""3"",""4"",""7"",""33"",""87"",""204""]"
32617,小炒牛肉三色辣椒下饭,小炒牛肉三色辣椒下饭,喜欢吃辣，每周吃一顿米饭，准备一点下饭菜过过瘾❤️,,500克牛柳，1把蒜苔，1根葱，2个干辣椒，1个青椒，1个红椒，1个黄椒，1勺沙茶酱，1勺淀粉，少许盐，1勺生抽，5片姜，3勺色拉油，3勺水,"1. 牛柳切条！
2. 干辣椒剪开，牛柳撒淀粉拌匀！
3. 大火油锅热放姜葱！
4. 放入牛柳翻炒！
5. 七成熟放入三色辣椒！
6. 加入调料，沙茶酱，翻炒，放入3勺水！
7. 特别喜欢这个汤汁，可以浇饭吃！
8. 开饭啦！",14,7,8,917.0,597.1,112.63,5.29,26.12,2.05,42.7,23.08,388.3,64.29,100.0,1,12,1,0,legacy,"[""下饭菜"",""家常菜"",""小炒"",""家宴"",""牛肉""]","[""1"",""3"",""8"",""11"",""49"",""221"",""285"",""338""]"
32643,东北乱炖,东北乱炖,突发奇想，自己发明了个乱炖，材料什么随便加，有啥来啥，因为季节原因没有新鲜的玉米，否则更加丰盛，也可以根据喜好加入西红柿、粉条、辣椒，这么一炖，营养全面，简单省事，一锅出。,,1个土豆，1个茄子，1个杏鲍菇，适量豆角，少量八角，半勺韩式辣酱，半勺海天辣味酱，半勺生抽，1勺酱油，半勺蚝油，少量胡椒粉，适量油,"1. 青菜洗净，土豆杏鲍菇茄子切块，豆角掰两段，好入味。
2. 油热下葱花稍微煸炒出香味
3. 下青菜煸炒两分钟，期间加入胡椒粉一起炒香
4. 下入大骨头汤，骨汤可以替换为清水，只是家中正好有大骨汤便加入了
5. 我加入这两种酱调味
6. 煮开后加蚝油、两种酱、生抽、酱油等
7. 豆角煮不熟容易中毒，一定熟再出锅，煮二十分钟左右把汤汁靠浓稠些便可出锅
8. 👌无论配上米饭还是面条都超美味",12,4,4,450.0,196.5,7.3,0.85,43.1,5.95,77.0,2.1,24.1,33.33,100.0,0,8,4,0,legacy,"[""家常菜"",""快手菜"",""宴客菜""]","[""12"",""83"",""84"",""110""]"
32943,玫瑰红烧肉,秘制玫瑰红烧肉,"红烧肉作为家常菜，做法多种多样，甚至分为了几大门派。

每次做红烧肉时总忍不住尝试新的搭配。

今天分享最近最新实验的玫瑰红烧肉做法。

玫瑰腐乳和可乐既能提鲜，又起到了上色的作用。

配上一碗热腾腾的白米饭。

趁热夹上一块酥烂的红烧肉铺在白饭上，再浇上一勺浓稠鲜亮的肉汁。

咬一口，

外焦里嫩，肥而不腻，入口即化。

不摆了。",,300克五花肉，足量料酒，2勺生抽，1勺老抽，半勺米醋，100-200ml可乐，1小块玫瑰腐乳，1勺黑糖，3勺白糖/冰糖，1勺蜂蜜，1块桂皮，3个八角，2片片香叶，5-10颗花椒，1根大葱，2-3片老姜,"1. 猪肉洗净，冷水下锅加入花椒、姜片、香料、两勺料酒，煮沸去浮沫。
2. 猪肉切块。我个人喜好习惯切小一点，不然可以切成2x2或者3x3的厚块。
3. 用厨房纸巾稍微吸走猪肉表面的水分，防止等会儿煸炒的时候溅油。
4. 锅烧热，加入适量的油和冰糖，小火熬制糖色。没有冰糖的话可以在一碗热水里加入黑糖/白糖融化后倒入锅里（不加油）熬成糖浆。
5. 炒出糖色后加入猪肉和洗过的香叶，八角，大葱、桂皮翻炒，让猪肉表面均匀裹上糖色。煎至猪肉表面呈微微焦黄状即可。这一步可以让猪肉定型，同时出锅后口感外焦里嫩。
6. 加入1勺生抽，1勺老抽，1小勺玫瑰腐乳、半勺米醋和足量料酒没过红烧肉。加醋的作用是让猪肉更软烂（特别是肉太瘦的话）。
7. 加入100-200ml可乐。可乐既可以增加甜度，又能起到上色的作用。
8. 关盖改小火炖2小时。
9. 开盖改大火收汁，再快完成时可以尝尝味适量加盐调整咸度，再加入一勺蜂蜜提亮。
10. 完成！",16,3,4,570.0,1023.3,46.24,90.7,6.67,1.76,41.4,4.87,180.4,25.0,93.33,2,12,1,0,legacy,"[""家常菜"",""红烧"",""宴客"",""下饭菜""]","[""1"",""3"",""4"",""10""]"
33517,在家搞烧烤——超嫩蒜香烤茄子,在家搞烧烤——超嫩蒜香烤茄子（内附蒜蓉酱教程）,在家做出来和烧烤摊一样的温度，超级嫩皮也可以吃的蒜香烤茄子，吃完嘴巴有蒜头味，所以配可乐最好了😥😥,,1个350g左右茄子，8个150g蒜头（我用的是独蒜，剥皮方便），适量就好油，3克盐，1g鸡粉，1勺生抽，1勺耗油，20g小米辣（不吃辣的宝宝可以不加），少许香葱,"1. 蒸烤箱上下烤模式预热180度，烤盘垫上锡纸，然后茄子刷上一层油放入蒸烤箱烤制15分钟。
2. 2、香葱切葱花备用，小米辣切碎，蒜头剁成蒜泥。
3. 蒜泥需要冲水至表面粘液干净，然后挤干水分。
4. 4、热锅冷油，油要没过蒜泥，下入一半蒜泥中小火熬制金黄色，下入剩余的蒜泥、小米辣和盐、鸡粉，继续熬出香味成熟即可。
5. 一半一半放入的方法熬出来既有蒜香也有蒜味，酒店叫金银蒜，熬制时要不停搅动防止粘底喔。
6. 像这样表皮变色有点脆有点皱就可以了
7. 5、茄子取出后用小刀去头去尾，然后刨开，不用切断，在肉上也划开几刀，生抽和耗油搅拌均匀刷在上面。
8. 铺上满满的蒜蓉，香喷喷🙈🙈
9. 6、用烤盘上的锡纸将茄子包起来，放入蒸烤箱上下烤230度10分钟。
10. 打开锡纸撒上葱花就可以食用啦。",9,4,4,1070.0,1081.5,38.75,2.1,233.05,12.05,372.0,10.85,170.3,44.44,100.0,3,4,2,0,legacy,"[""快手菜"",""家常菜"",""烧烤"",""茄子"",""烤箱"",""蒸烤箱"",""下饭菜"",""烤"",""酱""]","[""1"",""2"",""91"",""110""]"
33727,家常麻婆豆腐,家常麻婆豆腐,,,500克豆腐，各10-15克花椒粒、辣椒粉、胡椒粉，50克瘦肉，20克豆瓣酱，50克尖椒或是蒜苔，适量葱、姜、蒜、鸡精、味精，适量料酒、生抽、老抽，适量淀粉,"1. 准备食材
2. 豆腐切成小块备用
3. 瘦肉切成肉末备用，葱、姜、蒜切成末，干辣椒碾成粉末。
4. 蒜苔切成丁备用
5. 肉末放入锅中炒熟，捞出备用
6. 锅中留油，放入豆瓣酱炒出红油，放入花椒粒、姜末、蒜末，加入清水。大火煮5-7分钟。
7. 加入蒜苔丁，大火烧开。
8. 加入备好的豆腐块，大火烧开后，转文火慢炖约5分钟至入味。再加入水淀粉收汁。
9. 加入适量鸡精、味精，翻炒出锅即可。",5,1,1,550.0,585.5,40.55,41.55,17.0,0.0,393.0,6.65,56.4,60.0,100.0,4,0,1,0,legacy,"[""家常菜""]","[""4""]"
34254,降火汤#苦瓜黄豆猪骨汤,"降火汤#苦瓜黄豆猪骨汤，这样煲的苦瓜不苦,清热消暑健脾","人在广东，离不开喝汤。
炎炎夏日，煲一份苦瓜汤清热解暑。还有健脾补益气，去水肿的功效。",,500克筒骨，2根苦瓜，300克毛豆/青豆/或者换成黄豆，3片姜，适量盐,"1. 食材准备：苦瓜对半切开后去白瓤，筒骨斩成大块，毛豆洗净。
2. 骨头焯水：锅中放入热水，加入姜片和猪骨头，大火煮开。
3. 大火煮两分钟至起浮沫，捞出骨头。
4. 冷水冲洗控水备用。
5. 焯苦瓜：锅中放入热水，加入苦瓜块，加少许盐和两滴油，能去除苦味同时保持苦瓜的鲜。
6. 大火煮开即可。
7. 捞出苦瓜过冷水冲洗一下。
8. 毛豆/青豆在篮子里搓洗能洗掉外衣。
9. 苦瓜毛豆骨头都倒入锅中，加冷水至少没过食材，再加多一两小碗水。
10. 炖煮约半小时左右，苦瓜炖出味，色泽变为淡黄。加少许盐调味即可，尽量少加多次。
11. 这样煲出来的苦瓜汤不苦，有点甘甜又带点清香温润。
12. 夏天小孩身上长痱子也可以喝苦瓜汤去除。
13. 做法非常简单，也是一道清爽不油腻又补钙的良汤。",5,2,2,1024.0,121.0,5.31,0.64,26.97,7.65,76.5,3.84,16.1,60.0,100.0,2,2,1,0,legacy,"[""汤羹"",""苦瓜"",""排骨"",""骨头"",""家常菜""]","[""3"",""265""]"
35113,土豆玉米炖排骨,土豆玉米炖排骨,爱吃肉，爱吃玉米，所以妈妈经常给我炖排骨，方子很简单，结婚之后自己用电饭煲做过几次，总觉得没有原来的味道，后来问了妈妈才知道，她是用细火慢慢炖出来的，自己又做了几次，确实味道很香浓，但我还是觉得妈妈做的最好吃😋,,1个土豆，3至5段葱，1勺酱油，2勺盐，6至8块排骨，1根玉米，3片姜,"1. 葱切长段，姜切片，玉米切段，土豆切块，（拇指大小）排骨用清水洗净备用，葱姜是用来调味的，不需要太多，各3至5的量就可以，排骨8块，肋排，脊排都可以，我觉得肋排的肉嫩一点
2. 锅内加适量水，烧开，排骨放入锅中焯3分钟，捞出，将水倒掉

3. 锅内重新倒入水，排骨，玉米，葱，姜，加一大勺味极鲜酱油（喝汤用的勺子）两小勺盐，，大火煮开，调至小火，炖20分钟，放入土豆块，放早了会烂成泥状，所以我每次都是后加，看个人喜好即可
4. 小火继续炖半个小时，尝尝咸淡，自己调整一下，土豆软了就可以出锅啦",7,3,3,424.0,412.5,14.21,3.44,86.17,9.55,17.0,3.69,15.2,42.86,100.0,0,6,1,0,legacy,"[""家常菜"",""汤羹"",""快手菜"",""肉类"",""土豆"",""炖""]","[""3"",""12"",""13""]"
35304,红焖羊肉,红焖羊肉,,,2斤羊后腿肉，1根白萝卜，1个土豆，100克辣椒酱，5、6只干辣椒，5克白胡椒粉，6、7粒大料，半根大葱，1块姜，半头蒜，10克枸杞，50克红枣，2根桂皮，3片香叶，100ML生抽，200ML料酒，适量盐，适量油,"1. 羊后腿肉洗净，切成小块。白萝卜、土豆去皮切块
2. 烧一锅开水，水沸腾后将羊肉块放入焯2分钟后捞出，再用热水冲洗干净，沥干水分
3. 锅中热油，倒入葱段、姜片、蒜末爆香后，放入焯好的羊肉块，倒入料酒，翻炒3分钟后，加辣椒酱和生抽，炒至羊肉上色
4. 将炒好的羊肉盛入砂锅中，加入大料、桂皮、香叶和清水，水要没过羊肉
5. 水烧沸腾后，撇去沫子，加盐、胡椒粉，再加入萝卜、土豆块、红枣、枸杞，转小火炖约50分钟
6. 吃完羊肉的汤可接着炖青菜",16,7,7,1725.5,276.9,8.81,1.13,64.16,3.07,266.8,2.65,286.1,50.0,100.0,7,7,2,0,legacy,"[""家常菜""]","[""1"",""2"",""3"",""12"",""21"",""57"",""63""]"
35542,韭菜花煸炒鱿鱼丝,快手韭菜花煸炒鱿鱼丝,朋友从湛江给我带来了一大包干鱿鱼，许久不在家里做饭，想到它就想如何干掉它。于是乎拿到了家里现有的食材，韭菜花儿，就这样，韭菜花和干鱿鱼就这么着愉快地结合在一起了！家人说可以打88.8分，原因是花椒太多他不喜欢，没办法，手抖了一下，哈哈哈哈！中国人做菜没有那么多条条框框，刻度精确，尤其是我这种性格的，做菜就是这么快乐的事，何必太拘谨呢～啊哈哈哈哈～味道不错哟！韭菜花很清甜鲜香，配上Q弹的鱿鱼丝，非常美味，下饭下酒均可～,,一小把（切小段）韭菜花，1个（切丝儿）鲜红椒，4～5个或者干辣椒，250克（切丝儿）干鱿鱼，500克（随意，切丝儿打花儿都行）或者鲜鱿鱼，两三瓣儿大蒜，适量（我没给）姜，准备一个碗调制用料汁儿，四汤勺，约十克左右李锦记生抽，1大勺醋，1勺白糖，1大勺耗油，适量花椒，两大勺料酒，少许（可不放）淀粉,"1. （干鱿鱼）首先，泡发干鱿鱼。我的办法是，先用清水泡发俩小时，洗净，洗到几乎是清水。然后切丝儿，焯水。冷水冷锅，倒入鱿鱼丝儿，大火煮开，捞起来晾着，沥干。
（鲜鱿鱼）去筋膜，切丝儿或者打鱿鱼花儿。焯水，冷水冷锅，倒入鱿鱼丝儿，大火煮开，捞起来晾着，沥干。
2. 洗净韭菜花，红椒，切段切丝儿备用。大蒜拍扁，姜切丝儿。
3. 准备一个碗，所有的调料放进去，搅拌均匀。
4. 大火热锅，倒油，倒入第一步中韭菜花等，爆香。（建议新手用中火，以免煸糊）

炒个四五锅铲就倒入沥干的鱿鱼，转中火，炒个一两分钟，倒入所有调料，继续煸炒至料汁儿浸润菜的所有角落里，就可以华丽丽地起锅啦！

最后我还给了点白芝麻，纯属为了美腻～",15,2,2,365.0,0.0,0.0,0.0,0.0,0.0,0.0,0.0,0.0,33.33,83.33,2,8,3,0,legacy,"[""家常菜"",""快手菜"",""辣"",""煸""]","[""3"",""49""]"
36321,肉圆粉丝汤,肉圆粉丝汤（水汆丸子汤）,留学期间快手菜，所有食材酱料都可在kroger和亚超K&S买到，耗时较短，开胃养生，适合想减肥且口味清淡的学生党,,2把粉丝，1勺鸡精，看情况适量盐，2勺白胡椒，个人喜好适量小油菜，1/2盒，按个人喜好适量嫩豆腐，最后点缀香菜，最后点缀小葱，一盒能吃很多顿肉馅，料酒，生抽，老抽，姜，虾仁，一丁点五香粉，食用油，芝麻油，1个鸡蛋，淀粉(红薯粉)，白萝卜,"1. Kroger买的猪肉馅，解冻后搅碎
2. 把半熟的虾肉解冻切碎，和肉馅，小葱末，姜末放在一起并且搅拌匀
3. 添加一个鸡蛋并且搅匀，使肉馅更加嫩滑
4. 放入生抽，料酒，老抽，盐，胡椒粉，淀粉，继续搅匀
5. 可以用手或者勺子把肉馅一个个撺成球形塞进烧开的热水锅中。肉圆熟的很快
6. 煮进去小油菜，嫩豆腐，粉丝，白萝卜
7. 往锅内撒一些白胡椒粉，鸡精和盐。以前在学校里的馄饨店，老板会往馄饨汤里撒白胡椒，觉得特别好吃，从此以后往汤里撒白胡椒提味的方法我就记下来了。
8. 如果害怕汤太淡没有味道可以撒一点小磨香油进去。或者我把小小的绿辣椒红辣椒切碎，另起一个炒锅，在热香油倒入葱姜蒜小辣椒爆香，然后把爆香的热油淋在煲好的汤里，这样就有香味了。",20,4,5,110.0,272.3,7.03,4.42,51.42,0.66,46.6,4.64,71.3,35.0,100.0,0,6,14,0,legacy,"[""汤羹"",""家常菜"",""汤"",""丸子""]","[""3"",""7"",""41"",""63"",""590""]"
36496,两人食营养早餐便当-虾仁炒黄瓜,两人食营养早餐便当-虾仁炒黄瓜🍤,两人早餐,,200克虾仁，1根黄瓜，少许盐,"1. 黄瓜去芯
2. 切段
3. 炒虾仁
4. 加入黄瓜和少许盐翻炒一分钟
5. 龙叔的早餐便当
6. 我的早餐
7. 合影",3,2,3,400.0,428.0,89.0,5.6,5.8,1.0,1158.0,23.0,9793.6,66.67,100.0,1,1,1,0,legacy,"[""家常菜"",""快手菜"",""凉菜"",""早餐"",""炒"",""便当"",""营养""]","[""19"",""41"",""590""]"
36680,酸汤面—酸辣鲜香一口开胃,快手酸汤面—酸辣鲜香一口开胃,早上没胃口？来碗快手酸汤面吧，十分钟的早餐，汤汁颜色诱人酸辣开胃，面条劲道可口，一口下去，胃口大开，是怎么都吃不腻的快手开胃早餐哦，上班族不容错过！！,,1把面条，1颗鸡蛋，2颗油菜，1块火腿，1颗小葱，4瓣蒜，1勺辣椒粉，1小勺花椒粉，1勺芝麻，1勺生抽，2勺醋，1小勺糖，适量盐，适量油,"1. 准备好全部食材
2. 火腿切片，蒜切末，葱切葱花（葱白和葱叶分开放）备用
3. 碗里加入1勺蒜末，1勺葱花（白），1勺辣椒粉，1小勺花椒粉，1少芝麻，淋上热油，爆出香味
4. 加入1勺生抽，2勺醋，1小勺糖，一点点盐，搅拌均匀
5. 火腿煎至两面金黄，再煎一个喜欢熟度的蛋
6. 锅中烧水，水开后盛出两勺倒入料汁中作为面汤，然后下入面煮熟捞出，放入面汤中，再烫一下油菜，30s即可捞出。
7. 在面上铺上全部的食材，好看一点哦，撒上葱花（叶）即可。
8. 好吃的酸汤面，啊~张嘴！",14,5,5,271.0,442.3,22.12,6.7,74.83,1.26,151.8,6.45,578.0,50.0,100.0,0,12,2,0,legacy,"[""中式早餐"",""快手早餐"",""快手菜"",""家常菜""]","[""1"",""2"",""7"",""26"",""44""]"
37047,小汤菠菜,小汤菠菜,小汤菠菜不仅味道鲜美，还有着较高的营养价值。菠菜中高含量铁元素的摄入可使皮肤保持红润光泽，所以，最近经常熬夜加班的朋友不如做一道极简又快手的小汤菠菜来恢复一天的精气神儿吧！,,200克菠菜，2个皮蛋，500克鸡汤,"1. 将皮蛋去壳，切成小块放入碗中备用
2. 再将菠菜洗净去根后切成段，沸水焯水后盛出
3. 接着将皮蛋倒入热油锅中翻炒几下，再倒入温水大火煮沸
4. 水开后倒入切好的菠菜和鸡汤调味，并再次煮至沸腾
5. 家庭版的小汤菠菜完成了！",3,1,1,820.0,1211.2,126.74,60.94,40.4,3.4,287.6,19.26,1827.6,100.0,100.0,2,1,0,0,legacy,"[""快手菜"",""汤羹"",""皮蛋"",""补血"",""下饭菜""]","[""40""]"
37354,凉拌菜,凉拌菜,"晚上准备好材料，
泡木耳、粉丝，摘菠菜、金针菇，擦好胡萝卜丝，
早上把材料焯水，调汁
拌了两大盘😘
配小米粥、花卷",,1根胡萝卜，1小把菠菜，1把粉丝，1小把金针菇，10朵木耳，1根小葱，2片姜，2瓣蒜，3勺生抽，2勺醋，1勺蚝油，1/3勺花椒粉，适量盐，适量油,"1. 木耳泡发，摘去根部，掰成小朵
锅中水烧开后，放入木耳烫熟。
2. 金针菇掰成小朵，洗净，入开水锅中烫熟盛出，时间不要太长，金针菇很好熟
3. 粉丝泡软后，入开水锅中烫软盛出
4. 胡萝卜擦丝，入开水锅中烫软盛出
5. 菠菜洗净入开水锅中焯熟，时间不易过长，用凉开水冲洗后挤干水份，切成段。
6. 所有材料放入盆中
7. 准备好葱、姜、蒜、红辣椒
8. 锅中放油，与平时炒菜量差不多
9. 凉油放入葱姜蒜和辣椒，
小宝不吃辣，我就没放辣椒

全程开小火
10. 爆香后关火，放入盐
11. 1/3勺花椒
12. 3勺生抽
13. 2勺醋
14. 1勺蚝油
15. 将调料汁放入盆中，拌匀后，尝咸淡，再放入盐调味，盛入盘中
16. 拌了两大盘，早餐全吃完了😊",14,7,7,336.0,264.5,7.86,1.25,61.04,11.52,132.3,25.34,133.4,57.14,100.0,0,12,2,0,legacy,"[""凉拌"",""凉菜"",""快手菜"",""下饭菜""]","[""1"",""2"",""3"",""6"",""33"",""40"",""46""]"
37527,家常酱牛肉,家常酱牛肉,牛肉营养丰富，脂肪含量低，尤其是当下猪肉价格高涨的时期，不如吃点更利于健康的牛肉啊！今天分享中我选用的是牛后腱，一头牛只有两块这样的肉啊，俗称“菊花心”。😋,,880克牛腱子，4片香叶，3个八角，1块桂皮，4块冰糖，2个干红辣椒，20粒花椒，2瓣蒜，5片姜，2小段葱白，数粒小茴香，80g黄豆酱，50g甜面酱，1勺料酒，5勺生抽，适量盐,"1. 购买新鲜牛肉，要吃牛的哪个部位根据个人喜好自己决定
2. 洗净，清水泡两小时以上，每半个小时换一下水，夏天要放冰箱，防止变质
3. 也可以如图切开，更容易泡出血水
4. 事先准备干调料如图
5. 两种酱如图，个人不推荐品牌，这是我在超市随便买的
6. 把两种酱，一勺料酒，5勺酱油混合好
7. 泡好的牛肉下锅焯出血水，捞出洗净浮沫
8. 锅里加入少量底油，先炒姜片和葱段
9. 再加入其他干料，用油炒是为了逼出佐料的香气，不想炒的可以不炒
10. 最后炸酱，同样是为了炸出酱香味，不想麻烦的也可以不炸。只要保证所有调料混合加入到炖牛肉的清水中即可
11. 炒好的调料加凉水，放入焯好洗净的牛肉，要保证牛肉全部被淹没。大会烧开，小火炖1.5个小时。有压力锅的可以用压力锅省事儿。反正目的就是要把牛肉炖至筷子能够轻松扎进去就行。牛肉炖烂之后，自己尝尝咸淡，根据自己口味决定是否加盐或者加多少。为了更入味，建议关火再泡一个小时。
12. 泡牛肉的一个小时里你也可以煮几个鸡蛋，捞出牛肉的同时，牛肉汤里泡上鸡蛋，隔夜吃，鸡蛋老香了！
13. 最后酱出来的牛肉的是酱紫的！趁表面没干透，用保鲜膜裹好，放凉之后再存到冰箱冷藏六小时以上。
14. 冷藏好的牛肉就可以切片装盘啦！（这是其中一块牛肉的量）
15. 一疙瘩切一盘，酱一次能吃好几顿！😋😀",16,3,4,1130.0,1694.8,233.37,53.3,112.28,84.59,82.7,15.32,747.2,25.0,100.0,3,10,3,0,legacy,"[""酱"",""家常菜"",""卤""]","[""2"",""3"",""8"",""197""]"
37607,麻辣水煮鱼,麻辣水煮鱼（巴沙鱼）,因为自己嫌收拾草鱼和黑鱼太麻烦了，于是选择巴沙鱼做水煮鱼。,,500克巴沙鱼，半个柠檬，适量胡椒粉，适量盐，一勺淀粉，250克黄豆芽，三片姜，五瓣蒜，半个洋葱，适量小米椒，一勺郫县豆瓣酱，一勺老干妈油辣椒，适量醋，适量味精，3根香葱，5根香菜，5个干辣椒，20粒花椒，一小把白芝麻,"1. 这片巴沙鱼有点大，接近一斤了，看到鱼背部有一条很粗的筋，刀尖在鱼筋所在处挑破一处，可以拉出一个头，轻轻往前拉，很容易就可以把鱼筋完整的拉出来了。这样，鱼就不会有很大的腥味。
2. 鱼冲洗干净，切厚一点的片，放一个大碗里，柠檬挤汁进碗里，轻轻揉捏鱼片，然后放一点盐和胡椒粉继续轻轻捏匀，再放一勺淀粉，揉捏均匀，腌制15分钟以上。
3. 绿豆芽去根洗净，锅里烧开水，放几滴油和一点盐，把绿豆芽放进去焯水，水开后煮几分钟，捞出沥干，冷水过凉浸泡。
4. 香葱和香菜洗净，用淡盐水浸泡。
5. 姜蒜切小粒、小米辣切碎（小米辣多少随自己口味放，喜欢吃辣就多放几个，不喜欢吃辣就少放或者干脆不放也是可以的）、洋葱切丝、干辣椒用水泡着、花椒取20-30粒备用。
6. 锅烧热，放适量油，开小火，放姜、蒜、小米辣、洋葱炒香。
7. 放一勺郫县豆瓣酱炒散后，再放一勺老干妈油辣椒炒香。
8. 小火炒出红油。
9. 用准备盛水煮鱼的大汤碗量半碗水倒入锅里，转大火烧开。
10. 锅里水烧开后，放焯好水的绿豆芽，此时放盐、胡椒粉、醋、味精调好味。
11.  水再次烧开后，把绿豆芽用筷子捞出，铺放在汤碗底部。
12. 锅里汤水保持沸腾，迅速一片一片的放入巴沙鱼片，锅铲轻轻抄一圈。
13. 鱼片一变白就端起锅连汤带鱼一起倒入汤碗里。
14. 干辣椒切小段、香葱切碎、香菜切段。香菜撒放在汤碗周边，香葱碎撒放在汤碗中间，干辣椒段撒在香葱上，再撒上白芝麻。
15. 锅里放花椒，小火慢慢炒香，撒在干辣椒段上。
16. 锅里放适量油烧至八成热（就是看到有油烟升起时）。
17. 提锅把热油均匀的浇在汤碗里的干辣椒和花椒上，“滋啦”～麻辣水煮鱼可以上桌了👏👏👏。",19,10,10,1015.0,271.3,16.39,6.29,42.29,9.2,216.8,6.05,58.4,63.16,100.0,2,12,5,0,legacy,"[""家常菜"",""大鱼大肉"",""快手菜""]","[""1"",""2"",""3"",""5"",""9"",""18"",""22"",""36"",""150"",""178""]"
38196,花生鸡脚汤,花生鸡脚汤,"鸡脚胶质丰富，美容养颜效果很好，花生补肾，提升气色和养发都不错的喔

花生鸡腿搭配好药材，平时喝这汤的人的精气神都是非常好的，但是要注意日常喝汤要有时间间隔，每天喝的话免不了上火喔，大概一周喝一次就很好了",,15只鸡腿，大半碗生花生米，6-10颗红枣，5克枸杞子，5克芡实，5克红莲子，1根党参，1-2个蜜枣，2片姜片，1.5小勺盐,"1. 鸡腿清洗干净，剁去指甲
2. 烧一锅开水，放1片姜片，把鸡脚放下去焯水，煮出浮沫后捞出，再次清洗干净，备用
3. 提前剥好大半碗花生米
4. 用开水浸泡一晚上，建议用大点的容器，因为花生浸泡后会变大，至少浸泡6个小时，方便煮软
5. 准备好药材，红枣去核，党参切小段。浸泡10分钟
6. 把鸡腿、花生米、药材、姜片，一起放入锅中，加入淹没过所有材料的清水，开始煲汤。用高压锅的煮一个小时，用明火或电磁炉汤锅的煮一个半小时，用炖盅的炖两个小时。煮汤不要煮超过2小时，老火汤嘌呤高，对身体并不好喔
7. 煮好了开盖加盐，先加1小勺，然后试味，不够再加半小勺，再试味，自己作调整就好了
8. 去掉上层油之后，就可以上桌开吃了😋",10,4,5,2001.0,3258.9,307.66,108.85,270.1,18.78,192.3,38.32,1182.3,80.0,100.0,3,7,0,0,legacy,"[""汤羹"",""宴客菜"",""主食"",""大鱼大肉"",""家常菜""]","[""3"",""21"",""24"",""57"",""589""]"
38225,炖鸡爪,炖鸡爪（鸡爪炖一切）,"炖鸡爪，需要用到电压力锅。
这样才能多出来的软嫩脱骨，炖的过程中可以加入你想吃的一切。所以叫鸡爪炖一切。",,1公斤鸡爪，少许料酒，一把冰糖，3-4勺生抽，2-3勺老抽，适量辣椒、花椒、麻椒、八角、香叶、桂皮，0.5根葱，一小块姜，一头蒜，5个鸡蛋，2个土豆，1块冻豆腐，1个小苹果，2勺豆瓣酱，若干食用油，1勺十三香，少许胡椒粉，一小把香菜,"1. 鸡爪泡水洗净，去指甲剁成两半。
（也可以让卖家代劳或者呼叫老妈）
2. 再次洗净，盛出备用。

3. 下锅加水放入料酒、蒜、葱、辣椒、姜片烧开撇去浮末，盛出冲干净备用。
4. 锅中下油，微热后下葱姜蒜，辣椒，豆瓣酱，麻椒炒香至出红油，下鸡爪扒拉扒拉，均匀上色后，加入生抽，老抽，冰糖，胡椒粉，十三香继续炒出香味。
5. 压力锅中加入所有配料，鸡爪，熟鸡蛋。
（这一步不加冻豆腐和土豆）
6. 加入开水，少许盐。将将没过食材，压力50时间30分钟。
7. 时间到后，整锅导入祖传大铁锅。
8. 放入冻豆腐，土豆等其他食材。
9. 适当调味，大火烧开。

10. 盖上盖子，小火炖20分钟。
11. 时间一到，大火收汁，放上香菜，吃吧！",17,8,8,1788.0,3251.2,280.94,186.62,116.87,7.16,546.8,20.33,2046.6,52.94,100.0,1,13,3,0,legacy,"[""家常菜"",""电饭煲""]","[""1"",""2"",""3"",""7"",""9"",""12"",""56"",""112""]"
38913,川味鱼香肉丝,川味鱼香肉丝,,,300克里脊，100克冬笋，5朵干木耳，一段大葱，1个鸡蛋，3片（切成末）姜，（生抽）1勺（15ml）酱油，2勺（30ml）醋，40克泡椒，5克盐，15克白糖，1勺（15ml）料酒，50ml水淀粉,"1. 里脊洗净后切成长约4厘米，宽半厘米的丝，加入料酒、鸡蛋（蛋清即可）、水淀粉（20ml）、盐3克，拌匀后腌制20分钟。同时将干木耳泡发，冬笋洗净，分别切成细丝，泡椒切碎备用
2. 取一只小碗，依次加入酱油、白糖、醋、葱末，水淀粉调匀，即成鱼香汁备用
3. 油锅加热到5成热时，放入腌好的肉丝，迅速用铲子划散，看到肉丝变白、脱生后立即盛出备用
4. 利用炒肉丝剩余的油，再次将油温烧到5成热时，转成小火，放入泡椒、姜末，慢慢煸炒出红油。然后放入木耳、冬笋丝，加入剩余的2克盐，拌匀炒到出香味
5. 放入之前炒过的肉丝，倒入鱼香调料，迅速拌匀，汤汁渐干时立即出锅",13,5,6,639.0,587.7,70.28,28.4,13.73,2.73,89.3,6.3,200.0,53.85,100.0,6,6,1,0,legacy,"[""家常菜"",""下饭菜""]","[""3"",""4"",""7"",""37"",""184"",""252""]"
39245,咸蛋黄蒸豆角,咸蛋黄蒸豆角（豇豆）,"蒸菜不仅简单快手，而且健康少油，还节省能源（比如蒸米饭，滕馒头的时候捎带着）😊~嗯我的确会过日子，没错🤪😉

这道菜的点睛之笔——味好美金沙咸蛋黄调味料，香气浓郁，色泽金黄，做菜特别出效果，给这道咸蛋黄蒸豆角增色不少~",,200克豆角/豇豆，20克味好美金沙咸蛋黄调味料，20克玉米粉，1个鸡蛋黄，以下是调味汁：，4瓣大蒜，2勺生抽，2勺香醋，1勺香油，1勺花椒油，1克盐,"1. 准备食材。
2. 豆角先用盐和鸡精拌匀，腌制一下，这样豆角熟了也会保持翠绿的颜色。
3. 放入蛋黄拌匀。
4. 两种粉合一起拌匀，再和豆角拌匀，尽量让每一根豆角都沾满粉。
5. 蒸锅水开后，放入豆角蒸，开锅后5分钟关火，焖3分钟。
6. 蒜臼子捣的大蒜才更有味，加入生抽、香醋、花椒油、香油调汁。
7. 蛋黄香气浓郁，豆角软嫩，拌上大蒜汁真是太入味啦ヾ ^_^♪😋😋
好鲜美，好香浓！！！",10,2,2,90.0,189.6,8.5,14.14,7.22,0.22,63.8,3.49,31.4,30.0,100.0,4,6,0,0,legacy,"[""家常菜"",""快手菜"",""素食"",""蒸菜"",""蔬菜""]","[""2"",""72""]"
39300,千叶豆腐卤鸡腿,超下饭的千叶豆腐卤鸡腿,专治夏天没胃口,,3只鸡腿，1个洋葱，1块千叶豆腐，3勺老抽，3勺生抽，适量冰糖，1瓣大蒜，2根小葱，2勺料酒,"1. 鸡腿洗干净在表面切开几刀，方便入味，洋葱切块，小葱切段，千叶豆腐切1厘米厚的方块
2. 热锅下少许油，放鸡腿煎至两面金黄色
3. 加入一半洋葱、料酒跟鸡腿一起炒香，加水没过鸡腿一半加入生抽和老抽冰糖煮开后转中火
4. 煮到鸡腿全熟后（用筷子能戳进），加入少许盐和砂糖调味，后加入千叶豆腐和剩下的洋葱吸收汤汁
5. 汤汁变浓稠即可加入葱段翻炒均匀即可出锅，美味下饭的千叶豆腐卤鸡腿就做好啦",9,4,5,545.0,597.4,74.91,26.31,15.86,1.69,52.4,7.7,274.6,55.56,100.0,0,8,1,0,legacy,"[""鸡腿"",""豆腐"",""家常菜"",""卤"",""快手菜""]","[""1"",""2"",""5"",""24"",""589""]"
39877,餐/苦瓜酿肉,减脂餐/苦瓜酿肉,感觉蒸苦瓜比炒苦瓜苦 不过偶尔尝尝也无妨 毕竟苦瓜是有助减脂的好食材嘛,,120克小里脊肉，1根（连囊约150克）苦瓜，1段（约10克）红椒，1片生姜，1瓣大蒜，1根小葱，少许橄榄油或植物油，1-2克（不超过2克）盐，半勺（约3克）料酒，半勺（约3克）醋，少许白胡椒粉，见↓↓搭配↓↓，100克小白菜，100克小米藜麦饭,"1. 准备食材
2. 苦瓜洗净切成八段圈圈 把囊抠掉  里脊肉剁烂 分成八个肉丸
3. 上锅蒸20分钟（蒸锅在给家人蒸粉蒸肉 没空 就用平底锅加水蒸啦）
4. ↑↑这是蒸好的样子（其实先定时蒸了15分钟 用筷子戳了一下肉看 中间还有红色的呢 又蒸了5分钟  应该刚放入蒸锅时就用筷子每个都戳个孔会熟得快点）
5. 小白菜烫一下 变软即刻捞出 放到苦瓜酿肉旁边
6. 锅中放油 刷开  红椒和葱姜蒜放入煸香
7. 水 料酒 醋 盐 白胡椒粉 先放碟子里调好  等葱姜炒出香味时一起倒入锅中
8. 水不要全炒干  留少量汤汁 大概如图状态↑↑
9. 浇到菜上（刚要浇的瞬间突然想应该用勺子的  然后每个肉墩上分别浇了一勺）
10. 搭配小米藜麦饭  减脂午餐完成↑↑         小米藜麦饭做法https://www.xiachufang.com/recipe/103814473/",14,6,7,493.0,267.8,28.11,10.03,18.34,4.81,110.5,4.65,130.2,42.86,100.0,4,6,4,0,legacy,"[""家常菜"",""蒸"",""减肥"",""减脂餐""]","[""1"",""2"",""3"",""4"",""29"",""37"",""265""]"
40040,肉沫茄子,超级下饭的肉沫茄子（含炒茄子不费油的方法）,用料只有猪肉茄子和一点生姜，超简单超下饭的一道菜！,,1根茄子，约100克猪肉，少许生姜，适量生抽，老抽，耗油，盐,"1. 茄子切薄片，放点盐
2. 抓匀后放置十分钟，腌一下。
这一步是为了让茄子脱水，这样入锅的时候不吸油，这样炒茄子不费油！！
3. 猪肉剁碎或者放进绞肉机搅碎，加入少量盐和生抽搅拌均匀，放点姜腌制一下
4. 茄子腌好后会变软，析出很多水，用手把水挤出来，倒点
5. 等下炒的过程还会加调味料，避免过咸，用清水过两遍，再挤干
6. 锅里放油，倒入猪肉碎，炒熟，用锅铲压一下，有点焦黄会香一些

7. 盛出备用
8. 锅不用洗，直接再倒入一些油炒茄子
9. 茄子炒熟后把熟猪肉碎倒进去翻炒
加入适量生抽，耗油，老抽
老抽不用太多，主要用来调色
10. 然后就可以装盘开吃！！",4,3,3,350.0,388.5,17.85,30.6,12.25,3.25,66.0,2.55,70.3,75.0,100.0,1,1,2,0,legacy,"[""下饭菜"",""家常菜"",""茄子"",""猪肉""]","[""3"",""4"",""110""]"
40237,酸辣开胃,酸辣开胃，双椒藕丁炒牛肉,"首先要感谢这道菜谱的“源代码”作者@Elva_Lee小姐姐的《开胃小炒藕尖彩椒炒牛肉》，经原作者同意，我按自己的思路做了一些改动发出来。

🥢🥢因为我这边不太常能买到藕带的原因，我把藕带换成了藕丁，然后把口味改成了酸辣的，辣椒选择了不是很辣的青红椒，所以也只是微辣。",,约200克牛肉，1节藕，2个青椒，2个红椒，4瓣大蒜籽，1/3根大葱，1个鸡蛋，1茶匙盐，1汤匙生抽，1茶匙白胡椒粉，1茶匙鸡粉，2勺料酒，10克玉米淀粉，1勺香醋,"1. 食材主料如图，这里忘记把辅料放上来了。
2. 先把牛肉切小片，放入料酒一勺，生抽一勺，胡椒粉1茶匙抓匀，在一旁静置10分钟，这个时间把莲藕去皮切丁洗净泡在水中，青红椒洗净切块。
3. 牛肉中加入一个蛋清，加入玉米淀粉，用手顺一个方向搅打。
4. 用手打比用筷子打更快，搅到均匀上浆，有粘滑感。再加入少许食用油拌匀。
5. 藕丁下沸水锅焯烫一分钟。
6. 炒锅先下牛肉炒至断生，盛起待用。
7. 准备好大蒜跟葱段，这个之前忘了拍在图一了。
8. 炒锅有底油即可，下入青红椒爆炒出香味。
9. 锅中再添一点熟油，下入大蒜和葱段，翻炒几下出香后再下入藕丁，旺火大约再炒一分钟。
10. 最后下入熟牛肉片，搁少许盐和鸡粉调味，沿锅边先淋入一勺香醋，再淋一勺料酒，旺火翻炒几下出锅。

🥢🥢成菜椒香不辣，微酸开胃，藕丁脆爽，牛肉滑嫩。

这是@Elva_Lee小姐姐的原菜谱链接😋：
https://www.xiachufang.com/recipe/105986207/",14,5,5,620.0,432.8,48.31,22.3,11.99,0.42,77.2,5.27,208.3,50.0,100.0,2,11,1,0,legacy,"[""下饭菜"",""家常菜"",""宴客菜""]","[""1"",""7"",""8"",""11"",""49""]"
40697,梅香茄子煲,梅香茄子煲,"菜市场的阿姨送了几根茄子，焖把没有肉味、蒸吧又寡淡了些
去买根梅香马鲛咸鱼，做个茄子煲，猪肉来一丢丢、提个味",,你看着办吧茄子，100克猪瘦肉（剁碎），10-20克肥猪肉（切小粒），1小条梅香（霉香）马鲛鱼，1勺海天味极鲜酱油，1勺李锦记财神蚝油，4-6瓣大蒜，2-3片切粒姜粒，2-3根葱，1-2茶匙糖，1勺料酒，20ml油，1茶匙盐，1-2勺白酒,"1. 茄子切条、滚刀都可以，泡水2次、要抓一下
2. 猪肉分开肥瘦，肥肉爆香咸鱼，瘦肉剁碎备用；梅香马鲛鱼一条，2块钱这条比买大件的实惠
3. 猪肉末➕白糖1茶匙、鱼露1勺、料酒1勺抓匀➕1勺花生油放置备用
4. 咸鱼轻轻冲洗切粒备用
5. 锅里啥都不放，下茄子炒、出水没问题、就是炒到软
6. 茄子变色变软，水分干了、➕花生油多一点，开大火翻炒片刻
7. 炒好的茄子盛出备用
8. 下肥猪肉➕一丢丢花生油爆出猪油，然后把炒过的肥猪肉放在砂锅底，没有砂锅就留在锅里
9. 下咸鱼粒小火爆香一会去腥
10. 料头准备好
11. 咸鱼香味爆发下葱头、蒜头、姜粒爆香
12. 下茄子翻炒均匀
13. 改到砂锅里煲，没有砂锅留锅里；加一饭碗热开水（茄子够软，这点水就够了、不够软加多半碗），大火煮开、改小火烧2-3分钟
14. 煮茄子，另一半锅里再加一丢丢油润锅、下猪肉末炒散炒香；用铁锅，就先把肉末炒香
15. 茄子煲了5分钟左右，入蚝油1勺、酱油1勺、白糖1茶匙、白酒适量调味，均匀后加入肉末再焖2分钟左右
16. 加入葱花，改大火烧收汁
17. 这样水太多不够干，就可以味道，继续收汁到微微出油
18. 这是收好汁的效果，咸香味浓、超级下饭！",14,4,4,180.0,377.5,16.93,30.28,9.75,0.75,39.3,2.05,65.8,28.57,92.31,3,9,1,0,legacy,"[""下饭菜"",""家常菜"",""砂锅"",""煲仔菜""]","[""1"",""2"",""4"",""276""]"
40784,土豆炖牛肉 --三碗米饭都不够,土豆炖牛肉 --三碗米饭都不够,对于上班族来说，可以提前一晚上准备好食材，第二天早上做到加热水炖那一步，直接倒进电饭煲，选择粥汤功能，炖煮好后电饭煲会自动保温，下班回来再加入土豆中火炖20分钟即可,,400克牛肉，1个土豆，2勺料酒，3片姜，2勺生抽，2勺老抽，3勺白砂糖，少许炖肉料，适量食用油，1-3瓣蒜,"1. 姜蒜洗净，土豆切块，炖肉料用热水泡10分钟，牛腩块用凉水浸泡，多换几次水，把血水都泡出来
2. 锅中放入食用油，加入三勺白糖，小火把糖炒成焦黄色
3. 牛腩块沥水后放进锅中翻炒
4. 炒至变色时加入姜蒜，2勺生抽2勺老抽一勺料酒2勺盐，翻炒均匀
5. 开大火，加入足够多的开水，注意不要加凉水，牛腩块需要炖至少一个小时，所以水一次加足量，中间最好不要再加水，如果非要加，必须加热水
6. 加入泡好的大料水，大火烧开后转中小火炖30-40分钟
7. 加入土豆块，转小火炖20分钟
8. 最后大火收汁，可以加入一点淀粉水让汤汁更浓稠
9. 土豆粉糯粉糯的，牛肉软烂，一次可以炖多一些，放冰箱冷藏，下顿可以用来煮牛肉面，也是极好的~
或者分小份放冰箱冷冻，每次拿出一份来做盖浇饭
10. 2019.07.25 更新
这次炖的1kg，牛腩块焯水过后再炒的
用了5-6颗冰糖，2勺黄豆酱，2勺耗油，3勺生抽2勺老抽，4小勺盐，蒜8粒，姜一大块，没有放料酒，还加了8-10个干辣椒，炖出来一级棒！

11. 第一顿配米饭，剩下的放凉冷冻，下次就可以做牛肉面了😃😃😃",10,4,4,589.0,791.7,84.89,35.27,35.31,2.46,42.8,8.32,271.8,40.0,100.0,1,7,2,0,legacy,"[""炖"",""家常菜"",""盖浇饭"",""牛肉"",""晚餐""]","[""2"",""3"",""8"",""12""]"
40939,六品豆腐,六品豆腐,老公体检回来说是血脂高，为了给他降血脂，赶紧查找有降脂作用的食材，这道菜荤素搭配值得推荐！,,1块豆腐，12个左右虾仁，8朵木耳，1/6根胡萝卜，20个荷兰豆，250克真姬白玉菇，1勺蚝油，1勺一品鲜酱油，少许淀粉，适量食用油，少许清水，1/6根小葱，1片姜，1瓣蒜，少许盐,"1. 木耳，虾仁，蘑菇，荷兰豆清洗干净后入开水焯烫后捞出过冷水，沥干水分，胡萝卜切菱形片，葱切段，姜切片，蒜切末备用。
2. 豆腐切好后撒少许盐，腌制5分钟，热锅凉油下腌好的豆腐(防止豆腐溅水可以用厨房纸巾提前吸干豆腐表面水分)
3. 小火煎至两面金黄后取出备用。
4. 锅内加入葱姜蒜爆香。
5. 开大火，下入胡萝卜和黑木耳翻炒几下。
6. 再把除了豆腐以外的所有食材放入锅中翻炒。
7. 加入蚝油，酱油，翻炒均匀。
8. 拌匀调味品后加入煎好的豆腐，翻炒几下转小火，加入少许水淀粉勾芡出锅。
9. 不喜欢勾芡的也可以不用水淀粉，都是可以的。",15,7,8,1405.0,905.6,81.28,25.97,97.5,15.21,1213.0,40.0,5257.7,60.0,100.0,1,10,4,0,legacy,"[""家常菜"",""素菜"",""宴客"",""快手菜"",""豆腐""]","[""1"",""2"",""3"",""6"",""33"",""41"",""109"",""590""]"
40977,干贝瘦肉粥,干贝瘦肉粥,,,30克稻米，30克糯米，80克干贝，瘦100克猪肉，2克姜，10克色拉油，2克盐，豌豆20克淀粉,1. 干贝洗净，用水浸1小时，取起撕成丝，浸干贝的水留用 2。生净猪肉洗净抹干，切成粗粒，加干淀粉拌匀，再加色拉油拌匀 3。把两种米一起洗净，放入器皿内，再将干贝、猪肉、姜放入器皿内，加入热水3杯搅匀（包括浸干贝之水），加盖高火10分钟，煲盖要有小孔，或留有一小洞疏气，以免粥水溢出 4。改用低火15分钟，加入适量精盐调味即可,8,4,5,242.0,420.9,49.07,2.5,50.94,0.47,72.3,5.26,246.4,62.5,100.0,8,0,0,0,legacy,[],"[""3"",""4"",""64"",""215"",""451""]"
41279,️挑逗你味蕾的家常版鱼香肉丝,❤️挑逗你味蕾的家常版鱼香肉丝💯,"嫩滑的里脊肉🐖
搭配颜色鲜艳的蔬菜丝🥕
酸甜咸香的味道轮番挑逗着味蕾❤️
超丰富的口感🥣
令你流连忘返😋",,150g猪里脊肉，2小个青椒，半根胡萝卜，6朵木耳，适量姜葱蒜，1汤勺豆瓣酱，______腌肉调料，1汤勺料酒，1汤勺生抽，1茶勺淀粉，1茶勺糖，1汤勺胡椒粉，半茶勺盐，______鱼香汁调制，1汤勺醋，1汤勺老抽，1汤勺料酒，1汤勺糖，2汤勺生抽，6汤勺清水,"1. 准备好所有材料
2. 里脊肉洗净切丝，加入半勺盐、1茶勺胡椒粉+淀粉+糖、1汤勺生抽+料酒，搅拌均匀腌制30min
3. 胡萝卜、青椒切丝，木耳泡发后切丝
4. 用1汤勺醋+老抽+料酒+糖、2汤勺生抽、4汤勺清水，调制成鱼香汁
5. 热锅下油，肉丝快速滑开翻炒
6. 待肉丝炒熟后，捞起备用
7. 重新倒油
8. 倒入胡萝卜丝和青椒翻炒，炒至7分熟捞起
9. 重新下油，倒入半勺豆瓣酱、姜葱蒜，炒出香味
10. 倒入木耳，翻炒几下
11. 再倒入胡萝卜，里脊肉一起翻炒
12. 将鱼香汁倒入锅里，大火翻炒至收汁
13. 完成，起锅啦",18,7,8,382.0,315.4,32.73,12.63,21.47,4.25,75.4,15.02,124.7,27.78,91.67,1,10,6,0,legacy,"[""鱼香"",""家常菜"",""下饭菜"",""中式""]","[""1"",""2"",""3"",""4"",""6"",""11"",""33"",""37""]"
41802,明虾鸡爪煲,明虾鸡爪煲,晚上看吃播突然就馋了鸡爪煲，物价飞涨的现在出去吃一锅至少130以上，在家花了零头的钱就吃到一顿超级满足的明虾鸡爪煲，鸡爪23元、土豆2元、虾是秋天买了冻在冰箱的就算6元吧，加上各种调料30出头~剩下的100块钱买排骨它不香嘛哈哈哈~此菜谱留作自我记录，下次有改进的话在这个记录上修改。我个人口味偏淡，这个食谱做出来口味适中略带一点辣，如果口重的朋友自行加重调料即可。建议炖煮时间要达到50分钟，如果不想长时间炖煮可以把鸡爪先用高压锅压软糯了再直接煮。,,4只明虾，10只鸡爪，3个土豆，3根葱，4片姜，3瓣蒜，半个洋葱，1勺料酒，适量花椒、香叶、冰糖，2勺豆瓣酱，各1个红/绿尖椒，两勺、一勺生抽、老抽,"1. 鸡爪洗净并且切除指甲
2. 准备好配料：一个红尖椒一个绿尖椒切成小段，大蒜3瓣拍散，生姜4片，小葱两根，半个洋葱切成丝备用（图片未拍）。
3. 热锅烧油，油微热时先倒入辣椒、葱、大蒜、生姜翻炒，炒了略有香味之后倒入洋葱继续翻炒。
4. 加入两勺豆瓣酱（我用的是郫县豆瓣酱、用的两个辣椒也是辣的，如果不能吃辣的可以少放一些）继续翻炒出红油
5. 倒入鸡爪翻炒，这个地方不上色没关系的后面还会加入酱油的。
6. 加入没过鸡爪的水、水量根据锅自行调整（砂锅最好、如果有砂锅此步可将鸡爪转入砂锅慢炖，但是我们家砂锅比较小装不下，砂锅耗水比较少可以少加一些水，我这个锅开盖煮耗水比较多所以加水量比较大，一次性加足水，煮到后面水不够再加不好吃）中小火炖煮40~60分钟足够软烂，加入一勺老抽、两勺生抽、一勺料酒、香叶、八角、花椒、冰糖等
7. 20分钟左右可加入土豆，我还加入了年糕，如果放年糕要晚一些放不可以和土豆一起放，知道土豆可以用筷子戳破就可以了，不得不夸一下这个土豆真的是非常好恰。出锅前10~15分钟放入虾炖煮入味。出锅前撒入少量黑胡椒和盐即可。还可加入一点白芝麻哦！",10,6,6,1602.0,2976.5,253.1,165.39,122.76,7.07,445.6,17.27,1730.7,60.0,100.0,0,10,0,0,legacy,"[""煲"",""家常菜"",""下饭菜""]","[""1"",""2"",""3"",""5"",""12"",""112""]"
41813,东北酸菜炖大鹅,东北酸菜炖大鹅,作为一个东北吃货，有时候身在他乡，无法饱口腹之欲。加上，外面的菜又贵味道又不正宗，还是自己下厨房吧！,,一袋300克酸菜，6片姜，适量盐，个八角，适量葱，适量花椒，5瓣蒜，适量酱油，适量料酒，适量生抽，适量鸡精，适量油，半只鹅，适量胡椒粉,"1. 准备爆锅所需材料，葱姜蒜，花椒和八角，我个人觉得辣椒对于去除腥味也起到比较好的作用，所以我加了两颗辣椒。
2. 提前准备好热水，把鸭子焯半熟，这样可以去除血水，也很除腥味。
3. 热锅，入油，加入步骤一所有材料，爆香。
4. 倒入大鹅，翻炒。加适量酱油，我用的是生抽。
5. 接着倒入酸菜，继续翻炒。炒均匀。
6. 加入距离锅边缘3CM的开水，也就是盖过大鹅。使大鹅不露在表面即可。加入盐，鸡精，花椒粉，料酒。开大火，等到开锅转小火。静静等待炖大鹅1个小时。",14,3,3,373.0,84.1,3.85,0.94,19.64,1.57,166.7,1.87,141.4,28.57,100.0,1,3,10,0,legacy,"[""炖"",""家常菜"",""下饭菜""]","[""1"",""2"",""3""]"
41831,鱼香茄子,少油鱼香茄子，蒸茄子非油炸版,酷爱鱼香味，经典下饭菜之一，吃了几次张妈妈，感觉又油又少，只能自己折腾，研究了无数菜谱，找到少油少盐版本的也是自己最喜欢的做法。,,1勺豆瓣酱，500克茄子，2克姜，2个香葱葱，4瓣蒜，∨鱼香料，2克盐，15克糖，8克醋，12克酱油，5克蚝油,"1. 茄子选柄附近有白色的，用指甲轻易刺透的嫩茄子，去皮，切条，上锅蒸15-20分钟，筷子能扎透即可
2. 葱姜蒜末，双椒，加郫县豆瓣酱炒香，放入调好的鱼香料，炒匀
3. 倒入茄子，大火一分钟后汤汁变浓郁出锅
4. 酸甜适口。",11,3,3,722.0,141.5,6.43,1.05,30.23,6.77,128.3,2.77,31.2,36.36,100.0,7,3,1,0,legacy,"[""鱼香"",""家常菜"",""酸甜"",""食材"",""素食"",""蒸"",""炸""]","[""2"",""3"",""110""]"
42071,冬瓜香菇炖牛腩,冬瓜香菇炖牛腩,牛的身上许多地方的肉都可以叫做牛腩。国外进口的是切成条状，靠近牛肋处的松软肌肉，取自肋骨间的去骨条状肉，瘦肉较多，脂肪较少，筋也较少，适合红烧或炖汤。今天我就用它来简单的做一道冬瓜香菇炖牛腩，也希望大家能看到我这次分享的菜谱能学会~,,250克牛腩，3个香菇，100克冬瓜，4片姜片，一颗蒜片，一段大葱段，适量盐，适量水,"1. 准备食材，将蘑菇切片，冬瓜切丁
2. 蘑菇放在开水中煮两分钟，然后捞起备用
3. 把牛腩切丁，放入冷水中烧5分钟后捞起备用，起锅热油，放入姜蒜片和大葱段炒香，加入牛腩丁炒一分钟
4. 继续倒入饮用水，烧开后加入香菇，用小火炖80分钟，再加入冬瓜炖40分钟
5. 最后加入适量的盐，关火，盛到碗中就可以食用了",8,5,6,452.0,453.1,52.49,22.34,12.83,2.95,38.2,5.35,170.6,62.5,100.0,2,3,3,0,legacy,"[""家常菜"",""宴客"",""汤羹"",""牛腩""]","[""2"",""3"",""8"",""23"",""82"",""108""]"
42214,辣子鸡,辣子鸡,,,2个鸡腿，50克朝天椒，50克灯笼椒，20克大葱，20克大蒜，10克生姜，5克花椒，30克生抽，5克老抽，5克料酒，适量五香粉，适量白芝麻，适量盐,"1. 鸡腿去骨然后切块
2. 鸡块放入料酒、生抽、老抽、五香粉和盐抓均匀
3. 抓均匀后腌制30分钟以上
4. 辣椒剪段，我选了朝天椒和灯笼椒，朝天椒味辣，灯笼椒味香
5. 剪好的辣椒去籽
6. 切好生姜、大蒜和大葱
7. 油温6-7成热放入腌制好的鸡块，炸大约5分钟左右到表面金黄捞出沥油
8. 锅中留少量的底油放入葱、姜、蒜和花椒炒香
9. 炒香后再放入干辣椒翻炒
10. 放入鸡块翻炒均匀，因为鸡肉提前腌制过，就不用再放调料调味了
11. 最后关火放入白芝麻翻炒均匀后出锅
12. 完成",13,7,8,390.0,397.0,50.23,17.61,10.13,0.77,30.4,5.11,187.6,53.85,100.0,9,1,3,0,legacy,"[""家常菜"",""下饭菜"",""晚餐""]","[""1"",""2"",""3"",""11"",""24"",""36"",""95"",""589""]"
42337,宫保虾球,宫保虾球,最近带爸妈出去吃饭，点了个宫保虾球，68元里面就几个虾，他们大呼不值。所以回来自己做给他们吃，省却了虾球蘸粉油炸的步骤，虽然卖相上没有那么好看了，但是本着健康的原则还是做了适当改良。,,1勺郫县豆瓣辣酱，适量虾仁，适量葱芯段，适量葱末，适量姜，适量蒜末，少许蒜片，30粒麻椒，20粒花椒，3个干辣椒，一小把花生米，1勺生抽，2勺醋，2勺糖，1勺淀粉，少许白胡椒，适量料酒,"1. 我冰箱里正好有冷冻的基围虾，化冻后剥皮，开背，清洗干净沥干备用。
2. 开背后就能看见背上的泥线，挑出后清洗干净。开背还能使虾子受热后体积更大，更接近球的形状。
3. 准备配料，葱芯切成1厘米左右的段，葱皮就切成葱末，蒜也要分成蒜末和蒜片，能吃姜的就切成姜末，我为了方便挑出来就切的姜片。辣椒去籽剪成段，花椒麻椒最好都有，熟花生去皮后最好干锅小火炒炒更香。
4. 中小火煸炒豆瓣辣酱至出红油，加葱末、蒜末和姜、麻椒、花椒和辣椒煸出香味，然后改大火下入虾，点少许白胡椒、烹适量料酒翻炒至虾变色。放入葱芯、蒜片、碗汁翻炒至汤汁都包裹在虾球上，撒入一把花生米拌匀马上出锅。
5. 碗汁：1勺生抽、1勺淀粉、2勺醋、2勺糖、4-5勺水。",17,5,6,70.0,37.9,0.96,1.27,6.31,1.36,1.8,0.25,0.3,47.06,100.0,0,9,8,0,legacy,"[""下饭菜"",""海鲜"",""家常菜""]","[""1"",""2"",""3"",""16"",""41"",""590""]"
42394,经典梅子小排,经典梅子小排（汤汁拌饭是一绝）,"这道菜适合所有喜欢酸甜口的人
我1岁半的儿子也超爱
汤汁拌饭
他能吃2小碗嘿嘿",,500克肋排，3-4片姜，1勺料酒，25g冰糖，1勺生抽，1-2勺冰花酸梅酱,"1. 洗干净
2. 沸水加生姜，汆一下小排，再次洗干净
加入酱油、白糖、淀粉、鸡蛋清腌制30分钟
3. 热锅冷油加入冰糖，小火翻炒
4. 不停翻炒，不然容易糊
5. 加入排骨，非常好上色

加入酱油、冰花酸梅酱和料酒
加50ml水，小火煮25分钟
6. 大火收汁，起锅
7. 加一点小装饰
8. 恩，汤汁拌饭一绝啊!",6,2,3,532.0,1334.7,91.92,102.19,11.8,0.86,48.6,4.45,227.3,33.33,100.0,2,4,0,0,legacy,"[""饭"",""酸甜"",""快手菜"",""家常菜"",""宴客菜""]","[""3"",""4"",""32""]"
42421,素什锦,素什锦,,,克花生米，克腐竹，朵木耳，克糖，节藕，根芹菜，根胡萝卜，克盐，朵西兰花，粒花椒，彩椒，荷兰豆，紫甘蓝，洋白菜,"1. 每样一点点，比例均匀即可。所有食材洗净，切小块，分类焯水。果仁藕片胡萝卜稍稍多煮一会儿，彩椒荷兰豆少煮一会儿。
2. 全部食材捞出后，最后放紫甘蓝焯水，防止染色。
3. 调料随心，盐糖醋花椒油是最常见的。",14,9,9,0.0,0,0,0,0,0,0,0,0,78.57,0.0,0,0,14,0,legacy,"[""素食"",""素菜"",""家常菜""]","[""6"",""16"",""27"",""33"",""53"",""74"",""76"",""99"",""109""]"
42652,入口即化的广式萝卜牛腩煲,入口即化的广式萝卜牛腩煲,"“要对美食多些耐心，
因为它所能回馈你的是不可描述的治愈力量✨”

广式牛腩煲一直是我的心头爱，
但之前一般都是在饭店里吃，
🙄（因为比较费时间，我的耐心又很少哈哈哈）
这次也算是突破自我在家里尝试做了这道菜。

没想到味道居然很惊艳，
不比饭店的差。😁

牛腩和萝卜入口即化，
软糯浓郁，口齿留香，
家中有老人小孩的也可以试试这道菜～
保证给你点赞👍",,500克牛腩，1根白萝卜，5片姜，2勺料酒，2根葱头，6瓣大蒜，3个八角，2片香叶，1-2块桂皮，6个干辣椒，半勺盐，1勺糖，2勺生抽，半勺老抽，一勺蚝油，1点点白胡椒粉，2勺橄榄油，适量凉水,"1. 准备食材：牛腩凉水下锅，加入5片姜片和2勺料酒，水开后焯水3分钟，撇去浮沫，把牛腩乘出，沥干备用；白萝卜切成块，过一遍凉水沥干，备用。
2. 锅里倒入橄榄油，锅热后放入大蒜和葱头，爆香。
3. 放入沥干水分的牛腩，翻炒均匀。
4. 加入一勺老抽
5. 加入2勺生抽酱油
6. 加入1勺蚝油和一点点的白胡椒粉
7. 翻炒均匀后，加入正好能没过牛腩的凉水
8. 放入大料（桂皮、香叶、八角、干辣椒），再放入1勺白砂糖和半勺盐
9. 翻炒均匀后，盖上锅盖，用大火煮开后转至小火，慢炖1个半小时
10. 1个半小时后，锅里放入准备好的白萝卜，再用小火焖煮30-45分钟
11. 关火倒入砂锅或者碗中，开吃！（喜欢干一些的朋友可以把汤汁都收走，我一般会保留一点点汤汁拌饭吃～）浓郁的味道很上头！",18,5,6,1276.0,1034.5,108.47,45.42,56.06,5.71,331.2,12.48,612.9,33.33,100.0,1,15,2,0,legacy,"[""家常菜"",""下饭菜"",""煲""]","[""2"",""3"",""5"",""8"",""63"",""82""]"
43330,四川人的国民回锅肉以及萝卜汤,四川人的国民回锅肉以及萝卜汤,"有时去菜市场晚了，剩下最后一块肉，或家里正好有一块肥多瘦少的肉，家人又想吃回锅肉，可不可以做？
家里不像餐厅，肉想切哪块是哪块，家里就没有那么方便，大多数时候，作为家庭主妇，就得看情况发挥。
肥肉多，瘦肉柴，就得想办法。
回锅肉早先最经典的选肉，是二刀肉，一说到回锅肉，顺口就来，你给卖肉的说，他直接给你割。
成都曾经有个回锅肉肉质评比，到底是五花肉还是二刀肉适合做回锅肉，哪种口感好，比赛结果，五花肉胜出。
可我朋友的老公，至今偏爱二刀肉，为了减弱瘦肉柴的问题，他采取的方式是煮耙点。
除了这两种，还有用前夹肉，这可是活肉，没那么肥，肉质还软糯，也是上选。
回锅肉是四川地区，家家户户都爱吃的菜，一到饭点，你在路上一走，那些街边做生意的，摆个板凳当桌子就开始吃饭，他们的饭桌上，大都是一盘回锅肉，一盆汤，大致如此。
这篇有点长哈，这回锅肉就是这样，写出来就连汤带水了，不喜欢，不耐烦的飘过哈！",,回锅肉部分，425克猪肉，180克（清理后，去掉头尾，还余95克）蒜苗（未清洗），20克扬名红油豆瓣，10克南泉甜面酱，1克白糖，4克生姜（炒肉），萝卜汤部分，421克红皮萝卜（连缨子），800克水，2克盐巴，2克黑胡椒粒，5克花雕酒，7克生姜片，32克大葱叶子，5克小葱，1根香菜，蘸水部分，2根朝天椒，2根二荆条，20海天味极鲜，5生菜籽油，2克葱花，5克香菜,"1. 因为人少，买了一小块肉，这块看似肥瘦差不多的肉，煮好就晓得遭了，瘦肉缩水，还剩一点，肥肉一大块。
2. 重庆人吃肉，这猪皮一定要烧，烧黑了再用热水刮洗，说猪皮不烧，这肉吃起来骚臭。
3. 锅里掺冷水800克，肉一定要冷水下锅。
4. 生姜一块13克，把生姜皮切下来煮肉。
5. 放老葱叶子32克，生姜边角余料7克。
家里正好有大葱叶，放的有点多。
6. 胡椒粒2克，也可放花椒粒2克。
7. 花雕酒5克。
8. 盐巴2克
放姜，葱，胡椒，料酒的作用都是为了去腥。
9. 调中火，不盖盖子，把水烧开。
10. 水烧开之后，把浮沫打了。
11. 是不时把肉翻个面。
12. 汤开之后，调小火。
13. 盖上锅盖，煮十五分钟。
14. 锅里煮着肉，开始准备配料。
回锅肉最传统的配料是这种红头香蒜苗，可现在才开始栽种蒜苗，这个季节，回锅肉的配料更多的是辣椒，也有用甜椒，洋葱，土豆片，莲花白（圆白菜），灵活多变，甚至有人在回锅肉里放炒胡豆的。
今天我买到了蒜苗，这是云南运过来的香蒜苗。
一份回锅肉，配料不可过多，料头多了，肉吃起来上水，俗话水洼洼的。
蒜苗要稍微多买一点，蒜苗去头掐尾，要丢一大半。
我买了180克蒜苗，摘净后，去掉老叶子，只余95克，这个分量正好。
就是说，如果需要100克的蒜苗，你得买200克。
15. 洗蒜苗的时候，一定要掰开叶子冲洗，往往叶子缝里会藏着泥巴。
16. 蒜苗杆儿（白色）这部分，要轻拍一下，但不能拍的魂飞魄散，那样炒出来的菜不好看。
17. 既要拍松，又要保持蒜苗的完整，斜刀切4厘米左右长。
蒜苗不可久炒，炒久了，俗话说炒死了，不好看，又不好吃，蒜苗头部，如果不拍松，短时间内不容易炒熟。
18. 叶子部分直刀切，也是4厘米左右长。
19. 把蒜苗的头部和叶子分开放。
准备姜片4克，豆豉5克。
20. 扬名红油豆瓣20克，南泉甜面酱10克，白糖1克。
豆瓣都自带咸味，所以不可多放，如果拿不稳，宁肯少放，少了可以加，多了，咸了，味道不好改。
多年前啊，每当家里炒回锅肉，就会派一个小孩子，拿个碟子去买两分钱的甜面酱，这小孩子买了酱，边走边舔，还得留意让父母看不出来，这需要很好的把控。🙂
21. 炒回锅肉，煮肉的汤不可浪费了，最常见的搭配，是在汤里煮点萝卜，或冬瓜，黄瓜，反正当季有什么煮什么。
入秋之后，这种红皮的胭脂萝卜口感越发的甜，煮汤最宜。
22. 买萝卜要看萝卜缨，如果萝卜缨子起苔，萝卜轻，多半空花了（糠了），则不能要。
买萝卜要买重的。
23. 萝卜皮是好东西，得留着，泡泡菜。
在四川，所谓的家常菜，它是一系列，回锅肉之所以是经典，是因为誰都可以做，做的再差，也不会很难吃，包容性大，很多食材都可以兼容，一道回锅肉下来，边角余料，汤，凉拌菜，泡菜的原料都有了，才会成为百搭，当季有什么食材都可以放进去。

24. 萝卜切
25. 5厘米的厚片。
26. 倒进锅里。
如果有莲花白，冬瓜，丝瓜都可以放进去。
27. 肉煮到筷子能轻易插进去，就可以了。
肉大约需要煮15分钟。
28. 把肉捞出来，用漏勺装着，把汤滤干。
29. 用厨房用纸，把水分擦干。
回锅肉下锅炒，有时候会爆，油爆的到处都是，就是因为肉有水分，这一步虽然麻烦一点，但可以避免炒菜的时候油溅出来。
30. 这肉实在太肥了，现场决定，把肥瘦肉分开切。
31. 把肥肉切薄片。
回锅肉一定要带皮子，有皮子才有嚼劲，香。
32. 这瘦肉，我尝了一下，不管是顶刀切，斜刀切，各种切，都很柴那就随便切啦！
33. 把肥瘦肉分开。
买了425克肉，煮好一称，肥肉216克，瘦肉143克。
正常的比例，得颠过来，哎，没办法。
蒜苗（摘洗干净后）和肉的比例（煮熟后），大约1:3。
肥瘦肉的比例，1:3比较恰当。
肉里放太多的配菜，那这个菜，就不叫回锅肉了。
34. 用过的纸，顺便把菜板和刀擦了再洗，收拾台面。
35. 再调个蘸水。
大蒜7克，青红椒各两根，20克。
36. 放5克生菜籽油，味道会非常特别。
37. 海天味极鲜生抽20克。
辣椒和蒜切大一点，这样，又是一道小菜，又是蘸水。
38. 再放点香菜段和葱花。
39. 一切准备妥当，开火炒菜。
炒锅置火上，小火，放菜籽油6克，把锅润一下，先下肥肉。
40. 炒回锅肉，火候很重要，要把油爆出来，得小火。
回锅肉在四川有熬锅肉之说，这肉，就得小火熬。
41. 把肥肉熬到起灯盏窝，即可下一步。
不过，有的部位的肥肉，咋都不会起灯盏窝，就看肉从透明变白，稍微有点黄边。
42. 下生姜片4克和豆豉5克，把豆豉爆香。
豆豉一定要放到油里爆过才香。
43. 豆豉爆香之后，下豆瓣酱20克，甜面酱10克，白糖1克。
44. 肉太肥，熬了好多油出来，把多余的油舀出来，下一顿可以吃面条。
45. 下瘦肉。
46. 这个时候，把火调大。
瘦肉翻炒入味。
47. 先下蒜苗头（白色部分），翻炒6下。

48. 再下蒜苗绿色的叶子部位，翻炒十二下，把蒜苗炒蔫即可，不可炒太久。
切记！
49. 好吃的回锅肉，肉煸炒的恰到好处，不过分干，肥肉的油熬的正好，有的回锅肉炒的过干，肉就不好吃了。
吃的时候，肉和蒜苗夹在一起，香的很。
50. 肥肉煸到这个程度，比瘦肉都好吃，软糯哦！
回锅肉拌饭，那叫一个绝！
51. 这样把蒜苗，豆豉，肉赶到饭碗里，把油滤出来，一拌之好吃😋
经典就是经典，所言不虚！
52. 蘸水清香。
53. 夹点辣椒，蒜片，这又是一道隐形的小菜。
54. 两个人，一份回锅肉，一钵萝卜汤，萝卜消食化气，这就是所谓的原汤化原食，巴适得板！
这样的饭菜就是家常菜，吃起来舒服。",23,7,7,1454.0,1561.6,71.67,129.16,33.46,8.2,258.1,9.74,724.9,43.48,100.0,15,3,5,0,legacy,"[""家常菜"",""汤""]","[""1"",""3"",""4"",""9"",""80"",""95"",""439""]"
43757,五仁汤圆,五仁汤圆,正月十五闹元宵，北方叫元宵，南方叫汤圆，北方的元宵是用糯米粉撒水滚圆的，南方的汤圆是包出来的，从口感来说是各不相同，北方的元宵皮厚有嚼劲馅少，南方的汤圆是软糯皮簿馅大，想吃五仁元宵又不喜欢皮厚，外面卖的又高糖高油，那就动手做自己喜欢的口味吧，我是用家里现有的食材，还剩的糖渍橙皮加入馅儿料里很是提味的。,,50克花生，50克白芝麻，20克核桃仁，30克南瓜子仁，50克提子干(或葡萄干)，40克糖渍橙皮，5克香油，10克糖粉，10克水怡(或蜂蜜)，10克熟糯米粉，适量水，300克糯米粉，245克热水(约七十度左右)，5克玉米油,"1. 把所有食材备齐，生的食材必须烤熟才香哦，10克糯米粉最好也是炒熟的
2. 烤熟的花生、南瓜子仁、白芝麻、核桃仁放入料理机打碎，粗细自己调节
3. 提子干或葡萄干切碎，糖渍橙皮切碎、因为橙皮是甜的，我放的糖比较少、这步把所有的馅料放一起，包括香油和水饴、熟糯米粉和少许水合到一起，这时甜度自己调节，油也自己调节，调到软硬适中为止，能成团就可以，盖上保鲜膜备用
4. 这步和面没拍照，用六七十度水，一点点加入面里，用筷子搅拌成絮状，放入少许玉米油，最好把之前称的热水少留出一点，看面的吸水性决定，和面时有些粘手不要紧，等稍微凉些就不粘手了，面和好后放入保鲜袋里防干裂
5. 馅儿称出10克，皮称出15克，最好戴上一次性手套操作
6. 皮不用擀，在手心上压一压捏一捏成饼皮放入馅儿包住就可以了
7. 锅里烧水，开锅放入汤圆，等汤圆全部浮起再等约一分钟左右就熟了
8. 立马盛出汤圆不要煮的时间太长，因为馅儿都是熟的
9. 开动吧，自己做的汤圆🥣很有幸福感哦，吃出自自己想要的味道",14,4,4,520.0,1777.8,53.46,59.38,262.97,11.52,412.3,12.75,28.6,57.14,100.0,13,0,1,0,legacy,[],"[""16"",""36"",""77"",""386""]"
44756,梅子蒸排骨,梅子蒸排骨,腌渍梅子在粤菜中使用很广，各种口味的梅子配鱼配排骨，或蒸或炒，简单变化就能做出很多相应的菜。这里用最普通的酸梅蒸排骨，加些白糖和甜面酱，吃起来酸甜适中，很开胃。,,300g左右肋排，5颗（喜酸可多放2、3颗）酸梅，2瓣蒜头，2小勺白糖，适量肋排腌料：淀粉、酱油、料酒、油,"1. 猪肋排剁成小块（易入味）洗净，用厨房纸吸干水分。
2. 加一小勺淀粉抓匀
3. 加酱油、料酒、油各一大勺拌均腌制几分钟
4. 做调料：蒜瓣压成泥，酸梅捣碎
5. 加糖拌匀
6. 调料倒入腌好的排骨拌均
7. 移入蒸盘铺平（以蒸时受热均匀）
8. 大火上气蒸15分钟
9. 出锅上桌，就等米饭了！😍",4,2,3,360.0,804.8,55.35,61.22,7.86,0.11,27.9,2.52,135.5,75.0,100.0,1,3,0,0,legacy,"[""家常菜"",""蒸""]","[""2"",""4"",""32""]"
44958,泰式咖喱虾 一碗咖喱汤汁好下饭,【泰式咖喱虾】 一碗咖喱汤汁好下饭，简单又美味,"第一次吃咖喱虾是2013年的夏天，在广州一家越南餐厅--越茗苑。咖喱虾分量很大，底下是一层很厚重的浓浓的椰浆咖喱汁，而虾则铺在这层厚重的咖喱汁上。

咖喱菜式，在泰国很出名。不管是海鲜还是禽肉都可以做成咖喱菜，搭配泰国特有的椰浆调制成咖喱汤汁，拌在米饭里，绝对能挑起你的味蕾。

浓浓的椰浆咖喱裹着虾肉，再加上朝天椒的辣味，洋葱芹菜的香，轻啜虾表面的咖喱汤汁，再剥出肥嫩的虾肉入口，好吃得停不了口。",,500克南美白对虾，3勺泰式辣椒膏，3勺咖喱粉，200毫升椰浆，1勺鱼露，1个鸡蛋，1/2勺鸡粉，少量柠檬汁，适量朝天椒，1/4个洋葱，适量大蒜，1根芹菜，1根葱，适量盐,"1. 500克南美白对虾洗干净，剪掉虾枪虾须，去掉虾线。
2. 洋葱切丝，大蒜切片，朝天椒斜切片，芹菜切段，葱切段，备用。 
3. 咖喱粉，泰式咖喱粉，双枪牌。
4. 泰式辣椒膏，在泰国菜用途很广，味道鲜美，而且还可以调色。
5. 椰浆，不能直接食用哦。
6. 鸡蛋，实际上我只用了一个。
7. 先把泰式辣椒膏和椰浆搅拌均匀。 
8. 然后把咖喱粉以外的所有调味料和做法4的椰浆汁以及鸡蛋打散搅拌均匀备用。
9. 锅内放适量底油,下大蒜和咖喱粉，小火炒出香味。
10. 加入虾子炒至八分熟。
11. 加入洋葱和朝天椒炒至香。
12. 倒入调好的椰浆汁，小火慢炒。
13. 咖喱椰浆汁稍微凝固，下葱和芹菜拌炒片刻。 
14. 翻炒片刻即可出锅。
15. 泰式咖喱虾完成啦，记得配上白米饭哦！",14,7,8,1420.0,735.0,110.55,6.66,61.55,6.14,223.2,5.65,545.5,57.14,100.0,2,8,4,0,legacy,"[""咖喱""]","[""1"",""2"",""5"",""7"",""27"",""95"",""572"",""590""]"
46046,凉拌鲫鱼,凉拌鲫鱼（鲜嫩）,正在减肥中，不吃油腻的东西，然后就有了这道凉拌鲫鱼出炉啦，还别说比红烧的更鲜嫩，完美,,1条鲫鱼，一小块姜，8瓣蒜，10个小米椒，2勺醋，5勺酱油，2根小葱，2勺料酒，一丢丢糖，一丢丢勺鸡精，一丢丢耗油，一小把香菜，3个青椒,"1. 将葱，姜，蒜切沫，小米椒，青椒，葱，香菜切段（香菜没有拍），再预留一些姜切成姜丝
2. 将清理好的鲫鱼切花刀，撒上盐少许料酒抹匀，肚子也要抹哦，腌制十分钟（我买的鲫鱼还有很多鱼籽和一个鱼泡，先清洗干净放在旁边了）鱼籽和鱼泡也很好吃哦
3. 将腌制好的鲫鱼用水冲洗干净，肚子内和鱼上放入姜丝，还可以放少许葱段（去腥）
4. 将鱼籽和鱼泡也放入碗中，一起放在加水分锅内准备蒸，家里条件不好没有蒸架，只能架筷子了(๑‾᷅^‾᷅๑)（话说，那一坨真的有点不敢看，但是等会做出来是真的很好吃，哎呀不要在意那些细节）
5. 盖上锅盖蒸个8分钟左右，我的鱼比较大所以看鱼大小调整蒸的时间
6. 鱼开始蒸以后我们可以调汁了。将切好的葱姜蒜，辣椒以及香菜倒到碗里，加入适量的酱油，两勺镇江香醋，一小勺耗油，鸡精，以及一丢丢白糖，家里条件好的也可以加几滴香油，拌匀（不要问我具体的量，因为可以自己尝的，每个人口味轻重不一样，我喜欢吃酸辣的所以辣椒和醋放的多，你们酌情增减）
7. 八分钟到后我还关火焖了一分钟，喜欢嫩一点的可以不用这么久，将蒸好的鱼取出。并沥掉蒸鱼所出来的水分，姜丝什么的也可以扔掉了，喜欢吃凉的话可以放置一会，我是直接继续
8. 将调好的汁淋到蒸好的鲫鱼上面。鱼籽也要淋到哦。可以用筷子将调料拨的好看一些。毕竟好吃还要好看呢哈哈，这就大功告成了
9. 建议鱼籽用赶紧筷子捣成小块，这样更入味哦！",13,7,7,1618.0,1060.4,96.62,13.07,214.34,119.06,595.7,11.76,271.4,53.85,100.0,0,10,3,0,legacy,"[""凉拌"",""家常菜""]","[""1"",""2"",""3"",""9"",""11"",""18"",""126""]"
46892,港式柱侯萝卜炆牛腩煲,港式柱侯萝卜炆牛腩煲,,,1.5斤牛腩，半斤牛筋，半个白萝卜，5片姜，6瓣蒜，4粒八角，1小把花椒，3汤匙柱侯酱，2块南乳，2汤匙蚝油，1茶匙老抽，2条腐竹，2片香叶，2汤匙绍兴酒,"1. 将牛腩在凉水中浸泡15-20分钟，去血水。
腐竹泡发至软后，切段。
滚水加入少量的盐和几粒花椒，倒入牛腩和牛筋，大火煮3分钟。

而后将煮好的牛腩和牛筋滤渣，用水冲洗干净后，沥水备用。

白萝卜切滚刀块。
2. 热锅热油将姜、蒜、八角和花椒粒爆香，然后倒入牛腩和牛筋，翻炒约4分钟。

然后倒入2汤匙绍兴酒，待酒蒸发后加入水或高汤，要没过肉。随后加入2粒碾碎的南乳、3汤匙柱侯酱、1汤匙的蚝油、2茶匙五香粉、2茶匙老抽和2片香叶，搅拌均匀，煮开后，盖盖子，小火焖煮约1.5小时。然后倒入萝卜块，再盖盖子煮半小时。最后加入腐竹段，焖煮20-30分钟，待汤汁浓稠即可。
3. 撒一点香葱花点缀。

配上一碗白米饭简直就是完美～
4. 美食交流群（扫码扫码），大家可以加进来一起讨论分享经验。我会及时回答问题。同时，有想学的菜谱也可以在群里问我。
我的微信号：Verademeishiriji",14,4,5,1460.0,1389.0,162.54,70.14,30.61,1.61,192.9,18.22,633.6,57.14,100.0,2,12,0,0,legacy,"[""煲"",""牛腩"",""家常菜"",""年夜饭"",""下饭菜"",""港式"",""港式小吃""]","[""2"",""3"",""8"",""63"",""82""]"
47232,苦菜酥红豆+扁豆茯苓粥,苦菜酥红豆+扁豆茯苓粥,"立夏是夏季的第一个节气，春过夏来，饮食以祛湿为主，再配上些辛散食材，有利于避免湿气留于体内。立夏养生，“顺时养心”是关键，苦味食材最养心，多吃“苦味”，养生祛病，清心除烦的同时，也可增进食欲、健脾利胃。

菜酥红豆养心，扁豆茯苓粥祛湿，可谓是立夏时节的绝佳菜品！苦菜酥红豆是云南的特色家常菜肴。苦菜，《本草纲目》载其“安心益气，轻身、耐老”，有清热、凉血和解毒的功效。",,适量红腰豆，1棵苦菜，少量干辣椒，适量淀粉，适量食用盐，100g白茯苓，30g扁豆，100g白米，5g陈皮丝,"1. 食材准备：红腰豆适量、苦菜1棵、干辣椒少量、淀粉适量、食用盐适量、白米100g、扁豆30g、白茯苓30g、陈皮丝5g
2. 红腰豆提前浸泡2小时
3. 苦菜去根、切末备用
4. 泡好的红腰豆放入锅中煮1小时,待酥软透心后捞出
5. 煮好的红腰豆放入碗中，加入盐和淀粉，拌匀
6. 锅中倒油，加入红腰豆，小火炸干水分。然后加入苦菜末一起炸干，大火起酥，捞出控油
7. 锅留底油，炒香干辣椒
8. 再加入红腰豆和苦菜炒香即可出锅装盘
9. 接着来做扁豆茯苓粥。先将扁豆洗净，切丝备用
10. 白米淘洗干净，备用
11. 白茯苓捣碎，备用
12. 将上述食材一同放入锅内，加水适量，开大火煮沸
13. 转小火，慢熬至粥熟，加入扁豆丝，煮5分钟，加盐调味即可",9,4,4,330.0,104.3,6.41,1.26,22.46,11.43,143.4,19.37,18.5,55.56,100.0,4,1,4,0,legacy,"[""快手菜"",""节气菜"",""养生菜"",""夏季美食"",""素食""]","[""227"",""248"",""296"",""556""]"
47488,青红椒炒鱿鱼,青红椒炒鱿鱼,,,2只鱿鱼，1个青椒，1个红椒，适量葱，2克糖，适量生抽，适量油，2片姜，适量料酒，2瓣蒜，适量盐，适量淀粉，适量味精，1个辣椒，适量胡椒粉，适量醋,"1. 鱿鱼洗净，剥去红色表皮，切花刀，控干水份
2. 葱、姜、蒜切碎备用
3. 锅内置水烧开，放入鱿鱼快速焯水捞出放入碗内，加入料酒、生抽、胡椒粉、辣椒、糖、醋、姜蒜未腌制5分钟
4. 锅内置油爆香葱姜蒜，放入青红椒炒至八分熟加少许盐翻炒至熟
5. 倒入腌好的鱿鱼继续翻炒几下，加入水淀粉勾芡
6. 装盘出锅",16,7,7,606.0,381.4,71.16,6.84,10.35,1.18,200.4,4.46,450.5,50.0,100.0,1,6,9,0,legacy,"[""家常菜""]","[""1"",""2"",""3"",""11"",""17"",""49"",""78""]"
47499,不爱吃海参也能吃的海参粥,不爱吃海参也能吃的海参粥,"人家都说海参营养价值高，可我偏偏不喜欢海参的味道，就把它切成丁做成粥，没想到味道还不错，一起来试试吧~
我给的量是一人份",,只1海参，1根火腿肠，适量 3/1量杯大米，个人喜好加葱花姜丝酱油，一丢丢盐,"1. 米淘好备用
2. 火腿肠、海参切成丁
先煮白粥，30分钟后加入其他食材，煮10分钟即可。美味又营养的海参粥就做好啦。
3. 做好啦，香喷喷",5,1,1,100.0,212.0,14.0,10.4,15.6,0.0,9.0,4.5,771.2,40.0,100.0,0,1,4,0,legacy,"[""中式早餐"",""粥"",""早餐"",""快手早餐"",""主食""]","[""189""]"
48086,地道川味水煮牛肉,地道川味水煮牛肉,成都遍地的苍蝇馆子总是隐藏着很多意想不到的人间美味。这道刀口海椒水煮牛肉便是来自于苍蝇馆子的正宗配方，麻辣鲜香，让人欲罢不能！,,400克牛里脊，一小把莴苣叶，一小把芹菜，一小把豆芽，一把约10克干辣椒，一小把约3-5克花椒，一把干小葱，3-5瓣大蒜，料酒，生抽，海盐，一大勺郫县豆瓣，淀粉，150-200毫升食用油,"1. 牛肉擦干水分，切去筋膜整理后，切成2毫米左右的薄片
2. 倒入一大勺料酒，一大勺生抽，两大勺水淀粉（豌豆粉也可以）
3. 用手把汁水抓进肉里，腌15分钟左右
4. 干辣椒切段，2厘米左右辣椒与花椒比例4:1 也可根据个人口味增减
5. 锅里倒少许底油，加入辣椒和花椒，小火炒香
6. 待辣椒炒至红黑色香脆就可起锅，不要炒黑，否则容易发苦
7. 在砧板上用刀慢慢将炒香的干辣椒和花椒切成碎末
8. 准备蔬菜：芹菜一小把，切段成6-7厘米，莴苣叶一小把，也切段成6-7厘米，一把绿豆芽（黄豆芽也可，我偏爱绿豆芽，更嫩）
9. 佐料准备：姜片4-5片先切丝再切成末，大蒜拍扁切末，小葱切末，香菜一小把也切碎，如果不喜欢香菜也可以不放
10. 锅里起热油（少油）放蒜末和蔬菜，翻炒断生即可出锅，摆放在碗底。蔬菜时间不要超过，否则就没有爽脆的口感了
11. 锅底倒少许油，中小火将郫县豆瓣酱炒香（如果郫县豆瓣酱的辣椒皮和豆瓣太大，也可事先切碎再炒）
12. 炒香豆瓣酱后倒入腌好的牛肉，加少许水煮开（水不要加太多）
13. 煮开后即可勾芡收汁，将汁水收得浓稠一些
14. 将煮好的牛肉平铺到在菜底上，汁水不要太多，否则等下会水水的不好吃
15. 在牛肉上均匀撒上刀口辣椒，姜末蒜末及葱花
16. 食用油150-200毫升烧热到大概180度左右（温度太高容易把辣椒烧糊）均匀浇在食材上，油可分2-3次倒入
17. 最后可根据自己口味放上香菜点缀上桌。一筷子下去牛肉麻辣鲜香，蔬菜爽脆入味，真是下饭好菜！请慢用🤪",14,4,5,606.0,475.4,90.77,4.05,19.34,1.44,33.0,18.17,405.9,64.29,90.0,2,7,4,0,legacy,"[""家常菜"",""辣"",""宴客"",""川菜""]","[""2"",""8"",""27"",""92"",""152""]"
48161,木耳炒鸡蛋,好吃的木耳炒鸡蛋,孩子特别喜欢木耳，鸡蛋，每周都做一到两次，营养又简单,,3个鸡蛋，适量木耳，半根红萝卜，适量克盐，半勺酱油，一勺蚝油，克花生油,"1. 木耳泡好洗干净
2. 两个鸡蛋加一点盐一勺水打发，下油下鸡蛋炒，然后盛起鸡蛋，下油加入木耳红萝卜中火炒几分钟，加一点点盐，木耳快熟的时候加入鸡蛋，二勺蚝油，半勺生抽
3. 沿着锅边撒几滴水，炒均匀即可！",7,3,3,200.0,228.0,20.15,13.0,8.0,0.55,100.0,2.9,232.9,42.86,100.0,0,4,3,0,legacy,"[""家常菜"",""快手菜""]","[""6"",""7"",""33""]"
48370,黑椒牛柳,黑椒牛柳,,,500g牛肉，半个青甜椒，1/3瓶李锦记黑椒酱，半个红甜椒，一个洋葱，黑胡椒碎，黑胡椒粉，料酒，淀粉，盐，糖,"1. 牛肉切条状，放料酒，黑胡椒粉，少许盐，淀粉抓匀至水分都吸收进肉里，腌制半小时
2. 洋葱切块，青红椒切成菱形
3. 大火入牛柳过油，6成熟时迅速捞起
4. 锅内留底油，下洋葱，中火炒到洋葱透明，散出甜味
5. 大火下牛柳，与洋葱均匀翻炒
6. 倒入1/3瓶的李锦记黑椒酱。翻炒均匀，加点糖提鲜，按个人口味调试，淡了加点盐
7. 最后加入青红椒，翻炒出香味后，出锅装盘
8. 装盘后，在黑椒牛柳表面撒上黑胡椒碎。完成",11,2,2,750.0,860.0,101.65,43.8,16.0,1.35,61.0,9.9,327.1,45.45,100.0,1,4,6,0,legacy,"[""家常菜"",""下饭菜"",""大鱼大肉"",""牛肉"",""宴客""]","[""5"",""8""]"
48446,海南干煸鸭 味道不一般,海南干煸鸭 味道不一般,,,适量鸭肉，1根大葱，5片姜，5瓣蒜，3个八角，适量干辣椒，1块腐乳，4片香叶，2勺生抽，1勺老抽，1勺耗油，1勺黄豆酱，10克糖，3个青线椒,"1. 鸭肉切块洗净后加料酒、十三香、姜片腌制三十分钟
2. 准备材料:蒜片、姜丝、大蒜、干辣椒段、八角、香叶、桂皮（家里没有所以没加 加了味道更好）
3. 调酱汁:生抽两勺 老抽一勺 耗油一勺 黄豆酱一勺 糖一勺 腐乳一小块 搅拌均匀 备用
4. 鸭肉冷水下锅焯水 两分钟捞出
5. 热油后把刚刚准备的材料倒入炒出香味
6. 把鸭肉倒入 翻炒均匀
7. 从锅的边缘倒入料酒 再倒入刚刚调好的酱汁 继续翻炒
8. 加入一小碗清水 开中火盖祸盖焖20分钟
9. 水焖得差不多时放入青线椒
10. 成品展示 非常入味~下饭必备~",14,4,4,375.0,53.1,1.81,0.33,11.51,1.5,27.8,0.99,11.9,42.86,100.0,1,11,2,0,legacy,"[""家常菜"",""快手菜""]","[""1"",""2"",""3"",""242""]"
48532,藏红花鳕鱼,藏红花鳕鱼,"低温慢煎处理的鳕鱼肉嫩度惊人
用叉子轻轻一切
鱼肉就顺着纹理断开
看上去好像很清淡
但搭配上有一点点草木香
又有一点点清甜的藏红花酱汁
口味就变得非常华丽
加上配色摆盘漂亮
的确是一道让人印象深刻的
高颜值美味料理",,1个孢子甘蓝，1个玉米笋，200克淡奶油，1-3克藏红花，40克落地球生菜，50克土豆，180克鳕鱼，10克柠檬汁，少许面粉，50克小番茄，少许欧芹叶，适量橄榄油，50克白葡萄酒，5~10克盐，2克黑胡椒末,"1. 预处理：
1.将落地球生菜切成丝，备用。
2.将土豆去皮，切成薄片，用4厘米菊花圈模切出形状。
3.将鳕鱼放入玻璃碗中，加入白葡萄酒、黑胡椒末、橄榄油、柠檬汁和少许盐，腌制10分钟。
4.小番茄一切为二。
5.欧芹叶切碎，备用。
2. 将孢子甘蓝和玉米笋对半切开，放入沸水中煮熟，再放入冰水中冷却。
3. 将淡奶油和藏红花倒入复合底锅中，加热煮至浓稠，制作成“藏红花酱汁”备用。
4. 平底锅中倒入橄榄油，加入落地球生菜，加入盐调味，煎至上色。
5. 将土豆片放入平底锅中，加入少许橄榄油、盐和黑胡椒末调味，煎至上色。
6. 将腌制好的鳕鱼裹上一层面粉，放入煎锅中，加入少许橄榄油煎至表皮呈金黄色，加入适量白葡萄酒和小番茄，加热至酒味蒸发，关火。
7. 将落地球生菜和土豆片摆入盘底，放入鳕鱼块；在旁边摆放小番茄、玉米笋和孢子甘蓝，淋上藏红花酱汁，撒上少许藏红花和欧芹叶装饰即可。",15,4,4,483.0,214.4,39.02,1.2,13.9,3.0,84.1,1.25,327.8,60.0,100.0,10,2,3,0,legacy,"[""西餐"",""快手菜"",""家常菜"",""意大利菜""]","[""12"",""14"",""113"",""399""]"
48705,适合小朋友吃的番茄鱼,适合小朋友吃的番茄鱼（巴沙鱼柳）,巴沙鱼柳没刺，吃起来不能更方便了，尤其适合小朋友～,,大约280g巴沙鱼柳一片，3个西红柿，100克白玉菇，一小把金针菇，6片姜，半个蒜头，一小把小葱，半个蛋清，1勺玉米淀粉，植物油，盐，糖，少许白胡椒粉，少许椒盐，少许孜然,"1. （金针菇忘了拍）从尾部开始斜着刀把鱼肉片成片，加入半个蛋清、玉米淀粉、少许盐和白胡椒粉用手抓一下。西红柿去皮切碎。单独留几根小葱和两瓣蒜切末最后用。
2. 锅热放油，放入姜、蒜爆香，加入番茄碎、盐炒烂，根据番茄酸度适当加点糖，加入白玉菇翻炒，加入葱结，加入水煮开，尝下咸淡，加入金针菇煮熟，用大漏勺把锅里的菇捞出放大碗里。
3. 锅里的汤保持沸腾，用手散入鱼片烫熟（变色后再烫个十几二十秒），倒到放了菇的大碗里。
4. 在鱼片上撒少许白胡椒粉、椒盐、孜然，再放上步骤1的葱末蒜末，另取小锅烧热加入植物油（太多不健康，炒菜那么多就可以）烧热，淋在葱末蒜末上。",15,7,7,624.5,175.7,10.05,1.44,35.65,4.69,53.1,3.67,64.5,46.67,100.0,2,7,6,0,legacy,"[""家常菜"",""下饭菜""]","[""1"",""2"",""3"",""14"",""46"",""52"",""133""]"
48801,入味又爽口的青椒木耳三黄鸡,超入味又爽口的青椒木耳三黄鸡（电饭煲版）,最近减脂，不吃猪肉，囤了点鸡肉在冰箱，今天有时间想起来做了这道菜。,,一小盒三黄鸡，4个青椒，一小把木耳，3片姜，2根葱，3瓣蒜，1勺蚝油，1勺料酒，1勺生抽，1勺酱油，少量盐，少量油,"1. 鸡块洗干净血水滤干放入电饭锅，加料酒、耗油、酱油、生抽各1勺，少许盐，姜片葱头腌制半小时，鸡皮面朝下盖好电饭锅按煮饭键（腌制的时候忘记拍照了～电饭锅焖鸡块的时候我在房间都闻到香味了～）
2. 鸡块在电饭锅里不用管，准备其他配料，蒜拍碎，葱切段，木耳泡发好，青椒滚刀切
3. 电饭锅跳到保温后把鸡块盛出来，然后把电饭锅里的鸡汁倒入锅里加少许油，开火烧热，放入蒜和青椒翻炒，加少许盐翻炒4分钟
4. 然后放入鸡块和木耳继续翻炒4分钟，快出锅时加入葱段，就完成了",12,6,7,381.0,111.3,4.11,1.24,25.54,1.69,66.9,3.68,32.0,50.0,100.0,0,9,3,0,legacy,"[""电饭煲"",""焖"",""家常菜"",""鸡"",""三黄鸡""]","[""1"",""2"",""3"",""11"",""24"",""33"",""143""]"
49936,青椒土豆鸡腿肉,青椒土豆鸡腿肉（简易版黄焖鸡）,,,2个鸡腿，2个土豆，2个青椒，3-5朵香菇，4瓣蒜，2段葱段，5片姜，适量红花椒，1-2片香叶，1个八角，适量小茴香，2个干辣椒，适量酱油，适量盐，适量鸡精，1小勺耗油，适量油,"1. 土豆去皮切块
记得用清水再洗一下，除去土豆中的淀粉
2. 青椒去蒂去芯切块
3. 图片来自网络
香菇洗净，切块或者在香菇表面切十字刀。
我不太喜欢香菇所以没放
4. 葱段、蒜瓣都用刀拍一下。姜切片，干辣椒切段，红花椒（家里没有，本次用青花椒替代）、一撮小茴香、一个八角、两片香叶（图上没有，忘记一起装盘拍照了），然后装盘放着一会用
5. 鸡腿洗净剁块
剁的时候注意安全
6. 鸡腿块焯水(冷水下锅，放一片姜)
7. ①锅中倒油加热。
②倒入步骤4准备好的食材。
③炒出香味后加一小勺蚝油、两三勺酱油，翻炒几下就倒入鸡腿、香菇和土豆，继续翻炒20秒左右，加水没过食材，盖上锅盖。
④汤汁差不多少了一半多的样子就可以揭开锅盖倒入青椒。加酱油、盐、鸡精(这三样调味品根据自己的口味来加）再煮一会就可以吃啦😋",17,6,7,862.0,704.5,61.48,19.18,77.61,8.73,59.4,7.22,216.9,41.18,100.0,0,10,7,0,legacy,"[""家常菜"",""快手菜"",""焖"",""主食""]","[""2"",""3"",""11"",""12"",""23"",""24"",""589""]"
50025,清爽番茄豆腐汤,清爽番茄豆腐汤（快手营养，清爽减肥）,今天做饭才发现没有特意准备做汤的食材，看看冰箱里有个番茄和一小块老豆腐就做了番茄豆腐汤，老公儿子吃饭不能没汤，麻烦啊。不过这汤清爽开胃又营养，喝起来对身体也是很有益。,,1个西红柿，1小块豆腐，少量油，适量水，1勺盐，几滴麻油（香油）,"1. 番茄和豆腐洗干净。
2. 番茄切块，豆腐切小块。
3. 锅烧热加油。
4. 油热后放番茄翻炒几下。
5. 这样就能加水了。
6. 加水开大火煮开。我换了个汤锅，也可以就在炒锅里煮汤。
7. 煮开后放豆腐再煮开。
8. 然后加盐。
9. 加好盐开小火煮一分钟关火，倒几滴麻油就好了。
10. 清清爽爽的，适合夏天喝，补充营养又开胃。",6,1,1,500.0,351.0,27.3,21.4,16.9,0.0,316.0,5.0,32.1,33.33,100.0,0,3,3,0,legacy,"[""汤羹"",""家常菜"",""快手"",""素菜"",""蔬菜"",""清爽"",""汤"",""营养""]","[""14""]"
50292,正宗潮汕砂锅粥,正宗潮汕砂锅粥,婆婆是潮汕人，做的砂锅粥特别好吃，作为潮汕媳妇，我当然也要学做！记录一下配料和制作方法～,,20只虾，1杯米，2根香菜，2根葱，1勺盐，2勺生抽，一点点蚝油,"1. 虾去头，香菜/姜葱蒜切碎
2. 一杯大米➕半锅水煮开后转小火熬粥
3. 熬粥的时候可以同时炒虾啦！1⃣️锅中放油，放入虾头，小火炒5分钟，炒到焦香后捞出虾头丢弃，留下虾油即可。
4. 2⃣️在虾油中放入蒜末炒香，加入虾身炒制变色即可捞出备用
5. 这个时候，粥大概小火熬20-30分钟就浓稠了
6. 加入炒好的虾，搅拌均匀
7. 加入香菜和葱，搅拌好了均匀
8. 加入生抽，盐，蚝油搅拌均匀，水开了就可以出锅啦
9. 完成
10. 细节图，香！",7,4,4,90.0,185.0,4.63,0.61,40.82,0.82,38.6,1.39,12.7,42.86,100.0,0,6,1,0,legacy,"[""粥"",""砂锅"",""家常菜""]","[""1"",""9"",""20"",""590""]"
50707,新手～炖牛腩,新手～炖牛腩,"新手第一次做牛腩，成功了，感觉很有成就感，激动地分享了
南方人的口味，喜欢辣的可以多加辣椒或花椒",,250克牛腩，5+5片姜，一小截大葱，4瓣蒜，1个辣椒，3片香叶，2块桂皮，1个八角，2勺豆瓣酱，10g老抽，40g生抽，75+75料酒，1.5勺白糖，若干克食用油,"1. 250g牛腩洗净切块，放进冷水泡30分钟，泡完再冲洗两次，沥干备用
2. 大葱、蒜头、姜、辣椒切好备用
香叶八角桂皮洗净备用
3. 干炒锅，开火前下油下糖，开小火慢慢煮，要不断搅拌以免粘锅，可以随时观察糖的变化
4. 煮至糖一融化，迅速关火，锅有余温继续搅拌，降低升温的速度，以免过火
5. 砂锅，半锅凉水水，4-5片姜片，75g料酒，放入沥干的牛腩，开火，随着水温上升血水会出来，不断将血水捞出，水沸腾时会越来越多泡沫，这时要将火关小，不然会溢出来
6. 差不多就可以关火了
7. 牛肉捞出沥干，放入油糖炒锅，开大火炒，糖硬了没关系，温度上来会融化，要注意不让糖变焦就可以了，等糖和牛腩翻炒均匀
8. 开大火，糖硬了没关系，温度上来会融化，要注意不让糖变焦就可以了，糖和牛腩翻炒均匀
9. 放入姜、葱、蒜、辣椒香叶八角桂皮、豆瓣酱爆香，倒进生抽老抽翻炒
倒进剩余料酒，烧至收汁，一定要收完汁！！
再舀一勺煮过牛腩的汤水继续烧至无水
然后全部放入刚刚烫了牛腩的砂锅中，用烫过牛腩的水继续烧，小火，烧两个小时，中途注意观察水够不够，不够的话，要加热水，不可以加冷水，烧至你喜欢的口感，我是烧至肉烂为止
10. 这是最后煮好的图，没有加滤镜，味道真的很好！两人份，新手第一次做，成功了，超有成就感，原菜谱来自@我脑公全世界最帅的分享，我在她的量中调料全部减半，她的更详细，有很多细节，可以移步参考哦！在此特别鸣谢她的分享啦～",14,4,5,330.0,451.6,51.68,22.11,12.67,1.94,38.5,5.58,170.6,35.71,100.0,3,8,3,0,legacy,"[""家常菜"",""下饭菜""]","[""2"",""3"",""8"",""17"",""82""]"
51025,香辣肉丝,香辣肉丝,,,300克里脊，5个干辣椒，5根香菜，10克盐，1勺生抽，10克鱼肉鲜，葱蒜,"1. 锅里放油，下葱姜干辣椒爆香
2. 下肉丝翻炒
3. 肉丝炒到五分熟后加鱼肉鲜调味料，有鱼肉鲜调味料就不用加其他的调味料了，独特香味儿特别好吃
4. 加一点酱油调一下菜的咸淡，根据自己的口味来调
5. 最后下切好的香菜，下入香菜后大火翻炒五秒钟左右就可以出锅了",7,4,5,355.0,481.2,60.45,24.5,5.73,2.69,69.1,6.25,154.0,57.14,100.0,3,3,1,0,legacy,"[""辣"",""家常菜"",""下饭菜""]","[""1"",""2"",""4"",""9"",""37""]"
51116,菠萝彩椒滑鸡片,菠萝彩椒滑鸡片,,,高汤精，鸡胸肉，菠萝，青红椒，胡萝卜，玉米粒，豌豆粒，番茄，蒜末，生抽，盐，糖，蛋清，生粉,"1. 鸡胸肉切片，用蛋清、盐、生粉、料酒和少许油抓匀后腌20分钟左右
2. 番茄去皮切成小碎块，青红彩椒切块备用，菠萝用盐水浸泡
3. 杂蔬粒（我用：胡萝卜、玉米粒、豌豆粒）用沸水烫熟
4. 锅内油温5成热时放入鸡片滑至鸡片变色断生，盛出备用
5. 锅内再重新倒油，放入蒜末煸香，加入番茄碎块炒出红油
6. 加入杂蔬粒、青红彩椒片翻炒片刻，倒入菠萝块和鸡片一起煸炒
7. 用生抽、盐、糖、高汤精调味后即可装盘",14,8,9,0.0,0,0,0,0,0,0,0,0,57.14,0.0,0,0,14,0,legacy,"[""家常菜"",""快手菜""]","[""2"",""6"",""11"",""14"",""15"",""24"",""49"",""52"",""67""]"
51139,棒棒鸡丝,棒棒鸡丝,"简单又超鸡好吃的~~~
时长：20分钟左右；难度：没难度啊；份量：2人份
极其推荐的一道川味凉菜，秘制凉拌汁让干柴的鸡胸肉味美质嫩，咸鲜麻辣、微酸甜均备，让人停不下筷！！！",,200克鸡胸肉，50克葱白，20克姜，10克葱，15克芝麻酱，20克味极鲜酱油，30克辣椒油，10克芝麻油，20克陈醋，4克熟芝麻，1克鸡粉，2克盐，15克白糖，2克花椒粉,"1. 准备鸡胸肉200克、葱白50克、姜片20克、葱段10克。味料：味极鲜酱油20克、辣椒油30克、芝麻油10克、陈醋20克、芝麻酱15克、熟芝麻4克、鸡粉1克、盐2克、白糖15克、花椒粉2克。
2. 锅中放合适的水，鸡胸肉切成每块约100克大小，烧开后放入葱姜和鸡胸肉， 中火定时10分钟煮熟捞起。这里要十分注意火候，直接关系到鸡肉丝的最终口感！
3. 鸡块凉后，撕成丝
4. 葱白切细葱丝
5. 芝麻酱用少许热水匀开，加入其他味料，
搅匀成凉拌汁。
6. 盘子底部垫上京葱丝，放上鸡丝，淋上凉拌汁拌匀",14,3,4,284.0,261.4,50.42,4.16,6.2,1.38,50.6,3.06,98.8,35.71,100.0,14,0,0,0,legacy,"[""快手菜"",""川渝小吃"",""家常菜""]","[""1"",""3"",""15"",""24""]"
51150,炖炒豆腐香菇小白菜,炖炒豆腐香菇小白菜（勾氏私房菜）,豆腐不易入味，这种做法，让豆腐十分好吃。,,1块北豆腐，6个香菇，1把小白菜，少许葱姜末十三香，20克油，1:1生抽：蚝油，1克盐,"1. 豆腐切大片，香菇切四瓣，小白菜焯水切段。
2. 不粘锅放油，下豆腐煎到两面微黄。（豆腐切大片是为了这时翻面省事）在豆腐上稍微撒一点盐。
3. 豆腐煎好盛出，用锅里的底油爆香葱姜，下香菇翻炒均匀，倒入少许热水。
4. 下入豆腐，放生抽，盖盖中火炖一下。
5. 待汤汁基本收干，用铲子把大片的豆腐铲成两半（方便夹取），下小白菜、蚝油翻炒均匀即可。",6,2,2,1130.0,232.7,18.83,2.44,40.24,12.96,574.2,8.45,691.0,50.0,100.0,2,3,1,0,legacy,"[""炖"",""炒"",""私房菜"",""素菜"",""家常菜""]","[""23"",""29""]"
51547,爆炒鸡心,爆炒鸡心,饭要用心做，毕竟是做给自己吃的！,,200克鸡心，1个青椒，适量洋葱，1个小米椒，适量姜、蒜，适量料酒，1勺蚝油，适量黑胡椒盐，适量孜然，2勺生抽，1勺老抽，适量白糖，适量盐,"1. 准备主要食材，我用的是小洋葱，如果是普通的洋葱，少半个就够了！
2. 鸡心对半切开，去掉多余油脂，清洗干净，用厨房用纸吸干表面水分！加料酒、生抽、蚝油、黑胡椒盐腌制10分钟！
3. 处理一下配菜！
4. 锅中稍微多放一些油，油烧热后，放入鸡心大火炒至变色，捞出备用！
5. 锅中放少许底油，油热后先放姜蒜、小米椒爆香，然后放入青椒和洋葱，加少许白糖和盐煸炒1分钟左右！放入鸡心，沿锅边淋入一圈料酒，加一勺生抽，一勺老抽，少许盐，大火爆炒30秒，放适量孜然，翻炒均匀即可！
6. 解馋又下饭！",12,4,4,380.0,423.6,36.54,24.24,23.06,11.8,145.8,10.24,233.9,33.33,100.0,1,5,6,0,legacy,"[""家常菜"",""孜然"",""下饭菜"",""鸡心"",""辣炒""]","[""5"",""11"",""18"",""367""]"
51676,麻辣鲜香开胃下饭家常小炒回锅肉,麻辣鲜香开胃下饭家常小炒回锅肉,麻辣鲜香，老公最爱，家常做法，好吃到飞起,,300克五花肉，2片姜片，1个洋葱，1个青椒，10粒花椒，1勺豆瓣酱，1勺生抽，1个红椒，2勺料酒，1勺糖，1勺老抽，1勺米醋，1勺蚝油，小半根胡萝卜,"1. 准备好所有材料
2. 五花肉冷水下锅，加姜片料酒煮
3. 炖煮到五花肉用筷子能轻松戳通就可以
4. 洋葱青红椒胡萝卜切丝
5. 五花肉切片
6. 油热下入花椒炒香捞出
7. 豆瓣酱炒出红油
8. 下入五花肉翻炒，一勺料酒去腥，然后盛出备用
9. 胡萝卜炒香
10. 下入各种配菜翻炒
11. 下入五花肉翻炒，一勺生抽
12. 一勺老抽
13. 一勺蚝油
14. 一勺米醋翻拌均匀
15. 起锅前一勺白糖提鲜
16. 出锅撒上香菜
17. 请你吃
18. 来一块
19. 美味
20. 鲜香下饭",14,6,7,686.0,1101.4,48.4,91.06,24.59,2.44,86.3,5.86,227.8,42.86,100.0,1,13,0,0,legacy,"[""下饭菜"",""家常菜"",""大鱼大肉""]","[""3"",""4"",""5"",""6"",""10"",""11"",""49""]"
51927,东北炖豆角,东北炖豆角,油豆角是一个东北人的底线，北京的扁豆怎么做也做不出东北味，为了找油豆角跑了好多地方终于在几公里外的早市让我发现了，马上搬回家炖起来～,,800克油豆角，2个土豆，200克五花肉，15粒花椒，2个八角，0.5根肉桂，2片香叶，5个干辣椒，3瓣大蒜，2段大葱，2片姜，3勺酱油，2勺老抽，2勺料酒,"1. 准备好需要的香料，土豆切块、五花肉切块备用
2. 热锅凉油下冰糖炒出糖色后下入五花肉翻炒上色
3. 下入油豆角翻炒至豆角煸软，把水分炒出来
4. 撒适量的十三香、花椒粉，下入土豆翻炒均匀，倒入与菜持平的开水，加老抽调色，适量的酱油和料酒和准备好的香料做基础味，盖盖炖煮三十分钟
5. 炖到豆角软烂土豆用筷子扎一下就透，加入盐和鸡精调味，大火收汁即可。
6. 超级无敌下饭的炖豆角就做好啦～",14,5,6,1386.0,1146.3,58.83,63.93,93.02,18.78,595.8,19.7,163.2,50.0,100.0,2,11,1,0,legacy,"[""下饭菜"",""家常菜""]","[""2"",""3"",""4"",""10"",""12"",""460""]"
52531,鲍鱼焖鸡学做之笔记,鲍鱼焖鸡学做之笔记,借鉴别人的经验学做并记录,,5只鲍鱼，半只鸡（斩块），适量冬菇，适量盐，适量生抽，适量酒，适量淀粉，适量芝麻油，适量花生油，适量姜，适量蒜，适量蚝油，适量糖，适量葱,"1. 1、鸡清洗干净，加入适量的盐、生抽、酒、淀粉、芝麻油拌匀腌制15分钟。
（注意⚠️由于焖煮鲍鱼鸡时还要加耗油，老抽等，所以腌鸡时不要放太咸）

2、冬菇洗净泡软。

3、准备好姜片、蒜头、葱白段与葱段。

2. 清洗鲍鱼及𠝹花纹：
将鲍鱼内脏去掉，清洗干净，沥干水分后划十字花刀备用。

3. 焖煮：

1、锅热油，放入鲍鱼煎至两面金黄色后盛出备用。

2、锅热油，倒入已腌好的鸡用中火煎至两面金黄色后转大火加入姜蒜与葱白段爆炒出香味，加入冬菇，翻炒均匀后加入适量的耗油、糖，酒、少许老抽（上色）翻炒均匀，加入一碗水，加盖焖5～6分钟。

3、再加入鲍鱼焖3分钟，然后倒入砂锅中，加芝麻油焖2分钟，然后加入酒再焖2分钟关火便可。

",14,6,6,500.0,420.0,63.0,4.0,33.0,0.0,1330.0,113.0,10058.5,42.86,100.0,0,2,12,0,legacy,"[""焖"",""家常菜"",""下饭菜"",""宴客菜"",""鲍鱼鸡""]","[""1"",""2"",""3"",""24"",""198"",""269""]"
52828,柠檬百香果凉拌虾,柠檬百香果凉拌虾（改良版）,告别香葱和香菜，柠檬百香果青红椒酸辣爽口，搭配薄荷解暑，夏天必备凉菜,,800克大虾，3个百香果，1个鲜柠檬，适量食用薄荷，半个洋葱，5个小米辣，3根杭椒，6瓣大蒜，2片姜片，2勺料酒，2.5勺生抽，5勺醋，1勺香油，2茶匙绵白糖，1勺柠檬汁,"1. 大虾洗净后去头去虾线包出虾仁，洋葱，薄荷和大蒜切末，柠檬去籽切片，小米椒和杭椒切小段，百香果备用
2. 锅中烧水，水开后倒入虾仁，姜片和料酒，虾仁焯熟后捞出过冷水后沥干
3. 碗中均匀铺上洋葱抹垫底
4. 再依次均匀铺上虾仁，薄荷和柠檬片
5. 挖出百香果后倒在最上面
6. 碗中倒入盐，生抽，白糖，醋，柠檬汁和香油，搅拌均匀备用
7. 碗中倒入蒜末，小米椒和杭椒段后均匀淋入调好的料汁，再淋入一勺热油
8. 搅拌均匀后包上保鲜膜后放入冰箱冷藏2小时后食用即可
9. 酸辣美味，解暑清凉，必备夏季下饭凉菜",15,8,9,1741.0,795.8,150.38,3.51,40.68,1.44,322.0,24.23,1682.0,53.33,100.0,1,13,1,0,legacy,"[""凉菜"",""快手菜"",""下饭菜""]","[""2"",""3"",""5"",""22"",""91"",""120"",""123"",""234"",""590""]"
52872,地道新疆大盘鸡,地道新疆大盘鸡,在一个纳达尔球迷群里，看到群友发的大盘鸡图片，突然就很想吃，然后问了一下那个群友，然后就做起来吃了。😍,,半只鸡，4勺料酒，2个土豆，1个洋葱，2-3勺辣椒酱，1勺酱油，1勺老抽，1-2勺生抽，6瓣蒜，5-6片姜，4个干辣椒，6个线椒，1-2个青椒，20-30粒花椒，5片香叶，1-2个八角，15克盐，120-150克面粉,"1. 先把鸡肉清洗干净，有毛的记得清理掉。
2. 起锅放水，水沸腾时，再倒入鸡块今晚焯水，去掉白色的泡沫，再给鸡块清洗。
3. 加料酒和姜蒜进行腌制俩个小时左右。
4. 在腌制的时间段，准备配料。
1、姜蒜切好
2、青椒切圈
3、线椒切圈
4、土豆切大块，放入清水里去除淀粉
5、洋葱切大块
6、干辣椒清洗
5. 这个时候也可以和面【和面就不要吐槽我了😂】
面粉到碗里，加少量盐，加温水进行搅拌，揉之20分钟左右，时间久点，面筋道。
揉好后放一旁进行发酵。
6. 发酵30-40分钟后，再给揉之面团，揉成长方形，切成丁块，再用擀面棒进行擀面，我喜欢在中间压一条。再刷油，再进行二次发酵。
7. 起锅热油，放入姜蒜，等出香味，倒入腌制好的鸡块，放盐进行翻炒【我喜欢在这个时候放盐，鸡块比较入味】，到金黄时，加入湘妹子辣椒酱【这个辣椒做小龙虾是一道秘制佐料】，再进行翻炒片刻，倒入清水，盖住鸡块即可。
8. 加入八角和香叶、花椒，大火煮。
9. 看鸡块软没，软了放入土豆。
再加入干辣椒进行烧煮。
10. 这个时候可以进行扯面，然后烧煮，水里面加点食盐，增加面的筋道。
看变了颜色就差不多了。
11. 加入食盐，生抽，老抽，酱油进行翻炒，时间快出锅了，放入线椒和青椒、洋葱。
再放入煮好的宽面，尝试下口味，加点食盐，几分钟即可出锅。
12. 最后出锅装盘，一道风味可口的新疆大盘鸡呈现出面前。",18,7,7,1442.0,949.0,31.9,4.76,201.7,9.14,141.7,5.95,69.8,44.44,100.0,2,16,0,0,legacy,"[""家常菜"",""下酒菜"",""下饭菜"",""新疆菜""]","[""2"",""3"",""5"",""11"",""12"",""24"",""201""]"
53181,莴笋胡萝卜烩蛋,莴笋胡萝卜烩蛋,颜色很好看味道很清爽又很鲜美！,,一根莴笋，两个鸡蛋，一根胡萝卜，一些盐，一些虾皮,"1. 胡萝卜莴笋切片
2. 鸡蛋加一点盐打碎
3. 锅放一点点油烧热
4. 煎蛋
5. 盛出来蛋
6. 炒胡萝卜莴笋
7. 加虾皮和盐调味
8. 放入蛋盛出",5,3,3,520.0,230.8,17.3,9.14,21.36,3.12,163.4,5.5,326.7,80.0,100.0,0,3,2,0,legacy,"[""快手菜"",""家常菜"",""鸡蛋"",""素菜""]","[""6"",""7"",""145""]"
53685,烤火鸡腿及多汁焖三菇,烤火鸡腿及多汁焖三菇,今日做了几次烤火鸡腿，都受到了大大的好评。所以发出来做个repo.一次是圣诞节原味的烤火鸡腿，一次是春节的多籽烤火鸡腿。,,一只火鸡腿，适量香菇，适量杏鲍菇，适量香菇，一只洋葱，适量青红辣椒，适量百里香，适量海盐，适量黑胡椒，适量白胡椒，适量洋葱粉，适量红葱粉，适量辣椒，半盒韩式辣椒酱，少许蜂蜜,"1. 原味的火鸡腿不用腌制，可以买超市里面现成的。我是买来自己稍微用卤汁和蜂蜜卤了一下。
2. 多籽的味道更好。多籽是指黑胡椒籽，白胡椒籽，海盐，红葱碎，洋葱粉以及poppy sead，还可以加一点点辣椒。火鸡腿上刷上一层蜂蜜，然后均匀的将多籽调料按摩在鸡腿上，可以多按摩一下入味。然后放进保鲜袋里面冷藏过夜，或24小时更加入味。
3. 三菇切大块，洋葱切大块。加任何你喜欢的蔬菜，加入自制辣酱腌制，冷藏24小时入味。我是用韩国辣酱加蚝油，生抽，海盐，黑胡椒，百里香碎以及自制辣椒酱调配的酱汁腌制的，可以按照自己喜欢的口味来。
4. 腌制好啦，闻着香香的。
5. 三菇也蛮含汁水啦。可以开始烤啦。
6. 烤箱提前预热。火鸡腿和三菇都用锡纸包裹好。200度，烤30分钟，然后180度，再烤30分钟。
7. 可以开吃咯。烤过的食物都很嫩，很好吃呢。满满的年味。
8. 香喷喷。
9.  

原味的也很好吃。
10. 圣诞节的大餐。那天的蔬菜更加丰富一点。加了青红椒和南瓜，土豆等等。
11. 多籽的重口味一点。满满的多籽香味。
12. jiang～～～啃完啦。完美。
",14,7,7,250.0,160.0,18.35,1.0,20.1,1.35,53.0,2.1,1077.6,50.0,100.0,0,3,11,0,legacy,[],"[""5"",""11"",""17"",""23"",""50"",""83"",""493""]"
53988,慢慢炖牛腩,慢慢炖牛腩,"两个月前我做了一次炖牛腩，
结果很不理想。由于锅具限制，
炖了2个小时依然很塞牙。
感觉心也很塞。

于是赶着618果断下单了一个高压锅！
接着，
我就打开了新世界的大门。

今天认认真真的发一篇正确的炖牛腩！
使用正确的厨房用具真的让你事半功倍～

一定要试试看！
欢迎来我的公众号：到kilo的碗里来",,500克牛腩，1-2个西红柿，1根胡萝卜，1个土豆，3片姜，1段葱，适量花椒，4勺生抽，1勺老抽，一小把冰糖，20克黄油，4勺料酒，2勺蚝油，（最后放适量）盐，装饰用淡奶油，装饰香芹叶,"1. 牛肉泡水2小时，冲洗几次除去血水
2. 冷水下锅焯水～然后把牛肉捞出来备用。（同时高压锅里接小半锅水烧热备用。不要烧开，半开状态即可）
3. 接着重新热锅，加入黄油，葱段姜片花椒炒香。
4. 放入焯好的牛肉炒香
5. 加入冰糖一小把，料酒4勺，生抽4勺老抽1勺继续翻炒到牛肉上色匀。
6. 接着把牛肉直接倒入高压锅里烧好的热水里。
7. 搅搅均匀。盖上盖子压20-30分钟。保证软烂的话30分钟。
8. 期间把西红柿、胡萝卜和土豆切好。
9. 牛肉压好了！小伙伴们使用高压锅时候一定要注意安全！一定要等气都干净再开盖
10. 拿新锅，倒稍微多一点点油（多一点油炒西红柿会很香）
11. 放入西红柿翻炒、多炒一会，让西红柿尽可能炒成泥
12. 加入土豆和胡萝卜炒匀
13. 把牛肉和肉汤一起倒进来～继续焖煮20分钟以上，直到土豆软烂
14. 炖20-30分钟后汤汁开始变得浓稠、加入2勺蚝油，翻炒均匀收汤即可。
15. 出锅前根据口味加盐调整即可！出锅后倒上适量的淡奶油做装饰，也能增加浓郁风味～再撒上一点香芹叶子，非常清香！",16,5,6,994.0,1009.3,107.21,44.58,48.83,3.62,88.4,11.54,438.0,31.25,100.0,2,9,5,0,legacy,"[""家常菜"",""下饭菜"",""大鱼大肉"",""高压锅"",""西式""]","[""3"",""6"",""8"",""12"",""14"",""82""]"
54071,炒什锦蚕豆,炒什锦蚕豆,色泽鲜艳，清淡适口。可根据自己的喜好选择其他素菜拌炒。,,200克蚕豆，25克胡萝卜，25克荸荠，25克黄瓜，25克土豆，25克水发木耳，25克豆腐干，1棵香葱，1小块生姜，适量淀粉，30克食用油，适量高汤，2小匙料酒，0.5小匙精盐，1小匙白糖，0.5小匙味精,"1. 将蚕豆洗净；胡萝卜、荸荠、黄瓜、土豆、豆腐干切丁；木耳撕片，放入沸水中略焯，然后用凉水冲一下；葱、姜切末
2. 锅内倒油，油热后放葱姜末煸炒出香味，再放入蚕豆及各种原料同炒，然后加料酒、精盐、味精、白糖及高汤，烧开后用水淀粉勾芡即可",16,7,7,368.0,326.9,22.99,3.91,53.64,7.51,169.9,9.64,117.0,62.5,92.86,8,5,2,0,legacy,"[""家常菜"",""快手菜""]","[""1"",""3"",""6"",""12"",""19"",""284"",""302""]"
54218,苦瓜炒肉,苦瓜炒肉,,,1个苦瓜，400克五花肉，1克盐，5块冰糖，3段葱，2片姜，3瓣蒜，3个干辣椒，适量香料，10克料酒，10克生抽，1克老抽，1克黑胡椒粉，1克花椒粉，1克十三香，10克蚝油,"1. 苦瓜1个，去瓤切片，用盐1g腌制5分钟。
2. 五花肉400g切片，葱3段、姜2片、蒜3辦切片，干红辣椒3个、香料适量。
3. 腌好的苦瓜，焯水1分钟（放入油、盐颜色更亮）。
4. 锅中放少许油，五花肉煸炒至微黄（怕有腥味也可以用冷水放入葱姜蒜花椒料酒焯熟）捞出。油中放入冰糖5块，冰糖变成棕红色，转小火，下入熟五花肉，上色。
5. 放入葱、姜、蒜、辣椒、香料，略炒，依次放入料酒10g、生抽10g、老抽1g、黑胡椒粉1g、花椒粉1g、十三香1g（动作要快，如果怕来不及也可以提前调成调料汁一次性倒入），炒出香味。
6. 加入开水，没过五花肉，大火烧开，小火顿煮。
7. 汤汁快干时，下入焯好的苦瓜，转大火，放入蚝油5g，爆炒后出锅。",16,4,5,684.0,1414.4,64.23,121.14,19.62,5.35,69.5,7.53,238.9,31.25,100.0,9,5,2,0,legacy,"[""家常菜"",""便当"",""快手菜"",""苦瓜"",""五花肉""]","[""2"",""3"",""4"",""10"",""265""]"
54557,20分钟搞定海鲜粥,20分钟搞定海鲜粥,海鲜粥中我最喜欢螃蟹的鲜味，一家三口两只中等螃蟹就够了，如果有虾和扇贝丁也不妨放几个，味道会更丰富。经我多次实验，大米加了藜麦后软烂的会很快。,,一把藜麦，一把杯大米，2只螃蟹，几只（可以不放）虾，几只（可以不放）扇贝丁，一小把芹菜，姜，料酒，盐，酱油，鸡精，胡椒面调料,"1. 一把大米，一把藜麦，分量各半，加适量的水，高压锅上气后五分钟关火。水要多一些，粥不能熬稠了。
2. 海鲜提前收拾干净，螃蟹要用刷子刷干净表面，打开盖儿，去掉两边的腮，用刀劈开，放入料酒、酱油、盐、胡椒面、姜腌制十分钟（海鲜是寒性，所以姜要多放一些）。高压锅放气后把腌制好的海鲜倒入锅中，继续煮三五分钟，想配青菜的，比如芹菜，西兰花等，可以这时候加，开锅半分钟后调味，酱油，盐，胡椒面、鸡精少许。
3. 尝尝是不是很美味？",7,7,7,460.0,705.3,19.09,4.47,146.56,4.75,33.5,3.47,103.0,85.71,100.0,0,4,3,0,legacy,"[""早餐"",""家常菜"",""快手菜""]","[""3"",""20"",""27"",""144"",""161"",""292"",""590""]"
54617,西昌早粉-红烧牛肉粉,西昌早粉-红烧牛肉粉,自大学到北京之后就再也没在平日里吃到西昌的活力红烧牛肉早粉了，但我可不会因此妥协，自己必须要做起来！,,800克牛肉（可选牛腩+牛腱子），随意米粉，2把金针菇，2-3勺郫县豆瓣，1-2个八角，2-3片香叶，1块桂皮，适量茴香粒，20粒花椒，8-10片姜，4-5瓣大蒜，半个洋葱，10个干辣椒，适量料酒，4根香菜，3-4勺蚝油，根据自己口味添加盐+鸡精,"1. 【先去血水】冲洗牛肉，整块或切块冷水下锅，加洋葱姜料酒，等水开后关火将牛肉捞出
2. 【炒牛肉阶段】花生油烧热，将两勺-三勺郫县豆瓣下锅炒香，下入葱姜蒜干辣椒，继续爆香。可以加一点点白糖
3. 来，倒入我们切好的牛肉粒！逐步加入料酒、老抽（一扣扣）、蚝油，继续翻炒爆香
4. 今日突发奇想加了四根线椒进去，妄想会有一丝青椒味，中小火持续翻炒，炒到牛肉出现焦黄感且散发浓郁香味时我们就来到下一阶段
5. 【炖煮】加水，水的量自由把控，我是先加水淹没过肉
6. 加入事先准备好的精致的香料包，香料包内容：花椒、香叶、八角、桂皮、茴香粒（其实我是从我妈给我准备的各种香料里面胡乱配了几样丢进去，如果香料包大神觉得不妥，求教学！）
7. 为了快速吃到我选择了高压锅，如果你不着急可以慢慢炖煮～直至牛肉煸软就好
8. 可以加入你喜欢的配菜～我比较喜欢加的有：菇类（平菇金针菇）、笋（冬笋春笋罗汉笋干笋）
9. 【发米粉】米粉是妈妈从家里寄过来的～
10. 冷水温水反复几遍之后就软了
11. 【汤底佐料】小米辣蒜姜打碎备用、香菜洗净切碎
12. 【下饭小菜】泡儿菜安排起来
13. 准备就绪，开始最后的步骤
14. 【红烧牛肉粉汤底】切好的姜蒜小米辣按口味添加，我还加了蚝油少许，花椒面少许，海鲜酱油少许，醋少许
15. 【红烧牛肉出锅】哇～（香料包有点尴尬）
16. 【煮粉】水开下粉，根据个人喜爱粉的软硬程度弄好之后捞到碗里即可
17. 【加料】赶紧把喜欢吃的汤肉菜统统加到粉里去！
18. 撒上香菜完成✅！（当然你还可以加上葱）",17,6,6,1260.0,1485.5,170.01,72.44,45.64,13.16,130.9,20.83,561.3,52.94,100.0,1,12,4,0,legacy,"[""红烧"",""家常菜"",""面条"",""米粉""]","[""2"",""3"",""5"",""8"",""9"",""46""]"
54942,烧烤BBQ,家庭版烧烤BBQ,家里如果在2020年的365天都是健康食品，那么请在2020年的第366天做一个家庭版的BBQ烧烤吧！,,2个鸡翅，3块亚太鱼豆腐，2根万威克黑椒肠，适量韭菜，适量娃娃菜，适量金针菇，1个茄子，3个蒜头，2片紫苏，1根香芹，3勺香油，2勺酱油，1勺蚝油，1.5勺自制蒜蓉辣椒酱，1勺糖，1.5勺盐，5片小辣椒圈,"1. 将蔬菜洗干净、沥干水分，肉类拿出来解冻，在托盘上铺两层锡纸，涂一层油，摆盘。
2. 制作酱料。酱料分量要与食材分量相适应。佐料有蒜蓉（3个）、紫苏（2片）、香芹（1条）、小辣椒圈（5片），调味料有花生油（3勺）、一品鲜酱油（2勺）、蚝油（1勺）、盐（1.5小勺）、糖（1小勺）、自制蒜蓉辣椒酱（1.5勺）。混合搅拌，根据自己的口味灵活调整。
3. 刷酱。蔬菜本身没有味道，所以要多加酱。蔬菜也要多刷油，防止变干。
4. 放进烤箱。烤箱180度预热5分钟。放进食物后上下管180度烤25分钟即可。
5. 成功啦！超级无敌好吃！酱汁并没有变干，也不会咸。非常适合我对口感的要求。比外面烧烤摊的好吃百倍！",17,8,9,890.0,643.5,35.25,12.6,100.55,6.55,185.0,5.75,123.1,52.94,100.0,0,14,3,0,legacy,"[""烤箱菜"",""家常菜"",""快手菜""]","[""2"",""24"",""46"",""48"",""70"",""71"",""106"",""110"",""164""]"
55562,台式三杯鸡,台式三杯鸡,"三杯鸡这道菜品最早起源于江西，因在烹制鸡肉时在其中加入一杯米酒，一杯大油（猪油），一杯酱油因此得名三杯鸡。后来传入台湾，根据当地口味在烹制时将猪油换成了植物油，并在其中加入了一味特殊的调料九层塔（罗勒），罗勒是于西餐烹饪中经常添加使用的一种香料，加入后使成菜增加了一种独特的香味。在台湾，除了用于三杯鸡的烹制，还在烹制海鲜和一些家常炒菜中广泛使用。
台式三杯鸡成菜色泽红亮，口感甜咸鲜香，让你吃起来欲罢不能，是道极好的下酒下饭佳肴。",,半个黄彩椒，30ml胡麻油，100ml台湾米酒，500g鸡腿，1个红辣椒，7-9瓣大蒜，4-5头干葱，10片姜，2-3段大葱，1小把罗勒，30ml香油，50ml酱油，20g冰糖，少许芝麻,"1. 鸡腿洗净剁成大块
2. 干葱对半切开，姜切片，大葱切段，辣椒彩椒切块，大蒜罗勒洗净备用
3. 锅内烧水，烧至80度左右的时候放入剁好的鸡腿，焯烫至鸡块变色后捞出沥干
4. 香油和胡麻油倒入锅中加热至五成热，下入葱，姜，蒜，干葱煸炒
5. 至锅内材料微微发干且出香味后下入焯好的鸡块稍稍煸炒一下
6. 倒入台湾米酒，酱油，冰糖，盖上锅盖中火炖至汤汁粘稠
7. 下入彩椒和罗勒拌匀
8. 炒好的三杯鸡倒入烧热的砂锅中，表面撒少许芝麻制作完成",14,7,8,925.0,824.4,104.07,36.57,20.66,2.66,39.2,10.66,388.7,57.14,91.67,6,5,2,0,legacy,"[""家常菜"",""下饭菜""]","[""2"",""3"",""24"",""26"",""50"",""51"",""300"",""589""]"
55958,番茄豆腐巴沙鱼,番茄豆腐巴沙鱼，这哪里是减脂食谱简直是下饭神器,以前老妈总买巴沙鱼，切成块炒着吃，真心不觉得好吃，后来看大家都用🍅番茄做，也试着做了一下，真的真的好吃，每次做都一扫而光，有的里面加金针菇有的加蘑菇，我最爱的就是加嫩豆腐（凉拌着吃的那种内酯豆腐），太太太好吃了，豆腐也嫩鱼也嫩，酸酸甜甜的，对我来说这根本不是什么减脂食谱，完全是无敌下饭啊。,,1条巴沙鱼，1个（选大一点的）西红柿，1盒内脂豆腐，1小段（切成末或丝）葱，2-3片（切成末或丝）姜，2-3瓣（切成末或丝）蒜，1勺（腌制龙利鱼）料酒，2-3克（腌制龙利鱼）白胡椒，1小勺（腌制龙利鱼）淀粉，1个（也可以不用）干辣椒，1-2勺番茄酱，1勺生抽，1小勺老抽，1小勺蚝油，适量盐,"1. 准备巴沙鱼1条
2. 内脂豆腐，也就是拌凉菜的嫩豆腐1盒
3. 巴沙鱼切片，放入1勺料酒
4. 1勺白胡椒
5. 1小勺淀粉
6. 搅拌均匀后腌制15分钟
7. 然后烧开水，下锅焯一下捞出备用，鱼很容易熟，变色捞出即可，也不用完全焯熟
8. 准备葱姜蒜，一根干辣椒，如果对葱姜不反感的话可以用丝，反感的话可以全部切成末，最后完全吃不出来。
9. 就像这样哈，辣椒可放可不放的
10. 锅中少许油，然后加入葱姜蒜辣椒，中小火爆香
11. 炒出香味后加入西红柿丁，建议西红柿去皮，表面划十字刀，开水烫一下，很容易去皮的
12. 西红柿丁炒软，出沙后，加一勺番茄酱
13. 一勺生抽
14. 半勺蚝油
15. 半勺老抽
16. 炒一下，更能出香味
17. 然后加入1-2碗水，喜欢喝汤或者拌饭的话可以加入2小碗水，这时候尝一下咸淡，淡的话可以加一点盐，还可以加入一点白胡椒
18. 加入焯好的巴沙鱼，大火咕嘟2-3分钟
19. 加入内脂豆腐，内脂豆腐直接切大块哈
20. 水的量差一点没过豆腐，足够了哈，不能再多啦。盖锅盖咕嘟一会儿，大概3-5分钟
21. 看锅里汤汁变得浓稠的时候，加入一点水淀粉，撒点葱花，就可以出锅啦
22. 酸酸甜甜的，特好吃，一口汤一口豆腐一口鱼，啧啧啧，完美
23. 开吃～～～～",15,4,4,255.0,65.7,2.05,0.52,14.74,1.23,17.1,0.81,16.4,46.67,100.0,1,12,2,0,legacy,"[""下饭菜"",""儿童"",""家常菜"",""下饭""]","[""2"",""3"",""14"",""178""]"
56018,鲜掉眉毛的鲍鱼鲜虾粥,鲜掉眉毛的鲍鱼鲜虾粥,冬天，来碗热乎乎的海鲜粥吧。这碗鲍鱼鲜虾粥做法简单，无敌鲜美。,,6-10只（具体随意）鲍鱼，12-15只（具体随意）鲜虾，1杯（蒸米饭那个量杯）大米，4-5朵鲜香菇，1小把小香芹，少许姜末，少许料酒，少许白胡椒，少许（2勺）蒸鱼豉油，1小勺盐,"1. 准备所有食材。大米提前泡2小时左右。鲍鱼清洗干净，去除内脏，切成小段，用少许料酒抓匀腌制15分钟。虾去虾线去头去皮，处理干净，虾仁也用料酒腌制15分钟。鲜香菇切成小丁，香芹切成小丁备用。
2. 把虾头炸一下，熬粥的时候可以放一些虾油进去。图片里的虾油量比较多，实际就用了一半哈，一半足够了。剩下的虾油可以炒菜。炸好的虾头放点盐和黑胡椒碎，超级香
3. 开始煮大米粥，放些虾油进去，把香菇放进去。等大米开花，开始变得粘稠时候再放鲍鱼，煮五分钟后放入虾仁，最后放入香芹，再咕嘟一下，出锅～
4. 熬粥的时间大概30-40分钟左右，我喜欢多熬一会儿，所有食材味道充分融合。
5. 真哒超级鲜美🤩",10,6,6,2775.0,1359.0,137.85,9.35,181.8,0.9,2672.0,227.65,20119.7,60.0,83.33,0,5,4,0,legacy,"[""汤羹"",""清淡"",""汤粥主食"",""家常菜"",""粥""]","[""3"",""20"",""23"",""106"",""198"",""590""]"
56561,早餐-小米海参粥,低脂营养早餐-小米海参粥,,,50克小米，半只海参，适量姜丝，适量盐,"1. 小米洗净，加适量水，大火煮沸后转小火煮40分钟。
泡发好的海参切丁，生姜切丝，放入小米粥中小火煮20分钟，加盐调味出锅。

2. 小米养胃又是很好的碳水，海参高蛋白，这样一碗只有不到200大卡，再搭配一份水果或蔬菜沙拉，营养均衡又低脂。",4,3,3,75.0,200.0,8.62,1.6,38.17,0.8,91.8,5.85,127.9,75.0,100.0,1,1,2,0,legacy,"[""粥"",""早餐"",""中式早餐"",""减肥""]","[""3"",""127"",""189""]"
56683,油豆腐红烧肉高压锅版,油豆腐红烧肉（快手又酥烂）高压锅版,结合了王刚老师傅和周女士家传秘方，肥肉完全蒸透了，绝对的肥而不腻！油豆腐最好吃！,,500克五花肉，一袋油豆腐，勺料酒，勺生抽，勺老抽，克冰糖，克白糖，葱，姜，八角，香叶，盐,"1. 1.猪肉冷水下锅，放姜片、葱结、料酒，大火煮开烧15分钟，取出过冷水降温，切小块；
2. 2.热锅，适量油滑锅，猪肉下锅小火煎6分钟出油，倒出猪肉沥干油；【煎的时候肉会爆油，小心点】
3. 3.留底油，下姜片、八角、香叶，加五花肉翻炒，加适量老抽、大量生抽、翻炒，加料酒，加冰糖，炒至融化。
4. 加水没过肉（要加油豆腐的多放点水，第一次做我水少了），水开下戳过洞的油豆腐，加盐、糖调味，略煮片刻收汁
5. 汤汁收到一半左右，盛到大碗中；（图片是第一次做的，水少了）
6. 放入高压锅蒸架，上汽后转小火，蒸15-20分钟，出锅。",12,3,4,510.0,1679.5,77.2,152.26,0.49,0.06,44.7,7.02,287.2,33.33,100.0,1,1,10,0,legacy,"[""酥"",""家常菜"",""大鱼大肉"",""红烧"",""下饭菜""]","[""1"",""3"",""4"",""10""]"
57058,鸡汤烩莲夹,鸡汤烩莲夹,,,1节藕，5块钱肉末，适量五香粉，适量盐，适量淀粉，1个鸡蛋，适量面粉，适量料酒，少许香油，5片葱，2片姜，5瓣蒜，适量生抽，少许糖,"1. 1⃣️将肉末和姜末葱末香油生抽拌匀调味，莲菜切薄片，把肉末加在中间
2. 2⃣️一个鸡蛋少许面粉，淀粉和成糊，加好的莲夹裹上糊以后下锅炸
3. 3⃣️油温大概9成热，两面炸至金黄色捞出沥干油待用
4. 炸东西要小心油，不要被油溅到哦。
5. 4⃣️另起锅放油，葱姜蒜爆香，放入炸好的莲夹，然后生抽，糖，盐，然后加上熬好的鸡汤，调味，即可出锅
6. 5⃣️烩莲夹搭配米饭吃，真心特别下饭
7. 看着像肉一样哈哈哈哈
8. 再说一个吃法，炸好的莲夹，直接撒上孜然，也是很好吃，吃的就是那个焦香。",14,4,4,141.0,122.4,8.68,4.65,12.2,1.41,78.1,1.97,78.2,50.0,100.0,0,5,9,0,legacy,"[""家常菜""]","[""1"",""2"",""3"",""7""]"
57092,春笋炖牛腩,春笋炖牛腩,小美98℃精准文火慢炖，春笋嚼着脆脆，牛腩软糯够味，不可错过的春天的味道🍃,,600克牛腩，2-3根春笋，30克食用油，20克姜片，20克豆瓣酱，50克重庆火锅底料，270克水，30克料酒，5克冰糖，2个三奈，2个八角，3片香叶，1块桂皮，7根干辣椒，3克花椒，1/2茶匙小茴香，1个草果，适量装饰葱花,"1. 将牛腩放入网锅，网锅放入主锅，加水，水位没过牛腩大概2/3的位置，设置8分钟/50℃/速度5，清洁牛腩。
2. 准备春笋，剥皮，切块。根据自己的喜好，切长条或者滚刀。
3. 完了将网锅放入水龙头底下将洗出的泡沫冲洗干净，沥干牛腩。
4. 主锅加入食用油30g，姜片20g，豆瓣酱20g，火锅底料50g。设置4分钟/120℃/速度小勺，爆香。
5. 倒入牛腩后，依次加入水270g，料酒30g，冰糖5g，三奈2个，八角2个，香叶3片，桂皮1块。干辣椒7根，花椒3g，小茴香1/2茶匙，草果2个。设置60分钟/98℃/反转小勺。(根据牛肉的品种，大致在50分钟时就可以看看，是否达到想要的状态)
6. 最后还剩20分钟的时候，将春笋加入，加入之后，用反转1.5稍微颠锅一下混合均匀。继续20分钟/98℃/反转小勺，文火慢炖。
7. 音乐响起，就可以装盘享用了。
8. 撒上葱花或者是香菜，提香又漂亮💚",18,3,4,1127.0,1064.9,128.51,53.46,24.05,11.86,60.2,18.7,405.9,27.78,100.0,9,8,1,0,legacy,"[""炖"",""家常菜""]","[""3"",""8"",""82"",""220""]"
57426,凉拌酸辣大白菜,凉拌酸辣大白菜,上大学时，同寝有个朝鲜族女孩儿，人好手巧，她做的辣白菜好吃极了，常常是她做一大盆，笑着看着我们几个姐妹们抢着吃。毕业二十年多了，不知姐妹们还记得这个场景不？凭记忆做一份，肯定不如朝鲜族姐妹做的地道，但也很好吃。,,两三片白菜，1个红辣椒，1段葱，适量盐，2勺生抽，3瓣蒜，1根香菜，2勺醋，1勺白糖，适量花椒粉，2勺辣酱，两三滴香油，熟肉丝（可无），海米（可无）,"1. 大白菜洗净，用手抓或用刀片成两三厘米见方的片
2. 加一勺盐，轻揉挤去水分
3. 葱蒜剁碎
4. 辣椒切碎或切丝
5. 香菜切段
6. 生抽、醋、白糖、花椒粉、辣酱调碗汁
7. 各种料加到一起
8. 拌匀，加香油拌匀
9. 喜欢腥鲜的还可以加点海米
10. 不喜欢太素的，还可以加点熟肉丝，猪肉丝、牛肉丝、鸡丝都可以",14,4,4,1625.0,322.5,24.86,3.07,55.76,13.78,871.0,12.47,1041.3,35.71,100.0,0,9,5,0,legacy,"[""快手菜"",""素菜"",""家常菜"",""凉拌菜"",""减肥餐"",""凉拌"",""酸辣""]","[""2"",""9"",""29"",""50""]"
57501,菜～青椒香菇木耳炒肉,快手菜～青椒香菇木耳炒肉,因为带娃，做饭时间有限，中午炒了这个发现巨好吃，然后晚上又做了一次给闺蜜吃，反馈也是给力的，加上米饭吃起来停不下来,,适量猪里，一个青椒，适量香菇，适量木耳，适量葱，姜，蒜，花椒，食用油，半勺老抽（腌肉），半勺海鲜酱油（腌肉），半勺糖（腌肉），一勺料酒（腌肉），一点点五香粉（腌肉），半勺玉米淀粉（调汁），半勺香醋（调汁），一勺鲁花酱油（调汁），一勺海鲜酱油（调汁），半勺糖（调汁），一点香油（调汁），四勺水（调汁）,"1. 香菇切片
2. 木耳泡发择掉根
3. 青椒掰成小块，为了入味
4. 将肉切片，或者丝，用老抽，料酒，糖，五香粉腌五分钟
5. 葱姜蒜切好～老头不爱吃姜，没有放
6. 油热放花椒
7. 下肉
8. 肉变色就放入香菇
9. 香菇炒出汤汁后加入木耳
10. 加入青椒，翻炒后加入调好的料汁，大火收汁，出锅
11. 开吃吧",15,4,4,80.0,17.6,0.64,0.24,4.16,0.0,8.8,0.24,5.6,33.33,100.0,0,9,6,0,legacy,"[""下饭菜"",""快手菜"",""家常菜""]","[""1"",""11"",""23"",""33""]"
57577,到没朋友的孜然鸡肉块,好吃到没朋友的孜然鸡肉块,"家里一般会囤好几块鸡胸肉，总会做宫保鸡丁，烤鸡排，炸鸡柳……吃够了，想换个吃法。一直爱吃孜然羊肉，突然想到了用做孜然羊肉的方法做鸡肉会不会也很好吃……
哈哈，尝试做了之后就停不下来了，隔三岔五就会做～可以自由搭配喜欢的配菜～比宫保鸡丁，鸡排，鸡柳等做法都要简单很多，但是却比它们好吃好几倍。
哈哈，吃货的世界就是这么简单……",,1块鸡胸肉，这是配菜，选一种自己爱吃的就行杏鲍菇，洋葱，土豆，磨菇，黄瓜，青椒……，适量花生油，葱，蒜（炒菜用），👇，不喜欢哪个可以不加下面是腌鸡肉的腌料，2勺料酒，2勺淀粉，2克盐，2克糖，2勺孜然粉，2勺（不能吃辣少放点）辣椒粉，1勺小茴香，10粒花椒，几块都行洋葱块，4片姜片,"1. 鸡胸肉一块，洗干净后用厨房纸擦干。
2. 切成块，块不要太小。
3. 放入碗中，加入所有腌料。
4. 搅拌均匀。
5. 密封腌1小时以上入味，我一般提前一天放冰箱冷藏一夜。
6. 杏鲍菇洗净擦干切块。腌好的鸡肉里面的姜片花椒可以挑出来扔掉。
7. 热锅倒油。
8. 油热后放入腌好的鸡肉。
9. 快速翻炒至鸡肉变色，1分钟左右。
10. 控油盛出备用。
11. 锅留底油，加入葱蒜爆香。
12. 加入杏鲍菇翻炒均匀。太干可以加20克左右水，小心别烫到，加一点点盐调味。
13. 杏鲍菇炒熟后再加入鸡肉翻炒几下关火。
14. 盛出装盘。撒白芝麻。完美😏
15. 做过好几次，这个是放了蘑菇🍄炒的，超下饭。做法相同。
16. 鸡肉这样做一点也不柴，好吃到没朋友。
17. 哈哈，吃出了烧烤的感觉……
18. 这是放洋葱块炒的……
19. 这是放青椒炒的，配菜可以放土豆块，青椒块，黄瓜块，胡萝卜块，磨菇……想放啥放啥，就是这么简单粗暴……",15,2,3,192.0,226.8,37.34,3.09,12.8,0.86,11.5,2.01,72.3,20.0,100.0,2,8,5,0,legacy,"[""快手菜"",""下饭菜"",""家常菜"",""孜然""]","[""3"",""15"",""24""]"
58338,韭菜炒小虾快手菜做法,韭菜炒小虾（河虾）快手菜做法,,,克河虾，适量韭菜，一块姜，3瓣蒜，少许盐，适量生抽，1勺料酒,"1. 准备新鲜虾，最好是河虾
2. 材料洗净
3. 切好配料
4. 锅入油炒香姜蒜
5. 放入虾炒匀（也可用宽油先炸熟虾）
6. 翻炒均匀倒入料酒和青椒
7. 放入韭菜
8. 加盐和少许生抽即可
9. 特别简单，加辣一点最好吃了",7,4,5,23.0,22.9,0.78,0.08,4.96,0.38,8.0,0.29,4.1,57.14,100.0,0,3,4,0,legacy,"[""快手菜"",""清淡"",""面条"",""炒""]","[""2"",""3"",""48"",""330"",""590""]"
58650,安东炖鸡,安东炖鸡,,,2只鸡腿，1个土豆，1根胡萝卜，1勺蒜蓉，1根大葱，适量芝麻盐，1个洋葱，2个青红椒，适量姜，9勺酱油，适量干辣椒，3勺甜面酱，1勺辣椒面，适量胡椒粉，适量粉条，适量香油，适量胡椒粉，1勺糖稀,"1. 粉条用清水泡开，鸡肉用清水洗干净后先用沸水焯一下再用凉开水冲洗。
2. 用油煸炒甜面酱，再放入一杯水煮沸，之后再加白糖3勺，酱油9勺，蒜蓉一勺。
3. 放入鸡肉煮沸，再放入土豆，胡萝卜煮5分钟。
4. 再放入洋葱，青红椒，干辣椒，辣椒粉。
5. 加一杯水煮10分钟，鸡肉熟了之后，撒一些葱花和糖稀润色。
6. 放入泡好的粉条，搅拌一下。
7. 最后撒一些香油，胡椒粉，芝麻盐收尾。",17,9,10,875.0,587.8,55.61,18.17,52.63,4.52,94.1,7.21,279.8,58.82,100.0,0,11,6,0,legacy,"[""韩式"",""家常菜"",""年夜饭"",""炖""]","[""1"",""2"",""3"",""5"",""6"",""11"",""12"",""24"",""49"",""589""]"
59440,鱼香鸡丝,家常版鱼香鸡丝（附有鱼香汁配比）,,,1块鸡胸，1根胡萝卜，1个青椒，若干朵木耳，若干根葱，若干片姜，若干瓣蒜，1勺豆瓣酱，鱼香汁，2勺生抽，0.5勺老抽，1.5勺醋，2.5勺糖，1勺料酒,"1. 上述鱼香汁按照配比调在一起备用
2. 菜品备好，鸡胸用料酒，盐，白胡椒粉，淀粉搅拌腌制好；（那个小胡萝卜头本来想自己吃的，尴尬！忘记拿走了）
3. 热锅热油葱姜蒜炝锅，再放入一勺豆瓣酱，良心建议豆瓣酱一定要少放点，不要太多！多了会咸的！
4. 放入腌好的鸡丝翻炒至出现白色；
5. 鸡丝变白后放入胡萝卜丝、青椒丝、木耳丝放入翻炒；
6. 放入调好的鱼香汁翻炒，最后放入水淀粉大火翻炒，就可以出锅啦！
7. 这样的菜量建议大家少放豆瓣酱，普通瓷勺一平勺足以，鱼香汁可以再放三勺水，这样才不会太咸；咸了就不好吃啦，喜爱酸甜口的大家可以再多放一勺半勺的醋和糖，如果是特别酸的老老老陈醋，那给悠着点放醋，太酸也不好，跟着自己的口味配比就阔以啦！",14,7,8,300.0,182.4,26.44,2.38,15.32,1.32,48.2,2.44,136.1,50.0,100.0,0,9,5,0,legacy,"[""鱼香"",""家常菜"",""川菜""]","[""1"",""2"",""3"",""6"",""11"",""15"",""24"",""33""]"
59724,能吃三碗饭的开胃菜-酸辣鸡杂,能吃三碗饭的开胃菜-酸辣鸡杂,以前没时间做饭老爱点酸辣鸡杂吃，超下饭的，今天在家没事做自己动手做一道酸辣鸡杂,,250g鸡杂，适量芹菜，适量泡椒，适量葱，适量姜，适量蒜，适量小米辣，适量油，适量盐，适量鸡精，适量生抽，适量老抽，适量白砂糖，适量白胡椒粉,"1. 把鸡杂用盐搓洗干净，记得用清水多冲洗洗几遍，然后用少许盐和胡椒粉腌制5-10分钟左右，这期间把蒜，姜，葱，芹菜，泡椒，小米辣，切好备用，然后准备一个小碗，放一勺生抽，老抽，泡椒水，少许白砂糖拌匀即可
2. 锅里热油，把蒜，姜放下去炒出香味后放入泡椒和小米辣，再放入鸡杂大火翻炒2-3分钟分钟放入芹菜翻炒2分钟，再倒入调好的酱汁
3. 继续翻炒把倒入的酱汁收到差不多了放入葱花和鸡精炒片刻即可出锅
4. 快点做起来吧～",14,5,5,250.0,0.0,0.0,0.0,0.0,0.0,0.0,0.0,0.0,50.0,100.0,1,0,13,0,legacy,"[""家常菜"",""酸辣""]","[""1"",""2"",""3"",""27"",""91""]"
59835,不加一滴油香酥鸡翅,不加一滴油“香酥鸡翅”，媲美**基！,,,10个鸡翅，2克黑胡椒粉（腌料），2克盐（腌料），4瓣蒜（腌料），1勺蚝油（腌料），3勺海鲜酱油（腌料），3勺料酒（腌料），1勺白糖（腌料），3勺辣椒粉（腌料），2个小米辣（腌料），适量葱，姜（腌料），适量淀粉，2个鸡蛋，100克面包糠,"1. 鸡翅中双面花刀便于入味
2. 鸡翅入盆，如有腌料放入盆中
3. 搅拌均匀，最好能带手套用手按摩5分钟，会更入味口感更好，按摩完毕腌制1小时。
4. 腌制完毕，每个鸡翅裹一层薄淀粉。
5. 裹完一层淀粉的鸡翅，放入蛋液里打个滚取出。
6. 放入面包糠的盘里裹满一层面包糠，用手两面按压一下裹上的面包糠。
7. 依次码入空气炸锅。180度24分钟，时间过半时翻面继续烤，顺便看一下烤的火候程度。适当调节稳定温度和时间。
8. 出锅，没有一滴油，超级酥脆好吃的香酥鸡翅，健康美味放心吃！",14,5,6,820.0,1174.6,109.0,66.14,35.42,0.22,103.8,6.34,389.4,50.0,100.0,3,9,2,0,legacy,"[""快手菜"",""空气炸锅"",""家常菜"",""宴客"",""烧烤""]","[""1"",""2"",""7"",""24"",""71"",""91""]"
60084,红烧罗非鱼{家常菜},红烧罗非鱼{家常菜},红烧鱼块制作过程来啦，简单做法，家常的味，大众品味，年夜饭首选！,,2－3条罗非鱼，1根大葱，5－6片姜，5.6个干辣椒，2瓣大蒜，多点生粉，1个鸡蛋，少许盐，2勺豆瓣酱，2勺蚝油，1勺红烧酱油，1小勺鸡精，2根香菜，适量糖,"1. 第一步先处理鱼，这个是他们杀好的，洗了以后直接砍成块，如图备孕哈，
2. 然后我们准备一个盆，调面糊，这个步骤有点小麻烦，想快点直接可以下锅炸。
盆内放入鸡蛋一个，生粉两勺，放入两勺水搅拌均匀，盐少许，最后加点明油即可，如图。（注意不要太稀）
3. 接着我们把鱼到入盆内，让鱼身上挂满糊，这样炸出来的鱼很酥脆干香，
4. 然后开始准备小料，大葱切成段，大蒜拍扁，姜切片，干辣椒，这些全部备在一起，喜欢吃辣的朋友可以再来点小米辣。
切好备孕，
5. 然后我们起锅，先把锅烧热，倒入冷油后再倒出，再将锅烧热后下入冷油，六到七成油温我们把鱼一块一块下入锅内油炸，可以炸干一点，这样在烧的时候不容易烂。
6. 然后我们将鱼炸熟后捞出，炸成如图即可。
7. 紧接着把油倒出，留少许的底油，下入干辣椒，姜片，大蒜，葱段，爆香后再下入豆瓣酱炒香，
8. 然后我们加入水，放入鸡精，红烧酱油，蚝油，糖，烧开后把鱼块倒入，注意一点，水不要末过鱼块，如图即可，
9. 紧接着我们用小火慢慢烧，烧3－4分钟，注意晃动锅，不然会粘锅的，烧到差不多收干水分即可。然后我们将它倒出。
10. 随后再把香菜撒上去，美味即成！学会的同学赶紧露一手，",14,6,6,515.6,394.3,57.92,8.83,24.0,6.07,164.4,6.95,297.0,57.14,100.0,0,11,3,0,legacy,"[""家常菜"",""红烧"",""下饭菜""]","[""1"",""2"",""3"",""7"",""9"",""323""]"
60296,关东煮,家庭版关东煮,不知道我家先生什么情况，居然说想吃关东煮了😂😂说了几天了，感觉有点对不住他了😭😭临时想做，但又匆匆忙忙食材有限，幸亏最后效果不错，小小的满足了他一下😄😄,,1根萝卜，1根胡萝卜，1个梨，1个苹果，300克冬瓜，15朵小香菇，100海带，500克各种丸子，20个小平菇，15克食用盐，2勺白胡椒粉，2勺鲜辣粉，1勺六月鲜生抽，1个浓汤宝，15片生菜，3片生姜，1勺料酒，2勺鸡精,"1. 把萝卜，胡萝卜去皮，苹果🍎和梨子洗净
2. 全部切块
3. 锅内放水，然后放入苹果🍎，梨子，萝卜，胡萝卜，开大火（宝宝们肯定会很奇怪，怎么会有苹果和梨子，加入苹果和梨子，汤底味道清甜，口感丰富，营养更全面）你试过了就会知道，这个汤会很好喝
4. 因为临时想做的，我买了现成的海带结，如果时间允许，建议买干海带泡发，味道比较好
5. 把海带放入锅中，加几片生姜，少许料酒，大火煮开后转小火慢煮，大概1小时左右
6. 等到锅中的苹果梨子软烂了，就用筷子把它们夹出（偷偷的吃了一块梨子，好吃😄😄）
7. 冬瓜切块
8. 冬瓜加入锅中，加食用盐继续煮
9. 没有高汤，加了一块浓汤宝，如果有高汤可以直接加入高汤
10. 菜场阿姨卖的丸子，我每样拿了一点，和小平菇，小香菇一起冲洗干净（要是可以加点海鲜也不错呢，今天没有买，决定下次要买）
11. 也可以拿竹签串起来
12. 没有串的可以直接放锅里一起煮
13. 串好的也可以放进去一起煮啦，加入白胡椒粉，鲜辣粉，六月鲜生抽，鸡精调味
14. 少许生菜冲洗干净，在锅里稍微烫一下就可以捞出
15. 拿一个大碗，出锅开吃啦！哈哈😄😄
满足😜😜",18,9,9,3654.0,611.8,45.91,10.18,111.33,29.07,381.9,12.54,423.1,61.11,100.0,3,14,1,0,legacy,"[""小吃"",""家常菜"",""煮""]","[""3"",""6"",""23"",""31"",""56"",""59"",""68"",""108"",""118""]"
60388,肉丁茄子-解决老茄子,肉丁茄子-解决老茄子，不漂亮茄子的家常菜,"前两天，菜一次性买多了，
放在冰箱里的茄子贴着边壁，冻坏了，
现在出门买菜不方便，
冻菜也不舍得扔，
想到肉丁茄子来解决，
切开才发现，不仅冻坏了，还非常老😅
幸亏，最后的口感还不错👍
他们俩还夸这次茄子🍆最好吃😋

我能告诉他们真相？😏",,1.5个茄子，适量，想吃肉多放点肉丁，1勺生抽，小半勺豆瓣酱，适量葱姜丝,"1. 肉切成肉丁，🍆切成茄子丁，够老吧😁，好在切丁了，吃的时候就没那么明显啦
2. 肉丁炒变色，放入葱姜丝
3. 倒入茄子，翻炒，倒入生抽和豆瓣酱，要加小半碗水，中火，水干了茄子就熟了。
4. 盛出来，最好吃的一顿美味的肉丁茄子就炒好啦",5,1,1,375.0,86.2,4.13,0.75,18.38,4.88,90.0,1.88,20.3,20.0,100.0,0,3,2,0,legacy,"[""素菜"",""家常菜"",""下饭菜"",""茄子"",""肉末茄子""]","[""110""]"
60472,香而不腻的销魂粉蒸肉,香而不腻的销魂粉蒸肉,"💃💃太高兴了，我做的粉蒸肉被先生起名为“销魂粉蒸肉”，先生是星爷的忠实粉丝，星爷演的电影情节和台词他记得很清楚，能用《食神》里的夺冠🏆作品“黯然销魂饭”的“销魂”二字为我的粉蒸肉冠名，太荣幸了，太感动了，太成功了😹😹😹
我做的粉蒸肉肥肉肥而不腻，瘦肉瘦而不柴糯而清香，有肥有瘦，红白相间，嫩而不糜，米粉油润，香味浓郁，又简单又好吃又颜值担当哦😂",,400克五花肉，150克蒸肉米粉，1个大土豆，3片姜，一撮葱花，1勺料酒，1勺腐乳汁，1勺甜面酱，1勺蚝油，2勺生抽，半勺老抽，1小勺白糖，1小勺胡椒粉，1小勺盐,"1. 选三层五花肉做好，五花肉洗净切成均匀5-6毫米左右的薄片。
2. 将切好的五花肉片放入盘中，放上葱姜片，加入一勺红腐乳汁，一勺蚝油，一勺料酒，一勺甜面酱、二勺生抽，半勺老抽，一小勺白糖，一小勺胡椒粉搅拌均匀腌制半小时 （⚠️没有甜面酱用豆瓣酱也行，因为腐乳汁、蚝油、酱和酱油都挺咸的，不用加盐，如果喜欢重口味的可以加一点盐）
3. 大土豆洗净去皮，切片厚一点的片，放盆中均匀撒入一勺盐，搅拌均匀后平铺在蒸笼上，如图（⚠️蒸出来的土豆也超级软糯可口美味）
4. 将腌制好的五花肉片一片一片的均匀沾满米粉，整齐排列摆放在土豆片上，放入蒸锅，锅开上气大火转中火蒸50分钟左右即可（⚠️如果时间太短肉和米粉不够软糯彼此不够融合）                                                                      ⚠️我其实一般也自己做米粉，就是将花椒，八角，桂皮，和大米，江米混合炒制，炒至米变黄色，香气扑面而来用粉碎机将所有材料打碎就做成了米粉，很容易，也可以在超市买一包方便
5. 蒸好关火开锅，满满的香味扑鼻而来……
6. 撒上些葱花装扮一下更是好看诱人😍
7. 热乎的荷叶饼和热腾腾香喷喷的粉蒸肉夹在一起吃那就是极品人间美味，哇哦，美哉！
8. 面香、肉香、米香融合在一起，那就是让人幸福美满的感觉，就是这样的感觉……😄好吃看的见！",14,4,5,574.0,1456.5,64.61,120.84,29.17,2.3,41.0,6.14,239.6,28.57,92.86,2,11,0,0,legacy,"[""家常菜"",""大鱼大肉"",""蒸"",""宴客菜"",""下饭菜""]","[""1"",""3"",""4"",""10"",""12""]"
60871,泰式冬阴功汤,泰式冬阴功汤,"酸辣过瘾的冬阴功汤，真的上头！好喝到停不下来。其实只要原料买齐，自己在家做起来真的很容易！这个做法是我在Youtube上看了好几位泰国厨师做的方法，然后综合出了自己调整之后觉得最满意的口味。

传说中，冬阴功汤是18世纪的泰国有位公主生病了，御厨给公主做了一碗汤以开胃，公主喝了之后通体舒畅，感冒也好了，因此当时的郑信王将其命名为冬阴功汤，并且定为泰国国汤。",,30个左右草虾，选任何2-3种自己喜欢吃的菇，像草菇，海鲜菇，平菇都可。香菇，2根香茅，8片南姜，6片柠檬叶，2个红葱头，4瓣蒜，2-3根泰国小辣椒，2根（可要可不要）小米辣，2棵香菜，1个青柠，5匙鱼露，6匙泰国辣酱（Nam Prik Pao），6-7匙椰奶，4杯清水,"1. 先处理虾，剪去虾枪虾脚，然后挑除虾线。挑虾线的最好方法是在虾身倒数第二第三节的连接处，用牙签插进去然后慢慢轻轻地挑出来。
处理好的虾洗干净，然后把虾头摘下来。
2. 然后来准备所有冬阴功汤里用到的泰式香料：用刀背拍打香茅，然后一半切斜刀丝，一般切段。
3. 柠檬叶摘下两边的叶子，中间那根茎不要（汤会变苦）。
4. 南姜切片，蒜瓣切大粒，小米辣切丁，泰国小辣椒切去尾部，红葱头切大块丁。香料就此完成。
5. 菇切小块或切片，看自己口味。
6. 青柠切小块，然后用勺子挤出青柠汁。
7. 锅中倒油，七成热后倒入虾头，中火炒2分钟左右，用铲子轻压虾头可以把里面的虾黄虾膏逼出来。之后倒入4杯清水。大火煮开后转中小火炖10分钟。
8. 之后倒入所有的香料，搅拌均匀，中大火煮3分钟左右。
9. 把虾头和香料捞出一部分（大概一半左右）。
10. 再倒入切好的香菇，中大火煮4分钟。
11. 倒入鱼露
12. 倒入泰国辣酱，搅拌均匀。
13. 再倒入草虾，转大火煮2分钟。
14. 倒入椰奶，再煮1分钟。
15. 关火，倒入青柠汁和切成碎末的香菜或胡荽，搅拌均匀。
16. 盛到碗里，开吃～",14,6,7,3500.0,1506.2,322.66,18.52,6.76,1.26,6313.0,63.82,1648.6,78.57,100.0,0,11,3,0,legacy,"[""火锅"",""泰国菜"",""汤羹"",""下饭菜"",""大鱼大肉""]","[""2"",""9"",""91"",""114"",""299"",""501"",""590""]"
60991,家常炖萝卜牛肉,家常炖萝卜牛肉,"这个炖萝卜牛肉不是红烧菜，算是炖汤

现在的萝卜正当季，非常鲜美，炖汤再合适不过

很家常的做法，步骤简单，也很易操作",,牛腩，半根白萝卜，5片姜片，料酒，盐,"1. 牛肉切块
2. 焯水，把水烧开后再放入牛肉
3. 水再次沸腾，捞出洗净
4. 把牛肉放入锅里
5. 萝卜切块，放入
6. 加入姜片，料酒，盐
7. 加入足够的冷水，慢炖，或高压锅里，加葱花即可",5,3,4,290.0,58.4,2.27,0.49,14.12,1.08,128.3,1.06,141.7,60.0,100.0,0,2,3,0,legacy,"[""家常菜"",""萝卜牛肉""]","[""3"",""8"",""63"",""82""]"
61177,鲜鲜甜甜的电饭煲瑶柱白菜汤,鲜鲜甜甜的电饭煲瑶柱白菜汤,"瑶柱鲜，白菜甜，配上一碗腊肠糙米饭。糙米被腊肠的油润得亮亮糯糯，汤水清清爽爽也不显寡淡。

第一口汤甜得很惊喜，然后就是两顿汤一顿喝完了。但是一个电饭煲解决一顿午餐还是很快乐。",,1/6只（约300克）大白菜，约20粒瑶柱（大概是小颗的干贝？），适量盐，1-2片姜,"1. 煮一壶开水。
2. 潇洒地拿出一大把瑶柱，开水烫20秒左右。换开水，继续浸泡。
3. 姜切丝或者切片。姜是用来去腥的，毕竟瑶柱是海产品。我对腥味不敏感，只放了1片姜切碎，担心的话放多两片也无妨。
4. 瑶柱水倒入电饭煲，加大量开水，最大火煮。瑶柱撕碎，和姜丝一起放进去。合上盖子。
5. 大白菜洗净，撕片。水沸后，尽量滤去浮起来的白沫，加入大白菜的帮子，继续合上盖子煮。
6. 菜帮子稍软后，把剩余的菜叶子都放进去，进去合着盖子煮。
7. 白菜全都软了之后，开着盖子煮，收汤汁。
8. 第一次做，我是一边煮一边试的。大概水刚好不能没过白菜的时候，发现汤很甜了。加盐吊味，关火。",4,2,2,656.0,127.4,9.81,1.3,22.05,5.83,346.3,5.02,415.8,75.0,100.0,0,3,1,0,legacy,"[""汤羹"",""快手菜"",""电饭煲"",""素食"",""清淡""]","[""3"",""158""]"
61339,香辣三黄鸡,香辣三黄鸡,疫情期间，馆子都关门了，于是只能自己动手～,,材料，1只三黄鸡，10只小米辣，8只杭椒，适量生姜，8瓣大蒜，10个干辣椒段，调料，适量盐，1勺老抽，1勺生抽，适量胡椒，1勺料酒，适量鸡精，1勺韩国辣酱，1勺老干妈，适量花椒粉，1勺孜然粉，1勺麻油,"1. 整只三黄鸡洗干净，多用流水冲洗几次。剁成小块，沥干后，用盐，料酒，生抽，老抽，胡椒，花椒粉，麻油，腌制30分钟。
2. 杭椒切圈圈～
3. 小米辣切圈圈～
4. 切好后，放在旁边备用。还要切大蒜～
5. 锅烧热，加入油，把腌制好的鸡肉倒入锅中翻炒。中小火炒出鸡肉的香味，鸡肉金黄。
6. 中火，加入小米辣，干辣椒段，大蒜，继续翻炒几下，加入一勺韩国辣酱，再加入一勺老干妈。（加酱是为了颜色很饱满，口感更丰富）转小火继续翻炒至颜色均匀，再加入杭椒，炒至断生。最后加入鸡精，胡椒，孜然粉，翻炒均匀，即可出锅。
7. 鸡肉吃完了，杭椒也超下饭～",19,5,6,1440.0,51.2,1.8,0.08,11.04,0.44,15.6,0.48,7.8,26.32,100.0,0,12,7,0,legacy,"[""下饭菜"",""鸡"",""香辣"",""家常菜"",""炒菜""]","[""2"",""3"",""24"",""91"",""123"",""143""]"
61413,家常鲫鱼烧法简单很入味,家常鲫鱼烧法简单很入味,如果你的愿望是做条鱼，今天就帮你实现，我们来做鲫鱼。鲫鱼不管是红烧，清蒸，做汤都非常鲜美，鲫鱼富含多种营养，作为食补是一道非常好的食材！,,4条鲫鱼，1块泡姜，1把泡椒，1勺豆瓣，适量花椒，适量老姜，适量大蒜，适量小米椒，适量大葱，少许香菜，适量盐，少许胡椒粉，15ml料酒，少许白糖，少许味精，少许香醋，少许生抽，少许淀粉,"1. 清洗食材，市面上的鱼大多是人工养殖，难免有些药用残留在鱼肉中。
2. 清洗之后，会有很多泡沫，将泡沫冲掉即可。
3. 鲫鱼鱼身花刀，不要太深，加料酒、胡椒粉、老姜、大葱，盐，将鱼身抹匀，腌制20分钟。
4. 姜、蒜、泡姜、泡椒、小米椒剁细。
5. 起锅烧油，油温5成，中小火将鲫鱼煎值两面金黄，捞出备用。
6. 另起油锅，下蒜、姜、花椒、泡椒、泡姜、小米椒，炒出香味，下豆瓣炒出红油。
7. 倒入高汤（开水），加生抽、白糖、味精（鸡精）调味提色。
8. 下鲫鱼烧制，鲫鱼变软，捞出装盘。
9. 锅内汤汁加葱末、香菜末（芹菜末）炒匀，调水淀粉勾芡，加少许香醋，搅匀，姜汤汁淋于装有鲫鱼的盘中即可。",18,6,6,1350.0,1334.0,206.5,32.8,54.5,3.2,985.0,17.0,497.0,50.0,100.0,1,4,13,0,legacy,"[""川菜"",""家常菜"",""简单""]","[""1"",""2"",""3"",""9"",""18"",""126""]"
61702,素炒上海青 简易版健康又美味,【素炒上海青】🥬简易版健康又美味,"独居小美味get！小时候还总把控不了火候和盐的量哈哈现在简单很简单嘛！

会努力挖掘更多的家常菜 定期记录下来
欢迎大家关注➕我❤️一起交流哦
发现自己做饭也真开心哈哈🥳",,2克盐，2瓣大蒜，150颗上海青，2克鸡精，1小根小米椒，5克食用油,"1. 先洗好上海青🥬切好配料大蒜🧄、生姜、小米椒
2. 准备好一点盐和鸡精
3. 放一点油再把配料扔进去轻炒
4. 再先放青菜的根部炒一会 可以加一点水
5. 加入青菜的菜叶
6. 炒两三分钟 一会就可以出锅啦",6,3,3,1510.0,222.8,19.95,7.52,32.76,0.11,2223.9,13.62,1107.5,50.0,83.33,3,2,0,0,legacy,"[""家常菜"",""炒"",""素菜"",""青菜"",""健康减肥""]","[""2"",""18"",""44""]"
61880,香辣虾仁千页豆腐,香辣虾仁千页豆腐,麻辣香锅里，我最喜欢吃千叶豆腐，喜欢它的口感，而且它也最入味。今天早上做了这个虾仁千叶豆腐，感觉好吃，就想分享，也是没在做的过程中拍照，最后补照了一下食材。,,1块千叶豆腐，小半根胡萝卜，150克冻的青虾仁，六分之一个洋葱，20克耗油，2勺生抽，50克油，1勺辣椒面,"1. 千叶豆腐切成菱形片，越薄越好。
2. 洋葱切小片。
3. 胡萝卜切片。
4. 虾仁用凉水化开，攥去水分，用耗油喂十分钟。
5. 锅里放油，分批次炸千叶豆腐，是一片一片往锅里放，避免粘连到一起，两面见黄后盛出，全部炸完，下入虾仁翻炒，下入辣椒面，再下入洋葱和胡萝卜片，快速翻炒，放入一手勺清水，放入千叶豆腐，开锅后，转小火闷十分钟。",8,1,1,70.0,23.4,0.6,0.12,5.28,0.66,19.2,0.6,42.8,25.0,100.0,3,5,0,0,legacy,"[""快手菜"",""家常菜"",""千叶豆腐"",""虾仁"",""素菜""]","[""6""]"
62370,冬阴功汤,冬阴功汤,天热人困困倦倦的，想吃一道令人振奋的美食，下班晚了菜场食材有限，草菇没了，活虾没了，我就买了杏鲍菇和虾仁替代，虽有遗憾，但酸辣可口的冬阴功汤还是给饭桌上增添了一道亮丽的风景线，关键家人也都说好美味，酱料选用的是山姆超市买的冬阴功底料，制作过程零厨艺，大家可以也试试吧,,半斤虾，约20个草菇，半个洋葱，1个番茄，半个柠檬，2袋冬阴功底料，少许橄榄油,"1. 我用的虾仁，开背去虾线，煮的时候虾仁会变虾球，好看而且不缩水，如果用的是活虾就洗净备用，也可以开背去虾线，懒人就略过这一步吧
2. 半个洋葱切粒，倒橄榄油炒香
3. 炒到不辣眼睛了，香味出来
4. 倒入番茄粒继续炒，讲究的人可以开水烫一下番茄皮去掉，懒人同样略过
5. 炒到出红汁
6. 加开水约1升
7. 加两袋冬阴功底料
8. 草菇（我用的杏鲍菇）放进去煮约五分钟
9. 虾（虾仁）放进汤里继续煮三四分钟
10. 装碗，拍照消个毒就可以享用了",7,5,5,825.0,213.5,16.68,2.15,37.95,9.33,161.5,7.75,388.2,57.14,100.0,1,5,1,0,legacy,"[""汤羹"",""快手菜"",""减肥""]","[""5"",""14"",""22"",""294"",""590""]"
63347,蒲烧鳗鱼饭,蒲烧鳗鱼饭,"禽类、畜类、鱼类。你选什么？我选鱼类。
鳗鱼呢，在鱼里是永远无法舍弃的一类，口感、味道、营养，近乎完美。
鳗鱼富含维生素A和维生素E,含量分别是普通鱼类的60倍和9倍。其中维生素A为牛肉的100倍、猪肉的300倍以上。丰富的维生素A、维生素E,对于预防视力退化、保护肝脏、恢复精力有很大益处。其他维生素如维生素B1、维生素B2含量同样很丰富。
鳗鱼还含有丰富的“好”脂肪。其中所含的磷脂，为脑细胞不可缺少的营养素。另外，鳗鱼还含有被俗称为“脑黄金”的DHA及EPA（深海鱼油成分,DHA为二十二碳六烯酸,EPA为二十碳五烯酸），含量比其他海鲜、肉类均高，而DHA和EPA被证实有预防心血管疾病的重要作用。此外，鳗鱼还含有大量的钙质，对于预防骨质疏松症也有一定的效果。最让女士动心的是，鳗鱼的皮、肉都含有丰富的胶原蛋白，可以养颜美容、延缓衰老，故被称之为“可吃的化妆品”。",,一条鳗鱼，半个洋葱，适量芝麻，一大勺烧烤酱，两大勺酱油，一勺糖，两勺清酒，一碗米饭,"1. 锅里进油，小火慢慢炒洋葱末，然后捞出洋葱末，进酱油、烧烤酱、糖、清酒。煮至稍粘稠。
2. 鳗鱼去头去尾去骨、平铺在保鲜盒里，浇上一半的酱汁，进冰箱冷藏十二个小时，腌入味。
3. 烤盘铺锡纸，进鳗鱼，180度烤半个小时。
盛出，将剩余的一半酱汁进炒锅烧到起泡，浇在鳗鱼上。撒上白芝麻即可。
4. 鳗鱼盛出，用厨师刀切块，连同酱汁一起铺在米饭上。",8,3,3,325.0,730.0,31.27,12.3,124.85,1.58,72.0,3.6,64.8,50.0,85.71,0,6,1,0,legacy,"[""饭"",""快手菜"",""家常菜"",""主食"",""海鲜"",""鳗鱼"",""营养""]","[""5"",""26"",""371""]"
63368,罗非鱼,罗非鱼,,,700克罗非鱼，一根黄瓜，一个红薯，一个土豆，一根红萝卜，两根西芹，适量苹果梨，一把香菜，两勺耗油，适量淀粉，两勺蒸鱼豉油，适量鸡精，半个洋葱，半个大葱,"1. 罗非鱼肉，片成片，骨头不用，把所以配菜切成滚刀，铺底，上面放肉，一片一片扑匀，用电烤锅，小火，盖好盖，十分钟，
2. 把鱼骨加头，锅放底油煎以下，变黄加水放酒，姜，葱，大火十五分钟，放冻豆腐一起炖最好吃，以自己口味放盐，出锅放香菜香油。
3. 最重要的酱料，忘拍图了，一比一放耗油，蒸鱼豉油，可以加一点酱油，一勺水，炒锅炒开，放玉米淀粉，稠就行了，
4. 鱼肉在锅里八分钟时，开盖淋去酱汁，酱汁真的很咸以自己口味。记得10钟都是小🔥，要不煳了就不好吃了😁",14,10,10,1600.0,1005.4,123.34,8.67,114.0,10.13,395.8,13.02,1184.0,78.57,100.0,1,10,3,0,legacy,[],"[""1"",""5"",""6"",""9"",""12"",""19"",""28"",""81"",""323"",""523""]"
63883,老母鸡竹荪虫草汤,老母鸡竹荪虫草汤,冬天最美味的烫要属老母鸡汤了。今天加了两味山珍-- 竹荪和虫草花更是鲜上加鲜，营养丰富 适合全家人冬天滋补。我们南京就有冬天每个九都要吃一只老母鸡的传统…,,1只老母鸡，3片姜，1根葱，2克西洋参，8克竹荪，20克虫草花，4克盐,"1. 准备好所有食材！老母鸡(草鸡)洗净 。
2. 将鸡装入砂锅，切三片姜，一个葱结 几片西洋参，一次性加入足够的清水。
3. 开大火烧开煮出血沫，用勺子撇干净浮沫。
4. 用筷子撑上盖上锅盖 ，转小火文火煲两个多小时。这是正宗土鸡所以煲的时间要长些。
5. 竹荪剪去根部 可以一剪两半，用盐水泡半个小时，轻轻的用清水冲洗干净。
不需要泡太久。一锅鸡汤用个4到6个竹荪。
这是我们群团的竹荪，品质好的看得见。
6. 虫草花也是最多泡半个小时洗净，很嫩的虫草花。
7. 待鸡肉可以用筷子戳动的时候加入虫草花和竹荪。这时候可以放入盐调味了，再小火慢慢煲30分钟左右，让鸡汤充分被山珍吸收。
8. 无比鲜美的老母鸡竹荪虫草汤就煲好了 。这就是家的味道～幸福 温暖 美味！
9. 鸡翅一般是我的最爱😄。
10. 竹荪吸收了满满的鸡汤，咬一口又脆又鲜。
11. 可以用多出来的鸡汤蒸山珍，像竹荪，虫草花 松茸 香菇都可以隔水用盅蒸 更加鲜美滋补。",7,4,5,144.0,33.6,1.9,0.43,7.79,4.5,15.1,1.89,8.6,71.43,100.0,4,3,0,0,legacy,"[""汤羹"",""蒸"",""清淡""]","[""1"",""3"",""24"",""216"",""333""]"
63964,成功卤肉饭,成功卤肉饭,不用炸红葱酥，不需要买酱油膏，厨房小白也很难失败的卤肉饭。简单几步，保证好吃，我特意加了土豆，营养口感都有提升。一次做一锅，分装在碗里，封保鲜膜，冰箱冷冻，就很方便带饭。早晨起来拿出一碗解冻一下，装入饭盒，中午热透，就是好吃的卤肉饭呀。,,250克五花肉，半个紫洋葱，5朵香菇，1个黄心土豆，随意鸡蛋，3勺鲜味酱油，1勺老抽，5勺白酒，10颗冰糖，2个八角,"1. 五花肉细细的切成臊子（就是很小的肉丁）。
2. 洋葱切小丁
3. 土豆切小丁
4. 香菇切小丁
5. 鸡蛋煮熟剥皮。
6.  调汁，普通瓷勺5勺白酒+3勺鲜味酱油（味极鲜，一品鲜那种，可也可以生抽代替）+1勺老抽，搅匀备用
7. 不粘锅直接倒入五花肉
8. 加入10颗冰糖
9. 大火煸炒至五花肉出油，颜色变深。
10. 如果你的五花肉很瘦不易出油，可入1瓷勺油。
11. 五花肉出油上色后，入洋葱丁，转中火煸炒
12. 煸炒至完全变透明，出香味，入香菇丁。如果你懒也可以洋葱香菇一起放入炒，差不多。
13. 加入大量的开水，大概是食材5倍的量
14. 入调好的酱汁，搅匀。
15. 加入煮好的鸡蛋
16. 2颗八角
17. 大火烧开后转小火，盖上盖子，炖30分钟。
18. 时间到，打开盖子，尝尝味道，不够咸可加盐，不够甜可加糖。
19. 入土豆丁，盖上盖子，再小火炖10分钟。
20. 出锅，好香啊，没有失败的空间。",10,4,5,435.0,883.5,40.78,75.7,11.95,3.97,35.0,4.0,146.7,50.0,100.0,1,8,1,0,legacy,"[""饭"",""主食"",""家常菜"",""五花肉"",""快手菜""]","[""4"",""5"",""7"",""10"",""23""]"
63986,不费油的荷塘小炒,不费油的荷塘小炒,"素菜的春天，食材如果先焯水再烹饪，不仅能减少烹饪时间，还可大大减少食用油的用量。特别适合做低脂健康餐。

【菜谱热量】：
这道菜总热量约195千卡，每100克单位热量为62千卡。

微信公众号：食光陪伴营
APP：Well-饮食记录工具（记录每日食物热量和营养摄入）",,半根（约60克）胡萝卜，120克莲藕，6克黑木耳，80克荷兰豆，5-10克食用油，少许盐,"1. 荷兰豆撕去老筋，洗净备用；
2. 黑木耳清水泡发后去蒂；
3. 胡萝卜切片；
4. 莲藕切片，然后泡在凉水里防止氧化变黑；
5. 食材都处理完毕。
6. 锅中加足量清水煮沸，倒入少许食用油，下黑木耳、藕、胡萝卜，煮1分钟左右；
7. 加入荷兰豆烫至段生；
8. 捞出沥干水分；
9. 锅内倒入少量食用油；
10. 放入所有滤干水分的食材，快速翻炒半分钟。
11. 加入适量盐调味，即可出锅。",6,4,4,266.0,119.7,4.77,0.69,26.94,6.21,96.4,7.52,94.0,66.67,100.0,4,1,1,0,legacy,"[""快手菜"",""低脂餐"",""素菜"",""晚餐"",""家常菜"",""荷塘小炒"",""荷塘月色"",""荷塘三宝"",""减肥"",""素食"",""清淡""]","[""6"",""33"",""96"",""109""]"
64036,淡干瑶柱炖煮娃娃菜,淡干瑶柱炖煮娃娃菜,采用天然食材去调味，老少皆宜。由于娃娃菜炖得软烂，家庭中对于小朋友和老人可以不放辣椒。⚠️因为我个人喜酸辣，大家可以按需去留辣椒。,,500g娃娃菜，20g淡干鱿鱼头，20克淡干虾米，20g淡干瑶柱，3瓣大蒜，3根小葱，2个青辣椒，2个小米椒，少许白胡椒粉，少许鱼露,"1. 娃娃菜洗净切段。
2. 备料：蒜切末，小葱切粒。小米椒和青辣椒切粒。
3. 把淡干瑶柱，虾米，干鱿鱼洗净备用。
4. 1️⃣首先下蒜粒，少许葱粒爆香；2️⃣接着放入淡干瑶柱，虾米，干鱿鱼；3️⃣然后加适量清水煮开，加入少许胡椒粉和鱼露；4️⃣炖煮8分钟，最后加入剩下的小葱，待汁收得差不多即可出锅。✅（可按个人喜好添加肉类，或者粉条一起炖煮）",10,5,5,945.0,251.3,17.36,1.95,58.01,28.69,370.5,5.77,373.6,50.0,100.0,4,4,2,0,legacy,"[""素菜"",""汤羹"",""家常菜"",""快手菜"",""海鲜"",""炖""]","[""1"",""2"",""18"",""70"",""111""]"
64850,家常黄焖鸡,简单家常黄焖鸡,,,鸡腿  3只，青椒 1个，土豆  1个，盐 耗油  酱油 老抽 冰糖 料酒适量就行啦，干辣椒2个,"1. 把鸡腿洗干净切块    土豆  青椒切好
2. 油开放冰糖  炒化  放鸡腿炒糖色 注意！冰糖不要炒大  要不然容易苦😭😭😭
3. 放适量料酒去腥  继续翻炒几分钟
4. 把其余的调料依次放入   翻炒加入土豆
5. 加水  没过土豆  煮10到15分钟加入青椒  收汁就好啦",5,3,4,592.0,670.6,77.56,26.7,31.91,2.48,19.5,7.44,279.5,80.0,100.0,0,4,1,0,legacy,"[""家常菜"",""快手菜"",""饭"",""简单""]","[""11"",""12"",""24"",""589""]"
65159,豆角肉炒饼,豆角肉炒（焖）饼,"妈妈做的豆角肉炒饼，
配老干妈和糖醋蒜特别好吃(ง •̀_•́)ง
在上海最想念的家乡味道之一，
记下这个菜谱留着以后做～",,600g豆角，400g饼丝，100g五花肉，适量葱，三片姜，三粒蒜，适量生抽，适量花椒水，适量鸡精，适量盐，适量香油,"1. 豆角切斜刀成段。
2. 大葱切葱花，姜切片，蒜切块。
3. 烧开水，上锅蒸饼丝，盖上盖子。
（喜欢硬一些饼丝的可不蒸，但后面焖饼时需加少许水，防止干锅）
4. 起油锅，炸香葱花、姜片。
将切好的五花肉入锅翻炒变色。
5. 淋入生抽、花椒水炒匀，加适量清水，上盖儿炖肉4min。
6. 重新起油锅，炸香蒜，再放葱花。
倒入豆角翻炒1min，加入适量盐、鸡精、生抽炒匀。
7. 倒入炖好的肉丝拌匀，再焖5min。
8. 盖上蒸好的饼丝，用筷子挑松饼丝。
上盖儿焖2min，关火。
9. 将菜和饼丝拌匀，滴少许香油，
开饭(ง •̀_•́)ง",11,5,6,1139.0,505.2,28.09,31.47,42.61,0.81,276.3,5.42,89.7,54.55,100.0,3,2,6,0,legacy,"[""家常菜"",""炒"",""焖"",""饼""]","[""1"",""2"",""3"",""4"",""10"",""84""]"
65168,鸿运蒜香脆椒骨,鸿运蒜香脆椒骨,最近一段时间身边的大爷大妈们聊得最多的话题就是猪肉了！都说猪肉快要吃不起了！我们一果流教室还是顶住压力带大家奢侈一把，让我们的各位同学能在朋友圈好好的炫富一次！每一颗的排骨都渗透蒜香，味道饱满，吃到最后都是香，意犹未尽！这么一盆，虽慢慢做出，但瞬间消灭。,,500克排骨，30克西芹（腌排骨），30克胡萝卜（腌排骨），20克姜（腌排骨），20克葱（腌排骨），20克香菜（腌排骨），50克蒜（腌排骨），100克水（腌排骨），10克米酒（腌排骨），15克花生酱，10克大蒜粉，2克盐，5克味精，8克糖，10克生抽，20克辣椒粉，40克土豆生粉，40克水晶锅巴（拌料），200克黄飞红香脆椒（拌料），3克花椒粉（拌料）,"1. 排骨泡去血水，泡的时候加一点点白醋，能更去腥，泡好后沥干水
2. 西芹，胡萝卜，香菜，蒜头，姜，米酒，水放一起
3. 用粉碎机打碎
4. 和排骨拌在一起，腌制1小时
5. 把腌好的排骨稍微清洗一下，只要把碎菜洗掉即可，沥干
6. 加入花生酱，蒜粉，盐，味精，糖，生抽，辣椒粉，拌匀
7. 最后加入生粉拌匀，腌制20分钟
8. 我这次用的是水晶锅巴王，其实麻辣味的锅巴零食是最好的，能买到的就直接用零食即可
9. 180度油温炸锅巴，炸到发黄即可。零食锅巴不用炸了
10. 黄飞红香脆椒，花椒粉，锅巴一起打碎
11. 喜欢辣的可以买特辣版，我这是微辣，几乎不辣
12. 油温大约170度，一批一批放入排骨，炸到表面金黄黄，捞出来，继续炸下一批
13. 炸到这个颜色就先捞出来
14. 全部炸好后，让油温升到190度，再一起放下排骨复炸一次，这次大约炸2分钟，注意排骨要炸熟，可以拿一块出来剪开看看
15. 排骨炸好后放入粉料里拌匀，即可装盘",20,6,6,170.0,102.0,3.67,0.47,22.16,2.6,79.9,2.08,140.0,30.0,100.0,20,0,0,0,legacy,"[""蒜香"",""下饭菜"",""家常菜""]","[""1"",""2"",""3"",""6"",""9"",""81""]"
65679,香辣羊排,香辣羊排（烧烤味）,不需要用烤箱，一口锅就能做出烧烤味儿的烤羊排味道。,,2斤羊排，9片生姜，5瓣蒜，1块桂皮，2个八角，2个草果，2个白豆蔻，5粒丁香，6小片香叶，15个干辣椒，1小把花椒，1小把小茴香，1小把孜然粒，适量老抽，适量生抽，适量料酒，适量盐巴，5粒冰糖，适量烧烤撒料,"1. 羊排买回来，冷水冲洗两遍，再放冷水浸泡至少1个小时以上（冷水中可加入花椒），有效去除血水。
2. 泡水期间，准备好香料，洗干净待用。
3. 羊排泡水以后，洗干净，冷水下锅，加5片生姜和适量料酒，初步焯水去腥。
4. 水开以后，撇去浮沫，3分钟左右后捞出。
5. 捞出焯水的羊排后，再次用冷水冲洗干净。
6. 锅洗干净，放入羊排、所有香辛料、适量老抽、生抽、料酒、盐巴、冰糖，加冷水没过羊排，盖锅盖，大火烧开后调中火继续卤制30分钟（水开后3分钟左右，尝试汤汁是否够味，进行味道的微调）。因为我的烧烤撒料是咸的，所以卤制过程根据个人口味调整用料。
7. 捞出卤制入味的羊排，汤汁放凉可以速冻起来，留着做火锅底料，烫火锅很美味儿的哦。
8. 锅不放油，我买的羊排有肥肉，直接把带肥肉的先入锅煎炸，炸出羊油（注意安全:炸出油的过程，防止被油烫到）。
9. 放入所有的羊排煎炸，两面煎炸，高撒烧烤撒料，两面撒。金黄夹出即可。
10. 出锅，配上可乐，爽极了。",19,3,4,1122.0,109.4,4.31,2.28,22.22,8.47,31.0,2.21,16.2,31.58,85.71,1,11,5,0,legacy,"[""快手菜"",""宴客菜"",""辣"",""家常菜"",""免烤""]","[""2"",""3"",""58"",""140""]"
66939,土豆烧排骨,土豆烧排骨,土豆烧排骨，土豆软糯，排骨入口即化,,克排骨                      1000，适量油，勺豆瓣酱                          1，个八角                              1，粒花椒                       7，8，块桂皮                            2，块冰糖                            3，克盐                                 2，勺蚝油                             2，个土豆                             2，勺生抽                             1，勺老抽                             1，个干辣椒                         3，若干料酒，根大葱                              1，片姜                                  1,"1. 排骨切块先冷水浸泡30分钟去除一部分血水，土豆削皮切块泡水30分钟去除多余淀粉
2. 准备辅料：干辣椒，花椒，草果，桂皮，八角泡水洗洗，防止进油锅炸糊，姜切片；冷水下入排骨加入料酒焯水，一定要大火，水开撇去浮沫捞出排骨晾干备用
3. 土豆从水中捞出晾干，锅里倒油，油温5层热下转小火土豆翻炒，翻炒过程开大火，翻炒至金黄捞出土豆备用
4. 土豆捞出后转小火，将就剩余的油下入干辣椒和姜片，翻炒一分钟炒出香味，下入焯好水的排骨翻炒一分钟，下入花椒，八角，桂皮，草果，炒香，倒入郫县豆瓣酱，家常豆瓣（四川这边小米辣和二荆条做的豆瓣，没有可以不加）翻炒两分钟出红油，倒一点点老抽上色，加两勺蚝油翻炒
5. 加适量清水（有啤酒加啤酒最好去腥增香）转大火烧开后转小火加一点料酒，一勺生抽，两颗冰糖，盖上盖子，小火烧20分钟左右
6. 二十分钟后打开盖子翻炒下排骨，避免粘锅，加入切好的大葱，土豆，加一点点盐，盖上盖子小火烧15到20分钟（我喜欢吃很耙的土豆烧了二十分钟）
7. 十五分钟，筷子能夹断即可，我又烧了5分钟
8. 起锅装盘，有小葱的可以撒点小葱点缀。",16,3,3,0.0,0,0,0,0,0,0,0,0,25.0,0.0,0,0,16,0,legacy,"[""红烧"",""家常菜"",""下饭菜""]","[""1"",""3"",""12""]"
67265,滑蛋牛肉粥,滑蛋牛肉粥,,,300克牛肉，适量大米，1个鸡蛋，1根小葱，1根香菜，3片姜,"1. 准备材料，如图。牛肉切薄片，下盐，酱油，白胡椒粉，淀粉抓匀入味腌制10分钟备用。
2. 加水煮米，小米炖煮30分钟至粘稠软烂。
3. 下牛肉、姜丝滑散至变色。
4. 下鸡蛋，葱花香菜。煮开调味。
5. 成品，好吃到哭。",6,6,6,394.0,566.5,67.2,30.62,6.28,0.91,66.8,6.96,267.5,100.0,100.0,1,4,1,0,legacy,"[""粥"",""早餐"",""家常菜""]","[""1"",""3"",""7"",""8"",""9"",""20""]"
67290,凉拌腐竹木耳,凉拌腐竹木耳,喜欢吃凉拌的不能错过,,250克腐竹，8朵木耳，2勺辣椒油，3勺生抽，克糖                         10，克盐          小半勺，勺香油                      2，根香菜                     8，克花生米         3大勺，勺蚝油                 半，个小米椒              10，瓣蒜               大半头，陈醋        完整一瓶的三分之一，白醋      少许,"1. 首先把腐竹弄成两三节手指这么长，泡冷水  还有木耳也泡冷水
2. 泡冷水期间我们把料汁调一下
碗里加切碎的香菜，花生米，蒜泥，辣椒，葱，剩余的按我上面的比例
⚠️我比较重口味
味道你们自己适量加
3. 泡好冷水的腐竹变软了就可以烧开水下锅煮2-3分钟，时间到捞出来过冷水，木耳泡开了也同样操作
4. 泡好冷水了沥干水份，加入到一个大盘里面搅拌均匀即可
搅拌均匀之后放冰箱冰一下更美味",14,4,4,272.0,1229.3,114.92,57.15,67.55,7.61,234.4,56.96,74.2,35.71,100.0,1,7,6,0,legacy,"[""凉菜"",""素菜"",""家常菜""]","[""9"",""16"",""18"",""33""]"
67486,有灵魂的包菜炒粉条【下饭神器】,有灵魂的包菜炒粉条【下饭神器】,"十三香、花椒油的加入给这道家喻户晓的下饭神器带来了不一样的味觉体验，是这道菜的灵魂所在，强烈推荐试一试。

用量说明：
1大勺=15ml量勺
1小勺=5ml量勺",,1/2个(切丝)包菜，1把细粉条，调味料：，2-3个干辣椒，2-3瓣蒜，2-3大勺蚝油，1小勺糖，1-2小勺十三香，1-2小勺花椒油，适量盐,"1. 粉条提前泡发，备用。
2. 热锅倒油，爆香干辣椒、蒜片。
3. 放入包菜丝，加入蚝油、糖，翻炒一下。
4. 锅中倒入适量开水，放入泡好的细粉条，加入十三香，连煮带炒翻拌一下。
5. 差不多可以出锅了，根据咸淡适量放盐，临出锅前加入花椒油。",9,2,2,218.0,28.0,1.12,0.39,5.72,1.42,6.2,0.36,3.1,33.33,87.5,0,7,1,0,legacy,"[""粉条"",""包菜"",""家常菜"",""下饭菜"",""素菜"",""炒"",""下饭""]","[""2"",""76""]"
67682,爆辣小煎鸡,超下饭的爆辣小煎鸡,,,3只鸡腿，50g青辣椒，10g郫县豆瓣，2g花椒，20g小米椒，10g干辣椒，2克糖，2克盐，10g姜，3瓣蒜，20克油,"1. 鸡腿肉切小丁，
辣椒切圈，
姜切丝，蒜切粒
2. 切好的鸡腿肉
用1g盐腌制5分钟
3. 锅中倒油，大火烧热
放入鸡丁煎炸到微微焦黄
盛出备用

4. 用剩余的底油小火炒香
姜，蒜，豆瓣酱，花椒，干辣椒，


5. 倒入鸡丁翻炒均匀
加糖和生抽炒匀，
加入青辣椒和小米椒，
加盐翻炒均匀就可以出锅啦",11,5,6,475.0,591.3,75.84,27.29,13.98,6.96,15.5,7.52,272.1,63.64,100.0,9,2,0,0,legacy,"[""家常菜"",""下饭菜"",""鸡腿"",""鸡肉"",""下饭"",""煎""]","[""2"",""3"",""18"",""24"",""111"",""589""]"
68528,爆炒鱿鱼,爆炒鱿鱼,,,3只鱿鱼，3片姜，4瓣蒜，适量花椒，1勺豆瓣酱，1根青椒，1根红椒，半个洋葱，2勺生抽，1勺耗油，1勺老抽，1小勺白糖，1小勺盐，1勺鸡精,"1. 鱿鱼切丝 水开下锅焯水30秒 捞出备用
2. 锅中倒油 油热后下葱蒜片爆香 加入花椒 豆瓣酱1勺 炒出红油
3. 倒入青红椒 加入洋葱片 炒至半生
4. 加入鱿鱼 翻炒均匀 加入生抽2勺 耗油1勺 老抽1勺 白糖1小勺 盐1小勺 鸡精1勺 爆炒后出锅",14,6,6,879.0,588.2,107.08,10.17,18.9,1.54,305.1,6.67,676.4,42.86,100.0,0,13,1,0,legacy,"[""家常菜"",""减肥"",""便当""]","[""2"",""3"",""5"",""11"",""49"",""78""]"
68535,火锅底料炒麻辣香锅,火锅底料炒麻辣香锅,2020年的早春，大家都宅家抗疫。从家乡回到上海后还要自我隔离14天才能去上班。离开了爸爸妈妈，离开了起床就能吃现成饭的好日子。之前总是怕麻烦，外卖又那么方便，没想到会这样久违地又开始了自炊生活。这道火锅底料炒麻辣香锅几乎无难度，调味也都靠火锅底料完美地达成了。一个人做菜不难，就是洗菜洗碗有点烦。不过看着完成品还是好有成就感！,,几瓣蒜，1包火锅底料，少许食用油，1颗土豆，1颗娃娃菜，1包免浆虾仁，1根芹菜，4朵香菇，半朵西兰花，1根胡萝卜，1根黄瓜，半盒午餐肉，1块鸡胸肉，适量年糕，少许白芝麻，少许香菜,"1. 各种蔬菜洗净，土豆切片浸水，因为用的是免浆虾仁所以不需要过多处理。 烧开水，本图中所有菜品都焯一下水，断生即可。
2. 黄瓜胡萝卜都是可以生吃的，切片即可，午餐肉和鸡肉也是用的熟食。年糕要焯水煮一下，不要煮太烂，一两分钟即可。
3. 租的房子没有备大炒锅，只能用这个汤锅顶一下啦。锅里放食用油，下蒜瓣爆香，然后放入一整包火锅底料，炒香即可。
4. 将所有食材按照煮熟程度先后放入，易熟的最后放。我是先放的土豆和香菇，然后是黄瓜胡萝卜，接着是本来就熟的午餐肉鸡肉，最后是蔬菜们。炒制均匀即可出锅。
5. 菜品出锅后撒上白芝麻和香菜，好看又好吃！虽然已经有意识地想要控制份量，还是一不小心炒了两大碗。不过菜也不能太少，不然一整包火锅底料会太咸。",16,10,11,1125.0,520.8,55.46,7.83,64.13,9.01,306.6,7.73,627.6,81.25,100.0,0,11,5,0,legacy,"[""快手菜"",""辣"",""家常菜"",""火锅"",""炒"",""麻辣""]","[""6"",""9"",""12"",""15"",""19"",""23"",""24"",""27"",""36"",""53"",""70""]"
68959,香飘几条街的招牌凉拌菜钵钵鸡,香飘几条街的招牌凉拌菜钵钵鸡，在家轻松做！嫩滑鲜香，能吃得相当过瘾！,"麻辣菜里边，我认为清高的就是成都的：钵钵鸡。

它和麻辣烫不同，麻辣烫是用竹签串好各种食材，在滚烫的汤锅中，烫好后直接吃，而钵钵鸡是先煮好食材，放凉后，再用竹签串起来，放入到特色的陶器碗钵中，装入调配好的麻辣酱汁，放入去骨去皮的鸡肉片浸泡在汤汁中入味而成。

从汤汁中一捞起鸡肉，那是相当的嫩滑鲜香，再举嘴送入口中，油艳欲滴。
它是一道能吃得相当过瘾的：凉拌菜。

松浦弥太郎有一篇人生信条：吃用心做的美食食物。

“美味的食物，并非指高级料理，只要用心去做，才会让人感到美味，世上有各种各样的食物，若不讲究，什么都能吃，选择自己的做的东西，家人做的东西，店家认真做的东西时，我们要懂得品味”

在我人生信条中：学富五车，还是要做好一日三餐，三餐每天都要吃，所以很重要。",,5根鸡腿，30克辣椒红油，10克藤椒油，10克花生酱，5克芝麻油，5克花椒粉，30克生抽，15克香醋，15克料酒，4克白砂糖，适量盐，适量小葱末，适量白芝麻，3个八角，1根桂皮，3片香叶，5瓣大蒜，4片生姜,"1. 1：锅中装到足量的冷水，放入鸡腿清洗干净的鸡腿，八角，桂皮，香叶，生姜片，料酒，大火煮到水开，立刻调小火。
2. 2：小火煮15分钟左右，开锅盖，把鸡腿盛起来，煮鸡的汤水，不要倒掉，后面还有用途。

钵钵鸡想要好吃，对肉嫩有要求，所以，只能用小火慢慢煮熟，这样的鸡肉才会嫩滑。

做钵钵鸡的鸡肉，还可以用鸡胸肉，鸡翅，整只鸡或者鸡内脏，就是煮制的时间不同，比如，整只鸡个子大，煮制的时间要相对更长一些，总而言之要煮熟为止。
3. 3：把煮熟的鸡腿，捞出放凉备用。
4. 4：放凉后的鸡腿去骨头去皮，手撕成小块，摆盘码好鸡肉。
5. 5：把所有调味料放入大碗中，搅拌均匀，把大蒜剁成蒜蓉，放入到调味汁碗中，再次拌匀。

调味汁：辣椒红油30克/ 藤椒油10克/ 花生酱10克/ 芝麻油5克/ 花椒粉5克/ 生抽30克/ 香醋15克/  白砂糖4克/ 盐适量
6. 6：再从锅中舀二汤勺煮鸡腿的鸡汤汁，继续搅拌均匀。

红油和藤椒油，是这道钵钵鸡好吃的点睛之笔，特别是藤椒油，让味道更加清爽，麻香味浓郁，藤椒油超市和网店都有出售。
7. 7：调配好的美味酱汁，均匀的淋在摆盘好的鸡肉上面。
8. 8：最后撒上白芝麻和小葱末。

煮上一碟煮花生毛豆，起开啤酒..........

或者再熬上一锅清粥，还有什么比这更得意的生活了。",18,5,6,657.0,922.7,122.74,43.44,10.2,1.14,18.4,11.55,451.3,22.22,100.0,9,6,3,0,legacy,"[""凉拌菜"",""快手菜"",""家常菜"",""下饭菜"",""鸡肉""]","[""1"",""2"",""3"",""24"",""36"",""589""]"
69095,鲶鱼和茄子是绝配,"鲶鱼和茄子是绝配,东北特色的炖菜,鲶鱼炖茄子",在东北有一句俗语说：“鲶鱼炖茄子，撑死老爷子”，鲶鱼炖茄子是东北传统四大炖菜之一，是一道具有浓烈地方特色的东北炖菜，由此可见这道菜之美味。 用新鲜的鲶鱼和茄子一块炖制，茄子属于比较吸水而且吸油的蔬菜，而鲶鱼正好是油多的一种鱼类，如果单纯的烧煮不加配菜的话烧出来的菜会感觉腻口，口感不是特别的好，鱼和茄子搭配在一起，茄子融入了鲶鱼的香，鲶鱼有了茄子的味，使鲶鱼肥而不腻，茄子鲜香味浓，荤素相得益彰。茄子粘了鲶鱼的香，鲶鱼有了茄子的味。而且茄子可以很好地保护心血管，抗坏血病。两者荤素搭配滋阴养血，补中益胃，适合营养不良的人食用。这道菜肴下酒下饭都很适宜。,,1条鲶鱼，3个茄子，半根葱，5片姜，5瓣蒜，各1个青红辣椒，2个干辣椒，10粒花椒，1个 八角，2勺黄豆酱，1勺香醋，半勺白糖，1勺料酒，1小勺老抽，3勺东古一品鲜酱油，2勺盐，半勺13香，半小勺鸡粉，1克胡椒粉，开水,"1. 先将鲶鱼放在盆里，锅中烧水，烧到六十度左右，将水浇在盆里，把鲶鱼身上的粘液清洗干净。一定要多清洗几遍。
2. 将鱼的内脏收拾干净，
3. 将鱼切成四段，
4. 准备葱姜蒜干辣椒，小米辣青红辣椒。
5. 准备两勺黄豆酱。
6. 炒锅内放入适量的油，放入葱姜蒜炒香。放入八角花椒粒和干辣椒炒香。放入黄豆酱，
7. 锅内放入开水，不要放的太多，一定要放开水，开水容易入味，
8. 放入鲶鱼。
9. 用中火炖放入老抽东古一品鲜酱油。13香，香醋和白糖，料酒，炖的时间长一些，容易入味
10. 茄子清洗干净，用手撕成条。
11. 锅内的汤少了一半时。放入茄子，
12. 鱼炖到汤汁浓稠，放入放入青红辣椒，锅底剩一点汤就可以了，出锅前放入大蒜末，鸡粉，胡椒粉，香菜，
13. 炖好了出锅装盘，看看很有食欲吧，非常下饭哦。
14. 鲶鱼的鱼肉鲜嫩，配上茄子真是绝了。
鲶鱼和茄子是绝配,东北特色的炖菜,“鲶鱼炖茄子,撑死老爷子”
",20,4,4,922.0,230.2,10.28,2.05,49.07,12.01,204.4,4.79,52.0,30.0,100.0,1,18,1,0,legacy,"[""快手菜"",""下饭菜"",""家常菜""]","[""1"",""2"",""3"",""110""]"
69167,没有工具也能做的拌凉皮,没有工具也能做的拌凉皮（凉皮做法加拌料）,"最近凉皮真的火爆了啊，不会做凉皮怎么好意思说自己宅～教你如何不手忙脚乱的做出又薄又韧的凉皮，而且拌的口味秒杀外面的小吃摊，学会了给家里人露一手，以后再也不用订外卖了！！
这个是蒸锅版，因为没有凉皮专用工具，家里的盘子又都比较重，没办法漂在水上，甚至连披萨盘都会沉底，（我真好奇那些用家用盘子漂在水上的方子是怎么做到的）。用蒸锅又简单又方便，完全不需要去买那种专用盘。
材料做出来是两人份，我男朋友比较能吃，如果是女生大概一人100克面粉就够了",,凉皮，300克面粉，适量清水，1小勺盐，拌料，1根黄瓜，3勺醋，3勺味极鲜，2勺芝麻酱，1小勺盐，2勺糖，2小勺香油，一小把香菜，适量花生碎，适量芝麻，4瓣蒜末，2勺辣椒油,"1. 300克面粉加清水和成面团，软硬无所谓，揉成稍稍光滑的面团，然后盖上湿布或者保鲜膜醒30分钟
2. 醒好之后在盆里加清水，快没过面团就行，然后用手揉搓面团，抓也行，像洗衣服那样揉也行，反正就尽情蹂躏吧
3. 一直揉到感觉面团变成絮状，手感变得有韧性并且怎么搓都不会再变小的时候就可以了，这就是面筋
4. 面筋比原来的面团颜色更深更偏米黄色，用自来水把面筋清洗干净，挤干水分，放到小碗里，用保鲜膜包好。夏天可以放冰箱冷藏
5. 洗面的水过一遍筛，滤出面筋残渣，然后放到阴凉处静置四个小时以上。
注：以上步骤可以前一天晚上做好，把面筋和洗面水都放到冰箱里冷藏，第二天早上就可以做了。或者上午做好，然后等到晚上做凉皮。
6. 面水变成这种分离状态就可以开始做了，把上面的清水用勺子撇干净。搅拌均匀，如果面糊太稠可以放适量清水，面糊流下来的时候应该是不间断的直线，然后在面糊里放一小勺盐，搅拌均匀
7. 调好面糊之后，将1克酵母用一小勺清水化开，然后揉进面筋里，盖好保鲜膜。如果面粉减量的话酵母也适当减少一点。
8. 现在开始做凉皮，蒸锅里加水烧开，然后一直开小火。准备一个披萨盘，或者底部比较平的盘子，涂上油，淋上面糊，不用太多，把盘子转一圈，面糊可以均匀的铺在盘子上即可
（之所以用蒸锅是因为家里的盘子都很重，用水煮的方法盘子很难漂在水上）
9. 戴着棉手套，把盘子放进蒸锅的屉上，如果面糊有点倾斜就把蒸锅晃一下，然后迅速把锅盖盖上，开大火。
10. 披萨盘是金属的，导热比较快，所以大火蒸一分钟就好了，如果是家用的陶瓷盘就大火蒸两分钟。蒸到凉皮鼓起大包就可以了（要比图中鼓的更大，我揭开锅盖去拿手机的时候包已经落下去了，所以拍照来不及）
盘子拿出来以后蒸锅调成小火或者关掉
11. 凉皮蒸好就把盘子拿出来，（记得戴手套，没有手套就用平铲把盘子铲出来），放在灶台上等个一分钟就不烫了，不用坐在冷水上，因为会沉底……
用小刀把凉皮从边上挑起开，然后用手掀起来放到另一个盘子里，涂上一层油，防止跟下一张粘连。
下一张也是同样的步骤

12. 蒸完所有的凉皮之后面筋也发酵的差不多了，把面筋拿出来，碗里涂一层油再放进去，蒸锅里续些水，然后把面筋上锅蒸二十分钟。蒸好之后晾凉，用清水冲洗一下，切成块。
13. 这回到了拌的部分了，所有材料准备好，凉皮切成条，黄瓜、红萝卜切丝，香菜切段，蒜切碎，芝麻酱用开水拌匀，花生炒熟压碎，我还切了点辣片豆皮。
你们可以加任何喜欢的蔬菜，菠菜（焯水30秒），豆芽（焯水四分钟），胡萝卜等等都可以，还可以加卫龙😛
14. 将用料里写到的所有材料都拌进去，因为东西很多，最好先用一个大盆拌匀，然后再分装到碗里
辣椒油很简单，把油烧热，关火，然后放一勺孜然一勺辣椒碎拌匀倒出来就可以了，重口味的还可以放花椒～
15. 拌好之后盛到碗里，真的比外面卖的要好吃！跟啤酒更搭呦～～",16,5,5,530.0,1137.9,39.88,5.58,234.24,3.74,149.9,5.73,60.9,43.75,100.0,1,10,5,0,legacy,"[""面条"",""小吃"",""面"",""快手菜"",""家常菜""]","[""2"",""9"",""16"",""19"",""26""]"
69219,脆瓜五花腩,脆瓜五花腩,"黄瓜腌制后挤去多余的水份制成“脆瓜”，同五花肉片一起快炒~
黄瓜腌制后会流失大量的水份，口感也会变脆，即使炒过之后，脆度仍可以保留~",,1-2条（约200g左右）黄瓜，100g五花肉片，#腌制黄瓜用料，6g盐，#腌制五花肉片用料，1茶匙酱油，1/3个鸡蛋液，1茶匙淀粉，2茶匙色拉油，#炒制时需要的用料，3瓣的用量蒜末，1茶匙酱油，一点点糖，1茶匙麻油，几滴醋,"1. 切配：
黄瓜洗净顶刀切片，厚度为2mm。
蒜切末。
五花肉切薄片。
2. 腌制黄瓜：
切好以后的黄瓜200g放入盐6g腌制20分钟，时间到后用清水冲洗两遍，然后用纱布或手挤干水份，挤的越干口感越脆。
3. 腌制肉片：
五花肉片中加入酱油+鸡蛋+淀粉拌均匀，加入色拉油，即完成腌制。
4. 炒：
不粘锅烧热，不用放油直接将五花肉放入锅子煸炒，马上会看到有油脂分泌出来。如果使用普通炒锅，则需要适当添加油脂。五花肉片炒到两面都有一点点焦香时取出。不粘锅中还是不要放油用煸炒五花肉剩余的油脂爆香蒜末后加入腌制好的“脆瓜”炒香。待脆瓜成熟后加入炒好的五花肉片，淋入酱油翻炒均匀，再淋入麻油和几滴醋翻炒均匀后即可出锅。",14,3,4,555.0,290.1,22.86,13.73,19.5,2.0,180.7,4.43,217.0,21.43,100.0,2,7,5,0,legacy,"[""家常菜"",""快手菜""]","[""4"",""7"",""10"",""19""]"
69363,海参小米粥,海参小米粥,"我们家每天必吃海参，这款海参小米粥我觉得是最美味的，而且一家老小都能吃，营养价值高，易消化，但一定要用纯野生的海参，才会有营养哦，而且味道鲜，一点都不会腥。
海参高蛋白，富含各种人体必需的氨基酸营养成分，具有极高的营养价值。
海参含有胶原蛋白、牛磺酸、粘多糖、皂苷、硫酸软骨素、多肽及多种微量元素活性成分，是人体很好的抗氧化食品。",,1只海参，100g小米，20粒枸杞，2根葱，5g盐，5g黑胡椒，1勺鸡粉，1勺香油，1勺花生油,"1. 准备一只海参，从冷冻室提前一天刚到冷藏室解冻，不要直接从冷冻取出煮，会影响口感。
2. 海参切片备用
3. 做粥的时候要注意，在水沸的时候加入小米，根据食材估计成品量，水要一次加足，转最小火熬煮的时候不要开盖，直至完全靡合出香。
4. 小米粥熬的差不多后放入海参和枸杞，中小火开盖烧10分钟左右，再放入少许油，盐，鸡粉，不断搅拌避免焦底
5. 出锅前撒上葱花，黑胡椒粒，再淋点香油。
6. 香喷喷热腾腾的海参小米粥出锅啦～
7. 海参小米粥营养丰富，容易吸收，全家老小都可以吃
8. 老年人、即将面临高考的高中生、产妇、大病初愈人群可以多吃哦
9. 真香啊，宝宝爱ʕ •ᴥ•ʔ",9,4,4,180.0,410.1,18.13,3.39,77.78,2.04,201.5,12.2,260.8,44.44,100.0,3,6,0,0,legacy,"[""粥"",""中式早餐"",""主食""]","[""1"",""57"",""127"",""189""]"
69376,砂锅红焖羊排,砂锅红焖羊排,"天冷的时候很适合吃。配料看着很多，其实都是日常炖肉的标配，很常见哈。用砂锅炖，小火，大概一个小时羊排就软烂了，很方便快手。另外，我特别推荐这口日本万古烧土锅啊，焖肉煲饭效果都是一流，古朴的造型也很讨喜，比铸铁锅性价比高多啦！不过，没有土锅也是一样炖，陶瓷锅、电饭煲什么的都行，时间长一点就好。

这个菜谱适合各种肉，鸡、牛腩、排骨，都一样好吃😋",,克羊排，六片姜，一头蒜，半根大葱，适量花椒，1小片桂皮，2个八角，3个干辣椒，适量料酒，适量冰糖，适量生抽，适量老抽，一根白萝卜，适量香菜,"1. 准备配料：葱姜蒜切片，八角花椒洗净。辣椒切段（不吃辣可以不放）。羊排剁好。白萝卜切块。
2. 准备一口锅。放入冷水，料酒，姜片，羊排。水开后关火。捞出羊排，沥干水备用。
3. 炒锅放油，放入花椒粒，小火炒香花椒后，把花椒粒倒出来丢掉。

放入羊排翻炒
4. 放入八角、香叶、桂皮继续翻炒出香味。然后放老抽上色，生抽、料酒、白糖调味。
5. 倒入淹没羊排的开水（注意要开水），大火煮开后转小火，盖上盖子焖半小时，再放入切好的白萝卜块（太早放白萝卜块会煮烂），继续焖半小时就可以出锅啦。按喜好加入香菜、葱花。",14,6,7,561.0,118.7,4.88,1.18,28.15,2.67,253.9,1.98,280.3,50.0,100.0,0,7,7,0,legacy,"[""砂锅"",""家常菜""]","[""1"",""2"",""3"",""9"",""58"",""63"",""140""]"
69622,无辣不欢：水煮牛肉,无辣不欢：水煮牛肉(肉片),,,250克牛里脊肉，2克盐，2克白胡椒，1勺料酒，1勺淀粉，1把豆芽，100克腐竹，2根葱，2片姜，6瓣蒜，半包火锅底料，1勺辣椒、花椒粉/干辣椒，10克熟的白芝麻，适量油，2根香菜,"1. 牛里脊切片，加盐、料酒、蚝油腌制，撒上淀粉抓匀。
腐竹折断，提前泡发好。
黄豆芽掐去根部，洗净沥干。
蒜取三瓣切粒，姜切粒，葱白切粒。
锅热下葱姜蒜爆香，加入火锅底料小火炒出红油，加开水煮开，加盐和白胡椒调味。
加入腐竹和豆芽焯水捞出，铺在盆底。
牛肉片一一下入汤里，大火烧开，连汤带肉倒入盆里。

2. 撒上蒜末、辣椒、花椒粉、熟白芝麻，滚油泼香，撒上香菜、葱花。
3. 牛肉很嫩。",14,5,5,461.0,541.0,47.3,22.2,39.2,2.43,130.4,18.04,47.4,64.29,100.0,5,8,1,0,legacy,"[""家常菜"",""汤羹"",""辣""]","[""1"",""2"",""3"",""9"",""92""]"
70123,宝宝的最爱—西红柿土豆炖牛腩,宝宝的最爱—西红柿土豆炖牛腩,家有一娃，就是一宝，为了这位甜蜜的负担，翻遍了这道菜的操作方法，终于作出这个配方，自认为是最适合我们自己口味的，仅供参考,,500克牛腩，2个西红柿，4个土豆，2小瓣八角，2片姜，1个洋葱，6勺料酒，4勺生抽，适量盐，一点冰糖，1根胡萝卜，半根葱，3片香叶，3瓣蒜，2勺冰糖老抽,"1. 一定是牛腩肉 这样的才好吃 这是提前泡水俩小时了 
2. 切块 可以切大点 留了一点不带筋的给宝宝吃 再次冲洗干净
3. 冷水下锅 放入姜片 料酒3勺 大火煮开 撇去浮沫后捞出洗净备用
4. 旁边坐一锅干净的水（最好一次性多倒点水，大家都说煲汤的时候不好中途加水）大火烧开备用，准备炒牛肉的辅料，冰糖少许，香叶3片，大料2个小瓣（为了孩子能吃，所以我用香辛料一直都很注意，比较少，只要肉新鲜，也不需要太重的香料去遮掩肉味）葱姜蒜切末备用
5. 热锅冷油 转小火炒糖色 这样就快了 我一边用手拍照 所以没那么准确 这个色还不行 颜色再炒深一点
6. 下入备好的牛腩 转大火 翻炒至上色
7. 下入备好的葱姜蒜 香叶 大料 后倒入三勺料酒 炒至收汁后即关火 准备转移阵地
8. 旁边的水也烧开了 然后倒入刚刚炒好的牛腩 然后依次倒入冰糖老抽两勺 生抽四勺 盖盖儿大火煮开后 转中小火煮四十分钟左右
9. 趁着炖的时间 准备剩下的辅料 都切滚刀块 西红柿我不喜欢烫去皮 吃的时候都自动掉了 而且据说很多花青素都在皮里 原谅我为我的懒找借口吧🤪炖到最后 西红柿和洋葱几乎都融化了
10. 锅刷好 重新热锅冷油 少许油即可 先把胡萝卜煸炒一下 充分溶解胡萝卜素 然后下入洋葱 最后下西红柿 大火翻炒均匀
11. 翻炒一会儿加入两小勺盐 一勺炖肉的汤 继续翻炒一会儿即可 关火准备转移阵地
12. 盛出一碗汤备用 其实我家锅够大 但是我怕收干汁了 提前取点出来 不提前取一碗汤也没关系 然后下入翻炒好的西红柿 洋葱 胡萝卜 继续盖盖儿 大火烧开 转中小火炖四十分钟左右
13. 时间可以了 就加入土豆和多的那碗汤 然后继续炖半小时左右关火即可
14. 没有筋的肉肉挑出来给孩子 不敢先给汤 怕她喝饱了 先吃完再给汤 也吃了不少🤗
15. 我们的 土豆都炖烂了 西红柿皮也都卷起来了 这个汤无敌了 酸酸甜甜 不是很咸 味道一级棒 爱美食 爱家人的你赶快行动起来吧🤗",15,8,9,1606.0,1450.7,121.21,45.79,145.99,9.94,163.2,14.37,473.4,53.33,100.0,1,12,2,0,legacy,"[""家常菜""]","[""1"",""2"",""3"",""5"",""6"",""8"",""12"",""14"",""82""]"
70697,粒粒分明虾仁蛋炒饭,粒粒分明虾仁蛋炒饭,"不想吃白米饭，又不知道炒什么菜，来份蛋炒饭吧，简单快手，有米有菜，营养均衡还特别好吃。
炒饭好吃关键在米饭，来看看都有哪些小技巧吧！
💥做炒饭的米饭，水量要比平时煮饭少一丢丢，再滴几滴油，煮好的米饭颗粒饱满，蓬松清香，粒粒分明。
💥做好的米饭要立马拨散，然后盖上盖子再焖一下，让米饭均匀吸收水分，更松散。
💥做到以上两点，不需隔夜冷藏，只要稍稍放凉也能做出颗粒分明的蛋炒饭。",,1碗米饭，2个鸡蛋，10个（约100g）虾仁，1小根火腿肠，适量蔬菜粒（青豆、玉米、胡萝卜），1/4个洋葱，少许葱，少许姜，1.5勺生抽，1勺蚝油，少许白糖,"1. 准备好食材，虾仁用料酒和姜片腌制片刻。
2. 青豆和玉米过水煮熟。
3. 一颗鸡蛋磕入米饭里，拌匀备用。
4. 炒锅里放入少许油，虾仁炒至变色捞出。
5. 一颗鸡蛋滑散。
6. 放入火腿、蔬菜粒、洋葱、姜翻炒几下，盛出备用。
7. 锅内放入适量油，油热放入米饭，中小火炒散。
8. 放入所有配菜，翻炒几下。
9. 加入酱汁（生抽、蚝油、白糖）翻炒均匀。
10. 放入葱花翻炒几下，盛出开吃吧！",11,5,6,1030.0,1268.4,80.51,23.63,187.8,6.3,665.0,20.15,4845.3,63.64,100.0,0,7,4,0,legacy,"[""炒饭"",""饭"",""主食"",""早餐"",""中式早餐"",""炒""]","[""1"",""3"",""5"",""7"",""41"",""590""]"
70812,连锅端·茄子青椒豆腐蒸蛋,【连锅端·茄子青椒豆腐蒸蛋】,一个很朴素的东北菜，简单没难度，新手0失败？本来没想发出来但下厨房没有？必须分享一下啊！,,1个茄子，1个青椒（切成碎粒），1个鸡蛋，1块豆腐（切片）【贴士1】，适量盐，1根小葱（切成葱花），适量香菜（切碎），适量木耳（切成条）（可选），适量生抽，适量干辣椒碎，3瓣蒜（切成片或块），几滴香油,"1. 【处理茄子】茄子切圆片，面条形或者条状都行用盐水煮半熟捞出控水
2. 【切成片片的茄子】切切就行！
3. 【切成面条状的茄子】需要刨片器
4. 【没难度的摆盘】控干水的茄子以及所有原材料摆到盘子里
重点是！要让香菜和蒜辣椒还有挨着茄子；豆腐挨着葱花，很重点！然后用豆腐给鸡蛋做个堡垒一个坑……（先不放入鸡蛋）然后倒入适量生抽（看个人口味）
5. 【开始蒸】铺上锡纸以免有水渗入蒸大约5分钟后掀开锡纸看一下茄子是否全熟了，如果全熟在“豆腐碗”上倒少量生抽，打入一个鸡蛋撒葱花，再次盖上锡纸，蒸2分钟左右关火，焖2-3分钟即可，出锅淋上香油
6. 【调味】由于豆腐和茄子都是容易渗水的菜，如果口重就再加一些生抽啊，耗油啊，盐啊麻油啊之类的调一调味儿。趁热吃吧，很下汗的！",11,7,7,405.0,166.5,10.78,5.11,22.24,3.56,109.8,2.6,88.8,72.73,100.0,0,5,6,0,legacy,"[""家常菜"",""素菜"",""蒸"",""鸡蛋羹""]","[""1"",""2"",""7"",""9"",""11"",""33"",""110""]"
70937,鸡爪明虾煲,超美味的鸡爪明虾煲,"2020的春节，由于爆发了前所未有的新冠病毒疫情，我们只能被迫待在家里，不串门，也是为这场疫情做了自己的一份小贡献。可是待在家里，真的没事做，而且特别想吃外面的美食，尤其是鸡爪明虾煲啊！那怎么办呢？自己整呗！此方子为2-3人的量，人多的话材料都可以自己增加哦！
这里我炖这个煲用的是Carote炖锅，这款炖锅顺便安利一下，颜值高，效果也不错，炖出来的煲特别香哦！",,8只明虾，8只鸡爪，3勺豆瓣酱，2勺蚝油，2勺料酒，些许葱姜蒜，些许片香叶，些许干辣椒，3勺生抽，2勺老抽，4勺糖，1勺盐，些许大蒜叶，小半个洋葱，些许香菜，5朵干香菇，1个土豆，些许藕，些许木耳，其他蔬菜,"1. 1. 炸虾油:
准备8只新鲜明虾，洗净，挑虾线，并用厨房纸吸干水分（一定要吸干水分再炸，不然油溅得会怀疑人生）！。
小锅里倒油，放入点姜丝，待油温升高后，倒入明虾，用小火煎，慢慢的煎出虾油，明虾颜色变得金黄，就差不多捞起，虾油在一旁备用。
2. 2.1 焯鸡爪:
鸡爪提前洗净，切成小段（我买的长鸡爪，所以切小段），冷水下锅，加入姜丝和料酒，煮10分钟，然后倒出来用冷水再清洗掉表面的白色泡沫，此举是为了去除鸡爪里的脏东西，并初步去腥。
2.2 炒葱姜蒜:
虾油倒入炖锅，中火加热，倒入准备好的姜丝、洋葱块、大蒜瓣、葱白段，中小火炒，炒出香味。
3. 3. 炖鸡爪:
倒入已经焯水的鸡爪，加入一勺盐，加入豆瓣酱、蚝油、料酒、生抽、老抽，用锅铲搅拌均匀，再加入4勺糖。然后加水，水要没过所有这些材料，加入香叶、干辣椒、花椒，加入一根洗净的葱段调味，大火把汤汁煮开后，转小火慢慢炖，我喜欢吃炖得特别烂的鸡爪，所以从开始炖到起锅，基本炖了一小时左右。
4. 4. 放蔬菜:
 炖到三四十分钟左右，加入提前泡发好的干香菇，加入土豆，藕片等其他蔬菜，容易煮熟的蔬菜要后面放，然后加入煎好的明虾，再继续煮，等到要起锅的时候，加入大蒜叶，香菜调味。然后就起锅啦！中间炖的时候，可以随时尝味道，调整味道，喜欢吃辣的可以多加点辣椒。（鸡爪要酥烂的话，一定要炖满1小时！）
5. 鸡爪已经非常酥烂，吃起来软糯可口，贼香的
6. 明虾也很香
7. 土豆也很糯，还可以加年糕，大白菜等各种喜欢吃的蔬菜，我这个方子适合2-3人吃
8. 配上红色的炖锅，颜值很高的明虾鸡爪煲哦！",20,11,11,1040.0,2183.5,195.92,131.65,55.05,2.33,316.5,12.25,1364.1,55.0,100.0,0,12,8,0,legacy,"[""下饭菜"",""家常菜"",""宴客"",""煲""]","[""1"",""2"",""3"",""5"",""9"",""12"",""33"",""93"",""96"",""112"",""231""]"
71441,红烧花黄鱼,家常版红烧花黄鱼,我最拿手的超级美味红烧黄花鱼.哆米爸爸和哥哥不喜欢吃鱼但是对此款鱼情有独钟，每次都会吃的只留下孤零零的一根鱼刺.,,条黄花鱼1，少量葱，片姜5，勺老抽半，粒花椒5，1勺糖，瓣蒜5，片柠檬1，勺味极鲜酱油1，勺料酒1，少量盐，勺六必居豆瓣酱1，勺蒸鱼豆豉1，少量蛋清，少量淀粉，2个干辣椒🌶️，3片尖辣椒,"1. 1斤左右的黄花鱼一条洗干净.
2. 正反面改刀（如图）
3. 用柠檬🍋片给🐟搓个澡，每个部位都得搓哦.挤点汁儿上去更好😀.最后放到🐟肚子里腌制片刻，下锅时再取出来.
4. 给鱼做个鸡蛋清全身按摩，用刷子沾蛋清每个部位都刷一遍.
5. 😀按摩完扑个粉.薄薄一层就好.（玉米淀粉土豆粉都可以）
6. 葱姜蒜、干辣椒、八角、花椒、小茴香少量备好.
7. 老抽半勺、味极鲜1勺、蒸鱼豆豉一勺、醋一勺、白糖一勺、黄冰糖3块（没有可以不放）、豆瓣酱一勺、盐少量、五香粉少量.
8. 花生油烧红🐟下锅煎至两面微黄
9. 备好的葱姜蒜等料放入锅中煎至微黄再把备好的酱油料慢慢从鱼身上面倒下去.使每个部位都沾到料汁儿，正反面翻一下.然后加少量水焖15分钟，收汁儿出锅.
10. 撒点小葱、尖椒圈.完美.😋",17,6,6,60.0,0.0,0.0,0.0,0.0,0.0,0.0,0.0,0.0,35.29,100.0,0,3,14,0,legacy,"[""家常菜"",""红烧"",""下饭菜""]","[""1"",""2"",""3"",""22"",""52"",""245""]"
71957,西湖牛肉羹,西湖牛肉羹,"看着大家“日渐消瘦”，我必须尽快找到打开大家胃口的神奇食物，重新赐予大家来自吃饭的快感！😎

于是，我翻遍各类食谱秘籍、请教了多位营养专家，最终找到一道非常适合当下食用的神奇佳肴——西湖牛肉羹。",,120克牛肉，100克内酯豆腐，50克鲜香菇，1个鸡蛋清，60克（清水 50克 淀粉 10克）水淀粉，5克姜，10克香菜碎，3克胡椒粉，5克盐,"1. 准备食材：牛肉120克 内酯豆腐100克 鲜香菇50克 鸡蛋清1个 水淀粉60克 （清水50克 淀粉10克） 姜5克 香菜碎10克 胡椒粉3克 盐5克
2. 香菇洗净去蒂，切成小丁
3. 内酯豆腐切小块
4. 姜片切丝
5. 牛肉逆纹路切片，剁成牛肉粒，放入碗中备用
»牛肉逆纹路切，将其纤维切断，以便烹煮后的牛肉口感松散，不会觉得难以嚼烂
6. 碗中加入2克盐，加入胡椒粉，腌制10分钟
7. 香菇丁、豆腐块、姜丝放入奶锅中
8. 倒入550毫升清水，煮至水开
9. 放入牛肉粒，再次煮至水开
10. 淀粉中倒入50毫升清水，搅拌成水淀粉
11. 水淀粉慢慢倒入奶锅中，不停搅拌，直至汤汁浓稠
12. 开小火，将鸡蛋清慢慢倒入奶锅中，加入3克盐并搅拌
»同款电陶炉开4档
13. 煮上1分钟，撒上香菜碎即可出锅~
14. 啦啦啦~",9,5,5,385.0,194.3,24.07,10.47,1.11,0.14,7.3,2.23,77.7,66.67,100.0,8,1,0,0,legacy,"[""牛肉羹"",""豆腐"",""家常菜"",""美食""]","[""3"",""8"",""9"",""23"",""52""]"
72261,湘味红烧鸡翅,湘味红烧鸡翅,,,4只鸡翅，1汤匙淀粉，适量黑胡椒粉，适量料酒，适量生抽，1小匙老抽，5瓣蒜瓣，1个八角，3只青辣椒，3只红辣椒，适量耗油，半罐啤酒，适量盐，适量芹菜,"1. 青辣椒、红辣椒斜切圈，蒜瓣拍好切片。备用。
2. 鸡翅正反面切花刀，用牙签戳洞，均匀抹上淀粉，用黑胡椒粉、料酒和生抽腌制30分钟以上。
3. 锅里放少量油，大火烧热后转小火，迅速放入鸡翅，煎至两面金黄后捞出。
4. 用锅里余油将蒜瓣、八角爆香。放入青辣椒及红辣椒翻炒略软后，倒入鸡翅翻炒10秒。
5. 加入1小匙老抽，适量耗油，适量生抽，半罐啤酒。倒热开水没过鸡翅。
6. 大火煮沸后，中火炖煮15分钟，大火收汁。加入盐和芹菜迅速翻炒出锅。",14,5,6,980.0,453.6,39.13,23.07,22.2,0.28,26.4,2.13,106.7,50.0,100.0,0,8,6,0,legacy,"[""家常菜""]","[""2"",""24"",""27"",""50"",""71"",""111""]"
72273,杂菌汤+蒜香肉末茄子,杂菌汤+蒜香肉末茄子，两碗饭下肚妥妥的,蒜香肉末茄子香气浓郁，味美多汁，而杂菌汤则鲜嫩无比，口感细腻顺滑，二者搭配，既下饭有营养，尤其适宜和家人一同食用。,,100克鸡腿菇，30克灯笼椒，0根茄子，6瓣蒜瓣，1根葱，5片生姜，50克平菇，40克香菇，100克猪肉，650毫升水，1汤匙色拉油，2茶匙生抽，1茶匙蚝油，1茶匙盐,"1. 购买如图所示食材。
2. 40克香菇、50克平菇、100克鸡腿菇分别洗净切片；100克猪肉切片；10克（5片）姜去皮切片；10克（1根）葱切葱花。
3. 150克（1/2根）茄子切去一端，改切成灯笼状；30克（6瓣）蒜瓣切末。
4. 盐1/2茶匙、生抽2茶匙、蚝油1茶匙倒入容器中，拌匀制成酱汁，待用。
5. 压力锅下层依次放入色拉油2茶匙、香菇、平菇、鸡腿菇、猪肉、姜片10克（5片）、盐1/2茶匙，再倒入650毫升水，搅拌均匀。
6. 蒸笼中倒入色拉油1茶匙，再依次放入茄子、蒜末、灯笼椒30克，再淋上制好的酱汁，再将压力锅上层放上蒸笼，合上压力锅锅盖，点击“开始烹饪”。
7. 烹饪结束后打开锅盖，取出蒸笼，将葱花均匀倒入压力锅上、下层即可。 

版权归美的美居所有，任何人不得转载或使用整体或任何部分的内容。",14,9,9,400.0,713.5,45.9,32.8,70.63,4.02,51.3,9.56,142.4,64.29,100.0,6,8,0,0,legacy,"[""下饭菜"",""家常菜""]","[""1"",""2"",""3"",""4"",""11"",""23"",""110"",""118"",""236""]"
72425,香脆下饭的大碗花菜,香脆下饭的大碗花菜,我从小爱吃花菜，特别喜欢那种以前的白花菜。根据北京卫视“暖暖的味道”教的干锅花菜食谱，试做验证后，是容易掌握的做法。,,1颗花菜，适量五花肉，8-10瓣大蒜，适量红椒，三根青蒜苗，1个八角，10粒花椒，6个干辣椒，2勺生抽，1勺半料酒，1/3勺鸡精，适量盐，1/2勺香醋，6片姜片，勺=小搪瓷勺,"1. 备料：选肥瘦相间的五花肉，切
2. 3厘米肉片（比平常炒肉片稍厚）。蒜瓣稍微用刀拍一下，青蒜苗切小段，干辣椒切丁，姜切片，红椒切丁，花菜掰成小朵。
3. 热锅下少许油，调中小火，放五花肉，放一个八角一同煸炒去腥增香，煸炒五花肉出油焦香，至表面焦黄。
4. 肉煸焦香后，放入蒜瓣，姜片，花椒粒，干辣椒丁煸出香味（中小火）。
5. 转大火，放入花菜爆炒，淋入一勺料酒继续不停翻炒。
6. 待花菜翻炒至发焉后（没那么挺拔），调入2勺酱油，1/3勺鸡精，适量的盐后翻炒，加入红椒，青蒜苗翻炒。
7. 出锅前，沿着锅边，淋入1/2勺锅边醋即可完成。",15,5,6,414.0,105.8,3.94,1.13,22.33,4.56,36.3,1.67,21.1,46.67,100.0,0,11,4,0,legacy,"[""家常菜"",""下饭菜""]","[""2"",""3"",""4"",""10"",""49"",""130""]"
72432,麻辣培根炒杏鲍菇面,麻辣培根炒杏鲍菇面,看了日食记的杏鲍菇刀削面推送，马上做了一下，又多加了蔬菜和培根，红油芝麻酱调味，蛮好吃～,,10克芝麻酱，8克蚝油，10克酱油，1克海盐，25克红油，1克花椒粉，10克苹果醋，8克花椒油，5克赤藓糖醇（可替换砂糖），3、4根杏鲍菇，适量黄豆芽，几根荆芥，适量蒜片，几片培根，一勺自制剁椒酱,"1. 杏鲍菇刮成薄片。
2. 蔬菜清洗干净，黄豆芽忘记拍了
3. 所有调料调成碗汁。
4. 锅里放少量油，煎香培根。
5. 我放了自己做的剁椒酱，也可以直接放小米辣。
6. 下蒜片小火煸到金黄。
7. 下杏鲍菇片、黄豆芽，转大火。
8. 杏鲍菇炒到软，类似面条状时放调好的碗汁。
9. 关火，出锅时放荆芥，余温翻拌一下出锅。",14,3,3,0.0,0,0,0,0,0,0,0,0,28.57,100.0,9,1,4,0,legacy,"[""家常菜""]","[""2"",""150"",""476""]"
72864,生香尖椒牛柳,生香尖椒牛柳,加入了花生和芝麻的尖椒牛柳，好吃程度up，up！,,300克牛柳，100克尖椒，150克洋葱，适量花生，适量熟芝麻，适量姜，#腌料，1大勺料酒，1大勺生抽，1大勺蚝油，1大勺淀粉，#调味料，1大勺蚝油，适量黑胡椒，适量盐，适量糖（选用）,"1. 洋葱，尖椒，牛柳，生姜均切丝备用。
2. 花生如果是生的，先小火炸熟。然后压碎。
3. 牛柳加腌料拌匀，腌制半小时或更久。
4. 锅里放一大勺油，烧热后下姜丝煸出香味。
5. 下牛柳煸炒至变色，盛起。
6. 锅里继续放一大勺油，下洋葱丝煸炒至微微透明
7. 下尖椒丝翻炒均匀。
8. 倒入之前炒好的牛柳。
9. 加蚝油、适量的盐和黑椒粉翻炒均匀。不忌讳加糖的，这会儿可以把糖一起加入。这时候可以尝一下，视自己的口味调整盐量。
10. 加入花生碎，翻炒均匀。出锅后撒芝麻装饰。",15,5,6,555.0,420.6,69.06,3.32,30.2,1.35,56.7,14.43,239.1,46.67,100.0,3,4,8,0,legacy,"[""家常菜"",""下饭菜"",""快手菜""]","[""3"",""5"",""8"",""11"",""16"",""338""]"
73157,香菇腐竹板栗煲土鸡,香菇腐竹板栗煲土鸡,"散养土鸡本身肉质较柴，腥味重，香味也浓，但由于肉质原因，一般只是拿来熬汤，其他料理方式就不太适合。
今天用半只土鸡结合各家高招，用百年不用的万古烧土砂煲，效果不错。",,半只土鸡，150克板栗，20朵香菇，一大块姜，10ml老抽，40ml生抽，40克干腐竹，一根大葱，一头大蒜，三颗八角，一块山奈，少许干辣椒，少许陈皮，20ml高度白酒，20ml蚝油，30粒花椒，10颗冰糖,"1. 板栗炸至金黄
腐竹泡发、挤干水，炸至干
干香菇泡发
土鸡半只斩块 

起炒锅，温油爆香八角、辣椒、花椒，然后下大块姜、葱、蒜，炒香，入鸡块翻炒

翻炒五分钟，烹入二锅头，继续翻炒十分钟 

炒至鸡肉略脱水，捞出；

起砂锅，重新入油，爆香大块葱姜蒜，加入已经炒过的鸡，略炒；


2. 烹入生抽，呲出香味，再次烹入二锅头，炒一分钟至酒香味烹出，加入泡香菇的水，炸过的腐竹和板栗，入老抽、蚝油、冰糖，开盖大火烧五分钟，然后转最小的火，盖盖，小火焖两小时。
3. 最小的火，保持锅内温度稳定。
不用经常开盖。
 炖足两小时，最多打开看两次，别糊锅就是了。

4. 成品 汤汁浓郁

土鸡软烂脱骨而不失其形

香味复合而浓郁

",17,6,6,713.0,398.8,15.59,2.35,86.79,16.16,44.8,3.15,29.7,52.94,100.0,6,9,2,0,legacy,"[""家常菜"",""下饭菜"",""土锅料理"",""重口味""]","[""1"",""2"",""3"",""23"",""24"",""169""]"
73181,爆炒花蛤,爆炒花蛤,看朋友圈有人在家做花甲粉 后来就很想吃花蛤啦 六块多一斤 算贝壳类很便宜的啦,,吃多少买多少花蛤，半根葱，4片姜，10瓣蒜，一大把花椒，1片香叶，一大勺郫县豆瓣酱，很多料酒，最后适量放盐，1小勺鸡粉，1勺蚝油，多来点味极鲜酱油，2勺玫瑰烹饪醋，1个干辣椒,"1. 我是在🦛买的花蛤 吐沙子吐的都很干净啦 买回家洗了洗 之后在水里加了一些香油 泡了大概1小时
2. 泡完了用水洗净 之后凉水下锅 焯到花蛤开口开的很大 就可以关火了
3. 此时锅里会有很多泡泡 所以把花蛤捞出来 用热水冲一冲 洗干净备用
4. 热锅凉油下调料——花椒 葱 姜 蒜 香叶 干辣椒 炒香
5. 加入郫县豆瓣酱 继续炒 炒香
6. 下花蛤 炒
7. 翻炒翻炒 之后加入料酒 鸡粉 醋 味极鲜（生抽）蚝油
8. 盖上盖子焖一小小下 收汁
9. 出锅撒香菜 
10. 吃饭啦！",14,3,3,88.0,83.0,2.9,0.43,17.87,1.9,31.9,1.17,15.1,28.57,100.0,0,10,4,0,legacy,"[""海鲜"",""下酒菜"",""快手菜"",""家常菜"",""花蛤""]","[""1"",""2"",""3""]"
73972,黑椒牛柳炒意面,家庭版黑椒牛柳炒意面,大家好，我是一名独居生活一年的90后，今天超市打折，跑去买了一点牛肉，那么，今天就给大家分享一个在家也能做的黑椒牛柳炒意面，味道不比餐厅差哦~一起往下看吧！,,1把意大利面，1小块(100g)牛肉，1根青椒，半个圆葱，1根香葱，6瓣蒜瓣，1勺生抽，2勺料酒，1勺老抽，1勺耗油，1勺黑胡椒粉，两勺玉米淀粉,"1. 准备食材:意面一小把、牛肉100g洗凉水澡(按照纹路切细条)、青椒切丝、圆葱切丝、香葱切丝、蒜瓣切片。牛肉切条后腌制一下，放入一勺料酒、一勺生抽、一勺黑胡椒粉、适量玉米淀粉，敷保鲜膜放冰箱冷藏15-20分钟！
2. 这个时间煮一下意面，锅中烧水，水开下入意面煮，加半勺盐，煮8－15分钟。因为不同品牌的意面，要求煮的时间都不一样，所以具体需要看看包装说明详情。煮的差不多了捞出控水备用。
3. 起锅烧油，下入蒜片、葱丝、圆葱丝炒出香味，下入提前腌制的牛肉，炒至变色，接着再加一勺老抽给它上个颜色。
4. 牛肉炒变色微焦以后，这个时候下入青椒丝翻炒，然后再把我们煮好的意面放进去继续翻炒。最后，加一勺生抽、一勺耗油、一勺鸡粉(家里没有了，我没有放)改大火再翻炒，翻炒匀乎~就可以出锅了。
5. 这期黑椒牛柳炒意面就到这里了，有什么疑问评论留言。下期准备更新秘制柠檬凉拌鸡爪，加个关注，下期见！祝您生活愉快！",12,5,5,370.0,218.7,22.15,9.04,13.43,0.47,32.7,2.53,76.6,50.0,100.0,0,12,0,0,legacy,"[""面"",""西式"",""家常菜"",""凯凯食记"",""炒""]","[""1"",""2"",""5"",""8"",""11""]"
74191,老北京炸酱面,自制老北京炸酱面,"国庆我宅在家刷朋友圈，看着大家天南地北地到处游乐晒图。

说实话，我一点儿也不羡慕！！！（叹气）

虽然我人不能到处跑，但是我在家就能尝遍天南地北啦。

这不，瞧着那老北京炸酱面真不错，便跑去市场采购食材自个儿在家捣鼓起来。

据说炸酱面的前身是“烂肉凉面”。这碗听着上不了台面的面，却在物资匮乏的年代陪伴北京人熬过一段飘摇风雨。

饭要吃得讲究，日子也要过得讲究，这是北京人骨子里的规矩。

而这碗染了苦难光辉的面条，于北京人而言，情深意切意义非常。",,适量手工面，适量五花肉，适量姜葱蒜，#酱料，1汤匙酱油，2汤匙料酒，2汤匙黄酱，1汤匙甜面酱，3汤匙纯净水，1汤匙香油，3汤匙食用油，#菜码，适量黄瓜丝，适量豆芽菜，适量胡萝卜丝，适量五香黄豆,"1. 将黄瓜、胡萝卜刨成细丝，蒜头去皮切成1毫米厚度的薄片，绿豆芽摘掉根部后洗净备用。

ps：不同的刨丝器刨出来的丝也不一样。

对了，记得刨丝器挺锋利的，小心手哟。
2. 准备食材。让猪肉摊主把五花肉切成小丁，放到干净的碗里备用。

ps：不怕油腻的话，也可以自己买肉回来自己切。
3. 将甜面酱、黄酱、以及清水按照1：2：3的比例调制成混酱。
4. 先把黄酱与清水搅拌至无颗粒状态，再加甜面酱。

ps：酱料我买的是六必居的，疯狂安利它！！！
5. 将电陶炉560度预热一下后，往雪平锅中倒入香油与食用油。

油热之后倒入猪肉丁、姜蒜末煸炒一下。
6. 五花肉煸出油时，再倒入混酱与1汤匙酱油、2汤匙料酒。
7. 翻炒搅拌熬制5-8分钟左右，炸酱变得黏稠时放入葱丝翻炒一下即可。

ps：注意多多搅拌，防止糊锅。

如果是买了比较肥的五花肉，熬炸酱的时候会煸出很多猪油，不喜欢的人可以捞掉一些。

出锅前可加入适量的生粉水，勾个芡。
8. 用电陶炉600度煮一锅热水（大约10-15分钟），先把绿豆芽菜和胡萝卜丝焯烫一下。

ps：电陶炉台根据不同的锅体预热的时间不同，锅内的水量多少也会影响烧煮时长。
9. 再利用锅内热水把面条焯熟之后，放到干净的碗中备用。

不同的面条烧煮的时间也不同，我买的是普通的手工粗面，大概煮5分钟左右。
10. ps：吃面有两种做法，“锅挑”是面条煮熟后直接捞进碗里，放菜码淋炸酱便可以吃。

而“过水”则是用凉白开过一下沥干汤水，这样的面会更Q弹。
11. 根据个人口味将菜码依次放在面条上，建议多加些。
12. 淋上新鲜出炉的炸酱，搅拌一下便能下肚了！
13. 搞定，开吃~
14. 拿着碗扒拉一大口面，浓郁酱香十足的肉酱夹着脆口菜码，细嚼慢咽中咂摸出滋味。

黄瓜丝儿、豆芽菜与胡萝卜丝清爽可口，五香黄豆粉糯带着些许清甜。
15. 蒜头被切成薄薄一片，带着独特的辛辣，让人在咀嚼乏味之时来个激灵，勾起了千百种滋味来。

可以说，这炸酱面要是没了这蒜片，便没了灵魂！（来自一个因为炸酱面而爱上吃蒜片的少女的心声！）
16. 可不就有句话怎么说的，“豪爽粗犷的京城炸酱面，也藏着四季风物的温柔”。
17. 种草时间：

小宇青年小炉台

爆炒网红电陶炉，达人们推荐好物。智能APP控制+美食自媒体，一人食也可以很精致！",16,6,7,0.0,0,0,0,0,0,0,0,0,31.25,100.0,0,7,9,0,legacy,"[""快手菜"",""宴客"",""宿舍"",""面条"",""创意菜"",""懒人食谱"",""家常菜"",""北京小吃""]","[""1"",""2"",""3"",""4"",""6"",""10"",""19""]"
74297,牛肉面,牛肉面,,,一颗（参考人数及高压锅容量）净澳牛牛腱，一包（需棉布袋）超市卤包(无花椒则需补充)，比例：3:2:1 小茴香花椒各一瓷勺或八角草果桂皮(片)小茴香花椒，一把（挑选中等偏大捆）小葱，一小颗白洋葱（选配，会增汤头甜味），一颗即可（中等或大颗）番茄，一颗或一包酸菜(参考澄海酸菜)，少量（5到8粒）小红椒（一指节大小），两颗姜，一颗（尽量选大头蒜、每颗较大体）蒜，一捆欧芹，一捆蒜苗，一小袋冰糖（甜度温和），酱油，小罐辣豆瓣酱，料酒，生抽，依个人用量面（宽面厚面最宜）,"1. 将除牛腱外全部食材
清洗干净
2. 牛腱洗净(小水流)或擦净
稍擦干表面水分
顺纹切长条状
或逆纹切厚片状
     依所需口感调整
3. 小葱取一半打结
姜取一颗切片(厚薄皆可)
蒜取半颗切片或拍扁

（中火）
七成热锅中放油2成
稍适20秒放入葱姜蒜
4. （中火）
蒜表面出金黄色或葱出焦黄色时
放入牛肉一起煎炒
至四面/两面有焦黄色

取出锅中食料至高压锅内（含汤汁)
5. 炒锅无需清洗
逆纹切白洋葱至条状（不要太厚）刀刃垂直于洋葱生长方向即为逆纹

洋葱加入炒锅内反炒至半透明 (炒越久则逾软逾甜
依个人口味选择)
6. （小火）
炒锅中加入生抽90克
冰糖两粒
【最后】加入豆瓣酱两匙
并迅速翻炒均匀
（转中火）
加入剥皮切小块的番茄
翻动几下即可
7. 炒锅内沸腾后
转至高压锅内
并使水位刚盖过牛肉（非硬性条件，参考下句）
烹煮40min

【高压锅内水位应在安全线内】
8. 如认为汤汁不够可自备浓汤宝或煮牛骨汤底
9. 将酸菜叶与菜干分离
菜干斜刀剖片
与菜叶一起切粒（约玉米粒大小）

小红椒切粒

剩余蒜切粒或拍碎
10. 炒锅擦干（勿洗）
加入2成油
（中小火）
【先】下入小红椒粒
紧接着下入酸菜粒

迅速反炒
加入蒜粒继续快炒
11. 酸菜快炒出锅
（切勿炒干失去水分）

欧芹、剩余小葱切粒
蒜苗切片（1cm宽即可）
12. 面煮熟后开始分装：
面-牛腱-汤头-
小葱欧芹粒-蒜苗-炒酸菜
13. 洗锅洗碗",17,7,7,451.0,24.5,1.01,0.23,5.12,0.99,19.3,0.69,5.4,41.18,90.0,0,9,7,0,legacy,[],"[""1"",""2"",""3"",""5"",""62"",""80"",""281""]"
74421,鸡肉炖土豆,鸡肉炖土豆,秋日的晚餐，配上米饭，淋上少许汤汁，美味馨香。,,2个土豆，600克半只鸡，3-5朵香菇，少许香菜，半根葱，5-8片姜，10片蒜片，2个干辣椒，2个八角，8粒花椒，适量生抽，生抽的二分之一料酒，生抽的二分之一老抽，适量盐，少许提鲜白糖，400克水，1片香叶，勺料酒,"1. 葱切段、姜切片、蒜切片
2. 准备八角、花椒、香叶、干辣椒
3. 半只鸡切块，冷水泡1个小时、去除血水。
沥干水分后、倒入料酒，少许盐腌制15-20分钟。
4. 土豆切块、香菇切块
5. 锅中放入少许油，放入葱姜蒜花椒大料干辣椒炒出香味。
6. 放入鸡肉炒至表面金黄色后放入土豆一起翻炒。土豆炒至金黄色后，放入香菇。
7. 放入生抽老抽，炒至上色后。
倒入开水，没过食材。
盖上锅盖，中火炖20分钟。
8. 大火收汁出锅。放入少许香菜。",18,6,6,671.0,561.7,20.21,1.94,121.69,11.43,122.1,4.98,68.4,38.89,100.0,2,9,7,0,legacy,"[""家常菜"",""晚餐"",""东北菜"",""宴客"",""下饭菜""]","[""1"",""2"",""3"",""9"",""12"",""23""]"
74630,又营养的平底锅锡纸牛肉,简单又营养的平底锅锡纸牛肉（懒人版）,,,400克牛肉（最好是上脑），适量水，1勺淀粉，随意，没有就不加芝麻，1袋烤肉酱，5根芹菜，2根胡萝卜，1个洋葱，1把金针菇，5个泰椒，🥕🥕🥕🥕🥕🥕🥩🥩🥩🥩🥩🥩🥩，对应300克牛肉         👇🏻抖音配方家里没有烧烤料的可以按下面的配👇🏻，2勺生抽，1勺耗油，1勺料酒，1盐匙盐，1盐匙糖,"1. 牛肉切薄片，如果不是上脑切丝。

加入淀粉、芝麻，再一点点加水，顺时针搅拌，吸收后再慢慢加，直到肉质松软。（牙口好的这步可以省略😂）

Tips：不要加太多水，这个做法不损失水分，加太多熟了汤太多，不好吃。万一加多了，可以再加少量淀粉吸收水分。
2. 烧烤酱料加到牛肉里，腌渍一会。

腌渍过程中，准备青菜：洗净金针菇用水泡一会。洗净泰椒，剪成圈。
3. 洋葱洗净切块。
4. 芹菜洗净切段。
5. 胡萝卜去皮、洗净、切成和芹菜差不多细条或片。
6. 取30*60cm锡纸，一半放菜，另一半当盖子～

先把蔬菜铺到最下面～

Tips：
1. 这步可以在案板上操作，方便一会放到锅里，量大用手托着容易把锡纸弄破。
2. 铺的时候三边各留3cm左右边缘～
3. 喜欢蔬菜多多的，更健康～
7. 铺上一层牛肉～
8. 上面铺上金针菇，然后撒上泰椒～

Tip：菜把肉夹中间，比较利于菜入味。
9. 锡纸对折，卷起边缘并压实，封住底边。

10. 依次封好另外两边。

Tips：封的过程尽量排空气体。
11. 完全封好了，来个定妆照～


12. 展示一下我的锅。这个菜正常是用平底锅，但是我家平底锅没有盖子😂就用炒锅了。这个锅底也很平，没影响～已经做了好多次了～
13. 锅里什么都不加，把卷好的锡纸放进去就OK了～

盖好盖子，中火10分钟🕰

Tips：有老人、小宝贝的时间稍长，牛肉比猪肉、鸡肉还是难消化，但是营养好，就做软了吃～
14. 时间到了，打开锅盖，明显膨胀了～
15. 转移到盘子里：侧着锅，用铲子轻轻推出来～✌🏻️
16. 剪开，开次～😋😋😋

Tips：里面有蒸汽特别烫～注意防护❗❗❗",16,6,6,1695.0,882.1,87.66,36.6,56.22,9.69,178.5,12.53,938.0,43.75,100.0,2,10,4,0,legacy,"[""家常菜"",""快手菜"",""简单"",""营养""]","[""5"",""6"",""8"",""27"",""46"",""274""]"
74662,酸甜番茄鱼汤,🍅酸甜番茄鱼汤（青鱼）,今天没有鲤鱼啦，买了青鱼的中间鱼段部分~就弄成鱼片滑汤。想起了有番茄就做成酸甜爽口的鱼汤，清淡开胃喔🙆🏻妈妈喝鱼汤，我加了白粿等材料做成了午餐~,,2小个（一大个）西红柿，两片姜，适量盐，适量醋＋糖（我用寿司醋，苹果醋也可以~），适量姜粉，适量胡椒粉，适量油（橄榄油），3小瓣蒜，蛋清＋蛋黄鸡蛋，（在鱼汤的基础上）🥄番茄白粿鱼片汤，适量白粿，加点水稀释成蛋黄液蛋黄，适量香菜，适量黑胡椒碎，适量黄瓜🥒，蔬菜~,"1. 鱼洗干净、切块切片（鱼肉可拜托老板帮忙切~）
滤滴水（清除水分）
2. 一个鸡蛋分离成蛋黄蛋清，分别打散（蛋清打至冒泡~）
3. 加盐、胡椒粉、姜粉、料酒、蛋清，以及少许橄榄油~

4. 均匀搅拌~~~腌制10min以上，入味。
5. 番茄去皮~（十字架划痕➕热水＝轻松去皮）
6. 番茄切块，准备好葱姜蒜。
7. 热锅冷油（少许），加姜蒜爆香（可加葱头一起爆香~）
8. 番茄加适量盐和水，熬煮。
9. 番茄汁加热水直至汤滚，先加入鱼骨熬煮(汤味道会更好~)
10.        煮至鱼肉变白即可（可小心翻动~用力过猛可能导致鱼肉破碎）
不要煮过久导致鱼肉过老。
      加入醋、葱花、胡椒粉（黑白都可以~风味不同💫但我两种都使用了）
      口味凭个人喜好斟酌加重加料。（可加辣椒粉等）
11. 🍲番茄白粿鱼汤（低脂健康餐）
12. 加入白粿（提前焯水）、蛋液、黄瓜、生菜「我觉得如果之前使用黄油，香甜味道应该还不错？下次可以试试看~有点像番茄锅🍅」
13. 加入黑胡椒碎、罗勒碎。趁热呼呼的吃~♪(´ε｀ )
14. 还是可以加豆腐的哈哈哈哈豆腐鱼片汤，做法参照鲫鱼豆腐汤💁🏻",16,4,4,31.0,26.6,0.88,0.13,5.79,0.6,10.2,0.4,5.3,37.5,66.67,0,2,13,0,legacy,"[""汤羹"",""家常菜"",""三餐"",""鱼"",""快手菜""]","[""2"",""3"",""9"",""14""]"
74936,台湾卤肉饭,台湾卤肉饭,"熬上一锅诚意满满的台湾卤肉饭，无敌下饭，充满魔力。一家人围在一起享用会是美好的时光；一个人的话，也是犒劳自己不错的选择。

视频菜谱网址：

http://v.youku.com/v_show/id_XMTU3ODMwMjI0MA==.html?from=y1.7-1.2",,600g带皮五花肉，600g红葱头或洋葱，12g干香菇，若干青菜，4、5个鸡蛋，90g萝卜干，500ml;20ml;10ml食用油，60ml生抽，50ml酱油膏（或者老抽与耗油1:1配），20ml料酒，800ml泡香菇水，一段葱，3片姜，两瓣蒜，5颗花椒，2颗八角，一小段桂皮，2片香叶，5粒小茴香，1个辣椒,"1. 提前泡发香菇
2. 姜切片，蒜对半切
3. 肉切筷子宽窄的小条
4. 洋葱可切小丁直接炸，也可以切条裹淀粉炸
5. 香菇切小丁
6. 炸油葱酥
7. 给肉焯水
8. 开水洗肉
9. 炒香香料，捞出待用
10. 炒香香菇
11. 倒入焯好水的肉，稍稍炒出油
12. 加入生抽
13. 加酱油膏
14. 加油葱酥
15. 加入香菇水
16. 放入料包
17. 加料酒
18. 蒸米饭
19. 煮鸡蛋
20. 剥鸡蛋皮
21. 肉卤一个小时后放入鸡蛋，再卤半个小时
22. 青菜焯水
23. 大火收汁
24. 装盘",19,5,6,1556.0,2017.4,91.62,180.84,7.01,1.4,53.8,8.54,346.9,47.37,100.0,9,7,3,0,legacy,"[""卤肉饭"",""家常菜"",""大鱼大肉"",""午餐"",""晚餐"",""下饭菜"",""小吃"",""猪肉""]","[""2"",""3"",""4"",""10"",""17"",""93""]"
75709,版西红柿烧茄子,健康版西红柿烧茄子（少油版不油炸）,"非常下饭的一道菜。
经过提醒 可以在切完茄子后加盐腌5分钟
或者微波炉打茄子两三分钟
可以使茄子更快软化",,1个茄子，1个西红柿，4瓣蒜,"1. 切成滚刀块
或者切片后掰碎
爱吃茄条的也可以切条
2. 倒入没过一个底的油
烧热
3. 下茄子
翻炒
翻炒的时候
用铲子压压茄子
使茄子里的水分出来
这样茄子就可以变软了
4. （现在我没有放任何调料哦）
真的要炒超级久 大概5分钟-10分钟！要有耐心

手法如图。这么压茄子
5. 炒到大部分都变软了之后下西红柿
直接下就行不用放油哈
6. 将西红柿炒软后
放半勺糖，
两小勺盐，
两铲子生抽

7. 加水
不用没过茄子
只是用水把茄子炖烂一点
8. 收一收汤
出锅前加入蒜末，炒一炒
尝一尝味道 淡了再加点盐",3,3,3,370.0,98.1,4.55,0.74,21.07,3.47,71.8,1.69,27.1,100.0,100.0,0,3,0,0,legacy,"[""烧"",""炸"",""快手菜"",""素食"",""下饭菜""]","[""2"",""14"",""110""]"
75921,罗汉粉蒸肉【大师的菜】,罗汉粉蒸肉【大师的菜】,"「粉蒸肉」，一个菜名就叫我梦萦多年，想象起来就必定是极致美味。它是承包了我们所有人小时候的童年味，坐在饭桌前留着哈喇子翘首以盼妈妈将这道菜端上桌，一口咬下去，满口香嫩，那些还在等着被解决的家庭作业全部抛之脑后，然后因为吃得太撑，瘫软在沙发上打了好几个饱嗝~

「罗汉粉蒸肉」，川菜大师王治龙在粉蒸肉的基础上，延续着其菜的经典，并对其进行了再次升华，不仅唤醒了我们烙印在心底的味道，还让我们不得不感叹食物的精妙。",,500克三线五花肉，100克杏鲍菇，10朵小香菇，10个鹌鹑蛋，200克青豆，10颗菜心，60克米粉，8克精盐，10克醪糟水，10克豆腐乳汁，50克豆瓣酱，5克姜末，2克花椒（剁碎），50克辣椒红油，10克老抽，25克水豆粉，少许姜片，少许蒜片,"1. ✔ 将五花肉去毛洗净，切成2寸5宽、
2. 3cm厚，尽量保证每一片大小相同，厚薄均匀。
3. ✔ 在已经打好的米粉碗中，加入开水，将米粉烫发。（米粉需采用没有糯性的米才能达到效果。）
4. ✔放入盐、醪糟水、刀口花椒、姜末、豆瓣、豆腐乳、胡椒粉、老抽、辣椒红油进行搅拌。（醪糟水能有效去腥解腻，效果和料酒相同，醪糟水更为传统。）
5. ✔ 再加入烫发好的米粉，均匀搅拌，使得每一块肉都附着。
6. ✔将裹好米粉的五花肉进行摆盘，摆成三滴水。
7. ✔ 将青豆提前焯水，「将青豆放入五花肉裹上米粉的碗里，使其裹上米粉，这样味道更佳」然后平铺在已摆好盘的五花肉上。
8. ✔  蒸笼蒸上50分钟左右，在蒸的途中不能揭开笼盖，需一气呵成。
9. （在等待生肉蒸成美味佳肴的时间里
可以同时进行粉蒸肉的配菜准备喔）
✔ 「油炸鹌鹑蛋」
在煮好的鹌鹑蛋里放入干豆粉，搅拌均匀（防止炸制过程中裂开）。倒入5-6成热的油锅里下锅油炸，表面呈金黄色后起锅捞出备用。
10. ✔ 「杏鲍菇、香菇入水沸煮」
将杏鲍菇和香菇洗净，杏鲍菇切成斜刀片。放入烧开水的锅中，放入少许的盐，进行沸煮，煮熟后沥水捞出备用。
11. 50分钟到啦！
✔ 将煮好的菜心摆盘，蒸好的五花肉倒扣在上面。将杏鲍菇、香菇、鹌鹑蛋围绕在粉蒸肉的四周进行摆盘。
12. ✔ 在锅里烧油，油温到达3成热时加入豆瓣、姜片、蒜片进行煸炒，炒香出色后倒入鲜汤。炒入味后打去锅里的渣。
13. ✔ 锅里再倒入水豆粉进行勾芡，待汁水红亮浓稠时即可。
14. ✔ 调好的浓汁起锅后迅速均匀的浇淋在粉蒸肉上。
15. 成菜！",18,7,7,1300.0,748.7,47.8,22.81,97.8,18.54,438.0,15.61,178.8,66.67,100.0,13,3,2,0,legacy,"[""川菜"",""年夜饭"",""年夜菜"",""家常菜"",""粉蒸肉""]","[""2"",""3"",""23"",""65"",""83"",""101"",""165""]"
75952,猪肉酸菜炖粉条,猪肉酸菜炖粉条,这道经典的东北菜，在北方几乎家家户户都会做，但做法各有不同，推荐一个我自己的做法,,500克五花肉，1把土豆粉条，350克酸菜，1块冻豆腐，4-5瓣大蒜，1个八角，3片姜，4-5个干辣椒，3-4勺生抽，2勺盐，2勺糖，1小勺老抽，2勺料酒，1勺白胡椒粉,"1. 五花肉切厚片，冻豆腐切块，我是买的老豆腐自己冻的，粉条提前泡水，推荐大家买土豆粉条，比红薯粉条好吃，酸菜可以买切好的丝，如果是真快的自己切细丝就可以，干辣椒对半切开
2. 热油爆香姜蒜八角干辣椒
3. 下入五花肉翻炒，加入一勺盐一勺糖一勺胡椒粉，炒出油
4. 下入酸菜翻炒，这一步很重要，酸菜一定要炒过才好吃
5. 酸菜炒香后加入开水，生抽，老抽，料酒，糖，盐
6. 冻豆腐平铺在锅里煮1分钟
7. 土豆粉铺在锅里，如果水不够，这一步要加适量的水，然后中小火盖盖子煮20-30分钟左右
8. 开盖子翻炒均匀，如果味道不够再做补充调味
9. 这一碗出锅，楼道里都能闻到香味",14,3,4,914.0,1747.8,80.14,151.99,21.11,3.01,214.8,8.49,443.5,42.86,100.0,2,12,0,0,legacy,"[""家常菜"",""下饭菜"",""宴客菜"",""炖""]","[""2"",""3"",""4"",""10""]"
76295,到舔盘土豆红烧肉盖饭,好吃到舔盘🥔土豆红烧肉盖饭,"好吃又下饭
后悔做晚了
【以下为两人份】",,半斤左右五花肉，1个土豆，半根胡萝卜，一小块姜，3瓣蒜，2勺生抽，1勺老抽，适量盐，2片香叶，1块桂皮，适量花椒，1个八角，半勺豆瓣酱，5块冰糖，5个干辣椒,"1. 提前备好食材，五花肉土豆胡萝卜切块，姜蒜切片
2. 五花肉冷水下锅，放入料酒，姜片，部分花椒去腥，大火煮开
3. 撇去血沫捞出，洗净备用
4. 不粘锅烧热，不放油，直接把五花肉下锅煸至两面金黄
5. 捞出五花肉，锅中留下的油，放入冰糖，炒出糖色
6. 放入五花肉上糖色，然后放入姜蒜片，半勺豆瓣酱，香料翻炒均匀
7. 倒入开水没过五花肉，然后放入两勺生抽，一勺老抽，加盖小火焖煮35分钟左右（注意别烧干了）
8. 开盖，放入土豆胡萝卜继续焖煮10分钟
9. 完成啦！！！超下饭！！！好吃到舔盘！！！姐妹们快动手试试吧！！！",15,5,6,488.0,1010.0,43.78,76.35,39.58,4.78,53.3,5.04,198.0,40.0,100.0,1,12,2,0,legacy,"[""快手菜"",""家常菜""]","[""2"",""3"",""4"",""6"",""10"",""12""]"
76821,酸辣凤爪 一盆都不够吃,【酸辣凤爪】一盆都不够吃,吃东南亚菜必点的酸辣凤爪，在家也可以来一盆！酸酸辣辣超级开胃！正餐做开胃菜，看剧也不能让嘴巴闲着，都是绝佳搭配！,,16只鸡爪，5勺陈醋，2勺香油，1勺蚝油，4勺酱油，1小勺盐，1小勺糖，2勺料酒，1个柠檬，2个百香果，半个洋葱，3根葱，3根香菜，半个或一个蒜头，一块姜，3个小米辣,"1. 鸡爪剪掉指甲，一只切成三块。冷水下锅，加入几片姜，2勺料酒，打一个葱结。大火煮沸10分钟后关火。不要煮太久不然鸡爪会煮到软烂喔！
2. 关火后马上洗干净，泡在冷水中。拿进去冰箱冷藏。有冰水的的直接放入冰水就可以啦！鸡爪表皮会更清爽！
3. 接下来把所有食材切丁切片，柠檬要把籽挖掉，不然会苦喔！
4. 把鸡爪从冰水中捞出来，沥干。加入调料：4勺酱油、1勺蚝油、5勺陈醋、2勺芝麻香油，1小勺盐和1小勺糖，抓匀
5. 全部混合！抓匀，用手最方便！
6. 五颜六色，看着就很新鲜开胃！
7. 抓匀后用保鲜膜盖住，放入冰箱冷藏一小时，就基本入味啦！
8. 冰冰凉凉，酸酸辣辣！一人可以啃一盆！有骨头的啃的更香！（才不是去骨太麻烦😆🤏）
9. 酸辣鸡爪啃完后，剩下的汤汁可以拿来做个凉拌金针菇，也是整盆吃光光！把金针菇煮熟沥干加进去搅拌就可以啦！",16,8,8,1973.0,3898.7,361.55,247.64,57.6,2.97,713.1,23.62,2558.3,50.0,100.0,0,16,0,0,legacy,"[""家常菜"",""凉菜"",""快手菜""]","[""1"",""3"",""5"",""9"",""22"",""91"",""112"",""120""]"
77367,尖椒肥肠,尖椒肥肠,肥肠是非常地道的一道家常菜，以前在家，姐姐做这个菜特别好吃。想家了，做个菜怀念一下家的味道。,,500克肥肠，3个尖椒，3瓣蒜，一勺生抽，一勺花椒面，一勺料酒，一勺大料面，适量料酒，半根胡萝卜，半个洋葱,"1.         超市买回来的猪大肠还是很干净的，不过我们还是要清洗一遍，把大肠用筷子翻过来，然后加盐，加点面粉。最后用清水洗一遍。齐活！冷水下锅，蒜，大葱，生姜，花椒粒，煮40分钟。
2.          一斤的肥肠出锅也就三俩的样子，正好炒一盘。肥肠夹出来冷却以后，斜刀切段儿。准备葱姜蒜
3.         尖椒最好用手掰半儿，保持自然的纹理，不过最好带上手套掰，不然手指会被辣椒扎的生疼
4. 起锅烧油，下入肥肠煸炒，当肥肠变色，加入葱姜蒜，一勺郫县豆瓣酱，一勺十三香，一勺盐，中火翻炒，然后加入洋葱，胡萝卜，尖椒，大火翻炒，闻到香味后，加一勺白糖，出锅！",9,4,4,1000.0,138.6,4.5,1.2,31.77,1.5,76.0,2.13,70.1,66.67,100.0,1,8,0,0,legacy,"[""家常菜"",""辣"",""肥肠""]","[""2"",""5"",""6"",""11""]"
77552,家常菜之宫保鸡丁,家常菜之宫保鸡丁,,,1根黄瓜，2汤勺料酒，10厘米葱白，2-3克盐，1汤勺淀粉，2块鸡胸肉，1两花生，半根胡萝卜，1/2汤勺豆豉，2汤勺白醋，2汤勺生抽，1汤勺糖，1汤勺蚝油，适量花椒粉，三片姜，两瓣蒜,"1. 鸡胸洗净切
2. 5cm小块，用料酒、盐、淀粉，花椒粉，抓匀，腌制半小时左右。没有花椒粉用五香粉替代也可以。
3. 熟花生去皮待用。我懒就买的现成的熟五香花生。后面成品发现没有原味花生好吃。
4. 黄瓜切丁待用。
5. 胡萝卜切丁。
6. 葱姜蒜切碎。
7. 鸡肉下油锅滑炒至变色，盛出。
用材料中的白醋、生抽、蚝油、糖、料酒混合调汁备用。
8. 豆豉下油锅翻炒，出红油。加葱姜蒜末继续翻炒出香味。
9. 加胡萝卜丁翻炒至变软，继续加黄瓜丁。
10. 待黄瓜丁明显变软时，加鸡肉翻炒半分钟，倒入步骤6中备好的调汁，继续炒匀。
11. 加入花生翻炒10秒即可出锅。
12. 装盘准备开吃哈",16,7,8,649.0,737.8,89.17,28.56,33.26,5.17,100.8,6.14,194.5,50.0,85.71,2,10,2,0,legacy,"[""家常菜"",""下饭菜"",""快手菜""]","[""1"",""2"",""3"",""6"",""15"",""16"",""19"",""24""]"
77575,干煸肥肠,干煸肥肠,肥肠，小时候都是煮好卤好后凉拌，第一次吃就爱上了它。但由于做肥肠比较麻烦，都是在餐馆吃，但总觉得清理的不够干净，还是自己亲自做一次吧，喜欢的朋友可以参考。,,半斤肥肠，10个干辣椒，一小把花椒，若干片姜，四分之一个洋葱，2个尖椒，三根蒜苗，两根芹菜，4瓣蒜，半根大葱，5个八角，一块桂皮，一勺豆瓣，一勺料酒，一小勺酱油,"1. 用筷子插进去把大肠内面翻过来，简单冲洗，锅内放清水，然后放入姜片大葱桂皮料酒等汆水，除去大肠的腥臭味，十五分钟即可
2. 煮好后清水冲洗，再把内面翻过来，这样保证了里外都能清洗到，放盐揉搓一下，再次放锅里煮，同样加入调料，这次煮的时间较久，一个小时以上。
3. 煮的时候切好调味料
4. 尖椒，洋葱，蒜苗，芹菜梗，分别切好备用
5. 肥肠煮好后再次清洗，别嫌麻烦，自己吃就是图个干净卫生嘛，吃起来才放心。然后切滚刀，滚刀既成型又易入味
6. 锅热放油，加入肥肠开始煸炒走油
7. 肥肠淡黄色时加入调料开始入味
8. 炒香后开始放入豆瓣，然后加入酱油，增色增香
9. 后放入小葱尖椒芹菜洋葱，放入一勺料酒，当尖椒呈虎皮时就可以盛出了，这时候的肥肠是淡红色颜色丰盛，很有食欲。
10. 开始享用，谢谢各位点击查看，请参考。",15,6,6,665.0,140.0,5.82,2.34,29.95,6.74,70.0,2.59,221.6,53.33,100.0,1,13,1,0,legacy,"[""下饭菜"",""家常菜"",""大鱼大肉"",""煸""]","[""1"",""2"",""3"",""11"",""27"",""80""]"
77844,红烧卤肉,红烧卤肉(焖嫩豆腐),"来一个简单美味的红烧卤肉饭，发现原来可以用红烧卤肉焖豆腐，豆腐也会变好吃，如果你做红烧卤肉饭，吃剩了一点可以第二天拿剩下的来做一个红烧卤肉焖嫩豆腐。

或者可以用一半量的红烧卤肉来焖豆腐也可以的。",,500克五花肉，3-4个鸡蛋，250克嫩豆腐，4朵干香菇，5个新鲜蘑菇，半个洋葱(大)，2条葱/蒜叶，4片姜末，3瓣蒜末，#调味料，2个八角，20-35克冰糖，2克盐，1-2大勺花雕酒/料酒，1大勺生抽，1.5大勺老抽,"1. 材料准备好，姜，蒜切碎，葱蒜叶切好。
洋葱，泡好的干香菇，新鲜蘑菇切粒。
2. 鸡蛋可以在准备材料时就可以开始煮熟。

如果焖豆腐可以不放鸡蛋。
3. 先热锅放2大勺油，放进洋葱粒中火炒至香变色。
4. 然后盛出。
5. 炒洋葱时，可以把五花肉切丁。
6. 煎洋葱的锅直接放进五花肉丁炒至熟。
7. 然后放进所有的香菇碎，葱花，姜蒜末炒均匀。
8. 然后就放进调味料
9. 先放料酒，盐，生抽，老抽炒匀。
10. 然后再加进冰糖和八角
11. 加进水位刚盖至内，放进剥好的鸡蛋，盖上盖子煮开后，转小火煮1小时。

中途翻拌一下。
12. 如果要放豆腐的话，到剩下10-15分钟前放进豆腐焖煮。
13. 豆腐煮10-15分钟左右，其间小心翻炒一下让其均匀上色，然后就撒上点葱花，完成。

Enjoy!",16,6,7,1209.0,2026.9,106.99,168.2,24.11,4.33,182.0,12.28,568.4,50.0,93.33,4,10,1,0,legacy,"[""家常菜"",""红烧"",""卤肉"",""中餐"",""焖""]","[""2"",""3"",""4"",""5"",""7"",""10"",""93""]"
78001,豆角炒鸡蛋,豆角炒鸡蛋,最近迷上了吃豆角，以前咋没觉得豆角这么好吃呢？,,豆角，鸡蛋，油，盐，姜，蒜，小米椒，生抽,"1. 豆角洗净，切成细段；姜蒜小米椒切细丁；鸡蛋液打到碗里，搅拌均匀
2. 锅里水烧开，放少许盐，再倒是豆角，煮熟捞出
3. 热锅下油，倒入鸡蛋液，用筷子快速搅拌，待凝固后盛出
4. 原锅再下油，小火，放入姜蒜小米椒煸出香味，转大火，倒入豆角翻炒
5. 中途加适量盐，生抽，然后再放入鸡蛋，翻炒后出锅
6. 美味的豆角炒鸡蛋就做好啦~~",8,5,5,0.0,0,0,0,0,0,0,0,0,62.5,0.0,0,0,8,0,legacy,"[""快手菜"",""家常菜"",""豆角"",""鸡蛋""]","[""2"",""3"",""7"",""18"",""84""]"
78210,凉拌空心菜,凉拌空心菜🌱🌱,"炎炎夏日
怎么能少凉拌菜
拌莲藕、海带、土豆丝
同等方法  
焯水就行了",,1把空心菜，1克味精/鸡精，适量盐，1勺生抽，2瓣蒜，1只青椒，1只红椒/小米椒，1勺蚝油，适量食用油,"1. 空心菜洗净  摘好
2. 青红椒和蒜切碎
3. 水开后  加入少量油和盐   焯水后会更翠绿哦       这样稍微烫熟就可以     不需要等到水开再捞出来         捞出来之后过冷水   攥干水分   放在碗里备用
4. 在空心菜上加入切好的青红椒和蒜     一勺蚝油  一勺生抽  一点点盐  味精
5. 烧一点热油  烧至冒烟  然后浇在上面  趁热拌匀  🥢🥢",9,3,3,120.0,36.1,1.75,0.32,8.12,0.11,47.2,0.66,39.8,33.33,100.0,1,6,2,0,legacy,"[""快手菜"",""凉菜"",""清淡"",""素菜"",""青菜""]","[""2"",""11"",""264""]"
78387,新疆椒麻鸡的美味家常做法,新疆椒麻鸡的美味家常做法,"有没有盆友跟我一样，第一次听见椒麻鸡的名字，以为这是一道四川菜？
其实，椒麻鸡是正宗的新疆菜。
这种家常做法，还是我新疆盆友教给我的，很快手，也很好吃。
我这人吧，一生爱吃，最喜欢的就是跟人请教怎么做菜。
这道菜用鸡腿就能做起来，一起来试试吧！",,2只鸡腿，5个线椒，5根葱，20克干辣椒，3勺花椒油，卤鸡腿的料，10克花椒，2个八角，3片香味，1个砂仁，1小块良姜，拌鸡肉的调味汁儿，2勺生抽，1勺醋，半勺糖，半勺花椒粉，半勺胡椒粉,"1. 准备材料。

两只鸡腿，5个线椒（线椒就是那种长长的辣椒，绿色的居多）、五根葱。20克干辣椒。卤鸡腿的料：10克花椒、两个八角、三片香叶，一个砂仁，一小块良姜。
卤鸡腿的这些料，花椒是必备的，其它没有也可以，有的话更好。
另外，请忽略我图片左侧的黄瓜，是我老公，硬要用椒麻鸡的汤汁拌黄瓜，最后你们可以看结果，我没给他加！怎么样，刚不刚？
2. 卤鸡腿。

鸡腿洗净后，放入装有凉水的锅中，再放入卤鸡腿的料，大火煮开，小火再煮25分钟左右（煮鸡肉的时间具体依鸡肉块的大小而定，煮到筷子能轻松插透鸡肉，就证明煮透了煮好了）。
友情提示，不要煮的时间太长了哦，煮的太长，太软烂了，会影响鸡的口感。
卤完鸡腿的这些卤水先不要倒，后面能用得上。
3. 煮好的鸡腿放到冰水中。

这一步非常重要，决定了椒麻鸡的口感是否劲道。
我一般都是开始做这道菜的时候，就装一盆子水，再把盆子放到冰箱冰冻室里，等鸡腿煮好了，水变成了冰与水的混和物，正好用。
4. 等鸡腿的温度完全凉下来之后，把鸡腿用手撕成小条。
5. 煮鸡腿的时候，我们就可以先调一个椒麻鸡的汁儿。

调味汁儿的做法是：生抽2勺，醋一勺，糖半勺，白胡椒粉半勺、花椒粉半勺、两勺卤水（刚才卤鸡腿剩下的）。
6. 锅中放热油，放红椒和干辣椒炒至线椒断生。
7. 倒入第5步调好的调味汁儿，继续翻炒。
8. 加三勺花椒油。

花椒油不能少，少了这道菜就做不出来味道了。
9. 最后放入葱段。

葱段放入之后，立刻关火，不然葱炒老了，就不好吃了。
10. 把锅里炒好的这些料倒到第四步撕好的鸡丝上，搅拌均匀。同时尝尝咸淡，根据自己的口味加盐。
大功告成！
11. 哎呀，怎么能这么好吃，完了，又想嫁给我自己了~
都不想告诉你这道菜用来卷煎饼有多好次~
一定要带上葱啊！
因为你可能会打开一道新世界的大门！",17,3,4,872.0,422.9,52.28,19.88,12.99,9.04,38.4,6.17,182.6,41.18,93.33,2,12,2,0,legacy,"[""快手菜"",""家常菜""]","[""1"",""24"",""201"",""589""]"
78389,番茄炖排骨,番茄炖排骨,"晚上本来想做五花肉 
结果卖五花肉的说今天的肉不太好 给我换成了排骨 
那就凑着家里剩下的食材炖一锅排骨吧😊",,500g排骨，2个西红柿，适量八角，适量盐，2根葱，2片姜，2瓣蒜，1个洋葱，1根胡萝卜，适量鸡精，适量小茴香，适量香叶，适量草果，适量肉蔻，适量醋，30-50g韩式辣白菜,"1. 食材准备阶段：
准备排骨洗净焯水捞出，番茄去皮切块，香料葱姜蒜待用
2. 胡萝卜洋葱洗净切块备用
3. 锅中倒入适量油（我这次用的菜籽油）
油温烧热后将排骨下锅翻炒，翻炒时陆续加入料酒，香料、姜和少许盐（还可以加入万能的郫县豆瓣一勺）；
炒香后加入没过排骨的开水进行炖煮
4. 番茄另外起一锅，加油翻炒后待用
5. 排骨加水后大火烧开，加入胡萝卜洋葱和番茄
6. 加适量食醋，咕嘟嘟嘟炖煮起来

7. 个人偏好酸辣口味所以加了一点韩式辣白菜，烧开翻滚后转小火慢炖30分钟
8. 30分钟慢炖走起～
9. 开锅加适量鸡精和香葱，一分钟后关火即可食用
o(≧▽≦)o 
好吃到想哭，此刻有一碗白饭我就要升仙了🧚🏼‍♀️",16,6,6,566.0,162.4,5.63,1.14,36.05,3.49,105.0,3.1,118.1,50.0,100.0,2,6,8,0,legacy,"[""家常菜""]","[""1"",""2"",""3"",""5"",""6"",""14""]"
78582,蒸槐花,蒸槐花,小时候每到这个季节，家里总会蒸上一锅槐花麦饭，简单的味道确深刻心底,,500克槐花，100克面粉，约10克盐，20克玉米油，调料，适量油辣椒，适量生抽，适量蒜末,"1. 先洗干净，一般树上槐花不会多脏不需要揉搓，放水里淘两遍，细小的梗就会留在水底，沥一下水分，不用沥太干，面粉会不容易沾上
2. 均匀的撒入适量的盐，千万不要太多，后面喜欢吃辣还要加入拌料
3. 加入面粉，我加入了两碗的量正好
4. 拌一下再倒一点也能控制好量，让槐花均匀的裹上面粉
5. 加入食用油，可以让槐花口感更好，尽量选择气味小的，比如玉米油，葵花籽油等，毕竟是蒸的
6. 放上蒸锅均匀铺平，蒸大概十分钟左右
7. 蒸好的状态，不会黏在一起，喜欢原味的可以直接吃了
8. 我喜欢吃辣，用蒜末，生抽，油辣椒拌更好吃",8,2,2,600.0,769.0,27.9,5.2,159.1,11.8,443.0,19.4,14.1,50.0,100.0,4,0,4,0,legacy,"[""饭"",""快手菜"",""蒸"",""主食""]","[""2"",""376""]"
78611,春菜蕨菜炒四川腊肉,春菜“蕨菜（龙须菜）”炒四川腊肉,,,500克腊肉，300克蕨菜，适量盐，适量糖，适量生姜，适量香葱,"1. 蕨菜摘头去尾（留嫩的就好了）

2. 
开水焯熟（一边焯一边可以拿一根出来扔冷水里用手试可以中间撕开就行了），捞出用冷水洗干净，一根蕨菜开成四份，摆砧板上切成段备用

3. 起锅烧油，下腊肉炒熟，下生姜，葱白爆香，下剁椒酱，油辣椒，蕨菜翻炒均匀，放盐（少许因为腊肉本身有盐了），酱油，白糖，炒至水分全干

4. 撒上葱花即可",6,3,3,800.0,1031.0,116.3,46.2,40.0,5.4,61.0,24.6,256.0,66.67,100.0,2,0,4,0,legacy,"[""快手菜"",""素菜"",""凉菜"",""家常菜"",""炒"",""川菜""]","[""1"",""3"",""417""]"
78934,炒鸡下饭的酸辣鱼片汤,炒鸡下饭的酸辣鱼片汤,都市丽人这周不是在跟法国客户concall，不然就是在危机处理客户现场的紧急情况。肾上腺素大量分泌的一周，只好在周末做饭疗愈自己。,,随意木耳，2朵香菇，1把金针菇，随意鱼片，1个鸡蛋，半块豆腐，1个番茄，随意蔬菜，2大勺醋，适量胡椒粉，1大勺酱油，1大勺料酒，适量盐，适量葱，适量玉米淀粉,"1. 鸡蛋打散。玉米淀粉加水。备好木耳，香菇，金针菇，番茄，豆腐，鱼片，青菜，葱花。用量看个人食量，如图的分量，我一个人可以吃两餐。
2. 倒油热锅，先把番茄，木耳和鱼片放下去炒，炒到番茄变软出沙为止，加适量盐巴。
3. 加水用大火煮开，然后把香菇，豆腐，金针菇，青菜倒进去煮。添加生抽，醋，料酒，胡椒粉，用量看个人，建议醋和胡椒粉倒多点。
4. 煮的差不多时，淋上蛋汁。
5. 倒入和了水的玉米淀粉，用小火继续煮。
6. 最后加一些葱花，炒鸡下饭的酸辣汤完成。
7. 煮汤前，先准备了炸鸡，步骤请看先前发布的食谱，这次炸的很成功。
8. 冷冷的冬天，喝一碗酸辣汤，身子立刻变暖和😋😋😋",15,6,6,590.0,309.9,24.83,15.82,22.68,4.02,192.8,5.12,101.2,60.0,100.0,0,8,7,0,legacy,"[""下饭菜"",""家常菜"",""辣"",""下饭"",""汤""]","[""1"",""7"",""14"",""23"",""33"",""46""]"
78970,正宗四川酸菜水煮鱼,正宗四川酸菜水煮鱼,尝过红遍大江南北的各种网红酸菜水煮鱼。但印象中，妈妈做的酸菜水煮鱼才是最好吃的。,,1条（约1500克）鲩鱼，适量花椒，2大勺料酒，1小勺淀粉，1大勺郫县豆瓣酱A，少许盐，5片香叶，3个八角，10片姜，10瓣蒜，200克酸菜，5个泡椒，1小块重庆火锅底料，100克菜籽油A，1大勺郫县豆瓣酱B，适量开水，若干葱，若干香菜，若干芹菜，1大勺辣椒粉，1小勺花椒油，1小勺酱油，适量白芝麻，50克菜籽油B,"1. 鱼肉斩件，清洗干净放一大盆里，放入料酒、花椒、姜片、蒜瓣、豆瓣酱、淀粉、香叶、八角、盐拌匀。
2. 淹渍一下
3. 用密食袋密封淹渍3小时以上。
4. 准备好酸菜，泡椒
5. 锅内倒入菜籽油A，放入火锅底料，小火慢慢熬化。
6. 放入豆瓣酱翻炒，保持小火
7. 慢慢翻炒出香味
8. 用漏勺过滤出多余辣椒渣，只留油在锅内
9. 倒入酸菜翻炒
10. 倒入淹渍的鱼块，轻轻翻炒
11. 加入热水，没过鱼块，直至鱼肉煮熟
12. 将鱼块轻轻铲到一个大盆里，倒入所有汤汁
13. 在鱼肉上放上洗净的葱段，芹菜和香菜
14. 在上面撒上干辣椒粉，芝麻，辣椒油，蒜末，酱油
15. 另起一锅，将菜籽油B烧热
16. 浇上热油，大功告成",20,7,7,935.0,328.4,11.2,3.0,76.04,18.71,322.8,9.35,121.1,50.0,84.62,1,10,7,0,legacy,"[""家常菜""]","[""1"",""2"",""3"",""9"",""27"",""36"",""79""]"
79237,辣椒炒臭干,辣椒炒臭干,"金陵臭干 
闻起来有一点点臭臭
烧好倒真是没有啥特殊的味道了",,臭干，辣椒，生姜,"1. 刚买回来的臭干是黑色的。我习惯洗到白净
2. 臭干切丁，辣椒随便切切吧
3. 起油锅，煸香生姜和辣椒。下臭干，大火煸炒几分钟。加生抽，糖调味即可",3,2,2,0.0,0,0,0,0,0,0,0,0,66.67,0.0,0,0,3,0,legacy,"[""家常菜"",""素食"",""蔬菜"",""豆腐"",""快手菜""]","[""3"",""17""]"
79351,牛奶南瓜粥,牛奶南瓜粥,特别简单的做法，奶香浓郁的口感，某户时常会翻牌😁,,一大块南瓜，适量水，适量牛奶，少许盐，淡奶油，南瓜籽仁,"1. 南瓜去皮去瓤洗净切薄片
2. 奶锅中放入南瓜，倒入没过南瓜的水
3. 大火烧开撇去浮沫，煮几分钟至南瓜绵软关火，稍晾至温热
4. 南瓜捞出放入料理机中，分次加入少许煮南瓜的水和适量牛奶搅打至细滑(水和牛奶的量自己掌握，分次加入，南瓜粥太稠就再加一点)
5. 打好的南瓜粥再倒回奶锅中，可以捏一丢丢盐到锅里 (尝下味道不甜可以放点糖或吃的时候加点蜂蜜)，煮开即可关火
6. 用少许淡奶油和南瓜籽仁点缀一下就可以了(此步骤可省略)",4,1,1,800.0,184.0,5.6,0.8,42.4,6.4,128.0,3.2,6.4,50.0,100.0,0,1,3,0,legacy,"[""粥"",""中式早餐"",""早餐"",""快手早餐""]","[""30""]"
79426,国民下饭神菜~鱼香肉丝,国民下饭神菜~鱼香肉丝,未必正宗，绝对好吃。酸甜可口，色香味俱全。,,160克里脊肉，4朵木耳，1/4根胡萝卜，1个青椒(小)，1勺郫县豆瓣酱，2勺香醋，1勺生抽，1勺蚝油，1勺料酒，2勺白糖，少许盐(腌肉用)，1片姜，2瓣蒜，1/5根葱，1+1勺淀粉，少许胡椒粉,"1. 里脊肉切粗丝，加少许盐，1勺料酒，一点点胡椒粉，用手抓匀，搅至上劲，加1小勺淀粉，锁住肉丝的水分，加少许食用油，防止下锅时粘连，腌制10分钟。
2. 凉水泡发木耳，切丝，胡萝卜和青椒切丝。青椒要把筋去掉，去籽。用青椒压着木耳切丝，这样好切一些。
3. 葱姜蒜切末备用。
4. 准备好调味汁：生抽1勺(喝汤用的瓷勺)，蚝油1勺，香醋2勺，糖2小勺，1勺淀粉，3勺清水调匀备用。酸甜口味。
5. 起锅烧油，热锅凉油放腌制好的肉丝，同一个方向搅拌，炒至变色，捞出备用。
6. 原锅再倒入少许油，葱姜蒜末爆香，下豆瓣酱小火炒出红油。
7. 酱炒香后，依次加入胡萝卜丝，木耳和青椒。七成熟后放入肉丝翻炒。
8. 倒入调好的调味汁，大火翻炒均匀。
9. 汤汁烧开，收至浓稠，出锅盛盘。",16,7,8,801.0,513.5,39.13,14.25,61.98,8.7,234.5,16.14,429.8,50.0,100.0,1,13,2,0,legacy,"[""鱼香"",""家常菜"",""下饭菜"",""下饭""]","[""1"",""2"",""3"",""4"",""6"",""11"",""33"",""37""]"
79504,正宗韩式参鸡汤,正宗韩式参鸡汤,"冷冷的天气喝一锅参鸡汤最好了，做法是跟这边的韩国阿姨学的,听说在韩国婚后妻子都要学韩国料理，所以方子是她老师教的。分享给你们啦！

参鸡汤是韩国一道非常著名颇具特色的菜肴名汤，肉类食品和滋补类食品的完美组合，最具代表性的韩国宫中料理之一。参鸡汤不仅不油腻  ，且清爽鲜美，营养价值极高，带有一股药香。鸡肉炖得极烂，筷子一夹之下骨肉分离，肉香中还带有米香、药香。对于女性来说，食用参鸡汤好处很多，可以滋补、养生、美容、去燥，而且在补养的同时，又不必担心发胖。因为鸡肉的热量极低，参鸡汤的做法又较为天然，使得汤清无油，非常健康。（来源：百度百科）",,1 杯糯米或大米，2只童子鸡，8粒蒜，1颗干红枣，1颗白参，4 杯水,"1. 将米洗净，倒入热水，浸泡至少2小时。

将鸡清洗干净，用镊子拔鸡毛（要顺毛的方向拔），再用食盐搓鸡表皮,就像给童子鸡按摩一样，然后用水冲洗干净。

清空内脏并内脏洗净，切除鸡屁股，翅尖及环绕其部位的脂肪部分（呈黄色）

将白参的顶部切掉（因为营养成分会过高，可以留着泡水喝）
2. 把蒜粒、大部分糯米、白参、红枣和剩下的部分的糯米放进鸡的肚子，尽量不要塞到满出来（这样就可以把材料盖上）。
3. 将鸡和米放进锅里加水，大火煮。待鸡熟后，关火，不要开盖，稍微闷一会儿。
4. 将做好的鸡夹入石锅中，并将锅里剩余的汁倒入石锅内。
开火，待鸡汤再次沸腾时，关火，撒上切好的小葱。

没有石锅：大火煮滚后，转小火，汤面微滚就好，盖盖子炖至少两个小时(筷子可以轻易插进鸡肉即可，我喜欢煮到骨头和肉用勺一拨就分离的程度)。
5. 两种蘸料：
第一种
取一小碟，放入适量的盐，白芝麻、黑胡椒和芝麻油(可以根据需要加点鲜酱油)，搅拌均匀。

第二种
3勺酱油
2勺白醋
蜂蜜或白糖（依个人口味）
一半的白洋葱切丁
韩国的绿色小辣椒，切片
一点白芝麻
将以上混合，搅拌均匀。
6. 美食交流群（扫码扫码），大家可以加进来一起讨论分享经验。我会及时回答问题。同时，有想学的菜谱也可以在群里问我。
我的微信号：Verademeishiriji
7. 吃剩的鸡可以把鸡肉这样撕成条，放进保鲜盒里冷藏保存，鸡骨头可以炖第二次汤，做鸡汤面。",6,3,4,252.0,512.5,33.48,36.44,13.2,0.98,296.1,1.48,1828.0,66.67,100.0,0,6,0,0,legacy,"[""汤羹"",""韩式"",""鸡""]","[""2"",""24"",""212"",""550""]"
79585,几步在家吃【三汁焖锅】,简单几步在家吃【三汁焖锅】,"做饭并不难
用心就很简单",,配菜底，2头蒜，1根胡萝卜，1个红薯，1个柿子椒，1个红柿子椒，半个洋葱，适量辣椒面，2勺盐，适量食用油，铺上层肉类，1.5斤鸡翅，1斤虾，少许盐，1勺耗油，1勺生抽，1勺料酒，2片姜片，三汁，3勺耗油，4勺海天黄豆酱，3勺番茄酱，2勺糖，3勺海鲜酱油，1勺鸡精，1勺淀粉，装饰，适量香菜,"1. 用量里提到的勺子都是这种勺，韩餐用的大勺子
2. 鸡翅双面各切两刀，加入耗油1勺，生抽1勺，盐1少许，料酒1勺，姜片2片，腌制1夜或者半天（虾不用腌，做的时候直接用）
3. 所有配菜切成你喜欢的形状，用2勺辣椒面，1勺盐，油适量抓匀铺在锅里，然后倒上食用油，多倒一些，最好能均匀覆盖锅底，放一旁备用（如果有牛油或者黄油最好，没有就用食用油）
4. 三汁：
耗油3勺，海天黄豆酱4勺（可以换成甜面酱），番茄沙司3勺，糖2勺，海鲜酱油3勺（没有就用生抽），鸡精1勺，淀粉1勺，混合均匀备用
ps:如果怕糊锅，里面再加些水稀释一下，不影响味道
5. 把腌好的鸡翅和虾整齐的铺好
盖锅盖，小火小火小火焖15分钟
15分钟以后
均匀撒上调好的三汁，盖锅盖小火小火小火焖15分钟即可
（注意时间是2个15分钟，共用30分钟，全程不翻面，然后保持原状撒进去三汁，盖锅盖继续焖）
6. 出锅时撒上香菜，开吃！
7. 搅拌均匀更入味
8. 成品
9. 成品",26,9,10,1376.0,1863.5,148.79,87.48,122.87,4.54,184.3,10.67,597.9,38.46,100.0,2,17,7,0,legacy,"[""简单"",""焖"",""下饭菜"",""家常菜""]","[""2"",""3"",""5"",""6"",""9"",""11"",""24"",""28"",""71"",""590""]"
79712,隔壁小区的小孩都馋哭了的炒鸡,隔壁小区的小孩都馋哭了的炒鸡,家里冰箱有啥我就放啥，意外的好吃😋,,1小勺盐，2-3勺生抽，2勺蚝油，1-2勺料酒，1勺白胡椒粉，2勺淀粉，4个小米椒，3个青尖椒，半到1个洋葱，4-6瓣蒜瓣，1-2颗香菜，1-2个彩椒，6-8片姜，随便放不放黑木耳,"1. 盐的一小勺是这种罐子里附带的小勺
2. 其他调料，例如酱油、蚝油、料酒那些的勺是这种勺
3. 第三步：后面有些步骤忘记拍照了，我尽量给讲的详细点，土鸡或者鸡腿都可以，将它洗净，然后斩大块，斩成适合的大小就行，不要太大不然不容易熟，太小吃起来不爽。
4. 第四步：腌制，将斩好的鸡块放入容器中，放入盐、生抽、料酒、蚝油、白胡椒粉将其抓拌均匀，然后放入淀粉锁住调料，抓拌均匀后腌制10-15分钟。
5. 第五步：洋葱和甜椒切块，姜切厚片，蒜瓣去拍扁，香菜切段，小米椒和青椒切圈。
6. 第六步：热锅下入油，多一点油，将姜片放进去爆香，然后下入蒜瓣翻炒片刻将姜片和蒜瓣沥出，这一步是为了给鸡腾出位置煎制。（中火）
7. 第七步：刚爆香过姜片和蒜瓣的锅内倒入腌制好的鸡块，煎制到两面有焦褐感，捞出备用。（中火煎个5分钟差不多了，每家的火力不同，要随时观察，变色了就翻到另一边）
8. 第八步：不洗锅，倒入洋葱翻炒片刻倒入小米椒和青椒继续翻炒，翻炒30秒左右倒入刚刚的姜片和蒜瓣，翻炒均匀倒入煎好的鸡块，翻炒一分钟左右，倒入甜椒和黑木耳，翻拌均匀盖上锅盖，大火焖制3-5分钟，开盖倒入香菜段，关火翻拌均匀，即可出锅。",14,6,6,1224.0,435.5,22.86,2.77,114.71,49.5,193.6,5.8,91.8,57.14,100.0,0,13,1,0,legacy,"[""家常菜"",""快手菜""]","[""2"",""3"",""9"",""18"",""74"",""239""]"
79881,老丁的私房菜-番茄牛腩煲,老丁的私房菜-番茄牛腩煲,"牛肉的营养价值很高，常见的红烧牛肉味道较重，老丁这次发一个清淡的版本，味道酸爽，牛肉味十足，家里小家伙连汤底都吃干净了，嘿嘿。

可以关注微信公众号：老丁的厨房，或者在微信公众号搜索 brookding ，对老丁私人公众号进行关注，谢谢。",,1斤牛腩肉，4个番茄，少许葱姜，少许番茄酱（可选）,"1. 牛腩肉洗净切2厘米左右的块。
2. 锅内放冷水，放入牛腩肉，下几片姜，一点料酒。烧开去浮沫。
3. 牛肉捞出备用，西红柿洗净，顶部切十字刀口
4. 锅内烧开水，将西红柿头向下放入锅内，略煮。
5. 略煮的西红柿表皮会破解，方便剥皮。
6. 西红柿剥皮备用。
7. 取两个西红柿切小丁，两个切大块。小丁的用来主要熬煮酸味。大块的用来最后吃。
8. 葱切小粒，姜切片备用。
9. 热锅凉油，葱姜爆锅出香味后加入西红柿小丁，用炒勺尽量压粘，加一点水，小火炒出酸味。
10. 然后加入牛肉翻炒。略炒即可。
11. 锅内加水，没过食材，老丁用的砂锅，也可以用高压锅，或者就是炒锅。加入盐调味，如果酸度不够，可以加入番茄酱。烧开后小火慢炖一个小时，然后加入大块西红柿，再炖半小时至牛肉软烂为止。
12. 最后撒上香菜出锅。",4,3,3,1300.0,120.0,7.2,1.6,26.4,0.0,32.0,1.6,77.6,75.0,100.0,1,1,2,0,legacy,"[""家常菜"",""大鱼大肉"",""牛腩"",""番茄"",""牛肉"",""快手菜"",""宴客"",""汤羹""]","[""1"",""3"",""14""]"
79926,家常凉拌菜,家常凉拌菜,最近一直在减肥，不是特别敢吃。凉菜吃起来心里负担会小一些。拌什么菜自己决定，主要是料汁的调配。这款料汁很适合夏天凉拌菜，和任何蔬菜放在一起都很合适。自己试过海带丝，木耳，莲藕，西兰花，生菜，菜花千张丝，也尝试过鸡丝等荤菜。都比较搭配,,适量白菜，根黄瓜，适量西兰花，适量金针菇，一整个蒜，三根香菜，3根香葱，5个小米辣，少许盐，少许糖，少许鸡精，少许花椒粉，40ml生抽，自己爱吃可以多，醋多也适当多盐。香醋，少许蚝油，少许香油，看自己吃辣的能力，喜欢可以多加一些辣椒油，少许芥末,"1. 葱蒜香菜小米辣切末。蒜和一半小米辣放在一个单独的小碗，碗里放花椒粉，盐，糖，鸡精。搅拌均匀。香菜和葱末和另一半小米辣放在另一个小碗备用。
2. 开火，热锅加油，油烧至8成热，放三分之一进入放蒜末的碗。
3. 蒜末碗加入生抽，再加入三分之一的热油，烫生抽。
4. 然后在加入生抽的碗里加入葱末香菜末和辣椒末，再加入最后三分之一的热油。
5. 所有东西搅拌均匀，再加入适量蚝油，香油，辣椒油和芥末。搅拌均匀。
6. 处理要凉拌的蔬菜，倒入料汁，搅拌均匀。大功告成。",18,8,8,310.0,18.0,1.02,0.24,3.33,0.78,51.9,1.26,17.7,44.44,100.0,1,3,14,0,legacy,"[""家常菜"",""凉菜"",""快手菜""]","[""1"",""2"",""9"",""19"",""29"",""46"",""53"",""91""]"
80445,改良酸菜烧肉炖粉条,改良酸菜烧肉炖粉条,,,适量酸菜，适量粉条，适量烧肉，适量猪肉丸子，1个土豆，适量豆腐，半头蒜，适量京葱，适量盐，1个八角，适量鸡精，适量辣椒，少量十三香，适量生抽，适量老抽,"1. 酸菜洗净切丝，土豆去皮切条，粉条洗净备用。
2. 配料如图，肉和豆腐切片备用，蒜切末，葱切段。
3. 锅中放入适量麻油，油热葱蒜下锅，炒出香味，蒜炒金黄。放入辣椒和八角，再放少量十三香，翻炒。
4. 放入丸子和烧肉，倒入老抽和生抽、鸡精翻炒均匀
5. 放入土豆翻炒，（土豆炒一下更好吃）
6. 放入酸菜翻炒均匀，倒入水没过菜即可。
7. 最后放入粉条和豆腐，盖盖子，中火煮至土豆软烂。
8. 出锅前放少量盐拌匀即可出锅。",15,4,4,152.5,124.7,4.01,0.3,27.39,1.68,11.5,0.63,9.3,60.0,100.0,0,3,12,0,legacy,"[""家常菜""]","[""1"",""2"",""12"",""17""]"
80452,连吃三碗饭的麻辣香锅,连吃三碗饭的麻辣香锅,"我是食草动物(*^_^*)特别爱吃各种蔬菜🥬，所以做麻辣香锅，我都会放很多种菜！
麻辣香锅的菜其实很随意，喜欢吃菜的多放菜，喜欢肉食的放肉片、火腿，都可以！",,3-5颗菠菜，3片洋白菜，适量荷兰豆，适量西兰花，3-5朵木耳，3-5朵干香菇，适量金针菇，半个土豆，适量宽粉，适量鱼豆腐，适量火腿，5片葱，3片姜，3-5瓣蒜，适量麻辣火锅底料，（或麻辣香锅调料），2勺蚝油，1勺味极鲜，半勺醋,"1. 木耳、香菇提前泡好，菜都洗净备好
2. 土豆可泡水也可不泡，因为还要焯水
3. 葱姜蒜准备，姜要去皮
4. 调料准备，我不能吃太辣，所以放了三分之一袋麻辣火锅底料，喜欢辣的可以多放
5. 菜全部焯水到八成熟，熟食不用焯水
6. 焯水后过凉水，之后沥干
7. 锅中倒油，油热后下葱姜蒜炒香
8. 火锅底料倒入炒均匀
9. 味极鲜、蚝油、醋倒入炒均匀
10. 开始放菜，先放不好熟的菌类翻炒
11. 土豆片放入翻炒
12. 蔬菜、宽粉等放入翻炒
13. 最后放火腿等熟食翻炒
14. 这时注意！可以尝一下味道，如果感觉味道淡，爱吃辣的可以再加些【火锅底料】或【老干妈】一类，爱吃酱香的可以加【豆瓣酱、蚝油】一类，完全按个人口味来！               这时就不要再加酱油醋了！
15. 翻炒均匀菜全熟了就可以出锅了！
16. 鱼豆腐！
17. 西兰花🥦
18. 宽粉和金针菇！
19. 土豆片！",18,11,11,409.0,185.8,9.3,1.14,38.48,7.99,181.2,15.68,150.8,77.78,100.0,0,11,7,0,legacy,"[""饭"",""家常菜"",""下饭菜"",""麻辣""]","[""1"",""2"",""3"",""12"",""33"",""40"",""46"",""53"",""76"",""93"",""109""]"
80670,墨西哥或辣鸡肉卷,墨西哥或辣鸡肉卷,"柔柔软软的芝麻薄饼，紧紧锁住火辣辣的鸡肉！ 
一口咬下去......口水横流、瞬间刷爆你的幸福指数！ 
不是所有食物都叫幸福，只有“不停地想再吃一口”的...... 这才叫幸福！",,#鸡肉馅食材：，300g鸡胸肉/鸡腿肉，50g彩椒，50g洋葱，100g番茄，5个朝天椒，1/4个青柠檬，#调味料：，10g(腌鸡肉)+20g（炒鸡肉）油，2g盐，100g红酒，100g番茄沙司，2g黑胡椒，60g水，#芝麻薄饼：，100g面粉，1g酵母，60g水，1g盐，15g油，2g熟黑芝麻，#配菜：，1棵生菜，适量奶酪碎，适量鳄梨酱,"1. 鸡肉切2厘米小丁，加入油、盐，码底味10分钟。
2. 洋葱、彩椒、番茄、切1厘米小丁，朝天椒切碎。
3. 油五成热，倒入鸡丁翻炒至微微焦黄。
4. 加入洋葱丁、彩椒丁、番茄丁翻炒均匀。
5. 加入红酒，大火烧开。
6. 加入番茄沙司，小火煮5分钟。
7. 加入朝天椒碎、黑胡椒碎、盐，翻炒均匀。
8. 挤入少许青柠檬汁，翻炒均匀。
9. 将酵母溶解在40-50度温水，静置10分钟。
10. 将酵母液和面粉、油、盐一起和成面团。
11. 加入黑芝麻，揉匀。
12. 盖保鲜膜，静置松弛15分钟。
13. 搓长条，切分成6个面剂子。
14. 将面剂子用手掌压扁，擀圆成薄饼生胚，大约1毫米厚度。
15. 平底锅中火烧热，放入薄饼生胚。

开始鼓气泡，翻面，翻面1-2次，用时1分-1分半，取出。
16. 铺生菜，放入鸡肉，卷起来。

可以搭配鳄梨酱、奶酪一起吃。
17. 做我的方子有任何问题欢迎加微博或微信交流，加入的验证信息请填写您的下厨房昵称，方便对号入座。
新浪微博请搜索「超食控」
18. 我的微信号：chao-shi-kong",18,6,6,1752.0,425.0,16.9,2.7,86.75,1.25,69.5,2.45,53.5,61.11,100.0,13,3,2,0,legacy,"[""早餐"",""西式早餐"",""快手菜"",""家常菜"",""创意菜"",""小清新"",""便当"",""下午茶"",""宵夜""]","[""5"",""14"",""22"",""31"",""74"",""95""]"
81368,不加味精的鲜美酸汤肥牛,不加味精的鲜美酸汤肥牛,重庆人家家泡有酸菜，做这道酸汤肥牛太简单了，少油很健康，汤汤都可以泡几碗米饭，安逸！,,15克油，350克肥牛，200克金针菇，150克酸菜+酸萝卜，3瓣蒜，3片姜，2根葱，120克白醋，900克水，1茶匙生抽，1/4茶匙老抽，1/2茶匙盐，1/4茶匙白胡椒粉，1/2茶匙糖,"1. 按食材比例准备葱姜蒜切好
2. 本来是想只放酸菜的，结果老妈的泡菜坛子里只剩一点酸菜，那就加上酸萝卜一起上吧
3. 切好备用
4. 放入15克油，再倒入葱姜蒜和酸菜，以3分/120℃/速度1爆香。
5. 2.加入白胡椒粉、水，老抽、生抽、糖以8分/100℃/速度小勺烹煮。
6. 
3.加入白醋、金针菇、牛肉片和盐，以5分/ Varoma/反转/速度小勺烹煮。
7. 起锅撒上葱花，即可享用。汤都可以泡几碗米饭，开胃菜啊😋",14,5,5,759.0,659.6,76.11,31.5,21.34,6.49,44.2,9.88,241.5,42.86,100.0,6,8,0,0,legacy,"[""家常菜"",""汤羹"",""宴客""]","[""1"",""2"",""3"",""46"",""66""]"
81464,泡椒鸭胗,泡椒鸭胗,"今年的夏天🤒🤒🤒真的是热得无法用语言来形容了😭😭😭热得好嗨皮的样子😭😭😭一到这个时节，完全没胃口吃饭啊😂😂😂为了还能活蹦乱跳的好好活着😂必须来点劲爆的菜啊🤔🤔🤔我觉得该给这没食欲的口腔来一次火辣辣的碰撞了💪😠这款泡椒鸭胗，辣味十足，鲜中带酸，非常开胃，大家来试试吧🤗

↘↙⬇↘↙⬇↘↙⬇↘↙⬇↘↙⬇↘↙⬇

📣📣📣此款菜要注意火候的把控哦，我每条都写得很详细的啊，仔细看清楚每条里面写的火候大小，才能做出脆嫩爽口好吃的泡椒鸭胗哦！",,主料及辅料:，250克鸭胗，4根芹菜，2-3根杭椒，调料:，70-100克菜籽油或者其他油，几粒干花椒，各少许葱白姜蒜，50克泡椒，一勺郫县豆瓣酱，一勺蚝油，一勺鸡精，5毫升生抽，2毫升老抽，10毫升料酒，6克白糖，1克盐，适量生粉，适量清水,"1. 食材准备:把芹菜和杭椒斜刀切成小段，泡椒剁碎，葱白切段，姜蒜切末，生粉加入适量清水混合成水淀粉，干花椒用清水洗一下沥干备用
2. 将鸭胗改花刀，先横切数刀，别切断！然后再竖刀切成薄片放一边待用
3. 给鸭胗飞一下水，去除掉腥味，锅中加入适量冷水，放一勺盐和几片姜和葱段煮开，水开后放入鸭胗，倒入5克料酒，再次把水烧开，将鸭胗煮10秒钟后马上捞起
4. 炒锅开最小火加入菜籽油，油的用量要比平时的稍微多一点，冷油放入干花椒粒，待油温略微高一点后加入泡椒和豆瓣酱姜蒜末，改中火翻炒出香味
5. 倒入鸭胗翻炒几下，转小火，依次加入生抽，老抽，蚝油，料酒，白糖混合均匀，改大火迅速的把鸭胗翻炒入味（这里一定要大火快炒哦！最多炒2分钟，不然鸭胗会老，会咬不动的哦😥）
6. 然后将炒锅离火，把锅倾斜着用锅铲把鸭胗和泡椒等调料都给铲出来放盘里，红油继续留在锅里
7. 留有红油的锅里，加入芹菜改中火翻炒片刻，待芹菜8成熟了，加入杭椒和一小撮盐继续翻炒，炒出配菜的香味也使其入味
8. 倒入之前有泡椒调料的鸭胗，和配菜翻炒均匀后淋入少许水淀粉勾芡，再加入一小勺鸡精快速的翻炒均匀就可以起锅装盘了
9. 麻辣酸香，脆嫩爽口的一盘泡椒鸭胗就做好了，赶紧来碗白米饭🍛🍚🍺干掉它吧😉",17,2,2,840.0,50.2,1.61,0.68,11.89,4.0,54.5,1.18,400.7,29.41,100.0,8,5,4,0,legacy,"[""家常菜"",""辣"",""下饭菜""]","[""27"",""123""]"
81545,肉末粉丝,肉末粉丝,这道菜也叫蚂蚁爬树，粉丝晶莹剔透，肉末滑嫩酥香，不失为一道上乘“素”菜,,龙口粉丝，猪肉，生姜，大蒜，小葱，生抽，淀粉，白糖，豆瓣酱，盐，鸡精，香油，食用油，胡萝卜，青椒,"1. 粉丝冷水浸泡至手指用掐断，然后捞出沥干水分
2. 猪肉（最好肥瘦相间的）剁成肉末，用生抽，淀粉腌制十分钟
3. 胡萝卜青椒适量（各1/4根就行）切成末，姜蒜葱白切成末，葱叶切成葱花
4. 热锅下油，小火，放一勺豆瓣酱，炒出红油，再放入肉末滑开
5. 待肉末变色后，大火，放入胡萝卜和葱姜蒜末翻炒
6. 加少量清水，至肉末边缘就行，再把沥干水分的粉丝放上面
7. 用锅铲压一下，便粉丝都沾到汤汁
8. 煮下后翻动米粉收汁，放青椒末，鸡精，香油，迅速翻炒均匀出锅
9. 撒上葱花，美味的肉末粉丝就做好啦~~",15,6,6,0.0,0,0,0,0,0,0,0,0,53.33,0.0,0,0,15,0,legacy,"[""粉丝"",""下饭菜"",""家常菜"",""肉末""]","[""1"",""2"",""3"",""4"",""6"",""11""]"
81676,菜五花肉白菜炖粉条,下饭菜五花肉白菜炖粉条,"连吃两碗饭
给我安排它",,250克五花肉，6片白菜，1把粉条，适量葱蒜八角干辣椒，2勺生抽，1勺老抽，适量花椒粉盐鸡精,"1. 五花肉切片，粉条热水泡软
2. 下油锅，蒜片姜片
3. 边缘微焦
4. 生抽老抽，花椒粉花椒粒八角干辣椒，炒炒炒
5. 下白菜，炒炒炒，加水，炖炖炖
6. 加粉条，炖炖炖，留点汤，盐鸡精调味，出锅",7,2,3,1780.0,1228.9,61.9,78.28,76.26,13.68,880.5,16.81,1178.4,42.86,100.0,1,4,2,0,legacy,"[""下饭菜"",""家常菜"",""猪肉"",""炖"",""清淡""]","[""4"",""10"",""29""]"
82111,卤猪头皮/凉拌,卤猪头皮/凉拌,"综合度娘上的各种教程，开始了我的卤猪头皮/凉拌(不要怕，本宝宝还是有点做饭经验的)，看着光盘后场景，蓦然的有种自豪感，为了攒我的拿手菜，我决定写个教程。嘎嘎...

怕辣的孩纸，可以忽略教程里的辣椒哈。想更辣的孩纸，可以在辣椒部分的分量根据个人喜好加多！",,4勺老抽，3勺生抽，3个八角，16瓣蒜，3块桂皮，6个干辣椒，若干冰糖，3勺料酒，一把花椒，一个姜片，5片香叶，若干盐，一把小茴香，两根大蒜叶，4个小红辣椒，若干麻油,"1. 超市买的超实惠的猪头皮，半边才4.8元，简直不要太爽
2. 解开包装，铛铛铛...好帅的半边脸😂有木有！！咳咳咳...检查猪头皮上没清理干净的猪毛，用火机烧一烧，然后用水果刀在皮上刮一刮，目的是为了干净(也可在后续罩水后用刀挂掉表皮层，但是要注意别烫到自己了哈)。放水在锅里煮15分钟(水要盖过，且丢几片姜片煮)，到点捞出，切成几大块待用(方便卤的时候上色)
3. 准备好图片上的这些佐料（10瓣大蒜/一把花椒/一把小茴香/5个香叶/两块贵皮/干辣椒6个/15片姜片)(其他:冰糖，酱油，料酒)放三碗水于锅里，加三勺料酒，四勺酱油上色的，煮十五分钟，到点后，将已经罩水洗干净的猪头皮放食材料锅里一起煮，加水盖过，加四勺冰糖，再掩盖煮35分钟，到点后连汤带肉皮一起放入一个大碗里，浸泡，待用
4. 这个是已经热水卤过的猪头皮，为了让味道更深入，我选择继续放汤水里浸泡（其实也跟我买的多有关，我吃不完，哈哈哈...），这个步骤你可以直接切片吃了哦！

言归正传

开始做一份中午吃的凉拌猪头皮！
汤水里取你需要的猪头肉分量，切片，放在碗里

切佐料:小红辣椒4个切条状，大蒜6瓣，姜切15片薄的，注意，这两个都要切成沫，大蒜叶子的根部（白色那部分，切成和红辣椒一样的条状，），叶子切成小碎片。准备好待用

烧热锅，倒入三勺生抽，佐料留下小碎片的葱花叶子，其余都放进去，搅拌一下，再加切好的猪头皮片片，加适量盐（不要太多哦，生抽自带有咸味的），放麻油（香香的），准备盛起来的时候，撒上小碎片葱花叶子，搅拌一下（佐料放锅里的目的是，我不喜欢洗完后味道太重，毕竟我怕出门被嫌弃，哈哈/其实不过锅的大蒜姜更香，辣香辣香的）
5. 色香味俱全，开动咯...（剩余卤的，我打算加芹菜炒着吃，给你无限想象，哈哈哈）",16,4,4,694.0,123.8,4.6,0.93,26.07,3.6,34.1,1.43,17.1,31.25,100.0,0,13,3,0,legacy,"[""卤"",""家常菜"",""快手菜""]","[""2"",""3"",""50"",""231""]"
82162,泡椒竹笋梅子肉,泡椒竹笋梅子肉,,,200克赤水竹笋，250克猪肉（梅子肉），300克（本人贵州，不善吃辣椒请自减）泡椒，勺料酒，2瓣大蒜，3片姜片，适量酱油，适量耗油，适量盐，一点点调味白糖,"1. 梅子肉，又叫“梅花肉”，有肥有瘦还有筋,，非常嫩，广东人喜欢用来做蜜汁叉烧。
笋子是赤水的。
辣椒看起来没几根，但是里面都是汁水，所以称重比较重。
2. 肉切成大拇指头块状。
竹笋切小段。
泡椒切丝
蒜拍一下，姜切片。
3. 油烧至冒小泡，爆肉！
油宽一点，多的逼出来可以炒其他菜。
肉只能炒个七成熟，不然混合其他食材再炒会老。
4. 蒜姜爆香，加泡椒炒出汁水……
5. 泡椒比较咸，所以加调料要适度。
酱油适量（其实这个勺子真的是多余，因为本人第一次上传菜谱，就用了这个，但哪个师傅中间不会试一下味道。而且每个人口味都不一样）
盐适量
耗油适量（不喜欢味精可以不放，泡椒已经很开口味）
糖一点点（就是调味，不喜欢可以不放）
6. 酸辣味的，就算在炎热也不会腻。
肉嫩，笋脆，舀一勺非常下饭！",10,3,3,584.0,965.3,42.41,76.61,31.93,10.36,136.4,7.91,155.3,40.0,100.0,3,2,5,0,legacy,"[""家常菜"",""下饭菜"",""硬菜"",""贵州菜"",""酸辣"",""泡椒"",""猪肉"",""竹笋""]","[""2"",""3"",""4""]"
82420,玉米菜团子,玉米菜团子（萝卜馅）,"最近肉吃的太多有点上火，吃点素的降降火。
减肥最好的中餐，想减肥又不爱吃沙拉水煮青菜的，必须要试试！！！
这个馅超级香，除了玉米团子还可以包包子，饺子，都很好吃",,皮，500克玉米面，20克（可不加）黄豆粉，250克热开水，1.5克小苏打，6克酵母，1个鸡蛋，150克常温水，馅，小半根绿皮萝卜，半根胡萝卜，1小把干香菇，1把虾皮，1把粉条，1小勺白胡椒粉，1小勺姜粉，1小勺十三香，2勺蚝油，3勺生抽，2勺老抽，适量盐，1勺香油,"1. 玉米面和黄豆粉搅拌均匀，将250热水倒入，搅散如图
这一步是为了烫一下玉米面口感更好，而且搅散以后就不那么烫了，不会烫死酵母
2. 放入6克酵母和1.5g小苏打，拌匀
3. 1.5克小苏打可能不太好称，我用的精确的小称，大概就是这么多
4. 打入一个鸡蛋，倒入150克常温水，揉成柔软的面团，等待发酵就可以了
这个过程我就去准备馅了，大概用了四十分钟
5. 粉条提前泡好，煮成透明的，芯微微发白也没关系，蒸的时候就熟了，切碎
干香菇提前泡发，切末
虾皮泡水
6. 将绿萝卜和胡萝卜擦丝，切碎，放入泡好的虾皮，香菇末，姜粉，十三香，白胡椒粉（口重的还可以放辣椒粉），搅拌均匀
加少量油放入锅中翻炒，炒到萝卜微微发软变色即可
7. 炒好的萝卜盛出来，放入切好的粉丝，生抽，老抽，蚝油，盐，香油进行调味，我写的量只是个参考，你们可以一边尝一边放，感觉微微咸一点就可以
8. 馅做好以后面也发的差不多了，把馅包进去，团成圆圆的小团子
包的过程需要用两只手，没法拍照，大概就是把皮团成团，拍扁，然后把馅包进去就好，玉米面没有筋性，比较容易断，有漏的地方再捏点面团补上去就好了
9. 上蒸锅，大火等水开以后，中小火蒸20分钟就好啦
10. 教你们一个更好吃的方法，锅底放油，把玉米团子放进去煎至有棕黄色的脆底，吃起来香香脆脆的，真的绝了！！
11. 康康！！
12. 我喜欢吃厚皮，感觉更醇厚一些，爱吃馅的弄薄一点就行。
",22,3,3,915.5,2042.2,54.15,30.63,404.78,33.24,169.0,11.15,165.3,40.91,94.74,6,12,3,0,legacy,"[""包子"",""蒸"",""家常菜"",""中式早餐"",""快手菜""]","[""6"",""7"",""93""]"
82612,虾仁鲜肉玉米馄饨,虾仁鲜肉玉米馄饨,"最美早餐
不过一碗热腾腾的馄饨
鲜香滑嫩
留味绵长",,一、馅料，10个大虾，250g玉米，500g猪肉末，半根大葱，几片姜，适量生抽，几滴香油，适量盐，适量鸡精，一点清水，二、馄饨汤底，盐，鸡精，白胡椒粉，生抽，虾米，紫菜，鸡蛋皮,"1. 超市卖的玉米粒用开水煮10几秒，捞出备用
2. 猪肉馅加少许清水，一个方向搅拌至有粘性
3. 加入葱姜末，生抽、盐、香油、鸡精搅拌均匀
4. 加入玉米粒和虾碎
5. 搅拌均匀
6. 一、小馄饨的包法
7. 取一个馄饨皮，放一点点馅在里面，四周抹上清水
8. 如图
9. 折起来
10. 好看吧？
11. 二、大馄饨包法
12. 大馄饨可以多放点馅，依旧四周沾上水
13. 折叠起来
14. 上面折叠一起的地方翻一下，另一边揪到一起，沾点水，贴上，不要使劲按，要用水的粘性粘到一起
15. 圆胖圆胖的
16. 肉肉的感觉有木有，是不是很可爱哦
17. 碗底：汤料所有放到碗底，水开以后下馄饨，舀出一些将碗底冲开。
18. 煮好的馄饨放入碗中，放鸡蛋皮，香菜，可以根据个人口味放辣椒油和醋。",14,6,7,1255.0,1181.3,195.08,7.02,87.25,7.32,363.6,31.82,2091.3,50.0,100.0,2,2,10,0,legacy,"[""馄饨"",""家常菜"",""快手菜"",""早餐""]","[""1"",""3"",""4"",""13"",""75"",""234"",""590""]"
82942,三鲜笋炸鹌鹑,三鲜笋炸鹌鹑,知否知否 应是鲜笋酥肉～,,鸡蛋，鸡腿（代替鹌鹑，笋，玉米，胡萝卜，香菇，葱，姜，生抽，老抽，面粉，淀粉，料酒，盐，咸鸭蛋，腊肉/腊肠,"1. 准备材料
2. 咸鸭蛋取用蛋黄
3. 笋 胡萝卜切块
4. 准备葱姜 玉米切段
5. 鸡腿骨肉分离
6. 如上
7. 鸡腿骨焯水
8. 锅中放清水 下香菇 笋 玉米 葱姜 胡萝卜 加少量料酒 盐
9. 文火煮一小时
10. 此时葱姜加水搅碎
11. 葱姜水
12. 鸡腿肉加鸡蛋 
13. 加生抽老抽
14. 加面粉 淀粉 搅拌均匀 腌制半小时
15. 下油锅炸熟
16. 锅中汤倒出备用 咸鸭蛋黄炒至出沙 倒入刚煮好的汤
17. 倒入砂锅备用
18. 加入炸好的肉块
19. 完美
20. 一杯清酒 绝配～",15,6,6,0.0,0,0,0,0,0,0,0,0,60.0,0.0,0,0,15,0,legacy,"[""家常菜"",""下饭菜""]","[""1"",""3"",""6"",""7"",""13"",""23""]"
83237,干贝肥牛粥,干贝肥牛粥,中午做菜剩余的肥牛卷，丢进干贝粥里，简单的晚饭。,,适量肥牛，适量盐，适量姜，适量米，适量干贝,"1. 米，干贝泡好，下锅，加姜片去腥味。ps：熬粥过程中注意搅拌，以免糊锅。
2. 粥熬好后，加肥牛卷，加水，加盐，煮熟肉卷。ps：注意搅拌不要糊锅。
3. 起锅，装容器。",5,3,3,0.0,0,0,0,0,0,0,0,0,80.0,0.0,0,0,5,0,legacy,"[""粥"",""家常菜""]","[""3"",""20"",""66""]"
83238,酸辣汤,酸辣汤,好吃到爆的酸辣汤，简单方便又快捷,,1块嫩豆腐，3克胡椒粉，2勺醋，1个鸡蛋，2朵木耳，3朵香菇，2克水淀粉，3克盐，1根香菜，半根胡萝卜，小半勺生抽，适量笋,"1. 食材都切丝备用
2. 豆腐切丝
3. 水烧开后放入食材，加调料（醋、胡椒粉、一点点生抽-不加也可以，盐），玉米淀粉少许用水化好后倒入，一个鸡蛋打散后放入，煮开后放入香菜起锅
4. 成品出来了，超级美味",12,5,5,584.0,122.4,9.13,4.7,12.84,3.96,68.4,5.77,116.2,50.0,100.0,3,8,1,0,legacy,"[""汤羹"",""快手菜"",""家常菜""]","[""6"",""7"",""9"",""23"",""33""]"
83490,南瓜/红薯/土豆粉蒸排骨,南瓜/红薯/土豆粉蒸排骨,"从小到大最爱的排骨吃法就是粉蒸排骨 也是不咋会做饭的妈妈为数不多的拿手菜😅
人在呆梨没有买到粉蒸米面 将就着淀粉也好吃 蒸出来的排骨超级嫩 
记录向食谱🤤",,排骨部分，自己吃的量排骨，两勺（不要米）醪糟/米酒，三勺生抽，半勺蚝油（可选），几片生姜，蒜粉（可选），三瓣蒜，花椒（可选），一勺淀粉，打底材料（随意选），切小块南瓜，切小块红薯，切小块土豆,"1. 切小块的排骨多泡一会儿 血水泡出去 然后沥干水和排骨部分所有东西一起抓匀 至少腌两个小时以上 最好提前过夜腌制 这样比较好入味
2. 打底的材料均匀铺在碗底 不用调味 腌制过的排骨蒸的时候调味料会慢慢流下去 和排骨一起吃刚刚好

3. 腌好的排骨均匀铺在打底材料上 放进蒸锅 开大火上汽过后转中小火慢慢蒸1—1.5小时左右 

*中途记得检查锅里水是否充足 不要烧干了
4. 1—1.5小时过后差不多蒸好了 关火 小心地把碗/盘取出来 小心烫!
刚蒸好的排骨碗里很多水 把水倒掉就可以开吃啦✌",14,2,2,20.0,36.8,0.69,0.06,8.44,0.17,6.5,0.21,3.1,21.43,100.0,0,5,9,0,legacy,"[""快手菜"",""家常菜""]","[""2"",""3""]"
84117,入口即化的鸡爪明虾煲超下饭,入口即化的鸡爪明虾煲超下饭,宅家一个多月，厨艺大增，连我自己都佩服我自己了。今天分享一道改良版的鸡爪明虾煲，好吃又下饭，虾鲜美又入味，软糯的鸡爪入口即化，满满的胶原蛋白～多吃点😋,,400g鸡爪，300g明虾，2个土豆，1根葱，3片姜，4瓣蒜，半个洋葱，2勺料酒，2大勺豆瓣酱，4个干辣椒，2勺生抽，1勺老抽，2个八角，3片香叶，1勺糖，3个小米椒,"1. 鸡爪洗干净，剪去指甲～
2. 鸡爪划刀，冷水下锅，加入姜片，料酒，煮开捞出，洗去浮沫～
3. 准备好食材，明虾洗净，除去虾线，土豆切块浸泡在水里防止氧化，洋葱切片，干辣椒，蒜，姜，花椒，香叶～
4. 锅里放油，记得比放一点哟，一会儿熬出虾油拿来炒鸡爪～虾放进去炒熟～
5. 炒好的🦐盛出来，脆脆的虾壳儿～
6. 继续热锅，加入洋葱，花椒，蒜，八角，香叶，干辣椒，小米椒。炒出香味～
7. 加入两勺豆瓣酱～炒出红油
8. 倒入鸡爪～
9. 炒到鸡爪都裹上了红油～
10. 加入热水，没过鸡爪，倒入料酒，生抽，老抽，白糖，中火煮30分钟～
11. 30分钟后加入土豆，香菇，继续炖15-20分钟～
12. 倒入虾，闷煮5分钟。
13. 出锅前，撒点盐～
14. 放一些香菜点缀起来特别有食欲～
15. 好吃又下饭的明虾鸡爪煲搞定～🥳🥳🥳",16,7,7,1133.0,1526.1,118.5,68.25,134.64,42.05,292.0,10.0,740.2,50.0,100.0,2,14,0,0,legacy,"[""下饭菜"",""家常菜"",""宴客""]","[""1"",""2"",""3"",""5"",""12"",""18"",""112""]"
84479,米饭杀手三——鱼香鸡丝,米饭杀手三——鱼香鸡（肉）丝,"快手 好吃的米饭杀手又来啦 还等什么 今晚加个菜
米饭杀手一👇 https://www.xiachufang.com/recipe/104333350/
米饭杀手二👇 https://www.xiachufang.com/recipe/104362990/",,1块鸡胸，1根胡萝卜，2个青椒，4朵木耳，1勺豆瓣酱，1勺生抽，1勺料酒，1勺香醋，1勺蚝油，各1勺蒜末葱花，少许盐，1勺糖，少许胡椒粉，3勺水淀粉,"1. 鸡胸切丝➕1勺生抽➕1勺料酒➕半勺胡椒粉➕1勺淀粉 搅拌均匀腌制10分钟
2. 热锅倒油 油温升高后倒入腌好的鸡丝 用筷子翻炒均匀 鸡丝变色（8分熟）盛出备用
3. 用鸡丝控出来的油 放1勺祁县豆瓣酱➕蒜末 葱花翻炒出香味儿（豆瓣酱很容易炒糊 要不断翻炒）
4. 倒入切好的胡萝卜丝➕木耳丝 翻炒均匀 上色
5. 胡萝卜丝炒软后 倒入刚煸炒好的鸡丝➕切好的青椒丝➕1勺糖➕1勺香醋➕1勺蚝油➕1勺生抽翻炒均匀 出锅前倒入3勺水淀粉 勾芡（祁县豆瓣酱本身比较咸 这里就不要放盐了）
6. 撒小葱花装盘上桌 开吃
7. 米饭君🍚准备好😋 开动",14,4,5,388.0,221.2,28.05,2.74,24.73,3.71,76.8,10.47,145.6,28.57,100.0,0,12,2,0,legacy,"[""下饭菜"",""家常菜"",""鱼香""]","[""6"",""11"",""15"",""24"",""33""]"
84593,冰纹茶叶蛋,冰纹茶叶蛋,这样做的鸡蛋的才是最香的~,,6个鸡蛋，3克（或2包）红茶，1汤匙老抽，3汤匙生抽，2汤匙盐，9颗白豆蔻，2颗草果，2颗栀子，5粒砂仁，6粒八角，1扎香茅，4片甘草，1小段桂皮，1小把茴香，5片香叶,"1. 冷水下鸡蛋，中大火煮7分钟，捞起，放冷水备用
2. 水滚下香料，下老抽、生抽和盐，煮10分钟后
3. 下鸡蛋（外壳敲裂）
4. 小火煮15分钟后关火，泡6个小时，完成",15,1,1,613.0,451.0,42.7,26.2,7.2,0.8,408.0,16.8,394.5,40.0,92.86,1,12,1,0,legacy,"[""茶叶蛋"",""快手菜"",""早餐"",""家常菜""]","[""7""]"
84658,凉拌木耳黄瓜超级下饭的凉菜,《凉拌木耳黄瓜》超级下饭的凉菜，调料都可以拌饭吃的那种,有灵魂的调料拌出来的黄瓜木耳凉菜，光是调料都可以拌着饭吃呢,,1根黄瓜，一大碗木耳，5瓣蒜，1/4根京葱，1小把香菜，1/4个洋葱，4勺辣椒油，4勺酱油，2勺香醋，1勺香油，1勺盐，半勺糖,"1. 黄瓜洗干净拍成块，放在盆里洒一点点盐拌一拌，这样可以去一下黄瓜的水分，更入味。
2. 木耳泡发好以后，放在锅里煮一下就可以捞出来，过一遍凉水。
3. 准备材料:切洋葱粒，蒜末，香菜段，葱花，放在一个碗里。
4. 加入其他调味料，酱油，香醋，香油，盐和糖，然后拌匀，不要偷吃，因为很香。
5. 加入辣椒油。再次拌匀。
6. 黄瓜，木耳，调料倒在一起，然后拌匀。
7. 真的很下饭的凉菜就做好了🍚🍚",12,6,6,1235.0,415.3,15.9,3.29,86.92,12.39,499.9,10.39,87.6,50.0,100.0,0,11,1,0,legacy,"[""凉菜"",""沙拉凉菜"",""家常菜"",""下饭菜"",""下饭"",""饭""]","[""1"",""2"",""5"",""9"",""19"",""33""]"
84916,冰镇超好吃：拌杂菜,冰镇超好吃：（韩式）拌杂菜,"最近在重新看《搞笑一家人》，俊河和罗文姬女士的拌饭啊韩国家庭餐桌上的拌杂菜啊，还有冰箱里一盒一盒的酱牛肉和泡菜，就算是天气很热的夏天看着也很有胃口。

韩国家庭的食物好像总是有很多生活在冰箱的保鲜盒里，吃的时候就拿一些出来看着又有食欲也很方便的样子（不知道这样健不健康啦）。

拌杂菜这种把好几种菜混合着香油拌到一起，放在冰箱里冰冰凉，吃起来又充满芝麻油干香菇的香气，经过冰镇的芝麻油完全不会腻口，蔬菜种类也很满足营养，一次做两顿的量，夏天里真的不要太合适鸭！

-打个括号的原因是并不知道是不是正宗的韩式拌杂菜啦，毕竟调味料都很中国-",,1小把红薯粉条，12朵干香菇，1根胡萝卜，半斤多绿豆芽，100克肉丝，半颗洋葱，1把（200g）菠菜，调味：，一点点白胡椒粉，0.5匙鸡精，1.5匙盐，1匙糖，1勺酱油，3勺香油，腌肉料：，1大勺酱油，1/3匙盐，1/3匙糖，1点点白胡椒粉，1勺香油,"1. 里脊肉切丝（我用的大里脊），放酱油、盐、糖、白胡椒粉、香油拌匀腌制。
2. 干香菇洗净，温水泡发，香菇水不要倒哦
3. 粉丝提前冷水泡软，沸水煮三分钟左右煮熟，捞至冰水中备用
4. 处理配菜，洗净切丝，洋葱丝切细一点
5. 平底锅按顺序每次炒一种食材、锅底留薄薄一点油，先炒洋葱煸炒软，然后香菇，然后胡萝卜豆芽最后菠菜（炒熟即可）。油每次真的只放一点，觉得某种菜（比如胡萝卜）自己要炒糊的时候就往下淋一点泡香菇的水。
6. 最后炒肉丝，煸炒到香气四溢
7. 所有熟食材放入盆中，撒上芝麻，放入调味料中的酱油，盐、糖、香油、鸡精及一丁点点点儿白胡椒（约等于无）
8. 放一张调料茶匙，就是调味罐里的小勺子，这是1匙盐的量
9. 拌匀后盖上保鲜膜或放入保鲜盒进冰箱冷藏即可啦，一次不要做太多不建议冷藏太久",14,4,4,611.0,416.2,17.91,30.58,18.66,2.5,82.2,3.82,171.3,42.86,88.89,2,6,5,0,legacy,"[""快手菜"",""凉菜"",""韩式"",""家常菜"",""宴客""]","[""5"",""6"",""40"",""93""]"
85313,冰糖红烧肉,冰糖红烧肉,"米妈认为，做饭是件很美妙的事情！但同时也是件你每天都必须重复的动作！当你把每天重复的动作变成兴趣时，你的菜品就会给你无限惊喜😋😋😋
👧🏻是位很不爱吃饭的孩子，也是几乎不吃肉的小盆友🤔考验厨艺的时候到了😂😂😂这道冰糖红烧肉就是小家伙爱吃的为数不多的肉菜😋😋😋我特地编写菜谱与大家分享，只为家人从此爱上吃饭😜",,500克五花肉，适量冰糖，3片姜，半勺老抽，一勺料酒，两勺生抽，3片香叶，2个八角，1块桂皮，一勺蚝油，适量虾粉，适量盐，适量高汤或者清水，6瓣蒜,"1. 五花肉洗净，切大块（大大的块哦）备用
2. ①热油爆香葱段，蒜头，姜片！②加入五花肉继续翻炒，至肉肉变色，表面略略出焦！③加入料酒，生抽，冰糖，继续翻炒！④加老抽上色，盐适量，翻炒均匀加入适量高汤（没有高汤加清水也可以）放入桂皮香叶八角！大火转小火，煨45分钟！
3. 45分钟收汁成功，加入少许虾粉（我是自己做的，此处也可以加入鸡精）盛出摆盘👌🏻
4. 撒上葱花及芝麻，热腾腾的米饭🍚准备起来吧！㊗各位看官，厨友好胃口",14,3,4,554.0,1704.4,77.16,150.7,10.75,0.98,48.2,7.2,293.5,28.57,100.0,1,9,4,0,legacy,"[""红烧"",""家常菜"",""下饭菜""]","[""2"",""3"",""4"",""10""]"
85778,酸辣土豆丝炒肉,酸辣土豆丝炒肉,"简单易操作的一个菜谱。
男朋友说挺好吃，不过根据他的口味，他觉得土豆如果再软一些会更好，而我比较喜欢脆脆的口感。",,1个土豆，5个干辣椒，1小块瘦肉，1根小葱，1个蒜头，调料白醋、油、盐、白糖、味精、淀粉,"1. 瘦肉切丝。
倒入一点点油先搅拌均匀，再倒入少许酱油、盐、味精、白糖搅拌，最后加入淀粉再搅拌均匀。放一旁备用。

2. 土豆切丝。放水中泡着备用。

（切土豆丝和肉丝有一个相同的方法，就是先切成薄薄的片状，再把片叠起来切成细细的丝）
3. 干辣椒切成小块、葱切断、蒜头切碎。
准备开火
4. 锅烧热，放少许油，油热后把腌好的肉倒进去，开中火，用筷子搅拌，差不多熟了就马上起锅，倒入碗中备用。
5. 土豆丝沥干水分。
锅洗净后重新开火，热油。
倒入土豆丝，大火翻炒，倒入少许白醋（不要倒太多，后面还会放），加入干辣椒和碎蒜后继续翻炒。
看土豆丝颜色，差不多变色软了一些就开始放盐，翻炒一会再加入之前炒好的肉丝，继续翻炒半分钟。
准备出锅前再加入少于白醋和葱段。出锅。
6. 成品就是这样，清脆微辣。",5,4,4,365.0,598.0,24.41,31.24,57.42,4.97,63.3,3.53,86.5,100.0,100.0,0,5,0,0,legacy,"[""酸辣"",""炒"",""辣"",""家常菜"",""土豆""]","[""1"",""2"",""4"",""12""]"
86087,到停不下来的火锅底料炒螺丝,好吃到停不下来的火锅底料炒螺丝,此菜谱为家庭量，请先看菜谱和小贴士再动手，食材有忌口请绕道哦,,2斤（约1000g——1200g）螺丝，#调料，15—20g重庆牛油火锅底料，3勺油，少许生姜，3勺生抽，1勺老抽，3勺蚝油，300—400ml啤酒，1勺红糖，适量盐，适量白胡椒粉，两个干辣椒，少许葱,"1. 一勺就是这种勺，但是调味料用量只是估算，请不要太过刻板
2. 螺丝搓洗干净剪去尾部备用
3. 这里不说我用的什么牌子的火锅底料了，就是自己喜欢的即可，一定要重庆牛油火锅底料
4. 生姜切丝备用
5. 无水的锅内放油和火锅底料烧热
6. 放入姜丝煸炒
7. 放入螺丝翻炒均匀，然后放入生抽、老抽、蚝油翻炒一会儿
8. 再倒入啤酒、红糖、白胡椒粉少许，无需放水，盖上盖子焖煮
9. 啤酒收干一半之后开锅放入干红辣椒（及时品尝一下汤汁如果淡了放少许盐）翻炒均匀即可出锅
10. 最后撒上葱花点缀",14,2,2,402.0,5.9,0.3,0.24,1.05,0.83,0.2,0.12,0.1,28.57,100.0,3,6,5,0,legacy,"[""快手菜"",""家常菜"",""火锅"",""炒""]","[""1"",""3""]"
86115,水煮羊肉,水煮羊肉,冰箱里有块羊后腿肉，是之前我在家做烧烤用剩下的，过久储存怕会影响口感，那么做个水煮羊肉吧。也是受到《中餐厅²》的影响，水煮起来🤣💪🏻。,,1块羊后腿，半张千张，适量绿豆芽，适量娃娃菜，适量上海青，适量木耳，少许洋葱，少许大葱，少许小葱，1头蒜，3片姜，2勺生抽，1勺老抽，1勺白糖，2勺粉芡，适量白酒，适量白胡椒粉，适量花椒粉，1把花椒，10个干红辣椒，1个蛋清，适量油，适量香芹，适量香菜，1勺干辣椒面，适量白芝麻，2勺郫县豆瓣酱，适量水，适量金针菇，1根线椒,"1. 木耳泡发，上海青、娃娃菜洗干净用清水泡一会儿。（是怕有农药，所以菜我都会多泡一会儿，15分钟吧，过久也不行。）
2. 木耳泡发后剪去根部，金针菇洗净切去根部，豆芽洗净，千张切条儿，娃娃菜从中间切一刀便于食用，洋葱、姜、大葱、一半蒜、线椒、小葱、香芹，分别切碎，另一半大蒜整颗轻拍一下，香菜和上海青洗净备用。
3. 我是因为有羊后腿肉，不想浪费，所以用了这块肉，当然需要去掉它的筋和膜，切尽量薄的片，方便快速煮熟。（大家最好选用里脊肉或者牛里脊肉做也是特别好吃。）
4. 肉切好后，➕白糖1勺➕白胡椒粉适量➕生抽1勺➕白酒1勺➕姜适量➕洋葱适量，腌制15分钟
5. 再➕2勺粉芡
6. ➕1个蛋清，搅拌均匀，再腌制15分钟。
7. 锅内少许油，下1把花椒，出香味儿
8. 再➕10个干红辣椒
9. 把豆芽和娃娃菜炒一下，断熟盛出，码在碗里
10. 另起一锅，适量油，下大葱、洋葱、整蒜、姜爆香
11. ➕2勺郫县豆瓣酱，炒香出红油
12. ➕适量水➕生抽2勺➕老抽1勺➕适量花椒粉➕白胡椒粉
13. 水开后，下上海青、金针菇、木耳，煮熟。（其实自己喜欢吃什么菜就可以➕什么菜，比较不拘）
14. 煮熟的菜捞出码盘儿
15. 腌制好的羊肉下进锅里
16. 煮2分钟，根据切的厚薄看状况，如果是里脊片又比较薄的话1分钟就可以了。
17. 把煮好的肉盛出来，码在各种菜上面，浇上汤，把切好的蒜末、小葱、香芹、线椒码在肉上面，再撒1勺干辣椒面和适量白芝麻。
18. 锅里热1勺油，微微冒烟，盛出，泼在食材上。
19. 摆上之前炸的红辣椒还有香菜
20. 快快开动吧。好吃到停不下来。",30,14,14,1287.0,3026.5,158.04,122.59,532.7,417.85,178.3,61.88,73.8,63.33,100.0,0,14,16,0,legacy,"[""家常菜"",""下饭菜"",""大鱼大肉""]","[""1"",""2"",""3"",""5"",""9"",""33"",""36"",""44"",""46"",""52"",""70"",""106"",""138"",""201""]"
86202,比黄焖鸡还好吃～香菇土豆炖鸡块,比黄焖鸡还好吃～香菇土豆炖鸡块,鸡肉真是有无数种做法啊，今天我们在中午做一道超级好吃又下饭的香菇土豆炖鸡块吧。现在十一点，半个小时就做好啦🤗🤗,,5只鸡腿，10朵香菇，2个土豆,"1. 诱人么🤔🤔😏😏
2. 香菇泡水后，切滚刀块，泡香菇的水别倒了
3. 土豆切滚刀块。削皮就不用说了吧🤫🤫
4. 鸡腿斩块，在温的盐水里泡十分钟，去除血水
5. 锅里放油，放入冰糖，小火炒糖色至枣红色冒大泡
6. 倒入控水后的鸡块翻炒，均匀裹上糖色
7. 放葱姜，香叶，桂皮，继续翻炒
8. 两勺生抽，一勺老抽，一勺料酒，一点米醋，继续翻炒
9. 倒入泡香菇的水和一碗开水，先炖十分钟
10. 在倒入土豆和香菇，继续炖十五分钟
11. 放青红椒，大火收汁
12. 汤汁浓稠后出锅啦
13. 鸡肉軟烂脱骨
14. 鸡肉鲜嫩多汁
15. 土豆软糯入味，别提多香啦。赶紧就在今天中午试试吧，家人一定满意🤗🤗🤗",3,3,4,1100.0,1171.0,133.4,44.4,63.8,9.9,25.0,12.6,462.1,100.0,100.0,0,3,0,0,legacy,"[""家常菜"",""红烧鸡块"",""香菇鸡块"",""炖鸡块""]","[""12"",""23"",""24"",""589""]"
86907,高压锅炖鱼,高压锅炖鱼,鱼肉好吃，但是鱼刺总是带来很多麻烦，毕竟鱼天生不是为了让别人吃而生长的嘛～这种用高压锅炖出来的鱼，既能保证鱼的味道，又能把鱼刺完全炖烂，吃起来非常爽哦,,1条草鱼，20～30粒花椒，6个干辣椒，5cm大葱，7片姜，5瓣蒜，一勺生抽，一勺老抽，6颗冰糖，2勺米醋，一片猪肉皮，半颗咸菜，一罐啤酒，4g左右盐，适量香菜,"1. 草鱼提前一天买好，处理好内脏鱼鳞鱼线等，放到冰箱冷冻室里冷冻半天，做鱼的头天晚上拿出来解冻，切大块，冷冻这个步骤是为了保证最后炖的时候鱼肉不散。
2. 中小火加热平底锅，切一块生姜，拿着擦锅面，擦好之后倒入油，放入鱼肉煎至两面金黄。
3. 每面小火煎个四五分钟，翻面一次就行不用来回翻，大概煎成这样，黑色不是糊了，是鱼皮的黑
4. 都煎好啦，死不瞑目de鱼鱼
5. 葱姜蒜切好
6. 高压锅开大火，加点油，放入花椒辣椒，辣椒是掰开的
7. 稍等半分钟之后加入葱姜蒜
8. 咸菜切片铺在锅底，然后把肉皮铺在咸菜上（我妈放太快了，肉皮我没拍到，能盖住锅底的大小就行
9. 放入鱼块
10. 大概这么大的勺（这是我家米饭勺），放两勺醋，多半勺生抽，多半勺老抽，一勺料酒，一罐啤酒，六块冰糖
11. 加水至7分满，快要没过鱼了，加入四勺盐，勺是那种专门量盐一克一勺那种，等水开了之后尝尝咸淡，稍淡就行，毕竟下面还有咸菜
12. 在水开之前一直是大火哦，水开之后尝好咸淡，盖上盖子改成中火，炖一个小时
13. 炖好的，骨刺酥烂，打开锅盖加入香菜碎
14. 盛出来几块先吃",15,5,5,912.0,555.5,91.25,14.11,18.33,4.29,110.6,7.94,193.5,60.0,100.0,1,12,2,0,legacy,"[""家常菜"",""高压锅"",""炖""]","[""1"",""2"",""3"",""9"",""79""]"
87100,椒盐爬爬虾,椒盐爬爬虾,"经常在家弄海鲜，朋友圈的朋友都在流口水，这次尝试不一样的海鲜
纪念第一次弄爬爬虾",,35只虾，0.1克椒盐，30粒花椒，1根葱白，1个蒜，10个小米辣，4条二荆条，1个老姜，2片香叶，5个干辣椒，1颗八角，克椒盐，2勺郫县豆瓣，3勺料酒，200克菜籽油，5克白糖,"1. 用剪刀剪去须，用刷子洗净
2. 加入料酒，花椒，姜，葱白，盐，清水泡一个小时
3. 将蒜，葱白，生姜，二荆条，小米辣，干辣椒，香叶切碎备用
4. 锅里放油烧热，虾沥干水分，用厨房纸将水吸干，放入锅里炸2分钟，盛出后复炸一次。盛出放在盘里备用。剩余的油加入花椒，八角，步骤3的调料，郫县豆瓣，不断翻炒，再加入白糖，生抽，炒香后加入炸好的虾，再不断翻炒2分钟后加入鸡精调味后即可盛出，最后不要忘了在上面洒上椒盐并放几根香菜噢，看起来更有食欲
5. 这是今晚我做的合照，三个人一扫而光
6. 配上特调鸡尾酒，感觉爽爆了",15,5,5,1330.0,94.2,3.88,1.61,19.22,6.24,101.5,3.06,26.5,46.67,100.0,3,12,0,0,legacy,"[""家常菜"",""快手菜"",""小吃""]","[""1"",""2"",""3"",""91"",""590""]"
88235,酸辣泡椒鸡杂,酸辣泡椒鸡杂，销魂下饭,特喜欢吃鸡杂，今天突然想吃了，可是只买到鸡胗和鸡肝，第一次分享，希望大家包涵！,,10个泡椒，3瓣大蒜，4片姜，1勺鸡精，3勺料酒，1勺盐，1勺豆瓣酱，1勺淀粉，3根葱，1勺耗油，2勺生抽，1勺味极鲜，适量糖，鸡精，，半勺老抽，半个洋葱，1个红椒,"1. 准备配料，
2. 准备配料
3. 鸡杂洗净
4. 放入淀粉，耗油，味极鲜，料酒，葱姜蒜，搅拌，腌15分钟
5. 烧油放小米辣，葱姜蒜，泡椒，爆香，
6. 放入鸡杂，翻炒三分钟，放入泡椒水，翻炒一分钟，放入配料，
7. 出锅",16,5,5,1237.0,469.6,15.41,4.52,108.96,34.12,424.8,15.5,40.3,43.75,100.0,0,15,1,0,legacy,"[""家常菜"",""下饭菜"",""辣""]","[""1"",""2"",""3"",""5"",""49""]"
88246,酸菜鱼,酸菜鱼,一直觉得酸菜鱼是一道很难做的菜，尝试了以后，原来很简单……,,适量酸菜，适量泡椒，4个红辣椒，5/6片生姜，若干蒜片，1条黑鱼，若干克白芝麻，适量盐,"1. 应玛捷斯，首先煸炒-160度-速度3，先热锅1分钟，接着倒一些油，30秒之后，倒入姜片、酸菜、泡椒、红辣椒🌶️进去翻炒2分钟。片好的鱼片加白胡椒、淀粉、盐拌均匀后腌制备用。
2. 加开水、鱼骨头，少量生抽、料酒，160度煮20分钟（这里煸炒模式最多只能设定15分钟，需要第二次再手动加5分钟）
3. 煮好的汤会很鲜
4. 提前片好的鱼片放进去，根据鱼片的量，继续煮3-5分钟，水开鱼片熟了就可以。
5. 出锅撒一点白芝麻，就可以享用啦🥰配着酸菜，可以吃2碗饭🤣超级下饭",8,5,5,548.0,107.1,19.12,1.49,4.94,1.3,165.0,1.37,56.0,87.5,100.0,0,3,5,0,legacy,"[""下饭菜"",""家常菜""]","[""2"",""3"",""36"",""50"",""167""]"
88385,宝宝和妈妈都爱吃的炖鸡腿,宝宝和妈妈都爱吃的炖鸡腿,孩子两岁半啦，是个典型的食肉动物！每次问他吃什么，他就说要吃肉！作为老母亲，只能想办法做一些让他即能吃到肉，也能吃点蔬菜的菜肴。今天去菜场，看到豆腐泡很想吃，于是乎，决定做一个宝宝和妈妈都爱吃的菜！,,5只小鸡腿，1勺酱油，1勺味极鲜，3根小葱，10片姜，6瓣蒜，适量冰糖，2个八角，3片香叶，一小块桂皮，2个(可以多放)干辣椒，10朵香菇，半斤豆腐泡，适量盐，1小勺鸡精，一小勺花椒面，1个青椒，半个红椒,"1. 我买的这样的鸡腿，剁小块，冷水下锅，放几片姜，开火煮沸
2. 我喜欢把肉过下水，会煮出好多血沫。水开了，火小点，把肉一个个夹出来，控水备用。
3. 香菇是新鲜的香菇，洗净，开水煮一下备用
4. 葱切段，姜切片，蒜对半切开，八角2个，桂皮(小拇指甲盖大小)一块，香叶3片，干辣椒2个(我这个是不辣的辣椒，家里有宝宝不敢多放，喜欢吃辣的可以多放)
5. 材料都准备好，豆腐泡对半切开，香菇煮好后切片，青椒一个，红椒半个，切成小块
6. 锅热后倒油，油温上来后把剩下的姜放进入炒出香味
7. 倒入鸡腿肉翻炒
8. 放葱段，干辣椒，蒜，香叶，桂皮，八角翻炒出香味
9. 放一小勺花椒面炒几下，然后倒入酱油，味极鲜再炒一会
10. 倒入香菇翻炒一分钟
11. 加水，沒过食材
12. 水开加冰糖，我先放了这么大一块，后来尝味道，觉得不够，又加了大约这么大一块
13. 汤开了加入豆腐泡，煮一会，汤开了放盐调味，根据自己的口味来，放一小勺鸡精
14. 汤汁快收干的时候放入青红椒，如果爱吃辣，可以把青椒换成尖椒，煮一分钟左右就可以出锅啦！最好留点汤泡饭吃！
15. 开吃啦，豆腐泡满满的汤汁，大爱。孩子再边上大口吃肉，还喊着要吃魔都(蘑菇)！哈哈，有没有馋到你！",18,7,8,1312.0,1034.8,129.41,44.94,33.6,10.34,67.9,13.63,471.0,50.0,93.75,1,14,2,0,legacy,"[""家常菜""]","[""1"",""2"",""3"",""11"",""23"",""24"",""49"",""589""]"
89193,茭白炒肉,茭白炒肉,,,2根茭白，250g瘦肉，黑木耳，黄瓜，片姜，个干辣椒，圆椒，料酒，生抽，胡椒粉，油，玉米淀粉，盐，糖，鸡精，米酒,"1. 把肉加料酒 生抽 胡椒粉 玉米淀粉 油 淹15分钟  茭白切滚刀块  木耳洗净 姜切片  圆椒切块  黄瓜切片  干辣椒洗净

2. 把茭白和黑木耳分别汆汤  去掉草酸 捞起备用
3. 热锅倒油 加入肉片翻炒  炒至变色  
4. 加入茭白 癫锅翻炒 煮一会儿
5. 加入木耳翻炒
6. 加入黄瓜 干辣椒 圆椒翻炒一会 加入糖 盐 鸡精  翻炒出锅
7. 撒点白芝麻 完成!",16,5,5,450.0,879.5,40.15,75.65,11.8,3.8,23.0,4.05,153.6,43.75,100.0,1,1,14,0,legacy,"[""家常菜"",""快手菜""]","[""3"",""4"",""19"",""33"",""362""]"
89242,豆豉排骨蒸南瓜,豆豉排骨蒸南瓜,家里有南瓜需要消耗，个人不喜甜，爱咸口，于是南瓜排骨搭一块蒸着吃，非常好吃，感觉南瓜比排骨还好吃。,,#食材，500克肋排，300克南瓜，十几粒豆豉，3瓣大蒜，2根香葱，#调料，10毫升生抽，10毫升蚝油，少量姜粉，适量五香粉，15毫升料酒，5克淀粉，10毫升食用油,"1. 排骨剁成寸排，小块一点好蒸熟。清水冲半小时捞出沥水。
2. 加入除淀粉外的调料，用手按摩五分钟，腌一到两个小时。
3. 腌够时间，加入淀粉，抓捏均匀。
4. 这时处理南瓜。
5. 切成两半，去皮去籽。
6. 切成大小厚薄的中块状。
7. 平铺在盘子上，取个大点的平深盘，因为有汤汁蒸出。
8. 码上腌好的排骨，在南瓜上倒8毫升太太乐蒸鱼豉油。
9. 上蒸锅，水开蒸30分钟。
10. 撒上葱花，开吃。排骨软嫩入味，南瓜软糯可口，老人小孩减肥人士皆适宜。",14,4,5,840.0,1431.2,94.6,102.44,33.82,2.84,109.0,5.67,230.1,42.86,100.0,7,2,5,0,legacy,"[""蒸"",""家常菜"",""下饭菜""]","[""1"",""2"",""4"",""30"",""32""]"
89594,红烧鸽子,美味的红烧鸽子,鸽子营养丰富，多吃乳鸽可使细胞得到充足的营养，使全身器官活力充沛，新陈代谢通畅,,2只鸽子，1-2勺料酒，2根葱，5片姜，5-6颗冰糖，1个八角，3片香叶，1小块桂皮，1勺生抽，小半勺老抽，半勺蚝油，1勺郫县豆瓣，2-3克胡椒粉，3-5克盐,"1. 鸽子切成块，八角，桂皮，香叶，冰糖，香葱
2. 鸽子肉冷水下锅，放1-2勺料酒，水开去除血沫，焯1-2分钟捞出备用
3. 焯好的鸽子控水备用
4. 锅中倒入油，油热5放入冰糖，中小火待冰糖溶化冒泡放入鸽肉
5. 让鸽子均匀上色
6. 放入八角桂皮香叶炒出香味
7. 放入一勺郫县豆瓣翻炒均匀
8. 最后放入姜葱炒均匀，再加入一勺生抽，一勺蚝油，半小勺老抽，半小时胡椒粉翻炒入味
9. 最后放入一碗清水，中火炖10分钟左右即可，最后可以根据自己的口味酌量加适量的盐，大火收汁。
10. 出锅装盘，色香味美的红烧鸽子就可以美美的享用了😋",14,2,2,270.0,23.8,0.84,0.32,5.1,1.36,25.2,0.82,8.0,28.57,100.0,2,12,0,0,legacy,"[""红烧"",""家常菜"",""下饭菜"",""宴客菜"",""宴客""]","[""1"",""3""]"
89694,大盘鸡,大盘鸡,一直想做一道大盘鸡！大学在大连读的，大连有一个很有名的东财大盘鸡，记忆深刻！来上海之后，饮食习惯改了很多！因此，做了这个改良过的大盘鸡！,,2只鸡腿，1个土豆，小半个洋葱，半根大葱，1勺白糖，2个八角，1勺老抽，4片姜，5个干辣椒，5克盐，2片香叶,"1. 准备的配料基本就是图片中这些。
2. 鸡腿切好，冷水下锅焯出血沫。
3. 加点葱姜，和一点点料酒。焯好捞出备用。
4. 葱姜蒜下锅炒香，辣椒也要炒一下，否则太辣！辣椒数量看个人抗辣程度！
5. 炒出香味后加入鸡肉和洋葱！煸炒！
6. 炒一会就可以加入生抽和老抽，然后加水沒活鸡块！这个鸡就是菜市场的普通鸡，熟的快，可以把土豆也直接加进去！再调个味，加点盐，和一块冰糖！盖盖煮吧！
7. 确实挺好吃！这个菜，我很满意！",11,5,6,507.0,532.7,54.45,18.54,39.63,5.34,41.3,6.18,194.3,54.55,100.0,1,10,0,0,legacy,"[""家常菜""]","[""1"",""3"",""5"",""12"",""24"",""589""]"
89769,Q弹脆爽凉拌无骨鸡爪,Q弹脆爽凉拌无骨鸡爪,简单4步做好  爽口 Q弹 无骨更爽,,20只鸡爪，瓣蒜，根香菜，小米辣，线椒，个柠檬，耗油，酱油，克白糖，白醋，克盐，粒花椒，料酒，葱姜,"1. 买回的鸡爪清洗干净去指甲 冷水下锅 葱姜蒜料酒花椒大火烧开中小火煮15分钟 捞出洗净冷水冲凉透
2. 放没过鸡爪的冰水 冷藏1小时使他Q弹
3. 解剖 去骨 这是个细心耐心的活 没耐心就不去骨了剁成段吧方便入味哈哈哈
4. 好爽(✪▽✪)
5. 每个鸡爪份成4块便于食用 去的鸡骨留着第二天早起做面吃 下一篇教大家鸡汤面
6. 蒜末香菜小米辣线椒末   白醋白糖酱油耗油少许盐柠檬片 加凉白开没过鸡爪冷藏泡制6小时 早上做晚上吃 晚上做中午吃多泡泡入味好     如果着急吃就少放水冷藏15分钟一搅拌重复3到4次 1小时左右就可食用但没有泡过的Q弹脆爽！好饭不怕晚嘛！(ง •̀_•́)ง",14,8,8,1500.0,3810.0,358.5,246.0,40.5,0.0,540.0,21.0,2535.0,50.0,100.0,0,1,13,0,legacy,"[""快手菜"",""家常菜""]","[""1"",""2"",""3"",""9"",""22"",""91"",""112"",""201""]"
90264,虾肉饺子,虾肉饺子,,,面粉，鸡蛋，水，猪肉馅，大虾，高汤/水，花椒，葱，盐，生抽，老抽，海鲜酱，味霖，十三香，白胡椒，姜末，黑胡椒，香油,"1. 肉和虾的比例是1：1，剁的比较粗。因为我们家都爱有口感的肉馅，那种超市买回来软绵绵的肉末没人爱。一定要有筋才好吃。用的是夹心肉和前腿。
2. 这次使用手搅肉馅，所以上劲后。手上的感觉很明显。基本上搅拌到肉馅有粘性，粘在手上甩不下来就好。
3. 加了鸡肉高汤，和虾肉的比例是1：
4. 3（虾：高汤）。
5. 搅拌肉馅前，泡了50ml的花椒水，慢火煎了50g的葱油。
6. 一边搅拌肉馅，一边加入高汤、花椒水、盐、生抽、老抽、海鲜酱、味霖、十三香、白胡椒、姜末、和黑胡椒。
7. 搅拌好的肉馅最好能放到冰箱里冷藏1小时，这样好包很多，并且更加入味。但是这次只有z先生吃的饺子馅儿有冷藏。
8. 包饺子之前再加入葱油、20ml香油。
9. 饺子皮是专门的饺子粉加了盐和鸡蛋做的。
10. 急急忙忙吃饭忘了拍咬开的饺子。",18,5,6,0.0,0,0,0,0,0,0,0,0,38.89,0.0,0,0,18,0,legacy,"[""饺子"",""家常菜"",""快手菜""]","[""1"",""3"",""4"",""7"",""234"",""590""]"
90328,无敌下饭的红烧鱼,超级无敌下饭的红烧鱼 🐠,"今天这是一条鲈鱼。
同样方法可以做桂鱼  鲳鱼 黄鱼 带鱼 鲫鱼等等~
但是我还是觉得桂鱼口感最好最鲜嫩。
食谱是只烧鱼的量，如需加菜可以适当增加。",,1条桂鱼，半根葱，5片姜，5瓣蒜，半勺糖，1勺料酒，1勺老抽，2勺生抽，1勺醋，适量耗油，适量胡椒粉，适量十三香，3个干辣椒，一小撮花椒,"1. 准备材料，我这次加了豆腐，油豆泡和粉丝。
1.葱,姜,蒜,干辣椒,花椒,切好放一起。
2.调制酱汁，生抽,老抽,醋,料酒比例2:1:1:1。
3.陶瓷勺子我放2勺生抽，再加半勺白糖，一点点耗油拌匀。
2. 将鱼洗净厨房纸擦干。
油至六层熟时下油锅煎至两面金黄捞出备用。
（拿锅盖挡住脸啊，油滴乱蹦~
（听说油里撒点盐防止鱼皮掉~我没加emmmm……忘了。
3. 1.将步骤1中的葱姜蒜等翻炒出香味，下酱汁继续翻炒均匀。
2.倒入开水，开水，开水。放入煎好的鱼。
3.撒一点十三香，不喜欢大料的也可以不撒，我用的一颗八角和几片香叶。
4.大火烧开，小火盖锅盖慢炖！
（如果你不加菜的话，不用放图片中那么多水，刚好能看见半面鱼就好了。加菜的话可以和鱼一块放。
4. 慢炖15分钟左右，开锅盖大火收汁！
（尝一下咸淡，决定要不要加盐~
直到汤汁变得浓稠，撒一点胡椒粉起锅。撒上葱花来两碗米饭开吃吧！
",14,4,4,173.0,177.6,22.07,4.87,12.85,2.68,87.5,2.1,80.1,35.71,100.0,0,10,4,0,legacy,"[""下饭菜"",""红烧"",""家常菜""]","[""1"",""2"",""3"",""391""]"
90624,麻辣川香手撕鸡,麻辣川香手撕鸡（快手）,申请了好多次下厨房的试用，今天终于有幸获得了这款川香汁的试用机会！迫不及待的打开，香、辣、麻、鲜冲击着味觉！家里整好有快鸡胸肉，立马做起来！快手简单，省时省事！,,1块鸡胸肉，1块生姜，1个八角，2片香叶，3小块桂皮，1小把熟花生米，1小把熟芝麻，1小勺盐，2大勺生抽，1大勺醋，1大勺糖，2大勺麻辣川香汁，2个小米辣，1根香菜,"1. 鸡胸肉洗净，放入锅中，加入生姜八角桂皮香叶和适量水煮熟
2. 小米辣切圈，香叶切段备用
捞出煮熟的鸡胸肉，稍稍放凉
3. 等鸡胸肉不烫手时撕成鸡丝待用
4. 撒入花生芝麻小米辣和香菜叶，撒一小勺盐
5. 加入生抽2勺，醋1勺
6. 糖1大勺
7. 倒入麻辣川香汁2勺拌匀
8. 味道棒棒哒，配上一碗粥，非常棒的快手早餐",14,4,5,320.0,184.0,37.18,2.94,2.34,0.34,13.8,1.9,73.2,42.86,92.86,0,13,0,0,legacy,"[""家常菜"",""下饭菜"",""宴客""]","[""3"",""9"",""15"",""24"",""91""]"
90692,鲶鱼炖茄子,鲶鱼炖茄子,"今天晚上做一道东北四大名炖之鲶鱼炖茄子。
鲶鱼和茄子一起炖，茄子吸收了鲶鱼的香，鲶鱼有了茄子的味，荤素相得益彰，东北有句俗语“鲶鱼炖茄子，撑死老爷子”，可见这道菜有多么的美味。

好几年没吃鲶鱼了，因儿子不吃鱼，某人也不太喜欢吃鲶鱼，今天不顾一切的做了一顿鲶鱼炖茄子，没撑死“老爷子”，快把我撑死了，最关键的是跟老婆心有灵犀呀！给我买了一桶鲜啤酒，喝着沁人心脾的鲜啤，吃着久违了的鲶鱼，不知不觉中呵呵！！！我的战果见尾图😁😁😁😁",,3条鲶鱼，2个茄子，1勺东北黄豆酱，1根葱，1块姜，5瓣蒜，2根香菜，1个尖椒，数粒花椒，1个干辣椒，少许白糖，1勺料酒，1瓶啤酒，适量盐，2勺生抽，少许老抽，少许鸡粉,"1. 鲜活鲶鱼宰杀后去内脏去腮，洗净膛血，控水备用。
2. 起锅烧水，放少许料酒和白醋，水温75—80度时关火下入鲶鱼，烫10秒，捞出洗去鱼身上的粘液。
3. 葱、香菜、尖椒、茄子摘洗干净备用。
4. 姜拍散、蒜一部分切大粒，一部分切末，葱斜刀切段，香菜叶的部分切末，尖椒去籽塞入香菜梗。
5. 茄子不用刀切，用双手撕成条。
6. 锅中放少量的油，油热放入茄子煸炒一会，盛出备用。
7. 起锅烧油，下入葱、姜、蒜、花椒、干辣椒爆香，下入一勺东北黄豆酱炒香，延锅边烹入一勺料酒。
8. 下入鲶鱼，添入一瓶啤酒，放适量的盐和生抽调味，老抽调色，放入尖椒塞香菜增香，放少许白天增鲜，开锅后下入茄子，加盖中火炖15分钟。
9. 鲶鱼和茄子蒸熟后大火收浓汤汁，放入鸡粉调味，撒上蒜末和香菜末出锅装盘。
10. 成菜，鲶鱼肥而不腻，茄子鲜香味浓，酒饭皆宜。
11. 就剩汤了😁😁😁😁😁😁😁😁😁😁😁",17,6,6,1464.0,184.9,8.2,1.64,39.68,7.79,170.4,3.98,50.9,52.94,100.0,0,12,5,0,legacy,"[""下饭菜"",""家常菜"",""快手菜"",""大鱼大肉""]","[""1"",""2"",""3"",""9"",""11"",""110""]"
91644,韩国安东炖鸡,韩国安东炖鸡,,,半只鸡，粉丝，姜片，半根大葱，1个土豆，1根胡萝卜，1根尖椒，半个包心菜，1个洋葱,"1. 鸡半只，放料酒腌制10-20分钟。
2. 洋葱切丝，土豆切块
3. 包心菜备用、大葱、尖椒切好备用
4. 粉丝放水里煮6分钟，然后捞出放凉水里备用。
5. 把腌制的鸡放在水里加姜片焯一下，❗️水开放鸡 
焯好捞出，备用。
6. 1斤的鸡肉300ml水、150ml的安东炖鸡的酱汁，一起放入锅里等水开
7. 酱汁烧开后加入焯好的鸡肉块小火煮30分钟
8. 然后❗️先放入包心菜、土豆、胡萝卜、尖椒、洋葱煮15分钟。❗️最后加入大葱和粉丝煮5分钟
9. 大功告成。 ❤️来一碗白米饭完美！！",9,8,8,575.0,251.6,7.63,1.16,56.21,4.39,99.5,3.06,108.7,88.89,100.0,0,7,2,0,legacy,"[""韩式"",""家常菜"",""下饭菜"",""肉"",""鸡""]","[""1"",""3"",""5"",""6"",""11"",""12"",""24"",""76""]"
92095,家庭三汁焖锅,家庭三汁焖锅,,,2勺番茄酱，1个土豆，1根胡萝卜，2勺蚝油，1勺酱油，半个洋葱，6瓣大蒜，5克糖，1个青椒，2只鸡腿，半根腊肠，10粒干贝，半斤火锅丸子，10朵木耳，5克海带，2勺甜面酱，1勺海天酱，1把金针菇，4根香菜，1根小米辣,"1. 准备酱料，2勺番茄酱，一勺海天酱，两勺耗油，适量白糖，一勺甜面酱搅拌均匀。这个酱料根据自己的口味来，喜欢黑胡椒的可以放黑胡椒酱喜欢偏甜的多放点糖，中餐没有那么严格，适合自己口味最重要
2. 鸡腿洗净，去皮。切成小块，放些料酒去腥
3. 选择自己喜欢的
4. 喜欢的配菜洗净切块，不要切太小，要选择一部分易出水的菜哦
5. 葱姜蒜香菜切好，我还准备了木耳和海带
6. 干贝提前泡水，可加料酒隔水蒸，鲜味更容易激发出来
7. 一小段北方的腊肠，切成片
8. 锅里加底油，鸡皮放进去，翻炒，加葱姜蒜爆香，然后把配菜放进去
9. 菜出水之后，铺入金针菇，木耳和海带，干贝(包括泡干贝的汁水)盖锅盖，焖七八分钟
10. 把鸡腿肉，腊肠，火锅丸子铺好，把调好的酱料撒在上面盖锅盖，焖上十分钟
11. 放入香菜段，我还放了一只小米辣
12. 翻拌均匀，加热一小会撒白芝麻，还可以淋麻油。就做好啦~",20,11,12,1215.0,928.8,84.17,31.93,83.51,13.16,208.6,31.74,766.7,70.0,100.0,3,17,0,0,legacy,"[""家常菜"",""焖"",""快手菜""]","[""2"",""5"",""6"",""9"",""11"",""12"",""24"",""33"",""46"",""68"",""91"",""589""]"
92294,一分钟早餐 ·酸汤水饺,一分钟早餐 ·酸汤水饺,外面零下十度，排队买早点超冷还要等很久，那早上吃什么🤔一分钟边刷牙边做，立等可食。,,10只水饺，适量紫菜，少许虾皮，调味香菜，适量醋，一点点盐,"1. 【酸汤水饺】烧一锅开水，冰箱里吃剩的水饺丢进开水里（速冻水饺需要时间久一点，大概开水滚三次就好了）等水煮开。紫菜虾皮蚝油少许，水饺入碗中，浇饺子汤。按照个人口味加入适量盐、醋、香菜，开动～
2. 【油豆皮拌韭菜】个人来讲是不主动去吃韭菜的，因为韭菜的味道实在太尴尬了。不过焯过水的韭菜没有韭菜本身的味道了，当凉拌菜反而是不错的。韭菜洗净焯水捞出沥干切小段备用，油豆皮用温水泡开撕小块备用。所有食材放入碗中，加入适量盐、生抽、香油、醋，拌匀即可。",6,1,1,1000.0,0.0,0.0,0.0,0.0,0.0,0.0,0.0,0.0,50.0,100.0,0,1,5,0,legacy,"[""酸汤"",""水饺"",""凉拌菜"",""中式早餐"",""早餐"",""汤"",""饺子""]","[""75""]"
92791,鱼香肉丝【蒜薹版】,鱼香肉丝【蒜薹版】,"我真的太爱鱼香肉丝
我家那边鱼香肉丝就是加蒜薹的，但是到了山东这边很少见到，几乎是尖椒胡萝卜笋丝这些配菜，但是我特别爱吃蒜薹啊，自己做也很简单
一般会带饭去公司，所以我不加木耳，怕在微波炉噼里啪啦的😂

这个不是正宗的，但是是我爱吃的
我觉得我上辈子就是一盘鱼香肉丝😂😂

封面里是我做的但是没有拍步骤~",,适量肉，适量蒜薹，1个洋葱，半根胡萝卜，适量豆瓣酱，适量糖，适量盐，适量料酒，适量淀粉，适量醋，适量油，适量生抽，适量老抽，2片姜，2瓣蒜，克白糖,"1. 准备配菜：
肉切丝用老抽、料酒、盐、淀粉抓匀腌制备用
蒜薹洗净切段
洋葱切丝
胡萝卜切丝
加木耳的提前泡好

料汁：
豆瓣酱、老抽、生抽、醋、水、淀粉、糖、盐、姜蒜
为了省事我就都混合一起了
也可以豆瓣酱单炒出红油，再加配菜炒最后放料汁
2. 锅里倒油，油热下肉丝划散，差不多熟了后捞出备用
这时候锅里还有油，可以单独下入豆瓣酱炒出红油，也可以像我一样偷懒跟料汁一起放
3. 把所有配菜都倒入锅里翻炒，炒到你喜欢的软硬程度，放肉丝翻炒几下，倒入料汁，汤浓稠后就可以出锅了
4. 上一张山东这边鱼香肉丝盖饭😂
5. 也是山东这边的鱼香肉丝
6. 我们那边的鱼香肉丝
7. 也是我们家那边的鱼香肉丝",16,5,5,236.0,103.6,2.91,0.54,23.19,2.55,63.4,1.84,53.8,37.5,100.0,0,4,12,0,legacy,"[""鱼香"",""家常菜"",""下饭菜""]","[""2"",""3"",""5"",""6"",""258""]"
92900,炸鱼仔&花甲粉丝煲,炸鱼仔&花甲粉丝煲,"在家的日子，
短暂而美好，
动动手，跟妈妈做好吃的吧⊙▽⊙",,15-20只小鱼鱼，两大勺面粉，一小勺盐，一小勺胡椒粉，4瓣切成末蒜末，一小勺酱油，一小勺油，四把粉丝，两勺蚝油，一勺酱油，一小勺盐，一条小青椒，四瓣蒜，一小勺生抽，一斤花甲，一个鱿鱼，八只虾,"1. 将鱼洗净，稍微晾干
准备好面糊糊：面粉+胡椒粉+小青椒+蒜末+油盐+酱油等，这里可以水少面粉多，不然调制好后，将鱼下锅炸会一锅糊，因为没有挂糊……别问我怎么知道的，经验教训哈哈～（可以备一碗水，刚开始时可以边倒水边搅动，感觉差不多了就行😁）
2. 将鱼鱼每个裹好糊糊下锅，炸到变硬切记切记，不要随意波动。不然锅里还是成团～🤪又是一个经验了～
3. 等炸成这样子，差不多了，捞出控油
4. 可放凉吃，不然牙龈受不了🤣🤣
还是很香的，糊糊调的味道很不错(*๓´╰╯`๓)♡
其实刚开始是我在炸，但是发现鱼跟锅死死的粘在一起，就搬救兵了～以上的经验，都是老妈子告诉我的😎
5. 第二个菜是花甲粉丝煲
6. 将花甲，粉丝洗净，花甲放油盐吐沙，粉丝可以浸泡泡软放到一旁～
将准备好的姜，蒜，鱿鱼，虾切好备用

7. 锅里热油，倒入蒜末炒香，再放入鱿鱼，虾子
放入粉丝前，可在锅里倒入一碗水，以防焦底（可能锅子与锅子材质不一样，哈哈哈哈～人都有不一样）
8. 放入粉丝后，盖锅5min左右。再放入花甲，盖锅4min左右～再放入调制好的酱料～盖着中火烧5min关火焖～
9. 新鲜热辣的花甲粉丝煲出炉了，还是很香很香的～",15,4,4,2436.0,674.2,39.28,3.99,121.98,1.67,146.3,10.18,242.9,46.67,100.0,1,14,0,0,legacy,"[""家常菜"",""快手菜"",""煲""]","[""2"",""11"",""78"",""590""]"
93354,羊肉泡馍,羊肉泡馍,以前不爱吃羊肉，可是自从去了一趟西安，在回民街上吃了好几家的羊肉泡馍，家家都有不同的味道，每家都好吃，回家以后就一直惦记这口，开始的时候是用从西安带回来的腊羊肉和馍做的，可是很快就吃完了，后来自己开始研究就做出来现在这个，虽然还跟在西安吃的有一点差别，但是已经有八分像了，已经很好吃了，我自己这就算过关了😂😂😂,,炖羊肉：，1000克羊腿肉，5段葱段，6片姜，适量花椒，2个八角，适量桂皮，4片香叶，几个砂仁，1个草果，1个豆蔻，2个山奈，1块干姜，10个左右白胡椒粒，羊肉泡馍：，一小把粉丝，适量木耳，适量香菜，适量盐，馍的做法：，500克面粉，3克干酵母,"1. 羊肉切成大块，先用冷水泡除血水，如果不爱吃羊肉的膻味就泡一宿，勤换水，如果爱吃就可以泡一个小时就可以了，用热水焯一下，然后放到凉水锅里，里面放上葱姜和各种香料，我是把葱姜放在一个调料包里，香料放在另外一个包里，这样炖完羊肉之后香料包放在冰箱冷冻，下次还能用
2. 大火30分钟，小火1-2个小时，拿出调料包就可以了
3. 面粉放入酵母，揉成很硬的面团，醒30分钟，分割成100克一个的小面团，擀成厚一点的小饼
4. 用叉子插上花纹，为了防止饼在烙的时候会鼓起来
5. 小火，两面烙熟，放凉
6. 这一步最好是用手撕成小颗粒，俗称苍蝇头，也可以像我这样切成小粒，羊肉也切成小块
7. 锅里放少许油，放入花椒，葱花，煸出香味放入羊肉汤煮沸，捞出花椒和葱，放入粉丝和木耳煮开，再放入掰好的馍煮一分钟，放入盐和味精，就可以出锅了，装到碗里放入羊肉
8. 喜欢吃辣椒的就放入辣椒油
9. 搅合匀就可以吃了",19,4,5,1838.0,1918.5,62.86,8.85,400.55,5.63,162.3,9.59,80.4,52.63,100.0,3,9,7,0,legacy,"[""家常菜""]","[""3"",""9"",""33"",""58"",""250""]"
93602,版番茄土豆炖牛腩,懒人版番茄土豆炖牛腩,为什么说懒人呢，因为是用高压锅压软的再来炖的，省事也不用看火哈哈~但是做这道菜的时间还是省不了的，至少也要两~三小时呢！,,250克牛腩，1个西红柿，1个土豆，半根胡萝卜，几片洋葱，2勺料酒，1勺盐，2勺生抽，1勺老抽，半勺柱候酱，几片姜，2个八角，3片香叶，几颗蒜，几颗葱头，适量葱花或者香菜,"1. 牛腩泡冷水半小时，把血水腥味洗干净，放到高压锅里加入一个炖锅一半多的水，再加入姜片、料酒、香叶、八角、桂皮，高压锅的豆筋模式，大概四十分钟，好了后再按肉类模式压多一遍，这个时间比较短。
2. 准备姜片、蒜头、葱头备用
3. 番茄洋葱切好备用
4. 胡萝卜土豆切这样备用
5. 高压锅压好的牛腩捞到砂锅里，再把汤汁过滤到砂锅里，加入蒜头姜片葱头，开大火煮开
6. 汤煲煮开的过程中，锅里放油，倒入胡萝卜翻炒
7. 再倒入番茄和洋葱翻炒
8. 加入适量盐继续翻炒一分钟
9. 再加入适量冰糖
10. 继续翻炒一分钟
11. 从汤煲里勺两到三勺汤汁到锅里
12. 用汤汁把番茄熬绵，几分钟就可以了
13. 这是煮开的牛腩煲
14. 把炒的差不多的番茄胡萝卜放到牛腩汤煲里
15. 加了炒番茄的汤煲
16. 倒入生抽
17. 倒入老抽
18. 倒入半勺柱候酱
19. 把酱料拌匀大火煮开后小火炖十五分钟
20. 最后加入土豆煮开后继续炖二十~三十分钟就可以了
21. 炖好的汤煲牛腩是非常软绵的，一点也不会柴。按照顺序，胡萝卜和土豆都是完好不会烂掉的，但是口感却是软的。",16,7,8,560.0,559.9,55.4,22.37,36.53,2.31,46.2,5.9,221.6,50.0,100.0,1,10,5,0,legacy,"[""下饭菜"",""家常菜""]","[""2"",""3"",""5"",""6"",""8"",""12"",""14"",""82""]"
94034,肥牛燕麦饭,肥牛燕麦饭(一人食),我这个肥牛饭，拥有一个灵魂配菜～小番茄，炒到它的皮微微发皱，吃到嘴里会爆汁，酸酸甜甜超解腻～,,100g牛肉卷，一小截儿胡萝卜，2～3朵西兰花，1/4颗洋葱，几颗小番茄，5g（一小勺）淀粉，5g（一小勺）白糖，5g（一小勺）酱油，3小勺清水，3g（一小撮）盐,"1. 配料如图。【一小勺基本就是5g】
2. 淀粉、酱油和白糖混合，加入3小勺清水，搅拌均匀备用。
3. 洋葱切细丝；胡萝卜留一小段切成小花儿，剩余的切成细丝；西兰花改刀成小朵，小番茄对半切（我只用了两个）。
4. 牛肉要汆下水，冷水下锅，待水开后捞出，然后用流水清洗掉表面浮末。
另起一锅，烧开，放入一小撮盐，然后将西兰花和胡萝卜小花儿汆水一分钟后捞出，过冷水，备用。
5. 取平底锅烧热，倒入少量花生油。
6. 洋葱丝、胡萝卜丝和小番茄下锅翻炒。
7. 待蔬菜微微发软，倒入汆好的牛肉，然后倒入第二步中调好的调料，放入一小撮盐，翻炒均匀，即可出锅。
8. 盛一碗燕麦饭，用饭勺压平，然后倒扣入盘中，将刚才做好的肥牛，焯好的蔬菜摆盘，一份简单的肥牛燕麦饭就做好啦～",10,3,3,1605.0,500.6,38.11,6.63,91.6,5.4,594.7,11.73,446.8,50.0,87.5,5,2,2,0,legacy,"[""肥牛饭"",""家常菜"",""快手菜"",""牛肉"",""燕麦"",""米饭"",""西兰花"",""胡萝卜"",""小番茄"",""一人食"",""饭""]","[""5"",""14"",""53""]"
94465,没有的鱼香肉丝,没有🐠的鱼香肉丝,鱼香肉丝是我最爱的菜，没有之一,,300克里脊，适量木耳，1根胡萝卜，150克笋丝，1个青椒，适量姜，4瓣蒜，2瓣小红葱，适量豆瓣酱，2勺酱油，半勺耗油，1勺白糖，2勺陈醋，半勺料酒，适量淀粉，适量清水，20g蛋清,"1. 将里脊肉和配菜全部洗净切丝，姜蒜葱头切末备用
2. 肉丝加入适量蛋清、淀粉腌制备用
3. 酱油、耗油、料酒、糖、陈醋拌匀备用
4. 热锅起油，小火，入肉丝滑炒至八分熟，盛出，再倒油，中火，入胡萝卜丝翻炒至断生，盛出备用
5. 木耳丝和笋丝焯水备用
6. 热锅起油，中火，姜蒜葱末爆香，入青椒丝，翻炒至颜色翠绿，加入豆瓣酱，炒出香味，放进肉丝、胡萝卜丝、木耳丝和笋丝，倒入调好的酱汁，翻炒均匀。
7. 大火收汁，倒入水淀粉勾芡。出锅享用！",17,7,8,700.0,552.0,63.86,24.24,20.86,1.54,74.8,6.5,240.7,58.82,100.0,3,9,5,0,legacy,"[""下饭菜"",""鱼香"",""家常菜"",""宴客""]","[""2"",""3"",""4"",""6"",""11"",""33"",""37"",""52""]"
94760,简易又超好吃的香菇焖鸡,简易又超好吃的香菇焖鸡,作为留学生因为疫情没办法上课待在公寓，也不打算回国，所以每天尝试着做美食来打发时光。食材是之前买的香菇和sainsbury的一盒鸡腿🍗，成品真是意外地好吃呢！,,3只鸡大腿，8朵香菇，2勺生抽，1瓣蒜，2片姜，1勺料酒，4克盐，10克油，1勺老抽，8克糖，3个干辣椒，3个小米辣，2根葱，1勺蚝油,"1. 香菇用饭碗泡水，鸡肉切块，蒜切片，葱白切段，姜片切条，小米辣切小段
2. 锅底加油，油热下蒜片跟姜爆香，然后加入白糖或者冰糖炒化
3. 加入鸡块，炒到鸡肉变白，加入料酒1勺，生抽两勺，老抽一到半勺，蚝油1勺，食盐1勺
4. 鸡肉翻炒2分钟后加入小米辣，香菇还有香菇水，大火烧15分钟收汁，最后2分钟加入葱段，然后好吃的香菇焖鸡就做好啦～",14,6,7,654.0,69.6,4.72,1.03,13.91,7.3,24.2,1.2,7.8,50.0,100.0,3,11,0,0,legacy,"[""焖"",""家常菜"",""下饭菜""]","[""1"",""2"",""3"",""23"",""24"",""91"",""589""]"
95378,酥香麻辣的干锅鸭翅,酥香麻辣的干锅鸭翅,,,#主要食材：，8个鸭翅，#焯水料：，800g水，10g黄酒或料酒，5g盐，2片姜片，#炒料：，80g油，2片生姜，30g豆瓣酱，10g豆豉，1片香叶，1个八角，20个干辣椒，4g花椒，10g生抽，10g蚝油，5g糖，3g盐，#配菜：，150g花菜，100g(半张）油豆腐皮，50g（半个）杏鲍菇，20朵（小朵）干木耳，100g泡发的粉带，70g（20厘米）芹菜，100g热水，5g（可随意）熟白芝麻：,"1. 鸭翅斩两节，和姜片、黄酒、盐、冷水一起煮。
2. 小火慢煮20分钟。
3. 煮鸭翅时，准备配菜：花菜、油豆腐皮、杏鲍菇、木耳、粉带、芹菜。
4. 捞出过冷水或冰水后，控水待用。
5. 热油炒香生姜、豆瓣酱、豆豉、香叶、八角、干辣椒、花椒。
6. 倒入鸭翅，半煎半炸至鸭翅皮焦酥。
7. 加入配菜翻炒，加入生抽、蚝油、糖、盐调味。

如果太干，加入100g热水。
8. 待菜全熟，撒上熟的白芝麻，出锅。
9. 做我的方子有任何问题欢迎加微博或微信咨询，我会利用业余时间耐心解答，加入时验证码请填写上您的下厨房昵称，方便对号入座哦。
新浪微博请搜索「超食控」
10. 微信号：chao-shi-kong",23,6,7,1722.0,1298.3,138.9,51.88,76.86,14.1,234.5,19.44,611.4,39.13,100.0,16,7,0,0,legacy,"[""小吃"",""家常菜"",""下饭菜"",""下酒菜""]","[""3"",""27"",""83"",""130"",""242"",""252"",""307""]"
95397,「月澜姐」蓑衣黄瓜,「月澜姐」蓑衣黄瓜，《舌尖上的中国》第三季之“蓑衣刀法不难切”,"今天推荐的这道蓑衣黄瓜不是凉拌菜，而是四季都适宜的下饭菜。黄瓜经过热炒后不仅脆口还特别入味。别小看这它用料简单，可是卖相好有刀工，还美味可口，既下酒又下饭。过年给家人做上这道酸甜可口、开胃解腻的菜，保证大受欢迎。

很多人止步因为它的外形刀工。我在视频里分享个不用筷子的简单刀法，让刀工小白稍加练习，就能切好蓑衣刀法。",,400克约3根黄瓜，2瓣蒜末，3小片姜片，1克盐（腌黄瓜），0.5克花椒，半只（选加）干辣椒段，#碗汁：白糖6克、米醋8克、生抽6克、淀粉水（淀粉2克+清水23克）,"1. 黄瓜选一面，切斜片，刀口至2/3处，不要切断。只用刀尖轻触菜板，刀与菜板呈30度夹角。手控制下刀的力道，同一个手势重复切。（视频中有刀法演示）
2. 把黄瓜翻过面180度，背面切直刀。
3. 方便夹菜，把黄瓜从5厘米处断开。切成段。
4. 调碗汁。将糖6克、醋8克、生抽6克倒入碗中调匀。再倒入淀粉水（淀粉2克+清水23克）
5. 起锅炒菜前，撒入盐1克将黄瓜腌3-5分钟出些水。可以既有底味，又能让料汁入味。
6. 开中火，锅中放油，放入花椒炒香后丢弃。放入蒜末、姜片炒香。放入干辣椒段。
7. 将黄瓜腌出的汁水沥出后，放入锅中煎炒。开中大火。稍微煎出水分，翻面再煎，共约25秒左右。不要煎炒过久。
8. 倒入碗汁，开大火，快速翻炒收汁。
9. 装盘后用筷子拉开黄瓜，摆出造型。
10. 每周都有菜品更新，欢迎关注“月澜姐”公众号

致力于分享菜品搭配、制作过程和厨艺技法。希望厨艺小白早日进阶为厨艺达人。家庭厨房变得更专业。",6,3,3,434.0,87.8,3.96,0.96,16.83,2.76,106.4,2.46,25.1,50.0,100.0,3,3,0,0,legacy,"[""快手菜"",""简单"",""月澜姐"",""热菜"",""酸甜"",""蓑衣"",""黄瓜"",""下酒菜"",""家常菜"",""小清新"",""创意菜"",""素菜"",""下饭菜"",""凉菜"",""减肥"",""美容"",""情热祛火"",""润肺抗燥"",""儿童"",""老人"",""蔬菜水果"",""清淡""]","[""2"",""3"",""19""]"
95510,鸭血粉丝,鸭血粉丝,"上大学的时候很喜欢吃鸭血粉丝～新鲜的下水，醇厚浓郁的老鸭汤，还有画龙点睛的辣油麻油和葱花，一碗下去太过瘾了～

毕业旅行去了江苏却错过了南京的鸭血粉丝～回家乡以后大街上似乎也很少看见鸭血粉丝店，但每每想起那一大碗热腾腾的汤就馋得不行！

这方子是搜索了网上的配方，据说正宗的汤是用咸水鸭的汤吊的，我由于时间不够只做了简易版～香味虽浓但味道还欠缺～以后再慢慢完善～",,#鸭子部分，半只鸭（鸭架也可以），鸭肠，鸭肝，鸭肫，鸭血，#配料部分，生姜，大蒜，料酒，盐，味精，鸡精，#香料包部分，八角，花椒，小茴香，豆蔻，沙姜，草果，香叶，白胡椒粒，香砂，#其他，粉丝，葱花，炸豆腐泡,"1. 半只鸭放入清水中，加入配料和香料包，大火煮开以后保持小火微开的状态熬3小时

蒜煮烂以后不好捞，我干脆把姜和蒜打成泥，加入水泡成汁，过滤加入汤中
2. 熬汤过程中把粉丝泡好
3. 鸭肠，鸭肝，鸭肫冷水下锅，撇浮末，煮熟切小片
4. 等汤煮好之后，继续保持小火把各种辅料（把鸭血和炸豆腐泡带上一起玩）烫熟，装好淋麻油辣油，撒葱花～开吃～",14,3,3,0.0,0,0,0,0,0,0,0,0,42.86,100.0,0,1,13,0,legacy,"[""家常菜"",""汤面"",""快手菜""]","[""1"",""2"",""3""]"
95592,空气炸锅辣子鸡,空气炸锅辣子鸡,不用油炸的辣子鸡！美味又健康！快点做起来吧！！pick me！！！,,很多个干辣椒，很多粒花椒，2勺料酒，1根葱，少许克芝麻，2勺生抽，4片姜，5瓣大蒜，少许克盐，2勺淀粉，四片香叶，一把芹菜，半个个洋葱，一两斤鸡块，少许蚝油，适量克白胡椒,"1. 鸡块用水冲干净 加入调料腌制一下午
2. 别忘记加淀粉拌匀哦 盐要多加点入味
3. 干料备好
4. 小火下锅 炒出香味 这时可以把鸡放入空气炸锅
5. 可以加少许老干妈嘻嘻
6. 炸好的鸡块！！！380华氏度 22分钟 中间打开两三次晃一下 受热均匀
7. 加入炒好的干料中 炒！！！ 快出锅时加入蔬菜 小火 别糊锅啦！！
8. 出锅！！！！！！！啊啊啊啊啊啊啊 出货",16,7,7,262.0,225.3,8.89,5.15,37.3,2.55,57.0,1.76,279.0,50.0,100.0,1,9,6,0,legacy,"[""快手菜"",""晚餐"",""辣子鸡"",""午餐"",""家常菜""]","[""1"",""2"",""3"",""5"",""24"",""26"",""27""]"
95605,蒸茄子,蒸茄子（烧烤风味）,口味是外面烧烤店烤茄子的味道,,1个茄子，4勺酱油，少许盐，小半头大蒜，1勺孜然,"1. 长茄子一剖为二，待水开放入蒸锅中大火蒸软。然后准备做酱汁。
2. 生抽，盐（如果生抽很咸就不用放了），孜然粉（多一些），混合在小碗里
3. 蒜切碎，锅中加油，小火炸蒜末，注意火候，炸至一半蒜变黄就关火。然后一并倒入上述的小碗中，搅匀。
4. 等茄子已经软了，用刀划几刀，将刚才做的酱汁淋上去，再蒸5-10分钟，即可出锅。",5,2,2,252.5,60.7,2.86,0.51,12.94,3.28,61.0,1.28,14.0,40.0,100.0,0,4,1,0,legacy,"[""蒸"",""素菜"",""家常菜"",""烧烤""]","[""2"",""110""]"
96248,香菇炒鸡肉,香菇炒鸡肉,,,半只鸡，4朵香菇，1罐啤酒，各一个青红辣椒，少许葱，少许大蒜，少许盐，少许料酒，5粒花椒,"1. 把鸡肉切好
2. 香菇切片
大蒜、生姜、辣椒切好备用
3. 鸡肉冷水下锅焯一下，记得倒点倒点料酒去腥哦
4. 热锅放油，加入生姜、大蒜、花椒、葱段超香
5. 加入鸡肉翻炒片刻
6. 加盐、生抽，倒入啤酒🍺
7. 煮开后倒入香菇，炒到汤汁不多，就可以加入鸡精和葱，翻炒会出锅。
8. 我是最后加了芡粉收汁过，喜甜的可以加入少量红糖，味道会更鲜美哦⊙∀⊙！",9,4,4,380.0,20.8,1.76,0.24,4.16,2.64,1.6,0.24,1.1,44.44,100.0,0,5,4,0,legacy,"[""家常菜"",""炒""]","[""1"",""2"",""23"",""24""]"
96403,马来西亚槟城白咖喱面,马来西亚槟城白咖喱面,说到檳城咖哩麵，大家应该还记得之前红透半边天的「檳城白咖哩麵快熟麵」吧？许多人会认为在马来西亚各地的咖哩麵都长一样的，但其实不同地区的咖哩麵味道都不同。比如中马那里的咖哩麵是使用咖哩鸡的汤头为主，食用时的口感就像是咖哩淋麵吃，而檳城咖哩麵的汤头主要以椰浆为主，再加入特製辣椒，里面的佐料有猪血、豆腐卜、魷鱼、虾、长豆及血蚶等材料。槟城一般的咖喱面会直接把辣椒加入汤头里，而檳城白咖哩麵的好处就是你可以按自己要的辣度加入他们家的特製辣椒，完全不能吃辣的食客，也可以单单只吃椰浆汤头。,,#配料，500g油面，半包米粉（泡软），200g豆芽，300g虾(去壳），200g长豆（切小段约2cm)，5大匙炸葱酥，150g去壳血蚶（买不到，没放），200g鱿鱼（切小段/片，买不到，没放），2块炸鱼饼（切片，买不到，没放），12大匙菜油，12块豆腐卜（切半），300g熟猪血（切四方小块，烫热，沥干），#咖喱辣椒，20颗红葱/shallots，10瓣蒜/garlic，25根辣椒干（去籽，泡软，切小段），1块2cm长的南姜/galangal/lengkuas，1块1cm长的黄姜/turmeric，1小块巴拉煎/belacan，2大匙虾米（洗净，泡软），4颗石古仔/candlenut/buah keras，2根香茅/lemon grass（只用白色部分，切小段），2大匙咖喱粉/curry powder，#汤，1块鸡胸肉（我用了3块鸡大腿代替），2根香茅（拍扁），1小把咖喱叶，300ml椰浆/coconut milk，300ml淡奶/evaporated milk，2000ml水，5片香兰叶/pandan leaves，适量盐/冰糖,"1. 首先当然要准备好所有材料咯！要确保都买对哦~
2. 热锅，不必加油，直接把巴拉煎烘香。
3. 把所有咖喱辣椒的材料准备好。
4. 将所有咖喱辣椒的材料倒入搅拌机，加一点水，打至细。
5. 锵锵~打细后的辣椒
6. 热锅加油，将打细后的辣椒炒至干身，炒香和出油，整个炒的过程约30分钟。（注意别炒糊了哦~）
7. 另起汤锅，把所有煮汤的材料（冰糖和盐除外）加进来，熬煮1小时。
8. 1小时后，过滤汤。（熬汤的鸡肉可以弄成鸡丝，一会儿加入咖喱面一起吃，或者留下来煮别道菜也可以，其他材料则可以丢了）
9. 过滤后的汤加入切好的猪血和豆腐卜，适量的冰糖和盐调味。
10. 将油面，米粉，虾，豆芽和长豆烫熟，分别装入碗中。
11. 要吃的时候，按自己要的份量，把油面，米粉，虾，长豆，豆芽放入碗中，再淋上热滚咖喱汤，猪血和豆腐卜，最后再加点辣椒和葱酥即可。",22,5,6,3445.0,5487.8,411.6,196.25,830.85,629.3,1752.8,146.8,10690.8,50.0,83.33,8,7,4,0,legacy,[],"[""15"",""24"",""78"",""92"",""528"",""590""]"
96447,简易版酸菜鱼,简易版酸菜鱼（巴沙鱼片）,"✨疫情期间，点外卖不方便，但特别特别想吃酸菜鱼。

✨鲜鱼也不好买，于是从冰箱挖出冷冻的巴沙鱼，去超市买了酸菜～自己动手～丰衣足食！

✨用巴沙鱼做酸菜鱼比鲜鱼简单得多，不用收拾鱼，不用煎鱼骨。但煮出来的汤不是浓浓的白色鱼汤，味道会没那么浓郁，所以我用了以前煮好的鸡高汤代替，味道也很好～喜欢酸菜鱼又不爱收拾鱼的可以试一试～

✨菜谱里的量足够2-3人吃得饱饱的，如果人少菜多，量可以减半。

✨菜谱中用量标准：
一    匙 = 15ml
一小撮 = 三根手指捏起来的量",,#腌制鱼片，450g巴沙鱼，一匙料酒，一个鸡蛋清，一小撮白胡椒粉，一小撮食盐，3g玉米淀粉，#其他配料，400g酸菜，360g北豆腐，80g金针菇，一匙剁椒，一块（约拇指指节大小）泡姜，四个泡椒（小米辣），一节（约拇指指节长度）葱白，15颗左右青花椒（可用红花椒代替），500ml清水，一小碗鸡高汤（可以不加）,"1. 原材料如图⬆ ️（除巴沙鱼外）
2. 先腌制鱼片：
                                                                            巴沙鱼洗净，用厨房纸吸干水份，斜刀片成鱼片。
3. 放在碗里，加入料酒、白胡椒粉、盐，用手抓匀。
                                                                            打入一只蛋清，继续用手抓匀，直至鱼片全部上浆（即鱼片吸收了所有调料变得粘稠）。
4. 最后撒上淀粉，用手抓匀直至全部上浆。

腌制15分钟左右。
5. 酸菜用清水充分冲洗（洗掉腌渍的汤汁和多余盐分），用手攥干水分，切成小段。

泡姜切片、泡椒切小段，葱白切碎；豆腐切块。
6. 剁椒、泡姜、泡椒我用图中这些。⬆️

泡姜没有的话也可以用生姜代替；家里没有泡椒所以我用的泡小米辣。

建议能买到就一定要放哦，风味会更好～
7. 锅中加少许油，加入葱、花椒、剁椒、泡椒、泡姜。
8. 小火，翻炒出香味。
9. 开中大火，加入酸菜翻炒片刻。
10. 加入清水煮至沸腾，如有高汤则再加入高汤。（我加了一块老母鸡的浓汤宝）
11. 放入豆腐块炖煮5分钟左右。

此时可以尝一下汤的味道，适当加盐，如果喜欢酸口可加入少许白醋。
12. 放入金针菇煮软。
13. 待水继续沸腾后，一片一片地下鱼片，轻轻搅动防止粘黏。
14. 待水重新沸腾便可关火。

盛一大碗饭，开吃～",18,3,3,1840.0,271.6,16.76,5.6,50.8,14.96,404.8,11.16,196.3,44.44,100.0,6,4,8,0,legacy,"[""下饭菜"",""家常菜"",""快手菜"",""大鱼大肉""]","[""46"",""52"",""178""]"
96497,香煎豆腐,香煎豆腐,,,半盒老豆腐，1个鸡蛋，适量面粉，2勺辣椒面，3瓣大蒜，适量白芝麻，2小勺盐，2勺生抽，2勺陈醋，适量香菜,"1. 老豆腐切块；打散一个鸡蛋，在鸡蛋里加一小勺盐，打均匀；准备一个盘子装些面粉。
2. 每块豆腐先裹一层面粉，再裹一层蛋液。
3. 锅内放油，将豆腐用小火煎至两面金黄，煎好盛出。
4. 碗里放蒜末、辣椒面、白芝麻。
5. 重新在锅内放油，将油烧热，浇到刚才的小碗里。
6. 再在碗里加上2勺陈醋、2勺生抽、少许水和少许香菜，搅拌下。
7. 将调好的酱汁淋在豆腐上。
8. 做好啦～❤",10,4,4,265.0,118.7,11.03,5.93,5.34,0.17,69.8,2.78,74.3,60.0,100.0,0,7,3,0,legacy,"[""快手菜"",""家常菜"",""素菜"",""煎""]","[""2"",""7"",""9"",""36""]"
96743,红烧带鱼,红烧带鱼,简单好吃～新手也可以0失败,,1-2条带鱼，2根葱，3瓣蒜，3片姜，20克面粉，一勺白酒，3勺生抽，一勺老抽，一点陈醋，一点点蚝油，1/4个红辣椒，略多油,"1. 带鱼洗干净，用一勺白酒葱姜腌10分钟
2. 生抽 老抽 耗油 一点点醋拌好备用
3. 带鱼下锅前，裹上面粉下锅
4. 中小火煎到两面金黄盛出来备用
5. 我就用锅里剩的油，下葱
6. 调好的调料入锅。下带鱼。水最多盖过鱼。焖至收汁出锅，出锅前下辣椒丝
7. 出锅（我这个今日汁没收好就出了）",12,5,5,679.0,361.4,39.19,10.39,28.61,1.25,88.3,3.46,311.6,50.0,100.0,1,8,3,0,legacy,"[""红烧"",""家常菜"",""下饭菜""]","[""1"",""2"",""3"",""50"",""235""]"
96751,牛腩炖土豆,牛腩炖土豆,,,1斤半牛腩，2个土豆，少许葱，少许姜，4瓣蒜，1.5个八角，3只干红辣椒，2片香叶，少许桂皮，少许盐，少许鸡精，少许薄盐生抽，少许老抽，少许红烧酱油,"1. 葱，姜，蒜切片，八角，香叶，桂皮，干红辣椒备用，土豆切块(提前切好的土豆可泡上水防止氧化）
2. 牛腩切方块备用，烧开水后焯牛腩，水再次开锅后煮2到3分钟关火，沥干水分备用
3. 准备3种酱油(之前炖排骨尝试了一下3种酱油混搭，味道比单一老抽或者红烧酱油要好吃，这次尝试一下牛腩炖土豆)
4. 锅内放花生油少许，待锅内油热后放入牛腩大火翻炒，放3种酱油上色即可如图片，最后放入葱，姜，一半的蒜片，八角，辣椒，香叶，桂皮等快速翻炒（每次都是待油热后先放葱姜蒜，这次后放尝试一下)
5. 爆炒后，盛出放入电高压锅加水没过牛肉后，放入盐，鸡精少许，电高压锅自动选择食材，40分钟很烂乎(为了省时间选择用了高压锅，时间充足的伙伴们可以选择用炒勺小火炖1个半小时左右）
6. 待高压锅到时间，盛出牛腩放入炒勺，开中小火放入土豆炖20分钟(根据土豆起沙情况调整时间）待收汁后放入另一半蒜片，迅速翻炒后出锅装盘！配上米饭🍚棒棒滴！",14,4,4,620.0,1153.6,53.7,36.64,217.02,128.62,64.8,19.44,33.6,35.71,100.0,1,5,8,0,legacy,"[""家常菜""]","[""1"",""2"",""3"",""12""]"
96787,芸豆炖土豆,秘制芸豆炖土豆,,,克芸豆，个土豆，葱，片姜，蒜，干辣椒，黄豆酱，克盐，勺料酒，克水，个八角，勺酱油，白糖，花椒，香叶,"1. 备用以上食材，土豆切块，芸豆用手掰段，适量葱姜蒜，干辣椒，八角，花椒，香叶。
2. 热锅凉油，放入八角，花椒，炸胡捞出，放入土豆块，把土豆块炸至金黄色，放入葱姜蒜干辣椒，接着放入黄豆酱，继续翻炒，下入芸豆翻炒至翠绿色，放入料酒，酱油，香叶，加入开水没过菜。
3. 开锅后放入白糖，转小火炖至露出菜，放入适量盐调味，待土豆软烂，大火收汁即可。",15,5,5,0.0,0,0,0,0,0,0,0,0,40.0,0.0,0,0,15,0,legacy,"[""下饭菜"",""家常菜"",""炖""]","[""1"",""2"",""3"",""12"",""186""]"
96916,海鲜粥,海鲜粥,"花点小时光
煲上一份海鲜粥
待粥香飘散
海味弥漫
咽下一口
柔和而饱满",,适量大米，十几只台湾草虾，两根猪大骨，4根帝王蟹腿，15-25只小鲍鱼，适量仙贝，400-600g花甲，适量西芹，适量葱姜醋油盐黄酒,"1. 猪大骨
两根猪大骨切断，洗干净后放入锅中焯水，加上一勺醋，中大火加热至水烧开，小火焖上几分钟至猪骨上红色完全不见。焯过水的猪骨洗干净后放入锅中，加入约2.8L水，生姜和葱，大火烧开后中小火炖上90分钟以上！（这猪骨汤可是熬粥的，炖的时间可不能缩水）
2. 台湾草虾
十几只，剪去虾头上的尖角和触须，挑去虾的肠道，（建议去菜场够买，让老板给你处理）洗干净后沥干备用。
3. 花甲
400-600g 放在盆里，加入海盐和水养上2小时，水浸没所有花甲即可，海盐可以从水产老板那儿直接要来。接着洗干净沥干备用。
4. 小鲍鱼
15-25只，鲍鱼肉的个头大概在一元硬币那么大，从水产市场购买，让老板直接给把肉剔下来，用黄酒浸泡30分钟后洗干净、沥干，切上十字备用。
5. 帝王蟹腿
4根，一剪四，去掉蟹脚下端最尖的一小节，黄酒浸泡15分钟后沥干备用。
6. 仙贝（瑶柱）
用量随意，黄酒浸泡2小时，沥干备用。
7. 西芹
去掉叶子，先切丝再切丁，切得越小越小，千万不要用剁的！！
8. 姜和葱
姜切片，葱切断，分成四份备用。
9. 煮米
锅底加入400g左右的洗过的米，倒入全部的猪骨汤（只要汤！！只要汤！！只要汤！！），接着倒入仙贝，大火烧开后中火炖30分钟。
10. 炒草虾
在这期间我们先准备一壶开水。然后进一步处理海鲜。热锅起由，放入葱姜，倒入虾大火翻炒几下后加入50-100ML左右开水，继续翻炒至颜色全部变红，盛出备用，并把葱姜挑出并弃去。
11. 炒花甲、鲍鱼、蟹腿
同样的步骤分别翻炒花甲，小鲍鱼和帝王蟹，记得炒的时候加入一些水，（注意花甲下锅后加入一勺黄酒去腥）花甲炒至半数张开；小鲍鱼炒个一两分钟就可以啦；帝王蟹腿抄个3-5分钟；同样都挑出葱姜并弃去。
12. 一锅鲜
此时粥也熬了30分钟了，把炒过的海鲜一股脑倒入粥里，搅拌一下大火烧开后中小火炖上个10-15分钟，记得时不时搅拌一下。
13. 出锅
最后撒上西芹，按照个人口味加入盐！
14. 一口满足～～～",9,3,3,2700.0,1260.0,189.0,12.0,99.0,0.0,3990.0,339.0,30175.5,66.67,100.0,1,3,5,0,legacy,"[""粥"",""砂锅"",""早餐""]","[""20"",""81"",""198""]"
96917,野蘑菇炖鸡,【孕妇食谱】野蘑菇炖鸡,"鸡肉
孕妇  适宜
鸡肉富含蛋白质、脂肪、钾、镁、磷以及多种维生素等,能够补充孕期所需的多种营养素,有利于孕妈健康,预防孕期贫血,促进胎宝宝的发育,增强身体免疫力。因此孕期可以食用。

产妇  适宜
鸡肉富含人体必需的氨基酸及维生素,且蛋白质含量高,还有多种微量元素,具有补益身体的功效,有利于产后妈妈身体的康复,可缓解疲劳,恢复体力。还能促进食欲,提高食物的吸收。产后适量食用鸡肉还可促进乳汁分泌。适合大部分妈妈食用。

哺乳  适宜
鸡肉是一种高蛋白、低脂肪的白肉,既有利于乳汁分泌,还不容易使妈妈摄入过当能量,有利于体重的控制。鸡肉中还有多种微量元素和维生素,可提高妈妈的免疫力,重建肝脏血储量,增强体质,预防贫血。注意鸡肉的皮脂肪较多,建议除去。

宝宝。适宜8个月能吃
鸡肉可提供宝宝生长发育所需的多种营养物质,增强体质,提高身体抵抗力,预防多种疾病。鸡肉的脂肪不高,也更易于消化吸收。

榛蘑


孕妇  适宜
孕期适量食用榛蘑可刺激食欲,有利于缓解孕吐反应;还能改善焦虑,养心安神;缓解孕期水肿和便秘;还有利于孕期血糖的稳定,降低妊娠糖尿病的风险。其多糖物质可提高孕妈的免疫能力,减少疾病侵袭,有利于孕妈和胎儿的健康。

产妇  适宜
产后妈妈多食用榛蘑有利于身体的康复,还能降低产后便秘的概率和缓解产后腰痛症状。丰富的B族维生素、蛋白质和氨基酸还有利于乳汁分泌。其多糖成分可提高产后妈妈的免疫力,降低妈妈生病概率。

哺乳  适宜
哺乳期妈妈可以食用榛蘑,其营养价值较高,不仅
为乳汁分泌提供较多的B族维生素和蛋白质,还能改善妈妈的肠道健康,促进排便。榛蘑中的多糖物质还有增强妈妈的免疫力,抗菌抗癌,减少患病风险。榛蘑的热量不高,也有利于妈妈身材的恢复。

宝宝适宜12个月能吃
食用榛蘑需要一定的咀嚼能力,建议等宝宝满1周
岁后可开始尝试食用,注意切小块,以防噎食。",,若干土鸡，0.5根葱，5片姜，2把榛蘑，3瓣蒜，1个八角，6粒花椒，1勺香其酱，0.5勺蚝油，1勺味极鲜，3朵香菇，若干笋干，1根小葱，1根香菜,"1. 鸡肉洗净，焯去血水，冲净备用。
2. 香菇，榛蘑，笋干用清水洗净后泡发1-2小时。笋干泡发时间长一些。
3. 大葱切段，姜切片，蒜拍扁。小葱香菜切沫。
4. 热锅下油，下入葱姜蒜，花椒八角煸炒出香，再下入鸡肉煸炒至鸡皮焦黄。
5. 加入香其酱翻炒均匀，再加入榛蘑，香菇和笋干翻炒出香。
6. 加入泡发榛蘑和香菇的水。没过食材，大火烧开！
7. 烧开后，调入蚝油和味极鲜，尝尝咸淡，味道适中就可转锅了，把鸡肉和汤全部倒入高压锅，选择鸡肉类闷炖。
8. 高压锅排完气就差不多了，出锅撒上小葱和香菜末即可开吃。",14,7,7,190.0,225.0,11.79,5.95,40.03,3.56,43.2,12.6,25.5,64.29,100.0,0,12,2,0,legacy,"[""家常菜"",""汤羹""]","[""1"",""2"",""3"",""9"",""23"",""24"",""384""]"
97088,四川家常菜香菇莴笋烧兔丁,#家常菜#四川家常菜香菇莴笋烧兔丁🐰,虽然有尖椒干辣椒和仔姜，但是不算很辣，莴笋和香菇真是绝配，整体很爽口~,,半只兔子肉，6根尖椒，1块仔姜，香菇，1根莴笋，3勺淀粉（腌制），2勺生抽（腌制），1勺老抽（腌制），2勺料酒（腌制），盐，花椒，牛肉酱（或豆瓣酱），少许白糖，干辣椒，姜蒜,"1. 准备食材，兔肉需要腌制一下。
2. 热锅倒油，油热后加入干辣椒、姜蒜和花椒爆香。
3. 倒入青椒和仔姜翻炒一下。
4. 加入腌制好的兔肉翻炒。
5. 加入牛肉酱（家里自制的，豆瓣酱也可以。）
6. 不断翻炒。
7. 加入香菇翻炒。
8. 加这么多清水，盖上锅盖，水烧开后转小火。
9. 烧大概10分钟左右，汤汁收到这个程度加入莴笋，加入盐和糖，翻炒均匀。然后盖上锅盖继续小火烧15分钟左右。
10. 搞定啦~",15,6,6,1015.0,252.7,8.48,2.48,57.65,3.15,150.6,5.29,159.4,53.33,100.0,0,8,7,0,legacy,"[""川菜"",""家常菜"",""兔肉""]","[""1"",""2"",""3"",""11"",""23"",""145""]"
97171,火爆双脆,火爆双脆,"火爆双脆是四川的一道传统名菜，颜色亮丽，脆嫩可口，从知名川菜馆子到普通人家的餐桌都有这道菜的身影。

但是想要做好这道菜，没有两把刷子可不行，火爆双脆属“功夫菜”中的一员，十分考验厨师刀工和对火候的掌控。",,150克猪肚，150克鸡胗，#码味，4克盐，30克沉淀的干水豆粉，#配料，5克姜，5克蒜，25克冬笋尖，10克泡辣椒，10根豌豆尖，#碗芡，3克盐，1克胡椒粉，10克料酒，5克香油，20克水豆粉，50克鲜汤,"1. ✔ 猪肚改刀：猪肚切荔枝花刀，首先切斜刀，斜刀切完后，转过来改直刀法切，使得花纹更明显；
2. ✔ 鸡胗改刀：鸡胗去掉筋后，把一个鸡胗分成四块，然后切菊花刀，保证每一刀都均匀到底部而不断；
3. ✔ 冬笋尖、木耳、泡椒、豌豆尖切小块备用；
4. ✔ 鸡胗和猪肚以1:1的比例放在一起，放盐、沉淀的干水豆粉抓均匀，姜蒜切小片放在食材上备用；
5. ✔ 碗内放盐、胡椒粉、料酒、香油、水豆粉、鲜汤调匀备用；
6. ✔ 首先用冷猪油炙锅，然后重新放入少许冷猪油，烧制七成热冒烟时，把码好味的食材和姜蒜倒入爆炒，接着倒入配料和芡汁，极速翻炒后出锅，整个过程控制在十几秒左右；
7. 开饭！",17,5,5,490.0,575.7,54.99,11.89,62.84,1.49,47.3,15.43,229.8,52.94,100.0,13,1,3,0,legacy,"[""快手菜"",""下饭菜"",""家常菜"",""川菜""]","[""2"",""3"",""321"",""336"",""340""]"
97563,凉拌牛肉,凉拌牛肉,儿子最喜欢吃的菜之一,,腱子肉两斤牛肉，若干根香菜，几片香叶，几片姜，若干勺料酒，少许糖，少许生抽，2个八角，一块桂皮，少许勺米醋,"1. 香菜，干红辣椒，桂皮，八角，香叶，蒜瓣，姜。
2. 牛腱子肉两斤，洗净，和香料(姜，八角，桂皮，香叶)一起放水里卤，不用放盐和酱油，大概卤一个小时
3. 准备好蒜米，干辣椒
4. 准备香菜碎
5. 白糖，米醋，生抽，白开水，调匀，把蒜米和干辣椒放油里爆香，倒入糖醋水中，拌匀
6. 卤好的牛肉关掉火再泡一个小时。入味，牛肉也不干，放凉后放入冰箱冷冻，卤牛肉都是提前做好放冰箱，要吃之前提前拿出来解冻到一半，切的动的状态，切成薄片。
7. 把调好的凉拌酱汁倒入切好的牛肉中。
8. 放入香菜碎。
9. 拌匀。
开吃。",10,2,2,0.0,0,0,0,0,0,0,0,0,20.0,100.0,1,2,7,0,legacy,"[""凉菜"",""家常菜"",""下饭菜""]","[""3"",""9""]"
97756,馅饼稀面饼,馅饼（猪肉圆葱）稀面饼,特殊时期想吃饼店里的圆葱饼，就自己做了，味道超正！第一次做这个饼，非专业！,,2小个洋葱，300克猪肉，适量盐，适量酱油，各适量豆油跟香油，适量十三香，500克面粉，450克水，2克酵母，2克无铝泡打粉,"1. 猪五花肉切碎加入盐，酱油，十三香，香油搅拌均匀放半小时，半小时后把洋葱切碎放肉馅里加油搅拌均匀！（肉馅尽量比平时炒菜咸一丢丢，不然饼太淡不好吃）
2. 面加泡打粉，酵母，水搅拌均匀放两小时后就是这样的
3. 放点油不沾手
4. 馅别放多了容易露馅，这手法我在早餐店看的就这样
5. 平底锅放油加热放入饼（油稍微多点好吃）煎两面金黄就可以了
6. 配粥特别好吃",10,2,2,1100.0,2908.0,110.6,99.4,397.5,6.7,230.0,12.7,254.1,30.0,100.0,5,1,4,0,legacy,"[""包子"",""汤羹"",""家常菜"",""电饼铛"",""饼""]","[""4"",""5""]"
98002,土鸡火腿养生煲,【土鸡火腿养生煲】,"鸡肉营养丰富、味道鲜美、易于消化,火腿有有健脾开胃、生津益血的功用，对于疲劳虚弱的人很有好处。一道滋补大菜让人精气神倍爽儿。

金字火腿在这里可以买到http://jinzi.tmall.com

了解更多资讯关注官网：http://www.jinhua-ham.com 
参与更多活动关注微信订阅号“金字火腿”",,1只土鸡，228克金字飘香火腿块，6个香菇，4根小青菜，5克枸杞，6个红枣，45克姜，30克绍酒，2.5克精盐,"1. 整只土鸡清洗干净，烧开一大锅热水，将土鸡放入沸水中，大火烫煮5分钟，使血沫出净，捞出土鸡，将鸡身内外用温水冲洗干净。
2. 香菇放水中浸发，去蒂洗净；金字飘香火腿切片（要逆着肉纹切，才不会散）；生姜切片。
3. 把鸡放入干净的砂锅内，铺上火腿片、姜片，加入绍酒和足量的水，水面要将鸡身淹没。
4. 盖好锅盖，大火将汤煲烧开，调至小火煲1个小时左右。
5. 依次放入香菇片、红枣。
6. 鸡汤煲好后，放入青菜，调入盐（先尝味再放盐），撒些枸杞即可。",9,5,5,730.0,147.8,9.43,1.98,29.85,5.83,490.9,6.67,539.0,77.78,100.0,5,4,0,0,legacy,"[""家常菜"",""下饭菜"",""鸡"",""煲"",""深夜食堂"",""宵夜"",""儿童"",""老人"",""孕产妇""]","[""3"",""21"",""23"",""24"",""57""]"
98085,五花肉泡菜豆腐汤,五花肉泡菜豆腐汤🥘（快手早餐）,"🍱麻麻买了一堆泡菜
说她爱吃😂
还是沃尔玛的大包装（愁死个人儿）
上次有了泡菜饼，这次就来个泡菜豆腐汤吧

好吃的“秘诀”之一就是——
冰箱里放一晚上第二天早上热着吃哈哈（韩国欧巴说的😂）

对了，参考了安拔拔的方子，又加了自己的想法，感觉还不错诶",,200克泡菜，泡菜汤（袋儿里的就行），适量五花肉，1/3块豆腐，2个洋葱（红葱头），2勺香油，1小勺（根据泡菜咸度）生抽，1小勺（根据泡菜咸度）鱼露，适量（我用的泡菜偏咸就没放）盐，1勺料酒，5克糖，适量大葱，5克蒜末，5克姜末，1大碗浓淘米水，根据喜好辣椒面,"1. 五花肉🥓切片，准备蒜末、姜末

热锅，放入香油，油温升高后，放入五花肉炒香

放入一小勺蒜末和一小勺姜末去腥
2. 准备泡菜

安拔拔用了两种泡菜：切件泡菜和炒泡菜，我就用了家里的那一种

泡菜挤干汁水备用（泡菜汁先留在袋子里）

炒泡菜至微微出汁水，加入辣椒面（根据喜好），和一小勺白糖
3. 加入淘米水（⭐⭐⭐淘米水不用很多，大概跟你锅里的东西是1:1的感觉，太多了就会冲淡味道）

加入袋子中的泡菜汤

豆腐切块入锅，小火炖

红葱头/洋葱切丝，大葱切片，一起放入锅中

再加一小勺蒜末

4. 根据泡菜咸度，加入酱油、盐和鱼露
5. 因为是早餐，头天晚上做好

放凉以后放入冰箱，第二天放在火上热一下更好吃哦~

期待大家作业❤希望喜欢",16,5,6,1710.0,1136.7,82.79,64.24,69.69,2.89,1011.3,16.33,82.1,50.0,90.0,4,5,6,0,legacy,"[""韩式"",""汤羹"",""饭"",""快手菜"",""快手早餐"",""汤"",""早餐""]","[""1"",""2"",""3"",""4"",""5"",""10""]"
98423,青椒炒牛肉,【健康少油】青椒炒牛肉（附少油也能炒出嫩肉㊙️诀）,之前在每日优鲜上买了一盒特价牛肉片，冰箱里还有一些剩余的蛋清和洋葱，拍板一合计不就正好可以炒一盘牛肉吗！于是买来了青椒，又有蛋白质又有蔬菜，简直健康又美味～虽然少油但是炒出了湘菜的感觉，强烈推荐爱吃辣的朋友们试试～,,200g牛肉片，1个青椒，1/4个洋葱，3～5瓣蒜，少许姜末，1～2个小米辣，腌肉需要，一大勺料酒，一小勺老抽，1个蛋清，一小勺淀粉，调味汁需要，2勺生抽，1勺蚝油，一小勺糖，少许香菜,"1. 牛肉片加一大勺料酒，一小勺老抽，一小勺淀粉，一颗蛋清抓匀腌制20分钟。有白胡椒粉的也可以撒一点。                                   嫩肉秘诀1⃣️肉要提前腌制，加淀粉加蛋清加一点水加一点油都是让肉变嫩的方法。
2. 腌肉的过程中将洋葱切成细段，青椒切菱形，小米辣切碎，蒜和姜切末。蒜可以多一点，讨厌吃姜的可以少放一点姜，但不建议完全不放。
3. 腌制20分钟后，将锅烧热再放油，一小勺油就够了。快速倒进腌好的牛肉翻炒，炒到七八分熟出锅称出备用。                                                       嫩肉秘诀2⃣️热锅冷油快速翻炒，炒到半熟盛出备用。
4. 再倒一点点油，放入姜蒜辣椒末炒出香味。
5. 倒入蔬菜翻炒，炒到洋葱变色，青椒变软。
6. 待蔬菜炒软后放入牛肉翻炒，倒入料汁：两大勺生抽，一大勺蚝油，一小勺糖炒到牛肉熟了即可关火。勺子我用的是吃饭的铁勺大小。                                                                           嫩肉秘诀3⃣️料汁可以提前调好，直接倒进去翻炒均匀关火减少牛肉在锅里的停留时间。
7. 舍得放油炒出的牛肉当然是又嫩又好吃啦，所以用一小勺油能炒到这样的程度个人已经很满意了！又香又辣贼下饭，推荐大家试一试～",16,8,8,843.0,327.0,12.2,1.55,70.38,5.68,166.2,4.7,63.3,56.25,100.0,1,11,4,0,legacy,"[""快手菜"",""家常菜"",""下饭菜"",""炒""]","[""2"",""3"",""5"",""8"",""9"",""11"",""52"",""91""]"
98473,皮蛋瘦肉粥,超级简单美味的皮蛋瘦肉粥,保证好吃的皮蛋瘦肉粥，喜欢喝粥的一定试试噢！,,1杯大米，3个皮蛋，150克瘦肉，2颗青菜，3根小葱，3片姜，适量十三香，1勺生抽，1勺料酒，少许盐,"1. 电饭煲里先煮上一勺量（二人食）的粥，开始准备其他食材。
食材就位:瘦肉丝（丁）、葱花、姜丝、松花蛋丁、青菜丁。
2. 将生抽、十三香、料酒、葱花、姜丝和肉丝拌一起，腌制5分钟。
3. 拌好的肉丝。
4. 热锅凉油，将腌制好的肉丝直接倒进锅里翻炒，炒至肉丝炒熟。
5. 倒入松花蛋丁，翻炒1_2分钟;加入青菜丁，即刻关火。趁着火里的余温，将青菜翻炒几下。
6. 电饭煲里粥已煲好。
7. 将炒锅里菜品倒入粥内，放少许盐，搅拌。
8. 开吃开吃~好吃哟~😋",10,4,4,554.0,1345.2,61.13,66.08,128.32,1.97,185.9,10.53,1097.9,60.0,100.0,1,7,2,0,legacy,"[""粥"",""早餐"",""中式早餐"",""养胃""]","[""1"",""3"",""4"",""20""]"
99091,土豆胡萝卜牛肉咖喱饭,土豆胡萝卜牛肉咖喱饭,经典金咖喱，素吃很好，荤菜也不错，烧牛肉、鸡肉或是猪肉都美味。与先前做的土豆胡萝卜素咖喱一样是款烹饪简单且少油烟的又一个家常菜谱。热乎乎的咖喱牛肉+土豆胡萝卜，朋友小聚、生日家宴，特受欢迎，更受无肉不欢者的喜爱。煮上米饭开始炖肉做菜，从备料到烧好咖喱菜，饭熟盛碗，咖喱牛肉速速端上，口口称赞。,,3块咖喱块，400克牛肉（牛腩肉），200克土豆 2个，150克洋葱，100克胡萝卜，1小块生姜，2根青葱，半只苹果，2 汤勺本酿酱油，1000毫升水，3-4人份白米饭,"1. 备料图：
3-4 人份

牛肉切块
土豆切块
胡萝卜切块
洋葱切片
青葱、姜、半只苹果

可选自己喜爱的蔬菜，牛肉土豆是本厨最爱。胡罗卜为了好营养，洋葱调味少不了。
2. 市售金咖喱辛辣度：
大辛~ 大辣
辛口~ 辣 
中辛~中等辣
甘口~ 甜淡味

本厨选用了辛口2块+中辛1块，一共三块。
家人喜欢，吃辣弱的我感觉有点偏辣了。
3. 先将牛肉块放入煮锅中，加水没过牛肉，中火烧开撇去血末。
然后放入葱段、姜和苹果，加两汤勺本酿酱油
大火烧开转小火盖盖炖。

咖喱块已有调味品，所以炖肉时不需要加调料，炖熟的肉汁原味更鲜美。
4. 炖40分钟左右，牛肉差不多软烂时，添加切好的洋葱、土豆、胡萝卜，继续中火盖盖炖、或半盖盖炖。

提示：牛肉嫩容易炖烂。
5. 炖5-10分钟，尝尝土豆熟稍硬不太软面时，加入咖喱块不停搅，汤水开始慢慢变稠，因为半成品金咖喱中加有面粉增稠。
6. 调整汤汁稀稠

如果没加咖喱块之前汤多，可以盛出部分汤汁再加咖喱块。
如果加咖喱块之后发现汤多了，可以用面粉糊或是淀粉糊调稠。

控制浓稠度依个人喜爱。如果是与面条或乌冬面配餐，汤多一点。
如果是配餐米饭，浓稠好吃。
7. 盛盘
土豆胡萝卜牛肉咖喱
8. 土豆胡萝卜牛肉咖喱饭

真心喜欢❤️",10,6,6,1158.0,849.7,86.35,36.35,48.62,7.17,238.2,12.11,357.7,70.0,90.0,4,5,0,0,legacy,"[""咖喱牛肉"",""快手菜"",""家常菜"",""土豆牛肉"",""咖喱饭"",""日料"",""咖喱"",""饭""]","[""1"",""3"",""5"",""6"",""8"",""56""]"
99336,村里来的小笨鸡炖蘑菇,村里来的小笨鸡炖蘑菇,我妈邮来两只笨鸡、趁着周末全家都在家、赶紧炖一回、,,1000克鸡肉，十朵香菇，一大把金针菇，两勺（喝汤勺）料酒，一勺（喝汤勺）生抽，半勺（喝汤勺）老抽，两勺（喝汤勺）黄豆酱，一勺蚝油，一点点十三香，半根葱，三瓣蒜，一片姜，一个八角，一片香叶，可放可不放干红辣椒，按口味添加盐,"1. 鸡肉冷水下锅、没过鸡肉、加两勺料酒、焯出血沫、
2. 血沫撇出来、
3. 不出血沫了、就把焯好的鸡肉捞出来、
4. 焯鸡肉的汤倒出来备用、等会直接炖肉、血沫都撇出去、剩下的汤我都不扔的、你们不喜欢可以扔掉、等会直接加清水炖肉、
5. 葱、姜、蒜、八角、香叶准备好、
6. 锅里加两勺油、热锅凉油、倒鸡肉进去炒、翻炒三分钟左右、
7. 葱姜蒜、八角、香叶、十三香、扔进肉里快速翻炒一分钟、
8. 两勺黄豆酱、一勺生抽、一勺蚝油、快速翻炒一分钟、我拍个照的功夫都糊吧锅了、
9. 把刚焯鸡肉的汤倒进锅里、加半勺老抽、如果你们的买的鸡容易熟就直接锅里炖就好、汤一定要够多、不要半路加汤、所以、焯鸡肉的汤不够就再加进去一些开水、大概炖40分钟左右就好了、
10. 我的是我妈邮来的农村笨鸡、不容易炖烂、所以我加完汤把鸡肉和汤先用高压锅压了15分钟、
11. 香菇和金针菇开始焯一下、捞出攥干水分、
12. 高压锅压好倒回大勺里、大概炖十分钟的时候、把蘑菇加进去、家里的娃喜欢吃炖入味的香菇、
13. 收汤、尝一下咸淡味、看需不需要加盐、
14. 配菜其实就是随机放的、冰箱有啥炖啥、你们可以自由放、放粉也是超好吃的、",16,6,6,1328.0,108.2,7.66,1.1,21.61,9.75,15.6,2.36,11.8,37.5,100.0,1,12,3,0,legacy,"[""下饭菜"",""家常菜"",""快手菜"",""炖""]","[""1"",""2"",""3"",""23"",""24"",""46""]"
99734,升级版皮蛋瘦肉粥超鲜,升级版皮蛋瘦肉粥超鲜,在家尝试了几次后决定用这个菜谱，做出来的皮蛋瘦肉粥异常鲜美，并且用时也不多，冬天煮一锅可以暖暖的吃上几顿，快来试试吧。,,2个皮蛋，2杯大米，200克瘦肉，2片姜，5克盐，一把虾干，少许鸡精，按需白胡椒粉，一小撮香菜,"1. 大米用温水泡10分钟，这样煮出来的粥更软糯。然后加入大半锅的水量，用电饭锅或者电压力锅的煮粥模式煮上。
2. 准备两颗皮蛋，200克瘦肉丝，一把虾干，香菜一小撮。
3. 皮蛋里面真的有雪花状结晶诶
4. 皮蛋切丁
5. 虾干用开水泡上
6. 同时切一切生姜丝
7. 起油锅放入生姜丝煸炒出香味
8. 下肉丝，一点盐，一杯盖料酒，大火翻遍3分钟左右。
9. 肉丝盛出来备用。
10. 我用的电压力锅，大概半小时后粥煮好了。 放入切好的皮蛋，泡好的虾干和超好的肉丝，放入适量盐和鸡精调味。搅拌均匀。
11. 盛一碗出来，是不是很好看？
12. 加了虾干的粥更加鲜美。
13. 赶紧乘热吃一碗～",9,4,4,736.0,1912.6,71.15,75.84,238.65,2.23,115.9,10.08,772.6,66.67,100.0,2,4,3,0,legacy,"[""粥"",""早餐"",""主食"",""广东小吃"",""快手菜""]","[""3"",""4"",""9"",""20""]"
99748,小米海参粥,小米海参粥,小米海参粥是暖暖冬日滋补养颜营养膳食的，电饭锅就能做，超级简单！,,2只海参，20克姜丝，200克小米，少许鸡汤，适量葱花，适量盐,"1. step1 将小米淘洗干净，海参泡发切片。
step2 将小米，海参，水，原汁鸡汤，姜丝放入电饭锅中，打到煲粥一档。
step3 粥煮好后，撒上葱花，盐 即可食用",6,4,4,320.0,809.2,34.76,6.52,154.76,3.74,372.4,23.68,514.5,83.33,100.0,2,1,3,0,legacy,"[""粥"",""中式早餐""]","[""1"",""3"",""127"",""189""]"
99859,冰城串吧版东北大拉皮,冰城串吧版东北大拉皮,,,666g拉皮，25g肉丝，20g豆皮，40g黄瓜丝，30g胡萝卜丝，25g葱丝，4g盐，2g小飞马味粉，15g辣椒油，5g葱油，5g香油，20g陈醋，20g糖，10g蒜末,"1. 肉丝提前炒制好，把辅料切丝，四种八个方位摆好［辅料刀工标准是长8cm*宽
2. 3cm*高
3. 3cm的细丝］
4. 拉皮开袋冲洗后放入调味料拌好后装盘
5. 面放肉丝撒芝麻点缀香菜叶",14,4,4,746.0,102.3,4.62,7.64,3.98,0.46,23.4,0.77,18.8,35.71,100.0,14,0,0,0,legacy,"[""凉菜"",""快手菜"",""家常菜""]","[""1"",""2"",""6"",""19""]"
99862,木须鸡肉,木须鸡肉,"木须肉一般是用猪肉做的，今天我换成了鸡肉，因为鸡肉的脂肪含量比猪肉低，像我这种诸肉族是不能一天没有肉的。既要吃到肉，又不要太胖，那就少吃猪肉，多吃鸡肉、鸭肉（鸡鸭不要吃皮哦）、鱼肉、虾肉等等。如果你说，味道怎么样，有饭店做的木须肉好吃吗？实话实说，如果你要保持身材，那么一定会牺牲掉一点点口感。但是又不会太差，只要一点点油，一点点生抽、一点点盐，家常做法的大菜味道也不错。
我放了很多配料，因为想吃到很多菜，如果你想吃到肉多一点的，那么适量减少配菜的量，加大一点肉的用量就可以了。

这道菜鸡肉丝不是用油滑炒处理的，而是用水焯的方法，使得这道菜更加清爽。很多的配菜，渗入了肉香，吃起来很过瘾。",,50g鸡胸肉，3-4朵木耳，1小把黄花菜，1个，取蛋清鸡蛋，少许，切末蒜，少许，切末葱，少许盐，2汤匙生抽，0.5汤匙淀粉，1汤匙料酒,"1. 鸡胸肉切丝后用料酒、鸡蛋清、淀粉、少许盐抓匀腌15分钟，后焯水至鸡肉变色即可盛出
2. 黄花菜泡软切成寸段用水焯一下、鸡蛋炒散、木耳泡软后切丝
3. 锅内倒入少许油下葱末炒出香味后放入木耳翻炒1分钟左右，放入黄瓜菜拌炒
4. 放入鸡肉翻炒数下，加入生抽翻炒均匀后加2汤匙水盖锅盖焖2分钟
5. 倒入炒好的鸡蛋撒入蒜末，加少许盐，炒匀即可出锅",10,5,6,60.5,89.0,13.27,1.08,7.7,2.39,20.6,8.31,26.4,60.0,85.71,1,5,3,0,legacy,"[""家常菜"",""木须肉"",""快手菜"",""鸡蛋"",""鸡肉""]","[""1"",""2"",""15"",""24"",""33"",""153""]"
99922,老丁的私房菜－竹笋烧鸡,老丁的私房菜－竹笋烧鸡,家里去山里玩的时候买了点竹笋，老丁回来做了个竹笋烧鸡，味道浓郁，竹笋清脆，下饭一流。,,2个鸡大腿，1斤竹笋，少许葱姜蒜，少许四川郫县豆瓣酱，少许料酒，香油，少许盐，糖,"1. 竹笋切滚刀块，老的地方切掉不要，锅内下冷水，放一些盐和米酒，没有米酒用白酒或料酒代替。开锅之后至少煮10分钟以上，去除竹笋的叶酸和涩味。
2. 鸡腿去骨，切块，用料酒，盐，五香粉，老抽，腌制入味。
3. 切葱花，姜片，蒜轻拍一下，蒜可以多一些，郫县豆瓣备用。
4. 鸡加入玉米淀粉，用手裹匀，抓上劲。
5. 热锅凉油，多方些油，下葱姜蒜炒香
6. 加入郫县豆瓣酱，炒出红油，炒香。
7. 加入鸡肉翻炒，然后加入老抽调色。翻炒一段时间，待鸡肉缩水。
8. 加入竹笋翻炒，然后加入一点糖调味，加入一些高汤或者水，转中火，盖锅盖烧5分钟左右。
9. 待汁水基本收干，加入几滴香油提味，翻炒后装盘即可。",6,5,6,700.0,115.0,13.0,1.0,18.0,9.0,45.0,2.5,2.0,50.0,100.0,1,1,4,0,legacy,"[""烧菜"",""竹笋"",""营养餐"",""下饭菜"",""家常菜"",""红烧"",""鸡肉"",""鸡腿"",""笋"",""冬笋"",""春笋"",""下酒菜"",""快手菜"",""大鱼大肉""]","[""1"",""2"",""3"",""24"",""282"",""589""]"
100161,素肉燥拌面,素肉燥拌面,来自潮洲的普宁豆腐比一般豆腐挺身，烹调时不容易被弄碎，适合用于炆煮菜式。,,刀削面，1块老豆腐(切粒)，1个杏鲍菇(大、切粒)，2个香菇(切粒)，3 汤匙爆炒酱，1小块姜，少许香菜，1汤匙老抽，1茶匙生抽，1汤匙陈醋，1茶匙糖，1茶匙麻油，2茶匙粟粉，1杯水,"1. 滚水放面煮4-5分钟。把面捞起放至冻水浸一会，再捞起放至碗中。
2. 爆香姜片后加入杏鲍菇及鲜冬菇炒干
3. 加入爆炒酱和老豆腐，慢慢倒入酱汁。
4. 煮至收汁后与刀削面拌匀即成",14,4,4,508.0,91.6,9.23,3.42,7.05,2.59,81.5,4.08,14.7,50.0,100.0,0,12,2,0,legacy,"[""快手菜"",""主食"",""家常菜"",""素食""]","[""3"",""9"",""23"",""83""]"
100251,玉米糁红薯粥,玉米糁红薯粥,最适合冬天喝的粥，这个玉米糁和水的比例是我实验多次确定下来的，熬好后稀稠正好，非常适口。熬粥最好用燃气炉，不要用电磁炉，电磁炉太容易糊。,,配方1（3到4人份），120克玉米糁，2100克水，300克红薯，配方2（2到3人份），80克玉米糁，1400克水，200克红薯,1. 玉米糁加适量水（配方内）和开，然后加入烧开的水里小火熬20分后，加入红薯块再小火熬10分。具体做法可看我拍的小视频。,4,2,2,420.0,709.2,13.08,2.04,170.04,3.0,130.8,2.64,176.6,50.0,100.0,3,0,1,0,legacy,"[""粥"",""中式早餐"",""早餐""]","[""28"",""387""]"
100380,老丁的私房菜-腊排骨炖萝卜,老丁的私房菜-腊排骨炖萝卜,"年前做的腊排骨，正好到了吃的时候，配合萝卜，汤鲜不腻，非常美味。
可以关注微信公众号：老丁的厨房，或者在微信公众号搜索 brookding ，对老丁私人公众号进行关注，谢谢。",,1块腊排骨，1个白萝卜，1块姜,"1. 腊排骨洗净，剁成小块，由于腊排骨风吹雨晒，灰尘比较多，而且研制过程中用了大量的盐，所以先进行焯水。
2. 座一锅水，冷水时倒入腊排骨
3. 煮沸撇去浮沫后将腊排骨捞出备用。
4. 另取高压锅，将腊排骨放入锅内，倒入水，放入一些姜片，开锅后煮30分钟（如果不喜欢用高压锅的也可以用普通锅，炖的时间要久一些）。
5. 高压锅放气后，白萝卜去皮切块，放入煮好的汤内，这时候可以发现整个腊排骨炖出的汤是奶白色，继续中火慢炖至萝卜软烂。（这里可以根据个人的口味决定萝卜煮的硬度）另外由于腊排骨的盐味不一样，可以根据口味适量的加一些盐调味。",3,2,2,608.0,83.7,3.6,0.55,20.82,0.22,237.2,1.11,272.7,100.0,100.0,0,3,0,0,legacy,"[""家常菜"",""快手菜"",""下饭菜"",""汤"",""汤羹"",""腊排骨"",""排骨"",""萝卜"",""减肥"",""营养"",""宴客""]","[""3"",""63""]"
100604,皮蛋瘦肉粥,皮蛋瘦肉粥,用电饭煲煮的粥省事又方便,,1杯大米，适量盐，100克瘦肉，1000毫米水，1个皮蛋，适量淀粉，1小勺料酒，少许胡椒粉，2片生姜片，少许橄榄油,"1. 里脊肉切丝，用3克盐、料酒、淀粉、胡椒粉，橄榄油、腌制10分钟
2. 锅里水开，放姜片放肉丝，用筷子划散，肉颜色变白，没有血色，捞出用清水沥干干净
3. 备用
4. 皮蛋切小粒，葱花切好
5. 我是前天晚上预约粥功能，早上起来还有20分钟刚好放入肉丝，皮蛋粒继续煮5分钟，放入盐，放上葱花喜欢胡椒粉也可以放，
6. 这是用天际小炖锅的也很好，过程一样
7. 偶尔吃一回皮蛋也没事
8. 搭配吃
9. 搭配吃
10. 搭配吃",10,3,3,350.0,952.6,35.47,37.87,118.5,0.9,55.8,4.93,385.1,50.0,100.0,1,4,5,0,legacy,"[""粥"",""早餐"",""快手早餐"",""中式早餐""]","[""3"",""4"",""20""]"
100756,牛肉炒茭白,牛肉炒茭白,炒起来🤪,,20g牛肉，250g茭白，少量葱丝，少量姜末，1/2勺料酒，2勺生抽，1/4勺蚝油，适量盐,"1. 这是茭白
2. 茭白切片
3. 姜切末，葱切小丝，牛肉切片
4. 茭白焯水，去除草酸
5. 起锅烧油，油热后将牛肉、姜末、葱丝一起下锅炒
6. 牛肉翻炒至断生
7. 下入焯过水的茭白、翻炒30秒，倒入生抽、料酒、蚝油、盐。
8. 翻炒大概一分钟到一分半钟就可以出锅了，因为之前茭白已经焯过水了，就不用炒很长时间了。",8,4,4,270.0,97.0,7.0,2.24,14.85,4.75,11.0,1.36,27.3,25.0,100.0,2,3,3,0,legacy,"[""家常菜"",""下饭菜"",""茭白"",""牛肉"",""炒""]","[""1"",""3"",""8"",""362""]"
100906,红烧肉,秘制红烧肉,,,400克五花肉，4个八角，3片姜片，2个辣椒，2勺老抽，10-15克糖，5勺生抽，3勺料酒,"1. 五花肉洗净、切片、沥干
2. 用平底锅加八角、姜片、辣椒干两面煎香
3. 加生抽、老抽、料酒、糖放入煲内慢慢煲，请注意不放水，只放调料
4. 两个小时左右、满室飘香、秘制五花肉成了。",8,3,4,464.0,1350.2,61.23,120.7,6.03,1.93,45.3,6.1,231.8,37.5,100.0,2,6,0,0,legacy,"[""红烧"",""家常菜""]","[""3"",""4"",""10"",""17""]"
100966,香菇冬笋银耳蒸鸡,香菇冬笋银耳蒸鸡,香菇、冬笋都是自身极具鲜味的原材料，不需要复杂的工艺，简单的和滑嫩的鸡腿一起蒸即可，鲜香下饭。家人嗜辣，所以加了一个小米辣，不吃辣的可省略，口味一样很棒！准备好材料上锅蒸，另起一锅炒个素菜，半小时内晚餐就能完成啦！,,1只去皮去骨整鸡腿肉，1根冬笋，一把小花菇干，8朵新鲜香菇，一小把金针菇，1/4朵干银耳，1根小米辣，1根小葱，3片姜，3瓣蒜瓣，1根香菜，2勺花雕酒，2勺生抽，1勺蚝油，1勺糖，大半勺芝麻油，依个人口味适量盐,"1. 鸡腿肉冲洗干净切小块加配料所注分量的花雕酒，生抽，耗油，糖，芝麻油，适量盐，姜丝拌匀放在一旁腌制。
2. 开始备菜。小花菇干和银耳冲洗干净分别放在小碗内加小半碗水，微波炉高火力打1分钟快速泡发，取出将银耳撕小片，梗丢掉。花菇连水放置待用。冬笋解冻切薄片。新鲜香菇去梗切厚片。金针菇撕散。小葱切段，蒜切片，小米辣切小段。
3. 旁边另起蒸锅开始烧水。炒锅热锅凉油，小火将蒜片葱段小米辣炒出香味，开中火加入备好的鸡肉丁翻炒断生。
4. 开大火加入备好的银耳和花菇，泡发花菇的水也倒入一部分，不需要太多，会使成品水兮兮。最后加入新鲜香菇和冬笋片翻炒。此时可以尝一下汤底，需要稍咸一些才可以，如果淡了可在此时加盐。
5. 全部材料倒入玻璃碗内，在最上方铺上金针菇和整条香菜，用保鲜膜包住放入之前已经在烧水的蒸锅，此时蒸锅内水应该已经开了，大火蒸20分钟，完成！
6. 完成！",17,8,8,594.0,151.8,11.35,1.23,28.54,9.85,54.8,2.92,18.9,58.82,100.0,0,16,1,0,legacy,"[""家常菜""]","[""1"",""2"",""3"",""9"",""23"",""46"",""91"",""184""]"
101427,神器咸蛋黄豆腐煲,下饭神器咸蛋黄豆腐煲，汤汁鲜香浓郁！,前段时间囤了超多食材，其中最让我惊艳的就是李子柒的咸蛋黄酱啦，打开盖子我就没忍住先尝了一口，流沙蛋黄细腻绵密的口感真的太好吃了！,,1瓶咸蛋黄酱，1块嫩豆腐，10个虾仁，1根火腿，1勺淀粉，1勺盐，1勺白砂糖，3根葱,"1. 1⃣️火腿和豆腐切块
2. 2⃣️锅里少量油烧热后加两大勺咸蛋黄酱，小火搅拌到酱汁微微冒泡
3. 3⃣️倒入火腿、豆腐和虾仁略微翻炒一下
4. 4⃣️加一碗热水、一勺盐和白砂糖，中火煮开后换小火盖盖煮10分钟
5. 5⃣️一勺淀粉两勺水调一碗水淀粉，倒入锅中搅拌均匀，煮3分钟就能出锅了
6. 6⃣️最后撒上葱花就能吃啦~
7. 看起来好诱人呀🤩
8. 色香味俱全😋
9. 拌饭超级好吃！
10. 味道好极啦～",8,2,3,545.0,213.8,40.1,3.25,6.28,0.42,468.1,9.52,4358.2,62.5,100.0,0,8,0,0,legacy,"[""家常菜"",""下饭菜"",""咸蛋黄"",""宴客菜"",""豆腐"",""下饭"",""煲""]","[""1"",""41"",""590""]"
101470,辣炒鸡架,辣炒鸡架,,,2个鸡架，1个尖椒，半根胡萝卜，2个干辣椒，10片姜，1根葱，调料包如下：，1块桂皮，2～3片香叶，3个八角，20粒花椒，调料汁如下：，1勺老抽，1勺生抽，1勺蚝油，2勺料酒，适量糖，适量醋,"1. 鸡架洗净，冷水直接下锅加料酒焯一下，捞出，倒掉焯鸡架的水。然后锅中加清水放入焯好的鸡架，水开后，撇沫，放调料包，5片姜，葱段，改小火，慢火炖1小时。
2. 将煮好的鸡架取出，掰成小块。
3. 尖椒和胡萝卜切片，葱和干辣椒切断，姜切片。
4. 热锅放油。
5. 油热放入配菜，翻炒
6. 放入调好的料汁
7. 放入鸡架，翻炒入味收汁，出锅。
8. 美味的辣炒鸡架",16,4,4,452.0,90.8,2.9,1.18,20.26,3.79,59.2,2.27,62.9,37.5,100.0,0,14,2,0,legacy,"[""小吃"",""下酒菜"",""家常菜"",""下饭菜""]","[""1"",""3"",""6"",""11""]"
101797,全程无难点的超入味儿微辣黄焖鸡,全程无难点的超入味儿微辣黄焖鸡,口感惊人，入味但不柴，已经加入我的拿手菜系列！不用炒糖色，不用频繁调火力，不蹦油，简直是对我这种嫌麻烦的人太友好了，试了四次做法，调整好了发个菜谱。,,2只鸡大腿🦵，6朵香菇，1个青椒，1瓶啤酒，随意葱姜蒜，2个干辣椒，20粒花椒，1大料，2片香叶，1勺郫县豆瓣，4勺生抽，3勺老抽，2勺料酒，1勺白糖，尝着放盐，2勺蚝油,"1. 备料
2. 油温热下干料，炒香
3. 下葱姜蒜干辣椒郫县豆瓣，炒至咳嗽（我没有葱了）
4. 鸡肉不用提前煮，沥干水分直接下锅，炒至表层变色。
5. 加老抽炒至上色均匀
6. 不要加水，直接倒啤酒，放蘑菇，烧开后放料酒生抽蚝油白糖，盖盖小火炖20分钟
7. 开盖大火收汤，收差不多了尝一下放盐，下青椒，再盖盖大火咕嘟两三分钟，就可以啦
8. 做好啦，安排！",16,5,5,712.0,54.7,3.58,0.84,11.45,4.79,11.4,0.72,7.4,37.5,100.0,0,13,3,0,legacy,"[""家常菜"",""快手菜"",""大鱼大肉"",""下饭菜"",""辣""]","[""1"",""2"",""3"",""11"",""23""]"
101859,猪耳豆角炒肉片,猪耳豆角炒肉片,名字不是叫猪耳豆角炒肉片么，对呀没错，那为什么没见猪耳呢，哈哈，豆角名字就叫猪耳豆角😂,,适量猪耳豆角，适量猪肉，一小段葱，2片生姜，3个小米辣，一锅水，3瓣蒜，适量料酒，适量老抽，适量蚝油，适量盐，适量鸡精,"1. 猪耳豆角本尊，是菜店老板告诉我他们东北是这么叫猪耳豆角，我也没吃过，也没见过呀🤷🏻‍♀️言归正传，豆角两头掰一下撕掉筋（就跟平时处理豆角的方法一样）洗净待用
2. 猪肉肥的地方剃下来点，用来在炒制的时候炼油渣，葱斜刀切片，蒜用刀背压一下，切一刀不用太碎，姜切小粒，小米辣切圈
3. 肉切片，用盐、料酒适量，老抽（一点点）用手抓匀腌一下
4. 锅里烧水，水开放入盐适量，倒入猪耳豆角，滴几滴炒菜用的油（目的保持翠绿，所以需要焯水的绿菜都可以用此方法），水煮开，在大火煮两分钟，全程不要盖盖子哈，整个过程差不多四分钟左右，豆角一定要多煮一下，不然容易中毒，关火，放在凉水下面冲凉
5. 冲过凉水的猪耳豆角，摸起来不硬不软
6. 锅里倒油稍微多点，热锅热油，放入腌好的肉片滑炒变色盛出
7. 刚煸肉的油还有点在锅里，小火，倒入肥肉，煸炒成略微黄色，转大火倒入葱姜蒜小米辣炒出香味，倒入猪耳豆角翻炒一分钟，倒入煸炒好的肉，翻炒均匀，沿锅边倒入料酒，比平时做菜稍微多点，翻炒，转中小火，略微炖一下，不要盖锅盖，料酒代替水菜不会软哝，期间也要翻炒，料酒蒸发完就好了，关火，放入盐、鸡精、蚝油余温翻炒均匀，即可出锅装盘",12,4,4,181.0,26.6,0.88,0.13,5.79,0.6,10.2,0.4,5.3,33.33,100.0,0,3,9,0,legacy,"[""家常菜"",""快手菜"",""一人食"",""豆角"",""炒""]","[""2"",""3"",""4"",""91""]"
101863,凉拌酱爆肉丝杂菜,凉拌酱爆肉丝杂菜（超级满足的超级大拌菜）,每次吃这个菜都特别满足，集合了我爱吃的所有菜菜，还有炒好的酱爆肉丝，酸辣咸香，卷饼或者下饭都是绝佳啊！,,肉丝，鸡蛋，朵木耳，根胡萝卜，娃娃菜（菠菜），豆腐皮，金针菇，勺甜面酱，黄瓜，勺料酒，勺鸡精，克糖，克盐，蒜，小米辣，香菜，小葱，勺生抽，老抽，陈醋，白胡椒粉，熟白芝麻，香油,"1. 所有的配菜准备好，该焯水的焯水，肉丝用料酒 生抽 胡椒粉 盐 淀粉腌制好，倒入少许油搅拌均匀腌制备用！
2. 起锅热油，倒入肉丝划散炒至变色盛出备用。底油放入甜面酱爆香，放入肉丝炒匀备用。
3. 起锅热油放入蒜末 小米椒炒香，依次放入木耳丝  胡萝卜丝 娃娃菜丝炒熟关火，放入黄瓜丝 金针菇 蛋皮 豆腐皮，加入生抽  老抽  白胡椒粉 糖  盐鸡精搅拌均匀，在倒入酱爆肉丝  香菜  陈醋  白芝麻  香油，搅拌均匀就可以盛盘啦！
4. 超级美味！
5. 超级大拌菜",23,10,10,0.0,0,0,0,0,0,0,0,0,56.52,0.0,0,0,23,0,legacy,"[""家常菜"",""下饭菜"",""酱""]","[""1"",""2"",""6"",""7"",""9"",""19"",""33"",""46"",""70"",""91""]"
101989,周末红豆薏米粥,懒人周末红豆薏米粥,周末祛湿清肠胃,,100克薏米，100克红豆，30克燕麦片，5块冰糖，1茶匙红糖，适量水，1个电炖锅，2个红枣,"1. 周末起床后红豆和薏米分开泡水
2. 中午吃饭时放电炖锅，酌情加水至最大值以下，武火
3. 三小时后看汤变浊，放入快熟燕麦，切片去核红枣，冰糖，红糖 并搅拌
4. 半小时后看沸腾至粥状调至文火并搅拌，一小时后开吃",8,4,4,210.0,697.5,33.11,3.93,137.55,9.89,118.2,11.12,5.9,37.5,100.0,3,4,1,0,legacy,"[""粥"",""素食"",""清淡"",""减肥""]","[""21"",""34"",""54"",""128""]"
102022,羊肉炖萝卜,羊肉炖萝卜,每年冬天必吃的美食，好处就不多说了。羊肉烧不好羊膻味会比较重，这个烧法是几经尝试得到全家一致好评的。羊肉肥而不腻，萝卜香酥可口。,,700克羊肉，1根萝卜，8片白菜，4-5根青蒜，8片姜，3片香叶，2个八角，3克冰糖，2个尖椒，1克小茴香，2勺料酒，1勺老抽，3勺生抽，适量调整盐,"1. 调料准备好
2. 羊肉清水洗净。
3. 萝卜刨皮，皮不要丢掉。
4. 羊肉，萝卜皮，4片生姜，2勺黄酒全部入锅，冷水加至没过羊肉。开大火。
5. 萝卜切滚刀块后焯水，青蒜的蒜白部分切下来，蒜叶切段，白菜叶子切大段，白菜帮切片。
6. 待步骤5的水烧开后，撇去浮沫，将生姜和萝卜皮捞出扔掉。羊肉捞出清水洗净后控干水分。锅里的清汤滤去杂质盛出备用。
7. 锅里加少许植物油，烧热后放入冰糖，让冰糖慢慢化开。
8. 加入八角，尖椒，4片生姜和步骤5的蒜白，翻炒2下后羊肉下锅一起炒。羊肉的油要煸一些出来才不会肥腻。等羊肉上色，闻到羊肉味道后转下步。
9. 把步骤6的汤倒进锅里，加入香叶和小茴香。开大火慢慢收汁。只留一小碗水左右的汁，然后加1勺老抽，3勺生抽再翻炒一下。
10. 将焯过水的萝卜块和白菜帮一起下锅，翻炒几下后盖上锅盖中火炖。
11. 等到萝卜酥软之后加入白菜叶再炖5分钟，然后撒上青蒜叶，翻拌几下，根据味道添加食盐。
12. 装盆，可以开吃了。😍😍",14,6,6,3064.0,1532.4,168.63,51.08,114.19,23.73,1173.3,45.0,1787.1,42.86,100.0,3,10,1,0,legacy,"[""家常菜"",""红烧"",""食材"",""炖""]","[""3"",""11"",""29"",""58"",""59"",""115""]"
102356,番茄金针菇牛肉煮,番茄金针菇牛肉煮,"一个简单好吃又下饭的菜
以下材料为2-3人份量",,2个西红柿，150g金针菇，120g牛肉片，3g·盐，3g·糖，3-5g·蚝油，5ml·生抽，小半勺·淀粉，10ml·封油（玉米油），一小段大葱白段，一瓣蒜，50～60g蕃茄膏，450-500ml水或高汤，一小勺盐，少许糖，5ml镇江香醋，少许鸡精or味精,"1. 牛肉切薄片，洗一下后，浸水里2-3小时 中间换一次水，最后滤干用厨房用纸吸干水分。牛肉部位可选牛腩切片、牛里脊、或者牛肩胛肉。
2. 浆肉片，是的没错，血水处理干净的牛肉就是这种颜色。像猪肉片一样的颜色。把“·”的调料依次倒入搅拌，淀粉最后抓，裹匀了之后倒入封油，抓均匀。腌个20分钟左右就好。
3. 番茄划十字，烧热水，烫番茄，然后把皮去了
4. 去皮后的番茄切丁
5. 葱白切碎，蒜切碎，锅下油烧热后爆香蒜末和葱末
6. 倒入蕃茄丁继续煸炒
7. 加水，调汤的味道。烧开后，下牛肉，倒汤里用筷子划散，因为有封油所以很容易划散的。加盖焖煮5分钟。因为牛肉里有淀粉，下到汤里后其实等于给汤下了个薄芡。汤会有点厚起来，加金针菇，金针菇去根后切三段，吃起来方便不塞牙哟～然后继续加盖小火焖煮10分钟左右即可。
8. 出锅",14,4,4,417.5,93.2,5.63,1.02,19.13,4.1,10.3,2.58,26.9,35.71,100.0,10,3,1,0,legacy,"[""汤羹"",""家常菜"",""单身食谱"",""煮""]","[""2"",""8"",""14"",""46""]"
102669,版肉沫茄子盖浇饭,少油版🍆肉沫茄子盖浇饭,"超简单超下饭，不好吃你来找我呀
【以下为两人份】",,2个茄子，1小块猪肉，2-3个小米椒，2-3瓣蒜，2-3片姜，适量葱花，1勺豆瓣酱，1勺生抽，1勺老抽，1勺蚝油，半勺醋，1勺料酒，1勺玉米淀粉，1勺糖,"1. 提前准备好食材，蒜切末，姜切片或末，小米椒切小段，茄子🍆切条（去不去皮都可）上锅蒸5分钟，然后热锅烧油，加入一半的蒜末，全部的姜
2. 放入肉末，炒至变色
3. 放1勺豆瓣酱，炒出香味
4. 然后放入蒸好的茄子，翻拌均匀，再加入小米辣
5. 然后倒入提前调好的灵魂酱汁（1勺生抽+1勺老抽+1勺料酒+1勺蚝油+1勺玉米淀粉+1勺糖+半勺醋+剩下的蒜末+适量清水），小火煮一下，汤汁不要收干了！【注意：因茄子大小不同，为避免味道咸了，可先加入一半的酱汁，尝尝味道先
6. 连同汤汁一起浇到煮好米饭上，撒上葱花和白芝麻装盘！完美！汤汁浓郁，茄子入味，没有比这道菜更下饭的了！相信我姐妹！！",14,6,6,939.0,662.2,33.89,32.47,84.21,42.71,225.3,6.12,124.8,42.86,100.0,0,13,1,0,legacy,"[""盖浇饭"",""家常菜"",""下饭菜"",""快手菜""]","[""1"",""2"",""3"",""4"",""18"",""110""]"
102671,干锅鸡翅,干锅鸡翅,"超级下饭菜，真的是饭扫光恨不得把汤汁也给喝了！
冷天做个干锅小火慢慢炖，真的是再爽不过了。",,15个鸡翅中，5个干辣椒，3片姜，20粒花椒，5勺生抽，2勺料酒，1只莴笋，1只胡萝卜，1把孜然，2只大蒜，1勺糖，3勺麻油，1勺芝麻，少许老抽,"1. 干锅鸡翅

材料: 鸡中翅  配菜(莴笋 胡萝卜 土豆 )
配料:生姜 大蒜 干辣椒 孜然 花椒 葱 芝麻
调味料: 生抽 老抽 食用油 麻油 料酒 糖 

2. 
鸡中翅划刀，焯水捞起备用，配菜切好备用。热锅烧油 小火翅中双面煎，煎好放入生姜大蒜干辣椒花椒炸香，翻炒加入生抽.老抽.料酒.糖。翻炒差不多了加入水淹没鸡翅，大火收汁。把配菜放去炖锅铺好，汁收到一半加入麻油 孜然 ，然后直接倒去炖锅盖在配菜上面就可以开始炖。撒点芝麻，葱花就好了！",14,6,8,1960.0,135.8,5.9,1.7,27.14,6.06,124.6,4.8,201.2,50.0,100.0,0,13,1,0,legacy,"[""干锅"",""家常菜"",""下饭菜""]","[""2"",""3"",""6"",""24"",""26"",""71"",""145"",""241""]"
102833,韭黄鲜肉春卷,韭黄鲜肉春卷,小时候过年才能吃上春卷，最爱韭黄鲜肉馅。一口咬下去，香香的韭黄味道冲击着我的味蕾，让我记住了童年的味道……,,250克韭黄，750克春卷皮，600克肉，适量盐，适量料酒，适量黑胡椒,"1. 肉🥩➕盐➕料酒➕黑胡椒，一起剁碎。我是直接买的碎肉，回来也要重新剁一下，把调料放进去一起剁，这样馅也劲道。
2. 韭黄洗干净，切半寸长，装碗
3. 再装一碗清水，用来封春卷的口子
4. 包的时候，放点肉，➕点韭菜，然后把他们包起来，收口的时候沾点水，这样炸的时候不会散。（我妈妈做的时候，沾口子用的料酒，说酒可以去腥）我还是习惯用清水
5. 下油锅，建议用底小点的锅，加多点油，最好是没过春卷再多一点，因为生的时候春卷是沉下去的，熟了就浮起来了
6. 炸到春卷浮起来，颜色金黄就可以出锅了",6,1,1,1000.0,60.0,5.75,0.5,9.75,3.0,62.5,4.25,17.2,33.33,100.0,3,0,3,0,legacy,"[""小吃"",""快手菜"",""家常菜""]","[""222""]"
102923,鲜、香、美味鸡蛋酱拌面的绝配,鲜、香、美味《鸡蛋酱》拌面的绝配,"有位美食大厨朋友，创建了美食菜谱《鸡蛋酱》，今天按照大厨的制作秘笈小试，嘿嘿，真好!
         这个《鸡蛋醬》营养合理，操作简便，确保健康，最主要的是口味偏甜或偏咸全由自己定夺，二十几分钟就能搞定，自己做的酱没有添加剂、防腐剂，吃着极放心啊……",,2个鸡蛋，100克猪肉(或鸡肉)，3只虾，5朵香菇，适量葱，适量姜，适量蒜，适量蠔油，适量生抽，适量老抽，适量淀粉，适量料酒，适量糖，适量鸡精，适量白开水,"1. 猪肉(或鸡肉)切丁，葱姜蒜切丁，备用
2. 香菇切丁，备用。
3. 虾去头、尾、脚及沙线，切米粒，鸡蛋打散，加白开水少许，备用。",15,7,7,300.0,496.0,30.4,39.0,7.6,3.3,64.0,3.2,189.7,46.67,100.0,1,3,11,0,legacy,"[""拌面"",""酱"",""宿舍"",""下饭菜"",""家常菜"",""面条""]","[""1"",""2"",""3"",""4"",""7"",""23"",""590""]"
103069,炒鸡好吃的香辣炒鸡,🐓炒鸡好吃的香辣炒鸡🐓,"Yo 你们的何欢欢来了‼️
本周更新！
来一份【香辣炒鸡】👏🏻
说起禽类，阿欢最爱的就是🐔了，尤其是大鸡腿子🤩，那肉质，简直鲜嫩多汁🙊，鸡的做法有很多种，今天阿欢就介绍一种十分简单的香辣炒鸡做法，小可爱们一起来pick吧😉
废话不多说，香辣炒鸡参上👏🏻
❤️【划重点】记得看文末的小贴士哦❤️",,1只鸡，6片姜片，5瓣蒜瓣，2个八角，1块桂皮，1片香叶，各15-20粒青红花椒，3根线椒，1根葱，小半碗干辣椒，4勺料酒，4勺生抽，1/2勺蚝油，2克白砂糖,"1. 根据图中所给准备好食材和调料。
2. 将斩好的鸡块和姜片、八角、桂皮、香叶、红花椒放入高压锅，加入没过鸡块的清水和2勺料酒，选择家禽键。❗️（此步骤可省略，若想省略请看文末的小贴士）
3. 根据图中所给准备好食材和调料，蒜瓣对半切开，压熟的鸡块盛出，滤出鸡汤。
4. 线椒斜切圈，葱切葱段。
5. 锅中下油，爆香蒜粒和青花椒，下鸡块翻炒。
6. 将鸡块翻炒至表面微微焦黄，加入2勺料酒，4勺生抽，半勺蚝油继续翻炒至均匀上色，加入干辣椒炒匀。
7. 加入没过鸡块一半的鸡汤炖煮片刻，加入线椒和葱段翻炒至变软关火，撒入白砂糖继续翻炒10秒。
8. 装盘，完成😋                                                  🐓🐓🐓🐓🐓 炒鸡分界线 🐓🐓🐓🐓🐓
如果一道味道鲜美，肉质鲜嫩的香辣炒鸡此刻就摆在你的面前，你能抵挡住它致命的诱惑吗？（不，你不能😏）
Oh，这该死的，美味😌
谢谢大家的耐心浏览，希望大家喜欢（比心），如果大家有疑问和建议，欢迎在评论里给出哦✌🏻
么么哒～byebye",14,5,5,383.5,58.3,1.98,0.44,12.6,1.92,30.0,1.13,13.1,35.71,100.0,1,13,0,0,legacy,"[""家常菜"",""下酒菜"",""快手菜"",""辣""]","[""1"",""2"",""3"",""24"",""201""]"
103191,小荔枝口宫保鸡丁,“小荔枝口”宫保鸡丁,喜欢宫保鸡丁的咸鲜酸甜软嫩，偶尔想起它总是满满口水，这次就记录下做这道菜的过程，分享给大家吧！😋,,鸡胸肉腌料:，2勺料酒，5克盐，5克白胡椒，2勺淀粉，3勺清水，碗汁配料:，1勺生抽，1/2勺老抽，2勺香醋，15克糖，5克盐，1勺淀粉，2勺清水，其他配料:，500克鸡胸肉，1根大葱，1块姜，5瓣蒜，10粒花椒粒，5个干辣椒，50克酒鬼花生,"1. 鸡胸肉切小方丁，加盐、白胡椒、料酒、淀粉、清水，抓匀，腌30分钟
2. 生抽、老抽、香醋、盐、糖、淀粉、清水，调成碗汁，酸甜的小荔枝口主要是糖醋的配比，可以根据个人口味适当调节用量
3. 干辣椒切碎，大葱葱白切段，姜、蒜切末，我花生用的比较多，嘿嘿，因为最喜欢吃宫保鸡丁里花生啦~😋
4. 锅里烧油，爆香花椒粒
5. 倒入腌好的鸡丁滑炒
6. 看到鸡丁变色将鸡丁拨到一旁，继续爆香姜蒜末和干辣椒碎，爆香后与鸡丁一起翻炒均匀
7. 倒入葱白段
8. 倒入碗汁，快速翻炒浓稠
9. 倒入酒鬼花生，再翻两铲子就可以关火了
10. 颜色红亮，肉质滑嫩，开吃！",16,4,5,608.0,678.2,125.16,10.29,22.45,2.72,26.1,5.9,231.6,43.75,100.0,5,11,0,0,legacy,"[""家常菜"",""下饭菜""]","[""1"",""2"",""3"",""15"",""24""]"
103556,宝宝肉末粥,宝宝肉末粥（伊莱特能量土锅）,粥香味扑鼻，喝上一口香滑软糯，咸中带着清香，美妙的口感从嘴到胃继而涌向心头，辛福的感觉无以言表。,,1杯大米，50g瘦肉，1棵小油菜,"1. 备好材料；
2. 将瘦肉、小油菜切碎
3. 大米淘洗干净，放入能量土锅；
4. 按照刻度加入合适水量，选择“婴儿粥”程序；
5. 程序最后10分钟时，放入瘦肉末，搅匀，再次盖上盖子；
6. 程序结束后放入油菜末，搅匀就可以啦。
7. 更多美食菜谱与视频，请关注“伊莱特”微信公众号。",3,3,3,230.0,688.7,19.79,16.55,116.4,0.9,59.4,2.57,53.2,100.0,100.0,1,2,0,0,legacy,"[""家常菜"",""快手菜"",""早餐""]","[""4"",""20"",""44""]"
103672,家常炒菜酸甜口辣炒豆芽,家常炒菜🌞酸甜口辣炒豆芽,"挑战做凉皮儿，老公下班买的豆芽，不符合标准，哈哈哈～那就给他炒了！（我说的是炒豆芽😂）
豆芽凉拌，清炒都不错。酸甜口又想炒的入味儿一些，我这次用料复杂一些。但是炒出来的味道绝对棒。其实这种方法适合很多的炒菜，比如油麦菜，韭菜。茼蒿等，味觉的碰撞～",,炒菜部分：，3块钱的（炒一盘子）黄豆芽，8瓣蒜粒，适量小龙坎辣料，2～5粒冰糖，适量醋，适量盐，榨油配料：，30粒花椒粒，30粒麻椒粒，1个八角，5片香叶，1小根（掰碎）肉桂，适量葱，5片姜，适量（稍微多一点）油,"1. 豆芽用水先焯一下，备料准备
2. 开小火，倒油，倒入榨油料，为的是让炒菜的油香❗️有滋味儿❗️3分钟左右，出香味儿，然后把固体的都扔掉（别舍不得，我第一次这么弄得时候料没舍得扔，跟菜一起炒的，这个后悔。你要是舍不得，可以试试，保你后悔，哈哈哈哈）
3. 然后倒入炒菜的调料，用勺子一端把冰糖敲碎
（冰糖遇油经过加热，很容易敲碎，放心大胆的敲就好）
4. 炒一会儿
5. 放豆芽，炒一会（因为是用水焯过的豆芽，所以调料翻炒均匀即可）
6. 放盐（根据自己口轻口重）
7. 放花椒面儿
8. 放点蚝油
9. 放醋（这里放香醋比较好，不建议陈醋）
10. 出锅～",14,3,3,155.0,25.4,1.2,0.48,4.79,1.31,14.0,0.7,7.0,28.57,100.0,0,9,5,0,legacy,"[""家常菜"",""快手菜""]","[""1"",""3"",""150""]"
103707,荷叶粽子,荷叶粽子,任何手残党都能做出来的清香粽子。重要的是你想吃什么口感，随心所欲。,,5张荷叶，500克泰国香米，500克梅花肉，1个杏鲍菇，5汤匙绍兴黄酒，5勺生抽,"1. 泰国香米——不会像糯米的粘腻，口感比大米好。
喜欢吃糯米可以换糯米
☞洗净米，放冰箱泡水里一夜。（夏天）
2. 荷叶洗净
大的分四份，小的两份。
3. 热锅冷油，小火焙香葱，葱扔掉。
4. 焙梅花肉，变色
5. 焙杏鲍菇1分钟
（没有选香菇，为了突出荷叶香）
放绍兴黄酒→生抽
6. 放毛豆，夏天的毛豆有提鲜效果。
（虾，瑶柱，鲍鱼，海参之类你想放什么都可以在这步放。）
7. 泡好的米中火炒香
（海南鸡米饭的创意）
8. 两汤勺米饭放在荷叶边缘
9. 边缘好进行下面的折叠
10. 先盖上
11. 右叠
12. 左叠
13. 翻滚叠
14. 很容易包
草绳棉绳你想扎都可以
我没扎也没散
15. 全部上蒸锅，一共做了十二个。
16. 闻到香吗
17. 放个海鸭蛋，假装端午。：P
宝贝一顿吃了仨（鸭蛋黄拌，海苔肉松拌，辣椒酱拌）
下次问藕摊老板要荷叶。给宝贝包个海陆空。",6,3,4,1100.0,17.5,0.65,0.05,4.15,1.05,6.5,0.25,1.8,66.67,100.0,2,4,0,0,legacy,"[""粽子"",""家常菜"",""宴客菜"",""下午茶"",""中式早餐""]","[""4"",""83"",""203"",""278""]"
103754,香蕉牛奶燕麦粥,香蕉牛奶燕麦粥,,,250G牛奶，两个香蕉，适量米，适量即食燕麦，自己喜好调整冰糖,"1. 香蕉切丁
2. 倒入大米和水，大火煮，直到大米变软，根据喜好放适量冰糖
3. 倒入牛奶和燕麦
4. 开锅后加入香蕉丁，小火加热两分钟即可。",5,2,2,490.0,385.7,11.61,9.48,65.05,2.88,284.3,1.71,161.2,80.0,100.0,1,1,3,0,legacy,"[""粥"",""中式早餐""]","[""20"",""61""]"
104109,水煮肉,水煮肉,,,1棵圆生菜，350克猪里脊肉，1个，腌制用蛋清，15-20ml，腌制用黄酒，2克，腌制用盐，一大勺，腌制用淀粉，少许，腌制用白胡椒粉，15ml，腌制用色拉油，2段葱，1小块生姜，1/2小匙花椒，3-5瓣大蒜，30个干辣椒，1匙郫县豆瓣，1小勺豆豉香辣酱，1小匙精盐，1勺糖，20ML生抽，2勺水淀粉，适量清水，一大勺蒜末，一小勺姜末，一小勺花椒粉，1大勺辣椒面，适量小葱,"1. 里脊肉洗净后将一侧的筋膜去掉
2. 处理好的里脊切片，加入腌制用调料腌制30分钟
3. 锅中留少许油，爆香干辣椒、花椒、葱姜蒜末，下入辣酱和郫县豆瓣酱炒出红油
4. 加入水和糖，盐，生抽调味
5. 水开后倒入水淀粉勾芡
6. 芡汁儿浓稠后逐片滑入腌制好的肉片小火煮至肉片变色
7. 碗底垫洗净撕片儿的生菜，将煮好的肉片连同汤汁浇在生菜上
8. 将剩下的其他配料洒在肉片上
9. 锅内热油，至油温九成热后泼在表面制作完成",25,4,5,626.0,659.3,74.66,31.41,25.74,13.27,40.6,7.63,160.7,36.0,80.0,5,11,5,0,legacy,"[""家常菜"",""下饭菜""]","[""1"",""2"",""3"",""4"",""37""]"
104121,日式猫饭,日式猫饭,所谓日本人的“猫饭”，指的是用白米饭和鲣鱼节的碎屑混合做成的简单饭食。大米是日本人的主食，量多价廉，而鲣鱼即俗称的柴鱼，在日本也极为普通，是日本的平民食物，取鲣鱼腹部的肉蒸熟、炭烤使其成为鱼干，即鲣鱼节。制作“猫饭”时将鲣鱼节用刀削成薄薄的碎屑，盖在米饭上，再浇上酱油或味噌汤等。,,2碗米，20克鲣鱼片，少许日式酱油,"1. 今天猫猫做一款简单方便的猫饭，这里的猫饭可不是真给猫猫吃的哦，是人吃的猫饭，呵呵~首先在电饭锅内放两碗米，洗干净，米的多少看亲们要多少人吃咯，可以随意加减的！
2. 加入清水，蒸饭猫猫的经验是水没过米大概2厘米高吧，反正交给电饭锅咯，猫猫相信电饭锅，注好水，盖上盖，按下蒸饭键，完成，等着香喷喷的米饭蒸好啦！
3. 在等蒸饭的时间内，准备其他的东东吧，小碗，小饭勺，日式酱油，还有主角鲣鱼片！
4. 叮~饭蒸好啦，绝对香喷喷的！
5. 趁热，一定要趁热哦，拿小碗把米饭盛好！
6. 在米饭热热的时候把鲣鱼片放在米饭上，这样用米饭的温度稍稍烫一下鲣鱼片！
7. 在倒上日式酱油，酱油量亲们可以根据自己的口味调整！
8. 最后，香喷喷的猫饭就做好啦，简单好做，早餐和宵夜的极品料理哦！",3,1,1,100.0,346.0,7.9,0.9,77.2,0.6,8.0,1.1,1.8,33.33,100.0,1,1,1,0,legacy,"[""懒人食谱"",""电饭煲"",""快手菜"",""原味"",""夜宵"",""早餐"",""家常菜"",""小吃"",""日本料理"",""热菜"",""蒸"",""健康"",""私房菜""]","[""20""]"
104173,香酥鱼籽,香酥鱼籽，俗称赛螃蟹🦀️,"每次买鱼都把配件扔掉，实际上鱼籽营养价值非常高。和鸡蛋液一起香煎，口感简直了，人间至味😋
       鱼籽中的蛋白质、维生素、磷酸盐的含量都很高，不仅可以补脑，还能明目。 
        科普完之后，有种买椟还珠之感😂",,150克鱼籽，1个鸡蛋，1根小葱，5克姜碎，1瓣蒜，1勺料酒，6克盐，10克洋葱碎,"1. 1⃣️鱼籽去掉筋膜，洗净之后和鸡蛋液一起搅匀，加入一勺料酒，一点盐
2. 2⃣️热锅冷油，下葱、姜、蒜、洋葱炒出香味，倒入鱼籽鸡蛋液，像煎鸡蛋一样两面煎黄就可以了😄",8,5,5,225.0,78.6,6.93,4.35,3.07,0.2,37.2,0.99,67.8,62.5,100.0,4,4,0,0,legacy,"[""家常菜"",""快手菜"",""酥"",""炒"",""外貌协会""]","[""1"",""2"",""3"",""5"",""7""]"
104423,鱼香肉沫茄子＃下饭神器,鱼香肉沫茄子＃下饭神器,喜欢吃米饭的同学，就一定要试试这款“鱼香肉沫茄子”下饭菜，太好吃👍两碗米饭都不够🍚🍚🍚,,2个茄子，适量肉末，1勺料酒，适量姜，适量葱，适量大蒜，4-5个小米椒，少许花椒，1勺豆瓣酱，2勺生抽，1勺醋，1勺蚝油，1勺白糖，半勺老抽，1勺淀粉，半碗清水，少许鸡精，适量白芝麻,"1. 将葱、姜、蒜切末，小米椒切小圈，准备好适量花椒。
2. 将茄子洗净后切成条状（注意:不用泡水）
3. 将瘦肉切成小丁或肉沫都可以，加入少许盐、姜末、1勺料酒、少量淀粉抓匀
4. 接下来调酱汁：
          碗里+2勺生抽+1勺醋+1勺耗油+1勺白糖+半勺老抽
          另外用饭碗盛半碗清水+1勺淀粉调匀
           再倒入调料碗里一起搅拌均匀，酱汁就完成了（注意：勺子大小要适中）
5. 锅里稍微多倒点油，油温七成热，下茄子炸至表皮金黄，捞出
6. 锅里留少许油，放入肉丁（沫），炒变色后，将肉划到锅边，在油里加入蒜末、姜末、花椒和1勺豆瓣炒香，然后一起将肉翻炒均匀
7. 加入茄子，翻炒均匀
8. 倒入酱汁，放入小米椒，翻炒至汤汁浓稠即可
9. 装入盘中，撒上白芝麻、葱花，色香味俱全
10. 绝了😘",18,6,6,1005.0,442.6,26.01,3.02,117.3,65.5,265.7,5.53,84.7,38.89,100.0,0,11,7,0,legacy,"[""下饭菜"",""家常菜"",""鱼香""]","[""1"",""2"",""3"",""18"",""36"",""110""]"
104495,香辣八爪鱼,香辣八爪鱼,,,2斤(10只左右)八爪鱼，1根青笋，1个洋葱，3个长青椒，1个红椒，50克郫县豆瓣酱，1勺豆豉，各15粒花椒(青+红)，各适量大葱、老姜、蒜头，5克十三香，1勺料酒，100克菜籽油，5克白糖，1勺藤椒油，1勺花椒油,"1. 按图及配料表备料。豆瓣酱豆豉切碎、葱姜蒜切丝、干辣椒切圈圈。
2. 八爪鱼去牙齿、内脏、扒皮，清洗干净。青笋切片、青红椒切小块、洋葱切块。
3. 烧开水，把收拾干净的八爪鱼焯一下水，焯好后捞出凉水洗净。
4. 起油锅，放入100克菜籽油，烧热后倒入切配好的豆瓣酱、豆豉、葱姜蒜、干辣椒、花椒
5. 改中小火，翻炒3分钟
6. 放入焯好的八爪鱼，改大火继续翻炒2分钟
7. 我加了点自己泡的老酸菜(同学们可以不加)，料酒喷香，继续翻炒1分钟。
8. 加400克水、十三香5克、白糖5克，烧开后中火煮2分钟。(注意:豆瓣酱已经有盐味了，根据自己的口味添加盐或酱油)
9. 改大火，先放入洋葱、青笋
10. 翻炒均匀，盖锅煮开后1分钟
11. 接着放入红菜椒，大火翻炒1分钟
12. 最后放入青椒，继续翻炒30秒，再放花椒油、藤椒油，翻炒几下后马上关火。
13. 起锅装盘！美味即成！",14,3,3,1630.0,1410.0,190.65,4.3,153.5,1.35,246.0,6.9,660.6,35.71,100.0,5,9,0,0,legacy,"[""家常菜"",""辣"",""宴客"",""下饭菜"",""下酒菜"",""香辣""]","[""5"",""49"",""315""]"
107395,素炒蘑菇西兰花红萝卜,素炒蘑菇西兰花红萝卜,,,一盒海鲜菇，1朵西兰花，1根红萝卜，适量盐，1勺蚝油,"1. 西兰花切开小朵，用盐水泡一会，红萝卜切片，海鲜菇洗干净待用。
2. 西兰花用油水绰一下，大约1分钟，变翠绿色就要捞起，太久口感会变软，颜色会变黄。红萝卜加点盐炒熟加少量清水焖一会，（喜欢软一点就焖久一点，煮到自己喜欢的口感），盛起待用。
3. 锅烧热加适量油，放入海鲜菇炒熟，加点盐，蚝油，最后加少量清水，倒入西兰花、红萝卜煮一会就可以了。（大约30秒，煮太久，西兰花颜色会变得不好看）",5,3,3,500.0,120.0,11.5,2.0,19.9,1.1,182.0,3.7,211.5,60.0,100.0,0,4,1,0,legacy,"[""家常菜"",""快手菜"",""清淡"",""素菜"",""西兰花"",""蘑菇"",""红萝卜"",""炒"",""宴客""]","[""6"",""53"",""132""]"
108222,宫保鸡丁,宫保鸡丁,宫保鸡丁作为一道老少皆宜，口味大众的“万精油”家常菜，基本属于不会失败，众口皆宜的，贵州菜、鲁菜、川菜基本都有收录，贵州主要是糊辣，鲁菜则是酱爆，川菜则少不了豆瓣和糊辣壳。这里我就和大家分享一下平常我们家里的宫保鸡丁菜谱。,,1块鸡胸肉，半根黄瓜，半根胡萝卜，1把花生米，1根黄葱，1勺豆瓣，6个干辣椒，10粒花椒,"1. 首先是鸡胸肉的处理，把表面的筋膜处理掉，然后用刀背拍一下，切小块，一勺料酒、一点胡椒粉、适量盐、淀粉，用手捞匀。
2. 配料处理好，黄瓜最好把芯去掉，这样炒出来不会太水。花生米我用的生的，有油炸过的当然可以替代。
3. 然后调汁，一勺醋，大半勺糖，一勺生抽，2勺料酒，一勺耗油，一点鸡粉，一点淀粉。(拍的时候还没加淀粉，加了会白一点)
4. 锅内下油，先把花生酥一下，然后再倒入鸡丁滑一下油，定型，变色捞出。
5. 然后锅内倒出多余的油，剩下一些炒菜的，倒入花椒，爆出香味过后，捞出。加入一勺豆瓣炒出红油，再下蒜瓣和干辣椒爆香，再下胡萝卜和黄瓜跟鸡丁，翻炒几下倒入黄葱。
加入调好的料汁，略微翻炒收汁，出锅！！",8,4,5,318.0,245.6,39.7,4.78,12.68,3.77,46.2,3.0,115.3,62.5,100.0,0,8,0,0,legacy,"[""家常菜"",""下饭菜"",""快手菜"",""宴客菜""]","[""6"",""15"",""16"",""19"",""24""]"
108335,卤肉,卤肉（下饭神器）,万物皆可卤，只要掌握了调料的比例，你也可以做出大厨的卤肉。,,500克五花肉，1条猪大肠，3片姜，1片陈皮，3粒白蔻，1根葱，2个八角，3克甘草，1块桂皮，5片香叶，10克冰糖，2勺黄豆酱，1勺老抽，1勺生抽，半瓶啤酒,"1. 准备卤料，洗干净备用，白蔻拍碎。
2. 五花肉和猪大肠两面煎至金黄色。
3. 加入所有配料。
4. 倒入半瓶啤酒，1碗半的水。
5. 加入2勺黄豆酱。
6. 1勺老抽。
7. 1勺生抽。
8. 10克冰糖。
9. 烧开后慢火炖1个小时，切好上盘，淋上酱汁，完美🤤🤤
10. 五花肉香滑软绵绵，饭都多吃一碗🥣。（减肥者一定要控制住😄）
11. 猪大肠肥而不腻，一口咬下去，🈵口油脂的香味😊",15,3,4,893.0,1864.7,82.87,169.38,2.96,0.79,53.7,7.97,404.9,46.67,100.0,3,12,0,0,legacy,"[""卤肉"",""家常菜"",""下饭菜"",""肉""]","[""1"",""3"",""4"",""10""]"
108721,新疆大盘鸡,新疆大盘鸡,新疆大盘鸡又名为沙湾大盘鸡，是新疆名菜，起源于20世纪80年代，主要用料为鸡块和土豆块、洋葱等配皮带面烹饪而成。色彩鲜艳、爽滑麻辣的鸡肉和软糯甜润的土豆，辣中有香、粗中带细，是餐桌上的佳品。,,半只鸡，一勺豆瓣酱，半个个洋葱，3个土豆，8片姜，1瓶啤酒，十几粒花椒，5克糖，十个干辣椒，十瓣大蒜，一个八角，三个青椒，适量克茴香，1勺黄豆酱，1根黄瓜,"1. 1、鸡洗净，宰成大块，泡水，期间换水三-四次，换掉血水。
2. 2、洋葱小火慢炸，炸出香味，关火，待油稍凉。
3. 3、加入干辣椒、蒜瓣、姜、花椒、八角、茴香小火爆香。
4. 4、糍粑辣椒（贵州特产，可不加）、豆瓣酱、黄豆酱各一勺，冰糖适量，炒出红油。
5. 5、加入泡出血水的鸡，煸炒6分钟，把鸡皮的油也煸炒出最好。放半勺老抽、两勺海鲜酱油煸炒。
6. 6、加入一瓶啤酒、土豆块，盖上锅盖，小火焖煮20分钟。（啤酒要没过鸡肉和土豆块）
7. 7、加黄瓜是为了增色和增加清香味（可不加），继续小火焖煮10分钟。
8. 8、最后大火收汁时，加入青红辣椒及第一步油炸过的洋葱及剩余洋葱，出锅啦！
9. 9、个人很喜欢汤汁稍微多一些，可以拌面或者泡饭，太美味啦！",15,7,7,1589.0,602.2,20.63,3.85,130.79,13.07,161.9,6.07,76.2,53.33,100.0,1,12,2,0,legacy,"[""家常菜"",""下饭菜"",""下酒菜""]","[""2"",""3"",""5"",""11"",""12"",""19"",""24""]"
109037,清炒韭菜花,清炒韭菜花,吃起来甜甜的，没有韭菜味道大，也有了韭香。,,1把韭苗，1个红椒，2瓣蒜，半勺生抽,"1. 准备以上食材
2. 热油，加入蒜炒香
3. 加入韭菜花翻炒2分钟，加入水量水，焖一分钟。
4. 盖盖焖一会儿就变软了，然后加入红椒，加入盐，加小半勺生抽提鲜就可以了。",4,2,2,90.0,12.8,0.45,0.02,2.76,0.11,3.9,0.12,2.0,50.0,100.0,0,4,0,0,legacy,"[""快手菜"",""素菜"",""清淡"",""减肥"",""家常菜"",""炒""]","[""2"",""49""]"
109063,素馅蒸饺,素馅蒸饺,,,1斤面粉，适量盐，10朵木耳，1根胡萝卜，2个鸡蛋，1勺蚝油，2勺香油，半勺姜粉,"1. 面粉中加入盐，用80、90度左右的开水烫面，散开晾几分钟。
2. 不太烫手时和成面团，盖盖子醒一个小时。
3. 胡萝卜切碎，在锅中用油炒一下，胡萝卜经过油的炒才能有利于人体对营养的吸收。
4. 鸡蛋炒好切碎。
5. 泡发好的木耳焯水后切碎。
6. 加入香油、蚝油、一点点盐、姜粉搅拌均匀。
7. 饺子包成长形的。
8. 上锅蒸10分钟，关火后焖3分钟。
9. 调个蘸料趁热吃。",8,3,3,740.0,2033.8,78.72,17.64,396.58,11.3,283.8,29.28,297.4,50.0,100.0,1,6,1,0,legacy,"[""蒸"",""饺子"",""家常菜"",""中式早餐""]","[""6"",""7"",""33""]"
109356,肉末蒸芋头,肉末蒸芋头,"你见过香芋是这样子弄的吗？长这么大，我还是第一次香芋还有这种做法，没想到还非常美味，又爱上了香芋的另一种做法了。很多时候我看到香芋都是做成糖水啊，或者弄成其他，没见过用它来搭配肉末这么美味。
上面肉末是炒过的，肉末已经入味了，搭上香芋一起蒸，香芋的香味配上上面的肉末，味道非常香，非常入味，蒸的时候全部香味都焖再里面。喜欢吃香芋的朋友可以去做，你肯定会爱上的。",,1个香芋，适量猪肉末，适量香菇，适量小米椒，适量蒜末，适量葱花，适量白糖，适量生抽，适量蚝油，适量盐,"1. 香芋去皮洗净，切成长条状，就适量的盐，抓均匀，然后摆放在可以蒸的盘子中
2. 起锅烧油，加入蒜末，小米辣爆香，然后加入香菇，翻炒出香味
3. 然后加入肉末，炒散，翻炒一会
4. 然后再加入一勺白糖，生抽，好哟，少量盐，混合搅拌均匀
5. 肉末炒香后，淋在香芋上面
6. 再上锅蒸20分钟后即可
7. 蒸好取出，撒上葱花即可",10,6,6,100.0,0.0,0.0,0.0,0.0,0.0,0.0,0.0,0.0,50.0,100.0,0,1,9,0,legacy,"[""香芋"",""肉末"",""蒸"",""家常菜"",""快手菜"",""芋头""]","[""1"",""2"",""4"",""18"",""23"",""270""]"
109360,鲜美无比改良版的艇仔粥,鲜美无比改良版的艇仔粥,"在海鲜粥的基础上做了改良版的艇仔粥
算不上正宗
但是鲜美到全家喝不够的节奏已足够


灿若晨曦 自带阳光🌞
为家人烹饪各种美食是个人爱好🥘
分享点滴的小确幸是对生活的尊重🌸

小婷食光新浪微博：
https://weibo.com/u/7384442219",,8到10只大虾，5到6只海参，6朵香菇，1个鸡蛋，70ml大米，1勺香油，1勺鱼露，1调料勺盐，2根油条，3到4棵小白菜或油菜，1小碗花生米,"1. 大米洗净提前泡半小时，水里倒一点香油；香菇切片提前放油煸炒出香备用；花生米炒香；青菜切丝；鸡蛋打成蛋液后煎成蛋饼切丝；
2. 提前泡发的海参切段；大虾去头，头不要扔掉后面还有用；油条切丝烤箱加热至酥。
3. 锅内倒油，放入虾头煸炒至出油
4. 砂锅内水烧开，将煸炒出的虾油连同虾头一并倒入锅内，放入泡好的米和煸炒好的香菇
5. 煮到米开花，米汁黏稠后将虾头捞出
6. 倒入青菜和大虾
7. 加入海参
8. 放入鸡蛋丝，加入一勺盐，倒入适量香油，有鱼露的话来一点。
9. 放入烤酥的油条和花生米，再加入一点香菜提香。
10. 味道鲜美无比。",11,6,7,1640.0,1864.9,256.12,27.49,149.98,5.28,1257.0,71.53,4250.6,63.64,100.0,1,8,2,0,legacy,"[""粥"",""家常菜""]","[""7"",""16"",""20"",""23"",""189"",""234"",""590""]"
109396,重庆辣子鸡,重庆辣子鸡,"辣子鸡算得上重庆的特色菜了 重庆人都知道歌乐山的辣子鸡是重庆最好吃的辣子鸡 有次外地的朋友来重庆 带她去吃了一次歌乐山辣子鸡 她一直对辣子鸡的味道念念不忘 今天炒了一大盆😂等会打包给她寄去 满足她对辣子鸡的思念😄
当然 除了我朋友 我本人也是非常爱这道菜 番茄爸也爱 已经连续吃了两天辣子鸡面了😂",,8只鸡腿，200克干红辣椒，适量花椒，一块姜，三个（独蒜）蒜，适量盐，适量料酒，克白糖，适量白芝麻，适量生抽，克糖，适量五香粉,"1. 鸡腿洗净切成小丁（我去了骨头 因为家里刀不行😂）放料酒 生抽 盐 姜末 五香粉腌制四小时 让鸡肉充分腌制入味 这个步骤盐一定要放够 不然后面再加盐是入不了味的
2. 锅里倒入油 能淹过鸡腿丁的量 烧热后 放入鸡腿丁
3. 炸至金黄捞出 这个步骤大家可以根据自己喜欢的程度来操作 我本人是比较喜欢炸得干一点的 不过考虑到给朋友寄出得花两天时间 可能会越变越干 所以这次没有炸到很干
4. 锅里留油 先放入蒜末花椒炒香 再放入干辣椒炒出辣味 注意观察火候 别把辣椒炒糊 后面放入鸡腿丁还要炒一会 所以炒到图中的颜色就可以了
5. 放入鸡腿丁翻炒 将辣味炒入鸡腿丁 最后加少许白糖调味 再撒上一把芝麻 这个时候 闻到香味你一定会流口水 我就是这样😂😂😂
6. 这次炒了16个鸡腿 所以 就是这么大一盆😂 锅都差点炒不下😄
7. 辣椒大家根据自己能接受的程度开放啊 毕竟不是人人都有重庆妹子能吃辣 不过这道菜如果不辣也就不是辣子鸡了 
每次和番茄爸吃都会有种停不下来的感觉 越吃越想吃",12,4,5,1183.0,2014.5,224.7,93.2,110.36,83.78,32.0,29.57,718.7,41.67,100.0,1,3,8,0,legacy,"[""辣"",""下饭菜"",""家常菜""]","[""2"",""3"",""24"",""36"",""589""]"
109481,黄油拌饭,黄油拌饭,黄油拌饭是日本的米饭吃法之一，方便快捷，简单好做，味道也很不错，别以为黄油放上去就会很油腻腻的，可是和日式酱油搭配后真的是一道好吃的不得了的料理呢，亲们可以尝试下哦！,,2碗米，3克黄油，少许日式酱油,"1. 猫猫米饭专场哦，和大家分享一款简单方便的米饭吃法，呵呵~首先在电饭锅内放两碗米，洗干净，米的多少看亲们要多少人吃咯，可以随意加减的！
2. 加入清水，蒸饭猫猫的经验是水没过米大概2厘米高吧，反正交给电饭锅咯，猫猫相信电饭锅，注好水，盖上盖，按下蒸饭键，完成，等着香喷喷的米饭蒸好啦！
3. 在等蒸饭的时间内，准备其他的东东吧，小碗，日式酱油，还有这次的主角黄油！
4. 叮~饭蒸好啦，绝对香喷喷的！
5. 趁热，一定要趁热哦，拿小碗把米饭盛好！
6. 在米饭热热的时候用小勺挖一点点黄油放在米饭上！
7. 迅速用热热的米饭把黄油埋起来，这样大约等待30秒，用米饭的温度把黄油完全烫化！
8. 在倒上日式酱油，酱油量亲们可以根据自己的口味调整！
9. 拌匀，要充分拌匀才好吃，呵呵！
10. 最后，香喷喷的黄油拌饭就做好啦，快捷方便，简单好做，祝亲们好胃口哦！",3,1,1,100.0,346.0,7.9,0.9,77.2,0.6,8.0,1.1,1.8,33.33,100.0,1,1,1,0,legacy,"[""懒人食谱"",""原味"",""夜宵"",""家常菜"",""小吃"",""快手菜"",""拌"",""日本料理"",""早餐"",""热菜"",""电饭煲"",""私房菜"",""蒸"",""午餐"",""主食""]","[""20""]"
109565,电饭煲炖土豆牛肉,电饭煲炖土豆牛肉,在国外留学的时候，一切都以方便省事为主，有一个电饭煲其实可以煮出很多美食。比如这道菜，我用来招待英国人，一点都不逊色餐厅的食物。,,200克牛肉，1个土豆，2个西红柿，1个洋葱，小的3根萝卜，个人口味葱姜蒜，3勺料酒，3勺生抽，2勺老抽，个人口味盐和黑胡椒，2勺醋，个人口味青红辣椒,"1. 食材如图，牛肉用开水冲洗后，加入1勺料酒，1勺醋，1勺生抽，1勺老抽腌制10-15分钟。
2. 牛肉腌制期间，洗切好西红柿、红萝卜、土豆洋葱和葱姜蒜
3. 开大火，加入适量油，倒入葱姜蒜爆炒出香味
4. 倒入腌制后的牛肉，翻炒
5. 在小碗里的是1勺糖，1勺生抽，1勺料酒和1勺醋，倒入锅中，翻炒一下
6. 倒入西红柿，红萝卜和土豆洋葱，翻炒片刻
7. 连汤汁一起倒入电饭锅，不需加任何水
8. 选择炖品功能，时间为1小时
9. 在约为30分钟时，可以打开电饭煲加入最后1勺生抽和料酒，并翻搅将上面的部分搅拌至下面。盖上再煮半小时，开盖加入适量盐巴和黑胡椒即可。
10. 装盘，配上米饭，我们两个人将一锅的炖牛肉连汤汁全部吃完。非常的美味和营养！
11. 亚力克斯一个人吃了3盘
12. 盘盘精光……我这待客之道还是可以滴，电饭煲给力！",12,5,5,1000.0,579.5,49.45,18.7,59.8,3.0,205.5,6.1,325.9,41.67,100.0,1,8,3,0,legacy,"[""电饭煲"",""家常菜"",""红烧"",""炖""]","[""5"",""8"",""12"",""14"",""59""]"
109586,水芹菜炒香干,水芹菜炒香干,水芹菜有股奇特的香味，和香干是绝配，不过这道菜换成香芹也一样好吃。,,1把水芹，3—5块香干，150克猪肉，半头蒜，3—5个朝天椒，2—3个青椒，1勺老抽，2勺生抽,"1. 香干切片，青椒、朝天椒斜切片，蒜拍碎或切片。
2. 水芹菜洗净，切段。
3. 猪肉切粗丝。
4. 锅中热油，倒入肉丝翻炒。
5. 肉丝变白，加入少许盐，1小勺老抽上色，盛出。
6. 锅中再热油，倒入青红椒片和蒜片，炒出香味，倒入香干炒匀，再倒入水芹菜段，视情况放盐（有的香干本身带咸味）。
7. 倒入炒好的猪肉，一起翻炒，最后加两勺生抽后，盛出即可。",8,4,4,1042.5,848.0,47.03,62.82,27.57,0.03,706.9,13.35,596.0,62.5,100.0,1,7,0,0,legacy,"[""家常菜"",""快手菜"",""豆制品""]","[""2"",""4"",""11"",""95""]"
109897,泡椒牛肉～超嫩,泡椒牛肉～超嫩～（by sususu726）,在法国留学中 四川人😁大部分都做川菜 自从发现法国超市也可以买到类似国内的泡椒后 无数的菜都可以用上泡椒了  各种菜的辣度也上升了几个度啊哈哈哈,,用来炒的牛肉，腌肉调料，一点点（因为炒的时候还要加）生抽，孜然粉，料酒，就是淀粉加水水淀粉，五香粉，黑胡椒粉，一点点盐，炒制牛肉时，泡椒和泡椒水，泡姜最好姜片，蒜片，干辣椒，生抽，老抽，醋，味精或鸡精，花椒,"1. 先来一张我在法国super u 超市买的泡椒，还有同款的泡红椒哈👆当然国内的同学到处都可以买的到哈
2. 先将买来的牛肉切成小丁或者小片，这个看个人的喜好，用上面所有的腌料和牛肉拌匀，腌制至少15分钟（我是腌制了一夜）。
3. 开大火，倒适量的油，油已经9成熟了后
（别问我9成熟是多少哈哈哈哈，反正我觉得炒肉的油温需要已经比较高了后再下肉，这样肉会比较嫩）。牛肉变色后立刻盛起来待用。
4. 重新开大火，倒入适量的油，放入蒜片和姜片，花椒，干辣椒，和泡椒，炒出香味后倒入一些泡椒水。
5. 倒入刚刚炒过一下的牛肉，倒入生抽，一点点老抽，鸡精或者味精。（个人建议可以放一点点糖，是可以提鲜味的，不放也没什么的。）
6. 炒到大概差不多的时候就可以起锅装盘了～一盘嫩的不行的泡椒牛肉就出锅了，因为我特别喜欢吃辣，泡椒还是多放了几个的～好好享受吧～✌",19,1,1,0.0,0,0,0,0,0,0,0,0,10.53,0.0,0,0,19,0,legacy,"[""快手菜"",""家常菜"",""牛肉"",""辣"",""泡椒""]","[""2""]"
110038,炸空气炸锅健康版干煸四季豆,快手无油炸空气炸锅健康版干煸四季豆,"因为很爱吃干煸四季豆，但是在做的时候发现无论怎么炒或者煎都不能做出来油炸那种褶皱，突然有天想到可以用空气炸锅试试没想到还不错～快手又健康 ✌因为在哺乳期不能吃辣，所以没放。大家可以自行添加哦。️
还是那句话我做菜比较佛系，所以在调料用量大家可以根据口味自己掌握哦，我没有直接精准到多少克，就是随手倒的。请小伙伴们见谅～😂",,500克四季豆，1头蒜，适量蒸鱼豉油，适量老抽，适量蚝油，1根香葱，2片姜，适量油,"1. 超市四季豆打折所以买了些只要$2.8， 澳洲的豆角跟在国内吃的有小小差别是酱婶儿的。出国前不管是麻麻教育我还是电视上说豆角一定要煮熟不然会食物中毒拉肚子呕吐等，但是神奇的澳洲豆角就不会，一些泰国餐厅甚至还会直接拿他们生吃做沙拉。
2. 豆角掐头去尾即可，因为不是老豆角没有很多丝，放在空气炸锅中200度，10-15分钟，喜欢吃嫩一些的就10分钟喜欢吃焦脆一点的就15分钟。
3. 我这个是15分钟的。
4. 葱姜蒜切末，我老公比较喜欢吃蒜，所以切了很多，可以根据自己的喜好调整。
5. 我选的无骨去皮鸡腿肉（thigh fillet）来做肉馅，超市里面都有卖，很方便省的自己去皮去骨，汁水比较多。或者买切好的鸡肉馅也可以。因为一般超市卖切好鸡肉馅是鸡胸肉比较干，所以我选择麻烦点自己剁。
6. 先切条再切小块。
7. 剁成馅。
8. 热锅烧油，倒入葱姜蒜，炒至出香味。
9. 放入鸡肉馅翻炒至鸡肉变色。
10. 倒入蒸鱼豉油，蚝油，觉得颜色不够深的可以加些老抽，已经很咸了所以就没放盐。
11. 最后加入刚才空气炸锅做好的豆角翻炒片刻就可以出锅啦～",8,4,4,531.0,136.5,10.59,1.15,33.52,0.63,228.5,3.41,26.4,50.0,100.0,1,3,4,0,legacy,"[""快手菜"",""素菜"",""家常菜"",""单身食谱"",""炸"",""煸""]","[""1"",""2"",""3"",""136""]"
110193,卤牛肉鲜蔬焖饭,【卤牛肉鲜蔬焖饭】,"开袋即食的卤味在没有时间准备菜肴的情况下，是一项不错的选择。
而金字出品的不添加防腐剂的卤牛肉更是有多种多样的食法。
卤味冷盘、凉拌沙拉、炒菜下面……
卤牛肉拥有着无限的可能性呢！",,150g金字卤牛肉，1/2个小南瓜，1个胡萝卜，250g泰国香米，1根小葱，2汤匙生抽，1汤匙老抽,"1. 泰国香米洗净浸泡15分钟。
2. 胡萝卜切滚刀块，小南瓜取一半去籽去皮切块备用。
3. 浸泡后的大米加入2汤匙生抽、1汤匙老抽调味。
4. 金字卤牛肉切成小块。
5. 加入切好的胡萝卜块和南瓜块、卤牛肉块搅拌均匀。放入电饭煲，按“煮饭模式”。
6. 煮好后撒上葱花。",7,4,4,580.0,87.5,3.76,2.08,15.05,2.86,45.6,1.33,86.7,57.14,100.0,2,5,0,0,legacy,"[""快手菜"",""儿童"",""老人"",""便当"",""宵夜"",""卤"",""焖"",""饭""]","[""1"",""6"",""278"",""375""]"
110202,凉拌手撕鸡,凉拌手撕鸡,,,2个鸡腿，半个甜椒，5根小葱，一大块老姜，3瓣蒜，2克芝麻，1根大葱，10粒花椒,"1. 一个大鸡腿（我这个是整鸡上砍下的鸡腿较大，如果是买的冷冻鸡腿可以用2个）加水、葱、老姜、料酒煮熟，用筷子可以轻松插入且没有血水冒出。捞出，冷却。
2. 锅烧热油，加入大葱段、红椒丝稍微翻炒20秒左右（也可以直接用生的）捞出放入盆中
3. 煮熟的鸡腿冷却后撕成小块，加入小葱段，也可以加入香菜段。
4. 姜、蒜切碎，加入花椒、芝麻、辣椒面，油烧热泼入，激出香味。
5. 将上面的调料倒入盆中，加少量盐、生抽、白糖、醋，拌均匀。
6. 盛盘，上桌。",8,6,7,392.0,410.0,51.23,18.49,10.56,1.2,61.5,5.56,186.5,87.5,87.5,1,6,0,0,legacy,"[""凉拌"",""凉菜"",""家常菜"",""下饭菜""]","[""1"",""2"",""3"",""24"",""26"",""194"",""589""]"
110315,梅子排骨,快手梅子排骨,这是在暖暖的味道里的学的一道快手菜自己改进了一点点,,500克精排，1头大蒜，4颗雪梅，少许花椒，半颗大料，6粒单晶冰糖，少许姜片，半根大葱段，4汤匙料酒，4汤匙美味鲜酱油，少量自己掌握主要调咸淡的蚝油,"1. 首先准备一头大蒜，去皮保留整颗蒜粒，平底锅放入适量油，放入大蒜煎成蒜油，之后放入花椒大料。
2. 继续放入排骨（用厨房纸吸干水分）进行煎，主要目的是去除排骨里的水分，排骨表面焦黄即可关火。
3. 快手的终极武器就是高压锅。把平底锅里的食材控油后放入高压锅，依次放入大葱段、姜片、冰糖、雪梅、酱油、料酒、蚝油，最后根据排骨的量倒入开水，一般是到排骨的一半高度就可以，因为我们的排骨是煎过的，放过多的水口感就不会是外面有嚼劲里面柔软的了！
4. 你只需要静静等待，我用的是电高压锅自动选择排骨这个选项就可以，燃气灶用的高压锅只需要大火十分钟。到时间后需要把锅内的排骨与酱汁（之前放入的液体已经变成浓稠的酱汁）搅拌均匀，出锅即可！",11,3,3,55.0,19.9,1.03,0.21,3.83,0.76,38.0,0.71,6.2,27.27,100.0,1,7,3,0,legacy,"[""家常菜"",""下饭菜"",""快手菜""]","[""1"",""2"",""3""]"
110344,双茄罗勒炖鸡胸,双茄罗勒炖鸡胸,"低热量 下饭神菜
拌面也超级棒",,三块鸡胸肉，4－6个番茄，1－2个茄子，一个洋葱，适量意式混合香料，4瓣蒜，适量橄榄油，适量白胡椒粉，适量盐，适量糖，适量黑胡椒碎，适量料酒，适量朝天椒，2只柠檬,"1. 鸡胸肉斜切大块，加料酒、白胡椒、黑胡椒碎、适量盐，腌制半小时。

番茄切块，茄子切滚刀块，洋葱切丝，蒜切片，朝天椒切圈。

鸡胸肉腌制好后，用不粘锅锅煎至两面金黄，盛出备用。

锅里放适量橄榄油，炒香蒜片和朝天椒，加
洋葱丝炒香，下番茄块炒至出汁，加适量糖和盐，挤入柠檬汁，等番茄汁足够多后，倒入茄子翻炒均匀。

这个时候看水量是否能没过蔬菜，如果不够加点热水，加混合香料和适量黑胡椒，倒入鸡胸肉，关小火慢炖半个小时以上，出锅放香葱碎即可。",14,7,8,1620.0,826.6,123.05,12.89,63.72,6.77,322.3,9.44,283.3,57.14,100.0,0,6,8,0,legacy,"[""减肥"",""下饭菜"",""减脂"",""低热量""]","[""2"",""5"",""14"",""15"",""22"",""24"",""95"",""110""]"
110353,杏鲍菇麻辣家常豆腐,杏鲍菇麻辣家常豆腐,让我写故事？好吧，某一天我发现冰箱里的豆腐快过期了，西红柿也分外柔软…香菜有点蔫儿，葱也快只剩葱白了,,1块豆腐，1个杏鲍菇，1、2个西红柿，6个生花生，半汤匙水淀粉，1汤匙生抽，几滴老抽，1/3汤匙糖，一根葱，2薄片姜，2瓣蒜，按照口味干辣椒，按照口味花椒，几滴香油，3-5克盐，1颗香菜,"1. 豆腐根据喜好切块，杏鲍菇切片，西红柿去皮去头切小块（越小越好），葱切段，姜蒜切丝，花生稍微弄碎
2. 准备酱汁：两汤匙水，一汤匙生抽，几滴老抽上色用，1/3汤匙糖，几滴香油，半汤匙水淀粉，适量盐（看个人口味，我一般加3-5克），搅拌均匀
3. 冷锅冷油，放花椒，中火慢慢炸一下，然后花椒捞起扔掉
4. 生花生和干辣椒一起放入锅内，中小火煎10分钟
5. 转大火，油热后放入葱姜蒜炝锅，香味出来后直接倒入切好的豆腐，中大火单面3分钟后翻面
6. 豆腐翻面1分钟后，倒入小块西红柿，转大火，尽量用锅铲把西红柿在锅子的空余地方按压一下（不要弄碎豆腐），倒入杏鲍菇切片，然后直接倒入酱汁，大火收汁，随时晃一下锅子避免沾底，加香菜装盘～",15,4,4,1080.0,372.3,27.84,21.35,21.62,1.42,339.7,5.59,32.0,46.67,100.0,1,9,5,0,legacy,"[""家常菜"",""快手菜"",""素菜""]","[""1"",""2"",""9"",""83""]"
110637,家庭版毛血旺,超级好吃下饭的家庭版毛血旺,毛血旺以鸭血为制作主料，烹饪技巧以煮菜为主，口味属于麻辣味。起源于重庆，流行于重庆和西南地区，是一道著名的传统菜式。这道菜是将生血旺现烫现吃，且毛肚杂碎为主料，遂得名。 毛血旺是重庆市的特色菜，也是渝菜江湖菜的鼻祖之一，已经列入国家标准委员会《渝菜烹饪标准体系》。麻辣诱惑对传统的毛血旺进行了改良和创新，将其汤汁红亮、麻辣鲜香、味浓味厚的特点不断发扬光大。,,1小块小铺火锅底料，2勺小铺豆瓣酱，8勺小铺菜籽油，3勺小铺辣干碟，4根小铺春笋，适量小铺宽粉，3勺生抽，1勺耗油，5克盐，1勺鸡精，7瓣大蒜，2根葱，1块鸭血，200克黄豆芽，100克海带，300克百叶+千层，8片火腿，1根大肠，5克白糖,"1. 1.小铺干宽粉，提前热水泡上，大约泡7小时左右
2. 2.锅里放凉水，放入泡好的宽粉，开锅后煮5分钟左右，盛出放入凉水里备用！
3. 3.锅中放冷水，放入黄豆芽，海带，开锅后转小火煮10分钟，捞出备用！
4. 4.大蒜+葱切碎备用
5. 5.锅里放适量小铺菜籽油，油三成热时候，转小火，放入大蒜，葱炒香后，下入小铺火锅底料+豆瓣酱继续翻炒，炒香后加入热水
6. 6.水里加入生抽，耗油，盐，鸡精，调味后开锅放入黄豆芽，海带，春笋，再次开锅后，捞出放入碗里，在放火腿+大肠，再次开锅后，捞出放入碗里，在放宽粉煮10秒捞出放入碗里，放入鸭血，再次开锅后放入碗里，最后放入千层+百叶，30秒后捞出！
7. 7.把汤加一点糖倒入盛毛血旺的碗里。上面撒上大蒜粒，葱花，小铺辣干碟，锅中倒入比较多点的菜籽油，油热后泼在辣干碟上，撒点芝麻做装饰。一道家庭版的毛血旺就完成了！
8. 8.别看颜色红，吃起来可是不是很辣",19,5,5,1095.0,698.8,69.8,30.71,38.22,4.17,145.4,37.28,3853.0,42.11,94.44,5,12,1,0,legacy,"[""下饭菜"",""快手菜"",""家常菜""]","[""1"",""2"",""68"",""150"",""322""]"
110847,牛肉馅饼,牛肉馅饼,"如果说有一个食物是人们的最爱，那一定是肉啦
皮薄，馅大或许只有在家可以吃到了吧
自己做馅饼，想瘦就瘦，想肥就肥，味道又甩外面卖的几条街
说一说 我又想吃了，我退下再去吃一个 😁",,面团，500g面粉，300g水，肉馅，500g牛上脑馅，半个切碎洋葱，适量姜末，适量酱油，1勺干黄酱，盐，胡椒粉，香油，植物油，鸡精,"1. 称好面和水，在面中一点点加入水，用一根筷子搅拌
2. 直至成团 
3. 用手揉匀，成团，盖盖醒一会
4. 花椒洗净以后，用温水泡半个小时以上 
5. 干黄酱一勺，加入适量生抽搅拌均匀 
6. 调制肉馅时，要一点点加入花椒水，一个方向搅拌。馅的瘦肉多可以多放水，肥肉多可以少放水。每次放完花椒水，搅拌至粘稠有弹性再继续加。
7. 加入姜末、白胡椒粉、酱料、洋葱、香油+植物油，盐，搅拌均匀
8. 搅拌均匀后放冰箱冷藏。或将肉馅提前一晚做好后可以放冰箱冷藏，第二天早上再放入洋葱搅拌均匀
9. 醒好的面团拿出揉匀 ，分成15份，擀皮，包入肉馅
10. 锅中放入多一点的油，可以不用擀，放在锅里用手按扁 。也可以擀成厚饼再放入锅中烙。",14,2,2,575.0,1825.0,62.83,8.65,377.25,4.67,158.0,7.45,73.8,28.57,100.0,3,2,9,0,legacy,"[""家常菜"",""下饭菜"",""饼""]","[""3"",""5""]"
110867,海鲜菇炒青椒,海鲜菇炒青椒,"卖相为王的时代，但我还是喜欢自娱自乐，真实的呈现
健康时蔬，减肥期的我最合适！比较懒，青椒没有切丝，卖相不重要，好吃更重要，我觉得自己是个比较简单的人，哈哈，可能是太随意了吧。",,2个青椒，30根海鲜菇，3根小葱，1勺蚝油，少量盐，少量鸡精,"1. 海鲜菇切成两截，热锅下油，油热下葱叶，然后下海鲜菇爆炒，加入生抽一勺，炒2分钟后下青椒爆炒
2. 加入一勺蚝油，爆炒一分钟，加盖子中小盘火闷半分钟，揭盖加盐，爆炒几下，加鸡精出锅！
3. 吃吃吃",6,3,3,1690.0,43.3,1.76,0.6,9.79,0.42,39.2,0.87,14.3,50.0,100.0,0,4,2,0,legacy,"[""减肥"",""素食"",""素菜"",""宴客菜"",""下饭菜"",""海鲜"",""炒""]","[""1"",""11"",""132""]"
111163,红烧肉土豆炖豆角,红烧肉土豆炖豆角,红烧肉的做法很多，我就是随心所欲，个人觉得味道不错，还放了两个煮鸡蛋，沾汤吃也味道很好，本来想放点粉条，没来得及😂️,,2个土豆，2个八角，2勺生抽，半勺老抽，1勺料酒，1勺耗油，适量五花肉，适量盐，适量鸡精，1勺十三香，2勺糖，适量豆角（豆王），2个鸡蛋，2个红干椒，2根葱，3瓣蒜,"1. 为啥说豆角用豆王那，因为豆王怎么炖都不会烂，好吃，入味，所以推荐各位炖排骨等需要长时间的东西，配菜可以选择豆王
土豆去皮，切块，跟洗干净的豆角一起放盆里，放水，（防止土豆氧化变色）
2. 五花肉切块，冷水下锅，八角，料酒，葱，辣椒一起放进去，这一步为了去腥，我大概焯水半小时（炖的时间可以缩短）
3. 切的不太好看，娃放学饿了就没顾得上冷冻，追求完美的可以放冰箱稍微冻一下，拿出来再切，会更完整一点
焯水后的肉冲凉去浮沫，放在帘子上控水
4. 锅里油不用多，下入五花肉煸炒，煸炒稍微变色放：八角，辣椒，糖，生抽，老抽，耗油，（调色）
5. 煸炒上色以后，放备好的土豆和豆角继续扒拉，扒拉到豆角变成翠绿色，添水，别抠搜放不点水奥，红烧肉就要软糯。不怕炖😜️，中途不能添水，我这是跟食材一平的，没有沫过，添水以后把扒好的鸡蛋放进去，加盐，十三香，鸡精（调咸淡）
6. 土豆顿到一压就碎了才好吃哦，鸡蛋是用勺子压出来的表情，尝一下肉。也很烂，那就不用再盖锅盖了，直接收汁，这样不会有水蒸气掉进锅里，收汁更快，剩一点汤汁就行了，不要完全收干，会影响口感
，我家娃最喜欢这个土豆和豆角，鸡蛋不耐受不能吃，肉只能吃肥肉，瘦肉塞牙，哈哈，吃饭了，下次见",16,6,7,635.0,406.6,21.89,9.31,60.92,3.75,97.2,3.24,154.2,43.75,100.0,0,12,4,0,legacy,"[""家常菜"",""下饭菜""]","[""1"",""2"",""4"",""7"",""10"",""12"",""84""]"
111430,夏天配粥最舒服的毛豆炒酱瓜,夏天配粥最舒服的毛豆炒酱瓜,"这么热的夏天，喝碗粥是再好不过的了，再来点甜蜜蜜的酱瓜炒毛豆，色一色一。

这道菜不光下饭配粥，最主要材料简单操作简单👏",,250克毛豆，100克酱瓜（甜），3片老姜,"1. 剥半碗毛豆子，买现成的也行，洗净
2. 酱瓜切小丁。在这里说明，酱瓜一定要用甜的那种。这个我是在朱家角酱园买的，事实证明另外一种默默黑的更干的炒出来更好吃
3. 步骤其实超简单，油热后爆香姜片，先下毛豆子翻炒，一两分钟断生后下酱瓜翻炒
4. 接下来就加水，没过酱瓜就好，开小火炖，直到毛豆子酥了就好，期间可以尝试一下汤汁味道，一般不用加任何佐料就已经很好吃了。
5. 毛豆子到了你喜欢的口感后开大火收汁，把汤汁都收干就能起锅了！",3,2,2,310.0,355.1,33.53,12.86,32.43,11.62,353.7,9.59,18.7,66.67,100.0,2,1,0,0,legacy,"[""快手菜"",""家常菜"",""早餐""]","[""3"",""129""]"
113693,西兰花梗别扔️做浓汤吧️,西兰花梗别扔❗️做浓汤吧❗️,"减少厨余垃圾大法！这样做既不浪费又美味！

西兰花梗的味道真的不比上面的部分差～扔掉实在太可惜啦！拿来做浓汤吧！",,1个西兰花梗，2个土豆，1/2个洋葱，1瓣大蒜，适量饮用水，少许喜马拉雅粉盐，少许现磨黑胡椒,"1. 将西兰花梗比较老的外皮去掉。
2. 切成厚片。
3. 土豆去皮切块，洋葱切丝。
4. 将饮用水烧开，把土豆放入沸水中，煮8分钟，然后加入西兰花梗和洋葱继续煮5分钟，直到土豆软烂。
5. 将煮好的食材沥水后放入搅拌机，加入大蒜、喜马拉雅粉盐和现磨黑胡椒，再加入少许的煮食材的水，搅打成细腻顺滑即可。
6. 味道真的不错哟～快来试试吧！",7,3,3,705.0,369.4,11.32,1.21,81.78,6.05,95.0,3.06,31.9,71.43,100.0,0,4,3,0,legacy,"[""汤羹"",""素食"",""浓汤"",""蔬菜"",""清淡""]","[""2"",""5"",""12""]"
113758,甘蓝蚝油蛋炒饭,甘蓝蚝油蛋炒饭,甘蓝跟耗油真的是绝配！超好吃！,,四分之一个甘蓝，适量生抽，三个鸡蛋，适量蚝油，一根火腿，适量盐，适量鸡精,"1. 鸡蛋三个打散，火腿一根切丁，甘蓝小半个切丝，准备好过夜米饭🍚 
锅中抹薄油，下鸡蛋煎成小块。

2. 
锅中热油（油比平时炒菜要多些），下火腿丁炒出香味，接着下甘蓝丝适量酱油耗油鸡蛋翻炒均匀，转小火放入隔夜米饭翻炒均匀后转中火炒五分钟，加入适量盐鸡精调味出锅～",7,1,1,180.0,238.2,24.3,13.92,4.11,0.0,85.8,2.7,638.6,28.57,100.0,0,3,4,0,legacy,"[""快手菜"",""快手早餐"",""清淡"",""素菜"",""中式早餐"",""炒"",""饭""]","[""7""]"
114762,糯糯的板栗烧排骨呀,糯糯的板栗烧排骨呀,"秋天是吃板栗的季节呀！
糯糯的板栗吸入浓浓的红烧汤汁，让人欲罢不能呢…",,500克排骨，400克板栗，15克冰糖，3个八角，10克桂皮，2-3片香叶，2个干辣椒，2根葱，3-4片姜，3-4瓣蒜，3勺生抽，1勺蚝油，3-4克盐，15克食用油,"1. 排骨清洗干净，冷水入锅，大火烧开。
2. 水烧开，撇清浮沫。
3. 焯过水的排骨捞出清洗干净备用。
4. 板栗去皮洗净备用。（新鲜板栗去皮真的是一言难尽，只留下两个疼到现在的大拇指甲，推荐一个最好的方法，直接买剥好的吧😅）
5. 调料准备好，两根小葱打结。（我家用姜粉替代姜片，小伙伴们这一步不要忘了姜片）
6. 热锅倒油，放入冰糖炒糖色。
7. 小火慢慢的熬，把冰糖熬化。
8. 糖色炒好后倒入排骨，转中火迅速翻炒，然后每个排骨的每一面都均匀沾上颜色。上了色的排骨格外诱人😍
9. 加入姜片、蒜瓣、八角、桂皮、香叶、干辣椒翻炒出香味。
10. 翻炒两三分钟爆出香味后加入热水，没过排骨，再加入生抽和蚝油。
11. 把葱结放进去，盖上锅盖中小火炖30分钟，中间随时看一下，葱结煮到软烂后就要捞出来丢掉。
12. 水烧到只剩一半时倒入板栗，搅拌均匀，继续炖10-15分钟。
13. 最后加入盐调味，转大火收汁。
14. 盛出装盘，撒上葱花即可。",14,4,4,474.0,803.6,18.74,3.35,179.65,9.0,99.1,5.47,66.4,35.71,100.0,6,8,0,0,legacy,"[""家常菜"",""红烧"",""焖"",""下饭菜""]","[""1"",""2"",""3"",""169""]"
114791,鸡蛋番茄饼,鸡蛋番茄饼,"番茄炒蛋是一道非常常见的一道家常菜，人人都吃过。那么今天就来个不一样的番茄配鸡蛋，同样都是番茄鸡蛋，外形就相差甚远了，不过味道什么差不多。
今天这个有点像饼的感觉，吃起来没有炒的那么浓郁，煎的时候水分不能太多，太多会不定型，不过吃起来口感很好，嫩滑有感觉有点嚼劲的那种，可以尝试哟，番茄炒蛋又多了一道不一样的了。",,2个西红柿，2个鸡蛋，适量葱花，适量面粉，适量盐,"1. 西红柿洗净切稍微厚一点的片，也不要太厚了
2. 切好有，把里面的果肉挖出来，放碗中备用
3. 碗中的番茄果肉用勺子压碎，打入2个鸡蛋，葱花，适量面粉和盐，搅拌均匀备用
4. 起锅烧油，放入一圈圈的番茄，然后把搅拌好的面糊勺到番茄圈中，让它稍微煎一会，待定型后翻面
5. 两面煎至定型后捞出",5,3,3,300.0,169.0,14.9,9.0,9.0,0.0,64.0,2.0,150.9,80.0,100.0,0,2,3,0,legacy,"[""番茄鸡蛋"",""快手菜"",""家常菜""]","[""1"",""7"",""14""]"
114971,牛脊骨汤,牛脊骨汤,这年头猪骨好贵，还不如吃牛骨,,2斤牛脊骨，半根胡萝卜，1个杏鲍菇，半把金针菇，1个土豆，适量虫草花，半块桂皮，2片香叶，8粒花椒，2片姜，1个八角，1个干辣椒，适量料酒，适量盐，适量味精，适量葱,"1. 牛脊骨洗净，放入砂锅，放入葱，姜，香叶，八角，桂皮，香叶，花椒，料酒，加入清水，将水烧开直到牛脊骨不出血
2. 撇去浮沫
3. 把牛脊骨上面的浮沫用温水洗净
4. 砂锅里放入油，把姜，香叶，八角，桂皮，葱，干辣椒在油里爆一下
5. 把灼好水，冲干净的牛脊骨放入砂锅，适当翻炒
6. 加入温水，料酒煮30分钟
7. 杏鲍菇，胡萝卜，土豆，金针菇，虫草花洗净切好备用
8. 加入配菜（金针菇晚点放），放入盐，小火20分钟
9. 关火焖15分钟，再小火10分钟，放入金针菇至金针菇熟，就可以吃啦，喜欢吃软一点的朋友，肉可以多煮一会儿",16,6,6,1327.0,188.7,6.71,0.89,41.3,5.56,40.6,2.43,58.0,50.0,100.0,1,10,5,0,legacy,"[""汤羹"",""家常菜""]","[""1"",""3"",""6"",""12"",""46"",""83""]"
115021,冬瓜肉丸汤,家常菜-冬瓜肉丸汤,又是吃冬瓜的季节，当然冬瓜吃法太多了，我家喜欢吃冬瓜丸子汤，尤其孩子们喜欢,,适量冬瓜，100克肉泥，适量水，适量葱花，适量盐，少许鸡精，少许香菜，步骤1-3调肉泥材料具体见下,"1. 肉泥100克准备好，里面加葱末15克，姜末1.5克，糖2克，料酒2克，味极鲜鲜酱油12克
2. 一定要朝一个方向搅拌均匀
3. 还是朝同一个方向分次加入50克八角花椒水（有人用葱姜水，我更喜欢花椒八角水没有的就用清水代替再加点五香粉）
八角花椒水在我们家是常备，冰箱冷藏随用随取
搅拌两三分钟，肉泥上劲，再加2克盐和5克油搅拌均匀肉丸子泥就好了
4. 锅里放少许油，适量葱花爆香
5. 倒入适量水烧到微沸调成小火放肉丸子，火大了会把肉泥煮散
6. 我直接用筷子击上的，可以用勺子或者裱花袋，全部做好
7. 大火烧开，盖盖，转中小火煮五分钟
8. 冬瓜切成块或者厚片放入，大火烧开，中小火煮几分钟
9. 冬瓜变得透明样就是熟了，放入适量盐和少许鸡精调味关火
10. 倒入汤碗里，撒上少许香菜即可吃了
11. 老少皆宜",7,3,3,100.0,0.0,0.0,0.0,0.0,0.0,0.0,0.0,0.0,57.14,100.0,1,0,6,0,legacy,"[""汤羹"",""家常菜"",""红烧"",""汤""]","[""1"",""9"",""108""]"
115995,火爆大头菜,火爆大头菜,,,半个大头菜，3个干红辣椒，2勺酱油，1勺蚝油，2勺醋，半勺白砂糖，适量葱，适量蒜,"1. 热油，葱段，辣椒段，蒜块，下锅
2. 头菜切碎，下锅，爆炒30秒
3. 调好酱汁倒入，爆炒，熟了出锅",8,3,3,350.0,903.0,45.95,36.1,161.8,125.8,68.5,18.4,44.8,50.0,100.0,0,6,2,0,legacy,"[""家常菜"",""素菜"",""快手菜""]","[""1"",""2"",""148""]"
116177,大虾鸡腿焖锅,大虾鸡腿焖锅,突然想吃黄记煌的焖锅，但懒得出门，于是又在家解锁了这道快手的什锦一锅端，多汁够味，超级爽！,,400克虾，4只鸡腿，1个土豆，半根胡萝卜，1节莲藕，半根莴笋，1根西芹，5朵香菇，2个青椒，半个洋葱，10瓣大蒜，半颗西兰花，酱汁，3勺黄豆酱，3勺蚝油，1勺韩式辣酱，1勺蕃茄酱，3勺生抽，1勺辣子油，1勺辣酱,"1. 备菜，根茎类放到一起。
鸡腿切块加1勺料酒、2勺生抽、1勺蚝油腌制备着。
虾洗净去虾头虾背，加1勺料酒腌制备着。
2. 根茎类蔬菜调味：1勺生抽、1勺辣椒面、小半勺盐，腌制备着
3. 接着备容易出水的菜。

4. 热锅热油下洋葱和大蒜爆香，稍微翻炒一下
5. 转中小火，铺一层易出水的蔬菜，我用了西芹青椒香菇
6. 接着铺根茎类蔬菜，盖锅焖3分钟。
7. 然后铺腌制好的鸡腿，转小火，焖8分钟。然后再开锅放虾继续焖3分钟。
8. 焖的同时来准备酱料。这是我的一勺大小
9. 按照酱料配比调好
10. 焖完虾后就放入酱料，拌匀，小火继续焖3分钟就OK啦～
11. 因为放了些易出水的蔬菜，所以底层会有一些汁水。也可以不放，全部放根茎类的，那就需要多一些油，不要沾锅子了。
12. 我一共是焖了3+8+3+3=17分钟，可以根据自己的分量来调整，大概就是鸡腿变色和虾变色就差不多了。虾容易熟，不要焖太久了～蔬菜可以随意换，但是土豆和西兰花真是很推荐！土豆完全是粉糯糯的，西兰花也很入味～酱汁是灵魂哈哈哈哈～",20,11,12,1455.0,1077.5,115.25,37.14,79.64,9.5,225.1,14.53,806.1,55.0,100.0,1,17,2,0,legacy,"[""焖"",""家常菜"",""宴客"",""快手菜"",""火锅""]","[""2"",""5"",""6"",""11"",""12"",""23"",""24"",""53"",""81"",""145"",""589"",""590""]"
116301,泰式土豆鸡汤,泰式土豆鸡汤,吃过婆婆做的土豆鸡汤，惊为天人。我是土豆爱好者，从来没想过土豆炖汤能这么好吃。这个汤在泰国很常见，一向以重口味著称的泰国菜，难得有这么一个小清新。我用电饭煲做的，超级简单，所有材料一起丢里面煮就好了。,,1个土豆，1只整鸡腿，半个番茄，1/4个白洋葱，适量盐，根据个人口味鸡精,"1. 整鸡腿，不用切，肉上划几刀。泰国不用整鸡煮汤，都是用鸡腿。整鸡腿，琵琶腿，都可以。爱吃肉的可以多放几个腿也无妨。
2. 土豆、番茄、白洋葱切块。番茄不要放太多，拳头大的番茄，放半个就够了。一定要放白洋葱不辣，紫洋葱是辣的。
3. 所有材料一起放入锅中，加500-600ml水。我用电饭煲煮的，用煮饭档就可以了，鸡腿肉很好熟，不用煲汤档就能煮烂了。
4. 煮开后，根据个人口味加入盐、鸡精调味。鸡腿肉筷子一插就烂，就煮好了。",6,3,3,650.0,296.5,9.2,1.3,66.0,5.25,110.5,3.2,36.1,50.0,100.0,0,4,2,0,legacy,"[""汤羹"",""泰国"",""土豆"",""家常菜""]","[""5"",""12"",""14""]"
116312,，家庭版：水煮肉片,简单易学，家庭版：水煮肉片,,,20粒花椒，1勺辣椒面，200克里脊，2勺淀粉，1勺料酒，1个鸡蛋，1勺生抽，10克糖，5克白胡椒，1勺豆瓣酱，10克葱花，20片蒜片，1把麻椒，10片白菜,"1. 首先将里脊肉切薄片，清水中泡掉血水，捞出挤掉水分加入一点盐，一勺料酒，一勺生抽抓匀腌制十分钟
2. 大白菜切块在锅中煸炒，炒熟后装入大碗中（底下的配菜可以根据自己的喜欢搭配，生菜，黄豆芽，油菜什么的都可以）
3. 腌好的肉片打入一个鸡蛋清抓匀，再放入两勺淀粉抓匀后放点食用油就可以了
4. 锅中烧油，油温六成热的时候倒入蒜片，葱花，辣椒段，花椒爆香
5. 爆香料头后转最小火放一勺郫县豆瓣酱，小火炒出红油后加水
6. 锅中加入一勺生抽，一勺蚝油，一点白糖提鲜，一点白胡椒粉，加入一小块麻辣火锅底料煮沸汤汁，可以把汤中的料头用密漏捞出来
7. 接下来最重要的一步下肉片，锅沸后一定要转最小火，把肉片分别下入锅中，下完后不要搅拌，等五秒钟肉片定型后再搅拌一下开大火煮沸（一定要最小火下肉片，沸水下肉片的话肉上挂的浆就全掉了）
8. 锅沸后关火就行了，再煮肉片就老了，口感不好
9. 肉片捞出倒入大碗中，撒上辣椒面，麻椒，葱花，热油八成热的时候倒在辣椒面上即可
10. 淋完热油即可上桌享用了",14,5,6,2270.0,1219.3,87.93,23.99,171.69,18.04,1059.6,20.79,1265.4,50.0,100.0,4,10,0,0,legacy,"[""家常菜"",""下饭菜""]","[""1"",""2"",""4"",""7"",""29"",""37""]"
116503,土豆烧鸡,土豆烧鸡,没有故事只有味道,,2个土豆，1只鸡腿肉，2个干辣椒，1勺料酒，2勺生抽，1勺老抽，少许葱姜蒜，少许盐，1个青椒，少许食用油，2勺自制辣酱,"1. 材料准备鸡肉洗净，土豆滚刀块，青椒切块。
2. 起锅烧油，葱姜蒜干辣椒下锅出味，放入土豆翻炒后放入鸡肉块，依次放入料酒、自制辣酱、生抽，翻炒均匀放水没过一半鸡肉，加入老抽盖锅盖焖煮收汁前加入青椒",11,6,7,482.0,412.5,28.94,8.28,58.61,4.13,30.0,3.36,97.0,45.45,100.0,0,8,3,0,legacy,"[""家常菜"",""大鱼大肉"",""下饭菜""]","[""1"",""2"",""3"",""11"",""12"",""24"",""589""]"
116509,福建家常菜️炒米粉,福建家常菜❤️炒米粉,今晚到陈大哥家吃饭，大哥是福建人，炒米粉是他们的家常菜❤️来了就不能白白回家，总要学习几样手艺啦！澳洲每次好友聚餐的好处就是，各地美食都有，那么中国的文化都在美食里，满满的学习！,,1斤鱿鱼🦑，300克五花肉，1根胡萝卜🥕，半个卷心菜，几片姜，少许韭菜，适量黄酒，适量克盐🧂，500克健力米粉,"1. 野生小鱿鱼🦑处理干净，切段！
2. 半个卷心菜！
3. 切宽丝，焯热水！待用！
4. 油锅爆香姜片！
5. 倒入鱿鱼🦑翻炒，加黄酒！鱿鱼不要吵的太老，微卷盛出来待用！
6. 热锅加一勺油，把焯好水的卷心菜倒入锅中，翻炒，水份慢慢逼出来了！再切一根胡萝卜🥕条进去，没来得及拍照，也可以用香菇，各种，家里有啥都可以！
7. 提前切好薄片的土猪五花肉用平底锅，中火炼油，把脂肪给精炼出来了！
8. 感觉有点焦脆！
9. 陈大哥推荐健力米粉，便宜又好吃！华人超市都有！
10. 鱿鱼🦑和五花肉倒进锅里，这时候锅里有汤水，加入干的米粉，用锅铲把米粉翻到菜的下面，浸泡在汤汁里，可以加半碗水，锅有差别，出汤汁也有差别！
11. 把米粉全部浸泡在汤汁里面！
12. 加入切好的韭菜！
13. 放盐，继续翻拌，中大火收汤汁中！
14. 五花肉的香味和油脂都浸在了米粉里！
15. 汤汁慢慢收干了！
16. 装盘啦，地道的福建海鲜米粉吃起来！",9,4,5,350.0,993.0,45.3,90.3,0.0,0.0,18.0,3.9,170.4,44.44,100.0,3,2,4,0,legacy,"[""家常"",""海鲜"",""福建"",""快手菜"",""米粉"",""家常菜"",""炒""]","[""3"",""4"",""10"",""48"",""76""]"
116603,清炒黄瓜,清炒黄瓜,夏天如果不想吃的太油腻的童鞋，就快点跟我一起做这道小菜吧～很清口哦～,,适量猪肉，一根黄瓜，两粒蒜，适量盐，适量料酒，适量淀粉，适量鸡精,"1. 将黄瓜切片，尽量薄点。切好后洒盐腌制，大约10分钟。待出水后，用手将水分挤干，备用。
2. 将肉切片（别太大片），加入料酒、生抽、淀粉搅拌均匀，备用。
3. 将锅烧热，加入油，待油热后加入蒜片煸炒下，出来蒜香味儿后加入肉片，再煸炒。等肉片变色后加入黄瓜片，炒呀炒呀炒……
4. 黄瓜变成黄绿色时加入盐调味儿，炒两下再加点水，再炒几下。然后关火，加入适量鸡精再炒几下就可以出锅啦～
5. 美食交流群（扫码扫码），大家可以加进来一起讨论分享经验。我会及时回答问题。同时，有想学的菜谱也可以在群里问我。
我的微信号：Verademeishiriji",7,3,3,210.0,44.8,2.05,0.42,8.56,1.11,51.9,1.12,11.8,57.14,100.0,0,2,5,0,legacy,"[""炒"",""快手菜"",""便当"",""黄瓜"",""家常菜"",""猪肉""]","[""2"",""4"",""19""]"
116809,鱼香肉丝,家常版鱼香肉丝,所有关于炒肉的做法，我自己最喜欢的就是鱼香肉丝，实在是太下饭了哈哈哈,,350克猪肉，半根胡萝卜，1个青椒，若干朵黑木耳，适量淀粉，2勺生抽，1勺老抽，1勺耗油，1勺料酒，若干蒜瓣,"1. 猪肉切丝，用适量生抽 料酒 盐巴 一小勺油抓匀之后加入适量淀粉继续抓匀腌制半小时（可以放冰箱更容易入味） 接着胡萝卜挫丝 青椒切丝 木耳切丝（木耳下锅炒之前可以先焯水免得炸锅）
2. 起锅烧油 油热后加入胡萝卜先翻炒至断生，后加青椒翻炒，最后加入焯过水的木耳一起翻炒，期间可以不调味哈。配菜炒好盛出备用
3. 再烧油，油冒烟之后下肉丝翻炒至变色，接着加入料酒和蒜瓣继续翻炒。
4. 接着把刚才的配菜倒入，以两勺生抽，一勺老抽，一勺耗油调味翻炒均匀
5. 出锅！热气腾腾香气四溢，开动啦！",10,5,5,490.0,1199.5,54.09,105.71,9.44,0.66,49.0,5.39,247.2,60.0,100.0,1,6,3,0,legacy,"[""鱼香"",""家常菜"",""快手菜""]","[""2"",""4"",""6"",""11"",""33""]"
117026,病号饭首选生菜肉片粥,病号饭首选生菜肉片粥,"我在粥里加了一小把藜麦：
肉片放入料酒，生抽，胡椒粉，淀粉抓匀，在放入香油拌匀腌制.
等粥底熬到绵绸，下入肉片滑散，在放入一勺盐调味，
最后在下入切成细丝的生菜，撒胡椒粉，香油，即可出锅。",,5片生菜，一杯大米，一小块里脊肉片，一勺料酒，一勺生抽，一勺淀粉，少许香油，少许胡椒粉,"1. 熬绵绸的粥底

2. 肉片加料酒，一点点盐，生抽，少量淀粉，胡椒粉，香油拌匀腌制，
3. 生菜切细丝
4. 粥熬好以后加入肉片滑散，继续熬煮一分钟，在下入生菜丝，下盐调味，撒白胡椒粉，和香油即可。",8,2,2,1005.0,626.5,23.86,4.38,128.35,0.9,117.7,3.18,123.6,50.0,100.0,0,6,2,0,legacy,"[""粥"",""单身食谱"",""家常菜"",""饭""]","[""20"",""31""]"
117815,鸡爪煲,鸡爪煲,在胖哥俩肉蟹煲吃饭我们一般吃的都是鸡爪，机缘巧合下自己动手，尝了之后发现味道很o得k，甚至感觉味道要比胖哥俩好一些！（可能是我们口味重）,,500克鸡爪，250克虾，1个土豆，适量金针菇，适量蘑菇，半个洋葱，3勺豆瓣酱，适量盐，6片姜，2个八角，1块桂皮，2片香叶，8颗冰糖，2勺生抽，1勺老抽，1勺料酒，6个干辣椒，1勺蚝油，6瓣大蒜，适量花椒，1根葱,"1. 鸡爪洗净对半切
冷水下锅加鸡爪，葱，姜，料酒，焯水
2. 捞出，冷水洗净备用
3. 准备2香叶，2八角，1桂皮，一勺花椒，4个蒜瓣，3个葱段，3姜片，干辣椒，洋葱
4. 虾洗干净去头去线
5. 准备土豆，金针菇，蘑菇（配菜选自己喜欢的）
6. 高压锅内过面水，焖5分钟（煮太久鸡爪会太烂）
7. 捞出，也可省略高压锅直接在锅里焖煮
8. 香料下锅炒香
9. 放入3勺豆瓣酱，我用的小勺，根据自己口味轻重调整
10. 加入鸡爪、配菜炒香，2勺生抽，1勺老抽，1勺蚝油，盐，继续翻炒
11. 加入8颗冰糖，把高压锅内煮鸡爪的水倒入，⚠️适量！
12. 水快干了的时候倒入虾，虾完全浸没
13. 出锅，（没有葱姜就丢点青菜叶调色）",21,8,8,819.0,1502.4,127.26,83.56,63.83,6.59,241.1,9.57,871.5,42.86,100.0,2,15,4,0,legacy,"[""下饭菜"",""家常菜""]","[""1"",""2"",""3"",""5"",""12"",""46"",""112"",""590""]"
117985,小炒鸡杂,小炒鸡杂,外面吃的鸡杂 很多时候都有腥味 所以必须自己动手整一盘 配上米饭 不要太爽～,,400克鸡胗，400克鸡心，5个杭椒，5个小米辣，1个尖椒，一颗西芹，7.5克左右剁椒，三分之一颗大葱，半头大蒜，7.5克左右李锦记薄盐生抽，7.5克左右李锦记老抽，5克左右王守义花椒粉，适量盐，7.5克料酒，根据自己炒菜用量鲁花玉米油,"1. 1、鸡心 鸡胗要买冰鲜的 不要冷冻的 开封后 先泡半小时冷水 去血水；

2、用鸡骨剪将鸡心的上端的肥油 血管 以及内部血块清理干净后 剪成三段（去掉鸡心上的脂肪是为健康 如嫌麻烦可省略）；

3、鸡胗也清洗干净后剪成小条（由于鸡胗较硬 用剪刀处理比刀要省时 省力）；

4、将处理好的鸡胗 鸡心 焯水 洗去浮沫后控干水分 待用（焯水是为了去腥 焯水时可以放少量料酒）；

5、大葱 杭椒 小米椒 西芹 尖椒 洗净 切成段 大蒜每瓣切成两段 备用；

6、锅内倒油 烧热后 放入葱 蒜段 剁椒 爆香 再倒入焯水后的鸡胗 鸡心 爆炒一分钟 倒入 生抽 老抽 料酒 花椒粉 再翻炒一分钟 倒入 西芹 尖椒 杭椒 小米椒 再翻炒3分钟 
如翻炒过程中 没有汤汁 可倒入少量（50g左右）开水；

7、可先品尝味道 如果味道不够 可放入适量盐；

8、出锅 （要记得提前蒸饭 或者配着刚出锅的热馒头）香～",15,7,7,1740.0,1201.6,141.89,58.82,28.8,2.03,287.6,36.99,991.1,53.33,100.0,7,6,2,0,legacy,"[""家常菜"",""辣""]","[""2"",""11"",""81"",""91"",""123"",""340"",""367""]"
118261,番茄鳕鱼豆腐锅,番茄鳕鱼豆腐锅,又是一道下饭菜，最适合底下点上酒精炉，一边咕嘟一边用勺连着汤吃。豆腐滑嫩烫口，鳕鱼酸甜鲜香，汤汁拌进米饭里的那一刻才意识到，今晚米饭又做少了。,,3个番茄，500克鳕鱼，1块嫩豆腐，香葱碎，鸡蛋，面粉，淀粉，料酒，鲍汁，白胡椒，番茄酱，盐，葱姜，油,"1. 第一步，处理鱼！超市里买的鳕鱼切成块，然后用料酒、盐、白胡椒抓一下去腥，再打入1个鸡蛋抓匀，静置十分钟，倒入面粉和淀粉拌匀后，再倒入适量植物油爪匀。（没错和浆肉有类似之处）
2. 第二步，炸鱼！起热锅入油，用中小火炸制鳕鱼块。第一遍炸完后，记得转大火复炸，减轻油腻。
3. 第三步，处理嫩豆腐！豆腐切成四方块，然后烧一锅水，加一勺盐，把豆腐倒进去煮一下，备用。（这一步是增加嫩豆腐韧性，不至于很容易就被弄破）
4. 第四步，处理番茄浓汤！三个西红柿，两个切成小块，一个切成大一些的块。葱姜切好备用。继续起热锅加油，用中火煸香后倒入西红柿翻炒。加入番茄酱、鲍汁后倒水，大火煮开。加入适量盐、白胡椒调味。
5. 第五步，准备上炉！（我用的是酒店里做干锅菜可以放酒精炉加热的干锅）豆腐和鳕鱼倒入浓汤里煮2分钟后，加入水淀粉使汤汁更滑腻。（照片里的水淀粉有点多了，适量即可）倒入干锅，撒上香葱。点上酒精炉开吃！一定要配米饭一起，非常下饭。",14,5,5,1500.0,530.0,107.4,3.7,22.3,0.0,234.0,3.7,709.7,57.14,100.0,1,2,11,0,legacy,"[""家常菜"",""快手菜"",""下饭菜""]","[""1"",""3"",""7"",""14"",""113""]"
118990,美龄粥,【美龄粥】,"美龄粥是南京的传统名菜，据说它的诞生跟蒋介石的妻子宋美龄有关。

虽说看起来清淡简朴，但豆浆、山药等食材，所含营养丰富，煮一起，滋补养颜效果很好。

只要提前准备好山药泥和豆浆，将食材放一锅里，开小火咕噜噜煮到米化开，最后放点冰糖调味就可以啦。",,100g铁棍山药，10g粳米，35g糯米，45g黄豆，适量清水，45g冰糖，4粒枸杞,"1. 铁棍山药去皮、切段后，上锅蒸熟
2. 黄豆提前浸泡40分钟后倒入豆浆机，加适量清水，打成豆浆，过滤掉豆渣，放一旁备用
3. 蒸熟的山药取出，用勺子压成泥备用
4. 锅内倒入豆浆，加200ml清水，开大火煮开
5. 再往锅里放入糯米和粳米，转中火煮开
*糯米和粳米都需要提前浸泡4-5个小时
6. 倒入第3步备好的山药泥，转小火慢熬45分钟左右
*熬煮时要经常顺时针搅拌，粥会更稠，同时也能防止糊底哦。
7. 最后加入45g冰糖调味即可
*甜度可以根据个人喜好增减",7,5,5,192.0,333.4,19.19,7.63,50.63,7.35,96.9,4.34,2.4,71.43,100.0,5,1,1,0,legacy,"[""早餐"",""主食"",""素食"",""单身食谱"",""清淡""]","[""57"",""64"",""87"",""183"",""325""]"
119032,易上手的～鱼香鸡丝,简单易上手的～鱼香鸡丝,这个菜女儿吃了一次就爱上了～总会要求吃🤣不是很辣，所以她一吃就停不下来～与传统川菜的鱼香做法不同，没有加入泡椒和红油，很容易上手，配米饭🍚拌面条🍜都超级棒～so  分享给大家😜,,1块鸡胸肉，半个青椒，半根胡萝卜，5朵泡发木耳，2片姜片，3瓣大蒜，1小截大葱，40克郫县豆瓣酱，1勺腌肉用料酒，1勺腌肉用生抽，适量腌肉用胡椒粉，适量腌肉用盐，1勺半腌肉用干淀粉，2勺调味汁用糖，2勺调味汁用醋，半勺调味汁用料酒，1勺调味汁用生抽，10克调味汁用水淀粉，1勺调味汁用清水，适量调味汁用胡椒粉，适量调味汁用盐,"1. 食材全家福。
2. 鸡胸肉切丝备用。
3. 放入腌肉用生抽、胡椒粉、盐、料酒、干淀粉。
4. 抓匀备用。
5. 倒入适量食用油抓匀腌制15分钟。
6. 碗里放入调味汁用盐、糖、醋、料酒、生抽、水淀粉、胡椒粉、清水搅拌均匀备用。
7. 甜椒、胡萝卜、木耳切丝，姜蒜切末、葱切葱花。
8. 郫县豆瓣酱切细备用。
9. 热锅凉油，油稍微多一些。
10. 中小火下鸡丝滑散。
11. 鸡丝炒八成熟盛出备用。
12. 另起锅烧油。
13. 下葱姜蒜小火煸炒。
14. 炒出香味后下豆瓣酱。
15. 小火炒香，炒出红油。
16. 下青椒丝、胡萝卜丝、木耳丝大火翻炒。
17. 下鸡丝大火翻炒。
18. 转中火，然后将料汁搅拌均匀烹入锅内。
19. 翻炒均匀即可。
20. 装盘，鱼香鸡丝完成。",21,6,7,291.0,262.3,39.91,3.37,20.61,4.25,60.0,12.36,123.0,33.33,100.0,2,14,5,0,legacy,"[""鱼香"",""家常菜"",""下饭菜""]","[""2"",""3"",""6"",""11"",""15"",""24"",""33""]"
119314,东南亚风味凉拌米粉,东南亚风味凉拌米粉,每隔一段时间就超级想吃米粉，于是就尝试着自己做了一下。这次尝试的东南亚风味凉拌米粉，带着柠檬和百香果沁人心扉的香气，酸酸甜甜超级开胃，还带着薄荷淡淡的清凉，还有鲜美的虾仁，真是荤素搭配营养充沛~,,少许洋葱，1个小米椒，1个柠檬，1个百香果，少许香菜，少许香葱，三四瓣蒜，两三片薄荷，1勺酱油，1勺蚝油，1勺白砂糖，1勺鱼露，一人份米粉，少许白胡椒粉，半勺豆瓣酱，七八只虾仁，少许豌豆苗，1勺葱油,"1. 将桂林米粉开水后入锅煮至筷子可以夹断，大概需要15分钟。如果是提前泡好的可能会快一些，总之煮软就对啦~
2. 煮米粉的时间里将洋葱、小米椒、蒜、香葱、香菜切成小颗粒，柠檬一半切片，薄荷洗净备用。
3. 调个酱汁，我的是一人份的，是1勺酱油、1勺蚝油、1勺糖、半勺豆瓣酱，一勺葱油，还有少许胡椒粉。鱼露如果有的话也可以＋1勺，不＋味道也是很好了。
4. 将煮熟的米粉捞出过凉水，然后把虾仁和豌豆苗焯熟。
5. 最后把之前准备好的葱花香菜蒜洋葱小米椒和调好的酱料通通到进米粉里，加上虾仁和豌豆苗，放上柠檬片挤上柠檬汁，倒入百香果，薄荷叶疯狂搅拌均匀~
6. 最后摆盘完成就可以开动啦~",18,10,11,434.0,425.8,34.27,3.7,72.32,13.32,498.5,9.88,3173.4,61.11,100.0,0,13,5,0,legacy,"[""家常菜"",""快手菜"",""主食"",""异国风味"",""凉拌""]","[""1"",""2"",""5"",""9"",""18"",""22"",""41"",""117"",""120"",""440"",""590""]"
119411,熬塔嘛鱼,熬塔嘛鱼,"塔嘛鱼，学名比目鱼。塔嘛是天津俗称。
刺少，肉香，好收拾。。。
纯天津做法熬鱼。小酸，小甜，特香。。。
香就一个字，我只说一次。。。。。。",,"2条塔嘛鱼（比目鱼），煎鱼用料：，1个八角，1个（打散）鸡蛋，6，7片猪肥肉（五花肉也行），碗汁：，1汤匙生抽，1汤匙酱油，2汤匙醋2，3茶匙（茶匙）糖，半茶匙盐，2汤匙蒸鱼豉油，半茶匙白胡椒粉，熬鱼辅料：，一小块姜，一段葱，7,8瓣蒜，1个八角，20粒花椒，2片香叶，1根香葱","1. 塔嘛鱼洗净（可以让鱼摊老板解决）
2. 鱼打花刀，一条切4段
葱，姜切条，蒜切厚片
肥肉切片
香葱切末
3. 鸡蛋打散
鱼正反面裹鸡蛋液
4. 锅中放适量底油，放入一个八角，肥肉片，小火炸出香味
鱼煎成金黄色，中火，
5. 将碗汁配料混合在一起
6. 锅中留少许底油（刚才煎鱼的就行），放入八角，香叶，花椒，煎过的肥肉，放入葱姜蒜。
码上煎好的鱼，烹入碗汁，加水没过鱼。
大火烧开，小火慢炖，收好汤汁。
7. 撒入香葱，出锅。",15,3,3,68.0,75.9,6.81,4.39,2.51,0.36,37.4,1.04,68.0,26.67,100.0,0,14,1,0,legacy,"[""家常菜"",""下饭菜""]","[""1"",""3"",""7""]"
119610,蜜汁滑蛋虾仁饭,💯蜜汁滑蛋虾仁饭,转自牛奶少女,,4个鸡蛋，葱花，洋葱，青椒，只虾仁，毛豆，【酱汁】，2勺料酒，2勺生抽，2勺番茄酱，1勺耗油，1勺醋，1勺糖，1勺香油，黑胡椒粉，白芝麻，小红椒,"1. 鸡蛋4个加点水搅匀；
2. 热锅倒油炒香葱花、洋葱青椒碎后倒入虾仁炒熟
3. ️中小火倒入蛋液，用筷子来回划。在蛋液整体差不多凝固后直接倒米饭上。
4. 调酱汁：生抽、料酒、蕃茄酱各2勺+蚝油、醋、糖、香油各1勺+黑胡椒粉、白芝麻、小红椒。
5. 烧开水，先把毛豆放里煮熟后倒入酱汁煮开，倒水淀粉（一点淀粉+水搅匀）收汁，最后淋在饭上",16,8,9,200.0,278.0,26.2,17.2,4.8,0.0,112.0,3.2,263.0,50.0,100.0,0,8,8,0,legacy,"[""家常菜"",""快手菜"",""宴客""]","[""1"",""5"",""7"",""11"",""36"",""41"",""49"",""129"",""590""]"
119938,煎茄盒,煎茄盒,"小时候的夏天，饥肠辘辘的放学回家，

厨房里煎茄盒的和蒜泥的香味，

总是会让我有满满的幸福感。",,1个茄子，2个鸡蛋，30克面粉，200克猪肉，1勺酱油，适量葱花/姜末,"1. 猪肉剁馅，加入葱花，姜末，酱油，盐，搅拌均匀。                                                            猪肉我用的肥瘦比大约2:8。
2. 面粉里打入鸡蛋，加1勺盐。搅拌成浓稠的糊状，如果太厚了可以加点水。太稀的话，挂糊会挂的薄一点。
3. 茄子切成茄盒，（每
4. 5cm切一刀，第一刀不要切断，第二刀切到底，如此重复。）                                                                每一个茄盒里用筷子塞满肉馅，可以多塞一点，因为肉一煎体积会缩小。
5. 电饼铛/平底锅烧热油，塞好肉的茄盒蘸上面糊，摆放入锅中，煎2分钟翻面再煎2分钟，出锅，蘸蒜泥，开动吧！",6,3,3,580.0,966.2,49.77,69.81,36.88,3.49,136.4,5.87,262.8,66.67,100.0,2,3,1,0,legacy,"[""家常菜"",""煎"",""素菜"",""电饼铛""]","[""4"",""7"",""110""]"
120049,版嫩滑鸡蛋羹,简单版嫩滑鸡蛋羹,,,4个鸡蛋，2克盐，240克温水，半勺生抽，半勺香醋，半勺香油,"1. 干净碗中打入4只鸡蛋，并将鸡蛋打散。
2. 鸡蛋液和水1:1的比例，在蛋液中加入温水，再加入适量盐，并搅拌均匀。
3. 撇去浮沫。
4. 盖上保鲜膜，上锅蒸20分钟。
5. 铛铛铛！鸡蛋羹出锅！
6. 加小半勺生抽，小半勺醋，小半勺香油，霍霍匀。
7. 开始吸溜嫩滑鸡蛋羹！没加滤镜，所以不显得那么精致，但是实物真的很鲜嫩美丽！",6,1,1,200.0,278.0,26.2,17.2,4.8,0.0,112.0,3.2,263.0,16.67,100.0,2,4,0,0,legacy,"[""早餐"",""蒸"",""家常菜"",""鸡蛋羹"",""简餐""]","[""7""]"
120174,排骨炖土豆茄子贝贝瓜豆角,排骨炖土豆茄子贝贝瓜豆角,贝贝瓜甜而糯，吃上一次就爱上了。今天的菜很好吃，适合2至多人享用，感觉算是硬菜。:)用到了排骨，豆角，土豆，茄子，贝贝瓜，当然也可以放其他自己喜欢的蔬菜。,,300克排骨，2个土豆，1个茄子，250克豆角，2个贝贝瓜，2勺料酒，2勺生抽，1勺老抽，若干葱姜蒜，1勺盐，1汤勺豆瓣酱，5粒冰糖，4个干辣椒，3个八角,"1. 第一步：洗菜，去皮。贝贝瓜可不去皮，贝贝瓜较硬，去皮时注意不要划伤手。
2. 第二补：将茄子土豆切滚刀块，贝贝瓜切块，豆角可手掰或切，长度为4厘米左右即可。将排骨用凉水洗干净。( 因为我爱吃菜，所以加的排骨比较少，喜欢吃肉的童鞋加排骨量可翻倍。）
3. 第三步：将蒜和姜切成薄片状，将葱切成段状，备好冰糖，干辣椒，八角。
4. 第四步：凉水抄排骨，待水开后加一勺料酒，用勺子捞出泡沫，开锅5分钟后将排骨捞出备用。
5. 第五步：热锅凉油加入冰糖，小火炒出焦糖色，加入八角干辣椒，继续小火加入葱姜蒜爆香，香味出来后加入排骨，翻炒给排骨上色。待排骨均匀着焦糖色后，加两勺生抽，一勺老抽，一勺料酒，翻炒半分钟。与此同时，用小碗乘一勺豆瓣酱，加少量水搅拌，均匀后倒入锅中翻炒，调至中火。炒1分钟。
6. 第六步：忘记拍图，下次补上。:)将土豆，豆角，贝贝瓜放入锅中，加开水略微低于蔬菜半厘米。盖上锅盖中火炖8分钟，开锅加入茄子，根据情况可再加一点开水。再炖12分钟。加盐。用小碗加淀粉和少量水拌匀，加入锅中，调大火，30秒关火。
7. 第七步：出锅。可用米饭拌着吃，特别好吃。多人场合可每人乘一小碗，去尽情享受贝贝瓜的软甜糯，土豆的软糯，排骨的香味，和汤汁的鲜香吧。",14,6,6,1004.0,372.3,16.15,2.08,82.76,8.22,189.0,4.19,42.4,42.86,100.0,2,11,1,0,legacy,"[""炖"",""红烧"",""家常菜"",""素菜""]","[""1"",""2"",""3"",""12"",""84"",""110""]"
120396,泡椒蒸武昌鱼,泡椒蒸武昌鱼,,,条武昌鱼，勺料酒，克盐，片姜，勺蒸鱼豉油，勺醋，泡椒，泡姜，大蒜，白糖，白胡椒粉，白芝麻，花椒，干红辣椒，香葱，菜油,"1. 武昌鱼洗净，打花刀，加料酒、姜片、葱结、盐抹匀，腌制10分钟
2. 泡椒泡姜切碎，大蒜切颗粒，生姜切片备用
3. 把上一步切好的辅料放入盆中，加入一勺白糖、少许白胡椒粉，两勺蒸鱼豉油，一勺生抽，一勺香醋拌匀
4. 把调好的佐料放在鱼身上，鱼肚里也放入一些更入味。鱼下面放把勺子或两根筷子，利于蒸鱼时空气流通熟得更快
5. 蒸锅烧水。水开后放入鱼盘，大火蒸8分钟，再关火虚火闷2分钟出锅
6. 鱼上面放切好的葱段、洒上白芝麻、放剪碎的干红辣椒、花椒和剁碎的蒜粒。
7. 菜油烧热，浇到上面，激发出蒜蓉、芝麻、花椒辣椒香葱的香味。",16,5,5,0.0,0,0,0,0,0,0,0,0,50.0,0.0,0,0,16,0,legacy,"[""蒸"",""家常菜""]","[""1"",""2"",""3"",""36"",""392""]"
120429,夏日减肥美容——桂花桃胶银耳羹,夏日减肥美容——桂花桃胶银耳羹,熟悉的都知道桃胶富含碳水化学物，脂肪，蛋白质和植物胶原蛋白，有“平民的燕窝”之称，可生津止渴，排毒养颜。桃胶吃起来QQ的，口感很好，而且可以呈现多种不同味道。是百搭的食材，炒菜做成咸的，与银耳一起做成糖水，一样好吃。,,5颗桃胶，2朵银耳，适量冰糖,"1. 取适量桃胶（每人大概食用的量是干品5颗左右），
提前用冷水泡发10小时以上，桃胶的泡发率可达10倍以上，切记不能用热水泡发，否则会影响桃胶泡发。
2. 取两朵野生银耳，用冷水泡10小时。
3. 将银耳炖煮一个小时后放入桃胶继续炖煮半个小时，放入冰糖再煮五分钟。
4. 再撒上桂花，就完成啦。",3,1,1,780.0,78.3,3.0,0.42,20.19,9.12,10.8,1.23,24.6,66.67,100.0,0,2,1,0,legacy,"[""中式早餐"",""快手菜"",""下午茶"",""美容"",""养颜"",""儿童"",""素食"",""糖水"",""甜品"",""汤羹"",""排毒""]","[""107""]"
120540,蒜蓉粉丝蒸波士顿龙虾,蒜蓉粉丝蒸波士顿龙虾,"家里没有这么大蒸锅跟盘子的话，那就龙虾买稍微小一点就可以了
不管大龙虾还是小龙虾只要是海里的，蒜蓉粉丝是绝配，今天做了我这道超越五星级的蒜蓉粉丝波士顿龙虾，味道真是太棒了，其中要做好蒜蓉口味的海鲜，蒜蓉是重点，有兴趣的厨友可以看一下我下面的菜谱中找一下蒜蓉的正确做法。菜谱中有详细讲述如何处理龙虾，只要多看几遍，处理大龙虾都是小case啦，周末不妨在家试试吧",,主料，1只600～800（克）波士顿龙虾，辅料，50克绿豆粉丝，15瓣蒜子，少许葱花，调料，20克黄油，少许玉米油，少许自制豉油汁，3克盐，5克鸡粉，5克糖，1勺白胡椒粉，1勺花生酱，1勺麻油,"1. 1⃣️将所需用到的主辅食材都准备好，这样我们操作起来方便了
2. 2⃣️鲜活的波龙刷洗干净后，用小刀或剪刀从头胸甲两眼间戳入神经中枢；然后从虾头和虾尾的连接处将虾的头尾分开，去除不能食用的虾鳃，根据虾尾的尺寸，连着虾壳平均对切成6~8块，虾螯用刀背开小裂口，淋少许料酒备用。
3. 3⃣️蒜瓣切成细碎蒜蓉用清水漂洗两次洗去原有的浆水这样炸制起来不容易糊，接着我们来熬制蒜蓉，平底锅微微焼热后加入玉米油取一半量的蒜蓉倒入锅里，小火煸至蒜香味出，颜色将将泛黄时关火；煸好的蒜蓉慢慢冷却后，和剩余的另一半生蒜蓉混合并搅拌均匀。根据口味轻重，加适量的花生酱，盐糖鸡粉，白胡椒粉，麻油调味，这里是我的口味，你们可根据自己的口味来调和，我只是给你们一个参考
4. 4⃣️ 细粉丝用冷水浸泡约20～25分钟，沥干水分后，根据喜好切成5～7厘米左右的小段备用，在粉丝里加一点点的盐，鸡粉，蒜蓉和几滴豉油汁搅拌均有，这里家蒜蓉时候记得也要加一些蒜蓉里的油，这样是为了在蒸制的时候防止粘连

5. 5⃣️我为了做到完美把波士顿龙虾的虾头跟虾鳌提前先蒸到半熟，这样在下面的蒸制过程中是为了缩短虾身及虾肉的蒸制时间，使其不宜过老
6. 6⃣️粉丝和蒜蓉，各取一半的量相互拌匀，平铺在盘中打底；虾肉朝上虾壳朝下，码放好波龙各段，再将剩余的粉丝和蒜蓉均匀平铺在虾肉之上。

7. 7⃣️ 蒸锅中水完全沸腾后放入龙虾，大火蒸大约6～8分钟；蒸好后取出撒上葱花，热少许植物油温度至刚好冒烟，然后泼在龙虾上，就完成了。 
 

8. 给你们来一块虾肉特写，虾肉鲜嫩Q弹晶莹剔透",16,2,2,175.0,0.0,0.0,0.0,0.0,0.0,0.0,0.0,0.0,25.0,100.0,5,5,6,0,legacy,"[""蒸"",""宴客"",""家常菜"",""下饭菜"",""快手菜""]","[""1"",""2""]"
120572,不用蒸的糯米蛋,不用蒸的糯米蛋,一款风靡朋友圈的糯米饭，今儿安排上了😄，不同的是，我用黑米代替一半的糯米，味道棒棒的😋大家都知道黑米的营养高于糯米，含有丰富的膳食纤维，具有补血，抗衰老的作用，很适合女性朋友们食用👩,,100克糯米，100克黑米，2克盐，15克酱油，15克耗油，2个蘑菇，30胡萝卜，80克瘦肉，4个葱头，30克油，2个鸡蛋，25个鸡蛋壳,"1. 黑米，糯米清洗干净沥干.放入电饭煲中按煮饭键煮熟
2. 好香的饭⊙∀⊙
3. 打两颗鸡蛋搅散
4. 锅中加适量油，倒入鸡蛋液小火加热煎制，至鸡蛋呈金黄色
5. 用锅铲将鸡蛋弄碎盛到盘子中备用
6. 葱头，胡萝卜，香菇切丁，瘦肉切碎备用
7. 平底锅中放适量油小火加热，下切好的葱头爆香
8. 待葱头呈金黄色时下瘦肉不断翻炒
9. 接着下香菇，胡萝卜
10. 炒至熟透，在放盐，酱油，耗油调味
11. 最后在放煮好黑糯米饭
12. 快速翻炒均匀
13. 再倒入炒好的鸡蛋拌匀
14. 在用勺子把米饭装进蛋壳中（由于饭是熟的，所以不用蒸，蛋壳是清理干净的）
15. 👆
16. 好吃又营养的糯米蛋👏
17. 一吃就停啊下来😄
18. ✌
19. 😋😋",12,6,6,2330.0,1266.8,47.63,37.03,190.95,9.35,197.8,8.64,207.3,66.67,100.0,7,4,1,0,legacy,"[""蒸"",""家常菜"",""烤箱菜""]","[""4"",""5"",""6"",""7"",""64"",""102""]"
120578,徐妈妈的上海炸酱面,徐妈妈的上海炸酱面,喜欢做炸酱是源于对老上海炸酱面的深深喜爱，每次肚子饿了路过上海阿姨开的面馆都会来一碗炸酱面，美味真的赛过所有美食啊！让人吃多少次都不会腻！这款我做的是安徽安庆咸鲜口味的炸酱，因为去过一次朋友家里觉得也很好吃就尝试学着做，这个方子和方法非常详细，当然可能步骤也有需要改进的地方希望大家多多指出多多探讨哈，炸酱里面可以放点油炸花生米但是要当天吃完，这次我没放等下次吃的时候再放。如果要做上海口味的就把蚕豆酱换成甜面酱加黄豆酱哈,,两到四勺胡玉美蚕豆辣酱，一勺郫县豆瓣酱，3-4小块香干，350克五花肉，4-5朵香菇，50克小葱，1大勺糖，1小勺老抽，1勺料酒，一勺耗油，适量鸡精，适量白胡椒，适量麻辣十八鲜，适量生粉，1勺麻油，100克左右色拉油，1勺生抽，一把虾皮,"1. 虾皮用开水浸泡一会儿
2. 葱切段放热油里爆香，爆到味道出来葱扔掉
3. 香菇切丁，香干切丁，姜切成姜末，照片就不一一放上
4. 五花肉切肉末，买来就是加工好的
5. 把五花肉里的肥肉挑出来，放在爆好的葱油里，熬出油来
6. 姜末放进去一起大火爆香
7. 加一勺郫县豆瓣酱扁炒，炒出红油颜色后，把剩下肉末一起放进去扁炒，炒到断生
8. 放香菇丁和香干，放老抽适量，再放料酒继续翻炒，火候可以自由调节，接着放生抽，再放入蚝油继续炒
9. 最后放入虾皮，连水一起倒进去，放四勺蚕豆酱，要一点点放，最好边尝边放，也可以根据自己喜好增加或减少，这个酱比较咸，如果不喜欢重口的可以少放些，如果别的菜比较清淡那么炸酱最好咸一点儿哈
10. 大火烧开后转小火焖半小时，这样酱香味才会浓郁，加糖，加鸡精，白胡椒粉，继续小火焖，稍微翻炒下，加点开水，防止糊锅，可以加点麻辣十八鲜也可以不加，最后锅盖盖上，当中可以偶尔看下翻炒两下
11. 准备几个小碗，用餐巾纸擦干，用来盛炸酱，因为这样可以冰冻起来，可以吃上好几顿了
12. 淀粉里放点冷水，倒进锅里
13. 最后倒入麻油，这个根据自己口味可放可不放，我觉得放了比较香
14. 放入麻油后就可以出锅啦，盛出来放小碗里冷却后再放冰箱，每次拿一小碗出来吃，又营养又美味又省事，也适合小孩子吃，因为营养很丰富，辣的程度小孩也能接受呢！
15. 直接把炸酱淋在面上，炸酱面就算做好啦，味道真的是好吃极了！",18,3,4,621.0,1435.9,74.04,119.43,19.19,4.0,605.3,14.09,650.8,33.33,100.0,3,11,4,0,legacy,"[""快手菜"",""面条"",""家常菜""]","[""1"",""4"",""10"",""23""]"
121539,香浓干菜卤腔骨,香浓干菜卤腔骨,"宝宝送了两包小白菜干，告诉我是炖汤的，然后我一时兴起给拿来卤肉了……
谁成想这招儿相当灵，满屋都是梅菜扣肉的香气，腔骨肉被炖得酥烂，拌饭吃简直了",,1500g腔骨，50g干菜，2粒大料，2片香叶，5粒花椒，3粒丁香，一搓小茴香，2颗豆蔻，1段桂皮，3片生姜，小半把梅干菜，小半把干香菇，适量生抽，适量老抽，适量盐，5-7颗红枣，一搓枸杞，一碗温水，半锅凉水,"1. 准备工作：
鲜腔骨用清水浸泡一、两个小时；
温水泡软小白菜干、梅干菜和干香菇（约五分钟）；
所有干香料装进纱包里扎好口
2. 烧开水加入生姜片，倒入泡完沥干的腔骨，待再次沸腾，撇清血沫，将腔骨捞出备用
3. 将泡软的小白菜干捞出切段，和梅干菜、香菇一起沥干备用
4. 铸铁锅/砂锅/高压锅中放入腔骨、干菜、红枣、干料包、调料，倒入凉水（没过食材即可）
5. 大火烧开后小火慢炖2-3小时至肉能从骨头上轻松剥落，再根据咸淡调味即可",19,3,3,1686.5,54.8,0.7,0.25,13.15,1.31,14.2,0.76,4.0,42.11,100.0,2,10,7,0,legacy,"[""下饭菜"",""家常菜""]","[""3"",""21"",""93""]"
121992,维B维C满满意面,维B维C满满意面,"每当外食太多，日常饮食结构不合理的时候，我就会长出满嘴的口腔溃疡，提醒我注意了……

口腔溃疡真的太痛苦了，而原因就是身体维B维C太少。其实只要饮食合理，营养均衡，不用专门吃营养品，也可以规避。

这个就是今天给自己的口粮，用各种蔬菜做的意面，又好吃又能补充满满维B维C，预防口腔溃疡，还很适合减肥减脂！

妹子们，动手试试看吧～
菜谱中的量可以做两大碗",,1把意大利面，1小把藜麦，10个圣女果，1根胡萝卜，1根黄瓜，6片生菜，2个干辣椒,"1. 意面和藜麦加1茶匙盐一起煮
2. 煮面的时候，准备配料。胡萝卜和黄瓜切成较的丝，圣女果对半切，生菜手撕成块，干辣椒切几段。
3. 意面和藜麦煮好后沥水备用。
4. 锅中放橄榄油，加干辣椒炒一下，然后放胡萝卜。
5. 等到胡萝卜炒软，再放圣女果和黄瓜。
6. 然后放入意面和藜麦，加多多的现磨黑胡椒、适量盐和一点蚝油调味。
7. 最后放生菜炒一下，就可以出锅了。
8. 胡萝卜炒过后，营养更容易被吸收
9. 这里差不多装了锅中的三分之一，比起生吃沙拉，还是这个更美味吧？！",7,5,5,1522.0,408.7,26.0,7.78,64.91,6.4,234.1,6.27,256.0,100.0,100.0,0,7,0,0,legacy,"[""沙拉"",""减肥"",""主食"",""早餐"",""素食""]","[""6"",""19"",""31"",""39"",""144""]"
122249,万能汁拌面,万能汁拌面,万能汁真的很万能。,,一勺芝麻，3-4瓣蒜，一根小葱，1-2勺辣椒面，1-1.5勺麻椒面，三分之一根黄瓜，四分之一根胡萝卜，一棵香菜，1个（可加可不加）鸡蛋，随意（可加可不加）菠菜，随意（可加可不加）油菜，1勺蚝油，2勺生抽或海鲜酱油，1勺白糖，1勺香醋，1勺（可加可不加）麻酱，半勺香油，半勺鸡精,"1. 都找我要麻辣鸡丝麻辣豆芽教程
来，今天给你们万能汁教程
想做啥做啥

一：无水碗里放
蒜末 葱末 辣椒面 麻椒面 白芝麻

2. 二：起锅烧油 浇一勺滚油在调料碗里
趁调料碗里油温加一勺耗油 两勺海鲜酱油或者生抽 一勺白糖 一勺香醋 半勺香油 半勺鸡精 咸盐适量。麻酱依个人口味添加（麻辣鸡丝和麻辣豆芽不放麻酱，只有面条可以放一小勺）

3. 加调料
4. 搅拌均均
5. 三：煮面条（我爱吃细的，并且早上起来我没过凉水，所以看起来有点粘，你们可以用宽一点的面条，最好是手擀水面，一定要过凉水，不然就会像我的一样看起来有点粘）

四：另起一锅焯点菠菜油菜啥的都可以
也可以加一个单面熟的煎蛋🍳

6. 五：面条过完凉水拌料汁。将所有辅料统统拌进去（黄瓜丝 胡萝卜丝 香菜）

答应我，一定试试，拌面条老好吃了。
好了，我去练二十组拜日式，缓解一下心里和生理的罪恶感。",18,7,7,166.0,106.5,7.97,4.82,8.14,0.58,59.3,1.6,75.9,44.44,100.0,0,16,2,0,legacy,"[""凉菜"",""拌面"",""家常菜"",""快手菜""]","[""1"",""2"",""7"",""9"",""26"",""40"",""44""]"
122370,滑蛋牛肉&滑蛋牛肉三明治,快手营养💯滑蛋牛肉&滑蛋牛肉三明治🥪,"〜❗️❗️❗️请勿转载菜谱和图片❗️❗️❗️〜

滑蛋牛肉是一道经典的粤菜。
牛肉鲜滑，蛋香浓郁，不仅美味可口，
而且鸡蛋和牛肉都是优质高蛋白食物，营养非常丰富~
做成三明治也不输现在流行的韩式爆蛋三明治吖😍

📎韩式爆蛋土司的做法👇 
http://www.xiachufang.com/recipe/105839279/

📎滑蛋虾仁的做法👇
http://www.xiachufang.com/recipe/33838/

📎滑蛋鱼柳的做法👇
http://www.xiachufang.com/recipe/101869836/",,#主要食材：，150克牛肉，4个鸡蛋，#腌牛肉料：，1小匙黄酒，1小匙姜汁，1/4小匙（约1克）小苏打粉，2大匙清水，1小匙生抽，1小匙蚝油，适量黑胡椒粉，1大匙蛋清，1大匙植物油，#鸡蛋调料：，2克盐，少许黑胡椒碎，1大匙水淀粉，#其它：，1大匙葱花，调味仅供参考，酌情调整（1大匙=15ml），（1小匙=5ml),"1. 准备需要的材料：
2. 牛肉逆纹，切成薄片
3. 牛肉加入腌料混合均匀，封上适量的植物油，腌制30分钟以上（这样腌制的牛肉很嫩，我一次腌的比较多，分成几顿吃～晚上腌好放冰箱，第二天早上用也很方便）
4. 鸡蛋在大碗中打散，加入盐、黑胡椒和水淀粉拌匀
5. 锅中放油烧热，下入牛肉片大火快炒，牛肉一变色，立即盛出
6. 牛肉捞出后沥油，倒入打好的蛋液中混合
7. 炒锅留底油烧热，倒入牛肉蛋液，撒上葱花
8. 一开始不要翻动，感觉蛋液周围开始凝固就用锅铲迅速划圈圈，滑炒至大部分蛋液一凝固即可出锅装盘，避免蛋炒的太熟~
9. 美味有营养的滑蛋牛肉就可以上桌啦~
除了配饭🍚，搭配土司也很不错🥪
10. 元气满满的滑蛋牛肉三明治，媲美网红韩式爆蛋三明治吖😍",16,4,4,393.0,540.5,60.19,30.32,7.06,0.14,129.7,6.56,386.4,25.0,69.23,2,7,3,0,legacy,"[""家常菜"",""早餐"",""快手菜"",""快手早餐""]","[""1"",""7"",""8"",""52""]"
122825,茶油爆炒猪肝,茶油爆炒猪肝,"说起这道菜，那是巧合中又巧合下的结果，没想到成品让我这个向来煮不好猪肝也不爱吃猪肝的人，吃后念念不忘。
         那天上午我去肉摊买肉煮早餐，哪知卖肉哥嫌我买少了，偏要我再搭点猪肝买去煮早餐。好吧，我这个人很好说话的，搭吧，搭多少都你随意，结果就是猪肝比肉还买得多，回到家看着猪肝可把我愁坏了，我要怎么消灭它呢？怎么处理呢？不管了先切片吧，嗯，就酱紫…美味的诞生开始了。。。",,250克猪肝，4瓣蒜，1大块姜，5个米红椒，15个米青椒，适量盐，适量酒醩水，适量酱油，适量生抽，适量蚝油，适量面汤，一小勺陶华碧老干妈，多点葱，适量胡椒，两大勺茶油,"1. 意味中的惊喜成果，本着这也是给自己做记忆的菜谱，也就没有拍过程图了，只有隔餐拍下来的一点剩。
首先，把猪肝洗净，切薄片后，要流水掏洗几遍，用水泡着
2. 泡一天，期间多换几次水，我是隔天早餐煮完面后，把凉后的面水倒了点进去泡，放点盐
3. 中午滤水，倒米酒，大蒜末，生姜丝，
辣椒节切好，葱切碎，
开锅，倒茶油，冒烟后下姜丝，部分大蒜，辣椒，葱白，香后盛出，再下茶油多点，油热后把猪肝等余料下锅快炒，老抽生抽蚝油适量盐，胡椒粉葱出锅。
大功告成！",15,3,3,278.0,344.3,49.0,11.84,10.84,0.44,25.0,58.35,176.6,33.33,71.43,1,4,8,0,legacy,"[""下饭菜"",""家常菜""]","[""2"",""3"",""171""]"
122828,疆味茄子炒羊肉,疆味茄子炒羊肉（少油）,前两天自己做了茄子炒肉，味道很奇怪，问了姐姐，按照她说的实践了一下，还算成功。不过我改成了少油版，多放油应该会更好吃。,,几滴葡萄籽油，150g羊肉，6粒花椒，1/4个洋葱，1/2根大葱，1根茄子，1个番茄，3片姜（可不加），1个青椒，4瓣蒜，🔅调味料，适量盐，少许花椒粉，少许黑胡椒粉，少许酱油，少许糖，1大勺醋,"1. 提前准备好材料：羊肉和茄子切片；番茄切块；大葱切段；青椒、洋葱切丝；姜、蒜切末。（香菜起点缀作用）
2. 中大火，不粘锅烧热后加入几滴葡萄籽油，随后放肥肉部分煸炒，逼出羊油。
3. 加入羊瘦肉、花椒粒、少许花椒粉、少许盐，炒至深色。
4. 肉炒至较干后加入大葱、洋葱、姜末、酱油继续炒一会儿。
5. 放入茄子翻炒。
6. 待茄子炒软后加入番茄块和一小碗水继续炒。
7. 番茄炒软后加入青椒丝，继续翻炒。
8. 最后加入蒜末、少许黑胡椒粉，少许糖；再放一大勺醋炝锅。迅速翻炒几下，出锅。
9. 撒点香菜点缀。",17,8,8,1344.0,595.6,41.07,12.35,88.38,9.8,273.5,12.18,209.3,47.06,100.0,1,9,7,0,legacy,"[""家常菜"",""下饭菜""]","[""1"",""2"",""3"",""5"",""11"",""14"",""58"",""110""]"
123338,山药排骨汤,山药排骨汤,"立冬以后，南方的天气也渐渐冷了下来

不同于北方室外清冽的冷，到了室内便有暖烘烘的暖气；

南方的冷是那丝丝阴冷和潮湿慢慢侵入整个身子。

刺骨。



这样的冬日，太阳很快地落山后就是漫长的夜晚

点起灯，打开火，锅上升腾起热气

守在锅边，锅里软糯细腻的山药，清甜嫩滑的仔排，咕嘟咕嘟地冒着香气的汤，再冷，只要有家，有吃的，家里有人，就足够幸福。",,250克仔排，2根铁棍山药，1根胡萝卜，一小把小葱，3片姜，10粒左右花椒，一小把香菜，适量盐，适量糖，适量鸡精,"1. 仔排用清水冲洗干净。备用。
2. 锅中放水，等水烧开以后下仔排和姜片，等变色后连同姜片一起捞出。剩下的水倒掉。
3. 砂锅中加水，等水开以后加入上一步的仔排和姜片，加入一个葱结，花椒，一小勺香醋。
4. 胡萝卜切滚刀块，放入锅中，大火煮开，转中小火慢炖半小时——40分钟。
5. 铁棍山药去皮，切成3厘米长的小段，放入锅中，继续炖煮半小时，出锅前加盐和鸡精调味，撒一把小葱末，加上一定香菜末。喝之前加入适量白胡椒提鲜。寒冷的冬日，慢慢炖煮一锅清甜的汤，这样的夜晚也是很美的了。",10,5,5,614.0,63.8,1.85,0.46,14.14,2.23,62.2,1.96,95.1,60.0,100.0,1,6,3,0,legacy,"[""快手菜"",""汤羹"",""排骨"",""山药"",""家常菜""]","[""1"",""3"",""6"",""9"",""183""]"
123828,客家小炒鱼,客家小炒鱼,,,3个干辣椒，3-5小瓣蒜，2根葱，1勺生抽，8片姜，适量盐，一勺料酒，半勺老抽，1-3只青椒，八两鱼块，3勺醋，1勺淀粉，1勺面粉，可加可不加醋果子,"1. 1克盐、淀粉、面粉、白胡椒粉、姜片5片腌制
2. 中火煎制两面金黄，6分钟
3. 盛起
4. 葱姜蒜酸菜爆出香味
5. 生抽、老抽、糖、淀粉、醋调汁
6. 加入鱼和酱汁翻炒一分钟
7. 出锅",14,4,4,365.0,174.8,5.65,1.75,38.76,3.6,71.1,2.5,34.7,50.0,100.0,0,11,3,0,legacy,"[""家常菜"",""大鱼大肉"",""下饭菜""]","[""1"",""2"",""3"",""11""]"
123885,红焖羊肉不焯水巧去腥膻味,红焖羊肉不焯水巧去腥膻味,"在这寒冷的冬季，来一份鲜香的红焖羊肉再好不过了，羊肉和萝卜的完美搭配，温补之余口感软糯，来三碗米饭都不够😊😊和大师学来的去异味小妙招拿走不用谢！(第一次写菜谱，深深感受到了不易，重口难调，给出的配方只是个人觉得不错的口感拿来与大家分享，可根据自己的口味制作调整，不喜勿喷谢谢！)
❗做完别忘记来交作业吼！期待你萌的分享😜🎉",,1斤~1斤3羊腿肉，20粒花椒，适量清水，半根白萝卜，1~1.3两姜，适量食用油，2个八角，4~5段葱，7瓣蒜，2勺郫县豆瓣酱，两勺黄酒，1小块桂皮，3勺生抽，1勺老抽，50克糖，1.5克盐，5根香菜,"1. 将羊肉洗净放入盆里加不要太少的盐(大概一撮)，20粒花椒，适量清水，浸泡15分钟。
2. 把姜切开以后拍松
3. 萝卜一切一掰，顺着纹理，炖好吃起来口感和味道是完全不一样的(原谅我一只手拍一只手切，拍摄质量渣渣😜)
4. 切一块萝卜拿一根筷子，均匀扎些孔洞，
5. 就是这样，我称之“无名英雄”这块萝卜是不吃的，专用来吸附腥膻味，炖好后弃之。
6. 取出羊肉，把花椒粒摘干净
7. 切成2.5✘2.5厘米左右肉块
8. 切葱蒜
9. 锅内倒入适量食用油，第一步先放姜，一斤羊肉一两姜，姜是溶脂性食材，将拍好的姜放入，炸香
10. 放入羊肉，大火煸炒一分钟。
11. 加入大蒜，葱白，白糖，桂皮，八角，郫县豆瓣酱炒香，倒入黄酒调味。
12. 倒入没过羊肉的清水，放入“无名英雄”
13. 将白萝卜块倒入，加入3勺生抽，1勺老抽，放香菜。
14. 大火烧开小火炖煮50分钟(根据羊肉软烂程度随机调整)
15. 挑出大料，“无名英雄”，姜块装盘撒上香菜或香葱随意，就可以大快朵颐啦😏",17,5,6,900.0,131.2,5.07,0.91,29.46,2.74,199.2,3.28,176.5,29.41,100.0,4,10,3,0,legacy,"[""焖"",""家常菜"",""下饭菜""]","[""2"",""3"",""9"",""58"",""63"",""250""]"
124498,番茄牛腩煲,番茄牛腩煲,,,750克牛腩，4个西红柿，2个土豆，1根胡萝卜，1个青椒，1根香菜，5勺番茄酱，5片姜片，5瓣蒜瓣，3勺料酒，一小勺盐，1勺酱油，1勺耗油，20克红糖,"1. 牛腩洗净，切小块，放入开水中，倒入料酒，放入姜片，煮5分钟，去除血水。
2. 捞出备用
3. 西红柿切小块，锅中热油，倒入番茄，炒成酱汁，炒的时候可以捞出番茄皮，加入番茄酱和红糖加入水熬成酱汁。熬好后装入砂锅中，用小火继续煮。
4. 锅中热油，加入蒜瓣，炒香后放入牛肉粒，加入少于酱油，耗油继续翻炒。
5. 倒入锅中，中小火煮60分钟。
6. 放入胡萝卜煮20分钟后再放入土豆煮15分钟，放入青椒和香菜即可出锅。
7. 拌面也非常不错哦",14,8,9,1725.0,1621.1,165.06,67.46,96.71,6.1,152.4,18.09,644.2,57.14,100.0,2,12,0,0,legacy,"[""家常菜""]","[""2"",""3"",""6"",""8"",""9"",""11"",""12"",""14"",""82""]"
124745,重庆鸡公煲,重庆鸡公煲（家庭版）,"这是一道妥妥的下饭菜，

所以请多准备些米饭，

这道菜，

标配三碗！",,2只鸡腿，1/2个洋葱，2根芹菜，6朵香菇，4个干辣椒，3个尖椒，1根根葱，4片姜，4瓣蒜，1/2包火锅底料，1勺蚝油，1勺糖，2勺生抽，1勺老抽，半勺胡椒粉,"1. 香菇清洗方法：
一勺面粉一大碗水，
混合均匀，浸泡香菇5分钟，
轻轻揉搓，冲洗干净即可。
2. 鸡腿切块加入1勺料酒，
两勺生抽，半勺胡椒粉，
拌均匀，腌制半小时。
3. 腌制鸡腿的时间，
来准备配菜，
其实配菜的选择很多，
火锅和麻辣香锅可以放的菜，
鸡公煲里也可以，
金针菇，豆皮，各种青菜都可以。
比较好成熟的食材，
收汁时放入即可。
香菇，辣椒，圆葱切块，
芹菜切段备用。
4. 锅中少油，葱白，蒜片，姜片，干红椒爆香。因为有干红椒，避免焦糊，这步中小火。
5. 加入火锅底料，
炒至融化，
全程中小火。
6. 加入腌制好的鸡块，
翻炒变色
7. 加入香菇块，
1勺老抽，两勺生抽，1勺蚝油，
1勺糖调味
8. 香菇炒软，
加入刚好没过鸡块的开水，
大火烧开，转小火炖煮15分钟。
9. 十五分钟后加入配菜，
最后放青椒，
大火收汁即可出锅。
用砂锅做受热和保温效果更好，
在吃这道菜的时候不会冷的那么快。
10. 祝～用餐愉快～😘",15,8,9,1146.0,638.0,59.38,20.13,63.97,10.75,149.5,8.68,422.1,60.0,100.0,0,15,0,0,legacy,"[""下饭菜"",""家常菜""]","[""1"",""2"",""3"",""5"",""11"",""23"",""24"",""27"",""589""]"
125951,干锅香辣虾,干锅香辣虾,被逼无奈，不准出去胡吃海喝的我只能自己创造,,虾子，藕，土豆，芹菜，鹌鹑蛋，胡萝卜，火腿肠，洋葱，其他你喜欢的各种菜，生姜，大蒜，干辣椒，花椒，八角，桂皮，熟的白芝麻，白糖，盐，蚝油，料酒，生抽，醋，黄瓜切片铺火锅盆的底,"1. 虾挑虾线，背部下刀，少许料酒腌制。
2. 青菜洗净，藕和土豆去皮切厚片，胡萝卜滚刀状，鹌鹑蛋煮熟剥皮待用。火腿肠，洋葱切片。锅里放少于油，加水，煮熟胡萝卜。
3. 八角，花椒，桂皮用温水浸泡十分钟，滤干水待用。
4. 热锅冷油，油开后放入土豆片，全部浮起来就捞出。
5. 用炸过土豆的油继续炸虾子，变色即捞起。
6. 锅里放入姜片，大蒜之后再放花椒，八角，桂皮，炒出香味调小火放剪好的干辣椒，火不调小会容易糊辣椒。继续放入洋葱片翻炒。放生抽，料酒，醋之后加入前面已经过油的虾子。
7. 依次放入藕，土豆，胡萝卜，鹌鹑蛋，火腿肠。翻炒几下之后放蚝油，盐，少量白糖。
8. 关火，放入切段的芹菜稍微翻炒几下，然后装进有黄瓜片铺底的火锅盆里，插电还可保温。吃完了加水可以成火锅，继续涮菜。",23,8,8,0.0,0,0,0,0,0,0,0,0,52.17,0.0,0,0,23,0,legacy,"[""快手菜"",""家常菜"",""辣""]","[""2"",""3"",""5"",""6"",""12"",""27"",""96"",""101""]"
126162,低卡蔬菜汤—3种搭配,健康低卡蔬菜汤—3种搭配，拯救懒人吃货【北鼎Mini K养生壶】,"对于怕胖的朋友，简单的蔬菜汤和燕麦粥，加入少许藜麦，10—20分钟完成，营养满满，不用担心热量超标。

下午饿的时候，喝一碗充饥，满满维生素哦。
🥕🥕🥕
这次用的是北鼎新品Mini K 养生壶,在家，在办公室都可以操作。

1 .初见北鼎Mini K 养生壶，被它的小巧和便捷吸引了，小小一壶，既能烧水，又能煮茶饮、煮粥，还能直接当做直饮杯，对于上班族，简直是太方便了。

2 .有时晚上加班不能及时吃饭，可以花几分钟为自己煮一份晚餐充饥，温暖又舒心。

3 .简单的煮面和煮鸡蛋，甚至热牛奶，都可以完成，真是大爱了。

4 .600毫升的容量满足1-2人的需求，三段精煮和三段调温功能，外加八小时自动保温功能，特别贴心。",,1个北鼎Mini K养生壶，#藜麦花生蔬菜汤，6——10个干贝，1/3根胡萝卜，10颗花生，3颗桂圆，1颗红枣，1小碟藜麦，#藜麦豆腐蔬菜汤，1/3根胡萝卜，一小块豆腐，1根芹菜，1/3根西红柿，少许洋葱，1小蝶藜麦，#藜麦燕麦百合粥，1小蝶藜麦，1小蝶燕麦片，20颗毛豆，6片百合，1颗红枣,"1. 北鼎养生壶，依旧延续简洁大方的包装特点。
2. 有使用说明书、柠檬酸除垢片、还有一本食谱册。

小白一看就能上手，每个功能都有配创意食谱教程，还赠送了萌萌的插画mini壶贴纸，可以贴在壶上玩。
3. 杯体直身式设计，无底座，不占地儿；
可以当做直饮杯，使用容量很大哦；
顶部壶盖提手可以折叠，更方便收纳；
触摸按键，灵敏度高，防推到，操作更方便。
4. 非常小巧，比儿童水杯只大了一点。
5. 一：藜麦花生蔬菜汤
6. 食材：
干贝、胡萝卜、花生、桂圆、红枣、藜麦
7. 除了藜麦全部倒入养生壶里
8. 倒入500毫升水
9. 轻触开始，选择精煮10分钟。
这个操作面板设计很简约，功能刚好满足日常呢，一点也不输大壶。
10. 
10分钟结束后放入藜麦，再煮10分钟，藜麦正好煮好。

加入少许盐和白胡椒调味就可以。
11. 可以倒入碗里，也可以直接喝。
V型壶嘴，倒出不撒漏，满分呀！
12. 一碗暖暖的低卡藜麦汤，营养满满，不用担心长胖，清爽好喝。
13. 二：藜麦豆腐蔬菜汤

食材：西红柿、豆腐、芹菜、胡萝卜、洋葱、蒜、藜麦
14. 除藜麦，其他食材倒入养生壶
15. 倒入500毫升水，滴几滴橄榄油。
16. 选择精煮10分钟，完成后倒入藜麦。
17. 再煮10分钟就可以啦。
18. 满满的营养，色彩缤纷。
肖特玻璃，壶身晶莹剔透，对食材生熟一目了然。
19. 撒盐、黑胡椒调味。
20. 蔬菜汤很适合当做在家的下午茶，10几分钟完成一份，淡淡的蔬菜香配少许藜麦，清爽好喝。
21. 三：藜麦燕麦粥
藜麦、燕麦、青豆、百合、红枣
22. 食材一同倒入养生壶
23. 倒入500毫升水
24. 选择开始键，精煮10分钟
25. 因为有燕麦，水开后把盖子打开一条缝，防止溢壶。

以后对容易起泡的食材都建议打开盖子啦。

好好爱惜可爱的mini壶。
26. 声音静音，火力依旧很足。
27. 燕麦软糯，配着百合青豆和红枣，非常好吃。

我还喜欢把香蕉片加进去，一碗满满营养又不会发胖的燕麦粥。
28. 别看她小巧，2个人的量足够，营养满满。",17,9,9,1340.0,934.3,61.42,29.94,115.52,8.91,544.4,13.7,510.9,64.71,100.0,0,10,7,0,legacy,"[""零食"",""粥"",""汤粥主食"",""减肥"",""家常菜""]","[""5"",""6"",""14"",""16"",""21"",""27"",""129"",""146"",""229""]"
126266,洋葱炒鸡杂,洋葱炒鸡杂,看了很多菜谱 都是泡椒炒的 我口味偏甜 只能接受微辣 所以用平时炒菜的方法炒了 味道也不错,,1/3个白洋葱，200g鸡胗，150g鸡心，80g黄豆芽，适量葱，适量姜，5瓣蒜，适量料酒，适量耗油，适量生抽，适量豆瓣酱，适量海天黄豆酱，适量海鲜酱（可以不加），适量剁椒，适量盐，适量糖，适量孜然，适量黑胡椒，适量蒜蓉辣椒酱,"1. 鸡心对半切一刀 不要切断 洗干净里面的血块
2. 鸡胗洗净 这个样子切5刀 分成6块
3. 鸡心我划了花刀 也可以不划
4. 切蒜片 葱花 生姜切两片姜片再磨一点姜泥 洋葱切片 豆芽洗净
5. 切好的鸡杂 清水泡15分钟 然后再用料酒 姜泥腌15分钟
6. 将 耗油 生抽 豆瓣酱 黄豆酱 海鲜酱 蒜蓉辣椒酱 剁椒放一起 待会儿好直接下锅
7. 锅里放 葱 姜爆香
8. 放鸡杂 炒变色
9. 鸡杂变色后 推到旁边 将酱料下锅 
10. 煸出红油后 放洋葱 豆芽 一起炒
11. 出锅前尝下咸淡 加盐 糖 孜然（我用的是孜然颗粒研磨） 黑胡椒粉
12. 出锅撒葱花",19,7,7,755.0,683.6,70.27,25.23,46.4,4.18,193.6,18.67,336.1,42.11,100.0,3,2,14,0,legacy,"[""快手菜"",""家常菜""]","[""1"",""2"",""3"",""5"",""150"",""340"",""367""]"
126653,糯米鸡翅,糯米鸡翅,,,100克糯米，7个鸡中翅，少许葱花，少许胡萝卜，1根玉米，适量西兰花，适量生粉，腌鸡翅调料：，5片姜，2根葱，1汤匙料酒，1汤匙生抽，1汤匙蚝油，1汤匙老抽，1汤匙糖，1勺盐，1勺胡椒粉,"1. 备好所需食材。
2. 糯米加水泡四小时以上。然后淘洗干净过滤掉多余的水分备用。
3. 鸡翅放入调料腌制入味。（生粉除外）
4. 玉米先对半切开，然后再顺着纹路每隔两排切开。
5. 鸡翅倒出腌制的汤汁，加适量的生粉抓拌均匀。再两面裹上糯米。
6. 将裹好糯米的鸡翅和玉米依次摆放好，中间位置空出来。
7. 将胡萝卜切成小丁，洒在鸡翅上装饰。
8. 盖上锅盖大火烧开后转中大火蒸约30分钟。
9. 蒸制的过程中来处理一下西兰花。锅里水开后加适量的盐和食用油，然后倒入西兰花焯烫一下。变翠绿色就捞出过冷水。
10. 蒸好后的样子，揭开盖就闻到了糯香味。
11. 最后撒上葱花，摆放好西兰花装饰就完成了。
12. 一道高颜值又美味营养的料理。
13. 撕开可见肉质鲜嫩。
14. 咬一口，肉质嫩滑，非常入味。肉香加着糯香，好吃。",16,7,9,760.0,653.8,18.14,4.32,140.4,9.41,51.2,4.97,12.3,56.25,100.0,1,11,4,0,legacy,"[""家常菜"",""蒸""]","[""1"",""3"",""6"",""13"",""24"",""53"",""64"",""71"",""141""]"
126739,减餐又可下饭的胡萝卜炒鸡丝,减餐又可下饭的胡萝卜炒鸡丝,,,1块鸡胸肉，半根胡萝卜，2根不辣青椒，3个干辣椒，1汤勺豆瓣酱，适量酱油，适量蚝油，2汤勺淀粉，适量花生油，适量盐,"1. 青椒，胡萝卜切细条盛碟备用
2. 鸡胸肉切细条，
放适量盐，蚝油，酱油，淀粉搅拌均匀，
腌制15分钟。
3. 准备一勺豆瓣酱备用
4. 下花生油将蒜，干辣椒炒香

5. 放鸡丝条炒熟

6. 放胡萝卜炒软
7. 最后放入青椒炒，放豆瓣酱，2分钟出锅。
我这里不放盐了，因为腌制鸡丝有咸味了，不用放盐，味道刚好。
若不够味，就自己再放点盐。
8. 可以下饭吃
也可以完全当减肥餐
营养好看又好吃
",10,2,3,223.0,244.3,37.97,3.38,16.36,1.91,22.5,2.34,110.5,40.0,100.0,0,6,4,0,legacy,"[""家常菜"",""减肥"",""鸡胸肉"",""快手菜"",""下饭"",""炒""]","[""6"",""15"",""24""]"
127323,鲍鱼粥,鲍鱼粥,最近喜欢上了海鲜粥，各种海鲜粥都来试一下，哈！,,5只（比较小）鲍鱼，1杯小米，1把小白菜，适量盐，适量虾油，适量葱姜，适量料酒，少许鸡精,"1. 大火烧开砂锅里的水，放入提前泡好的小米（一般泡1个小时）再次烧开，小火煮20分钟左右至小米粘稠。
2. 鲍鱼处理干净，切成小细条，葱切碎，姜切丝备用。
3. 锅中放入提前熬好的虾油（虾油的熬法下厨房很多，自行搜索），爆香葱姜，放入鲍鱼丝，翻炒断生。
4. 将炒好的鲍鱼放入熬煮粘稠的小米粥中，继续煮15分钟。
5. 放入切好的小白菜，继续煮2分钟。
6. 加入盐，料酒，鸡精，尝一下咸淡。合适就可以出锅啦！
7. 太好喝了！鲜美无比！
8. 好好喝！",8,5,5,1530.0,728.3,81.7,6.93,89.53,9.48,1912.3,122.53,10748.8,50.0,100.0,0,3,5,0,legacy,"[""粥"",""主食"",""清淡""]","[""1"",""3"",""29"",""127"",""198""]"
127352,草头猪肝【曼食快语】,草头猪肝【曼食快语】,天气一暖和起来，菜市场就全都是绿油油的了，最近正好草头正当季，赶紧临时插播条很久没播的曼食快语，做道草头猪肝。酱爆过的猪肝香香嫩嫩，配上鲜嫩清香的草头，好吃到能下一大碗饭。草头猪肝要炒得好吃，就和我的口条一样，唯一的秘诀就是——天下武功唯快不破。PS：劝你们千万不要在家做草头圈子，不要问我为什么知道！,,100g草头，250g猪肝，1大勺白酒，1/4个洋葱，1段葱，1/2个青椒，2瓣蒜，1小块姜，1大勺猪油，2大勺生抽，2大勺料酒，2大勺土豆淀粉，1小撮白胡椒，1/2小勺糖，适量盐,"1. 清洗生猪肝，洗到没有血水出来的程度，切片
2. 猪肝中倒入料酒、生抽、淀粉和白胡椒，抓匀，封上保鲜膜，放冰箱冷藏2小时
3. 姜切丝、葱切丝、蒜切片、青椒切块、洋葱切块，切切切
4. 起油锅，下猪肝，炒到变色立即盛出
5. 姜丝、葱丝、蒜片倒入油锅，爆香，再下青椒、洋葱翻炒一会儿
6. 猪肝重新回锅，加糖、老抽、料酒和少量的水，大火翻炒至收汁，就可以出锅了
7. 重新热锅，下猪油，再加一点盐，油热后下草头，翻炒几下
8. 草头下锅后，立刻烹入高度白酒，再翻炒几下就可以出锅了
9. 将草头铺在盘中，再盖上之前炒好的猪肝，就可以吃了",15,6,6,1128.0,641.7,61.43,14.2,73.3,7.13,294.7,65.11,238.5,40.0,91.67,2,9,3,0,legacy,"[""快手菜"",""家常菜""]","[""2"",""3"",""5"",""11"",""171"",""511""]"
127421,川香辣子鸡,川香辣子鸡（又酥又辣又过瘾）,辣子鸡是一道经典的川渝地区特色传统名肴。成菜色泽棕红油亮，麻辣味浓厚爽口、略带回甜，鸡肉外酥里嫩，酥而不柴，令人垂涎，也是一道广受欢迎的家常菜、快手菜。,,#食材，250克草鸡，20克油炸花生米，10克葱，10克姜，10克大蒜，#调味料，2克十三香，150克干辣椒段，20克花椒，5克白芝麻，10克香油，5克白糖，2-3克盐，2克味精，2克鸡精，30克辣椒油，10克黄酒，10克花椒油，500克色拉油,"1. 在一堆辣椒里找鸡肉的感觉，也是很有趣的一件事情啊~





预处理步骤：
1.将土鸡用刀切成边长为2厘米的块。
2.将小葱切末。将生姜、大蒜分别用刀切片。
2. 将鸡块中加入盐、黄酒和十三香1克腌制调味。
3. 将锅中加入色拉油，待油温升至5~6成，放入鸡块炸至棕黄捞出。待油温继续加热至6~7成，放入鸡块复炸至外酥里嫩，捞出。
4. 将锅中加入色拉油、辣椒油、生姜、大蒜、花椒和干辣椒段，炒香。加入炸过的鸡块、盐、味精、鸡精、白糖、十三香1克、花椒油和香油翻炒均匀，最后放入花生米翻炒均匀即可。
5. 将辣子鸡盛入盘中，撒入葱末、花生米和芝麻即可。",20,5,5,305.0,161.7,6.62,10.96,10.2,2.11,52.6,1.52,6.8,35.0,100.0,18,0,2,0,legacy,"[""家常菜"",""快手菜"",""酥"",""辣"",""香辣""]","[""1"",""2"",""3"",""16"",""36""]"
127797,夏日下饭炸酱,夏日下饭炸酱（杏鲍菇胡萝卜土豆肉沫酱）,炎炎夏日，胃口不佳，需要一款能够刺激味蕾、提高食欲的下饭菜，于是，就诞生了这款炸酱^_^，搭配白米饭，超级无敌，包你多吃一大碗（减肥不吃米饭者请自行忽略……）😊,,1根杏鲍菇，1个（中等大小）土豆，1根胡萝卜，150克肉沫，半个紫皮洋葱，2-3瓣蒜，3-4片姜，2-3根（或一个）杭椒（或者青椒），若干葱花，1勺老抽，2勺生抽，2勺蚝油，2勺甜面酱，3勺豆瓣酱，少许（可以不放）黑胡椒粉,"1. 将杏鲍菇、胡萝卜、土豆、洋葱切丁，杭椒切粒，姜、蒜切末，甜面酱和豆瓣酱用勺子挖入小碗中待用。（肉沫忘记拍了）
2. 热锅冷油，倒入姜末，蒜末炒香。
3. 倒入肉末翻炒至发白。
4. 加入一勺老抽、两勺生抽、两勺蚝油翻炒。炒至肉末变色后盛入碗中待用。（这步没拍）
5. 锅中加入适量菜籽油，烧热后先放入洋葱丁炒香，然后倒入三丁（杏鲍菇、土豆、胡萝卜）翻炒至杏鲍菇缩水，胡萝卜和土豆明显断生后关火，倒入空碗中待用。
6. 开小火，锅中倒入少许油，将甜面酱和豆瓣酱倒入炒香（我喜欢吃辣，还加了一小勺郫县豆瓣酱）。
7. 酱炒香后倒入肉末翻炒至上色、油亮。
8. 接着倒入三丁一起翻炒（用中火，大火容易糊锅底），如果觉得有点干，可以分次加入一点水炒，大概加2-3次水（每次加半个鸡蛋大小的水，不能加多，只要不糊锅就行），一共炒5分钟左右，主要是将胡萝卜和土豆丁炒熟入味。
9. 出锅前加入杭椒粒，葱花翻炒几下。
10. 因为里面有洋葱和胡萝卜，所以出锅前我撒了点黑胡椒粉^_^（不喜欢的可以忽略哈）
11. 好啦，可以享受啦……无敌下饭菜，你值得拥有🥳",15,7,7,867.0,219.7,6.84,0.81,48.85,5.05,69.9,2.68,104.0,60.0,100.0,1,12,2,0,legacy,"[""下饭菜"",""家常菜""]","[""1"",""2"",""3"",""6"",""12"",""83"",""123""]"
127885,土豆炖排骨豆角,土豆炖排骨豆角,,,豆角（芸豆），排骨，料酒，香叶，葱，花椒，大料，土豆，咸盐，糖，味极鲜，老抽，鸡精，姜，蒜,"1. 将土豆削皮切块，豆角切段，葱姜蒜切好备用
2. 锅中倒入水，烧开，将排骨放入，煮五分钟捞出，用凉水冲洗干净控水，备用。
3. 中火，炒锅中加油烧热，放入两勺白糖，待糖变成咖色，将土豆倒入翻炒，再将排骨、花椒、大料、葱姜蒜倒入翻炒1分钟。
4. 将料酒、味极鲜、倒入锅中翻炒，倒入适量水，煮开，五分钟后，放入豆角，豆角平铺在土豆及排骨上，水的量基本盖过豆角即可。倒入适量盐、鸡精、老抽、香叶，盖上盖子，小火炖，待锅中水不多时，翻炒一下，出锅。
5. 开吃。",15,5,5,0.0,0,0,0,0,0,0,0,0,33.33,0.0,0,0,15,0,legacy,"[""炖"",""下饭菜"",""家常菜""]","[""1"",""2"",""3"",""12"",""84""]"
128239,开胃解腻酸辣手撕鸡,开胃解腻酸辣手撕鸡,一道麻辣酸开胃的手撕鸡，操作简单哦！跟着我这几个步骤就可以做出一道美食。,,3个鸡腿，3根香菜，1段葱白，5瓣蒜末，3个八角，适量姜，1勺花椒面，1勺辣椒面，3个小米椒，1勺芝麻油，3勺酱油，3勺白醋，适量味精，适量料酒，1勺糖，适量熟芝麻，1勺蚝油,"1. 准备好鸡腿表面改划刀深一点为了熟透。
2. 水开放鸡腿下八角料酒去腥，表面血末去掉。
3. 煮鸡腿期间我们可以来准备好小米椒，蒜末，葱白，姜末，辣椒面，花椒面，油热直接泼，搅拌均匀备用，比例都在用料列表。
4. 准备碗调酱汁，芝麻油，酱油，白醋，蚝油，糖，味精，把糖味精搅拌化了备用。
5. 煮好的鸡腿洗净表面的血末，再给他洗个冷水澡。
6. 泡凉的鸡腿撕成你喜欢的模样。
7. 最后一步啦！拿个碗放入切好的香菜撕好的鸡腿加入泼好的辣椒面调好的酱汁搅拌均匀撒上不要钱的熟芝麻，美味的手撕鸡完成啦！",17,5,6,715.0,753.5,86.69,27.29,61.86,36.03,127.0,9.45,318.9,35.29,100.0,0,12,5,0,legacy,"[""快手菜"",""凉菜"",""家常菜""]","[""2"",""3"",""9"",""18"",""24"",""589""]"
129359,蒜香豉汁牛肉,蒜香豉汁牛肉,,,300克牛肉，豆豉，洋葱，青椒，蒜苗，葱，姜，蒜，老抽，生抽，淀粉，盐，味精，香油，料酒,"1. 准备材料
2. 牛肉逆纹理切片，加少许生抽、干淀粉、料酒、适量水和植物油拌匀，腌约30分钟。老抽、盐、味精、香油、水淀粉调成芡汁备用
3. 洋葱、青椒、青蒜切段待用
4. 炒锅放植物油烧热，下牛肉片
5. 待牛肉滑至变色，捞出控油
6. 炒锅留底油烧热，下葱姜蒜、豆豉煸香
7. 加洋葱青椒煸炒一小会
8. 加牛肉片、蒜苗略炒
9. 倒入事先调好的芡汁
10. 翻炒均匀即可",15,7,7,300.0,480.0,60.0,26.1,1.5,0.0,15.0,5.4,192.3,53.33,100.0,1,0,14,0,legacy,"[""家常菜"",""下饭菜""]","[""1"",""2"",""3"",""5"",""8"",""11"",""80""]"
129931,虫草花香菇荷叶蒸鸡,虫草花香菇荷叶蒸鸡,虫草花香菇荷叶蒸鸡是一道我经常做的菜，这样搭配就我尝试过很多次之后觉得最好吃的味道！,,半只三黄走地鸡，一张荷叶，适量香菇，适量单片木耳，适量虫草花，适量枸杞，半条广东酒香腊肠，少许盐，适量姜丝，适量蒜头，3勺生抽，1勺蚝油，半勺鸡粉，1勺油，半勺白米酒，半勺生粉，2根葱,"1. 荷叶提前泡发洗干净备用！
2. 三黄走地鸡半只，所有调味料加入调味。
3. 香菇，虫草花，单片木耳提前泡发洗干净备用。       香菇切丝，准备点姜丝，蒜粒，葱白，枸杞。
4. 调味好的鸡均匀铺在荷叶上面。
5. 加入其他配料。
6. 重要的环节就是：加几片广式酒香腊肠。
7. 开水下锅，大火蒸十分钟，加入葱段。
8. 太好吃了！",17,5,5,32.5,14.2,0.33,0.09,3.13,0.28,14.8,0.28,2.2,41.18,100.0,0,10,7,0,legacy,"[""私房菜"",""晚餐"",""家常菜"",""蒸"",""广式""]","[""1"",""2"",""3"",""23"",""57""]"
130125,家常菜～好吃的豉椒鸡球,家常菜～好吃的豉椒鸡球,为什么叫鸡球是因为把去骨鸡腿先切条再切成三角形△，遇热后三角形△鸡腿肉边缘更容易收缩成一团变成“球”状！,,2只去骨鸡腿，少许盐，适量蒜，适量姜丝，适量淀粉，少许香油，一小勺豆豉，适量洋葱，一个青椒，一个红椒/黄椒，适量白糖，如下调味汁，两勺料酒，两勺生抽，两勺蚝油，适量鲜椒酱,"1. 准备去骨鸡腿两只，去除多余的油脂。
2. 先切条再切成三角形△小块。
3. 放少许盐，用手抓抓进行腌制。
4. 再加适量淀粉，抓匀。
5. 腌制鸡腿肉时准备一小勺干豆豉切碎，准备好蒜末和姜丝(图没拍)。
6. 准备洋葱切小块，青椒红椒都切小块(图没拍)。
7. 准备鲜椒酱取适量放小碗中，喜辣的友友多放，不吃辣的朋友可以不放。
8. 加两勺料酒。
9. 加两勺生抽。
10. 加两勺蚝油，搅拌均匀，备用。
11. 把腌制的鸡腿肉加一点香油，用筷子翻拌均匀。
12. 不粘锅烧热，放油，下姜丝。
～热锅凉油。
13. 下鸡球。
14. 鸡球自然收缩变“球状”，翻炒至完全变色。
15. 迅速放洋葱。
16. 迅速放红椒或黄椒以及青椒。
17. 迅速翻炒均匀，即可盛出，备用。
18. 锅中余有一点油，放蒜末。
19. 倒入豆豉碎，小火🔥慢慢煸炒出豉香味。
20. 中火🔥，倒入步骤17炒好的鸡球。
21. 倒入步骤10准备好的调味汁。
22. 迅速翻炒均匀。
23. 目的是让鸡球充分吸收全部汤汁。
24. 大火🔥收汁，出锅前加少许白糖，关火。
25. 盛盘。
26. 豉香鸡球非常嫩，搭配洋葱彩椒营养健康！",16,5,6,320.0,368.0,49.12,17.52,4.16,0.0,8.8,4.56,182.2,37.5,85.71,0,6,9,0,legacy,"[""快手菜"",""家常菜"",""便当""]","[""2"",""3"",""5"",""11"",""24"",""589""]"
130959,香辣龙虾尾,香辣龙虾尾（自己调味）,特别的好吃入味，儿子很喜欢！一口好几个像吃小零食一样。୧(๑•̀⌄•́๑)૭,,半斤龙虾尾，适量花椒，适量料酒，适量豆瓣酱，一小勺豆豉，适量干辣椒，适量小米辣，适量大蒜，适量生姜，一勺白糖，一勺陈醋，一小个洋葱，少许盐，适量味精，一勺生抽，一勺酱油，少许葱花,"1. 准备好龙虾尾，我买的现成冷冻的，不需要洗，只要解冻好 腌就行了 （腌只用盐，一碗料酒，姜片去腥增味就行，在料酒里泡15分钟。）
( ・᷄ ᵌ・᷅ )  没看错，是一碗料酒哦～ 没有料酒小半碗白酒也行，要浸泡会。
2. 炒料：洋葱切碎成小丁，小米辣切碎，一整个大蒜的蒜末，姜片，一勺豆瓣酱，一小勺豆豉，一些干辣椒，生抽，酱油，搅拌均匀。（不需要再放盐了，豆瓣酱豆豉酱油的那些咸味够了，前面的虾尾也腌过就不需要了。）(›´ω`‹ ) 再加盐会很咸哦（￢㉨￢）
3. 热锅烧油，倒入调制好的炒料，炒出香味后倒入虾尾，翻炒一会，再把腌龙虾的料酒也倒进去，再加入冷水，没过龙虾就行，大火煮大概十三分钟左右，视情况而定，差不多收汁就行，不需要收太干，然后起锅装盘，撒上少许葱花点缀，香辣鲜香的龙虾尾就做好啦<(￣︶￣)>，超级好吃",17,5,5,400.0,60.0,1.65,0.3,13.5,1.35,36.0,0.9,6.6,41.18,85.71,1,5,10,0,legacy,"[""家常菜"",""下饭菜""]","[""1"",""2"",""3"",""5"",""91""]"
131221,豆花肉片,豆花肉片,,,1块里脊肉或鸡胸肉，适量玉米淀粉，2勺（吃饭勺）料酒，1盒内脂豆腐，适量花椒粒，适量葱花，3瓣蒜，适量姜，适量花生碎，适量白芝麻，半勺（调料勺）盐，适量油，2勺（吃饭勺）鸡汁，1勺（吃饭勺）蚝油，1勺（吃饭勺）豆瓣酱，1勺（调料勺）白胡椒粉,"1. 因为减肥所以我用的是鸡肉，肉切薄片加入盐、料酒、1小勺食用油、1勺玉米淀粉抓拌均匀，腌制半个小时。
2. 内脂豆腐底朝上，剪掉四个角，再开上面，出来的豆腐完整。
3. 锅中热水放入内脂豆腐煮2分钟捞出，放入准备放菜的盆碗中。动作要慢，千万不要弄碎。
4. 把腌好的肉片放入热水锅中焯熟，捞出。
5. 另起锅倒油放入切好的蒜丝和姜丝炒出香味放蚝油，豆瓣酱，加入水，煮开后放入鸡汁、胡椒粉（喜欢吃辣的这步放辣椒酱或郫县豆瓣酱）
6. 放入肉片煮2分钟，（可以放你喜欢吃的菜）放入调好的水淀粉勾芡，倒入放豆花的碗中。
7. 撒上葱花、蒜末、芝麻和花生碎，干辣椒段。
8. 锅中烧油炸一下花椒粒捞出，热油浇在碗中，吃的时候用勺子从下往上舀，豆花、肉片、花生、汤汁一口吃下。",16,5,5,25.0,19.2,0.68,0.03,4.14,0.17,5.8,0.18,2.9,37.5,100.0,0,9,7,0,legacy,"[""家常菜"",""减肥"",""快手菜"",""宴客菜""]","[""1"",""2"",""3"",""16"",""36""]"
132051,小美炖土鸡,小美炖土鸡,一直用日本进口的万古烧砂锅煲汤，即使买了小美两年多了。天气热了，就试着让小美来炖。2小时100度恒温炖，一点不比砂锅差，还省事不用看管，推荐夏天用小美煲,,1只土鸡，15克料酒，8克盐，最高水位水，适量平菇，适量虫草花，5片姜,"1. 洗净切块
2. 主锅内加入鸡块，姜片，料酒，水加到最高水位。设定90分钟/100度/反转小勺
3. 清冼平菇和虫草花，并沥干。音乐响起后加入
4. 再设定30分钟/100度/反转小勺，并放适量盐
5. 音乐响起后，倒出享用",7,3,3,140.0,18.4,0.52,0.24,4.12,1.08,10.8,0.56,6.0,57.14,100.0,2,2,3,0,legacy,"[""汤羹"",""家常菜"",""土鸡""]","[""3"",""24"",""118""]"
132350,麻辣香锅,超简单的麻辣香锅（海底捞料包）,被疫情开发的做饭技能,,1包海底捞麻辣香锅调料包，10颗左右鱼丸鱼豆腐脆皮肠，6片肥牛片，1个土豆，1个红薯，0.5节藕片，0.5把金针菇，1颗娃娃菜，0.5朵西兰花，豆芽，葱姜蒜,"1. 把各类食材下锅焯水（为了怕自己炒不熟我直接焯成了全熟），顺序是：鱼丸虾丸等（3min左右）➡️肥牛片（1min左右）➡️土豆藕片红薯（3min左右）➡️西兰花（3min左右）➡️金针菇豆芽娃娃菜（1min左右），捞出备用；
2. 锅烧热倒油、放入葱姜蒜炝锅，炒香后倒入海底捞酱包，加入菜翻炒，炒香后出锅。
3. 用的是上图的调料包，里面有两小包，一锅菜用一包基本就够，咸度完全OK不用单独加盐，喜欢吃辣的里面有配干辣椒可以再放。",11,10,10,750.0,430.0,16.35,2.2,92.45,6.8,247.5,5.85,335.3,63.64,100.0,0,8,3,0,legacy,"[""下饭菜"",""家常菜"",""辣""]","[""1"",""2"",""3"",""12"",""28"",""46"",""53"",""66"",""70"",""92""]"
132886,这样做的凉拌猪肝,🔥这样做的凉拌猪肝，香辣开胃，特别好吃❗️,凉拌猪肝这样做，香辣开胃，简单又好吃，而且一点都没有腥味，朋友们赶紧试试吧😄,,500克猪肝，3根葱，3片姜，1勺料酒，1小块桂皮，1个八角，2片香叶，1勺辣椒粉，半勺盐，半勺鸡精，1勺花椒粉，1勺生抽，1勺陈醋，1勺辣椒油，1勺葱花，1根香菜，1个红辣椒,"1. 猪肝洗净后，冷水下锅
放葱姜料酒，八角，桂皮，香叶
2. 煮20分钟捞出切薄片
3. 放姜蒜末，辣椒粉，盐，鸡精，花椒粉
4. 生抽，陈醋，辣椒油，葱花
5. 泼热油激发香味
6. 放香菜，红辣鸡，抓拌均匀即可开吃
7. 喜欢的朋友赶紧试试哦😄真的特别好吃",17,5,5,674.0,655.1,97.13,23.84,14.05,1.33,75.4,117.15,355.6,35.29,100.0,1,16,0,0,legacy,"[""家常菜"",""下饭菜"",""食材""]","[""1"",""3"",""9"",""50"",""171""]"
132890,广式古法竹蔗羊腩煲,广式古法竹蔗羊腩煲,"南半球进入夏季了，虽然照旧冷飕飕得盖被子。趁天气还没完全变热，最后再吃一次羊腩煲，也一并做了记录，分享这款吃了一整个冬季和春季的广式古法羊腩煲。

这是一款绝对不容错过的家庭秋冬料理。这味菜肴的关键除了去除羊骚味的方法以外，很重要是加了甘蔗水，吃过你绝对不会后悔～～现在要吃到这味菜肴已经很难了，那就在家做吧(∩_∩) 

炖好以后放上打边炉，热呼呼地配米饭，或者继续涮点蔬菜，是推荐的吃法哟！

我用了带皮黑羊羔肉，所以看起来羊肉皮黑黑的，口感有点韧，推荐大家用普通羔羊肉更好味。",,【焯水：】，600克羊腩，大的1根胡萝卜，2个马蹄（荸荠），1段甘蔗段，【炖煮：】，5片姜，1块桂皮，2个八角，2片香叶，1大片干陈皮，3块玫瑰腐乳，2大片腐竹（枝竹），1个冬笋，5个冬菇（香菇），200ml甘蔗水（竹蔗水），【蘸料：】，1块白腐乳，2片新鲜柠檬叶,"1. 羊肉切块后冲洗干净。胡萝卜切滚刀块。马蹄去皮。甘蔗切细条。腐竹泡温水10-15分钟直到软身，沥干水分。
2. 胡萝卜、马蹄、甘蔗段、羊肉一起，放入冷水，水量淹没过食材即可，大火煮20分钟。

放这些材料和羊肉一起焯水能比较有效去除羊肉的血水和骚味，我这里买不到新鲜甘蔗，用的是罐装的竹蔗水，个人也比较喜欢羊肉味。不喜欢羊肉臊味的厨友推荐用这个方法来去味。
3. 水沸后慢慢就看到了浮沫。焯水是不盖锅盖的，盖锅盖会让食材太快融化或煮烂，把后面炖煮时需要的咸甜味在焯水的时候就都煮出来了。
4. 放凉水或冰水里完全冲洗干净，沥干水分，放入煲锅或铸铁锅内。
5. 再放入香辛料（姜片、桂皮、八角、香叶、陈皮）。
6. 加入冷水，盖锅盖，开大火煮沸，转到中火煮15分钟。再放入切块的冬笋、冬菇、腐竹，盖锅盖转小火继续煲15分钟。
7. 放入玫瑰腐乳。盖锅盖，小火炖2小时。
8. 最后开盖子倒入200ml甘蔗水，煮2-3分钟即可。
9. 整个羊腩煲里是没有放盐的，只放了腐乳和甘蔗水调味，非常鲜美清甜，也没有羊骚味。汤可以略加盐直接喝，羊肉和其他食材可以蘸白腐乳和柠檬叶，没有柠檬叶放香菜也是可以的。
10. 把锅放在打边炉上，咕噜咕噜，一整顿饭慢慢吃，还可以涮些大白菜，超级美味哦！( ´▽｀)这是一款绝对不容错过的家庭秋冬料理。",16,5,5,1505.0,353.9,19.89,5.69,60.54,9.73,97.1,6.73,130.1,50.0,93.33,2,12,1,0,legacy,"[""粤菜"",""煲"",""家常菜"",""快手菜"",""火锅""]","[""3"",""6"",""131"",""184"",""269""]"
132891,清炒虾仁,简单的清炒虾仁，非常适合拌饭,,,300克虾仁，1根黄瓜，1勺料酒，1勺淀粉，10克盐，3片姜，2瓣蒜，100克水，10克糖,"1. 我使用的是大虾，扒掉皮去除虾线，简单的清洗一下。也可以直接使用虾仁。切成小段备用。
2. 黄瓜切成和虾仁差不多的大小，留着备用。准备一碗清水，放入淀粉拌匀。
3. 热锅冷油，姜片，蒜片爆香，放入虾仁翻炒几下，放入料酒。再放入黄瓜丁大火火继续翻炒。倒入刚才准备水淀粉，放盐，糖调味，翻炒均匀就可以出锅了。",9,4,5,539.0,667.4,133.47,8.39,15.33,1.76,1724.1,34.49,14691.2,55.56,100.0,4,5,0,0,legacy,"[""家常菜"",""快手菜"",""减肥"",""简单"",""炒"",""饭""]","[""2"",""3"",""19"",""41"",""590""]"
133273,雪莲子南瓜粥,雪莲子南瓜粥,"雪莲子就是皂角米，植物胶原蛋白很丰富 健脾润肠对女生皮肤也超级好的
南瓜香甜粉糯，而且100g只有22大卡的热量噢
记得要挑很硬很硬的南瓜，我用的是橙色皮的那种小南瓜
最好是指甲用力掐也不破的那种，煮出来就会很粉很好吃～

再加点糯米杂粮莲子什么的 更加健康又饱腹^^

雪莲子只要20－30g，泡好之后就很多
p.s.泡发皂角米看下面的小tip噢

最喜欢粥的原因就是可以随意diy，什么喜欢的都可以扔进去^^
还有就是这款粥热量真的超级低 女生用来作减肥餐 或者当夜宵都OK的噢
冰糖少放一点，一小碗才100多卡的热量 但是会超级满足的～",,皂角米，350g南瓜，任意米，莲子，冰糖,"1. 南瓜洗净去皮，切成小块
2. 提前一天左右泡发的皂角米水不要倒掉，直接加紧锅里，否则营养泡出来就浪费了。图里左边一颗颗的是魔芋米，提前一天晚上泡发的；右边是雪莲子。
3. 加入喜欢的米和莲子。
因为莲子不需要泡，开始烧的时候放进去就好。图片里莲子还没有放^^
4. 煮到一半的时候加冰糖，用量自己按口味。
5. 煮好就可以吃啦 很稠的噢",5,3,3,350.0,80.5,2.45,0.35,18.55,2.8,56.0,1.4,2.8,60.0,100.0,1,0,4,0,legacy,"[""粥"",""早餐"",""减肥""]","[""30"",""122"",""207""]"
133421,红烧小龙虾,红烧小龙虾,"夏天我就是好这口，在靖江的餐桌上顿顿都少不了这口，靖江的小龙虾就生长在溪头岸边，随意惬意，每每端上桌来，是让人嘬牙花子般得好吃。可是写下这个题目时，我想后面评论里又会有战争了，骂人的，声讨的，苦口婆心的，讥讽的。出现在我的评论里。头些日子看到某美食名博彻底关闭了博客，因为不知何方神圣见天的如影随形般恶骂般得留言。
其实我倒是想说，大家都平和点，俺们其实揍是写的自家饭桌上的事，没什么好与坏，正宗与否，您敢说您家餐桌上吃的揍都是最健康的，做法都是传承老祖宗的一丁点都没有变化，就是您是这样，俺们也权利不是，您当然还有权利发表您的言论，好言好语俺们接受，谩骂指责您就先找地发泄好了再来吧，再说了乐意你就看，不乐意您就大可不看别动了肝火。有人问我咋想的？俺想俺就是一笑置之而已，这年头嘛人没有，罗玉凤这货都活的美着呢，郭美美一天一身份，多热闹啊！有气骂他们去吧！咱这边还是散了吧！！！",,小龙虾，葱，姜，蒜，小茴香，花椒，八角，豆豉，小红辣椒，熟白芝麻，盐，糖，胡椒粉，蚝油，鸡精，鲍鱼汁,"1. 葱切段、姜切片，佐料准备好
2. 小龙虾买回来先用清水加几滴香油养着，待它们吐净脏东西，多换水几次再用牙刷前后清洗干净
3. 锅内放油煸香葱姜蒜、小红辣椒段、小茴香、花椒、八角、豆豉
4. 煸出香味后倒入小龙虾
5. 烹入绍酒放入盐、糖、鸡精
6. 加入蚝油2大勺炒出香味加开水，大火烧开改小火烧入味
7. 放入鲍鱼汁后大火炖10分钟收汁
8. 出锅前撒入熟白芝麻，点几滴香油",16,5,5,0.0,0,0,0,0,0,0,0,0,37.5,0.0,0,0,16,0,legacy,"[""红烧"",""家常菜""]","[""1"",""2"",""3"",""50"",""182""]"
133469,滑嫩肉末蒸蛋,滑嫩肉末蒸蛋,肉和蛋的糅合就是鲜,,少许盐，2个鸡蛋，20克肉末，2倍鸡蛋液温水，1片姜，1根小葱，1勺酱油,"1. 打蛋入碗，放入葱姜。加入2倍温水。
2. 肉末炒香，多出来的放入冰箱，随用随取，省时省力。
3. 肉末晾凉放入鸡蛋液当中搅拌，罩上保鲜膜保鲜膜边缘要紧，不然水蒸气会弄塌保鲜膜，影响口感。蒸20分钟左右。",7,3,3,118.0,145.4,13.36,8.69,3.71,0.36,65.4,1.84,133.7,42.86,100.0,1,4,2,0,legacy,"[""家常菜"",""蒸"",""鸡蛋羹""]","[""1"",""3"",""7""]"
133697,板栗大盘鸡 附面条做法,板栗大盘鸡  附面条做法,"我觉得板栗大盘鸡绝对是一个了不起的发明，就像是“通勤包”、“百搭款”.....经得起风浪，留得下积淀，永远的流行！ 在这样一个“黄金周”、“板栗季”，招待朋友的首选哦！ 
       饿了就拌面，不饿你就端起小酒吧，假期快乐！",,#主要食材：，500g鸡，200g板栗或者土豆，1-2个青/红椒，50g油，20g糖，10g料酒，3片生姜，25g豆瓣酱，2个八角，3厘米小段桂皮，1g花椒，5g干辣椒段，250ml热水，5g生抽，3g盐，#面条食材：，200g中/高筋面粉，2g盐，110g水,"1. 鸡肉斩大块（5-6厘米左右）。
2. 冷油入糖，小火加热至微微冒泡，倒入鸡块中火翻炒至表面覆盖有焦糖色，倒入料酒继续翻炒几下。
3. 放入生姜、豆瓣酱、八角、桂皮、花椒，干辣椒段，将香味翻炒出来。
4. 倒入热水，煮开。
5. 加入少许生抽和盐，小火煮20分钟。
6. 加入板栗煮20分钟。
7. 青椒、红椒切滚刀块，倒入锅内，大火翻炒断生，出锅。
8. 面粉和盐混合均匀，倒入水和成表面光滑的面团。
9. 盖保鲜膜松弛15分钟。
10. 擀成厚片，大约5毫米左右厚度。
11. 切成宽面片，宽度大约5厘米。
12. 煮面锅水烧开，用手轻轻将面片拉长，厚度1-2毫米，放入锅内煮熟盛出。
13. 面条和大盘鸡拌匀就可以了开动了。
14. 做我的方子有任何问题欢迎加微博或微信交流，加入的验证信息请填写您的下厨房昵称，方便对号入座。
新浪微博请搜索「超食控」
15. 我的微信号：chao-shi-kong",17,2,2,24.0,11.0,0.31,0.14,2.47,0.65,6.5,0.34,3.6,5.88,100.0,13,3,1,0,legacy,"[""家常菜"",""下饭菜"",""下酒菜"",""快手菜""]","[""3"",""24""]"
133778,矜宸•滑蛋牛肉粥,矜宸•滑蛋牛肉粥,很健胃养生的一款粥，大鱼大肉之后换换口味很不错哟,,2杯(根据自己烧粥的习惯)大米，100克牛里脊，1个鸡蛋，1勺蚝油，1勺淀粉，1个鸡蛋清，1勺料酒，1根芹菜，1片姜,"1. 取一大锅煮粥，水和米的比例控制好，粥煮的不要太厚。
2. 大火煮开后放一根筷子加盖小火煮40分钟。
3. 粥煮好加盖焖着防止起皮。
4. 芹菜切末，姜片切末，牛菲力解冻后切成薄片。
5. 加入盐，白胡椒，蚝油，料酒，清水，生粉，鸡蛋清搅拌均匀。
6. 一颗鸡蛋打散备用。
7. 将烧好的一粥根据需求盛入另一个锅中，量自己控制。
8. 开火加热，如果粥太厚可加少许矿泉水搅拌。
9. 粥滚开后加入牛肉。
10. 鸡蛋液，缓慢的划开。
11. 撒入芹菜姜末，搅拌断生。
12. 用盐，白胡椒，糖调味。
13. 这样一款滑蛋牛肉粥就做好了，简单美味，牛肉鲜嫩无比。",9,6,7,623.0,1243.5,52.8,8.09,242.18,2.62,66.9,8.76,247.4,77.78,100.0,1,8,0,0,legacy,"[""粥"",""家常菜""]","[""3"",""7"",""8"",""20"",""27"",""52"",""152""]"
134107,笋子烧牛肉,笋子烧牛肉,,,牛肉，干笋/扁尖，两根葱，6个蒜瓣，5片（或者一块姜用刀背拍裂）姜，两个八角，4个香叶，两个香草果，一个桂皮，干辣椒或干，若干花椒，豆瓣酱，生抽，老抽，冰糖，盐，或鸡精味精,"1. 竹笋切断，牛肉切大粒，香料和姜蒜准备好，葱挽成小把
2. 锅里倒入少许油，油热后倒入牛肉粒翻炒
3. 翻炒牛肉的同时，将竹笋放入另一个锅中加水煮一煮
4. 炒牛肉的时候，最开始会炒出很多水，一定要耐心炒，炒到水分都蒸发了，才行
5. 牛肉的水分炒干后，加入一勺豆瓣酱
6. 翻炒大概1分钟，炒出豆瓣酱的香味
7. 放入准备好的香料，葱姜蒜，继续翻炒，大概1分钟左右，炒出香料的香味
8. 加入开水，加入的水没过所有的材料即可
9. 锅里加入少许老抽，生抽，一小块冰糖，然后盖上锅盖，小火慢炖，大概30—40分钟，时间取决于牛肉软硬，30分钟后，可以夹一块牛肉尝尝
10. 我在快好的时候加入了新鲜的红辣椒，提升鲜辣的味道，起锅的时候尝一尝，如有需要，再用盐，糖，味精或鸡精调味",17,4,4,90.0,62.2,2.19,0.38,13.38,1.69,36.9,1.18,13.9,23.53,100.0,0,7,10,0,legacy,"[""家常菜"",""下饭菜""]","[""1"",""2"",""3"",""8""]"
134185,冬季最爱的凉拌大白菜,冬季最爱的凉拌大白菜,在朋友家吃过这道凉拌菜，念念不忘，完美复刻了一次，被速度光盘。好东西要分享，也为了自己记录下菜谱。,,4-5片大白菜叶，小半张千张，1根黄瓜，小半根胡萝卜，1把粉丝，20克肉丝，5粒蒜，20克醋，10克生抽，1克胡椒粉，1勺辣椒油，少量花椒油，5克麻油，5克糖，可加可不加鸡精,"1. 1、大白菜叶子切丝，白菜帮单独切下来可用尖辣椒爆炒，也是非常好吃的。黄瓜、胡萝卜切丝，我是省事用的擦刀，千张切丝。粉丝抓一小把泡软。
2. 2、千张焯水。水开后放入，加点盐，1分钟左右就好，不要煮太长时间。
3. 3、粉丝煮软。今天家里没有粉丝了，就没有放，味道依然很好。
4. 4、肉切丝，用生抽、淀粉、胡椒、盐腌一下，过油爆炒，盛出备用。
5. 5、所有的丝，切好的，煮好的放一个大碗里，依次加入蒜泥、醋、生抽、麻油、花椒油、糖、辣椒油、胡椒粉、鸡精（不喜欢吃的可不加），舀一勺爆炒肉末，拌匀，装盘，开吃。",15,4,4,450.0,294.3,10.26,9.05,43.91,2.42,134.4,5.04,74.8,46.67,100.0,6,7,2,0,legacy,"[""快手菜"",""家常菜""]","[""2"",""6"",""19"",""180""]"
134262,土豆丝蘑菇蚬子汤,土豆丝蘑菇蚬子汤,,,1个新鲜土豆，100克蟹腿蘑菇，500克蚬子，50克猪肉，2片姜片，1个大料，10粒花椒，10克油，1小勺香油，适量盐，2克鸡粉，3克糖，1勺料酒，1勺耗油，适量一品鲜酱油，2根小葱，1根香菜，少量十三香,"1. 切肉丝，葱花，香菜段，姜片，大料，花椒备好
2. 蚬子干锅煮出来，开口就好（铁锅不放任何东西，烤出的蚬子很好吃）
3. 扒出肉，汤留着待用
4. 蘑菇过开水，
5. 土豆擦成丝，千万不要洗 ！！
6. 热锅放油煸炒肉丝，姜片，大料，花椒同时下过煸炒
7. 放入少量葱花，一品鲜，十三香，耗油，料酒，糖，土豆丝蘑菇继续煸炒有粘糊状后添水有骨头汤更好，放半块汤宝也非常棒！
8. 烧开后，调口，盐，鸡粉，后放入蚬子还有汤
9. 洒上葱花，香菜段，美味出锅了！
10. 好好享用了！！",18,6,6,746.0,538.1,47.16,22.57,38.45,2.48,237.3,59.02,138.6,33.33,100.0,6,9,3,0,legacy,"[""家常菜""]","[""1"",""3"",""4"",""9"",""12"",""427""]"
134980,妈妈,妈妈，我不要吃白煮蛋了！百分百成功中式溏心蛋，我们要仪式感和糖心！,"小时候有没有被妈妈逼着吃白煮蛋😭，
 一点味道也没有的蛋，蛋黄还很干。

拯救孩子童年的溏心蛋，你值得拥有！一起剥鸡蛋放入冰箱等待美食的过程，一定会让生活充满仪式感和爱

鸡蛋的氨基酸成分比例是很贴合人体的，
疫情在家，鸡蛋是最佳营养品！ 

日式溏心蛋都用的日本的酱油和调料，我们用中式的酱油来完成这一道美食！",,6个鸡蛋，10克盐，2勺生抽，1勺老抽,"1. 鸡蛋六个，打开手机秒表。 
2. 锅中放入水和10g盐！。

水煮开， 记得水煮开再放入鸡蛋！

鸡蛋放入以后倒计时开始。 

倒计时6分钟

3. 等待中， 不要走神

5分40秒的时候关火！！！
4. 6分钟的时候 捞出，快速放入冰冷水中！ 这样才能蛋壳分离！

我在北方，冬天自来水就很冰，直接用自来水。
5. 感觉到鸡蛋冷却以后开始，这个时候鸡蛋应该会有一点点点的余温。剥壳一定要细心！
6. 准备好 温开水，加入两三勺生抽，一勺老抽。

鸡蛋泡入卤水中。

用保鲜盒打包好，放入冰箱中。
7. 放入冰箱， 3.5小时的成品， 放的越久越入味！
8. 鲜美！ 少了白煮蛋的单调，多了层次分明细腻的口感",4,1,1,300.0,417.0,39.3,25.8,7.2,0.0,168.0,4.8,394.5,25.0,100.0,1,3,0,0,legacy,"[""鸡蛋"",""快手菜"",""溏心蛋"",""家常菜"",""儿童""]","[""7""]"
135179,炒鸡下饭的番茄牛肉,炒鸡下饭的番茄🍅牛肉🥩,"近期因疫情独自困在家中的厨房小天才👨🏻‍🍳LL
创作",,适量牛肉🥩，1个番茄🍅，1个洋葱🧅，1个土豆🥔，2根胡萝卜🥕，3根白芹菜，适量小葱，适量香菜，5个小米辣🌶，适量姜蒜🧄，一勺白糖，适量生抽老抽蚝油，适量八角小茴香干辣椒花椒粒，半杯牛奶🥛,"1. 首先准备好需要的蔬菜，洗净削皮备用～
2. 1️⃣在烧开的水中放入切小块的牛肉🥩，放入姜片和料酒焯水沥干备用～  2️⃣番茄、洋葱切碎备用～3️⃣葱、香菜、芹菜、小米辣切成小粒备用～4️⃣土豆、胡萝卜切滚刀备用～
3. 1️⃣油中放白糖炒化成糖色，放入牛肉、姜蒜炒至上色  2️⃣放入番茄🍅、洋葱粒翻炒3️⃣放入番茄酱、生抽、老抽、蚝油翻炒4️⃣加温水没过牛肉5️⃣放入花椒、干辣椒、香料转小火盖盖焖煮6️⃣放入半杯牛奶🥛
4. 1️⃣小火焖煮一个小时后，放入土豆🥔胡萝卜🥕小火煮15分钟2️⃣浇入一点点水淀粉勾芡3️⃣起锅放入香菜粒、葱粒、芹菜粒、小米辣粒、芹菜叶做点缀
5. 🤩可以开动啦啦啦🥳🥳🥳",14,2,2,0.0,0,0,0,0,0,0,0,0,14.29,100.0,0,8,6,0,legacy,"[""下饭菜"",""家常菜"",""下饭""]","[""1"",""9""]"
135301,凉拌鸡丝,凉拌鸡丝,"超级好吃！！！撕鸡肉很解压😂！！！              
  
配菜根据喜好来哟：洋葱、胡萝卜、黄瓜、豆芽、芹菜、豆干、大葱、香菜、花生米……

下饭菜、宵夜，再搭配啤酒🍻、王老吉……哈哈哈哈哈哈哈哈哈哈哈哈哈哈哈哈哈哈哈",,10只（3-4人量）鸡腿，配菜：，半个洋葱，1个胡萝卜，适量大葱、香菜、花生米，焯水料：，4勺料酒，3片姜，15粒花椒，5个辣椒，3勺（可以不放）姜黄粉，6片香叶，适量盐，调料：，花椒油，麻油，酱油，盐，（可用老干妈）辣椒油，糖，陈醋，4瓣（切成小粒）大蒜，1片（切成小条）姜，2勺芝麻酱，白芝麻,"1. 清洗鸡腿，冷水下锅，加入焯水料，煮开后10到15分钟（鸡腿一定要煮熟哈）
2. 整理配菜。都切成薄条（除了花生米哈😃）
3. 焯好的鸡腿，清洗后，放入冷水中，待鸡腿凉透后，开始撕……
4. 调料，大蒜和姜最好用热油泼香
5. 先拌鸡肉丝，根据口味放入调料，再放入配菜，拌匀。拌匀后撒上白芝麻🥢🥣🍺",19,7,8,1554.0,1903.4,246.94,87.37,34.2,6.06,107.7,25.23,982.3,42.11,100.0,0,11,8,0,legacy,"[""凉菜"",""快手菜"",""宵夜"",""家常菜"",""凉拌""]","[""2"",""3"",""5"",""6"",""17"",""24"",""36"",""589""]"
136036,三汁焖锅,三汁焖锅,"这是去年做的一道菜谱了，做了鸡翅版，分享在了微博，现在分享给下厨房。

灿若晨曦 自带阳光🌞
为家人烹饪各种美食是个人爱好🥘
分享点滴的小确幸是对生活的尊重🌸

小婷食光🔆新浪微博
https://weibo.com/u/7384442219",,6个鸡翅，2根腐竹，1头蒜，半根胡萝卜🥕，1根芹菜，1小块豆腐，半个洋葱，其他喜欢的菜，6个虾,"1. 酱料做法是关键，蚝油两勺，蕃茄酱两勺，黄豆酱两勺，生抽两勺，糖一勺，料酒一勺，淀粉一勺
2. 鸡翅提前用蚝油，生抽，料酒腌制半天
3. 洋葱切块
4. 大蒜去皮
5. 可以来点腐竹
6. 各种蔬菜类准备
7. 适合用电炉做，电火锅炉就可以，锅底倒油，先放蒜，洋葱
8. 再放蔬菜和鸡翅，倒入酱汁，盖锅盖
9. 快熟时放点虾，以免煮老，待鸡翅熟了就可以吃了。",9,5,6,860.0,1078.4,93.61,60.32,44.55,1.53,380.4,11.43,284.2,66.67,100.0,0,8,1,0,legacy,"[""焖"",""下饭菜"",""家常菜""]","[""2"",""5"",""24"",""27"",""71"",""590""]"
136091,酸汤肥牛,酸汤肥牛,"最近可真够冷的，每年这个时候，总是无比羡慕嫉妒北方有暖气的杏糊孩纸们，这两天连我的QQ签名也改成了：“暖气，暖气，啥时候才有啊？~”悲催的南方孩纸，宅在冰窖一样的家里，围着厚厚的围巾，穿上最厚的羽绒服，脚踩无比笨重的保暖靴，从头武装到脚，仍然冷得直哆嗦~~~

    这个时候，总是无比渴望温暖的食物~~~~ 像酸汤肥牛这类，热汤中有荤有素，酸辣热呼的吃出一身汗的菜肴，才是王道！

    吃到最后，将米饭泡入酸汤之中，立马变身酸汤烫饭，趁着热乎劲，快速几口下肚，一股暖流从丹田迅速推向全身，连冷到快失去知觉的脚趾，也重生般的伸展开来，真没料到小小一碗菜肴，竟能带给我如此大的幸福感，想必我应该算是一枚合格的吃货了吧。",,20克—100克（根据个人口味增减）海南黄灯笼辣椒酱，250克肥牛片，125克金针菇，1根青尖椒，2根红尖椒，5瓣蒜，适量姜片，5克-20克（根据各人口味增减）白醋，10克料酒，2克盐，3克糖，适量高汤,"1. 肥牛提前解冻，蒜拍破后切碎，青红尖椒切圈，金针菇剪去根部洗净
2. 将金针菇放入加了几滴油的开水锅中烫熟，滤干水份放入碗中铺好
3. 炒锅内倒入少量油，烧至六成热后，放入姜片、蒜碎爆香
4. 放入黄灯笼辣椒酱翻炒一分钟，加入高汤，料酒大火煮开。（补充说明：吃不了辣又想汤汁是金黄色的小伙伴，可以把一小块蒸熟的南瓜用料理机打碎，然后加入汤里，就可以做出金灿灿的酸汤了）。
5. 用网筛滤掉锅内的料渣丢掉，放入肥牛片，加入盐，糖煮开，将煮出的浮沫也用网筛滤掉
6. 待肥牛煮熟后，淋上白醋，关火，将其倒入铺了金针菇的盘中
7. 表面撒上青红椒圈点缀，最后烧少量热油淋在青红椒圈上即可",12,6,6,450.0,72.0,4.12,0.55,14.4,3.65,9.8,2.05,10.3,41.67,100.0,7,3,2,0,legacy,"[""下饭菜"",""暖身"",""家常菜"",""牛肉"",""肥牛"",""辣"",""汤羹"",""宴客"",""外婆家"",""单身食谱"",""汤""]","[""2"",""3"",""46"",""66"",""181"",""239""]"
136150,海鲜豆腐汤,海鲜豆腐汤,,,虾丸，北豆腐，虾仁，鱼丸，包心菜，浓汤宝鲜虾靓汤,"1. 豆腐切成小块，用淡盐开水浸泡一会儿；包心菜撕成片洗净；鲜虾去头去壳去肠洗净备用
2. 锅中加入三碗水，放入浓汤宝鲜虾靓汤料1个，加入豆腐、包心菜，鱼丸、虾丸，大火烧开后滚几分钟，最后放入虾仁煮熟即可",6,2,3,0.0,0,0,0,0,0,0,0,0,83.33,0.0,0,0,6,0,legacy,"[""煮"",""汤羹"",""海鲜"",""家常菜""]","[""41"",""76"",""590""]"
136586,卤三鸡,卤三鸡(鸡腿/鸡翅/鸡蛋),"三鸡其实是鸡腿、鸡翅和鸡蛋的统称！

有那么一段时间，
特别馋各种三鸡的吃法，
从卤、烤、蒸、炸、煎…等等，
在三鸡的路上，
我也算是资深吃客了...


❤️各位小伙伴着手做菜前，先看完整整个菜谱，包括小贴士。还有部分厨友的提问也很有必要看一看。

手动笔芯💗",,2只鸡腿，6只鸡翅，4只鸡蛋，3个八角，2段桂皮，2个草果，2片香叶，3g花椒(不吃辣可不放)，2个辣椒(不吃辣可不放)，6段葱段，2片姜片，4汤勺生抽，2汤勺老抽，2汤勺陈醋，1汤勺蚝油，1汤勺冰糖，1茶勺芝麻油，半汤勺盐(调整用),"1. 鸡翅洗干净焯水（水开放食材进去煮至水再次沸腾，大概三四分钟即可），起锅用急自来水冲30秒，沥水备用；鸡蛋水煮至熟，剥壳备用。

焯水，就是将初步加工的原料放在开水锅中加热至半熟或全熟，取出以备进一步烹调或调味。

⚠️图片是后来补的，就没有准备鸡腿🍗了…
2. 准备卤水配料，辣椒需要切断(桂皮、草果害羞没有入镜😳)

⚠️别私信问我什么是草果，什么是桂皮了，大家都是无所不能的好厨娘，可以自行百度一下。
3. 鸡翅、鸡蛋以及卤水配料放小奶锅，先加淹没鸡翅鸡蛋一半的清水
4. 加生抽4汤勺、老抽2汤勺、陈醋2汤勺、蚝油1汤勺、冰糖1汤勺、芝麻油1茶勺、盐(调整用)半汤勺(可不加)，加完所有调料应该刚好覆盖了鸡翅鸡蛋，如果还未覆盖，请继续添加清水至完全覆盖

PS：汤勺是图片上的，具体一汤勺容量为多少我没具体量过
5. 大火煮开转中小火煮30分钟，想软绵一点的可以多煮一会儿，直至自己喜欢的程度。

⚠️出锅前，试下咸度，试下咸度，试下咸度，便于做些调整。

PS：请一定细心看心得，尤其是出锅前试下咸度非常必要！
6. 最后简单摆盘就可以吃大餐啦~",18,5,6,796.0,1257.0,132.41,69.24,26.51,1.71,155.1,11.0,595.5,27.78,93.33,1,13,3,0,legacy,"[""卤"",""宴客"",""宵夜"",""快手菜"",""端午节"",""年夜饭"",""家常菜"",""荣誉殿堂""]","[""3"",""7"",""17"",""24"",""71"",""589""]"
138051,腊八粥,腊八粥,腊八节快要到了，为自己和家人煮一碗温暖软糯的腊八粥吧,,适量黑米，适量糯米，适量红豆，适量红米，适量薏米，适量黑豆，5颗红枣，少许枸杞,"1. 1、准备好各种米、豆子，浸泡8小时左右；
2、将红枣切片、枸杞洗净备用；
2. 1、将浸泡好的米和豆子倒入北鼎养生壶中，加3倍的水，按煮粥键；
2、煮至豆子裂开时加入红枣片和枸杞，并顺时针搅动一下；
3. 待养生壶停止工作时，盛出即可；
4. 配上小酥饼和薯片水果沙拉，开始享用吧",8,7,7,25.0,31.2,0.28,0.07,7.62,0.47,5.5,0.3,0.3,100.0,100.0,0,1,7,0,legacy,"[""粥"",""腊八节"",""减肥"",""早餐""]","[""21"",""54"",""57"",""64"",""102"",""128"",""139""]"
138167,诱人的小炒黄牛肉,超级诱人的小炒黄牛肉，家常版一看就会,为了将经典湘菜更适合家常吃法，黄小厨将菜谱进行了改良，改用的是牛里脊肉，牛里脊吃起来同样是口感细腻弹嫩，新鲜多汁，还不赶紧来学学？,,400g牛里脊，3根细香芹，2个杭椒，1个红辣椒，2根小米椒，4瓣蒜，1截大葱，1勺海鲜酱油，1勺蚝油，1勺淀粉，1勺料酒，适量盐，1勺郫县豆瓣酱，半勺薄盐生抽，2g花椒粉，2勺老抽，1g姜粉,"1. 食材准备好；
2. 将牛肉取出，切成丝后，放入酱油、生抽、老抽、蚝油、料酒、花椒粉、姜粉和淀粉，腌制15分钟
3. 锅内倒入油，大概半分钟左右后，加入腌制好的牛肉丝翻炒，变色后立马盛出备用
4. 将香芹切段，小米椒、杭椒、红辣椒、葱切段，蒜切片备用，锅中倒油，油热后放入郫县豆瓣酱、葱段、蒜片炒香后，把切好的辣椒全部放入翻炒
5. 最后加入牛肉丝，大火爆炒后，放入适当的盐和生抽调味即可出锅",17,5,6,925.0,595.1,97.91,4.47,54.82,23.82,78.5,19.07,327.5,41.18,100.0,3,12,2,0,legacy,"[""家常菜"",""快手菜""]","[""2"",""8"",""18"",""50"",""123"",""152""]"
138185,花生芽炒腊肉,花生芽炒腊肉,,,300克腊肉，250克花生芽，一根螺丝椒，适量姜蒜干辣椒，3个泡藠头,"1. 腊肉切片   我选择的是猪后座   炒肉这部位肥瘦三七分最好吃啦
   焯水一到两分钟   有的腊肉过咸或者过干 要多煮一会    一是去咸味二是避免炒菜的时候更易熟  
  待肥肉部分变透明捞出
 
2. 花生芽去皮去须洗净备用（懒人可不去皮比如我）
螺丝椒切丝（什么椒都行 ）
姜蒜切片 干辣椒切段
我加了少量本地泡菜泡藠头  酸爽脆口  炒肉加它十分下饭（没有的话泡萝卜泡豇豆都可以代替）
3. 加少量菜籽油 加姜蒜辣椒煸出香味
4. 腊肉花生芽一起下锅

5. 加一点水 翻炒几下 盖锅盖中火焖两到三分钟分钟
花生芽本身可以生吃的 但是会有股豆腥味
焖一下让花生芽更易熟后面加调料也更好入味
6. 开锅盖   加入螺丝椒 泡藠头
               加半勺豆瓣酱（没有可忽略）
               加半勺盐（腊肉比较咸的可不加）
               加酱油一勺半
               
翻炒一分钟 加一点点醋提香   起锅


7. 花生芽营养比花生好而且低脂
配上腊肉解腻清爽脆口
",5,1,1,650.0,543.0,66.9,27.0,7.8,0.0,6.0,7.2,153.6,60.0,100.0,2,2,1,0,legacy,"[""下饭菜"",""快手菜"",""腊肉"",""花生芽"",""一人食"",""炒""]","[""251""]"
138852,荔浦芋头炖五花肉,荔浦芋头炖五花肉,特地用了荔浦芋头，好吃到停不下来！,,350克五花肉，1个约1斤芋头，5片葱姜，2勺生抽，1勺老抽，个八角桂皮香叶花椒少量，10克盐，10克冰糖,"1. 芋头削皮，五花肉洗净控干水
2. 芋头切块，五花肉切大块，葱姜切片
3. 起锅热油，下五花肉小火煸炒出油
4. 待五花肉出油，表面金黄后加入葱姜和一点料酒
5. 翻炒一分钟加入香叶，八角，花椒，桂皮
6. 香料炒香以后肉拨到一边，小火熬冰糖，熬成棕色的糖色，和肉翻炒搅匀上色
7. 加入两勺生抽，一勺老抽
8. 倒入芋头块翻炒搅匀
9. 然后关火，倒入高压锅，加入没过食材的开水，压15分钟。汤汁多的话可以收一下汁（用炒锅的话要中火炖煮40分钟以上）",8,4,5,510.0,1192.1,53.63,105.47,7.62,0.6,27.6,4.73,202.1,37.5,100.0,3,4,1,0,legacy,"[""红烧"",""家常菜"",""烤箱菜"",""炖""]","[""1"",""3"",""4"",""10"",""73""]"
138944,木耳炒肉,木耳炒肉,家常菜,,150克猪肉，15克木耳，90克莴笋，1瓣蒜，少量生姜，一个辣椒，6粒花椒，1勺生抽，少量淀粉，少量鸡精，少量味精，1勺豆瓣酱，适量食用油，两根小葱,"1. 称重需要的食材，木耳用冷水泡发
2. 猪肉切片，加入蒜，生姜，花椒，淀粉，生抽，拌均匀腌制
3. 莴笋对半切开，再切片
4. 辣椒小葱切好备用
5. 木耳泡好，摘出好的，冲洗干净
6. 木耳冲洗干净要控干水分哦
7. 锅中倒入食用油烧热
8. 放入腌好的猪肉
9. 翻炒变色加入豆瓣酱继续翻炒几下
10. 加入木耳，莴笋，辣椒翻炒
11. 根据自家口味调整盐。翻炒均匀
12. 再加入葱段，鸡精味精翻炒均匀
13. 出锅即可食用
14. 很快速的一道家常菜",14,7,7,300.0,569.1,26.17,45.63,16.5,6.0,90.5,17.97,128.9,50.0,100.0,3,6,5,0,legacy,"[""家常菜"",""下饭菜""]","[""1"",""2"",""3"",""4"",""17"",""33"",""145""]"
139403,咸蛋黄土豆丝,咸蛋黄土豆丝,前段时间在长沙一家老饭店吃到咸蛋黄土豆丝，好神仙的味道，记忆犹新忘不了，他们家不送外卖，自己在家做了起来，吼吼吃😍,,两个个咸蛋黄，一个土豆，一个青红辣椒，适量根葱,"1. 土豆洗净，切成丝或用厨房工具变成丝
2. 锅中放油，放入咸蛋黄，炒碎，巨香巨香
3. 加入土豆丝搅拌一起炒即可，记得少放盐，咸蛋黄带咸味
4. 加入青椒炒一炒，超香出锅啦，咸蛋黄爱好者一定要尝试，巨好吃！",4,4,4,350.0,121.5,3.9,0.3,26.7,1.65,10.5,0.6,8.8,100.0,100.0,0,3,1,0,legacy,"[""快手菜"",""家常菜"",""咸蛋黄"",""土豆丝"",""素食""]","[""1"",""11"",""12"",""50""]"
139423,皮蛋拌豆腐,皮蛋拌豆腐,皮蛋拌豆腐包含了麻、辣、鲜、香四种味道，豆腐的平淡又综合了前面材料的辛辣，将这道凉菜开胃清热的特点淋漓发挥。,,3枚皮蛋，2块嫩豆腐，3瓣蒜末，少许生姜葱花,"1. 准备好食材，不知嫩豆腐怎么选的朋友可直接去菜场豆腐贩子那问拌皮蛋的豆腐，贩子知道该给你哪种豆腐。
2. 也可准备一些大葱，佐料全部切末
3. 将买回的豆腐提前用温水泡二十分钟，水里放少许盐，当是为了干净卫生替豆腐洗个澡，兼有令豆腐入味的意思。
皮蛋剥开，用小刀划成四瓣，与泡好的豆腐同放至一个稍大的容器里（方便拌匀），豆腐也划上几道。
4. 调制配料：两勺生抽，两勺香醋，一勺辣椒油，一勺花椒油，一勺小麻油，一勺辣椒粉，一勺胡椒粉，一勺盐。
将配料倒入容器，先别急着搅拌。
5. 锅内放油，油视皮蛋和豆腐的总量而定，至少要没过一小半，不能太多也不要太少。油热后放入蒜末姜末
6. 爆香，佐料炒至金黄
7. 爆香后把热油和锅里的佐料全部淋在皮蛋豆腐上
8. 撒一圈葱花，这时再将容器内的所有材料搅拌混合，根据居家各人的口味，配方可酌情适度调整",4,1,1,815.0,19.2,0.68,0.03,4.14,0.17,5.8,0.18,2.9,50.0,100.0,0,2,2,0,legacy,"[""皮蛋"",""豆腐"",""凉拌菜"",""家常菜""]","[""2""]"
139806,口水肥牛丨酸辣爽口,口水肥牛丨酸辣爽口，满嘴牛肉的鲜香,喜欢酸辣口味的你，千万不要错过这道牛气冲天的 【口水肥牛】酸辣爽口，满嘴牛肉的鲜香，又一点没有肥腻的感觉，吃过一口就管不住嘴类型，每一口都像第一口一样让人惊艳！15分钟搞定的快手菜，一次成功！,,400克肥牛片，5粒花椒，2片生姜，5克姜末，2个小米辣，3瓣蒜，20克生抽，12克醋，10克料酒，8克糖，2克盐，10克花椒油，30克油辣子，40ml清水,"1. 准备好所需要的食材！！！
2. 锅内放入姜片2片，花椒4g，倒入清水
3. 烧开后放入肥牛。。
4. 煮熟后捞出肥牛过凉水。
5. 取一只碗，放入姜末10g、蒜末、小米辣
6. 生抽20g、醋12g、料酒10g、花椒油10g、盐20g、糖8g、油辣子30g，清水40ml，用勺子拌匀，备用。
7. 肥牛放在盘子里，浇上酱汁
8. 撒上香菜段和葱花芝麻即可装盘！！！",14,4,4,166.0,28.9,0.95,0.16,6.3,0.73,11.5,0.47,6.1,35.71,100.0,10,4,0,0,legacy,"[""快手菜"",""家常菜"",""下饭菜""]","[""2"",""3"",""66"",""91""]"
141005,煎豆腐炒白菜,煎豆腐炒白菜,特别下饭的一到菜，简单而且美味，尤其对于豆腐控~！个人特别推荐的家常菜，简单又营养！,,半颗大白菜，10块豆腐，适量葱姜干辣椒，盐、味精、生抽,"1. 大白菜洗净切成段，豆腐切成长薄片（这样好煎）葱姜切片，和干辣椒段放一起备用；
2. 起锅倒油稍微热后，一个个的放入豆腐，中小火煎至两面金黄色，记得翻面啊最好不要糊了，然后盛出备用；
3. 锅内再加一些油稍微热后，放入葱姜干辣椒段，爆香！随后加入沥干水的白菜段，翻炒至断生，加一些味精翻炒；随后加入煎好的豆腐，加一点生抽和盐，翻炒均匀，就能出锅咯！",3,1,1,2000.0,1360.0,107.0,80.5,68.0,4.5,1455.0,22.0,428.5,100.0,100.0,0,2,1,0,legacy,"[""快手菜"",""下饭菜"",""煎"",""炒""]","[""29""]"
141186,柠檬百香果鸡爪,柠檬百香果鸡爪,我偶然间吃到过一次这样的鸡爪，看老板用了不少东西，我就想回来自己做一次，没想到味道真的非常好。,,500g鸡爪，2个柠檬，2个百香果，100g生抽，若干小米椒，1根香菜，5克盐，5g老抽，50g醋，适量看个人喜好蒜，2勺料酒，2勺蚝油，1勺香油，1勺麻油，5克糖，1罐泡椒,"1. 鸡爪剪去指甲切三刀，冷水下锅，放入姜片和料酒煮。开锅煮后20分钟。捞出，冷水洗净、洗到凉。加入冰块洗更好，会让鸡爪变得Q弹。
2. 柠檬切片，去籽。小米辣切小段。
3. 找一个干净的容器，放入生抽、老抽、料酒、盐、糖、蚝油、醋、香油、麻油和一罐泡椒。我用的广乐。
4. 再放入两个百香果肉，柠檬片、小米辣、香菜和蒜末
5. 倒入煮好的鸡爪 拌匀。每隔3小时就翻拌一次。直到所有鸡爪完全上色即可。非常入味好吃。加了泡椒很好吃哦！大家快做起来",16,5,5,1090.0,1461.3,125.78,85.64,53.22,12.32,503.1,13.09,859.9,37.5,100.0,6,8,2,0,legacy,"[""凉菜"",""下饭菜"",""家常菜""]","[""9"",""18"",""22"",""112"",""120""]"
141196,麻辣豆腐,麻辣豆腐,,,1块豆腐，8个或适量干辣椒，适量葱，适量蒜，适量姜，适量麻椒，1勺红油豆瓣酱，1勺老抽，1勺生抽，1勺蚝油，2颗冰糖，适量白酒，适量淀粉，适量花椒粉，适量辣椒粉,"1. 豆腐切块
2. 葱，姜，蒜，干辣椒。
3. 油温热下麻椒炸香，小火。
4. 放入1勺红油豆瓣酱煸香，倒入葱姜蒜干辣椒煸炒。
5. 倒入白酒，老抽，生抽，蚝油，冰糖翻炒。
6. 倒入豆腐翻炒数下，加水漫过豆腐，放适量辣椒粉，开大火烧开转中火煮，煮的过程中用铲背轻轻推，防止粘锅。
7. 准备好淀粉加水化开。大火收汁前，淋入水淀粉，翻炒几下快速出锅，装盘后撒上花椒粉和葱花。",15,3,3,400.0,336.0,26.4,21.2,13.6,0.0,312.0,4.8,22.4,40.0,100.0,0,7,8,0,legacy,"[""家常菜"",""快手菜"",""下饭菜"",""麻辣""]","[""1"",""2"",""3""]"
141336,咸蛋火腿娃娃菜燕麦粥,【减脂晚餐】咸蛋火腿娃娃菜燕麦粥,一大碗，不到300大卡,,1小颗（约150g）娃娃菜，20g金针菇，1个咸蛋，20g无淀粉火腿，30g燕麦，适量大葱,"1. 1.葱切沫，咸蛋碾碎，娃娃菜切丝，火腿切丁
2.不粘锅放入少许油，放入葱和咸蛋，小火炒出香味。
3.放入火腿，翻炒片刻。
4.放入白菜翻炒片刻。加入一碗水，盖上盖子。
5.水煮开后放入金针菇，盖上盖子，煮10分钟，至白菜软懒。
6.最后放入即食燕麦，煮一分钟。
7.因为咸蛋有咸味不用放盐，如果觉得不够味可以再放点盐。",6,4,4,300.0,147.8,6.71,0.54,31.22,4.14,131.4,2.75,139.3,83.33,100.0,3,2,1,0,legacy,"[""粥"",""减肥"",""清淡""]","[""1"",""34"",""46"",""70""]"
141622,魔芋粉丝版Japchae,魔芋粉丝版Japchae（韩式炒杂菜）,既然要自制魔芋粉丝就要想办法把它变好吃。,,一把绿色蔬菜，一把绿豆芽，半碗任何肉类切丝，一大碗魔芋粉丝，一把胡萝卜丝，撒一点白芝麻，撒一点葱花，1个鸡蛋，以下为自调酱料，可以自行发挥，1勺干黄酱，1勺甜面酱，1勺蚝油，2勺生抽，1/4碗水，此外葱姜蒜小米椒切末备用,"1. 此处绿色蔬菜我用的豌豆苗，其实正宗韩式炒杂菜一般用菠菜。豌豆苗和绿豆苗的种法详见我以前的菜谱。
2. 配料如上，其中肉片下水焯去血沫切丝，胡萝卜切丝微波炉高火叮5分钟，鸡蛋打散放在包了保鲜膜的碟子里叮1分钟。
3. 锅里放少量油，先下肉丝爆香，再下姜蒜末和胡萝卜随便翻炒几下。
4. 接下来先扔豌豆苗，然后把魔芋粉丝扔下去，鸡蛋扔下去并把调好的酱汁浇在粉丝和鸡蛋上。
5. 魔芋粉丝加热过程中自己会出水并吸收酱汁，看炒的差不多了再把绿豆芽扔进去随便翻几下，见酱汁收的差不多干就可以出锅了。
6. 出锅后撒点白胡椒白芝麻和葱花。
7. 魔芋粉丝的做法详见我以前发布的菜谱。",15,3,3,155.0,70.3,6.63,4.3,1.33,0.06,28.7,0.82,67.0,20.0,100.0,0,10,5,0,legacy,"[""韩式"",""快手菜"",""减肥"",""家常菜""]","[""6"",""7"",""138""]"
141695,鲜香爽口凉拌手撕鸡 快手家庭菜,鲜香爽口凉拌手撕鸡 快手家庭菜,"这几天喜欢做凉拌菜，清爽不腻~
还能满足吃肉肉的心❤
炖完鸡肉的汤都没有浪费，顺便做了个金针菇鸡蛋豆腐汤，肉香，蛋香加上豆香鲜美极了！
👍佩服下自己，咋这有才腻！
在做吃货的路上灵感四溢啊！
简直是被工作耽误的好厨子啊！😂",,4只鸡腿，1勺香油，1勺生抽，1勺醋，3大片姜，半根大葱，2-3根香菜，3瓣蒜子，1勺芝麻酱，1勺蚝油，1个鸡蛋，半块豆腐，15粒花椒，1个八角，一小把金针菇，3-4根韭菜,"1. 拿出新进的四只鸡腿化冻洗净，姜片，葱段切好备用~
2. 锅内放凉水，加入鸡腿，姜片葱段，料酒，八角和花椒，大火煮30分钟~
3. 花椒用的是大红袍，这个品种香味很足~最爱大花椒
4. 开始调料汁，料汁是灵魂啊！蚝油1勺，生抽2勺，香醋1勺，胡椒粉半勺，花椒粉半勺，盐3克，糖3克，芝麻酱1勺，香油1小勺，加锅里的鸡汤1勺，拌匀，加入蒜末继续搅匀！料汁就好啦！可以拌任何凉菜，比如菠菜粉丝儿，拌黄瓜木耳，拌花菜~
5. 大葱要多放点，香味才浓！竖着从中间劈开，滚一下再劈开，就切成了葱丝，香菜切丝备用~
6. 煮好的鸡腿，嗯！没加盐就好香，心想着，这汤倒掉真浪费！汤能做点啥呢，先用筷子夹出鸡腿吧，过凉水~
7. 手撕成小块~
8. 加入葱丝，香菜，浇上料汁~
9. 搅匀~多搅会儿~让肉肉充分沐浴下汤汁的鲜美
10. 粘满汤汁的肉肉们
11. 灵感来喽！这奶白色的汤，鲜美无比，去除杂质后，炖个豆腐汤吧！来块豆腐儿~进货的第一天就是这么嘚瑟（回沪隔离的14天里第二次买菜）~
12. 打个鸡蛋摊个饼~
13. 请出白白嫩嫩的豆腐君~Duang~Duang~
14. 切小块
15. 起油锅，加葱姜爆香~
16. 加切段的金针菇~
17. 加入鸡汤~
18. 加豆腐君~
19. 鸡蛋饼切丝加入汤中~
20. 炖五分钟入味~
21. 加入几根小韭菜，增香提色，第一天进货就是富有！👍
22. 再炖一分钟
23. 出锅啦！
24. 合个影~开吃！",16,8,9,1024.0,1022.6,122.92,50.62,23.98,3.78,277.2,15.35,460.1,56.25,100.0,0,16,0,0,legacy,"[""家常菜"",""凉菜"",""下饭菜""]","[""1"",""2"",""3"",""7"",""9"",""24"",""46"",""48"",""589""]"
141729,家常红烧鱼「超完美调味」,家常红烧鱼「超完美调味」,,,1条鲈鱼，1把金针菇，1根火腿肠（有没有无所谓），1根葱，10片姜，4瓣蒜，2个小米椒，2个八角，1勺生抽，半勺老抽，2勺料酒，1勺醋，1勺蚝油，2茶匙盐，1勺糖，1勺豆瓣酱,"1. 鲈鱼清洗干净，两边鱼身分别切几刀。

其他配菜准备好：
金针菇清洗并分成小簇，火腿肠切丁，姜切片，大蒜拍碎，小葱葱白部分切长段，葱绿部分切葱花。再准备两颗八角。
2. 鱼身放姜片和料酒、盐，稍微腌制20分钟。

同时用小碗调一个料汁：1勺生抽，半勺老抽，1勺蚝油，1勺陈醋，1勺料酒，1勺白糖，1茶匙盐，搅匀备用。
3. 热锅放冷油，腌好的鱼下锅，两面煎至金黄盛出备用。
4. 锅里放油，放葱、蒜、姜、辣椒、八角炒香。
5. 再放入豆瓣酱翻炒均匀。
6. 倒入2小碗水煮开。
7. 放入前面煎过的鱼，倒入调好的料汁，调小火盖上锅盖煮8分钟。（中间记得给鱼翻一次面）
8. 再放入配菜金针菇和其他你想放的，煮3分钟，出锅。
9. 如果还剩很多汤汁，可以在将鱼和配菜捞出后，再大火收个汁，最后浇鱼上，洒葱花点缀，搞定~",16,6,6,1010.0,958.1,119.7,29.16,71.25,28.82,793.6,18.59,1535.9,43.75,100.0,0,16,0,0,legacy,"[""家常菜"",""红烧"",""下饭菜""]","[""1"",""2"",""3"",""18"",""46"",""156""]"
141883,老丁的私房菜-极美味萝卜炖虾,老丁的私房菜-极美味萝卜炖虾,这道菜是老丁的秘方，做法极其简单，但是味道十足，汤味道鲜美，虾原汁原味，每次上桌必被大家吃的一点汤底都不留。,,1斤基围虾，1个白萝卜，少许花椒，姜，盐,"1. 白萝卜洗净，剥皮切丝备用。
2. 鲜虾洗净备用，不用开背。
3. 热锅凉油，油不要多，一点润锅底就行，然后鲜虾倒入，翻炒至虾基本变红。
4. 加入水，放入一小把花椒，几片姜。
5. 加入萝卜丝，大火烧开，加入盐，这道菜除了盐不要加任何调料，盐一下入，鲜味一下子就出来了，烧开后再中火煮5分钟即可出锅。
6. 出锅。",3,1,1,500.0,80.0,3.5,0.5,20.0,0.0,235.0,1.0,271.5,33.33,100.0,1,1,1,0,legacy,"[""炖"",""家常菜"",""虾"",""萝卜"",""鲜汤"",""快手菜"",""基围虾"",""减肥食谱"",""创意菜"",""宴客"",""减肥""]","[""63""]"
142046,鲑鱼粉丝煲,鲑鱼粉丝煲,鲑鱼，有很多种类。大家最为熟悉的应该是三文鱼。它的油脂丰富，色泽鲜艳漂亮。肉质也很滑嫩，适用于各种烹调方法料理。这次，简单的搭配点粉丝，再用沙锅呈现。端出来的时候滚滚冒着热气，整个气氛都不一样了呢。,,200g鲑鱼（三文鱼），1小把粉丝，10g葱段，5g姜末，10g蒜末，10g九层塔或香菜，＃腌鱼调味料，1/4茶匙盐，适量黑胡椒，＃烹煮调味，1汤匙酱油，1汤匙蚝油，1汤匙料酒，1茶匙糖，几滴醋，几滴香油,"1. 鲑鱼切成大块，用盐和黑胡椒腌制10分钟。
2. 葱切段，姜蒜切末，九层塔摘好叶子洗净备用。
3. 粉丝，冷水泡软后用剪刀剪短。
4. 炒锅烧热加入一点点色拉油，放入鲑鱼。
5. 逐面煎上颜色。
6. 煎好后，大概7-8分熟就可以了，因后续还要煲煮。
7. 煎出的鱼油，别浪费好东西来着。
8. 用煎出的鱼油爆香葱姜蒜。
9. 倒入一些高汤或清水。
10. 放入酱油，蚝油，糖，料酒，麻油，醋，做调味。煮滚后放入粉丝煮至回软。
11. 砂锅中加入葱段和九层塔垫底。
12. 将煮软的粉丝，连同汤汁倒入砂锅。
我喜欢九层塔就又抓了一把进去。
13. 放上煎好的鲑鱼。
14. 盖上盖子，煮滚。
15. 成品。",16,4,4,255.0,397.2,35.31,15.75,28.88,0.71,47.8,2.84,133.1,31.25,100.0,5,6,5,0,legacy,"[""砂锅"",""家常菜"",""快手菜"",""宴客菜"",""沙煲""]","[""1"",""2"",""3"",""583""]"
142097,八宝油条,八宝油条,,,80克玉米粒，3个香菇，60克火腿，1个青椒，70克胡萝卜，80克青豆，50克白果，1条半油条，小匙生粉，生抽，鱼露，白糖，盐，鸡粉，小勺高汤,"1. 将玉米粒剥下（三分之一条），香菇（水发），火腿，青椒，胡萝卜切丁，油条切段，白果去壳去衣与青豆分别焯熟，焯时在水中加少许油
2. 锅里放油将香菇爆香，除油条之外的材料全部倒入翻炒至软，倒入1勺高汤盖上盖焖煮至熟
3. 加入油条略炒
4. 倒入B料，翻炒收汁起锅装盘即可",15,5,5,400.0,402.2,29.04,7.25,59.16,5.95,171.0,4.62,951.1,46.67,100.0,5,3,7,0,legacy,"[""家常菜"",""快手菜""]","[""6"",""11"",""23"",""65"",""279""]"
142301,极妙厨房丨东北名菜锅包肉,极妙厨房丨东北名菜锅包肉,东北三省的名菜—锅包肉，是为适应外宾口味，把咸鲜口味的“焦烧肉条”改成了一道酸甜口味的菜肴。出锅时汁并着以香菜点缀。外观红白相间，肉质外焦里嫩，微酸微甜。是一道适合小孩子和女性喜爱的菜肴。,,400克大排肉，适量料酒，适量白胡椒粉，适量盐，1个鸡蛋，适量土豆淀粉，适量油，适量胡萝卜，适量大蒜，适量姜丝，适量葱花，#酱汁，适量清水，1勺淀粉，2勺白米醋，2勺白砂糖，1勺极妙原鲜酱油,"1. 将大排肉切片，用刀背敲打做个spa，加适量黄酒、盐、白胡椒粉（或五香粉）、加一个整蛋进去，腌制十分钟
2. 土豆淀粉加点水静止一会儿，将上面那层水倒掉，将淀粉和腌制好的大排肉抓均匀
3. 将油加热到四五成的时候，将大排肉倒进去，炸定型，然后捞出来，等油温升高之后，再倒进去复炸，来回三次，直至炸到金黄
4. 调制酱汁：白米醋2汤勺  白砂糖2汤  极妙原鲜酱油1汤勺  清水适量  淀粉1汤勺搅拌均匀，备用
5. 将胡萝卜、大葱、生姜切丝、少油润锅，撒下蒜末爆香，将酱汁倒进去，倒入煎炸好的大排肉，将配菜倒进去，稍微翻炒几下即可出锅",17,5,5,55.0,87.0,6.56,4.33,5.5,0.0,28.7,0.83,65.9,35.29,100.0,1,5,11,0,legacy,"[""快手菜"",""家常菜"",""下饭菜""]","[""1"",""2"",""3"",""6"",""7""]"
142777,剁椒味儿の西红柿炒蛋,剁椒味儿👀の西红柿🍅炒蛋，帮你打开新世界的大门！,"您老吃过剁椒味儿的胸柿炒蛋吗（这是个梗╯^╰）？明白的评论区扣1！

我爱下厨，也爱折腾。
当这两样碰撞到一起……他们竟然发生了微妙的化学反应！嗯，是爱情💑的味道😋

不！要！被我的创意吓到，一起来试试吧！吃过一遍，你还会想第二遍的！

好吃，记得回来三连哦（收藏，转发，加关注）👌👌👌

我的食材如此简单👇👇👇新手都关注了",,1勺剁椒，2个鸡蛋，2个西红柿，少量葱花，1片姜片，半勺食盐，半勺鸡精,"1. 食材一览。
2. 鸡蛋超香，可以炒嫩一点哦！
3. 锅中加入炒菜油，葱姜超香，加入西红柿炒出沙。
4. 加入一勺剁椒酱。2个西红柿＋2颗鸡蛋，搭配一勺剁椒酱就够了！剁椒酱很咸的！
5. 加入鸡蛋，半勺鸡精，翻炒均匀。
❤出锅前，尝一尝，觉得淡的加入半勺盐。
6. 出锅装盘。

打开新世界的大门，爱吃饭的一定要试试！",7,3,3,313.0,174.6,15.07,9.07,10.27,0.38,68.0,2.18,152.2,57.14,100.0,0,6,1,0,legacy,"[""家常菜"",""辣"",""快手菜"",""鸡蛋"",""西红柿""]","[""3"",""7"",""14""]"
142921,凉拌鸡胗,凉拌鸡胗,,,一斤鸡胗，1/3根葱，1勺香油，2勺生抽，10克糖，适量辣椒油，3根香菜，4瓣大蒜，适量麻油，1/2勺陈醋，少量花椒粒或粉，适量盐，1勺料酒，2个八角，2片香叶，1勺太太乐鲜鸡汁,"1. 鸡胗用醋和清水洗净，剥去表面的筋膜。

2. 鸡胗冷冻一两个小时，方便切薄片。切好后锅内放水，料酒，八角，香叶，大火烧开，放入鸡胗，焯水十几秒。
如果切不薄，就用下边方法:
鸡胗放入冷水锅中，放入八角，香叶，桂皮 ，料酒，煮至鸡胗熟透。不切的这个方法一定要煮久一点，捞出冷却后切薄片。

3. 薄鸡胗片焯水后，捞出控水。
葱洗净切末，蒜切末，香菜洗净切段。

4. 辣椒油可以现做，大勺内放油，烧开后放入花椒粉，少量盐，关火放辣椒面，翻拌均匀后放入蒜蓉葱花。
鸡胗放盆里，放入生抽，糖，香油，醋，鸡汁，香菜，辣椒油，拌均匀即可。喜欢麻油的也可以放一点。",16,4,4,580.0,633.6,97.92,14.28,28.85,1.0,94.7,23.5,395.6,25.0,100.0,2,10,4,0,legacy,"[""凉菜"",""家常菜"",""快手菜""]","[""1"",""2"",""9"",""340""]"
143029,肉丸汤底火锅,肉丸汤底火锅,冬天和火锅更配,,250g牛肉，500g猪肉，1只鸡蛋，3只马蹄，3勺盐，1勺糖，15g生粉，5ml酱油，1ml海鲜蒸鱼豉油，2勺味精，2ml芝麻油，5ml色拉油，1g白胡椒粉，1块生姜，1把葱,"1. 纯精肉牛肉哦，猪肉要带点fei
2. 将猪肉和牛肉切碎，泡水去血水。再放入搅拌机中和马蹄一起打碎。肉糜放入葱姜汁(生姜葱切碎挤汁)，鸡蛋，和上述各种调料，朝一个方向打至粘稠。
3. 放半锅冷水，开始下丸子。手来回打几下丸子就基本圆啦。
4. 开火煮丸子，沸腾后再煮五分钟左右。煮的时间太长丸子容易没什么味道。
5. 丸子成功啦，捞出来。汤别倒掉，超级鲜的，可以做火锅底汤。
6. 两人火锅全家福
7. 开煮啦，红汤是海底捞的火锅底料。
8. 切好香菜和蒜末，开始涮火锅啦。",15,6,6,1133.0,2366.5,135.94,177.31,59.26,3.66,94.0,13.93,559.8,46.67,100.0,8,7,0,0,legacy,"[""快手菜"",""家常菜"",""火锅""]","[""1"",""3"",""4"",""7"",""8"",""131""]"
143806,西红柿菌菇豆腐汤,西红柿菌菇豆腐汤,说起做汤来，很多人都很有研究，相信也有很多朋友现在或者是曾经，也专门的学习煲汤这门厨艺。8错，就喝汤来说，的确能够起到很好的滋补效果，无论是对于老人孩子，还是年轻人，多喝汤都是很有好处的。今天我介绍一款非常简单的家常汤品，无需用太多复杂的材料，也没有什么特殊的工艺，冰箱里有啥拿啥，简简单单就能够制作出一份超级好喝而又滋补的养生汤品。（今天的介绍很一本正经了）,,2个西红柿（也叫番茄），1个鸡蛋，半把（你想放多少放多少）金针菇，5朵香菇，1块豆腐，1棵香菜,"1. 举起我的小喇叭📣📣所有食材收起无用的抵抗！菜板集合！菜板集合！
2. 西红柿大卸八块。不要管它愿不愿意，我就是这么无情！
3. 金针菇洗净撕小朵，在香菇的脸上划两刀，也可以把它切片（天呐这一步好多人天真的以为香菇直接划十字就可以自己裂开成好看的样子，emm，我是侧过来切去了一部分啦）
4. 鸡蛋摊成皮切开。闹心，你们竟然不会摊鸡蛋皮，把你们的鸡蛋寄过来给我吃，让我一个人承受这份辛苦！对啦，我的鸡蛋为什么这么大一颗，因为它怀的是双胞胎啦！
5. 热锅热油，下西红柿翻炒出汁，越烂越好，最后汤才够味啊亲！
6. 加水烧彻底洗涤一下它们的灵魂
7. 随后放入香菇，金针菇，豆腐，蛋皮大火烧到冒泡泡，转小火熬煮5分钟！
8. 放盐，鸡精，香菜，出锅啦！（不喜爱香菜的可以改成百搭的葱花，可以抛弃鸡精，全看你心情）
9. 鲜到眉毛掉碗里，贪吃吃撑了别来找我哟，我什么也不知道！再见！",6,5,5,810.0,480.8,38.33,26.44,30.22,4.77,360.1,7.29,116.0,100.0,100.0,0,6,0,0,legacy,"[""家常菜"",""清淡"",""素菜"",""汤"",""减肥""]","[""7"",""9"",""14"",""23"",""46""]"
144366,墨鱼肉片汤：先炒再炖,墨鱼肉片汤：先炒再炖，烧出不一样的肉片汤！,冬季，湖南人喜欢用小墨鱼干烧汤，滋阴养血、补脾益肾。炖煮之前要先处理墨鱼干，温水泡发，搭配肉片或是排骨煸炒出香，加水大火煮沸，再转小火煲上一小时，特别醇香暖胃，起锅前加一点黄瓜丝就更爽口了。,,50克墨鱼干，50克五花肉，100克瘦肉，1根黄瓜，适量白胡椒粉，适量盐，少许姜片,"1. 50克墨鱼干温水浸20分钟，彻底泡发；
2. 50克五花肉切片、100克瘦肉切片，1根黄瓜切丝；
3. 热锅起油，依次下五花肉、瘦肉、姜片、泡好的墨鱼干煸出香味；
4. 加水大火煮沸，撒少许盐调味，转小火煲1小时；
5. 起锅前加黄瓜丝、白胡椒粉即可。",7,4,4,400.0,528.5,24.25,45.55,5.8,1.0,57.0,2.95,95.0,71.43,100.0,3,1,3,0,legacy,"[""汤羹"",""肉片"",""下饭菜"",""美食"",""私房菜"",""湖南菜"",""养生"",""炖菜"",""汤"",""炒"",""炖""]","[""3"",""4"",""10"",""19""]"
144552,家常蛋炒饭,家常蛋炒饭,做给心爱的人吃的吧～,,1碗米饭，2个鸡蛋，1根火腿肠，1块五香豆干，2个蘑菇，100克虾米，半根葱，2片姜，2瓣蒜，半根蒜苗，1个草果，1个八角，10粒花椒，1个青椒，1个红米椒,"1. 待油热之后，将花椒，八角，草果，姜放入油中煸出香味，用滤网将油过滤。
2. 把滤好的油再加热，放入葱花蒜苗，炸出香味。
3. 将青椒小米椒放入，炒出味道。
4. 倒入虾米，炒出香味。
5. 倒入蘑菇炒熟。
6. 倒入火腿肠和豆干。
7. 将以上炒熟的食材取出放入盘中。重新倒入植物油把鸡蛋炒熟。
8. 将炒好的菜与鸡蛋烩好，调好味道，最后把米饭放入，开小火将米饭炒散。最后出锅。
",15,6,6,681.0,1123.1,85.59,23.42,145.46,2.74,658.5,20.14,5812.4,80.0,100.0,1,14,0,0,legacy,"[""炒饭"",""主食"",""家常菜""]","[""1"",""2"",""3"",""7"",""11"",""80""]"
144748,家常豆腐煲,家常豆腐煲,“妈妈，我想吃你做的好吃的菜…”,,5个蘑菇，3块家常豆腐，片姜，根小葱，少量肉糜，1根丝瓜，2片生菜，1根广式香肠，少许盐、酱油、糖、料酒,"1. 5个蘑菇洗净，一个切成4小块
2. 油锅加热（加入葱姜），250g的肉糜用长柄勺挖少许放入锅内进行煸炒，放入之前切成块的蘑菇，一起翻炒，加入少许盐
3. 家常豆腐三块按个人喜好切成大块，加入锅内一并翻炒。然后加入少许水，鲜酱油，糖（如果自己对咸淡没把握，可以用筷子蘸一下试试味道再调整）
4. 1⃣️根长丝瓜，削皮切成滚刀块……加入以上菜肴中，因为丝瓜会出水所以之前第一次加水豆腐中只要少许
5. 起锅前，所有菜品在用大火烧一下。在韩式砂锅的锅底点上两张生菜叶，上层铺一根香肠（切成块），然后将菜品盛入砂锅中，将砂锅放灶上烧开，待食用
6. 成品出炉。此菜油不需要放太多，配饭配面条都是很不错的。今晚，我们配上一碗玉米渣蔬菜粥，小朋友说：“妈妈，这就是我说的好吃的菜”",8,4,4,755.0,106.0,10.77,1.73,16.43,2.62,123.5,2.7,66.1,87.5,100.0,0,5,3,0,legacy,"[""家常菜"",""豆腐""]","[""1"",""3"",""31"",""254""]"
144768,不一样的番茄炒蛋,不一样的番茄炒蛋（片糖版）,一道简单的番茄炒蛋，每个地方都要不一样的做法！今天分享一个我爸从小给我做的。,,四个番茄，四个鸡蛋，少许盐，一片片糖，适量姜片，适量葱花,"1. 番茄🍅切块备用，番茄要选熟透的菜好吃。其他材料如图准备好。
2. 冷锅热油，加一点点盐（我不知道为什么要加盐，以前问我爸明明是做甜的为什么要加盐，他说咸甜咸甜～一定要加盐lol ）反正就加了，爆香姜片。
3. 倒入番茄翻炒
4. 开始出汁就准备加糖
5. 片糖再敲碎一定放入去，盖上锅盖。
6. 同时把鸡蛋打散。
7. 片糖融化就可以了（没有加一滴水喔）
8. 倒入鸡蛋液，喜欢大片的就不用搅拌了。我喜欢有点蛋花，我会稍微搞一下。
9. 鸡蛋熟后就加入葱花，装碟即可啦！",6,4,4,1000.0,398.0,33.4,18.8,31.2,0.0,144.0,4.8,340.6,66.67,100.0,0,3,3,0,legacy,"[""家常菜"",""番茄鸡蛋"",""快手菜""]","[""1"",""3"",""7"",""14""]"
144842,花生粥,简单美味的花生粥（稀饭）,"某人说，吃这个粥就算没有下饭菜他也能吃一锅
这是从小我们家里就长煮的粥，貌似成都的人民不太爱吃粥，我老家那就喜欢早上吃，粥的做法我也不记得是自己琢磨还是妈妈告诉我的，一直就这么做，都是家里的味道",,一把花生米，1/2杯大米，2g盐，砂锅九分满清水,"1. 米和花生洗净，锅里掺水九分满，锅为什么会这样，洗碗机洗崩了，我心爱的土锅儿但还能用，感觉还能坚持几年
2. 花生米切碎
3. 水开后用勺子把锅底的米搅拌几下，改最小火
4. 盖盖子小火慢熬30-40分钟
5. 起锅前加一小勺盐，拌匀，喜欢加不喜欢可以不加，某人说有没有盐都好吃！但我更喜欢吃加盐的。",4,2,2,302.0,1049.5,24.2,3.59,232.03,1.91,24.8,3.34,5.5,50.0,100.0,1,2,1,0,legacy,"[""主食"",""汤粥主食"",""饭"",""素食"",""中式早餐"",""简单"",""粥""]","[""16"",""20""]"
146096,娃 简单易做的胡萝卜小肉肉粥,【娃】简单易做的胡萝卜小肉肉粥🥕,"小时候最爱喝家人给做的咸饭
这粥一个方式
不光适合孩子吃多了甜腻的换换口味
也适合不爱白粥的大人冬日里温暖
今天只是用了胡萝卜+猪肉馅
其实可以有很多搭配
比如白菜+羊肉
菠菜+虾皮等等等等
只是如果菠菜这类的绿叶菜，建议粥熟后最后加入。
我用的宝宝预约锅
早上睡醒就可以吃到
平时也不影响独自看娃
很好用",,适量胡萝卜，一小块猪肉馅，一点点葱，一小片姜，适量大米，少量酱油（或宝宝酱油），依情况而定盐,"1. 大米洗好放置煮锅中，不加水。
2. 胡萝卜切丁备用
3. 猪肉馅和一小点葱姜放在一起。
4. 炒锅汁加入油，温油下锅，煸炒并打散肉馅，直至变色。
5. 加入适量的酱油（宝宝酱油、生抽、看自己口味）颜色不要太重，不加盐。
6. 翻炒几下后在锅中加水，不要太多。
7. 将炒锅中的水肉末胡萝卜一起倒入煮粥的锅中，再根据米量添加清水，如果想明早吃的可前一晚停留着这步，可以预约时间了，如果直接做，可以煮粥了。
8. 粥熬好，根据稠度适量添加点水，或不加，根据味道，适量加盐，可不加。所以一开始的水量宜少不宜多，酱了能加水，稀了就完了，一开始不要加盐，淡了可调整，咸了加水就更稀了。非常好做好吃。不爱喝粥的我能喝好几碗。",7,5,5,108.0,3.7,0.1,0.05,0.82,0.22,2.2,0.11,1.2,71.43,100.0,0,2,5,0,legacy,"[""家常菜"",""快手菜"",""早餐"",""粥""]","[""1"",""3"",""4"",""6"",""20""]"
146949,红烧羊排,红烧羊排,,,300克羊排，1根胡萝卜，2勺料酒，适量冰糖，6片姜，1勺老抽，2勺生抽，步骤2香料，适量香菜,"1. 准备羊排斩块，放入清水浸泡1小时，去血水和膻味。
2. 准备姜片，香料包（白芷+花椒+香叶+桂皮+干辣椒+南姜+小茴香+陈皮）。
3. 羊排冷水入锅，加入料酒姜片葱结白醋，大火烧开捞出浮沫，转中火煮3分钟去膻腥味。
4. 捞出来装碗过冷水清洗干净，控干水份，待用。
5. 热锅冷油，放入花椒炒香，把花椒捞出不要，倒入羊排大火翻炒，加入陈皮+姜葱，继续翻炒至肉干肉香。
6. 加入黄豆酱+生抽+老抽+冰糖+胡椒粉翻炒均匀，炒出酱香味至金黄色，沿锅边呛料酒。
7. 加入浸没羊排的啤酒（或者清水），加入香料包，大火烧开盖上锅盖转小火慢炖50分钟（或者转砂锅慢慢炖）。
8. 准备1根红罗卜，锅中汤汁烧剩一半时加入，加入胡椒粉+盐，小火再慢炖15分钟。
9. 准备羊排沾料：小碗倒入芝麻花生酱+白腐乳+香油，加点温水搅碎均匀。
10. 大火收汁（可以留汁），加小葱段和香菜(能吃辣可以加小米椒进去)。
11. 盛出装盘。",8,4,5,468.0,68.9,1.82,0.53,15.5,2.62,51.4,1.87,92.8,50.0,100.0,1,5,2,0,legacy,"[""红烧"",""家常菜""]","[""3"",""6"",""9"",""58"",""140""]"
147037,番茄土豆胡萝卜炖牛腩,番茄土豆胡萝卜炖牛腩,营养美味～,,500克牛腩，4个西红柿，2个土豆，1根胡萝卜，4片姜片，15粒枸杞，一个大料，2小勺盐，1干香菜,"1. 牛肉切小块，番茄切块，土豆切滚刀块，胡萝卜切圆块。
2. 烧开水将牛肉焯好，砂锅加凉水放入姜片和枸杞，水烧开后加入焯好的牛肉，十分钟后加入西红柿、土豆、胡萝卜，继续大火十分钟后转入小火慢炖1～2小时。
3. 开锅时放入盐，再炖一小会，准备好盛入的大碗里放入切好的香菜，将炖好的美食盛入碗中。",9,6,7,1359.5,1168.0,113.44,45.41,83.29,5.6,111.7,12.83,469.7,77.78,100.0,1,7,1,0,legacy,"[""家常菜"",""炖""]","[""3"",""6"",""8"",""12"",""14"",""57"",""82""]"
147280,罗宋汤,家庭版罗宋汤,酸酸的很开胃～,,500克牛腩，2个土豆，3个西红柿，半根胡萝卜，20克黄油，半个洋葱，半个包菜，2勺番茄酱，2根香芹，2瓣蒜，适量黑椒粉，适量白醋，适量盐，适量白兰地,"1. 所有食材洗净，洋葱、包菜切块，番茄、土豆、胡萝卜切丁，香芹切断，蒜瓣切碎
2. 起锅下菜籽油，黄油，蒜泥，洋葱炒香
3. 加入牛腩粒炒至变色，加入一瓶盖白兰地。
4. 加入番茄丁炒出汁
5. 加入番茄酱两勺炒匀，炒出香味后，加热水盖盖焖5分钟，转入汤锅。
6. 加热水，并放入胡萝卜丁，土豆丁，水沸后转小火煮30-40分钟。
7. 加入包菜和香芹，煮至变软。
8. 调味，根据自己的口味加入食盐，黑胡椒，若喜欢酸一点口味的可加入白醋。",14,7,8,1445.0,1154.2,112.38,44.99,80.59,4.75,99.1,11.97,415.4,57.14,100.0,2,8,4,0,legacy,"[""西式"",""家常菜"",""汤羹""]","[""2"",""5"",""6"",""8"",""12"",""14"",""82"",""106""]"
148374,炒茄子,超级下饭炒茄子🍆,"家里两个人做茄子，卖相上貌似从来都没有成功过。这次一咬牙一跺脚，准备怀抱着一雪前耻的必胜之心挑战“黄小厨”版烧茄子…虽然看起来依旧不是那么美观，但味道真的不错啦，茄子好吃又下饭。

还有总结出了不少炒茄子的经验，一起来看看吧。😄",,5个茄子，半个青椒，半个彩椒，少许料酒，少许生抽，少许淀粉，4瓣蒜,"1. 这次买的茄子是单位定点农场自己种的，属于细小长条体积迷你型，所以用了五六根（样子虽然不那么好看，但是纯正的有机食品啦😄）。茄子切成滚刀状。青椒和彩椒可切成长方形，比较好看（这次图省事，在青椒去籽的时候顺便掰成片状，颜值稍差了些）。
2. 茄子先洒一些盐，腌15分钟，然后将茄子的部分水分挤掉。
3. 锅里放油，炒蒜瓣，然后放入青椒和彩椒，翻炒。
4. 再倒入茄子，翻炒。
5. 加入少量生抽、盐、料酒、蚝油。翻炒。
6. 最后一步是出锅前加少许淀粉勾芡，一定是少许少许少许！我做的时候这一步下手狠了，加太多淀粉，导致太粘稠了，严重影响卖相…😂（上图是勾芡前，卖相还过得去）
7. 上图是手滑加太多勾芡后…太粘稠了😢瞬间变黑暗料理的即视感😂
8. 味道还是好的，特下饭😅。卖相不佳，快来看经验总结👇，做的时候要注意哦😄",7,4,4,1385.0,341.4,15.95,2.81,73.65,16.47,318.9,6.99,79.3,71.43,100.0,0,4,3,0,legacy,"[""下饭菜"",""家常菜""]","[""2"",""11"",""74"",""110""]"
149553,节后清肠减脂汤、开胃素食汤,节后清肠减脂汤、开胃素食汤,"每逢佳节胖三斤😭😭

大鱼大肉后脂肪囤积、肠胃不适

拒绝油腻、又开胃的素食汤赶紧喝起来！

清清肠道、养养胃",,1个西红柿，1小块豆腐，1小把金针菇，适量榨菜，1-2根香菜，适量盐，适量味极鲜酱油，适量鸡粉,"1. 番茄切薄片，豆腐切小块，金针菇切成三段，香菜切末，榨菜切小块。
（榨菜我买的是整颗的那种，也可以用超市成包的那种涪陵榨菜，少放点，不然会咸）
2. 锅里面放一点点油，把番茄煸炒一下。
（这一步不能省，这样汤的口感会比较好，更开胃）

3. 锅内倒水烧开，水开后放榨菜、豆腐块、金针菇
，加入一点点味极鲜酱油、盐（榨菜是咸的，调料少放），大火煮1-2分钟即可。
4. 关火加点鸡精和香菜末，出锅。",8,3,3,620.0,389.6,30.06,21.88,24.14,2.94,336.2,6.98,46.1,62.5,100.0,0,4,4,0,legacy,"[""减肥"",""清淡"",""快手菜"",""汤羹"",""素食""]","[""9"",""14"",""46""]"
150199,湘味～农家小炒鸡,湘味～农家小炒鸡,农家小炒鸡是湖南的一道菜式，以鸡肉为主材，配以豆豉、线椒、葱姜蒜等，风味独特，炒鸡炒鸡下饭,,3个琵琶腿，1勺豆豉，4根线椒，8个干辣椒段，3个小米辣，半根葱，6瓣蒜，6片姜，1勺料酒，3克盐，1勺白胡椒粉，2勺生抽，2勺淀粉，5克糖，5克芝麻，1勺鸡精,"1. 琵琶腿去骨，洗干净
2. 切大块加盐、料酒、胡椒粉、生抽腌制
3. 辅材按照上图准备
4. 加玉米淀粉抓匀
5. 锅内放油，下鸡肉煸至焦黄盛出
6. 锅内下葱姜蒜、干辣椒、豆豉炒香
7. 加白糖、生抽
8. 下鸡肉炒匀
9. 下线椒、小米辣、鸡精、白芝麻翻炒均匀，关火
10. 成品
11. 成品",16,7,8,948.0,561.7,63.59,24.0,23.64,2.19,60.7,7.26,236.3,50.0,100.0,3,13,0,0,legacy,"[""下饭菜"",""家常菜"",""大鱼大肉""]","[""1"",""2"",""3"",""24"",""26"",""91"",""201"",""589""]"
150225,蒜烧鲶鱼,蒜烧鲶鱼,"虽然家在内陆，过年过节最喜欢吃海鲜河鲜！小时候过年爸爸一定会做大蒜烧鲶鱼，现在看见鲶鱼都会有过年的感觉💗
那天逛越南超市看见了卖整条鲶鱼的，一起买了一把糖芹回来就烧起来～
话说还看见有卖整条小鲨鱼的，只在海洋馆见过鲨鱼的我惊呆了🤭但随即又很好奇应该怎么做来吃捏（搓手手）请听下回分解！",,1条鲶鱼，1头大蒜，4根切段葱，一头切片姜，适量老抽，适量料酒，适量生抽，适量蚝油，一根桂皮，8个八角，3片香叶，10个干辣椒，一勺豆瓣，一把切段唐芹，5个切滚刀长辣椒，一块切片老豆腐，适量榨菜,"1. 鲶鱼可以切大段，我因为当时做饭比较赶时间就只切断了头尾，身子是保持整段的，只要锅够大也可以这样操作～
2. 把葱段，蒜头，姜片，月桂，八角，干辣椒，香叶下进油锅里爆出香味，然后加入一勺豆瓣酱炒出辣油；加入豆腐片两面一起煎一下；然后加入所有写了“适量”的调料，加入适量的水，烧开后加入鲶鱼，在鲶鱼上铺上芹菜段（留一点芹菜叶出锅前再下），再加入榨菜颗粒，盖锅盖炖煮15-20分钟，撒上芹菜叶和葱花即可出锅～
3. 我做的版本没有收汁，可以用剩下的汁水拌面，收汁的大家记得生抽稍加一点就好了～
4. 啊超好吃！说不定小鲨鱼也能这样做呢，下次试试！",17,3,3,563.0,110.4,10.07,4.62,9.43,5.0,106.1,4.89,17.9,41.18,100.0,0,12,5,0,legacy,"[""家常菜"",""红烧"",""快手菜"",""川菜""]","[""1"",""2"",""3""]"
151187,白菜豆腐丸子汤,白菜豆腐丸子汤,,,一棵娃娃菜，一块豆腐，两人份梅花肉馅，2个鸡蛋，少许盐，少许白胡椒粉，少许蚝油，少许生抽，少许葱姜蒜末,"1. 准备好梅花肉馅，放入切好的葱姜蒜末，两个鸡蛋，盐，白胡椒粉，蚝油，生抽适量，也可加入一些淀粉。
2. 用手抓匀，用筷子将肉馅搅打上劲儿。
3. 上劲儿后开始团丸子，这时可以开始烧水，烧开后关掉。
4. 将搓好的丸子准备好，在开水关火的状态下下锅。
5. 用开水将丸子烫熟，而不是煮熟。等丸子变色稳固后可以开小火。
6. 撇掉浮末，炖煮至汤白后放入豆腐和白菜。
7. 在汤中加入少许盐和白胡椒粉调味，入味后出锅。
8. 可以开始享受美味啦(˶‾᷄ ⁻̫ ‾᷅˵)",9,2,2,700.0,515.0,42.7,30.2,22.8,1.8,482.0,8.0,291.7,33.33,100.0,0,4,5,0,legacy,"[""家常菜"",""汤羹"",""清淡""]","[""7"",""70""]"
153282,辣炒海灵菇:下酒菜,辣炒海灵菇:下酒菜，甜辣汤汁泡饭超好吃！！,延边美食，家里人也会做（小姨做的尤其好吃，在此表扬！），所以是我从小吃到大的菜，特别下饭，而且做法还简单！！,,1袋海灵菇，3个青椒，半根胡萝卜，2勺老干妈，3勺韩式辣酱，适量糖、醋、酱油、蚝油、花椒、料酒，适量葱、蒜,"1. 海灵菇洗干净，热水焯一下
2. 青椒、胡萝卜、葱、蒜切段
（有洋葱也可以切点洋葱段，我家没有，放点洋葱吃起来更香）
3. 做调料汤汁:
老干妈2勺，韩式辣酱3勺、1勺糖、2勺海鲜酱油、1勺耗油，搅拌一下染后加和汤汁量一样的水
4. 这是我们这生产的韩式辣椒酱，淘宝应该能买到，没有的话用普通辣椒酱也可以，这样的话老干妈可以相应多放点。（辣味大点可以去腥，而且我们这个辣酱辣度不是很辣，但是酱味很浓，炒菜特别香）
5. 调好大概这样
6. 热油先放花椒，炒香之后放入葱、蒜、青椒、胡萝卜。
辣椒炒软后放入刚拌好的调料，然后放海灵菇，加半勺料酒去腥，大火爆炒3分钟左右换小火收汁。再放1勺醋提鲜，翻炒大概5分钟就可以出锅了。
7. 汤汁是那种辣中有甜，甜里带鲜的味道，盛一碗热饭，浇上海灵菇和汤汁，太下饭了~😍🍚😘",5,2,2,300.0,76.2,2.52,0.84,17.76,0.66,45.6,1.32,59.6,40.0,100.0,0,5,0,0,legacy,"[""下酒菜"",""家常菜"",""小吃"",""快手菜"",""辣"",""炒""]","[""6"",""11""]"
153444,川椒小炒牛肉丝,川椒小炒牛肉丝,"小时候下馆子吃过的一道菜，从此念念不忘。去重庆的时候重温这道菜，愈发爱上。
最近馋辣的，赶上院子里芹菜收获，又缝朋友送来上等牛肉，果断把这道菜撸起来",,250克牛肉，根据自己喜好适量西芹，两根，切段小葱，5个，切段去籽干辣椒，两片切丝姜，2汤匙植物油，1汤匙，剁碎豆瓣酱，1汤匙辣椒粉，1汤匙胡椒粉，一小撮盐，一小把芝麻，#腌肉调料，2汤匙料酒，1汤匙老抽，1汤匙蚝油，1汤匙植物油,"1. 牛肉切丝，用腌肉调料在大碗中腌制牛肉15分钟
2. 西芹、姜丝、葱段、辣椒丝准备好
3. 锅烧热2⃣️分钟后，放入2⃣️汤匙植物油，再加热两分钟到完全热
放入牛肉丝煸炒至断生，约2⃣️至3⃣️分钟，牛肉会溢出汁水，倒掉汁水
将牛肉丝拨到一边，空出来的地方加一点油，煸炒葱姜辣椒，炒出香气后放入豆瓣酱，快速翻炒均匀
4. 放入芹菜翻炒1⃣️分钟，撒辣椒粉、胡椒粉、白芝麻，翻拌均匀出锅。趁热吃，配米饭！",15,4,4,292.0,432.9,51.46,22.92,6.83,2.9,38.0,5.42,165.2,33.33,100.0,1,11,3,0,legacy,"[""家常菜"",""快手菜"",""下饭菜""]","[""1"",""3"",""8"",""26""]"
155087,黑椒猪舌 酱香脆嫩的下饭神器,黑椒猪舌 酱香脆嫩的下饭神器,今天给大家分享一个黑椒猪舌，其实无论是猪舌牛舌都可以做这个菜，牛舌没有猪舌好买。这个菜做起来挺快的，而且很好吃，有兴趣的可以试试看。,,400g猪舌，适量黑胡椒，8克蚝油，2克盐，4克糖，10克白酒，一点点小苏打，适量淀粉水，适量油，炒料，20克姜，20克蒜，一根葱，半个洋葱，适量红椒，3克蚝油，5克生抽，一点点香菜,"1. 姜蒜切成大颗，洋葱和红椒切成滚刀块。葱和香菜切段
2. 猪舌小苏打抓匀，然后加入黑胡椒，黑胡椒的量根据自己喜欢吃多浓自己调整，再加入蚝油盐糖，抓匀后加入适量淀粉水包裹着调料，然后加入一点油，防止肉变干。
3. 加入多一些的油，然后把姜蒜炒至表面开始变焦，然后把姜蒜捞出备用
4. 开中火，用刚才炒姜蒜的油滑一下猪舌，我用的油比较多，如果不想用那么多油也可以慢慢煎一下，但是注意不要煮成全熟，要不会咬不动，大概滑7成熟就好，然后捞出备用
5. 滑完是这样的
6. 倒出刚刚大部分的油，留一些底油，加入刚刚炸过的姜蒜和洋葱，炒到洋葱分开。
7. 放滑好的猪舌，开大火，适量蚝油，生抽调味，老抽调色
8. 加入葱段和甜椒翻炒几下即可
9. 最后把香菜放上去点缀一下",17,7,7,525.0,803.5,74.55,49.95,14.82,1.58,90.4,1.5,328.8,52.94,100.0,8,2,7,0,legacy,"[""下饭菜"",""家常菜""]","[""1"",""2"",""3"",""5"",""9"",""49"",""488""]"
155780,焖锅,自制焖锅,娃上次去她姐姐（我外甥女）家玩，姐姐带她出门吃了一次焖锅，回来后念念不忘，老惦记着。我们现在也很少出门吃饭，就自己给她做吧！,,6～8个鸡翅，半斤大虾，1个洋葱，1个土豆，1小节藕，一小把芹菜，2勺蚝油，2勺甜面酱，1勺番茄酱，1勺黄豆酱，1/2勺白糖（或蜂蜜），1/2勺生抽，1/2勺酱油，适量料酒，3～4头蒜，适量青（红）椒，适量盐，适量姜,"1. 把所有喜欢的蔬菜改刀，用油、盐、黑胡椒粉（纯属个人喜欢，我不喜欢白胡椒粉）和辣椒粉（根据自己吃辣的程度放）进行腌制。                          鸡翅和虾用料酒、黑胡椒粉和盐腌制（我家娃晚上才回来吃饭，我早晨买的菜，为了保证食材的新鲜，所以提前加工了一下，这步可以省略）
2. 五花肉煸炒出油，加入蒜子（多放些，我觉得煮完后软软糯糯的很好吃）
3. 蒜子煸的差不多时，加入洋葱、小葱段和姜丝继续煸炒
4. 把腌制好的蔬菜平铺在上面
5. 蔬菜上面铺上腌好鸡翅和虾，盖上锅盖，焖大约十分钟左右
6. 把调好的醬淋入锅中。甜面酱、蚝油、黄豆酱和番茄酱按2:2:1:1的比例，再加入白糖（我用的是蜂蜜）、生抽和酱油调制，盖上锅盖继续焖5分钟
7. 开盖，搅拌均匀
8. 放入芹菜，再焖一分钟就好了
9. 撒上香菜段就OK啦
10. 盛碗米饭🍚开吃吧！
11. 好香的鸡翅啊～～😋",18,8,10,1030.0,1247.9,128.94,47.76,77.08,3.82,185.3,12.71,844.4,50.0,100.0,1,12,5,0,legacy,"[""焖"",""家常菜""]","[""2"",""3"",""5"",""11"",""12"",""24"",""27"",""71"",""234"",""590""]"
156213,泡椒啤酒魔芋烧鸭子,好吃下饭的泡椒啤酒魔芋烧鸭子,费米饭🍚的好菜😜,,400克仔鸭，1罐啤酒，半块魔芋，1碗泡椒泡仔姜，3片姜，2勺豆瓣酱，5瓣大蒜，适量花椒，1勺生抽，1勺老抽，3小颗冰糖，2勺料酒，2片香叶，适量白胡椒粉，2勺豆瓣酱，6个朝天椒,"1. 大蒜和泡椒切沫，泡仔姜切片，朝天椒对半切开；冷水下鸭子加料酒和生姜焯水，水开煮五分钟捞出冲洗干净备用，魔芋也焯水煮两分钟。
2. 烧油下鸭子肉炒干水份下冰糖、大蒜、花椒、泡椒泡仔姜、豆瓣酱炒香，加入啤酒，可以再加一点水，加生抽、老抽、白胡椒粉、香叶煮开后加魔芋继续中小火煮三十分钟，加入朝天椒翻炒均匀就能起锅了。",15,3,3,974.0,43.0,1.44,0.19,9.37,0.92,16.2,0.64,8.5,33.33,100.0,1,12,2,0,legacy,"[""家常菜"",""下饭菜"",""快手菜""]","[""2"",""3"",""95""]"
156718,红烧茄子,红烧茄子（少油版，加西红柿，青椒）,,,4个茄子，1勺淀粉，2勺生抽，半勺老抽，适量盐，半袋糖（代糖），三瓣蒜，半勺醋，1个西红柿，1个青椒,"1. 茄子滚刀切好加适量的盐，腌制半小时左右
2. 闭干水分
3. 一个西红柿一个水果椒切块备用
4. 调料汁，生抽2勺，老抽半勺，代糖半袋，醋半勺，淀粉半勺，蒜3瓣拍散加入，再加入五勺清水搅匀
5. 加油倒入茄子翻炒（油比平时炒菜多一点就可以），我放了四个茄子，所以油稍微多一点
6. 倒入西红柿青椒，同时加入调好的料汁
7. 成品出锅",10,4,4,1200.0,299.4,13.23,2.5,64.9,13.16,259.3,5.65,72.4,50.0,100.0,0,9,1,0,legacy,"[""下饭菜"",""家常菜""]","[""2"",""11"",""14"",""110""]"
157009,青蒜炒牛肉,青蒜炒牛肉,青蒜中含有辣素，有很好的杀菌作用，大火略微翻炒就会香气扑鼻，青蒜颜色翠绿，平常我都是用它做各种菜的点缀，这次直接用嫩牛肉和青蒜做了个小炒，端上桌瞬间光盘@—@,,300g牛肉（黄瓜条），5根青蒜，5g（约一小勺）料酒，5g（约一小勺）生抽，10g淀粉，1个（只取蛋清）鸡蛋，一小撮黑胡椒，2根小米辣，一小块姜，2瓣蒜，3g（约半小勺）花生油（腌制牛肉）,"1. 配料如图。
2. 牛肉切薄片；鸡蛋只取蛋清；
将黑胡椒、生抽、料酒、淀粉、鸡蛋清和切好的牛肉片用手抓匀。
3. 然后加入约半小勺花生油，再次抓匀，腌制10分钟。
4. 青蒜斜切。
5. 姜蒜切片；小米辣斜切。
6. 大火将锅烧热，倒入少量花生油，然后倒入腌制好的牛肉，转中小火，将牛肉炒至断生，盛出。
7. 另起一锅，大火将锅烧热，倒入少量花生油，放入切好的姜蒜和小米辣翻炒出香味。
8. 倒入切好的青蒜，翻炒几下。
9. 最后倒入刚才炒好的牛肉，放入5g盐（约一小勺），翻炒均匀，出锅。",11,6,6,978.0,771.1,79.12,32.02,45.88,8.83,170.5,10.49,308.0,63.64,100.0,5,5,1,0,legacy,"[""家常菜"",""快手菜"",""牛肉"",""青蒜"",""牛黄瓜条"",""小米辣"",""炒""]","[""2"",""3"",""7"",""8"",""91"",""115""]"
157116,老广味道｜毋wú米养生粥底火锅,老广味道｜毋wú米养生粥底火锅,"难度 ⭐⭐

第一次吃毋米粥底火锅还是上大学的时候，在朝晖路的粤顺，觉得很新奇~ 又非常养生好吃！
粥底看着没有红油锅底翻滚厉害，但其实温度非常高。被粥底煮过的海鲜和肉，非常鲜嫩，可能粥底的作用类似包浆。蘸着自己调的油醋汁巨好吃。

粥底火锅对食材的新鲜度要求比较高，店里吃一般会点这几大类，海鲜，鸡肉，牛肉，菌菇蔬菜。涮菜的顺序也是有讲究，先涮海鲜，再涮土鸡，然后是牛肉，最后是菌菇蔬菜。

涮过海鲜和肉的锅底非常鲜美，再倒入之前滤出的米渣和切碎的青菜煮一碗菜粥，鲜掉眉毛了~",,1.5杯米，1勺油，500g蛤蜊，500g虾，半只土鸡，1根玉米，1把金针菇，250g海虾（打虾滑），300克牛肉，1块千叶豆腐，1张千张，1把油泡，适量盐，1颗青菜，1把油麦菜，6个小米辣，3根芹菜，1把香菜，8瓣蒜，1把葱,"1. 大米洗净先用水泡半小时，再加一小勺盐和一汤匙花生油翻拌均匀净置
2. 烧一壶热水倒入烧锅熬粥，要看着点火不要粘锅底了，经常搅动
3. 粥熬到米都开花比较稠的程度就用筛子把米和浆分离，滤出来的就是涮火锅用的粥底。滤出的米渣放到一边备用
4. 蛤蜊，不要用花蛤或者类似的沙子比较多的贝类
5. 明虾
6. 海虾打的虾滑

自制虾滑教程：https://www.xiachufang.com/recipe/105873709/
7. 土鸡砍成小件
8. 牛肉切片，加生抽蚝油和淀粉，水（少量多次）抓匀
9. 玉米和菌菇拼盘。
10. 千叶豆腐和千张
11. 油泡
12. 自助调料区，香菜末，小米辣，蒜末，葱末，芹菜末
13. 粥底火锅需要用砂锅煲，我们家底下放的是电陶炉。涮的过程中要经常用勺子搅一下锅底防止糊底。
14. 全景图来一个。我的蘸料一般都是，一勺醋，一勺生抽，一点蚝油，香菜末，蒜末，小米辣，再加点香油。
15. 菜都涮完了以后，再倒入滤出的米渣和切碎的青菜煮菜粥，如果觉得淡稍微撒点盐调味。这碗菜粥超级鲜！",20,14,14,2145.0,1723.2,181.5,42.64,160.4,13.2,1234.5,75.84,3426.9,80.0,100.0,4,15,1,0,legacy,"[""火锅"",""粥"",""汤羹"",""家常菜""]","[""1"",""2"",""8"",""9"",""13"",""20"",""24"",""27"",""46"",""88"",""91"",""168"",""341"",""590""]"
157292,三汁焖锅之清江鱼,三汁焖锅之清江鱼,,,1条清江鱼，半个洋葱，半根胡萝卜，1个土豆，2勺番茄酱，2勺蚝油，2勺生抽，2勺黄豆酱，适量香芹，适量平菇，适量菜花，适量香菇，适量木耳，1勺淀粉，2勺鸡精，适量葱，适量姜，适量料酒，2勺海鲜酱，适量盐，1头大蒜,"1. 葱切丝
2. 姜切片
3. 撒入鱼锅中
4. 加入适量料酒
5. 加入适量生抽
6. 搅拌均匀
7. 撒入适量的盐
8. 翻面拌匀腌30分钟以上
9. 土豆切条
10. 胡萝卜切条
11. 装盘
12. 香菇切条
13. 木耳切条
14. 青椒撕块
15. 洋葱，香芹切丝装盘
16. 菜花，蘑菇焯水装盘
17. 两勺郫县豆瓣酱
18. 两勺海鲜酱
19. 两勺蚝油
20. 两勺番茄酱
21. 两勺生抽
22. 两勺糖
23. 两勺鸡精
24. 搅拌均匀
25. 两勺淀粉
26. 搅拌均匀
27. 鱼丸焯水切块
28. 菜类全部倒入锅中
29. 起锅热油加入花椒、大料、干辣椒
30. 捞出留底油
31. 菜锅中撒上适量盐倒入底油
32. 翻拌均匀
33. 起锅热油
34. 倒入所有菜类
35. 小火焖10分钟
36. 加入鱼块
37. 摆好
38. 倒入酱汁
39. 小火焖20分钟
40. 放入大蒜焖5分钟
41. 开盖出锅撒入香菜
42. 做好，健康美味下饭哦～",21,11,11,395.0,198.9,5.56,0.61,44.41,3.04,50.4,1.74,56.1,61.9,100.0,0,12,9,0,legacy,"[""焖"",""下饭菜"",""家常菜""]","[""1"",""2"",""3"",""5"",""6"",""12"",""23"",""33"",""106"",""118"",""208""]"
157641,肉末土豆球,肉末土豆球,家人都很爱吃土豆，曾经做过醋溜土豆丝，酸辣土豆丝，青椒土豆丝，土豆丝炒鸡蛋，干锅土豆片，剁椒蒸土豆，琵琶腿炖土豆……今天试下土豆泥，果然味道不错，土豆真是个好东西，怎么做都好吃~~,,土豆2个，瘦肉150克，胡萝卜，香菜，生姜，大蒜，油，盐，生抽，老抽，料酒，耗油，胡椒粉，淀粉，香油,"1. 生姜大蒜切末，胡萝卜切细丁，香菜切细末
2. 瘦肉剁成泥，用生抽，料酒，耗油，淀粉腌制15分钟左右
3. 土豆对半切开，放水里煮熟透，捣烂成泥，加盐和少许香油搅拌均匀，捏成球放盘子里
4. 热锅下油，小火把姜蒜末，胡萝卜细丁炒出香味，转大火倒入肉末，快速翻炒
5. 瘦肉变色后，加适量热水，加少许老抽调色，待烧开后，浇在土豆球上，撒上香菜末
6. 美味的肉末土豆球就做好啦~~",15,6,6,450.0,739.5,30.45,45.75,53.4,3.3,30.0,3.15,102.9,46.67,100.0,1,1,13,0,legacy,"[""下饭菜"",""家常菜""]","[""2"",""3"",""4"",""6"",""9"",""12""]"
158490,配粥小菜,配粥小菜，辣炒胡萝卜蟹味菇,,,1根胡萝卜，半盒蟹味菇，半个青椒，1根大蒜苗，适量食盐、生抽,"1. 胡萝卜切细丝，青椒切细丝，蒜苗切碎，蟹味菇洗净切去根部。
2. 热锅冷油，倒入食材翻炒两分钟左右，加入食盐，生抽1-2勺，翻炒一分钟左右，出锅！",4,4,4,230.0,63.6,1.94,0.44,14.24,1.68,48.6,1.6,89.5,100.0,100.0,0,4,0,0,legacy,"[""快手菜"",""家常菜"",""小炒"",""下饭"",""辣"",""炒""]","[""6"",""11"",""80"",""134""]"
158567,洋白菜浓汤,洋白菜浓汤,白菜属于中式菜肴中比较普通的食材，今天这道菜我用了洋葱和白菜的再搭配牛奶一起就变成了一道高逼格的法式白菜浓汤。很适合天气转凉的早餐。做起来也比较容易。,,1颗白菜，4/1个洋葱，2-3片培根，适量香芹香料，30ml牛奶，200ml水，适量黑胡椒，适量盐,"1. 把白菜掰开清洗干净沥干水，洋葱切成小洋葱圈；
2. 将白菜切成1-2cm宽大小的块，切好后将白菜叶子和白菜梗分开；
3. 锅中倒入少量橄榄油，转小火，放入香料煸香；
4. 放入洋葱圈进行翻炒至洋葱变软；
5. 加入白菜梗进行翻炒断生后再加入白菜叶部分翻炒均匀；
6. 倒入200ml的纯净水，加锅盖转小火焖煮30-40分钟；
7. 白菜煮软后加入牛奶、少许盐进行调味，这时候就将锅里的食物倒入料理机打至顺滑状态即可盛出装盘；
8. 另起锅放入培根煎至两面金黄色，用食物剪剪成小块，利用煎完培根的油再煎几个洋葱圈装饰；加以装饰即可享用啦！",8,2,2,1240.0,388.1,32.02,8.78,50.53,10.35,639.3,10.43,745.4,50.0,100.0,2,3,3,0,legacy,"[""汤羹"",""素菜"",""家常菜"",""减肥"",""白菜"",""浓汤""]","[""5"",""29""]"
158720,面条-上海大排面,自制面条-上海大排面,"太爱玩中式了，平时做馄饨皮做面条都喜欢用高粉，追求“弹弹弹，弹走鱼尾纹”的效果，特别是做面，基本都会用高粉，大家也可以用中粉，我自己偏爱高粉的口感，喜欢用鸭蛋入面感觉口感更爽滑，毕竟我爱的竹升面用的就是鸭蛋呢，许久不吃大排有点怀念那个小时候的那个古早味道，冬天了，来一碗吧～
面条成品重量：约735g",,#鸭蛋面，500g高筋面粉，1只鸭蛋（带壳78g），160g水，5g盐，10g油，#大排浇头，250g大排，1只鸡蛋（带壳60g），30g淀粉，30g料酒，20g老抽，30g生抽，20g蚝油，8g冰糖，6棵-8上海青，2瓣蒜，3片姜，2根葱，1片香叶,"1. 准备所有需要的食材，蔬菜洗净备用；
2. 将高筋面粉、鸭蛋、水、盐、食用油拌成絮状；
3. 揉成粗糙面团，因为含水量低，所以揉不光滑没关系，盖保鲜膜静置1小时；
4. 期间腌制大排：将大排用松肉锤或刀背拍打至扁平，大概体积较原来1.5倍大，正反都可以锤一会儿，我家没有松肉锤那么洋气的东西；
5. 倒入一半量的料酒和生抽腌制30分钟；蒜拍碎、葱白切段，姜切片葱绿切葱花备用；
6. 鸡蛋打散，淀粉倒在平盘中，腌制好的大排沥干水分，正反面都在全蛋液中蘸一下；
7. 再在大排两面都轻拍一层淀粉；
8. 热锅放宽油，爆香大蒜、姜片和葱白，锅中放入大排中小火煎炸，一面定型后翻面，两面都煎完倒入淹过大排的开水，加入剩余的料酒、生抽以及老抽、蚝油、冰糖、香叶，煮开后转小火煮15分钟，少许盐（分量外）调味，不要收汁，这个汤可以做面的汤头；
9. 压面：把静置好的面继续揉几下直到表面完全光滑；
10. 用切面板将面切成四块；
11. 取一块两面撒少许手粉拍扁，送入压面机压成面片；此时面片造型还不规则，正反面撒手粉，左右往中间折叠，所有面团同样方法操作；
12. 逐渐调高压面机数字，反复将面片折叠、撒手粉、压薄；
13. 强迫症压成细腻方正的样子；
14. 压面机大概到4档就压好了；
15. 换切面器切面；
16. 撒手粉不要让面坨在一起；
17. 盘它！
1.	面条按食量分装，可以晒干也可以放冷冻保存1周以上；
2.	冷冻的面条，吃前无需解冻，直接下锅即可；
18. 煮面条：烧一大锅开水，将一份面条下锅煮熟，最后1分钟烫一下青菜；
19. 捞出在面碗中，可以带少许面汤，盖上大排和青菜，淋一大勺大排汤，撒葱花开吃。",20,6,6,1904.0,2328.0,98.61,30.79,426.88,2.54,1991.4,14.53,1334.4,40.0,100.0,11,7,2,0,legacy,"[""中式早餐"",""面条"",""中式"",""面点""]","[""1"",""2"",""3"",""7"",""44"",""243""]"
159658,凉拌腐竹花生米,凉拌腐竹花生米,今天吃羊肉手抓饭，做一盘凉拌腐竹花生米，解腻。,,250克花生米，50克干腐竹，½根芹菜(看大小定)，¼根胡萝卜(看大小定)，适量盐，8粒花椒，1个八角，1小块桂皮，2片香叶，1根小葱，1片姜，少许香油，2勺生抽，1勺辣椒油，少许味素，2个干辣椒,"1. 腐竹温水泡发，约泡2小时。
2. 花生米冷水浸泡60分钟以上。泡过的花生米煮熟后会很脆。
3. 准备葱段，姜片，花椒、八角、桂皮、香叶、干辣椒。
4. 胡萝卜切菱形片，芹菜斜刀切段，腐竹斜刀切段。
5. 花生冷水下锅，放入所有调料，加一2勺盐，水开后煮10分钟，下入腐竹在煮5分钟，在煮关火焖10分钟，捞出控水自然冷却。
6. 用煮花生的汤烫一下胡萝卜和芹菜，捞出用凉白开过凉。
7. 将凉透的花生米、腐竹放入大碗中，入配菜，放盐、生抽、香油、辣椒油、少许味素拌匀即可。
8. 成菜，花生米脆爽，腐竹软弹，咸鲜微辣。",16,3,3,320.0,1447.3,62.56,111.08,56.62,14.94,107.1,5.61,11.3,37.5,100.0,2,9,5,0,legacy,"[""下酒菜"",""快手菜"",""凉菜"",""素菜"",""家常菜""]","[""1"",""3"",""16""]"
160056,水煮虾滑,水煮虾滑,去超市抢购买了一些鲜虾，冰箱太小没地方冻，所以全部剥壳得到一盘子虾仁于是做了经常在饭店吃的虾滑，清汤的儿子嫌没滋味，于是用香辣刺激的水煮方法，非常的好吃，吃的时候省去了剥壳的程序，吃起来更方便~~,,800克大虾，2个蛋清，1勺料酒，少许盐，30克干淀粉，20克食用油，500克虾滑，300克小油菜，20克葱，2片生姜，4瓣大蒜，5克生抽，10个干辣椒，40克郫县豆瓣，10克花椒，150克色拉油，600~700克（或清水）高汤，2个八角，2个丁香，1个（拍裂）草果，3片白芷，少许水淀粉,"1. 将虾去虾线去头去壳，洗净控一下水分
2. 将虾放入搅拌器中搅打成虾泥（没有搅拌器要先用刀将虾切碎，然后用刀脊慢慢砸成泥
3. 将虾泥倒入大碗中将蛋清、料酒和盐放入
4. 用筷子或者打蛋器顺着一个方向搅拌直到虾泥上劲。如果用筷子最好2双和在一起搅拌会更好用一些，放了蛋清的虾泥刚开始搅拌的时候感觉特稀，没关系的，只要顺着一个方向不停地搅拌你就会发现虾泥越来越粘越稠，搅拌会感觉有阻力，这就是上劲了
5. 然后放入干淀粉再顺着先前的方向搅拌一会，最后放入食用油搅拌就可以了，做好的虾滑泥是淡粉色的，我这个因为光线的缘故，颜色有些失真
6. 找一个盘子将虾泥倒入用勺子背摊开抹平虾滑的生坯就做好了。盖上保鲜膜放入冰箱中冷藏2小时以上，这样虾滑会变得硬一些更好操作
7. 将油放入锅中，不用烧热直接放洗干净的八角、丁香、草果（拍裂）、白芷，小火慢慢将香料炸出浓郁的香味，关火备用，这是一会需要的香料油。香料用温水洗完后控一下水分即可，不用晾干，这样带着湿气的香料油炸的时候不爱糊，香味释放的更加充分
8. 将油菜洗净备好（大棵的油菜可以切成段），葱切葱花，生姜切成片和末、大蒜也切成末，将辣椒剪成段，去掉辣椒籽（能吃辣的可以留着）
9. 将锅烧热放入香料油（平时炒菜的量），放入少许葱姜蒜末爆出香味，放入油菜、生抽开大火炒2分钟炒匀
10. 找一个大的容器将炒好的油菜放入铺平
11. 锅中放平时炒菜油量的香料油，放郫县豆瓣酱小火炒出红油
12. 放葱姜蒜炒出香味往锅中放高汤或水，大火烧开，在小火煮2分钟，然后用漏勺打捞出汤里的渣滓不用
13. 将火关上，然后一只手端着装虾滑泥的盘子，另一只手拿一个小勺子将虾滑泥弄成丸子状下入锅中（用勺子弄虾滑会感觉不好弄爱沾而且不成形，将勺子经常在汤里蘸一下然后挖下一小块虾泥，用勺子背将虾泥弄得稍微光滑成形是很不错的方法，也可以用手沾少许水将虾泥挤成虾丸也可以；成功的虾滑应该是放到汤里马上就会浮起来）
14. 将虾泥全部下入汤锅后开大火，煮开锅后，再煮半分钟，将小半碗水淀粉倒入锅中，汁稍微有些浓稠关火
15. 将虾滑连同汤汁倒入装油菜的容器中，将适量的绿葱花洒在上面
16. 将剩下的香料油全部倒入一个干净无水的锅中，放入一把花椒（提前撒少许水润湿即可，这样香味出的透，还不会糊）小火慢慢将花椒熬稍变色出香味，将花椒捞出不用，这样吃的时候就不会吃着花椒粒
17. 放入辣椒段小火炸出香味关火
18. 将热油马上浇在虾滑盘中的葱花上，撒香菜段即可",22,6,7,2032.0,869.5,162.48,6.18,45.46,5.1,765.7,28.28,1952.7,50.0,100.0,11,9,2,0,legacy,"[""家常菜""]","[""1"",""2"",""3"",""44"",""52"",""234"",""590""]"
160125,青菜红薯粉,青菜红薯粉,,,200g红薯粉，1颗上海青(可换成大白菜)，100g五花肉，15g大蒜，15g生姜，4个干辣椒，2个小米椒，适量盐，适量生抽，适量老抽，适量食用油,"1. 家里亲戚送的纯手工红薯粉

2. 首先把200g红薯粉用40度温水泡至一小时。必须把粉条泡制膨胀发软为止。
3. 把上海青洗净，菜叶跟菜杆分开切条，五花肉切薄片，姜蒜切片，干辣椒小米椒切段备用。
4. 把锅烧热，加入少量油，放入五花肉下锅，开中火将五花肉炒出猪油为止。
5. 加入干辣椒，小米椒，蒜，姜爆出香味。
6. 青菜杆下锅开中小火炒两分钟，把青菜杆炒软。
7. 放入适量生抽和老抽调色，把菜翻炒均匀。
8. 把沥干水分的红薯粉下锅，开中小火翻炒三分钟，把红薯粉炒熟入味，加适量的清水。
9. 放入菜叶盐翻炒均匀
10. 即可出锅
11. 装盘",11,5,6,544.0,494.3,24.9,31.55,43.39,25.84,89.2,3.22,92.5,63.64,100.0,4,3,4,0,legacy,"[""家常菜"",""炒面"",""宵夜"",""快手菜"",""辣"",""炒""]","[""2"",""3"",""4"",""10"",""18"",""44""]"
160318,水煮肉片,水煮肉片,"参考王刚师傅的视频，稍作修改。
纯属记录～",,300g猪里脊肉，1~2g盐，1g白胡椒粉，5g生抽，5g料酒，1个鸡蛋清，3~5g土豆淀粉，100g绿豆芽，2颗莴笋叶，20g红泡椒，1小块生姜，2/3头大蒜，1大勺豆瓣酱，10g干辣椒，2g花椒，10ml生抽，适量水淀粉，1把葱花,"1. 猪里脊肉切成薄片
2. 用清水洗净，挤干水分。
3. 放入盐，白胡椒粉，生抽和料酒拌匀。
4. 放入鸡蛋清和土豆淀粉拌匀。
5. 最后放点油继续拌匀
6. 拌匀后盖上保鲜膜，静置半小时左右。
7. 锅内放入少许油，放入干辣椒和花椒，小火炒香炒脆。
8. 倒出来切碎，就是刀口辣椒，备用。
9. 将泡椒，大蒜+生姜都切碎备用。
10. 莴笋叶和绿豆芽提前炒至断生，铺在锅底。
11. 锅内倒入适量的油，倒入泡椒碎生姜末和1/2的大蒜末炒香。
12. 放入一大勺豆瓣酱翻炒
13. 炒香炒出红油
14. 在锅中倒入适量的水，再放入10ml生抽，少许盐糖鸡精和白胡椒粉调味。再倒入少许水淀粉烧开。
15. 将肉片一片片均匀放入锅中，肉片烫熟变色即可。
16. 将煮好的肉片，连汤一起倒入备好菜的锅中。最后撒上剩余1/2的大蒜末，刀口辣椒和葱花。
17. 烧2大勺热油，淋上去，香味就出来了。
18. 香辣下饭～",17,7,8,583.0,524.1,63.14,25.16,13.9,5.89,50.2,5.86,168.1,52.94,100.0,10,6,1,0,legacy,"[""宴客"",""大鱼大肉"",""外婆家"",""下饭菜"",""家常菜""]","[""1"",""2"",""3"",""4"",""37"",""52"",""138"",""283""]"
160632,香辣快手毛血旺,香辣快手毛血旺,"此配方特别简单
适合我这种懒人，哈哈哈
最近食谱比较重口，四川人几天不吃辣就受不了啊！又不能出门,只能自食其力啦！",,#配料，4片姜片，1瓣大蒜，适量菜籽油，300g火锅底料，2g味精，3-4g（放盐之前先尝尝味道，火锅底料盐度有区别，酌情添减）盐，#配菜，250g千层肚牛百叶，适量鸭血，170g午餐肉，适量土豆，莲藕，海带，金针菇，豆皮喜欢的都可以哦，#油泼材料，40ml菜籽油，10根切段干辣椒，一大把（60颗左右）花椒,"1. 锅里加入一点点底油（菜籽油），中火烧至6成热加入姜片蒜片，翻炒出香味加入素菜炒匀，锅中加入半锅水大火烧开后改中小火熬。
2. 期间备好午餐肉，干辣椒段，千层肚和鸭血是tb同城买的
3. 素菜煮好后用筷子捞出放入容器铺底
4. 煮素菜的水不要倒继续放入火锅底料
5. 大火烧开，让火锅料融化
6. 加入鸭血，千层肚，午餐肉
7. 锅煮沸后加入4g盐和2g味精，因为每个牌子的火锅料配比不同，鲜咸度又区别，建议大家加盐和味精之前先自己用筷子蘸一点试试味道，酌情增减
8. 加入盐继续煮一至两分钟的样子，就可以全部捞出放入容器里
9. 顶部撒入干辣椒段和花椒
10. 锅烧腊加入40ml菜籽油，继续烧腊后分多次均匀的淋在铺好的干辣椒和花椒上面
11. 开吃",15,4,4,217.0,439.9,18.12,28.43,30.35,5.09,108.7,2.47,1675.4,46.67,100.0,5,4,6,0,legacy,"[""家常菜"",""快手菜"",""下酒菜"",""下饭菜"",""视频菜谱"",""香辣""]","[""2"",""3"",""12"",""322""]"
161322,客家酿豆腐,客家酿豆腐,"#乐购TESCO优鲜下厨房-肉类#
煎酿三宝&客家酿三宝之一——酿豆腐
       *传说酿豆腐源于北方的饺子，因岭南少产麦，思乡的中原客家移民便以豆腐替代面粉，将肉塞入豆腐中，犹如面粉裹着肉馅。因其味道鲜美，于是便成了客家名菜。 
　　*很久以前，有两个好兄弟，因在一次点菜时发生矛盾，一个要吃猪肉，一个要吃豆腐，后来，聪明的饭店老板想出了一个两全其美的办法，制作出酿豆腐。                                                 *（摘自百度百科）*
酿豆腐常见的有两种吃法，一种是煎了之后焖着吃，还有一种是酿好了蒸着吃，两种吃法的味道各有千秋，前者吃起来比较香，味道属浓郁型，后者相对来说比较清淡、香甜，不过前提是要用好的豆腐！
客家酿茄子：http://www.xiachufang.com/recipe/100000875/
客家酿苦瓜：http://www.xiachufang.com/recipe/1102970/",,两块豆腐，200克肉末，适量葱，适量油，适量盐，少许生抽，适量生粉,"1. 首先将豆腐切成适当大小。大概切成两厘米一块就行。
2. 将葱切成葱花。
肉末加入适量的盐，加入切好的葱花，再剁一下。
3. 拿一块切好的豆腐，然后用筷子在豆腐的中间戳几下，不要戳到底，戳成一个小洞。（如小视频所示）
4. 取适量的肉末酿进那个戳出来的洞洞里。（如图所示）
这一步骤会有一点点难度，多做几次就好~
慢慢酿，越酿越熟手~
5. 平底锅烧热，倒油。将酿好的豆腐看见肉末的一面朝下放入锅中。
6. 慢火，进行煎制。煎的时候，可以撒适量的盐，煎至两面金黄。
7. 放适量的水、盐，慢火焖10-15分钟，焖入味。（可以将豆腐转入另外的锅焖，也可以直接在煎锅里加水调味）
最后，放生抽上点色，调生粉水淋入勾芡。
（调味大家可以按照自己的口味来）
喜欢胡椒的可以放点胡椒也不错哦~

8. 又是一技术活儿，有木有？！慢慢来哈！客家酿三宝之一——酿豆腐！",7,1,1,800.0,672.0,52.8,42.4,27.2,0.0,624.0,9.6,44.8,42.86,100.0,1,1,5,0,legacy,"[""家常菜"",""主食"",""豆腐"",""小吃""]","[""1""]"
161526,送饭之 腐竹萝卜焖牛腩,超级送饭之（详细）                        腐竹萝卜焖牛腩,闲来无事，做菜吃。简单好味道。,,半斤250克牛腩，1根萝卜，5片姜，2小块桂皮，半个八角，3勺生抽，2勺老抽，小板块冰糖，5片（可放少一点）香叶，2勺蚝油，一点点后面加，调合适自己的咸味盐，一些些（可不放）白胡椒，喜欢吃就放多点腐竹，1勺广东米酒，2片陈皮,"1. 牛腩过水切小块
2. 准备大料,陈皮，白胡椒，香叶，桂皮，八角
3. 把酱料都放一个碗里
4. 腐竹要过油炸一下
5. 热油很容易煮糊这个腐竹，所以要看着，一变就捞起来了
6. 放一点点油炒一下这个牛腩
7. 放入酱料
8. 放入香料
9. 用装调料的碗装一碗水，倒进去
10. 放萝卜
11. 放腐竹（炸过的腐竹不怕煮融化，可以现在放）
12. 翻炒，焖第一轮，留意水，没水了要加一碗水，大概焖1个半小时，每半个小时加一碗水，没水了就加，不用死规定。最后起锅的时候，试一下味道看够不够咸，不够就加一点盐，味道调到自己喜欢，就打开盖子大火烧，翻炒一下就可以装碟了
13. 今晚饭煲多一点，真的很送饭",15,3,4,390.0,434.4,51.22,22.09,9.37,1.08,70.3,5.26,220.5,20.0,100.0,1,10,4,0,legacy,"[""焖"",""下饭菜"",""家常菜""]","[""3"",""8"",""59"",""82""]"
162082,大盘鸡+裤带面,大盘鸡+裤带面,我老公最爱吃的，他是我的小白鼠。,,克面粉100，个土豆1，克油多点油，个洋葱1，克盐，瓣蒜4，个干辣椒6，克水，勺老抽，片姜4，勺生抽2，粒花椒10，1勺豆瓣酱，两个青椒，1根胡萝卜，一段儿大葱，2块儿冰糖,"1. 鸡剁成小块，水开入锅，撇去浮沫。放置盘内。热锅冷油，油温八成热，入花椒。10秒钟，花椒丢弃。入冰糖，出糖色，下鸡块，炒出水分，下豆瓣酱，煸炒。入生抽、老抽醋、料酒，煸炒。葱姜蒜下锅，煸炒。加开水没过鸡块。小火炖20分钟。入土豆、胡萝卜。十分钟后入青椒、洋葱。五分钟后，放少许盐，葱花。出锅。全程小火！！！

和面，醒半个小时。用刀分小段儿。盘底抹油，每个面团抹油。盖上保鲜膜醒一个小时。然后就是抻面啦啦啦啦～
2. 真的好吃哦，可以试下",17,6,6,280.0,82.0,2.48,0.72,18.88,1.32,56.0,1.68,96.9,47.06,100.0,0,4,13,0,legacy,"[""下饭菜"",""家常菜"",""面""]","[""2"",""3"",""5"",""6"",""11"",""12""]"
162126,香辣豆腐干,香辣豆腐干,一块豆腐，你可以把做成原汁原味的水煮豆腐，也可以做成酱香浓郁的酱烧豆腐，还可以做成味道鲜美的肉末豆腐。如果想吃的更过瘾一些，还可以做成香辣味，麻辣味的。怎么做完全靠你自己，犹如生活中选择怎样的生活方式，也是别人左右不了的。今天给大家介绍一种豆腐的超过瘾馋死人吃法，香辣豆腐干。入口鲜香，辣味十足，劲道有嚼劲，典型的饭遭殃，多吃一碗饭没问题。,,400克北豆腐，100克泡好的黄豆，3段大葱，5瓣蒜，2片香叶，2片生姜，2个红辣椒，1个八角，1块桂皮，适量香菜，生抽，老抽，香辣酱，白糖，料酒，盐，适量白胡椒,"1. 将豆腐从中间切开，切成薄厚均匀的豆腐片，5mm左右就差不多了。太薄了容易碎，太厚了不容易入味
2. 锅中放少许油，把豆腐放进去小火慢煎
3. 煎至一面金黄，翻面，煎至两面金黄即可出锅
4. 依次把所有的豆腐片都煎成金黄色的，煎完后的豆腐有嚼劲，吃起来更劲道，煮的时候也不容易散
5. 锅子洗干净，把煎好的豆腐干均匀的码在锅内
6. 放入生抽﹑老抽﹑辣椒酱﹑白糖﹑料酒﹑盐﹑白胡椒各适量
7. 再放入葱姜蒜﹑香叶﹑辣椒﹑八角﹑桂皮
8. 倒入适量的水，没过豆腐干表面3cm就可以了，用勺子把汤汁搅拌均匀
9. 大火煮开后，加入泡好的黄豆，改中火继续炖煮
10. 大约煮15分钟左右，黄豆和豆腐都充分入味
11. 开大火收汁，收汁的时候要不停的用铲子翻动，防止糊锅
12. 撒上少许香菜，盛入盘内，即可上桌",17,4,4,741.0,99.4,8.93,3.35,8.55,0.71,86.1,4.12,18.5,35.29,100.0,2,6,9,0,legacy,"[""下饭菜"",""家常菜"",""辣""]","[""2"",""3"",""9"",""50""]"
163223,薄荷山药粥,薄荷山药粥,"“山药,伤中，补虚羸，除寒热邪气，补中，益气力，长肌肉，强阴。久服，耳目聪明，轻身不饥延年。”
“薄荷，辛能发散，凉能清利，专于清风散热。故头痛、头风、眼目、咽喉、口齿诸病为要药。”
                                                              ——《本草纲目》",,山药，燕麦，薄荷,"1. 山药去皮蒸熟,用粉碎机加水打成浆糊
2. 将山药糊加水倒入锅中,放入少许燕麦(放燕麦的作用是为了使粥粘稠,若你用的山药多水少可省略此步)
3. 先大火煮开,再换成小火,燕麦熟了之后撒入少许薄荷,发出香气即可出锅",3,3,3,0.0,0,0,0,0,0,0,0,0,100.0,0.0,0,0,3,0,legacy,"[""快手菜"",""早餐"",""汤羹"",""粥"",""减肥"",""素食""]","[""34"",""85"",""117""]"
163852,孜然爆炒鸭心,孜然爆炒鸭心,本来应该买鸡心的买成了鸭心，蠢哭。不过做法都一样，鸭心更大。,,500克鸭心，1个红葱头，4片生姜，6瓣大蒜，2个八角，半个青圆椒，半个彩椒，3个尖椒，4片香叶，5克冰糖，4勺生抽，1勺老抽，1勺蚝油，1勺生粉，2勺料酒，1小勺大蒜粉，少许白胡椒，少许五香粉，少许鲜辣粉，1小勺孜然，少许椒盐，2把白芝麻，若干小葱，2段大葱,"1. 鸭心洗净，切开，去血块
2. 里面处理干净
3. 水下冲洗5.6次，来回搓揉，尽量洗干净血水
4. 用力捏干水份，加入2勺料酒
5. 少许椒盐
6. 少许白胡椒
7. 2勺生抽
8. 1勺大蒜粉
9. 1勺生粉，揉搓捏匀腌制30分钟
10. 红葱头，大蒜，生姜切片，香叶，八角准备好
11. 尖椒，彩椒，青圆椒去籽，切块
12. 大葱，生姜水煮开
13. 放入鸭心，煮开，出血水，不用太久，水开后1分钟左右就可以关火了
14. 放入水龙头下冲洗干净
15. 热锅冷油，中火下红葱头，生姜，大蒜，八角，香叶爆香
16. 加入敲碎的冰糖，把冰糖炒化
17. 转大火放入鸭心爆炒上糖色
18. 加入2勺生抽
19. 1勺老抽
20. 1勺蚝油
21. 小半碗水
22. 加盖焖煮5分钟
23. 加入青椒彩椒
24. 加入2小勺孜然粉
25. 少许鲜辣粉
26. 少许五香粉
27. 加入2把白芝麻
28. 大火爆炒收汁
29. 出锅撒上小葱，特别下饭～",24,7,7,594.0,166.9,5.52,2.12,36.91,1.39,73.2,2.39,37.5,41.67,94.44,2,15,6,0,legacy,"[""孜然"",""快手菜"",""家常菜""]","[""1"",""2"",""3"",""11"",""36"",""74"",""114""]"
163870,辣椒炒鸡蛋-超级下饭、下馒头,辣椒炒鸡蛋-超级下饭、下馒头,"新西兰目前还处于全国lockdown，除了必需工作人员，全部都在家里自我隔离。 

我已经三周没有去过超市了，一方面lockdown前一天老板给了我很多店里的食材，因为店也要关门四周。另一方面我平时好奇心很强，很想尝试很多不同类型的餐食，所以有很多七七八八的存货，刚好是个机会给橱柜做做清理。

另一个也很重要的原因是：我有一个小菜园。还有很多种在花盆里的东西。比如今天要做的这个：辣椒。",,3个鸡蛋，3-4个(可选）青椒，一大把小辣椒，一块姜，一头蒜，可选葱，适量盐，适量酱油,"1. 我喜欢用绿辣椒来做这道菜，红辣椒当然也是可以的。
2. 本来是去院子里看看我的花花草草的，后来觉得小辣椒长了不少，就徒手摘了一些。邻居家的傲娇猫跑过来周边晃，时不时地还在你腿边绕两圈，蹭一蹭。但是你要是想碰它，它断定是要跑的。
3. 有这么一碗，是不同种类的辣椒。
4. 辣椒切成小段，蒜头切碎，姜切碎。我没有放葱，忘记了。放上切碎的葱也很好吃的。推荐。
5. 鸡蛋打散，我放了三个。
6. 先放油，油热后放鸡蛋，用筷子迅速朝一个方向画圈搅拌，鸡蛋几乎凝固了就赶紧铲出来，不要炒得太老。
7. 重新放油，油热后先放姜，过半分钟或一分钟再放蒜，我这样做是因为蒜比较容易糊，先把姜放进去就可以更多地把味道释放出来。最后我放的辣椒。
8. 放盐和酱油调味。

全程中小火慢慢炒，慢慢释放食材的味道。必要的话可以加一点点水。
9. 辣椒炒软之后，将之前炒好的鸡蛋倒进去，把鸡蛋搅碎，不要很大快。
10. 鸡蛋炒均匀就可以出锅了，我拿来配馒头，之前放在冰箱里冷冻的，只在微波炉里热一下就很松软了。
11. 既然是“一食一趣”， 照例放一些有趣的事情。

新西兰lock down以来，很多人为了不让孩子无聊，在自己窗口放上泰迪熊，让其它人家出门散步的孩子开心，因为新西兰大都是有院子的房子，栅栏也很低，所以都可以看得到。

这是某天早上出门跑步的时候在路边拍到的。他们无处不在：
12. 门外的
13. 门上的
14. 窗内的，这是薰衣草。
15. 吊着的
16. 趴着的
17. 奇怪的
18. 这个是我的。刚好是复活节，就把他给摆出去了。
19. 在家有时间，上次从院子里割了一些韭菜，做了韭菜馅饼。
20. 还做了酸酵母面包
21. hummus，抹面包用的。
22. hot cross buns，复活节吃的。
23. 通常是要上一层善良的glaze，不过我没有加。
24. 质感还是不错的
25. 还做了寿司。寿司米和紫菜都是很久之前买的，然后很久没有开封。。。
26. 还做了个韩国拌饭。
27. 我家院子里的兔子。",8,5,5,503.0,296.6,22.8,14.0,24.22,0.91,130.7,3.81,222.3,62.5,100.0,0,5,3,0,legacy,"[""下饭菜"",""辣椒"",""鸡蛋"",""家常菜""]","[""2"",""3"",""7"",""11"",""17""]"
165557,双黑固肾粥,双黑固肾粥（焖烧罐版）,"如题。
好东西分享给你。
冬季就快过去了，继续暖暖哒护住自己的五脏六腑，暖胃养肾的热粥，可以一直喝到初夏。",,300g黑米，50g黑芝麻，300g薏米，30g百合，50g核桃，30g坚果碎，食材的三倍量水,"1. 划重点：焖烧杯真的是打工狗的养生神器，没时间做的事交给焖烧杯就好了。
2. 黑米、薏米、百合干淘净，入杯，先加入三分之一杯开水，盖盖焖五分钟；
3. 热水倒掉，再加入滚开的水，和黑芝麻，盖盖焖一晚上，第二天早上就可以吃了；
4. 如果传统煮粥方式，仍是黑米、薏米、百合三样先洗净，浸泡一晚，第二天早上连同黑芝麻、核桃仁同煮半小时至略稠即成；
5. 吃前撒核桃仁泥 或 核桃仁碎、花生碎等；
6. 或者撒枸杞、红枣，加红糖调味；暖胃养肾的热粥，可以一直吃到初夏。",7,5,5,760.0,2603.3,83.51,55.43,456.59,27.36,555.3,27.25,38.3,85.71,100.0,6,0,1,0,legacy,"[""粥"",""中式早餐"",""早餐"",""单身食谱"",""美容"",""焖"",""烧""]","[""35"",""38"",""102"",""128"",""229""]"
165919,红烧羊肉 秋冬下饭神器,【红烧羊肉】秋冬下饭神器！,"原来打算天一冷就熬个羊肉汤来暖暖的，没想到天气又变热了。

没办法，干脆换了个做法。不求暖身、只求够味，也省去了熬汤的麻烦。直接把羊肉炒香炖熟，去掉膻味，加上配菜烧个软烂。

甭管冷热，吃它就对了~

下面的辅料可以按需自己增减哦，这里是最香最好吃的版本。",,#主料，2斤羊腿肉，2根胡萝卜，10个香菇，3根腐竹，适量水，#辅料，8片姜，3瓣蒜，2个红枣，1个八角，1片香叶，1个桂皮，1个干辣椒，1块冰糖，4大勺生抽，2大勺老抽，1大勺蚝油，半碗料酒,"1. 胡萝卜滚刀切块，腐竹冷水泡软后切段，香菇洗净泡发备用
2. 洗净的羊腿肉冷水入锅，放入4片姜焯水去浮沫，捞出后洗净沥干备用
3. 热锅下油，放入冰糖翻炒至融化
4. 再放入4片姜、蒜粒、干辣椒爆香
5. 倒入羊腿肉，中火翻炒均匀
6. 加入料酒和香叶、桂皮、八角、红枣炒匀
7. 倒入没过羊腿肉的热水，大火煮开后转中小火炖两个半小时
8. 放入胡萝卜和香菇，加盖焖10分钟左右
9. 加入腐竹、生抽、老抽、蚝油搅拌均匀，加盖焖6~8分钟即可
10. *期间需要不断翻拌，以防粘锅底
11. 噔噔！味浓软烂的羊肉就做好啦~",19,6,7,1560.0,348.0,21.95,8.15,52.52,12.04,129.3,9.21,194.7,47.37,100.0,1,15,3,0,legacy,"[""家常菜"",""下饭菜"",""下酒菜"",""煲""]","[""2"",""3"",""6"",""21"",""23"",""58"",""250""]"
166215,萝卜丝炒牛肉,萝卜丝炒牛肉,"下饭 好吃
非常适合没胃口的夏天

1勺=5ml=吃饭的勺子
1小勺=2.5ml=调味料的勺子",,1/3根萝卜，100克牛肉，腌牛肉用料：，2小勺淀粉，1勺生抽，1勺料酒，少许姜丝，小料：，1瓣蒜，1根小米椒，1根葱，调味料：，1勺生抽，少许盐,"1. 食材都切好，萝卜丝越细越好
2. 牛肉丝腌渍20分钟，用料写在开头了
3. 热锅冷油炒牛肉丝，别等油热了再放牛肉，一是容易粘锅，二是会炒老。
4. 炒到半熟就盛出。
5. 热油炒萝卜，炒到软。
6. 炒软之后加牛肉丝 小米椒 葱，翻炒半分钟 。
7. 最后加5ml生抽 盐翻炒均匀出锅
8. 巨下饭。",10,6,6,525.0,314.2,26.61,9.5,40.67,12.0,185.5,3.25,240.8,70.0,100.0,1,7,2,0,legacy,"[""下饭菜"",""家常菜"",""辣"",""快手菜"",""牛肉""]","[""1"",""2"",""3"",""8"",""18"",""59""]"
166241,西蓝花虾仁蒸蛋,西蓝花虾仁蒸蛋,我宝贝最爱的一道美食,,3朵西兰花，1个鸡蛋，3-4个虾仁，2-3滴核桃油,"1. 西蓝花和剥好的鲜虾仁剁碎放入鸡蛋中，加2-3滴我的哆咪核桃油，拌匀
2. 上锅蒸7-10分钟，完美出锅
3. 用小勺子切成一块一块的，一口一块，美味。【我家宝8个月，所以西蓝花和虾肉没有剁的太碎，大一点还可以练习咀嚼】
4. 扫码➕微信，免费学习更多宝宝辅食制作",4,3,4,982.0,375.9,52.03,10.53,34.5,0.0,655.6,12.42,2051.5,75.0,100.0,0,4,0,0,legacy,"[""早餐"",""蒸"",""家常菜"",""婴幼儿"",""鸡蛋羹""]","[""7"",""41"",""53"",""590""]"
166611,刷脂伴侣鸡胸肉纤维饼,刷脂伴侣鸡胸肉纤维饼,,,1块鸡胸肉，1根胡萝卜，1个红辣椒，5朵香菇,1. 所有材料切碎，放入盐和料酒，一个鸡蛋，一勺淀粉，腌制一个小时，时间越久味道味浓，空气炸锅160度15分钟即可。,4,4,5,470.0,249.8,40.3,3.39,16.66,4.62,41.9,3.0,154.3,100.0,100.0,0,4,0,0,legacy,"[""减肥"",""早餐"",""饼"",""鸡胸肉"",""家常菜"",""简单""]","[""6"",""15"",""23"",""24"",""50""]"
166888,炸胡萝卜肉丸子,炸胡萝卜肉丸子,外面买的丸子淀粉和添加剂太多，而且不卫生，自己做真材实料，干净卫生，还可以随心±各种蔬菜！,,500克猪肉，半根胡萝卜，1个鸡蛋，2大勺淀粉，1块豆腐，半根葱，4根香菜，5克盐，3勺酱油，半勺蚝油，适量香油，2克胡椒粉,"1. 将胡萝卜，葱，香菜切碎与豆腐肉馅放入盆中
2. 捏碎豆腐（北豆腐），加豆腐可以使丸子更加松软😊
3. 把所有调料放入抓匀
4. 锅中多放油，中小火烧至六成热（筷子放入有小气泡）左手虎口挤出丸子，再用勺子舀入油锅中
5. 炸至浮起变色后，用筷子夹出。（熟了就要及时夹出，不要等最后一起捞出）
6. 出锅后就可以吃啦！还可以随个人口味沾椒盐孜然等吃！",12,5,5,1065.0,2133.5,109.87,176.35,31.41,1.21,434.6,13.98,435.2,58.33,100.0,3,8,1,0,legacy,"[""家常菜"",""快手菜"",""汤"",""炸"",""丸子""]","[""1"",""4"",""6"",""7"",""9""]"
168115,蒜泥白肉,蒜泥白肉（好吃不腻有秘诀！）,蒜泥白肉属于川菜经典名菜，制作原料主要有蒜泥、猪肉等，口味鲜美、营养丰富、蒜味浓厚、肥而不腻。,,150克熟猪后腿肉，100克金针菇，100克黄瓜，30克自制红油，2克味精，5克美极鲜，10克生抽，5克香葱末，10克香油，3克花椒油，10克芝麻酱，2克鸡粉，15克蒜泥，2克盐，5克白糖，2克白芝麻，15克鸡汤,"1. 猪肉宜选用猪后腿半肥半瘦的二道肉，因为只有二道肉是肥瘦相连的。煮约1小时再使用口感更佳。
2. 将黄瓜去皮，用刀切细丝备用。
将金针菇根部用刀切除。
3. 锅中加入清水，烧开，放入金针菇焯水，取出过凉水，撕开备用。
4. 小碗中加入盐、白糖、味精、鸡粉、鸡汤、生抽、美极鲜、芝麻酱、蒜泥、自制红油、香油、花椒油、白芝麻和葱末搅拌拌匀，盛入蘸碟中。
5. 将熟猪后腿肉顺纹路切成长方形的薄片（尺寸约10*5厘米）。
6. 取熟猪后腿肉片，放入适量黄瓜丝和金针菇，依次卷起，交错码入盘中，放置蘸碟搭配食用。",17,5,5,242.0,106.4,7.38,2.85,14.45,3.56,44.6,2.65,43.0,41.18,100.0,17,0,0,0,legacy,"[""家常菜"",""川菜"",""快手菜""]","[""1"",""2"",""19"",""36"",""46""]"
168433,烧猪骨煲萝卜干粥,烧猪骨煲萝卜干粥,好吃还去火,,半斤烧猪骨，适量萝卜干，1杯大米，2勺盐，2勺蚝油，适量油，适量姜丝,"1. 大米洗干净用水泡5—10分钟，这样煮的时候米粒更快开花
2. 这个是从家里带回来的自制萝卜干，没有的可以上市场买一些普通的萝卜干代替，先用水泡10分钟
3. 洗干净之后根据自己喜欢切成适中的长度，喜欢有口感一点点可以不用切太小，这样咬起来嘎嘎脆，忒好吃
4. 切好之后放一边备用
5. 切一点姜丝，不喜欢姜的可以切大一点，吃的时候挑出来，烧猪骨买的时候可以叫老板帮忙切一下，这样就不用回来再自己切了
6. 将姜丝和烧猪骨放到大碗中，加入蚝油，盐，油
7. 搅拌均匀之后腌制10—15分钟
8. 泡好的大米加水放到锅里开大火煮15分钟左右，水的多少根据自己喜欢，喜欢粘稠一点的可以少一点，喜欢稀一点的可以多放一点，大火煮到水开就可以调为中火了，要注意不要溢出来
9. 煮开之后用中小火煮10—15分钟
10. 将材料加进去，然后用小火继续熬煮20分钟左右，要注意时不时搅拌一下，不要粘锅也不要溢出来，粥的粘稠度根据自己个人喜欢，觉着差不多就可以了
11. 出锅，拍照
12. 放冷一下下就可以呼噜呼噜开吃啦～",7,2,2,400.0,519.0,11.85,1.35,115.8,0.9,12.0,1.65,2.7,57.14,100.0,1,3,3,0,legacy,"[""家常菜"",""中式早餐"",""汤粥主食""]","[""3"",""20""]"
168761,油泼茄子-橘丽丝的夏天,油泼茄子-橘丽丝的夏天,"在工作室的中午都是胖哥做饭，
天气刚热起来的时候夸了他做的这道油泼茄子好好吃，
于是这个夏天这道菜的上桌率特别高。
我说胖哥呀我帮你把这道菜谱写出来吧。
胖哥扭扭捏捏的去买茄子，算是答应了。

拍照的时候胖哥一直在指挥我，
“你拍好没有我要进行下一步了。”
“你快点把茄子从锅里端出来。”
“白醋呢快给我找出来。”
“油烧开了你快关火啊。”

末了胖哥还说，
你看我每天中午在厨房做菜我就是这么忙的。

我端着碗说，哦，这个茄子好好吃。

---------------------------------------
以上我写的可能有点婉转，
但其实我想表达的是，
“把胖哥做的菜放进我的菜谱里他有点紧张”这件事情，
不知道你们感受到没有。",,#食材，2个茄子，#佐料，6-8瓣大蒜，4个二荆条青椒，1把小米椒，1把干辣椒段，10颗左右花椒，#调味，2勺生抽，半勺晒醋，半勺白醋，适量盐，1小勺白砂糖，1勺油泼辣椒，一撮花椒粉,"1. 二荆条青椒、小米椒剁碎如图。蒜切末。
2. 茄子洗净切条，上锅蒸5分钟。我用的上下两层一起蒸。因为茄子太多啦。
3. 蒸好的茄子从锅里取出，放一旁晾凉。凉的才适合夏天吃啦~~
4. 晾好的茄子撒上之前准备的蒜末的剁碎的辣椒。还有花椒、干辣椒。
5. 倒入2勺生抽，半勺晒醋，半勺白醋。1勺油泼辣子，适量盐，一小勺白砂糖，一撮花椒面。
6. 起小半碗油入锅烧热，均匀淋于佐料上，完成。",16,3,3,1045.0,228.2,11.4,1.48,53.24,18.74,164.6,3.58,46.3,37.5,83.33,0,10,4,0,legacy,"[""快手菜"",""下饭菜"",""蔬菜"",""家常菜"",""素菜"",""沙拉凉菜"",""蒸"",""油泼"",""夏天""]","[""2"",""18"",""110""]"
168832,螃蟹粥,螃蟹粥,金秋九月，蟹满膏肥。比起今年推迟上市的阳澄湖大闸蟹，沿海居民们更喜欢每天新鲜上岸的海蟹，清蒸或是简单姜葱爆炒就很有味道。当然“被偏爱的都有恃无恐”，近水楼台的丰富海货足以让喵喵“作”一般地发挥，今天沿海人们的早餐就从奢华的螃蟹粥开启吧！,,2只梭子蟹，1杯大米，3根葱，2片姜，适量盐，适量味精，适量白胡椒,"1. 将螃蟹清洗干净，表壳用刷子清理，剥开蟹壳。
2. 去除掉蟹腮、蟹心、蟹肠、蟹胃等不可食用的部位。
3. 将清理好的螃蟹切成小块备用（6-8块/只）
4. 洗米煮粥，滴入少许香油口感更加，大火煮开后转小火煮30分钟。
5. 姜切丝，葱切段，连同螃蟹一同放入粥中熬煮40分钟。
6. 剩10分钟左右，加入盐、味精、白胡椒调味。时间到后出锅即可食用。",7,4,5,396.0,724.5,44.34,7.77,120.72,1.75,597.9,7.26,971.0,57.14,100.0,0,4,3,0,legacy,"[""海鲜"",""粥粉面饭"",""螃蟹"",""早餐"",""家常菜"",""煮粥""]","[""1"",""3"",""20"",""277"",""292""]"
168965,媲美饭店的家常 青椒鸡,媲美饭店的家常 青椒鸡（详细到包你会）,简简单单的美食，颜值担当，色香味俱全，下酒 下饭的好菜，家庭主妇必备技能,,半只的一半鸡肉，3勺盐，半勺糖，1勺味精，2勺鸡精，2勺蚝油，1勺料酒，2勺生抽，3勺淀粉，2个蒜，半碗青花椒，8－12个青椒，15-20个小米辣，1根仔姜，1根芹菜，1根大葱，1克白芝麻,"1. 鸡肉剁成小颗粒状，越小越入味
2. 腌制 
1勺盐
2勺生抽
3勺淀粉
3片仔姜 
1颗芹菜叶
 1根大葱叶

3. 搅拌均匀，叶子埋在下面，静置15分钟后腌料全部挑出扔掉
4. 准备佐料
5. 均匀切粒 
6. 5厘米长，装盘备用
7. 蒜切粒
仔姜切粒
半碗青花椒
小米辣切粒
大葱切粒
芹菜切粒
装盘备用
8. 调味品装盘备用
依次
耗油2勺
味精1勺
糖
9. 5勺
鸡精2勺
盐2勺

10. 油下锅烧至冒轻烟转小火冷却10秒
11. 先下仔姜、大蒜，降油温
再下青花椒
下完马上下一步

12. 下鸡肉，转猛火爆炒
13. 翻炒
14. 炒至熟透收水后放调味品

15. 炒至变干状态放小米辣
20秒后下一步
16. 放入青椒粒
20秒后下一步
17. 放入大葱粒 芹菜粒
翻炒均匀
5秒后出锅装盘
18. 撒上白芝麻
19. 色香味俱全
20. 配上香喷喷白米饭或白酒
 开吃啦😍
21. 一扫光😏",17,7,7,2446.0,391.3,11.96,4.85,91.02,3.65,187.4,5.6,202.5,52.94,100.0,1,16,0,0,legacy,"[""家常菜"",""下饭菜""]","[""1"",""2"",""3"",""11"",""27"",""36"",""91""]"
169673,日式关东煮,日式关东煮,"关东煮的汤底一般叫做出汁，不仅可以用来做关东煮，还可以用做拉面的汤底、煮菜或者煮汤什么的。因此也就相当于我们烹饪时候的高汤，不过区别在于，我们的高汤一般是猪肉鸡肉的肉类或者骨头熬制的汤，但日本的出汁大多数是用海鲜产品来烧制的。所以，日本出汁（高汤）的制作原料，一定要有海鲜呢！

很多菜谱会用鱼类和昆布混合制作出汁的方法，其实，鱼类和昆布都可以单独出汁。鱼类高汤最常用的就是鲣鱼花（木鱼花），煮过以后风味很足够，网上也经常可以买到，价格还不贵。大概是1升水配20g左右的木鱼花，煮15分钟，就好了；昆布高汤，那就是海带来煮汤了，不过味道过于清单，浸泡时间又太长了，还是不推荐单独使用。大概是1升水配40g左右的昆布，浸泡8小时以上，才可以；混合出汁在家庭厨房里使用频率最高了，但会略有些麻烦，我个人喜欢加入香菇、苹果之类的，增加香甜的味道和汤底的鲜度，更符合我的口味。

推荐一个配比：2L出汁（昆布和木鱼花混合出汁）+3汤匙（45ml）日本酱油+3汤匙（45ml）味霖+6汤匙（90ml）清酒+2茶匙（10ml）盐。如果不嫌麻烦的，按照这个比例配出的汤底，鲜香咸美，做关东煮一定会特别的入味和鲜口的。当然如果，不想着麻烦的话，还有一个比较简单靠谱的方法，直接用复合调味品调制汤底就好了。不用太考虑配比，也不用又买一堆日式出汁产品，就是简单的两个口味的酱汁，调和而成即可。今儿来给大家介绍，黄记煌一汁成菜系列中的照烧汁和海鲜汁制作的天呐关东煮，简单易学，就酱万能。

制作时间：45分钟

适合人群：喜欢吃关东煮的朋友，上班族和学生党，冬天想吃口热乎东西的人。

实际评价：汤底微微甜，还有些鲜味，确实和关东煮的汤底很像，一人一小锅在家里吃，不用担心吃太多会胖。

关于照烧汁和海鲜汁，欢迎登陆：天猫黄记煌探真专卖店，认准正品标记，味道有保证。",,#食材，2个鸡蛋，6个魔芋丝，1块北豆腐，6个海带结，1根白萝卜，1个冬笋，4个鱼豆腐，4个牛肉丸，4个鱼饼，#配料，1个苹果，4-5朵干香菇，#调味，2勺（30克）黄记煌海鲜汁，2勺（30克）黄记煌照烧汁，1勺（20克）米酒,"1. 这些都是食材，提前准备好
2. 备菜：鸡蛋提前煮熟去皮，白萝卜去皮切块，冬笋切瓣，北豆腐切三角块，备用
3. 汤底：干香菇泡发20分钟，苹果横切厚片，和海带结一起全部放入锅中，加水煮沸
4. 调味：中火煮5分钟，倒入海鲜汁、照烧汁和米酒，搅匀转小火煮5分钟，捞出苹果
5. 煮菜：将所有食材摆放在砂锅里，倒入煮好的汤汁，大火煮沸后转中火慢慢炖煮5分钟
6. 开吃：所有食材都煮熟以后，转小火保持温度，用酱汁调一个蘸料，即可开吃",17,5,5,2725.0,368.5,21.69,9.68,56.3,4.2,322.8,3.39,405.9,64.71,100.0,0,14,3,0,legacy,"[""快手菜"",""家常菜"",""一人食"",""火锅"",""关东煮"",""日式小吃"",""下酒菜"",""味蕾工坊"",""懒人食谱"",""小清新"",""外貌协会"",""深夜食堂"",""炖"",""日式"",""晚餐"",""煮""]","[""7"",""56"",""63"",""93"",""184""]"
169760,清蒸多宝鱼,清蒸多宝鱼,,,一条多宝鱼，片姜，适量料酒，适量盐，适量油，适量葱，适量蒸鱼豉油，适量姜丝，根小葱，适量葱丝，1瓣蒜，1根大葱，2个红椒，1根胡萝卜，1个彩椒,1. 多宝鱼洗净，料酒葱姜腌制20分钟，腌制好多宝鱼上锅蒸15分钟，出锅后装盘，放入切好的葱白丝，胡萝卜丝彩椒丝，红辣椒，倒入蒸鱼豉油，散一些细盐，锅里烧热油，放入姜片，浇在多宝鱼上即可,15,7,7,545.0,175.9,20.54,1.69,22.73,1.52,73.0,2.24,181.5,73.33,100.0,0,6,9,0,legacy,"[""清蒸"",""快手菜"",""家常菜""]","[""1"",""2"",""3"",""6"",""49"",""74"",""497""]"
169904,馋哭邻居的飘香山药炖牛肉,馋哭邻居的飘香山药炖牛肉,记得小时候冬天最爱的就是烩菜、炖菜，一锅热气腾腾的上桌，肉菜汤浇在饭上，米饭都能多吃一碗。现在在外地只能自己靠着这熟悉的美食来思乡。,,250克牛肉，250克山药，1/4个洋葱，15朵木耳，半个青椒，2粒冰糖，1个八角，1片香叶，10粒花椒，4小片生姜，2个干辣椒，2瓣蒜，1瓷勺生抽，半瓷勺老抽，1/3瓷勺耗油，1/3调料勺十三香，1调料勺盐,"1. 1、牛肉洗干净，切成小块，我切1厘米左右的四方块，然后用冷水浸泡半小时(让血水慢慢渗出)
2. 2、冷水将泡好的牛肉+2片生姜一起下锅(水沫过肉即可)，水开后用滤网舀去上面的浮沫。
3、关火把肉舀出来备用，汤倒在一个大碗里(要留着哈，千万不要倒掉了！)
3. 4、准备好前面列表里面的调料，锅底倒油准备炒
4. 5、油微热后，小火放入冰糖，慢慢熬糖色(化了就可以了)，然后倒入刚才小碟子里的调料进去爆香。
5. 6、放入洋葱片煸炒，有香味微黄即可。
6. 7、放入前面焯好的牛肉，依次加入调料(老抽、生抽、耗油)，快速翻炒均匀上色
   调料用量见开头的配料表
7. tips: 调料我是用这种瓷勺子衡量的，一勺大概15ml左右，请大家参考
8. 8、炒好后加入刚才留下的那锅烧开的牛肉汤水，小火煮25分钟。
tips: 我切1cm的肉，25分钟够了，如果你想大快朵颐吃肉，肉块比较大的话可以时间加一点，小火30分钟差不多。
9. 9、经过25分钟的慢炖后，锅里加入洗干净的小朵木耳+1cm左右的滚刀块山药
(山药图忘拍了。。。)
10. 10、加入一小勺盐，1/3勺十三香(用的是图中的调料勺)，把肉+木耳+山药一起炖5分钟。
11、加入青椒炖1分钟(为了配色)
11. 13、出锅，撒上黑芝麻！热气腾腾的一碗山药炖牛肉出锅！
12. 整道菜用时30分钟，但后面都是自己炖我们不用管，实际也就花费可五六分钟。炖的时候你就可以做别的事啦！很快手的菜
13. 冬日餐桌上的扛把子，整个楼道都飘香！

14. 山药完全入口即化那种，牛肉吸收了满满汤汁嫩多汁，超级好吃，两个人吃光喝光，一滴不剩哈哈哈",15,7,7,1214.0,904.2,66.47,24.47,115.12,18.18,287.8,38.88,257.3,53.33,100.0,2,10,3,0,legacy,"[""快手菜"",""家常菜"",""炖"",""大鱼大肉"",""下饭菜""]","[""2"",""3"",""5"",""8"",""11"",""33"",""85""]"
169969,凉拌皮蛋,凉拌皮蛋,松花皮蛋，一种变性蛋。富含Va、Vb族，蛋白蛋，一般人皆可食用。也是凉拌美食。,,3个皮蛋，适量香菜，3勺生抽，2勺醋，1勺蚝油，各1勺姜、蒜，2个小米椒，适量白糖，适量盐，适量胡椒粉,"1. 酱料调汁:将姜蒜小米椒放入调料碗中，锅中油烧至冒烟，倒入碗中。稍冷却后加入生抽、白醋、蚝油，拌匀，加入胡椒粉丶糖`盐。
2. 把皮蛋们用水煮开杀个菌，关火十分钟焖熟后以便易切成型。用冷水冲凉、剥壳，每个切成8半。
与酱汁相拌，淹十分钟。
3. 装盘，来，小小皮蛋们，摆个pose！你笑起来真好看😎😎
",9,2,2,380.0,431.8,33.76,20.06,43.5,23.6,171.4,7.14,999.9,33.33,100.0,0,5,4,0,legacy,"[""凉菜"",""家常菜"",""快手菜"",""皮蛋""]","[""9"",""18""]"
170029,饭渣宝宝也爱的青菜香菇瘦肉粥,饭渣宝宝也爱的青菜香菇瘦肉粥,,,1杯大米，6朵香菇，30克瘦肉，3只虾，1颗上海青，1瓣大蒜，半根葱，一勺半盐,"1. 一杯米，三格半刻度的水，电饭煲煮粥
2. 上海青，泡发的香菇，虾，分别洗好切丁
3. 适量肉泥
4. 切葱蒜
5. 肉泥下锅划散至发白
6. 葱蒜爆香
7. 放香菇翻炒几下
8. 最后放青菜放适量盐
9. 炒好盛出
10. 炒好的菜，放进电饭煲搅拌均匀
11. 我家电饭煲有个热饭功能，点到热饭，热了三分钟关掉。大功告成。
12. 饭渣宝宝等不及了，直想上手。",8,7,7,320.0,658.6,19.45,10.82,123.86,4.99,36.6,2.61,30.3,75.0,100.0,1,7,0,0,legacy,"[""粥"",""早餐"",""中式早餐"",""宝宝""]","[""1"",""2"",""4"",""20"",""23"",""44"",""590""]"
170463,红烧小鸡腿,红烧小鸡腿！下饭必备家常菜,家有挑食宝，但凡吃饭这那的！用这道菜堵住他的嘴！一碗饭下肚绝对没问题，两碗饭这个就别吃撑了哈哈～因为看下厨房都没有特简家常的这个做法，我就发个菜谱～,,6只鸡腿，若干片姜，2勺料酒，2勺生抽，若干，大概七八粒小粒的冰糖,"1. 先把生鸡腿洗一下，每个鸡腿用刀划一下口子，确保都有一点口子能渗入的，这样容易入味～然后把鸡腿和冷水放锅里煮，水煮开后，鸡腿煮的变白差不多了就起锅，把每个鸡腿洗一下，表面不要有那个丝什么的～
2. 锅中放入少许油，我只放了一勺子左右油，然后等微微溅油就放生姜！！我不喜欢吃葱所以只放了生姜，如果家里接受吃葱，可以把大葱也放进去哈！然后倒入洗干净的鸡腿！！
3. 倒入一锅铲料酒，大概就是把鸡腿的底部覆盖！再倒入一锅铲生抽！也是把鸡腿的底部覆盖即可！然后放入七八颗小的土冰糖， 这里冰糖多少根据你的鸡腿有多少放哦！我的冰糖很小的所以我放的多～然后加入冷水，淹没过鸡腿哦！开大火煮它！煮开后时不时开盖搅拌几下，最后感觉汤汁在鸡腿周围一圈的时候就可以收汁了，建议开小火收汁，好控制味道～可以试下汤汁的口感，太咸放白糖，太甜放盐！
4. 注意！最好是留汤汁就是鸡腿底部这么多！方便蘸鸡腿哦～拌饭也很棒的！起锅装鸡腿！！太香了！
5. 哦天，白米饭配上红烧鸡腿，奥利给！一个鸡腿我就能吃半碗饭了！",5,2,3,720.0,1051.2,145.44,51.84,0.0,0.0,0.0,12.96,529.9,40.0,100.0,0,3,2,0,legacy,"[""家常菜"",""红烧"",""鸡腿"",""晚饭"",""快手菜""]","[""3"",""24"",""589""]"
170933,鸡块土豆焖饭,鸡块土豆焖饭,忙时做一锅香喷喷的焖饭，肉、菜、饭一锅搞定，简单快速又营养。,,4个鸡腿，1个土豆，1根胡萝卜，6朵香菇，适量葱，适量姜，适量蒜，2勺蚝油，2勺老抽，适量盐，适量粒花椒粒，3个大料粒，3个干辣椒，适量料酒，3杯泰国香米,"1. 鸡腿洗净切块凉水加料酒入锅，煮开后捞出，用温水冲洗干净。
2. 准备香菇、胡萝卜、土豆切块。
3. 准备好葱姜蒜末辣椒。
4. 锅中倒入油放入花椒粒和大料，出味后捞出粒，放入葱姜蒜炒出香味，放入鸡块炒至微黄。
5. 倒入老抽、蚝油，翻炒均匀。因为要水煮所以颜色要深一点。
6. 放入配菜翻炒均匀，加入盐，加入一小杯水煮一会。
7. 煮菜的时间淘米，控干水分。
8. 菜不用煮太长时间，淘好米就把菜倒入锅中，拌匀。
9. 加水要比平时焖米少一点。
10. 电饭煲用香弹煮。一锅香喷喷热腾腾的焖饭就做好了。",15,8,9,1023.0,909.1,105.15,35.82,45.08,8.18,51.7,10.98,449.6,60.0,100.0,0,9,6,0,legacy,"[""焖饭"",""饭"",""家常菜"",""快手菜"",""电饭煲""]","[""1"",""2"",""3"",""6"",""12"",""23"",""24"",""278"",""589""]"
171034,腊肉煲仔饭,腊肉煲仔饭,天气热，烧菜太麻烦，烧个煲仔饭方便,,二根腊肠，半勺麻油，3杯大米，2个鸡蛋，1勺蚝油，2勺酱油，半勺糖，1勺凉开水，半碗青豆，1勺橄榄油,"1. 东北香米提前1小时浸好，青豆洗干净，腊肠切好，姜丝切好
2. 砂锅底内和四周涂薄薄的一层橄榄油，放入浸泡过的米，加水至米高出一丢丢（看上图）
3. 盖上盖大火煮6分钟左右
4. 米饭煮成八成熟，锅中表面水分差不多收干时，放入切好的腊肉肠，姜丝
5. 继续用中小火煮3分钟
6. 加入鸡蛋，青豆中小火煮2分钟
7. 用大半勺橄榄油沿锅边淋上一圈，加盖继续中小火煮5分钟关火，焖10分钟，为了吃锅巴，再中小火开火2-3分钟，听到结锅巴的声音或者锅盖口香气出来就OK
8. 焖饭的同时，开始调料了
9. 2勺生抽，1勺耗油、半麻油、半勺糖、1勺凉开水
10. 总共30分钟左右，开锅好香，均匀淋上调料
11. 很好的锅巴
12. 可以吃下2碗",10,3,3,660.0,2286.6,71.3,61.2,365.62,2.9,122.8,9.93,1559.8,50.0,100.0,0,10,0,0,legacy,"[""煲仔饭"",""家常菜"",""饭"",""快手菜"",""主食"",""煲""]","[""7"",""20"",""65""]"
171399,瘦肉白贝粥,瘦肉白贝粥,,,1杯大米，400克瘦肉，2片姜，适量盐，适量生抽，适量糖，1斤白贝，少许油,"1. 瘦肉剁碎，放盐，糖，生抽（其实瘦肉可以用鸡肉代替的，味道一级棒，只是刚好前一天吃了沙姜鸡，所以没用鸡来煲，下次做个白贝鸡粥）
2. 搅拌均匀
3. 白贝清洗多次，一定要清洗干净
4. 大米洗净后放姜片，水进汤锅煲120分钟
5. 直接放瘦肉进锅很容易结块的，避免这种情况出现就拿出粥水放在瘦肉上，搅拌均匀
6. 放少许油后再放瘦肉进锅搅拌均匀后放白贝盖汤锅盖
7. 煮开
8. 阵阵粥香飘出，放适量盐巴
9. 开吃",8,3,3,1066.0,1850.4,72.46,121.85,117.45,1.33,40.3,7.07,232.3,50.0,100.0,2,2,4,0,legacy,"[""粥"",""早餐"",""家常菜""]","[""3"",""4"",""20""]"
171670,健身人士专享减脂五彩馄饨,超级美味的健身人士专享减脂五彩馄饨,"减脂也得好好减，碳水+蛋白+脂肪，食物搭配的好，瘦就更容易～
这次做了四种馅料，如果你们觉得比较复杂，可以选一种或两种馅
准备一个搅拌机，做肉馅真的很省事！",,300克牛肉，300克鸡肉，300克羊肉，10只虾，2根胡萝卜，半个洋葱，半节藕，4朵香菇，2根香芹，看着来吧木耳，一小把韭菜，6个鸡蛋，克油，适量盐，蚝油，料酒，勺黑胡椒，适量淀粉，3片姜，适量生抽，橄榄油,"1. 准备材料，把牛肉、鸡胸肉、羊肉、虾仁全部切块准备好备用；还有各种你想吃的蔬菜。在这一步之前你必须得想好每种肉要搭配什么蔬菜，这样的话，买菜就照着目标买就好
2. 把木耳泡发好，手撕碎就行，韭菜清洗一下，切碎，虾仁稍微切的小一点就可以哦，整只发太大啦
3. 准备小葱和炒鸡蛋，小葱多一点没关系，基本上每一个馅料都需要有葱，鸡蛋炒三个，碎一点，这个是做素三鲜的时候用
4. 准备馄饨皮，我这个是在网上买的五彩馄饨皮，自己做太复杂了，买现成的会更方便，偷懒啦，哈哈
5. 这一步是关键：我有勇气做四种馅真不是因为我勤快，而且有一个绞肉神器，各种馅料几秒就行，太省事了！
6. 搭配如下：
木耳+鸡蛋+藕丁+虾仁 （单放）+盐+生抽+黑胡椒+少量橄榄油
鸡肉+西兰花+胡萝卜+盐+蚝油+生粉+黑胡椒
牛肉+芹菜+洋葱+鸡蛋+生粉+蚝油+盐
羊肉+胡萝卜+葱+香菇+姜+鸡蛋+生粉+黑胡椒+料酒+盐+孜然粉
7. 馅料拌好后，就开始包馄饨，这个买回来的馄饨皮需要在封口处沾点水才行，不让会合不上，我包的是元宝形状的，放在盒子里很整齐～
8. 这一包馄饨皮有一百四十个左右，包了好久，先包了十几二十个煮料吃，再把剩下的包完
9. 成品煮出来颜色稍微有点暗，但是很好吃，可以自己放点虾皮和紫菜，馄饨汤自己DIY",21,11,11,1849.0,1476.9,160.82,72.53,49.35,6.6,347.1,25.54,1037.6,52.38,100.0,3,8,10,0,legacy,"[""馄饨"",""主食"",""减肥"",""家常菜"",""快手菜""]","[""3"",""5"",""6"",""7"",""8"",""23"",""24"",""48"",""58"",""106"",""590""]"
172426,土豆胡萝卜西红柿炖牛肉,土豆胡萝卜西红柿炖牛肉,温补好食味,,两人量牛肉，1个土豆，半个紫皮洋葱，1个西红柿，1根胡萝卜，2勺料酒，适量盐，3勺生抽，3勺老抽，一根葱，三片姜，六瓣蒜，两个八角，适量干辣椒，1勺白糖,"1. 牛肉切小块，牛腩最好，肥瘦都有，用适量料酒 生抽 老抽腌制一会儿 时间随意 先把这一步做好 就准备其他材料 一直腌制到开始做的时候也行。
2. 葱姜蒜干辣椒八角准备好
3. 土豆一个 胡萝卜一根 切滚刀准备
4. 紫皮洋葱班半个 切丝
5. 洋葱放砂锅的锅底铺好 倒一点油 盖上盖子 开火煎一下洋葱丝 出香味关火
6. 西红柿放热水里滚一会儿  去皮  切碎
7. 炒锅里放平时炒菜三倍的油 放上土豆胡萝卜开始煎炸  闻到有炸薯条的味道时候用铲子开始慢慢翻炒 
8. 煎炒到这种程度关火盛出来  油继续留锅里
9. 用刚才剩下的油开火 放葱姜蒜干辣椒八角炒香
10. 炒出香味放入腌好的牛肉翻炒 
11. 炒到牛肉稍微紧致变色 放入材料表里的生抽 老抽 白糖 
12. 洋葱煎好
13. 放入材料后翻炒一会儿
14. 加入清水 水盖过牛肉 大火煮开
15. 煮开后连汤带肉一起倒入煎好洋葱的砂锅里小火慢炖1小时
16. 一小时后把煎好的土豆和胡萝卜放进锅里放盐 一起继续小火炖15分钟  盐一定要这时候放  放早了的话牛肉不容易炖熟  
17. 出锅  牛肉包裹着土豆的沙 牛肉很烂 孩子吃也没事  土豆和胡萝卜外边沙软但又不碎
18. 开吃吧哈哈哈哈哈",15,6,6,484.0,235.4,7.82,0.98,51.8,4.09,78.3,2.83,114.7,53.33,100.0,0,12,3,0,legacy,"[""盖浇饭"",""家常菜"",""饭""]","[""1"",""2"",""3"",""6"",""12"",""14""]"
172627,肉沫蒸蛋,肉沫蒸蛋（➕芝士版🧀）,"冰箱所剩食材充分利用系列
之前做过芝士蒸蛋，这次加了肉沫感觉不会那么腻。",,少许肉末，2个鸡蛋，少许盐，半勺酱油，1片芝士，少许葱花,"1. 将肉沫放入碗中，加半勺酱油，胡椒粉腌制。
2. 锅中热油，倒入腌好的肉沫炒熟盛出备用。
3. 两个鸡蛋倒入碗中，加少许盐，打散。
4. 加入鸡蛋液一倍的水，将芝士片撕碎放入碗中，倒入一部分炒好的肉沫。
5. 盖上保鲜膜，大火上锅蒸十分钟，再把剩下的肉沫倒入蒸2分钟，撒上葱花出锅。",6,2,2,120.0,204.6,18.24,13.3,3.1,0.0,215.8,2.08,248.4,50.0,100.0,0,3,3,0,legacy,"[""汤羹"",""家常菜"",""蒸"",""鸡蛋羹""]","[""1"",""7""]"
173253,五香豆腐,低脂美味💡五香豆腐,"大部分朋友应该都会喜欢又滑又嫩的豆腐，它不仅口感滑嫩，还有丰富的营养价值，富含优质蛋白和多种维生素、矿物质，适量吃一些豆腐能够有效补充人体所需营养物质，并有效人体免疫功能，与此同时，豆腐热量低，易消化，是一种老人小孩和减脂人群都宜吃的食物。
不过豆腐风味较为清淡，可能有些比较重口的朋友不太爱吃，所以今天就为大家分享一款五香豆腐的做法，这样做的豆腐外酥里嫩，更加咸香美味，超级下饭哦~",,1大块豆腐，半根胡萝卜，1个青椒，适量小米椒，适量黑木耳，2勺生抽，1勺蚝油，1勺盐，半勺糖，适量清水，适量淀粉,"1. 将豆腐切块，起锅热油，豆腐下锅开炸
2. 取出油炸神器——加长空心油炸筷子，建议大家家里都备上一双，油炸时用来翻夹食物，空心设计可以有效隔热，加长设计则能避免油喷溅伤手
3. 待豆腐炸至金黄状态之后用加长油炸筷子夹出，放在沥油架上沥干油分待用
4. 胡萝卜切片，青椒和小米椒切小段，锅中放入少许油，油热后将青椒、小米椒和胡萝卜一起倒入翻炒
5. 随后再加入适量木耳一起继续翻炒
6. 接着加入炸好的豆腐
7. 将2勺生抽、1勺蚝油、1勺盐、半勺白糖和适量清水一起调制成酱汁，淋入豆腐内，盖上锅盖焖煮一会
8. 将淀粉调制成水淀粉，开盖后将水淀粉淋入锅中，然后再将豆腐和配料一起翻炒
9. 翻炒至收汁状态就可以出锅啦
10. 一口鲜香，外酥里嫩，实在太美味啦~",11,4,4,540.0,377.0,27.64,21.56,23.04,0.66,340.0,5.64,70.8,54.55,100.0,0,7,4,0,legacy,"[""家常菜"",""下饭菜"",""快手菜"",""晚餐"",""豆腐"",""减脂餐""]","[""6"",""11"",""18"",""33""]"
173269,烤鱼,家常版烤鱼,"很喜欢吃烤鱼，有肉有菜配上一碗米饭，很是下饭，想来在家做做试试，没成想很是对味，所以之后每次都会在家做，家人朋友也很是喜欢，配菜不拘泥于我菜单里的，可以根据自己喜好随意搭配，比如:午餐肉、海带、金针菇、鱼豆腐等等。     鱼也可以根据喜好选择，比如:鲤鱼，黑鱼（淡水）……，我比较喜欢黑鱼，肉嫩刺少，家里有老人孩子的可以选择黑鱼，买鱼时黑鱼卖完了就只买了草鱼，鱼是我提前腌制好的，每次都是头天晚上腌冰箱冷藏到第二天上午烤好，这样腌制得时间长也比较肉味，这样提前准备好也不至于手忙脚乱。
      有人会问为什么材料里没有盐，因为用的好多调料都是有咸味的，我们可以一边做一边尝一下，如果觉得不够味可适量加些。我的方子里，咸度是可以的。
       用料我尽量详细，有不懂得可以私信我。",,腌鱼:，一条(2500g)草鱼，3勺蚝油，3勺料酒，4勺酱油，20g-30g适量(超市有卖现成)烧烤料，适量盐，适量油，半根切段葱，六片姜，以上材料混合好均匀抹在鱼上，里外都要抹匀腌制2小时以上(备注:我都是头天晚上腌，这样更入味)，制作烤鱼用料:，两勺料酒，三勺酱油，两勺蚝油，一勺老抽，20粒左右花椒，两个八角，一小块桂皮，3片香叶，一小撮小茴香，一个(拍碎里边籽去掉)草果，半根葱，6片姜，15瓣蒜，半包(100g)火锅底料，半个洋葱，一个土豆，适量宽粉，三朵香菇，适量鱼豆腐，适量豆腐泡，适量豆干，适量芹菜，适量克花生，适量干辣椒，适量芝麻，适量食用油，适量鹌鹑蛋,"1. 这是我提前用烤箱考好的，做法:（草鱼洗净控水，像我这样中间剖开但不要断开，上述菜单中腌鱼料混合将鱼里外抹匀腌制，腌制时间2小时以上，腌制好后两面刷油平铺在烤箱烤网上（烤网下边一定要放托盘接着鱼留下来的油水，不然就糟糕了），上下火170度40分钟。
2. 准备配菜，随意搭配。我准备了洋葱，土豆，香菇，豆腐泡，豆干，千页豆腐，宽粉，土豆粉。
3. 调料备好放一起，备用。
4. 配菜改刀，备用。
5. 土豆切条，稍微宽些，下开水抄两分钟左右。
6. 起锅烧油，油热转小火下八角，花椒，香叶，小茴香，草果炒香捞出。
7. 将葱姜蒜放入炒香，将火锅底料放入炒均匀。
8. 一次放入料酒，蚝油，酱油，老抽。
9. 将洋葱，土豆，宽粉，香菇，鹌鹑蛋平铺锅底。
10. 放入烤好的草鱼，将其余配菜码放到鱼两侧，倒入适量的温水，从配菜缝隙里能看到就行了，不要太多。开盖煮沸10分钟左右即可关火。
11. 适量食用油将花生米炒熟，撒在烤鱼上。
12. 干辣椒，芝麻均匀撒在表面。
13. 烧适量食用油，油热浇到干辣椒上，这样会比较香，辣椒也不会很辣。
14. 做好啦！",32,11,11,933.0,766.5,98.62,14.09,64.96,6.5,160.5,9.37,215.4,53.12,100.0,1,17,14,0,legacy,"[""家常菜"",""宴客菜""]","[""1"",""2"",""3"",""5"",""12"",""16"",""23"",""26"",""27"",""79"",""101""]"
173285,矜宸•泡椒鸡杂,矜宸•泡椒鸡杂,每次去重庆小面馆都要加点的配菜，鲜香过瘾，下饭一流，虽然要凑齐配料不那么容易不过做成之后的味道还是令人欣喜。,,4只鸡胗，1副鸡肠，1副鸡肝，4只鸡心，2根 泡椒(二荆条)，4根野山椒，2块泡子姜，2根芹菜，6朵木耳，适量料酒，1勺醋，1勺生抽，1小勺老抽，1勺清水，1勺糖，适量生粉，适量盐白胡椒,"1. 菜场里买来的鸡心，鸡肝，鸡胗，鸡肠用水冲洗干净备用，葱白切段，泡野山椒和泡子姜切菱形块。我买不到二荆条泡椒…所以只能用剁椒代替了，味道会有差异，大家根据自己的原料调整。
2. 泡椒或者剁椒剁细，这样一会儿炒制的时候才容易上色和入味。
3. 剁成细泥状备用。
4. 葱段，野山椒，泡姜放在一个小碗备用。
5. 木耳提前泡发30分钟，芹菜切段放入同一个小碗备用。
6. 鸡肠需要用剪刀剪开，用盐反复搓洗内壁，用清水漂洗数次之后切成5cm左右长度，锅内煮开水，倒入料酒，汆烫鸡肠20秒取出沥干放入芹菜的碗内。
7. 鸡胗改花刀片，鸡心展开成长条后切段，鸡肝片薄片。
8. 如图中所示，鸡胗先竖着切4/5，然后换一个方向切片; 鸡心边切边滚圆，片成长条后切段。
9. 鸡杂需要码味，加入一小勺盐，少许白胡椒粉，生粉1小勺，料酒1小勺，色拉油一勺。
10. 用筷子搅拌上浆备用。
11. 另取一个小碗做碗芡，加入盐少许，白胡椒粉少许，醋一勺，生抽一勺，老抽一小勺，清水一勺，生粉一勺，糖一勺，搅拌均匀备用。由于鸡杂成熟很快，整个烹制过程不超过40秒，所以推荐使用碗芡，防止找调料加调料的过程中鸡杂已经煮老了，给大家提醒一下下哦～
12. 热锅色拉油烧至6成熟，倒入鸡杂翻炒。
13. 下泡椒酱翻炒出红油，大家可以看到鸡杂成熟很快，这个过程不超过10秒，这就是为什么要一个一个碗分开的原因。
14. 倒入子姜，野山椒，葱段。
15. 翻炒两下，倒入芹菜，木耳，鸡肠，这些料易熟所以最后才放。
16. 迅速倒入碗芡。
17. 大火翻3下关火。
18. 成菜后色泽红润，鸡杂爽脆，滋味复合清香，是很好的下饭菜，你也来试试吧。",17,4,4,1532.0,1283.4,144.93,59.62,47.79,11.19,365.6,51.13,943.5,41.18,100.0,0,12,5,0,legacy,"[""家常菜"",""辣"",""下饭菜""]","[""27"",""33"",""340"",""367""]"
173367,易做摆盘超好看的油豆腐酿肉,简单易做摆盘超好看的油豆腐酿肉,"简单又美味的一道菜，超容易上手

外观上比油豆腐烧肉更高级（嘻嘻😜）
口感上也比油豆腐烧肉更有层次感

作为宴请菜也是非常不错的选择
装个小盘，分分钟B格上升几个level🔝

废话不多说，上菜谱😊",,270g油豆腐，100-120g猪肉（肥瘦相间），1/4个胡萝卜，1大勺虾皮，1个蛋清，1根香菜，1根葱，2瓣蒜，1勺剁椒酱，1小勺白胡椒粉，1小勺十三香，适量盐，适量糖，适量酱油，适量鸡粉，1小碗高汤,"1. ❶猪肉绞成肉泥；
❷胡萝卜先擦成细丝再改刀成小丁；
❸香菜切成细末（不喜欢香菜的可以不放，或换成小葱末）。
2. 
将肉泥、胡萝卜丁、香菜末、虾皮、蛋清混合。
3. 加入1大勺剁椒酱、1勺白胡椒粉、1勺十三香、1勺盐、1勺鸡粉，搅拌均匀。
4. 将油豆腐用筷子戳一个小洞，然后往里撑一撑，把内部撑开（注意不要戳的太深，以免弄破油豆腐）。
5. 将搅拌好的肉泥塞进油豆腐里
（剁椒酱的精髓就在于好看😄哈哈）
6. 全部塞好，然后摆盘，上锅蒸10-15分钟。
7. 蒸的过程中，将两个蒜瓣切成蒜泥，葱切成小段。
8. 快蒸好时，做汤汁。
锅内倒少许油，倒入蒜泥炒出香味，加入少许酱油、糖、1小碗高汤（没有高汤就用清水也可以），烧开，加入小葱段，关火。
9. 将汤汁淋在蒸好的油豆腐上。
蹬蹬蹬蹬～完成啦！✅

（汤汁准备少了，都看不见了😂😂）
",16,6,6,934.0,1286.0,73.75,84.76,60.39,7.27,591.8,21.53,583.3,50.0,100.0,2,9,5,0,legacy,"[""家常菜"",""快手菜"",""宴客菜""]","[""1"",""2"",""4"",""6"",""9"",""52""]"
173547,红烧鸡块 焖烧,红烧鸡块 焖烧,,,1只鸡，1个土豆，半根胡萝卜，半个洋葱，15克糖，30粒花椒，1块桂皮，5个八角，8瓣蒜，8片姜片，2个青椒，2个红椒，1勺红油豆瓣酱，1勺酱油，4勺生抽，4滴小鲜侣,"1. 这个拍得太浑了，你们凑活着看吧。鸡斩成你喜欢的大小，洗干净，再放入撒了一把盐的清水里浸泡半个小时控掉血水。然后再捞出来，沥干水分。
2. 锅烧热，加入少许油和15克白糖。小火化糖，直到糖变成焦糖色，冒小泡泡。
3. 倒入沥干水分的鸡块。
4. 尽可能充分地翻炒让鸡块均匀地染上一层薄薄的焦糖色。
5. 继续翻炒，这一步很关键噢，一点要把鸡肉炒干水分开始微微冒油。
6. 加入姜片，蒜，豆瓣酱，翻炒均匀。
7. 撒入花椒
8. 加入香料
9. 加入2/3的洋葱，翻炒至蔬菜和香料开始散发香味
10. 再加入土豆块，胡萝卜。也可以是别的，我试过放红薯，山药，味道也都很不错👍
11. 翻拌均匀蔬菜后，加入温开水，水量刚刚没过鸡肉和蔬菜就好。盖上锅盖，大火焖煮5分钟，再打开锅盖。
12. 加入小鲜侣，剩余的洋葱和红，绿辣椒段，翻炒均匀收汁
13. 香辣入味的红烧鸡块就做好啦！",16,8,8,709.0,290.7,9.24,1.51,64.68,5.15,98.2,3.51,83.6,43.75,100.0,1,15,0,0,legacy,"[""红烧"",""家常菜"",""下饭菜"",""焖"",""烧""]","[""2"",""3"",""5"",""6"",""11"",""12"",""24"",""49""]"
173941,香辣干锅大虾【家常菜】,香辣干锅大虾【家常菜】,老妈在天津带回来海里生长的大虾，对于还从未到过海边的内陆人，然后决定做一份大虾，毕竟爱好使然。第一次做大虾，而且还是川菜，香辣干锅大虾，个人评分是及格的！深刻反思，两点不足及对措：1、太甜！一斤大虾，两斤配菜，白糖的量最多放花生粒体积大小（压制辣味和使虾肉更鲜）。如果不能很好控制，最好不要放糖，毕竟甜味很能掩盖其它味道。 2、虾肉不Q弹！大虾千万不能用开水煮，因为我妈妈怕坏，从天津白水煮好了大虾，再带回来的，造成了不Q弹。虾肉处理干净后，直接码料，然后油炸。,,20只大虾，300g土豆，250g莴笋，250g莲藕，150g芹菜，150g麻花，稍多花椒粒，多干辣椒（辣），少许桂皮，少许八角，适量蒜瓣，适量姜片，两根香菜，一根大葱，适量鸡精，一汤勺豆瓣酱，少许盐，适量料酒，少许胡椒粉，少许孜然粉，少许蚝油，300g植物油,"1. 处理大虾，主要是除去头部和拔掉虾线。最后就是虾脚地方最脏了，需要洗净。具体怎么操作，请百度，有适合你的处理方式哦～
2. 将处理干净的大虾进行码料，盐少许、料酒一瓶盖的量、胡椒粉一大拇指盖、三四个姜片。码均匀后，套上保鲜膜放置冰箱中里冷藏20分钟。在冷藏的同时开始进行配菜和佐料～
3. 莴笋处理，食指长度和粗度，很形象吧。装盘等待油炸。（首先油炸莴笋、其次藕片、其次大虾、其次土豆片，按此顺序油炸按此顺序油炸按此顺序油炸，都要炸熟！）
4. 莲藕切片，两到三毫米后，太薄易碎！用水浸泡除去淀粉后装盘，等待油炸！（首先油炸莴笋、其次藕片、其次大虾、其次土豆片，按此顺序油炸按此顺序油炸按此顺序油炸，都要炸熟！）
5. 土豆切片，厚度和藕片一样，用水浸泡出去淀粉，装盘等待油炸，炸至焦黄。（首先油炸莴笋、其次藕片、其次大虾、其次土豆片，按此顺序油炸按此顺序油炸按此顺序油炸，都要炸熟！）
6. 洋葱切片，麻花不用直接用就👌
7. 芹菜切段！
8. 姜片、桂皮、八角、辣椒、花椒装盘。辣椒切段或辣椒破腹！目的是释放辣味
9. 上述配菜和佐料准备好后，开始油炸配菜！（首先油炸莴笋、其次藕片、其次大虾、其次土豆片，按此顺序油炸按此顺序油炸按此顺序油炸，都要炸熟！）所需配菜炸好后都分别捞起装盘，等待炒好佐料后下锅。
10. 此步骤为最后一步，直接用炸配菜的油进行炒料。先将油烧至冒白烟；然后倒入干辣椒、花椒、蒜瓣、姜片、桂皮、八角、豆瓣酱，迅速翻炒出香味后，立即倒入炸好的大虾进行翻炒，并倒入两瓶盖量的料酒，放入少许白糖、翻炒持续约10s；再倒入炸好的土豆、藕片、莴笋及准备好的芹菜、洋葱和麻花，翻炒持续约20s；再放入鸡精、微量盐、少量孜然粉、一勺蚝油，翻炒至洋葱熟；最后起锅，放入大葱和香菜！谢谢观看，不足请指正，纯属工科生个人爱好及兴趣！",22,9,10,2630.0,1776.8,291.92,7.77,140.53,12.18,713.4,48.71,3587.0,50.0,100.0,6,4,12,0,legacy,"[""下饭菜"",""家常菜"",""辣""]","[""1"",""2"",""3"",""9"",""12"",""27"",""96"",""145"",""234"",""590""]"
173994,粗粮版简单改良美龄粥,粗粮版简单改良美龄粥,十分特别想念美龄粥，把梗米换成糙米了，豆浆自己用黄豆煮了绞碎过滤的，特别香。,,100g山药，10g糯米，40g黄豆，70g熟糙米，选用蜂蜜,"1. 黄豆提前一晚泡水，糯米和熟糙米（电饭煲煮熟就行）也提前一晚泡水。
2. 山药切块隔水蒸，然后捣碎放入电高压锅。黄豆煮10-15min，搅碎后再煮5min，过滤出来的直接倒进电压锅内，糯米熟糙米连同浸泡的水也一起倒进去，自己感受下浓稠度。
3. 我用的电压锅是美的2.5L的小电高压锅，听说用砂锅褒，然后一边搅拌45min会更好喝，但家里没有合适大小的砂锅，电压锅选择营养炖的浓稠选项，大概炖了一个多小时，不加糖我也能喝，能少摄入卡路里就少摄入啦～加蜂蜜或者白砂糖应该也好喝。",5,3,3,150.0,248.0,16.63,6.7,33.91,7.08,95.0,3.72,19.6,60.0,100.0,4,0,1,0,legacy,"[""粥"",""单身食谱"",""减肥"",""快手菜""]","[""64"",""85"",""87""]"
174188,把子肉,把子肉,"🥓把子肉🥓
山东名菜
香而不腻
软糯适口
突出酱香
下饭又美味",,500克五花肉，35克甜面酱，2勺生抽，1勺老抽，2粒八角，3片姜，3段大葱段，两片香叶，2个桂皮,"1. 准备好五花肉 姜葱 
2. 冷水下锅 去其腥味
3. 控干水分 把皮那面对着锅
炸一下皮
4. 纹似虎皮
软糯酱香
5. 准备好姜葱香叶备用
6. 切成块状
7. 切成块状备用
8. 葱段 桂皮 香叶 倒进锅内翻炒出香味
9. 加入适量料酒生抽老抽甜面酱
10. 加入适量温水 小火慢炖50分钟
11. 炖至软烂 收汁出锅
12. 完成",9,2,3,524.0,1666.0,75.81,150.64,2.47,0.65,36.5,6.84,287.6,22.22,100.0,2,6,1,0,legacy,"[""五花肉"",""红烧肉"",""家常菜"",""下饭菜""]","[""3"",""4"",""10""]"
174291,羊肉丸子汤,羊肉丸子汤,丸子汤泡米饭，小时候的最爱,,1棵白菜，800克羊肉馅，把粉条，个鸡蛋，勺生抽，勺味极鲜，勺老抽，克盐，勺鸡精，勺香油，勺十三香，勺蚝油，碗花椒水，克熟油，根葱，片姜，勺料酒,"1. 最重要的一步:和馅。切一根大葱，适量姜切末。加入两勺生抽，一勺老抽，一勺蚝油，打一个生鸡蛋，十三香，一勺料酒，一勺香油，一勺熟油，花椒用一小碗开水泡15分钟，把花椒捞出，倒入馅中可以去羊肉的腥气。盐，鸡精。开始顺着一个方向搅拌。
2. 白菜切块后，起锅烧油，油热后倒入白菜。翻炒，加入少量盐和生抽。加水，磨过白菜
3. 白菜开锅后下丸子，捞出上面漂浮的沫。煮5分钟后加入粉条，⚠️注意:粉条需要提前用开水浸泡20分钟。加入粉条后，再煮3分钟。关火出锅
4. 可以加入香菜碎",17,4,4,1800.0,200.0,16.0,2.0,34.0,9.0,570.0,8.0,689.0,35.29,100.0,1,1,15,0,legacy,"[""家常菜"",""快手菜"",""汤羹""]","[""1"",""3"",""7"",""29""]"
174795,凉拌藕片,凉拌藕片,家里做凉菜的，老妈给的配方，你在酒店小饭馆吃到的差不多就是这个味道的,,1节藕，1勺生抽，3勺米醋，1勺香油，6片姜，1干小葱,"1. 一节莲藕削皮切片，下锅之前泡水里，泡水里是防止藕片变色的根本
2. 水开了把藕片焯一下，出锅凉白开再过一遍
3. 姜切末，小葱切末撒上
4. 一勺生抽，淋上几滴香油   三勺米醋，注意一定是米醋，这个是徐州本地牌子，别的品牌的米醋也一样
5. 拌匀装盘，超级美味，姜末是必须的，小葱纯粹为了好看",6,1,1,48.0,22.1,0.62,0.29,4.94,1.3,13.0,0.67,7.2,50.0,100.0,0,4,2,0,legacy,"[""凉菜"",""素菜"",""快手菜"",""家常菜""]","[""3""]"
175390,皮蛋瘦肉粥,皮蛋瘦肉粥,人间至味是清欢,,两个皮蛋，一杯大米，150克瘦肉，二片姜，三根葱，三朵香菇，半个浓汤宝，一勺蚝油，四颗小青菜,"1. 先淘米，熬制白粥
2. 热锅热油，爆香葱姜
3. 加入肉丝，翻炒
4. 加入香菇，翻炒，加入蚝油调味
5. 加入皮蛋，用铲子铲成小碎块
6. 移入粥中并加入半块浓汤宝
7. 煮开加入小青菜和葱
8. OK啦",9,5,5,566.0,1257.4,54.11,59.86,128.4,3.73,170.5,8.87,798.4,77.78,100.0,1,8,0,0,legacy,"[""粥"",""快手菜"",""早餐"",""家常菜"",""养胃""]","[""1"",""3"",""4"",""20"",""23""]"
175868,重庆烧鸡公反正好吃,超好吃重庆烧鸡公（正不正宗不知道）反正好吃,家里来客人，是得上个硬菜才能拿得住，今天就来个正宗重庆烧鸡公！简单易学，你准备好了么！！,,2勺郫县豆瓣酱，2片姜，1个土豆，适量花椒，适量干辣椒，适量葱，适量鸡精，适量料酒，瓣蒜，适量盐，一只公鸡，一勺糖，一罐啤酒，三分之一袋川南火锅调料，二勺酱油，一勺老抽,"1. 准备以上材料，把鸡子切块，焯水洗干净备用
2. 焯好洗干净的鸡子
3. 锅烧热入油，放葱姜蒜小火翻炒，下花椒，下两勺豆瓣酱，炒出红油，放火锅料，炒开就可以放鸡块了！翻炒，烧的没水汽，放二勺生抽，一勺糖，放一罐啤酒，再加一点点水，没过鸡块！大火煮！
4. 煮阿煮！！！香气飘出来，口水掉下来！煮的空隙切土豆，洗点各种菇！
5. 肉煮好了，放盐调味，把喜欢的素食材，放进去一起煮！！
6. 煮好出锅！一盆烧鸡公就成了！！色香味俱全！！放上点芹菜叶还是因为拍照好看，好吃就行了！",16,4,4,566.0,128.9,4.11,0.4,28.35,2.08,14.8,0.82,11.2,43.75,100.0,0,9,7,0,legacy,"[""下饭菜"",""辣"",""家常菜""]","[""1"",""2"",""3"",""12""]"
176155,南瓜绿豆粥,减脂南瓜绿豆粥,"这是什么神仙减脂餐主食！！！
解暑，饱腹，香甜，简单！

如果你是想【减肥】的【大胃王】【碳水星人】【嗜糖如命】【暴饮暴食者】，请跟我一起做起来～

【重要：关于食材用量的说明】
1.绿豆和老南瓜的具体用量请用薄荷APP根据自己每天的碳水预算自行计算；
2.爱喝浓的就南瓜多一点绿豆少一点；
3.南瓜推荐用老南瓜，板栗南瓜和贝贝南瓜一则是比较贵，二则是热量比老南瓜高，同样的热量用老南瓜量可以多一些，熬出来的粥浓一些；
4.为了更饱腹可以多加水，毕竟一大碗粥下去瞬间饱了一半，不过水少更香浓；
5.不要加糖！不要加糖！不要加糖！！！加糖太对不起为了减肥搭进去的时间精力了！而且说实话不加糖这个粥靠南瓜本身的味道也很甜了。",,适量（看开头说明）绿豆，适量(同上)老南瓜，适量(同上)水,"1. 绿豆没必要提前泡，直接洗干净放进锅里加水煮涨即可。
2. 将老南瓜去瓤去皮。一定要去皮，不然南瓜没办法溶到粥里。然后将南瓜切成小块。（我为了方便把南瓜煮烂是切的丁，切的越小越好溶到粥里。）
3. 待绿豆煮涨后将南瓜放入锅中煮烂。（具体的火候和时间自行把握即可，也没什么讲究。我的做法是看到绿豆开了花南瓜也软烂了就用大汤勺搅拌，让南瓜彻底化到粥里。）
4. 开吃～",3,1,1,0.0,0,0,0,0,0,0,0,0,66.67,0.0,0,0,3,0,legacy,"[""粥"",""快手菜"",""汤粥主食"",""减肥"",""素食""]","[""94""]"
176225,春笋腊肠炒蛋,春笋腊肠炒蛋,老爸昨天带回了亲戚自家种的春笋，脆嫩脆嫩的好新鲜。正好家里好多鸡蛋却没有食材可搭配，就自己发明一下和腊肠一起炒了。用腊肠煎的油很香甜，春笋清新，重口味与小清新同在的一道菜。,,油，盐，腊肠，春笋，鸡蛋,"1. 鸡蛋打散成蛋液，腊肠切薄片
2. 春笋斜切小块，用热水焯一下捞出沥干
3. 油热后下蛋液炒散，在完全凝固成形前盛出
4. 小火将腊肠煎出油，微焦时放入焯过水的春笋
5. 春笋约七八分熟时，放入之前盛出的鸡蛋，炒香，放盐，完成",5,2,2,0.0,0,0,0,0,0,0,0,0,60.0,0.0,0,0,5,0,legacy,"[""小清新"",""家常菜"",""快手菜"",""春笋"",""腊肠"",""鸡蛋""]","[""7"",""220""]"
176838,航叔 雁鹅菌炖土鸡,【航叔】雁鹅菌炖土鸡,老家本地的特产，雁鹅菌，难得买到，今天就给大家分享下阿毛家的私房菜❤️,,1只（两斤）土鸡，半斤雁鹅菌，2个八角，2个桂皮，适量花椒，5片姜，一把大蒜，2个青椒，1根大葱，300g大豆油，适量 不能多盐，1勺鸡精，1勺老抽，3勺生抽，150g料酒，50g蚝油，2勺秘制豆瓣酱，1勺郫县豆瓣酱，1勺白糖，1瓶听装啤酒,"1. 主材洗好后，切小块，用料酒腌制10分钟。锅烧热，放油，七成热，放入鸡肉翻炒至变色。
2. 再加入八角、桂皮、花椒、大蒜粒、姜片、豆瓣酱翻炒两分钟，这时候就可以放料酒、老抽、生抽、蚝油、白糖，炒个3分钟左右就很香了。
3. 接着这个时候就可以放入洗好的雁鹅菌了，这个是老家的特产，很难买到，用其他的野生菌也是可以代替的，一定要用野生菌，这样做出来才会更鲜，雁鹅菌放入锅内和鸡肉一起炒入味，倒入砂锅，加啤酒，盖上盖子小火焖煮10分钟。
4. 出锅配上大葱和青椒就大功告成了❤
老人人小孩都可以吃，营养丰富，酱香浓郁。",20,5,5,815.0,62.7,2.19,0.77,14.31,1.27,37.6,1.23,19.2,30.0,100.0,4,14,2,0,legacy,"[""家常菜"",""下饭菜"",""炖""]","[""1"",""2"",""3"",""11"",""24""]"
178377,家常麻辣鱼,家常麻辣鱼,因为不大会剔鱼骨 所以买鱼的时候让卖鱼阿姨直接剔好了 拿回家直接片成鱼片即可 这是道很简单的家常版麻辣鱼 容易上手 麻麻辣辣 很好吃哦～,,半条鱼，10片姜，很多粒花椒，一勺淀粉，适量盐，适量干辣椒面，两勺料酒，1个鸡蛋，4根小葱，6瓣蒜，适量豆芽菜，适量蘑菇，适量青菜，适量宽粉片，一汤勺水煮鱼调料，少许胡椒粉,"1. 草鱼半只，片成鱼片
2. 在鱼骨跟鱼片分别加入淀粉 料酒 胡椒粉 生抽 鸡蛋清腌制半小时
3. 准备葱 姜 蒜 泡椒 花椒等配料
4. 一汤勺水煮鱼调料
5. 热锅冷油，加入准备好的葱姜蒜等配料，炒香下入鱼骨，翻炒片刻
6. 加入水煮鱼调料翻炒，放入一小勺糖翻炒
7. 加水适量 大火煮开
8. 准备配菜
9. 锅中倒入配菜 大火煮开
10. 配菜煮好后捞出
11. 在剩余的汤中 加入提前泡好的宽粉 鱼片 煮至沸腾即可捞出
12. 将煮好的鱼片倒入事先装入配菜的盆中 撒上葱花 粗辣椒面 花椒 
13. 浇上热油即可 ",16,4,4,205.0,173.1,9.59,5.02,23.98,3.05,90.8,2.83,87.9,50.0,87.5,0,7,8,0,legacy,"[""家常菜"",""麻辣""]","[""1"",""2"",""3"",""7""]"
178810,既能喝汤又能凉拌的鲫鱼,既能喝汤又能凉拌的鲫鱼,周末的你，想要一场辛辣的美食狂欢又怕长痘，那还需要一道鲜美的汤汁“解毒”啦～ 什么，好麻烦？ 看了这道菜，你就不会觉得麻烦哟，巴适得很！,,600g鲫鱼，2根小葱，1个老姜，6瓣大蒜，1勺味极鲜酱油，6根小米辣，1根二荆条，适量胡椒粉，小勺料酒,"1. 鲫鱼洗干净，锅里用姜片擦一下，倒下油，鲫鱼下锅煎，直至鱼皮微焦。
2. 倒入开水（注意是开水，这是鲫鱼汤是否能变白的关键哦^_^），小勺料酒，水淹没鲫鱼即可，十分钟左右即可将鲫鱼捞出锅，撒上葱花，还可根据口味的不同加入胡椒粉哦（加入胡椒粉汤会更加鲜美哦）。
3. 小米辣，姜，葱，蒜剁碎（注意要切碎哦），用一小碗盛着，加入一勺味极鲜，其他酱油也可，再根据口味加入盐，味精，开水。
4. 再将配好的料水倒到刚出锅的鲫鱼上，凉拌鲫鱼完成。",9,5,5,1150.0,737.8,105.57,16.94,42.36,3.31,527.1,9.82,270.1,66.67,100.0,1,6,2,0,legacy,"[""辣"",""家常菜"",""快手菜"",""汤"",""凉拌""]","[""1"",""2"",""3"",""91"",""126""]"
179301,三岛厨房 黑椒鸡肉石锅饭,【三岛厨房】黑椒鸡肉石锅饭,土酿造的日本酱油味基础，再加上优质的鲣鱼精，味道鲜美，是适用于多种料理的调味佳品。,,50g黑椒汁，350g米饭，100g鸡腿肉，7g色拉油，60g牛心菜，35g黄瓜，25g胡萝卜，10g炸蒜片，25g水,"1. 将牛心菜、黄瓜、胡萝卜切丝，鸡肉切成小块儿，炸蒜片备好。
2. 将鸡肉炒熟。
3. 加入高级黑椒汁、水，翻炒均匀。
4. 将色拉油和香油混合后均匀涂抹于石锅内壁，放入米饭、炸蒜片。
5. 再依次放入牛心菜丝、黄瓜丝、胡萝卜丝。
6. 放入炒好的鸡肉，将石锅放在炉灶上小火加热8分钟，最后放上蛋黄酱即可。",9,3,4,570.0,1372.3,48.38,10.47,273.41,2.55,44.4,6.08,99.5,55.56,100.0,9,0,0,0,legacy,"[""黑椒鸡"",""石锅"",""饭"",""快手菜"",""家常菜"",""下饭菜"",""便当""]","[""6"",""19"",""24"",""589""]"
179396,芹菜野山椒牛肉,芹菜野山椒（泡椒）牛肉,牛肉我会的唯二的做法之一，但是备受好评，百吃不厌～另一个做法是姥姥的孜然香辣牛肉—每周必做，点击链接跳转https://www.xiachufang.com/recipe/103751116/,,6只野山椒，200克牛肉，适量蒜末，适量盐，适量姜丝，3棵芹菜，一勺剁辣椒,"1. 辣椒超市有售卖
2. 芹菜去掉叶子切段，牛肉切丝，姜切丝，蒜切末，姜蒜可放可不放，根据自己家口味来定，不放也很好吃，我也是随便的～小米辣5-6个切丝备用，别担心，不怎么辣，却有一丝酸味～很开胃的～
3. 热锅冷油，爆香姜蒜辣椒～放盐一勺，下芹菜炒到变软，牛肉下锅，不用炒久，久了就老了哦，炒到变色即可，一两分钟～
4. 出锅，上桌开吃吧～",7,4,4,985.0,343.4,40.72,17.76,6.58,1.8,37.0,3.96,427.7,85.71,100.0,1,3,3,0,legacy,"[""快手菜"",""家常菜"",""下饭菜"",""牛肉"",""开胃菜""]","[""2"",""3"",""8"",""27""]"
179676,三汁焖鱼,三汁焖鱼,最喜欢吃黄记煌了，然而因为。。。。好久没去了，自己在家实验下，嘻嘻(♡˙︶˙♡)孩子们都抢着吃。分享给大家！,,喜欢就多放点葱，2勺酱豆腐，1-2勺豆瓣酱，1勺番茄酱，10瓣左右蒜，20克白糖，5勺料酒，10克盐，20粒花椒，3-4勺生抽，1条清江鱼，1根胡萝卜，20-30朵西兰花，5-6个蘑菇，5-6片姜，菜可以根据自己的喜好添加,"1. 清江鱼我比较喜欢，切好块，用葱姜蒜，料酒，生抽腌制，带手套抓几下容易入味
2. 准备放在一起焖的青菜，我放了蘑菇，胡萝卜，土豆，西兰花，油菜，洗好，切好，备用
3. 热锅先炒调料，葱姜蒜，花椒，八角，一根辣椒（我家有孩子就放了一个小小的提味，喜欢可以多放3-4根），后放油，然后放入各种菜翻几下，都粘上调料，加点水焖上，要焖7-8分钟，水别太少，容易糊锅，要比菜少点，别没过菜。
4. 加鱼焖五分钟，鱼肉翻起
5. 加入酱汁，翻几下，把酱汁充分调和，焖3-4分钟
6. 出锅啦，加点香菜和香油。我家没有，就拿小葱代替了。",16,4,4,1968.0,573.9,60.62,9.78,90.95,6.32,829.9,17.77,815.6,37.5,100.0,2,12,2,0,legacy,"[""焖"",""下饭菜"",""家常菜""]","[""2"",""3"",""6"",""53""]"
179999,米饭好搭档,米饭好搭档，白饭扫光光的酱爆猪肝。,隔三差五就会想吃猪肝，刚出锅的猪肝配上热乎乎的大白米饭，连吃两碗。,,250克猪肝，半根黄瓜，一小碗黑木耳，半根大葱葱白，以下是腌料：，一小勺白胡椒，一大勺料酒，一勺油，一大勺淀粉，六片姜片，以下是调料汁：，一大勺甜面酱，一勺老抽，一勺香油，一大勺生抽，一勺蒜末，适量盐，少许白糖,"1. 黄瓜切片、木耳洗净、大葱白切片备用。
2. 猪肝切片，泡水10分钟左右，泡掉血水，拿出来沥干后，用腌料腌上10分钟左右。
3. 调料汁调好备用。
4. 锅里放点油，多放点，烧到微微冒烟后把猪肝放进去大火翻炒到断生，马上盛出来。
5. 用锅里余下的油大火炒香大葱。
6. 倒入木耳大火翻炒一分钟左右，然后倒入黄瓜片大火炒30秒，然后倒入调料汁。
7. 再倒入猪肝，保持大火翻炒均匀。
8. 完成啦！",16,5,5,458.0,377.0,49.66,12.27,18.02,1.85,54.6,59.26,184.7,43.75,100.0,1,12,3,0,legacy,"[""酱"",""家常菜"",""下饭菜"",""盖浇饭"",""快手菜""]","[""2"",""3"",""19"",""33"",""171""]"
180149,麻辣鸭血,麻辣鸭血,超级简单的做法，超级的美味！,,1盒鸭血，1盒内酯豆腐，3克花椒粉，适量大葱、老姜、蒜头，5根青蒜苗，1勺料酒，3勺辣椒油，1勺白胡椒粉，1克盐，1勺鸡精,"1. 鸭血、豆腐切块
2. 按图备料
3. 大葱、老姜、蒜头切碎，青蒜洗净切细圈
4. 锅中放250克左右水，放入切碎的葱姜蒜沫、花椒粉、料酒
5. 开火，烧开
6. 烧开后放入鸭血、豆腐，盐适量(注意:鸭血已经有盐味了，所以盐要适当少放一点)
7. 大火烧开后煮2分钟
8. 放入青蒜叶，大火继续10秒，关火！(如果没有青蒜叶，可以洒一点生蒜泥，别有一蕃风味哦！)
9. 放白胡椒粉、鸡精，盛入大汤碗中
10. 舀几勺辣椒油在上面
11. 微微拌一下(小心捣碎了)
12. 超级简单、美味的麻辣鸭血豆腐！",9,1,1,950.0,108.0,13.6,0.4,12.4,0.0,5.0,30.5,173.6,33.33,100.0,2,7,0,0,legacy,"[""下饭菜"",""家常菜"",""快手菜"",""鸭血"",""豆腐""]","[""322""]"
180486,酱烧豆腐,酱烧（肉末）豆腐,"送饭伴侣——酱烧豆腐。我因为来不及去买五花肉了，所以用了火腿，这样也已经很香了，如果用五花肉会更香，那就是名副其实的酱烧肉末豆腐了。

另外炒了一盘番茄蛋和蒜蓉丝瓜。

拌米饭时，我们把两种浇头都浇米饭上，一开始并不混合，泾渭分明，左边一口番茄蛋的酸甜咸香，右边一口酱烧豆腐的椒麻酱香，中间穿插蒜蓉丝瓜的清淡鲜爽，时不时再来片儿生菜蘸黄酱，舒坦！吃到后头，把三种菜一搅和，又有一种新的香味出现，妥妥的送饭伴侣😄！！！",,基本材料，1块豆腐，适量肉末（或火腿），2个鸡蛋，两三朵鲜香菇，1小把香葱，适量姜末，1小勺原味黄豆酱，1小勺椒麻黄豆酱（选放），1小碗水淀粉，酱汁（如下），1汤匙生抽，1汤匙料酒，1汤匙蚝油，1小勺白糖，适量食盐，适量黑胡椒粉，适量基本材料（如下）,"1. 1、老豆腐一块，在开水里浸泡十分钟，去除豆腥味。
2. 2、这期间准备香葱末、姜末、香菇丁、火腿丁（或者五花肉丁）、两个鸡蛋、一碗酱汁（一勺生抽、一勺料酒、一勺蚝油、一小勺白糖、少许盐、适量黑胡椒粉、适量清水，搅拌均匀）。
3. 3、豆腐捞出，切拇指肚大小的丁。鸡蛋打散，淋入豆腐丁，拌匀，让每块豆腐都裹上蛋液。
4. 4、热火入油，油热倒入鸡蛋豆腐，不要搅动，轻晃锅底，让底部成型。
5. 5、成型后翻动豆腐，慢慢煎炒成四面金黄。
6. 6、煎炒好的豆腐盛出备用。
7. 7、锅内入油，油热加葱花姜末。
8. 8、把香菇丁和火腿丁炒香，如果是五花肉丁的话，油热直接先倒入五花肉丁翻炒，然后再加入葱花姜末继续翻炒出香味。
9. 9、炒香之后加入一勺黄豆酱，除了原味黄豆酱，我另外还加了点椒麻味的黄豆酱，然后可以加点青红椒丁，好看，不吃啦辣可以加彩椒丁，我是直接加了一大把香葱末。
10. 10、翻炒片刻，再把豆腐加进来炒匀。
11. 11、然后加入调好的料汁，大火三分钟左右。料汁水不能太浅，最起码与豆腐齐平。
12. 最后加入一小碗水淀粉，炒至汤汁变粘稠，再撒点香葱。
13. 13、可以出锅了。
14. 14、另外炒了一盘番茄蛋
15. 15、还有一份蒜蓉丝瓜。",17,4,4,585.0,477.7,39.66,29.84,16.49,0.14,375.2,6.53,154.9,29.41,80.0,0,8,7,0,legacy,"[""家常菜"",""下饭菜"",""素菜""]","[""1"",""3"",""7"",""23""]"
181282,土豆烧牛肉,土豆烧牛肉,,,500g牛腩，2个土豆，若干辣椒，若干花椒麻脚，两勺蚝油，两勺生抽，一勺白糖，一勺白胡椒，一把黑木耳，一根葱，两块姜，若干蒜，一个洋葱，两勺辣椒酱，若干香菜,"1. 备料，切好
2. 水煮牛肉，去腥，倒入适量料酒，开锅关火，取出牛肉。
3. 油热入锅葱姜蒜，入锅牛肉翻炒，加入适当料酒。七分熟时，入锅土豆胡萝卜木耳翻炒。
4. ➕生抽，蚝油，糖，少量料酒，盐，辣椒酱➕几碗白水（没过过里的肉和菜），大火开锅转小火慢炖。
5. 十分钟将锅中所有肉菜转至电高压锅，29分钟左右即可出锅吃肉～",15,9,10,1001.0,1179.3,112.84,44.91,87.94,12.7,155.3,35.8,360.3,60.0,100.0,1,10,4,0,legacy,"[""下饭菜"",""家常菜""]","[""1"",""2"",""3"",""5"",""8"",""9"",""12"",""17"",""33"",""82""]"
181392,腌笃鲜,腌笃鲜,"腌笃鲜，属于江南地区汉族特色菜肴，是苏帮菜中具有代表性的菜色之一。此菜口味咸鲜，汤白汁浓，肉质酥肥，笋清香脆嫩，鲜味浓厚。主要是春笋和鲜、咸五花肉片一起煮的汤。 ""腌""，就是指腌制过的咸肉;""鲜""，就是新鲜的肉类;""笃""，就是用小火焖的意思。
肉质酥肥，汤白汁浓，笋清香脆嫩，江南这一碗腌笃鲜，满口都是春天的味道！",,250克咸五花肉，300克五花肉，100克竹笋，50克去皮莴笋，2克盐，5克猪油，5克鸡汁，5克料酒，150克高汤（鸡架大骨汤），5克胡椒粉，10克色拉油，10克家乐浓汤宝，3克小葱，3克生姜，2克枸杞,"1. 预处理
1.咸五花肉洗净。
2.葱系葱结，姜切片。
3.竹笋去皮切滚刀、芦笋切滚刀块。
2. 起锅烧水，放入五花肉，咸五花肉焯水定型，捞出切形状大小的方块，再焯水至断生捞出。
3. 起锅加入高汤，猪油，家乐浓汤宝大火烧开加入咸五花肉，五花肉，料酒，葱结姜片大火烧开，倒入砂锅，中火慢炖40分钟。
4. 起锅烧水，笋块下锅焯水至断生捞出，再将笋块放入锅中一起炖煮。
5. 莴笋焯水至断生捞出放入冷水浸泡，取出放入锅中。
6. 大火烧开加入鸡汁，胡椒粉调味。
7. 装盘，枸杞点缀即可。
8. 成品。",15,6,7,458.0,1026.6,48.6,90.6,5.55,2.25,42.2,4.98,190.4,40.0,100.0,15,0,0,0,legacy,"[""家常菜"",""快手菜"",""汤羹""]","[""1"",""3"",""4"",""10"",""57"",""145"",""282""]"
182465,非油炸版焦溜鸡胸丸子,非油炸版焦溜鸡胸丸子,非油炸、鸡胸肉替代猪肉、少油、低脂低卡,,2根青椒，丸子：，一大块（260g）鸡胸肉，少许葱末，少许姜末，26g淀粉，1个鸡蛋清，少许花椒粉（可不加），半勺料酒，半勺香油，18g甜面酱，1克盐，调料碗汁：，1勺生抽，2勺老抽，1勺醋，2/3勺白糖，1勺甜面酱/蕃茄酱，1克盐，半碗清水，单独备用水淀粉（淀粉5g+水）,"1. 先把鸡胸肉剁碎或用搅拌机搅碎，按照“丸子”配方，把所有材料放入碗中
2. 抓匀，整体在案板上摔打几遍，让肉馅上劲
3. 非油炸，水煮丸子。锅中坐水，水沸腾后依次下入丸子（用手团出2-3cm的丸子即可）
4. 煮5分钟，沥干水分捞出备用。然后把碗汁准备出来（把“调料碗汁”里面除去水淀粉以外所有的材料混合至一个碗中备用）
5. 锅里面放油（不用太多），爆香葱段，然后放入青椒丝（没有可不放），然后倒入备用好的碗汁
6. 然后倒入丸子
7. 煮至水分快要收干的时候，倒入水淀粉，大火收干水分
8. 出锅！",18,5,6,436.0,303.5,38.23,3.46,31.58,0.0,22.7,2.14,79.2,27.78,100.0,3,11,4,0,legacy,"[""丸子"",""家常菜"",""下饭菜"",""大鱼大肉"",""减肥""]","[""1"",""3"",""11"",""15"",""24"",""52""]"
182736,电炖锅做腌笃鲜,电炖锅做腌笃鲜,最近盒马生鲜开始卖临安春笋了，八块多一根，不过一年也就吃这一个月哈哈买了两根煲汤。家附近卖烘焙用品的小超市就有金华火腿片卖，金字金华火腿一袋三片十几块，完美凑齐配料哈哈,,1根春笋，300克五花肉，3大片（袋装金字牌金华火腿）金华火腿，2根香葱，5片姜，5张干豆腐,"1. 干豆腐切成长条，然后卷成卷，系一个结就是千张结。我用的锦州干豆腐比较薄，很好卷。这样到最后也不会碎掉，因为电炖锅里的汤一直微微冒泡材料不会乱动也就不容易碎
2. 五花肉洗一下不用切，冷水下锅煮到水开后再煮2分钟去血沫，再捞出冷水冲洗干净后切块。我的金华火腿片是袋装的有种发酵的臭味，一定要洗干净，然后也在开水里煮半分钟去一下臭味
3. 锅中放开水烧开后放入千张结煮1分钟去掉豆腥味，煮的同时春笋在根部切一刀然后剥皮切成滚刀块。等千张结捞出后用剩下的水再煮一下春笋去掉涩味，大约2分钟后捞出冷水冲一下
4. 准备好电炖锅最大的陶瓷内胆，我这个是隔水炖的电炖锅，先在锅底铺上五花肉，然后上面摆上金华火腿，五片姜，两根葱打结。再加入7分满的水，然后放入千张结，在最上面摆上春笋块，基本上水就9分满了。
5. 盖上盖子，在外盖再补一点水旋转几下盖子，可以更好的密封。放入加好水的电炖锅，选快炖2小时
6. 两小时后开盖汤就炖好了，里面五花肉皮滑肉酥超好吃啊，汤也鲜的不得了",6,4,5,810.0,1995.8,97.74,174.72,10.5,4.16,78.2,13.42,884.6,100.0,100.0,1,5,0,0,legacy,"[""电炖锅"",""电饭盒"",""砂锅"",""汤羹"",""家常菜""]","[""1"",""3"",""4"",""10"",""220""]"
182949,被婆婆夸的牛肉穿丸子,被婆婆夸的牛肉穿丸子,我和老公光吃这个吃撑了哈哈，婆婆看了赞不绝口,,3-4两牛肉，1把小白菜，1个鸡蛋，两小捏淀粉，少许油，盐，生抽，老抽，料酒，鸡精，姜，小的一整颗蒜，蚝油，胡椒粉，1个干辣椒,"1. 牛肉绞成馅，打入一个鸡蛋，放生抽1汤勺、蚝油1汤勺、鸡精小半勺、盐小半勺、胡椒粉1小勺，调味。
2. 再加手捏的两三捏淀粉，把牛肉搅拌上劲儿（我婆婆说一直朝一个方向搅，我不太明白，就用手抓匀的，最后也没问题）
3. 切姜丝、干辣椒、蒜，小白菜洗干净备用。
4. 起锅烧油，把姜蒜辣椒爆出香味，加水大火烧开（可以直接加开水）
5. 水开后调至中小火，接下来就是穿丸子啦！
左手如图形状，把牛肉挤出来一小团，右手食指顺势一抹，再放入锅里。
6. 丸子全部入锅后，大火烧开，撇去浮沫，下小白菜
7. 加1小勺胡椒粉，一勺料酒，半勺生抽，小半勺盐。调味。 出锅。",15,5,5,1251.0,592.5,62.7,23.82,36.73,9.42,608.1,12.46,883.0,40.0,100.0,1,3,11,0,legacy,"[""家常菜"",""下饭菜"",""丸子""]","[""2"",""3"",""7"",""8"",""29""]"
183381,香菇竹笋炖鸡,香菇竹笋炖鸡,"香菇炖鸡，经典。加了竹笋，汤头更加鲜甜。

做法也很简单，需要的只是时间慢炖。",,半只鸡，10朵香菇，2根竹笋，6片姜片，料酒，生抽，盐,"1. 鸡肉先焯水，水开放入鸡块
2. 水再次沸腾，有浮沫，捞出，洗净
3. 锅里少许油，姜片爆香
4. 放入鸡块翻炒，大火炒出香味，放入料酒，生抽，盐
5. 提前泡好的小香菇
6. 转入铸铁锅，放入香菇和香菇汤，竹笋片，小火慢炖至鸡肉软糯，起码1小时，也可以高压锅
7. 烧好的鸡汤，上面有一层油，盛出来，就不会那么油腻。多余的油可以炒菜汤面
8. 好喝的鸡汤",7,4,4,448.0,120.1,10.22,1.29,22.54,11.5,35.0,2.27,10.8,42.86,100.0,0,4,3,0,legacy,"[""家常菜"",""汤羹"",""鸡肉"",""炖""]","[""3"",""23"",""24"",""282""]"
184133,纸上烤肉,家庭版纸上烤肉,辛苦一天 饥肠辘辘 疫情当前不敢在外面吃饭 那就自己动手做烤肉吃解解馋吧,,半个洋葱，20个鹌鹑蛋🥚，1条龙利鱼🐟，8只生蚝，1把金针菇，200克虾仁🍤，1块牛排🥩，3颗生菜，半根胡萝卜🥕，100克青豌豆，半根玉米，400克五花肉，1个土豆🥔，1节藕，4片培根🥓，各一个青椒/红椒，180克肉肠，半个杏鲍菇，8勺辣椒面，10克盐，半勺黑胡椒碎，半杯红酒，适量海鲜酱油，1勺芥末,"1. 用黑胡椒碎 红酒 油将牛排腌制半小时左右
2. 带皮五花肉切薄片
3. 生蚝洗净放上秘制蒜蓉酱
4. 鹌鹑蛋洗净装盘
5. 腌制好的牛排撒上白芝麻
6. 土豆 藕 青/红椒切片装盘
7. 将玉米粒 虾仁 青豌豆串在一起 肉肠切花刀 一起装盘
8. 龙利鱼切成两半 备用
9. 香菇 杏鲍菇洗净切薄片
10. 培根和金针菇一起串起来
11. 生菜裹上肉肉蘸点辣椒 吃起来爽翻了
12. 加肉还不够 还得来个卤鹌鹑蛋
13. 洋葱 青椒 红椒 煎鹌鹑蛋
14. 有没有一种排排坐吃果果的感觉
15. 吃肉肉
16. 哈哈 看到肉肉是不是很爽
17. 来个大合照",24,7,8,2355.0,2044.8,163.35,136.28,48.28,7.53,388.2,49.45,2469.5,45.83,100.0,5,17,2,0,legacy,"[""宴客"",""家常菜"",""下饭菜""]","[""4"",""5"",""10"",""13"",""31"",""46"",""83"",""244""]"
184590,一青二白的小葱拌豆腐,一青二白的小葱拌豆腐,小葱拌豆腐一青二白不仅是一句歇后语，更是一道美味的快手菜。豆腐可直接生拌也可以煮一下去豆腥味再拌。今天我拌的是煮过的豆腐。,,1块豆腐，3根小葱，适量盐，1勺鸡精，3勺麻油,"1. 豆腐一块冷水下锅煮沸即可捞出。
2. 捞出的豆腐放在碗里。
3. 加适量盐和一勺鸡精，用筷子搅拌，可以用万能的手。
4. 把豆腐搅拌成碎块状的时候加入葱花，也可同上一步一起加好直接拌。
5. 搅拌均匀的小葱豆腐加3勺芝麻油后搅拌均匀即可。
6. 来个全图。
7. 细节图。",5,1,1,430.0,344.1,26.88,21.32,15.07,0.42,333.6,5.19,25.5,40.0,100.0,0,4,1,0,legacy,"[""凉菜"",""快手菜"",""家常菜"",""豆腐""]","[""1""]"
185395,不用豆腐的红烧豆腐,不用豆腐的红烧豆腐,"出去旅游吃到一道菜，叫做“一绝豆腐”，口感极佳，问老板哪有卖，老板说是自家的秘制菜，原材料是鸡蛋做的，深感震惊！！！
回来我又开始了改良创新之路，靠想象做菜也是一种能力。",,3只鸡蛋，1根葱，6朵木耳，8-9个虾米,"1. 3个鸡蛋加入50g水，1/4小勺盐搅匀，上锅蒸熟。
2. 蒸鸡蛋的同时，准备好配料，几朵木耳叠加用剪刀剪成丝，葱用刀切成小段，虾米洗净备用。
3. 鸡蛋蒸好后，碗放入冷水中快速冷却，切块。
4. 鸡蛋块裹淀粉，热锅煎至两面金黄。
5. 煎好后将鸡蛋块先盛出，锅中留底油，放入木耳丝，虾米，葱段，炒香。倒入鸡蛋块，加入调味料：半勺耗油，1勺生抽，1勺老抽，2小勺糖，适量水。最后大火收汁，撒入白芝麻提香。
6. “红烧豆腐”出锅！",4,3,3,1072.0,2025.0,414.56,36.52,11.96,3.73,5115.8,113.22,44231.2,100.0,100.0,0,4,0,0,legacy,"[""红烧"",""煎"",""蒸"",""创意菜"",""家常菜""]","[""1"",""7"",""33""]"
186069,吮指猪蹄儿,吮指猪蹄儿,和老大一起住，她有一天晚上去超市买了根猪蹄回来，说记得我之前做过挺好吃的，她就买了，我真的一脸懵逼，我一小白，从来没做过呀，一定是记错了，那怎么办，买就买了，我就硬着头皮做吧，凭着我吃货精的直觉能做不好？！说干就干，结果上周日准备去楼下超市买冰糖，临时有事就去不了了，那就用白糖炒糖色，可第一次没经验火大炒焦了，想着没事，继续把猪蹄放进去，结果一尝坏事儿了，苦的，猪蹄都下了，只能硬着头皮上，自己在那边调味，后来味道终于正常了，满意地开火烧着，美滋滋地去楼下超市买东西，结果悲剧就这么发生了，回来一进厨房，一股香香的焦味，只能把猪蹄从锅里捞出来，结果尝了一块儿好的，味道不赖，嘿嘿这周继续搞，这个菜谱专为我薇写的！！😘😘,,一只猪蹄，8颗（小粒的，不是大块儿的哦）冰糖（炒糖色），3颗冰糖（调味），2勺豆瓣酱，6片姜（3片煮猪蹄，3片放到后面烧猪蹄用），4瓣大蒜（2瓣煮猪蹄，2瓣放到后面烧猪蹄），1勺料酒（煮猪蹄），2勺（调味）生抽，1勺（上色）老抽，1勺蚝油，2片香叶，1个草果，2个八角，1小撮花椒，2大碗水，1小块儿桂皮，1小撮芝麻，2－3个干辣椒,"1. 猪蹄处理干净，剁成块（这一步基本买肉的能代劳），拿回家，处理一下细节就好，把一些细毛弄干净就好
2. 拿一口干净的锅，倒入两大碗水，放入洗净的猪蹄，加入姜片，大蒜，料酒（大蒜最好切开，利于蒜味释放），开大火，煮！
3. 煮开后，把浮末弄掉，弄掉，转小火煮半个小时，汤这个时候已经白了，关火。激动人心的时刻来了！！！
4. 炒锅架上，倒一点油（油量只要覆盖锅底就好，不然猪蹄会腻），下剩下的姜片，大蒜（大蒜切开就好，不要切末或者片⚠️⚠️容易焦），炒几下就好，把它们弄到锅边。
5. 继续下冰糖，是那8颗！！！咱们炒炒炒糖色⚠️⚠️⚠️糖融化了就转成小火，不然，糖炒过头了，苦的，你自己去哭吧。这期间不停用锅铲翻糖，它在慢慢变化，差不多变成生抽的颜色就准备下豆瓣酱和香料（香叶，花椒，八角，草果，桂皮）⚠️⚠️⚠️依然小火，不然豆瓣焦了也是苦的，自己哭去吧，，炒出香味以后……
6. 把猪蹄从汤里捞出来，⚠️⚠️是捞出来，不是连汤倒进去，汤先放着，日后有咱们重用……好，放进去了，那就搅拌吧，搅拌均匀以后，放老抽、生抽和蚝油，继续搅拌，然后，放汤汤汤……和冰糖糖糖，辣椒剪成小段儿，放进去
7. 接下来，盖好盖子，煮，大火煮，煮开后转中火煮三十分钟，20分钟的时候就要留意锅里的汤汁量了，太少的话，火关小一点，或者稍微加点热水进去⚠️⚠️⚠️一定要关注汤汁量，不然悲剧就会发生，因为猪蹄胶质比较多，相当丰富，所以特别容易糊！！！
8. 大火收汁，这个过程只要30秒就好。
9. 如果，上上步渡劫成功，那么恭喜你，准备摆盘上桌！！👏👏👏
10. 装盘，用筷子摆放整齐，撒芝麻（手抬高撒，魔术师手法，不会的可以参考“中餐厅”张亮的手法）当然，懒癌患者和小馋喵是可以省略的！！
11. 好，开干，放一张失败图，你们自己斟酌一下，要不要小火炒糖色和豆瓣酱、要不要关注汁水量吧👻
这也是第二次做，第一次成功，本来没准备写教程，结果我薇想吃，那就写，图下次做补上，将就着看吧，毕竟我懒……",17,4,5,468.0,1192.7,69.12,55.13,168.56,126.62,89.8,20.01,124.1,29.41,92.86,0,13,3,0,legacy,"[""下饭菜"",""家常菜""]","[""2"",""3"",""4"",""26"",""204""]"
186367,小米海参粥,小米海参粥（益脾养胃🌷强身健体之佳品🌼😘）,海参不用多说好处多多补肾益精、提高免疫力、抗疲劳抗辐射🤣🤣🤣总之等等就是好东西啦👏小米养胃两者搭配实乃食疗温补的佳品呀🥰🥰🥰最近臭小子减肥晚上也不能吃什么喝点粥还是可以滴😂自己哄哄自己哈🤣,,3只（三人份）海参，适量小米，3-4片姜片，克水，适量海鲜酱油，少许盐,"1. 因为我买的是即食海参，所以省去了泡发的步骤
2. 每一根都这么大，一人一个就够了🤣
3. 小米淘洗后和姜片一起入锅，我喜欢切姜片这样后续可以不吃也方便捞出，有的人喜欢姜丝也是可以的
4. 煮开过程中的浮沫撇掉不要
5. 开锅后转小火煮半个小时
6. 半个小时后小米粥就浓稠很多了（我这里小米适量就是根据自己的口味喜欢稠的多放一些喜欢稀一些就少放一点小米）这时就可以放入海参再煮十分钟就可以了，因为我的是即食海参不需要煮太久就可以吃哈😋
7. 临出锅前五分钟放入盐调味，可以加入少许枸杞增色也可以不加，成盘前放入少许海鲜酱油别有一番风味哦😘",6,3,3,182.0,131.7,25.17,0.49,7.05,0.86,436.1,20.25,759.1,50.0,100.0,0,2,4,0,legacy,"[""粥"",""中式早餐"",""早餐""]","[""3"",""127"",""189""]"
187000,毛血旺,毛血旺,,,一块鸭血，克牛百叶，适量花椒，适量黄豆芽，个辣椒，瓣蒜，适量盐，适量豆瓣酱，适量午餐肉，适量金针菇，片火腿，个干辣椒，根莴苣，适量木耳，适量葱，适量香菜，适量鸡精，适量调料，适量麻椒，适量海带，笋，油麦菜，毛肚，百叶，川粉,"1. 各种蔬菜 主料毛肚百叶鸭血焯水去异味

2. 用火锅底料郫县豆瓣酱炒出香味 添水烧开放入焯熟的配菜和毛肚百叶鸭血
3. 放入干辣椒 蒜 麻椒 浇上热油即可
4. 方便 快捷",25,12,12,100.0,108.0,13.6,0.4,12.4,0.0,5.0,30.5,173.6,76.0,100.0,0,1,24,0,legacy,"[""家常菜"",""快手菜""]","[""1"",""2"",""9"",""17"",""33"",""46"",""68"",""150"",""168"",""322"",""344"",""422""]"
187421,霉干菜蒸肉,霉干菜蒸肉,"霉干菜和五花肉经久蒸，越蒸越香，越蒸越软，干菜吸收肉脂去涩达润，肉肉经干菜吸脂酥而不腻入口即化，干菜肉肉彼此充分渗透，菜色乌黑、肉色红亮，咸酸醇厚、臻于佳境。
    “三天勿吃干菜肉、脚骨有点酸汪汪”，一起蒸起来😊


私以为，霉干菜与梅干菜分别是两个地域的特产 ，“梅”干菜一般指广东梅州一带的当地土菜，绍兴霉干菜呈乌金色，也称乌干菜，避讳“霉”字字面意义，浙江霉干菜也写做“梅”干菜，是不准确的 ，我大绍兴霉干菜就是霉干菜，不是梅干菜。",,400-500克带皮五花肉，100-120克(按喜好）霉干菜，半勺老抽，10-15g黄酒，10-15克白糖，2克左右或不需(根据干菜咸度)盐,"1. 1、霉干菜过水稍作清洗(不是泡哦!)，即刻捞出挤去水分(戴手套操作)，放在蒸碗里(选择大一点的碗)；
2. 2、带皮五花肉切成3厘米大小方块，烧水焯过、捞出；
3. 3、起锅热一丁点儿油，下姜片翻炒几下，下五花肉煸炒、炒至肉肉出油、外表炒干呈黄色；
4. 4、关火、加半勺老抽炒匀使肉肉上色；(这个半勺老抽调色也可以忽略，绍兴人蒸肉全凭霉菜入味上色，不用酱油不加盐)；
5. 5、将肉肉和煸出的油脂倒入装霉干菜的蒸碗里，油脂取净哦😊；加砂糖、黄酒、少少盐(根据阁下霉干菜的咸度，如果说霉干菜够咸、盐就不加了)，用筷子全部拌匀；
(我妈教我的蒸法是一层干菜一层肉撒一次糖，如此反复几层，我嫌麻烦一次拌匀了蒸，后来我妈吃过我蒸的和她蒸的并无差异，以后老妈也是简单操作一次拌匀了蒸)；
6. 6、起锅烧水放蒸碗蒸汽冲上来后转小火，蒸两小时，⚠️记得中间翻拌一次、使每块肉肉和干菜都彼此结合渗透到，翻拌同时顺便看看锅里的水量，勿烧干哦；如果选用高压锅，30-40分钟；
7. 7、两小时后，干菜吸收肉脂去涩达润，肉肉经干菜吸脂酥而不腻入口即化，霉干菜特有的香味和肉香充分渗透、交相辉映，闻香欲罢不能😋，配饭、夹饼，都好。",6,1,2,620.0,1655.0,75.5,150.5,0.0,0.0,30.0,6.5,284.0,33.33,100.0,5,1,0,0,legacy,"[""蒸"",""家常菜"",""下饭菜"",""五花肉"",""肉""]","[""4"",""10""]"
187425,超级下饭的鱼香肉丝,🔥超级下饭的鱼香肉丝,"前几天懒得煮菜就点了个小炒外卖🍛

当时有道菜是鱼香肉丝，真是太好吃了😍
超级下饭，好吃到舔盘🥘
没胃口的时候吃这个会变得超级有胃口‼️

小伙伴们赶快一起学..🌟",,250克肉丝，半根胡萝卜，1把木耳，1个青椒，适量小米椒姜蒜切末，1勺郫县豆瓣酱，👇🏻腌制肉丝~，适量白胡椒粉，适量料酒，适量玉米淀粉，适量生抽，适量老抽，👇🏻调酱汁~，半勺醋，2勺白糖，2勺生抽，2勺烧开的清水，1勺玉米淀粉，⭕️“勺”用平常家用的勺子就可以。,"1. 鱼香肉丝一般是用猪肉做的。
没有买猪肉只好用鸡胸肉来代替👀
鸡胸肉切丝，依次加入白胡椒粉、料酒、玉米淀粉、生抽、老抽(可以用酱油代替一下)，靠感觉适量加就行🤭
搅拌均匀，放在旁边静置腌15分钟左右😬
2. 将木耳、青椒、🥕切丝。
3. 🌶️、姜、蒜切成末放在一旁备用(随便乱切一下😌)
4. 准备一个小碗，依次加入醋半勺、白糖2勺、生抽2勺、烧开的清水2勺、玉米淀粉1勺，酱汁就这样随随便便调好啦🤪
拿出郫县豆瓣酱，一切准备工作就绪啦..
5. 锅内多倒点油，肉丝倒入，快速划散。
这个过程要不断的翻炒肉丝，避免粘锅，炒到肉丝变色即可(大概也就几十秒吧)🙄
把肉丝铲出备用，剩下的油就留在锅里...
6. 先把🥕丝倒入锅里翻炒几下，放入1勺豆瓣酱翻炒均匀(因为胡萝卜比较硬所以先放)。
7. 再倒入青椒、木耳、小米椒、姜蒜末翻炒均匀(随便炒一下😌)
8. 倒入肉丝翻炒均匀。
9. 沿着锅边倒入酱汁，大火快速翻炒均匀，收汁就可以出锅啦🤩...(调的酱汁不需要全倒进去，看感觉倒差不多就行了🤭)
10. 超级下饭的【鱼香肉丝】哇唔~~🥰",16,3,3,392.0,873.8,39.23,75.64,10.75,1.26,47.9,6.04,191.4,25.0,100.0,1,7,8,0,legacy,"[""下饭菜"",""下饭"",""鱼香"",""家常菜""]","[""6"",""11"",""33""]"
187528,干贝滑蛋粥,干贝滑蛋粥,"清晨的粥比深夜的酒好喝，到了冬天最冷的时候，每天早上出门前来一碗，暖身也暖心。粥既可以很朴素，也能佐以多种食材，是简单而百变的健康食物。

干贝滑蛋粥，鲜香滑嫩的口感，配上香葱的香气，一碗接一碗。",,1小碗大米，1只鸡蛋，5-8颗干贝，2根小葱，适量盐，5ml又伊鲜原味酱油,"1. 准备食材
2. 淘米后沥干水分倒入锅里
3. 加适量的水
4. 干贝和昆布需提前浸泡三十分钟洗去咸味，再放入煮锅中
5. 盖上盖子，开中火沸腾后挪动盖子转小火煮30分钟
6. 开盖子，撒适量的盐
7. 打散鸡蛋
8. 倒入适量的又伊鲜原味酱油搅拌
9. 缓缓地倒入锅中
10. 再盖上盖子继续焖煮五分钟
11. 出锅后撒上葱花即可，完成啦！",6,3,3,94.0,138.3,20.21,4.96,3.4,0.28,60.9,2.4,141.4,66.67,100.0,1,3,2,0,legacy,"[""粥"",""家常菜"",""素菜""]","[""1"",""7"",""20""]"
187723,柠檬百香果麻辣鸡,柠檬百香果麻辣鸡,一整只土鸡下锅煮，手撕成块，浇上调味汁，味道好极了,,1个百香果，一勺糖，半个柠檬，一只土鸡，6个小米椒，一勺芝麻酱，一勺辣椒油，一勺花椒油，一勺芝麻油，一小勺十三香，一勺酱油，一勺料酒，适量盐，一勺辣酱，少量鸡精，少量胡椒粉，两三个八角桂皮,"1. 锅里放入整鸡，加入桂皮和八角，姜片，冷水入锅，放入一勺料酒，煮四十分钟，可按照鸡的大小和老嫩程度来决定
2. 用到的调料
3. 整鸡煮熟后，用凉水冲洗
4. 撕成一块块的
5. 把所有的调料放入，抓拌均匀，非常美味，搭配米饭或者饼都很好",17,4,4,790.0,390.5,25.15,3.0,109.3,71.45,224.5,4.0,69.5,23.53,100.0,0,14,3,0,legacy,"[""快手菜"",""家常菜"",""凉菜""]","[""18"",""22"",""24"",""120""]"
187974,浓情肉沫千页豆腐,浓情肉沫千页豆腐,这次我用了牛肉，小小粒的，亲们平时用猪肉的就可以，步骤都是一样的,,牛肉(猪肉也可以)，千页豆腐，小米辣，姜，葱，盐，花椒面，水淀粉，料酒，生抽，老抽，鸡精，醋，白糖，蚝油,"1. 图中备料，葱，姜，小米辣，千页豆腐，牛肉，我用小牛肉粒，所以用水淀粉拌一下，会嫩，如果你用猪肉馅就不用水淀粉了
2. 把千叶豆腐煎到金黄色备用
3. 油热后，加入底盐，花椒面，葱，姜翻炒，再加入肉粒(肉馅)炒制肉变色
4. 加入料酒，生抽，老抽，蚝油，白糖，醋(微微一点点，千万别多，是为了让肉嫩一点)翻炒一下
5. 加入小米辣，不要炒干，关火，我这个肉提前拌了水淀粉，所以加点水，汤汁就浓稠了，如果你想要效果肉馅也可以勾个欠汁
6. 把炒好的肉沫，淋在千页豆腐上，完成喽！酱汁包裹在豆腐上，好吃到爆炸",15,4,4,0.0,0,0,0,0,0,0,0,0,33.33,0.0,0,0,15,0,legacy,"[""家常菜"",""下饭菜""]","[""1"",""3"",""8"",""91""]"
188089,水煮牛肉 餐厅复刻版,【水煮牛肉】餐厅复刻版,"川菜治愈一切没胃口，而川菜中最爱的荤菜就是水 煮 牛 肉！！！
滑嫩的牛肉搭配浸泡在汤汁中爽脆的配菜，再搭上一口热腾腾的白米饭。

任何时候想起都口水四溢~
在网上找过各类方子做过这道菜，始终不是餐厅中吃到的那盘水煮牛肉的味道。

最后在一趟成都旅行中，在土生土长的四川朋友家中偷师学到这道菜的做法。
完美的复刻了川菜馆的这道美味，分享给大家~

再也不用在餐厅吃完，抹嘴的时候还意味未尽了，想吃在家都能做咯。",,#食材，200g牛里脊，30g黄豆芽，2根青蒜，2cm小段大葱，2瓣蒜，2瓣姜，5g干辣椒，2g花椒，350g水，少许蛋清，#调料，20g豆瓣酱，12g料酒，10g黄豆酱油，3g糖，3g盐，15g淀粉,"1. 准备好全部食材。
2. 牛肉逆纹切成薄片。
3. 腌牛肉1:切好的牛肉加入盐1g、酱油5g、料酒5g抓揉均匀。
4. 腌牛肉2:淀粉加入少量水化开即可，少量多次加入，牛肉抓揉直至水淀粉完全吸收至肉中。
5. 腌牛肉3:最后加入5g左右蛋清，抓揉牛肉至蛋清完全吸收。牛肉腌制完成！
6. 青蒜斜刀切段
7. 葱姜蒜切末。
8. 豆瓣酱切末。
9. 制作刀口辣椒：锅中倒入少许油，油温后先放入花椒炒至深褐色，再加入辣椒炒至红棕色。
10. 制作刀口辣椒：炒好的花椒辣椒趁热切碎，刀口辣椒制作完成。
11. 青蒜和豆芽在锅中炒至断生，铺在装盘的碗底。
12. 锅中倒入宽油20g左右，油温后放入豆瓣酱，小火炒出红油。
13. 加入葱姜末炒香。
14. 加入糖和剩余的盐、酱油、料酒。
15. 加入水，中火煮至沸腾。
16. 水沸腾后转至中小火，汤面保持微沸腾状态，一片一片下牛肉。
17. 牛肉煮至变色发白说明熟了，起锅倒入碗中。
18. 依次铺上刀口辣椒和蒜末，浇上热油。垂涎欲滴餐厅复刻版的水煮牛肉完成。
19. 麻麻 ~米饭还有么~",18,6,7,476.0,383.7,51.99,3.67,38.49,6.48,71.2,11.4,176.0,50.0,100.0,11,3,4,0,legacy,"[""家常菜"",""下饭菜""]","[""2"",""3"",""8"",""52"",""115"",""150"",""152""]"
188247,菠萝咕噜肉,菠萝咕噜肉,酸酸甜甜就是我啦😁夏天超爱这道菜，一到菠萝的季节，总要煮上那么几次，一家大小都爱吃，开胃下饭又好吃,,半斤梅花肉，半个菠萝，半个青椒，半个红椒，半个洋葱，调料，一瓣蒜末，一勺料酒，一勺生抽，适量鸡精，4大勺玉米定粉，4勺番茄酱，一勺半白醋，一个鸡蛋，一勺半糖，食用油，清水，一勺胡椒粉,"1. 准备好食材，青椒、红椒、洋葱、菠萝切小块备用，肉切小块，加入料酒、鸡精、胡椒粉、生抽、蒜末腌制30分钟备用
2. 碗里打入一个鸡蛋、加入4勺玉米定粉、搅拌均匀，把腌制好的肉倒进去搅拌均匀，锅里倒入大量的食用油，油温7成热下肉去炸，炸至微微金黄捞起，再次下锅炸至金黄色捞起备用
3. 碗里加入4勺番茄酱、一勺半白糖、一勺半白醋、倒入适量的清水搅拌均匀，锅里热油，下青椒、红椒、洋葱下去翻炒一下，捞起备用，倒入调好的酱汁煮开，把炒好的青椒红椒洋葱和炸好的肉放下去快速翻炒均匀，出锅前把把菠萝放下去翻炒均匀就可以装盘啦
4. 超级下饭好吃，大人小孩都爱，每一口都是满满的幸福
5. 酥脆酸甜可口，真的太好吃啦",18,7,8,960.0,334.7,10.42,5.08,65.41,7.23,112.4,4.43,76.8,38.89,92.86,1,12,4,0,legacy,"[""家常菜"",""下饭菜"",""酸甜""]","[""2"",""4"",""5"",""7"",""11"",""49"",""67"",""203""]"
189684,养肝补血桑葚桂圆糯米粥,养肝补血桑葚桂圆糯米粥,"现在是吃桑葚的时节，桑葚补肝益肾，滋阴养血，黑发明目，袪班延年，桑葚还能抑制有害物质的生成，延缓细胞衰老防止肝硬化。
桂圆补血安神，健脑益智，补养心脾。
桑葚桂圆糯米粥最适合春夏，养肝补血，也很好喝，软糯香甜，果味浓郁。",,30克糯米，30克大米，200克桑葚，6粒枸杞，20克冰糖,"1. 准备食材，糯米和大米各一把，桑葚，桂圆干，米清洗干净
2. 将米和桑葚桂圆干一同放入锅中，加四碗水（这是我们两个人的量，也可根据人数加米和水）
3. 大火烧开转小火进行熬制，熬到米开花粘稠加入冰糖再煮3-4分钟（⚠️煮粥的途中要用勺子搅拌，糯米比较黏容易粘锅底。）
4. 熬好就可以作为美美的早餐啦
5. 很诱人很营养的桑葚桂圆糯米粥就可以开吃了，早晨一碗粥，美美一整天☀️☀️",5,4,4,263.0,324.2,8.13,1.4,74.39,8.67,85.3,1.62,5.9,80.0,100.0,4,1,0,0,legacy,"[""粥"",""糖水"",""减肥"",""早餐"",""中式早餐""]","[""20"",""57"",""64"",""303""]"
189771,焖羊肉,焖羊肉,,,羊肉，少量柠檬叶，适量姜片，少许盐，少量香叶，白酒，耗油，黄豆酱，黄糖或红糖，红萝卜，马蹄，白萝卜，生蒜,"1. 水滚，放柠檬叶，灼水
2. 捞起过冷水，沥干水分
3. 热锅，姜片爆香，加少许盐，加入羊肉爆炒
4. 加入少量酒，继续爆炒，起烟为差不多
5. 加入耗油，黄豆酱继续爆炒
6. 耗油翻炒均匀后，加入酱油，放入黄塘或红糖
7. 翻炒均匀后，加入热水，刚好盖过羊肉，加入香草和草果
8. 水滚后，小火慢炖
9. 水到一半时，红萝卜，白萝卜，马蹄，生蒜，继续小火焖
10. 焖至汁浓即可上碟",13,5,5,0.0,0,0,0,0,0,0,0,0,46.15,0.0,0,0,13,0,legacy,"[""焖"",""家常菜""]","[""3"",""6"",""58"",""63"",""131""]"
189946,新荷塘月色,新荷塘月色,"用心制作美食
很久没来下厨房了
今天带来新荷塘月色
荤素搭配，吃着更美味！",,300g四季豆，200g肉丝，1根红辣椒，9g蒜头，用量腌制肉丝用料，15g酱油，2g料酒，4g油，7g蚝油，3g玉米淀粉，2g鸡粉，2g老抽，3g砂糖，用量炒新荷塘月色用料，15g油，2g鸡粉，2g盐,"1. 肉洗干净沥干水切丝
2. 放入所有腌制肉调料
3. 搅拌均匀腌制至少30分钟
4. 四季豆泡洗一下，去头去尾
5. 到斜着切，越斜越好
6. 切好丝备用
7. 蒜头切片再切丝
8. 红辣椒切丝
9. 中火，热锅冷饮
10. 放入肉丝炒至9成熟捞起备用
11. 大火，热锅冷油
12. 放入蒜头爆香
13. 放入四季豆丝翻炒1分钟
14. 放入鸡粉和盐，快速翻炒均匀
15. 放入辣椒丝，翻炒几秒
16. 放入肉丝，快速翻炒2分钟即可",15,3,3,609.0,745.5,36.61,60.82,20.48,0.1,144.5,4.51,128.6,26.67,100.0,12,1,2,0,legacy,"[""家常菜"",""快手菜"",""素食""]","[""2"",""50"",""136""]"
190050,蒸出来的豆角酿肉,蒸出来的豆角酿肉,"豆角，又叫豇豆，是夏天最常见的时令蔬菜，将绿油油的豆角盘成花环，放上肉馅，用六月鲜特级酱油勾上琥珀色的薄芡，一口咬下去，滑嫩的肉馅，脆爽的豆角，有肉有菜，原滋原味，蒸的很健康！连不喜欢吃蔬菜的小盆友也喜欢上！周末带上巧手的娃一起做起来，乐趣无穷！

专注只做六个月足期发酵的六月鲜特级酱油，不添加防腐剂（苯甲酸钠 山梨酸钾），无论热炒还是凉拌亦或是酱焖，都是家中必备、厨房不可或缺的。",,一把豆角，#腌肉馅如下，一勺六月鲜特级酱油，200克肉馅，适量盐，一茶匙淀粉，一勺料酒，少许香油，5克姜末，5克葱末，少许清水，#焯烫豆角如下，少许盐，少许食用油，一个冰格冰块，#调味汁如下，一勺六月鲜特级酱油，一勺蚝油，少许食用油，一瓣蒜，一茶匙淀粉，少许清水，#装饰，一根香葱，一个小米辣,"1. 准备食材：六月鲜特级酱油、豆角、肉馅、盐，姜葱蒜、小米辣（小朋友吃可不放），香葱，蚝油，淀粉，料酒，香油，食用油，冰块，清水。
2. 切好姜末和葱末装小碗中，加少许清水泡10分钟。
3. 将葱姜水倒入肉馅中。
4. 加适量盐、1勺料酒、少许香油以及淀粉。
5. 最后加入不添加防腐剂的六月鲜特级酱油。
6. 用筷子顺一个方向搅打起胶备用。
7. 豆角洗净，掐头去尾，锅中水烧开，放入豆角，再加少许盐和食用油，大火烧开使豆角变软捞出。
8. 盆中接凉水，将提前准备好的冰块放入一半，捞出的豆角立即放入冰水中，再放入另一半冰块。
～我用的冰格。
9. 准备编豆角花环：方法1取一根豆角从中间打一个结，形成一个圆，两端顺着圆开始缠绕编成豆角花环。
10. 准备编豆角花环：方法2取一根豆角从粗头开始打个结，形成一个圆，先把粗头绕在圆上，用左手固定住，接着用右手将余下长的部分绕着圆一圈一圈缠绕，这样可以将粗头完全包裹起来，一直到编到豆角的细头，直接插入花环中藏起来即可。
～后附动图。
11. 动图。
12. 将腌制好的肉馅酿入豆角花环中，左边是从中间打结的花环，右边是从粗头打结的花环。
13. 全部花环编好装盘，蒸锅上汽放入蒸10分钟即可取出。
14. 蒸的同时切好蒜末，葱花，一个小米辣切粒（小朋友吃可不放），1茶匙淀粉加少许清水混合成水淀粉；炒锅放少许食用油，放蒜末煸香。
15. 倒入一勺六月鲜特级酱油，一勺蚝油。
16. 时间到取出蒸盘，将盘中的蒸汁倒入炒锅中，烧开，淋入步骤13准备的水淀粉。
17. 将芡汁淋在豆角酿肉上，撒葱花，点缀小米辣粒。
18. 一口咬下去，滑嫩的肉馅，脆爽的豆角，有肉有菜，原滋原味，蒸的很健康！
19. 香喷喷的，赶紧开吃！
20. 老少皆宜，全家欢喜！
21. 厨房有六月鲜特级酱油的陪伴，蒸的更健康！",20,5,5,285.0,693.3,30.86,60.33,7.28,0.33,27.5,2.95,117.0,35.0,100.0,3,9,8,0,legacy,"[""宴客"",""家常菜"",""外貌协会"",""蒸""]","[""1"",""2"",""3"",""84"",""91""]"
190134,香辣炒鸡蛋,香辣炒鸡蛋,换个方法吃鸡蛋！能下6碗饭哦！,,个鸡蛋，3勺生抽，1勺耗油，2勺醋，1勺糖，1勺淀粉，1勺辣椒粉，少许葱花,"1. 鸡蛋打散备用
2. 将所有调料放入碗中，加半碗水调匀

3. 鸡蛋炒散后倒入料汁
4. 翻拌均匀撒上葱花即可",8,2,2,5.0,17.6,0.01,0.03,4.3,0.0,0.7,0.03,0.1,37.5,100.0,0,6,2,0,legacy,"[""家常菜"",""快手菜"",""鸡蛋"",""辣"",""下饭菜""]","[""1"",""7""]"
190690,火山排骨,火山排骨,本来的排骨肉更像是果冻质感的，用上下颚一抿，肉浆漫嘴，弹软香滑，这被火舌舔了一遍，排骨微微焦黄，挂了一点油珠，清清亮亮，冒着油花的香味散开，就是光用眼睛盯着，都能感觉到排骨的一股子酥香。,,500克排骨，2个柠檬，1个洋葱，1把香菜，1根胡萝卜，6个小米椒，2个青尖椒，3根小葱，5片姜片，5瓣蒜瓣，15克料酒，45克生抽，30克鱼露，30克冰糖，5克白胡椒，30克盐，15克白酒,"1. 我们先来准备烧排骨的配菜，洋葱、胡萝卜切块，一半的香菜切段，姜切片，蒜拍扁。
2. 再把料汁需要的配菜也处理好，取另一半的香菜、小米椒、青尖椒、小葱切碎末。
3. 准备一锅凉水，放入排骨，再倒入1大勺的料酒，开大火煮出血沫，捞出排骨备用。
4. 另外准备一锅温水，放入姜片、冰糖，大火烧至冰糖完全融化。
5. 再把排骨放进去，等汤再次烧开后，把切好的洋葱、胡萝卜、香菜、蒜瓣也一起放进去。
6. 调入1大勺鱼露、3大勺的生抽和1小勺白胡椒粉，搅拌均匀。开中小火盖上盖子炖煮1小时。
7. 炖排骨的时候我们来调个搭配解腻的料汁，把切成碎末的配菜混合，调入3大勺柠檬汁和1大勺的鱼露搅拌均匀。
8. 等排骨汤汁收的差不多了，就可以出锅装盘啦，到这一步排骨就很好吃很下饭了。
9. 要是觉得腻，就把调好的料汁淋在排骨上。
10. 然后把盐和白酒混合成可以定型的状态，围到排骨一圈，用配枪点燃。等火渐渐熄灭就可以吃啦，火苗炙烤过一遍的排骨口感会更特别点。实在没有工具可以省略这一步。
11. 一道菜可以吃到两种完全不同的风味，一定要试试看哦。",17,9,9,1375.0,614.6,31.96,5.79,155.77,77.97,502.7,8.84,182.3,52.94,100.0,8,9,0,0,legacy,"[""小羽私厨"",""家常菜"",""下饭菜"",""美食""]","[""1"",""2"",""3"",""5"",""6"",""9"",""18"",""22"",""239""]"
192232,鲜嫩无比️丝瓜炒蛋,鲜嫩无比❗️丝瓜炒蛋,🤗家常菜～好吃又好操作！,,1根丝瓜，2个鸡蛋，适量盐，适量蒜，适量糖,"1. 丝瓜去皮切滚刀块，用盐稍微腌一下
2. 鸡蛋打入碗中，加入少许盐
3. 蒜切碎
4. 1⃣热油锅，鸡蛋炒7成熟捞出备用
2⃣放入蒜爆香，加入丝瓜翻炒，放少许盐
3⃣倒入鸡蛋，一点点糖提鲜
5. 装盘～吃！",5,3,3,300.0,179.0,15.7,9.0,10.4,0.0,130.0,2.2,138.9,60.0,100.0,0,2,3,0,legacy,"[""家常菜"",""素菜"",""鸡蛋""]","[""2"",""7"",""254""]"
192379,绝味脊骨炖土豆,绝味脊骨炖土豆,瘦爷绝味骨头,,适量脊骨，适量土豆，适量干豆腐，适量食用油，适量生抽，适量老抽，适量料酒，适量醋，适量海天辣黄豆酱，适量小米椒，适量大葱，适量老姜，适量香叶，适量大料，适量桂皮，适量冰糖，适量白糖,"1. 脊骨洗净
2. 脊骨滚水
3. 脊骨过凉水
4. 备辅料
5. 辅料改刀
6. 炸土豆
7. 炸完盛盘备用
8. 备调料
9. 高压锅压15分钟，除生抽老抽外，调料全放入
10. 捞出来，放生抽老抽闷制
11. 放入土豆，干豆腐，盛盘",17,4,4,0.0,0,0,0,0,0,0,0,0,35.29,0.0,0,0,17,0,legacy,"[""炖"",""家常菜""]","[""1"",""3"",""12"",""18""]"
193422,外公的私房菜之【五彩烤麸】,外公的私房菜之【五彩烤麸】,"这道菜是我外公的拿手菜之一，酸酸甜甜真的非常美味，每次我们姐妹三人去外公家吃饭，他就会去菜场买食材给我们做这道菜，而且每次都被一扫而光！！！
不过距离今天，我最亲爱的外公已经离开我5个月零3天了。他生前教了我这道菜的做法，我也做了有三四次了，只是一样的配方，我做出来的味道终究不及他做出来的味道。
好想再吃他做菜，再和他说说话，再和小时候一样屁颠屁颠地跟在他屁股后面逛超市去，真的好想他啊…",,1块烤麸，1朵西兰花，1个杏鲍菇(或其他菇类)，1个西红柿，适量木耳干，适量香菇干，适量金针菜，适量美味鲜酱油，适量白醋，适量白糖，适量蚝油，适量海天黄豆酱，适量盐，适量水淀粉，适量味精(或鸡精),"1. 准备食材：烤麸(买的是菜市场里的那种新鲜的烤麸，不是烤麸干)、西兰花、西红柿、杏鲍菇、香菇干、木耳干、金针菜。
2. 烤麸在冷水里泡10分钟(太久容易散)三种干也用水泡起来(用温水更快哦)
西兰花、西红柿、杏鲍菇切一下！
3. 锅里烧点水，水滚了以后，把西兰花焯一下，捞起备用。
4. 再把杏鲍菇也焯一下，捞起备用。
5. 泡过的烤麸用水稍微冲洗一下，然后切成这样大小的块状(别太小，怕炒起来会散架)，然后温柔地把这一块一块烤麸里面的水分尽可能多的捏出来(这步很重要，但是下手别太重，怕捏碎)
6. 捏过的烤麸放篮子里，再沥一下水分，备用。
7. 热锅冷油(做烤麸一定要多倒点油，因为它很会吸油)，下入烤麸块，不断地轻轻翻炒它们。
8. 炒得稍微久一点，到这样全身金黄色即可(我这个泡在水里的时间有点久了，所以有点碎了，卖相不太好，各位别介意哈…)
9. 然后加入适量开水，不用过多，盖上锅盖，让它炖5分钟(记得一定要用开水哦！)
10. 时间到了以后，开盖。加入蚝油、酱油、盐、白糖、黄豆酱翻炒烤麸，让每一块都均匀吸收酱汁(调味品的量我不好说，反正我都是凭感觉放的，然后尝一下味道，感觉少了点什么味道再放点就完事了，哈哈哈哈就是如此随意！)。接着，放入杏鲍菇、香菇干、木耳干翻炒，再炖一小会儿，感觉锅里开水少了的话，可以稍微加一点！
11. 之后下入西兰花和金针菜翻炒，再放适量味精和白醋。
12. 最后加入西红柿，翻炒几下后，倒入水淀粉，再让它炖一小会儿。
13. 看着差不多了，就可以撒点葱花出锅啦！！！酸酸的真的很开胃呢！৫(”ړ৫)

写着写着又饿了，好惨一女的(╥ω╥`)",15,5,5,460.0,125.6,14.09,2.08,19.48,1.07,163.5,3.42,174.5,46.67,100.0,0,4,11,0,legacy,"[""家常菜"",""下饭菜"",""私房菜"",""晚餐"",""午餐"",""烤""]","[""14"",""53"",""83"",""433"",""442""]"
193545,寒冷天气在家自制粥底火锅,寒冷天气在家自制粥底火锅，好吃不上火！,像小超君这样爱美味又追求养生的人现在可不少，辣锅过瘾却上火伤身，清汤锅又总觉得味道不太够，怎么办？卢大厨教大家做健康又美味的粥底火锅，一家老小都能吃，再也不怕吃了火锅满脸爆痘！,,籼米，鸡骨架，猪皮，纯净水，1勺盐，1勺油，枸杞，葱花,"1. 粥底火锅源于广东顺德，倡导的是健康饮食理念，粥底用上等小米和纯净水，经过长时间的精心熬制，使米和纯净水完全融合，只留米粥中的各种维生素、矿物质、蛋白质和淀粉，有米不见米，只取米精华。
2. 制作粥底火锅，我们需要准备籼米、鸡骨架、猪皮和纯净水。
3. 籼米粘性特别大，煮出来的粥特别香浓。
4. 把米洗净泡软，放入料理机打碎。注意不要太碎，打成几瓣就行了。
5. 同上
6. 在米里加1勺盐、1勺油，搅拌均匀后腌制10分钟
7. 把米浆倒入锅里，加水，米和水的比例是1:6
8. 同上
9. 然后放入鸡骨架和猪皮，这样粥会更加香浓顺滑
10. 开火煮30分钟，把米汤熬成像酸奶一样浓稠，过滤掉米粒。
11. 同上
12. 把粥底倒入打火锅的容器里，放一点枸杞和葱花，浓稠雪白、香郁扑鼻，光是闻着都觉得食欲大开呢！
13. 同上
14. 尝一口，米香浓郁、口感顺滑，嘴里满满都是大米的香甜，用它来打火锅，味道自然错不了
15. 卢大厨提醒大家，吃粥底火锅顺序也有讲究：
烫菜之前喝碗养胃粥，可以很好地滋补和保护肠胃；
养胃粥是鲜味粥，把海鲜和肉类下锅烫熟，让它们的鲜味完美融入粥底里，吃完肉类再放素菜，这样即使不用任何调味料，也会滋味十足；
最后一碗营养粥，粥底包容了各种烫菜的味道和营养，是真正的精华哦！
16. 既健康又美味的粥底火锅，在家也能轻松做！还等什么？赶快把它搬上你家餐桌吧~",8,4,4,0.0,0,0,0,0,0,0,0,0,62.5,100.0,0,2,6,0,legacy,[],"[""1"",""57"",""288"",""470""]"
193876,极妙厨房丨茭白肉丝,极妙厨房丨茭白肉丝（茭白版鱼香肉丝）,这是一道茭白版的鱼香肉丝，你还不赶快操练起来！,,适量里脊肉，半个茭白，四分之一个胡萝卜，适量淀粉，适量盐，适量黄酒，适量木耳，适量姜末，适量泡红椒，适量葱花，#酱汁，适量老陈醋，适量白砂糖，适量水，适量淀粉水,"1. 水烧开，锅里放一勺盐，将茭白、胡萝卜和木耳切丝焯水2分钟，捞出备用
2. 里脊肉切丝，一勺淀粉，一勺盐，适量黄酒，抓均匀，腌制十分钟
3. 锅里烧油，姜末丢进去爆香，肉下锅翻炒，扒开，加一勺豆瓣酱，适量黄酒和切好的泡红椒，然后将之前调制好的酱汁倒进去，出锅前撒上葱花，完成",15,5,6,50.0,13.0,0.6,0.1,2.95,0.95,2.0,0.2,2.9,46.67,100.0,0,2,13,0,legacy,"[""快手菜"",""家常菜"",""下饭菜""]","[""1"",""3"",""4"",""33"",""37"",""362""]"
195299,好做 宫保鸡丁,简单好做 宫保鸡丁（家常版）,,,3块鸡胸肉，20克花生米，10粒花椒，1/2根黄瓜，2勺料酒，3勺生抽，4勺醋，2勺淀粉，4勺糖，6克盐，4个干辣椒，3勺老抽，1/2根胡萝卜，2瓣蒜，1/4根大葱，1勺蚝油，1勺白胡椒粉，2片姜,"1. 鸡胸肉切丁，大拇指甲大小。不喜欢鸡胸肉口感的 可以换做鸡腿肉。切好的鸡胸肉加盐3g（一小勺）、白胡椒粉一勺、料酒两勺、淀粉1勺，老抽一勺，三勺水，顺时针搅拌均匀，加一勺油 封住味道。腌制15分钟以上
2. 大蒜切片，姜两片，葱最好用葱白，切成如视频的小块。胡萝卜 黄瓜切丁，花生米要炒熟的，或者炸熟的，去皮！干辣椒掰小段，花椒准备十来颗。
3. 料汁：醋 ：糖 一定是1:1的量。两勺盐，两勺蚝油，一勺老抽 两勺生抽。淀粉搅拌。
4. 中小火，放平时炒菜1.5倍的油，油温4成热，加鸡块，用筷子划开，待鸡肉变色，盛出备用
5. 锅内留底油，加花椒粒，中火，待花椒变色炸香 捞出花椒粒不要。下辣椒段，炒成琥珀色，加蒜片，胡萝卜丁 黄瓜丁，翻炒断生，加鸡丁和葱，加料汁，大火翻炒。汤汁收浓，加花生米。
6. 依照个人口味可以调整咸淡。oh my god！非常香！下饭！",18,7,8,1190.0,881.3,123.18,19.5,56.84,8.51,224.0,10.48,402.2,50.0,100.0,2,16,0,0,legacy,"[""家常菜"",""下饭菜"",""宴客""]","[""1"",""2"",""3"",""6"",""15"",""16"",""19"",""24""]"
195601,干煸牛肉丝,干煸牛肉丝,,,克牛肉，片姜，克白糖，克盐，生抽，蚝油，花椒麻椒，干辣椒,"1. 牛肉洗净切细条 因为后面会煸干水分 肉丝会缩水煸干 所以切的稍微粗一点也ok  顺着纹路切 不然一切就散了

2. 
然后清水浸泡出血水 洗干净  沥干备用
3. 沥干水分的牛肉丝里加入盐 适量的生抽和蚝油  少许白糖（提鲜）姜片 腌制二十分钟
4. 另外附上我做菜一直用的调料 一直都只用图上牌子的这两种 因为不同牌子的口味不一样 所以从来没换过
5. 锅里油至五六成热后 将腌制好的肉丝放进去煸炒 期间不断用筷子拨散 防止结在一起 （穿长袖 防止溅油伤着自己）另外如果腌制肉的时候出了很多料水 千万不要一起倒入锅中  只把肉放进去煸就行 全程中小火 筷子不断搅散防止糊或者粘锅


6. 煸至用筷子夹肉已经硬了微焦就可以出锅
7.  煸肉的油一般都比较多 建议盛出部分 留有底油 将配料小火煸香 中小火中小火

8. 煸至姜丝微焦后可以将煸好的肉丝放进去 小火 用筷子不断搅散 防止糊掉 小火煸两分钟后转大火半分钟一分钟即可出锅

9. 很香 很巴适 可以当菜上桌子 但是牛肉分量要给足 我是当零食过嘴瘾的😜",8,2,2,0.0,0,0,0,0,0,0,0,0,37.5,0.0,0,0,8,0,legacy,"[""家常菜"",""下饭菜""]","[""3"",""8""]"
195638,麻辣小龙虾,麻辣小龙虾（附小龙虾卫生处理方法）,"人类生来是一种群居动物，你可以选择和一只猫生活在一起或者和你的姑娘生活在一起或者和你的朋友生活在一起。两年前的我选择了朋友和猫。而恰巧朋友是回民，所以作为吃猪肉长大的我似乎是遇到了很大的难题。蒙古人说“草是牛羊吃的，人应该吃牛羊的肉。”所以在牛羊肉、鸡肉、鱼肉、青菜全部吃过一个遍了之后，开始了不同食材的尝试。
在现在的世界，读万卷书也许不如行万里路，而行万里路无非就是看更多的风景、遇更多的人、经历更多的事、尝更多的美味。比如长沙的口味虾和簋街的麻小就完全是两个东西，层次也不同。北方人对辣这个味道的掌握总是有种奇怪的感觉，可以酣畅淋漓可以细如发丝但总是少了点什么。
第一次做小龙虾其实完全被充斥在网络和报纸上的新闻逼的，各种砖家各种学者各种事例全部扑在你面前指着你的鼻子说：小龙虾会害死你。对于一件不可行的事，掉头就走那你就输了，我们可以把它变得可行。于是面对被说脏了的小龙虾，变干净就OK。于是开始回忆舌头记下来的味道，把每一种味道拆分，再组装起来。脑中就有了大致的做法，然后买好食材，喂水吐沙清洗干净开火倒油……
把一道菜做成功的感觉很像初吻，让人难以忘怀。
给人做菜则像调料本身，酸甜苦辣咸一味不少。",,三四斤小龙虾，两小碗豆瓣酱，两大把干辣椒，一小把花椒，一个洋葱，适量盐，适量糖，半瓶啤酒，两朵蒜，一大块姜,"1. 首先是小龙虾的处理方法，这个真的很重要啊喵。
1.小龙虾用清水养三个小时以上。2.取一只，背朝着手心，用刷子冲着水刷干净小龙虾的腹部。
3.用大一点的剪刀，把虾头的前1/3剪掉，然后用水冲干净里面。
4.用手捏住虾尾中间那一节，转半圈抽出，虾线就直接出来了。
5.用剪刀把虾壳的背部剪开。
2. 炒锅放油，多一点，然后进豆瓣酱，炒到出红油，然后放干辣椒，花椒，蒜瓣，姜片。继续翻炒。
3. 进小龙虾，翻炒到稍稍干一些，倒入啤酒，放糖，盐。盖上锅盖焖。
4. 锅里汤汁剩余不多的时候出锅。
5. 装盘，撒上生洋葱。",10,4,4,1920.0,1432.4,286.0,17.11,33.14,2.51,357.3,20.75,2859.8,60.0,100.0,1,6,3,0,legacy,"[""快手菜"",""下饭菜"",""家常菜"",""小龙虾"",""麻小""]","[""2"",""3"",""5"",""182""]"
196244,西红柿卷心菜黎麦粥,西红柿卷心菜黎麦粥,这是一个非常简单又有营养的粥，做为一个素食者黎麦是非常好的选择哦！平时作为早餐或者减肥餐都很不错，因为黎麦富含蛋白质是其它谷物所不具备的。,,一把（50g )黎麦，小半个卷心菜，2个（小）西红柿，适量豆浆，1小勺糖，适量玫瑰盐，100ml 左右可自行调节水,"1. 因为做法简单也就没有每个步骤都拍照了

2. 首先把黎麦稍微洗一下放入锅中加水煮15分钟（水开后转中小火）；隔水蒸熟也可以
再把洗干净的西红柿切成小块，卷心菜也切成小片；
炒锅烧热加入少量的油，油热后倒入西红柿和卷心菜炒一下，加入糖之后转小火盖上锅盖慢煮，5分钟后把煮软后掉下的西红柿皮都挑出来，（也可以把整个西红柿入开水烫一下去皮，我怕麻烦就直接烧了之后再去掉）
等到西红柿和卷心菜都煮软汁水被慢慢煮出来之后再把煮好的黎麦倒入拌匀，我加了一点豆浆再煮5分钟左右……；

3. 最后按照自己咸淡撒入适量的玫瑰盐调味就OK啦！",7,2,2,300.0,30.0,1.8,0.4,6.6,0.0,8.0,0.4,19.4,57.14,100.0,1,4,2,0,legacy,"[""中式早餐"",""减肥"",""粥""]","[""14"",""76""]"
196506,菜粥,菜粥,"对于粥或许有不一样的感受。菜粥便是奶奶👵最拿手，那时一次喝了三碗，可惜之后再也喝不到了……
                                      ——庚子年二月十二记",,100克大米，适量黄豆，适量花生，1个皮蛋，适量海米，2颗青菜，5克盐，7粒生姜粒,"1. 首先呢是一个全家福，黄豆、花生泡发好（不容易煮开，所以我又把这两个煮了一下），海米加水泡一下，青菜切丝，大米淘洗干净。皮蛋是做的途中特别想吃加进去的，所以没有拍图。
2. 1⃣️锅中加入油，爆香生姜，加入海米翻炒，加入黄豆，花生及大米混合均匀，加入适量的清水（比平常煮粥的量多一点点即可）。  2⃣️大米烧开花后，加入皮蛋、青菜和适量的盐调味（咸淡自己掌握）在煮三分钟，看到粥开始冒浓稠的泡泡即可。",8,3,3,194.0,451.4,16.7,7.38,80.38,0.6,69.2,3.34,353.9,87.5,100.0,2,3,3,0,legacy,"[""粥"",""早餐"",""快手菜""]","[""16"",""20"",""87""]"
196577,爆炒小龙虾家庭版,爆炒小龙虾家庭版,夏天当然是和小龙虾最配啦，可是夜宵店的小龙虾又贵又不干净，不如自己在家动手。小龙虾做起来很简单，就是材料会需要的比较多。,,3斤小龙虾，1-2瓶啤酒，5片香叶，2个八角，1块桂皮，1把麻椒，10个干辣椒，10个小米椒，5瓣蒜，5片姜，两根香菜，两根葱，两根紫苏，2勺老抽，2勺料酒，2勺生抽，2勺耗油，一大勺豆瓣酱，一小块火锅底料,"1. 在菜市场买小龙虾的时候，尽量挑虾尾和爪子大的，然后让老板帮你把头和虾线去掉，这样可以给你省下一个复杂的工序。回来之后用牙刷清理干净，尤其是虾尾和虾腮。
2. 清理干净之后，用剪刀把炸背剪开，这样更加入味。
3. 多放一点油，把准备好的葱大蒜生姜，八角桂皮干辣椒，小米椒，麻椒等放入锅中大火炒香。
然后加入豆瓣酱和火锅底料，炒出红油。
4. 加入小龙虾翻炒，加入生抽，老抽料酒，耗油，五香粉(没有就不加)调味。稍微翻炒一下就好了。
5. 加入一罐啤酒，加入部分香菜和紫苏，大火炖，收汁。就可以出锅啦。
6. 出锅后加入点香菜摆盘。",19,7,7,3915.0,2061.9,328.32,22.15,210.51,124.05,661.4,27.8,2988.0,52.63,100.0,1,18,0,0,legacy,"[""下酒菜"",""家常菜"",""宵夜"",""辣""]","[""1"",""2"",""3"",""9"",""18"",""164"",""182""]"
196822,玉米排骨粥,玉米排骨粥,在福建这边，这种粥算是早餐的种类。昨晚老公给我提的创意，今天就试一下，和大家分享。,,适量煲好的玉米排骨汤（我用的是昨天没喝完的），适量大米（平时煮饭用的就行，或者剩米饭），适量水,"1. 用砂锅煲，煲出来的排骨米汤。没喝完，剩了一碗的量，丢掉太可惜啦！老公联系我做粥。
2. 这是我从冰箱里刚拿出来的样子，碗边白白的猪油，我把玉米拨成粒比较方便煮粥。
3. 泡了一晚上的大米。昨天没有剩米饭。我用的是东北的五常大米，个人感觉比福建的米煮出的饭香，重点是老公也喜欢吃。
4. 把隔夜排骨汤预热一下，使其猪油融化后，加入沙锅煲中和大米一起。大火煮开后转小火熬半小时即可。
5. 好啦！成品。",3,1,1,0.0,0,0,0,0,0,0,0,0,33.33,0.0,0,0,3,0,legacy,"[""家常菜"",""粥"",""早餐""]","[""20""]"
197009,胡萝卜瘦肉粥,胡萝卜瘦肉粥（15分钟）,只要15分钟，非常方便。大米提前一天晚上洗净放入冰箱冰冻过夜。经过冷冻大米内的组织受到破坏，就可以在短时间变成绵滑的粥。,,半碗冷冻好的大米，适量胡萝卜，二片白菜，一颗香菜，一小块瘦肉，少许盐,"1. 准备好食材，胡萝卜用磨具切成花型。
2. 白菜切碎，肉剁末。肉放入小碗内放淀粉加适量水搅拌均匀，腌制10分钟备用。
3. 锅内倒少许油，放入胡萝卜翻炒，加白菜炒软。
4. 一次性加足清水，倒入大米。大火烧开后转小火煮10分钟。
5. 放入腌好的肉再煮五分钟，放入香菜和盐调味，起锅。",6,4,4,1610.0,634.3,39.28,33.14,51.62,13.62,871.1,13.59,1095.2,66.67,100.0,0,4,2,0,legacy,"[""粥"",""早餐"",""中式早餐""]","[""4"",""6"",""9"",""29""]"
197110,干锅肥肠,干锅肥肠,,,250克肥肠，4个干辣椒，3片姜，3个青椒，3瓣蒜，1段藕，1根黄瓜，1只土豆，1勺豆瓣酱,"1. 藕和土豆切片，不要太薄
2. 卤肥肠切段（后续会发如何卤肥肠），黄瓜切长条，青椒切断，生姜切丝
3. 冷油锅加热，放入藕片和土豆，炸至微黄，控油出锅
4. 锅中留少许油，加入肥肠炒至出油，加入姜，蒜，豆瓣酱，辣椒，黄瓜，快速翻炒
5. 加入藕土豆及半小碗水，大火收汁，出锅！",9,5,5,883.0,248.3,9.01,2.07,53.7,5.13,97.7,3.08,42.1,77.78,100.0,1,7,1,0,legacy,"[""干锅"",""家常菜"",""下饭菜""]","[""2"",""3"",""11"",""12"",""19""]"
198695,咸鱼红米炒饭【发酵食堂】,咸鱼红米炒饭【发酵食堂】,"一次偶然的机会在澳门吃到了红米咸鱼炒饭，立马就喜欢上了，凭着舌头的记忆，翻版出这个食谱，味道和原版的有9成相似哦。欢迎您关注我的微信公众号《发酵食堂》
遇上你这个吃货，是世界上最幸运的事...",,200克红米，300毫升水，50克猪油，2个鸡蛋，1小块25克咸鱼，适量菜心，1大勺8克生抽，适量葱花,"1. 首先煮红米饭，200g的米和300ml的水，这个是两个人的分量。（视频里是炒了半米饭）
2. 把猪油切小块，菜心和咸鱼切粒，打散两个鸡蛋备用。
3. 用小火把猪油熬出来，然后挑出猪油渣。
4. 把米饭倒进去翻炒。
5. 加入咸鱼粒，闻到香味之后加入一大勺生抽，继续翻炒。
6. 把鸡蛋倒进锅里，和米饭拌匀，然后加入菜心,炒到菜心熟透。
7. 最后撒上葱花再翻炒几下就可以了。
8. 红米饭会偏硬一些，如果喜欢软一点的口感，在煮饭之前可以把红米浸泡一两个小时哦。
9. 以上就是今天的食谱，谢谢你的收看",8,3,3,400.0,139.0,13.1,8.6,2.4,0.0,56.0,1.6,131.5,62.5,100.0,3,3,2,0,legacy,"[""主食"",""炒饭"",""咸鱼"",""家常菜""]","[""1"",""7"",""165""]"
199666,红烩牛肉,红烩牛肉,"西班牙菜很喜欢水果入菜，那么其实，番茄入菜算不算水果入菜呢。
其实这个菜，蘸面包吃比配米饭要合适很多很多。",,半斤牛肉，三个番茄，几片百里香叶，适量黑胡椒粉，一杯红酒，一个洋葱，适量盐，五勺番茄酱,"1. 牛肉冷水入锅，大火煮十五分钟。捞出。
2. 番茄切碎，洋葱切碎，先炒洋葱，再放入番茄翻炒到出汁。
3. 将所有材料进汤锅，加清水。大火煮开，然后小火慢熬一个小时。
4. 出锅。",8,3,3,1200.0,550.0,57.05,23.25,34.55,1.35,72.5,6.6,225.0,50.0,100.0,1,4,3,0,legacy,"[""快手菜"",""下饭菜"",""家常菜"",""西餐"",""牛肉""]","[""5"",""8"",""14""]"
199726,爆炒鸭胗,超下饭的爆炒鸭胗,我们俩都特别喜欢吃鸭胗，尤其爱爆炒，今天蒸了一锅米饭，准备开吃啦。,,8个鸭胗，2勺生抽，适量老抽，适量蚝油，适量料酒，适量淀粉，适量姜，多加一些大蒜，适量小米辣，适量青椒，适量盐,"1. 鸭胗加适量盐 清水洗干净
2. 切薄片 越薄越好
3. 加盐加料酒加淀粉腌制
4. 葱姜蒜 青红椒备用 要多
5. 先爆炒鸭胗 鸭胗卷起
6. 放配料快速翻炒
7. 最后加葱",11,3,3,800.0,0.0,0.0,0.0,0.0,0.0,0.0,0.0,0.0,45.45,100.0,0,2,9,0,legacy,"[""下饭菜"",""家常菜""]","[""3"",""11"",""91""]"
199846,青鱼干红烧肉,青鱼干红烧肉,有次跟老公去浙江出差偶遇当地他的一个朋友，那朋友热情得不行，非要请我们吃晚饭，对于我这种吃货来说恭敬不如从命，浙菜系是我一直喜欢的菜系。浙江---渔产丰富，土地肥沃，人杰地灵，像这样的一方土养育着勤劳、勇敢、智慧的浙江人，他们也爱吃、好吃、吃得精.....我点了他们当地的青鱼干红烧肉，那叫一个好吃，配碗米饭足矣……,,400克（洗净切块）五花肉，350克（浸泡2小时后洗净晾干）青鱼干，300克花生油，6克八角，4克桂皮，少许香叶，3瓶（500毫升装）啤酒，8根（切3厘米段）小葱，30克（洗净切块）生姜，3勺料酒，40克冰糖，9克白沙糖，5克盐，6克味精，15克老抽,"1. 五花肉洗净切块，青鱼干浸泡晾干后切块
2. 锅中加水放几片姜把水烧开
3. 水开后把五花肉放入同时放料酒一勺，肉放入后等水开后煮至5分钟后捞起五花肉装碗备用
4. 锅加热倒油200克，待油温升高后放青鱼干油煎
5. 表面金黄色后就可以捞起（煎鱼的油可装碗里煎其他食物可用，如果觉得腥味可以倒掉，不过有点浪费）
6. 锅中倒入剩下的100克油加热，放冰糖炒糖色，铲子来回搅拌转小火
7. 炒制冰糖完全融化有少许冒白泡时就可以了
8. 放入五花肉、料酒、姜片一起翻炒
9. 炒至有肉香
10. 放入老抽翻炒
11. 桂皮、八角、香叶一起放进锅里
12. 倒入两瓶啤酒大火煮沸转中、小火让啤酒慢慢炖肉，1个小时20分两瓶啤酒差不多炖得剩一杯啤酒
13. 快收汁的肉再倒进第三瓶啤酒放入白沙糖，青鱼干、味精，盖上锅盖中小火再炖40分钟
14. 收汁的红烧肉、鱼干
15. 放小葱段
16. 翻炒1分钟后关火
17. 装盘上桌",15,3,4,2010.0,1359.4,62.07,120.9,7.01,1.93,89.7,6.66,240.0,26.67,100.0,11,3,1,0,legacy,"[""红烧"",""下饭菜"",""家常菜""]","[""1"",""3"",""4"",""10""]"
199878,肉末豆角,肉末豆角,不代表大众^_^自己经常炒的一道家常做法，家里人都觉得很好吃😋也就发出来给大家仅供交流学习,,500克豇豆，200克肉末，适量油，1勺郫县豆瓣，2个（剪成一段一段）干辣椒，少量十三香，适量生抽，2瓣（切末）大蒜，2片（切末）生姜，适量盐，腌制肉末：，1勺料酒，1勺生粉，2根葱白，2片（切碎）生姜，少量老抽，1勺蚝油,"1. 我是这样的勺子                                                        把腌制肉末的调料全放里面搅拌均匀，腌制15分钟。接下来处理长豆，切成颗粒状，一粒粒的哟~
2. 把需要用的调料都出好后，（大🔥火）锅里放油，油热后把腌制好的肉末和干辣椒倒锅里炒，爆香（炒2-3分钟）盛出来备用。
3. （中🔥火）锅里里再次稍微到点油，放生姜末，豆瓣酱，大蒜末一分钟，放入切好的长豆粒（转大火）盐少量炒到长豆变色倒入肉末、十三香、老抽少量（起到上色）一起（炒2分钟）在盖上锅盖焖3分钟，这样使长豆入味。
4. 开盖，放盐适量、生抽提味炒一下，一道美味的肉末豆角出锅啦～^_^（我忘记放老抽提色了😂😔）",15,4,4,743.0,257.6,15.17,2.68,56.06,4.18,463.2,7.09,72.9,46.67,100.0,2,8,5,0,legacy,"[""家常菜"",""下饭菜""]","[""1"",""2"",""3"",""151""]"
199887,潮汕菜脯蛋,潮汕菜脯蛋,潮汕菜脯即萝卜干，晒干的萝卜。与潮汕咸菜、鱼露并称“潮汕三宝”。因萝卜在潮汕俗称“菜头”，故称“菜脯”。,,50克菜脯，2个鸡蛋，适量花生油，少许盐,"1. 鸡蛋两个打成蛋液。
2. 菜脯洗净切丁。
3. 炒锅下油，下切好的菜脯炒出香味后出锅。
4. 把炒好的菜脯丁倒在蛋液里拌匀。
5. 另下油，下一半的蛋液煎至一面金黄
6. 翻面煎至另一面金黄即可。",4,1,1,150.0,139.0,13.1,8.6,2.4,0.0,56.0,1.6,131.5,50.0,100.0,1,1,2,0,legacy,"[""鸡蛋"",""快手菜"",""家饭菜"",""下饭菜""]","[""7""]"
