id,original_name,cleaned_name,changed,rules
5,西红柿肥牛汤（2人食快手菜）,西红柿肥牛汤,1,删除括号说明
15,紫菜蛋花汤,紫菜蛋花汤,0,未修改
19,水煮鱼,水煮鱼,0,未修改
44,爆炒假鲍鱼,爆炒假鲍鱼,0,未修改
51,咖喱鸡肉饭,咖喱鸡肉饭,0,未修改
68,超美味的西红柿蛋汤,西红柿蛋汤,1,删除营销定语
77,爽脆萝卜条,爽脆萝卜条,0,未修改
112,水煮海螺（附海螺的挑选方法）,水煮海螺,1,删除括号说明
134,醋溜白菜,醋溜白菜,0,未修改
135,下饭菜-豆角肉丁,豆角肉丁,1,删除分类前缀
138,广式香菇滑鸡包,广式香菇滑鸡包,0,未修改
166,不破皮红烧鳊鱼（含去腥大法）,不破皮红烧鳊鱼,1,删除括号说明
185,无油不用炒超快手健康简单蒸鸡腿&（延展-鸡丝面条）,蒸鸡腿,1,删除括号说明；删除营销定语
192,糖醋排骨,糖醋排骨,0,未修改
197,牛腩炖萝卜,牛腩炖萝卜,0,未修改
235,芹菜香干,芹菜香干,0,未修改
238,啤酒🍻三黄鸡,啤酒三黄鸡,1,删除装饰符号
263,茶树菇炖鸡,茶树菇炖鸡,0,未修改
265,鲜甜美味的蛤蜊丝瓜汤,蛤蜊丝瓜汤,1,删除营销定语
283,蒜香味儿咸芥菜疙瘩丝,蒜香味儿咸芥菜疙瘩丝,0,未修改
335,一道搞定汤和菜！清甜无花果丝瓜浸鸡煲,无花果丝瓜浸鸡煲,1,删除场景引导语；删除营销定语
349,红烧鸡腿肉,红烧鸡腿肉,0,未修改
366,猪皮冻,猪皮冻,0,未修改
368,䕨椒鲢鱼块,䕨椒鲢鱼块,0,未修改
375,家常烧茄子,家常烧茄子,0,未修改
400,老黄瓜炖泥鳅,老黄瓜炖泥鳅,0,未修改
413,莲藕焖排骨,莲藕焖排骨,0,未修改
415,川式青笋木耳炒肉片儿,川式青笋木耳炒肉片儿,0,未修改
418,独家鲜嫩豉汁爆炒花甲,鲜嫩豉汁爆炒花甲,1,删除营销定语
427,什锦凉拌菜,什锦凉拌菜,0,未修改
430,鲗鱼淮山汤,鲗鱼淮山汤,0,未修改
436,夏季四宝,夏季四宝,0,未修改
445,干蛤蜊拌菠菜,干蛤蜊拌菠菜,0,未修改
454,雪菜炒鸡,雪菜炒鸡,0,未修改
469,[原创] 泡椒魔芋这样做简直绝了，非常下饭,泡椒魔芋,1,删除开头标签；删除说明性后缀
490,下饭菜：生炒鸡块,生炒鸡块,1,删除分类前缀
504,【杭椒牛肉】快手下饭菜,杭椒牛肉,1,展开标题方括号；删除版本后缀
526,烤柠檬拌西兰花,烤柠檬拌西兰花,0,未修改
532,咸鱼茄子煲,咸鱼茄子煲,0,未修改
542,牛肉炒芦笋（少油版）,牛肉炒芦笋,1,删除括号说明
595,超简单的烂肉豌豆,烂肉豌豆,1,删除营销定语
596,白切莲藕,白切莲藕,0,未修改
612,豆腐蒸蛋,豆腐蒸蛋,0,未修改
625,白萝卜羊排汤,白萝卜羊排汤,0,未修改
627,家常红烧带鱼,家常红烧带鱼,0,未修改
670,芙蓉鲜蔬汤,芙蓉鲜蔬汤,0,未修改
696,超级下饭的红烧臭豆腐,红烧臭豆腐,1,删除营销定语
728,家常番茄土豆炖牛腩,家常番茄土豆炖牛腩,0,未修改
768,红焖猪蹄,红焖猪蹄,0,未修改
780,麻辣爆牛肚,麻辣爆牛肚,0,未修改
783,青椒炒肉,青椒炒肉,0,未修改
789,香滋滋的鸡蛋豆腐煲,香滋滋的鸡蛋豆腐煲,0,未修改
791,腐乳烧鸡块,腐乳烧鸡块,0,未修改
796,黄焖鸡米饭 家常版本 很入味~,黄焖鸡米饭,1,删除版本后缀
818,萝卜清炖牛筋#秋季保胃战#,萝卜清炖牛筋,1,删除话题说明
839,青椒炒茄子炒黑木耳,青椒炒茄子炒黑木耳,0,未修改
857,滑蛋虾仁,滑蛋虾仁,0,未修改
907,在家自己动手做的美味肉蟹煲,肉蟹煲,1,删除场景定语
915,火爆大头菜,火爆大头菜,0,未修改
936,韭菜炒蛋,韭菜炒蛋,0,未修改
961,咸蛋黄鸡翅,咸蛋黄鸡翅,0,未修改
975,【孕妇食谱】葱爆羊肉，香而不膻，超级下饭～,葱爆羊肉,1,删除开头标签；删除宣传后句
976,鱼皮不破的家常鱼,鱼皮不破的家常鱼,0,未修改
978,懒人欺骗餐电饭煲鸡腿鸡翅🐧清淡口味减脂餐,电饭煲鸡腿鸡翅清淡口味减脂餐,1,删除营销定语；删除装饰符号
981,东北炖酸菜,东北炖酸菜,0,未修改
994,砂锅玉米炖猪脚,砂锅玉米炖猪脚,0,未修改
1035,红烧三文鱼,红烧三文鱼,0,未修改
1072,鬼火绿（咸鸭蛋炒辣椒）,鬼火绿,1,删除括号说明
1092,挑食宝宝光盘青瓜胡萝卜卷,青瓜胡萝卜卷,1,删除场景定语
1101,清炒莴苣丝,清炒莴苣丝,0,未修改
1130,【跟我做不会错】咖喱鸡盖饭，下饭神器，一学就会！,咖喱鸡盖饭,1,删除开头标签；删除说明性后缀；删除宣传后句
1131,葱头蒜苔炒鸡蛋,葱头蒜苔炒鸡蛋,0,未修改
1165,白菜豆腐炖粉条,白菜豆腐炖粉条,0,未修改
1185,茭白炒毛豆,茭白炒毛豆,0,未修改
1189,别样韭黄炒牛肉,韭黄炒牛肉,1,删除营销定语
1216,豆瓣酱青豆,豆瓣酱青豆,0,未修改
1236,快手西红柿炒鸡蛋,西红柿炒鸡蛋,1,删除营销定语
1247,“超下饭”的鱿鱼焖豆腐,鱿鱼焖豆腐,1,删除营销定语
1249,蒜苔炒肉,蒜苔炒肉,0,未修改
1256,两步搞定的凉拌云丝,凉拌云丝,1,删除场景定语
1292,家常快手菜 梅香咸鱼蒸猪肉 广东风味 下饭菜 手残必备,家常快手菜 梅香咸鱼蒸猪肉 广东风味 下饭菜 手残必备,0,未修改
1322,家庭版黄焖鸡（2人份）,黄焖鸡,1,删除括号说明；删除场景定语
1331,木耳炒肉,木耳炒肉,0,未修改
1378,韭菜炒鸡蛋,韭菜炒鸡蛋,0,未修改
1451,清炒花蛤,清炒花蛤,0,未修改
1477,蒸鸡蛋糕/蒸蛋羹🥣,蒸鸡蛋糕/蒸蛋羹,1,删除装饰符号
1479,独家私房菜之麻辣鸭脖,私房菜之麻辣鸭脖,1,删除营销定语
1499,美味八爪鱼,八爪鱼,1,删除营销定语
1503,椒盐大虾（酥酥酥）,椒盐大虾,1,删除括号说明
1514,酸菜豆腐昂公鱼汤,酸菜豆腐昂公鱼汤,0,未修改
1517,椒盐沙虾,椒盐沙虾,0,未修改
1522,芦笋茭白炒五花肉,芦笋茭白炒五花肉,0,未修改
1535,黄豆腐炒韭菜,黄豆腐炒韭菜,0,未修改
1551,雪菜山药秋葵(小厨娘淮扬菜),雪菜山药秋葵,1,删除括号说明
1578,菜包肉虾,菜包肉虾,0,未修改
1630,青椒笋丝炒牛肉,青椒笋丝炒牛肉,0,未修改
1645,家常小炒肉,家常小炒肉,0,未修改
1678,香椿炒蛋,香椿炒蛋,0,未修改
1694,包心菜鸡蛋炒粉丝,包心菜鸡蛋炒粉丝,0,未修改
1696,简单易学～麻辣豆腐～麻婆豆腐～多吃一碗饭,麻辣豆腐～麻婆豆腐～多吃一碗饭,1,删除营销定语
1707,烧鸡公,烧鸡公,0,未修改
1722,黑椒杏鲍菇炒培根,黑椒杏鲍菇炒培根,0,未修改
1725,家常菜｜青椒炒鸡蛋 微辣咸香,青椒炒鸡蛋 微辣咸香,1,删除分类前缀
1761,炒土豆片,炒土豆片,0,未修改
1763,茄汁鸡肉丸,茄汁鸡肉丸,0,未修改
1768,青椒火腿炒蛋,青椒火腿炒蛋,0,未修改
1794,超级简单无敌好吃的虎皮尖椒,虎皮尖椒,1,删除营销定语
1802,亲子丼（无味淋版）,亲子丼,1,删除括号说明
1823,白菜猪肉炖粉条,白菜猪肉炖粉条,0,未修改
1845,香干香肠炒青椒（老干妈香辣版）,香干香肠炒青椒,1,删除括号说明
1856,无敌好吃又下饭的梅花肉煲豆腐,又下饭的梅花肉煲豆腐,1,删除营销定语
1877,酱烧雷笋,酱烧雷笋,0,未修改
1884,茄汁大虾肉质鲜嫩 酸甜美味既开胃又下饭,茄汁大虾肉质鲜嫩 酸甜美味既开胃又下饭,0,未修改
1901,莲藕绿豆汤,莲藕绿豆汤,0,未修改
1910,蒜蓉开背虾,蒜蓉开背虾,0,未修改
1917,孜然羊肉片,孜然羊肉片,0,未修改
1987,宫爆鸡丁,宫爆鸡丁,0,未修改
2002,广式豆豉蒸排骨,广式豆豉蒸排骨,0,未修改
2003,蟹黄豆腐羹,蟹黄豆腐羹,0,未修改
2005,盐水河虾,盐水河虾,0,未修改
2010,鸡胸肉🐔豌豆🥕胡萝卜丁,鸡胸肉豌豆胡萝卜丁,1,删除装饰符号
2011,白灼西兰花🥦,白灼西兰花,1,删除装饰符号
2023,番茄海鲜汤泡饭,番茄海鲜汤泡饭,0,未修改
2024,水煮牛肉,水煮牛肉,0,未修改
2029,东坡肉,东坡肉,0,未修改
2042,肉末粉丝娃娃菜,肉末粉丝娃娃菜,0,未修改
2044,猪肉酸菜馅儿饺子,猪肉酸菜馅儿饺子,0,未修改
2045,拿肉也不换之素炒香菇,拿肉也不换之素炒香菇,0,未修改
2085,炒空心菜,炒空心菜,0,未修改
2139,«昨日的美食»三文鱼焖饭常见食材复刻,«昨日的美食»三文鱼焖饭常见食材复刻,0,未修改
2147,乾隆白菜,乾隆白菜,0,未修改
2185,凉拌菠菜,凉拌菠菜,0,未修改
2195,凉拌萝卜丝,凉拌萝卜丝,0,未修改
2203,烧烤拼盘-豆角，鱼丸，冻豆腐，馒头片,烧烤拼盘-豆角,1,删除宣传后句
2205,🐙章鱼足家常炒面，一整条大章鱼足！,章鱼足家常炒面,1,删除宣传后句；删除装饰符号
2248,减脂美味—洋葱牛肉炒金针菇,洋葱牛肉炒金针菇,1,删除营销定语
2253,咸肉末蒸蛋,咸肉末蒸蛋,0,未修改
2330,【酸萝卜老鸭汤】酸汤就是爽口,酸萝卜老鸭汤 酸汤就是爽口,1,展开标题方括号
2335,软嫩鲜香豆腐,软嫩鲜香豆腐,0,未修改
2355,家常炒红苋菜做法,家常炒红苋菜做法,0,未修改
2364,海南鸡饭,海南鸡饭,0,未修改
2366,炒土豆丝（辣）,炒土豆丝,1,删除括号说明
2389,白萝卜羊肉汤,白萝卜羊肉汤,0,未修改
2399,黄瓜炒火腿,黄瓜炒火腿,0,未修改
2407,玉米胡萝卜羊骨汤,玉米胡萝卜羊骨汤,0,未修改
2417,迷迭香美食| 地三鲜,迷迭香美食| 地三鲜,0,未修改
2418,健康芦笋炒牛肉,芦笋炒牛肉,1,删除营销定语
2426,家常豆角土豆,家常豆角土豆,0,未修改
2428,亮仔白灼虾,亮仔白灼虾,0,未修改
2434,蒸排骨（懒人做法）,蒸排骨,1,删除括号说明
2435,肉末扁豆,肉末扁豆,0,未修改
2454,黄金玉米烙,黄金玉米烙,0,未修改
2461,青椒洋葱炒牛肉,青椒洋葱炒牛肉,0,未修改
2491,两人餐红烧鸡块,两人餐红烧鸡块,0,未修改
2492,开胃洋葱炒鸭珍,开胃洋葱炒鸭珍,0,未修改
2539,姜葱爆鸭丝,姜葱爆鸭丝,0,未修改
2540,吃出炒鸡味道的肉沫粉条,吃出炒鸡味道的肉沫粉条,0,未修改
2543,豉油清蒸鱼 清蒸鲈鱼,豉油清蒸鱼 清蒸鲈鱼,0,未修改
2548,三色虾仁,三色虾仁,0,未修改
2552,成不成靠运气做土豆🥔,成不成靠运气做土豆,1,删除装饰符号
2560,辣椒炒牛肉🐮鸡蛋干🐔,辣椒炒牛肉鸡蛋干,1,删除装饰符号
2578,清蒸鲫鱼,清蒸鲫鱼,0,未修改
2617,广式蒸排骨,广式蒸排骨,0,未修改
2633,胡萝卜炒牛肉丸 霹雳乱炒，碰撞美味 简单随心做,胡萝卜炒牛肉丸 霹雳乱炒,1,删除宣传后句
2644,百分百成功的超美味红烧桂鱼,百分百成功的超美味红烧桂鱼,0,未修改
2665,做着方便吃着顺口的黑椒金蒜牛肉粒,做着方便吃着顺口的黑椒金蒜牛肉粒,0,未修改
2674,零失敗的電飯煲煮台式高麗菜飯,零失敗的電飯煲煮台式高麗菜飯,0,未修改
2681,豆瓣鲫鱼,豆瓣鲫鱼,0,未修改
2752,荷兰豆炒香肠（保持清脆碧绿的小秘密）,荷兰豆炒香肠,1,删除括号说明
2755,毛豆炒仔鸡,毛豆炒仔鸡,0,未修改
2762,姜丝热黄酒-2018年夜饭【曼食慢语】,姜丝热黄酒-2018年夜饭【曼食慢语】,0,未修改
2779,红烧肉卤蛋,红烧肉卤蛋,0,未修改
2795,家常酸菜鱼,家常酸菜鱼,0,未修改
2815,【正宗鲁菜】终极米饭杀手黄焖鸡,正宗鲁菜 终极米饭杀手黄焖鸡,1,展开标题方括号
2859,「鲜虾豆腐汤」,「鲜虾豆腐汤」,0,未修改
2860,家常什锦豆腐,家常什锦豆腐,0,未修改
2897,【南风私房菜】快手葱烤肉,南风私房菜 快手葱烤肉,1,展开标题方括号
2919,上班族带什么上班吃呢？超级方便的红烧冬瓜,上班族带什么上班吃呢？超级方便的红烧冬瓜,0,未修改
2948,『凡岁』农家小炒肉(牛肉版),『凡岁』农家小炒肉,1,删除括号说明
2978,爆炒牛肉,爆炒牛肉,0,未修改
2984,赛螃蟹,赛螃蟹,0,未修改
3011,干锅有机花菜（快手）,干锅有机花菜,1,删除括号说明
3025,番茄巴沙鱼,番茄巴沙鱼,0,未修改
3034,糟卤蒸鱼,糟卤蒸鱼,0,未修改
3036,一次就上瘾的麻酱拌面麻酱凉面根本停不下来,一次就上瘾的麻酱拌面麻酱凉面根本停不下来,0,未修改
3064,「醋溜娃娃菜」爽口开胃，家常快手菜,「醋溜娃娃菜」爽口开胃,1,删除宣传后句
3071,菜脯肉碎虾松蒸豆腐,菜脯肉碎虾松蒸豆腐,0,未修改
3081,蒜蓉茼蒿,蒜蓉茼蒿,0,未修改
3095,红烧鸡腿,红烧鸡腿,0,未修改
3138,面拖蟹,面拖蟹,0,未修改
3210,南乳炒豆角,南乳炒豆角,0,未修改
3212,墨鱼笋丝土鸡汤,墨鱼笋丝土鸡汤,0,未修改
3218,青椒西红柿炒鸡蛋,青椒西红柿炒鸡蛋,0,未修改
3257,香椿炒鸡蛋,香椿炒鸡蛋,0,未修改
3258,家常版黄焖鸡,黄焖鸡,1,删除场景定语
3273,莴笋烧圆子,莴笋烧圆子,0,未修改
3337,酸豆角炒鸡杂,酸豆角炒鸡杂,0,未修改
3371,荷包蛋煎豆腐（这样做最下饭）,荷包蛋煎豆腐,1,删除括号说明
3378,超快手家常-豇豆炒肉,家常-豇豆炒肉,1,删除营销定语
3383,豆角胡萝卜炒鸡胸肉,豆角胡萝卜炒鸡胸肉,0,未修改
3468,酸菜鱼火锅,酸菜鱼火锅,0,未修改
3516,土豆香菇炖鸡,土豆香菇炖鸡,0,未修改
3521,蒸菜，无油版下饭菜—香菇酿肉,蒸菜,1,删除宣传后句
3560,酸汤肥牛（初学者）,酸汤肥牛,1,删除括号说明
3579,牛骨汤(懒人版),牛骨汤,1,删除括号说明
3585,“无油”版 | 烧茄子（借鉴-美食家大雄）,版 | 烧茄子,1,删除括号说明；删除营销定语
3609,西芹炒牛肉,西芹炒牛肉,0,未修改
3633,咸蛋黄鸡翅,咸蛋黄鸡翅,0,未修改
3645,豇豆焖饭（伊莱特能量土锅）,豇豆焖饭,1,删除括号说明
3649,炒薯粉,炒薯粉,0,未修改
3653,剁椒芋艿,剁椒芋艿,0,未修改
3684,【湘菜】经典凉拌萝卜皮,湘菜 经典凉拌萝卜皮,1,展开标题方括号
3702,象拔蚌胆粥（伊莱特能量土锅）,象拔蚌胆粥,1,删除括号说明
3733,香蕉苦瓜（减肥）,香蕉苦瓜,1,删除括号说明
3750,超级简单快手的清炒胡萝卜青豆甜玉米,清炒胡萝卜青豆甜玉米,1,删除营销定语
3757,莴笋炒腊肉,莴笋炒腊肉,0,未修改
3761,青椒洋葱炒土豆,青椒洋葱炒土豆,0,未修改
3771,凉拌黄瓜鸡蛋,凉拌黄瓜鸡蛋,0,未修改
3782,青蒜炒肉,青蒜炒肉,0,未修改
3786,✨蚝油上海青💚要多吃蔬菜哦～,蚝油上海青要多吃蔬菜哦,1,删除装饰符号
3789,［记录］豆角焖面 蒸卤面 蒸面条（挂面版本）方便一锅出,［记录］豆角焖面 蒸卤面 蒸面条方便一锅出,1,删除括号说明
3800,蒜蓉粉丝茄子,蒜蓉粉丝茄子,0,未修改
3811,南乳藕片,南乳藕片,0,未修改
3856,番茄炖牛腩（电压力锅一锅乱炖版）,番茄炖牛腩,1,删除括号说明
3877,金菇五花腩,金菇五花腩,0,未修改
3891,补血炒鸭血,补血炒鸭血,0,未修改
3922,牛肉丸北非蛋,牛肉丸北非蛋,0,未修改
3952,五分钟营养小口蘑炒鸡蛋，适合小孩，大人也绝对爱吃,五分钟营养小口蘑炒鸡蛋,1,删除宣传后句
4032,花甲粉丝,花甲粉丝,0,未修改
4052,《中餐厅4》—酸奶小丸子,中餐厅4—酸奶小丸子,1,未修改
4062,蒜蓉鲍鱼,蒜蓉鲍鱼,0,未修改
4069,椒麻鱼（家常版）,椒麻鱼,1,删除括号说明
4070,炒三丁，超强下饭菜,炒三丁,1,删除宣传后句
4087,青菜炒尤鱼,青菜炒尤鱼,0,未修改
4107,白菜炒粉条,白菜炒粉条,0,未修改
4150,香辣凉拌皮蛋，巨下饭的家常菜,香辣凉拌皮蛋,1,删除宣传后句
4154,红烧鸡块,红烧鸡块,0,未修改
4185,山药炒肉片,山药炒肉片,0,未修改
4190,大蒜鸡蛋牛油果夹馒头,大蒜鸡蛋牛油果夹馒头,0,未修改
4223,鲜嫩爽滑的【菌菇丝瓜蛋羹汤】,鲜嫩爽滑的【菌菇丝瓜蛋羹汤】,0,未修改
4227,快手拌秋葵茄子,拌秋葵茄子,1,删除营销定语
4246,笋干腊肉,笋干腊肉,0,未修改
4284,蒸多宝鱼，简单好吃好做的家常菜，除泥腥味的好办法,蒸多宝鱼,1,删除宣传后句
4316,风琴土豆—🥔最好吃的土豆做法没有之一,风琴土豆—最好吃的土豆做法没有之一,1,删除装饰符号
4322,照烧鸡腿饭,照烧鸡腿饭,0,未修改
4327,蒜苗炒游鱼,蒜苗炒游鱼,0,未修改
4368,清炒丝瓜,清炒丝瓜,0,未修改
4374,家常青蛙/泡椒仔娃,家常青蛙/泡椒仔娃,0,未修改
4384,【孕妇食谱】红薯疙瘩汤，营养美味易消化，连吃三天不会腻！,红薯疙瘩汤,1,删除开头标签；删除宣传后句
4390,"爱心盒饭便当3
白米饭+红烧鸡翅+蚝油圆生菜",爱心盒饭便当3 白米饭+红烧鸡翅+蚝油圆生菜,1,未修改
4391,蒜苗爆炒牛肉丝,蒜苗爆炒牛肉丝,0,未修改
4400,芥蓝菜腊肉,芥蓝菜腊肉,0,未修改
4430,不会做红烧鱼的妈妈不是好老婆,不会做红烧鱼的妈妈不是好老婆,0,未修改
4450,养生鸡汤虫草花之西洋参,养生鸡汤虫草花之西洋参,0,未修改
4457,鸡蛋炒肉,鸡蛋炒肉,0,未修改
4489,简单好吃下饭菜—梅菜扣肉,菜—梅菜扣肉,1,删除营销定语
4537,暖胃爽滑的番茄虾滑,暖胃爽滑的番茄虾滑,0,未修改
4569,茶树菇玉米排骨汤,茶树菇玉米排骨汤,0,未修改
4602,椒丝洋葱炒肉片,椒丝洋葱炒肉片,0,未修改
4620,干锅花菜,干锅花菜,0,未修改
4631,快手韩式辣萝卜丝,韩式辣萝卜丝,1,删除营销定语
4644,红酒焖口条,红酒焖口条,0,未修改
4655,糖醋藕片,糖醋藕片,0,未修改
4683,【汐汐家常】简单快手·素炒面,素炒面,1,删除开头标签；删除营销定语
4707,东南亚口味 南瓜特调酱汁拌意大利面,东南亚口味 南瓜特调酱汁拌意大利面,0,未修改
4720,🔥 烤箱版de蒜蓉&芝士焗生蚝🦪‼️简单味浓‼️,烤箱版de蒜蓉&芝士焗生蚝‼️简单味浓‼️,1,删除装饰符号
4750,解锁夜宵店之爆炒花甲（超香辣）,解锁夜宵店之爆炒花甲,1,删除括号说明
4758,少油绝味手撕包菜,绝味手撕包菜,1,删除营销定语
4766,韭菜花炒鱿鱼须,韭菜花炒鱿鱼须,0,未修改
4777,竹荪上汤娃娃菜,竹荪上汤娃娃菜,0,未修改
4806,鲫鱼豆腐汤，好喝又好看😊,鲫鱼豆腐汤,1,删除宣传后句
4821,米酒豆豉蒸鲻鱼（一步菜、智能无油烟版）,米酒豆豉蒸鲻鱼,1,删除括号说明
4851,斋菜这样煮也好吃“花生金瓜杏鲍菇一家亲”,斋菜这样煮也好吃花生金瓜杏鲍菇一家亲,1,未修改
4901,青椒杏鲍菇,青椒杏鲍菇,0,未修改
4906,白菜炒平菇,白菜炒平菇,0,未修改
4915,鸡胸肉炒芦笋,鸡胸肉炒芦笋,0,未修改
4958,自制酒酿,酒酿,1,删除营销定语
4975,土豆红萝卜炖牛肉,土豆红萝卜炖牛肉,0,未修改
5018,不加油的豆豉剁椒蒸排骨,不加油的豆豉剁椒蒸排骨,0,未修改
5047,水煮鱼片,水煮鱼片,0,未修改
5056,香辣黄豆焖猪脚,香辣黄豆焖猪脚,0,未修改
5117,【家常菜】上海红烧大排,上海红烧大排,1,删除开头标签
5123,蒜蓉粉丝蒸丝瓜,蒜蓉粉丝蒸丝瓜,0,未修改
5128,电饭煲菜饭,电饭煲菜饭,0,未修改
5146,清炒双菇,清炒双菇,0,未修改
5147,羊肉包子,羊肉包子,0,未修改
5217,超级简单的什锦炒饭,什锦炒饭,1,删除营销定语
5245,简易版—孜然火腿炒馒头粒儿,简易版—孜然火腿炒馒头粒儿,0,未修改
5272,葱菇焖豆腐,葱菇焖豆腐,0,未修改
5296,五彩酱汁肉丁,五彩酱汁肉丁,0,未修改
5317,鸡蛋包豆腐,鸡蛋包豆腐,0,未修改
5343,蒜蓉空心菜,蒜蓉空心菜,0,未修改
5356,超下饭的香菇肉沫豆腐,香菇肉沫豆腐,1,删除营销定语
5375,红膏蟹糊,红膏蟹糊,0,未修改
5418,大鱼头豆腐汤,大鱼头豆腐汤,0,未修改
5432,35分钟快手一锅三菜 火腿鸡汁娃娃菜 手撕鸡 糯米虾球（厨房小白也可以轻松驾驭 玛捷斯版）,35分钟快手一锅三菜 火腿鸡汁娃娃菜 手撕鸡 糯米虾球,1,删除括号说明
5434,孜然羊肉,孜然羊肉,0,未修改
5438,虾仁蒸鹅蛋,虾仁蒸鹅蛋,0,未修改
5490,冬季里，来一盘热辣的蒜薹泡椒炒鸡胗吧！,冬季里,1,删除宣传后句
5554,竹荪椰子鸡汤,竹荪椰子鸡汤,0,未修改
5569,凉拌木耳,凉拌木耳,0,未修改
5602,【卷心菜洋葱炒蛋意面】营养均衡的一人食,卷心菜洋葱炒蛋意面 营养均衡的一人食,1,展开标题方括号
5607,减肥美味又快手#金针菇日本豆腐#,减肥美味又快手,1,删除话题说明
5608,香芹胡萝卜炒羊肉,香芹胡萝卜炒羊肉,0,未修改
5627,辣椒小炒肉 简单美味,辣椒小炒肉 简单美味,0,未修改
5631,蚕豆炒夜开花,蚕豆炒夜开花,0,未修改
5651,寝室版番茄豆腐汤,寝室版番茄豆腐汤,0,未修改
5663,家常酸辣土豆丝,家常酸辣土豆丝,0,未修改
5702,厨房小白都能完美做出的红烧排骨,厨房小白都能完美做出的红烧排骨,0,未修改
5709,自制酸豆角 长豆(超下饭 制作简单,酸豆角 长豆(超下饭 制作简单,1,删除营销定语
5711,松仁玉米（不加糖也甜）,松仁玉米,1,删除括号说明
5748,家常熏鲅鱼，特色东北菜，鲜甜劲道，保存时间长,家常熏鲅鱼,1,删除宣传后句
5789,减脂第四餐！鸡胸肉新吃法,第四餐,1,删除营销定语；删除宣传后句
5811,荷塘月色小炒,荷塘月色小炒,0,未修改
5821,湖南版红烧肉（超级超级好吃不腻）,湖南版红烧肉,1,删除括号说明
5823,鱼香肉丝,鱼香肉丝,0,未修改
5824,家庭版番茄炒鸡蛋,番茄炒鸡蛋,1,删除场景定语
5827,客家粉尘鸭(薄荷)鸭,客家粉尘鸭鸭,1,删除括号说明
5828,入门版，傻瓜版，超简单，超下饭的——青椒洋葱炒蛋,入门版,1,删除宣传后句
5849,极妙厨房丨下饭王者青椒肉丝,极妙厨房丨下饭王者青椒肉丝,0,未修改
5920,蚝仔煎蛋,蚝仔煎蛋,0,未修改
5927,正宗四川蒜苗回锅肉,正宗四川蒜苗回锅肉,0,未修改
5945,清炒芥蓝,清炒芥蓝,0,未修改
5974,特好吃没颜值的醋溜土豆丝,特好吃没颜值的醋溜土豆丝,0,未修改
6008,粉丝包菜,粉丝包菜,0,未修改
6053,椒香肉末扁豆丝,椒香肉末扁豆丝,0,未修改
6141,辣到爆的水煮肥肠,辣到爆的水煮肥肠,0,未修改
6168,矜宸•清炒米苋,矜宸•清炒米苋,0,未修改
6204,酸菜炖粉条,酸菜炖粉条,0,未修改
6206,酱爆鱿鱼,酱爆鱿鱼,0,未修改
6218,闽南风味酸汤鲈鱼片,闽南风味酸汤鲈鱼片,0,未修改
6228,番茄土豆洋葱炖牛腩,番茄土豆洋葱炖牛腩,0,未修改
6231,泡椒沸腾虾,泡椒沸腾虾,0,未修改
6236,家常素菜：番茄炖豆腐,家常素菜：番茄炖豆腐,0,未修改
6243,羊肉汤,羊肉汤,0,未修改
6273,小油菜素炒豆皮,小油菜素炒豆皮,0,未修改
6284,超下饭的地三鲜,地三鲜,1,删除营销定语
6307,快手清炒佛手瓜,清炒佛手瓜,1,删除营销定语
6309,"""番茄炒蛋""改良版","""番茄炒蛋""改良版",0,未修改
6310,红烧仔排,红烧仔排,0,未修改
6332,㊙️营养丰富‼️小米海参粥‼️老少皆宜‼️,㊙️营养丰富‼️小米海参粥‼️老少皆宜‼️,0,未修改
6372,土豆片炒肉,土豆片炒肉,0,未修改
6390,不一样的槐花炒鸡蛋 素食,不一样的槐花炒鸡蛋 素食,0,未修改
6411,五仁月饼,五仁月饼,0,未修改
6416,培根炒洋葱,培根炒洋葱,0,未修改
6424,简单到你家8岁娃娃都会做的【红烧肉】不用一滴油！！！可以做宴客菜！,到你家8岁娃娃都会做的【红烧肉】不用一滴油,1,删除营销定语；删除宣传后句
6468,爽口的鲫鱼豆腐汤,爽口的鲫鱼豆腐汤,0,未修改
6490,凉拌圆白菜—万用减脂调料汁,凉拌圆白菜—万用减脂调料汁,0,未修改
6520,凉拌豆芽菜快手家常开胃小菜,凉拌豆芽菜快手家常开胃小菜,0,未修改
6529,懒人海风啤酒鸡,海风啤酒鸡,1,删除营销定语
6532,乱烤芭蕉派，好吃！,乱烤芭蕉派,1,删除宣传后句
6535,蒜蓉粉丝虾仁,蒜蓉粉丝虾仁,0,未修改
6591,家常泡菜鱼,家常泡菜鱼,0,未修改
6687,章鱼小炒面🐙,章鱼小炒面,1,删除装饰符号
6698,鸡腿菇炒叉烧 （家常菜),鸡腿菇炒叉烧 （家常菜),0,未修改
6699,土豆炖茄子,土豆炖茄子,0,未修改
6721,快手海底捞海鲜番茄香锅,海底捞海鲜番茄香锅,1,删除营销定语
6751,最适合秋天的莲藕肉丸  全家都喜欢,最适合秋天的莲藕肉丸 全家都喜欢,1,未修改
6811,嫩姜炒肉,嫩姜炒肉,0,未修改
6818,【翻译】牛肉盖饭（牛丼）How to Make Gyudon (Beef Bowl Recipe) | Cooking with Dog,翻译 牛肉盖饭How to Make Gyudon | Cooking with Dog,1,展开标题方括号；删除括号说明
6820,土豆胡萝卜炒鸡丁,土豆胡萝卜炒鸡丁,0,未修改
6851,十三香木耳炒鸡,十三香木耳炒鸡,0,未修改
6858,@Corentin广坦主厨的新式皮蛋豆腐,@Corentin广坦主厨的新式皮蛋豆腐,0,未修改
6859,红烧鲫鱼新做法,红烧鲫鱼新做法,0,未修改
6876,潮州古法蒸鲳鱼,潮州古法蒸鲳鱼,0,未修改
6897,红烧猪手,红烧猪手,0,未修改
6915,烟熏三文鱼牛油果饭,烟熏三文鱼牛油果饭,0,未修改
6921,土豆闷猪肉【南乳】,土豆闷猪肉【南乳】,0,未修改
6929,青菜菜谱6⃣️-白灼芥蓝（简易版）,青菜菜谱6⃣️-白灼芥蓝,1,删除括号说明
6974,电饭煲煮鸡胸肉留学料理,电饭煲煮鸡胸肉留学料理,0,未修改
6982,蘑菇菠菜炒肉丝,蘑菇菠菜炒肉丝,0,未修改
6996,羊肉小炒,羊肉小炒,0,未修改
7009,蚝油冬瓜-现在猪肉那么贵，不如来块冬瓜补一补！,蚝油冬瓜-现在猪肉那么贵,1,删除宣传后句
7022,懒人版鱼香肉丝,版鱼香肉丝,1,删除营销定语
7030,鲶鱼炖茄子不用煎鱼好吃到爆🐠系列3,鲶鱼炖茄子不用煎鱼好吃到爆系列3,1,删除装饰符号
7034,一招鲜酸辣白菜,一招鲜酸辣白菜,0,未修改
7087,爆炒甘蓝,爆炒甘蓝,0,未修改
7102,蒜味杏鲍菇,蒜味杏鲍菇,0,未修改
7139,超下饭的炝拌黄瓜,炝拌黄瓜,1,删除营销定语
7145,粉葛红焖排骨,粉葛红焖排骨,0,未修改
7153,香焖红杉鱼～超下饭做法,香焖红杉鱼～超下饭做法,0,未修改
7173,东北尖椒干豆腐（家常版）,东北尖椒干豆腐,1,删除括号说明
7175,电饭锅酱油鸡,电饭锅酱油鸡,0,未修改
7212,青椒炒猪肝,青椒炒猪肝,0,未修改
7229,金针菇培根卷,金针菇培根卷,0,未修改
7235,黄油土豆条,黄油土豆条,0,未修改
7258,紫苏焗鸡排,紫苏焗鸡排,0,未修改
7284,腐竹焖鱼,腐竹焖鱼,0,未修改
7288,鲜嫩滑溜的紫苏蒜蓉生蚝,鲜嫩滑溜的紫苏蒜蓉生蚝,0,未修改
7292,简易蒸排骨,简易蒸排骨,0,未修改
7304,青椒炒茄丝,青椒炒茄丝,0,未修改
7315,啤酒卤蛋,啤酒卤蛋,0,未修改
7335,黄瓜火腿炒鸡蛋,黄瓜火腿炒鸡蛋,0,未修改
7351,烤羊腿,烤羊腿,0,未修改
7364,酸菜炒肉末,酸菜炒肉末,0,未修改
7368,手撕杏鲍菇炒黄瓜丝,手撕杏鲍菇炒黄瓜丝,0,未修改
7382,好吃减肥的魔芋烧豆腐,减肥的魔芋烧豆腐,1,删除营销定语
7415,懒人开胃菜茄子番茄炒青椒,开胃菜茄子番茄炒青椒,1,删除营销定语
7434,红烧鱼,红烧鱼,0,未修改
7441,腊肠排骨蒸饭,腊肠排骨蒸饭,0,未修改
7471,㊙️少油健康又营养‼️凉拌小鱿鱼‼️脆辣爽口,㊙️少油健康又营养‼️凉拌小鱿鱼‼️脆辣爽口,0,未修改
7475,奶奶的家常红烧鱼,奶奶的家常红烧鱼,0,未修改
7492,柠檬酸辣手撕鸡,柠檬酸辣手撕鸡,0,未修改
7507,青瓜炒蛋,青瓜炒蛋,0,未修改
7514,时蔬炒魔芋,时蔬炒魔芋,0,未修改
7586,油菜豆腐虾仁西红柿西葫芦白菇汤🥘,油菜豆腐虾仁西红柿西葫芦白菇汤,1,删除装饰符号
7611,火🔥烧辣椒🌶️~酸辣口味，下饭必备,火烧辣椒️~酸辣口味,1,删除宣传后句；删除装饰符号
7714,夏日消暑酱油圆子冬瓜汤,夏日消暑酱油圆子冬瓜汤,0,未修改
7723,黄瓜鱼丸汤,黄瓜鱼丸汤,0,未修改
7730,喜欢吃汤粉，不会做高汤一个小技巧快速做出美味浓汤,喜欢吃汤粉,1,删除宣传后句
7779,XO酱爆带子,XO酱爆带子,0,未修改
7787,胡椒西红柿西兰花炒鸡蛋,胡椒西红柿西兰花炒鸡蛋,0,未修改
7790,超级下饭菜--金针菇日本豆腐,菜--金针菇日本豆腐,1,删除营销定语
7792,红烧兔肉,红烧兔肉,0,未修改
7794,Vegan全素少油家常红烧茄子,Vegan全素少油家常红烧茄子,0,未修改
7813,家常菜——清炒山药,清炒山药,1,删除分类前缀
7818,花菜炒西红柿,花菜炒西红柿,0,未修改
7827,虫草花水果鸡汤,虫草花水果鸡汤,0,未修改
7832,胡萝卜炒粉条,胡萝卜炒粉条,0,未修改
7837,上班族午餐-番茄滑蛋玉子豆腐+辣椒炒肉,上班族午餐-番茄滑蛋玉子豆腐+辣椒炒肉,0,未修改
7844,鲜美的平茹牛肉,鲜美的平茹牛肉,0,未修改
7848,下饭神器——西红柿茄子包菜煲,神器——西红柿茄子包菜煲,1,删除营销定语
7850,肉碎豉椒炒豇豆,肉碎豉椒炒豇豆,0,未修改
7861,夏季爽口蒜茄子,夏季爽口蒜茄子,0,未修改
7876,🔥吃不胖❗️蒜蓉粉丝娃娃菜❗️十分钟快 手,吃不胖️蒜蓉粉丝娃娃菜️十分钟快 手,1,删除装饰符号
7877,家常清炒丝瓜,家常清炒丝瓜,0,未修改
7879,菠菜炒鸡蛋,菠菜炒鸡蛋,0,未修改
7892,米饭杀手-超简葱爆肉,米饭杀手-超简葱爆肉,0,未修改
7901,无比正宗の『新疆椒麻鸡』,无比正宗の『新疆椒麻鸡』,0,未修改
7909,低脂减肥餐！酸甜开胃的番茄金针菇鸡蛋汤！,减肥餐,1,删除营销定语；删除宣传后句
7910,虎皮鹌鹑蛋红烧肉,虎皮鹌鹑蛋红烧肉,0,未修改
7925,瓜片洋葱炒蛋,瓜片洋葱炒蛋,0,未修改
7943,简单健康菜-土豆炒鸡腿肉,菜-土豆炒鸡腿肉,1,删除营销定语
7959,辣椒炒娃娃菜,辣椒炒娃娃菜,0,未修改
7982,菠菜炒牛肉,菠菜炒牛肉,0,未修改
8005,红烧石斑鱼,红烧石斑鱼,0,未修改
8012,酱油蛋炒饭,酱油蛋炒饭,0,未修改
8053,青椒韭黄炒蛋,青椒韭黄炒蛋,0,未修改
8110,莲藕眉豆花生汤,莲藕眉豆花生汤,0,未修改
8125,白灼菜心（控卡餐）,白灼菜心,1,删除括号说明
8131,洋葱爆肉片🤗,洋葱爆肉片,1,删除装饰符号
8141,碗仔梅菜扣肉,碗仔梅菜扣肉,0,未修改
8169,酸汤肥牛金针菇,酸汤肥牛金针菇,0,未修改
8174,木耳炒鸡蛋,木耳炒鸡蛋,0,未修改
8179,韭菜炒鸡蛋,韭菜炒鸡蛋,0,未修改
8193,番茄鸡肉丸子,番茄鸡肉丸子,0,未修改
8197,1块豆腐+2只鸡蛋=美味,1块豆腐+2只鸡蛋=美味,0,未修改
8287,鸡胸肉逆袭 鸡肉丸子,鸡胸肉逆袭 鸡肉丸子,0,未修改
8311,东北饭包🍚,东北饭包,1,删除装饰符号
8322,虾丸,虾丸,0,未修改
8338,青椒皮蛋-小时候的味道,青椒皮蛋-小时候的味道,0,未修改
8348,花甲粉丝煲,花甲粉丝煲,0,未修改
8369,肉片平菇蛋花汤,肉片平菇蛋花汤,0,未修改
8376,苦瓜菜干汤,苦瓜菜干汤,0,未修改
8406,酸菜炒粉条,酸菜炒粉条,0,未修改
8408,香菇鸡块,香菇鸡块,0,未修改
8420,简单少油咸蛋黄南瓜,咸蛋黄南瓜,1,删除营销定语
8445,并没有那么难的水煮肥牛,并没有那么难的水煮肥牛,0,未修改
8465,小炒五花肉｜香到隔壁帅哥敲门让我对他负责,小炒五花肉｜香到隔壁帅哥敲门让我对他负责,0,未修改
8469,快手焖皖鱼,焖皖鱼,1,删除营销定语
8487,茶树菇炒肉,茶树菇炒肉,0,未修改
8506,清新柠檬 | 腐皮鱼腩,清新柠檬 | 腐皮鱼腩,0,未修改
8513,香拌芹菜,香拌芹菜,0,未修改
8541,咖喱饭,咖喱饭,0,未修改
8561,孜然土豆,孜然土豆,0,未修改
8585,【妈妈的菜】雪里蕻黄豆小毛鱼冻,妈妈的菜 雪里蕻黄豆小毛鱼冻,1,展开标题方括号
8664,清香的观音菜鸡蛋汤,清香的观音菜鸡蛋汤,0,未修改
8710,清炒小青瓜（快手菜）,清炒小青瓜,1,删除括号说明
8780,彩色蔬菜汇,彩色蔬菜汇,0,未修改
8809,菠萝咕咾肉,菠萝咕咾肉,0,未修改
8842,泡椒藕条,泡椒藕条,0,未修改
8868,土豆丝炒肉,土豆丝炒肉,0,未修改
8896,豆腐鸡蛋丼（蛋素）,豆腐鸡蛋丼,1,删除括号说明
8913,丝瓜鸡蛋饼丨一早上吃好几张、越吃越上瘾。,丝瓜鸡蛋饼丨一早上吃好几张、越吃越上瘾,1,删除宣传后句
8948,家常炒土豆丝,家常炒土豆丝,0,未修改
8966,5分钟做道下饭菜-蒜薹炒鸡蛋,5分钟做道下饭菜-蒜薹炒鸡蛋,0,未修改
8981,虎皮青椒,虎皮青椒,0,未修改
8998,超级简单的麻油鸭,麻油鸭,1,删除营销定语
8999,瘦身食谱：清炒白菜,瘦身食谱：清炒白菜,0,未修改
9005,冬瓜酿肉  宝宝辅食营养食谱菜谱,冬瓜酿肉 宝宝辅食营养食谱菜谱,1,未修改
9049,快手超嫩牛肉滑汤,嫩牛肉滑汤,1,删除营销定语
9053,清炒绿番茄,清炒绿番茄,0,未修改
9055,凉拌土豆丝、胡萝卜丝(简易版),凉拌土豆丝、胡萝卜丝,1,删除括号说明
9075,好吃不胖的干锅孜然花菜,不胖的干锅孜然花菜,1,删除营销定语
9119,芦笋炒腊肠，10分钟上桌。,芦笋炒腊肠,1,删除宣传后句
9136,鸡肉炒尖椒,鸡肉炒尖椒,0,未修改
9140,香菇青菜~ 请大神们原谅我的家常,香菇青菜~ 请大神们原谅我的家常,0,未修改
9151,快手下饭的爆炒猪肠,爆炒猪肠,1,删除营销定语
9173,青椒鳝丝-青椒炒鳝丝,青椒鳝丝-青椒炒鳝丝,0,未修改
9178,炝炒黄瓜条,炝炒黄瓜条,0,未修改
9180,酸辣土豆丝,酸辣土豆丝,0,未修改
9183,清炒藕片,清炒藕片,0,未修改
9207,鸡肉蘑菇炖宽粉Stewed Chicken with Glass Noodles,鸡肉蘑菇炖宽粉Stewed Chicken with Glass Noodles,0,未修改
9215,牛肉土豆炖豆角,牛肉土豆炖豆角,0,未修改
9229,鸡胸肉炒西葫芦炒蘑菇炒甜椒,鸡胸肉炒西葫芦炒蘑菇炒甜椒,0,未修改
9230,红烧蘑菇,红烧蘑菇,0,未修改
9272,香芹土豆丝,香芹土豆丝,0,未修改
9286,向大师致敬的北派蒜蓉时蔬（以小白菜为例）,向大师致敬的北派蒜蓉时蔬,1,删除括号说明
9287,五分钟快手菜 蒜蓉蒸金针菇,五分钟快手菜 蒜蓉蒸金针菇,0,未修改
9352,西红柿蛋汤,西红柿蛋汤,0,未修改
9356,松茸炒青椒,松茸炒青椒,0,未修改
9372,不放豆瓣酱的蚂蚁上树,不放豆瓣酱的蚂蚁上树,0,未修改
9414,私房牛腩番茄土豆汤,私房牛腩番茄土豆汤,0,未修改
9416,咖喱鸡肉炖土豆,咖喱鸡肉炖土豆,0,未修改
9446,不加辣的肉末茄子🍆,不加辣的肉末茄子,1,删除装饰符号
9467,番茄龙利鱼,番茄龙利鱼,0,未修改
9471,西红柿炒鸡蛋,西红柿炒鸡蛋,0,未修改
9514,健康低卡——超简单的锡纸金针菇【松下蒸烤箱JK102W】,低卡——超简单的锡纸金针菇【松下蒸烤箱JK102W】,1,删除营销定语
9515,快手嫩滑水煮鱼（巴沙鱼版）,嫩滑水煮鱼,1,删除括号说明；删除营销定语
9542,香菇青菜,香菇青菜,0,未修改
9550,番茄炖牛腩,番茄炖牛腩,0,未修改
9554,肉酿茄子（茄夹）,肉酿茄子,1,删除括号说明
9557,剁椒鲫鱼,剁椒鲫鱼,0,未修改
9561,鸡爪炖土豆,鸡爪炖土豆,0,未修改
9594,油焖笋,油焖笋,0,未修改
9622,菠萝蜜餐肉蛋炒饭,菠萝蜜餐肉蛋炒饭,0,未修改
9643,上汤豆苗,上汤豆苗,0,未修改
9651,牙签牛肉（巨香巨好吃超简单）,牙签牛肉,1,删除括号说明
9698,牛肉粉丝煲,牛肉粉丝煲,0,未修改
9717,鲫鱼汤（小鲫炖平菇）,鲫鱼汤,1,删除括号说明
9742,花甲粉丝煲,花甲粉丝煲,0,未修改
9753,西红柿土豆汤,西红柿土豆汤,0,未修改
9798,木须小白菜,木须小白菜,0,未修改
9842,家常红烧豆腐,家常红烧豆腐,0,未修改
9854,芡实山药排骨汤 益肾补脾,芡实山药排骨汤 益肾补脾,0,未修改
9875,五花肉炖土豆辣白菜,五花肉炖土豆辣白菜,0,未修改
9893,简易版猪肉炖粉条,简易版猪肉炖粉条,0,未修改
9937,干豆角、干豇豆,干豆角、干豇豆,0,未修改
9972,红酒烩牛肉,红酒烩牛肉,0,未修改
9982,清炒虾仁,清炒虾仁,0,未修改
10104,酿豆腐,酿豆腐,0,未修改
10107,花甲粉丝汤（不用锡纸）,花甲粉丝汤,1,删除括号说明
10148,爆炒鸡胗,爆炒鸡胗,0,未修改
10154,新手炸酱面,新手炸酱面,0,未修改
10157,苦瓜酿肉,苦瓜酿肉,0,未修改
10180,日式蔬菜煎饺🥟好吃健康就选它！减肥人士看过来~,日式蔬菜煎饺好吃健康就选它,1,删除宣传后句；删除装饰符号
10228,五花肉炒胡萝卜片,五花肉炒胡萝卜片,0,未修改
10236,肉末蒜苗,肉末蒜苗,0,未修改
10278,暖心暖胃丸子汤,暖心暖胃丸子汤,0,未修改
10363,洋葱炒木耳,洋葱炒木耳,0,未修改
10382,【汐汐家常菜】快手低脂·双色豆腐,双色豆腐,1,删除开头标签；删除营销定语
10410,（红腐乳）空心菜  by  wqy,空心菜 by wqy,1,删除括号说明
10434,赛螃蟹（鱼肉版）,赛螃蟹,1,删除括号说明
10436,上班族减脂午餐便当,上班族减脂午餐便当,0,未修改
10464,简單快手青椒鸡蛋炒火腿,简單快手青椒鸡蛋炒火腿,0,未修改
10466,爆炒肥肠,爆炒肥肠,0,未修改
10467,💗香菇滑鸡,香菇滑鸡,1,删除装饰符号
10492,超级嫩鸡蛋包豆腐,嫩鸡蛋包豆腐,1,删除营销定语
10500,酱香土豆仔,酱香土豆仔,0,未修改
10504,超下饭❗️尖椒酿肉❗️香辣脆爽，鲜美多汁,️尖椒酿肉️香辣脆爽,1,删除营销定语；删除宣传后句；删除装饰符号
10509,新手硬菜-鲫鱼豆腐汤,新手硬菜-鲫鱼豆腐汤,0,未修改
10525,简单的丝瓜汤,丝瓜汤,1,删除营销定语
10566,炸猪排,炸猪排,0,未修改
10574,鸡米芽菜,鸡米芽菜,0,未修改
10590,笋干烧腊肉,笋干烧腊肉,0,未修改
10596,家常下饭菜酱烧芸豆丝,家常下饭菜酱烧芸豆丝,0,未修改
10598,丝瓜焖草鱼,丝瓜焖草鱼,0,未修改
10606,西红柿鸡蛋汤（无油无酱版）,西红柿鸡蛋汤,1,删除括号说明
10619,清炒四角豆（伊莱特炒菜机器人）,清炒四角豆,1,删除括号说明
10626,超级下饭之橄榄菜五花肉焗豆角,之橄榄菜五花肉焗豆角,1,删除营销定语
10695,减脂期也能享受的鲜美👉生蚝蒸金针菇,期也能享受的鲜美生蚝蒸金针菇,1,删除营销定语；删除装饰符号
10722,茄子青椒黄瓜的味增聚会,茄子青椒黄瓜的味增聚会,0,未修改
10726,海蜇拌青瓜,海蜇拌青瓜,0,未修改
10751,榄菜肉末炒豆角,榄菜肉末炒豆角,0,未修改
10757,家常菜#番茄蛋汤,家常菜#番茄蛋汤,0,未修改
10759,腐乳排骨蒸糯米,腐乳排骨蒸糯米,0,未修改
10789,万能菜|焦糖洋葱炒卷心菜,万能菜|焦糖洋葱炒卷心菜,0,未修改
10790,金汤素燕,金汤素燕,0,未修改
10792,干煸豆角做的香,干煸豆角做的香,0,未修改
10800,干煸豆角😉,干煸豆角,1,删除装饰符号
10827,牛油玉米粒炒滑蛋,牛油玉米粒炒滑蛋,0,未修改
10829,中餐厅之黄焖鸡,中餐厅之黄焖鸡,0,未修改
10837,蒜苗芹菜炒腊肉,蒜苗芹菜炒腊肉,0,未修改
10860,香菇鸡片,香菇鸡片,0,未修改
10862,蟹柳拌金针菇,蟹柳拌金针菇,0,未修改
10865,麻婆豆腐 创新,麻婆豆腐 创新,0,未修改
10872,爆炒肥肠,爆炒肥肠,0,未修改
10882,清爽素菜—杏鲍菇炒青椒,清爽素菜—杏鲍菇炒青椒,0,未修改
10884,再来一碗黄花鱼炖豆腐 宝宝辅食,再来一碗黄花鱼炖豆腐 宝宝辅食,0,未修改
10923,爽脆可口的蒜泥莴苣,爽脆可口的蒜泥莴苣,0,未修改
10964,红枣南瓜馒头,红枣南瓜馒头,0,未修改
10967,凉拌杏鲍菇,凉拌杏鲍菇,0,未修改
10975,芹菜肉丝,芹菜肉丝,0,未修改
11003,干锅有机菜花,干锅有机菜花,0,未修改
11008,凉拌猪头肉/猪肝🐷,凉拌猪头肉/猪肝,1,删除装饰符号
11009,海白冬瓜汤,海白冬瓜汤,0,未修改
11090,百姓人家——西兰花胡萝卜炒蘑菇,百姓人家——西兰花胡萝卜炒蘑菇,0,未修改
11098,开胃下饭素菜！黄豆芽炒粉丝,开胃下饭素菜,1,删除宣传后句
11139,番茄牛肉,番茄牛肉,0,未修改
11157,滑蛋虾仁，大虾这么吃，全家都爱！,滑蛋虾仁,1,删除宣传后句
11176,🌶️贵阳｜糯悠悠辣乎乎的软妹辣子鸡,️贵阳｜糯悠悠辣乎乎的软妹辣子鸡,1,删除装饰符号
11197,野山椒牛肉丝,野山椒牛肉丝,0,未修改
11206,🔥养生汤🔥玉米排骨汤(懒人版电饭煲),养生汤玉米排骨汤,1,删除括号说明；删除装饰符号
11216,儿菜炒肉片,儿菜炒肉片,0,未修改
11229,培根卷金针菇,培根卷金针菇,0,未修改
11251,牛肉炒粉丝,牛肉炒粉丝,0,未修改
11252,🔥嫩滑鲜美的虾仁西蓝花蒸蛋❗❗,嫩滑鲜美的虾仁西蓝花蒸蛋,1,删除装饰符号
11257,家常姜葱炒蟹,家常姜葱炒蟹,0,未修改
11258,夏日清爽大拌菜,夏日清爽大拌菜,0,未修改
11259,停不下口的节瓜虾米粉丝,停不下口的节瓜虾米粉丝,0,未修改
11275,豆腐的N种做法六·鲜虾豆腐羹,豆腐的N种做法六·鲜虾豆腐羹,0,未修改
11283,【拿手菜】土豆牛腩(电饭煲)外澆里嫩的爆汁牛肉,拿手菜 土豆牛腩外澆里嫩的爆汁牛肉,1,展开标题方括号；删除括号说明
11308,蘑菇炒鸡胸肉,蘑菇炒鸡胸肉,0,未修改
11315,虾滑菌菇汤🍲,虾滑菌菇汤,1,删除装饰符号
11319,💯一口不过瘾的糯米蒸排骨,一口不过瘾的糯米蒸排骨,1,删除装饰符号
11331,家常椒香鱼头,家常椒香鱼头,0,未修改
11344,香菇炒油菜，补钙佳品,香菇炒油菜,1,删除宣传后句
11369,毛豆炒鸡丁,毛豆炒鸡丁,0,未修改
11389,香酥面拖虾,香酥面拖虾,0,未修改
11399,零失败之鲜香肥美的～蒜蓉蛏子,之鲜香肥美的～蒜蓉蛏子,1,删除营销定语
11417,西红柿烧茄子,西红柿烧茄子,0,未修改
11458,超下饭又简单的蒜苗回锅肉,又简单的蒜苗回锅肉,1,删除营销定语
11480,清蒸金昌鱼,清蒸金昌鱼,0,未修改
11520,不粘锅叉烧,不粘锅叉烧,0,未修改
11543,家常干煸豆角,家常干煸豆角,0,未修改
11575,蚝油口蘑炒豆腐,蚝油口蘑炒豆腐,0,未修改
11576,蒜蓉娃娃菜,蒜蓉娃娃菜,0,未修改
11613,炝拌菠菜,炝拌菠菜,0,未修改
11618,芹菜木耳炒蛋,芹菜木耳炒蛋,0,未修改
11630,番茄土豆炖牛腩（电压力锅版）,番茄土豆炖牛腩,1,删除括号说明
11678,青椒炒肉丝,青椒炒肉丝,0,未修改
11696,风干鸡炖藕,风干鸡炖藕,0,未修改
11723,腌蒜苔,腌蒜苔,0,未修改
11725,扬州炒饭思密达,扬州炒饭思密达,0,未修改
11763,汤汁都吃光的萝卜炖牛排骨,汤汁都吃光的萝卜炖牛排骨,0,未修改
11778,【清心湖】辣炒冬瓜茶树菇,清心湖 辣炒冬瓜茶树菇,1,展开标题方括号
11782,多吃深海鱼–红烧鲅鱼,多吃深海鱼–红烧鲅鱼,0,未修改
11790,大酱汤,大酱汤,0,未修改
11792,15分钟番茄酸汤肥牛,15分钟番茄酸汤肥牛,0,未修改
11805,冬菇鲍鱼焖鸡,冬菇鲍鱼焖鸡,0,未修改
11814,沙茶鸭,沙茶鸭,0,未修改
11816,豆角茄子煲,豆角茄子煲,0,未修改
11824,咸肉蒸芋艿,咸肉蒸芋艿,0,未修改
11849,鸡蛋和豆腐这样做特别好吃，简单方便的快手菜。,鸡蛋和豆腐,1,删除说明性后缀
11911,蒜泥龙虾,蒜泥龙虾,0,未修改
11925,不败小菜紫苏爆炒花蛤/蛤蜊,不败小菜紫苏爆炒花蛤/蛤蜊,0,未修改
11931,牛肉白玉包,牛肉白玉包,0,未修改
11932,鱼滑杂菜汤,鱼滑杂菜汤,0,未修改
12033,猪肉白菜炖冻豆腐,猪肉白菜炖冻豆腐,0,未修改
12039,牛肉炒河粉（经典粤菜）,牛肉炒河粉,1,删除括号说明
12061,超下饭辣椒煎蛋,辣椒煎蛋,1,删除营销定语
12094,夏季快手菜～凉拌小葱豆腐,夏季快手菜～凉拌小葱豆腐,0,未修改
12107,避风塘炒西兰花,避风塘炒西兰花,0,未修改
12116,豆角土豆丁,豆角土豆丁,0,未修改
12117,水蕨菜炒肉丝,水蕨菜炒肉丝,0,未修改
12131,红烧豆腐,红烧豆腐,0,未修改
12217,牛肉炒土豆丝#麦子厨房美食锅#,牛肉炒土豆丝,1,删除话题说明
12247,简单美味的东北名菜！芹菜炒粉,东北名菜,1,删除营销定语；删除宣传后句
12251,香椿炒鸡蛋（智能无油烟版）,香椿炒鸡蛋,1,删除括号说明
12252,温州炒粉干，好吃劲道又抗饿～,温州炒粉干,1,删除宣传后句
12256,炝炒卷心菜干锅卷心菜,炝炒卷心菜干锅卷心菜,0,未修改
12271,沙茶酱拌面*附详细压面机面条制作步骤,沙茶酱拌面*附详细压面机面条制作步骤,0,未修改
12293,肉沫豆腐炒空心菜,肉沫豆腐炒空心菜,0,未修改
12301,芹菜炒羊肉,芹菜炒羊肉,0,未修改
12382,手撕杏鲍菇,手撕杏鲍菇,0,未修改
12384,早餐好伴侣——榨菜炒鸡蛋,早餐好伴侣——榨菜炒鸡蛋,0,未修改
12407,黑椒焖大虾,黑椒焖大虾,0,未修改
12450,红烧明太鱼,红烧明太鱼,0,未修改
12453,『崇年』师娘·糟醉蟹,『崇年』师娘·糟醉蟹,0,未修改
12456,炸鲜蘑,炸鲜蘑,0,未修改
12474,贻贝炒苔菜,贻贝炒苔菜,0,未修改
12526,五彩鸡丁,五彩鸡丁,0,未修改
12540,豆瓣酱苦瓜炒蛋,豆瓣酱苦瓜炒蛋,0,未修改
12541,下饭菜‼️罐头鱼版小扒皮,菜‼️罐头鱼版小扒皮,1,删除营销定语
12543,牛肉丸紫菜汤,牛肉丸紫菜汤,0,未修改
12593,水煮肉片——肉片的邂逅之旅,水煮肉片——肉片的邂逅之旅,0,未修改
12619,平菇炒肉,平菇炒肉,0,未修改
12622,【回锅肉】川菜馆子必点菜，在家两步就做完！三碗饭不够吃,回锅肉 川菜馆子必点菜,1,展开标题方括号；删除宣传后句
12630,酸辣鱼丸汤,酸辣鱼丸汤,0,未修改
12648,清热解毒苦瓜鸡肉糜,清热解毒苦瓜鸡肉糜,0,未修改
12676,番茄炒茄子,番茄炒茄子,0,未修改
12693,麻酱青瓜拌粉丝,麻酱青瓜拌粉丝,0,未修改
12718,姜葱焗滑鸡（电饭煲版）,姜葱焗滑鸡,1,删除括号说明
12728,【五彩火腿丝】,五彩火腿丝,1,展开标题方括号
12736,葱烧仔鸭,葱烧仔鸭,0,未修改
12747,青瓜炒虾仁,青瓜炒虾仁,0,未修改
12785,香菜炒牛肉（川菜版）,香菜炒牛肉,1,删除括号说明
12786,快手蔬菜疙瘩汤,蔬菜疙瘩汤,1,删除营销定语
12807,西北风味蒜泥茄子,西北风味蒜泥茄子,0,未修改
12816,青西红柿炒青椒(酸辣开胃又下饭),青西红柿炒青椒,1,删除括号说明
12824,清汤全家福,清汤全家福,0,未修改
12860,家乡辣味苦瓜炒牛肉,家乡辣味苦瓜炒牛肉,0,未修改
12886,原汁原味快手电饭煲玉米胡萝卜排骨汤（1-2人份）,原汁原味快手电饭煲玉米胡萝卜排骨汤,1,删除括号说明
12921,粽子叶橘香烤鲈鱼,粽子叶橘香烤鲈鱼,0,未修改
12955,葱香辣炒小河虾,葱香辣炒小河虾,0,未修改
12956,藕饼,藕饼,0,未修改
12964,西红柿花菜 家常菜,西红柿花菜 家常菜,0,未修改
12995,肉丝盖豆角,肉丝盖豆角,0,未修改
13021,什锦炒鸡肉,什锦炒鸡肉,0,未修改
13035,鲜掉眉毛！春天必吃的竹笋扣咸肉,鲜掉眉毛,1,删除宣传后句
13057,使劲撕清炒包菜,使劲撕清炒包菜,0,未修改
13092,蛋酒汤圆,蛋酒汤圆,0,未修改
13115,辣炒毛豆,辣炒毛豆,0,未修改
13120,下饭神器—碌菜炒豆豉鲮鱼,神器—碌菜炒豆豉鲮鱼,1,删除营销定语
13129,外婆菜,外婆菜,0,未修改
13148,木须肉_炒菜,木须肉_炒菜,0,未修改
13184,隔夜燕麦粥,隔夜燕麦粥,0,未修改
13202,清炒抱子芥鲜百合（小美版）,清炒抱子芥鲜百合,1,删除括号说明
13227,不用加肉沫的红烧豆腐,不用加肉沫的红烧豆腐,0,未修改
13235,洋葱炒鳝片,洋葱炒鳝片,0,未修改
13261,火腿鸡蛋炒面,火腿鸡蛋炒面,0,未修改
13278,日式味增烤豆腐暖锅,日式味增烤豆腐暖锅,0,未修改
13289,一道健康又实惠家常小炒，简单又下饭,一道健康又实惠家常小炒,1,删除宣传后句
13295,蒜蓉娃娃菜焖虾,蒜蓉娃娃菜焖虾,0,未修改
13300,豆豉鲮鱼炒油麦菜,豆豉鲮鱼炒油麦菜,0,未修改
13327,花椒香卷心菜丝-不寻常的炒圆白菜,花椒香卷心菜丝-不寻常的炒圆白菜,0,未修改
13340,鸡汤小米海参蔬菜粥,鸡汤小米海参蔬菜粥,0,未修改
13362,🍱工作日的轻食便当14清脆小炒菜（持续更新）,工作日的轻食便当14清脆小炒菜,1,删除括号说明；删除装饰符号
13395,秋日胡萝卜红薯燕麦粥,秋日胡萝卜红薯燕麦粥,0,未修改
13414,大黄米小米粥 (Yellow Rice and Millet Congee),大黄米小米粥,1,删除括号说明
13417,鼓油鸡腿,鼓油鸡腿,0,未修改
13428,家常菜#酸辣土豆丝,家常菜#酸辣土豆丝,0,未修改
13450,小炒丝瓜,小炒丝瓜,0,未修改
13485,三鲜日本豆腐,三鲜日本豆腐,0,未修改
13489,超级入味的青椒茭白炒肉,入味的青椒茭白炒肉,1,删除营销定语
13516,可以拌饭的沙姜鸡,可以拌饭的沙姜鸡,0,未修改
13517,㊙外食必点❗好吃不长肉的素炒孜然四季豆,㊙外食必点好吃不长肉的素炒孜然四季豆,1,删除装饰符号
13526,减肥餐比肉还好吃的孜然杏鲍菇，堪比烧烤，超级下饭,减肥餐比肉还好吃的孜然杏鲍菇,1,删除宣传后句
13543,棒骨萝卜汤,棒骨萝卜汤,0,未修改
13559,金汤辽参,金汤辽参,0,未修改
13599,好吃停不下来的爆炒花蛤,停不下来的爆炒花蛤,1,删除营销定语
13639,素锦鱼豆腐,素锦鱼豆腐,0,未修改
13651,日式照烧鸡排饭也能在家里做！（正经料理）,日式照烧鸡排饭也能在家里做,1,删除括号说明；删除宣传后句
13656,凉拌豆角🌱,凉拌豆角,1,删除装饰符号
13663,尖椒炒猪肝,尖椒炒猪肝,0,未修改
13686,青梅酒,青梅酒,0,未修改
13742,无水版油焖大虾🦐,无水版油焖大虾,1,删除装饰符号
13748,土豆香煎五花肉,土豆香煎五花肉,0,未修改
13754,酱香洋葱炒肥牛（下饭菜）,酱香洋葱炒肥牛,1,删除括号说明
13761,凉爽海木耳豆腐,凉爽海木耳豆腐,0,未修改
13790,无油减脂凉拌木耳藕片,凉拌木耳藕片,1,删除营销定语
13848,减脂又营养：蚝油杏鲍菇😋,又营养：蚝油杏鲍菇,1,删除营销定语；删除装饰符号
13859,香辣虾,香辣虾,0,未修改
13868,香辣土豆片,香辣土豆片,0,未修改
13906,干豇豆炒腊肉,干豇豆炒腊肉,0,未修改
13912,家常版辣子鸡 辣炒鸡翅,辣子鸡 辣炒鸡翅,1,删除场景定语
13949,超快速家常飘香煮面🍜,快速家常飘香煮面,1,删除营销定语；删除装饰符号
13984,香烧胡萝卜,香烧胡萝卜,0,未修改
14014,东北名菜安排 之 小鸡炖蘑菇 真香警告,东北名菜安排 之 小鸡炖蘑菇 真香警告,0,未修改
14018,芹菜炒腊味,芹菜炒腊味,0,未修改
14023,超下饭的木须肉,木须肉,1,删除营销定语
14034,猪肉炖粉条,猪肉炖粉条,0,未修改
14074,豆豉鯪魚油麥菜,豆豉鯪魚油麥菜,0,未修改
14082,凉拌芹菜叶,凉拌芹菜叶,0,未修改
14106,荷叶蒸鸡,荷叶蒸鸡,0,未修改
14112,麻婆豆腐,麻婆豆腐,0,未修改
14116,清炒扁豆丝,清炒扁豆丝,0,未修改
14122,太好吃了叭❤️绿豆芽炒凉粉,太好吃了叭️绿豆芽炒凉粉,1,删除装饰符号
14126,萍乡小炒肉,萍乡小炒肉,0,未修改
14138,蛤贝蒸蛋,蛤贝蒸蛋,0,未修改
14150,红椒炒嫩牛肉,红椒炒嫩牛肉,0,未修改
14155,酱黄豆,酱黄豆,0,未修改
14175,荠菜蛋饼,荠菜蛋饼,0,未修改
14211,【红烧肉】：你也能学会的 拿 手 好 菜,红烧肉 ：你也能学会的 拿 手 好 菜,1,展开标题方括号
14255,美味的茭白炒肉，快学做起来吧,茭白炒肉,1,删除营销定语；删除宣传后句
14300,木须肉,木须肉,0,未修改
14352,板栗烧肉,板栗烧肉,0,未修改
14362,焖豆腐块,焖豆腐块,0,未修改
14368,蚝油杏鲍菇炒肉片,蚝油杏鲍菇炒肉片,0,未修改
14370,鲁菜头牌：葱烧海参,鲁菜头牌：葱烧海参,0,未修改
14375,粉丝娃娃菜,粉丝娃娃菜,0,未修改
14393,素肉黄金粥丨健康·三餐,素肉黄金粥丨健康·三餐,0,未修改
14401,随意版八宝辣酱,随意版八宝辣酱,0,未修改
14410,秒杀饭店之黄焖鸡,秒杀饭店之黄焖鸡,0,未修改
14441,芦笋炒腰果,芦笋炒腰果,0,未修改
14442,金蒜爆炒牛肉粒,金蒜爆炒牛肉粒,0,未修改
14456,泡椒鸡杂面,泡椒鸡杂面,0,未修改
14506,下饭神菜土豆茄子炖豆角,神菜土豆茄子炖豆角,1,删除营销定语
14512,蟹黄豆腐羹,蟹黄豆腐羹,0,未修改
14539,药膳炖鸡架,药膳炖鸡架,0,未修改
14543,白菜炖面筋,白菜炖面筋,0,未修改
14558,宝宝彩色馒头,宝宝彩色馒头,0,未修改
14563,支竹萝卜焖羊肉,支竹萝卜焖羊肉,0,未修改
14577,简单易做炸莲藕丸（过年必备菜）,易做炸莲藕丸,1,删除括号说明；删除营销定语
14582,土豆南瓜炖豆角,土豆南瓜炖豆角,0,未修改
14584,肉沫青椒茄子,肉沫青椒茄子,0,未修改
14588,节瓜排骨汤--太太乐鲜鸡汁,节瓜排骨汤--太太乐鲜鸡汁,0,未修改
14590,土豆烧鸡,土豆烧鸡,0,未修改
14591,（🍅番茄汤浓郁的秘诀）琳哥的番茄浓汤巴沙鱼,琳哥的番茄浓汤巴沙鱼,1,删除括号说明
14604,家常小炒之西兰花炒虾仁（减脂餐）,家常小炒之西兰花炒虾仁,1,删除括号说明
14617,快手菜红烧肉沫豆腐,菜红烧肉沫豆腐,1,删除营销定语
14620,醉汁炝腰花,醉汁炝腰花,0,未修改
14631,快手泡鸡爪,泡鸡爪,1,删除营销定语
14634,土豆豆角炖肉,土豆豆角炖肉,0,未修改
14670,茭白炒肉丝,茭白炒肉丝,0,未修改
14682,白菜炖排骨,白菜炖排骨,0,未修改
14733,酸菜魔芋爆羊肉片                    超级爽口又下饭,酸菜魔芋爆羊肉片 超级爽口又下饭,1,未修改
14751,超级下饭的土豆胡萝卜咖喱虾 宝宝爱吃极了,土豆胡萝卜咖喱虾 宝宝爱吃极了,1,删除营销定语
14773,咸蛋黄豆腐,咸蛋黄豆腐,0,未修改
14778,黑三剁,黑三剁,0,未修改
14780,绝味的咸蛋黄焗南瓜,绝味的咸蛋黄焗南瓜,0,未修改
14784,香菇玉米卤肉饭（大人小孩都爱吃的万能肉卤）,香菇玉米卤肉饭,1,删除括号说明
14807,泡菜猪肉豆腐锅,泡菜猪肉豆腐锅,0,未修改
14840,辣炒蛤喇,辣炒蛤喇,0,未修改
14877,干锅菜花|不焯水耐心炒,干锅菜花|不焯水耐心炒,0,未修改
14881,家常白菜炖土豆,家常白菜炖土豆,0,未修改
14901,「子时当归」一学就会的鸡肉咖喱饭,「子时当归」,1,删除说明性后缀
14906,黄油芥末籽酱风味炖菜,黄油芥末籽酱风味炖菜,0,未修改
14910,🔥凉拌菠菜卷🌵可爱的造型✨惊艳的味道,凉拌菠菜卷可爱的造型惊艳的味道,1,删除装饰符号
14944,家庭版“毛血旺”——水煮牛肉&牛杂,毛血旺——水煮牛肉&牛杂,1,删除场景定语
14953,青椒炒肉片,青椒炒肉片,0,未修改
14957,【红烧茄子】不用炸❗️不吸油❗️超级简单又下饭的红烧茄子🍆,红烧茄子 不用炸️不吸油️超级简单又下饭的红烧茄子,1,展开标题方括号；删除装饰符号
14962,茄汁鱼,茄汁鱼,0,未修改
14982,欲罢不能-雪菜豆腐汤年糕,欲罢不能-雪菜豆腐汤年糕,0,未修改
14987,鲜鱿炒蒜薹,鲜鱿炒蒜薹,0,未修改
15013,腊八粥,腊八粥,0,未修改
15070,青红椒炒香干,青红椒炒香干,0,未修改
15103,芹菜炒牛肉,芹菜炒牛肉,0,未修改
15111,夏季开胃小菜—凉拌贡菜,夏季开胃小菜—凉拌贡菜,0,未修改
15114,最清淡利瘦身还美味凉拌菠菜,最清淡利瘦身还美味凉拌菠菜,0,未修改
15122,鲜美烧菜——蚝油双菇玉米笋,鲜美烧菜——蚝油双菇玉米笋,0,未修改
15169,西红柿炒豆角,西红柿炒豆角,0,未修改
15228,栗子山药排骨汤,栗子山药排骨汤,0,未修改
15249,豆香榄香微辣，榄角腐竹蒸排骨,豆香榄香微辣,1,删除宣传后句
15280,羊汤,羊汤,0,未修改
15284,儿童餐—腊肉炒扁豆,儿童餐—腊肉炒扁豆,0,未修改
15304,香辣杏鲍菇,香辣杏鲍菇,0,未修改
15318,超简单的茄子豆角,茄子豆角,1,删除营销定语
15324,清蒸开背虾,清蒸开背虾,0,未修改
15344,酱炒杏鲍菇,酱炒杏鲍菇,0,未修改
15370,糯米肉丸（珍珠肉丸）,糯米肉丸,1,删除括号说明
15424,"韭菜烧豆腐丨简单下饭,比吃红烧肉还过瘾！！！",韭菜烧豆腐丨简单下饭,1,删除宣传后句
15447,冬瓜虾仁盖浇菜,冬瓜虾仁盖浇菜,0,未修改
15453,土豆烧牛肉,土豆烧牛肉,0,未修改
15461,鸡汤小馄饨,鸡汤小馄饨,0,未修改
15473,莴笋木耳肉片,莴笋木耳肉片,0,未修改
15544,蒜蓉肉碎蒸丝瓜茄子,蒜蓉肉碎蒸丝瓜茄子,0,未修改
15547,蕃茄烩豆腐,蕃茄烩豆腐,0,未修改
15559,笋尖农家小炒肉,笋尖农家小炒肉,0,未修改
15611,苦瓜炒鸡蛋,苦瓜炒鸡蛋,0,未修改
15629,奶油南瓜汤,奶油南瓜汤,0,未修改
15633,夏日简餐～泰式 沙拉意面（视频菜谱）,夏日简餐～泰式 沙拉意面,1,删除括号说明
15645,泰式炒空心菜,泰式炒空心菜,0,未修改
15682,小炒韧豆腐,小炒韧豆腐,0,未修改
15697,酸辣黄瓜片,酸辣黄瓜片,0,未修改
15736,外酥里内的肉丸子～可做丸子汤、糖醋丸子,外酥里内的肉丸子～可做丸子汤、糖醋丸子,0,未修改
15740,青椒土豆片（勾氏私房菜）,青椒土豆片,1,删除括号说明
15745,花生焖猪尾,花生焖猪尾,0,未修改
15748,黑胡椒红烧杏鲍菇（素红烧肉）,黑胡椒红烧杏鲍菇,1,删除括号说明
15788,蒜蓉西兰花,蒜蓉西兰花,0,未修改
15796,家常豆腐～纯净素,家常豆腐～纯净素,0,未修改
15799,昂刺鱼豆腐汤,昂刺鱼豆腐汤,0,未修改
15820,芹蒜炒花菜,芹蒜炒花菜,0,未修改
15828,红烧泡菜鲈鱼，刺少无敌下饭,红烧泡菜鲈鱼,1,删除宣传后句
15836,狸猫家——鲜笋炒腊肉,狸猫家——鲜笋炒腊肉,0,未修改
15862,【盒马厨房】超快手清蒸小龙虾配秘制老干妈复合蘸酱,盒马厨房 超快手清蒸小龙虾配秘制老干妈复合蘸酱,1,展开标题方括号
15916,快手简易版鱼香肉丝,简易版鱼香肉丝,1,删除营销定语
15939,峨眉酒家大厨亲授「宫保鸡丁」,峨眉酒家大厨亲授「宫保鸡丁」,0,未修改
15951,㊙️不加一滴水‼️仔姜炒鸡‼️鸡肉鲜嫩一秒上头,㊙️不加一滴水‼️仔姜炒鸡‼️鸡肉鲜嫩一秒上头,0,未修改
15966,杂粮红枣糯米糕（无糖无油）,杂粮红枣糯米糕,1,删除括号说明
15978,白菜炖豆腐,白菜炖豆腐,0,未修改
15980,芹菜炒虾虾仁,芹菜炒虾虾仁,0,未修改
15987,简单版家常回锅肉,版家常回锅肉,1,删除营销定语
16044,肉丝炒尖椒,肉丝炒尖椒,0,未修改
16046,蒜香干贝蒸丝瓜,蒜香干贝蒸丝瓜,0,未修改
16054,笋干炒腊肉,笋干炒腊肉,0,未修改
16059,水煮虾,水煮虾,0,未修改
16083,堪称饭扫光的-鱼香肉丝,堪称饭扫光的-鱼香肉丝,0,未修改
16091,西兰花腰果虾仁,西兰花腰果虾仁,0,未修改
16092,自制冒菜,冒菜,1,删除营销定语
16104,炒韭菜,炒韭菜,0,未修改
16130,午餐肉烩莴笋,午餐肉烩莴笋,0,未修改
16141,白菜宽粉大乱炖,白菜宽粉大乱炖,0,未修改
16159,【番茄白菜炖豆腐】减脂食谱,番茄白菜炖豆腐 减脂食谱,1,展开标题方括号
16172,冬日暖身汤-清炖羊排萝卜汤,冬日暖身汤-清炖羊排萝卜汤,0,未修改
16173,冬天里不可缺少的羊肚汤,冬天里不可缺少的羊肚汤,0,未修改
16196,儿童无辣鱼香肉丝(鱼香汁),儿童无辣鱼香肉丝,1,删除括号说明
16215,超级方便，懒人下饭无水咖喱，不需要椰浆和水哦~,方便,1,删除营销定语；删除宣传后句
16219,挑逗味蕾的鸡蛋焖子,挑逗味蕾的鸡蛋焖子,0,未修改
16227,青菜炒香菇,青菜炒香菇,0,未修改
16232,双椒炒牛肉,双椒炒牛肉,0,未修改
16250,不用炒糖色～南乳花生焖肘子（电饭锅版）,糖色～南乳花生焖肘子,1,删除括号说明；删除营销定语
16274,虾仁炖蛋,虾仁炖蛋,0,未修改
16310,有机菜花炒肉,有机菜花炒肉,0,未修改
16337,特色美食：韭黄炒蛋,特色美食：韭黄炒蛋,0,未修改
16338,豆瓣鱼,豆瓣鱼,0,未修改
16352,魔芋粉丝,魔芋粉丝,0,未修改
16392,下饭东北蒜茄子简易制作,东北蒜茄子简易制作,1,删除营销定语
16399,榨菜四季豆炒肉丝,榨菜四季豆炒肉丝,0,未修改
16439,米豆腐炒香肠,米豆腐炒香肠,0,未修改
16454,家常小菜之素炒小白菜,家常小菜之素炒小白菜,0,未修改
16506,豆沙包豆馅做法,豆沙包豆馅做法,0,未修改
16513,红焖黄骨鱼,红焖黄骨鱼,0,未修改
16529,豆角炒肉焖饼丝-有菜有肉有主食,豆角炒肉焖饼丝-有菜有肉有主食,0,未修改
16553,小美版醋溜土豆丝,小美版醋溜土豆丝,0,未修改
16573,猪肉白菜炖粉条,猪肉白菜炖粉条,0,未修改
16598,下饭神器-葱烧鸡,神器-葱烧鸡,1,删除营销定语
16632,鲮鱼饼酿青椒,鲮鱼饼酿青椒,0,未修改
16634,剩米饭的华丽转身-土豆番茄烩饭,剩米饭的华丽转身-土豆番茄烩饭,0,未修改
16643,清炒玉米甜豆红萝卜火腿丁,清炒玉米甜豆红萝卜火腿丁,0,未修改
16651,好吃简单的香辣自制风干鱼,香辣自制风干鱼,1,删除营销定语
16686,家常水煮鱼,家常水煮鱼,0,未修改
16734,芦笋炒脆肉｜里脊松软滑嫩的方法,芦笋炒脆肉｜里脊松软滑嫩的方法,0,未修改
16768,马蹄蒸肉饼,马蹄蒸肉饼,0,未修改
16770,咸蛋黄南瓜,咸蛋黄南瓜,0,未修改
16772,炸丸子,炸丸子,0,未修改
16796,红烧鲤鱼,红烧鲤鱼,0,未修改
16798,秋日润燥靓汤:白菜干胡萝卜无花果煲排骨,秋日润燥靓汤:白菜干胡萝卜无花果煲排骨,0,未修改
16817,宝宝辅食/菠菜鲜虾小花面/6m+/操作简单,宝宝辅食/菠菜鲜虾小花面/6m+/操作简单,0,未修改
16851,一品蒜蓉茄子泥,一品蒜蓉茄子泥,0,未修改
16878,清炒西瓜皮,清炒西瓜皮,0,未修改
16888,豆腐青菜汤年糕,豆腐青菜汤年糕,0,未修改
16955,芋儿烧鸡（内有芋头去皮妙招）,芋儿烧鸡,1,删除括号说明
16975,CJ的黄瓜拌牛肉,CJ的黄瓜拌牛肉,0,未修改
17045,土豆泥,土豆泥,0,未修改
17051,宝宝爱吃的下饭菜（肉沫蒜苔）,宝宝爱吃的下饭菜（肉沫蒜苔）,0,删除括号说明；删除场景定语；删除营销定语；清洗结果过短，回退原名
17052,排骨玉米海带汤,排骨玉米海带汤,0,未修改
17059,蒜蓉带子～金针菇,蒜蓉带子～金针菇,0,未修改
17099,韩国泡菜,韩国泡菜,0,未修改
17110,《简单易做不一样的菠萝咕咾肉🥩》,易做不一样的菠萝咕咾肉,1,删除营销定语；删除装饰符号
17137,终极鲜嫩的葱爆牛肉,终极鲜嫩的葱爆牛肉,0,未修改
17149,土豆焖鸡,土豆焖鸡,0,未修改
17189,贼好吃辣炒花蛤,贼好吃辣炒花蛤,0,未修改
17201,竹笋炒韭菜，潮州传统农家菜,竹笋炒韭菜,1,删除宣传后句
17214,香芋排骨,香芋排骨,0,未修改
17235,凉拌海带丝,凉拌海带丝,0,未修改
17273,苦瓜炒肉片，夏季必吃的菜,苦瓜炒肉片,1,删除宣传后句
17301,彩椒鸡丁,彩椒鸡丁,0,未修改
17306,青椒炒鲍鱼,青椒炒鲍鱼,0,未修改
17320,哈密瓜炒虾仁（方一勺同款）,哈密瓜炒虾仁,1,删除括号说明
17324,简单好做的萝卜干咸菜,好做的萝卜干咸菜,1,删除营销定语
17345,猪肘炒青椒,猪肘炒青椒,0,未修改
17360,青菜炒香菇,青菜炒香菇,0,未修改
17418,奶香蒸蛋糕,奶香蒸蛋糕,0,未修改
17483,红烧土豆小公鸡,红烧土豆小公鸡,0,未修改
17496,腐竹烧肉,腐竹烧肉,0,未修改
17497,简单的快手家常炖豆腐,家常炖豆腐,1,删除营销定语
17505,肉末豆腐,肉末豆腐,0,未修改
17510,板栗烧鸡🌰,板栗烧鸡,1,删除装饰符号
17535,猪油蒜末炒尺结（蕨菜）,猪油蒜末炒尺结,1,删除括号说明
17537,剁椒牛肉,剁椒牛肉,0,未修改
17560,网红青团,青团,1,删除营销定语
17601,酱汁烧鸡腿菇,酱汁烧鸡腿菇,0,未修改
17629,砂锅排骨煲,砂锅排骨煲,0,未修改
17630,芹菜炒香干肉丝,芹菜炒香干肉丝,0,未修改
17632,丝瓜炒蛋,丝瓜炒蛋,0,未修改
17668,鲜美营养的 虾米🦐杭白菜,鲜美营养的 虾米杭白菜,1,删除装饰符号
17670,香辣嫩牛肉粒,香辣嫩牛肉粒,0,未修改
17674,荷叶糯米蒸排骨,荷叶糯米蒸排骨,0,未修改
17686,【金脆黄瓜】小黄瓜，大当家，口口爽到你我他！,金脆黄瓜 小黄瓜,1,展开标题方括号；删除宣传后句
17706,爆炒腰花,爆炒腰花,0,未修改
17708,孜然彩椒蘑菇牛肉丁,孜然彩椒蘑菇牛肉丁,0,未修改
17712,肉末酸豆角,肉末酸豆角,0,未修改
17740,鸭架子汤+白菜豆腐粉丝,鸭架子汤+白菜豆腐粉丝,0,未修改
17743,豆瓣酱蒸鸡腿,豆瓣酱蒸鸡腿,0,未修改
17744,减脂餐/素三样炒里脊,餐/素三样炒里脊,1,删除营销定语
17790,鲜榨香椿,鲜榨香椿,0,未修改
17798,家常大盘鸡,家常大盘鸡,0,未修改
17817,牛肉炒酸菜,牛肉炒酸菜,0,未修改
17844,饭店吃不到的山东蒸豆角(面粉),饭店吃不到的山东蒸豆角,1,删除括号说明
17899,超级下饭的干煸豆角的家常做法,干煸豆角的家常做法,1,删除营销定语
17918,干香菇烧油菜,干香菇烧油菜,0,未修改
17919,【健康少油盐】西红柿炒鸡蛋,盐 西红柿炒鸡蛋,1,展开标题方括号；删除营销定语
17944,夏日减脂餐素炒什锦西蓝花，简单易学，这样做比肉好吃！,夏日减脂餐素炒什锦西蓝花,1,删除说明性后缀；删除宣传后句
17972,第❷❽道减脂菜 | 超鲜美的虾仁豆腐汤（耗时10分钟）,第道减脂菜 | 超鲜美的虾仁豆腐汤,1,删除括号说明；删除装饰符号
17973,韭黄炒蛋,韭黄炒蛋,0,未修改
17994,青椒炒肥肠,青椒炒肥肠,0,未修改
18006,快手菜 虾仁滑蛋 爽口下饭 特别鲜香滑嫩 大人小孩都爱吃，,菜 虾仁滑蛋 爽口下饭 特别鲜香滑嫩 大人小孩都爱吃,1,删除营销定语；删除宣传后句
18009,西葫芦虾仁炒鸡蛋,西葫芦虾仁炒鸡蛋,0,未修改
18037,🍤鸡蛋虾仁羹🍤,鸡蛋虾仁羹,1,删除装饰符号
18040,香菜星人必学葱爆牛肉,香菜星人必学葱爆牛肉,0,未修改
18056,《花花家的菜》手把羊肉,花花家的菜手把羊肉,1,未修改
18063,瘦身汤,瘦身汤,0,未修改
18090,冬瓜蹄髈汤,冬瓜蹄髈汤,0,未修改
18102,小炒香辣鲜牛肚,小炒香辣鲜牛肚,0,未修改
18153,海带豆腐（无油素食）,海带豆腐,1,删除括号说明
18176,油辣椒,油辣椒,0,未修改
18179,生姜红茶（减脂必备）,生姜红茶,1,删除括号说明
18189,百叶油麦菜,百叶油麦菜,0,未修改
18236,杏鲍菇炒肉片,杏鲍菇炒肉片,0,未修改
18284,『月澜姐』日式牛肉盖饭 牛肉丼（dòng）▏超快手又营养的一餐,『月澜姐』日式牛肉盖饭 牛肉丼▏超快手又营养的一餐,1,删除括号说明
18295,糟辣椒炒芥菜头,糟辣椒炒芥菜头,0,未修改
18299,红烧蹄髈（简化版）,红烧蹄髈,1,删除括号说明
18340,香芹炒蟹柳鸡蛋,香芹炒蟹柳鸡蛋,0,未修改
18353,香菇蒸鸡,香菇蒸鸡,0,未修改
18356,老少咸宜的滑猪🐷肉片,老少咸宜的滑猪肉片,1,删除装饰符号
18373,家常下饭鸡公煲,家常下饭鸡公煲,0,未修改
18400,健康版尖椒炒牛肉,版尖椒炒牛肉,1,删除营销定语
18474,“咸蛋超人”都爱吃的咸蛋黄豆腐午餐肉煲，你确定不吃？,咸蛋超人都爱吃的咸蛋黄豆腐午餐肉煲,1,删除宣传后句
18476,西兰花圣诞树：情怀那点事儿,西兰花圣诞树：情怀那点事儿,0,未修改
18497,丝瓜烧毛豆,丝瓜烧毛豆,0,未修改
18526,黄焖黄骨鱼,黄焖黄骨鱼,0,未修改
18527,鸡肉清炒西兰花胡萝卜,鸡肉清炒西兰花胡萝卜,0,未修改
18532,清水煮萝卜片,清水煮萝卜片,0,未修改
18541,土豆炖排骨（口感软糯）,土豆炖排骨,1,删除括号说明
18557,鱿鱼炒韭菜花，潮汕人最爱的做法,鱿鱼炒韭菜花,1,删除宣传后句
18568,洋葱黑椒牛柳,洋葱黑椒牛柳,0,未修改
18573,蚝油大蒜爆鱿鱼,蚝油大蒜爆鱿鱼,0,未修改
18574,黄瓜胡萝卜炒鸡蛋,黄瓜胡萝卜炒鸡蛋,0,未修改
18577,青椒素炒杏鲍菇,青椒素炒杏鲍菇,0,未修改
18584,青椒炒杏鲍菇,青椒炒杏鲍菇,0,未修改
18586,三色蛋蒸虾米,三色蛋蒸虾米,0,未修改
18600,肉末酸豆角,肉末酸豆角,0,未修改
18612,秘制酱汁鸡腿肉,酱汁鸡腿肉,1,删除营销定语
18624,己亥年第4道:无糖无油全素自制关东煮,己亥年第4道:无糖无油全素自制关东煮,0,未修改
18627,下饭神器咖喱鸡,神器咖喱鸡,1,删除营销定语
18629,茄汁日本豆腐,茄汁日本豆腐,0,未修改
18636,淮扬菜-萝卜肚肺汤（养生养肺止咳）,淮扬菜-萝卜肚肺汤,1,删除括号说明
18661,辰妈厨房‖清蒸金鲳鱼，简单快手,辰妈厨房‖清蒸金鲳鱼,1,删除宣传后句
18672,羽衣甘蓝炒天贝,羽衣甘蓝炒天贝,0,未修改
18680,汁香肉嫩的爆汁照烧鸡腿饭，请给我来5份！,汁香肉嫩的爆汁照烧鸡腿饭,1,删除宣传后句
18738,玫瑰腐乳炒鱿鱼丝,玫瑰腐乳炒鱿鱼丝,0,未修改
18743,苹果泥烧鸡翅,苹果泥烧鸡翅,0,未修改
18761,家常烩饼,家常烩饼,0,未修改
18765,敲好吃的炒什锦,敲好吃的炒什锦,0,未修改
18774,健康又好吃的洋芋（土豆）擦擦,又好吃的洋芋擦擦,1,删除括号说明；删除营销定语
18787,超简单的粉蒸牛肉,粉蒸牛肉,1,删除营销定语
18816,青椒炒鸡枞菌,青椒炒鸡枞菌,0,未修改
18869,红烧鳜鱼,红烧鳜鱼,0,未修改
18880,👨🏻‍🍳巴黎小厨娘之冷面必备浇头青椒茭白炒肉丝,‍巴黎小厨娘之冷面必备浇头青椒茭白炒肉丝,1,删除装饰符号
18882,茶树菇炒牛肉,茶树菇炒牛肉,0,未修改
18890,孜然牛肉炒蒜苔,孜然牛肉炒蒜苔,0,未修改
18906,爆炒河虾仁,爆炒河虾仁,0,未修改
18920,红烧狮子头,红烧狮子头,0,未修改
18922,培根金针菇卷,培根金针菇卷,0,未修改
18943,韭黄木耳炒蛋,韭黄木耳炒蛋,0,未修改
18944,家常快手菜~金针菇粉丝蒸虾,家常快手菜~金针菇粉丝蒸虾,0,未修改
19053,酱黄豆,酱黄豆,0,未修改
19057,大阪烧,大阪烧,0,未修改
19111,清炒包菜,清炒包菜,0,未修改
19114,清甜脆爽清炒藕片,脆爽清炒藕片,1,删除营销定语
19133,鲜美辣炒白贝,鲜美辣炒白贝,0,未修改
19136,沙茶尖椒肥牛,沙茶尖椒肥牛,0,未修改
19154,孙红雷最爱的“赛螃蟹”，做法很简单，轻松炒出一盘螃蟹味,孙红雷最爱的赛螃蟹,1,删除宣传后句
19180,比妈妈做的还好吃的电饼铛藕夹肉,比妈妈做的还好吃的电饼铛藕夹肉,0,未修改
19191,黄骨鱼豆腐汤,黄骨鱼豆腐汤,0,未修改
19202,特别好吃红烧牛肉（独家秘方）,红烧牛肉,1,删除括号说明；删除营销定语
19214,咸菜毛豆子,咸菜毛豆子,0,未修改
19235,美龄粥,美龄粥,0,未修改
19267,全家超爱吃的西红柿蛋炒饭（10分钟搞定）,全家超爱吃的西红柿蛋炒饭,1,删除括号说明
19294,微波炉菜 蒸蔬菜,微波炉菜 蒸蔬菜,0,未修改
19305,青菜杆［小白菜］素炒豆泡,青菜杆［小白菜］素炒豆泡,0,未修改
19313,时蔬炒鸡胸粒,时蔬炒鸡胸粒,0,未修改
19320,韭菜花小炒肉,韭菜花小炒肉,0,未修改
19329,醋溜土豆丝 炒土豆丝 尖椒土豆丝 玛捷斯,醋溜土豆丝 炒土豆丝 尖椒土豆丝 玛捷斯,0,未修改
19345,粉蒸黄颡鱼,粉蒸黄颡鱼,0,未修改
19346,榴莲煲土鸡,榴莲煲土鸡,0,未修改
19355,没有鱼的鱼香豆腐,没有鱼的鱼香豆腐,0,未修改
19364,海参小米粥,海参小米粥,0,未修改
19367,鱼香金银蛋饼,鱼香金银蛋饼,0,未修改
19380,白菜炖冻豆腐,白菜炖冻豆腐,0,未修改
19387,好吃又营养—香烤南瓜手工面【Pink滋滋】食谱,又营养—香烤南瓜手工面【Pink滋滋】食谱,1,删除营销定语
19388,健康蒸三文鱼蔬菜,蒸三文鱼蔬菜,1,删除营销定语
19393,超级下饭的红三剁,红三剁,1,删除营销定语
19419,香菇土豆炖鸡,香菇土豆炖鸡,0,未修改
19427,彩椒炒油豆皮,彩椒炒油豆皮,0,未修改
19445,养生素食🌹红腰豆杂粮饭😀,养生素食红腰豆杂粮饭,1,删除装饰符号
19479,清炒葱香笋片,清炒葱香笋片,0,未修改
19486,乱炖粉条,乱炖粉条,0,未修改
19525,番茄土豆炖牛腩,番茄土豆炖牛腩,0,未修改
19527,素肠做法,素肠做法,0,未修改
19538,照烧杏鲍菇,照烧杏鲍菇,0,未修改
19547,海虾木耳炒脆瓜,海虾木耳炒脆瓜,0,未修改
19566,爽脆可口的手撕包菜,爽脆可口的手撕包菜,0,未修改
19574,鱼香肉丝,鱼香肉丝,0,未修改
19615,肉末茄子盖浇饭,肉末茄子盖浇饭,0,未修改
19641,五花肉咸蛋糯糯饭（生酮）,五花肉咸蛋糯糯饭,1,删除括号说明
19657,红烧鲫鱼鱼籽,红烧鲫鱼鱼籽,0,未修改
19680,清蒸剁椒鳗鱼,清蒸剁椒鳗鱼,0,未修改
19727,下饭神器~蒜苔炒肉,神器~蒜苔炒肉,1,删除营销定语
19755,糯米珍珠丸子-【大叔有药】,糯米珍珠丸子-【大叔有药】,0,未修改
19773,减脂餐【奇亚籽水果酸奶麦片】#饱腹感超强#,餐【奇亚籽水果酸奶麦片】,1,删除话题说明；删除营销定语
19809,易做的脆爽拌木耳,易做的脆爽拌木耳,0,未修改
19830,清蒸茄子夹肉,清蒸茄子夹肉,0,未修改
19838,春天时令菜：凉拌青莴笋,春天时令菜：凉拌青莴笋,0,未修改
19899,香煎鲳鱼（家常版）,香煎鲳鱼,1,删除括号说明
19916,白斩鸡,白斩鸡,0,未修改
19930,家常金汤肥牛,家常金汤肥牛,0,未修改
19941,白切鸡,白切鸡,0,未修改
19968,全麦菠菜蛋饼,全麦菠菜蛋饼,0,未修改
19973,口蘑鹌鹑蛋酿肉,口蘑鹌鹑蛋酿肉,0,未修改
19981,西兰花虾仁咖喱螺旋意面,西兰花虾仁咖喱螺旋意面,0,未修改
20041,素炒西兰花,素炒西兰花,0,未修改
20044,韩式小菜—白萝卜沙拉,韩式小菜—白萝卜沙拉,0,未修改
20056,豆干炒金针菇🤗,豆干炒金针菇,1,删除装饰符号
20067,蒜蓉青椒香菇酱（下饭）,蒜蓉青椒香菇酱,1,删除括号说明
20070,超级懒人电压力锅煲饭 -牛肉,电压力锅煲饭 -牛肉,1,删除营销定语
20088,家常版酸菜鱼,酸菜鱼,1,删除场景定语
20096,辣炒雪里蕻,辣炒雪里蕻,0,未修改
20138,嫩姜炒肉片,嫩姜炒肉片,0,未修改
20145,懒人版菜花炒鸡蛋,版菜花炒鸡蛋,1,删除营销定语
20172,百吃不厌的五花肉炖白菜土豆,百吃不厌的五花肉炖白菜土豆,0,未修改
20187,土豆炒肉,土豆炒肉,0,未修改
20193,清炖鸡腿,清炖鸡腿,0,未修改
20218,无麸质葱烧鸡烩饭 Gluten Free Spring Onion Chicken,无麸质葱烧鸡烩饭 Gluten Free Spring Onion Chicken,0,未修改
20238,金银蒜粉丝蒸鲍鱼,金银蒜粉丝蒸鲍鱼,0,未修改
20275,简单快手无敌下饭酸辣醋溜土豆丝,无敌下饭酸辣醋溜土豆丝,1,删除营销定语
20292,酸甜菠萝排骨,酸甜菠萝排骨,0,未修改
20298,肉皮烧茄子,肉皮烧茄子,0,未修改
20342,紫洋葱炒鸡蛋,紫洋葱炒鸡蛋,0,未修改
20346,干贝虾米烧冬瓜,干贝虾米烧冬瓜,0,未修改
20353,板栗鲍鱼炖仔鸡,板栗鲍鱼炖仔鸡,0,未修改
20360,生酮－鲈鱼豆腐汤,生酮－鲈鱼豆腐汤,0,未修改
20382,儿童营养餐—肥牛卷炒油菜杆山药木耳,儿童营养餐—肥牛卷炒油菜杆山药木耳,0,未修改
20393,烤羊腿,烤羊腿,0,未修改
20419,冰镇杨梅汤,冰镇杨梅汤,0,未修改
20435,🔥简单好吃家常小炒——香菇炒肉🔥,简单好吃家常小炒——香菇炒肉,1,删除装饰符号
20438,清炒莴笋丝,清炒莴笋丝,0,未修改
20468,耗油焖鸡脚,耗油焖鸡脚,0,未修改
20493,农家盐卤豆腐煲,农家盐卤豆腐煲,0,未修改
20514,包白菜蛋汤,包白菜蛋汤,0,未修改
20523,宝宝最爱超快手无敌鲜美番茄火腿疙瘩汤,宝宝最爱超快手无敌鲜美番茄火腿疙瘩汤,0,未修改
20582,胡萝卜炒鸡蛋,胡萝卜炒鸡蛋,0,未修改
20613,夏日下饭菜：超级治愈的地三鲜,夏日下饭菜：超级治愈的地三鲜,0,未修改
20623,红烧五花肉,红烧五花肉,0,未修改
20632,我的 番茄鸡蛋汤,我的 番茄鸡蛋汤,0,未修改
20640,茄子煲,茄子煲,0,未修改
20653,胡萝卜虾仁炒肉,胡萝卜虾仁炒肉,0,未修改
20678,懒人平底锅版锡纸牛肉,平底锅版锡纸牛肉,1,删除营销定语
20683,胡萝卜金针菇炒鸡胸肉丝(减肥健身家常小炒）,胡萝卜金针菇炒鸡胸肉丝(减肥健身家常小炒）,0,未修改
20687,西红柿豌豆蛋汤,西红柿豌豆蛋汤,0,未修改
20689,凉拌苦瓜,凉拌苦瓜,0,未修改
20705,鱿鱼干虾米炒角瓜,鱿鱼干虾米炒角瓜,0,未修改
20708,🔥简单好做非常下饭的「虎皮青椒」🌶,简单好做非常下饭的「虎皮青椒」,1,删除装饰符号
20728,西葫芦炒肉片    （小美版）,西葫芦炒肉片,1,删除括号说明
20730,火山肥牛,火山肥牛,0,未修改
20742,蒜蓉生菜,蒜蓉生菜,0,未修改
20772,蒸茼蒿,蒸茼蒿,0,未修改
20785,【15分钟快手菜】辣炒平菇,辣炒平菇,1,删除开头标签
20818,豆瓣茄子肉丝,豆瓣茄子肉丝,0,未修改
20842,金猫咪食堂-农家一碗香,金猫咪食堂-农家一碗香,0,未修改
20895,小海鲜系列：炒鸡下饭的辣炒扇贝🌶️🌶️🌶️,小海鲜系列：炒鸡下饭的辣炒扇贝️️️,1,删除装饰符号
20910,芹菜炒鸡胸肉,芹菜炒鸡胸肉,0,未修改
20948,葱烧冻豆腐,葱烧冻豆腐,0,未修改
20990,超简单零难度还巨好吃的日式关东煮or火锅or蔬菜汤🥘,零难度还巨好吃的日式关东煮or火锅or蔬菜汤,1,删除营销定语；删除装饰符号
21021,鲜掉眉毛的蟹粉豆腐,鲜掉眉毛的蟹粉豆腐,0,未修改
21035,炖猪蹄,炖猪蹄,0,未修改
21041,自制辣白菜,辣白菜,1,删除营销定语
21084,豆瓣酱烧镜鱼,豆瓣酱烧镜鱼,0,未修改
21117,香菇肉片西芹炒面,香菇肉片西芹炒面,0,未修改
21166,蒜苔炒鸡蛋,蒜苔炒鸡蛋,0,未修改
21171,酸汤金针菇肉片剪面豆芽汤,酸汤金针菇肉片剪面豆芽汤,0,未修改
21239,想想虾仁炒西兰花,想想虾仁炒西兰花,0,未修改
21267,虾球炒秋葵,虾球炒秋葵,0,未修改
21279,油焖大虾,油焖大虾,0,未修改
21287,国庆家宴喜庆菜－干烧鲳鱼,国庆家宴喜庆菜－干烧鲳鱼,0,未修改
21296,滑蛋虾仁,滑蛋虾仁,0,未修改
21316,避风塘炒虾,避风塘炒虾,0,未修改
21369,家常烧鲷鱼,家常烧鲷鱼,0,未修改
21384,夏季美食苋菜杆炒香干,夏季美食苋菜杆炒香干,0,未修改
21401,红烧带鱼【贼下饭】,红烧带鱼【贼下饭】,0,未修改
21415,麻辣大拌菜（一汁成菜版）,麻辣大拌菜,1,删除括号说明
21426,香香辣辣—超下饭的开胃杭椒牛柳,香香辣辣—超下饭的开胃杭椒牛柳,0,未修改
21444,鲅鱼粉条（东北菜）,鲅鱼粉条,1,删除括号说明
21465,罗勒系列之爆炒蛏子,罗勒系列之爆炒蛏子,0,未修改
21470,冬日进补啦~羊肉白萝卜汤,冬日进补啦~羊肉白萝卜汤,0,未修改
21471,香煎龙利鱼,香煎龙利鱼,0,未修改
21474,茄汁大虾-简单版,茄汁大虾,1,删除版本后缀
21494,小龙虾盖饭,小龙虾盖饭,0,未修改
21508,健康饮食明天会更好,饮食明天会更好,1,删除营销定语
21588,家常凉拌米粉,家常凉拌米粉,0,未修改
21598,香浓咖喱牛肉饭,香浓咖喱牛肉饭,0,未修改
21599,芹菜炒腊肉,芹菜炒腊肉,0,未修改
21611,香辣小河鱼（＃湘潭篇）,香辣小河鱼,1,删除括号说明
21612,青椒大葱炒鸡蛋,青椒大葱炒鸡蛋,0,未修改
21614,一人の腊味饭,一人の腊味饭,0,未修改
21620,炒土豆丝,炒土豆丝,0,未修改
21646,荔浦芋头蒸腊肉,荔浦芋头蒸腊肉,0,未修改
21667,荠菜头炒肉,荠菜头炒肉,0,未修改
21691,甜甜的蒜苗肉丝（好吃）,甜甜的蒜苗肉丝,1,删除括号说明
21709,酸辣可口的捞汁小海鲜,酸辣可口的捞汁小海鲜,0,未修改
21713,木耳香干鸡蛋炒肉,木耳香干鸡蛋炒肉,0,未修改
21716,土豆炖肉,土豆炖肉,0,未修改
21722,番茄蛋花汤,番茄蛋花汤,0,未修改
21736,夏日快手必备 凉拌茄子,夏日快手必备 凉拌茄子,0,未修改
21749,简单好吃油焖大虾,油焖大虾,1,删除营销定语
21803,嫩滑性感鸡蛋羹,嫩滑性感鸡蛋羹,0,未修改
21805,香辣土豆片,香辣土豆片,0,未修改
21806,五彩鸡肉丝(内附胡萝卜切丝妙招),五彩鸡肉丝,1,删除括号说明
21809,家常美味小炒(炒豆芽),家常美味小炒,1,删除括号说明
21817,红烧肉,红烧肉,0,未修改
21834,小炒兔肉,小炒兔肉,0,未修改
21862,杂蔬蒸肉饼（伊莱特能量土锅）,杂蔬蒸肉饼,1,删除括号说明
21872,鱼香茄子：照片展现不出来的好吃~,鱼香茄子：照片展现不出来的好吃,1,未修改
21893,白萝卜排骨汤,白萝卜排骨汤,0,未修改
21980,洋葱焖三文鱼头,洋葱焖三文鱼头,0,未修改
21995,饺子皮咸蛋黄烧麦,饺子皮咸蛋黄烧麦,0,未修改
22004,酸辣鸭胗,酸辣鸭胗,0,未修改
22023,快手版本-鱼香茄子🍆,版本-鱼香茄子,1,删除营销定语；删除装饰符号
22024,炖豆腐（减肥代餐，附赠金沙豆腐）,炖豆腐,1,删除括号说明
22130,菜花炒西红柿,菜花炒西红柿,0,未修改
22133,减脂餐❗️日式照烧海苔豆腐｜酱汁超入味～,餐️日式照烧海苔豆腐｜酱汁超入味,1,删除营销定语；删除装饰符号
22157,最简单的原汁原味莲藕汤,最简单的原汁原味莲藕汤,0,未修改
22158,家常小炒四季豆,家常小炒四季豆,0,未修改
22160,黄瓜炒鸡蛋|清爽解腻，减脂必备,黄瓜炒鸡蛋|清爽解腻,1,删除宣传后句
22174,辣椒炒肉,辣椒炒肉,0,未修改
22179,家常小龙虾,家常小龙虾,0,未修改
22184,炸巴沙鱼柳,炸巴沙鱼柳,0,未修改
22220,青豆胡萝卜炒肉,青豆胡萝卜炒肉,0,未修改
22224,万能酱辣椒炒肉,万能酱辣椒炒肉,0,未修改
22258,摩飞锅家常干烧耗儿鱼~一道连汤汤都不剩的下饭菜,摩飞锅家常干烧耗儿鱼~一道连汤汤都不剩的下饭菜,0,未修改
22260,简易香辣蒜苗炒鸡蛋，巨下饭，特好吃,简易香辣蒜苗炒鸡蛋,1,删除宣传后句
22307,喷香土豆鸡肉咖喱饭,喷香土豆鸡肉咖喱饭,0,未修改
22310,香芹炒香干五花肉,香芹炒香干五花肉,0,未修改
22342,龙井茶香陈皮排骨,龙井茶香陈皮排骨,0,未修改
22343,咸鱼茄子,咸鱼茄子,0,未修改
22350,简单营养的韭菜炒豆皮,韭菜炒豆皮,1,删除营销定语
22356,蒜泥龙虾,蒜泥龙虾,0,未修改
22363,减脂餐/茄子炒豆角,餐/茄子炒豆角,1,删除营销定语
22391,姬松茸 羊肚菌 虫草花 鸽子汤,姬松茸 羊肚菌 虫草花 鸽子汤,0,未修改
22413,蒜蓉红苋菜,蒜蓉红苋菜,0,未修改
22419,青椒丝炒蛋,青椒丝炒蛋,0,未修改
22426,大葱炒肉,大葱炒肉,0,未修改
22436,巨下饭黄焖鸡,黄焖鸡,1,删除营销定语
22442,养生子排山药煲 #杭州家常菜,养生子排山药煲 #杭州家常菜,0,未修改
22456,苦瓜橄榄菜炒肉片,苦瓜橄榄菜炒肉片,0,未修改
22468,10分钟低脂美味蒜苔炒牛肉,10分钟低脂美味蒜苔炒牛肉,0,未修改
22470,韭菜花炒肉丝,韭菜花炒肉丝,0,未修改
22487,椒麻鸡🐤,椒麻鸡,1,删除装饰符号
22496,贵州尖椒鸡,贵州尖椒鸡,0,未修改
22518,韭黄炒鸡蛋,韭黄炒鸡蛋,0,未修改
22544,土豆炒牛肉,土豆炒牛肉,0,未修改
22575,鸡胸肉胡萝卜‼️一口小饭团‼️,鸡胸肉胡萝卜‼️一口小饭团‼️,0,未修改
22602,青椒土豆丝,青椒土豆丝,0,未修改
22620,芋头炖鹅肉,芋头炖鹅肉,0,未修改
22628,鲜掉眉毛的:清蒸子梅鱼,鲜掉眉毛的:清蒸子梅鱼,0,未修改
22655,五分钟快手菜凉拌海蜇丝,五分钟快手菜凉拌海蜇丝,0,未修改
22737,高颜值的番茄鸡蛋面🍜,高颜值的番茄鸡蛋面,1,删除装饰符号
22749,翡翠黄瓜卷,翡翠黄瓜卷,0,未修改
22769,芹菜腊肉炒蘑菇丁,芹菜腊肉炒蘑菇丁,0,未修改
22774,大白菜包肉,大白菜包肉,0,未修改
22792,家常毛血旺,家常毛血旺,0,未修改
22896,豆豉蒸排骨,豆豉蒸排骨,0,未修改
22909,沙姜焖鸡鸡,沙姜焖鸡鸡,0,未修改
22967,㊙️快手菜‼️三椒爆炒墨鱼头‼️鲜美诱人,㊙️快手菜‼️三椒爆炒墨鱼头‼️鲜美诱人,0,未修改
23020,葱油鸡,葱油鸡,0,未修改
23051,小清新，菌菇炒豆苗,小清新,1,删除宣传后句
23067,蚝油包生菜,蚝油包生菜,0,未修改
23071,蒜蓉粉丝金针菇蒸虾,蒜蓉粉丝金针菇蒸虾,0,未修改
23074,家常馅饼（胡萝卜猪肉馅）,家常馅饼,1,删除括号说明
23082,肉末蒸蛋,肉末蒸蛋,0,未修改
23083,辣椒炒鸡块,辣椒炒鸡块,0,未修改
23089,酸豆角肉沫（附豆角腌制教程）,酸豆角肉沫,1,删除括号说明
23120,金针菇蒸鳕鱼#麦子厨房美食锅#,金针菇蒸鳕鱼,1,删除话题说明
23135,王小丫炒鸡,王小丫炒鸡,0,未修改
23150,青椒土豆炒杏鲍菇（瑶瑶的）,青椒土豆炒杏鲍菇,1,删除括号说明
23162,油焖大虾爆金针,油焖大虾爆金针,0,未修改
23226,东北猪肉炖粉条,东北猪肉炖粉条,0,未修改
23227,荷兰豆炒腊肠,荷兰豆炒腊肠,0,未修改
23228,椒盐濑尿虾,椒盐濑尿虾,0,未修改
23235,零基础自学-萝卜骨头汤,零基础自学-萝卜骨头汤,0,未修改
23237,【彼得海鲜】家常菜快手菜之蒜蓉粉丝蒸夏夷贝扇贝,彼得海鲜 家常菜快手菜之蒜蓉粉丝蒸夏夷贝扇贝,1,展开标题方括号
23241,微波炉腊肠娃娃菜,微波炉腊肠娃娃菜,0,未修改
23243,酸菜粉条排骨-孕妇食谱,酸菜粉条排骨-孕妇食谱,0,未修改
23245,无油低盐版•家常香煎豆腐配尖椒,低盐版•家常香煎豆腐配尖椒,1,删除营销定语
23248,木耳山药炒牛肉,木耳山药炒牛肉,0,未修改
23250,家常芹菜炒豆皮,家常芹菜炒豆皮,0,未修改
23263,健康美味素食手撕包菜,素食手撕包菜,1,删除营销定语
23278,肉焖,肉焖,0,未修改
23297,鲜美豆腐羹,鲜美豆腐羹,0,未修改
23302,清蒸比目鱼,清蒸比目鱼,0,未修改
23321,接受新食物—低脂马兰头拌香干,接受新食物—低脂马兰头拌香干,0,未修改
23323,香根牛柳,香根牛柳,0,未修改
23339,炒豆角,炒豆角,0,未修改
23357,夏🌼 | 清新咸蛋黄心菜/白菜汤,夏 | 清新咸蛋黄心菜/白菜汤,1,删除装饰符号
23367,炒茧蛹,炒茧蛹,0,未修改
23393,韭菜炒蚕豆,韭菜炒蚕豆,0,未修改
23426,香辣鱿鱼须,香辣鱿鱼须,0,未修改
23470,莲藕棒骨汤/莲藕排骨汤,莲藕棒骨汤/莲藕排骨汤,0,未修改
23503,家常三鲜汤粉,家常三鲜汤粉,0,未修改
23508,蒜香XO辣椒酱沙锅焖鲶鱼,蒜香XO辣椒酱沙锅焖鲶鱼,0,未修改
23510,姜母鸭家常做法 闽南特色菜,姜母鸭家常做法 闽南特色菜,0,未修改
23548,香椿炒鸡蛋,香椿炒鸡蛋,0,未修改
23552,江阿姨菜谱-泰式柠檬酸菜鱼,江阿姨菜谱-泰式柠檬酸菜鱼,0,未修改
23561,无敌好吃的万能炒油条公式（青椒鸡蛋洋葱）,万能炒油条公式,1,删除括号说明；删除营销定语
23563,紫菜饭,紫菜饭,0,未修改
23570,娃娃菜炖土豆,娃娃菜炖土豆,0,未修改
23574,水煮鲷鱼,水煮鲷鱼,0,未修改
23579,100道减脂菜| 萝卜丝汤,100道减脂菜| 萝卜丝汤,0,未修改
23618,青椒炒腊肠,青椒炒腊肠,0,未修改
23630,超级下饭腊肠炒蒜苗,腊肠炒蒜苗,1,删除营销定语
23634,五花肉片炒花菜,五花肉片炒花菜,0,未修改
23660,香菇土豆扁豆炖红烧肉,香菇土豆扁豆炖红烧肉,0,未修改
23690,中餐 | 川味酱焖猪蹄【独家】,中餐 | 川味酱焖猪蹄【独家】,0,未修改
23694,盱眙十三香小龙虾,盱眙十三香小龙虾,0,未修改
23703,黄焖鸡腿,黄焖鸡腿,0,未修改
23708,煎肥牛杏鲍菇,煎肥牛杏鲍菇,0,未修改
23721,香味很浓的香菇炒肉,香味很浓的香菇炒肉,0,未修改
23735,下饭菜系列一梅干菜炒三丁,菜系列一梅干菜炒三丁,1,删除营销定语
23753,超简单白菜炒肉丝，新手小白也不会出错,白菜炒肉丝,1,删除营销定语；删除宣传后句
23765,无骨酸菜鱼,无骨酸菜鱼,0,未修改
23770,秘制苦瓜炒蛋,苦瓜炒蛋,1,删除营销定语
23802,笋干炆花腩肉,笋干炆花腩肉,0,未修改
23810,仔姜牛肉丝,仔姜牛肉丝,0,未修改
23816,茄子焖鲶鱼,茄子焖鲶鱼,0,未修改
23843,排骨蒸芋头,排骨蒸芋头,0,未修改
23872,孜然豆角鸡丁「下饭菜」,孜然豆角鸡丁「下饭菜」,0,未修改
23873,黄豆芽拌黄瓜（无油菜）,黄豆芽拌黄瓜,1,删除括号说明
23875,毛豆莴笋炒笋干,毛豆莴笋炒笋干,0,未修改
23879,清炒耳菜/儿菜,清炒耳菜/儿菜,0,未修改
23880,酸甜开胃又下饭|番茄炖牛肉（红烩牛腩）,酸甜开胃又下饭|番茄炖牛肉,1,删除括号说明
23885,虾丸,虾丸,0,未修改
23899,好吃的葱油花卷,葱油花卷,1,删除营销定语
23916,面条菜谱5⃣️-减肥营养-番茄罗勒意面（适合素食主义者）,面条菜谱5⃣️-减肥营养-番茄罗勒意面,1,删除括号说明
23955,蒜香焖排骨超简单电饭煲版,蒜香焖排骨超简单电饭煲版,0,未修改
23971,三文鱼鹅肝炒饭,三文鱼鹅肝炒饭,0,未修改
23994,最最最爱的蚝油草菇,最最最爱的蚝油草菇,0,未修改
24000,🌺玫瑰上海青，来自夏日的浓浓爱意🥬,玫瑰上海青,1,删除宣传后句；删除装饰符号
24009,海鲜豆腐粉丝汤,海鲜豆腐粉丝汤,0,未修改
24020,金针菇番茄鲜虾锅,金针菇番茄鲜虾锅,0,未修改
24028,韭黄炒蚬肉,韭黄炒蚬肉,0,未修改
24031,红烧鸡腿菇（无糖，甜）,红烧鸡腿菇,1,删除括号说明
24051,大家都爱的懒人云吞汤,大家都爱的懒人云吞汤,0,未修改
24076,布丁厨房之黑椒牛柳炒意面,布丁厨房之黑椒牛柳炒意面,0,未修改
24113,水煮牛蛙香辣田鸡,水煮牛蛙香辣田鸡,0,未修改
24120,白菜猪肉丸子汤,白菜猪肉丸子汤,0,未修改
24135,[白菜卷】——百菜不如白菜,白菜卷 ——百菜不如白菜,1,展开标题方括号
24141,七彩紫菜饭团（入门级快手菜）,七彩紫菜饭团,1,删除括号说明
24144,青椒炒腊肠,青椒炒腊肠,0,未修改
24172,开胃美味下饭晚餐香菇滑鸡,开胃美味下饭晚餐香菇滑鸡,0,未修改
24173,家常菜【豆泡红烧肉】外加两鸡蛋🥚,家常菜【豆泡红烧肉】外加两鸡蛋,1,删除装饰符号
24233,番茄肉丸+小白菜炒木耳（一人食/300大卡）,番茄肉丸+小白菜炒木耳,1,删除括号说明
24234,减脂增肌下菜饭｜高蛋白三色杂粮饭#Healthymeals#,增肌下菜饭｜高蛋白三色杂粮饭,1,删除话题说明；删除营销定语
24256,肉末蒸鸡蛋,肉末蒸鸡蛋,0,未修改
24267,四川的鱼香肉丝,四川的鱼香肉丝,0,未修改
24284,西芹炒腰果,西芹炒腰果,0,未修改
24294,手把手教你酿醪糟(甜酒，酒酿，酒糟),手把手教你酿醪糟,1,删除括号说明
24312,腊八粥,腊八粥,0,未修改
24343,鲫鱼萝卜汤,鲫鱼萝卜汤,0,未修改
24362,黄金蛋炒饭,黄金蛋炒饭,0,未修改
24377,莴笋鸡丁(鸡脯肉),莴笋鸡丁,1,删除括号说明
24419,双椒鸡丝,双椒鸡丝,0,未修改
24486,火腿筒骨汤,火腿筒骨汤,0,未修改
24515,家庭版家常豆腐香煎豆腐,家常豆腐香煎豆腐,1,删除场景定语
24517,懒人版酸菜鱼,版酸菜鱼,1,删除营销定语
24519,手撕包菜，这3样调料别少，太下饭了,手撕包菜,1,删除宣传后句
24520,喜欢清淡，不爱吃肉可以这样做，腐皮肉卷，加上番茄汁酸酸甜甜很开胃。,喜欢清淡,1,删除说明性后缀；删除宣传后句
24524,茼蒿菜饭,茼蒿菜饭,0,未修改
24529,潮汕肉卷,潮汕肉卷,0,未修改
24533,豆腐肉末酿香菇,豆腐肉末酿香菇,0,未修改
24547,韭黄芹菜孜然牛肉,韭黄芹菜孜然牛肉,0,未修改
24550,家常柴火鸡（土豆四季豆烧鸡）,家常柴火鸡,1,删除括号说明
24555,酸辣白菜,酸辣白菜,0,未修改
24599,鸡腿蔬菜汤,鸡腿蔬菜汤,0,未修改
24613,家常酸菜鱼,家常酸菜鱼,0,未修改
24639,洋葱炒土豆片,洋葱炒土豆片,0,未修改
24640,老汤炖肉,老汤炖肉,0,未修改
24651,紫苏炒虾,紫苏炒虾,0,未修改
24654,芹菜金针菇炒肉丝,芹菜金针菇炒肉丝,0,未修改
24664,白萝卜鱼丸汤🐟,白萝卜鱼丸汤,1,删除装饰符号
24665,小炒黄牛肉,小炒黄牛肉,0,未修改
24668,萝卜马蹄羊肉汤,萝卜马蹄羊肉汤,0,未修改
24681,红烧黄鳝,红烧黄鳝,0,未修改
24719,荷塘小炒（微辣版）,荷塘小炒,1,删除括号说明
24731,小莴苣苗炒鸡蛋,小莴苣苗炒鸡蛋,0,未修改
24747,❤️神仙家常炒米粉,️神仙家常炒米粉,1,删除装饰符号
24756,韭黄豆腐皮,韭黄豆腐皮,0,未修改
24777,香菇卤肉饭,香菇卤肉饭,0,未修改
24817,快手菜豆豉蒸排骨,菜豆豉蒸排骨,1,删除营销定语
24818,喷香喷香的砂锅咖喱牛肉炖土豆,喷香喷香的砂锅咖喱牛肉炖土豆,0,未修改
24821,孩子喜欢的酸甜番茄龙利鱼,孩子喜欢的酸甜番茄龙利鱼,0,未修改
24830,蒜蓉炒上海青🥬,蒜蓉炒上海青,1,删除装饰符号
24847,抓饭,抓饭,0,未修改
24862,㊙️一人食|咸蛋黄焗大虾 （懒人版）,㊙️一人食|咸蛋黄焗大虾,1,删除括号说明
24884,孜然小炒羊肉,孜然小炒羊肉,0,未修改
24920,蚝油双椒手撕杏鲍菇，一口就会爱上它,蚝油双椒手撕杏鲍菇,1,删除宣传后句
24932,清炒马蹄（荸荠）,清炒马蹄,1,删除括号说明
24933,超下饭的酸包菜炒红薯粉,酸包菜炒红薯粉,1,删除营销定语
24938,开胃酸爽的南宁老友粉,开胃酸爽的南宁老友粉,0,未修改
24948,鲜美的肉圆白菜粉丝煲,鲜美的肉圆白菜粉丝煲,0,未修改
25055,新猪肉碎十谷粥,新猪肉碎十谷粥,0,未修改
25056,增肌减脂代餐奶昔,增肌减脂代餐奶昔,0,未修改
25079,清蒸鲈鱼,清蒸鲈鱼,0,未修改
25087,清淡清新～菠萝炒饭,清新～菠萝炒饭,1,删除营销定语
25090,铁锅炖鱼,铁锅炖鱼,0,未修改
25100,森哥随手做的菜-清蒸开背鲈鱼,森哥随手做的菜-清蒸开背鲈鱼,0,未修改
25115,酸梅鸡中翅,酸梅鸡中翅,0,未修改
25123,一鱼两吃の【鱼头豆腐汤】,一鱼两吃の【鱼头豆腐汤】,0,未修改
25148,五花肉炖白萝卜(超香),五花肉炖白萝卜,1,删除括号说明
25164,[鸡蛋包豆腐],鸡蛋包豆腐,1,展开标题方括号
25199,【凉拌百搭-川味红油】,凉拌百搭-川味红油,1,展开标题方括号
25201,青椒洋葱蒜蓉椒盐虾仁,青椒洋葱蒜蓉椒盐虾仁,0,未修改
25215,快手菜：西葫芦丝炒鸡蛋,西葫芦丝炒鸡蛋,1,删除分类前缀
25238,腌萝卜干,腌萝卜干,0,未修改
25244,无敌快手美味的凉拌苦瓜,无敌快手美味的凉拌苦瓜,0,未修改
25261,陈醋炒鸡蛋,陈醋炒鸡蛋,0,未修改
25314,家常菜-东北炖豆角,东北炖豆角,1,删除分类前缀
25354,板栗烧肉,板栗烧肉,0,未修改
25365,角瓜海蛎子猪肉馅饺子,角瓜海蛎子猪肉馅饺子,0,未修改
25380,两人食快手菜之蚝油生菜,两人食快手菜之蚝油生菜,0,未修改
25383,茅台黄焖鸭,茅台黄焖鸭,0,未修改
25391,辣炒花哈,辣炒花哈,0,未修改
25412,韭菜鸡蛋炒粉丝,韭菜鸡蛋炒粉丝,0,未修改
25418,快手豆芽炒肉,豆芽炒肉,1,删除营销定语
25445,龙利鱼清蒸搭配玉米木耳西兰花鸡蛋便当,龙利鱼清蒸搭配玉米木耳西兰花鸡蛋便当,0,未修改
25447,春的礼赞-凉拌鱼腥草/折耳根,春的礼赞-凉拌鱼腥草/折耳根,0,未修改
25524,红烧鸡块,红烧鸡块,0,未修改
25530,#氨基酸味道#白菜海茸大酱汤,白菜海茸大酱汤,1,删除话题说明
25532,酸菜牛肉,酸菜牛肉,0,未修改
25595,蚝油生菜（简易做法）,蚝油生菜,1,删除括号说明
25598,油焖茄子吃腻了，不如换个吃法，试试这道加两个公鸡蛋肉末茄子烧,油焖茄子吃腻了,1,删除宣传后句
25662,凉拌土豆片,凉拌土豆片,0,未修改
25687,咖喱土豆牛肉,咖喱土豆牛肉,0,未修改
25729,干煸土豆条,干煸土豆条,0,未修改
25778,一锅东北乱炖,一锅东北乱炖,0,未修改
25781,广式三色蒸水蛋,广式三色蒸水蛋,0,未修改
25798,老妈味道【回锅肉】川味经典·闻着让人开胃家常菜,老妈味道【回锅肉】川味经典·闻着让人开胃家常菜,0,未修改
25811,百搭酱汁——焖煮豆腐干,百搭酱汁——焖煮豆腐干,0,未修改
25848,尖椒鸡蛋,尖椒鸡蛋,0,未修改
25864,榄菜肉沫四季豆 | 超级下饭,榄菜肉沫四季豆 | 超级下饭,0,未修改
25878,牛肉炒芒果,牛肉炒芒果,0,未修改
25891,番茄龙利鱼,番茄龙利鱼,0,未修改
25909,咕噜噜🥄鲫鱼豆腐汤🍲,咕噜噜鲫鱼豆腐汤,1,删除装饰符号
25944,牛腩炖萝卜,牛腩炖萝卜,0,未修改
25954,自制鲜虾丸,鲜虾丸,1,删除营销定语
25974,家庭版凉拌肚丝,凉拌肚丝,1,删除场景定语
25987,两人食下饭菜之土豆炖鸡,两人食下饭菜之土豆炖鸡,0,未修改
25993,酸汤金针菇肥牛,酸汤金针菇肥牛,0,未修改
26004,茭瓜炒蛋,茭瓜炒蛋,0,未修改
26008,洋葱炒鸡胗,洋葱炒鸡胗,0,未修改
26020,家常蛋煎豆腐,家常蛋煎豆腐,0,未修改
26025,疫情期间-锅气十足快手陈村粉,疫情期间-锅气十足快手陈村粉,0,未修改
26039,红烧带鱼最经典最家常的做法 可当热菜也可是冷盘 味道都一样好,红烧带鱼最经典最家常的做法 可当热菜也可是冷盘 味道都一样好,0,未修改
26040,简易版津味醋溜木须,简易版津味醋溜木须,0,未修改
26091,海鲜大咖,海鲜大咖,0,未修改
26121,干煸小河虾,干煸小河虾,0,未修改
26138,鸭血炒香芹,鸭血炒香芹,0,未修改
26152,辣椒炒羊肉,辣椒炒羊肉,0,未修改
26189,五彩贝柱,五彩贝柱,0,未修改
26224,爆香蒜蓉金针菇,爆香蒜蓉金针菇,0,未修改
26240,茄子豆角,茄子豆角,0,未修改
26258,清淡又营养的平菇木耳汤,又营养的平菇木耳汤,1,删除营销定语
26261,健康又美味—番茄炖牛肉,又美味—番茄炖牛肉,1,删除营销定语
26271,四季豆炒肉糜,四季豆炒肉糜,0,未修改
26315,【土豆炒鸡肉 快手下饭菜】,【土豆炒鸡肉 快手下饭菜】,0,删除开头标签；清洗结果过短，回退原名
26326,产妇月子菜~筒骨冬乌🐙山药汤,产妇月子菜~筒骨冬乌山药汤,1,删除装饰符号
26330,肉丝拉皮,肉丝拉皮,0,未修改
26336,姜葱鸡煲,姜葱鸡煲,0,未修改
26350,牛肉炖萝卜,牛肉炖萝卜,0,未修改
26357,肥牛粉丝煲,肥牛粉丝煲,0,未修改
26378,彩椒豆腐酿香菇（伊莱特能量土锅）,彩椒豆腐酿香菇,1,删除括号说明
26406,炝炒红菜苔,炝炒红菜苔,0,未修改
26461,蒜蓉迷迭香油焖鸡翅,蒜蓉迷迭香油焖鸡翅,0,未修改
26487,低卡玉米鸡肉丸,低卡玉米鸡肉丸,0,未修改
26492,腊肉系列-腊肉蒜苔炒豆干,腊肉系列-腊肉蒜苔炒豆干,0,未修改
26520,南京话梅开胃鸭,南京话梅开胃鸭,0,未修改
26554,青椒火腿肠土豆片（日本的妹妹一口气吃掉大半盘子）,青椒火腿肠土豆片,1,删除括号说明
26576,什锦炒饭,什锦炒饭,0,未修改
26581,爆炒卷心菜,爆炒卷心菜,0,未修改
26583,最简单的豆豉鲮鱼油麦菜,最简单的豆豉鲮鱼油麦菜,0,未修改
26589,重庆人的红烧牛肉配黄豆 ~~~ 记录下我妈的拿手川菜,重庆人的红烧牛肉配黄豆 ~~~ 记录下我妈的拿手川菜,0,未修改
26598,番茄虾仁菠萝三色糙米藜麦菜脯咖喱椰浆泰式蛋炒饭,番茄虾仁菠萝三色糙米藜麦菜脯咖喱椰浆泰式蛋炒饭,0,未修改
26614,芥末糕鱿筒,芥末糕鱿筒,0,未修改
26618,春天的丝瓜毛豆,春天的丝瓜毛豆,0,未修改
26632,【记录】每日便当/盒饭（主米饭）,记录 每日便当/盒饭,1,展开标题方括号；删除括号说明
26656,茴香根炒肉丝（强烈种草🌱）,茴香根炒肉丝,1,删除括号说明
26667,简单美味的蒜蓉西兰花🥦,蒜蓉西兰花,1,删除营销定语；删除装饰符号
26672,乡里辣椒炒蛋/白煮蛋还能炒着吃,乡里辣椒炒蛋/白煮蛋还能炒着吃,0,未修改
26706,凉拌荷兰豆,凉拌荷兰豆,0,未修改
26708,过一个没有蒜味手指的夏天，看小美烧青菜,过一个没有蒜味手指的夏天,1,删除宣传后句
26761,鱼豆腐,鱼豆腐,0,未修改
26774,辣椒炒排骨,辣椒炒排骨,0,未修改
26779,小安家味︴丝瓜烧腐竹（丝瓜没有土腥味的秘密）,小安家味︴丝瓜烧腐竹,1,删除括号说明
26782,真姬菇蛤肉汤（伊莱特能量土锅）,真姬菇蛤肉汤,1,删除括号说明
26789,蒜香鸡翅,蒜香鸡翅,0,未修改
26802,败火的老干妈豆豉苦瓜,败火的老干妈豆豉苦瓜,0,未修改
26807,三杯老豆腐,三杯老豆腐,0,未修改
26850,腊肉炒花菜（无油版）,腊肉炒花菜,1,删除括号说明
26862,无油焖鸡翅,焖鸡翅,1,删除营销定语
26871,赶鸭子上架的啤酒魔芋烧鸭腿,赶鸭子上架的啤酒魔芋烧鸭腿,0,未修改
26874,简单版蒜蓉蒸茄子,版蒜蓉蒸茄子,1,删除营销定语
26903,爆炒鸭胗,爆炒鸭胗,0,未修改
26954,葱爆羊肉,葱爆羊肉,0,未修改
26975,白萝卜炖牛腩,白萝卜炖牛腩,0,未修改
26995,栗子鸡,栗子鸡,0,未修改
27005,简单版黄花菜烧肉,版黄花菜烧肉,1,删除营销定语
27015,给孩子补钙 好喝的冬瓜汤,给孩子补钙 好喝的冬瓜汤,0,未修改
27051,尖椒炒干豆腐,尖椒炒干豆腐,0,未修改
27057,藜麦虾仁沙拉,藜麦虾仁沙拉,0,未修改
27064,葱烤大排,葱烤大排,0,未修改
27071,虾酱炒茼蒿,虾酱炒茼蒿,0,未修改
27106,上汤豆苗,上汤豆苗,0,未修改
27112,👍嫩滑⭕️不碎的酸菜鱼😁,嫩滑⭕️不碎的酸菜鱼,1,删除装饰符号
27117,焖锅鸡翅——Staub铸铁锅,焖锅鸡翅——Staub铸铁锅,0,未修改
27120,泰式青柠鱼,泰式青柠鱼,0,未修改
27139,西红柿土豆炖牛肉,西红柿土豆炖牛肉,0,未修改
27155,烂糊菜（无油菜）,烂糊菜,1,删除括号说明
27173,西葫芦鸡蛋饼(有克重),西葫芦鸡蛋饼,1,删除括号说明
27196,红烧鳝鱼(简单易学家常菜),红烧鳝鱼,1,删除括号说明
27238,美味少油健康版水煮沸腾鱼片,版水煮沸腾鱼片,1,删除营销定语
27339,酱油鸡,酱油鸡,0,未修改
27348,宫爆鸡丁,宫爆鸡丁,0,未修改
27399,淮山鸡蛋汤,淮山鸡蛋汤,0,未修改
27413,年饭剩菜百鸟归巢之鲍鱼鸡海参花胶焖生菜,年饭剩菜百鸟归巢之鲍鱼鸡海参花胶焖生菜,0,未修改
27422,快手菜|爆炒猪心,爆炒猪心,1,删除分类前缀
27437,鲜虾豆腐蔬菜小饼,鲜虾豆腐蔬菜小饼,0,未修改
27443,肉臊芙蓉蛋羹，老少皆宜营养美食,肉臊芙蓉蛋羹,1,删除宣传后句
27467,翡翠虾仁,翡翠虾仁,0,未修改
27471,山核桃派/碧根果派 Pecan pie 低卡低热量版,山核桃派/碧根果派 Pecan pie 低卡低热量版,0,未修改
27502,红烧鸡爪,红烧鸡爪,0,未修改
27507,酱烧茄子,酱烧茄子,0,未修改
27521,辣炒西葫芦,辣炒西葫芦,0,未修改
27555,茄子肉饺子,茄子肉饺子,0,未修改
27570,油焖大虾,油焖大虾,0,未修改
27600,减肥食谱：夏天的茭白这样吃！牛肉粒爆三丁。,牛肉粒爆三丁,1,删除场景引导语；删除宣传后句
27628,鸡胸肉版鱼香肉丝,鸡胸肉版鱼香肉丝,0,未修改
27633,线椒圈火腿鸡蛋,线椒圈火腿鸡蛋,0,未修改
27635,油豆腐炒青菜,油豆腐炒青菜,0,未修改
27680,腊肠炒土豆片,腊肠炒土豆片,0,未修改
27692,干煸肥肠-肥肠这么做，肥而不腻还很有嚼劲，没有人能抵挡得了诱惑,干煸肥肠-肥肠这么做,1,删除宣传后句
27693,水煮肉片,水煮肉片,0,未修改
27717,上班族的快手大餐 锡纸牛肉,上班族的快手大餐 锡纸牛肉,0,未修改
27727,西红柿炒猪肉,西红柿炒猪肉,0,未修改
27738,鸡胸肉焖饭,鸡胸肉焖饭,0,未修改
27743,2分钟就能做好的《凉拌拍青瓜》,2分钟就能做好的凉拌拍青瓜,1,未修改
27838,水煮河虾,水煮河虾,0,未修改
27859,清炒时蔬,清炒时蔬,0,未修改
27880,青椒土豆丝             （醋溜土豆丝）,青椒土豆丝,1,删除括号说明
27890,香喷喷的炒年糕,炒年糕,1,删除营销定语
27892,🌸菠菜炒鸡蛋😜简单好吃👍营养健康❗️,菠菜炒鸡蛋简单好吃营养健康️,1,删除装饰符号
27937,教你做出鲜美嫩滑蒸蛋羹,教你做出鲜美嫩滑蒸蛋羹,0,未修改
27938,茄子炖土豆,茄子炖土豆,0,未修改
27956,尖椒牛柳,尖椒牛柳,0,未修改
27964,家常蒜苔炒肉,家常蒜苔炒肉,0,未修改
27967,饭扫光@宫保鸡丁,饭扫光@宫保鸡丁,0,未修改
27968,西芹百合,西芹百合,0,未修改
27977,干锅土豆,干锅土豆,0,未修改
27979,芦笋炒虾仁‼️清爽可口，好吃不怕胖,芦笋炒虾仁‼️清爽可口,1,删除宣传后句
27981,花雕酒红烧肉超香,花雕酒红烧肉超香,0,未修改
27993,湿炒牛河,湿炒牛河,0,未修改
28022,5分钟快手菜🥗低脂健康的凉拌秋葵😋,5分钟快手菜低脂健康的凉拌秋葵,1,删除装饰符号
28032,辣炒鸭肠,辣炒鸭肠,0,未修改
28039,酸辣下饭的泡菜苕粉肉丝,酸辣下饭的泡菜苕粉肉丝,0,未修改
28057,爆下饭的酸辣鸡胗,爆下饭的酸辣鸡胗,0,未修改
28063,肉末浇汁嫩豆腐,肉末浇汁嫩豆腐,0,未修改
28083,回锅牛肉（青椒洋葱炒牛肉）,回锅牛肉,1,删除括号说明
28097,鲜香润滑香菇蒸鸡,鲜香润滑香菇蒸鸡,0,未修改
28099,海底椰皇蜜枣排骨汤（伊莱特能量土锅）,海底椰皇蜜枣排骨汤,1,删除括号说明
28102,家常黄骨鱼,家常黄骨鱼,0,未修改
28118,红烧大虾,红烧大虾,0,未修改
28170,蒜蓉粉丝蒸虾,蒜蓉粉丝蒸虾,0,未修改
28195,猪肉豆腐粉条,猪肉豆腐粉条,0,未修改
28198,香脆肉炒饼,香脆肉炒饼,0,未修改
28209,蒜炒土豆片(妈妈版),蒜炒土豆片,1,删除括号说明
28212,日式牛肉饭（牛丼）,日式牛肉饭,1,删除括号说明
28237,【泡菜肥牛豆腐🍜泡汤面】,泡菜肥牛豆腐泡汤面,1,展开标题方括号；删除装饰符号
28244,油面筋塞肉,油面筋塞肉,0,未修改
28262,腊肠炒花菜,腊肠炒花菜,0,未修改
28290,鲜美鸭子冬瓜汤，用烤鸭骨头架子做的,鲜美鸭子冬瓜汤,1,删除宣传后句
28348,干贝炒黄瓜,干贝炒黄瓜,0,未修改
28407,双椒小炒鸡,双椒小炒鸡,0,未修改
28412,家常上汤娃娃菜,家常上汤娃娃菜,0,未修改
28414,青椒炒牛肉,青椒炒牛肉,0,未修改
28462,记忆中的味道～鸭血百叶豆腐汤羹,记忆中的味道～鸭血百叶豆腐汤羹,0,未修改
28495,韭菜炒豆芽,韭菜炒豆芽,0,未修改
28497,醋香腐竹木耳炒五花肉片,醋香腐竹木耳炒五花肉片,0,未修改
28519,粉丝娃娃菜,粉丝娃娃菜,0,未修改
28521,香菇土豆烧鸡腿,香菇土豆烧鸡腿,0,未修改
28539,5分钟搞定爆好吃的豆豉鲮鱼油麦菜,5分钟搞定爆好吃的豆豉鲮鱼油麦菜,0,未修改
28540,海带排骨汤,海带排骨汤,0,未修改
28550,茄子西红柿,茄子西红柿,0,未修改
28603,超级简单下饭的橄榄菜四季豆,橄榄菜四季豆,1,删除营销定语
28617,蒜苔炒鸭胗,蒜苔炒鸭胗,0,未修改
28622,番茄土豆牛腩汤-高压锅版,番茄土豆牛腩汤-高压锅版,0,未修改
28634,三丝炒,三丝炒,0,未修改
28639,神操作不柴的鸡胸肉！软萌鸡丁炒四季豆,神操作不柴的鸡胸肉,1,删除宣传后句
28642,香菇番茄汤,香菇番茄汤,0,未修改
28688,番茄土豆排骨汤,番茄土豆排骨汤,0,未修改
28701,清炒空心菜,清炒空心菜,0,未修改
28709,清炒菠菜,清炒菠菜,0,未修改
28711,山药炒木耳,山药炒木耳,0,未修改
28716,西红柿豆腐菌菇汤,西红柿豆腐菌菇汤,0,未修改
28723,鸡胸肉片炒蘑菇,鸡胸肉片炒蘑菇,0,未修改
28743,孜然石蛋，煎馒头片，烧烤甘蓝一锅出,孜然石蛋,1,删除宣传后句
28745,回锅再造的焦熘丸子,回锅再造的焦熘丸子,0,未修改
28750,爆炒猪肚,爆炒猪肚,0,未修改
28801,金丝栗瓜蒸排骨,金丝栗瓜蒸排骨,0,未修改
28819,方便易做的家常水煮鱼（龙利鱼版）,方便易做的家常水煮鱼,1,删除括号说明
28825,99-爆炒花蛤,99-爆炒花蛤,0,未修改
28854,干锅花菜#麦子厨房美食锅#,干锅花菜,1,删除话题说明
28891,明虾鸡爪煲,明虾鸡爪煲,0,未修改
28895,冬瓜炒腊肉,冬瓜炒腊肉,0,未修改
28903,香菇滑鸡片/香菇炒鸡胸肉,香菇滑鸡片/香菇炒鸡胸肉,0,未修改
28973,藤椒红烧鱼,藤椒红烧鱼,0,未修改
28991,农家小炒肉,农家小炒肉,0,未修改
29011,藤椒金针菇,藤椒金针菇,0,未修改
29015,豆腐蒸肉沫,豆腐蒸肉沫,0,未修改
29033,酱油鸡蛋（不需容器）,酱油鸡蛋,1,删除括号说明
29036,胡萝卜炒鸡蛋,胡萝卜炒鸡蛋,0,未修改
29057,浏阳醋蒸鸡（鸡肉嫩，汤汁酸辣）,浏阳醋蒸鸡,1,删除括号说明
29060,腐竹烧香菇,腐竹烧香菇,0,未修改
29068,香鲜砂锅花甲粉丝,香鲜砂锅花甲粉丝,0,未修改
29080,清淡 减脂 金钩豆芽海带汤,减脂 金钩豆芽海带汤,1,删除营销定语
29105,白菜豆腐面,白菜豆腐面,0,未修改
29139,蒜黄木耳炒鸡蛋,蒜黄木耳炒鸡蛋,0,未修改
29151,油爆河虾,油爆河虾,0,未修改
29152,爆炒鱿鱼                          请再多些米饭🍚,爆炒鱿鱼 请再多些米饭,1,删除装饰符号
29164,催奶汤—鲫鱼煲通草王不留行,催奶汤—鲫鱼煲通草王不留行,0,未修改
29173,藜麦花胶鱼胶美容瘦身减肥汤粥,藜麦花胶鱼胶美容瘦身减肥汤粥,0,未修改
29239,宝宝辅食-洋葱芹菜炒牛肉,宝宝辅食-洋葱芹菜炒牛肉,0,未修改
29261,红烧杏鲍菇,红烧杏鲍菇,0,未修改
29267,素炒什锦,素炒什锦,0,未修改
29281,湘菜🌶辣椒炒肉,湘菜辣椒炒肉,1,删除装饰符号
29319,白灼芥兰,白灼芥兰,0,未修改
29326,豉香豌豆鸡米炒茄丁,豉香豌豆鸡米炒茄丁,0,未修改
29346,小鸡炖蘑菇,小鸡炖蘑菇,0,未修改
29403,青椒肉丝炒面,青椒肉丝炒面,0,未修改
29438,酸汤牛肉面,酸汤牛肉面,0,未修改
29447,芸豆猪肉炖粉条/芸豆炖肉/芸豆炖粉条,芸豆猪肉炖粉条/芸豆炖肉/芸豆炖粉条,0,未修改
29478,清炒手撕白菜,清炒手撕白菜,0,未修改
29514,南瓜小米粥,南瓜小米粥,0,未修改
29524,萝卜丝鲫鱼汤,萝卜丝鲫鱼汤,0,未修改
29543,辅食版番茄炖牛腩,辅食版番茄炖牛腩,0,未修改
29547,青椒炒杏鲍菇,青椒炒杏鲍菇,0,未修改
29612,醋熘白菜（减肥也可以吃哦~）,醋熘白菜,1,删除括号说明
29614,蟹粉蛋,蟹粉蛋,0,未修改
29615,懒人版#红烧土豆翅根,版#红烧土豆翅根,1,删除营销定语
29683,蒜苔炒肉,蒜苔炒肉,0,未修改
29706,锅塌豆腐（中餐厅张亮版）,锅塌豆腐,1,删除括号说明
29708,【彼得海鲜】高大上家常菜快手菜之葱烧海参,彼得海鲜 高大上家常菜快手菜之葱烧海参,1,展开标题方括号
29712,超级下饭的家常豆干青椒炒肉丝,家常豆干青椒炒肉丝,1,删除营销定语
29755,海米油菜,海米油菜,0,未修改
29763,爆炒鸡杂『喷香下饭菜』香炒鸡杂,爆炒鸡杂『喷香下饭菜』香炒鸡杂,0,未修改
29773,低碳生酮爆浆芝士炸猪排 #厨房小白必备 #超快手,低碳生酮爆浆芝士炸猪排 超快手,1,删除话题说明
29778,咖喱鸡翅饭,咖喱鸡翅饭,0,未修改
29791,红烧猪蹄,红烧猪蹄,0,未修改
29860,鱼腥草（折耳根）炒腊肉,鱼腥草炒腊肉,1,删除括号说明
29863,卤牛肉/炖牛肉,卤牛肉/炖牛肉,0,未修改
29938,红辣椒炒肉丝,红辣椒炒肉丝,0,未修改
29942,香辣干豆腐皮,香辣干豆腐皮,0,未修改
29958,老师傅的姜汁热窝儿鸡,老师傅的姜汁热窝儿鸡,0,未修改
30017,香辣蟹炒年糕,香辣蟹炒年糕,0,未修改
30039,红烧桂花鱼,红烧桂花鱼,0,未修改
30055,看不到花椒却麻掉嘴的椒麻鸡！好吃不怕胖！,看不到花椒却麻掉嘴的椒麻鸡,1,删除宣传后句
30086,【15分钟快手菜】三文鱼烧豆腐,三文鱼烧豆腐,1,删除开头标签
30119,家常土豆豆角盖饭,家常土豆豆角盖饭,0,未修改
30121,超下饭的番茄肥牛煲,番茄肥牛煲,1,删除营销定语
30158,西红柿烩茄子（超清淡）,西红柿烩茄子,1,删除括号说明
30159,牛肉炒芹菜（附牛肉滑嫩口感秘籍）,牛肉炒芹菜,1,删除括号说明
30165,腌笃鲜,腌笃鲜,0,未修改
30184,爆炒猪肝,爆炒猪肝,0,未修改
30208,辣炒酸豆角(伴粥小菜),辣炒酸豆角,1,删除括号说明
30218,海鲜炒面,海鲜炒面,0,未修改
30224,墨鱼笋丝,墨鱼笋丝,0,未修改
30228,辣炒蚬子,辣炒蚬子,0,未修改
30239,南乳土豆（孜然土豆改版）,南乳土豆,1,删除括号说明
30272,彩椒炒肉(*≧ω≦),彩椒炒肉,1,删除括号说明
30284,豪油焗虾,豪油焗虾,0,未修改
30287,爆炒八爪鱼,爆炒八爪鱼,0,未修改
30313,看起来复杂，做起来超简单：明虾鸡爪煲,看起来复杂,1,删除宣传后句
30341,香菜炒牛肉,香菜炒牛肉,0,未修改
30344,蚝油豆腐,蚝油豆腐,0,未修改
30358,简单易烧的黄金虾酱烧豆腐 ，拿肉跟我换都不给！,易烧的黄金虾酱烧豆腐,1,删除营销定语；删除宣传后句
30378,蚝油白灵菇,蚝油白灵菇,0,未修改
30388,家常香芹爆炒牛肉丝,家常香芹爆炒牛肉丝,0,未修改
30395,栗子鸭块,栗子鸭块,0,未修改
30398,辣炒迷你八爪鱼,辣炒迷你八爪鱼,0,未修改
30438,芹菜炒木耳豆腐干,芹菜炒木耳豆腐干,0,未修改
30458,牛肚汤,牛肚汤,0,未修改
30480,回锅肉,回锅肉,0,未修改
30500,家常花菜炒火腿肠,家常花菜炒火腿肠,0,未修改
30504,豉汁蒸白鳝,豉汁蒸白鳝,0,未修改
30551,四季豆焖面,四季豆焖面,0,未修改
30559,西葫芦鸡蛋饼,西葫芦鸡蛋饼,0,未修改
30561,黑椒口蘑炒牛肉,黑椒口蘑炒牛肉,0,未修改
30565,红椰菜五彩乌冬面,红椰菜五彩乌冬面,0,未修改
30574,椒麻鸡,椒麻鸡,0,未修改
30632,无敌下饭菜｜黑三剁,无敌下饭菜｜黑三剁,0,未修改
30648,春笋肉片,春笋肉片,0,未修改
30685,姜母鸡,姜母鸡,0,未修改
30686,丝瓜胡萝卜瘦肉汤,丝瓜胡萝卜瘦肉汤,0,未修改
30759,素炒松花菜,素炒松花菜,0,未修改
30772,㊙️低脂美味家常菜红烧冬瓜～比肉好吃😋,㊙️低脂美味家常菜红烧冬瓜～比肉好吃,1,删除装饰符号
30782,酱烧面筋,酱烧面筋,0,未修改
30805,好吃好看‼️还刮油‼️的菌菇炒时蔬,好看‼️还刮油‼️的菌菇炒时蔬,1,删除营销定语
30817,蒜泥白肉,蒜泥白肉,0,未修改
30872,跟妈妈偷学的芋儿鸡，老公说可以去开店了,跟妈妈偷学的芋儿鸡,1,删除宣传后句
30897,椒丝腐乳炒通菜,椒丝腐乳炒通菜,0,未修改
30918,五分钟快手-青椒牛肉丝,五分钟快手-青椒牛肉丝,0,未修改
30925,青瓜鸡蛋腊肉炒饭,青瓜鸡蛋腊肉炒饭,0,未修改
30936,㊙️减脂高钙高蛋白😋鲜掉眉毛的娃娃菜豆腐汤～,㊙️减脂高钙高蛋白鲜掉眉毛的娃娃菜豆腐汤,1,删除装饰符号
30966,素食·香煎豆腐木耳尖椒,素食·香煎豆腐木耳尖椒,0,未修改
30979,番茄金针菇豆腐-太太乐鲜鸡汁快手菜,番茄金针菇豆腐-太太乐鲜鸡汁快手菜,0,未修改
30987,虾仁炒西芹,虾仁炒西芹,0,未修改
30995,番茄汆汤圆子,番茄汆汤圆子,0,未修改
30998,鲫鱼豆腐汤,鲫鱼豆腐汤,0,未修改
31013,凉拌银耳｜5分钟搞定，改变的是做法，不变的是美味,凉拌银耳｜5分钟搞定,1,删除宣传后句
31029,快手傻子家常菜：香菇油菜x鲍鱼罐头,傻子家常菜：香菇油菜x鲍鱼罐头,1,删除营销定语
31039,下饭菜—酸菜炒肉沫,酸菜炒肉沫,1,删除分类前缀
31045,米饭杀手六——无油版 萝卜丁炒腊肉,米饭杀手六——无油版 萝卜丁炒腊肉,0,未修改
31048,萝卜丝炖大虾,萝卜丝炖大虾,0,未修改
31064,手撕鸭腿肉,手撕鸭腿肉,0,未修改
31094,炒小白菜,炒小白菜,0,未修改
31120,西红柿豆角炒肉丝（贵州家常菜）,西红柿豆角炒肉丝,1,删除括号说明
31168,芹菜炒豆腐,芹菜炒豆腐,0,未修改
31192,东北小菜：蒜茄子🍆,东北小菜：蒜茄子,1,删除装饰符号
31200,南乳排骨,南乳排骨,0,未修改
31234,蒸蛋牛丸杂菜汤，快手好吃,蒸蛋牛丸杂菜汤,1,删除宣传后句
31237,超级简单的炝炒豆角,炝炒豆角,1,删除营销定语
31267,茭白毛豆（肉丝）,茭白毛豆,1,删除括号说明
31275,【鱼香肉丝】没有鱼的鱼香肉丝，简单的美味~ ​​​​,鱼香肉丝 没有鱼的鱼香肉丝,1,展开标题方括号；删除宣传后句
31297,贝壳意面/香菇蒸虾仁,贝壳意面/香菇蒸虾仁,0,未修改
31299,锅包肉,锅包肉,0,未修改
31301,辣炒肥肠,辣炒肥肠,0,未修改
31340,家常元白菜,家常元白菜,0,未修改
31347,风味茄子（特简单）,风味茄子,1,删除括号说明
31350,超下饭老干妈香辣菜干煸四季豆,老干妈香辣菜干煸四季豆,1,删除营销定语
31369,无糖无油香蕉南瓜子蛋糕,无糖无油香蕉南瓜子蛋糕,0,未修改
31403,顺德拆鱼羹,顺德拆鱼羹,0,未修改
31407,鸡蛋莴笋汤,鸡蛋莴笋汤,0,未修改
31427,番茄西兰花炖鸡胸|减肥餐,番茄西兰花炖鸡胸|减肥餐,0,未修改
31432,超下饭家常——酸菜鱼,家常——酸菜鱼,1,删除营销定语
31470,减脂快乐|魔芋牛腩面,快乐|魔芋牛腩面,1,删除营销定语
31494,辣炖白菜豆腐,辣炖白菜豆腐,0,未修改
31531,青椒炒鱿鱼,青椒炒鱿鱼,0,未修改
31551,翠绿的蒜薹炒肉，蒜头肉丝,翠绿的蒜薹炒肉,1,删除宣传后句
31567,香菇滑鸡丨鲜嫩营养，简单美味,香菇滑鸡丨鲜嫩营养,1,删除宣传后句
31586,补铁美味的香腊鸭血,补铁美味的香腊鸭血,0,未修改
31600,西芹炒鸡肉,西芹炒鸡肉,0,未修改
31616,无敌快手美味咖喱饭,无敌快手美味咖喱饭,0,未修改
31617,小奶锅版 减肥蒸茄子（1人份）感觉自己是小鸟胃的可以进来了~,小奶锅版 减肥蒸茄子感觉自己是小鸟胃的可以进来了,1,删除括号说明
31626,红烧肉炖土豆,红烧肉炖土豆,0,未修改
31646,西餐厅版黑胡椒杏鲍菇牛肉粒,西餐厅版黑胡椒杏鲍菇牛肉粒,0,未修改
31655,蒸鸡爪,蒸鸡爪,0,未修改
31682,茯苓红枣无花果汤【老广东养生汤系列5】,茯苓红枣无花果汤【老广东养生汤系列5】,0,未修改
31719,辣炒鸡胗,辣炒鸡胗,0,未修改
31744,巨好吃的手撕包菜，5分钟搞定，好吃到爆炸。,手撕包菜,1,删除营销定语；删除宣传后句
31766,蛋皮肉卷,蛋皮肉卷,0,未修改
31784,泡菜炒五花肉,泡菜炒五花肉,0,未修改
31791,山药玉米排骨汤,山药玉米排骨汤,0,未修改
31870,甜菜脯马蹄蒸肉饼,甜菜脯马蹄蒸肉饼,0,未修改
31883,潮汕咸菜肉丸汤饭,潮汕咸菜肉丸汤饭,0,未修改
31889,荷叶香菇虫草花蒸鸡,荷叶香菇虫草花蒸鸡,0,未修改
31910,超下饭农家小炒肉,农家小炒肉,1,删除营销定语
31916,赵氏小鸡炖蘑菇,赵氏小鸡炖蘑菇,0,未修改
31931,辣白菜豆腐汤,辣白菜豆腐汤,0,未修改
31942,虾仁炒西兰花,虾仁炒西兰花,0,未修改
31964,板栗莲子丝瓜鸡汤,板栗莲子丝瓜鸡汤,0,未修改
31974,莴笋炒竹笋,莴笋炒竹笋,0,未修改
31976,豌豆炒肉沫（没想到女儿这么喜欢吃😊）,豌豆炒肉沫,1,删除括号说明
31992,创意菜--青椒鸡蛋，据说是哪个地方的特色菜，很好吃,创意菜--青椒鸡蛋,1,删除宣传后句
31994,芹菜豆皮炒肉,芹菜豆皮炒肉,0,未修改
32001,尖椒炒豆皮➕灵魂汤汁,尖椒炒豆皮灵魂汤汁,1,删除装饰符号
32016,青椒木耳炒鸡蛋(加西红柿),青椒木耳炒鸡蛋,1,删除括号说明
32022,花菜肉片,花菜肉片,0,未修改
32024,花椒油泼蒸海虾,花椒油泼蒸海虾,0,未修改
32044,浓郁版番茄炒鸡蛋（包括去皮方法）,浓郁版番茄炒鸡蛋,1,删除括号说明
32048,金汤番茄牛腩,金汤番茄牛腩,0,未修改
32057,清蒸带鱼,清蒸带鱼,0,未修改
32086,蓑衣黄瓜,蓑衣黄瓜,0,未修改
32097,夏日必备的子姜焖鸭,夏日必备的子姜焖鸭,0,未修改
32109,丝瓜梭子蟹煲：梭子蟹的鲜美打开方式,丝瓜梭子蟹煲：梭子蟹的鲜美打开方式,0,未修改
32117,5分钟0失败，夏季清热去火必备饮品——黄瓜香梨汁,5分钟0失败,1,删除宣传后句
32122,莴笋炒牛肉,莴笋炒牛肉,0,未修改
32148,鱼头汤,鱼头汤,0,未修改
32178,黄皮叶蒸花生,黄皮叶蒸花生,0,未修改
32199,鲜嫩可口的杂菇炒肉,鲜嫩可口的杂菇炒肉,0,未修改
32217,酸菜鱼（简单家常版）,酸菜鱼,1,删除括号说明
32239,蚝干豆豉香辣酱,蚝干豆豉香辣酱,0,未修改
32240,爆炒白菜帮,爆炒白菜帮,0,未修改
32247,猪肉白菜炖粉条,猪肉白菜炖粉条,0,未修改
32252,家常瓦块鱼,家常瓦块鱼,0,未修改
32257,家庭版五花肉豆腐煲,五花肉豆腐煲,1,删除场景定语
32259,素炒合菜,素炒合菜,0,未修改
32260,五分钟快手菜！比饭店做的还好吃的酸辣土豆丝🌶️,五分钟快手菜,1,删除宣传后句
32273,【家常美味海鲜餐】之冬瓜蛤蜊海带汤,之冬瓜蛤蜊海带汤,1,删除开头标签
32281,炒西兰花,炒西兰花,0,未修改
32285,干烧大头虾,干烧大头虾,0,未修改
32308,酱爆鳝丝（浓油赤酱）,酱爆鳝丝,1,删除括号说明
32313,四季豆炒腊肉,四季豆炒腊肉,0,未修改
32341,孩子喜欢、超简单的虾仁蒸日本豆腐,孩子喜欢、超简单的虾仁蒸日本豆腐,0,未修改
32343,黑椒牛肉粒,黑椒牛肉粒,0,未修改
32356,鸡蛋豆腐,鸡蛋豆腐,0,未修改
32367,小葱爆肥牛,小葱爆肥牛,0,未修改
32403,好吃的葱烧豆腐,葱烧豆腐,1,删除营销定语
32418,虾仁饺子馅,虾仁饺子馅,0,未修改
32419,一個菜就能開飯~青椒洋蔥炒牛肉,一個菜就能開飯~青椒洋蔥炒牛肉,0,未修改
32460,毛豆香干茄子鸡胸肉,毛豆香干茄子鸡胸肉,0,未修改
32513,酸豆角炒香干,酸豆角炒香干,0,未修改
32526,精致快手私房菜-香煎鳕鱼,精致快手私房菜-香煎鳕鱼,0,未修改
32529,凉拌青瓜木耳,凉拌青瓜木耳,0,未修改
32561,『黄瓜胡萝卜炒牛肉』—— 怎么吃都不腻的家常菜,『黄瓜胡萝卜炒牛肉』—— 怎么吃都不腻的家常菜,0,未修改
32571,黄豆炖猪脚,黄豆炖猪脚,0,未修改
32617,小炒牛肉三色辣椒下饭,小炒牛肉三色辣椒下饭,0,未修改
32627,鳕鱼骨熬白菜,鳕鱼骨熬白菜,0,未修改
32630,【凯撒沙拉】,凯撒沙拉,1,展开标题方括号
32643,东北乱炖,东北乱炖,0,未修改
32644,尖椒杏鲍菇炒牛柳（小白都会做的快手肉菜）,尖椒杏鲍菇炒牛柳,1,删除括号说明
32659,尖椒豆腐皮,尖椒豆腐皮,0,未修改
32661,虾米白菜煲,虾米白菜煲,0,未修改
32666,猪肝炒菠菜,猪肝炒菠菜,0,未修改
32670,香芋排骨,香芋排骨,0,未修改
32671,鸡腿菇四季豆,鸡腿菇四季豆,0,未修改
32674,香肠炒土豆,香肠炒土豆,0,未修改
32712,家常炒豆腐,家常炒豆腐,0,未修改
32758,五花肉炒白萝卜,五花肉炒白萝卜,0,未修改
32796,贼好吃的菠萝荔枝咕噜肉,贼好吃的菠萝荔枝咕噜肉,0,未修改
32816,简单又浓郁的番茄牛尾汤,又浓郁的番茄牛尾汤,1,删除营销定语
32852,肉末粉丝,肉末粉丝,0,未修改
32866,超级下饭的鱼香茄子,鱼香茄子,1,删除营销定语
32868,Q版-广式汤羹进行时（千变万化版）,Q版-广式汤羹进行时,1,删除括号说明
32889,此物只因石塘有之“鱼面炒白菜”,此物只因石塘有之鱼面炒白菜,1,未修改
32894,清蒸排骨,清蒸排骨,0,未修改
32926,香芹炒香干,香芹炒香干,0,未修改
32943,秘制玫瑰红烧肉,玫瑰红烧肉,1,删除营销定语
32950,笋干烧肉,笋干烧肉,0,未修改
32967,【红酒土豆炖牛肉】,红酒土豆炖牛肉,1,展开标题方括号
32979,酸爽开胃的酸辣汤，喝一口就上瘾，10分钟就能搞定,酸爽开胃的酸辣汤,1,删除宣传后句
33021,家常下饭的酸菜鱼,家常下饭的酸菜鱼,0,未修改
33028,下饭菜~海皇粉丝煲,菜~海皇粉丝煲,1,删除营销定语
33099,耗油香菇菜心,耗油香菇菜心,0,未修改
33119,5分钟快手菜——蟹黄豆腐汤,5分钟快手菜——蟹黄豆腐汤,0,未修改
33131,超级好吃的肉沫蒸蛋,肉沫蒸蛋,1,删除营销定语
33136,青椒炒蛋,青椒炒蛋,0,未修改
33166,脆皮烤盐焗鸡,脆皮烤盐焗鸡,0,未修改
33184,肉皮炒豆芽,肉皮炒豆芽,0,未修改
33221,快手下饭菜：🌶️辣椒炒蛋,菜：️辣椒炒蛋,1,删除营销定语；删除装饰符号
33227,豉香木耳炒鸡蛋,豉香木耳炒鸡蛋,0,未修改
33240,青萝卜炖蛤蜊,青萝卜炖蛤蜊,0,未修改
33252,白灼虾,白灼虾,0,未修改
33270,蕃茄鸡丁,蕃茄鸡丁,0,未修改
33282,煎闷子 炒合菜（董姐美食）,煎闷子 炒合菜,1,删除括号说明
33284,养生鲜味炖菜,养生鲜味炖菜,0,未修改
33306,菠菜鸡蛋炖粉条,菠菜鸡蛋炖粉条,0,未修改
33311,东北茄子炖土豆,东北茄子炖土豆,0,未修改
33328,清甜椰子鸡 超简单 宝宝超爱,椰子鸡 超简单 宝宝超爱,1,删除营销定语
33361,苦瓜炒鸡蛋,苦瓜炒鸡蛋,0,未修改
33397,【快手】带鱼烧土豆【消耗炸鱼】,带鱼烧土豆【消耗炸鱼】,1,删除开头标签
33402,藕丝(超下饭),藕丝,1,删除括号说明
33424,一股年味儿的                         蒜苔炒牛肉丝,一股年味儿的 蒜苔炒牛肉丝,1,未修改
33450,清蒸鸽子,清蒸鸽子,0,未修改
33472,土豆豆角炖牛腩,土豆豆角炖牛腩,0,未修改
33517,在家搞烧烤——超嫩蒜香烤茄子（内附蒜蓉酱教程）,在家搞烧烤——超嫩蒜香烤茄子,1,删除括号说明
33542,🌶三步咸鲜电饼铛少油干煸豆角🌶,三步咸鲜电饼铛少油干煸豆角,1,删除装饰符号
33546,西红柿炒瓠子,西红柿炒瓠子,0,未修改
33575,红烧土豆块,红烧土豆块,0,未修改
33586,东南亚风味泰椒炒牛肉,东南亚风味泰椒炒牛肉,0,未修改
33594,拌一拌蒸一蒸就完成的五香粉蒸肉,拌一拌蒸一蒸就完成的五香粉蒸肉,0,未修改
33646,呛拌土豆丝,呛拌土豆丝,0,未修改
33661,午餐晚餐简单快手下饭菜芹菜炒香干,午餐晚餐简单快手下饭菜芹菜炒香干,0,未修改
33665,花生焖猪手,花生焖猪手,0,未修改
33679,超快手微波炉鲜嫩微鸡翅,微波炉鲜嫩微鸡翅,1,删除营销定语
33711,包菜肉丝炒粉丝,包菜肉丝炒粉丝,0,未修改
33726,【夏日轻食】鸡肉豆腐堡,夏日轻食 鸡肉豆腐堡,1,展开标题方括号
33727,家常麻婆豆腐,家常麻婆豆腐,0,未修改
33738,啤酒红烧肉（献给我的王）,啤酒红烧肉,1,删除括号说明
33755,牛肉冬瓜汤 / 牛肉青菜汤,牛肉冬瓜汤 / 牛肉青菜汤,0,未修改
33757,#狐狸在韩国#韩式家常辣炒鸡汤（닭도리탕）咕嘟嘟超适合冬天！,韩式家常辣炒鸡汤咕嘟嘟超适合冬天,1,删除括号说明；删除话题说明；删除宣传后句
33793,酸辣开胃的酱辣椒炒春笋,酸辣开胃的酱辣椒炒春笋,0,未修改
33800,过瘾下饭 肉质超嫩的 农家小炒肉,过瘾下饭 肉质超嫩的 农家小炒肉,0,未修改
33832,迷迭香：姜撞奶,迷迭香：姜撞奶,0,未修改
33870,减肥之茄汁焖一切！,减肥之茄汁焖一切,1,删除宣传后句
33909,微辣干锅虾,微辣干锅虾,0,未修改
33955,鸡胸肉炒蒜苗,鸡胸肉炒蒜苗,0,未修改
33960,丝瓜豆腐炒鸡蛋,丝瓜豆腐炒鸡蛋,0,未修改
33989,#TRITON快手菜#番茄辣椒鸡蛋盖浇面,番茄辣椒鸡蛋盖浇面,1,删除话题说明
33996,黑椒杏鲍菇炒肉,黑椒杏鲍菇炒肉,0,未修改
33997,一学就会的肉末蒸蛋，百吃不厌,一学就会的肉末蒸蛋,1,删除宣传后句
34014,简单超鲜野钓罗非鱼豆腐芫茜汤,鲜野钓罗非鱼豆腐芫茜汤,1,删除营销定语
34066,连吃三晚的肉末豆腐蒸蛋，全家一致好评❗️,连吃三晚的肉末豆腐蒸蛋,1,删除宣传后句
34146,Magimix玛捷斯·番茄土豆炖牛腩,Magimix玛捷斯·番茄土豆炖牛腩,0,未修改
34155,酸菜鱼～简易,酸菜鱼～简易,0,未修改
34167,蒜籽鲐鲅鱼,蒜籽鲐鲅鱼,0,未修改
34192,芦笋虾仁炒蛋,芦笋虾仁炒蛋,0,未修改
34249,番茄紫菜蛋花汤,番茄紫菜蛋花汤,0,未修改
34254,"降火汤#苦瓜黄豆猪骨汤，这样煲的苦瓜不苦,清热消暑健脾",降火汤#苦瓜黄豆猪骨汤,1,删除宣传后句
34259,小红和小绿白（胡萝卜炒花菜）,小红和小绿白,1,删除括号说明
34262,肉沫橄榄菜四季豆,肉沫橄榄菜四季豆,0,未修改
34273,韭黄炒肉丝,韭黄炒肉丝,0,未修改
34292,小朋友都会做的简易版黄瓜炒鸡蛋,小朋友都会做的简易版黄瓜炒鸡蛋,0,未修改
34301,清炒鸡毛菜,清炒鸡毛菜,0,未修改
34329,上海罗宋汤,上海罗宋汤,0,未修改
34346,白灼滑皮虾（千万别煮太久）,白灼滑皮虾,1,删除括号说明
34377,番茄芦笋虾仁汤,番茄芦笋虾仁汤,0,未修改
34382,榄菜肉沫四季豆，吃的停不下来,榄菜肉沫四季豆,1,删除宣传后句
34386,爆炒鱿鱼,爆炒鱿鱼,0,未修改
34399,『下饭菜』有机花菜,『下饭菜』有机花菜,0,未修改
34401,香菇炖鸡枸杞泡饭,香菇炖鸡枸杞泡饭,0,未修改
34412,双菇板栗烧鸡,双菇板栗烧鸡,0,未修改
34422,健康餐🔹蒸茄子,餐蒸茄子,1,删除营销定语；删除装饰符号
34434,酒店金牌下饭菜，青椒鸡米,酒店金牌下饭菜,1,删除宣传后句
34438,四川泡菜,四川泡菜,0,未修改
34439,红茶亚麻籽豆浆丨健康·三餐,红茶亚麻籽豆浆丨健康·三餐,0,未修改
34447,正宗手撕包菜圆白菜,正宗手撕包菜圆白菜,0,未修改
34450,快手菜——雪菜炒猪肝,雪菜炒猪肝,1,删除分类前缀
34459,零失败🔥巨好吃又下饭的青椒火腿肠炒鸡蛋🔥,巨好吃又下饭的青椒火腿肠炒鸡蛋,1,删除营销定语；删除装饰符号
34468,醋溜娃娃菜,醋溜娃娃菜,0,未修改
34506,黑椒牛柳杏鲍菇,黑椒牛柳杏鲍菇,0,未修改
34530,高山紫萝卜排骨新西兰花胶汤,高山紫萝卜排骨新西兰花胶汤,0,未修改
34548,韭菜炒蛋,韭菜炒蛋,0,未修改
34596,妈妈的味道（红烧油豆腐）,妈妈的味道,1,删除括号说明
34628,夏天家常菜客家菜糯米酿苦瓜糯米饭,夏天家常菜客家菜糯米酿苦瓜糯米饭,0,未修改
34692,五花肉炒芥兰,五花肉炒芥兰,0,未修改
34693,咸甜口【香菇肉酱葱油面】（一锅吃两顿）,咸甜口【香菇肉酱葱油面】,1,删除括号说明
34697,面条-绝配凉菜-紫甘蓝,面条-绝配凉菜-紫甘蓝,0,未修改
34766,蒜香黑椒牛骨排🍴,蒜香黑椒牛骨排,1,删除装饰符号
34775,蒜薹丝炒豆干,蒜薹丝炒豆干,0,未修改
34879,蒸茼蒿,蒸茼蒿,0,未修改
34886,最最最简单的原味炖肉,最最最简单的原味炖肉,0,未修改
34888,减脂必备！虾仁芦笋,必备,1,删除营销定语；删除宣传后句
34900,超级下饭鸡翅包土豆条,鸡翅包土豆条,1,删除营销定语
34910,少油有窍门的豆角炒茄子 超级下饭,有窍门的豆角炒茄子 超级下饭,1,删除营销定语
34918,少油炝炒油菜,炝炒油菜,1,删除营销定语
34934,水煮鱼,水煮鱼,0,未修改
34944,西葫芦鸡蛋,西葫芦鸡蛋,0,未修改
34959,白菜鱿鱼炒腐竹,白菜鱿鱼炒腐竹,0,未修改
34994,杏鲍菇炒肉片（不是瘦肉哦）,杏鲍菇炒肉片,1,删除括号说明
35015,腊肉炖冬笋,腊肉炖冬笋,0,未修改
35055,家常炖鲅鱼,家常炖鲅鱼,0,未修改
35056,家常口味也要追求变化……看我耍耍小龙虾,家常口味也要追求变化……看我耍耍小龙虾,0,未修改
35091,凉拌莲藕,凉拌莲藕,0,未修改
35113,土豆玉米炖排骨,土豆玉米炖排骨,0,未修改
35115,蒸茄子（四川蘸水菜吃法）,蒸茄子,1,删除括号说明
35126,杭椒牛柳🅾️青椒肉丝❗️没那么复杂❗️10分钟搞定,杭椒牛柳🅾️青椒肉丝️没那么复杂️10分钟搞定,1,删除装饰符号
35145,拒绝油炸—瘦身减脂炒嫩烤鸡排,拒绝油炸—瘦身减脂炒嫩烤鸡排,0,未修改
35154,【唐】番茄菜花炒火腿,唐 番茄菜花炒火腿,1,展开标题方括号
35162,西芹炒莲藕丝,西芹炒莲藕丝,0,未修改
35174,【食屋FOODHOUSE】荞麦冷面,食屋FOODHOUSE 荞麦冷面,1,展开标题方括号
35191,腰果虾仁鸡丁、杂粮饭，营养美味，好吃到停不下来。（董姐美食）,腰果虾仁鸡丁、杂粮饭,1,删除括号说明；删除宣传后句
35208,快手黄瓜木耳炒鸡蛋,黄瓜木耳炒鸡蛋,1,删除营销定语
35213,香辣小龙虾,香辣小龙虾,0,未修改
35226,虎皮青椒-虎皮哪里买,虎皮青椒-虎皮哪里买,0,未修改
35239,西红柿蛋花汤,西红柿蛋花汤,0,未修改
35245,擂辣椒苦瓜炒肉,擂辣椒苦瓜炒肉,0,未修改
35248,胡萝卜焖鸡翅根,胡萝卜焖鸡翅根,0,未修改
35253,#低碳生酮减肥食谱#海蛎炒蛋，秘诀是要葱花！,海蛎炒蛋,1,删除话题说明；删除宣传后句
35257,三色白菜猪肉水饺,三色白菜猪肉水饺,0,未修改
35259,鲤鱼汤,鲤鱼汤,0,未修改
35261,韩式海带汤,韩式海带汤,0,未修改
35276,西红柿鸡蛋打卤面,西红柿鸡蛋打卤面,0,未修改
35294,营养美味——鲫鱼豆腐汤,鲫鱼豆腐汤,1,删除营销定语
35304,红焖羊肉,红焖羊肉,0,未修改
35396,黄豆酱蒸黄花鱼,黄豆酱蒸黄花鱼,0,未修改
35410,蒜苔炒肉（奶奶版）,蒜苔炒肉,1,删除括号说明
35449,水煮鱼片,水煮鱼片,0,未修改
35451,面筋烧鸡块,面筋烧鸡块,0,未修改
35482,家常菜青椒香菇炒肉里面的香菇超级好吃下饭,家常菜青椒香菇炒肉里面的香菇超级好吃下饭,0,未修改
35503,辣炒豆芽菜,辣炒豆芽菜,0,未修改
35507,懒人电饭锅蔬菜焖饭,电饭锅蔬菜焖饭,1,删除营销定语
35534,胡萝卜片炒肉（没肉也行）,胡萝卜片炒肉,1,删除括号说明
35542,快手韭菜花煸炒鱿鱼丝,韭菜花煸炒鱿鱼丝,1,删除营销定语
35551,百香果柠檬鸡爪,百香果柠檬鸡爪,0,未修改
35557,蒜香五花肉,蒜香五花肉,0,未修改
35565,超级简单的创意菜：清炒毛豆糟菜,创意菜：清炒毛豆糟菜,1,删除营销定语
35640,如何炒出嫩牛肉办法,如何炒出嫩牛肉办法,0,未修改
35658,阳江豆鼓蒸排骨,阳江豆鼓蒸排骨,0,未修改
35680,懒人蒜蓉粉丝蒸扇贝肉 -不炒蒜版,蒜蓉粉丝蒸扇贝肉 -不炒蒜版,1,删除营销定语
35682,人人都能做好的糖醋排骨,人人都能做好的糖醋排骨,0,未修改
35710,不用炒的香菇滑鸡焖土豆,香菇滑鸡焖土豆,1,删除营销定语
35754,夏日解腻小凉菜—黄瓜拌豆腐,夏日解腻小凉菜—黄瓜拌豆腐,0,未修改
35768,小菇炒肥牛卷,小菇炒肥牛卷,0,未修改
35806,【简单版一笋两吃】清脆爽口的红烧春笋/咸菜笋丝,版一笋两吃 清脆爽口的红烧春笋/咸菜笋丝,1,展开标题方括号；删除营销定语
35825,巨下饭的家常麻婆豆腐,家常麻婆豆腐,1,删除营销定语
35849,好吃到舔盘的咸蛋黄虾仁豆腐,到舔盘的咸蛋黄虾仁豆腐,1,删除营销定语
35870,毛豆炒香干,毛豆炒香干,0,未修改
35874,椒香鱼片,椒香鱼片,0,未修改
35965,家常小炒  莴笋虾仁,家常小炒 莴笋虾仁,1,未修改
35984,多汁软嫩的家常小炒 西葫芦炒肉片,多汁软嫩的家常小炒 西葫芦炒肉片,0,未修改
35985,香菇酿肉,香菇酿肉,0,未修改
35986,木耳拌黄瓜,木耳拌黄瓜,0,未修改
36009,黄金咖喱辣烩牛肉,黄金咖喱辣烩牛肉,0,未修改
36018,怎样泡发海参,怎样泡发海参,0,未修改
36022,金针菇日本豆腐煲,金针菇日本豆腐煲,0,未修改
36037,【孕妇食谱】豆干炝炒小白菜，好吃又不贵，清淡却美味～,豆干炝炒小白菜,1,删除开头标签；删除宣传后句
36088,韭菜炒豆腐,韭菜炒豆腐,0,未修改
36099,菠菜炒火腿肠,菠菜炒火腿肠,0,未修改
36108,红烧鳊鱼（＃湘潭篇）,红烧鳊鱼,1,删除括号说明
36112,小白菜炒鸡蛋,小白菜炒鸡蛋,0,未修改
36117,鱼腥草土鸡汤,鱼腥草土鸡汤,0,未修改
36143,春日里的鲜味 河蚌腌笃鲜 咸肉春笋河蚌豆腐,春日里的鲜味 河蚌腌笃鲜 咸肉春笋河蚌豆腐,0,未修改
36199,重庆水豆豉,重庆水豆豉,0,未修改
36207,美善品麻婆豆腐,美善品麻婆豆腐,0,未修改
36218,红烧罗非鱼,红烧罗非鱼,0,未修改
36227,粤来粤想食                                之腊味煲仔饭,粤来粤想食 之腊味煲仔饭,1,未修改
36238,红烧牛尾,红烧牛尾,0,未修改
36267,蜜瓜无花果沙拉,蜜瓜无花果沙拉,0,未修改
36303,❗五分钟美食❗低卡小炒菜❗清淡好吃❗芹菜炒鸡蛋,五分钟美食低卡小炒菜清淡好吃芹菜炒鸡蛋,1,删除装饰符号
36321,肉圆粉丝汤（水汆丸子汤）,肉圆粉丝汤,1,删除括号说明
36331,少油版咸鱼茄瓜（煲）,版咸鱼茄瓜,1,删除括号说明；删除营销定语
36341,酸豆角炒肉末,酸豆角炒肉末,0,未修改
36349,超级下饭菜，肉沫香菇茭白豆腐干酱丁,菜，肉沫香菇茭白豆腐干酱丁,1,删除营销定语
36396,干煸四季豆,干煸四季豆,0,未修改
36418,梅菜干焖五花肉,梅菜干焖五花肉,0,未修改
36425,土豆炖茄子（超下饭！）,土豆炖茄子,1,删除括号说明
36432,妹妹の番茄什锦下饭菜,妹妹の番茄什锦下饭菜,0,未修改
36462,辣椒炒鹅米豆,辣椒炒鹅米豆,0,未修改
36477,油焖虾,油焖虾,0,未修改
36496,两人食营养早餐便当-虾仁炒黄瓜🍤,两人食营养早餐便当-虾仁炒黄瓜,1,删除装饰符号
36504,干贝蒸丝瓜，素菜也能吃出海鲜味儿，超级鲜美哦！,干贝蒸丝瓜,1,删除宣传后句
36505,大小朋友都爱吃的彩椒香干炒肉,大小朋友都爱吃的彩椒香干炒肉,0,未修改
36507,冬苋菜芋艿汤羹,冬苋菜芋艿汤羹,0,未修改
36520,垮炖酿肉茄子--超级下饭,垮炖酿肉茄子--超级下饭,0,未修改
36557,色香味俱全的鱼香肉丝,色香味俱全的鱼香肉丝,0,未修改
36565,小龙虾盖面～,小龙虾盖面,1,未修改
36576,姜葱炒花甲,姜葱炒花甲,0,未修改
36600,不下饭你来找我！孜然风味小炒牛肉,不下饭你来找我,1,删除宣传后句
36613,上瘾大排档—深夜炒面,上瘾大排档—深夜炒面,0,未修改
36636,零失误地三鲜！,零失误地三鲜,1,删除宣传后句
36662,西红柿黄瓜炒鸡蛋,西红柿黄瓜炒鸡蛋,0,未修改
36680,快手酸汤面—酸辣鲜香一口开胃,酸汤面—酸辣鲜香一口开胃,1,删除营销定语
36693,南瓜泥大烩菜（无油菜）,南瓜泥大烩菜,1,删除括号说明
36722,干贝蒸蛋,干贝蒸蛋,0,未修改
36764,吃了掉眉毛的炒三鲜,吃了掉眉毛的炒三鲜,0,未修改
36792,烤鸭花样吃法：孜然椒盐鸭架,烤鸭花样吃法：孜然椒盐鸭架,0,未修改
36793,豆角炖肉,豆角炖肉,0,未修改
36873,香菇鹌鹑蛋,香菇鹌鹑蛋,0,未修改
36878,辣椒炒荷包蛋「超详步骤图」,辣椒炒荷包蛋「超详步骤图」,0,未修改
36906,洋葱土豆白玉菇,洋葱土豆白玉菇,0,未修改
36985,香葱炒猪肉,香葱炒猪肉,0,未修改
37028,【孕妇食谱】腊肉炒西芹，腊味十足、脆爽可口～,腊肉炒西芹,1,删除开头标签；删除宣传后句
37043,香菇青豆炒虾仁,香菇青豆炒虾仁,0,未修改
37047,小汤菠菜,小汤菠菜,0,未修改
37050,开心拆骨肉,开心拆骨肉,0,未修改
37057,藕片炒肉 蒜香味,藕片炒肉 蒜香味,0,未修改
37063,清炒荷塘,清炒荷塘,0,未修改
37076,健身食谱青椒酿肉,健身食谱青椒酿肉,0,未修改
37094,盖浇豆腐,盖浇豆腐,0,未修改
37097,酸菜龙利鱼面,酸菜龙利鱼面,0,未修改
37106,好吃到爆的红烧豆腐，妥妥的能吃下两碗饭,到爆的红烧豆腐,1,删除营销定语；删除宣传后句
37108,鸡腿炖蘑菇,鸡腿炖蘑菇,0,未修改
37139,粉葛枸杞猪骨汤（清热补充营养增强抵抗力，一个适合全家人的靓汤）,粉葛枸杞猪骨汤,1,删除括号说明
37141,油焖春笋（配粥绝佳）,油焖春笋,1,删除括号说明
37169,念念不忘的酸辣土豆丝,念念不忘的酸辣土豆丝,0,未修改
37193,黄豆芽炒油豆腐-简单易做又好吃的素菜，快点来！,黄豆芽炒油豆腐-简单易做又好吃的素菜,1,删除宣传后句
37203,卤煮一锅鲜～菜肉蛋豆都有,卤煮一锅鲜～菜肉蛋豆都有,0,未修改
37207,炒地瓜/地瓜炒肉片,炒地瓜/地瓜炒肉片,0,未修改
37223,炒的干巴儿的孜然杏鲍菇,炒的干巴儿的孜然杏鲍菇,0,未修改
37274,【10分钟系列】牛干巴炒藕带,10分钟系列 牛干巴炒藕带,1,展开标题方括号
37304,鱼香茄条,鱼香茄条,0,未修改
37305,西北菜__粉汤,西北菜__粉汤,0,未修改
37306,蒜蓉油麦菜,蒜蓉油麦菜,0,未修改
37315,乳山喜饼,乳山喜饼,0,未修改
37329,超简单的黄瓜炒猪里脊💗,黄瓜炒猪里脊,1,删除营销定语；删除装饰符号
37330,炸鲜平菇,炸鲜平菇,0,未修改
37348,卡卡教你做虎皮鹌鹑蛋,卡卡教你做虎皮鹌鹑蛋,0,未修改
37354,凉拌菜,凉拌菜,0,未修改
37355,外酥里嫩：不会回软的干炸小黄鱼。,外酥里嫩：不会回软的干炸小黄鱼,1,删除宣传后句
37368,胡萝卜炒洋葱,胡萝卜炒洋葱,0,未修改
37391,番茄虾滑汤,番茄虾滑汤,0,未修改
37412,低脂纯素家常菜：黑木耳白木耳清炒,纯素家常菜：黑木耳白木耳清炒,1,删除营销定语
37422,香辣土豆丝,香辣土豆丝,0,未修改
37433,快手菜-炒花菜（非干锅）,炒花菜,1,删除括号说明；删除分类前缀
37471,山药排骨汤,山药排骨汤,0,未修改
37492,天水…面皮,天水…面皮,0,未修改
37508,熏干炒腊肉,熏干炒腊肉,0,未修改
37512,蒜黄炒肉丝,蒜黄炒肉丝,0,未修改
37516,糟骨头蒸梭子蟹,糟骨头蒸梭子蟹,0,未修改
37521,阿胶海马海参炖土猪肉            月子汤秋冬滋补安神下奶汤,阿胶海马海参炖土猪肉 月子汤秋冬滋补安神下奶汤,1,未修改
37527,家常酱牛肉,家常酱牛肉,0,未修改
37534,没想到！醋溜包菜也能吃2碗饭？,没想到,1,删除宣传后句
37556,手撕鸡,手撕鸡,0,未修改
37570,一学就会的姜黄炒豆腐，完胜炒鸡蛋！,一学就会的姜黄炒豆腐,1,删除宣传后句
37573,辣子鸡丁（二荆条）,辣子鸡丁,1,删除括号说明
37602,比肉还满足的日式烤杏鲍菇（黑椒黄油版.健康减肥）,比肉还满足的日式烤杏鲍菇,1,删除括号说明
37607,麻辣水煮鱼（巴沙鱼）,麻辣水煮鱼,1,删除括号说明
37629,清蒸黄花鱼,清蒸黄花鱼,0,未修改
37633,油焖春笋,油焖春笋,0,未修改
37698,芦笋炒蘑菇Sauteed Mushrooms with Asparagus,芦笋炒蘑菇Sauteed Mushrooms with Asparagus,0,未修改
37713,夏日开胃快手菜——糟溜鱼片,夏日开胃快手菜——糟溜鱼片,0,未修改
37734,紫菜包饭,紫菜包饭,0,未修改
37736,简单易做的蒜蓉娃娃菜，超好吃的家常下饭菜～,易做的蒜蓉娃娃菜,1,删除营销定语；删除宣传后句
37755,老爸的拿手菜之老北京素馅儿饺子,老爸的拿手菜之老北京素馅儿饺子,0,未修改
37774,东北家常白菜干豆腐,东北家常白菜干豆腐,0,未修改
37824,蒜蓉菠菜,蒜蓉菠菜,0,未修改
37826,鲫鱼豆腐汤，健脾开胃又鲜美，常喝好处多,鲫鱼豆腐汤,1,删除宣传后句
37845,瑶柱干贝蒸蛋（嫩滑鲜香）,瑶柱干贝蒸蛋,1,删除括号说明
37854,上汤南瓜苗,上汤南瓜苗,0,未修改
37862,不寻常的素味噌汤,不寻常的素味噌汤,0,未修改
37875,冬瓜豆腐虾米汤,冬瓜豆腐虾米汤,0,未修改
37878,老藕炖排骨,老藕炖排骨,0,未修改
37912,棋格蛋包饭,棋格蛋包饭,0,未修改
37936,恋爱豆腐脑,恋爱豆腐脑,0,未修改
37947,川味蒜薹五花肉,川味蒜薹五花肉,0,未修改
37989,家常版地三鲜,地三鲜,1,删除场景定语
38029,腌蒜,腌蒜,0,未修改
38030,家常凉菜之蒜泥茄子（减脂餐）,家常凉菜之蒜泥茄子,1,删除括号说明
38037,家炖鲳鱼,家炖鲳鱼,0,未修改
38047,辣炒蒜薹茶树菇,辣炒蒜薹茶树菇,0,未修改
38053,999道家常菜（6）蜜汁叉烧肉,999道家常菜蜜汁叉烧肉,1,删除括号说明
38089,春笋炒肉,春笋炒肉,0,未修改
38111,虎皮青椒 净素食 美善品,虎皮青椒 净素食 美善品,0,未修改
38121,减脂餐 虾仁瘦肉炒杂蔬,餐 虾仁瘦肉炒杂蔬,1,删除营销定语
38123,酿虎皮尖椒-鲜香开胃，用来拌米饭瞬间饭扫光,酿虎皮尖椒-鲜香开胃,1,删除宣传后句
38132,家常木须肉,家常木须肉,0,未修改
38196,花生鸡脚汤,花生鸡脚汤,0,未修改
38225,炖鸡爪（鸡爪炖一切）,炖鸡爪,1,删除括号说明
38265,正宗油泼辣子扯面（附裤带面做法）,正宗油泼辣子扯面,1,删除括号说明
38274,干锅菜花,干锅菜花,0,未修改
38343,蒸胡萝卜丝,蒸胡萝卜丝,0,未修改
38346,下饭菜咖喱土豆牛肉,菜咖喱土豆牛肉,1,删除营销定语
38373,胡萝卜黄瓜鸡胸肉,胡萝卜黄瓜鸡胸肉,0,未修改
38385,草菇炒牛肉,草菇炒牛肉,0,未修改
38399,培根炒西兰花,培根炒西兰花,0,未修改
38438,家常小炒肉,家常小炒肉,0,未修改
38462,蒜泥茄子,蒜泥茄子,0,未修改
38466,【凉拌腐竹】好吃有诀窍，用这个方法拌，鲜香美味又下饭！,凉拌腐竹 好吃有诀窍,1,展开标题方括号；删除宣传后句
38529,鲜蘑炒肉,鲜蘑炒肉,0,未修改
38541,自制豆腐带来的美味之旅&茄汁豆腐 素食,豆腐带来的美味之旅&茄汁豆腐 素食,1,删除营销定语
38544,海底鸡米芽菜（金枪鱼和芽菜的绝妙搭配）,海底鸡米芽菜,1,删除括号说明
38562,冬瓜巴沙鱼柳炖粉丝,冬瓜巴沙鱼柳炖粉丝,0,未修改
38573,蚝油焖酿苦瓜,蚝油焖酿苦瓜,0,未修改
38599,蘑菇大麦饭,蘑菇大麦饭,0,未修改
38618,油爆大虾,油爆大虾,0,未修改
38649,蒸茄子,蒸茄子,0,未修改
38685,爆炒鸭胗,爆炒鸭胗,0,未修改
38712,65-胡萝卜丝炒海鲜菇,65-胡萝卜丝炒海鲜菇,0,未修改
38723,简单又下饭的肉沫豌豆,又下饭的肉沫豌豆,1,删除营销定语
38733,炸杏鲍菇,炸杏鲍菇,0,未修改
38769,牛蒡舞菇菜焖饭,牛蒡舞菇菜焖饭,0,未修改
38781,酸菜炒魔芋,酸菜炒魔芋,0,未修改
38784,杂焖鲤鱼,杂焖鲤鱼,0,未修改
38785,涎香五花肉炒豇豆,涎香五花肉炒豇豆,0,未修改
38789,蜜沁锦荔枝（苦瓜）,蜜沁锦荔枝,1,删除括号说明
38821,养生系·野生菌扇骨汤,养生系·野生菌扇骨汤,0,未修改
38830,毛豆胡萝卜炒肉末,毛豆胡萝卜炒肉末,0,未修改
38833,香辣肉碎炒豇豆,香辣肉碎炒豇豆,0,未修改
38849,上汤虾滑番茄金针菇🍅浓郁汤汁,上汤虾滑番茄金针菇浓郁汤汁,1,删除装饰符号
38896,四季豆炒猪肉和腊肠,四季豆炒猪肉和腊肠,0,未修改
38913,川味鱼香肉丝,川味鱼香肉丝,0,未修改
38936,干煸花菜,干煸花菜,0,未修改
38946,橄榄菜炒豆角,橄榄菜炒豆角,0,未修改
39002,清甜消暑开胃健脾的老火靓汤——黄皮马蹄茅根排骨汤,消暑开胃健脾的老火靓汤——黄皮马蹄茅根排骨汤,1,删除营销定语
39004,酸辣土豆丝,酸辣土豆丝,0,未修改
39008,青豆白玉菇,青豆白玉菇,0,未修改
39014,备孕 - 黑豆浆紫米饭,备孕 - 黑豆浆紫米饭,0,未修改
39041,香菇炖萝卜,香菇炖萝卜,0,未修改
39075,居家酸辣土豆丝,居家酸辣土豆丝,0,未修改
39093,简单版宫保鸡丁,版宫保鸡丁,1,删除营销定语
39178,溜肉段,溜肉段,0,未修改
39241,这么多年你的方法一直是错误的！来学习正确的大葱炒鸡蛋吧,这么多年你的方法一直是错误的,1,删除宣传后句
39245,咸蛋黄蒸豆角（豇豆）,咸蛋黄蒸豆角,1,删除括号说明
39254,苦瓜酿虾蓉,苦瓜酿虾蓉,0,未修改
39263,纯素 - 【下饭神器】酸豆角炒香菇末,纯素 - 【下饭神器】酸豆角炒香菇末,0,未修改
39290,凉拌干丝（百叶丝),凉拌干丝（百叶丝),0,未修改
39300,超下饭的千叶豆腐卤鸡腿,千叶豆腐卤鸡腿,1,删除营销定语
39343,肉末炒冬瓜(超下饭),肉末炒冬瓜,1,删除括号说明
39360,豆角炒牛肉,豆角炒牛肉,0,未修改
39392,猴菇山药炖鸡,猴菇山药炖鸡,0,未修改
39395,白切鸡,白切鸡,0,未修改
39408,青椒炒蛋炒肉,青椒炒蛋炒肉,0,未修改
39415,四川家常子姜炒牛肉,四川家常子姜炒牛肉,0,未修改
39451,咖喱鸡丁,咖喱鸡丁,0,未修改
39487,三杯五花肉杏鲍菇,三杯五花肉杏鲍菇,0,未修改
39512,秋葵小炒,秋葵小炒,0,未修改
39539,啤酒鸭卤蛋,啤酒鸭卤蛋,0,未修改
39576,【新三鲜】素菜怎样炒才好？这方法管用！,新三鲜 素菜怎样炒才好？这方法管用,1,展开标题方括号；删除宣传后句
39580,山药玉米排骨汤,山药玉米排骨汤,0,未修改
39600,超好吃的饺子陷,饺子陷,1,删除营销定语
39611,秋葵炒干贝,秋葵炒干贝,0,未修改
39636,香味扑鼻的特色菜芹菜炒豆干,香味扑鼻的特色菜芹菜炒豆干,0,未修改
39640,凉拌海带丝,凉拌海带丝,0,未修改
39647,鸡胸肉炒西兰花,鸡胸肉炒西兰花,0,未修改
39664,麻酱凉拌西兰花,麻酱凉拌西兰花,0,未修改
39698,🔥超低脂的韩式牛肉海带汤🍲好喝不胖超级美味！连喝2碗没问题‼️,超低脂的韩式牛肉海带汤好喝不胖超级美味,1,删除宣传后句；删除装饰符号
39738,西式炒蛋,西式炒蛋,0,未修改
39752,三汁焖锅—黄辣丁,三汁焖锅—黄辣丁,0,未修改
39775,虾仁肉末小馄饨,虾仁肉末小馄饨,0,未修改
39802,马蹄糯米炸肉丸子,马蹄糯米炸肉丸子,0,未修改
39806,椒盐九吐鱼,椒盐九吐鱼,0,未修改
39807,莴笋丝炒鸡蛋,莴笋丝炒鸡蛋,0,未修改
39808,〔奶奶家常菜〕过油茄子,〔奶奶家常菜〕过油茄子,0,未修改
39851,牛肉芹菜碎炖豆腐,牛肉芹菜碎炖豆腐,0,未修改
39877,减脂餐/苦瓜酿肉,餐/苦瓜酿肉,1,删除营销定语
39899,胡萝卜炒银鱼干,胡萝卜炒银鱼干,0,未修改
39925,原汁原味吃蛏子皇,原汁原味吃蛏子皇,0,未修改
39945,先炒西红柿还是先炒蛋？-风味番茄炒蛋,先炒西红柿还是先炒蛋？-风味番茄炒蛋,0,未修改
39956,夏日必备【丝瓜番茄鸡蛋汤】酸甜开胃又营养,夏日必备【丝瓜番茄鸡蛋汤】酸甜开胃又营养,0,未修改
39973,红烧排骨（排骨烧土豆）,红烧排骨,1,删除括号说明
39979,糖醋荷包蛋,糖醋荷包蛋,0,未修改
39991,八宝酱丁,八宝酱丁,0,未修改
40007,能造两碗饭的糖酥茄子,能造两碗饭的糖酥茄子,0,未修改
40012,炸香椿鱼儿,炸香椿鱼儿,0,未修改
40023,荷兰豆炒海鲜菇,荷兰豆炒海鲜菇,0,未修改
40028,【国民家常】南瓜炖土豆,南瓜炖土豆,1,删除开头标签
40029,清蒸蛏子/葱油蛏子,清蒸蛏子/葱油蛏子,0,未修改
40040,超级下饭的肉沫茄子（含炒茄子不费油的方法）,肉沫茄子,1,删除括号说明；删除营销定语
40056,红烧鲫鱼鱼籽,红烧鲫鱼鱼籽,0,未修改
40080,【唐】小朋友的清蒸黄花鱼（吃哪没有刺）,唐 小朋友的清蒸黄花鱼,1,展开标题方括号；删除括号说明
40081,清蒸鱼,清蒸鱼,0,未修改
40090,超下饭的青椒豆豉荷包蛋,青椒豆豉荷包蛋,1,删除营销定语
40104,家常番茄炒蛋,家常番茄炒蛋,0,未修改
40113,泡椒爆炒猪肝,泡椒爆炒猪肝,0,未修改
40122,蒜薹炒鸡肾,蒜薹炒鸡肾,0,未修改
40157,肉沫四季豆,肉沫四季豆,0,未修改
40161,超级下饭的番茄牛腩土豆,番茄牛腩土豆,1,删除营销定语
40184,豆豉鲮鱼炒茄子,豆豉鲮鱼炒茄子,0,未修改
40193,凉拌干丝,凉拌干丝,0,未修改
40225,油面筋虾滑烩时蔬,油面筋虾滑烩时蔬,0,未修改
40237,酸辣开胃，双椒藕丁炒牛肉,酸辣开胃,1,删除宣传后句
40260,胜瓜煮蛤蜊,胜瓜煮蛤蜊,0,未修改
40292,家常酱茄条（加蒜末）,家常酱茄条,1,删除括号说明
40331,芹菜叶炒鸡蛋,芹菜叶炒鸡蛋,0,未修改
40335,五花肉炖芸豆土豆,五花肉炖芸豆土豆,0,未修改
40350,简单版醋炒鸡,版醋炒鸡,1,删除营销定语
40395,超下饭，快手菜青椒火腿炒鸡蛋,，快手菜青椒火腿炒鸡蛋,1,删除营销定语
40478,西芹西红柿黄牛肉-补充维生素,西芹西红柿黄牛肉-补充维生素,0,未修改
40480,黄瓜炒肉,黄瓜炒肉,0,未修改
40491,青椒炒蛋（炒蛋爱好者）,青椒炒蛋,1,删除括号说明
40534,辣炒菜心,辣炒菜心,0,未修改
40535,香葱炒南瓜,香葱炒南瓜,0,未修改
40537,吃一大盒018｜泡椒鸡杂,吃一大盒018｜泡椒鸡杂,0,未修改
40548,简单快手下饭神器番茄肉沫（🍅怎么挑）,神器番茄肉沫,1,删除括号说明；删除营销定语
40668,竟然非常好吃的番茄洋葱肥牛炒乌冬,竟然非常好吃的番茄洋葱肥牛炒乌冬,0,未修改
40669,山药炒秋葵-黏黏糊糊的减脂菜,山药炒秋葵-黏黏糊糊的减脂菜,0,未修改
40697,梅香茄子煲,梅香茄子煲,0,未修改
40718,鸡翅乱炖,鸡翅乱炖,0,未修改
40727,快手当季菜-葱香蚕豆,当季菜-葱香蚕豆,1,删除营销定语
40743,清蒸带鱼,清蒸带鱼,0,未修改
40784,土豆炖牛肉 --三碗米饭都不够,土豆炖牛肉 --三碗米饭都不够,0,未修改
40841,【莴笋炒虾仁】,莴笋炒虾仁,1,展开标题方括号
40855,葱爆羊肉片,葱爆羊肉片,0,未修改
40863,香干马兰头 超简易版,香干马兰头 超简易版,0,未修改
40871,蒜苗回锅肉（干锅花菜）,蒜苗回锅肉,1,删除括号说明
40902,溏心蛋口感的西红柿炒鸡蛋,溏心蛋口感的西红柿炒鸡蛋,0,未修改
40911,煎法式羊排，奶香味十足,煎法式羊排,1,删除宣传后句
40923,梅干菜烧肉,梅干菜烧肉,0,未修改
40939,六品豆腐,六品豆腐,0,未修改
40948,米粉肉,米粉肉,0,未修改
40950,无水炖焖排骨芸豆（超级入味）,无水炖焖排骨芸豆,1,删除括号说明
40951,虾米爆炒卷心菜,虾米爆炒卷心菜,0,未修改
40965,护国菜之厚合菜,护国菜之厚合菜,0,未修改
40977,干贝瘦肉粥,干贝瘦肉粥,0,未修改
40978,蚝油茭白肉片,蚝油茭白肉片,0,未修改
41005,冬瓜火腿汤——酣畅淋漓减脂,冬瓜火腿汤——酣畅淋漓减脂,0,未修改
41029,快捷番茄排骨炖汤鲜炸了,快捷番茄排骨炖汤鲜炸了,0,未修改
41068,豆豉鯪魚炒油墨菜,豆豉鯪魚炒油墨菜,0,未修改
41073,人间有味是清欢之菜花炒肉,人间有味是清欢之菜花炒肉,0,未修改
41101,家常手撕包菜,家常手撕包菜,0,未修改
41109,饭遭殃双椒鸡丁,饭遭殃双椒鸡丁,0,未修改
41114,五花肉爆炒四季豆,五花肉爆炒四季豆,0,未修改
41115,粤式·鲫鱼豆腐汤,粤式·鲫鱼豆腐汤,0,未修改
41127,豆腐鸡肉汉堡排🧅和風ハンバーグ,豆腐鸡肉汉堡排和風ハンバーグ,1,删除装饰符号
41134,【食屋FOODHOUSE】韩式辣炖鸡腿,食屋FOODHOUSE 韩式辣炖鸡腿,1,展开标题方括号
41155,蔬菜火腿咸鸭蛋蒸饭,蔬菜火腿咸鸭蛋蒸饭,0,未修改
41180,可乐鸡翅＋西兰花饭团便当（有彩蛋）,可乐鸡翅＋西兰花饭团便当,1,删除括号说明
41188,冬瓜汆丸子里的丸子还能这么Q弹,冬瓜汆丸子里的丸子还能这么Q弹,0,未修改
41197,肉末炒黄瓜钱,肉末炒黄瓜钱,0,未修改
41202,蚂蚁上树,蚂蚁上树,0,未修改
41205,三杯鸡,三杯鸡,0,未修改
41223,菠萝咕咾肉,菠萝咕咾肉,0,未修改
41233,爆炒牛肉零失败教程（一次成功）,爆炒牛肉零失败教程,1,删除括号说明
41279,❤️挑逗你味蕾的家常版鱼香肉丝💯,️挑逗你味蕾的家常版鱼香肉丝,1,删除装饰符号
41284,茄子炒豆角,茄子炒豆角,0,未修改
41296,豆豉蒸南瓜鸡翼排骨,豆豉蒸南瓜鸡翼排骨,0,未修改
41321,鸡蛋苦瓜碎（苦瓜炒蛋）,鸡蛋苦瓜碎,1,删除括号说明
41328,家常回锅肉,家常回锅肉,0,未修改
41356,超级简单的家常香菇炒肉丝,家常香菇炒肉丝,1,删除营销定语
41357,黑松露炖鸡,黑松露炖鸡,0,未修改
41450,虾米椰菜炒意粉,虾米椰菜炒意粉,0,未修改
41497,老北京炙子烤肉,老北京炙子烤肉,0,未修改
41499,清炒油麦菜（蒜蓉油麦菜）,清炒油麦菜,1,删除括号说明
41507,油条蛋炒黑米饭,油条蛋炒黑米饭,0,未修改
41513,清蒸螃蟹（梭子蟹）,清蒸螃蟹,1,删除括号说明
41514,胡萝卜木耳炒马蹄,胡萝卜木耳炒马蹄,0,未修改
41556,肉沫蒸蘑菇,肉沫蒸蘑菇,0,未修改
41563,西红柿牛腩汤,西红柿牛腩汤,0,未修改
41571,豆酱焗青蟹,豆酱焗青蟹,0,未修改
41597,简单易上手 比黄焖鸡更下饭——红烧鸡,易上手 比黄焖鸡更下饭——红烧鸡,1,删除营销定语
41608,蒜泥粉丝蒸虾,蒜泥粉丝蒸虾,0,未修改
41619,No.115快手版虾仁滑蛋🍤,No.115快手版虾仁滑蛋,1,删除装饰符号
41624,停不下来的葱烧大排,停不下来的葱烧大排,0,未修改
41638,减肥路上的解馋美食～砂锅海鲜菇番茄豆腐汤,减肥路上的解馋美食～砂锅海鲜菇番茄豆腐汤,0,未修改
41642,"脆藕炒木耳
(超級好配飯)",脆藕炒木耳,1,删除括号说明
41660,凉拌莴笋,凉拌莴笋,0,未修改
41674,凉拌菠菜（减脂必备）,凉拌菠菜,1,删除括号说明
41678,没有蟹黄的季节怎么办，咸蛋黄版蟹黄豆腐,没有蟹黄的季节怎么办,1,删除宣传后句
41703,泡菜豆浆乌冬面,泡菜豆浆乌冬面,0,未修改
41710,粉丝蒸扇贝,粉丝蒸扇贝,0,未修改
41712,家常鱼香肉丝,家常鱼香肉丝,0,未修改
41730,蒸贝贝南瓜盅【松下微蒸烤箱DS900】,蒸贝贝南瓜盅【松下微蒸烤箱DS900】,0,未修改
41748,超级下饭的鱼香肉丝（鸡丝）,鱼香肉丝,1,删除括号说明；删除营销定语
41759,豆豉辣酱小炒肉,豆豉辣酱小炒肉,0,未修改
41766,炼奶南瓜羹,炼奶南瓜羹,0,未修改
41780,红烧土豆,红烧土豆,0,未修改
41789,素食:清炒腐竹木耳香菇,素食:清炒腐竹木耳香菇,0,未修改
41801,蒜泥白肉,蒜泥白肉,0,未修改
41802,明虾鸡爪煲,明虾鸡爪煲,0,未修改
41813,东北酸菜炖大鹅,东北酸菜炖大鹅,0,未修改
41831,少油鱼香茄子，蒸茄子非油炸版,鱼香茄子,1,删除营销定语；删除宣传后句
41835,青芦笋炒虾仁,青芦笋炒虾仁,0,未修改
41840,番茄炒蛋🥳,番茄炒蛋,1,删除装饰符号
41842,家常小炒 · 芹菜炒腊肠,家常小炒 · 芹菜炒腊肠,0,未修改
41843,NO.12清炒蒜蓉油麦菜,NO.12清炒蒜蓉油麦菜,0,未修改
41854,家常菜干煸豆角,家常菜干煸豆角,0,未修改
41867,白玉菇青椒炒鸡蛋,白玉菇青椒炒鸡蛋,0,未修改
41897,爆炒猪肚,爆炒猪肚,0,未修改
41903,腊肠炒豇豆,腊肠炒豇豆,0,未修改
41927,玉米故萝卜饺子,玉米故萝卜饺子,0,未修改
41933,番茄巴沙鱼鸡蛋汤（内含魔芋丝）,番茄巴沙鱼鸡蛋汤,1,删除括号说明
41944,营养美味海带肉卷,海带肉卷,1,删除营销定语
41945,鸡肉末豆腐炖蛋（减脂版）,鸡肉末豆腐炖蛋,1,删除括号说明
41986,烧辣椒皮蛋！虎皮青椒和凉拌皮蛋合体，居然好吃到犯规？,烧辣椒皮蛋,1,删除宣传后句
42049,海麻雀海底椰骨头汤（止咳润肺）,海麻雀海底椰骨头汤,1,删除括号说明
42070,一包火锅底料搞定番茄牛腩汤,一包火锅底料搞定番茄牛腩汤,0,未修改
42071,冬瓜香菇炖牛腩,冬瓜香菇炖牛腩,0,未修改
42089,炒包菜,炒包菜,0,未修改
42099,香浓鸡汤（砂锅）,香浓鸡汤,1,删除括号说明
42112,酸菜炖猪蹄,酸菜炖猪蹄,0,未修改
42115,酸甜浓郁‼️吃了还想吃的番茄土豆肥牛‼️,酸甜浓郁‼️吃了还想吃的番茄土豆肥牛‼️,0,未修改
42134,青椒炒肉丸,青椒炒肉丸,0,未修改
42159,凉拌手撕杏鲍菇,凉拌手撕杏鲍菇,0,未修改
42180,油焖黑虎虾,油焖黑虎虾,0,未修改
42206,萝卜丸子（外脆里糯）,萝卜丸子,1,删除括号说明
42214,辣子鸡,辣子鸡,0,未修改
42234,豆角土豆茄子炖,豆角土豆茄子炖,0,未修改
42262,仔姜炒肉,仔姜炒肉,0,未修改
42264,黄瓜木耳炒鸡蛋,黄瓜木耳炒鸡蛋,0,未修改
42265,小炒鸡胸肉四季豆～好吃不胖,小炒鸡胸肉四季豆～好吃不胖,0,未修改
42291,酱焖三丁,酱焖三丁,0,未修改
42337,宫保虾球,宫保虾球,0,未修改
42353,【无糖减脂系列】韩式烤肉 两种腌制方法,韩式烤肉 两种腌制方法,1,删除开头标签
42377,端午大菜黄花菜焖肉,端午大菜黄花菜焖肉,0,未修改
42387,简单易学豌豆蔬菜丁,豌豆蔬菜丁,1,删除营销定语
42394,经典梅子小排（汤汁拌饭是一绝）,经典梅子小排,1,删除括号说明
42400,炸芋头丸子（素）,炸芋头丸子,1,删除括号说明
42404,超好吃，超简单，超下饭❗酸辣开胃的腌黄瓜。,，超简单，超下饭酸辣开胃的腌黄瓜。,1,删除营销定语；删除装饰符号
42421,素什锦,素什锦,0,未修改
42422,【小米新手2】青椒炒鸡肉,小米新手2 青椒炒鸡肉,1,展开标题方括号
42434,黑椒牛肚,黑椒牛肚,0,未修改
42446,简单的红烧鸡腿🍗,红烧鸡腿,1,删除营销定语；删除装饰符号
42460,鸡蛋菠菜嘎达汤,鸡蛋菠菜嘎达汤,0,未修改
42461,小炒鸡腿肉（湖北佬版）,小炒鸡腿肉,1,删除括号说明
42492,莴笋片炒腊肉,莴笋片炒腊肉,0,未修改
42500,绘梦❤️炒南瓜片,绘梦️炒南瓜片,1,删除装饰符号
42531,新法凉拌瓦屋山龙须笋,新法凉拌瓦屋山龙须笋,0,未修改
42533,芋艿馄饨，火锅搭档,芋艿馄饨,1,删除宣传后句
42596,冲菜蒸银鳕鱼,冲菜蒸银鳕鱼,0,未修改
42606,粉丝拌菠菜：超级简单但又很好吃的凉菜哦,粉丝拌菠菜：超级简单但又很好吃的凉菜哦,0,未修改
42652,入口即化的广式萝卜牛腩煲,入口即化的广式萝卜牛腩煲,0,未修改
42660,重庆辣子鸡,重庆辣子鸡,0,未修改
42664,下饭菜胡萝卜土豆焖鸡翅,菜胡萝卜土豆焖鸡翅,1,删除营销定语
42667,家常小炒牛肉,家常小炒牛肉,0,未修改
42669,昂刺鱼蘑菇豆腐汤,昂刺鱼蘑菇豆腐汤,0,未修改
42680,操作简易的丝滑芋泥,操作简易的丝滑芋泥,0,未修改
42780,青椒炒土豆丝,青椒炒土豆丝,0,未修改
42830,大葱炒羊肉,大葱炒羊肉,0,未修改
42838,琵琶虾,琵琶虾,0,未修改
42841,微辣版麻婆豆腐,微辣版麻婆豆腐,0,未修改
42901,花甲粉（无需用锡纸）,花甲粉,1,删除括号说明
42983,土豆炒芹菜,土豆炒芹菜,0,未修改
42998,银耳的咸口吃法：银耳炒蛋,银耳的咸口吃法：银耳炒蛋,0,未修改
43010,油菜豆泡,油菜豆泡,0,未修改
43015,丸子大作战-健康低脂的西兰花炒鸡肉丸片,丸子大作战-健康低脂的西兰花炒鸡肉丸片,0,未修改
43071,胡萝卜豆腐炒笋干（素）,胡萝卜豆腐炒笋干,1,删除括号说明
43118,送饭超赞的三蔬抄肉丝,送饭超赞的三蔬抄肉丝,0,未修改
43130,🐖四季豆焖五花肉🐖—味道浓郁❗️大人小朋友都喜欢❗️20分钟左右即成❗️,四季豆焖五花肉—味道浓郁️大人小朋友都喜欢️20分钟左右即成️,1,删除装饰符号
43147,素烧茄子,素烧茄子,0,未修改
43149,蒜蓉粉丝娃娃菜蒸太阳鱼（懒人超好吃）,蒜蓉粉丝娃娃菜蒸太阳鱼,1,删除括号说明
43154,极至三鲜-虾仁蘑菇,极至三鲜-虾仁蘑菇,0,未修改
43167,超级简单的奥尔良烤鸡翅,奥尔良烤鸡翅,1,删除营销定语
43174,原味牛筋,原味牛筋,0,未修改
43177,超好吃的韭菜虾皮炒蛋,韭菜虾皮炒蛋,1,删除营销定语
43191,荷兰豆炒腊肠,荷兰豆炒腊肠,0,未修改
43205,土豆胡萝卜炖牛腩,土豆胡萝卜炖牛腩,0,未修改
43207,西红柿炒菜花,西红柿炒菜花,0,未修改
43217,台式卤肉,台式卤肉,0,未修改
43238,大盘鸡拌面,大盘鸡拌面,0,未修改
43266,好吃的辣子鸡,辣子鸡,1,删除营销定语
43271,胡萝卜炒肉,胡萝卜炒肉,0,未修改
43275,油菜炒平菇,油菜炒平菇,0,未修改
43294,老李罗汉斋,老李罗汉斋,0,未修改
43303,闽南特色菜―紫菜瘦肉羹,闽南特色菜―紫菜瘦肉羹,0,未修改
43328,在家就能做的超人气部队火锅,在家就能做的超人气部队火锅,0,未修改
43330,四川人的国民回锅肉以及萝卜汤,四川人的国民回锅肉以及萝卜汤,0,未修改
43332,冬阴功汤,冬阴功汤,0,未修改
43383,清炒四丁,清炒四丁,0,未修改
43387,泡椒腰花,泡椒腰花,0,未修改
43395,青椒豆皮J_小葱’S,青椒豆皮J_小葱S,1,未修改
43401,快手腰果虾仁,腰果虾仁,1,删除营销定语
43421,超下饭竹笋炒肉,竹笋炒肉,1,删除营销定语
43468,家常豆腐煲,家常豆腐煲,0,未修改
43499,麻辣水煮牛肉,麻辣水煮牛肉,0,未修改
43531,家常味道～清炒胡萝卜片,家常味道～清炒胡萝卜片,0,未修改
43534,椒盐猪颈肉乌冬面,椒盐猪颈肉乌冬面,0,未修改
43578,下饭百分百的翡翠酱香豌豆鸡丁,百分百的翡翠酱香豌豆鸡丁,1,删除营销定语
43584,菠菜炒鸡蛋,菠菜炒鸡蛋,0,未修改
43610,葱熇虾,葱熇虾,0,未修改
43635,酸辣空心菜,酸辣空心菜,0,未修改
43639,抓饭（牛肉&家常）,抓饭,1,删除括号说明
43655,蚝油蒜蓉炒生菜,蚝油蒜蓉炒生菜,0,未修改
43664,3分钟就学会的家常菜😋排骨焖苦瓜,3分钟就学会的家常菜排骨焖苦瓜,1,删除装饰符号
43667,奶奶的味道、辣炒酸菜肉,奶奶的味道、辣炒酸菜肉,0,未修改
43686,柠檬茶鸡翅🍋,柠檬茶鸡翅,1,删除装饰符号
43727,清蒸鲑鱼,清蒸鲑鱼,0,未修改
43740,家常红烧鱼,家常红烧鱼,0,未修改
43752,炒鱿鱼,炒鱿鱼,0,未修改
43757,五仁汤圆,五仁汤圆,0,未修改
43758,粉条炒鸡蛋,粉条炒鸡蛋,0,未修改
43853,啤酒炖鸡,啤酒炖鸡,0,未修改
43881,清蒸小龙虾,清蒸小龙虾,0,未修改
43904,脆口醋溜土豆丝男女老少都爱吃,脆口醋溜土豆丝男女老少都爱吃,0,未修改
43925,芦笋虾仁炒鸡蛋,芦笋虾仁炒鸡蛋,0,未修改
43998,美容养颜~野生鲫鱼汤,美容养颜~野生鲫鱼汤,0,未修改
44021,韭菜炒豆芽,韭菜炒豆芽,0,未修改
44046,红烧茄子条,红烧茄子条,0,未修改
44059,豇豆炒肉,豇豆炒肉,0,未修改
44102,肉末茄子🍆,肉末茄子,1,删除装饰符号
44117,茨菰烧培根,茨菰烧培根,0,未修改
44151,清椰野菌鸽子汤,清椰野菌鸽子汤,0,未修改
44159,新手一定要试的「番茄🍅山药炖排骨」附赠超实用煲汤秘诀,新手一定要试的「番茄山药炖排骨」附赠超实用煲汤秘诀,1,删除装饰符号
44169,好看又好吃！青翠碧绿的西兰花,好看又好吃,1,删除宣传后句
44194,超简单快手「豆角炒蛋」,「豆角炒蛋」,1,删除营销定语
44208,蜜汁犹豫🦑,蜜汁犹豫,1,删除装饰符号
44223,洋芋叉叉麦饭（简单快手健身餐）,洋芋叉叉麦饭,1,删除括号说明
44238,蚝油广东菜心,蚝油广东菜心,0,未修改
44241,凉拌手撕杏鲍菇,凉拌手撕杏鲍菇,0,未修改
44242,香辣海螺🐚,香辣海螺,1,删除装饰符号
44310,粉比肉还好吃的粉蒸肉（排骨）,粉比肉还好吃的粉蒸肉,1,删除括号说明
44359,酱油炒饭,酱油炒饭,0,未修改
44365,酱焗鸡中翅（娃最爱的下饭神菜）,酱焗鸡中翅,1,删除括号说明
44380,辣椒青蒜炒肉,辣椒青蒜炒肉,0,未修改
44390,夏日开胃炒花蛤（鲜辣）,夏日开胃炒花蛤,1,删除括号说明
44403,腊肉蒸冬瓜,腊肉蒸冬瓜,0,未修改
44422,洋葱炒牛肉，这么腌制超好吃！,洋葱炒牛肉,1,删除宣传后句
44425,芋艿毛豆河虾汤,芋艿毛豆河虾汤,0,未修改
44436,荷兰豆炒肉,荷兰豆炒肉,0,未修改
44452,雜菜合炒,雜菜合炒,0,未修改
44465,简易美味葱油虾,简易美味葱油虾,0,未修改
44515,宝宝睡觉不踏实，猪心搭配灯心草等食材炖汤，一觉睡到大天亮,宝宝睡觉不踏实,1,删除宣传后句
44518,【快手家常】麻辣香锅,麻辣香锅,1,删除开头标签
44529,耗油香菇（清爽菜）,耗油香菇,1,删除括号说明
44542,南瓜蒸排骨,南瓜蒸排骨,0,未修改
44584,12-酸汤肥牛,12-酸汤肥牛,0,未修改
44597,青椒火腿炒蛋,青椒火腿炒蛋,0,未修改
44604,炒西瓜皮，夏天的味道,炒西瓜皮,1,删除宣传后句
44617,青蒜爆香菇,青蒜爆香菇,0,未修改
44633,西红柿疙瘩汤,西红柿疙瘩汤,0,未修改
44648,扇贝丁汤,扇贝丁汤,0,未修改
44664,阿根廷红虾,阿根廷红虾,0,未修改
44682,焖面 今天中午一道菜就够了,焖面 今天中午一道菜就够了,0,未修改
44688,蒜蓉烤金针菇,蒜蓉烤金针菇,0,未修改
44689,小葱肉末蒸豆腐,小葱肉末蒸豆腐,0,未修改
44708,猪皮炒黄豆芽,猪皮炒黄豆芽,0,未修改
44756,梅子蒸排骨,梅子蒸排骨,0,未修改
44767,清爽减脂餐🥬白灼菜心,清爽减脂餐白灼菜心,1,删除装饰符号
44786,【糯米蒸排骨】蒸排骨经常难入味，这样就对了！,糯米蒸排骨 蒸排骨经常难入味,1,展开标题方括号；删除宣传后句
44809,四季豆炒腊肠,四季豆炒腊肠,0,未修改
44845,咸鱼茄子煲,咸鱼茄子煲,0,未修改
44846,快手胡萝卜菜花炒五花肉,胡萝卜菜花炒五花肉,1,删除营销定语
44855,黄花菜蒸鸡,黄花菜蒸鸡,0,未修改
44861,苦辣姜味鱼排,苦辣姜味鱼排,0,未修改
44889,红烧肉家常版,红烧肉家常版,0,未修改
44892,鲍鱼炖土豆（厨师快手版）,鲍鱼炖土豆,1,删除括号说明
44927,大白菜炒粉丝,大白菜炒粉丝,0,未修改
44928,香菇鸡肉酱,香菇鸡肉酱,0,未修改
44931,鱼胶焖萝卜,鱼胶焖萝卜,0,未修改
44950,箱烤虎头鱼,箱烤虎头鱼,0,未修改
44958,【泰式咖喱虾】 一碗咖喱汤汁好下饭，简单又美味,泰式咖喱虾 一碗咖喱汤汁好下饭,1,展开标题方括号；删除宣传后句
44983,红萝卜炒肉,红萝卜炒肉,0,未修改
45001,青椒胡萝卜炒蘑菇,青椒胡萝卜炒蘑菇,0,未修改
45032,爆炒猪肝家庭做法,爆炒猪肝家庭做法,0,未修改
45044,黄瓜木耳炒鸡蛋,黄瓜木耳炒鸡蛋,0,未修改
45057,豆瓣酱炒西葫芦,豆瓣酱炒西葫芦,0,未修改
45091,好吃又快手的海鲜疙瘩汤,又快手的海鲜疙瘩汤,1,删除营销定语
45092,家庭版冬阴功汤,冬阴功汤,1,删除场景定语
45106,炖羊腿肉,炖羊腿肉,0,未修改
45110,凉拌木耳黄瓜,凉拌木耳黄瓜,0,未修改
45128,素炒豆干（简单易上手）,素炒豆干,1,删除括号说明
45136,上海青炒双色木耳/脆三色,上海青炒双色木耳/脆三色,0,未修改
45172,超简单的低卡饱腹瘦身饭—陕西名吃“蒸麦饭”（苜蓿）,低卡饱腹瘦身饭—陕西名吃蒸麦饭,1,删除括号说明；删除营销定语
45227,四喜丸子,四喜丸子,0,未修改
45230,孜然鸡翅,孜然鸡翅,0,未修改
45235,美味豆角香菇包子,豆角香菇包子,1,删除营销定语
45242,酸菜龙利鱼,酸菜龙利鱼,0,未修改
45252,好吃下饭的鱼香肉丝,鱼香肉丝,1,删除营销定语
45270,🔥超级下饭的家常快手菜，青椒木耳烧腐竹,超级下饭的家常快手菜,1,删除宣传后句；删除装饰符号
45276,香菇鸡肉丸,香菇鸡肉丸,0,未修改
45285,韭菜炒鲜鱿,韭菜炒鲜鱿,0,未修改
45302,八宝辣酱,八宝辣酱,0,未修改
45304,西红柿炒鸡蛋，浓汁最好吃,西红柿炒鸡蛋,1,删除宣传后句
45306,新手也可以100%做成功的蒸菜（蒸莴笋叶）,新手也可以100%做成功的蒸菜,1,删除括号说明
45329,超级好吃的金针菇豆皮,金针菇豆皮,1,删除营销定语
45356,香葱蒜蓉大虾,香葱蒜蓉大虾,0,未修改
45392,豉油鸡,豉油鸡,0,未修改
45398,西红柿黄瓜炒鸡蛋,西红柿黄瓜炒鸡蛋,0,未修改
45399,花蛤（花甲）粉丝,花蛤粉丝,1,删除括号说明
45405,豆角焖饼丝,豆角焖饼丝,0,未修改
45411,大连特色炒鲜边儿,大连特色炒鲜边儿,0,未修改
45414,豉椒蒸排骨，简单不费力,豉椒蒸排骨,1,删除宣传后句
45425,梅干菜扣肉（烧白）,梅干菜扣肉,1,删除括号说明
45428,清蒸龙利鱼,清蒸龙利鱼,0,未修改
45446,咸蛋黄南瓜,咸蛋黄南瓜,0,未修改
45451,脆哨土豆丁,脆哨土豆丁,0,未修改
45456,鲜嫩白玉菇,鲜嫩白玉菇,0,未修改
45479,黄瓜火腿炒鸡蛋,黄瓜火腿炒鸡蛋,0,未修改
45552,干煸豆角(原图呈现，啤酒白酒好朋友),干煸豆角,1,删除括号说明
45556,豉香蒸排骨,豉香蒸排骨,0,未修改
45609,香煎小羊排（一汁成菜版）,香煎小羊排,1,删除括号说明
45614,超下饭红烧带鱼,红烧带鱼,1,删除营销定语
45669,减脂小帮手「日式凉拌手撕鸡」,小帮手「日式凉拌手撕鸡」,1,删除营销定语
45679,客家腐竹干蒸肉,客家腐竹干蒸肉,0,未修改
45687,大蒜炒牛肉丝－适合喜欢吃老牛肉的你,大蒜炒牛肉丝－适合喜欢吃老牛肉的你,0,未修改
45690,韭菜炒虾仁🍤,韭菜炒虾仁,1,删除装饰符号
45750,素烧豆角,素烧豆角,0,未修改
45754,鸡丝泡饭,鸡丝泡饭,0,未修改
45769,红烧萝卜,红烧萝卜,0,未修改
45775,章鱼足炒蟹味菇,章鱼足炒蟹味菇,0,未修改
45785,新鲜野生紫菜馄饨,新鲜野生紫菜馄饨,0,未修改
45795,清蒸肉蟹,清蒸肉蟹,0,未修改
45820,洋葱泡椒炒牛柳,洋葱泡椒炒牛柳,0,未修改
45822,东北著名早餐咸菜之蒜泥茄子,东北著名早餐咸菜之蒜泥茄子,0,未修改
45876,苦瓜炒干鱼,苦瓜炒干鱼,0,未修改
45883,馋哭了😭蒜香红烧排骨‼️,馋哭了蒜香红烧排骨‼️,1,删除装饰符号
45895,毛豆炒肉沫,毛豆炒肉沫,0,未修改
45896,珐琅锅之泰式清蒸柠檬鱼,珐琅锅之泰式清蒸柠檬鱼,0,未修改
45947,香菇炒肉,香菇炒肉,0,未修改
45961,盐烤活皮虾,盐烤活皮虾,0,未修改
45995,茄子酱（蘸酱菜酱 饭包酱）,茄子酱,1,删除括号说明
45999,爆炒土豆丝,爆炒土豆丝,0,未修改
46004,荷塘小炒虾仁,荷塘小炒虾仁,0,未修改
46006,秋葵杏鲍菇炒香肠,秋葵杏鲍菇炒香肠,0,未修改
46007,蒜蓉炒白菜,蒜蓉炒白菜,0,未修改
46046,凉拌鲫鱼（鲜嫩）,凉拌鲫鱼,1,删除括号说明
46060,超下饭的土豆红烧鸡,土豆红烧鸡,1,删除营销定语
46122,懒人饭堂零失败菠萝咕噜肉,饭堂零失败菠萝咕噜肉,1,删除营销定语
46123,青椒金针菇（无油菜）,青椒金针菇,1,删除括号说明
46139,春日元气补给站：山药玉米排骨汤,春日元气补给站：山药玉米排骨汤,0,未修改
46173,橙香小排,橙香小排,0,未修改
46174,易上手版蒜蓉粉丝娃娃菜,易上手版蒜蓉粉丝娃娃菜,0,未修改
46189,简易快手美味油焖大虾,简易快手美味油焖大虾,0,未修改
46238,西红柿牛腩汤,西红柿牛腩汤,0,未修改
46286,「米饭杀手」秘制辣椒炒鸡,「米饭杀手」秘制辣椒炒鸡,0,未修改
46394,番茄🍅炒蛋,番茄炒蛋,1,删除装饰符号
46425,黄瓜🥒炒鸡蛋,黄瓜炒鸡蛋,1,删除装饰符号
46458,玉米粒炒肉丁,玉米粒炒肉丁,0,未修改
46462,桂鱼煮粉,桂鱼煮粉,0,未修改
46465,卤猪蹄,卤猪蹄,0,未修改
46471,番茄焖豆腐,番茄焖豆腐,0,未修改
46475,蚝油香菇,蚝油香菇,0,未修改
46482,西红柿彩椒白玉菇（孕妇营养餐）,西红柿彩椒白玉菇,1,删除括号说明
46499,营养健康的香菇油麦菜,香菇油麦菜,1,删除营销定语
46512,香其酱炖豆腐,香其酱炖豆腐,0,未修改
46516,㊙️家常菜‼️笋干🍺烧肉‼️我只负责吃笋干,㊙️家常菜‼️笋干烧肉‼️我只负责吃笋干,1,删除装饰符号
46532,红酒焖牛腩,红酒焖牛腩,0,未修改
46549,炸豆腐煮大白菜,炸豆腐煮大白菜,0,未修改
46565,毛豆炒鸡丁,毛豆炒鸡丁,0,未修改
46594,青椒皮蛋,青椒皮蛋,0,未修改
46680,花甲金针菇粉丝煲,花甲金针菇粉丝煲,0,未修改
46681,九层糕炒猪舌,九层糕炒猪舌,0,未修改
46695,香菇炖鸡翅,香菇炖鸡翅,0,未修改
46716,辣炒小鱿鱼,辣炒小鱿鱼,0,未修改
46723,炸莲藕丸子,炸莲藕丸子,0,未修改
46738,辣炒八爪鱼🐙,辣炒八爪鱼,1,删除装饰符号
46750,香暴牛柳,香暴牛柳,0,未修改
46778,非常家常的酸菜鱼,家常的酸菜鱼,1,删除营销定语
46783,东北乱炖,东北乱炖,0,未修改
46790,黄油蒜蓉油麦菜(超快手),黄油蒜蓉油麦菜,1,删除括号说明
46804,甜椒肉丝炒洋葱,甜椒肉丝炒洋葱,0,未修改
46807,家传黄焖鸡,家传黄焖鸡,0,未修改
46836,培根炒秋葵,培根炒秋葵,0,未修改
46837,奥尔良鸡腿排（软嫩多汁法）,奥尔良鸡腿排,1,删除括号说明
46838,萝卜虾皮豆腐汤,萝卜虾皮豆腐汤,0,未修改
46883,熘肝尖,熘肝尖,0,未修改
46888,干豆角炒肉末,干豆角炒肉末,0,未修改
46890,麻辣肉末豆腐,麻辣肉末豆腐,0,未修改
46892,港式柱侯萝卜炆牛腩煲,港式柱侯萝卜炆牛腩煲,0,未修改
46899,低脂开胃菜——泡椒冬瓜,开胃菜——泡椒冬瓜,1,删除营销定语
46942,炒白果,炒白果,0,未修改
46975,玉米排骨汤,玉米排骨汤,0,未修改
47002,蕨菜炒腊肉,蕨菜炒腊肉,0,未修改
47018,酸菜馅儿素饺,酸菜馅儿素饺,0,未修改
47026,柠檬茶配酸菜鱼,柠檬茶配酸菜鱼,0,未修改
47032,腊肉炒青椒,腊肉炒青椒,0,未修改
47046,牛肉饺子,牛肉饺子,0,未修改
47047,西湖牛肉羹,西湖牛肉羹,0,未修改
47049,咖喱土豆块,咖喱土豆块,0,未修改
47061,黑胡椒油焖大虾,黑胡椒油焖大虾,0,未修改
47110,简易红烧肉,简易红烧肉,0,未修改
47111,简单的百合腐竹芹菜,百合腐竹芹菜,1,删除营销定语
47138,布丁厨房之炝拌莴笋丝,布丁厨房之炝拌莴笋丝,0,未修改
47139,风味鸡翅鲜虾煲,风味鸡翅鲜虾煲,0,未修改
47165,土豆红萝卜炒肉饼,土豆红萝卜炒肉饼,0,未修改
47179,满满的胶原蛋白-凉拌牛蹄,满满的胶原蛋白-凉拌牛蹄,0,未修改
47193,建德生炒鸡,建德生炒鸡,0,未修改
47218,不输饭店的正宗广式潮汕蟹粥  懒人版简单易上手,不输饭店的正宗广式潮汕蟹粥 懒人版简单易上手,1,未修改
47229,蒜蓉空心菜,蒜蓉空心菜,0,未修改
47232,苦菜酥红豆+扁豆茯苓粥,苦菜酥红豆+扁豆茯苓粥,0,未修改
47254,小酥肉,小酥肉,0,未修改
47264,Q版-客家三酿（家常酿肉系列）,Q版-客家三酿,1,删除括号说明
47297,螃蟹白菜豆腐汤,螃蟹白菜豆腐汤,0,未修改
47328,芋儿鸡,芋儿鸡,0,未修改
47329,素炒合菜（豆芽韭菜炒鸡蛋）,素炒合菜,1,删除括号说明
47348,清蒸螃蟹,清蒸螃蟹,0,未修改
47356,西葫芦辣炒鸡丁,西葫芦辣炒鸡丁,0,未修改
47383,蒜蓉金针菇,蒜蓉金针菇,0,未修改
47385,泰式肥牛鸡蛋炒年糕,泰式肥牛鸡蛋炒年糕,0,未修改
47402,萝卜丸子,萝卜丸子,0,未修改
47438,无油减脂 原汁原味 菌菇汤/蘑菇开会,原汁原味 菌菇汤/蘑菇开会,1,删除营销定语
47444,夏季养生的海米瘦肉冬瓜汤（清热解暑，降脂减肥）,夏季养生的海米瘦肉冬瓜汤,1,删除括号说明
47458,嫩出水的酱炒小章鱼🐙,嫩出水的酱炒小章鱼,1,删除装饰符号
47473,胡姬花-辣炒扇贝肉,胡姬花-辣炒扇贝肉,0,未修改
47487,凉拌鸡蛋干,凉拌鸡蛋干,0,未修改
47488,青红椒炒鱿鱼,青红椒炒鱿鱼,0,未修改
47499,不爱吃海参也能吃的海参粥,不爱吃海参也能吃的海参粥,0,未修改
47502,辣椒酿（辣椒灌肉）,辣椒酿,1,删除括号说明
47513,咖喱鸡肉饭,咖喱鸡肉饭,0,未修改
47515,土豆炖鸡煲,土豆炖鸡煲,0,未修改
47545,土豆炖排骨,土豆炖排骨,0,未修改
47561,周末两小时计划 #第二周#,周末两小时计划,1,删除话题说明
47562,平菇鸡蛋汤,平菇鸡蛋汤,0,未修改
47591,减脂快手酸辣开胃魔芋丝,酸辣开胃魔芋丝,1,删除营销定语
47621,尖椒牛柳,尖椒牛柳,0,未修改
47623,【海鲜】虾仁炒西兰花,海鲜 虾仁炒西兰花,1,展开标题方括号
47661,茶树菇油,茶树菇油,0,未修改
47671,香菇炖鸡腿,香菇炖鸡腿,0,未修改
47675,低油橙味烧汁鸡中翅,低油橙味烧汁鸡中翅,0,未修改
47681,焖鱼头,焖鱼头,0,未修改
47707,芹菜炒香干,芹菜炒香干,0,未修改
47722,海鲜豆腐煲,海鲜豆腐煲,0,未修改
47723,三鲜汤,三鲜汤,0,未修改
47731,香菇山药炒蛋白片,香菇山药炒蛋白片,0,未修改
47758,青椒肉丝,青椒肉丝,0,未修改
47771,辣子香菇鸡块,辣子香菇鸡块,0,未修改
47786,麻辣香锅,麻辣香锅,0,未修改
47808,啤酒烧鸡块,啤酒烧鸡块,0,未修改
47841,下饭腐乳猪肉条,腐乳猪肉条,1,删除营销定语
47849,拔丝地瓜,拔丝地瓜,0,未修改
47861,烧麦（牛肉版，嫩滑香甜）,烧麦,1,删除括号说明
47864,啫啫鱼煲,啫啫鱼煲,0,未修改
47885,板栗香菇鸡焖饭（电饭煲）,板栗香菇鸡焖饭,1,删除括号说明
47928,清炒平菇,清炒平菇,0,未修改
47944,健康低脂—香蕉变酥很简单,香蕉变酥很简单,1,删除营销定语
47959,荷兰豆炒牛肉,荷兰豆炒牛肉,0,未修改
47979,辣白菜番茄鸡肉烩饭,辣白菜番茄鸡肉烩饭,0,未修改
48029,排骨炒年糕,排骨炒年糕,0,未修改
48032,笋丁榄菜豇豆,笋丁榄菜豇豆,0,未修改
48037,【北鼎珐琅铸铁锅食谱】无水蒜香毛豆,无水蒜香毛豆,1,删除开头标签
48053,三色花菜,三色花菜,0,未修改
48069,纯素食无五辛：煎小芋头,纯素食无五辛：煎小芋头,0,未修改
48076,香菇炖冻豆腐,香菇炖冻豆腐,0,未修改
48086,地道川味水煮牛肉,地道川味水煮牛肉,0,未修改
48089,夏秋季节莲藕排骨汤,夏秋季节莲藕排骨汤,0,未修改
48094,五花肉焖豆角,五花肉焖豆角,0,未修改
48101,西红柿烧茄子,西红柿烧茄子,0,未修改
48161,好吃的木耳炒鸡蛋,木耳炒鸡蛋,1,删除营销定语
48169,孜然肉片,孜然肉片,0,未修改
48174,水煮牛肉，麻辣咸香，回味悠长，你大白饭的好伴侣，朋友来了好装x,水煮牛肉,1,删除宣传后句
48194,鱼香茄子极简版💜,鱼香茄子极简版,1,删除装饰符号
48217,熘炒肝,熘炒肝,0,未修改
48230,清肠排毒的芹菜炒木耳,清肠排毒的芹菜炒木耳,0,未修改
48246,清爽的韭菜千张卷,清爽的韭菜千张卷,0,未修改
48281,青椒炒皮蛋,青椒炒皮蛋,0,未修改
48292,素炒角瓜（西葫芦）,素炒角瓜,1,删除括号说明
48348,喝不腻的西红柿鸡蛋汤,喝不腻的西红柿鸡蛋汤,0,未修改
48352,虎皮青椒,虎皮青椒,0,未修改
48369,凉拌鸡胸肉,凉拌鸡胸肉,0,未修改
48370,黑椒牛柳,黑椒牛柳,0,未修改
48377,剁椒土豆丝，夏天辣爽下饭菜,剁椒土豆丝,1,删除宣传后句
48413,闷南瓜,闷南瓜,0,未修改
48434,白露之红薯版零油添三汁焖清江鱼,白露之红薯版零油添三汁焖清江鱼,0,未修改
48446,海南干煸鸭 味道不一般,海南干煸鸭 味道不一般,0,未修改
48462,能吃三碗饭的小炒肉,能吃三碗饭的小炒肉,0,未修改
48492,海带炖猪蹄,海带炖猪蹄,0,未修改
48519,火腿肠炒青瓜（伊莱特炒菜机器人）,火腿肠炒青瓜,1,删除括号说明
48524,超下饭家常小炒｜酸菜笋丝炒牛肉｜不用淀粉腌也好吃,家常小炒｜酸菜笋丝炒牛肉｜不用淀粉腌也好吃,1,删除营销定语
48529,“花开富贵”之千页豆腐,花开富贵之千页豆腐,1,未修改
48532,藏红花鳕鱼,藏红花鳕鱼,0,未修改
48559,西红柿炒西葫芦,西红柿炒西葫芦,0,未修改
48560,洋葱炒牛肉,洋葱炒牛肉,0,未修改
48568,超快手的开胃下饭辣椒榨菜炒肉丝,开胃下饭辣椒榨菜炒肉丝,1,删除营销定语
48572,清淡可口的胡萝卜青瓜炒肉,可口的胡萝卜青瓜炒肉,1,删除营销定语
48608,家常酱烧鲳鱼,家常酱烧鲳鱼,0,未修改
48612,山药炒肉,山药炒肉,0,未修改
48626,【2】一分钟简单快手美味颜值外貌新年元旦年夜饭好看漂亮创意圣诞树沙拉系列-水果塔,2 一分钟简单快手美味颜值外貌新年元旦年夜饭好看漂亮创意圣诞树沙拉系列-水果塔,1,展开标题方括号
48652,西红柿土豆炖牛肉（高压锅版）,西红柿土豆炖牛肉,1,删除括号说明
48675,炖酸菜,炖酸菜,0,未修改
48705,适合小朋友吃的番茄鱼（巴沙鱼柳）,适合小朋友吃的番茄鱼,1,删除括号说明
48726,焖锅大虾,焖锅大虾,0,未修改
48786,这么热，放慢心，煲一锅冬瓜绿豆老鸭汤,这么热,1,删除宣传后句
48799,培根金针菇,培根金针菇,0,未修改
48801,超入味又爽口的青椒木耳三黄鸡（电饭煲版）,入味又爽口的青椒木耳三黄鸡,1,删除括号说明；删除营销定语
48868,下饭菜：家常豆腐,家常豆腐,1,删除分类前缀
48874,小鲍鱼炖土豆,小鲍鱼炖土豆,0,未修改
48887,小炒杏鲍菇,小炒杏鲍菇,0,未修改
48897,酱香烤肋排-2018年夜饭【曼食慢语】,酱香烤肋排-2018年夜饭【曼食慢语】,0,未修改
48898,快手家常菜：香菇烧腐竹，简直不要太好吃！,家常菜：香菇烧腐竹,1,删除营销定语；删除宣传后句
48907,水晶虾饺,水晶虾饺,0,未修改
48923,回勺面,回勺面,0,未修改
48944,空气炸锅版鸡翅根,空气炸锅版鸡翅根,0,未修改
48971,橄榄菜肉末四季豆,橄榄菜肉末四季豆,0,未修改
48981,酱汁花甲（蛤），可以收割朋友圈的一道家常菜,酱汁花甲,1,删除括号说明；删除宣传后句
49078,深得老妈真传的                   爆炒黑鱼片,深得老妈真传的 爆炒黑鱼片,1,未修改
49082,家常豆腐,家常豆腐,0,未修改
49099,炸藕夹,炸藕夹,0,未修改
49111,香辣小鱼干,香辣小鱼干,0,未修改
49141,营养美味的腰果虾仁炒西芹,腰果虾仁炒西芹,1,删除营销定语
49162,珍珠圆子,珍珠圆子,0,未修改
49164,炝炒角瓜,炝炒角瓜,0,未修改
49180,丝瓜炒腐竹,丝瓜炒腐竹,0,未修改
49189,爆好吃❗孜然青椒牛肉盖浇面 挂面的神仙吃法❗,爆好吃孜然青椒牛肉盖浇面 挂面的神仙吃法,1,删除装饰符号
49231,熏猪脸炒莴笋,熏猪脸炒莴笋,0,未修改
49250,葱爆孜然羊肉,葱爆孜然羊肉,0,未修改
49256,爆炒青椒,爆炒青椒,0,未修改
49262,火腿炒干豆腐（千张）,火腿炒干豆腐,1,删除括号说明
49284,白贝蒸粉丝,白贝蒸粉丝,0,未修改
49288,百合蒸南瓜,百合蒸南瓜,0,未修改
49347,鸭腿焖豆腐,鸭腿焖豆腐,0,未修改
49358,东北地三鲜,东北地三鲜,0,未修改
49406,家常地三鲜,家常地三鲜,0,未修改
49432,三汁焖锅,三汁焖锅,0,未修改
49436,素炒杏鲍菇之二：油菜杏鲍菇,素炒杏鲍菇之二：油菜杏鲍菇,0,未修改
49451,鸡丝炒芦笋,鸡丝炒芦笋,0,未修改
49476,双椒炒鸡丝,双椒炒鸡丝,0,未修改
49535,超好吃的蛋炒饭！,蛋炒饭,1,删除营销定语；删除宣传后句
49551,黄瓜炒虾仁,黄瓜炒虾仁,0,未修改
49555,快乐匠心东北炖粉条五花肉，好吃😋不找钱,快乐匠心东北炖粉条五花肉,1,删除宣传后句
49560,梅干烧肉,梅干烧肉,0,未修改
49571,蒜末生菜淋菜,蒜末生菜淋菜,0,未修改
49619,家常肉末粉丝,家常肉末粉丝,0,未修改
49633,烫面蒸饺,烫面蒸饺,0,未修改
49635,好吃到流泪的小炒牛五花👏👏,到流泪的小炒牛五花,1,删除营销定语；删除装饰符号
49656,黑三剁快炒四季豆,黑三剁快炒四季豆,0,未修改
49658,黑鱼片炒洋葱,黑鱼片炒洋葱,0,未修改
49670,【清心湖】青椒炒土豆片,清心湖 青椒炒土豆片,1,展开标题方括号
49697,番茄金针菇肥牛汤,番茄金针菇肥牛汤,0,未修改
49701,湘西小炒肉,湘西小炒肉,0,未修改
49733,橙皮炖羊排,橙皮炖羊排,0,未修改
49737,香煎彩椒牛肉粒，看起来就食欲满满～！,香煎彩椒牛肉粒,1,删除宣传后句
49789,蚝油冬瓜,蚝油冬瓜,0,未修改
49806,海带炖豆腐,海带炖豆腐,0,未修改
49812,西红柿鸡蛋汤,西红柿鸡蛋汤,0,未修改
49849,蒜香花螺鸡,蒜香花螺鸡,0,未修改
49853,妈妈牌石斛滋阴汤料,妈妈牌石斛滋阴汤料,0,未修改
49857,家常清蒸鱼,家常清蒸鱼,0,未修改
49869,杏鲍菇炒肉丝,杏鲍菇炒肉丝,0,未修改
49880,胡萝卜包菜炒粉条,胡萝卜包菜炒粉条,0,未修改
49891,鸡骨架山药汤,鸡骨架山药汤,0,未修改
49916,羊肚菌炒豆腐,羊肚菌炒豆腐,0,未修改
49926,爆炒虾仁,爆炒虾仁,0,未修改
49931,芦笋虾仁炒口蘑,芦笋虾仁炒口蘑,0,未修改
49936,青椒土豆鸡腿肉（简易版黄焖鸡）,青椒土豆鸡腿肉,1,删除括号说明
49998,红糟肉,红糟肉,0,未修改
50000,清炒粗茎芥蓝,清炒粗茎芥蓝,0,未修改
50018,炸小酥肉,炸小酥肉,0,未修改
50022,炸香菇,炸香菇,0,未修改
50025,清爽番茄豆腐汤（快手营养，清爽减肥）,清爽番茄豆腐汤,1,删除括号说明
50034,豆豉鲮鱼油麦菜,豆豉鲮鱼油麦菜,0,未修改
50161,冬菇金针蒸滑鸡（无油版）,冬菇金针蒸滑鸡,1,删除括号说明
50185,地皮菜韭菜炒鸡蛋,地皮菜韭菜炒鸡蛋,0,未修改
50229,贼下饭的『鱼香肉丝』低脂鸡胸肉版本🔥,贼下饭的『鱼香肉丝』低脂鸡胸肉版本,1,删除装饰符号
50244,青椒小炒五花肉,青椒小炒五花肉,0,未修改
50262,炒方便面,炒方便面,0,未修改
50267,简单易做好吃不长胖之辣炒鸡丁,易做好吃不长胖之辣炒鸡丁,1,删除营销定语
50292,正宗潮汕砂锅粥,正宗潮汕砂锅粥,0,未修改
50324,炸茄盒,炸茄盒,0,未修改
50365,泡菜五花肉汤饭,泡菜五花肉汤饭,0,未修改
50367,焖烧带鱼,焖烧带鱼,0,未修改
50411,家常烧鸡块,家常烧鸡块,0,未修改
50444,凉拌莴苣,凉拌莴苣,0,未修改
50447,蒜蓉小龙虾,蒜蓉小龙虾,0,未修改
50470,虾油蒜蓉油麦菜,虾油蒜蓉油麦菜,0,未修改
50481,清蒸鲫鱼,清蒸鲫鱼,0,未修改
50488,松子虾仁丁,松子虾仁丁,0,未修改
50493,上海小囡-香莴笋炒香菇,上海小囡-香莴笋炒香菇,0,未修改
50536,10分钟快手菜！🔥低脂无油清蒸香辣口蘑「龙利鱼」（减脂餐第43道）鱼第8种花样做法,10分钟快手菜,1,删除括号说明；删除宣传后句
50572,鲜美鱼头汤,鲜美鱼头汤,0,未修改
50574,免治窝蛋牛肉饭,免治窝蛋牛肉饭,0,未修改
50612,地三鲜,地三鲜,0,未修改
50630,超级送饭的香煎茄子包肉,送饭的香煎茄子包肉,1,删除营销定语
50645,柠檬酸菜鱼,柠檬酸菜鱼,0,未修改
50654,下饭菜来喽……自制腌菜炒四季豆,菜来喽……自制腌菜炒四季豆,1,删除营销定语
50669,樱桃（番茄)牙签肉🍒,樱桃（番茄)牙签肉,1,删除装饰符号
50682,虾仁滑蛋,虾仁滑蛋,0,未修改
50707,新手～炖牛腩,新手～炖牛腩,0,未修改
50760,豆瓣焖烧冬瓜,豆瓣焖烧冬瓜,0,未修改
50780,红烧石斑鱼,红烧石斑鱼,0,未修改
50788,醋熘白菜,醋熘白菜,0,未修改
50790,蒸刁子鱼,蒸刁子鱼,0,未修改
50803,超下饭的豆腐焖黄丫角,豆腐焖黄丫角,1,删除营销定语
50848,木耳土豆炒熏肠,木耳土豆炒熏肠,0,未修改
50874,清蒸东山岛黄金带鱼,清蒸东山岛黄金带鱼,0,未修改
50885,泡椒香菇莴笋肉片,泡椒香菇莴笋肉片,0,未修改
50917,初夏的清爽—炒杂蔬,初夏的清爽—炒杂蔬,0,未修改
50948,传统小扁豆汤 lentil soup,传统小扁豆汤 lentil soup,0,未修改
50950,油焖辣椒 or 虎皮尖椒,油焖辣椒 or 虎皮尖椒,0,未修改
50963,滑嫩滑嫩的炒牛肉,滑嫩滑嫩的炒牛肉,0,未修改
51018,酥炸银鱼,酥炸银鱼,0,未修改
51024,苏州「感恩季～用心暖心」附暖方：陆阿姨汤馆－姬松茸竹荪菌菇汤料包麻油鸡,苏州「感恩季～用心暖心」附暖方：陆阿姨汤馆－姬松茸竹荪菌菇汤料包麻油鸡,0,未修改
51025,香辣肉丝,香辣肉丝,0,未修改
51031,红烧草鸡,红烧草鸡,0,未修改
51052,韭菜炒豆腐干,韭菜炒豆腐干,0,未修改
51056,家常尖椒豆皮炒里脊,家常尖椒豆皮炒里脊,0,未修改
51077,西红柿炒菜花,西红柿炒菜花,0,未修改
51112,和饭店一个味的椒盐大头虾(沼虾),和饭店一个味的椒盐大头虾,1,删除括号说明
51116,菠萝彩椒滑鸡片,菠萝彩椒滑鸡片,0,未修改
51122,中华茶渍面,中华茶渍面,0,未修改
51139,棒棒鸡丝,棒棒鸡丝,0,未修改
51150,炖炒豆腐香菇小白菜（勾氏私房菜）,炖炒豆腐香菇小白菜,1,删除括号说明
51157,万能酱炒豆芽,万能酱炒豆芽,0,未修改
51191,比肉还好吃的金针菇豆皮卷,比肉还好吃的金针菇豆皮卷,0,未修改
51217,香菇炒鸡块,香菇炒鸡块,0,未修改
51221,苦瓜不苦炒牛肉粒,苦瓜不苦炒牛肉粒,0,未修改
51245,冬笋炒鸡胸,冬笋炒鸡胸,0,未修改
51293,减脂牛奶冻豆腐汤,牛奶冻豆腐汤,1,删除营销定语
51296,快手炒——黄瓜木耳炒鸡蛋,炒——黄瓜木耳炒鸡蛋,1,删除营销定语
51303,超下饭的清炒小南瓜,清炒小南瓜,1,删除营销定语
51304,大葱滚豆腐,大葱滚豆腐,0,未修改
51332,茭白炒芦笋,茭白炒芦笋,0,未修改
51349,葱花炒鸡蛋,葱花炒鸡蛋,0,未修改
51353,简单版梅菜扣肉,版梅菜扣肉,1,删除营销定语
51354,娃娃菜炒肉丝,娃娃菜炒肉丝,0,未修改
51360,海参蒸鸡蛋,海参蒸鸡蛋,0,未修改
51369,大盆花菜（＃湘潭篇）,大盆花菜,1,删除括号说明
51398,香菇猪肉小馄饨,香菇猪肉小馄饨,0,未修改
51443,矜宸•虾酱白菜粉丝煲,矜宸•虾酱白菜粉丝煲,0,未修改
51446,土豆🥔芸豆炖排骨 超级软烂,土豆芸豆炖排骨 超级软烂,1,删除装饰符号
51472,罐子方便面－视频【没牌子】,罐子方便面－视频【没牌子】,0,未修改
51484,青椒炒腊肉,青椒炒腊肉,0,未修改
51528,叉烧面（非烤箱版叉烧）,叉烧面,1,删除括号说明
51530,青红虾仁,青红虾仁,0,未修改
51539,蒸杂粮（五谷丰登）,蒸杂粮,1,删除括号说明
51547,爆炒鸡心,爆炒鸡心,0,未修改
51575,肠粉(在家做简单又好吃),肠粉,1,删除括号说明
51576,咖喱土豆鸡,咖喱土豆鸡,0,未修改
51578,紫薯蛋皮卷,紫薯蛋皮卷,0,未修改
51580,胡萝卜炒粉丝,胡萝卜炒粉丝,0,未修改
51590,香菇酱,香菇酱,0,未修改
51599,简易秘制的红烧肉做法,简易秘制的红烧肉做法,0,未修改
51602,西红柿炖牛腩,西红柿炖牛腩,0,未修改
51621,土豆红烧肉,土豆红烧肉,0,未修改
51652,红烧肉（秘制版）,红烧肉,1,删除括号说明
51676,麻辣鲜香开胃下饭家常小炒回锅肉,麻辣鲜香开胃下饭家常小炒回锅肉,0,未修改
51700,鸡翅根焖烧莴笋,鸡翅根焖烧莴笋,0,未修改
51726,红烧鲫鱼,红烧鲫鱼,0,未修改
51727,番茄炒蛋蛋,番茄炒蛋蛋,0,未修改
51746,沙虫干鸡汤,沙虫干鸡汤,0,未修改
51773,卤鸡爪（懒人版）,卤鸡爪,1,删除括号说明
51821,肉沫炒淮山,肉沫炒淮山,0,未修改
51829,十三香小龙虾,十三香小龙虾,0,未修改
51844,Staub铸铁锅叉烧煲仔饭,Staub铸铁锅叉烧煲仔饭,0,未修改
51851,东北特色菜酸菜炒粉条,东北特色菜酸菜炒粉条,0,未修改
51927,东北炖豆角,东北炖豆角,0,未修改
51936,芝麻拌海带，清淡快手，补钙下饭菜,芝麻拌海带,1,删除宣传后句
52000,炒双花,炒双花,0,未修改
52031,酱香浓郁的津味肉龙（懒龙）勾起儿时记忆味蕾,酱香浓郁的津味肉龙勾起儿时记忆味蕾,1,删除括号说明
52035,牛肉片炒春笋蘑菇,牛肉片炒春笋蘑菇,0,未修改
52038,蚝油煎牛柳,蚝油煎牛柳,0,未修改
52062,炎炎夏日里的小确幸汤锅——丝瓜肉肉咸蛋汤,炎炎夏日里的小确幸汤锅——丝瓜肉肉咸蛋汤,0,未修改
52066,肉丁炒豆嘴,肉丁炒豆嘴,0,未修改
52108,红烧嫩豆腐（手残党也能做的下饭菜）,红烧嫩豆腐,1,删除括号说明
52123,手撕茄子,手撕茄子,0,未修改
52193,凉拌莴笋,凉拌莴笋,0,未修改
52202,凉拌柠檬鸡脚青瓜,凉拌柠檬鸡脚青瓜,0,未修改
52228,洋葱土豆片,洋葱土豆片,0,未修改
52258,回锅蒸炸鱼,回锅蒸炸鱼,0,未修改
52261,空心菜梗，基本每天必炒的下饭菜，超级开胃,空心菜梗,1,删除宣传后句
52276,【超快手、好吃、无盐、超饱腹】紫苏籽油鸡胸肉健康沙拉 —— 崔始源10天减14kg！#减肥#餐,紫苏籽油鸡胸肉健康沙拉 —— 崔始源10天减14kg,1,删除开头标签；删除话题说明；删除宣传后句
52282,豇豆蛋饼,豇豆蛋饼,0,未修改
52325,丝瓜白玉菇鸡蛋汤，养生吃法～！,丝瓜白玉菇鸡蛋汤,1,删除宣传后句
52367,私房茄汁炒虾，香而不腻的下饭菜~,私房茄汁炒虾,1,删除宣传后句
52370,为鱿鱼正名！吃不胖的美味鱿鱼！,为鱿鱼正名,1,删除宣传后句
52386,厨房小白：酱烧肉末茄子,厨房小白：酱烧肉末茄子,0,未修改
52388,不辣的好吃～小炒嫩牛肉～爆辣的爆好吃,不辣的好吃～小炒嫩牛肉～爆辣的爆好吃,0,未修改
52410,干炸带鱼,干炸带鱼,0,未修改
52439,蚝油草菇烩面筋,蚝油草菇烩面筋,0,未修改
52453,冬瓜丸子汤,冬瓜丸子汤,0,未修改
52457,柠檬辣椒沙拉酱,柠檬辣椒沙拉酱,0,未修改
52467,菜花遇上西红柿-小时候的味道,菜花遇上西红柿-小时候的味道,0,未修改
52498,豆皮炒莴苣,豆皮炒莴苣,0,未修改
52506,蒜蓉蒸龙虾,蒜蓉蒸龙虾,0,未修改
52531,鲍鱼焖鸡学做之笔记,鲍鱼焖鸡学做之笔记,0,未修改
52560,冬瓜蛤蜊汤,冬瓜蛤蜊汤,0,未修改
52564,豆角茄子,豆角茄子,0,未修改
52567,蒜台木耳炒肉,蒜台木耳炒肉,0,未修改
52577,超下饭的土豆番茄炖牛腩,土豆番茄炖牛腩,1,删除营销定语
52579,香焖豆腐,香焖豆腐,0,未修改
52581,小龙虾炒米线,小龙虾炒米线,0,未修改
52585,芹菜肉炒豆干,芹菜肉炒豆干,0,未修改
52628,红烧猪蹄,红烧猪蹄,0,未修改
52629,尖椒炒虾仁,尖椒炒虾仁,0,未修改
52641,韭菜苔炒鸡丝,韭菜苔炒鸡丝,0,未修改
52644,红萝卜芹菜炒肉,红萝卜芹菜炒肉,0,未修改
52670,醋溜土豆丝（家庭版小炒）,醋溜土豆丝,1,删除括号说明
52674,香辣香菜炒牛肉,香辣香菜炒牛肉,0,未修改
52740,素荷叶饭,素荷叶饭,0,未修改
52742,不用任何手法的鲜美疙瘩汤（内有秘密武器）,不用任何手法的鲜美疙瘩汤,1,删除括号说明
52756,馅饼（发面版）,馅饼,1,删除括号说明
52775,自己剁馅擀皮的大白菜牛肉丸子饺子,自己剁馅擀皮的大白菜牛肉丸子饺子,0,未修改
52797,干豆腐炒豆芽,干豆腐炒豆芽,0,未修改
52828,柠檬百香果凉拌虾（改良版）,柠檬百香果凉拌虾,1,删除括号说明
52848,✅ 第7道快手低脂菜🌈香菇胡萝卜炒蛋✨,第7道快手低脂菜香菇胡萝卜炒蛋,1,删除装饰符号
52869,凉拌菠菜,凉拌菠菜,0,未修改
52872,地道新疆大盘鸡,地道新疆大盘鸡,0,未修改
52886,美极鲜虾香煎“鲍鱼”......菇,美极鲜虾香煎鲍鱼......菇,1,未修改
52897,辣味豆豉蒸鱼片,辣味豆豉蒸鱼片,0,未修改
52925,#食在春天#海米炒菜心,海米炒菜心,1,删除话题说明
52939,【连锅端·老坛酸菜牛肉面味道的鸡肉魔芋炒面】,连锅端·老坛酸菜牛肉面味道的鸡肉魔芋炒面,1,展开标题方括号
52971,枸杞波菜,枸杞波菜,0,未修改
53002,锅包豆腐,锅包豆腐,0,未修改
53015,快手菜~蒜蓉肉沫蒸粉丝,菜~蒜蓉肉沫蒸粉丝,1,删除营销定语
53026,豆芽炒蒜苗,豆芽炒蒜苗,0,未修改
53027,越基础越考验功力：客家酿豆腐,越基础越考验功力：客家酿豆腐,0,未修改
53033,番茄大虾,番茄大虾,0,未修改
53059,节瓜粉丝,节瓜粉丝,0,未修改
53088,粤式爸爸的小炒肉,粤式爸爸的小炒肉,0,未修改
53089,完美复刻查餐厅的沙爹肥牛粉丝煲,完美复刻查餐厅的沙爹肥牛粉丝煲,0,未修改
53096,乳酿鱼,乳酿鱼,0,未修改
53097,家常菜下饭神器洋葱炒肥牛❗️光盘快手菜,家常菜下饭神器洋葱炒肥牛️光盘快手菜,1,删除装饰符号
53181,莴笋胡萝卜烩蛋,莴笋胡萝卜烩蛋,0,未修改
53204,适合老年人的野菜咸肉菜饭,适合老年人的野菜咸肉菜饭,0,未修改
53205,彩椒炒鸡胸肉,彩椒炒鸡胸肉,0,未修改
53248,快手虫草花拌黄瓜丝,虫草花拌黄瓜丝,1,删除营销定语
53289,豆渣的别样吃法：从炒豆渣——咸味豆渣糍粑——咸味豆渣冻,豆渣的别样吃法：从炒豆渣——咸味豆渣糍粑——咸味豆渣冻,0,未修改
53291,低脂高蛋白～西兰花菌菇虾仁汤,高蛋白～西兰花菌菇虾仁汤,1,删除营销定语
53303,哈拉海炖土豆,哈拉海炖土豆,0,未修改
53307,杏鲍菇炒老黄瓜片,杏鲍菇炒老黄瓜片,0,未修改
53347,红烧芋儿or酸辣芋儿,红烧芋儿or酸辣芋儿,0,未修改
53377,丝瓜炒鸡蛋,丝瓜炒鸡蛋,0,未修改
53408,青椒牛肉丝,青椒牛肉丝,0,未修改
53415,旱萝卜素丸子,旱萝卜素丸子,0,未修改
53426,笋干红烧肉,笋干红烧肉,0,未修改
53438,土豆咖喱炖牛肉,土豆咖喱炖牛肉,0,未修改
53449,肉末茄子粉丝煲,肉末茄子粉丝煲,0,未修改
53472,小美版 豆角炒香菇,小美版 豆角炒香菇,0,未修改
53483,咸蛋黄炒南瓜,咸蛋黄炒南瓜,0,未修改
53496,尝理香菇鸡汤,尝理香菇鸡汤,0,未修改
53513,茄子炒西红柿,茄子炒西红柿,0,未修改
53525,土豆炖鸡,土豆炖鸡,0,未修改
53565,扇贝肉炒韭菜,扇贝肉炒韭菜,0,未修改
53643,西兰花炒鸡蛋,西兰花炒鸡蛋,0,未修改
53685,烤火鸡腿及多汁焖三菇,烤火鸡腿及多汁焖三菇,0,未修改
53720,黑椒虾仁炒西蓝花❗超简单～低脂健康必备‼️,黑椒虾仁炒西蓝花超简单～低脂健康必备‼️,1,删除装饰符号
53728,油爆大虾,油爆大虾,0,未修改
53730,炒汉菜（苋菜）,炒汉菜,1,删除括号说明
53732,蔬菜豆渣饼,蔬菜豆渣饼,0,未修改
53748,腐竹焖牛腩,腐竹焖牛腩,0,未修改
53766,宝宝辅食|鱼香肉丝盖饭（适合12m +）,宝宝辅食|鱼香肉丝盖饭,1,删除括号说明
53769,五花肉炒豆干,五花肉炒豆干,0,未修改
53770,自家的黄焖鸡：汤浓味鲜肉量足,黄焖鸡：汤浓味鲜肉量足,1,删除营销定语
53771,辣炒火锅丸子,辣炒火锅丸子,0,未修改
53775,油焖茭白,油焖茭白,0,未修改
53777,减脂低卡无油快手•金针菇蒸茄子,低卡无油快手•金针菇蒸茄子,1,删除营销定语
53781,家常臊子面,家常臊子面,0,未修改
53799,素食 番茄油豆腐烩/焖面 无葱蒜低脂少油 快手简单家常面,素食 番茄油豆腐烩/焖面 无葱蒜低脂少油 快手简单家常面,0,未修改
53841,清蒸大闸蟹,清蒸大闸蟹,0,未修改
53867,番茄菜花炒木耳,番茄菜花炒木耳,0,未修改
53868,Q版-广式扣肉,Q版-广式扣肉,0,未修改
53894,吃了就会年年高的炒年糕片,吃了就会年年高的炒年糕片,0,未修改
53915,土豆菜谱1⃣️-家常土豆丝（心底的家常味）,土豆菜谱1⃣️-家常土豆丝,1,删除括号说明
53916,金菇翠苗  5元钱的爽口快手菜,金菇翠苗 5元钱的爽口快手菜,1,未修改
53923,猪肚二用，爆炒➕汤,猪肚二用,1,删除宣传后句
53930,虾丸丝瓜汤,虾丸丝瓜汤,0,未修改
53964,红烧肉炖干豆角,红烧肉炖干豆角,0,未修改
53988,慢慢炖牛腩,慢慢炖牛腩,0,未修改
54002,茄汁日本豆腐,茄汁日本豆腐,0,未修改
54021,低脂又美味的三鲜炒虾仁,又美味的三鲜炒虾仁,1,删除营销定语
54054,家常腊鸭炒猪血丸子,家常腊鸭炒猪血丸子,0,未修改
54071,炒什锦蚕豆,炒什锦蚕豆,0,未修改
54084,土豆炖鸡肉大锅贴饼,土豆炖鸡肉大锅贴饼,0,未修改
54101,撑台面的大菜鲍鱼红烧肉简单版,撑台面的大菜鲍鱼红烧肉简单版,0,未修改
54128,减脂鸡胸肉糕,鸡胸肉糕,1,删除营销定语
54171,炖牛腱,炖牛腱,0,未修改
54172,久等了，红烧鱼。,久等了,1,删除宣传后句
54181,黑椒牛仔粒（自动炒菜锅版）,黑椒牛仔粒,1,删除括号说明
54195,清炒南瓜,清炒南瓜,0,未修改
54213,夏日小炒～虾仁🍤芹菜,夏日小炒～虾仁芹菜,1,删除装饰符号
54218,苦瓜炒肉,苦瓜炒肉,0,未修改
54277,蚝油炒高丽菜,蚝油炒高丽菜,0,未修改
54297,健康餐／健身餐,餐／健身餐,1,删除营销定语
54316,黄焖牛肉（牛排骨、牛筋、带皮牛肉）,黄焖牛肉,1,删除括号说明
54334,家常鸡翅根,家常鸡翅根,0,未修改
54385,香菇油菜,香菇油菜,0,未修改
54421,爆炒大头菜（麻椒）,爆炒大头菜,1,删除括号说明
54431,丝瓜肉片汤,丝瓜肉片汤,0,未修改
54438,芝士焗土豆,芝士焗土豆,0,未修改
54440,河南味儿卤面,河南味儿卤面,0,未修改
54463,香菇土豆炖鸡腿,香菇土豆炖鸡腿,0,未修改
54476,清蒸仔鸡,清蒸仔鸡,0,未修改
54490,温州糯米饭,温州糯米饭,0,未修改
54499,冬瓜肉丸汤,冬瓜肉丸汤,0,未修改
54524,红烧铜锣鱼,红烧铜锣鱼,0,未修改
54550,下饭菜（蒜苗芹菜炒鸡肾）,下饭菜（蒜苗芹菜炒鸡肾）,0,删除括号说明；删除营销定语；清洗结果过短，回退原名
54557,20分钟搞定海鲜粥,20分钟搞定海鲜粥,0,未修改
54617,西昌早粉-红烧牛肉粉,西昌早粉-红烧牛肉粉,0,未修改
54633,辣白菜炒饭,辣白菜炒饭,0,未修改
54653,清炒空心菜,清炒空心菜,0,未修改
54690,炒合菜,炒合菜,0,未修改
54696,沙巴鱼丸白菜汤,沙巴鱼丸白菜汤,0,未修改
54701,炒莲藕片,炒莲藕片,0,未修改
54703,酸菜炒莴苣,酸菜炒莴苣,0,未修改
54726,炒三丝,炒三丝,0,未修改
54742,凉拌胡萝卜,凉拌胡萝卜,0,未修改
54756,咸烧白,咸烧白,0,未修改
54767,肥牛生菜炒饭,肥牛生菜炒饭,0,未修改
54782,腊肉蒸豆角干,腊肉蒸豆角干,0,未修改
54785,家常菜盒子,家常菜盒子,0,未修改
54789,冬笋炒腊肉,冬笋炒腊肉,0,未修改
54815,红烧牛蛙,红烧牛蛙,0,未修改
54818,苦瓜酿,苦瓜酿,0,未修改
54836,捞汁海蜇头黄瓜丝,捞汁海蜇头黄瓜丝,0,未修改
54846,洋葱炒腰花,洋葱炒腰花,0,未修改
54850,超级下饭的虎皮尖椒,虎皮尖椒,1,删除营销定语
54859,炝虾,炝虾,0,未修改
54866,低脂番茄鸡肉丸,番茄鸡肉丸,1,删除营销定语
54888,豌豆蘑菇小炒,豌豆蘑菇小炒,0,未修改
54917,蒜蓉蚝油手撕包菜,蒜蓉蚝油手撕包菜,0,未修改
54942,家庭版烧烤BBQ,烧烤BBQ,1,删除场景定语
54952,惊艳茄子秒变肉|茄子炒法棍,惊艳茄子秒变肉|茄子炒法棍,0,未修改
54979,【老妪厨房】虾仁腊肠青椒炒蛋,老妪厨房 虾仁腊肠青椒炒蛋,1,展开标题方括号
55002,三七汽锅鸡,三七汽锅鸡,0,未修改
55008,舞茸三鲜汤,舞茸三鲜汤,0,未修改
55025,黄豆咸菜烧鲫鱼,黄豆咸菜烧鲫鱼,0,未修改
55050,胡萝卜炒肉丝～超下饭,胡萝卜炒肉丝～超下饭,0,未修改
55053,极品红烧三文鱼,极品红烧三文鱼,0,未修改
55080,天使💓鱼香豆腐,天使鱼香豆腐,1,删除装饰符号
55117,香茅炒土鸡,香茅炒土鸡,0,未修改
55144,怎么炒口感都不老的—炒猪肝,怎么炒口感都不老的—炒猪肝,0,未修改
55175,炝炒莲白,炝炒莲白,0,未修改
55225,油焖椒盐大虾,油焖椒盐大虾,0,未修改
55236,「宝宝辅食」芙蓉鲜蔬汤，鲜掉眉毛,「宝宝辅食」芙蓉鲜蔬汤,1,删除宣传后句
55267,酱烧佛手茄子（老妈的小妙招决定了省油.省时.健康.美味）,酱烧佛手茄子,1,删除括号说明
55270,鲜虾番茄豆腐菌菇汤（减肥也可以吃呀 ✨）,鲜虾番茄豆腐菌菇汤,1,删除括号说明
55273,爆炒酸辣娃娃菜,爆炒酸辣娃娃菜,0,未修改
55296,花菜炒肉,花菜炒肉,0,未修改
55317,豆豉香菇蒸豆腐,豆豉香菇蒸豆腐,0,未修改
55339,快手蚝油鸡翅！下饭,蚝油鸡翅,1,删除营销定语；删除宣传后句
55358,香菇瘦肉豆腐汤,香菇瘦肉豆腐汤,0,未修改
55375,双椒水煮肉片,双椒水煮肉片,0,未修改
55383,腐竹炒青椒,腐竹炒青椒,0,未修改
55392,丝瓜炒肉丸,丝瓜炒肉丸,0,未修改
55407,不粘锅！简单快手！红烧黄花鱼,不粘锅,1,删除宣传后句
55447,超下饭的爆炒小河虾,爆炒小河虾,1,删除营销定语
55455,素炒香菇西芹,素炒香菇西芹,0,未修改
55463,肉沫粉丝煲,肉沫粉丝煲,0,未修改
55481,寒冬的绝配—东北炖酸菜,寒冬的绝配—东北炖酸菜,0,未修改
55535,蒜茸荷兰豆,蒜茸荷兰豆,0,未修改
55540,汗蒸西兰花,汗蒸西兰花,0,未修改
55542,红烧昂刺鱼，真是米饭杀手！,红烧昂刺鱼,1,删除宣传后句
55549,白灼淡菜,白灼淡菜,0,未修改
55553,青红椒炒猪肚,青红椒炒猪肚,0,未修改
55562,台式三杯鸡,台式三杯鸡,0,未修改
55592,剁椒蒸鸡翅,剁椒蒸鸡翅,0,未修改
55601,超下饭的咖喱土豆排骨,咖喱土豆排骨,1,删除营销定语
55602,霉干菜蒸肉,霉干菜蒸肉,0,未修改
55622,虫草花鸡汤,虫草花鸡汤,0,未修改
55641,下饭的番茄土豆炖牛腩,番茄土豆炖牛腩,1,删除营销定语
55659,爽口木耳,爽口木耳,0,未修改
55661,🍤🍠🥦大虾紫薯西兰花沙拉,大虾紫薯西兰花沙拉,1,删除装饰符号
55686,超级下饭焖鸭肉,焖鸭肉,1,删除营销定语
55712,卤肉饭,卤肉饭,0,未修改
55727,炖羊肉,炖羊肉,0,未修改
55729,炝炒土豆丝,炝炒土豆丝,0,未修改
55832,老坛盐水酸辣鸡,老坛盐水酸辣鸡,0,未修改
55862,炒三丁,炒三丁,0,未修改
55869,【黑暗料理】拉面泡饭,黑暗料理 拉面泡饭,1,展开标题方括号
55870,避风塘炒虾仁,避风塘炒虾仁,0,未修改
55876,豆腐丸子汤,豆腐丸子汤,0,未修改
55884,超级下饭的酱烧茄条,酱烧茄条,1,删除营销定语
55906,海带冬瓜沙白汤,海带冬瓜沙白汤,0,未修改
55929,超下饭❗️好吃到舔盘的香辣鱿鱼须🔥,️好吃到舔盘的香辣鱿鱼须,1,删除营销定语；删除装饰符号
55942,补血养颜🐔乌鸡汤,补血养颜乌鸡汤,1,删除装饰符号
55943,懒人必学❗️香嫩多汁香菇滑鸡,必学️香嫩多汁香菇滑鸡,1,删除营销定语；删除装饰符号
55946,宿舍小电锅红烧排骨,宿舍小电锅红烧排骨,0,未修改
55958,番茄豆腐巴沙鱼，这哪里是减脂食谱简直是下饭神器,番茄豆腐巴沙鱼,1,删除宣传后句
56017,赣·蒜薹炒肉,赣·蒜薹炒肉,0,未修改
56018,鲜掉眉毛的鲍鱼鲜虾粥,鲜掉眉毛的鲍鱼鲜虾粥,0,未修改
56039,低油快手版豆腐干酱炒茭白毛豆,低油快手版豆腐干酱炒茭白毛豆,0,未修改
56054,宝宝身高不用愁                    🔥鸡汁罗宋汤🔥,宝宝身高不用愁 鸡汁罗宋汤,1,删除装饰符号
56081,红烧狮子头,红烧狮子头,0,未修改
56084,酸菜土豆煲《下饭菜系列001》,酸菜土豆煲下饭菜系列001,1,未修改
56131,家庭餐厅之酸菜鱼,家庭餐厅之酸菜鱼,0,未修改
56138,罗宋汤,罗宋汤,0,未修改
56172,土豆炒豆角（四季豆）,土豆炒豆角,1,删除括号说明
56175,凉拌秋葵,凉拌秋葵,0,未修改
56182,简单到令人发指的香菇蒸滑鸡，低脂又美味,到令人发指的香菇蒸滑鸡,1,删除营销定语；删除宣传后句
56251,前菜—四季豆莲花白秋葵芝麻凉拌菜（1人份）,前菜—四季豆莲花白秋葵芝麻凉拌菜,1,删除括号说明
56280,辣子鸡块,辣子鸡块,0,未修改
56286,❗从小就爱吃妈妈做的腌黄瓜❗清脆小黄瓜🥒❗配粥馒头都好吃❗,从小就爱吃妈妈做的腌黄瓜清脆小黄瓜配粥馒头都好吃,1,删除装饰符号
56318,红烧鸡翅根（新手版）,红烧鸡翅根,1,删除括号说明
56355,【家常菜】上海红烧鲳鱼,上海红烧鲳鱼,1,删除开头标签
56368,金针菇玉子豆腐,金针菇玉子豆腐,0,未修改
56381,炒鸡蛋和豆腐皮,炒鸡蛋和豆腐皮,0,未修改
56394,辣白菜炒鹅蛋,辣白菜炒鹅蛋,0,未修改
56411,鲍菇炖牛肉,鲍菇炖牛肉,0,未修改
56417,腰果虾仁,腰果虾仁,0,未修改
56436,浓香番茄炖牛腩（铸铁锅版）,浓香番茄炖牛腩,1,删除括号说明
56480,白灼油麦菜,白灼油麦菜,0,未修改
56532,家常炸酱面,家常炸酱面,0,未修改
56538,不正宗版美味大盘鸡，比普通炖鸡多几种风味，家常可做快手菜！,不正宗版美味大盘鸡,1,删除宣传后句
56561,低脂营养早餐-小米海参粥,早餐-小米海参粥,1,删除营销定语
56602,京味儿白水熬白菜，极致简单,京味儿白水熬白菜,1,删除宣传后句
56622,简单美味的红烧鸡翅根,红烧鸡翅根,1,删除营销定语
56627,鲜香清淡的下饭菜：鸡蛋海米炒黄瓜,鲜香清淡的下饭菜：鸡蛋海米炒黄瓜,0,未修改
56638,豆角洋芋蒸面条,豆角洋芋蒸面条,0,未修改
56677,最爱吃的辣椒炒茄子,最爱吃的辣椒炒茄子,0,未修改
56678,干煸豆角（家常菜）,干煸豆角,1,删除括号说明
56683,油豆腐红烧肉（快手又酥烂）高压锅版,油豆腐红烧肉高压锅版,1,删除括号说明
56741,腊肠扁豆,腊肠扁豆,0,未修改
56810,水煮牛肉 家庭简易版,水煮牛肉 家庭简易版,0,未修改
56811,木耳炒白地瓜,木耳炒白地瓜,0,未修改
56827,爆炒鸭肠下饭菜,爆炒鸭肠下饭菜,0,未修改
56840,煮白粿,煮白粿,0,未修改
56864,鲜甜山药笋壳鱼汤,山药笋壳鱼汤,1,删除营销定语
56873,潮汕家常菜之春菜猪肉,潮汕家常菜之春菜猪肉,0,未修改
56876,鲜掉眉毛的腌笃鲜,鲜掉眉毛的腌笃鲜,0,未修改
56886,特色白菜炖豆腐（私人笔记）,特色白菜炖豆腐,1,删除括号说明
56892,爆炒鸡腿肉宫廷秘制,爆炒鸡腿肉宫廷秘制,0,未修改
56929,上汤娃娃菜,上汤娃娃菜,0,未修改
56934,鸡蛋椰菜炒粉丝,鸡蛋椰菜炒粉丝,0,未修改
56967,三鲜豆腐-只要豆腐做得鲜，螃蟹随时抛一边。,三鲜豆腐-只要豆腐做得鲜,1,删除宣传后句
56969,辣椒炒鸭胗,辣椒炒鸭胗,0,未修改
56970,5分钟搞定凉拌黄瓜丝,5分钟搞定凉拌黄瓜丝,0,未修改
56974,新手小白焦溜豆腐,新手小白焦溜豆腐,0,未修改
56981,茄子豆角（少油版）,茄子豆角,1,删除括号说明
56994,蒜蓉上海青,蒜蓉上海青,0,未修改
57011,香芹木耳蒸鸡,香芹木耳蒸鸡,0,未修改
57016,蒜蓉粉丝清蒸龙虾（小青龙）,蒜蓉粉丝清蒸龙虾,1,删除括号说明
57041,玉米胡萝卜排骨汤,玉米胡萝卜排骨汤,0,未修改
57058,鸡汤烩莲夹,鸡汤烩莲夹,0,未修改
57072,花甲 冬瓜汤（沙白贝/蛤蜊/青口/波波贝）,花甲 冬瓜汤,1,删除括号说明
57089,肉末粉丝小白菜,肉末粉丝小白菜,0,未修改
57092,春笋炖牛腩,春笋炖牛腩,0,未修改
57131,排骨炖豆角,排骨炖豆角,0,未修改
57146,快手卤肥肠                   （附：爆炒肥肠）,卤肥肠,1,删除括号说明；删除营销定语
57152,综合海鲜蛋羹（虾仁文蛤炖蛋）,综合海鲜蛋羹,1,删除括号说明
57154,大蒜炒猪血,大蒜炒猪血,0,未修改
57184,清蒸鳕鱼（简单不腥超好吃）,清蒸鳕鱼,1,删除括号说明
57190,茄汁煎豆腐（减脂晚餐）,茄汁煎豆腐,1,删除括号说明
57220,干煸知了猴,干煸知了猴,0,未修改
57249,迷迭香：羊排炖萝卜,迷迭香：羊排炖萝卜,0,未修改
57254,莴笋肉片,莴笋肉片,0,未修改
57368,鲜上加鲜，干贝风味炒虾仁,鲜上加鲜,1,删除宣传后句
57375,清炒西葫芦,清炒西葫芦,0,未修改
57383,好吃到泪流满面😭的酸辣面🍜,到泪流满面的酸辣面,1,删除营销定语；删除装饰符号
57416,超香超下饭的外婆菜炒蛋,香超下饭的外婆菜炒蛋,1,删除营销定语
57426,凉拌酸辣大白菜,凉拌酸辣大白菜,0,未修改
57450,手撕包菜 | 饭店味道,手撕包菜 | 饭店味道,0,未修改
57487,缤纷龙利鱼 简单快手,缤纷龙利鱼 简单快手,0,未修改
57501,快手菜～青椒香菇木耳炒肉,菜～青椒香菇木耳炒肉,1,删除营销定语
57536,蒸板栗🌰原汁原味才最美味,蒸板栗原汁原味才最美味,1,删除装饰符号
57559,清炖牛肉汤,清炖牛肉汤,0,未修改
57577,好吃到没朋友的孜然鸡肉块,到没朋友的孜然鸡肉块,1,删除营销定语
57612,减脂素菜豆皮卷,素菜豆皮卷,1,删除营销定语
57629,灯笼椒洋葱炒花甲,灯笼椒洋葱炒花甲,0,未修改
57658,清炒菜心,清炒菜心,0,未修改
57660,茶叶虾,茶叶虾,0,未修改
57674,#不讲究#茄汁贡丸意面,茄汁贡丸意面,1,删除话题说明
57718,家常蚝油牛肉,家常蚝油牛肉,0,未修改
57745,减肥餐之洋葱炒木耳,减肥餐之洋葱炒木耳,0,未修改
57763,超级下饭的素炒平菇,素炒平菇,1,删除营销定语
57781,冬瓜排骨汤,冬瓜排骨汤,0,未修改
57789,红烧武昌鱼,红烧武昌鱼,0,未修改
57797,家常版芙蓉鲜蔬汤（菠菜）,芙蓉鲜蔬汤,1,删除括号说明；删除场景定语
57810,新版珍珠翡翠白玉汤,新版珍珠翡翠白玉汤,0,未修改
57831,糖醋白萝卜,糖醋白萝卜,0,未修改
57866,盐焗鸡爪（家常版，秒杀外面加色素的鸡爪）,盐焗鸡爪,1,删除括号说明
57870,洋葱炒回锅肉,洋葱炒回锅肉,0,未修改
57875,火腿肠玉米粒,火腿肠玉米粒,0,未修改
57880,番茄豆腐汤,番茄豆腐汤,0,未修改
57929,咖喱鸡,咖喱鸡,0,未修改
57931,茄汁鲅鱼,茄汁鲅鱼,0,未修改
57946,清蒸桂鱼,清蒸桂鱼,0,未修改
57983,南瓜土豆汤。,南瓜土豆汤,1,删除宣传后句
57988,超鲜低卡减脂汤—小白菜鸡蛋豆腐汤,鲜低卡减脂汤—小白菜鸡蛋豆腐汤,1,删除营销定语
58033,宫爆鸡丁|家常做法,宫爆鸡丁|家常做法,0,未修改
58034,低脂好吃的冬瓜炖木耳,冬瓜炖木耳,1,删除营销定语
58041,醋溜大白菜,醋溜大白菜,0,未修改
58070,板栗红烧肉,板栗红烧肉,0,未修改
58116,鲜虾芒果鳄梨沙拉,鲜虾芒果鳄梨沙拉,0,未修改
58135,红烧泥鳅--快速搞定家常菜，告诉你提高做菜效率的小秘密,红烧泥鳅--快速搞定家常菜,1,删除宣传后句
58141,柠檬鸭,柠檬鸭,0,未修改
58186,炒方便面,炒方便面,0,未修改
58194,湘菜—辣椒炒腊牛肉,湘菜—辣椒炒腊牛肉,0,未修改
58212,小葱炒鸡蛋,小葱炒鸡蛋,0,未修改
58262,超简单超好吃的菠萝炒肉,菠萝炒肉,1,删除营销定语
58270,红烧蒜蓉龙利鱼,红烧蒜蓉龙利鱼,0,未修改
58313,‼️陕西人的粉汤羊血,‼️陕西人的粉汤羊血,0,未修改
58338,韭菜炒小虾（河虾）快手菜做法,韭菜炒小虾快手菜做法,1,删除括号说明
58340,炸胡椒蒸牛肉（湖北重口菜）,炸胡椒蒸牛肉,1,删除括号说明
58350,酸辣汤,酸辣汤,0,未修改
58352,素烧蘑菇,素烧蘑菇,0,未修改
58399,博山硬炸肉,博山硬炸肉,0,未修改
58405,鲍鱼红烧肉 2020年夜饭系列【大酱日记】,鲍鱼红烧肉 2020年夜饭系列【大酱日记】,0,未修改
58413,清炖萝卜牛腩（伊莱特能量土锅）,清炖萝卜牛腩,1,删除括号说明
58420,零难度【蚂蚁上树】饭扫光~,零难度【蚂蚁上树】饭扫光,1,未修改
58433,海胆炒饭,海胆炒饭,0,未修改
58454,糖醋小排,糖醋小排,0,未修改
58477,湖北名物皮蛋冬瓜汤,湖北名物皮蛋冬瓜汤,0,未修改
58480,客家咸鸭,客家咸鸭,0,未修改
58489,解腻开胃的凉拌火烧茄子 夏日限定,解腻开胃的凉拌火烧茄子 夏日限定,0,未修改
58490,减脂期超爱‼️高颜值营养卷饼吃起来🔥,期超爱‼️高颜值营养卷饼吃起来,1,删除营销定语；删除装饰符号
58495,蒜苔炒海乌,蒜苔炒海乌,0,未修改
58502,日剧经典，日式土豆炖牛肉,日剧经典,1,删除宣传后句
58549,家常版锅包肉,锅包肉,1,删除场景定语
58556,虫草花炖鸡汤,虫草花炖鸡汤,0,未修改
58581,番茄蛋汤,番茄蛋汤,0,未修改
58594,杭椒炒牛柳,杭椒炒牛柳,0,未修改
58610,鼓油鸡,鼓油鸡,0,未修改
58614,包菜胡萝卜炒粉丝,包菜胡萝卜炒粉丝,0,未修改
58617,桃花流水鳜鱼肥，葱油味蒸鳜鱼，新手可以显摆的待客菜,桃花流水鳜鱼肥,1,删除宣传后句
58650,安东炖鸡,安东炖鸡,0,未修改
58696,豆腐羹,豆腐羹,0,未修改
58713,大煮干丝,大煮干丝,0,未修改
58723,清清爽爽的家常炒萝卜片,清清爽爽的家常炒萝卜片,0,未修改
58771,罗定鸳鸯腐竹炒芥菜,罗定鸳鸯腐竹炒芥菜,0,未修改
58814,酸辣藕尖,酸辣藕尖,0,未修改
58825,嘎鱼豆腐汤,嘎鱼豆腐汤,0,未修改
58851,油焖小龙虾,油焖小龙虾,0,未修改
58889,减肥必吃的蚝油生菜,减肥必吃的蚝油生菜,0,未修改
58948,西兰花炒杏鲍菇,西兰花炒杏鲍菇,0,未修改
58951,鸡蛋蒸水豆腐,鸡蛋蒸水豆腐,0,未修改
58952,香甜软糯的番茄土豆浓汤,香甜软糯的番茄土豆浓汤,0,未修改
58988,少油健康款酸菜鱼,款酸菜鱼,1,删除营销定语
58997,肉末炒蒜苗(苍蝇头),肉末炒蒜苗,1,删除括号说明
59018,🔥一分钟学会简单零失败家庭版🔥宫爆鸡丁，鸡肉嫩滑入口,一分钟学会简单零失败家庭版宫爆鸡丁,1,删除宣传后句；删除装饰符号
59032,香菇酿肉，一个字，鲜,香菇酿肉,1,删除宣传后句
59064,回锅肉炒花菜,回锅肉炒花菜,0,未修改
59083,美味飘香蒸槐花😋,飘香蒸槐花,1,删除营销定语；删除装饰符号
59110,丝瓜煎蛋粉丝煲,丝瓜煎蛋粉丝煲,0,未修改
59116,黄花菜煮三层肉,黄花菜煮三层肉,0,未修改
59128,快手零失败豌豆尖鸡蛋豆腐汤,豌豆尖鸡蛋豆腐汤,1,删除营销定语
59174,月子餐炒黄花猪腰,月子餐炒黄花猪腰,0,未修改
59184,白菜肉沫云吞,白菜肉沫云吞,0,未修改
59229,冬瓜花蛤汤,冬瓜花蛤汤,0,未修改
59231,【小高姐】丸子汤,小高姐 丸子汤,1,展开标题方括号
59237,宝宝爱吃版虾仁玉米蓉蒸蛋,宝宝爱吃版虾仁玉米蓉蒸蛋,0,未修改
59242,炝拌菠菜,炝拌菠菜,0,未修改
59250,超级下饭的酱香青椒荷包蛋,酱香青椒荷包蛋,1,删除营销定语
59268,丝瓜炒蛋,丝瓜炒蛋,0,未修改
59270,番茄牛肉拌饭,番茄牛肉拌饭,0,未修改
59279,超级下饭的红烧茄子,红烧茄子,1,删除营销定语
59301,白瓜炒青椒,白瓜炒青椒,0,未修改
59304,好吃不胖的芹菜炒肉丝,不胖的芹菜炒肉丝,1,删除营销定语
59305,萝卜馅饺子,萝卜馅饺子,0,未修改
59330,炸藕海,炸藕海,0,未修改
59334,青豆百合炒虾仁,青豆百合炒虾仁,0,未修改
59344,四季豆炒肉,四季豆炒肉,0,未修改
59377,白灼菜心,白灼菜心,0,未修改
59383,蒜蓉粉丝蒸龙虾,蒜蓉粉丝蒸龙虾,0,未修改
59440,家常版鱼香鸡丝（附有鱼香汁配比）,鱼香鸡丝,1,删除括号说明；删除场景定语
59483,蒜香奶白菜,蒜香奶白菜,0,未修改
59490,赛螃蟹,赛螃蟹,0,未修改
59496,腌菜花子炒杂菜,腌菜花子炒杂菜,0,未修改
59497,酱爆大虾,酱爆大虾,0,未修改
59508,鲜人参虫草花炖排骨 | 蒸箱炖汤,鲜人参虫草花炖排骨 | 蒸箱炖汤,0,未修改
59521,三鲜冻豆腐,三鲜冻豆腐,0,未修改
59547,茭白炒肉,茭白炒肉,0,未修改
59571,茄汁豆腐,茄汁豆腐,0,未修改
59575,家常小龙虾,家常小龙虾,0,未修改
59588,酱烧南瓜土豆（无油菜）,酱烧南瓜土豆,1,删除括号说明
59593,好吃又简单的水笋腊肉,又简单的水笋腊肉,1,删除营销定语
59615,花椰菜茶树菇炒香肠,花椰菜茶树菇炒香肠,0,未修改
59619,清炒蘑菇,清炒蘑菇,0,未修改
59678,菜油炒茄子，香,菜油炒茄子,1,删除宣传后句
59684,桔片爽蒸蛋,桔片爽蒸蛋,0,未修改
59724,能吃三碗饭的开胃菜-酸辣鸡杂,能吃三碗饭的开胃菜-酸辣鸡杂,0,未修改
59726,简单又美味的【自制三鲜炒面】,又美味的【自制三鲜炒面】,1,删除营销定语
59727,西葫芦炒腊肉,西葫芦炒腊肉,0,未修改
59835,不加一滴油“香酥鸡翅”，媲美**基！,不加一滴油香酥鸡翅,1,删除宣传后句
59890,碎肉末炒生菜,碎肉末炒生菜,0,未修改
59905,正宗川味麻婆豆腐,正宗川味麻婆豆腐,0,未修改
59945,香菇红烧肉末,香菇红烧肉末,0,未修改
59947,10分钟搞定！好喝又开胃的番茄豆腐菌菇汤,好喝又开胃的番茄豆腐菌菇汤,1,删除场景引导语
59950,一次成功的粉蒸排骨土豆,一次成功的粉蒸排骨土豆,0,未修改
59953,北鼎珐琅铸铁锅：预热新年！大吉大利柠檬鱼&鸿运当头茄汁猪扒,北鼎珐琅铸铁锅：预热新年,1,删除宣传后句
60013,香菇肉末炒鱿鱼须,香菇肉末炒鱿鱼须,0,未修改
60027,农家小炒肉,农家小炒肉,0,未修改
60042,番茄黑胡椒日本豆腐焗虾,番茄黑胡椒日本豆腐焗虾,0,未修改
60049,百香果胡萝卜鹰嘴豆炖牛腩,百香果胡萝卜鹰嘴豆炖牛腩,0,未修改
60052,家常快手菜之莴苣炒木耳,家常快手菜之莴苣炒木耳,0,未修改
60069,炒青菜,炒青菜,0,未修改
60070,剁椒凉薯,剁椒凉薯,0,未修改
60083,蚂蚁上树 绿豆粉 龙口粉丝版本 干捞粉丝煲 快手,蚂蚁上树 绿豆粉 龙口粉丝版本 干捞粉丝煲 快手,0,未修改
60084,红烧罗非鱼{家常菜},红烧罗非鱼{家常菜},0,未修改
60087,【十大赣菜】余干辣椒炒肉,十大赣菜 余干辣椒炒肉,1,展开标题方括号
60107,小炒子姜鸡（#湘潭篇）,小炒子姜鸡,1,删除括号说明
60120,好吃又美味的减脂鸡肉丸子😋,又美味的减脂鸡肉丸子,1,删除营销定语；删除装饰符号
60126,香煎豆腐,香煎豆腐,0,未修改
60131,炒鸡丁,炒鸡丁,0,未修改
60133,家常蒸茄子,家常蒸茄子,0,未修改
60140,今日便当-黄焖鸡米饭,今日便当-黄焖鸡米饭,0,未修改
60199,黑椒牛肉粒杏鲍菇,黑椒牛肉粒杏鲍菇,0,未修改
60205,番茄木耳炒手撕包菜,番茄木耳炒手撕包菜,0,未修改
60225,娃娃菜炒粉丝,娃娃菜炒粉丝,0,未修改
60240,胡萝卜丝炒肉,胡萝卜丝炒肉,0,未修改
60261,跟饭店一样的鱼香茄子煲,跟饭店一样的鱼香茄子煲,0,未修改
60293,【跟我做不会错】无盐黄瓜炒茄子，新手一学就会，能吃出肉味儿哦！,无盐黄瓜炒茄子,1,删除开头标签；删除说明性后缀；删除宣传后句
60296,家庭版关东煮,关东煮,1,删除场景定语
60343,辣炒花甲｜香辣过瘾，做法也不难,辣炒花甲｜香辣过瘾,1,删除宣传后句
60386,酸甜菠萝炒鸡翅,酸甜菠萝炒鸡翅,0,未修改
60388,肉丁茄子-解决老茄子，不漂亮茄子的家常菜,肉丁茄子-解决老茄子,1,删除宣传后句
60450,巨简单(★‿★)减脂餐 嫩豆腐汤 韩式豆腐汤 低脂高蛋白,餐 嫩豆腐汤 韩式豆腐汤 低脂高蛋白,1,删除括号说明；删除营销定语
60462,耗油鸡片,耗油鸡片,0,未修改
60468,黄瓜胡萝卜炒鸡胸肉+玉米渣杂粮米饭,黄瓜胡萝卜炒鸡胸肉+玉米渣杂粮米饭,0,未修改
60472,香而不腻的销魂粉蒸肉,香而不腻的销魂粉蒸肉,0,未修改
60519,红烧肉鹌鹑蛋,红烧肉鹌鹑蛋,0,未修改
60526,鱼香金针菇,鱼香金针菇,0,未修改
60542,最简易减脂的黄焖鸡         好吃的可以打败外卖,最简易减脂的黄焖鸡 好吃的可以打败外卖,1,未修改
60546,改良版藤椒鸡,改良版藤椒鸡,0,未修改
60547,炒西洋菜,炒西洋菜,0,未修改
60554,芹菜炒肉,芹菜炒肉,0,未修改
60567,家常芦笋炒肉,家常芦笋炒肉,0,未修改
60587,榄菜肉末蒸芥菜胆,榄菜肉末蒸芥菜胆,0,未修改
60606,清汤牛腩,清汤牛腩,0,未修改
60626,黑椒煎鳕鱼,黑椒煎鳕鱼,0,未修改
60633,超级下饭的麻婆豆腐,麻婆豆腐,1,删除营销定语
60654,清炒莴苣,清炒莴苣,0,未修改
60683,酱汁杏鲍菇,酱汁杏鲍菇,0,未修改
60740,豉油皇鸡脚,豉油皇鸡脚,0,未修改
60752,鲜虾仁炒蛋（简单全熟版）,鲜虾仁炒蛋,1,删除括号说明
60769,香葱炒菱角,香葱炒菱角,0,未修改
60791,干锅火腿有机花菜,干锅火腿有机花菜,0,未修改
60799,酸酸的开胃番茄肉丸汤,酸酸的开胃番茄肉丸汤,0,未修改
60805,小美炒蚕豆,小美炒蚕豆,0,未修改
60825,虾皮紫菜汤,虾皮紫菜汤,0,未修改
60845,家庭版麻辣小龙虾+超详细的处理虾过程,麻辣小龙虾+超详细的处理虾过程,1,删除场景定语
60856,好好吃饭之意大利面,好好吃饭之意大利面,0,未修改
60858,酥炸金虾,酥炸金虾,0,未修改
60859,虎皮蛋,虎皮蛋,0,未修改
60871,泰式冬阴功汤,泰式冬阴功汤,0,未修改
60874,栗子鸡,栗子鸡,0,未修改
60883,土豆炒鸡块,土豆炒鸡块,0,未修改
60889,青椒小肉片,青椒小肉片,0,未修改
60890,尖椒干豆腐,尖椒干豆腐,0,未修改
60919,超下饭的土豆炖鸡！鸡肉真的好嫩啊‼️,土豆炖鸡,1,删除营销定语；删除宣传后句
60958,尖椒干豆腐,尖椒干豆腐,0,未修改
60978,腌菜鸡蛋汤,腌菜鸡蛋汤,0,未修改
60979,花甲粉丝煲（不做饭 简单省事！）,花甲粉丝煲,1,删除括号说明
60991,家常炖萝卜牛肉,家常炖萝卜牛肉,0,未修改
61007,毛豆炒雪菜,毛豆炒雪菜,0,未修改
61008,海米冬瓜（汤）,海米冬瓜,1,删除括号说明
61018,开洋丝瓜,开洋丝瓜,0,未修改
61037,芹菜炒腐竹,芹菜炒腐竹,0,未修改
61055,孜然炒馒头,孜然炒馒头,0,未修改
61056,简易版照烧鸡腿,简易版照烧鸡腿,0,未修改
61076,『月澜姐』茼蒿杆炒腊肉 ▏清香开胃好搭配,『月澜姐』茼蒿杆炒腊肉 ▏清香开胃好搭配,0,未修改
61093,水乡一锅鲜,水乡一锅鲜,0,未修改
61096,鱼头豆腐汤,鱼头豆腐汤,0,未修改
61139,酱烧鱿鱼年糕,酱烧鱿鱼年糕,0,未修改
61144,小油菜香菇乱炒,小油菜香菇乱炒,0,未修改
61164,虎皮尖椒,虎皮尖椒,0,未修改
61177,鲜鲜甜甜的电饭煲瑶柱白菜汤,鲜鲜甜甜的电饭煲瑶柱白菜汤,0,未修改
61193,蒜子盘龙鳝,蒜子盘龙鳝,0,未修改
61231,芋头炖牛筋,芋头炖牛筋,0,未修改
61240,家常版干煸豆角,干煸豆角,1,删除场景定语
61259,隔水慢炖酒糟肉,隔水慢炖酒糟肉,0,未修改
61295,经典家常菜：土豆🥔拌茄子🍆,经典家常菜：土豆拌茄子,1,删除装饰符号
61309,鸡蛋滑虾仁，满满的蛋白质哦,鸡蛋滑虾仁,1,删除宣传后句
61320,牛肉麻婆豆腐,牛肉麻婆豆腐,0,未修改
61325,凉瓜炒蛋,凉瓜炒蛋,0,未修改
61329,菠萝炒鸡杂,菠萝炒鸡杂,0,未修改
61339,香辣三黄鸡,香辣三黄鸡,0,未修改
61374,非常清口的凉拌生菜,清口的凉拌生菜,1,删除营销定语
61397,姜爆鸭（仔姜炒仔鸭）,姜爆鸭,1,删除括号说明
61398,媲美茶餐廳的腐皮捲,媲美茶餐廳的腐皮捲,0,未修改
61399,【升级版】胡适夫人江东秀的金包银蛋炒饭,升级版 胡适夫人江东秀的金包银蛋炒饭,1,展开标题方括号
61413,家常鲫鱼烧法简单很入味,家常鲫鱼烧法简单很入味,0,未修改
61424,妈妈牌潮式咸菜,妈妈牌潮式咸菜,0,未修改
61433,盐菜扣肉,盐菜扣肉,0,未修改
61444,私家小炒肉,私家小炒肉,0,未修改
61454,《莫干山的豆制品》鱼头豆腐汤，汤白，豆腐滑嫩,莫干山的豆制品鱼头豆腐汤,1,删除宣传后句
61455,懒人黄焖鸡（厨房小白都能学会的土豆炒鸡块）,黄焖鸡,1,删除括号说明；删除营销定语
61460,香菇油菜（超级简单）,香菇油菜,1,删除括号说明
61471,美味下饭的锅塌豆腐,锅塌豆腐,1,删除营销定语
61487,鲫鱼豆腐汤（奶白汤）,鲫鱼豆腐汤,1,删除括号说明
61508,快手菜超下饭的菜花炒腊肉,菜超下饭的菜花炒腊肉,1,删除营销定语
61515,鲅鱼丸子,鲅鱼丸子,0,未修改
61555,盐烤梭子蟹,盐烤梭子蟹,0,未修改
61607,“又酸又菜又多鱼”的酸菜鱼（不需要调料包详细版）,又酸又菜又多鱼的酸菜鱼,1,删除括号说明
61609,排骨土豆炖豆角,排骨土豆炖豆角,0,未修改
61637,加拿大海参鸡骨架汤饭,加拿大海参鸡骨架汤饭,0,未修改
61640,辣椒香菜炒肉丝,辣椒香菜炒肉丝,0,未修改
61646,家常蒸菜—芋头蒸肉,家常蒸菜—芋头蒸肉,0,未修改
61648,家常菜小朋友喜欢的玉米笋蔬菜肉丝,家常菜小朋友喜欢的玉米笋蔬菜肉丝,0,未修改
61653,菜心烧豆腐 煎豆腐这样吃,菜心烧豆腐 煎豆腐这样吃,0,未修改
61671,胡萝卜莴笋烧鸡,胡萝卜莴笋烧鸡,0,未修改
61684,辣辣手撕包菜,辣辣手撕包菜,0,未修改
61702,【素炒上海青】🥬简易版健康又美味,素炒上海青 简易版健康又美味,1,展开标题方括号；删除装饰符号
61733,超下饭香干炒五花肉,香干炒五花肉,1,删除营销定语
61800,甜豆炒胡萝卜,甜豆炒胡萝卜,0,未修改
61805,希腊香肠西葫芦炒蛋,希腊香肠西葫芦炒蛋,0,未修改
61835,酱香肉沫炖南瓜,酱香肉沫炖南瓜,0,未修改
61838,鱼头豆腐汤,鱼头豆腐汤,0,未修改
61847,香菇油菜,香菇油菜,0,未修改
61862,葱油小黄鱼,葱油小黄鱼,0,未修改
61880,香辣虾仁千页豆腐,香辣虾仁千页豆腐,0,未修改
61893,葱油滑蛋炒蟹,葱油滑蛋炒蟹,0,未修改
61905,扁豆炒肉丝儿～,扁豆炒肉丝儿,1,未修改
61962,㊙️一点都不黑暗料理的牛油果虾仁意面‼️,㊙️一点都不黑暗料理的牛油果虾仁意面‼️,0,未修改
61980,茄汁虾仁🍤,茄汁虾仁,1,删除装饰符号
61994,冬笋炒腊肉（贝太厨房）,冬笋炒腊肉,1,删除括号说明
62015,口水流一地的快手菜-红焖羊蝎子,口水流一地的快手菜-红焖羊蝎子,0,未修改
62046,东北小鸡炖蘑菇,东北小鸡炖蘑菇,0,未修改
62051,新疆羊肉手抓饭,新疆羊肉手抓饭,0,未修改
62075,快手炒菜超简单的菜菜系列三：菠菜蚝油牛肉,炒菜超简单的菜菜系列三：菠菜蚝油牛肉,1,删除营销定语
62080,毛蟹蒸饭,毛蟹蒸饭,0,未修改
62114,快手好喝的豆腐泡番茄汤,好喝的豆腐泡番茄汤,1,删除营销定语
62124,牛肉炖萝卜,牛肉炖萝卜,0,未修改
62137,冻豆腐烧五花肉（伊莱特炒菜机器人）,冻豆腐烧五花肉,1,删除括号说明
62142,年菜-柱侯萝卜焖牛腩,年菜-柱侯萝卜焖牛腩,0,未修改
62151,清炒平菇,清炒平菇,0,未修改
62169,爽脆凉拌手撕蒜苗,爽脆凉拌手撕蒜苗,0,未修改
62223,肉炒豇豆角,肉炒豇豆角,0,未修改
62244,穷谱：红烧鱼+土豆shi,穷谱：红烧鱼+土豆shi,0,未修改
62313,干煎鸡排炒百菇,干煎鸡排炒百菇,0,未修改
62329,【家常豆腐】简单又好吃！,又好吃,1,删除开头标签；删除营销定语；删除宣传后句
62336,鸡胸肉料理-葱油鸡丝饭,鸡胸肉料理-葱油鸡丝饭,0,未修改
62370,冬阴功汤,冬阴功汤,0,未修改
62403,家常番茄黑鱼片,家常番茄黑鱼片,0,未修改
62417,番茄虾仁炒蛋,番茄虾仁炒蛋,0,未修改
62431,酸菜焖鲫鱼,酸菜焖鲫鱼,0,未修改
62445,拌疙瘩汤,拌疙瘩汤,0,未修改
62451,简易版肥牛盖饭,简易版肥牛盖饭,0,未修改
62453,洋葱辣椒炒鸡蛋,洋葱辣椒炒鸡蛋,0,未修改
62469,干煸平菇（有肉的味道）,干煸平菇,1,删除括号说明
62505,家常菜韭菜炒鸡蛋,家常菜韭菜炒鸡蛋,0,未修改
62513,丝瓜蛋汤,丝瓜蛋汤,0,未修改
62530,肉沫豆腐油麦菜,肉沫豆腐油麦菜,0,未修改
62568,山药乌鸡汤,山药乌鸡汤,0,未修改
62594,家常百搭豆腐丸子,家常百搭豆腐丸子,0,未修改
62597,豆角蒸面条,豆角蒸面条,0,未修改
62612,米饭杀手——无油无盐的橄榄菜四季豆,米饭杀手——无油无盐的橄榄菜四季豆,0,未修改
62632,鲜香的角瓜洋葱炒虾仁,鲜香的角瓜洋葱炒虾仁,0,未修改
62643,蒜蓉金针菇☀️烤箱版,蒜蓉金针菇️烤箱版,1,删除装饰符号
62646,反沙芋头,反沙芋头,0,未修改
62675,小玉米笋炖牛肉,小玉米笋炖牛肉,0,未修改
62676,减肥快手菜补铁佳品—菠菜炒牛肉,减肥快手菜补铁佳品—菠菜炒牛肉,0,未修改
62683,葱爆羊肉卷&达州豆香炒腊肉,葱爆羊肉卷&达州豆香炒腊肉,0,未修改
62690,凉拌手枪大鸡腿,凉拌手枪大鸡腿,0,未修改
62735,什锦菜花,什锦菜花,0,未修改
62746,西红柿虾滑汤—改良版大酱汤,西红柿虾滑汤—改良版大酱汤,0,未修改
62749,极妙厨房丨红烧香辣鸡爪,极妙厨房丨红烧香辣鸡爪,0,未修改
62757,一看就会的蒜香牛肉粒,一看就会的蒜香牛肉粒,0,未修改
62758,荷塘小炒鱼片,荷塘小炒鱼片,0,未修改
62778,红烧大虾（小龙虾味）,红烧大虾,1,删除括号说明
62783,白灼卷心菜,白灼卷心菜,0,未修改
62788,怪味鸡丝,怪味鸡丝,0,未修改
62810,家乡味儿的辣子鸡,家乡味儿的辣子鸡,0,未修改
62828,腊肉炒鸡腿菇,腊肉炒鸡腿菇,0,未修改
62838,无油香辣鸡翅,香辣鸡翅,1,删除营销定语
62846,湖南烟熏腊鱼焖土豆,湖南烟熏腊鱼焖土豆,0,未修改
62850,嫩滑无比的泡椒猪肝,嫩滑无比的泡椒猪肝,0,未修改
62861,鸡蛋烩千夜豆腐,鸡蛋烩千夜豆腐,0,未修改
62864,简易蒜香糖醋排骨,简易蒜香糖醋排骨,0,未修改
62871,葱香肉末豆腐,葱香肉末豆腐,0,未修改
62890,红烧大排,红烧大排,0,未修改
62891,大蒜苗炒鸡胸,大蒜苗炒鸡胸,0,未修改
62925,火爆肥肠,火爆肥肠,0,未修改
62961,爆炒腰花,爆炒腰花,0,未修改
62968,非常规的“韭菜跑蛋”,规的韭菜跑蛋,1,删除营销定语
62989,粉丝萝卜丝海带冻豆腐全贝（扇贝）汤,粉丝萝卜丝海带冻豆腐全贝汤,1,删除括号说明
63046,孩子能吃两碗饭的一道菜,孩子能吃两碗饭的一道菜,0,未修改
63049,小南瓜炒牛肉丝,小南瓜炒牛肉丝,0,未修改
63053,青椒火腿炒玉米,青椒火腿炒玉米,0,未修改
63081,清蒸桂鱼,清蒸桂鱼,0,未修改
63088,萝卜炖豆腐,萝卜炖豆腐,0,未修改
63116,夏天的颜色～南瓜花🌸汤,夏天的颜色～南瓜花汤,1,删除装饰符号
63121,木耳炒鸡蛋(啤酒白酒的好朋友),木耳炒鸡蛋,1,删除括号说明
63137,洋葱蚝油生菜,洋葱蚝油生菜,0,未修改
63158,清蒸比目鱼,清蒸比目鱼,0,未修改
63172,黄瓜拌豆腐,黄瓜拌豆腐,0,未修改
63181,酱油炒饭,酱油炒饭,0,未修改
63193,黑木耳炒腰花,黑木耳炒腰花,0,未修改
63301,鲜之极牛腩萝卜清汤,鲜之极牛腩萝卜清汤,0,未修改
63326,鲜到飞起的芦笋🍤鲜虾仁,鲜到飞起的芦笋鲜虾仁,1,删除装饰符号
63332,胡萝卜洋葱炒蛋,胡萝卜洋葱炒蛋,0,未修改
63333,珍珠丸子,珍珠丸子,0,未修改
63334,黄瓜炒肉片,黄瓜炒肉片,0,未修改
63345,剁椒鱼头,剁椒鱼头,0,未修改
63347,蒲烧鳗鱼饭,蒲烧鳗鱼饭,0,未修改
63354,红烧照烧卤鸡胗,红烧照烧卤鸡胗,0,未修改
63361,金玉满堂（松仁玉米）,金玉满堂,1,删除括号说明
63368,罗非鱼,罗非鱼,0,未修改
63442,家常快炒～厄瓜多尔虾,家常快炒～厄瓜多尔虾,0,未修改
63457,牛肉炒沙茶酱,牛肉炒沙茶酱,0,未修改
63459,肉燕,肉燕,0,未修改
63472,酱香肉沫茄子,酱香肉沫茄子,0,未修改
63475,腐竹木耳咸鱼煲,腐竹木耳咸鱼煲,0,未修改
63519,尖椒炒肥肠,尖椒炒肥肠,0,未修改
63535,蕃茄酱炒花菜,蕃茄酱炒花菜,0,未修改
63569,水煮蛏子,水煮蛏子,0,未修改
63571,蚝油冬瓜,蚝油冬瓜,0,未修改
63581,鸡蛋还能这么吃,鸡蛋还能这么吃,0,未修改
63612,虾仁炒蛋,虾仁炒蛋,0,未修改
63619,【34】塔菜冬笋炒火腿,34 塔菜冬笋炒火腿,1,展开标题方括号
63657,小炒肉,小炒肉,0,未修改
63660,水芹菜辣炒香肠丁,水芹菜辣炒香肠丁,0,未修改
63689,木耳鸡蛋炒虾🍤,木耳鸡蛋炒虾,1,删除装饰符号
63693,苦瓜焖鸭（e神推荐）,苦瓜焖鸭,1,删除括号说明
63721,茶树菇鸡汤,茶树菇鸡汤,0,未修改
63739,银芽小炒牛柳,银芽小炒牛柳,0,未修改
63764,清蒸海鲈鱼,清蒸海鲈鱼,0,未修改
63786,家常鸡肉炒米粉,家常鸡肉炒米粉,0,未修改
63792,鸡蛋肉丝炒年糕,鸡蛋肉丝炒年糕,0,未修改
63817,一家两吃的高颜值五彩鸡丁,一家两吃的高颜值五彩鸡丁,0,未修改
63844,鱿鱼(鲜鱿/干鱿)炒芹菜,鱿鱼炒芹菜,1,删除括号说明
63847,小葱拌豆腐,小葱拌豆腐,0,未修改
63864,肉末茄子🍆,肉末茄子,1,删除装饰符号
63873,下饭的熘肉段,熘肉段,1,删除营销定语
63883,老母鸡竹荪虫草汤,老母鸡竹荪虫草汤,0,未修改
63889,菠萝古老肉,菠萝古老肉,0,未修改
63931,解暑利器—排骨凤爪苦瓜汤,解暑利器—排骨凤爪苦瓜汤,0,未修改
63934,杂鱼豆腐汤,杂鱼豆腐汤,0,未修改
63947,葱烤大排,葱烤大排,0,未修改
63951,烤羊脆骨,烤羊脆骨,0,未修改
63964,成功卤肉饭,成功卤肉饭,0,未修改
63986,不费油的荷塘小炒,不费油的荷塘小炒,0,未修改
63991,北方“过油”酥肉,北方过油酥肉,1,未修改
63992,酸菜炒五花肉,酸菜炒五花肉,0,未修改
64001,懒人厨房45 青椒皮蛋,厨房45 青椒皮蛋,1,删除营销定语
64021,酸辣藕块,酸辣藕块,0,未修改
64036,淡干瑶柱炖煮娃娃菜,淡干瑶柱炖煮娃娃菜,0,未修改
64053,新鲜人参虫草鸡汤,新鲜人参虫草鸡汤,0,未修改
64094,蒜蓉豆角,蒜蓉豆角,0,未修改
64108,榴莲炖鸡汤,榴莲炖鸡汤,0,未修改
64126,土豆的新吃法！简单美味，给肉都不换！,土豆的新吃法,1,删除宣传后句
64147,养胃嘎达汤,养胃嘎达汤,0,未修改
64153,色香味俱全，好吃停不下来的茭白炒肉来啦！（健康美食）,色香味俱全,1,删除括号说明；删除宣传后句
64198,十分钟搞定 早餐 港式餐蛋面,十分钟搞定 早餐 港式餐蛋面,0,未修改
64207,双椒炒牛柳,双椒炒牛柳,0,未修改
64221,竹笋炒腊肉,竹笋炒腊肉,0,未修改
64242,好吃的减脂餐-醋熘白菜,餐-醋熘白菜,1,删除营销定语
64247,尖辣椒炒西红柿,尖辣椒炒西红柿,0,未修改
64267,新鲜虎奶菌炒牛肉,新鲜虎奶菌炒牛肉,0,未修改
64282,清蒸银鲳鱼,清蒸银鲳鱼,0,未修改
64285,茄子炒饼,茄子炒饼,0,未修改
64330,三文鱼头汤,三文鱼头汤,0,未修改
64365,香椿闷蛋,香椿闷蛋,0,未修改
64370,百叶韭菜,百叶韭菜,0,未修改
64376,干锅土豆片~好吃到转圈圈！饭店都没我做的好吃,干锅土豆片~好吃到转圈圈,1,删除宣传后句
64400,广东早茶 豉汁蒸排骨,广东早茶 豉汁蒸排骨,0,未修改
64409,【食屋FOODHOUSE】黑椒咖喱鸡腿饭,食屋FOODHOUSE 黑椒咖喱鸡腿饭,1,展开标题方括号
64413,糖醋小排,糖醋小排,0,未修改
64456,清淡版羊蝎子火锅,版羊蝎子火锅,1,删除营销定语
64465,饭扫光 蒜苔小炒肉,饭扫光 蒜苔小炒肉,0,未修改
64494,烧鸡,烧鸡,0,未修改
64529,在家吃到冲绳传统家庭料理，什锦炒苦瓜。,在家吃到冲绳传统家庭料理,1,删除宣传后句
64553,西兰花炒肉😼,西兰花炒肉,1,删除装饰符号
64578,简单快手的糖醋虾球,糖醋虾球,1,删除营销定语
64587,青笋炒肉,青笋炒肉,0,未修改
64594,超快手红烧鱼🐟,红烧鱼,1,删除营销定语；删除装饰符号
64606,百吃不厌的白灼菜心～！,百吃不厌的白灼菜心,1,删除宣传后句
64608,超健康的无糖无油地三鲜,无糖无油地三鲜,1,删除营销定语
64640,芋头甲鱼汤,芋头甲鱼汤,0,未修改
64655,豆角炒肉,豆角炒肉,0,未修改
64659,花样素菜--秋葵鲍菇,花样素菜--秋葵鲍菇,0,未修改
64703,自制干豆豉+水豆豉,干豆豉+水豆豉,1,删除营销定语
64833,多吃不胖的美味西蓝花炒牛肉,多吃不胖的美味西蓝花炒牛肉,0,未修改
64841,玉米水炒蛋,玉米水炒蛋,0,未修改
64850,简单家常黄焖鸡,家常黄焖鸡,1,删除营销定语
64865,虎皮鹌鹑蛋红烧排骨,虎皮鹌鹑蛋红烧排骨,0,未修改
64870,蒜蓉炒菜心,蒜蓉炒菜心,0,未修改
64880,虾仁🍤豆腐,虾仁豆腐,1,删除装饰符号
64881,炒猪肝,炒猪肝,0,未修改
64895,金包银香煎糍粑（伊莱特炒菜机器人）,金包银香煎糍粑,1,删除括号说明
64898,年糕的N种吃法——肉片年糕炒青菜,年糕的N种吃法——肉片年糕炒青菜,0,未修改
64907,【15分钟快手菜】青椒炒卤牛肉,青椒炒卤牛肉,1,删除开头标签
64909,简约版八宝水果饭,简约版八宝水果饭,0,未修改
64942,豇豆煸排骨（很下饭）,豇豆煸排骨,1,删除括号说明
64948,让人上瘾，冲绳料理之苦瓜炒茄子,让人上瘾,1,删除宣传后句
64950,不油不上火的家常酸辣粉,不油不上火的家常酸辣粉,0,未修改
64978,羊肉丸子,羊肉丸子,0,未修改
64999,素版 麻婆豆腐,素版 麻婆豆腐,0,未修改
65005,滋补牛腩炖萝卜,滋补牛腩炖萝卜,0,未修改
65082,韭黄炒猪肝,韭黄炒猪肝,0,未修改
65086,家常娃娃菜老豆腐汤,家常娃娃菜老豆腐汤,0,未修改
65091,彩色玫瑰饺子,彩色玫瑰饺子,0,未修改
65149,家常咸香盐焗鸡(手撕鸡),家常咸香盐焗鸡,1,删除括号说明
65159,豆角肉炒（焖）饼,豆角肉炒饼,1,删除括号说明
65160,西红柿炒奶白菜,西红柿炒奶白菜,0,未修改
65168,鸿运蒜香脆椒骨,鸿运蒜香脆椒骨,0,未修改
65199,【温馨煮艺】丝瓜虾蛤米粉,温馨煮艺 丝瓜虾蛤米粉,1,展开标题方括号
65203,仔姜豌豆片炒肉片,仔姜豌豆片炒肉片,0,未修改
65219,她爹的 黄山笋尖炖五花肉,她爹的 黄山笋尖炖五花肉,0,未修改
65226,菜椒炒鸡蛋,菜椒炒鸡蛋,0,未修改
65247,蒜苗爆炒米血糕,蒜苗爆炒米血糕,0,未修改
65260,小白菜海鲜汤,小白菜海鲜汤,0,未修改
65261,青菜荟萃-增肌减脂,青菜荟萃-增肌减脂,0,未修改
65276,鱼香杏鲍菇,鱼香杏鲍菇,0,未修改
65291,碎肉虾仁米豆腐,碎肉虾仁米豆腐,0,未修改
65328,火山土豆泥-酸甜番茄酱,火山土豆泥-酸甜番茄酱,0,未修改
65392,清肝明目的洋葱炒猪肝，手机控一定要收藏,清肝明目的洋葱炒猪肝,1,删除宣传后句
65436,切对即做对的芹菜豆干,切对即做对的芹菜豆干,0,未修改
65462,辣炒鸡胗,辣炒鸡胗,0,未修改
65472,平平无奇下饭孜然鸡片,平平无奇下饭孜然鸡片,0,未修改
65510,简易木耳腊肉片,简易木耳腊肉片,0,未修改
65516,香菇炒冻豆腐,香菇炒冻豆腐,0,未修改
65531,冬瓜焖鸭,冬瓜焖鸭,0,未修改
65538,番茄🌻巴沙鱼🐾,番茄巴沙鱼,1,删除装饰符号
65555,下饭菜肉沫炒豆角-果果美厨,菜肉沫炒豆角-果果美厨,1,删除营销定语
65588,泡椒芹菜炒郡肝,泡椒芹菜炒郡肝,0,未修改
65639,蒜苔木耳胡萝卜炒肉丝-低脂餐 我的日常,蒜苔木耳胡萝卜炒肉丝-低脂餐 我的日常,0,未修改
65652,酸辣炒藕片,酸辣炒藕片,0,未修改
65679,香辣羊排（烧烤味）,香辣羊排,1,删除括号说明
65684,手撕鸡腿肉,手撕鸡腿肉,0,未修改
65716,鲜菇胡萝卜炒肉片,鲜菇胡萝卜炒肉片,0,未修改
65745,蒜蓉蒸蚝仔,蒜蓉蒸蚝仔,0,未修改
65748,下饭神器-肉末酸豆角,神器-肉末酸豆角,1,删除营销定语
65768,蔬菜水果爱上芝麻沙拉,蔬菜水果爱上芝麻沙拉,0,未修改
65785,胡萝卜山药炖排骨,胡萝卜山药炖排骨,0,未修改
65788,番茄冬瓜汤🥣,番茄冬瓜汤,1,删除装饰符号
65800,肉丝厚豆干,肉丝厚豆干,0,未修改
65808,金针菇酿辣椒,金针菇酿辣椒,0,未修改
65836,家常快手菜♨️荷兰豆炒香肠,家常快手菜️荷兰豆炒香肠,1,删除装饰符号
65844,炒花甲,炒花甲,0,未修改
65852,京酱肉丝,京酱肉丝,0,未修改
65861,香菇豆腐萝卜丝,香菇豆腐萝卜丝,0,未修改
65878,粉蒸肉,粉蒸肉,0,未修改
65918,南瓜蘑菇羹（无油素食）,南瓜蘑菇羹,1,删除括号说明
66044,番茄炒蛋的升级版——番茄虾仁滑蛋,番茄炒蛋的升级版——番茄虾仁滑蛋,0,未修改
66045,肉沫茄子煲,肉沫茄子煲,0,未修改
66055,好吃的辣炒茄子🍆,辣炒茄子,1,删除营销定语；删除装饰符号
66082,尖椒皮蛋,尖椒皮蛋,0,未修改
66129,好吃到停不下的家常豆腐,到停不下的家常豆腐,1,删除营销定语
66148,下饭菜《沙姜焗鸡》视频讲解,菜沙姜焗鸡视频讲解,1,删除营销定语
66187,冬瓜啤酒鸭,冬瓜啤酒鸭,0,未修改
66196,酱烧跳跳鱼,酱烧跳跳鱼,0,未修改
66203,家常凉拌菜,家常凉拌菜,0,未修改
66208,蜜汁鸡翅,蜜汁鸡翅,0,未修改
66211,豆角炖肉,豆角炖肉,0,未修改
66213,蚝油葱爆羊肉,蚝油葱爆羊肉,0,未修改
66233,超快手之香煎荷包蛋,之香煎荷包蛋,1,删除营销定语
66240,“清淡”的回锅肉,回锅肉,1,删除营销定语
66267,青椒滑鸡块,青椒滑鸡块,0,未修改
66292,麻油猪肝汤,麻油猪肝汤,0,未修改
66306,不苦的苦瓜处理办法-苦瓜炒蛋/苦瓜蛋饼/苦瓜厚蛋烧,不苦的苦瓜处理办法-苦瓜炒蛋/苦瓜蛋饼/苦瓜厚蛋烧,0,未修改
66317,《花花家的菜》牛肉白菜卷,花花家的菜牛肉白菜卷,1,未修改
66328,不放料酒没有腥味的小美鸡汤,不放料酒没有腥味的小美鸡汤,0,未修改
66335,牛肉芋头汤,牛肉芋头汤,0,未修改
66337,尖椒腊肠炒蛋（伊莱特炒菜机器人）,尖椒腊肠炒蛋,1,删除括号说明
66364,清炒西瓜皮,清炒西瓜皮,0,未修改
66370,尖椒炒五花肉,尖椒炒五花肉,0,未修改
66376,干锅土豆片,干锅土豆片,0,未修改
66405,水腌菜老奶洋芋,水腌菜老奶洋芋,0,未修改
66482,超简单的家常菜葱爆孜然羊肉,家常菜葱爆孜然羊肉,1,删除营销定语
66488,潮汕风味之不用翻面普宁豆酱半煎煮鱼,潮汕风味之不用翻面普宁豆酱半煎煮鱼,0,未修改
66495,🍋柠檬酸菜鱼（详细版）,柠檬酸菜鱼,1,删除括号说明；删除装饰符号
66530,简单又超级下饭的豆芽炒五花肉,又超级下饭的豆芽炒五花肉,1,删除营销定语
66544,韭菜炒鸡蛋🍳,韭菜炒鸡蛋,1,删除装饰符号
66552,茭白炒剁椒鸡蛋,茭白炒剁椒鸡蛋,0,未修改
66584,东北拌三丝,东北拌三丝,0,未修改
66611,干豆腐丝,干豆腐丝,0,未修改
66638,韭菜炒扇贝,韭菜炒扇贝,0,未修改
66661,辣椒炒香干［阿橘秘制款~］,辣椒炒香干［阿橘秘制款~］,0,未修改
66688,鸡肉丸子,鸡肉丸子,0,未修改
66689,素食-炝炒双色烟笋,素食-炝炒双色烟笋,0,未修改
66695,巨鲜❗蚝油韭菜鸡蛋炒豆芽（冬季养生！料理长的味道）,鲜蚝油韭菜鸡蛋炒豆芽,1,删除括号说明；删除营销定语；删除装饰符号
66742,皮皮虾豆腐汤,皮皮虾豆腐汤,0,未修改
66785,洋葱胡萝卜炒肉丝,洋葱胡萝卜炒肉丝,0,未修改
66805,尖椒干豆腐(东北下酒菜扛把子),尖椒干豆腐,1,删除括号说明
66839,咸鸭蛋黄做的蟹黄豆腐,咸鸭蛋黄做的蟹黄豆腐,0,未修改
66852,超下饭的五花肉炒扁豆,五花肉炒扁豆,1,删除营销定语
66868,白菜猪肉炖粉条,白菜猪肉炖粉条,0,未修改
66878,蟹肉煲,蟹肉煲,0,未修改
66906,芹菜香干,芹菜香干,0,未修改
66922,焦溜豆腐鱼,焦溜豆腐鱼,0,未修改
66939,土豆烧排骨,土豆烧排骨,0,未修改
66978,银鱼煎蛋,银鱼煎蛋,0,未修改
66991,蒜香骨,蒜香骨,0,未修改
67021,肉末茄子（视频教学）,肉末茄子,1,删除括号说明
67059,辣炒牛肉,辣炒牛肉,0,未修改
67088,炒气豆角（扁豆）,炒气豆角,1,删除括号说明
67104,【盒马厨房】日日鲜金针菇蒸排骨,盒马厨房 日日鲜金针菇蒸排骨,1,展开标题方括号
67110,酒香草头,酒香草头,0,未修改
67166,简、快、下饭（尖椒炒鸡蛋）,简、快、下饭,1,删除括号说明
67182,梅干菜烧肉,梅干菜烧肉,0,未修改
67205,椒盐虾头，酥脆超香很下饭（省油版）,椒盐虾头,1,删除括号说明；删除宣传后句
67254,汤汁超浓可以嗦的爆炒花甲,汤汁超浓可以嗦的爆炒花甲,0,未修改
67265,滑蛋牛肉粥,滑蛋牛肉粥,0,未修改
67285,白芦笋炒鸡丁,白芦笋炒鸡丁,0,未修改
67289,蒜蓉耗油油麦菜,蒜蓉耗油油麦菜,0,未修改
67290,凉拌腐竹木耳,凉拌腐竹木耳,0,未修改
67320,【炙食谱】广味豉油鸡,广味豉油鸡,1,删除开头标签
67330,肉沫豆腐土豆饭,肉沫豆腐土豆饭,0,未修改
67333,青椒木耳肉丝,青椒木耳肉丝,0,未修改
67334,泉州风味的牛排汤,泉州风味的牛排汤,0,未修改
67360,下饭土豆烧牛腩,土豆烧牛腩,1,删除营销定语
67377,番茄炒蛋,番茄炒蛋,0,未修改
67417,香菜鸡蛋汤,香菜鸡蛋汤,0,未修改
67464,超级好吃又好喝瘦身汤,又好喝瘦身汤,1,删除营销定语
67465,平菇炖豆腐,平菇炖豆腐,0,未修改
67474,猪皮冻,猪皮冻,0,未修改
67475,大白菜炒香肠,大白菜炒香肠,0,未修改
67478,红焖羊排,红焖羊排,0,未修改
67486,有灵魂的包菜炒粉条【下饭神器】,有灵魂的包菜炒粉条【下饭神器】,0,未修改
67574,在家也可以吃到的江西拌粉,在家也可以吃到的江西拌粉,0,未修改
67630,家常鬼子姜,家常鬼子姜,0,未修改
67635,油焖北极虾,油焖北极虾,0,未修改
67666,超简单酸菜鱼(巴沙鱼➕酸菜鱼调料包),酸菜鱼,1,删除括号说明；删除营销定语
67681,豆豉蒸鱼/豆豉蒸鱼头,豆豉蒸鱼/豆豉蒸鱼头,0,未修改
67682,超下饭的爆辣小煎鸡,爆辣小煎鸡,1,删除营销定语
67695,10分钟美味2⃣咖喱肥牛巨巨巨幸福哇！,10分钟美味2⃣咖喱肥牛巨巨巨幸福哇,1,删除宣传后句
67711,豆豉辣椒炒肉（#湘潭篇）,豆豉辣椒炒肉,1,删除括号说明
67720,干锅花菜,干锅花菜,0,未修改
67724,【上汤娃娃菜】家常版,上汤娃娃菜,1,展开标题方括号；删除版本后缀
67751,简易凉拌生菜,简易凉拌生菜,0,未修改
67768,减脂～鸡肉丸子,鸡肉丸子,1,删除营销定语
67787,香辣掌中宝,香辣掌中宝,0,未修改
67792,香炒青椒牛肉,香炒青椒牛肉,0,未修改
67807,香气四溢的绝味炝炒土豆丝,香气四溢的绝味炝炒土豆丝,0,未修改
67852,辣炒鹌鹑,辣炒鹌鹑,0,未修改
67859,照烧鸡腿饭【亲子丼】,照烧鸡腿饭【亲子丼】,0,未修改
67876,莲藕酿肉,莲藕酿肉,0,未修改
67880,家常泡椒猪肝,家常泡椒猪肝,0,未修改
67881,美味简单的牛肉炖土豆,牛肉炖土豆,1,删除营销定语
67889,韭菜炒白虾,韭菜炒白虾,0,未修改
67902,咖喱膏蟹,咖喱膏蟹,0,未修改
67912,西红柿巴沙鱼柳,西红柿巴沙鱼柳,0,未修改
67918,"芹菜炒香菇丨越吃越上瘾,简单又清淡,家常美味！！",芹菜炒香菇丨越吃越上瘾,1,删除宣传后句
67934,米饭杀手之萝卜烧肉,米饭杀手之萝卜烧肉,0,未修改
67947,爆炒牛肉沫,爆炒牛肉沫,0,未修改
67951,菠菜草菇煎蛋汤*不加味精鲜美鸡蛋高汤,菠菜草菇煎蛋汤*不加味精鲜美鸡蛋高汤,0,未修改
67986,剁椒菜梗,剁椒菜梗,0,未修改
68003,姑且叫简易版麻婆豆腐吧,姑且叫简易版麻婆豆腐吧,0,未修改
68014,红烧日本豆腐,红烧日本豆腐,0,未修改
68023,青椒炒土豆条,青椒炒土豆条,0,未修改
68059,葱油鲈鱼,葱油鲈鱼,0,未修改
68071,蜜制鸡翅(简易好吃),蜜制鸡翅,1,删除括号说明
68078,竹荪干贝菌菇莲藕排骨汤,竹荪干贝菌菇莲藕排骨汤,0,未修改
68118,肉片泡菜土豆片,肉片泡菜土豆片,0,未修改
68128,韩式家常小菜,韩式家常小菜,0,未修改
68192,炒茭白,炒茭白,0,未修改
68261,赵小厨教您做出美味的番茄炒蛋,赵小厨教您做出美味的番茄炒蛋,0,未修改
68313,承味冬荫阴功小龙虾芝士焗意面,承味冬荫阴功小龙虾芝士焗意面,0,未修改
68317,黄咖喱鸡腿,黄咖喱鸡腿,0,未修改
68324,简易版酸菜排骨炖粉条,简易版酸菜排骨炖粉条,0,未修改
68348,🔥家庭版‼️爽滑劲道の凉拌米线,家庭版‼️爽滑劲道の凉拌米线,1,删除装饰符号
68349,手撕杏鲍菇,手撕杏鲍菇,0,未修改
68373,葱油豉椒红鱼,葱油豉椒红鱼,0,未修改
68384,响油黄瓜,响油黄瓜,0,未修改
68429,荷叶粉蒸排骨,荷叶粉蒸排骨,0,未修改
68430,超鲜的海米炒香芹,鲜的海米炒香芹,1,删除营销定语
68431,优质蛋白组合~虾仁滑蛋,优质蛋白组合~虾仁滑蛋,0,未修改
68459,青椒炒胡萝卜,青椒炒胡萝卜,0,未修改
68470,酸辣白菜🌶️,酸辣白菜️,1,删除装饰符号
68528,爆炒鱿鱼,爆炒鱿鱼,0,未修改
68535,火锅底料炒麻辣香锅,火锅底料炒麻辣香锅,0,未修改
68544,家常炒米粉,家常炒米粉,0,未修改
68562,啤酒鸭,啤酒鸭,0,未修改
68582,腊味煲仔饭,腊味煲仔饭,0,未修改
68584,黄瓜木耳炒虾仁,黄瓜木耳炒虾仁,0,未修改
68600,无淀粉低碳风味茄子,无淀粉低碳风味茄子,0,未修改
68696,青椒爆炒猪肝,青椒爆炒猪肝,0,未修改
68712,浓汁【番茄炒鸡蛋】,浓汁【番茄炒鸡蛋】,0,未修改
68721,韭菜虾仁,韭菜虾仁,0,未修改
68787,不用油、不用盐、好吃的东北炖豆角,不用油、不用盐、好吃的东北炖豆角,0,未修改
68800,凉拌蒜苔,凉拌蒜苔,0,未修改
68811,炒辣椒酱,炒辣椒酱,0,未修改
68846,上汤娃娃菜（改良版）,上汤娃娃菜,1,删除括号说明
68854,芹菜叶炒鸡蛋,芹菜叶炒鸡蛋,0,未修改
68929,蒜苗、水香菇爆炒牛肉,蒜苗、水香菇爆炒牛肉,0,未修改
68954,青椒茄子土豆咖喱饭（详细精编版）,青椒茄子土豆咖喱饭,1,删除括号说明
68959,香飘几条街的招牌凉拌菜钵钵鸡，在家轻松做！嫩滑鲜香，能吃得相当过瘾！,香飘几条街的招牌凉拌菜钵钵鸡,1,删除宣传后句
69006,便利店同款❗️低脂蛋黄酱三明治｜早餐首选～,便利店同款️低脂蛋黄酱三明治｜早餐首选,1,删除装饰符号
69014,排骨玉米汤,排骨玉米汤,0,未修改
69019,炒鸭胸肉,炒鸭胸肉,0,未修改
69066,杂蔬土豆丸子（伊莱特能量土锅）,杂蔬土豆丸子,1,删除括号说明
69088,【静哥家常菜】洋葱炒肉丝,洋葱炒肉丝,1,删除开头标签
69095,"鲶鱼和茄子是绝配,东北特色的炖菜,鲶鱼炖茄子",鲶鱼和茄子是绝配,1,删除宣传后句
69127,干煸土豆丝,干煸土豆丝,0,未修改
69129,清炒苦瓜,清炒苦瓜,0,未修改
69167,没有工具也能做的拌凉皮（凉皮做法加拌料）,没有工具也能做的拌凉皮,1,删除括号说明
69177,随手家常小菜,随手家常小菜,0,未修改
69181,蒜泥芥辣拌豇豆,蒜泥芥辣拌豇豆,0,未修改
69197,毛豆豆干土豆炒酱,毛豆豆干土豆炒酱,0,未修改
69210,大杂烩式卷心菜胡萝卜炒面,大杂烩式卷心菜胡萝卜炒面,0,未修改
69219,脆瓜五花腩,脆瓜五花腩,0,未修改
69228,肥牛饭,肥牛饭,0,未修改
69244,香喷喷快手炒年糕/炒白粿,炒年糕/炒白粿,1,删除营销定语
69259,笋丝紫菜汤,笋丝紫菜汤,0,未修改
69263,辣炒鱿鱼,辣炒鱿鱼,0,未修改
69288,辣炒自发黄豆芽（含自发过程）,辣炒自发黄豆芽,1,删除括号说明
69289,原滋原味-红烧排骨，好吃到舔手指～,原滋原味-红烧排骨,1,删除宣传后句
69329,#掌控他（她）的胃#蔬菜炖鸡,蔬菜炖鸡,1,删除括号说明；删除话题说明
69332,圣诞酱香炖牛肉,圣诞酱香炖牛肉,0,未修改
69338,冬阴功海鲜意面,冬阴功海鲜意面,0,未修改
69363,海参小米粥,海参小米粥,0,未修改
69374,今天给大家分享一道美食，啤酒鸭！！,今天给大家分享一道美食，啤酒鸭！！,0,删除场景引导语；清洗结果过短，回退原名
69376,砂锅红焖羊排,砂锅红焖羊排,0,未修改
69380,土豆炖鸡块（零失误懒人版）,土豆炖鸡块,1,删除括号说明
69422,彩椒炒菜花丨菜花爽脆入味，汤汁浓郁,彩椒炒菜花丨菜花爽脆入味,1,删除宣传后句
69435,番茄肉末烧茄子,番茄肉末烧茄子,0,未修改
69452,酒香炒螺,酒香炒螺,0,未修改
69476,家常版【醋溜木须】（超下饭）,【醋溜木须】,1,删除括号说明；删除场景定语
69478,简单的黄瓜鸡蛋汤,黄瓜鸡蛋汤,1,删除营销定语
69529,牛尾汤萝卜,牛尾汤萝卜,0,未修改
69532,干煸花菜,干煸花菜,0,未修改
69535,炒粉丝家常做法,炒粉丝家常做法,0,未修改
69544,冬瓜炒肉 鲜咸美味,冬瓜炒肉 鲜咸美味,0,未修改
69563,大煮干丝（三鲜本帮口味改良版）,大煮干丝,1,删除括号说明
69596,小美家常菜第二十五道——蒜苗炒肉丝,小美家常菜第二十五道——蒜苗炒肉丝,0,未修改
69622,无辣不欢：水煮牛肉(肉片),无辣不欢：水煮牛肉,1,删除括号说明
69626,菌菇炒虾仁,菌菇炒虾仁,0,未修改
69630,青椒羔羊卷,青椒羔羊卷,0,未修改
69631,茭白炒腊肉,茭白炒腊肉,0,未修改
69643,素炒豆皮,素炒豆皮,0,未修改
69653,胡萝卜炒口蘑,胡萝卜炒口蘑,0,未修改
69658,土豆新吃法（Q弹弹）,土豆新吃法,1,删除括号说明
69659,红枣番薯馒头（自发面粉+宝宝版）,红枣番薯馒头,1,删除括号说明
69698,春天必吃的笋子炒肉,春天必吃的笋子炒肉,0,未修改
69702,蚝油秋葵,蚝油秋葵,0,未修改
69709,鲜美鲫鱼汤,鲜美鲫鱼汤,0,未修改
69867,麻辣香锅,麻辣香锅,0,未修改
69888,胡萝卜青椒炒火腿,胡萝卜青椒炒火腿,0,未修改
69911,#向往的生活#芋儿烧鸡,芋儿烧鸡,1,删除话题说明
69955,口水鸡,口水鸡,0,未修改
69960,豆豉蒸鸡翅,豆豉蒸鸡翅,0,未修改
69966,粒粒分明～超美味懒人蛋炒饭,粒粒分明～超美味懒人蛋炒饭,0,未修改
69975,萝卜芽苗豆腐蛋花汤,萝卜芽苗豆腐蛋花汤,0,未修改
69987,番茄炒蛋（盖浇饭）,番茄炒蛋,1,删除括号说明
70061,青蒜炒笋丝,青蒜炒笋丝,0,未修改
70068,妙炒嫩猪肝【第一次炒出这般嫩的口感】,妙炒嫩猪肝【第一次炒出这般嫩的口感】,0,未修改
70094,小白初级油焖大虾,小白初级油焖大虾,0,未修改
70108,不用各种调料的西红柿牛腩汤,不用各种调料的西红柿牛腩汤,0,未修改
70113,#原味清蒸尖头鱼#,#原味清蒸尖头鱼#,0,删除话题说明；清洗结果过短，回退原名
70123,宝宝的最爱—西红柿土豆炖牛腩,宝宝的最爱—西红柿土豆炖牛腩,0,未修改
70145,鲜掉眉毛的茶树菇鸡汤,鲜掉眉毛的茶树菇鸡汤,0,未修改
70210,茄汁大虾（红焖大虾）,茄汁大虾,1,删除括号说明
70215,干锅香辣土豆片,干锅香辣土豆片,0,未修改
70229,减肥也可以吃的关东煮,减肥也可以吃的关东煮,0,未修改
70238,小炒肉,小炒肉,0,未修改
70273,韭菜炒河蚌肉,韭菜炒河蚌肉,0,未修改
70277,香菜炒牛肉,香菜炒牛肉,0,未修改
70308,肉炒黄豆芽,肉炒黄豆芽,0,未修改
70322,叫醒早晨的西红柿鸡蛋盖浇面,叫醒早晨的西红柿鸡蛋盖浇面,0,未修改
70363,鸡腿肉炒饭,鸡腿肉炒饭,0,未修改
70387,醋溜土豆丝,醋溜土豆丝,0,未修改
70400,百吃不腻的香煎鱼块·夏日开胃下饭菜,百吃不腻的香煎鱼块·夏日开胃下饭菜,0,未修改
70429,冬笋炒腊肉,冬笋炒腊肉,0,未修改
70470,野山葱炒里脊,野山葱炒里脊,0,未修改
70471,鸡腿炒四丁,鸡腿炒四丁,0,未修改
70474,茶油蒸猪心,茶油蒸猪心,0,未修改
70498,秋葵肝腰合炒,秋葵肝腰合炒,0,未修改
70539,鼠曲草粑粑，牛肉木耳馅的,鼠曲草粑粑,1,删除宣传后句
70565,红烧鱼籽豆腐,红烧鱼籽豆腐,0,未修改
70595,凉拌牛肉,凉拌牛肉,0,未修改
70609,彩椒莴笋白玉菇炒虾仁,彩椒莴笋白玉菇炒虾仁,0,未修改
70629,减肥的我在吃什么（1）海带豆腐汤，鸡蛋萝卜豆腐汤,减肥的我在吃什么海带豆腐汤,1,删除括号说明；删除宣传后句
70653,拔丝红薯,拔丝红薯,0,未修改
70697,粒粒分明虾仁蛋炒饭,粒粒分明虾仁蛋炒饭,0,未修改
70698,葱油香辣土豆丝,葱油香辣土豆丝,0,未修改
70719,番茄玉米排骨汤,番茄玉米排骨汤,0,未修改
70726,青椒胡萝卜炒肉,青椒胡萝卜炒肉,0,未修改
70727,超下饭到无法停止的榨菜三丝,到无法停止的榨菜三丝,1,删除营销定语
70746,香辣豆豉油麦菜,香辣豆豉油麦菜,0,未修改
70755,香辣跳跳蛙🐸,香辣跳跳蛙,1,删除装饰符号
70756,茄盒,茄盒,0,未修改
70784,夹沙肉,夹沙肉,0,未修改
70787,贼下饭的『鱼香肉丝』低脂鸡胸肉版本🔥,贼下饭的『鱼香肉丝』低脂鸡胸肉版本,1,删除装饰符号
70799,糖醋茄子,糖醋茄子,0,未修改
70808,素炒面筋,素炒面筋,0,未修改
70812,【连锅端·茄子青椒豆腐蒸蛋】,连锅端·茄子青椒豆腐蒸蛋,1,展开标题方括号
70831,炒荷兰豆,炒荷兰豆,0,未修改
70841,肉沫蒸蛋,肉沫蒸蛋,0,未修改
70883,酸酸辣辣土豆丝,酸酸辣辣土豆丝,0,未修改
70887,西红柿炖豆腐,西红柿炖豆腐,0,未修改
70888,青椒鸡蛋干,青椒鸡蛋干,0,未修改
70897,咖喱丸子,咖喱丸子,0,未修改
70937,超美味的鸡爪明虾煲,鸡爪明虾煲,1,删除营销定语
71003,番茄三文鱼汤煲拌饭,番茄三文鱼汤煲拌饭,0,未修改
71004,素炒藕丝,素炒藕丝,0,未修改
71043,自制辣白菜,辣白菜,1,删除营销定语
71049,紫菜蛋汤儿童版,紫菜蛋汤儿童版,0,未修改
71094,不输夜市的家庭版花甲粉丝,不输夜市的家庭版花甲粉丝,0,未修改
71097,清新不油腻的豆腐丸子,清新不油腻的豆腐丸子,0,未修改
71115,重口味小炒鸡,重口味小炒鸡,0,未修改
71149,西兰花蘑菇炒肉片,西兰花蘑菇炒肉片,0,未修改
71173,金蒜银丝蒸鲜鲍,金蒜银丝蒸鲜鲍,0,未修改
71197,好吃不上火的蒜蓉莴笋,不上火的蒜蓉莴笋,1,删除营销定语
71207,双拼南瓜牛肉粒,双拼南瓜牛肉粒,0,未修改
71237,【清蒸鱼】超快速，10分钟搞定，靠它虏获老公的胃,清蒸鱼 超快速,1,展开标题方括号；删除宣传后句
71239,豆腐炖红头鱼,豆腐炖红头鱼,0,未修改
71261,超好吃巨下饭的青椒肉丝～拌饭拌面真是绝了,青椒肉丝～拌饭拌面真是绝了,1,删除营销定语
71286,鲜掉眉毛的芦笋虾仁,鲜掉眉毛的芦笋虾仁,0,未修改
71299,大蒜炒猪肝,大蒜炒猪肝,0,未修改
71301,川味毛血旺,川味毛血旺,0,未修改
71316,清蒸鮸鱼,清蒸鮸鱼,0,未修改
71322,鸡翅蔬菜焖锅,鸡翅蔬菜焖锅,0,未修改
71332,腊排骨炖土豆,腊排骨炖土豆,0,未修改
71343,『懒人快手汤』藕丁鸭腿木耳香菇汤,『懒人快手汤』藕丁鸭腿木耳香菇汤,0,未修改
71431,老黄瓜烧河虾,老黄瓜烧河虾,0,未修改
71438,烧鸭腿,烧鸭腿,0,未修改
71441,家常版红烧花黄鱼,红烧花黄鱼,1,删除场景定语
71469,蒜苔炒牛肉,蒜苔炒牛肉,0,未修改
71495,【蚝油生菜】秘制酱料分享给你们,蚝油生菜 秘制酱料分享给你们,1,展开标题方括号
71497,豆豉蒜蓉油麦菜,豆豉蒜蓉油麦菜,0,未修改
71531,快手家常菜-辣椒小炒肉,家常菜-辣椒小炒肉,1,删除营销定语
71559,新版香菇虫草花蒸滑鸡,新版香菇虫草花蒸滑鸡,0,未修改
71575,肉末上汤西洋菜,肉末上汤西洋菜,0,未修改
71593,酱香小土豆,酱香小土豆,0,未修改
71596,东北一锅出,东北一锅出,0,未修改
71606,肉末玉米粒,肉末玉米粒,0,未修改
71646,下饭牛肉炒芹菜,牛肉炒芹菜,1,删除营销定语
71647,豆角炖地瓜小南瓜,豆角炖地瓜小南瓜,0,未修改
71651,西兰花炒胡萝卜,西兰花炒胡萝卜,0,未修改
71703,群蘑共舞,群蘑共舞,0,未修改
71715,炒春饼,炒春饼,0,未修改
71765,江南扁尖老鸭汤,江南扁尖老鸭汤,0,未修改
71770,富含营养的冬季滋补汤～竹荪玉米牛棒骨汤,富含营养的冬季滋补汤～竹荪玉米牛棒骨汤,0,未修改
71783,丝瓜炒肉片,丝瓜炒肉片,0,未修改
71789,清蒸小黄鱼,清蒸小黄鱼,0,未修改
71810,东北酱茄子,东北酱茄子,0,未修改
71821,快炒空心菜（这样炒又嫩又翠绿又下饭）,快炒空心菜,1,删除括号说明
71833,肉炒蒜薹(大部分炒菜通用版),肉炒蒜薹,1,删除括号说明
71863,家常菜——香菇菠菜,香菇菠菜,1,删除分类前缀
71874,松茸银鱼汤,松茸银鱼汤,0,未修改
71881,鲜肉胡萝卜蛋饺  宝宝辅食营养食谱菜谱,鲜肉胡萝卜蛋饺 宝宝辅食营养食谱菜谱,1,未修改
71883,丝丝相扣，莴笋蛋皮豆皮与大白菜,丝丝相扣,1,删除宣传后句
71957,西湖牛肉羹,西湖牛肉羹,0,未修改
71974,辣炒蛏子肉,辣炒蛏子肉,0,未修改
72007,初春的滋补，鲫鱼豆腐汤,初春的滋补,1,删除宣传后句
72008,青椒鸡翅,青椒鸡翅,0,未修改
72015,西兰花炒鸡胸肉,西兰花炒鸡胸肉,0,未修改
72052,清炒南瓜藤,清炒南瓜藤,0,未修改
72075,地三鲜炒面,地三鲜炒面,0,未修改
72121,无米虾仁蛋炒饭🍤,无米虾仁蛋炒饭,1,删除装饰符号
72138,酸甜炝拌莲菜 好吃又下饭 你学会了吗,酸甜炝拌莲菜 好吃又下饭 你学会了吗,0,未修改
72152,凉拌鸡丝,凉拌鸡丝,0,未修改
72164,香椿煎老豆腐,香椿煎老豆腐,0,未修改
72189,清炒酸辣莲藕片,清炒酸辣莲藕片,0,未修改
72197,冬瓜炒虾皮,冬瓜炒虾皮,0,未修改
72208,豆豉鲮鱼炒苦瓜-味蕾的奇妙体验,豆豉鲮鱼炒苦瓜-味蕾的奇妙体验,0,未修改
72245,米鱼豆腐羹,米鱼豆腐羹,0,未修改
72247,家常炖鸡,家常炖鸡,0,未修改
72261,湘味红烧鸡翅,湘味红烧鸡翅,0,未修改
72264,蟹黄豆腐，咸蛋黄版-太太乐鸡汁快手菜,蟹黄豆腐,1,删除宣传后句
72268,臭豆腐随便炒,臭豆腐随便炒,0,未修改
72273,杂菌汤+蒜香肉末茄子，两碗饭下肚妥妥的,杂菌汤+蒜香肉末茄子,1,删除宣传后句
72283,手把手教你五分钟快手油焖虾,手把手教你五分钟快手油焖虾,0,未修改
72338,简单又营养的鲫鱼豆腐汤,又营养的鲫鱼豆腐汤,1,删除营销定语
72372,麻辣虾尾,麻辣虾尾,0,未修改
72401,香菇滑鸡,香菇滑鸡,0,未修改
72419,凉拌油麦豆豉鱼（生吃油麦营养高）,凉拌油麦豆豉鱼,1,删除括号说明
72425,香脆下饭的大碗花菜,香脆下饭的大碗花菜,0,未修改
72432,麻辣培根炒杏鲍菇面,麻辣培根炒杏鲍菇面,0,未修改
72446,清新美味低卡番茄柠檬鱼,清新美味低卡番茄柠檬鱼,0,未修改
72471,空心菜梗炒培根,空心菜梗炒培根,0,未修改
72477,给生活添上一抹绿的蒜蓉粉丝娃娃菜,给生活添上一抹绿的蒜蓉粉丝娃娃菜,0,未修改
72493,萝卜焖鸡,萝卜焖鸡,0,未修改
72500,下饭菜小炒韭菜豆腐干,菜小炒韭菜豆腐干,1,删除营销定语
72501,#麦子厨房#美食锅之海米毛豆烧丝瓜,美食锅之海米毛豆烧丝瓜,1,删除话题说明
72561,香煎巴沙鱼,香煎巴沙鱼,0,未修改
72578,炸肉丸,炸肉丸,0,未修改
72593,【双香南瓜盅】,双香南瓜盅,1,展开标题方括号
72600,烧腐竹,烧腐竹,0,未修改
72620,鱼香茄子,鱼香茄子,0,未修改
72645,丝瓜肉丸汤,丝瓜肉丸汤,0,未修改
72666,上汤菠菜苗-火腿鲜虾版,上汤菠菜苗-火腿鲜虾版,0,未修改
72672,五分钟青椒洋葱炒腊肠,五分钟青椒洋葱炒腊肠,0,未修改
72692,腊肠炒荷兰豆,腊肠炒荷兰豆,0,未修改
72722,韭菜炒墨鱼,韭菜炒墨鱼,0,未修改
72806,凉拌干豆腐丝,凉拌干豆腐丝,0,未修改
72807,杭椒杏鲍菇,杭椒杏鲍菇,0,未修改
72820,鲜到眯起眼的炒花蛤🐳,鲜到眯起眼的炒花蛤,1,删除装饰符号
72824,香辣美味的辣酱炖武昌鱼，好吃的连汤汁都不剩,香辣美味的辣酱炖武昌鱼,1,删除宣传后句
72833,金针菇培根卷,金针菇培根卷,0,未修改
72864,生香尖椒牛柳,生香尖椒牛柳,0,未修改
72873,水煮千张,水煮千张,0,未修改
72916,下饭的京酱肉丝,京酱肉丝,1,删除营销定语
72928,三步就成的香菇肉酱拌面,三步就成的香菇肉酱拌面,0,未修改
72961,好吃又简单的番茄鸡蛋牛肉丸面,又简单的番茄鸡蛋牛肉丸面,1,删除营销定语
72963,奶奶味道的家常炒三丁,奶奶味道的家常炒三丁,0,未修改
73004,老丁的私房菜-鱼头汤,老丁的私房菜-鱼头汤,0,未修改
73033,干烧香辣平菇,干烧香辣平菇,0,未修改
73074,西红柿炒鸡蛋【超级下饭菜】,西红柿炒鸡蛋【超级下饭菜】,0,未修改
73109,家常土豆炖鸡块,家常土豆炖鸡块,0,未修改
73149,开胃菜，酸辣白菜,开胃菜,1,删除宣传后句
73157,香菇腐竹板栗煲土鸡,香菇腐竹板栗煲土鸡,0,未修改
73168,孔雀开屏鱼,孔雀开屏鱼,0,未修改
73181,爆炒花蛤,爆炒花蛤,0,未修改
73198,家常炝炒土豆丝,家常炝炒土豆丝,0,未修改
73207,酸汤鸡翅,酸汤鸡翅,0,未修改
73215,酱香浓郁大肉龙,酱香浓郁大肉龙,0,未修改
73231,简简单单炒花甲,简简单单炒花甲,0,未修改
73245,🔥🔥🔥🔥青椒辣椒🌶️炒肉丝儿绝对下饭,青椒辣椒️炒肉丝儿绝对下饭,1,删除装饰符号
73256,连白菜帮都好吃的：啤酒酥肉炖白菜,连白菜帮都好吃的：啤酒酥肉炖白菜,0,未修改
73259,黑椒牛仔骨,黑椒牛仔骨,0,未修改
73305,鹌鹑蛋菌菇汤菜,鹌鹑蛋菌菇汤菜,0,未修改
73336,低碳水河蚌豆腐汤（生酮友好）,低碳水河蚌豆腐汤,1,删除括号说明
73337,孔雀开屏清蒸鱼,孔雀开屏清蒸鱼,0,未修改
73341,鸡腿炖鸭胗,鸡腿炖鸭胗,0,未修改
73354,皮薄菜多健康好吃的南瓜韭菜蒸菜卷,皮薄菜多健康好吃的南瓜韭菜蒸菜卷,0,未修改
73374,鸡腿炖蓝瘦香菇,鸡腿炖蓝瘦香菇,0,未修改
73390,鲜掉眉毛的砂锅黄花鱼汤,鲜掉眉毛的砂锅黄花鱼汤,0,未修改
73437,家常快手超下饭西红柿辣椒土豆片,家常快手超下饭西红柿辣椒土豆片,0,未修改
73453,土豆丝青椒炒鸡蛋,土豆丝青椒炒鸡蛋,0,未修改
73463,厚蛋烧-番茄炒蛋新吃法,厚蛋烧-番茄炒蛋新吃法,0,未修改
73465,凉瓜炒蛋,凉瓜炒蛋,0,未修改
73491,虾干炒苦瓜,虾干炒苦瓜,0,未修改
73502,减脂版东北饭包,版东北饭包,1,删除营销定语
73508,酱爆鱿鱼须,酱爆鱿鱼须,0,未修改
73513,爽口开胃大菜－红烧肉版酸菜猪肉炖粉条,爽口开胃大菜－红烧肉版酸菜猪肉炖粉条,0,未修改
73548,蒜茸蒸生蚝,蒜茸蒸生蚝,0,未修改
73566,肉片炒翠肉瓜,肉片炒翠肉瓜,0,未修改
73569,家常溜豆腐，鲜香营养，超下饭,家常溜豆腐,1,删除宣传后句
73578,蔬菜豆腐蝴蝶面,蔬菜豆腐蝴蝶面,0,未修改
73610,【美食大挑战】比咸蛋黄还好吃的 味增腌蛋黄,美食大挑战 比咸蛋黄还好吃的 味增腌蛋黄,1,展开标题方括号
73615,清新爽口的蒜蓉香辣鸡爪,清新爽口的蒜蓉香辣鸡爪,0,未修改
73627,日式鸡肉炒油豆腐青椒,日式鸡肉炒油豆腐青椒,0,未修改
73642,橙香排骨,橙香排骨,0,未修改
73666,响油鳝丝,响油鳝丝,0,未修改
73696,家常口水鸡,家常口水鸡,0,未修改
73714,炒年糕片,炒年糕片,0,未修改
73718,番茄肉沫拌面🍅（百吃不厌的味道）,番茄肉沫拌面,1,删除括号说明；删除装饰符号
73732,红椒黑木耳炒大白菜,红椒黑木耳炒大白菜,0,未修改
73738,干煸五花肉炒花菜「耗油版」,干煸五花肉炒花菜「耗油版」,0,未修改
73774,家常红烧鸡爪,家常红烧鸡爪,0,未修改
73776,孜然狼牙土豆,孜然狼牙土豆,0,未修改
73828,快手美味——双豆腐烩文蛤（花蛤）,双豆腐烩文蛤,1,删除括号说明；删除营销定语
73834,裙带菜豆腐鸡蛋羹,裙带菜豆腐鸡蛋羹,0,未修改
73840,番茄土豆炖牛腩,番茄土豆炖牛腩,0,未修改
73856,家庭版大盘鸡,大盘鸡,1,删除场景定语
73858,凉拌茄子,凉拌茄子,0,未修改
73941,酸菜炖排骨,酸菜炖排骨,0,未修改
73972,家庭版黑椒牛柳炒意面,黑椒牛柳炒意面,1,删除场景定语
73989,家常版超级好吃的蒜苗炒鸡蛋！,蒜苗炒鸡蛋,1,删除场景定语；删除营销定语；删除宣传后句
74026,蒸鸡（青花椒蘸料）,蒸鸡,1,删除括号说明
74029,超嫩滑的【蟹柳奶酪滑蛋】奶香浓郁～,嫩滑的【蟹柳奶酪滑蛋】奶香浓郁,1,删除营销定语
74058,玉米豆腐杂粮炒饭，吃素是福😊,玉米豆腐杂粮炒饭,1,删除宣传后句
74062,五花肉炒四季豆 饭扫光,五花肉炒四季豆 饭扫光,0,未修改
74067,凉拌腐竹,凉拌腐竹,0,未修改
74083,葱油鸡【电饭煲版】要做这个圣诞最靓的鸡仔！,葱油鸡【电饭煲版】要做这个圣诞最靓的鸡仔,1,删除宣传后句
74100,一人食•简易海带汤,一人食•简易海带汤,0,未修改
74120,炖猪蹄,炖猪蹄,0,未修改
74159,蒜炒/清炒荷兰豆,蒜炒/清炒荷兰豆,0,未修改
74191,自制老北京炸酱面,老北京炸酱面,1,删除营销定语
74205,红烧茄子里脊肉,红烧茄子里脊肉,0,未修改
74217,鲫鱼豆腐菌菇汤,鲫鱼豆腐菌菇汤,0,未修改
74252,尖椒炒花肉,尖椒炒花肉,0,未修改
74292,番茄炖牛腩（北鼎珐琅铸铁锅版）,番茄炖牛腩,1,删除括号说明
74297,牛肉面,牛肉面,0,未修改
74312,海底捞大烩菜,海底捞大烩菜,0,未修改
74336,红烧牛肉面康师傅方便面干捞版 懒人速成菜 解冻加热即食,红烧牛肉面康师傅方便面干捞版 懒人速成菜 解冻加热即食,0,未修改
74376,不放一滴水--无水煮虾（内附小白都会的最简单的新鲜活虾做法）,不放一滴水--无水煮虾,1,删除括号说明
74403,南瓜木耳香菇汤,南瓜木耳香菇汤,0,未修改
74407,茶树菇乌鸡汤,茶树菇乌鸡汤,0,未修改
74421,鸡肉炖土豆,鸡肉炖土豆,0,未修改
74474,低脂清肠中式温沙拉~~芦笋炒虾仁,清肠中式温沙拉~~芦笋炒虾仁,1,删除营销定语
74509,懒人辣炒藕丁,辣炒藕丁,1,删除营销定语
74565,豉汁凉瓜炒牛肉,豉汁凉瓜炒牛肉,0,未修改
74608,西葫芦沙拉,西葫芦沙拉,0,未修改
74630,简单又营养的平底锅锡纸牛肉（懒人版）,又营养的平底锅锡纸牛肉,1,删除括号说明；删除营销定语
74637,干炸带鱼,干炸带鱼,0,未修改
74662,🍅酸甜番茄鱼汤（青鱼）,酸甜番茄鱼汤,1,删除括号说明；删除装饰符号
74663,高汤娃娃菜,高汤娃娃菜,0,未修改
74674,家常菜之啤酒焖鸡（比黄焖鸡好吃）,家常菜之啤酒焖鸡,1,删除括号说明
74698,土豆豆角炖排骨,土豆豆角炖排骨,0,未修改
74703,芹菜香干炒肉～家常菜,芹菜香干炒肉～家常菜,0,未修改
74738,韭菜炒扇贝肉,韭菜炒扇贝肉,0,未修改
74811,简易爆炒鱿鱼足,简易爆炒鱿鱼足,0,未修改
74825,清淡小菜～青菜豆腐汤,小菜～青菜豆腐汤,1,删除营销定语
74831,大盘鸡,大盘鸡,0,未修改
74840,超下饭的肉沫茄子,肉沫茄子,1,删除营销定语
74844,豆腐肉沫，一道零厨艺就能搞定的家常下饭菜,豆腐肉沫,1,删除宣传后句
74848,爱心糖醋排骨,爱心糖醋排骨,0,未修改
74864,川香回锅肉,川香回锅肉,0,未修改
74898,甘兰炒肉,甘兰炒肉,0,未修改
74920,土豆海带滋补汤,土豆海带滋补汤,0,未修改
74930,浓香番茄炒蛋（汤汁浓郁）,浓香番茄炒蛋,1,删除括号说明
74936,台湾卤肉饭,台湾卤肉饭,0,未修改
74938,红烧猪脚,红烧猪脚,0,未修改
74952,奥尔良——烤鸡翅（胜过KFC与必胜客）,奥尔良——烤鸡翅,1,删除括号说明
74987,酱汁茄子包肉,酱汁茄子包肉,0,未修改
74988,蒜茸粉丝蒸扇贝,蒜茸粉丝蒸扇贝,0,未修改
75028,洋葱炒鸡蛋,洋葱炒鸡蛋,0,未修改
75052,酿豆腐,酿豆腐,0,未修改
75074,凉拌腐竹,凉拌腐竹,0,未修改
75079,酸汤龙利鱼,酸汤龙利鱼,0,未修改
75087,豌豆角炒腊肉,豌豆角炒腊肉,0,未修改
75102,家常菜：土豆炖刀豆,土豆炖刀豆,1,删除分类前缀
75132,黄花鱼惹味蒸,黄花鱼惹味蒸,0,未修改
75136,清炒莴笋蒜蓉莴笋,清炒莴笋蒜蓉莴笋,0,未修改
75141,莲藕花生鸡汤,莲藕花生鸡汤,0,未修改
75167,菠萝饭,菠萝饭,0,未修改
75170,姥姥的苏波汤,姥姥的苏波汤,0,未修改
75175,什锦素炒米线,什锦素炒米线,0,未修改
75188,Q弹比肉香的虎皮鹌鹑蛋,Q弹比肉香的虎皮鹌鹑蛋,0,未修改
75220,家常红烧豆腐,家常红烧豆腐,0,未修改
75245,青蒜炒肉丝,青蒜炒肉丝,0,未修改
75297,懒人必备一锅出,必备一锅出,1,删除营销定语
75298,手撕鸡➕鸡汤,手撕鸡鸡汤,1,删除装饰符号
75323,【輕·食】花椰菜飯➕照燒比目魚,輕·食 花椰菜飯照燒比目魚,1,展开标题方括号；删除装饰符号
75328,菠萝古老肉,菠萝古老肉,0,未修改
75437,辣椒炒面粉,辣椒炒面粉,0,未修改
75440,金玉满堂,金玉满堂,0,未修改
75462,虾仁口蘑炒丝瓜（鲜美无比的快手菜）,虾仁口蘑炒丝瓜,1,删除括号说明
75490,新手必备鸡蛋炒蒜苗,新手必备鸡蛋炒蒜苗,0,未修改
75513,清炖萝卜牛腩,清炖萝卜牛腩,0,未修改
75562,杏鲍菇炒胡萝卜片,杏鲍菇炒胡萝卜片,0,未修改
75582,青椒腐竹炒腊肠,青椒腐竹炒腊肠,0,未修改
75597,脆皮烧肉炒青椒（家常快手小炒）,脆皮烧肉炒青椒,1,删除括号说明
75604,盖浇面,盖浇面,0,未修改
75640,家庭鸭肠炒饭,家庭鸭肠炒饭,0,未修改
75702,芥末沙拉虾球，做出星级料理感,芥末沙拉虾球,1,删除宣传后句
75709,健康版西红柿烧茄子（少油版不油炸）,版西红柿烧茄子,1,删除括号说明；删除营销定语
75712,白菜炒腐竹,白菜炒腐竹,0,未修改
75749,巨香的香椿炒鸡蛋,香的香椿炒鸡蛋,1,删除营销定语
75778,清炒胡萝卜,清炒胡萝卜,0,未修改
75784,家常炒玉米粒,家常炒玉米粒,0,未修改
75792,香菇土豆焖羊肉,香菇土豆焖羊肉,0,未修改
75796,素三丝——土豆茄子青椒,素三丝——土豆茄子青椒,0,未修改
75821,孜然洋葱炒土豆,孜然洋葱炒土豆,0,未修改
75826,快手灵魂素烧冬瓜,灵魂素烧冬瓜,1,删除营销定语
75839,莴笋炒香菇-可降脂降压、减肥的快手菜,莴笋炒香菇-可降脂降压、减肥的快手菜,0,未修改
75844,野山椒辣味鸡胗,野山椒辣味鸡胗,0,未修改
75858,茄汁脆巴沙鱼柳,茄汁脆巴沙鱼柳,0,未修改
75874,锡纸有机菜花,锡纸有机菜花,0,未修改
75902,芹菜木耳炒鸡蛋,芹菜木耳炒鸡蛋,0,未修改
75903,鸡爪明虾煲,鸡爪明虾煲,0,未修改
75906,辣椒炒肉,辣椒炒肉,0,未修改
75918,南北杏雪梨炖瘦肉,南北杏雪梨炖瘦肉,0,未修改
75921,罗汉粉蒸肉【大师的菜】,罗汉粉蒸肉【大师的菜】,0,未修改
75928,莴笋叶咸肉菜饭,莴笋叶咸肉菜饭,0,未修改
75944,蚝汁杏鲍菇,蚝汁杏鲍菇,0,未修改
75952,猪肉酸菜炖粉条,猪肉酸菜炖粉条,0,未修改
75969,补肾补腰的海马猪骨汤,补肾补腰的海马猪骨汤,0,未修改
75972,健康少油，干煸花菜,，干煸花菜,1,删除营销定语
75989,香嫩美味入口即化的红烧肉,香嫩美味入口即化的红烧肉,0,未修改
76007,小炒鸡腿肉,小炒鸡腿肉,0,未修改
76028,冬瓜肉丸汤（要点讲解）,冬瓜肉丸汤,1,删除括号说明
76076,汤氏老北京笃鲜茄（独咸茄）,汤氏老北京笃鲜茄,1,删除括号说明
76084,凉拌茄子,凉拌茄子,0,未修改
76101,泡萝卜豇豆炒猪皮粒,泡萝卜豇豆炒猪皮粒,0,未修改
76115,莲藕焖鸡,莲藕焖鸡,0,未修改
76130,苦瓜汤,苦瓜汤,0,未修改
76132,姜丝炒鸡腿,姜丝炒鸡腿,0,未修改
76151,小牛柳烩香芹,小牛柳烩香芹,0,未修改
76172,轻脂！健康！鲜虾藜麦沙拉+紫薯银耳羹+蟹味菇玉豆腐【北鼎双层蒸锅食谱】,轻脂,1,删除宣传后句
76198,好吃的蒜蓉西兰花的秘诀,蒜蓉西兰花的秘诀,1,删除营销定语
76214,火锅小料凉拌茄子,火锅小料凉拌茄子,0,未修改
76228,人工菌炒腊肉（平菇炒腊肉）,人工菌炒腊肉,1,删除括号说明
76241,蒜蓉粉丝娃娃菜,蒜蓉粉丝娃娃菜,0,未修改
76257,快炒黑木耳,快炒黑木耳,0,未修改
76287,青椒炒肉丝,青椒炒肉丝,0,未修改
76295,好吃到舔盘🥔土豆红烧肉盖饭,到舔盘土豆红烧肉盖饭,1,删除营销定语；删除装饰符号
76338,韭菜花甲炒竹笋,韭菜花甲炒竹笋,0,未修改
76344,🦐虾仁冬瓜汤,虾仁冬瓜汤,1,删除装饰符号
76373,真有一碗不含碳水的面⁉️杏鲍菇刀削面🍜,真有一碗不含碳水的面⁉️杏鲍菇刀削面,1,删除装饰符号
76375,紫苏焖鸡翅,紫苏焖鸡翅,0,未修改
76407,泰式肉沫豇豆,泰式肉沫豇豆,0,未修改
76440,辣子鸡,辣子鸡,0,未修改
76459,小炒五花肉（快手下饭家常菜）,小炒五花肉,1,删除括号说明
76467,清炒菠菜胡萝卜丝,清炒菠菜胡萝卜丝,0,未修改
76470,辣子肉丁,辣子肉丁,0,未修改
76504,家常红烧扁鱼,家常红烧扁鱼,0,未修改
76510,金针菇肥牛卷,金针菇肥牛卷,0,未修改
76523,不用油炸的“地三鲜”美味营养又健康,不用油炸的地三鲜美味营养又健康,1,未修改
76549,112 清炒花生芽,112 清炒花生芽,0,未修改
76556,快手菜：腊肉土豆片,腊肉土豆片,1,删除分类前缀
76601,火腿炒各种,火腿炒各种,0,未修改
76604,生酮炒面,生酮炒面,0,未修改
76611,醋香黄瓜炒肉,醋香黄瓜炒肉,0,未修改
76670,卤牛肉,卤牛肉,0,未修改
76688,【香辣肉丝】,香辣肉丝,1,展开标题方括号
76693,捆版手残党也可以）,捆版手残党也可以）,0,未修改
76698,青椒土豆丝,青椒土豆丝,0,未修改
76718,清蒸鲳鱼,清蒸鲳鱼,0,未修改
76821,【酸辣凤爪】一盆都不够吃,酸辣凤爪 一盆都不够吃,1,展开标题方括号
76847,生姜烧猪肉,生姜烧猪肉,0,未修改
76895,南瓜胡萝卜焖鸡,南瓜胡萝卜焖鸡,0,未修改
76898,🔥五分钟学会一道小炒菜——蒜香油麦菜(蚝油版)🔥,五分钟学会一道小炒菜——蒜香油麦菜,1,删除括号说明；删除装饰符号
76908,🥕胡萝卜卷饼,胡萝卜卷饼,1,删除装饰符号
76913,土豆丝窝蛋饼,土豆丝窝蛋饼,0,未修改
76917,汤红藕甜的排骨藕汤,汤红藕甜的排骨藕汤,0,未修改
76939,木耳芹菜炒鱼片,木耳芹菜炒鱼片,0,未修改
76950,芽菜炒双椒,芽菜炒双椒,0,未修改
76971,鲜嫩小白菜,鲜嫩小白菜,0,未修改
76989,干煸豇豆（少油版）,干煸豇豆,1,删除括号说明
76993,有汤又有肉🐔清炖鸡两吃,有汤又有肉清炖鸡两吃,1,删除装饰符号
77021,酸辣鸡杂,酸辣鸡杂,0,未修改
77047,大碗有机花菜,大碗有机花菜,0,未修改
77065,【下饭清爽不吸油】西红柿炒茄子,西红柿炒茄子,1,删除开头标签
77098,【留学生】玉米胡萝卜排骨汤,留学生 玉米胡萝卜排骨汤,1,展开标题方括号
77109,快手菜-青菜炒香菇,青菜炒香菇,1,删除分类前缀
77123,红烧带鱼,红烧带鱼,0,未修改
77128,鲜贝虾仁西葫芦,鲜贝虾仁西葫芦,0,未修改
77137,清炖牛腩,清炖牛腩,0,未修改
77140,一锅鲜,一锅鲜,0,未修改
77146,杂鱼干焖茄子,杂鱼干焖茄子,0,未修改
77155,包菜卷饭,包菜卷饭,0,未修改
77173,肉燥饭,肉燥饭,0,未修改
77181,芋儿烧鸡,芋儿烧鸡,0,未修改
77216,香鲜小白菜（排骨炖小白菜土豆）,香鲜小白菜,1,删除括号说明
77275,不觉得的苦的苦瓜菜,不觉得的苦的苦瓜菜,0,未修改
77283,炒杂蔬,炒杂蔬,0,未修改
77310,🧡芦笋炒虾仁🍤太太乐鲜鸡汁快手菜,芦笋炒虾仁太太乐鲜鸡汁快手菜,1,删除装饰符号
77318,桂花芽菜炒虾球（家里也能做出精美粤式小炒）,桂花芽菜炒虾球,1,删除括号说明
77367,尖椒肥肠,尖椒肥肠,0,未修改
77390,花菇炒肉,花菇炒肉,0,未修改
77416,没有金针菇的“酸汤肥牛”,没有金针菇的酸汤肥牛,1,未修改
77439,减脂系列▪️鸡胸肉这样吃▪️青笋木耳炒鸡胸肉片,系列▪️鸡胸肉这样吃▪️青笋木耳炒鸡胸肉片,1,删除营销定语
77440,辣椒圈苦瓜,辣椒圈苦瓜,0,未修改
77446,道文私房菜の番茄巴沙鱼,道文私房菜の番茄巴沙鱼,0,未修改
77449,烧烤味土豆片,烧烤味土豆片,0,未修改
77484,青瓜木耳炒鸡蛋,青瓜木耳炒鸡蛋,0,未修改
77486,番茄酸汤肥牛,番茄酸汤肥牛,0,未修改
77511,芹菜炒墨鱼（也叫乌贼）,芹菜炒墨鱼,1,删除括号说明
77547,东北豆角炖山药,东北豆角炖山药,0,未修改
77552,家常菜之宫保鸡丁,家常菜之宫保鸡丁,0,未修改
77575,干煸肥肠,干煸肥肠,0,未修改
77627,家常葱油饼,家常葱油饼,0,未修改
77648,简单的健康菜～苦瓜拌木耳,菜～苦瓜拌木耳,1,删除营销定语
77651,心心念的快手家常菜小白菜串丸子汤,心心念的快手家常菜小白菜串丸子汤,0,未修改
77668,不苦的苦瓜炒蛋,不苦的苦瓜炒蛋,0,未修改
77669,尖椒炒肉,尖椒炒肉,0,未修改
77680,炒豌豆,炒豌豆,0,未修改
77692,家庭版宫保鸡丁,宫保鸡丁,1,删除场景定语
77765,青蒜炒湘西腊肉,青蒜炒湘西腊肉,0,未修改
77768,台式三杯鸡,台式三杯鸡,0,未修改
77815,简单易做ing酸辣可口爱吃到停不下来的红三剁🔥🔥,易做ing酸辣可口爱吃到停不下来的红三剁,1,删除营销定语；删除装饰符号
77844,红烧卤肉(焖嫩豆腐),红烧卤肉,1,删除括号说明
77864,银耳排骨汤,银耳排骨汤,0,未修改
77874,素炒豆角丝,素炒豆角丝,0,未修改
77880,干烧豆腐,干烧豆腐,0,未修改
77896,销魂西红柿炖牛腩,销魂西红柿炖牛腩,0,未修改
77925,快手菜下饭一级棒的鲜菇鱼子豆腐羹,菜下饭一级棒的鲜菇鱼子豆腐羹,1,删除营销定语
77948,梅干菜烧红烧肉（配荷叶饼）全视频教程,梅干菜烧红烧肉全视频教程,1,删除括号说明
77956,瑶柱焖鱼翅瓜,瑶柱焖鱼翅瓜,0,未修改
77966,杀猪菜,杀猪菜,0,未修改
77969,洋葱炒猪肉,洋葱炒猪肉,0,未修改
77981,雪菜笋丝炒毛豆,雪菜笋丝炒毛豆,0,未修改
77986,番茄土豆牛尾汤,番茄土豆牛尾汤,0,未修改
77987,虾仁菜花,虾仁菜花,0,未修改
78001,豆角炒鸡蛋,豆角炒鸡蛋,0,未修改
78012,西葫芦酿肉,西葫芦酿肉,0,未修改
78029,红酒版「番茄炖牛腩」,红酒版「番茄炖牛腩」,0,未修改
78038,秋葵蘑菇炒牛肉（高蛋白减脂餐）,秋葵蘑菇炒牛肉,1,删除括号说明
78041,五花肉烧豆角,五花肉烧豆角,0,未修改
78068,鲜辣原味海鲜汤,鲜辣原味海鲜汤,0,未修改
78079,红烧龙头鱼,红烧龙头鱼,0,未修改
78093,豉蒜蒸南瓜,豉蒜蒸南瓜,0,未修改
78139,双笋炒蛋,双笋炒蛋,0,未修改
78149,手撕包菜,手撕包菜,0,未修改
78151,茄子红椒炒豆腐,茄子红椒炒豆腐,0,未修改
78164,超级鲜美什锦菌菇鸡汤,鲜美什锦菌菇鸡汤,1,删除营销定语
78169,干煸豆角,干煸豆角,0,未修改
78210,凉拌空心菜🌱🌱,凉拌空心菜,1,删除装饰符号
78211,简单版牛肉蒸鲜菇,版牛肉蒸鲜菇,1,删除营销定语
78258,虾滑紫菜鸡蛋汤,虾滑紫菜鸡蛋汤,0,未修改
78260,清蒸鲍鱼,清蒸鲍鱼,0,未修改
78289,酸豆角炒肉末,酸豆角炒肉末,0,未修改
78300,减肥版蒜蓉粉丝娃娃菜,减肥版蒜蓉粉丝娃娃菜,0,未修改
78335,家常水煮鱼,家常水煮鱼,0,未修改
78337,闽南米粉汤,闽南米粉汤,0,未修改
78346,快手营养菜 爆炒鸡肝,菜 爆炒鸡肝,1,删除营销定语
78387,新疆椒麻鸡的美味家常做法,新疆椒麻鸡的美味家常做法,0,未修改
78389,番茄炖排骨,番茄炖排骨,0,未修改
78398,家常小炒青瓜木耳炒肉,家常小炒青瓜木耳炒肉,0,未修改
78413,豉油皇大虾,豉油皇大虾,0,未修改
78427,蒸草菇塔,蒸草菇塔,0,未修改
78468,青椒炒土豆片,青椒炒土豆片,0,未修改
78490,虾仁蒸蛋,虾仁蒸蛋,0,未修改
78533,无敌下饭菜-洋葱炒蛋,无敌下饭菜-洋葱炒蛋,0,未修改
78582,蒸槐花,蒸槐花,0,未修改
78586,双椒炒鸡胗花,双椒炒鸡胗花,0,未修改
78599,尖椒鸡蛋,尖椒鸡蛋,0,未修改
78611,春菜“蕨菜（龙须菜）”炒四川腊肉,春菜蕨菜炒四川腊肉,1,删除括号说明
78617,清炒油菜,清炒油菜,0,未修改
78635,自制香喷喷的炸酱面,炸酱面,1,删除营销定语
78641,芽菜肉末炒饭,芽菜肉末炒饭,0,未修改
78729,非常下饭的青椒炒虾皮/鸡蛋,青椒炒虾皮/鸡蛋,1,删除营销定语
78743,减肥快手菜-芹菜炒木耳,减肥快手菜-芹菜炒木耳,0,未修改
78744,忆江南—菱角炒芦笋,忆江南—菱角炒芦笋,0,未修改
78752,低卡低脂美味西兰花菌菇炒虾仁,低卡低脂美味西兰花菌菇炒虾仁,0,未修改
78757,干煸芸豆,干煸芸豆,0,未修改
78764,蒜香羊肉炒红椒,蒜香羊肉炒红椒,0,未修改
78772,广式腊味煲仔饭,广式腊味煲仔饭,0,未修改
78778,我家外婆的肉丝炒榨菜……,我家外婆的肉丝炒榨菜……,0,未修改
78823,香辣藕丁,香辣藕丁,0,未修改
78841,青椒土豆片炒肉,青椒土豆片炒肉,0,未修改
78857,豆瓣番薯叶,豆瓣番薯叶,0,未修改
78874,健康无油水炒空心菜豆腐,水炒空心菜豆腐,1,删除营销定语
78888,地道意大利菜：凤尾鱼西兰花意粉,地道意大利菜：凤尾鱼西兰花意粉,0,未修改
78891,快手土豆炒牛肉,土豆炒牛肉,1,删除营销定语
78934,炒鸡下饭的酸辣鱼片汤,炒鸡下饭的酸辣鱼片汤,0,未修改
78937,超简单的家常鱼香肉丝,家常鱼香肉丝,1,删除营销定语
78950,海蚌萝卜汤,海蚌萝卜汤,0,未修改
78962,潮汕家常鳗鱼煲,潮汕家常鳗鱼煲,0,未修改
78966,炒小鱼干🐟 拌饭吃也太棒了吧！🌟✨✨✨,炒小鱼干 拌饭吃也太棒了吧,1,删除宣传后句；删除装饰符号
78970,正宗四川酸菜水煮鱼,正宗四川酸菜水煮鱼,0,未修改
79096,香嫩滑的电磁炉蒸鸡腿,香嫩滑的电磁炉蒸鸡腿,0,未修改
79103,南瓜荞麦米初春色拉,南瓜荞麦米初春色拉,0,未修改
79134,清蒸凉拌金针菇,清蒸凉拌金针菇,0,未修改
79179,响油鳝丝,响油鳝丝,0,未修改
79229,蒜蓉粉丝蒸虾,蒜蓉粉丝蒸虾,0,未修改
79236,铸铁锅之玉米胡萝卜排骨汤,铸铁锅之玉米胡萝卜排骨汤,0,未修改
79237,辣椒炒臭干,辣椒炒臭干,0,未修改
79247,零失误-蒜蓉生蚝（蒸）,零失误-蒜蓉生蚝,1,删除括号说明
79271,清炒莲藕片,清炒莲藕片,0,未修改
79272,西红柿炖牛肉,西红柿炖牛肉,0,未修改
79291,用北鼎珐琅铸铁锅做出超好吃的葱油鸡🐤,用北鼎珐琅铸铁锅做出超好吃的葱油鸡,1,删除装饰符号
79299,龙虾脑蒸蛋,龙虾脑蒸蛋,0,未修改
79301,低脂茄汁凤梨虾仁（减脂餐第3道）鲜虾的第1种花样做法,茄汁凤梨虾仁鲜虾的第1种花样做法,1,删除括号说明；删除营销定语
79317,芥兰牛肉粿条（炒牛河）,芥兰牛肉粿条,1,删除括号说明
79332,肉丝炒蒜苔,肉丝炒蒜苔,0,未修改
79351,牛奶南瓜粥,牛奶南瓜粥,0,未修改
79416,重庆麻辣鲜香烧鸡公煲,重庆麻辣鲜香烧鸡公煲,0,未修改
79426,国民下饭神菜~鱼香肉丝,国民下饭神菜~鱼香肉丝,0,未修改
79447,尖椒虎皮蛋,尖椒虎皮蛋,0,未修改
79468,青菜炒鸡蛋,青菜炒鸡蛋,0,未修改
79472,简单易做炒豆腐💗,易做炒豆腐,1,删除营销定语；删除装饰符号
79490,酱烧鸡翅,酱烧鸡翅,0,未修改
79502,蒸芹菜叶,蒸芹菜叶,0,未修改
79504,正宗韩式参鸡汤,正宗韩式参鸡汤,0,未修改
79506,『家庭版炒合菜』,『家庭版炒合菜』,0,未修改
79533,海米白菜,海米白菜,0,未修改
79535,家常花菜炒鸡胸肉,家常花菜炒鸡胸肉,0,未修改
79585,简单几步在家吃【三汁焖锅】,几步在家吃【三汁焖锅】,1,删除营销定语
79641,鲫鱼豆腐汤,鲫鱼豆腐汤,0,未修改
79671,西红柿青椒木耳炒鸡蛋,西红柿青椒木耳炒鸡蛋,0,未修改
79679,绿豆芽炒年糕,绿豆芽炒年糕,0,未修改
79681,胡萝卜炖羊排,胡萝卜炖羊排,0,未修改
79690,西兰花炒鲜虾仁,西兰花炒鲜虾仁,0,未修改
79696,家常土豆炖芸豆,家常土豆炖芸豆,0,未修改
79710,Q版-蒸三色蛋,Q版-蒸三色蛋,0,未修改
79712,隔壁小区的小孩都馋哭了的炒鸡,隔壁小区的小孩都馋哭了的炒鸡,0,未修改
79724,腊八粥,腊八粥,0,未修改
79733,韭菜炒粉丝,韭菜炒粉丝,0,未修改
79797,香肠娃娃菜炒年糕,香肠娃娃菜炒年糕,0,未修改
79803,【太阳谷童子鸡】快手彩蔬童子鸡煲汤,太阳谷童子鸡 快手彩蔬童子鸡煲汤,1,展开标题方括号
79819,家常土豆焖鸡,家常土豆焖鸡,0,未修改
79829,杨树毛毛虫炒肉末,杨树毛毛虫炒肉末,0,未修改
79831,钢锅蒸玉米的技巧,钢锅蒸玉米的技巧,0,未修改
79836,香煎巴沙鱼（龙利鱼）,香煎巴沙鱼,1,删除括号说明
79859,少油健康版鱼香茄条（约150大卡）,版鱼香茄条,1,删除括号说明；删除营销定语
79881,老丁的私房菜-番茄牛腩煲,老丁的私房菜-番茄牛腩煲,0,未修改
79883,香辣下饭的金针菇炒花蛤,香辣下饭的金针菇炒花蛤,0,未修改
79926,家常凉拌菜,家常凉拌菜,0,未修改
79944,番茄鸡胸小肉丸,番茄鸡胸小肉丸,0,未修改
80003,拔丝芋头,拔丝芋头,0,未修改
80036,简单又健康的素炒三丝,又健康的素炒三丝,1,删除营销定语
80062,糖醋里脊,糖醋里脊,0,未修改
80100,洋葱炒辣椒,洋葱炒辣椒,0,未修改
80121,夏季素菜•苦瓜炒鸡蛋,夏季素菜•苦瓜炒鸡蛋,0,未修改
80128,泡椒鸡胗,泡椒鸡胗,0,未修改
80158,大虾南瓜盅,大虾南瓜盅,0,未修改
80188,五彩鸡蛋干,五彩鸡蛋干,0,未修改
80228,家常烧黄骨鱼,家常烧黄骨鱼,0,未修改
80242,清淡养生的蒜蓉粉丝娃娃菜,养生的蒜蓉粉丝娃娃菜,1,删除营销定语
80298,清蒸鲍鱼,清蒸鲍鱼,0,未修改
80344,红烧毛豆腐,红烧毛豆腐,0,未修改
80411,营养炖鸭,炖鸭,1,删除营销定语
80422,沙茶烧鸡,沙茶烧鸡,0,未修改
80424,紫水晶茄子,紫水晶茄子,0,未修改
80435,虾皮蒜炒南瓜藤,虾皮蒜炒南瓜藤,0,未修改
80442,清炒茼蒿,清炒茼蒿,0,未修改
80445,改良酸菜烧肉炖粉条,改良酸菜烧肉炖粉条,0,未修改
80452,连吃三碗饭的麻辣香锅,连吃三碗饭的麻辣香锅,0,未修改
80518,笋干火腿鸡头米鸭汤,笋干火腿鸡头米鸭汤,0,未修改
80525,鲜鲜Q弹的蚕豆炒虾仁,鲜鲜Q弹的蚕豆炒虾仁,0,未修改
80528,培根炒甜瓜皮,培根炒甜瓜皮,0,未修改
80538,清蒸鳜鱼·清蒸桂鱼？,清蒸鳜鱼·清蒸桂鱼？,0,未修改
80548,【招待朋友的主菜】超好做的土豆粉皮鸡,招待朋友的主菜 超好做的土豆粉皮鸡,1,展开标题方括号
80558,蚝油圆白菜,蚝油圆白菜,0,未修改
80583,洋葱木耳鸡蛋炒肉,洋葱木耳鸡蛋炒肉,0,未修改
80597,小南瓜炒番茄,小南瓜炒番茄,0,未修改
80636,东北鸡蛋尖椒焖子（无油烟）,东北鸡蛋尖椒焖子,1,删除括号说明
80639,人参酒炖鸡,人参酒炖鸡,0,未修改
80670,墨西哥或辣鸡肉卷,墨西哥或辣鸡肉卷,0,未修改
80698,红烧鹌鹑蛋,红烧鹌鹑蛋,0,未修改
80722,家常小炒牛肉🐂,家常小炒牛肉,1,删除装饰符号
80724,㊙️巨好吃的干煸手撕包菜～酸辣开胃又下饭,㊙️巨好吃的干煸手撕包菜～酸辣开胃又下饭,0,未修改
80731,秘制软糯红烧鸡爪,软糯红烧鸡爪,1,删除营销定语
80749,家常干烧黄花鱼,家常干烧黄花鱼,0,未修改
80775,节瓜眉豆煲章鱼汤,节瓜眉豆煲章鱼汤,0,未修改
80835,矜宸•响油鳝糊,矜宸•响油鳝糊,0,未修改
80907,金华火腿改良版腌笃鲜,金华火腿改良版腌笃鲜,0,未修改
80966,彩椒炒腊肉土豆片,彩椒炒腊肉土豆片,0,未修改
80980,超好吃的娃娃菜,娃娃菜,1,删除营销定语
81003,香辣虾,香辣虾,0,未修改
81005,素炒三丝（胡萝卜、豆干、辣椒）,素炒三丝,1,删除括号说明
81035,香辣鸡翅,香辣鸡翅,0,未修改
81065,不腥的青椒炒猪肝,不腥的青椒炒猪肝,0,未修改
81120,韭黄炒蛤蜊肉,韭黄炒蛤蜊肉,0,未修改
81121,炒羊肚,炒羊肚,0,未修改
81133,自由版辣椒花椒炒鸡（三黄鸡）——先生点名要吃的下酒下饭菜,自由版辣椒花椒炒鸡——先生点名要吃的下酒下饭菜,1,删除括号说明
81163,超有营养的豆角炖肉,有营养的豆角炖肉,1,删除营销定语
81166,西红柿炖牛腩,西红柿炖牛腩,0,未修改
81187,香干肉丝，家常菜,香干肉丝,1,删除宣传后句
81197,炸肉丸子,炸肉丸子,0,未修改
81221,减脂❗️黑椒鸡蛋小白菜,️黑椒鸡蛋小白菜,1,删除营销定语；删除装饰符号
81230,红三剁,红三剁,0,未修改
81274,蒜香面：喜欢蒜香味看过来，零基础蒜片拌面,蒜香面：喜欢蒜香味看过来,1,删除宣传后句
81299,西红柿蛋花汤,西红柿蛋花汤,0,未修改
81306,黄金蛋炒饭,黄金蛋炒饭,0,未修改
81309,潮汕特色炒饭,潮汕特色炒饭,0,未修改
81314,蒜蓉粉丝生蚝,蒜蓉粉丝生蚝,0,未修改
81316,简单快手下饭菜--香菇滑鸡,菜--香菇滑鸡,1,删除营销定语
81334,肉末蒸豆腐,肉末蒸豆腐,0,未修改
81341,茄汁鲅鱼,茄汁鲅鱼,0,未修改
81366,红烧羊排,红烧羊排,0,未修改
81368,不加味精的鲜美酸汤肥牛,不加味精的鲜美酸汤肥牛,0,未修改
81407,香喷喷黄焖鸡（秘制）,黄焖鸡,1,删除括号说明；删除营销定语
81456,番茄🍅炒青梗菜花花,番茄炒青梗菜花花,1,删除装饰符号
81462,清炒菠菜,清炒菠菜,0,未修改
81464,泡椒鸭胗,泡椒鸭胗,0,未修改
81469,烤翅,烤翅,0,未修改
81480,（小豆宝的一人食减肥餐）红烧米豆腐,红烧米豆腐,1,删除括号说明
81487,鸟巢煎蛋（太阳蛋）,鸟巢煎蛋,1,删除括号说明
81490,新鲜竹荪冬笋煲鸡腿汤,新鲜竹荪冬笋煲鸡腿汤,0,未修改
81497,减脂增肌——蘑菇西兰花金枪鱼意大利面（通心粉）,增肌——蘑菇西兰花金枪鱼意大利面,1,删除括号说明；删除营销定语
81545,肉末粉丝,肉末粉丝,0,未修改
81569,秘制红烧肉,红烧肉,1,删除营销定语
81579,家常鲫鱼,家常鲫鱼,0,未修改
81608,家常虎皮尖椒,家常虎皮尖椒,0,未修改
81613,腰果西芹炒虾仁,腰果西芹炒虾仁,0,未修改
81621,凉拌番茄,凉拌番茄,0,未修改
81651,黄豆瓣炖肉,黄豆瓣炖肉,0,未修改
81659,停不住嘴的日式青椒肉丝,停不住嘴的日式青椒肉丝,0,未修改
81676,下饭菜五花肉白菜炖粉条,菜五花肉白菜炖粉条,1,删除营销定语
81690,豆腐炒肉,豆腐炒肉,0,未修改
81693,海米石花菜冻,海米石花菜冻,0,未修改
81715,家常平菇炒油菜,家常平菇炒油菜,0,未修改
81716,芹菜干丝,芹菜干丝,0,未修改
81721,小美版香菇腐竹,小美版香菇腐竹,0,未修改
81722,麻辣鸭血@辣炒鸭血→家庭版,麻辣鸭血@辣炒鸭血→家庭版,0,未修改
81739,日式照烧牛肉,日式照烧牛肉,0,未修改
81793,香浓可口的鸡蛋豆腐干,香浓可口的鸡蛋豆腐干,0,未修改
81795,油渣炒莴苣,油渣炒莴苣,0,未修改
81807,为你做1000道菜—                     豌豆玉米胡萝卜牛肉粒,为你做1000道菜— 豌豆玉米胡萝卜牛肉粒,1,未修改
81837,皮蛋擂辣椒🌶️很丑很凶残但很好吃的一盘下饭菜,皮蛋擂辣椒️很丑很凶残但很好吃的一盘下饭菜,1,删除装饰符号
81840,无所谓版本腌酸豆角,无所谓版本腌酸豆角,0,未修改
81863,香辣红烧豆腐,香辣红烧豆腐,0,未修改
81880,醋溜白菜（简单易做，特别爽口开胃下饭）,醋溜白菜,1,删除括号说明
81918,番茄巴沙鱼虾仁海鲜菇汤。,番茄巴沙鱼虾仁海鲜菇汤,1,删除宣传后句
81950,萝卜玉米排骨汤,萝卜玉米排骨汤,0,未修改
81964,【小森妈妈菜谱】灵芝虫草花炖水鸭,小森妈妈菜谱 灵芝虫草花炖水鸭,1,展开标题方括号
81981,20分钟搞定清蒸桂鱼,20分钟搞定清蒸桂鱼,0,未修改
82018,青椒炒猪肚,青椒炒猪肚,0,未修改
82048,福建炒白粿（就是年糕就是糯米糍粑各种叫法）,福建炒白粿,1,删除括号说明
82049,双丝萝卜丸子,双丝萝卜丸子,0,未修改
82110,包菜粉丝炒鸡蛋-超快手又好吃😋,包菜粉丝炒鸡蛋-超快手又好吃,1,删除装饰符号
82111,卤猪头皮/凉拌,卤猪头皮/凉拌,0,未修改
82136,金鲳鱼干焖莴笋,金鲳鱼干焖莴笋,0,未修改
82152,蒸生蚝,蒸生蚝,0,未修改
82162,泡椒竹笋梅子肉,泡椒竹笋梅子肉,0,未修改
82165,家常版干烧剥皮鱼,干烧剥皮鱼,1,删除场景定语
82197,彼得海鲜—胶东地道之鸡蛤情未了[鸡焖蛤],彼得海鲜—胶东地道之鸡蛤情未了[鸡焖蛤],0,未修改
82244,梭子蟹炖蛋（快手菜）,梭子蟹炖蛋,1,删除括号说明
82245,好看又好吃的甜米酒扣金瓜（南瓜）,好看又好吃的甜米酒扣金瓜,1,删除括号说明
82252,补血养颜滋补汤-党参乌鸡汤,补血养颜滋补汤-党参乌鸡汤,0,未修改
82272,“一锅上菜”•蒸汽小海鲜&海鲜粥,一锅上菜•蒸汽小海鲜&海鲜粥,1,未修改
82345,蒜蓉炒空心菜,蒜蓉炒空心菜,0,未修改
82363,蒜末蒸茄子,蒜末蒸茄子,0,未修改
82395,【孕妇食谱】胡萝卜腊肉炒茭白，颜值控都喜欢，营养全面又健康！,胡萝卜腊肉炒茭白,1,删除开头标签；删除宣传后句
82398,地道潮汕菜——炒薄壳,地道潮汕菜——炒薄壳,0,未修改
82405,甘蓝炒粉丝,甘蓝炒粉丝,0,未修改
82419,快手菜：青椒炒鸡蛋🥚,青椒炒鸡蛋,1,删除分类前缀；删除装饰符号
82420,玉米菜团子（萝卜馅）,玉米菜团子,1,删除括号说明
82449,斗白苗炒鸡蛋,斗白苗炒鸡蛋,0,未修改
82451,超简单做的：青椒豆腐炒五花肉,做的：青椒豆腐炒五花肉,1,删除营销定语
82453,超下饭家常菜～外酥里嫩巨好吃的脆皮豆腐❗️,家常菜～外酥里嫩巨好吃的脆皮豆腐️,1,删除营销定语；删除装饰符号
82459,孜然土豆,孜然土豆,0,未修改
82488,红烧冬瓜,红烧冬瓜,0,未修改
82512,菌菇鸡蛋汤超鲜,菌菇鸡蛋汤超鲜,0,未修改
82516,❗️10分钟轻松搞定低脂暖胃又不胖的虾仁三鲜菌菇汤❗️ 汤浓鲜美无敌好喝❗️,️10分钟轻松搞定低脂暖胃又不胖的虾仁三鲜菌菇汤️ 汤浓鲜美无敌好喝️,1,删除装饰符号
82545,鸡蛋炒三丁,鸡蛋炒三丁,0,未修改
82554,炒腰花,炒腰花,0,未修改
82558,酱香黄瓜炒肉,酱香黄瓜炒肉,0,未修改
82582,菜花炒肉,菜花炒肉,0,未修改
82585,爆炒酸豇豆🤗,爆炒酸豇豆,1,删除装饰符号
82587,传统水煮肉片,传统水煮肉片,0,未修改
82612,虾仁鲜肉玉米馄饨,虾仁鲜肉玉米馄饨,0,未修改
82625,炸荠菜素丸子,炸荠菜素丸子,0,未修改
82632,酸辣爽口：凉拌木耳,酸辣爽口：凉拌木耳,0,未修改
82660,炒金针菇,炒金针菇,0,未修改
82708,老妈秘制电饭煲梅干菜烧肉,老妈秘制电饭煲梅干菜烧肉,0,未修改
82718,莴笋木耳瘦肉炒,莴笋木耳瘦肉炒,0,未修改
82762,泡菜金针菇炒肉,泡菜金针菇炒肉,0,未修改
82766,爆炒河虾,爆炒河虾,0,未修改
82789,超懒人0失手版蒸排骨豆腐,0失手版蒸排骨豆腐,1,删除营销定语
82807,香菇玉米排骨汤，家常菜只因用了汽锅味道更好！,香菇玉米排骨汤,1,删除宣传后句
82834,蚕豆炒韭菜,蚕豆炒韭菜,0,未修改
82838,卤面条,卤面条,0,未修改
82849,茄汁莲藕,茄汁莲藕,0,未修改
82862,盐焗虾,盐焗虾,0,未修改
82878,木耳香菇焖鸡,木耳香菇焖鸡,0,未修改
82882,鸡肉这么做狂吃几碗米饭㊙️沙姜九层叶鸡煲,鸡肉这么做狂吃几碗米饭㊙️沙姜九层叶鸡煲,0,未修改
82938,炒腌菜——白粥伴侣(๑>؂<๑）,炒腌菜——白粥伴侣(๑>؂<๑）,0,未修改
82942,三鲜笋炸鹌鹑,三鲜笋炸鹌鹑,0,未修改
82962,五花肉豆豉炒芥菜,五花肉豆豉炒芥菜,0,未修改
82983,极下饭的豆豉蒸小鱼,极下饭的豆豉蒸小鱼,0,未修改
83006,素鸡红烧肉（家常下饭菜，肉卤可以拌饭）,素鸡红烧肉,1,删除括号说明
83025,【炒鸡简单】青椒土豆丝,炒鸡简单 青椒土豆丝,1,展开标题方括号
83029,冬瓜炖粉条,冬瓜炖粉条,0,未修改
83060,下饭八宝丁,八宝丁,1,删除营销定语
83061,番茄白菜,番茄白菜,0,未修改
83097,培根手撕包菜,培根手撕包菜,0,未修改
83108,简单易学的西红柿炒鸡蛋,西红柿炒鸡蛋,1,删除营销定语
83150,清炒玉米粒,清炒玉米粒,0,未修改
83160,葱爆牛肉,葱爆牛肉,0,未修改
83186,红烧肉焖冬笋,红烧肉焖冬笋,0,未修改
83204,肉片炒菜心,肉片炒菜心,0,未修改
83223,苦瓜炒蛋,苦瓜炒蛋,0,未修改
83230,有机花菜炒鸡蛋,有机花菜炒鸡蛋,0,未修改
83237,干贝肥牛粥,干贝肥牛粥,0,未修改
83238,酸辣汤,酸辣汤,0,未修改
83262,红烧啤酒虾,红烧啤酒虾,0,未修改
83294,快手奶油南瓜海鲜汤,奶油南瓜海鲜汤,1,删除营销定语
83330,蒸鱼豉油（简单快捷）,蒸鱼豉油,1,删除括号说明
83342,私房凉拌鲫鱼,私房凉拌鲫鱼,0,未修改
83384,洋葱土豆炒肉,洋葱土豆炒肉,0,未修改
83437,快手下饭菜尖椒炒牛肉,菜尖椒炒牛肉,1,删除营销定语
83440,只要2元‼️这道菜比肉还要好吃！五分钟搞定！,只要2元‼️这道菜比肉还要好吃,1,删除宣传后句
83454,红烧鸡爪,红烧鸡爪,0,未修改
83474,家常红烧肉,家常红烧肉,0,未修改
83490,南瓜/红薯/土豆粉蒸排骨,南瓜/红薯/土豆粉蒸排骨,0,未修改
83526,海带豆腐汤,海带豆腐汤,0,未修改
83534,超下饭超快手的干锅千页豆腐,干锅千页豆腐,1,删除营销定语
83583,广东汤谱之消暑去水肿  瑶柱瘦肉冬瓜汤,广东汤谱之消暑去水肿 瑶柱瘦肉冬瓜汤,1,未修改
83607,肉片烧茄子,肉片烧茄子,0,未修改
83645,熬猪油后的残渣利用家常菜--油渣炒萝卜丝,熬猪油后的残渣利用家常菜--油渣炒萝卜丝,0,未修改
83660,红酒煮牛肉,红酒煮牛肉,0,未修改
83669,野山椒爆炒牛肉｜健康•三餐,野山椒爆炒牛肉｜健康•三餐,0,未修改
83692,小白菜腐竹,小白菜腐竹,0,未修改
83697,夏日清新小炒·芒果炒虾仁·玛捷斯,夏日清新小炒·芒果炒虾仁·玛捷斯,0,未修改
83715,莲藕炖鸡汤,莲藕炖鸡汤,0,未修改
83725,溏心酱鸡蛋,溏心酱鸡蛋,0,未修改
83758,家庭版小炒茶树菇,小炒茶树菇,1,删除场景定语
83759,清炒芦笋,清炒芦笋,0,未修改
83867,啤酒田鸡,啤酒田鸡,0,未修改
83898,香菇滑肉片,香菇滑肉片,0,未修改
83912,水汆肉丸子,水汆肉丸子,0,未修改
83948,清炒泥蒿,清炒泥蒿,0,未修改
83981,醋溜土豆丝,醋溜土豆丝,0,未修改
84045,笋干炒五花肉,笋干炒五花肉,0,未修改
84046,麻婆豆腐,麻婆豆腐,0,未修改
84070,莴笋胡萝卜炒牛肉,莴笋胡萝卜炒牛肉,0,未修改
84082,上桌就抢光的虾仁蒸蛋🍤好吃到尖叫！,上桌就抢光的虾仁蒸蛋好吃到尖叫,1,删除宣传后句；删除装饰符号
84084,牛肉酱榨菜蒸豆腐金针菇,牛肉酱榨菜蒸豆腐金针菇,0,未修改
84105,小炒黄牛肉,小炒黄牛肉,0,未修改
84111,酱油鸡翅,酱油鸡翅,0,未修改
84117,入口即化的鸡爪明虾煲超下饭,入口即化的鸡爪明虾煲超下饭,0,未修改
84121,红烧素鸡,红烧素鸡,0,未修改
84152,干豆角烧鸡肉,干豆角烧鸡肉,0,未修改
84154,私房红烧肉,私房红烧肉,0,未修改
84161,烤箱脆皮酱油鸡腿,烤箱脆皮酱油鸡腿,0,未修改
84162,双椒鸡,双椒鸡,0,未修改
84164,超级下饭的辣椒炒肉（加豆干）,辣椒炒肉,1,删除括号说明；删除营销定语
84165,苦瓜酸炒牛肉,苦瓜酸炒牛肉,0,未修改
84169,客家酿豆腐,客家酿豆腐,0,未修改
84179,红烧巴拉鱼,红烧巴拉鱼,0,未修改
84186,酵素豆腐炒绿豆芽,酵素豆腐炒绿豆芽,0,未修改
84245,清炒小南瓜,清炒小南瓜,0,未修改
84260,珐琅锅排骨炖豆角,珐琅锅排骨炖豆角,0,未修改
84306,虾皮锅塌豆腐 （鲁菜）,虾皮锅塌豆腐,1,删除括号说明
84321,懒人版：番茄炖牛腩,版：番茄炖牛腩,1,删除营销定语
84332,懒人黄焖鸡米饭,黄焖鸡米饭,1,删除营销定语
84370,三丝糖醋白菜,三丝糖醋白菜,0,未修改
84411,海蛏羹,海蛏羹,0,未修改
84415,自发黄豆芽炒肉皮,自发黄豆芽炒肉皮,0,未修改
84440,鸡胸肉炒杏鲍菇（无淀粉）,鸡胸肉炒杏鲍菇,1,删除括号说明
84464,五花肉炒酸菜,五花肉炒酸菜,0,未修改
84479,米饭杀手三——鱼香鸡（肉）丝,米饭杀手三——鱼香鸡丝,1,删除括号说明
84481,干锅菜花,干锅菜花,0,未修改
84492,榄角烧鲮鱼_姜辣川香版,榄角烧鲮鱼_姜辣川香版,0,未修改
84499,蒜苔胡萝卜洋葱炒肉,蒜苔胡萝卜洋葱炒肉,0,未修改
84540,大白菜焖鱼头汤,大白菜焖鱼头汤,0,未修改
84542,【汐汐家常菜】鲜美入味·杭椒滑牛柳,鲜美入味·杭椒滑牛柳,1,删除开头标签
84565,妈妈减肥版蒜蓉蒸丝瓜,妈妈减肥版蒜蓉蒸丝瓜,0,未修改
84571,韭黄炒鸭蛋,韭黄炒鸭蛋,0,未修改
84577,蒸酿豆腐,蒸酿豆腐,0,未修改
84593,冰纹茶叶蛋,冰纹茶叶蛋,0,未修改
84601,东北名菜锅包肉,东北名菜锅包肉,0,未修改
84618,速成蚝油香肠西兰花 次次光盘,速成蚝油香肠西兰花 次次光盘,0,未修改
84623,菜花炒肉,菜花炒肉,0,未修改
84634,酱香烩豆腐,酱香烩豆腐,0,未修改
84646,椒盐皮皮虾,椒盐皮皮虾,0,未修改
84658,《凉拌木耳黄瓜》超级下饭的凉菜，调料都可以拌饭吃的那种,凉拌木耳黄瓜超级下饭的凉菜,1,删除宣传后句
84695,西瓜皮炒毛豆火腿肠,西瓜皮炒毛豆火腿肠,0,未修改
84696,超滑嫩的腊八蒜炒肝,滑嫩的腊八蒜炒肝,1,删除营销定语
84757,败败火--苦瓜虾仁酿肉,败败火--苦瓜虾仁酿肉,0,未修改
84770,清爽弹牙不长肉，超简单罗勒风味虾仁炒甜豆,清爽弹牙不长肉,1,删除宣传后句
84803,过桥排骨,过桥排骨,0,未修改
84845,爽口的丝瓜毛豆炒面筋,爽口的丝瓜毛豆炒面筋,0,未修改
84916,冰镇超好吃：（韩式）拌杂菜,冰镇超好吃：拌杂菜,1,删除括号说明
84937,蚝油香菇青菜,蚝油香菇青菜,0,未修改
84950,爆炒😄通心菜,爆炒通心菜,1,删除装饰符号
84959,下饭菜-青椒炒猪心爆炒猪心,青椒炒猪心爆炒猪心,1,删除分类前缀
84970,蒜末红薯叶,蒜末红薯叶,0,未修改
84971,爆炒鸭珍,爆炒鸭珍,0,未修改
84985,秋瓜烙,秋瓜烙,0,未修改
85022,57 青椒炒肉片,57 青椒炒肉片,0,未修改
85093,鸡蛋炒饼,鸡蛋炒饼,0,未修改
85094,辣炒黄豆芽（伊莱特炒菜机器人）,辣炒黄豆芽,1,删除括号说明
85113,快手溜肥肠,溜肥肠,1,删除营销定语
85118,肉沫冬瓜汤,肉沫冬瓜汤,0,未修改
85148,青椒炒鸡蛋🍳,青椒炒鸡蛋,1,删除装饰符号
85150,香菇糯米饭，饭菜一锅端,香菇糯米饭,1,删除宣传后句
85198,胡萝卜芹菜炒肉丝,胡萝卜芹菜炒肉丝,0,未修改
85233,快手菜：虎皮尖椒,虎皮尖椒,1,删除分类前缀
85236,萝卜汤底,萝卜汤底,0,未修改
85255,素食·芹菜炒杏鲍菇胡萝卜,素食·芹菜炒杏鲍菇胡萝卜,0,未修改
85266,一鸡两吃☞藤椒椒麻鸡&枸杞鸡汤,一鸡两吃藤椒椒麻鸡&枸杞鸡汤,1,删除装饰符号
85276,红烧冬瓜块,红烧冬瓜块,0,未修改
85283,海带排骨汤,海带排骨汤,0,未修改
85313,冰糖红烧肉,冰糖红烧肉,0,未修改
85338,盐水鸭,盐水鸭,0,未修改
85339,柠檬鸭,柠檬鸭,0,未修改
85345,羊肚菌虫草花筒骨汤,羊肚菌虫草花筒骨汤,0,未修改
85347,番茄丝瓜炒鸡蛋,番茄丝瓜炒鸡蛋,0,未修改
85426,炒鸡,炒鸡,0,未修改
85445,青椒油豆腐,青椒油豆腐,0,未修改
85458,西兰花腰果宫保豆腐,西兰花腰果宫保豆腐,0,未修改
85479,麻辣爽口的冷吃杏鲍菇,麻辣爽口的冷吃杏鲍菇,0,未修改
85491,小米椒菜头炒肉片,小米椒菜头炒肉片,0,未修改
85542,江西炒粉/肉丝炒粉,江西炒粉/肉丝炒粉,0,未修改
85596,家常盐水虾,家常盐水虾,0,未修改
85633,肉沫油焖菠菜,肉沫油焖菠菜,0,未修改
85636,肉沫茄子,肉沫茄子,0,未修改
85641,✅ 第6道快手低脂菜✨清爽美味的柠檬鸡丝🍋鸡胸肉满分吃法💯,第6道快手低脂菜清爽美味的柠檬鸡丝鸡胸肉满分吃法,1,删除装饰符号
85670,豆豉紫苏焖鸭,豆豉紫苏焖鸭,0,未修改
85700,凉拌豆腐,凉拌豆腐,0,未修改
85778,酸辣土豆丝炒肉,酸辣土豆丝炒肉,0,未修改
85793,烩面（家常版）,烩面,1,删除括号说明
85815,【超嫩滑鸡蛋羹】做法简单，宝宝爱吃哟,嫩滑鸡蛋羹,1,展开标题方括号；删除营销定语；删除说明性后缀
85827,番茄巴沙鱼,番茄巴沙鱼,0,未修改
85846,蒜蓉粉丝金针菇,蒜蓉粉丝金针菇,0,未修改
85857,家常焖油豆腐 | 最家常的下饭美味,家常焖油豆腐 | 最家常的下饭美味,0,未修改
85877,杭椒小炒肉,杭椒小炒肉,0,未修改
85883,红烧金雕鱼,红烧金雕鱼,0,未修改
85902,芹菜炒鱿鱼（无油烟）,芹菜炒鱿鱼,1,删除括号说明
85907,麻辣过瘾的干煸豆角,麻辣过瘾的干煸豆角,0,未修改
85909,鸡块炖土豆,鸡块炖土豆,0,未修改
85921,土豆炖鸡块,土豆炖鸡块,0,未修改
85953,㊙️家常菜‼️啫啫鲈鱼煲‼️年年有余,㊙️家常菜‼️啫啫鲈鱼煲‼️年年有余,0,未修改
85954,鱼香鸡蛋,鱼香鸡蛋,0,未修改
85956,鲜掉眉毛：腌笃鲜,鲜掉眉毛：腌笃鲜,0,未修改
85968,干辣椒炒鸡肉,干辣椒炒鸡肉,0,未修改
85982,完美番茄炒蛋！3分钟教你炒出大师级西红柿炒蛋！国民下饭菜，颠覆你的味蕾逻辑，创意料理家常菜，人人都是美食家,完美番茄炒蛋,1,删除宣传后句
85992,醉鱼干,醉鱼干,0,未修改
86001,蒜蓉蒸金针菇（夏日快手菜）,蒜蓉蒸金针菇,1,删除括号说明
86006,爆炒蒜苗鱿鱼卷,爆炒蒜苗鱿鱼卷,0,未修改
86012,香到舔碗的西红柿豌豆面,香到舔碗的西红柿豌豆面,0,未修改
86026,鸡胸肉炒芹菜,鸡胸肉炒芹菜,0,未修改
86056,酸菜羊肉,酸菜羊肉,0,未修改
86070,莴笋炒鸡蛋,莴笋炒鸡蛋,0,未修改
86087,好吃到停不下来的火锅底料炒螺丝,到停不下来的火锅底料炒螺丝,1,删除营销定语
86115,水煮羊肉,水煮羊肉,0,未修改
86129,青萝卜炒虾皮,青萝卜炒虾皮,0,未修改
86139,萝卜烧肉,萝卜烧肉,0,未修改
86162,娃娃菜炝锅面,娃娃菜炝锅面,0,未修改
86164,腊肠炒荷兰豆（伊莱特炒菜机器人）,腊肠炒荷兰豆,1,删除括号说明
86172,腊肉蒸蛋-配饭一绝,腊肉蒸蛋-配饭一绝,0,未修改
86182,非常好喝的莲藕排骨汤,好喝的莲藕排骨汤,1,删除营销定语
86202,比黄焖鸡还好吃～香菇土豆炖鸡块,比黄焖鸡还好吃～香菇土豆炖鸡块,0,未修改
86227,糖醋鱼,糖醋鱼,0,未修改
86237,腰果虾仁,腰果虾仁,0,未修改
86261,蔬菜爱上沙拉,蔬菜爱上沙拉,0,未修改
86263,不油腻版腌笃鲜,不油腻版腌笃鲜,0,未修改
86264,手撕包菜，素版,手撕包菜,1,删除宣传后句
86305,超级下饭的泡椒西芹(芹菜),泡椒西芹,1,删除括号说明；删除营销定语
86311,梅菜蒸肉饼,梅菜蒸肉饼,0,未修改
86373,大葱炖豆腐,大葱炖豆腐,0,未修改
86377,豆腐丸子•汤,豆腐丸子•汤,0,未修改
86392,虎皮青椒金针菇,虎皮青椒金针菇,0,未修改
86413,炖肉,炖肉,0,未修改
86416,超鲜美～韭菜炒鸡蛋粉丝,鲜美～韭菜炒鸡蛋粉丝,1,删除营销定语
86424,浇汁土豆泥,浇汁土豆泥,0,未修改
86442,入口即化不油腻的红烧肉香干（电饭煲焖煮版）,入口即化不油腻的红烧肉香干,1,删除括号说明
86463,非常下饭的茄子烧豆角（少油版）,茄子烧豆角,1,删除括号说明；删除营销定语
86536,番茄丸子汤,番茄丸子汤,0,未修改
86541,酿苦瓜,酿苦瓜,0,未修改
86571,私房红烧牛肉块,私房红烧牛肉块,0,未修改
86611,鸡蛋蒸肉泥,鸡蛋蒸肉泥,0,未修改
86633,爆炒豇豆,爆炒豇豆,0,未修改
86673,清炒花菜,清炒花菜,0,未修改
86717,家常菜：辣椒爆炒鸡蛋，一个字～香,辣椒爆炒鸡蛋,1,删除分类前缀；删除宣传后句
86757,香菇的进阶之路。红烧香菇,香菇的进阶之路,1,删除宣传后句
86760,酱爆猪肝面,酱爆猪肝面,0,未修改
86800,沔阳三蒸-沔阳菜,沔阳三蒸-沔阳菜,0,未修改
86845,鱼籽炒蛋,鱼籽炒蛋,0,未修改
86875,大户人家爱吃的鱼香茄子,大户人家爱吃的鱼香茄子,0,未修改
86903,清炖羊排汤,清炖羊排汤,0,未修改
86907,高压锅炖鱼,高压锅炖鱼,0,未修改
86924,红三剁,红三剁,0,未修改
86960,鲜香滑嫩玉子虾仁,鲜香滑嫩玉子虾仁,0,未修改
86974,"～东北茄盒～
吃了肉的茄子",东北茄盒～ 吃了肉的茄子,1,未修改
86977,香菇番茄黄瓜蛋汤,香菇番茄黄瓜蛋汤,0,未修改
86990,家常红烧黄花鱼,家常红烧黄花鱼,0,未修改
87014,小姨妈沙爹酱炒牛肉芥兰,小姨妈沙爹酱炒牛肉芥兰,0,未修改
87045,咸蛋粉丝汤,咸蛋粉丝汤,0,未修改
87048,八宝辣酱,八宝辣酱,0,未修改
87054,带汁滑滑冬菇局鸡🐔,带汁滑滑冬菇局鸡,1,删除装饰符号
87060,花生米拌杂蔬,花生米拌杂蔬,0,未修改
87077,家常茄子烧鱼腩,家常茄子烧鱼腩,0,未修改
87085,红烧萝卜,红烧萝卜,0,未修改
87099,腐竹炖五花肉,腐竹炖五花肉,0,未修改
87100,椒盐爬爬虾,椒盐爬爬虾,0,未修改
87101,电饭煲鸡,电饭煲鸡,0,未修改
87113,青椒鱿鱼卷,青椒鱿鱼卷,0,未修改
87130,青萝卜虾汤,青萝卜虾汤,0,未修改
87140,素菜减脂减肥餐，家常素炒芹菜，超级下饭,素菜减脂减肥餐,1,删除宣传后句
87160,香椿炒鸡蛋·春の滋味,香椿炒鸡蛋·春の滋味,0,未修改
87168,厨房小白做凉菜之酱黄瓜,厨房小白做凉菜之酱黄瓜,0,未修改
87205,家常炒大白菜,家常炒大白菜,0,未修改
87222,虾炒白菜,虾炒白菜,0,未修改
87236,酱拌老虎菜,酱拌老虎菜,0,未修改
87282,营养师的减肥餐,师的减肥餐,1,删除营销定语
87291,为什么你的西红柿炒鸡蛋没别人香,为什么你的西红柿炒鸡蛋没别人香,0,未修改
87295,油焖尖椒,油焖尖椒,0,未修改
87319,剁椒鸡蛋炒豆腐,剁椒鸡蛋炒豆腐,0,未修改
87321,❤️红烧排骨,️红烧排骨,1,删除装饰符号
87348,爱情版（微辣）毛血旺,爱情版毛血旺,1,删除括号说明
87379,双菇枸杞头,双菇枸杞头,0,未修改
87388,香辣小鱼干,香辣小鱼干,0,未修改
87407,暖心鸡汤豆腐串,暖心鸡汤豆腐串,0,未修改
87445,喵呜的鸡腿菇炒蛋～,喵呜的鸡腿菇炒蛋,1,未修改
87457,鲜鲜的萝卜丝鲮鱼丸汤,鲜鲜的萝卜丝鲮鱼丸汤,0,未修改
87496,海参烩麻食,海参烩麻食,0,未修改
87501,尖椒炒笋干-超级过瘾,尖椒炒笋干-超级过瘾,0,未修改
87534,酱洋姜,酱洋姜,0,未修改
87587,少油版胡萝卜土豆丝,版胡萝卜土豆丝,1,删除营销定语
87642,香菇饭（素抓饭）,香菇饭,1,删除括号说明
87666,山胡椒毛肚炒花甲,山胡椒毛肚炒花甲,0,未修改
87675,荷兰豆炒肉,荷兰豆炒肉,0,未修改
87689,金汤肥牛,金汤肥牛,0,未修改
87696,凉拌甜菜根,凉拌甜菜根,0,未修改
87725,鲜虾丸萝卜丝汤,鲜虾丸萝卜丝汤,0,未修改
87744,凉拌柠檬鸡,凉拌柠檬鸡,0,未修改
87788,名菜：红烧熏兔肉,名菜：红烧熏兔肉,0,未修改
87790,荷兰豆木耳炒小鱿鱼,荷兰豆木耳炒小鱿鱼,0,未修改
87793,黄鸭叫炖豆腐,黄鸭叫炖豆腐,0,未修改
87821,清蒸鳕鱼,清蒸鳕鱼,0,未修改
87828,蒸菜更健康--香菇蒸鸡翅,蒸菜更健康--香菇蒸鸡翅,0,未修改
87834,地三鲜,地三鲜,0,未修改
87888,🔥茄盒（茄子夹肉），少油多汁儿~,茄盒,1,删除括号说明；删除宣传后句；删除装饰符号
87895,椿菜炒腊肉,椿菜炒腊肉,0,未修改
87906,包菜炒粉丝,包菜炒粉丝,0,未修改
87925,白菜海虹炖虾,白菜海虹炖虾,0,未修改
87959,万年青鱿鱼圈⭕,万年青鱿鱼圈⭕,0,未修改
88006,胡萝卜炒腊肉,胡萝卜炒腊肉,0,未修改
88008,超简单的下饭菜－醋溜白菜,菜－醋溜白菜,1,删除营销定语
88029,小电锅之简易香菇酱香炒饭,小电锅之简易香菇酱香炒饭,0,未修改
88115,海苔核桃饭,海苔核桃饭,0,未修改
88116,洋葱西红柿土豆炖肉,洋葱西红柿土豆炖肉,0,未修改
88136,青椒小炒肉 (五花肉),青椒小炒肉,1,删除括号说明
88150,梅菜蒸牛肉饼,梅菜蒸牛肉饼,0,未修改
88156,【孕期菜谱】圆菇西蓝花,孕期菜谱 圆菇西蓝花,1,展开标题方括号
88211,泡菜猪皮炒五花肉,泡菜猪皮炒五花肉,0,未修改
88235,酸辣泡椒鸡杂，销魂下饭,酸辣泡椒鸡杂,1,删除宣传后句
88246,酸菜鱼,酸菜鱼,0,未修改
88268,蒸蛋卷~烹饪机版,蒸蛋卷~烹饪机版,0,未修改
88299,鲜虾炒蒲瓜,鲜虾炒蒲瓜,0,未修改
88317,红烧蘑菇/炒口蘑,红烧蘑菇/炒口蘑,0,未修改
88339,排骨猪肚菌菇汤,排骨猪肚菌菇汤,0,未修改
88340,油豆角炖排骨,油豆角炖排骨,0,未修改
88341,白灼基尾虾,白灼基尾虾,0,未修改
88351,一锅炖主食，主菜，煮福炖牛肉,一锅炖主食,1,删除宣传后句
88357,酱爆鸡丁,酱爆鸡丁,0,未修改
88369,小朋友最爱的干锅花菜五花肉,小朋友最爱的干锅花菜五花肉,0,未修改
88376,北海北：沙虫粉丝汤【内附干沙虫处理方法】,北海北：沙虫粉丝汤【内附干沙虫处理方法】,0,未修改
88385,宝宝和妈妈都爱吃的炖鸡腿,宝宝和妈妈都爱吃的炖鸡腿,0,未修改
88420,洋葱炒肉,洋葱炒肉,0,未修改
88451,油豆腐海鲜菇焖肉,油豆腐海鲜菇焖肉,0,未修改
88494,肉末豆腐,肉末豆腐,0,未修改
88504,矜宸•牛羊靓汤快锅版,矜宸•牛羊靓汤快锅版,0,未修改
88520,夏天就爱你—红三剁,夏天就爱你—红三剁,0,未修改
88525,猪脚姜醋蛋,猪脚姜醋蛋,0,未修改
88527,烤三文鱼,烤三文鱼,0,未修改
88532,0失败率的酸汤肥牛,0失败率的酸汤肥牛,0,未修改
88584,【黄金汤】清甜可口，清热解毒，比绿豆汤还好喝,黄金汤 清甜可口,1,展开标题方括号；删除宣传后句
88592,青红椒炒咸鸭蛋,青红椒炒咸鸭蛋,0,未修改
88599,韩国泡菜汤😘,韩国泡菜汤,1,删除装饰符号
88617,韭菜花炒小银鱼〖下饭菜〗,韭菜花炒小银鱼〖下饭菜〗,0,未修改
88650,炸酥肉,炸酥肉,0,未修改
88655,鲜辣下饭的朝鲜辣鱼,鲜辣下饭的朝鲜辣鱼,0,未修改
88666,超级下饭的酸菜爆炒大肠,酸菜爆炒大肠,1,删除营销定语
88675,口水鸡,口水鸡,0,未修改
88722,香妈-紫菜蛋汤,香妈-紫菜蛋汤,0,未修改
88764,好吃到舔盘的肉沫茄子粉丝煲,到舔盘的肉沫茄子粉丝煲,1,删除营销定语
88773,五月吃豆—肉末炒四季豆,五月吃豆—肉末炒四季豆,0,未修改
88778,炝炒圆白菜,炝炒圆白菜,0,未修改
88788,肉炒青椒土豆片,肉炒青椒土豆片,0,未修改
88808,✨【简易版】罗宋汤酸甜清新又开胃🤩关键是里面的牛肉🥩是真的棒‼️,【简易版】罗宋汤酸甜清新又开胃关键是里面的牛肉是真的棒‼️,1,删除装饰符号
88819,红烧肉白菜干豆腐砂锅,红烧肉白菜干豆腐砂锅,0,未修改
88828,土鸡蛋汽水蒸肉,土鸡蛋汽水蒸肉,0,未修改
88841,麻辣花蛤,麻辣花蛤,0,未修改
88842,肉末版鲢鱼头辣烧笋片,肉末版鲢鱼头辣烧笋片,0,未修改
88872,超级简单的炒空心菜,炒空心菜,1,删除营销定语
88900,素饭/炒出高级素菜馆的那个味道/超级香,素饭/炒出高级素菜馆的那个味道/超级香,0,未修改
88902,番茄炖牛腩,番茄炖牛腩,0,未修改
88920,香蒜萝卜头配苦荞米杂粮粥,香蒜萝卜头配苦荞米杂粮粥,0,未修改
88923,凉拌芹菜黄瓜,凉拌芹菜黄瓜,0,未修改
88949,百合炒蛋,百合炒蛋,0,未修改
88952,鹰嘴豆咖喱鸡饭,鹰嘴豆咖喱鸡饭,0,未修改
88983,豆腐炒彩丝,豆腐炒彩丝,0,未修改
88984,乱炖,乱炖,0,未修改
89013,Broccoli Dipped in Cheese Milk Soup,Broccoli Dipped in Cheese Milk Soup,0,未修改
89030,花菜炒肉片（无水版）,花菜炒肉片,1,删除括号说明
89047,100%还原川菜馆子味道的辣子鸡丁,100%还原川菜馆子味道的辣子鸡丁,0,未修改
89071,家庭版地三鲜,地三鲜,1,删除场景定语
89120,芹菜炒肉,芹菜炒肉,0,未修改
89193,茭白炒肉,茭白炒肉,0,未修改
89239,韭菜炒河虾，鲜美极了！一定要试一次,韭菜炒河虾,1,删除宣传后句
89242,豆豉排骨蒸南瓜,豆豉排骨蒸南瓜,0,未修改
89285,炖牛腩,炖牛腩,0,未修改
89290,家常木须肉,家常木须肉,0,未修改
89298,萝卜莲藕炖肥肠,萝卜莲藕炖肥肠,0,未修改
89319,番茄蘑菇猪肉末意面,番茄蘑菇猪肉末意面,0,未修改
89333,减肥天堂【鸡胸肉酱蒸蛋白豆腐】❗️满口留香,减肥天堂【鸡胸肉酱蒸蛋白豆腐】️满口留香,1,删除装饰符号
89367,排骨莲藕花生汤,排骨莲藕花生汤,0,未修改
89390,红烧鳊鱼☜家姐,红烧鳊鱼家姐,1,删除装饰符号
89425,芸豆蒸面,芸豆蒸面,0,未修改
89445,小美·精准控油保鲜 炒蔬菜    蒜香皇帝菜/茼蒿,小美·精准控油保鲜 炒蔬菜 蒜香皇帝菜/茼蒿,1,未修改
89451,又一款米饭杀手~冠利腌番茄版照烧豆腐,又一款米饭杀手~冠利腌番茄版照烧豆腐,0,未修改
89453,素回锅肉,素回锅肉,0,未修改
89458,兔子汤,兔子汤,0,未修改
89459,⚠️减肥餐也太好吃了🌶️凉拌鸡胸肉丝低卡餐,️减肥餐也太好吃了️凉拌鸡胸肉丝低卡餐,1,删除装饰符号
89484,西红柿泥炒怀山,西红柿泥炒怀山,0,未修改
89489,红烧大虾,红烧大虾,0,未修改
89491,青椒肉丝（素）,青椒肉丝,1,删除括号说明
89493,什锦炒乌冬面,什锦炒乌冬面,0,未修改
89500,玛捷斯蜜汁鸡翅,玛捷斯蜜汁鸡翅,0,未修改
89507,香椿拌豆腐+蚝油油麦菜（一人食/245大卡）,香椿拌豆腐+蚝油油麦菜,1,删除括号说明
89518,月子餐/鲜百合百锦炒,月子餐/鲜百合百锦炒,0,未修改
89542,吃一口就停不下的升级版家常土豆丝,吃一口就停不下的升级版家常土豆丝,0,未修改
89559,蒸蒜蓉生蚝,蒸蒜蓉生蚝,0,未修改
89563,水煮牛肉,水煮牛肉,0,未修改
89594,美味的红烧鸽子,红烧鸽子,1,删除营销定语
89627,咖喱土豆牛腩,咖喱土豆牛腩,0,未修改
89641,牛肉菜谱6⃣️-杭椒牛肉（米饭杀手）,牛肉菜谱6⃣️-杭椒牛肉,1,删除括号说明
89657,超嫩蒜苔炒鸡蛋,嫩蒜苔炒鸡蛋,1,删除营销定语
89694,大盘鸡,大盘鸡,0,未修改
89707,红烧小鱿鱼,红烧小鱿鱼,0,未修改
89759,日本豆腐蒸鸡蛋,日本豆腐蒸鸡蛋,0,未修改
89769,Q弹脆爽凉拌无骨鸡爪,Q弹脆爽凉拌无骨鸡爪,0,未修改
89776,好吃的辣白菜辛拉面,辣白菜辛拉面,1,删除营销定语
89777,银鱼跑蛋｜美食台,银鱼跑蛋｜美食台,0,未修改
89791,咸蛋黄炒苦瓜,咸蛋黄炒苦瓜,0,未修改
89804,一定要学的家常菜【青椒炒肉丝】,一定要学的家常菜【青椒炒肉丝】,0,未修改
89824,土豆蒸排骨,土豆蒸排骨,0,未修改
89894,芦笋虾仁炒蛋,芦笋虾仁炒蛋,0,未修改
89922,五彩牛肉粒，考试加油器,五彩牛肉粒,1,删除宣传后句
89949,洋葱木耳烧腐竹,洋葱木耳烧腐竹,0,未修改
89951,【健康瘦身】绿色蔬果昔,瘦身 绿色蔬果昔,1,展开标题方括号；删除营销定语
89954,豉汁蒸排骨,豉汁蒸排骨,0,未修改
89955,眉豆鸡脚汤,眉豆鸡脚汤,0,未修改
89965,超级简单的自制【家常香酥大饼】,【家常香酥大饼】,1,删除营销定语
89966,黑椒肥牛金针菇卷,黑椒肥牛金针菇卷,0,未修改
89973,南瓜炒银针粉,南瓜炒银针粉,0,未修改
89974,超下饭的肉沫豆腐（不辣的菜）,肉沫豆腐,1,删除括号说明；删除营销定语
89996,美善品 炒青菜（素食）,美善品 炒青菜,1,删除括号说明
90030,【花胶响螺瑶柱煲鸡脚】简易版佛跳墙-广东靓汤胶原蛋白美容养颜,花胶响螺瑶柱煲鸡脚 简易版佛跳墙-广东靓汤胶原蛋白美容养颜,1,展开标题方括号
90062,鲜嫩白菜豆腐汤,鲜嫩白菜豆腐汤,0,未修改
90101,爆炒鱿鱼🦑,爆炒鱿鱼,1,删除装饰符号
90222,麻辣香锅鸡,麻辣香锅鸡,0,未修改
90234,香煎五花肉,香煎五花肉,0,未修改
90235,夏日消暑必备——西洋参青榄薏米鸡爪汤,夏日消暑必备——西洋参青榄薏米鸡爪汤,0,未修改
90250,两羊(洋)碰撞的美味，羊肉炒洋葱，够味,两羊碰撞的美味,1,删除括号说明；删除宣传后句
90254,西兰花蒸蛋,西兰花蒸蛋,0,未修改
90264,虾肉饺子,虾肉饺子,0,未修改
90322,酸笋炒肚尖,酸笋炒肚尖,0,未修改
90324,辣炒章鱼腿🐙,辣炒章鱼腿,1,删除装饰符号
90328,超级无敌下饭的红烧鱼 🐠,无敌下饭的红烧鱼,1,删除营销定语；删除装饰符号
90342,油菜杏鲍菇,油菜杏鲍菇,0,未修改
90363,粉蒸鸡腿（南瓜垫底）,粉蒸鸡腿,1,删除括号说明
90366,炒潮汕肉卷（广章）,炒潮汕肉卷,1,删除括号说明
90392,没有汤的超级下饭尖椒柿子炒鸡蛋！,没有汤的超级下饭尖椒柿子炒鸡蛋,1,删除宣传后句
90397,麻酱茄子泥,麻酱茄子泥,0,未修改
90441,茴香小土豆,茴香小土豆,0,未修改
90556,金猫咪食堂-泡椒牛蛙,金猫咪食堂-泡椒牛蛙,0,未修改
90559,MEYER唤醒美味——梅香糖醋小排,MEYER唤醒美味——梅香糖醋小排,0,未修改
90622,香煎小黄鱼,香煎小黄鱼,0,未修改
90624,麻辣川香手撕鸡（快手）,麻辣川香手撕鸡,1,删除括号说明
90654,糯米蒸排骨,糯米蒸排骨,0,未修改
90660,韭菜鸡蛋饺子,韭菜鸡蛋饺子,0,未修改
90663,虫草花炒荷兰豆,虫草花炒荷兰豆,0,未修改
90665,里脊肉炒辣椒,里脊肉炒辣椒,0,未修改
90676,凉拌老式豆皮，好吃到嗦筷子！,凉拌老式豆皮,1,删除宣传后句
90692,鲶鱼炖茄子,鲶鱼炖茄子,0,未修改
90695,倒笃菜炒四季豆,倒笃菜炒四季豆,0,未修改
90714,鳕鱼炖豆腐,鳕鱼炖豆腐,0,未修改
90720,香辣牛肉酱,香辣牛肉酱,0,未修改
90723,下饭、万能🌶️青椒酱,、万能️青椒酱,1,删除营销定语；删除装饰符号
90724,秘制啤酒卤蛋,啤酒卤蛋,1,删除营销定语
90762,超下饭的干煸四季豆,干煸四季豆,1,删除营销定语
90768,超下饭咖喱鸡🍛好吃呀～,咖喱鸡好吃呀,1,删除营销定语；删除装饰符号
90777,沙茶鸭肉焖笋干,沙茶鸭肉焖笋干,0,未修改
90778,超级下饭的玉米炒肉沫,玉米炒肉沫,1,删除营销定语
90816,【温馨煮艺】小炒鸡腿肉,温馨煮艺 小炒鸡腿肉,1,展开标题方括号
90824,小葱炸蛋,小葱炸蛋,0,未修改
90865,【汐汐家常菜】减脂降压·菊花脑蛋汤,降压·菊花脑蛋汤,1,删除开头标签；删除营销定语
90882,凉拌蒜蓉秋葵,凉拌蒜蓉秋葵,0,未修改
90943,不要点外卖了，来一份热量低味道棒的杏鲍菇炒牛肉吧,不要点外卖了,1,删除宣传后句
90950,藤椒鱼,藤椒鱼,0,未修改
90955,花菜炒腊肉,花菜炒腊肉,0,未修改
90958,绿油油咸虾干滚西洋菜（百吃不厌、家常版）,绿油油咸虾干滚西洋菜,1,删除括号说明
90987,宫爆鸡丁甜蜜蜜,宫爆鸡丁甜蜜蜜,0,未修改
91042,爆炒八爪鱼,爆炒八爪鱼,0,未修改
91082,泡菜肉末茄子,泡菜肉末茄子,0,未修改
91148,百合炒莴笋胡萝卜木耳,百合炒莴笋胡萝卜木耳,0,未修改
91150,韭菜花炒鱿鱼须,韭菜花炒鱿鱼须,0,未修改
91154,至简至美，只用生抽和葱花，做出最最脆爽的【凉拌脆爽黄瓜】，夏日里的爽口健康你值得拥有,至简至美,1,删除宣传后句
91293,金沙炒花蟹,金沙炒花蟹,0,未修改
91345,肉末茄子,肉末茄子,0,未修改
91375,青椒炒鸡肉,青椒炒鸡肉,0,未修改
91402,养眼桑叶芹菜枸杞鸭蛋汤,养眼桑叶芹菜枸杞鸭蛋汤,0,未修改
91404,熏肉炒竹笋,熏肉炒竹笋,0,未修改
91448,酷暑开胃菜，酸甜可口的土豆胡萝卜肉丁,酷暑开胃菜,1,删除宣传后句
91455,羊肉萝卜汤,羊肉萝卜汤,0,未修改
91476,低脂滋补两不误的萝卜牛腩煲,滋补两不误的萝卜牛腩煲,1,删除营销定语
91526,河南卤面的家常做法 豫菜经典 简单易上手的蒸面条 清真牛肉版,河南卤面的家常做法 豫菜经典 简单易上手的蒸面条 清真牛肉版,0,未修改
91586,苦瓜炒豆干,苦瓜炒豆干,0,未修改
91594,素食主义：西芹炒鸡蛋,素食主义：西芹炒鸡蛋,0,未修改
91598,【樉樉的小厨房】温州酱鸭舌 小美版,樉樉的小厨房 温州酱鸭舌 小美版,1,展开标题方括号
91612,【三彩焖剪面】色泽诱人四季豆 土豆 胡萝卜，剪面韧劲十足，口感棒棒哒,三彩焖剪面 色泽诱人四季豆 土豆 胡萝卜,1,展开标题方括号；删除宣传后句
91622,八珍豆腐,八珍豆腐,0,未修改
91644,韩国安东炖鸡,韩国安东炖鸡,0,未修改
91654,清蒸金鲳鱼,清蒸金鲳鱼,0,未修改
91667,芫爆里脊丝,芫爆里脊丝,0,未修改
91681,一口气五碗饭的酱茄子,一口气五碗饭的酱茄子,0,未修改
91697,酱爆包菜,酱爆包菜,0,未修改
91736,懒人下饭菜“番茄炖牛肉”,菜番茄炖牛肉,1,删除营销定语
91745,辣炒苦瓜,辣炒苦瓜,0,未修改
91787,油爆虾球,油爆虾球,0,未修改
91822,豆腐丸子蛋花汤,豆腐丸子蛋花汤,0,未修改
91832,㊙️韭菜鸡蛋蛤蜊卤,㊙️韭菜鸡蛋蛤蜊卤,0,未修改
91835,芹菜虾仁,芹菜虾仁,0,未修改
91852,青椒土豆炒培根,青椒土豆炒培根,0,未修改
91908,玫瑰豉油鸡,玫瑰豉油鸡,0,未修改
91919,开胃大菜，酸菜毛豆焖排骨,开胃大菜,1,删除宣传后句
91922,虾仁烧茄子,虾仁烧茄子,0,未修改
91950,老丁的私房菜-蒜苗回锅肉,老丁的私房菜-蒜苗回锅肉,0,未修改
91954,大块过瘾的溜肝尖儿,大块过瘾的溜肝尖儿,0,未修改
91993,🍱便当菜系列-杏鲍菇炒肉🥩,便当菜系列-杏鲍菇炒肉,1,删除装饰符号
92009,农家小豆腐,农家小豆腐,0,未修改
92015,减脂减肥餐,减肥餐,1,删除营销定语
92039,【减脂餐】大头菜炒鸡胸,大头菜炒鸡胸,1,删除开头标签
92043,蒜蓉金针菇（家庭版）,蒜蓉金针菇,1,删除括号说明
92058,10秒钟学会凉拌土豆丝,10秒钟学会凉拌土豆丝,0,未修改
92095,家庭三汁焖锅,家庭三汁焖锅,0,未修改
92130,［布丁的深夜食堂］家常炒米粉,［布丁的深夜食堂］家常炒米粉,0,未修改
92141,杏鲍菇最最好吃的做法,杏鲍菇最最好吃的做法,0,未修改
92147,清蒸所有鱼（不放盐，含去腥妙招）,清蒸所有鱼,1,删除括号说明
92155,辣炒花蛤,辣炒花蛤,0,未修改
92167,韭菜干豆腐,韭菜干豆腐,0,未修改
92170,炖牛肉,炖牛肉,0,未修改
92172,土豆焖鸡腿,土豆焖鸡腿,0,未修改
92176,袁氏韭黄炒肉丝,袁氏韭黄炒肉丝,0,未修改
92202,青椒素炒杏鲍菇,青椒素炒杏鲍菇,0,未修改
92233,黄鱼炖豆腐,黄鱼炖豆腐,0,未修改
92252,干煸豆角,干煸豆角,0,未修改
92262,炒下饭的蒜苗炒腊肠（四川香辣腊肠）,炒下饭的蒜苗炒腊肠,1,删除括号说明
92274,自制土豆肉末盒饭,土豆肉末盒饭,1,删除营销定语
92294,一分钟早餐 ·酸汤水饺,一分钟早餐 ·酸汤水饺,0,未修改
92301,煮出来的洋葱肥牛饭,煮出来的洋葱肥牛饭,0,未修改
92305,炒山药丸子,炒山药丸子,0,未修改
92336,微辣水煮鱼,微辣水煮鱼,0,未修改
92354,最爱的快手餐:腊味双拼煲仔饭,最爱的快手餐:腊味双拼煲仔饭,0,未修改
92356,蚂蚁上树-面条版,蚂蚁上树-面条版,0,未修改
92382,广式炖羊肉,广式炖羊肉,0,未修改
92391,没有一点刺的鱼，开胃的番茄鱼汤最适合,没有一点刺的鱼,1,删除宣传后句
92396,减脂洋葱粗粮饭炒鸡胸肉,洋葱粗粮饭炒鸡胸肉,1,删除营销定语
92402,番茄龙利鱼「夏季开胃烫菜」,番茄龙利鱼「夏季开胃烫菜」,0,未修改
92420,苦瓜炒肉,苦瓜炒肉,0,未修改
92423,软炸鲜蘑,软炸鲜蘑,0,未修改
92429,红烧罗非鱼,红烧罗非鱼,0,未修改
92430,红油虾酱炖豆腐,红油虾酱炖豆腐,0,未修改
92448,淮扬菜-豆腐香菇鲫鱼汤,淮扬菜-豆腐香菇鲫鱼汤,0,未修改
92460,【葱烤大排】能把葱烤大排做入味的，真的不多了！,葱烤大排 能把葱烤大排做入味的,1,展开标题方括号；删除宣传后句
92481,肉酱意大利面—电压力锅版,肉酱意大利面—电压力锅版,0,未修改
92482,包菜胡萝卜炒木耳,包菜胡萝卜炒木耳,0,未修改
92492,家常菜～凉拌香椿,家常菜～凉拌香椿,0,未修改
92501,豆角焖面,豆角焖面,0,未修改
92516,鸡肉豆角土豆饭,鸡肉豆角土豆饭,0,未修改
92550,青椒肉沫榨菜粒,青椒肉沫榨菜粒,0,未修改
92588,酸汤肥牛/金汤肥牛,酸汤肥牛/金汤肥牛,0,未修改
92594,下饭神器—蒜蓉茼蒿,神器—蒜蓉茼蒿,1,删除营销定语
92664,青柠酸辣鸡杂,青柠酸辣鸡杂,0,未修改
92690,【羊小姐de午餐】3.筒骨山药汤,3.筒骨山药汤,1,删除开头标签
92703,素炒胡萝卜土豆黄瓜,素炒胡萝卜土豆黄瓜,0,未修改
92733,薤白（小根蒜）煎鸡蛋饼——下饭神器,薤白煎鸡蛋饼——下饭神器,1,删除括号说明
92742,川菜经典之川味回锅肉,川菜经典之川味回锅肉,0,未修改
92747,明虾泡饭,明虾泡饭,0,未修改
92791,鱼香肉丝【蒜薹版】,鱼香肉丝【蒜薹版】,0,未修改
92811,冬笋炒杂菇,冬笋炒杂菇,0,未修改
92837,虾仁炒西蓝花（12M+）,虾仁炒西蓝花,1,删除括号说明
92838,难度⭐的爆炒鱿鱼（在家也可以轻松做出饭馆的风味）,难度⭐的爆炒鱿鱼,1,删除括号说明
92900,炸鱼仔&花甲粉丝煲,炸鱼仔&花甲粉丝煲,0,未修改
92904,素茄子🍆,素茄子,1,删除装饰符号
92945,白灼秋葵,白灼秋葵,0,未修改
92977,花式卷心菜饭,花式卷心菜饭,0,未修改
92982,无糖无油黑全麦粉黑麦片小麦麸皮粉黄豆粉粗粮馒头,无糖无油黑全麦粉黑麦片小麦麸皮粉黄豆粉粗粮馒头,0,未修改
92989,鹌鹑蛋红烧肉,鹌鹑蛋红烧肉,0,未修改
92998,家常菜～醋拌莴苣【醯官醋】,家常菜～醋拌莴苣【醯官醋】,0,未修改
93010,胡萝卜🥕炖牛肉,胡萝卜炖牛肉,1,删除装饰符号
93030,蓑衣丸子（超好吃的糯米丸子）,蓑衣丸子,1,删除括号说明
93052,酱爆肉,酱爆肉,0,未修改
93080,八宝饭,八宝饭,0,未修改
93103,笋尖拌土豆,笋尖拌土豆,0,未修改
93114,白米粥,白米粥,0,未修改
93128,家常菜系列:干锅土豆片,家常菜系列:干锅土豆片,0,未修改
93153,色香味俱全又超级下饭的什锦炒肉,色香味俱全又超级下饭的什锦炒肉,0,未修改
93217,鸡枞菌藕带炒牛柳丁,鸡枞菌藕带炒牛柳丁,0,未修改
93257,凉拌菜,凉拌菜,0,未修改
93262,四季豆鲜肉包,四季豆鲜肉包,0,未修改
93270,清炒上海青,清炒上海青,0,未修改
93280,黑木耳炒西兰花,黑木耳炒西兰花,0,未修改
93290,粉藕排骨汤,粉藕排骨汤,0,未修改
93291,建德生炒鸡,建德生炒鸡,0,未修改
93329,【汤羹】芙蓉鲜蔬汤,汤羹 芙蓉鲜蔬汤,1,展开标题方括号
93341,孜燃小土豆,孜燃小土豆,0,未修改
93347,猪肉锅贴,猪肉锅贴,0,未修改
93354,羊肉泡馍,羊肉泡馍,0,未修改
93412,酥炸玉兰花,酥炸玉兰花,0,未修改
93427,爽口凉拌土豆丝,爽口凉拌土豆丝,0,未修改
93443,炒饭界的ACE：台式香菇油饭,炒饭界的ACE：台式香菇油饭,0,未修改
93469,红炖砂锅牛肉,红炖砂锅牛肉,0,未修改
93476,港式铁板烧风味炒豆芽 | xo酱炒豆芽,港式铁板烧风味炒豆芽 | xo酱炒豆芽,0,未修改
93495,红焖牛头肉,红焖牛头肉,0,未修改
93509,菌肉菜一锅出,菌肉菜一锅出,0,未修改
93526,醋溜白菜帮,醋溜白菜帮,0,未修改
93527,黄油拌饭,黄油拌饭,0,未修改
93540,干煸才入味的榄菜四季豆,干煸才入味的榄菜四季豆,0,未修改
93544,莴笋炒木耳（夏日清新减脂菜）,莴笋炒木耳,1,删除括号说明
93558,家常菜【爆炒鸭肠】,家常菜【爆炒鸭肠】,0,未修改
93563,渔家小炖菜,渔家小炖菜,0,未修改
93575,蒜蓉五花肉沫蒸茄子（低油健身！快手菜！）,蒜蓉五花肉沫蒸茄子,1,删除括号说明
93582,土豆和酸菜的二三事——酸菜土豆丝,土豆和酸菜的二三事——酸菜土豆丝,0,未修改
93594,香喷喷快手健康烙饼,烙饼,1,删除营销定语
93602,懒人版番茄土豆炖牛腩,版番茄土豆炖牛腩,1,删除营销定语
93603,韩式蒸茄子,韩式蒸茄子,0,未修改
93611,凉瓜炒牛肉,凉瓜炒牛肉,0,未修改
93623,荷叶粉蒸排骨,荷叶粉蒸排骨,0,未修改
93671,脆皮鸡翅,脆皮鸡翅,0,未修改
93677,东北名菜之鸡腿炖榛蘑(1人份),东北名菜之鸡腿炖榛蘑,1,删除括号说明
93688,蛋奶素食 ～炸秋葵,蛋奶素食 ～炸秋葵,0,未修改
93727,鲜鱼炖豆腐,鲜鱼炖豆腐,0,未修改
93786,蘑菇炒肉,蘑菇炒肉,0,未修改
93804,空心菜梗子,空心菜梗子,0,未修改
93825,松花蛋的简单吃法,松花蛋的简单吃法,0,未修改
93832,炸蘑菇,炸蘑菇,0,未修改
93848,红酒鸡翅,红酒鸡翅,0,未修改
93866,咖喱土豆鸡肉饭,咖喱土豆鸡肉饭,0,未修改
93905,快手菜～下饭菜～青椒茭白炒肉丝,菜～下饭菜～青椒茭白炒肉丝,1,删除营销定语
93928,苦瓜酿肉,苦瓜酿肉,0,未修改
93932,腐竹土豆焖牛腩,腐竹土豆焖牛腩,0,未修改
93936,洋葱炒鳝丝,洋葱炒鳝丝,0,未修改
93937,去苦味的苦瓜炒肉,去苦味的苦瓜炒肉,0,未修改
93955,韩式泡菜煮鲭鱼,韩式泡菜煮鲭鱼,0,未修改
93956,葱香蚕豆,葱香蚕豆,0,未修改
93967,咸酱油泡小米辣,咸酱油泡小米辣,0,未修改
93975,蒜苔炒香肠（蒜苔的第一种吃法）,蒜苔炒香肠,1,删除括号说明
93982,孜然鸡肉,孜然鸡肉,0,未修改
94027,炒双菇,炒双菇,0,未修改
94034,肥牛燕麦饭(一人食),肥牛燕麦饭,1,删除括号说明
94134,奶白鲫鱼豆腐汤|一条鱼最后的温柔,奶白鲫鱼豆腐汤|一条鱼最后的温柔,0,未修改
94170,素炒梅豆角,素炒梅豆角,0,未修改
94208,孤独的美食家-韭菜炒蛋,孤独的美食家-韭菜炒蛋,0,未修改
94254,鸡胗炒甘蓝炒青椒,鸡胗炒甘蓝炒青椒,0,未修改
94264,米饭杀手之莴笋炒五花肉,米饭杀手之莴笋炒五花肉,0,未修改
94270,白萝卜香肠五花腩煲仔饭,白萝卜香肠五花腩煲仔饭,0,未修改
94278,虾仁炒西兰花,虾仁炒西兰花,0,未修改
94339,山药炒肉丁,山药炒肉丁,0,未修改
94367,杏鲍菇炒圆白菜,杏鲍菇炒圆白菜,0,未修改
94398,爆汁的香辣八爪鱼,爆汁的香辣八爪鱼,0,未修改
94414,清炖牛肉,清炖牛肉,0,未修改
94440,蒜苔炒杏鲍菇,蒜苔炒杏鲍菇,0,未修改
94462,简单 清香的荷叶鸡,清香的荷叶鸡,1,删除营销定语
94465,没有🐠的鱼香肉丝,没有的鱼香肉丝,1,删除装饰符号
94489,肉炒豆角丝,肉炒豆角丝,0,未修改
94498,素炒西兰花,素炒西兰花,0,未修改
94504,超级下饭菜之泡椒猪血,菜之泡椒猪血,1,删除营销定语
94529,肉圆子豆花米线（衢州细粉干）,肉圆子豆花米线,1,删除括号说明
94532,🥦简便减脂餐 | 不一样的蒸蛋,简便减脂餐 | 不一样的蒸蛋,1,删除装饰符号
94548,海鲜酱烧茄子,海鲜酱烧茄子,0,未修改
94605,琉球料理之野菜炒豆腐,琉球料理之野菜炒豆腐,0,未修改
94611,超下饭的黄焖鸡米饭,黄焖鸡米饭,1,删除营销定语
94619,果冻般Q弹的臊子蒸蛋！,果冻般Q弹的臊子蒸蛋,1,删除宣传后句
94627,快手菜单～虾皮炒冬瓜❤️,菜单～虾皮炒冬瓜️,1,删除营销定语；删除装饰符号
94687,【静哥家常菜】蘸水豆花,蘸水豆花,1,删除开头标签
94700,糖醋藕片,糖醋藕片,0,未修改
94704,贵阳辣子鸡,贵阳辣子鸡,0,未修改
94723,菠萝炒猪大肠,菠萝炒猪大肠,0,未修改
94747,自做肉末娃娃菜(Big Bak Choy Meat Wrap),自做肉末娃娃菜,1,删除括号说明
94760,简易又超好吃的香菇焖鸡,简易又超好吃的香菇焖鸡,0,未修改
94774,超快手菜荷塘月色,菜荷塘月色,1,删除营销定语
94840,1分钟学会99%的人都喜欢超级下饭菜——手撕包菜,1分钟学会99%的人都喜欢超级下饭菜——手撕包菜,0,未修改
94881,血皮菜炒猪肝（超下饭）,血皮菜炒猪肝,1,删除括号说明
94885,蘑菇土豆饭,蘑菇土豆饭,0,未修改
94996,葱油鱼,葱油鱼,0,未修改
94997,土豆烧茄子,土豆烧茄子,0,未修改
95011,清炒手撕包菜/圆白菜/卷心菜/台湾高丽菜 搭配蘑菇 鲜美爽脆 简单快手,清炒手撕包菜/圆白菜/卷心菜/台湾高丽菜 搭配蘑菇 鲜美爽脆 简单快手,0,未修改
95039,藜蒿炒腊肉,藜蒿炒腊肉,0,未修改
95063,蒜茄子,蒜茄子,0,未修改
95167,外酥里嫩的孜然炸虾，吼吼吃！🦐,外酥里嫩的孜然炸虾,1,删除宣传后句
95199,山药板栗炖牛肉,山药板栗炖牛肉,0,未修改
95220,十里飘香茶叶鹌鹑蛋,十里飘香茶叶鹌鹑蛋,0,未修改
95225,蒜蓉粉丝蛏子,蒜蓉粉丝蛏子,0,未修改
95263,唤醒生活新状态｜养生鲜蔬汤,唤醒生活新状态｜养生鲜蔬汤,0,未修改
95283,生酮 超低卡低碳 香辣洋葱芦笋炒蛋魔芋米炒饭,生酮 超低卡低碳 香辣洋葱芦笋炒蛋魔芋米炒饭,0,未修改
95290,萝卜丝炒肉,萝卜丝炒肉,0,未修改
95304,懒人福利菜来啦，比海参还鲜的香菇,福利菜来啦,1,删除营销定语；删除宣传后句
95312,茭瓜（西葫芦）炒虾,茭瓜炒虾,1,删除括号说明
95317,虾仁炒土鸡蛋（儿童餐）,虾仁炒土鸡蛋,1,删除括号说明
95318,爆炒鱿鱼腿,爆炒鱿鱼腿,0,未修改
95340,嘎嘣脆的快手油爆小河虾,嘎嘣脆的快手油爆小河虾,0,未修改
95346,蘑菇炒肉,蘑菇炒肉,0,未修改
95376,快手炒——咸肉花菜,炒——咸肉花菜,1,删除营销定语
95378,酥香麻辣的干锅鸭翅,酥香麻辣的干锅鸭翅,0,未修改
95380,白菜豆腐丸子汤,白菜豆腐丸子汤,0,未修改
95391,炸带鱼（简单版）,炸带鱼,1,删除括号说明
95397,「月澜姐」蓑衣黄瓜，《舌尖上的中国》第三季之“蓑衣刀法不难切”,「月澜姐」蓑衣黄瓜,1,删除宣传后句
95412,家常酱油鸡翅,家常酱油鸡翅,0,未修改
95448,红烧鱼鳍（鱼翅）,红烧鱼鳍,1,删除括号说明
95457,私房小菜·炒双笋：清淡爽口春意浓浓,私房小菜·炒双笋：清淡爽口春意浓浓,0,未修改
95464,清炒猪肚,清炒猪肚,0,未修改
95465,莴笋干炒腊肉,莴笋干炒腊肉,0,未修改
95487,爆炒猪心,爆炒猪心,0,未修改
95510,鸭血粉丝,鸭血粉丝,0,未修改
95546,快手葱油芋艿,葱油芋艿,1,删除营销定语
95553,西葫芦炒虾仁,西葫芦炒虾仁,0,未修改
95568,家常炒蚕豆,家常炒蚕豆,0,未修改
95571,石斛老鸭汤,石斛老鸭汤,0,未修改
95576,韭黄鸭肠,韭黄鸭肠,0,未修改
95592,空气炸锅辣子鸡,空气炸锅辣子鸡,0,未修改
95602,山药百叶结烧肉（伊莱特智能WIFI煲）,山药百叶结烧肉,1,删除括号说明
95605,蒸茄子（烧烤风味）,蒸茄子,1,删除括号说明
95611,海鲜茄子煲,海鲜茄子煲,0,未修改
95612,家常烩牛皮菜,家常烩牛皮菜,0,未修改
95613,炒榛子,炒榛子,0,未修改
95628,家常黄焖鸡,家常黄焖鸡,0,未修改
95651,午餐快手の鸡胸肉炖土豆 萝卜,午餐快手の鸡胸肉炖土豆 萝卜,0,未修改
95664,蚝油杏鲍菇,蚝油杏鲍菇,0,未修改
95681,原创～香菇炒盖菜（芥菜）,香菇炒盖菜,1,删除括号说明；删除营销定语
95688,㊙️制柠檬口水鸡（不好吃来打我）,㊙️制柠檬口水鸡,1,删除括号说明
95696,蒸金鲳鱼,蒸金鲳鱼,0,未修改
95741,第❼道减脂菜 | 培根炒生菜,第道减脂菜 | 培根炒生菜,1,删除装饰符号
95753,菌菇干菜萝卜汤,菌菇干菜萝卜汤,0,未修改
95800,有滋有味的素包子|青岛大包姥姥家的传承,有滋有味的素包子|青岛大包姥姥家的传承,0,未修改
95805,花菜炒鸡胸肉（减脂）,花菜炒鸡胸肉,1,删除括号说明
95813,腐乳牛百叶,腐乳牛百叶,0,未修改
95830,香菇粉条炒肉,香菇粉条炒肉,0,未修改
95845,家庭版干锅口味花菜                  简易快手版,干锅口味花菜 简易快手版,1,删除场景定语
95857,黄酒蘑菇炖鸡,黄酒蘑菇炖鸡,0,未修改
95863,红烧毛豆青鱼块,红烧毛豆青鱼块,0,未修改
95905,尖椒炒鸡杂,尖椒炒鸡杂,0,未修改
95948,葱香青椒胡萝卜炒蛋,葱香青椒胡萝卜炒蛋,0,未修改
95951,彩椒油爆虾,彩椒油爆虾,0,未修改
95970,超好吃的蒸菜苦菊清淡减脂减肥家常菜素菜,蒸菜苦菊清淡减脂减肥家常菜素菜,1,删除营销定语
95981,Feeling私房菜——酸辣肚丝汤,Feeling私房菜——酸辣肚丝汤,0,未修改
95988,一鱼两吃（下）竹笋奶汤,一鱼两吃竹笋奶汤,1,删除括号说明
96008,卤水豆腐,卤水豆腐,0,未修改
96027,竹笋炒肉,竹笋炒肉,0,未修改
96031,家的味道五花肉豆角小土豆,家的味道五花肉豆角小土豆,0,未修改
96108,京酱肉丝,京酱肉丝,0,未修改
96125,苦瓜炒小鸡蛋,苦瓜炒小鸡蛋,0,未修改
96128,轻食系列：草莓香蕉奶昔,轻食系列：草莓香蕉奶昔,0,未修改
96149,油爆虾,油爆虾,0,未修改
96177,莴笋炒腊肉,莴笋炒腊肉,0,未修改
96220,地道东北酸菜炖猪骨（灵魂蘸蒜酱版）,地道东北酸菜炖猪骨,1,删除括号说明
96222,笋干炒空心菜,笋干炒空心菜,0,未修改
96224,啤酒鱼,啤酒鱼,0,未修改
96239,秒杀外卖黄焖鸡,秒杀外卖黄焖鸡,0,未修改
96248,香菇炒鸡肉,香菇炒鸡肉,0,未修改
96255,小白菜西红柿烩粉条,小白菜西红柿烩粉条,0,未修改
96270,招牌减脂番茄冬瓜汤｜多次改版｜亲测有效,招牌减脂番茄冬瓜汤｜多次改版｜亲测有效,0,未修改
96290,咖喱蟹,咖喱蟹,0,未修改
96314,五彩素炒油豆皮,五彩素炒油豆皮,0,未修改
96337,南昌炒粉,南昌炒粉,0,未修改
96362,米饭类||💢台式卤肉饭🥙拌饭好诱人,米饭类||台式卤肉饭拌饭好诱人,1,删除装饰符号
96391,广式腊肠炒菜心,广式腊肠炒菜心,0,未修改
96403,马来西亚槟城白咖喱面,马来西亚槟城白咖喱面,0,未修改
96409,土豆炖牛腩,土豆炖牛腩,0,未修改
96444,简易快手版狮子头～（红烧肉丸子）,简易快手版狮子头,1,删除括号说明
96447,简易版酸菜鱼（巴沙鱼片）,简易版酸菜鱼,1,删除括号说明
96463,香辣过瘾❗️无敌下饭的麻辣鸡腿，口感细嫩鲜香,香辣过瘾️无敌下饭的麻辣鸡腿,1,删除宣传后句；删除装饰符号
96479,可荤可素的下饭菜——蘑菇青椒炒鸡蛋,可荤可素的下饭菜——蘑菇青椒炒鸡蛋,0,未修改
96497,香煎豆腐,香煎豆腐,0,未修改
96498,自制番茄牛腩萝卜腐竹年糕汤 吃完不用吃饭啦,番茄牛腩萝卜腐竹年糕汤 吃完不用吃饭啦,1,删除营销定语
96543,别再手撕了，试试酸香可口的土耳其家常包菜,别再手撕了,1,删除宣传后句
96591,茶树菇山药炒黑木耳,茶树菇山药炒黑木耳,0,未修改
96648,啤酒红烧排骨（川粤混合版）,啤酒红烧排骨,1,删除括号说明
96666,苦瓜裹咸蛋黄,苦瓜裹咸蛋黄,0,未修改
96672,炝炒红菜苔,炝炒红菜苔,0,未修改
96680,凉拌藕片,凉拌藕片,0,未修改
96743,红烧带鱼,红烧带鱼,0,未修改
96750,西洋菜猪心汤-快手,西洋菜猪心汤-快手,0,未修改
96751,牛腩炖土豆,牛腩炖土豆,0,未修改
96752,清蒸大闸蟹🦀🦀🦀（这菜太简单，不知道该写点啥）,清蒸大闸蟹,1,删除括号说明；删除装饰符号
96786,家常鲜锅兔,家常鲜锅兔,0,未修改
96787,秘制芸豆炖土豆,芸豆炖土豆,1,删除营销定语
96788,香辣豆干猪颈肉,香辣豆干猪颈肉,0,未修改
96807,什锦鱼杂煲,什锦鱼杂煲,0,未修改
96808,超简单下饭榨菜炒肉丝,榨菜炒肉丝,1,删除营销定语
96830,零基础的 广西 客家糯米豆腐酿,零基础的 广西 客家糯米豆腐酿,0,未修改
96834,敲简单的番茄蛋汤,敲简单的番茄蛋汤,0,未修改
96844,番茄豆腐汤（番茄搞定未煮完的火锅剩菜）,番茄豆腐汤,1,删除括号说明
96879,青椒洋葱炒牛肉❤️,青椒洋葱炒牛肉️,1,删除装饰符号
96897,素三鲜芹菜大蒸饺@素包→家庭小试,素三鲜芹菜大蒸饺@素包→家庭小试,0,未修改
96916,海鲜粥,海鲜粥,0,未修改
96917,【孕妇食谱】野蘑菇炖鸡,野蘑菇炖鸡,1,删除开头标签
96921,家常爽口泡萝卜,家常爽口泡萝卜,0,未修改
96924,蒜蓉粉丝蒸龙虾,蒜蓉粉丝蒸龙虾,0,未修改
96940,赤苏口水虾,赤苏口水虾,0,未修改
96946,排骨玉米靓汤,排骨玉米靓汤,0,未修改
96948,无敌下饭的️青椒炒鸡蛋，5分钟快手家常菜,无敌下饭的️青椒炒鸡蛋,1,删除宣传后句
96954,正宗湖南剁辣椒,正宗湖南剁辣椒,0,未修改
96974,爽脆牛（包）心菜丝,爽脆牛心菜丝,1,删除括号说明
97009,酸辣茭白笋丁,酸辣茭白笋丁,0,未修改
97048,清蒸黄花鱼,清蒸黄花鱼,0,未修改
97076,腊八粥,腊八粥,0,未修改
97088,#家常菜#四川家常菜香菇莴笋烧兔丁🐰,四川家常菜香菇莴笋烧兔丁,1,删除话题说明；删除装饰符号
97096,娃娃菜炒粉丝,娃娃菜炒粉丝,0,未修改
97111,虾仁炒荷兰豆,虾仁炒荷兰豆,0,未修改
97138,加这两样东西，有机花菜更好吃,加这两样东西,1,删除宣传后句
97148,丝瓜肉沫鸡蛋汤,丝瓜肉沫鸡蛋汤,0,未修改
97161,秘制：西式土豆炖牛肉,西式土豆炖牛肉,1,删除营销定语
97166,干锅土豆片,干锅土豆片,0,未修改
97171,火爆双脆,火爆双脆,0,未修改
97183,红烧土豆🥔,红烧土豆,1,删除装饰符号
97190,山药佛手瓜清炒橄榄菜（健康餐）,山药佛手瓜清炒橄榄菜,1,删除括号说明
97205,宫保菇丁,宫保菇丁,0,未修改
97225,与你（芋泥）有缘（圆）四喜汤（素食）,与你有缘四喜汤,1,删除括号说明
97251,虾皮胡罗卜蛋饼(学生营养早餐),虾皮胡罗卜蛋饼,1,删除括号说明
97253,蒜泥炒莴笋叶,蒜泥炒莴笋叶,0,未修改
97263,剁椒蒜蓉金针菇,剁椒蒜蓉金针菇,0,未修改
97288,小心肝（鸡心炒鸡肝）,小心肝,1,删除括号说明
97299,道县焖草鱼,道县焖草鱼,0,未修改
97376,蚝油蒜蓉香菇青菜,蚝油蒜蓉香菇青菜,0,未修改
97385,低卡西兰花炒鸡胸肉,低卡西兰花炒鸡胸肉,0,未修改
97450,浓味酱烧茄条,浓味酱烧茄条,0,未修改
97452,滑蛋虾仁如何才能好吃？,滑蛋虾仁如何才能好吃？,0,未修改
97456,白灼菜心,白灼菜心,0,未修改
97563,凉拌牛肉,凉拌牛肉,0,未修改
97618,🍀时令🍀香椿炒鸡蛋,时令香椿炒鸡蛋,1,删除装饰符号
97715,青椒炒土豆丝,青椒炒土豆丝,0,未修改
97720,豆腐酿,豆腐酿,0,未修改
97740,豆腐鲫鱼汤，奶白色好看又好吃！,豆腐鲫鱼汤,1,删除宣传后句
97756,馅饼（猪肉圆葱）稀面饼,馅饼稀面饼,1,删除括号说明
97760,瘦身麻婆茄子,瘦身麻婆茄子,0,未修改
97761,超好吃的黄桃色拉虾！卡路里，暂时就不要去想了,黄桃色拉虾,1,删除营销定语；删除宣传后句
97769,咸鱼烧茄子🍆第一口就惊艳到你的神菜‼️,咸鱼烧茄子第一口就惊艳到你的神菜‼️,1,删除装饰符号
97788,蒜爆卷心菜,蒜爆卷心菜,0,未修改
97805,韭菜炒扇贝,韭菜炒扇贝,0,未修改
97831,酸辣包菜,酸辣包菜,0,未修改
97846,微辣的土豆烧牛肉,微辣的土豆烧牛肉,0,未修改
97851,番茄土豆胡萝卜炖牛腩,番茄土豆胡萝卜炖牛腩,0,未修改
97862,虾米肉末蒸豆腐（伊莱特IH土锅）,虾米肉末蒸豆腐,1,删除括号说明
97882,西辣蛋,西辣蛋,0,未修改
97884,酸辣包菜,酸辣包菜,0,未修改
97934,西红柿炒鸡蛋〔快手下饭菜〕,西红柿炒鸡蛋〔快手下饭菜〕,0,未修改
97936,剁椒蒸带鱼,剁椒蒸带鱼,0,未修改
97949,快手家常酸辣汤,家常酸辣汤,1,删除营销定语
97986,蒜炒香肠,蒜炒香肠,0,未修改
98002,【土鸡火腿养生煲】,土鸡火腿养生煲,1,展开标题方括号
98023,『家常料理笔记』素菜也可以很下饭．鸡毛菜炒毛豆,『家常料理笔记』素菜也可以很下饭．鸡毛菜炒毛豆,0,未修改
98042,粉丝猪肉炒娃娃菜,粉丝猪肉炒娃娃菜,0,未修改
98078,炒苋菜,炒苋菜,0,未修改
98085,五花肉泡菜豆腐汤🥘（快手早餐）,五花肉泡菜豆腐汤,1,删除括号说明；删除装饰符号
98094,炸藕夹,炸藕夹,0,未修改
98131,爬跳一锅鲜（大闸蟹昂刺鱼和南湖菱的一期一会）,爬跳一锅鲜,1,删除括号说明
98138,酸菜炒牛肉,酸菜炒牛肉,0,未修改
98149,白菜炖豆腐,白菜炖豆腐,0,未修改
98174,春笋炒香干🍃是杭州人最爱的老底子菜～,春笋炒香干是杭州人最爱的老底子菜,1,删除装饰符号
98185,酸辣手撕茄子,酸辣手撕茄子,0,未修改
98201,酸笋炒肉,酸笋炒肉,0,未修改
98202,蒜蓉粉丝蒸娃娃菜,蒜蓉粉丝蒸娃娃菜,0,未修改
98232,鸡米芽菜,鸡米芽菜,0,未修改
98271,快手菜−凉拌米凉粉,菜−凉拌米凉粉,1,删除营销定语
98278,香椿鸡蛋,香椿鸡蛋,0,未修改
98303,凉拌腐竹🥒,凉拌腐竹,1,删除装饰符号
98311,四季豆橄榄菜,四季豆橄榄菜,0,未修改
98340,鱼丸炒青椒,鱼丸炒青椒,0,未修改
98341,不加一滴水❗️自制家庭版三汁焖锅❗️,不加一滴水️自制家庭版三汁焖锅️,1,删除装饰符号
98392,水煮白虾,水煮白虾,0,未修改
98394,白菜豆腐煲,白菜豆腐煲,0,未修改
98397,大碗花菜,大碗花菜,0,未修改
98423,【健康少油】青椒炒牛肉（附少油也能炒出嫩肉㊙️诀）,青椒炒牛肉,1,展开标题方括号；删除括号说明；删除营销定语
98426,家常菜土豆烧豆角茄子,家常菜土豆烧豆角茄子,0,未修改
98428,快炒绿豆芽 - 夏日必备 清爽可口,快炒绿豆芽 - 夏日必备 清爽可口,0,未修改
98449,辣炒牛蛙,辣炒牛蛙,0,未修改
98458,荷兰豆炒香肠,荷兰豆炒香肠,0,未修改
98473,超级简单美味的皮蛋瘦肉粥,皮蛋瘦肉粥,1,删除营销定语
98495,鸭血豆腐粉丝汤,鸭血豆腐粉丝汤,0,未修改
98516,清炒蒜蓉金针菇,清炒蒜蓉金针菇,0,未修改
98522,番茄肥牛,番茄肥牛,0,未修改
98595,榨菜肉丝米线/面,榨菜肉丝米线/面,0,未修改
98621,不输饭店的烤箱版蜜汁叉烧肉,不输饭店的烤箱版蜜汁叉烧肉,0,未修改
98629,肉末蒸鹌鹑蛋,肉末蒸鹌鹑蛋,0,未修改
98646,青辣椒炒肉,青辣椒炒肉,0,未修改
98692,百里香蘑菇浓汤，三步搞定！,百里香蘑菇浓汤,1,删除宣传后句
98706,西红柿香菜豆腐羹,西红柿香菜豆腐羹,0,未修改
98744,山药炒培根,山药炒培根,0,未修改
98798,包菜这样炒才下饭，又香又好吃，次次做都光盘,包菜这样炒才下饭,1,删除宣传后句
98816,五花肉炒黄花菜💥无敌美味,五花肉炒黄花菜无敌美味,1,删除装饰符号
98867,懒人菜谱--素酱拌面,菜谱--素酱拌面,1,删除营销定语
98891,超下饭虾皮豆豉炒青椒,虾皮豆豉炒青椒,1,删除营销定语
98924,鸡蛋肉丝炒圆白菜（包菜）,鸡蛋肉丝炒圆白菜,1,删除括号说明
98952,茶油仔姜炒鸡,茶油仔姜炒鸡,0,未修改
98993,辣椒和蛋不一样的做法－－辣椒铺蛋,辣椒和蛋不一样的做法－－辣椒铺蛋,0,未修改
99022,辣炒尖椒皮蛋,辣炒尖椒皮蛋,0,未修改
99032,蚂蚁上树(肉沫粉丝),蚂蚁上树,1,删除括号说明
99057,【家常菜】苍蝇头,苍蝇头,1,删除开头标签
99064,栗子香菇焖鸡翅,栗子香菇焖鸡翅,0,未修改
99072,满盘尽是“黄金沙”的【金沙豆腐】,满盘尽是黄金沙的【金沙豆腐】,1,未修改
99074,榨菜炒鸡蛋--太太乐鲜鸡汁,榨菜炒鸡蛋--太太乐鲜鸡汁,0,未修改
99091,土豆胡萝卜牛肉咖喱饭,土豆胡萝卜牛肉咖喱饭,0,未修改
99117,土豆丝腊肠,土豆丝腊肠,0,未修改
99130,茼蒿炒肉,茼蒿炒肉,0,未修改
99143,超赞香煎豆腐❗简单快手‼️,赞香煎豆腐简单快手‼️,1,删除营销定语；删除装饰符号
99176,🔥超下饭的干煸四季豆，比肉还好吃‼️,超下饭的干煸四季豆,1,删除宣传后句；删除装饰符号
99182,低卡无油红薯卡仕达酱,低卡无油红薯卡仕达酱,0,未修改
99197,青椒炒蛋,青椒炒蛋,0,未修改
99225,鱼籽粑,鱼籽粑,0,未修改
99240,冰镇柠檬汁,冰镇柠檬汁,0,未修改
99253,秋葵炒肉,秋葵炒肉,0,未修改
99317,酸菜鱼🐟🐟🐟【又酸又菜又多鱼~】,酸菜鱼【又酸又菜又多鱼~】,1,删除装饰符号
99324,芦笋炒牛肉,芦笋炒牛肉,0,未修改
99336,村里来的小笨鸡炖蘑菇,村里来的小笨鸡炖蘑菇,0,未修改
99339,贵州木耳炒肉,贵州木耳炒肉,0,未修改
99345,黑椒鸡丁,黑椒鸡丁,0,未修改
99352,省时美味-香炒番茄巴沙鱼块,省时美味-香炒番茄巴沙鱼块,0,未修改
99364,萝卜羊骨汤,萝卜羊骨汤,0,未修改
99384,香菜烧豆腐,香菜烧豆腐,0,未修改
99425,爆炒猪心,爆炒猪心,0,未修改
99470,香而不腻的洋葱炒肉片,香而不腻的洋葱炒肉片,0,未修改
99495,减脂增肌——西兰花炒鸡胸肉,增肌——西兰花炒鸡胸肉,1,删除营销定语
99521,鸡腿炒木耳,鸡腿炒木耳,0,未修改
99529,娃娃菜蒸鸡肉（懒人做法）,娃娃菜蒸鸡肉,1,删除括号说明
99547,妈妈拿手菜卤猪肝（k66）,妈妈拿手菜卤猪肝,1,删除括号说明
99564,红烧排骨炖菜萝卜,红烧排骨炖菜萝卜,0,未修改
99569,照烧鸡排饭,照烧鸡排饭,0,未修改
99605,葱油生菜,葱油生菜,0,未修改
99620,虾仁炒豆腐,虾仁炒豆腐,0,未修改
99622,超级下饭的黄焖鸡,黄焖鸡,1,删除营销定语
99624,米饭杀手小炒肉,米饭杀手小炒肉,0,未修改
99633,酒香藕尖,酒香藕尖,0,未修改
99657,萝卜煮生蚝,萝卜煮生蚝,0,未修改
99670,夏日精品凉拌金针菇,夏日精品凉拌金针菇,0,未修改
99672,鲜掉眉毛的虾面（虾仁青菜面）,鲜掉眉毛的虾面,1,删除括号说明
99691,麻婆豆腐（10分钟版）,麻婆豆腐,1,删除括号说明
99706,软糯下饭的红烧肉,软糯下饭的红烧肉,0,未修改
99734,升级版皮蛋瘦肉粥超鲜,升级版皮蛋瘦肉粥超鲜,0,未修改
99748,小米海参粥,小米海参粥,0,未修改
99764,榨菜末拌茄条（译）,榨菜末拌茄条,1,删除括号说明
99768,豉汁排骨蒸粉丝,豉汁排骨蒸粉丝,0,未修改
99771,猪皮冻最简单的做法,猪皮冻最简单的做法,0,未修改
99793,菊花豆腐汤——《茜你一顿饭》最美素斋,菊花豆腐汤——茜你一顿饭最美素斋,1,未修改
99829,番茄烩鸡片,番茄烩鸡片,0,未修改
99833,【菜鸟食记7】4步煎好新奥尔良口味鸡翅,菜鸟食记7 4步煎好新奥尔良口味鸡翅,1,展开标题方括号
99852,全素口蘑豆浆藜麦饭【健康一锅端】,全素口蘑豆浆藜麦饭【健康一锅端】,0,未修改
99859,冰城串吧版东北大拉皮,冰城串吧版东北大拉皮,0,未修改
99862,木须鸡肉,木须鸡肉,0,未修改
99868,超下饭魔芋炒牛肉,魔芋炒牛肉,1,删除营销定语
99922,老丁的私房菜－竹笋烧鸡,老丁的私房菜－竹笋烧鸡,0,未修改
99965,锅包肉,锅包肉,0,未修改
99970,香菇煎豆腐,香菇煎豆腐,0,未修改
99993,三鲜芋头泥,三鲜芋头泥,0,未修改
100000,软中带脆的干锅花菜,软中带脆的干锅花菜,0,未修改
100023,潮汕苦瓜肉馅汤,潮汕苦瓜肉馅汤,0,未修改
100025,瑶柱花生莲藕排骨汤,瑶柱花生莲藕排骨汤,0,未修改
100028,茭白炒肉丝,茭白炒肉丝,0,未修改
100084,好吃的炸香椿芽,炸香椿芽,1,删除营销定语
100096,冬瓜虾皮汤,冬瓜虾皮汤,0,未修改
100113,洋葱青椒沙巴鱼（挺快手的）,洋葱青椒沙巴鱼,1,删除括号说明
100125,玉米土豆浓汤,玉米土豆浓汤,0,未修改
100139,猪肉丸子冬瓜汤,猪肉丸子冬瓜汤,0,未修改
100141,大虾炒白菜,大虾炒白菜,0,未修改
100145,轻炒线椒土豆丝,轻炒线椒土豆丝,0,未修改
100149,炒花蟹,炒花蟹,0,未修改
100156,杏鲍菇牛肉粒,杏鲍菇牛肉粒,0,未修改
100160,豆角土豆炖菜,豆角土豆炖菜,0,未修改
100161,素肉燥拌面,素肉燥拌面,0,未修改
100167,牙签五花肉,牙签五花肉,0,未修改
100175,黑木耳炒鸡蛋,黑木耳炒鸡蛋,0,未修改
100176,香菇炒豌豆㊙超级开胃的下饭菜~,香菇炒豌豆㊙超级开胃的下饭菜,1,未修改
100179,刀鱼扒白菜,刀鱼扒白菜,0,未修改
100190,补肝益气健脾胃——花菇灵芝养生汤,补肝益气健脾胃——花菇灵芝养生汤,0,未修改
100205,炒牛肉丝,炒牛肉丝,0,未修改
100206,毛豆炒肉丝,毛豆炒肉丝,0,未修改
100251,玉米糁红薯粥,玉米糁红薯粥,0,未修改
100261,荷包辣椒荷包蛋,荷包辣椒荷包蛋,0,未修改
100268,家常角瓜炒鸡蛋,家常角瓜炒鸡蛋,0,未修改
100279,炒包菜『简单易做的快手菜』『懒人的福音』,炒包菜『简单易做的快手菜』『懒人的福音』,0,未修改
100295,洋葱回锅肉,洋葱回锅肉,0,未修改
100315,脆椒香辣虾,脆椒香辣虾,0,未修改
100337,西红柿炒豆腐,西红柿炒豆腐,0,未修改
100363,【豆渣蔬菜鸡蛋饼】在家做豆浆必备,豆渣蔬菜鸡蛋饼 在家做豆浆必备,1,展开标题方括号
100380,老丁的私房菜-腊排骨炖萝卜,老丁的私房菜-腊排骨炖萝卜,0,未修改
100384,毛豆烧鸡腿,毛豆烧鸡腿,0,未修改
100391,🍆茄汁拌面🍜,茄汁拌面,1,删除装饰符号
100411,特色美食：清炒小白菜,特色美食：清炒小白菜,0,未修改
100435,中式天妇罗，各种炸,中式天妇罗,1,删除宣传后句
100458,蒜蓉粉丝蒸扇贝（海鲜系列七）,蒜蓉粉丝蒸扇贝,1,删除括号说明
100473,丝瓜鸡蛋汤,丝瓜鸡蛋汤,0,未修改
100490,椒麻口水鸡,椒麻口水鸡,0,未修改
100538,清炒花生芽🥜,清炒花生芽,1,删除装饰符号
100547,腊排骨炖冬笋&一菜两吃,腊排骨炖冬笋&一菜两吃,0,未修改
100552,豆腐炒鸡蛋,豆腐炒鸡蛋,0,未修改
100604,皮蛋瘦肉粥,皮蛋瘦肉粥,0,未修改
100615,蟹肉白菜卷（翠玉卷）,蟹肉白菜卷,1,删除括号说明
100636,一帆风顺餐,一帆风顺餐,0,未修改
100657,【小森妈妈菜谱】竹笙鲍鱼炖花胶,小森妈妈菜谱 竹笙鲍鱼炖花胶,1,展开标题方括号
100676,『7017家的石锅嫩豆腐』家常版,『7017家的石锅嫩豆腐』家常版,0,未修改
100705,超多肉能吃饱的大满足牛肉蔬菜汤,多肉能吃饱的大满足牛肉蔬菜汤,1,删除营销定语
100711,🍖蒸生蚝🍖,蒸生蚝,1,删除装饰符号
100717,辣椒炒西葫芦,辣椒炒西葫芦,0,未修改
100749,盐水鸡,盐水鸡,0,未修改
100756,牛肉炒茭白,牛肉炒茭白,0,未修改
100757,汆羊肉,汆羊肉,0,未修改
100805,五花肉腐竹煲,五花肉腐竹煲,0,未修改
100817,香菇烩豆腐,香菇烩豆腐,0,未修改
100835,扁豆炒肉,扁豆炒肉,0,未修改
100871,美味的💜豆腐炒肉,豆腐炒肉,1,删除营销定语；删除装饰符号
100875,什锦苦瓜炒肉丝,什锦苦瓜炒肉丝,0,未修改
100906,秘制红烧肉,红烧肉,1,删除营销定语
100952,洋葱羊肉片（伊莱特炒菜机器人）,洋葱羊肉片,1,删除括号说明
100966,香菇冬笋银耳蒸鸡,香菇冬笋银耳蒸鸡,0,未修改
100973,让人想起家乡味道的酱炒地三鲜，能吃一大碗饭,让人想起家乡味道的酱炒地三鲜,1,删除宣传后句
100978,【樉樉的小厨房】味美汁浓上海本帮菜小美版～鹌鹑蛋红烧肉,樉樉的小厨房 味美汁浓上海本帮菜小美版～鹌鹑蛋红烧肉,1,展开标题方括号
100989,卤鸡蛋,卤鸡蛋,0,未修改
100999,姜葱牛舌(快手菜),姜葱牛舌,1,删除括号说明
101001,酸奶汤圆芋圆小团子,酸奶汤圆芋圆小团子,0,未修改
101031,肉豆蔻梨牛奶热饮,肉豆蔻梨牛奶热饮,0,未修改
101043,韩式炒年糕,韩式炒年糕,0,未修改
101052,法国西红柿肉盏,法国西红柿肉盏,0,未修改
101097,家常春饼,家常春饼,0,未修改
101103,蒜苗青椒炒肉丝,蒜苗青椒炒肉丝,0,未修改
101112,红烧牛腩牛板筋,红烧牛腩牛板筋,0,未修改
101129,素炒藕片,素炒藕片,0,未修改
101137,玉米烧排骨,玉米烧排骨,0,未修改
101146,诺妈家的肉沫炖蛋，简单，下饭！,诺妈家的肉沫炖蛋,1,删除宣传后句
101163,超简单快速菜金汤肥牛,快速菜金汤肥牛,1,删除营销定语
101194,虾滑酿羊肚菌蒸蛋,虾滑酿羊肚菌蒸蛋,0,未修改
101225,酸甜辣酱鸡爪,酸甜辣酱鸡爪,0,未修改
101227,芙蓉茭白丝炒毛豆,芙蓉茭白丝炒毛豆,0,未修改
101229,蚝油蒜蓉西兰花,蚝油蒜蓉西兰花,0,未修改
101265,蒜蓉蚝油西兰花,蒜蓉蚝油西兰花,0,未修改
101281,香茅蘑菇炒虾仁,香茅蘑菇炒虾仁,0,未修改
101322,拔丝红薯,拔丝红薯,0,未修改
101328,腊八粥,腊八粥,0,未修改
101338,土豆片辣椒炒肉,土豆片辣椒炒肉,0,未修改
101346,粉丝包菜,粉丝包菜,0,未修改
101359,茄子烧土豆,茄子烧土豆,0,未修改
101366,甜酒糟酸,甜酒糟酸,0,未修改
101369,青椒茭白炒肉丝,青椒茭白炒肉丝,0,未修改
101393,老妈的芙蓉鸡片汤,老妈的芙蓉鸡片汤,0,未修改
101395,两人食快手菜之肉末茄子,两人食快手菜之肉末茄子,0,未修改
101400,好吃的酿白菜白菜卷,酿白菜白菜卷,1,删除营销定语
101423,提神醒脑清热解暑的薄荷炒鸡蛋,提神醒脑清热解暑的薄荷炒鸡蛋,0,未修改
101427,下饭神器咸蛋黄豆腐煲，汤汁鲜香浓郁！,神器咸蛋黄豆腐煲,1,删除营销定语；删除宣传后句
101438,万州烤鱼风味蒸钳鱼（全程一个盘）,万州烤鱼风味蒸钳鱼,1,删除括号说明
101470,辣炒鸡架,辣炒鸡架,0,未修改
101483,快手版：酸汤肥牛,版：酸汤肥牛,1,删除营销定语
101507,豆筋烧肉,豆筋烧肉,0,未修改
101534,肉炒豆芽,肉炒豆芽,0,未修改
101575,豉汁蒸排骨,豉汁蒸排骨,0,未修改
101582,虾酱荷兰豆,虾酱荷兰豆,0,未修改
101596,超级无敌下饭菜——金针菇日本豆腐,无敌下饭菜——金针菇日本豆腐,1,删除营销定语
101629,番茄海参面片汤,番茄海参面片汤,0,未修改
101651,青椒肉丝,青椒肉丝,0,未修改
101653,简单随意宫爆鸡丁,随意宫爆鸡丁,1,删除营销定语
101715,凉拌麻酱西葫芦（净素食）,凉拌麻酱西葫芦,1,删除括号说明
101719,健康少油版—脆皮五花肉,版—脆皮五花肉,1,删除营销定语
101734,🍲煲仔饭焖饭的灵魂🍲浇头🍶,煲仔饭焖饭的灵魂浇头,1,删除装饰符号
101768,青红椒炒香干‼️给肉都不换,青红椒炒香干‼️给肉都不换,0,未修改
101784,超下饭的爆炒鸡肝,爆炒鸡肝,1,删除营销定语
101796,烧豆腐,烧豆腐,0,未修改
101797,全程无难点的超入味儿微辣黄焖鸡,全程无难点的超入味儿微辣黄焖鸡,0,未修改
101808,牛肉萝卜汤,牛肉萝卜汤,0,未修改
101833,迷迭香红酒炖小羊肉,迷迭香红酒炖小羊肉,0,未修改
101859,猪耳豆角炒肉片,猪耳豆角炒肉片,0,未修改
101863,凉拌酱爆肉丝杂菜（超级满足的超级大拌菜）,凉拌酱爆肉丝杂菜,1,删除括号说明
101867,居家待客常用的素菜:红烧茄子,居家待客常用的素菜:红烧茄子,0,未修改
101871,省事又下饭的肉末蒸茄子,省事又下饭的肉末蒸茄子,0,未修改
101896,雪菜黄鱼煨年糕,雪菜黄鱼煨年糕,0,未修改
101912,花蛤蒸蛋,花蛤蒸蛋,0,未修改
101913,凉拌鸡蛋干,凉拌鸡蛋干,0,未修改
101919,干锅肥肠,干锅肥肠,0,未修改
101936,香辣茄丁烩土豆,香辣茄丁烩土豆,0,未修改
101970,椒盐排骨,椒盐排骨,0,未修改
101989,懒人周末红豆薏米粥,周末红豆薏米粥,1,删除营销定语
101997,虾米白菜,虾米白菜,0,未修改
102001,🔥 贝勒爷羊肉卷🐑不是烤肉胜烤肉🤪炒鸡下饭,贝勒爷羊肉卷不是烤肉胜烤肉炒鸡下饭,1,删除装饰符号
102021,速成不用腌#土豆炖牛肉五香软糯劲道入味,速成不用腌#土豆炖牛肉五香软糯劲道入味,0,未修改
102022,羊肉炖萝卜,羊肉炖萝卜,0,未修改
102023,焖羊肉,焖羊肉,0,未修改
102051,牛肉丸子萝卜汤,牛肉丸子萝卜汤,0,未修改
102078,炒出营养丰富的大白菜,炒出营养丰富的大白菜,0,未修改
102096,三步搞定的清蒸桂鱼,清蒸桂鱼,1,删除场景定语
102138,素茄盒,素茄盒,0,未修改
102141,西葫芦炒蛋（原来朴素最有力量）,西葫芦炒蛋,1,删除括号说明
102158,干锅花菜～炒出了烧烤感,干锅花菜～炒出了烧烤感,0,未修改
102214,黑胡椒牛肉,黑胡椒牛肉,0,未修改
102302,爆炒鸡杂，超下饭！！,爆炒鸡杂,1,删除宣传后句
102303,肉末蒸豆腐,肉末蒸豆腐,0,未修改
102307,家常粤式鱼香茄子,家常粤式鱼香茄子,0,未修改
102348,不会破皮且肉质筋道的滋补人参老母鸡汤,不会破皮且肉质筋道的滋补人参老母鸡汤,0,未修改
102356,番茄金针菇牛肉煮,番茄金针菇牛肉煮,0,未修改
102383,小羽私厨之鸡蛋土豆米饭饼,小羽私厨之鸡蛋土豆米饭饼,0,未修改
102392,蒜蓉粉丝蒸虾，粉丝比虾还好吃,蒜蓉粉丝蒸虾,1,删除宣传后句
102394,西红柿炖牛腩(罗宋汤口感),西红柿炖牛腩,1,删除括号说明
102516,快手菜：热拌爽口大白菜,热拌爽口大白菜,1,删除分类前缀
102517,潮汕咸菜猪肚汤,潮汕咸菜猪肚汤,0,未修改
102572,香菜牛肉,香菜牛肉,0,未修改
102607,炒地瓜叶,炒地瓜叶,0,未修改
102623,白萝卜炒肉,白萝卜炒肉,0,未修改
102662,青椒香肠炒面,青椒香肠炒面,0,未修改
102666,家常菜素炒花菜,家常菜素炒花菜,0,未修改
102669,少油版🍆肉沫茄子盖浇饭,版肉沫茄子盖浇饭,1,删除营销定语；删除装饰符号
102671,干锅鸡翅,干锅鸡翅,0,未修改
102689,糯米蒸排骨,糯米蒸排骨,0,未修改
102729,金钩冬瓜,金钩冬瓜,0,未修改
102736,红烧肉卤蛋,红烧肉卤蛋,0,未修改
102764,包菜炒鸡胸健身餐,包菜炒鸡胸健身餐,0,未修改
102784,白菜猪肉饺子-奶奶的味道,白菜猪肉饺子-奶奶的味道,0,未修改
102797,老少皆宜的开胃拌鸡丝,老少皆宜的开胃拌鸡丝,0,未修改
102804,香嫩番薯藤#麦子厨房美食锅#,香嫩番薯藤,1,删除话题说明
102809,快手家常便当🍱 广式腊肠炒莴笋+芝士鱼丸,家常便当 广式腊肠炒莴笋+芝士鱼丸,1,删除营销定语；删除装饰符号
102814,香辣蒜蓉辣椒酱,香辣蒜蓉辣椒酱,0,未修改
102833,韭黄鲜肉春卷,韭黄鲜肉春卷,0,未修改
102851,超简单素炒平菇,素炒平菇,1,删除营销定语
102890,经典川菜芋儿烧肉,经典川菜芋儿烧肉,0,未修改
102906,快手版 - 熟醉蟹,版 - 熟醉蟹,1,删除营销定语
102918,醋溜白（酸甜可口）,醋溜白,1,删除括号说明
102923,鲜、香、美味《鸡蛋酱》拌面的绝配,鲜、香、美味鸡蛋酱拌面的绝配,1,未修改
103007,豆腐皮鸡毛菜,豆腐皮鸡毛菜,0,未修改
103032,日本豆腐炒金针菇,日本豆腐炒金针菇,0,未修改
103069,🐓炒鸡好吃的香辣炒鸡🐓,炒鸡好吃的香辣炒鸡,1,删除装饰符号
103074,【跟我做不会错】芦笋炒鸡肉，健康美味，一学就会,芦笋炒鸡肉,1,删除开头标签；删除说明性后缀；删除宣传后句
103086,蒜香雪豆虾仁,蒜香雪豆虾仁,0,未修改
103139,宝宝爱吃的，香菇炒花菜,，香菇炒花菜,1,删除场景定语
103160,嫩豆腐鲫鱼汤,嫩豆腐鲫鱼汤,0,未修改
103184,超下饭｜沙姜麻油鸭,沙姜麻油鸭,1,删除营销定语
103191,“小荔枝口”宫保鸡丁,小荔枝口宫保鸡丁,1,未修改
103202,粉粉甜甜的虾皮瑶柱煮节瓜,粉粉甜甜的虾皮瑶柱煮节瓜,0,未修改
103223,虾球西红柿豆腐汤,虾球西红柿豆腐汤,0,未修改
103234,青椒四季豆芽菜炒肉末,青椒四季豆芽菜炒肉末,0,未修改
103247,西兰花炒虾仁,西兰花炒虾仁,0,未修改
103253,杏鲍菇炒荷兰豆,杏鲍菇炒荷兰豆,0,未修改
103273,鲜香嫩滑日本豆腐虾仁蒸蛋🍤低脂0⃣️失败,鲜香嫩滑日本豆腐虾仁蒸蛋低脂0⃣️失败,1,删除装饰符号
103302,东北人的黄瓜炒鸡蛋,东北人的黄瓜炒鸡蛋,0,未修改
103311,青椒炒藕片,青椒炒藕片,0,未修改
103315,甜菜根番茄豆腐汤,甜菜根番茄豆腐汤,0,未修改
103333,豆腐冬瓜花蛤汤,豆腐冬瓜花蛤汤,0,未修改
103357,蒜蓉辣酱炒鸡丁,蒜蓉辣酱炒鸡丁,0,未修改
103432,闷虾/金针菇/海鲜菇/巴沙鱼/番茄炒蛋的好方子,闷虾/金针菇/海鲜菇/巴沙鱼/番茄炒蛋的好方子,0,未修改
103436,瘦肉萝卜丝,瘦肉萝卜丝,0,未修改
103442,暖心暖胃羊杂萝卜汤,暖心暖胃羊杂萝卜汤,0,未修改
103471,蚝油虾仁鱼饼炒芦笋,蚝油虾仁鱼饼炒芦笋,0,未修改
103473,南瓜蒸肉饼,南瓜蒸肉饼,0,未修改
103480,萝卜丝蛤蜊汤,萝卜丝蛤蜊汤,0,未修改
103508,肉炒黑豆芽（伊莱特炒菜机器人）,肉炒黑豆芽,1,删除括号说明
103556,宝宝肉末粥（伊莱特能量土锅）,宝宝肉末粥,1,删除括号说明
103599,蛋黄蒸豇豆,蛋黄蒸豇豆,0,未修改
103614,海鲜什锦煲,海鲜什锦煲,0,未修改
103633,油焖新鲜雷笋,油焖新鲜雷笋,0,未修改
103635,辣椒酿肉,辣椒酿肉,0,未修改
103643,肉丝炒蒜苗,肉丝炒蒜苗,0,未修改
103672,家常炒菜🌞酸甜口辣炒豆芽,家常炒菜酸甜口辣炒豆芽,1,删除装饰符号
103704,炸油鸡枞,炸油鸡枞,0,未修改
103707,荷叶粽子,荷叶粽子,0,未修改
103710,西红柿烧豆腐,西红柿烧豆腐,0,未修改
103733,香菇滑个鸡,香菇滑个鸡,0,未修改
103737,双色剁椒鱼头,双色剁椒鱼头,0,未修改
103748,豆角肉末,豆角肉末,0,未修改
103751,奶白鲫鱼汤超级鲜！,奶白鲫鱼汤超级鲜,1,删除宣传后句
103754,香蕉牛奶燕麦粥,香蕉牛奶燕麦粥,0,未修改
103833,青椒酸菜炒牛肉,青椒酸菜炒牛肉,0,未修改
103851,胡萝卜炒茭白丝,胡萝卜炒茭白丝,0,未修改
103873,茶树菇牛五花（视频）,茶树菇牛五花,1,删除括号说明
103890,香辣章鱼足,香辣章鱼足,0,未修改
103938,大鱼尾巴豆腐鱼汤,大鱼尾巴豆腐鱼汤,0,未修改
103954,冬瓜鸡,冬瓜鸡,0,未修改
103963,韭菜鸡蛋炒粉丝,韭菜鸡蛋炒粉丝,0,未修改
104020,XO酱煮冬瓜,XO酱煮冬瓜,0,未修改
104024,爆好吃的手撕包菜,爆好吃的手撕包菜,0,未修改
104036,炒茄子,炒茄子,0,未修改
104066,荷兰豆清炒蘑菇,荷兰豆清炒蘑菇,0,未修改
104089,粤式清蒸罗非鱼,粤式清蒸罗非鱼,0,未修改
104109,水煮肉,水煮肉,0,未修改
104121,日式猫饭,日式猫饭,0,未修改
104131,小南瓜炒牛肉丁,小南瓜炒牛肉丁,0,未修改
104167,营养美味胡萝卜丝炒牛肉,胡萝卜丝炒牛肉,1,删除营销定语
104173,香酥鱼籽，俗称赛螃蟹🦀️,香酥鱼籽,1,删除宣传后句
104177,肉沫茄子煲,肉沫茄子煲,0,未修改
104190,酸奶水果沙拉,酸奶水果沙拉,0,未修改
104198,鲜嫩好吃清蒸鲳鱼,鲜嫩好吃清蒸鲳鱼,0,未修改
104217,咖喱牛腩饭🍛,咖喱牛腩饭,1,删除装饰符号
104227,冬瓜海带汤,冬瓜海带汤,0,未修改
104263,【懒人爱吃肉】人人都爱东坡肉，永不失手的东坡肉,爱吃肉 人人都爱东坡肉,1,展开标题方括号；删除营销定语；删除宣传后句
104350,好吃炸了！🍅番茄土豆捞饭～,炸了,1,删除营销定语；删除宣传后句
104376,黑椒牛柳炒甘蓝，炒大头菜,黑椒牛柳炒甘蓝,1,删除宣传后句
104389,豆豉炒苦瓜,豆豉炒苦瓜,0,未修改
104412,青蒜芹菜牛肉碎,青蒜芹菜牛肉碎,0,未修改
104420,白菜粉丝煲,白菜粉丝煲,0,未修改
104421,小美版麻婆豆腐,小美版麻婆豆腐,0,未修改
104423,鱼香肉沫茄子＃下饭神器,鱼香肉沫茄子＃下饭神器,0,未修改
104439,香椿芽炒蛋,香椿芽炒蛋,0,未修改
104473,🐟清蒸海鲈鱼🐟,清蒸海鲈鱼,1,删除装饰符号
104495,香辣八爪鱼,香辣八爪鱼,0,未修改
104505,上桌就见底的牛盘肠炖白菜,上桌就见底的牛盘肠炖白菜,0,未修改
104540,番茄西葫芦烧腐竹,番茄西葫芦烧腐竹,0,未修改
104558,栗子焖鸡（伊莱特炒菜机器人）,栗子焖鸡,1,删除括号说明
104571,咸香软糯的玉米炒小圆子,咸香软糯的玉米炒小圆子,0,未修改
104576,麻辣鲜香爆炒鸡胗,麻辣鲜香爆炒鸡胗,0,未修改
104595,湖南红薯粉坨,湖南红薯粉坨,0,未修改
104604,家常香煎豆腐,家常香煎豆腐,0,未修改
104656,昂刺鱼豆腐汤,昂刺鱼豆腐汤,0,未修改
104677,鲜掉眉毛花蟹滚冬瓜,鲜掉眉毛花蟹滚冬瓜,0,未修改
104703,39-酱汁杏鲍菇,39-酱汁杏鲍菇,0,未修改
104708,渣海椒炒彭水三香,渣海椒炒彭水三香,0,未修改
104764,凉拌胡萝卜土豆丝,凉拌胡萝卜土豆丝,0,未修改
104772,红烩青豆排骨,红烩青豆排骨,0,未修改
104802,蛋黄焗南瓜,蛋黄焗南瓜,0,未修改
104826,山东淄博口味酥锅,山东淄博口味酥锅,0,未修改
104843,凉拌黄花菜,凉拌黄花菜,0,未修改
104848,翠花，上酸菜海蛎子,翠花,1,删除宣传后句
104870,蘑菇炒香菇,蘑菇炒香菇,0,未修改
104872,虾滑酿秋葵,虾滑酿秋葵,0,未修改
104916,炸油条,炸油条,0,未修改
104917,月子汤/莲藕排骨汤,月子汤/莲藕排骨汤,0,未修改
105020,辣炒扇贝肉,辣炒扇贝肉,0,未修改
105034,解馋必点下饭菜，教你做鱼香茄子煲！,解馋必点下饭菜,1,删除宣传后句
105039,冬瓜烧排骨,冬瓜烧排骨,0,未修改
105045,熬夜族汤水‼️青橄榄鲍鱼汤~🤩,熬夜族汤水‼️青橄榄鲍鱼汤,1,删除装饰符号
105057,空心菜梗炒肉丸片,空心菜梗炒肉丸片,0,未修改
105083,酸爽开胃|醋溜手撕包菜,酸爽开胃|醋溜手撕包菜,0,未修改
105094,酸甜可口，多汁浓郁的茄汁日本豆腐,酸甜可口,1,删除宣传后句
105112,芽菜碎米肉,芽菜碎米肉,0,未修改
105118,夏季下饭菜-凉拌茄子,夏季下饭菜-凉拌茄子,0,未修改
105124,清炒芦笋杏鲍菇,清炒芦笋杏鲍菇,0,未修改
105135,芹菜炒鸡胸【减脂快手】,芹菜炒鸡胸【减脂快手】,0,未修改
105168,"「Panga菜谱」
虾仁滑蛋",「Panga菜谱」 虾仁滑蛋,1,未修改
105172,番茄花椰菜,番茄花椰菜,0,未修改
105174,韩式手抓饭团,韩式手抓饭团,0,未修改
105183,炒三丝,炒三丝,0,未修改
105191,油焖茭白,油焖茭白,0,未修改
105227,番茄沙丁鱼,番茄沙丁鱼,0,未修改
105233,牛肉炒豆丝,牛肉炒豆丝,0,未修改
105253,快炒油渣空心菜杆儿,快炒油渣空心菜杆儿,0,未修改
105256,玉木耳、冬瓜炖板鸭,玉木耳、冬瓜炖板鸭,0,未修改
105276,肉沫粉丝,肉沫粉丝,0,未修改
105316,金猫咪食堂-紫菜虾皮肉丸汤,金猫咪食堂-紫菜虾皮肉丸汤,0,未修改
105349,年夜饭必备的清蒸鲈鱼,年夜饭必备的清蒸鲈鱼,0,未修改
105351,咸鱼茄子,咸鱼茄子,0,未修改
105375,凉拌莴笋丝,凉拌莴笋丝,0,未修改
105407,煸炒鱿鱼花,煸炒鱿鱼花,0,未修改
105422,嫩嫩滑滑的耗油牛肉,嫩嫩滑滑的耗油牛肉,0,未修改
105435,农家土豆,农家土豆,0,未修改
105440,肉末蒸蛋,肉末蒸蛋,0,未修改
105454,鲜掉眉毛的蘑菇白菜汤,鲜掉眉毛的蘑菇白菜汤,0,未修改
105467,云南菜:火烧茄子+（内附视频）,云南菜:火烧茄子+,1,删除括号说明
105484,好吃的哭泣！香油蒜泥拌面🍜,哭泣,1,删除营销定语；删除宣传后句
105515,特鲜的照烧海苔豆腐,特鲜的照烧海苔豆腐,0,未修改
105516,白灼虾,白灼虾,0,未修改
105522,爆炒素三丝,爆炒素三丝,0,未修改
105524,青椒酸菜土豆丝,青椒酸菜土豆丝,0,未修改
105556,3分钟清炒苋菜,3分钟清炒苋菜,0,未修改
105574,白菜蒸鸡胸,白菜蒸鸡胸,0,未修改
105581,春季快手菜窝笋炒鸡蛋,春季快手菜窝笋炒鸡蛋,0,未修改
105587,经典广式特色菜 | 蚝油生菜,经典广式特色菜 | 蚝油生菜,0,未修改
105607,牛肉炒芹菜,牛肉炒芹菜,0,未修改
105616,葱油秋葵（不是拌的是炒的）,葱油秋葵,1,删除括号说明
105692,虾仁滑蛋（不用淀粉）,虾仁滑蛋,1,删除括号说明
105765,鸡腿炖汤懒人汤香菇萝卜鸡腿汤炖盅炖汤,鸡腿炖汤懒人汤香菇萝卜鸡腿汤炖盅炖汤,0,未修改
105785,香菜牛肉丝,香菜牛肉丝,0,未修改
105880,鲍鱼汁海参,鲍鱼汁海参,0,未修改
105903,糊塌子,糊塌子,0,未修改
105941,家常回锅肉,家常回锅肉,0,未修改
105950,凭它就能解决两大碗米饭的【酸辣土豆丝】,凭它就能解决两大碗米饭的【酸辣土豆丝】,0,未修改
105970,吃完还想吃的鸡公煲,吃完还想吃的鸡公煲,0,未修改
105974,酸汤水饺/馄饨,酸汤水饺/馄饨,0,未修改
105992,祖传萝卜丝汤-酸酸辣辣顺气驱寒,祖传萝卜丝汤-酸酸辣辣顺气驱寒,0,未修改
106017,笋干红烧肉,笋干红烧肉,0,未修改
106022,家常版鸡胸土豆芹菜胡萝卜沙拉,鸡胸土豆芹菜胡萝卜沙拉,1,删除场景定语
106083,金丝瓜摊饼配煮法,金丝瓜摊饼配煮法,0,未修改
106113,瘦身汤,瘦身汤,0,未修改
106116,适合孩子的维C补脑餐—番茄巴沙鱼,适合孩子的维C补脑餐—番茄巴沙鱼,0,未修改
106117,外婆菜炒土豆片-简单易做又好吃的素菜，快点来！,外婆菜炒土豆片-简单易做又好吃的素菜,1,删除宣传后句
106136,萝卜炖牛腩,萝卜炖牛腩,0,未修改
106157,拌饭神菜—🌶️辣椒炒肉末,拌饭神菜—️辣椒炒肉末,1,删除装饰符号
106182,虾仁蛋羹,虾仁蛋羹,0,未修改
106200,干煸杏鲍菇,干煸杏鲍菇,0,未修改
106207,糖醋杏鲍菇,糖醋杏鲍菇,0,未修改
106214,小白也可以的炒豆芽,小白也可以的炒豆芽,0,未修改
106236,一锅轰动朋友圈的香辣酸菜鱼（一鱼两吃）,一锅轰动朋友圈的香辣酸菜鱼,1,删除括号说明
106290,蕨菜炒腊肉,蕨菜炒腊肉,0,未修改
106383,酸梅鸡翅根,酸梅鸡翅根,0,未修改
106387,C.J的西湖牛肉羹,C.J的西湖牛肉羹,0,未修改
106394,老干妈炒饭配滑蛋,老干妈炒饭配滑蛋,0,未修改
106399,东坡肉,东坡肉,0,未修改
106408,蒜苗辣椒炒干豇豆,蒜苗辣椒炒干豇豆,0,未修改
106530,矜宸•油淋鲜鱿,矜宸•油淋鲜鱿,0,未修改
106537,【土匪的心肝宝贝】湘西土匪猪肝,土匪的心肝宝贝 湘西土匪猪肝,1,展开标题方括号
106546,爆炒大虾,爆炒大虾,0,未修改
106561,干煸苦瓜,干煸苦瓜,0,未修改
106564,蒜香黑椒牛仔粒,蒜香黑椒牛仔粒,0,未修改
106679,简单易做又好吃的菜花炒肉,易做又好吃的菜花炒肉,1,删除营销定语
106698,番茄牛肉浓汤,番茄牛肉浓汤,0,未修改
106699,宫保鸡丁怎么做比较好吃？,宫保鸡丁,1,删除说明性后缀
106717,老丁的私房菜-油焖茄子,老丁的私房菜-油焖茄子,0,未修改
106795,见面胖三圈的日子里 比肉好吃的素菜—滑蛋洋葱,见面胖三圈的日子里 比肉好吃的素菜—滑蛋洋葱,0,未修改
106796,蔬菜乌鱼蛋蒸蛋羹,蔬菜乌鱼蛋蒸蛋羹,0,未修改
106811,瘦肉汤（简易原味）,瘦肉汤,1,删除括号说明
106813,辣炒猪爽肉,辣炒猪爽肉,0,未修改
106814,青椒炒面筋,青椒炒面筋,0,未修改
106822,老丁的私房菜-小炒肉,老丁的私房菜-小炒肉,0,未修改
106833,清炒菌菇莴笋（清淡营养）,清炒菌菇莴笋,1,删除括号说明
106848,甘蓝玉米粒,甘蓝玉米粒,0,未修改
106853,肉沫鱼香茄子（少油版）,肉沫鱼香茄子,1,删除括号说明
106855,人人都爱吃的快手菜-炝白菜,人人都爱吃的快手菜-炝白菜,0,未修改
106881,姜葱鸡,姜葱鸡,0,未修改
106885,西红柿炒干豆腐大头菜,西红柿炒干豆腐大头菜,0,未修改
106890,雪菜小笋,雪菜小笋,0,未修改
106928,醋溜白菜,醋溜白菜,0,未修改
106963,卷心菜炒鸡蛋,卷心菜炒鸡蛋,0,未修改
106976,西兰花炒火腿（小朋友最爱吃）,西兰花炒火腿,1,删除括号说明
106982,清蒸帝王蟹,清蒸帝王蟹,0,未修改
106991,拍黄瓜,拍黄瓜,0,未修改
107005,皮比纸薄！脆皮鸡翅这样调味你一吃就会爱上！,皮比纸薄,1,删除宣传后句
107012,蒜末炒茄子,蒜末炒茄子,0,未修改
107041,红烧鸡翅根家庭快手版,红烧鸡翅根家庭快手版,0,未修改
107061,胡萝卜卷心菜汤,胡萝卜卷心菜汤,0,未修改
107120,腊肉萝卜干,腊肉萝卜干,0,未修改
107130,荷香糯米鸡,荷香糯米鸡,0,未修改
107170,爆炒鱿鱼须,爆炒鱿鱼须,0,未修改
107171,零技巧下饭菜 - 梅菜蒸肉饼,零技巧下饭菜 - 梅菜蒸肉饼,0,未修改
107172,轻轻松松蛋抱饺子,轻轻松松蛋抱饺子,0,未修改
107196,平菇炒油麦菜,平菇炒油麦菜,0,未修改
107237,韭菜炒鸡蛋（汤版）,韭菜炒鸡蛋,1,删除括号说明
107260,土豆炖肉,土豆炖肉,0,未修改
107267,下饭神器  素炒香菇,神器 素炒香菇,1,删除营销定语
107373,白菜炒黑木耳,白菜炒黑木耳,0,未修改
107382,蔬菜炒蛋——蛋炒菜,蔬菜炒蛋——蛋炒菜,0,未修改
107395,素炒蘑菇西兰花红萝卜,素炒蘑菇西兰花红萝卜,0,未修改
107403,排骨白菜豆腐砂锅,排骨白菜豆腐砂锅,0,未修改
107421,爆炒鱿鱼（偏甜口儿童菜谱）,爆炒鱿鱼,1,删除括号说明
107435,素食 | 减肥 | 菠菜芝麻拌香干,素食 | 减肥 | 菠菜芝麻拌香干,0,未修改
107441,红菜汤,红菜汤,0,未修改
107445,芥菜饭,芥菜饭,0,未修改
107465,香酥咸蛋黄焗虾,香酥咸蛋黄焗虾,0,未修改
107497,【快手美味】零失败的无水焖鸡翅，屡试不爽,无水焖鸡翅,1,删除开头标签；删除营销定语；删除宣传后句
107512,奶香地瓜,奶香地瓜,0,未修改
107514,家常洋葱拌木耳,家常洋葱拌木耳,0,未修改
107523,盐煎四角豆（秋葵）,盐煎四角豆,1,删除括号说明
107546,金牌回锅肉,金牌回锅肉,0,未修改
107567,香蒸螃蟹🦀️,香蒸螃蟹️,1,删除装饰符号
107574,陕北汉子特制洋芋擦擦,陕北汉子特制洋芋擦擦,0,未修改
107584,香肠咸肉蒸黄鳝,香肠咸肉蒸黄鳝,0,未修改
107608,蚝油牛肉,蚝油牛肉,0,未修改
107651,麻辣螺丝（海螺）,麻辣螺丝,1,删除括号说明
107666,孜然牛肉粒,孜然牛肉粒,0,未修改
107683,家常版番茄海鲜浓汤,番茄海鲜浓汤,1,删除场景定语
107692,蒜蓉粉丝金针菇,蒜蓉粉丝金针菇,0,未修改
107703,爱氏晨曦奶芙奶酪,爱氏晨曦奶芙奶酪,0,未修改
107733,青椒酱爆鲜鱿,青椒酱爆鲜鱿,0,未修改
107763,大芥菜番薯排骨煲,大芥菜番薯排骨煲,0,未修改
107764,清炒佛手瓜,清炒佛手瓜,0,未修改
107768,酿青椒,酿青椒,0,未修改
107814,红烧芋头,红烧芋头,0,未修改
107835,茄子粉丝煲🍆,茄子粉丝煲,1,删除装饰符号
107840,【日式小菜】芥末籽炒彩椒小香肠,日式小菜 芥末籽炒彩椒小香肠,1,展开标题方括号
107862,❤️农家小炒肉：肉丝入味，豆豉下饭‼️,️农家小炒肉：肉丝入味,1,删除宣传后句；删除装饰符号
107963,五花肉炒花菜,五花肉炒花菜,0,未修改
107996,培根金针菇,培根金针菇,0,未修改
108011,大碗花菜,大碗花菜,0,未修改
108021,鸡胸肉版@小酥肉@鸡肉条🐔,鸡胸肉版@小酥肉@鸡肉条,1,删除装饰符号
108034,沙茶酱炒鸡丁（健身菜谱）,沙茶酱炒鸡丁,1,删除括号说明
108039,红烧茄子，记忆中的家常味,红烧茄子,1,删除宣传后句
108087,青椒牛肉,青椒牛肉,0,未修改
108102,家常凉菜㊙️‼️凉拌干凉皮,家常凉菜㊙️‼️凉拌干凉皮,0,未修改
108112,蒸雪花鸡,蒸雪花鸡,0,未修改
108130,鸡蛋豆泡烧平菇,鸡蛋豆泡烧平菇,0,未修改
108158,三步搞定炒墨鱼,三步搞定炒墨鱼,0,未修改
108164,家常菜，酸辣土豆丝,家常菜,1,删除宣传后句
108184,年味 腊味蒸厚百叶,年味 腊味蒸厚百叶,0,未修改
108205,煎鸡中翅,煎鸡中翅,0,未修改
108222,宫保鸡丁,宫保鸡丁,0,未修改
108224,野山椒牛蛙,野山椒牛蛙,0,未修改
108281,没想到如此快手的印尼炒饭,没想到如此快手的印尼炒饭,0,未修改
108287,简单易做的苦瓜炒蛋,易做的苦瓜炒蛋,1,删除营销定语
108293,清炒藕片,清炒藕片,0,未修改
108334,简单好吃的酸辣土豆丝,酸辣土豆丝,1,删除营销定语
108335,卤肉（下饭神器）,卤肉,1,删除括号说明
108359,芹菜拌面菜,芹菜拌面菜,0,未修改
108374,菠菜拌香干,菠菜拌香干,0,未修改
108398,新派木须肉,新派木须肉,0,未修改
108460,姜食堂之PO炒饭：泡菜饭开出PO思密达～,姜食堂之PO炒饭：泡菜饭开出PO思密达,1,未修改
108468,【一口春天】香椿芽炒鸡蛋,一口春天 香椿芽炒鸡蛋,1,展开标题方括号
108507,红烧日本豆腐,红烧日本豆腐,0,未修改
108541,土豆片炒排骨,土豆片炒排骨,0,未修改
108566,个个流油咸鸭蛋 简单好吃 再也不用去买了,个个流油咸鸭蛋 简单好吃 再也不用去买了,0,未修改
108680,三分钟快手菜之香菇杭白菜,三分钟快手菜之香菇杭白菜,0,未修改
108681,萝卜蒸白肉,萝卜蒸白肉,0,未修改
108721,新疆大盘鸡,新疆大盘鸡,0,未修改
108726,腊味煲仔饭,腊味煲仔饭,0,未修改
108754,红烧五花肉,红烧五花肉,0,未修改
108774,辣椒肉拌面,辣椒肉拌面,0,未修改
108788,“猫儿饭”之酱油炒肉末,猫儿饭之酱油炒肉末,1,未修改
108791,做一道清淡美味的猪油渣荠菜豆腐羹778,做一道清淡美味的猪油渣荠菜豆腐羹778,0,未修改
108793,干锅手撕包菜,干锅手撕包菜,0,未修改
108824,蒜蓉西兰花,蒜蓉西兰花,0,未修改
108829,快手暖胃香菇冬瓜玉米汤,暖胃香菇冬瓜玉米汤,1,删除营销定语
108870,高汤：有它烧什么菜都香！,高汤：有它烧什么菜都香,1,删除宣传后句
108899,红烧肉【铸铁锅】免油免焯水，18分钟快手版本,红烧肉【铸铁锅】免油免焯水,1,删除宣传后句
108900,肉片炒荷兰豆,肉片炒荷兰豆,0,未修改
108937,清炒节瓜,清炒节瓜,0,未修改
108981,淮山炒木耳,淮山炒木耳,0,未修改
109021,青翠的油菜香菇,青翠的油菜香菇,0,未修改
109026,焖豆腐,焖豆腐,0,未修改
109037,清炒韭菜花,清炒韭菜花,0,未修改
109063,素馅蒸饺,素馅蒸饺,0,未修改
109081,炸素丸子,炸素丸子,0,未修改
109113,素炒花菜（爽脆）,素炒花菜,1,删除括号说明
109153,【农家腐竹炒五花肉】果子妈妈御用奶爸,农家腐竹炒五花肉 果子妈妈御用奶爸,1,展开标题方括号
109188,【酸辣大白菜】超爱,酸辣大白菜 超爱,1,展开标题方括号
109189,家庭版吉野家牛肉饭,吉野家牛肉饭,1,删除场景定语
109209,超下饭的家常菜-蒜苗炒腊肉,家常菜-蒜苗炒腊肉,1,删除营销定语
109243,不用炒糖色的糖醋排骨,糖色的糖醋排骨,1,删除营销定语
109264,西红柿鸡蓉蛋花汤,西红柿鸡蓉蛋花汤,0,未修改
109290,干煸四季豆,干煸四季豆,0,未修改
109293,茄子炖土豆（小白都会做，超下饭）,茄子炖土豆,1,删除括号说明
109300,酱爆茄子,酱爆茄子,0,未修改
109356,肉末蒸芋头,肉末蒸芋头,0,未修改
109360,鲜美无比改良版的艇仔粥,鲜美无比改良版的艇仔粥,0,未修改
109371,素炒杏鲍菇,素炒杏鲍菇,0,未修改
109389,溜肉段烧茄子🍆,溜肉段烧茄子,1,删除装饰符号
109396,重庆辣子鸡,重庆辣子鸡,0,未修改
109415,小酥肉,小酥肉,0,未修改
109420,【彼得海鲜】家常菜快手菜下手菜麻辣过瘾蟹钳,彼得海鲜 家常菜快手菜下手菜麻辣过瘾蟹钳,1,展开标题方括号
109481,黄油拌饭,黄油拌饭,0,未修改
109495,라따뚜이#料理鼠王,라따뚜이#料理鼠王,0,未修改
109505,红烧黄花鱼,红烧黄花鱼,0,未修改
109522,腊肉炒四季豆丝,腊肉炒四季豆丝,0,未修改
109524,鱼香胡萝卜炒茶树菇🥕,鱼香胡萝卜炒茶树菇,1,删除装饰符号
109531,抄手自己包，告别小吃店,抄手自己包,1,删除宣传后句
109536,不止三鲜面,不止三鲜面,0,未修改
109542,陈醋鸡脚,陈醋鸡脚,0,未修改
109565,电饭煲炖土豆牛肉,电饭煲炖土豆牛肉,0,未修改
109574,新手简单养生开胃酸萝卜鸭掌蘑菇汤,新手简单养生开胃酸萝卜鸭掌蘑菇汤,0,未修改
109586,水芹菜炒香干,水芹菜炒香干,0,未修改
109639,香菇蒸鸡,香菇蒸鸡,0,未修改
109644,简单又好吃的洋葱炒蛋,又好吃的洋葱炒蛋,1,删除营销定语
109705,荷兰豆炒牛肉,荷兰豆炒牛肉,0,未修改
109721,青瓜炒蛋,青瓜炒蛋,0,未修改
109755,茼蒿炒蛋（伊莱特炒菜机器人）,茼蒿炒蛋,1,删除括号说明
109776,瘦肉、猪肝、粉肠,瘦肉、猪肝、粉肠,0,未修改
109809,剁椒鸡胗——又香又辣又下饭,剁椒鸡胗——又香又辣又下饭,0,未修改
109845,高蛋白低脂鲜美鸡丝酸笋汤,高蛋白低脂鲜美鸡丝酸笋汤,0,未修改
109859,浓郁开胃的番茄酸汤鱼，我能吃两碗米饭！,浓郁开胃的番茄酸汤鱼,1,删除宣传后句
109867,芹菜炒香干（超级下饭菜）,芹菜炒香干,1,删除括号说明
109897,泡椒牛肉～超嫩～（by sususu726）,泡椒牛肉～超嫩,1,删除括号说明
109898,凉拌土豆丝,凉拌土豆丝,0,未修改
109900,低脂减肥|黑椒土豆泥,减肥|黑椒土豆泥,1,删除营销定语
109903,酱汁爆蒜苔回锅肉,酱汁爆蒜苔回锅肉,0,未修改
109941,金猫咪食堂-珍菇煨海参,金猫咪食堂-珍菇煨海参,0,未修改
109944,酱黄瓜--简易三杯版,酱黄瓜--简易三杯版,0,未修改
109974,红烧鳊鱼,红烧鳊鱼,0,未修改
110003,葱油面,葱油面,0,未修改
110038,快手无油炸空气炸锅健康版干煸四季豆,炸空气炸锅健康版干煸四季豆,1,删除营销定语
110047,番茄🍅炒土豆🥔酸甜可口,番茄炒土豆酸甜可口,1,删除装饰符号
110048,传统水煮牛肉,传统水煮牛肉,0,未修改
110068,蒜香排骨的做法,蒜香排骨的做法,0,未修改
110080,下酒下饭菜—凉拌麻辣黄瓜鸡丝,下酒下饭菜—凉拌麻辣黄瓜鸡丝,0,未修改
110084,简单快手的卤肉鹌鹑蛋,卤肉鹌鹑蛋,1,删除营销定语
110122,胡萝卜香芹牛肉,胡萝卜香芹牛肉,0,未修改
110124,番茄鱼片,番茄鱼片,0,未修改
110129,蒜苗豆腐干炒肉,蒜苗豆腐干炒肉,0,未修改
110142,清润排毒~灵芝猪骨汤,清润排毒~灵芝猪骨汤,0,未修改
110193,【卤牛肉鲜蔬焖饭】,卤牛肉鲜蔬焖饭,1,展开标题方括号
110202,凉拌手撕鸡,凉拌手撕鸡,0,未修改
110271,耗油娃娃菜粉丝,耗油娃娃菜粉丝,0,未修改
110287,番茄牛腩炖土豆,番茄牛腩炖土豆,0,未修改
110296,韭菜盒子,韭菜盒子,0,未修改
110315,快手梅子排骨,梅子排骨,1,删除营销定语
110318,皮蛋炒白菜,皮蛋炒白菜,0,未修改
110320,时令蔬菜春笋—油焖春笋、油闷春笋,时令蔬菜春笋—油焖春笋、油闷春笋,0,未修改
110344,双茄罗勒炖鸡胸,双茄罗勒炖鸡胸,0,未修改
110353,杏鲍菇麻辣家常豆腐,杏鲍菇麻辣家常豆腐,0,未修改
110376,香喷喷避风塘炒虾仁🍤,避风塘炒虾仁,1,删除营销定语；删除装饰符号
110433,蒜泥苋菜,蒜泥苋菜,0,未修改
110442,西红柿土豆片炒鸡胸,西红柿土豆片炒鸡胸,0,未修改
110457,爽口凉拌豆角,爽口凉拌豆角,0,未修改
110477,西葫芦炒蛋,西葫芦炒蛋,0,未修改
110482,四喜烤麸,四喜烤麸,0,未修改
110489,鲜到舔手指｜蛤蜊意面🍝,鲜到舔手指｜蛤蜊意面,1,删除装饰符号
110491,羊肝瘦肉枸杞腐竹汤,羊肝瘦肉枸杞腐竹汤,0,未修改
110506,西兰花无花果虾仁沙拉（轻食）,西兰花无花果虾仁沙拉,1,删除括号说明
110624,香菇肉酱－only酱料理,香菇肉酱－only酱料理,0,未修改
110635,自制酸豆角—酸豆角肉末,酸豆角—酸豆角肉末,1,删除营销定语
110637,超级好吃下饭的家庭版毛血旺,家庭版毛血旺,1,删除营销定语
110640,酱牛肉,酱牛肉,0,未修改
110653,蚝油茭白,蚝油茭白,0,未修改
110660,肉沫豌豆盖饭,肉沫豌豆盖饭,0,未修改
110675,蒜苔鸡蛋炒凉粉,蒜苔鸡蛋炒凉粉,0,未修改
110710,酱油鸡,酱油鸡,0,未修改
110713,酸菜炖骨头,酸菜炖骨头,0,未修改
110723,茭白肉丝,茭白肉丝,0,未修改
110753,【10分钟系列】豌豆尖豆腐汤,10分钟系列 豌豆尖豆腐汤,1,展开标题方括号
110755,水煮羊肉,水煮羊肉,0,未修改
110812,葱油面,葱油面,0,未修改
110830,比沙县好吃的炸五香卷,比沙县好吃的炸五香卷,0,未修改
110841,三色炒虾仁,三色炒虾仁,0,未修改
110845,土豆烧鸡（李白鹿版）,土豆烧鸡,1,删除括号说明
110847,牛肉馅饼,牛肉馅饼,0,未修改
110860,爆炒鸡胗,爆炒鸡胗,0,未修改
110867,海鲜菇炒青椒,海鲜菇炒青椒,0,未修改
110907,韭菜炒豆皮（伊莱特炒菜机器人）,韭菜炒豆皮,1,删除括号说明
110920,双耳焖鸡（排毒清肺润燥）,双耳焖鸡,1,删除括号说明
110931,蒜蓉西兰花🥦,蒜蓉西兰花,1,删除装饰符号
111054,胶东炒咸菜 家的味道         超下饭 简单又快手,胶东炒咸菜 家的味道 超下饭 简单又快手,1,未修改
111062,青椒花菜炒肉沫儿,青椒花菜炒肉沫儿,0,未修改
111098,糖醋烧小萝卜,糖醋烧小萝卜,0,未修改
111130,好吃又低脂小白菜炒鸡蛋,又低脂小白菜炒鸡蛋,1,删除营销定语
111144,酸辣豆芽番茄炒猪肠,酸辣豆芽番茄炒猪肠,0,未修改
111163,红烧肉土豆炖豆角,红烧肉土豆炖豆角,0,未修改
111178,回锅肉,回锅肉,0,未修改
111184,木须肉,木须肉,0,未修改
111229,口蘑排骨汤,口蘑排骨汤,0,未修改
111234,昙花蛋汤,昙花蛋汤,0,未修改
111291,青椒豆腐干,青椒豆腐干,0,未修改
111350,蒸荔浦芋头,蒸荔浦芋头,0,未修改
111353,板栗烧鸭腿,板栗烧鸭腿,0,未修改
111427,地方菜♨️香辣孜然圈圈蛋（内附分蛋方法）,地方菜️香辣孜然圈圈蛋,1,删除括号说明；删除装饰符号
111430,夏天配粥最舒服的毛豆炒酱瓜,夏天配粥最舒服的毛豆炒酱瓜,0,未修改
111483,鸡胸炒尖椒（长个儿）,鸡胸炒尖椒,1,删除括号说明
111514,蒜蓉蒸大虾,蒜蓉蒸大虾,0,未修改
111536,蒜蓉粉丝娃娃菜,蒜蓉粉丝娃娃菜,0,未修改
111540,木耳炒鸭蛋,木耳炒鸭蛋,0,未修改
111553,雪白的胡椒猪肚鸡汤(^-^),雪白的胡椒猪肚鸡汤,1,删除括号说明
111578,炒三丁,炒三丁,0,未修改
111590,蒜苔香菇炒肉,蒜苔香菇炒肉,0,未修改
111603,西红柿卷心菜丝（无油素）,西红柿卷心菜丝,1,删除括号说明
111604,酸芋禾炒大肠,酸芋禾炒大肠,0,未修改
111641,蛋黄焗南瓜🎃,蛋黄焗南瓜,1,删除装饰符号
111695,耗油油麦菜,耗油油麦菜,0,未修改
111712,手撕包菜(家庭简易低油版),手撕包菜,1,删除括号说明
111713,素蒸卤面,素蒸卤面,0,未修改
111729,家常红烧肥肠（快手美味版）,家常红烧肥肠,1,删除括号说明
111761,朗姆酒蒸猪腰,朗姆酒蒸猪腰,0,未修改
111839,自制辣椒酱,辣椒酱,1,删除营销定语
111842,红烧杏鲍菇,红烧杏鲍菇,0,未修改
111850,紫薯饭配炒土豆片,紫薯饭配炒土豆片,0,未修改
111853,素炒绿豆芽,素炒绿豆芽,0,未修改
111865,虾仁鸡蛋炒杂粮饭,虾仁鸡蛋炒杂粮饭,0,未修改
111881,凉拌蒜苔,凉拌蒜苔,0,未修改
111882,红烧百叶结,红烧百叶结,0,未修改
111945,超美味高颜值快手白菜卷（福袋）（纯素）,高颜值快手白菜卷,1,删除括号说明；删除营销定语
111967,🔥鲍鱼萝卜‖（比鲍鱼还鲜美！柔软多汁、降脂减肥）🔥,鲍鱼萝卜‖,1,删除括号说明；删除装饰符号
111984,咸蛋黄炒南瓜,咸蛋黄炒南瓜,0,未修改
112067,私房菜鱼香鸡蛋,私房菜鱼香鸡蛋,0,未修改
112072,彩椒牛肉,彩椒牛肉,0,未修改
112073,孜然鸡脆骨（鸡里蹦）,孜然鸡脆骨,1,删除括号说明
112077,糖醋鱼,糖醋鱼,0,未修改
112108,梅菜扣肉,梅菜扣肉,0,未修改
112126,美容养颜 红枣花生猪蹄汤,美容养颜 红枣花生猪蹄汤,0,未修改
112141,清蒸武昌鱼,清蒸武昌鱼,0,未修改
112167,吃不够的辣炒脆虾🍤,吃不够的辣炒脆虾,1,删除装饰符号
112180,青瓜肉片,青瓜肉片,0,未修改
112242,板栗炖土鸡,板栗炖土鸡,0,未修改
112261,醋烹椒香豆芽菜,醋烹椒香豆芽菜,0,未修改
112273,鲍鱼炖土豆,鲍鱼炖土豆,0,未修改
112281,鸡丝土豆条,鸡丝土豆条,0,未修改
112288,焖鸡腿（电饭煲懒人版）,焖鸡腿,1,删除括号说明
112311,爆炒鱿鱼须,爆炒鱿鱼须,0,未修改
112316,红烧金鲳鱼,红烧金鲳鱼,0,未修改
112335,麻辣版蚂蚁上树,麻辣版蚂蚁上树,0,未修改
112342,小白也能炒空心菜,小白也能炒空心菜,0,未修改
112369,吃不厌之青椒烧鸡腿肉,吃不厌之青椒烧鸡腿肉,0,未修改
112373,番茄炒蛋,番茄炒蛋,0,未修改
112380,天津独面筋,天津独面筋,0,未修改
112418,够味够粉糯的板栗炖鸡,够味够粉糯的板栗炖鸡,0,未修改
112446,简单美味的鲍鱼蒸蛋,鲍鱼蒸蛋,1,删除营销定语
112482,不放盐的白菜粉条炖鸡（私家大炖菜）,不放盐的白菜粉条炖鸡,1,删除括号说明
112498,营养餐-西芹炒虾仁,餐-西芹炒虾仁,1,删除营销定语
112514,冬笋香菇炖鸡,冬笋香菇炖鸡,0,未修改
112522,麻辣金针菇,麻辣金针菇,0,未修改
112524,家常青椒豆干,家常青椒豆干,0,未修改
112593,芹菜猪肉馄饨,芹菜猪肉馄饨,0,未修改
112594,史上最简单的家常菜-蒜苔肉丝,史上最简单的家常菜-蒜苔肉丝,0,未修改
112597,番茄胡萝卜洋葱炖小扁豆,番茄胡萝卜洋葱炖小扁豆,0,未修改
112598,避风塘炒蟹,避风塘炒蟹,0,未修改
112622,农家炒干子,农家炒干子,0,未修改
112632,飘香小土豆,飘香小土豆,0,未修改
112663,红烧大排,红烧大排,0,未修改
112683,老王私厨—炝炒圆白菜,老王私厨—炝炒圆白菜,0,未修改
112686,王氏家常菜—茄子烧肉,王氏家常菜—茄子烧肉,0,未修改
112701,西芹炒腊味,西芹炒腊味,0,未修改
112733,不上火的豆豉蒸排骨,不上火的豆豉蒸排骨,0,未修改
112746,减肥菜谱之：几乎无油茄子炖土豆,减肥菜谱之：几乎无油茄子炖土豆,0,未修改
112750,红烧鲳鱼,红烧鲳鱼,0,未修改
112763,5分钟快手腊肠炒荷兰豆,5分钟快手腊肠炒荷兰豆,0,未修改
112775,炝炒圆白菜,炝炒圆白菜,0,未修改
112820,"鲫鱼豆腐汤
【爱心版】",鲫鱼豆腐汤 【爱心版】,1,未修改
112861,土豆焖鸭肉,土豆焖鸭肉,0,未修改
112933,芹菜香干炒肉,芹菜香干炒肉,0,未修改
112939,春笋炒牛肉🐮,春笋炒牛肉,1,删除装饰符号
112944,适合初夏早上的爽口蔬菜汤,适合初夏早上的爽口蔬菜汤,0,未修改
112959,神操作的鼓油鸡➕鸡汁拌面,神操作的鼓油鸡鸡汁拌面,1,删除装饰符号
112970,西红柿盏土豆泥,西红柿盏土豆泥,0,未修改
112972,红烧鱼块（家庭版）,红烧鱼块,1,删除括号说明
113012,卤兰花干（#湘潭篇）,卤兰花干,1,删除括号说明
113060,12~NANA三步搞定酸甜脆爽的腌萝卜,12~NANA三步搞定酸甜脆爽的腌萝卜,0,未修改
113088,青椒土豆炒肉,青椒土豆炒肉,0,未修改
113123,麻辣鳕鱼,麻辣鳕鱼,0,未修改
113133,西兰花炒杏鲍菇,西兰花炒杏鲍菇,0,未修改
113193,蚝油塌豆腐,蚝油塌豆腐,0,未修改
113230,芹菜辣炒鱿鱼,芹菜辣炒鱿鱼,0,未修改
113266,韭菜烧豆腐 鲜香下饭 老人小孩皆宜,韭菜烧豆腐 鲜香下饭 老人小孩皆宜,0,未修改
113293,清爽的莴笋炒肉,清爽的莴笋炒肉,0,未修改
113294,清炒蒜蓉菠菜,清炒蒜蓉菠菜,0,未修改
113296,胡萝卜炒蛋,胡萝卜炒蛋,0,未修改
113310,鲜掉了魂的家常腌笃鲜,鲜掉了魂的家常腌笃鲜,0,未修改
113346,小美 肉沫豇豆,小美 肉沫豇豆,0,未修改
113356,葱爆鱿鱼,葱爆鱿鱼,0,未修改
113360,盐菜蒸肉,盐菜蒸肉,0,未修改
113386,荷塘小炒,荷塘小炒,0,未修改
113405,爆炒基围虾,爆炒基围虾,0,未修改
113410,蒜苗炒肉,蒜苗炒肉,0,未修改
113420,三杯排骨,三杯排骨,0,未修改
113442,减肥也可以吃的凉拌鸡胸魔芋丝,减肥也可以吃的凉拌鸡胸魔芋丝,0,未修改
113545,素食快手家常便当🍱 炒辣椒 番茄金针菇,素食快手家常便当 炒辣椒 番茄金针菇,1,删除装饰符号
113554,巨下饭刀豆土豆,刀豆土豆,1,删除营销定语
113559,番茄烩鹰嘴豆,番茄烩鹰嘴豆,0,未修改
113613,不柴不硬-软嫩无油版糖醋排骨,不柴不硬-软嫩无油版糖醋排骨,0,未修改
113614,酱炒西兰花&胡萝卜～减脂有味甩脂肪～控热量～又饱腹,酱炒西兰花&胡萝卜～减脂有味甩脂肪～控热量～又饱腹,0,未修改
113674,爆炒皮皮虾,爆炒皮皮虾,0,未修改
113693,西兰花梗别扔❗️做浓汤吧❗️,西兰花梗别扔️做浓汤吧️,1,删除装饰符号
113714,懒人版四季豆炒腊肠,版四季豆炒腊肠,1,删除营销定语
113715,黄瓜虾米🦐蛋花汤,黄瓜虾米蛋花汤,1,删除装饰符号
113740,夏日小清新，手撕杏鲍菇~,夏日小清新,1,删除宣传后句
113758,甘蓝蚝油蛋炒饭,甘蓝蚝油蛋炒饭,0,未修改
113812,尖椒鸡,尖椒鸡,0,未修改
113828,不放糖却清甜似蜜，春日暖阳，清润身心 ——🍐雪梨无花果干炖瘦肉,不放糖却清甜似蜜,1,删除宣传后句
113834,糯米做的咸甜两种口味糍粑（不是糯米粉哦）,糯米做的咸甜两种口味糍粑,1,删除括号说明
113838,雪菜魔芋焖黄豆,雪菜魔芋焖黄豆,0,未修改
113841,翡翠白菜卷,翡翠白菜卷,0,未修改
113845,健康茄条,茄条,1,删除营销定语
113892,茄子炒番茄,茄子炒番茄,0,未修改
113900,里脊肉香干水芹菜,里脊肉香干水芹菜,0,未修改
113929,家常鱼,家常鱼,0,未修改
114004,柠蜜,柠蜜,0,未修改
114014,培根鸡蛋炒秋葵,培根鸡蛋炒秋葵,0,未修改
114051,肉嫩菜鲜的青笋木耳炒肉,肉嫩菜鲜的青笋木耳炒肉,0,未修改
114136,雨季的冬阴功汤@坏露露的露台食光,雨季的冬阴功汤@坏露露的露台食光,0,未修改
114154,超美味的红烧咸鱼,红烧咸鱼,1,删除营销定语
114157,好吃下饭的川香回锅肉,川香回锅肉,1,删除营销定语
114163,老奶洋芋-吃对了照样瘦成闪电！,老奶洋芋-吃对了照样瘦成闪电,1,删除宣传后句
114172,清炒芦笋,清炒芦笋,0,未修改
114260,萝卜烧肉,萝卜烧肉,0,未修改
114277,简便版·辣白菜年糕火锅,简便版·辣白菜年糕火锅,0,未修改
114318,洋葱木耳炒鸡蛋,洋葱木耳炒鸡蛋,0,未修改
114349,西红柿烧茄子（无油菜）,西红柿烧茄子,1,删除括号说明
114367,快手版——黑椒牛肉粒,版——黑椒牛肉粒,1,删除营销定语
114375,广式腊肉------鱼儿厨房私房菜,广式腊肉------鱼儿厨房私房菜,0,未修改
114376,柠檬鲫鱼奶汤,柠檬鲫鱼奶汤,0,未修改
114382,超满足鸡蛋皮炒时蔬【减脂·三餐】,满足鸡蛋皮炒时蔬【减脂·三餐】,1,删除营销定语
114457,香菇土豆炖肉,香菇土豆炖肉,0,未修改
114458,姜葱炒鸡,姜葱炒鸡,0,未修改
114461,白菜肉馅饺子,白菜肉馅饺子,0,未修改
114489,孜然鸡丁,孜然鸡丁,0,未修改
114502,快手菜！青瓜炒蛋,菜！青瓜炒蛋,1,删除营销定语
114546,🌟蜜汁鸡翅🌟,蜜汁鸡翅,1,删除装饰符号
114551,鸡汤小馄饨,鸡汤小馄饨,0,未修改
114624,鲶鱼咸菜煲--《鱼菜十四》,鲶鱼咸菜煲--鱼菜十四,1,未修改
114639,虾米冬瓜,虾米冬瓜,0,未修改
114655,麻辣藕片,麻辣藕片,0,未修改
114670,凉拌金针菇,凉拌金针菇,0,未修改
114676,姜肠酸辣面,姜肠酸辣面,0,未修改
114691,新手零失误做超级下饭的青菜芋子糊(有好多独家秘诀哦),新手零失误做超级下饭的青菜芋子糊,1,删除括号说明
114694,酸辣菜瓜,酸辣菜瓜,0,未修改
114729,耗油生菜,耗油生菜,0,未修改
114746,干煸五花肉土豆片,干煸五花肉土豆片,0,未修改
114762,糯糯的板栗烧排骨呀,糯糯的板栗烧排骨呀,0,未修改
114772,三分钟的韩国美食，海带豆腐汤,三分钟的韩国美食,1,删除宣传后句
114791,鸡蛋番茄饼,鸡蛋番茄饼,0,未修改
114795,豆角包子,豆角包子,0,未修改
114823,最简单家常辣椒炒蛋,最简单家常辣椒炒蛋,0,未修改
114825,海派鱼香肉丝,海派鱼香肉丝,0,未修改
114875,酸辣肉酱面,酸辣肉酱面,0,未修改
114902,菠萝炒饭,菠萝炒饭,0,未修改
114907,西红柿鸡蛋汤,西红柿鸡蛋汤,0,未修改
114971,牛脊骨汤,牛脊骨汤,0,未修改
114986,芹菜香干炒肉丝,芹菜香干炒肉丝,0,未修改
115015,炒花甲小王子🤴,炒花甲小王子,1,删除装饰符号
115021,家常菜-冬瓜肉丸汤,冬瓜肉丸汤,1,删除分类前缀
115035,原味风菌菇浸鸡,原味风菌菇浸鸡,0,未修改
115040,鲜美无敌的蛋饺娃娃菜粉条煲,鲜美无敌的蛋饺娃娃菜粉条煲,0,未修改
115063,清炖鸡汤,清炖鸡汤,0,未修改
115065,红烧鲳鱼,红烧鲳鱼,0,未修改
115108,‼️奶香浓郁的咖喱牛腩饭🥩我可以吃三碗,‼️奶香浓郁的咖喱牛腩饭我可以吃三碗,1,删除装饰符号
115118,素食也够味：家常葱油烙饼,素食也够味：家常葱油烙饼,0,未修改
115135,辣炒蚬子,辣炒蚬子,0,未修改
115165,雪菜豆腐,雪菜豆腐,0,未修改
115175,经典鲁菜，锅塌豆腐,经典鲁菜,1,删除宣传后句
115180,自制红油金针菇,红油金针菇,1,删除营销定语
115194,蛤蜊丝瓜汤—惊艳的鲜！！,蛤蜊丝瓜汤—惊艳的鲜,1,删除宣传后句
115207,「家常」酸菜鱼,「家常」酸菜鱼,0,未修改
115214,超简单好吃的炒通菜杆,炒通菜杆,1,删除营销定语
115233,回味一下春天的味道-鲜笋炒肉,回味一下春天的味道-鲜笋炒肉,0,未修改
115244,蒜蓉油麦菜,蒜蓉油麦菜,0,未修改
115249,清脆爽口快速腌萝卜,清脆爽口快速腌萝卜,0,未修改
115258,胡萝卜炒肉,胡萝卜炒肉,0,未修改
115269,紫苏海鲈鱼豆腐汤丨附避免煎鱼破皮的小贴士,紫苏海鲈鱼豆腐汤丨附避免煎鱼破皮的小贴士,0,未修改
115329,凉拌蕨根粉,凉拌蕨根粉,0,未修改
115330,肉炒青椒土豆片,肉炒青椒土豆片,0,未修改
115332,酸菜猪板筋【葱伴侣ONLY酱版】,酸菜猪板筋【葱伴侣ONLY酱版】,0,未修改
115333,㊙️零难度！超级下饭的青椒肉丝炒杏鲍菇,㊙️零难度,1,删除宣传后句
115349,低油快手版胡萝卜炒鸡丁,低油快手版胡萝卜炒鸡丁,0,未修改
115351,偷饭贼—黄油炒剁椒酸包菜豆角,偷饭贼—黄油炒剁椒酸包菜豆角,0,未修改
115384,青椒炒鸭肾鸭胗,青椒炒鸭肾鸭胗,0,未修改
115389,🔥五分钟学会家常小炒菜——炒菠菜😋,五分钟学会家常小炒菜——炒菠菜,1,删除装饰符号
115408,下饭菜-紫苏焖鸭,紫苏焖鸭,1,删除分类前缀
115455,【白灼广东菜心】快手又好吃！,白灼广东菜心 快手又好吃,1,展开标题方括号；删除宣传后句
115468,紫苏爆鳝糊,紫苏爆鳝糊,0,未修改
115487,小辣椒炒肉带汁下饭版,小辣椒炒肉带汁下饭版,0,未修改
115510,咸烧白,咸烧白,0,未修改
115582,油豆腐香菇五花肉,油豆腐香菇五花肉,0,未修改
115596,超下米饭🍚的甜口红烧肉🍛一点也不腻 超级烘软 入口即化🍯,下米饭的甜口红烧肉一点也不腻 超级烘软 入口即化,1,删除营销定语；删除装饰符号
115599,滋补羊肉炖萝卜（羊肉底汤的做法）,滋补羊肉炖萝卜,1,删除括号说明
115614,杭椒杏鲍菇,杭椒杏鲍菇,0,未修改
115650,芹菜肉沫,芹菜肉沫,0,未修改
115668,小麻小辣–鲜藕藤椒炖鸡腿,小麻小辣–鲜藕藤椒炖鸡腿,0,未修改
115701,娃娃菜西红柿炒土豆,娃娃菜西红柿炒土豆,0,未修改
115711,蒜薹炒猪皮,蒜薹炒猪皮,0,未修改
115731,白切鸡自留,白切鸡自留,0,未修改
115795,蒸芋头丝（也可做全素）,蒸芋头丝,1,删除括号说明
115842,子姜牛肉丝😄太下饭了,子姜牛肉丝太下饭了,1,删除装饰符号
115844,妈妈做的土鸡蛋炒青椒,妈妈做的土鸡蛋炒青椒,0,未修改
115851,排骨炖土豆,排骨炖土豆,0,未修改
115854,蒜黄炒鸡蛋,蒜黄炒鸡蛋,0,未修改
115886,腌黄瓜片炒黑猪五花肉,腌黄瓜片炒黑猪五花肉,0,未修改
115890,最好用的粉碎机是小作坊式的——自制蒸肉米粉粉蒸排骨,最好用的粉碎机是小作坊式的——自制蒸肉米粉粉蒸排骨,0,未修改
115906,【孕妇食谱】芦笋虾仁,芦笋虾仁,1,删除开头标签
115907,『馋嘴』鲜香美味麻辣香锅,『馋嘴』鲜香美味麻辣香锅,0,未修改
115938,凉拌猪心,凉拌猪心,0,未修改
115960,土鸡鸡汤,土鸡鸡汤,0,未修改
115970,普宁豆酱炒通菜,普宁豆酱炒通菜,0,未修改
115977,广式腊肠炒长豆角,广式腊肠炒长豆角,0,未修改
115980,酸辣藕带炒鸡块,酸辣藕带炒鸡块,0,未修改
115995,火爆大头菜,火爆大头菜,0,未修改
116005,三杯茭白,三杯茭白,0,未修改
116018,西葫芦金针菇汤（无油无盐素食）,西葫芦金针菇汤,1,删除括号说明
116029,回锅肉焖香干,回锅肉焖香干,0,未修改
116037,零失败美味清蒸山药,清蒸山药,1,删除营销定语
116063,快手菜之青椒平菇炒肉片,菜之青椒平菇炒肉片,1,删除营销定语
116110,葱爆牛肉,葱爆牛肉,0,未修改
116126,胡豆肉片汤 -【春季时令】,胡豆肉片汤 -【春季时令】,0,未修改
116138,青蒜木耳肉丝,青蒜木耳肉丝,0,未修改
116177,大虾鸡腿焖锅,大虾鸡腿焖锅,0,未修改
116191,Lily 厨房—鲜虾鸡腿肉蛋卷,Lily 厨房—鲜虾鸡腿肉蛋卷,0,未修改
116194,剁椒蒸鸡翅,剁椒蒸鸡翅,0,未修改
116222,简单易上手的韭黄炒鸡蛋,易上手的韭黄炒鸡蛋,1,删除营销定语
116235,惊艳无比的酸菜鱼！！,惊艳无比的酸菜鱼,1,删除宣传后句
116248,红焖羊肉,红焖羊肉,0,未修改
116301,泰式土豆鸡汤,泰式土豆鸡汤,0,未修改
116306,小姨妈肉末炒酸豆角（内含自制酸豆角的懒人方子，必成功。超级下饭和下周的一个菜式，吃腻了之后尤其适合开胃）,小姨妈肉末炒酸豆角,1,删除括号说明
116312,简单易学，家庭版：水煮肉片,，家庭版：水煮肉片,1,删除营销定语
116349,红烧猪蹄儿,红烧猪蹄儿,0,未修改
116368,东北地三鲜,东北地三鲜,0,未修改
116409,番茄排骨土豆汤（伊莱特聚能碳鼎）,番茄排骨土豆汤,1,删除括号说明
116455,豌豆粒炒牛肉,豌豆粒炒牛肉,0,未修改
116503,土豆烧鸡,土豆烧鸡,0,未修改
116509,福建家常菜❤️炒米粉,福建家常菜️炒米粉,1,删除装饰符号
116589,简单木耳炒韭菜苔,木耳炒韭菜苔,1,删除营销定语
116602,青椒炒豆皮,青椒炒豆皮,0,未修改
116603,清炒黄瓜,清炒黄瓜,0,未修改
116630,葱爆鱼肚,葱爆鱼肚,0,未修改
116631,豇豆酿肉（附豇豆圈编法）,豇豆酿肉,1,删除括号说明
116632,土豆培根洋葱烘蛋,土豆培根洋葱烘蛋,0,未修改
116645,土豆鸡块,土豆鸡块,0,未修改
116662,煎饼果子,煎饼果子,0,未修改
116674,芽菜干煸四季豆,芽菜干煸四季豆,0,未修改
116676,Q弹白灼大虾,Q弹白灼大虾,0,未修改
116699,清炒芹菜,清炒芹菜,0,未修改
116705,无敌下饭的外婆菜炒蛋,无敌下饭的外婆菜炒蛋,0,未修改
116739,蚕豆炒腊肠,蚕豆炒腊肠,0,未修改
116749,快手菜-酱焖豆角,酱焖豆角,1,删除分类前缀
116771,"❀【笋干老鸭煲】❀
《隔水炖版》",【笋干老鸭煲】 隔水炖版,1,删除装饰符号
116789,炝拌／凉拌手撕茄子🍆,炝拌／凉拌手撕茄子,1,删除装饰符号
116793,bun's流 芥菜（咸）蛋花汤,bun's流 芥菜蛋花汤,1,删除括号说明
116809,家常版鱼香肉丝,鱼香肉丝,1,删除场景定语
116867,昂刺鱼豆腐番茄汤,昂刺鱼豆腐番茄汤,0,未修改
116883,西洋菜的不同吃法,西洋菜的不同吃法,0,未修改
116936,葱香米饼（剩米饭的自救）！,葱香米饼,1,删除括号说明；删除宣传后句
116974,清蒸鲈鱼（附怎样蒸鱼才不腥）,清蒸鲈鱼,1,删除括号说明
116991,椰子鸡汤,椰子鸡汤,0,未修改
117007,黄瓜杏鲍菇炒肉片（鲜嫩爽口不能忘怀）,黄瓜杏鲍菇炒肉片,1,删除括号说明
117019,槐花炒鸡蛋,槐花炒鸡蛋,0,未修改
117026,病号饭首选生菜肉片粥,病号饭首选生菜肉片粥,0,未修改
117066,凉拌薄荷菠萝木耳,凉拌薄荷菠萝木耳,0,未修改
117086,北极贝拌荷兰豆,北极贝拌荷兰豆,0,未修改
117091,木耳香葱炒牛肉,木耳香葱炒牛肉,0,未修改
117102,云南传统名菜下饭菜黑三剁,云南传统名菜下饭菜黑三剁,0,未修改
117141,（啥也没有）炒年糕,炒年糕,1,删除括号说明
117146,干豆角炖粉条五花肉,干豆角炖粉条五花肉,0,未修改
117201,川味鱼香肉丝,川味鱼香肉丝,0,未修改
117230,蚝油茼蒿,蚝油茼蒿,0,未修改
117284,快手便当-芹菜胡萝卜,便当-芹菜胡萝卜,1,删除营销定语
117307,炸虾油,炸虾油,0,未修改
117345,酸汤挂面,酸汤挂面,0,未修改
117362,花甲粉,花甲粉,0,未修改
117379,虎皮尖椒酿肉,虎皮尖椒酿肉,0,未修改
117388,凉拌菌菇荷兰豆丝,凉拌菌菇荷兰豆丝,0,未修改
117425,丝瓜炒肉片,丝瓜炒肉片,0,未修改
117433,减脂餐❗蒜香浓郁的蒜蓉金针菇，好吃不胖,餐蒜香浓郁的蒜蓉金针菇,1,删除营销定语；删除宣传后句；删除装饰符号
117438,鲜美浓汤番茄鸡蛋面,鲜美浓汤番茄鸡蛋面,0,未修改
117456,胡萝卜炒西兰花,胡萝卜炒西兰花,0,未修改
117461,超嫩滑的牛肉滑蛋，简单好做又健康💓,嫩滑的牛肉滑蛋,1,删除营销定语；删除宣传后句
117462,清炒菜心,清炒菜心,0,未修改
117496,快手菜一煮可吃《白灼虾》,菜一煮可吃白灼虾,1,删除营销定语
117503,茄汁虾球,茄汁虾球,0,未修改
117513,🧄蒜头🌰栗子焖🐔鸡,蒜头栗子焖鸡,1,删除装饰符号
117533,手撕包菜炒粉条,手撕包菜炒粉条,0,未修改
117536,家常菜白老师鸡翅,家常菜白老师鸡翅,0,未修改
117550,蒜苔口蘑炒牛肉,蒜苔口蘑炒牛肉,0,未修改
117582,好喝无敌开胃的酸辣羹，五分钟搞定,好喝无敌开胃的酸辣羹,1,删除宣传后句
117607,宿舍简易版--豆豉蒸排骨,宿舍简易版--豆豉蒸排骨,0,未修改
117609,苦瓜豆豉焖猪肉,苦瓜豆豉焖猪肉,0,未修改
117663,炒娃娃菜，标配午餐肉,炒娃娃菜,1,删除宣传后句
117674,紫苏红烧鱼,紫苏红烧鱼,0,未修改
117707,木耳虾仁炒面,木耳虾仁炒面,0,未修改
117716,南瓜年糕,南瓜年糕,0,未修改
117720,糖水马蹄,糖水马蹄,0,未修改
117725,西红柿土豆炒鸡蛋,西红柿土豆炒鸡蛋,0,未修改
117729,家常豆腐两吃,家常豆腐两吃,0,未修改
117815,鸡爪煲,鸡爪煲,0,未修改
117821,懒人版糖醋排骨,版糖醋排骨,1,删除营销定语
117825,炸藕盒,炸藕盒,0,未修改
117827,芋头蒸排骨,芋头蒸排骨,0,未修改
117862,这才是酸辣白菜的正确做法，酸辣开胃还下饭，端上桌家人抢着吃,这才是酸辣白菜的正确做法,1,删除宣传后句
117871,相当快手的胡萝卜炒鸡蛋,相当快手的胡萝卜炒鸡蛋,0,未修改
117876,胡瓜炒香菇,胡瓜炒香菇,0,未修改
117890,青椒炒芸豆丝,青椒炒芸豆丝,0,未修改
117927,马蹄木耳蒸肉饼,马蹄木耳蒸肉饼,0,未修改
117954,芦笋炒虾仁（清脆爽口）,芦笋炒虾仁,1,删除括号说明
117959,清蒸风鳗鱼,清蒸风鳗鱼,0,未修改
117966,凉拌Q弹豆干,凉拌Q弹豆干,0,未修改
117967,娃娃菜炒平菇,娃娃菜炒平菇,0,未修改
117985,小炒鸡杂,小炒鸡杂,0,未修改
118055,培根炒抱子甘藍,培根炒抱子甘藍,0,未修改
118115,快手胡萝卜炒鸡蛋,胡萝卜炒鸡蛋,1,删除营销定语
118124,老干妈花菜,老干妈花菜,0,未修改
118141,蜜汁叉烧肉,蜜汁叉烧肉,0,未修改
118163,鲫鱼汤，低脂,鲫鱼汤,1,删除宣传后句
118188,激黑豆,激黑豆,0,未修改
118250,✅第16道快手低脂菜 🔥香嫩下饭的鱼香豆腐❗️,第16道快手低脂菜 香嫩下饭的鱼香豆腐️,1,删除装饰符号
118261,番茄鳕鱼豆腐锅,番茄鳕鱼豆腐锅,0,未修改
118266,金针木耳蒸滑鸡,金针木耳蒸滑鸡,0,未修改
118323,香椿炒鸡蛋，春天到了，怎么可以少了香椿？,香椿炒鸡蛋,1,删除宣传后句
118332,番茄炖牛肉,番茄炖牛肉,0,未修改
118397,海鲜酱炒鸡丁茄丁,海鲜酱炒鸡丁茄丁,0,未修改
118401,牛肉酱炒干豆角，超级下饭！,牛肉酱炒干豆角,1,删除宣传后句
118425,懒人必备卤鸡蛋鸡翅,必备卤鸡蛋鸡翅,1,删除营销定语
118453,荷兰豆平菇炒肉,荷兰豆平菇炒肉,0,未修改
118461,香菇炒鸡肉,香菇炒鸡肉,0,未修改
118492,肉末蒸香芋,肉末蒸香芋,0,未修改
118511,会拉丝的糖醋排骨【大师的菜】,会拉丝的糖醋排骨【大师的菜】,0,未修改
118525,无糖健康的番茄炒蛋,无糖健康的番茄炒蛋,0,未修改
118544,番茄家族🍅番茄白菜杏鲍菇,番茄家族番茄白菜杏鲍菇,1,删除装饰符号
118557,炒杂菜,炒杂菜,0,未修改
118558,劲辣爆炒腰花,劲辣爆炒腰花,0,未修改
118574,榨菜炒豆角,榨菜炒豆角,0,未修改
118586,小朋友做的香菇火腿蒸桂鱼,小朋友做的香菇火腿蒸桂鱼,0,未修改
118594,咸鱼茄子煲-2018年夜饭【曼食慢语】,咸鱼茄子煲-2018年夜饭【曼食慢语】,0,未修改
118621,燕鲅鱼罐头,燕鲅鱼罐头,0,未修改
118634,超简单的蚝油生菜,蚝油生菜,1,删除营销定语
118667,新疆大盘鸡,新疆大盘鸡,0,未修改
118686,香椿(芽)的故事,香椿的故事,1,删除括号说明
118694,牛肉炖胡萝卜,牛肉炖胡萝卜,0,未修改
118730,家常菜花,家常菜花,0,未修改
118879,鸡蛋炒有机菜花,鸡蛋炒有机菜花,0,未修改
118887,炒米粉,炒米粉,0,未修改
118894,清炒苋菜,清炒苋菜,0,未修改
118965,百搭东北鸡蛋酱,百搭东北鸡蛋酱,0,未修改
118983,小小渔夫 【儿菜炒肉片】,小小渔夫 【儿菜炒肉片】,0,未修改
118990,【美龄粥】,美龄粥,1,展开标题方括号
118991,小咸菜,小咸菜,0,未修改
119032,简单易上手的～鱼香鸡丝,易上手的～鱼香鸡丝,1,删除营销定语
119040,蒜蓉蒸双菇配娃娃菜,蒜蓉蒸双菇配娃娃菜,0,未修改
119087,家常味的炝莲菜,家常味的炝莲菜,0,未修改
119111,鱼汤豆腐,鱼汤豆腐,0,未修改
119141,白菜炒粉丝,白菜炒粉丝,0,未修改
119152,炒海鲜乌冬面好吃根本停不下来,炒海鲜乌冬面好吃根本停不下来,0,未修改
119172,剁椒蒸鸦片鱼,剁椒蒸鸦片鱼,0,未修改
119185,家庭版简易回锅肉,简易回锅肉,1,删除场景定语
119200,酱烧昂刺鱼—我很丑但我很香很下饭,酱烧昂刺鱼—我很丑但我很香很下饭,0,未修改
119212,快炒油麦菜,快炒油麦菜,0,未修改
119228,杏鲍菇黑椒牛肉—减脂快手菜,杏鲍菇黑椒牛肉—减脂快手菜,0,未修改
119258,好吃的皮蛋豆腐,皮蛋豆腐,1,删除营销定语
119278,素炒杏鲍菇,素炒杏鲍菇,0,未修改
119302,五彩鸡丁,五彩鸡丁,0,未修改
119307,上海红肠罗宋汤,上海红肠罗宋汤,0,未修改
119314,东南亚风味凉拌米粉,东南亚风味凉拌米粉,0,未修改
119349,鱿鱼炒茼蒿,鱿鱼炒茼蒿,0,未修改
119403,墨鱼炒肉丝（五花肉猪油版）,墨鱼炒肉丝,1,删除括号说明
119411,熬塔嘛鱼,熬塔嘛鱼,0,未修改
119422,酸菜鸡,酸菜鸡,0,未修改
119443,小美胡萝卜炒杏鲍菇,小美胡萝卜炒杏鲍菇,0,未修改
119560,炒泡面,炒泡面,0,未修改
119571,滇味酸辣土豆丝（糟辣子炒洋芋）,滇味酸辣土豆丝,1,删除括号说明
119604,家常西葫芦炒牛肉,家常西葫芦炒牛肉,0,未修改
119610,💯蜜汁滑蛋虾仁饭,蜜汁滑蛋虾仁饭,1,删除装饰符号
119621,奶白奶白的豆腐鲫鱼汤,奶白奶白的豆腐鲫鱼汤,0,未修改
119677,炒土豆片,炒土豆片,0,未修改
119714,金汤肥牛(懒人版),金汤肥牛,1,删除括号说明
119728,快手青椒酿肉,青椒酿肉,1,删除营销定语
119741,番茄宝塔菜,番茄宝塔菜,0,未修改
119745,黄油番茄炖牛尾（简直鲜香浓郁掉下巴😋😋）,黄油番茄炖牛尾,1,删除括号说明
119770,清蒸桂花鱼,清蒸桂花鱼,0,未修改
119778,酒糟鱼-江西特色菜,酒糟鱼-江西特色菜,0,未修改
119780,西葫芦炒鸡蛋,西葫芦炒鸡蛋,0,未修改
119793,酱汁金针菇卷,酱汁金针菇卷,0,未修改
119802,豆干炒香芹,豆干炒香芹,0,未修改
119822,茼蒿炒肉,茼蒿炒肉,0,未修改
119873,不吃主食还能让你拥有饱腹感营养美味玉米浓汤,不吃主食还能让你拥有饱腹感营养美味玉米浓汤,0,未修改
119896,蒜蓉生蚝,蒜蓉生蚝,0,未修改
119923,红烧鳊鱼,红烧鳊鱼,0,未修改
119935,肉末豆角(超级简单不夹生零失误)一人份下饭菜,肉末豆角一人份下饭菜,1,删除括号说明
119938,煎茄盒,煎茄盒,0,未修改
120021,红烧鲫鱼,红烧鲫鱼,0,未修改
120040,『淘最厨房』炒青江菜，糯！,『淘最厨房』炒青江菜,1,删除宣传后句
120049,简单版嫩滑鸡蛋羹,版嫩滑鸡蛋羹,1,删除营销定语
120052,黄瓜蛋花汤—清淡的快手早餐,黄瓜蛋花汤—清淡的快手早餐,0,未修改
120053,素“羊肉串”（猴头菇炸串）,素羊肉串,1,删除括号说明
120110,韩式辣炖鸡腿,韩式辣炖鸡腿,0,未修改
120127,5分钟-辣白菜炒五花肉,5分钟-辣白菜炒五花肉,0,未修改
120128,西红柿烧冬瓜,西红柿烧冬瓜,0,未修改
120139,㊙️秘制凉拌茄子🍆,㊙️秘制凉拌茄子,1,删除装饰符号
120147,炖刀鱼,炖刀鱼,0,未修改
120164,简单美味大红虾,大红虾,1,删除营销定语
120174,排骨炖土豆茄子贝贝瓜豆角,排骨炖土豆茄子贝贝瓜豆角,0,未修改
120175,10分钟内能吃上的香辣酸汤肥牛,10分钟内能吃上的香辣酸汤肥牛,0,未修改
120178,鲶鱼炖茄子,鲶鱼炖茄子,0,未修改
120200,低脂茄汁鳕鱼块,茄汁鳕鱼块,1,删除营销定语
120224,下饭小菜～凉拌鹿角菜,小菜～凉拌鹿角菜,1,删除营销定语
120270,茉莉花炒鸡蛋,茉莉花炒鸡蛋,0,未修改
120338,【空气炸锅系列】盐酥鸡,空气炸锅系列 盐酥鸡,1,展开标题方括号
120372,家常小菜--开背蒜香虾,家常小菜--开背蒜香虾,0,未修改
120392,秋冬限定の银耳雪梨羹,秋冬限定の银耳雪梨羹,0,未修改
120396,泡椒蒸武昌鱼,泡椒蒸武昌鱼,0,未修改
120429,夏日减肥美容——桂花桃胶银耳羹,夏日减肥美容——桂花桃胶银耳羹,0,未修改
120430,清炒四棱豆（四角豆）,清炒四棱豆,1,删除括号说明
120436,快速拆鸡腿骨,快速拆鸡腿骨,0,未修改
120438,好吃又简单的辣炒花蛤,又简单的辣炒花蛤,1,删除营销定语
120441,牛肉芹菜饺,牛肉芹菜饺,0,未修改
120460,不用炒的空心菜,空心菜,1,删除营销定语
120469,手撕包菜（下饭开味  爽脆清甜  家庭必备菜）,手撕包菜,1,删除括号说明
120490,笋干烧肉,笋干烧肉,0,未修改
120540,蒜蓉粉丝蒸波士顿龙虾,蒜蓉粉丝蒸波士顿龙虾,0,未修改
120560,菠菜粉丝肉丸汤,菠菜粉丝肉丸汤,0,未修改
120566,炒扇贝肉,炒扇贝肉,0,未修改
120567,【酱香+海味+鲜蔬】豆豉鲮鱼炒生菜,酱香+海味+鲜蔬 豆豉鲮鱼炒生菜,1,展开标题方括号
120572,不用蒸的糯米蛋,不用蒸的糯米蛋,0,未修改
120578,徐妈妈的上海炸酱面,徐妈妈的上海炸酱面,0,未修改
120586,红烧肥肠,红烧肥肠,0,未修改
120597,土豆茄子肉末拌面,土豆茄子肉末拌面,0,未修改
120643,木耳炒鸡肉，美味营养又好吃！,木耳炒鸡肉,1,删除宣传后句
120670,博士厨房-青椒香肠炒素鸡,博士厨房-青椒香肠炒素鸡,0,未修改
120712,⚠️超级下饭的🍳鸭黄豆角,️超级下饭的鸭黄豆角,1,删除装饰符号
120729,芸豆炒肉,芸豆炒肉,0,未修改
120741,多30秒更诱人：黄瓜炒鸡蛋（附简单易学的黄瓜片切法）,多30秒更诱人：黄瓜炒鸡蛋,1,删除括号说明
120744,贵州糟辣椒蛋炒饭,贵州糟辣椒蛋炒饭,0,未修改
120766,素糖醋排骨,素糖醋排骨,0,未修改
120770,洋葱彩椒嫩炒猪肝,洋葱彩椒嫩炒猪肝,0,未修改
120836,芥菜这样炒~不但不苦不涩~而且非常鲜甜美味~连小孩都喜欢吃,芥菜这样炒~不但不苦不涩~而且非常鲜甜美味~连小孩都喜欢吃,0,未修改
120844,炒三丝“鱼香味”,炒三丝鱼香味,1,未修改
120867,醋熘白菜,醋熘白菜,0,未修改
120885,超下饭的外婆菜炒鸡蛋,外婆菜炒鸡蛋,1,删除营销定语
120888,咖喱鸡,咖喱鸡,0,未修改
120893,迷迭香烤小土豆,迷迭香烤小土豆,0,未修改
120905,红烧鳜鱼,红烧鳜鱼,0,未修改
120956,大头菜炒粉丝,大头菜炒粉丝,0,未修改
120963,油焖大虾（酥香鲜美，满满的蛋白质哦~）,油焖大虾,1,删除括号说明
120967,辣椒炒蛋（厨房小白必备）,辣椒炒蛋,1,删除括号说明
121005,芦笋清炒木耳丝,芦笋清炒木耳丝,0,未修改
121007,油焖小土豆,油焖小土豆,0,未修改
121009,金银蛋西兰花汤,金银蛋西兰花汤,0,未修改
121014,美味简单的四季豆焖面,四季豆焖面,1,删除营销定语
121025,纯素爆炒“肥肠”,纯素爆炒肥肠,1,未修改
121066,西红柿豆腐汤（无油菜）,西红柿豆腐汤,1,删除括号说明
121073,孜然瘦肉鸡腿菇,孜然瘦肉鸡腿菇,0,未修改
121074,宫保猴头菇,宫保猴头菇,0,未修改
121106,素炒香菇,素炒香菇,0,未修改
121176,葱油蚕豆笋丁杏鲍菇,葱油蚕豆笋丁杏鲍菇,0,未修改
121183,老北京炸酱面,老北京炸酱面,0,未修改
121192,胡萝卜炒海带丝,胡萝卜炒海带丝,0,未修改
121200,5分钟搞定的家常青椒肉丝‼️无敌下饭,5分钟搞定的家常青椒肉丝‼️无敌下饭,0,未修改
121203,荷兰豆炒腊肉片,荷兰豆炒腊肉片,0,未修改
121214,清蒸野生黄翅鱼,清蒸野生黄翅鱼,0,未修改
121228,芹菜豆干，四步走,芹菜豆干,1,删除宣传后句
121230,超简单的麻辣香锅,麻辣香锅,1,删除营销定语
121241,秋葵炒肉片,秋葵炒肉片,0,未修改
121250,小美版农家小炒肉,小美版农家小炒肉,0,未修改
121330,绝对的下饭神器，泡豇豆炒五花肉,绝对的下饭神器,1,删除宣传后句
121356,香菇炖鸡,香菇炖鸡,0,未修改
121382,椒盐虾,椒盐虾,0,未修改
121397,超级简单啤酒鸭,啤酒鸭,1,删除营销定语
121405,海米炒蒲瓜,海米炒蒲瓜,0,未修改
121409,北方肉末豆腐,北方肉末豆腐,0,未修改
121435,青椒毛豆干丝,青椒毛豆干丝,0,未修改
121496,快手菜：肉末/蒜蓉豆豉蒸冬瓜,肉末/蒜蓉豆豉蒸冬瓜,1,删除分类前缀
121502,排骨炖土豆,排骨炖土豆,0,未修改
121526,金针菇炒豆腐皮(烧烤味),金针菇炒豆腐皮,1,删除括号说明
121534,超级下饭的家常味道——肉末豇豆,家常味道——肉末豇豆,1,删除营销定语
121539,香浓干菜卤腔骨,香浓干菜卤腔骨,0,未修改
121543,低配版鸡肉炖土豆,低配版鸡肉炖土豆,0,未修改
121546,鸡腿肉炒胡萝卜土豆扁豆角,鸡腿肉炒胡萝卜土豆扁豆角,0,未修改
121554,清炒莴笋叶,清炒莴笋叶,0,未修改
121607,蚝油茄子,蚝油茄子,0,未修改
121619,土豆烧鸭,土豆烧鸭,0,未修改
121639,你没试过的西红柿鸡蛋紫菜汤,你没试过的西红柿鸡蛋紫菜汤,0,未修改
121711,清炒西兰花,清炒西兰花,0,未修改
121719,超下饭的酱香茄子,酱香茄子,1,删除营销定语
121773,小羽私厨之椒盐猪蹄,小羽私厨之椒盐猪蹄,0,未修改
121774,葱油泥螺,葱油泥螺,0,未修改
121814,100%下饭菜！5分钟快手家常菜！酱干丁辣炒杂蔬😋,100%下饭菜,1,删除宣传后句
121820,芦蒿叶蛋饼——芦蒿叶子别再扔啦！,芦蒿叶蛋饼——芦蒿叶子别再扔啦,1,删除宣传后句
121868,玉兰片烧鸡肉,玉兰片烧鸡肉,0,未修改
121890,凉拌西兰花木耳胡萝卜,凉拌西兰花木耳胡萝卜,0,未修改
121918,家常腐皮,家常腐皮,0,未修改
121937,清蒸黄花鱼（小清新柠檬味🍋）,清蒸黄花鱼,1,删除括号说明
121938,鲜美爆汁的砂锅菜：腐皮肉卷,鲜美爆汁的砂锅菜：腐皮肉卷,0,未修改
121950,家常臊子（拌面拌粉或拌饭吃）,家常臊子,1,删除括号说明
121954,山西老式西红柿鸡蛋面,山西老式西红柿鸡蛋面,0,未修改
121970,肥肠土豆片,肥肠土豆片,0,未修改
121973,酸汤肥牛-豆芽版,酸汤肥牛-豆芽版,0,未修改
121981,彩椒炒鱼豆腐,彩椒炒鱼豆腐,0,未修改
121992,维B维C满满意面,维B维C满满意面,0,未修改
122052,不加盐，怎么蒸都不会老的——蒸鸡蛋,不加盐,1,删除宣传后句
122071,黑椒蒜子牛肉粒,黑椒蒜子牛肉粒,0,未修改
122129,拌豆芽（简单爽口美味）,拌豆芽,1,删除括号说明
122174,水果拼盘,水果拼盘,0,未修改
122192,健康低卡——随意加馅的玉米面团子【松下蒸烤箱JK102W】,低卡——随意加馅的玉米面团子【松下蒸烤箱JK102W】,1,删除营销定语
122198,超下饭哒肉末豆腐😋😋,哒肉末豆腐,1,删除营销定语；删除装饰符号
122225,椒盐皮皮虾,椒盐皮皮虾,0,未修改
122249,万能汁拌面,万能汁拌面,0,未修改
122294,超下饭的凉拌腐竹,凉拌腐竹,1,删除营销定语
122306,清蒸白昌鱼,清蒸白昌鱼,0,未修改
122330,麻麻麻麻麻麻麻辣烫,麻麻麻麻麻麻麻辣烫,0,未修改
122338,香菇炒藕片 | 健康·三餐,香菇炒藕片 | 健康·三餐,0,未修改
122370,快手营养💯滑蛋牛肉&滑蛋牛肉三明治🥪,滑蛋牛肉&滑蛋牛肉三明治,1,删除营销定语；删除装饰符号
122417,豆腐金针菇杂蔬蛋花汤—减不减脂不重要，好喝才是最想要,豆腐金针菇杂蔬蛋花汤—减不减脂不重要,1,删除宣传后句
122431,柱侯牛腩煲,柱侯牛腩煲,0,未修改
122468,【零失败】清蒸巴沙鱼,清蒸巴沙鱼,1,展开标题方括号；删除营销定语
122514,豆鼓蒸排骨,豆鼓蒸排骨,0,未修改
122518,百吃不厌的家常小炒~韭菜肉丝,百吃不厌的家常小炒~韭菜肉丝,0,未修改
122598,红烧肉炖小土豆,红烧肉炖小土豆,0,未修改
122638,素鸡烧魔芋,素鸡烧魔芋,0,未修改
122688,尖椒炒肉,尖椒炒肉,0,未修改
122728,炝炒扁豆,炝炒扁豆,0,未修改
122751,拌饭最佳 番茄香菇炒肉末,拌饭最佳 番茄香菇炒肉末,0,未修改
122755,秋季南瓜扁豆蔬菜汤|减肥食谱,秋季南瓜扁豆蔬菜汤|减肥食谱,0,未修改
122756,清蒸冬瓜肉沫,清蒸冬瓜肉沫,0,未修改
122769,凉菜白菜丝,凉菜白菜丝,0,未修改
122794,和饭店里一样的嫩滑水蒸蛋鸡蛋羹,和饭店里一样的嫩滑水蒸蛋鸡蛋羹,0,未修改
122807,凉拌西兰花,凉拌西兰花,0,未修改
122817,肉末炒空心菜(一菜两煮),肉末炒空心菜,1,删除括号说明
122821,五花肉炒苦瓜,五花肉炒苦瓜,0,未修改
122825,茶油爆炒猪肝,茶油爆炒猪肝,0,未修改
122828,疆味茄子炒羊肉（少油）,疆味茄子炒羊肉,1,删除括号说明
122855,鲫鱼炖豆腐,鲫鱼炖豆腐,0,未修改
122863,素食版“东坡肉”（吃素也可以有滋有味）,素食版东坡肉,1,删除括号说明
122886,红烧/家常小梅鱼,红烧/家常小梅鱼,0,未修改
122890,素丸子,素丸子,0,未修改
122898,洋葱肥牛乌冬面,洋葱肥牛乌冬面,0,未修改
122928,清爽又下饭的凉拌木耳,清爽又下饭的凉拌木耳,0,未修改
122941,素炒奶白菜,素炒奶白菜,0,未修改
122968,简简单单下饭菜：瘦肉炖四季豆（豆王）,简简单单下饭菜：瘦肉炖四季豆,1,删除括号说明
123005,清蒸🐟鲽鱼,清蒸鲽鱼,1,删除装饰符号
123013,快手下饭菜❤️虾皮炒西葫芦,菜️虾皮炒西葫芦,1,删除营销定语；删除装饰符号
123041,蒜蓉粉丝蒸扇贝肉,蒜蓉粉丝蒸扇贝肉,0,未修改
123061,西红柿金针菇炒鸡蛋,西红柿金针菇炒鸡蛋,0,未修改
123093,爆炒牛肚,爆炒牛肚,0,未修改
123102,【卤牛肉炒青椒】,卤牛肉炒青椒,1,展开标题方括号
123104,清炒毛豆,清炒毛豆,0,未修改
123130,可以喝汤的酸菜鱼,可以喝汤的酸菜鱼,0,未修改
123137,海带排骨炖藕,海带排骨炖藕,0,未修改
123149,「蓉达专属汤谱」之葛根猪骨汤,「蓉达专属汤谱」之葛根猪骨汤,0,未修改
123150,墨鱼炒口菇，好吃,墨鱼炒口菇,1,删除宣传后句
123177,酸豆角遇上腊肥肠（腊猪肠）,酸豆角遇上腊肥肠,1,删除括号说明
123187,韧脆适中的爆炒鸡胗,韧脆适中的爆炒鸡胗,0,未修改
123191,番茄肥牛汤,番茄肥牛汤,0,未修改
123192,牛肉炒杏鲍菇（夏日减脂餐）,牛肉炒杏鲍菇,1,删除括号说明
123235,茄汁鲅鱼（无刺）,茄汁鲅鱼,1,删除括号说明
123267,柴火香干炒肉,柴火香干炒肉,0,未修改
123281,韭菜鸡蛋烧厚厚～简单好吃 我可以当饭吃😂,韭菜鸡蛋烧厚厚～简单好吃 我可以当饭吃,1,删除装饰符号
123313,美味营养的鲜炒草菇,鲜炒草菇,1,删除营销定语
123333,【佛门红烧肉】红烧冬瓜有窍门，丰腴酥烂馋煞人,佛门红烧肉 红烧冬瓜有窍门,1,展开标题方括号；删除宣传后句
123338,山药排骨汤,山药排骨汤,0,未修改
123358,尖椒肥肠（超简单超好吃10分钟搞定）,尖椒肥肠,1,删除括号说明
123442,改良版宫保鸡丁—下饭神器不辣的家常菜,改良版宫保鸡丁—下饭神器不辣的家常菜,0,未修改
123452,蒜蓉粉丝干贝蒸丝瓜,蒜蓉粉丝干贝蒸丝瓜,0,未修改
123534,光盘回锅肉,光盘回锅肉,0,未修改
123544,虫草花瘦肉汤,虫草花瘦肉汤,0,未修改
123588,红烧鲤鱼,红烧鲤鱼,0,未修改
123632,农家三宝（茄子豆角苦瓜）,农家三宝,1,删除括号说明
123689,鱼豆腐焖米饭,鱼豆腐焖米饭,0,未修改
123692,家常版简单又下饭的青椒洋葱炒牛肉,又下饭的青椒洋葱炒牛肉,1,删除场景定语；删除营销定语
123700,小炒泡豇豆,小炒泡豇豆,0,未修改
123737,"很好吃,很简单-肉段烧茄子",很好吃,1,删除宣传后句
123765,甜虾炒西兰花,甜虾炒西兰花,0,未修改
123788,辣炒田螺(家常版),辣炒田螺,1,删除括号说明
123823,素食.鲜菇西兰花炒胡萝卜,素食.鲜菇西兰花炒胡萝卜,0,未修改
123828,客家小炒鱼,客家小炒鱼,0,未修改
123832,连吃两份的豆角（四季豆）焖面,连吃两份的豆角焖面,1,删除括号说明
123837,芦笋炒虾仁,芦笋炒虾仁,0,未修改
123846,低油好吃的蘑菇小白菜豆拌豆腐丝（范志红版）,低油好吃的蘑菇小白菜豆拌豆腐丝,1,删除括号说明
123865,炝炒小白菜,炝炒小白菜,0,未修改
123866,洋葱炒红肠,洋葱炒红肠,0,未修改
123885,红焖羊肉不焯水巧去腥膻味,红焖羊肉不焯水巧去腥膻味,0,未修改
123906,吮指糖醋虾,吮指糖醋虾,0,未修改
123950,红萝卜花生猪手汤➕甜酸猪手,红萝卜花生猪手汤甜酸猪手,1,删除装饰符号
123964,土豆香肠炖豆角,土豆香肠炖豆角,0,未修改
124008,香菇浇油菜,香菇浇油菜,0,未修改
124040,白菜帮炒香干,白菜帮炒香干,0,未修改
124060,牛肉米粉汤/牛肉粉丝汤,牛肉米粉汤/牛肉粉丝汤,0,未修改
124115,不用蟹黄的蟹黄豆腐,不用蟹黄的蟹黄豆腐,0,未修改
124140,炒儿菜,炒儿菜,0,未修改
124171,剁椒鱼头,剁椒鱼头,0,未修改
124191,洋葱炒土豆片,洋葱炒土豆片,0,未修改
124233,好吃的黄瓜炒肉,黄瓜炒肉,1,删除营销定语
124246,酸萝卜老鸭汤,酸萝卜老鸭汤,0,未修改
124332,小美版虾仁炒蒜叶,小美版虾仁炒蒜叶,0,未修改
124353,快手娃娃菜肉丝面疙瘩,娃娃菜肉丝面疙瘩,1,删除营销定语
124363,黑暗料理-香辣洋葱（香辣下饭）,黑暗料理-香辣洋葱,1,删除括号说明
124373,经典川菜—蒜泥白肉（瘦肉版本），堪称米饭杀手！,经典川菜—蒜泥白肉,1,删除括号说明；删除宣传后句
124382,鸡腿菇炒肥牛,鸡腿菇炒肥牛,0,未修改
124392,蒜蓉金针菇娃娃菜,蒜蓉金针菇娃娃菜,0,未修改
124399,沙姜鸡,沙姜鸡,0,未修改
124400,仔姜肉丝,仔姜肉丝,0,未修改
124401,苹果拌水芹菜,苹果拌水芹菜,0,未修改
124456,东北上素〖地三鲜〗,东北上素〖地三鲜〗,0,未修改
124480,春天的味道，酥香软嫩的香椿摊鸡蛋,春天的味道,1,删除宣传后句
124484,蒜蓉蒸鸡,蒜蓉蒸鸡,0,未修改
124498,番茄牛腩煲,番茄牛腩煲,0,未修改
124499,诱人的虾潺与凤尾虾,诱人的虾潺与凤尾虾,0,未修改
124538,黄金虾仁什锦炒饭🍤好吃到爆🥗,黄金虾仁什锦炒饭好吃到爆,1,删除装饰符号
124580,豆角榄菜炒肉末,豆角榄菜炒肉末,0,未修改
124582,炒肉片系列：春笋炒肉片,炒肉片系列：春笋炒肉片,0,未修改
124587,潮汕肉饼炒韭苔,潮汕肉饼炒韭苔,0,未修改
124591,酱油鸡（鸭）,酱油鸡,1,删除括号说明
124611,夏日清爽炒莴笋丝,夏日清爽炒莴笋丝,0,未修改
124648,菠菜花生,菠菜花生,0,未修改
124689,土豆烧茄子（土豆茄子泥盖饭）,土豆烧茄子,1,删除括号说明
124692,台湾经典菜苍蝇头,台湾经典菜苍蝇头,0,未修改
124740,无油的万用番茄羊肉臊子,万用番茄羊肉臊子,1,删除营销定语
124745,重庆鸡公煲（家庭版）,重庆鸡公煲,1,删除括号说明
124770,凉拌土豆芹菜,凉拌土豆芹菜,0,未修改
124771,玉米饼,玉米饼,0,未修改
124785,简单版水煮牛肉,版水煮牛肉,1,删除营销定语
124786,湖北三鲜,湖北三鲜,0,未修改
124790,胡萝卜玉米排骨汤,胡萝卜玉米排骨汤,0,未修改
124798,酸菜肉末,酸菜肉末,0,未修改
124824,简易炒芥菜,简易炒芥菜,0,未修改
124854,素炒松茸,素炒松茸,0,未修改
124880,减肥黑全麦紫薯馒头,减肥黑全麦紫薯馒头,0,未修改
124916,番茄土豆肥牛汤,番茄土豆肥牛汤,0,未修改
124918,豇豆烧肉,豇豆烧肉,0,未修改
125006,孜然牛肉,孜然牛肉,0,未修改
125019,南瓜糙米饭,南瓜糙米饭,0,未修改
125042,葱花红烧豆腐—下饭好味道,葱花红烧豆腐—下饭好味道,0,未修改
125054,番茄丝瓜毛豆,番茄丝瓜毛豆,0,未修改
125072,蒜炒腊肠,蒜炒腊肠,0,未修改
125112,当归黑枣鸡汤,当归黑枣鸡汤,0,未修改
125174,快手白灼芥兰,白灼芥兰,1,删除营销定语
125177,水萝卜片炒肉,水萝卜片炒肉,0,未修改
125191,芹菜香干牛肉丝,芹菜香干牛肉丝,0,未修改
125194,豉油鸡（酱油鸡）,豉油鸡,1,删除括号说明
125206,番茄菜花,番茄菜花,0,未修改
125238,春笋韭菜肉丝小炒,春笋韭菜肉丝小炒,0,未修改
125331,牛肉炖萝卜丝,牛肉炖萝卜丝,0,未修改
125368,葱油蒜烧小排,葱油蒜烧小排,0,未修改
125409,千张包,千张包,0,未修改
125424,大蒜叶炒土鸡蛋-简单易做又好吃的素菜，快点来！,大蒜叶炒土鸡蛋-简单易做又好吃的素菜,1,删除宣传后句
125455,低脂低卡好吃不胖营养美味家常番茄炒金针菇,低卡好吃不胖营养美味家常番茄炒金针菇,1,删除营销定语
125466,过桥豆腐,过桥豆腐,0,未修改
125490,家常小炒,家常小炒,0,未修改
125523,风味黄骨鱼,风味黄骨鱼,0,未修改
125572,能吃三碗饭的水豆豉拌香菜,能吃三碗饭的水豆豉拌香菜,0,未修改
125577,番茄🍅甘蓝炒粉条/减肥代餐/清淡下饭菜,番茄甘蓝炒粉条/减肥代餐/清淡下饭菜,1,删除装饰符号
125583,家常版醋溜大白菜,醋溜大白菜,1,删除场景定语
125588,超级简易版蒜蓉蒸丝瓜,简易版蒜蓉蒸丝瓜,1,删除营销定语
125604,番茄鲫鱼豆腐汤,番茄鲫鱼豆腐汤,0,未修改
125620,【彼得海鲜】快手菜家常菜减肥餐之森林小炒,彼得海鲜 快手菜家常菜减肥餐之森林小炒,1,展开标题方括号
125623,青椒肉片,青椒肉片,0,未修改
125642,湘味小炒花菜,湘味小炒花菜,0,未修改
125643,拔丝地瓜,拔丝地瓜,0,未修改
125654,蒜黄炒鸡蛋,蒜黄炒鸡蛋,0,未修改
125674,简单的丝瓜鸡蛋汤,丝瓜鸡蛋汤,1,删除营销定语
125678,冬笋炒肉,冬笋炒肉,0,未修改
125744,豆腐烧鸭血,豆腐烧鸭血,0,未修改
125784,蒸马兰头（蒸野菜）,蒸马兰头,1,删除括号说明
125794,笋丝老鸭汤,笋丝老鸭汤,0,未修改
125850,私房【泡菜牛肉丝】酸辣开胃菜·🔥不要太下饭哦！,私房【泡菜牛肉丝】酸辣开胃菜·不要太下饭哦,1,删除宣传后句；删除装饰符号
125915,荷兰豆炒香菇,荷兰豆炒香菇,0,未修改
125924,红油腐竹,红油腐竹,0,未修改
125932,姜葱焖太阳鱼,姜葱焖太阳鱼,0,未修改
125951,干锅香辣虾,干锅香辣虾,0,未修改
125974,南瓜炖粉条（无油无盐菜）（无味斋）,南瓜炖粉条,1,删除括号说明
125977,酱焖茄子仔,酱焖茄子仔,0,未修改
125991,彩椒里的小心心——不用模具的爱心餐,彩椒里的小心心——不用模具的爱心餐,0,未修改
126013,炒竹笋（糊辣荔枝味）,炒竹笋,1,删除括号说明
126053,凉拌西兰花,凉拌西兰花,0,未修改
126062,炒四丁,炒四丁,0,未修改
126077,莴笋炒鸡蛋,莴笋炒鸡蛋,0,未修改
126107,竹荪肉片汤,竹荪肉片汤,0,未修改
126130,花甲粉丝汤,花甲粉丝汤,0,未修改
126135,萝卜丝蛋饼,萝卜丝蛋饼,0,未修改
126140,菠萝鸡块,菠萝鸡块,0,未修改
126162,健康低卡蔬菜汤—3种搭配，拯救懒人吃货【北鼎Mini K养生壶】,低卡蔬菜汤—3种搭配,1,删除营销定语；删除宣传后句
126182,东北家常炖酸菜,东北家常炖酸菜,0,未修改
126204,🌹豌豆牛肉粒🍀鲜嫩可口，方便快手,豌豆牛肉粒鲜嫩可口,1,删除宣传后句；删除装饰符号
126225,蒸排骨土豆,蒸排骨土豆,0,未修改
126251,零失败、简单、快手下饭菜：豆豉鲮鱼炒辣椒🌶️,、简单、快手下饭菜：豆豉鲮鱼炒辣椒️,1,删除营销定语；删除装饰符号
126266,洋葱炒鸡杂,洋葱炒鸡杂,0,未修改
126294,沙葛白菜粉丝煲,沙葛白菜粉丝煲,0,未修改
126352,清蒸兴城多宝鱼,清蒸兴城多宝鱼,0,未修改
126353,百吃不厌的青椒土豆丝,百吃不厌的青椒土豆丝,0,未修改
126362,苦瓜酿肉黄豆汤,苦瓜酿肉黄豆汤,0,未修改
126381,蛋煎杏鲍菇,蛋煎杏鲍菇,0,未修改
126387,丝瓜炒鸡蛋(两岁小孩食用版本),丝瓜炒鸡蛋,1,删除括号说明
126424,小炒大豆蛋白,小炒大豆蛋白,0,未修改
126469,虎皮尖椒肉,虎皮尖椒肉,0,未修改
126479,"芝心鳗鱼杂粮饭团
(保鲜袋捏饭团版)",芝心鳗鱼杂粮饭团,1,删除括号说明
126529,炝炒春芽儿菜,炝炒春芽儿菜,0,未修改
126532,泡椒泡姜炒猪肝,泡椒泡姜炒猪肝,0,未修改
126542,雪菜鱿鱼,雪菜鱿鱼,0,未修改
126558,【孕妇食谱】冬瓜虾皮汤，补钙又利尿，怎一个鲜美了得！,冬瓜虾皮汤,1,删除开头标签；删除宣传后句
126576,青椒炒鱿鱼,青椒炒鱿鱼,0,未修改
126591,蒜香米苋,蒜香米苋,0,未修改
126625,酿豆角 好吃下饭,酿豆角 好吃下饭,0,未修改
126637,水煮荷包蛋,水煮荷包蛋,0,未修改
126652,干豆腐炒黑白菜（勾氏私房菜）,干豆腐炒黑白菜,1,删除括号说明
126653,糯米鸡翅,糯米鸡翅,0,未修改
126697,杏鲍菇小炒肉,杏鲍菇小炒肉,0,未修改
126726,咖喱鸡肉饭(从不修图，喜欢真实的请关注我),咖喱鸡肉饭,1,删除括号说明
126728,卤肉饭,卤肉饭,0,未修改
126735,胡萝卜金针奶酪卷&京酱肉丝,胡萝卜金针奶酪卷&京酱肉丝,0,未修改
126739,减餐又可下饭的胡萝卜炒鸡丝,减餐又可下饭的胡萝卜炒鸡丝,0,未修改
126745,洋葱炒肥牛（1人食）,洋葱炒肥牛,1,删除括号说明
126765,凉拌皮蛋黄瓜,凉拌皮蛋黄瓜,0,未修改
126779,东北家炖刀鱼炖带鱼,东北家炖刀鱼炖带鱼,0,未修改
126798,香煎黄花鱼,香煎黄花鱼,0,未修改
126868,黄瓜平菇鸡蛋炒肉片,黄瓜平菇鸡蛋炒肉片,0,未修改
126937,『月澜姐』叉烧肉 ▏在家也能做出餐馆的味道和卖相,『月澜姐』叉烧肉 ▏在家也能做出餐馆的味道和卖相,0,未修改
126982,鸡肉炖土豆,鸡肉炖土豆,0,未修改
126992,简易锅边糊,简易锅边糊,0,未修改
127005,韩式嫩豆腐汤,韩式嫩豆腐汤,0,未修改
127009,芦笋培根炒鸡蛋,芦笋培根炒鸡蛋,0,未修改
127034,饭扫光-鸡米芽菜,饭扫光-鸡米芽菜,0,未修改
127044,干煸大虾,干煸大虾,0,未修改
127064,蒜泥蒸贝贝南瓜,蒜泥蒸贝贝南瓜,0,未修改
127081,牙签牛肉,牙签牛肉,0,未修改
127082,米饭杀手蒜苔炒肉好吃又下饭,米饭杀手蒜苔炒肉好吃又下饭,0,未修改
127216,清炒木耳菜,清炒木耳菜,0,未修改
127232,光盘辣椒煎蛋,光盘辣椒煎蛋,0,未修改
127255,营养超级齐全的菌菇肥牛煲,齐全的菌菇肥牛煲,1,删除营销定语
127270,蒜蓉扇贝蒸粉丝,蒜蓉扇贝蒸粉丝,0,未修改
127304,好吃不胖的口水鸡和口水鸡拌面,不胖的口水鸡和口水鸡拌面,1,删除营销定语
127323,鲍鱼粥,鲍鱼粥,0,未修改
127331,豆芽炖粉条,豆芽炖粉条,0,未修改
127348,韭菜猪肉馅饼,韭菜猪肉馅饼,0,未修改
127352,草头猪肝【曼食快语】,草头猪肝【曼食快语】,0,未修改
127379,咖喱土豆鸡块,咖喱土豆鸡块,0,未修改
127386,金华火腿炒芦笋,金华火腿炒芦笋,0,未修改
127398,三鲜疙瘩汤,三鲜疙瘩汤,0,未修改
127421,川香辣子鸡（又酥又辣又过瘾）,川香辣子鸡,1,删除括号说明
127439,拌三丝,拌三丝,0,未修改
127475,芹菜炒土豆条,芹菜炒土豆条,0,未修改
127486,家族秘菜下饭神器❗❗香辣炒鸡！简单好吃！（无鸡精）,家族秘菜下饭神器香辣炒鸡,1,删除括号说明；删除宣传后句；删除装饰符号
127492,松花菜焖鸡肉,松花菜焖鸡肉,0,未修改
127498,青椒油豆腐乌冬面,青椒油豆腐乌冬面,0,未修改
127540,西兰花芦笋炒肉片,西兰花芦笋炒肉片,0,未修改
127551,冬瓜排骨汤,冬瓜排骨汤,0,未修改
127552,新手必备！ 超下饭快手菜 蚝油豆腐 家常豆腐 简单好做 鲜香十足,新手必备,1,删除宣传后句
127561,土豆香菇洋葱炖肉－微烹宝版,土豆香菇洋葱炖肉－微烹宝版,0,未修改
127585,厨房小白快手锡纸牛肉🐂,厨房小白快手锡纸牛肉,1,删除装饰符号
127600,金猫咪食堂-子姜炆鸭,金猫咪食堂-子姜炆鸭,0,未修改
127653,蒜苗炒肉丝,蒜苗炒肉丝,0,未修改
127687,雪菜毛豆炒肉末,雪菜毛豆炒肉末,0,未修改
127714,板栗烧排骨,板栗烧排骨,0,未修改
127735,豆角炒肉片,豆角炒肉片,0,未修改
127740,养胃的南瓜小米花生浆,养胃的南瓜小米花生浆,0,未修改
127776,牛肉汤,牛肉汤,0,未修改
127783,肉末蛋蒸嫩豆腐,肉末蛋蒸嫩豆腐,0,未修改
127791,孜然肉片,孜然肉片,0,未修改
127797,夏日下饭炸酱（杏鲍菇胡萝卜土豆肉沫酱）,夏日下饭炸酱,1,删除括号说明
127819,广式香芋蒸排骨,广式香芋蒸排骨,0,未修改
127825,健脾养胃小米肉丸,健脾养胃小米肉丸,0,未修改
127828,香辣月牙骨,香辣月牙骨,0,未修改
127830,藜麦饭要好吃只需一个窍门,藜麦饭要好吃只需一个窍门,0,未修改
127834,简单的鱼头豆腐汤,鱼头豆腐汤,1,删除营销定语
127849,嫩滑的豆腐炖鸡蛋~就是有点费米饭😂,嫩滑的豆腐炖鸡蛋~就是有点费米饭,1,删除装饰符号
127885,土豆炖排骨豆角,土豆炖排骨豆角,0,未修改
127906,牛肉丼 超简单的肥牛饭！,牛肉丼 超简单的肥牛饭,1,删除宣传后句
127926,像蒸蛋一样嫩的西红柿包浆豆腐,像蒸蛋一样嫩的西红柿包浆豆腐,0,未修改
127942,芹菜炒虾（低脂减肥餐）,芹菜炒虾,1,删除括号说明
127947,超级香的下饭菜,香的下饭菜,1,删除营销定语
127956,柠檬酸汤鱼,柠檬酸汤鱼,0,未修改
127961,百吃不厌醋溜白菜,百吃不厌醋溜白菜,0,未修改
127996,『家常料理笔记』排骨炖豆角,『家常料理笔记』排骨炖豆角,0,未修改
127997,花生炖猪蹄，砂锅猪脚，猪蹄焖花生,花生炖猪蹄,1,删除宣传后句
128012,超下饭虾酱蒸猪肉,虾酱蒸猪肉,1,删除营销定语
128031,凉拌手撕鸡,凉拌手撕鸡,0,未修改
128103,减肥快手菜—青椒炒香菇,减肥快手菜—青椒炒香菇,0,未修改
128125,土豆炖牛肉,土豆炖牛肉,0,未修改
128127,韭菜炒猪血,韭菜炒猪血,0,未修改
128237,超级下饭菜～韭菜炒肉末（辣）,菜～韭菜炒肉末,1,删除括号说明；删除营销定语
128239,开胃解腻酸辣手撕鸡,开胃解腻酸辣手撕鸡,0,未修改
128241,超级简单下饭的回锅肉（家常做法),回锅肉（家常做法),1,删除营销定语
128315,香辣孜然猪肉粒,香辣孜然猪肉粒,0,未修改
128317,炒绿豆焖子-天津二月二的抬头菜,炒绿豆焖子-天津二月二的抬头菜,0,未修改
128343,清煮濑尿虾（爬爬虾）,清煮濑尿虾,1,删除括号说明
128349,姜汁炒芥兰,姜汁炒芥兰,0,未修改
128393,素炒茭白丝,素炒茭白丝,0,未修改
128399,鸡蛋烂糊豆腐,鸡蛋烂糊豆腐,0,未修改
128430,菱形黄瓜片切法,菱形黄瓜片切法,0,未修改
128446,糖醋里脊,糖醋里脊,0,未修改
128567,宿舍锅紫薯粥,宿舍锅紫薯粥,0,未修改
128577,杏鲍菇素炒三丝,杏鲍菇素炒三丝,0,未修改
128580,干锅花鸭叫,干锅花鸭叫,0,未修改
128606,避风塘炒虾,避风塘炒虾,0,未修改
128608,家常小炒:蒜蓉藕片西兰花,家常小炒:蒜蓉藕片西兰花,0,未修改
128634,【萝卜老鸭汤】滋补没负担，暖胃同时给胃去去油,萝卜老鸭汤 滋补没负担,1,展开标题方括号；删除宣传后句
128640,红烧福寿鱼,红烧福寿鱼,0,未修改
128657,炖鲅鱼,炖鲅鱼,0,未修改
128660,自创懒人烧茄子,自创懒人烧茄子,0,未修改
128673,包菜炒番茄,包菜炒番茄,0,未修改
128688,天津卫八珍豆腐（超详细）,天津卫八珍豆腐,1,删除括号说明
128695,老丁的私房菜-蒜薹肉丝,老丁的私房菜-蒜薹肉丝,0,未修改
128738,腊肠煲仔饭,腊肠煲仔饭,0,未修改
128792,香煎小黄鱼,香煎小黄鱼,0,未修改
128798,小辣椒的时令菜【香椿炒蛋】,小辣椒的时令菜【香椿炒蛋】,0,未修改
128803,鱼香炒蛋,鱼香炒蛋,0,未修改
128822,肉丝炒苦瓜,肉丝炒苦瓜,0,未修改
128844,酱汁杏鲍菇2️⃣版,酱汁杏鲍菇2️⃣版,0,未修改
128862,海米丝瓜,海米丝瓜,0,未修改
128910,煮螃蟹,煮螃蟹,0,未修改
128944,健康不费油家常木耳肉丝,不费油家常木耳肉丝,1,删除营销定语
128962,曹县特产辣椒糊,曹县特产辣椒糊,0,未修改
128989,金针蒸滑鸡,金针蒸滑鸡,0,未修改
128996,辣妹美食｜第十集  ㊙️火爆了茄汁豆腐,辣妹美食｜第十集 ㊙️火爆了茄汁豆腐,1,未修改
129043,简易小鸡腿,简易小鸡腿,0,未修改
129076,辣椒酿,辣椒酿,0,未修改
129081,营养减脂：丝瓜菌菇蛋汤➕魔芋丝,丝瓜菌菇蛋汤魔芋丝,1,删除营销定语；删除装饰符号
129088,清炒油菜,清炒油菜,0,未修改
129118,清炖羊肉汤（智能无油烟版）,清炖羊肉汤,1,删除括号说明
129128,清蒸醉蟹,清蒸醉蟹,0,未修改
129138,炝拌莴苣金针菇,炝拌莴苣金针菇,0,未修改
129184,蒜茸油麦菜,蒜茸油麦菜,0,未修改
129200,豆鼓蒸鱼,豆鼓蒸鱼,0,未修改
129249,肉丝炒酸菜,肉丝炒酸菜,0,未修改
129254,快手清淡少油-上汤娃娃菜/豆苗,上汤娃娃菜/豆苗,1,删除营销定语
129255,超级下饭菜茄子,菜茄子,1,删除营销定语
129256,家常快手菜♨️蒜炒苋菜,家常快手菜️蒜炒苋菜,1,删除装饰符号
129269,丝瓜番茄豆腐素汤,丝瓜番茄豆腐素汤,0,未修改
129274,西芹胡萝卜炒虾仁,西芹胡萝卜炒虾仁,0,未修改
129296,腊肉炒猪血丸子,腊肉炒猪血丸子,0,未修改
129312,三碗米饭都不够的菌菇黄焖鸡,三碗米饭都不够的菌菇黄焖鸡,0,未修改
129335,香椿烧豆腐,香椿烧豆腐,0,未修改
129338,🔥一看就会的低卡小炒菜——油菜虾仁😋,一看就会的低卡小炒菜——油菜虾仁,1,删除装饰符号
129352,党参无花果煲猪腱肉—清热润肺、止咳祛痰，增强体质的功效,党参无花果煲猪腱肉—清热润肺、止咳祛痰,1,删除宣传后句
129359,蒜香豉汁牛肉,蒜香豉汁牛肉,0,未修改
129360,［董姐美食分享：家庭版鱼香鸡丝］学会做这个料汁，再也不用去外面吃了！,［董姐美食分享：家庭版鱼香鸡丝］学会做这个料汁,1,删除宣传后句
129367,盐水虾,盐水虾,0,未修改
129412,简单美味的紫菜汤,紫菜汤,1,删除营销定语
129417,猪肝这样炒不硬不腥不柴又下饭（葱爆猪肝）,猪肝这样炒不硬不腥不柴又下饭,1,删除括号说明
129445,香菇猪肉豆腐羹,香菇猪肉豆腐羹,0,未修改
129517,简单易学滑蛋鱼片,滑蛋鱼片,1,删除营销定语
129548,简单易做的番茄木耳炒腐竹,易做的番茄木耳炒腐竹,1,删除营销定语
129594,入口即化的（剁椒）清蒸豆腐鱼🐟（水潺）（蒸烤箱）,入口即化的清蒸豆腐鱼,1,删除括号说明；删除装饰符号
129608,蒜茸蒸生蚝,蒜茸蒸生蚝,0,未修改
129630,萝卜冬瓜肉丸汤,萝卜冬瓜肉丸汤,0,未修改
129640,酸汤肥牛金针菇,酸汤肥牛金针菇,0,未修改
129652,老母鸡汤,老母鸡汤,0,未修改
129654,咸蛋黄爆炒大头虾,咸蛋黄爆炒大头虾,0,未修改
129657,秘制㊙️韩式酱炒鱿鱼酸甜微辣超好吃！,㊙️韩式酱炒鱿鱼酸甜微辣超好吃,1,删除营销定语；删除宣传后句
129732,泡椒蒸鱼片,泡椒蒸鱼片,0,未修改
129741,西兰花虾仁🍤菌菇汤,西兰花虾仁菌菇汤,1,删除装饰符号
129777,梭子蟹炒年糕,梭子蟹炒年糕,0,未修改
129807,「番茄肉丸汤」,「番茄肉丸汤」,0,未修改
129875,香菇炖鸡~鸡汤拌饭特别香（赖宝爹私房菜）,香菇炖鸡~鸡汤拌饭特别香,1,删除括号说明
129876,鸡刨豆腐,鸡刨豆腐,0,未修改
129882,蒸鸡腿（超级简单）,蒸鸡腿,1,删除括号说明
129888,酸菜笋丝,酸菜笋丝,0,未修改
129906,蒸茄子,蒸茄子,0,未修改
129931,虫草花香菇荷叶蒸鸡,虫草花香菇荷叶蒸鸡,0,未修改
129946,酸甜爆汁超下饭，秘制五柳炸蛋,酸甜爆汁超下饭,1,删除宣传后句
129960,香味浓郁，口齿留香的韭菜豆腐饼,香味浓郁,1,删除宣传后句
130006,番茄牛肉汤,番茄牛肉汤,0,未修改
130010,爆炒螺丝,爆炒螺丝,0,未修改
130017,卡通造型馒头之——（加菲猫）,卡通造型馒头之,1,删除括号说明
130047,青椒茄子,青椒茄子,0,未修改
130055,素炒芹菜,素炒芹菜,0,未修改
130097,肉沫葱烧豆腐,肉沫葱烧豆腐,0,未修改
130109,萝卜炖牛腩,萝卜炖牛腩,0,未修改
130125,家常菜～好吃的豉椒鸡球,家常菜～好吃的豉椒鸡球,0,未修改
130132,最爱的蜜糖鸡翅,最爱的蜜糖鸡翅,0,未修改
130136,低卡高蛋白--虾仁滑蛋！嫩滑鲜香的口感惊艳你的味蕾！,低卡高蛋白--虾仁滑蛋,1,删除宣传后句
130137,花菜肉片羹,花菜肉片羹,0,未修改
130154,酸辣鸡胗,酸辣鸡胗,0,未修改
130177,💘闻着就流口水🉐酸辣孜然豆腐,闻着就流口水酸辣孜然豆腐,1,删除装饰符号
130202,蜜汁鸡翅,蜜汁鸡翅,0,未修改
130220,健康快手一锅出：炖杂豆（baked beans）,一锅出：炖杂豆,1,删除括号说明；删除营销定语
130222,酿苦瓜,酿苦瓜,0,未修改
130238,萝卜干煎蛋，加了金不换,萝卜干煎蛋,1,删除宣传后句
130251,山东特色辣子鸡🌶️,山东特色辣子鸡️,1,删除装饰符号
130254,西红柿虾干豆腐羹,西红柿虾干豆腐羹,0,未修改
130270,杭椒牛排白玉菇，你没吃完的健身牛排|我吹过你吹过的风，这算不算相拥,杭椒牛排白玉菇,1,删除宣传后句
130305,蔬菜汤,蔬菜汤,0,未修改
130313,肉末茄子煲,肉末茄子煲,0,未修改
130353,牛骨萝卜汤,牛骨萝卜汤,0,未修改
130354,蒸鱼干(妈妈自晒鱼干）,蒸鱼干(妈妈自晒鱼干）,0,未修改
130363,烧茄子,烧茄子,0,未修改
130387,凉拌麻辣龙须菜，无修图，极其快手，营养丰富,凉拌麻辣龙须菜,1,删除宣传后句
130457,酸菜汆白肉,酸菜汆白肉,0,未修改
130462,电压锅版快手面筋焖鸡,电压锅版快手面筋焖鸡,0,未修改
130467,大蒜鸡蛋咸肉煲,大蒜鸡蛋咸肉煲,0,未修改
130468,微波炉版蒜泥茄子,微波炉版蒜泥茄子,0,未修改
130542,全程手不沾面不揉面香酥葱油饼,全程手不沾面不揉面香酥葱油饼,0,未修改
130569,零智商蒸南瓜🎃,零智商蒸南瓜,1,删除装饰符号
130597,羊肉抓饭,羊肉抓饭,0,未修改
130658,辣炒萝卜干,辣炒萝卜干,0,未修改
130754,清炒南瓜藤,清炒南瓜藤,0,未修改
130781,青椒杏鲍菇,青椒杏鲍菇,0,未修改
130821,想要青菜叶开胃下饭？郫县豆瓣酱炒青菜鸡蛋,想要青菜叶开胃下饭？郫县豆瓣酱炒青菜鸡蛋,0,未修改
130830,超简单健康鸡胸肉卷芦笋,鸡胸肉卷芦笋,1,删除营销定语
130847,蒸带鱼,蒸带鱼,0,未修改
130854,虫草花蒸鸡腿,虫草花蒸鸡腿,0,未修改
130863,极简油爆大虾,极简油爆大虾,0,未修改
130871,清炒四季豆,清炒四季豆,0,未修改
130897,虎皮茄汁鹌鹑蛋,虎皮茄汁鹌鹑蛋,0,未修改
130914,土豆丝炒肉,土豆丝炒肉,0,未修改
130920,蟹黄蛋,蟹黄蛋,0,未修改
130946,夏日必备-降火神器凉瓜排骨煲,夏日必备-降火神器凉瓜排骨煲,0,未修改
130959,香辣龙虾尾（自己调味）,香辣龙虾尾,1,删除括号说明
130967,鸡胸蒜苗卤面（自制全麦面）【健康家常菜】,鸡胸蒜苗卤面【健康家常菜】,1,删除括号说明
130976,鲜美暖胃的海鲜豆腐汤！食欲暴增！！,鲜美暖胃的海鲜豆腐汤,1,删除宣传后句
131015,蒜蓉粉丝蒸娃娃菜,蒜蓉粉丝蒸娃娃菜,0,未修改
131028,韭菜炒杏鲍菇,韭菜炒杏鲍菇,0,未修改
131036,快手鱼香肉丝 万能鱼香汁,鱼香肉丝 万能鱼香汁,1,删除营销定语
131061,面条的神仙吃法，《向往的生活》同款葱油拌面，治愈你的没食欲,面条的神仙吃法,1,删除宣传后句
131071,槐花炒鸡蛋🥚,槐花炒鸡蛋,1,删除装饰符号
131087,酸甜藕丁,酸甜藕丁,0,未修改
131094,鸡兄蛋弟 酸萝卜老鸭汤,鸡兄蛋弟 酸萝卜老鸭汤,0,未修改
131175,小青菜炒豆芽,小青菜炒豆芽,0,未修改
131185,牛肉炒芹菜,牛肉炒芹菜,0,未修改
131208,土豆炖茄子,土豆炖茄子,0,未修改
131209,清炒三丝J_小葱’S,清炒三丝J_小葱S,1,未修改
131221,豆花肉片,豆花肉片,0,未修改
131247,【葱卤豆腐煲】营养又快手的健康一锅煮,葱卤豆腐煲 营养又快手的健康一锅煮,1,展开标题方括号
131256,清炒莴笋鸡胸肉减脂餐,清炒莴笋鸡胸肉减脂餐,0,未修改
131262,便当快手餐之土豆烧肉,便当快手餐之土豆烧肉,0,未修改
131264,小朋友的最爱🍆吉列茄子,小朋友的最爱吉列茄子,1,删除装饰符号
131299,家常土豆洋葱片,家常土豆洋葱片,0,未修改
131305,老干妈回锅肉,老干妈回锅肉,0,未修改
131310,【鲜香低脂】虾仁西兰花蒸蛋｜健康•减脂,鲜香低脂 虾仁西兰花蒸蛋｜健康•减脂,1,展开标题方括号
131348,猪肉炒木耳,猪肉炒木耳,0,未修改
131405,快手菜 少油健康低卡低脂高蛋白 超滑嫩的滑蛋虾仁（盖饭）,菜 少油健康低卡低脂高蛋白 超滑嫩的滑蛋虾仁,1,删除括号说明；删除营销定语
131409,干贝冬瓜,干贝冬瓜,0,未修改
131470,清蒸乳鸽,清蒸乳鸽,0,未修改
131497,超级鲜美的鲜虾番茄豆腐羹,鲜美的鲜虾番茄豆腐羹,1,删除营销定语
131508,黄瓜炒鸡蛋,黄瓜炒鸡蛋,0,未修改
131521,高汤酸菜鱼,高汤酸菜鱼,0,未修改
131537,土豆焖鸡,土豆焖鸡,0,未修改
131549,香菇蚝油芥蓝,香菇蚝油芥蓝,0,未修改
131573,苏格兰蛋/溏心蛋肉丸子（含视频）,苏格兰蛋/溏心蛋肉丸子,1,删除括号说明
131581,黑蒜薏米莲藕排骨汤,黑蒜薏米莲藕排骨汤,0,未修改
131584,家常版-手撕包菜,手撕包菜,1,删除场景定语
131586,青椒炒鸡蛋,青椒炒鸡蛋,0,未修改
131609,油淋红椒荷包蛋,油淋红椒荷包蛋,0,未修改
131632,【麻辣】醋溜豆芽,麻辣 醋溜豆芽,1,展开标题方括号
131633,Magimix小魔厨小炒肉,Magimix小魔厨小炒肉,0,未修改
131645,韩式拌饭,韩式拌饭,0,未修改
131745,爽口入味的#蒜蓉蒸丝瓜,爽口入味的#蒜蓉蒸丝瓜,0,未修改
131770,梅干菜红烧肉,梅干菜红烧肉,0,未修改
131826,白菜炖粉条,白菜炖粉条,0,未修改
131849,红烧黄鱼,红烧黄鱼,0,未修改
131871,蚝仔煎蛋,蚝仔煎蛋,0,未修改
131913,超级下饭的咸鱼肉沫茄子煲,咸鱼肉沫茄子煲,1,删除营销定语
131966,咱家的年夜饭——金玉满堂蜜汁八宝饭,咱家的年夜饭——金玉满堂蜜汁八宝饭,0,未修改
131979,香菇炒青菜,香菇炒青菜,0,未修改
131988,耗油炒生菜,耗油炒生菜,0,未修改
132003,大杂烩鸡蛋盖饭,大杂烩鸡蛋盖饭,0,未修改
132009,白萝卜炒牛肉,白萝卜炒牛肉,0,未修改
132051,小美炖土鸡,小美炖土鸡,0,未修改
132102,蒜蓉西兰花🥦,蒜蓉西兰花,1,删除装饰符号
132111,辣炒蛤蜊,辣炒蛤蜊,0,未修改
132113,家庭版京酱肉丝,京酱肉丝,1,删除场景定语
132124,红烧萝卜牛腩煲,红烧萝卜牛腩煲,0,未修改
132129,绿豆芽炒韭菜,绿豆芽炒韭菜,0,未修改
132158,鸡头米(芡实)之五谷丰登金玉满堂,鸡头米之五谷丰登金玉满堂,1,删除括号说明
132185,香煎火腿嫩豆腐,香煎火腿嫩豆腐,0,未修改
132187,宝宝和爸爸都喜欢的秘制牛肉饭,宝宝和爸爸都喜欢的秘制牛肉饭,0,未修改
132252,土豆炖茄子（茄汁酱香）,土豆炖茄子,1,删除括号说明
132278,让你秒变大厨的简单又美味的红烧排骨,让你秒变大厨的简单又美味的红烧排骨,0,未修改
132299,红烧茄子,红烧茄子,0,未修改
132327,瑶柱扒冬瓜,瑶柱扒冬瓜,0,未修改
132350,超简单的麻辣香锅（海底捞料包）,麻辣香锅,1,删除括号说明；删除营销定语
132390,白菜炖牛肉,白菜炖牛肉,0,未修改
132418,炒粉干,炒粉干,0,未修改
132432,油豆角炖茄子,油豆角炖茄子,0,未修改
132443,胡萝卜炒肉丝（这样处理，嫩到没朋友）,胡萝卜炒肉丝,1,删除括号说明
132456,蒸鳕鱼蒸大虾金针菇,蒸鳕鱼蒸大虾金针菇,0,未修改
132465,茄汁大虾魔芋面,茄汁大虾魔芋面,0,未修改
132493,蒜苗炒肉,蒜苗炒肉,0,未修改
132505,快手菜-橄榄菜炒豆角鸡丁,橄榄菜炒豆角鸡丁,1,删除分类前缀
132517,豌豆炒肉,豌豆炒肉,0,未修改
132572,丝瓜烩白玉菇,丝瓜烩白玉菇,0,未修改
132574,炒花菜,炒花菜,0,未修改
132575,素炒莴笋丝,素炒莴笋丝,0,未修改
132610,溜肝尖儿,溜肝尖儿,0,未修改
132617,胡萝卜牛肉蒸饺,胡萝卜牛肉蒸饺,0,未修改
132673,快手版海底捞麻辣香锅,版海底捞麻辣香锅,1,删除营销定语
132679,蒜苔豆干肉丝,蒜苔豆干肉丝,0,未修改
132733,辣椒炒笨鸡蛋,辣椒炒笨鸡蛋,0,未修改
132776,素食版上汤白菜,素食版上汤白菜,0,未修改
132790,蒜蓉茼蒿,蒜蓉茼蒿,0,未修改
132798,减脂青椒去皮鸡腿肉炒鲜银耳,青椒去皮鸡腿肉炒鲜银耳,1,删除营销定语
132805,养身牛筋汤,养身牛筋汤,0,未修改
132823,少油省时的家常烧茄子,省时的家常烧茄子,1,删除营销定语
132853,吮指葱爆青口,吮指葱爆青口,0,未修改
132874,鸡蛋甜面汤 大师保护嗓子的秘诀,鸡蛋甜面汤 大师保护嗓子的秘诀,0,未修改
132885,蒜蓉酱蒸螃蟹青蟹白蟹梭子蟹,蒜蓉酱蒸螃蟹青蟹白蟹梭子蟹,0,未修改
132886,🔥这样做的凉拌猪肝，香辣开胃，特别好吃❗️,这样做的凉拌猪肝,1,删除宣传后句；删除装饰符号
132890,广式古法竹蔗羊腩煲,广式古法竹蔗羊腩煲,0,未修改
132891,简单的清炒虾仁，非常适合拌饭,清炒虾仁,1,删除营销定语；删除宣传后句
132906,超级好吃的孕妇版土豆炖排骨,孕妇版土豆炖排骨,1,删除营销定语
132931,沙茶萝卜焖蹄筋,沙茶萝卜焖蹄筋,0,未修改
132980,懒人饭•一锅出  粘卷子土豆炖豆角,饭•一锅出 粘卷子土豆炖豆角,1,删除营销定语
132984,四喜蒸豆腐,四喜蒸豆腐,0,未修改
133008,酱肉烤茄子,酱肉烤茄子,0,未修改
133011,大骨汤,大骨汤,0,未修改
133015,减肥健康菜～胡萝卜丝（附各种蒸菜）,减肥健康菜～胡萝卜丝,1,删除括号说明
133026,简单快手-蚝油椒盐杏鲍菇,蚝油椒盐杏鲍菇,1,删除营销定语
133027,生炒仔鸡,生炒仔鸡,0,未修改
133060,青椒炒鸡蛋,青椒炒鸡蛋,0,未修改
133063,一菜二吃“米饭杀手”爆炒香辣猪肚&暖胃胡椒猪肚汤,一菜二吃米饭杀手爆炒香辣猪肚&暖胃胡椒猪肚汤,1,未修改
133120,莴笋（莴苣）炒肉,莴笋炒肉,1,删除括号说明
133157,自制干豆角蒸肉,干豆角蒸肉,1,删除营销定语
133180,三丝炒粉,三丝炒粉,0,未修改
133206,蛤蜊丝瓜汤,蛤蜊丝瓜汤,0,未修改
133230,鲜美减肥的娃娃菜粉丝汤,鲜美减肥的娃娃菜粉丝汤,0,未修改
133273,雪莲子南瓜粥,雪莲子南瓜粥,0,未修改
133302,肉饼子蒸蛋,肉饼子蒸蛋,0,未修改
133341,超美味的酱油河虾,酱油河虾,1,删除营销定语
133359,豆豉蒜蓉炒花甲,豆豉蒜蓉炒花甲,0,未修改
133402,带回公司盒饭                   肉皮焖黄瓜胡萝卜,带回公司盒饭 肉皮焖黄瓜胡萝卜,1,未修改
133421,红烧小龙虾,红烧小龙虾,0,未修改
133422,辣炒四季豆,辣炒四季豆,0,未修改
133424,双色腐竹焖白豆角💫腐竹含丰富的蛋白质及多种营养成分🥳黑腐竹更胜一筹👍,双色腐竹焖白豆角腐竹含丰富的蛋白质及多种营养成分黑腐竹更胜一筹,1,删除装饰符号
133436,风味蘑菇炒肉,风味蘑菇炒肉,0,未修改
133437,豆豉酥鱼油麦菜,豆豉酥鱼油麦菜,0,未修改
133450,蟹炒年糕,蟹炒年糕,0,未修改
133469,滑嫩肉末蒸蛋,滑嫩肉末蒸蛋,0,未修改
133481,减脂纯素食/橄榄油香煎豆腐/家常豆腐,纯素食/橄榄油香煎豆腐/家常豆腐,1,删除营销定语
133508,三步走的黄瓜木耳炒鸡蛋,三步走的黄瓜木耳炒鸡蛋,0,未修改
133511,红烧鲅鱼,红烧鲅鱼,0,未修改
133566,家常黄焖鸡,家常黄焖鸡,0,未修改
133597,香菇腐竹粉丝煲〖冬季围炉〗,香菇腐竹粉丝煲〖冬季围炉〗,0,未修改
133641,蛋托茄子,蛋托茄子,0,未修改
133642,宿舍能做的小鲍鱼滋补鸡腿汤,宿舍能做的小鲍鱼滋补鸡腿汤,0,未修改
133658,豆角炒肉沫,豆角炒肉沫,0,未修改
133697,板栗大盘鸡  附面条做法,板栗大盘鸡 附面条做法,1,未修改
133778,矜宸•滑蛋牛肉粥,矜宸•滑蛋牛肉粥,0,未修改
133811,美味营养的家常锅塌豆腐,家常锅塌豆腐,1,删除营销定语
133821,淮山蒸鸡,淮山蒸鸡,0,未修改
133839,零难度-葱烧牛肉饭,零难度-葱烧牛肉饭,0,未修改
133860,厨房小白炖蛋,厨房小白炖蛋,0,未修改
133873,麻辣小龙虾,麻辣小龙虾,0,未修改
133887,食堂版番茄菜花,食堂版番茄菜花,0,未修改
133903,鱼香豆腐,鱼香豆腐,0,未修改
133911,豆豉南瓜蒸鸡翅 可以待客的新手菜,豆豉南瓜蒸鸡翅 可以待客的新手菜,0,未修改
133927,洋葱炒牛肉,洋葱炒牛肉,0,未修改
133932,菜花炒肉片,菜花炒肉片,0,未修改
133939,简单下饭的肉末豆腐,肉末豆腐,1,删除营销定语
133965,粉丝蒸娃娃菜,粉丝蒸娃娃菜,0,未修改
133973,无笋不成春：油焖春笋,无笋不成春：油焖春笋,0,未修改
133989,家庭版「西红柿鸡蛋汤」,「西红柿鸡蛋汤」,1,删除场景定语
134006,爆香！响油香葱木耳,爆香,1,删除宣传后句
134036,青椒萝卜干藕丁,青椒萝卜干藕丁,0,未修改
134057,令人光盘的肉饼子蒸蛋（蒸箱版）,令人光盘的肉饼子蒸蛋,1,删除括号说明
134084,洋葱青椒鱿鱼丝,洋葱青椒鱿鱼丝,0,未修改
134098,5分钟搞定酸辣土豆丝 超级爽口 超下饭!!!!,!!!,1,删除场景引导语
134105,手撕包菜、炝炒卷心菜（白菜）,手撕包菜、炝炒卷心菜,1,删除括号说明
134107,笋子烧牛肉,笋子烧牛肉,0,未修改
134121,好吃又方便的青椒土豆丝，来喽！,又方便的青椒土豆丝,1,删除营销定语；删除宣传后句
134128,私房【醋溜土豆丝】老妈味道·川味经典·下饭神器,私房【醋溜土豆丝】老妈味道·川味经典·下饭神器,0,未修改
134129,干煸菜花（花菜炒肉）,干煸菜花,1,删除括号说明
134149,培根金针菇卷,培根金针菇卷,0,未修改
134152,广东蒸肉饼,广东蒸肉饼,0,未修改
134161,清汤娃娃菜,清汤娃娃菜,0,未修改
134167,红烧鱼块,红烧鱼块,0,未修改
134185,冬季最爱的凉拌大白菜,冬季最爱的凉拌大白菜,0,未修改
134198,5分钟低热量快手菜  秋葵卷培根 颜值与口感并存,5分钟低热量快手菜 秋葵卷培根 颜值与口感并存,1,未修改
134210,麻味清蒸鲈鱼,麻味清蒸鲈鱼,0,未修改
134214,懒人杂菜煲,杂菜煲,1,删除营销定语
134215,紫薯银耳甜汤,紫薯银耳甜汤,0,未修改
134219,一看就会的豆豉鲮鱼油麦菜,一看就会的豆豉鲮鱼油麦菜,0,未修改
134262,土豆丝蘑菇蚬子汤,土豆丝蘑菇蚬子汤,0,未修改
134272,素酸辣汤（无油健康版）,素酸辣汤,1,删除括号说明
134278,萝卜素丸子,萝卜素丸子,0,未修改
134279,姜葱炒虾蟹,姜葱炒虾蟹,0,未修改
134317,豆角炒鸡蛋,豆角炒鸡蛋,0,未修改
134338,清蒸鱼,清蒸鱼,0,未修改
134343,家烧豆腐白菜,家烧豆腐白菜,0,未修改
134411,面筋炒五花肉,面筋炒五花肉,0,未修改
134435,豆豉酸梅炒凉瓜,豆豉酸梅炒凉瓜,0,未修改
134469,九層塔炒海瓜子,九層塔炒海瓜子,0,未修改
134528,虾皮肉末焖豆腐,虾皮肉末焖豆腐,0,未修改
134559,蛋白炒菠菜,蛋白炒菠菜,0,未修改
134596,蒸鸡枞菌排骨,蒸鸡枞菌排骨,0,未修改
134597,翅根炖豆角,翅根炖豆角,0,未修改
134606,春天来了炒合菜,春天来了炒合菜,0,未修改
134670,能下三碗饭的萍乡小炒肉,能下三碗饭的萍乡小炒肉,0,未修改
134710,家常竹笋炒腊肉做法,家常竹笋炒腊肉做法,0,未修改
134741,黄豆焖牛腩,黄豆焖牛腩,0,未修改
134772,排骨炖豆角,排骨炖豆角,0,未修改
134783,"榄菜肉末四季豆
〔米饭消灭者〕",榄菜肉末四季豆 〔米饭消灭者〕,1,未修改
134791,黄豆炖猪蹄,黄豆炖猪蹄,0,未修改
134794,中西合璧宴席菜-百里香炖鸡腿,中西合璧宴席菜-百里香炖鸡腿,0,未修改
134806,青椒炒豆肠|不再只是炸素串,青椒炒豆肠|不再只是炸素串,0,未修改
134896,春天的味道—芦笋炒虾仁,春天的味道—芦笋炒虾仁,0,未修改
134927,泰式咖喱虾,泰式咖喱虾,0,未修改
134945,养生冬瓜香菇大虾面——汤汁鲜美，回味无穷,养生冬瓜香菇大虾面——汤汁鲜美,1,删除宣传后句
134957,茄条拌面,茄条拌面,0,未修改
134974,补一补，鸡脚扇骨黄豆花生煲汤,补一补,1,删除宣传后句
134980,妈妈，我不要吃白煮蛋了！百分百成功中式溏心蛋，我们要仪式感和糖心！,妈妈,1,删除宣传后句
134998,蒜末炒荷兰豆,蒜末炒荷兰豆,0,未修改
135028,肠衣炒青椒,肠衣炒青椒,0,未修改
135044,干煸茄条,干煸茄条,0,未修改
135050,超下饭的蒜苔炒肉末,蒜苔炒肉末,1,删除营销定语
135083,培根土豆泥,培根土豆泥,0,未修改
135090,酸辣土豆条 | 米饭杀手 超级下饭,酸辣土豆条 | 米饭杀手 超级下饭,0,未修改
135120,（简单容易）白萝卜丝鲫鱼汤,白萝卜丝鲫鱼汤,1,删除括号说明
135126,米饭杀手—麻婆豆腐,米饭杀手—麻婆豆腐,0,未修改
135144,超可口下饭神器-酸辣藕丁,可口下饭神器-酸辣藕丁,1,删除营销定语
135179,炒鸡下饭的番茄🍅牛肉🥩,炒鸡下饭的番茄牛肉,1,删除装饰符号
135190,比肉还好吃的手撕杏鲍菇超级简单快手,比肉还好吃的手撕杏鲍菇超级简单快手,0,未修改
135193,减脂白菜豆腐蘑菇鸡蛋虾,白菜豆腐蘑菇鸡蛋虾,1,删除营销定语
135200,酸辣鸡杂,酸辣鸡杂,0,未修改
135207,豌豆炒肉,豌豆炒肉,0,未修改
135215,萝卜排骨汤,萝卜排骨汤,0,未修改
135243,椒盐蒜蓉基围虾,椒盐蒜蓉基围虾,0,未修改
135271,青椒炒毛豆榨菜,青椒炒毛豆榨菜,0,未修改
135282,排骨蒸南瓜,排骨蒸南瓜,0,未修改
135301,凉拌鸡丝,凉拌鸡丝,0,未修改
135311,两步搞定脆嫰鲜美的葱爆八爪鱼,两步搞定脆嫰鲜美的葱爆八爪鱼,0,未修改
135328,白灼广东菜心,白灼广东菜心,0,未修改
135336,超好吃又简单娃娃菜粉丝虾煲,又简单娃娃菜粉丝虾煲,1,删除营销定语
135341,韭菜炒香干,韭菜炒香干,0,未修改
135396,凉拌皮蛋,凉拌皮蛋,0,未修改
135446,莴笋炒肉,莴笋炒肉,0,未修改
135449,无敌滑嫩的虾仁滑蛋,无敌滑嫩的虾仁滑蛋,0,未修改
135482,清汤豌豆尖,清汤豌豆尖,0,未修改
135529,家常炖带鱼（糖醋）,家常炖带鱼,1,删除括号说明
135548,培根炒土豆泥,培根炒土豆泥,0,未修改
135549,胡萝卜炒白菜,胡萝卜炒白菜,0,未修改
135560,晶莹剔透的丝瓜炒虾仁,晶莹剔透的丝瓜炒虾仁,0,未修改
135568,超级好吃下饭的家常炖鸡,家常炖鸡,1,删除营销定语
135574,凉拌土豆丝,凉拌土豆丝,0,未修改
135595,简易家庭牛肉炒番茄,简易家庭牛肉炒番茄,0,未修改
135608,凉拌海带•低卡爽口解馋,凉拌海带•低卡爽口解馋,0,未修改
135651,减脂解暑汤(凉瓜鸡腿汤）,解暑汤(凉瓜鸡腿汤）,1,删除营销定语
135695,响油鳝糊,响油鳝糊,0,未修改
135700,豉汁蒸排骨/竹筒排骨/老干妈豆豉蒸排骨,豉汁蒸排骨/竹筒排骨/老干妈豆豉蒸排骨,0,未修改
135720,珊瑚菜花（勾氏私房菜）,珊瑚菜花,1,删除括号说明
135730,土豆萝卜炖鸡翅,土豆萝卜炖鸡翅,0,未修改
135732,蒜蓉蒸娃娃菜(懒人必备),蒜蓉蒸娃娃菜,1,删除括号说明
135735,马蹄炒腰果,马蹄炒腰果,0,未修改
135791,四色素炒菇丁,四色素炒菇丁,0,未修改
135806,豌豆炒鸡胸肉～鸡胸肉也能细嫩不柴,豌豆炒鸡胸肉～鸡胸肉也能细嫩不柴,0,未修改
135844,金针菇鸡蛋豆腐汤,金针菇鸡蛋豆腐汤,0,未修改
135894,鲜香节瓜虾米粉丝煲,鲜香节瓜虾米粉丝煲,0,未修改
135905,软糯入味，不油不腻不腥～红烧肉炖海带,软糯入味,1,删除宣传后句
135922,韭菜炒鲜虾仁,韭菜炒鲜虾仁,0,未修改
135933,煎豆腐炒油麦菜～很下饭呀(^_^),煎豆腐炒油麦菜～很下饭呀,1,删除括号说明
135948,超下饭的辣子肉丁炒酱丁,辣子肉丁炒酱丁,1,删除营销定语
136002,沙茶牛肉炒红薯粉（荤素两食）,沙茶牛肉炒红薯粉,1,删除括号说明
136036,三汁焖锅,三汁焖锅,0,未修改
136045,多次失败才知道秘诀的😄鲫鱼豆腐汤，鱼头豆腐汤也一样，超超超简单,多次失败才知道秘诀的鲫鱼豆腐汤,1,删除宣传后句；删除装饰符号
136060,能吃两碗饭的农家小炒肉,能吃两碗饭的农家小炒肉,0,未修改
136081,麻辣海螺丝,麻辣海螺丝,0,未修改
136091,酸汤肥牛,酸汤肥牛,0,未修改
136117,清炒茭白,清炒茭白,0,未修改
136120,鲜美丝瓜豆腐汤,鲜美丝瓜豆腐汤,0,未修改
136137,赛螃蟹「超详步骤图」,赛螃蟹「超详步骤图」,0,未修改
136150,海鲜豆腐汤,海鲜豆腐汤,0,未修改
136164,清香的苦瓜炒蛋,清香的苦瓜炒蛋,0,未修改
136166,超级下饭的鸡腿炖土豆,鸡腿炖土豆,1,删除营销定语
136198,地三鲜-下饭家常版,地三鲜-下饭家常版,0,未修改
136211,咸蛋黄焗南瓜,咸蛋黄焗南瓜,0,未修改
136265,贵州辣子鸡,贵州辣子鸡,0,未修改
136274,清炒西洋菜,清炒西洋菜,0,未修改
136358,花胶菌菇煲鸡汤,花胶菌菇煲鸡汤,0,未修改
136370,清炒雪菜荷兰豆,清炒雪菜荷兰豆,0,未修改
136371,肉末茄子（不辣的非正宗鱼香茄子）,肉末茄子,1,删除括号说明
136379,麻辣米线,麻辣米线,0,未修改
136394,雪梨枇杷炖川贝,雪梨枇杷炖川贝,0,未修改
136395,苦瓜炒蛋,苦瓜炒蛋,0,未修改
136399,油菜炒百合,油菜炒百合,0,未修改
136425,扑鸡仔➡️只用鸡蛋给你换一碗营养开胃汤,扑鸡仔️只用鸡蛋给你换一碗营养开胃汤,1,删除装饰符号
136427,青椒胡萝卜丝炒牛肚,青椒胡萝卜丝炒牛肚,0,未修改
136431,『涵食记』虾仁炒黄瓜（青瓜虾仁）,『涵食记』虾仁炒黄瓜,1,删除括号说明
136452,啤酒红烧肉,啤酒红烧肉,0,未修改
136492,红烧鸡块（简易味足版）,红烧鸡块,1,删除括号说明
136510,梭子蟹炒年糕,梭子蟹炒年糕,0,未修改
136518,娃娃菜炒香菇,娃娃菜炒香菇,0,未修改
136559,盐焗虾,盐焗虾,0,未修改
136571,芹菜炒牛肉,芹菜炒牛肉,0,未修改
136579,粉蒸肉,粉蒸肉,0,未修改
136584,超下饭香菇炒肉沫,香菇炒肉沫,1,删除营销定语
136586,卤三鸡(鸡腿/鸡翅/鸡蛋),卤三鸡,1,删除括号说明
136676,"爱心便当盒饭16
海苔饭+红烩土豆牛肉+蒜蓉西兰花",爱心便当盒饭16 海苔饭+红烩土豆牛肉+蒜蓉西兰花,1,未修改
136711,茄汁虾球,茄汁虾球,0,未修改
136727,高温爆炒豆芽,高温爆炒豆芽,0,未修改
136768,芹菜炒豆干,芹菜炒豆干,0,未修改
136825,清炒蛏子，小美的美食,清炒蛏子,1,删除宣传后句
136880,虾仁瘦肉蒸饼,虾仁瘦肉蒸饼,0,未修改
136899,大薯面疙瘩糖水,大薯面疙瘩糖水,0,未修改
136964,花肉芹菜炒豆干,花肉芹菜炒豆干,0,未修改
136966,番茄肥牛菌菇汤（宝宝下饭菜）,番茄肥牛菌菇汤,1,删除括号说明
136994,磨练意志力的清炒蟹粉,磨练意志力的清炒蟹粉,0,未修改
137041,豆腐泡平菇烧肉,豆腐泡平菇烧肉,0,未修改
137045,芹菜豆干肉丝,芹菜豆干肉丝,0,未修改
137047,肉末蒸茄条,肉末蒸茄条,0,未修改
137108,有三高的要多煲粉葛鲗鱼猪骨汤,有三高的要多煲粉葛鲗鱼猪骨汤,0,未修改
137157,银耳红枣莲子羹【卖银耳的土佬帽先生亲自试验】,银耳红枣莲子羹【卖银耳的土佬帽先生亲自试验】,0,未修改
137170,火锅剩料救星：番茄金针菇肥牛/羊/猪,火锅剩料救星：番茄金针菇肥牛/羊/猪,0,未修改
137173,狮子草胡萝卜汤,狮子草胡萝卜汤,0,未修改
137237,芥末拆骨猪手-天热没有食欲？来道凉拌菜降降温！,芥末拆骨猪手-天热没有食欲？来道凉拌菜降降温,1,删除宣传后句
137264,番茄炒蛋~鸡蛋嫩滑的秘密,番茄炒蛋~鸡蛋嫩滑的秘密,0,未修改
137281,菌菇蒸排骨,菌菇蒸排骨,0,未修改
137315,白灼鱿鱼,白灼鱿鱼,0,未修改
137317,白切鸡盖饭,白切鸡盖饭,0,未修改
137365,葱烧鲳鱼,葱烧鲳鱼,0,未修改
137395,"pound cake与中式枣糕的完美结合——
家庭版无糖低脂无水红枣蛋糕",pound cake与中式枣糕的完美结合—— 家庭版无糖低脂无水红枣蛋糕,1,未修改
137430,鲜蔬炒口蘑,鲜蔬炒口蘑,0,未修改
137468,付氏炖大骨头,付氏炖大骨头,0,未修改
137522,鲍鱼炖土豆,鲍鱼炖土豆,0,未修改
137565,家常菜-蚝油鲍菇肉夹子♨️美味鲜上鲜,蚝油鲍菇肉夹子️美味鲜上鲜,1,删除分类前缀；删除装饰符号
137603,好吃好做的娃娃菜粉丝,好做的娃娃菜粉丝,1,删除营销定语
137611,绝对美味的孜然杏鲍菇,绝对美味的孜然杏鲍菇,0,未修改
137614,香炒贝肉,香炒贝肉,0,未修改
137618,水汆肉丸子❗️（肉丸鲜嫩不柴有技巧）生汆丸子汤,水汆肉丸子️生汆丸子汤,1,删除括号说明；删除装饰符号
137632,黑胡椒猪排杏鲍菇,黑胡椒猪排杏鲍菇,0,未修改
137667,南瓜鱼蔬炖蛋 - - 宝贝一份菜就什么都有咯,南瓜鱼蔬炖蛋 - - 宝贝一份菜就什么都有咯,0,未修改
137797,羊肉炖萝卜,羊肉炖萝卜,0,未修改
137857,红焖猪手,红焖猪手,0,未修改
137863,大蛤肉炒鸡蛋,大蛤肉炒鸡蛋,0,未修改
137864,蚝油葱烧牛蹄筋,蚝油葱烧牛蹄筋,0,未修改
137868,简易香浓的番茄土豆肥牛汤,简易香浓的番茄土豆肥牛汤,0,未修改
137882,减脂/健康午餐3-番茄龙利鱼,/健康午餐3-番茄龙利鱼,1,删除营销定语
137884,卤鸡爪,卤鸡爪,0,未修改
137885,韭菜炒海肠,韭菜炒海肠,0,未修改
137887,包菜炒午餐肉,包菜炒午餐肉,0,未修改
137930,和牛粒炒洋葱,和牛粒炒洋葱,0,未修改
137938,扁豆炒雪菜,扁豆炒雪菜,0,未修改
137979,香菜牛肉丝（下饭神器）,香菜牛肉丝,1,删除括号说明
138012,下饭的超快手青椒肉丝,青椒肉丝,1,删除营销定语
138015,土豆炖鸡腿,土豆炖鸡腿,0,未修改
138051,腊八粥,腊八粥,0,未修改
138053,自制酸豆角,酸豆角,1,删除营销定语
138061,蒜蓉粉丝蒸生蚝,蒜蓉粉丝蒸生蚝,0,未修改
138069,白灼大虾,白灼大虾,0,未修改
138132,土豆丝炒香肠,土豆丝炒香肠,0,未修改
138159,蒜苔炒腊肉,蒜苔炒腊肉,0,未修改
138167,超级诱人的小炒黄牛肉，家常版一看就会,诱人的小炒黄牛肉,1,删除营销定语；删除宣传后句
138169,最简单的炒番茄鸡蛋娃娃菜,最简单的炒番茄鸡蛋娃娃菜,0,未修改
138185,花生芽炒腊肉,花生芽炒腊肉,0,未修改
138226,锅塌豆腐,锅塌豆腐,0,未修改
138231,番茄紫菜鸡蛋豆腐汤,番茄紫菜鸡蛋豆腐汤,0,未修改
138258,凉拌小茄子🍆,凉拌小茄子,1,删除装饰符号
138271,土豆焖鸡腿肉,土豆焖鸡腿肉,0,未修改
138308,小美·自创口味~辣炒芸豆/四季豆/各种素菜,小美·自创口味~辣炒芸豆/四季豆/各种素菜,0,未修改
138310,快速做出的凉拌金针菇,快速做出的凉拌金针菇,0,未修改
138316,10分钟快手菜:辣白菜炒五花肉,10分钟快手菜:辣白菜炒五花肉,0,未修改
138317,【私房菜】甘甜清爽的凉拌菜瓜,私房菜 甘甜清爽的凉拌菜瓜,1,展开标题方括号
138338,咖喱牛腩,咖喱牛腩,0,未修改
138369,蒜蓉蒸金针菇,蒜蓉蒸金针菇,0,未修改
138406,茄子炖土豆,茄子炖土豆,0,未修改
138420,藕片炒肉,藕片炒肉,0,未修改
138429,干锅羊肉（红烧羊肉）,干锅羊肉,1,删除括号说明
138433,厨房简易肉末茄子,厨房简易肉末茄子,0,未修改
138439,蒜香茄泥,蒜香茄泥,0,未修改
138505,茭白肉丝,茭白肉丝,0,未修改
138510,客家浸辣椒炒猪肉,客家浸辣椒炒猪肉,0,未修改
138513,甜辣入味软糯的韩式辣鸡爪｜超级简单版🐤,甜辣入味软糯的韩式辣鸡爪｜超级简单版,1,删除装饰符号
138523,南乳肉,南乳肉,0,未修改
138589,鲜鱼炖豆腐,鲜鱼炖豆腐,0,未修改
138628,洋葱炒鸡胸,洋葱炒鸡胸,0,未修改
138631,青椒炒腊肉,青椒炒腊肉,0,未修改
138638,家庭版杏鲍菇炒肉,杏鲍菇炒肉,1,删除场景定语
138649,时蔬炒虾仁,时蔬炒虾仁,0,未修改
138711,视频｜鲜虾松茸菌菇汤｜牛佤松茸食谱,视频｜鲜虾松茸菌菇汤｜牛佤松茸食谱,0,未修改
138760,好次的芹菜木耳炒肉,好次的芹菜木耳炒肉,0,未修改
138765,一口蘑(菇🍄),一口蘑,1,删除括号说明
138784,‼️香椿炒鸡蛋，错过等一年🔥,‼️香椿炒鸡蛋,1,删除宣传后句
138799,海带炖猪蹄,海带炖猪蹄,0,未修改
138852,荔浦芋头炖五花肉,荔浦芋头炖五花肉,0,未修改
138903,韩式炒年糕 TOPOKKI,韩式炒年糕 TOPOKKI,0,未修改
138911,日式卷心菜回锅肉,日式卷心菜回锅肉,0,未修改
138928,红烧鲤鱼，特制版，妈妈的味道,红烧鲤鱼,1,删除宣传后句
138944,木耳炒肉,木耳炒肉,0,未修改
138963,韭香风味凉拌鸡,韭香风味凉拌鸡,0,未修改
138982,排骨扁豆焖卷子,排骨扁豆焖卷子,0,未修改
139017,冰花三鲜锅贴,冰花三鲜锅贴,0,未修改
139062,百吃不厌香菇鸡腿肉,百吃不厌香菇鸡腿肉,0,未修改
139142,凉拌黄瓜豆皮,凉拌黄瓜豆皮,0,未修改
139201,香菇油菜肉丝汤,香菇油菜肉丝汤,0,未修改
139239,凉拌豌豆宝塔菜,凉拌豌豆宝塔菜,0,未修改
139255,懒人菜-百叶肉卷,菜-百叶肉卷,1,删除营销定语
139260,鲜美嫩滑，营养又美味的虾仁滑蛋！,鲜美嫩滑,1,删除宣传后句
139288,创意菜-虾扯蛋（甲鱼蛋）,创意菜-虾扯蛋,1,删除括号说明
139294,米饭杀手～干煸花菜,米饭杀手～干煸花菜,0,未修改
139298,菠萝炒饭,菠萝炒饭,0,未修改
139304,芹菜炝拌花生米,芹菜炝拌花生米,0,未修改
139381,西兰花梗炒肉片,西兰花梗炒肉片,0,未修改
139403,咸蛋黄土豆丝,咸蛋黄土豆丝,0,未修改
139423,皮蛋拌豆腐,皮蛋拌豆腐,0,未修改
139454,萝卜干炒腊肉,萝卜干炒腊肉,0,未修改
139465,鱼头豆腐煲,鱼头豆腐煲,0,未修改
139489,宫保虾球,宫保虾球,0,未修改
139510,扁豆炒肉糜,扁豆炒肉糜,0,未修改
139517,爆炒干鱿鱼,爆炒干鱿鱼,0,未修改
139520,超香的红烧土豆炖肉🥔,香的红烧土豆炖肉,1,删除营销定语；删除装饰符号
139563,芦笋炒口菇,芦笋炒口菇,0,未修改
139586,椒麻鸡,椒麻鸡,0,未修改
139676,香菇肉末蒸蛋,香菇肉末蒸蛋,0,未修改
139776,【滋润鲜甜·美味可口】木瓜浸鸡,滋润鲜甜·美味可口 木瓜浸鸡,1,展开标题方括号
139786,【两分钟快手下饭菜】木耳大白菜炒肉,木耳大白菜炒肉,1,删除开头标签
139806,口水肥牛丨酸辣爽口，满嘴牛肉的鲜香,口水肥牛丨酸辣爽口,1,删除宣传后句
139807,青蒜炒肉片,青蒜炒肉片,0,未修改
139822,青椒肉丝炒平菇,青椒肉丝炒平菇,0,未修改
139890,青椒毛豆榨菜炒肉丝,青椒毛豆榨菜炒肉丝,0,未修改
139895,夏日风咖喱彩椒杏鲍菇茭白炒鸡丝,夏日风咖喱彩椒杏鲍菇茭白炒鸡丝,0,未修改
139960,超级好吃的肉末豆腐,肉末豆腐,1,删除营销定语
140012,白菜炒大虾,白菜炒大虾,0,未修改
140015,超简单还下饭的【日本豆腐金针菇煲】,还下饭的【日本豆腐金针菇煲】,1,删除营销定语
140050,香椿芽炒鸡蛋，让春天跳进碗里来,香椿芽炒鸡蛋,1,删除宣传后句
140058,辣椒炒白条,辣椒炒白条,0,未修改
140082,油焖茄子虎皮尖椒双享-【经典下饭菜】,油焖茄子虎皮尖椒双享-【经典下饭菜】,0,未修改
140151,青椒土豆片,青椒土豆片,0,未修改
140164,美味的胡萝卜炒鸡胸肉,胡萝卜炒鸡胸肉,1,删除营销定语
140168,让孩子能多吃一碗饭的香烧鸡翅,让孩子能多吃一碗饭的香烧鸡翅,0,未修改
140181,黄甲鱼豆腐汤,黄甲鱼豆腐汤,0,未修改
140226,超级下饭之红烧鸡块，爆炒仔鸡,之红烧鸡块,1,删除营销定语；删除宣传后句
140243,健康低卡——南瓜馒头【松下蒸烤箱JK102W】,低卡——南瓜馒头【松下蒸烤箱JK102W】,1,删除营销定语
140255,香卤鹿肉,香卤鹿肉,0,未修改
140257,椰子鸡,椰子鸡,0,未修改
140258,菜鸟也能做出超下饭的榨菜炒肉丝,菜鸟也能做出超下饭的榨菜炒肉丝,0,未修改
140259,减脂健身版本无油糙米辣白菜鸡肉紫菜包饭/手握卷,健身版本无油糙米辣白菜鸡肉紫菜包饭/手握卷,1,删除营销定语
140267,胡萝卜炒香菇   宝宝辅食营养食谱菜谱,胡萝卜炒香菇 宝宝辅食营养食谱菜谱,1,未修改
140276,蒸红薯饼,蒸红薯饼,0,未修改
140303,双色椒炒牛肉,双色椒炒牛肉,0,未修改
140349,最爱的芋头蒸排骨,最爱的芋头蒸排骨,0,未修改
140370,少油版家常红烧茄子,版家常红烧茄子,1,删除营销定语
140395,家常木耳炒白菜,家常木耳炒白菜,0,未修改
140412,简单、快手且好吃的凉拌豆角！,、快手且好吃的凉拌豆角,1,删除营销定语；删除宣传后句
140428,少管多吃【青椒炒鱿鱼】,少管多吃【青椒炒鱿鱼】,0,未修改
140444,咖喱牛肉饭,咖喱牛肉饭,0,未修改
140447,炸酥肉,炸酥肉,0,未修改
140462,白萝卜肉丸汤(自制手打）,白萝卜肉丸汤(自制手打）,0,未修改
140468,咸菜疙瘩辣炒火腿丝,咸菜疙瘩辣炒火腿丝,0,未修改
140487,私房菜简单好吃的地锅鸡贴饼子，秒杀一切,私房菜简单好吃的地锅鸡贴饼子,1,删除宣传后句
140552,豆腐圆子汤-咸蛋白版,豆腐圆子汤-咸蛋白版,0,未修改
140565,爸爸的白菜🥬炒虾仁,爸爸的白菜炒虾仁,1,删除装饰符号
140573,酸菜炖腔骨,酸菜炖腔骨,0,未修改
140588,蒜蓉粉丝蒸鲍鱼,蒜蓉粉丝蒸鲍鱼,0,未修改
140616,巨好吃！秒杀路边摊的炒年糕，超简单！,！秒杀路边摊的炒年糕，超简单！,1,删除营销定语
140620,芦笋口蘑炒牛肉,芦笋口蘑炒牛肉,0,未修改
140641,临时拼菜的榨菜丝煎蛋,临时拼菜的榨菜丝煎蛋,0,未修改
140648,肉末蒸丝瓜,肉末蒸丝瓜,0,未修改
140676,酸菜鱼(还需要改进),酸菜鱼,1,删除括号说明
140700,肉特香步骤特详细的砂锅猪肉炖粉条,肉特香步骤特详细的砂锅猪肉炖粉条,0,未修改
140709,《西红柿炒卷心菜》家常版,西红柿炒卷心菜家常版,1,未修改
140730,香辣酥虾,香辣酥虾,0,未修改
140748,蒜薹炒肉,蒜薹炒肉,0,未修改
140761,蒜蓉蒸丝瓜（微辣）,蒜蓉蒸丝瓜,1,删除括号说明
140786,香喷喷的五香豆腐干,五香豆腐干,1,删除营销定语
140791,【减脂餐】西兰花菌菇炒鸡肉,西兰花菌菇炒鸡肉,1,删除开头标签
140807,葱油炒蚕豆,葱油炒蚕豆,0,未修改
140823,煎口蘑🍄,煎口蘑,1,删除装饰符号
140866,可能是最好吃的素炒豇豆,可能是最好吃的素炒豇豆,0,未修改
140891,妈妈味道家常豆腐,妈妈味道家常豆腐,0,未修改
140916,酸辣爽口萝卜,酸辣爽口萝卜,0,未修改
140965,杏鲍菇炒肥牛,杏鲍菇炒肥牛,0,未修改
140976,蒜蓉粉丝蒸扇贝,蒜蓉粉丝蒸扇贝,0,未修改
141005,煎豆腐炒白菜,煎豆腐炒白菜,0,未修改
141006,酱炒三丁,酱炒三丁,0,未修改
141037,省时好做清蒸黄花鱼,省时好做清蒸黄花鱼,0,未修改
141046,烧腐竹,烧腐竹,0,未修改
141104,最简单的炒花蛤,最简单的炒花蛤,0,未修改
141107,麻酱金针菇牛肉超级简单易做,麻酱金针菇牛肉超级简单易做,0,未修改
141124,土豆柿子椒炒鸡胸肉,土豆柿子椒炒鸡胸肉,0,未修改
141186,柠檬百香果鸡爪,柠檬百香果鸡爪,0,未修改
141193,咸蛋黄豆腐煲,咸蛋黄豆腐煲,0,未修改
141196,麻辣豆腐,麻辣豆腐,0,未修改
141247,糯米鸡,糯米鸡,0,未修改
141281,鱼头炖豆腐（红烧版）,鱼头炖豆腐,1,删除括号说明
141287,韭菜花炒肉丝,韭菜花炒肉丝,0,未修改
141300,零失败简单家常菜·葫芦番茄炖豆腐,家常菜·葫芦番茄炖豆腐,1,删除营销定语
141311,沙爹海参鸡肉串,沙爹海参鸡肉串,0,未修改
141336,【减脂晚餐】咸蛋火腿娃娃菜燕麦粥,咸蛋火腿娃娃菜燕麦粥,1,删除开头标签
141356,丝瓜面筋酿虾滑,丝瓜面筋酿虾滑,0,未修改
141357,辣椒炒鸡蛋,辣椒炒鸡蛋,0,未修改
141473,家常菜－茭白炒肉丝,家常菜－茭白炒肉丝,0,未修改
141476,莲藕腊排骨胡萝卜汤,莲藕腊排骨胡萝卜汤,0,未修改
141482,菜豆酸辣打卤面,菜豆酸辣打卤面,0,未修改
141510,简单快手美味的炒土豆块,炒土豆块,1,删除营销定语
141571,番茄鸡蛋汤,番茄鸡蛋汤,0,未修改
141578,油泼面,油泼面,0,未修改
141586,奶炖小方之土豆胡萝卜与鸡腿肉,奶炖小方之土豆胡萝卜与鸡腿肉,0,未修改
141589,杂粮咸饭,杂粮咸饭,0,未修改
141600,无油快手蒜蓉生菜,蒜蓉生菜,1,删除营销定语
141622,魔芋粉丝版Japchae（韩式炒杂菜）,魔芋粉丝版Japchae,1,删除括号说明
141644,清炒茼蒿,清炒茼蒿,0,未修改
141664,西兰花炒虾仁J_小葱’S,西兰花炒虾仁J_小葱S,1,未修改
141686,啤酒豆腐,啤酒豆腐,0,未修改
141695,鲜香爽口凉拌手撕鸡 快手家庭菜,鲜香爽口凉拌手撕鸡 快手家庭菜,0,未修改
141710,荸荠炒猪肝,荸荠炒猪肝,0,未修改
141729,家常红烧鱼「超完美调味」,家常红烧鱼「超完美调味」,0,未修改
141736,超级美味下饭~金针菇培根卷,金针菇培根卷,1,删除营销定语
141742,虾仁杂蔬豆腐蛋羹,虾仁杂蔬豆腐蛋羹,0,未修改
141791,三椒鱿鱼须,三椒鱿鱼须,0,未修改
141812,西芹炒肉丝,西芹炒肉丝,0,未修改
141834,菠菜白玉菇汤,菠菜白玉菇汤,0,未修改
141865,爆炒花甲,爆炒花甲,0,未修改
141867,醋溜藕片,醋溜藕片,0,未修改
141881,腌制酸豇豆,腌制酸豇豆,0,未修改
141883,老丁的私房菜-极美味萝卜炖虾,老丁的私房菜-极美味萝卜炖虾,0,未修改
141893,酸辣藕带炒牛肉,酸辣藕带炒牛肉,0,未修改
141961,黑椒牛柳,黑椒牛柳,0,未修改
141991,木须肉（清淡版）,木须肉,1,删除括号说明
142046,鲑鱼粉丝煲,鲑鱼粉丝煲,0,未修改
142064,鸡蛋炒虾仁,鸡蛋炒虾仁,0,未修改
142088,只要三步就能做出的芋头蒸肉，下饭一流，待客不失礼,只要三步就能做出的芋头蒸肉,1,删除宣传后句
142097,八宝油条,八宝油条,0,未修改
142099,【广东家常菜】用2小时慢火炖一碗高丽参汤,用2小时慢火炖一碗高丽参汤,1,删除开头标签
142103,超级下饭的鸡胗炒芹菜,鸡胗炒芹菜,1,删除营销定语
142131,懒人蚝油杏鲍菇,蚝油杏鲍菇,1,删除营销定语
142181,花生莲藕排骨汤,花生莲藕排骨汤,0,未修改
142184,超级好吃“烧烤土豆片”平底锅版,烧烤土豆片平底锅版,1,删除营销定语
142203,蒜蓉地瓜叶（减油版）,蒜蓉地瓜叶,1,删除括号说明
142294,肉末香菇（可拌饭拌面）,肉末香菇,1,删除括号说明
142301,极妙厨房丨东北名菜锅包肉,极妙厨房丨东北名菜锅包肉,0,未修改
142349,西红柿炒鸡蛋【超级下饭菜】,西红柿炒鸡蛋【超级下饭菜】,0,未修改
142364,盐水虾,盐水虾,0,未修改
142394,简单又减脂的快手菜➡️凉拌豆腐丝,又减脂的快手菜️凉拌豆腐丝,1,删除营销定语；删除装饰符号
142419,美味正宗的麻婆豆腐,正宗的麻婆豆腐,1,删除营销定语
142429,瑶柱萝卜汤,瑶柱萝卜汤,0,未修改
142465,西红柿土豆炖牛肉,西红柿土豆炖牛肉,0,未修改
142479,彩绘目鱼卷,彩绘目鱼卷,0,未修改
142555,鸡蛋蒸豆腐,鸡蛋蒸豆腐,0,未修改
142566,腌酱黄瓜太好吃了吧！想哭,腌酱黄瓜太好吃了吧,1,删除宣传后句
142606,油渣炒莴苣,油渣炒莴苣,0,未修改
142609,【空气炸锅-蒜蓉烤茄子】,空气炸锅-蒜蓉烤茄子,1,展开标题方括号
142654,快手低脂减肥蘑菇蔬菜汤,减肥蘑菇蔬菜汤,1,删除营销定语
142669,红烧鸭子,红烧鸭子,0,未修改
142677,减脂餐/白菜木耳爆豆腐（素食系列）,餐/白菜木耳爆豆腐,1,删除括号说明；删除营销定语
142693,酸辣绿甘蓝,酸辣绿甘蓝,0,未修改
142695,老板鱼烧豆腐,老板鱼烧豆腐,0,未修改
142738,素炒黄瓜,素炒黄瓜,0,未修改
142744,杂粮粉蒸蛋糕（消耗五谷营养粉）,杂粮粉蒸蛋糕,1,删除括号说明
142777,剁椒味儿👀の西红柿🍅炒蛋，帮你打开新世界的大门！,剁椒味儿の西红柿炒蛋,1,删除宣传后句；删除装饰符号
142779,清炒南瓜,清炒南瓜,0,未修改
142794,米饭杀手 - 黄焖鸡,米饭杀手 - 黄焖鸡,0,未修改
142799,内蒙烩酸菜,内蒙烩酸菜,0,未修改
142814,素三鲜煮馍,素三鲜煮馍,0,未修改
142832,炒上海青 一般青菜都适用的炒法,炒上海青 一般青菜都适用的炒法,0,未修改
142874,杏鲍菇炒肉丝,杏鲍菇炒肉丝,0,未修改
142876,自制麻辣香锅,麻辣香锅,1,删除营销定语
142884,香菇滑鸡,香菇滑鸡,0,未修改
142919,清蒸海鲈鱼,清蒸海鲈鱼,0,未修改
142921,凉拌鸡胗,凉拌鸡胗,0,未修改
142940,美艳甜酸萝卜,美艳甜酸萝卜,0,未修改
142944,下饭菜～酱炒茄子,菜～酱炒茄子,1,删除营销定语
142953,笋干清炖老黄瓜,笋干清炖老黄瓜,0,未修改
142972,Q版-芋头夹(多元化版本）,Q版-芋头夹(多元化版本）,0,未修改
142994,美善品鱼头豆腐汤,美善品鱼头豆腐汤,0,未修改
143029,肉丸汤底火锅,肉丸汤底火锅,0,未修改
143058,简单而味道好的韭菜花酱,而味道好的韭菜花酱,1,删除营销定语
143063,茭白炒肉片,茭白炒肉片,0,未修改
143113,蘑菇豆腐汤,蘑菇豆腐汤,0,未修改
143149,爆炒紫甘蓝,爆炒紫甘蓝,0,未修改
143162,黑椒牛柳豪华版炒饭,黑椒牛柳豪华版炒饭,0,未修改
143171,糖醋鸡胸肉,糖醋鸡胸肉,0,未修改
143180,黄粿新吃法 黄粿回锅肉,黄粿新吃法 黄粿回锅肉,0,未修改
143199,羊排排骨饭  宝宝辅食营养食谱菜谱,羊排排骨饭 宝宝辅食营养食谱菜谱,1,未修改
143220,臊子面,臊子面,0,未修改
143235,不咸的酸菜腌制方法,不咸的酸菜腌制方法,0,未修改
143243,虾酱啫啫通菜梗(空心菜梗),虾酱啫啫通菜梗,1,删除括号说明
143257,川味干煸肥肠 炒肥肠 宴客 年夜菜 玛捷斯,川味干煸肥肠 炒肥肠 宴客 年夜菜 玛捷斯,0,未修改
143262,有讲究的西红柿蛋汤,有讲究的西红柿蛋汤,0,未修改
143278,不辣的虎皮青椒,不辣的虎皮青椒,0,未修改
143282,青椒肉土豆片,青椒肉土豆片,0,未修改
143284,银鱼炒蛋,银鱼炒蛋,0,未修改
143293,四季豆炒肉,四季豆炒肉,0,未修改
143326,超快下饭菜 爆炒空心菜梗,快下饭菜 爆炒空心菜梗,1,删除营销定语
143355,棒骨萝卜玉米汤,棒骨萝卜玉米汤,0,未修改
143435,香菇胡萝卜炖鸡,香菇胡萝卜炖鸡,0,未修改
143462,脆爽可口的小郡肝－辣炒鸡胗,脆爽可口的小郡肝－辣炒鸡胗,0,未修改
143463,照烧鸡排,照烧鸡排,0,未修改
143500,酸辣下饭，麻辣拌土豆，做法简单，2个土豆就能做哦,酸辣下饭,1,删除说明性后缀；删除宣传后句
143597,【低脂做法】虾仁豌豆炒蛋,做法 虾仁豌豆炒蛋,1,展开标题方括号；删除营销定语
143617,咸蛋黄梭子蟹,咸蛋黄梭子蟹,0,未修改
143621,蒜泥手撕茄子,蒜泥手撕茄子,0,未修改
143628,小炒泡椒牛肉,小炒泡椒牛肉,0,未修改
143631,荠菜炖土豆,荠菜炖土豆,0,未修改
143647,上海八宝辣酱,上海八宝辣酱,0,未修改
143667,耗油香菇油菜,耗油香菇油菜,0,未修改
143676,快手羊肉炒白菜,羊肉炒白菜,1,删除营销定语
143722,清炖牛肉,清炖牛肉,0,未修改
143741,山西过油肉（发源地版本）,山西过油肉,1,删除括号说明
143742,蒜泥拍黄瓜🥒凉拌黄瓜❗️下酒菜凉菜,蒜泥拍黄瓜凉拌黄瓜️下酒菜凉菜,1,删除装饰符号
143758,老上海炸猪排,老上海炸猪排,0,未修改
143793,韩式泡菜炒饭,韩式泡菜炒饭,0,未修改
143803,培根金针菇超下饭,培根金针菇超下饭,0,未修改
143806,西红柿菌菇豆腐汤,西红柿菌菇豆腐汤,0,未修改
143809,不输干锅花菜的清炒花菜火腿,不输干锅花菜的清炒花菜火腿,0,未修改
143816,一道好吃不贵的硬菜，鲍鱼栗子鸡煲,一道好吃不贵的硬菜,1,删除宣传后句
143834,蒜蓉肉末炒四季豆丝儿,蒜蓉肉末炒四季豆丝儿,0,未修改
143855,芽菜扣肉,芽菜扣肉,0,未修改
143892,手撕圆白菜（包菜）,手撕圆白菜,1,删除括号说明
143907,毛豆烧鸡,毛豆烧鸡,0,未修改
143960,经典酸菜粉丝鱼[步骤非常详细，小白都会],经典酸菜粉丝鱼[步骤非常详细,1,删除宣传后句
143970,炒米粉,炒米粉,0,未修改
143979,土豆鸡蛋沙拉,土豆鸡蛋沙拉,0,未修改
143996,海鲜坚果合炒,海鲜坚果合炒,0,未修改
144080,学生时代的记忆—雪菜冬笋炒年糕,学生时代的记忆—雪菜冬笋炒年糕,0,未修改
144081,包菜炒粉丝,包菜炒粉丝,0,未修改
144087,香香香的香菇蒸鸡,香香香的香菇蒸鸡,0,未修改
144100,藕盒,藕盒,0,未修改
144134,“鸡蛋豆腐羹”超简单,鸡蛋豆腐羹超简单,1,未修改
144144,比肉还好吃的虎皮青椒‼️米饭杀手巨好吃,比肉还好吃的虎皮青椒‼️米饭杀手巨好吃,0,未修改
144196,豆腐水白菜汤,豆腐水白菜汤,0,未修改
144243,豆豉酱蒸排骨,豆豉酱蒸排骨,0,未修改
144253,超级美味爆炒鱿鱼,爆炒鱿鱼,1,删除营销定语
144258,榨菜丝蒸猪面肉,榨菜丝蒸猪面肉,0,未修改
144264,养生蒸菜,养生蒸菜,0,未修改
144273,冬瓜紫菜蛋花汤🍲,冬瓜紫菜蛋花汤,1,删除装饰符号
144291,下饭菜😋小炒黄牛肉,菜小炒黄牛肉,1,删除营销定语；删除装饰符号
144302,肉沫酸豆角,肉沫酸豆角,0,未修改
144327,两人三餐四季-香菇鸡肉炒荷兰豆,两人三餐四季-香菇鸡肉炒荷兰豆,0,未修改
144332,家常版干煸菜花,干煸菜花,1,删除场景定语
144350,清炒木耳胡萝卜片,清炒木耳胡萝卜片,0,未修改
144366,墨鱼肉片汤：先炒再炖，烧出不一样的肉片汤！,墨鱼肉片汤：先炒再炖,1,删除宣传后句
144368,粉蒸排骨,粉蒸排骨,0,未修改
144377,［黑工厂］清蒸柠檬鱼 （夏日开胃鱼）,［黑工厂］清蒸柠檬鱼,1,删除括号说明
144404,蛋白炒虾仁,蛋白炒虾仁,0,未修改
144415,快手菜-素烧茄子🍆,素烧茄子,1,删除分类前缀；删除装饰符号
144474,懒人简单家庭版罗宋汤🐮（珐琅铸铁锅）,家庭版罗宋汤,1,删除括号说明；删除营销定语；删除装饰符号
144485,山药炒黑木耳,山药炒黑木耳,0,未修改
144505,最爱家常菜‼️超下饭易上手的鱼香肉丝❤️米饭杀手,最爱家常菜‼️超下饭易上手的鱼香肉丝️米饭杀手,1,删除装饰符号
144549,豆皮炒青菜好吃啊！,豆皮炒青菜好吃啊,1,删除宣传后句
144552,家常蛋炒饭,家常蛋炒饭,0,未修改
144566,🉐️吃草系列：芦笋炒百合,️吃草系列：芦笋炒百合,1,删除装饰符号
144573,黄焖鸡,黄焖鸡,0,未修改
144588,低卡代主食  减肥不伤胃 【小米菌菇粥】,低卡代主食 减肥不伤胃 【小米菌菇粥】,1,未修改
144609,鲜掉眉毛的清蒸鲈鱼～！,鲜掉眉毛的清蒸鲈鱼,1,删除宣传后句
144617,培根炒桃胶,培根炒桃胶,0,未修改
144641,炸茄盒,炸茄盒,0,未修改
144646,烤箱版马肉干,烤箱版马肉干,0,未修改
144693,蟹粉炖豆腐,蟹粉炖豆腐,0,未修改
144713,酸甜开胃|茄汁豆腐,酸甜开胃|茄汁豆腐,0,未修改
144731,油焖春笋,油焖春笋,0,未修改
144733,家常皮蛋豆腐,家常皮蛋豆腐,0,未修改
144734,蚝油豆角杏鲍菇,蚝油豆角杏鲍菇,0,未修改
144748,家常豆腐煲,家常豆腐煲,0,未修改
144768,不一样的番茄炒蛋（片糖版）,不一样的番茄炒蛋,1,删除括号说明
144774,南瓜浓汤,南瓜浓汤,0,未修改
144781,河虾辣炒韭菜花,河虾辣炒韭菜花,0,未修改
144786,清炖鲫鱼汤 三个关键步骤让你轻松炖出汤浓味鲜色白似奶的鲫鱼汤,清炖鲫鱼汤 三个关键步骤让你轻松炖出汤浓味鲜色白似奶的鲫鱼汤,0,未修改
144787,鲫鱼萝卜丝汤,鲫鱼萝卜丝汤,0,未修改
144820,雪菜马鲛鱼,雪菜马鲛鱼,0,未修改
144829,杏鲍菇炒三丝儿,杏鲍菇炒三丝儿,0,未修改
144842,简单美味的花生粥（稀饭）,花生粥,1,删除括号说明；删除营销定语
144878,虾滑冬瓜汤,虾滑冬瓜汤,0,未修改
144892,豆芽粉条(粉条超劲道),豆芽粉条,1,删除括号说明
144899,杏鲍菇炒肉,杏鲍菇炒肉,0,未修改
144936,辣椒小炒肉,辣椒小炒肉,0,未修改
144950,藕炒毛豆,藕炒毛豆,0,未修改
144973,牛肉末炒芹菜(泡椒味),牛肉末炒芹菜,1,删除括号说明
144995,西红柿鸡蛋疙瘩汤,西红柿鸡蛋疙瘩汤,0,未修改
145004,青椒荷包蛋,青椒荷包蛋,0,未修改
145045,《他来了，请闭眼》- 生滚鱼肉片,他来了,1,删除宣传后句
145053,「减脂美味easy」裙带虾仁冬瓜汤 配魔芋粉丝,「减脂美味easy」裙带虾仁冬瓜汤 配魔芋粉丝,0,未修改
145056,土豆炒肉,土豆炒肉,0,未修改
145064,正宗客家酿豆腐,正宗客家酿豆腐,0,未修改
145090,大盘鸡（裤带面),大盘鸡（裤带面),0,未修改
145123,私房家常菜蒜蓉蒸扇贝米粉，全原图无滤镜,私房家常菜蒜蓉蒸扇贝米粉,1,删除宣传后句
145186,炸小鱼,炸小鱼,0,未修改
145188,🌟简易版炸小鸡腿🌟,简易版炸小鸡腿,1,删除装饰符号
145211,河蚌春笋炖豆腐,河蚌春笋炖豆腐,0,未修改
145213,极易上手的海米烧冬瓜,极易上手的海米烧冬瓜,0,未修改
145222,丝瓜鲜菇荷包蛋皮蛋汤🍲快手 家常 百搭夏日汤,丝瓜鲜菇荷包蛋皮蛋汤快手 家常 百搭夏日汤,1,删除装饰符号
145227,香煎龙利鱼——fit食谱系列,香煎龙利鱼——fit食谱系列,0,未修改
145235,蒜香牛肉蒸土豆,蒜香牛肉蒸土豆,0,未修改
145242,爆炒扇贝肉（太鲜啦）,爆炒扇贝肉,1,删除括号说明
145303,韩式泡菜汤,韩式泡菜汤,0,未修改
145336,土豆洋葱炒牛肉,土豆洋葱炒牛肉,0,未修改
145358,速冻水饺的高逼格吃法【微在涨姿势】,速冻水饺的高逼格吃法【微在涨姿势】,0,未修改
145369,腊肉炒包菜,腊肉炒包菜,0,未修改
145391,鸡爪煲焖锅,鸡爪煲焖锅,0,未修改
145397,凉拌地瓜叶,凉拌地瓜叶,0,未修改
145468,灵魂版的手撕包菜,灵魂版的手撕包菜,0,未修改
145481,胡萝卜肉饼窝蛋,胡萝卜肉饼窝蛋,0,未修改
145488,❗️美味💯分～酵醒春之味馋嘴牛蛙,️美味分～酵醒春之味馋嘴牛蛙,1,删除装饰符号
145505,（减脂餐）洋葱芦笋炒牛肉（180大卡）,洋葱芦笋炒牛肉,1,删除括号说明
145514,手撕包菜,手撕包菜,0,未修改
145535,尖椒炒鸡蛋,尖椒炒鸡蛋,0,未修改
145540,肉丝茭白,肉丝茭白,0,未修改
145548,清炒地瓜叶,清炒地瓜叶,0,未修改
145605,蛋包肉煮丝瓜汤,蛋包肉煮丝瓜汤,0,未修改
145683,青岛老甜沫,青岛老甜沫,0,未修改
145706,凉拌酸辣土豆丝 凉拌土豆丝 夏日快手菜 开胃菜,凉拌酸辣土豆丝 凉拌土豆丝 夏日快手菜 开胃菜,0,未修改
145715,家常版 上汤娃娃菜,上汤娃娃菜,1,删除场景定语
145792,菠萝咕噜肉,菠萝咕噜肉,0,未修改
145804,板栗烧鸡,板栗烧鸡,0,未修改
145806,红烧肉海带结(鹌鹑蛋),红烧肉海带结,1,删除括号说明
145826,带鱼扒白菜,带鱼扒白菜,0,未修改
145858,浓油赤酱洋葱炒鳝丝,浓油赤酱洋葱炒鳝丝,0,未修改
145881,【海鲜】海鲜咖喱,海鲜 海鲜咖喱,1,展开标题方括号
145891,蒜香鱿鱼烧白菜(海边人家常菜),蒜香鱿鱼烧白菜,1,删除括号说明
145901,蒸的茄子,蒸的茄子,0,未修改
145912,自制辣椒酱,辣椒酱,1,删除营销定语
145913,沙葛胡萝卜炒海米,沙葛胡萝卜炒海米,0,未修改
145949,西红柿鸡蛋面,西红柿鸡蛋面,0,未修改
146006,得莫利炖草鱼,得莫利炖草鱼,0,未修改
146071,蒜香响油山药🥢🥢,蒜香响油山药,1,删除装饰符号
146084,完整拆鸡翅骨,完整拆鸡翅骨,0,未修改
146096,【娃】简单易做的胡萝卜小肉肉粥🥕,娃 简单易做的胡萝卜小肉肉粥,1,展开标题方括号；删除装饰符号
146118,日日靓汤之青木瓜花生猪骨汤,日日靓汤之青木瓜花生猪骨汤,0,未修改
146120,爽脆话梅酸萝卜,爽脆话梅酸萝卜,0,未修改
146142,蛇瓜炒酱鸡蛋,蛇瓜炒酱鸡蛋,0,未修改
146146,【腊肠五花肉糯米烧卖】泡水蒸的糯米才好吃,腊肠五花肉糯米烧卖 泡水蒸的糯米才好吃,1,展开标题方括号
146151,芹菜肉丝,芹菜肉丝,0,未修改
146195,家常溜豆腐肉饼,家常溜豆腐肉饼,0,未修改
146301,香肠省着点吃，炒蒜苗,香肠省着点吃,1,删除宣传后句
146303,黑三剁,黑三剁,0,未修改
146335,豆豉红烧鱼,豆豉红烧鱼,0,未修改
146343,蒸鸡蛋羹（附蒸蛋南瓜盅做法）,蒸鸡蛋羹,1,删除括号说明
146355,韭菜煎鸡蛋，韭菜鸡蛋饼,韭菜煎鸡蛋,1,删除宣传后句
146363,红烧豆腐,红烧豆腐,0,未修改
146377,酸汤柠檬鱼,酸汤柠檬鱼,0,未修改
146406,小白菜豆腐汤,小白菜豆腐汤,0,未修改
146420,无辣红烧鱼,无辣红烧鱼,0,未修改
146429,水煮肉片,水煮肉片,0,未修改
146432,#冬日一碗汤 秋葵豆腐鸡汁汤,#冬日一碗汤 秋葵豆腐鸡汁汤,0,未修改
146457,香水牛肉,香水牛肉,0,未修改
146491,红烧驴肉,红烧驴肉,0,未修改
146498,小美版 本帮红烧肉,小美版 本帮红烧肉,0,未修改
146544,清炒莴笋,清炒莴笋,0,未修改
146549,快手下饭菜-豌豆炒腊肉丁,菜-豌豆炒腊肉丁,1,删除营销定语
146567,凉拌黄豆芽,凉拌黄豆芽,0,未修改
146577,上脑牛肉|真香的红烧牛肉丁,上脑牛肉|真香的红烧牛肉丁,0,未修改
146578,最受欢迎的家常菜麻椒炒土豆片,最受欢迎的家常菜麻椒炒土豆片,0,未修改
146591,凉拌兔丁,凉拌兔丁,0,未修改
146632,蒜蓉粉丝蒸虾|这道简单高颜值的宴客大菜，零厨艺也能学会！,蒜蓉粉丝蒸虾|这道简单高颜值的宴客大菜,1,删除宣传后句
146661,🔥虾仁滑蛋🍤简单快手❗️好吃❗️懒人必备❗️,虾仁滑蛋简单快手️好吃️懒人必备️,1,删除装饰符号
146703,干豆角烧肉家庭篇,干豆角烧肉家庭篇,0,未修改
146726,洋葱牛肉卷,洋葱牛肉卷,0,未修改
146780,凉拌腐竹，简单清爽，饱腹又健康,凉拌腐竹,1,删除宣传后句
146794,咸蛋黄虾仁豆腐,咸蛋黄虾仁豆腐,0,未修改
146875,蒸牛肉丝,蒸牛肉丝,0,未修改
146905,婆婆丁拌菜,婆婆丁拌菜,0,未修改
146919,麻辣鸭血,麻辣鸭血,0,未修改
146944,青椒杏鲍菇丝,青椒杏鲍菇丝,0,未修改
146949,红烧羊排,红烧羊排,0,未修改
146985,快手一虾两味，炒生菜，炒滑蛋,一虾两味,1,删除营销定语；删除宣传后句
147003,清润大补腰花汤#蔚爱边吃边旅行#,清润大补腰花汤,1,删除话题说明
147023,橄榄菜肉末四季豆,橄榄菜肉末四季豆,0,未修改
147037,番茄土豆胡萝卜炖牛腩,番茄土豆胡萝卜炖牛腩,0,未修改
147051,鲜香超下饭的青椒鸭丝,鲜香超下饭的青椒鸭丝,0,未修改
147070,香辣小龙虾,香辣小龙虾,0,未修改
147095,油焖尖椒,油焖尖椒,0,未修改
147125,歌乐山辣子鸡,歌乐山辣子鸡,0,未修改
147167,豆豉鲮鱼蒸油麦菜,豆豉鲮鱼蒸油麦菜,0,未修改
147168,木耳山药虾球,木耳山药虾球,0,未修改
147186,「番茄酸汤肥牛」专治没胃口の米饭克星,「番茄酸汤肥牛」专治没胃口の米饭克星,0,未修改
147203,糟辣椒莴笋炒肉片,糟辣椒莴笋炒肉片,0,未修改
147207,葱烧海参,葱烧海参,0,未修改
147211,家常烧卖(小侄子超爱),家常烧卖,1,删除括号说明
147218,家常下饭菜，无辣不欢之水煮千张！,家常下饭菜,1,删除宣传后句
147255,油淋芦笋,油淋芦笋,0,未修改
147261,猪头肉拌青瓜,猪头肉拌青瓜,0,未修改
147268,青椒黄瓜炒鸡蛋*冰箱剩菜系列*,青椒黄瓜炒鸡蛋*冰箱剩菜系列*,0,未修改
147280,家庭版罗宋汤,罗宋汤,1,删除场景定语
147295,鲜掉眉毛的鲜虾松茸荞麦面,鲜掉眉毛的鲜虾松茸荞麦面,0,未修改
147317,手打虾丸娃娃菜汤,手打虾丸娃娃菜汤,0,未修改
147322,无水白灼虾,无水白灼虾,0,未修改
147348,豆腐两吃：咸蛋黄马蹄和桂花圣女果蜜,豆腐两吃：咸蛋黄马蹄和桂花圣女果蜜,0,未修改
147358,豆豉蒸南瓜鸡翼排骨,豆豉蒸南瓜鸡翼排骨,0,未修改
147369,#逗小厨的厨房#黄金豆腐,黄金豆腐,1,删除话题说明
147406,酱香肉末茄子,酱香肉末茄子,0,未修改
147415,家常大盘鸡,家常大盘鸡,0,未修改
147474,炒西兰花，饭店里常这样搭配，营养味美，儿子很喜欢吃,炒西兰花,1,删除宣传后句
147475,简单易做的卤肉,易做的卤肉,1,删除营销定语
147519,炒馒头,炒馒头,0,未修改
147537,上汤丝瓜（豪华版）,上汤丝瓜,1,删除括号说明
147575,懒人快手菜之咖喱大杂烩电饭煲版,菜之咖喱大杂烩电饭煲版,1,删除营销定语
147587,莴笋木耳腐竹,莴笋木耳腐竹,0,未修改
147591,油泼扯面,油泼扯面,0,未修改
147639,严格营养性生酮/童子鸡蒸蘑菇/超级鲜嫩/非常简单,严格营养性生酮/童子鸡蒸蘑菇/超级鲜嫩/非常简单,0,未修改
147724,烧椒皮蛋,烧椒皮蛋,0,未修改
147725,无敌简单的美味减脂餐：洋葱炒鸡蛋,无敌简单的美味减脂餐：洋葱炒鸡蛋,0,未修改
147735,湖南常德牛肉汤,湖南常德牛肉汤,0,未修改
147737,芹菜炒肉丝-20190224,芹菜炒肉丝-20190224,0,未修改
147749,凉拌豆筋,凉拌豆筋,0,未修改
147764,懒人快手凉拌西兰花,凉拌西兰花,1,删除营销定语
147801,红烧兔肉,红烧兔肉,0,未修改
147814,家常菜之：青椒爆炒鸭胗,家常菜之：青椒爆炒鸭胗,0,未修改
147893,肉沫蒸茄条‼️适合高血压 高血脂 减肥者,肉沫蒸茄条‼️适合高血压 高血脂 减肥者,0,未修改
147948,糖醋脆皮豆腐,糖醋脆皮豆腐,0,未修改
147973,C.J的虎皮蛋,C.J的虎皮蛋,0,未修改
147975,白灼秋葵,白灼秋葵,0,未修改
147982,东北炖茄子,东北炖茄子,0,未修改
147987,豆豉鲮鱼油麦菜-清肝利尿、镇静安神,豆豉鲮鱼油麦菜-清肝利尿、镇静安神,0,未修改
148008,红烧黄花鱼,红烧黄花鱼,0,未修改
148013,土豆丝鸡蛋饼,土豆丝鸡蛋饼,0,未修改
148025,牛蒡炖牛腩,牛蒡炖牛腩,0,未修改
148029,蔬菜虾仁炒鸡蛋,蔬菜虾仁炒鸡蛋,0,未修改
148035,火腿鸡蛋炒面,火腿鸡蛋炒面,0,未修改
148036,椒盐鲜蘑,椒盐鲜蘑,0,未修改
148048,不用动脑系列之酱牛肉,不用动脑系列之酱牛肉,0,未修改
148091,槐花韭菜炒鸡蛋,槐花韭菜炒鸡蛋,0,未修改
148147,虾仁豆腐鸡蛋羹,虾仁豆腐鸡蛋羹,0,未修改
148193,海参蒸蛋,海参蒸蛋,0,未修改
148277,香菇炒鸡蛋,香菇炒鸡蛋,0,未修改
148320,虾酱炒空心菜,虾酱炒空心菜,0,未修改
148325,快手简单的低卡北非蛋魔芋丝,低卡北非蛋魔芋丝,1,删除营销定语
148342,干烧黑虎虾,干烧黑虎虾,0,未修改
148374,超级下饭炒茄子🍆,炒茄子,1,删除营销定语；删除装饰符号
148375,蒜苗炒花菜洋葱,蒜苗炒花菜洋葱,0,未修改
148384,菌菇鸡肉丸子汤,菌菇鸡肉丸子汤,0,未修改
148404,虾仁奶酪厚蛋烧  宝宝辅食营养食谱菜谱,虾仁奶酪厚蛋烧 宝宝辅食营养食谱菜谱,1,未修改
148427,西蓝花烩口蘑,西蓝花烩口蘑,0,未修改
148471,盖码香肠面（＃湘潭篇）,盖码香肠面,1,删除括号说明
148476,香菇滑鸡胸,香菇滑鸡胸,0,未修改
148633,娃娃菜炒火腿肠家常菜,娃娃菜炒火腿肠家常菜,0,未修改
148639,蒜苔炒河虾👍,蒜苔炒河虾,1,删除装饰符号
148674,老上海炸猪排,老上海炸猪排,0,未修改
148679,配饭配面配什么都好吃到爆的烤番茄,配饭配面配什么都好吃到爆的烤番茄,0,未修改
148684,蚝油西生菜,蚝油西生菜,0,未修改
148724,酱香肉末烧茄子,酱香肉末烧茄子,0,未修改
148732,东北酸菜炖排骨,东北酸菜炖排骨,0,未修改
148747,家乡茄子煲,家乡茄子煲,0,未修改
148750,解决火锅剩菜？一道好吃的白菜炒红薯粉条,解决火锅剩菜？一道好吃的白菜炒红薯粉条,0,未修改
148751,姜丝蛋包梭子蟹  by  wqy,姜丝蛋包梭子蟹 by wqy,1,未修改
148849,萝卜炖羊肉,萝卜炖羊肉,0,未修改
148854,🔥营养均衡，低卡减肥糖——紫菜冬瓜豆腐汤🔥,营养均衡,1,删除宣传后句；删除装饰符号
148900,💯 简单好吃的家常菜【双椒土豆鸡丁】,简单好吃的家常菜【双椒土豆鸡丁】,1,删除装饰符号
148915,蒸鱼干（河豚鱼🐡）          下饭家常快手菜,蒸鱼干 下饭家常快手菜,1,删除括号说明
148952,家庭版煎鸡排,煎鸡排,1,删除场景定语
148983,西红柿炒鸡蛋,西红柿炒鸡蛋,0,未修改
149015,芋头蒸肉～最爱的一道菜,芋头蒸肉～最爱的一道菜,0,未修改
149056,胡萝卜玉米排骨汤——北鼎蒸炖锅食谱,胡萝卜玉米排骨汤——北鼎蒸炖锅食谱,0,未修改
149059,餐厅大厨教我的糖醋排骨,餐厅大厨教我的糖醋排骨,0,未修改
149085,快手菜｜豉椒炒鱿,豉椒炒鱿,1,删除分类前缀
149113,妈妈味道－姜丝炒猪肝,妈妈味道－姜丝炒猪肝,0,未修改
149125,椒盐土豆,椒盐土豆,0,未修改
149136,超简单的莴笋炒鸡蛋,莴笋炒鸡蛋,1,删除营销定语
149141,姜葱炒鸡,姜葱炒鸡,0,未修改
149161,土豆炖南瓜,土豆炖南瓜,0,未修改
149194,营养蛏子汤,蛏子汤,1,删除营销定语
149214,泡椒牛百叶,泡椒牛百叶,0,未修改
149233,湘味爆炒猪肝,湘味爆炒猪肝,0,未修改
149252,青椒姜芽烩皮蛋,青椒姜芽烩皮蛋,0,未修改
149265,春天的味道，香椿芽炒鸡蛋,春天的味道,1,删除宣传后句
149267,娃娃菜炒豆干（Fried Baby Cabbage with Dried Tofu）,娃娃菜炒豆干,1,删除括号说明
149310,清炒鸡毛菜,清炒鸡毛菜,0,未修改
149332,猪肉炒四季豆,猪肉炒四季豆,0,未修改
149349,鲜！冬笋「时令四珍」,鲜！冬笋「时令四珍」,0,未修改
149367,扬州炒饭,扬州炒饭,0,未修改
149457,苦瓜炒肉片,苦瓜炒肉片,0,未修改
149462,喝一口就会爱上的清甜可口，营养又美味的苹果瘦肉汤,喝一口就会爱上的清甜可口,1,删除宣传后句
149544,五香葱油蚕豆,五香葱油蚕豆,0,未修改
149553,节后清肠减脂汤、开胃素食汤,节后清肠减脂汤、开胃素食汤,0,未修改
149555,刷脂“番茄豆腐汤”,刷脂番茄豆腐汤,1,未修改
149577,快手家常菜--腊肠炒西葫芦,家常菜--腊肠炒西葫芦,1,删除营销定语
149590,超爽口巨下饭的芥末黄瓜堆。（董姐美食）,爽口巨下饭的芥末黄瓜堆,1,删除括号说明；删除营销定语；删除宣传后句
149593,外婆菜炒蛋,外婆菜炒蛋,0,未修改
149602,凉拌木耳,凉拌木耳,0,未修改
149686,肉沫番茄平菇汤,肉沫番茄平菇汤,0,未修改
149730,家常小炒.回锅肉,家常小炒.回锅肉,0,未修改
149747,炒下米饭的酱香茄子,炒下米饭的酱香茄子,0,未修改
149763,咸蛋黄焗南瓜,咸蛋黄焗南瓜,0,未修改
149769,素炒茄条,素炒茄条,0,未修改
149770,冬瓜丸子汤,冬瓜丸子汤,0,未修改
149773,爆好吃的手撕包菜,爆好吃的手撕包菜,0,未修改
149797,凉拌藕片腐竹,凉拌藕片腐竹,0,未修改
149809,简易家常菜—杂炒时蔬,简易家常菜—杂炒时蔬,0,未修改
149816,不太家常的烧茄子,不太家常的烧茄子,0,未修改
149858,客家酿豆腐｜美食台,客家酿豆腐｜美食台,0,未修改
149871,孩子爱吃--腐竹炒鸡肉,孩子爱吃--腐竹炒鸡肉,0,未修改
149890,番茄金针菇肥牛,番茄金针菇肥牛,0,未修改
149935,荷塘月色,荷塘月色,0,未修改
149973,“素”来健康——西兰花蒜末葱香炒紫甘蓝（紫椰菜）,素来健康——西兰花蒜末葱香炒紫甘蓝,1,删除括号说明
149995,《胡萝卜凉拌四季豆》夏天食欲不振时，适合下饭吃，脆爽开胃，营养丰富,胡萝卜凉拌四季豆夏天食欲不振时,1,删除宣传后句
150010,三色素炒杏鲍菇,三色素炒杏鲍菇,0,未修改
150056,清蒸版腐皮卷肉——英国留学生轻松做,清蒸版腐皮卷肉——英国留学生轻松做,0,未修改
150060,温州炒米粉,温州炒米粉,0,未修改
150063,番茄土豆火腿烫饭,番茄土豆火腿烫饭,0,未修改
150076,简单健康的炒丝瓜,炒丝瓜,1,删除营销定语
150081,玫瑰花馒头,玫瑰花馒头,0,未修改
150088,包菜炒粉丝，简易版,包菜炒粉丝,1,删除宣传后句
150118,给肉都不换的糖醋豆腐‼️外脆里嫩，巨下饭‼️,给肉都不换的糖醋豆腐‼️外脆里嫩,1,删除宣传后句
150126,大白菜柴鱼汤年糕,大白菜柴鱼汤年糕,0,未修改
150140,酱炒南瓜素肉片,酱炒南瓜素肉片,0,未修改
150172,西瓜皮、萝卜干炒毛豆,西瓜皮、萝卜干炒毛豆,0,未修改
150199,湘味～农家小炒鸡,湘味～农家小炒鸡,0,未修改
150225,蒜烧鲶鱼,蒜烧鲶鱼,0,未修改
150250,手撕茄子,手撕茄子,0,未修改
150303,酸菜汆羊肉,酸菜汆羊肉,0,未修改
150319,无肉不欢，茄子青椒烧鸡腿,无肉不欢,1,删除宣传后句
150348,小朋友爱的香炸蘑菇,小朋友爱的香炸蘑菇,0,未修改
150362,粉蒸牛肉,粉蒸牛肉,0,未修改
150381,胡豆(蚕豆),胡豆,1,删除括号说明
150444,儿童营养餐👉黄油西兰花鲜菇炒虾仁,儿童营养餐黄油西兰花鲜菇炒虾仁,1,删除装饰符号
150445,清罗宋汤,清罗宋汤,0,未修改
150470,超棒的蒜蓉蒸排骨,棒的蒜蓉蒸排骨,1,删除营销定语
150512,水煮千张凉拌千张豆腐皮,水煮千张凉拌千张豆腐皮,0,未修改
150546,沙茶酱炒猪心,沙茶酱炒猪心,0,未修改
150563,就很家常—芹菜炒油豆腐,就很家常—芹菜炒油豆腐,0,未修改
150579,黄瓜炒肉,黄瓜炒肉,0,未修改
150618,小龙虾盖浇饭,小龙虾盖浇饭,0,未修改
150657,蒜蓉大虾,蒜蓉大虾,0,未修改
150667,快手银鱼炒蛋,银鱼炒蛋,1,删除营销定语
150688,腌菜花炒毛豆,腌菜花炒毛豆,0,未修改
150734,蚝油和手撕包菜的美味,蚝油和手撕包菜的美味,0,未修改
150778,韭黄炒蟹柳,韭黄炒蟹柳,0,未修改
150789,青椒西红柿烩洋芋（贵阳家常系列）,青椒西红柿烩洋芋,1,删除括号说明
150798,低脂豌豆虾仁炒蛋,豌豆虾仁炒蛋,1,删除营销定语
150828,黄油香菇,黄油香菇,0,未修改
150836,酸爽下饭❗️超级好吃的醋溜白菜,酸爽下饭️超级好吃的醋溜白菜,1,删除装饰符号
150841,含有猪油渣的尖椒豆腐丝，你吃过吗？吃过就会爱上它！,含有猪油渣的尖椒豆腐丝,1,删除宣传后句
150873,炒素肠,炒素肠,0,未修改
150882,口蘑炒冬瓜,口蘑炒冬瓜,0,未修改
150906,超下饭家常菜～外酥里嫩巨好吃的脆皮豆腐❗️,家常菜～外酥里嫩巨好吃的脆皮豆腐️,1,删除营销定语；删除装饰符号
150907,家常干煸豆角,家常干煸豆角,0,未修改
150928,腊肠炒青椒,腊肠炒青椒,0,未修改
150940,干“煸”「芸豆」,干煸「芸豆」,1,未修改
150946,鸡爪莲藕黄豆煲,鸡爪莲藕黄豆煲,0,未修改
150985,凉拌苦瓜,凉拌苦瓜,0,未修改
151007,有山的味道，有海的味道—清炒茼蒿菜,有山的味道,1,删除宣传后句
151009,冬瓜玉米排骨汤,冬瓜玉米排骨汤,0,未修改
151028,清蒸珍珠立鱼（蒸箱版）,清蒸珍珠立鱼,1,删除括号说明
151103,梗比叶好吃～爆炒通心菜梗,梗比叶好吃～爆炒通心菜梗,0,未修改
151110,清蒸雪花鲳,清蒸雪花鲳,0,未修改
151144,炒南瓜,炒南瓜,0,未修改
151173,鲍汁花菇扣鹅掌,鲍汁花菇扣鹅掌,0,未修改
151186,家常烧茄子,家常烧茄子,0,未修改
151187,白菜豆腐丸子汤,白菜豆腐丸子汤,0,未修改
151189,上汤白菜,上汤白菜,0,未修改
151196,鲫鱼炖豆腐,鲫鱼炖豆腐,0,未修改
151285,超下饭的青椒炒烧肉让你停不下来,青椒炒烧肉让你停不下来,1,删除营销定语
151380,茄汁虾滑,茄汁虾滑,0,未修改
151415,牛肉辣子酱,牛肉辣子酱,0,未修改
151430,素炒圆白菜,素炒圆白菜,0,未修改
151464,【减脂餐】巨简单快手的柠檬龙利鱼，恭喜你找到了绝配！,柠檬龙利鱼,1,删除开头标签；删除营销定语；删除宣传后句
151486,低脂版打抛鸡腿肉饭—减肥的你同样可以尝鲜,版打抛鸡腿肉饭—减肥的你同样可以尝鲜,1,删除营销定语
151488,贵州腊肉蒜苔,贵州腊肉蒜苔,0,未修改
151494,豆角土豆焖面（伊莱特能量土锅）,豆角土豆焖面,1,删除括号说明
151529,【素菜】素炒杏鲍菇,素菜 素炒杏鲍菇,1,展开标题方括号
151640,迷迭香煎蛋,迷迭香煎蛋,0,未修改
151655,香肠炒荷兰豆,香肠炒荷兰豆,0,未修改
151670,卤猪蹄,卤猪蹄,0,未修改
151707,地道的韩式辣炒年糕,地道的韩式辣炒年糕,0,未修改
151719,家常快手青椒炒肉丝,家常快手青椒炒肉丝,0,未修改
151720,红烧鸡腿,红烧鸡腿,0,未修改
151728,家常烧各种鱼,家常烧各种鱼,0,未修改
151767,虾干海带豆腐汤（伊莱特智能WIFI煲）,虾干海带豆腐汤,1,删除括号说明
151797,虾饼,虾饼,0,未修改
151816,简单快手凉拌萝卜丝,凉拌萝卜丝,1,删除营销定语
151862,超级下饭的芹菜炒牛肉,芹菜炒牛肉,1,删除营销定语
151911,豆角焖面,豆角焖面,0,未修改
151919,好吃到咬舌头的【番茄菌菇豆腐羹】,到咬舌头的【番茄菌菇豆腐羹】,1,删除营销定语
151935,口蘑豆腐,口蘑豆腐,0,未修改
151943,白萝卜炒肉,白萝卜炒肉,0,未修改
151972,平菇炒肉,平菇炒肉,0,未修改
152028,蒜苗酸辣鸡胗,蒜苗酸辣鸡胗,0,未修改
152035,自制粉蒸肉的蒸肉粉,粉蒸肉的蒸肉粉,1,删除营销定语
152135,快手黑椒牛柳(牛排版),黑椒牛柳,1,删除括号说明；删除营销定语
152147,酸甜菠萝咕咾肉,酸甜菠萝咕咾肉,0,未修改
152165,极妙厨房丨清炒茄子（极妙秘制酱烧茄子）,极妙厨房丨清炒茄子,1,删除括号说明
152170,鲜虾豆腐白菜砂锅,鲜虾豆腐白菜砂锅,0,未修改
152173,五款早餐饮品：杏仁米糊+黑芝麻糊+水果奶昔+银耳羹+南瓜米糊【曼食慢语】,五款早餐饮品：杏仁米糊+黑芝麻糊+水果奶昔+银耳羹+南瓜米糊【曼食慢语】,0,未修改
152194,两人食快手菜之鱼香茄子捞面,两人食快手菜之鱼香茄子捞面,0,未修改
152195,红烧小黄鱼,红烧小黄鱼,0,未修改
152211,极好吃的香炸藕盒,极好吃的香炸藕盒,0,未修改
152214,【超级鲜美的】剁椒白菜三鲜大饺子,鲜美的 剁椒白菜三鲜大饺子,1,展开标题方括号；删除营销定语
152228,清蒸螃蟹,清蒸螃蟹,0,未修改
152296,秘制红烧鸡翅,红烧鸡翅,1,删除营销定语
152330,辣妹美食｜第二集 蚂蚁上树🌴,辣妹美食｜第二集 蚂蚁上树,1,删除装饰符号
152348,电饭煲煮鸡腿留学料理,电饭煲煮鸡腿留学料理,0,未修改
152357,五彩饺子五彩面五彩馄饨皮五彩面片,五彩饺子五彩面五彩馄饨皮五彩面片,0,未修改
152359,耗油生菜,耗油生菜,0,未修改
152478,香芹炒素肉,香芹炒素肉,0,未修改
152517,快速🔜剁辣椒炒鸡蛋,快速剁辣椒炒鸡蛋,1,删除装饰符号
152543,泉州鱼卷 | 咸蛋黄虾仁烩鱼卷,泉州鱼卷 | 咸蛋黄虾仁烩鱼卷,0,未修改
152569,不油炸的少油地三鲜，好吃不油腻！家常版,不油炸的少油地三鲜,1,删除宣传后句
152670,绿豆芽炒鳝丝,绿豆芽炒鳝丝,0,未修改
152672,醋溜包菜,醋溜包菜,0,未修改
152690,凉拌腰片,凉拌腰片,0,未修改
152692,杏鲍菇炒肉,杏鲍菇炒肉,0,未修改
152718,砂锅虎皮鸡蛋炖肘子,砂锅虎皮鸡蛋炖肘子,0,未修改
152755,清炒莴笋,清炒莴笋,0,未修改
152761,美味下饭的锅塌豆腐,锅塌豆腐,1,删除营销定语
152787,香菇火腿芹菜素饺子,香菇火腿芹菜素饺子,0,未修改
152828,电饭锅糖醋排骨,电饭锅糖醋排骨,0,未修改
152869,小炒牛肉,小炒牛肉,0,未修改
152906,儿童营养菜肉末番茄炒滑蛋,儿童营养菜肉末番茄炒滑蛋,0,未修改
152928,自制葱油拌面,葱油拌面,1,删除营销定语
152952,清炒白芦笋,清炒白芦笋,0,未修改
152953,清炒红薯叶,清炒红薯叶,0,未修改
152997,蘑菇滑肉,蘑菇滑肉,0,未修改
153033,滑嫩的宝宝水蒸蛋,滑嫩的宝宝水蒸蛋,0,未修改
153036,好吃的茄子土豆泥🍆 (2人份),茄子土豆泥,1,删除括号说明；删除营销定语；删除装饰符号
153054,黄瓜炒虾仁,黄瓜炒虾仁,0,未修改
153074,焖草鱼,焖草鱼,0,未修改
153104,羊肉粉丝煲,羊肉粉丝煲,0,未修改
153106,酱香荷包蛋,酱香荷包蛋,0,未修改
153107,酸菜猪肉炖粉条,酸菜猪肉炖粉条,0,未修改
153125,五花肉煨烟笋,五花肉煨烟笋,0,未修改
153159,酸菜红豆汤,酸菜红豆汤,0,未修改
153168,清蒸山药狮子头,清蒸山药狮子头,0,未修改
153249,红烧小鲫鱼,红烧小鲫鱼,0,未修改
153258,醋溜娃娃菜,醋溜娃娃菜,0,未修改
153260,冲绳记忆--鸡蛋豆腐午餐肉炒苦瓜,冲绳记忆--鸡蛋豆腐午餐肉炒苦瓜,0,未修改
153273,干炒牛河,干炒牛河,0,未修改
153282,辣炒海灵菇:下酒菜，甜辣汤汁泡饭超好吃！！,辣炒海灵菇:下酒菜,1,删除宣传后句
153303,五谷之王——油泼杂蔬苦荞粗面,五谷之王——油泼杂蔬苦荞粗面,0,未修改
153313,荷兰豆蒜苗炒客家腊肉,荷兰豆蒜苗炒客家腊肉,0,未修改
153347,栗子红烧肉,栗子红烧肉,0,未修改
153365,好吃又下饭的腊肠炒蒜苔,又下饭的腊肠炒蒜苔,1,删除营销定语
153391,花生焖猪手,花生焖猪手,0,未修改
153395,糊拉汤,糊拉汤,0,未修改
153413,清炒大白菜,清炒大白菜,0,未修改
153421,🍄蘑菇炒韭菜🍄,蘑菇炒韭菜,1,删除装饰符号
153443,家常菜【蒜薹炒肉】,家常菜【蒜薹炒肉】,0,未修改
153444,川椒小炒牛肉丝,川椒小炒牛肉丝,0,未修改
153445,消暑解热炝炒芥蓝菜,消暑解热炝炒芥蓝菜,0,未修改
153451,照烧鸡翅,照烧鸡翅,0,未修改
153467,黄瓜🥒炒鸡蛋,黄瓜炒鸡蛋,1,删除装饰符号
153516,洋葱炒鸡蛋,洋葱炒鸡蛋,0,未修改
153618,肉丁炒蒜苗丁,肉丁炒蒜苗丁,0,未修改
153638,清炒荷兰豆,清炒荷兰豆,0,未修改
153665,大酱汤,大酱汤,0,未修改
153690,炝拌海带丝,炝拌海带丝,0,未修改
153710,蒜蓉粉丝蒸丝瓜,蒜蓉粉丝蒸丝瓜,0,未修改
153735,家常炒豆腐,家常炒豆腐,0,未修改
153742,白菜炖冻豆腐,白菜炖冻豆腐,0,未修改
153766,番茄土豆炖牛肉,番茄土豆炖牛肉,0,未修改
153784,花菜炒肉,花菜炒肉,0,未修改
153804,营养丰富的滋味蒜香红烧黄鳝,丰富的滋味蒜香红烧黄鳝,1,删除营销定语
153827,土豆丝这样炒好吃又健康,土豆丝这样炒好吃又健康,0,未修改
153836,豆腐肉碎,豆腐肉碎,0,未修改
153865,瘦肉西兰花,瘦肉西兰花,0,未修改
153867,超好吃家庭版酸菜肉面块,家庭版酸菜肉面块,1,删除营销定语
153873,扁豆土豆烧鸡肉,扁豆土豆烧鸡肉,0,未修改
153903,白斩鸡,白斩鸡,0,未修改
153909,萝卜牛腩煲,萝卜牛腩煲,0,未修改
153910,上海风味罗宋汤,上海风味罗宋汤,0,未修改
153920,蒜蓉炒大虾,蒜蓉炒大虾,0,未修改
153924,减脂餐|鸡蛋炒牡蛎清炒小白菜,鸡蛋炒牡蛎清炒小白菜,1,删除分类前缀
153943,鸡骨架炖白菜,鸡骨架炖白菜,0,未修改
153966,番茄龙利鱼柳,番茄龙利鱼柳,0,未修改
153997,美食无国界，韩国人生日都要喝的海带牛肉汤,美食无国界,1,删除宣传后句
154006,蒜苔炒腊肉，好吃又下饭，家常快手菜，简单又快手！,蒜苔炒腊肉,1,删除宣传后句
154037,油焖笋,油焖笋,0,未修改
154041,贼简单的鸡腿肉炖土豆,贼简单的鸡腿肉炖土豆,0,未修改
154091,香椿鱼（时令美食）,香椿鱼,1,删除括号说明
154115,好吃不胖‼️超开胃｜低脂的酸辣凉拌魔芋丝～,不胖‼️超开胃｜低脂的酸辣凉拌魔芋丝,1,删除营销定语
154119,极妙厨房丨尖椒皮蛋,极妙厨房丨尖椒皮蛋,0,未修改
154164,15分钟搞定的荷兰豆炒腊肠,15分钟搞定的荷兰豆炒腊肠,0,未修改
154166,鲍鱼焖鸡,鲍鱼焖鸡,0,未修改
154169,剁椒如虹肉白如玉,剁椒如虹肉白如玉,0,未修改
154181,红烧黄鳝,红烧黄鳝,0,未修改
154188,快手芹菜牛肉丝,芹菜牛肉丝,1,删除营销定语
154192,简单的金针菇肥牛,金针菇肥牛,1,删除营销定语
154231,蒜苔炒腊肠,蒜苔炒腊肠,0,未修改
154242,金针菇酸汤肥牛（冬天暖胃，夏天多放点西红柿酸香开胃）,金针菇酸汤肥牛,1,删除括号说明
154245,豆角炖土豆,豆角炖土豆,0,未修改
154248,低脂健康的猪肉卷心菜汤,猪肉卷心菜汤,1,删除营销定语
154249,豆干豆角肉臊面,豆干豆角肉臊面,0,未修改
154259,红烧牛腩 家常版,红烧牛腩,1,删除版本后缀
154267,陪你深夜买醉的辣手摧花蛤,陪你深夜买醉的辣手摧花蛤,0,未修改
154276,黄焖鸡米饭,黄焖鸡米饭,0,未修改
154278,健身减肥餐生菜胡萝卜炒卷心菜,健身减肥餐生菜胡萝卜炒卷心菜,0,未修改
154335,肉沫粉条,肉沫粉条,0,未修改
154341,粉蒸榆钱,粉蒸榆钱,0,未修改
154368,三汁焖锅（鸡翅和虾）,三汁焖锅,1,删除括号说明
154372,凉拌金针菇,凉拌金针菇,0,未修改
154380,土豆香菇蒸火腿【超下饭】,土豆香菇蒸火腿【超下饭】,0,未修改
154474,腊肉炒饭,腊肉炒饭,0,未修改
154530,西红柿肉丸汤（女儿的最爱）,西红柿肉丸汤,1,删除括号说明
154564,超下饭擂茄子辣椒松花蛋,擂茄子辣椒松花蛋,1,删除营销定语
154568,土豆香菇炖鸡,土豆香菇炖鸡,0,未修改
154609,蒜蓉粉丝蒸凤尾虾,蒜蓉粉丝蒸凤尾虾,0,未修改
154626,三杯鸡,三杯鸡,0,未修改
154649,西红柿炒山药（孕妇）,西红柿炒山药,1,删除括号说明
154650,酱烧茄子,酱烧茄子,0,未修改
154691,正宗台湾香菇鸡汤（无调料，原始材料的味道）,正宗台湾香菇鸡汤,1,删除括号说明
154717,麻辣酸菜鱼,麻辣酸菜鱼,0,未修改
154720,青椒酿肉,青椒酿肉,0,未修改
154736,虾皮蒸蛋,虾皮蒸蛋,0,未修改
154741,虾仁豆腐羹,虾仁豆腐羹,0,未修改
154759,番茄鱼片,番茄鱼片,0,未修改
154761,芹菜牛肉,芹菜牛肉,0,未修改
154774,蒜蓉蒸丝瓜,蒜蓉蒸丝瓜,0,未修改
154900,葡汁鸡腿菇西葫芦,葡汁鸡腿菇西葫芦,0,未修改
154905,爆炒鱿鱼卷,爆炒鱿鱼卷,0,未修改
154921,清炒四季豆（下饭小菜）,清炒四季豆,1,删除括号说明
154925,干豆腐炒芹菜,干豆腐炒芹菜,0,未修改
154928,蒜泥蒸茄子,蒜泥蒸茄子,0,未修改
154941,萝卜丝疙瘩汤,萝卜丝疙瘩汤,0,未修改
154944,虾皮冬瓜(减肥营养),虾皮冬瓜,1,删除括号说明
154987,酸甜柠檬鸭,酸甜柠檬鸭,0,未修改
154992,辣椒炒花生碎,辣椒炒花生碎,0,未修改
155063,咖喱土豆牛腩,咖喱土豆牛腩,0,未修改
155079,超快手的酸豆角千页豆腐炒鸡胗,酸豆角千页豆腐炒鸡胗,1,删除营销定语
155087,黑椒猪舌 酱香脆嫩的下饭神器,黑椒猪舌 酱香脆嫩的下饭神器,0,未修改
155097,简易版洋葱西兰花炒牛肉,简易版洋葱西兰花炒牛肉,0,未修改
155098,黄瓜虾仁饺子,黄瓜虾仁饺子,0,未修改
155105,中餐厅炊烟小炒黄牛肉,中餐厅炊烟小炒黄牛肉,0,未修改
155114,红烧鸡翅根,红烧鸡翅根,0,未修改
155128,素菜·菠菜炒鸡蛋,素菜·菠菜炒鸡蛋,0,未修改
155167,七彩炒饭,七彩炒饭,0,未修改
155170,原汁原味的茭白炒肉丝（爱吃茭白必不可少的一道简菜）,原汁原味的茭白炒肉丝,1,删除括号说明
155179,【营养美味】红烧鱼片,红烧鱼片,1,展开标题方括号；删除营销定语
155211,辣炒酸菜,辣炒酸菜,0,未修改
155238,鲜美无敌❤️豆豉蒸鱼,鲜美无敌️豆豉蒸鱼,1,删除装饰符号
155272,豇豆炒肉,豇豆炒肉,0,未修改
155284,娃娃菜羊肉丸汤,娃娃菜羊肉丸汤,0,未修改
155298,快手下饭的番茄炒包菜丝,番茄炒包菜丝,1,删除营销定语
155304,（快炒菜）金针菇韭菜炒鸡蛋,金针菇韭菜炒鸡蛋,1,删除括号说明
155372,清汤牛腩,清汤牛腩,0,未修改
155378,豆皮青椒炒肉丝,豆皮青椒炒肉丝,0,未修改
155399,蒜蓉荷兰豆,蒜蓉荷兰豆,0,未修改
155408,香煎嫩豆腐,香煎嫩豆腐,0,未修改
155452,好吃的快手懒人菜：香炒杏鲍菇（皇子菇）,菜：香炒杏鲍菇,1,删除括号说明；删除营销定语
155511,🔥巨好吃！超简单！酸辣开胃的酸汤米线,巨好吃,1,删除宣传后句；删除装饰符号
155512,咸鲨鱼炒四角豆,咸鲨鱼炒四角豆,0,未修改
155527,扒节瓜/瓜脯,扒节瓜/瓜脯,0,未修改
155537,怪味糖霜花生,怪味糖霜花生,0,未修改
155554,蒜蓉蛏子,蒜蓉蛏子,0,未修改
155569,虾干芹菜炒粉丝,虾干芹菜炒粉丝,0,未修改
155577,爆炒菜心,爆炒菜心,0,未修改
155602,"小美调制 
汤汁超美味的鱼香豆卜夹",小美调制 汤汁超美味的鱼香豆卜夹,1,未修改
155610,葱香嫩滑黑鱼片,葱香嫩滑黑鱼片,0,未修改
155622,低卡炒粉干,低卡炒粉干,0,未修改
155629,素三鲜馅饼,素三鲜馅饼,0,未修改
155653,竹丝鸡板栗汤,竹丝鸡板栗汤,0,未修改
155684,凉拌麻辣手撕鸡,凉拌麻辣手撕鸡,0,未修改
155698,【家常菜】木耳炒鸡蛋,木耳炒鸡蛋,1,删除开头标签
155708,"咸肉
焖蚕豆",咸肉 焖蚕豆,1,未修改
155743,香炒木须肉,香炒木须肉,0,未修改
155756,水煮白菜,水煮白菜,0,未修改
155761,秋冬滋补的羊肉煲🐑,秋冬滋补的羊肉煲,1,删除装饰符号
155770,玉米三杯鸡,玉米三杯鸡,0,未修改
155774,家常老来少豆角,家常老来少豆角,0,未修改
155780,自制焖锅,焖锅,1,删除营销定语
155789,夏季快手菜：酸辣绿豆芽,夏季快手菜：酸辣绿豆芽,0,未修改
155826,番茄肥牛锅,番茄肥牛锅,0,未修改
155830,菜椒炒茄子,菜椒炒茄子,0,未修改
155846,青蒜苔炒北极贝裙边,青蒜苔炒北极贝裙边,0,未修改
155866,干煸五花肉土豆片,干煸五花肉土豆片,0,未修改
155871,潮式番茄煎煮大眼鸡（我是🐟，不是🐔😄😄）,潮式番茄煎煮大眼鸡,1,删除括号说明
155894,西红柿鸡蛋疙瘩汤,西红柿鸡蛋疙瘩汤,0,未修改
155907,皮蛋拌豆腐,皮蛋拌豆腐,0,未修改
155932,莴笋炒肠---脆口又吸睛,莴笋炒肠---脆口又吸睛,0,未修改
155933,香熇厉虾,香熇厉虾,0,未修改
155952,【跟我做不会错】南北咸甜口之争，番茄炒蛋，懒人零失误快手菜,南北咸甜口之争,1,删除开头标签；删除宣传后句
156031,黄焖鸡,黄焖鸡,0,未修改
156033,蚝油白菜豆腐,蚝油白菜豆腐,0,未修改
156100,蟹味菇文蛤豆腐鸡蛋汤,蟹味菇文蛤豆腐鸡蛋汤,0,未修改
156113,水煮千张丝,水煮千张丝,0,未修改
156130,香掉一条街的辣子鸡块（丁）超全图片,香掉一条街的辣子鸡块超全图片,1,删除括号说明
156159,芝心鲮鱼肉滑饺,芝心鲮鱼肉滑饺,0,未修改
156167,辣白菜肥牛,辣白菜肥牛,0,未修改
156177,家庭版宫保鸡丁,宫保鸡丁,1,删除场景定语
156201,鸡翅炖土豆,鸡翅炖土豆,0,未修改
156213,好吃下饭的泡椒啤酒魔芋烧鸭子,泡椒啤酒魔芋烧鸭子,1,删除营销定语
156272,湘菜手撕包菜（快手又好吃）,湘菜手撕包菜,1,删除括号说明
156281,【素炒什锦菜】,素炒什锦菜,1,展开标题方括号
156326,蒜蓉荷兰豆,蒜蓉荷兰豆,0,未修改
156379,超简单的炒花蛤,炒花蛤,1,删除营销定语
156416,虾米炒冬瓜,虾米炒冬瓜,0,未修改
156419,家常蕃茄鸡蛋汤,家常蕃茄鸡蛋汤,0,未修改
156438,莴笋鸡蛋丝,莴笋鸡蛋丝,0,未修改
156542,龙利鱼嫩豆腐番茄煲,龙利鱼嫩豆腐番茄煲,0,未修改
156544,低碳低卡韩式拌花菜杂粮饭/健身减脂版韩式拌饭,低碳低卡韩式拌花菜杂粮饭/健身减脂版韩式拌饭,0,未修改
156558,干炸平蘑,干炸平蘑,0,未修改
156570,家常酸辣鸡杂,家常酸辣鸡杂,0,未修改
156591,减肥食谱 之 红烧鱼,减肥食谱 之 红烧鱼,0,未修改
156612,香菇炒腐竹,香菇炒腐竹,0,未修改
156622,云南家常菜 韭菜炒香干 妈妈的味道,云南家常菜 韭菜炒香干 妈妈的味道,0,未修改
156647,简单粗暴焖三文鱼头,粗暴焖三文鱼头,1,删除营销定语
156648,奸懒馋滑系列：懒炒豌豆虾仁🍤🍤,奸懒馋滑系列：懒炒豌豆虾仁,1,删除装饰符号
156655,圆白菜花蛤汤,圆白菜花蛤汤,0,未修改
156658,洋葱炒蛋,洋葱炒蛋,0,未修改
156718,红烧茄子（少油版，加西红柿，青椒）,红烧茄子,1,删除括号说明
156719,超下饭的番茄炒蛋,番茄炒蛋,1,删除营销定语
156740,私房牛肉香辣酱,私房牛肉香辣酱,0,未修改
156799,鱼香豆腐,鱼香豆腐,0,未修改
156828,鸡丝炒甜豆,鸡丝炒甜豆,0,未修改
156829,家常小炒芹菜,家常小炒芹菜,0,未修改
156839,酸菜炖土豆,酸菜炖土豆,0,未修改
156851,茄子炒豇豆,茄子炒豇豆,0,未修改
156852,豆豉鲮鱼油麦菜,豆豉鲮鱼油麦菜,0,未修改
156888,红烧茭白,红烧茭白,0,未修改
156902,鸡胸肉炒西兰花,鸡胸肉炒西兰花,0,未修改
156950,豆豉闷烧光鱼,豆豉闷烧光鱼,0,未修改
156952,名贱菜香的小炒一一苍蝇头（肉末炒韭苔),名贱菜香的小炒一一苍蝇头（肉末炒韭苔),0,未修改
156958,快手爆炒五花肉,爆炒五花肉,1,删除营销定语
156964,腊肉炒土豆,腊肉炒土豆,0,未修改
156972,大白菜叶鸡蛋汤,大白菜叶鸡蛋汤,0,未修改
156976,❗超级嫩滑好吃❗不加一滴水❗啤酒鸡翅根❗,超级嫩滑好吃不加一滴水啤酒鸡翅根,1,删除装饰符号
156980,山药素炒木耳,山药素炒木耳,0,未修改
157009,青蒜炒牛肉,青蒜炒牛肉,0,未修改
157027,简单美味的香菇肉片,香菇肉片,1,删除营销定语
157031,宅家美食｜让人食指大动的香菇烧鸡块,宅家美食｜让人食指大动的香菇烧鸡块,0,未修改
157036,豆腐焖鱼,豆腐焖鱼,0,未修改
157045,东北酸菜炖大骨,东北酸菜炖大骨,0,未修改
157067,十分钟快手菜之：荷兰豆炒腊肠,十分钟快手菜之：荷兰豆炒腊肠,0,未修改
157069,西红柿➕土豆＝从未有过的美味,西红柿土豆＝从未有过的美味,1,删除装饰符号
157072,黑胡椒牛仔骨我偏要柠檬香,黑胡椒牛仔骨我偏要柠檬香,0,未修改
157116,老广味道｜毋wú米养生粥底火锅,老广味道｜毋wú米养生粥底火锅,0,未修改
157122,白灼芦笋,白灼芦笋,0,未修改
157147,家常炒米粉,家常炒米粉,0,未修改
157177,清蒸鲈鱼,清蒸鲈鱼,0,未修改
157183,【挑食宝宝最爱·杂蔬牛肉猫饭团】（12M+）,【挑食宝宝最爱·杂蔬牛肉猫饭团】（12M+）,0,删除开头标签；删除括号说明；清洗结果过短，回退原名
157194,热炒素什锦,热炒素什锦,0,未修改
157217,炎焱私房菜：白萝卜牛肉丸汤,炎焱私房菜：白萝卜牛肉丸汤,0,未修改
157222,鸡肉蒸黄花菜,鸡肉蒸黄花菜,0,未修改
157229,孜冉元葱丝,孜冉元葱丝,0,未修改
157255,素炒黄豆芽,素炒黄豆芽,0,未修改
157274,笋干炖五花肉,笋干炖五花肉,0,未修改
157292,三汁焖锅之清江鱼,三汁焖锅之清江鱼,0,未修改
157293,炝炒娃娃菜,炝炒娃娃菜,0,未修改
157314,时蔬炒鸡胸肉,时蔬炒鸡胸肉,0,未修改
157317,红烧鸡翅土豆,红烧鸡翅土豆,0,未修改
157337,辣香茄条,辣香茄条,0,未修改
157436,在家也能做出大厨菜：清炖腐皮丝,在家也能做出大厨菜：清炖腐皮丝,0,未修改
157495,葱姜炒蟹,葱姜炒蟹,0,未修改
157568,花开富贵虾（蒜蓉粉丝开背虾），超详细图文步骤！,花开富贵虾,1,删除括号说明；删除宣传后句
157605,好吃到爆的肉沫茄子,到爆的肉沫茄子,1,删除营销定语
157606,杂菜炖鸡腿肉,杂菜炖鸡腿肉,0,未修改
157616,卤牛腱,卤牛腱,0,未修改
157641,肉末土豆球,肉末土豆球,0,未修改
157676,豆角粒炒蛋（豆角松）,豆角粒炒蛋,1,删除括号说明
157713,蒜苗炒鸡蛋,蒜苗炒鸡蛋,0,未修改
157720,香辣爆炒鸡胗,香辣爆炒鸡胗,0,未修改
157739,极简少油地三鲜,极简少油地三鲜,0,未修改
157765,青蒜鲳鱼,青蒜鲳鱼,0,未修改
157801,【牲肉】农家小炒肉,牲肉 农家小炒肉,1,展开标题方括号
157803,东菱养生锅【西洋菜干胡萝卜鸡汤】,东菱养生锅【西洋菜干胡萝卜鸡汤】,0,未修改
157809,蚝油炒香菇油菜,蚝油炒香菇油菜,0,未修改
157822,青椒炒排骨,青椒炒排骨,0,未修改
157834,素菜•丝瓜炒鸡蛋,素菜•丝瓜炒鸡蛋,0,未修改
157881,家常豆腐,家常豆腐,0,未修改
157886,太好吃了！！糖醋里脊,太好吃了,1,删除宣传后句
157902,粉蒸排骨,粉蒸排骨,0,未修改
157921,快手超Q滑的锡纸鸡翅,Q滑的锡纸鸡翅,1,删除营销定语
157936,炝炒西兰花,炝炒西兰花,0,未修改
157942,酱蚕蛹,酱蚕蛹,0,未修改
158015,酸辣菜花—减脂必备！！,酸辣菜花—减脂必备,1,删除宣传后句
158025,鱼香八块鸡,鱼香八块鸡,0,未修改
158041,韭黄炒蛋,韭黄炒蛋,0,未修改
158051,〈干黄花菜炒肉〉，简单下饭。欣小厨 😉,〈干黄花菜炒肉〉,1,删除宣传后句
158058,千张肉卷,千张肉卷,0,未修改
158091,辣炒土豆丝,辣炒土豆丝,0,未修改
158097,清炒佛手瓜,清炒佛手瓜,0,未修改
158209,腊八蒜炒肥肠,腊八蒜炒肥肠,0,未修改
158267,虾仁炒芦笋（好吃、健康、快手、孩子喜爱）,虾仁炒芦笋,1,删除括号说明
158317,㊙️5步搞定的超简单日式照烧鸡腿肉✨,㊙️5步搞定的超简单日式照烧鸡腿肉,1,删除装饰符号
158329,香辣萝卜炖肉（伊莱特IH土锅）,香辣萝卜炖肉,1,删除括号说明
158337,苏州糖醋小排,苏州糖醋小排,0,未修改
158365,家常菜-炒苦瓜,炒苦瓜,1,删除分类前缀
158376,中餐厅秦海璐版鸡丝凉面,中餐厅秦海璐版鸡丝凉面,0,未修改
158378,萝卜炖排骨,萝卜炖排骨,0,未修改
158405,茄汁里脊【海底捞调味料】,茄汁里脊【海底捞调味料】,0,未修改
158431,蒜蓉娃娃菜蒸粉丝,蒜蓉娃娃菜蒸粉丝,0,未修改
158473,炒馒头,炒馒头,0,未修改
158479,五色虾仁,五色虾仁,0,未修改
158485,鱼香茄盒,鱼香茄盒,0,未修改
158490,配粥小菜，辣炒胡萝卜蟹味菇,配粥小菜,1,删除宣传后句
158532,黄瓜鸡蛋虾仁饺子,黄瓜鸡蛋虾仁饺子,0,未修改
158545,豉汁鸡翅,豉汁鸡翅,0,未修改
158559,粽叶糯米排骨,粽叶糯米排骨,0,未修改
158565,芹菜炒虾仁,芹菜炒虾仁,0,未修改
158567,洋白菜浓汤,洋白菜浓汤,0,未修改
158581,上汤芦笋,上汤芦笋,0,未修改
158612,西芹炒肉丝,西芹炒肉丝,0,未修改
158667,新派孜然羊肉,新派孜然羊肉,0,未修改
158689,极妙厨房丨清炒笋丝,极妙厨房丨清炒笋丝,0,未修改
158720,自制面条-上海大排面,面条-上海大排面,1,删除营销定语
158750,番茄红焖虾🍅少油版快手菜，香喷喷营养又下饭😋,番茄红焖虾少油版快手菜,1,删除宣传后句；删除装饰符号
158757,低脂小蛮腰香甜超好吃-手撕包菜,小蛮腰香甜超好吃-手撕包菜,1,删除营销定语
158765,肉末茄子粉丝煲,肉末茄子粉丝煲,0,未修改
158771,一定成功的茄子盒,一定成功的茄子盒,0,未修改
158786,蒜茸粉丝蒸扇贝,蒜茸粉丝蒸扇贝,0,未修改
158795,这样做让上海青更好吃,这样做让上海青更好吃,0,未修改
158807,紫苏土豆焖鸭,紫苏土豆焖鸭,0,未修改
158931,香辣粉丝菠菜,香辣粉丝菠菜,0,未修改
158953,营养又养胃的早餐红枣羹，一丝细滑下肚,又养胃的早餐红枣羹,1,删除营销定语；删除宣传后句
159029,家常素烧豆腐,家常素烧豆腐,0,未修改
159054,鸡米芽菜（下饭）,鸡米芽菜,1,删除括号说明
159079,东北尖椒豆腐皮,东北尖椒豆腐皮,0,未修改
159090,XO酱烩豆腐,XO酱烩豆腐,0,未修改
159104,上海小囡-肉饼炖蛋-下饭菜,上海小囡-肉饼炖蛋,1,删除版本后缀
159112,苦瓜炒肉 鸡肉版,苦瓜炒肉 鸡肉版,0,未修改
159135,干炒牛河,干炒牛河,0,未修改
159147,阿米莉亚的Two Days Military Diet,阿米莉亚的Two Days Military Diet,0,未修改
159164,白菜木耳炖豆腐,白菜木耳炖豆腐,0,未修改
159193,青椒炒豆干,青椒炒豆干,0,未修改
159213,芋头蒸排骨(帮助孩子增强抵抗力),芋头蒸排骨,1,删除括号说明
159261,水煮牛肉🐂懒人版，健康少油上班族快手菜，鲜嫩可口超下饭！,水煮牛肉懒人版,1,删除宣传后句；删除装饰符号
159264,辣椒木耳炒肉,辣椒木耳炒肉,0,未修改
159275,海鲜酱烧肉（伊莱特能量土锅）,海鲜酱烧肉,1,删除括号说明
159283,自制红豆沙,红豆沙,1,删除营销定语
159315,金衣白玉，蔬中一绝。此为冬笋。冬笋炒腊肉,金衣白玉,1,删除宣传后句
159337,快手青瓜炒肉盖浇饭,青瓜炒肉盖浇饭,1,删除营销定语
159346,家人爱吃的肉末蛋羹,家人爱吃的肉末蛋羹,0,未修改
159370,日式烧肉风味的金针菇肉卷（健康美味.简单快手）,日式烧肉风味的金针菇肉卷,1,删除括号说明
159423,无敌好喝的酸辣汤,无敌好喝的酸辣汤,0,未修改
159427,素菜系列之---清炒两丝,素菜系列之---清炒两丝,0,未修改
159428,酱比面多的✨番茄肉酱意面✨,酱比面多的番茄肉酱意面,1,删除装饰符号
159524,排骨土豆炖豆角,排骨土豆炖豆角,0,未修改
159605,土豆炖牛腩,土豆炖牛腩,0,未修改
159608,软枝花菜烩平菇,软枝花菜烩平菇,0,未修改
159634,蒜蓉蒸金针菇,蒜蓉蒸金针菇,0,未修改
159656,下饭神器：酸豆角(酸豇豆）炒肉沫,神器：酸豆角(酸豇豆）炒肉沫,1,删除营销定语
159658,凉拌腐竹花生米,凉拌腐竹花生米,0,未修改
159702,白菜粉条炖豆腐,白菜粉条炖豆腐,0,未修改
159745,蘑菇炒菠菜,蘑菇炒菠菜,0,未修改
159804,冬日暖胃驱寒汤－萝卜丝牡蛎汤,冬日暖胃驱寒汤－萝卜丝牡蛎汤,0,未修改
159805,芽菜回锅肉,芽菜回锅肉,0,未修改
159815,西兰花炒鸡蛋,西兰花炒鸡蛋,0,未修改
159833,爆炒文蛤,爆炒文蛤,0,未修改
159840,凉拌万物（例：凉拌黄瓜）,凉拌万物,1,删除括号说明
159861,松下无轴搅拌锅之鸡公煲,松下无轴搅拌锅之鸡公煲,0,未修改
159877,超级下饭的小炒黄牛肉,小炒黄牛肉,1,删除营销定语
159908,油豆腐炒芦笋,油豆腐炒芦笋,0,未修改
159910,海米炖冬瓜,海米炖冬瓜,0,未修改
159933,鲜虾馄饨（自制面皮）,鲜虾馄饨,1,删除括号说明
159941,超萌宁夏青菜仔炒香菇,萌宁夏青菜仔炒香菇,1,删除营销定语
159948,牛肉炖柿子,牛肉炖柿子,0,未修改
160014,健康低卡—花椰菜意大利面【松下分体式饭煲】,低卡—花椰菜意大利面【松下分体式饭煲】,1,删除营销定语
160030,餐蛋面,餐蛋面,0,未修改
160056,水煮虾滑,水煮虾滑,0,未修改
160078,咸肉焖冬瓜,咸肉焖冬瓜,0,未修改
160079,腊肉比蒜苔好吃的腊肉炒蒜苔~快手菜！,腊肉比蒜苔好吃的腊肉炒蒜苔~快手菜,1,删除宣传后句
160125,青菜红薯粉,青菜红薯粉,0,未修改
160152,红烧鱼味蛋,红烧鱼味蛋,0,未修改
160172,酸辣白菜,酸辣白菜,0,未修改
160174,花生焖猪蹄,花生焖猪蹄,0,未修改
160175,红烧小黄鱼,红烧小黄鱼,0,未修改
160186,快手家庭青蒜回锅肉,家庭青蒜回锅肉,1,删除营销定语
160196,酱香豆角丝（酱香豆角丝炒饼）,酱香豆角丝,1,删除括号说明
160236,简易版：小鸡炖蘑菇,简易版：小鸡炖蘑菇,0,未修改
160246,小鸡炖蘑菇,小鸡炖蘑菇,0,未修改
160258,板栗红烧肉,板栗红烧肉,0,未修改
160275,东北酱茄子外传,东北酱茄子外传,0,未修改
160278,番茄炒菜花～蓉儿,番茄炒菜花～蓉儿,0,未修改
160298,干煸肥肠,干煸肥肠,0,未修改
160310,春笋韭菜炒肉丝,春笋韭菜炒肉丝,0,未修改
160315,香菇炒肉,香菇炒肉,0,未修改
160318,水煮肉片,水煮肉片,0,未修改
160321,尖椒炒肉片,尖椒炒肉片,0,未修改
160324,【吃蟹季🦀】清蒸三门青蟹（附蘸汁做法及杀蟹方法）,吃蟹季 清蒸三门青蟹,1,展开标题方括号；删除括号说明；删除装饰符号
160341,爆炒卷心菜丝,爆炒卷心菜丝,0,未修改
160342,鲜嫩的鸡蛋炒韭菜,鲜嫩的鸡蛋炒韭菜,0,未修改
160343,红烧扁鱼,红烧扁鱼,0,未修改
160365,凉拌西兰花🥦,凉拌西兰花,1,删除装饰符号
160399,韭菜炒香干,韭菜炒香干,0,未修改
160420,韭黄炒鸡蛋,韭黄炒鸡蛋,0,未修改
160540,丝瓜粉丝汤,丝瓜粉丝汤,0,未修改
160586,酱汁鸡腿,酱汁鸡腿,0,未修改
160609,清炒马兰头,清炒马兰头,0,未修改
160610,下饭红烧菜｜红烧茄子,红烧菜｜红烧茄子,1,删除营销定语
160632,香辣快手毛血旺,香辣快手毛血旺,0,未修改
160649,好次的牛肉味拌黄瓜,好次的牛肉味拌黄瓜,0,未修改
160655,清水煮白萝卜（无油无盐菜）,清水煮白萝卜,1,删除括号说明
160708,毛栗子生炒鸡,毛栗子生炒鸡,0,未修改
160715,蜜汁叉烧,蜜汁叉烧,0,未修改
160740,肉末炒三椒（下饭最爱）,肉末炒三椒,1,删除括号说明
160747,红烧脆皮豆腐,红烧脆皮豆腐,0,未修改
160758,简单粗暴凉拌茄子,粗暴凉拌茄子,1,删除营销定语
160764,凉拌马齿苋,凉拌马齿苋,0,未修改
160770,土豆烧排骨,土豆烧排骨,0,未修改
160779,芹菜牛肉,芹菜牛肉,0,未修改
160782,肉丝炒绿豆芽,肉丝炒绿豆芽,0,未修改
160790,剁辣椒拌莴笋,剁辣椒拌莴笋,0,未修改
160820,【火腿黄鳝排骨汤】,火腿黄鳝排骨汤,1,展开标题方括号
160912,糯米饭(简易版),糯米饭,1,删除括号说明
160917,咖喱牛肉饭， 咖喱浴,咖喱牛肉饭,1,删除宣传后句
160918,香辣炖牛肉,香辣炖牛肉,0,未修改
160934,快手菜|豆角丝炒肉,豆角丝炒肉,1,删除分类前缀
160948,西兰花炒虾仁,西兰花炒虾仁,0,未修改
160967,地三鲜（名素菜）,地三鲜,1,删除括号说明
160968,红烧土豆排骨,红烧土豆排骨,0,未修改
160996,栗子红烧肉,栗子红烧肉,0,未修改
160997,开洋瓠子,开洋瓠子,0,未修改
161020,糖醋小土豆,糖醋小土豆,0,未修改
161035,蒜黄炒肉,蒜黄炒肉,0,未修改
161038,家常土豆泥,家常土豆泥,0,未修改
161048,低卡红扁豆黎麦素丸子,低卡红扁豆黎麦素丸子,0,未修改
161055,葱油梭子蟹,葱油梭子蟹,0,未修改
161080,青椒肉丝 口感丝滑简单快手的下饭菜,青椒肉丝 口感丝滑简单快手的下饭菜,0,未修改
161088,糖醋排骨,糖醋排骨,0,未修改
161114,豆腐干鲜菇汤,豆腐干鲜菇汤,0,未修改
161157,产妇月子菜~排骨炖墨鱼,产妇月子菜~排骨炖墨鱼,0,未修改
161162,家常金针菇烧冻豆腐,家常金针菇烧冻豆腐,0,未修改
161164,萝卜腐竹牛腩煲,萝卜腐竹牛腩煲,0,未修改
161165,比云海肴好吃的【番茄龙利鱼】,比云海肴好吃的【番茄龙利鱼】,0,未修改
161169,减脂餐/竹笋鸡饭+清炒芥菜,餐/竹笋鸡饭+清炒芥菜,1,删除营销定语
161199,青椒炒猪肚,青椒炒猪肚,0,未修改
161228,黄绿白之素炒三丝,黄绿白之素炒三丝,0,未修改
161239,健康低卡家常菜——青椒豆腐皮,低卡家常菜——青椒豆腐皮,1,删除营销定语
161302,冬瓜薏米瘦肉汤,冬瓜薏米瘦肉汤,0,未修改
161322,客家酿豆腐,客家酿豆腐,0,未修改
161331,扁豆炒肉,扁豆炒肉,0,未修改
161374,【最爱吃的家常小菜 | 榨菜肉沫蒸豆腐 】,【最爱吃的家常小菜 | 榨菜肉沫蒸豆腐 】,0,删除开头标签；清洗结果过短，回退原名
161394,㊙️米饭杀手❗️麻辣豆腐巨下饭❗️麻辣过瘾,㊙️米饭杀手️麻辣豆腐巨下饭️麻辣过瘾,1,删除装饰符号
161396,停不下筷子的牛肉卷,停不下筷子的牛肉卷,0,未修改
161408,鲤鱼豆腐汤,鲤鱼豆腐汤,0,未修改
161432,糖醋排骨（酸甜儿童最爱开胃菜）,糖醋排骨,1,删除括号说明
161441,蒜蓉豆角,蒜蓉豆角,0,未修改
161451,茄汁海带芽汤/无油清脂/早餐宵夜无负担,茄汁海带芽汤/无油清脂/早餐宵夜无负担,0,未修改
161461,红烧冬瓜,红烧冬瓜,0,未修改
161478,瘦肉冬瓜汤,瘦肉冬瓜汤,0,未修改
161479,两种做法都好吃的口水鸡（二）,两种做法都好吃的口水鸡,1,删除括号说明
161491,健康减肥吃起来番茄金针菇紫菜豆腐蛋花汤,减肥吃起来番茄金针菇紫菜豆腐蛋花汤,1,删除营销定语
161507,清新芦笋炒口蘑🍀✨,清新芦笋炒口蘑,1,删除装饰符号
161508,蒜蓉花甲粉丝,蒜蓉花甲粉丝,0,未修改
161526,超级送饭之（详细）                        腐竹萝卜焖牛腩,送饭之 腐竹萝卜焖牛腩,1,删除括号说明；删除营销定语
161541,角瓜炒火腿肠,角瓜炒火腿肠,0,未修改
161555,酸菜羊肉粉丝,酸菜羊肉粉丝,0,未修改
161572,鲫鱼炖娃娃菜豆腐,鲫鱼炖娃娃菜豆腐,0,未修改
161576,土豆咖喱鸡,土豆咖喱鸡,0,未修改
161578,凉瓜豆豉焖排骨,凉瓜豆豉焖排骨,0,未修改
161603,湘菜馆点单率最高的一道菜—大碗花菜【好这口儿】,湘菜馆点单率最高的一道菜—大碗花菜【好这口儿】,0,未修改
161608,花菜炒鸡蛋,花菜炒鸡蛋,0,未修改
161674,米饭杀手——肉末辣椒炒皮蛋,米饭杀手——肉末辣椒炒皮蛋,0,未修改
161687,番茄肥牛汤,番茄肥牛汤,0,未修改
161691,不辣鱼香版青椒炒鸡蛋,不辣鱼香版青椒炒鸡蛋,0,未修改
161715,西兰花炒乌贼,西兰花炒乌贼,0,未修改
161763,0失败火腿肠炒米粉,0失败火腿肠炒米粉,0,未修改
161794,低油无盐的减肥神器·蒜蓉西兰花,低油无盐的减肥神器·蒜蓉西兰花,0,未修改
161813,美白番茄牛腩汤,美白番茄牛腩汤,0,未修改
161815,毛豆烧鸡腿,毛豆烧鸡腿,0,未修改
161833,双拼小海鲜,双拼小海鲜,0,未修改
161899,素炒香菇,素炒香菇,0,未修改
161926,无油的土豆胡萝卜炖牛肉,土豆胡萝卜炖牛肉,1,删除营销定语
161941,蛤蜊冬瓜汤～青岛小海鲜做法,蛤蜊冬瓜汤～青岛小海鲜做法,0,未修改
161965,红枣猪蹄黄豆汤,红枣猪蹄黄豆汤,0,未修改
161999,番茄土豆烩饭,番茄土豆烩饭,0,未修改
162001,东北菜🥗茄子炖土豆🍆🥔,东北菜茄子炖土豆,1,删除装饰符号
162040,冬瓜玉米排骨汤,冬瓜玉米排骨汤,0,未修改
162051,板栗焖排骨,板栗焖排骨,0,未修改
162052,清炒莴苣,清炒莴苣,0,未修改
162054,蚝油秋葵,蚝油秋葵,0,未修改
162067,西红柿鸡蛋拌面,西红柿鸡蛋拌面,0,未修改
162077,减脂减肥的茄汁龙利鱼豆腐金针菇煲,减肥的茄汁龙利鱼豆腐金针菇煲,1,删除营销定语
162082,大盘鸡+裤带面,大盘鸡+裤带面,0,未修改
162110,老干妈蒸排骨,老干妈蒸排骨,0,未修改
162126,香辣豆腐干,香辣豆腐干,0,未修改
162132,干炸鲜蘑,干炸鲜蘑,0,未修改
162165,好喝不胖，西兰花菌菇虾仁汤,好喝不胖,1,删除宣传后句
162171,超下饭的烧茄子，少油不油炸,烧茄子,1,删除营销定语；删除宣传后句
162174,销魂喼汁豆豉蒸排骨,销魂喼汁豆豉蒸排骨,0,未修改
162223,荷香糯米蒸排骨,荷香糯米蒸排骨,0,未修改
162272,私房小炒圆白菜,私房小炒圆白菜,0,未修改
162275,超级鲜美的角瓜（西葫芦）鸡蛋虾仁汤,鲜美的角瓜鸡蛋虾仁汤,1,删除括号说明；删除营销定语
162286,芹菜炒火腿,芹菜炒火腿,0,未修改
162308,前腿肉还可这样吃|简单，吃出炊鹅的味道,前腿肉还可这样吃|简单,1,删除宣传后句
162383,快炒黄瓜片,快炒黄瓜片,0,未修改
162407,红烩豆腐羹,红烩豆腐羹,0,未修改
162412,清蒸皮皮虾,清蒸皮皮虾,0,未修改
162413,麻辣龙虾尾（简单家庭版）,麻辣龙虾尾,1,删除括号说明
162472,下饭菜凉拌蒜苔,菜凉拌蒜苔,1,删除营销定语
162518,鸡腿菇炒双芥,鸡腿菇炒双芥,0,未修改
162537,粉丝烧牛排,粉丝烧牛排,0,未修改
162543,超简单凉拌鸡丝,凉拌鸡丝,1,删除营销定语
162552,超好吃的香菇黄焖鸡,香菇黄焖鸡,1,删除营销定语
162555,烧椒茄子,烧椒茄子,0,未修改
162577,2分钟快手菜、清炒油菜，活血化瘀、降低血脂,2分钟快手菜、清炒油菜,1,删除宣传后句
162582,泰式炒牛肉片,泰式炒牛肉片,0,未修改
162617,家常| 番茄排骨汤,家常| 番茄排骨汤,0,未修改
162649,萝卜干肉末炒蛋,萝卜干肉末炒蛋,0,未修改
162677,酸菜汆白肉,酸菜汆白肉,0,未修改
162683,蛤蜊丝瓜,蛤蜊丝瓜,0,未修改
162699,红烧鸡翅根,红烧鸡翅根,0,未修改
162705,海味十足的冬瓜海带虾皮汤，超鲜！,海味十足的冬瓜海带虾皮汤,1,删除宣传后句
162715,干煸杏鲍菇这么做能吃3碗米饭！,干煸杏鲍菇这么做能吃3碗米饭,1,删除宣传后句
162734,蒸菜团子,蒸菜团子,0,未修改
162771,😍零失败！👍🏻超下饭糖醋虎皮青椒！,零失败,1,删除宣传后句；删除装饰符号
162784,香芋蒸排骨,香芋蒸排骨,0,未修改
162800,凉拌黄瓜,凉拌黄瓜,0,未修改
162811,肉末粉条 /俗称蚂蚁上树,肉末粉条 /俗称蚂蚁上树,0,未修改
162817,清炒油麦菜,清炒油麦菜,0,未修改
162819,泡菜五花肉,泡菜五花肉,0,未修改
162838,解暑低卡凉菜，三步腌茄子,解暑低卡凉菜,1,删除宣传后句
162853,洋葱青椒肉片💚,洋葱青椒肉片,1,删除装饰符号
162870,豆角炒肉丝,豆角炒肉丝,0,未修改
162879,零失误-青椒炒豆泡,零失误-青椒炒豆泡,0,未修改
162884,辣椒炒香肠（腊肠）,辣椒炒香肠,1,删除括号说明
162961,虎皮青椒（彩椒）,虎皮青椒,1,删除括号说明
162966,沙姜肉末蒸嫩豆腐,沙姜肉末蒸嫩豆腐,0,未修改
162971,清新解腻，你就需要一盘凉拌鸡丝,清新解腻,1,删除宣传后句
163009,肉末土豆泥,肉末土豆泥,0,未修改
163055,韭黄胡萝卜蛋菌饺子,韭黄胡萝卜蛋菌饺子,0,未修改
163067,饭店版🉐️干锅手撕包菜   🈚️鸡精🈚️味精,饭店版️干锅手撕包菜 ️鸡精️味精,1,删除装饰符号
163111,炒米线,炒米线,0,未修改
163157,快手咖喱鸡肉饭,咖喱鸡肉饭,1,删除营销定语
163181,干煸牛肉丝,干煸牛肉丝,0,未修改
163199,血蛤炒春韭,血蛤炒春韭,0,未修改
163207,Easy 超快速面条菜饼,Easy 超快速面条菜饼,0,未修改
163223,薄荷山药粥,薄荷山药粥,0,未修改
163231,蚝油生菜,蚝油生菜,0,未修改
163274,虾仁粉丝煲,虾仁粉丝煲,0,未修改
163307,红烧排骨,红烧排骨,0,未修改
163345,5块钱下饭香煎豆腐【松下分体式饭煲】,5块钱下饭香煎豆腐【松下分体式饭煲】,0,未修改
163352,紫薯木瓜薏米饭（减肥期主食）,紫薯木瓜薏米饭,1,删除括号说明
163357,番茄白玉菇汤,番茄白玉菇汤,0,未修改
163379,黑皮鸡枞菌银耳鸡汤,黑皮鸡枞菌银耳鸡汤,0,未修改
163431,超级快手的西红柿鸡蛋汤,西红柿鸡蛋汤,1,删除营销定语
163440,蒜薹炒肉（快手版）,蒜薹炒肉,1,删除括号说明
163456,媲美渝是乎的老坛酸菜鱼,媲美渝是乎的老坛酸菜鱼,0,未修改
163505,【自用】范志红老师的杂粮饭,自用 范志红老师的杂粮饭,1,展开标题方括号
163515,酱牛肉,酱牛肉,0,未修改
163534,素炒农家香菇,素炒农家香菇,0,未修改
163566,红酒🍷烩牛肋,红酒烩牛肋,1,删除装饰符号
163570,简单好吃茭白胡萝卜肉丝,茭白胡萝卜肉丝,1,删除营销定语
163593,「月澜姐」清蒸鲈鱼 ▏揭秘饭店蒸鱼味道鲜美不腥的诀窍,「月澜姐」清蒸鲈鱼 ▏揭秘饭店蒸鱼味道鲜美不腥的诀窍,0,未修改
163609,农家火腿鲜虾炖豆腐,农家火腿鲜虾炖豆腐,0,未修改
163610,香煎海鲫   超级简单超级美味！,香煎海鲫 超级简单超级美味,1,删除宣传后句
163622,青椒炒鸡（简单+好吃+0失败）,青椒炒鸡,1,删除括号说明
163636,豆角丝炒肉,豆角丝炒肉,0,未修改
163689,减肥必做餐单「西红柿炒蛋」,减肥必做餐单「西红柿炒蛋」,0,未修改
163690,酸甜炒三样,酸甜炒三样,0,未修改
163693,爽口拌木耳,爽口拌木耳,0,未修改
163720,快手家常菜--蒜苔炒肉,家常菜--蒜苔炒肉,1,删除营销定语
163722,荤豆花😊四川家喻户晓的经典菜,荤豆花四川家喻户晓的经典菜,1,删除装饰符号
163751,家常烀茄子,家常烀茄子,0,未修改
163756,熏干青蒜丝,熏干青蒜丝,0,未修改
163760,炒合菜,炒合菜,0,未修改
163763,瑶柱粉丝蒸娃娃菜,瑶柱粉丝蒸娃娃菜,0,未修改
163808,油面筋塞肉,油面筋塞肉,0,未修改
163830,超简单下饭的蒜苗炒香肠,蒜苗炒香肠,1,删除营销定语
163840,米饭杀手菜小炒鸡杂［快厨房］快手菜,米饭杀手菜小炒鸡杂［快厨房］快手菜,0,未修改
163845,炒花菜,炒花菜,0,未修改
163852,孜然爆炒鸭心,孜然爆炒鸭心,0,未修改
163860,红绫炒鸡头米,红绫炒鸡头米,0,未修改
163867,番茄肉末烧豆腐,番茄肉末烧豆腐,0,未修改
163870,辣椒炒鸡蛋-超级下饭、下馒头,辣椒炒鸡蛋-超级下饭、下馒头,0,未修改
163874,下饭菜炒口蘑,菜炒口蘑,1,删除营销定语
163916,咸蛋黄焗鸡翅,咸蛋黄焗鸡翅,0,未修改
163934,炒牛肉嫩滑不柴不硬,炒牛肉嫩滑不柴不硬,0,未修改
163942,【月子餐】蒜蓉生菜,月子餐 蒜蓉生菜,1,展开标题方括号
163964,龙井豆腐,龙井豆腐,0,未修改
163999,109 盐焗鸡,109 盐焗鸡,0,未修改
164017,快手低脂酸汤肥牛全麦面（减脂期也可以吃）,酸汤肥牛全麦面,1,删除括号说明；删除营销定语
164057,简化北非蛋,简化北非蛋,0,未修改
164074,【蒜香蒸虾】有粉丝有金针菇 吃到盘子都刮干净,蒜香蒸虾 有粉丝有金针菇 吃到盘子都刮干净,1,展开标题方括号
164079,快手藕丁,藕丁,1,删除营销定语
164092,萝卜焖牛腩（电饭锅版）,萝卜焖牛腩,1,删除括号说明
164107,双椒牛肉,双椒牛肉,0,未修改
164139,【快手菜】家常时蔬火腿炒面,家常时蔬火腿炒面,1,删除开头标签
164144,泡椒牛蛙,泡椒牛蛙,0,未修改
164161,三色小素炒（夏天的清爽）,三色小素炒,1,删除括号说明
164175,豆花牛肉（青春的回忆）,豆花牛肉,1,删除括号说明
164242,素炒西葫芦,素炒西葫芦,0,未修改
164245,家里的黄焖鸡米饭,家里的黄焖鸡米饭,0,未修改
164338,河虾,河虾,0,未修改
164347,小美版玉米排骨汤,小美版玉米排骨汤,0,未修改
164348,今晚洋葱炒肚丝,今晚洋葱炒肚丝,0,未修改
164352,春笋炒莴笋,春笋炒莴笋,0,未修改
164356,酸梅酱排骨,酸梅酱排骨,0,未修改
164360,西芹百合,西芹百合,0,未修改
164429,简单易做，减脂便当-五   番茄煮牛肉,易做,1,删除营销定语；删除宣传后句
164440,家常飘香下饭菜－肉丁炒双丝（土豆丝＋胡萝卜丝）,家常飘香下饭菜－肉丁炒双丝,1,删除括号说明
164442,排骨扣芸豆,排骨扣芸豆,0,未修改
164459,大葱炒鸡蛋,大葱炒鸡蛋,0,未修改
164491,【沙茶炒猪肉】潮汕家常菜,沙茶炒猪肉 潮汕家常菜,1,展开标题方括号
164497,酱肉陷（炸酱肉馅）,酱肉陷,1,删除括号说明
164504,萝卜干炒毛豆,萝卜干炒毛豆,0,未修改
164565,玉米虾仁,玉米虾仁,0,未修改
164601,菠菜鸭血炒猪肝,菠菜鸭血炒猪肝,0,未修改
164602,彼得海鲜-地道天津名菜-醋溜苜蓿,彼得海鲜-地道天津名菜-醋溜苜蓿,0,未修改
164684,“鱼蛋”｜元气溏心蛋,鱼蛋｜元气溏心蛋,1,未修改
164769,炒杏鲍菇,炒杏鲍菇,0,未修改
164775,黄豆海带炖肉（伊莱特IH土锅）,黄豆海带炖肉,1,删除括号说明
164776,贵州传统辣子鸡,贵州传统辣子鸡,0,未修改
164831,软炸虾仁 简单又好吃的软嫩虾仁做法,软炸虾仁 简单又好吃的软嫩虾仁做法,0,未修改
164855,大蒜炒鸡蛋,大蒜炒鸡蛋,0,未修改
164903,头菜炒饭,头菜炒饭,0,未修改
164923,焖炒章鱼足,焖炒章鱼足,0,未修改
164936,素什锦-夏日凉菜，简单又好吃。,素什锦-夏日凉菜,1,删除宣传后句
164944,豆豉蒸香辣鸡腿,豆豉蒸香辣鸡腿,0,未修改
164955,红烧排骨，味美肉香，特下饭的菜！妈妈的味道！,红烧排骨,1,删除宣传后句
164969,榄菜肉末炒豆粒,榄菜肉末炒豆粒,0,未修改
164996,蒜香腐乳空心菜,蒜香腐乳空心菜,0,未修改
165011,超简单的番茄炒剥皮鱼,番茄炒剥皮鱼,1,删除营销定语
165018,豆腐脑卤,豆腐脑卤,0,未修改
165019,【健康三餐】香喷喷孜然鸡肉闷饭,三餐 香喷喷孜然鸡肉闷饭,1,展开标题方括号；删除营销定语
165039,青椒油渣,青椒油渣,0,未修改
165067,素炒拉皮,素炒拉皮,0,未修改
165073,米饭杀手：茄子煲,米饭杀手：茄子煲,0,未修改
165077,小葱炒鸡蛋,小葱炒鸡蛋,0,未修改
165090,【茄子豆角】非炸版,茄子豆角 非炸版,1,展开标题方括号
165114,素炒豆角沫（自创）,素炒豆角沫,1,删除括号说明
165116,菠萝炒鸡,菠萝炒鸡,0,未修改
165130,【鲲食餐厅】油焖大虾（蒜多多版）,鲲食餐厅 油焖大虾,1,展开标题方括号；删除括号说明
165140,营养美味海带排骨汤,海带排骨汤,1,删除营销定语
165143,红烧羊肉,红烧羊肉,0,未修改
165204,妈妈的家常菜~红皮萝卜炖粉条(绝配),妈妈的家常菜~红皮萝卜炖粉条,1,删除括号说明
165227,Q弹菠菜鱼丸,Q弹菠菜鱼丸,0,未修改
165245,能让你多吃两碗饭的【五花肉酸菜炖粉条】,能让你多吃两碗饭的【五花肉酸菜炖粉条】,0,未修改
165282,湖南小炒肉-加香干版,湖南小炒肉-加香干版,0,未修改
165319,竹笙芋头丝瓜汤,竹笙芋头丝瓜汤,0,未修改
165336,青椒斩蛋,青椒斩蛋,0,未修改
165351,蒜蓉豆豉炒南瓜 软烂,蒜蓉豆豉炒南瓜 软烂,0,未修改
165399,自制海鲜汤,海鲜汤,1,删除营销定语
165400,毛豆鸡丁炒香干,毛豆鸡丁炒香干,0,未修改
165407,青椒炒苦瓜（不苦）,青椒炒苦瓜,1,删除括号说明
165413,超快手青椒爆炒猪肉,青椒爆炒猪肉,1,删除营销定语
165421,无敌下饭的洋葱炒肉片,无敌下饭的洋葱炒肉片,0,未修改
165450,香菇干贝煲豆腐,香菇干贝煲豆腐,0,未修改
165462,鲍鱼焖鸡,鲍鱼焖鸡,0,未修改
165467,炖羊排骨,炖羊排骨,0,未修改
165470,柠香酸甜鸡翅,柠香酸甜鸡翅,0,未修改
165480,娃爱吃的清炒西兰花🥦,娃爱吃的清炒西兰花,1,删除装饰符号
165533,超级下饭菜～辣白菜炒（烤）五花肉～翻新版,菜～辣白菜炒五花肉～翻新版,1,删除括号说明；删除营销定语
165550,家常版红烧鸡块,红烧鸡块,1,删除场景定语
165557,双黑固肾粥（焖烧罐版）,双黑固肾粥,1,删除括号说明
165572,烤龙利鱼,烤龙利鱼,0,未修改
165580,洋葱炒肉,洋葱炒肉,0,未修改
165641,【彼得海鲜】高逼格家常菜之软嫩爽口红烧肉,彼得海鲜 高逼格家常菜之软嫩爽口红烧肉,1,展开标题方括号
165666,XO酱,XO酱,0,未修改
165668,少油又好吃的地三鲜,又好吃的地三鲜,1,删除营销定语
165706,酱爆猪肝,酱爆猪肝,0,未修改
165721,秋冬滋补营养汤，暖胃降燥，家人都爱,秋冬滋补营养汤,1,删除宣传后句
165737,软嫩好嚼的肉酿茄子  宝宝辅食营养食谱菜谱,软嫩好嚼的肉酿茄子 宝宝辅食营养食谱菜谱,1,未修改
165743,白茄子炒豆腐,白茄子炒豆腐,0,未修改
165755,5分钟快速凉拌菜猪耳朵拌黄瓜豆腐皮沙拉,5分钟快速凉拌菜猪耳朵拌黄瓜豆腐皮沙拉,0,未修改
165760,炝拌小白菜,炝拌小白菜,0,未修改
165789,豉椒牛柳,豉椒牛柳,0,未修改
165798,土豆香菇炖鸡腿（伊莱特电炖锅）,土豆香菇炖鸡腿,1,删除括号说明
165864,初学者超详细-凉拌菠菜,初学者超详细-凉拌菠菜,0,未修改
165869,家常牛肉盖饭,家常牛肉盖饭,0,未修改
165894,〈小白菜排骨汤+虾头〉🍤就是鲜，欣小厨 😉,〈小白菜排骨汤+虾头〉就是鲜,1,删除宣传后句；删除装饰符号
165919,【红烧羊肉】秋冬下饭神器！,红烧羊肉 秋冬下饭神器,1,展开标题方括号；删除宣传后句
165927,番茄鸡,番茄鸡,0,未修改
165939,豆豉蒸排骨,豆豉蒸排骨,0,未修改
165947,㊙️家常菜‼️笋干炒腊肠‼️超级下饭,㊙️家常菜‼️笋干炒腊肠‼️超级下饭,0,未修改
165949,糖醋虎皮辣椒,糖醋虎皮辣椒,0,未修改
165952,自发豆芽,自发豆芽,0,未修改
165998,3分钟辣酱炒绿菜(超下粥),3分钟辣酱炒绿菜,1,删除括号说明
165999,葱油鸡,葱油鸡,0,未修改
166003,土豆炒肉片，多少米饭都不够,土豆炒肉片,1,删除宣传后句
166006,蒜爆鲶鱼片,蒜爆鲶鱼片,0,未修改
166063,营养又美味的梅菜炒蚕豆,又美味的梅菜炒蚕豆,1,删除营销定语
166109,烧芸豆,烧芸豆,0,未修改
166143,家常菜～莴苣叶炒豆腐,家常菜～莴苣叶炒豆腐,0,未修改
166202,适合新手简单的家常水煮鱼片不辣版本,适合新手简单的家常水煮鱼片不辣版本,0,未修改
166215,萝卜丝炒牛肉,萝卜丝炒牛肉,0,未修改
166220,香煎龙利鱼（巴沙鱼）,香煎龙利鱼,1,删除括号说明
166233,油豆角土豆烧五花肉,油豆角土豆烧五花肉,0,未修改
166239,咸蛋芥菜汤,咸蛋芥菜汤,0,未修改
166241,西蓝花虾仁蒸蛋,西蓝花虾仁蒸蛋,0,未修改
166247,家常红烧肉,家常红烧肉,0,未修改
166252,鱼糕炒双菇,鱼糕炒双菇,0,未修改
166281,梭子蟹菌菇腊肠煲饭,梭子蟹菌菇腊肠煲饭,0,未修改
166283,好吃下饭✔延吉辣白菜炒土豆片,延吉辣白菜炒土豆片,1,删除营销定语；删除装饰符号
166299,牛肉末炒青红椒,牛肉末炒青红椒,0,未修改
166317,醋溜白菜🥬,醋溜白菜,1,删除装饰符号
166323,木耳西芹炒百合,木耳西芹炒百合,0,未修改
166325,贝贝瓜紫苏豆豉蒸排骨,贝贝瓜紫苏豆豉蒸排骨,0,未修改
166333,荠菜豆腐羹,荠菜豆腐羹,0,未修改
166334,香菜爆炒鸡胗,香菜爆炒鸡胗,0,未修改
166341,芹菜胡萝卜不烂子,芹菜胡萝卜不烂子,0,未修改
166355,茶树菇烧豆腐,茶树菇烧豆腐,0,未修改
166384,南北杏煲苹果（伊莱特能量土锅）,南北杏煲苹果,1,删除括号说明
166390,照烧鸡胸肉盖饭,照烧鸡胸肉盖饭,0,未修改
166439,鸡腿菇炒肉糜,鸡腿菇炒肉糜,0,未修改
166486,豆腐粒炒肉末,豆腐粒炒肉末,0,未修改
166500,两人食之腌菜-拌莴笋,两人食之腌菜-拌莴笋,0,未修改
166549,低卡金枪鱼圆白菜炒饭（减脂餐）,低卡金枪鱼圆白菜炒饭,1,删除括号说明
166576,脆爽入味不油腻的干锅花菜,脆爽入味不油腻的干锅花菜,0,未修改
166578,青椒炒玉米,青椒炒玉米,0,未修改
166611,刷脂伴侣鸡胸肉纤维饼,刷脂伴侣鸡胸肉纤维饼,0,未修改
166642,豉油鸡翅,豉油鸡翅,0,未修改
166645,来一碗红虾时蔬面吧，唤醒你的早晨时光🔆,来一碗红虾时蔬面吧,1,删除宣传后句
166652,零失误冬日酸萝卜老鸭白萝卜汤,零失误冬日酸萝卜老鸭白萝卜汤,0,未修改
166738,浓汤白菜豆腐煲,浓汤白菜豆腐煲,0,未修改
166754,番茄鸡蛋遇上毛豆稀饭,番茄鸡蛋遇上毛豆稀饭,0,未修改
166756,管不住嘴的减肥美食：三色藜麦汤泡饭,管不住嘴的减肥美食：三色藜麦汤泡饭,0,未修改
166788,超快手且鲜掉眉毛的“肉片鸡纵菌菇汤”,且鲜掉眉毛的肉片鸡纵菌菇汤,1,删除营销定语
166856,蒿子秆炒鸡柳,蒿子秆炒鸡柳,0,未修改
166862,芥兰炒牛肉,芥兰炒牛肉,0,未修改
166886,丘比凯撒沙拉🥗,丘比凯撒沙拉,1,删除装饰符号
166888,炸胡萝卜肉丸子,炸胡萝卜肉丸子,0,未修改
166951,红烧海鱼/马鲛鱼,红烧海鱼/马鲛鱼,0,未修改
167012,白切羊肉,白切羊肉,0,未修改
167069,爆炒螺丝,爆炒螺丝,0,未修改
167082,萝卜牛尾汤,萝卜牛尾汤,0,未修改
167085,青椒炒茄子,青椒炒茄子,0,未修改
167087,家常西红柿炖牛肉,家常西红柿炖牛肉,0,未修改
167102,简版 肉蟹煲(加鸡爪),简版 肉蟹煲,1,删除括号说明
167147,独特搭配--豆豉鲮鱼油麦菜,独特搭配--豆豉鲮鱼油麦菜,0,未修改
167167,教你如何做根根分明的蒸胡萝卜丝,教你如何做根根分明的蒸胡萝卜丝,0,未修改
167168,豆芽炒鸡蛋,豆芽炒鸡蛋,0,未修改
167323,酸笋炒肉,酸笋炒肉,0,未修改
167328,油浸金枪鱼,油浸金枪鱼,0,未修改
167332,酸萝卜老鸭汤,酸萝卜老鸭汤,0,未修改
167355,小白尝试土豆茄子炖豆角,小白尝试土豆茄子炖豆角,0,未修改
167431,白灼芦笋,白灼芦笋,0,未修改
167459,笋丁大葱猪肉包子,笋丁大葱猪肉包子,0,未修改
167470,无油豌豆肉沫焖饭,豌豆肉沫焖饭,1,删除营销定语
167474,包心菜炒五花肉,包心菜炒五花肉,0,未修改
167492,自制简单美味鲜虾蔬菜豆腐汤,鲜虾蔬菜豆腐汤,1,删除营销定语
167529,醋溜包菜,醋溜包菜,0,未修改
167577,秋季进补小清新之竹荪椰子鸡汤,秋季进补小清新之竹荪椰子鸡汤,0,未修改
167581,西红柿鸡蛋汤（羹）,西红柿鸡蛋汤,1,删除括号说明
167594,土豆蒸排骨（豆豉版）,土豆蒸排骨,1,删除括号说明
167599,回锅鸡蛋,回锅鸡蛋,0,未修改
167635,梅干菜烧排骨,梅干菜烧排骨,0,未修改
167643,灰常简单的家常花蛤粉,灰常简单的家常花蛤粉,0,未修改
167726,✅第24道低卡减脂菜✨清脆爽口的凉拌菠菜木耳🌿,第24道低卡减脂菜清脆爽口的凉拌菠菜木耳,1,删除装饰符号
167741,麻辣鸡丝,麻辣鸡丝,0,未修改
167750,海胆蒸水蛋,海胆蒸水蛋,0,未修改
167776,莴笋炒鸡蛋（宝宝辅食12+）,莴笋炒鸡蛋,1,删除括号说明
167827,纯素 素食简餐 低脂低卡瘦身 西兰花红萝卜杂菜 电饭锅焗番薯,纯素 素食简餐 低脂低卡瘦身 西兰花红萝卜杂菜 电饭锅焗番薯,0,未修改
167835,胡萝卜土豆炖排骨｜玛捷斯,胡萝卜土豆炖排骨｜玛捷斯,0,未修改
167869,老唐醋溜白菜,老唐醋溜白菜,0,未修改
167873,简单好做的台式卤肉饭（油葱酥必不可少）,好做的台式卤肉饭,1,删除括号说明；删除营销定语
167894,肉夹馍里的那些红烧肉,肉夹馍里的那些红烧肉,0,未修改
167896,炸肉丸,炸肉丸,0,未修改
167902,蒸鱼,蒸鱼,0,未修改
167910,香菇炖鸡,香菇炖鸡,0,未修改
167915,咸鱼蒸肉饼,咸鱼蒸肉饼,0,未修改
167936,虎皮尖椒,虎皮尖椒,0,未修改
167953,五杯鸭翼,五杯鸭翼,0,未修改
167963,酸菜鱼,酸菜鱼,0,未修改
168006,清淡味蕾-白菜豆腐煲,味蕾-白菜豆腐煲,1,删除营销定语
168009,酸菜炒鸭胗,酸菜炒鸭胗,0,未修改
168077,西芹炒口蘑,西芹炒口蘑,0,未修改
168115,蒜泥白肉（好吃不腻有秘诀！）,蒜泥白肉,1,删除括号说明
168124,酱爆鸡丁,酱爆鸡丁,0,未修改
168132,【铁工房】奶奶的味道～干黄豆炒肉,铁工房 奶奶的味道～干黄豆炒肉,1,展开标题方括号
168133,蚕豆米炒鸡蛋肉松,蚕豆米炒鸡蛋肉松,0,未修改
168150,砂锅白菜虾，鲜掉眉毛。,砂锅白菜虾,1,删除宣传后句
168173,一道家常炒芸豆,一道家常炒芸豆,0,未修改
168181,韩式泡菜汤,韩式泡菜汤,0,未修改
168182,豆豉炒苦瓜,豆豉炒苦瓜,0,未修改
168205,家常·韩式拌饭,家常·韩式拌饭,0,未修改
168210,大甜葱炒鸡蛋（3分钟快手菜）,大甜葱炒鸡蛋,1,删除括号说明
168248,清炒楠竹笋,清炒楠竹笋,0,未修改
168273,茄子豆腐砂锅煲,茄子豆腐砂锅煲,0,未修改
168275,炒韭菜苔（墨鱼仔鸡蛋韭菜梗）,炒韭菜苔,1,删除括号说明
168338,清淡凉拌菜,凉拌菜,1,删除营销定语
168344,妈妈的菜谱之蒜香肉末豆角,妈妈的菜谱之蒜香肉末豆角,0,未修改
168351,青椒炒猪肝,青椒炒猪肝,0,未修改
168356,豆芽炒干豆腐,豆芽炒干豆腐,0,未修改
168359,你一定好奇它的味道，教你在家做“赛螃蟹”！,你一定好奇它的味道,1,删除宣传后句
168376,春笋烧鸡,春笋烧鸡,0,未修改
168417,双椒炒魔芋,双椒炒魔芋,0,未修改
168428,健康营养快手菜--紫菜塌蛋,菜--紫菜塌蛋,1,删除营销定语
168433,烧猪骨煲萝卜干粥,烧猪骨煲萝卜干粥,0,未修改
168497,鲜的掉牙的冬瓜汤,鲜的掉牙的冬瓜汤,0,未修改
168519,炒鸡香青椒牛肉,炒鸡香青椒牛肉,0,未修改
168536,豆角（扁豆）蒜苔（蒜苗）炒鸡蛋，下饭菜,豆角蒜苔炒鸡蛋,1,删除括号说明；删除宣传后句
168544,炒rose系列：肉丝炒蒜苔,炒rose系列：肉丝炒蒜苔,0,未修改
168579,❗酱香浓郁❗家常美味❗肉质嫩滑❗酱爆鸡丁这样做出来的鸡胸肉不会柴,酱香浓郁家常美味肉质嫩滑酱爆鸡丁,1,删除说明性后缀；删除装饰符号
168586,洋葱炒鱿鱼（超鲜又好做的家常菜）,洋葱炒鱿鱼,1,删除括号说明
168647,辣子鸡丁,辣子鸡丁,0,未修改
168655,夏日靓汤之海带排骨汤（电高压锅版）,夏日靓汤之海带排骨汤,1,删除括号说明
168666,改良版吮指糖醋排骨和鲜的要命的海带汤，同时出锅,改良版吮指糖醋排骨和鲜的要命的海带汤,1,删除宣传后句
168687,辣鱼,辣鱼,0,未修改
168715,【清蒸比目鱼/石斑鱼/鲑鱼/黄鱼/鲈鱼】嫩滑无比❗️,清蒸比目鱼/石斑鱼/鲑鱼/黄鱼/鲈鱼 嫩滑无比️,1,展开标题方括号；删除装饰符号
168720,香甜玉米烙,香甜玉米烙,0,未修改
168761,油泼茄子-橘丽丝的夏天,油泼茄子-橘丽丝的夏天,0,未修改
168813,只加油盐的白菜豆腐汤,只加油盐的白菜豆腐汤,0,未修改
168816,柱侯酱炖黄鱼、红烧黄鱼,柱侯酱炖黄鱼、红烧黄鱼,0,未修改
168832,螃蟹粥,螃蟹粥,0,未修改
168851,牛肉溜荷兰豆,牛肉溜荷兰豆,0,未修改
168924,咸肉蒸大闸蟹,咸肉蒸大闸蟹,0,未修改
168946,剁椒炒西葫芦,剁椒炒西葫芦,0,未修改
168954,辣烧黄牙鱼,辣烧黄牙鱼,0,未修改
168965,媲美饭店的家常 青椒鸡（详细到包你会）,媲美饭店的家常 青椒鸡,1,删除括号说明
168977,番茄金针菇肥牛,番茄金针菇肥牛,0,未修改
169001,茶香排骨,茶香排骨,0,未修改
169004,番茄丝瓜菌菇汤✅低脂低卡，十分钟快手菜,番茄丝瓜菌菇汤低脂低卡,1,删除宣传后句；删除装饰符号
169064,豆芽的两种吃法（二）家常小炒,豆芽的两种吃法家常小炒,1,删除括号说明
169065,番茄丝瓜豆腐汤,番茄丝瓜豆腐汤,0,未修改
169107,家常焖鸡块油豆腐,家常焖鸡块油豆腐,0,未修改
169135,香椿两吃（油泼香椿+香椿鸡蛋饼）,香椿两吃,1,删除括号说明
169181,茄汁菜花(营养减脂),茄汁菜花,1,删除括号说明
169196,土豆洋葱鸡翅汤,土豆洋葱鸡翅汤,0,未修改
169237,清蒸石斑鱼（海鲜系列五）,清蒸石斑鱼,1,删除括号说明
169275,豆浆渣炒蛋,豆浆渣炒蛋,0,未修改
169327,超辣的泡椒香菜炒牛肉,辣的泡椒香菜炒牛肉,1,删除营销定语
169375,南瓜蔬菜汤,南瓜蔬菜汤,0,未修改
169386,花生芝麻酱,花生芝麻酱,0,未修改
169389,浇汁油麦菜,浇汁油麦菜,0,未修改
169417,芦笋虾仁,芦笋虾仁,0,未修改
169425,金猫咪食堂-泥猛豆腐汤,金猫咪食堂-泥猛豆腐汤,0,未修改
169438,草鱼,草鱼,0,未修改
169450,苦瓜炒牛肉,苦瓜炒牛肉,0,未修改
169458,虾仁炒冬瓜,虾仁炒冬瓜,0,未修改
169462,腐竹烧肉,腐竹烧肉,0,未修改
169504,炒石螺,炒石螺,0,未修改
169511,番茄丸子汤,番茄丸子汤,0,未修改
169535,抱子甘蓝培根意面,抱子甘蓝培根意面,0,未修改
169564,🔥辣炒花蛤🔥,辣炒花蛤,1,删除装饰符号
169604,酸菜粉汆白肉,酸菜粉汆白肉,0,未修改
169615,萝卜豆腐丸子汤,萝卜豆腐丸子汤,0,未修改
169638,炒三色青豆玉米胡萝卜,炒三色青豆玉米胡萝卜,0,未修改
169642,夏日蔬菜蛤蜊汤,夏日蔬菜蛤蜊汤,0,未修改
169644,秒杀餐馆的土豆炖鸡肉丸,秒杀餐馆的土豆炖鸡肉丸,0,未修改
169673,日式关东煮,日式关东煮,0,未修改
169701,白菜木耳炖豆腐,白菜木耳炖豆腐,0,未修改
169703,莲藕炒瘦肉🌟加肉炒比素炒更好吃哟,莲藕炒瘦肉加肉炒比素炒更好吃哟,1,删除装饰符号
169707,冬日里的萝卜丝汤,冬日里的萝卜丝汤,0,未修改
169714,加了它，炒土豆丝惊艳了超好吃,加了它,1,删除宣传后句
169760,清蒸多宝鱼,清蒸多宝鱼,0,未修改
169776,蒜蓉生菜,蒜蓉生菜,0,未修改
169780,白灼基围虾简单易学，鲜！,白灼基围虾简单易学,1,删除宣传后句
169801,白菜炖豆腐🥬,白菜炖豆腐,1,删除装饰符号
169854,豆腐丸子烩豆腐,豆腐丸子烩豆腐,0,未修改
169904,馋哭邻居的飘香山药炖牛肉,馋哭邻居的飘香山药炖牛肉,0,未修改
169906,香菇菠菜蛋花汤+番茄紫菜（超简单）,香菇菠菜蛋花汤+番茄紫菜,1,删除括号说明
169957,红烧土豆,红烧土豆,0,未修改
169958,减脂期也可以快乐吃的低脂无油鸡米花,期也可以快乐吃的低脂无油鸡米花,1,删除营销定语
169969,凉拌皮蛋,凉拌皮蛋,0,未修改
169981,家常小炒菜花（去除农药残留小妙招）,家常小炒菜花,1,删除括号说明
169990,黄瓜炒鸡蛋,黄瓜炒鸡蛋,0,未修改
170029,饭渣宝宝也爱的青菜香菇瘦肉粥,饭渣宝宝也爱的青菜香菇瘦肉粥,0,未修改
170067,白灼西兰花（减肥）,白灼西兰花,1,删除括号说明
170105,事事如意,事事如意,0,未修改
170144,韭菜苔·虾皮鸡蛋,韭菜苔·虾皮鸡蛋,0,未修改
170154,超级下饭秘制红烧肉,红烧肉,1,删除营销定语
170180,清炒芍尖,清炒芍尖,0,未修改
170218,青椒肥牛卷,青椒肥牛卷,0,未修改
170223,食肉兽的快乐！（生酮keto）低碳者都吃点啥-超低碳水&高油脂肪！生酮脂肪炸弹沙拉！有酸奶油和咸蛋黄的沙拉！营养全面均衡&超级美味&简单快手&适合懒人上班族&高饱腹感一碗管饱&低碳断糖超级友好,食肉兽的快乐,1,删除括号说明；删除宣传后句
170234,酸辣开胃金汤肥牛,酸辣开胃金汤肥牛,0,未修改
170240,骨汤罗宋汤,骨汤罗宋汤,0,未修改
170271,上海菜饭,上海菜饭,0,未修改
170284,油醋鸡丝,油醋鸡丝,0,未修改
170294,快手减肥餐-魔芋丝合集,减肥餐-魔芋丝合集,1,删除营销定语
170298,五花肉炒豆腐,五花肉炒豆腐,0,未修改
170357,❣️无敌下饭的❗️肉末豆角❗️简单三步完成,️无敌下饭的️肉末豆角️简单三步完成,1,删除装饰符号
170364,家常版清蒸梭子蟹，用料简单,清蒸梭子蟹,1,删除场景定语；删除宣传后句
170415,香菇炒娃娃菜,香菇炒娃娃菜,0,未修改
170425,黑胡椒杏鲍菇牛肉粒,黑胡椒杏鲍菇牛肉粒,0,未修改
170430,葱油蘑菇蒸鸡腿儿,葱油蘑菇蒸鸡腿儿,0,未修改
170443,茄汁土豆泥,茄汁土豆泥,0,未修改
170459,忆儿时味道•小葱炖蛋,忆儿时味道•小葱炖蛋,0,未修改
170462,兰州拉面,兰州拉面,0,未修改
170463,红烧小鸡腿！下饭必备家常菜,红烧小鸡腿,1,删除宣传后句
170467,酸菜白肉,酸菜白肉,0,未修改
170548,春季食谱～香椿摊鸡蛋,春季食谱～香椿摊鸡蛋,0,未修改
170575,胡萝卜炒鸡胸肉,胡萝卜炒鸡胸肉,0,未修改
170594,蒜蓉蛏子蒸粉丝,蒜蓉蛏子蒸粉丝,0,未修改
170600,酸萝卜丝炒胡豆,酸萝卜丝炒胡豆,0,未修改
170610,鱼香杏鲍菇,鱼香杏鲍菇,0,未修改
170614,彩虹疙瘩面,彩虹疙瘩面,0,未修改
170636,香煎龙利鱼,香煎龙利鱼,0,未修改
170640,醋溜木须,醋溜木须,0,未修改
170739,十一幸福炒饭,十一幸福炒饭,0,未修改
170749,开胃浓郁番茄豆腐汤,开胃浓郁番茄豆腐汤,0,未修改
170764,豆豉爆炒有机花菜,豆豉爆炒有机花菜,0,未修改
170801,好吃的家常土豆片,家常土豆片,1,删除营销定语
170897,韭菜炒豆干,韭菜炒豆干,0,未修改
170906,【葱油拌面】简单又不浪费的全葱版,葱油拌面 简单又不浪费的全葱版,1,展开标题方括号
170918,黄瓜钱炒土豆干,黄瓜钱炒土豆干,0,未修改
170933,鸡块土豆焖饭,鸡块土豆焖饭,0,未修改
170939,小炒掌中宝（鸡膝软骨）,小炒掌中宝,1,删除括号说明
170948,杏鲍菇杂酱,杏鲍菇杂酱,0,未修改
170975,【汐汐家常】简单可口·西红柿拌面,可口·西红柿拌面,1,删除开头标签；删除营销定语
170984,白菜豆腐炖粉条（鲜掉眉毛）,白菜豆腐炖粉条,1,删除括号说明
171022,鸡蛋软饼,鸡蛋软饼,0,未修改
171034,腊肉煲仔饭,腊肉煲仔饭,0,未修改
171035,🔥比肉还要好吃的素菜——清炒丝瓜🔥,比肉还要好吃的素菜——清炒丝瓜,1,删除装饰符号
171052,虾仁🍤鲜肉大云吞,虾仁鲜肉大云吞,1,删除装饰符号
171060,鲜美下饭的番茄烧豆腐,鲜美下饭的番茄烧豆腐,0,未修改
171084,酸菜五花肉,酸菜五花肉,0,未修改
171086,蒜薹木耳炒肉丝（懒人版）,蒜薹木耳炒肉丝,1,删除括号说明
171117,家常红烧素鸡，简单又下饭,家常红烧素鸡,1,删除宣传后句
171138,豌豆鸡丁,豌豆鸡丁,0,未修改
171163,巨好吃的！香喷喷热腾腾的腊肉炒饭,！香喷喷热腾腾的腊肉炒饭,1,删除营销定语
171192,好吃的手撕包菜，口感爽脆不生，超级下饭菜，5分钟搞定,手撕包菜,1,删除营销定语；删除宣传后句
171205,蔬菜什锦肉片烩,蔬菜什锦肉片烩,0,未修改
171217,鲜的掉眉毛的神仙鲫鱼汤,鲜的掉眉毛的神仙鲫鱼汤,0,未修改
171218,杂鱼煲,杂鱼煲,0,未修改
171237,沙茶牛肉炒空心菜,沙茶牛肉炒空心菜,0,未修改
171247,蒜蓉粉丝蒸扇贝,蒜蓉粉丝蒸扇贝,0,未修改
171261,荷兰豆炒火腿肠|我偷偷想你的时候，你才是我的,荷兰豆炒火腿肠|我偷偷想你的时候,1,删除宣传后句
171263,不费油的炒茄子🍆,不费油的炒茄子,1,删除装饰符号
171274,花菜,花菜,0,未修改
171304,比肉好吃的红烧茄子,比肉好吃的红烧茄子,0,未修改
171312,焖制入味的基础牛腩,焖制入味的基础牛腩,0,未修改
171369,炒四季豆丝土豆丝,炒四季豆丝土豆丝,0,未修改
171374,春笋炒腊肉,春笋炒腊肉,0,未修改
171377,蒜薹鸭肉,蒜薹鸭肉,0,未修改
171397,冬瓜毛豆炒蘑菇,冬瓜毛豆炒蘑菇,0,未修改
171399,瘦肉白贝粥,瘦肉白贝粥,0,未修改
171451,皱皮辣椒炒肉,皱皮辣椒炒肉,0,未修改
171469,鱼香茄子（少油鱼罐头版）,鱼香茄子,1,删除括号说明
171491,西葫芦炒豆腐,西葫芦炒豆腐,0,未修改
171538,泡椒酸萝卜炒肉片,泡椒酸萝卜炒肉片,0,未修改
171578,煎辣椒「下饭菜」,煎辣椒「下饭菜」,0,未修改
171579,瘦身必备～杂蔬鸡胸肉豆皮卷,瘦身必备～杂蔬鸡胸肉豆皮卷,0,未修改
171583,【低脂菜】花甲粉丝煲,菜 花甲粉丝煲,1,展开标题方括号；删除营销定语
171598,蒜蓉蒸茄子,蒜蓉蒸茄子,0,未修改
171623,凉拌鲫鱼——椿芽版,凉拌鲫鱼——椿芽版,0,未修改
171653,腊肠豆角,腊肠豆角,0,未修改
171670,超级美味的健身人士专享减脂五彩馄饨,健身人士专享减脂五彩馄饨,1,删除营销定语
171672,最好吃的蒜蓉粉丝蒸扇贝,最好吃的蒜蓉粉丝蒸扇贝,0,未修改
171694,胡萝卜苹果排骨汤丨清热润燥，全家人都爱喝。,胡萝卜苹果排骨汤丨清热润燥,1,删除宣传后句
171711,食补原汁原味的天麻老母鸡汤,食补原汁原味的天麻老母鸡汤,0,未修改
171738,麻油鸡,麻油鸡,0,未修改
171767,简易家庭版懒人阿胶糕,简易家庭版懒人阿胶糕,0,未修改
171791,爽口酸辣瓜条,爽口酸辣瓜条,0,未修改
171797,扁豆焖面,扁豆焖面,0,未修改
171819,清炒红苋菜（简单菜也有窍门，一看就明白）,清炒红苋菜,1,删除括号说明
171845,葱爆熏豆干丝,葱爆熏豆干丝,0,未修改
171892,小鸡腿儿快手乱炖,小鸡腿儿快手乱炖,0,未修改
171893,通菜炒牛肉,通菜炒牛肉,0,未修改
171913,韭菜炒豆干,韭菜炒豆干,0,未修改
171926,日式蜜汁照烧鸡翅根（好吃到吮指～）,日式蜜汁照烧鸡翅根,1,删除括号说明
171931,牛肉番茄土豆胡萝卜,牛肉番茄土豆胡萝卜,0,未修改
171952,一碗汁五分钟搞定油焖大虾,一碗汁五分钟搞定油焖大虾,0,未修改
171954,双鱿炒猪肚,双鱿炒猪肚,0,未修改
171961,鲜猴头菇虫草花鸡汤,鲜猴头菇虫草花鸡汤,0,未修改
171979,白玉豆腐新吃法老少兼宜,白玉豆腐新吃法老少兼宜,0,未修改
171983,好吃不过一碗鳗鱼饭，万能自制照烧汁，照烧鳗鱼,不过一碗鳗鱼饭,1,删除营销定语；删除宣传后句
172011,豆芽炒韭菜,豆芽炒韭菜,0,未修改
172015,洋葱炒蛋,洋葱炒蛋,0,未修改
172171,家常红烧黄花鱼（快手）,家常红烧黄花鱼,1,删除括号说明
172189,西葫芦胡萝卜炒蛋,西葫芦胡萝卜炒蛋,0,未修改
172192,五花肉烧油豆腐,五花肉烧油豆腐,0,未修改
172222,葱油三黄鸡（超嫩）,葱油三黄鸡,1,删除括号说明
172247,青椒爆猪心  营养丰富超下饭,青椒爆猪心 营养丰富超下饭,1,未修改
172255,素炒大白菜也能登大雅之堂,素炒大白菜也能登大雅之堂,0,未修改
172347,西红柿焖土豆,西红柿焖土豆,0,未修改
172363,爆炒鸡胗（香辣版）,爆炒鸡胗,1,删除括号说明
172364,简单营养素水饺,素水饺,1,删除营销定语
172411,洋葱炒肥牛,洋葱炒肥牛,0,未修改
172412,做一个水嫩不油腻的完美煎蛋🍳（超详细版）,做一个水嫩不油腻的完美煎蛋,1,删除括号说明；删除装饰符号
172426,土豆胡萝卜西红柿炖牛肉,土豆胡萝卜西红柿炖牛肉,0,未修改
172444,番茄虾米蛋花汤,番茄虾米蛋花汤,0,未修改
172445,酱烧日本豆腐,酱烧日本豆腐,0,未修改
172448,番茄牛腩汤,番茄牛腩汤,0,未修改
172492,需要你的赞，家常焖刀鱼,需要你的赞,1,删除宣传后句
172524,快手回锅肉,回锅肉,1,删除营销定语
172540,尖椒鸟贝,尖椒鸟贝,0,未修改
172568,爆炒墨鱼仔,爆炒墨鱼仔,0,未修改
172594,咸蛋黄肉沫水蒸蛋,咸蛋黄肉沫水蒸蛋,0,未修改
172626,咸鲜味美红烧鲅鱼,咸鲜味美红烧鲅鱼,0,未修改
172627,肉沫蒸蛋（➕芝士版🧀）,肉沫蒸蛋,1,删除括号说明
172635,土豆芸豆炖牛肉,土豆芸豆炖牛肉,0,未修改
172670,蒜蓉西兰花配小章鱼香肠,蒜蓉西兰花配小章鱼香肠,0,未修改
172702,彩虹蔬菜杂炒（胡萝卜木耳马蹄苹果坚果混炒）,彩虹蔬菜杂炒,1,删除括号说明
172706,蒜苔炒肉（肉肉超嫩）,蒜苔炒肉,1,删除括号说明
172729,莴笋炒肉,莴笋炒肉,0,未修改
172732,葱花炒鸡蛋,葱花炒鸡蛋,0,未修改
172785,小美·香菇炒毛豆,小美·香菇炒毛豆,0,未修改
172848,香辣肉末豆腐「轻松上手，下饭一绝」,香辣肉末豆腐「轻松上手,1,删除宣传后句
172863,木耳洋葱炒肉（木耳炒肉）,木耳洋葱炒肉,1,删除括号说明
172891,木棉花猪骨祛湿汤,木棉花猪骨祛湿汤,0,未修改
172895,少油版蒜香茄子🍆,版蒜香茄子,1,删除营销定语；删除装饰符号
172935,大葱炒鸡蛋,大葱炒鸡蛋,0,未修改
172998,啤酒焖鸡翅,啤酒焖鸡翅,0,未修改
173011,巴沙鱼炒黄瓜黑木耳,巴沙鱼炒黄瓜黑木耳,0,未修改
173017,蒜泥白灼菜心,蒜泥白灼菜心,0,未修改
173028,酱香小炒牛肉,酱香小炒牛肉,0,未修改
173070,南瓜粥|能量早餐,南瓜粥|能量早餐,0,未修改
173085,鲜嫩清香的紫菜丸子冬瓜汤,鲜嫩清香的紫菜丸子冬瓜汤,0,未修改
173233,超级家常快手的土豆韭菜炒瘦肉,家常快手的土豆韭菜炒瘦肉,1,删除营销定语
173253,低脂美味💡五香豆腐,五香豆腐,1,删除营销定语；删除装饰符号
173269,家常版烤鱼,烤鱼,1,删除场景定语
173278,番茄洋葱炒牛肉（超级嫩！）,番茄洋葱炒牛肉,1,删除括号说明
173285,矜宸•泡椒鸡杂,矜宸•泡椒鸡杂,0,未修改
173288,粉蒸豆角,粉蒸豆角,0,未修改
173304,红烧鸡块——你值得拥有,红烧鸡块——你值得拥有,0,未修改
173314,缤纷果蔬炒（小白也能做好）,缤纷果蔬炒,1,删除括号说明
173316,豆豉杭椒炒牛肚,豆豉杭椒炒牛肚,0,未修改
173320,湖南蒸鱼,湖南蒸鱼,0,未修改
173324,青椒洋葱嫩炒猪肝🐖Stir Fried Pork Liver,青椒洋葱嫩炒猪肝Stir Fried Pork Liver,1,删除装饰符号
173348,板栗比鸡好吃的板栗烧鸡,板栗比鸡好吃的板栗烧鸡,0,未修改
173367,简单易做摆盘超好看的油豆腐酿肉,易做摆盘超好看的油豆腐酿肉,1,删除营销定语
173369,豆豉剁椒蒸排骨,豆豉剁椒蒸排骨,0,未修改
173385,＃素食＃秘制鲜山药汤,＃素食＃秘制鲜山药汤,0,未修改
173423,低脂版非油炸麦乐鸡块|鸡胸肉的花式吃法,版非油炸麦乐鸡块|鸡胸肉的花式吃法,1,删除营销定语
173460,红薯🍠炖猪肉,红薯炖猪肉,1,删除装饰符号
173491,自制蜜枣,蜜枣,1,删除营销定语
173506,番茄乌鱼片,番茄乌鱼片,0,未修改
173547,红烧鸡块 焖烧,红烧鸡块 焖烧,0,未修改
173559,梅菜笋丝青豆蒸牛肉,梅菜笋丝青豆蒸牛肉,0,未修改
173586,鲜美的黄鱼萝卜汤,鲜美的黄鱼萝卜汤,0,未修改
173608,萝卜丝汤,萝卜丝汤,0,未修改
173643,番茄烧豆腐,番茄烧豆腐,0,未修改
173667,番茄砂锅鱼(两人鱼),番茄砂锅鱼,1,删除括号说明
173674,美味下饭菜——酱香虾尾🦐,菜——酱香虾尾,1,删除营销定语；删除装饰符号
173684,清炒油麦菜,清炒油麦菜,0,未修改
173686,青椒炒香肠,青椒炒香肠,0,未修改
173740,辣椒炒豆腐,辣椒炒豆腐,0,未修改
173746,一滴虾油不舍得浪费的油焖红虾,一滴虾油不舍得浪费的油焖红虾,0,未修改
173757,蒜蓉油麦菜炒年糕,蒜蓉油麦菜炒年糕,0,未修改
173775,炒吞拿鱼彩椒蘑菇藜麦燕麦米,炒吞拿鱼彩椒蘑菇藜麦燕麦米,0,未修改
173786,菠菜粉丝,菠菜粉丝,0,未修改
173794,麻酱烧饼,麻酱烧饼,0,未修改
173806,尖椒土豆丝,尖椒土豆丝,0,未修改
173831,家常宫爆鸡丁,家常宫爆鸡丁,0,未修改
173836,炝炒土豆丝,炝炒土豆丝,0,未修改
173941,香辣干锅大虾【家常菜】,香辣干锅大虾【家常菜】,0,未修改
173942,玉米莲藕排骨汤——满楼道飘香啊,玉米莲藕排骨汤——满楼道飘香啊,0,未修改
173956,香辣鸡翅,香辣鸡翅,0,未修改
173969,清肺补钙的海螺炒荷兰豆,清肺补钙的海螺炒荷兰豆,0,未修改
173994,粗粮版简单改良美龄粥,粗粮版简单改良美龄粥,0,未修改
174014,番茄土豆肉丸汤,番茄土豆肉丸汤,0,未修改
174100,豆角炒腊肠,豆角炒腊肠,0,未修改
174125,溜肉段,溜肉段,0,未修改
174152,鲜到掉眉毛的面拖蟹,鲜到掉眉毛的面拖蟹,0,未修改
174188,把子肉,把子肉,0,未修改
174209,猪肉豆腐丸子,猪肉豆腐丸子,0,未修改
174226,凉拌藕丁,凉拌藕丁,0,未修改
174238,红烧豆腐肉沫番茄,红烧豆腐肉沫番茄,0,未修改
174291,羊肉丸子汤,羊肉丸子汤,0,未修改
174310,芹菜炒腐竹 快手又减脂 新手速get,芹菜炒腐竹 快手又减脂 新手速get,0,未修改
174312,补铁养颜｜日式鸡肝炒韭菜,补铁养颜｜日式鸡肝炒韭菜,0,未修改
174323,炝拌土豆丝,炝拌土豆丝,0,未修改
174360,鲜掉眉毛的懒人茼蒿汤,鲜掉眉毛的懒人茼蒿汤,0,未修改
174370,嫩滑爽口的香菜牛肉 香菜党最爱,嫩滑爽口的香菜牛肉 香菜党最爱,0,未修改
174372,韭苔炒鸡蛋,韭苔炒鸡蛋,0,未修改
174390,辣白菜炒五花肉,辣白菜炒五花肉,0,未修改
174419,滑蛋与蟹棒的鲜味碰撞,滑蛋与蟹棒的鲜味碰撞,0,未修改
174420,爆炒滚刀豆角,爆炒滚刀豆角,0,未修改
174434,醋泡萝卜,醋泡萝卜,0,未修改
174442,美味白切鸡,白切鸡,1,删除营销定语
174470,鹌鹑蛋红烧肉,鹌鹑蛋红烧肉,0,未修改
174471,红烧牛腩,红烧牛腩,0,未修改
174483,黑醋牛油果羽衣甘蓝蔬果沙拉 素食,黑醋牛油果羽衣甘蓝蔬果沙拉 素食,0,未修改
174496,凉拌面,凉拌面,0,未修改
174499,榨菜炒肉,榨菜炒肉,0,未修改
174502,冬笋炒肉末--六月鲜酱油版,冬笋炒肉末--六月鲜酱油版,0,未修改
174538,葱烧海参,葱烧海参,0,未修改
174543,微波炉蒸南瓜,微波炉蒸南瓜,0,未修改
174576,凉拌黑木耳,凉拌黑木耳,0,未修改
174592,蒜香秋葵,蒜香秋葵,0,未修改
174607,超级简单又下饭的三丁炒肉！,又下饭的三丁炒肉,1,删除营销定语；删除宣传后句
174612,下饭菜--梅菜蒸肉饼,梅菜蒸肉饼,1,删除分类前缀
174634,清炒花甲,清炒花甲,0,未修改
174639,超级快手的牛肉炖土豆,牛肉炖土豆,1,删除营销定语
174727,百味斋烧鸡公,百味斋烧鸡公,0,未修改
174739,炒花蛤,炒花蛤,0,未修改
174766,家常快手木耳炒肉,家常快手木耳炒肉,0,未修改
174769,鱼面筋炒白菜,鱼面筋炒白菜,0,未修改
174795,凉拌藕片,凉拌藕片,0,未修改
174819,超级下饭的土豆炒牛肉丸,土豆炒牛肉丸,1,删除营销定语
174820,猪皮烧辣豆-🥘悦悦家.                   （天津卫),猪皮烧辣豆-悦悦家. （天津卫),1,删除装饰符号
174838,素炒杏鲍菇～,素炒杏鲍菇,1,未修改
174847,蒜蓉油麦菜分分钟光盘,蒜蓉油麦菜分分钟光盘,0,未修改
174861,番茄虾仁球,番茄虾仁球,0,未修改
174864,烫嫩豆腐——清口凉菜,烫嫩豆腐——清口凉菜,0,未修改
174874,黄瓜干焖肉,黄瓜干焖肉,0,未修改
174879,炖鱼～三道鳞,炖鱼～三道鳞,0,未修改
174905,孔雀开屏鱼,孔雀开屏鱼,0,未修改
174930,超下饭的炒豆豉,炒豆豉,1,删除营销定语
174935,健康低脂-秀珍菇炒四季豆,秀珍菇炒四季豆,1,删除营销定语
174939,双椒炒猪耳【辣椒炒猪耳朵】,双椒炒猪耳【辣椒炒猪耳朵】,0,未修改
174986,土豆片炒肉,土豆片炒肉,0,未修改
175002,茄盒,茄盒,0,未修改
175005,简单好吃的【拍黄瓜】,【拍黄瓜】,1,删除营销定语
175007,【小森妈妈菜谱】春季祛湿—鲜土茯苓薏米芡实煲排骨,小森妈妈菜谱 春季祛湿—鲜土茯苓薏米芡实煲排骨,1,展开标题方括号
175030,芹菜炒百合白果,芹菜炒百合白果,0,未修改
175052,清蒸酸梅黑鱼,清蒸酸梅黑鱼,0,未修改
175060,清蒸海鲜类,清蒸海鲜类,0,未修改
175072,葱油手撕盐焗鸡,葱油手撕盐焗鸡,0,未修改
175084,2个鸡蛋1把豆角，不煮、不炸也不炒！全家人抢着吃,2个鸡蛋1把豆角,1,删除宣传后句
175085,家常炖豆角茄子土豆,家常炖豆角茄子土豆,0,未修改
175088,Zoe‘s 罗宋汤,Zoes 罗宋汤,1,未修改
175096,水波炉之水蒸蛋茶碗蒸,水波炉之水蒸蛋茶碗蒸,0,未修改
175100,超简单家庭版寿司,家庭版寿司,1,删除营销定语
175157,荷兰豆炒腊肉,荷兰豆炒腊肉,0,未修改
175161,下饭菜：肉沫嫩豆腐（香辣可麻）,肉沫嫩豆腐,1,删除括号说明；删除分类前缀
175175,炒土豆丝,炒土豆丝,0,未修改
175198,大煮干丝,大煮干丝,0,未修改
175238,香菇虾米豆腐煲,香菇虾米豆腐煲,0,未修改
175245,蒸娃娃菜-可可爱爱,蒸娃娃菜-可可爱爱,0,未修改
175261,上汤豌豆苗,上汤豌豆苗,0,未修改
175277,无骨烤羊排,无骨烤羊排,0,未修改
175295,五彩虾仁,五彩虾仁,0,未修改
175386,砂锅竹荪鸡汤,砂锅竹荪鸡汤,0,未修改
175387,韩式大酱汤面+鸡胸肉丝,韩式大酱汤面+鸡胸肉丝,0,未修改
175388,芦笋炒虾仁,芦笋炒虾仁,0,未修改
175390,皮蛋瘦肉粥,皮蛋瘦肉粥,0,未修改
175397,"干锅花菜丨口感清脆,味道醇香,多备点米饭哦!",干锅花菜丨口感清脆,1,删除宣传后句
175406,蚝油火腿油菜,蚝油火腿油菜,0,未修改
175412,红萝卜青瓜小炒肉,红萝卜青瓜小炒肉,0,未修改
175471,匈牙利土豆牛肉汤Gulyás,匈牙利土豆牛肉汤Gulyás,0,未修改
175486,松仁豆腐,松仁豆腐,0,未修改
175502,荷塘月色,荷塘月色,0,未修改
175505,快手家常菜：经常被夸好吃的青椒土豆片,家常菜：经常被夸好吃的青椒土豆片,1,删除营销定语
175544,扇贝炒西蓝花  （多细节小贴士）,扇贝炒西蓝花,1,删除括号说明
175552,蛋白质Double的芦笋虾仁炒蛋,蛋白质Double的芦笋虾仁炒蛋,0,未修改
175586,番茄蘑菇炖牛肉,番茄蘑菇炖牛肉,0,未修改
175591,早餐微笑小白兔饭,早餐微笑小白兔饭,0,未修改
175641,家常菌菇炒肉片,家常菌菇炒肉片,0,未修改
175661,辣子鸡丁——把鸡丁炒嫩是中式炒菜的入门捷径,辣子鸡丁——把鸡丁炒嫩是中式炒菜的入门捷径,0,未修改
175666,家常老豆腐,家常老豆腐,0,未修改
175693,亲子丼,亲子丼,0,未修改
175728,板栗鸡,板栗鸡,0,未修改
175803,快手菜素炒饼丝,菜素炒饼丝,1,删除营销定语
175837,炒秋葵,炒秋葵,0,未修改
175868,超好吃重庆烧鸡公（正不正宗不知道）反正好吃,重庆烧鸡公反正好吃,1,删除括号说明；删除营销定语
175872,白贝蒸蛋,白贝蒸蛋,0,未修改
175873,干锅千页豆腐！（简单的食材➕最简单的烹饪👌🏻）,干锅千页豆腐,1,删除括号说明；删除宣传后句
175875,虾仁炒黄瓜,虾仁炒黄瓜,0,未修改
175882,蒜蓉粉丝清蒸扇贝,蒜蓉粉丝清蒸扇贝,0,未修改
175887,酱毛酱(宁波下饭),酱毛酱,1,删除括号说明
175892,沙姜鸡翅,沙姜鸡翅,0,未修改
175906,酱爆鱿鱼,酱爆鱿鱼,0,未修改
175923,经典川菜—回锅肉,经典川菜—回锅肉,0,未修改
175928,芹菜炒肉丝,芹菜炒肉丝,0,未修改
175962,想要每餐都吃的茭白肉丝炒毛豆,想要每餐都吃的茭白肉丝炒毛豆,0,未修改
175973,生姜玫瑰甜梨汤（伊莱特能量土锅）,生姜玫瑰甜梨汤,1,删除括号说明
176001,豉香蒸排骨,豉香蒸排骨,0,未修改
176062,米饭看到都要瑟瑟发抖的超级无敌下饭菜,米饭看到都要瑟瑟发抖的超级无敌下饭菜,0,未修改
176064,家常炸酱面,家常炸酱面,0,未修改
176067,酸辣长豆角,酸辣长豆角,0,未修改
176077,健康低卡—番茄蔬菜肉酱,低卡—番茄蔬菜肉酱,1,删除营销定语
176132,疙瘩汤,疙瘩汤,0,未修改
176143,补气补血的瑶柱虾米银耳汤,补气补血的瑶柱虾米银耳汤,0,未修改
176151,香甜土豆松,香甜土豆松,0,未修改
176155,减脂南瓜绿豆粥,南瓜绿豆粥,1,删除营销定语
176199,简单美味的『清蒸茄子🍆』,『清蒸茄子』,1,删除营销定语；删除装饰符号
176225,春笋腊肠炒蛋,春笋腊肠炒蛋,0,未修改
176231,零失误的香菇烧豆腐,零失误的香菇烧豆腐,0,未修改
176232,湖南风味三鲜汤,湖南风味三鲜汤,0,未修改
176234,蒜蓉粉丝蒸贵妃螺～海鲜类食谱,蒜蓉粉丝蒸贵妃螺～海鲜类食谱,0,未修改
176281,手撕包菜（重口味）,手撕包菜,1,删除括号说明
176296,鲮鱼包菜,鲮鱼包菜,0,未修改
176335,盐焗鸡翅,盐焗鸡翅,0,未修改
176347,蟹黄豆腐,蟹黄豆腐,0,未修改
176362,喝一口还想喝的番茄滑肉汤🍅,喝一口还想喝的番茄滑肉汤,1,删除装饰符号
176381,好吃不怕胖的无糖可乐鸡腿,不怕胖的无糖可乐鸡腿,1,删除营销定语
176435,叁巴小炒空心菜--马来风光 2-4人份,叁巴小炒空心菜--马来风光 2-4人份,0,未修改
176448,『排毒养颜』黄瓜木耳香菇红椒炒海米吹鱼,『排毒养颜』黄瓜木耳香菇红椒炒海米吹鱼,0,未修改
176456,清炒南瓜叶（本地人叫南瓜头）,清炒南瓜叶,1,删除括号说明
176466,土豆炖牛肉,土豆炖牛肉,0,未修改
176484,家烧鱼段,家烧鱼段,0,未修改
176512,好吃下饭的酱爆鸡丁🔥,酱爆鸡丁,1,删除营销定语；删除装饰符号
176529,韭菜炒鸡蛋 鸡饭打散加水淀粉炒出来的鸡蛋超级嫩,韭菜炒鸡蛋 鸡饭打散加水淀粉炒出来的鸡蛋超级嫩,0,未修改
176544,减肥餐,减肥餐,0,未修改
176562,番茄金针菇豆腐汤（无油菜）,番茄金针菇豆腐汤,1,删除括号说明
176565,香酥油条,香酥油条,0,未修改
176572,猪肉-青椒肉丝,猪肉-青椒肉丝,0,未修改
176574,韩式冷面,韩式冷面,0,未修改
176586,家常菜谱,家常菜谱,0,未修改
176599,蒜茸凤尾菇,蒜茸凤尾菇,0,未修改
176654,抱蛋凤尾虾,抱蛋凤尾虾,0,未修改
176743,大丰收,大丰收,0,未修改
176781,葱油拌面用量笔记 by pink-rabbit,葱油拌面用量笔记 by pink-rabbit,0,未修改
176832,蚝油生菜,蚝油生菜,0,未修改
176838,【航叔】雁鹅菌炖土鸡,航叔 雁鹅菌炖土鸡,1,展开标题方括号
176903,咖喱牛肉饭,咖喱牛肉饭,0,未修改
176927,蛋皮豆腐炒木耳,蛋皮豆腐炒木耳,0,未修改
176944,【超下饭】鸡蛋豆腐金针菇开趴,鸡蛋豆腐金针菇开趴,1,删除开头标签
176963,新春小炒：椰青炒瘦肉,新春小炒：椰青炒瘦肉,0,未修改
176994,酱汁炒蛋,酱汁炒蛋,0,未修改
177016,家常炒土豆丝,家常炒土豆丝,0,未修改
177045,酱香肉末茄子（少油版）,酱香肉末茄子,1,删除括号说明
177061,白菜猪肉香菇饺（简便版）,白菜猪肉香菇饺,1,删除括号说明
177118,清炒扁豆,清炒扁豆,0,未修改
177148,懒人版酱骨头,版酱骨头,1,删除营销定语
177163,黎蒿炒腊肉,黎蒿炒腊肉,0,未修改
177170,脊肉茅根红萝卜马蹄汤,脊肉茅根红萝卜马蹄汤,0,未修改
177175,时令玉米粒炒鱼肉肠,时令玉米粒炒鱼肉肠,0,未修改
177181,㊙️还原本味的盐焗鸡（sure石崎秀儿电饭煲食谱）,㊙️还原本味的盐焗鸡,1,删除括号说明
177209,水印草粑,水印草粑,0,未修改
177240,孜然胡萝卜土豆,孜然胡萝卜土豆,0,未修改
177261,比肉还好吃的手撕杏鲍菇,比肉还好吃的手撕杏鲍菇,0,未修改
177277,韭菜肉丝炒鱿鱼,韭菜肉丝炒鱿鱼,0,未修改
177290,黄桃罐头‼️白藜麦饭‼️蒸贝贝瓜‼️蒸双色鸡腿㊙️🔥【北鼎蒸炖锅】一锅出,黄桃罐头‼️白藜麦饭‼️蒸贝贝瓜‼️蒸双色鸡腿㊙️【北鼎蒸炖锅】一锅出,1,删除装饰符号
177352,告别外卖简单版淮山蒸鸡,告别外卖简单版淮山蒸鸡,0,未修改
177371,简单家常泡菜炒鸡杂,家常泡菜炒鸡杂,1,删除营销定语
177400,三文鱼头汤,三文鱼头汤,0,未修改
177434,✨素汤✨不加糖的甜汤🌟『清肺化痰，生津润燥』双枣西洋菜蜜,素汤不加糖的甜汤『清肺化痰,1,删除宣传后句；删除装饰符号
177436,好吃的焖烧鸦片鱼头,焖烧鸦片鱼头,1,删除营销定语
177442,茄子炒鸡蛋（少油版）,茄子炒鸡蛋,1,删除括号说明
177443,广式腊肠蛋包饭,广式腊肠蛋包饭,0,未修改
177449,黑鱼花（三猫黑鱼花复刻）,黑鱼花,1,删除括号说明
177529,5分钟做道下饭菜--豇豆炒土豆,5分钟做道下饭菜--豇豆炒土豆,0,未修改
177535,冬笋腊肉,冬笋腊肉,0,未修改
177542,白菜蒸饺,白菜蒸饺,0,未修改
177556,花生米芹菜拌熏干,花生米芹菜拌熏干,0,未修改
177564,人人都能做好的玫瑰豉油鸡,人人都能做好的玫瑰豉油鸡,0,未修改
177631,【低碳水】水煮生菜+培根金针菇卷+薏仁冬瓜汤,低碳水 水煮生菜+培根金针菇卷+薏仁冬瓜汤,1,展开标题方括号
177637,3分钟上桌的营养美食，芦笋炒虾仁,3分钟上桌的营养美食,1,删除宣传后句
177713,土豆红烧肉,土豆红烧肉,0,未修改
177732,"麻辣 臭豆腐
★辣辣中国菜★",麻辣 臭豆腐 辣辣中国菜,1,删除装饰符号
177772,薄荷柠檬蜜茶,薄荷柠檬蜜茶,0,未修改
177793,素馅饼,素馅饼,0,未修改
177855,糖醋排骨（超简易）,糖醋排骨,1,删除括号说明
177966,夏日快手下饭虎皮尖椒,夏日快手下饭虎皮尖椒,0,未修改
178005,青椒胡萝卜炒肉,青椒胡萝卜炒肉,0,未修改
178008,清蒸草鱼,清蒸草鱼,0,未修改
178018,蒜爆鳝丝,蒜爆鳝丝,0,未修改
178026,冬菇炒大肉,冬菇炒大肉,0,未修改
178028,#3个步骤##10分钟上菜#金枪鱼西蓝花炒蛋,金枪鱼西蓝花炒蛋,1,删除话题说明
178036,『月澜姐』味菜炒牛肉 ▏滑嫩牛肉配爽脆潮汕咸菜，这个味道让人忘不了,『月澜姐』味菜炒牛肉 ▏滑嫩牛肉配爽脆潮汕咸菜,1,删除宣传后句
178056,家常菜青椒炒肉,家常菜青椒炒肉,0,未修改
178063,炒双菇（杏鲍菇，香菇）,炒双菇,1,删除括号说明
178084,有米，有面，又有菜——简单营养小米咸粥,有米,1,删除宣传后句
178110,用水煮的烧茄子,用水煮的烧茄子,0,未修改
178153,香菇青菜包子（素包子）,香菇青菜包子,1,删除括号说明
178154,咸酸菜炒鲜鱿鱼,咸酸菜炒鲜鱿鱼,0,未修改
178159,一鹅两味菜              腐竹焖鹅+枸杞子鹅汤,一鹅两味菜 腐竹焖鹅+枸杞子鹅汤,1,未修改
178177,丝瓜蛋汤,丝瓜蛋汤,0,未修改
178213,三鲜汤,三鲜汤,0,未修改
178220,紫菜蛋丝汤,紫菜蛋丝汤,0,未修改
178259,甜酸猪蹄,甜酸猪蹄,0,未修改
178278,四喜烤麸,四喜烤麸,0,未修改
178284,家庭版炒臭豆腐，闻着臭吃的香喽,炒臭豆腐,1,删除场景定语；删除宣传后句
178300,豇豆烧肉🐖,豇豆烧肉,1,删除装饰符号
178331,家庭地锅鸡,家庭地锅鸡,0,未修改
178334,肉末茄子,肉末茄子,0,未修改
178336,好吃不胖蒜蓉金针菇蒸龙利鱼,不胖蒜蓉金针菇蒸龙利鱼,1,删除营销定语
178360,减肥也可以吃的土豆素烧豆角,减肥也可以吃的土豆素烧豆角,0,未修改
178377,家常麻辣鱼,家常麻辣鱼,0,未修改
178388,西葫芦炒火腿🥓🥓,西葫芦炒火腿,1,删除装饰符号
178391,排骨炖豆腐蘑菇,排骨炖豆腐蘑菇,0,未修改
178405,芫爆秀珍菇,芫爆秀珍菇,0,未修改
178421,青椒炒素鸡,青椒炒素鸡,0,未修改
178456,只有饭店才能做出的番茄鸡蛋面汤,只有饭店才能做出的番茄鸡蛋面汤,0,未修改
178481,上汤菜心杏鲍菇,上汤菜心杏鲍菇,0,未修改
178493,美味的下饭菜～粤式香辣虾，能吃两碗饭,菜～粤式香辣虾,1,删除营销定语；删除宣传后句
178494,番茄肉末豆腐盖面,番茄肉末豆腐盖面,0,未修改
178499,一个人的木耳滑鸡焖饭,一个人的木耳滑鸡焖饭,0,未修改
178560,只放油盐和酱油的番茄炒鸡蛋,只放油盐和酱油的番茄炒鸡蛋,0,未修改
178585,小美版豇豆炒土豆条,小美版豇豆炒土豆条,0,未修改
178613,洋葱胡萝卜炖羊肉,洋葱胡萝卜炖羊肉,0,未修改
178651,家常小炒肉—-超下饭,家常小炒肉—-超下饭,0,未修改
178658,清淡爽口的肉末冬瓜,爽口的肉末冬瓜,1,删除营销定语
178667,免辣版～干锅菜花,免辣版～干锅菜花,0,未修改
178672,冬笋胡萝卜炒肉,冬笋胡萝卜炒肉,0,未修改
178697,不用发面的葱油饼,不用发面的葱油饼,0,未修改
178706,青椒炒面筋,青椒炒面筋,0,未修改
178729,咖喱牛肉,咖喱牛肉,0,未修改
178734,又香又嫩的栗子焖鸡,又香又嫩的栗子焖鸡,0,未修改
178784,简单干煸豆角,干煸豆角,1,删除营销定语
178792,神仙下饭菜～农家小炒肉(青椒肉片土鸡蛋),神仙下饭菜～农家小炒肉,1,删除括号说明
178798,家常菜～清炒西葫芦瓜,家常菜～清炒西葫芦瓜,0,未修改
178810,既能喝汤又能凉拌的鲫鱼,既能喝汤又能凉拌的鲫鱼,0,未修改
178824,倭瓜炖豆角,倭瓜炖豆角,0,未修改
178872,清炒童子鸡,清炒童子鸡,0,未修改
178897,葱爆羊肉,葱爆羊肉,0,未修改
178898,橄榄菜爆炒四季豆！,橄榄菜爆炒四季豆,1,删除宣传后句
178901,火龙果炒肉（万紫千红）,火龙果炒肉,1,删除括号说明
178944,芹菜炒鱼豆腐！,芹菜炒鱼豆腐,1,删除宣传后句
178955,饺子皮糯米猪肉烧卖,饺子皮糯米猪肉烧卖,0,未修改
178962,第❶❻道减脂菜 | 芹菜炒腰果,第道减脂菜 | 芹菜炒腰果,1,删除装饰符号
179003,金钱蛋-经典湘菜,金钱蛋-经典湘菜,0,未修改
179039,简单又好味糖醋鸡爪,又好味糖醋鸡爪,1,删除营销定语
179047,麻辣牛肉,麻辣牛肉,0,未修改
179048,海带豆腐彩色拼盘,海带豆腐彩色拼盘,0,未修改
179054,西红柿土豆炖牛腩,西红柿土豆炖牛腩,0,未修改
179074,黑椒口菇青椒炒芦笋,黑椒口菇青椒炒芦笋,0,未修改
179078,超浓郁的韩式辣白菜豆腐汤‼️冬日治愈美食,浓郁的韩式辣白菜豆腐汤‼️冬日治愈美食,1,删除营销定语
179079,鲍鱼蚝油酱汁炒蔬菜,鲍鱼蚝油酱汁炒蔬菜,0,未修改
179100,低脂低卡无油•凉拌全料荞麦面•营养均衡•好吃不胖,低卡无油•凉拌全料荞麦面•营养均衡•好吃不胖,1,删除营销定语
179116,蚝油香菇瘦肉,蚝油香菇瘦肉,0,未修改
179118,日本家庭料理炒三丁（魔芋炒黄豆胡萝卜）,日本家庭料理炒三丁,1,删除括号说明
179129,清炒紫菜心,清炒紫菜心,0,未修改
179157,拯救鸡胸和胡萝卜的柠檬手撕鸡,拯救鸡胸和胡萝卜的柠檬手撕鸡,0,未修改
179161,咸菜毛豆炒山药,咸菜毛豆炒山药,0,未修改
179178,炸红薯盒/夹,炸红薯盒/夹,0,未修改
179207,红焖牛尾,红焖牛尾,0,未修改
179250,随心素炒西芹,随心素炒西芹,0,未修改
179261,锡纸金针菇牛肉,锡纸金针菇牛肉,0,未修改
179281,霸王花猪骨汤,霸王花猪骨汤,0,未修改
179286,栗子焖鸡,栗子焖鸡,0,未修改
179291,减脂少油少料红烧卤鸡腿鸡蛋（完美超赞）,少料红烧卤鸡腿鸡蛋,1,删除括号说明；删除营销定语
179301,【三岛厨房】黑椒鸡肉石锅饭,三岛厨房 黑椒鸡肉石锅饭,1,展开标题方括号
179313,香芹炒腊肉,香芹炒腊肉,0,未修改
179352,蒸饭团200大卡（减肥早餐搭配）,蒸饭团200大卡,1,删除括号说明
179360,到处找不到方子的尖椒鸭血,到处找不到方子的尖椒鸭血,0,未修改
179396,芹菜野山椒（泡椒）牛肉,芹菜野山椒牛肉,1,删除括号说明
179419,番茄炖牛肉(所有图片不经任何修饰),番茄炖牛肉,1,删除括号说明
179488,肉炒辣椒杏鲍菇丝,肉炒辣椒杏鲍菇丝,0,未修改
179504,苏子叶咸菜,苏子叶咸菜,0,未修改
179518,对自己好一点！女人的美容院蒜蓉粉丝生蚝,对自己好一点,1,删除宣传后句
179519,清蒸蒜蓉金针菇,清蒸蒜蓉金针菇,0,未修改
179614,汤｜竹荪鸡汤,汤｜竹荪鸡汤,0,未修改
179626,米饭杀手麻辣鲜香红烧鱼,米饭杀手麻辣鲜香红烧鱼,0,未修改
179676,三汁焖鱼,三汁焖鱼,0,未修改
179697,超级美味干煸恩施小土豆,干煸恩施小土豆,1,删除营销定语
179698,萝卜干炒腊肉,萝卜干炒腊肉,0,未修改
179724,小白菜粉条素饺子,小白菜粉条素饺子,0,未修改
179734,胡萝卜玉米排骨汤煲,胡萝卜玉米排骨汤煲,0,未修改
179775,〈萝卜丝炒虾皮〉，简简单单。欣小厨 😉,〈萝卜丝炒虾皮〉,1,删除宣传后句
179781,鱼香茄子煲,鱼香茄子煲,0,未修改
179832,孜然羊肉,孜然羊肉,0,未修改
179854,清炒酸辣藕带,清炒酸辣藕带,0,未修改
179867,简单快手家庭版爽口泡萝卜,家庭版爽口泡萝卜,1,删除营销定语
179871,黄秋葵木耳炒牛肉,黄秋葵木耳炒牛肉,0,未修改
179874,金猫咪食堂-清蒸老鼠斑,金猫咪食堂-清蒸老鼠斑,0,未修改
179901,一颗菠萝饭,一颗菠萝饭,0,未修改
179943,黄豆酱炒菜心,黄豆酱炒菜心,0,未修改
179949,大葱白辣椒炒牛肉,大葱白辣椒炒牛肉,0,未修改
179994,周四晚：土豆丝炒肉,周四晚：土豆丝炒肉,0,未修改
179999,米饭好搭档，白饭扫光光的酱爆猪肝。,米饭好搭档,1,删除宣传后句
180013,孜然小土豆烧肉【铁板烧味】 很下饭喔 不油腻,孜然小土豆烧肉【铁板烧味】 很下饭喔 不油腻,0,未修改
180019,煎牛排,煎牛排,0,未修改
180052,【健身餐】酸奶虾仁菠菜意面沙拉,酸奶虾仁菠菜意面沙拉,1,删除开头标签
180075,土豆爱小白菜,土豆爱小白菜,0,未修改
180106,木耳虫草花蒸滑鸡,木耳虫草花蒸滑鸡,0,未修改
180124,肉沫蒸豆腐,肉沫蒸豆腐,0,未修改
180130,素炒奶白菜,素炒奶白菜,0,未修改
180149,麻辣鸭血,麻辣鸭血,0,未修改
180219,空气炸锅版藕夹,空气炸锅版藕夹,0,未修改
180224,香喷喷金蒜蒸米粉🍽,金蒜蒸米粉,1,删除营销定语；删除装饰符号
180292,红烧肉 啤酒炖 肥而不腻,红烧肉 啤酒炖 肥而不腻,0,未修改
180300,李子焖猪蹄,李子焖猪蹄,0,未修改
180309,#极简一人食#             手撕尖椒杏鲍菇,手撕尖椒杏鲍菇,1,删除话题说明
180311,芹菜腰果炒百合,芹菜腰果炒百合,0,未修改
180319,莲藕排骨汤,莲藕排骨汤,0,未修改
180342,泡椒牛肉炒盖菜,泡椒牛肉炒盖菜,0,未修改
180415,西红柿牛肉羹—小孩下饭菜,西红柿牛肉羹—小孩下饭菜,0,未修改
180438,西麦椰奶燕麦甜汤,西麦椰奶燕麦甜汤,0,未修改
180458,鸡蛋青菜汤（一汁成菜）,鸡蛋青菜汤,1,删除括号说明
180461,杭椒炒鸡块,杭椒炒鸡块,0,未修改
180485,酒糟炒笋干,酒糟炒笋干,0,未修改
180486,酱烧（肉末）豆腐,酱烧豆腐,1,删除括号说明
180488,鲜香的木耳炒香菇,鲜香的木耳炒香菇,0,未修改
180511,芥末木耳,芥末木耳,0,未修改
180539,只需3步就能学会做·豆鼓蒸银鱼干,只需3步就能学会做·豆鼓蒸银鱼干,0,未修改
180558,口味爆炒鲜鲍片,口味爆炒鲜鲍片,0,未修改
180588,青椒豆豉肉片浇头蒸茄子,青椒豆豉肉片浇头蒸茄子,0,未修改
180592,干煸兔子🐰,干煸兔子,1,删除装饰符号
180619,油焖鸡,油焖鸡,0,未修改
180651,百加里（西兰花）蒸虾仁,百加里蒸虾仁,1,删除括号说明
180669,香芹炒牛肉丝,香芹炒牛肉丝,0,未修改
180690,初冬暖食青笋烧鸡爪,初冬暖食青笋烧鸡爪,0,未修改
180726,尖椒肉丝,尖椒肉丝,0,未修改
180728,金针菇蒸虾,金针菇蒸虾,0,未修改
180729,玉米白菜猪肉饺,玉米白菜猪肉饺,0,未修改
180755,砂锅三文鱼头（中餐厅张亮配方）,砂锅三文鱼头,1,删除括号说明
180761,东北大酸菜炖梅肉萝卜豆腐,东北大酸菜炖梅肉萝卜豆腐,0,未修改
180763,明虾鸡爪鸡翅煲,明虾鸡爪鸡翅煲,0,未修改
180786,香嫩番茄炒蛋,香嫩番茄炒蛋,0,未修改
180794,家常清蒸鳊鱼,家常清蒸鳊鱼,0,未修改
180811,【超简单】黑胡椒土豆牛肉粒（小朋友的最爱）,黑胡椒土豆牛肉粒,1,展开标题方括号；删除括号说明；删除营销定语
180826,怎样才能熬出好喝的🐑羊汤,怎样才能熬出好喝的羊汤,1,删除装饰符号
180842,菇菇洋葱酱🍄,菇菇洋葱酱,1,删除装饰符号
180860,红烧小鯽鱼,红烧小鯽鱼,0,未修改
180882,鸡丁香菇豆腐,鸡丁香菇豆腐,0,未修改
180884,梭子蟹加年糕味道更好，小美的美食,梭子蟹加年糕味道更好,1,删除宣传后句
180892,口水茄子、风味茄子（正宗饭店口感、放很久依然保持茄子酥脆的独门秘诀）,口水茄子、风味茄子,1,删除括号说明
180924,砂锅冬瓜炖排骨,砂锅冬瓜炖排骨,0,未修改
180964,清炒生菜,清炒生菜,0,未修改
180982,金不换炒薄壳,金不换炒薄壳,0,未修改
180995,番茄酱版土豆炖牛腩,番茄酱版土豆炖牛腩,0,未修改
181030,鲜美浓郁的海鲜鸡汁捞饭—太太乐鲜鸡汁快手菜,鲜美浓郁的海鲜鸡汁捞饭—太太乐鲜鸡汁快手菜,0,未修改
181042,虾仁黄瓜,虾仁黄瓜,0,未修改
181053,香微辣白菜炒猪血,香微辣白菜炒猪血,0,未修改
181061,香煎刀鱼家庭版,香煎刀鱼家庭版,0,未修改
181073,攸县黄金香干盖码饭,攸县黄金香干盖码饭,0,未修改
181090,豆腐焖鲶鱼,豆腐焖鲶鱼,0,未修改
181092,炒空心菜杆,炒空心菜杆,0,未修改
181161,很快很快的青椒炒五花肉,很快很快的青椒炒五花肉,0,未修改
181222,油闷尖椒,油闷尖椒,0,未修改
181228,炒牛蛙,炒牛蛙,0,未修改
181258,减脂餐/蒜香彩椒牛肉粒,餐/蒜香彩椒牛肉粒,1,删除营销定语
181282,土豆烧牛肉,土豆烧牛肉,0,未修改
181286,芥菜末炒油渣,芥菜末炒油渣,0,未修改
181291,红烧鲅鱼,红烧鲅鱼,0,未修改
181298,豆角炒肉丝,豆角炒肉丝,0,未修改
181321,快手-肉末芹菜油豆腐饭,肉末芹菜油豆腐饭,1,删除营销定语
181347,下饭肉食必选菜系——香辣土豆炖排骨,肉食必选菜系——香辣土豆炖排骨,1,删除营销定语
181378,五分钟做好超级好吃的～蚝油生菜,五分钟做好超级好吃的～蚝油生菜,0,未修改
181389,蒜蓉粉丝蒸大虾,蒜蓉粉丝蒸大虾,0,未修改
181392,腌笃鲜,腌笃鲜,0,未修改
181402,家常麻婆豆腐,家常麻婆豆腐,0,未修改
181412,【孕妇食谱】肉末蒸茄子，多做一步，茄子鲜亮不变色，清淡不油腻～,肉末蒸茄子,1,删除开头标签；删除宣传后句
181433,木耳炒腊猪肝,木耳炒腊猪肝,0,未修改
181451,新鲜原汁原味炒南瓜坨,新鲜原汁原味炒南瓜坨,0,未修改
181462,好吃不腻的金针菇肥牛卷,不腻的金针菇肥牛卷,1,删除营销定语
181499,芸豆炒木耳,芸豆炒木耳,0,未修改
181509,炝莴苣丝,炝莴苣丝,0,未修改
181527,蛋素香椿炒面,蛋素香椿炒面,0,未修改
181533,面炕辣椒圈,面炕辣椒圈,0,未修改
181538,凉拌豆筋,凉拌豆筋,0,未修改
181541,爆炒鸡胗🐔,爆炒鸡胗,1,删除装饰符号
181547,手捏菜炒毛豆香干,手捏菜炒毛豆香干,0,未修改
181594,辣椒紫苏炒五花肉,辣椒紫苏炒五花肉,0,未修改
181596,［麒麟之舌摇滚复刻］凤凰蒸菜卷！,［麒麟之舌摇滚复刻］凤凰蒸菜卷,1,删除宣传后句
181632,卜卜贝-每一颗都透着“鲜”！,卜卜贝-每一颗都透着鲜,1,删除宣传后句
181643,超下饭快手菜，银芽韭菜炒香干,菜，银芽韭菜炒香干,1,删除营销定语
181682,猪瘦肉炒花菜,猪瘦肉炒花菜,0,未修改
181690,家常洋葱炒猪颈肉,家常洋葱炒猪颈肉,0,未修改
181738,川味红烧牛肉,川味红烧牛肉,0,未修改
181748,渍菜粉-东北酸菜炒粉-酸辣超下饭,渍菜粉-东北酸菜炒粉-酸辣超下饭,0,未修改
181780,江南记忆的梅干菜蒸河鳗,江南记忆的梅干菜蒸河鳗,0,未修改
181870,凉拌鲫鱼 （吃不到小刺的做法）,凉拌鲫鱼,1,删除括号说明
181950,宅家办公快手菜白灼菜心,宅家办公快手菜白灼菜心,0,未修改
181974,小美炒青菜,小美炒青菜,0,未修改
181982,胡萝卜炒木耳,胡萝卜炒木耳,0,未修改
182071,蒜苗炒腊肉（快手菜，懒人必备下饭菜）,蒜苗炒腊肉,1,删除括号说明
182074,茄子配豆角太香啦！拿肉都不换!!!,茄子配豆角太香啦,1,删除宣传后句
182100,正宗东北酸菜炖大骨（酸菜粉丝汆白肉）,正宗东北酸菜炖大骨,1,删除括号说明
182112,番茄土豆浓汤,番茄土豆浓汤,0,未修改
182181,什蔬扇贝肉『炒扇贝肉』,什蔬扇贝肉『炒扇贝肉』,0,未修改
182191,最容易上手的荷叶饭（荷包饭）·消暑美味,最容易上手的荷叶饭·消暑美味,1,删除括号说明
182223,毛血旺,毛血旺,0,未修改
182282,虾酱蒸鸡蛋糕,虾酱蒸鸡蛋糕,0,未修改
182320,黑木耳黄花菜五花肉大杂烩,黑木耳黄花菜五花肉大杂烩,0,未修改
182381,吴小敏-番茄焖青豆,吴小敏-番茄焖青豆,0,未修改
182398,❤️蒜苔肉丝：简单方便又好吃‼️,️蒜苔肉丝：简单方便又好吃‼️,1,删除装饰符号
182412,炒杂菜,炒杂菜,0,未修改
182419,辣炒扇贝肉,辣炒扇贝肉,0,未修改
182420,酸菜辣炒鸭胗,酸菜辣炒鸭胗,0,未修改
182435,一只喝醉的啤酒鸡,一只喝醉的啤酒鸡,0,未修改
182465,非油炸版焦溜鸡胸丸子,非油炸版焦溜鸡胸丸子,0,未修改
182474,双菇牛柳（杏鲍菇双孢菇）,双菇牛柳,1,删除括号说明
182506,板栗烧鸡,板栗烧鸡,0,未修改
182510,爆炒猪肝,爆炒猪肝,0,未修改
182547,超滑嫩辣炒鸭血,滑嫩辣炒鸭血,1,删除营销定语
182643,夏季爽口杂蔬凉拌（清理冰箱库存～）,夏季爽口杂蔬凉拌,1,删除括号说明
182669,秋梨膏,秋梨膏,0,未修改
182671,虾仁🍤西兰花🥦,虾仁西兰花,1,删除装饰符号
182706,丝瓜素烧白玉菇,丝瓜素烧白玉菇,0,未修改
182712,爆炒皮皮虾,爆炒皮皮虾,0,未修改
182727,肉末豆腐蒸蛋12+,肉末豆腐蒸蛋12+,0,未修改
182736,电炖锅做腌笃鲜,电炖锅做腌笃鲜,0,未修改
182748,粉蒸肉要用开水泡才好吃,粉蒸肉要用开水泡才好吃,0,未修改
182753,莲花白炒米粉（快手菜）,莲花白炒米粉,1,删除括号说明
182792,上汤芦笋,上汤芦笋,0,未修改
182854,清炒梭子蟹,清炒梭子蟹,0,未修改
182858,快手虾皮冬瓜汤,虾皮冬瓜汤,1,删除营销定语
182923,心心念念的黑糯米粽！,心心念念的黑糯米粽,1,删除宣传后句
182939,爆炒花甲，超干净，超入味,爆炒花甲,1,删除宣传后句
182949,被婆婆夸的牛肉穿丸子,被婆婆夸的牛肉穿丸子,0,未修改
182964,鸭胸肉炒茨菇,鸭胸肉炒茨菇,0,未修改
182998,减肥减脂餐之不放油版番茄炖牛肉,减肥减脂餐之不放油版番茄炖牛肉,0,未修改
183000,小姨妈酸辣藕带炒牛肉（爽脆下饭，荤素完美结合，又一米饭杀手诞生）,小姨妈酸辣藕带炒牛肉,1,删除括号说明
183003,家常版黄焖鸡/蘑菇炖鸡,黄焖鸡/蘑菇炖鸡,1,删除场景定语
183008,下饭菜-酱爆肉沫茄子,酱爆肉沫茄子,1,删除分类前缀
183039,香菇冬笋,香菇冬笋,0,未修改
183091,爆炒小河虾,爆炒小河虾,0,未修改
183142,爱得辣眼睛，豆豉辣椒炒肉,爱得辣眼睛,1,删除宣传后句
183145,油麦菜炒香菇,油麦菜炒香菇,0,未修改
183165,家常土豆片,家常土豆片,0,未修改
183181,猪皮豇豆肉末,猪皮豇豆肉末,0,未修改
183195,粤式萝卜腐竹牛腩煲（牛杂档味道）,粤式萝卜腐竹牛腩煲,1,删除括号说明
183214,青椒炒牛肉,青椒炒牛肉,0,未修改
183220,虾仁炒蛋,虾仁炒蛋,0,未修改
183234,鸡肉版水煮肉片,鸡肉版水煮肉片,0,未修改
183298,剁椒芋头,剁椒芋头,0,未修改
183345,麻辣虾尾,麻辣虾尾,0,未修改
183350,炒蚕豆,炒蚕豆,0,未修改
183352,酸菜炒腊肉,酸菜炒腊肉,0,未修改
183355,葱烧大排,葱烧大排,0,未修改
183381,香菇竹笋炖鸡,香菇竹笋炖鸡,0,未修改
183404,豆腐黄骨鱼汤,豆腐黄骨鱼汤,0,未修改
183422,速腌白菜帮，喝粥必备的下饭神器,速腌白菜帮,1,删除宣传后句
183432,蚂蚁上树,蚂蚁上树,0,未修改
183438,茄汁海鲜菇滑蛋,茄汁海鲜菇滑蛋,0,未修改
183451,土豆豆角炖肉,土豆豆角炖肉,0,未修改
183475,土豆炖排骨,土豆炖排骨,0,未修改
183493,家常豆腐肉卷,家常豆腐肉卷,0,未修改
183542,开胃下饭菜之虎皮青椒,开胃下饭菜之虎皮青椒,0,未修改
183543,醋溜木须,醋溜木须,0,未修改
183559,清蒸鱼（之如何制作蒸鱼豉油）,清蒸鱼,1,删除括号说明
183567,四川有名的面条 宜宾燃面  来一口停不下来,四川有名的面条 宜宾燃面 来一口停不下来,1,未修改
183577,快手红烧鸡［腿|脖］块,红烧鸡［腿|脖］块,1,删除营销定语
183590,强烈推荐的千张福袋,强烈推荐的千张福袋,0,未修改
183605,番茄蛋汤,番茄蛋汤,0,未修改
183640,减肥快手菜—清炒红苋菜,减肥快手菜—清炒红苋菜,0,未修改
183655,爽口午餐晚餐凉拌油麦菜,爽口午餐晚餐凉拌油麦菜,0,未修改
183665,西红柿炒西葫芦,西红柿炒西葫芦,0,未修改
183695,铁锅炖鱼,铁锅炖鱼,0,未修改
183703,香橙蒸鸽,香橙蒸鸽,0,未修改
183707,油面筋炒素 浓油赤酱版,油面筋炒素 浓油赤酱版,0,未修改
183721,清炒奶白菜,清炒奶白菜,0,未修改
183726,家常红烧排骨,家常红烧排骨,0,未修改
183746,三色笋片,三色笋片,0,未修改
183760,照烧鸡腿肉,照烧鸡腿肉,0,未修改
183789,自制超简单一次吃过瘾【咖喱土豆鱼蛋】,一次吃过瘾【咖喱土豆鱼蛋】,1,删除营销定语
183821,巨简单的家庭版烤鱼,家庭版烤鱼,1,删除营销定语
183849,一道硬菜～粉蒸牛肉（附宝宝版）,一道硬菜～粉蒸牛肉,1,删除括号说明
183858,雪菜肉丝炒年糕,雪菜肉丝炒年糕,0,未修改
183921,香辣金针肥牛#秋季保胃战#,香辣金针肥牛,1,删除话题说明
183946,减肥主食之~玉米面菜团子,减肥主食之~玉米面菜团子,0,未修改
183958,蒸茄子🍆夹肉,蒸茄子夹肉,1,删除装饰符号
184039,快手香辣虾,香辣虾,1,删除营销定语
184045,蒜薹炒肉,蒜薹炒肉,0,未修改
184128,有内涵的焦溜丸子,有内涵的焦溜丸子,0,未修改
184131,超级下饭酸甜可口的鱼香茄子呀,酸甜可口的鱼香茄子呀,1,删除营销定语
184133,家庭版纸上烤肉,纸上烤肉,1,删除场景定语
184140,甜甜西红柿炒鸡蛋,甜甜西红柿炒鸡蛋,0,未修改
184147,快手拌水萝卜/西北生油拌萝卜/开胃能手/油腻清道夫,拌水萝卜/西北生油拌萝卜/开胃能手/油腻清道夫,1,删除营销定语
184186,『yaka』肥牛@牛筋丸 炒洋葱 （20分钟快手菜）,『yaka』肥牛@牛筋丸 炒洋葱,1,删除括号说明
184187,土豆饼,土豆饼,0,未修改
184203,下饭红烧茄子,红烧茄子,1,删除营销定语
184264,甜豆炒百合,甜豆炒百合,0,未修改
184268,菱角炒鸡丁,菱角炒鸡丁,0,未修改
184311,麻辣香菇豆腐,麻辣香菇豆腐,0,未修改
184319,咖喱牛腩,咖喱牛腩,0,未修改
184339,超级下饭菜之辣炒鸡丁,菜之辣炒鸡丁,1,删除营销定语
184361,腊肠蒸蛋,腊肠蒸蛋,0,未修改
184385,皮薄馅大还不破的素三鲜馅饼（附和面技巧）,皮薄馅大还不破的素三鲜馅饼,1,删除括号说明
184478,啤酒炖牛肉,啤酒炖牛肉,0,未修改
184497,葱油蚕豆,葱油蚕豆,0,未修改
184590,一青二白的小葱拌豆腐,一青二白的小葱拌豆腐,0,未修改
184611,红烧肉鹌鹑蛋,红烧肉鹌鹑蛋,0,未修改
184617,椰奶清补凉,椰奶清补凉,0,未修改
184618,外酥里嫩牛肉干,外酥里嫩牛肉干,0,未修改
184640,红烧鸡翅,红烧鸡翅,0,未修改
184641,三杯虾,三杯虾,0,未修改
184662,年味 | 腊肉蒸豆腐,年味 | 腊肉蒸豆腐,0,未修改
184684,（米饭杀手）超级下饭的青椒茄子，立刻胃口大开,青椒茄子,1,删除括号说明；删除营销定语；删除宣传后句
184693,清炒快菜,清炒快菜,0,未修改
184696,豆角烧茄子,豆角烧茄子,0,未修改
184726,土豆炖鸡腿（伊莱特炒菜机器人）,土豆炖鸡腿,1,删除括号说明
184766,肉丝甜椒(家常炒菜),肉丝甜椒,1,删除括号说明
184774,[厨艺小白轻松get]不太冷的冬天在家刷个清汤火锅,厨艺小白轻松get 不太冷的冬天在家刷个清汤火锅,1,展开标题方括号
184835,日式土豆沙拉,日式土豆沙拉,0,未修改
184841,炖补身子的鸽子汤,炖补身子的鸽子汤,0,未修改
184849,所有人都喜欢得超级无敌下饭，拌面的盖浇菜,所有人都喜欢得超级无敌下饭,1,删除宣传后句
184935,零失败！姥姥教的红烧鲫鱼炖荷包蛋。,！姥姥教的红烧鲫鱼炖荷包蛋。,1,删除营销定语
184952,青椒炒肉,青椒炒肉,0,未修改
184965,洋葱木耳炒蛋,洋葱木耳炒蛋,0,未修改
184976,芦笋炒百合,芦笋炒百合,0,未修改
184980,黄焖鸡米饭,黄焖鸡米饭,0,未修改
184982,咖喱土豆牛肉,咖喱土豆牛肉,0,未修改
184984,松仁玉米,松仁玉米,0,未修改
184992,宫保鸡丁（加素菜版）,宫保鸡丁,1,删除括号说明
185018,家常木须黄瓜快手菜,家常木须黄瓜快手菜,0,未修改
185022,蒜蓉小米椒蒸娃娃菜,蒜蓉小米椒蒸娃娃菜,0,未修改
185036,梅菜扣肉,梅菜扣肉,0,未修改
185041,小美～榨菜番茄蛋花汤,小美～榨菜番茄蛋花汤,0,未修改
185084,清爽鲜美金勾花菜,清爽鲜美金勾花菜,0,未修改
185170,懒人汤平菇番茄汤,汤平菇番茄汤,1,删除营销定语
185182,家庭版凉拌藕片,凉拌藕片,1,删除场景定语
185187,快手宫保小鲍鱼,宫保小鲍鱼,1,删除营销定语
185198,不需要很多材料就可以做出简单的家常凉拌手撕茄子，,不需要很多材料就可以做出简单的家常凉拌手撕茄子,1,删除宣传后句
185218,小美版肉末酱香茄子,小美版肉末酱香茄子,0,未修改
185223,「养生小秘方」治失眠 补气血 增强免疫力效果超好！牛筋草小麦汤煮蛋  ！,「养生小秘方」治失眠 补气血 增强免疫力效果超好,1,删除宣传后句
185290,炒饼,炒饼,0,未修改
185305,香菇蒸滑鸡,香菇蒸滑鸡,0,未修改
185346,黄豆炖猪脚,黄豆炖猪脚,0,未修改
185364,蟹黄豆腐,蟹黄豆腐,0,未修改
185395,不用豆腐的红烧豆腐,不用豆腐的红烧豆腐,0,未修改
185470,汤骨玉米笋,汤骨玉米笋,0,未修改
185519,猪油炒花椰菜,猪油炒花椰菜,0,未修改
185533,“东”小炒肉,东小炒肉,1,未修改
185546,快手菜之清蒸鸦片鱼🐟,菜之清蒸鸦片鱼,1,删除营销定语；删除装饰符号
185554,冬季温暖经典菜-白菜五花肉油豆腐炖粉条,冬季温暖经典菜-白菜五花肉油豆腐炖粉条,0,未修改
185558,蒜炒茼蒿,蒜炒茼蒿,0,未修改
185585,猪肉炖粉条,猪肉炖粉条,0,未修改
185632,糖醋白菜,糖醋白菜,0,未修改
185650,鱼香茄子煲,鱼香茄子煲,0,未修改
185660,蚝油南瓜炒鸡片,蚝油南瓜炒鸡片,0,未修改
185677,胡萝卜丝炒土豆丝,胡萝卜丝炒土豆丝,0,未修改
185695,藕夹肉莲藕盒子,藕夹肉莲藕盒子,0,未修改
185696,啤酒烧牛肉,啤酒烧牛肉,0,未修改
185720,不太甜的糖醋蒜,不太甜的糖醋蒜,0,未修改
185721,筒子骨玉米莲藕汤,筒子骨玉米莲藕汤,0,未修改
185723,鲜香菇酱 鲜香菇肉丁酱超详细附图视频 凉面、卷饼绝配,鲜香菇酱 鲜香菇肉丁酱超详细附图视频 凉面、卷饼绝配,0,未修改
185752,豉油油麦菜,豉油油麦菜,0,未修改
185775,家常红烧鱼,家常红烧鱼,0,未修改
185822,麻辣小龙虾,麻辣小龙虾,0,未修改
185840,西红柿鸡蛋疙瘩拌汤,西红柿鸡蛋疙瘩拌汤,0,未修改
185849,一道让你味口大开的牛肉沫四季豆,一道让你味口大开的牛肉沫四季豆,0,未修改
185854,黑胡椒杏鲍菇牛肉粒,黑胡椒杏鲍菇牛肉粒,0,未修改
185875,番茄嫩牛浓汤面,番茄嫩牛浓汤面,0,未修改
185889,赵氏西红柿炒鸡蛋（还可以拌面）,赵氏西红柿炒鸡蛋,1,删除括号说明
185895,瘦身【蚝油油麦菜】素食者,瘦身【蚝油油麦菜】素食者,0,未修改
185914,一分钟上手酒店级清蒸鱼,一分钟上手酒店级清蒸鱼,0,未修改
186053,【简单又好吃的】虾仁泡菜饼,又好吃的 虾仁泡菜饼,1,展开标题方括号；删除营销定语
186069,吮指猪蹄儿,吮指猪蹄儿,0,未修改
186092,香菇炒鸡片,香菇炒鸡片,0,未修改
186158,清真菜～葱爆羊肉,清真菜～葱爆羊肉,0,未修改
186192,竹笋炒肉,竹笋炒肉,0,未修改
186243,鸡蛋炒韭菜,鸡蛋炒韭菜,0,未修改
186247,爆辣土豆粉家庭版制作教程,爆辣土豆粉家庭版制作教程,0,未修改
186255,干煸四季豆（快手）,干煸四季豆,1,删除括号说明
186257,咸玉米胡桃面包,咸玉米胡桃面包,0,未修改
186268,墨鱼干排骨汤,墨鱼干排骨汤,0,未修改
186272,家常四季豆炒肉,家常四季豆炒肉,0,未修改
186305,胡萝卜炒蛋,胡萝卜炒蛋,0,未修改
186308,少油 清炒土豆丝（切好不过水）,清炒土豆丝,1,删除括号说明；删除营销定语
186325,爽口西红柿炒鸡蛋,爽口西红柿炒鸡蛋,0,未修改
186326,黄豆酱烧豆腐,黄豆酱烧豆腐,0,未修改
186340,青菜烧腐竹,青菜烧腐竹,0,未修改
186367,小米海参粥（益脾养胃🌷强身健体之佳品🌼😘）,小米海参粥,1,删除括号说明
186371,川香肉酱茄泥🍆下饭神菜,川香肉酱茄泥下饭神菜,1,删除装饰符号
186373,葫芦瓜炒饭,葫芦瓜炒饭,0,未修改
186384,莼菜鱼圆汤,莼菜鱼圆汤,0,未修改
186404,炒猪肝,炒猪肝,0,未修改
186448,清蒸梭子蟹,清蒸梭子蟹,0,未修改
186461,基围虾,基围虾,0,未修改
186465,家的味道—海带排骨汤,家的味道—海带排骨汤,0,未修改
186469,蒜蓉粉丝蒸生蚝,蒜蓉粉丝蒸生蚝,0,未修改
186474,蛋白片炖南瓜🎃,蛋白片炖南瓜,1,删除装饰符号
186493,培根炒玉米,培根炒玉米,0,未修改
186494,虾仁炒鸡蛋,虾仁炒鸡蛋,0,未修改
186537,妈妈味道的五杯鸡,妈妈味道的五杯鸡,0,未修改
186551,孕妇冬菇烧白菜,孕妇冬菇烧白菜,0,未修改
186557,🧡虾滑萝卜汤🦐太太乐鲜鸡汁快手菜,虾滑萝卜汤太太乐鲜鸡汁快手菜,1,删除装饰符号
186565,雪菜春笋肉丝,雪菜春笋肉丝,0,未修改
186572,清蒸裸斑鱼,清蒸裸斑鱼,0,未修改
186590,有机花菜干煸虾,有机花菜干煸虾,0,未修改
186600,虾头豆腐萝卜丝汤,虾头豆腐萝卜丝汤,0,未修改
186601,川味家常菜--干煸四季豆,川味家常菜--干煸四季豆,0,未修改
186605,肥而不腻小炒五花肉,肥而不腻小炒五花肉,0,未修改
186631,水煮虾,水煮虾,0,未修改
186641,炸虾,炸虾,0,未修改
186649,香煎腊鱼🐟,香煎腊鱼,1,删除装饰符号
186678,干煸鱼块🐟,干煸鱼块,1,删除装饰符号
186702,啤酒鸭,啤酒鸭,0,未修改
186735,小婷食光🔆大孔蓬松版炸油条,小婷食光大孔蓬松版炸油条,1,删除装饰符号
186752,红烧翅包菇🍄,红烧翅包菇,1,删除装饰符号
186757,炝拌西兰花（简单制作）,炝拌西兰花,1,删除括号说明
186831,日本豆腐蒸蛋羹(不包保鲜膜一样细滑),日本豆腐蒸蛋羹,1,删除括号说明
186899,清炒上海青,清炒上海青,0,未修改
186923,香辣手撕杏鲍菇（低脂素食）,香辣手撕杏鲍菇,1,删除括号说明
186952,米饭杀手红烩牛腩,米饭杀手红烩牛腩,0,未修改
186975,笋尖烧肉,笋尖烧肉,0,未修改
186990,菌菇豆腐西红柿浓汤,菌菇豆腐西红柿浓汤,0,未修改
187000,毛血旺,毛血旺,0,未修改
187012,镜面炖蛋（快手菜）,镜面炖蛋,1,删除括号说明
187076,秘制农家小炒肉,农家小炒肉,1,删除营销定语
187082,伪蟹黄娃娃菜,伪蟹黄娃娃菜,0,未修改
187091,香煎黄花鱼,香煎黄花鱼,0,未修改
187093,肥而不腻的红烧肉,肥而不腻的红烧肉,0,未修改
187101,又脆又绿清炒西兰花,又脆又绿清炒西兰花,0,未修改
187132,葱油爽脆南瓜,葱油爽脆南瓜,0,未修改
187139,5分钟搞定豆豉鱼炒油麦菜,5分钟搞定豆豉鱼炒油麦菜,0,未修改
187166,清蒸鳜鱼,清蒸鳜鱼,0,未修改
187177,超级下饭的素炒合菜,素炒合菜,1,删除营销定语
187238,什锦烤菌菇,什锦烤菌菇,0,未修改
187240,简单香香好吃开胃的蒜苔炒香肠,香香好吃开胃的蒜苔炒香肠,1,删除营销定语
187261,「家常」黄瓜炒虾仁,「家常」黄瓜炒虾仁,0,未修改
187271,葱头蒸龙利鱼 手残党 零失败快手菜,葱头蒸龙利鱼 手残党 零失败快手菜,0,未修改
187338,家庭版豆豉鲮鱼-容易,豆豉鲮鱼-容易,1,删除场景定语
187347,【小森妈妈菜谱】天麻猪脑粥,小森妈妈菜谱 天麻猪脑粥,1,展开标题方括号
187358,葱烧鸡腿🍗烩饭～无法抵挡的下饭菜,葱烧鸡腿烩饭～无法抵挡的下饭菜,1,删除装饰符号
187373,胡萝卜腐竹牛腩煲「瞭望角的厨房」,胡萝卜腐竹牛腩煲「瞭望角的厨房」,0,未修改
187414,香辣蟹,香辣蟹,0,未修改
187421,霉干菜蒸肉,霉干菜蒸肉,0,未修改
187425,🔥超级下饭的鱼香肉丝,超级下饭的鱼香肉丝,1,删除装饰符号
187445,【孕期菜谱】蒜蓉空心菜,孕期菜谱 蒜蓉空心菜,1,展开标题方括号
187448,丝瓜炒鸡蛋,丝瓜炒鸡蛋,0,未修改
187451,清凉爽口的麻酱青瓜拌粉丝,清凉爽口的麻酱青瓜拌粉丝,0,未修改
187494,酸辣木瓜丝,酸辣木瓜丝,0,未修改
187528,干贝滑蛋粥,干贝滑蛋粥,0,未修改
187537,快手菜【丝瓜炒鹌鹑蛋】简单好做，营养美味,菜【丝瓜炒鹌鹑蛋】简单好做,1,删除营销定语；删除宣传后句
187566,秘制卤蛋，超级好吃又下饭,卤蛋,1,删除营销定语；删除宣传后句
187575,牛肉午餐肉,牛肉午餐肉,0,未修改
187587,鸭血豆腐,鸭血豆腐,0,未修改
187618,“女生必备红豆糯糯粥”（完美比例之电饭锅版）喝都不腻的补血养气粥～,女生必备红豆糯糯粥喝都不腻的补血养气粥,1,删除括号说明
187646,白萝卜蹄膀汤,白萝卜蹄膀汤,0,未修改
187702,白菜冻豆腐焖大虾,白菜冻豆腐焖大虾,0,未修改
187708,好吃到舔盘的酱油炒面—8分钟搞定的满分宵夜,到舔盘的酱油炒面—8分钟搞定的满分宵夜,1,删除营销定语
187710,家常麻辣豆腐,家常麻辣豆腐,0,未修改
187723,柠檬百香果麻辣鸡,柠檬百香果麻辣鸡,0,未修改
187731,清炒荷兰豆,清炒荷兰豆,0,未修改
187739,凤爪冬瓜汤,凤爪冬瓜汤,0,未修改
187860,清炒土豆丝（脆生版）😁,清炒土豆丝,1,删除括号说明；删除装饰符号
187893,泡菜国的土豆炖脊骨,泡菜国的土豆炖脊骨,0,未修改
187898,快手清爽的减脂午餐—蒜蓉西兰花香菇木耳、蒸扇贝,清爽的减脂午餐—蒜蓉西兰花香菇木耳、蒸扇贝,1,删除营销定语
187909,清炒笋干肉丝,清炒笋干肉丝,0,未修改
187916,番茄木耳菜,番茄木耳菜,0,未修改
187922,沙姜焗鸡,沙姜焗鸡,0,未修改
187936,爆炒螺蛳肉,爆炒螺蛳肉,0,未修改
187973,淮山片瘦肉汤(附肉片不加淀粉会嫩滑小技巧),淮山片瘦肉汤,1,删除括号说明
187974,浓情肉沫千页豆腐,浓情肉沫千页豆腐,0,未修改
187979,冬菇鸡丁爆青椒,冬菇鸡丁爆青椒,0,未修改
187985,超简单干锅花菜，下饭必备（干锅菜花）,干锅花菜,1,删除括号说明；删除营销定语；删除宣传后句
188008,银芽鱿鱼丝,银芽鱿鱼丝,0,未修改
188077,蚝油香葱草菇炒蛋,蚝油香葱草菇炒蛋,0,未修改
188089,【水煮牛肉】餐厅复刻版,水煮牛肉 餐厅复刻版,1,展开标题方括号
188106,蒜姜鸭腿肉,蒜姜鸭腿肉,0,未修改
188109,清蒸罗非鱼,清蒸罗非鱼,0,未修改
188117,林云志减肥增肌餐12-洋葱芹菜丝瓜绿豆芽鸡蛋肉丝炒年糕快手家常菜健康午餐晚餐,林云志减肥增肌餐12-洋葱芹菜丝瓜绿豆芽鸡蛋肉丝炒年糕快手家常菜健康午餐晚餐,0,未修改
188120,酸菜鱼【大师的菜】,酸菜鱼【大师的菜】,0,未修改
188121,超级下饭菜——小炒肉,菜——小炒肉,1,删除营销定语
188132,贵州辣子鸡（捋味教你在家做）好吃？超详细教程,贵州辣子鸡好吃？超详细教程,1,删除括号说明
188170,一品素藕汤,一品素藕汤,0,未修改
188181,丝瓜不炒  吃出海鲜味,丝瓜不炒 吃出海鲜味,1,未修改
188218,香干炒肉丝,香干炒肉丝,0,未修改
188238,韩式辣炒牛肉,韩式辣炒牛肉,0,未修改
188244,素炒香芹豆腐,素炒香芹豆腐,0,未修改
188247,菠萝咕噜肉,菠萝咕噜肉,0,未修改
188264,寝室食谱|照烧汁鸡腿饭,寝室食谱|照烧汁鸡腿饭,0,未修改
188274,豆干炒香芹,豆干炒香芹,0,未修改
188304,广式蒸排骨比美酒楼厨房,广式蒸排骨比美酒楼厨房,0,未修改
188312,臭豆豉炒腊肉,臭豆豉炒腊肉,0,未修改
188349,红烧丸子/焦溜丸子Q弹感-我家大厨我爸版,红烧丸子/焦溜丸子Q弹感-我家大厨我爸版,0,未修改
188357,布丁厨房之虾酱滑鱼籽,布丁厨房之虾酱滑鱼籽,0,未修改
188360,五花肉茄子土豆炖粉条-妈妈的味道-很下饭哦,五花肉茄子土豆炖粉条-妈妈的味道-很下饭哦,0,未修改
188396,清新夏日-卷心菜杏鲍菇炒蛋,清新夏日-卷心菜杏鲍菇炒蛋,0,未修改
188529,冬瓜炖肉,冬瓜炖肉,0,未修改
188544,清淡的洋葱胡萝卜炒鸡蛋,洋葱胡萝卜炒鸡蛋,1,删除营销定语
188554,山药炒木耳,山药炒木耳,0,未修改
188604,豆腐泡茄子卤,豆腐泡茄子卤,0,未修改
188605,雪碧鸡翅,雪碧鸡翅,0,未修改
188607,黑木耳炒小黄瓜,黑木耳炒小黄瓜,0,未修改
188674,酱瓜炒蛋,酱瓜炒蛋,0,未修改
188684,超级下饭土豆香菇炖鸡腿,土豆香菇炖鸡腿,1,删除营销定语
188687,媲美川菜馆的宫保菜系列之新手也能做的美味宫保鸡丁,媲美川菜馆的宫保菜系列之新手也能做的美味宫保鸡丁,0,未修改
188695,椒香鱼片,椒香鱼片,0,未修改
188732,烧鸡公,烧鸡公,0,未修改
188745,香菇豆腐汤,香菇豆腐汤,0,未修改
188810,爆炒花甲,爆炒花甲,0,未修改
188816,青椒皮蛋。,青椒皮蛋,1,删除宣传后句
188837,三碗不过岗的酸汤牛肉,三碗不过岗的酸汤牛肉,0,未修改
188938,清炒儿菜,清炒儿菜,0,未修改
188973,✨简单下饭的辣炒莲花白（腊肉版）✨,简单下饭的辣炒莲花白,1,删除括号说明；删除装饰符号
188980,快手：香菇鸡翅虎皮鹌鹑蛋煲,香菇鸡翅虎皮鹌鹑蛋煲,1,删除营销定语
188986,小菜|金针菇炒鸡胗,小菜|金针菇炒鸡胗,0,未修改
189001,芹菜炒豆干,芹菜炒豆干,0,未修改
189062,干煸蒜薹肉丝,干煸蒜薹肉丝,0,未修改
189068,五花肉蒸新鲜黄豆（初夏必食）,五花肉蒸新鲜黄豆,1,删除括号说明
189070,battle路边摊都不虚的--香辣肉丝炒面,battle路边摊都不虚的--香辣肉丝炒面,0,未修改
189071,鸡蛋炒面—家的味道,鸡蛋炒面—家的味道,0,未修改
189091,农家一碗香,农家一碗香,0,未修改
189130,鸡蛋炒蘑菇,鸡蛋炒蘑菇,0,未修改
189164,宫保鸡丁,宫保鸡丁,0,未修改
189180,番茄鱼,番茄鱼,0,未修改
189225,葱油拌面,葱油拌面,0,未修改
189230,红菇鸡汤,红菇鸡汤,0,未修改
189239,排骨米饭,排骨米饭,0,未修改
189266,日本家庭土豆炖肉,日本家庭土豆炖肉,0,未修改
189310,炝炒空心菜,炝炒空心菜,0,未修改
189313,减脂餐💕必备系列「清蒸蒜蓉金针菇」,餐必备系列「清蒸蒜蓉金针菇」,1,删除营销定语；删除装饰符号
189361,蒜蓉麻酱菠菜,蒜蓉麻酱菠菜,0,未修改
189419,虾仁炒鸡蛋,虾仁炒鸡蛋,0,未修改
189459,香菇番茄巴沙鱼汤,香菇番茄巴沙鱼汤,0,未修改
189503,土豆炖豆角,土豆炖豆角,0,未修改
189508,家常菜，不加水的多汁西红柿炒蛋，快手美食。,家常菜,1,删除宣传后句
189517,0失败超简单蒜蓉蒸金针菇～下饭神器‼️,0失败超简单蒜蓉蒸金针菇～下饭神器‼️,0,未修改
189563,吮指香辣皮皮虾,吮指香辣皮皮虾,0,未修改
189564,No.125～2岁➕宝宝蔬菜牛肉炒饭,No.125～2岁宝宝蔬菜牛肉炒饭,1,删除装饰符号
189576,泡椒猪肝,泡椒猪肝,0,未修改
189589,宴请特色菜之咖喱虾球,宴请特色菜之咖喱虾球,0,未修改
189621,荤素搭配败败火--苦瓜酿肉,荤素搭配败败火--苦瓜酿肉,0,未修改
189632,藕片香心,藕片香心,0,未修改
189673,香飘满屋，滑嫩的水煮芙蓉鸡片,香飘满屋,1,删除宣传后句
189682,（粤菜）家常酸菜掌翼,家常酸菜掌翼,1,删除括号说明
189684,养肝补血桑葚桂圆糯米粥,养肝补血桑葚桂圆糯米粥,0,未修改
189696,肉沫番茄焖豆腐（超下饭）,肉沫番茄焖豆腐,1,删除括号说明
189762,炒鸡鲜美的淡菜葫瓜汤。,炒鸡鲜美的淡菜葫瓜汤,1,删除宣传后句
189771,焖羊肉,焖羊肉,0,未修改
189788,柿子炒鸡蛋,柿子炒鸡蛋,0,未修改
189827,助力孩子成长～黄瓜炒椴树木耳,助力孩子成长～黄瓜炒椴树木耳,0,未修改
189884,蒜苗炒鸡蛋,蒜苗炒鸡蛋,0,未修改
189894,清炒南瓜头,清炒南瓜头,0,未修改
189902,超下饭的家常川菜-鱼香肉丝（北方口味改良版）,家常川菜-鱼香肉丝,1,删除括号说明；删除营销定语
189925,从小吃的妈妈菜 土豆丝炒鸡蛋,从小吃的妈妈菜 土豆丝炒鸡蛋,0,未修改
189946,新荷塘月色,新荷塘月色,0,未修改
189962,酸菜鸡-味道不输酸菜鱼,酸菜鸡-味道不输酸菜鱼,0,未修改
189990,红烧大鸡腿,红烧大鸡腿,0,未修改
190017,干锅包菜,干锅包菜,0,未修改
190021,青椒酿肉,青椒酿肉,0,未修改
190041,凉拌猪耳朵,凉拌猪耳朵,0,未修改
190050,蒸出来的豆角酿肉,蒸出来的豆角酿肉,0,未修改
190053,辣炒芥菜丝,辣炒芥菜丝,0,未修改
190054,孜然洋葱炒肉,孜然洋葱炒肉,0,未修改
190068,焖酥鱼,焖酥鱼,0,未修改
190087,超简单做肠粉，零失败,做肠粉,1,删除营销定语；删除宣传后句
190088,葱油海瓜子,葱油海瓜子,0,未修改
190098,家庭版简单烧烤,烧烤,1,删除场景定语；删除营销定语
190102,家常双茄拌面,家常双茄拌面,0,未修改
190121,腊肉炒土豆片,腊肉炒土豆片,0,未修改
190134,香辣炒鸡蛋,香辣炒鸡蛋,0,未修改
190138,蒜泥蒸茄子,蒜泥蒸茄子,0,未修改
190187,超级下饭解馋的鸭血粉丝豆腐煲,解馋的鸭血粉丝豆腐煲,1,删除营销定语
190215,蒜苗炒肉片,蒜苗炒肉片,0,未修改
190216,家常地三鲜,家常地三鲜,0,未修改
190226,羊肚菌鸡汤,羊肚菌鸡汤,0,未修改
190228,黄瓜肉丸炒红萝卜,黄瓜肉丸炒红萝卜,0,未修改
190236,鬼鸡,鬼鸡,0,未修改
190242,蒜茸粉丝扇贝,蒜茸粉丝扇贝,0,未修改
190264,荷兰豆小炒黑鸡枞菌,荷兰豆小炒黑鸡枞菌,0,未修改
190288,酸土豆肉丝,酸土豆肉丝,0,未修改
190289,蒜蓉炒芥蓝杆,蒜蓉炒芥蓝杆,0,未修改
190322,【小媳妇】简易学鱼丸紫菜汤,小媳妇 简易学鱼丸紫菜汤,1,展开标题方括号
190330,🔥好吃下饭又简单的小炒菜——酸辣绿豆芽🔥,好吃下饭又简单的小炒菜——酸辣绿豆芽,1,删除装饰符号
190374,简易版韭菜炒鸡蛋（鸡蛋味道非常鲜嫩）,简易版韭菜炒鸡蛋,1,删除括号说明
190389,铁娘子无油快手早餐【鸡蛋豆腐蔬菜羹】,铁娘子无油快手早餐【鸡蛋豆腐蔬菜羹】,0,未修改
190428,雪菜冬笋炒肉,雪菜冬笋炒肉,0,未修改
190431,快手菜下饭一级棒的鲜菇鱼子豆腐羹,菜下饭一级棒的鲜菇鱼子豆腐羹,1,删除营销定语
190437,夏天的味道_清爽凉面,夏天的味道_清爽凉面,0,未修改
190473,难度★ 酸辣白菜（娃娃菜），快手家常菜,难度 酸辣白菜,1,删除括号说明；删除宣传后句；删除装饰符号
190499,【一看就会】超级下饭菜—鱼香茄子,一看就会 超级下饭菜—鱼香茄子,1,展开标题方括号
190507,烧烤味土豆丁|解锁土豆新吃法,烧烤味土豆丁|解锁土豆新吃法,0,未修改
190524,超简单泡咸鸡蛋,泡咸鸡蛋,1,删除营销定语
190537,十分钟快手菜丨豆角炒蛋,十分钟快手菜丨豆角炒蛋,0,未修改
190616,萝卜腐竹炖羊肉,萝卜腐竹炖羊肉,0,未修改
190619,金针菇肥牛卷|卷一卷就 get！大朋友小朋友都爱,金针菇肥牛卷|卷一卷就 get,1,删除宣传后句
190651,番茄鸡蛋菠菜汤,番茄鸡蛋菠菜汤,0,未修改
190659,苦瓜炒牛肉,苦瓜炒牛肉,0,未修改
190690,火山排骨,火山排骨,0,未修改
190754,土豆炖鸡,土豆炖鸡,0,未修改
190777,酱爆大虾,酱爆大虾,0,未修改
190780,鲫鱼和黄豆酱的美丽邂逅,鲫鱼和黄豆酱的美丽邂逅,0,未修改
190805,老母鸡汤,老母鸡汤,0,未修改
190817,番茄土豆牛腩,番茄土豆牛腩,0,未修改
190855,【吃了还想吃的】滋滋滋的酸菜鱼,吃了还想吃的 滋滋滋的酸菜鱼,1,展开标题方括号
190975,减肥酱黄瓜,减肥酱黄瓜,0,未修改
190986,超省事的水汆羊肉丸子,省事的水汆羊肉丸子,1,删除营销定语
191002,烤藤椒风味鸡,烤藤椒风味鸡,0,未修改
191014,新手必备！番茄炒蛋 西红柿炒鸡蛋（不加一滴水）简单美味颜值高 经典系列家常快手菜,新手必备,1,删除括号说明；删除宣传后句
191019,芹菜炒花生米,芹菜炒花生米,0,未修改
191022,炸藕盒,炸藕盒,0,未修改
191033,番茄牛腩汤,番茄牛腩汤,0,未修改
191054,原汁原味大骨头汤,原汁原味大骨头汤,0,未修改
191059,海鲜之蒸扇贝,海鲜之蒸扇贝,0,未修改
191064,蒜香排骨,蒜香排骨,0,未修改
191103,寝室电饭锅糖心蛋,寝室电饭锅糖心蛋,0,未修改
191128,在家也能做大菜之1~“京都排骨”,在家也能做大菜之1~京都排骨,1,未修改
191129,蒜香肉末金针菇,蒜香肉末金针菇,0,未修改
191145,黄瓜土豆豆腐减脂汤,黄瓜土豆豆腐减脂汤,0,未修改
191170,海带瑶柱薏米土豆汤,海带瑶柱薏米土豆汤,0,未修改
191179,网红百香果柠檬鸡爪,百香果柠檬鸡爪,1,删除营销定语
191184,蒜蓉辣酱粉丝蒸白菜,蒜蓉辣酱粉丝蒸白菜,0,未修改
191186,软糯芋儿烧鸡,软糯芋儿烧鸡,0,未修改
191208,低卡高蛋白，表面嫩滑底面焦脆巨好吃的蟹柳窝蛋,低卡高蛋白,1,删除宣传后句
191250,08-佛手瓜炒肉丝,08-佛手瓜炒肉丝,0,未修改
191305,凉拌杏鲍菇,凉拌杏鲍菇,0,未修改
191314,徐州美食家常地锅鸡,徐州美食家常地锅鸡,0,未修改
191326,下饭菜/炒鸭肠,菜/炒鸭肠,1,删除营销定语
191346,黄酒焖童子鸡,黄酒焖童子鸡,0,未修改
191347,尖椒小炒肉＃易上手“下饭香”,尖椒小炒肉＃易上手下饭香,1,未修改
191352,黄瓜炖肉,黄瓜炖肉,0,未修改
191387,双笋爆香干,双笋爆香干,0,未修改
191430,【我比肉还好吃～】蚝油香菇青菜（豪华plus版）,我比肉还好吃～ 蚝油香菇青菜,1,展开标题方括号；删除括号说明
191460,黄绿搭配～青椒炒鸡蛋,黄绿搭配～青椒炒鸡蛋,0,未修改
191514,瑶家十八酿之笋子酿,瑶家十八酿之笋子酿,0,未修改
191557,减肥餐–香菇炒青菜,减肥餐–香菇炒青菜,0,未修改
191559,宝宝五彩面片,宝宝五彩面片,0,未修改
191562,烤牛骨土豆片,烤牛骨土豆片,0,未修改
191668,清炒花蛤,清炒花蛤,0,未修改
191693,白萝卜素丸子,白萝卜素丸子,0,未修改
191696,秋日暖汤•田园大骨汤,秋日暖汤•田园大骨汤,0,未修改
191726,虾皮🦐烩冬瓜🥗,虾皮烩冬瓜,1,删除装饰符号
191750,包菜炒粉条,包菜炒粉条,0,未修改
191761,快手家常肉炒油豆腐,家常肉炒油豆腐,1,删除营销定语
191780,肉末炒小白菜,肉末炒小白菜,0,未修改
191790,九层妖塔虾🦐,九层妖塔虾,1,删除装饰符号
191807,茶树菇炒肉茶树菇炒鸡翅,茶树菇炒肉茶树菇炒鸡翅,0,未修改
191812,蒜蓉菜心,蒜蓉菜心,0,未修改
191827,仔排年糕,仔排年糕,0,未修改
191872,夏日凉拌菜：无油凉拌鸡丝，无敌下饭,夏日凉拌菜：无油凉拌鸡丝,1,删除宣传后句
191891,啫喱般嫩的蒸鸡蛋,啫喱般嫩的蒸鸡蛋,0,未修改
191911,红烧排骨,红烧排骨,0,未修改
191921,鸡丁青椒~超级下饭菜,鸡丁青椒~超级下饭菜,0,未修改
191945,红烧武昌鱼,红烧武昌鱼,0,未修改
191955,莲藕焖🍲排骨汤                （电压力锅版）,莲藕焖排骨汤,1,删除括号说明；删除装饰符号
191976,番茄柠檬巴沙鱼，宝宝餐减脂减肥餐，汤鲜下饭,番茄柠檬巴沙鱼,1,删除宣传后句
191991,海米拌芹菜,海米拌芹菜,0,未修改
192042,黄焖鸡/超级下饭！！,黄焖鸡/超级下饭,1,删除宣传后句
192090,蟹柳虾米豆腐煲,蟹柳虾米豆腐煲,0,未修改
192097,丝瓜炒鸡蛋超简单,丝瓜炒鸡蛋超简单,0,未修改
192098,东北大油豆炖排骨,东北大油豆炖排骨,0,未修改
192119,健康低卡家常菜——低油版白灼秋葵,低卡家常菜——低油版白灼秋葵,1,删除营销定语
192147,鲜香豆末,鲜香豆末,0,未修改
192154,豆腐盒子,豆腐盒子,0,未修改
192165,红烧鸡翅,红烧鸡翅,0,未修改
192175,不加一滴油❗️香辣过瘾巨好吃的奥尔良孜然鸡翅,不加一滴油️香辣过瘾巨好吃的奥尔良孜然鸡翅,1,删除装饰符号
192196,南方人的新疆汤饭,南方人的新疆汤饭,0,未修改
192232,鲜嫩无比❗️丝瓜炒蛋,鲜嫩无比️丝瓜炒蛋,1,删除装饰符号
192235,红烧鱼,红烧鱼,0,未修改
192236,辅食【奶香仙贝蘑菇浓汤】,辅食【奶香仙贝蘑菇浓汤】,0,未修改
192275,木须油菜「快手素菜」,木须油菜「快手素菜」,0,未修改
192294,西红柿土豆炖牛腩,西红柿土豆炖牛腩,0,未修改
192298,爆炒基围虾,爆炒基围虾,0,未修改
192306,肉沫豆角,肉沫豆角,0,未修改
192321,清炒小油菜,清炒小油菜,0,未修改
192344,上汤豆苗汤-师父的绝技,上汤豆苗汤-师父的绝技,0,未修改
192379,绝味脊骨炖土豆,绝味脊骨炖土豆,0,未修改
192408,【孕妇食谱】番茄土豆片，酸甜可口，色香味美又下饭～,番茄土豆片,1,删除开头标签；删除宣传后句
192424,快速凉拌嫩豆腐~,快速凉拌嫩豆腐,1,未修改
192439,西红柿炒金针菇,西红柿炒金针菇,0,未修改
192452,养肥老公的36道菜:04肉末茄子,养肥老公的36道菜:04肉末茄子,0,未修改
192458,干煸粉丝/泰皇粉丝煲·伪,干煸粉丝/泰皇粉丝煲·伪,0,未修改
192463,番茄金针菇巴沙鱼,番茄金针菇巴沙鱼,0,未修改
192465,④步搞定🍆好吃又简单•蒜香茄子,④步搞定好吃又简单•蒜香茄子,1,删除装饰符号
192512,㊙️下饭利器❗️零失败家常版宫保鸡丁🔥,㊙️下饭利器️零失败家常版宫保鸡丁,1,删除装饰符号
192531,西红柿豆腐汤,西红柿豆腐汤,0,未修改
192559,🍋柠檬版家庭自制豆腐无需卤水视频版,柠檬版家庭自制豆腐无需卤水视频版,1,删除装饰符号
192630,四川家常甜口回锅肉,四川家常甜口回锅肉,0,未修改
192642,超好吃的辣味蒜香鸡块,辣味蒜香鸡块,1,删除营销定语
192656,蒸面条,蒸面条,0,未修改
192660,孜然肥牛杏鲍菇,孜然肥牛杏鲍菇,0,未修改
192697,辣椒炒五花肉,辣椒炒五花肉,0,未修改
192699,炒花蛤,炒花蛤,0,未修改
192737,番茄炒蛋，一看就会的家常下饭菜,番茄炒蛋,1,删除宣传后句
192743,脆皮黄瓜炒肉,脆皮黄瓜炒肉,0,未修改
192773,西葫芦番茄浓汤【婆媳汤】,西葫芦番茄浓汤【婆媳汤】,0,未修改
192780,菠萝炒鸡,菠萝炒鸡,0,未修改
192783,生菜山药炒菜,生菜山药炒菜,0,未修改
192792,适合孩子吃的宫保鸡丁(不辣),适合孩子吃的宫保鸡丁,1,删除括号说明
192845,生腌梭子蟹,生腌梭子蟹,0,未修改
192911,邢小秋—10分钟快手 河南版“疙瘩汤”,邢小秋—10分钟快手 河南版疙瘩汤,1,未修改
192919,泡椒牛肉丝,泡椒牛肉丝,0,未修改
192949,青椒土豆片,青椒土豆片,0,未修改
192955,青豆炒腊肠,青豆炒腊肠,0,未修改
192990,青菜菜谱2⃣️1⃣️-秋葵炒蛋（小清新风格）,青菜菜谱2⃣️1⃣️-秋葵炒蛋,1,删除括号说明
192999,香菇爱上虾(香菇酿虾仁),香菇爱上虾,1,删除括号说明
193000,虾米炒粉丝,虾米炒粉丝,0,未修改
193012,㊙️低卡高蛋白，茄汁包菜焖豆腐,㊙️低卡高蛋白,1,删除宣传后句
193039,丝瓜炒毛豆,丝瓜炒毛豆,0,未修改
193072,韭菜炒豆芽【下饭菜】【减肥菜谱】【快手菜式】,韭菜炒豆芽【下饭菜】【减肥菜谱】【快手菜式】,0,未修改
193080,尖椒土豆片,尖椒土豆片,0,未修改
193114,【蛋包饭】,蛋包饭,1,展开标题方括号
193145,冬瓜枸杞虾仁汤🦐,冬瓜枸杞虾仁汤,1,删除装饰符号
193157,红椒牛肉,红椒牛肉,0,未修改
193189,鸡蛋炒莴笋（青笋）,鸡蛋炒莴笋,1,删除括号说明
193205,蒜蓉秋葵,蒜蓉秋葵,0,未修改
193215,肉丝炒茄条,肉丝炒茄条,0,未修改
193255,椰丝咖喱虾,椰丝咖喱虾,0,未修改
193261,【大徐家常菜】白萝卜汆丸子,白萝卜汆丸子,1,删除开头标签
193264,韭黄炒肉丝,韭黄炒肉丝,0,未修改
193308,酸甜菠萝炒鸡,酸甜菠萝炒鸡,0,未修改
193310,毛豆炒肉肉,毛豆炒肉肉,0,未修改
193312,台湾葱油鸡🐔，简单几步做出鲜嫩多汁，爽滑弹牙，带有回甘的鸡肉！,台湾葱油鸡,1,删除宣传后句；删除装饰符号
193328,快手早餐|紫薯燕麦红豆牛奶粥,早餐|紫薯燕麦红豆牛奶粥,1,删除营销定语
193331,冬笋炒肉片,冬笋炒肉片,0,未修改
193334,蚝油牛柳•荷兰豆炒牛肉,蚝油牛柳•荷兰豆炒牛肉,0,未修改
193387,不过油的灯笼茄子🍆,不过油的灯笼茄子,1,删除装饰符号
193416,毛豆彩椒炒鸡丁-好看又营养,毛豆彩椒炒鸡丁-好看又营养,0,未修改
193419,高升排骨-最最最最最简单的排骨做法！,高升排骨-最最最最最简单的排骨做法,1,删除宣传后句
193422,外公的私房菜之【五彩烤麸】,外公的私房菜之【五彩烤麸】,0,未修改
193457,炒鸡下饭菜老干妈酱烧土豆条茄块,炒鸡下饭菜老干妈酱烧土豆条茄块,0,未修改
193458,红烧土豆牛肉,红烧土豆牛肉,0,未修改
193474,大厨带你做之女儿最爱的家常快手小炒 芹菜炒粉 老少皆宜减肥也随便吃,大厨带你做之女儿最爱的家常快手小炒 芹菜炒粉 老少皆宜减肥也随便吃,0,未修改
193475,鲜百合炒山药芹菜,鲜百合炒山药芹菜,0,未修改
193494,博士厨房-三色咖喱藜麦,博士厨房-三色咖喱藜麦,0,未修改
193502,【健康减脂】西兰花炒虾仁,西兰花炒虾仁,1,删除开头标签
193518,一种调料焗鸡翅配栗子,一种调料焗鸡翅配栗子,0,未修改
193535,「超简单」美味蒸鸡,「超简单」美味蒸鸡,0,未修改
193544,肉香白菜炖粉条,肉香白菜炖粉条,0,未修改
193545,寒冷天气在家自制粥底火锅，好吃不上火！,寒冷天气在家自制粥底火锅,1,删除宣传后句
193560,素香肠炒春笋,素香肠炒春笋,0,未修改
193561,芸豆炒豆干,芸豆炒豆干,0,未修改
193566,超级好吃的又好做的椒盐鸡翅👍👍👍,又好做的椒盐鸡翅,1,删除营销定语；删除装饰符号
193567,杏鲍菇牛肉粒,杏鲍菇牛肉粒,0,未修改
193591,土豆焖鸡翅,土豆焖鸡翅,0,未修改
193642,黄瓜炒火腿,黄瓜炒火腿,0,未修改
193651,清炒豆芽,清炒豆芽,0,未修改
193659,牛肉丸子汤,牛肉丸子汤,0,未修改
193663,青椒炒鸡胸肉,青椒炒鸡胸肉,0,未修改
193695,爆炒腊牛肉,爆炒腊牛肉,0,未修改
193698,孩子爱吃的洋葱炒牛肉,孩子爱吃的洋葱炒牛肉,0,未修改
193700,火腿黄瓜青椒丁,火腿黄瓜青椒丁,0,未修改
193718,葱爆蚕蛹,葱爆蚕蛹,0,未修改
193726,什锦玉米（无油菜）,什锦玉米,1,删除括号说明
193727,脆爽开胃小菜(苤蓝),脆爽开胃小菜,1,删除括号说明
193773,和风烧汁肥牛&蛋清滑饭,和风烧汁肥牛&蛋清滑饭,0,未修改
193829,东北菜之酱扒茄子,东北菜之酱扒茄子,0,未修改
193839,凉拌鱼腥草,凉拌鱼腥草,0,未修改
193859,香辣红烧鳊鱼,香辣红烧鳊鱼,0,未修改
193876,极妙厨房丨茭白肉丝（茭白版鱼香肉丝）,极妙厨房丨茭白肉丝,1,删除括号说明
193916,爆炒蒜苗炒五花肉,爆炒蒜苗炒五花肉,0,未修改
193940,紫菜鸡蛋汤,紫菜鸡蛋汤,0,未修改
193988,牛腩焖白萝卜萝卜炖牛腩,牛腩焖白萝卜萝卜炖牛腩,0,未修改
193991,鱼汤这样做，好喝到飞起，汤底奶白鲜美！！,鱼汤,1,删除说明性后缀
194057,青瓜木耳炒猪猁,青瓜木耳炒猪猁,0,未修改
194068,奶香口蘑（蘑菇）鸡胸肉,奶香口蘑鸡胸肉,1,删除括号说明
194217,泡菜牛肝菌,泡菜牛肝菌,0,未修改
194253,双丝抱暖-姜丝炒肉,双丝抱暖-姜丝炒肉,0,未修改
194275,咖喱午餐肉拌饭,咖喱午餐肉拌饭,0,未修改
194315,照烧鸡腿饭！,照烧鸡腿饭,1,删除宣传后句
194368,海鲜菇肉片,海鲜菇肉片,0,未修改
194376,青椒炒香肠,青椒炒香肠,0,未修改
194431,好吃又养生的山药炒木耳,又养生的山药炒木耳,1,删除营销定语
194433,金银黄金炒饭,金银黄金炒饭,0,未修改
194448,蚝油杏鲍菇,蚝油杏鲍菇,0,未修改
194496,番茄菜花,番茄菜花,0,未修改
194498,尖椒炒蛋,尖椒炒蛋,0,未修改
194525,吕氏葱花饼🌸,吕氏葱花饼,1,删除装饰符号
194543,锅塌豆腐,锅塌豆腐,0,未修改
194613,喷香馋人回锅肉,喷香馋人回锅肉,0,未修改
194623,地摊美食也低卡–韩式泡菜牛肉粉丝汤,地摊美食也低卡–韩式泡菜牛肉粉丝汤,0,未修改
194637,超下饭——芋艿糊,芋艿糊,1,删除营销定语
194641,简单快手汤～紫菜鸡蛋汤,汤～紫菜鸡蛋汤,1,删除营销定语
194673,芦笋蘑菇炒香肠,芦笋蘑菇炒香肠,0,未修改
194696,茄子豆角,茄子豆角,0,未修改
194711,超级下饭的橄榄菜四季豆炒肉,橄榄菜四季豆炒肉,1,删除营销定语
194719,外婆红烧肉,外婆红烧肉,0,未修改
194728,红烧柚子皮,红烧柚子皮,0,未修改
194745,冬瓜炒榨菜,冬瓜炒榨菜,0,未修改
194746,素什锦,素什锦,0,未修改
194759,家常炖鱼,家常炖鱼,0,未修改
194870,五彩虾仁,五彩虾仁,0,未修改
194900,月子餐素耗油手撕杏鲍菇,月子餐素耗油手撕杏鲍菇,0,未修改
194909,【汤羹】海带排骨汤,汤羹 海带排骨汤,1,展开标题方括号
194945,适合夏天低脂健康的捣蒜茄子 附各种风味凉拌茄子酱汁,适合夏天低脂健康的捣蒜茄子 附各种风味凉拌茄子酱汁,0,未修改
194949,青红椒炒墨鱼,青红椒炒墨鱼,0,未修改
194991,梅干菜蒸南瓜-梅干菜扣肉吃不起啦！,梅干菜蒸南瓜-梅干菜扣肉吃不起啦,1,删除宣传后句
195001,番茄土豆炖牛肉【自用存档】,番茄土豆炖牛肉【自用存档】,0,未修改
195002,家常土豆片,家常土豆片,0,未修改
195024,清炒花菜,清炒花菜,0,未修改
195059,颜值凉菜|黄金三色蛋,颜值凉菜|黄金三色蛋,0,未修改
195063,笋干炖五花肉,笋干炖五花肉,0,未修改
195116,雪梨毛豆豆腐羹（无油无盐菜）,雪梨毛豆豆腐羹,1,删除括号说明
195117,清爽小菜🍳绿豆芽炒香干,清爽小菜绿豆芽炒香干,1,删除装饰符号
195131,苦瓜排骨汤,苦瓜排骨汤,0,未修改
195154,荷兰豆炒蛋,荷兰豆炒蛋,0,未修改
195155,彩色蝇头小菜~盖浇饭,彩色蝇头小菜~盖浇饭,0,未修改
195163,白菜油豆腐粉丝,白菜油豆腐粉丝,0,未修改
195193,油焖蒜苔蚕豆,油焖蒜苔蚕豆,0,未修改
195199,青椒鱼饼丝,青椒鱼饼丝,0,未修改
195226,豉油鸡,豉油鸡,0,未修改
195227,清蒸鲈鱼🐟,清蒸鲈鱼,1,删除装饰符号
195255,芹菜炒香干,芹菜炒香干,0,未修改
195299,简单好做 宫保鸡丁（家常版）,好做 宫保鸡丁,1,删除括号说明；删除营销定语
195301,肉沫炒卞萝卜,肉沫炒卞萝卜,0,未修改
195305,简单快手低脂的番茄蛋汤,番茄蛋汤,1,删除营销定语
195312,西红柿鸡蛋烩豆腐,西红柿鸡蛋烩豆腐,0,未修改
195327,不放盐的小辣椒炒里脊肉吃三碗大米饭嘎嘎香,不放盐的小辣椒炒里脊肉吃三碗大米饭嘎嘎香,0,未修改
195347,牛肉炒草菇,牛肉炒草菇,0,未修改
195392,焖扁豆,焖扁豆,0,未修改
195397,辣子鸡丁,辣子鸡丁,0,未修改
195445,小美 辣炒金针菇,小美 辣炒金针菇,0,未修改
195473,木瓜泳池|爸爸厨房 VOL.020--木瓜、牛奶,木瓜泳池|爸爸厨房 VOL.020--木瓜、牛奶,0,未修改
195517,珍珠丸子,珍珠丸子,0,未修改
195530,豆角炒肉,豆角炒肉,0,未修改
195549,清蒸大闸蟹（＃湘潭篇）,清蒸大闸蟹,1,删除括号说明
195601,干煸牛肉丝,干煸牛肉丝,0,未修改
195613,西红柿🍅炒菜花,西红柿炒菜花,1,删除装饰符号
195619,东菱免注水加热便当盒/炒时蔬+番茄肉酱,东菱免注水加热便当盒/炒时蔬+番茄肉酱,0,未修改
195622,榄菜炒油菜,榄菜炒油菜,0,未修改
195636,豆豉炒春笋,豆豉炒春笋,0,未修改
195638,麻辣小龙虾（附小龙虾卫生处理方法）,麻辣小龙虾,1,删除括号说明
195671,爆下饭💥辣子炒鸡蛋,爆下饭辣子炒鸡蛋,1,删除装饰符号
195676,黄芪蒸童子鸡-太阳谷食谱,黄芪蒸童子鸡-太阳谷食谱,0,未修改
195784,专治孕吐/没胃口的酸汤面,专治孕吐/没胃口的酸汤面,0,未修改
195798,快手午饭之黑椒洋葱爆牛肉,午饭之黑椒洋葱爆牛肉,1,删除营销定语
195884,蒸小酥肉,蒸小酥肉,0,未修改
195941,番茄金针菇,番茄金针菇,0,未修改
195961,五花肉炖酸菜,五花肉炖酸菜,0,未修改
195977,低脂低卡丝瓜菌菇蛋汤❗️好吃不胖～,低卡丝瓜菌菇蛋汤️好吃不胖,1,删除营销定语；删除装饰符号
196020,虾仁韭黄炒蛋,虾仁韭黄炒蛋,0,未修改
196039,黄瓜皮蛋汤,黄瓜皮蛋汤,0,未修改
196047,手残快手菜【木瓜浸鸡】,手残快手菜【木瓜浸鸡】,0,未修改
196088,简单一锅端之番茄鸡胸肉杂蔬意面,一锅端之番茄鸡胸肉杂蔬意面,1,删除营销定语
196125,香煎鸡蛋豆腐,香煎鸡蛋豆腐,0,未修改
196209,蒜蓉虎皮椒,蒜蓉虎皮椒,0,未修改
196242,鸡肉丝清炒嫩黄瓜,鸡肉丝清炒嫩黄瓜,0,未修改
196244,西红柿卷心菜黎麦粥,西红柿卷心菜黎麦粥,0,未修改
196247,绝不会翻车的洋葱炒土豆～,绝不会翻车的洋葱炒土豆,1,未修改
196261,白菜炖粉条,白菜炖粉条,0,未修改
196313,家常爸爸小炒—初夏的清爽小菜,家常爸爸小炒—初夏的清爽小菜,0,未修改
196346,土鸡炖油豆皮,土鸡炖油豆皮,0,未修改
196366,芝麻菜水果沙拉,芝麻菜水果沙拉,0,未修改
196387,鲜芦笋香菇炒肉片,鲜芦笋香菇炒肉片,0,未修改
196398,五花肉豇豆烧-大口吃肉却一点也不腻！,五花肉豇豆烧-大口吃肉却一点也不腻,1,删除宣传后句
196415,菜花煲（花菜煲）,菜花煲,1,删除括号说明
196438,赵薇夸奖的赛螃蟹番茄炒蛋,赵薇夸奖的赛螃蟹番茄炒蛋,0,未修改
196457,爱吃的红烧鸡块,爱吃的红烧鸡块,0,未修改
196459,不想吃饭的时候来一个蒜末茄子,不想吃饭的时候来一个蒜末茄子,0,未修改
196488,单身狗—蒸娃娃菜,单身狗—蒸娃娃菜,0,未修改
196492,粉条炒鸡蛋,粉条炒鸡蛋,0,未修改
196506,菜粥,菜粥,0,未修改
196516,换种炒法~黄豆酱炒空心菜,换种炒法~黄豆酱炒空心菜,0,未修改
196539,快手上汤娃娃菜,上汤娃娃菜,1,删除营销定语
196559,青椒炒牛肉——粤版,青椒炒牛肉——粤版,0,未修改
196577,爆炒小龙虾家庭版,爆炒小龙虾家庭版,0,未修改
196638,熏肉肠炒青菜,熏肉肠炒青菜,0,未修改
196726,老黄瓜烧河虾,老黄瓜烧河虾,0,未修改
196759,白鲫鱼汤浸萝卜丝,白鲫鱼汤浸萝卜丝,0,未修改
196775,简单下饭沙茶豆腐煲,沙茶豆腐煲,1,删除营销定语
196806,包菜丝炒虾仁,包菜丝炒虾仁,0,未修改
196822,玉米排骨粥,玉米排骨粥,0,未修改
196846,干锅千页豆腐,干锅千页豆腐,0,未修改
196847,耗油香菇油菜,耗油香菇油菜,0,未修改
196869,青蒜烧鸡腿菇,青蒜烧鸡腿菇,0,未修改
196887,紫菜蛋花儿汤,紫菜蛋花儿汤,0,未修改
196908,蛋黄豆腐（萌新版）,蛋黄豆腐,1,删除括号说明
196938,满口香的酱油蛋炒饭,满口香的酱油蛋炒饭,0,未修改
196950,酸汤面,酸汤面,0,未修改
196973,私房小炒圆白菜,私房小炒圆白菜,0,未修改
197009,胡萝卜瘦肉粥（15分钟）,胡萝卜瘦肉粥,1,删除括号说明
197046,蒸粉丝扇贝肉,蒸粉丝扇贝肉,0,未修改
197063,西葫芦炒肉,西葫芦炒肉,0,未修改
197075,土豆圆葱炖鸡,土豆圆葱炖鸡,0,未修改
197076,莲藕排骨汤,莲藕排骨汤,0,未修改
197108,干炸巴沙鱼块 巴沙鱼和龙利鱼你分得清吗,干炸巴沙鱼块 巴沙鱼和龙利鱼你分得清吗,0,未修改
197110,干锅肥肠,干锅肥肠,0,未修改
197118,香菇肉丸,香菇肉丸,0,未修改
197122,家常小炒,家常小炒,0,未修改
197125,萧山萝卜干炒毛豆（嫩毛豆版）,萧山萝卜干炒毛豆,1,删除括号说明
197167,板栗烧鸡🌰,板栗烧鸡,1,删除装饰符号
197172,清炒红薯叶,清炒红薯叶,0,未修改
197180,百合遇见荷兰豆,百合遇见荷兰豆,0,未修改
197221,家常炒🍆茄子🍆,家常炒茄子,1,删除装饰符号
197222,韭菜花炒腊牛肉,韭菜花炒腊牛肉,0,未修改
197232,焖鸡翅组合煲,焖鸡翅组合煲,0,未修改
197316,超嫩腌牛肉🥩火锅烧烤炒菜必备🔥,嫩腌牛肉火锅烧烤炒菜必备,1,删除营销定语；删除装饰符号
197328,红椒肉片炒扁豆,红椒肉片炒扁豆,0,未修改
197364,福寿羊肉汤,福寿羊肉汤,0,未修改
197389,姥爷姥娘的青椒炒干子,姥爷姥娘的青椒炒干子,0,未修改
197415,好吃到令人难为情的，私房咖喱虾,到令人难为情的,1,删除营销定语；删除宣传后句
197416,虾滑圆子番茄汤,虾滑圆子番茄汤,0,未修改
197453,辣椒炒鸡丁,辣椒炒鸡丁,0,未修改
197484,萌娃下饭菜－炒玉米粒萝卜粒黄豆,萌娃下饭菜－炒玉米粒萝卜粒黄豆,0,未修改
197562,青椒炒鸡腿肉,青椒炒鸡腿肉,0,未修改
197582,虾米烧豆腐,虾米烧豆腐,0,未修改
197600,好吃到销魂！姜汁烧茄子,到销魂,1,删除营销定语；删除宣传后句
197634,没有肉的鱼香肉丝😂猪肉太贵，做个鱼香鸡蛋一样很美味,没有肉的鱼香肉丝猪肉太贵,1,删除宣传后句；删除装饰符号
197650,凉拌鸡,凉拌鸡,0,未修改
197659,豉油皇鸡脚,豉油皇鸡脚,0,未修改
197663,贡菜(莴苣笋干)炒咸肉,贡菜炒咸肉,1,删除括号说明
197680,健康低卡吃面—茄汁拌面🍜,低卡吃面—茄汁拌面,1,删除营销定语；删除装饰符号
197690,黄瓜炒豆干,黄瓜炒豆干,0,未修改
197707,炝炒圆白菜【健康家常菜】,炝炒圆白菜【健康家常菜】,0,未修改
197708,虾仁滑蛋,虾仁滑蛋,0,未修改
197744,三文鱼头蘑菇汤,三文鱼头蘑菇汤,0,未修改
197745,炝炒花菜,炝炒花菜,0,未修改
197775,🌰栗子香菇滑鸡饭,栗子香菇滑鸡饭,1,删除装饰符号
197798,儿童辅食：菠菜蒸蛋，简单蒸一蒸，护眼长身体,儿童辅食：菠菜蒸蛋,1,删除宣传后句
197804,妈妈的味道糯米饭,妈妈的味道糯米饭,0,未修改
197833,超级下饭鱼香肉丝（不辣版）,鱼香肉丝,1,删除括号说明；删除营销定语
197935,排骨冬瓜汤,排骨冬瓜汤,0,未修改
197936,毛豆烧冬瓜,毛豆烧冬瓜,0,未修改
197997,香辣蟹,香辣蟹,0,未修改
198018,鲜到掉眉毛㊙️茄汁虾仁蘑菇意面🍝超简单呢🍤,鲜到掉眉毛㊙️茄汁虾仁蘑菇意面超简单呢,1,删除装饰符号
198025,好吃不胖😋柠檬蜂蜜鸡胸肉,不胖柠檬蜂蜜鸡胸肉,1,删除营销定语；删除装饰符号
198028,低卡快手菜❤️海米冬瓜汤&小银鱼冬瓜汤❤️,低卡快手菜️海米冬瓜汤&小银鱼冬瓜汤️,1,删除装饰符号
198031,芹菜番茄炒鸡蛋,芹菜番茄炒鸡蛋,0,未修改
198063,红烧茄子,红烧茄子,0,未修改
198069,香椿炒蛋,香椿炒蛋,0,未修改
198074,田园小炒,田园小炒,0,未修改
198100,“🤡竹蛏先生de呐喊🙀”爆炒竹蛏皇（家常改良版）,竹蛏先生de呐喊爆炒竹蛏皇,1,删除括号说明；删除装饰符号
198153,珍珠汤（疙瘩汤）清淡,珍珠汤清淡,1,删除括号说明
198159,快手菜—炒鲜蘑,炒鲜蘑,1,删除分类前缀
198168,羊杂汤(实拍，不修图),羊杂汤,1,删除括号说明
198194,五指毛桃筒骨汤,五指毛桃筒骨汤,0,未修改
198242,葱爆花甲,葱爆花甲,0,未修改
198250,木耳芹菜炒肉丝,木耳芹菜炒肉丝,0,未修改
198266,菠菜豆腐汤,菠菜豆腐汤,0,未修改
198298,干锅包菜,干锅包菜,0,未修改
198351,快手～鲜虾豆腐,鲜虾豆腐,1,删除营销定语
198380,砂锅鲢鱼头（也可不用砂锅）,砂锅鲢鱼头,1,删除括号说明
198381,调饺子馅儿,调饺子馅儿,0,未修改
198386,糖醋紫甘蓝（勾氏私房菜）,糖醋紫甘蓝,1,删除括号说明
198388,大白菜肉丸炖豆腐🍲,大白菜肉丸炖豆腐,1,删除装饰符号
198389,西芹炖鸭肉,西芹炖鸭肉,0,未修改
198399,白菜番茄煲,白菜番茄煲,0,未修改
198420,麻婆豆腐（家常简单版本）超好吃😋,麻婆豆腐超好吃,1,删除括号说明；删除装饰符号
198459,蒜茸西兰花,蒜茸西兰花,0,未修改
198496,玉子烧锅做金针菇肥牛卷,玉子烧锅做金针菇肥牛卷,0,未修改
198499,快手肥羊乌冬面,肥羊乌冬面,1,删除营销定语
198525,5分钟炒青菜,5分钟炒青菜,0,未修改
198566,腊排骨萝卜汤,腊排骨萝卜汤,0,未修改
198567,养肝护胃_西葫芦海带疙瘩汤,养肝护胃_西葫芦海带疙瘩汤,0,未修改
198582,炒娃娃菜,炒娃娃菜,0,未修改
198593,杏鲍菇炒火腿,杏鲍菇炒火腿,0,未修改
198645,简化版法国名菜油封鸭,简化版法国名菜油封鸭,0,未修改
198655,香椿炒鸡蛋（错过要等一年）,香椿炒鸡蛋,1,删除括号说明
198680,素炒西葫芦,素炒西葫芦,0,未修改
198695,咸鱼红米炒饭【发酵食堂】,咸鱼红米炒饭【发酵食堂】,0,未修改
198698,拌凉面,拌凉面,0,未修改
198722,香嫩软糯的芋头蒸排骨,香嫩软糯的芋头蒸排骨,0,未修改
198729,蒜香培根炒豇豆,蒜香培根炒豇豆,0,未修改
198742,西红柿炖牛肉,西红柿炖牛肉,0,未修改
198759,乱炖五花肉,乱炖五花肉,0,未修改
198764,能多吃两碗饭的蒜香肉沫茄子,能多吃两碗饭的蒜香肉沫茄子,0,未修改
198774,东北名菜---尖椒干豆腐,东北名菜---尖椒干豆腐,0,未修改
198812,（每天一道减脂餐💕）韩式牛肉拌饭,韩式牛肉拌饭,1,删除括号说明
198893,蒜蓉红薯叶,蒜蓉红薯叶,0,未修改
198960,5分钟上桌好吃舔盘西葫芦炒牛肉,5分钟上桌好吃舔盘西葫芦炒牛肉,0,未修改
198987,腊肉炒春笋,腊肉炒春笋,0,未修改
198997,油面筋番茄蛋汤,油面筋番茄蛋汤,0,未修改
199007,鸡胗芥兰,鸡胗芥兰,0,未修改
199018,干锅有机菜花,干锅有机菜花,0,未修改
199029,番茄炖牛肉,番茄炖牛肉,0,未修改
199059,鲜蘑菇炒尖椒,鲜蘑菇炒尖椒,0,未修改
199074,【大象厨房】莲藕排骨汤,大象厨房 莲藕排骨汤,1,展开标题方括号
199093,（小园）柿子黄瓜炒鸡蛋,柿子黄瓜炒鸡蛋,1,删除括号说明
199106,小美版牛腩炖凤爪,小美版牛腩炖凤爪,0,未修改
199110,素炒土豆丝,素炒土豆丝,0,未修改
199144,苦瓜炒肉片,苦瓜炒肉片,0,未修改
199146,干煸杏鲍菇,干煸杏鲍菇,0,未修改
199166,香菇肉沫蒸蛋,香菇肉沫蒸蛋,0,未修改
199167,广式腊肠炒松茸,广式腊肠炒松茸,0,未修改
199178,凉拌黄瓜,凉拌黄瓜,0,未修改
199283,四川人的家常“醋辣子”,四川人的家常醋辣子,1,未修改
199324,孩子们超级爱吃的“鸡翅包饭”,孩子们超级爱吃的鸡翅包饭,1,未修改
199401,清蒸多宝鱼,清蒸多宝鱼,0,未修改
199459,虎皮海椒,虎皮海椒,0,未修改
199465,鱼香茄子,鱼香茄子,0,未修改
199466,清炒丝瓜,清炒丝瓜,0,未修改
199516,肉末酱焖茄子,肉末酱焖茄子,0,未修改
199519,韭菜盒子,韭菜盒子,0,未修改
199522,不是卤肉饭的卤肉饭,不是卤肉饭的卤肉饭,0,未修改
199573,清炒生菜,清炒生菜,0,未修改
199618,清汤萝卜牛腩,清汤萝卜牛腩,0,未修改
199619,宫保鸡丁,宫保鸡丁,0,未修改
199665,麻辣皮皮虾（甜辣口）,麻辣皮皮虾,1,删除括号说明
199666,红烩牛肉,红烩牛肉,0,未修改
199685,酸辣榨菜肉丝桂林米粉,酸辣榨菜肉丝桂林米粉,0,未修改
199726,超下饭的爆炒鸭胗,爆炒鸭胗,1,删除营销定语
199727,纯东北烀豇豆咸菜酱菜,纯东北烀豇豆咸菜酱菜,0,未修改
199734,不肥腻的超快手红烧辣猪脚,不肥腻的超快手红烧辣猪脚,0,未修改
199739,香菇炖翅根,香菇炖翅根,0,未修改
199761,随手就来的红烧鸡爪,随手就来的红烧鸡爪,0,未修改
199768,手工拉面➕番茄炖牛腩,手工拉面番茄炖牛腩,1,删除装饰符号
199809,虾仁炒四季豆（豆角皆可）,虾仁炒四季豆,1,删除括号说明
199846,青鱼干红烧肉,青鱼干红烧肉,0,未修改
199878,肉末豆角,肉末豆角,0,未修改
199879,素炒西芹香菇,素炒西芹香菇,0,未修改
199887,潮汕菜脯蛋,潮汕菜脯蛋,0,未修改
199921,想想茭白炒火腿,想想茭白炒火腿,0,未修改
199923,家庭版鸭肠炒饭（双人份）,鸭肠炒饭,1,删除括号说明；删除场景定语
199955,连盛三碗饭的番茄牛腩汤,连盛三碗饭的番茄牛腩汤,0,未修改
199958,冬日里温暖的羊肉汤,冬日里温暖的羊肉汤,0,未修改
