dish_id,ingredient_id,source_ingredient_id,match_type
5,14,14,direct
5,46,46,direct
5,66,66,direct
15,7,7,direct
15,75,75,direct
19,1,1,direct
19,3,3,direct
19,36,36,direct
19,52,52,direct
19,178,178,direct
44,11,11,direct
51,5,5,direct
51,6,6,direct
51,12,12,direct
51,15,15,direct
51,24,15,ancestor
68,7,7,direct
68,14,14,direct
77,3,3,direct
77,6,6,direct
77,63,63,direct
77,274,274,direct
112,3,3,direct
134,1,1,direct
134,2,2,direct
135,2,2,direct
135,3,3,direct
135,84,84,direct
138,6,6,direct
138,23,23,direct
138,24,24,direct
166,1,1,direct
166,2,2,direct
166,3,3,direct
166,91,91,direct
166,431,431,direct
185,1,1,direct
185,24,589,ancestor
185,589,589,direct
192,14,14,direct
192,36,36,direct
192,80,80,direct
197,3,3,direct
197,8,82,ancestor
197,59,59,direct
197,82,82,direct
235,2,2,direct
235,27,27,direct
238,1,1,direct
238,2,2,direct
238,3,3,direct
238,11,11,direct
238,24,143,ancestor
238,143,143,direct
263,2,2,direct
263,3,3,direct
263,24,24,direct
263,147,147,direct
265,3,3,direct
265,88,88,direct
265,254,254,direct
283,2,2,direct
283,26,26,direct
335,3,3,direct
335,6,6,direct
335,21,21,direct
335,24,24,direct
335,57,57,direct
335,254,254,direct
349,2,2,direct
349,3,3,direct
349,11,11,direct
349,12,12,direct
349,24,589,ancestor
349,589,589,direct
366,288,288,direct
368,1,1,direct
368,3,3,direct
368,9,9,direct
368,11,11,direct
368,31,31,direct
368,91,91,direct
368,397,397,direct
375,1,1,direct
375,2,2,direct
375,11,11,direct
375,110,110,direct
400,2,2,direct
400,3,3,direct
400,426,426,direct
413,1,1,direct
413,2,2,direct
413,3,3,direct
415,3,3,direct
415,4,37,ancestor
415,33,33,direct
415,37,37,direct
415,145,145,direct
418,2,2,direct
418,3,3,direct
418,5,5,direct
427,1,1,direct
427,6,6,direct
427,9,9,direct
427,16,16,direct
427,19,19,direct
427,26,26,direct
427,92,92,direct
427,218,218,direct
430,3,3,direct
436,2,2,direct
436,33,33,direct
436,134,134,direct
436,239,239,direct
436,362,362,direct
445,1,1,direct
445,2,2,direct
445,3,3,direct
445,40,40,direct
454,3,3,direct
454,17,17,direct
454,24,24,direct
469,1,1,direct
469,2,2,direct
490,2,2,direct
490,3,3,direct
490,11,11,direct
490,24,24,direct
490,49,49,direct
504,2,2,direct
504,8,8,direct
504,123,123,direct
526,2,2,direct
526,22,22,direct
526,53,53,direct
532,2,2,direct
532,3,3,direct
532,4,4,direct
532,5,5,direct
532,11,11,direct
532,49,49,direct
532,110,110,direct
542,8,8,direct
542,104,104,direct
595,2,2,direct
595,3,3,direct
595,60,60,direct
596,1,1,direct
612,1,1,direct
612,7,7,direct
625,3,3,direct
625,9,9,direct
625,57,57,direct
625,58,140,ancestor
625,63,63,direct
625,140,140,direct
627,1,1,direct
627,2,2,direct
627,3,3,direct
627,235,235,direct
670,6,6,direct
670,7,7,direct
670,23,23,direct
670,40,40,direct
670,536,536,direct
696,1,1,direct
696,3,3,direct
696,17,17,direct
728,3,3,direct
728,5,5,direct
728,8,82,ancestor
728,12,12,direct
728,14,14,direct
728,82,82,direct
768,1,1,direct
768,3,3,direct
768,4,204,ancestor
768,204,204,direct
780,1,1,direct
780,111,111,direct
783,4,4,direct
783,11,11,direct
789,1,1,direct
789,2,2,direct
789,7,7,direct
789,18,18,direct
789,60,60,direct
789,106,106,direct
791,1,1,direct
791,3,3,direct
791,11,11,direct
791,24,24,direct
796,3,3,direct
796,11,11,direct
796,12,12,direct
796,23,23,direct
796,24,24,direct
818,3,3,direct
818,59,59,direct
839,11,11,direct
839,18,18,direct
839,33,33,direct
839,110,110,direct
857,7,7,direct
857,41,41,direct
857,590,41,ancestor
907,2,2,direct
907,3,3,direct
907,9,9,direct
907,12,12,direct
907,70,70,direct
907,112,112,direct
907,292,292,direct
915,148,148,direct
936,7,7,direct
936,48,48,direct
961,24,71,ancestor
961,71,71,direct
975,1,1,direct
975,3,3,direct
975,58,58,direct
976,1,1,direct
976,3,3,direct
976,50,50,direct
978,1,1,direct
978,2,2,direct
978,3,3,direct
978,5,5,direct
978,24,589,ancestor
978,71,71,direct
978,589,589,direct
981,3,3,direct
994,1,1,direct
994,3,3,direct
994,4,204,ancestor
994,6,6,direct
994,13,13,direct
994,204,204,direct
1035,2,2,direct
1035,3,3,direct
1035,50,50,direct
1035,86,86,direct
1072,91,91,direct
1072,243,243,direct
1092,3,3,direct
1092,4,4,direct
1092,6,6,direct
1092,19,19,direct
1092,52,52,direct
1101,2,2,direct
1101,11,11,split
1101,49,49,split
1101,344,344,direct
1130,1,1,direct
1130,3,3,direct
1130,5,5,direct
1130,6,6,direct
1130,12,12,direct
1130,15,15,direct
1130,24,15,ancestor
1131,5,5,direct
1131,6,6,direct
1131,7,7,direct
1131,221,221,direct
1165,29,29,direct
1185,129,129,direct
1185,362,362,direct
1189,8,8,direct
1189,222,222,direct
1216,65,65,direct
1236,7,7,direct
1236,14,14,direct
1247,1,1,direct
1249,3,3,direct
1249,221,221,direct
1256,2,2,direct
1292,3,3,direct
1292,4,10,ancestor
1292,10,10,direct
1322,2,2,direct
1322,3,3,direct
1322,6,6,direct
1322,11,11,direct
1322,12,12,direct
1322,23,23,direct
1322,24,589,ancestor
1322,589,589,direct
1331,1,1,direct
1331,4,37,ancestor
1331,11,11,split
1331,33,33,direct
1331,37,37,direct
1331,49,49,split
1378,7,7,direct
1378,48,48,direct
1451,1,1,direct
1451,3,3,direct
1451,88,88,direct
1477,7,7,direct
1479,1,1,direct
1479,3,3,direct
1499,1,1,direct
1499,2,2,direct
1499,3,3,direct
1499,9,9,direct
1499,11,11,direct
1499,49,49,direct
1499,95,95,direct
1499,206,206,direct
1503,1,1,split
1503,2,2,split
1503,3,3,split
1503,234,234,direct
1503,590,234,ancestor
1514,1,1,direct
1514,2,2,direct
1514,3,3,direct
1517,3,3,direct
1517,590,590,direct
1522,4,10,ancestor
1522,10,10,direct
1522,104,104,direct
1522,362,362,direct
1535,48,48,direct
1551,18,18,direct
1551,142,142,direct
1578,4,4,direct
1578,29,29,direct
1578,48,48,direct
1630,1,1,direct
1630,2,2,direct
1630,3,3,direct
1630,8,8,direct
1630,11,11,direct
1630,184,184,direct
1645,3,3,direct
1645,4,10,ancestor
1645,10,10,direct
1678,7,7,direct
1678,337,337,direct
1694,1,1,direct
1694,2,2,direct
1694,4,4,direct
1694,6,6,direct
1694,7,7,direct
1694,76,76,direct
1696,1,1,direct
1696,2,2,direct
1696,3,3,direct
1707,1,1,direct
1707,2,2,direct
1707,3,3,direct
1707,12,12,direct
1707,23,23,direct
1707,91,91,direct
1722,5,5,direct
1722,83,83,direct
1725,7,7,direct
1725,11,11,direct
1761,1,1,direct
1761,2,2,direct
1761,12,12,direct
1763,1,1,direct
1763,2,2,direct
1763,3,3,direct
1763,6,6,direct
1763,7,7,direct
1763,14,14,direct
1763,15,15,direct
1763,23,23,direct
1763,24,15,ancestor
1768,1,1,direct
1768,7,7,direct
1768,11,11,direct
1794,2,2,direct
1794,11,11,direct
1794,91,91,direct
1802,5,5,direct
1802,7,7,direct
1802,15,15,direct
1802,24,15,ancestor
1823,1,1,direct
1823,3,3,direct
1823,29,29,direct
1845,1,1,split
1845,2,2,split
1845,11,11,direct
1856,1,1,split
1856,2,2,split
1856,3,3,split
1856,4,203,ancestor
1856,7,7,direct
1856,91,91,direct
1856,203,203,direct
1877,3,3,direct
1884,1,1,direct
1884,3,3,direct
1884,590,590,direct
1901,94,94,direct
1901,96,96,direct
1901,242,242,direct
1910,2,2,direct
1910,3,3,direct
1910,11,11,direct
1910,49,49,direct
1910,369,369,direct
1910,590,369,ancestor
1917,2,2,direct
1917,3,3,direct
1917,5,5,direct
1917,50,50,direct
1917,80,80,direct
1987,6,6,direct
1987,13,13,direct
1987,15,15,direct
1987,24,15,ancestor
1987,60,60,direct
2002,2,2,direct
2003,1,1,direct
2005,3,3,direct
2005,330,330,direct
2005,590,330,ancestor
2010,6,6,direct
2010,15,15,direct
2010,24,15,ancestor
2010,60,60,direct
2011,53,53,direct
2023,2,2,direct
2023,14,14,direct
2023,18,18,direct
2023,23,23,direct
2023,41,41,direct
2023,46,46,direct
2023,70,70,direct
2023,590,41,ancestor
2024,1,1,direct
2024,2,2,split
2024,3,3,split
2024,8,8,direct
2029,1,1,direct
2029,3,3,direct
2042,2,2,direct
2042,4,4,direct
2042,70,70,direct
2044,3,3,direct
2044,4,4,direct
2045,1,1,direct
2045,2,2,direct
2045,23,23,direct
2045,91,91,direct
2085,2,2,direct
2085,18,18,direct
2085,264,264,direct
2139,6,6,direct
2139,23,23,direct
2139,163,163,direct
2139,248,248,direct
2147,180,180,direct
2185,2,2,direct
2185,26,26,direct
2185,40,40,direct
2195,59,59,direct
2195,111,111,direct
2203,84,84,direct
2205,2,2,direct
2205,7,7,direct
2205,40,40,direct
2205,95,95,direct
2248,2,2,direct
2248,5,5,direct
2248,8,8,direct
2248,46,46,direct
2253,243,243,direct
2330,1,1,direct
2330,2,2,direct
2330,3,3,direct
2335,23,23,direct
2355,2,2,direct
2355,3,3,direct
2355,327,327,direct
2364,1,1,direct
2364,3,3,direct
2364,24,589,ancestor
2364,278,278,direct
2364,589,589,direct
2366,11,11,direct
2366,12,12,direct
2389,3,3,direct
2389,57,57,direct
2389,58,58,direct
2389,63,63,direct
2399,3,3,direct
2399,19,19,direct
2407,1,1,direct
2407,3,3,direct
2407,6,6,direct
2407,13,13,direct
2417,1,1,direct
2417,2,2,direct
2417,11,11,direct
2417,12,12,direct
2417,110,110,direct
2418,8,8,direct
2418,104,104,direct
2426,2,2,direct
2426,12,12,direct
2426,84,84,direct
2428,3,3,direct
2428,590,590,direct
2434,2,2,direct
2435,227,227,direct
2454,13,13,direct
2461,3,3,direct
2461,5,5,direct
2461,8,8,direct
2461,11,11,direct
2491,2,2,direct
2491,3,3,direct
2491,11,11,direct
2491,24,24,direct
2491,36,36,direct
2492,3,3,direct
2492,5,5,direct
2492,11,11,direct
2539,1,1,direct
2539,2,2,direct
2539,3,3,direct
2539,181,181,direct
2540,1,1,direct
2540,4,4,direct
2543,1,1,direct
2543,3,3,direct
2543,156,156,direct
2548,2,2,direct
2548,6,6,direct
2548,41,41,direct
2548,60,60,direct
2548,294,294,direct
2548,590,41,ancestor
2552,2,2,direct
2552,12,12,direct
2552,26,26,direct
2552,185,185,direct
2560,2,2,direct
2560,8,8,direct
2560,11,11,direct
2560,18,18,direct
2578,1,1,direct
2578,3,3,direct
2578,126,126,direct
2617,1,1,direct
2617,2,2,direct
2633,2,2,direct
2633,6,6,direct
2633,69,69,direct
2644,1,1,direct
2644,2,2,direct
2644,3,3,direct
2644,164,164,direct
2644,391,391,direct
2665,2,2,direct
2665,3,3,direct
2674,6,6,direct
2674,20,20,direct
2681,1,1,direct
2681,11,11,direct
2681,126,126,direct
2681,164,164,direct
2752,109,109,direct
2755,1,1,split
2755,2,2,split
2755,3,3,split
2755,129,129,direct
2762,3,3,direct
2779,1,1,split
2779,2,2,split
2779,3,3,split
2779,4,10,ancestor
2779,7,7,direct
2779,10,10,direct
2795,2,2,direct
2795,3,3,direct
2795,52,52,direct
2795,357,357,direct
2815,1,1,direct
2815,3,3,direct
2815,24,24,direct
2815,93,93,direct
2859,134,134,direct
2859,590,590,direct
2860,1,1,direct
2860,4,10,ancestor
2860,6,6,direct
2860,10,10,direct
2860,221,221,direct
2897,1,1,direct
2897,2,2,direct
2897,3,3,direct
2897,4,10,ancestor
2897,10,10,direct
2897,17,17,direct
2897,123,123,direct
2919,2,2,direct
2948,1,1,split
2948,2,2,split
2948,3,3,split
2948,8,152,ancestor
2948,11,11,direct
2948,115,115,direct
2948,152,152,direct
2948,423,423,direct
2978,3,3,direct
2978,8,152,ancestor
2978,27,27,direct
2978,152,152,direct
2984,3,3,direct
2984,6,6,direct
2984,7,7,direct
2984,19,19,direct
2984,590,590,direct
3011,2,2,direct
3011,4,10,ancestor
3011,10,10,direct
3011,130,130,direct
3025,1,1,direct
3025,178,178,direct
3034,1,1,direct
3034,3,3,direct
3036,2,2,direct
3036,11,11,direct
3036,19,19,direct
3036,26,26,direct
3036,44,44,direct
3064,2,2,direct
3064,70,70,direct
3071,4,4,direct
3071,41,41,direct
3071,590,41,ancestor
3081,2,2,direct
3081,257,257,direct
3095,11,11,direct
3095,12,12,direct
3095,23,23,direct
3095,24,589,ancestor
3095,589,589,direct
3138,1,1,direct
3138,3,3,direct
3138,129,129,direct
3210,3,3,direct
3210,17,17,direct
3212,1,1,direct
3212,309,309,direct
3218,1,1,direct
3218,2,2,direct
3218,7,7,direct
3218,11,11,direct
3218,14,14,direct
3257,7,7,direct
3257,337,337,direct
3258,3,3,direct
3258,11,11,direct
3258,23,23,direct
3258,24,589,ancestor
3258,49,49,direct
3258,589,589,direct
3273,7,7,direct
3273,145,145,direct
3337,2,2,direct
3337,3,3,direct
3337,11,11,direct
3337,18,18,direct
3337,340,340,direct
3371,2,2,direct
3371,11,11,direct
3371,243,243,direct
3378,1,1,split
3378,3,3,split
3378,4,37,ancestor
3378,37,37,direct
3378,151,151,direct
3383,2,2,direct
3383,6,6,direct
3383,15,15,direct
3383,24,15,ancestor
3383,50,50,direct
3383,84,84,direct
3468,1,1,direct
3468,2,2,direct
3468,3,3,direct
3468,9,9,direct
3468,16,16,direct
3468,79,79,direct
3516,12,12,direct
3516,24,24,direct
3516,93,93,direct
3521,1,1,direct
3521,23,23,direct
3560,2,2,direct
3560,3,3,direct
3560,14,14,direct
3579,1,1,direct
3579,3,3,direct
3585,1,1,direct
3585,2,2,direct
3585,11,11,direct
3609,2,2,direct
3609,8,8,direct
3609,81,81,direct
3633,24,71,ancestor
3633,71,71,direct
3645,4,4,direct
3645,20,20,direct
3645,151,151,direct
3649,1,1,direct
3649,2,2,direct
3649,4,4,direct
3649,7,7,direct
3649,76,76,direct
3653,3,3,direct
3653,11,11,direct
3653,49,49,direct
3653,326,326,direct
3684,2,2,direct
3684,18,18,direct
3684,59,59,direct
3702,20,20,direct
3733,61,61,direct
3733,265,265,direct
3750,6,6,direct
3750,65,65,direct
3750,97,97,direct
3757,6,6,direct
3757,145,145,direct
3761,2,2,direct
3761,5,5,direct
3761,11,11,direct
3761,12,12,direct
3771,2,2,direct
3771,7,7,direct
3771,19,19,direct
3782,3,3,direct
3782,115,115,direct
3786,2,2,direct
3786,44,44,direct
3789,12,12,direct
3800,2,2,direct
3800,110,110,direct
3811,2,2,direct
3856,1,1,direct
3856,2,2,direct
3856,3,3,direct
3856,5,5,direct
3856,6,6,direct
3856,8,82,ancestor
3856,12,12,direct
3856,14,14,direct
3856,82,82,direct
3877,1,1,direct
3877,2,2,direct
3877,3,3,direct
3877,4,10,ancestor
3877,10,10,direct
3877,46,46,direct
3891,3,3,direct
3891,11,11,direct
3891,115,115,direct
3891,322,322,direct
3922,5,5,direct
3922,6,6,direct
3922,8,8,direct
3922,9,9,direct
3922,14,14,direct
3922,103,103,direct
3952,7,7,direct
3952,103,103,direct
3952,231,231,direct
4032,1,1,direct
4032,2,2,direct
4032,18,18,direct
4032,46,46,direct
4052,4,4,direct
4052,7,7,direct
4052,67,67,direct
4062,2,2,direct
4062,198,198,direct
4069,2,2,direct
4069,3,3,direct
4069,33,33,direct
4069,50,50,direct
4069,138,138,direct
4069,178,178,direct
4070,1,1,direct
4070,12,12,direct
4070,19,19,direct
4087,2,2,direct
4107,3,3,direct
4107,29,29,direct
4150,1,1,direct
4150,2,2,direct
4150,36,36,direct
4150,91,91,direct
4154,2,2,direct
4154,3,3,direct
4154,11,11,direct
4154,24,24,direct
4185,1,1,direct
4185,4,37,ancestor
4185,37,37,direct
4185,49,49,direct
4185,85,85,direct
4190,2,2,direct
4190,7,7,direct
4190,9,9,direct
4190,17,17,direct
4190,90,90,direct
4223,1,1,direct
4223,7,7,direct
4223,134,134,direct
4223,199,199,direct
4223,254,254,direct
4227,2,2,direct
4227,91,91,direct
4227,110,110,direct
4227,142,142,direct
4246,2,2,direct
4246,3,3,direct
4246,80,80,direct
4284,1,1,direct
4284,2,2,direct
4284,3,3,direct
4284,497,497,direct
4316,12,12,direct
4322,5,5,direct
4322,6,6,direct
4322,19,19,direct
4322,20,20,direct
4322,24,589,ancestor
4322,76,76,direct
4322,163,163,direct
4322,589,589,direct
4327,2,2,direct
4327,3,3,direct
4327,80,80,direct
4368,1,1,direct
4368,2,2,direct
4368,254,254,direct
4374,1,1,direct
4374,2,2,direct
4374,3,3,direct
4374,12,12,direct
4384,1,1,direct
4384,3,3,direct
4384,4,10,ancestor
4384,7,7,direct
4384,10,10,direct
4384,28,28,direct
4384,29,29,direct
4390,24,71,ancestor
4390,31,31,direct
4390,71,71,direct
4391,8,8,direct
4391,80,80,direct
4391,184,184,direct
4400,3,3,direct
4430,1,1,direct
4430,2,2,direct
4450,3,3,direct
4450,21,21,direct
4450,24,24,direct
4450,57,57,direct
4457,2,2,direct
4457,7,7,direct
4457,17,17,direct
4489,1,1,direct
4489,3,3,direct
4489,4,10,ancestor
4489,10,10,direct
4537,14,14,direct
4537,590,590,direct
4569,3,3,direct
4569,4,339,ancestor
4569,13,13,direct
4569,32,339,ancestor
4569,339,339,direct
4602,4,4,direct
4602,5,5,direct
4620,1,1,direct
4620,2,2,direct
4620,3,3,direct
4620,4,10,ancestor
4620,10,10,direct
4620,50,50,direct
4631,2,2,direct
4631,3,3,direct
4631,5,5,direct
4631,48,48,direct
4631,56,56,direct
4631,59,59,direct
4644,3,3,direct
4644,57,57,direct
4655,7,7,direct
4655,96,96,direct
4683,6,6,direct
4683,103,103,direct
4683,138,138,direct
4707,30,30,direct
4707,65,65,direct
4720,5,5,direct
4720,244,244,direct
4750,1,1,direct
4750,2,2,direct
4750,3,3,direct
4750,18,18,direct
4758,4,10,ancestor
4758,10,10,direct
4766,2,2,direct
4766,3,3,direct
4766,261,261,direct
4777,46,46,direct
4777,70,70,direct
4777,333,333,direct
4806,3,3,direct
4806,9,9,direct
4806,126,126,direct
4821,584,584,direct
4851,9,9,direct
4851,83,83,direct
4901,1,1,direct
4901,11,11,direct
4901,83,83,direct
4906,2,2,direct
4906,6,6,direct
4906,29,29,direct
4906,118,118,direct
4915,2,2,direct
4915,3,3,direct
4915,15,15,direct
4915,24,15,ancestor
4915,104,104,direct
4958,64,64,direct
4975,1,1,direct
4975,2,2,direct
4975,5,5,direct
4975,6,6,direct
4975,8,8,direct
4975,12,12,direct
4975,17,17,direct
5018,2,2,direct
5018,3,3,direct
5047,2,2,direct
5047,3,3,direct
5047,7,7,direct
5047,27,27,direct
5047,79,79,direct
5047,92,92,direct
5056,1,1,direct
5056,2,2,direct
5056,3,3,direct
5056,4,204,ancestor
5056,9,9,direct
5056,11,11,direct
5056,18,18,direct
5056,204,204,direct
5117,1,1,direct
5117,3,3,direct
5117,52,52,direct
5123,2,2,direct
5123,254,254,direct
5128,20,20,direct
5146,46,46,direct
5146,147,147,direct
5147,1,1,direct
5147,3,3,direct
5147,5,5,direct
5147,6,6,direct
5147,23,23,direct
5147,33,33,direct
5147,58,58,direct
5217,6,6,direct
5217,7,7,direct
5217,11,11,direct
5217,19,19,direct
5245,7,7,direct
5272,1,1,direct
5272,2,2,direct
5272,3,3,direct
5272,147,147,direct
5296,3,3,direct
5296,4,37,ancestor
5296,37,37,direct
5296,194,194,direct
5317,7,7,direct
5343,2,2,direct
5343,264,264,direct
5356,1,1,direct
5356,2,2,direct
5356,93,93,direct
5375,3,3,direct
5375,277,277,direct
5375,292,277,ancestor
5418,1,1,direct
5418,3,3,direct
5432,24,212,ancestor
5432,70,70,direct
5432,212,212,direct
5434,5,5,direct
5434,17,17,direct
5438,1,1,direct
5438,41,41,direct
5438,495,495,direct
5438,590,41,ancestor
5490,3,3,direct
5490,258,258,direct
5490,340,340,direct
5554,3,3,direct
5554,21,21,direct
5554,170,170,direct
5554,333,333,direct
5569,5,5,direct
5569,33,33,direct
5569,74,74,direct
5602,4,37,ancestor
5602,5,5,direct
5602,7,7,direct
5602,17,17,direct
5602,37,37,direct
5602,76,76,direct
5607,1,1,direct
5607,2,2,direct
5607,46,46,direct
5608,58,58,direct
5608,106,106,direct
5627,2,2,direct
5627,3,3,direct
5627,4,10,ancestor
5627,10,10,direct
5627,11,11,direct
5631,284,284,direct
5651,2,2,direct
5651,14,14,direct
5663,1,1,direct
5663,2,2,direct
5663,3,3,direct
5663,12,12,direct
5702,1,1,direct
5702,3,3,direct
5709,2,2,direct
5711,6,6,direct
5711,60,60,direct
5711,97,97,direct
5748,332,332,direct
5789,1,1,direct
5789,15,15,direct
5789,24,15,ancestor
5789,70,70,direct
5811,109,109,direct
5811,229,229,direct
5821,4,10,ancestor
5821,10,10,direct
5823,1,1,direct
5823,2,2,direct
5823,3,3,direct
5823,4,215,ancestor
5823,6,6,direct
5823,33,33,direct
5823,215,215,direct
5823,220,220,direct
5824,1,1,direct
5824,7,7,direct
5824,14,14,direct
5827,3,3,direct
5827,91,91,direct
5827,117,117,direct
5828,2,2,direct
5828,7,7,direct
5828,11,11,direct
5849,1,1,direct
5849,2,2,direct
5849,3,3,direct
5849,4,37,ancestor
5849,11,11,direct
5849,37,37,direct
5920,1,1,direct
5920,3,3,direct
5920,7,7,direct
5927,80,80,direct
5945,352,352,direct
5974,1,1,direct
5974,12,12,direct
6008,1,1,split
6008,2,2,split
6008,7,7,direct
6053,2,2,direct
6053,3,3,direct
6141,2,2,direct
6141,3,3,direct
6141,92,92,direct
6168,2,2,direct
6204,1,1,direct
6204,3,3,direct
6204,4,10,ancestor
6204,10,10,direct
6206,5,5,direct
6206,11,11,direct
6206,26,26,direct
6206,78,78,direct
6218,2,2,direct
6218,3,3,direct
6218,156,156,direct
6228,2,2,direct
6228,3,3,direct
6228,5,5,direct
6228,8,82,ancestor
6228,12,12,direct
6228,14,14,direct
6228,82,82,direct
6231,1,1,direct
6231,356,356,direct
6231,590,356,ancestor
6236,14,14,direct
6243,1,1,direct
6243,2,2,direct
6243,3,3,direct
6243,17,17,direct
6243,27,27,direct
6243,58,58,direct
6243,80,80,direct
6243,117,117,direct
6243,228,228,direct
6243,489,489,direct
6243,490,490,direct
6273,2,2,direct
6273,44,44,direct
6284,11,11,direct
6284,12,12,direct
6284,110,110,direct
6307,1,1,direct
6307,11,11,direct
6309,1,1,direct
6309,7,7,direct
6309,14,14,direct
6309,15,15,direct
6309,24,15,ancestor
6310,3,3,direct
6332,1,1,direct
6332,3,3,direct
6332,57,57,direct
6332,127,127,direct
6372,4,4,direct
6372,12,12,direct
6390,7,7,direct
6390,547,547,direct
6411,16,16,direct
6411,25,25,direct
6411,26,26,direct
6411,38,38,direct
6411,312,312,direct
6416,5,5,direct
6424,3,3,direct
6424,4,10,ancestor
6424,7,7,direct
6424,10,10,direct
6468,1,1,direct
6468,3,3,direct
6468,126,126,direct
6490,76,76,direct
6520,19,19,direct
6520,138,138,direct
6529,24,24,direct
6532,7,7,direct
6532,36,36,direct
6532,483,483,direct
6535,2,2,direct
6535,590,590,direct
6591,1,1,direct
6591,2,2,direct
6591,324,324,direct
6687,2,2,direct
6687,5,5,direct
6687,69,69,direct
6698,1,1,direct
6698,236,236,direct
6699,1,1,direct
6699,2,2,direct
6699,4,4,direct
6699,12,12,direct
6699,110,110,direct
6721,2,2,direct
6721,3,3,direct
6721,6,6,direct
6721,12,12,direct
6721,14,14,direct
6721,23,23,direct
6721,33,33,direct
6721,342,342,direct
6721,590,590,direct
6751,1,1,direct
6751,4,4,direct
6751,96,96,direct
6811,3,3,direct
6811,4,4,direct
6818,1,1,direct
6818,3,3,direct
6818,5,5,direct
6818,7,7,direct
6818,8,8,direct
6820,2,2,direct
6820,3,3,direct
6820,6,6,direct
6820,12,12,direct
6820,24,589,ancestor
6820,589,589,direct
6851,3,3,direct
6851,24,24,direct
6851,33,33,direct
6858,90,90,direct
6858,181,181,direct
6859,1,1,direct
6859,2,2,direct
6859,3,3,direct
6859,7,7,direct
6859,126,126,direct
6876,3,3,direct
6876,14,14,direct
6876,27,27,direct
6876,50,50,direct
6876,93,93,direct
6876,276,276,direct
6876,382,382,direct
6897,1,1,direct
6897,3,3,direct
6915,90,90,direct
6921,2,2,direct
6921,12,12,direct
6929,2,2,direct
6929,18,18,direct
6974,15,15,direct
6974,24,15,ancestor
6982,1,1,direct
6982,40,40,direct
6996,1,1,split
6996,2,2,split
6996,3,3,split
6996,11,11,split
6996,50,50,split
6996,58,58,direct
7009,1,1,direct
7009,108,108,direct
7022,2,2,direct
7030,1,1,direct
7030,2,2,direct
7030,110,110,direct
7034,2,2,direct
7034,29,29,direct
7087,2,2,direct
7087,238,238,direct
7102,2,2,direct
7102,81,81,direct
7102,83,83,direct
7139,2,2,direct
7139,3,3,direct
7139,19,19,direct
7139,91,91,direct
7145,1,1,direct
7145,2,2,direct
7145,3,3,direct
7153,1,1,direct
7153,2,2,direct
7153,3,3,direct
7153,9,9,direct
7153,23,23,direct
7153,27,27,direct
7173,2,2,direct
7173,11,11,direct
7175,1,1,direct
7175,2,2,direct
7175,3,3,direct
7212,2,2,direct
7212,3,3,direct
7212,11,11,direct
7212,50,50,direct
7212,83,83,direct
7212,171,171,direct
7229,46,46,direct
7235,12,12,direct
7235,72,72,direct
7258,7,7,direct
7258,15,15,direct
7258,24,15,ancestor
7258,164,164,direct
7284,1,1,direct
7284,3,3,direct
7288,2,2,direct
7288,230,230,direct
7288,244,244,direct
7292,2,2,direct
7292,3,3,direct
7304,2,2,direct
7304,11,11,direct
7304,110,110,direct
7304,181,181,direct
7315,1,1,split
7315,3,3,split
7315,7,7,direct
7335,7,7,direct
7335,19,19,direct
7351,2,2,direct
7351,3,3,direct
7351,12,12,direct
7351,58,250,ancestor
7351,250,250,direct
7364,2,2,direct
7364,3,3,direct
7364,4,4,direct
7368,1,1,direct
7368,2,2,direct
7368,3,3,direct
7368,19,19,direct
7368,83,83,direct
7382,1,1,direct
7382,2,2,direct
7382,6,6,direct
7382,41,41,direct
7382,49,49,direct
7382,590,41,ancestor
7415,2,2,direct
7415,14,14,direct
7434,1,1,direct
7434,2,2,direct
7434,3,3,direct
7434,11,11,direct
7441,20,20,direct
7471,1,1,direct
7471,2,2,direct
7471,3,3,direct
7471,9,9,direct
7471,78,78,direct
7475,1,1,direct
7475,2,2,direct
7475,3,3,direct
7475,9,9,direct
7475,50,50,direct
7492,2,2,direct
7492,3,3,direct
7492,9,9,direct
7492,22,22,direct
7492,24,589,ancestor
7492,589,589,direct
7507,7,7,direct
7507,19,19,direct
7514,2,2,direct
7514,3,3,direct
7514,6,6,direct
7514,19,19,direct
7514,23,23,direct
7586,1,1,direct
7586,7,7,direct
7586,14,14,direct
7586,33,33,direct
7586,41,41,direct
7586,44,44,direct
7586,69,69,direct
7586,590,41,ancestor
7611,2,2,direct
7714,3,3,direct
7714,4,4,direct
7714,52,52,direct
7714,108,108,direct
7723,19,19,direct
7730,7,7,direct
7730,24,589,ancestor
7730,589,589,direct
7779,145,145,direct
7787,7,7,direct
7787,14,14,direct
7787,53,53,direct
7790,1,1,direct
7790,2,2,direct
7790,46,46,direct
7792,1,1,direct
7792,2,2,direct
7792,3,3,direct
7792,421,421,direct
7794,1,1,direct
7794,2,2,direct
7794,110,110,direct
7813,1,1,direct
7813,2,2,direct
7813,6,6,direct
7813,11,11,direct
7813,85,85,direct
7818,1,1,direct
7818,14,14,direct
7827,3,3,direct
7827,24,24,direct
7827,56,56,direct
7832,6,6,direct
7837,1,1,direct
7837,3,3,direct
7837,4,10,ancestor
7837,7,7,direct
7837,10,10,direct
7837,14,14,direct
7837,17,17,direct
7844,1,1,direct
7844,2,2,direct
7844,3,3,direct
7844,8,8,direct
7844,9,9,direct
7848,2,2,direct
7848,14,14,direct
7848,110,110,direct
7850,1,1,direct
7850,3,3,direct
7850,151,151,direct
7861,2,2,direct
7861,9,9,direct
7861,110,110,direct
7861,274,274,direct
7876,2,2,direct
7876,18,18,direct
7876,70,70,direct
7877,254,254,direct
7879,2,2,direct
7879,7,7,direct
7879,40,40,direct
7892,1,1,direct
7892,4,37,ancestor
7892,37,37,direct
7901,1,1,direct
7901,3,3,direct
7901,5,5,direct
7901,24,24,direct
7909,7,7,direct
7909,14,14,direct
7909,46,46,direct
7910,3,3,direct
7910,4,10,ancestor
7910,10,10,direct
7910,101,101,direct
7925,5,5,direct
7925,7,7,direct
7925,19,19,direct
7943,6,6,direct
7943,11,11,direct
7943,12,12,direct
7943,24,589,ancestor
7943,589,589,direct
7959,2,2,direct
7959,50,50,direct
7959,70,70,direct
7982,1,1,direct
7982,2,2,direct
7982,3,3,direct
7982,8,8,direct
7982,40,40,direct
8005,1,1,direct
8005,2,2,direct
8005,3,3,direct
8005,409,409,direct
8012,7,7,direct
8053,1,1,direct
8053,2,2,direct
8053,3,3,direct
8053,7,7,direct
8053,11,11,direct
8053,50,50,direct
8053,222,222,direct
8110,16,16,direct
8110,21,21,direct
8110,96,96,direct
8110,373,373,direct
8110,434,434,direct
8125,2,2,direct
8125,3,3,direct
8125,165,165,direct
8131,2,2,direct
8131,3,3,direct
8131,5,5,direct
8141,2,2,direct
8141,3,3,direct
8169,2,2,direct
8169,3,3,direct
8169,14,14,direct
8169,18,18,direct
8169,26,26,direct
8169,46,46,direct
8169,66,66,direct
8174,2,2,direct
8174,7,7,direct
8174,33,33,direct
8179,7,7,direct
8179,48,48,direct
8193,1,1,direct
8193,2,2,direct
8193,7,7,direct
8193,14,14,direct
8193,15,15,direct
8193,18,18,direct
8193,23,23,direct
8193,24,15,ancestor
8197,7,7,direct
8287,15,15,direct
8287,24,15,ancestor
8311,1,1,direct
8311,7,7,direct
8311,9,9,direct
8311,12,12,direct
8311,31,31,direct
8322,52,52,direct
8322,590,590,direct
8338,1,1,direct
8338,11,11,direct
8348,8,8,direct
8348,23,23,direct
8348,46,46,direct
8348,70,70,direct
8348,590,590,direct
8369,1,1,direct
8369,3,3,direct
8369,7,7,direct
8369,118,118,direct
8376,265,265,direct
8406,1,1,direct
8406,2,2,direct
8406,3,3,direct
8406,4,10,ancestor
8406,10,10,direct
8406,17,17,direct
8408,2,2,direct
8408,12,12,direct
8408,24,589,ancestor
8408,93,93,direct
8408,589,589,direct
8420,30,30,direct
8445,1,1,direct
8445,2,2,direct
8445,3,3,direct
8445,9,9,direct
8445,46,46,direct
8445,66,66,direct
8445,145,145,direct
8465,2,2,direct
8465,3,3,direct
8465,4,10,ancestor
8465,10,10,direct
8465,80,80,direct
8469,2,2,direct
8469,3,3,direct
8469,181,181,direct
8487,2,2,direct
8487,4,10,ancestor
8487,5,5,direct
8487,10,10,direct
8487,11,11,direct
8487,147,147,direct
8506,1,1,direct
8506,2,2,direct
8506,3,3,direct
8506,9,9,direct
8506,22,22,direct
8506,74,74,direct
8513,6,6,direct
8513,27,27,direct
8513,36,36,direct
8541,6,6,direct
8541,12,12,direct
8541,19,19,direct
8561,12,12,direct
8585,1,1,direct
8585,2,2,direct
8585,3,3,direct
8585,11,11,direct
8664,1,1,direct
8664,7,7,direct
8710,2,2,direct
8710,19,19,direct
8710,193,193,direct
8780,1,1,direct
8780,6,6,direct
8780,7,7,direct
8780,19,19,direct
8780,344,344,direct
8809,1,1,split
8809,2,2,split
8809,3,3,split
8809,4,37,ancestor
8809,11,11,direct
8809,37,37,direct
8809,49,49,direct
8809,67,67,direct
8842,96,96,direct
8842,181,181,direct
8868,4,4,direct
8868,12,12,direct
8896,3,3,direct
8896,7,7,direct
8896,23,23,direct
8896,92,92,direct
8913,7,7,direct
8913,254,254,direct
8948,1,1,direct
8948,6,6,direct
8948,12,12,direct
8966,7,7,direct
8966,258,258,direct
8981,2,2,direct
8981,3,3,direct
8981,11,11,direct
8998,3,3,direct
8999,29,29,direct
9005,4,37,ancestor
9005,37,37,direct
9005,108,108,direct
9049,8,8,direct
9053,1,1,direct
9053,2,2,direct
9055,2,2,direct
9055,6,6,direct
9055,12,12,direct
9075,2,2,direct
9075,4,10,ancestor
9075,10,10,direct
9075,130,130,direct
9119,104,104,direct
9136,7,7,direct
9136,11,11,direct
9136,24,589,ancestor
9136,589,589,direct
9140,93,93,direct
9151,3,3,direct
9151,11,11,direct
9173,2,2,direct
9173,3,3,direct
9173,383,383,direct
9178,3,3,direct
9178,19,19,direct
9178,50,50,direct
9180,1,1,direct
9180,2,2,direct
9180,12,12,direct
9183,1,1,direct
9207,17,17,direct
9207,93,93,direct
9215,1,1,direct
9215,2,2,direct
9215,3,3,direct
9215,12,12,direct
9215,84,84,direct
9229,1,1,direct
9229,2,2,direct
9229,15,15,direct
9229,20,20,direct
9229,22,22,direct
9229,24,15,ancestor
9229,69,69,direct
9229,102,102,direct
9229,194,194,direct
9230,1,1,direct
9230,18,18,direct
9272,2,2,direct
9272,12,12,direct
9272,106,106,direct
9286,2,2,direct
9287,2,2,direct
9287,18,18,direct
9287,46,46,direct
9352,7,7,direct
9352,14,14,direct
9356,2,2,direct
9356,11,11,direct
9356,217,217,direct
9372,23,23,direct
9372,91,91,direct
9414,6,6,direct
9414,8,82,ancestor
9414,12,12,direct
9414,14,14,direct
9414,82,82,direct
9416,5,5,direct
9416,6,6,direct
9416,12,12,direct
9416,24,589,ancestor
9416,239,239,direct
9416,589,589,direct
9446,2,2,direct
9446,3,3,direct
9446,110,110,direct
9467,1,1,direct
9467,3,3,direct
9467,14,14,direct
9467,46,46,direct
9467,98,98,direct
9471,7,7,direct
9471,14,14,direct
9514,1,1,direct
9514,2,2,direct
9514,46,46,direct
9515,1,1,direct
9515,2,2,direct
9515,3,3,direct
9515,31,31,direct
9515,178,178,direct
9542,2,2,direct
9542,23,23,direct
9550,1,1,direct
9550,3,3,direct
9554,4,4,direct
9557,2,2,direct
9557,3,3,direct
9557,126,126,direct
9557,164,164,direct
9561,1,1,direct
9561,12,12,direct
9561,112,112,direct
9594,1,1,direct
9594,282,282,direct
9622,7,7,direct
9622,65,65,direct
9622,364,364,direct
9643,3,3,direct
9651,1,1,direct
9651,2,2,direct
9651,8,8,direct
9651,26,26,direct
9698,8,8,direct
9717,1,1,direct
9717,3,3,direct
9717,118,118,direct
9717,126,126,direct
9742,46,46,direct
9753,9,9,direct
9753,12,12,direct
9753,14,14,direct
9753,132,132,direct
9798,2,2,direct
9798,3,3,direct
9798,7,7,direct
9798,29,29,direct
9798,33,33,direct
9798,153,153,direct
9842,1,1,direct
9842,4,4,direct
9842,18,18,direct
9854,4,125,ancestor
9854,85,85,direct
9854,125,125,direct
9875,2,2,direct
9875,4,10,ancestor
9875,10,10,direct
9875,12,12,direct
9893,1,1,direct
9893,2,2,direct
9893,3,3,direct
9893,4,10,ancestor
9893,10,10,direct
9937,84,84,direct
9972,2,2,direct
9972,5,5,direct
9972,6,6,direct
9972,8,8,direct
9972,12,12,direct
9982,60,60,direct
10104,1,1,direct
10107,2,2,direct
10107,3,3,direct
10107,9,9,direct
10107,18,18,direct
10107,46,46,direct
10107,80,80,direct
10148,2,2,direct
10148,3,3,direct
10148,17,17,direct
10148,91,91,direct
10148,340,340,direct
10154,1,1,direct
10154,2,2,direct
10154,3,3,direct
10154,19,19,direct
10154,40,40,direct
10157,4,10,ancestor
10157,10,10,direct
10157,23,23,direct
10157,64,64,direct
10157,163,163,direct
10157,265,265,direct
10157,327,327,direct
10180,1,1,direct
10180,2,2,direct
10180,3,3,direct
10180,7,7,direct
10180,48,48,direct
10180,76,76,direct
10228,3,3,direct
10228,4,10,ancestor
10228,6,6,direct
10228,10,10,direct
10236,2,2,direct
10236,80,80,direct
10236,181,181,direct
10278,1,1,direct
10278,3,3,direct
10278,9,9,direct
10278,91,91,direct
10278,168,168,direct
10363,6,6,direct
10363,7,7,direct
10363,33,33,direct
10382,1,1,direct
10382,322,322,direct
10410,2,2,direct
10410,264,264,direct
10434,3,3,direct
10434,7,7,direct
10436,7,7,direct
10436,15,15,direct
10436,19,19,direct
10436,24,15,ancestor
10436,31,31,direct
10436,47,47,direct
10436,74,74,direct
10436,100,100,direct
10436,113,113,direct
10436,119,119,direct
10436,135,135,direct
10436,144,144,direct
10436,403,403,direct
10464,7,7,direct
10464,11,11,direct
10466,1,1,direct
10466,3,3,direct
10466,5,5,direct
10466,11,11,split
10466,49,49,split
10467,17,17,direct
10467,23,23,direct
10467,24,589,ancestor
10467,589,589,direct
10492,1,1,direct
10492,7,7,direct
10500,1,1,direct
10504,1,1,direct
10504,3,3,direct
10504,7,7,direct
10504,11,11,direct
10509,3,3,direct
10509,126,126,direct
10525,254,254,direct
10566,4,225,ancestor
10566,7,7,direct
10566,225,225,direct
10574,3,3,direct
10574,15,15,direct
10574,18,18,direct
10574,24,15,ancestor
10590,2,2,direct
10596,1,1,split
10596,2,2,split
10596,4,10,ancestor
10596,10,10,direct
10596,186,186,direct
10598,2,2,direct
10598,3,3,direct
10598,79,79,direct
10598,254,254,direct
10606,1,1,direct
10606,7,7,direct
10606,9,9,direct
10606,11,11,direct
10606,14,14,direct
10619,2,2,direct
10626,2,2,direct
10626,4,10,ancestor
10626,10,10,direct
10695,2,2,direct
10695,46,46,direct
10695,91,91,direct
10695,244,244,direct
10722,2,2,direct
10722,11,11,direct
10722,19,19,direct
10726,19,19,direct
10751,2,2,direct
10751,3,3,direct
10751,84,84,direct
10757,7,7,direct
10757,14,14,direct
10759,1,1,direct
10759,2,2,direct
10759,3,3,direct
10759,64,64,direct
10789,5,5,direct
10789,76,76,direct
10790,30,30,direct
10790,63,63,direct
10792,1,1,split
10792,2,2,split
10792,3,3,split
10792,84,84,direct
10800,1,1,direct
10800,2,2,direct
10800,84,84,direct
10827,5,5,direct
10827,7,7,direct
10829,2,2,direct
10829,3,3,direct
10829,11,11,direct
10829,23,23,direct
10829,24,24,direct
10837,27,27,direct
10837,80,80,direct
10860,5,5,direct
10860,6,6,direct
10860,7,7,direct
10860,15,15,direct
10860,24,15,ancestor
10860,65,65,direct
10862,46,46,direct
10865,1,1,direct
10865,2,2,direct
10865,8,8,direct
10872,2,2,direct
10872,3,3,direct
10872,11,11,direct
10872,49,49,direct
10882,11,11,direct
10882,19,19,direct
10882,83,83,direct
10884,1,1,direct
10884,134,134,direct
10884,245,245,direct
10923,2,2,direct
10923,145,145,direct
10964,21,21,direct
10964,30,30,direct
10967,1,1,direct
10967,2,2,direct
10967,9,9,direct
10967,26,26,direct
10967,83,83,direct
10975,4,4,direct
10975,27,27,direct
10975,50,50,direct
11003,2,2,direct
11003,4,10,ancestor
11003,10,10,direct
11003,50,50,direct
11003,111,111,direct
11003,208,208,direct
11008,1,1,direct
11008,171,171,direct
11009,108,108,direct
11090,2,2,direct
11090,6,6,direct
11090,53,53,direct
11098,1,1,direct
11098,2,2,direct
11098,3,3,direct
11098,91,91,direct
11098,150,150,direct
11139,2,2,direct
11139,3,3,direct
11139,8,8,direct
11139,14,14,direct
11157,7,7,direct
11176,2,2,direct
11176,36,36,direct
11197,2,2,direct
11197,3,3,direct
11197,5,5,direct
11197,8,8,direct
11197,9,9,direct
11197,49,49,direct
11206,1,1,direct
11206,3,3,direct
11206,6,6,direct
11206,13,13,direct
11206,21,21,direct
11216,2,2,direct
11216,3,3,direct
11216,4,10,ancestor
11216,10,10,direct
11229,46,46,direct
11251,8,8,direct
11251,29,29,direct
11252,7,7,direct
11252,590,590,direct
11257,277,277,direct
11257,292,277,ancestor
11258,33,33,direct
11258,265,265,direct
11259,2,2,direct
11259,361,361,direct
11275,1,1,direct
11275,2,2,direct
11275,590,590,direct
11283,2,2,direct
11283,3,3,direct
11283,8,82,ancestor
11283,12,12,direct
11283,82,82,direct
11308,15,15,direct
11308,24,15,ancestor
11315,1,1,direct
11315,7,7,direct
11315,14,14,direct
11319,1,1,direct
11319,4,32,ancestor
11319,18,18,direct
11319,32,32,direct
11319,64,64,direct
11331,1,1,direct
11331,2,2,direct
11331,3,3,direct
11331,9,9,direct
11344,2,2,direct
11344,23,23,direct
11344,44,44,direct
11369,2,2,direct
11369,3,3,direct
11369,11,11,direct
11369,15,15,direct
11369,24,15,ancestor
11369,49,49,direct
11369,129,129,direct
11389,7,7,direct
11389,590,590,direct
11399,2,2,direct
11399,3,3,direct
11399,17,17,direct
11399,342,342,direct
11417,1,1,direct
11417,2,2,direct
11417,3,3,direct
11417,14,14,direct
11458,4,10,ancestor
11458,10,10,direct
11458,80,80,direct
11480,1,1,direct
11480,3,3,direct
11520,3,3,direct
11543,1,1,split
11543,2,2,split
11543,84,84,direct
11575,80,80,direct
11575,103,103,direct
11576,1,1,direct
11576,2,2,direct
11576,70,70,direct
11613,2,2,direct
11613,40,40,direct
11613,95,95,direct
11618,1,1,direct
11618,7,7,direct
11618,27,27,direct
11618,33,33,direct
11630,3,3,direct
11630,5,5,direct
11630,6,6,direct
11630,8,82,ancestor
11630,12,12,direct
11630,82,82,direct
11678,11,11,direct
11696,1,1,direct
11696,3,3,direct
11723,221,221,direct
11725,6,6,direct
11725,7,7,direct
11725,19,19,direct
11763,2,2,direct
11763,3,3,direct
11763,9,9,direct
11763,63,63,direct
11778,17,17,direct
11778,108,108,direct
11778,147,147,direct
11782,1,1,direct
11782,2,2,direct
11782,3,3,direct
11782,332,332,direct
11790,6,6,direct
11790,12,12,direct
11790,23,23,direct
11790,138,138,direct
11792,1,1,direct
11792,2,2,direct
11792,14,14,direct
11792,46,46,direct
11792,66,66,direct
11805,1,1,direct
11805,2,2,direct
11805,3,3,direct
11805,23,23,direct
11805,198,198,direct
11814,3,3,direct
11814,27,27,direct
11814,80,80,direct
11816,2,2,direct
11816,84,84,direct
11816,110,110,direct
11824,326,326,direct
11849,1,1,direct
11849,2,2,split
11849,3,3,split
11849,7,7,direct
11911,1,1,direct
11911,2,2,direct
11911,3,3,direct
11911,182,182,direct
11925,2,2,direct
11925,3,3,direct
11925,88,88,direct
11925,91,91,direct
11931,1,1,direct
11931,3,3,direct
11931,8,8,direct
11931,29,29,direct
11932,1,1,direct
11932,361,361,direct
12033,4,4,direct
12033,29,29,direct
12039,1,1,direct
12039,8,8,direct
12039,138,138,direct
12039,222,222,direct
12061,2,2,direct
12061,7,7,direct
12061,11,11,direct
12094,1,1,direct
12107,2,2,direct
12107,53,53,direct
12116,2,2,direct
12116,12,12,direct
12116,18,18,direct
12116,84,84,direct
12117,2,2,direct
12117,3,3,direct
12117,4,4,direct
12131,2,2,direct
12131,14,14,direct
12217,1,1,direct
12217,2,2,split
12217,3,3,split
12217,8,8,direct
12217,12,12,direct
12247,1,1,direct
12247,2,2,direct
12247,3,3,direct
12247,4,4,direct
12247,27,27,direct
12247,181,181,direct
12251,7,7,direct
12251,337,337,direct
12252,1,1,direct
12252,3,3,direct
12252,4,10,ancestor
12252,6,6,direct
12252,7,7,direct
12252,10,10,direct
12252,76,76,direct
12252,221,221,direct
12256,2,2,direct
12256,14,14,direct
12271,7,7,direct
12293,18,18,direct
12301,1,1,direct
12301,2,2,direct
12301,3,3,direct
12301,27,27,direct
12301,58,58,direct
12301,149,149,direct
12382,2,2,direct
12382,11,11,direct
12382,83,83,direct
12384,7,7,direct
12407,1,1,direct
12407,3,3,direct
12407,49,49,direct
12407,464,464,direct
12407,590,464,ancestor
12450,1,1,direct
12450,2,2,direct
12450,527,527,direct
12453,3,3,direct
12453,292,292,direct
12456,7,7,direct
12474,1,1,direct
12474,3,3,direct
12474,468,468,direct
12526,1,1,direct
12526,15,15,direct
12526,24,15,ancestor
12540,7,7,direct
12540,265,265,direct
12541,1,1,direct
12541,2,2,direct
12541,3,3,direct
12543,1,1,direct
12543,75,75,direct
12593,1,1,direct
12593,2,2,direct
12593,3,3,direct
12593,4,287,ancestor
12593,7,7,direct
12593,9,9,direct
12593,17,17,direct
12593,36,36,direct
12593,44,44,direct
12593,118,118,direct
12593,287,287,direct
12619,1,1,direct
12619,4,4,direct
12619,6,6,direct
12619,11,11,direct
12619,118,118,direct
12622,4,10,ancestor
12622,10,10,direct
12622,49,49,direct
12622,231,231,direct
12630,2,2,direct
12648,15,15,direct
12648,24,15,ancestor
12648,110,110,direct
12676,1,1,direct
12676,2,2,direct
12676,11,11,direct
12676,14,14,direct
12676,110,110,direct
12693,1,1,direct
12693,2,2,direct
12693,9,9,direct
12693,19,19,direct
12718,1,1,direct
12718,3,3,direct
12718,114,114,direct
12718,228,228,direct
12728,11,11,direct
12728,33,33,direct
12728,222,222,direct
12736,1,1,direct
12747,2,2,direct
12747,19,19,direct
12747,41,41,direct
12747,590,41,ancestor
12785,8,8,direct
12785,9,9,direct
12786,7,7,direct
12786,14,14,direct
12786,40,40,direct
12807,12,12,direct
12807,14,14,direct
12816,2,2,direct
12816,11,11,direct
12824,15,15,direct
12824,24,15,ancestor
12824,52,52,direct
12824,269,269,direct
12824,406,406,direct
12860,2,2,direct
12860,3,3,direct
12860,8,8,direct
12860,11,11,direct
12860,265,265,direct
12886,6,6,direct
12886,97,97,direct
12921,3,3,direct
12921,156,156,direct
12955,1,1,direct
12955,87,87,direct
12955,330,330,direct
12955,590,330,ancestor
12956,1,1,direct
12956,7,7,direct
12964,14,14,direct
12964,130,130,direct
12995,2,2,direct
12995,24,589,ancestor
12995,151,151,direct
12995,589,589,direct
13021,2,2,direct
13021,3,3,direct
13021,5,5,direct
13021,6,6,direct
13021,15,15,direct
13021,18,18,direct
13021,23,23,direct
13021,24,15,ancestor
13035,1,1,direct
13035,3,3,direct
13035,282,282,direct
13057,3,3,direct
13092,7,7,direct
13092,57,57,direct
13115,1,1,direct
13115,50,50,direct
13115,129,129,direct
13120,3,3,direct
13129,2,2,direct
13129,3,3,direct
13129,4,10,ancestor
13129,10,10,direct
13148,4,4,direct
13148,6,6,direct
13148,7,7,direct
13148,19,19,direct
13148,33,33,direct
13184,89,89,direct
13184,170,170,direct
13184,259,259,direct
13202,2,2,direct
13202,229,229,direct
13227,1,1,direct
13235,3,3,direct
13235,5,5,direct
13235,383,383,direct
13261,1,1,direct
13261,7,7,direct
13278,1,1,direct
13278,6,6,direct
13278,13,13,direct
13278,23,23,direct
13278,257,257,direct
13289,7,7,direct
13289,48,48,direct
13289,92,92,direct
13295,2,2,direct
13295,70,70,direct
13295,590,590,direct
13300,168,168,direct
13327,2,2,direct
13327,6,6,direct
13327,76,76,direct
13340,3,3,direct
13340,23,23,direct
13340,127,127,direct
13340,189,189,direct
13362,6,6,direct
13362,13,13,direct
13362,15,15,direct
13362,24,15,ancestor
13362,42,42,direct
13362,109,109,direct
13362,135,135,direct
13395,5,5,direct
13395,6,6,direct
13395,28,28,direct
13395,34,34,direct
13395,38,38,direct
13414,127,127,direct
13414,398,398,direct
13417,1,1,direct
13417,24,589,ancestor
13417,589,589,direct
13428,2,2,direct
13428,12,12,direct
13450,254,254,direct
13485,2,2,direct
13485,6,6,direct
13485,41,41,direct
13485,53,53,direct
13485,132,132,direct
13485,590,41,ancestor
13489,2,2,direct
13489,11,11,direct
13489,362,362,direct
13516,2,2,direct
13516,24,24,direct
13516,228,228,direct
13517,136,136,direct
13526,2,2,direct
13526,5,5,direct
13526,26,26,direct
13526,83,83,direct
13543,3,3,direct
13543,63,63,direct
13559,30,30,direct
13559,57,57,direct
13559,127,127,direct
13599,1,1,direct
13599,3,3,direct
13599,18,18,direct
13599,88,88,direct
13639,2,2,direct
13639,6,6,direct
13639,11,11,direct
13639,371,371,direct
13651,5,5,direct
13651,6,6,direct
13651,7,7,direct
13651,23,23,direct
13651,24,589,ancestor
13651,589,589,direct
13656,2,2,direct
13656,84,84,direct
13663,1,1,direct
13663,3,3,direct
13663,11,11,direct
13663,171,171,direct
13686,366,366,direct
13742,1,1,direct
13742,2,2,direct
13742,3,3,direct
13742,17,17,direct
13742,590,590,direct
13748,2,2,direct
13748,4,10,ancestor
13748,10,10,direct
13748,12,12,direct
13754,1,1,direct
13754,3,3,direct
13754,5,5,direct
13754,66,66,direct
13761,1,1,direct
13761,2,2,direct
13761,535,535,direct
13790,1,1,split
13790,5,5,direct
13790,9,9,split
13790,33,33,direct
13790,36,36,direct
13848,1,1,direct
13848,2,2,direct
13848,83,83,direct
13859,9,9,direct
13859,12,12,direct
13859,19,19,direct
13859,95,95,direct
13859,590,590,direct
13868,1,1,direct
13868,9,9,direct
13868,12,12,direct
13906,2,2,direct
13906,80,80,direct
13912,1,1,direct
13912,11,11,direct
13912,24,71,ancestor
13912,71,71,direct
13949,1,1,direct
13984,6,6,direct
14014,1,1,direct
14014,2,2,direct
14014,3,3,direct
14014,12,12,direct
14014,384,384,direct
14018,74,74,direct
14018,81,81,direct
14023,4,4,direct
14023,6,6,direct
14023,7,7,direct
14023,19,19,direct
14023,33,33,direct
14034,2,2,direct
14034,4,10,ancestor
14034,10,10,direct
14074,168,168,direct
14082,149,149,direct
14106,3,3,direct
14106,24,24,direct
14106,57,57,direct
14112,1,1,direct
14112,4,4,direct
14116,1,1,direct
14116,3,3,direct
14116,49,49,direct
14122,138,138,direct
14126,2,2,direct
14126,27,27,direct
14126,91,91,direct
14138,7,7,direct
14150,5,5,direct
14150,8,8,direct
14150,49,49,direct
14155,27,27,direct
14175,1,1,direct
14175,7,7,direct
14175,266,266,direct
14211,1,1,direct
14211,3,3,direct
14211,4,10,ancestor
14211,10,10,direct
14255,2,2,direct
14255,4,4,direct
14255,49,49,direct
14255,362,362,direct
14300,3,3,direct
14300,4,10,ancestor
14300,7,7,direct
14300,10,10,direct
14300,33,33,direct
14352,1,1,direct
14352,3,3,direct
14352,169,169,direct
14362,1,1,direct
14362,2,2,direct
14362,4,10,ancestor
14362,10,10,direct
14368,1,1,direct
14368,2,2,direct
14368,83,83,direct
14370,1,1,direct
14370,189,189,direct
14375,2,2,direct
14375,70,70,direct
14393,87,87,direct
14393,127,127,direct
14393,186,186,direct
14401,6,6,direct
14401,16,16,direct
14401,24,589,ancestor
14401,33,33,direct
14401,41,41,direct
14401,60,60,direct
14401,589,589,direct
14401,590,41,ancestor
14410,3,3,direct
14410,11,11,direct
14410,24,589,ancestor
14410,93,93,direct
14410,589,589,direct
14441,89,89,direct
14441,104,104,direct
14442,2,2,direct
14442,7,7,direct
14456,1,1,direct
14456,2,2,direct
14456,3,3,direct
14456,80,80,direct
14506,12,12,direct
14506,14,14,direct
14506,84,84,direct
14506,110,110,direct
14512,1,1,direct
14512,3,3,direct
14539,3,3,direct
14539,4,4,direct
14539,21,21,direct
14539,57,57,direct
14539,146,146,direct
14543,4,4,direct
14543,29,29,direct
14543,231,231,direct
14558,21,21,direct
14558,35,35,direct
14558,40,40,direct
14558,47,47,direct
14558,57,57,direct
14558,200,200,direct
14563,1,1,direct
14563,2,2,direct
14563,58,58,direct
14563,59,59,direct
14563,363,363,direct
14577,1,1,direct
14577,3,3,direct
14577,4,4,direct
14577,7,7,direct
14577,96,96,direct
14582,1,1,direct
14582,4,4,direct
14582,6,6,direct
14582,12,12,direct
14582,14,14,direct
14582,17,17,direct
14582,30,30,direct
14582,84,84,direct
14582,110,110,direct
14584,2,2,direct
14584,11,11,direct
14588,3,3,direct
14590,1,1,split
14590,2,2,split
14590,3,3,split
14590,12,12,direct
14590,18,18,direct
14590,24,24,direct
14591,1,1,direct
14591,3,3,direct
14591,14,14,direct
14591,46,46,direct
14591,178,178,direct
14604,2,2,direct
14604,17,17,direct
14604,41,41,direct
14604,53,53,direct
14604,590,41,ancestor
14617,1,1,direct
14617,2,2,direct
14617,3,3,direct
14620,1,1,direct
14620,2,2,direct
14620,3,3,direct
14620,6,6,direct
14620,33,33,direct
14631,2,2,direct
14631,112,112,direct
14634,4,10,ancestor
14634,10,10,direct
14634,12,12,direct
14634,84,84,direct
14670,4,4,direct
14670,362,362,direct
14682,29,29,direct
14733,1,1,direct
14733,2,2,direct
14733,58,58,direct
14751,2,2,direct
14751,3,3,direct
14751,6,6,direct
14751,12,12,direct
14751,590,590,direct
14773,1,1,direct
14773,3,3,direct
14773,23,23,direct
14773,590,590,direct
14778,4,4,direct
14778,11,11,direct
14778,49,49,direct
14778,83,83,direct
14780,30,30,direct
14784,3,3,direct
14784,4,10,ancestor
14784,10,10,direct
14784,13,13,direct
14784,93,93,direct
14807,2,2,direct
14807,14,14,direct
14807,69,69,direct
14840,1,1,direct
14840,2,2,direct
14840,3,3,direct
14840,9,9,direct
14840,88,88,direct
14840,201,201,direct
14877,3,3,direct
14877,83,83,direct
14881,1,1,split
14881,3,3,split
14881,4,10,ancestor
14881,10,10,direct
14881,12,12,direct
14881,29,29,direct
14901,5,5,direct
14901,6,6,direct
14901,12,12,direct
14901,15,15,direct
14901,24,15,ancestor
14906,2,2,direct
14906,5,5,direct
14906,6,6,direct
14906,12,12,direct
14906,24,105,ancestor
14906,71,105,ancestor
14906,105,105,direct
14910,2,2,direct
14910,40,40,direct
14944,2,2,direct
14944,17,17,direct
14944,36,36,direct
14944,70,70,direct
14944,92,92,direct
14953,4,4,direct
14953,11,11,direct
14957,110,110,direct
14962,1,1,direct
14962,3,3,direct
14962,5,5,direct
14962,9,9,direct
14962,22,22,direct
14962,79,79,direct
14982,3,3,direct
14982,4,4,direct
14982,7,7,direct
14987,3,3,direct
14987,221,221,direct
15013,21,21,direct
15013,54,54,direct
15013,64,64,direct
15013,128,128,direct
15013,146,146,direct
15013,319,319,direct
15070,2,2,direct
15070,3,3,direct
15070,50,50,direct
15070,111,111,direct
15103,8,8,direct
15103,18,18,direct
15103,27,27,direct
15111,2,2,direct
15114,1,1,direct
15114,2,2,direct
15114,40,40,direct
15122,2,2,direct
15122,3,3,direct
15122,132,132,direct
15122,399,399,direct
15169,2,2,direct
15169,5,5,direct
15169,11,11,direct
15169,14,14,direct
15169,84,84,direct
15228,3,3,direct
15228,57,57,direct
15228,85,85,direct
15228,116,116,direct
15249,2,2,direct
15249,4,32,ancestor
15249,32,32,direct
15280,1,1,direct
15280,2,2,direct
15280,3,3,direct
15280,9,9,direct
15280,29,29,direct
15280,58,58,direct
15284,11,11,direct
15284,103,103,direct
15304,83,83,direct
15318,84,84,direct
15318,110,110,direct
15324,1,1,direct
15324,590,590,direct
15344,2,2,direct
15344,5,5,direct
15344,11,11,direct
15344,15,15,direct
15344,24,15,ancestor
15344,83,83,direct
15370,1,1,direct
15370,4,4,direct
15370,64,64,direct
15424,2,2,direct
15424,7,7,direct
15424,48,48,direct
15424,91,91,direct
15447,108,108,direct
15447,590,590,direct
15453,1,1,direct
15453,3,3,direct
15453,8,8,direct
15453,12,12,direct
15461,4,4,direct
15461,7,7,direct
15461,9,9,direct
15473,4,4,direct
15473,33,33,direct
15473,145,145,direct
15544,2,2,direct
15544,110,110,direct
15544,254,254,direct
15547,14,14,direct
15547,60,60,direct
15559,4,10,ancestor
15559,10,10,direct
15611,7,7,direct
15611,265,265,direct
15629,2,2,direct
15629,5,5,direct
15629,30,30,direct
15633,6,6,direct
15633,14,14,direct
15633,89,89,direct
15633,91,91,direct
15633,151,151,direct
15645,2,2,direct
15645,18,18,direct
15645,264,264,direct
15682,115,115,direct
15697,19,19,direct
15736,1,1,direct
15736,4,4,direct
15736,7,7,direct
15740,11,11,direct
15740,12,12,direct
15745,16,16,direct
15748,1,1,direct
15748,83,83,direct
15788,2,2,direct
15788,53,53,direct
15796,11,11,direct
15796,33,33,direct
15796,49,49,direct
15799,1,1,direct
15799,3,3,direct
15820,27,27,direct
15820,130,130,direct
15828,156,156,direct
15836,50,50,direct
15836,111,111,direct
15862,2,2,direct
15862,3,3,direct
15862,9,9,direct
15862,16,16,direct
15862,182,182,direct
15916,4,4,direct
15916,5,5,direct
15916,6,6,direct
15916,11,11,direct
15916,33,33,direct
15939,1,1,direct
15939,24,589,ancestor
15939,52,52,direct
15939,589,589,direct
15951,2,2,direct
15951,3,3,direct
15951,24,589,ancestor
15951,91,91,direct
15951,589,589,direct
15966,7,7,direct
15966,21,21,direct
15966,38,38,direct
15978,4,10,ancestor
15978,10,10,direct
15978,17,17,direct
15978,29,29,direct
15980,41,41,direct
15980,590,41,ancestor
15987,3,3,direct
15987,4,10,ancestor
15987,10,10,direct
15987,80,80,direct
15987,115,115,direct
16044,3,3,direct
16044,11,11,direct
16046,2,2,direct
16046,3,3,direct
16046,254,254,direct
16054,2,2,direct
16054,50,50,direct
16054,80,80,direct
16059,1,1,direct
16059,2,2,direct
16059,590,590,direct
16083,1,1,direct
16083,3,3,direct
16083,4,4,direct
16083,18,18,direct
16083,33,33,direct
16091,2,2,direct
16091,3,3,direct
16091,11,11,direct
16091,41,41,direct
16091,53,53,direct
16091,181,181,direct
16091,590,41,ancestor
16092,2,2,direct
16092,3,3,direct
16092,12,12,direct
16092,101,101,direct
16104,48,48,direct
16130,2,2,direct
16130,145,145,direct
16141,1,1,split
16141,2,2,split
16141,3,3,split
16141,7,7,direct
16141,29,29,direct
16159,14,14,direct
16159,29,29,direct
16172,1,1,direct
16172,3,3,direct
16172,58,140,ancestor
16172,59,59,direct
16172,140,140,direct
16173,6,6,direct
16173,27,27,direct
16173,31,31,direct
16173,131,131,direct
16173,299,299,direct
16173,489,489,direct
16196,4,4,direct
16196,6,6,direct
16196,9,9,direct
16196,33,33,direct
16215,5,5,direct
16215,6,6,direct
16215,12,12,direct
16215,14,14,direct
16215,15,15,direct
16215,24,15,ancestor
16219,1,1,direct
16219,7,7,direct
16219,11,11,direct
16219,91,91,direct
16227,1,1,direct
16227,2,2,direct
16227,23,23,direct
16227,44,44,direct
16232,2,2,direct
16232,8,8,direct
16250,1,1,direct
16250,3,3,direct
16274,7,7,direct
16274,41,41,direct
16274,590,41,ancestor
16310,4,10,ancestor
16310,10,10,direct
16310,33,33,direct
16310,130,130,direct
16337,7,7,direct
16337,222,222,direct
16338,1,1,direct
16338,9,9,direct
16338,27,27,direct
16338,79,79,direct
16352,1,1,direct
16352,563,563,direct
16392,2,2,direct
16392,110,110,direct
16399,2,2,direct
16399,4,4,direct
16399,136,136,direct
16439,2,2,direct
16439,11,11,direct
16454,2,2,direct
16454,3,3,direct
16506,13,13,direct
16506,35,35,direct
16506,77,77,direct
16506,169,169,direct
16506,295,295,direct
16513,1,1,direct
16513,3,3,direct
16513,14,14,direct
16529,2,2,direct
16529,3,3,direct
16529,84,84,direct
16553,12,12,direct
16573,1,1,direct
16573,2,2,direct
16573,3,3,direct
16573,4,10,ancestor
16573,10,10,direct
16573,17,17,direct
16573,29,29,direct
16598,1,1,direct
16598,24,589,ancestor
16598,589,589,direct
16632,2,2,direct
16632,11,11,direct
16632,370,370,direct
16634,2,2,direct
16634,12,12,direct
16634,14,14,direct
16643,313,313,direct
16651,1,1,direct
16651,2,2,direct
16651,3,3,direct
16686,2,2,direct
16686,3,3,direct
16686,9,9,direct
16686,79,79,direct
16686,92,92,direct
16734,4,37,ancestor
16734,6,6,direct
16734,37,37,direct
16734,104,104,direct
16768,1,1,direct
16768,3,3,direct
16768,4,4,direct
16768,7,7,direct
16768,131,131,direct
16770,30,30,direct
16772,1,1,direct
16772,3,3,direct
16772,4,4,direct
16772,7,7,direct
16796,1,1,split
16796,2,2,split
16796,3,3,split
16796,324,324,direct
16798,6,6,direct
16798,177,177,direct
16817,22,22,direct
16817,40,40,direct
16817,590,590,direct
16851,2,2,direct
16851,9,9,direct
16878,2,2,direct
16888,7,7,direct
16955,2,2,direct
16955,3,3,direct
16955,9,9,direct
16955,24,24,direct
16955,50,50,direct
16975,2,2,direct
16975,9,9,direct
16975,19,19,direct
17045,12,12,direct
17051,2,2,direct
17051,3,3,direct
17051,157,157,direct
17052,1,1,direct
17052,3,3,direct
17052,13,13,direct
17052,23,23,direct
17052,68,68,direct
17059,1,1,direct
17059,2,2,direct
17059,3,3,direct
17059,46,46,direct
17099,1,1,direct
17099,2,2,direct
17099,3,3,direct
17099,6,6,direct
17099,29,29,direct
17099,56,56,direct
17110,6,6,direct
17110,15,15,direct
17110,24,15,ancestor
17110,67,67,direct
17137,1,1,direct
17137,8,152,ancestor
17137,52,52,direct
17137,152,152,direct
17149,1,1,direct
17149,3,3,direct
17149,6,6,direct
17149,12,12,direct
17149,24,105,ancestor
17149,71,105,ancestor
17149,105,105,direct
17189,2,2,direct
17189,3,3,direct
17189,88,88,direct
17201,4,10,ancestor
17201,10,10,direct
17201,48,48,direct
17201,282,282,direct
17214,3,3,direct
17214,73,73,direct
17235,2,2,direct
17235,5,5,direct
17235,6,6,direct
17235,9,9,direct
17235,68,68,direct
17235,91,91,direct
17273,2,2,direct
17273,4,4,direct
17273,194,194,direct
17273,265,265,direct
17301,2,2,direct
17301,11,11,direct
17301,15,15,direct
17301,24,15,ancestor
17301,49,49,direct
17301,285,285,direct
17306,1,1,split
17306,2,2,split
17306,3,3,split
17306,6,6,direct
17306,11,11,direct
17306,198,198,direct
17320,41,41,direct
17320,60,60,direct
17320,240,240,direct
17320,590,41,ancestor
17324,59,59,direct
17345,1,1,direct
17345,2,2,direct
17345,11,11,direct
17360,23,23,direct
17418,7,7,direct
17483,1,1,direct
17483,3,3,direct
17483,12,12,direct
17496,1,1,direct
17496,2,2,direct
17496,3,3,direct
17496,4,4,direct
17497,1,1,direct
17497,3,3,direct
17505,1,1,direct
17505,2,2,direct
17505,3,3,direct
17505,4,4,direct
17510,2,2,direct
17510,3,3,direct
17510,24,589,ancestor
17510,169,169,direct
17510,589,589,direct
17535,1,1,direct
17535,417,417,direct
17537,2,2,direct
17537,3,3,direct
17537,8,8,direct
17537,104,104,direct
17537,201,201,direct
17560,35,35,direct
17601,2,2,direct
17601,236,236,direct
17629,2,2,direct
17629,9,9,direct
17629,114,114,direct
17630,2,2,direct
17630,27,27,direct
17632,2,2,direct
17632,7,7,direct
17632,254,254,direct
17668,29,29,direct
17670,8,8,direct
17670,50,50,direct
17670,111,111,direct
17674,1,1,direct
17674,2,2,direct
17674,4,32,ancestor
17674,17,17,direct
17674,32,32,direct
17674,64,64,direct
17674,93,93,direct
17686,5,5,direct
17686,91,91,direct
17686,123,123,direct
17706,2,2,direct
17706,3,3,direct
17708,8,8,direct
17708,74,74,direct
17712,1,1,direct
17740,3,3,direct
17743,24,589,ancestor
17743,46,46,direct
17743,589,589,direct
17744,4,37,ancestor
17744,37,37,direct
17744,83,83,direct
17790,337,337,direct
17798,11,11,direct
17798,12,12,direct
17798,24,24,direct
17798,49,49,direct
17817,3,3,direct
17817,8,8,direct
17844,2,2,direct
17899,4,10,ancestor
17899,10,10,direct
17918,1,1,direct
17918,93,93,direct
17919,2,2,direct
17919,7,7,direct
17919,14,14,direct
17944,6,6,direct
17944,36,36,direct
17944,53,53,direct
17972,7,7,direct
17972,14,14,direct
17972,23,23,direct
17972,41,41,direct
17972,399,399,direct
17972,590,41,ancestor
17973,7,7,direct
17973,222,222,direct
17994,3,3,direct
17994,11,11,direct
18006,1,1,direct
18006,7,7,direct
18006,41,41,direct
18006,590,41,ancestor
18009,2,2,direct
18009,7,7,direct
18009,41,41,direct
18009,69,69,direct
18009,590,41,ancestor
18037,1,1,direct
18037,7,7,direct
18037,41,41,direct
18037,590,41,ancestor
18040,1,1,direct
18040,9,9,direct
18056,2,2,direct
18056,3,3,direct
18056,58,140,ancestor
18056,140,140,direct
18063,23,23,direct
18090,108,108,direct
18102,3,3,direct
18102,11,11,direct
18102,258,258,direct
18102,354,354,direct
18153,68,68,direct
18176,26,26,direct
18179,3,3,direct
18189,2,2,direct
18189,168,168,direct
18236,3,3,direct
18236,4,10,ancestor
18236,10,10,direct
18236,11,11,direct
18236,50,50,direct
18236,83,83,direct
18284,1,1,direct
18284,5,5,direct
18284,6,6,direct
18284,7,7,direct
18284,8,8,direct
18284,36,36,direct
18284,103,103,direct
18295,2,2,direct
18295,3,3,direct
18295,553,553,direct
18299,3,3,direct
18340,1,1,split
18340,2,2,split
18340,3,3,split
18340,7,7,direct
18340,106,106,direct
18353,3,3,direct
18353,9,9,direct
18353,23,23,direct
18353,24,71,ancestor
18353,57,57,direct
18353,71,71,direct
18356,1,1,direct
18356,3,3,direct
18356,29,29,direct
18373,1,1,split
18373,2,2,split
18373,3,3,split
18373,5,5,direct
18373,9,9,direct
18373,24,589,ancestor
18373,27,27,direct
18373,71,71,direct
18373,589,589,direct
18400,2,2,direct
18400,3,3,direct
18400,8,8,direct
18474,1,1,direct
18476,6,6,direct
18476,12,12,direct
18476,53,53,direct
18476,63,63,direct
18497,2,2,direct
18497,129,129,direct
18497,254,254,direct
18526,1,1,direct
18526,2,2,direct
18526,3,3,direct
18527,1,1,direct
18527,2,2,direct
18527,6,6,direct
18527,15,15,direct
18527,24,15,ancestor
18527,53,53,direct
18532,1,1,direct
18532,59,59,direct
18541,1,1,direct
18541,2,2,direct
18541,3,3,direct
18541,12,12,direct
18557,2,2,direct
18557,78,78,direct
18568,5,5,direct
18568,8,155,ancestor
18568,155,155,direct
18573,2,2,direct
18573,78,78,direct
18574,7,7,direct
18577,2,2,direct
18577,11,11,direct
18577,83,83,direct
18584,2,2,direct
18584,11,11,direct
18584,83,83,direct
18586,7,7,direct
18600,2,2,direct
18600,50,50,direct
18600,84,84,direct
18612,1,1,direct
18612,3,3,direct
18612,24,589,ancestor
18612,589,589,direct
18624,23,23,direct
18624,56,56,direct
18624,59,59,direct
18624,68,68,direct
18624,93,93,direct
18627,5,5,direct
18627,6,6,direct
18627,12,12,direct
18627,24,589,ancestor
18627,589,589,direct
18629,2,2,direct
18636,1,1,direct
18636,3,3,direct
18636,59,59,direct
18636,115,115,direct
18636,321,321,direct
18636,390,390,direct
18636,445,445,direct
18661,1,1,direct
18661,3,3,direct
18661,382,382,direct
18672,74,74,direct
18680,2,2,direct
18680,3,3,direct
18680,6,6,direct
18680,24,589,ancestor
18680,53,53,direct
18680,589,589,direct
18738,3,3,direct
18738,18,18,direct
18738,78,78,direct
18743,3,3,direct
18743,24,71,ancestor
18743,56,56,direct
18743,71,71,direct
18761,1,1,direct
18761,2,2,direct
18761,3,3,direct
18761,5,5,direct
18761,6,6,direct
18761,7,7,direct
18761,14,14,direct
18761,44,44,direct
18765,2,2,direct
18765,6,6,direct
18765,11,11,direct
18765,12,12,direct
18765,33,33,direct
18774,2,2,direct
18774,9,9,direct
18774,23,23,direct
18774,33,33,direct
18787,8,8,direct
18787,28,28,direct
18816,2,2,direct
18816,11,11,direct
18816,448,448,direct
18869,1,1,direct
18869,2,2,direct
18869,3,3,direct
18869,391,391,direct
18880,11,11,direct
18880,362,362,direct
18882,2,2,direct
18882,5,5,direct
18882,8,8,direct
18882,23,23,direct
18882,74,74,direct
18882,103,103,direct
18882,147,147,direct
18890,2,2,direct
18890,8,8,direct
18890,74,74,direct
18890,221,221,direct
18906,1,1,direct
18906,9,9,direct
18906,590,590,direct
18920,7,7,direct
18920,33,33,direct
18922,46,46,direct
18943,2,2,direct
18943,7,7,direct
18943,33,33,direct
18943,222,222,direct
18944,1,1,direct
18944,2,2,direct
18944,3,3,direct
18944,41,41,direct
18944,46,46,direct
18944,49,49,direct
18944,590,41,ancestor
19053,87,87,direct
19057,7,7,direct
19057,41,41,direct
19057,76,76,direct
19057,590,41,ancestor
19111,1,1,direct
19114,1,1,direct
19114,2,2,direct
19133,1,1,split
19133,2,2,direct
19133,9,9,split
19136,3,3,direct
19136,11,11,direct
19136,66,66,direct
19154,7,7,direct
19180,1,1,split
19180,3,3,split
19180,4,4,direct
19180,7,7,direct
19191,1,1,direct
19191,3,3,direct
19191,118,118,direct
19202,1,1,split
19202,2,2,split
19202,3,3,split
19202,6,6,direct
19202,8,8,direct
19202,9,9,direct
19202,12,12,direct
19214,1,1,direct
19214,129,129,direct
19235,20,20,direct
19235,25,25,direct
19235,119,119,direct
19267,1,1,direct
19267,7,7,direct
19267,14,14,direct
19294,4,4,direct
19294,36,36,direct
19294,134,134,direct
19294,438,438,direct
19305,2,2,direct
19305,11,11,direct
19305,29,29,direct
19313,1,1,split
19313,2,2,split
19313,3,3,split
19313,6,6,direct
19313,15,15,direct
19313,24,15,ancestor
19313,129,129,direct
19320,2,2,direct
19320,4,10,ancestor
19320,10,10,direct
19329,2,2,direct
19329,12,12,direct
19329,111,111,direct
19345,1,1,direct
19345,3,3,direct
19346,3,3,direct
19346,21,21,direct
19346,24,24,direct
19346,57,57,direct
19346,196,196,direct
19355,1,1,direct
19355,2,2,direct
19355,6,6,direct
19355,11,11,direct
19364,3,3,direct
19364,127,127,direct
19364,189,189,direct
19367,1,1,direct
19367,2,2,direct
19367,3,3,direct
19367,7,7,direct
19380,29,29,direct
19387,30,30,direct
19387,62,62,direct
19388,53,53,direct
19388,63,63,direct
19388,86,86,direct
19388,96,96,direct
19393,2,2,direct
19393,3,3,direct
19393,4,4,direct
19393,11,11,direct
19393,14,14,direct
19393,18,18,direct
19393,49,49,direct
19419,3,3,direct
19419,6,6,direct
19419,12,12,direct
19419,14,14,direct
19419,23,23,direct
19419,24,24,direct
19419,146,146,direct
19427,1,1,direct
19427,2,2,direct
19427,3,3,direct
19427,11,11,direct
19427,49,49,direct
19445,272,272,direct
19445,296,296,direct
19479,1,1,direct
19479,3,3,direct
19486,4,10,ancestor
19486,10,10,direct
19486,29,29,direct
19486,111,111,direct
19525,2,2,direct
19525,3,3,direct
19525,5,5,direct
19525,8,82,ancestor
19525,12,12,direct
19525,14,14,direct
19525,82,82,direct
19527,3,3,direct
19527,6,6,direct
19527,23,23,direct
19527,119,119,direct
19538,3,3,direct
19538,11,11,direct
19538,83,83,direct
19547,33,33,direct
19547,341,341,direct
19547,590,341,ancestor
19566,1,1,direct
19566,2,2,direct
19566,3,3,direct
19566,4,10,ancestor
19566,10,10,direct
19574,1,1,direct
19574,2,2,direct
19574,3,3,direct
19574,4,37,ancestor
19574,6,6,direct
19574,11,11,direct
19574,23,23,direct
19574,37,37,direct
19574,362,362,direct
19615,2,2,direct
19615,110,110,direct
19641,3,3,direct
19641,4,10,ancestor
19641,10,10,direct
19641,208,208,direct
19657,1,1,direct
19657,2,2,direct
19657,3,3,direct
19657,126,126,direct
19680,3,3,direct
19680,578,578,direct
19727,1,1,direct
19727,3,3,direct
19727,7,7,direct
19727,221,221,direct
19755,1,1,direct
19755,3,3,direct
19755,4,4,direct
19755,6,6,direct
19755,7,7,direct
19755,64,64,direct
19755,131,131,direct
19773,43,43,direct
19773,462,462,direct
19809,1,1,direct
19809,2,2,direct
19809,9,9,direct
19809,33,33,direct
19809,36,36,direct
19809,50,50,direct
19830,3,3,direct
19838,145,145,direct
19899,1,1,direct
19899,3,3,direct
19899,382,382,direct
19916,114,114,direct
19930,1,1,direct
19930,2,2,direct
19930,3,3,direct
19930,30,30,direct
19930,46,46,direct
19930,91,91,direct
19941,1,1,direct
19941,3,3,direct
19941,114,114,direct
19968,7,7,direct
19968,33,33,direct
19968,35,35,direct
19968,40,40,direct
19973,1,1,direct
19973,4,4,direct
19973,101,101,direct
19973,103,103,direct
19981,5,5,direct
19981,6,6,direct
19981,11,11,direct
19981,41,41,direct
19981,53,53,direct
19981,590,41,ancestor
20041,2,2,direct
20041,53,53,direct
20044,1,1,direct
20044,2,2,direct
20044,63,63,direct
20056,2,2,direct
20056,46,46,direct
20067,1,1,direct
20067,2,2,direct
20067,5,5,direct
20067,11,11,direct
20067,23,23,direct
20070,2,2,direct
20070,20,20,direct
20088,2,2,direct
20088,123,123,direct
20088,178,178,direct
20096,2,2,direct
20096,3,3,direct
20096,4,10,ancestor
20096,10,10,direct
20096,18,18,direct
20138,3,3,direct
20138,4,4,direct
20145,2,2,direct
20145,7,7,direct
20172,1,1,direct
20172,3,3,direct
20172,4,10,ancestor
20172,10,10,direct
20172,12,12,direct
20187,4,4,direct
20187,12,12,direct
20193,1,1,direct
20193,3,3,direct
20193,23,23,direct
20193,24,589,ancestor
20193,57,57,direct
20193,589,589,direct
20218,1,1,direct
20218,3,3,direct
20218,18,18,direct
20218,24,589,ancestor
20218,589,589,direct
20238,1,1,direct
20238,2,2,direct
20238,198,198,direct
20275,12,12,direct
20292,5,5,direct
20292,11,11,direct
20292,49,49,direct
20292,67,67,direct
20298,1,1,direct
20298,2,2,direct
20298,3,3,direct
20298,87,87,direct
20298,258,258,direct
20342,5,5,direct
20342,7,7,direct
20346,1,1,direct
20346,108,108,direct
20353,1,1,direct
20353,2,2,direct
20353,3,3,direct
20353,23,23,direct
20353,169,169,direct
20353,198,198,direct
20360,1,1,direct
20360,3,3,direct
20360,31,31,direct
20360,156,156,direct
20382,9,9,direct
20382,33,33,direct
20382,66,66,direct
20382,85,85,direct
20393,1,1,direct
20393,2,2,direct
20393,3,3,direct
20393,5,5,direct
20393,58,250,ancestor
20393,250,250,direct
20419,210,210,direct
20435,1,1,direct
20435,3,3,direct
20435,4,4,direct
20435,23,23,direct
20438,1,1,direct
20438,3,3,direct
20438,11,11,direct
20438,50,50,direct
20438,145,145,direct
20468,2,2,direct
20468,3,3,direct
20468,112,112,direct
20493,93,93,direct
20514,1,1,direct
20514,7,7,direct
20514,29,29,direct
20523,2,2,direct
20523,7,7,direct
20523,14,14,direct
20523,46,46,direct
20582,6,6,direct
20582,7,7,direct
20613,2,2,direct
20613,3,3,direct
20613,12,12,direct
20613,110,110,direct
20613,151,151,direct
20623,3,3,direct
20623,4,10,ancestor
20623,10,10,direct
20632,1,1,direct
20632,7,7,direct
20632,14,14,direct
20640,2,2,direct
20640,17,17,direct
20640,110,110,direct
20653,1,1,direct
20653,6,6,direct
20653,41,41,direct
20653,590,41,ancestor
20678,5,5,direct
20678,8,8,direct
20678,12,12,direct
20678,17,17,direct
20678,27,27,direct
20678,46,46,direct
20678,208,208,direct
20683,1,1,direct
20683,3,3,direct
20683,6,6,direct
20683,15,15,direct
20683,24,15,ancestor
20683,46,46,direct
20687,1,1,direct
20687,7,7,direct
20687,14,14,direct
20687,60,60,direct
20687,118,118,direct
20689,6,6,direct
20689,9,9,direct
20689,11,11,direct
20689,33,33,direct
20689,265,265,direct
20705,2,2,direct
20708,2,2,direct
20708,11,11,direct
20728,69,69,direct
20730,12,12,direct
20730,66,66,direct
20742,2,2,direct
20742,31,31,direct
20772,2,2,direct
20772,257,257,direct
20785,2,2,direct
20785,118,118,direct
20818,1,1,direct
20818,2,2,direct
20818,3,3,direct
20818,4,37,ancestor
20818,7,7,direct
20818,11,11,direct
20818,37,37,direct
20818,110,110,direct
20842,4,10,ancestor
20842,7,7,direct
20842,10,10,direct
20842,91,91,direct
20895,5,5,direct
20895,17,17,direct
20895,22,22,direct
20895,161,161,direct
20910,15,15,direct
20910,24,15,ancestor
20910,27,27,direct
20948,1,1,direct
20990,14,14,direct
20990,53,53,direct
20990,70,70,direct
21021,2,2,direct
21021,3,3,direct
21021,428,428,direct
21035,3,3,direct
21041,2,2,direct
21041,3,3,direct
21041,5,5,direct
21041,29,29,direct
21041,59,59,direct
21084,1,1,direct
21084,2,2,direct
21084,3,3,direct
21117,1,1,direct
21117,3,3,direct
21117,4,4,direct
21117,14,14,direct
21117,23,23,direct
21117,27,27,direct
21117,92,92,direct
21166,7,7,direct
21166,221,221,direct
21171,9,9,direct
21171,14,14,direct
21171,46,46,direct
21171,138,138,direct
21239,2,2,direct
21239,41,41,direct
21239,53,53,direct
21239,590,41,ancestor
21267,2,2,direct
21267,142,142,direct
21267,234,234,direct
21267,590,234,ancestor
21279,2,2,direct
21279,590,590,direct
21287,4,10,ancestor
21287,10,10,direct
21287,382,382,direct
21296,7,7,direct
21296,41,41,direct
21296,590,41,ancestor
21316,2,2,direct
21316,590,590,direct
21369,1,1,direct
21369,3,3,direct
21384,2,2,direct
21384,327,327,direct
21401,2,2,direct
21401,3,3,direct
21401,235,235,direct
21415,6,6,direct
21415,99,99,direct
21426,7,7,direct
21426,8,8,direct
21426,123,123,direct
21444,3,3,direct
21444,332,332,direct
21465,51,51,direct
21465,342,342,direct
21470,3,3,direct
21470,9,9,direct
21470,58,58,direct
21471,22,22,direct
21471,52,52,direct
21471,98,98,direct
21474,2,2,direct
21474,590,590,direct
21494,182,182,direct
21508,20,20,direct
21588,1,1,direct
21588,7,7,direct
21588,9,9,direct
21588,19,19,direct
21598,5,5,direct
21598,6,6,direct
21598,8,8,direct
21598,12,12,direct
21599,3,3,direct
21599,27,27,direct
21611,1,1,direct
21611,2,2,direct
21611,3,3,direct
21611,95,95,direct
21612,1,1,direct
21612,7,7,direct
21612,11,11,direct
21614,20,20,direct
21614,23,23,direct
21614,165,165,direct
21620,12,12,direct
21646,1,1,direct
21646,50,50,direct
21646,174,174,direct
21667,95,95,direct
21691,80,80,direct
21709,1,1,direct
21709,2,2,direct
21709,5,5,direct
21709,22,22,direct
21709,88,88,direct
21709,91,91,direct
21709,590,590,direct
21713,7,7,direct
21713,33,33,direct
21716,6,6,direct
21716,11,11,direct
21716,12,12,direct
21722,1,1,direct
21722,7,7,direct
21722,14,14,direct
21736,2,2,direct
21736,110,110,direct
21749,3,3,direct
21749,590,590,direct
21803,1,1,direct
21803,7,7,direct
21805,1,1,direct
21805,2,2,direct
21805,12,12,direct
21805,18,18,direct
21806,2,2,direct
21806,5,5,direct
21806,6,6,direct
21806,9,9,direct
21806,11,11,direct
21806,33,33,direct
21809,7,7,direct
21809,48,48,direct
21809,138,138,direct
21817,2,2,direct
21817,3,3,direct
21817,4,10,ancestor
21817,10,10,direct
21834,1,1,split
21834,3,3,split
21834,11,11,direct
21834,83,83,direct
21862,6,6,direct
21862,13,13,direct
21862,93,93,direct
21872,1,1,direct
21872,2,2,direct
21872,4,4,direct
21872,110,110,direct
21893,59,59,direct
21893,93,93,direct
21980,1,1,direct
21980,2,2,direct
21980,3,3,direct
21980,5,5,direct
21995,3,3,direct
21995,6,6,direct
21995,60,60,direct
21995,64,64,direct
21995,93,93,direct
22004,1,1,direct
22004,2,2,direct
22004,3,3,direct
22023,4,4,direct
22024,23,23,direct
22024,446,446,direct
22130,4,4,direct
22130,9,9,direct
22130,14,14,direct
22130,130,130,direct
22133,36,36,direct
22157,3,3,direct
22157,4,203,ancestor
22157,16,16,direct
22157,203,203,direct
22158,2,2,direct
22158,4,4,direct
22158,18,18,direct
22158,136,136,direct
22160,7,7,direct
22160,19,19,direct
22174,1,1,direct
22174,2,2,direct
22174,11,11,direct
22174,49,49,direct
22179,1,1,direct
22179,2,2,direct
22179,3,3,direct
22179,182,182,direct
22184,3,3,direct
22184,178,178,direct
22220,2,2,direct
22220,3,3,direct
22220,4,4,direct
22220,6,6,direct
22220,12,12,direct
22224,2,2,direct
22224,3,3,direct
22224,4,10,ancestor
22224,10,10,direct
22224,11,11,direct
22224,49,49,direct
22258,1,1,direct
22258,3,3,direct
22258,4,10,ancestor
22258,6,6,direct
22258,10,10,direct
22258,81,81,direct
22260,2,2,direct
22260,7,7,direct
22260,18,18,direct
22260,80,80,direct
22307,5,5,direct
22307,6,6,direct
22307,12,12,direct
22307,15,15,direct
22307,24,15,ancestor
22310,4,10,ancestor
22310,10,10,direct
22310,106,106,direct
22342,6,6,direct
22342,19,19,direct
22342,72,72,direct
22343,110,110,direct
22350,2,2,direct
22350,48,48,direct
22356,2,2,direct
22356,3,3,direct
22356,182,182,direct
22363,2,2,direct
22363,110,110,direct
22391,318,318,direct
22413,2,2,direct
22413,327,327,direct
22419,2,2,direct
22419,7,7,direct
22419,111,111,direct
22426,1,1,direct
22426,4,4,direct
22436,2,2,direct
22436,3,3,direct
22436,11,11,direct
22436,24,589,ancestor
22436,589,589,direct
22442,1,1,direct
22442,183,183,direct
22456,2,2,direct
22456,4,4,direct
22456,265,265,direct
22468,2,2,direct
22468,8,8,direct
22468,221,221,direct
22470,2,2,direct
22470,4,4,direct
22487,1,1,direct
22487,2,2,direct
22487,3,3,direct
22487,36,36,direct
22496,2,2,direct
22496,3,3,direct
22496,11,11,direct
22496,24,143,ancestor
22496,143,143,direct
22518,1,1,direct
22518,2,2,direct
22518,3,3,direct
22518,7,7,direct
22518,222,222,direct
22544,1,1,direct
22544,6,6,direct
22544,8,8,direct
22575,6,6,direct
22602,3,3,direct
22602,11,11,direct
22602,12,12,direct
22620,1,1,direct
22620,2,2,direct
22620,3,3,direct
22620,73,73,direct
22628,1,1,direct
22628,2,2,direct
22628,3,3,direct
22655,11,11,direct
22655,27,27,direct
22655,36,36,direct
22655,180,180,direct
22737,1,1,direct
22737,2,2,direct
22737,3,3,direct
22749,2,2,direct
22749,19,19,direct
22749,91,91,direct
22769,1,1,direct
22769,2,2,direct
22769,18,18,direct
22769,23,23,direct
22769,27,27,direct
22774,1,1,direct
22774,2,2,direct
22774,4,37,ancestor
22774,33,33,direct
22774,37,37,direct
22774,91,91,direct
22774,129,129,direct
22774,180,180,direct
22792,2,2,direct
22792,150,150,direct
22792,321,321,direct
22792,322,322,direct
22896,2,2,direct
22896,17,17,direct
22909,24,24,direct
22909,106,106,direct
22909,228,228,direct
22967,1,1,split
22967,2,2,split
22967,3,3,direct
22967,91,91,direct
23020,1,1,direct
23020,2,2,direct
23020,3,3,direct
23051,2,2,direct
23067,31,31,direct
23071,1,1,direct
23071,2,2,direct
23071,18,18,direct
23071,46,46,direct
23071,590,590,direct
23074,4,4,direct
23074,6,6,direct
23082,7,7,direct
23083,5,5,direct
23083,11,11,direct
23083,24,589,ancestor
23083,49,49,direct
23083,589,589,direct
23089,1,1,direct
23089,2,2,direct
23089,3,3,direct
23089,50,50,direct
23089,91,91,direct
23120,1,1,direct
23120,2,2,split
23120,3,3,split
23120,46,46,direct
23120,49,49,direct
23120,113,113,direct
23135,1,1,split
23135,2,2,split
23135,3,3,split
23135,24,24,direct
23150,11,11,direct
23150,12,12,direct
23150,83,83,direct
23162,46,46,direct
23162,341,341,direct
23162,590,341,ancestor
23226,1,1,direct
23226,2,2,direct
23226,3,3,direct
23227,109,109,direct
23228,2,2,direct
23228,3,3,direct
23235,1,1,direct
23235,3,3,direct
23235,13,13,direct
23235,33,33,direct
23235,57,57,direct
23235,59,59,direct
23237,2,2,direct
23241,70,70,direct
23243,3,3,direct
23245,201,201,direct
23248,1,1,direct
23248,2,2,direct
23248,8,8,direct
23248,33,33,direct
23248,183,183,direct
23250,1,1,direct
23250,27,27,direct
23263,2,2,direct
23278,2,2,direct
23278,3,3,direct
23278,4,10,ancestor
23278,7,7,direct
23278,10,10,direct
23297,7,7,direct
23297,9,9,direct
23297,46,46,direct
23302,1,1,direct
23302,3,3,direct
23302,50,50,direct
23302,316,316,direct
23321,377,377,direct
23323,8,338,ancestor
23323,338,338,direct
23339,2,2,direct
23339,11,11,direct
23357,1,1,direct
23357,29,29,direct
23367,2,2,direct
23367,9,9,direct
23393,284,284,direct
23426,1,1,direct
23426,2,2,direct
23426,3,3,direct
23426,5,5,direct
23426,95,95,direct
23426,261,261,direct
23470,1,1,direct
23470,3,3,direct
23503,1,1,direct
23503,14,14,direct
23503,590,590,direct
23508,2,2,direct
23508,3,3,direct
23510,3,3,direct
23510,242,242,direct
23548,7,7,direct
23548,337,337,direct
23552,1,1,direct
23552,2,2,direct
23552,3,3,direct
23552,19,19,direct
23552,22,22,direct
23561,2,2,direct
23561,5,5,direct
23561,7,7,direct
23561,11,11,direct
23563,7,7,direct
23563,23,23,direct
23563,75,75,direct
23570,2,2,direct
23570,12,12,direct
23570,70,70,direct
23574,2,2,direct
23574,3,3,direct
23574,44,44,direct
23574,46,46,direct
23574,52,52,direct
23579,9,9,direct
23579,63,63,direct
23618,2,2,direct
23618,3,3,direct
23618,11,11,direct
23630,1,1,split
23630,2,2,split
23630,3,3,split
23630,17,17,direct
23630,80,80,direct
23634,4,10,ancestor
23634,10,10,direct
23634,130,130,direct
23660,4,10,ancestor
23660,10,10,direct
23660,12,12,direct
23660,23,23,direct
23660,227,227,direct
23690,1,1,split
23690,2,2,split
23690,3,3,split
23690,4,204,ancestor
23690,23,23,direct
23690,204,204,direct
23694,1,1,split
23694,2,2,split
23694,3,3,split
23694,5,5,direct
23694,11,11,direct
23694,91,91,direct
23694,182,182,direct
23703,5,5,direct
23703,24,589,ancestor
23703,589,589,direct
23708,83,83,direct
23721,1,1,direct
23721,4,4,direct
23721,23,23,direct
23735,1,1,direct
23735,2,2,direct
23735,4,4,direct
23735,11,11,direct
23735,23,23,direct
23735,136,136,direct
23753,3,3,direct
23753,29,29,direct
23765,2,2,direct
23765,3,3,direct
23765,9,9,direct
23765,167,167,direct
23770,2,2,direct
23770,7,7,direct
23770,265,265,direct
23802,4,10,ancestor
23802,10,10,direct
23810,2,2,direct
23810,3,3,direct
23810,8,8,direct
23810,11,11,direct
23816,1,1,direct
23816,2,2,direct
23816,3,3,direct
23816,106,106,direct
23816,115,115,direct
23843,3,3,direct
23843,73,73,direct
23872,15,15,direct
23872,24,15,ancestor
23872,84,84,direct
23873,19,19,direct
23873,150,150,direct
23875,129,129,direct
23875,145,145,direct
23879,2,2,direct
23880,1,1,direct
23880,2,2,direct
23880,3,3,direct
23880,5,5,direct
23880,8,8,direct
23880,9,9,direct
23880,14,14,direct
23885,3,3,direct
23885,52,52,direct
23885,262,262,direct
23885,590,262,ancestor
23899,1,1,direct
23916,6,6,direct
23916,14,14,direct
23916,51,51,direct
23916,53,53,direct
23955,1,1,direct
23955,2,2,direct
23955,3,3,direct
23955,9,9,direct
23971,7,7,direct
23971,86,86,direct
23971,90,90,direct
23971,308,308,direct
23994,1,1,direct
23994,2,2,direct
24000,2,2,direct
24000,44,44,direct
24009,1,1,direct
24009,3,3,direct
24009,9,9,direct
24009,63,63,direct
24009,68,68,direct
24020,1,1,split
24020,2,2,split
24020,3,3,split
24020,14,14,direct
24020,46,46,direct
24028,222,222,direct
24031,2,2,direct
24031,236,236,direct
24051,7,7,direct
24051,14,14,direct
24051,31,31,direct
24076,5,5,direct
24076,11,11,direct
24076,49,49,direct
24113,1,1,direct
24113,2,2,direct
24113,3,3,direct
24113,18,18,direct
24113,92,92,direct
24120,1,1,direct
24120,3,3,direct
24120,4,4,direct
24120,7,7,direct
24120,29,29,direct
24135,3,3,direct
24135,4,4,direct
24135,6,6,direct
24135,180,180,direct
24141,6,6,direct
24141,7,7,direct
24141,19,19,direct
24141,35,35,split
24141,36,36,split
24144,3,3,direct
24144,11,11,direct
24172,1,1,split
24172,2,2,split
24172,3,3,split
24172,11,11,direct
24172,24,589,ancestor
24172,93,93,direct
24172,589,589,direct
24173,1,1,direct
24173,2,2,direct
24173,3,3,direct
24173,4,10,ancestor
24173,7,7,direct
24173,10,10,direct
24233,14,14,direct
24233,29,29,direct
24233,33,33,direct
24234,20,20,direct
24234,60,60,direct
24234,94,94,direct
24256,3,3,direct
24256,4,4,direct
24256,7,7,direct
24267,2,2,direct
24267,4,4,direct
24267,6,6,direct
24267,11,11,direct
24267,33,33,direct
24267,220,220,direct
24284,81,81,direct
24284,89,89,direct
24294,64,64,direct
24312,20,20,direct
24312,21,21,direct
24312,94,94,direct
24312,124,124,direct
24312,128,128,direct
24312,450,450,direct
24343,1,1,direct
24343,3,3,direct
24343,126,126,direct
24362,1,1,direct
24362,7,7,direct
24362,65,65,direct
24377,2,2,direct
24377,3,3,direct
24377,15,15,direct
24377,24,15,ancestor
24377,91,91,direct
24377,145,145,direct
24419,2,2,direct
24419,3,3,direct
24419,15,15,direct
24419,24,15,ancestor
24419,50,50,direct
24419,111,111,direct
24486,3,3,direct
24515,11,11,direct
24515,33,33,direct
24517,3,3,direct
24517,9,9,direct
24519,2,2,direct
24520,1,1,direct
24520,4,4,direct
24524,20,20,direct
24524,257,257,direct
24529,4,4,direct
24529,7,7,direct
24529,131,131,direct
24533,1,1,direct
24533,6,6,direct
24533,23,23,direct
24547,5,5,direct
24547,8,152,ancestor
24547,27,27,direct
24547,152,152,direct
24547,222,222,direct
24550,1,1,direct
24550,2,2,direct
24550,3,3,direct
24550,12,12,direct
24550,24,24,direct
24555,2,2,direct
24555,29,29,direct
24599,6,6,direct
24599,23,23,direct
24599,24,589,ancestor
24599,97,97,direct
24599,589,589,direct
24613,1,1,direct
24613,2,2,direct
24613,3,3,direct
24613,79,79,direct
24639,5,5,direct
24639,6,6,direct
24639,12,12,direct
24639,91,91,direct
24639,111,111,direct
24640,4,4,direct
24640,6,6,direct
24640,7,7,direct
24640,17,17,direct
24651,5,5,direct
24651,11,11,direct
24651,164,164,direct
24651,590,590,direct
24654,6,6,direct
24654,27,27,direct
24654,46,46,direct
24664,63,63,direct
24665,2,2,direct
24665,362,362,direct
24668,1,1,direct
24668,3,3,direct
24668,58,58,direct
24668,59,59,direct
24668,131,131,direct
24681,1,1,direct
24681,2,2,direct
24681,3,3,direct
24681,383,383,direct
24719,2,2,direct
24719,6,6,direct
24719,109,109,direct
24731,1,1,direct
24731,7,7,direct
24747,4,10,ancestor
24747,5,5,direct
24747,10,10,direct
24747,27,27,direct
24747,80,80,direct
24756,222,222,direct
24777,5,5,direct
24777,6,6,direct
24777,7,7,direct
24777,23,23,direct
24777,35,35,direct
24777,53,53,direct
24777,104,104,direct
24777,282,282,direct
24817,4,32,ancestor
24817,32,32,direct
24818,3,3,direct
24818,5,5,direct
24818,6,6,direct
24818,8,8,direct
24818,12,12,direct
24821,2,2,direct
24821,3,3,direct
24821,14,14,direct
24821,27,27,direct
24821,51,51,direct
24821,98,98,direct
24830,2,2,direct
24830,44,44,direct
24847,5,5,direct
24847,6,6,direct
24847,20,20,direct
24847,58,58,direct
24862,1,1,direct
24862,3,3,direct
24884,58,58,direct
24920,2,2,direct
24920,11,11,direct
24920,18,18,direct
24920,83,83,direct
24932,1,1,direct
24932,2,2,direct
24932,131,131,direct
24933,2,2,direct
24933,76,76,direct
24933,201,201,direct
24938,1,1,direct
24938,4,4,direct
24938,14,14,direct
24948,3,3,direct
24948,23,23,direct
24948,29,29,direct
25055,1,1,direct
25055,3,3,direct
25055,14,14,direct
25055,30,30,direct
25056,540,540,direct
25079,1,1,direct
25079,3,3,direct
25079,9,9,direct
25079,156,156,direct
25087,1,1,direct
25087,6,6,direct
25087,7,7,direct
25087,60,60,direct
25087,67,67,direct
25090,9,9,direct
25090,23,23,direct
25090,29,29,direct
25090,110,110,direct
25100,3,3,direct
25100,156,156,direct
25115,3,3,direct
25115,24,141,ancestor
25115,71,141,ancestor
25115,141,141,direct
25123,1,1,direct
25123,3,3,direct
25148,4,10,ancestor
25148,10,10,direct
25148,59,59,direct
25164,2,2,direct
25164,3,3,direct
25164,48,48,direct
25199,1,1,direct
25199,2,2,direct
25199,3,3,direct
25199,36,36,direct
25201,1,1,direct
25201,2,2,direct
25201,3,3,direct
25201,5,5,direct
25201,11,11,direct
25215,7,7,direct
25215,69,69,direct
25238,2,2,direct
25238,3,3,direct
25238,232,232,direct
25244,2,2,direct
25244,17,17,direct
25244,265,265,direct
25261,1,1,direct
25261,2,2,direct
25261,6,6,direct
25261,7,7,direct
25261,11,11,direct
25261,33,33,direct
25314,84,84,direct
25354,2,2,direct
25354,3,3,direct
25354,4,10,ancestor
25354,10,10,direct
25354,169,169,direct
25365,4,4,direct
25365,48,48,direct
25365,395,395,direct
25380,2,2,direct
25380,31,31,direct
25383,2,2,direct
25383,3,3,direct
25383,11,11,direct
25383,49,49,direct
25383,115,115,direct
25391,2,2,direct
25391,5,5,direct
25391,9,9,direct
25391,91,91,direct
25412,2,2,direct
25412,7,7,direct
25412,48,48,direct
25418,2,2,direct
25418,4,10,ancestor
25418,10,10,direct
25445,1,1,direct
25445,2,2,direct
25445,3,3,direct
25445,7,7,direct
25445,13,13,direct
25445,33,33,direct
25445,49,49,direct
25445,53,53,direct
25445,98,98,direct
25447,1,1,direct
25447,2,2,direct
25447,378,378,direct
25524,1,1,direct
25524,3,3,direct
25524,24,24,direct
25530,29,29,direct
25530,57,57,direct
25532,1,1,direct
25532,2,2,direct
25532,3,3,direct
25532,8,8,direct
25532,9,9,direct
25532,49,49,direct
25532,52,52,direct
25595,31,31,direct
25598,1,1,direct
25598,2,2,direct
25598,3,3,direct
25598,110,110,direct
25662,2,2,direct
25662,12,12,direct
25687,3,3,direct
25687,8,82,ancestor
25687,12,12,direct
25687,82,82,direct
25729,2,2,direct
25729,3,3,direct
25729,12,12,direct
25778,1,1,direct
25778,2,2,direct
25778,3,3,direct
25778,6,6,direct
25778,12,12,direct
25778,13,13,direct
25778,110,110,direct
25781,7,7,direct
25798,11,11,direct
25798,80,80,direct
25811,1,1,direct
25811,2,2,direct
25811,17,17,direct
25811,18,18,direct
25848,7,7,direct
25848,11,11,direct
25864,2,2,direct
25864,136,136,direct
25878,8,8,direct
25878,42,42,direct
25891,1,1,direct
25891,46,46,direct
25891,60,60,direct
25891,101,101,direct
25909,3,3,direct
25909,126,126,direct
25944,2,2,direct
25944,3,3,direct
25944,8,82,ancestor
25944,59,59,direct
25944,82,82,direct
25954,3,3,direct
25954,52,52,direct
25954,590,590,direct
25974,1,1,direct
25974,2,2,direct
25974,3,3,direct
25974,5,5,direct
25974,9,9,direct
25974,17,17,direct
25974,354,354,direct
25987,2,2,direct
25987,3,3,direct
25987,12,12,direct
25987,24,589,ancestor
25987,93,93,direct
25987,589,589,direct
25993,1,1,direct
25993,2,2,direct
25993,3,3,direct
25993,18,18,direct
25993,46,46,direct
25993,50,50,direct
25993,66,66,direct
26004,2,2,direct
26004,3,3,direct
26004,7,7,direct
26008,3,3,direct
26008,5,5,direct
26008,17,17,direct
26008,340,340,direct
26020,6,6,direct
26025,1,1,direct
26039,2,2,direct
26039,3,3,direct
26039,7,7,direct
26039,235,235,direct
26040,1,1,direct
26040,2,2,direct
26040,3,3,direct
26040,6,6,direct
26040,7,7,direct
26040,19,19,direct
26040,33,33,direct
26040,130,130,direct
26091,1,1,direct
26091,3,3,direct
26091,9,9,direct
26091,182,182,direct
26091,590,590,direct
26121,1,1,direct
26121,9,9,direct
26121,330,330,direct
26121,590,330,ancestor
26138,1,1,direct
26138,3,3,direct
26138,27,27,direct
26138,322,322,direct
26152,1,1,direct
26152,2,2,direct
26152,3,3,direct
26152,111,111,direct
26189,6,6,direct
26189,11,11,direct
26189,33,33,direct
26189,83,83,direct
26224,1,1,direct
26224,2,2,direct
26224,46,46,direct
26240,2,2,direct
26240,84,84,direct
26240,91,91,direct
26240,110,110,direct
26258,3,3,direct
26258,33,33,direct
26258,118,118,direct
26261,1,1,direct
26261,3,3,direct
26261,5,5,direct
26261,6,6,direct
26261,8,8,direct
26261,14,14,direct
26261,81,81,direct
26271,136,136,direct
26315,3,3,direct
26315,12,12,direct
26315,24,24,direct
26326,1,1,direct
26326,3,3,direct
26326,85,85,direct
26330,1,1,split
26330,2,2,direct
26330,3,3,split
26330,4,37,ancestor
26330,9,9,direct
26330,19,19,direct
26330,37,37,direct
26336,1,1,direct
26336,2,2,direct
26336,3,3,direct
26336,24,24,direct
26336,26,26,direct
26350,1,1,direct
26350,3,3,direct
26350,8,8,direct
26350,9,9,direct
26350,63,63,direct
26357,1,1,direct
26357,2,2,direct
26357,3,3,direct
26357,18,18,direct
26357,66,66,direct
26378,23,23,direct
26378,74,74,direct
26406,1,1,direct
26406,2,2,direct
26461,2,2,direct
26461,24,71,ancestor
26461,71,71,direct
26487,6,6,direct
26487,7,7,direct
26487,15,15,direct
26487,24,15,ancestor
26492,221,221,direct
26520,1,1,direct
26520,3,3,direct
26520,17,17,direct
26554,2,2,direct
26554,11,11,direct
26554,12,12,direct
26576,7,7,direct
26576,78,78,direct
26576,590,590,direct
26581,2,2,direct
26583,2,2,direct
26583,168,168,direct
26583,370,370,direct
26589,3,3,direct
26589,8,8,direct
26589,87,87,direct
26598,1,1,direct
26598,5,5,direct
26598,7,7,direct
26598,14,14,direct
26598,19,19,direct
26598,41,41,direct
26598,67,67,direct
26598,144,144,direct
26598,590,41,ancestor
26614,53,53,direct
26618,104,104,direct
26618,254,254,direct
26632,6,6,direct
26632,7,7,direct
26632,13,13,direct
26632,19,19,direct
26656,3,3,direct
26656,4,4,direct
26667,3,3,direct
26667,53,53,direct
26672,7,7,direct
26672,181,181,direct
26672,239,239,direct
26706,2,2,direct
26706,6,6,direct
26706,109,109,direct
26708,2,2,direct
26708,44,44,direct
26761,6,6,direct
26761,27,27,direct
26761,52,52,direct
26774,2,2,direct
26774,80,80,direct
26774,193,193,direct
26774,201,201,direct
26779,11,11,direct
26779,254,254,direct
26782,4,4,direct
26782,21,21,direct
26789,2,2,direct
26789,18,18,direct
26789,24,241,ancestor
26789,71,241,ancestor
26789,123,123,direct
26789,241,241,direct
26802,2,2,direct
26802,33,33,direct
26802,265,265,direct
26807,2,2,direct
26807,3,3,direct
26850,2,2,direct
26850,17,17,direct
26850,130,130,direct
26862,24,71,ancestor
26862,71,71,direct
26871,1,1,direct
26871,2,2,direct
26871,3,3,direct
26871,91,91,direct
26874,1,1,direct
26874,2,2,direct
26874,110,110,direct
26903,2,2,direct
26903,3,3,direct
26903,95,95,direct
26954,2,2,direct
26954,3,3,direct
26954,9,9,direct
26954,52,52,direct
26975,8,82,ancestor
26975,27,27,direct
26975,59,59,direct
26975,82,82,direct
26995,2,2,direct
26995,3,3,direct
26995,24,589,ancestor
26995,93,93,direct
26995,169,169,direct
26995,589,589,direct
27005,3,3,direct
27005,4,10,ancestor
27005,10,10,direct
27005,153,153,direct
27015,68,68,direct
27015,108,108,direct
27051,2,2,direct
27051,11,11,direct
27057,39,39,direct
27057,41,41,direct
27057,89,89,direct
27057,255,255,direct
27057,590,41,ancestor
27064,1,1,direct
27064,4,404,ancestor
27064,32,404,ancestor
27064,404,404,direct
27071,2,2,direct
27071,257,257,direct
27106,2,2,direct
27112,1,1,direct
27112,3,3,direct
27112,9,9,direct
27112,11,11,direct
27112,26,26,direct
27112,52,52,direct
27117,1,1,direct
27117,3,3,direct
27117,5,5,direct
27117,12,12,direct
27117,24,241,ancestor
27117,27,27,direct
27117,71,241,ancestor
27117,241,241,direct
27120,91,91,direct
27139,1,1,direct
27139,2,2,direct
27139,3,3,direct
27139,8,8,direct
27139,12,12,direct
27139,14,14,direct
27155,29,29,direct
27173,7,7,direct
27173,69,69,direct
27196,1,1,direct
27196,2,2,direct
27196,3,3,direct
27196,49,49,direct
27196,111,111,direct
27196,383,383,direct
27238,1,1,direct
27238,3,3,direct
27238,52,52,direct
27339,24,24,direct
27348,1,1,direct
27348,2,2,direct
27348,6,6,direct
27348,7,7,direct
27348,15,15,direct
27348,19,19,direct
27348,24,15,ancestor
27399,1,1,direct
27399,7,7,direct
27413,2,2,direct
27413,27,27,direct
27413,31,31,direct
27413,189,189,direct
27413,198,198,direct
27413,269,269,direct
27422,3,3,direct
27422,5,5,direct
27422,50,50,direct
27422,390,390,direct
27437,7,7,direct
27437,590,590,direct
27443,1,1,direct
27443,3,3,direct
27443,7,7,direct
27443,8,8,direct
27467,1,1,direct
27467,60,60,direct
27467,590,590,direct
27471,7,7,direct
27471,374,374,direct
27502,1,1,split
27502,2,2,split
27502,3,3,split
27502,112,112,direct
27507,2,2,direct
27507,11,11,direct
27507,50,50,direct
27507,110,110,direct
27521,1,1,split
27521,2,2,split
27521,3,3,split
27521,69,69,direct
27555,1,1,direct
27555,3,3,direct
27555,4,4,direct
27555,110,110,direct
27570,3,3,direct
27600,1,1,direct
27600,2,2,direct
27600,3,3,direct
27600,19,19,direct
27600,49,49,direct
27600,52,52,direct
27600,362,362,direct
27628,1,1,direct
27628,2,2,direct
27628,3,3,direct
27628,6,6,direct
27628,11,11,direct
27628,15,15,direct
27628,24,15,ancestor
27628,33,33,direct
27628,52,52,direct
27628,362,362,direct
27633,7,7,direct
27633,201,201,direct
27635,44,44,direct
27680,3,3,direct
27680,11,11,direct
27680,12,12,direct
27692,1,1,direct
27692,2,2,direct
27692,3,3,direct
27692,50,50,direct
27692,111,111,direct
27693,1,1,split
27693,2,2,split
27693,3,3,split
27693,4,37,ancestor
27693,37,37,direct
27717,5,5,direct
27717,6,6,direct
27717,8,8,direct
27717,46,46,direct
27717,106,106,direct
27727,4,4,direct
27727,14,14,direct
27738,6,6,direct
27738,14,14,direct
27738,15,15,direct
27738,20,20,direct
27738,24,15,ancestor
27738,30,30,direct
27743,19,19,direct
27838,1,1,direct
27838,3,3,direct
27859,85,85,direct
27859,109,109,direct
27859,194,194,direct
27880,11,11,direct
27880,12,12,direct
27890,1,1,direct
27890,2,2,direct
27890,3,3,direct
27890,7,7,direct
27892,7,7,direct
27892,40,40,direct
27937,1,1,direct
27937,7,7,direct
27937,41,41,direct
27937,590,41,ancestor
27938,2,2,direct
27938,12,12,direct
27938,110,110,direct
27956,8,8,direct
27956,11,11,direct
27964,2,2,direct
27964,4,4,direct
27964,221,221,direct
27967,1,1,direct
27967,2,2,direct
27967,6,6,direct
27967,15,15,direct
27967,16,16,direct
27967,17,17,direct
27967,19,19,direct
27967,24,15,ancestor
27967,52,52,direct
27968,81,81,direct
27968,229,229,direct
27977,2,2,direct
27977,3,3,direct
27977,4,10,ancestor
27977,10,10,direct
27977,12,12,direct
27979,41,41,direct
27979,104,104,direct
27979,590,41,ancestor
27981,3,3,direct
27981,4,10,ancestor
27981,10,10,direct
27993,7,7,direct
27993,8,8,direct
27993,14,14,direct
27993,80,80,direct
28022,2,2,direct
28022,142,142,direct
28032,11,11,direct
28032,494,494,direct
28039,1,1,direct
28039,2,2,direct
28039,3,3,direct
28039,193,193,direct
28057,2,2,direct
28057,11,11,direct
28057,340,340,direct
28063,1,1,direct
28063,2,2,direct
28063,50,50,direct
28083,5,5,direct
28083,8,8,direct
28083,11,11,direct
28097,1,1,direct
28097,3,3,direct
28097,24,589,ancestor
28097,589,589,direct
28099,3,3,direct
28099,6,6,direct
28099,21,21,direct
28099,57,57,direct
28102,2,2,direct
28102,3,3,direct
28102,9,9,direct
28102,11,11,direct
28118,2,2,direct
28118,3,3,direct
28118,590,590,direct
28170,2,2,direct
28170,3,3,direct
28170,91,91,direct
28170,590,590,direct
28195,1,1,split
28195,2,2,split
28195,3,3,split
28195,4,4,direct
28195,29,29,direct
28198,1,1,direct
28198,3,3,direct
28198,4,4,direct
28198,50,50,direct
28198,186,186,direct
28209,2,2,direct
28209,12,12,direct
28212,1,1,direct
28212,3,3,direct
28212,66,66,direct
28237,1,1,direct
28237,46,46,direct
28237,66,66,direct
28244,1,1,direct
28244,3,3,direct
28244,4,4,direct
28244,7,7,direct
28262,2,2,direct
28262,130,130,direct
28290,3,3,direct
28290,108,108,direct
28348,2,2,direct
28348,19,19,direct
28348,80,80,direct
28348,123,123,direct
28407,2,2,direct
28407,3,3,direct
28407,24,589,ancestor
28407,50,50,direct
28407,589,589,direct
28412,2,2,direct
28412,3,3,direct
28412,70,70,direct
28414,3,3,direct
28414,8,8,direct
28414,11,11,direct
28462,7,7,direct
28462,9,9,direct
28462,322,322,direct
28495,18,18,direct
28495,48,48,direct
28495,92,92,direct
28497,4,10,ancestor
28497,9,9,direct
28497,10,10,direct
28497,18,18,direct
28497,33,33,direct
28519,2,2,direct
28519,70,70,direct
28521,2,2,direct
28521,3,3,direct
28521,12,12,direct
28521,23,23,direct
28539,2,2,direct
28539,91,91,direct
28539,168,168,direct
28540,2,2,direct
28540,3,3,direct
28540,6,6,direct
28550,1,1,direct
28550,2,2,direct
28550,14,14,direct
28550,110,110,direct
28603,2,2,direct
28603,136,136,direct
28617,1,1,direct
28617,2,2,direct
28617,3,3,direct
28617,80,80,direct
28617,193,193,direct
28617,221,221,direct
28622,1,1,direct
28622,2,2,direct
28622,3,3,direct
28622,8,82,ancestor
28622,12,12,direct
28622,14,14,direct
28622,82,82,direct
28634,1,1,direct
28634,2,2,direct
28634,6,6,direct
28634,7,7,direct
28634,11,11,direct
28639,15,15,direct
28639,17,17,direct
28639,24,15,ancestor
28639,136,136,direct
28642,2,2,direct
28642,14,14,direct
28642,23,23,direct
28688,3,3,direct
28688,12,12,direct
28688,14,14,direct
28701,1,1,direct
28701,2,2,direct
28701,264,264,direct
28709,40,40,direct
28711,9,9,direct
28711,11,11,direct
28711,23,23,direct
28711,33,33,direct
28711,85,85,direct
28716,1,1,direct
28716,7,7,direct
28716,14,14,direct
28716,46,46,direct
28716,83,83,direct
28723,2,2,direct
28723,3,3,direct
28723,15,15,direct
28723,24,15,ancestor
28743,7,7,direct
28745,5,5,direct
28745,6,6,direct
28750,80,80,direct
28801,2,2,direct
28801,3,3,direct
28801,50,50,direct
28819,1,1,direct
28819,2,2,direct
28819,3,3,direct
28819,91,91,direct
28819,92,92,direct
28819,98,98,direct
28825,1,1,direct
28825,88,88,direct
28854,2,2,direct
28854,91,91,direct
28854,130,130,direct
28891,2,2,direct
28891,3,3,direct
28891,5,5,direct
28891,12,12,direct
28891,112,112,direct
28895,17,17,direct
28895,108,108,direct
28903,2,2,direct
28903,15,15,direct
28903,23,23,direct
28903,24,15,ancestor
28973,1,1,direct
28973,2,2,direct
28973,3,3,direct
28973,9,9,direct
28973,22,22,direct
28973,79,79,direct
28991,2,2,direct
28991,4,10,ancestor
28991,10,10,direct
28991,11,11,direct
29011,11,11,direct
29011,46,46,direct
29015,1,1,direct
29015,3,3,direct
29015,7,7,direct
29033,7,7,direct
29036,1,1,direct
29036,2,2,direct
29036,3,3,direct
29036,6,6,direct
29036,7,7,direct
29057,3,3,direct
29057,17,17,direct
29057,24,24,direct
29060,2,2,direct
29060,11,11,split
29060,23,23,direct
29060,49,49,split
29068,1,1,direct
29068,46,46,direct
29080,92,92,direct
29080,218,218,direct
29105,1,1,direct
29105,3,3,direct
29105,29,29,direct
29139,7,7,direct
29139,33,33,direct
29139,416,416,direct
29151,1,1,direct
29151,2,2,direct
29151,3,3,direct
29151,330,330,direct
29151,590,330,ancestor
29152,1,1,direct
29152,2,2,direct
29152,3,3,direct
29152,5,5,direct
29152,78,78,direct
29164,3,3,direct
29164,7,7,direct
29164,126,126,direct
29173,21,21,direct
29173,144,144,direct
29239,5,5,direct
29239,8,8,direct
29239,27,27,direct
29261,1,1,direct
29261,2,2,direct
29261,83,83,direct
29267,6,6,direct
29267,109,109,direct
29267,358,358,direct
29281,2,2,direct
29281,4,4,direct
29281,251,251,direct
29319,1,1,direct
29326,2,2,direct
29326,15,15,direct
29326,24,15,ancestor
29326,60,60,direct
29346,1,1,direct
29346,3,3,direct
29346,24,24,direct
29346,93,93,direct
29403,2,2,direct
29403,4,4,direct
29403,6,6,direct
29403,18,18,direct
29403,23,23,direct
29403,80,80,direct
29403,111,111,direct
29438,1,1,direct
29438,8,8,direct
29438,14,14,direct
29447,1,1,direct
29447,3,3,direct
29447,4,4,direct
29447,186,186,direct
29478,1,1,direct
29478,2,2,direct
29478,3,3,direct
29478,29,29,direct
29514,30,30,direct
29514,127,127,direct
29524,63,63,direct
29524,126,126,direct
29543,5,5,direct
29543,8,82,ancestor
29543,12,12,direct
29543,14,14,direct
29543,82,82,direct
29547,2,2,direct
29547,11,11,direct
29547,83,83,direct
29612,1,1,direct
29612,2,2,direct
29612,29,29,direct
29614,3,3,direct
29615,3,3,direct
29615,11,11,direct
29615,12,12,direct
29615,24,105,ancestor
29615,33,33,direct
29615,71,105,ancestor
29615,105,105,direct
29683,4,4,direct
29683,221,221,direct
29706,7,7,direct
29708,1,1,direct
29708,189,189,direct
29712,2,2,direct
29712,3,3,direct
29712,11,11,direct
29712,18,18,direct
29755,1,1,direct
29755,2,2,direct
29755,44,44,direct
29763,1,1,direct
29763,27,27,direct
29763,52,52,direct
29763,111,111,direct
29773,4,37,ancestor
29773,37,37,direct
29773,52,52,direct
29778,3,3,direct
29778,5,5,direct
29778,6,6,direct
29778,12,12,direct
29778,24,71,ancestor
29778,71,71,direct
29791,1,1,split
29791,3,3,split
29791,4,204,ancestor
29791,204,204,direct
29860,2,2,direct
29860,378,378,direct
29863,1,1,split
29863,3,3,split
29863,8,8,direct
29938,9,9,direct
29942,1,1,direct
29942,2,2,direct
29942,3,3,direct
29958,1,1,direct
29958,2,2,direct
29958,3,3,direct
30017,2,2,direct
30017,3,3,direct
30017,5,5,direct
30017,6,6,direct
30017,9,9,direct
30017,277,277,direct
30017,292,277,ancestor
30039,1,1,direct
30039,3,3,direct
30039,50,50,direct
30055,1,1,direct
30055,3,3,direct
30055,5,5,direct
30055,11,11,direct
30055,24,589,ancestor
30055,49,49,direct
30055,589,589,direct
30086,1,1,split
30086,2,2,split
30086,3,3,split
30086,86,86,direct
30119,2,2,direct
30119,12,12,direct
30119,84,84,direct
30121,1,1,direct
30121,2,2,split
30121,3,3,split
30121,14,14,direct
30121,66,66,direct
30158,2,2,direct
30158,14,14,direct
30158,110,110,direct
30159,1,1,direct
30159,3,3,direct
30159,8,8,direct
30159,106,106,direct
30165,3,3,direct
30165,184,184,direct
30184,1,1,direct
30184,5,5,direct
30184,6,6,direct
30208,2,2,direct
30208,3,3,direct
30208,18,18,direct
30218,7,7,direct
30218,258,258,direct
30218,590,590,direct
30224,2,2,direct
30224,3,3,direct
30224,11,11,direct
30224,309,309,direct
30228,1,1,direct
30228,2,2,direct
30228,3,3,direct
30228,9,9,direct
30239,5,5,direct
30239,12,12,direct
30272,2,2,direct
30272,4,10,ancestor
30272,10,10,direct
30272,74,74,direct
30284,590,590,direct
30287,1,1,direct
30287,2,2,direct
30287,3,3,direct
30287,11,11,direct
30287,315,315,direct
30313,1,1,direct
30313,2,2,direct
30313,3,3,direct
30313,5,5,direct
30313,12,12,direct
30313,19,19,direct
30313,27,27,direct
30313,91,91,direct
30313,112,112,direct
30313,590,590,direct
30341,1,1,split
30341,2,2,split
30341,3,3,split
30341,8,8,direct
30341,9,9,direct
30344,1,1,direct
30344,2,2,direct
30344,6,6,direct
30344,11,11,direct
30358,1,1,direct
30358,2,2,direct
30358,3,3,direct
30358,5,5,direct
30358,91,91,direct
30378,1,1,direct
30378,3,3,direct
30388,2,2,direct
30388,3,3,direct
30388,8,8,direct
30388,11,11,split
30388,49,49,split
30388,106,106,direct
30395,2,2,direct
30395,3,3,direct
30395,169,169,direct
30398,1,1,direct
30398,2,2,direct
30398,3,3,direct
30398,6,6,direct
30398,11,11,direct
30438,27,27,direct
30438,33,33,direct
30458,2,2,direct
30458,3,3,direct
30458,354,354,direct
30480,4,10,ancestor
30480,10,10,direct
30480,115,115,direct
30500,130,130,direct
30504,2,2,direct
30504,3,3,direct
30551,2,2,direct
30551,3,3,direct
30551,6,6,direct
30551,136,136,direct
30559,1,1,direct
30559,7,7,direct
30559,69,69,direct
30561,2,2,direct
30561,8,8,direct
30561,103,103,direct
30565,1,1,direct
30565,11,11,direct
30565,23,23,direct
30574,1,1,direct
30574,3,3,direct
30632,3,3,direct
30632,95,95,direct
30632,148,148,direct
30648,1,1,direct
30648,2,2,direct
30648,6,6,direct
30648,33,33,direct
30648,184,184,direct
30685,3,3,direct
30686,4,4,direct
30686,6,6,direct
30686,14,14,direct
30686,254,254,direct
30759,2,2,direct
30759,11,11,direct
30759,130,130,direct
30772,1,1,direct
30772,2,2,direct
30772,108,108,direct
30782,1,1,direct
30782,2,2,direct
30805,2,2,direct
30805,3,3,direct
30805,6,6,direct
30805,7,7,direct
30805,53,53,direct
30805,133,133,direct
30805,134,134,direct
30817,1,1,direct
30817,2,2,direct
30817,3,3,direct
30817,9,9,direct
30817,19,19,direct
30817,36,36,direct
30872,24,589,ancestor
30872,73,73,direct
30872,589,589,direct
30897,2,2,direct
30897,49,49,direct
30918,8,152,ancestor
30918,11,11,direct
30918,152,152,direct
30925,7,7,direct
30925,19,19,direct
30936,46,46,direct
30936,70,70,direct
30966,11,11,direct
30966,33,33,direct
30979,1,1,direct
30979,2,2,direct
30979,3,3,direct
30979,14,14,direct
30979,46,46,direct
30987,1,1,split
30987,2,2,direct
30987,3,3,split
30987,41,41,direct
30987,52,52,direct
30987,81,81,direct
30987,590,41,ancestor
30995,4,4,direct
30995,7,7,direct
30995,14,14,direct
30995,108,108,direct
30998,1,1,direct
30998,3,3,direct
30998,126,126,direct
31013,19,19,direct
31013,107,107,direct
31013,153,153,direct
31029,44,44,direct
31029,93,93,direct
31039,2,2,direct
31039,4,4,direct
31039,11,11,direct
31039,91,91,direct
31045,63,63,direct
31048,3,3,direct
31048,59,59,direct
31048,590,590,direct
31064,1,1,direct
31064,2,2,direct
31064,3,3,direct
31064,18,18,direct
31094,2,2,direct
31094,29,29,direct
31120,2,2,direct
31120,3,3,direct
31120,4,4,direct
31120,14,14,direct
31168,27,27,direct
31192,2,2,direct
31192,110,110,direct
31200,1,1,direct
31200,3,3,direct
31234,1,1,direct
31234,6,6,direct
31234,7,7,direct
31237,2,2,direct
31237,3,3,direct
31267,129,129,direct
31267,362,362,direct
31275,1,1,direct
31275,4,4,direct
31275,6,6,direct
31275,33,33,direct
31275,221,221,direct
31297,7,7,direct
31297,23,23,direct
31297,41,41,direct
31297,52,52,direct
31297,53,53,direct
31297,590,41,ancestor
31299,4,37,ancestor
31299,7,7,direct
31299,37,37,direct
31301,2,2,direct
31301,5,5,direct
31301,11,11,direct
31340,14,14,direct
31347,2,2,direct
31347,110,110,direct
31350,2,2,direct
31350,136,136,direct
31369,7,7,direct
31369,61,61,direct
31369,253,253,direct
31403,1,1,direct
31403,3,3,direct
31403,6,6,direct
31403,252,252,direct
31407,1,1,direct
31407,3,3,direct
31407,7,7,direct
31427,2,2,direct
31427,3,3,direct
31427,5,5,direct
31427,14,14,direct
31427,15,15,direct
31427,24,15,ancestor
31427,53,53,direct
31432,1,1,direct
31432,2,2,direct
31432,3,3,direct
31432,9,9,direct
31432,17,17,direct
31432,31,31,direct
31432,52,52,direct
31470,3,3,direct
31470,8,82,ancestor
31470,59,59,direct
31470,82,82,direct
31494,1,1,direct
31494,2,2,direct
31494,3,3,direct
31494,29,29,direct
31494,111,111,direct
31531,2,2,direct
31531,5,5,direct
31531,11,11,direct
31531,78,78,direct
31531,91,91,direct
31551,1,1,direct
31551,2,2,direct
31551,3,3,direct
31551,4,37,ancestor
31551,37,37,direct
31551,221,221,direct
31567,1,1,direct
31567,2,2,direct
31567,3,3,direct
31567,11,11,direct
31567,23,23,direct
31567,24,589,ancestor
31567,589,589,direct
31586,1,1,direct
31586,133,133,direct
31586,322,322,direct
31600,24,589,ancestor
31600,264,264,direct
31600,589,589,direct
31616,5,5,direct
31616,12,12,direct
31616,60,60,direct
31617,110,110,direct
31626,1,1,direct
31626,2,2,direct
31626,3,3,direct
31626,4,10,ancestor
31626,10,10,direct
31626,12,12,direct
31626,17,17,direct
31646,1,1,direct
31646,2,2,direct
31646,3,3,direct
31646,8,152,ancestor
31646,52,52,direct
31646,83,83,direct
31646,152,152,direct
31655,3,3,direct
31655,112,112,direct
31682,21,21,direct
31682,57,57,direct
31719,2,2,direct
31719,3,3,direct
31719,340,340,direct
31744,2,2,direct
31744,3,3,direct
31766,1,1,direct
31766,4,4,direct
31766,7,7,direct
31784,1,1,split
31784,2,2,split
31784,3,3,split
31784,4,10,ancestor
31784,10,10,direct
31791,1,1,direct
31791,3,3,direct
31791,13,13,direct
31791,85,85,direct
31870,131,131,direct
31883,1,1,direct
31883,14,14,direct
31883,29,29,direct
31889,1,1,direct
31889,3,3,direct
31889,23,23,direct
31889,24,24,direct
31910,2,2,direct
31910,80,80,direct
31916,3,3,direct
31931,66,66,direct
31931,181,181,direct
31942,2,2,direct
31942,3,3,direct
31942,53,53,direct
31964,24,24,direct
31964,122,122,direct
31964,169,169,direct
31964,254,254,direct
31974,145,145,direct
31974,282,282,direct
31976,6,6,direct
31976,23,23,direct
31976,60,60,direct
31992,7,7,direct
31992,11,11,direct
31994,1,1,direct
31994,3,3,direct
31994,4,4,direct
31994,27,27,direct
32001,2,2,direct
32001,11,11,direct
32016,2,2,direct
32016,7,7,direct
32016,11,11,direct
32016,14,14,direct
32022,4,37,ancestor
32022,37,37,direct
32022,130,130,direct
32024,341,341,direct
32024,590,341,ancestor
32044,1,1,direct
32044,2,2,direct
32044,7,7,direct
32044,14,14,direct
32048,1,1,direct
32048,2,2,direct
32048,3,3,direct
32048,5,5,direct
32048,8,82,ancestor
32048,14,14,direct
32048,46,46,direct
32048,82,82,direct
32057,1,1,direct
32057,235,235,direct
32086,2,2,direct
32086,19,19,direct
32097,1,1,direct
32097,2,2,direct
32097,3,3,direct
32097,242,242,direct
32109,1,1,direct
32109,2,2,direct
32109,3,3,direct
32109,5,5,direct
32109,254,254,direct
32109,277,277,direct
32109,292,277,ancestor
32117,19,19,direct
32117,524,524,direct
32122,2,2,direct
32122,3,3,direct
32122,8,8,direct
32122,11,11,direct
32122,145,145,direct
32148,1,1,direct
32148,3,3,direct
32148,9,9,direct
32178,16,16,direct
32199,1,1,direct
32199,2,2,direct
32199,4,37,ancestor
32199,37,37,direct
32199,103,103,direct
32199,118,118,direct
32199,134,134,direct
32217,52,52,direct
32239,2,2,direct
32239,95,95,direct
32240,1,1,direct
32240,2,2,direct
32240,3,3,direct
32240,4,4,direct
32240,11,11,direct
32240,29,29,direct
32240,49,49,direct
32247,1,1,direct
32247,2,2,direct
32247,3,3,direct
32247,4,10,ancestor
32247,10,10,direct
32247,29,29,direct
32252,1,1,direct
32252,2,2,direct
32252,3,3,direct
32252,79,79,direct
32257,1,1,direct
32257,2,2,direct
32257,3,3,direct
32257,4,10,ancestor
32257,9,9,direct
32257,10,10,direct
32257,50,50,direct
32257,111,111,direct
32259,2,2,direct
32259,6,6,direct
32259,7,7,direct
32259,48,48,direct
32259,92,92,direct
32260,1,1,direct
32260,2,2,direct
32260,12,12,direct
32273,68,68,direct
32273,88,88,direct
32273,108,108,direct
32281,53,53,direct
32281,95,95,direct
32285,2,2,direct
32308,1,1,direct
32308,2,2,direct
32308,3,3,direct
32313,2,2,direct
32313,3,3,direct
32313,136,136,direct
32341,41,41,direct
32341,590,41,ancestor
32343,2,2,direct
32343,5,5,direct
32343,11,11,direct
32356,1,1,direct
32356,2,2,direct
32356,3,3,direct
32356,7,7,direct
32356,41,41,direct
32356,590,41,ancestor
32367,1,1,direct
32367,66,66,direct
32403,1,1,direct
32418,3,3,direct
32418,41,41,direct
32418,590,41,ancestor
32419,8,8,direct
32419,11,11,direct
32460,1,1,direct
32460,2,2,direct
32460,15,15,direct
32460,24,15,ancestor
32460,129,129,direct
32460,251,251,direct
32513,2,2,direct
32526,22,22,direct
32526,39,39,direct
32526,113,113,direct
32529,2,2,direct
32529,9,9,direct
32529,18,18,direct
32529,19,19,direct
32529,26,26,direct
32561,1,1,direct
32561,6,6,direct
32561,8,8,direct
32561,19,19,direct
32561,33,33,direct
32571,2,2,direct
32571,3,3,direct
32571,4,204,ancestor
32571,7,7,direct
32571,33,33,direct
32571,87,87,direct
32571,204,204,direct
32617,1,1,direct
32617,3,3,direct
32617,8,338,ancestor
32617,11,11,direct
32617,49,49,direct
32617,221,221,direct
32617,285,285,direct
32617,338,338,direct
32627,1,1,direct
32627,3,3,direct
32627,29,29,direct
32630,7,7,direct
32630,39,39,direct
32630,571,571,direct
32643,12,12,direct
32643,83,83,direct
32643,84,84,direct
32643,110,110,direct
32644,8,8,direct
32644,11,11,direct
32644,83,83,direct
32659,1,1,split
32659,3,3,split
32659,11,11,direct
32661,2,2,direct
32661,29,29,direct
32666,2,2,direct
32666,3,3,direct
32666,40,40,direct
32666,171,171,direct
32670,2,2,direct
32670,73,73,direct
32671,2,2,direct
32671,136,136,direct
32674,2,2,direct
32674,3,3,direct
32674,5,5,direct
32674,11,11,direct
32674,12,12,direct
32712,1,1,direct
32712,4,37,ancestor
32712,37,37,direct
32758,2,2,direct
32758,3,3,direct
32758,4,10,ancestor
32758,10,10,direct
32758,59,59,direct
32796,4,37,ancestor
32796,7,7,direct
32796,37,37,direct
32796,67,67,direct
32796,233,233,direct
32816,3,3,direct
32816,8,275,ancestor
32816,14,14,direct
32816,275,275,direct
32852,2,2,direct
32852,17,17,direct
32852,36,36,direct
32866,1,1,direct
32866,2,2,direct
32866,3,3,direct
32866,110,110,direct
32868,7,7,direct
32868,265,265,direct
32889,2,2,direct
32889,3,3,direct
32889,5,5,direct
32894,2,2,direct
32894,18,18,direct
32894,30,30,direct
32926,2,2,direct
32926,7,7,direct
32926,33,33,direct
32926,106,106,direct
32943,1,1,direct
32943,3,3,direct
32943,4,10,ancestor
32943,10,10,direct
32950,3,3,direct
32950,4,10,ancestor
32950,10,10,direct
32950,193,193,direct
32967,5,5,direct
32967,6,6,direct
32967,12,12,direct
32967,14,14,direct
32979,6,6,direct
32979,7,7,direct
32979,9,9,direct
32979,14,14,direct
32979,23,23,direct
32979,33,33,direct
33021,2,2,direct
33021,3,3,direct
33021,33,33,direct
33021,79,79,direct
33028,5,5,direct
33028,6,6,direct
33028,261,261,direct
33099,2,2,direct
33119,1,1,direct
33131,7,7,direct
33136,7,7,direct
33136,11,11,direct
33166,3,3,direct
33166,24,24,direct
33184,1,1,split
33184,3,3,split
33184,48,48,direct
33184,138,138,direct
33221,2,2,direct
33221,7,7,direct
33221,17,17,direct
33227,7,7,direct
33227,33,33,direct
33240,1,1,split
33240,2,2,split
33240,232,232,direct
33252,1,1,direct
33252,3,3,direct
33252,590,590,direct
33270,5,5,direct
33270,11,11,direct
33270,14,14,direct
33270,15,15,direct
33270,24,15,ancestor
33282,5,5,direct
33282,76,76,direct
33282,83,83,direct
33282,99,99,direct
33284,4,10,ancestor
33284,10,10,direct
33284,29,29,direct
33306,1,1,split
33306,3,3,split
33306,7,7,direct
33306,40,40,direct
33311,2,2,direct
33311,3,3,direct
33311,11,11,direct
33311,12,12,direct
33328,3,3,direct
33328,21,21,direct
33328,57,57,direct
33361,7,7,direct
33361,265,265,direct
33397,12,12,direct
33402,1,1,direct
33402,80,80,direct
33424,8,8,direct
33450,3,3,direct
33472,1,1,direct
33472,2,2,direct
33472,3,3,direct
33472,8,82,ancestor
33472,12,12,direct
33472,82,82,direct
33472,84,84,direct
33517,1,1,direct
33517,2,2,direct
33517,91,91,direct
33517,110,110,direct
33542,1,1,direct
33542,2,2,direct
33542,136,136,direct
33546,1,1,split
33546,2,2,split
33546,14,14,direct
33546,548,548,direct
33575,1,1,direct
33586,2,2,direct
33586,3,3,direct
33586,8,8,direct
33586,9,9,direct
33586,18,18,direct
33594,1,1,direct
33594,4,10,ancestor
33594,10,10,direct
33594,12,12,direct
33646,1,1,direct
33646,11,11,direct
33661,3,3,direct
33661,27,27,direct
33665,1,1,direct
33665,3,3,direct
33665,4,204,ancestor
33665,16,16,direct
33665,204,204,direct
33679,24,71,ancestor
33679,71,71,direct
33711,6,6,direct
33726,7,7,direct
33726,15,15,direct
33726,24,15,ancestor
33727,4,4,direct
33738,3,3,direct
33738,4,10,ancestor
33738,10,10,direct
33755,2,2,direct
33755,3,3,direct
33755,8,8,direct
33755,108,108,direct
33757,2,2,direct
33757,3,3,direct
33757,5,5,direct
33757,11,11,direct
33757,12,12,direct
33757,24,24,direct
33793,2,2,direct
33793,80,80,direct
33793,220,220,direct
33800,4,10,ancestor
33800,10,10,direct
33800,11,11,direct
33832,3,3,direct
33870,1,1,split
33870,2,2,split
33870,14,14,direct
33909,5,5,direct
33909,6,6,direct
33909,12,12,direct
33909,19,19,direct
33909,24,141,ancestor
33909,27,27,direct
33909,71,141,ancestor
33909,141,141,direct
33909,590,590,direct
33955,2,2,direct
33955,3,3,direct
33955,15,15,direct
33955,24,15,ancestor
33955,50,50,direct
33955,80,80,direct
33960,1,1,direct
33960,7,7,direct
33960,254,254,direct
33989,7,7,direct
33989,11,11,direct
33989,14,14,direct
33996,2,2,direct
33996,4,305,ancestor
33996,9,9,direct
33996,83,83,direct
33996,305,305,direct
33997,4,4,direct
33997,23,23,direct
33997,101,101,direct
34014,1,1,direct
34014,3,3,direct
34014,9,9,direct
34066,1,1,direct
34066,7,7,direct
34146,3,3,direct
34146,5,5,direct
34146,6,6,direct
34146,8,82,ancestor
34146,12,12,direct
34146,14,14,direct
34146,82,82,direct
34155,9,9,direct
34155,167,167,direct
34167,3,3,direct
34192,7,7,direct
34192,41,41,direct
34192,104,104,direct
34192,590,41,ancestor
34249,7,7,direct
34249,14,14,direct
34249,75,75,direct
34254,3,3,direct
34254,265,265,direct
34259,6,6,direct
34259,473,473,direct
34262,136,136,direct
34273,222,222,direct
34292,7,7,direct
34292,19,19,direct
34301,209,209,direct
34329,5,5,direct
34329,6,6,direct
34329,12,12,direct
34346,1,1,direct
34346,3,3,direct
34346,590,590,direct
34377,14,14,direct
34377,41,41,direct
34377,104,104,direct
34377,590,41,ancestor
34382,2,2,direct
34382,91,91,direct
34382,136,136,direct
34386,5,5,direct
34386,78,78,direct
34399,2,2,direct
34399,4,10,ancestor
34399,10,10,direct
34399,48,48,direct
34399,91,91,direct
34401,21,21,direct
34401,23,23,direct
34401,24,105,ancestor
34401,57,57,direct
34401,71,105,ancestor
34401,105,105,direct
34412,3,3,direct
34412,22,22,direct
34412,24,589,ancestor
34412,83,83,direct
34412,589,589,direct
34422,1,1,direct
34422,2,2,direct
34422,49,49,direct
34422,110,110,direct
34434,24,589,ancestor
34434,589,589,direct
34438,2,2,direct
34439,87,87,direct
34447,2,2,direct
34450,171,171,direct
34459,7,7,direct
34459,11,11,direct
34468,1,1,direct
34468,3,3,direct
34468,33,33,direct
34468,70,70,direct
34506,2,2,direct
34506,83,83,direct
34530,3,3,direct
34530,57,57,direct
34548,7,7,direct
34548,48,48,direct
34596,4,10,ancestor
34596,10,10,direct
34628,4,4,direct
34628,23,23,direct
34628,64,64,direct
34628,265,265,direct
34692,4,10,ancestor
34692,10,10,direct
34693,1,1,direct
34693,2,2,direct
34693,4,4,direct
34693,11,11,direct
34693,246,246,direct
34697,2,2,direct
34697,16,16,direct
34697,36,36,direct
34697,99,99,direct
34766,2,2,direct
34775,221,221,direct
34879,257,257,direct
34886,3,3,direct
34886,4,10,ancestor
34886,10,10,direct
34888,104,104,direct
34888,590,590,direct
34900,12,12,direct
34900,24,71,ancestor
34900,71,71,direct
34910,1,1,direct
34910,2,2,direct
34910,4,4,direct
34910,110,110,direct
34918,2,2,direct
34918,44,44,direct
34934,1,1,direct
34934,2,2,direct
34934,3,3,direct
34934,9,9,direct
34934,29,29,direct
34934,98,98,direct
34944,2,2,direct
34944,7,7,direct
34944,69,69,direct
34959,2,2,direct
34959,3,3,direct
34959,6,6,direct
34959,17,17,direct
34959,29,29,direct
34959,78,78,direct
34994,1,1,direct
34994,83,83,direct
35015,184,184,direct
35055,1,1,direct
35055,3,3,direct
35055,332,332,direct
35056,182,182,direct
35091,1,1,direct
35091,2,2,direct
35091,17,17,direct
35091,96,96,direct
35113,3,3,direct
35113,12,12,direct
35113,13,13,direct
35115,2,2,direct
35115,110,110,direct
35126,2,2,direct
35126,8,8,direct
35126,123,123,direct
35145,7,7,direct
35145,15,15,direct
35145,24,15,ancestor
35154,2,2,direct
35154,11,11,direct
35162,1,1,split
35162,3,3,split
35162,81,81,direct
35162,91,91,direct
35174,1,1,direct
35174,2,2,direct
35174,5,5,direct
35174,17,17,direct
35174,23,23,direct
35191,1,1,split
35191,3,3,split
35191,41,41,direct
35191,52,52,direct
35191,590,41,ancestor
35208,7,7,direct
35208,19,19,direct
35208,33,33,direct
35213,1,1,direct
35213,2,2,direct
35213,3,3,direct
35226,11,11,direct
35239,1,1,direct
35239,2,2,direct
35239,7,7,direct
35239,14,14,direct
35245,3,3,direct
35245,4,10,ancestor
35245,10,10,direct
35245,18,18,direct
35245,123,123,direct
35245,265,265,direct
35248,3,3,direct
35248,6,6,direct
35248,24,105,ancestor
35248,71,105,ancestor
35248,105,105,direct
35248,141,141,direct
35253,1,1,direct
35253,7,7,direct
35257,1,1,direct
35257,3,3,direct
35257,4,4,direct
35257,29,29,direct
35259,1,1,split
35259,2,2,direct
35259,3,3,direct
35259,9,9,split
35259,324,324,direct
35261,1,1,direct
35261,2,2,direct
35261,3,3,direct
35261,8,8,direct
35261,68,68,direct
35276,1,1,direct
35276,7,7,direct
35276,14,14,direct
35294,3,3,direct
35294,6,6,direct
35294,126,126,direct
35304,1,1,direct
35304,2,2,direct
35304,3,3,direct
35304,12,12,direct
35304,21,21,direct
35304,57,57,direct
35304,63,63,direct
35396,1,1,direct
35396,3,3,direct
35396,245,245,direct
35410,3,3,direct
35410,221,221,direct
35449,1,1,split
35449,3,3,split
35449,52,52,direct
35449,92,92,direct
35451,1,1,direct
35451,2,2,direct
35451,101,101,direct
35482,2,2,direct
35482,3,3,direct
35482,4,4,direct
35482,6,6,direct
35482,11,11,direct
35482,23,23,direct
35503,92,92,direct
35507,6,6,direct
35507,12,12,direct
35507,14,14,direct
35507,20,20,direct
35507,84,84,direct
35534,4,4,direct
35534,6,6,direct
35534,11,11,direct
35542,3,3,direct
35542,49,49,direct
35551,9,9,direct
35551,11,11,split
35551,18,18,direct
35551,22,22,direct
35551,49,49,split
35551,112,112,direct
35551,120,120,direct
35557,2,2,direct
35557,4,10,ancestor
35557,10,10,direct
35557,114,114,direct
35565,1,1,direct
35565,3,3,direct
35565,129,129,direct
35640,8,8,direct
35658,2,2,direct
35658,3,3,direct
35680,1,1,direct
35680,2,2,direct
35682,3,3,direct
35710,3,3,direct
35710,23,23,direct
35710,24,24,direct
35754,19,19,direct
35754,26,26,direct
35768,1,1,direct
35768,66,66,direct
35806,4,10,ancestor
35806,10,10,direct
35806,220,220,direct
35825,1,1,direct
35825,3,3,direct
35825,7,7,direct
35849,1,1,direct
35870,2,2,direct
35870,6,6,direct
35870,11,11,direct
35870,129,129,direct
35874,33,33,direct
35874,46,46,direct
35965,2,2,direct
35965,3,3,direct
35965,41,41,direct
35965,145,145,direct
35965,590,41,ancestor
35984,2,2,direct
35984,69,69,direct
35985,1,1,direct
35985,3,3,direct
35985,7,7,direct
35985,23,23,direct
35985,41,41,direct
35985,590,41,ancestor
35986,2,2,direct
35986,9,9,direct
35986,17,17,direct
35986,19,19,direct
35986,33,33,direct
36009,5,5,direct
36009,6,6,direct
36009,8,82,ancestor
36009,12,12,direct
36009,82,82,direct
36018,189,189,direct
36022,1,1,direct
36022,2,2,direct
36022,18,18,direct
36022,46,46,direct
36037,1,1,direct
36037,3,3,direct
36037,29,29,direct
36088,4,4,direct
36088,48,48,direct
36099,2,2,direct
36099,40,40,direct
36108,1,1,direct
36108,2,2,direct
36108,3,3,direct
36108,95,95,direct
36108,431,431,direct
36112,1,1,direct
36112,2,2,direct
36112,7,7,direct
36112,29,29,direct
36117,3,3,direct
36143,1,1,direct
36143,3,3,direct
36143,220,220,direct
36199,3,3,direct
36207,1,1,direct
36207,3,3,direct
36218,1,1,direct
36218,2,2,direct
36218,3,3,direct
36218,5,5,direct
36218,323,323,direct
36227,1,1,direct
36227,3,3,direct
36227,7,7,direct
36227,23,23,direct
36227,256,256,direct
36238,1,1,direct
36238,2,2,direct
36238,3,3,direct
36238,8,275,ancestor
36238,275,275,direct
36267,51,51,direct
36267,177,177,direct
36267,240,240,direct
36303,7,7,direct
36303,27,27,direct
36321,3,3,direct
36321,7,7,direct
36321,41,41,direct
36321,63,63,direct
36321,590,41,ancestor
36331,2,2,direct
36331,110,110,direct
36341,2,2,direct
36341,3,3,direct
36341,17,17,direct
36349,65,65,direct
36396,4,4,direct
36396,5,5,direct
36396,136,136,direct
36418,2,2,direct
36418,4,10,ancestor
36418,10,10,direct
36418,164,164,direct
36425,1,1,direct
36425,2,2,direct
36425,3,3,direct
36425,12,12,direct
36425,110,110,direct
36425,181,181,direct
36432,1,1,direct
36432,14,14,direct
36462,11,11,direct
36477,1,1,direct
36477,2,2,direct
36477,3,3,direct
36477,590,590,direct
36496,19,19,direct
36496,41,41,direct
36496,590,41,ancestor
36504,2,2,direct
36504,254,254,direct
36505,2,2,direct
36505,4,4,direct
36505,5,5,direct
36507,326,326,direct
36520,1,1,direct
36520,2,2,direct
36520,3,3,direct
36520,9,9,direct
36520,49,49,direct
36557,1,1,direct
36557,3,3,direct
36557,4,4,direct
36557,6,6,direct
36557,11,11,direct
36557,33,33,direct
36565,1,1,direct
36565,2,2,direct
36565,7,7,direct
36565,18,18,direct
36565,182,182,direct
36576,1,1,direct
36576,3,3,direct
36576,17,17,direct
36600,2,2,direct
36600,8,8,direct
36600,11,11,direct
36613,1,1,direct
36613,7,7,direct
36613,92,92,direct
36636,1,1,direct
36636,2,2,direct
36636,11,11,direct
36636,12,12,direct
36662,3,3,direct
36662,7,7,direct
36662,14,14,direct
36662,19,19,direct
36680,1,1,direct
36680,2,2,direct
36680,7,7,direct
36680,26,26,direct
36680,44,44,direct
36693,29,29,direct
36693,30,30,direct
36693,208,208,direct
36722,7,7,direct
36764,23,23,direct
36764,153,153,direct
36792,1,1,direct
36792,2,2,direct
36792,3,3,direct
36792,5,5,direct
36793,1,1,direct
36793,2,2,direct
36793,4,10,ancestor
36793,10,10,direct
36793,84,84,direct
36873,23,23,direct
36873,101,101,direct
36878,1,1,direct
36878,2,2,direct
36878,3,3,direct
36878,7,7,direct
36878,11,11,direct
36878,49,49,direct
36906,5,5,direct
36906,12,12,direct
36906,133,133,direct
36906,194,194,direct
36985,1,1,direct
36985,2,2,direct
37028,1,1,direct
37028,3,3,direct
37028,6,6,direct
37028,81,81,direct
37043,1,1,split
37043,3,3,split
37043,23,23,direct
37043,41,41,direct
37043,65,65,direct
37043,590,41,ancestor
37047,40,40,direct
37050,6,6,direct
37050,11,11,direct
37050,16,16,direct
37050,33,33,direct
37057,2,2,direct
37057,4,4,direct
37057,9,9,direct
37057,18,18,direct
37063,33,33,direct
37063,96,96,direct
37063,109,109,direct
37076,7,7,direct
37076,11,11,direct
37094,5,5,direct
37097,2,2,direct
37097,3,3,direct
37097,27,27,direct
37097,98,98,direct
37106,2,2,direct
37106,3,3,direct
37106,18,18,direct
37106,27,27,direct
37108,3,3,direct
37108,11,11,direct
37108,12,12,direct
37108,24,589,ancestor
37108,384,384,direct
37108,589,589,direct
37139,6,6,direct
37139,57,57,direct
37139,509,509,direct
37141,220,220,direct
37169,2,2,direct
37169,12,12,direct
37169,91,91,direct
37193,2,2,direct
37193,150,150,direct
37203,4,10,ancestor
37203,7,7,direct
37203,10,10,direct
37203,68,68,direct
37207,4,10,ancestor
37207,10,10,direct
37207,28,28,direct
37223,9,9,direct
37223,83,83,direct
37274,1,1,direct
37274,2,2,direct
37274,3,3,direct
37304,1,1,direct
37304,2,2,direct
37304,5,5,direct
37304,11,11,direct
37304,110,110,direct
37305,1,1,direct
37305,2,2,direct
37305,14,14,direct
37305,17,17,direct
37305,40,40,direct
37306,2,2,direct
37306,168,168,direct
37315,7,7,direct
37329,3,3,direct
37329,4,37,ancestor
37329,6,6,direct
37329,19,19,direct
37329,33,33,direct
37329,37,37,direct
37330,118,118,direct
37348,101,101,direct
37354,1,1,direct
37354,2,2,direct
37354,3,3,direct
37354,6,6,direct
37354,33,33,direct
37354,40,40,direct
37354,46,46,direct
37355,3,3,direct
37355,293,293,direct
37368,5,5,direct
37368,6,6,direct
37391,1,1,direct
37391,7,7,direct
37391,14,14,direct
37391,46,46,direct
37391,590,590,direct
37412,1,1,direct
37422,1,1,direct
37422,12,12,direct
37422,17,17,direct
37433,2,2,direct
37433,130,130,direct
37471,3,3,direct
37471,6,6,direct
37471,13,13,direct
37471,57,57,direct
37471,85,85,direct
37492,6,6,direct
37492,29,29,direct
37492,40,40,direct
37508,2,2,direct
37508,3,3,direct
37508,11,11,direct
37508,115,115,direct
37512,80,80,direct
37516,3,3,direct
37516,277,277,direct
37516,292,277,ancestor
37521,3,3,direct
37521,318,318,direct
37527,2,2,direct
37527,3,3,direct
37527,8,197,ancestor
37527,197,197,direct
37534,2,2,direct
37556,1,1,direct
37556,2,2,direct
37556,3,3,direct
37556,18,18,direct
37556,24,589,ancestor
37556,589,589,direct
37570,1,1,direct
37570,3,3,direct
37570,440,440,direct
37573,2,2,direct
37573,3,3,direct
37573,24,589,ancestor
37573,589,589,direct
37602,1,1,direct
37602,2,2,direct
37602,83,83,direct
37607,1,1,direct
37607,2,2,direct
37607,3,3,direct
37607,5,5,direct
37607,9,9,direct
37607,18,18,direct
37607,22,22,direct
37607,36,36,direct
37607,150,150,direct
37607,178,178,direct
37629,1,1,direct
37629,3,3,direct
37629,50,50,direct
37629,245,245,direct
37633,220,220,direct
37698,2,2,direct
37698,104,104,direct
37713,11,11,direct
37713,23,23,direct
37713,33,33,direct
37713,52,52,direct
37713,167,167,direct
37734,6,6,direct
37734,7,7,direct
37734,19,19,direct
37734,75,75,direct
37736,1,1,direct
37736,2,2,direct
37736,70,70,direct
37736,91,91,direct
37755,6,6,direct
37755,9,9,direct
37755,29,29,direct
37755,40,40,direct
37774,29,29,direct
37824,2,2,direct
37824,3,3,direct
37824,40,40,direct
37826,126,126,direct
37845,1,1,direct
37845,3,3,direct
37845,7,7,direct
37854,2,2,direct
37862,1,1,direct
37862,75,75,direct
37862,93,93,direct
37862,107,107,direct
37875,1,1,direct
37875,108,108,direct
37878,3,3,direct
37912,7,7,direct
37912,65,65,direct
37936,1,1,direct
37936,2,2,direct
37936,3,3,direct
37936,27,27,direct
37936,33,33,direct
37936,87,87,direct
37947,4,10,ancestor
37947,10,10,direct
37947,221,221,direct
37989,2,2,direct
37989,11,11,direct
37989,12,12,direct
37989,110,110,direct
38029,2,2,direct
38030,2,2,direct
38030,3,3,direct
38030,91,91,direct
38030,110,110,direct
38037,1,1,direct
38037,2,2,direct
38037,3,3,direct
38037,382,382,direct
38047,2,2,direct
38047,3,3,direct
38047,4,10,ancestor
38047,10,10,direct
38047,11,11,direct
38047,50,50,direct
38047,258,258,direct
38053,1,1,direct
38053,3,3,direct
38053,9,9,direct
38089,4,10,ancestor
38089,10,10,direct
38089,220,220,direct
38111,11,11,direct
38111,16,16,direct
38121,1,1,direct
38121,2,2,direct
38121,3,3,direct
38121,4,4,direct
38121,41,41,direct
38121,53,53,direct
38121,83,83,direct
38121,590,41,ancestor
38123,1,1,split
38123,2,2,split
38123,3,3,split
38123,11,11,direct
38123,41,41,direct
38123,590,41,ancestor
38132,4,4,direct
38132,7,7,direct
38132,19,19,direct
38132,33,33,direct
38196,3,3,direct
38196,21,21,direct
38196,24,589,ancestor
38196,57,57,direct
38196,589,589,direct
38225,1,1,direct
38225,2,2,direct
38225,3,3,direct
38225,7,7,direct
38225,9,9,direct
38225,12,12,direct
38225,56,56,direct
38225,112,112,direct
38265,44,44,direct
38274,2,2,direct
38274,3,3,direct
38274,11,11,direct
38274,208,208,direct
38343,1,1,direct
38343,6,6,direct
38346,6,6,direct
38346,8,82,ancestor
38346,12,12,direct
38346,82,82,direct
38373,6,6,direct
38373,19,19,direct
38373,24,24,direct
38385,2,2,direct
38385,8,8,direct
38385,27,27,direct
38385,294,294,direct
38399,2,2,direct
38399,53,53,direct
38438,1,1,direct
38438,2,2,direct
38438,4,10,ancestor
38438,10,10,direct
38438,11,11,direct
38438,49,49,direct
38462,2,2,direct
38462,110,110,direct
38466,2,2,direct
38466,9,9,direct
38466,18,18,direct
38529,1,1,direct
38529,2,2,direct
38541,3,3,direct
38541,6,6,direct
38541,7,7,direct
38544,2,2,direct
38544,5,5,direct
38544,121,121,direct
38562,1,1,direct
38562,2,2,direct
38562,3,3,direct
38562,108,108,direct
38573,2,2,direct
38573,4,4,direct
38573,7,7,direct
38573,9,9,direct
38573,23,23,direct
38573,265,265,direct
38599,5,5,direct
38599,23,23,direct
38599,469,469,direct
38618,3,3,direct
38618,575,575,direct
38618,590,575,ancestor
38649,110,110,direct
38685,3,3,direct
38685,80,80,direct
38712,6,6,direct
38712,103,103,direct
38723,3,3,direct
38723,4,4,direct
38723,11,11,direct
38723,60,60,direct
38733,7,7,direct
38733,83,83,direct
38769,86,86,direct
38781,2,2,direct
38784,1,1,direct
38784,4,10,ancestor
38784,10,10,direct
38784,324,324,direct
38785,4,10,ancestor
38785,10,10,direct
38785,14,14,direct
38789,265,265,direct
38821,23,23,direct
38821,147,147,direct
38830,1,1,direct
38830,2,2,direct
38830,4,4,direct
38830,6,6,direct
38830,129,129,direct
38833,1,1,direct
38833,2,2,direct
38833,4,4,direct
38833,151,151,direct
38849,1,1,direct
38849,2,2,direct
38849,3,3,direct
38849,14,14,direct
38849,46,46,direct
38896,4,4,direct
38896,136,136,direct
38913,3,3,direct
38913,4,37,ancestor
38913,7,7,direct
38913,37,37,direct
38913,184,184,direct
38913,252,252,direct
38936,2,2,direct
38936,4,10,ancestor
38936,10,10,direct
38946,2,2,direct
39002,3,3,direct
39002,131,131,direct
39004,2,2,direct
39004,12,12,direct
39004,95,95,direct
39008,2,2,direct
39008,65,65,direct
39008,133,133,direct
39014,20,20,direct
39014,219,219,direct
39041,1,1,direct
39041,23,23,direct
39041,63,63,direct
39075,2,2,direct
39075,12,12,direct
39075,95,95,direct
39093,1,1,direct
39093,3,3,direct
39093,6,6,direct
39093,15,15,direct
39093,17,17,direct
39093,19,19,direct
39093,23,23,direct
39093,24,15,ancestor
39178,6,6,direct
39178,11,11,direct
39178,19,19,direct
39241,7,7,direct
39245,2,2,direct
39245,72,72,direct
39254,1,1,direct
39254,3,3,direct
39254,4,10,ancestor
39254,10,10,direct
39254,265,265,direct
39263,23,23,direct
39263,91,91,direct
39290,2,2,direct
39290,6,6,direct
39290,9,9,direct
39290,18,18,direct
39300,1,1,direct
39300,2,2,direct
39300,5,5,direct
39300,24,589,ancestor
39300,589,589,direct
39343,1,1,direct
39343,108,108,direct
39360,2,2,direct
39360,8,8,direct
39360,84,84,direct
39392,3,3,direct
39392,24,24,direct
39392,57,57,direct
39392,85,85,direct
39392,359,359,direct
39395,1,1,direct
39395,3,3,direct
39395,24,24,direct
39408,7,7,direct
39408,11,11,direct
39415,2,2,direct
39415,3,3,direct
39415,8,152,ancestor
39415,95,95,direct
39415,152,152,direct
39451,12,12,direct
39451,15,15,direct
39451,24,15,ancestor
39487,2,2,direct
39487,3,3,direct
39487,4,10,ancestor
39487,10,10,direct
39487,83,83,direct
39512,1,1,direct
39512,2,2,direct
39512,3,3,direct
39512,107,107,direct
39512,142,142,direct
39539,101,101,direct
39539,242,242,direct
39576,1,1,direct
39576,2,2,direct
39576,11,11,direct
39576,14,14,direct
39576,76,76,direct
39580,4,32,ancestor
39580,6,6,direct
39580,13,13,direct
39580,32,32,direct
39580,85,85,direct
39600,4,10,ancestor
39600,6,6,direct
39600,10,10,direct
39600,23,23,direct
39600,96,96,direct
39611,2,2,direct
39611,18,18,direct
39611,142,142,direct
39636,2,2,direct
39636,4,4,direct
39636,27,27,direct
39636,91,91,direct
39640,1,1,direct
39640,2,2,direct
39640,3,3,direct
39640,17,17,direct
39640,49,49,direct
39640,68,68,direct
39647,1,1,split
39647,3,3,split
39647,15,15,direct
39647,24,15,ancestor
39647,53,53,direct
39664,2,2,direct
39664,53,53,direct
39698,2,2,direct
39698,3,3,direct
39698,68,68,direct
39738,7,7,direct
39752,2,2,direct
39752,3,3,direct
39752,5,5,direct
39752,6,6,direct
39752,12,12,direct
39752,28,28,direct
39775,1,1,direct
39775,4,4,direct
39775,7,7,direct
39775,41,41,direct
39775,75,75,direct
39775,590,41,ancestor
39802,3,3,direct
39802,4,4,direct
39802,7,7,direct
39802,64,64,direct
39806,7,7,direct
39807,1,1,direct
39807,7,7,direct
39807,145,145,direct
39808,1,1,split
39808,2,2,split
39808,3,3,split
39808,7,7,direct
39808,14,14,direct
39851,1,1,direct
39851,2,2,direct
39851,3,3,direct
39851,8,8,direct
39877,1,1,direct
39877,2,2,direct
39877,3,3,direct
39877,4,37,ancestor
39877,29,29,direct
39877,37,37,direct
39877,265,265,direct
39899,2,2,direct
39899,6,6,direct
39899,95,95,direct
39925,3,3,direct
39925,57,57,direct
39945,1,1,direct
39945,7,7,direct
39945,14,14,direct
39956,1,1,direct
39956,3,3,direct
39956,7,7,direct
39956,14,14,direct
39956,132,132,direct
39956,254,254,direct
39973,1,1,direct
39973,3,3,direct
39979,7,7,direct
39991,1,1,direct
39991,2,2,direct
39991,3,3,direct
39991,6,6,direct
39991,15,15,direct
39991,24,15,ancestor
39991,65,65,direct
39991,83,83,direct
40007,110,110,direct
40012,7,7,direct
40012,337,337,direct
40023,109,109,direct
40023,132,132,direct
40028,1,1,direct
40028,12,12,direct
40028,30,30,direct
40029,1,1,direct
40029,2,2,direct
40029,3,3,direct
40029,342,342,direct
40040,3,3,direct
40040,4,4,direct
40040,110,110,direct
40056,1,1,direct
40056,2,2,direct
40056,3,3,direct
40056,126,126,direct
40080,2,2,direct
40080,3,3,direct
40080,245,245,direct
40081,1,1,direct
40081,3,3,direct
40090,7,7,direct
40090,111,111,direct
40104,1,1,direct
40104,7,7,direct
40104,14,14,direct
40113,1,1,direct
40113,2,2,direct
40113,27,27,direct
40113,171,171,direct
40122,2,2,direct
40122,50,50,direct
40122,258,258,direct
40157,136,136,direct
40161,1,1,direct
40161,2,2,direct
40161,3,3,direct
40161,8,82,ancestor
40161,12,12,direct
40161,14,14,direct
40161,17,17,direct
40161,82,82,direct
40184,1,1,direct
40184,2,2,direct
40184,110,110,direct
40193,1,1,direct
40193,2,2,direct
40225,23,23,direct
40225,65,65,direct
40225,103,103,direct
40237,1,1,direct
40237,7,7,direct
40237,8,8,direct
40237,11,11,direct
40237,49,49,direct
40260,2,2,direct
40260,3,3,direct
40260,88,88,direct
40292,2,2,direct
40292,110,110,direct
40331,7,7,direct
40331,149,149,direct
40335,1,1,direct
40335,3,3,direct
40335,4,10,ancestor
40335,10,10,direct
40335,12,12,direct
40350,3,3,direct
40350,17,17,direct
40350,24,24,direct
40395,7,7,direct
40395,11,11,direct
40478,8,8,direct
40478,14,14,direct
40478,18,18,direct
40478,81,81,direct
40480,4,4,direct
40480,19,19,direct
40491,7,7,direct
40534,2,2,direct
40534,165,165,direct
40535,1,1,direct
40535,2,2,direct
40535,30,30,direct
40537,2,2,direct
40537,3,3,direct
40537,115,115,direct
40537,123,123,direct
40548,1,1,direct
40548,2,2,direct
40548,14,14,direct
40668,3,3,direct
40668,5,5,direct
40668,14,14,direct
40668,66,66,direct
40669,2,2,direct
40669,85,85,direct
40669,142,142,direct
40697,1,1,direct
40697,2,2,direct
40697,4,4,direct
40697,276,276,direct
40718,1,1,direct
40718,3,3,direct
40718,6,6,direct
40718,11,11,direct
40718,12,12,direct
40718,24,71,ancestor
40718,71,71,direct
40727,1,1,direct
40727,284,284,direct
40743,1,1,direct
40743,3,3,direct
40743,235,235,direct
40784,2,2,direct
40784,3,3,direct
40784,8,8,direct
40784,12,12,direct
40841,2,2,direct
40841,3,3,direct
40841,17,17,direct
40841,145,145,direct
40841,590,590,direct
40855,1,1,direct
40855,2,2,direct
40855,3,3,direct
40855,9,9,direct
40855,50,50,direct
40855,58,58,direct
40863,377,377,direct
40871,3,3,direct
40871,4,10,ancestor
40871,10,10,direct
40871,80,80,direct
40871,130,130,direct
40902,7,7,direct
40902,14,14,direct
40911,12,12,direct
40911,83,83,direct
40911,104,104,direct
40911,187,187,direct
40923,3,3,direct
40923,18,18,direct
40939,1,1,direct
40939,2,2,direct
40939,3,3,direct
40939,6,6,direct
40939,33,33,direct
40939,41,41,direct
40939,109,109,direct
40939,590,41,ancestor
40948,1,1,split
40948,3,3,split
40948,4,10,ancestor
40948,10,10,direct
40950,2,2,direct
40950,3,3,direct
40950,186,186,direct
40951,76,76,direct
40965,294,294,direct
40965,507,507,direct
40977,3,3,direct
40977,4,215,ancestor
40977,64,64,direct
40977,215,215,direct
40977,451,451,direct
40978,3,3,direct
40978,362,362,direct
41005,108,108,direct
41029,3,3,direct
41029,14,14,direct
41068,168,168,direct
41073,3,3,direct
41073,181,181,direct
41073,208,208,direct
41101,2,2,direct
41101,3,3,direct
41101,4,10,ancestor
41101,10,10,direct
41109,2,2,direct
41109,3,3,direct
41114,1,1,split
41114,2,2,direct
41114,3,3,split
41114,4,10,ancestor
41114,10,10,direct
41114,136,136,direct
41115,3,3,direct
41115,9,9,direct
41115,14,14,direct
41127,5,5,direct
41127,15,15,direct
41127,24,15,ancestor
41134,1,1,direct
41134,2,2,direct
41134,3,3,direct
41134,5,5,direct
41134,12,12,direct
41134,24,589,ancestor
41134,50,50,direct
41134,111,111,direct
41134,589,589,direct
41155,12,12,direct
41155,14,14,direct
41155,49,49,direct
41155,53,53,direct
41155,413,413,direct
41180,3,3,direct
41180,6,6,direct
41180,19,19,direct
41180,24,71,ancestor
41180,53,53,direct
41180,71,71,direct
41188,3,3,direct
41188,4,4,direct
41188,7,7,direct
41188,9,9,direct
41188,108,108,direct
41197,4,4,direct
41202,2,2,direct
41202,3,3,direct
41205,2,2,direct
41205,3,3,direct
41205,24,24,direct
41205,51,51,direct
41223,4,203,ancestor
41223,49,49,direct
41223,67,67,direct
41223,72,72,direct
41223,203,203,direct
41233,2,2,direct
41233,3,3,direct
41233,8,8,direct
41233,11,11,direct
41233,49,49,direct
41279,1,1,split
41279,2,2,split
41279,3,3,split
41279,4,37,ancestor
41279,6,6,direct
41279,11,11,direct
41279,33,33,direct
41279,37,37,direct
41284,110,110,direct
41284,151,151,direct
41296,2,2,direct
41296,3,3,direct
41296,30,30,direct
41321,7,7,direct
41321,265,265,direct
41328,3,3,direct
41328,4,10,ancestor
41328,10,10,direct
41328,115,115,direct
41356,6,6,direct
41356,11,11,direct
41356,23,23,direct
41357,3,3,direct
41450,208,208,direct
41497,1,1,direct
41497,9,9,direct
41497,16,16,direct
41497,26,26,direct
41497,58,250,ancestor
41497,80,80,direct
41497,250,250,direct
41499,2,2,direct
41499,168,168,direct
41507,7,7,direct
41513,277,277,direct
41513,292,277,ancestor
41514,2,2,direct
41514,6,6,direct
41514,33,33,direct
41514,131,131,direct
41556,101,101,direct
41563,1,1,direct
41563,2,2,direct
41563,3,3,direct
41563,8,82,ancestor
41563,9,9,direct
41563,14,14,direct
41563,82,82,direct
41571,2,2,direct
41571,3,3,direct
41571,51,51,direct
41571,277,277,direct
41571,292,277,ancestor
41597,2,2,direct
41597,3,3,direct
41597,24,24,direct
41608,2,2,direct
41608,590,590,direct
41619,1,1,direct
41619,7,7,direct
41624,3,3,direct
41638,7,7,direct
41638,14,14,direct
41638,132,132,direct
41642,2,2,direct
41642,33,33,direct
41642,193,193,direct
41660,145,145,direct
41674,2,2,direct
41674,6,6,direct
41674,18,18,direct
41674,36,36,direct
41674,40,40,direct
41678,1,1,direct
41703,1,1,direct
41710,1,1,direct
41710,2,2,direct
41710,3,3,direct
41710,17,17,direct
41710,161,161,direct
41712,1,1,direct
41712,3,3,direct
41712,4,37,ancestor
41712,6,6,direct
41712,37,37,direct
41712,145,145,direct
41730,5,5,direct
41730,14,14,direct
41730,173,173,direct
41748,1,1,direct
41748,2,2,direct
41748,3,3,direct
41748,7,7,direct
41748,15,15,direct
41748,24,15,ancestor
41748,33,33,direct
41759,1,1,split
41759,3,3,split
41759,4,4,direct
41759,115,115,direct
41766,30,30,direct
41780,6,6,direct
41780,12,12,direct
41780,23,23,direct
41789,2,2,direct
41789,9,9,direct
41789,33,33,direct
41801,1,1,direct
41801,2,2,direct
41801,4,10,ancestor
41801,10,10,direct
41802,1,1,direct
41802,2,2,direct
41802,3,3,direct
41802,5,5,direct
41802,12,12,direct
41802,112,112,direct
41813,1,1,direct
41813,2,2,direct
41813,3,3,direct
41831,2,2,direct
41831,3,3,direct
41831,110,110,direct
41835,1,1,split
41835,2,2,split
41835,3,3,split
41835,41,41,direct
41835,104,104,direct
41835,590,41,ancestor
41840,1,1,direct
41840,2,2,direct
41840,7,7,direct
41840,14,14,direct
41842,27,27,direct
41843,2,2,direct
41843,168,168,direct
41854,2,2,direct
41867,1,1,direct
41867,7,7,direct
41867,11,11,direct
41867,133,133,direct
41897,1,1,direct
41897,11,11,direct
41897,49,49,direct
41897,59,59,direct
41897,321,321,direct
41903,151,151,direct
41927,1,1,direct
41927,4,4,direct
41927,6,6,direct
41927,7,7,direct
41927,13,13,direct
41927,23,23,direct
41927,33,33,direct
41933,7,7,direct
41933,14,14,direct
41944,1,1,direct
41944,3,3,direct
41944,4,4,direct
41944,7,7,direct
41944,68,68,direct
41945,1,1,direct
41945,7,7,direct
41986,11,11,direct
42049,3,3,direct
42049,177,177,direct
42070,8,82,ancestor
42070,14,14,direct
42070,82,82,direct
42071,2,2,direct
42071,3,3,direct
42071,8,82,ancestor
42071,23,23,direct
42071,82,82,direct
42071,108,108,direct
42089,2,2,direct
42089,6,6,direct
42099,3,3,direct
42099,21,21,direct
42099,24,216,ancestor
42099,57,57,direct
42099,122,122,direct
42099,216,216,direct
42112,3,3,direct
42112,4,204,ancestor
42112,92,92,direct
42112,204,204,direct
42115,1,1,direct
42115,2,2,direct
42115,3,3,direct
42115,12,12,direct
42115,14,14,direct
42115,66,66,direct
42134,11,11,direct
42159,1,1,direct
42159,2,2,direct
42159,3,3,direct
42159,9,9,direct
42159,18,18,direct
42159,83,83,direct
42180,2,2,direct
42180,3,3,direct
42180,262,262,direct
42180,590,262,ancestor
42206,7,7,direct
42206,232,232,direct
42214,1,1,direct
42214,2,2,direct
42214,3,3,direct
42214,11,11,direct
42214,24,589,ancestor
42214,36,36,direct
42214,95,95,direct
42214,589,589,direct
42234,12,12,direct
42234,84,84,direct
42234,110,110,direct
42262,3,3,direct
42262,4,4,direct
42262,11,11,direct
42262,49,49,direct
42262,115,115,direct
42264,2,2,direct
42264,7,7,direct
42264,19,19,direct
42264,33,33,direct
42265,1,1,direct
42265,2,2,direct
42265,3,3,direct
42265,15,15,direct
42265,23,23,direct
42265,24,15,ancestor
42265,50,50,direct
42265,136,136,direct
42291,6,6,direct
42291,12,12,direct
42337,1,1,direct
42337,2,2,direct
42337,3,3,direct
42337,16,16,direct
42337,41,41,direct
42337,590,41,ancestor
42353,1,1,direct
42353,2,2,direct
42353,5,5,direct
42353,202,202,direct
42377,1,1,direct
42377,3,3,direct
42377,153,153,direct
42387,2,2,direct
42387,6,6,direct
42387,13,13,direct
42387,60,60,direct
42387,81,81,direct
42394,3,3,direct
42394,4,32,ancestor
42394,32,32,direct
42400,1,1,direct
42400,7,7,direct
42400,73,73,direct
42404,2,2,direct
42404,3,3,direct
42404,19,19,direct
42404,91,91,direct
42421,6,6,direct
42421,16,16,direct
42421,27,27,direct
42421,33,33,direct
42421,53,53,direct
42421,74,74,direct
42421,76,76,direct
42421,99,99,direct
42421,109,109,direct
42422,1,1,split
42422,2,2,split
42422,3,3,split
42422,11,11,direct
42422,24,24,direct
42434,5,5,direct
42434,11,11,direct
42446,3,3,direct
42446,24,589,ancestor
42446,36,36,direct
42446,589,589,direct
42460,7,7,direct
42460,40,40,direct
42461,3,3,direct
42461,11,11,direct
42461,24,589,ancestor
42461,589,589,direct
42492,50,50,direct
42492,145,145,direct
42500,2,2,direct
42500,3,3,direct
42500,30,30,direct
42531,9,9,direct
42531,11,11,direct
42531,18,18,direct
42531,22,22,direct
42533,1,1,direct
42533,4,4,direct
42533,326,326,direct
42596,1,1,direct
42596,3,3,direct
42596,113,113,direct
42606,2,2,direct
42606,5,5,direct
42606,40,40,direct
42652,2,2,direct
42652,3,3,direct
42652,5,5,direct
42652,8,82,ancestor
42652,63,63,direct
42652,82,82,direct
42660,2,2,direct
42664,6,6,direct
42664,12,12,direct
42664,23,23,direct
42664,24,71,ancestor
42664,71,71,direct
42667,1,1,direct
42667,8,8,direct
42667,27,27,direct
42667,85,85,direct
42669,1,1,direct
42669,103,103,direct
42680,73,73,direct
42780,11,11,direct
42780,12,12,direct
42780,49,49,direct
42830,1,1,direct
42830,2,2,direct
42830,3,3,direct
42830,5,5,direct
42830,11,11,direct
42830,58,58,direct
42838,234,234,direct
42838,590,234,ancestor
42841,1,1,direct
42841,2,2,direct
42901,46,46,direct
42901,91,91,direct
42983,12,12,direct
42983,27,27,direct
42998,1,1,direct
42998,7,7,direct
42998,107,107,direct
43010,2,2,direct
43010,44,44,direct
43015,53,53,direct
43071,6,6,direct
43118,5,5,direct
43118,6,6,direct
43118,11,11,direct
43130,2,2,direct
43130,4,10,ancestor
43130,10,10,direct
43130,136,136,direct
43147,2,2,direct
43147,3,3,direct
43147,9,9,direct
43147,110,110,direct
43149,1,1,direct
43149,2,2,direct
43149,3,3,direct
43149,70,70,direct
43154,2,2,direct
43154,9,9,direct
43154,41,41,direct
43154,590,41,ancestor
43167,24,71,ancestor
43167,71,71,direct
43174,2,2,direct
43174,3,3,direct
43174,11,11,direct
43174,18,18,direct
43177,7,7,direct
43177,48,48,direct
43177,243,243,direct
43191,2,2,direct
43191,3,3,direct
43191,109,109,direct
43205,2,2,direct
43205,3,3,direct
43205,5,5,direct
43205,6,6,direct
43205,12,12,direct
43207,5,5,direct
43207,14,14,direct
43207,208,208,direct
43217,4,10,ancestor
43217,7,7,direct
43217,10,10,direct
43217,114,114,direct
43238,5,5,direct
43238,11,11,direct
43238,12,12,direct
43238,24,24,direct
43266,2,2,direct
43266,3,3,direct
43266,24,24,direct
43271,2,2,direct
43271,4,4,direct
43271,6,6,direct
43275,1,1,direct
43275,2,2,direct
43275,44,44,direct
43275,50,50,direct
43275,118,118,direct
43294,3,3,direct
43294,23,23,direct
43294,33,33,direct
43294,84,84,direct
43294,142,142,direct
43303,3,3,direct
43303,4,4,direct
43303,75,75,direct
43328,5,5,direct
43328,29,29,direct
43328,46,46,direct
43330,1,1,direct
43330,3,3,direct
43330,4,4,direct
43330,9,9,direct
43330,80,80,direct
43330,95,95,direct
43330,439,439,direct
43332,9,9,direct
43332,14,14,direct
43332,88,88,direct
43332,294,294,direct
43332,299,299,direct
43332,590,590,direct
43383,6,6,direct
43387,11,11,direct
43387,33,33,direct
43395,1,1,direct
43395,2,2,direct
43395,239,239,direct
43401,2,2,direct
43401,3,3,direct
43401,6,6,direct
43401,41,41,direct
43401,89,89,direct
43401,590,41,ancestor
43421,2,2,direct
43421,4,10,ancestor
43421,10,10,direct
43421,18,18,direct
43421,282,282,direct
43468,23,23,direct
43468,115,115,direct
43468,590,590,direct
43499,8,8,direct
43499,46,46,direct
43499,92,92,direct
43499,145,145,direct
43531,2,2,direct
43531,6,6,direct
43534,4,172,ancestor
43534,172,172,direct
43578,15,15,direct
43578,19,19,direct
43578,24,15,ancestor
43578,60,60,direct
43584,1,1,direct
43584,2,2,direct
43584,7,7,direct
43584,40,40,direct
43610,1,1,direct
43610,590,590,direct
43635,2,2,direct
43635,264,264,direct
43639,20,20,direct
43655,2,2,direct
43655,31,31,direct
43664,1,1,split
43664,2,2,split
43664,3,3,split
43664,23,23,direct
43664,95,95,direct
43664,265,265,direct
43667,1,1,direct
43667,2,2,direct
43667,3,3,direct
43667,91,91,direct
43686,24,71,ancestor
43686,71,71,direct
43727,1,1,direct
43727,2,2,direct
43727,3,3,direct
43727,57,57,direct
43727,583,583,direct
43740,1,1,direct
43740,2,2,direct
43740,3,3,direct
43740,49,49,direct
43740,156,156,direct
43752,2,2,direct
43752,3,3,direct
43752,5,5,direct
43752,11,11,direct
43752,78,78,direct
43757,16,16,direct
43757,36,36,direct
43757,77,77,direct
43757,386,386,direct
43758,3,3,direct
43758,7,7,direct
43758,70,70,direct
43853,3,3,direct
43853,24,24,direct
43881,291,291,direct
43904,2,2,direct
43904,12,12,direct
43925,7,7,direct
43925,41,41,direct
43925,104,104,direct
43925,590,41,ancestor
43998,1,1,direct
43998,3,3,direct
43998,126,126,direct
44021,2,2,direct
44021,48,48,direct
44021,50,50,direct
44021,92,92,direct
44046,2,2,direct
44046,11,11,direct
44059,2,2,direct
44059,3,3,direct
44059,4,4,direct
44059,151,151,direct
44102,1,1,direct
44102,2,2,direct
44102,110,110,direct
44117,1,1,direct
44151,3,3,direct
44151,57,57,direct
44159,3,3,direct
44159,14,14,direct
44159,85,85,direct
44169,2,2,direct
44169,53,53,direct
44194,7,7,direct
44194,84,84,direct
44208,3,3,direct
44223,5,5,direct
44223,6,6,direct
44223,12,12,direct
44223,475,475,direct
44238,1,1,direct
44238,2,2,direct
44238,165,165,direct
44241,2,2,direct
44241,5,5,direct
44241,19,19,direct
44241,83,83,direct
44242,1,1,direct
44242,3,3,direct
44242,193,193,direct
44310,28,28,direct
44359,1,1,direct
44359,7,7,direct
44365,2,2,direct
44365,3,3,direct
44365,9,9,direct
44365,24,141,ancestor
44365,71,141,ancestor
44365,141,141,direct
44365,300,300,direct
44380,1,1,split
44380,2,2,split
44380,3,3,split
44380,11,11,direct
44380,115,115,direct
44390,1,1,direct
44390,3,3,direct
44390,9,9,direct
44390,18,18,direct
44390,88,88,direct
44403,1,1,split
44403,2,2,split
44403,3,3,split
44403,108,108,direct
44422,5,5,direct
44422,8,8,direct
44425,1,1,direct
44425,3,3,direct
44425,129,129,direct
44425,326,326,direct
44425,330,330,direct
44425,590,330,ancestor
44436,4,4,direct
44436,109,109,direct
44452,19,19,direct
44465,1,1,direct
44465,2,2,direct
44465,3,3,direct
44465,590,590,direct
44515,3,3,direct
44515,4,4,direct
44515,122,122,direct
44515,229,229,direct
44515,390,390,direct
44518,1,1,direct
44518,2,2,direct
44518,3,3,direct
44518,23,23,direct
44518,33,33,direct
44518,46,46,direct
44518,81,81,direct
44529,2,2,direct
44529,23,23,direct
44542,2,2,direct
44542,3,3,direct
44584,2,2,direct
44584,18,18,direct
44584,66,66,direct
44597,2,2,direct
44597,7,7,direct
44597,11,11,direct
44604,129,129,direct
44617,23,23,direct
44617,50,50,direct
44617,115,115,direct
44633,1,1,split
44633,2,2,split
44633,3,3,split
44633,7,7,direct
44648,1,1,direct
44648,7,7,direct
44648,9,9,direct
44648,33,33,direct
44648,161,161,direct
44664,2,2,direct
44664,3,3,direct
44664,590,590,direct
44682,1,1,split
44682,2,2,split
44682,3,3,split
44682,6,6,direct
44682,12,12,direct
44682,84,84,direct
44688,2,2,direct
44688,18,18,direct
44688,26,26,direct
44688,46,46,direct
44689,1,1,direct
44708,1,1,direct
44708,3,3,direct
44708,150,150,direct
44708,288,288,direct
44756,2,2,direct
44756,4,32,ancestor
44756,32,32,direct
44767,2,2,direct
44767,165,165,direct
44786,1,1,direct
44786,2,2,direct
44786,4,32,ancestor
44786,32,32,direct
44786,64,64,direct
44809,2,2,direct
44809,136,136,direct
44845,1,1,direct
44845,2,2,direct
44845,3,3,direct
44845,110,110,direct
44846,2,2,direct
44846,4,10,ancestor
44846,6,6,direct
44846,10,10,direct
44846,208,208,direct
44855,3,3,direct
44855,21,21,direct
44855,57,57,direct
44855,153,153,direct
44861,3,3,direct
44861,4,32,ancestor
44861,32,32,direct
44861,265,265,direct
44889,1,1,direct
44889,2,2,direct
44889,3,3,direct
44889,4,10,ancestor
44889,10,10,direct
44892,1,1,direct
44892,2,2,direct
44892,3,3,direct
44892,12,12,direct
44892,198,198,direct
44927,29,29,direct
44928,15,15,direct
44928,24,15,ancestor
44931,1,1,direct
44931,2,2,direct
44931,3,3,direct
44931,59,59,direct
44950,1,1,direct
44950,5,5,direct
44950,91,91,direct
44958,1,1,direct
44958,2,2,direct
44958,5,5,direct
44958,7,7,direct
44958,27,27,direct
44958,95,95,direct
44958,572,572,direct
44958,590,572,ancestor
44983,2,2,direct
44983,4,355,ancestor
44983,6,6,direct
44983,50,50,direct
44983,355,355,direct
45001,6,6,direct
45001,11,11,direct
45032,3,3,direct
45032,5,5,direct
45032,11,11,direct
45032,171,171,direct
45044,2,2,direct
45044,7,7,direct
45044,19,19,direct
45057,69,69,direct
45091,1,1,direct
45091,7,7,direct
45091,44,44,direct
45092,14,14,direct
45092,22,22,direct
45092,411,411,direct
45092,590,590,direct
45106,1,1,direct
45106,3,3,direct
45106,58,250,ancestor
45106,63,63,direct
45106,250,250,direct
45110,2,2,direct
45110,11,11,direct
45110,19,19,direct
45110,33,33,direct
45128,2,2,direct
45128,48,48,direct
45128,50,50,direct
45128,92,92,direct
45136,33,33,direct
45136,44,44,direct
45136,107,107,direct
45172,2,2,direct
45172,554,554,direct
45227,1,1,direct
45227,3,3,direct
45227,7,7,direct
45227,85,85,direct
45230,3,3,direct
45230,24,71,ancestor
45230,71,71,direct
45235,23,23,direct
45235,84,84,direct
45242,3,3,direct
45242,98,98,direct
45252,4,4,direct
45252,6,6,direct
45270,1,1,split
45270,2,2,split
45270,6,6,direct
45270,11,11,direct
45270,33,33,direct
45276,1,1,direct
45276,6,6,direct
45276,7,7,direct
45276,15,15,direct
45276,23,23,direct
45276,24,15,ancestor
45285,2,2,direct
45285,3,3,direct
45285,48,48,direct
45285,78,78,direct
45302,4,4,direct
45302,6,6,direct
45302,11,11,direct
45302,12,12,direct
45302,16,16,direct
45302,23,23,direct
45304,2,2,direct
45304,7,7,direct
45304,14,14,direct
45306,1,1,split
45306,2,2,direct
45306,3,3,split
45306,145,145,direct
45329,1,1,split
45329,2,2,split
45329,3,3,split
45329,46,46,direct
45356,1,1,direct
45356,2,2,direct
45392,1,1,direct
45392,3,3,direct
45392,24,143,ancestor
45392,143,143,direct
45398,3,3,direct
45398,7,7,direct
45398,14,14,direct
45398,19,19,direct
45399,2,2,direct
45399,5,5,direct
45399,9,9,direct
45399,46,46,direct
45405,2,2,direct
45405,11,11,direct
45405,12,12,direct
45405,84,84,direct
45411,4,10,ancestor
45411,10,10,direct
45414,2,2,direct
45414,17,17,direct
45425,2,2,direct
45425,3,3,direct
45425,4,10,ancestor
45425,10,10,direct
45428,1,1,direct
45428,3,3,direct
45428,9,9,direct
45428,49,49,direct
45428,98,98,direct
45446,30,30,direct
45451,12,12,direct
45456,6,6,direct
45456,44,44,direct
45456,133,133,direct
45479,7,7,direct
45479,19,19,direct
45552,1,1,direct
45552,2,2,direct
45552,36,36,direct
45556,3,3,direct
45609,1,1,direct
45609,12,12,direct
45609,58,140,ancestor
45609,140,140,direct
45614,1,1,direct
45614,2,2,direct
45614,3,3,direct
45614,7,7,direct
45614,91,91,direct
45614,235,235,direct
45669,1,1,direct
45669,3,3,direct
45669,15,15,direct
45669,24,15,ancestor
45679,1,1,direct
45687,2,2,direct
45687,8,8,direct
45690,1,1,direct
45690,2,2,direct
45690,3,3,direct
45690,41,41,direct
45690,48,48,direct
45690,590,41,ancestor
45750,2,2,direct
45750,84,84,direct
45754,1,1,direct
45754,24,24,direct
45769,59,59,direct
45775,5,5,direct
45775,18,18,direct
45775,134,134,direct
45775,201,201,direct
45775,231,231,direct
45785,1,1,direct
45785,4,4,direct
45785,75,75,direct
45795,3,3,direct
45820,5,5,direct
45822,2,2,direct
45822,9,9,direct
45822,17,17,direct
45822,110,110,direct
45876,3,3,direct
45876,50,50,direct
45876,265,265,direct
45883,2,2,direct
45883,3,3,direct
45895,1,1,direct
45895,2,2,direct
45895,3,3,direct
45895,18,18,direct
45896,1,1,direct
45896,2,2,direct
45896,9,9,direct
45896,22,22,direct
45947,3,3,direct
45947,93,93,direct
45961,1,1,direct
45995,1,1,direct
45995,2,2,direct
45995,110,110,direct
45999,1,1,direct
45999,12,12,direct
46004,6,6,direct
46004,41,41,direct
46004,53,53,direct
46004,590,41,ancestor
46006,83,83,direct
46006,142,142,direct
46006,362,362,direct
46007,29,29,direct
46046,1,1,direct
46046,2,2,direct
46046,3,3,direct
46046,9,9,direct
46046,11,11,direct
46046,18,18,direct
46046,126,126,direct
46060,2,2,direct
46060,3,3,direct
46060,12,12,direct
46060,181,181,direct
46122,4,37,ancestor
46122,7,7,direct
46122,11,11,split
46122,37,37,direct
46122,50,50,split
46122,67,67,direct
46123,11,11,direct
46123,46,46,direct
46139,3,3,direct
46139,85,85,direct
46139,97,97,direct
46173,4,32,ancestor
46173,32,32,direct
46174,1,1,direct
46174,2,2,direct
46174,70,70,direct
46189,1,1,direct
46189,3,3,direct
46238,3,3,direct
46238,5,5,direct
46238,8,8,direct
46238,12,12,direct
46238,14,14,direct
46286,2,2,direct
46286,3,3,direct
46286,17,17,direct
46286,24,24,direct
46394,1,1,direct
46394,14,14,direct
46425,7,7,direct
46425,19,19,direct
46458,13,13,direct
46462,1,1,direct
46462,2,2,direct
46462,3,3,direct
46462,391,391,direct
46465,1,1,direct
46465,3,3,direct
46465,4,204,ancestor
46465,204,204,direct
46471,1,1,direct
46471,2,2,direct
46471,4,10,ancestor
46471,7,7,direct
46471,10,10,direct
46471,14,14,direct
46475,2,2,direct
46475,11,11,direct
46475,23,23,direct
46482,14,14,direct
46482,74,74,direct
46482,133,133,direct
46499,2,2,direct
46499,6,6,direct
46499,168,168,direct
46512,1,1,direct
46512,2,2,direct
46512,3,3,direct
46516,1,1,split
46516,2,2,split
46516,3,3,split
46516,4,10,ancestor
46516,10,10,direct
46532,2,2,direct
46532,5,5,direct
46532,6,6,direct
46532,8,82,ancestor
46532,12,12,direct
46532,82,82,direct
46549,2,2,direct
46549,29,29,direct
46565,2,2,direct
46565,129,129,direct
46594,9,9,direct
46594,11,11,direct
46594,91,91,direct
46680,5,5,direct
46680,46,46,direct
46681,2,2,direct
46681,17,17,direct
46681,488,488,direct
46695,2,2,direct
46695,3,3,direct
46695,24,241,ancestor
46695,71,241,ancestor
46695,93,93,direct
46695,241,241,direct
46716,3,3,direct
46716,5,5,direct
46716,78,78,direct
46723,1,1,direct
46723,3,3,direct
46723,7,7,direct
46738,1,1,direct
46738,2,2,direct
46738,3,3,direct
46738,11,11,direct
46738,274,274,direct
46738,315,315,direct
46750,2,2,direct
46750,3,3,direct
46750,5,5,direct
46750,8,155,ancestor
46750,9,9,direct
46750,17,17,direct
46750,155,155,direct
46778,2,2,direct
46778,3,3,direct
46778,79,79,direct
46783,1,1,split
46783,2,2,split
46783,3,3,split
46783,4,10,ancestor
46783,10,10,direct
46783,11,11,direct
46783,12,12,direct
46783,13,13,direct
46783,14,14,direct
46783,110,110,direct
46783,186,186,direct
46790,2,2,direct
46790,168,168,direct
46804,2,2,direct
46804,3,3,direct
46804,4,37,ancestor
46804,5,5,direct
46804,37,37,direct
46804,194,194,direct
46807,1,1,split
46807,3,3,split
46807,7,7,direct
46807,24,24,direct
46807,50,50,direct
46836,142,142,direct
46837,24,589,ancestor
46837,589,589,direct
46838,2,2,direct
46838,3,3,direct
46838,63,63,direct
46883,2,2,direct
46883,3,3,direct
46883,6,6,direct
46883,11,11,direct
46883,171,171,direct
46888,1,1,direct
46888,2,2,direct
46888,3,3,direct
46888,4,4,direct
46888,18,18,direct
46888,151,151,direct
46890,3,3,direct
46890,4,4,direct
46892,2,2,direct
46892,3,3,direct
46892,8,82,ancestor
46892,63,63,direct
46892,82,82,direct
46899,108,108,direct
46942,1,1,direct
46942,4,10,ancestor
46942,10,10,direct
46942,14,14,direct
46942,70,70,direct
46942,279,279,direct
46975,3,3,direct
46975,6,6,direct
46975,13,13,direct
46975,21,21,direct
46975,57,57,direct
47002,17,17,direct
47002,417,417,direct
47018,7,7,direct
47026,2,2,direct
47026,3,3,direct
47026,70,70,direct
47026,145,145,direct
47026,156,156,direct
47032,2,2,direct
47032,11,11,direct
47046,1,1,direct
47046,4,10,ancestor
47046,8,8,direct
47046,10,10,direct
47047,6,6,direct
47047,8,8,direct
47047,23,23,direct
47049,5,5,direct
47049,6,6,direct
47049,11,11,direct
47049,12,12,direct
47061,590,590,direct
47110,4,10,ancestor
47110,10,10,direct
47111,27,27,direct
47111,229,229,direct
47138,2,2,direct
47138,36,36,direct
47138,145,145,direct
47139,5,5,direct
47139,23,23,direct
47139,24,241,ancestor
47139,71,241,ancestor
47139,241,241,direct
47139,590,590,direct
47165,1,1,direct
47165,2,2,direct
47165,6,6,direct
47165,9,9,direct
47165,12,12,direct
47179,1,1,direct
47179,2,2,direct
47179,3,3,direct
47193,1,1,direct
47193,2,2,direct
47193,3,3,direct
47193,11,11,direct
47193,24,589,ancestor
47193,589,589,direct
47218,1,1,direct
47218,3,3,direct
47218,6,6,direct
47218,9,9,direct
47218,13,13,direct
47218,20,20,direct
47218,24,589,ancestor
47218,292,292,direct
47218,589,589,direct
47218,590,590,direct
47229,264,264,direct
47232,227,227,direct
47232,248,248,direct
47232,296,296,direct
47232,556,556,direct
47254,7,7,direct
47264,4,4,direct
47264,11,11,direct
47264,110,110,direct
47297,1,1,split
47297,3,3,split
47297,29,29,direct
47297,277,277,direct
47297,292,277,ancestor
47328,1,1,direct
47328,2,2,direct
47328,3,3,direct
47328,24,24,direct
47329,1,1,direct
47329,7,7,direct
47329,48,48,direct
47329,92,92,direct
47348,3,3,direct
47348,292,292,direct
47356,15,15,direct
47356,24,15,ancestor
47356,69,69,direct
47356,91,91,direct
47356,93,93,direct
47356,111,111,direct
47383,1,1,direct
47383,2,2,direct
47383,46,46,direct
47383,91,91,direct
47385,7,7,direct
47385,51,51,direct
47385,66,66,direct
47402,1,1,split
47402,3,3,split
47402,6,6,direct
47402,7,7,direct
47402,59,59,direct
47438,46,46,direct
47438,103,103,direct
47438,132,132,direct
47438,133,133,direct
47438,134,134,direct
47444,4,4,direct
47444,108,108,direct
47458,1,1,direct
47458,2,2,direct
47458,3,3,direct
47458,17,17,direct
47473,1,1,split
47473,2,2,split
47473,3,3,split
47473,6,6,direct
47473,11,11,direct
47487,2,2,direct
47487,6,6,direct
47487,18,18,direct
47487,19,19,direct
47488,1,1,direct
47488,2,2,direct
47488,3,3,direct
47488,11,11,direct
47488,17,17,direct
47488,49,49,direct
47488,78,78,direct
47499,189,189,direct
47502,1,1,direct
47502,3,3,direct
47502,7,7,direct
47502,11,11,direct
47513,5,5,direct
47513,6,6,direct
47513,12,12,direct
47513,15,15,direct
47513,24,15,ancestor
47515,1,1,split
47515,2,2,split
47515,3,3,split
47515,5,5,direct
47515,12,12,direct
47515,24,24,direct
47515,33,33,direct
47545,1,1,direct
47545,3,3,direct
47545,12,12,direct
47561,142,142,direct
47562,1,1,direct
47562,7,7,direct
47562,118,118,direct
47591,1,1,direct
47621,1,1,direct
47621,3,3,direct
47621,6,6,direct
47621,11,11,direct
47623,53,53,direct
47623,590,590,direct
47661,3,3,direct
47661,17,17,direct
47661,147,147,direct
47671,1,1,direct
47671,3,3,direct
47671,6,6,direct
47671,23,23,direct
47671,24,589,ancestor
47671,589,589,direct
47675,24,241,ancestor
47675,71,241,ancestor
47675,241,241,direct
47681,1,1,direct
47681,2,2,direct
47681,3,3,direct
47681,6,6,direct
47681,12,12,direct
47681,145,145,direct
47707,18,18,direct
47707,27,27,direct
47707,74,74,direct
47722,1,1,direct
47722,3,3,direct
47722,161,161,direct
47723,1,1,direct
47723,14,14,direct
47723,29,29,direct
47723,63,63,direct
47731,23,23,direct
47731,77,77,direct
47731,183,183,direct
47758,1,1,direct
47758,3,3,direct
47758,4,37,ancestor
47758,7,7,direct
47758,11,11,direct
47758,37,37,direct
47771,1,1,direct
47771,3,3,direct
47771,6,6,direct
47771,11,11,direct
47771,23,23,direct
47771,24,589,ancestor
47771,589,589,direct
47786,2,2,direct
47786,3,3,direct
47786,4,10,ancestor
47786,10,10,direct
47786,12,12,direct
47786,23,23,direct
47786,27,27,direct
47786,33,33,direct
47786,46,46,direct
47786,53,53,direct
47786,91,91,direct
47786,96,96,direct
47808,3,3,direct
47808,12,12,direct
47808,24,589,ancestor
47808,93,93,direct
47808,589,589,direct
47841,1,1,direct
47841,3,3,direct
47849,28,28,direct
47861,6,6,direct
47861,8,8,direct
47861,64,64,direct
47864,2,2,direct
47864,3,3,direct
47864,11,11,split
47864,49,49,split
47864,114,114,direct
47864,149,149,direct
47885,3,3,direct
47885,20,20,direct
47885,23,23,direct
47885,24,589,ancestor
47885,169,169,direct
47885,589,589,direct
47928,3,3,direct
47928,11,11,direct
47928,118,118,direct
47944,7,7,direct
47944,61,61,direct
47959,1,1,direct
47959,8,8,direct
47959,14,14,direct
47959,109,109,direct
47979,2,2,direct
47979,14,14,direct
47979,19,19,direct
47979,65,65,direct
48029,1,1,direct
48029,3,3,direct
48029,11,11,split
48029,50,50,split
48032,1,1,direct
48032,151,151,direct
48032,301,301,direct
48037,2,2,direct
48037,129,129,direct
48053,6,6,direct
48053,33,33,direct
48053,130,130,direct
48069,3,3,direct
48069,73,73,direct
48069,123,123,direct
48069,164,164,direct
48076,3,3,direct
48076,93,93,direct
48086,2,2,direct
48086,8,152,ancestor
48086,27,27,direct
48086,92,92,direct
48086,152,152,direct
48089,3,3,direct
48089,21,21,direct
48089,57,57,direct
48089,96,96,direct
48094,2,2,direct
48094,4,10,ancestor
48094,10,10,direct
48094,18,18,direct
48094,84,84,direct
48101,2,2,direct
48101,14,14,direct
48161,6,6,direct
48161,7,7,direct
48161,33,33,direct
48169,4,37,ancestor
48169,5,5,direct
48169,9,9,direct
48169,37,37,direct
48174,8,8,direct
48174,29,29,direct
48174,92,92,direct
48194,1,1,direct
48194,2,2,direct
48194,3,3,direct
48194,110,110,direct
48194,274,274,direct
48217,6,6,direct
48217,11,11,direct
48217,33,33,direct
48217,171,171,direct
48217,362,362,direct
48230,1,1,split
48230,2,2,split
48230,27,27,direct
48230,33,33,direct
48246,7,7,direct
48246,48,48,direct
48281,2,2,direct
48281,91,91,direct
48292,69,69,direct
48348,1,1,direct
48348,7,7,direct
48348,14,14,direct
48352,2,2,direct
48369,3,3,direct
48369,15,15,direct
48369,24,15,ancestor
48369,70,70,direct
48370,5,5,direct
48370,8,8,direct
48377,2,2,direct
48377,11,11,direct
48377,12,12,direct
48413,2,2,direct
48413,30,30,direct
48413,230,230,direct
48434,2,2,direct
48434,3,3,direct
48434,5,5,direct
48434,28,28,direct
48446,1,1,direct
48446,2,2,direct
48446,3,3,direct
48446,242,242,direct
48462,3,3,direct
48462,4,10,ancestor
48462,10,10,direct
48462,123,123,direct
48492,3,3,direct
48492,4,204,ancestor
48492,68,68,direct
48492,204,204,direct
48519,19,19,direct
48524,1,1,direct
48524,2,2,direct
48524,3,3,direct
48524,8,8,direct
48529,26,26,direct
48532,12,12,direct
48532,14,14,direct
48532,113,113,direct
48532,399,399,direct
48559,2,2,direct
48559,14,14,direct
48559,69,69,direct
48560,2,2,direct
48560,3,3,direct
48560,5,5,direct
48560,8,8,direct
48560,11,11,direct
48568,2,2,direct
48568,4,4,direct
48568,11,11,direct
48572,2,2,direct
48572,4,4,direct
48572,6,6,direct
48572,19,19,direct
48608,1,1,direct
48608,2,2,direct
48608,3,3,direct
48608,382,382,direct
48612,2,2,direct
48612,3,3,direct
48612,85,85,direct
48626,6,6,direct
48626,31,31,direct
48626,43,43,direct
48626,63,63,direct
48626,419,419,direct
48652,2,2,direct
48652,3,3,direct
48652,5,5,direct
48652,6,6,direct
48652,8,8,direct
48652,12,12,direct
48652,14,14,direct
48652,23,23,direct
48675,1,1,direct
48675,3,3,direct
48675,4,10,ancestor
48675,10,10,direct
48705,1,1,direct
48705,2,2,direct
48705,3,3,direct
48705,14,14,direct
48705,46,46,direct
48705,52,52,direct
48705,133,133,direct
48726,3,3,direct
48726,5,5,direct
48726,9,9,direct
48726,12,12,direct
48726,23,23,direct
48726,29,29,direct
48726,96,96,direct
48786,3,3,direct
48786,9,9,direct
48786,57,57,direct
48786,94,94,direct
48786,108,108,direct
48799,46,46,direct
48801,1,1,direct
48801,2,2,direct
48801,3,3,direct
48801,11,11,direct
48801,24,143,ancestor
48801,33,33,direct
48801,143,143,direct
48868,1,1,direct
48868,3,3,direct
48868,33,33,direct
48874,1,1,direct
48874,6,6,direct
48874,198,198,direct
48887,2,2,direct
48887,11,11,direct
48887,83,83,direct
48897,2,2,direct
48897,4,260,ancestor
48897,32,260,ancestor
48897,36,36,direct
48897,50,50,direct
48897,260,260,direct
48898,6,6,direct
48898,11,11,direct
48898,23,23,direct
48907,52,52,direct
48923,1,1,direct
48923,3,3,direct
48923,4,10,ancestor
48923,6,6,direct
48923,10,10,direct
48923,12,12,direct
48923,84,84,direct
48923,258,258,direct
48944,24,105,ancestor
48944,71,105,ancestor
48944,105,105,direct
48971,2,2,direct
48971,3,3,direct
48971,136,136,direct
48981,1,1,direct
48981,3,3,direct
49078,1,1,direct
49078,3,3,direct
49078,11,11,direct
49078,49,49,direct
49078,167,167,direct
49082,1,1,split
49082,2,2,split
49082,3,3,split
49082,6,6,direct
49082,11,11,direct
49082,33,33,direct
49099,1,1,direct
49099,4,4,direct
49111,2,2,direct
49111,3,3,direct
49141,2,2,direct
49141,41,41,direct
49141,81,81,direct
49141,590,41,ancestor
49162,1,1,direct
49162,3,3,direct
49162,4,4,direct
49162,64,64,direct
49164,1,1,split
49164,2,2,split
49164,3,3,split
49164,14,14,direct
49164,69,69,direct
49164,251,251,direct
49180,254,254,direct
49189,2,2,direct
49189,5,5,direct
49189,8,152,ancestor
49189,11,11,direct
49189,14,14,direct
49189,152,152,direct
49231,145,145,direct
49250,1,1,direct
49250,2,2,direct
49250,3,3,direct
49250,58,58,direct
49256,2,2,direct
49256,3,3,direct
49256,4,10,ancestor
49256,10,10,direct
49256,11,11,direct
49262,1,1,direct
49284,1,1,direct
49284,2,2,direct
49284,3,3,direct
49288,30,30,direct
49288,229,229,direct
49347,2,2,direct
49347,3,3,direct
49347,80,80,direct
49358,1,1,direct
49358,2,2,direct
49358,11,11,direct
49358,12,12,direct
49358,110,110,direct
49406,11,11,direct
49406,12,12,direct
49406,110,110,direct
49432,2,2,direct
49432,5,5,direct
49432,6,6,direct
49432,11,11,direct
49432,12,12,direct
49432,24,71,ancestor
49432,49,49,direct
49432,71,71,direct
49432,91,91,direct
49432,590,590,direct
49436,44,44,direct
49436,83,83,direct
49451,2,2,direct
49451,15,15,direct
49451,24,15,ancestor
49451,104,104,direct
49476,1,1,direct
49476,2,2,direct
49476,3,3,direct
49476,11,11,split
49476,15,15,direct
49476,24,15,ancestor
49476,49,49,split
49535,7,7,direct
49551,19,19,direct
49551,41,41,direct
49551,590,41,ancestor
49555,1,1,direct
49555,2,2,direct
49555,3,3,direct
49555,4,10,ancestor
49555,10,10,direct
49555,227,227,direct
49560,1,1,direct
49560,3,3,direct
49560,4,10,ancestor
49560,10,10,direct
49560,17,17,direct
49571,2,2,direct
49571,31,31,direct
49619,1,1,direct
49619,3,3,direct
49619,4,4,direct
49619,18,18,direct
49633,7,7,direct
49633,19,19,direct
49633,33,33,direct
49635,1,1,direct
49635,2,2,direct
49635,11,11,direct
49635,18,18,direct
49656,1,1,direct
49656,136,136,direct
49658,2,2,direct
49658,3,3,direct
49658,5,5,direct
49658,7,7,direct
49658,167,167,direct
49670,11,11,direct
49670,12,12,direct
49697,1,1,direct
49697,14,14,direct
49697,46,46,direct
49697,66,66,direct
49701,1,1,direct
49701,2,2,direct
49701,3,3,direct
49701,4,10,ancestor
49701,10,10,direct
49701,18,18,direct
49733,58,140,ancestor
49733,140,140,direct
49737,5,5,direct
49737,8,155,ancestor
49737,12,12,direct
49737,74,74,direct
49737,155,155,direct
49789,108,108,direct
49806,68,68,direct
49812,2,2,direct
49812,7,7,direct
49812,9,9,direct
49812,14,14,direct
49849,1,1,direct
49849,2,2,direct
49849,3,3,direct
49849,24,143,ancestor
49849,143,143,direct
49853,4,4,direct
49853,21,21,direct
49857,1,1,direct
49857,3,3,direct
49869,1,1,direct
49869,2,2,direct
49869,4,4,direct
49869,83,83,direct
49869,239,239,direct
49880,1,1,direct
49880,2,2,direct
49880,4,4,direct
49880,6,6,direct
49880,11,11,direct
49880,14,14,direct
49880,76,76,direct
49891,1,1,direct
49891,3,3,direct
49891,85,85,direct
49916,318,318,direct
49926,2,2,direct
49926,3,3,direct
49926,17,17,direct
49926,41,41,direct
49926,590,41,ancestor
49931,2,2,direct
49931,3,3,direct
49931,6,6,direct
49931,41,41,direct
49931,103,103,direct
49931,104,104,direct
49931,590,41,ancestor
49936,2,2,direct
49936,3,3,direct
49936,11,11,direct
49936,12,12,direct
49936,23,23,direct
49936,24,589,ancestor
49936,589,589,direct
49998,3,3,direct
49998,4,10,ancestor
49998,10,10,direct
50000,2,2,direct
50018,4,10,ancestor
50018,7,7,direct
50018,10,10,direct
50022,7,7,direct
50022,23,23,direct
50025,14,14,direct
50034,2,2,direct
50034,168,168,direct
50161,3,3,direct
50161,21,21,direct
50161,24,24,direct
50161,246,246,direct
50161,442,442,direct
50185,1,1,direct
50185,7,7,direct
50229,2,2,direct
50229,6,6,direct
50229,11,11,direct
50229,15,15,direct
50229,24,15,ancestor
50229,33,33,direct
50244,1,1,direct
50244,2,2,direct
50244,3,3,direct
50244,4,10,ancestor
50244,10,10,direct
50244,11,11,direct
50262,7,7,direct
50267,2,2,direct
50267,15,15,direct
50267,18,18,direct
50267,24,15,ancestor
50267,239,239,direct
50292,1,1,direct
50292,9,9,direct
50292,20,20,direct
50292,590,590,direct
50324,2,2,direct
50324,4,10,ancestor
50324,7,7,direct
50324,10,10,direct
50365,1,1,direct
50365,2,2,direct
50365,4,10,ancestor
50365,7,7,direct
50365,10,10,direct
50367,1,1,direct
50367,2,2,direct
50367,3,3,direct
50367,235,235,direct
50411,1,1,direct
50411,2,2,direct
50411,3,3,direct
50411,11,11,direct
50411,24,589,ancestor
50411,589,589,direct
50444,2,2,direct
50444,344,344,direct
50447,2,2,direct
50447,3,3,direct
50447,182,182,direct
50470,2,2,direct
50470,168,168,direct
50481,1,1,direct
50481,3,3,direct
50481,126,126,direct
50488,1,1,direct
50488,6,6,direct
50488,13,13,direct
50488,41,41,direct
50488,190,190,direct
50488,590,41,ancestor
50493,23,23,direct
50536,91,91,direct
50536,98,98,direct
50536,103,103,direct
50572,3,3,direct
50572,9,9,direct
50574,3,3,direct
50574,7,7,direct
50574,8,8,direct
50574,20,20,direct
50574,136,136,direct
50612,7,7,direct
50612,11,11,direct
50612,12,12,direct
50612,14,14,direct
50612,110,110,direct
50630,1,1,direct
50630,4,4,direct
50630,7,7,direct
50630,110,110,direct
50645,1,1,direct
50645,2,2,direct
50645,3,3,direct
50645,7,7,direct
50645,9,9,direct
50645,18,18,direct
50645,22,22,direct
50645,167,167,direct
50654,2,2,direct
50654,136,136,direct
50654,181,181,direct
50669,1,1,direct
50669,4,4,direct
50682,1,1,direct
50682,7,7,direct
50682,41,41,direct
50682,590,41,ancestor
50707,2,2,direct
50707,3,3,direct
50707,8,82,ancestor
50707,17,17,direct
50707,82,82,direct
50760,1,1,direct
50760,108,108,direct
50780,1,1,direct
50780,2,2,direct
50780,3,3,direct
50780,74,74,direct
50780,409,409,direct
50788,2,2,direct
50788,3,3,direct
50788,29,29,direct
50790,18,18,direct
50803,1,1,direct
50803,2,2,direct
50803,3,3,direct
50803,50,50,direct
50848,1,1,direct
50848,6,6,direct
50848,12,12,direct
50848,50,50,direct
50874,1,1,direct
50874,3,3,direct
50874,17,17,direct
50885,4,4,direct
50885,23,23,direct
50885,145,145,direct
50917,6,6,direct
50917,254,254,direct
50948,5,5,direct
50948,6,6,direct
50948,14,14,direct
50948,27,27,direct
50948,227,227,direct
50950,2,2,direct
50950,9,9,direct
50950,11,11,direct
50963,2,2,direct
50963,3,3,direct
50963,8,8,direct
50963,18,18,direct
51018,317,317,direct
51024,3,3,direct
51024,21,21,direct
51025,1,1,split
51025,2,2,split
51025,4,37,ancestor
51025,9,9,direct
51025,37,37,direct
51031,3,3,direct
51031,24,24,direct
51052,48,48,direct
51056,2,2,direct
51056,3,3,direct
51056,4,37,ancestor
51056,11,11,direct
51056,37,37,direct
51077,2,2,direct
51077,14,14,direct
51077,130,130,direct
51112,1,1,direct
51112,2,2,direct
51112,3,3,direct
51116,2,2,direct
51116,6,6,direct
51116,11,11,split
51116,14,14,direct
51116,15,15,direct
51116,24,15,ancestor
51116,49,49,split
51116,52,52,direct
51116,67,67,direct
51122,5,5,direct
51122,19,19,direct
51139,1,1,direct
51139,3,3,direct
51139,15,15,direct
51139,24,15,ancestor
51150,23,23,direct
51150,29,29,direct
51157,11,11,direct
51157,49,49,direct
51157,92,92,direct
51157,231,231,direct
51191,1,1,direct
51191,2,2,direct
51191,46,46,direct
51217,1,1,direct
51217,3,3,direct
51217,23,23,direct
51217,24,589,ancestor
51217,123,123,direct
51217,589,589,direct
51221,8,8,direct
51221,265,265,direct
51245,1,1,direct
51245,3,3,direct
51245,15,15,direct
51245,24,15,ancestor
51245,52,52,direct
51245,184,184,direct
51293,46,46,direct
51293,80,80,direct
51293,101,101,direct
51296,7,7,direct
51296,19,19,direct
51303,2,2,direct
51303,30,30,direct
51304,1,1,direct
51332,1,1,direct
51332,2,2,direct
51332,3,3,direct
51332,104,104,direct
51332,362,362,direct
51349,7,7,direct
51353,3,3,direct
51353,4,10,ancestor
51353,10,10,direct
51354,70,70,direct
51354,129,129,direct
51354,252,252,direct
51360,1,1,direct
51360,7,7,direct
51360,189,189,direct
51369,2,2,direct
51369,4,10,ancestor
51369,10,10,direct
51369,18,18,direct
51369,130,130,direct
51369,231,231,direct
51398,1,1,direct
51398,4,4,direct
51398,7,7,direct
51398,93,93,direct
51443,1,1,direct
51443,2,2,direct
51443,3,3,direct
51443,70,70,direct
51446,1,1,direct
51446,2,2,direct
51446,3,3,direct
51446,12,12,direct
51446,186,186,direct
51472,1,1,direct
51472,41,41,direct
51472,150,150,direct
51472,590,41,ancestor
51484,11,11,direct
51484,80,80,direct
51528,1,1,direct
51528,2,2,direct
51528,3,3,direct
51528,53,53,direct
51530,2,2,direct
51530,6,6,direct
51530,19,19,direct
51530,41,41,direct
51530,590,41,ancestor
51539,13,13,direct
51539,47,47,direct
51539,174,174,direct
51539,183,183,direct
51539,302,302,direct
51547,5,5,direct
51547,11,11,direct
51547,18,18,direct
51547,367,367,direct
51575,1,1,direct
51575,7,7,direct
51576,3,3,direct
51576,6,6,direct
51576,11,11,direct
51576,12,12,direct
51576,24,24,direct
51578,7,7,direct
51578,47,47,direct
51580,2,2,direct
51580,6,6,direct
51590,3,3,direct
51590,4,4,direct
51590,23,23,direct
51599,1,1,direct
51599,3,3,direct
51599,4,10,ancestor
51599,10,10,direct
51602,2,2,direct
51602,3,3,direct
51602,8,82,ancestor
51602,14,14,direct
51602,33,33,direct
51602,82,82,direct
51621,1,1,direct
51621,4,10,ancestor
51621,5,5,direct
51621,10,10,direct
51621,12,12,direct
51652,3,3,direct
51652,4,10,ancestor
51652,10,10,direct
51676,3,3,direct
51676,4,10,ancestor
51676,5,5,direct
51676,6,6,direct
51676,10,10,direct
51676,11,11,direct
51676,49,49,direct
51700,1,1,direct
51700,3,3,direct
51700,24,105,ancestor
51700,71,105,ancestor
51700,105,105,direct
51700,145,145,direct
51726,1,1,direct
51726,2,2,direct
51726,3,3,direct
51726,9,9,direct
51726,126,126,direct
51727,1,1,direct
51727,7,7,direct
51727,14,14,direct
51746,3,3,direct
51746,21,21,direct
51746,24,24,direct
51773,1,1,direct
51773,3,3,direct
51773,5,5,direct
51773,112,112,direct
51821,1,1,direct
51821,2,2,direct
51821,50,50,direct
51829,2,2,direct
51829,3,3,direct
51829,182,182,direct
51844,20,20,direct
51851,1,1,direct
51851,2,2,direct
51851,3,3,direct
51851,4,10,ancestor
51851,10,10,direct
51927,2,2,direct
51927,3,3,direct
51927,4,10,ancestor
51927,10,10,direct
51927,12,12,direct
51927,460,460,direct
51936,36,36,direct
51936,192,192,direct
52000,2,2,direct
52000,53,53,direct
52000,130,130,direct
52031,3,3,direct
52031,4,4,direct
52035,8,8,direct
52035,220,220,direct
52038,2,2,direct
52038,8,152,ancestor
52038,152,152,direct
52062,3,3,direct
52062,7,7,direct
52062,254,254,direct
52066,1,1,direct
52066,4,4,direct
52066,6,6,direct
52066,11,11,direct
52108,2,2,direct
52108,14,14,direct
52123,2,2,direct
52123,9,9,direct
52193,2,2,direct
52193,17,17,direct
52193,145,145,direct
52202,1,1,split
52202,9,9,split
52202,19,19,direct
52202,22,22,direct
52202,112,112,direct
52228,5,5,direct
52228,11,11,direct
52228,12,12,direct
52258,3,3,direct
52258,9,9,direct
52261,2,2,direct
52261,18,18,direct
52276,7,7,direct
52276,15,15,direct
52276,24,15,ancestor
52276,26,26,direct
52282,151,151,direct
52325,7,7,direct
52325,133,133,direct
52325,254,254,direct
52367,7,7,direct
52367,14,14,direct
52367,590,590,direct
52370,5,5,direct
52370,74,74,direct
52386,2,2,direct
52386,110,110,direct
52388,8,152,ancestor
52388,9,9,direct
52388,52,52,direct
52388,152,152,direct
52410,1,1,direct
52410,3,3,direct
52410,235,235,direct
52439,2,2,direct
52439,23,23,direct
52439,44,44,direct
52439,294,294,direct
52453,1,1,direct
52453,3,3,direct
52453,7,7,direct
52453,108,108,direct
52457,2,2,direct
52457,9,9,direct
52457,22,22,direct
52457,179,179,direct
52457,590,590,direct
52467,1,1,direct
52467,2,2,direct
52467,14,14,direct
52467,208,208,direct
52498,2,2,direct
52498,344,344,direct
52506,2,2,direct
52506,182,182,direct
52531,1,1,direct
52531,2,2,direct
52531,3,3,direct
52531,24,24,direct
52531,198,198,direct
52531,269,269,direct
52560,3,3,direct
52560,88,88,direct
52560,108,108,direct
52564,2,2,direct
52564,110,110,direct
52564,151,151,direct
52567,1,1,direct
52567,2,2,direct
52567,4,4,direct
52567,33,33,direct
52577,3,3,direct
52577,5,5,direct
52577,8,82,ancestor
52577,12,12,direct
52577,14,14,direct
52577,82,82,direct
52577,91,91,direct
52579,23,23,direct
52579,33,33,direct
52581,1,1,direct
52581,7,7,direct
52585,1,1,split
52585,2,2,split
52585,3,3,split
52585,4,4,direct
52585,17,17,direct
52585,27,27,direct
52628,1,1,direct
52628,3,3,direct
52628,4,204,ancestor
52628,204,204,direct
52628,263,263,direct
52629,3,3,direct
52629,11,11,direct
52629,41,41,direct
52629,590,41,ancestor
52641,15,15,direct
52641,24,15,ancestor
52641,52,52,direct
52644,4,4,direct
52644,6,6,direct
52644,27,27,direct
52670,1,1,direct
52670,2,2,direct
52670,11,11,direct
52670,12,12,direct
52674,2,2,direct
52674,3,3,direct
52674,9,9,direct
52740,21,21,direct
52740,54,54,direct
52740,64,64,direct
52740,400,400,direct
52742,7,7,direct
52756,1,1,direct
52756,4,4,direct
52756,7,7,direct
52775,1,1,direct
52775,3,3,direct
52775,4,4,direct
52775,8,8,direct
52775,29,29,direct
52797,2,2,direct
52797,4,4,direct
52797,17,17,direct
52797,92,92,direct
52828,2,2,direct
52828,3,3,direct
52828,5,5,direct
52828,22,22,direct
52828,91,91,direct
52828,120,120,direct
52828,123,123,direct
52828,234,234,direct
52828,590,234,ancestor
52848,2,2,direct
52848,6,6,direct
52848,7,7,direct
52848,23,23,direct
52869,40,40,direct
52869,46,46,direct
52872,2,2,direct
52872,3,3,direct
52872,5,5,direct
52872,11,11,direct
52872,12,12,direct
52872,24,24,direct
52872,201,201,direct
52886,2,2,direct
52886,27,27,direct
52886,590,590,direct
52897,1,1,direct
52897,2,2,direct
52897,3,3,direct
52897,17,17,direct
52897,98,98,direct
52925,2,2,direct
52925,459,459,direct
52939,2,2,direct
52939,3,3,direct
52939,6,6,direct
52939,12,12,direct
52971,57,57,direct
53002,2,2,direct
53002,7,7,direct
53015,1,1,direct
53015,2,2,direct
53026,1,1,direct
53026,80,80,direct
53026,92,92,direct
53027,1,1,direct
53027,4,4,direct
53027,23,23,direct
53033,1,1,split
53033,2,2,split
53033,3,3,split
53033,14,14,direct
53033,234,234,direct
53033,590,234,ancestor
53059,3,3,direct
53059,269,269,direct
53059,361,361,direct
53088,2,2,direct
53088,4,10,ancestor
53088,10,10,direct
53089,5,5,direct
53089,46,46,direct
53089,66,66,direct
53096,1,1,split
53096,3,3,split
53096,19,19,direct
53096,45,45,direct
53096,57,57,direct
53097,1,1,direct
53097,5,5,direct
53097,66,66,direct
53181,6,6,direct
53181,7,7,direct
53181,145,145,direct
53204,3,3,direct
53204,20,20,direct
53205,15,15,direct
53205,24,15,ancestor
53205,74,74,direct
53248,19,19,direct
53289,35,35,direct
53291,7,7,direct
53291,41,41,direct
53291,53,53,direct
53291,133,133,direct
53291,590,41,ancestor
53303,12,12,direct
53307,2,2,direct
53307,83,83,direct
53347,1,1,direct
53347,3,3,direct
53377,7,7,direct
53377,254,254,direct
53408,2,2,direct
53408,3,3,direct
53408,8,8,direct
53408,11,11,direct
53408,52,52,direct
53415,3,3,direct
53415,7,7,direct
53415,9,9,direct
53426,3,3,direct
53426,4,10,ancestor
53426,10,10,direct
53438,1,1,split
53438,3,3,split
53438,12,12,direct
53449,1,1,direct
53449,2,2,direct
53449,3,3,direct
53449,110,110,direct
53472,1,1,direct
53472,3,3,direct
53472,6,6,direct
53472,23,23,direct
53483,2,2,direct
53483,30,30,direct
53496,3,3,direct
53496,21,21,direct
53496,23,23,direct
53496,24,24,direct
53496,57,57,direct
53513,2,2,direct
53513,14,14,direct
53513,91,91,direct
53513,110,110,direct
53525,2,2,direct
53525,12,12,direct
53525,24,589,ancestor
53525,589,589,direct
53565,2,2,direct
53565,3,3,direct
53565,48,48,direct
53643,2,2,direct
53643,3,3,direct
53643,7,7,direct
53643,41,41,direct
53643,53,53,direct
53643,590,41,ancestor
53685,5,5,direct
53685,11,11,split
53685,17,17,direct
53685,23,23,direct
53685,50,50,split
53685,83,83,direct
53685,493,493,direct
53720,2,2,direct
53720,5,5,direct
53720,41,41,direct
53720,49,49,direct
53720,53,53,direct
53720,91,91,direct
53720,590,41,ancestor
53728,2,2,direct
53728,3,3,direct
53728,330,330,direct
53728,590,330,ancestor
53730,327,327,direct
53732,6,6,direct
53732,33,33,direct
53748,3,3,direct
53748,8,82,ancestor
53748,17,17,direct
53748,82,82,direct
53766,4,4,direct
53766,6,6,direct
53766,33,33,direct
53766,362,362,direct
53769,1,1,split
53769,2,2,direct
53769,3,3,split
53769,4,10,ancestor
53769,10,10,direct
53770,3,3,direct
53770,5,5,direct
53770,11,11,direct
53770,24,589,ancestor
53770,93,93,direct
53770,589,589,direct
53771,2,2,direct
53771,3,3,direct
53771,11,11,direct
53775,362,362,direct
53777,1,1,direct
53777,2,2,direct
53777,46,46,direct
53777,91,91,direct
53777,110,110,direct
53781,1,1,direct
53781,5,5,direct
53781,6,6,direct
53781,7,7,direct
53781,12,12,direct
53781,14,14,direct
53799,6,6,direct
53799,14,14,direct
53841,3,3,direct
53841,205,205,direct
53841,292,205,ancestor
53867,1,1,direct
53867,3,3,direct
53867,14,14,direct
53867,33,33,direct
53867,130,130,direct
53868,4,10,ancestor
53868,10,10,direct
53894,1,1,split
53894,2,2,split
53894,7,7,direct
53894,29,29,direct
53915,1,1,direct
53915,2,2,direct
53915,12,12,direct
53916,40,40,direct
53916,46,46,direct
53923,1,1,direct
53923,2,2,direct
53923,3,3,direct
53923,5,5,direct
53923,11,11,direct
53923,49,49,direct
53923,321,321,direct
53930,1,1,direct
53964,1,1,direct
53964,3,3,direct
53988,3,3,direct
53988,6,6,direct
53988,8,82,ancestor
53988,12,12,direct
53988,14,14,direct
53988,82,82,direct
54002,2,2,direct
54002,14,14,direct
54021,23,23,direct
54021,41,41,direct
54021,48,48,direct
54021,220,220,direct
54021,590,41,ancestor
54054,3,3,direct
54054,80,80,direct
54071,1,1,direct
54071,3,3,direct
54071,6,6,direct
54071,12,12,direct
54071,19,19,direct
54071,284,284,direct
54071,302,302,direct
54084,1,1,direct
54084,2,2,direct
54084,3,3,direct
54084,12,12,direct
54084,24,24,direct
54101,1,1,direct
54101,2,2,direct
54101,3,3,direct
54101,4,10,ancestor
54101,10,10,direct
54101,198,198,direct
54128,7,7,direct
54128,15,15,direct
54128,24,15,ancestor
54128,41,41,direct
54128,93,93,direct
54128,590,41,ancestor
54171,3,3,direct
54171,5,5,direct
54171,6,6,direct
54171,8,197,ancestor
54171,197,197,direct
54172,1,1,direct
54172,3,3,direct
54172,4,4,direct
54172,6,6,direct
54172,23,23,direct
54181,2,2,direct
54181,5,5,direct
54181,8,155,ancestor
54181,155,155,direct
54195,2,2,direct
54195,30,30,direct
54213,2,2,direct
54213,27,27,direct
54213,41,41,direct
54213,590,41,ancestor
54218,2,2,direct
54218,3,3,direct
54218,4,10,ancestor
54218,10,10,direct
54218,265,265,direct
54277,2,2,direct
54297,224,224,direct
54297,273,273,direct
54316,8,8,direct
54334,6,6,direct
54334,12,12,direct
54334,24,105,ancestor
54334,71,105,ancestor
54334,105,105,direct
54385,2,2,direct
54385,23,23,direct
54385,44,44,direct
54421,2,2,direct
54421,148,148,direct
54431,1,1,direct
54431,3,3,direct
54431,4,4,direct
54431,254,254,direct
54438,6,6,direct
54438,12,12,direct
54440,2,2,direct
54440,6,6,direct
54440,23,23,direct
54463,2,2,direct
54463,3,3,direct
54463,11,11,direct
54463,12,12,direct
54463,23,23,direct
54463,24,589,ancestor
54463,589,589,direct
54476,1,1,direct
54476,3,3,direct
54476,24,212,ancestor
54476,108,108,direct
54476,129,129,direct
54476,212,212,direct
54490,1,1,direct
54490,3,3,direct
54490,4,4,direct
54490,64,64,direct
54490,93,93,direct
54499,1,1,direct
54499,4,4,direct
54499,7,7,direct
54499,108,108,direct
54524,1,1,direct
54524,2,2,direct
54524,3,3,direct
54550,3,3,direct
54550,27,27,direct
54550,80,80,direct
54557,3,3,direct
54557,20,20,direct
54557,27,27,direct
54557,144,144,direct
54557,161,161,direct
54557,292,292,direct
54557,590,590,direct
54617,2,2,direct
54617,3,3,direct
54617,5,5,direct
54617,8,8,direct
54617,9,9,direct
54617,46,46,direct
54633,5,5,direct
54633,7,7,direct
54653,2,2,direct
54653,3,3,direct
54653,49,49,direct
54653,264,264,direct
54690,7,7,direct
54690,15,15,direct
54690,24,15,ancestor
54690,48,48,direct
54690,92,92,direct
54696,1,1,direct
54696,3,3,direct
54696,29,29,direct
54701,2,2,direct
54703,2,2,direct
54703,7,7,direct
54703,18,18,direct
54703,145,145,direct
54726,1,1,direct
54726,6,6,direct
54726,145,145,direct
54742,6,6,direct
54756,3,3,direct
54756,4,10,ancestor
54756,10,10,direct
54767,1,1,direct
54767,5,5,direct
54767,7,7,direct
54767,26,26,direct
54767,31,31,direct
54767,66,66,direct
54782,1,1,direct
54782,2,2,direct
54782,193,193,direct
54785,3,3,direct
54785,7,7,direct
54785,221,221,direct
54789,50,50,direct
54789,80,80,direct
54789,184,184,direct
54815,1,1,direct
54815,2,2,direct
54815,3,3,direct
54815,18,18,direct
54818,4,4,direct
54818,7,7,direct
54818,23,23,direct
54818,265,265,direct
54836,19,19,direct
54836,91,91,direct
54836,498,498,direct
54846,3,3,direct
54846,5,5,direct
54846,17,17,direct
54846,33,33,direct
54846,80,80,direct
54850,2,2,direct
54850,11,11,direct
54859,2,2,direct
54859,3,3,direct
54859,9,9,direct
54866,1,1,direct
54866,3,3,direct
54866,13,13,direct
54866,14,14,direct
54866,15,15,direct
54866,24,15,ancestor
54888,6,6,direct
54888,13,13,direct
54888,60,60,direct
54917,1,1,split
54917,2,2,direct
54917,3,3,split
54942,2,2,direct
54942,24,71,ancestor
54942,46,46,direct
54942,48,48,direct
54942,70,70,direct
54942,71,71,direct
54942,106,106,direct
54942,110,110,direct
54942,164,164,direct
54952,2,2,direct
54952,110,110,direct
54979,7,7,direct
54979,11,11,direct
54979,41,41,direct
54979,590,41,ancestor
55002,3,3,direct
55002,23,23,direct
55002,57,57,direct
55002,118,118,direct
55008,4,4,direct
55008,7,7,direct
55008,14,14,direct
55008,48,48,direct
55025,1,1,direct
55025,87,87,direct
55025,126,126,direct
55050,1,1,direct
55050,3,3,direct
55050,4,4,direct
55050,6,6,direct
55053,1,1,direct
55053,2,2,direct
55053,3,3,direct
55080,3,3,direct
55117,3,3,direct
55117,24,24,direct
55144,2,2,direct
55144,3,3,direct
55144,5,5,direct
55144,6,6,direct
55144,171,171,direct
55144,258,258,direct
55175,2,2,direct
55225,3,3,direct
55225,11,11,direct
55225,234,234,direct
55225,590,234,ancestor
55236,6,6,direct
55236,7,7,direct
55236,23,23,direct
55236,320,320,direct
55267,2,2,direct
55270,1,1,split
55270,3,3,split
55270,14,14,direct
55270,590,590,direct
55273,2,2,direct
55273,70,70,direct
55273,91,91,direct
55273,201,201,direct
55296,4,10,ancestor
55296,10,10,direct
55296,130,130,direct
55317,1,1,direct
55317,2,2,direct
55317,6,6,direct
55317,17,17,direct
55317,23,23,direct
55317,29,29,direct
55339,1,1,direct
55339,2,2,direct
55339,24,241,ancestor
55339,71,241,ancestor
55339,241,241,direct
55358,1,1,direct
55358,4,4,direct
55358,23,23,direct
55375,2,2,direct
55375,3,3,direct
55375,4,4,direct
55375,145,145,direct
55375,181,181,direct
55375,239,239,direct
55383,11,11,direct
55392,1,1,direct
55392,254,254,direct
55407,1,1,direct
55407,2,2,direct
55407,3,3,direct
55407,7,7,direct
55407,245,245,direct
55447,2,2,direct
55447,3,3,direct
55447,111,111,direct
55447,330,330,direct
55447,590,330,ancestor
55455,6,6,direct
55455,23,23,direct
55455,81,81,direct
55463,1,1,direct
55463,2,2,direct
55463,3,3,direct
55463,7,7,direct
55481,4,10,ancestor
55481,10,10,direct
55535,1,1,direct
55535,109,109,direct
55540,33,33,direct
55540,53,53,direct
55542,2,2,direct
55542,3,3,direct
55542,95,95,direct
55549,3,3,direct
55549,331,331,direct
55553,2,2,direct
55553,3,3,direct
55553,11,11,direct
55553,49,49,direct
55562,2,2,direct
55562,3,3,direct
55562,24,589,ancestor
55562,26,26,direct
55562,50,50,direct
55562,51,51,direct
55562,300,300,direct
55562,589,589,direct
55592,2,2,direct
55592,3,3,direct
55592,24,71,ancestor
55592,71,71,direct
55601,1,1,direct
55601,2,2,direct
55601,3,3,direct
55601,5,5,direct
55601,6,6,direct
55601,12,12,direct
55601,60,60,direct
55602,4,10,ancestor
55602,10,10,direct
55622,1,1,direct
55622,2,2,direct
55622,3,3,direct
55622,21,21,direct
55622,24,24,direct
55622,57,57,direct
55641,3,3,direct
55641,8,82,ancestor
55641,12,12,direct
55641,14,14,direct
55641,82,82,direct
55659,1,1,direct
55659,2,2,direct
55659,9,9,direct
55659,33,33,direct
55661,14,14,direct
55661,41,41,direct
55661,590,41,ancestor
55686,3,3,direct
55686,80,80,direct
55712,1,1,direct
55712,2,2,direct
55712,3,3,direct
55712,4,10,ancestor
55712,10,10,direct
55712,114,114,direct
55727,1,1,direct
55727,2,2,direct
55727,3,3,direct
55727,58,58,direct
55727,59,59,direct
55727,85,85,direct
55729,1,1,direct
55729,2,2,direct
55729,12,12,direct
55832,2,2,direct
55832,3,3,direct
55832,80,80,direct
55862,1,1,direct
55862,6,6,direct
55862,12,12,direct
55862,19,19,direct
55869,7,7,direct
55870,1,1,direct
55870,2,2,direct
55870,41,41,direct
55870,590,41,ancestor
55876,1,1,direct
55876,3,3,direct
55876,4,4,direct
55876,180,180,direct
55876,294,294,direct
55884,2,2,direct
55906,3,3,direct
55906,68,68,direct
55906,108,108,direct
55929,2,2,direct
55929,5,5,direct
55929,50,50,direct
55929,201,201,direct
55929,261,261,direct
55942,21,21,direct
55942,24,226,ancestor
55942,57,57,direct
55942,122,122,direct
55942,226,226,direct
55943,23,23,direct
55943,24,589,ancestor
55943,589,589,direct
55946,3,3,direct
55958,2,2,direct
55958,3,3,direct
55958,14,14,direct
55958,178,178,direct
56017,4,4,direct
56017,18,18,direct
56017,221,221,direct
56018,3,3,direct
56018,20,20,direct
56018,23,23,direct
56018,106,106,direct
56018,198,198,direct
56018,590,590,direct
56039,3,3,direct
56054,6,6,direct
56054,8,8,direct
56054,12,12,direct
56081,4,4,direct
56081,7,7,direct
56081,44,44,direct
56081,131,131,direct
56084,12,12,direct
56084,87,87,direct
56131,2,2,direct
56131,3,3,direct
56131,7,7,direct
56131,9,9,direct
56138,1,1,direct
56138,3,3,direct
56138,5,5,direct
56138,6,6,direct
56138,8,567,ancestor
56138,12,12,direct
56138,14,14,direct
56138,27,27,direct
56138,567,567,direct
56172,2,2,direct
56172,6,6,direct
56172,12,12,direct
56172,84,84,direct
56175,142,142,direct
56182,1,1,direct
56182,3,3,direct
56182,23,23,direct
56182,24,589,ancestor
56182,589,589,direct
56251,136,136,direct
56251,142,142,direct
56280,1,1,direct
56280,2,2,direct
56280,11,11,direct
56280,12,12,direct
56280,24,589,ancestor
56280,589,589,direct
56286,2,2,direct
56286,3,3,direct
56286,19,19,direct
56318,1,1,direct
56318,3,3,direct
56318,24,105,ancestor
56318,36,36,direct
56318,71,105,ancestor
56318,105,105,direct
56355,1,1,direct
56355,3,3,direct
56355,382,382,direct
56368,2,2,direct
56368,46,46,direct
56368,50,50,direct
56381,7,7,direct
56394,495,495,direct
56411,1,1,direct
56411,3,3,direct
56411,6,6,direct
56411,8,82,ancestor
56411,82,82,direct
56411,83,83,direct
56417,1,1,split
56417,2,2,split
56417,3,3,split
56417,19,19,direct
56417,89,89,direct
56436,5,5,direct
56436,8,82,ancestor
56436,12,12,direct
56436,14,14,direct
56436,82,82,direct
56480,1,1,direct
56480,2,2,direct
56480,5,5,direct
56480,91,91,direct
56532,1,1,direct
56532,4,4,direct
56532,6,6,direct
56532,19,19,direct
56538,1,1,split
56538,2,2,split
56538,3,3,split
56538,5,5,direct
56538,6,6,direct
56538,11,11,direct
56538,12,12,direct
56538,24,24,direct
56561,3,3,direct
56561,127,127,direct
56561,189,189,direct
56602,29,29,direct
56622,3,3,direct
56622,24,105,ancestor
56622,71,105,ancestor
56622,105,105,direct
56627,1,1,direct
56627,2,2,direct
56627,7,7,direct
56627,19,19,direct
56638,8,8,direct
56638,12,12,direct
56638,84,84,direct
56677,1,1,direct
56677,2,2,direct
56677,11,11,direct
56677,110,110,direct
56678,1,1,direct
56678,2,2,direct
56678,3,3,direct
56678,17,17,direct
56678,84,84,direct
56683,1,1,direct
56683,3,3,direct
56683,4,10,ancestor
56683,10,10,direct
56741,1,1,direct
56741,2,2,direct
56741,227,227,direct
56810,3,3,direct
56810,8,8,direct
56810,44,44,direct
56811,33,33,direct
56811,454,454,direct
56827,2,2,direct
56827,3,3,direct
56827,11,11,direct
56827,111,111,direct
56840,4,10,ancestor
56840,10,10,direct
56840,27,27,direct
56840,148,148,direct
56840,342,342,direct
56840,590,590,direct
56864,3,3,direct
56864,4,4,direct
56864,57,57,direct
56864,85,85,direct
56864,122,122,direct
56873,4,10,ancestor
56873,10,10,direct
56876,145,145,direct
56886,9,9,direct
56886,29,29,direct
56886,41,41,direct
56886,590,41,ancestor
56892,2,2,direct
56892,3,3,direct
56892,24,589,ancestor
56892,80,80,direct
56892,589,589,direct
56929,2,2,direct
56929,70,70,direct
56934,2,2,direct
56934,5,5,direct
56934,7,7,direct
56934,208,208,direct
56967,3,3,direct
56967,134,134,direct
56967,590,590,direct
56969,1,1,split
56969,2,2,split
56969,3,3,split
56969,193,193,direct
56969,201,201,direct
56970,2,2,direct
56970,19,19,direct
56974,1,1,direct
56974,2,2,direct
56974,27,27,direct
56981,2,2,direct
56981,17,17,direct
56981,110,110,direct
56981,151,151,direct
56994,2,2,direct
56994,44,44,direct
57011,3,3,direct
57011,24,24,direct
57011,106,106,direct
57016,1,1,direct
57016,2,2,direct
57016,182,182,direct
57041,1,1,direct
57041,3,3,direct
57041,6,6,direct
57041,97,97,direct
57058,1,1,direct
57058,2,2,direct
57058,3,3,direct
57058,7,7,direct
57072,1,1,direct
57072,2,2,direct
57072,3,3,direct
57072,27,27,direct
57072,108,108,direct
57089,29,29,direct
57092,3,3,direct
57092,8,82,ancestor
57092,82,82,direct
57092,220,220,direct
57131,84,84,direct
57146,1,1,direct
57146,2,2,direct
57146,3,3,direct
57152,3,3,direct
57152,7,7,direct
57152,380,380,direct
57152,590,590,direct
57154,2,2,direct
57154,3,3,direct
57154,50,50,direct
57154,328,328,direct
57184,1,1,direct
57184,3,3,direct
57184,22,22,direct
57184,113,113,direct
57190,1,1,direct
57190,2,2,direct
57190,7,7,direct
57190,14,14,direct
57190,91,91,direct
57220,1,1,direct
57249,3,3,direct
57249,58,140,ancestor
57249,63,63,direct
57249,140,140,direct
57254,145,145,direct
57368,41,41,direct
57368,53,53,direct
57368,103,103,direct
57368,590,41,ancestor
57375,2,2,direct
57375,4,4,direct
57375,11,11,direct
57375,49,49,direct
57375,69,69,direct
57383,2,2,direct
57383,3,3,direct
57416,2,2,direct
57416,7,7,direct
57416,11,11,direct
57426,2,2,direct
57426,9,9,direct
57426,29,29,direct
57426,50,50,direct
57450,1,1,direct
57450,2,2,direct
57450,3,3,direct
57450,4,10,ancestor
57450,10,10,direct
57487,6,6,direct
57487,65,65,direct
57487,98,98,direct
57501,1,1,direct
57501,11,11,direct
57501,23,23,direct
57501,33,33,direct
57536,169,169,direct
57559,1,1,direct
57559,2,2,direct
57559,3,3,direct
57559,8,8,direct
57577,3,3,direct
57577,15,15,direct
57577,24,15,ancestor
57612,6,6,direct
57612,19,19,direct
57612,31,31,direct
57629,2,2,direct
57629,3,3,direct
57629,5,5,direct
57629,11,11,direct
57658,1,1,direct
57658,2,2,direct
57658,165,165,direct
57660,1,1,direct
57660,2,2,direct
57660,3,3,direct
57660,590,590,direct
57674,5,5,direct
57674,14,14,direct
57718,5,5,direct
57718,8,8,direct
57718,52,52,direct
57745,2,2,direct
57745,5,5,direct
57745,33,33,direct
57763,11,11,direct
57763,118,118,direct
57781,3,3,direct
57781,4,32,ancestor
57781,32,32,direct
57781,108,108,direct
57789,2,2,direct
57789,3,3,direct
57797,6,6,direct
57797,7,7,direct
57797,23,23,direct
57797,40,40,direct
57810,33,33,direct
57810,133,133,direct
57831,17,17,direct
57831,59,59,direct
57866,3,3,direct
57866,24,71,ancestor
57866,71,71,direct
57866,112,112,direct
57870,4,10,ancestor
57870,5,5,direct
57870,10,10,direct
57875,2,2,direct
57875,11,11,direct
57875,19,19,direct
57880,1,1,direct
57880,14,14,direct
57880,31,31,direct
57880,33,33,direct
57929,6,6,direct
57929,12,12,direct
57929,24,589,ancestor
57929,589,589,direct
57931,2,2,direct
57931,3,3,direct
57931,332,332,direct
57946,1,1,direct
57946,3,3,direct
57946,391,391,direct
57983,12,12,direct
57983,30,30,direct
57988,3,3,direct
57988,7,7,direct
57988,29,29,direct
57988,189,189,direct
58033,1,1,direct
58033,2,2,direct
58033,3,3,direct
58033,6,6,direct
58033,15,15,direct
58033,16,16,direct
58033,19,19,direct
58033,24,15,ancestor
58034,33,33,direct
58034,108,108,direct
58034,153,153,direct
58041,2,2,direct
58041,29,29,direct
58070,1,1,direct
58070,3,3,direct
58070,4,10,ancestor
58070,10,10,direct
58070,169,169,direct
58116,42,42,direct
58116,485,485,direct
58116,590,590,direct
58135,1,1,direct
58135,2,2,direct
58135,3,3,direct
58135,426,426,direct
58141,2,2,direct
58141,3,3,direct
58186,5,5,direct
58186,6,6,direct
58186,7,7,direct
58186,14,14,direct
58194,2,2,direct
58194,3,3,direct
58194,11,11,direct
58194,14,14,direct
58194,49,49,direct
58212,1,1,direct
58262,1,1,direct
58262,2,2,direct
58262,11,11,direct
58262,91,91,direct
58270,1,1,direct
58270,2,2,direct
58270,9,9,direct
58270,98,98,direct
58313,1,1,direct
58313,9,9,direct
58313,491,491,direct
58338,2,2,direct
58338,3,3,direct
58338,48,48,direct
58338,330,330,direct
58338,590,330,ancestor
58340,3,3,direct
58340,8,8,direct
58350,1,1,direct
58350,7,7,direct
58350,9,9,direct
58350,14,14,direct
58350,23,23,direct
58350,33,33,direct
58350,236,236,direct
58352,2,2,direct
58399,1,1,direct
58399,3,3,direct
58399,7,7,direct
58405,1,1,direct
58405,3,3,direct
58405,4,10,ancestor
58405,10,10,direct
58405,198,198,direct
58413,8,82,ancestor
58413,63,63,direct
58413,82,82,direct
58413,299,299,direct
58420,1,1,direct
58420,2,2,direct
58420,3,3,direct
58433,1,1,direct
58433,3,3,direct
58433,7,7,direct
58454,1,1,direct
58454,3,3,direct
58477,1,1,direct
58477,3,3,direct
58477,108,108,direct
58480,3,3,direct
58489,2,2,direct
58489,18,18,direct
58489,110,110,direct
58490,5,5,direct
58490,7,7,direct
58490,31,31,direct
58490,86,86,direct
58495,221,221,direct
58502,5,5,direct
58502,6,6,direct
58502,12,12,direct
58549,1,1,split
58549,2,2,split
58549,3,3,split
58549,4,4,direct
58549,7,7,direct
58556,3,3,direct
58556,21,21,direct
58556,24,24,direct
58556,57,57,direct
58581,1,1,direct
58581,7,7,direct
58581,14,14,direct
58594,123,123,direct
58610,3,3,direct
58614,1,1,direct
58614,6,6,direct
58614,7,7,direct
58617,1,1,direct
58617,2,2,direct
58617,3,3,direct
58617,532,532,direct
58650,1,1,direct
58650,2,2,direct
58650,3,3,direct
58650,5,5,direct
58650,6,6,direct
58650,11,11,split
58650,12,12,direct
58650,24,589,ancestor
58650,49,49,split
58650,589,589,direct
58696,4,4,direct
58696,7,7,direct
58713,3,3,direct
58713,33,33,direct
58713,294,294,direct
58723,2,2,direct
58723,4,4,direct
58723,6,6,direct
58723,33,33,direct
58723,63,63,direct
58771,3,3,direct
58771,256,256,direct
58814,2,2,direct
58814,3,3,direct
58825,1,1,direct
58825,3,3,direct
58851,2,2,direct
58851,3,3,direct
58851,182,182,direct
58889,2,2,direct
58889,31,31,direct
58948,2,2,direct
58948,3,3,direct
58948,53,53,direct
58948,83,83,direct
58951,1,1,direct
58951,7,7,direct
58952,12,12,direct
58952,14,14,direct
58988,1,1,direct
58988,3,3,direct
58988,9,9,direct
58988,167,167,direct
58997,3,3,direct
58997,6,6,direct
58997,80,80,direct
59018,1,1,direct
59018,3,3,direct
59018,6,6,direct
59018,11,11,direct
59018,15,15,direct
59018,16,16,direct
59018,19,19,direct
59018,24,15,ancestor
59032,1,1,direct
59032,2,2,direct
59032,3,3,direct
59032,23,23,direct
59064,2,2,direct
59064,49,49,direct
59064,130,130,direct
59083,18,18,direct
59083,26,26,direct
59083,376,376,direct
59110,2,2,direct
59110,7,7,direct
59110,254,254,direct
59116,2,2,direct
59116,3,3,direct
59116,80,80,direct
59116,153,153,direct
59128,1,1,direct
59128,3,3,direct
59128,7,7,direct
59128,336,336,direct
59174,1,1,direct
59174,2,2,direct
59174,3,3,direct
59174,153,153,direct
59184,1,1,direct
59184,3,3,direct
59184,7,7,direct
59184,29,29,direct
59229,1,1,direct
59229,3,3,direct
59229,57,57,direct
59229,88,88,direct
59229,108,108,direct
59231,1,1,direct
59231,3,3,direct
59231,24,589,ancestor
59231,589,589,direct
59237,7,7,direct
59237,13,13,direct
59237,23,23,direct
59237,41,41,direct
59237,590,41,ancestor
59242,40,40,direct
59250,1,1,direct
59250,2,2,direct
59250,7,7,direct
59250,11,11,direct
59268,2,2,direct
59268,7,7,direct
59268,254,254,direct
59270,2,2,direct
59270,3,3,direct
59270,7,7,direct
59270,14,14,direct
59279,14,14,direct
59279,110,110,direct
59301,1,1,direct
59301,2,2,direct
59301,3,3,direct
59301,11,11,direct
59301,551,551,direct
59304,2,2,direct
59304,3,3,direct
59304,15,15,direct
59304,24,15,ancestor
59304,27,27,direct
59305,1,1,direct
59305,3,3,direct
59305,4,4,direct
59330,3,3,direct
59330,6,6,direct
59330,27,27,direct
59334,1,1,direct
59334,2,2,direct
59334,3,3,direct
59334,41,41,direct
59334,65,65,direct
59334,229,229,direct
59334,590,41,ancestor
59344,4,4,direct
59344,136,136,direct
59377,2,2,direct
59377,3,3,direct
59377,165,165,direct
59383,2,2,direct
59383,182,182,direct
59440,1,1,direct
59440,2,2,direct
59440,3,3,direct
59440,6,6,direct
59440,11,11,direct
59440,15,15,direct
59440,24,15,ancestor
59440,33,33,direct
59483,2,2,direct
59483,456,456,direct
59490,3,3,direct
59490,7,7,direct
59496,6,6,direct
59496,150,150,direct
59497,1,1,direct
59497,2,2,direct
59497,9,9,direct
59508,3,3,direct
59508,57,57,direct
59521,1,1,direct
59521,3,3,direct
59521,23,23,direct
59547,1,1,direct
59547,4,4,direct
59547,362,362,direct
59571,1,1,direct
59571,14,14,direct
59575,1,1,direct
59575,2,2,direct
59575,3,3,direct
59575,182,182,direct
59588,12,12,direct
59588,30,30,direct
59593,2,2,direct
59615,2,2,direct
59615,147,147,direct
59619,1,1,direct
59619,2,2,direct
59678,11,11,direct
59678,110,110,direct
59684,7,7,direct
59724,1,1,direct
59724,2,2,direct
59724,3,3,direct
59724,27,27,direct
59724,91,91,direct
59726,3,3,direct
59726,4,4,direct
59726,6,6,direct
59726,7,7,direct
59726,33,33,direct
59726,41,41,direct
59726,590,41,ancestor
59727,1,1,split
59727,2,2,split
59727,3,3,split
59727,69,69,direct
59835,1,1,direct
59835,2,2,direct
59835,7,7,direct
59835,24,71,ancestor
59835,71,71,direct
59835,91,91,direct
59890,4,4,direct
59890,31,31,direct
59905,1,1,direct
59905,2,2,direct
59945,4,4,direct
59945,23,23,direct
59947,1,1,direct
59947,7,7,direct
59947,9,9,direct
59947,14,14,direct
59950,1,1,direct
59950,3,3,direct
59950,12,12,direct
59953,1,1,direct
59953,2,2,direct
59953,3,3,direct
59953,5,5,direct
59953,14,14,direct
59953,22,22,direct
59953,98,98,direct
60013,1,1,direct
60013,3,3,direct
60013,19,19,direct
60013,23,23,direct
60013,80,80,direct
60013,261,261,direct
60027,2,2,direct
60027,4,10,ancestor
60027,7,7,direct
60027,10,10,direct
60027,11,11,direct
60042,2,2,direct
60042,3,3,direct
60042,14,14,direct
60042,590,590,direct
60049,2,2,direct
60049,3,3,direct
60049,6,6,direct
60049,8,82,ancestor
60049,82,82,direct
60049,119,119,direct
60049,120,120,direct
60052,2,2,direct
60052,3,3,direct
60052,17,17,direct
60052,33,33,direct
60052,344,344,direct
60069,2,2,direct
60069,29,29,direct
60070,2,2,direct
60070,454,454,direct
60083,1,1,split
60083,3,3,split
60083,91,91,direct
60084,1,1,direct
60084,2,2,direct
60084,3,3,direct
60084,7,7,direct
60084,9,9,direct
60084,323,323,direct
60087,2,2,direct
60107,3,3,direct
60107,24,24,direct
60120,1,1,direct
60120,3,3,direct
60120,15,15,direct
60120,24,15,ancestor
60120,33,33,direct
60120,52,52,direct
60120,60,60,direct
60126,1,1,direct
60126,2,2,direct
60126,3,3,direct
60126,7,7,direct
60126,26,26,direct
60131,1,1,direct
60131,3,3,direct
60131,6,6,direct
60131,11,11,direct
60131,15,15,direct
60131,23,23,direct
60131,24,15,ancestor
60133,2,2,direct
60133,110,110,direct
60140,1,1,split
60140,2,2,split
60140,3,3,split
60140,11,11,direct
60140,12,12,direct
60140,23,23,direct
60140,24,589,ancestor
60140,589,589,direct
60199,8,8,direct
60199,83,83,direct
60199,123,123,direct
60205,1,1,direct
60205,2,2,direct
60205,14,14,direct
60205,33,33,direct
60225,2,2,direct
60225,3,3,direct
60225,70,70,direct
60225,115,115,direct
60240,1,1,direct
60240,2,2,direct
60240,4,4,direct
60240,6,6,direct
60261,2,2,direct
60261,3,3,direct
60261,110,110,direct
60293,2,2,direct
60293,3,3,direct
60293,19,19,direct
60293,110,110,direct
60296,3,3,direct
60296,6,6,direct
60296,23,23,direct
60296,31,31,direct
60296,56,56,direct
60296,59,59,direct
60296,68,68,direct
60296,108,108,direct
60296,118,118,direct
60343,17,17,direct
60343,91,91,direct
60386,1,1,direct
60386,3,3,direct
60386,24,71,ancestor
60386,67,67,direct
60386,71,71,direct
60388,110,110,direct
60450,1,1,direct
60450,4,4,direct
60450,5,5,direct
60450,7,7,direct
60462,11,11,direct
60462,15,15,direct
60462,24,15,ancestor
60468,6,6,direct
60468,15,15,direct
60468,19,19,direct
60468,24,15,ancestor
60472,1,1,direct
60472,3,3,direct
60472,4,10,ancestor
60472,10,10,direct
60472,12,12,direct
60519,2,2,direct
60519,3,3,direct
60519,4,10,ancestor
60519,10,10,direct
60519,101,101,direct
60526,6,6,direct
60526,11,11,direct
60526,33,33,direct
60526,46,46,direct
60542,2,2,direct
60542,3,3,direct
60542,6,6,direct
60542,11,11,direct
60542,24,589,ancestor
60542,589,589,direct
60546,1,1,direct
60546,2,2,direct
60546,3,3,direct
60546,91,91,direct
60547,2,2,direct
60547,514,514,direct
60554,1,1,direct
60554,3,3,direct
60554,8,8,direct
60554,11,11,direct
60554,14,14,direct
60554,27,27,direct
60567,2,2,direct
60567,4,4,direct
60567,104,104,direct
60587,2,2,direct
60606,1,1,direct
60606,3,3,direct
60606,5,5,direct
60606,63,63,direct
60626,113,113,direct
60633,3,3,direct
60633,4,4,direct
60654,17,17,direct
60654,145,145,direct
60683,2,2,direct
60683,83,83,direct
60740,268,268,direct
60752,7,7,direct
60752,52,52,direct
60752,222,222,direct
60752,590,590,direct
60769,1,1,direct
60769,559,559,direct
60791,2,2,direct
60791,11,11,direct
60791,49,49,direct
60791,130,130,direct
60799,14,14,direct
60805,2,2,direct
60825,1,1,direct
60825,75,75,direct
60845,1,1,direct
60845,2,2,direct
60845,3,3,direct
60845,5,5,direct
60845,9,9,direct
60845,27,27,direct
60845,182,182,direct
60856,2,2,direct
60856,5,5,direct
60856,6,6,direct
60856,8,8,direct
60856,14,14,direct
60858,1,1,direct
60858,590,590,direct
60859,7,7,direct
60871,2,2,direct
60871,9,9,direct
60871,91,91,direct
60871,114,114,direct
60871,299,299,direct
60871,501,501,direct
60871,590,501,ancestor
60874,1,1,direct
60874,2,2,direct
60874,3,3,direct
60874,24,24,direct
60874,57,57,direct
60874,169,169,direct
60883,2,2,direct
60883,3,3,direct
60883,11,11,direct
60883,12,12,direct
60889,2,2,direct
60889,3,3,direct
60889,11,11,direct
60889,18,18,direct
60890,1,1,direct
60890,2,2,direct
60890,3,3,direct
60890,4,4,direct
60890,11,11,direct
60919,11,11,direct
60919,12,12,direct
60919,24,24,direct
60958,1,1,direct
60958,2,2,direct
60958,11,11,direct
60978,1,1,direct
60978,2,2,direct
60978,3,3,direct
60978,7,7,direct
60979,2,2,direct
60979,3,3,direct
60979,46,46,direct
60979,91,91,direct
60991,3,3,direct
60991,8,82,ancestor
60991,63,63,direct
60991,82,82,direct
61007,1,1,direct
61007,2,2,direct
61007,3,3,direct
61007,4,4,direct
61007,129,129,direct
61008,108,108,direct
61018,1,1,split
61018,3,3,split
61018,254,254,direct
61037,1,1,direct
61037,2,2,direct
61037,27,27,direct
61055,7,7,direct
61056,2,2,direct
61076,2,2,direct
61076,49,49,direct
61076,257,257,direct
61093,2,2,direct
61093,3,3,direct
61093,41,41,direct
61093,74,74,direct
61093,184,184,direct
61093,302,302,direct
61093,590,41,ancestor
61096,1,1,direct
61096,3,3,direct
61139,1,1,direct
61139,2,2,direct
61139,26,26,direct
61139,78,78,direct
61144,2,2,direct
61144,23,23,direct
61164,11,11,direct
61177,3,3,direct
61177,158,158,direct
61193,2,2,direct
61193,3,3,direct
61231,2,2,direct
61231,7,7,direct
61231,9,9,direct
61231,73,73,direct
61231,181,181,direct
61240,1,1,direct
61240,3,3,direct
61240,84,84,direct
61259,1,1,direct
61259,2,2,direct
61259,3,3,direct
61259,4,10,ancestor
61259,6,6,direct
61259,10,10,direct
61259,63,63,direct
61295,1,1,direct
61295,2,2,direct
61295,12,12,direct
61295,110,110,direct
61309,1,1,direct
61309,7,7,direct
61309,41,41,direct
61309,590,41,ancestor
61320,2,2,direct
61320,3,3,direct
61320,8,8,direct
61325,2,2,direct
61325,7,7,direct
61325,472,472,direct
61329,2,2,direct
61329,3,3,direct
61329,14,14,direct
61329,67,67,direct
61339,2,2,direct
61339,3,3,direct
61339,24,143,ancestor
61339,91,91,direct
61339,123,123,direct
61339,143,143,direct
61374,2,2,direct
61374,6,6,direct
61374,31,31,direct
61397,1,1,direct
61397,2,2,direct
61397,3,3,direct
61397,181,181,direct
61398,23,23,direct
61399,1,1,direct
61399,6,6,direct
61399,7,7,direct
61399,60,60,direct
61413,1,1,direct
61413,2,2,direct
61413,3,3,direct
61413,9,9,direct
61413,18,18,direct
61413,126,126,direct
61424,3,3,direct
61424,9,9,direct
61424,148,148,direct
61433,4,10,ancestor
61433,10,10,direct
61444,1,1,direct
61444,2,2,direct
61444,3,3,direct
61444,4,4,direct
61444,11,11,direct
61444,181,181,direct
61444,184,184,direct
61454,1,1,direct
61454,3,3,direct
61454,23,23,direct
61454,184,184,direct
61455,1,1,direct
61455,2,2,direct
61455,3,3,direct
61455,6,6,direct
61455,11,11,direct
61455,12,12,direct
61455,24,589,ancestor
61455,31,31,direct
61455,589,589,direct
61460,23,23,direct
61460,44,44,direct
61471,1,1,direct
61471,3,3,direct
61471,7,7,direct
61471,18,18,direct
61471,23,23,direct
61487,1,1,direct
61487,126,126,direct
61508,1,1,direct
61508,2,2,direct
61508,3,3,direct
61508,18,18,direct
61508,208,208,direct
61515,1,1,direct
61515,3,3,direct
61515,4,10,ancestor
61515,7,7,direct
61515,10,10,direct
61515,48,48,direct
61515,531,531,direct
61555,277,277,direct
61555,292,277,ancestor
61607,1,1,direct
61607,2,2,direct
61609,12,12,direct
61609,84,84,direct
61637,3,3,direct
61637,6,6,direct
61637,53,53,direct
61637,96,96,direct
61637,189,189,direct
61640,4,37,ancestor
61640,9,9,direct
61640,11,11,split
61640,37,37,direct
61640,49,49,split
61646,1,1,direct
61646,2,2,direct
61646,3,3,direct
61646,4,10,ancestor
61646,10,10,direct
61646,26,26,direct
61646,73,73,direct
61648,1,1,direct
61648,6,6,direct
61648,33,33,direct
61648,53,53,direct
61648,399,399,direct
61653,2,2,direct
61653,165,165,direct
61671,6,6,direct
61671,24,405,ancestor
61671,145,145,direct
61671,405,405,direct
61684,2,2,direct
61702,2,2,direct
61702,18,18,direct
61702,44,44,direct
61733,2,2,direct
61733,3,3,direct
61733,4,10,ancestor
61733,10,10,direct
61733,11,11,direct
61800,2,2,direct
61800,6,6,direct
61800,313,313,direct
61805,7,7,direct
61805,69,69,direct
61835,2,2,direct
61835,30,30,direct
61838,1,1,direct
61838,3,3,direct
61838,14,14,direct
61847,1,1,direct
61847,23,23,direct
61847,44,44,direct
61862,1,1,direct
61862,3,3,direct
61862,293,293,direct
61880,6,6,direct
61893,1,1,split
61893,3,3,split
61893,7,7,direct
61905,1,1,direct
61905,2,2,direct
61905,3,3,direct
61962,5,5,direct
61962,41,41,direct
61962,90,90,direct
61962,590,41,ancestor
61980,2,2,direct
61980,590,590,direct
61994,2,2,direct
61994,3,3,direct
61994,18,18,direct
61994,106,106,direct
61994,184,184,direct
62015,3,3,direct
62015,58,306,ancestor
62015,306,306,direct
62046,1,1,direct
62046,2,2,direct
62046,3,3,direct
62046,24,24,direct
62051,5,5,direct
62051,6,6,direct
62051,20,20,direct
62051,58,58,direct
62075,2,2,direct
62075,8,8,direct
62075,40,40,direct
62080,1,1,direct
62080,3,3,direct
62080,64,64,direct
62114,14,14,direct
62124,1,1,direct
62124,3,3,direct
62124,8,82,ancestor
62124,59,59,direct
62124,82,82,direct
62137,3,3,direct
62137,4,4,direct
62142,8,82,ancestor
62142,63,63,direct
62142,82,82,direct
62151,1,1,direct
62151,2,2,direct
62151,118,118,direct
62169,80,80,direct
62223,4,4,direct
62223,14,14,direct
62244,1,1,direct
62244,2,2,direct
62244,9,9,direct
62244,12,12,direct
62244,17,17,direct
62313,24,589,ancestor
62313,589,589,direct
62329,11,11,split
62329,33,33,direct
62329,49,49,split
62336,15,15,direct
62336,24,15,ancestor
62336,53,53,direct
62336,93,93,direct
62336,114,114,direct
62370,5,5,direct
62370,14,14,direct
62370,22,22,direct
62370,294,294,direct
62370,590,590,direct
62403,3,3,direct
62403,9,9,direct
62403,14,14,direct
62403,167,167,direct
62417,7,7,direct
62417,14,14,direct
62417,41,41,direct
62417,590,41,ancestor
62431,1,1,direct
62431,2,2,direct
62431,3,3,direct
62431,126,126,direct
62445,7,7,direct
62445,14,14,direct
62451,5,5,direct
62451,7,7,direct
62451,66,66,direct
62453,2,2,direct
62453,5,5,direct
62453,7,7,direct
62453,11,11,direct
62469,36,36,direct
62469,118,118,direct
62505,7,7,direct
62505,48,48,direct
62513,1,1,direct
62513,7,7,direct
62513,254,254,direct
62530,168,168,direct
62568,1,1,split
62568,2,2,split
62568,3,3,split
62568,21,21,direct
62568,24,226,ancestor
62568,226,226,direct
62594,1,1,direct
62594,4,10,ancestor
62594,6,6,direct
62594,7,7,direct
62594,10,10,direct
62594,23,23,direct
62597,4,10,ancestor
62597,10,10,direct
62597,150,150,direct
62597,151,151,direct
62612,2,2,direct
62612,136,136,direct
62632,5,5,direct
62632,41,41,direct
62632,69,69,direct
62632,590,41,ancestor
62643,1,1,direct
62643,2,2,direct
62643,18,18,direct
62643,46,46,direct
62646,1,1,direct
62646,73,73,direct
62675,5,5,direct
62675,6,6,direct
62675,11,11,direct
62675,399,399,direct
62676,1,1,direct
62676,8,8,direct
62676,40,40,direct
62683,11,11,direct
62683,58,58,direct
62690,1,1,direct
62690,2,2,direct
62690,3,3,direct
62690,6,6,direct
62690,18,18,direct
62690,19,19,direct
62690,33,33,direct
62735,2,2,direct
62735,6,6,direct
62735,81,81,direct
62735,208,208,direct
62746,14,14,direct
62746,218,218,direct
62749,3,3,direct
62749,112,112,direct
62757,2,2,direct
62758,3,3,direct
62758,6,6,direct
62758,19,19,direct
62758,104,104,direct
62778,2,2,direct
62783,1,1,direct
62783,3,3,direct
62783,76,76,direct
62788,1,1,direct
62788,2,2,direct
62788,3,3,direct
62788,24,589,ancestor
62788,27,27,direct
62788,589,589,direct
62810,1,1,direct
62810,2,2,direct
62810,3,3,direct
62810,24,143,ancestor
62810,106,106,direct
62810,143,143,direct
62828,11,11,direct
62828,50,50,direct
62828,236,236,direct
62838,7,7,direct
62838,24,241,ancestor
62838,71,241,ancestor
62838,241,241,direct
62846,2,2,direct
62846,3,3,direct
62846,12,12,direct
62850,1,1,direct
62850,2,2,direct
62850,3,3,direct
62850,6,6,direct
62850,11,11,direct
62850,171,171,direct
62861,1,1,direct
62861,18,18,direct
62864,36,36,direct
62871,1,1,direct
62871,4,10,ancestor
62871,10,10,direct
62890,1,1,direct
62890,2,2,direct
62890,3,3,direct
62890,7,7,direct
62891,15,15,direct
62891,24,15,ancestor
62891,80,80,direct
62925,2,2,direct
62925,3,3,direct
62925,11,11,direct
62961,11,11,direct
62961,91,91,direct
62961,106,106,direct
62968,7,7,direct
62968,48,48,direct
62989,1,1,direct
62989,3,3,direct
62989,63,63,direct
63046,2,2,direct
63046,3,3,direct
63046,4,10,ancestor
63046,10,10,direct
63046,198,198,direct
63049,8,152,ancestor
63049,30,30,direct
63049,152,152,direct
63053,11,11,direct
63081,1,1,direct
63081,3,3,direct
63081,391,391,direct
63088,1,1,direct
63088,59,59,direct
63116,4,4,direct
63121,1,1,direct
63121,2,2,direct
63121,3,3,direct
63121,7,7,direct
63121,33,33,direct
63137,5,5,direct
63137,31,31,direct
63158,1,1,direct
63158,3,3,direct
63158,316,316,direct
63172,9,9,direct
63172,19,19,direct
63181,1,1,direct
63181,7,7,direct
63193,1,1,direct
63193,3,3,direct
63193,6,6,direct
63193,11,11,direct
63193,33,33,direct
63301,3,3,direct
63301,5,5,direct
63301,8,82,ancestor
63301,63,63,direct
63301,82,82,direct
63326,2,2,direct
63326,33,33,direct
63326,41,41,direct
63326,83,83,direct
63326,104,104,direct
63326,590,41,ancestor
63332,5,5,direct
63332,6,6,direct
63332,7,7,direct
63332,23,23,direct
63333,1,1,direct
63333,3,3,direct
63333,4,4,direct
63333,6,6,direct
63333,64,64,direct
63333,96,96,direct
63334,2,2,direct
63334,4,4,direct
63334,19,19,direct
63345,1,1,direct
63345,3,3,direct
63345,396,396,direct
63347,5,5,direct
63347,26,26,direct
63347,371,371,direct
63354,3,3,direct
63354,340,340,direct
63361,1,1,direct
63361,6,6,direct
63361,13,13,direct
63368,1,1,direct
63368,5,5,direct
63368,6,6,direct
63368,9,9,direct
63368,12,12,direct
63368,19,19,direct
63368,28,28,direct
63368,81,81,direct
63368,323,323,direct
63368,523,523,direct
63442,2,2,direct
63442,3,3,direct
63442,9,9,direct
63457,1,1,split
63457,2,2,split
63457,3,3,split
63457,8,8,direct
63457,11,11,split
63457,49,49,split
63457,52,52,direct
63459,1,1,direct
63459,4,4,direct
63459,131,131,direct
63472,2,2,direct
63472,3,3,direct
63472,110,110,direct
63475,3,3,direct
63475,4,10,ancestor
63475,6,6,direct
63475,10,10,direct
63475,33,33,direct
63519,2,2,direct
63535,2,2,direct
63535,130,130,direct
63569,1,1,direct
63569,2,2,direct
63569,3,3,direct
63569,342,342,direct
63571,108,108,direct
63581,1,1,direct
63581,7,7,direct
63581,11,11,direct
63581,49,49,direct
63612,7,7,direct
63612,41,41,direct
63612,590,41,ancestor
63619,2,2,direct
63619,184,184,direct
63657,2,2,direct
63657,3,3,direct
63657,4,10,ancestor
63657,5,5,direct
63657,10,10,direct
63660,2,2,direct
63660,3,3,direct
63660,18,18,direct
63660,414,414,direct
63689,3,3,direct
63689,7,7,direct
63689,33,33,direct
63689,590,590,direct
63693,1,1,direct
63693,3,3,direct
63693,265,265,direct
63721,24,24,direct
63739,8,152,ancestor
63739,138,138,direct
63739,152,152,direct
63764,156,156,direct
63786,1,1,direct
63786,3,3,direct
63786,24,24,direct
63786,27,27,direct
63792,1,1,direct
63792,4,4,direct
63792,7,7,direct
63792,80,80,direct
63817,1,1,split
63817,2,2,split
63817,3,3,split
63817,6,6,direct
63817,15,15,direct
63817,18,18,direct
63817,24,15,ancestor
63817,33,33,direct
63817,83,83,direct
63817,201,201,direct
63844,2,2,direct
63844,3,3,direct
63844,78,78,direct
63844,81,81,direct
63847,1,1,direct
63864,2,2,direct
63873,1,1,split
63873,2,2,split
63873,3,3,split
63873,4,37,ancestor
63873,6,6,direct
63873,7,7,direct
63873,11,11,direct
63873,37,37,direct
63883,1,1,direct
63883,3,3,direct
63883,24,216,ancestor
63883,216,216,direct
63883,333,333,direct
63889,7,7,direct
63889,11,11,direct
63889,67,67,direct
63931,87,87,direct
63931,265,265,direct
63934,9,9,direct
63947,1,1,direct
63947,3,3,direct
63947,4,225,ancestor
63947,7,7,direct
63947,225,225,direct
63951,36,36,direct
63964,4,10,ancestor
63964,5,5,direct
63964,7,7,direct
63964,10,10,direct
63964,23,23,direct
63986,6,6,direct
63986,33,33,direct
63986,96,96,direct
63986,109,109,direct
63991,7,7,direct
63992,3,3,direct
63992,4,10,ancestor
63992,10,10,direct
64001,1,1,direct
64001,2,2,direct
64001,11,11,direct
64021,1,1,direct
64021,11,11,direct
64021,49,49,direct
64036,1,1,direct
64036,2,2,direct
64036,18,18,direct
64036,70,70,direct
64036,111,111,direct
64053,3,3,direct
64053,21,21,direct
64053,24,24,direct
64053,57,57,direct
64053,146,146,direct
64094,2,2,direct
64094,151,151,direct
64108,3,3,direct
64108,21,21,direct
64108,24,143,ancestor
64108,57,57,direct
64108,143,143,direct
64108,196,196,direct
64126,2,2,direct
64126,12,12,direct
64126,18,18,direct
64126,26,26,direct
64147,1,1,direct
64147,2,2,direct
64147,7,7,direct
64147,40,40,direct
64153,4,10,ancestor
64153,10,10,direct
64153,11,11,direct
64153,18,18,direct
64153,362,362,direct
64198,7,7,direct
64207,2,2,direct
64207,3,3,direct
64207,8,338,ancestor
64207,49,49,direct
64207,285,285,direct
64207,338,338,direct
64221,1,1,direct
64221,282,282,direct
64242,2,2,direct
64242,17,17,direct
64242,29,29,direct
64247,1,1,direct
64247,2,2,direct
64247,14,14,direct
64267,3,3,direct
64267,8,8,direct
64282,1,1,direct
64282,3,3,direct
64285,2,2,direct
64285,14,14,direct
64285,110,110,direct
64330,1,1,direct
64330,46,46,direct
64365,7,7,direct
64365,337,337,direct
64370,11,11,direct
64370,48,48,direct
64376,1,1,direct
64376,2,2,direct
64376,3,3,direct
64376,12,12,direct
64376,18,18,direct
64376,36,36,direct
64376,201,201,direct
64400,2,2,direct
64409,1,1,direct
64409,2,2,direct
64409,5,5,direct
64409,12,12,direct
64409,24,589,ancestor
64409,589,589,direct
64413,1,1,direct
64413,3,3,direct
64456,2,2,direct
64456,3,3,direct
64456,58,306,ancestor
64456,80,80,direct
64456,306,306,direct
64465,1,1,direct
64465,3,3,direct
64465,4,4,direct
64465,221,221,direct
64494,3,3,direct
64494,24,143,ancestor
64494,143,143,direct
64529,7,7,direct
64529,23,23,direct
64529,92,92,direct
64553,2,2,direct
64553,53,53,direct
64578,1,1,direct
64578,3,3,direct
64578,36,36,direct
64578,41,41,direct
64578,590,41,ancestor
64587,4,4,direct
64587,18,18,direct
64587,80,80,direct
64594,1,1,direct
64594,2,2,split
64594,3,3,split
64606,2,2,direct
64606,165,165,direct
64608,2,2,direct
64608,11,11,direct
64608,12,12,direct
64608,110,110,direct
64640,3,3,direct
64640,174,174,direct
64655,2,2,direct
64655,4,4,direct
64655,5,5,direct
64655,84,84,direct
64659,83,83,direct
64659,142,142,direct
64703,2,2,direct
64703,3,3,direct
64703,17,17,direct
64703,50,50,direct
64833,8,8,direct
64841,1,1,direct
64841,7,7,direct
64841,97,97,direct
64850,11,11,direct
64850,12,12,direct
64850,24,589,ancestor
64850,589,589,direct
64865,1,1,direct
64865,3,3,direct
64865,101,101,direct
64870,2,2,direct
64880,6,6,direct
64880,23,23,direct
64881,1,1,direct
64881,171,171,direct
64895,1,1,direct
64895,7,7,direct
64898,1,1,split
64898,2,2,direct
64898,3,3,split
64898,4,4,direct
64898,44,44,direct
64907,11,11,direct
64909,38,38,direct
64909,64,64,direct
64909,166,166,direct
64909,267,267,direct
64909,521,521,direct
64942,18,18,direct
64942,151,151,direct
64948,4,10,ancestor
64948,10,10,direct
64948,110,110,direct
64948,265,265,direct
64950,2,2,direct
64950,4,4,direct
64950,7,7,direct
64950,91,91,direct
64978,1,1,direct
64978,2,2,direct
64978,7,7,direct
64978,9,9,direct
64978,58,58,direct
64999,3,3,direct
64999,9,9,direct
64999,17,17,direct
65005,8,82,ancestor
65005,57,57,direct
65005,63,63,direct
65005,82,82,direct
65082,171,171,direct
65082,222,222,direct
65086,1,1,direct
65086,2,2,direct
65086,3,3,direct
65086,9,9,direct
65086,70,70,direct
65091,4,4,direct
65091,6,6,direct
65091,30,30,direct
65091,47,47,direct
65149,1,1,direct
65149,24,24,direct
65149,36,36,direct
65149,228,228,direct
65159,1,1,direct
65159,2,2,direct
65159,3,3,direct
65159,4,10,ancestor
65159,10,10,direct
65159,84,84,direct
65160,2,2,direct
65160,14,14,direct
65160,456,456,direct
65168,1,1,direct
65168,2,2,direct
65168,3,3,direct
65168,6,6,direct
65168,9,9,direct
65168,81,81,direct
65199,1,1,direct
65199,2,2,direct
65199,3,3,direct
65199,254,254,direct
65203,2,2,direct
65203,3,3,direct
65203,60,60,direct
65219,2,2,direct
65219,3,3,direct
65219,4,10,ancestor
65219,10,10,direct
65226,7,7,direct
65247,2,2,direct
65247,27,27,direct
65247,49,49,direct
65247,80,80,direct
65260,1,1,split
65260,2,2,split
65260,3,3,split
65260,7,7,direct
65260,29,29,direct
65260,590,590,direct
65261,14,14,direct
65261,15,15,direct
65261,24,15,ancestor
65261,52,52,direct
65261,53,53,direct
65261,63,63,direct
65276,2,2,direct
65276,3,3,direct
65276,4,4,direct
65276,6,6,direct
65276,83,83,direct
65291,1,1,direct
65291,17,17,direct
65291,23,23,direct
65291,41,41,direct
65291,590,41,ancestor
65328,12,12,direct
65392,3,3,direct
65392,5,5,direct
65392,11,11,direct
65392,49,49,direct
65392,104,104,direct
65392,171,171,direct
65436,27,27,direct
65462,1,1,split
65462,2,2,split
65462,3,3,split
65462,11,11,direct
65462,91,91,direct
65462,340,340,direct
65472,1,1,split
65472,2,2,split
65472,3,3,split
65472,5,5,direct
65472,15,15,direct
65472,24,15,ancestor
65510,1,1,direct
65510,11,11,direct
65510,252,252,direct
65516,1,1,direct
65516,23,23,direct
65531,1,1,direct
65531,2,2,direct
65531,3,3,direct
65531,108,108,direct
65531,242,242,direct
65538,3,3,direct
65538,14,14,direct
65538,178,178,direct
65555,1,1,split
65555,2,2,split
65555,3,3,split
65555,17,17,direct
65555,227,227,direct
65588,3,3,direct
65588,27,27,direct
65639,2,2,direct
65639,6,6,direct
65639,33,33,direct
65652,1,1,direct
65652,91,91,direct
65679,2,2,direct
65679,3,3,direct
65679,58,140,ancestor
65679,140,140,direct
65684,1,1,direct
65684,3,3,direct
65684,9,9,direct
65684,24,589,ancestor
65684,27,27,direct
65684,589,589,direct
65716,4,4,direct
65716,6,6,direct
65745,2,2,direct
65748,2,2,direct
65748,50,50,direct
65748,111,111,direct
65768,6,6,direct
65768,7,7,direct
65768,19,19,direct
65768,100,100,direct
65768,166,166,direct
65785,1,1,direct
65785,3,3,direct
65785,6,6,direct
65785,85,85,direct
65788,14,14,direct
65788,108,108,direct
65800,1,1,direct
65800,2,2,direct
65800,4,4,direct
65808,2,2,direct
65808,11,11,direct
65808,18,18,direct
65808,46,46,direct
65836,2,2,direct
65836,3,3,direct
65836,109,109,direct
65844,1,1,direct
65844,2,2,direct
65844,3,3,direct
65844,5,5,direct
65844,11,11,direct
65852,1,1,direct
65852,7,7,direct
65861,23,23,direct
65861,59,59,direct
65878,4,10,ancestor
65878,10,10,direct
65918,30,30,direct
66044,2,2,direct
66044,7,7,direct
66044,14,14,direct
66044,41,41,direct
66044,590,41,ancestor
66045,5,5,direct
66045,60,60,direct
66045,110,110,direct
66055,2,2,direct
66055,11,11,direct
66055,110,110,direct
66082,1,1,direct
66082,3,3,direct
66082,9,9,direct
66082,181,181,direct
66082,239,239,direct
66129,1,1,direct
66129,2,2,direct
66129,93,93,direct
66129,95,95,direct
66148,1,1,direct
66148,2,2,direct
66148,18,18,direct
66148,24,24,direct
66148,228,228,direct
66187,1,1,split
66187,2,2,split
66187,3,3,split
66187,108,108,direct
66196,1,1,direct
66196,2,2,direct
66196,3,3,direct
66203,2,2,direct
66208,2,2,direct
66208,3,3,direct
66208,24,71,ancestor
66208,71,71,direct
66211,1,1,direct
66211,2,2,direct
66211,3,3,direct
66211,4,10,ancestor
66211,10,10,direct
66213,1,1,direct
66213,3,3,direct
66213,58,58,direct
66233,4,4,direct
66233,7,7,direct
66240,3,3,direct
66240,4,10,ancestor
66240,6,6,direct
66240,10,10,direct
66240,11,11,direct
66240,18,18,direct
66267,1,1,direct
66267,3,3,direct
66267,11,11,direct
66267,24,589,ancestor
66267,589,589,direct
66292,3,3,direct
66292,171,171,direct
66292,258,258,direct
66306,7,7,direct
66306,265,265,direct
66317,14,14,direct
66317,29,29,direct
66328,3,3,direct
66328,24,216,ancestor
66328,216,216,direct
66335,1,1,direct
66335,2,2,direct
66335,3,3,direct
66335,8,8,direct
66335,73,73,direct
66337,7,7,direct
66337,11,11,direct
66364,49,49,direct
66370,1,1,split
66370,2,2,split
66370,3,3,split
66370,4,10,ancestor
66370,10,10,direct
66370,11,11,direct
66376,2,2,direct
66376,12,12,direct
66376,36,36,direct
66376,115,115,direct
66405,1,1,direct
66405,12,12,direct
66482,1,1,direct
66482,3,3,direct
66482,58,58,direct
66488,3,3,direct
66488,17,17,direct
66488,27,27,direct
66495,1,1,direct
66495,3,3,direct
66495,22,22,direct
66495,52,52,direct
66495,156,156,direct
66530,1,1,direct
66530,2,2,direct
66530,4,10,ancestor
66530,10,10,direct
66530,92,92,direct
66544,7,7,direct
66552,2,2,direct
66552,7,7,direct
66552,362,362,direct
66584,2,2,direct
66584,29,29,direct
66611,1,1,direct
66638,2,2,direct
66638,3,3,direct
66638,48,48,direct
66661,1,1,direct
66661,2,2,direct
66661,7,7,direct
66688,3,3,direct
66688,4,4,direct
66688,6,6,direct
66688,7,7,direct
66688,65,65,direct
66688,93,93,direct
66689,3,3,direct
66689,11,11,direct
66689,49,49,direct
66695,7,7,direct
66695,48,48,direct
66695,138,138,direct
66742,3,3,direct
66742,9,9,direct
66742,347,347,direct
66785,5,5,direct
66785,6,6,direct
66805,11,11,direct
66839,1,1,direct
66852,2,2,direct
66852,3,3,direct
66852,4,10,ancestor
66852,10,10,direct
66852,49,49,direct
66868,1,1,direct
66868,4,4,direct
66868,17,17,direct
66868,29,29,direct
66878,5,5,direct
66878,11,11,direct
66878,112,112,direct
66878,292,292,direct
66878,449,449,direct
66906,2,2,direct
66906,27,27,direct
66906,91,91,direct
66922,1,1,direct
66922,33,33,direct
66922,49,49,direct
66939,1,1,direct
66939,3,3,direct
66939,12,12,direct
66978,1,1,direct
66978,317,317,direct
66991,2,2,direct
66991,22,22,direct
67021,2,2,direct
67021,3,3,direct
67021,11,11,direct
67021,14,14,direct
67021,110,110,direct
67059,1,1,direct
67059,2,2,direct
67059,8,152,ancestor
67059,18,18,direct
67059,152,152,direct
67088,2,2,direct
67104,1,1,direct
67104,2,2,direct
67104,17,17,direct
67104,46,46,direct
67110,511,511,direct
67166,7,7,direct
67166,11,11,direct
67182,3,3,direct
67182,4,10,ancestor
67182,10,10,direct
67205,7,7,direct
67205,11,11,direct
67254,2,2,direct
67254,3,3,direct
67254,11,11,direct
67254,18,18,direct
67254,106,106,direct
67265,1,1,direct
67265,3,3,direct
67265,7,7,direct
67265,8,8,direct
67265,9,9,direct
67265,20,20,direct
67285,1,1,direct
67285,3,3,direct
67285,11,11,direct
67285,15,15,direct
67285,24,15,ancestor
67289,2,2,direct
67289,168,168,direct
67290,9,9,direct
67290,16,16,direct
67290,18,18,direct
67290,33,33,direct
67320,3,3,direct
67320,24,24,direct
67330,1,1,direct
67330,5,5,direct
67330,6,6,direct
67330,12,12,direct
67333,2,2,direct
67333,4,37,ancestor
67333,11,11,direct
67333,33,33,direct
67333,37,37,direct
67334,1,1,split
67334,2,2,split
67334,3,3,split
67334,5,5,direct
67334,6,6,direct
67334,8,155,ancestor
67334,12,12,direct
67334,155,155,direct
67360,1,1,direct
67360,2,2,direct
67360,3,3,direct
67360,8,82,ancestor
67360,12,12,direct
67360,82,82,direct
67377,7,7,direct
67377,14,14,direct
67417,7,7,direct
67417,9,9,direct
67464,9,9,direct
67464,14,14,direct
67464,33,33,direct
67464,46,46,direct
67465,118,118,direct
67474,3,3,direct
67474,288,288,direct
67475,3,3,direct
67475,29,29,direct
67478,58,140,ancestor
67478,140,140,direct
67486,2,2,direct
67486,76,76,direct
67574,2,2,direct
67574,18,18,direct
67630,518,518,direct
67635,1,1,direct
67635,356,356,direct
67635,590,356,ancestor
67666,178,178,direct
67681,2,2,direct
67681,3,3,direct
67682,2,2,direct
67682,3,3,direct
67682,18,18,direct
67682,24,589,ancestor
67682,111,111,direct
67682,589,589,direct
67695,12,12,direct
67695,66,66,direct
67711,2,2,direct
67711,4,4,direct
67711,17,17,direct
67720,2,2,direct
67720,3,3,direct
67720,4,10,ancestor
67720,10,10,direct
67720,208,208,direct
67724,1,1,direct
67724,6,6,direct
67724,70,70,direct
67751,31,31,direct
67768,6,6,direct
67768,7,7,direct
67768,15,15,direct
67768,24,15,ancestor
67768,41,41,direct
67768,590,41,ancestor
67787,36,36,direct
67787,89,89,direct
67792,3,3,direct
67792,8,8,direct
67792,11,11,direct
67807,1,1,direct
67807,2,2,direct
67807,12,12,direct
67852,1,1,direct
67852,3,3,direct
67852,50,50,direct
67852,425,425,direct
67859,5,5,direct
67859,7,7,direct
67859,24,589,ancestor
67859,589,589,direct
67876,1,1,direct
67880,2,2,direct
67880,3,3,direct
67880,11,11,direct
67880,171,171,direct
67881,1,1,direct
67881,2,2,direct
67881,3,3,direct
67881,5,5,direct
67881,6,6,direct
67881,8,8,direct
67881,12,12,direct
67881,14,14,direct
67889,2,2,direct
67889,48,48,direct
67902,3,3,direct
67902,5,5,direct
67912,1,1,direct
67912,3,3,direct
67912,7,7,direct
67912,14,14,direct
67918,6,6,direct
67918,23,23,direct
67918,27,27,direct
67934,4,10,ancestor
67934,10,10,direct
67934,63,63,direct
67947,3,3,direct
67947,8,8,direct
67951,2,2,direct
67951,7,7,direct
67951,40,40,direct
67951,294,294,direct
67986,264,264,direct
68003,2,2,direct
68003,3,3,direct
68014,2,2,direct
68023,1,1,direct
68023,11,11,direct
68023,12,12,direct
68059,1,1,direct
68059,2,2,direct
68059,3,3,direct
68059,156,156,direct
68071,24,241,ancestor
68071,71,241,ancestor
68071,241,241,direct
68078,3,3,direct
68078,246,246,direct
68078,333,333,direct
68118,3,3,direct
68118,12,12,direct
68128,2,2,direct
68128,23,23,direct
68128,69,69,direct
68192,2,2,direct
68192,17,17,direct
68192,362,362,direct
68261,7,7,direct
68261,14,14,direct
68313,22,22,direct
68313,53,53,direct
68313,182,182,direct
68317,5,5,direct
68317,24,589,ancestor
68317,589,589,direct
68324,1,1,direct
68324,3,3,direct
68348,1,1,direct
68349,3,3,direct
68349,11,11,direct
68349,18,18,direct
68349,83,83,direct
68373,1,1,direct
68384,2,2,direct
68384,3,3,direct
68384,19,19,direct
68429,3,3,direct
68429,47,47,direct
68430,2,2,direct
68430,3,3,direct
68430,91,91,direct
68430,106,106,direct
68431,7,7,direct
68431,41,41,direct
68431,590,41,ancestor
68459,1,1,direct
68459,3,3,direct
68459,6,6,direct
68459,11,11,direct
68470,2,2,direct
68470,3,3,direct
68528,2,2,direct
68528,3,3,direct
68528,5,5,direct
68528,11,11,direct
68528,49,49,direct
68528,78,78,direct
68535,6,6,direct
68535,9,9,direct
68535,12,12,direct
68535,15,15,direct
68535,19,19,direct
68535,23,23,direct
68535,24,15,ancestor
68535,27,27,direct
68535,36,36,direct
68535,53,53,direct
68535,70,70,direct
68544,1,1,direct
68544,2,2,direct
68544,6,6,direct
68544,7,7,direct
68544,31,31,direct
68562,2,2,direct
68562,3,3,direct
68582,1,1,direct
68582,20,20,direct
68584,19,19,direct
68584,33,33,direct
68584,41,41,direct
68584,590,41,ancestor
68600,2,2,direct
68696,3,3,direct
68696,11,11,direct
68696,171,171,direct
68712,1,1,direct
68712,7,7,direct
68712,14,14,direct
68721,3,3,direct
68721,41,41,direct
68721,48,48,direct
68721,590,41,ancestor
68787,1,1,direct
68787,4,10,ancestor
68787,10,10,direct
68787,186,186,direct
68800,221,221,direct
68811,2,2,direct
68811,3,3,direct
68811,16,16,direct
68811,87,87,direct
68811,201,201,direct
68846,1,1,direct
68846,2,2,direct
68846,3,3,direct
68846,70,70,direct
68854,7,7,direct
68854,149,149,direct
68929,18,18,direct
68929,80,80,direct
68954,4,10,ancestor
68954,5,5,direct
68954,10,10,direct
68954,11,11,direct
68954,12,12,direct
68954,110,110,direct
68959,1,1,direct
68959,2,2,direct
68959,3,3,direct
68959,24,589,ancestor
68959,36,36,direct
68959,589,589,direct
69006,7,7,direct
69014,6,6,direct
69014,13,13,direct
69019,3,3,direct
69019,11,11,direct
69066,6,6,direct
69066,12,12,direct
69066,23,23,direct
69066,33,33,direct
69088,5,5,direct
69095,1,1,direct
69095,2,2,direct
69095,3,3,direct
69095,110,110,direct
69127,1,1,direct
69127,12,12,direct
69129,2,2,direct
69129,265,265,direct
69167,2,2,direct
69167,9,9,direct
69167,16,16,direct
69167,19,19,direct
69167,26,26,direct
69177,84,84,direct
69177,508,508,direct
69181,151,151,direct
69197,12,12,direct
69197,129,129,direct
69197,362,362,direct
69210,4,10,ancestor
69210,6,6,direct
69210,7,7,direct
69210,10,10,direct
69219,4,10,ancestor
69219,7,7,direct
69219,10,10,direct
69219,19,19,direct
69228,5,5,direct
69228,6,6,direct
69228,7,7,direct
69228,53,53,direct
69228,66,66,direct
69244,4,4,direct
69244,5,5,direct
69244,6,6,direct
69259,2,2,direct
69259,3,3,direct
69259,75,75,direct
69259,282,282,direct
69263,1,1,direct
69263,9,9,direct
69263,11,11,direct
69263,78,78,direct
69288,1,1,direct
69288,2,2,direct
69288,3,3,direct
69288,49,49,direct
69288,87,87,direct
69289,2,2,direct
69289,3,3,direct
69329,2,2,direct
69329,12,12,direct
69329,17,17,direct
69329,23,23,direct
69329,24,24,direct
69329,96,96,direct
69329,208,208,direct
69332,3,3,direct
69338,5,5,direct
69338,11,11,direct
69338,14,14,direct
69338,22,22,direct
69338,103,103,direct
69338,132,132,direct
69363,1,1,direct
69363,57,57,direct
69363,127,127,direct
69363,189,189,direct
69374,1,1,direct
69374,3,3,direct
69374,242,242,direct
69376,1,1,direct
69376,2,2,direct
69376,3,3,direct
69376,9,9,direct
69376,58,140,ancestor
69376,63,63,direct
69376,140,140,direct
69380,1,1,direct
69380,2,2,direct
69380,3,3,direct
69380,6,6,direct
69380,11,11,direct
69380,12,12,direct
69380,24,589,ancestor
69380,589,589,direct
69422,2,2,direct
69422,11,11,split
69422,50,50,split
69422,208,208,direct
69435,2,2,direct
69435,4,4,direct
69435,14,14,direct
69435,110,110,direct
69452,1,1,direct
69452,3,3,direct
69452,9,9,direct
69452,95,95,direct
69452,115,115,direct
69452,467,467,direct
69476,1,1,direct
69476,2,2,direct
69476,3,3,direct
69476,7,7,direct
69476,8,8,direct
69478,7,7,direct
69478,19,19,direct
69529,1,1,direct
69529,2,2,direct
69529,5,5,direct
69529,8,275,ancestor
69529,63,63,direct
69529,275,275,direct
69532,2,2,direct
69532,3,3,direct
69532,130,130,direct
69535,1,1,direct
69535,7,7,direct
69535,138,138,direct
69544,1,1,direct
69544,2,2,direct
69544,3,3,direct
69544,4,4,direct
69544,108,108,direct
69563,93,93,direct
69596,3,3,direct
69596,80,80,direct
69622,1,1,direct
69622,2,2,direct
69622,3,3,direct
69622,9,9,direct
69622,92,92,direct
69626,41,41,direct
69626,590,41,ancestor
69630,11,11,direct
69630,58,58,direct
69631,1,1,direct
69631,362,362,direct
69643,1,1,direct
69643,2,2,direct
69643,91,91,direct
69643,111,111,direct
69653,1,1,direct
69653,6,6,direct
69653,103,103,direct
69658,2,2,direct
69658,9,9,direct
69658,12,12,direct
69658,18,18,direct
69659,21,21,direct
69659,28,28,direct
69698,8,8,direct
69698,11,11,direct
69702,2,2,direct
69702,142,142,direct
69709,1,1,direct
69709,3,3,direct
69709,7,7,direct
69709,63,63,direct
69709,126,126,direct
69867,1,1,split
69867,2,2,split
69867,3,3,split
69867,26,26,direct
69888,6,6,direct
69888,11,11,direct
69911,1,1,direct
69911,2,2,direct
69911,3,3,direct
69911,24,24,direct
69911,73,73,direct
69955,1,1,direct
69955,2,2,direct
69955,3,3,direct
69955,9,9,direct
69955,24,143,ancestor
69955,143,143,direct
69960,1,1,direct
69960,2,2,direct
69960,3,3,direct
69960,5,5,direct
69960,24,241,ancestor
69960,71,241,ancestor
69960,241,241,direct
69966,1,1,direct
69966,3,3,direct
69966,6,6,direct
69966,7,7,direct
69966,15,15,direct
69966,23,23,direct
69966,24,15,ancestor
69975,1,1,direct
69975,7,7,direct
69987,7,7,direct
69987,14,14,direct
70061,2,2,direct
70061,4,215,ancestor
70061,7,7,direct
70061,80,80,direct
70061,215,215,direct
70061,220,220,direct
70068,1,1,direct
70068,2,2,direct
70068,3,3,direct
70068,11,11,direct
70068,49,49,direct
70094,1,1,direct
70094,2,2,direct
70094,3,3,direct
70094,590,590,direct
70108,1,1,direct
70108,3,3,direct
70108,8,82,ancestor
70108,12,12,direct
70108,14,14,direct
70108,82,82,direct
70108,85,85,direct
70113,3,3,direct
70113,27,27,direct
70123,1,1,direct
70123,2,2,direct
70123,3,3,direct
70123,5,5,direct
70123,6,6,direct
70123,8,82,ancestor
70123,12,12,direct
70123,14,14,direct
70123,82,82,direct
70145,1,1,direct
70145,3,3,direct
70145,21,21,direct
70145,57,57,direct
70145,147,147,direct
70210,14,14,direct
70210,590,590,direct
70215,2,2,direct
70215,4,10,ancestor
70215,5,5,direct
70215,10,10,direct
70215,12,12,direct
70215,114,114,direct
70229,6,6,direct
70229,23,23,direct
70229,56,56,direct
70229,63,63,direct
70229,68,68,direct
70238,1,1,direct
70238,2,2,direct
70238,3,3,direct
70238,4,37,ancestor
70238,11,11,direct
70238,37,37,direct
70273,2,2,direct
70273,3,3,direct
70273,11,11,direct
70273,48,48,direct
70277,2,2,direct
70277,3,3,direct
70277,8,8,direct
70277,9,9,direct
70308,150,150,direct
70322,1,1,direct
70322,7,7,direct
70322,14,14,direct
70363,5,5,direct
70363,6,6,direct
70363,7,7,direct
70363,24,589,ancestor
70363,44,44,direct
70363,103,103,direct
70363,589,589,direct
70387,1,1,direct
70387,3,3,direct
70400,2,2,direct
70400,11,11,direct
70400,18,18,direct
70429,2,2,direct
70429,3,3,direct
70429,80,80,direct
70429,184,184,direct
70470,4,37,ancestor
70470,37,37,direct
70471,5,5,direct
70471,6,6,direct
70471,11,11,direct
70471,12,12,direct
70471,24,589,ancestor
70471,589,589,direct
70474,1,1,direct
70474,3,3,direct
70474,22,22,direct
70474,390,390,direct
70498,2,2,direct
70498,3,3,direct
70498,11,11,direct
70498,142,142,direct
70498,171,171,direct
70539,8,8,direct
70539,33,33,direct
70565,1,1,direct
70565,2,2,direct
70565,3,3,direct
70595,1,1,direct
70595,26,26,direct
70609,41,41,direct
70609,74,74,direct
70609,133,133,direct
70609,145,145,direct
70609,590,41,ancestor
70629,7,7,direct
70629,47,47,direct
70629,63,63,direct
70629,68,68,direct
70653,28,28,direct
70697,1,1,direct
70697,3,3,direct
70697,5,5,direct
70697,7,7,direct
70697,41,41,direct
70697,590,41,ancestor
70698,1,1,direct
70698,12,12,direct
70719,3,3,direct
70719,6,6,direct
70719,9,9,direct
70719,13,13,direct
70719,14,14,direct
70719,23,23,direct
70719,85,85,direct
70726,4,10,ancestor
70726,6,6,direct
70726,10,10,direct
70727,12,12,direct
70746,2,2,direct
70746,111,111,direct
70746,168,168,direct
70755,1,1,split
70755,2,2,split
70755,3,3,split
70755,18,18,direct
70756,7,7,direct
70756,48,48,direct
70756,110,110,direct
70784,4,10,ancestor
70784,10,10,direct
70787,2,2,direct
70787,6,6,direct
70787,11,11,direct
70787,15,15,direct
70787,24,15,ancestor
70787,33,33,direct
70799,7,7,direct
70799,110,110,direct
70808,1,1,direct
70808,2,2,direct
70808,11,11,direct
70812,1,1,direct
70812,2,2,direct
70812,7,7,direct
70812,9,9,direct
70812,11,11,direct
70812,33,33,direct
70812,110,110,direct
70831,2,2,direct
70831,109,109,direct
70841,1,1,direct
70841,7,7,direct
70883,2,2,direct
70883,3,3,direct
70883,6,6,direct
70883,11,11,direct
70883,12,12,direct
70887,1,1,direct
70887,2,2,direct
70887,14,14,direct
70888,2,2,direct
70888,3,3,direct
70888,11,11,direct
70897,5,5,direct
70897,6,6,direct
70897,12,12,direct
70897,142,142,direct
70937,1,1,split
70937,2,2,split
70937,3,3,split
70937,5,5,direct
70937,9,9,direct
70937,12,12,direct
70937,33,33,direct
70937,93,93,direct
70937,96,96,direct
70937,112,112,direct
70937,231,231,direct
71003,14,14,direct
71003,86,86,direct
71004,111,111,direct
71043,2,2,direct
71043,3,3,direct
71043,29,29,direct
71043,56,56,direct
71049,1,1,direct
71049,7,7,direct
71049,75,75,direct
71094,46,46,direct
71094,88,88,direct
71097,1,1,direct
71097,6,6,direct
71097,7,7,direct
71097,9,9,direct
71115,1,1,split
71115,2,2,split
71115,3,3,split
71115,24,24,direct
71149,3,3,direct
71149,4,355,ancestor
71149,53,53,direct
71149,355,355,direct
71173,1,1,direct
71173,198,198,direct
71197,2,2,direct
71197,49,49,direct
71197,145,145,direct
71207,2,2,direct
71207,5,5,direct
71207,8,8,direct
71207,11,11,direct
71207,50,50,direct
71207,103,103,direct
71207,142,142,direct
71237,1,1,direct
71237,3,3,direct
71239,1,1,direct
71239,3,3,direct
71261,1,1,split
71261,2,2,split
71261,11,11,direct
71286,41,41,direct
71286,104,104,direct
71286,590,41,ancestor
71299,2,2,direct
71299,3,3,direct
71299,171,171,direct
71301,92,92,direct
71301,322,322,direct
71301,422,422,direct
71316,1,1,direct
71316,2,2,direct
71316,3,3,direct
71316,530,530,direct
71322,2,2,direct
71322,3,3,direct
71322,6,6,direct
71322,12,12,direct
71332,2,2,direct
71332,3,3,direct
71332,12,12,direct
71343,3,3,direct
71343,23,23,direct
71343,33,33,direct
71431,1,1,direct
71431,3,3,direct
71431,330,330,direct
71431,590,330,ancestor
71438,1,1,direct
71438,3,3,direct
71441,1,1,direct
71441,2,2,direct
71441,3,3,direct
71441,22,22,direct
71441,52,52,direct
71441,245,245,direct
71469,3,3,direct
71469,8,8,direct
71469,221,221,direct
71495,2,2,direct
71495,17,17,direct
71495,31,31,direct
71497,2,2,direct
71497,168,168,direct
71531,11,11,direct
71559,2,2,direct
71559,3,3,direct
71559,21,21,direct
71559,23,23,direct
71559,57,57,direct
71575,4,4,direct
71575,514,514,direct
71593,3,3,direct
71593,12,12,direct
71596,1,1,direct
71596,4,4,direct
71596,12,12,direct
71596,84,84,direct
71606,1,1,split
71606,2,2,split
71606,3,3,split
71606,13,13,direct
71606,14,14,direct
71646,2,2,direct
71646,8,8,direct
71646,27,27,direct
71647,1,1,split
71647,2,2,split
71647,3,3,split
71647,28,28,direct
71647,30,30,direct
71651,2,2,direct
71651,6,6,direct
71651,53,53,direct
71703,1,1,split
71703,3,3,split
71703,23,23,direct
71703,118,118,direct
71703,147,147,direct
71703,294,294,direct
71715,4,4,direct
71715,5,5,direct
71715,14,14,direct
71715,40,40,direct
71715,59,59,direct
71765,1,1,direct
71765,3,3,direct
71770,1,1,direct
71770,3,3,direct
71770,157,157,direct
71770,333,333,direct
71783,2,2,direct
71783,3,3,direct
71783,4,4,direct
71783,254,254,direct
71789,1,1,direct
71789,3,3,direct
71789,293,293,direct
71810,2,2,direct
71810,12,12,direct
71810,110,110,direct
71821,2,2,direct
71821,264,264,direct
71833,1,1,direct
71833,3,3,direct
71833,221,221,direct
71863,1,1,direct
71863,2,2,direct
71863,3,3,direct
71863,23,23,direct
71863,40,40,direct
71874,1,1,direct
71874,3,3,direct
71874,7,7,direct
71874,217,217,direct
71874,317,317,direct
71881,3,3,direct
71881,4,4,direct
71881,6,6,direct
71881,7,7,direct
71881,12,12,direct
71883,2,2,direct
71883,7,7,direct
71883,29,29,direct
71883,344,344,direct
71957,3,3,direct
71957,8,8,direct
71957,9,9,direct
71957,23,23,direct
71957,52,52,direct
71974,1,1,direct
71974,2,2,direct
71974,3,3,direct
71974,18,18,direct
72007,3,3,direct
72007,57,57,direct
72007,126,126,direct
72008,1,1,direct
72008,2,2,direct
72008,3,3,direct
72008,5,5,direct
72008,11,11,direct
72008,24,71,ancestor
72008,71,71,direct
72015,2,2,direct
72015,3,3,direct
72015,15,15,direct
72015,24,15,ancestor
72015,53,53,direct
72015,91,91,direct
72052,2,2,direct
72052,50,50,direct
72052,455,455,direct
72075,11,11,direct
72075,12,12,direct
72075,14,14,direct
72121,7,7,direct
72121,15,15,direct
72121,24,15,ancestor
72121,41,41,direct
72121,53,53,direct
72121,130,130,direct
72121,399,399,direct
72121,590,41,ancestor
72138,1,1,direct
72138,2,2,direct
72152,2,2,direct
72152,3,3,direct
72152,9,9,direct
72152,24,589,ancestor
72152,68,68,direct
72152,91,91,direct
72152,589,589,direct
72164,1,1,direct
72164,2,2,direct
72164,3,3,direct
72164,337,337,direct
72189,2,2,direct
72189,6,6,direct
72197,3,3,direct
72197,108,108,direct
72208,2,2,direct
72208,11,11,direct
72208,265,265,direct
72245,1,1,direct
72245,2,2,direct
72245,3,3,direct
72245,52,52,direct
72247,1,1,direct
72247,3,3,direct
72247,24,24,direct
72261,2,2,direct
72261,24,71,ancestor
72261,27,27,direct
72261,50,50,direct
72261,71,71,direct
72261,111,111,direct
72264,1,1,direct
72268,129,129,direct
72268,362,362,direct
72273,1,1,direct
72273,2,2,direct
72273,3,3,direct
72273,4,4,direct
72273,11,11,direct
72273,23,23,direct
72273,110,110,direct
72273,118,118,direct
72273,236,236,direct
72283,1,1,direct
72283,3,3,direct
72338,1,1,direct
72338,3,3,direct
72338,9,9,direct
72338,14,14,direct
72338,126,126,direct
72372,1,1,direct
72372,2,2,direct
72372,3,3,direct
72401,2,2,direct
72401,3,3,direct
72401,24,589,ancestor
72401,49,49,direct
72401,589,589,direct
72419,2,2,direct
72419,168,168,direct
72425,2,2,direct
72425,3,3,direct
72425,4,10,ancestor
72425,10,10,direct
72425,49,49,direct
72425,130,130,direct
72432,2,2,direct
72432,150,150,direct
72432,476,476,direct
72446,14,14,direct
72446,22,22,direct
72471,50,50,direct
72471,264,264,direct
72477,2,2,direct
72477,70,70,direct
72493,3,3,direct
72493,24,24,direct
72500,3,3,direct
72500,4,10,ancestor
72500,10,10,direct
72500,48,48,direct
72500,91,91,direct
72501,2,2,direct
72501,129,129,direct
72501,254,254,direct
72561,2,2,direct
72561,3,3,direct
72561,22,22,direct
72561,178,178,direct
72578,3,3,direct
72578,4,4,direct
72578,7,7,direct
72578,64,64,direct
72593,1,1,direct
72593,2,2,direct
72593,3,3,direct
72593,174,174,direct
72600,2,2,direct
72600,3,3,direct
72600,11,11,direct
72620,1,1,direct
72620,2,2,direct
72620,3,3,direct
72620,4,4,direct
72620,6,6,direct
72620,11,11,direct
72620,110,110,direct
72645,1,1,direct
72645,2,2,direct
72645,3,3,direct
72645,7,7,direct
72645,254,254,direct
72666,40,40,direct
72666,83,83,direct
72666,590,590,direct
72672,5,5,direct
72672,11,11,direct
72692,109,109,direct
72722,48,48,direct
72722,309,309,direct
72806,2,2,direct
72806,6,6,direct
72806,19,19,direct
72807,83,83,direct
72807,123,123,direct
72820,1,1,direct
72820,2,2,direct
72820,3,3,direct
72820,88,88,direct
72824,1,1,direct
72824,2,2,split
72824,3,3,split
72824,392,392,direct
72833,46,46,direct
72864,3,3,direct
72864,5,5,direct
72864,8,338,ancestor
72864,11,11,direct
72864,16,16,direct
72864,338,338,direct
72873,1,1,split
72873,2,2,split
72873,3,3,split
72873,11,11,direct
72916,1,1,direct
72916,4,37,ancestor
72916,19,19,direct
72916,37,37,direct
72928,2,2,direct
72928,8,8,direct
72928,11,11,direct
72928,23,23,direct
72961,7,7,direct
72961,11,11,direct
72961,14,14,direct
72963,12,12,direct
72963,15,15,direct
72963,24,15,ancestor
73004,33,33,direct
73033,2,2,direct
73033,49,49,direct
73033,118,118,direct
73074,7,7,direct
73074,14,14,direct
73109,1,1,direct
73109,2,2,direct
73109,3,3,direct
73109,12,12,direct
73109,24,589,ancestor
73109,589,589,direct
73149,2,2,direct
73149,29,29,direct
73157,1,1,direct
73157,2,2,direct
73157,3,3,direct
73157,23,23,direct
73157,24,24,direct
73157,169,169,direct
73168,1,1,direct
73168,3,3,direct
73168,18,18,direct
73168,392,392,direct
73181,1,1,direct
73181,2,2,direct
73181,3,3,direct
73198,2,2,direct
73198,3,3,direct
73198,11,11,direct
73207,1,1,direct
73207,2,2,direct
73207,3,3,direct
73215,1,1,direct
73215,3,3,direct
73231,1,1,direct
73231,2,2,direct
73231,3,3,direct
73231,11,11,direct
73245,2,2,direct
73245,11,11,direct
73256,2,2,direct
73256,29,29,direct
73259,1,1,direct
73259,2,2,direct
73259,3,3,direct
73259,5,5,direct
73259,8,249,ancestor
73259,74,74,direct
73259,249,249,direct
73305,1,1,direct
73305,14,14,direct
73305,44,44,direct
73305,46,46,direct
73305,101,101,direct
73305,132,132,direct
73336,3,3,direct
73337,1,1,direct
73337,3,3,direct
73341,1,1,split
73341,2,2,split
73341,3,3,split
73341,24,589,ancestor
73341,276,276,direct
73341,589,589,direct
73354,2,2,direct
73354,30,30,direct
73354,48,48,direct
73374,12,12,direct
73374,23,23,direct
73374,24,589,ancestor
73374,589,589,direct
73390,245,245,direct
73390,590,590,direct
73437,2,2,direct
73437,12,12,direct
73437,14,14,direct
73453,2,2,direct
73453,3,3,direct
73453,7,7,direct
73453,11,11,direct
73453,12,12,direct
73463,7,7,direct
73463,14,14,direct
73465,7,7,direct
73465,265,265,direct
73491,2,2,direct
73491,3,3,direct
73491,265,265,direct
73502,7,7,direct
73502,9,9,direct
73502,11,11,direct
73502,23,23,direct
73502,44,44,direct
73508,1,1,split
73508,2,2,split
73508,3,3,split
73508,5,5,direct
73508,261,261,direct
73513,2,2,direct
73513,3,3,direct
73513,4,10,ancestor
73513,10,10,direct
73548,244,244,direct
73566,2,2,direct
73569,6,6,direct
73569,7,7,direct
73569,33,33,direct
73578,1,1,direct
73578,53,53,direct
73610,7,7,direct
73615,2,2,direct
73615,112,112,direct
73627,11,11,direct
73627,15,15,direct
73627,24,15,ancestor
73642,154,154,direct
73666,1,1,split
73666,2,2,split
73666,3,3,split
73666,383,383,direct
73696,1,1,direct
73696,2,2,direct
73696,3,3,direct
73696,24,589,ancestor
73696,589,589,direct
73714,1,1,direct
73714,2,2,direct
73714,5,5,direct
73714,6,6,direct
73714,76,76,direct
73714,111,111,direct
73718,14,14,direct
73732,29,29,direct
73732,33,33,direct
73732,49,49,direct
73738,2,2,direct
73738,3,3,direct
73774,1,1,direct
73774,2,2,direct
73774,3,3,direct
73774,18,18,direct
73774,112,112,direct
73776,1,1,direct
73776,2,2,direct
73776,9,9,direct
73776,12,12,direct
73828,1,1,direct
73828,380,380,direct
73834,7,7,direct
73834,218,218,direct
73840,2,2,direct
73840,3,3,direct
73840,5,5,direct
73840,6,6,direct
73840,8,82,ancestor
73840,12,12,direct
73840,14,14,direct
73840,82,82,direct
73856,1,1,split
73856,2,2,split
73856,3,3,split
73856,11,11,direct
73856,12,12,direct
73856,24,105,ancestor
73856,71,105,ancestor
73856,105,105,direct
73858,1,1,direct
73858,2,2,direct
73858,9,9,direct
73858,110,110,direct
73941,3,3,direct
73972,1,1,direct
73972,2,2,direct
73972,5,5,direct
73972,8,8,direct
73972,11,11,direct
73989,7,7,direct
73989,80,80,direct
74026,3,3,direct
74026,24,24,direct
74029,7,7,direct
74058,9,9,direct
74058,13,13,direct
74062,2,2,direct
74062,4,10,ancestor
74062,10,10,direct
74062,136,136,direct
74067,2,2,direct
74067,9,9,direct
74067,19,19,direct
74067,33,33,direct
74067,57,57,direct
74083,1,1,direct
74083,3,3,direct
74083,18,18,direct
74083,24,212,ancestor
74083,212,212,direct
74100,2,2,direct
74100,218,218,direct
74120,1,1,direct
74120,3,3,direct
74120,4,204,ancestor
74120,50,50,direct
74120,204,204,direct
74159,2,2,direct
74159,109,109,direct
74191,1,1,split
74191,2,2,split
74191,3,3,split
74191,4,10,ancestor
74191,6,6,direct
74191,10,10,direct
74191,19,19,direct
74205,2,2,direct
74217,2,2,direct
74217,18,18,direct
74217,126,126,direct
74217,132,132,direct
74217,164,164,direct
74252,1,1,direct
74252,3,3,direct
74252,4,4,direct
74252,11,11,direct
74292,1,1,direct
74292,2,2,direct
74292,3,3,direct
74292,5,5,direct
74292,6,6,direct
74292,8,82,ancestor
74292,12,12,direct
74292,14,14,direct
74292,82,82,direct
74297,1,1,direct
74297,2,2,direct
74297,3,3,direct
74297,5,5,direct
74297,62,62,direct
74297,80,80,direct
74297,281,281,direct
74312,3,3,direct
74312,6,6,direct
74312,12,12,direct
74312,14,14,direct
74312,70,70,direct
74336,3,3,direct
74336,8,82,ancestor
74336,9,9,direct
74336,82,82,direct
74376,3,3,direct
74403,1,1,direct
74403,3,3,direct
74403,4,4,direct
74403,33,33,direct
74407,4,125,ancestor
74407,24,226,ancestor
74407,125,125,direct
74407,147,147,direct
74407,226,226,direct
74421,1,1,direct
74421,2,2,direct
74421,3,3,direct
74421,9,9,direct
74421,12,12,direct
74421,23,23,direct
74474,104,104,direct
74474,590,590,direct
74509,11,11,direct
74509,49,49,direct
74509,96,96,direct
74565,265,265,direct
74608,69,69,direct
74630,5,5,direct
74630,6,6,direct
74630,8,8,direct
74630,27,27,direct
74630,46,46,direct
74630,274,274,direct
74637,1,1,direct
74637,3,3,direct
74637,52,52,direct
74637,235,235,direct
74662,2,2,direct
74662,3,3,direct
74662,9,9,direct
74662,14,14,direct
74663,1,1,direct
74663,2,2,direct
74663,70,70,direct
74674,1,1,direct
74674,2,2,direct
74674,3,3,direct
74674,23,23,direct
74698,1,1,direct
74698,2,2,direct
74698,3,3,direct
74698,12,12,direct
74698,84,84,direct
74703,1,1,direct
74703,4,4,direct
74703,106,106,direct
74738,2,2,direct
74738,3,3,direct
74738,11,11,direct
74738,48,48,direct
74738,95,95,direct
74811,1,1,direct
74811,2,2,direct
74811,3,3,direct
74811,5,5,direct
74811,11,11,direct
74825,2,2,direct
74825,456,456,direct
74831,1,1,direct
74831,2,2,direct
74831,3,3,direct
74831,6,6,direct
74831,12,12,direct
74831,24,143,ancestor
74831,50,50,direct
74831,111,111,direct
74831,143,143,direct
74840,1,1,direct
74840,2,2,direct
74840,4,4,direct
74840,110,110,direct
74844,1,1,direct
74844,2,2,direct
74848,3,3,direct
74848,36,36,direct
74864,5,5,direct
74864,11,11,direct
74864,80,80,direct
74898,1,1,direct
74898,2,2,direct
74898,17,17,direct
74920,1,1,direct
74920,2,2,direct
74920,12,12,direct
74920,68,68,direct
74930,7,7,direct
74930,14,14,direct
74936,2,2,direct
74936,3,3,direct
74936,4,10,ancestor
74936,10,10,direct
74936,17,17,direct
74936,93,93,direct
74938,3,3,direct
74938,289,289,direct
74952,24,71,ancestor
74952,71,71,direct
74987,4,4,direct
74987,110,110,direct
74988,1,1,direct
74988,2,2,direct
74988,3,3,direct
74988,95,95,direct
74988,161,161,direct
75028,5,5,direct
75028,7,7,direct
75052,1,1,direct
75052,4,4,direct
75074,6,6,direct
75074,19,19,direct
75079,31,31,direct
75079,46,46,direct
75079,98,98,direct
75087,2,2,direct
75087,3,3,direct
75087,194,194,direct
75102,1,1,direct
75102,2,2,direct
75102,3,3,direct
75102,12,12,direct
75102,343,343,direct
75132,2,2,direct
75132,9,9,direct
75132,245,245,direct
75136,344,344,direct
75141,3,3,direct
75141,16,16,direct
75141,24,24,direct
75167,1,1,direct
75167,6,6,direct
75167,7,7,direct
75167,19,19,direct
75167,67,67,direct
75170,1,1,split
75170,2,2,split
75170,3,3,split
75170,5,5,direct
75170,6,6,direct
75170,12,12,direct
75170,24,71,ancestor
75170,71,71,split
75170,76,76,direct
75170,589,589,split
75175,6,6,direct
75175,33,33,direct
75175,99,99,direct
75175,181,181,direct
75175,239,239,direct
75188,1,1,direct
75188,101,101,direct
75220,1,1,direct
75245,115,115,direct
75297,6,6,direct
75297,14,14,direct
75297,23,23,direct
75298,1,1,direct
75298,5,5,direct
75323,3,3,direct
75323,6,6,direct
75328,1,1,direct
75328,2,2,direct
75328,3,3,direct
75328,4,10,ancestor
75328,7,7,direct
75328,10,10,direct
75328,11,11,direct
75328,67,67,direct
75437,7,7,direct
75437,11,11,direct
75440,1,1,split
75440,2,2,split
75440,3,3,split
75440,14,14,direct
75440,16,16,direct
75440,19,19,direct
75440,23,23,direct
75462,2,2,direct
75462,41,41,direct
75462,103,103,direct
75462,254,254,direct
75462,590,41,ancestor
75490,7,7,direct
75490,80,80,direct
75513,3,3,direct
75513,8,8,direct
75513,9,9,direct
75513,59,59,direct
75562,1,1,direct
75562,2,2,direct
75562,6,6,direct
75562,83,83,direct
75582,2,2,direct
75582,11,11,direct
75597,2,2,direct
75597,5,5,direct
75597,11,11,direct
75604,1,1,direct
75604,2,2,direct
75604,3,3,direct
75604,4,4,direct
75604,11,11,direct
75604,27,27,direct
75604,50,50,direct
75640,11,11,direct
75702,14,14,direct
75702,41,41,direct
75702,590,41,ancestor
75709,2,2,direct
75709,14,14,direct
75709,110,110,direct
75712,29,29,direct
75749,7,7,direct
75749,337,337,direct
75778,1,1,direct
75778,6,6,direct
75784,6,6,direct
75784,19,19,direct
75784,65,65,direct
75792,58,58,direct
75796,1,1,direct
75796,11,11,direct
75796,12,12,direct
75796,17,17,direct
75796,110,110,direct
75821,5,5,direct
75821,12,12,direct
75826,2,2,direct
75826,7,7,direct
75826,108,108,direct
75839,23,23,direct
75839,145,145,direct
75844,2,2,direct
75844,3,3,direct
75844,11,11,direct
75844,340,340,direct
75858,178,178,direct
75874,2,2,direct
75874,6,6,direct
75902,6,6,direct
75902,7,7,direct
75902,27,27,direct
75902,33,33,direct
75903,2,2,direct
75903,3,3,direct
75903,5,5,direct
75903,12,12,direct
75903,29,29,direct
75903,112,112,direct
75903,590,590,direct
75906,1,1,direct
75906,2,2,direct
75906,3,3,direct
75906,4,10,ancestor
75906,9,9,direct
75906,10,10,direct
75906,111,111,direct
75918,4,4,direct
75918,177,177,direct
75921,2,2,direct
75921,3,3,direct
75921,23,23,direct
75921,65,65,direct
75921,83,83,direct
75921,101,101,direct
75921,165,165,direct
75928,1,1,direct
75928,20,20,direct
75928,283,283,direct
75944,83,83,direct
75952,2,2,direct
75952,3,3,direct
75952,4,10,ancestor
75952,10,10,direct
75969,4,125,ancestor
75969,21,21,direct
75969,57,57,direct
75969,125,125,direct
75972,208,208,direct
75989,4,10,ancestor
75989,10,10,direct
76007,1,1,split
76007,2,2,split
76007,3,3,split
76007,6,6,direct
76007,11,11,direct
76007,24,589,ancestor
76007,589,589,direct
76028,1,1,direct
76028,2,2,direct
76028,3,3,direct
76028,4,4,direct
76028,57,57,direct
76076,1,1,direct
76076,3,3,direct
76076,9,9,direct
76076,87,87,direct
76084,2,2,direct
76084,17,17,direct
76084,110,110,direct
76101,288,288,direct
76115,3,3,direct
76115,23,23,direct
76115,24,24,direct
76130,87,87,direct
76130,265,265,direct
76132,2,2,direct
76132,3,3,direct
76132,24,589,ancestor
76132,589,589,direct
76151,2,2,direct
76151,8,338,ancestor
76151,106,106,direct
76151,338,338,direct
76172,47,47,direct
76172,107,107,direct
76172,134,134,direct
76172,272,272,direct
76172,590,590,direct
76198,2,2,direct
76198,53,53,direct
76214,2,2,direct
76214,110,110,direct
76228,2,2,direct
76241,1,1,direct
76241,2,2,direct
76241,70,70,direct
76257,1,1,direct
76287,2,2,direct
76287,3,3,direct
76287,11,11,direct
76295,2,2,direct
76295,3,3,direct
76295,4,10,ancestor
76295,6,6,direct
76295,10,10,direct
76295,12,12,direct
76338,48,48,direct
76338,282,282,direct
76344,1,1,direct
76344,41,41,direct
76344,108,108,direct
76344,590,41,ancestor
76373,1,1,direct
76373,2,2,direct
76373,49,49,direct
76373,83,83,direct
76375,24,71,ancestor
76375,71,71,direct
76375,164,164,direct
76407,1,1,direct
76407,2,2,direct
76407,14,14,direct
76407,18,18,direct
76407,22,22,direct
76407,151,151,direct
76440,1,1,direct
76440,2,2,direct
76440,3,3,direct
76440,24,24,direct
76440,27,27,direct
76459,2,2,direct
76459,3,3,direct
76459,4,10,ancestor
76459,10,10,direct
76459,11,11,direct
76459,80,80,direct
76459,95,95,direct
76467,2,2,direct
76467,6,6,direct
76467,40,40,direct
76470,1,1,direct
76470,4,4,direct
76470,17,17,direct
76504,1,1,direct
76504,2,2,direct
76504,3,3,direct
76510,18,18,direct
76510,46,46,direct
76510,66,66,direct
76523,2,2,direct
76523,11,11,direct
76523,12,12,direct
76523,49,49,direct
76523,110,110,direct
76549,2,2,direct
76556,11,11,direct
76556,12,12,direct
76601,2,2,direct
76601,3,3,direct
76601,44,44,direct
76604,5,5,direct
76604,7,7,direct
76604,53,53,direct
76604,151,151,direct
76611,1,1,direct
76611,2,2,direct
76611,3,3,direct
76611,4,4,direct
76611,19,19,direct
76670,1,1,direct
76670,3,3,direct
76670,8,197,ancestor
76670,197,197,direct
76688,2,2,direct
76688,4,37,ancestor
76688,7,7,direct
76688,9,9,direct
76688,37,37,direct
76693,2,2,direct
76693,4,4,direct
76693,5,5,direct
76698,2,2,direct
76698,11,11,direct
76698,12,12,direct
76698,49,49,direct
76718,1,1,direct
76718,382,382,direct
76821,1,1,direct
76821,3,3,direct
76821,5,5,direct
76821,9,9,direct
76821,22,22,direct
76821,91,91,direct
76821,112,112,direct
76821,120,120,direct
76847,3,3,direct
76847,4,4,direct
76847,5,5,direct
76895,1,1,direct
76895,5,5,direct
76895,6,6,direct
76895,24,24,direct
76895,30,30,direct
76898,2,2,direct
76898,168,168,direct
76908,6,6,direct
76913,1,1,direct
76913,6,6,direct
76913,7,7,direct
76913,12,12,direct
76917,3,3,direct
76917,21,21,direct
76917,96,96,direct
76939,2,2,direct
76939,81,81,direct
76950,2,2,direct
76950,3,3,direct
76950,11,11,direct
76971,2,2,direct
76971,29,29,direct
76989,2,2,direct
76989,3,3,direct
76989,151,151,direct
76993,1,1,direct
76993,3,3,direct
76993,21,21,direct
76993,23,23,direct
77021,1,1,direct
77021,2,2,direct
77021,18,18,direct
77047,2,2,direct
77047,4,4,direct
77047,96,96,direct
77065,2,2,direct
77065,14,14,direct
77065,110,110,direct
77065,513,513,direct
77098,6,6,direct
77098,13,13,direct
77109,23,23,direct
77123,1,1,direct
77123,2,2,direct
77123,3,3,direct
77123,17,17,direct
77123,235,235,direct
77128,1,1,split
77128,2,2,split
77128,11,11,direct
77128,41,41,direct
77128,69,69,direct
77128,430,430,direct
77128,590,41,ancestor
77137,3,3,direct
77140,1,1,split
77140,2,2,split
77140,3,3,split
77140,4,10,ancestor
77140,10,10,direct
77146,2,2,direct
77146,3,3,direct
77146,110,110,direct
77155,60,60,direct
77173,5,5,direct
77173,7,7,direct
77173,93,93,direct
77181,1,1,direct
77181,2,2,direct
77181,3,3,direct
77181,24,589,ancestor
77181,73,73,direct
77181,589,589,direct
77216,1,1,direct
77216,3,3,direct
77216,4,4,direct
77216,12,12,direct
77216,29,29,direct
77275,5,5,direct
77275,265,265,direct
77283,41,41,direct
77283,104,104,direct
77283,134,134,direct
77283,590,41,ancestor
77310,2,2,direct
77310,104,104,direct
77310,590,590,direct
77318,1,1,direct
77318,7,7,direct
77318,150,150,direct
77367,2,2,direct
77367,5,5,direct
77367,6,6,direct
77367,11,11,direct
77390,1,1,direct
77390,2,2,direct
77390,3,3,direct
77390,4,4,direct
77390,246,246,direct
77416,2,2,direct
77416,66,66,direct
77439,2,2,direct
77439,15,15,direct
77439,24,15,ancestor
77439,33,33,direct
77440,2,2,direct
77440,265,265,direct
77446,1,1,split
77446,2,2,split
77446,3,3,split
77446,14,14,direct
77446,132,132,direct
77449,1,1,direct
77449,2,2,direct
77449,12,12,direct
77484,1,1,direct
77484,7,7,direct
77484,19,19,direct
77484,33,33,direct
77486,1,1,direct
77486,2,2,direct
77486,3,3,direct
77486,46,46,direct
77486,66,66,direct
77511,2,2,direct
77511,3,3,direct
77511,5,5,direct
77511,27,27,direct
77511,309,309,direct
77547,1,1,split
77547,3,3,split
77547,4,4,direct
77547,84,84,direct
77547,85,85,direct
77552,1,1,direct
77552,2,2,direct
77552,3,3,direct
77552,6,6,direct
77552,15,15,direct
77552,16,16,direct
77552,19,19,direct
77552,24,15,ancestor
77575,1,1,direct
77575,2,2,direct
77575,3,3,direct
77575,11,11,direct
77575,27,27,direct
77575,80,80,direct
77627,1,1,direct
77648,33,33,direct
77648,265,265,direct
77651,1,1,split
77651,2,2,split
77651,3,3,split
77651,7,7,direct
77651,29,29,direct
77668,7,7,direct
77668,265,265,direct
77669,4,10,ancestor
77669,10,10,direct
77669,11,11,direct
77680,2,2,direct
77680,4,4,direct
77680,49,49,direct
77680,60,60,direct
77692,6,6,direct
77692,15,15,direct
77692,16,16,direct
77692,19,19,direct
77692,24,15,ancestor
77765,50,50,direct
77765,115,115,direct
77768,24,589,ancestor
77768,589,589,direct
77815,2,2,direct
77815,4,4,direct
77815,14,14,direct
77815,50,50,direct
77844,2,2,direct
77844,3,3,direct
77844,4,10,ancestor
77844,5,5,direct
77844,7,7,direct
77844,10,10,direct
77844,93,93,direct
77864,3,3,direct
77864,107,107,direct
77874,2,2,direct
77874,3,3,direct
77880,2,2,direct
77896,5,5,direct
77896,8,82,ancestor
77896,12,12,direct
77896,82,82,direct
77925,3,3,direct
77925,9,9,direct
77925,46,46,direct
77948,1,1,direct
77948,3,3,direct
77948,4,10,ancestor
77948,10,10,direct
77956,2,2,direct
77966,171,171,direct
77969,5,5,direct
77981,3,3,direct
77981,129,129,direct
77986,3,3,direct
77986,5,5,direct
77986,8,275,ancestor
77986,12,12,direct
77986,14,14,direct
77986,275,275,direct
77987,1,1,direct
77987,2,2,direct
77987,3,3,direct
78001,2,2,direct
78001,3,3,direct
78001,7,7,direct
78001,18,18,direct
78001,84,84,direct
78012,7,7,direct
78012,69,69,direct
78029,8,82,ancestor
78029,12,12,direct
78029,14,14,direct
78029,82,82,direct
78038,8,8,direct
78038,142,142,direct
78041,1,1,direct
78041,2,2,direct
78041,3,3,direct
78041,4,10,ancestor
78041,10,10,direct
78041,84,84,direct
78068,1,1,direct
78068,2,2,direct
78068,3,3,direct
78068,88,88,direct
78068,342,342,direct
78079,1,1,direct
78079,2,2,direct
78079,3,3,direct
78079,18,18,direct
78093,1,1,direct
78093,2,2,direct
78093,18,18,direct
78093,30,30,direct
78139,1,1,direct
78139,7,7,direct
78139,145,145,direct
78149,2,2,direct
78151,2,2,direct
78151,49,49,direct
78151,110,110,direct
78164,3,3,direct
78164,24,24,direct
78164,93,93,direct
78164,147,147,direct
78169,3,3,direct
78169,84,84,direct
78210,2,2,direct
78210,11,11,direct
78210,264,264,direct
78211,2,2,direct
78211,3,3,direct
78211,8,8,direct
78211,46,46,direct
78258,1,1,direct
78258,3,3,direct
78258,7,7,direct
78258,75,75,direct
78260,1,1,direct
78260,3,3,direct
78260,198,198,direct
78289,1,1,split
78289,2,2,split
78289,3,3,split
78289,4,4,direct
78300,1,1,direct
78300,2,2,direct
78300,49,49,direct
78300,70,70,direct
78335,1,1,direct
78335,2,2,direct
78335,3,3,direct
78335,17,17,direct
78335,26,26,direct
78335,167,167,direct
78337,19,19,direct
78346,3,3,direct
78346,6,6,direct
78346,368,368,direct
78387,1,1,direct
78387,24,589,ancestor
78387,201,201,direct
78387,589,589,direct
78389,1,1,direct
78389,2,2,direct
78389,3,3,direct
78389,5,5,direct
78389,6,6,direct
78389,14,14,direct
78398,1,1,split
78398,2,2,split
78398,3,3,split
78398,4,4,direct
78398,19,19,direct
78398,33,33,direct
78413,2,2,direct
78413,3,3,direct
78427,1,1,direct
78427,294,294,direct
78468,11,11,direct
78468,12,12,direct
78490,7,7,direct
78490,41,41,direct
78490,590,41,ancestor
78533,5,5,direct
78533,7,7,direct
78582,2,2,direct
78582,376,376,direct
78586,1,1,direct
78586,2,2,direct
78586,3,3,direct
78586,11,11,direct
78586,49,49,direct
78586,340,340,direct
78599,2,2,direct
78599,7,7,direct
78599,11,11,direct
78599,274,274,direct
78611,1,1,direct
78611,3,3,direct
78611,417,417,direct
78617,1,1,direct
78617,2,2,direct
78617,44,44,direct
78635,2,2,direct
78635,3,3,direct
78635,6,6,direct
78635,7,7,direct
78635,8,8,direct
78635,19,19,direct
78635,40,40,direct
78641,1,1,direct
78729,7,7,direct
78729,11,11,direct
78743,27,27,direct
78744,104,104,direct
78752,2,2,direct
78752,41,41,direct
78752,53,53,direct
78752,133,133,direct
78752,134,134,direct
78752,301,301,direct
78752,590,41,ancestor
78757,2,2,direct
78757,4,4,direct
78757,186,186,direct
78764,2,2,direct
78764,3,3,direct
78764,49,49,direct
78764,58,58,direct
78772,7,7,direct
78772,20,20,direct
78778,2,2,direct
78778,4,203,ancestor
78778,203,203,direct
78823,1,1,direct
78823,2,2,direct
78823,6,6,direct
78823,11,11,direct
78841,1,1,direct
78841,2,2,direct
78841,4,4,direct
78841,11,11,direct
78841,12,12,direct
78857,17,17,direct
78874,3,3,direct
78874,264,264,direct
78888,2,2,direct
78888,53,53,direct
78891,1,1,direct
78891,8,8,direct
78891,12,12,direct
78934,1,1,direct
78934,7,7,direct
78934,14,14,direct
78934,23,23,direct
78934,33,33,direct
78934,46,46,direct
78937,4,4,direct
78937,6,6,direct
78937,11,11,direct
78950,1,1,direct
78950,3,3,direct
78950,63,63,direct
78950,576,576,direct
78962,2,2,direct
78962,3,3,direct
78962,23,23,direct
78962,371,371,direct
78966,18,18,direct
78970,1,1,direct
78970,2,2,direct
78970,3,3,direct
78970,9,9,direct
78970,27,27,direct
78970,36,36,direct
78970,79,79,direct
79096,3,3,direct
79096,24,589,ancestor
79096,589,589,direct
79103,30,30,direct
79103,440,440,direct
79134,1,1,direct
79134,2,2,direct
79134,3,3,direct
79134,9,9,direct
79134,46,46,direct
79179,1,1,direct
79179,2,2,direct
79179,383,383,direct
79229,1,1,direct
79229,2,2,direct
79229,254,254,direct
79229,590,590,direct
79236,6,6,direct
79236,13,13,direct
79237,3,3,direct
79237,17,17,direct
79247,1,1,direct
79247,2,2,direct
79247,244,244,direct
79271,2,2,direct
79271,3,3,direct
79271,9,9,direct
79272,1,1,direct
79272,2,2,direct
79272,3,3,direct
79272,8,8,direct
79272,14,14,direct
79291,1,1,direct
79291,3,3,direct
79291,13,13,direct
79291,18,18,direct
79291,24,212,ancestor
79291,212,212,direct
79299,1,1,direct
79299,7,7,direct
79301,14,14,direct
79301,41,41,direct
79301,104,104,direct
79301,187,187,direct
79301,590,41,ancestor
79317,7,7,direct
79317,8,8,direct
79332,1,1,direct
79332,3,3,direct
79332,221,221,direct
79351,30,30,direct
79416,1,1,direct
79416,2,2,direct
79416,3,3,direct
79426,1,1,direct
79426,2,2,direct
79426,3,3,direct
79426,4,37,ancestor
79426,6,6,direct
79426,11,11,direct
79426,33,33,direct
79426,37,37,direct
79447,7,7,direct
79447,11,11,direct
79468,1,1,direct
79468,7,7,direct
79472,11,11,direct
79472,33,33,direct
79490,1,1,direct
79490,3,3,direct
79490,24,71,ancestor
79490,71,71,direct
79502,2,2,direct
79502,26,26,direct
79502,149,149,direct
79504,2,2,direct
79504,24,212,ancestor
79504,212,212,direct
79504,550,550,direct
79506,2,2,direct
79506,7,7,direct
79506,48,48,direct
79533,3,3,direct
79533,93,93,direct
79535,6,6,direct
79535,15,15,direct
79535,24,15,ancestor
79535,91,91,direct
79535,130,130,direct
79585,2,2,direct
79585,3,3,direct
79585,5,5,direct
79585,6,6,direct
79585,9,9,direct
79585,11,11,direct
79585,24,71,ancestor
79585,28,28,direct
79585,71,71,direct
79585,590,590,direct
79641,1,1,direct
79641,126,126,direct
79671,1,1,direct
79671,7,7,direct
79671,11,11,direct
79671,14,14,direct
79671,33,33,direct
79679,48,48,direct
79679,138,138,direct
79681,3,3,direct
79681,6,6,direct
79681,58,140,ancestor
79681,140,140,direct
79690,2,2,direct
79690,53,53,direct
79690,590,590,direct
79696,1,1,direct
79696,4,4,direct
79696,12,12,direct
79696,186,186,direct
79710,1,1,direct
79710,7,7,direct
79712,2,2,direct
79712,3,3,direct
79712,9,9,direct
79712,18,18,direct
79712,74,74,direct
79712,239,239,direct
79724,20,20,direct
79724,77,77,direct
79724,122,122,direct
79724,146,146,direct
79724,538,538,direct
79733,48,48,direct
79797,2,2,direct
79797,23,23,direct
79797,49,49,direct
79797,70,70,direct
79803,1,1,direct
79803,3,3,direct
79803,5,5,direct
79803,6,6,direct
79803,13,13,direct
79803,27,27,direct
79819,1,1,direct
79819,2,2,direct
79819,3,3,direct
79819,12,12,direct
79819,24,24,direct
79829,4,4,direct
79829,80,80,direct
79831,13,13,direct
79836,2,2,direct
79836,3,3,direct
79836,178,178,direct
79859,5,5,direct
79859,11,11,direct
79859,110,110,direct
79881,1,1,split
79881,3,3,split
79881,14,14,direct
79883,2,2,direct
79883,46,46,direct
79883,88,88,direct
79926,1,1,direct
79926,2,2,direct
79926,9,9,direct
79926,19,19,direct
79926,29,29,direct
79926,46,46,direct
79926,53,53,direct
79926,91,91,direct
79944,6,6,direct
79944,14,14,direct
79944,15,15,direct
79944,24,15,ancestor
80003,36,36,direct
80003,437,437,direct
80036,2,2,direct
80036,6,6,direct
80036,11,11,direct
80036,12,12,direct
80062,4,37,ancestor
80062,7,7,direct
80062,37,37,direct
80100,1,1,direct
80100,5,5,direct
80100,11,11,direct
80121,7,7,direct
80121,265,265,direct
80128,2,2,direct
80128,48,48,direct
80128,91,91,direct
80128,340,340,direct
80158,173,173,direct
80158,590,590,direct
80188,2,2,direct
80188,5,5,direct
80228,1,1,direct
80228,2,2,direct
80228,3,3,direct
80228,27,27,direct
80228,123,123,direct
80242,1,1,direct
80242,2,2,direct
80242,70,70,direct
80242,95,95,direct
80298,2,2,direct
80298,198,198,direct
80344,3,3,direct
80411,3,3,direct
80411,23,23,direct
80411,57,57,direct
80422,2,2,direct
80422,24,589,ancestor
80422,93,93,direct
80422,589,589,direct
80424,2,2,direct
80435,2,2,direct
80435,455,455,direct
80442,2,2,direct
80442,257,257,direct
80445,1,1,direct
80445,2,2,direct
80445,12,12,direct
80445,17,17,direct
80452,1,1,direct
80452,2,2,direct
80452,3,3,direct
80452,12,12,direct
80452,33,33,direct
80452,40,40,direct
80452,46,46,direct
80452,53,53,direct
80452,76,76,direct
80452,93,93,direct
80452,109,109,direct
80518,452,452,direct
80525,284,284,direct
80528,2,2,direct
80528,111,111,direct
80528,522,522,direct
80538,1,1,direct
80538,3,3,direct
80538,50,50,direct
80538,532,532,direct
80548,12,12,direct
80548,24,589,ancestor
80548,239,239,direct
80548,589,589,direct
80558,2,2,direct
80558,76,76,direct
80583,5,5,direct
80583,7,7,direct
80583,33,33,direct
80597,2,2,direct
80597,14,14,direct
80597,30,30,direct
80636,7,7,direct
80636,11,11,direct
80639,24,24,direct
80639,57,57,direct
80670,5,5,direct
80670,14,14,direct
80670,22,22,direct
80670,31,31,direct
80670,74,74,direct
80670,95,95,direct
80698,3,3,direct
80698,101,101,direct
80722,1,1,direct
80722,8,8,direct
80722,11,11,direct
80722,180,180,direct
80724,2,2,direct
80731,112,112,direct
80749,4,10,ancestor
80749,6,6,direct
80749,10,10,direct
80749,11,11,direct
80749,23,23,direct
80749,184,184,direct
80749,245,245,direct
80775,3,3,direct
80775,361,361,direct
80775,373,373,direct
80835,1,1,direct
80835,2,2,direct
80835,3,3,split
80835,342,342,direct
80907,1,1,direct
80907,3,3,direct
80907,13,13,direct
80907,23,23,direct
80907,44,44,direct
80966,1,1,direct
80966,12,12,direct
80980,2,2,direct
80980,70,70,direct
81003,1,1,direct
81003,2,2,direct
81003,3,3,direct
81003,11,11,split
81003,50,50,split
81003,590,590,direct
81005,2,2,direct
81005,6,6,direct
81005,111,111,direct
81035,7,7,direct
81035,24,141,ancestor
81035,71,141,ancestor
81035,141,141,direct
81065,2,2,direct
81065,3,3,direct
81065,11,11,direct
81065,171,171,direct
81120,3,3,direct
81120,222,222,direct
81121,1,1,split
81121,2,2,split
81121,6,6,direct
81121,11,11,direct
81121,489,489,direct
81133,2,2,direct
81133,3,3,direct
81133,24,143,ancestor
81133,50,50,direct
81133,123,123,direct
81133,143,143,direct
81163,2,2,direct
81163,4,4,direct
81163,151,151,direct
81166,5,5,direct
81166,8,82,ancestor
81166,14,14,direct
81166,82,82,direct
81187,11,11,direct
81197,3,3,direct
81197,4,4,direct
81197,7,7,direct
81221,2,2,direct
81221,29,29,direct
81221,91,91,direct
81230,3,3,direct
81230,4,4,direct
81230,5,5,direct
81230,14,14,direct
81230,49,49,direct
81274,1,1,direct
81274,2,2,direct
81299,7,7,direct
81299,14,14,direct
81306,1,1,direct
81306,7,7,direct
81309,6,6,direct
81309,7,7,direct
81309,23,23,direct
81309,73,73,direct
81314,1,1,direct
81314,2,2,direct
81314,3,3,direct
81314,91,91,direct
81314,244,244,direct
81316,2,2,direct
81316,3,3,direct
81316,6,6,direct
81316,11,11,direct
81316,23,23,direct
81316,24,24,direct
81334,1,1,direct
81334,2,2,direct
81334,3,3,direct
81334,7,7,direct
81341,5,5,direct
81341,14,14,direct
81366,1,1,direct
81366,2,2,direct
81366,3,3,direct
81366,6,6,direct
81366,17,17,direct
81366,58,140,ancestor
81366,140,140,direct
81368,1,1,direct
81368,2,2,direct
81368,3,3,direct
81368,46,46,direct
81368,66,66,direct
81407,2,2,direct
81407,3,3,direct
81407,12,12,direct
81407,23,23,direct
81407,24,589,ancestor
81407,589,589,direct
81456,2,2,direct
81456,14,14,direct
81462,2,2,direct
81462,40,40,direct
81464,27,27,direct
81464,123,123,direct
81469,24,71,ancestor
81469,71,71,direct
81480,1,1,direct
81480,2,2,direct
81487,6,6,direct
81487,7,7,direct
81487,12,12,direct
81490,6,6,direct
81490,21,21,direct
81490,132,132,direct
81490,184,184,direct
81497,2,2,direct
81497,5,5,direct
81497,53,53,direct
81497,133,133,direct
81545,1,1,direct
81545,2,2,direct
81545,3,3,direct
81545,4,4,direct
81545,6,6,direct
81545,11,11,direct
81569,1,1,direct
81569,3,3,direct
81569,4,10,ancestor
81569,10,10,direct
81579,3,3,direct
81579,126,126,direct
81608,2,2,direct
81608,11,11,direct
81613,41,41,direct
81613,81,81,direct
81613,590,41,ancestor
81621,14,14,direct
81651,4,4,direct
81651,5,5,direct
81651,6,6,direct
81651,11,11,direct
81651,87,87,direct
81659,2,2,direct
81659,4,4,direct
81659,11,11,direct
81676,4,10,ancestor
81676,10,10,direct
81676,29,29,direct
81690,1,1,direct
81690,2,2,direct
81690,3,3,direct
81690,4,4,direct
81690,11,11,direct
81693,2,2,direct
81693,585,585,direct
81715,44,44,direct
81715,118,118,direct
81716,27,27,direct
81721,11,11,direct
81721,93,93,direct
81722,1,1,direct
81722,2,2,direct
81722,111,111,direct
81722,322,322,direct
81739,2,2,direct
81739,3,3,direct
81739,5,5,direct
81739,66,66,direct
81793,2,2,direct
81793,7,7,direct
81793,11,11,direct
81793,49,49,direct
81795,2,2,direct
81795,145,145,direct
81807,1,1,direct
81807,6,6,direct
81807,8,8,direct
81807,60,60,direct
81837,2,2,direct
81837,11,11,direct
81840,151,151,direct
81863,13,13,direct
81863,46,46,direct
81880,29,29,direct
81918,1,1,split
81918,2,2,split
81918,3,3,split
81918,14,14,direct
81918,590,590,direct
81950,3,3,direct
81950,6,6,direct
81950,13,13,direct
81950,59,59,direct
81964,3,3,direct
81964,4,4,direct
81964,57,57,direct
81981,1,1,direct
81981,3,3,direct
81981,391,391,direct
82018,3,3,direct
82018,11,11,direct
82018,321,321,direct
82048,7,7,direct
82048,33,33,direct
82048,130,130,direct
82049,1,1,direct
82049,6,6,direct
82049,7,7,direct
82049,63,63,direct
82110,7,7,direct
82111,2,2,direct
82111,3,3,direct
82111,50,50,direct
82111,231,231,direct
82136,1,1,direct
82136,3,3,direct
82136,4,10,ancestor
82136,10,10,direct
82136,46,46,direct
82136,145,145,direct
82152,3,3,direct
82162,2,2,direct
82162,3,3,direct
82162,4,4,direct
82165,1,1,direct
82165,2,2,direct
82165,3,3,direct
82197,1,1,direct
82197,2,2,direct
82197,3,3,direct
82197,9,9,direct
82197,24,589,ancestor
82197,88,88,direct
82197,589,589,direct
82244,1,1,direct
82244,3,3,direct
82244,7,7,direct
82244,277,277,direct
82244,292,277,ancestor
82245,2,2,direct
82252,3,3,direct
82252,21,21,direct
82252,24,226,ancestor
82252,57,57,direct
82252,226,226,direct
82272,2,2,direct
82272,6,6,direct
82272,13,13,direct
82272,20,20,direct
82272,23,23,direct
82272,88,88,direct
82272,91,91,direct
82272,292,292,direct
82272,342,342,direct
82345,2,2,direct
82345,264,264,direct
82363,2,2,direct
82363,3,3,direct
82363,11,11,direct
82363,181,181,direct
82395,1,1,direct
82395,3,3,direct
82395,6,6,direct
82395,362,362,direct
82398,2,2,direct
82398,17,17,direct
82405,7,7,direct
82419,7,7,direct
82420,6,6,direct
82420,7,7,direct
82420,93,93,direct
82449,7,7,direct
82451,4,10,ancestor
82451,10,10,direct
82451,251,251,direct
82453,1,1,direct
82453,7,7,direct
82459,1,1,direct
82459,12,12,direct
82488,1,1,direct
82488,91,91,direct
82488,108,108,direct
82512,1,1,direct
82512,7,7,direct
82512,60,60,direct
82512,132,132,direct
82516,7,7,direct
82545,2,2,direct
82545,7,7,direct
82545,13,13,direct
82545,41,41,direct
82545,590,41,ancestor
82554,5,5,direct
82554,11,11,split
82554,17,17,direct
82554,49,49,split
82558,19,19,direct
82582,1,1,direct
82582,130,130,direct
82585,2,2,direct
82585,17,17,direct
82587,1,1,direct
82587,3,3,direct
82587,17,17,direct
82612,1,1,direct
82612,3,3,direct
82612,4,4,direct
82612,13,13,direct
82612,75,75,direct
82612,234,234,direct
82612,590,234,ancestor
82625,7,7,direct
82625,266,266,direct
82632,2,2,direct
82632,3,3,direct
82632,9,9,direct
82632,18,18,direct
82632,26,26,direct
82632,33,33,direct
82660,1,1,direct
82660,2,2,direct
82660,3,3,direct
82660,46,46,direct
82660,111,111,direct
82708,4,10,ancestor
82708,10,10,direct
82718,3,3,direct
82718,4,4,direct
82718,49,49,direct
82718,145,145,direct
82718,252,252,direct
82762,2,2,direct
82762,3,3,direct
82762,4,10,ancestor
82762,10,10,direct
82762,46,46,direct
82766,2,2,direct
82766,3,3,direct
82766,44,44,direct
82766,330,330,direct
82766,590,330,ancestor
82789,3,3,direct
82807,3,3,direct
82807,13,13,direct
82834,48,48,direct
82834,284,284,direct
82838,1,1,direct
82838,2,2,direct
82838,6,6,direct
82838,7,7,direct
82838,14,14,direct
82838,29,29,direct
82849,11,11,direct
82849,14,14,direct
82862,1,1,direct
82878,1,1,direct
82878,3,3,direct
82878,23,23,direct
82878,33,33,direct
82882,5,5,direct
82882,228,228,direct
82938,18,18,direct
82942,1,1,direct
82942,3,3,direct
82942,6,6,direct
82942,7,7,direct
82942,13,13,direct
82942,23,23,direct
82962,3,3,direct
82962,4,10,ancestor
82962,10,10,direct
82962,256,256,direct
82983,2,2,direct
82983,3,3,direct
83006,1,1,direct
83006,3,3,direct
83006,4,10,ancestor
83006,10,10,direct
83025,11,11,direct
83025,12,12,direct
83029,1,1,direct
83029,2,2,direct
83029,3,3,direct
83029,4,10,ancestor
83029,10,10,direct
83060,4,4,direct
83060,5,5,direct
83060,6,6,direct
83060,23,23,direct
83060,41,41,direct
83060,258,258,direct
83060,590,41,ancestor
83061,1,1,direct
83061,14,14,direct
83061,29,29,direct
83097,1,1,direct
83097,2,2,direct
83097,3,3,direct
83108,2,2,direct
83108,7,7,direct
83108,14,14,direct
83150,6,6,direct
83150,19,19,direct
83160,1,1,direct
83160,3,3,direct
83160,8,8,direct
83186,1,1,direct
83186,2,2,direct
83186,3,3,direct
83186,4,10,ancestor
83186,10,10,direct
83186,23,23,direct
83186,80,80,direct
83186,184,184,direct
83204,2,2,direct
83204,165,165,direct
83223,3,3,direct
83223,7,7,direct
83223,265,265,direct
83230,2,2,direct
83230,3,3,direct
83230,7,7,direct
83237,3,3,direct
83237,20,20,direct
83237,66,66,direct
83238,6,6,direct
83238,7,7,direct
83238,9,9,direct
83238,23,23,direct
83238,33,33,direct
83262,1,1,direct
83262,2,2,direct
83262,3,3,direct
83262,590,590,direct
83294,30,30,direct
83294,88,88,direct
83294,590,590,direct
83330,1,1,direct
83330,3,3,direct
83330,156,156,direct
83342,1,1,direct
83342,2,2,direct
83342,91,91,direct
83342,126,126,direct
83384,1,1,direct
83384,2,2,direct
83384,4,10,ancestor
83384,5,5,direct
83384,10,10,direct
83384,12,12,direct
83437,2,2,direct
83437,3,3,direct
83437,8,8,direct
83437,11,11,direct
83440,1,1,direct
83454,1,1,direct
83454,2,2,direct
83454,3,3,direct
83454,112,112,direct
83474,3,3,direct
83474,4,10,ancestor
83474,10,10,direct
83490,2,2,direct
83490,3,3,direct
83526,199,199,direct
83534,1,1,direct
83534,4,10,ancestor
83534,10,10,direct
83534,91,91,direct
83534,301,301,direct
83583,3,3,direct
83583,4,4,direct
83583,108,108,direct
83607,1,1,direct
83607,2,2,direct
83607,3,3,direct
83607,8,8,direct
83607,110,110,direct
83645,11,11,direct
83645,63,63,direct
83660,5,5,direct
83660,8,152,ancestor
83660,27,27,direct
83660,53,53,direct
83660,152,152,direct
83669,2,2,direct
83669,3,3,direct
83669,8,8,direct
83669,9,9,direct
83669,18,18,direct
83669,95,95,direct
83692,29,29,direct
83697,41,41,direct
83697,42,42,direct
83697,142,142,direct
83697,590,41,ancestor
83715,3,3,direct
83715,21,21,direct
83715,24,143,ancestor
83715,143,143,direct
83725,1,1,direct
83725,2,2,direct
83725,5,5,direct
83725,7,7,direct
83725,9,9,direct
83725,18,18,direct
83758,2,2,direct
83758,3,3,direct
83758,5,5,direct
83758,6,6,direct
83758,147,147,direct
83759,2,2,direct
83759,4,10,ancestor
83759,10,10,direct
83759,11,11,direct
83759,104,104,direct
83867,2,2,direct
83867,3,3,direct
83867,17,17,direct
83898,4,4,direct
83898,17,17,direct
83898,23,23,direct
83912,3,3,direct
83912,4,4,direct
83912,7,7,direct
83948,2,2,direct
83981,11,11,direct
83981,12,12,direct
84045,4,10,ancestor
84045,10,10,direct
84046,1,1,direct
84046,3,3,direct
84046,4,4,direct
84070,6,6,direct
84070,8,8,direct
84082,7,7,direct
84082,41,41,direct
84082,590,41,ancestor
84084,2,2,direct
84084,46,46,direct
84105,2,2,direct
84105,3,3,direct
84105,8,8,direct
84105,50,50,direct
84105,106,106,direct
84105,201,201,direct
84111,1,1,direct
84111,3,3,direct
84111,24,71,ancestor
84111,71,71,direct
84117,1,1,direct
84117,2,2,direct
84117,3,3,direct
84117,5,5,direct
84117,12,12,direct
84117,18,18,direct
84117,112,112,direct
84121,11,11,direct
84152,3,3,direct
84152,24,24,direct
84154,1,1,split
84154,2,2,split
84154,3,3,split
84154,4,10,ancestor
84154,10,10,direct
84161,1,1,direct
84161,3,3,direct
84161,24,589,ancestor
84161,589,589,direct
84162,2,2,direct
84162,18,18,direct
84162,24,589,ancestor
84162,239,239,direct
84162,589,589,direct
84164,3,3,direct
84164,4,10,ancestor
84164,10,10,direct
84164,11,11,direct
84165,1,1,direct
84165,2,2,direct
84165,3,3,direct
84165,8,8,direct
84165,265,265,direct
84169,1,1,direct
84169,2,2,direct
84169,3,3,direct
84169,4,4,direct
84169,231,231,direct
84179,1,1,direct
84179,3,3,direct
84186,7,7,direct
84186,138,138,direct
84245,30,30,direct
84260,2,2,direct
84260,3,3,direct
84260,84,84,direct
84306,1,1,direct
84306,2,2,direct
84306,7,7,direct
84321,8,82,ancestor
84321,14,14,direct
84321,82,82,direct
84332,3,3,direct
84332,11,11,direct
84332,23,23,direct
84332,24,589,ancestor
84332,589,589,direct
84370,1,1,direct
84411,3,3,direct
84411,29,29,direct
84415,1,1,split
84415,2,2,split
84415,3,3,split
84415,6,6,direct
84415,87,87,direct
84440,2,2,direct
84440,5,5,direct
84440,15,15,direct
84440,24,15,ancestor
84440,83,83,direct
84464,3,3,direct
84464,4,10,ancestor
84464,10,10,direct
84479,6,6,direct
84479,11,11,direct
84479,15,15,direct
84479,24,15,ancestor
84479,33,33,direct
84481,130,130,direct
84492,1,1,direct
84492,2,2,direct
84492,3,3,direct
84492,111,111,direct
84492,370,370,direct
84499,2,2,direct
84499,6,6,direct
84499,221,221,direct
84540,3,3,direct
84540,29,29,direct
84542,3,3,direct
84542,8,8,direct
84542,123,123,direct
84565,2,2,direct
84565,254,254,direct
84571,1,1,direct
84571,2,2,direct
84571,222,222,direct
84571,243,243,direct
84577,3,3,direct
84577,4,10,ancestor
84577,10,10,direct
84593,7,7,direct
84601,2,2,direct
84601,4,37,ancestor
84601,6,6,direct
84601,9,9,direct
84601,37,37,direct
84618,2,2,direct
84618,53,53,direct
84623,2,2,direct
84623,3,3,direct
84623,4,4,direct
84623,130,130,direct
84634,1,1,direct
84646,1,1,direct
84646,347,347,direct
84658,1,1,direct
84658,2,2,direct
84658,5,5,direct
84658,9,9,direct
84658,19,19,direct
84658,33,33,direct
84695,11,11,direct
84695,129,129,direct
84696,171,171,direct
84757,3,3,direct
84757,4,4,direct
84757,7,7,direct
84757,41,41,direct
84757,265,265,direct
84757,590,41,ancestor
84770,41,41,direct
84770,51,51,direct
84770,313,313,direct
84770,590,41,ancestor
84803,4,32,ancestor
84803,32,32,direct
84803,49,49,direct
84845,2,2,direct
84845,129,129,direct
84845,254,254,direct
84916,5,5,direct
84916,6,6,direct
84916,40,40,direct
84916,93,93,direct
84937,2,2,direct
84937,23,23,direct
84950,2,2,direct
84959,1,1,direct
84959,80,80,direct
84959,111,111,direct
84959,390,390,direct
84970,2,2,direct
84970,474,474,direct
84971,184,184,direct
84985,7,7,direct
85022,1,1,direct
85022,2,2,direct
85022,3,3,direct
85022,4,4,direct
85093,2,2,direct
85093,3,3,direct
85093,7,7,direct
85094,150,150,direct
85113,3,3,direct
85113,11,11,direct
85113,91,91,direct
85113,251,251,direct
85118,108,108,direct
85148,7,7,direct
85148,11,11,direct
85150,4,10,ancestor
85150,10,10,direct
85150,13,13,direct
85150,64,64,direct
85150,93,93,direct
85198,1,1,direct
85198,3,3,direct
85198,4,37,ancestor
85198,6,6,direct
85198,27,27,direct
85198,37,37,direct
85233,2,2,direct
85233,11,11,direct
85236,59,59,direct
85255,6,6,direct
85255,27,27,direct
85255,83,83,direct
85266,1,1,direct
85266,3,3,direct
85266,9,9,direct
85266,24,24,direct
85266,49,49,direct
85266,57,57,direct
85266,123,123,direct
85276,108,108,direct
85283,63,63,direct
85283,68,68,direct
85313,2,2,direct
85313,3,3,direct
85313,4,10,ancestor
85313,10,10,direct
85338,3,3,direct
85339,2,2,direct
85339,3,3,direct
85345,318,318,direct
85347,7,7,direct
85347,14,14,direct
85347,254,254,direct
85426,1,1,direct
85426,2,2,direct
85426,3,3,direct
85426,11,11,direct
85426,570,570,direct
85445,1,1,split
85445,2,2,split
85445,3,3,split
85445,11,11,direct
85458,2,2,direct
85458,53,53,direct
85479,3,3,direct
85479,83,83,direct
85491,4,4,direct
85491,18,18,direct
85542,2,2,direct
85542,4,4,direct
85542,18,18,direct
85596,1,1,direct
85596,3,3,direct
85596,590,590,direct
85633,4,4,direct
85633,40,40,direct
85636,2,2,direct
85636,14,14,direct
85636,110,110,direct
85641,15,15,direct
85641,22,22,direct
85641,24,15,ancestor
85641,91,91,direct
85670,1,1,direct
85670,2,2,direct
85670,3,3,direct
85670,11,11,direct
85670,164,164,direct
85700,2,2,direct
85778,1,1,direct
85778,2,2,direct
85778,4,4,direct
85778,12,12,direct
85793,1,1,direct
85793,2,2,direct
85793,4,4,direct
85793,68,68,direct
85815,7,7,direct
85827,14,14,direct
85846,1,1,direct
85846,2,2,direct
85846,18,18,direct
85846,46,46,direct
85857,18,18,direct
85857,27,27,direct
85877,1,1,direct
85877,2,2,direct
85877,4,203,ancestor
85877,7,7,direct
85877,123,123,direct
85877,203,203,direct
85883,1,1,direct
85883,3,3,direct
85902,3,3,direct
85902,27,27,direct
85902,78,78,direct
85907,1,1,direct
85907,2,2,direct
85907,3,3,direct
85907,84,84,direct
85909,1,1,direct
85909,3,3,direct
85909,12,12,direct
85909,24,143,ancestor
85909,143,143,direct
85921,2,2,direct
85921,3,3,direct
85921,11,11,direct
85921,12,12,direct
85921,24,24,direct
85921,84,84,direct
85953,2,2,direct
85953,5,5,direct
85953,9,9,direct
85953,91,91,direct
85953,156,156,direct
85954,1,1,direct
85954,2,2,direct
85954,6,6,direct
85954,7,7,direct
85954,11,11,direct
85954,33,33,direct
85956,1,1,direct
85956,3,3,direct
85956,24,589,ancestor
85956,184,184,direct
85956,589,589,direct
85968,2,2,direct
85968,3,3,direct
85968,24,24,direct
85982,1,1,direct
85982,7,7,direct
85982,14,14,direct
85992,79,79,direct
86001,1,1,direct
86001,2,2,direct
86001,46,46,direct
86006,1,1,direct
86006,3,3,direct
86006,78,78,direct
86006,80,80,direct
86012,1,1,direct
86012,2,2,direct
86012,7,7,direct
86012,60,60,direct
86026,1,1,split
86026,2,2,split
86026,3,3,split
86026,15,15,direct
86026,24,15,ancestor
86026,27,27,direct
86056,1,1,direct
86056,3,3,direct
86056,58,58,direct
86070,7,7,direct
86070,145,145,direct
86087,1,1,direct
86087,3,3,direct
86115,1,1,direct
86115,2,2,direct
86115,3,3,direct
86115,5,5,direct
86115,9,9,direct
86115,33,33,direct
86115,36,36,direct
86115,44,44,direct
86115,46,46,direct
86115,52,52,direct
86115,70,70,direct
86115,106,106,direct
86115,138,138,direct
86115,201,201,direct
86129,2,2,direct
86129,232,232,direct
86139,3,3,direct
86139,4,10,ancestor
86139,10,10,direct
86139,59,59,direct
86162,1,1,direct
86162,7,7,direct
86162,50,50,direct
86162,70,70,direct
86164,2,2,direct
86164,4,4,direct
86164,109,109,direct
86172,7,7,direct
86182,3,3,direct
86182,96,96,direct
86202,12,12,direct
86202,23,23,direct
86202,24,589,ancestor
86202,589,589,direct
86227,1,1,direct
86227,7,7,direct
86227,14,14,direct
86237,1,1,direct
86237,3,3,direct
86237,6,6,direct
86237,19,19,direct
86237,41,41,direct
86237,89,89,direct
86237,590,41,ancestor
86261,19,19,direct
86261,39,39,direct
86261,53,53,direct
86261,96,96,direct
86261,99,99,direct
86263,3,3,direct
86263,24,589,ancestor
86263,220,220,direct
86263,589,589,direct
86264,2,2,direct
86305,2,2,direct
86305,4,4,direct
86311,4,4,direct
86373,1,1,direct
86377,7,7,direct
86392,2,2,direct
86392,11,11,direct
86392,46,46,direct
86413,2,2,direct
86413,3,3,direct
86413,4,10,ancestor
86413,10,10,direct
86416,1,1,direct
86416,3,3,direct
86416,7,7,direct
86416,48,48,direct
86424,12,12,direct
86442,3,3,direct
86442,4,10,ancestor
86442,10,10,direct
86463,1,1,direct
86463,2,2,direct
86463,84,84,direct
86536,1,1,direct
86536,9,9,direct
86536,14,14,direct
86541,4,10,ancestor
86541,10,10,direct
86541,17,17,direct
86541,265,265,direct
86541,288,288,direct
86541,373,373,direct
86571,8,8,direct
86611,4,4,direct
86611,7,7,direct
86633,4,4,direct
86633,12,12,direct
86633,151,151,direct
86673,2,2,direct
86673,3,3,direct
86673,130,130,direct
86717,2,2,direct
86717,3,3,direct
86717,7,7,direct
86717,50,50,direct
86717,111,111,direct
86757,1,1,direct
86757,23,23,direct
86760,5,5,direct
86760,171,171,direct
86760,222,222,direct
86760,243,243,direct
86800,1,1,split
86800,2,2,split
86800,3,3,split
86800,79,79,direct
86800,257,257,direct
86845,1,1,direct
86845,7,7,direct
86875,1,1,direct
86875,2,2,direct
86875,3,3,direct
86875,4,4,direct
86903,1,1,direct
86903,3,3,direct
86903,9,9,direct
86903,58,140,ancestor
86903,59,59,direct
86903,140,140,direct
86907,1,1,direct
86907,2,2,direct
86907,3,3,direct
86907,9,9,direct
86907,79,79,direct
86924,14,14,direct
86960,1,1,direct
86960,2,2,direct
86960,65,65,direct
86960,590,590,direct
86974,1,1,direct
86974,3,3,direct
86974,4,4,direct
86977,7,7,direct
86977,9,9,direct
86977,14,14,direct
86977,19,19,direct
86977,23,23,direct
86990,1,1,direct
86990,2,2,direct
86990,3,3,direct
86990,245,245,direct
87014,8,8,direct
87014,50,50,direct
87045,7,7,direct
87045,14,14,direct
87045,31,31,direct
87048,4,4,direct
87048,6,6,direct
87048,12,12,direct
87048,129,129,direct
87048,184,184,direct
87054,3,3,direct
87060,16,16,direct
87060,27,27,direct
87060,96,96,direct
87077,1,1,direct
87077,2,2,direct
87077,110,110,direct
87085,59,59,direct
87099,1,1,direct
87099,2,2,direct
87099,4,10,ancestor
87099,10,10,direct
87099,49,49,direct
87100,1,1,direct
87100,2,2,direct
87100,3,3,direct
87100,91,91,direct
87100,590,590,direct
87101,3,3,direct
87101,24,24,direct
87113,11,11,direct
87130,232,232,direct
87130,341,341,direct
87130,590,341,ancestor
87140,27,27,direct
87160,2,2,direct
87160,7,7,direct
87160,91,91,direct
87160,337,337,direct
87168,2,2,direct
87168,3,3,direct
87168,17,17,direct
87168,19,19,direct
87205,29,29,direct
87222,1,1,split
87222,2,2,split
87222,29,29,direct
87222,590,590,direct
87236,5,5,direct
87236,9,9,direct
87236,11,11,direct
87236,19,19,direct
87282,53,53,direct
87282,283,283,direct
87282,590,590,direct
87291,2,2,direct
87291,3,3,direct
87291,7,7,direct
87291,14,14,direct
87295,1,1,direct
87295,2,2,direct
87295,11,11,direct
87319,1,1,direct
87319,7,7,direct
87321,1,1,direct
87321,2,2,direct
87321,3,3,direct
87321,4,32,ancestor
87321,32,32,direct
87348,1,1,split
87348,2,2,split
87348,3,3,split
87348,5,5,direct
87348,150,150,direct
87379,2,2,direct
87379,23,23,direct
87379,103,103,direct
87388,17,17,direct
87407,2,2,direct
87445,1,1,direct
87445,2,2,direct
87445,7,7,direct
87445,236,236,direct
87445,301,301,direct
87457,1,1,direct
87457,3,3,direct
87457,9,9,direct
87457,59,59,direct
87496,12,12,direct
87496,14,14,direct
87496,189,189,direct
87501,4,4,direct
87501,11,11,direct
87534,2,2,direct
87534,111,111,direct
87534,506,506,direct
87587,6,6,direct
87587,12,12,direct
87642,6,6,direct
87642,20,20,direct
87642,23,23,direct
87666,2,2,direct
87666,3,3,direct
87666,48,48,direct
87675,4,4,direct
87675,109,109,direct
87689,1,1,split
87689,2,2,split
87689,3,3,split
87689,33,33,direct
87689,46,46,direct
87689,66,66,direct
87696,35,35,direct
87696,351,351,direct
87725,1,1,direct
87725,59,59,direct
87744,2,2,direct
87744,3,3,direct
87744,5,5,direct
87744,17,17,direct
87744,22,22,direct
87744,24,589,ancestor
87744,589,589,direct
87788,1,1,direct
87788,3,3,direct
87788,9,9,direct
87788,421,421,direct
87790,2,2,direct
87790,33,33,direct
87790,78,78,direct
87790,136,136,direct
87793,1,1,direct
87793,2,2,direct
87793,91,91,direct
87793,164,164,direct
87821,3,3,direct
87828,12,12,direct
87828,18,18,direct
87828,23,23,direct
87828,24,241,ancestor
87828,71,241,ancestor
87828,241,241,direct
87834,1,1,direct
87834,2,2,direct
87834,12,12,direct
87834,110,110,direct
87888,2,2,direct
87888,110,110,direct
87895,80,80,direct
87906,1,1,direct
87906,2,2,direct
87906,18,18,direct
87906,76,76,direct
87925,29,29,direct
87925,48,48,direct
87925,590,590,direct
87959,78,78,direct
88006,2,2,direct
88006,6,6,direct
88006,27,27,direct
88008,1,1,direct
88008,29,29,direct
88008,33,33,direct
88029,23,23,direct
88115,26,26,direct
88115,38,38,direct
88116,4,10,ancestor
88116,5,5,direct
88116,10,10,direct
88116,12,12,direct
88116,14,14,direct
88136,4,10,ancestor
88136,10,10,direct
88150,8,8,direct
88156,2,2,direct
88156,53,53,direct
88211,4,10,ancestor
88211,10,10,direct
88235,1,1,direct
88235,2,2,direct
88235,3,3,direct
88235,5,5,direct
88235,49,49,direct
88246,2,2,direct
88246,3,3,direct
88246,36,36,direct
88246,50,50,direct
88246,167,167,direct
88268,4,4,direct
88268,7,7,direct
88299,1,1,direct
88299,478,478,direct
88317,1,1,direct
88317,33,33,direct
88317,103,103,direct
88339,1,1,direct
88339,3,3,direct
88339,318,318,direct
88339,321,321,direct
88340,6,6,direct
88340,12,12,direct
88340,460,460,direct
88341,1,1,direct
88341,3,3,direct
88351,1,1,direct
88351,5,5,direct
88351,6,6,direct
88351,8,82,ancestor
88351,63,63,direct
88351,82,82,direct
88357,1,1,direct
88357,2,2,direct
88357,19,19,direct
88369,3,3,direct
88369,4,10,ancestor
88369,5,5,direct
88369,10,10,direct
88369,18,18,direct
88376,3,3,direct
88376,4,4,direct
88376,153,153,direct
88385,1,1,direct
88385,2,2,direct
88385,3,3,direct
88385,11,11,direct
88385,23,23,direct
88385,24,589,ancestor
88385,49,49,direct
88385,589,589,direct
88420,4,10,ancestor
88420,5,5,direct
88420,10,10,direct
88420,11,11,direct
88451,3,3,direct
88451,4,4,direct
88451,11,11,direct
88451,132,132,direct
88494,2,2,direct
88494,3,3,direct
88494,80,80,direct
88504,3,3,direct
88504,8,275,ancestor
88504,58,140,ancestor
88504,140,140,direct
88504,217,217,direct
88504,275,275,direct
88520,4,4,direct
88520,11,11,direct
88520,14,14,direct
88525,3,3,direct
88525,4,204,ancestor
88525,7,7,direct
88525,204,204,direct
88527,86,86,direct
88532,3,3,direct
88532,9,9,direct
88532,46,46,direct
88532,66,66,direct
88584,21,21,direct
88592,2,2,direct
88592,11,11,split
88592,49,49,direct
88599,1,1,direct
88599,2,2,direct
88599,3,3,direct
88599,4,10,ancestor
88599,10,10,direct
88599,23,23,direct
88599,46,46,direct
88599,69,69,direct
88617,1,1,direct
88617,2,2,direct
88617,3,3,direct
88617,4,37,ancestor
88617,7,7,direct
88617,37,37,direct
88650,4,10,ancestor
88650,7,7,direct
88650,10,10,direct
88655,1,1,direct
88655,113,113,direct
88666,2,2,direct
88666,3,3,direct
88666,80,80,direct
88675,2,2,direct
88675,239,239,direct
88722,1,1,direct
88722,7,7,direct
88722,9,9,direct
88722,14,14,direct
88722,75,75,direct
88764,110,110,direct
88773,136,136,direct
88778,1,1,direct
88778,2,2,direct
88778,76,76,direct
88788,1,1,direct
88788,3,3,direct
88788,11,11,direct
88788,12,12,direct
88808,5,5,direct
88808,6,6,direct
88808,12,12,direct
88808,14,14,direct
88819,2,2,direct
88828,4,4,direct
88828,7,7,direct
88841,1,1,direct
88841,2,2,direct
88841,3,3,direct
88841,5,5,direct
88841,88,88,direct
88841,91,91,direct
88841,111,111,direct
88842,1,1,direct
88842,3,3,direct
88842,282,282,direct
88872,2,2,direct
88872,264,264,direct
88900,217,217,direct
88902,3,3,direct
88902,5,5,direct
88902,8,82,ancestor
88902,14,14,direct
88902,82,82,direct
88920,2,2,direct
88920,3,3,direct
88920,20,20,direct
88920,21,21,direct
88920,64,64,direct
88920,115,115,direct
88920,453,453,direct
88920,471,471,direct
88923,18,18,direct
88923,19,19,direct
88923,27,27,direct
88949,7,7,direct
88949,229,229,direct
88952,2,2,direct
88952,3,3,direct
88952,6,6,direct
88952,24,589,ancestor
88952,65,65,direct
88952,119,119,direct
88952,589,589,direct
88983,4,4,direct
88983,6,6,direct
88983,23,23,direct
88983,33,33,direct
88984,1,1,direct
88984,4,10,ancestor
88984,9,9,direct
88984,10,10,direct
88984,12,12,direct
88984,110,110,direct
88984,151,151,direct
89013,6,6,direct
89013,53,53,direct
89030,130,130,direct
89047,15,15,direct
89047,24,15,ancestor
89071,11,11,direct
89071,12,12,direct
89071,110,110,direct
89120,2,2,direct
89120,4,4,direct
89120,27,27,direct
89193,3,3,direct
89193,4,4,direct
89193,19,19,direct
89193,33,33,direct
89193,362,362,direct
89239,48,48,direct
89239,330,330,direct
89239,590,330,ancestor
89242,1,1,direct
89242,2,2,direct
89242,4,32,ancestor
89242,30,30,direct
89242,32,32,direct
89285,3,3,direct
89285,21,21,direct
89290,4,4,direct
89290,7,7,direct
89290,19,19,direct
89290,33,33,direct
89298,63,63,direct
89319,5,5,direct
89319,14,14,direct
89333,1,1,direct
89333,2,2,direct
89333,9,9,direct
89333,15,15,direct
89333,24,15,ancestor
89333,52,52,direct
89367,3,3,direct
89367,16,16,direct
89390,1,1,direct
89390,2,2,direct
89390,3,3,direct
89390,9,9,direct
89390,431,431,direct
89425,1,1,direct
89425,2,2,direct
89425,3,3,direct
89425,4,10,ancestor
89425,10,10,direct
89425,186,186,direct
89445,2,2,direct
89451,1,1,direct
89451,6,6,direct
89451,53,53,direct
89453,11,11,direct
89458,23,23,direct
89459,1,1,direct
89459,2,2,direct
89459,3,3,direct
89459,9,9,direct
89459,15,15,direct
89459,18,18,direct
89459,24,15,ancestor
89459,36,36,direct
89484,1,1,direct
89484,2,2,direct
89484,14,14,direct
89484,53,53,direct
89489,1,1,direct
89489,2,2,direct
89489,3,3,direct
89489,18,18,direct
89491,11,11,direct
89493,5,5,direct
89493,6,6,direct
89493,31,31,direct
89500,24,71,ancestor
89500,71,71,direct
89507,1,1,direct
89507,2,2,direct
89507,337,337,direct
89518,6,6,direct
89518,13,13,direct
89518,15,15,direct
89518,24,15,ancestor
89518,81,81,direct
89518,229,229,direct
89542,2,2,direct
89542,5,5,direct
89542,12,12,direct
89559,2,2,direct
89559,5,5,direct
89559,91,91,direct
89559,244,244,direct
89563,2,2,direct
89563,3,3,direct
89563,8,152,ancestor
89563,19,19,direct
89563,152,152,direct
89594,1,1,direct
89594,3,3,direct
89627,2,2,direct
89627,3,3,direct
89627,5,5,direct
89627,6,6,direct
89627,8,82,ancestor
89627,82,82,direct
89641,5,5,direct
89641,8,8,direct
89641,123,123,direct
89657,7,7,direct
89657,221,221,direct
89694,1,1,direct
89694,3,3,direct
89694,5,5,direct
89694,12,12,direct
89694,24,589,ancestor
89694,589,589,direct
89707,2,2,direct
89707,3,3,direct
89707,18,18,direct
89707,78,78,direct
89759,1,1,direct
89759,7,7,direct
89769,1,1,split
89769,2,2,direct
89769,3,3,split
89769,9,9,direct
89769,22,22,direct
89769,91,91,direct
89769,112,112,direct
89769,201,201,direct
89776,7,7,direct
89776,23,23,direct
89776,41,41,direct
89776,137,137,direct
89776,590,41,ancestor
89777,1,1,direct
89777,7,7,direct
89777,317,317,direct
89791,265,265,direct
89804,3,3,direct
89804,4,4,direct
89804,11,11,direct
89824,3,3,direct
89824,12,12,direct
89824,91,91,direct
89894,7,7,direct
89894,41,41,direct
89894,104,104,direct
89894,590,41,ancestor
89922,2,2,direct
89922,3,3,direct
89922,5,5,direct
89922,6,6,direct
89922,60,60,direct
89949,5,5,direct
89949,252,252,direct
89951,90,90,direct
89951,214,214,direct
89954,2,2,direct
89954,73,73,direct
89955,3,3,direct
89955,16,16,direct
89955,21,21,direct
89955,112,112,direct
89955,373,373,direct
89965,1,1,direct
89965,7,7,direct
89966,46,46,direct
89966,74,74,direct
89973,1,1,direct
89973,3,3,direct
89973,173,173,direct
89974,1,1,direct
89974,2,2,direct
89974,14,14,direct
89996,3,3,direct
90030,3,3,direct
90030,23,23,direct
90030,24,24,direct
90030,198,198,direct
90030,268,268,direct
90062,2,2,direct
90062,3,3,direct
90062,29,29,direct
90101,1,1,direct
90101,2,2,direct
90101,3,3,direct
90101,11,11,direct
90101,49,49,direct
90101,78,78,direct
90222,2,2,direct
90222,3,3,direct
90222,24,589,ancestor
90222,46,46,direct
90222,589,589,direct
90234,4,10,ancestor
90234,10,10,direct
90234,26,26,direct
90234,31,31,direct
90235,112,112,direct
90250,2,2,direct
90250,5,5,direct
90250,58,58,direct
90250,74,74,direct
90250,201,201,direct
90254,6,6,direct
90254,7,7,direct
90254,53,53,direct
90264,1,1,direct
90264,3,3,direct
90264,4,4,direct
90264,7,7,direct
90264,234,234,direct
90264,590,234,ancestor
90322,80,80,direct
90324,2,2,direct
90324,3,3,direct
90324,5,5,direct
90324,11,11,direct
90324,49,49,direct
90324,91,91,direct
90328,1,1,direct
90328,2,2,direct
90328,3,3,direct
90328,391,391,direct
90342,44,44,direct
90342,83,83,direct
90363,24,589,ancestor
90363,30,30,direct
90363,589,589,direct
90366,1,1,direct
90366,11,11,split
90366,49,49,split
90392,7,7,direct
90392,11,11,direct
90397,9,9,direct
90397,110,110,direct
90441,1,1,direct
90441,2,2,direct
90441,3,3,direct
90441,12,12,direct
90441,26,26,direct
90556,2,2,direct
90559,4,339,ancestor
90559,32,339,ancestor
90559,339,339,direct
90622,1,1,direct
90622,11,11,split
90622,49,49,split
90622,293,293,direct
90624,3,3,direct
90624,9,9,direct
90624,15,15,direct
90624,24,15,ancestor
90624,91,91,direct
90654,17,17,direct
90654,64,64,direct
90660,7,7,direct
90660,33,33,direct
90660,48,48,direct
90663,109,109,direct
90665,1,1,direct
90665,4,37,ancestor
90665,11,11,direct
90665,37,37,direct
90676,2,2,direct
90676,17,17,direct
90676,36,36,direct
90676,91,91,direct
90692,1,1,direct
90692,2,2,direct
90692,3,3,direct
90692,9,9,direct
90692,11,11,direct
90692,110,110,direct
90695,17,17,direct
90695,136,136,direct
90714,1,1,direct
90714,3,3,direct
90714,113,113,direct
90720,2,2,direct
90720,8,8,direct
90720,16,16,direct
90720,23,23,direct
90720,26,26,direct
90720,50,50,direct
90723,2,2,direct
90723,11,11,direct
90723,201,201,direct
90724,1,1,split
90724,3,3,split
90724,7,7,direct
90762,2,2,direct
90762,136,136,direct
90768,6,6,direct
90768,12,12,direct
90768,24,589,ancestor
90768,589,589,direct
90777,1,1,direct
90777,3,3,direct
90777,17,17,direct
90777,242,242,direct
90778,11,11,direct
90778,13,13,direct
90778,14,14,direct
90816,2,2,direct
90816,3,3,direct
90816,5,5,direct
90816,24,589,ancestor
90816,589,589,direct
90824,1,1,direct
90824,7,7,direct
90865,7,7,direct
90882,2,2,direct
90882,142,142,direct
90943,7,7,direct
90943,8,8,direct
90943,11,11,direct
90943,49,49,direct
90943,83,83,direct
90950,3,3,direct
90950,9,9,direct
90955,2,2,direct
90955,3,3,direct
90955,130,130,direct
90958,2,2,direct
90958,3,3,direct
90958,514,514,direct
90987,3,3,direct
90987,6,6,direct
90987,15,15,direct
90987,16,16,direct
90987,24,15,ancestor
90987,145,145,direct
91042,1,1,direct
91042,2,2,direct
91042,3,3,direct
91042,50,50,direct
91042,315,315,direct
91082,110,110,direct
91148,1,1,direct
91148,6,6,direct
91148,33,33,direct
91148,145,145,direct
91148,229,229,direct
91150,261,261,direct
91154,1,1,direct
91154,19,19,direct
91293,6,6,direct
91293,11,11,direct
91345,2,2,direct
91345,17,17,direct
91345,110,110,direct
91375,2,2,direct
91375,3,3,direct
91375,11,11,direct
91375,24,24,direct
91402,3,3,direct
91402,27,27,direct
91402,57,57,direct
91402,243,243,direct
91404,2,2,direct
91448,2,2,direct
91448,4,37,ancestor
91448,6,6,direct
91448,12,12,direct
91448,37,37,direct
91455,3,3,direct
91455,58,58,direct
91455,59,59,direct
91476,8,82,ancestor
91476,63,63,direct
91476,82,82,direct
91526,3,3,direct
91526,8,8,direct
91586,2,2,direct
91586,3,3,direct
91586,5,5,direct
91586,265,265,direct
91594,81,81,direct
91598,1,1,direct
91598,2,2,direct
91598,3,3,direct
91598,379,379,direct
91612,2,2,direct
91612,12,12,direct
91612,136,136,direct
91622,2,2,direct
91622,6,6,direct
91622,23,23,direct
91622,65,65,direct
91622,118,118,direct
91644,1,1,direct
91644,3,3,direct
91644,5,5,direct
91644,6,6,direct
91644,11,11,direct
91644,12,12,direct
91644,24,24,direct
91644,76,76,direct
91654,1,1,direct
91654,3,3,direct
91654,382,382,direct
91667,9,9,direct
91667,52,52,direct
91681,2,2,direct
91681,4,4,direct
91681,12,12,direct
91681,110,110,direct
91697,2,2,direct
91736,1,1,direct
91736,14,14,direct
91745,2,2,direct
91745,17,17,direct
91745,265,265,direct
91787,3,3,direct
91787,590,590,direct
91822,3,3,direct
91822,7,7,direct
91832,7,7,direct
91832,48,48,direct
91832,88,88,direct
91835,1,1,direct
91835,3,3,direct
91835,27,27,direct
91835,41,41,direct
91835,590,41,ancestor
91852,2,2,direct
91852,3,3,direct
91852,11,11,direct
91852,12,12,direct
91908,1,1,direct
91908,3,3,direct
91908,24,24,direct
91919,3,3,direct
91922,1,1,direct
91922,2,2,direct
91922,9,9,direct
91922,41,41,direct
91922,110,110,direct
91922,590,41,ancestor
91950,4,4,direct
91950,80,80,direct
91954,1,1,split
91954,2,2,split
91954,3,3,split
91954,5,5,direct
91954,6,6,direct
91954,19,19,direct
91954,95,95,direct
91954,171,171,direct
91993,2,2,direct
91993,4,4,direct
91993,11,11,direct
91993,83,83,direct
92009,9,9,direct
92009,11,11,split
92009,48,48,direct
92009,50,50,split
92015,6,6,direct
92015,47,47,direct
92015,127,127,direct
92015,144,144,direct
92015,479,479,direct
92039,15,15,direct
92039,17,17,direct
92039,24,15,ancestor
92039,148,148,direct
92043,1,1,direct
92043,2,2,direct
92043,46,46,direct
92043,91,91,direct
92058,2,2,direct
92058,6,6,direct
92058,9,9,direct
92058,12,12,direct
92095,2,2,direct
92095,5,5,direct
92095,6,6,direct
92095,9,9,direct
92095,11,11,direct
92095,12,12,direct
92095,24,589,ancestor
92095,33,33,direct
92095,46,46,direct
92095,68,68,direct
92095,91,91,direct
92095,589,589,direct
92130,5,5,direct
92130,6,6,direct
92130,11,11,direct
92141,83,83,direct
92147,3,3,direct
92155,2,2,direct
92155,3,3,direct
92155,88,88,direct
92155,91,91,direct
92167,2,2,direct
92167,48,48,direct
92170,3,3,direct
92170,8,8,direct
92172,2,2,direct
92172,3,3,direct
92172,12,12,direct
92172,24,589,ancestor
92172,589,589,direct
92176,3,3,direct
92176,222,222,direct
92202,1,1,split
92202,2,2,split
92202,3,3,split
92202,11,11,direct
92202,83,83,direct
92233,1,1,direct
92233,2,2,direct
92233,3,3,direct
92233,9,9,direct
92233,245,245,direct
92252,84,84,direct
92262,80,80,direct
92274,12,12,direct
92274,53,53,direct
92294,75,75,direct
92301,5,5,direct
92301,6,6,direct
92301,53,53,direct
92301,66,66,direct
92305,1,1,split
92305,2,2,split
92305,3,3,split
92305,4,4,direct
92305,5,5,direct
92305,11,11,direct
92305,12,12,direct
92305,14,14,direct
92336,1,1,direct
92336,3,3,direct
92336,9,9,direct
92336,27,27,direct
92336,150,150,direct
92354,1,1,direct
92354,20,20,direct
92356,1,1,split
92356,2,2,split
92356,3,3,split
92356,23,23,direct
92356,27,27,direct
92356,91,91,direct
92382,3,3,direct
92382,6,6,direct
92382,58,140,ancestor
92382,131,131,direct
92382,140,140,direct
92382,250,250,direct
92391,11,11,direct
92396,5,5,direct
92396,15,15,direct
92396,24,15,ancestor
92402,1,1,split
92402,2,2,split
92402,3,3,split
92402,9,9,direct
92402,14,14,direct
92402,46,46,direct
92402,98,98,direct
92420,2,2,direct
92420,3,3,direct
92420,265,265,direct
92423,7,7,direct
92429,1,1,direct
92429,2,2,direct
92429,3,3,direct
92429,9,9,direct
92429,50,50,direct
92429,323,323,direct
92430,1,1,direct
92430,2,2,direct
92430,3,3,direct
92430,11,11,direct
92448,1,1,direct
92448,2,2,direct
92448,3,3,direct
92448,23,23,direct
92448,126,126,direct
92460,1,1,direct
92481,2,2,direct
92481,5,5,direct
92481,6,6,direct
92481,14,14,direct
92481,51,51,direct
92482,3,3,direct
92482,6,6,direct
92482,33,33,direct
92492,337,337,direct
92501,1,1,direct
92501,2,2,direct
92501,4,10,ancestor
92501,10,10,direct
92501,136,136,direct
92516,12,12,direct
92516,24,589,ancestor
92516,84,84,direct
92516,589,589,direct
92550,2,2,direct
92550,3,3,direct
92550,4,4,direct
92550,11,11,direct
92588,17,17,direct
92594,2,2,direct
92594,257,257,direct
92664,3,3,direct
92664,18,18,direct
92664,340,340,direct
92664,367,367,direct
92664,368,368,direct
92690,1,1,split
92690,3,3,split
92690,16,16,direct
92690,85,85,direct
92703,6,6,direct
92703,12,12,direct
92703,19,19,direct
92733,2,2,direct
92733,7,7,direct
92742,2,2,direct
92742,3,3,direct
92742,4,10,ancestor
92742,10,10,direct
92742,11,11,direct
92742,49,49,direct
92742,80,80,direct
92747,1,1,direct
92791,2,2,direct
92791,3,3,direct
92791,5,5,direct
92791,6,6,direct
92791,258,258,direct
92811,23,23,direct
92811,118,118,direct
92811,184,184,direct
92811,199,199,direct
92811,236,236,direct
92837,3,3,direct
92837,6,6,direct
92837,41,41,direct
92837,53,53,direct
92837,590,41,ancestor
92838,2,2,direct
92838,3,3,direct
92838,5,5,direct
92838,78,78,direct
92900,2,2,direct
92900,11,11,direct
92900,78,78,direct
92900,590,590,direct
92904,1,1,direct
92904,2,2,direct
92904,91,91,direct
92904,110,110,direct
92945,2,2,direct
92945,18,18,direct
92945,142,142,direct
92977,1,1,direct
92977,6,6,direct
92977,20,20,direct
92977,23,23,direct
92982,280,280,direct
92989,4,10,ancestor
92989,10,10,direct
92989,101,101,direct
92998,344,344,direct
93010,1,1,direct
93010,3,3,direct
93010,6,6,direct
93010,8,8,direct
93030,4,10,ancestor
93030,7,7,direct
93030,10,10,direct
93030,64,64,direct
93030,96,96,direct
93052,80,80,direct
93080,21,21,direct
93080,64,64,direct
93103,12,12,direct
93103,36,36,direct
93114,20,20,direct
93128,3,3,direct
93128,12,12,direct
93128,70,70,direct
93128,106,106,direct
93153,2,2,direct
93153,5,5,direct
93153,6,6,direct
93153,11,11,direct
93153,33,33,direct
93217,1,1,direct
93217,2,2,direct
93217,50,50,direct
93217,448,448,direct
93257,6,6,direct
93257,77,77,direct
93257,81,81,direct
93257,385,385,direct
93262,3,3,direct
93262,4,4,direct
93270,2,2,direct
93270,44,44,direct
93270,269,269,direct
93280,33,33,direct
93280,53,53,direct
93290,3,3,direct
93291,2,2,direct
93291,3,3,direct
93291,11,11,direct
93291,18,18,direct
93291,24,589,ancestor
93291,589,589,direct
93329,6,6,direct
93329,7,7,direct
93329,40,40,direct
93329,93,93,direct
93329,134,134,direct
93329,252,252,direct
93341,12,12,direct
93347,3,3,direct
93347,4,4,direct
93347,101,101,direct
93354,3,3,direct
93354,9,9,direct
93354,33,33,direct
93354,58,250,ancestor
93354,250,250,direct
93412,7,7,direct
93427,2,2,direct
93427,11,11,direct
93427,12,12,direct
93443,64,64,direct
93443,93,93,direct
93469,1,1,direct
93469,5,5,direct
93469,8,82,ancestor
93469,82,82,direct
93476,2,2,direct
93476,5,5,direct
93476,92,92,direct
93495,1,1,direct
93495,2,2,direct
93495,3,3,direct
93495,5,5,direct
93509,2,2,direct
93509,11,11,direct
93509,46,46,direct
93526,1,1,direct
93526,2,2,direct
93526,3,3,direct
93527,26,26,direct
93540,2,2,direct
93540,136,136,direct
93544,1,1,direct
93544,33,33,direct
93544,145,145,direct
93558,1,1,direct
93558,2,2,direct
93558,3,3,direct
93563,70,70,direct
93563,590,590,direct
93575,1,1,direct
93575,2,2,direct
93575,3,3,direct
93575,110,110,direct
93575,111,111,direct
93582,1,1,direct
93582,2,2,direct
93582,12,12,direct
93594,7,7,direct
93602,2,2,direct
93602,3,3,direct
93602,5,5,direct
93602,6,6,direct
93602,8,82,ancestor
93602,12,12,direct
93602,14,14,direct
93602,82,82,direct
93603,1,1,direct
93603,5,5,direct
93603,110,110,direct
93611,3,3,direct
93611,8,8,direct
93611,265,265,direct
93623,20,20,direct
93671,2,2,direct
93671,3,3,direct
93671,24,71,ancestor
93671,71,71,direct
93677,3,3,direct
93677,24,589,ancestor
93677,384,384,direct
93677,589,589,direct
93688,7,7,direct
93688,142,142,direct
93727,1,1,direct
93727,3,3,direct
93786,4,4,direct
93804,2,2,direct
93804,111,111,direct
93804,264,264,direct
93825,1,1,direct
93825,3,3,direct
93832,7,7,direct
93848,1,1,direct
93848,3,3,direct
93848,24,71,ancestor
93848,71,71,direct
93866,12,12,direct
93866,15,15,direct
93866,24,15,ancestor
93905,11,11,direct
93905,362,362,direct
93928,1,1,direct
93928,4,10,ancestor
93928,10,10,direct
93928,23,23,direct
93928,57,57,direct
93928,265,265,direct
93932,1,1,direct
93932,3,3,direct
93932,5,5,direct
93932,8,82,ancestor
93932,9,9,direct
93932,12,12,direct
93932,82,82,direct
93936,1,1,direct
93936,2,2,direct
93936,3,3,direct
93936,5,5,direct
93936,383,383,direct
93937,4,37,ancestor
93937,37,37,direct
93937,265,265,direct
93955,48,48,direct
93955,447,447,direct
93956,1,1,direct
93956,284,284,direct
93967,2,2,direct
93967,18,18,direct
93975,1,1,split
93975,2,2,split
93975,3,3,split
93975,221,221,direct
93982,5,5,direct
93982,9,9,direct
93982,15,15,direct
93982,24,15,ancestor
94027,11,11,direct
94027,23,23,direct
94034,5,5,direct
94034,14,14,direct
94034,53,53,direct
94134,1,1,direct
94134,3,3,direct
94134,126,126,direct
94170,2,2,direct
94208,4,10,ancestor
94208,7,7,direct
94208,10,10,direct
94208,48,48,direct
94254,1,1,direct
94254,2,2,direct
94254,11,11,direct
94254,20,20,direct
94254,102,102,direct
94254,238,238,direct
94254,340,340,direct
94264,4,10,ancestor
94264,10,10,direct
94264,145,145,direct
94270,20,20,direct
94270,63,63,direct
94278,2,2,direct
94278,53,53,direct
94278,234,234,direct
94278,590,234,ancestor
94339,2,2,direct
94339,6,6,direct
94339,19,19,direct
94339,85,85,direct
94367,2,2,direct
94367,5,5,direct
94367,49,49,direct
94367,83,83,direct
94398,1,1,direct
94414,2,2,direct
94414,8,8,direct
94414,82,82,direct
94440,2,2,direct
94440,83,83,direct
94440,221,221,direct
94462,24,143,ancestor
94462,26,26,direct
94462,143,143,direct
94465,2,2,direct
94465,3,3,direct
94465,4,37,ancestor
94465,6,6,direct
94465,11,11,direct
94465,33,33,direct
94465,37,37,direct
94465,52,52,direct
94489,2,2,direct
94489,4,4,direct
94489,6,6,direct
94489,84,84,direct
94498,2,2,direct
94498,53,53,direct
94498,80,80,direct
94504,1,1,split
94504,2,2,split
94504,3,3,split
94504,328,328,direct
94529,1,1,direct
94532,7,7,direct
94532,53,53,direct
94532,590,590,direct
94548,3,3,direct
94548,110,110,direct
94605,7,7,direct
94605,19,19,direct
94611,1,1,split
94611,2,2,split
94611,3,3,split
94611,23,23,direct
94611,24,589,ancestor
94611,589,589,direct
94619,1,1,direct
94619,3,3,direct
94619,4,4,direct
94619,7,7,direct
94627,1,1,direct
94627,2,2,direct
94627,3,3,direct
94627,108,108,direct
94687,87,87,direct
94700,1,1,direct
94700,96,96,direct
94704,2,2,direct
94704,3,3,direct
94723,1,1,direct
94723,2,2,direct
94723,3,3,direct
94723,17,17,direct
94723,67,67,direct
94747,1,1,direct
94747,7,7,direct
94760,1,1,direct
94760,2,2,direct
94760,3,3,direct
94760,23,23,direct
94760,24,589,ancestor
94760,91,91,direct
94760,589,589,direct
94774,6,6,direct
94774,33,33,direct
94774,109,109,direct
94840,2,2,direct
94840,4,10,ancestor
94840,10,10,direct
94840,91,91,direct
94881,2,2,direct
94881,3,3,direct
94881,171,171,direct
94885,2,2,direct
94885,6,6,direct
94885,12,12,direct
94996,156,156,direct
94997,11,11,direct
94997,12,12,direct
94997,110,110,direct
95011,2,2,direct
95039,2,2,direct
95039,3,3,direct
95063,2,2,direct
95063,110,110,direct
95167,1,1,direct
95167,3,3,direct
95167,7,7,direct
95167,41,41,direct
95167,590,41,ancestor
95199,2,2,direct
95199,3,3,direct
95199,8,8,direct
95199,169,169,direct
95199,183,183,direct
95220,101,101,direct
95225,1,1,direct
95225,2,2,direct
95225,3,3,direct
95225,342,342,direct
95263,1,1,direct
95263,3,3,direct
95263,6,6,direct
95263,9,9,direct
95263,93,93,direct
95263,97,97,direct
95263,173,173,direct
95283,7,7,direct
95283,104,104,direct
95290,2,2,direct
95290,3,3,direct
95290,4,4,direct
95290,11,11,direct
95290,63,63,direct
95304,23,23,direct
95312,1,1,split
95312,2,2,split
95312,3,3,split
95312,17,17,direct
95312,590,590,direct
95317,1,1,direct
95317,7,7,direct
95317,41,41,direct
95317,590,41,ancestor
95318,5,5,direct
95318,11,11,direct
95318,91,91,direct
95340,3,3,direct
95340,9,9,direct
95346,1,1,direct
95346,2,2,direct
95346,17,17,direct
95376,2,2,direct
95376,130,130,direct
95378,3,3,direct
95378,27,27,direct
95378,83,83,direct
95378,130,130,direct
95378,242,307,ancestor
95378,252,252,direct
95378,307,307,direct
95380,3,3,direct
95380,7,7,direct
95380,29,29,direct
95391,1,1,direct
95391,2,2,direct
95391,3,3,direct
95391,91,91,direct
95391,235,235,direct
95397,2,2,direct
95397,3,3,direct
95397,19,19,direct
95412,1,1,direct
95412,2,2,direct
95412,3,3,direct
95412,17,17,direct
95412,24,71,ancestor
95412,71,71,direct
95448,1,1,direct
95448,3,3,direct
95448,9,9,direct
95457,1,1,direct
95457,57,57,direct
95457,282,282,direct
95464,9,9,direct
95464,11,11,direct
95464,18,18,direct
95464,49,49,direct
95464,321,321,direct
95465,1,1,direct
95465,2,2,direct
95487,390,390,direct
95510,1,1,direct
95510,2,2,direct
95510,3,3,direct
95546,1,1,direct
95546,18,18,direct
95546,326,326,direct
95553,2,2,direct
95553,41,41,direct
95553,69,69,direct
95553,590,41,ancestor
95568,1,1,split
95568,2,2,split
95568,3,3,split
95568,284,284,direct
95571,1,1,direct
95571,3,3,direct
95571,122,122,direct
95571,128,128,direct
95571,183,183,direct
95576,222,222,direct
95592,1,1,direct
95592,2,2,direct
95592,3,3,direct
95592,5,5,direct
95592,24,24,direct
95592,26,26,direct
95592,27,27,direct
95602,85,85,direct
95605,2,2,direct
95605,110,110,direct
95611,78,78,direct
95611,110,110,direct
95612,2,2,direct
95612,3,3,direct
95613,162,162,direct
95628,1,1,direct
95628,2,2,direct
95628,3,3,direct
95628,5,5,direct
95628,12,12,direct
95628,23,23,direct
95628,24,589,ancestor
95628,589,589,direct
95651,6,6,direct
95651,12,12,direct
95651,15,15,direct
95651,24,15,ancestor
95651,63,63,direct
95664,1,1,direct
95664,83,83,direct
95681,2,2,direct
95681,23,23,direct
95688,3,3,direct
95688,24,589,ancestor
95688,589,589,direct
95696,3,3,direct
95696,382,382,direct
95741,31,31,direct
95753,63,63,direct
95753,359,359,direct
95753,534,534,direct
95800,63,63,direct
95805,15,15,direct
95805,24,15,ancestor
95805,130,130,direct
95813,1,1,direct
95813,422,422,direct
95830,1,1,direct
95830,2,2,direct
95830,3,3,direct
95830,4,4,direct
95830,23,23,direct
95845,2,2,direct
95845,3,3,direct
95845,4,10,ancestor
95845,10,10,direct
95845,130,130,direct
95857,1,1,direct
95857,3,3,direct
95857,24,589,ancestor
95857,589,589,direct
95863,1,1,direct
95863,3,3,direct
95863,129,129,direct
95863,348,348,direct
95905,2,2,direct
95905,11,11,direct
95948,1,1,direct
95948,6,6,direct
95948,7,7,direct
95948,11,11,direct
95951,2,2,direct
95951,590,590,direct
95970,2,2,direct
95981,2,2,direct
95981,3,3,direct
95981,9,9,direct
95981,33,33,direct
95981,46,46,direct
95988,1,1,direct
95988,3,3,direct
95988,79,79,direct
95988,282,282,direct
96008,87,87,direct
96027,1,1,direct
96027,3,3,direct
96027,4,4,direct
96027,18,18,direct
96031,1,1,split
96031,3,3,split
96031,4,10,ancestor
96031,10,10,direct
96031,12,12,direct
96031,84,84,direct
96108,1,1,direct
96108,6,6,direct
96108,15,15,direct
96108,19,19,direct
96108,24,15,ancestor
96108,52,52,direct
96125,7,7,direct
96125,265,265,direct
96128,43,43,direct
96128,61,61,direct
96149,330,330,direct
96149,590,330,ancestor
96177,2,2,direct
96177,145,145,direct
96220,2,2,direct
96220,3,3,direct
96222,2,2,direct
96222,264,264,direct
96224,12,12,direct
96224,14,14,direct
96224,33,33,direct
96239,1,1,direct
96239,3,3,direct
96239,12,12,direct
96239,24,105,ancestor
96239,46,46,direct
96239,50,50,direct
96239,71,105,ancestor
96239,105,105,direct
96248,1,1,direct
96248,2,2,direct
96248,23,23,direct
96248,24,24,direct
96255,1,1,direct
96255,2,2,direct
96255,14,14,direct
96255,29,29,direct
96270,2,2,direct
96270,11,11,direct
96270,14,14,direct
96270,108,108,direct
96270,132,132,direct
96290,1,1,direct
96290,2,2,direct
96290,3,3,direct
96290,5,5,direct
96290,9,9,direct
96290,49,49,direct
96290,277,277,direct
96290,292,277,ancestor
96314,6,6,direct
96314,19,19,direct
96314,23,23,direct
96337,7,7,direct
96362,4,10,ancestor
96362,5,5,direct
96362,7,7,direct
96362,10,10,direct
96362,23,23,direct
96391,2,2,direct
96391,165,165,direct
96403,15,15,direct
96403,24,15,ancestor
96403,78,78,direct
96403,92,92,direct
96403,528,528,direct
96403,590,590,direct
96409,2,2,direct
96409,3,3,direct
96409,6,6,direct
96409,8,82,ancestor
96409,12,12,direct
96409,14,14,direct
96409,82,82,direct
96444,3,3,direct
96444,7,7,direct
96444,8,8,direct
96447,46,46,direct
96447,52,52,direct
96447,178,178,direct
96463,2,2,direct
96463,3,3,direct
96463,24,589,ancestor
96463,91,91,direct
96463,201,201,direct
96463,589,589,direct
96479,1,1,split
96479,2,2,split
96479,3,3,split
96479,5,5,direct
96479,7,7,direct
96479,11,11,direct
96479,23,23,direct
96479,118,118,direct
96497,2,2,direct
96497,7,7,direct
96497,9,9,direct
96497,36,36,direct
96498,2,2,direct
96498,6,6,direct
96498,8,82,ancestor
96498,12,12,direct
96498,14,14,direct
96498,82,82,direct
96543,5,5,direct
96543,8,8,direct
96543,14,14,direct
96543,76,76,direct
96591,33,33,direct
96591,85,85,direct
96591,147,147,direct
96648,1,1,direct
96648,2,2,direct
96648,3,3,direct
96648,4,10,ancestor
96648,10,10,direct
96648,101,101,direct
96666,265,265,direct
96672,2,2,direct
96680,1,1,direct
96680,2,2,direct
96680,3,3,direct
96680,9,9,direct
96680,18,18,direct
96743,1,1,direct
96743,2,2,direct
96743,3,3,direct
96743,50,50,direct
96743,235,235,direct
96750,3,3,direct
96750,390,390,direct
96750,514,514,direct
96751,1,1,direct
96751,2,2,direct
96751,3,3,direct
96751,12,12,direct
96752,3,3,direct
96752,205,205,direct
96752,292,205,ancestor
96786,2,2,direct
96786,3,3,direct
96786,11,11,direct
96786,421,421,direct
96787,1,1,direct
96787,2,2,direct
96787,3,3,direct
96787,12,12,direct
96787,186,186,direct
96788,4,172,ancestor
96788,172,172,direct
96788,313,313,direct
96807,1,1,direct
96807,2,2,direct
96807,3,3,direct
96808,4,4,direct
96830,4,4,direct
96830,6,6,direct
96830,33,33,direct
96830,48,48,direct
96830,64,64,direct
96830,93,93,direct
96834,7,7,direct
96834,14,14,direct
96844,14,14,direct
96844,41,41,direct
96844,118,118,direct
96844,590,41,ancestor
96879,5,5,direct
96879,8,8,direct
96879,11,11,direct
96897,27,27,direct
96916,20,20,direct
96916,81,81,direct
96916,198,198,direct
96917,1,1,direct
96917,2,2,direct
96917,3,3,direct
96917,9,9,direct
96917,23,23,direct
96917,24,24,direct
96917,384,384,direct
96921,2,2,direct
96921,193,193,direct
96921,439,439,direct
96924,1,1,direct
96924,2,2,direct
96924,182,182,direct
96940,1,1,direct
96940,2,2,direct
96940,3,3,direct
96940,164,164,direct
96940,590,590,direct
96946,6,6,direct
96946,13,13,direct
96948,7,7,direct
96948,11,11,direct
96954,50,50,direct
96974,2,2,direct
97009,3,3,direct
97009,362,362,direct
97048,1,1,direct
97048,3,3,direct
97048,245,245,direct
97076,20,20,direct
97076,21,21,direct
97076,64,64,direct
97076,89,89,direct
97076,122,122,direct
97076,286,286,direct
97076,295,295,direct
97076,319,319,direct
97088,1,1,split
97088,2,2,split
97088,3,3,direct
97088,11,11,direct
97088,23,23,direct
97088,145,145,direct
97096,70,70,direct
97111,2,2,direct
97111,41,41,direct
97111,109,109,direct
97111,590,41,ancestor
97138,1,1,split
97138,3,3,split
97138,14,14,direct
97148,1,1,direct
97148,2,2,direct
97148,3,3,direct
97148,4,10,ancestor
97148,7,7,direct
97148,10,10,direct
97148,254,254,direct
97161,2,2,direct
97161,5,5,direct
97161,6,6,direct
97161,8,8,direct
97161,12,12,direct
97161,14,14,direct
97166,1,1,direct
97166,2,2,direct
97166,4,10,ancestor
97166,10,10,direct
97166,11,11,direct
97166,12,12,direct
97171,2,2,direct
97171,3,3,direct
97171,321,321,direct
97171,336,336,direct
97171,340,340,direct
97183,2,2,direct
97183,12,12,direct
97190,436,436,direct
97205,6,6,direct
97205,16,16,direct
97205,19,19,direct
97205,83,83,direct
97225,7,7,direct
97225,174,174,direct
97251,1,1,direct
97251,7,7,direct
97253,2,2,direct
97253,145,145,direct
97263,1,1,direct
97263,2,2,direct
97263,18,18,direct
97263,46,46,direct
97288,3,3,direct
97288,33,33,direct
97288,367,367,direct
97288,368,368,direct
97299,2,2,direct
97299,3,3,direct
97299,17,17,direct
97299,27,27,direct
97299,79,79,direct
97299,80,80,direct
97376,2,2,direct
97376,23,23,direct
97385,2,2,direct
97385,3,3,direct
97385,15,15,direct
97385,24,15,ancestor
97385,53,53,direct
97450,1,1,direct
97450,2,2,direct
97450,11,11,direct
97450,110,110,direct
97452,3,3,direct
97452,7,7,direct
97456,2,2,direct
97456,18,18,direct
97456,165,165,direct
97563,3,3,direct
97563,9,9,direct
97618,7,7,direct
97618,337,337,direct
97715,1,1,direct
97715,11,11,direct
97715,12,12,direct
97720,4,4,direct
97720,33,33,direct
97720,48,48,direct
97740,3,3,direct
97740,126,126,direct
97756,4,4,direct
97756,5,5,direct
97760,1,1,direct
97760,2,2,direct
97760,3,3,direct
97760,110,110,direct
97761,7,7,direct
97761,22,22,direct
97761,234,234,direct
97761,590,234,ancestor
97769,2,2,direct
97769,3,3,direct
97769,4,10,ancestor
97769,10,10,direct
97769,106,106,direct
97788,2,2,direct
97788,24,24,direct
97805,2,2,direct
97805,3,3,direct
97805,18,18,direct
97805,48,48,direct
97805,161,161,direct
97831,2,2,direct
97846,1,1,direct
97846,3,3,direct
97846,8,8,direct
97846,12,12,direct
97851,2,2,direct
97851,3,3,direct
97851,6,6,direct
97851,8,82,ancestor
97851,12,12,direct
97851,14,14,direct
97851,82,82,direct
97862,1,1,direct
97862,4,4,direct
97882,7,7,direct
97882,17,17,direct
97884,2,2,direct
97884,22,22,direct
97934,7,7,direct
97934,14,14,direct
97936,1,1,split
97936,2,2,split
97936,3,3,split
97936,235,235,direct
97949,6,6,direct
97949,7,7,direct
97949,23,23,direct
97949,24,589,ancestor
97949,29,29,direct
97949,145,145,direct
97949,589,589,direct
97986,2,2,direct
98002,3,3,direct
98002,21,21,direct
98002,23,23,direct
98002,24,24,direct
98002,57,57,direct
98023,129,129,direct
98023,209,209,direct
98042,2,2,direct
98042,4,4,direct
98042,70,70,direct
98078,2,2,direct
98078,327,327,direct
98085,1,1,direct
98085,2,2,direct
98085,3,3,direct
98085,4,10,ancestor
98085,5,5,direct
98085,10,10,direct
98094,3,3,direct
98094,4,4,direct
98094,7,7,direct
98131,1,1,direct
98131,3,3,direct
98131,9,9,direct
98131,292,292,direct
98138,2,2,direct
98138,8,8,direct
98138,17,17,direct
98149,1,1,direct
98149,2,2,direct
98149,3,3,direct
98149,4,10,ancestor
98149,10,10,direct
98149,11,11,direct
98149,29,29,direct
98174,1,1,direct
98174,2,2,direct
98174,4,4,direct
98174,17,17,direct
98174,80,80,direct
98174,220,220,direct
98185,2,2,direct
98185,110,110,direct
98185,123,123,direct
98201,2,2,direct
98201,3,3,direct
98201,4,4,direct
98202,1,1,direct
98202,70,70,direct
98232,2,2,direct
98232,11,11,direct
98232,15,15,direct
98232,24,15,ancestor
98271,9,9,direct
98278,337,337,direct
98303,1,1,direct
98303,2,2,direct
98303,19,19,direct
98303,33,33,direct
98311,2,2,direct
98311,136,136,direct
98340,11,11,direct
98341,2,2,direct
98341,5,5,direct
98341,6,6,direct
98341,12,12,direct
98341,49,49,direct
98341,101,101,direct
98341,590,590,direct
98392,1,1,direct
98392,3,3,direct
98394,2,2,direct
98394,3,3,direct
98394,7,7,direct
98394,29,29,direct
98394,50,50,direct
98397,2,2,direct
98397,3,3,direct
98397,4,10,ancestor
98397,10,10,direct
98397,130,130,direct
98423,2,2,direct
98423,3,3,direct
98423,5,5,direct
98423,8,8,direct
98423,9,9,direct
98423,11,11,direct
98423,52,52,direct
98423,91,91,direct
98426,1,1,split
98426,3,3,split
98426,11,11,split
98426,12,12,direct
98426,49,49,split
98426,84,84,direct
98426,110,110,direct
98428,2,2,direct
98428,138,138,direct
98449,1,1,direct
98449,2,2,direct
98449,3,3,direct
98449,6,6,direct
98449,11,11,direct
98449,18,18,direct
98458,80,80,direct
98458,109,109,direct
98473,1,1,direct
98473,3,3,direct
98473,4,4,direct
98473,20,20,direct
98495,9,9,direct
98495,33,33,direct
98495,322,322,direct
98516,1,1,direct
98516,2,2,direct
98516,46,46,direct
98522,1,1,direct
98522,9,9,direct
98522,14,14,direct
98522,46,46,direct
98522,66,66,direct
98595,1,1,direct
98595,4,4,direct
98621,3,3,direct
98621,4,10,ancestor
98621,10,10,direct
98629,1,1,direct
98629,6,6,direct
98629,101,101,direct
98646,2,2,direct
98646,3,3,direct
98646,4,4,direct
98646,11,11,direct
98692,2,2,direct
98692,12,12,direct
98692,103,103,direct
98706,9,9,direct
98706,14,14,direct
98744,1,1,direct
98744,3,3,direct
98744,18,18,direct
98744,85,85,direct
98798,1,1,direct
98798,2,2,direct
98798,4,10,ancestor
98798,10,10,direct
98816,1,1,direct
98816,2,2,direct
98816,3,3,direct
98816,4,10,ancestor
98816,10,10,direct
98867,7,7,direct
98867,11,11,direct
98891,11,11,direct
98924,1,1,direct
98924,3,3,direct
98924,4,4,direct
98924,7,7,direct
98924,76,76,direct
98952,1,1,direct
98952,2,2,direct
98952,3,3,direct
98952,11,11,direct
98952,18,18,direct
98952,24,24,direct
98993,1,1,direct
98993,7,7,direct
98993,17,17,direct
99022,1,1,direct
99022,3,3,direct
99022,23,23,direct
99022,50,50,direct
99032,1,1,direct
99032,2,2,direct
99057,2,2,direct
99057,3,3,direct
99057,17,17,direct
99064,2,2,direct
99064,3,3,direct
99064,23,23,direct
99064,24,105,ancestor
99064,71,105,ancestor
99064,105,105,direct
99064,169,169,direct
99072,1,1,direct
99072,7,7,direct
99074,7,7,direct
99091,1,1,direct
99091,3,3,direct
99091,5,5,direct
99091,6,6,direct
99091,8,8,direct
99091,56,56,direct
99117,1,1,direct
99117,2,2,direct
99117,12,12,direct
99130,4,4,direct
99130,257,257,direct
99143,1,1,direct
99143,2,2,direct
99143,91,91,direct
99176,2,2,direct
99176,136,136,direct
99182,7,7,direct
99182,28,28,direct
99197,7,7,direct
99197,11,11,direct
99225,2,2,direct
99225,3,3,direct
99225,7,7,direct
99240,22,22,direct
99253,2,2,direct
99253,4,4,direct
99253,142,142,direct
99317,1,1,direct
99317,2,2,direct
99317,3,3,direct
99324,8,8,direct
99324,51,51,direct
99324,104,104,direct
99336,1,1,direct
99336,2,2,direct
99336,3,3,direct
99336,23,23,direct
99336,24,24,direct
99336,46,46,direct
99339,1,1,direct
99339,2,2,direct
99339,3,3,direct
99339,4,4,direct
99339,33,33,direct
99345,6,6,direct
99345,19,19,direct
99345,24,589,ancestor
99345,589,589,direct
99352,1,1,direct
99352,2,2,direct
99352,3,3,direct
99352,14,14,direct
99352,178,178,direct
99364,59,59,direct
99384,9,9,direct
99425,2,2,direct
99425,3,3,direct
99425,11,11,direct
99425,390,390,direct
99470,5,5,direct
99470,74,74,direct
99495,15,15,direct
99495,24,15,ancestor
99495,53,53,direct
99521,2,2,direct
99521,3,3,direct
99521,24,589,ancestor
99521,27,27,direct
99521,33,33,direct
99521,589,589,direct
99529,1,1,direct
99529,2,2,direct
99529,3,3,direct
99529,24,24,direct
99529,70,70,direct
99547,1,1,split
99547,2,2,split
99547,3,3,split
99547,171,171,direct
99564,1,1,direct
99564,3,3,direct
99564,6,6,direct
99564,232,232,direct
99569,24,589,ancestor
99569,589,589,direct
99605,1,1,direct
99605,31,31,direct
99620,5,5,direct
99620,590,590,direct
99622,3,3,direct
99622,11,11,direct
99622,12,12,direct
99622,23,23,direct
99622,24,589,ancestor
99622,589,589,direct
99624,2,2,direct
99624,3,3,direct
99624,4,10,ancestor
99624,10,10,direct
99624,201,201,direct
99633,2,2,direct
99657,1,1,direct
99657,2,2,direct
99657,3,3,direct
99657,63,63,direct
99657,244,244,direct
99670,2,2,direct
99670,19,19,direct
99670,46,46,direct
99672,2,2,direct
99672,3,3,direct
99672,590,590,direct
99691,1,1,direct
99691,2,2,direct
99706,2,2,direct
99706,3,3,direct
99706,4,10,ancestor
99706,10,10,direct
99706,12,12,direct
99734,3,3,direct
99734,4,4,direct
99734,9,9,direct
99734,20,20,direct
99748,1,1,direct
99748,3,3,direct
99748,127,127,direct
99748,189,189,direct
99764,1,1,direct
99764,110,110,direct
99768,2,2,direct
99768,3,3,direct
99771,1,1,direct
99771,3,3,direct
99771,288,288,direct
99793,57,57,direct
99793,68,68,direct
99793,459,459,direct
99829,1,1,direct
99829,2,2,direct
99829,5,5,direct
99829,14,14,direct
99829,15,15,direct
99829,24,15,ancestor
99833,2,2,direct
99833,24,71,ancestor
99833,71,71,direct
99852,2,2,direct
99852,5,5,direct
99852,51,51,direct
99852,53,53,direct
99852,103,103,direct
99852,144,144,direct
99859,1,1,direct
99859,2,2,direct
99859,6,6,direct
99859,19,19,direct
99862,1,1,direct
99862,2,2,direct
99862,15,15,direct
99862,24,15,ancestor
99862,33,33,direct
99862,153,153,direct
99868,1,1,direct
99868,2,2,direct
99868,8,8,direct
99922,1,1,split
99922,2,2,split
99922,3,3,split
99922,24,589,ancestor
99922,282,282,direct
99922,589,589,direct
99965,4,37,ancestor
99965,11,11,direct
99965,37,37,direct
99970,1,1,direct
99970,23,23,direct
99970,44,44,direct
99993,1,1,direct
99993,3,3,direct
99993,4,4,direct
99993,41,41,direct
99993,437,437,direct
99993,590,41,ancestor
100000,4,10,ancestor
100000,10,10,direct
100000,130,130,direct
100023,1,1,direct
100023,4,4,direct
100023,23,23,direct
100023,87,87,direct
100023,265,265,direct
100025,16,16,direct
100028,6,6,direct
100028,362,362,direct
100084,7,7,direct
100084,337,337,direct
100096,1,1,direct
100096,3,3,direct
100096,108,108,direct
100113,3,3,direct
100113,5,5,direct
100113,11,11,direct
100125,2,2,direct
100125,5,5,direct
100125,12,12,direct
100125,97,97,direct
100139,1,1,direct
100139,3,3,direct
100139,4,4,direct
100139,9,9,direct
100139,75,75,direct
100139,108,108,direct
100141,1,1,direct
100141,2,2,direct
100141,3,3,direct
100141,590,590,direct
100145,2,2,direct
100145,12,12,direct
100149,1,1,direct
100149,2,2,direct
100149,3,3,direct
100149,7,7,direct
100149,292,292,direct
100156,2,2,direct
100156,3,3,direct
100156,6,6,direct
100156,8,8,direct
100156,83,83,direct
100160,4,10,ancestor
100160,10,10,direct
100160,12,12,direct
100160,84,84,direct
100161,3,3,direct
100161,9,9,direct
100161,23,23,direct
100161,83,83,direct
100167,2,2,direct
100167,4,10,ancestor
100167,10,10,direct
100175,3,3,direct
100175,7,7,direct
100175,33,33,direct
100176,4,4,direct
100176,23,23,direct
100176,313,313,direct
100179,1,1,direct
100179,2,2,direct
100179,3,3,direct
100179,9,9,direct
100179,29,29,direct
100179,235,235,direct
100190,57,57,direct
100190,246,246,direct
100190,373,373,direct
100205,2,2,direct
100205,3,3,direct
100205,8,8,direct
100205,9,9,direct
100205,27,27,direct
100206,11,11,direct
100206,129,129,direct
100251,28,28,direct
100251,387,387,direct
100261,2,2,direct
100261,7,7,direct
100261,11,11,direct
100261,18,18,direct
100268,1,1,split
100268,2,2,split
100268,3,3,split
100268,7,7,direct
100268,69,69,direct
100279,2,2,direct
100295,4,10,ancestor
100295,5,5,direct
100295,10,10,direct
100315,1,1,direct
100315,2,2,direct
100315,3,3,direct
100315,590,590,direct
100337,2,2,direct
100337,14,14,direct
100363,1,1,direct
100363,6,6,direct
100363,7,7,direct
100363,87,87,direct
100380,3,3,direct
100380,63,63,direct
100384,1,1,direct
100384,3,3,direct
100384,24,589,ancestor
100384,129,129,direct
100384,589,589,direct
100391,19,19,direct
100411,29,29,direct
100435,7,7,direct
100458,1,1,direct
100458,2,2,direct
100458,18,18,direct
100458,161,161,direct
100473,7,7,direct
100473,254,254,direct
100490,2,2,direct
100490,24,589,ancestor
100490,36,36,direct
100490,46,46,direct
100490,50,50,direct
100490,589,589,direct
100538,1,1,direct
100538,2,2,direct
100538,11,11,direct
100547,1,1,direct
100547,3,3,direct
100547,12,12,direct
100547,14,14,direct
100547,66,66,direct
100547,150,150,direct
100547,184,184,direct
100547,336,336,direct
100552,1,1,direct
100552,7,7,direct
100552,9,9,direct
100604,3,3,direct
100604,4,4,direct
100604,20,20,direct
100615,3,3,direct
100615,4,4,direct
100615,180,180,direct
100615,410,410,direct
100636,1,1,direct
100636,3,3,direct
100636,70,70,direct
100636,198,198,direct
100657,3,3,direct
100657,4,125,ancestor
100657,125,125,direct
100676,4,4,direct
100676,6,6,direct
100676,23,23,direct
100705,8,8,direct
100705,12,12,direct
100705,14,14,direct
100711,1,1,direct
100711,244,244,direct
100717,2,2,direct
100717,49,49,direct
100717,69,69,direct
100749,3,3,direct
100749,24,24,direct
100756,1,1,direct
100756,3,3,direct
100756,8,8,direct
100756,362,362,direct
100757,2,2,direct
100757,3,3,direct
100757,58,58,direct
100805,2,2,direct
100805,3,3,direct
100805,4,10,ancestor
100805,10,10,direct
100817,1,1,direct
100835,2,2,direct
100835,4,4,direct
100871,2,2,direct
100875,1,1,direct
100875,2,2,direct
100875,6,6,direct
100875,33,33,direct
100875,265,265,direct
100906,3,3,direct
100906,4,10,ancestor
100906,10,10,direct
100906,17,17,direct
100952,3,3,direct
100952,5,5,direct
100952,52,52,direct
100952,58,250,ancestor
100952,250,250,direct
100966,1,1,direct
100966,2,2,direct
100966,3,3,direct
100966,9,9,direct
100966,23,23,direct
100966,46,46,direct
100966,91,91,direct
100966,184,184,direct
100973,1,1,split
100973,2,2,split
100973,3,3,split
100973,11,11,direct
100973,12,12,direct
100973,110,110,direct
100978,3,3,direct
100978,4,10,ancestor
100978,10,10,direct
100978,101,101,direct
100989,7,7,direct
100999,2,2,direct
100999,3,3,direct
100999,389,389,direct
101001,30,30,direct
101001,47,47,direct
101001,504,504,direct
101031,482,482,direct
101043,1,1,direct
101052,1,1,direct
101052,4,4,direct
101052,14,14,direct
101097,7,7,direct
101097,12,12,direct
101097,86,86,direct
101097,418,418,direct
101103,2,2,direct
101103,3,3,direct
101103,4,37,ancestor
101103,11,11,direct
101103,37,37,direct
101103,80,80,direct
101112,1,1,direct
101112,2,2,direct
101112,3,3,direct
101112,8,82,ancestor
101112,82,82,direct
101129,1,1,direct
101129,2,2,direct
101137,1,1,direct
101137,3,3,direct
101137,13,13,direct
101146,7,7,direct
101163,46,46,direct
101163,66,66,direct
101194,1,1,direct
101194,7,7,direct
101225,2,2,direct
101225,36,36,direct
101225,112,112,direct
101227,1,1,direct
101227,52,52,direct
101227,129,129,direct
101227,362,362,direct
101229,2,2,direct
101229,53,53,direct
101265,2,2,direct
101265,53,53,direct
101281,3,3,direct
101281,19,19,direct
101281,590,590,direct
101322,28,28,direct
101328,20,20,direct
101328,94,94,direct
101328,102,102,direct
101328,273,273,direct
101328,295,295,direct
101328,311,311,direct
101328,412,412,direct
101328,435,435,direct
101328,453,453,direct
101328,471,471,direct
101338,1,1,direct
101338,2,2,direct
101338,3,3,direct
101338,4,4,direct
101338,12,12,direct
101338,17,17,direct
101346,1,1,direct
101346,2,2,direct
101346,3,3,direct
101359,1,1,direct
101359,2,2,direct
101359,12,12,direct
101359,110,110,direct
101366,256,256,direct
101369,3,3,direct
101369,11,11,direct
101369,362,362,direct
101393,1,1,direct
101393,3,3,direct
101393,15,15,direct
101393,24,15,ancestor
101395,1,1,direct
101395,2,2,direct
101395,3,3,direct
101395,4,4,direct
101395,91,91,direct
101395,110,110,direct
101400,180,180,direct
101423,7,7,direct
101423,117,117,direct
101427,1,1,direct
101427,41,41,direct
101427,590,41,ancestor
101438,1,1,direct
101438,529,529,direct
101470,1,1,direct
101470,3,3,direct
101470,6,6,direct
101470,11,11,direct
101483,46,46,direct
101483,66,66,direct
101507,1,1,direct
101507,3,3,direct
101507,4,10,ancestor
101507,10,10,direct
101534,1,1,direct
101534,2,2,direct
101575,1,1,direct
101575,2,2,direct
101575,3,3,direct
101575,4,32,ancestor
101575,32,32,direct
101582,1,1,split
101582,3,3,split
101582,7,7,direct
101582,50,50,direct
101582,109,109,direct
101596,2,2,direct
101596,46,46,direct
101596,193,193,direct
101629,7,7,direct
101629,14,14,direct
101629,101,101,direct
101629,189,189,direct
101651,4,4,direct
101651,11,11,direct
101653,2,2,direct
101653,6,6,direct
101653,15,15,direct
101653,19,19,direct
101653,24,15,ancestor
101715,6,6,direct
101715,69,69,direct
101719,4,10,ancestor
101719,10,10,direct
101734,7,7,direct
101768,11,11,direct
101768,49,49,direct
101768,201,201,direct
101784,5,5,direct
101784,11,11,direct
101784,368,368,direct
101796,2,2,direct
101797,1,1,split
101797,2,2,split
101797,3,3,split
101797,11,11,direct
101797,23,23,direct
101808,8,8,direct
101808,9,9,direct
101808,59,59,direct
101833,5,5,direct
101833,6,6,direct
101833,58,250,ancestor
101833,250,250,direct
101859,2,2,direct
101859,3,3,direct
101859,4,4,direct
101859,91,91,direct
101863,1,1,direct
101863,2,2,direct
101863,6,6,direct
101863,7,7,direct
101863,9,9,direct
101863,19,19,direct
101863,33,33,direct
101863,46,46,direct
101863,70,70,direct
101863,91,91,direct
101867,7,7,direct
101867,110,110,direct
101871,1,1,direct
101871,2,2,direct
101871,110,110,direct
101896,1,1,direct
101896,2,2,direct
101896,3,3,direct
101896,236,236,direct
101912,1,1,direct
101912,7,7,direct
101912,50,50,direct
101912,88,88,direct
101913,1,1,direct
101913,2,2,direct
101913,9,9,direct
101913,18,18,direct
101919,1,1,direct
101919,2,2,direct
101919,3,3,direct
101919,5,5,direct
101919,9,9,direct
101919,27,27,direct
101919,65,65,direct
101936,2,2,direct
101936,5,5,direct
101936,12,12,direct
101936,17,17,direct
101936,110,110,direct
101970,1,1,direct
101970,3,3,direct
101989,21,21,direct
101989,34,34,direct
101989,54,54,direct
101989,128,128,direct
101997,1,1,direct
101997,3,3,direct
101997,29,29,direct
102001,58,58,direct
102021,1,1,split
102021,2,2,split
102021,3,3,split
102021,5,5,direct
102021,6,6,direct
102021,12,12,direct
102021,14,14,direct
102022,3,3,direct
102022,11,11,direct
102022,29,29,direct
102022,58,58,direct
102022,59,59,direct
102022,115,115,direct
102023,1,1,direct
102023,2,2,direct
102023,3,3,direct
102023,6,6,direct
102023,9,9,direct
102023,58,58,direct
102023,114,114,direct
102051,1,1,direct
102051,7,7,direct
102051,59,59,direct
102078,2,2,direct
102096,1,1,direct
102096,3,3,direct
102096,391,391,direct
102138,1,1,direct
102138,5,5,direct
102138,6,6,direct
102138,7,7,direct
102138,19,19,direct
102138,110,110,direct
102141,7,7,direct
102141,69,69,direct
102158,2,2,direct
102158,130,130,direct
102214,5,5,direct
102214,49,49,direct
102302,5,5,direct
102302,91,91,direct
102302,123,123,direct
102303,1,1,direct
102303,3,3,direct
102307,1,1,direct
102307,2,2,direct
102307,3,3,direct
102307,17,17,direct
102307,110,110,direct
102348,1,1,direct
102348,3,3,direct
102348,21,21,direct
102348,24,216,ancestor
102348,57,57,direct
102348,216,216,direct
102356,2,2,direct
102356,8,8,direct
102356,14,14,direct
102356,46,46,direct
102383,1,1,direct
102383,7,7,direct
102383,12,12,direct
102392,2,2,direct
102392,590,590,direct
102394,3,3,direct
102394,5,5,direct
102394,8,82,ancestor
102394,9,9,direct
102394,14,14,direct
102394,82,82,direct
102516,2,2,direct
102516,29,29,direct
102516,91,91,direct
102517,3,3,direct
102517,321,321,direct
102572,1,1,direct
102572,2,2,direct
102572,3,3,direct
102572,8,8,direct
102572,9,9,direct
102607,2,2,direct
102623,2,2,direct
102623,4,4,direct
102623,11,11,direct
102623,63,63,direct
102662,11,11,direct
102666,2,2,direct
102666,130,130,direct
102669,1,1,direct
102669,2,2,direct
102669,3,3,direct
102669,4,4,direct
102669,18,18,direct
102669,110,110,direct
102671,2,2,direct
102671,3,3,direct
102671,6,6,direct
102671,24,241,ancestor
102671,26,26,direct
102671,71,241,ancestor
102671,145,145,direct
102671,241,241,direct
102689,1,1,direct
102689,3,3,direct
102689,64,64,direct
102729,1,1,direct
102736,3,3,direct
102736,4,10,ancestor
102736,7,7,direct
102736,10,10,direct
102764,15,15,direct
102764,24,15,ancestor
102784,3,3,direct
102784,4,4,direct
102784,7,7,direct
102784,29,29,direct
102797,1,1,direct
102797,2,2,split
102797,3,3,split
102797,15,15,direct
102797,24,15,ancestor
102804,2,2,direct
102804,36,36,direct
102809,3,3,direct
102809,49,49,direct
102809,145,145,direct
102814,2,2,direct
102814,3,3,direct
102814,50,50,direct
102833,222,222,direct
102851,1,1,direct
102851,2,2,direct
102851,118,118,direct
102890,2,2,direct
102890,3,3,direct
102906,3,3,direct
102906,205,205,direct
102906,292,205,ancestor
102918,1,1,split
102918,2,2,split
102918,3,3,split
102918,29,29,direct
102923,1,1,direct
102923,2,2,direct
102923,3,3,direct
102923,4,4,direct
102923,7,7,direct
102923,23,23,direct
102923,590,590,direct
103007,91,91,direct
103007,134,134,direct
103007,209,209,direct
103032,1,1,direct
103032,46,46,direct
103069,1,1,direct
103069,2,2,direct
103069,3,3,direct
103069,24,24,direct
103069,201,201,direct
103074,1,1,direct
103074,3,3,direct
103074,24,589,ancestor
103074,104,104,direct
103074,589,589,direct
103086,41,41,direct
103086,109,109,direct
103086,590,41,ancestor
103139,23,23,direct
103139,130,130,direct
103160,1,1,direct
103160,2,2,direct
103160,3,3,direct
103160,126,126,direct
103184,1,1,direct
103184,2,2,direct
103184,17,17,direct
103184,27,27,direct
103184,228,228,direct
103191,1,1,direct
103191,2,2,direct
103191,3,3,direct
103191,15,15,direct
103191,24,15,ancestor
103202,3,3,direct
103223,1,1,direct
103223,3,3,direct
103223,7,7,direct
103223,14,14,direct
103223,126,126,direct
103234,3,3,direct
103234,4,4,direct
103234,11,11,direct
103234,136,136,direct
103247,1,1,direct
103247,2,2,direct
103247,3,3,direct
103247,41,41,direct
103247,50,50,direct
103247,53,53,direct
103247,590,41,ancestor
103253,1,1,direct
103253,3,3,direct
103253,49,49,direct
103253,83,83,direct
103253,109,109,direct
103273,1,1,direct
103273,7,7,direct
103273,41,41,direct
103273,590,41,ancestor
103302,7,7,direct
103302,19,19,direct
103311,11,11,direct
103315,1,1,direct
103315,14,14,direct
103315,351,351,direct
103333,1,1,direct
103333,9,9,direct
103333,88,88,direct
103333,108,108,direct
103357,6,6,direct
103357,11,11,direct
103357,15,15,direct
103357,16,16,direct
103357,24,15,ancestor
103432,2,2,direct
103432,3,3,direct
103436,1,1,direct
103436,2,2,direct
103436,3,3,direct
103436,4,37,ancestor
103436,11,11,direct
103436,37,37,direct
103436,49,49,direct
103436,63,63,direct
103442,1,1,direct
103442,6,6,direct
103442,63,63,direct
103471,41,41,direct
103471,104,104,direct
103471,590,41,ancestor
103473,7,7,direct
103473,30,30,direct
103480,1,1,direct
103480,3,3,direct
103480,7,7,direct
103480,88,88,direct
103480,232,232,direct
103508,2,2,direct
103508,4,4,direct
103556,4,4,direct
103556,20,20,direct
103556,44,44,direct
103599,72,72,direct
103599,151,151,direct
103614,2,2,direct
103614,3,3,direct
103614,46,46,direct
103614,70,70,direct
103614,164,164,direct
103614,198,198,direct
103614,292,292,direct
103633,220,220,direct
103635,3,3,direct
103635,7,7,direct
103635,11,11,direct
103635,24,24,direct
103635,49,49,direct
103643,1,1,direct
103643,4,37,ancestor
103643,37,37,direct
103643,80,80,direct
103672,1,1,direct
103672,3,3,direct
103672,150,150,direct
103704,503,503,direct
103707,4,203,ancestor
103707,83,83,direct
103707,203,203,direct
103707,278,278,direct
103710,1,1,direct
103710,2,2,direct
103710,14,14,direct
103733,1,1,direct
103733,2,2,direct
103733,3,3,direct
103733,23,23,direct
103737,1,1,direct
103737,3,3,direct
103748,50,50,direct
103748,84,84,direct
103751,2,2,direct
103751,3,3,direct
103751,313,313,direct
103754,20,20,direct
103754,61,61,direct
103833,11,11,direct
103851,1,1,direct
103851,3,3,direct
103851,6,6,direct
103851,362,362,direct
103873,1,1,direct
103873,2,2,split
103873,3,3,split
103873,80,80,direct
103873,91,91,direct
103873,123,123,direct
103890,1,1,direct
103890,3,3,direct
103890,36,36,direct
103938,1,1,direct
103938,3,3,direct
103938,9,9,direct
103954,1,1,direct
103954,2,2,direct
103954,3,3,direct
103954,24,24,direct
103954,108,108,direct
103963,2,2,direct
103963,7,7,direct
103963,18,18,direct
103963,150,150,direct
104020,1,1,direct
104020,108,108,direct
104024,2,2,direct
104024,3,3,direct
104036,1,1,direct
104036,2,2,direct
104036,3,3,direct
104036,110,110,direct
104066,2,2,direct
104066,50,50,direct
104066,103,103,direct
104066,109,109,direct
104089,1,1,direct
104089,3,3,direct
104089,5,5,direct
104089,323,323,direct
104109,1,1,direct
104109,2,2,direct
104109,3,3,direct
104109,4,37,ancestor
104109,37,37,direct
104121,20,20,direct
104131,3,3,direct
104131,30,30,direct
104131,181,181,direct
104167,3,3,direct
104167,6,6,direct
104167,8,8,direct
104167,80,80,direct
104173,1,1,direct
104173,2,2,direct
104173,3,3,direct
104173,5,5,direct
104173,7,7,direct
104177,1,1,direct
104177,4,4,direct
104177,5,5,direct
104177,110,110,direct
104190,39,39,direct
104190,61,61,direct
104190,100,100,direct
104190,120,120,direct
104190,166,166,direct
104190,443,443,direct
104198,1,1,direct
104198,3,3,direct
104198,382,382,direct
104217,1,1,direct
104217,3,3,direct
104217,5,5,direct
104217,6,6,direct
104217,8,82,ancestor
104217,12,12,direct
104217,82,82,direct
104227,108,108,direct
104263,3,3,direct
104350,1,1,direct
104376,2,2,direct
104376,8,338,ancestor
104376,148,148,direct
104376,338,338,direct
104389,265,265,direct
104412,8,152,ancestor
104412,115,115,direct
104412,152,152,direct
104420,29,29,direct
104421,1,1,direct
104423,1,1,direct
104423,2,2,direct
104423,3,3,direct
104423,18,18,direct
104423,36,36,direct
104423,110,110,direct
104439,7,7,direct
104439,418,418,direct
104473,3,3,direct
104495,5,5,direct
104495,49,49,direct
104495,315,315,direct
104505,3,3,direct
104505,17,17,direct
104505,29,29,direct
104540,14,14,direct
104540,69,69,direct
104558,116,116,direct
104571,6,6,direct
104571,11,11,direct
104571,13,13,direct
104576,340,340,direct
104595,1,1,direct
104595,2,2,direct
104595,3,3,direct
104595,17,17,direct
104604,1,1,direct
104604,2,2,direct
104604,3,3,direct
104604,7,7,direct
104656,1,1,direct
104656,2,2,direct
104656,3,3,direct
104677,1,1,direct
104677,3,3,direct
104677,108,108,direct
104703,1,1,direct
104703,83,83,direct
104708,11,11,direct
104708,80,80,direct
104764,6,6,direct
104764,12,12,direct
104772,14,14,direct
104772,65,65,direct
104802,30,30,direct
104826,4,204,ancestor
104826,24,24,direct
104826,68,68,direct
104826,96,96,direct
104826,180,180,direct
104826,204,204,direct
104826,332,332,direct
104843,153,153,direct
104848,1,1,split
104848,4,10,ancestor
104848,9,9,split
104848,10,10,direct
104848,393,393,direct
104870,1,1,direct
104870,23,23,direct
104870,103,103,direct
104872,1,1,direct
104872,142,142,direct
104872,590,590,direct
104916,7,7,direct
104917,3,3,direct
104917,21,21,direct
105020,2,2,direct
105020,3,3,direct
105020,49,49,direct
105020,161,161,direct
105034,1,1,direct
105034,2,2,direct
105034,9,9,direct
105034,110,110,direct
105039,1,1,direct
105039,3,3,direct
105039,108,108,direct
105045,4,4,direct
105045,198,198,direct
105045,213,213,direct
105057,17,17,direct
105083,2,2,direct
105083,76,76,direct
105094,1,1,direct
105094,2,2,direct
105094,14,14,direct
105112,2,2,direct
105112,3,3,direct
105118,1,1,direct
105118,2,2,direct
105118,5,5,direct
105118,11,11,direct
105118,91,91,direct
105118,110,110,direct
105124,83,83,direct
105124,104,104,direct
105135,2,2,direct
105135,3,3,direct
105135,15,15,direct
105135,24,15,ancestor
105135,27,27,direct
105168,1,1,direct
105168,7,7,direct
105168,41,41,direct
105168,590,41,ancestor
105172,14,14,direct
105172,130,130,direct
105174,11,11,direct
105183,6,6,direct
105183,145,145,direct
105191,362,362,direct
105227,2,2,direct
105227,3,3,direct
105227,5,5,direct
105227,14,14,direct
105227,381,381,direct
105233,6,6,direct
105233,8,8,direct
105233,115,115,direct
105253,1,1,split
105253,2,2,split
105253,18,18,direct
105253,264,264,direct
105256,108,108,direct
105276,2,2,direct
105276,3,3,direct
105316,9,9,direct
105349,1,1,direct
105349,3,3,direct
105349,156,156,direct
105351,2,2,direct
105351,110,110,direct
105375,2,2,direct
105375,145,145,direct
105407,3,3,direct
105407,6,6,direct
105407,11,11,direct
105407,78,78,direct
105422,5,5,direct
105422,11,11,direct
105435,12,12,direct
105440,7,7,direct
105454,1,1,direct
105454,7,7,direct
105454,29,29,direct
105454,103,103,direct
105467,2,2,direct
105467,3,3,direct
105467,9,9,direct
105467,22,22,direct
105467,50,50,direct
105467,110,110,direct
105467,111,111,direct
105484,1,1,direct
105484,2,2,direct
105515,3,3,direct
105516,1,1,direct
105516,2,2,direct
105516,3,3,direct
105516,18,18,direct
105516,590,590,direct
105522,6,6,direct
105522,134,134,direct
105522,258,258,direct
105524,11,11,direct
105524,12,12,direct
105556,2,2,direct
105556,3,3,direct
105556,327,327,direct
105574,15,15,direct
105574,24,15,ancestor
105574,29,29,direct
105581,2,2,direct
105581,7,7,direct
105587,2,2,direct
105587,31,31,direct
105607,2,2,direct
105607,8,8,direct
105607,18,18,direct
105607,27,27,direct
105616,142,142,direct
105692,1,1,direct
105692,7,7,direct
105692,41,41,direct
105692,590,41,ancestor
105765,1,1,direct
105765,3,3,direct
105765,21,21,direct
105765,23,23,direct
105765,24,589,ancestor
105765,57,57,direct
105765,59,59,direct
105765,589,589,direct
105785,3,3,direct
105785,8,8,direct
105785,9,9,direct
105785,91,91,direct
105880,53,53,direct
105903,2,2,direct
105903,7,7,direct
105903,69,69,direct
105941,1,1,direct
105941,3,3,direct
105941,4,10,ancestor
105941,5,5,direct
105941,6,6,direct
105941,10,10,direct
105941,11,11,direct
105950,1,1,direct
105950,2,2,direct
105950,12,12,direct
105970,3,3,direct
105970,5,5,direct
105970,6,6,direct
105970,9,9,direct
105970,27,27,direct
105970,74,74,direct
105970,101,101,direct
105974,1,1,direct
105974,2,2,direct
105974,9,9,direct
105992,7,7,direct
105992,9,9,direct
105992,59,59,direct
106017,1,1,direct
106017,3,3,direct
106017,4,10,ancestor
106017,10,10,direct
106022,6,6,direct
106022,12,12,direct
106022,27,27,direct
106083,1,1,direct
106083,7,7,direct
106083,517,517,direct
106113,1,1,direct
106113,7,7,direct
106113,14,14,direct
106116,1,1,direct
106116,14,14,direct
106116,178,178,direct
106117,11,11,direct
106117,12,12,direct
106117,49,49,direct
106136,2,2,direct
106136,3,3,direct
106136,8,82,ancestor
106136,59,59,direct
106136,82,82,direct
106157,2,2,direct
106182,1,1,direct
106182,7,7,direct
106182,11,11,direct
106182,41,41,direct
106182,590,41,ancestor
106200,5,5,direct
106200,83,83,direct
106207,1,1,direct
106207,2,2,direct
106207,3,3,direct
106207,83,83,direct
106214,2,2,direct
106214,150,150,direct
106236,1,1,split
106236,2,2,split
106236,3,3,split
106236,23,23,direct
106236,46,46,direct
106236,52,52,direct
106236,83,83,direct
106236,199,199,direct
106236,348,348,direct
106290,17,17,direct
106290,231,231,direct
106383,2,2,direct
106383,3,3,direct
106383,24,105,ancestor
106383,71,105,ancestor
106383,105,105,direct
106387,3,3,direct
106387,8,8,direct
106387,9,9,direct
106387,23,23,direct
106387,52,52,direct
106394,1,1,direct
106394,6,6,direct
106394,7,7,direct
106399,1,1,direct
106399,3,3,direct
106408,11,11,split
106408,50,50,split
106408,80,80,direct
106408,151,151,direct
106530,1,1,direct
106530,3,3,direct
106530,78,78,direct
106537,3,3,direct
106537,115,115,direct
106537,171,171,direct
106546,2,2,direct
106546,3,3,direct
106546,17,17,direct
106546,590,590,direct
106561,11,11,direct
106561,265,265,direct
106564,2,2,direct
106564,5,5,direct
106679,1,1,direct
106679,4,4,direct
106679,208,208,direct
106698,5,5,direct
106698,6,6,direct
106698,8,8,direct
106698,14,14,direct
106698,51,51,direct
106698,81,81,direct
106699,1,1,direct
106699,2,2,direct
106699,3,3,direct
106699,15,15,direct
106699,16,16,direct
106699,24,15,ancestor
106717,2,2,direct
106717,4,4,direct
106717,110,110,direct
106795,5,5,direct
106795,7,7,direct
106796,1,1,direct
106796,6,6,direct
106811,1,1,direct
106811,3,3,direct
106811,4,4,direct
106813,3,3,direct
106813,95,95,direct
106813,181,181,direct
106814,1,1,direct
106814,2,2,direct
106822,1,1,split
106822,3,3,split
106822,4,203,ancestor
106822,111,111,direct
106822,203,203,direct
106833,2,2,direct
106833,3,3,direct
106833,103,103,direct
106833,145,145,direct
106848,99,99,direct
106853,1,1,direct
106853,2,2,direct
106853,3,3,direct
106855,3,3,direct
106855,11,11,direct
106855,29,29,direct
106881,1,1,direct
106881,3,3,direct
106881,24,589,ancestor
106881,589,589,direct
106885,14,14,direct
106885,148,148,direct
106890,2,2,direct
106890,49,49,direct
106890,282,282,direct
106928,2,2,direct
106928,3,3,direct
106928,29,29,direct
106963,2,2,direct
106963,3,3,direct
106963,7,7,direct
106976,1,1,direct
106976,3,3,direct
106976,53,53,direct
106976,83,83,direct
106982,3,3,direct
106991,3,3,direct
106991,9,9,direct
106991,19,19,direct
106991,181,181,direct
107005,24,141,ancestor
107005,71,141,ancestor
107005,141,141,direct
107012,2,2,direct
107012,110,110,direct
107041,24,105,ancestor
107041,71,105,ancestor
107041,105,105,direct
107061,5,5,direct
107061,6,6,direct
107061,76,76,direct
107120,1,1,direct
107120,2,2,direct
107120,3,3,direct
107130,23,23,direct
107130,24,589,ancestor
107130,64,64,direct
107130,589,589,direct
107170,2,2,direct
107170,3,3,direct
107170,5,5,direct
107170,11,11,direct
107170,78,78,direct
107171,4,4,direct
107172,7,7,direct
107196,17,17,direct
107196,118,118,direct
107196,168,168,direct
107237,7,7,direct
107237,48,48,direct
107260,4,10,ancestor
107260,10,10,direct
107260,11,11,direct
107260,12,12,direct
107267,6,6,direct
107267,11,11,direct
107267,23,23,direct
107373,2,2,direct
107373,29,29,direct
107373,33,33,direct
107382,7,7,direct
107395,6,6,direct
107395,53,53,direct
107395,132,132,direct
107403,29,29,direct
107421,3,3,direct
107421,78,78,direct
107435,40,40,direct
107441,5,5,direct
107441,6,6,direct
107441,8,8,direct
107441,12,12,direct
107441,14,14,direct
107441,76,76,direct
107445,6,6,direct
107445,20,20,direct
107445,83,83,direct
107445,256,256,direct
107465,1,1,direct
107465,590,590,direct
107497,24,141,ancestor
107497,71,141,ancestor
107497,141,141,direct
107512,28,28,direct
107514,2,2,direct
107514,5,5,direct
107514,33,33,direct
107523,2,2,direct
107523,49,49,direct
107546,1,1,direct
107546,3,3,direct
107546,80,80,direct
107567,1,1,direct
107567,3,3,direct
107567,292,292,direct
107574,1,1,split
107574,2,2,split
107574,6,6,direct
107574,11,11,direct
107574,12,12,direct
107574,23,23,direct
107584,2,2,direct
107584,3,3,direct
107608,5,5,direct
107608,8,8,direct
107608,11,11,direct
107651,1,1,direct
107651,2,2,direct
107651,3,3,direct
107651,9,9,direct
107666,8,8,direct
107666,36,36,direct
107683,2,2,direct
107683,14,14,direct
107683,41,41,direct
107683,86,86,direct
107683,133,133,direct
107683,590,41,ancestor
107692,1,1,direct
107692,2,2,direct
107692,46,46,direct
107692,91,91,direct
107703,1,1,direct
107703,7,7,direct
107733,1,1,split
107733,2,2,split
107733,3,3,split
107733,5,5,direct
107733,11,11,direct
107733,78,78,direct
107763,3,3,direct
107763,28,28,direct
107764,1,1,direct
107764,2,2,direct
107764,3,3,direct
107764,436,436,direct
107768,1,1,direct
107768,4,10,ancestor
107768,7,7,direct
107768,10,10,direct
107768,11,11,direct
107814,9,9,direct
107814,73,73,direct
107835,1,1,direct
107835,2,2,direct
107835,110,110,direct
107840,74,74,direct
107862,11,11,direct
107963,2,2,direct
107963,4,10,ancestor
107963,10,10,direct
107963,130,130,direct
107996,2,2,direct
107996,46,46,direct
108011,1,1,direct
108011,4,10,ancestor
108011,10,10,direct
108011,91,91,direct
108011,115,115,direct
108011,130,130,direct
108021,7,7,direct
108021,15,15,direct
108021,24,15,ancestor
108034,5,5,direct
108034,15,15,direct
108034,24,15,ancestor
108034,284,284,direct
108039,2,2,direct
108039,11,11,direct
108039,110,110,direct
108087,1,1,direct
108087,2,2,direct
108087,8,8,direct
108087,9,9,direct
108087,11,11,direct
108102,1,1,direct
108102,91,91,direct
108112,3,3,direct
108112,21,21,direct
108112,24,24,direct
108112,57,57,direct
108112,359,359,direct
108130,1,1,direct
108130,2,2,direct
108130,7,7,direct
108130,118,118,direct
108158,2,2,direct
108158,5,5,direct
108158,17,17,direct
108158,309,309,direct
108164,2,2,direct
108164,12,12,direct
108184,1,1,direct
108205,2,2,direct
108205,3,3,direct
108205,24,241,ancestor
108205,71,241,ancestor
108205,241,241,direct
108222,6,6,direct
108222,15,15,direct
108222,16,16,direct
108222,19,19,direct
108222,24,15,ancestor
108224,145,145,direct
108281,7,7,direct
108281,24,589,ancestor
108281,589,589,direct
108281,590,590,direct
108287,1,1,direct
108287,2,2,direct
108287,7,7,direct
108287,265,265,direct
108293,1,1,direct
108334,2,2,direct
108334,6,6,direct
108334,11,11,direct
108334,12,12,direct
108335,1,1,direct
108335,3,3,direct
108335,4,10,ancestor
108335,10,10,direct
108359,4,10,ancestor
108359,10,10,direct
108359,27,27,direct
108374,40,40,direct
108398,1,1,direct
108398,3,3,direct
108398,4,37,ancestor
108398,7,7,direct
108398,33,33,direct
108398,37,37,direct
108398,115,115,direct
108398,153,153,direct
108460,13,13,direct
108468,7,7,direct
108468,337,337,direct
108507,1,1,direct
108507,91,91,direct
108541,1,1,direct
108541,3,3,direct
108541,12,12,direct
108541,91,91,direct
108566,243,243,direct
108680,23,23,direct
108681,1,1,direct
108681,2,2,direct
108681,63,63,direct
108721,2,2,direct
108721,3,3,direct
108721,5,5,direct
108721,11,11,direct
108721,12,12,direct
108721,19,19,direct
108721,24,24,direct
108726,3,3,direct
108726,20,20,direct
108726,73,73,direct
108754,3,3,direct
108754,4,10,ancestor
108754,10,10,direct
108774,2,2,direct
108774,3,3,direct
108774,4,10,ancestor
108774,10,10,direct
108774,27,27,direct
108774,92,92,direct
108788,3,3,direct
108791,266,266,direct
108793,3,3,direct
108793,4,10,ancestor
108793,10,10,direct
108824,2,2,direct
108824,53,53,direct
108829,4,4,direct
108829,13,13,direct
108829,23,23,direct
108870,1,1,direct
108870,3,3,direct
108870,24,216,ancestor
108870,216,216,direct
108899,2,2,direct
108899,3,3,direct
108899,4,10,ancestor
108899,6,6,direct
108899,10,10,direct
108899,12,12,direct
108899,93,93,direct
108900,2,2,direct
108900,4,4,direct
108900,109,109,direct
108937,361,361,direct
108981,3,3,direct
108981,17,17,direct
108981,33,33,direct
109021,1,1,split
109021,2,2,split
109021,3,3,split
109021,23,23,direct
109021,44,44,direct
109026,1,1,direct
109026,7,7,direct
109026,9,9,direct
109037,2,2,direct
109037,49,49,direct
109063,6,6,direct
109063,7,7,direct
109063,33,33,direct
109081,3,3,direct
109081,6,6,direct
109081,7,7,direct
109081,9,9,direct
109081,63,63,direct
109113,2,2,direct
109113,130,130,direct
109153,4,10,ancestor
109153,10,10,direct
109153,14,14,direct
109188,29,29,direct
109189,5,5,direct
109189,6,6,direct
109189,8,8,direct
109189,26,26,direct
109209,2,2,direct
109209,3,3,direct
109209,80,80,direct
109209,91,91,direct
109243,3,3,direct
109264,7,7,direct
109264,14,14,direct
109264,15,15,direct
109264,24,15,ancestor
109264,63,63,direct
109290,2,2,direct
109290,3,3,direct
109290,136,136,direct
109293,1,1,direct
109293,2,2,direct
109293,12,12,direct
109293,110,110,direct
109300,2,2,direct
109300,11,11,direct
109300,110,110,direct
109356,1,1,direct
109356,2,2,direct
109356,4,4,direct
109356,18,18,direct
109356,23,23,direct
109356,270,270,direct
109360,7,7,direct
109360,16,16,direct
109360,20,20,direct
109360,23,23,direct
109360,189,189,direct
109360,234,234,direct
109360,590,234,ancestor
109371,2,2,direct
109371,83,83,direct
109389,4,37,ancestor
109389,37,37,direct
109389,110,110,direct
109396,2,2,direct
109396,3,3,direct
109396,24,589,ancestor
109396,36,36,direct
109396,589,589,direct
109415,4,203,ancestor
109415,7,7,direct
109415,203,203,direct
109420,17,17,direct
109481,20,20,direct
109495,2,2,direct
109495,14,14,direct
109495,51,51,direct
109495,110,110,direct
109505,3,3,direct
109522,2,2,direct
109522,11,11,direct
109522,136,136,direct
109524,2,2,direct
109524,6,6,direct
109524,147,147,direct
109531,1,1,direct
109531,3,3,direct
109531,4,37,ancestor
109531,7,7,direct
109531,37,37,direct
109531,96,96,direct
109536,6,6,direct
109536,7,7,direct
109536,23,23,direct
109536,29,29,direct
109536,65,65,direct
109542,2,2,direct
109542,3,3,direct
109542,17,17,direct
109542,112,112,direct
109565,5,5,direct
109565,8,8,direct
109565,12,12,direct
109565,14,14,direct
109565,59,59,direct
109574,3,3,direct
109574,236,236,direct
109574,329,329,direct
109586,2,2,direct
109586,4,4,direct
109586,11,11,direct
109586,95,95,direct
109639,1,1,direct
109639,3,3,direct
109639,23,23,direct
109639,24,589,ancestor
109639,589,589,direct
109644,5,5,direct
109644,7,7,direct
109705,1,1,direct
109705,2,2,direct
109705,8,8,direct
109705,109,109,direct
109721,7,7,direct
109721,19,19,direct
109755,7,7,direct
109755,257,257,direct
109776,4,4,direct
109776,171,171,direct
109809,1,1,direct
109809,2,2,direct
109809,3,3,direct
109809,27,27,direct
109809,340,340,direct
109845,1,1,direct
109859,14,14,direct
109859,46,46,direct
109859,52,52,direct
109859,178,178,direct
109867,2,2,direct
109867,18,18,direct
109867,106,106,direct
109897,2,2,direct
109898,1,1,direct
109898,6,6,direct
109898,9,9,direct
109898,12,12,direct
109898,17,17,direct
109900,12,12,direct
109903,4,10,ancestor
109903,10,10,direct
109941,246,246,direct
109941,318,318,direct
109944,19,19,direct
109974,1,1,direct
109974,3,3,direct
109974,431,431,direct
110003,1,1,direct
110038,1,1,direct
110038,2,2,direct
110038,3,3,direct
110038,136,136,direct
110047,1,1,direct
110047,12,12,direct
110047,14,14,direct
110048,2,2,direct
110048,3,3,direct
110048,8,152,ancestor
110048,152,152,direct
110048,168,168,direct
110068,1,1,direct
110068,2,2,direct
110068,3,3,direct
110080,2,2,direct
110080,3,3,direct
110080,15,15,direct
110080,19,19,direct
110080,24,15,ancestor
110084,3,3,direct
110084,101,101,direct
110122,6,6,direct
110122,8,8,direct
110122,27,27,direct
110124,1,1,split
110124,3,3,split
110124,7,7,direct
110124,14,14,direct
110124,167,167,direct
110129,80,80,direct
110142,4,125,ancestor
110142,6,6,direct
110142,21,21,direct
110142,125,125,direct
110193,1,1,direct
110193,6,6,direct
110193,278,278,direct
110193,375,375,direct
110202,1,1,direct
110202,2,2,direct
110202,3,3,direct
110202,24,589,ancestor
110202,26,26,direct
110202,194,194,direct
110202,589,589,direct
110271,2,2,direct
110271,70,70,direct
110287,8,82,ancestor
110287,12,12,direct
110287,82,82,direct
110296,4,4,direct
110296,7,7,direct
110296,48,48,direct
110315,1,1,direct
110315,2,2,direct
110315,3,3,direct
110318,29,29,direct
110320,2,2,direct
110320,220,220,direct
110344,2,2,direct
110344,5,5,direct
110344,14,14,direct
110344,15,15,direct
110344,22,22,direct
110344,24,15,ancestor
110344,95,95,direct
110344,110,110,direct
110353,1,1,direct
110353,2,2,direct
110353,9,9,direct
110353,83,83,direct
110376,1,1,direct
110376,2,2,direct
110376,7,7,direct
110433,2,2,direct
110442,2,2,direct
110442,12,12,direct
110457,2,2,direct
110457,84,84,direct
110477,7,7,direct
110477,69,69,direct
110482,33,33,direct
110482,57,57,direct
110482,153,153,direct
110482,184,184,direct
110482,400,400,direct
110482,433,433,direct
110489,2,2,direct
110489,62,62,direct
110489,88,88,direct
110491,3,3,direct
110491,57,57,direct
110491,546,546,direct
110506,22,22,direct
110506,41,41,direct
110506,53,53,direct
110506,90,90,direct
110506,177,177,direct
110506,590,41,ancestor
110624,1,1,direct
110624,4,4,direct
110624,93,93,direct
110635,2,2,direct
110635,50,50,direct
110637,1,1,direct
110637,2,2,direct
110637,68,68,direct
110637,150,150,direct
110637,322,322,direct
110640,1,1,direct
110640,3,3,direct
110640,8,197,ancestor
110640,197,197,direct
110653,2,2,direct
110653,362,362,direct
110660,5,5,direct
110660,6,6,direct
110660,12,12,direct
110660,14,14,direct
110660,60,60,direct
110675,7,7,direct
110675,258,258,direct
110710,1,1,direct
110710,2,2,direct
110710,24,24,direct
110713,1,1,direct
110713,3,3,direct
110723,1,1,direct
110723,3,3,direct
110723,4,4,direct
110723,6,6,direct
110723,362,362,direct
110753,336,336,direct
110755,1,1,direct
110755,3,3,direct
110755,52,52,direct
110755,58,58,direct
110755,145,145,direct
110755,165,165,direct
110812,1,1,direct
110830,3,3,direct
110830,4,287,ancestor
110830,287,287,direct
110841,6,6,direct
110841,19,19,direct
110841,41,41,direct
110841,590,41,ancestor
110845,1,1,direct
110845,2,2,direct
110845,3,3,direct
110845,5,5,direct
110845,12,12,direct
110845,24,589,ancestor
110845,589,589,direct
110847,3,3,direct
110847,5,5,direct
110860,1,1,direct
110860,2,2,direct
110860,3,3,direct
110860,11,11,direct
110860,340,340,direct
110867,1,1,direct
110867,11,11,direct
110867,132,132,direct
110907,4,4,direct
110907,48,48,direct
110920,3,3,direct
110920,24,589,ancestor
110920,33,33,direct
110920,107,107,direct
110920,589,589,direct
110931,2,2,direct
110931,53,53,direct
111054,1,1,direct
111054,3,3,direct
111054,4,10,ancestor
111054,10,10,direct
111054,17,17,direct
111062,2,2,direct
111098,2,2,direct
111098,9,9,direct
111098,59,59,direct
111098,115,115,direct
111130,7,7,direct
111130,29,29,direct
111144,14,14,direct
111144,92,92,direct
111163,1,1,direct
111163,2,2,direct
111163,4,10,ancestor
111163,7,7,direct
111163,10,10,direct
111163,12,12,direct
111163,84,84,direct
111178,4,10,ancestor
111178,10,10,direct
111178,115,115,direct
111184,1,1,split
111184,2,2,split
111184,3,3,split
111184,4,4,direct
111184,7,7,direct
111184,33,33,direct
111229,27,27,direct
111229,103,103,direct
111234,1,1,direct
111234,243,243,direct
111291,11,11,direct
111350,2,2,direct
111350,11,11,direct
111350,174,174,direct
111353,1,1,split
111353,2,2,split
111353,3,3,split
111353,169,169,direct
111427,1,1,direct
111427,2,2,direct
111427,7,7,direct
111430,3,3,direct
111430,129,129,direct
111483,1,1,direct
111483,11,11,direct
111483,15,15,direct
111483,24,15,ancestor
111514,2,2,direct
111514,590,590,direct
111536,1,1,direct
111536,2,2,direct
111536,70,70,direct
111540,33,33,direct
111553,3,3,direct
111553,24,24,direct
111553,321,321,direct
111578,4,4,direct
111578,6,6,direct
111578,19,19,direct
111578,129,129,direct
111590,23,23,direct
111590,221,221,direct
111603,3,3,direct
111603,14,14,direct
111604,2,2,direct
111604,3,3,direct
111641,30,30,direct
111641,407,407,direct
111695,2,2,direct
111695,168,168,direct
111712,1,1,direct
111712,2,2,direct
111712,76,76,direct
111713,3,3,direct
111713,14,14,direct
111713,27,27,direct
111713,110,110,direct
111729,3,3,direct
111729,11,11,split
111729,12,12,direct
111729,49,49,split
111761,3,3,direct
111839,2,2,direct
111839,17,17,direct
111842,1,1,direct
111842,2,2,direct
111842,83,83,direct
111850,2,2,direct
111850,12,12,direct
111850,20,20,direct
111850,47,47,direct
111853,1,1,direct
111853,2,2,direct
111853,3,3,direct
111853,11,11,direct
111865,1,1,direct
111865,6,6,direct
111865,7,7,direct
111865,18,18,direct
111865,41,41,direct
111865,60,60,direct
111865,590,41,ancestor
111881,2,2,direct
111881,91,91,direct
111881,221,221,direct
111882,3,3,direct
111882,4,10,ancestor
111882,7,7,direct
111882,10,10,direct
111882,15,15,direct
111882,24,15,ancestor
111882,29,29,direct
111882,41,41,direct
111882,266,266,direct
111882,590,41,ancestor
111945,1,1,direct
111945,6,6,direct
111945,33,33,direct
111945,46,46,direct
111945,70,70,direct
111967,59,59,direct
111984,1,1,direct
111984,30,30,direct
112067,7,7,direct
112072,1,1,direct
112072,2,2,direct
112072,3,3,direct
112072,8,8,direct
112072,74,74,direct
112073,11,11,direct
112077,1,1,direct
112077,7,7,direct
112077,14,14,direct
112108,2,2,direct
112108,3,3,direct
112126,4,204,ancestor
112126,16,16,direct
112126,21,21,direct
112126,204,204,direct
112141,1,1,direct
112141,3,3,direct
112141,49,49,direct
112141,392,392,direct
112167,5,5,direct
112167,27,27,direct
112167,590,590,direct
112180,19,19,direct
112180,49,49,direct
112242,3,3,direct
112242,24,24,direct
112242,169,169,direct
112261,2,2,direct
112261,138,138,direct
112273,1,1,direct
112273,3,3,direct
112273,12,12,direct
112273,198,198,direct
112281,1,1,direct
112281,2,2,direct
112281,11,11,direct
112281,12,12,direct
112281,15,15,direct
112281,24,15,ancestor
112281,49,49,direct
112288,1,1,split
112288,3,3,split
112288,24,589,ancestor
112288,589,589,direct
112311,1,1,split
112311,2,2,split
112311,3,3,split
112311,11,11,direct
112311,261,261,direct
112316,1,1,direct
112316,2,2,direct
112316,3,3,direct
112316,382,382,direct
112335,2,2,direct
112335,3,3,direct
112342,2,2,direct
112342,264,264,direct
112369,5,5,direct
112369,11,11,direct
112369,24,589,ancestor
112369,49,49,direct
112369,589,589,direct
112373,1,1,direct
112373,2,2,direct
112373,7,7,direct
112373,14,14,direct
112380,23,23,direct
112418,3,3,direct
112418,24,143,ancestor
112418,143,143,direct
112418,169,169,direct
112446,7,7,direct
112446,198,198,direct
112482,2,2,direct
112482,29,29,direct
112498,3,3,direct
112498,17,17,direct
112498,41,41,direct
112498,81,81,direct
112498,590,41,ancestor
112514,1,1,split
112514,2,2,split
112514,3,3,direct
112514,21,21,direct
112514,23,23,direct
112514,184,184,direct
112522,2,2,direct
112522,6,6,direct
112522,46,46,direct
112524,2,2,direct
112524,11,11,direct
112593,1,1,direct
112593,4,4,direct
112593,27,27,direct
112594,4,4,direct
112594,221,221,direct
112597,2,2,direct
112597,5,5,direct
112597,6,6,direct
112597,14,14,direct
112597,227,227,direct
112598,2,2,direct
112598,49,49,direct
112622,1,1,direct
112622,2,2,direct
112622,3,3,direct
112632,2,2,direct
112632,3,3,direct
112632,12,12,direct
112663,1,1,direct
112663,3,3,direct
112683,76,76,direct
112686,1,1,direct
112686,2,2,direct
112686,3,3,direct
112686,4,4,direct
112686,110,110,direct
112701,1,1,direct
112701,49,49,direct
112701,81,81,direct
112733,1,1,direct
112733,3,3,direct
112746,9,9,direct
112746,12,12,direct
112750,1,1,direct
112750,2,2,direct
112750,3,3,direct
112763,2,2,direct
112763,109,109,direct
112775,2,2,direct
112775,3,3,direct
112775,76,76,direct
112820,1,1,direct
112820,3,3,direct
112820,126,126,direct
112861,2,2,direct
112861,3,3,direct
112861,12,12,direct
112933,2,2,direct
112933,3,3,direct
112933,4,4,direct
112933,17,17,direct
112933,27,27,direct
112939,2,2,direct
112939,8,8,direct
112939,18,18,direct
112944,5,5,direct
112944,6,6,direct
112944,23,23,direct
112944,69,69,direct
112959,2,2,direct
112959,3,3,direct
112959,24,24,direct
112970,12,12,direct
112970,14,14,direct
112972,7,7,direct
112972,126,126,direct
113012,1,1,direct
113012,2,2,direct
113012,9,9,direct
113012,50,50,direct
113060,63,63,direct
113088,1,1,split
113088,3,3,split
113088,11,11,direct
113088,12,12,direct
113088,17,17,direct
113123,113,113,direct
113133,2,2,direct
113133,53,53,direct
113133,83,83,direct
113193,7,7,direct
113230,1,1,direct
113230,2,2,direct
113230,3,3,direct
113230,78,78,direct
113266,1,1,split
113266,2,2,split
113266,3,3,split
113266,48,48,direct
113293,2,2,direct
113293,4,4,direct
113293,145,145,direct
113294,1,1,direct
113294,2,2,direct
113294,40,40,direct
113296,1,1,direct
113296,6,6,direct
113296,7,7,direct
113310,1,1,direct
113310,3,3,direct
113310,4,287,ancestor
113310,220,220,direct
113310,287,287,direct
113346,3,3,direct
113346,11,11,direct
113356,1,1,direct
113356,3,3,direct
113356,46,46,direct
113356,49,49,direct
113356,78,78,direct
113360,4,10,ancestor
113360,10,10,direct
113386,2,2,direct
113386,6,6,direct
113386,33,33,direct
113386,96,96,direct
113386,109,109,direct
113405,2,2,direct
113405,3,3,direct
113405,50,50,direct
113410,4,4,direct
113410,80,80,direct
113420,74,74,direct
113442,2,2,direct
113442,6,6,direct
113442,9,9,direct
113442,15,15,direct
113442,19,19,direct
113442,24,15,ancestor
113442,35,35,direct
113545,3,3,direct
113545,14,14,direct
113545,17,17,direct
113545,46,46,direct
113554,12,12,direct
113554,343,343,direct
113559,14,14,direct
113559,119,119,direct
113613,9,9,direct
113614,6,6,direct
113614,53,53,direct
113674,1,1,direct
113674,2,2,direct
113674,3,3,direct
113674,347,347,direct
113693,2,2,direct
113693,5,5,direct
113693,12,12,direct
113714,2,2,direct
113714,136,136,direct
113715,1,1,direct
113715,3,3,direct
113715,7,7,direct
113715,19,19,direct
113740,2,2,direct
113740,83,83,direct
113758,7,7,direct
113812,3,3,direct
113812,11,11,direct
113812,24,24,direct
113828,4,4,direct
113828,25,25,direct
113828,229,229,direct
113834,9,9,direct
113834,64,64,direct
113834,516,516,direct
113838,87,87,direct
113841,6,6,direct
113841,23,23,direct
113841,29,29,direct
113841,41,41,direct
113841,97,97,direct
113841,590,41,ancestor
113845,1,1,direct
113845,110,110,direct
113892,2,2,direct
113892,14,14,direct
113900,4,37,ancestor
113900,37,37,direct
113900,414,414,direct
113929,1,1,direct
113929,2,2,direct
113929,3,3,direct
113929,580,580,direct
114004,22,22,direct
114014,7,7,direct
114014,142,142,direct
114051,1,1,direct
114051,2,2,direct
114051,3,3,direct
114051,4,4,direct
114051,33,33,direct
114051,145,145,direct
114136,2,2,direct
114136,9,9,direct
114136,24,589,ancestor
114136,91,91,direct
114136,103,103,direct
114136,589,589,direct
114154,1,1,direct
114154,3,3,direct
114157,3,3,direct
114157,4,10,ancestor
114157,6,6,direct
114157,10,10,direct
114157,11,11,direct
114157,76,76,direct
114157,80,80,direct
114163,2,2,direct
114163,5,5,direct
114163,12,12,direct
114163,18,18,direct
114163,201,201,direct
114172,1,1,direct
114172,104,104,direct
114260,3,3,direct
114260,232,232,direct
114277,2,2,direct
114277,4,10,ancestor
114277,5,5,direct
114277,6,6,direct
114277,10,10,direct
114277,76,76,direct
114277,92,92,direct
114318,5,5,direct
114318,7,7,direct
114318,33,33,direct
114349,14,14,direct
114349,110,110,direct
114367,5,5,direct
114375,4,10,ancestor
114375,10,10,direct
114376,3,3,direct
114376,5,5,direct
114376,22,22,direct
114376,126,126,direct
114382,6,6,direct
114382,7,7,direct
114382,76,76,direct
114457,1,1,split
114457,3,3,split
114457,4,10,ancestor
114457,10,10,direct
114457,12,12,direct
114457,93,93,direct
114458,1,1,direct
114458,2,2,direct
114458,3,3,direct
114458,5,5,direct
114458,24,24,direct
114458,27,27,direct
114461,1,1,split
114461,3,3,split
114461,4,4,direct
114461,29,29,direct
114489,12,12,direct
114489,15,15,direct
114489,24,15,ancestor
114502,2,2,direct
114502,7,7,direct
114502,19,19,direct
114546,3,3,direct
114546,24,241,ancestor
114546,71,241,ancestor
114546,241,241,direct
114551,1,1,direct
114551,3,3,direct
114551,4,4,direct
114551,7,7,direct
114551,75,75,direct
114624,3,3,direct
114639,2,2,direct
114639,108,108,direct
114655,91,91,direct
114670,1,1,direct
114670,2,2,direct
114670,46,46,direct
114676,3,3,direct
114691,2,2,direct
114691,3,3,direct
114694,2,2,direct
114694,3,3,direct
114694,512,512,direct
114729,2,2,direct
114729,31,31,direct
114746,1,1,direct
114746,2,2,direct
114746,3,3,direct
114746,4,10,ancestor
114746,10,10,direct
114746,11,11,direct
114746,12,12,direct
114762,1,1,direct
114762,2,2,direct
114762,3,3,direct
114762,169,169,direct
114772,7,7,direct
114772,68,68,direct
114791,1,1,direct
114791,7,7,direct
114791,14,14,direct
114795,84,84,direct
114823,7,7,direct
114823,11,11,direct
114825,1,1,split
114825,2,2,split
114825,3,3,split
114825,6,6,direct
114825,33,33,direct
114875,14,14,direct
114902,6,6,direct
114902,19,19,direct
114907,7,7,direct
114907,9,9,direct
114907,14,14,direct
114971,1,1,direct
114971,3,3,direct
114971,6,6,direct
114971,12,12,direct
114971,46,46,direct
114971,83,83,direct
114986,1,1,direct
114986,3,3,direct
114986,4,37,ancestor
114986,27,27,direct
114986,37,37,direct
115015,1,1,direct
115015,2,2,direct
115015,3,3,direct
115021,1,1,direct
115021,9,9,direct
115021,108,108,direct
115035,24,24,direct
115040,70,70,direct
115040,92,92,direct
115063,24,24,direct
115065,3,3,direct
115065,382,382,direct
115108,5,5,direct
115108,8,82,ancestor
115108,12,12,direct
115108,82,82,direct
115118,1,1,direct
115135,3,3,direct
115135,5,5,direct
115135,9,9,direct
115165,2,2,direct
115175,1,1,direct
115175,3,3,direct
115175,4,4,direct
115175,7,7,direct
115175,91,91,direct
115180,1,1,direct
115180,3,3,direct
115180,46,46,direct
115194,88,88,direct
115194,254,254,direct
115207,1,1,direct
115207,2,2,direct
115207,3,3,direct
115207,9,9,direct
115207,19,19,direct
115214,2,2,direct
115233,1,1,direct
115233,4,4,direct
115244,2,2,direct
115244,168,168,direct
115249,2,2,direct
115249,3,3,direct
115249,63,63,direct
115249,91,91,direct
115258,3,3,direct
115258,6,6,direct
115258,15,15,direct
115258,24,15,ancestor
115269,394,394,direct
115329,14,14,direct
115329,19,19,direct
115329,138,138,direct
115330,4,4,direct
115330,11,11,direct
115330,12,12,direct
115332,1,1,split
115332,2,2,split
115332,3,3,split
115332,27,27,direct
115332,80,80,direct
115333,2,2,direct
115333,3,3,direct
115333,4,305,ancestor
115333,11,11,direct
115333,83,83,direct
115333,305,305,direct
115349,6,6,direct
115351,2,2,direct
115384,2,2,direct
115384,3,3,direct
115384,49,49,direct
115389,2,2,direct
115389,40,40,direct
115408,1,1,direct
115408,2,2,direct
115408,3,3,direct
115408,230,230,direct
115455,165,165,direct
115468,2,2,direct
115468,3,3,direct
115468,17,17,direct
115468,80,80,direct
115468,230,230,direct
115468,533,533,direct
115487,4,4,direct
115487,17,17,direct
115510,3,3,direct
115510,4,10,ancestor
115510,10,10,direct
115582,2,2,direct
115582,3,3,direct
115582,4,10,ancestor
115582,10,10,direct
115582,80,80,direct
115582,93,93,direct
115596,4,10,ancestor
115596,7,7,direct
115596,10,10,direct
115599,9,9,direct
115599,21,21,direct
115599,58,58,direct
115599,59,59,direct
115614,2,2,direct
115614,3,3,direct
115614,18,18,direct
115614,83,83,direct
115614,123,123,direct
115650,1,1,direct
115650,2,2,direct
115650,3,3,direct
115650,4,4,direct
115650,18,18,direct
115650,27,27,direct
115668,3,3,direct
115668,9,9,direct
115668,24,589,ancestor
115668,91,91,direct
115668,111,111,direct
115668,589,589,direct
115701,1,1,split
115701,2,2,split
115701,3,3,split
115701,12,12,direct
115701,14,14,direct
115701,70,70,direct
115711,221,221,direct
115711,288,288,direct
115731,1,1,direct
115731,3,3,direct
115731,24,143,ancestor
115731,114,114,direct
115731,143,143,direct
115795,1,1,direct
115795,2,2,direct
115795,174,174,direct
115842,2,2,direct
115842,3,3,direct
115842,18,18,direct
115844,7,7,direct
115844,11,11,direct
115851,1,1,direct
115851,3,3,direct
115851,12,12,direct
115854,7,7,direct
115854,416,416,direct
115886,2,2,direct
115886,17,17,direct
115890,1,1,split
115890,3,3,split
115890,20,20,direct
115890,64,64,direct
115906,41,41,direct
115906,104,104,direct
115906,590,41,ancestor
115907,1,1,direct
115907,2,2,direct
115907,3,3,direct
115907,12,12,direct
115907,13,13,direct
115907,36,36,direct
115907,46,46,direct
115907,168,168,direct
115938,1,1,direct
115938,16,16,direct
115938,390,390,direct
115960,3,3,direct
115960,21,21,direct
115960,24,24,direct
115960,33,33,direct
115960,57,57,direct
115960,146,146,direct
115970,2,2,direct
115977,2,2,direct
115977,49,49,direct
115980,1,1,split
115980,2,2,split
115980,3,3,split
115980,11,11,split
115980,24,24,direct
115980,50,50,split
115980,96,96,direct
115995,1,1,direct
115995,2,2,direct
115995,148,148,direct
116005,2,2,direct
116005,3,3,direct
116005,17,17,direct
116005,362,362,direct
116018,46,46,direct
116018,69,69,direct
116029,2,2,direct
116029,4,10,ancestor
116029,10,10,direct
116029,11,11,direct
116037,1,1,direct
116037,85,85,direct
116063,1,1,direct
116063,2,2,direct
116063,3,3,direct
116063,4,4,direct
116063,11,11,direct
116063,118,118,direct
116110,1,1,direct
116110,8,8,direct
116126,1,1,direct
116126,3,3,direct
116126,4,37,ancestor
116126,37,37,direct
116126,284,284,direct
116138,3,3,direct
116138,115,115,direct
116138,252,252,direct
116177,2,2,direct
116177,5,5,direct
116177,6,6,direct
116177,11,11,direct
116177,12,12,direct
116177,23,23,direct
116177,24,589,ancestor
116177,53,53,direct
116177,81,81,direct
116177,145,145,direct
116177,589,589,direct
116177,590,590,direct
116191,7,7,direct
116191,24,589,ancestor
116191,589,589,direct
116191,590,590,direct
116194,1,1,direct
116194,2,2,direct
116194,3,3,direct
116194,24,71,ancestor
116194,71,71,direct
116222,7,7,direct
116222,222,222,direct
116235,2,2,direct
116235,3,3,direct
116235,52,52,direct
116235,79,79,direct
116248,3,3,direct
116301,5,5,direct
116301,12,12,direct
116301,14,14,direct
116306,84,84,direct
116306,91,91,direct
116312,1,1,direct
116312,2,2,direct
116312,4,37,ancestor
116312,7,7,direct
116312,29,29,direct
116312,37,37,direct
116349,3,3,direct
116349,4,204,ancestor
116349,204,204,direct
116368,2,2,direct
116368,12,12,direct
116368,110,110,direct
116409,1,1,direct
116409,3,3,direct
116409,12,12,direct
116409,14,14,direct
116455,2,2,direct
116455,8,8,direct
116455,60,60,direct
116503,1,1,split
116503,2,2,split
116503,3,3,split
116503,11,11,direct
116503,12,12,direct
116503,24,589,ancestor
116503,589,589,direct
116509,3,3,direct
116509,4,10,ancestor
116509,10,10,direct
116509,48,48,direct
116509,76,76,direct
116589,1,1,direct
116589,48,48,direct
116589,252,252,direct
116602,2,2,direct
116602,3,3,direct
116602,11,11,direct
116603,2,2,direct
116603,4,4,direct
116603,19,19,direct
116630,1,1,direct
116630,2,2,direct
116630,3,3,direct
116631,2,2,direct
116631,3,3,direct
116631,4,4,direct
116631,50,50,direct
116631,151,151,direct
116632,5,5,direct
116632,7,7,direct
116632,12,12,direct
116645,3,3,direct
116645,11,11,direct
116645,12,12,direct
116645,23,23,direct
116645,24,589,ancestor
116645,589,589,direct
116662,1,1,direct
116662,7,7,direct
116662,31,31,direct
116662,35,35,direct
116674,136,136,direct
116676,3,3,direct
116699,1,1,direct
116699,3,3,direct
116699,27,27,direct
116705,7,7,direct
116739,1,1,direct
116739,284,284,direct
116749,2,2,direct
116749,84,84,direct
116771,3,3,direct
116789,1,1,split
116789,2,2,split
116789,3,3,split
116789,11,11,direct
116789,18,18,direct
116789,91,91,direct
116789,110,110,direct
116793,3,3,direct
116809,2,2,direct
116809,4,4,direct
116809,6,6,direct
116809,11,11,direct
116809,33,33,direct
116867,1,1,direct
116867,2,2,direct
116867,3,3,direct
116867,14,14,direct
116883,514,514,direct
116936,1,1,direct
116936,7,7,direct
116974,1,1,split
116974,3,3,split
116974,23,23,direct
116974,156,156,direct
116991,24,24,direct
116991,91,91,direct
116991,131,131,direct
116991,170,170,direct
116991,228,228,direct
117007,4,4,direct
117007,19,19,direct
117007,83,83,direct
117019,1,1,direct
117019,7,7,direct
117019,376,376,direct
117026,20,20,direct
117026,31,31,direct
117066,2,2,direct
117066,33,33,direct
117066,67,67,direct
117066,91,91,direct
117086,109,109,direct
117091,1,1,direct
117091,2,2,direct
117091,3,3,direct
117091,8,8,direct
117091,33,33,direct
117102,148,148,direct
117141,18,18,direct
117146,1,1,split
117146,3,3,split
117146,4,10,ancestor
117146,10,10,direct
117201,2,2,direct
117201,3,3,direct
117201,4,4,direct
117201,33,33,direct
117230,2,2,direct
117230,257,257,direct
117284,4,4,direct
117284,6,6,direct
117284,27,27,direct
117307,1,1,direct
117345,1,1,direct
117345,2,2,direct
117345,3,3,direct
117345,36,36,direct
117362,1,1,direct
117362,2,2,direct
117362,3,3,direct
117362,9,9,direct
117362,18,18,direct
117379,1,1,direct
117379,3,3,direct
117379,17,17,direct
117388,109,109,direct
117425,2,2,direct
117425,4,4,direct
117425,254,254,direct
117433,1,1,direct
117433,2,2,direct
117433,46,46,direct
117433,91,91,direct
117438,1,1,direct
117438,14,14,direct
117456,6,6,direct
117456,15,15,direct
117456,24,15,ancestor
117461,7,7,direct
117461,8,8,direct
117462,2,2,direct
117462,165,165,direct
117496,3,3,direct
117496,590,590,direct
117503,1,1,direct
117503,3,3,direct
117503,5,5,direct
117503,14,14,direct
117503,590,590,direct
117513,2,2,direct
117513,24,24,direct
117533,1,1,direct
117533,76,76,direct
117536,1,1,direct
117536,3,3,direct
117536,24,71,ancestor
117536,71,71,direct
117550,8,8,direct
117550,103,103,direct
117550,168,168,direct
117550,221,221,direct
117582,7,7,direct
117582,9,9,direct
117582,14,14,direct
117582,23,23,direct
117582,46,46,direct
117607,2,2,direct
117609,3,3,direct
117609,4,4,direct
117609,265,265,direct
117663,2,2,direct
117663,70,70,direct
117674,1,1,direct
117674,2,2,direct
117674,3,3,direct
117674,9,9,direct
117674,164,164,direct
117707,33,33,direct
117707,41,41,direct
117707,115,115,direct
117707,590,41,ancestor
117716,14,14,direct
117716,30,30,direct
117720,21,21,direct
117720,122,122,direct
117720,131,131,direct
117720,229,229,direct
117725,1,1,direct
117725,7,7,direct
117725,12,12,direct
117725,14,14,direct
117729,2,2,direct
117815,1,1,direct
117815,2,2,direct
117815,3,3,direct
117815,5,5,direct
117815,12,12,direct
117815,46,46,direct
117815,112,112,direct
117815,590,590,direct
117821,1,1,direct
117821,3,3,direct
117821,36,36,direct
117825,1,1,direct
117825,3,3,direct
117825,4,4,direct
117825,7,7,direct
117825,9,9,direct
117827,3,3,direct
117862,2,2,direct
117862,29,29,direct
117871,1,1,direct
117871,2,2,direct
117871,6,6,direct
117871,7,7,direct
117876,2,2,direct
117876,23,23,direct
117876,552,552,direct
117890,2,2,direct
117890,11,11,direct
117927,1,1,direct
117927,33,33,direct
117927,131,131,direct
117954,41,41,direct
117954,104,104,direct
117954,590,41,ancestor
117959,1,1,direct
117959,2,2,direct
117959,3,3,direct
117959,49,49,direct
117966,1,1,direct
117966,2,2,direct
117966,11,11,direct
117966,49,49,direct
117967,70,70,direct
117967,118,118,direct
117985,2,2,direct
117985,11,11,direct
117985,81,81,direct
117985,91,91,direct
117985,123,123,direct
117985,340,340,direct
117985,367,367,direct
118055,2,2,direct
118055,505,505,direct
118115,1,1,split
118115,2,2,split
118115,6,6,direct
118115,7,7,direct
118124,2,2,direct
118124,130,130,direct
118141,4,203,ancestor
118141,203,203,direct
118163,1,1,direct
118163,3,3,direct
118163,63,63,direct
118163,126,126,direct
118163,254,254,direct
118188,1,1,direct
118188,18,18,direct
118188,139,139,direct
118250,1,1,direct
118250,6,6,direct
118250,33,33,direct
118261,1,1,direct
118261,3,3,split
118261,7,7,direct
118261,14,14,direct
118261,113,113,direct
118266,33,33,direct
118323,7,7,direct
118323,337,337,direct
118332,5,5,direct
118332,6,6,direct
118332,8,8,direct
118332,12,12,direct
118332,14,14,direct
118397,1,1,direct
118397,2,2,direct
118397,24,589,ancestor
118397,50,50,direct
118397,110,110,direct
118397,589,589,direct
118401,84,84,direct
118425,1,1,direct
118425,3,3,direct
118425,7,7,direct
118425,24,71,ancestor
118425,50,50,direct
118425,71,71,direct
118453,4,4,direct
118453,109,109,direct
118461,1,1,direct
118461,2,2,direct
118461,3,3,direct
118461,11,11,direct
118461,24,24,direct
118461,93,93,direct
118461,193,193,direct
118492,1,1,direct
118492,2,2,direct
118492,3,3,direct
118492,174,174,direct
118511,1,1,direct
118511,3,3,direct
118525,1,1,direct
118525,2,2,direct
118525,7,7,direct
118525,14,14,direct
118544,11,11,direct
118544,14,14,direct
118544,29,29,direct
118544,83,83,direct
118557,5,5,direct
118557,6,6,direct
118557,48,48,direct
118557,92,92,direct
118558,2,2,direct
118558,3,3,direct
118558,9,9,direct
118558,11,11,split
118558,49,49,split
118574,2,2,direct
118574,84,84,direct
118574,91,91,direct
118586,1,1,split
118586,3,3,split
118586,23,23,direct
118586,391,391,direct
118594,1,1,direct
118594,2,2,direct
118594,3,3,direct
118594,50,50,direct
118621,1,1,direct
118621,3,3,direct
118634,2,2,direct
118634,31,31,direct
118667,1,1,direct
118667,2,2,direct
118667,3,3,direct
118667,5,5,direct
118667,12,12,direct
118667,24,24,direct
118667,251,251,direct
118686,337,337,direct
118694,3,3,direct
118694,6,6,direct
118694,8,8,direct
118694,9,9,direct
118694,80,80,direct
118730,1,1,direct
118730,5,5,direct
118879,1,1,direct
118879,7,7,direct
118887,7,7,direct
118887,23,23,direct
118887,80,80,direct
118887,92,92,direct
118894,2,2,direct
118894,327,327,direct
118965,1,1,direct
118965,2,2,direct
118965,7,7,direct
118965,9,9,direct
118983,2,2,direct
118983,3,3,direct
118983,4,4,direct
118983,115,115,direct
118990,57,57,direct
118990,64,64,direct
118990,87,87,direct
118990,183,183,direct
118990,325,325,direct
118991,3,3,direct
118991,19,19,direct
119032,2,2,direct
119032,3,3,direct
119032,6,6,direct
119032,11,11,direct
119032,15,15,direct
119032,24,15,ancestor
119032,33,33,direct
119040,1,1,direct
119040,2,2,direct
119040,23,23,direct
119040,70,70,direct
119040,199,199,direct
119087,11,11,direct
119087,96,96,direct
119111,1,1,direct
119111,3,3,direct
119111,9,9,direct
119111,46,46,direct
119111,126,126,direct
119141,2,2,direct
119141,29,29,direct
119152,7,7,direct
119152,11,11,direct
119152,23,23,direct
119152,41,41,direct
119152,590,41,ancestor
119172,1,1,direct
119172,2,2,direct
119172,3,3,direct
119185,4,10,ancestor
119185,10,10,direct
119185,91,91,direct
119200,1,1,direct
119200,2,2,direct
119200,3,3,direct
119200,22,22,direct
119212,2,2,direct
119212,168,168,direct
119228,2,2,direct
119228,8,8,direct
119228,83,83,direct
119228,123,123,direct
119258,1,1,direct
119258,2,2,direct
119258,3,3,direct
119258,9,9,direct
119278,2,2,direct
119278,3,3,direct
119278,6,6,direct
119278,11,11,direct
119278,83,83,direct
119302,3,3,direct
119302,5,5,direct
119302,6,6,direct
119302,15,15,direct
119302,24,15,ancestor
119302,60,60,direct
119302,63,63,direct
119307,5,5,direct
119307,6,6,direct
119307,12,12,direct
119307,14,14,direct
119314,1,1,direct
119314,2,2,direct
119314,5,5,direct
119314,9,9,direct
119314,18,18,direct
119314,22,22,direct
119314,41,41,direct
119314,117,117,direct
119314,120,120,direct
119314,440,440,direct
119314,590,41,ancestor
119349,78,78,direct
119403,2,2,direct
119403,4,4,direct
119403,11,11,split
119403,49,49,split
119411,1,1,direct
119411,3,3,direct
119411,7,7,direct
119422,18,18,direct
119422,24,589,ancestor
119422,589,589,direct
119443,2,2,direct
119443,6,6,direct
119443,83,83,direct
119560,2,2,direct
119560,3,3,direct
119560,4,10,ancestor
119560,6,6,direct
119560,10,10,direct
119560,23,23,direct
119560,27,27,direct
119571,1,1,direct
119571,2,2,direct
119571,12,12,direct
119604,69,69,direct
119610,1,1,direct
119610,5,5,direct
119610,7,7,direct
119610,11,11,direct
119610,36,36,direct
119610,41,41,direct
119610,49,49,direct
119610,129,129,direct
119610,590,41,ancestor
119621,1,1,direct
119621,3,3,direct
119621,126,126,direct
119677,3,3,direct
119677,6,6,direct
119677,12,12,direct
119677,80,80,direct
119714,46,46,direct
119714,66,66,direct
119714,145,145,direct
119728,1,1,split
119728,3,3,split
119728,11,11,direct
119728,52,52,direct
119741,14,14,direct
119745,5,5,direct
119745,8,275,ancestor
119745,14,14,direct
119745,275,275,direct
119770,1,1,direct
119770,3,3,direct
119770,17,17,direct
119778,2,2,direct
119778,3,3,direct
119778,79,79,direct
119780,2,2,direct
119780,7,7,direct
119780,69,69,direct
119793,1,1,direct
119793,2,2,direct
119793,18,18,direct
119793,46,46,direct
119802,1,1,direct
119802,2,2,direct
119802,3,3,direct
119802,81,81,direct
119822,1,1,split
119822,2,2,split
119822,3,3,split
119822,4,4,direct
119822,257,257,direct
119873,6,6,direct
119873,7,7,direct
119873,97,97,direct
119896,1,1,direct
119896,2,2,direct
119896,22,22,direct
119896,244,244,direct
119923,2,2,direct
119923,3,3,direct
119923,431,431,direct
119935,2,2,direct
119935,3,3,direct
119935,15,15,direct
119935,24,15,ancestor
119935,84,84,direct
119938,4,4,direct
119938,7,7,direct
119938,110,110,direct
120021,1,1,split
120021,2,2,split
120021,3,3,split
120021,91,91,direct
120021,126,126,direct
120040,1,1,direct
120040,3,3,direct
120049,7,7,direct
120052,1,1,direct
120052,7,7,direct
120052,19,19,direct
120053,36,36,direct
120053,359,359,direct
120110,5,5,direct
120110,6,6,direct
120110,24,589,ancestor
120110,111,111,direct
120110,257,257,direct
120110,589,589,direct
120127,4,10,ancestor
120127,10,10,direct
120128,14,14,direct
120128,108,108,direct
120139,1,1,direct
120139,2,2,direct
120147,1,1,direct
120147,3,3,direct
120147,465,465,direct
120164,2,2,direct
120164,3,3,direct
120164,590,590,direct
120174,1,1,split
120174,2,2,split
120174,3,3,split
120174,12,12,direct
120174,84,84,direct
120174,110,110,direct
120175,66,66,direct
120175,138,138,direct
120178,1,1,direct
120178,2,2,direct
120178,3,3,direct
120178,9,9,direct
120178,91,91,direct
120178,110,110,direct
120200,14,14,direct
120200,52,52,direct
120200,81,81,direct
120200,83,83,direct
120200,113,113,direct
120224,1,1,direct
120224,2,2,direct
120224,9,9,direct
120270,7,7,direct
120338,51,51,direct
120372,2,2,direct
120372,234,234,direct
120372,590,234,ancestor
120392,21,21,direct
120392,107,107,direct
120392,420,420,direct
120396,1,1,direct
120396,2,2,direct
120396,3,3,direct
120396,36,36,direct
120396,392,392,direct
120429,107,107,direct
120430,2,2,direct
120436,24,589,ancestor
120436,589,589,direct
120438,1,1,direct
120438,2,2,direct
120438,3,3,direct
120438,88,88,direct
120441,3,3,direct
120441,4,10,ancestor
120441,5,5,direct
120441,8,8,direct
120441,10,10,direct
120460,2,2,direct
120460,264,264,direct
120469,2,2,direct
120490,1,1,direct
120540,1,1,direct
120540,2,2,direct
120560,40,40,direct
120566,1,1,direct
120566,2,2,direct
120566,3,3,direct
120566,161,161,direct
120567,2,2,direct
120567,3,3,direct
120567,31,31,direct
120572,4,4,direct
120572,5,5,direct
120572,6,6,direct
120572,7,7,direct
120572,64,64,direct
120572,102,102,direct
120578,1,1,direct
120578,4,10,ancestor
120578,10,10,direct
120578,23,23,direct
120586,2,2,direct
120586,3,3,direct
120586,5,5,direct
120586,6,6,direct
120586,11,11,direct
120586,12,12,direct
120597,12,12,direct
120597,110,110,direct
120643,3,3,direct
120643,24,24,direct
120643,33,33,direct
120670,1,1,direct
120670,2,2,direct
120670,3,3,direct
120670,11,11,direct
120712,84,84,direct
120729,2,2,direct
120729,4,4,direct
120729,186,186,direct
120741,2,2,direct
120741,7,7,direct
120741,19,19,direct
120744,1,1,direct
120744,6,6,direct
120744,7,7,direct
120744,180,180,direct
120766,96,96,direct
120770,3,3,direct
120770,171,171,direct
120836,2,2,direct
120836,256,256,direct
120844,3,3,direct
120844,6,6,direct
120844,7,7,direct
120844,11,11,direct
120844,33,33,direct
120867,1,1,direct
120867,29,29,direct
120885,2,2,direct
120885,3,3,direct
120885,7,7,direct
120888,5,5,direct
120888,6,6,direct
120888,12,12,direct
120888,24,589,ancestor
120888,589,589,direct
120893,12,12,direct
120905,3,3,direct
120905,18,18,direct
120905,532,532,direct
120956,148,148,direct
120963,1,1,direct
120963,2,2,direct
120963,3,3,direct
120963,9,9,direct
120963,590,590,direct
120967,7,7,direct
120967,201,201,direct
121005,104,104,direct
121007,2,2,direct
121007,12,12,direct
121009,2,2,direct
121009,3,3,direct
121009,53,53,direct
121014,1,1,direct
121014,2,2,direct
121014,11,11,direct
121014,18,18,direct
121014,136,136,direct
121025,11,11,split
121025,49,49,split
121025,50,50,direct
121025,83,83,direct
121066,14,14,direct
121073,2,2,direct
121073,3,3,direct
121073,4,4,direct
121073,236,236,direct
121074,3,3,direct
121074,11,11,direct
121074,16,16,direct
121074,49,49,direct
121106,1,1,direct
121106,3,3,direct
121106,23,23,direct
121176,1,1,direct
121176,83,83,direct
121176,220,220,direct
121176,284,284,direct
121183,19,19,direct
121183,87,87,direct
121183,138,138,direct
121183,402,402,direct
121192,2,2,direct
121192,3,3,direct
121192,5,5,direct
121192,6,6,direct
121192,11,11,direct
121192,68,68,direct
121200,4,4,direct
121200,11,11,direct
121203,109,109,direct
121214,3,3,direct
121228,27,27,direct
121230,1,1,direct
121230,2,2,direct
121230,3,3,direct
121241,1,1,direct
121241,2,2,direct
121241,3,3,direct
121241,142,142,direct
121250,2,2,direct
121250,3,3,direct
121250,50,50,direct
121250,111,111,direct
121330,2,2,direct
121330,4,10,ancestor
121330,10,10,direct
121356,24,589,ancestor
121356,93,93,direct
121356,111,111,direct
121356,589,589,direct
121382,2,2,direct
121382,3,3,direct
121382,590,590,direct
121397,1,1,direct
121397,2,2,direct
121397,3,3,direct
121405,1,1,direct
121405,2,2,direct
121405,478,478,direct
121409,1,1,direct
121409,3,3,direct
121409,23,23,direct
121435,11,11,direct
121435,129,129,direct
121496,1,1,direct
121496,2,2,direct
121496,91,91,direct
121496,108,108,direct
121502,12,12,direct
121526,2,2,direct
121526,26,26,direct
121526,46,46,direct
121534,2,2,direct
121534,3,3,direct
121539,3,3,direct
121539,21,21,direct
121539,93,93,direct
121543,1,1,direct
121543,3,3,direct
121543,12,12,direct
121543,24,589,ancestor
121543,367,367,direct
121543,589,589,direct
121546,1,1,split
121546,2,2,split
121546,3,3,split
121546,6,6,direct
121546,12,12,direct
121546,24,589,ancestor
121546,589,589,direct
121554,2,2,direct
121607,3,3,direct
121607,9,9,direct
121607,110,110,direct
121619,12,12,direct
121639,1,1,direct
121639,7,7,direct
121639,14,14,direct
121639,75,75,direct
121711,2,2,direct
121711,6,6,direct
121711,33,33,direct
121711,53,53,direct
121719,1,1,direct
121719,2,2,direct
121719,4,10,ancestor
121719,10,10,direct
121719,91,91,direct
121773,2,2,direct
121773,3,3,direct
121773,4,204,ancestor
121773,204,204,direct
121774,1,1,direct
121774,3,3,direct
121774,17,17,direct
121814,11,11,direct
121814,23,23,direct
121814,80,80,direct
121820,7,7,direct
121868,1,1,direct
121868,3,3,direct
121890,2,2,direct
121890,3,3,direct
121890,33,33,direct
121890,53,53,direct
121918,2,2,direct
121918,3,3,direct
121918,93,93,direct
121937,1,1,direct
121937,3,3,direct
121937,22,22,direct
121937,245,245,direct
121938,1,1,direct
121950,4,4,direct
121950,7,7,direct
121950,33,33,direct
121950,134,134,direct
121954,1,1,direct
121954,2,2,direct
121954,7,7,direct
121954,14,14,direct
121970,2,2,direct
121970,12,12,direct
121973,3,3,direct
121973,14,14,direct
121973,46,46,direct
121973,66,66,direct
121973,92,92,direct
121981,36,36,direct
121981,74,74,direct
121992,6,6,direct
121992,19,19,direct
121992,31,31,direct
121992,39,39,direct
121992,144,144,direct
122052,7,7,direct
122071,2,2,direct
122071,8,8,direct
122129,1,1,direct
122129,3,3,direct
122129,50,50,direct
122129,138,138,direct
122174,42,42,direct
122174,100,100,direct
122174,135,135,direct
122174,444,444,direct
122192,6,6,direct
122192,7,7,direct
122192,28,28,direct
122192,30,30,direct
122192,40,40,direct
122198,1,1,direct
122198,2,2,direct
122198,91,91,direct
122225,1,1,direct
122225,2,2,direct
122225,3,3,direct
122225,347,347,direct
122249,1,1,direct
122249,2,2,direct
122249,7,7,direct
122249,9,9,direct
122249,26,26,direct
122249,40,40,direct
122249,44,44,direct
122294,1,1,direct
122306,1,1,direct
122306,2,2,direct
122306,3,3,direct
122330,2,2,direct
122338,96,96,direct
122370,1,1,direct
122370,7,7,direct
122370,8,8,direct
122370,52,52,direct
122417,1,1,direct
122417,7,7,direct
122417,14,14,direct
122417,46,46,direct
122431,3,3,direct
122431,8,82,ancestor
122431,59,59,direct
122431,82,82,direct
122431,114,114,direct
122468,1,1,direct
122468,3,3,direct
122514,2,2,direct
122518,48,48,direct
122598,4,10,ancestor
122598,10,10,direct
122598,12,12,direct
122638,2,2,direct
122638,11,11,direct
122688,1,1,direct
122688,3,3,direct
122688,4,4,direct
122688,11,11,direct
122688,33,33,direct
122728,1,1,direct
122728,11,11,direct
122728,227,227,direct
122751,1,1,direct
122755,2,2,direct
122755,5,5,direct
122756,1,1,direct
122756,108,108,direct
122769,28,28,direct
122769,29,29,direct
122794,1,1,direct
122794,7,7,direct
122807,1,1,direct
122807,6,6,direct
122807,33,33,direct
122807,53,53,direct
122817,2,2,direct
122817,91,91,direct
122817,111,111,direct
122817,264,264,direct
122821,2,2,direct
122821,265,265,direct
122825,2,2,direct
122825,3,3,direct
122825,171,171,direct
122828,1,1,direct
122828,2,2,direct
122828,3,3,direct
122828,5,5,direct
122828,11,11,direct
122828,14,14,direct
122828,58,58,direct
122828,110,110,direct
122855,1,1,direct
122855,3,3,direct
122855,63,63,direct
122855,126,126,direct
122863,1,1,direct
122863,3,3,direct
122886,3,3,direct
122890,1,1,direct
122890,6,6,direct
122890,7,7,direct
122890,9,9,direct
122890,93,93,direct
122898,5,5,direct
122898,66,66,direct
122928,1,1,direct
122928,2,2,direct
122928,9,9,direct
122928,17,17,direct
122928,33,33,direct
122941,2,2,direct
122968,136,136,direct
123005,1,1,direct
123005,3,3,direct
123013,1,1,direct
123013,2,2,direct
123013,3,3,direct
123013,69,69,direct
123041,1,1,direct
123041,2,2,direct
123061,2,2,direct
123061,7,7,direct
123061,14,14,direct
123061,46,46,direct
123093,11,11,direct
123102,2,2,direct
123102,11,11,direct
123104,1,1,direct
123104,129,129,direct
123130,1,1,direct
123130,3,3,direct
123137,1,1,direct
123137,3,3,direct
123137,68,68,direct
123137,96,96,direct
123149,271,271,direct
123150,2,2,direct
123150,3,3,direct
123150,201,201,direct
123150,309,309,direct
123177,2,2,direct
123177,3,3,direct
123177,50,50,direct
123177,193,193,direct
123187,2,2,direct
123187,3,3,direct
123187,11,11,direct
123187,340,340,direct
123191,1,1,direct
123191,2,2,direct
123191,14,14,direct
123191,46,46,direct
123191,66,66,direct
123192,2,2,direct
123192,3,3,direct
123192,8,152,ancestor
123192,50,50,direct
123192,83,83,direct
123192,152,152,direct
123235,1,1,direct
123235,3,3,direct
123235,332,332,direct
123267,2,2,direct
123267,4,4,direct
123267,11,11,split
123267,49,49,split
123281,7,7,direct
123281,48,48,direct
123313,2,2,direct
123313,4,4,direct
123313,294,294,direct
123333,108,108,direct
123338,1,1,direct
123338,3,3,direct
123338,6,6,direct
123338,9,9,direct
123338,183,183,direct
123358,2,2,direct
123358,3,3,direct
123358,6,6,direct
123358,11,11,direct
123358,321,321,direct
123442,1,1,direct
123442,6,6,direct
123442,15,15,direct
123442,16,16,direct
123442,19,19,direct
123442,24,15,ancestor
123452,2,2,direct
123452,254,254,direct
123534,2,2,direct
123534,3,3,direct
123534,4,10,ancestor
123534,6,6,direct
123534,10,10,direct
123534,11,11,direct
123534,115,115,direct
123534,145,145,direct
123544,3,3,direct
123544,4,4,direct
123588,1,1,direct
123588,2,2,direct
123588,3,3,direct
123588,324,324,direct
123632,2,2,direct
123632,84,84,direct
123632,110,110,direct
123632,265,265,direct
123689,5,5,direct
123689,6,6,direct
123689,12,12,direct
123689,23,23,direct
123692,2,2,direct
123692,3,3,direct
123692,5,5,direct
123692,8,8,direct
123692,11,11,direct
123700,1,1,split
123700,2,2,split
123700,3,3,split
123700,4,10,ancestor
123700,10,10,direct
123700,18,18,direct
123737,4,4,direct
123737,6,6,direct
123737,11,11,direct
123737,110,110,direct
123765,2,2,direct
123765,53,53,direct
123788,2,2,direct
123788,3,3,direct
123788,18,18,direct
123788,408,408,direct
123823,6,6,direct
123823,53,53,direct
123823,132,132,direct
123828,1,1,direct
123828,2,2,direct
123828,3,3,direct
123828,11,11,direct
123832,2,2,direct
123832,4,4,direct
123832,136,136,direct
123837,41,41,direct
123837,104,104,direct
123837,590,41,ancestor
123846,29,29,direct
123865,2,2,direct
123865,3,3,direct
123865,29,29,direct
123866,5,5,direct
123866,11,11,direct
123885,2,2,direct
123885,3,3,direct
123885,9,9,direct
123885,58,250,ancestor
123885,63,63,direct
123885,250,250,direct
123906,590,590,direct
123950,2,2,direct
123950,3,3,direct
123950,6,6,direct
123950,16,16,direct
123964,2,2,direct
123964,12,12,direct
123964,84,84,direct
124008,1,1,split
124008,2,2,split
124008,3,3,split
124008,44,44,direct
124040,1,1,direct
124040,6,6,direct
124060,9,9,direct
124115,1,1,direct
124115,2,2,direct
124115,3,3,direct
124140,33,33,direct
124140,81,81,direct
124171,1,1,direct
124171,2,2,direct
124171,3,3,direct
124191,2,2,direct
124191,5,5,direct
124191,12,12,direct
124233,3,3,direct
124233,4,4,direct
124233,11,11,direct
124233,19,19,direct
124246,1,1,direct
124246,3,3,direct
124246,23,23,direct
124246,63,63,direct
124332,3,3,direct
124332,41,41,direct
124332,231,231,direct
124332,590,41,ancestor
124353,4,37,ancestor
124353,37,37,direct
124353,70,70,direct
124363,5,5,direct
124363,14,14,direct
124373,1,1,direct
124373,2,2,direct
124373,3,3,direct
124373,4,4,direct
124373,36,36,direct
124382,66,66,direct
124382,228,228,direct
124392,2,2,direct
124392,46,46,direct
124392,49,49,direct
124392,70,70,direct
124399,2,2,direct
124399,9,9,direct
124399,24,24,direct
124399,228,228,direct
124400,2,2,direct
124400,3,3,direct
124401,2,2,direct
124401,36,36,direct
124401,414,414,direct
124401,566,566,direct
124456,2,2,direct
124456,3,3,direct
124456,11,11,direct
124456,12,12,direct
124456,110,110,direct
124480,7,7,direct
124480,337,337,direct
124484,2,2,direct
124484,24,24,direct
124498,2,2,direct
124498,3,3,direct
124498,6,6,direct
124498,8,82,ancestor
124498,9,9,direct
124498,11,11,direct
124498,12,12,direct
124498,14,14,direct
124498,82,82,direct
124499,7,7,direct
124499,590,590,direct
124538,6,6,direct
124538,7,7,direct
124538,23,23,direct
124538,41,41,direct
124538,60,60,direct
124538,590,41,ancestor
124580,4,4,direct
124582,4,37,ancestor
124582,37,37,direct
124582,220,220,direct
124587,2,2,direct
124591,1,1,direct
124591,3,3,direct
124591,24,24,direct
124611,2,2,direct
124611,18,18,direct
124611,145,145,direct
124648,16,16,direct
124648,40,40,direct
124689,1,1,direct
124689,2,2,direct
124689,11,11,direct
124689,12,12,direct
124689,110,110,direct
124692,258,258,direct
124740,14,14,direct
124740,58,58,direct
124745,1,1,direct
124745,2,2,direct
124745,3,3,direct
124745,5,5,direct
124745,11,11,direct
124745,23,23,direct
124745,24,589,ancestor
124745,27,27,direct
124745,589,589,direct
124770,12,12,direct
124770,27,27,direct
124771,7,7,direct
124785,2,2,direct
124785,3,3,direct
124785,8,8,direct
124785,150,150,direct
124786,1,1,direct
124786,3,3,direct
124786,33,33,direct
124786,101,101,direct
124790,3,3,direct
124790,4,32,ancestor
124790,6,6,direct
124790,13,13,direct
124790,32,32,direct
124798,11,11,direct
124798,14,14,direct
124824,2,2,direct
124824,3,3,direct
124824,256,256,direct
124854,1,1,direct
124854,11,11,direct
124854,217,217,direct
124880,28,28,direct
124880,47,47,direct
124916,1,1,direct
124916,2,2,direct
124916,9,9,direct
124916,12,12,direct
124916,14,14,direct
124916,66,66,direct
124918,2,2,direct
124918,3,3,direct
124918,4,4,direct
124918,151,151,direct
125006,5,5,direct
125006,8,8,direct
125019,30,30,direct
125019,163,163,direct
125042,1,1,direct
125054,2,2,direct
125054,14,14,direct
125054,129,129,direct
125054,254,254,direct
125072,2,2,direct
125072,80,80,direct
125112,24,24,direct
125112,57,57,direct
125112,345,345,direct
125174,2,2,direct
125174,3,3,direct
125177,1,1,direct
125177,3,3,direct
125177,335,335,direct
125191,8,8,direct
125191,27,27,direct
125194,1,1,direct
125194,3,3,direct
125194,24,24,direct
125206,3,3,direct
125206,14,14,direct
125238,4,4,direct
125238,48,48,direct
125238,220,220,direct
125331,3,3,direct
125331,8,8,direct
125331,59,59,direct
125368,1,1,direct
125368,2,2,direct
125368,3,3,direct
125368,4,32,ancestor
125368,32,32,direct
125409,7,7,direct
125409,23,23,direct
125424,7,7,direct
125424,231,231,direct
125455,1,1,direct
125455,14,14,direct
125455,46,46,direct
125466,1,1,direct
125490,59,59,direct
125490,65,65,direct
125523,2,2,direct
125523,3,3,direct
125523,5,5,direct
125523,18,18,direct
125523,49,49,direct
125572,9,9,direct
125577,14,14,direct
125577,238,238,direct
125583,2,2,direct
125583,29,29,direct
125588,2,2,direct
125588,18,18,direct
125588,254,254,direct
125604,3,3,direct
125604,14,14,direct
125604,126,126,direct
125620,133,133,direct
125620,134,134,direct
125623,4,4,direct
125623,7,7,direct
125623,11,11,direct
125623,91,91,direct
125642,2,2,direct
125642,3,3,direct
125642,11,11,direct
125642,130,130,direct
125643,28,28,direct
125654,1,1,direct
125654,2,2,direct
125654,7,7,direct
125654,416,416,direct
125674,1,1,direct
125674,7,7,direct
125674,254,254,direct
125678,4,37,ancestor
125678,11,11,direct
125678,37,37,direct
125678,49,49,direct
125678,184,184,direct
125744,1,1,split
125744,2,2,split
125744,3,3,split
125744,9,9,direct
125744,18,18,direct
125744,46,46,direct
125744,92,92,direct
125744,322,322,direct
125784,2,2,direct
125784,91,91,direct
125784,377,377,direct
125794,3,3,direct
125794,21,21,direct
125794,57,57,direct
125850,1,1,direct
125850,3,3,direct
125850,91,91,direct
125915,2,2,direct
125915,23,23,direct
125915,109,109,direct
125924,19,19,direct
125932,1,1,direct
125932,3,3,direct
125951,2,2,direct
125951,3,3,direct
125951,5,5,direct
125951,6,6,direct
125951,12,12,direct
125951,27,27,direct
125951,96,96,direct
125951,101,101,direct
125974,30,30,direct
125977,1,1,direct
125977,2,2,direct
125977,11,11,direct
125991,74,74,direct
126013,1,1,direct
126013,2,2,direct
126013,3,3,direct
126053,6,6,direct
126053,33,33,direct
126053,53,53,direct
126062,1,1,direct
126062,50,50,direct
126062,96,96,direct
126062,111,111,direct
126077,7,7,direct
126077,145,145,direct
126107,4,4,direct
126107,333,333,direct
126130,88,88,direct
126130,92,92,direct
126130,133,133,direct
126135,1,1,direct
126135,7,7,direct
126135,59,59,direct
126140,5,5,direct
126140,24,24,direct
126162,5,5,direct
126162,6,6,direct
126162,14,14,direct
126162,16,16,direct
126162,21,21,direct
126162,27,27,direct
126162,129,129,direct
126162,146,146,direct
126162,229,229,direct
126182,1,1,direct
126182,4,10,ancestor
126182,10,10,direct
126182,12,12,direct
126204,2,2,direct
126204,3,3,direct
126204,8,152,ancestor
126204,60,60,direct
126204,152,152,direct
126225,1,1,direct
126225,2,2,direct
126225,3,3,direct
126225,11,11,direct
126225,12,12,direct
126225,50,50,direct
126251,2,2,direct
126251,17,17,direct
126266,1,1,direct
126266,2,2,direct
126266,3,3,direct
126266,5,5,direct
126266,150,150,direct
126266,340,340,direct
126266,367,367,direct
126294,7,7,direct
126294,29,29,direct
126294,401,401,direct
126352,1,1,direct
126352,2,2,direct
126352,3,3,direct
126352,497,497,direct
126353,11,11,direct
126353,12,12,direct
126362,4,4,direct
126362,7,7,direct
126362,23,23,direct
126362,87,87,direct
126362,265,265,direct
126381,7,7,direct
126381,83,83,direct
126387,4,4,direct
126387,46,46,direct
126387,254,254,direct
126424,11,11,direct
126424,36,36,direct
126424,49,49,direct
126424,84,84,direct
126469,5,5,direct
126469,11,11,direct
126479,20,20,direct
126479,23,23,direct
126479,34,34,direct
126479,102,102,direct
126479,127,127,direct
126479,163,163,direct
126479,360,360,direct
126529,3,3,direct
126529,48,48,direct
126532,1,1,direct
126532,171,171,direct
126542,78,78,direct
126558,1,1,direct
126558,9,9,direct
126558,108,108,direct
126576,1,1,direct
126576,2,2,direct
126576,5,5,direct
126576,11,11,direct
126576,78,78,direct
126591,2,2,direct
126625,1,1,direct
126625,2,2,direct
126625,23,23,direct
126637,7,7,direct
126652,2,2,direct
126652,33,33,direct
126653,1,1,direct
126653,3,3,direct
126653,6,6,direct
126653,13,13,direct
126653,24,141,ancestor
126653,53,53,direct
126653,64,64,direct
126653,71,141,ancestor
126653,141,141,direct
126697,4,4,direct
126697,83,83,direct
126697,115,115,direct
126726,5,5,direct
126726,12,12,direct
126726,24,24,direct
126728,4,10,ancestor
126728,5,5,direct
126728,6,6,direct
126728,7,7,direct
126728,10,10,direct
126735,6,6,direct
126735,7,7,direct
126735,40,40,direct
126735,46,46,direct
126735,48,48,direct
126739,6,6,direct
126739,15,15,direct
126739,24,15,ancestor
126745,2,2,direct
126745,3,3,direct
126745,5,5,direct
126745,66,66,direct
126765,2,2,direct
126765,9,9,direct
126765,19,19,direct
126765,91,91,direct
126779,1,1,direct
126779,2,2,direct
126779,3,3,direct
126779,465,465,direct
126798,2,2,direct
126798,3,3,direct
126798,18,18,direct
126798,245,245,direct
126868,3,3,direct
126868,4,4,direct
126868,7,7,direct
126868,19,19,direct
126868,118,118,direct
126937,4,203,ancestor
126937,203,203,direct
126982,2,2,direct
126982,3,3,direct
126982,12,12,direct
126992,1,1,direct
126992,23,23,direct
126992,590,590,direct
127005,1,1,direct
127005,2,2,direct
127005,4,4,direct
127005,78,78,direct
127009,7,7,direct
127009,104,104,direct
127034,3,3,direct
127034,11,11,direct
127034,15,15,direct
127034,24,15,ancestor
127044,3,3,direct
127044,590,590,direct
127064,2,2,direct
127064,173,173,direct
127081,8,8,direct
127081,9,9,direct
127081,91,91,direct
127082,1,1,split
127082,2,2,split
127082,3,3,split
127082,221,221,direct
127216,2,2,direct
127216,545,545,direct
127232,7,7,direct
127232,111,111,direct
127255,2,2,direct
127255,23,23,direct
127255,27,27,direct
127255,29,29,direct
127255,63,63,direct
127255,66,66,direct
127255,134,134,direct
127270,2,2,direct
127270,161,161,direct
127304,24,24,direct
127323,1,1,split
127323,3,3,split
127323,29,29,direct
127323,127,127,direct
127323,198,198,direct
127331,1,1,direct
127331,3,3,direct
127331,23,23,direct
127331,150,150,direct
127331,181,181,direct
127348,4,4,direct
127348,48,48,direct
127352,2,2,direct
127352,3,3,direct
127352,5,5,direct
127352,11,11,direct
127352,171,171,direct
127352,511,511,direct
127379,2,2,direct
127379,3,3,direct
127379,6,6,direct
127379,11,11,direct
127379,12,12,direct
127379,15,15,direct
127379,24,15,ancestor
127386,3,3,direct
127386,104,104,direct
127398,1,1,direct
127398,2,2,direct
127398,7,7,direct
127421,1,1,direct
127421,2,2,direct
127421,3,3,direct
127421,16,16,direct
127421,36,36,direct
127439,2,2,direct
127439,3,3,direct
127439,6,6,direct
127439,12,12,direct
127439,27,27,direct
127475,1,1,direct
127475,2,2,direct
127475,9,9,direct
127475,12,12,direct
127475,27,27,direct
127486,1,1,direct
127486,2,2,direct
127486,3,3,direct
127486,24,24,direct
127492,1,1,direct
127492,24,24,direct
127498,11,11,direct
127540,2,2,direct
127540,4,37,ancestor
127540,37,37,direct
127540,53,53,direct
127540,104,104,direct
127551,1,1,direct
127551,108,108,direct
127552,2,2,direct
127561,3,3,direct
127561,4,10,ancestor
127561,10,10,direct
127561,12,12,direct
127561,23,23,direct
127585,1,1,direct
127585,5,5,direct
127585,8,8,direct
127585,18,18,direct
127585,81,81,direct
127600,3,3,direct
127653,80,80,direct
127687,4,4,direct
127687,95,95,direct
127687,129,129,direct
127714,50,50,direct
127714,169,169,direct
127735,2,2,direct
127735,4,4,direct
127735,18,18,direct
127735,84,84,direct
127740,16,16,direct
127740,30,30,direct
127740,127,127,direct
127776,1,1,direct
127776,2,2,direct
127776,3,3,direct
127776,8,8,direct
127776,27,27,direct
127776,231,231,direct
127783,1,1,direct
127783,2,2,direct
127783,4,4,direct
127783,7,7,direct
127791,4,37,ancestor
127791,5,5,direct
127791,9,9,direct
127791,37,37,direct
127797,1,1,direct
127797,2,2,direct
127797,3,3,direct
127797,6,6,direct
127797,12,12,direct
127797,83,83,direct
127797,123,123,direct
127819,2,2,direct
127819,174,174,direct
127825,1,1,direct
127825,4,10,ancestor
127825,7,7,direct
127825,10,10,direct
127825,127,127,direct
127828,1,1,direct
127828,3,3,direct
127828,17,17,direct
127830,144,144,direct
127834,1,1,direct
127834,3,3,direct
127834,9,9,direct
127834,29,29,direct
127849,7,7,direct
127885,1,1,direct
127885,2,2,direct
127885,3,3,direct
127885,12,12,direct
127885,84,84,direct
127906,2,2,direct
127906,5,5,direct
127906,6,6,direct
127906,7,7,direct
127906,13,13,direct
127906,26,26,direct
127906,53,53,direct
127906,66,66,direct
127926,1,1,direct
127942,1,1,direct
127942,3,3,direct
127942,6,6,direct
127942,27,27,direct
127942,341,341,direct
127942,590,341,ancestor
127947,1,1,direct
127947,4,4,direct
127956,22,22,direct
127956,23,23,direct
127956,167,167,direct
127961,1,1,direct
127961,2,2,direct
127961,29,29,direct
127996,1,1,direct
127996,3,3,direct
127996,84,84,direct
127997,2,2,direct
127997,3,3,direct
127997,4,204,ancestor
127997,16,16,direct
127997,204,204,direct
128012,1,1,direct
128031,1,1,direct
128031,2,2,direct
128031,3,3,direct
128031,9,9,direct
128031,16,16,direct
128031,18,18,direct
128031,24,24,direct
128031,26,26,direct
128103,1,1,split
128103,2,2,split
128103,11,11,direct
128103,23,23,direct
128125,3,3,direct
128125,8,8,direct
128125,12,12,direct
128127,1,1,direct
128127,2,2,direct
128127,48,48,direct
128127,328,328,direct
128237,2,2,direct
128237,4,4,direct
128237,18,18,direct
128239,2,2,direct
128239,3,3,direct
128239,9,9,direct
128239,18,18,direct
128239,24,589,ancestor
128239,589,589,direct
128241,2,2,direct
128241,4,10,ancestor
128241,5,5,direct
128241,10,10,direct
128241,11,11,direct
128241,50,50,direct
128315,2,2,direct
128315,4,4,direct
128315,5,5,direct
128315,11,11,direct
128315,36,36,direct
128317,1,1,direct
128317,2,2,direct
128343,1,1,direct
128343,3,3,direct
128349,3,3,direct
128393,11,11,direct
128393,362,362,direct
128399,7,7,direct
128430,19,19,direct
128446,2,2,direct
128446,3,3,direct
128446,4,37,ancestor
128446,7,7,direct
128446,37,37,direct
128567,20,20,direct
128577,1,1,direct
128577,2,2,direct
128577,6,6,direct
128577,11,11,direct
128577,33,33,direct
128577,83,83,direct
128580,1,1,direct
128580,2,2,direct
128580,3,3,direct
128580,18,18,direct
128580,231,231,direct
128606,2,2,direct
128606,3,3,direct
128608,2,2,direct
128608,6,6,direct
128608,53,53,direct
128634,3,3,direct
128634,21,21,direct
128634,57,57,direct
128634,63,63,direct
128640,1,1,direct
128640,2,2,direct
128640,3,3,direct
128657,3,3,direct
128657,332,332,direct
128660,1,1,direct
128660,2,2,direct
128660,3,3,direct
128660,4,4,direct
128660,9,9,direct
128660,110,110,direct
128673,2,2,direct
128673,14,14,direct
128688,1,1,split
128688,2,2,split
128688,3,3,split
128688,11,11,direct
128688,15,15,direct
128688,24,15,ancestor
128695,258,258,direct
128738,7,7,direct
128738,23,23,direct
128738,53,53,direct
128792,3,3,direct
128792,293,293,direct
128798,7,7,direct
128798,337,337,direct
128803,6,6,direct
128803,7,7,direct
128803,11,11,direct
128803,33,33,direct
128822,2,2,direct
128822,3,3,direct
128822,11,11,direct
128822,265,265,direct
128844,1,1,direct
128844,2,2,direct
128844,83,83,direct
128862,2,2,direct
128862,254,254,direct
128910,3,3,direct
128910,292,292,direct
128944,4,4,direct
128944,6,6,direct
128944,33,33,direct
128962,1,1,direct
128962,16,16,direct
128962,17,17,direct
128962,26,26,direct
128962,180,180,direct
128989,3,3,direct
128989,21,21,direct
128989,24,24,direct
128989,153,153,direct
128996,1,1,direct
128996,11,11,direct
128996,49,49,direct
129043,2,2,direct
129043,3,3,direct
129043,24,589,ancestor
129043,589,589,direct
129076,2,2,direct
129076,4,4,direct
129076,11,11,direct
129081,1,1,direct
129081,7,7,direct
129081,133,133,direct
129081,254,254,direct
129088,2,2,direct
129088,44,44,direct
129118,6,6,direct
129118,9,9,direct
129118,58,58,direct
129128,292,292,direct
129138,2,2,direct
129138,46,46,direct
129138,344,344,direct
129184,168,168,direct
129200,1,1,direct
129200,2,2,direct
129200,3,3,direct
129249,2,2,direct
129249,3,3,direct
129249,5,5,direct
129254,2,2,direct
129255,2,2,direct
129255,7,7,direct
129255,11,11,direct
129255,110,110,direct
129256,2,2,direct
129256,327,327,direct
129269,14,14,direct
129269,254,254,direct
129274,6,6,direct
129274,41,41,direct
129274,81,81,direct
129274,590,41,ancestor
129296,231,231,direct
129312,3,3,direct
129312,24,589,ancestor
129312,589,589,direct
129335,3,3,direct
129338,2,2,direct
129338,41,41,direct
129338,44,44,direct
129338,590,41,ancestor
129352,3,3,direct
129352,177,177,direct
129359,1,1,direct
129359,2,2,direct
129359,3,3,direct
129359,5,5,direct
129359,8,8,direct
129359,11,11,direct
129359,80,80,direct
129360,1,1,split
129360,2,2,split
129360,3,3,split
129360,6,6,direct
129360,11,11,direct
129360,36,36,direct
129367,3,3,direct
129367,501,501,direct
129367,590,501,ancestor
129412,2,2,direct
129412,361,361,direct
129417,1,1,direct
129417,2,2,direct
129417,3,3,direct
129417,91,91,direct
129417,171,171,direct
129445,4,4,direct
129445,23,23,direct
129517,1,1,direct
129517,3,3,direct
129517,7,7,direct
129517,9,9,direct
129517,167,167,direct
129548,14,14,direct
129548,33,33,direct
129594,2,2,direct
129594,3,3,direct
129608,244,244,direct
129630,4,4,direct
129630,6,6,direct
129630,108,108,direct
129640,1,1,direct
129640,2,2,direct
129640,3,3,direct
129640,14,14,direct
129640,36,36,direct
129640,46,46,direct
129640,66,66,direct
129652,1,1,direct
129652,3,3,direct
129652,21,21,direct
129652,23,23,direct
129652,24,216,ancestor
129652,57,57,direct
129652,216,216,direct
129654,1,1,direct
129654,590,590,direct
129657,2,2,direct
129657,78,78,direct
129732,1,1,direct
129732,2,2,direct
129732,3,3,direct
129732,29,29,direct
129732,79,79,direct
129741,7,7,direct
129741,41,41,direct
129741,53,53,direct
129741,134,134,direct
129741,590,41,ancestor
129777,1,1,direct
129777,3,3,direct
129777,277,277,direct
129777,292,277,ancestor
129807,1,1,direct
129807,3,3,direct
129807,4,4,direct
129807,7,7,direct
129807,14,14,direct
129875,1,1,direct
129875,3,3,direct
129875,23,23,direct
129875,24,143,ancestor
129875,143,143,direct
129876,1,1,direct
129876,6,6,direct
129876,14,14,direct
129882,1,1,direct
129882,3,3,direct
129882,24,589,ancestor
129882,589,589,direct
129888,2,2,direct
129888,49,49,direct
129888,184,184,direct
129906,2,2,direct
129931,1,1,direct
129931,2,2,direct
129931,3,3,direct
129931,23,23,direct
129931,57,57,direct
129946,7,7,direct
129960,7,7,direct
129960,48,48,direct
130006,8,8,direct
130006,12,12,direct
130006,14,14,direct
130010,1,1,direct
130010,3,3,direct
130017,30,30,direct
130047,2,2,direct
130047,11,11,direct
130047,110,110,direct
130055,3,3,direct
130055,27,27,direct
130097,1,1,direct
130109,3,3,direct
130109,8,82,ancestor
130109,63,63,direct
130109,82,82,direct
130125,2,2,direct
130125,3,3,direct
130125,5,5,direct
130125,11,11,direct
130125,24,589,ancestor
130125,589,589,direct
130132,3,3,direct
130132,24,71,ancestor
130132,71,71,direct
130136,1,1,direct
130136,3,3,direct
130136,7,7,direct
130136,41,41,direct
130136,590,41,ancestor
130137,4,4,direct
130137,130,130,direct
130154,221,221,direct
130154,340,340,direct
130177,1,1,direct
130202,2,2,direct
130202,24,71,ancestor
130202,71,71,direct
130220,2,2,direct
130220,5,5,direct
130220,6,6,direct
130220,14,14,direct
130220,17,17,direct
130220,27,27,direct
130222,1,1,direct
130222,3,3,direct
130222,7,7,direct
130222,265,265,direct
130238,7,7,direct
130251,1,1,split
130251,2,2,split
130251,3,3,split
130251,9,9,direct
130251,11,11,direct
130251,18,18,direct
130251,24,24,direct
130254,1,1,direct
130254,14,14,direct
130270,8,155,ancestor
130270,123,123,direct
130270,133,133,direct
130270,155,155,direct
130305,5,5,direct
130305,6,6,direct
130305,14,14,direct
130305,63,63,direct
130305,97,97,direct
130313,1,1,direct
130313,110,110,direct
130353,3,3,direct
130353,59,59,direct
130354,3,3,direct
130363,2,2,direct
130363,7,7,direct
130363,11,11,direct
130363,14,14,direct
130363,110,110,direct
130387,2,2,direct
130387,19,19,direct
130387,519,519,direct
130457,2,2,direct
130457,3,3,direct
130457,4,10,ancestor
130457,10,10,direct
130462,1,1,direct
130462,3,3,direct
130462,24,24,direct
130467,3,3,direct
130467,7,7,direct
130467,231,231,direct
130468,2,2,direct
130542,1,1,direct
130542,7,7,direct
130569,30,30,direct
130597,5,5,direct
130597,6,6,direct
130597,119,119,direct
130597,304,304,direct
130658,2,2,direct
130658,115,115,direct
130754,455,455,direct
130781,2,2,direct
130781,3,3,direct
130781,11,11,direct
130821,2,2,direct
130821,7,7,direct
130830,15,15,direct
130830,24,15,ancestor
130830,104,104,direct
130847,7,7,direct
130847,33,33,direct
130847,153,153,direct
130847,235,235,direct
130854,1,1,direct
130854,3,3,direct
130854,21,21,direct
130854,24,589,ancestor
130854,589,589,direct
130863,330,330,direct
130863,590,330,ancestor
130871,2,2,direct
130871,136,136,direct
130897,1,1,direct
130897,2,2,direct
130897,50,50,direct
130897,101,101,direct
130914,1,1,direct
130914,4,4,direct
130914,12,12,direct
130920,3,3,direct
130920,243,243,direct
130946,2,2,direct
130946,3,3,direct
130946,265,265,direct
130959,1,1,direct
130959,2,2,direct
130959,3,3,direct
130959,5,5,direct
130959,91,91,direct
130967,15,15,direct
130967,24,15,ancestor
130967,80,80,direct
130976,1,1,direct
130976,14,14,direct
130976,46,46,direct
130976,590,590,direct
131015,1,1,direct
131015,2,2,direct
131015,70,70,direct
131015,91,91,direct
131028,1,1,direct
131028,2,2,direct
131028,48,48,direct
131028,83,83,direct
131036,1,1,direct
131036,2,2,direct
131036,3,3,direct
131036,11,11,direct
131036,15,15,direct
131036,24,15,ancestor
131036,33,33,direct
131061,1,1,direct
131061,6,6,direct
131061,36,36,direct
131071,7,7,direct
131071,376,376,direct
131087,1,1,direct
131087,17,17,direct
131087,96,96,direct
131094,1,1,direct
131094,3,3,direct
131094,57,57,direct
131175,1,1,direct
131175,2,2,direct
131175,92,92,direct
131185,8,152,ancestor
131185,106,106,direct
131185,152,152,direct
131208,2,2,direct
131208,3,3,direct
131208,4,4,direct
131208,11,11,direct
131208,12,12,direct
131208,95,95,direct
131208,110,110,direct
131209,2,2,direct
131209,3,3,direct
131209,4,37,ancestor
131209,6,6,direct
131209,37,37,direct
131221,1,1,direct
131221,2,2,direct
131221,3,3,direct
131221,16,16,direct
131221,36,36,direct
131247,5,5,direct
131256,2,2,direct
131256,15,15,direct
131256,23,23,direct
131256,24,15,ancestor
131256,145,145,direct
131262,2,2,direct
131262,4,10,ancestor
131262,7,7,direct
131262,10,10,direct
131262,12,12,direct
131264,2,2,direct
131264,7,7,direct
131264,14,14,direct
131299,5,5,direct
131299,11,11,direct
131299,12,12,direct
131299,49,49,direct
131305,4,10,ancestor
131305,10,10,direct
131305,115,115,direct
131310,7,7,direct
131310,41,41,direct
131310,53,53,direct
131310,590,41,ancestor
131348,2,2,direct
131348,3,3,direct
131348,4,4,direct
131348,18,18,direct
131348,252,252,direct
131405,7,7,direct
131405,41,41,direct
131405,590,41,ancestor
131409,108,108,direct
131470,1,1,direct
131470,3,3,direct
131470,346,346,direct
131497,7,7,direct
131497,9,9,direct
131497,14,14,direct
131497,46,46,direct
131497,590,590,direct
131508,1,1,direct
131508,7,7,direct
131508,19,19,direct
131521,2,2,direct
131521,3,3,direct
131521,7,7,direct
131521,27,27,direct
131521,500,500,direct
131537,1,1,direct
131537,3,3,direct
131537,12,12,direct
131537,18,18,direct
131549,23,23,direct
131573,1,1,direct
131581,3,3,direct
131581,128,128,direct
131581,259,259,direct
131584,2,2,direct
131584,17,17,direct
131586,7,7,direct
131586,11,11,direct
131609,7,7,direct
131609,50,50,direct
131632,1,1,direct
131632,2,2,direct
131632,19,19,direct
131632,138,138,direct
131633,4,10,ancestor
131633,10,10,direct
131633,18,18,direct
131633,123,123,direct
131645,6,6,direct
131645,7,7,direct
131645,36,36,direct
131645,46,46,direct
131645,92,92,direct
131745,2,2,direct
131745,50,50,direct
131745,254,254,direct
131770,1,1,direct
131770,2,2,direct
131770,4,10,ancestor
131770,10,10,direct
131826,4,4,direct
131826,29,29,direct
131849,1,1,direct
131849,3,3,direct
131849,293,293,direct
131871,1,1,direct
131871,7,7,direct
131871,9,9,direct
131871,244,244,direct
131913,1,1,direct
131913,2,2,direct
131913,9,9,direct
131913,110,110,direct
131966,21,21,direct
131966,45,45,direct
131966,64,64,direct
131966,102,102,direct
131966,350,350,direct
131979,2,2,direct
131988,2,2,direct
131988,31,31,direct
132003,2,2,direct
132003,5,5,direct
132003,7,7,direct
132009,1,1,direct
132009,3,3,direct
132009,8,8,direct
132009,18,18,direct
132009,59,59,direct
132009,80,80,direct
132051,3,3,direct
132051,24,24,direct
132051,118,118,direct
132102,2,2,direct
132102,53,53,direct
132111,1,1,split
132111,2,2,split
132111,3,3,split
132111,88,88,direct
132111,91,91,direct
132113,1,1,direct
132113,4,37,ancestor
132113,37,37,direct
132113,52,52,direct
132124,8,82,ancestor
132124,63,63,direct
132124,82,82,direct
132129,3,3,direct
132129,138,138,direct
132158,65,65,direct
132158,97,97,direct
132158,441,441,direct
132158,452,452,direct
132185,1,1,direct
132187,6,6,direct
132187,66,66,direct
132187,74,74,direct
132187,109,109,direct
132252,11,11,direct
132252,12,12,direct
132252,14,14,direct
132278,3,3,direct
132299,1,1,direct
132299,2,2,direct
132299,110,110,direct
132327,108,108,direct
132350,1,1,split
132350,2,2,split
132350,3,3,split
132350,12,12,direct
132350,28,28,direct
132350,46,46,direct
132350,53,53,direct
132350,66,66,direct
132350,70,70,direct
132350,92,92,direct
132390,1,1,direct
132390,8,8,direct
132390,29,29,direct
132418,7,7,direct
132418,92,92,direct
132432,1,1,direct
132432,3,3,direct
132432,4,10,ancestor
132432,10,10,direct
132432,110,110,direct
132432,460,460,direct
132443,1,1,direct
132443,3,3,direct
132443,4,37,ancestor
132443,6,6,direct
132443,37,37,direct
132456,2,2,direct
132456,46,46,direct
132465,14,14,direct
132465,234,234,direct
132465,590,234,ancestor
132493,2,2,direct
132493,3,3,direct
132493,4,4,direct
132493,17,17,direct
132493,80,80,direct
132505,2,2,direct
132505,3,3,direct
132505,11,11,direct
132505,84,84,direct
132517,1,1,direct
132517,3,3,direct
132517,60,60,direct
132572,6,6,direct
132572,133,133,direct
132572,243,243,direct
132572,254,254,direct
132574,130,130,direct
132575,2,2,direct
132575,145,145,direct
132610,3,3,direct
132610,6,6,direct
132610,11,11,direct
132610,171,171,direct
132610,252,252,direct
132617,1,1,direct
132617,6,6,direct
132617,8,8,direct
132673,1,1,direct
132673,5,5,direct
132673,9,9,direct
132673,12,12,direct
132673,66,66,direct
132679,221,221,direct
132733,1,1,direct
132733,17,17,direct
132776,2,2,direct
132776,29,29,direct
132776,33,33,direct
132790,2,2,direct
132790,257,257,direct
132798,11,11,direct
132798,24,589,ancestor
132798,107,107,direct
132798,589,589,direct
132805,3,3,direct
132805,21,21,direct
132805,57,57,direct
132823,1,1,direct
132823,2,2,direct
132823,3,3,direct
132823,11,11,direct
132823,14,14,direct
132823,110,110,direct
132853,1,1,direct
132853,2,2,direct
132853,3,3,direct
132853,11,11,direct
132874,7,7,direct
132885,1,1,direct
132885,292,429,ancestor
132885,429,429,direct
132886,1,1,direct
132886,3,3,direct
132886,9,9,direct
132886,50,50,direct
132886,171,171,direct
132890,3,3,direct
132890,6,6,direct
132890,131,131,direct
132890,184,184,direct
132890,269,269,direct
132891,2,2,direct
132891,3,3,direct
132891,19,19,direct
132891,41,41,direct
132891,590,41,ancestor
132906,1,1,direct
132906,2,2,direct
132906,3,3,direct
132906,12,12,direct
132931,63,63,direct
132931,568,568,direct
132980,2,2,direct
132980,4,4,direct
132980,12,12,direct
132980,84,84,direct
132984,23,23,direct
132984,65,65,direct
133008,3,3,direct
133008,4,4,direct
133008,50,50,direct
133011,63,63,direct
133015,6,6,direct
133026,2,2,direct
133026,83,83,direct
133027,1,1,split
133027,3,3,split
133027,11,11,direct
133060,2,2,direct
133060,7,7,direct
133060,11,11,direct
133060,17,17,direct
133063,3,3,direct
133063,18,18,direct
133063,111,111,direct
133063,321,321,direct
133120,4,10,ancestor
133120,10,10,direct
133120,145,145,direct
133157,4,10,ancestor
133157,10,10,direct
133180,12,12,direct
133180,84,84,direct
133180,93,93,direct
133206,1,1,direct
133206,3,3,direct
133206,88,88,direct
133206,254,254,direct
133230,1,1,direct
133230,70,70,direct
133273,30,30,direct
133273,122,122,direct
133273,207,207,direct
133302,4,4,direct
133302,7,7,direct
133341,1,1,direct
133341,2,2,direct
133341,3,3,direct
133341,330,330,direct
133341,590,330,ancestor
133359,2,2,direct
133359,3,3,direct
133359,164,164,direct
133402,1,1,direct
133402,3,3,direct
133402,6,6,direct
133402,19,19,direct
133421,1,1,direct
133421,2,2,direct
133421,3,3,direct
133421,50,50,direct
133421,182,182,direct
133422,2,2,direct
133422,136,136,direct
133424,3,3,direct
133436,2,2,direct
133436,58,58,direct
133437,2,2,direct
133437,3,3,direct
133437,168,168,direct
133450,1,1,direct
133450,2,2,direct
133450,3,3,direct
133469,1,1,direct
133469,3,3,direct
133469,7,7,direct
133481,2,2,direct
133481,115,115,direct
133508,7,7,direct
133508,19,19,direct
133508,33,33,direct
133511,1,1,direct
133511,2,2,direct
133511,3,3,direct
133511,17,17,direct
133511,332,332,direct
133566,2,2,direct
133566,11,11,direct
133566,12,12,direct
133566,17,17,direct
133566,23,23,direct
133566,24,589,ancestor
133566,49,49,direct
133566,83,83,direct
133566,589,589,direct
133597,1,1,direct
133597,4,10,ancestor
133597,10,10,direct
133597,16,16,direct
133597,23,23,direct
133641,2,2,direct
133641,7,7,direct
133641,110,110,direct
133642,3,3,direct
133642,24,589,ancestor
133642,57,57,direct
133642,122,122,direct
133642,198,198,direct
133642,246,246,direct
133642,589,589,direct
133658,4,4,direct
133658,84,84,direct
133697,3,3,direct
133697,24,24,direct
133778,3,3,direct
133778,7,7,direct
133778,8,152,ancestor
133778,20,20,direct
133778,27,27,direct
133778,52,52,direct
133778,152,152,direct
133811,1,1,direct
133811,7,7,direct
133811,11,11,direct
133821,3,3,direct
133821,21,21,direct
133821,24,24,direct
133821,57,57,direct
133839,1,1,direct
133839,6,6,direct
133839,8,8,direct
133839,53,53,direct
133860,1,1,direct
133860,7,7,direct
133873,2,2,direct
133873,3,3,direct
133873,182,182,direct
133887,14,14,direct
133887,130,130,direct
133903,1,1,direct
133911,2,2,direct
133911,24,71,ancestor
133911,71,71,direct
133911,173,173,direct
133927,5,5,direct
133927,8,8,direct
133932,1,1,direct
133932,2,2,direct
133932,3,3,direct
133932,4,10,ancestor
133932,10,10,direct
133932,50,50,direct
133932,208,208,direct
133939,1,1,direct
133939,3,3,direct
133965,2,2,direct
133965,70,70,direct
133973,220,220,direct
133989,7,7,direct
133989,9,9,direct
133989,14,14,direct
134006,1,1,direct
134006,36,36,direct
134036,11,11,direct
134036,96,96,direct
134057,4,4,direct
134084,3,3,direct
134084,5,5,direct
134084,78,78,direct
134084,80,80,direct
134098,2,2,direct
134098,12,12,direct
134098,18,18,direct
134105,2,2,direct
134107,1,1,direct
134107,2,2,direct
134107,3,3,direct
134107,8,8,direct
134121,11,11,direct
134121,12,12,direct
134128,1,1,direct
134128,2,2,direct
134129,1,1,direct
134129,3,3,direct
134129,4,10,ancestor
134129,10,10,direct
134129,130,130,direct
134149,1,1,direct
134149,46,46,direct
134152,4,305,ancestor
134152,305,305,direct
134152,358,358,direct
134161,70,70,direct
134167,1,1,split
134167,2,2,split
134167,3,3,split
134167,79,79,direct
134185,2,2,direct
134185,6,6,direct
134185,19,19,direct
134185,180,180,direct
134198,9,9,direct
134198,36,36,direct
134198,142,142,direct
134210,156,156,direct
134214,6,6,direct
134214,7,7,direct
134214,12,12,direct
134215,47,47,direct
134215,57,57,direct
134215,107,107,direct
134219,1,1,split
134219,2,2,split
134219,3,3,split
134219,168,168,direct
134262,1,1,direct
134262,3,3,direct
134262,4,4,direct
134262,9,9,direct
134262,12,12,direct
134262,427,427,direct
134272,1,1,direct
134272,6,6,direct
134272,7,7,direct
134272,68,68,direct
134278,1,1,direct
134278,6,6,direct
134278,59,59,direct
134279,2,2,direct
134279,3,3,direct
134279,234,234,direct
134279,590,234,ancestor
134317,2,2,direct
134317,7,7,direct
134317,50,50,direct
134317,84,84,direct
134338,1,1,direct
134338,3,3,direct
134343,1,1,direct
134343,29,29,direct
134411,1,1,direct
134411,4,10,ancestor
134411,10,10,direct
134435,2,2,direct
134435,265,265,direct
134469,2,2,direct
134528,1,1,direct
134528,2,2,direct
134528,3,3,direct
134559,7,7,direct
134559,40,40,direct
134596,2,2,direct
134596,448,448,direct
134597,1,1,split
134597,2,2,split
134597,3,3,split
134597,24,71,ancestor
134597,71,71,direct
134597,84,84,direct
134606,1,1,direct
134606,2,2,direct
134606,6,6,direct
134606,7,7,direct
134606,29,29,direct
134606,33,33,direct
134606,138,138,direct
134670,2,2,direct
134670,4,4,direct
134670,49,49,direct
134670,80,80,direct
134710,2,2,direct
134710,17,17,direct
134710,80,80,direct
134741,1,1,direct
134741,8,82,ancestor
134741,82,82,direct
134741,87,87,direct
134772,1,1,direct
134772,3,3,direct
134783,2,2,direct
134783,50,50,direct
134791,1,1,split
134791,3,3,split
134791,4,204,ancestor
134791,87,87,direct
134791,204,204,direct
134794,24,589,ancestor
134794,103,103,direct
134794,589,589,direct
134806,11,11,direct
134806,49,49,direct
134896,41,41,direct
134896,104,104,direct
134896,590,41,ancestor
134927,5,5,direct
134927,6,6,direct
134927,12,12,direct
134945,23,23,direct
134945,108,108,direct
134945,234,234,direct
134945,590,234,ancestor
134957,2,2,direct
134957,5,5,direct
134957,110,110,direct
134974,1,1,split
134974,3,3,split
134974,16,16,direct
134974,87,87,direct
134974,112,112,direct
134980,7,7,direct
134998,2,2,direct
134998,109,109,direct
135028,1,1,direct
135028,3,3,direct
135028,11,11,direct
135044,2,2,direct
135044,110,110,direct
135050,2,2,direct
135050,3,3,direct
135050,18,18,direct
135050,221,221,direct
135083,12,12,direct
135090,2,2,direct
135090,11,11,direct
135090,12,12,direct
135090,18,18,direct
135120,1,1,direct
135120,3,3,direct
135120,63,63,direct
135120,126,126,direct
135126,1,1,direct
135126,2,2,direct
135126,8,8,direct
135144,2,2,direct
135144,3,3,direct
135144,201,201,direct
135179,1,1,direct
135179,9,9,direct
135190,2,2,direct
135190,83,83,direct
135193,7,7,direct
135193,29,29,direct
135193,46,46,direct
135193,590,590,direct
135200,2,2,direct
135200,95,95,direct
135200,340,340,direct
135207,1,1,split
135207,2,2,split
135207,3,3,split
135207,4,4,direct
135207,60,60,direct
135215,3,3,direct
135215,59,59,direct
135243,2,2,direct
135243,3,3,direct
135271,1,1,direct
135271,2,2,direct
135271,3,3,direct
135271,11,11,direct
135271,129,129,direct
135282,2,2,direct
135282,30,30,direct
135301,2,2,direct
135301,3,3,direct
135301,5,5,direct
135301,6,6,direct
135301,17,17,direct
135301,24,589,ancestor
135301,36,36,direct
135301,589,589,direct
135311,2,2,direct
135311,3,3,direct
135311,5,5,direct
135311,315,315,direct
135328,1,1,direct
135328,2,2,direct
135336,2,2,direct
135336,70,70,direct
135336,590,590,direct
135341,1,1,direct
135341,2,2,direct
135341,4,10,ancestor
135341,10,10,direct
135341,48,48,direct
135396,1,1,direct
135396,2,2,direct
135396,3,3,direct
135446,3,3,direct
135446,145,145,direct
135449,1,1,direct
135449,7,7,direct
135449,41,41,direct
135449,590,41,ancestor
135482,1,1,direct
135482,336,336,direct
135529,1,1,direct
135529,2,2,direct
135529,3,3,direct
135529,7,7,direct
135529,235,235,direct
135548,12,12,direct
135549,6,6,direct
135549,29,29,direct
135560,2,2,direct
135560,7,7,direct
135560,254,254,direct
135568,2,2,direct
135568,3,3,direct
135574,2,2,direct
135574,12,12,direct
135595,3,3,direct
135595,8,8,direct
135595,14,14,direct
135608,68,68,direct
135651,1,1,direct
135651,3,3,direct
135651,265,265,direct
135695,1,1,direct
135695,2,2,direct
135695,3,3,direct
135695,383,383,direct
135700,1,1,direct
135700,2,2,direct
135700,3,3,direct
135700,95,95,direct
135720,14,14,direct
135720,208,208,direct
135730,1,1,direct
135730,2,2,direct
135730,3,3,direct
135730,6,6,direct
135730,12,12,direct
135730,24,71,ancestor
135730,71,71,direct
135732,70,70,direct
135735,11,11,direct
135735,89,89,direct
135735,131,131,direct
135791,1,1,split
135791,2,2,split
135791,3,3,split
135791,27,27,direct
135791,53,53,direct
135806,2,2,direct
135806,3,3,direct
135806,6,6,direct
135806,60,60,direct
135844,1,1,direct
135844,7,7,direct
135844,46,46,direct
135894,41,41,direct
135894,269,269,direct
135894,361,361,direct
135894,590,41,ancestor
135905,1,1,direct
135905,2,2,direct
135905,3,3,direct
135922,1,1,direct
135922,3,3,direct
135922,48,48,direct
135922,590,590,direct
135933,2,2,direct
135933,168,168,direct
135948,6,6,direct
135948,184,184,direct
136002,6,6,direct
136002,14,14,direct
136002,23,23,direct
136036,2,2,direct
136036,5,5,direct
136036,24,71,ancestor
136036,27,27,direct
136036,71,71,direct
136036,590,590,direct
136045,1,1,direct
136045,3,3,direct
136045,126,126,direct
136060,11,11,direct
136081,3,3,direct
136081,5,5,direct
136081,9,9,direct
136091,2,2,direct
136091,3,3,direct
136091,46,46,direct
136091,66,66,direct
136091,181,181,direct
136091,239,239,direct
136117,362,362,direct
136120,2,2,direct
136120,7,7,direct
136120,254,254,direct
136137,3,3,direct
136137,7,7,direct
136150,41,41,direct
136150,76,76,direct
136150,590,41,ancestor
136164,1,1,direct
136164,2,2,direct
136164,7,7,direct
136164,265,265,direct
136166,1,1,direct
136166,2,2,direct
136166,3,3,direct
136166,9,9,direct
136166,12,12,direct
136166,24,589,ancestor
136166,589,589,direct
136198,12,12,direct
136198,110,110,direct
136211,30,30,direct
136265,2,2,direct
136265,3,3,direct
136265,24,143,ancestor
136265,143,143,direct
136274,2,2,direct
136274,514,514,direct
136358,3,3,direct
136358,21,21,direct
136358,23,23,direct
136358,24,24,direct
136370,2,2,direct
136370,6,6,direct
136370,109,109,direct
136371,1,1,direct
136371,2,2,direct
136371,4,4,direct
136379,1,1,direct
136379,16,16,direct
136379,68,68,direct
136394,202,202,direct
136394,353,353,direct
136395,2,2,direct
136395,7,7,direct
136395,265,265,direct
136399,1,1,direct
136399,44,44,direct
136399,229,229,direct
136425,7,7,direct
136427,6,6,direct
136427,11,11,direct
136427,487,487,direct
136431,2,2,direct
136431,19,19,direct
136431,41,41,direct
136431,590,41,ancestor
136452,4,10,ancestor
136452,10,10,direct
136492,1,1,direct
136492,3,3,direct
136492,6,6,direct
136492,12,12,direct
136492,24,24,direct
136510,277,277,direct
136510,292,277,ancestor
136518,23,23,direct
136518,70,70,direct
136559,1,1,direct
136559,2,2,direct
136559,3,3,direct
136559,5,5,direct
136559,91,91,direct
136571,2,2,direct
136571,8,8,direct
136571,27,27,direct
136571,49,49,direct
136579,4,10,ancestor
136579,10,10,direct
136579,73,73,direct
136584,1,1,direct
136584,2,2,direct
136584,5,5,direct
136584,23,23,direct
136586,3,3,direct
136586,7,7,direct
136586,17,17,direct
136586,24,589,ancestor
136586,71,71,direct
136586,589,589,direct
136676,8,8,direct
136676,53,53,direct
136711,1,1,direct
136711,3,3,direct
136711,14,14,direct
136711,19,19,direct
136711,41,41,direct
136711,590,41,ancestor
136727,2,2,direct
136727,138,138,direct
136768,27,27,direct
136825,1,1,direct
136825,3,3,direct
136825,342,342,direct
136880,4,4,direct
136880,41,41,direct
136880,52,52,direct
136880,590,41,ancestor
136899,543,543,direct
136964,2,2,direct
136964,4,10,ancestor
136964,10,10,direct
136964,27,27,direct
136966,14,14,direct
136966,66,66,direct
136966,70,70,direct
136994,3,3,direct
137041,2,2,direct
137041,3,3,direct
137041,4,10,ancestor
137041,10,10,direct
137041,118,118,direct
137045,27,27,direct
137047,110,110,direct
137108,3,3,direct
137108,4,125,ancestor
137108,6,6,direct
137108,125,125,direct
137108,271,271,direct
137108,509,509,direct
137157,21,21,direct
137170,14,14,direct
137170,46,46,direct
137170,66,66,direct
137173,3,3,direct
137173,6,6,direct
137237,1,1,direct
137237,2,2,direct
137237,3,3,direct
137237,33,33,direct
137264,1,1,direct
137264,7,7,direct
137264,14,14,direct
137281,2,2,direct
137281,93,93,direct
137315,2,2,direct
137315,78,78,direct
137317,1,1,direct
137317,3,3,direct
137317,24,24,direct
137365,1,1,direct
137365,2,2,direct
137365,3,3,direct
137365,382,382,direct
137395,7,7,direct
137395,21,21,direct
137430,2,2,direct
137430,3,3,direct
137430,6,6,direct
137430,11,11,direct
137430,103,103,direct
137468,3,3,direct
137468,12,12,direct
137468,57,57,direct
137468,157,157,direct
137522,1,1,direct
137522,2,2,direct
137522,12,12,direct
137522,198,198,direct
137565,1,1,direct
137565,3,3,direct
137565,4,4,direct
137565,83,83,direct
137603,14,14,direct
137603,70,70,direct
137611,2,2,direct
137611,83,83,direct
137614,3,3,direct
137614,50,50,direct
137618,4,4,direct
137618,9,9,direct
137618,46,46,direct
137632,2,2,direct
137632,4,225,ancestor
137632,83,83,direct
137632,225,225,direct
137667,7,7,direct
137667,30,30,direct
137667,53,53,direct
137667,113,113,direct
137797,1,1,direct
137797,59,59,direct
137857,2,2,direct
137857,3,3,direct
137857,16,16,direct
137857,18,18,direct
137863,1,1,direct
137863,3,3,direct
137863,7,7,direct
137864,1,1,direct
137868,1,1,direct
137868,2,2,direct
137868,3,3,direct
137868,12,12,direct
137868,14,14,direct
137868,66,66,direct
137882,14,14,direct
137882,98,98,direct
137884,112,112,direct
137885,2,2,direct
137885,3,3,direct
137885,48,48,direct
137887,1,1,direct
137887,2,2,direct
137887,3,3,direct
137887,76,76,direct
137930,3,3,direct
137930,5,5,direct
137938,2,2,direct
137938,227,227,direct
137979,2,2,direct
137979,8,8,direct
137979,9,9,direct
137979,91,91,direct
138012,2,2,direct
138012,3,3,direct
138012,4,4,direct
138012,11,11,direct
138015,12,12,direct
138015,24,589,ancestor
138015,589,589,direct
138051,21,21,direct
138051,54,54,direct
138051,57,57,direct
138051,64,64,direct
138051,102,102,direct
138051,128,128,direct
138051,139,139,direct
138053,18,18,direct
138053,151,151,direct
138061,1,1,direct
138061,2,2,direct
138069,2,2,direct
138069,3,3,direct
138069,590,590,direct
138132,12,12,direct
138159,3,3,direct
138159,221,221,direct
138167,2,2,direct
138167,8,152,ancestor
138167,18,18,direct
138167,50,50,direct
138167,123,123,direct
138167,152,152,direct
138169,2,2,direct
138169,7,7,direct
138169,14,14,direct
138169,70,70,direct
138185,251,251,direct
138226,2,2,direct
138226,7,7,direct
138231,7,7,direct
138231,14,14,direct
138231,75,75,direct
138258,1,1,direct
138258,2,2,direct
138258,9,9,direct
138271,6,6,direct
138271,12,12,direct
138271,24,589,ancestor
138271,91,91,direct
138271,589,589,direct
138308,2,2,direct
138310,2,2,direct
138310,9,9,direct
138316,4,10,ancestor
138316,10,10,direct
138317,512,512,direct
138338,5,5,direct
138338,6,6,direct
138338,8,82,ancestor
138338,12,12,direct
138338,82,82,direct
138369,1,1,direct
138369,2,2,direct
138369,46,46,direct
138406,1,1,direct
138406,9,9,direct
138406,12,12,direct
138406,110,110,direct
138420,4,4,direct
138420,50,50,direct
138429,58,58,direct
138433,2,2,direct
138433,3,3,direct
138433,50,50,direct
138433,110,110,direct
138439,1,1,direct
138439,2,2,direct
138439,110,110,direct
138505,1,1,direct
138505,362,362,direct
138510,1,1,direct
138510,2,2,direct
138510,3,3,direct
138510,4,4,direct
138513,2,2,direct
138513,36,36,direct
138513,112,112,direct
138523,1,1,direct
138523,3,3,direct
138523,4,10,ancestor
138523,10,10,direct
138589,1,1,direct
138589,2,2,direct
138589,3,3,direct
138589,9,9,direct
138628,15,15,direct
138628,24,15,ancestor
138631,1,1,direct
138631,2,2,direct
138631,3,3,direct
138631,11,11,direct
138631,362,362,direct
138638,1,1,direct
138638,4,4,direct
138638,83,83,direct
138638,201,201,direct
138649,2,2,direct
138649,3,3,direct
138649,41,41,direct
138649,52,52,direct
138649,74,74,direct
138649,109,109,direct
138649,590,41,ancestor
138711,2,2,direct
138711,3,3,direct
138711,6,6,direct
138711,46,46,direct
138711,590,590,direct
138760,27,27,direct
138760,91,91,direct
138765,1,1,direct
138765,103,103,direct
138784,7,7,direct
138784,337,337,direct
138799,3,3,direct
138799,4,204,ancestor
138799,204,204,direct
138799,355,355,direct
138852,1,1,split
138852,3,3,split
138852,4,10,ancestor
138852,10,10,direct
138852,73,73,direct
138903,5,5,direct
138903,6,6,direct
138903,76,76,direct
138911,4,10,ancestor
138911,10,10,direct
138911,76,76,direct
138928,1,1,direct
138928,288,288,direct
138928,324,324,direct
138944,1,1,direct
138944,2,2,direct
138944,3,3,direct
138944,4,4,direct
138944,17,17,direct
138944,33,33,direct
138944,145,145,direct
138963,3,3,direct
138963,5,5,direct
138963,24,589,ancestor
138963,48,48,direct
138963,91,91,direct
138963,589,589,direct
138982,2,2,direct
138982,4,32,ancestor
138982,32,32,direct
138982,227,227,direct
139017,7,7,direct
139017,48,48,direct
139062,5,5,direct
139062,23,23,direct
139062,24,589,ancestor
139062,91,91,direct
139062,589,589,direct
139142,18,18,direct
139142,19,19,direct
139201,4,37,ancestor
139201,7,7,direct
139201,23,23,direct
139201,37,37,direct
139201,44,44,direct
139239,60,60,direct
139255,1,1,direct
139255,6,6,direct
139255,243,243,direct
139260,7,7,direct
139260,590,590,direct
139288,5,5,direct
139288,11,11,direct
139288,182,182,direct
139294,2,2,direct
139294,3,3,direct
139294,4,10,ancestor
139294,6,6,direct
139294,10,10,direct
139294,130,130,direct
139298,11,11,direct
139298,14,14,direct
139298,67,67,direct
139298,238,238,direct
139304,27,27,direct
139381,4,4,direct
139403,1,1,direct
139403,11,11,split
139403,12,12,direct
139403,50,50,split
139423,2,2,direct
139454,2,2,direct
139454,3,3,direct
139454,18,18,direct
139454,80,80,direct
139465,1,1,direct
139465,2,2,direct
139465,3,3,direct
139465,9,9,direct
139465,11,11,split
139465,49,49,split
139489,1,1,direct
139489,2,2,direct
139489,3,3,direct
139489,52,52,direct
139489,590,590,direct
139510,2,2,direct
139510,227,227,direct
139517,2,2,direct
139517,3,3,direct
139517,11,11,direct
139517,18,18,direct
139517,78,78,direct
139520,4,10,ancestor
139520,10,10,direct
139520,12,12,direct
139563,2,2,direct
139563,104,104,direct
139586,18,18,direct
139586,24,589,ancestor
139586,589,589,direct
139676,4,4,direct
139676,7,7,direct
139676,23,23,direct
139776,3,3,direct
139776,57,57,direct
139776,146,146,direct
139776,195,195,direct
139786,1,1,direct
139786,2,2,direct
139786,6,6,direct
139786,29,29,direct
139806,2,2,direct
139806,3,3,direct
139806,66,66,direct
139806,91,91,direct
139807,3,3,direct
139807,4,4,direct
139807,115,115,direct
139822,1,1,direct
139822,11,11,direct
139822,118,118,direct
139890,11,11,direct
139890,129,129,direct
139895,15,15,direct
139895,24,15,ancestor
139895,83,83,direct
139895,362,362,direct
139960,1,1,direct
139960,2,2,direct
140012,1,1,direct
140012,3,3,direct
140012,29,29,direct
140012,234,234,direct
140012,590,234,ancestor
140015,2,2,direct
140015,46,46,direct
140050,337,337,direct
140058,2,2,direct
140058,3,3,direct
140058,17,17,direct
140082,2,2,direct
140082,9,9,direct
140082,11,11,direct
140082,110,110,direct
140151,6,6,direct
140151,11,11,direct
140151,12,12,direct
140164,2,2,direct
140164,6,6,direct
140164,15,15,direct
140164,24,15,ancestor
140168,1,1,split
140168,3,3,split
140168,24,71,ancestor
140168,71,71,direct
140181,3,3,direct
140181,9,9,direct
140181,46,46,direct
140226,2,2,direct
140226,3,3,direct
140226,91,91,direct
140243,21,21,direct
140243,30,30,direct
140255,1,1,direct
140255,3,3,direct
140257,2,2,direct
140257,9,9,direct
140257,170,170,direct
140257,228,228,direct
140258,1,1,direct
140258,2,2,direct
140259,19,19,direct
140259,75,75,direct
140267,2,2,direct
140267,6,6,direct
140267,23,23,direct
140276,28,28,direct
140303,8,8,direct
140303,74,74,direct
140349,73,73,direct
140370,2,2,direct
140370,110,110,direct
140395,1,1,direct
140395,3,3,direct
140395,33,33,direct
140412,2,2,direct
140412,84,84,direct
140412,95,95,direct
140428,3,3,direct
140428,11,11,direct
140428,78,78,direct
140444,5,5,direct
140444,6,6,direct
140444,8,8,direct
140444,12,12,direct
140447,7,7,direct
140462,1,1,direct
140462,3,3,direct
140462,4,203,ancestor
140462,7,7,direct
140462,63,63,direct
140462,93,93,direct
140462,203,203,direct
140468,9,9,direct
140468,50,50,direct
140487,1,1,direct
140487,2,2,direct
140487,3,3,direct
140487,24,589,ancestor
140487,589,589,direct
140552,3,3,direct
140552,4,4,direct
140552,29,29,direct
140565,3,3,direct
140573,3,3,direct
140588,2,2,direct
140588,91,91,direct
140588,198,198,direct
140616,7,7,direct
140616,44,44,direct
140620,2,2,direct
140620,8,8,direct
140620,103,103,direct
140620,104,104,direct
140641,7,7,direct
140648,1,1,direct
140648,3,3,direct
140648,254,254,direct
140676,79,79,direct
140700,1,1,direct
140700,2,2,direct
140700,3,3,direct
140700,4,10,ancestor
140700,10,10,direct
140700,29,29,direct
140709,2,2,direct
140709,14,14,direct
140709,76,76,direct
140730,1,1,direct
140730,2,2,direct
140730,3,3,direct
140730,5,5,direct
140730,27,27,direct
140730,590,590,direct
140748,1,1,direct
140748,4,10,ancestor
140748,10,10,direct
140748,221,221,direct
140761,2,2,direct
140761,18,18,direct
140786,2,2,direct
140786,4,4,direct
140786,11,11,direct
140786,27,27,direct
140786,193,193,direct
140791,2,2,direct
140791,15,15,direct
140791,24,15,ancestor
140791,53,53,direct
140807,1,1,direct
140807,284,284,direct
140823,103,103,direct
140866,2,2,direct
140866,151,151,direct
140891,9,9,direct
140916,3,3,direct
140916,9,9,direct
140916,18,18,direct
140916,59,59,direct
140965,3,3,direct
140965,66,66,direct
140965,83,83,direct
140976,1,1,direct
140976,2,2,direct
140976,3,3,direct
140976,161,161,direct
141005,29,29,direct
141006,3,3,direct
141006,6,6,direct
141006,12,12,direct
141006,15,15,direct
141006,24,15,ancestor
141037,1,1,direct
141037,3,3,direct
141037,245,245,direct
141046,6,6,direct
141046,33,33,direct
141104,1,1,direct
141104,2,2,direct
141104,3,3,direct
141104,88,88,direct
141107,1,1,direct
141107,2,2,direct
141107,46,46,direct
141124,11,11,direct
141124,12,12,direct
141124,15,15,direct
141124,24,15,ancestor
141186,9,9,direct
141186,18,18,direct
141186,22,22,direct
141186,112,112,direct
141186,120,120,direct
141193,1,1,direct
141193,4,4,direct
141193,60,60,direct
141196,1,1,direct
141196,2,2,direct
141196,3,3,direct
141247,24,24,direct
141247,64,64,direct
141247,93,93,direct
141281,1,1,direct
141281,2,2,direct
141281,3,3,direct
141281,9,9,direct
141287,2,2,direct
141287,4,37,ancestor
141287,37,37,direct
141300,1,1,direct
141300,14,14,direct
141300,69,69,direct
141311,5,5,direct
141311,24,589,ancestor
141311,189,189,direct
141311,194,194,direct
141311,589,589,direct
141336,1,1,direct
141336,34,34,direct
141336,46,46,direct
141336,70,70,direct
141356,2,2,direct
141356,254,254,direct
141357,7,7,direct
141357,11,11,direct
141473,1,1,direct
141473,2,2,direct
141473,3,3,direct
141473,362,362,direct
141476,3,3,direct
141476,6,6,direct
141482,7,7,direct
141482,115,115,direct
141482,477,477,direct
141510,1,1,direct
141510,12,12,direct
141571,1,1,direct
141571,7,7,direct
141571,14,14,direct
141578,2,2,direct
141578,3,3,direct
141578,26,26,direct
141586,6,6,direct
141586,12,12,direct
141586,24,589,ancestor
141586,589,589,direct
141589,94,94,direct
141589,144,144,direct
141589,174,174,direct
141589,183,183,direct
141589,539,539,direct
141600,2,2,direct
141600,31,31,direct
141622,6,6,direct
141622,7,7,direct
141622,138,138,direct
141644,2,2,direct
141644,257,257,direct
141664,2,2,direct
141664,41,41,direct
141664,590,41,ancestor
141686,2,2,direct
141686,3,3,direct
141695,1,1,direct
141695,2,2,direct
141695,3,3,direct
141695,7,7,direct
141695,9,9,direct
141695,24,589,ancestor
141695,46,46,direct
141695,48,48,direct
141695,589,589,direct
141710,1,1,direct
141710,2,2,direct
141710,3,3,direct
141710,131,131,direct
141710,171,171,direct
141729,1,1,direct
141729,2,2,direct
141729,3,3,direct
141729,18,18,direct
141729,46,46,direct
141729,156,156,direct
141736,2,2,direct
141736,46,46,direct
141742,7,7,direct
141742,14,14,direct
141742,41,41,direct
141742,53,53,direct
141742,590,41,ancestor
141791,11,11,direct
141791,49,49,direct
141791,239,239,direct
141791,261,261,direct
141812,2,2,direct
141812,81,81,direct
141834,1,1,direct
141834,3,3,direct
141834,40,40,direct
141834,133,133,direct
141865,1,1,direct
141865,3,3,direct
141865,9,9,direct
141867,1,1,split
141867,2,2,split
141867,3,3,split
141867,6,6,direct
141867,33,33,direct
141881,151,151,direct
141883,63,63,direct
141893,3,3,direct
141893,8,152,ancestor
141893,11,11,direct
141893,49,49,direct
141893,152,152,direct
141961,8,8,direct
141961,11,11,direct
141991,1,1,direct
141991,4,4,direct
141991,7,7,direct
141991,19,19,direct
141991,33,33,direct
142046,1,1,direct
142046,2,2,direct
142046,3,3,direct
142046,583,583,direct
142064,1,1,direct
142064,7,7,direct
142064,41,41,direct
142064,590,41,ancestor
142088,4,10,ancestor
142088,10,10,direct
142088,73,73,direct
142097,6,6,direct
142097,11,11,direct
142097,23,23,direct
142097,65,65,direct
142097,279,279,direct
142099,3,3,direct
142099,24,589,ancestor
142099,589,589,direct
142103,2,2,direct
142103,3,3,direct
142103,27,27,direct
142103,91,91,direct
142103,123,123,direct
142103,340,340,direct
142131,11,11,direct
142131,83,83,direct
142181,3,3,direct
142181,4,260,ancestor
142181,16,16,direct
142181,32,260,ancestor
142181,96,96,direct
142181,260,260,direct
142181,435,435,direct
142184,2,2,direct
142184,9,9,direct
142184,12,12,direct
142184,91,91,direct
142203,2,2,direct
142294,3,3,direct
142294,5,5,direct
142294,23,23,direct
142301,1,1,direct
142301,2,2,direct
142301,3,3,direct
142301,6,6,direct
142301,7,7,direct
142349,1,1,direct
142349,7,7,direct
142349,14,14,direct
142364,1,1,direct
142364,3,3,direct
142364,590,590,direct
142394,2,2,direct
142394,9,9,direct
142394,36,36,direct
142419,1,1,direct
142419,2,2,direct
142419,8,8,direct
142429,3,3,direct
142429,57,57,direct
142429,232,232,direct
142465,6,6,direct
142465,12,12,direct
142465,14,14,direct
142465,33,33,direct
142479,1,1,direct
142479,2,2,direct
142479,3,3,direct
142479,74,74,direct
142555,7,7,direct
142555,53,53,direct
142566,2,2,direct
142566,3,3,direct
142566,19,19,direct
142566,91,91,direct
142606,2,2,direct
142606,3,3,direct
142606,145,145,direct
142609,110,110,direct
142654,14,14,direct
142654,19,19,direct
142654,23,23,direct
142654,118,118,direct
142654,199,199,direct
142654,294,294,direct
142669,1,1,direct
142669,2,2,direct
142669,11,11,direct
142669,49,49,direct
142677,1,1,direct
142677,33,33,direct
142677,76,76,direct
142693,18,18,direct
142693,238,238,direct
142695,1,1,split
142695,2,2,split
142695,3,3,split
142695,581,581,direct
142738,1,1,direct
142738,2,2,direct
142738,18,18,direct
142738,19,19,direct
142744,7,7,direct
142777,3,3,direct
142777,7,7,direct
142777,14,14,direct
142779,2,2,direct
142794,2,2,direct
142794,3,3,direct
142794,11,11,direct
142794,18,18,direct
142794,23,23,direct
142794,24,24,direct
142794,51,51,direct
142799,1,1,split
142799,2,2,split
142799,3,3,split
142799,4,10,ancestor
142799,10,10,direct
142799,12,12,direct
142799,14,14,direct
142814,12,12,direct
142814,14,14,direct
142814,23,23,direct
142814,33,33,direct
142814,84,84,direct
142832,2,2,direct
142832,44,44,direct
142874,4,4,direct
142874,6,6,direct
142874,11,11,direct
142874,83,83,direct
142876,1,1,direct
142876,2,2,direct
142876,3,3,direct
142884,1,1,direct
142884,2,2,direct
142884,3,3,direct
142884,23,23,direct
142884,24,24,direct
142919,1,1,direct
142919,2,2,direct
142919,3,3,direct
142919,394,394,direct
142921,1,1,direct
142921,2,2,direct
142921,9,9,direct
142921,340,340,direct
142940,63,63,direct
142940,549,549,direct
142944,2,2,direct
142953,2,2,direct
142972,4,4,direct
142972,73,73,direct
142994,3,3,direct
143029,1,1,direct
143029,3,3,direct
143029,4,4,direct
143029,7,7,direct
143029,8,8,direct
143029,131,131,direct
143058,3,3,direct
143063,362,362,direct
143113,7,7,direct
143113,34,34,direct
143149,2,2,direct
143149,99,99,direct
143162,3,3,direct
143162,8,338,ancestor
143162,13,13,direct
143162,14,14,direct
143162,92,92,direct
143162,338,338,direct
143171,2,2,direct
143171,3,3,direct
143171,7,7,direct
143171,15,15,direct
143171,24,15,ancestor
143180,4,10,ancestor
143180,10,10,direct
143180,11,11,direct
143180,33,33,direct
143199,3,3,direct
143199,5,5,direct
143199,6,6,direct
143199,20,20,direct
143220,1,1,direct
143220,2,2,direct
143220,3,3,direct
143235,256,256,direct
143243,2,2,direct
143243,264,264,direct
143257,2,2,direct
143257,3,3,direct
143257,5,5,direct
143257,123,123,direct
143262,1,1,direct
143262,2,2,direct
143262,7,7,direct
143262,14,14,direct
143262,46,46,direct
143278,11,11,direct
143282,2,2,direct
143282,6,6,direct
143282,11,11,direct
143282,12,12,direct
143284,3,3,direct
143284,7,7,direct
143284,317,317,direct
143293,2,2,direct
143293,4,287,ancestor
143293,17,17,direct
143293,136,136,direct
143293,287,287,direct
143326,2,2,direct
143326,18,18,direct
143355,97,97,direct
143435,3,3,direct
143435,24,24,direct
143435,93,93,direct
143462,11,11,direct
143462,340,340,direct
143463,5,5,direct
143463,15,15,direct
143463,24,15,ancestor
143500,2,2,direct
143500,12,12,direct
143500,36,36,direct
143500,91,91,direct
143597,7,7,direct
143597,41,41,direct
143597,60,60,direct
143597,590,41,ancestor
143617,2,2,direct
143617,3,3,direct
143617,277,277,direct
143617,292,277,ancestor
143621,1,1,direct
143621,2,2,direct
143621,91,91,direct
143628,8,8,direct
143628,27,27,direct
143631,1,1,direct
143631,3,3,direct
143631,12,12,direct
143631,266,266,direct
143647,4,4,direct
143647,15,15,direct
143647,24,15,ancestor
143667,1,1,direct
143667,2,2,direct
143667,23,23,direct
143667,44,44,direct
143676,1,1,split
143676,3,3,split
143676,29,29,direct
143676,58,58,direct
143722,1,1,direct
143722,2,2,direct
143722,3,3,direct
143722,8,82,ancestor
143722,82,82,direct
143741,4,4,direct
143741,7,7,direct
143741,33,33,direct
143741,221,221,direct
143742,2,2,direct
143742,19,19,direct
143758,4,225,ancestor
143758,52,52,direct
143758,225,225,direct
143793,4,10,ancestor
143793,10,10,direct
143793,11,11,direct
143803,46,46,direct
143806,7,7,direct
143806,9,9,direct
143806,14,14,direct
143806,23,23,direct
143806,46,46,direct
143809,2,2,direct
143809,11,11,direct
143809,130,130,direct
143816,2,2,direct
143816,3,3,direct
143816,169,169,direct
143816,198,198,direct
143834,2,2,direct
143834,3,3,direct
143834,11,11,direct
143834,136,136,direct
143855,1,1,direct
143855,3,3,direct
143855,4,10,ancestor
143855,10,10,direct
143892,2,2,direct
143892,3,3,direct
143892,76,76,direct
143907,3,3,direct
143907,24,24,direct
143907,129,129,direct
143960,1,1,direct
143960,2,2,split
143960,3,3,split
143960,52,52,direct
143960,79,79,direct
143970,1,1,direct
143970,6,6,direct
143970,7,7,direct
143970,8,8,direct
143979,12,12,direct
143996,2,2,direct
143996,3,3,direct
143996,41,41,direct
143996,190,190,direct
143996,590,41,ancestor
144080,184,184,direct
144081,1,1,direct
144081,2,2,direct
144087,3,3,direct
144087,23,23,direct
144087,24,143,ancestor
144087,143,143,direct
144100,7,7,direct
144134,7,7,direct
144144,2,2,direct
144144,11,11,direct
144196,29,29,direct
144243,3,3,direct
144243,23,23,direct
144253,1,1,direct
144253,2,2,direct
144253,3,3,direct
144253,11,11,direct
144253,49,49,direct
144253,78,78,direct
144258,2,2,direct
144264,6,6,direct
144264,23,23,direct
144264,46,46,direct
144264,53,53,direct
144273,2,2,direct
144273,3,3,direct
144273,6,6,direct
144273,7,7,direct
144273,9,9,direct
144273,75,75,direct
144273,108,108,direct
144291,2,2,direct
144291,3,3,direct
144291,9,9,direct
144302,2,2,direct
144327,2,2,direct
144327,15,15,direct
144327,23,23,direct
144327,24,15,ancestor
144332,1,1,direct
144332,2,2,direct
144332,3,3,direct
144332,130,130,direct
144350,6,6,direct
144350,33,33,direct
144366,3,3,direct
144366,4,4,direct
144366,10,10,direct
144366,19,19,direct
144368,1,1,direct
144377,2,2,direct
144377,5,5,direct
144377,9,9,direct
144377,22,22,direct
144377,299,299,direct
144404,41,41,direct
144404,52,52,direct
144404,590,41,ancestor
144415,2,2,direct
144415,110,110,direct
144474,3,3,direct
144474,5,5,direct
144474,6,6,direct
144474,8,8,direct
144474,12,12,direct
144474,14,14,direct
144474,81,81,direct
144485,1,1,direct
144485,2,2,direct
144485,33,33,direct
144485,85,85,direct
144505,4,37,ancestor
144505,6,6,direct
144505,11,11,direct
144505,33,33,direct
144505,37,37,direct
144505,49,49,direct
144549,2,2,direct
144552,1,1,direct
144552,2,2,direct
144552,3,3,direct
144552,7,7,direct
144552,11,11,direct
144552,80,80,direct
144566,104,104,direct
144566,229,229,direct
144573,2,2,direct
144573,3,3,direct
144573,570,570,direct
144588,46,46,direct
144588,127,127,direct
144609,1,1,direct
144609,3,3,direct
144617,11,11,direct
144641,1,1,direct
144641,3,3,direct
144641,7,7,direct
144641,110,110,direct
144646,569,569,direct
144693,3,3,direct
144713,1,1,direct
144713,2,2,direct
144731,220,220,direct
144733,2,2,direct
144733,91,91,direct
144734,2,2,direct
144734,83,83,direct
144734,84,84,direct
144748,1,1,direct
144748,3,3,direct
144748,31,31,direct
144748,254,254,direct
144768,1,1,direct
144768,3,3,direct
144768,7,7,direct
144768,14,14,direct
144774,2,2,direct
144774,62,62,direct
144781,330,330,direct
144781,590,330,ancestor
144786,3,3,direct
144786,126,126,direct
144787,1,1,direct
144787,3,3,direct
144787,7,7,direct
144787,59,59,direct
144787,126,126,direct
144820,3,3,direct
144820,349,349,direct
144829,6,6,direct
144829,11,11,direct
144829,83,83,direct
144842,16,16,direct
144842,20,20,direct
144878,1,1,split
144878,3,3,split
144878,7,7,direct
144878,108,108,direct
144878,590,590,direct
144892,1,1,direct
144892,2,2,direct
144892,150,150,direct
144899,1,1,direct
144899,2,2,direct
144899,3,3,direct
144899,11,11,direct
144899,49,49,direct
144899,83,83,direct
144936,2,2,direct
144936,3,3,direct
144936,4,10,ancestor
144936,10,10,direct
144936,11,11,direct
144936,18,18,direct
144950,1,1,direct
144973,8,8,direct
144973,27,27,direct
144995,1,1,direct
144995,7,7,direct
144995,14,14,direct
145004,1,1,direct
145004,2,2,direct
145004,7,7,direct
145004,11,11,direct
145004,91,91,direct
145045,111,111,direct
145053,1,1,direct
145053,23,23,direct
145053,41,41,direct
145053,108,108,direct
145053,218,218,direct
145053,590,41,ancestor
145056,1,1,split
145056,2,2,split
145056,3,3,split
145056,4,4,direct
145056,11,11,direct
145056,12,12,direct
145064,4,4,direct
145064,27,27,direct
145064,41,41,direct
145064,63,63,direct
145064,64,64,direct
145064,93,93,direct
145064,270,270,direct
145064,590,41,ancestor
145090,2,2,direct
145090,3,3,direct
145090,5,5,direct
145090,11,11,direct
145090,24,589,ancestor
145090,589,589,direct
145123,2,2,direct
145123,161,161,direct
145186,7,7,direct
145186,579,579,direct
145188,2,2,direct
145188,24,589,ancestor
145188,589,589,direct
145211,2,2,direct
145211,3,3,direct
145211,4,4,direct
145211,220,220,direct
145213,57,57,direct
145213,108,108,direct
145222,3,3,direct
145222,7,7,direct
145222,254,254,direct
145227,1,1,direct
145227,3,3,direct
145227,22,22,direct
145235,1,1,direct
145235,2,2,direct
145235,3,3,direct
145235,7,7,direct
145235,8,152,ancestor
145235,12,12,direct
145235,152,152,direct
145242,1,1,direct
145242,2,2,direct
145242,3,3,direct
145242,5,5,direct
145242,11,11,split
145242,49,49,split
145242,91,91,direct
145303,4,10,ancestor
145303,5,5,direct
145303,10,10,direct
145303,46,46,direct
145336,5,5,direct
145336,12,12,direct
145358,5,5,direct
145358,7,7,direct
145358,11,11,direct
145358,14,14,direct
145369,2,2,direct
145391,5,5,direct
145391,6,6,direct
145391,12,12,direct
145391,13,13,direct
145391,46,46,direct
145391,112,112,direct
145397,2,2,direct
145468,3,3,direct
145468,4,10,ancestor
145468,10,10,direct
145481,7,7,direct
145488,2,2,direct
145488,3,3,direct
145488,9,9,direct
145488,12,12,direct
145488,145,145,direct
145488,322,322,direct
145505,5,5,direct
145505,8,8,direct
145505,104,104,direct
145514,2,2,direct
145514,76,76,direct
145535,1,1,direct
145535,7,7,direct
145535,11,11,direct
145540,1,1,direct
145540,3,3,direct
145540,4,4,direct
145540,362,362,direct
145548,3,3,direct
145605,2,2,direct
145605,4,4,direct
145605,7,7,direct
145605,254,254,direct
145683,16,16,direct
145683,40,40,direct
145683,54,54,direct
145706,2,2,direct
145706,12,12,direct
145706,26,26,direct
145715,7,7,direct
145715,70,70,direct
145792,1,1,split
145792,3,3,split
145792,4,4,direct
145804,1,1,direct
145804,3,3,direct
145804,6,6,direct
145804,11,11,split
145804,24,24,direct
145804,49,49,split
145804,169,169,direct
145806,1,1,direct
145806,3,3,direct
145806,4,10,ancestor
145806,10,10,direct
145826,1,1,direct
145826,2,2,direct
145826,3,3,direct
145826,9,9,direct
145826,29,29,direct
145826,235,235,direct
145858,2,2,direct
145858,3,3,direct
145858,5,5,direct
145858,383,383,direct
145881,6,6,direct
145881,12,12,direct
145881,19,19,direct
145881,590,590,direct
145891,2,2,direct
145891,29,29,direct
145891,78,78,direct
145901,3,3,direct
145901,21,21,direct
145901,23,23,direct
145901,110,110,direct
145912,2,2,direct
145912,3,3,direct
145912,17,17,direct
145913,2,2,direct
145913,6,6,direct
145913,401,401,direct
145949,3,3,direct
145949,7,7,direct
145949,14,14,direct
146006,1,1,direct
146006,9,9,direct
146006,29,29,direct
146006,33,33,direct
146006,49,49,direct
146006,79,79,direct
146071,1,1,direct
146071,2,2,direct
146071,85,85,direct
146084,24,71,ancestor
146084,71,71,direct
146096,1,1,direct
146096,3,3,direct
146096,4,4,direct
146096,6,6,direct
146096,20,20,direct
146118,3,3,direct
146118,4,125,ancestor
146118,16,16,direct
146118,125,125,direct
146120,63,63,direct
146142,1,1,direct
146142,7,7,direct
146146,93,93,direct
146151,3,3,direct
146151,11,11,direct
146151,27,27,direct
146151,50,50,direct
146195,1,1,split
146195,2,2,split
146195,3,3,split
146195,7,7,direct
146301,80,80,direct
146303,2,2,direct
146303,11,11,direct
146303,148,148,direct
146335,1,1,direct
146335,2,2,direct
146335,3,3,direct
146335,156,156,direct
146343,7,7,direct
146355,7,7,direct
146355,48,48,direct
146363,1,1,direct
146363,2,2,direct
146363,4,4,direct
146377,2,2,direct
146377,7,7,direct
146377,79,79,direct
146406,1,1,direct
146406,3,3,direct
146406,29,29,direct
146420,1,1,direct
146420,2,2,direct
146420,3,3,direct
146429,2,2,direct
146429,3,3,direct
146429,4,37,ancestor
146429,37,37,direct
146429,150,150,direct
146432,1,1,direct
146432,142,142,direct
146432,199,199,direct
146432,310,310,direct
146457,2,2,direct
146457,3,3,direct
146457,8,152,ancestor
146457,19,19,direct
146457,21,21,direct
146457,116,116,direct
146457,152,152,direct
146491,1,1,split
146491,2,2,split
146491,3,3,split
146491,6,6,direct
146491,17,17,direct
146491,492,492,direct
146498,1,1,direct
146498,3,3,direct
146498,4,10,ancestor
146498,10,10,direct
146544,2,2,direct
146544,145,145,direct
146549,2,2,direct
146549,3,3,direct
146549,13,13,direct
146549,60,60,direct
146549,74,74,direct
146567,1,1,direct
146567,2,2,direct
146567,26,26,direct
146567,150,150,direct
146577,1,1,direct
146577,3,3,direct
146577,525,525,direct
146578,1,1,direct
146578,2,2,direct
146578,3,3,direct
146578,4,10,ancestor
146578,10,10,direct
146578,91,91,direct
146591,1,1,direct
146591,16,16,direct
146632,1,1,direct
146661,7,7,direct
146703,1,1,direct
146703,3,3,direct
146703,4,10,ancestor
146703,10,10,direct
146703,151,151,direct
146726,5,5,direct
146726,8,8,direct
146780,6,6,direct
146780,31,31,direct
146780,50,50,direct
146794,41,41,direct
146794,590,41,ancestor
146875,3,3,direct
146905,2,2,direct
146919,2,2,direct
146919,3,3,direct
146919,9,9,direct
146919,115,115,direct
146919,322,322,direct
146944,2,2,direct
146944,3,3,direct
146944,11,11,direct
146949,3,3,direct
146949,6,6,direct
146949,9,9,direct
146949,58,140,ancestor
146949,140,140,direct
146985,7,7,direct
146985,31,31,direct
146985,574,574,direct
146985,590,574,ancestor
147003,3,3,direct
147003,9,9,direct
147023,2,2,direct
147023,136,136,direct
147037,3,3,direct
147037,6,6,direct
147037,8,82,ancestor
147037,12,12,direct
147037,14,14,direct
147037,57,57,direct
147037,82,82,direct
147051,3,3,direct
147051,49,49,direct
147070,1,1,direct
147070,2,2,direct
147070,9,9,direct
147070,182,182,direct
147095,1,1,direct
147095,2,2,direct
147095,4,4,direct
147095,11,11,direct
147125,24,589,ancestor
147125,589,589,direct
147167,168,168,direct
147167,370,370,direct
147168,1,1,direct
147168,3,3,direct
147168,85,85,direct
147168,252,252,direct
147186,2,2,direct
147186,3,3,direct
147186,9,9,direct
147186,14,14,direct
147186,18,18,direct
147186,27,27,direct
147186,46,46,direct
147186,66,66,direct
147186,201,201,direct
147203,1,1,direct
147203,3,3,direct
147203,4,4,direct
147203,80,80,direct
147203,344,344,direct
147207,1,1,direct
147207,189,189,direct
147211,4,10,ancestor
147211,5,5,direct
147211,6,6,direct
147211,10,10,direct
147211,23,23,direct
147211,64,64,direct
147211,297,297,direct
147218,2,2,direct
147218,3,3,direct
147218,11,11,direct
147218,18,18,direct
147255,1,1,direct
147255,2,2,direct
147255,104,104,direct
147261,2,2,direct
147261,9,9,direct
147261,19,19,direct
147261,50,50,direct
147268,7,7,direct
147268,11,11,direct
147268,19,19,direct
147280,2,2,direct
147280,5,5,direct
147280,6,6,direct
147280,8,82,ancestor
147280,12,12,direct
147280,14,14,direct
147280,82,82,direct
147280,106,106,direct
147295,1,1,direct
147295,7,7,direct
147295,44,44,direct
147295,590,590,direct
147317,3,3,direct
147317,52,52,direct
147317,70,70,direct
147317,590,590,direct
147322,590,590,direct
147348,39,39,direct
147348,131,131,direct
147358,2,2,direct
147358,3,3,direct
147358,30,30,direct
147369,2,2,direct
147369,3,3,direct
147369,7,7,direct
147369,50,50,direct
147369,239,239,direct
147406,1,1,direct
147406,2,2,direct
147406,3,3,direct
147406,11,11,direct
147406,110,110,direct
147415,1,1,direct
147415,2,2,direct
147415,3,3,direct
147415,5,5,direct
147415,12,12,direct
147415,24,24,direct
147415,111,111,direct
147474,6,6,direct
147474,53,53,direct
147474,252,252,direct
147475,4,4,direct
147475,5,5,direct
147475,7,7,direct
147475,23,23,direct
147519,5,5,direct
147519,7,7,direct
147537,2,2,direct
147537,7,7,direct
147537,254,254,direct
147575,5,5,direct
147575,6,6,direct
147575,7,7,direct
147575,8,8,direct
147575,12,12,direct
147575,41,41,direct
147575,56,56,direct
147575,76,76,direct
147575,590,41,ancestor
147587,33,33,direct
147587,145,145,direct
147591,19,19,direct
147591,44,44,direct
147639,1,1,direct
147639,3,3,direct
147639,24,212,ancestor
147639,212,212,direct
147724,2,2,direct
147724,3,3,direct
147724,11,11,direct
147725,5,5,direct
147725,7,7,direct
147735,3,3,direct
147735,8,82,ancestor
147735,82,82,direct
147737,2,2,direct
147737,27,27,direct
147749,1,1,direct
147749,2,2,direct
147749,3,3,direct
147749,181,181,direct
147764,2,2,direct
147764,53,53,direct
147801,2,2,direct
147801,3,3,direct
147801,5,5,direct
147801,80,80,direct
147801,421,421,direct
147814,3,3,direct
147814,11,11,direct
147893,1,1,direct
147893,2,2,direct
147893,91,91,direct
147893,110,110,direct
147948,1,1,direct
147973,7,7,direct
147975,2,2,direct
147975,91,91,direct
147975,114,114,direct
147975,142,142,direct
147982,2,2,direct
147982,4,10,ancestor
147982,10,10,direct
147982,12,12,direct
147982,110,110,direct
147987,168,168,direct
148008,3,3,direct
148008,245,245,direct
148013,7,7,direct
148013,12,12,direct
148025,1,1,direct
148025,3,3,direct
148025,8,82,ancestor
148025,82,82,direct
148029,2,2,direct
148029,6,6,direct
148029,7,7,direct
148029,19,19,direct
148029,41,41,direct
148029,590,41,ancestor
148035,7,7,direct
148036,1,1,direct
148036,7,7,direct
148048,1,1,direct
148048,3,3,direct
148048,8,8,direct
148091,7,7,direct
148091,48,48,direct
148091,376,376,direct
148147,7,7,direct
148147,41,41,direct
148147,590,41,ancestor
148193,1,1,direct
148193,7,7,direct
148193,189,189,direct
148193,246,246,direct
148193,590,590,direct
148277,7,7,direct
148277,23,23,direct
148320,2,2,direct
148320,264,264,direct
148325,5,5,direct
148325,14,14,direct
148342,1,1,direct
148342,262,262,direct
148342,590,262,ancestor
148374,2,2,direct
148374,11,11,direct
148374,74,74,direct
148374,110,110,direct
148375,2,2,direct
148375,5,5,direct
148375,49,49,direct
148375,80,80,direct
148375,130,130,direct
148384,1,1,direct
148384,3,3,direct
148384,7,7,direct
148384,24,24,direct
148384,131,131,direct
148404,6,6,direct
148404,7,7,direct
148427,5,5,direct
148427,36,36,direct
148427,103,103,direct
148471,1,1,direct
148471,18,18,direct
148476,1,1,direct
148476,3,3,direct
148476,15,15,direct
148476,23,23,direct
148476,24,15,ancestor
148633,1,1,direct
148633,70,70,direct
148639,3,3,direct
148639,221,221,direct
148639,590,590,direct
148674,4,225,ancestor
148674,7,7,direct
148674,225,225,direct
148679,2,2,direct
148679,14,14,direct
148679,51,51,direct
148679,62,62,direct
148684,1,1,direct
148684,2,2,direct
148684,3,3,direct
148724,1,1,direct
148724,3,3,direct
148724,4,4,direct
148732,1,1,direct
148732,3,3,direct
148747,2,2,direct
148747,23,23,direct
148750,2,2,direct
148750,3,3,direct
148750,29,29,direct
148750,91,91,direct
148751,1,1,direct
148751,3,3,direct
148751,277,277,direct
148751,292,277,ancestor
148849,3,3,direct
148849,58,58,direct
148849,63,63,direct
148854,1,1,direct
148854,9,9,direct
148854,75,75,direct
148854,108,108,direct
148900,1,1,split
148900,3,3,split
148900,12,12,direct
148900,24,589,ancestor
148900,589,589,direct
148915,1,1,direct
148915,3,3,direct
148952,14,14,direct
148952,15,15,direct
148952,24,15,ancestor
148952,31,31,direct
148983,1,1,direct
148983,7,7,direct
148983,14,14,direct
149015,73,73,direct
149056,6,6,direct
149056,13,13,direct
149056,23,23,direct
149059,36,36,direct
149085,2,2,direct
149085,3,3,direct
149085,27,27,direct
149085,78,78,direct
149085,201,201,direct
149113,3,3,direct
149113,171,171,direct
149125,12,12,direct
149136,7,7,direct
149136,33,33,direct
149136,145,145,direct
149141,1,1,direct
149141,3,3,direct
149141,24,24,direct
149161,12,12,direct
149194,1,1,direct
149194,44,44,direct
149194,342,342,direct
149214,422,422,direct
149233,11,11,direct
149233,49,49,direct
149233,171,171,direct
149252,6,6,direct
149252,11,11,direct
149265,7,7,direct
149265,337,337,direct
149267,70,70,direct
149310,1,1,direct
149310,209,209,direct
149332,4,4,direct
149349,1,1,direct
149349,6,6,direct
149349,23,23,direct
149349,60,60,direct
149349,184,184,direct
149367,1,1,direct
149367,6,6,direct
149367,7,7,direct
149367,97,97,direct
149457,4,37,ancestor
149457,37,37,direct
149457,265,265,direct
149462,4,4,direct
149462,6,6,direct
149462,21,21,direct
149462,56,56,direct
149544,1,1,direct
149544,284,284,direct
149553,9,9,direct
149553,14,14,direct
149553,46,46,direct
149555,14,14,direct
149555,46,46,direct
149577,69,69,direct
149590,19,19,direct
149590,57,57,direct
149593,2,2,direct
149593,7,7,direct
149593,11,11,direct
149593,18,18,direct
149602,33,33,direct
149686,1,1,direct
149686,14,14,direct
149686,118,118,direct
149730,2,2,direct
149730,3,3,direct
149730,4,10,ancestor
149730,10,10,direct
149730,80,80,direct
149747,2,2,direct
149747,4,4,direct
149747,110,110,direct
149763,30,30,direct
149769,1,1,direct
149769,2,2,direct
149769,11,11,direct
149769,14,14,direct
149769,110,110,direct
149770,1,1,direct
149770,3,3,direct
149770,4,4,direct
149770,7,7,direct
149770,9,9,direct
149770,108,108,direct
149773,4,37,ancestor
149773,11,11,direct
149773,37,37,direct
149773,80,80,direct
149773,91,91,direct
149797,1,1,direct
149797,2,2,direct
149809,2,2,direct
149809,27,27,direct
149809,33,33,direct
149809,70,70,direct
149816,1,1,direct
149816,2,2,direct
149816,11,11,direct
149816,14,14,direct
149858,1,1,direct
149858,2,2,direct
149871,6,6,direct
149871,11,11,direct
149871,24,589,ancestor
149871,589,589,direct
149890,1,1,direct
149890,3,3,direct
149890,14,14,direct
149890,36,36,direct
149890,46,46,direct
149890,66,66,direct
149935,4,4,direct
149935,33,33,direct
149935,50,50,direct
149935,96,96,direct
149935,104,104,direct
149935,229,229,direct
149973,2,2,direct
149973,53,53,direct
149973,99,99,direct
149973,114,114,direct
149995,2,2,direct
149995,3,3,direct
149995,6,6,direct
149995,136,136,direct
150010,2,2,direct
150010,6,6,direct
150010,11,11,direct
150010,83,83,direct
150056,1,1,direct
150056,3,3,direct
150056,7,7,direct
150060,4,10,ancestor
150060,6,6,direct
150060,10,10,direct
150060,23,23,direct
150060,76,76,direct
150060,92,92,direct
150063,12,12,direct
150063,14,14,direct
150076,1,1,direct
150076,2,2,direct
150076,254,254,direct
150081,21,21,direct
150088,3,3,direct
150088,18,18,direct
150088,92,92,direct
150118,1,1,direct
150118,2,2,direct
150118,7,7,direct
150126,29,29,direct
150140,30,30,direct
150140,33,33,direct
150140,433,433,direct
150172,129,129,direct
150199,1,1,direct
150199,2,2,direct
150199,3,3,direct
150199,24,589,ancestor
150199,26,26,direct
150199,91,91,direct
150199,201,201,direct
150199,589,589,direct
150225,1,1,direct
150225,2,2,direct
150225,3,3,direct
150250,2,2,direct
150250,9,9,direct
150250,110,110,direct
150303,1,1,split
150303,2,2,split
150303,3,3,split
150303,9,9,direct
150303,58,58,direct
150319,36,36,direct
150348,7,7,direct
150348,118,118,direct
150362,1,1,direct
150362,8,8,direct
150362,20,20,direct
150362,30,30,direct
150362,64,64,direct
150381,1,1,direct
150381,2,2,direct
150381,284,284,direct
150444,2,2,direct
150444,53,53,direct
150444,83,83,direct
150445,2,2,direct
150445,5,5,direct
150445,6,6,direct
150445,8,197,ancestor
150445,12,12,direct
150445,14,14,direct
150445,27,27,direct
150445,76,76,direct
150445,197,197,direct
150470,2,2,direct
150512,1,1,direct
150512,2,2,direct
150512,11,11,direct
150512,18,18,direct
150546,1,1,direct
150546,2,2,direct
150546,390,390,direct
150563,2,2,direct
150563,11,11,direct
150563,27,27,direct
150579,3,3,direct
150579,4,4,direct
150579,19,19,direct
150618,1,1,direct
150618,2,2,direct
150618,3,3,direct
150618,182,182,direct
150657,2,2,direct
150657,91,91,direct
150657,590,590,direct
150667,1,1,direct
150667,7,7,direct
150667,317,317,direct
150688,50,50,direct
150734,2,2,direct
150734,148,148,direct
150778,1,1,direct
150778,2,2,direct
150778,3,3,direct
150778,222,222,direct
150789,1,1,direct
150789,2,2,direct
150789,11,11,direct
150789,12,12,direct
150789,14,14,direct
150798,1,1,direct
150798,7,7,direct
150798,41,41,direct
150798,60,60,direct
150798,590,41,ancestor
150828,23,23,direct
150836,2,2,direct
150836,29,29,direct
150841,2,2,direct
150841,11,11,direct
150873,1,1,direct
150873,3,3,direct
150873,5,5,direct
150873,11,11,direct
150882,1,1,direct
150882,3,3,direct
150882,103,103,direct
150882,108,108,direct
150906,1,1,direct
150906,7,7,direct
150907,2,2,direct
150907,3,3,direct
150907,84,84,direct
150928,2,2,direct
150928,3,3,direct
150928,11,11,direct
150940,2,2,direct
150940,186,186,direct
150946,1,1,direct
150946,3,3,direct
150946,87,87,direct
150946,112,112,direct
150985,265,265,direct
151007,2,2,direct
151007,257,257,direct
151009,3,3,direct
151009,6,6,direct
151009,13,13,direct
151009,108,108,direct
151028,1,1,direct
151028,3,3,direct
151103,2,2,direct
151110,1,1,direct
151110,3,3,direct
151110,382,382,direct
151144,2,2,direct
151144,30,30,direct
151173,3,3,direct
151173,246,246,direct
151186,1,1,direct
151186,2,2,direct
151186,3,3,direct
151186,65,65,direct
151187,7,7,direct
151187,70,70,direct
151189,23,23,direct
151189,29,29,direct
151196,3,3,direct
151196,9,9,direct
151196,57,57,direct
151196,126,126,direct
151285,2,2,direct
151285,11,11,direct
151380,14,14,direct
151380,52,52,direct
151415,2,2,direct
151415,3,3,direct
151415,8,8,direct
151415,23,23,direct
151430,2,2,direct
151464,3,3,direct
151464,22,22,direct
151464,98,98,direct
151486,2,2,direct
151486,7,7,direct
151486,22,22,direct
151486,103,103,direct
151486,362,362,direct
151488,2,2,direct
151488,111,111,direct
151488,221,221,direct
151494,1,1,direct
151494,4,4,direct
151494,136,136,direct
151529,6,6,direct
151529,11,11,direct
151529,83,83,direct
151640,7,7,direct
151655,2,2,direct
151655,18,18,direct
151655,109,109,direct
151670,1,1,direct
151670,3,3,direct
151670,4,204,ancestor
151670,17,17,direct
151670,204,204,direct
151707,1,1,direct
151707,68,68,direct
151719,11,11,direct
151720,3,3,direct
151720,24,589,ancestor
151720,589,589,direct
151728,1,1,direct
151728,2,2,direct
151728,3,3,direct
151728,9,9,direct
151767,68,68,direct
151797,1,1,direct
151797,7,7,direct
151816,59,59,direct
151862,8,8,direct
151862,11,11,direct
151862,27,27,direct
151862,49,49,direct
151911,1,1,direct
151911,2,2,direct
151911,84,84,direct
151919,7,7,direct
151919,14,14,direct
151935,1,1,direct
151935,103,103,direct
151943,4,4,direct
151943,18,18,direct
151943,63,63,direct
151972,2,2,direct
151972,3,3,direct
152028,11,11,direct
152028,80,80,direct
152028,340,340,direct
152035,20,20,direct
152035,64,64,direct
152135,5,5,direct
152135,6,6,direct
152135,8,155,ancestor
152135,11,11,direct
152135,155,155,direct
152147,4,37,ancestor
152147,7,7,direct
152147,37,37,direct
152147,67,67,direct
152165,1,1,direct
152165,2,2,direct
152165,3,3,direct
152165,110,110,direct
152170,14,14,direct
152170,29,29,direct
152170,33,33,direct
152170,369,369,direct
152170,590,369,ancestor
152173,20,20,direct
152173,30,30,direct
152173,38,38,direct
152173,100,100,direct
152173,107,107,direct
152173,119,119,direct
152173,127,127,direct
152173,128,128,direct
152173,207,207,direct
152173,267,267,direct
152173,298,298,direct
152194,1,1,direct
152194,2,2,direct
152194,3,3,direct
152194,4,4,direct
152194,91,91,direct
152194,110,110,direct
152195,2,2,direct
152195,3,3,direct
152195,11,11,direct
152195,293,293,direct
152211,1,1,direct
152211,3,3,direct
152211,4,4,direct
152211,7,7,direct
152214,4,4,direct
152214,29,29,direct
152214,33,33,direct
152228,3,3,direct
152228,292,292,direct
152296,2,2,direct
152296,3,3,direct
152296,24,71,ancestor
152296,71,71,direct
152330,1,1,split
152330,2,2,direct
152330,3,3,split
152348,24,589,ancestor
152348,589,589,direct
152357,6,6,direct
152357,30,30,direct
152357,99,99,direct
152357,159,159,direct
152359,2,2,direct
152359,3,3,direct
152359,31,31,direct
152478,1,1,split
152478,2,2,split
152478,3,3,split
152478,106,106,direct
152517,7,7,direct
152543,1,1,direct
152543,2,2,direct
152543,590,590,direct
152569,11,11,direct
152569,12,12,direct
152569,110,110,direct
152670,1,1,direct
152670,2,2,direct
152670,3,3,direct
152672,2,2,direct
152672,76,76,direct
152690,1,1,direct
152690,2,2,direct
152690,9,9,direct
152692,2,2,direct
152692,4,4,direct
152692,83,83,direct
152718,2,2,direct
152718,7,7,direct
152718,16,16,direct
152718,23,23,direct
152755,5,5,direct
152755,57,57,direct
152755,145,145,direct
152761,1,1,direct
152761,3,3,direct
152761,7,7,direct
152761,18,18,direct
152787,1,1,direct
152787,7,7,direct
152787,23,23,direct
152787,27,27,direct
152787,28,28,direct
152828,3,3,direct
152869,8,8,direct
152869,145,145,direct
152906,3,3,direct
152906,7,7,direct
152906,14,14,direct
152928,1,1,direct
152928,5,5,direct
152952,6,6,direct
152953,2,2,direct
152953,474,474,direct
152997,4,4,direct
153033,7,7,direct
153036,1,1,direct
153054,19,19,direct
153054,41,41,direct
153054,590,41,ancestor
153074,2,2,direct
153074,3,3,direct
153074,5,5,direct
153074,46,46,direct
153074,50,50,direct
153074,79,79,direct
153074,111,111,direct
153104,3,3,direct
153104,29,29,direct
153104,58,58,direct
153104,115,115,direct
153106,2,2,direct
153106,7,7,direct
153106,91,91,direct
153107,1,1,direct
153107,3,3,direct
153107,4,4,direct
153125,2,2,direct
153125,4,10,ancestor
153125,10,10,direct
153159,1,1,direct
153159,3,3,direct
153159,54,54,direct
153159,80,80,direct
153168,4,4,direct
153168,44,44,direct
153249,1,1,direct
153249,2,2,direct
153249,3,3,direct
153249,91,91,direct
153249,126,126,direct
153258,2,2,direct
153258,70,70,direct
153260,1,1,direct
153260,7,7,direct
153260,265,265,direct
153273,1,1,direct
153273,5,5,direct
153273,7,7,direct
153273,8,8,direct
153273,138,138,direct
153273,222,222,direct
153282,6,6,direct
153282,11,11,direct
153303,29,29,direct
153303,33,33,direct
153303,40,40,direct
153313,80,80,direct
153313,109,109,direct
153347,2,2,direct
153347,3,3,direct
153347,4,10,ancestor
153347,10,10,direct
153365,3,3,direct
153365,11,11,direct
153365,221,221,direct
153391,1,1,direct
153391,3,3,direct
153391,4,204,ancestor
153391,16,16,direct
153391,204,204,direct
153395,3,3,direct
153395,7,7,direct
153395,68,68,direct
153413,29,29,direct
153413,41,41,direct
153413,590,41,ancestor
153421,2,2,direct
153421,48,48,direct
153443,2,2,direct
153443,4,4,direct
153443,11,11,direct
153443,231,231,direct
153443,258,258,direct
153444,1,1,direct
153444,3,3,direct
153444,8,8,direct
153444,26,26,direct
153445,2,2,direct
153451,11,11,direct
153451,24,71,ancestor
153451,71,71,direct
153467,1,1,direct
153467,7,7,direct
153467,19,19,direct
153516,5,5,direct
153516,7,7,direct
153618,4,37,ancestor
153618,37,37,direct
153618,80,80,direct
153618,91,91,direct
153638,2,2,direct
153638,109,109,direct
153665,234,234,direct
153665,590,234,ancestor
153690,2,2,direct
153690,16,16,direct
153690,68,68,direct
153710,2,2,direct
153710,254,254,direct
153735,1,1,direct
153742,1,1,direct
153742,3,3,direct
153742,12,12,direct
153742,29,29,direct
153766,1,1,split
153766,2,2,split
153766,3,3,split
153766,5,5,direct
153766,6,6,direct
153766,8,8,direct
153766,12,12,direct
153766,14,14,direct
153784,4,4,direct
153804,2,2,direct
153804,3,3,direct
153804,17,17,direct
153804,383,383,direct
153827,2,2,direct
153827,6,6,direct
153827,12,12,direct
153836,4,4,direct
153865,2,2,direct
153865,4,203,ancestor
153865,53,53,direct
153865,203,203,direct
153867,1,1,direct
153867,2,2,direct
153867,12,12,direct
153867,14,14,direct
153867,136,136,direct
153873,2,2,direct
153873,12,12,direct
153873,18,18,direct
153873,24,589,ancestor
153873,227,227,direct
153873,589,589,direct
153903,3,3,direct
153903,24,24,direct
153909,1,1,direct
153909,2,2,direct
153909,3,3,direct
153909,8,82,ancestor
153909,59,59,direct
153909,82,82,direct
153910,5,5,direct
153910,6,6,direct
153910,12,12,direct
153910,14,14,direct
153920,1,1,direct
153920,2,2,direct
153920,590,590,direct
153924,2,2,direct
153924,7,7,direct
153924,13,13,direct
153924,29,29,direct
153924,395,395,direct
153943,1,1,direct
153943,3,3,direct
153943,29,29,direct
153966,11,11,direct
153966,52,52,direct
153966,98,98,direct
153997,2,2,direct
153997,8,8,direct
153997,218,218,direct
154006,1,1,split
154006,3,3,split
154006,11,11,split
154006,49,49,split
154006,221,221,direct
154037,80,80,direct
154041,12,12,direct
154041,24,589,ancestor
154041,589,589,direct
154091,337,337,direct
154115,3,3,direct
154115,11,11,split
154115,15,15,direct
154115,24,15,ancestor
154115,49,49,split
154119,1,1,split
154119,2,2,split
154119,3,3,split
154119,18,18,direct
154119,123,123,direct
154164,2,2,direct
154164,3,3,direct
154164,109,109,direct
154166,1,1,direct
154166,2,2,direct
154166,3,3,direct
154166,23,23,direct
154166,24,24,direct
154166,198,198,direct
154169,1,1,direct
154181,1,1,direct
154181,2,2,direct
154181,3,3,direct
154181,383,383,direct
154188,8,152,ancestor
154188,152,152,direct
154192,5,5,direct
154192,9,9,direct
154192,46,46,direct
154192,66,66,direct
154231,18,18,direct
154231,221,221,direct
154242,1,1,direct
154242,3,3,direct
154242,14,14,direct
154242,46,46,direct
154242,66,66,direct
154242,70,70,direct
154245,1,1,split
154245,2,2,split
154245,3,3,split
154245,6,6,direct
154245,12,12,direct
154245,84,84,direct
154248,4,37,ancestor
154248,5,5,direct
154248,37,37,direct
154248,76,76,direct
154249,1,1,direct
154249,2,2,direct
154249,3,3,direct
154249,4,10,ancestor
154249,10,10,direct
154249,84,84,direct
154259,3,3,direct
154259,8,82,ancestor
154259,12,12,direct
154259,82,82,direct
154267,1,1,direct
154267,2,2,direct
154267,3,3,direct
154267,88,88,direct
154276,1,1,direct
154276,3,3,direct
154276,11,11,direct
154276,20,20,direct
154276,23,23,direct
154276,49,49,direct
154278,6,6,direct
154278,31,31,direct
154335,1,1,direct
154335,2,2,direct
154335,3,3,direct
154341,457,457,direct
154368,2,2,direct
154368,6,6,direct
154368,24,71,ancestor
154368,28,28,direct
154368,71,71,direct
154368,590,590,direct
154372,1,1,direct
154372,2,2,direct
154372,3,3,direct
154372,46,46,direct
154372,91,91,direct
154380,1,1,direct
154380,2,2,direct
154380,12,12,direct
154380,23,23,direct
154474,1,1,direct
154474,7,7,direct
154530,14,14,direct
154564,2,2,direct
154564,9,9,direct
154564,11,11,direct
154564,110,110,direct
154568,6,6,direct
154568,12,12,direct
154568,23,23,direct
154568,24,71,ancestor
154568,71,71,direct
154568,589,589,direct
154609,2,2,direct
154609,27,27,direct
154609,590,590,direct
154626,2,2,direct
154626,3,3,direct
154626,24,589,ancestor
154626,589,589,direct
154649,14,14,direct
154649,85,85,direct
154650,2,2,direct
154691,2,2,direct
154691,3,3,direct
154691,24,589,ancestor
154691,93,93,direct
154691,589,589,direct
154717,1,1,direct
154717,2,2,direct
154717,3,3,direct
154717,52,52,direct
154717,79,79,direct
154720,1,1,direct
154720,4,4,direct
154720,7,7,direct
154720,11,11,direct
154736,7,7,direct
154741,1,1,direct
154741,3,3,direct
154741,41,41,direct
154741,60,60,direct
154741,590,41,ancestor
154759,1,1,direct
154759,3,3,direct
154759,14,14,direct
154759,36,36,direct
154759,46,46,direct
154759,167,167,direct
154761,1,1,direct
154761,2,2,direct
154761,8,8,direct
154761,27,27,direct
154761,123,123,direct
154774,2,2,direct
154774,254,254,direct
154900,69,69,direct
154900,236,236,direct
154905,1,1,split
154905,2,2,split
154905,3,3,split
154905,11,11,direct
154905,74,74,direct
154921,2,2,direct
154921,136,136,direct
154925,1,1,split
154925,2,2,split
154925,3,3,split
154925,27,27,direct
154928,2,2,direct
154928,110,110,direct
154941,1,1,direct
154941,59,59,direct
154944,2,2,direct
154944,108,108,direct
154987,3,3,direct
154987,22,22,direct
154992,1,1,direct
154992,16,16,direct
154992,17,17,direct
155063,3,3,direct
155063,6,6,direct
155063,8,82,ancestor
155063,82,82,direct
155079,2,2,direct
155079,3,3,direct
155079,91,91,direct
155087,1,1,direct
155087,2,2,direct
155087,3,3,direct
155087,5,5,direct
155087,9,9,direct
155087,49,49,direct
155087,488,488,direct
155097,5,5,direct
155097,53,53,direct
155098,3,3,direct
155098,7,7,direct
155098,19,19,direct
155105,2,2,direct
155105,3,3,direct
155105,8,8,direct
155105,27,27,direct
155105,49,49,direct
155114,24,105,ancestor
155114,71,105,ancestor
155114,105,105,direct
155128,40,40,direct
155167,7,7,direct
155167,65,65,direct
155170,2,2,direct
155170,11,11,direct
155170,362,362,direct
155179,2,2,direct
155179,3,3,direct
155211,1,1,direct
155211,2,2,direct
155211,3,3,direct
155211,4,10,ancestor
155211,10,10,direct
155211,50,50,direct
155238,1,1,direct
155238,9,9,direct
155272,2,2,direct
155272,4,4,direct
155272,151,151,direct
155284,9,9,direct
155284,70,70,direct
155284,133,133,direct
155298,1,1,direct
155298,2,2,direct
155298,14,14,direct
155304,2,2,direct
155304,3,3,direct
155304,7,7,direct
155304,46,46,direct
155304,48,48,direct
155372,1,1,direct
155372,3,3,direct
155372,8,82,ancestor
155372,63,63,direct
155372,82,82,direct
155378,1,1,direct
155378,2,2,direct
155378,11,11,direct
155399,2,2,direct
155399,109,109,direct
155408,7,7,direct
155452,2,2,direct
155452,5,5,direct
155511,1,1,direct
155511,2,2,direct
155511,9,9,direct
155511,16,16,direct
155511,26,26,direct
155512,3,3,direct
155512,23,23,direct
155512,181,181,direct
155527,52,52,direct
155537,7,7,direct
155537,16,16,direct
155554,1,1,split
155554,2,2,direct
155554,9,9,split
155554,18,18,direct
155554,342,342,direct
155569,2,2,direct
155569,193,193,direct
155569,590,590,direct
155577,2,2,direct
155577,165,165,direct
155602,1,1,direct
155610,1,1,direct
155610,3,3,direct
155622,1,1,direct
155622,5,5,direct
155622,7,7,direct
155622,23,23,direct
155629,7,7,direct
155629,29,29,direct
155629,33,33,direct
155653,3,3,direct
155653,21,21,direct
155653,57,57,direct
155653,139,139,direct
155653,169,169,direct
155684,1,1,direct
155684,3,3,direct
155684,16,16,direct
155684,24,589,ancestor
155684,36,36,direct
155684,91,91,direct
155684,589,589,direct
155698,1,1,direct
155698,3,3,direct
155698,5,5,direct
155698,7,7,direct
155698,33,33,direct
155708,284,284,direct
155743,4,37,ancestor
155743,5,5,direct
155743,7,7,direct
155743,19,19,direct
155743,33,33,direct
155743,37,37,direct
155756,17,17,direct
155756,29,29,direct
155761,1,1,direct
155761,3,3,direct
155761,21,21,direct
155761,57,57,direct
155761,58,58,direct
155770,2,2,direct
155770,3,3,direct
155770,13,13,direct
155770,24,143,ancestor
155770,143,143,direct
155774,1,1,split
155774,2,2,split
155774,3,3,split
155774,4,4,direct
155774,11,11,direct
155780,2,2,direct
155780,3,3,direct
155780,5,5,direct
155780,11,11,direct
155780,12,12,direct
155780,24,71,ancestor
155780,27,27,direct
155780,71,71,direct
155780,234,234,direct
155780,590,234,ancestor
155789,2,2,direct
155789,5,5,direct
155789,17,17,direct
155789,69,69,direct
155789,138,138,direct
155826,5,5,direct
155826,7,7,direct
155826,14,14,direct
155826,66,66,direct
155830,110,110,direct
155846,3,3,direct
155846,221,221,direct
155866,4,10,ancestor
155866,9,9,direct
155866,10,10,direct
155866,12,12,direct
155866,18,18,direct
155866,36,36,direct
155871,14,14,direct
155894,7,7,direct
155894,14,14,direct
155907,9,9,direct
155932,2,2,direct
155932,145,145,direct
155933,3,3,direct
155952,5,5,direct
155952,7,7,direct
155952,14,14,direct
156031,1,1,direct
156031,2,2,direct
156031,3,3,direct
156031,11,11,direct
156031,12,12,direct
156031,23,23,direct
156031,24,589,ancestor
156031,46,46,direct
156031,50,50,direct
156031,589,589,direct
156033,29,29,direct
156100,7,7,direct
156100,134,134,direct
156100,380,380,direct
156113,9,9,direct
156130,1,1,direct
156130,2,2,direct
156130,3,3,direct
156130,24,24,direct
156159,9,9,direct
156167,66,66,direct
156177,3,3,direct
156177,5,5,direct
156177,6,6,direct
156177,15,15,direct
156177,16,16,direct
156177,19,19,direct
156177,24,15,ancestor
156201,1,1,direct
156201,2,2,direct
156201,3,3,direct
156201,12,12,direct
156201,24,71,ancestor
156201,71,71,direct
156213,2,2,direct
156213,3,3,direct
156213,95,95,direct
156272,238,238,direct
156281,1,1,direct
156281,7,7,direct
156281,33,33,direct
156281,48,48,direct
156281,76,76,direct
156281,138,138,direct
156326,2,2,direct
156326,109,109,direct
156379,1,1,direct
156379,2,2,direct
156379,3,3,direct
156379,9,9,direct
156379,88,88,direct
156416,1,1,direct
156416,2,2,direct
156416,108,108,direct
156419,1,1,direct
156419,7,7,direct
156419,14,14,direct
156438,7,7,direct
156438,145,145,direct
156542,46,46,direct
156542,65,65,direct
156544,6,6,direct
156544,7,7,direct
156544,36,36,direct
156544,40,40,direct
156544,69,69,direct
156544,92,92,direct
156544,130,130,direct
156558,7,7,direct
156570,3,3,direct
156570,18,18,direct
156591,1,1,direct
156591,2,2,direct
156591,3,3,direct
156591,9,9,direct
156612,1,1,direct
156612,23,23,direct
156622,17,17,direct
156647,2,2,direct
156647,3,3,direct
156647,5,5,direct
156648,60,60,direct
156655,2,2,direct
156655,3,3,direct
156655,49,49,direct
156655,76,76,direct
156655,88,88,direct
156658,5,5,direct
156658,7,7,direct
156718,2,2,direct
156718,11,11,direct
156718,14,14,direct
156718,110,110,direct
156719,7,7,direct
156719,14,14,direct
156740,1,1,direct
156740,2,2,direct
156740,3,3,direct
156740,14,14,direct
156740,50,50,direct
156799,1,1,split
156799,2,2,split
156799,3,3,split
156799,6,6,direct
156799,33,33,direct
156828,2,2,direct
156828,15,15,direct
156828,24,15,ancestor
156828,313,313,direct
156829,6,6,direct
156829,27,27,direct
156829,50,50,direct
156829,118,118,direct
156839,1,1,split
156839,2,2,split
156839,12,12,direct
156839,17,17,direct
156851,2,2,direct
156851,110,110,direct
156852,2,2,direct
156852,168,168,direct
156852,370,370,direct
156888,362,362,direct
156902,2,2,direct
156902,15,15,direct
156902,24,15,ancestor
156902,53,53,direct
156950,1,1,direct
156950,2,2,direct
156950,3,3,direct
156950,9,9,direct
156950,17,17,direct
156952,2,2,direct
156952,4,4,direct
156952,18,18,direct
156958,2,2,direct
156958,3,3,direct
156958,4,10,ancestor
156958,10,10,direct
156958,17,17,direct
156964,12,12,direct
156972,1,1,direct
156972,7,7,direct
156972,29,29,direct
156976,1,1,direct
156976,2,2,direct
156976,3,3,direct
156976,24,105,ancestor
156976,71,105,ancestor
156976,105,105,direct
156980,2,2,direct
156980,3,3,direct
156980,6,6,direct
156980,33,33,direct
156980,85,85,direct
156980,344,344,direct
157009,2,2,direct
157009,3,3,direct
157009,7,7,direct
157009,8,8,direct
157009,91,91,direct
157009,115,115,direct
157027,1,1,split
157027,3,3,split
157027,4,4,direct
157027,23,23,direct
157031,24,143,ancestor
157031,93,93,direct
157031,143,143,direct
157036,1,1,direct
157036,2,2,direct
157036,3,3,direct
157045,3,3,direct
157067,2,2,direct
157067,109,109,direct
157069,2,2,direct
157069,12,12,direct
157069,14,14,direct
157072,3,3,direct
157072,8,249,ancestor
157072,249,249,direct
157116,1,1,direct
157116,2,2,direct
157116,8,8,direct
157116,9,9,direct
157116,13,13,direct
157116,20,20,direct
157116,24,24,direct
157116,27,27,direct
157116,46,46,direct
157116,88,88,direct
157116,91,91,direct
157116,168,168,direct
157116,341,341,direct
157116,590,590,direct
157122,2,2,direct
157122,104,104,direct
157147,2,2,direct
157147,6,6,direct
157147,7,7,direct
157147,148,148,direct
157177,1,1,direct
157177,3,3,direct
157177,18,18,direct
157177,156,156,direct
157183,6,6,direct
157183,8,8,direct
157183,130,130,direct
157183,327,327,direct
157194,6,6,direct
157194,9,9,direct
157194,150,150,direct
157217,1,1,direct
157217,8,8,direct
157217,52,52,direct
157222,1,1,direct
157222,2,2,direct
157222,3,3,direct
157222,21,21,direct
157222,153,153,direct
157229,4,37,ancestor
157229,11,11,direct
157229,37,37,direct
157229,52,52,direct
157255,1,1,direct
157255,6,6,direct
157255,150,150,direct
157274,1,1,direct
157274,3,3,direct
157274,4,10,ancestor
157274,10,10,direct
157274,458,458,direct
157292,1,1,direct
157292,2,2,direct
157292,3,3,direct
157292,5,5,direct
157292,6,6,direct
157292,12,12,direct
157292,23,23,direct
157292,33,33,direct
157292,106,106,direct
157292,118,118,direct
157292,208,208,direct
157293,70,70,direct
157293,95,95,direct
157314,2,2,direct
157314,6,6,direct
157314,15,15,direct
157314,24,15,ancestor
157317,3,3,direct
157317,12,12,direct
157317,24,241,ancestor
157317,36,36,direct
157317,71,241,ancestor
157317,241,241,direct
157337,1,1,split
157337,2,2,split
157337,3,3,split
157337,50,50,direct
157337,110,110,direct
157436,2,2,direct
157436,9,9,direct
157436,57,57,direct
157495,1,1,direct
157495,3,3,direct
157495,292,292,direct
157568,1,1,direct
157568,2,2,direct
157568,18,18,direct
157568,590,590,direct
157605,1,1,direct
157605,2,2,direct
157605,3,3,direct
157605,18,18,direct
157605,110,110,direct
157606,2,2,direct
157606,24,589,ancestor
157606,558,558,direct
157606,589,589,direct
157616,8,197,ancestor
157616,197,197,direct
157641,2,2,direct
157641,3,3,direct
157641,4,4,direct
157641,6,6,direct
157641,9,9,direct
157641,12,12,direct
157676,1,1,direct
157676,2,2,direct
157676,7,7,direct
157676,84,84,direct
157713,6,6,direct
157713,7,7,direct
157713,80,80,direct
157720,1,1,direct
157720,3,3,direct
157720,181,181,direct
157720,340,340,direct
157739,2,2,direct
157739,11,11,direct
157739,12,12,direct
157739,110,110,direct
157765,1,1,direct
157765,3,3,direct
157765,382,382,direct
157801,4,37,ancestor
157801,18,18,direct
157801,37,37,direct
157801,52,52,direct
157803,6,6,direct
157809,23,23,direct
157809,44,44,direct
157822,11,11,direct
157822,26,26,direct
157834,7,7,direct
157834,254,254,direct
157881,1,1,direct
157881,2,2,direct
157881,18,18,direct
157886,7,7,direct
157886,15,15,direct
157886,24,15,ancestor
157886,26,26,direct
157902,1,1,split
157902,3,3,split
157902,12,12,direct
157921,3,3,direct
157921,23,23,direct
157921,24,141,ancestor
157921,71,141,ancestor
157921,141,141,direct
157936,2,2,direct
157936,53,53,direct
157942,1,1,direct
157942,3,3,direct
158015,6,6,direct
158025,9,9,direct
158025,15,15,direct
158025,24,15,ancestor
158041,2,2,direct
158041,7,7,direct
158041,49,49,direct
158041,222,222,direct
158051,1,1,direct
158051,2,2,direct
158051,4,4,direct
158051,17,17,direct
158058,1,1,direct
158058,3,3,direct
158058,4,10,ancestor
158058,7,7,direct
158058,10,10,direct
158091,12,12,direct
158091,111,111,direct
158097,436,436,direct
158209,1,1,direct
158209,2,2,direct
158209,3,3,direct
158267,104,104,direct
158317,24,589,ancestor
158317,589,589,direct
158329,4,10,ancestor
158329,10,10,direct
158329,63,63,direct
158337,4,32,ancestor
158337,32,32,direct
158365,265,265,direct
158376,1,1,direct
158376,6,6,direct
158376,15,15,direct
158376,16,16,direct
158376,19,19,direct
158376,24,15,ancestor
158378,1,1,direct
158378,3,3,direct
158378,4,32,ancestor
158378,32,32,direct
158378,63,63,direct
158405,4,37,ancestor
158405,7,7,direct
158405,37,37,direct
158431,2,2,direct
158431,70,70,direct
158473,14,14,direct
158479,41,41,direct
158479,590,41,ancestor
158485,4,4,direct
158485,7,7,direct
158485,110,110,direct
158490,6,6,direct
158490,11,11,direct
158490,80,80,direct
158490,134,134,direct
158532,7,7,direct
158532,19,19,direct
158532,41,41,direct
158532,590,41,ancestor
158545,3,3,direct
158545,5,5,direct
158559,64,64,direct
158565,1,1,direct
158565,3,3,direct
158565,41,41,direct
158565,81,81,direct
158565,590,41,ancestor
158567,5,5,direct
158567,29,29,direct
158581,2,2,direct
158581,6,6,direct
158581,104,104,direct
158612,2,2,direct
158612,3,3,direct
158612,49,49,direct
158612,81,81,direct
158667,1,1,direct
158667,9,9,direct
158667,58,58,direct
158689,6,6,direct
158720,1,1,direct
158720,2,2,direct
158720,3,3,direct
158720,7,7,direct
158720,44,44,direct
158720,243,243,direct
158750,1,1,direct
158750,2,2,direct
158750,3,3,direct
158750,590,590,direct
158757,4,10,ancestor
158757,10,10,direct
158765,2,2,direct
158765,3,3,direct
158765,110,110,direct
158771,7,7,direct
158771,110,110,direct
158786,1,1,direct
158786,95,95,direct
158786,161,161,direct
158795,44,44,direct
158807,3,3,direct
158807,12,12,direct
158807,164,164,direct
158807,242,242,direct
158931,2,2,direct
158931,16,16,direct
158931,40,40,direct
158931,49,49,direct
158953,7,7,direct
158953,21,21,direct
159029,2,2,direct
159029,3,3,direct
159029,11,11,direct
159054,11,11,direct
159054,15,15,direct
159054,24,15,ancestor
159079,1,1,direct
159079,2,2,direct
159079,3,3,direct
159079,4,4,direct
159079,11,11,direct
159079,50,50,direct
159090,1,1,direct
159104,1,1,direct
159104,7,7,direct
159112,1,1,direct
159112,2,2,direct
159112,3,3,direct
159112,265,265,direct
159135,6,6,direct
159135,8,8,direct
159147,6,6,direct
159147,7,7,direct
159147,56,56,direct
159147,61,61,direct
159147,145,145,direct
159147,211,211,direct
159147,382,382,direct
159164,1,1,direct
159164,2,2,direct
159164,29,29,direct
159193,1,1,direct
159193,3,3,direct
159193,11,11,direct
159213,2,2,direct
159213,3,3,direct
159213,73,73,direct
159261,1,1,direct
159261,9,9,direct
159261,16,16,direct
159261,27,27,direct
159264,2,2,direct
159264,4,4,direct
159264,11,11,direct
159264,33,33,direct
159275,3,3,direct
159283,54,54,direct
159315,2,2,direct
159315,3,3,direct
159315,80,80,direct
159315,184,184,direct
159337,2,2,direct
159337,4,4,direct
159337,19,19,direct
159346,1,1,direct
159346,4,4,direct
159346,7,7,direct
159370,46,46,direct
159423,2,2,direct
159423,7,7,direct
159423,14,14,direct
159423,33,33,direct
159427,6,6,direct
159427,344,344,direct
159428,2,2,direct
159428,5,5,direct
159428,14,14,direct
159524,12,12,direct
159524,84,84,direct
159605,2,2,direct
159605,3,3,direct
159605,6,6,direct
159605,8,82,ancestor
159605,12,12,direct
159605,82,82,direct
159608,118,118,direct
159634,1,1,direct
159634,2,2,direct
159634,46,46,direct
159634,91,91,direct
159656,1,1,direct
159656,2,2,direct
159658,1,1,direct
159658,3,3,direct
159658,16,16,direct
159702,1,1,direct
159702,3,3,direct
159702,4,10,ancestor
159702,10,10,direct
159702,29,29,direct
159745,2,2,direct
159745,40,40,direct
159804,59,59,direct
159804,395,395,direct
159805,2,2,direct
159805,3,3,direct
159805,4,10,ancestor
159805,10,10,direct
159805,91,91,direct
159815,7,7,direct
159833,1,1,split
159833,2,2,split
159833,3,3,split
159833,9,9,direct
159833,181,181,direct
159833,230,230,direct
159840,1,1,direct
159840,2,2,direct
159840,3,3,direct
159840,19,19,direct
159861,5,5,direct
159861,11,11,direct
159861,23,23,direct
159861,24,589,ancestor
159861,81,81,direct
159861,589,589,direct
159877,1,1,direct
159877,2,2,direct
159877,3,3,direct
159877,8,8,direct
159877,9,9,direct
159877,18,18,direct
159908,2,2,direct
159908,104,104,direct
159908,175,175,direct
159910,3,3,direct
159910,9,9,direct
159933,13,13,direct
159933,131,131,direct
159933,590,590,direct
159941,2,2,direct
159941,23,23,direct
159948,3,3,direct
159948,8,8,direct
159948,9,9,direct
159948,57,57,direct
160014,5,5,direct
160014,30,30,direct
160014,104,104,direct
160014,130,130,direct
160014,590,590,direct
160030,7,7,direct
160030,44,44,direct
160056,1,1,direct
160056,2,2,direct
160056,3,3,direct
160056,44,44,direct
160056,52,52,direct
160056,234,234,direct
160056,590,234,ancestor
160078,108,108,direct
160079,3,3,direct
160079,221,221,direct
160125,2,2,direct
160125,3,3,direct
160125,4,10,ancestor
160125,10,10,direct
160125,18,18,direct
160125,44,44,direct
160152,2,2,direct
160152,7,7,direct
160172,29,29,direct
160174,2,2,direct
160174,3,3,direct
160174,4,204,ancestor
160174,204,204,direct
160175,1,1,direct
160175,3,3,direct
160175,293,293,direct
160186,1,1,direct
160186,2,2,direct
160186,3,3,direct
160186,4,10,ancestor
160186,5,5,direct
160186,10,10,direct
160186,115,115,direct
160196,2,2,direct
160196,3,3,direct
160196,4,10,ancestor
160196,10,10,direct
160236,1,1,direct
160236,3,3,direct
160236,24,589,ancestor
160236,199,199,direct
160236,589,589,direct
160246,1,1,direct
160246,2,2,direct
160246,3,3,direct
160246,24,212,ancestor
160246,83,83,direct
160246,132,132,direct
160246,212,212,direct
160258,1,1,direct
160258,3,3,direct
160258,4,10,ancestor
160258,10,10,direct
160258,169,169,direct
160275,1,1,direct
160275,2,2,direct
160275,110,110,direct
160278,14,14,direct
160278,130,130,direct
160298,1,1,direct
160298,5,5,direct
160310,4,4,direct
160310,48,48,direct
160310,220,220,direct
160315,4,4,direct
160315,23,23,direct
160318,1,1,direct
160318,2,2,direct
160318,3,3,direct
160318,4,37,ancestor
160318,37,37,direct
160318,52,52,direct
160318,138,138,direct
160318,283,283,direct
160321,2,2,direct
160321,4,4,direct
160321,11,11,direct
160324,1,1,direct
160324,2,2,direct
160324,3,3,direct
160324,292,429,ancestor
160324,429,429,direct
160341,1,1,direct
160341,2,2,direct
160342,7,7,direct
160342,48,48,direct
160343,1,1,direct
160343,2,2,direct
160343,3,3,direct
160365,2,2,direct
160365,53,53,direct
160365,91,91,direct
160399,5,5,direct
160399,48,48,direct
160420,2,2,direct
160420,3,3,direct
160420,7,7,direct
160420,222,222,direct
160540,2,2,direct
160540,254,254,direct
160586,6,6,direct
160586,24,589,ancestor
160586,589,589,direct
160609,377,377,direct
160610,2,2,direct
160632,2,2,direct
160632,3,3,direct
160632,12,12,direct
160632,322,322,direct
160649,2,2,direct
160649,19,19,direct
160649,91,91,direct
160655,59,59,direct
160708,2,2,direct
160708,3,3,direct
160708,17,17,direct
160708,80,80,direct
160708,184,184,direct
160715,4,4,direct
160740,1,1,split
160740,2,2,split
160740,3,3,split
160740,4,4,direct
160740,515,515,direct
160747,1,1,direct
160747,181,181,direct
160758,2,2,direct
160764,1,1,direct
160764,2,2,direct
160764,562,562,direct
160770,1,1,direct
160770,2,2,direct
160770,3,3,direct
160770,12,12,direct
160779,2,2,direct
160779,8,8,direct
160779,27,27,direct
160782,1,1,direct
160782,3,3,direct
160782,4,10,ancestor
160782,10,10,direct
160782,74,74,direct
160782,111,111,direct
160782,138,138,direct
160790,145,145,direct
160820,2,2,direct
160820,3,3,direct
160820,383,383,direct
160912,21,21,direct
160912,64,64,direct
160917,6,6,direct
160917,8,8,direct
160917,12,12,direct
160918,1,1,split
160918,2,2,split
160918,3,3,split
160918,8,8,direct
160918,91,91,direct
160934,2,2,direct
160934,3,3,direct
160934,4,4,direct
160934,84,84,direct
160948,2,2,direct
160948,41,41,direct
160948,53,53,direct
160948,590,41,ancestor
160967,2,2,direct
160967,11,11,direct
160967,12,12,direct
160967,110,110,direct
160968,1,1,direct
160968,3,3,direct
160968,5,5,direct
160968,12,12,direct
160968,23,23,direct
160996,3,3,direct
160996,4,10,ancestor
160996,10,10,direct
160996,169,169,direct
160997,548,548,direct
161020,1,1,direct
161020,12,12,direct
161035,2,2,direct
161035,4,4,direct
161038,1,1,direct
161038,2,2,direct
161038,4,4,direct
161038,12,12,direct
161048,3,3,direct
161048,5,5,direct
161048,6,6,direct
161048,11,11,direct
161048,65,65,direct
161055,1,1,direct
161055,173,173,direct
161055,277,277,direct
161055,292,277,ancestor
161080,1,1,direct
161080,2,2,direct
161080,3,3,direct
161080,4,4,direct
161080,11,11,direct
161088,5,5,direct
161114,3,3,direct
161114,46,46,direct
161114,81,81,direct
161114,269,269,direct
161157,1,1,direct
161157,3,3,direct
161157,208,208,direct
161157,309,309,direct
161162,46,46,direct
161164,1,1,direct
161164,2,2,direct
161164,3,3,direct
161164,8,82,ancestor
161164,9,9,direct
161164,59,59,direct
161164,82,82,direct
161165,14,14,direct
161165,98,98,direct
161169,1,1,direct
161169,24,589,ancestor
161169,282,282,direct
161169,589,589,direct
161199,11,11,direct
161199,321,321,direct
161228,6,6,direct
161228,11,11,direct
161228,83,83,direct
161239,11,11,direct
161302,4,4,direct
161302,108,108,direct
161302,128,128,direct
161322,1,1,direct
161331,2,2,direct
161331,4,4,direct
161331,227,227,direct
161374,1,1,split
161374,2,2,split
161374,3,3,split
161374,4,4,direct
161394,1,1,direct
161394,2,2,direct
161394,3,3,direct
161396,5,5,direct
161396,6,6,direct
161396,8,8,direct
161396,11,11,direct
161408,1,1,direct
161408,3,3,direct
161408,126,126,direct
161432,3,3,direct
161441,2,2,direct
161451,83,83,direct
161461,1,1,direct
161461,108,108,direct
161478,3,3,direct
161478,4,4,direct
161478,57,57,direct
161478,108,108,direct
161479,1,1,split
161479,3,3,split
161479,24,589,ancestor
161479,26,26,direct
161479,589,589,direct
161491,1,1,direct
161491,7,7,direct
161491,14,14,direct
161491,46,46,direct
161491,75,75,direct
161507,2,2,direct
161507,103,103,direct
161507,104,104,direct
161508,2,2,direct
161526,3,3,direct
161526,8,82,ancestor
161526,59,59,direct
161526,82,82,direct
161541,2,2,direct
161541,69,69,direct
161555,58,58,direct
161572,1,1,direct
161572,2,2,direct
161572,3,3,direct
161572,70,70,direct
161572,126,126,direct
161576,5,5,direct
161576,6,6,direct
161576,12,12,direct
161576,24,24,direct
161576,74,74,direct
161576,299,299,direct
161578,2,2,direct
161578,265,265,direct
161603,2,2,direct
161603,4,10,ancestor
161603,10,10,direct
161603,48,48,direct
161603,95,95,direct
161608,7,7,direct
161674,2,2,direct
161674,3,3,direct
161674,4,37,ancestor
161674,37,37,direct
161687,14,14,direct
161687,66,66,direct
161691,6,6,direct
161691,7,7,direct
161691,11,11,direct
161691,33,33,direct
161715,6,6,direct
161715,53,53,direct
161763,5,5,direct
161763,7,7,direct
161763,29,29,direct
161794,2,2,direct
161794,53,53,direct
161813,1,1,direct
161813,3,3,direct
161813,8,82,ancestor
161813,12,12,direct
161813,14,14,direct
161813,82,82,direct
161815,2,2,direct
161815,3,3,direct
161815,24,589,ancestor
161815,129,129,direct
161815,589,589,direct
161833,1,1,direct
161833,2,2,direct
161833,3,3,direct
161833,91,91,direct
161833,590,590,direct
161899,2,2,direct
161899,23,23,direct
161926,3,3,direct
161926,6,6,direct
161926,8,8,direct
161926,12,12,direct
161941,3,3,direct
161941,9,9,direct
161941,88,88,direct
161941,108,108,direct
161965,3,3,direct
161965,4,204,ancestor
161965,21,21,direct
161965,57,57,direct
161965,87,87,direct
161965,204,204,direct
161999,1,1,direct
161999,2,2,direct
161999,12,12,direct
161999,14,14,direct
162001,2,2,direct
162001,12,12,direct
162001,110,110,direct
162040,1,1,direct
162040,2,2,direct
162040,3,3,direct
162040,13,13,direct
162040,108,108,direct
162051,1,1,direct
162051,2,2,direct
162051,49,49,direct
162051,169,169,direct
162052,1,1,split
162052,2,2,split
162052,3,3,split
162052,344,344,direct
162054,2,2,direct
162054,142,142,direct
162067,1,1,direct
162067,7,7,direct
162067,14,14,direct
162077,14,14,direct
162077,46,46,direct
162077,98,98,direct
162082,2,2,direct
162082,3,3,direct
162082,5,5,direct
162082,6,6,direct
162082,11,11,direct
162082,12,12,direct
162110,2,2,direct
162110,3,3,direct
162126,2,2,direct
162126,3,3,direct
162126,9,9,direct
162126,50,50,direct
162132,1,1,direct
162132,7,7,direct
162132,118,118,direct
162165,7,7,direct
162165,53,53,direct
162165,132,132,direct
162165,590,590,direct
162171,1,1,direct
162171,2,2,direct
162174,3,3,direct
162223,1,1,direct
162223,3,3,direct
162223,64,64,direct
162223,246,246,direct
162272,1,1,direct
162272,2,2,direct
162272,3,3,direct
162272,76,76,direct
162275,7,7,direct
162286,3,3,direct
162286,14,14,direct
162286,27,27,direct
162308,1,1,direct
162308,2,2,direct
162308,9,9,direct
162383,2,2,direct
162383,4,4,direct
162383,19,19,direct
162407,1,1,direct
162407,7,7,direct
162407,14,14,direct
162412,3,3,direct
162412,347,347,direct
162413,1,1,split
162413,2,2,split
162413,3,3,split
162413,182,182,direct
162472,3,3,direct
162472,221,221,direct
162518,2,2,direct
162518,50,50,direct
162518,114,114,direct
162518,236,236,direct
162518,256,256,direct
162537,2,2,direct
162537,3,3,direct
162537,8,155,ancestor
162537,18,18,direct
162537,155,155,direct
162543,1,1,direct
162543,2,2,direct
162543,3,3,direct
162543,9,9,direct
162543,15,15,direct
162543,24,15,ancestor
162543,26,26,direct
162552,11,11,direct
162552,24,589,ancestor
162552,93,93,direct
162552,589,589,direct
162555,2,2,direct
162555,3,3,direct
162555,49,49,direct
162555,110,110,direct
162577,44,44,direct
162582,2,2,direct
162582,3,3,direct
162582,5,5,direct
162582,8,8,direct
162582,49,49,direct
162617,1,1,direct
162617,2,2,direct
162617,14,14,direct
162649,1,1,direct
162649,243,243,direct
162677,1,1,direct
162677,2,2,direct
162677,3,3,direct
162677,4,10,ancestor
162677,10,10,direct
162683,88,88,direct
162683,254,254,direct
162699,1,1,direct
162699,2,2,direct
162699,3,3,direct
162699,23,23,direct
162699,24,105,ancestor
162699,71,105,ancestor
162699,105,105,direct
162705,1,1,direct
162705,68,68,direct
162705,108,108,direct
162715,2,2,direct
162715,3,3,direct
162715,83,83,direct
162715,118,118,direct
162734,1,1,direct
162734,7,7,direct
162734,40,40,direct
162771,2,2,direct
162771,11,11,direct
162784,2,2,direct
162784,3,3,direct
162800,2,2,direct
162800,19,19,direct
162811,1,1,direct
162811,2,2,direct
162811,3,3,direct
162817,2,2,direct
162817,168,168,direct
162819,1,1,direct
162819,4,10,ancestor
162819,10,10,direct
162838,110,110,direct
162853,4,37,ancestor
162853,5,5,direct
162853,11,11,direct
162853,37,37,direct
162870,2,2,direct
162870,84,84,direct
162879,11,11,direct
162884,231,231,direct
162961,11,11,direct
162966,1,1,direct
162966,4,4,direct
162966,228,228,direct
162971,3,3,direct
162971,6,6,direct
162971,9,9,direct
162971,15,15,direct
162971,19,19,direct
162971,24,15,ancestor
162971,46,46,direct
162971,91,91,direct
163009,1,1,direct
163009,12,12,direct
163009,27,27,direct
163055,3,3,direct
163055,6,6,direct
163055,7,7,direct
163055,222,222,direct
163067,1,1,direct
163067,2,2,direct
163067,3,3,direct
163067,4,10,ancestor
163067,5,5,direct
163067,10,10,direct
163111,6,6,direct
163111,27,27,direct
163157,2,2,direct
163157,12,12,direct
163157,15,15,direct
163157,24,15,ancestor
163181,1,1,direct
163181,3,3,direct
163181,8,197,ancestor
163181,26,26,direct
163181,27,27,direct
163181,197,197,direct
163199,48,48,direct
163207,7,7,direct
163223,34,34,direct
163223,85,85,direct
163223,117,117,direct
163231,2,2,direct
163231,31,31,direct
163274,41,41,direct
163274,590,41,ancestor
163307,12,12,direct
163345,1,1,direct
163345,2,2,direct
163345,18,18,direct
163352,47,47,direct
163352,128,128,direct
163352,195,195,direct
163357,2,2,direct
163357,14,14,direct
163357,133,133,direct
163379,21,21,direct
163379,24,216,ancestor
163379,107,107,direct
163379,146,146,direct
163379,216,216,direct
163379,448,448,direct
163431,1,1,direct
163431,7,7,direct
163431,14,14,direct
163440,1,1,direct
163440,4,4,direct
163440,221,221,direct
163456,2,2,direct
163456,3,3,direct
163456,46,46,direct
163456,92,92,direct
163456,178,178,direct
163505,20,20,direct
163505,127,127,direct
163505,144,144,direct
163515,8,197,ancestor
163515,197,197,direct
163534,2,2,direct
163534,23,23,direct
163566,6,6,direct
163566,27,27,direct
163570,2,2,direct
163570,6,6,direct
163570,362,362,direct
163593,156,156,direct
163609,17,17,direct
163609,590,590,direct
163610,577,577,direct
163622,2,2,direct
163622,9,9,direct
163622,11,11,split
163622,24,24,direct
163622,49,49,split
163622,95,95,direct
163636,1,1,direct
163636,2,2,direct
163636,3,3,direct
163689,1,1,direct
163689,2,2,direct
163689,7,7,direct
163689,14,14,direct
163690,6,6,direct
163690,7,7,direct
163690,11,11,direct
163693,1,1,direct
163693,2,2,direct
163693,33,33,direct
163720,2,2,direct
163720,3,3,direct
163720,14,14,direct
163720,221,221,direct
163722,3,3,direct
163722,4,10,ancestor
163722,10,10,direct
163722,118,118,direct
163751,1,1,direct
163751,3,3,direct
163751,110,110,direct
163756,3,3,direct
163756,50,50,direct
163756,115,115,direct
163760,2,2,direct
163760,7,7,direct
163760,18,18,direct
163760,48,48,direct
163760,138,138,direct
163763,2,2,direct
163763,70,70,direct
163808,1,1,direct
163808,3,3,direct
163808,4,4,direct
163808,7,7,direct
163808,24,24,direct
163808,33,33,direct
163808,41,41,direct
163808,93,93,direct
163808,590,41,ancestor
163830,80,80,direct
163840,2,2,direct
163840,340,340,direct
163840,367,367,direct
163845,27,27,direct
163845,115,115,direct
163845,130,130,direct
163852,1,1,direct
163852,2,2,direct
163852,3,3,direct
163852,11,11,direct
163852,36,36,direct
163852,74,74,direct
163852,114,114,direct
163860,1,1,direct
163860,452,452,direct
163867,14,14,direct
163870,2,2,direct
163870,3,3,direct
163870,7,7,direct
163870,11,11,direct
163870,17,17,direct
163874,1,1,split
163874,2,2,split
163874,3,3,split
163874,103,103,direct
163916,24,71,ancestor
163916,71,71,direct
163934,1,1,direct
163934,2,2,direct
163934,3,3,direct
163934,8,152,ancestor
163934,52,52,direct
163934,152,152,direct
163942,2,2,direct
163942,31,31,direct
163964,1,1,direct
163964,3,3,direct
163999,1,1,direct
163999,3,3,direct
163999,24,143,ancestor
163999,143,143,direct
164017,2,2,direct
164017,3,3,direct
164017,23,23,direct
164017,46,46,direct
164017,66,66,direct
164017,91,91,direct
164017,92,92,direct
164057,2,2,direct
164057,5,5,direct
164057,7,7,direct
164057,14,14,direct
164057,74,74,direct
164057,129,129,direct
164074,1,1,direct
164074,2,2,direct
164074,46,46,direct
164074,590,590,direct
164079,6,6,direct
164079,96,96,direct
164092,1,1,direct
164092,2,2,direct
164092,3,3,direct
164092,8,82,ancestor
164092,59,59,direct
164092,82,82,direct
164107,8,8,direct
164139,4,4,direct
164139,7,7,direct
164139,29,29,direct
164139,138,138,direct
164144,2,2,direct
164144,3,3,direct
164161,6,6,direct
164161,109,109,direct
164175,8,152,ancestor
164175,52,52,direct
164175,152,152,direct
164242,2,2,direct
164242,18,18,direct
164242,69,69,direct
164245,1,1,direct
164245,2,2,direct
164245,3,3,direct
164245,9,9,direct
164245,12,12,direct
164245,18,18,direct
164245,23,23,direct
164245,24,105,ancestor
164245,71,105,ancestor
164245,105,105,direct
164338,1,1,direct
164338,2,2,direct
164338,3,3,direct
164338,11,11,direct
164338,330,330,direct
164338,590,330,ancestor
164347,3,3,direct
164347,57,57,direct
164348,5,5,direct
164348,6,6,direct
164348,103,103,direct
164348,321,321,direct
164352,1,1,direct
164352,145,145,direct
164352,220,220,direct
164356,1,1,direct
164356,3,3,direct
164360,2,2,direct
164360,81,81,direct
164360,229,229,direct
164429,2,2,direct
164429,3,3,direct
164429,7,7,direct
164429,8,8,direct
164429,14,14,direct
164429,19,19,direct
164440,2,2,direct
164440,6,6,direct
164440,12,12,direct
164442,1,1,direct
164442,3,3,direct
164442,186,186,direct
164459,1,1,direct
164459,7,7,direct
164491,2,2,direct
164491,4,4,direct
164497,3,3,direct
164497,4,4,direct
164504,1,1,direct
164504,129,129,direct
164565,41,41,direct
164565,590,41,ancestor
164601,1,1,direct
164601,40,40,direct
164601,239,239,direct
164601,322,322,direct
164602,4,4,direct
164602,7,7,direct
164602,33,33,direct
164684,7,7,direct
164769,5,5,direct
164769,11,11,direct
164769,49,49,direct
164769,83,83,direct
164775,4,10,ancestor
164775,10,10,direct
164775,12,12,direct
164775,68,68,direct
164775,87,87,direct
164776,3,3,direct
164776,24,24,direct
164831,7,7,direct
164855,7,7,direct
164855,221,221,direct
164903,1,1,direct
164903,2,2,direct
164903,7,7,direct
164923,1,1,direct
164923,2,2,direct
164923,3,3,direct
164923,9,9,direct
164923,17,17,direct
164923,206,206,direct
164936,6,6,direct
164936,23,23,direct
164936,33,33,direct
164936,40,40,direct
164936,46,46,direct
164936,48,48,direct
164936,92,92,direct
164944,1,1,direct
164944,2,2,direct
164944,3,3,direct
164944,24,589,ancestor
164944,589,589,direct
164955,1,1,direct
164955,2,2,direct
164955,3,3,direct
164969,2,2,direct
164969,114,114,direct
164969,136,136,direct
164996,2,2,direct
164996,264,264,direct
165011,3,3,direct
165011,14,14,direct
165011,27,27,direct
165018,1,1,direct
165018,3,3,direct
165018,23,23,direct
165018,33,33,direct
165018,153,153,direct
165019,5,5,direct
165039,2,2,direct
165039,11,11,direct
165067,11,11,direct
165067,19,19,direct
165073,1,1,split
165073,2,2,split
165073,3,3,split
165073,18,18,direct
165073,110,110,direct
165077,1,1,direct
165077,7,7,direct
165090,2,2,direct
165090,3,3,direct
165090,84,84,direct
165090,110,110,direct
165114,12,12,direct
165114,30,30,direct
165114,151,151,direct
165116,11,11,direct
165116,24,143,ancestor
165116,67,67,direct
165116,143,143,direct
165130,2,2,direct
165130,234,234,direct
165130,590,234,ancestor
165140,1,1,direct
165140,3,3,direct
165140,68,68,direct
165143,1,1,split
165143,2,2,split
165143,3,3,split
165143,58,140,ancestor
165143,63,63,direct
165143,140,140,direct
165204,1,1,direct
165204,4,10,ancestor
165204,10,10,direct
165204,439,439,direct
165227,1,1,direct
165227,7,7,direct
165245,1,1,split
165245,2,2,split
165245,3,3,split
165245,4,10,ancestor
165245,10,10,direct
165282,2,2,direct
165282,3,3,direct
165282,4,4,direct
165282,11,11,direct
165282,18,18,direct
165282,201,201,direct
165319,3,3,direct
165319,73,73,direct
165319,254,254,direct
165319,333,333,direct
165336,6,6,direct
165336,7,7,direct
165336,11,11,direct
165336,151,151,direct
165351,2,2,direct
165351,30,30,direct
165399,2,2,direct
165399,14,14,direct
165399,81,81,direct
165399,590,590,direct
165400,1,1,split
165400,2,2,split
165400,3,3,split
165400,15,15,direct
165400,24,15,ancestor
165400,49,49,direct
165400,129,129,direct
165407,2,2,direct
165407,11,11,direct
165407,265,265,direct
165413,2,2,direct
165413,11,11,direct
165421,2,2,direct
165421,5,5,direct
165450,1,1,direct
165450,2,2,direct
165450,3,3,direct
165462,3,3,direct
165462,27,27,direct
165462,198,198,direct
165467,1,1,direct
165467,3,3,direct
165467,63,63,direct
165470,22,22,direct
165470,24,71,ancestor
165470,71,71,direct
165480,2,2,direct
165480,53,53,direct
165533,4,10,ancestor
165533,10,10,direct
165550,2,2,direct
165550,3,3,direct
165550,5,5,direct
165550,12,12,direct
165550,24,589,ancestor
165550,129,129,direct
165550,589,589,direct
165557,35,35,direct
165557,38,38,direct
165557,102,102,direct
165557,128,128,direct
165557,229,229,direct
165572,1,1,split
165572,2,2,split
165572,3,3,split
165572,98,98,direct
165580,1,1,split
165580,2,2,split
165580,3,3,split
165580,4,4,direct
165580,5,5,direct
165641,1,1,direct
165641,3,3,direct
165641,4,10,ancestor
165641,10,10,direct
165641,17,17,direct
165641,57,57,direct
165666,2,2,direct
165666,5,5,direct
165666,93,93,direct
165668,11,11,direct
165668,12,12,direct
165668,110,110,direct
165706,3,3,direct
165706,5,5,direct
165706,11,11,direct
165706,49,49,direct
165706,171,171,direct
165721,4,125,ancestor
165721,13,13,direct
165721,125,125,direct
165721,202,202,direct
165737,1,1,direct
165737,2,2,direct
165737,3,3,direct
165737,4,4,direct
165737,52,52,direct
165737,110,110,direct
165743,1,1,direct
165743,17,17,direct
165755,2,2,direct
165755,19,19,direct
165760,2,2,direct
165760,29,29,direct
165789,1,1,split
165789,2,2,split
165789,3,3,split
165789,5,5,direct
165789,8,338,ancestor
165789,11,11,direct
165789,49,49,direct
165789,338,338,direct
165798,12,12,direct
165798,24,589,ancestor
165798,93,93,direct
165798,589,589,direct
165864,2,2,direct
165864,33,33,direct
165864,40,40,direct
165869,5,5,direct
165869,6,6,direct
165869,8,8,direct
165869,69,69,direct
165894,1,1,direct
165894,29,29,direct
165919,2,2,direct
165919,3,3,direct
165919,6,6,direct
165919,21,21,direct
165919,23,23,direct
165919,58,250,ancestor
165919,250,250,direct
165927,9,9,direct
165927,14,14,direct
165927,24,24,direct
165939,1,1,direct
165939,2,2,direct
165947,1,1,split
165947,2,2,split
165947,3,3,split
165947,11,11,direct
165947,91,91,direct
165949,11,11,direct
165952,94,94,direct
165998,31,31,direct
165998,44,44,direct
165998,209,209,direct
165999,1,1,direct
165999,3,3,direct
165999,24,24,direct
166003,2,2,direct
166003,12,12,direct
166006,2,2,direct
166006,3,3,direct
166063,284,284,direct
166109,3,3,direct
166143,1,1,direct
166143,3,3,direct
166143,283,283,direct
166202,1,1,direct
166202,2,2,direct
166202,3,3,direct
166202,7,7,direct
166202,14,14,direct
166202,19,19,direct
166202,92,92,direct
166215,1,1,direct
166215,2,2,direct
166215,3,3,direct
166215,8,8,direct
166215,18,18,direct
166215,59,59,direct
166220,7,7,direct
166220,98,98,direct
166233,1,1,split
166233,2,2,split
166233,3,3,split
166233,4,10,ancestor
166233,10,10,direct
166233,12,12,direct
166233,460,460,direct
166239,3,3,direct
166239,256,256,direct
166241,7,7,direct
166241,41,41,direct
166241,53,53,direct
166241,590,41,ancestor
166247,2,2,direct
166247,3,3,direct
166247,4,10,ancestor
166247,10,10,direct
166247,93,93,direct
166247,101,101,direct
166252,2,2,direct
166252,83,83,direct
166252,103,103,direct
166281,1,1,direct
166281,3,3,direct
166281,277,277,direct
166281,292,277,ancestor
166283,1,1,direct
166283,12,12,direct
166299,2,2,direct
166299,3,3,direct
166299,8,8,direct
166317,2,2,direct
166317,3,3,direct
166317,29,29,direct
166323,2,2,direct
166323,33,33,direct
166323,81,81,direct
166323,229,229,direct
166325,2,2,direct
166325,3,3,direct
166325,17,17,direct
166325,230,230,direct
166333,1,1,direct
166333,103,103,direct
166333,266,266,direct
166334,9,9,direct
166334,340,340,direct
166341,1,1,direct
166341,6,6,direct
166341,27,27,direct
166355,3,3,direct
166355,6,6,direct
166355,11,11,direct
166355,147,147,direct
166384,56,56,direct
166390,3,3,direct
166390,6,6,direct
166390,15,15,direct
166390,24,15,ancestor
166390,53,53,direct
166439,1,1,direct
166439,236,236,direct
166486,4,37,ancestor
166486,37,37,direct
166500,2,2,direct
166500,91,91,direct
166500,145,145,direct
166549,20,20,direct
166549,76,76,direct
166549,121,121,direct
166576,2,2,direct
166578,6,6,direct
166578,11,11,direct
166611,6,6,direct
166611,15,15,direct
166611,23,23,direct
166611,24,15,ancestor
166611,50,50,direct
166642,24,71,ancestor
166642,71,71,direct
166645,1,1,direct
166652,63,63,direct
166738,1,1,direct
166738,3,3,direct
166738,29,29,direct
166738,234,234,direct
166738,590,234,ancestor
166754,20,20,direct
166754,129,129,direct
166756,1,1,direct
166756,3,3,direct
166756,7,7,direct
166756,40,40,direct
166756,138,138,direct
166756,272,272,direct
166788,1,1,direct
166788,4,4,direct
166788,59,59,direct
166856,7,7,direct
166856,15,15,direct
166856,24,15,ancestor
166856,33,33,direct
166862,3,3,direct
166862,8,8,direct
166886,7,7,direct
166886,14,14,direct
166886,15,15,direct
166886,24,15,ancestor
166886,31,31,direct
166886,74,74,direct
166886,335,335,direct
166888,1,1,direct
166888,4,4,direct
166888,6,6,direct
166888,7,7,direct
166888,9,9,direct
166951,2,2,direct
166951,3,3,direct
166951,349,349,direct
167012,1,1,direct
167012,3,3,direct
167012,6,6,direct
167069,2,2,direct
167069,3,3,direct
167069,230,230,direct
167082,1,1,direct
167082,3,3,direct
167082,8,275,ancestor
167082,59,59,direct
167082,275,275,direct
167085,2,2,direct
167085,11,11,direct
167085,110,110,direct
167087,8,8,direct
167087,14,14,direct
167102,112,112,direct
167102,292,292,direct
167147,168,168,direct
167167,6,6,direct
167167,80,80,direct
167168,7,7,direct
167168,92,92,direct
167323,1,1,direct
167323,2,2,direct
167323,3,3,direct
167323,91,91,direct
167328,2,2,direct
167328,502,502,direct
167332,3,3,direct
167332,68,68,direct
167355,1,1,direct
167355,2,2,direct
167355,3,3,direct
167355,12,12,direct
167431,17,17,direct
167431,104,104,direct
167459,1,1,direct
167459,4,10,ancestor
167459,10,10,direct
167470,14,14,direct
167470,19,19,direct
167470,60,60,direct
167474,2,2,direct
167474,3,3,direct
167474,4,10,ancestor
167474,10,10,direct
167474,17,17,direct
167492,1,1,direct
167492,7,7,direct
167492,46,46,direct
167492,53,53,direct
167492,70,70,direct
167529,2,2,direct
167529,17,17,direct
167529,76,76,direct
167577,3,3,direct
167577,21,21,direct
167577,22,22,direct
167577,95,95,direct
167577,228,228,direct
167577,333,333,direct
167581,7,7,direct
167581,9,9,direct
167581,14,14,direct
167594,1,1,direct
167594,2,2,direct
167594,3,3,direct
167594,12,12,direct
167594,18,18,direct
167599,2,2,direct
167599,7,7,direct
167599,11,11,direct
167599,48,48,direct
167635,1,1,direct
167643,7,7,direct
167643,14,14,direct
167643,23,23,direct
167643,88,88,direct
167643,256,256,direct
167643,276,276,direct
167726,1,1,direct
167726,33,33,direct
167726,40,40,direct
167741,1,1,direct
167741,2,2,direct
167741,15,15,direct
167741,24,15,ancestor
167741,49,49,direct
167741,52,52,direct
167741,106,106,direct
167750,1,1,direct
167750,7,7,direct
167776,7,7,direct
167776,145,145,direct
167827,6,6,direct
167827,53,53,direct
167835,2,2,direct
167835,4,32,ancestor
167835,6,6,direct
167835,12,12,direct
167835,32,32,direct
167869,1,1,direct
167869,3,3,direct
167869,17,17,direct
167869,29,29,direct
167873,4,10,ancestor
167873,10,10,direct
167894,4,10,ancestor
167894,10,10,direct
167896,1,1,direct
167896,4,4,direct
167902,3,3,direct
167910,3,3,direct
167910,24,24,direct
167910,93,93,direct
167915,3,3,direct
167915,23,23,direct
167936,2,2,direct
167936,11,11,direct
167953,3,3,direct
167953,242,307,ancestor
167953,307,307,direct
167963,1,1,direct
167963,3,3,direct
167963,52,52,direct
167963,324,324,direct
168006,1,1,direct
168006,3,3,direct
168006,29,29,direct
168006,108,108,direct
168009,1,1,direct
168009,2,2,direct
168009,3,3,direct
168009,11,11,direct
168077,81,81,direct
168077,103,103,direct
168115,1,1,direct
168115,2,2,direct
168115,19,19,direct
168115,36,36,direct
168115,46,46,direct
168124,15,15,direct
168124,19,19,direct
168124,24,15,ancestor
168132,2,2,direct
168132,4,4,direct
168132,87,87,direct
168132,111,111,direct
168133,1,1,direct
168133,2,2,direct
168133,3,3,direct
168133,7,7,direct
168133,181,181,direct
168133,284,284,direct
168150,3,3,direct
168150,29,29,direct
168150,369,369,direct
168150,590,369,ancestor
168173,1,1,direct
168173,2,2,direct
168173,3,3,direct
168173,186,186,direct
168181,5,5,direct
168181,8,197,ancestor
168181,12,12,direct
168181,46,46,direct
168181,197,197,direct
168182,2,2,direct
168182,18,18,direct
168182,265,265,direct
168205,6,6,direct
168205,23,23,direct
168205,40,40,direct
168205,92,92,direct
168210,7,7,direct
168248,11,11,direct
168248,80,80,direct
168273,1,1,direct
168273,2,2,direct
168273,3,3,direct
168273,110,110,direct
168275,1,1,direct
168275,3,3,direct
168275,7,7,direct
168338,1,1,direct
168338,2,2,direct
168338,81,81,direct
168344,2,2,direct
168344,84,84,direct
168351,2,2,direct
168351,3,3,direct
168351,11,11,direct
168351,171,171,direct
168356,138,138,direct
168359,3,3,direct
168359,7,7,direct
168376,1,1,split
168376,3,3,split
168376,24,589,ancestor
168376,95,95,direct
168376,220,220,direct
168376,589,589,direct
168417,181,181,direct
168428,1,1,direct
168428,7,7,direct
168428,75,75,direct
168433,3,3,direct
168433,20,20,direct
168497,1,1,direct
168497,108,108,direct
168519,2,2,direct
168519,3,3,direct
168519,8,8,direct
168519,11,11,direct
168536,7,7,direct
168536,84,84,direct
168536,91,91,direct
168536,221,221,direct
168544,4,37,ancestor
168544,37,37,direct
168544,221,221,direct
168579,3,3,direct
168579,7,7,direct
168579,15,15,direct
168579,19,19,direct
168579,24,15,ancestor
168586,3,3,direct
168586,5,5,direct
168586,11,11,direct
168586,18,18,direct
168586,78,78,direct
168647,1,1,direct
168647,2,2,direct
168647,3,3,direct
168647,24,589,ancestor
168647,589,589,direct
168655,3,3,direct
168655,68,68,direct
168666,1,1,direct
168666,2,2,direct
168666,3,3,direct
168666,68,68,direct
168687,1,1,direct
168687,3,3,direct
168687,113,113,direct
168715,1,1,direct
168715,3,3,direct
168715,316,316,direct
168720,7,7,direct
168720,13,13,direct
168761,2,2,direct
168761,18,18,direct
168761,110,110,direct
168813,1,1,direct
168813,2,2,direct
168813,29,29,direct
168816,1,1,split
168816,2,2,split
168816,3,3,split
168816,245,245,direct
168832,1,1,direct
168832,3,3,direct
168832,20,20,direct
168832,277,277,direct
168832,292,277,ancestor
168851,2,2,direct
168851,8,8,direct
168851,95,95,direct
168851,109,109,direct
168924,3,3,direct
168924,205,205,direct
168924,292,205,ancestor
168946,69,69,direct
168954,2,2,direct
168954,3,3,direct
168965,1,1,direct
168965,2,2,direct
168965,3,3,direct
168965,11,11,direct
168965,27,27,direct
168965,36,36,direct
168965,91,91,direct
168977,14,14,direct
168977,46,46,direct
169001,3,3,direct
169004,14,14,direct
169004,23,23,direct
169004,46,46,direct
169064,7,7,direct
169064,48,48,direct
169064,92,92,direct
169065,14,14,direct
169065,254,254,direct
169107,3,3,direct
169107,11,11,direct
169107,24,24,direct
169107,50,50,direct
169107,93,93,direct
169135,2,2,direct
169135,7,7,direct
169135,337,337,direct
169181,1,1,direct
169181,2,2,direct
169181,14,14,direct
169181,208,208,direct
169196,5,5,direct
169196,12,12,direct
169196,24,71,ancestor
169196,71,71,direct
169237,1,1,direct
169237,3,3,direct
169237,409,409,direct
169275,1,1,direct
169275,6,6,direct
169275,7,7,direct
169327,2,2,direct
169327,8,8,direct
169327,9,9,direct
169327,193,193,direct
169375,5,5,direct
169375,30,30,direct
169375,41,41,direct
169375,103,103,direct
169375,590,41,ancestor
169386,26,26,direct
169389,168,168,direct
169417,2,2,direct
169417,41,41,direct
169417,104,104,direct
169417,590,41,ancestor
169425,7,7,direct
169425,361,361,direct
169438,2,2,direct
169438,3,3,direct
169438,33,33,direct
169438,79,79,direct
169450,8,8,direct
169450,265,265,direct
169458,1,1,direct
169458,2,2,direct
169458,41,41,direct
169458,108,108,direct
169458,590,41,ancestor
169462,1,1,direct
169462,2,2,direct
169462,3,3,direct
169462,4,10,ancestor
169462,10,10,direct
169462,17,17,direct
169504,3,3,direct
169511,1,1,direct
169511,3,3,direct
169511,4,4,direct
169511,14,14,direct
169511,52,52,direct
169535,2,2,direct
169535,544,544,direct
169564,1,1,direct
169564,2,2,direct
169564,3,3,direct
169564,9,9,direct
169564,11,11,direct
169564,49,49,direct
169564,88,88,direct
169604,4,10,ancestor
169604,10,10,direct
169615,3,3,direct
169615,4,4,direct
169615,7,7,direct
169615,14,14,direct
169615,33,33,direct
169615,59,59,direct
169638,6,6,direct
169638,13,13,direct
169638,65,65,direct
169642,12,12,direct
169642,69,69,direct
169642,88,88,direct
169644,2,2,direct
169644,12,12,direct
169673,7,7,direct
169673,56,56,direct
169673,63,63,direct
169673,93,93,direct
169673,184,184,direct
169701,4,4,direct
169701,33,33,direct
169703,2,2,direct
169703,4,4,direct
169703,49,49,direct
169707,1,1,direct
169707,7,7,direct
169714,2,2,direct
169714,12,12,direct
169760,1,1,direct
169760,2,2,direct
169760,3,3,direct
169760,6,6,direct
169760,49,49,direct
169760,74,74,direct
169760,497,497,direct
169776,2,2,direct
169780,1,1,direct
169780,3,3,direct
169780,590,590,direct
169801,3,3,direct
169801,4,10,ancestor
169801,10,10,direct
169801,29,29,direct
169854,1,1,direct
169904,2,2,direct
169904,3,3,direct
169904,5,5,direct
169904,8,8,direct
169904,11,11,direct
169904,33,33,direct
169904,85,85,direct
169906,3,3,direct
169906,7,7,direct
169906,14,14,direct
169906,23,23,direct
169906,40,40,direct
169906,75,75,direct
169957,1,1,direct
169957,12,12,direct
169958,7,7,direct
169958,15,15,direct
169958,24,15,ancestor
169969,9,9,direct
169969,18,18,direct
169981,2,2,direct
169981,6,6,direct
169981,11,11,direct
169981,130,130,direct
169990,1,1,split
169990,2,2,split
169990,3,3,split
169990,7,7,direct
169990,19,19,direct
169990,33,33,direct
170029,1,1,direct
170029,2,2,direct
170029,4,4,direct
170029,20,20,direct
170029,23,23,direct
170029,44,44,direct
170029,590,590,direct
170067,2,2,direct
170067,53,53,direct
170105,189,189,direct
170105,246,246,direct
170105,432,432,direct
170144,4,10,ancestor
170144,10,10,direct
170154,1,1,direct
170154,2,2,direct
170154,3,3,direct
170154,4,203,ancestor
170154,32,32,direct
170154,203,203,direct
170180,2,2,direct
170180,3,3,direct
170218,2,2,direct
170218,3,3,direct
170218,66,66,direct
170218,123,123,direct
170223,31,31,direct
170223,41,41,direct
170223,90,90,direct
170223,121,121,direct
170223,590,41,ancestor
170234,1,1,direct
170234,66,66,direct
170240,5,5,direct
170240,6,6,direct
170240,12,12,direct
170240,14,14,direct
170240,106,106,direct
170271,20,20,direct
170284,1,1,direct
170284,2,2,direct
170284,9,9,direct
170284,24,24,direct
170284,80,80,direct
170294,2,2,direct
170294,98,98,direct
170298,1,1,direct
170298,2,2,direct
170298,4,10,ancestor
170298,10,10,direct
170298,49,49,direct
170357,84,84,direct
170364,3,3,direct
170415,3,3,direct
170415,70,70,direct
170415,93,93,direct
170425,1,1,split
170425,3,3,split
170425,8,8,direct
170425,83,83,direct
170430,1,1,direct
170430,24,589,ancestor
170430,589,589,direct
170443,1,1,direct
170443,12,12,direct
170443,14,14,direct
170459,1,1,direct
170459,7,7,direct
170462,1,1,direct
170462,80,80,direct
170462,486,486,direct
170463,3,3,direct
170463,24,589,ancestor
170463,589,589,direct
170467,2,2,direct
170467,3,3,direct
170548,1,1,direct
170548,2,2,direct
170548,7,7,direct
170548,337,337,direct
170575,2,2,direct
170575,3,3,direct
170575,6,6,direct
170575,15,15,direct
170575,24,15,ancestor
170594,1,1,direct
170594,2,2,direct
170594,3,3,direct
170594,342,342,direct
170600,1,1,direct
170600,2,2,direct
170600,11,11,direct
170600,59,59,direct
170610,2,2,direct
170610,11,11,direct
170610,49,49,direct
170610,83,83,direct
170614,3,3,direct
170614,6,6,direct
170614,9,9,direct
170614,14,14,direct
170614,33,33,direct
170614,42,42,direct
170614,90,90,direct
170614,159,159,direct
170614,461,461,direct
170636,7,7,direct
170636,22,22,direct
170636,98,98,direct
170636,208,208,direct
170640,1,1,direct
170640,6,6,direct
170640,7,7,direct
170640,15,15,direct
170640,19,19,direct
170640,24,15,ancestor
170640,33,33,direct
170739,7,7,direct
170739,14,14,direct
170739,480,480,direct
170749,4,4,direct
170749,14,14,direct
170749,46,46,direct
170764,2,2,direct
170764,17,17,direct
170764,80,80,direct
170801,1,1,split
170801,2,2,split
170801,3,3,split
170801,9,9,direct
170801,11,11,direct
170801,12,12,direct
170897,2,2,direct
170897,48,48,direct
170906,1,1,direct
170918,1,1,direct
170918,2,2,direct
170918,3,3,direct
170918,6,6,direct
170933,1,1,direct
170933,2,2,direct
170933,3,3,direct
170933,6,6,direct
170933,12,12,direct
170933,23,23,direct
170933,24,589,ancestor
170933,278,278,direct
170933,589,589,direct
170939,2,2,direct
170939,133,133,direct
170948,4,4,direct
170948,83,83,direct
170975,14,14,direct
170975,19,19,direct
170984,4,10,ancestor
170984,10,10,direct
170984,29,29,direct
170984,88,88,direct
171022,1,1,direct
171022,7,7,direct
171034,7,7,direct
171034,20,20,direct
171034,65,65,direct
171035,2,2,direct
171035,254,254,direct
171052,4,4,direct
171052,7,7,direct
171052,9,9,direct
171052,29,29,direct
171052,41,41,direct
171052,590,41,ancestor
171060,1,1,direct
171060,3,3,direct
171060,14,14,direct
171084,3,3,direct
171084,4,10,ancestor
171084,10,10,direct
171084,14,14,direct
171086,3,3,direct
171086,33,33,direct
171117,11,11,direct
171138,3,3,direct
171138,15,15,direct
171138,24,15,ancestor
171138,60,60,direct
171163,1,1,direct
171163,2,2,direct
171163,5,5,direct
171163,23,23,direct
171192,2,2,direct
171192,3,3,direct
171205,4,4,direct
171205,5,5,direct
171205,8,8,direct
171205,74,74,direct
171205,138,138,direct
171217,1,1,split
171217,2,2,split
171217,3,3,split
171217,126,126,direct
171218,3,3,direct
171218,4,10,ancestor
171218,10,10,direct
171218,80,80,direct
171237,2,2,direct
171237,8,8,direct
171237,264,264,direct
171247,1,1,direct
171247,2,2,direct
171247,161,161,direct
171261,2,2,direct
171261,3,3,direct
171261,109,109,direct
171263,1,1,direct
171263,2,2,direct
171263,110,110,direct
171274,2,2,direct
171274,130,130,direct
171304,2,2,direct
171304,11,11,direct
171304,14,14,direct
171312,1,1,direct
171312,3,3,direct
171312,8,82,ancestor
171312,82,82,direct
171369,2,2,direct
171369,12,12,direct
171369,136,136,direct
171374,2,2,direct
171374,3,3,direct
171374,220,220,direct
171377,3,3,direct
171377,258,258,direct
171397,129,129,direct
171399,3,3,direct
171399,4,4,direct
171399,20,20,direct
171451,2,2,direct
171451,4,4,direct
171451,23,23,direct
171469,2,2,direct
171469,110,110,direct
171491,69,69,direct
171538,1,1,direct
171538,2,2,direct
171538,3,3,direct
171578,2,2,direct
171578,11,11,direct
171579,1,1,direct
171579,3,3,direct
171579,6,6,direct
171579,15,15,direct
171579,24,15,ancestor
171579,33,33,direct
171579,91,91,direct
171583,3,3,direct
171583,9,9,direct
171583,46,46,direct
171583,70,70,direct
171598,2,2,direct
171598,110,110,direct
171623,2,2,direct
171623,9,9,direct
171623,11,11,direct
171623,91,91,direct
171623,337,337,direct
171653,2,2,direct
171653,84,84,direct
171670,3,3,direct
171670,5,5,direct
171670,6,6,direct
171670,7,7,direct
171670,8,8,direct
171670,23,23,direct
171670,24,24,direct
171670,48,48,direct
171670,58,58,direct
171670,106,106,direct
171670,590,590,direct
171672,2,2,direct
171672,161,161,direct
171694,3,3,direct
171694,6,6,direct
171694,56,56,direct
171711,1,1,direct
171711,3,3,direct
171711,24,216,ancestor
171711,57,57,direct
171711,216,216,direct
171738,3,3,direct
171767,21,21,direct
171767,35,35,direct
171767,57,57,direct
171767,77,77,direct
171791,3,3,direct
171791,19,19,direct
171791,95,95,direct
171797,3,3,direct
171797,4,4,direct
171797,14,14,direct
171819,2,2,direct
171845,1,1,direct
171845,6,6,direct
171892,3,3,direct
171892,6,6,direct
171892,23,23,direct
171892,29,29,direct
171893,8,8,direct
171893,49,49,direct
171913,48,48,direct
171926,24,105,ancestor
171926,71,105,ancestor
171926,105,105,direct
171931,1,1,direct
171931,3,3,direct
171931,6,6,direct
171931,8,8,direct
171931,12,12,direct
171931,14,14,direct
171952,590,590,direct
171954,11,11,direct
171954,321,321,direct
171961,1,1,direct
171961,3,3,direct
171961,24,24,direct
171961,57,57,direct
171961,359,359,direct
171979,1,1,direct
171979,6,6,direct
171983,2,2,direct
171983,3,3,direct
171983,36,36,direct
171983,371,371,direct
172011,48,48,direct
172011,92,92,direct
172015,1,1,direct
172015,5,5,direct
172015,7,7,direct
172171,2,2,direct
172189,2,2,direct
172189,6,6,direct
172189,7,7,direct
172189,69,69,direct
172189,80,80,direct
172192,3,3,direct
172192,4,10,ancestor
172192,10,10,direct
172192,231,231,direct
172222,24,143,ancestor
172222,143,143,direct
172247,2,2,direct
172247,3,3,direct
172247,5,5,direct
172247,11,11,direct
172247,95,95,direct
172247,390,390,direct
172255,2,2,direct
172255,29,29,direct
172347,1,1,direct
172347,12,12,direct
172347,14,14,direct
172347,83,83,direct
172363,1,1,direct
172363,2,2,direct
172363,3,3,direct
172363,9,9,direct
172363,11,11,direct
172363,340,340,direct
172364,7,7,direct
172364,33,33,direct
172364,48,48,direct
172411,3,3,direct
172411,5,5,direct
172411,66,66,direct
172412,7,7,direct
172426,1,1,direct
172426,2,2,direct
172426,3,3,direct
172426,6,6,direct
172426,12,12,direct
172426,14,14,direct
172444,7,7,direct
172444,14,14,direct
172445,1,1,direct
172445,49,49,direct
172448,3,3,direct
172448,8,82,ancestor
172448,14,14,direct
172448,80,80,direct
172448,82,82,direct
172492,1,1,direct
172492,2,2,direct
172492,3,3,direct
172524,4,10,ancestor
172524,10,10,direct
172524,11,11,direct
172524,76,76,direct
172524,83,83,direct
172540,1,1,direct
172540,3,3,direct
172540,11,11,direct
172540,181,181,direct
172568,2,2,direct
172568,3,3,direct
172568,11,11,direct
172594,1,1,direct
172594,7,7,direct
172626,1,1,direct
172626,3,3,direct
172626,332,332,direct
172627,1,1,direct
172627,7,7,direct
172635,12,12,direct
172635,186,186,direct
172670,2,2,direct
172670,22,22,direct
172670,53,53,direct
172702,6,6,direct
172702,16,16,direct
172702,33,33,direct
172702,56,56,direct
172706,2,2,direct
172706,4,4,direct
172706,221,221,direct
172729,4,4,direct
172729,145,145,direct
172732,7,7,direct
172785,2,2,direct
172848,1,1,direct
172848,2,2,direct
172848,91,91,direct
172863,2,2,direct
172863,3,3,direct
172863,4,4,direct
172863,5,5,direct
172863,33,33,direct
172891,122,122,direct
172891,128,128,direct
172891,271,271,direct
172895,2,2,direct
172895,110,110,direct
172935,1,1,direct
172935,7,7,direct
172998,2,2,direct
172998,5,5,direct
172998,24,105,ancestor
172998,71,105,ancestor
172998,105,105,direct
173011,19,19,direct
173011,33,33,direct
173011,178,178,direct
173017,2,2,direct
173017,165,165,direct
173028,2,2,direct
173028,8,152,ancestor
173028,80,80,direct
173028,91,91,direct
173028,152,152,direct
173070,20,20,direct
173085,1,1,direct
173085,3,3,direct
173085,4,4,direct
173085,9,9,direct
173085,75,75,direct
173085,108,108,direct
173233,4,4,direct
173233,12,12,direct
173233,48,48,direct
173253,6,6,direct
173253,11,11,direct
173253,18,18,direct
173253,33,33,direct
173269,1,1,direct
173269,2,2,direct
173269,3,3,direct
173269,5,5,direct
173269,12,12,direct
173269,16,16,direct
173269,23,23,direct
173269,26,26,direct
173269,27,27,direct
173269,79,79,direct
173269,101,101,direct
173278,3,3,direct
173278,5,5,direct
173278,8,8,direct
173278,9,9,direct
173278,14,14,direct
173278,50,50,direct
173285,27,27,direct
173285,33,33,direct
173285,340,340,direct
173285,367,367,direct
173288,151,151,direct
173304,2,2,direct
173304,3,3,direct
173304,6,6,direct
173304,11,11,direct
173304,24,24,direct
173314,3,3,direct
173314,49,49,direct
173314,81,81,direct
173314,89,89,direct
173314,100,100,direct
173316,123,123,direct
173316,354,354,direct
173320,3,3,direct
173320,11,11,direct
173324,2,2,direct
173324,3,3,direct
173324,5,5,direct
173324,11,11,direct
173324,171,171,direct
173348,2,2,direct
173348,3,3,direct
173348,17,17,direct
173348,24,589,ancestor
173348,169,169,direct
173348,589,589,direct
173367,1,1,direct
173367,2,2,direct
173367,4,4,direct
173367,6,6,direct
173367,9,9,direct
173367,52,52,direct
173369,2,2,direct
173385,23,23,direct
173385,83,83,direct
173385,85,85,direct
173385,87,87,direct
173423,2,2,direct
173423,3,3,direct
173423,7,7,direct
173423,15,15,direct
173423,24,15,ancestor
173423,247,247,direct
173460,2,2,direct
173460,3,3,direct
173460,4,4,direct
173460,6,6,direct
173460,28,28,direct
173491,520,520,direct
173506,1,1,direct
173506,2,2,direct
173506,3,3,direct
173506,9,9,direct
173506,14,14,direct
173506,36,36,direct
173506,46,46,direct
173506,496,496,direct
173547,2,2,direct
173547,3,3,direct
173547,5,5,direct
173547,6,6,direct
173547,11,11,direct
173547,12,12,direct
173547,24,24,direct
173547,49,49,direct
173559,2,2,direct
173559,3,3,direct
173559,7,7,direct
173559,8,152,ancestor
173559,65,65,direct
173559,152,152,direct
173586,3,3,direct
173586,59,59,direct
173608,1,1,direct
173608,9,9,direct
173608,590,590,direct
173643,1,1,direct
173643,7,7,direct
173643,14,14,direct
173643,129,129,direct
173667,14,14,direct
173667,46,46,direct
173667,168,168,direct
173667,178,178,direct
173674,1,1,direct
173674,3,3,direct
173674,590,590,direct
173684,2,2,direct
173684,168,168,direct
173686,11,11,direct
173740,2,2,direct
173740,50,50,direct
173740,111,111,direct
173746,1,1,direct
173746,2,2,direct
173746,3,3,direct
173746,161,161,direct
173746,590,590,direct
173757,2,2,direct
173757,168,168,direct
173775,2,2,direct
173775,7,7,direct
173775,74,74,direct
173775,272,272,direct
173775,273,273,direct
173786,40,40,direct
173794,36,36,direct
173806,1,1,direct
173806,11,11,direct
173806,12,12,direct
173831,6,6,direct
173831,12,12,direct
173831,24,24,direct
173836,1,1,direct
173836,2,2,direct
173836,12,12,direct
173941,1,1,direct
173941,2,2,direct
173941,3,3,direct
173941,9,9,direct
173941,12,12,direct
173941,27,27,direct
173941,96,96,direct
173941,145,145,direct
173941,234,234,direct
173941,590,234,ancestor
173942,1,1,direct
173942,3,3,direct
173942,13,13,direct
173956,1,1,direct
173956,2,2,direct
173956,3,3,direct
173956,24,241,ancestor
173956,36,36,direct
173956,71,241,ancestor
173956,241,241,direct
173969,3,3,direct
173969,109,109,direct
173994,64,64,direct
173994,85,85,direct
173994,87,87,direct
174014,12,12,direct
174014,14,14,direct
174100,2,2,direct
174100,84,84,direct
174125,2,2,direct
174125,4,37,ancestor
174125,11,11,direct
174125,37,37,direct
174152,3,3,direct
174152,129,129,direct
174152,205,205,direct
174152,292,205,ancestor
174188,3,3,direct
174188,4,10,ancestor
174188,10,10,direct
174209,1,1,direct
174209,4,4,direct
174209,7,7,direct
174226,2,2,direct
174226,3,3,direct
174226,91,91,direct
174226,239,239,direct
174238,14,14,direct
174291,1,1,direct
174291,3,3,direct
174291,7,7,direct
174291,29,29,direct
174310,18,18,direct
174310,27,27,direct
174312,2,2,direct
174312,3,3,direct
174312,6,6,direct
174312,48,48,direct
174312,138,138,direct
174312,368,368,direct
174323,2,2,direct
174323,6,6,direct
174323,9,9,direct
174323,12,12,direct
174360,16,16,direct
174360,257,257,direct
174370,2,2,direct
174370,3,3,direct
174370,8,8,direct
174370,9,9,direct
174370,18,18,direct
174372,1,1,direct
174372,7,7,direct
174390,1,1,direct
174390,2,2,direct
174390,3,3,direct
174390,4,10,ancestor
174390,5,5,direct
174390,10,10,direct
174419,7,7,direct
174420,1,1,direct
174420,2,2,direct
174420,3,3,direct
174434,6,6,direct
174434,59,59,direct
174442,3,3,direct
174442,24,143,ancestor
174442,143,143,direct
174470,3,3,direct
174470,4,10,ancestor
174470,10,10,direct
174470,101,101,direct
174471,1,1,direct
174471,2,2,direct
174471,3,3,direct
174471,8,82,ancestor
174471,82,82,direct
174483,25,25,direct
174483,39,39,direct
174483,55,55,direct
174483,90,90,direct
174483,101,101,direct
174483,191,191,direct
174496,1,1,direct
174496,14,14,direct
174496,16,16,direct
174496,17,17,direct
174496,484,484,direct
174499,4,37,ancestor
174499,37,37,direct
174502,1,1,split
174502,2,2,split
174502,3,3,split
174502,184,184,direct
174538,1,1,direct
174538,3,3,direct
174538,189,189,direct
174543,30,30,direct
174576,18,18,direct
174576,33,33,direct
174592,2,2,direct
174592,142,142,direct
174607,1,1,direct
174607,2,2,direct
174607,3,3,direct
174607,4,4,direct
174607,5,5,direct
174607,6,6,direct
174607,11,11,direct
174612,4,4,direct
174612,23,23,direct
174634,2,2,direct
174634,3,3,direct
174639,1,1,direct
174639,3,3,direct
174639,5,5,direct
174639,8,8,direct
174639,12,12,direct
174727,3,3,direct
174727,9,9,direct
174727,33,33,direct
174727,46,46,direct
174727,49,49,direct
174727,108,108,direct
174739,1,1,direct
174739,3,3,direct
174739,88,88,direct
174766,1,1,direct
174766,3,3,direct
174766,4,4,direct
174766,11,11,direct
174766,33,33,direct
174769,2,2,direct
174769,3,3,direct
174769,29,29,direct
174795,3,3,direct
174819,2,2,direct
174819,12,12,direct
174819,80,80,direct
174820,6,6,direct
174820,11,11,direct
174820,12,12,direct
174820,87,87,direct
174820,288,288,direct
174838,2,2,direct
174838,83,83,direct
174847,1,1,direct
174847,2,2,direct
174847,168,168,direct
174861,3,3,direct
174861,14,14,direct
174861,41,41,direct
174861,590,41,ancestor
174864,1,1,direct
174864,17,17,direct
174874,1,1,split
174874,2,2,split
174874,3,3,split
174874,33,33,direct
174879,2,2,direct
174879,3,3,direct
174879,9,9,direct
174905,1,1,direct
174905,3,3,direct
174905,91,91,direct
174905,431,431,direct
174930,11,11,direct
174935,2,2,direct
174935,136,136,direct
174939,11,11,direct
174939,49,49,direct
174986,2,2,direct
174986,12,12,direct
175002,3,3,direct
175002,7,7,direct
175002,110,110,direct
175005,2,2,direct
175005,9,9,direct
175005,16,16,direct
175005,19,19,direct
175007,3,3,direct
175007,128,128,direct
175030,81,81,direct
175030,229,229,direct
175030,279,279,direct
175052,1,1,direct
175052,3,3,direct
175060,2,2,direct
175072,1,1,direct
175072,3,3,direct
175072,24,24,direct
175084,2,2,direct
175084,7,7,direct
175084,36,36,direct
175084,84,84,direct
175085,1,1,split
175085,2,2,split
175085,3,3,split
175085,4,10,ancestor
175085,10,10,direct
175085,12,12,direct
175085,84,84,direct
175085,110,110,direct
175088,12,12,direct
175088,14,14,direct
175096,7,7,direct
175100,19,19,direct
175157,109,109,direct
175161,1,1,direct
175175,1,1,direct
175175,12,12,direct
175198,3,3,direct
175198,6,6,direct
175198,33,33,direct
175198,63,63,direct
175198,83,83,direct
175238,1,1,direct
175238,2,2,direct
175238,6,6,direct
175238,11,11,direct
175238,23,23,direct
175245,1,1,direct
175245,2,2,direct
175245,70,70,direct
175261,3,3,direct
175261,440,440,direct
175277,1,1,direct
175277,58,140,ancestor
175277,140,140,direct
175295,6,6,direct
175295,60,60,direct
175386,1,1,direct
175386,3,3,direct
175386,23,23,direct
175386,57,57,direct
175386,333,333,direct
175387,15,15,direct
175387,24,15,ancestor
175388,2,2,direct
175388,41,41,direct
175388,104,104,direct
175388,590,41,ancestor
175390,1,1,direct
175390,3,3,direct
175390,4,4,direct
175390,20,20,direct
175390,23,23,direct
175397,2,2,direct
175397,4,10,ancestor
175397,10,10,direct
175397,130,130,direct
175406,2,2,direct
175406,44,44,direct
175412,4,37,ancestor
175412,6,6,direct
175412,19,19,direct
175412,37,37,direct
175471,6,6,direct
175471,8,8,direct
175471,12,12,direct
175471,14,14,direct
175486,334,334,direct
175502,2,2,direct
175502,109,109,direct
175502,252,252,direct
175505,2,2,direct
175505,11,11,direct
175544,2,2,direct
175544,5,5,direct
175552,1,1,direct
175552,3,3,direct
175552,7,7,direct
175552,41,41,direct
175552,104,104,direct
175552,590,41,ancestor
175586,2,2,direct
175586,5,5,direct
175586,8,8,direct
175586,11,11,direct
175586,14,14,direct
175586,27,27,direct
175586,83,83,direct
175591,6,6,direct
175591,30,30,direct
175591,60,60,direct
175591,75,75,direct
175641,1,1,direct
175641,2,2,direct
175641,103,103,direct
175641,134,134,direct
175661,15,15,direct
175661,24,15,ancestor
175661,201,201,direct
175666,4,37,ancestor
175666,37,37,direct
175666,115,115,direct
175693,1,1,direct
175693,5,5,direct
175693,7,7,direct
175693,24,589,ancestor
175693,93,93,direct
175693,589,589,direct
175728,1,1,direct
175728,2,2,direct
175728,3,3,direct
175728,11,11,direct
175728,24,24,direct
175728,49,49,direct
175728,169,169,direct
175803,6,6,direct
175803,7,7,direct
175837,1,1,direct
175837,2,2,direct
175837,4,4,direct
175837,142,142,direct
175868,1,1,direct
175868,2,2,direct
175868,3,3,direct
175868,12,12,direct
175872,1,1,direct
175872,7,7,direct
175873,201,201,direct
175875,1,1,direct
175875,3,3,direct
175875,19,19,direct
175882,2,2,direct
175882,161,161,direct
175887,2,2,direct
175887,3,3,direct
175887,17,17,direct
175892,24,71,ancestor
175892,71,71,direct
175892,228,228,direct
175906,2,2,direct
175906,3,3,direct
175906,26,26,direct
175906,48,48,direct
175906,78,78,direct
175923,2,2,direct
175923,3,3,direct
175923,4,10,ancestor
175923,10,10,direct
175923,11,11,direct
175923,80,80,direct
175928,27,27,direct
175962,362,362,direct
175973,57,57,direct
176001,1,1,direct
176001,2,2,split
176001,3,3,split
176001,18,18,direct
176001,23,23,direct
176001,57,57,direct
176062,1,1,direct
176062,2,2,direct
176062,3,3,direct
176062,111,111,direct
176064,1,1,direct
176064,3,3,direct
176064,4,4,direct
176064,19,19,direct
176067,18,18,direct
176077,5,5,direct
176077,6,6,direct
176077,8,152,ancestor
176077,14,14,direct
176077,152,152,direct
176132,7,7,direct
176132,14,14,direct
176143,57,57,direct
176143,107,107,direct
176151,12,12,direct
176151,49,49,direct
176155,94,94,direct
176199,2,2,direct
176199,110,110,direct
176225,7,7,direct
176225,220,220,direct
176231,1,1,direct
176231,3,3,direct
176231,23,23,direct
176232,4,4,direct
176232,33,33,direct
176234,1,1,direct
176234,2,2,direct
176281,1,1,direct
176281,2,2,direct
176281,3,3,direct
176281,17,17,direct
176296,2,2,direct
176296,17,17,direct
176335,3,3,direct
176335,24,71,ancestor
176335,71,71,direct
176347,1,1,direct
176362,1,1,direct
176362,3,3,direct
176362,7,7,direct
176362,14,14,direct
176362,23,23,direct
176381,3,3,direct
176381,24,589,ancestor
176381,589,589,direct
176435,2,2,direct
176435,17,17,direct
176435,264,264,direct
176448,2,2,direct
176448,19,19,direct
176448,33,33,direct
176448,49,49,direct
176448,93,93,direct
176456,2,2,direct
176466,5,5,direct
176466,8,8,direct
176466,12,12,direct
176484,18,18,direct
176484,23,23,direct
176512,6,6,direct
176512,15,15,direct
176512,19,19,direct
176512,24,15,ancestor
176529,7,7,direct
176529,48,48,direct
176544,15,15,direct
176544,19,19,direct
176544,24,15,ancestor
176544,31,31,direct
176544,96,96,direct
176562,14,14,direct
176562,46,46,direct
176565,7,7,direct
176572,2,2,direct
176572,4,4,direct
176572,11,11,direct
176574,3,3,direct
176574,8,8,direct
176574,19,19,direct
176586,11,11,split
176586,49,49,split
176586,83,83,direct
176599,1,1,direct
176654,1,1,direct
176654,5,5,direct
176654,7,7,direct
176654,41,41,direct
176654,590,41,ancestor
176743,1,1,direct
176743,3,3,direct
176743,6,6,direct
176743,12,12,direct
176743,13,13,direct
176743,30,30,direct
176743,460,460,direct
176781,1,1,direct
176781,7,7,direct
176832,2,2,direct
176832,31,31,direct
176838,1,1,direct
176838,2,2,direct
176838,3,3,direct
176838,11,11,direct
176838,24,24,direct
176903,6,6,direct
176903,8,8,direct
176903,12,12,direct
176927,1,1,direct
176927,7,7,direct
176927,33,33,direct
176944,1,1,direct
176944,7,7,direct
176944,46,46,direct
176963,1,1,direct
176963,4,4,direct
176994,1,1,direct
176994,7,7,direct
177016,11,11,direct
177045,110,110,direct
177061,4,4,direct
177061,23,23,direct
177061,29,29,direct
177118,6,6,direct
177118,227,227,direct
177148,1,1,direct
177148,3,3,direct
177163,2,2,direct
177170,3,3,direct
177170,6,6,direct
177170,131,131,direct
177170,526,526,direct
177175,2,2,direct
177181,1,1,direct
177181,3,3,direct
177181,24,24,direct
177181,26,26,direct
177209,16,16,direct
177209,26,26,direct
177209,537,537,direct
177240,6,6,direct
177240,12,12,direct
177261,2,2,direct
177261,6,6,direct
177261,11,11,direct
177261,83,83,direct
177277,4,4,direct
177277,48,48,direct
177277,78,78,direct
177290,3,3,direct
177290,24,589,ancestor
177290,188,188,direct
177290,589,589,direct
177352,3,3,direct
177352,21,21,direct
177352,23,23,direct
177352,24,589,ancestor
177352,57,57,direct
177352,589,589,direct
177371,1,1,direct
177371,2,2,direct
177371,3,3,direct
177400,1,1,direct
177400,3,3,direct
177400,33,33,direct
177400,50,50,direct
177400,87,87,direct
177434,3,3,direct
177434,21,21,direct
177434,514,514,direct
177436,1,1,direct
177436,3,3,direct
177436,29,29,direct
177442,7,7,direct
177442,11,11,direct
177442,110,110,direct
177443,7,7,direct
177449,2,2,direct
177449,3,3,direct
177449,9,9,direct
177449,17,17,direct
177449,167,167,direct
177529,2,2,direct
177529,3,3,direct
177529,4,4,direct
177529,12,12,direct
177529,151,151,direct
177535,115,115,direct
177535,184,184,direct
177542,29,29,direct
177556,27,27,direct
177564,1,1,direct
177564,3,3,direct
177564,24,589,ancestor
177564,589,589,direct
177631,46,46,direct
177631,108,108,direct
177637,41,41,direct
177637,104,104,direct
177637,590,41,ancestor
177713,2,2,direct
177713,3,3,direct
177713,12,12,direct
177732,1,1,direct
177732,2,2,direct
177772,22,22,direct
177793,3,3,direct
177793,29,29,direct
177855,36,36,direct
177966,2,2,direct
177966,3,3,direct
177966,11,11,direct
178005,1,1,split
178005,2,2,split
178005,3,3,split
178005,6,6,direct
178005,11,11,direct
178008,1,1,direct
178008,3,3,direct
178008,79,79,direct
178018,2,2,direct
178018,533,533,direct
178026,11,11,direct
178026,269,269,direct
178028,7,7,direct
178036,2,2,direct
178036,8,8,direct
178056,4,4,direct
178056,11,11,direct
178063,23,23,direct
178063,83,83,direct
178084,1,1,direct
178084,30,30,direct
178084,127,127,direct
178084,311,311,direct
178110,2,2,direct
178110,3,3,direct
178110,11,11,direct
178110,18,18,direct
178110,110,110,direct
178153,1,1,direct
178153,23,23,direct
178154,2,2,direct
178154,3,3,direct
178154,50,50,direct
178154,78,78,direct
178159,2,2,direct
178159,3,3,direct
178177,1,1,direct
178177,2,2,direct
178177,7,7,direct
178177,254,254,direct
178213,7,7,direct
178213,33,33,direct
178213,209,209,direct
178213,294,294,direct
178213,399,399,direct
178220,1,1,direct
178220,7,7,direct
178220,75,75,direct
178259,3,3,direct
178259,4,204,ancestor
178259,204,204,direct
178278,2,2,direct
178278,16,16,direct
178278,33,33,direct
178278,153,153,direct
178278,184,184,direct
178278,246,246,direct
178278,433,433,direct
178284,11,11,direct
178284,18,18,direct
178300,1,1,direct
178300,2,2,direct
178300,3,3,direct
178300,84,84,direct
178331,1,1,direct
178331,2,2,direct
178331,3,3,direct
178331,17,17,direct
178331,24,24,direct
178334,2,2,direct
178334,110,110,direct
178336,1,1,direct
178336,2,2,direct
178336,3,3,direct
178336,18,18,direct
178336,46,46,direct
178336,98,98,direct
178360,2,2,direct
178360,12,12,direct
178360,84,84,direct
178377,1,1,direct
178377,2,2,direct
178377,3,3,direct
178377,7,7,direct
178388,69,69,direct
178391,2,2,direct
178405,2,2,direct
178405,9,9,direct
178405,50,50,direct
178421,2,2,direct
178421,11,11,direct
178456,7,7,direct
178456,14,14,direct
178481,2,2,direct
178481,83,83,direct
178481,165,165,direct
178493,5,5,direct
178493,12,12,direct
178493,239,239,direct
178493,590,590,direct
178494,1,1,direct
178494,2,2,direct
178494,9,9,direct
178494,14,14,direct
178499,1,1,direct
178499,2,2,direct
178499,20,20,direct
178499,24,589,ancestor
178499,33,33,direct
178499,589,589,direct
178560,1,1,direct
178560,7,7,direct
178560,14,14,direct
178585,2,2,direct
178585,12,12,direct
178585,151,151,direct
178613,2,2,direct
178613,3,3,direct
178613,5,5,direct
178613,6,6,direct
178613,58,58,direct
178651,2,2,direct
178651,4,10,ancestor
178651,10,10,direct
178651,11,11,direct
178651,91,91,direct
178658,1,1,direct
178658,3,3,direct
178658,108,108,direct
178667,2,2,direct
178667,3,3,direct
178667,4,10,ancestor
178667,10,10,direct
178667,208,208,direct
178672,3,3,direct
178672,4,4,direct
178672,6,6,direct
178672,11,11,direct
178672,184,184,direct
178697,1,1,direct
178706,2,2,direct
178706,6,6,direct
178706,11,11,direct
178729,8,8,direct
178729,53,53,direct
178734,1,1,direct
178734,2,2,direct
178734,3,3,direct
178734,24,24,direct
178734,114,114,direct
178734,169,169,direct
178784,3,3,direct
178784,84,84,direct
178792,2,2,direct
178792,3,3,direct
178792,7,7,direct
178792,11,11,direct
178798,1,1,direct
178798,2,2,direct
178798,69,69,direct
178810,1,1,direct
178810,2,2,direct
178810,3,3,direct
178810,91,91,direct
178810,126,126,direct
178824,1,1,split
178824,3,3,split
178824,4,4,direct
178824,460,460,direct
178824,541,541,direct
178872,2,2,direct
178872,3,3,direct
178872,11,11,direct
178872,24,212,ancestor
178872,212,212,direct
178897,1,1,direct
178897,9,9,direct
178897,58,58,direct
178898,2,2,direct
178898,136,136,direct
178901,4,4,direct
178901,6,6,direct
178901,99,99,direct
178901,100,100,direct
178944,27,27,direct
178955,1,1,direct
178955,4,4,direct
178955,23,23,direct
178955,64,64,direct
178962,81,81,direct
178962,89,89,direct
179003,2,2,direct
179003,7,7,direct
179003,123,123,direct
179039,2,2,direct
179039,112,112,direct
179047,3,3,direct
179047,8,8,direct
179047,36,36,direct
179047,231,231,direct
179048,14,14,direct
179048,27,27,direct
179048,68,68,direct
179054,3,3,direct
179054,8,82,ancestor
179054,12,12,direct
179054,14,14,direct
179054,82,82,direct
179074,1,1,direct
179074,11,11,direct
179074,104,104,direct
179078,1,1,direct
179078,23,23,direct
179078,29,29,direct
179078,66,66,direct
179078,132,132,direct
179079,1,1,direct
179079,2,2,direct
179079,49,49,direct
179079,110,110,direct
179100,6,6,direct
179100,7,7,direct
179100,15,15,direct
179100,19,19,direct
179100,24,15,ancestor
179100,138,138,direct
179116,4,4,direct
179116,93,93,direct
179118,6,6,direct
179118,87,87,direct
179129,2,2,direct
179157,2,2,direct
179157,6,6,direct
179157,15,15,direct
179157,22,22,direct
179157,24,15,ancestor
179157,27,27,direct
179157,33,33,direct
179157,91,91,direct
179161,85,85,direct
179161,129,129,direct
179178,4,4,direct
179178,7,7,direct
179207,2,2,direct
179207,5,5,direct
179207,8,275,ancestor
179207,275,275,direct
179250,7,7,direct
179250,33,33,direct
179250,81,81,direct
179261,1,1,direct
179261,6,6,direct
179261,8,8,direct
179261,12,12,direct
179261,27,27,direct
179261,46,46,direct
179281,4,125,ancestor
179281,21,21,direct
179281,125,125,direct
179281,177,177,direct
179286,1,1,direct
179286,2,2,direct
179286,3,3,direct
179286,24,24,direct
179286,114,114,direct
179286,116,116,direct
179291,7,7,direct
179291,24,589,ancestor
179291,589,589,direct
179301,6,6,direct
179301,19,19,direct
179301,24,589,ancestor
179301,589,589,direct
179313,106,106,direct
179352,2,2,direct
179352,3,3,direct
179352,5,5,direct
179352,33,33,direct
179360,1,1,direct
179360,2,2,direct
179360,3,3,direct
179360,11,11,direct
179360,322,322,direct
179396,2,2,direct
179396,3,3,direct
179396,8,8,direct
179396,27,27,direct
179419,2,2,direct
179419,3,3,direct
179419,14,14,direct
179488,4,4,direct
179488,17,17,direct
179488,83,83,direct
179504,26,26,direct
179518,2,2,direct
179518,11,11,direct
179518,244,244,direct
179518,274,274,direct
179519,1,1,direct
179519,2,2,direct
179519,11,11,direct
179519,46,46,direct
179519,49,49,direct
179614,2,2,direct
179614,3,3,direct
179614,24,24,direct
179614,333,333,direct
179626,2,2,direct
179626,3,3,direct
179626,91,91,direct
179676,2,2,direct
179676,3,3,direct
179676,6,6,direct
179676,53,53,direct
179697,2,2,direct
179697,5,5,direct
179697,36,36,direct
179697,91,91,direct
179698,3,3,direct
179698,27,27,direct
179724,29,29,direct
179734,2,2,direct
179734,3,3,direct
179734,4,4,direct
179734,6,6,direct
179734,13,13,direct
179775,2,2,direct
179775,59,59,direct
179781,74,74,direct
179832,1,1,direct
179832,2,2,direct
179832,58,58,direct
179854,1,1,split
179854,2,2,split
179854,3,3,split
179854,274,274,direct
179867,2,2,direct
179867,59,59,direct
179867,95,95,direct
179871,2,2,direct
179871,8,8,direct
179871,33,33,direct
179871,481,481,direct
179874,363,363,direct
179901,6,6,direct
179901,67,67,direct
179901,590,590,direct
179943,2,2,direct
179943,165,165,direct
179949,1,1,direct
179949,2,2,direct
179949,3,3,direct
179949,8,8,direct
179994,4,4,direct
179994,12,12,direct
179994,48,48,direct
179999,2,2,direct
179999,3,3,direct
179999,19,19,direct
179999,33,33,direct
179999,171,171,direct
180013,1,1,direct
180013,4,10,ancestor
180013,5,5,direct
180013,10,10,direct
180013,12,12,direct
180019,7,7,direct
180019,290,290,direct
180052,40,40,direct
180052,41,41,direct
180052,590,41,ancestor
180075,1,1,direct
180075,3,3,direct
180075,12,12,direct
180075,29,29,direct
180106,1,1,direct
180106,2,2,direct
180106,3,3,direct
180106,24,589,ancestor
180106,33,33,direct
180106,589,589,direct
180124,1,1,direct
180124,3,3,direct
180130,29,29,direct
180149,322,322,direct
180219,4,4,direct
180219,96,96,direct
180224,7,7,direct
180224,93,93,direct
180292,3,3,direct
180292,4,10,ancestor
180292,10,10,direct
180300,4,204,ancestor
180300,204,204,direct
180300,388,388,direct
180309,2,2,direct
180309,3,3,direct
180309,11,11,direct
180309,18,18,direct
180309,83,83,direct
180311,1,1,direct
180311,27,27,direct
180311,89,89,direct
180311,229,229,direct
180319,3,3,direct
180342,1,1,direct
180342,2,2,direct
180342,3,3,direct
180342,8,8,direct
180415,7,7,direct
180415,8,8,direct
180415,14,14,direct
180438,28,28,direct
180438,36,36,direct
180458,7,7,direct
180461,2,2,direct
180461,3,3,direct
180461,24,589,ancestor
180461,123,123,direct
180461,589,589,direct
180485,3,3,direct
180486,1,1,direct
180486,3,3,direct
180486,7,7,direct
180486,23,23,direct
180488,1,1,direct
180488,2,2,direct
180488,23,23,direct
180488,33,33,direct
180511,33,33,direct
180539,3,3,direct
180558,3,3,direct
180558,181,181,direct
180558,198,198,direct
180558,239,239,direct
180588,1,1,direct
180588,3,3,direct
180588,4,4,direct
180588,110,110,direct
180592,2,2,direct
180592,3,3,direct
180592,5,5,direct
180619,1,1,direct
180619,2,2,direct
180619,3,3,direct
180619,12,12,direct
180619,14,14,direct
180619,18,18,direct
180619,24,589,ancestor
180619,589,589,direct
180651,41,41,direct
180651,53,53,direct
180651,590,41,ancestor
180669,2,2,direct
180669,8,8,direct
180669,106,106,direct
180690,1,1,direct
180726,1,1,split
180726,3,3,split
180726,4,37,ancestor
180726,11,11,direct
180726,37,37,direct
180728,2,2,direct
180728,17,17,direct
180728,46,46,direct
180728,590,590,direct
180729,4,4,direct
180729,13,13,direct
180729,29,29,direct
180755,2,2,direct
180761,1,1,direct
180761,3,3,direct
180761,4,203,ancestor
180761,184,184,direct
180761,203,203,direct
180763,12,12,direct
180786,7,7,direct
180786,14,14,direct
180794,1,1,direct
180794,3,3,direct
180794,431,431,direct
180811,2,2,direct
180811,12,12,direct
180826,1,1,direct
180826,3,3,direct
180826,9,9,direct
180842,2,2,direct
180842,5,5,direct
180842,14,14,direct
180860,1,1,direct
180860,3,3,direct
180882,1,1,split
180882,2,2,split
180882,3,3,split
180882,15,15,direct
180882,23,23,direct
180882,24,15,ancestor
180882,60,60,direct
180884,1,1,split
180884,2,2,split
180884,3,3,split
180884,277,277,direct
180884,292,277,ancestor
180892,1,1,direct
180892,2,2,direct
180892,3,3,direct
180924,3,3,direct
180924,13,13,direct
180924,57,57,direct
180964,2,2,direct
180964,31,31,direct
180982,2,2,direct
180982,3,3,direct
180982,91,91,direct
180995,3,3,direct
180995,8,82,ancestor
180995,12,12,direct
180995,82,82,direct
181030,41,41,direct
181030,53,53,direct
181030,189,189,direct
181030,194,194,direct
181030,590,41,ancestor
181042,2,2,direct
181042,19,19,direct
181042,41,41,direct
181042,590,41,ancestor
181053,29,29,direct
181053,328,328,direct
181061,1,1,direct
181061,2,2,direct
181061,3,3,direct
181061,9,9,direct
181073,2,2,direct
181073,4,4,direct
181073,11,11,direct
181090,1,1,direct
181090,2,2,direct
181090,3,3,direct
181090,14,14,direct
181092,2,2,direct
181092,50,50,direct
181161,2,2,direct
181161,4,10,ancestor
181161,10,10,direct
181161,49,49,direct
181222,1,1,direct
181222,2,2,direct
181222,3,3,direct
181222,9,9,direct
181222,11,11,direct
181228,1,1,direct
181228,2,2,direct
181228,3,3,direct
181258,8,152,ancestor
181258,152,152,direct
181258,285,285,direct
181282,1,1,direct
181282,2,2,direct
181282,3,3,direct
181282,5,5,direct
181282,8,82,ancestor
181282,9,9,direct
181282,12,12,direct
181282,17,17,direct
181282,33,33,direct
181282,82,82,direct
181286,2,2,direct
181291,1,1,direct
181291,2,2,direct
181291,3,3,direct
181291,332,332,direct
181298,1,1,direct
181298,2,2,direct
181298,4,37,ancestor
181298,37,37,direct
181321,27,27,direct
181321,80,80,direct
181321,330,330,direct
181321,590,330,ancestor
181347,3,3,direct
181347,12,12,direct
181347,95,95,direct
181378,31,31,direct
181389,1,1,direct
181389,2,2,direct
181392,1,1,direct
181392,3,3,direct
181392,4,10,ancestor
181392,10,10,direct
181392,57,57,direct
181392,145,145,direct
181392,282,282,direct
181402,1,1,direct
181402,2,2,direct
181412,1,1,direct
181412,3,3,direct
181412,4,10,ancestor
181412,10,10,direct
181412,110,110,direct
181433,33,33,direct
181433,123,123,direct
181433,231,231,direct
181451,30,30,direct
181462,1,1,direct
181462,2,2,direct
181462,46,46,direct
181462,66,66,direct
181499,33,33,direct
181499,186,186,direct
181509,2,2,direct
181509,344,344,direct
181527,7,7,direct
181527,83,83,direct
181527,337,337,direct
181533,7,7,direct
181533,251,251,direct
181538,1,1,direct
181538,2,2,direct
181538,3,3,direct
181538,181,181,direct
181541,1,1,direct
181541,2,2,direct
181541,3,3,direct
181541,9,9,direct
181541,11,11,direct
181541,18,18,direct
181541,340,340,direct
181547,95,95,direct
181547,111,111,direct
181547,129,129,direct
181594,2,2,direct
181594,4,10,ancestor
181594,10,10,direct
181594,17,17,direct
181594,164,164,direct
181596,7,7,direct
181596,76,76,direct
181632,1,1,direct
181632,2,2,direct
181632,9,9,direct
181632,17,17,direct
181632,19,19,direct
181632,70,70,direct
181643,15,15,direct
181643,24,15,ancestor
181643,48,48,direct
181643,92,92,direct
181682,4,4,direct
181690,1,1,direct
181690,4,172,ancestor
181690,5,5,direct
181690,172,172,direct
181738,63,63,direct
181748,1,1,direct
181748,91,91,direct
181780,3,3,direct
181780,371,371,direct
181870,1,1,direct
181870,2,2,direct
181870,3,3,direct
181870,9,9,direct
181870,36,36,direct
181870,91,91,direct
181870,126,126,direct
181870,164,164,direct
181950,165,165,direct
181974,2,2,direct
181982,2,2,direct
181982,6,6,direct
181982,23,23,direct
181982,33,33,direct
182071,2,2,direct
182071,3,3,direct
182071,11,11,direct
182071,18,18,direct
182071,80,80,direct
182074,2,2,direct
182074,3,3,direct
182074,11,11,direct
182074,84,84,direct
182100,2,2,direct
182112,5,5,direct
182112,12,12,direct
182112,14,14,direct
182181,5,5,direct
182181,33,33,direct
182181,109,109,direct
182191,4,4,direct
182191,169,169,direct
182223,46,46,direct
182223,92,92,direct
182223,322,322,direct
182282,1,1,direct
182282,7,7,direct
182282,17,17,direct
182320,2,2,direct
182320,3,3,direct
182320,21,21,direct
182320,33,33,direct
182320,93,93,direct
182320,153,153,direct
182381,4,4,direct
182381,14,14,direct
182381,129,129,direct
182398,4,37,ancestor
182398,37,37,direct
182398,221,221,direct
182412,4,10,ancestor
182412,5,5,direct
182412,6,6,direct
182412,7,7,direct
182412,10,10,direct
182412,23,23,direct
182412,76,76,direct
182419,3,3,direct
182419,5,5,direct
182419,11,11,direct
182419,91,91,direct
182420,1,1,split
182420,2,2,split
182420,3,3,split
182420,18,18,direct
182435,5,5,direct
182435,23,23,direct
182435,24,24,direct
182465,1,1,direct
182465,3,3,direct
182465,11,11,direct
182465,15,15,direct
182465,24,15,ancestor
182465,52,52,direct
182474,8,338,ancestor
182474,83,83,direct
182474,181,181,direct
182474,338,338,direct
182506,1,1,direct
182506,2,2,direct
182506,3,3,direct
182506,24,24,direct
182506,169,169,direct
182510,2,2,direct
182510,3,3,direct
182510,17,17,direct
182510,80,80,direct
182510,171,171,direct
182547,1,1,direct
182547,2,2,direct
182547,3,3,direct
182547,322,322,direct
182643,7,7,direct
182643,19,19,direct
182643,40,40,direct
182643,50,50,direct
182643,92,92,direct
182669,3,3,direct
182669,21,21,direct
182669,229,229,direct
182669,365,365,direct
182671,2,2,direct
182671,41,41,direct
182671,53,53,direct
182671,590,41,ancestor
182706,57,57,direct
182706,133,133,direct
182706,254,254,direct
182712,2,2,direct
182712,5,5,direct
182712,17,17,direct
182712,347,347,direct
182727,1,1,direct
182727,4,4,direct
182727,101,101,direct
182736,1,1,direct
182736,3,3,direct
182736,4,10,ancestor
182736,10,10,direct
182736,220,220,direct
182748,3,3,direct
182753,1,1,direct
182753,6,6,direct
182753,76,76,direct
182792,2,2,direct
182792,50,50,direct
182792,104,104,direct
182792,111,111,direct
182854,1,1,direct
182854,2,2,direct
182854,3,3,direct
182854,277,277,direct
182854,292,277,ancestor
182858,1,1,direct
182858,108,108,direct
182923,23,23,direct
182923,54,54,direct
182923,94,94,direct
182923,276,276,direct
182923,298,298,direct
182939,1,1,split
182939,2,2,split
182939,3,3,split
182939,17,17,direct
182949,2,2,direct
182949,3,3,direct
182949,7,7,direct
182949,8,8,direct
182949,29,29,direct
182964,3,3,direct
182998,3,3,direct
182998,6,6,direct
182998,8,8,direct
182998,14,14,direct
183000,8,8,direct
183000,91,91,direct
183003,1,1,direct
183003,3,3,direct
183003,11,11,direct
183008,2,2,direct
183008,4,4,direct
183008,11,11,direct
183008,110,110,direct
183039,1,1,direct
183039,3,3,direct
183039,11,11,direct
183039,23,23,direct
183039,184,184,direct
183091,1,1,direct
183091,2,2,direct
183091,3,3,direct
183091,330,330,direct
183091,590,330,ancestor
183142,11,11,direct
183145,23,23,direct
183145,168,168,direct
183165,1,1,direct
183165,2,2,direct
183165,12,12,direct
183181,2,2,direct
183181,3,3,direct
183181,288,288,direct
183195,3,3,direct
183195,8,82,ancestor
183195,9,9,direct
183195,63,63,direct
183195,82,82,direct
183214,8,8,direct
183214,11,11,direct
183220,7,7,direct
183220,41,41,direct
183220,590,41,ancestor
183234,1,1,split
183234,3,3,split
183234,15,15,direct
183234,24,15,ancestor
183298,1,1,direct
183298,73,73,direct
183345,1,1,direct
183345,3,3,direct
183345,27,27,direct
183345,145,145,direct
183350,1,1,direct
183350,284,284,direct
183352,2,2,direct
183352,11,11,direct
183352,49,49,direct
183352,80,80,direct
183355,4,404,ancestor
183355,32,404,ancestor
183355,404,404,direct
183381,3,3,direct
183381,23,23,direct
183381,24,24,direct
183381,282,282,direct
183404,3,3,direct
183422,1,1,direct
183422,29,29,direct
183422,95,95,direct
183432,2,2,direct
183432,3,3,direct
183432,50,50,direct
183432,80,80,direct
183438,7,7,direct
183438,14,14,direct
183438,132,132,direct
183451,1,1,split
183451,2,2,split
183451,3,3,split
183451,4,10,ancestor
183451,10,10,direct
183451,12,12,direct
183475,1,1,direct
183475,2,2,direct
183475,3,3,direct
183475,4,10,ancestor
183475,10,10,direct
183475,12,12,direct
183475,17,17,direct
183493,7,7,direct
183493,118,118,direct
183493,415,415,direct
183542,2,2,direct
183542,11,11,direct
183543,7,7,direct
183543,33,33,direct
183559,1,1,direct
183559,3,3,direct
183567,9,9,direct
183567,16,16,direct
183577,2,2,direct
183577,3,3,direct
183590,3,3,direct
183590,11,11,direct
183590,33,33,direct
183590,49,49,direct
183605,7,7,direct
183605,14,14,direct
183640,2,2,direct
183640,327,327,direct
183655,2,2,direct
183655,168,168,direct
183665,14,14,direct
183665,69,69,direct
183695,79,79,direct
183703,3,3,direct
183703,11,11,direct
183703,154,154,direct
183703,346,346,direct
183707,1,1,direct
183707,2,2,direct
183707,3,3,direct
183721,456,456,direct
183726,1,1,direct
183726,3,3,direct
183746,1,1,direct
183746,2,2,direct
183746,11,11,direct
183746,49,49,direct
183760,3,3,direct
183760,24,589,ancestor
183760,36,36,direct
183760,589,589,direct
183789,6,6,direct
183789,12,12,direct
183821,178,178,direct
183849,8,8,direct
183858,4,37,ancestor
183858,37,37,direct
183921,1,1,direct
183921,46,46,direct
183921,66,66,direct
183946,149,149,direct
183958,1,1,direct
183958,3,3,direct
183958,4,4,direct
183958,110,110,direct
184039,1,1,direct
184039,2,2,direct
184045,1,1,split
184045,2,2,split
184045,3,3,split
184045,7,7,direct
184045,17,17,direct
184045,80,80,direct
184045,221,221,direct
184128,1,1,direct
184128,3,3,direct
184128,4,4,direct
184128,23,23,direct
184128,96,96,direct
184131,1,1,direct
184131,11,11,direct
184131,110,110,direct
184133,4,10,ancestor
184133,5,5,direct
184133,10,10,direct
184133,13,13,direct
184133,31,31,direct
184133,46,46,direct
184133,83,83,direct
184133,244,244,direct
184140,7,7,direct
184140,14,14,direct
184147,9,9,direct
184147,335,335,direct
184186,2,2,direct
184186,5,5,direct
184186,66,66,direct
184187,1,1,direct
184187,6,6,direct
184187,12,12,direct
184203,2,2,direct
184203,9,9,direct
184203,11,11,direct
184203,110,110,direct
184264,57,57,direct
184264,229,229,direct
184264,313,313,direct
184268,5,5,direct
184268,15,15,direct
184268,24,15,ancestor
184268,559,559,direct
184311,1,1,direct
184311,23,23,direct
184319,5,5,direct
184319,6,6,direct
184319,12,12,direct
184339,11,11,split
184339,24,589,ancestor
184339,50,50,split
184339,589,589,direct
184361,7,7,direct
184385,7,7,direct
184385,252,252,direct
184478,1,1,direct
184478,2,2,direct
184478,3,3,direct
184478,8,82,ancestor
184478,33,33,direct
184478,49,49,direct
184478,82,82,direct
184497,1,1,direct
184497,284,284,direct
184590,1,1,direct
184611,1,1,direct
184611,2,2,direct
184611,3,3,direct
184611,4,203,ancestor
184611,101,101,direct
184611,203,203,direct
184617,13,13,direct
184617,21,21,direct
184617,54,54,direct
184617,57,57,direct
184617,94,94,direct
184617,101,101,direct
184617,107,107,direct
184617,122,122,direct
184617,128,128,direct
184617,160,160,direct
184618,3,3,direct
184618,8,8,direct
184640,1,1,split
184640,2,2,split
184640,3,3,split
184640,24,241,ancestor
184640,71,241,ancestor
184640,241,241,direct
184641,2,2,direct
184641,3,3,direct
184662,1,1,direct
184662,3,3,direct
184684,2,2,direct
184684,11,11,direct
184684,110,110,direct
184693,2,2,direct
184696,2,2,direct
184696,3,3,direct
184696,110,110,direct
184726,12,12,direct
184726,24,589,ancestor
184726,589,589,direct
184766,1,1,direct
184766,2,2,direct
184766,3,3,direct
184774,2,2,direct
184774,3,3,direct
184774,14,14,direct
184774,21,21,direct
184835,5,5,direct
184835,6,6,direct
184835,7,7,direct
184835,12,12,direct
184835,14,14,direct
184835,19,19,direct
184841,3,3,direct
184841,21,21,direct
184841,101,101,direct
184841,146,146,direct
184849,2,2,direct
184849,4,4,direct
184849,7,7,direct
184849,11,11,direct
184849,14,14,direct
184849,29,29,direct
184849,46,46,direct
184935,3,3,direct
184935,7,7,direct
184935,29,29,direct
184935,126,126,direct
184952,2,2,direct
184952,11,11,direct
184965,1,1,direct
184965,2,2,direct
184965,5,5,direct
184965,7,7,direct
184965,18,18,direct
184965,33,33,direct
184976,49,49,direct
184976,104,104,direct
184976,229,229,direct
184980,3,3,direct
184980,11,11,direct
184980,18,18,direct
184980,23,23,direct
184980,24,589,ancestor
184980,589,589,direct
184982,3,3,direct
184982,5,5,direct
184982,6,6,direct
184982,8,82,ancestor
184982,12,12,direct
184982,82,82,direct
184984,190,190,direct
184992,1,1,direct
184992,2,2,direct
184992,15,15,direct
184992,16,16,direct
184992,24,15,ancestor
184992,145,145,direct
185018,7,7,direct
185018,19,19,direct
185018,33,33,direct
185022,2,2,direct
185022,70,70,direct
185036,1,1,direct
185036,3,3,direct
185036,4,10,ancestor
185036,10,10,direct
185041,14,14,direct
185041,243,243,direct
185084,3,3,direct
185084,130,130,direct
185170,14,14,direct
185170,118,118,direct
185182,1,1,direct
185182,2,2,direct
185182,18,18,direct
185182,96,96,direct
185187,1,1,direct
185187,2,2,direct
185187,89,89,direct
185187,198,198,direct
185198,1,1,direct
185198,2,2,direct
185198,3,3,direct
185198,110,110,direct
185218,1,1,split
185218,2,2,split
185218,3,3,split
185218,11,11,direct
185218,110,110,direct
185223,7,7,direct
185223,450,450,direct
185290,1,1,direct
185290,2,2,direct
185290,76,76,direct
185305,1,1,direct
185305,3,3,direct
185305,23,23,direct
185305,24,24,direct
185346,1,1,direct
185346,3,3,direct
185346,4,204,ancestor
185346,87,87,direct
185346,204,204,direct
185364,1,1,direct
185364,41,41,direct
185364,590,41,ancestor
185395,1,1,direct
185395,7,7,direct
185395,33,33,direct
185470,1,1,direct
185470,3,3,direct
185470,33,33,direct
185470,57,57,direct
185470,399,399,direct
185519,130,130,direct
185519,424,424,direct
185533,2,2,direct
185533,3,3,direct
185533,4,10,ancestor
185533,10,10,direct
185533,123,123,direct
185533,201,201,direct
185546,1,1,direct
185546,3,3,direct
185554,4,10,ancestor
185554,10,10,direct
185554,29,29,direct
185558,2,2,direct
185558,257,257,direct
185585,4,4,direct
185585,70,70,direct
185632,1,1,direct
185632,2,2,direct
185632,17,17,direct
185632,29,29,direct
185650,1,1,direct
185650,2,2,direct
185650,3,3,direct
185650,4,4,direct
185650,110,110,direct
185660,1,1,direct
185660,2,2,direct
185660,15,15,direct
185660,24,15,ancestor
185660,30,30,direct
185677,1,1,direct
185677,6,6,direct
185677,12,12,direct
185695,4,4,direct
185695,7,7,direct
185696,2,2,direct
185696,3,3,direct
185696,5,5,direct
185696,6,6,direct
185696,8,8,direct
185720,2,2,direct
185721,3,3,direct
185721,13,13,direct
185723,1,1,direct
185723,4,4,direct
185723,23,23,direct
185723,26,26,direct
185752,2,2,direct
185752,168,168,direct
185775,1,1,direct
185775,2,2,direct
185775,3,3,direct
185775,79,79,direct
185822,1,1,direct
185822,17,17,direct
185822,182,182,direct
185840,1,1,direct
185840,2,2,direct
185840,7,7,direct
185840,14,14,direct
185840,44,44,direct
185849,2,2,direct
185849,3,3,direct
185849,8,8,direct
185849,17,17,direct
185849,136,136,direct
185854,2,2,direct
185854,8,152,ancestor
185854,83,83,direct
185854,152,152,direct
185875,7,7,direct
185875,14,14,direct
185875,70,70,direct
185889,1,1,direct
185889,2,2,direct
185889,3,3,direct
185889,7,7,direct
185889,14,14,direct
185895,2,2,direct
185895,168,168,direct
185914,1,1,direct
185914,245,245,direct
186053,41,41,direct
186053,590,41,ancestor
186069,2,2,direct
186069,3,3,direct
186069,4,204,ancestor
186069,26,26,direct
186069,204,204,direct
186092,5,5,direct
186092,15,15,direct
186092,23,23,direct
186092,24,15,ancestor
186158,1,1,direct
186192,2,2,direct
186192,4,4,direct
186192,11,11,direct
186192,282,282,direct
186243,7,7,direct
186243,48,48,direct
186247,23,23,direct
186247,46,46,direct
186255,1,1,direct
186255,2,2,direct
186255,3,3,direct
186255,136,136,direct
186257,7,7,direct
186257,587,587,direct
186268,1,1,direct
186268,3,3,direct
186272,2,2,direct
186272,4,4,direct
186272,11,11,direct
186272,50,50,direct
186272,136,136,direct
186305,6,6,direct
186305,7,7,direct
186308,2,2,direct
186308,11,11,direct
186308,12,12,direct
186325,5,5,direct
186325,7,7,direct
186325,14,14,direct
186326,11,11,direct
186326,33,33,direct
186340,33,33,direct
186367,3,3,direct
186367,127,127,direct
186367,189,189,direct
186371,2,2,direct
186373,7,7,direct
186373,69,69,direct
186384,1,1,direct
186384,9,9,direct
186384,557,557,direct
186404,2,2,direct
186404,3,3,direct
186404,11,11,direct
186404,171,171,direct
186448,3,3,direct
186448,277,277,direct
186448,292,277,ancestor
186461,3,3,direct
186461,5,5,direct
186461,18,18,direct
186465,3,3,direct
186465,68,68,direct
186469,2,2,direct
186469,91,91,direct
186474,11,11,direct
186474,12,12,direct
186474,23,23,direct
186474,30,30,direct
186493,2,2,direct
186493,13,13,direct
186494,7,7,direct
186494,41,41,direct
186494,590,41,ancestor
186537,3,3,direct
186537,24,24,direct
186551,29,29,direct
186551,269,269,direct
186557,1,1,direct
186557,59,59,direct
186565,220,220,direct
186572,1,1,direct
186572,22,22,direct
186590,1,1,direct
186590,130,130,direct
186600,5,5,direct
186600,63,63,direct
186601,136,136,direct
186605,2,2,direct
186605,3,3,direct
186605,4,10,ancestor
186605,5,5,direct
186605,10,10,direct
186605,17,17,direct
186631,2,2,direct
186631,3,3,direct
186631,314,314,direct
186641,7,7,direct
186641,590,590,direct
186649,3,3,direct
186649,231,231,direct
186678,1,1,direct
186678,2,2,direct
186678,3,3,direct
186678,79,79,direct
186702,242,242,direct
186735,7,7,direct
186752,1,1,direct
186752,24,71,ancestor
186752,71,71,direct
186752,133,133,direct
186757,53,53,direct
186831,1,1,direct
186831,7,7,direct
186899,44,44,direct
186923,17,17,direct
186923,83,83,direct
186952,5,5,direct
186952,6,6,direct
186952,8,82,ancestor
186952,12,12,direct
186952,76,76,direct
186952,82,82,direct
186975,3,3,direct
186975,4,10,ancestor
186975,10,10,direct
186990,1,1,direct
186990,3,3,direct
186990,118,118,direct
186990,134,134,direct
186990,164,164,direct
187000,1,1,direct
187000,2,2,direct
187000,9,9,direct
187000,17,17,direct
187000,33,33,direct
187000,46,46,direct
187000,68,68,direct
187000,150,150,direct
187000,168,168,direct
187000,322,322,direct
187000,344,344,direct
187000,422,422,direct
187012,1,1,direct
187012,7,7,direct
187076,1,1,direct
187076,2,2,direct
187076,3,3,direct
187076,4,10,ancestor
187076,5,5,direct
187076,10,10,direct
187076,11,11,direct
187082,70,70,direct
187091,245,245,direct
187093,1,1,direct
187093,3,3,direct
187093,4,10,ancestor
187093,10,10,direct
187101,2,2,direct
187101,53,53,direct
187132,1,1,direct
187132,30,30,direct
187139,2,2,direct
187139,168,168,direct
187166,50,50,direct
187166,532,532,direct
187177,1,1,split
187177,2,2,split
187177,7,7,direct
187177,48,48,direct
187238,5,5,direct
187238,46,46,direct
187238,83,83,direct
187240,2,2,direct
187240,50,50,direct
187240,221,221,direct
187240,251,251,direct
187261,1,1,direct
187261,2,2,direct
187261,3,3,direct
187261,19,19,direct
187261,33,33,direct
187261,41,41,direct
187261,590,41,ancestor
187271,98,98,direct
187338,3,3,direct
187338,370,370,direct
187347,127,127,direct
187358,1,1,direct
187358,3,3,direct
187358,19,19,direct
187358,24,589,ancestor
187358,589,589,direct
187373,6,6,direct
187373,8,82,ancestor
187373,82,82,direct
187414,1,1,direct
187414,2,2,direct
187414,3,3,direct
187414,292,292,direct
187421,4,10,ancestor
187421,10,10,direct
187425,6,6,direct
187425,11,11,direct
187425,33,33,direct
187445,2,2,direct
187445,264,264,direct
187448,1,1,direct
187448,7,7,direct
187448,254,254,direct
187451,2,2,direct
187451,18,18,direct
187451,19,19,direct
187494,2,2,direct
187494,6,6,direct
187494,31,31,direct
187528,1,1,direct
187528,7,7,direct
187528,20,20,direct
187537,1,1,direct
187537,2,2,direct
187537,101,101,direct
187566,7,7,direct
187575,7,7,direct
187587,2,2,direct
187587,3,3,direct
187587,322,322,direct
187618,16,16,direct
187618,20,20,direct
187618,21,21,direct
187618,54,54,direct
187618,57,57,direct
187618,102,102,direct
187618,122,122,direct
187646,63,63,direct
187702,1,1,direct
187702,3,3,direct
187702,29,29,direct
187702,234,234,direct
187702,590,234,ancestor
187708,1,1,direct
187708,5,5,direct
187710,1,1,direct
187710,2,2,direct
187710,3,3,direct
187723,18,18,direct
187723,22,22,direct
187723,24,24,direct
187723,120,120,direct
187731,2,2,direct
187731,109,109,direct
187739,108,108,direct
187860,1,1,direct
187860,2,2,direct
187860,11,11,direct
187860,12,12,direct
187893,12,12,direct
187893,46,46,direct
187893,70,70,direct
187893,257,257,direct
187898,2,2,direct
187898,33,33,direct
187898,53,53,direct
187898,161,161,direct
187909,1,1,direct
187909,4,4,direct
187916,1,1,direct
187916,2,2,direct
187916,14,14,direct
187916,545,545,direct
187922,1,1,direct
187922,18,18,direct
187922,24,589,ancestor
187922,228,228,direct
187922,589,589,direct
187936,2,2,direct
187936,3,3,direct
187936,17,17,direct
187973,4,4,direct
187973,57,57,direct
187974,1,1,direct
187974,3,3,direct
187974,8,8,direct
187974,91,91,direct
187979,5,5,direct
187979,15,15,direct
187979,24,15,ancestor
187985,2,2,direct
187985,3,3,direct
187985,4,10,ancestor
187985,10,10,direct
187985,11,11,direct
187985,130,130,direct
188008,1,1,direct
188008,50,50,direct
188077,1,1,direct
188077,7,7,direct
188077,294,294,direct
188089,2,2,direct
188089,3,3,direct
188089,8,152,ancestor
188089,52,52,direct
188089,115,115,direct
188089,150,150,direct
188089,152,152,direct
188106,2,2,direct
188106,3,3,direct
188109,1,1,direct
188109,3,3,direct
188109,17,17,direct
188109,323,323,direct
188117,1,1,split
188117,3,3,split
188117,5,5,direct
188117,7,7,direct
188117,27,27,direct
188117,92,92,direct
188117,254,254,direct
188120,1,1,direct
188120,3,3,direct
188120,7,7,direct
188120,156,156,direct
188121,2,2,direct
188121,3,3,direct
188121,4,10,ancestor
188121,10,10,direct
188132,3,3,direct
188132,80,80,direct
188170,6,6,direct
188170,21,21,direct
188170,57,57,direct
188170,96,96,direct
188170,157,157,direct
188181,1,1,direct
188181,2,2,direct
188181,18,18,direct
188181,254,254,direct
188218,2,2,direct
188218,3,3,direct
188218,49,49,direct
188238,5,5,direct
188238,8,8,direct
188238,11,11,direct
188238,103,103,direct
188244,2,2,direct
188244,106,106,direct
188247,2,2,direct
188247,4,203,ancestor
188247,5,5,direct
188247,7,7,direct
188247,11,11,direct
188247,49,49,direct
188247,67,67,direct
188247,203,203,direct
188264,24,589,ancestor
188264,589,589,direct
188274,1,1,direct
188274,106,106,direct
188304,2,2,direct
188304,3,3,direct
188304,17,17,direct
188312,2,2,direct
188312,80,80,direct
188349,1,1,direct
188349,3,3,direct
188349,4,4,direct
188349,7,7,direct
188357,1,1,direct
188357,52,52,direct
188360,4,10,ancestor
188360,10,10,direct
188360,12,12,direct
188396,7,7,direct
188396,76,76,direct
188396,83,83,direct
188529,1,1,direct
188529,4,10,ancestor
188529,10,10,direct
188529,108,108,direct
188544,5,5,direct
188544,6,6,direct
188544,7,7,direct
188554,6,6,direct
188554,33,33,direct
188554,85,85,direct
188604,4,10,ancestor
188604,10,10,direct
188605,17,17,direct
188605,24,71,ancestor
188605,71,71,direct
188607,2,2,direct
188607,19,19,direct
188607,33,33,direct
188607,49,49,direct
188674,1,1,direct
188674,7,7,direct
188684,3,3,direct
188687,3,3,direct
188687,16,16,direct
188695,2,2,direct
188695,3,3,direct
188695,167,167,direct
188732,1,1,direct
188732,3,3,direct
188732,11,11,direct
188745,9,9,direct
188745,23,23,direct
188810,1,1,direct
188810,2,2,direct
188810,3,3,direct
188810,17,17,direct
188816,11,11,direct
188837,3,3,direct
188938,80,80,direct
188973,2,2,direct
188980,3,3,direct
188980,23,23,direct
188980,24,71,ancestor
188980,71,71,direct
188980,101,101,direct
188986,1,1,direct
188986,3,3,direct
188986,46,46,direct
188986,49,49,direct
188986,239,239,direct
188986,340,340,direct
189001,27,27,direct
189062,4,4,direct
189062,221,221,direct
189068,3,3,direct
189068,4,10,ancestor
189068,10,10,direct
189068,87,87,direct
189070,2,2,direct
189070,4,4,direct
189070,11,11,direct
189071,1,1,direct
189071,3,3,direct
189071,5,5,direct
189071,6,6,direct
189071,7,7,direct
189071,19,19,direct
189071,76,76,direct
189091,7,7,direct
189091,11,11,direct
189130,7,7,direct
189164,1,1,direct
189164,2,2,direct
189164,3,3,direct
189164,16,16,direct
189164,17,17,direct
189164,24,589,ancestor
189164,589,589,direct
189180,3,3,direct
189180,14,14,direct
189180,17,17,direct
189180,80,80,direct
189225,1,1,direct
189225,2,2,direct
189225,3,3,direct
189225,5,5,direct
189230,24,24,direct
189239,4,32,ancestor
189239,12,12,direct
189239,32,32,direct
189266,5,5,direct
189266,6,6,direct
189266,12,12,direct
189310,2,2,direct
189310,264,264,direct
189313,1,1,direct
189313,2,2,direct
189313,46,46,direct
189313,91,91,direct
189361,2,2,direct
189361,40,40,direct
189419,1,1,direct
189419,7,7,direct
189419,41,41,direct
189419,590,41,ancestor
189459,3,3,direct
189459,14,14,direct
189459,23,23,direct
189459,178,178,direct
189503,1,1,direct
189503,2,2,direct
189503,12,12,direct
189503,84,84,direct
189508,7,7,direct
189508,14,14,direct
189517,2,2,direct
189517,46,46,direct
189563,1,1,direct
189563,2,2,direct
189563,3,3,direct
189563,11,11,direct
189563,347,347,direct
189564,1,1,direct
189564,7,7,direct
189576,1,1,direct
189576,2,2,direct
189576,3,3,direct
189576,171,171,direct
189589,1,1,split
189589,2,2,split
189589,3,3,split
189589,5,5,direct
189589,11,11,direct
189589,12,12,direct
189589,27,27,direct
189589,49,49,direct
189621,1,1,direct
189621,3,3,direct
189621,4,4,direct
189621,7,7,direct
189632,1,1,split
189632,2,2,direct
189632,3,3,split
189632,17,17,direct
189632,96,96,direct
189632,115,115,direct
189632,390,390,direct
189673,2,2,direct
189673,3,3,direct
189673,15,15,direct
189673,24,15,ancestor
189673,29,29,direct
189673,57,57,direct
189673,80,80,direct
189682,2,2,direct
189682,3,3,direct
189684,20,20,direct
189684,57,57,direct
189684,64,64,direct
189684,303,303,direct
189696,1,1,direct
189696,2,2,direct
189696,14,14,direct
189696,17,17,direct
189762,331,331,direct
189771,3,3,direct
189771,6,6,direct
189771,58,58,direct
189771,63,63,direct
189771,131,131,direct
189788,7,7,direct
189788,14,14,direct
189827,1,1,direct
189827,2,2,direct
189827,3,3,direct
189827,6,6,direct
189827,19,19,direct
189884,7,7,direct
189884,80,80,direct
189894,2,2,direct
189902,4,4,direct
189902,6,6,direct
189902,11,11,direct
189902,33,33,direct
189925,1,1,direct
189925,7,7,direct
189946,2,2,direct
189946,50,50,direct
189946,136,136,direct
189962,1,1,split
189962,2,2,split
189962,3,3,split
189962,18,18,direct
189962,24,589,ancestor
189962,589,589,direct
189990,1,1,direct
189990,3,3,direct
189990,24,589,ancestor
189990,589,589,direct
190017,2,2,direct
190017,3,3,direct
190017,4,10,ancestor
190017,5,5,direct
190017,10,10,direct
190017,11,11,direct
190021,11,11,direct
190041,80,80,direct
190050,1,1,direct
190050,2,2,direct
190050,3,3,direct
190050,84,84,direct
190050,91,91,direct
190053,1,1,direct
190053,2,2,direct
190053,3,3,direct
190054,3,3,direct
190054,4,4,direct
190054,5,5,direct
190068,1,1,split
190068,2,2,split
190068,3,3,split
190068,126,126,direct
190068,180,180,direct
190087,1,1,direct
190087,7,7,direct
190088,1,1,direct
190088,2,2,direct
190088,3,3,direct
190098,5,5,direct
190098,12,12,direct
190098,15,15,direct
190098,24,15,ancestor
190098,46,46,direct
190102,14,14,direct
190121,2,2,direct
190121,3,3,direct
190121,12,12,direct
190121,17,17,direct
190134,1,1,direct
190134,7,7,direct
190138,2,2,direct
190138,3,3,direct
190138,17,17,direct
190138,110,110,direct
190187,1,1,split
190187,2,2,split
190187,3,3,split
190187,322,322,direct
190215,2,2,direct
190215,3,3,direct
190215,11,11,direct
190215,80,80,direct
190216,1,1,direct
190216,2,2,direct
190216,3,3,direct
190216,11,11,direct
190216,12,12,direct
190216,110,110,direct
190226,3,3,direct
190226,24,24,direct
190226,318,318,direct
190228,2,2,direct
190228,6,6,direct
190228,19,19,direct
190236,2,2,direct
190236,3,3,direct
190236,24,226,ancestor
190236,226,226,direct
190242,2,2,direct
190242,161,161,direct
190264,2,2,direct
190264,4,4,direct
190264,109,109,direct
190288,4,4,direct
190288,12,12,direct
190289,2,2,direct
190289,49,49,direct
190322,1,1,direct
190322,75,75,direct
190330,138,138,direct
190374,7,7,direct
190374,48,48,direct
190389,7,7,direct
190428,1,1,direct
190428,3,3,direct
190428,4,4,direct
190428,184,184,direct
190431,3,3,direct
190431,9,9,direct
190431,46,46,direct
190437,2,2,direct
190473,2,2,direct
190473,3,3,direct
190473,29,29,direct
190499,1,1,direct
190499,2,2,direct
190499,3,3,direct
190499,110,110,direct
190507,6,6,direct
190507,12,12,direct
190524,7,7,direct
190537,1,1,direct
190537,7,7,direct
190537,84,84,direct
190616,1,1,split
190616,2,2,split
190616,3,3,split
190616,63,63,direct
190616,231,231,direct
190619,1,1,direct
190619,46,46,direct
190619,66,66,direct
190651,7,7,direct
190651,14,14,direct
190651,40,40,direct
190659,8,8,direct
190659,11,11,direct
190659,265,265,direct
190690,1,1,direct
190690,2,2,direct
190690,3,3,direct
190690,5,5,direct
190690,6,6,direct
190690,9,9,direct
190690,18,18,direct
190690,22,22,direct
190690,239,239,direct
190754,1,1,direct
190754,2,2,direct
190754,3,3,direct
190754,11,11,direct
190754,12,12,direct
190777,1,1,direct
190777,3,3,direct
190780,1,1,direct
190780,2,2,direct
190780,3,3,direct
190780,14,14,direct
190780,18,18,direct
190780,126,126,direct
190805,3,3,direct
190805,21,21,direct
190805,24,216,ancestor
190805,57,57,direct
190805,216,216,direct
190817,3,3,direct
190817,8,82,ancestor
190817,12,12,direct
190817,14,14,direct
190817,82,82,direct
190855,2,2,direct
190855,3,3,direct
190855,9,9,direct
190975,2,2,direct
190975,18,18,direct
190975,19,19,direct
190986,3,3,direct
190986,29,29,direct
191002,13,13,direct
191002,19,19,direct
191014,7,7,direct
191014,14,14,direct
191019,1,1,direct
191019,3,3,direct
191019,50,50,direct
191022,3,3,direct
191022,4,4,direct
191022,52,52,direct
191033,1,1,direct
191033,3,3,direct
191033,5,5,direct
191033,6,6,direct
191033,8,82,ancestor
191033,12,12,direct
191033,14,14,direct
191033,82,82,direct
191054,1,1,direct
191054,3,3,direct
191059,3,3,direct
191064,2,2,direct
191064,3,3,direct
191103,7,7,direct
191128,4,260,ancestor
191128,32,260,ancestor
191128,260,260,direct
191129,2,2,direct
191129,9,9,direct
191129,46,46,direct
191145,7,7,direct
191145,12,12,direct
191145,19,19,direct
191170,12,12,direct
191170,23,23,direct
191170,94,94,direct
191170,128,128,direct
191179,2,2,direct
191179,22,22,direct
191179,91,91,direct
191179,112,112,direct
191179,120,120,direct
191184,2,2,direct
191186,3,3,direct
191186,24,24,direct
191186,73,73,direct
191208,7,7,direct
191250,4,4,direct
191250,436,436,direct
191305,1,1,direct
191305,2,2,direct
191305,26,26,direct
191305,83,83,direct
191314,1,1,direct
191314,2,2,direct
191314,3,3,direct
191314,24,589,ancestor
191314,88,88,direct
191314,589,589,direct
191326,1,1,direct
191326,2,2,direct
191326,11,11,split
191326,50,50,split
191346,3,3,direct
191346,21,21,direct
191346,24,212,ancestor
191346,57,57,direct
191346,212,212,direct
191347,2,2,direct
191347,3,3,direct
191347,4,10,ancestor
191347,10,10,direct
191347,11,11,direct
191352,4,10,ancestor
191352,10,10,direct
191352,17,17,direct
191352,19,19,direct
191387,104,104,direct
191430,2,2,direct
191430,23,23,direct
191460,1,1,direct
191460,7,7,direct
191460,11,11,direct
191514,1,1,direct
191557,2,2,direct
191557,3,3,direct
191557,23,23,direct
191559,6,6,direct
191559,7,7,direct
191559,14,14,direct
191559,30,30,direct
191559,40,40,direct
191559,99,99,direct
191562,12,12,direct
191668,1,1,direct
191668,2,2,direct
191668,3,3,direct
191668,88,88,direct
191693,1,1,direct
191693,7,7,direct
191693,63,63,direct
191696,1,1,direct
191696,6,6,direct
191696,13,13,direct
191696,30,30,direct
191696,57,57,direct
191696,246,246,direct
191726,11,11,direct
191726,91,91,direct
191726,108,108,direct
191750,1,1,direct
191750,2,2,direct
191761,1,1,direct
191761,3,3,direct
191761,4,10,ancestor
191761,10,10,direct
191780,1,1,split
191780,3,3,split
191780,29,29,direct
191780,50,50,direct
191790,3,3,direct
191790,50,50,direct
191790,114,114,direct
191807,3,3,direct
191807,4,4,direct
191807,147,147,direct
191812,2,2,direct
191812,165,165,direct
191827,2,2,direct
191827,3,3,direct
191827,11,11,split
191827,49,49,split
191872,1,1,direct
191872,2,2,direct
191872,3,3,direct
191872,15,15,direct
191872,24,15,ancestor
191872,26,26,direct
191891,7,7,direct
191911,3,3,direct
191911,11,11,direct
191911,17,17,direct
191911,27,27,direct
191921,15,15,direct
191921,24,15,ancestor
191921,111,111,direct
191945,1,1,direct
191945,2,2,direct
191945,3,3,direct
191945,91,91,direct
191945,392,392,direct
191955,27,27,direct
191976,1,1,direct
191976,3,3,direct
191976,14,14,direct
191976,22,22,direct
191976,178,178,direct
191991,27,27,direct
192042,2,2,direct
192042,3,3,direct
192042,11,11,direct
192042,18,18,direct
192042,23,23,direct
192090,1,1,direct
192097,7,7,direct
192097,254,254,direct
192098,2,2,direct
192098,3,3,direct
192119,2,2,direct
192119,142,142,direct
192147,7,7,direct
192147,151,151,direct
192154,1,1,direct
192154,3,3,direct
192154,33,33,direct
192165,24,241,ancestor
192165,71,241,ancestor
192165,241,241,direct
192175,1,1,direct
192175,24,241,ancestor
192175,71,241,ancestor
192175,241,241,direct
192196,1,1,split
192196,2,2,split
192196,3,3,split
192196,5,5,direct
192196,8,8,direct
192196,9,9,direct
192196,12,12,direct
192196,14,14,direct
192196,27,27,direct
192232,2,2,direct
192232,7,7,direct
192232,254,254,direct
192235,1,1,direct
192235,2,2,direct
192235,3,3,direct
192235,9,9,direct
192235,126,126,direct
192236,12,12,direct
192236,103,103,direct
192275,1,1,direct
192275,7,7,direct
192275,33,33,direct
192275,44,44,direct
192294,1,1,direct
192294,2,2,direct
192294,3,3,direct
192294,8,82,ancestor
192294,12,12,direct
192294,14,14,direct
192294,82,82,direct
192298,1,1,direct
192298,2,2,direct
192298,3,3,direct
192306,1,1,direct
192306,2,2,direct
192306,3,3,direct
192321,2,2,direct
192321,44,44,direct
192344,199,199,direct
192379,1,1,direct
192379,3,3,direct
192379,12,12,direct
192379,18,18,direct
192408,1,1,direct
192408,3,3,direct
192408,12,12,direct
192408,14,14,direct
192424,1,1,direct
192439,1,1,direct
192439,2,2,direct
192439,3,3,direct
192439,14,14,direct
192439,46,46,direct
192452,11,11,direct
192452,110,110,direct
192458,2,2,direct
192458,3,3,direct
192458,4,4,direct
192458,41,41,direct
192458,91,91,direct
192458,590,41,ancestor
192463,3,3,direct
192463,5,5,direct
192463,14,14,direct
192463,46,46,direct
192463,178,178,direct
192465,2,2,direct
192512,6,6,direct
192512,15,15,direct
192512,16,16,direct
192512,24,15,ancestor
192512,145,145,direct
192531,9,9,direct
192531,14,14,direct
192531,46,46,direct
192559,87,87,direct
192630,4,10,ancestor
192630,10,10,direct
192630,80,80,direct
192642,2,2,direct
192642,3,3,direct
192642,18,18,direct
192642,24,105,ancestor
192642,71,105,ancestor
192642,105,105,direct
192656,2,2,direct
192660,1,1,split
192660,2,2,split
192660,26,26,direct
192660,66,66,direct
192660,83,83,direct
192697,2,2,direct
192697,4,10,ancestor
192697,10,10,direct
192697,11,11,direct
192697,123,123,direct
192699,1,1,direct
192699,3,3,direct
192699,80,80,direct
192737,7,7,direct
192737,14,14,direct
192743,4,37,ancestor
192743,37,37,direct
192773,7,7,direct
192773,14,14,direct
192773,69,69,direct
192780,24,589,ancestor
192780,67,67,direct
192780,589,589,direct
192783,2,2,direct
192783,31,31,direct
192792,6,6,direct
192792,15,15,direct
192792,16,16,direct
192792,19,19,direct
192792,24,15,ancestor
192845,1,1,direct
192845,3,3,direct
192845,91,91,direct
192845,277,277,direct
192845,292,277,ancestor
192911,7,7,direct
192911,14,14,direct
192911,16,16,direct
192911,40,40,direct
192911,153,153,direct
192919,2,2,direct
192919,8,8,direct
192919,11,11,direct
192949,11,11,direct
192949,12,12,direct
192955,1,1,direct
192955,3,3,direct
192955,65,65,direct
192990,7,7,direct
192990,142,142,direct
192999,4,4,direct
192999,23,23,direct
192999,41,41,direct
192999,590,41,ancestor
193000,1,1,split
193000,2,2,split
193000,3,3,split
193000,5,5,direct
193012,1,1,direct
193012,2,2,direct
193012,3,3,direct
193012,14,14,direct
193039,2,2,direct
193039,11,11,direct
193039,129,129,direct
193039,254,254,direct
193072,1,1,direct
193072,2,2,direct
193072,48,48,direct
193072,92,92,direct
193080,11,11,direct
193080,12,12,direct
193114,5,5,direct
193114,7,7,direct
193114,41,41,direct
193114,590,41,ancestor
193145,1,1,direct
193145,41,41,direct
193145,57,57,direct
193145,108,108,direct
193145,590,41,ancestor
193157,2,2,direct
193157,3,3,direct
193157,8,463,ancestor
193157,49,49,direct
193157,463,463,direct
193189,1,1,direct
193189,7,7,direct
193189,145,145,direct
193205,2,2,direct
193205,142,142,direct
193215,3,3,direct
193215,4,10,ancestor
193215,10,10,direct
193215,17,17,direct
193215,110,110,direct
193255,5,5,direct
193255,69,69,direct
193255,103,103,direct
193255,590,590,direct
193261,1,1,direct
193261,3,3,direct
193261,4,10,ancestor
193261,7,7,direct
193261,9,9,direct
193261,10,10,direct
193261,63,63,direct
193264,4,4,direct
193264,222,222,direct
193308,2,2,direct
193308,3,3,direct
193308,11,11,direct
193308,24,24,direct
193308,67,67,direct
193310,2,2,direct
193310,4,4,direct
193310,50,50,direct
193310,129,129,direct
193312,1,1,direct
193312,24,589,ancestor
193312,589,589,direct
193328,34,34,direct
193328,47,47,direct
193331,1,1,direct
193331,2,2,direct
193331,3,3,direct
193331,4,4,direct
193331,49,49,direct
193331,184,184,direct
193334,8,8,direct
193334,109,109,direct
193387,110,110,direct
193416,15,15,direct
193416,24,15,ancestor
193416,74,74,direct
193416,129,129,direct
193419,2,2,direct
193422,14,14,direct
193422,53,53,direct
193422,83,83,direct
193422,433,433,direct
193422,442,442,direct
193457,2,2,direct
193457,12,12,direct
193457,110,110,direct
193458,3,3,direct
193458,8,8,direct
193458,12,12,direct
193474,1,1,direct
193474,27,27,direct
193475,6,6,direct
193475,27,27,direct
193475,183,183,direct
193475,229,229,direct
193494,6,6,direct
193494,60,60,direct
193494,144,144,direct
193502,2,2,direct
193502,6,6,direct
193502,41,41,direct
193502,53,53,direct
193502,590,41,ancestor
193518,3,3,direct
193518,24,71,ancestor
193518,71,71,direct
193535,1,1,direct
193544,1,1,direct
193544,2,2,direct
193544,3,3,direct
193544,29,29,direct
193545,1,1,direct
193545,57,57,direct
193545,288,288,direct
193545,470,470,direct
193560,3,3,direct
193560,220,220,direct
193561,1,1,direct
193561,3,3,direct
193561,49,49,direct
193566,24,71,ancestor
193566,71,71,direct
193567,8,152,ancestor
193567,83,83,direct
193567,152,152,direct
193591,12,12,direct
193591,24,71,ancestor
193591,71,71,direct
193642,2,2,direct
193642,19,19,direct
193651,1,1,direct
193651,2,2,direct
193651,92,92,direct
193659,1,1,direct
193659,3,3,direct
193659,8,8,direct
193659,29,29,direct
193663,2,2,direct
193663,11,11,direct
193663,15,15,direct
193663,24,15,ancestor
193695,18,18,direct
193695,80,80,direct
193698,5,5,direct
193698,8,155,ancestor
193698,155,155,direct
193700,11,11,direct
193700,19,19,direct
193718,1,1,direct
193718,2,2,direct
193718,3,3,direct
193726,11,11,split
193726,19,19,direct
193726,49,49,split
193726,97,97,direct
193726,237,237,direct
193727,2,2,direct
193727,555,555,direct
193773,2,2,direct
193773,11,11,split
193773,50,50,split
193829,110,110,direct
193839,2,2,direct
193839,9,9,direct
193839,193,193,direct
193839,378,378,direct
193859,1,1,direct
193859,3,3,direct
193859,50,50,direct
193859,431,431,direct
193876,1,1,direct
193876,3,3,direct
193876,4,37,ancestor
193876,33,33,direct
193876,37,37,direct
193876,362,362,direct
193916,2,2,direct
193916,3,3,direct
193916,4,10,ancestor
193916,10,10,direct
193916,91,91,direct
193940,7,7,direct
193940,75,75,direct
193988,1,1,direct
193988,2,2,direct
193988,3,3,direct
193988,8,82,ancestor
193988,17,17,direct
193988,59,59,direct
193988,82,82,direct
193991,1,1,direct
193991,3,3,direct
193991,126,126,direct
194057,19,19,direct
194057,33,33,direct
194068,15,15,direct
194068,24,15,ancestor
194068,103,103,direct
194217,8,8,direct
194217,372,372,direct
194253,3,3,direct
194275,1,1,direct
194275,5,5,direct
194275,6,6,direct
194275,12,12,direct
194315,2,2,direct
194315,3,3,direct
194315,24,589,ancestor
194315,53,53,direct
194315,589,589,direct
194368,1,1,direct
194368,4,4,direct
194368,132,132,direct
194376,2,2,direct
194376,11,11,direct
194431,6,6,direct
194431,33,33,direct
194431,85,85,direct
194433,1,1,direct
194433,7,7,direct
194448,1,1,direct
194448,83,83,direct
194496,14,14,direct
194496,130,130,direct
194498,7,7,direct
194498,11,11,direct
194525,1,1,direct
194543,2,2,direct
194543,7,7,direct
194613,3,3,direct
194613,4,10,ancestor
194613,5,5,direct
194613,10,10,direct
194613,11,11,split
194613,49,49,split
194623,1,1,split
194623,2,2,split
194623,3,3,split
194623,8,8,direct
194623,44,44,direct
194623,92,92,direct
194637,1,1,direct
194641,1,1,direct
194641,2,2,direct
194641,7,7,direct
194641,75,75,direct
194673,104,104,direct
194696,2,2,direct
194696,84,84,direct
194696,110,110,direct
194711,2,2,direct
194711,4,4,direct
194711,136,136,direct
194719,3,3,direct
194719,4,10,ancestor
194719,10,10,direct
194728,2,2,direct
194728,193,193,direct
194728,223,223,direct
194745,1,1,direct
194745,108,108,direct
194746,6,6,direct
194746,16,16,direct
194746,33,33,direct
194746,107,107,direct
194746,433,433,direct
194759,1,1,direct
194759,2,2,direct
194759,3,3,direct
194759,9,9,direct
194759,17,17,direct
194759,126,126,direct
194870,1,1,direct
194870,2,2,direct
194870,6,6,direct
194870,41,41,direct
194870,99,99,direct
194870,590,41,ancestor
194900,1,1,direct
194900,11,11,direct
194900,83,83,direct
194909,3,3,direct
194909,57,57,direct
194945,2,2,direct
194945,110,110,direct
194949,2,2,direct
194949,3,3,direct
194949,309,309,direct
194991,3,3,direct
194991,23,23,direct
194991,30,30,direct
195001,3,3,direct
195001,6,6,direct
195001,8,8,direct
195001,12,12,direct
195001,14,14,direct
195002,1,1,direct
195002,2,2,direct
195002,11,11,direct
195002,12,12,direct
195002,18,18,direct
195024,1,1,direct
195024,6,6,direct
195024,130,130,direct
195059,7,7,direct
195063,3,3,direct
195063,4,10,ancestor
195063,10,10,direct
195116,129,129,direct
195117,1,1,direct
195117,11,11,direct
195117,138,138,direct
195131,87,87,direct
195131,265,265,direct
195154,7,7,direct
195154,109,109,direct
195155,4,4,direct
195155,5,5,direct
195155,6,6,direct
195155,12,12,direct
195155,136,136,direct
195163,2,2,direct
195163,3,3,direct
195163,29,29,direct
195193,221,221,direct
195199,11,11,direct
195199,220,220,direct
195226,1,1,direct
195226,2,2,direct
195226,3,3,direct
195226,24,24,direct
195227,1,1,direct
195227,3,3,direct
195227,156,156,direct
195255,1,1,direct
195255,2,2,direct
195255,18,18,direct
195255,27,27,direct
195299,1,1,direct
195299,2,2,direct
195299,3,3,direct
195299,6,6,direct
195299,15,15,direct
195299,16,16,direct
195299,19,19,direct
195299,24,15,ancestor
195301,1,1,direct
195301,542,542,direct
195305,7,7,direct
195305,14,14,direct
195312,7,7,direct
195312,14,14,direct
195327,1,1,direct
195327,4,37,ancestor
195327,17,17,direct
195327,18,18,direct
195327,37,37,direct
195347,294,294,direct
195392,1,1,direct
195392,2,2,direct
195392,3,3,direct
195392,4,10,ancestor
195392,10,10,direct
195392,12,12,direct
195392,227,227,direct
195397,11,11,direct
195397,15,15,direct
195397,24,15,ancestor
195397,33,33,direct
195445,2,2,direct
195445,46,46,direct
195473,195,195,direct
195517,1,1,direct
195517,3,3,direct
195517,64,64,direct
195517,219,219,direct
195530,1,1,direct
195530,3,3,direct
195530,4,4,direct
195530,84,84,direct
195549,2,2,direct
195549,3,3,direct
195549,95,95,direct
195549,205,205,direct
195549,292,205,ancestor
195601,3,3,direct
195601,8,8,direct
195613,7,7,direct
195613,130,130,direct
195619,6,6,direct
195619,14,14,direct
195619,53,53,direct
195619,103,103,direct
195622,44,44,direct
195636,11,11,direct
195636,220,220,direct
195638,2,2,direct
195638,3,3,direct
195638,5,5,direct
195638,182,182,direct
195671,2,2,direct
195671,7,7,direct
195671,17,17,direct
195676,1,1,direct
195676,3,3,direct
195784,70,70,direct
195798,5,5,direct
195798,8,8,direct
195884,1,1,direct
195884,3,3,direct
195941,1,1,direct
195941,2,2,split
195941,3,3,split
195941,9,9,direct
195941,14,14,direct
195941,46,46,direct
195961,4,10,ancestor
195961,10,10,direct
195977,1,1,direct
195977,7,7,direct
195977,57,57,direct
195977,133,133,direct
195977,254,254,direct
196020,7,7,direct
196020,222,222,direct
196020,590,590,direct
196039,1,1,direct
196039,19,19,direct
196047,3,3,direct
196047,24,24,direct
196047,195,195,direct
196088,5,5,direct
196088,7,7,direct
196088,14,14,direct
196088,15,15,direct
196088,24,15,ancestor
196125,7,7,direct
196209,2,2,direct
196242,1,1,direct
196242,15,15,direct
196242,19,19,direct
196242,24,15,ancestor
196244,14,14,direct
196244,76,76,direct
196247,1,1,direct
196247,5,5,direct
196247,12,12,direct
196261,29,29,direct
196313,4,4,direct
196313,6,6,direct
196313,362,362,direct
196346,1,1,direct
196346,3,3,direct
196366,7,7,direct
196366,46,46,direct
196366,74,74,direct
196366,89,89,direct
196366,99,99,direct
196366,176,176,direct
196387,2,2,direct
196387,6,6,direct
196387,23,23,direct
196387,104,104,direct
196398,2,2,direct
196398,4,10,ancestor
196398,10,10,direct
196398,70,70,direct
196415,23,23,direct
196415,208,208,direct
196438,1,1,direct
196438,2,2,direct
196438,3,3,direct
196438,7,7,direct
196438,14,14,direct
196457,11,11,direct
196457,23,23,direct
196457,24,24,direct
196459,1,1,direct
196459,2,2,direct
196459,18,18,direct
196459,110,110,direct
196488,2,2,direct
196488,18,18,direct
196488,70,70,direct
196492,1,1,direct
196492,3,3,split
196492,7,7,direct
196506,16,16,direct
196506,20,20,direct
196506,87,87,direct
196516,2,2,direct
196516,18,18,direct
196516,264,264,direct
196539,1,1,direct
196539,70,70,direct
196539,198,198,direct
196559,2,2,direct
196559,3,3,direct
196559,8,8,direct
196559,17,17,direct
196577,1,1,direct
196577,2,2,direct
196577,3,3,direct
196577,9,9,direct
196577,18,18,direct
196577,164,164,direct
196577,182,182,direct
196638,80,80,direct
196726,1,1,direct
196726,3,3,direct
196726,330,330,direct
196726,590,330,ancestor
196759,1,1,direct
196759,3,3,direct
196759,63,63,direct
196775,1,1,direct
196806,41,41,direct
196806,76,76,direct
196806,590,41,ancestor
196822,20,20,direct
196846,1,1,direct
196846,2,2,direct
196846,3,3,direct
196846,4,10,ancestor
196846,10,10,direct
196847,2,2,direct
196847,23,23,direct
196847,44,44,direct
196869,1,1,direct
196869,2,2,direct
196869,7,7,direct
196869,115,115,direct
196869,236,236,direct
196887,1,1,direct
196887,7,7,direct
196908,1,1,direct
196938,1,1,direct
196938,7,7,direct
196950,1,1,direct
196950,2,2,direct
196950,6,6,direct
196950,7,7,direct
196950,12,12,direct
196950,33,33,direct
196950,44,44,direct
196973,14,14,direct
196973,76,76,direct
197009,4,4,direct
197009,6,6,direct
197009,9,9,direct
197009,29,29,direct
197046,2,2,direct
197046,3,3,direct
197046,91,91,direct
197046,161,161,direct
197063,1,1,direct
197063,2,2,direct
197063,4,4,direct
197063,69,69,direct
197075,1,1,direct
197075,3,3,direct
197075,5,5,direct
197075,12,12,direct
197075,24,589,ancestor
197075,589,589,direct
197076,1,1,direct
197076,3,3,direct
197108,178,178,direct
197110,2,2,direct
197110,3,3,direct
197110,11,11,direct
197110,12,12,direct
197110,19,19,direct
197118,1,1,direct
197118,3,3,direct
197118,4,4,direct
197118,23,23,direct
197122,1,1,direct
197122,2,2,direct
197122,7,7,direct
197122,19,19,direct
197125,129,129,direct
197167,2,2,direct
197167,3,3,direct
197167,24,589,ancestor
197167,169,169,direct
197167,589,589,direct
197172,1,1,direct
197172,2,2,direct
197172,474,474,direct
197180,1,1,split
197180,3,3,split
197180,6,6,direct
197180,33,33,direct
197180,109,109,direct
197180,229,229,direct
197221,2,2,direct
197221,3,3,direct
197221,50,50,direct
197221,110,110,direct
197222,2,2,direct
197222,3,3,direct
197222,95,95,direct
197232,1,1,split
197232,2,2,split
197232,3,3,split
197232,6,6,direct
197232,12,12,direct
197232,24,71,ancestor
197232,70,70,direct
197232,71,71,direct
197232,234,234,direct
197232,590,234,ancestor
197316,8,8,direct
197328,1,1,direct
197328,2,2,direct
197328,3,3,direct
197328,4,4,direct
197328,227,227,direct
197364,3,3,direct
197364,58,58,direct
197389,11,11,direct
197415,5,5,direct
197415,6,6,direct
197415,11,11,direct
197415,12,12,direct
197415,18,18,direct
197415,22,22,direct
197415,28,28,direct
197415,590,590,direct
197416,3,3,direct
197416,14,14,direct
197453,2,2,direct
197453,3,3,direct
197453,24,24,direct
197453,91,91,direct
197453,111,111,direct
197484,6,6,direct
197484,13,13,direct
197484,87,87,direct
197562,11,11,direct
197562,24,589,ancestor
197562,589,589,direct
197582,1,1,direct
197582,3,3,direct
197582,7,7,direct
197600,1,1,direct
197600,3,3,direct
197600,110,110,direct
197634,1,1,split
197634,2,2,split
197634,3,3,split
197634,6,6,direct
197634,7,7,direct
197634,11,11,direct
197650,1,1,direct
197659,1,1,direct
197659,3,3,direct
197659,112,112,direct
197663,2,2,direct
197680,4,37,ancestor
197680,5,5,direct
197680,14,14,direct
197680,23,23,direct
197680,37,37,direct
197680,221,221,direct
197690,19,19,direct
197707,76,76,direct
197708,7,7,direct
197744,1,1,direct
197744,3,3,direct
197744,83,83,direct
197744,157,157,direct
197745,130,130,direct
197775,1,1,direct
197775,93,93,direct
197775,169,169,direct
197798,7,7,direct
197798,40,40,direct
197804,64,64,direct
197833,6,6,direct
197833,11,11,direct
197833,33,33,direct
197935,3,3,direct
197935,108,108,direct
197936,1,1,direct
197936,108,108,direct
197936,129,129,direct
197997,1,1,direct
197997,2,2,direct
197997,3,3,direct
197997,9,9,direct
197997,292,466,ancestor
197997,466,466,direct
198018,14,14,direct
198018,41,41,direct
198018,199,199,direct
198018,590,41,ancestor
198025,2,2,direct
198025,15,15,direct
198025,22,22,direct
198025,24,15,ancestor
198028,1,1,direct
198028,2,2,direct
198028,3,3,direct
198028,108,108,direct
198031,7,7,direct
198031,14,14,direct
198031,27,27,direct
198063,1,1,direct
198063,2,2,direct
198063,3,3,direct
198063,6,6,direct
198063,11,11,direct
198063,14,14,direct
198063,110,110,direct
198069,7,7,direct
198069,337,337,direct
198074,2,2,direct
198074,19,19,direct
198074,85,85,direct
198074,195,195,direct
198100,1,1,direct
198100,2,2,direct
198100,3,3,direct
198153,1,1,direct
198153,7,7,direct
198153,9,9,direct
198153,19,19,direct
198159,9,9,direct
198168,3,3,direct
198168,9,9,direct
198168,59,59,direct
198194,3,3,direct
198194,94,94,direct
198242,1,1,direct
198242,2,2,direct
198242,3,3,direct
198250,2,2,direct
198250,27,27,direct
198250,33,33,direct
198266,1,1,direct
198266,9,9,direct
198266,36,36,direct
198266,40,40,direct
198298,2,2,direct
198298,3,3,direct
198298,4,10,ancestor
198298,10,10,direct
198351,590,590,direct
198380,3,3,direct
198380,9,9,direct
198381,4,4,direct
198386,2,2,direct
198386,99,99,direct
198388,29,29,direct
198389,2,2,direct
198389,3,3,direct
198389,81,81,direct
198389,242,242,direct
198399,3,3,direct
198399,14,14,direct
198399,29,29,direct
198420,1,1,direct
198420,2,2,direct
198420,18,18,direct
198459,2,2,direct
198459,53,53,direct
198496,46,46,direct
198496,66,66,direct
198499,1,1,direct
198499,14,14,direct
198499,46,46,direct
198499,58,58,direct
198525,2,2,direct
198566,3,3,direct
198566,63,63,direct
198567,7,7,direct
198567,13,13,direct
198567,68,68,direct
198567,69,69,direct
198582,1,1,direct
198582,2,2,direct
198582,70,70,direct
198593,1,1,direct
198593,2,2,direct
198593,11,11,direct
198593,83,83,direct
198645,494,494,direct
198655,7,7,direct
198655,337,337,direct
198680,1,1,direct
198680,3,3,direct
198680,69,69,direct
198695,1,1,direct
198695,7,7,direct
198695,165,165,direct
198698,1,1,direct
198698,2,2,direct
198698,3,3,direct
198698,9,9,direct
198698,91,91,direct
198722,1,1,direct
198722,2,2,direct
198722,52,52,direct
198729,2,2,direct
198729,151,151,direct
198742,1,1,direct
198742,2,2,direct
198742,3,3,direct
198742,8,8,direct
198742,14,14,direct
198759,1,1,direct
198759,2,2,direct
198759,4,10,ancestor
198759,10,10,direct
198764,1,1,direct
198764,2,2,direct
198764,3,3,direct
198774,2,2,direct
198774,11,11,direct
198812,8,8,direct
198812,36,36,direct
198893,2,2,direct
198893,474,474,direct
198960,2,2,direct
198960,8,8,direct
198960,69,69,direct
198987,1,1,direct
198987,2,2,direct
198987,3,3,direct
198987,220,220,direct
198997,1,1,direct
198997,2,2,direct
198997,7,7,direct
198997,14,14,direct
199007,3,3,direct
199007,17,17,direct
199007,340,340,direct
199018,2,2,direct
199018,5,5,direct
199018,130,130,direct
199029,1,1,split
199029,3,3,split
199029,6,6,direct
199029,8,8,direct
199029,12,12,direct
199029,14,14,direct
199059,4,4,direct
199074,3,3,direct
199074,6,6,direct
199074,13,13,direct
199074,57,57,direct
199093,1,1,direct
199093,7,7,direct
199093,19,19,direct
199106,8,82,ancestor
199106,82,82,direct
199110,1,1,direct
199110,11,11,direct
199110,12,12,direct
199110,49,49,direct
199144,194,194,direct
199144,265,265,direct
199146,83,83,direct
199166,1,1,direct
199166,3,3,direct
199166,7,7,direct
199166,23,23,direct
199167,1,1,split
199167,2,2,split
199167,3,3,split
199167,6,6,direct
199167,217,217,direct
199178,19,19,direct
199283,2,2,direct
199283,17,17,direct
199324,24,241,ancestor
199324,71,241,ancestor
199324,241,241,direct
199401,1,1,direct
199401,3,3,direct
199401,9,9,direct
199401,497,497,direct
199459,11,11,direct
199465,1,1,direct
199465,2,2,direct
199465,3,3,direct
199465,110,110,direct
199466,2,2,direct
199466,254,254,direct
199516,1,1,direct
199516,2,2,direct
199519,4,4,direct
199519,7,7,direct
199519,48,48,direct
199522,4,10,ancestor
199522,10,10,direct
199573,31,31,direct
199618,3,3,direct
199618,8,82,ancestor
199618,82,82,direct
199619,1,1,direct
199619,2,2,direct
199619,6,6,direct
199619,15,15,direct
199619,16,16,direct
199619,19,19,direct
199619,24,15,ancestor
199619,52,52,direct
199665,1,1,direct
199665,2,2,direct
199665,3,3,direct
199665,5,5,direct
199665,106,106,direct
199665,347,347,direct
199666,5,5,direct
199666,8,8,direct
199666,14,14,direct
199685,2,2,direct
199685,91,91,direct
199726,3,3,direct
199726,11,11,direct
199726,91,91,direct
199727,1,1,direct
199727,2,2,direct
199727,3,3,direct
199727,11,11,direct
199727,12,12,direct
199727,151,151,direct
199734,3,3,direct
199734,4,204,ancestor
199734,80,80,direct
199734,204,204,direct
199739,1,1,direct
199739,3,3,direct
199739,23,23,direct
199739,24,105,ancestor
199739,71,105,ancestor
199739,105,105,direct
199761,2,2,direct
199761,3,3,direct
199761,112,112,direct
199768,5,5,direct
199768,8,82,ancestor
199768,14,14,direct
199768,82,82,direct
199809,2,2,direct
199809,3,3,direct
199809,41,41,direct
199809,136,136,direct
199809,590,41,ancestor
199846,1,1,direct
199846,3,3,direct
199846,4,10,ancestor
199846,10,10,direct
199878,1,1,direct
199878,2,2,direct
199878,3,3,direct
199878,151,151,direct
199879,2,2,direct
199879,6,6,direct
199879,23,23,direct
199879,81,81,direct
199887,7,7,direct
199921,362,362,direct
199923,5,5,direct
199923,6,6,direct
199923,7,7,direct
199955,2,2,direct
199955,3,3,direct
199955,8,82,ancestor
199955,12,12,direct
199955,14,14,direct
199955,82,82,direct
199958,3,3,direct
199958,58,58,direct
