dish_id,tag_id
5,2
5,6
5,1
15,1
15,6
15,2
19,26
19,1
44,1
51,59
51,18
51,1
68,6
68,1
77,1
77,2
77,15
112,1
112,35
134,2
134,1
134,7
135,7
135,1
135,35
138,1
138,7
138,34
138,128
166,28
166,1
185,2
185,1
185,115
192,79
192,1
192,63
197,1
235,15
235,1
238,1
238,119
238,2
263,1
265,6
265,1
265,13
283,337
283,1
283,304
283,7
283,3
283,37
335,1
335,7
349,28
349,1
366,17
366,92
366,1
368,1
375,1
400,7
400,1
413,1
413,55
413,230
415,1
418,1
418,7
418,2
427,1
427,17
427,2
430,1
430,36
430,6
436,1
436,2
445,7
445,1
445,15
445,2
445,9
445,17
445,92
445,503
445,191
445,530
445,50
445,531
445,1480
454,1
454,2
469,32
469,2
469,1
490,7
490,1
504,7
504,35
504,1
504,169
504,2228
526,2
526,1
526,13
532,2
532,7
532,1
542,1
542,2
542,169
595,1
595,7
596,2
596,1
612,2
612,1
612,226
625,6
625,1
627,28
627,1
670,6
670,36
696,7
696,28
696,1
728,6
728,1
728,90
768,1
780,1
780,2
780,26
780,110
783,1
789,15
789,38
789,2
789,7
789,1
791,28
791,1
791,7
791,54
796,1
818,1
839,1
839,37
857,2
857,1
907,1
907,2
907,113
915,1
915,48
936,3
936,2
936,1
961,1
961,7
961,9
961,2
961,54
975,2
975,1
975,2234
975,714
976,1
978,56
978,2
978,149
978,315
978,232
978,113
978,49
981,58
981,1
994,1
1035,1
1035,28
1035,7
1072,2
1072,1
1072,7
1092,67
1092,1
1092,15
1101,1
1101,15
1101,37
1130,59
1130,1
1130,2
1130,25
1130,67
1131,1
1131,2
1165,1
1165,15
1185,1
1185,15
1185,2
1189,1
1189,7
1216,31
1216,1
1216,7
1236,2
1236,1
1236,7
1247,7
1247,1
1247,2
1249,1
1249,2
1249,7
1249,37
1249,13
1256,2
1256,15
1256,1
1292,7
1292,1
1322,1
1322,7
1331,1
1331,7
1331,2
1378,1
1378,15
1378,2
1451,2
1451,1
1477,6
1477,23
1477,3
1477,1
1477,2240
1479,1
1479,7
1479,2
1499,7
1499,1
1499,2
1503,41
1503,1
1503,7
1503,54
1514,1
1517,1
1517,2
1522,1
1535,1
1551,1
1551,15
1551,716
1551,2241
1551,146
1578,1
1578,23
1630,1
1630,7
1645,7
1645,1
1645,35
1678,2
1678,48
1678,1
1694,1
1696,1
1696,26
1696,15
1696,2
1696,7
1707,1
1722,122
1722,1
1722,7
1725,1
1761,1
1763,13
1763,1
1768,1
1768,7
1794,2
1794,7
1794,1
1794,2245
1802,18
1802,38
1802,162
1802,1
1802,2
1823,1
1845,7
1845,64
1845,1
1856,7
1856,1
1877,1
1877,7
1877,2
1884,1
1884,63
1884,2
1901,6
1901,1
1910,2
1910,1
1910,7
1910,81
1910,237
1917,2
1917,7
1987,7
1987,1
1987,2
2002,23
2002,1
2002,3
2002,128
2003,2
2003,1
2005,1
2005,7
2005,599
2010,2
2010,13
2010,1
2011,15
2011,1
2011,13
2023,6
2023,2
2023,1
2023,81
2023,36
2024,1
2024,7
2029,1
2042,2
2042,1
2044,42
2044,1
2044,192
2045,1
2045,15
2045,2
2045,48
2085,15
2085,2
2139,2
2139,13
2139,156
2139,1491
2139,360
2139,55
2139,18
2139,127
2147,17
2147,48
2147,13
2147,2
2147,1
2185,1
2185,2
2185,17
2195,17
2195,2
2195,1
2203,1
2203,29
2203,7
2205,2
2205,64
2205,135
2205,1
2248,1
2248,13
2253,23
2253,1
2330,1
2330,7
2330,35
2330,2256
2330,2257
2330,988
2330,26
2330,188
2335,2
2335,1
2335,204
2335,1496
2355,1
2355,15
2364,2
2364,18
2364,24
2364,56
2366,1
2389,6
2389,49
2389,1
2399,1
2399,64
2399,48
2407,6
2407,1
2407,36
2417,775
2417,1498
2417,1
2417,7
2418,2
2418,1
2426,1
2426,15
2426,7
2428,1
2428,49
2428,13
2434,2
2434,23
2434,1
2435,7
2435,1
2454,1
2461,1
2461,7
2461,2
2491,1
2491,28
2491,7
2492,2
2492,1
2539,1
2539,2
2540,2
2540,1
2540,7
2540,37
2543,78
2543,203
2543,23
2543,1
2543,35
2548,1
2548,2
2548,49
2560,1
2560,2
2560,7
2578,2
2578,1
2578,81
2578,245
2578,151
2578,399
2578,31
2578,717
2578,23
2578,78
2617,23
2617,1
2617,19
2617,142
2617,128
2617,602
2633,1
2633,2
2633,2262
2633,361
2633,1500
2644,28
2644,1
2644,2
2665,7
2665,1
2674,56
2674,1
2674,2263
2674,113
2674,153
2681,1
2752,2
2752,1
2752,13
2755,1
2755,64
2762,2
2762,1
2762,21
2762,71
2779,28
2779,62
2779,1
2795,1
2815,1
2815,9
2815,2
2815,24
2859,6
2859,1
2860,1
2897,2
2897,1
2897,2267
2897,2268
2897,296
2919,60
2919,2
2919,1
2919,506
2948,25
2948,1
2948,7
2978,1
2984,1
2984,67
3011,119
3011,1
3011,15
3025,1
3025,2
3034,2
3034,1
3036,2
3036,45
3036,168
3036,106
3036,1
3064,1
3064,15
3064,2
3071,1
3071,1179
3071,7
3071,245
3071,383
3071,23
3071,2271
3071,204
3081,1
3081,15
3081,2
3095,1
3095,28
3138,1
3210,7
3210,1
3210,15
3212,6
3212,1
3212,176
3218,1
3218,2
3218,60
3257,1
3257,48
3257,253
3257,146
3258,1
3258,28
3258,13
3273,1
3273,2
3273,112
3273,114
3337,1
3337,26
3337,7
3371,7
3371,15
3371,2
3378,2
3378,1
3383,7
3383,2
3383,1
3468,76
3468,1
3468,54
3516,2276
3516,1
3516,7
3516,2
3521,7
3521,1
3521,35
3560,7
3560,1
3560,35
3579,2
3579,6
3585,308
3585,1
3585,7
3585,439
3585,718
3609,1
3633,1
3633,2
3633,166
3633,232
3645,1
3645,2
3645,7
3649,1
3649,2
3653,23
3653,1
3653,2279
3684,17
3684,1
3702,1
3702,2
3702,7
3733,17
3733,15
3733,1
3733,2283
3750,13
3750,15
3750,2
3757,1
3757,2
3757,25
3761,1
3771,17
3771,1
3782,1
3782,7
3782,2
3782,24
3786,2
3786,1
3786,15
3789,32
3789,16
3789,1
3789,24
3789,23
3789,55
3789,40
3800,23
3800,1
3800,80
3811,1
3811,15
3811,2
3811,64
3811,7
3856,58
3856,2
3856,6
3877,1
3877,2
3877,7
3891,1
3891,116
3891,37
3922,1
3922,3
3922,13
3952,2
3952,1
4032,2
4032,90
4032,1
4052,1
4052,2
4052,7
4052,79
4052,1185
4062,23
4062,35
4062,1
4069,26
4069,1
4069,35
4069,131
4070,7
4070,1
4087,2
4087,1
4087,37
4087,54
4087,2287
4107,1
4107,7
4107,2
4150,1
4150,7
4150,2
4154,28
4154,1
4154,7
4185,1
4190,20
4190,3
4190,45
4190,13
4223,6
4223,2
4223,13
4227,17
4227,15
4227,2
4227,1
4227,80
4246,1
4246,7
4284,14
4284,33
4284,2
4284,1
4284,25
4284,40
4316,1
4316,12
4316,2
4322,2
4322,13
4322,246
4327,1
4327,7
4327,2
4368,15
4368,1
4368,49
4374,1
4384,1
4384,6
4384,20
4384,655
4384,401
4390,28
4390,1
4390,60
4390,2
4391,1
4391,2
4391,7
4400,1
4400,7
4430,28
4430,1
4430,7
4430,40
4450,6
4450,1
4457,1
4457,7
4489,7
4489,1
4537,2
4537,6
4537,1
4537,86
4569,6
4569,1
4602,1
4620,119
4620,7
4620,1
4631,26
4631,47
4631,1
4631,2
4644,2
4644,1
4644,7
4644,263
4655,1
4655,7
4683,135
4683,1
4683,32
4707,16
4707,2
4707,1
4707,31
4707,182
4720,1
4720,2
4720,43
4720,13
4720,67
4750,2
4750,1
4750,7
4758,1
4758,2
4758,7
4766,2
4766,7
4777,6
4777,49
4777,15
4777,36
4806,1
4806,6
4806,203
4806,81
4806,36
4821,23
4821,1
4821,2
4851,1
4851,15
4901,1
4901,15
4901,49
4906,1
4906,2
4906,15
4906,304
4906,13
4915,2
4915,1
4915,15
4958,1
4958,9
4958,3
4975,1
4975,58
5018,23
5018,7
5018,2
5047,1
5056,1
5117,1
5117,28
5117,7
5123,2
5123,1
5123,23
5128,56
5128,1
5128,18
5146,2
5146,7
5147,51
5147,24
5147,1
5217,57
5217,18
5217,2
5217,1
5217,40
5245,2
5245,20
5245,29
5245,7
5245,134
5245,37
5272,7
5272,2
5272,15
5272,48
5272,55
5296,1
5296,2
5296,7
5317,15
5317,1
5317,204
5343,1
5343,15
5343,2
5356,1
5356,2
5356,7
5375,54
5375,1
5375,41
5375,7
5375,17
5418,1
5432,1
5432,49
5432,2
5434,134
5434,1
5434,2
5438,49
5438,1
5438,23
5490,2
5490,1
5490,412
5490,2308
5554,6
5554,1
5569,17
5569,1
5569,2
5602,94
5602,2
5602,3
5602,24
5602,13
5607,2
5607,7
5607,13
5607,204
5608,1
5627,1
5627,2
5627,296
5631,1
5631,2
5631,15
5651,6
5651,1
5651,94
5651,15
5651,36
5663,15
5663,26
5663,1
5663,7
5663,2
5702,1
5702,2
5702,412
5702,230
5709,1
5709,140
5709,40
5711,15
5711,1
5748,301
5748,881
5748,998
5748,81
5748,1
5748,166
5748,362
5748,723
5748,7
5789,13
5789,1
5789,2
5811,1
5811,15
5821,7
5821,1
5821,41
5821,54
5823,152
5823,131
5823,7
5823,1
5823,26
5824,49
5824,1
5824,2
5827,1
5827,54
5827,7
5828,1
5828,7
5828,2312
5828,2
5849,2
5849,7
5849,1
5920,2
5920,1
5920,30
5927,1
5927,7
5927,251
5927,296
5927,71
5945,1
5945,15
5945,49
5945,48
5974,1
5974,2
5974,7
6008,1
6008,48
6053,2
6053,1
6053,7
6141,1
6168,2
6168,1
6204,1
6206,1
6218,36
6218,1
6218,9
6228,1
6228,90
6228,35
6231,2
6231,1
6231,7
6231,146
6231,92
6231,13
6231,170
6231,81
6231,237
6231,784
6236,1
6236,15
6236,7
6243,6
6273,1
6284,7
6284,1
6307,1
6307,2
6309,1
6310,7
6310,1
6310,28
6332,34
6332,3
6332,24
6332,45
6332,109
6372,2
6372,1
6372,220
6372,37
6390,1
6390,49
6390,15
6390,48
6390,88
6416,1
6416,2
6424,2
6424,1
6424,7
6424,54
6424,25
6424,40
6424,35
6468,6
6468,1
6490,2
6490,13
6490,1
6520,49
6520,2
6520,15
6520,17
6520,80
6520,163
6520,235
6529,54
6529,1
6529,2
6532,43
6532,101
6532,12
6535,2
6535,1
6535,23
6591,1
6687,2
6687,1
6687,16
6698,1
6699,1
6699,257
6721,2
6721,7
6721,1
6751,2
6751,1
6751,93
6811,1
6811,7
6811,37
6818,2
6818,108
6818,86
6818,513
6818,161
6818,1
6820,1
6820,18
6851,2
6851,1
6851,35
6851,41
6858,2
6858,1
6858,17
6859,1
6876,23
6876,152
6876,362
6876,1
6876,54
6897,424
6897,92
6897,1
6915,2
6915,1
6921,1
6921,55
6921,7
6929,2
6929,15
6929,1
6929,2331
6929,2332
6974,2
6974,339
6974,1
6974,2335
6974,56
6974,153
6982,1
6996,1
6996,7
6996,2
7009,2
7009,1
7009,48
7022,152
7022,1
7022,7
7030,1
7030,7
7030,2338
7034,15
7034,1
7034,26
7034,535
7034,2
7087,1
7087,2
7087,15
7102,2
7102,15
7102,1
7139,17
7139,7
7139,1
7145,1
7145,55
7153,7
7153,1
7153,140
7173,1
7173,15
7173,41
7175,56
7175,1
7175,2
7175,215
7212,1
7212,7
7212,64
7229,1
7229,2
7235,1
7235,48
7258,1
7258,13
7284,1
7284,55
7288,1
7288,2
7292,1
7292,23
7304,1
7315,3
7315,1
7315,62
7335,1
7335,2
7351,12
7351,1
7364,7
7364,60
7364,1
7368,1
7368,15
7382,13
7382,1
7382,7
7415,2
7415,1
7434,2
7434,28
7434,1
7434,7
7441,23
7441,2342
7441,1
7471,1
7471,2
7471,7
7471,17
7471,109
7471,80
7475,1
7475,28
7492,1
7492,17
7492,2
7507,49
7507,15
7507,1
7507,37
7514,13
7514,1
7586,6
7586,1
7586,36
7611,1
7611,7
7714,6
7714,13
7714,49
7714,381
7714,114
7714,36
7723,2
7723,108
7723,1
7730,2
7730,115
7730,1
7779,1542
7779,1
7779,2
7779,54
7787,15
7787,1
7787,2
7787,3
7787,60
7790,2
7790,7
7790,35
7790,38
7792,2
7792,1
7792,7
7792,13
7792,92
7792,146
7794,7
7794,1
7794,28
7813,1
7813,2
7813,48
7813,15
7818,1
7818,2
7818,48
7818,13
7827,6
7827,1
7832,1
7837,60
7837,2
7837,1
7837,108
7837,506
7844,2
7844,1
7848,7
7848,15
7848,2
7848,140
7848,113
7850,1
7850,7
7850,2
7861,17
7861,23
7861,1
7876,1
7876,7
7877,1
7877,15
7877,49
7877,503
7879,2
7879,1
7879,49
7892,2
7892,7
7892,1
7901,7
7901,1
7909,6
7909,13
7909,2
7910,1
7910,28
7910,35
7910,2
7925,1
7943,1
7943,2
7959,1
7982,1
8005,28
8005,1
8012,18
8012,57
8012,1
8012,3
8012,45
8053,15
8053,1
8110,6
8125,15
8125,1
8125,49
8131,1
8131,2
8141,1
8141,7
8169,2
8169,64
8169,1
8169,36
8174,15
8174,2
8174,64
8174,13
8179,1
8179,2
8179,15
8193,13
8193,1
8193,114
8197,1
8197,2
8197,1544
8287,1
8287,3
8287,2
8311,18
8311,2
8311,7
8322,36
8322,6
8322,1
8338,17
8338,2
8338,1
8348,2
8348,1
8369,36
8369,6
8369,2
8369,1
8376,6
8376,1
8406,7
8406,1
8408,1
8408,7
8408,35
8408,108
8408,86
8420,2
8420,1
8445,1
8445,7
8465,1
8465,2
8469,1
8469,2
8487,1
8487,7
8487,263
8506,1
8506,7
8506,30
8513,17
8513,2
8513,1
8541,59
8541,18
8541,2
8561,2
8561,1
8585,1
8585,7
8585,203
8664,6
8664,1
8710,2
8710,15
8710,1
8780,2
8780,1
8809,2
8809,7
8809,1
8842,2
8842,1
8868,1
8896,18
8896,1
8896,38
8896,48
8896,162
8913,1
8913,7
8913,20
8948,1
8948,7
8948,2
8966,7
8966,2
8966,1
8981,1
8981,15
8998,2
8998,1
8999,2
8999,15
8999,1
9005,3
9005,33
9005,1
9005,2
9049,2
9049,1
9049,6
9053,49
9053,1
9053,15
9055,17
9055,729
9055,2
9055,1
9055,361
9075,119
9075,1
9075,2
9119,2
9119,3
9119,13
9136,1
9136,7
9140,1
9140,7
9140,49
9140,15
9140,111
9151,7
9151,2
9151,1
9151,18
9173,1
9173,7
9173,2
9178,2
9178,1
9178,282
9180,1
9180,7
9180,2
9180,26
9183,1
9183,2
9183,48
9207,1
9207,7
9215,7
9215,1
9229,1
9230,1
9230,2
9272,1
9272,7
9272,15
9286,2
9286,1
9286,15
9287,2
9287,23
9287,49
9352,6
9352,1
9356,1
9356,15
9356,7
9356,37
9372,1
9372,7
9372,35
9414,35
9414,90
9414,1
9416,1
9446,1
9446,7
9446,15
9467,1
9467,50
9467,2
9471,1
9471,2
9471,7
9514,12
9514,43
9514,13
9514,2
9514,1
9515,1
9515,2
9515,26
9542,1
9542,13
9542,15
9550,1
9554,1
9554,7
9554,35
9557,1
9557,7
9561,1
9561,58
9594,1
9594,1555
9594,15
9594,7
9643,49
9643,1
9643,6
9651,41
9651,54
9651,2
9651,1
9651,7
9698,1
9698,7
9698,445
9698,169
9698,2
9717,1
9717,6
9717,36
9742,2
9742,1
9742,9
9753,6
9753,13
9753,1
9798,15
9798,1
9842,1
9842,2
9842,7
9842,15
9842,1201
9854,413
9854,1559
9854,6
9854,792
9854,128
9854,1
9854,36
9875,1
9875,7
9875,58
9893,1
9937,7
9937,1
9972,189
9972,44
9972,1
9982,1
9982,7
9982,2
10104,2
10104,1
10104,7
10107,1
10107,9
10148,1
10148,7
10148,2
10154,32
10154,2
10154,1
10157,2
10157,1
10157,3
10180,1
10180,2
10180,3
10180,108
10180,86
10180,38
10180,429
10180,147
10180,30
10180,13
10228,1
10236,1
10236,60
10236,7
10278,1
10278,6
10278,146
10278,1207
10363,1
10363,2
10382,1
10382,15
10382,2
10410,2
10410,1
10434,7
10434,1
10434,88
10434,2
10436,2
10436,60
10436,13
10464,2
10464,1
10464,7
10466,7
10466,1
10466,25
10467,1
10467,7
10467,49
10467,2
10492,1
10492,2
10492,54
10500,1
10500,7
10504,7
10504,1
10504,35
10509,6
10509,1
10509,34
10509,203
10509,401
10525,6
10525,13
10525,1
10566,9
10566,1
10566,43
10574,7
10574,1
10574,2
10590,7
10590,2
10590,1
10596,7
10596,1
10598,55
10598,1
10598,2
10606,1
10606,6
10606,13
10606,2
10606,49
10619,1
10619,2
10619,7
10626,1
10626,2
10695,23
10695,1
10722,2
10722,15
10722,1
10726,17
10726,13
10726,2
10726,1
10751,7
10751,1
10751,2
10757,1
10757,6
10759,23
10759,1
10759,24
10789,1
10789,2
10789,15
10789,7
10789,37
10790,146
10790,6
10790,153
10790,493
10790,1
10792,1
10792,2
10792,15
10800,1
10800,15
10800,35
10800,2
10827,50
10827,7
10827,1
10829,1
10837,1
10837,2
10837,7
10860,1
10860,2
10862,13
10862,49
10862,2
10865,1
10865,26
10865,2
10872,1
10872,119
10882,1
10882,15
10882,48
10884,28
10884,1
10884,23
10923,2
10923,1
10964,3
10964,29
10964,45
10967,17
10967,1
10967,48
10975,1
10975,2
11003,1
11008,41
11008,1
11008,9
11008,2
11008,2397
11008,80
11009,6
11009,2
11009,1
11009,81
11090,1
11090,37
11098,15
11098,1
11098,7
11139,1
11157,1
11157,2
11176,26
11176,7
11176,1
11197,1
11197,2
11197,7
11206,6
11206,56
11206,176
11206,1
11206,2
11216,1
11229,2
11229,41
11229,1
11251,37
11251,1
11252,3
11252,23
11252,1
11257,1
11257,7
11257,37
11258,17
11258,1
11258,2
11258,15
11259,1
11259,7
11275,1
11275,6
11275,2
11283,56
11283,161
11283,1
11283,35
11283,28
11308,7
11308,2
11315,6
11315,127
11315,1
11315,84
11319,23
11319,1
11319,25
11319,2
11319,24
11331,1
11331,163
11331,7
11344,1
11344,7
11344,15
11344,37
11369,1
11369,2
11369,7
11389,2
11389,67
11389,1
11399,2
11399,1
11399,23
11399,54
11399,35
11417,15
11417,1
11417,49
11458,7
11458,1
11480,1
11520,2
11520,1
11543,1
11575,2
11575,1
11576,1
11576,2
11613,17
11613,2
11613,1
11618,13
11618,1
11618,2
11630,1
11630,58
11678,1
11678,7
11678,2
11678,37
11696,1
11723,2
11723,1
11725,57
11725,18
11725,1
11763,58
11763,1
11778,2
11778,1
11778,665
11782,1
11782,2402
11782,998
11782,28
11782,7
11790,6
11790,47
11790,36
11792,2
11792,213
11792,13
11805,1
11805,7
11814,55
11814,7
11814,1
11816,1
11816,15
11824,1
11824,2
11849,2
11849,1
11849,204
11849,1573
11911,1
11925,41
11925,1
11925,2
11931,1
11931,13
11932,1
12033,1
12033,58
12039,1
12039,2
12039,128
12061,1
12061,7
12094,2
12094,1
12094,15
12094,80
12107,1
12116,1
12116,15
12117,1
12117,2
12131,28
12131,1
12131,15
12217,1
12217,2
12217,64
12247,18
12247,1
12247,90
12251,1
12251,2
12251,48
12251,1580
12252,16
12252,2
12252,1
12252,655
12256,1
12256,7
12256,2
12271,3
12271,2
12271,106
12271,16
12271,1
12271,9
12293,1
12293,2
12293,7
12301,1
12382,3
12382,2
12382,1
12382,7
12384,3
12384,2
12384,7
12407,55
12407,1
12407,2
12450,28
12450,1
12450,203
12450,1581
12453,1
12453,2
12456,15
12456,9
12456,1
12474,1
12474,15
12474,48
12526,1
12526,7
12526,2
12540,1
12540,49
12540,15
12541,7
12541,1
12543,1
12593,7
12593,1
12619,1
12619,2
12619,7
12622,7
12622,1
12622,296
12630,1
12630,2
12630,6
12630,36
12648,23
12648,1
12648,2
12676,15
12676,1
12676,2
12693,17
12693,1
12693,2
12718,56
12718,149
12718,2
12718,1
12728,1
12728,2
12728,7
12728,111
12728,67
12728,50
12736,1
12736,2
12736,54
12747,1
12747,49
12747,13
12785,1
12785,26
12785,2
12786,49
12786,2
12807,7
12807,1
12816,13
12816,2
12816,1
12816,15
12860,7
12860,2
12860,1
12886,2
12886,6
12886,1
12886,56
12921,2
12921,12
12921,1
12955,1
12955,2
12955,26
12955,125
12955,37
12956,14
12956,30
12956,1
12964,1
12964,2
12995,1
12995,7
12995,45
13021,1
13021,7
13035,1
13035,2
13057,15
13057,86
13057,1
13057,49
13057,898
13092,2
13092,1
13115,15
13115,26
13115,1
13120,1
13120,2
13120,15
13129,7
13129,1
13129,2
13148,60
13148,1
13184,3
13184,2
13184,2422
13184,146
13202,15
13202,1
13202,2
13227,28
13227,1
13227,7
13235,1
13235,2
13261,2
13261,3
13261,16
13278,38
13278,2
13278,1
13289,7
13289,1
13289,2
13295,1
13300,1
13300,2
13327,2
13327,1
13327,15
13340,34
13340,3
13340,45
13362,60
13362,13
13362,2
13395,34
13395,3
13395,385
13395,146
13395,13
13417,2
13417,1
13417,67
13428,1
13428,2
13450,2
13450,1
13450,48
13485,1
13485,35
13489,1
13489,2
13489,108
13489,86
13516,18
13516,1
13516,55
13517,15
13517,1
13517,2
13526,1
13526,15
13526,2
13526,7
13526,134
13543,6
13543,1
13559,1
13559,3
13559,34
13599,2
13599,7
13599,41
13599,1
13639,1
13639,2
13639,902
13651,38
13651,18
13651,64
13651,1
13651,162
13651,147
13656,49
13656,15
13656,17
13656,1
13656,41
13663,1
13686,99
13742,1
13742,2
13742,35
13748,1
13748,7
13748,30
13754,7
13754,1
13754,35
13790,2
13790,13
13790,1
13790,80
13848,2
13848,1
13848,15
13848,1025
13848,109
13859,1
13859,26
13859,125
13868,1
13906,1
13906,7
13906,2
13912,1
13912,26
13912,54
13912,119
13912,37
13949,32
13949,1
13949,13
13984,3
13984,1
13984,15
14014,1
14018,1
14018,2
14018,13
14018,49
14023,2
14023,1
14034,1
14034,7
14074,1
14074,2
14082,2
14082,1
14082,41
14082,15
14082,13
14082,17
14106,1
14106,23
14112,1
14112,15
14112,7
14112,110
14112,204
14116,1
14116,2
14122,1
14122,2
14122,9
14126,2
14126,1
14126,7
14126,614
14138,50
14138,7
14138,2
14150,1
14155,31
14155,17
14155,47
14155,2
14155,1
14175,3
14175,2
14175,1
14211,1
14211,28
14211,7
14255,1
14300,1
14300,7
14300,2
14352,1
14352,7
14362,1
14368,1
14368,2
14368,7
14368,60
14370,81
14370,1222
14370,2
14370,1
14375,1
14375,49
14375,15
14393,34
14393,45
14393,20
14393,13
14401,7
14401,1
14410,1
14410,55
14410,18
14441,15
14441,1
14441,49
14441,37
14442,2
14442,1
14456,26
14456,16
14456,1
14506,1
14506,7
14512,1
14512,2
14512,13
14539,6
14539,1
14539,50
14539,191
14539,116
14543,1
14558,29
14558,45
14558,23
14558,33
14563,55
14563,1
14577,1
14577,24
14577,88
14577,2
14577,76
14577,114
14577,98
14577,40
14577,71
14582,58
14582,1
14582,6
14584,2
14584,1
14588,36
14588,2
14588,71
14588,1
14590,1
14590,7
14591,1
14591,241
14591,2
14604,1
14604,13
14604,64
14617,28
14617,1
14617,7
14617,2
14620,1
14620,7
14631,2
14631,17
14631,1
14634,1
14670,1
14682,1
14682,7
14682,35
14733,134
14733,2
14733,1
14751,15
14751,48
14751,7
14773,1
14773,2
14778,1
14778,7
14780,1
14780,15
14780,2
14784,1
14784,7
14784,151
14807,2
14807,47
14807,1
14807,151
14840,1
14840,26
14877,15
14877,2
14877,7
14877,48
14881,1
14901,59
14901,1
14901,7
14901,2
14901,50
14906,38
14906,1
14910,17
14910,15
14910,13
14910,2
14910,1
14910,80
14944,1
14944,2
14953,1
14953,7
14957,28
14957,7
14957,1
14962,1
14962,2
14982,6
14982,24
14982,176
14982,1
14982,36
14987,1
14987,2
15070,2
15070,1
15070,7
15103,7
15103,1
15111,17
15111,1
15111,2
15114,13
15114,15
15114,94
15114,2
15114,1
15114,49
15114,80
15122,15
15122,1
15122,2
15122,13
15122,49
15169,1
15228,1
15249,23
15249,1
15249,18
15249,7
15280,6
15280,9
15280,1
15284,1
15284,50
15284,64
15304,134
15304,1
15304,2
15318,1
15318,7
15318,308
15318,444
15318,2
15324,54
15324,1
15324,7
15344,1
15344,2
15344,31
15370,1
15370,2
15370,1185
15370,336
15424,1
15424,28
15424,7
15447,1
15447,38
15447,7
15447,111
15453,1
15453,28
15461,91
15461,6
15461,1
15473,1
15473,2
15544,49
15544,23
15544,1
15547,15
15547,7
15547,41
15547,1
15559,7
15559,2
15559,1
15611,49
15611,1
15611,15
15629,6
15629,1
15629,36
15633,392
15633,108
15633,156
15633,146
15633,1
15633,675
15633,182
15633,208
15633,295
15645,1
15645,2
15645,7
15645,197
15682,1
15682,7
15682,136
15697,1
15697,2
15736,1
15740,291
15740,15
15740,2
15740,1
15745,55
15745,1
15745,2
15748,2
15748,1
15788,1
15788,2
15788,49
15796,1
15796,7
15796,15
15799,6
15799,1
15799,2
15799,2455
15799,560
15820,1
15820,15
15828,28
15828,2
15828,25
15828,1
15836,1
15836,2
15862,2
15862,26
15862,1
15916,152
15916,1
15916,7
15939,1
15939,7
15939,157
15951,1
15951,7
15951,28
15951,2
15951,54
15966,27
15966,13
15966,45
15966,23
15978,1
15980,1
15980,2
15980,60
15987,7
15987,1
16044,1
16044,7
16044,2
16046,102
16046,1
16046,2
16054,7
16054,1
16059,1
16059,2
16083,152
16083,1
16083,7
16091,2
16091,1
16092,2
16092,1
16092,157
16092,64
16104,1
16130,1
16130,49
16130,2
16141,1
16141,64
16141,7
16141,58
16159,15
16159,13
16159,60
16159,2
16159,1
16159,58
16172,6
16172,54
16172,1
16172,463
16172,36
16173,1
16173,6
16196,152
16196,1
16196,7
16196,50
16215,2
16215,59
16215,13
16215,38
16215,140
16215,7
16219,2
16219,1
16219,55
16227,54
16227,2
16227,1
16232,1
16232,7
16232,37
16250,56
16250,2
16250,1
16250,291
16274,58
16274,13
16274,1
16274,2
16310,1
16310,2
16337,1
16337,7
16337,2
16338,1
16338,54
16352,13
16352,9
16352,6
16392,7
16392,1
16392,337
16392,301
16392,308
16399,1
16399,7
16439,1
16439,2
16454,15
16454,1
16454,49
16506,1
16513,1
16529,24
16529,2
16529,1
16553,1
16553,2
16573,58
16573,1
16598,7
16598,1
16598,64
16598,54
16598,215
16598,140
16632,1
16632,7
16632,2
16634,1
16634,189
16634,18
16643,1
16643,15
16643,24
16651,1
16651,2
16651,40
16651,125
16686,26
16686,1
16686,71
16734,1
16734,2
16768,23
16768,1
16768,50
16770,1
16770,15
16770,2
16772,9
16772,1
16796,28
16796,1
16798,6
16798,1
16798,2
16817,33
16817,1
16851,1
16851,7
16878,1
16878,49
16878,2
16878,108
16888,2
16888,1
16955,1
16955,7
16975,1
16975,47
16975,2
16975,7
16975,41
17045,2
17045,1
17045,1033
17045,1609
17045,46
17051,7
17051,1
17051,35
17052,6
17052,1
17052,108
17052,86
17052,36
17059,23
17059,1
17099,47
17099,1
17099,2
17110,1
17110,490
17110,49
17137,7
17137,1
17137,2
17149,1
17149,55
17189,26
17189,2
17189,1
17201,1
17201,607
17201,792
17201,128
17201,2
17201,37
17214,23
17214,54
17214,263
17214,1
17214,251
17235,1
17235,58
17235,17
17273,1
17273,2
17273,13
17301,2
17301,1
17306,1
17320,1
17324,7
17324,2
17324,45
17324,337
17345,1
17360,37
17360,7
17360,13
17360,1
17418,5
17418,23
17418,1
17418,2
17418,8
17483,28
17483,1
17496,1
17496,2
17497,1
17497,15
17497,7
17497,103
17505,2
17505,1
17505,7
17510,1
17510,2
17535,7
17535,1
17537,1
17537,7
17537,26
17537,60
17537,2
17560,2
17560,3
17560,1
17601,7
17601,1
17601,30
17629,1
17629,90
17629,2
17629,113
17630,15
17630,1
17630,13
17632,49
17632,15
17632,1
17668,1
17668,15
17668,7
17668,2
17670,7
17670,1
17670,412
17674,1
17674,78
17686,1
17686,2
17686,2485
17706,7
17706,2
17706,1
17708,1
17708,7
17708,134
17712,7
17712,1
17740,6
17740,2
17740,1
17743,23
17743,1
17743,35
17744,1
17744,2
17744,13
17744,213
17790,2
17790,1
17790,13
17790,1186
17790,166
17798,35
17798,1
17817,1
17844,23
17844,1
17899,7
17899,1
17918,49
17918,15
17918,1
17918,112
17919,7
17919,1
17919,2
17944,213
17944,40
17944,1
17944,13
17944,15
17972,2
17972,13
17972,1
17973,1
17973,2
17994,1
18006,2
18006,1
18006,237
18006,7
18006,25
18006,50
18006,191
18009,1
18037,6
18037,3
18037,1
18040,1
18040,7
18040,2
18040,25
18056,2
18056,1
18056,448
18056,2492
18056,2493
18063,13
18063,6
18063,49
18063,36
18090,6
18090,1
18090,133
18102,1
18102,2
18102,7
18102,26
18153,1
18153,54
18153,48
18153,15
18153,36
18176,1
18176,7
18176,2
18179,46
18179,13
18179,2
18179,24
18179,1
18189,15
18189,1
18189,2
18236,1
18236,37
18284,1
18284,2
18284,7
18284,60
18284,50
18284,191
18284,151
18284,118
18284,672
18284,169
18284,2503
18284,1247
18284,812
18284,38
18284,193
18284,542
18284,2504
18295,37
18295,1
18295,7
18295,2
18299,28
18299,1
18299,7
18340,1
18353,1
18353,23
18353,13
18356,7
18356,1
18373,1
18373,35
18373,7
18400,1
18400,7
18400,37
18474,7
18474,1
18474,2
18476,1
18476,15
18476,2
18497,2
18497,1
18497,7
18526,1
18526,2
18527,1
18532,1
18532,153
18541,1
18541,28
18541,58
18557,1
18557,2
18557,7
18568,1
18568,7
18573,1
18573,2
18574,2
18574,1
18577,1
18577,15
18577,49
18584,1
18584,15
18584,2
18584,7
18584,13
18586,23
18586,67
18586,1
18586,2
18600,1
18600,7
18612,1
18612,7
18624,38
18624,13
18624,1
18627,59
18627,7
18627,182
18627,2
18627,1
18627,140
18629,2
18629,1
18636,6
18636,1
18636,71
18661,23
18661,1
18661,2
18661,25
18672,2
18672,1
18680,18
18680,38
18680,1
18680,7
18738,1
18738,26
18738,2
18743,2
18743,1
18761,14
18761,1
18761,189
18765,2
18765,15
18765,1
18774,1
18774,2
18774,3
18787,3
18787,2
18787,1
18816,2
18816,1
18869,28
18869,1
18880,2
18880,1
18882,2
18882,1
18882,7
18890,1
18890,7
18906,1
18906,7
18906,2
18920,28
18920,1
18922,2
18922,1
18943,1
18943,2
18943,15
18943,13
18944,2
18944,348
18944,345
18944,1
19053,31
19053,1
19053,2
19057,2
19057,1
19057,7
19111,1
19111,15
19111,49
19114,1
19114,15
19114,2
19133,1
19133,2
19133,25
19133,41
19133,49
19133,26
19133,37
19136,1
19136,7
19154,1
19154,7
19154,2
19180,141
19180,1
19180,15
19191,6
19191,1
19191,76
19202,28
19202,25
19202,1
19202,7
19214,1
19214,7
19235,45
19235,34
19235,3
19267,1
19267,2
19294,38
19294,1
19294,102
19305,1
19305,2
19313,13
19313,2
19313,1
19320,1
19320,7
19329,35
19329,1
19329,2
19345,1
19345,7
19346,1
19346,6
19355,1
19355,152
19355,15
19355,304
19364,34
19364,45
19364,24
19367,7
19367,152
19367,1
19380,1
19380,90
19380,58
19387,1038
19387,1
19387,104
19387,270
19387,156
19387,2513
19387,2
19387,679
19387,12
19388,38
19388,1
19393,7
19393,2
19393,140
19419,1
19419,58
19427,15
19427,48
19427,2
19445,18
19445,149
19445,34
19445,48
19445,1
19479,1
19479,15
19486,1
19486,40
19525,1
19525,6
19527,50
19527,1
19527,3
19538,711
19538,7
19538,37
19538,15
19538,67
19538,48
19547,1
19547,7
19566,2
19566,1
19574,1
19574,2
19574,7
19615,7
19615,1
19615,28
19641,1
19641,2
19657,1
19657,28
19727,7
19727,1
19727,2
19727,37
19727,140
19755,1
19755,23
19755,740
19755,572
19755,9
19773,4
19773,13
19773,20
19773,3
19809,2
19809,1
19830,23
19830,1
19838,2
19838,1
19838,17
19838,1042
19838,1237
19899,1
19916,1
19930,7
19930,6
19930,1
19941,1
19941,7
19941,17
19968,13
19968,14
19968,3
19968,2
19973,1
19973,35
19973,2
19981,1
20041,1
20044,17
20044,47
20044,2
20044,7
20044,1
20056,1
20067,7
20067,1
20070,190
20070,1
20070,2
20070,18
20088,1
20096,1
20138,2
20138,1
20145,7
20145,1
20145,64
20172,7
20172,1
20172,25
20172,2
20187,1
20193,13
20193,1
20218,1
20218,7
20218,2
20218,918
20238,1
20275,1
20275,64
20275,15
20292,2
20292,1
20298,1
20298,7
20342,1
20342,13
20342,48
20346,2
20346,49
20346,1
20346,112
20353,1
20353,165
20360,6
20360,1
20360,171
20382,2
20382,1
20393,12
20393,1
20419,21
20419,63
20419,6
20435,7
20435,1
20435,2
20435,54
20438,37
20438,1
20438,15
20438,49
20468,55
20468,1
20468,15
20493,1
20493,7
20493,6
20493,2
20514,15
20514,49
20514,2
20523,6
20523,2
20523,3
20582,1
20613,1
20613,7
20613,15
20623,1
20623,28
20632,1
20632,36
20640,90
20640,1
20640,15
20653,1
20653,2
20653,361
20653,345
20678,107
20678,1
20678,2
20683,1
20683,13
20683,37
20687,1
20687,6
20689,17
20689,1
20705,49
20705,1
20705,2
20708,15
20708,1
20708,7
20708,40
20708,140
20728,1
20728,2
20730,2
20730,1
20742,2
20742,1
20742,49
20772,23
20772,2
20772,13
20785,2
20785,1
20785,41
20818,1
20818,7
20842,1
20842,7
20842,26
20842,346
20842,2539
20895,26
20895,7
20895,2
20895,140
20895,37
20910,2
20910,13
20910,1
20948,1
20948,7
20990,38
20990,49
20990,2
20990,15
20990,40
20990,153
20990,76
20990,36
21021,2
21035,28
21035,1
21035,25
21035,58
21041,1
21041,108
21041,86
21041,26
21084,1
21084,7
21117,1
21166,15
21166,1
21171,6
21171,45
21171,2
21171,1
21239,1
21239,64
21239,13
21239,37
21267,49
21267,1
21279,1
21279,35
21279,2
21287,1
21287,7
21287,71
21296,1
21296,2
21296,35
21316,1
21369,2
21369,1
21369,112
21384,2
21384,49
21384,1
21401,28
21401,1
21401,7
21415,245
21415,2
21415,17
21415,1
21415,13
21415,31
21415,81
21426,7
21426,1
21426,2
21426,26
21444,1
21444,7
21444,2
21465,1
21465,41
21465,2
21465,81
21470,6
21470,35
21470,1
21470,36
21471,30
21471,2
21471,13
21474,1
21474,63
21474,2
21494,1
21508,1
21508,45
21588,2
21588,1
21588,17
21588,168
21598,1
21598,59
21598,18
21599,1
21599,7
21599,2
21611,1
21611,2
21611,26
21612,3
21612,1
21612,13
21614,18
21614,2
21614,1
21620,1
21620,15
21620,2
21646,1
21667,1
21691,2
21691,1
21691,304
21709,1
21709,2
21709,81
21709,26
21709,188
21713,1
21716,1
21716,58
21722,6
21722,1
21722,7
21736,2
21736,1
21736,80
21749,35
21749,2
21749,1
21803,3
21803,23
21803,1
21805,1
21805,125
21806,1
21806,2
21806,7
21809,1
21817,1
21817,28
21834,2
21834,1
21862,1
21862,2
21862,7
21872,152
21872,2
21872,1
21872,241
21893,2
21893,6
21980,13
21980,1
21980,81
21980,25
21995,42
21995,45
21995,1
22004,1
22004,7
22023,152
22023,7
22023,15
22023,2
22023,1
22024,2
22024,6
22024,13
22024,1
22130,1
22130,2
22130,37
22133,38
22133,1
22133,13
22133,155
22133,67
22157,1
22158,1
22158,7
22160,15
22160,13
22160,1
22160,193
22160,2
22174,1
22174,7
22179,682
22179,1
22179,41
22184,2
22184,7
22184,1
22220,1
22224,1
22224,7
22224,2
22224,41
22258,7
22258,35
22258,1
22260,1
22260,2
22307,18
22307,59
22307,1
22310,7
22310,1
22310,2
22310,37
22342,2
22342,1
22342,128
22343,7
22343,1
22350,2
22350,15
22350,1
22356,1
22356,7
22363,13
22363,15
22363,2
22363,213
22363,1
22391,6
22391,1
22413,2
22413,13
22413,1
22419,1
22419,7
22419,2
22426,1
22426,60
22436,2
22436,1
22436,55
22442,1
22442,306
22442,170
22442,113
22456,1
22456,7
22468,1
22468,13
22468,2
22470,2
22470,7
22487,7
22487,1
22496,7
22496,26
22496,1
22518,2
22518,1
22518,15
22544,1
22544,60
22544,13
22544,37
22575,1
22575,13
22575,2
22575,124
22602,15
22602,1
22602,2
22620,1
22628,1
22655,2
22655,1
22655,15
22737,16
22737,2
22737,118
22737,7
22737,1
22749,2
22749,1
22769,2
22769,1
22774,15
22774,1
22774,13
22792,1
22792,2
22792,26
22792,157
22792,7
22896,1
22896,23
22896,7
22909,1
22909,55
22909,7
22967,1
22967,28
22967,7
22967,54
22967,71
23020,1
23051,2
23051,1
23051,37
23067,1
23067,2
23071,23
23071,1
23074,14
23074,141
23074,176
23074,1
23074,2
23082,1
23083,1
23083,7
23089,7
23089,1
23089,313
23120,23
23120,2
23120,1
23135,1
23135,2
23135,28
23150,2
23150,15
23150,1
23162,1
23162,2
23226,1
23226,2
23227,2
23227,1
23228,1
23235,1
23237,81
23237,1
23237,2
23241,2
23241,1
23241,102
23243,1
23243,6
23243,7
23245,1
23245,30
23245,15
23245,13
23248,2
23248,1
23250,1
23263,1
23263,7
23263,15
23263,2
23263,45
23278,55
23278,1
23297,6
23297,1
23297,50
23297,49
23302,2
23302,23
23302,25
23302,1
23302,203
23321,17
23321,46
23321,13
23321,1
23321,2
23323,1
23323,7
23323,2
23339,1
23357,2
23357,1
23357,13
23357,6
23357,49
23367,1
23367,9
23367,2
23393,1
23393,15
23393,37
23426,26
23426,41
23426,1
23426,2
23426,81
23470,6
23470,1
23503,2
23503,1
23503,3
23508,7
23508,26
23508,1
23508,55
23510,7
23510,1
23510,190
23548,1
23548,7
23548,2
23552,49
23552,1
23561,2
23561,37
23561,67
23561,1
23563,18
23563,57
23563,54
23563,1
23563,38
23570,49
23570,1
23574,1
23579,1
23618,2
23618,1
23630,1
23630,140
23630,37
23634,1
23634,64
23634,2
23660,1
23660,185
23660,377
23660,781
23660,58
23690,55
23690,1
23690,7
23690,28
23694,41
23694,1
23694,2
23703,55
23703,1
23703,7
23708,1
23708,7
23708,2
23721,2
23721,1
23721,7
23735,1
23753,2
23753,1
23753,7
23765,2
23765,7
23765,1
23770,1
23770,15
23802,1
23802,7
23810,1
23810,7
23816,55
23816,1
23816,7
23843,1
23872,7
23872,35
23872,1
23872,444
23872,1050
23872,134
23873,1
23873,48
23873,15
23875,15
23875,1
23879,15
23879,2
23879,1
23880,1
23880,25
23880,7
23880,63
23880,6
23885,76
23885,1
23885,31
23899,29
23899,2
23899,1
23916,48
23916,2
23916,392
23916,208
23916,13
23916,109
23916,32
23955,56
23955,55
23955,1
23955,7
23955,2589
23955,40
23971,2
23994,1
23994,7
23994,2
23994,15
24000,15
24000,2
24000,1
24009,6
24009,1
24009,3
24020,2
24020,64
24020,94
24020,13
24020,49
24028,1
24028,7
24028,37
24031,1
24031,7
24031,15
24051,2
24051,1
24076,7
24076,1
24076,2
24076,73
24113,7
24113,1
24113,119
24120,1
24120,6
24120,114
24120,36
24135,2
24135,1
24135,54
24141,2
24141,1
24141,124
24141,47
24141,38
24144,1
24144,2
24172,1
24172,7
24173,1
24173,28
24233,1
24233,2
24233,13
24233,37
24234,13
24234,323
24234,24
24234,1659
24234,1
24234,18
24256,23
24256,1
24267,152
24267,1
24267,7
24267,131
24284,1
24284,2
24284,15
24294,1
24294,3
24294,6
24312,34
24343,36
24343,1
24343,25
24362,2
24362,57
24362,18
24377,2
24377,131
24377,1
24419,1
24419,2
24486,6
24486,1
24486,2
24486,92
24515,1
24515,15
24517,25
24517,2
24517,1
24517,131
24517,7
24519,7
24519,1
24519,2
24519,827
24520,1
24520,49
24520,63
24520,163
24524,18
24524,123
24524,2
24524,1
24529,2
24529,1
24529,9
24529,54
24533,1
24533,23
24533,94
24547,1
24547,134
24547,2
24547,13
24550,1
24550,7
24555,7
24555,1
24555,15
24599,49
24599,6
24599,2
24613,1
24613,7
24639,1
24639,7
24640,25
24640,1
24640,7
24651,1
24651,54
24651,7
24651,71
24651,25
24651,37
24654,1
24654,7
24664,6
24664,2
24664,13
24664,1
24665,7
24665,1
24668,6
24668,1
24668,2
24681,28
24681,1
24681,7
24719,2
24719,1
24719,7
24719,245
24719,154
24719,88
24719,86
24719,108
24719,623
24719,399
24719,111
24731,1
24731,15
24731,2596
24747,1
24747,2
24747,3
24756,2
24756,15
24756,1
24777,1
24777,18
24817,23
24817,7
24817,1
24818,59
24818,2
24818,257
24818,1
24818,169
24821,2
24821,1
24821,50
24821,63
24830,15
24830,1
24847,1
24847,18
24847,24
24862,1
24862,67
24862,7
24884,2
24884,1
24884,7
24920,15
24920,1
24920,2
24932,15
24932,2
24932,1
24933,7
24933,2
24933,1
24938,6
24938,1
24938,2
24938,20
24948,2598
24948,2
24948,1
24948,7
25055,48
25055,156
25055,146
25055,2
25055,1
25055,34
25056,3
25056,224
25079,23
25079,1
25079,2
25079,78
25087,57
25087,1
25087,2
25087,49
25090,58
25090,1
25090,6
25100,1
25100,35
25100,25
25100,2
25100,7
25115,1
25115,2
25123,6
25123,1
25123,36
25148,1
25148,58
25164,1
25164,2
25199,9
25199,17
25199,1
25199,80
25199,131
25201,1
25201,7
25201,60
25215,2
25215,1
25215,15
25238,1
25238,17
25238,2
25244,17
25244,2
25244,1
25261,1
25261,15
25261,64
25314,1
25314,2
25314,301
25354,1
25354,7
25365,42
25365,1
25380,1
25380,2
25380,15
25383,1
25383,55
25391,26
25391,1
25412,7
25412,1
25412,64
25418,2
25418,7
25418,1
25445,1
25445,49
25445,684
25445,13
25445,78
25447,17
25447,2
25447,1
25447,15
25447,48
25524,28
25524,1
25524,7
25530,6
25530,2
25530,94
25530,15
25530,47
25530,36
25532,7
25532,2
25595,1
25595,2
25598,7
25598,15
25598,1
25598,2
25662,1
25662,15
25662,9
25687,1
25687,59
25729,1
25778,1
25778,2
25781,2
25781,1
25781,49
25781,23
25781,142
25798,1
25798,7
25798,25
25798,140
25798,131
25798,163
25811,15
25811,1
25811,31
25848,7
25848,1
25848,2
25864,7
25864,1
25864,140
25878,1
25878,88
25878,50
25878,54
25878,7
25891,1
25891,2
25891,50
25909,6
25909,1
25909,2
25909,36
25944,1
25954,1
25954,2
25954,33
25954,6
25974,1
25974,7
25974,35
25974,17
25987,7
25987,1
25987,58
25993,1
25993,35
26004,1
26004,2
26004,37
26008,7
26008,1
26020,15
26020,1
26025,2
26025,1
26025,32
26039,1
26039,7
26039,277
26039,730
26039,108
26039,86
26039,2
26039,41
26039,319
26039,154
26039,35
26039,60
26039,926
26039,67
26039,88
26039,111
26039,314
26039,71
26039,165
26039,150
26039,183
26039,390
26039,192
26039,28
26039,17
26040,1
26040,2
26040,7
26091,1
26121,2
26121,7
26121,1
26138,1
26138,2
26152,2
26152,25
26152,1
26152,26
26189,1
26189,13
26224,2
26224,1
26224,23
26240,1
26240,7
26240,15
26258,6
26258,49
26258,1
26258,170
26258,146
26261,1
26271,1
26271,7
26315,7
26315,1
26315,86
26315,154
26315,2615
26326,6
26326,1
26330,1
26330,7
26336,90
26336,1
26336,2
26350,1
26350,58
26350,6
26357,1
26357,2
26357,7
26378,1
26378,2
26378,7
26406,1
26406,15
26461,1
26461,2
26461,64
26461,122
26487,13
26487,1
26487,49
26492,2
26492,7
26520,2
26520,55
26520,1
26520,7
26554,2
26554,1
26554,3
26554,60
26576,1
26576,57
26576,2
26581,1
26581,2
26583,1
26583,2
26589,28
26589,1
26589,7
26589,41
26589,35
26589,131
26598,1
26614,2
26614,1
26614,88
26618,49
26618,1
26618,13
26618,2
26632,60
26632,7
26632,1
26656,2
26656,1
26667,2
26667,15
26667,49
26667,7
26667,1
26672,1
26672,2
26672,193
26672,37
26706,17
26706,2
26706,1
26708,15
26708,1
26761,2
26761,7
26761,1
26774,1
26774,26
26774,7
26774,378
26779,15
26779,49
26779,1
26779,2
26782,1
26782,2
26782,7
26782,6
26789,1
26802,7
26802,1
26802,2
26807,1
26807,204
26807,2619
26807,7
26850,1
26850,64
26850,2
26862,13
26862,55
26862,1
26871,28
26871,1
26871,7
26871,41
26874,23
26874,1
26874,15
26903,1
26903,2
26903,7
26954,1
26954,2
26954,35
26954,1682
26975,1
26975,2
26995,1
26995,28
27005,1
27005,49
27015,6
27015,13
27015,49
27015,2
27015,54
27015,36
27051,1
27051,15
27051,41
27057,46
27057,2
27057,13
27064,7
27064,1
27071,1
27106,1
27106,15
27106,6
27112,7
27112,1
27112,25
27117,316
27117,1
27117,55
27120,2
27120,23
27120,1
27139,7
27139,58
27139,6
27139,1
27155,1
27155,15
27155,48
27173,14
27173,24
27173,1
27173,2
27173,20
27196,28
27196,1
27196,7
27238,1
27238,2
27339,35
27339,1
27348,1
27348,7
27399,6
27399,1
27399,36
27413,1
27422,2
27422,1
27422,7
27422,41
27437,34
27437,3
27437,1
27443,2
27443,1
27443,6
27467,1
27467,7
27471,8
27471,101
27471,83
27471,19
27471,2
27502,28
27502,1
27502,9
27507,1
27507,15
27521,1
27521,7
27521,2
27555,1
27570,1
27570,35
27570,2
27600,1
27600,7
27628,1
27628,7
27628,152
27628,13
27633,2
27633,1
27635,1
27635,2
27635,7
27680,2
27680,7
27692,7
27692,1
27692,260
27693,2
27693,1
27693,7
27717,2
27717,43
27717,1
27727,1
27738,13
27738,18
27738,55
27738,2
27743,2
27743,1
27743,41
27743,50
27743,1688
27743,9
27743,15
27743,80
27838,2
27838,1
27859,1
27859,15
27859,13
27880,2
27880,1
27890,2
27890,1
27892,1
27892,2
27892,15
27892,13
27892,48
27892,40
27892,109
27937,23
27937,3
27937,2
27937,1
27937,273
27938,1
27956,1
27964,1
27964,37
27967,1
27967,7
27967,25
27968,1
27968,15
27968,13
27977,119
27977,1
27977,15
27979,2
27979,13
27979,1
27981,1
27981,25
27981,7
27993,1
28022,2
28022,17
28022,1
28022,7
28032,26
28032,1
28032,2
28039,1
28057,7
28057,1
28063,2
28063,1
28083,1
28083,2
28083,37
28097,23
28097,1
28097,7
28099,1
28099,2
28099,7
28099,6
28102,1
28102,2
28102,28
28118,1
28118,2
28170,23
28170,35
28170,88
28170,2
28195,1
28195,48
28198,1
28209,1
28209,15
28212,2
28212,7
28237,64
28237,1
28237,2
28237,47
28237,16
28244,2
28244,1
28262,2
28262,1
28290,24
28290,6
28290,2
28290,1
28290,1690
28348,111
28348,2
28348,7
28407,1
28412,2
28412,1
28414,2
28414,1
28414,7
28462,6
28462,3
28462,1
28462,36
28495,2
28495,49
28495,1
28497,1
28497,2
28497,37
28519,2
28519,1
28519,15
28521,1
28521,7
28539,1
28539,2
28539,15
28540,6
28540,1
28550,1
28550,49
28603,7
28603,1
28617,1
28617,7
28617,2
28617,37
28622,6
28622,185
28622,1
28622,36
28634,13
28634,1
28639,1
28639,7
28639,2
28642,6
28642,48
28642,2
28642,13
28688,1
28688,6
28688,94
28688,176
28688,25
28701,1
28701,2
28709,2
28709,1
28709,15
28711,2
28711,1
28716,2
28716,15
28716,6
28716,176
28723,1
28743,2
28743,1
28745,1
28745,7
28745,2
28750,2
28750,1
28750,7
28801,1
28819,25
28819,1
28819,7
28825,1
28825,41
28825,2
28854,119
28854,1
28854,2
28891,7
28891,90
28891,1
28891,113
28895,1
28895,2
28895,35
28903,1
28903,13
28903,2
28903,37
28973,28
28973,1
28973,7
28991,1
28991,7
29011,1
29011,17
29011,2
29015,23
29015,1
29033,3
29033,1
29036,1
29036,2
29057,23
29057,1
29057,188
29060,1
29060,15
29060,2
29060,241
29060,112
29068,2
29068,1
29068,90
29068,86
29080,6
29080,13
29080,48
29080,36
29080,49
29105,115
29105,15
29105,1
29139,1
29139,2
29139,49
29151,1
29152,1
29164,6
29164,1
29173,3
29173,46
29173,34
29173,6
29173,221
29173,13
29173,36
29239,93
29239,1
29239,2
29261,28
29261,1
29261,7
29267,15
29267,1
29267,2
29281,26
29281,1
29281,7
29281,346
29319,15
29319,1
29326,1
29326,7
29346,58
29346,1
29403,16
29403,2
29403,1
29438,16
29438,1
29438,6
29447,2
29447,1
29447,257
29478,2
29478,1
29478,7
29514,34
29514,3
29524,36
29524,1
29543,90
29543,1
29547,1
29547,2
29547,15
29612,1
29612,15
29612,49
29612,13
29614,2
29614,1
29615,28
29615,1
29683,1
29683,7
29683,2
29706,15
29706,1
29706,7
29708,1
29708,2
29708,654
29712,1
29712,2
29755,1
29755,2
29755,3
29763,7
29763,35
29763,1
29763,37
29773,2
29773,1
29773,171
29773,7
29773,13
29778,59
29778,1
29778,18
29791,28
29791,1
29791,7
29860,1
29860,2
29863,62
29863,1
29863,7
29863,25
29938,26
29938,1
29942,26
29942,7
29942,1
29958,1
29958,131
29958,7
29958,35
29958,215
30017,1
30017,26
30017,125
30017,37
30039,7
30039,1
30039,28
30055,1
30055,2
30055,13
30086,1
30086,2
30119,55
30119,1
30119,2
30121,1
30158,2
30158,1
30158,49
30158,15
30158,7
30158,189
30159,7
30159,1
30159,35
30159,37
30165,35
30165,1
30165,113
30184,1
30184,7
30184,2
30208,1
30208,337
30208,7
30218,1
30218,135
30218,104
30218,24
30224,2
30224,1
30228,26
30228,1
30228,9
30239,1
30239,7
30272,1
30284,1
30284,2
30287,1
30287,2
30287,7
30287,41
30287,54
30313,1
30313,35
30313,7
30341,1
30344,1
30358,1
30358,15
30358,2
30378,1
30378,15
30388,1
30395,1
30395,7
30398,1
30438,15
30438,13
30438,1
30438,37
30458,1
30480,1
30480,7
30480,2683
30480,25
30480,131
30500,2
30500,1
30504,1
30504,23
30551,16
30551,1
30559,14
30559,1
30559,24
30561,64
30561,1
30561,35
30561,169
30561,393
30561,37
30565,16
30565,32
30565,2
30565,20
30565,45
30574,1
30574,7
30632,7
30632,2
30632,689
30648,1
30648,7
30685,1
30685,7
30686,6
30686,1
30686,2
30759,15
30759,48
30759,1
30759,2
30759,13
30772,1
30772,2
30782,1
30782,7
30805,7
30805,15
30805,1
30805,2
30805,88
30817,2
30817,241
30817,131
30817,628
30817,1287
30817,7
30872,2
30872,1
30872,26
30897,1
30897,2
30918,2
30918,1
30925,2
30925,1
30925,57
30936,6
30936,1
30936,2
30966,1
30966,35
30966,48
30979,2
30979,1
30987,1
30995,6
30995,1
30998,36
30998,6
30998,1
31013,80
31013,2
31013,1
31013,67
31029,1
31029,2
31039,7
31039,35
31039,2
31045,1
31045,7
31045,2
31045,480
31048,7
31048,1
31048,6
31064,1
31064,7
31094,49
31094,15
31094,1
31120,1
31168,2
31168,1
31192,17
31192,1
31192,3
31192,356
31192,337
31200,1
31200,7
31234,7
31234,1
31234,2
31237,1
31237,2
31237,7
31267,1
31267,7
31267,2
31275,152
31275,1
31275,7
31297,1
31297,3
31297,208
31299,2
31299,1
31299,1288
31301,1
31340,1
31340,2
31347,1
31347,7
31347,15
31350,1
31350,7
31369,13
31369,12
31369,5
31369,3
31369,2
31403,1
31403,6
31403,2
31407,1
31407,15
31407,2
31427,1
31427,339
31427,58
31427,13
31432,1
31432,7
31432,76
31470,156
31470,13
31470,32
31470,1
31494,1
31494,2
31494,7
31531,7
31531,13
31531,1
31551,1
31551,2
31567,1
31567,7
31567,2
31586,1
31586,7
31586,6
31600,1
31616,2
31616,59
31616,1
31617,23
31617,13
31617,3
31617,2
31617,20
31626,1
31646,7
31646,13
31646,1
31655,23
31655,1
31655,46
31682,36
31682,6
31682,1
31682,128
31682,2704
31682,676
31682,314
31682,133
31682,397
31719,1
31719,7
31744,15
31744,2
31744,1
31766,49
31766,1
31766,9
31784,47
31784,1
31791,6
31791,1
31870,1
31870,23
31883,274
31883,6
31883,1
31883,36
31889,1
31889,23
31889,60
31910,1
31910,7
31910,140
31916,58
31916,1
31931,47
31931,6
31931,7
31942,2
31942,1
31942,13
31964,6
31964,1
31974,1
31974,2
31976,1
31976,60
31976,2
31992,67
31992,3
31992,39
31992,1
31992,2
31992,266
31994,7
31994,1
31994,2
32001,1
32001,15
32001,7
32016,1
32022,2
32022,1
32024,23
32024,1
32024,384
32044,1
32048,1
32048,6
32057,23
32057,49
32057,1
32057,81
32086,2
32086,17
32086,1
32097,1
32097,7
32109,113
32109,1
32109,6
32109,165
32117,2
32117,225
32117,146
32117,13
32122,1
32122,7
32148,6
32148,1
32148,90
32178,1
32199,1
32199,35
32199,2
32217,7
32217,25
32217,1
32239,7
32239,1
32239,26
32240,1
32240,15
32247,1
32252,1
32257,1
32257,28
32257,90
32257,7
32257,113
32259,1
32259,15
32259,7
32260,1
32260,2
32260,15
32260,26
32273,6
32273,1
32273,36
32273,81
32281,1
32281,15
32281,49
32285,28
32285,1
32285,2
32308,31
32308,1
32308,7
32313,1
32313,7
32313,37
32341,1
32341,23
32341,127
32341,71
32343,1
32343,2
32343,7
32356,49
32356,7
32367,2
32367,1
32403,2
32403,1
32418,1
32418,2
32419,2
32419,1
32419,2716
32419,2717
32419,169
32460,7
32460,1
32513,1
32513,2
32526,1
32526,2
32526,7
32529,17
32529,2
32529,1
32561,1
32571,1
32617,7
32617,1
32617,411
32617,376
32617,169
32627,6
32627,1
32630,13
32630,3
32630,2
32643,1
32643,2
32643,54
32644,2
32644,1
32644,7
32644,25
32644,35
32659,15
32659,1
32661,2
32661,1
32666,1
32666,116
32670,23
32670,1
32670,2
32671,15
32671,1
32671,7
32674,1
32712,1
32758,1
32758,7
32796,1
32796,63
32816,6
32816,1
32852,7
32852,1
32866,152
32866,7
32866,1
32868,128
32868,1
32868,2
32868,142
32868,67
32868,36
32889,1
32889,37
32894,78
32894,23
32894,2
32894,1
32926,1
32926,15
32943,1
32943,28
32943,35
32943,7
32950,1
32950,7
32967,1
32967,122
32967,109
32979,1
32979,2
32979,6
33021,7
33021,1
33021,25
33021,203
33021,76
33028,1
33099,1
33099,2
33099,15
33099,35
33099,128
33119,2
33119,1
33131,1
33131,2
33131,923
33131,2728
33136,1
33136,2
33136,7
33166,1
33166,2
33184,1
33184,174
33221,2
33221,1
33221,7
33227,1
33240,1
33240,2
33240,156
33240,49
33240,1718
33252,1
33252,2
33252,13
33252,49
33270,1
33270,7
33282,1
33282,2
33282,15
33284,1
33284,2
33306,1
33306,58
33311,2
33311,15
33311,1
33328,6
33328,1
33328,76
33328,49
33328,191
33361,1
33361,49
33361,13
33361,276
33397,1
33397,2
33402,7
33402,1
33402,2
33402,140
33424,1
33424,7
33424,26
33424,1072
33424,318
33450,2
33450,1
33472,1
33517,2
33517,1
33517,219
33517,308
33517,12
33517,1006
33517,7
33517,70
33517,31
33542,1
33542,15
33542,2
33542,131
33542,266
33542,260
33546,1
33575,1
33575,15
33575,28
33586,1
33594,145
33594,23
33594,1
33594,71
33594,191
33646,1
33646,2
33661,7
33661,1
33661,2
33665,55
33665,1
33679,102
33679,2
33679,1
33679,7
33679,54
33711,49
33711,1
33726,13
33726,2
33726,38
33726,7
33726,60
33727,1
33738,1
33738,28
33755,2
33755,1
33755,6
33757,47
33757,1
33757,2
33793,1
33793,15
33793,7
33800,1
33800,7
33800,2
33832,1
33832,111
33832,67
33832,3
33832,92
33832,13
33832,50
33832,191
33832,4
33832,364
33832,84
33870,7
33870,2
33870,13
33870,94
33909,119
33909,7
33909,1
33955,1
33955,2
33955,13
33955,37
33960,1
33960,15
33989,32
33989,2
33989,1
33989,2744
33996,1
33996,7
33996,2
33997,2
33997,425
33997,1729
33997,1
33997,2745
34014,6
34014,2
34014,118
34014,1
34066,1
34066,23
34066,2
34066,50
34066,1730
34146,394
34146,349
34146,1
34146,58
34146,941
34155,7
34155,2
34155,6
34167,7
34167,1
34192,1
34192,2
34192,3
34249,36
34249,6
34249,1
34249,7
34254,6
34254,526
34254,230
34254,2749
34254,1
34259,1
34262,7
34262,1
34273,1
34292,2
34292,15
34292,13
34292,49
34301,15
34301,1
34329,1
34329,6
34329,36
34346,41
34346,1
34346,49
34377,2
34377,49
34377,36
34382,7
34382,1
34382,2
34386,1
34399,7
34399,35
34399,1
34399,41
34401,6
34401,1
34412,1
34412,2
34422,1
34422,23
34434,7
34434,35
34434,1
34438,17
34438,7
34438,1
34439,132
34439,3
34439,21
34439,13
34439,45
34439,20
34447,1
34447,15
34447,7
34450,2
34450,1
34459,1
34459,15
34459,2
34468,1
34468,15
34468,49
34506,7
34506,1
34506,2
34530,1
34548,15
34548,1
34548,49
34596,1
34628,1
34628,472
34628,2753
34692,1
34693,16
34693,1
34693,1077
34693,106
34697,15
34697,16
34697,1
34766,1
34766,2
34766,137
34775,37
34775,1
34775,2
34879,23
34879,2
34886,1
34886,7
34888,13
34888,2
34888,1
34888,67
34900,1
34900,2
34900,7
34910,1
34910,7
34910,35
34910,37
34910,140
34918,2
34918,49
34934,2
34934,25
34934,26
34934,1
34944,2
34944,108
34944,1
34944,304
34959,1
34994,1
35015,1
35055,1
35055,203
35055,81
35055,58
35056,1
35091,17
35091,1
35091,46
35091,9
35113,1
35113,6
35113,2
35113,277
35113,220
35113,58
35115,1
35115,2
35115,17
35126,2
35126,1
35126,2760
35126,15
35126,1208
35145,13
35145,43
35145,1
35145,3
35145,25
35154,2
35154,1
35154,48
35162,1
35162,2
35174,1
35174,3
35174,38
35174,104
35174,922
35174,2
35174,154
35174,245
35174,35
35174,88
35174,111
35174,470
35174,1297
35174,138
35191,2
35191,1
35208,2
35208,1
35208,49
35213,1
35213,1738
35226,1
35226,15
35226,2
35239,6
35239,7
35239,1
35245,26
35245,1
35248,1
35248,64
35253,2
35253,1
35253,13
35253,7
35253,67
35253,37
35257,42
35257,49
35257,1
35259,6
35259,1
35259,25
35261,47
35261,36
35261,1
35276,32
35276,3
35276,16
35276,62
35276,1
35294,6
35294,1
35304,1
35396,23
35396,1
35410,1
35410,2
35410,7
35410,535
35410,41
35410,37
35449,1
35449,26
35451,1
35482,1
35482,7
35503,1
35503,26
35503,2
35507,18
35507,55
35507,56
35507,2
35507,1
35534,1
35542,1
35542,2
35542,26
35542,260
35551,17
35551,1
35551,46
35557,1
35557,7
35557,55
35565,67
35565,2
35565,1
35640,2
35640,7
35640,1
35658,23
35658,1
35658,7
35680,23
35680,1
35680,2
35682,1
35682,2
35682,63
35710,37
35710,55
35710,7
35710,1
35754,17
35754,2
35754,94
35754,1
35768,1
35768,2
35806,1
35806,2
35825,1
35825,7
35825,140
35825,2
35849,1
35849,7
35849,2
35870,2
35870,1
35874,1
35874,2
35965,1
35984,7
35984,1
35984,2
35985,2
35985,1
35986,17
35986,2
35986,1
36009,2
36009,1
36018,332
36018,6
36018,54
36018,127
36018,1
36022,7
36022,2
36022,38
36022,1
36037,15
36037,1
36037,2
36037,714
36088,1
36088,37
36099,2
36099,1
36108,1
36108,2
36108,28
36112,1
36112,15
36112,2
36117,1
36117,2
36117,6
36143,6
36143,1
36143,90
36143,2781
36143,599
36199,1
36199,7
36199,1301
36199,1637
36199,272
36207,2
36207,1
36218,28
36218,1
36227,1
36227,18
36238,28
36238,1
36267,46
36267,3
36267,146
36267,13
36267,2
36303,2
36303,1
36303,15
36303,7
36303,54
36321,6
36321,1
36321,36
36321,114
36331,7
36331,1
36341,7
36341,1
36349,1
36349,7
36396,1
36396,7
36396,2
36418,7
36418,55
36418,28
36418,1
36418,54
36425,15
36425,7
36425,1
36425,58
36425,140
36432,7
36432,2
36462,1
36477,1
36477,2
36477,35
36496,1
36496,2
36496,17
36496,3
36496,37
36496,60
36496,109
36504,1
36504,15
36504,2
36504,48
36504,655
36505,1
36505,2
36507,1
36507,15
36507,6
36507,49
36520,7
36520,1
36557,1
36557,7
36557,152
36565,16
36565,1
36576,1
36600,7
36600,1
36600,2
36600,26
36600,18
36600,134
36613,1
36613,2
36613,551
36613,135
36636,1
36636,15
36636,7
36662,1
36680,45
36680,20
36680,2
36680,1
36693,1
36693,54
36693,48
36693,15
36693,189
36722,1
36722,50
36722,13
36722,273
36764,1
36764,15
36792,2
36792,1
36792,54
36792,41
36793,1
36793,2
36873,1
36873,7
36878,2
36878,1
36878,7
36878,15
36878,48
36906,2
36906,1
36906,15
36985,1
36985,7
37028,2
37028,7
37028,1
37028,714
37043,1
37047,2
37047,6
37047,505
37047,116
37047,7
37050,1
37050,7
37050,2
37057,1
37057,2
37063,15
37063,49
37063,1
37076,1
37076,7
37094,7
37094,1
37097,2
37097,1
37106,1
37106,7
37108,1
37108,2
37108,58
37139,6
37139,2799
37139,1
37139,2800
37141,1
37141,7
37169,1
37169,15
37193,2
37193,1
37203,550
37203,7
37203,1
37203,6
37207,2
37207,1
37207,7
37223,134
37223,7
37223,1
37223,2
37223,37
37274,1
37274,7
37274,2
37304,152
37304,15
37304,1
37305,1
37305,2
37306,15
37306,2
37306,1
37315,3
37315,2
37315,1
37329,2
37329,1
37329,161
37329,37
37330,15
37330,3
37330,1
37348,2
37348,1
37348,35
37354,80
37354,17
37354,2
37354,7
37355,2
37355,1
37355,52
37355,1060
37368,2
37368,1
37368,15
37391,1
37391,13
37391,6
37412,1
37412,2
37412,48
37412,15
37422,15
37422,1
37433,1
37433,7
37433,2
37471,1
37471,6
37492,1
37508,1
37508,7
37512,1
37512,2
37512,7
37516,1
37516,23
37516,2
37516,35
37521,6
37521,1
37527,31
37527,1
37527,62
37534,2
37534,7
37534,1
37556,7
37556,1
37556,17
37570,2
37570,7
37570,1
37570,15
37570,88
37570,18
37570,37
37573,1
37573,2
37602,7
37602,64
37602,43
37602,2
37602,13
37602,38
37607,1
37607,25
37607,2
37629,1
37633,1
37633,15
37633,2
37633,7
37633,804
37698,1
37698,15
37698,49
37713,1
37713,13
37734,144
37734,38
37734,47
37734,20
37734,2
37736,1
37736,7
37736,15
37755,1
37755,42
37774,1
37774,15
37774,2
37824,15
37824,1
37824,116
37824,2
37824,13
37826,6
37826,1
37845,3
37845,1
37845,2
37854,48
37854,15
37854,6
37854,2
37854,60
37862,6
37862,48
37862,2
37862,38
37862,1
37875,6
37875,36
37875,13
37875,49
37878,1
37912,1
37912,2
37936,9
37936,15
37936,3
37936,1
37936,61
37947,1
37947,7
37989,1
37989,15
38029,1
38029,7
38029,305
38030,23
38030,48
38030,156
38030,1
38037,1
38047,1
38047,119
38047,7
38053,1
38053,43
38089,2
38089,1
38089,7
38111,1
38111,15
38111,48
38111,35
38121,13
38121,1
38123,1
38123,2809
38123,7
38132,1
38132,2
38196,6
38196,54
38196,24
38196,25
38196,1
38225,1
38225,56
38265,16
38265,26
38265,1
38265,2
38265,9
38274,1
38343,2
38343,1
38343,23
38343,13
38346,7
38346,1
38373,1
38373,2
38385,1
38385,7
38385,2
38385,25
38385,37
38399,2
38399,1
38438,1
38438,7
38462,1
38462,15
38466,80
38466,140
38466,7
38466,1
38529,1
38529,2
38541,1
38541,7
38541,15
38541,48
38541,63
38544,1
38544,7
38544,26
38562,1
38573,1
38573,35
38599,24
38618,1
38618,2
38649,23
38649,1
38685,2
38685,1
38685,7
38712,13
38712,15
38712,2
38712,37
38723,7
38723,1
38733,1
38733,15
38733,2
38733,547
38769,38
38769,151
38769,49
38769,2
38769,55
38769,18
38781,13
38781,1
38784,1
38785,1
38789,15
38789,49
38789,1
38821,6
38821,1
38821,1311
38821,170
38821,36
38830,1
38833,1
38833,26
38833,2
38849,1
38849,6
38849,944
38849,552
38849,2819
38896,1
38896,7
38913,1
38913,7
38936,7
38936,1
38936,15
38946,1
38946,7
38946,2
39002,6
39002,1
39002,413
39002,272
39002,54
39002,381
39002,163
39002,370
39002,36
39004,1
39004,15
39004,2
39008,2822
39008,1285
39008,2823
39008,2
39008,1
39008,304
39014,2
39014,20
39014,13
39014,45
39041,58
39041,1
39041,31
39041,48
39075,1
39075,15
39075,188
39093,1
39093,7
39093,2
39178,35
39178,1
39241,60
39241,2
39241,48
39241,13
39241,1
39245,1
39245,2
39245,48
39245,348
39245,276
39254,1
39254,233
39254,1315
39254,13
39254,526
39263,48
39263,1
39263,7
39290,17
39290,1
39290,80
39300,315
39300,204
39300,1
39300,62
39300,2
39343,7
39343,1
39343,13
39343,2
39343,37
39343,140
39360,2
39360,1
39360,7
39392,1
39395,1
39408,37
39408,1
39415,1
39415,131
39415,37
39451,59
39451,1
39451,7
39487,1
39487,2
39512,13
39512,1
39539,62
39539,1
39539,2
39576,2838
39576,1769
39576,1
39576,2
39580,6
39580,1
39600,42
39600,2
39600,1
39611,2
39611,15
39611,1
39611,489
39611,1771
39611,37
39636,2
39636,1
39636,13
39640,17
39640,1
39640,2
39647,1
39664,1
39664,2
39698,2
39698,6
39698,1
39698,7
39698,245
39738,1
39738,66
39752,55
39752,7
39752,1
39775,3
39775,1
39775,2
39802,1
39802,71
39802,2
39802,114
39806,1
39806,2
39806,128
39807,1
39808,1
39808,28
39851,1
39851,2
39877,1
39877,23
39877,13
39877,213
39899,2
39899,26
39899,60
39899,1
39899,37
39925,1
39925,13
39925,1774
39925,2
39945,1
39945,64
39945,86
39945,7
39945,15
39956,2
39956,1
39956,163
39956,7
39973,3
39973,2
39973,28
39973,190
39973,1
39979,79
39979,2
39979,7
39991,7
39991,1
40007,7
40007,1
40012,48
40012,15
40012,1
40023,1
40023,48
40023,15
40023,2
40023,7
40028,1
40028,2
40028,35
40028,257
40028,220
40029,1
40040,7
40040,1
40040,308
40040,251
40056,1
40056,28
40080,78
40080,23
40080,1
40080,71
40081,78
40081,23
40081,1
40090,2
40090,1
40090,7
40104,1
40113,1
40113,7
40113,2
40122,7
40122,2
40157,7
40157,1
40157,60
40161,1
40161,90
40161,140
40184,1
40184,7
40193,2
40193,1
40193,17
40225,35
40225,1
40225,189
40237,7
40237,1
40237,54
40260,1
40292,15
40292,1
40292,2
40331,1
40331,2
40331,15
40335,1
40335,58
40350,7
40350,1
40395,1
40395,2
40395,7
40478,1
40478,7
40478,26
40480,1
40491,1
40491,2
40534,1
40534,2
40535,1
40535,2
40537,1
40537,26
40537,7
40537,2
40548,7
40548,1
40668,64
40668,1
40668,7
40668,37
40669,13
40669,49
40669,2
40669,1
40697,7
40697,1
40697,90
40697,2861
40718,58
40718,1
40727,2
40727,1
40743,1
40784,58
40784,1
40784,162
40784,169
40784,86
40841,1
40841,2
40841,41
40841,49
40855,7
40855,2
40863,17
40863,49
40863,1
40871,1
40871,7
40902,1
40911,2
40911,1
40911,54
40923,1
40923,7
40923,28
40923,2
40939,1
40939,15
40939,35
40939,2
40939,204
40948,1
40948,78
40950,1
40950,58
40950,55
40951,2
40951,7
40951,49
40965,6
40965,54
40978,1
40978,7
41005,6
41005,2
41005,13
41029,58
41029,1
41068,1
41068,2
41073,2
41073,1
41101,1
41101,7
41101,2
41109,1
41109,7
41109,26
41114,1
41114,7
41114,2
41115,6
41115,1
41127,38
41127,1
41127,13
41127,67
41127,60
41134,1
41134,7
41134,581
41134,47
41134,277
41134,154
41134,245
41134,41
41134,35
41134,118
41134,88
41134,194
41134,470
41134,1297
41134,2868
41134,215
41155,1
41180,124
41180,1
41180,60
41180,2
41180,13
41188,6
41188,1
41188,13
41197,2
41197,1
41202,1
41202,7
41202,2
41205,1
41223,1
41223,7
41223,35
41233,1
41233,2
41233,35
41279,152
41279,1
41279,7
41279,249
41284,1
41284,7
41296,1
41296,7
41296,23
41321,2
41321,1
41321,1783
41321,2872
41328,1
41328,7
41356,7
41356,2
41356,1
41357,6
41357,33
41357,58
41357,50
41357,1
41450,49
41450,1
41497,2
41497,1
41497,7
41499,2
41499,1
41507,1
41507,2
41513,23
41513,1
41513,71
41513,81
41513,2
41513,78
41514,1
41514,15
41556,1
41556,35
41556,23
41563,274
41563,6
41563,1
41563,35
41571,1
41571,7
41571,35
41571,396
41571,126
41597,2
41597,7
41597,1
41597,25
41597,297
41608,23
41608,49
41608,1
41608,54
41608,13
41619,1
41619,2
41619,35
41624,2
41624,1
41624,291
41624,86
41638,6
41638,13
41638,1
41642,1
41642,2
41642,7
41660,2
41660,49
41660,13
41674,13
41674,1
41674,7
41674,2
41678,1
41678,2
41678,7
41703,38
41703,1
41703,104
41710,23
41710,35
41710,54
41710,2
41712,152
41712,1
41730,12
41730,23
41730,2
41730,1
41748,1
41748,152
41748,7
41759,2
41759,1
41759,7
41766,6
41766,1
41780,1
41780,28
41780,7
41780,48
41789,1
41789,7
41789,2
41789,48
41801,1
41801,17
41801,35
41802,113
41802,1
41802,7
41813,58
41813,1
41813,7
41831,152
41831,1
41831,63
41831,127
41831,48
41831,23
41831,98
41835,2
41835,1
41840,1
41842,1
41842,2
41842,64
41843,1
41843,2
41854,3
41854,2
41854,1
41854,7
41867,1
41897,1
41897,2
41903,1
41903,2
41927,42
41927,192
41927,1
41933,6
41933,13
41933,2
41933,36
41944,1
41944,23
41944,71
41945,108
41945,1
41945,213
41945,23
41986,2
41986,1
41986,7
41986,17
41986,41
41986,46
41986,2883
42049,6
42049,1
42070,1
42070,140
42070,36
42071,1
42071,35
42071,6
42071,394
42089,1
42099,90
42099,6
42099,1
42099,54
42099,116
42112,6
42112,1
42112,58
42115,64
42115,94
42115,1
42115,2
42134,2
42134,1
42134,7
42159,49
42159,2
42159,80
42180,2
42180,1
42180,64
42206,15
42206,45
42206,1
42214,1
42214,7
42214,86
42234,1
42234,7
42262,7
42262,1
42264,2
42264,1
42265,1
42265,2
42265,108
42265,86
42265,275
42291,1
42291,55
42291,2
42337,7
42337,81
42337,1
42353,47
42353,1
42353,76
42353,7
42353,13
42377,1
42387,2
42387,1
42387,7
42394,18
42394,63
42394,2
42394,1
42394,54
42400,9
42400,15
42400,1
42400,98
42400,114
42404,7
42404,1
42404,2892
42404,17
42404,2
42421,48
42421,15
42421,1
42422,1
42422,64
42434,2
42434,1
42446,28
42446,1
42446,40
42460,6
42460,2
42460,1
42460,20
42460,3
42460,36
42461,1
42492,1
42492,2
42492,37
42500,1
42531,17
42531,7
42531,2
42533,91
42533,1
42533,45
42533,76
42596,23
42596,1
42606,17
42606,49
42606,2
42606,1
42652,1
42652,7
42652,113
42660,26
42660,1
42660,7
42664,1
42664,7
42664,55
42667,1
42667,26
42667,7
42669,6
42669,2
42669,36
42669,1
42669,49
42680,19
42680,2
42680,1
42780,15
42780,1
42830,1
42838,2
42838,1
42841,7
42841,1
42841,26
42901,2
42901,1
42983,7
42983,2
42983,1
42998,2
42998,917
42998,285
42998,154
42998,1
43010,49
43010,15
43010,1
43015,13
43015,1
43071,15
43071,1
43118,2
43118,1
43130,1
43130,2
43147,1
43149,1
43149,2
43154,2
43154,1
43167,2
43167,1
43167,40
43174,1
43174,2
43177,1
43177,2
43191,1
43191,2
43191,15
43205,1
43205,58
43207,1
43217,195
43217,62
43217,1
43217,1796
43217,7
43238,1
43238,35
43266,1
43266,7
43266,26
43271,7
43271,2
43271,1
43271,37
43275,1
43294,15
43294,1
43303,6
43303,1
43328,2
43328,3
43328,818
43328,108
43328,86
43328,1
43328,26
43328,794
43328,47
43328,115
43328,76
43330,1
43330,36
43332,1
43332,182
43332,6
43383,2
43383,1
43387,2
43387,1
43387,7
43395,2
43395,1
43395,7
43401,1
43401,2
43401,7
43401,35
43421,7
43421,1
43421,2
43421,140
43468,1
43468,55
43468,2
43499,1
43499,26
43531,1
43531,15
43531,2
43531,37
43534,16
43534,2
43534,1
43578,2
43578,7
43578,25
43578,1
43578,54
43584,1
43584,49
43584,2
43610,1
43610,7
43610,41
43635,1
43635,2
43639,2
43639,1
43655,2
43655,1
43664,1
43664,2
43664,7
43667,1
43667,26
43686,1
43686,2
43727,1
43727,78
43727,54
43727,71
43740,1
43740,7
43740,28
43740,2
43752,1
43758,1
43758,2
43758,60
43853,58
43853,1
43881,78
43904,1
43904,15
43904,2
43904,729
43925,2
43925,1
43998,6
43998,92
43998,1
44021,1
44021,2
44046,28
44046,1
44046,15
44059,1
44059,157
44102,1
44102,7
44117,1
44117,2
44151,274
44151,6
44151,1
44151,45
44159,6
44159,161
44159,54
44159,1
44159,58
44159,306
44169,2
44169,1
44169,15
44194,40
44194,2
44194,7
44194,913
44194,1
44208,34
44208,3
44208,1
44223,2
44223,13
44223,246
44223,3
44223,258
44223,40
44238,1
44238,15
44238,7
44241,49
44241,15
44242,1
44242,2
44242,26
44310,1
44310,23
44359,57
44359,2
44359,3
44365,7
44365,1
44380,7
44380,1
44390,2
44390,26
44390,54
44390,1
44403,23
44403,1
44403,35
44422,1
44422,2
44422,25
44422,7
44425,1
44425,15
44425,6
44425,36
44436,1
44452,1
44452,2
44465,2
44465,1
44515,6
44515,1
44515,2928
44515,1729
44518,1
44518,26
44518,76
44529,49
44529,1
44542,23
44542,1
44542,2
44584,1
44584,6
44597,2
44597,1
44597,7
44604,2
44604,1
44604,7
44617,2
44617,1
44633,2
44633,36
44633,24
44648,6
44648,1
44664,7
44664,1
44682,2
44682,1
44688,43
44688,1
44688,7
44688,9
44688,70
44689,2
44689,1
44689,7
44689,23
44708,1
44756,1
44756,23
44767,15
44767,1
44786,138
44786,1
44809,1
44809,2
44845,7
44845,1
44846,2
44846,1
44846,2931
44855,1
44855,23
44855,2
44861,1
44861,2
44889,1
44892,1
44892,2
44927,15
44927,1
44927,37
44928,2
44928,1
44931,1
44931,55
44931,2
44950,1
44950,441
44950,2
44950,138
44958,59
44983,1
45001,15
45001,1
45032,1
45032,7
45032,2
45044,49
45044,15
45044,13
45044,1
45044,2
45057,2
45057,1
45091,6
45091,2
45091,1
45092,1
45092,6
45106,1
45106,60
45106,71
45110,17
45110,2
45110,1
45128,1
45136,1
45136,49
45136,1809
45136,15
45136,48
45172,13
45172,46
45172,2
45227,1
45230,134
45230,1
45230,2
45235,51
45235,3
45235,1277
45235,104
45235,1
45242,7
45242,1
45242,2
45252,152
45252,1
45252,7
45270,2
45270,7
45270,15
45276,1
45276,2
45276,94
45285,2
45285,1
45302,1
45302,7
45302,31
45304,1
45306,2
45306,23
45306,1
45329,2
45329,1
45356,2
45356,1
45356,41
45356,23
45356,237
45392,1
45398,1
45399,2
45399,1
45399,6
45405,2
45405,1
45411,9
45411,1
45411,2943
45414,23
45414,1
45414,25
45414,2
45414,7
45425,1
45425,7
45428,2
45428,23
45428,1
45428,50
45428,78
45446,1
45451,2
45451,1
45456,1
45456,15
45456,2
45479,1
45552,1
45552,15
45552,2
45552,54
45552,641
45552,260
45556,23
45556,1
45556,7
45609,2
45609,67
45609,7
45609,41
45609,1
45609,122
45609,107
45609,88
45609,86
45609,154
45609,2948
45609,194
45609,31
45609,623
45609,399
45609,151
45609,30
45609,44
45609,81
45614,28
45614,7
45614,1
45614,25
45614,140
45669,13
45669,1
45679,1
45679,7
45687,1
45690,2
45690,1
45750,1
45750,7
45750,13
45754,1
45769,28
45769,1
45769,15
45769,2
45775,2
45775,41
45775,1
45785,91
45785,3
45785,6
45785,2
45785,1
45795,1
45795,2
45795,78
45820,1
45820,2
45820,7
45822,17
45822,337
45822,2952
45822,2
45822,1
45876,1
45883,1
45883,2
45883,28
45883,7
45895,7
45895,1
45895,2
45896,23
45896,1
45947,1
45947,7
45947,140
45961,2
45961,1
45995,1
45995,35
45995,15
45999,1
45999,15
45999,2
46004,1
46006,1
46006,2
46007,2
46007,64
46007,1
46007,7
46046,80
46046,1
46060,7
46060,28
46060,1
46122,1
46122,63
46122,2
46123,1
46123,54
46123,48
46123,15
46139,6
46139,1
46139,45
46139,58
46139,113
46139,36
46173,1
46173,2
46173,230
46173,7
46174,1
46174,7
46174,15
46189,1
46189,2
46189,35
46238,54
46238,1
46286,7
46286,1
46394,1
46394,2
46425,64
46425,49
46425,1
46458,1
46458,2
46462,1
46465,62
46465,1
46471,55
46471,1
46471,2
46475,2
46475,1
46475,1821
46475,501
46482,1
46482,15
46482,49
46482,655
46499,15
46499,1
46499,2
46512,1
46516,1
46516,7
46516,25
46516,28
46516,35
46532,1
46532,55
46549,1
46549,15
46549,2
46565,1
46565,2
46594,2
46594,1
46680,1
46680,2
46681,1
46695,1
46695,58
46716,1
46723,1
46723,54
46723,2
46738,1
46738,7
46750,1
46750,7
46750,2
46778,1
46783,1
46783,58
46790,15
46790,2
46790,1
46804,37
46804,1
46807,1
46807,55
46836,1
46837,1
46837,2
46837,25
46837,7
46837,30
46838,6
46838,1
46838,2
46883,2
46883,1
46888,1
46888,7
46888,37
46890,7
46890,1
46890,26
46892,113
46892,394
46892,1
46892,71
46892,7
46892,261
46892,231
46899,1
46899,15
46899,2
46942,1
46975,6
46975,94
46975,1
47002,7
47002,1
47018,3
47018,24
47018,1
47018,2
47018,54
47026,7
47026,1
47032,1
47032,2
47032,7
47046,42
47046,1
47046,7
47047,6
47047,1
47049,1
47049,183
47049,58
47049,59
47049,50
47049,67
47061,1
47061,35
47061,2
47110,1
47111,15
47111,1
47111,13
47138,1
47138,2
47138,17
47139,1
47139,7
47139,71
47139,40
47139,113
47165,1
47179,2
47179,1
47179,7
47179,170
47179,92
47179,221
47193,1
47218,34
47218,2
47218,1
47218,35
47218,1034
47229,1
47229,15
47229,2
47229,48
47232,2
47232,1832
47232,875
47232,1231
47232,48
47254,1
47254,9
47254,2
47264,2
47264,1
47264,142
47297,13
47297,2
47297,6
47328,2
47328,1
47328,26
47329,15
47329,1
47329,2
47348,2
47348,1
47348,23
47356,1
47356,26
47383,2
47383,23
47383,49
47385,1
47385,2
47385,197
47402,1
47438,6
47438,34
47438,1
47438,36
47444,6
47444,13
47444,1
47444,36
47444,397
47444,233
47458,2
47458,1
47458,7
47458,31
47458,37
47473,1
47473,2
47487,2
47487,17
47487,1
47488,1
47499,45
47499,34
47499,3
47499,20
47499,24
47502,1
47502,7
47502,35
47513,18
47513,59
47513,1
47515,1
47515,28
47515,2
47515,314
47515,25
47545,1
47545,7
47561,1
47561,2
47562,6
47562,49
47562,1
47591,13
47591,2
47591,1
47621,1
47621,2
47623,1
47623,2
47661,119
47661,7
47661,1
47671,1
47675,2
47675,1
47675,680
47675,107
47675,2981
47681,1
47707,1
47707,15
47707,13
47722,1
47722,7
47722,49
47723,2
47723,6
47731,1
47731,15
47758,1
47758,2
47758,7
47758,64
47758,1838
47771,1
47771,7
47786,1
47808,7
47808,1
47808,28
47841,2
47841,1
47841,7
47849,1
47849,351
47861,3
47861,1
47861,104
47861,633
47861,250
47864,2
47864,86
47864,108
47864,926
47864,1
47885,55
47885,123
47885,1
47928,1
47928,15
47928,2
47928,1840
47928,1841
47928,37
47944,5
47944,11
47944,13
47944,20
47944,1
47959,1
47979,1
47979,254
47979,2
48029,37
48029,1
48032,7
48032,1
48032,2
48037,1
48037,2
48053,49
48053,13
48053,1
48053,2
48069,1
48069,15
48069,48
48076,2
48076,1
48076,15
48086,1
48086,26
48086,35
48086,131
48089,1
48089,6
48094,1
48101,7
48101,1
48161,1
48161,2
48169,1
48169,7
48169,134
48174,1
48174,26
48174,2
48174,35
48174,54
48194,7
48194,152
48194,131
48194,1
48217,1
48217,2985
48217,2986
48217,2
48230,2
48230,48
48230,13
48246,1
48246,7
48246,17
48246,35
48281,1
48281,7
48292,1
48292,2
48292,15
48348,1
48348,6
48348,2
48352,1
48352,15
48369,13
48369,17
48369,2
48370,1
48370,7
48370,25
48370,169
48370,35
48377,15
48377,1
48377,26
48377,2
48377,233
48413,15
48413,1
48413,2
48413,55
48434,25
48434,55
48434,7
48434,1
48446,1
48446,2
48462,18
48462,2
48462,1
48492,1
48519,1
48519,2
48519,7
48524,7
48524,1
48524,26
48524,37
48524,140
48529,2
48529,71
48529,1
48529,54
48529,15
48532,122
48532,2
48532,1
48532,831
48559,2
48559,1
48560,1
48560,2
48568,7
48568,2
48568,1
48568,163
48568,140
48568,37
48572,1
48572,15
48572,49
48572,13
48608,1
48608,25
48608,28
48608,54
48608,7
48612,1
48612,2
48626,150
48626,2
48626,319
48626,243
48626,88
48626,217
48626,46
48626,40
48626,71
48652,1
48675,2
48675,1
48675,58
48705,1
48705,7
48726,1
48786,6
48786,13
48786,1
48786,293
48786,2
48799,2
48799,1
48801,56
48801,55
48801,1
48801,297
48801,2990
48868,7
48868,1
48868,2
48874,7
48874,1
48874,23
48874,58
48887,1
48897,2
48897,1
48897,71
48898,1
48907,1
48907,142
48923,1
48923,24
48944,1
48944,2
48944,7
48944,256
48944,1339
48971,1
48971,7
48981,2
48981,1
48981,81
48981,627
48981,54
49078,1
49078,35
49082,1
49082,7
49082,2
49082,108
49082,86
49099,1
49111,26
49111,1
49111,7
49141,1
49141,2
49141,109
49162,23
49162,9
49162,35
49162,1
49162,2
49162,114
49164,2
49164,7
49164,1
49180,2
49180,1
49189,2
49189,1
49231,1
49231,7
49231,2
49250,1
49250,2
49256,1
49262,1
49284,2
49284,23
49284,1
49288,276
49288,270
49288,1
49288,736
49288,605
49288,485
49347,2
49347,1
49358,1
49358,7
49358,15
49406,1
49406,7
49406,2
49432,55
49432,1
49432,18
49436,15
49436,1
49436,49
49451,1
49451,2
49476,1
49476,2
49535,57
49535,1
49535,18
49535,37
49551,1
49551,2
49555,58
49555,1
49555,28
49555,2
49555,71
49560,1
49560,7
49571,2
49571,1
49571,15
49619,1
49619,7
49633,1
49635,2
49635,7
49635,1
49635,154
49635,245
49656,2
49656,1
49656,1107
49656,15
49656,3006
49656,37
49658,1
49658,7
49670,2
49670,1
49697,1
49701,7
49701,1
49733,1
49737,122
49737,25
49737,1
49737,7
49789,1
49789,15
49806,15
49806,1
49812,6
49812,45
49812,1
49849,2
49849,7
49849,1
49849,81
49849,184
49853,1
49853,2
49853,49
49857,1
49857,23
49857,35
49869,2
49869,1
49880,2
49880,1
49880,7
49891,6
49891,1
49916,1
49916,15
49916,2
49916,37
49926,1
49926,2
49931,2
49931,1
49931,49
49931,37
49936,1
49936,2
49936,55
49936,24
49998,1
49998,7
50000,15
50000,48
50000,1
50000,37
50018,1
50022,1
50022,15
50025,6
50025,1
50025,160
50025,15
50025,276
50025,295
50025,36
50025,109
50034,2
50034,1
50034,15
50161,23
50161,3017
50161,1
50185,2
50185,1
50185,15
50229,1
50229,152
50229,7
50244,1
50244,62
50244,35
50262,2
50267,1
50267,2
50267,7
50292,34
50292,90
50292,1
50324,1
50324,2
50365,47
50365,1
50365,2
50367,1
50411,2
50411,1
50411,25
50444,17
50444,2
50444,49
50447,338
50447,1
50470,15
50470,2
50470,1
50481,35
50481,23
50481,1
50481,2
50488,2
50488,7
50488,1
50493,1
50493,2
50493,15
50493,37
50536,2
50536,13
50536,23
50536,1
50572,6
50572,1
50574,18
50574,1
50574,2
50612,1
50612,7
50612,15
50630,1
50630,7
50645,1
50654,7
50654,1
50669,7
50669,2
50669,1
50682,1
50682,2
50682,35
50707,1
50707,7
50760,1
50760,15
50760,7
50760,55
50760,112
50780,28
50780,1
50788,15
50788,1
50788,49
50790,1
50790,23
50803,7
50803,1
50803,55
50848,1
50848,2
50874,23
50874,1
50874,81
50874,2
50885,1
50885,2
50917,1
50917,15
50948,36
50948,54
50948,1
50950,1
50950,15
50950,2
50963,1
50963,2
51018,98
51018,1
51018,2
51018,17
51024,1
51024,7
51024,6
51025,26
51025,1
51025,7
51031,28
51031,1
51031,7
51052,15
51052,7
51052,2
51052,1
51056,1
51056,7
51077,1
51112,1
51112,2
51116,1
51116,2
51122,16
51122,2
51122,115
51122,249
51139,2
51139,157
51139,1
51150,58
51150,37
51150,291
51150,15
51150,1
51157,2
51157,7
51157,1
51157,41
51191,1
51191,13
51217,7
51217,2
51221,1
51221,7
51221,37
51245,1
51293,2
51293,6
51293,13
51296,1
51296,15
51296,49
51303,2
51303,1
51303,15
51304,1
51304,2
51332,1
51349,1
51349,2
51349,60
51353,1
51353,35
51353,7
51353,40
51353,2
51354,1
51360,1
51360,23
51369,1
51369,2
51398,91
51398,3
51398,2
51398,45
51398,294
51443,90
51443,1
51443,7
51446,1
51446,35
51446,58
51472,2
51472,958
51472,16
51472,7
51472,186
51484,1
51484,2
51528,1
51530,1
51530,2
51539,71
51539,1
51539,23
51547,1
51547,134
51547,7
51547,1856
51547,1347
51575,2
51575,142
51575,3
51575,45
51575,40
51576,59
51576,1
51578,1
51578,13
51578,24
51580,1
51590,31
51590,1
51590,2
51599,2
51599,1
51599,28
51602,6
51602,1
51621,1
51621,28
51621,7
51652,2
51652,108
51652,86
51652,1
51652,7
51652,263
51676,7
51676,1
51676,25
51700,1
51700,55
51726,1
51726,28
51727,1
51727,15
51727,2
51746,127
51746,6
51746,1
51773,62
51773,9
51773,1
51821,1
51821,7
51829,2
51829,1
51844,1
51844,2
51851,1
51851,7
51927,7
51927,1
51936,7
51936,35
51936,1
52000,1
52031,24
52031,1
52031,45
52031,108
52031,86
52035,1
52035,2
52035,411
52038,2
52038,136
52038,1
52062,6
52062,2
52062,1
52062,49
52062,7
52062,36
52066,1
52108,28
52108,7
52108,2
52108,35
52123,1
52123,7
52193,49
52193,17
52193,2
52202,17
52202,137
52202,1
52228,1
52228,15
52258,1
52258,7
52261,7
52261,1
52261,2
52276,46
52276,13
52276,2
52276,3
52276,20
52276,66
52276,1582
52276,3045
52276,1
52276,23
52276,146
52276,108
52276,86
52276,151
52276,38
52276,44
52276,280
52276,1066
52276,67
52276,598
52276,1352
52276,3046
52276,3047
52276,60
52276,118
52276,47
52276,49
52276,1353
52276,3048
52276,3049
52276,3050
52276,3051
52276,3052
52276,3053
52276,1235
52282,14
52282,141
52282,3
52282,2
52282,1
52325,6
52325,2
52325,1
52325,36
52367,7
52367,1
52367,35
52370,7
52370,1
52370,9
52386,1
52386,7
52386,1354
52386,540
52388,1
52410,54
52410,71
52410,1
52410,98
52439,189
52439,1
52439,7
52453,2
52453,6
52453,49
52457,46
52457,2
52457,1
52457,17
52457,31
52467,2
52467,1
52467,15
52498,1
52498,2
52506,23
52506,1
52506,44
52531,55
52531,1
52531,7
52531,54
52531,3055
52560,6
52560,49
52564,1
52564,7
52564,15
52567,1
52567,7
52577,1
52577,35
52577,90
52579,1
52579,15
52579,55
52581,1
52581,2
52581,7
52585,2
52585,7
52585,1
52628,1
52628,28
52628,92
52628,25
52629,1
52629,49
52629,2
52641,1
52641,2
52644,1
52644,2
52670,1
52670,2
52670,7
52674,1
52674,2
52674,7
52674,25
52740,2
52740,15
52740,24
52740,1356
52740,1
52742,2
52742,6
52742,24
52742,3
52756,14
52756,2
52756,1
52775,1
52775,96
52775,114
52775,42
52797,2
52797,1
52828,17
52828,2
52828,7
52848,1
52848,13
52848,2
52848,15
52869,17
52869,1
52869,2
52872,1
52872,41
52872,7
52872,630
52886,1
52886,2
52897,23
52897,2
52897,7
52897,50
52897,191
52925,1
52925,2
52925,49
52939,16
52939,13
52939,2
52939,1
52939,135
52971,15
52971,1
52971,2
52971,170
52971,13
53002,1
53002,15
53002,48
53015,23
53015,35
53015,15
53015,1
53026,13
53026,1
53026,15
53027,2
53027,1
53027,472
53027,7
53033,1
53059,1
53059,2
53088,3066
53088,1
53088,128
53088,3067
53088,7
53089,1
53089,2
53089,7
53096,35
53096,1
53097,1
53097,2
53097,7
53181,2
53181,1
53181,193
53181,15
53204,191
53204,123
53204,18
53204,2
53204,1
53205,1
53248,17
53248,2
53248,1
53289,3
53289,1
53289,2
53289,479
53291,1
53291,13
53291,64
53303,2
53303,1
53303,6
53303,7
53307,1
53307,2
53347,2
53347,28
53347,26
53347,1
53377,2
53377,1
53377,7
53408,1
53408,2
53408,7
53415,114
53415,15
53415,1
53426,28
53426,1
53426,7
53438,1
53438,58
53438,59
53449,90
53449,1
53449,7
53449,113
53472,1
53472,15
53472,13
53483,1
53483,2
53483,48
53496,2
53496,1
53513,48
53513,1
53525,1
53525,55
53565,1
53565,2
53565,25
53643,1
53720,1
53720,13
53720,7
53720,2
53728,1
53730,15
53730,1
53732,1
53732,3
53732,2
53732,14
53748,55
53748,1
53748,7
53766,33
53766,1
53769,7
53769,2
53770,934
53770,1
53770,2
53771,2
53771,26
53771,1
53775,1
53775,7
53777,23
53777,13
53777,17
53777,1
53777,324
53781,16
53781,1
53781,54
53781,32
53781,24
53799,16
53799,1
53799,207
53799,48
53799,2
53841,23
53841,35
53841,13
53867,1
53867,64
53868,128
53868,25
53868,1
53868,7
53868,71
53894,1
53915,1
53915,15
53915,26
53915,729
53916,1
53916,2
53923,1
53930,6
53930,2
53930,1
53964,28
53964,1
53964,58
53988,1
53988,7
53988,25
53988,185
53988,44
54002,1
54002,2
54021,1
54021,13
54021,240
54054,1
54054,35
54054,26
54071,1
54071,2
54084,1
54101,28
54101,35
54101,1
54128,13
54128,2
54128,7
54171,1
54171,58
54172,28
54172,1
54172,71
54172,7
54172,67
54172,41
54172,203
54181,2
54181,1
54195,15
54195,1
54195,2
54213,1
54213,2
54213,13
54218,1
54218,60
54218,2
54218,526
54218,296
54277,2
54277,1
54297,13
54297,2
54297,60
54316,45
54316,1
54316,3083
54316,7
54334,1
54385,1
54421,1
54431,6
54431,2
54438,1
54438,2
54438,12
54440,16
54440,207
54440,1
54463,1
54463,1358
54463,535
54476,23
54476,1
54490,45
54490,18
54490,24
54499,6
54499,2
54499,54
54499,36
54524,1
54524,28
54524,7
54524,203
54524,2
54550,7
54550,1
54557,3
54557,1
54557,2
54617,28
54617,1
54617,32
54617,404
54633,57
54633,24
54633,47
54633,2
54653,1
54690,2
54690,1
54696,6
54696,1
54701,2
54701,1
54701,7
54703,2
54703,1
54703,15
54703,37
54726,1
54726,15
54726,48
54742,17
54742,1
54756,1
54756,7
54756,78
54767,2
54767,64
54767,1
54767,57
54782,23
54782,1
54782,7
54785,1
54789,1
54789,37
54815,28
54815,1
54815,7
54818,1
54836,17
54836,49
54846,2
54846,1
54850,15
54850,1
54850,26
54850,2
54850,7
54859,2
54859,1
54859,17
54866,13
54866,6
54866,49
54888,1
54888,15
54917,1
54917,15
54917,2
54942,43
54942,1
54942,2
54952,7
54952,1
54952,15
54979,2
54979,1
55002,1
55002,6
55002,1869
55002,689
55008,6
55008,2
55008,1
55025,7
55025,1
55050,7
55050,1
55053,2
55053,1
55053,7
55053,30
55053,28
55053,279
55080,7
55080,2
55080,1
55117,1
55144,1
55144,7
55175,1
55225,1
55225,35
55225,2
55236,6
55236,1
55236,2
55236,61
55236,36
55267,1
55267,7
55267,2
55267,15
55267,20
55270,13
55270,6
55270,1
55273,1
55273,15
55273,188
55296,1
55296,7
55317,23
55317,1
55317,7
55339,1
55339,2
55339,7
55339,50
55339,128
55358,6
55358,1
55375,1
55375,26
55383,1
55383,2
55392,1
55392,2
55407,28
55407,1
55407,127
55447,2
55447,1
55455,1
55455,15
55463,7
55463,2
55463,1
55481,58
55481,1
55535,1
55535,2
55540,2
55540,1
55540,15
55542,1
55542,28
55549,6
55549,1
55549,2
55549,49
55549,41
55553,1
55553,2
55553,7
55562,1
55562,7
55592,23
55592,1
55592,2
55601,7
55601,59
55601,1
55602,1
55602,7
55622,6
55622,1
55641,1
55641,90
55641,140
55641,58
55659,17
55659,2
55659,1
55661,46
55661,1
55661,15
55686,7
55686,1
55686,140
55686,55
55712,2
55727,1
55727,49
55727,76
55729,2
55729,1
55729,3
55729,37
55832,9
55832,2
55832,1
55862,1
55869,2
55869,24
55869,799
55869,598
55869,1
55870,628
55870,1874
55870,1
55876,114
55876,6
55876,1
55884,7
55884,1
55884,31
55906,6
55906,13
55906,1
55906,36
55929,2
55929,1
55942,170
55942,36
55942,116
55942,1
55942,460
55942,221
55942,401
55942,128
55943,7
55943,1
55943,2
55946,94
55946,1
55946,28
55946,2
55958,7
55958,50
55958,1
55958,140
56017,1
56017,7
56018,6
56018,49
56018,176
56018,1
56018,34
56039,15
56039,1
56039,2
56054,6
56054,1
56054,61
56054,36
56081,28
56081,1
56084,113
56084,1
56084,2
56084,128
56084,7
56084,17
56084,15
56131,7
56131,25
56131,1
56138,6
56172,15
56172,48
56172,1
56172,2
56172,13
56175,2
56175,1
56175,7
56182,1
56182,2
56182,64
56182,40
56251,15
56251,1
56251,7
56280,1
56286,17
56286,34
56286,7
56286,2
56286,15
56318,28
56318,1
56318,7
56318,118
56318,2
56355,1
56355,28
56355,7
56368,38
56368,2
56368,7
56381,15
56381,1
56394,26
56394,7
56394,47
56394,63
56394,1
56411,1
56411,6
56417,1
56436,58
56436,1
56436,35
56480,2
56480,1
56480,3116
56480,595
56480,48
56532,1
56532,32
56532,2
56538,1
56538,35
56538,2
56538,25
56538,7
56538,58
56561,34
56561,3
56561,45
56561,13
56602,1
56602,2
56602,40
56622,28
56622,1
56622,64
56627,7
56627,1
56627,2
56627,50
56627,49
56627,37
56638,1
56638,23
56638,207
56677,1
56677,7
56677,15
56678,2
56678,1
56683,52
56683,1
56683,25
56683,28
56683,7
56741,1
56741,7
56741,2
56810,1
56810,26
56811,2
56811,1
56811,48
56827,7
56827,1
56840,2
56840,1
56864,6
56864,1
56873,1
56873,7
56876,6
56876,1
56886,1
56886,15
56886,94
56886,58
56892,1
56892,7
56929,2
56929,1
56929,15
56929,36
56934,1
56934,37
56967,2
56967,7
56967,1
56969,1
56969,7
56969,37
56970,17
56970,49
56970,2
56970,1
56974,1
56974,15
56974,7
56981,1
56981,7
56981,2
56994,2
56994,15
56994,1
57011,1
57011,23
57016,23
57016,35
57016,78
57016,1
57041,6
57041,1
57058,1
57072,2
57072,1101
57072,13
57072,49
57072,36
57089,2
57089,1
57092,58
57092,1
57131,1
57146,2
57146,1
57146,62
57152,1
57154,1
57184,23
57184,1
57184,2
57190,30
57190,7
57190,1
57220,1
57220,2
57249,1
57249,41
57249,7
57249,3123
57249,1887
57249,253
57249,600
57249,1888
57249,3124
57249,1889
57249,58
57249,448
57249,854
57254,7
57254,1
57254,2
57368,2
57368,7
57368,1
57368,37
57375,2
57375,37
57375,15
57375,1
57383,1
57383,2
57383,20
57383,115
57416,7
57416,2
57416,1
57426,2
57426,15
57426,1
57426,235
57426,339
57426,80
57426,188
57450,1
57450,2
57450,7
57487,2
57487,1
57501,7
57501,2
57501,1
57536,1
57536,13
57559,1
57559,6
57577,2
57577,7
57577,1
57577,134
57612,15
57612,1
57612,17
57629,2
57629,1
57658,1
57658,2
57660,2
57660,7
57660,1
57674,2
57674,122
57674,1
57674,16
57674,211
57718,2
57718,1
57718,25
57718,54
57745,13
57745,15
57745,1
57763,2
57763,1
57763,140
57763,37
57781,6
57781,1
57789,28
57789,1
57797,2
57797,1
57797,6
57810,1
57831,79
57831,47
57831,48
57831,15
57831,7
57831,17
57866,9
57866,17
57866,1
57866,126
57870,1
57875,1
57875,7
57875,2
57880,6
57880,1
57929,59
57929,2
57929,7
57931,1
57931,7
57931,2
57946,1
57983,6
57983,1
57988,6
57988,13
57988,49
58033,7
58033,1
58033,2
58034,2
58034,13
58034,7
58041,1
58041,7
58041,15
58070,1
58116,46
58116,146
58116,2
58135,28
58135,1
58135,2
58141,1
58141,7
58186,32
58186,16
58186,64
58186,2
58186,20
58194,7
58194,1
58194,346
58212,1
58212,13
58212,94
58262,1
58262,7
58262,2
58270,2
58270,1
58270,137
58313,2
58313,1
58338,2
58338,49
58338,32
58338,37
58340,1
58340,98
58340,23
58350,1
58350,2
58352,1
58352,15
58399,1
58399,2
58399,7
58399,535
58405,2
58405,71
58405,1
58405,7
58413,1
58413,2
58413,7
58420,1
58420,7
58433,57
58433,2
58433,1
58433,81
58433,1895
58454,1
58454,63
58454,79
58477,6
58477,49
58477,2
58480,1
58480,25
58480,54
58480,35
58480,7
58489,1
58489,15
58489,2
58489,17
58490,13
58490,2
58490,20
58490,1
58495,1
58502,38
58502,1
58502,35
58502,7
58502,111
58549,1
58549,25
58549,2
58556,6
58556,1
58556,90
58581,2
58581,6
58581,45
58594,7
58594,1
58594,2
58610,1
58610,7
58614,49
58614,15
58614,1
58614,37
58617,33
58617,2
58617,1
58617,25
58617,67
58650,47
58650,1
58650,71
58650,58
58696,6
58696,1
58713,1
58723,2
58723,37
58723,1
58723,49
58771,1
58771,2
58771,15
58771,48
58771,13
58814,1
58814,7
58814,26
58825,6
58825,1
58825,306
58825,203
58851,9
58851,1
58851,118
58889,13
58889,15
58889,49
58889,1
58948,1
58948,15
58948,35
58951,23
58951,1
58952,2
58952,6
58952,44
58952,1
58952,13
58988,7
58988,25
58988,1
58997,1
58997,7
58997,37
59018,1
59018,2
59018,7
59018,378
59018,54
59032,1
59032,7
59032,2
59032,501
59032,1118
59064,1
59064,7
59083,23
59083,1
59083,1368
59083,2
59083,3157
59110,2
59110,1
59116,1
59128,6
59128,2
59128,15
59128,13
59174,1
59184,91
59184,42
59184,2
59184,495
59184,1
59229,2
59229,1
59229,6
59231,36
59231,1
59231,3158
59231,1904
59237,23
59237,1
59237,2
59242,17
59242,1
59242,7
59250,2
59250,1
59250,54
59268,15
59268,1
59268,49
59268,2
59270,1
59279,7
59279,1
59301,1
59301,15
59301,2
59304,2
59304,1
59304,13
59305,1
59305,42
59305,2
59330,9
59330,1
59330,15
59334,1
59334,13
59334,345
59334,1708
59344,1
59344,7
59344,2
59377,15
59377,1
59377,2
59383,23
59383,1
59440,152
59440,1
59440,131
59483,15
59483,49
59483,1
59490,1
59496,1
59496,2
59496,48
59496,276
59497,1
59497,2
59508,6
59508,2
59508,12
59508,58
59508,36
59521,1
59521,2
59547,1
59571,7
59571,1
59575,1
59575,26
59588,1
59588,54
59588,48
59588,15
59588,71
59593,2
59593,1
59593,7
59593,40
59615,48
59615,1
59615,2
59619,1
59619,37
59678,7
59678,2
59678,1
59684,1
59724,1
59724,188
59726,1
59726,24
59726,255
59727,2
59727,7
59727,1
59835,2
59835,256
59835,1
59835,35
59835,219
59890,1
59905,1
59905,2
59905,7
59945,2
59945,1
59945,7
59947,2
59947,1
59947,6
59950,23
59950,1
59950,7
59953,2
59953,695
59953,1
59953,71
60013,1
60027,1
60027,7
60027,2
60042,1
60042,2
60042,38
60042,126
60049,1
60049,60
60049,7
60052,2
60052,1
60052,7
60069,1
60070,2
60070,26
60070,1
60083,2
60083,1
60083,7
60084,1
60084,28
60084,7
60087,1
60087,2
60087,35
60087,7
60107,1
60107,25
60107,7
60107,135
60107,115
60120,13
60120,1
60120,2
60126,30
60126,1
60126,2
60131,1
60133,2
60133,1
60133,23
60140,1
60199,7
60199,1
60199,13
60205,1
60205,7
60205,2
60225,1
60225,15
60225,7
60240,7
60240,2
60240,1
60261,152
60261,1
60293,2
60293,1
60296,9
60296,1
60296,153
60343,1
60343,41
60343,2
60386,63
60386,1
60386,7
60388,15
60388,1
60388,7
60388,308
60388,1354
60450,6
60450,1
60450,47
60450,2
60450,40
60450,36
60462,1
60462,2
60468,2
60468,1
60472,1
60472,25
60472,23
60472,54
60472,7
60519,1
60526,152
60526,1
60526,2
60526,7
60542,2
60542,1
60542,18
60546,2
60546,1
60547,1
60547,15
60547,48
60554,7
60554,1
60567,7
60567,1
60567,41
60567,2
60587,1
60587,7
60606,1
60626,2
60626,7
60626,81
60626,1
60626,277
60633,7
60633,1
60633,2
60654,15
60654,1
60683,2
60683,1
60683,15
60740,2
60740,11
60740,41
60740,7
60740,1
60740,67
60740,25
60740,62
60740,118
60740,49
60740,145
60752,1
60752,49
60752,913
60752,3183
60769,1
60769,2
60769,15
60791,119
60791,2
60791,1
60799,6
60799,63
60799,1
60805,49
60805,15
60805,1
60805,37
60825,991
60825,3185
60825,1
60825,306
60825,9
60845,41
60845,26
60845,1
60845,2
60856,32
60856,1
60856,16
60858,54
60858,1
60858,7
60859,1
60859,54
60859,3
60871,76
60871,405
60871,6
60871,7
60871,25
60874,1
60883,1
60883,7
60883,25
60889,1
60889,2
60889,7
60890,2
60890,48
60890,15
60919,1
60919,7
60958,1
60978,1
60978,6
60978,36
60979,90
60979,1
60979,2
60979,113
60979,40
60991,1
60991,3188
61007,1
61007,7
61008,1
61008,49
61008,6
61018,1
61018,2
61037,1
61055,19
61055,2
61055,29
61055,9
61055,1
61056,60
61056,2
61056,1
61056,297
61056,711
61076,1
61076,2
61076,7
61076,41
61076,25
61076,191
61076,50
61076,92
61076,13
61076,133
61076,263
61076,480
61076,251
61076,296
61076,1908
61076,1119
61076,542
61093,1
61093,2
61096,6
61096,1
61096,7
61139,2
61139,1
61139,7
61139,108
61139,86
61139,3191
61139,967
61144,1
61144,49
61144,15
61164,7
61164,15
61164,1
61177,6
61177,2
61177,56
61177,48
61177,49
61193,1
61193,7
61193,41
61231,58
61231,1
61240,15
61240,1
61240,2
61259,7
61259,67
61259,1
61295,1
61295,7
61295,301
61309,2
61309,1
61320,1
61320,7
61325,2
61325,1
61329,1
61339,7
61339,297
61339,125
61339,1
61339,304
61374,15
61374,1
61374,17
61397,55
61397,1
61397,7
61398,2
61398,7
61398,1
61399,2
61399,1
61399,64
61399,57
61399,86
61399,37
61399,18
61413,131
61413,1
61413,40
61424,2
61424,313
61424,1100
61424,337
61424,7
61424,3
61424,1909
61433,1
61433,7
61444,1
61444,2
61454,1
61454,6
61454,36
61455,1
61460,49
61460,15
61460,1
61460,40
61471,1
61471,140
61487,6
61487,1
61487,36
61508,7
61508,2
61508,1
61508,140
61508,37
61555,2
61555,1
61555,7
61555,81
61607,7
61607,25
61607,1
61609,1
61637,1
61637,18
61640,1
61646,1
61646,23
61648,1
61648,2
61648,7
61648,50
61648,67
61653,112
61653,1
61653,2
61653,15
61653,64
61671,1
61684,1
61684,2
61684,15
61702,1
61702,37
61702,15
61702,595
61702,931
61733,1
61800,1
61800,2
61805,2
61805,1
61835,2
61835,1
61838,6
61838,13
61838,1
61838,2
61838,742
61847,1
61847,15
61862,1
61862,2
61862,25
61880,2
61880,1
61880,3211
61880,345
61880,15
61893,1
61893,54
61905,1
61905,7
61962,3
61962,2
61962,66
61962,122
61962,1
61980,2
61980,1
61980,54
61994,1
62015,1
62015,2
62046,1
62051,2
62051,1
62075,1
62075,2
62080,1
62114,6
62114,1
62114,2
62124,1
62137,1
62137,2
62137,7
62142,71
62142,1
62151,2
62151,1
62151,37
62151,15
62169,1
62169,7
62169,17
62223,1
62244,1
62244,7
62244,28
62313,30
62313,2
62313,7
62313,60
62313,1
62329,1
62329,7
62329,2
62329,40
62336,1
62336,13
62336,18
62336,67
62370,6
62370,2
62370,13
62403,1
62417,1
62417,2
62431,1
62431,55
62445,6
62445,3
62445,2
62445,104
62445,1
62451,162
62451,1
62451,18
62453,1
62469,15
62469,1
62469,54
62469,28
62469,2
62505,1
62505,2
62505,15
62513,6
62513,1
62530,7
62530,1
62530,2
62568,6
62568,1
62568,2
62594,1
62597,23
62597,1
62597,106
62612,7
62612,1
62612,2
62632,3221
62632,1
62632,2
62643,12
62643,43
62643,49
62643,1
62646,1
62675,6
62675,2
62675,1
62676,2
62676,1
62676,13
62683,1
62683,2
62683,37
62690,1
62690,2
62735,1
62735,2
62746,3
62746,2
62746,6
62749,1
62749,41
62749,7
62757,1
62757,7
62758,1
62758,15
62758,35
62758,2
62778,2
62778,1
62778,28
62783,15
62783,1
62783,13
62788,2
62788,1
62788,17
62810,1
62810,26
62810,7
62828,1
62828,7
62838,2
62838,1
62838,26
62846,55
62846,1
62850,1
62850,2
62850,7
62861,1
62861,7
62864,79
62864,1
62864,41
62864,7
62871,7
62871,1
62871,35
62890,28
62890,1
62891,2
62891,1
62925,2
62925,1
62925,7
62961,7
62961,1
62961,2
62968,1
62968,2
62989,6
62989,1
62989,2
63046,1
63046,2
63046,7
63046,18
63049,1
63053,1
63053,7
63053,2
63053,37
63081,23
63081,1
63088,1
63088,58
63116,2
63116,6
63116,1
63116,7
63116,54
63121,15
63121,1
63121,13
63121,193
63121,54
63137,15
63137,2
63137,49
63158,23
63158,2
63158,1
63172,17
63172,15
63172,1
63172,2
63181,57
63181,18
63181,2
63193,1
63301,1
63301,6
63326,1
63326,2
63332,2
63332,1
63333,1
63333,2
63333,71
63333,23
63334,1
63345,1
63347,18
63347,2
63347,1
63347,24
63347,81
63347,1036
63347,109
63354,2
63354,62
63354,145
63354,28
63354,1
63361,35
63361,1
63361,49
63442,1
63442,2
63442,41
63442,37
63457,2
63457,1
63459,1
63459,2
63459,91
63472,1
63472,7
63475,113
63475,1
63475,7
63519,2
63519,1
63519,7
63519,41
63535,15
63535,1
63535,2
63569,1
63571,1
63571,55
63581,2
63581,1
63612,2
63612,1
63612,7
63619,15
63619,1
63619,71
63657,1
63657,7
63657,25
63657,2
63660,2
63660,1
63660,26
63689,49
63689,1
63689,15
63693,1
63693,2
63693,86
63693,108
63693,3229
63693,55
63721,6
63721,185
63721,1
63739,2
63739,1
63764,1
63764,23
63786,1
63792,1
63792,2
63792,24
63817,7
63817,1
63844,1
63844,2
63844,41
63847,17
63847,1
63847,13
63864,7
63864,1
63864,2
63864,28
63873,1
63883,6
63883,23
63883,49
63889,1
63931,6
63931,1
63934,1
63934,36
63934,6
63947,1
63951,2
63951,1
63951,7
63951,277
63951,13
63951,92
63951,146
63964,18
63964,24
63964,1
63964,296
63964,2
63986,2
63986,1054
63986,15
63986,86
63986,1
63986,3236
63986,3237
63986,3238
63986,13
63986,48
63986,49
63991,2
63991,1
63991,52
63992,1
63992,7
64001,1
64001,2
64001,17
64021,538
64021,26
64021,2
64021,1
64036,15
64036,6
64036,1
64036,2
64036,81
64036,58
64053,1
64053,6
64094,1
64094,15
64094,2
64108,116
64108,6
64108,1
64126,2
64126,1
64147,6
64147,2
64147,45
64153,1
64153,2
64153,54
64198,16
64198,32
64198,1
64207,2
64207,1
64207,7
64221,1
64242,1
64242,15
64242,2
64242,13
64247,26
64247,1
64247,3241
64247,2
64247,37
64267,1
64267,2
64282,23
64282,1
64282,2
64282,25
64282,54
64285,24
64285,1
64330,6
64330,1
64330,2
64365,1
64365,2
64365,55
64370,1
64370,15
64376,119
64376,1
64376,15
64400,23
64400,1
64409,1
64409,7
64409,277
64409,35
64409,3247
64409,241
64409,502
64409,59
64409,18
64413,1
64413,79
64456,76
64456,1
64456,1376
64456,49
64465,1
64465,18
64465,2
64494,28
64494,1
64494,7
64529,1
64529,2
64529,7
64529,54
64553,1
64578,79
64578,35
64578,1
64578,2
64587,37
64587,2
64587,1
64587,7
64594,28
64594,1
64594,7
64594,152
64594,25
64606,2
64606,15
64606,1
64608,2
64608,7
64608,1
64640,6
64640,1
64655,2
64655,1
64655,60
64659,1
64659,2
64659,15
64703,7
64703,1
64833,1
64833,7
64841,1
64841,2
64850,1
64850,2
64850,18
64850,40
64865,1
64865,28
64870,2
64870,1
64870,50
64870,15
64880,2
64880,1
64880,49
64881,1
64881,37
64895,1
64895,2
64895,7
64898,1
64907,2
64907,1
64907,7
64942,1
64942,260
64942,140
64948,1
64950,32
64950,16
64950,1
64978,2
64978,1
64999,1
64999,2
64999,48
65005,1
65005,35
65082,1
65082,2
65086,6
65086,1
65086,15
65091,42
65091,1
65091,2
65149,56
65149,149
65149,1
65149,126
65159,1
65159,37
65159,55
65159,14
65160,2
65160,1
65160,15
65168,137
65168,7
65168,1
65199,1
65199,404
65199,81
65203,1
65203,7
65203,2
65219,28
65219,1
65219,7
65226,1
65226,2
65247,1
65247,2
65247,7
65260,1
65260,15
65260,6
65261,13
65261,1
65276,152
65276,1
65276,7
65291,1
65291,7
65328,2
65328,1
65328,17
65392,1
65392,2
65392,3261
65392,3262
65436,48
65436,1
65436,13
65462,1
65462,26
65462,7
65472,1
65472,134
65472,2
65472,506
65472,35
65472,140
65510,1
65510,7
65510,2
65516,1
65516,7
65531,55
65531,1
65538,1
65538,7
65538,2
65555,7
65555,1
65555,35
65588,37
65588,7
65588,1
65639,1
65639,7
65652,2
65652,1
65652,7
65652,188
65679,2
65679,54
65679,26
65679,1
65679,172
65684,1
65684,7
65716,1
65745,23
65745,1
65748,7
65748,1
65748,140
65768,46
65768,2
65768,13
65768,15
65785,6
65785,1
65788,6
65788,49
65788,15
65800,1
65800,2
65808,2
65808,1
65836,2
65836,1
65836,37
65844,1
65852,1
65852,7
65861,1
65861,49
65878,1
65878,25
65878,23
65878,2
65918,1
65918,35
65918,48
65918,15
66044,2
66044,1
66045,1
66045,152
66045,7
66055,1
66055,26
66055,7
66082,577
66082,54
66082,1
66082,2
66129,1
66129,7
66129,15
66148,1
66148,7
66148,291
66148,35
66148,126
66187,1
66187,7
66187,54
66187,25
66196,1
66196,7
66196,26
66203,2
66203,17
66203,7
66203,80
66208,1
66208,7
66208,2
66211,1
66211,58
66213,2
66213,282
66213,1
66233,2
66233,1
66240,1
66240,7
66267,1
66267,7
66292,6
66292,1
66292,116
66292,36
66306,1
66306,15
66306,2
66306,112
66317,1
66317,7
66317,640
66317,169
66328,1
66335,7
66335,1
66335,6
66337,1
66337,2
66337,7
66364,1
66364,48
66364,13
66370,1
66370,7
66370,2
66376,2
66376,1
66376,245
66376,67
66376,31
66376,399
66376,151
66376,119
66376,41
66376,7
66405,15
66405,48
66405,1
66482,2
66482,1
66488,1
66488,30
66488,3285
66488,153
66495,7
66495,25
66495,1
66530,7
66530,1
66530,2
66544,1
66544,15
66544,2
66544,40
66552,1
66552,7
66584,17
66584,1
66584,2
66611,2
66611,1
66638,1
66638,7
66638,2
66638,41
66638,54
66661,1
66661,2
66688,1
66689,7
66689,1
66689,48
66689,140
66689,37
66695,1
66695,15
66695,3
66695,2
66695,37
66742,1
66785,1
66785,7
66785,13
66805,41
66805,9
66805,1
66805,7
66839,15
66839,1
66839,7
66839,2
66839,54
66852,1
66852,2
66868,1
66878,7
66906,15
66906,2
66906,1
66922,1
66922,7
66922,2
66939,28
66939,1
66939,7
66978,30
66978,2
66978,1
66991,137
66991,1
66991,25
66991,54
66991,7
67021,7
67021,1
67059,1
67059,2
67088,15
67088,48
67088,1
67088,2
67104,23
67104,1
67110,7
67110,1
67110,2
67166,140
67166,7
67166,1
67166,26
67166,2
67182,7
67182,1
67182,35
67205,35
67205,2
67205,1
67205,7
67254,1
67254,7
67265,34
67265,3
67265,1
67285,1
67285,2
67285,7
67289,15
67289,1
67289,2
67290,17
67290,15
67290,1
67320,24
67320,25
67320,1
67320,7
67320,362
67330,1
67330,18
67333,7
67333,2
67333,1
67334,6
67334,1
67360,1
67360,140
67377,1
67417,6
67417,3
67417,49
67464,6
67464,13
67464,49
67465,1
67465,15
67474,13
67474,17
67474,1
67475,1
67475,15
67475,94
67478,1
67486,960
67486,898
67486,1
67486,7
67486,15
67486,37
67486,140
67574,1
67574,2
67635,7
67635,1
67635,2
67666,2
67666,1
67666,7
67666,25
67681,1
67681,2
67681,7
67681,108
67681,86
67682,1
67682,7
67682,315
67682,215
67682,140
67682,30
67695,2
67695,1
67711,26
67711,1
67711,7
67720,7
67720,1
67720,119
67724,1
67724,7
67724,2
67724,15
67724,35
67724,49
67751,17
67751,15
67751,1
67768,13
67768,2
67768,1
67768,114
67787,1
67792,1
67792,37
67792,7
67792,2
67807,1
67807,2
67807,15
67807,13
67807,54
67852,7
67852,2
67852,1
67859,18
67859,1
67859,38
67876,1
67876,2
67876,67
67880,1
67881,1
67881,7
67889,1
67889,2
67889,7
67889,41
67902,59
67902,7
67902,1
67912,1
67912,7
67918,15
67918,2
67918,1
67934,7
67934,1
67947,7
67947,1
67951,6
67951,2
67951,151
67951,13
67951,118
67951,30
67951,36
67986,1
67986,2
68003,1
68003,15
68003,154
68003,204
68003,3310
68014,38
68014,28
68014,1
68023,1
68023,15
68023,64
68023,37
68059,78
68059,2
68059,1
68071,1
68071,2
68078,6
68078,34
68078,1
68118,1
68118,7
68118,2
68128,1
68128,47
68192,1
68192,48
68261,2
68261,1
68313,2
68313,1
68317,1
68317,7
68317,59
68324,1
68324,6
68348,1
68348,16
68348,7
68349,1
68349,2
68349,7
68373,2
68373,1
68373,7
68384,2
68384,1
68384,7
68384,15
68384,146
68384,92
68384,13
68384,170
68429,1
68429,23
68430,1
68430,1128
68430,3315
68430,3316
68431,2
68431,1
68459,1
68459,2
68470,26
68470,1
68470,15
68470,188
68470,2
68528,1
68528,13
68528,60
68535,2
68535,26
68535,1
68535,76
68535,37
68535,110
68544,1
68544,3
68562,1
68562,2
68562,194
68562,125
68582,179
68582,90
68582,24
68582,1
68582,2
68584,2
68584,1
68584,64
68600,1
68600,7
68600,15
68696,1
68696,2
68712,1
68712,2
68721,1
68721,2
68787,2
68787,7
68800,1
68800,17
68800,2
68811,31
68811,663
68811,1
68846,6
68846,15
68846,1
68846,13
68854,2
68854,1
68929,7
68929,1
68929,2
68954,59
68954,1
68954,18
68954,263
68959,235
68959,2
68959,1
68959,7
68959,215
69006,68
69006,3
69006,13
69006,1
69006,39
69014,6
69014,35
69014,2
69019,1
69019,2
69066,1
69066,2
69066,7
69088,1
69088,7
69095,2
69095,7
69095,1
69127,1
69129,13
69129,1
69167,32
69167,9
69167,16
69167,2
69167,1
69177,1
69181,15
69181,1
69181,17
69197,1
69210,135
69210,1
69210,2
69219,1
69219,2
69228,18
69228,2
69228,24
69244,1
69244,2
69259,6
69259,1
69263,1
69263,7
69263,26
69288,1
69288,15
69288,7
69288,2
69289,1
69289,7
69289,28
69289,108
69329,1
69329,215
69332,3
69332,86
69332,108
69332,1
69332,169
69332,150
69332,262
69338,208
69338,1
69338,16
69338,35
69363,34
69363,45
69363,24
69374,1
69374,528
69374,2
69376,90
69376,1
69380,1
69380,64
69422,1
69422,7
69435,112
69435,7
69435,1
69435,2
69452,1
69476,1
69476,3326
69476,3327
69476,7
69476,140
69478,6
69478,2
69478,1
69529,1
69529,6
69529,36
69532,2
69532,15
69532,1
69535,1
69535,37
69544,1
69544,2
69544,7
69563,2
69563,1
69563,956
69563,716
69563,389
69563,86
69596,1
69596,2
69622,1
69622,6
69622,26
69626,1
69626,49
69626,13
69630,1
69630,2
69630,64
69631,1
69631,2
69631,7
69643,15
69643,2
69643,1
69653,2
69653,1
69653,7
69658,24
69658,1
69658,2
69659,29
69659,45
69659,2
69698,1
69698,7
69702,1
69702,2
69702,15
69709,6
69709,13
69709,1
69709,36
69867,1
69867,7
69867,26
69888,2
69888,13
69888,1
69911,1
69911,26
69911,7
69911,457
69955,1
69955,17
69955,35
69960,23
69960,1
69960,54
69966,57
69966,2
69966,13
69966,1
69966,18
69966,37
69975,6
69975,1
69975,36
69987,162
69987,18
69987,64
69987,2
69987,1
70061,1
70061,7
70068,1
70068,2
70068,7
70094,2
70094,1
70094,35
70108,35
70108,90
70108,1
70113,23
70113,1
70113,71
70113,2
70113,78
70123,1
70145,6
70145,1
70210,1
70210,63
70210,2
70215,119
70215,7
70215,1
70229,38
70229,155
70229,13
70229,2
70229,49
70238,7
70238,1
70273,1
70273,2
70277,1
70277,2
70308,1
70308,60
70308,7
70322,2
70322,3
70322,1
70363,18
70363,1
70363,7
70387,2
70387,7
70387,1
70400,1
70400,1131
70400,86
70400,108
70400,7
70429,1
70470,1
70470,7
70471,1
70474,1
70498,489
70498,2
70498,1
70498,37
70498,3342
70539,9
70539,259
70539,3
70539,1
70539,378
70565,1
70595,17
70595,1
70595,2
70609,1
70609,2
70629,13
70629,1
70653,1
70697,57
70697,18
70697,24
70697,3
70697,45
70697,37
70698,2
70698,125
70698,1
70719,6
70719,1
70719,94
70719,36
70726,1
70726,7
70726,2
70727,2
70727,1
70727,7
70727,140
70746,2
70746,3346
70746,1
70746,7
70746,1943
70755,7
70755,1
70755,26
70755,2
70755,782
70755,125
70756,1
70784,71
70784,1
70784,7
70787,152
70787,1
70787,7
70799,79
70799,1
70799,15
70808,1
70808,2
70812,1
70812,15
70812,23
70812,273
70831,1
70831,2
70831,15
70841,1
70883,1
70883,15
70883,26
70887,1
70887,6
70888,1
70888,49
70897,2
70897,1
70897,59
70897,114
70937,7
70937,1
70937,35
70937,113
71003,60
71003,6
71003,7
71003,18
71003,2
71004,15
71004,1
71004,37
71043,1
71043,26
71049,6
71049,13
71049,1
71094,9
71094,1
71094,7
71097,1
71097,15
71097,48
71115,1
71115,7
71115,55
71115,2
71149,2
71149,1
71173,1
71197,2
71197,1
71197,7
71197,23
71207,1
71207,43
71207,13
71237,78
71237,2
71237,1
71237,23
71239,1
71239,58
71261,15
71261,1
71261,2
71286,15
71286,2
71286,1
71299,37
71299,64
71299,7
71299,1
71301,71
71301,2
71301,1
71301,157
71301,131
71316,23
71316,35
71322,55
71322,1
71322,2
71322,119
71322,54
71332,58
71332,1
71343,2
71343,1
71431,6
71431,1
71431,54
71431,2
71438,1
71438,7
71441,1
71441,28
71441,7
71469,37
71469,1
71469,13
71469,2
71495,15
71495,49
71495,1
71497,2
71497,1
71497,15
71531,1
71559,23
71559,1
71575,2
71575,1
71593,1
71593,15
71593,7
71596,58
71596,1
71606,7
71606,2
71606,1
71646,1
71646,7
71647,1
71647,15
71647,7
71651,1
71651,15
71651,49
71703,1
71703,2
71703,15
71715,1
71715,2
71765,6
71765,1
71770,6
71770,1
71770,109
71770,36
71783,1
71789,2
71789,1
71789,23
71789,1060
71789,81
71789,78
71810,31
71810,1
71810,48
71821,15
71821,1
71821,2
71821,37
71821,140
71833,2
71833,1
71863,1
71863,13
71863,2
71863,54
71874,6
71874,1
71874,36
71874,13
71881,33
71881,91
71881,3
71881,1
71881,2
71881,61
71881,109
71883,1
71883,2
71957,3372
71957,204
71957,1
71957,138
71974,26
71974,41
71974,1
71974,2
71974,37
72007,6
72007,1
72008,1
72015,13
72015,2
72052,1
72052,137
72052,37
72052,2
72075,15
72075,1
72075,104
72075,135
72121,57
72121,1
72121,3
72121,20
72138,1
72138,7
72138,17
72152,17
72152,1
72164,28
72164,2
72164,30
72164,1
72189,26
72189,15
72189,1
72197,15
72197,1
72197,2
72208,2
72208,1
72245,6
72245,1
72247,7
72247,1
72261,1
72264,1
72264,7
72264,2
72268,2
72268,7
72268,1
72273,7
72273,1
72283,1
72283,2
72283,55
72338,6
72338,1
72338,2
72372,1
72401,1
72401,7
72401,2
72419,2
72419,1
72419,15
72425,1
72425,7
72432,1
72446,2
72446,1
72471,7
72471,1
72471,346
72477,1
72477,7
72477,15
72477,2
72493,55
72493,1
72493,7
72500,7
72500,35
72500,2
72500,1
72500,41
72501,49
72501,1
72501,13
72501,112
72561,30
72561,1
72561,339
72561,2
72578,1
72578,98
72593,2
72593,1
72593,67
72600,1
72600,35
72600,48
72620,152
72620,2
72620,7
72645,6
72645,1
72666,1
72672,2
72672,1
72672,7
72692,1
72692,2
72692,49
72722,1
72722,2
72806,2
72806,17
72806,15
72806,1
72806,45
72807,1
72807,2
72820,1
72820,2
72820,81
72824,1
72824,28
72833,2
72833,1
72864,1
72864,7
72864,2
72873,15
72873,1
72873,86
72873,108
72873,2
72916,7
72916,1
72916,140
72928,2
72928,1
72928,16
72928,106
72928,3
72961,40
72961,1
72961,255
72963,1
72963,2
73004,1
73004,383
73004,742
73004,203
73004,13
73004,35
73004,7
73004,64
73033,1
73033,26
73033,15
73033,393
73074,7
73074,2
73074,108
73074,86
73109,1
73109,7
73109,2
73149,2
73149,1
73149,15
73149,26
73149,163
73149,188
73157,1
73157,7
73157,3399
73157,660
73168,1
73181,81
73181,41
73181,2
73181,1
73181,1106
73198,1
73198,2
73198,15
73198,54
73198,147
73198,37
73207,1
73207,35
73207,7
73207,54
73215,24
73215,104
73215,1
73215,45
73231,1
73231,2
73231,7
73231,25
73231,152
73231,60
73231,35
73231,64
73231,28
73231,26
73245,1
73245,2
73245,64
73245,54
73245,13
73256,1
73256,7
73256,2
73259,2
73259,1
73259,40
73259,35
73305,1
73336,6
73336,1
73336,171
73336,419
73336,3405
73337,23
73337,1
73337,35
73337,78
73341,1
73341,7
73341,62
73341,291
73341,86
73354,49
73354,23
73354,24
73354,45
73374,58
73374,1
73390,2
73390,90
73390,127
73390,1
73437,1
73437,15
73453,1
73463,3
73463,38
73463,111
73463,1
73463,2
73465,1
73491,1
73491,13
73491,60
73502,2
73502,1
73502,60
73502,13
73508,31
73508,1
73513,1
73513,7
73513,35
73513,2
73548,1
73548,23
73548,2
73566,1
73566,2
73569,7
73569,1
73569,2
73578,1
73610,2
73610,38
73610,7
73610,1
73615,137
73615,2
73615,1
73615,125
73615,17
73627,38
73627,1
73642,1
73642,7
73642,230
73642,994
73666,1
73666,7
73696,1
73696,17
73696,2
73714,1
73714,2
73718,106
73718,1
73718,32
73718,2
73732,1
73732,15
73738,1
73738,2
73738,64
73774,28
73774,1
73774,41
73776,134
73776,2
73776,1
73776,41
73776,7
73828,1
73828,2
73828,6
73834,6
73834,1
73834,2
73840,1
73856,1
73856,58
73858,17
73858,1
73858,2
73858,80
73941,1
73972,16
73972,44
73972,1
73972,1504
73972,37
73989,1
73989,2
74026,1
74026,23
74026,17
74029,1
74029,7
74029,2
74058,57
74058,18
74058,2
74058,1
74058,54
74062,1
74062,2
74067,2
74067,1
74067,17
74083,150
74083,56
74083,149
74083,1960
74083,1
74083,209
74100,6
74100,1
74100,2
74100,13
74120,1
74120,28
74159,15
74159,1
74191,2
74191,35
74191,94
74191,32
74191,67
74191,245
74191,1
74191,187
74205,1
74205,2
74217,1
74217,6
74252,1
74292,1
74292,797
74292,316
74292,58
74312,2
74312,1
74336,32
74336,16
74336,28
74336,2
74336,1
74376,1
74376,2
74376,13
74376,81
74403,1
74407,1
74407,6
74421,1
74421,86
74421,301
74421,35
74421,7
74474,1
74474,13
74474,2
74474,249
74474,46
74474,37
74509,2
74509,7
74509,26
74509,41
74509,1
74509,37
74565,1
74565,2
74565,7
74608,1
74608,46
74608,48
74608,2
74608,13
74630,1
74630,2
74630,40
74630,109
74637,1
74662,6
74662,1
74662,1001
74662,203
74662,2
74663,2
74663,1
74663,7
74674,1
74674,18
74698,1
74703,1
74703,2
74703,37
74738,1
74738,2
74811,1
74825,49
74825,6
74825,1
74825,2
74831,1
74831,686
74840,7
74840,1
74840,2
74844,7
74844,2
74844,1
74844,35
74848,2
74848,263
74848,79
74848,1
74864,7
74864,25
74864,1
74898,2
74898,13
74898,15
74898,1
74920,6
74920,1
74930,1
74936,652
74936,1
74936,25
74936,108
74936,86
74936,7
74936,9
74936,251
74938,28
74938,1
74952,1
74952,2
74952,359
74987,7
74987,1
74987,272
74988,1
75028,1
75028,15
75052,1
75052,7
75074,17
75074,1
75074,15
75079,1
75079,2
75087,2
75087,1
75087,37
75102,1
75102,15
75132,1
75132,54
75136,2
75136,1
75141,1
75141,6
75167,2
75167,57
75167,24
75170,6
75170,1
75170,2
75170,36
75175,1
75188,1
75188,2
75220,28
75220,1
75220,2
75245,1
75245,64
75245,7
75297,2
75297,1
75298,1
75298,17
75323,2
75323,1
75328,1
75437,7
75437,1
75440,15
75440,1
75462,37
75462,1
75462,2
75462,973
75462,339
75490,1
75490,2
75490,50
75513,6
75513,1
75513,118
75562,1
75582,1
75582,2
75597,1
75604,1
75640,57
75640,2
75640,1
75702,1
75702,46
75702,2
75702,54
75702,17
75709,112
75709,98
75709,2
75709,48
75709,7
75712,1
75712,2
75712,15
75749,1
75749,15
75749,2
75778,2
75778,15
75778,1
75784,1
75792,55
75792,2
75792,1
75796,15
75796,1
75796,2
75821,134
75821,1
75821,2
75821,37
75826,15
75826,13
75826,2
75826,7
75839,2
75839,1
75839,3427
75839,875
75844,1
75844,7
75844,41
75844,26
75844,157
75858,79
75858,63
75858,2
75858,1
75874,2
75874,1
75902,2
75902,1
75903,35
75903,1
75903,7
75903,113
75906,26
75906,7
75906,1
75918,6
75918,53
75918,1
75921,131
75921,71
75921,1138
75921,1
75921,1293
75928,1
75928,2
75928,18
75944,1
75944,2
75952,1
75952,7
75952,54
75952,58
75969,6
75969,1
75969,109
75969,116
75972,1
75972,2
75972,7
75989,28
75989,1
75989,54
75989,2
76007,1
76007,7
76028,6
76028,2
76028,1
76028,35
76028,54
76076,1
76084,80
76084,1
76084,2
76101,1
76101,7
76115,55
76115,1
76115,7
76130,1398
76130,1
76130,36
76132,1
76132,2
76132,37
76151,189
76151,1
76151,7
76172,23
76172,146
76172,2
76198,1
76198,2
76214,80
76214,1
76214,7
76228,1
76228,7
76241,15
76241,2
76241,1
76241,49
76257,1
76257,48
76257,2
76287,1
76287,2
76287,7
76295,2
76295,1
76338,1
76338,2
76338,7
76344,6
76344,1
76373,16
76373,3434
76373,1
76373,7
76373,213
76375,55
76375,7
76375,1
76407,7
76407,1
76407,163
76407,3435
76440,1
76440,41
76440,7
76440,26
76440,297
76440,215
76459,2
76459,1
76467,2
76467,15
76467,13
76470,7
76470,1
76470,26
76504,1
76504,28
76504,7
76510,2
76510,1
76510,107
76523,1
76523,2
76523,7
76523,15
76549,1
76549,15
76556,1
76556,2
76601,1
76604,13
76604,32
76604,1
76604,67
76611,1
76611,7
76670,62
76670,1
76688,1
76688,7
76688,26
76688,2
76688,54
76688,125
76693,3
76693,1
76698,15
76698,1
76698,2
76718,23
76718,1
76718,203
76718,2
76718,35
76718,78
76821,1
76821,17
76821,2
76847,2
76847,7
76847,60
76847,1
76847,38
76895,2
76895,13
76895,24
76898,1
76898,15
76898,2
76898,13
76898,7
76908,14
76908,49
76908,13
76908,3
76908,45
76913,14
76913,1
76913,3
76913,20
76917,6
76917,35
76917,1
76917,36
76939,1
76939,2
76950,2
76950,1
76971,49
76971,1
76971,2
76989,2
76989,1
76989,641
76993,6
76993,1
76993,116
76993,36
77021,1
77021,7
77047,2
77047,1
77047,119
77065,295
77065,37
77065,140
77098,1
77098,6
77098,36
77109,2
77109,15
77109,49
77109,13
77123,28
77123,1
77123,7
77128,7
77128,1
77128,2
77137,1
77137,6
77140,1
77146,1
77146,55
77146,7
77146,2
77146,41
77155,1
77173,18
77173,1
77173,7
77173,2
77181,2
77181,1
77181,26
77216,1
77216,49
77216,15
77275,15
77275,2
77275,1
77283,13
77283,1
77283,2
77310,1
77310,2
77310,54
77310,7
77310,37
77318,37
77318,67
77318,2
77318,1
77318,128
77367,1
77367,26
77367,1219
77390,1
77416,64
77416,2
77416,1
77439,13
77439,1
77439,2
77439,37
77440,1
77440,15
77446,2
77446,1
77449,1
77449,2
77449,97
77484,49
77484,1
77486,36
77486,1
77486,2
77511,81
77511,1
77511,37
77547,1
77552,1
77552,7
77552,2
77575,7
77575,1
77575,25
77575,260
77627,14
77627,1
77627,141
77648,1
77648,2
77648,17
77648,526
77648,3451
77651,6
77651,1
77651,114
77651,36
77668,1
77668,2
77669,7
77669,1
77680,1
77692,2
77692,1
77765,1
77765,7
77765,37
77768,1
77815,7
77815,1
77815,2
77815,40
77815,188
77844,1
77844,28
77844,683
77844,241
77844,55
77864,1
77864,6
77874,1
77874,15
77874,2
77880,1
77880,15
77880,2
77896,35
77896,90
77896,1
77896,58
77925,2
77925,7
77948,1
77948,3461
77956,1
77966,1
77966,7
77969,1
77969,2
77981,1
77981,37
77986,1
77986,6
77987,1
77987,50
77987,2
78001,2
78001,1
78001,444
78001,193
78012,1
78012,2
78029,1
78038,1
78038,2
78038,13
78038,37
78041,1
78041,7
78041,28
78041,444
78041,377
78068,81
78068,36
78068,1
78068,26
78068,6
78079,28
78079,1
78093,78
78093,1
78139,1
78149,1
78149,7
78149,15
78151,1
78151,7
78151,2
78164,6
78164,1
78169,2
78169,1
78169,7
78210,2
78210,17
78210,49
78210,15
78210,595
78211,1
78211,35
78211,40
78258,6
78258,1
78260,23
78260,1
78260,2
78289,1
78289,7
78300,49
78300,1
78300,15
78300,13
78300,2
78335,26
78335,1
78337,16
78337,1
78337,6
78346,2
78346,1
78346,33
78387,2
78387,1
78389,1
78398,1
78413,1
78413,2
78427,23
78427,1
78427,2
78427,217
78468,1
78468,2
78490,23
78490,2
78490,1
78533,2
78533,1
78582,18
78582,2
78582,23
78582,24
78586,7
78586,1
78599,1
78599,7
78611,2
78611,15
78611,17
78611,1
78611,37
78611,131
78617,37
78617,15
78617,1
78617,49
78635,32
78635,1
78641,2
78641,1
78641,57
78729,37
78729,1
78743,2
78743,15
78743,13
78744,49
78744,1
78744,37
78752,13
78752,1
78752,7
78757,7
78757,1
78757,15
78757,260
78764,3
78764,2
78764,1
78764,45
78764,41
78772,18
78772,2
78772,1
78778,1
78778,37
78778,2
78778,60
78778,142
78823,26
78823,125
78823,1
78823,7
78841,1
78841,2
78857,1
78857,13
78874,1
78874,2
78874,156
78888,1
78888,16
78888,2
78891,1
78891,2
78934,7
78934,1
78934,26
78934,140
78934,36
78937,152
78937,1
78937,7
78937,40
78950,6
78950,36
78962,1
78962,55
78966,1
78966,7
78966,41
78970,1
79096,2
79096,35
79096,1
79103,46
79103,1
79103,48
79134,23
79134,1
79134,13
79134,78
79134,80
79179,1
79179,7
79229,2
79229,7
79229,23
79236,6
79236,1
79237,1
79237,48
79237,276
79237,204
79237,2
79247,1
79247,23
79247,2
79271,15
79271,48
79271,1
79272,1
79272,94
79272,6
79272,44
79291,1
79291,2
79291,1960
79291,23
79291,6
79299,23
79299,1
79299,7
79301,1
79301,2
79301,64
79301,13
79301,111
79317,1
79317,2
79317,135
79317,13
79317,60
79332,1
79332,2
79351,34
79351,45
79351,3
79351,20
79416,110
79416,7
79416,26
79416,1
79426,152
79426,1
79426,7
79426,140
79447,1
79447,2
79447,86
79447,108
79468,1
79468,1315
79472,15
79472,1
79472,2
79490,1
79490,2
79502,23
79502,15
79502,2
79502,45
79502,1
79504,6
79504,47
79504,297
79506,37
79506,1
79506,7
79506,2
79533,2
79533,1
79533,7
79533,54
79535,2
79535,1
79585,40
79585,55
79585,7
79585,1
79641,36
79641,6
79641,1
79641,2
79671,2
79671,1
79679,1
79681,1
79681,58
79690,1
79690,2
79696,1
79710,1
79710,111
79710,2
79710,67
79710,23
79712,1
79712,2
79724,305
79724,34
79724,3
79733,1
79797,1
79803,2
79803,6
79803,1
79803,306
79819,55
79819,1
79819,7
79829,2
79829,1
79831,23
79831,3
79831,2
79831,13
79836,30
79836,13
79836,2
79836,1
79836,138
79859,152
79859,2
79859,7
79859,13
79881,1
79881,25
79881,394
79881,349
79881,169
79881,2
79881,35
79881,6
79883,2
79883,1
79883,7
79926,1
79926,17
79926,2
79944,13
79944,1
79944,2
80003,1
80003,351
80036,1
80036,2
80036,7
80036,15
80036,48
80062,79
80062,1
80062,63
80100,1
80100,2
80121,49
80121,15
80121,1
80128,7
80128,1
80128,26
80158,2
80158,1
80158,71
80188,2
80188,1
80228,1
80242,1
80242,15
80242,2
80242,7
80242,49
80298,23
80298,35
80298,78
80298,81
80298,1
80344,1
80344,7
80411,6
80411,1
80422,2
80422,7
80422,1
80424,1
80424,2
80435,37
80435,1
80435,111
80442,1
80442,7
80442,2
80445,1
80452,18
80452,1
80452,7
80452,110
80518,6
80518,1
80525,2
80525,1
80525,37
80528,2
80528,1
80538,1
80538,23
80538,78
80548,7
80548,1
80558,1
80558,2
80583,1
80597,48
80597,1
80597,2
80597,37
80636,55
80636,1
80636,2
80639,99
80639,1
80670,3
80670,66
80670,2
80670,1
80670,67
80670,111
80670,60
80670,19
80670,118
80698,1
80698,28
80722,1
80724,1
80724,15
80724,7
80731,28
80731,1
80731,2
80731,67
80731,7
80749,28
80749,54
80749,1
80775,6
80775,1
80775,36
80835,1
80835,7
80907,1
80907,2
80966,1
80966,2
80980,1
80980,15
80980,2
81003,1
81003,125
81005,2
81005,1
81005,15
81035,1
81065,1
81065,7
81120,1
81120,7
81120,71
81121,2
81121,7
81121,1
81133,7
81133,1
81133,609
81163,1
81163,58
81163,109
81166,1
81187,7
81187,1
81187,2
81187,71
81197,1
81221,15
81221,2
81221,49
81221,156
81221,13
81230,1
81230,7
81230,2
81274,1
81274,2
81274,16
81274,32
81299,1
81299,6
81299,45
81306,18
81306,2
81306,57
81309,1
81309,2
81309,57
81309,624
81309,149
81309,18
81309,56
81309,123
81309,180
81314,1
81314,2
81314,7
81316,7
81316,2
81316,1
81334,23
81334,1
81334,2
81341,2
81341,1
81341,203
81341,998
81366,28
81366,1
81366,7
81368,1
81368,6
81368,35
81407,1
81407,25
81407,13
81407,2
81456,2
81456,1
81456,15
81456,50
81456,13
81462,15
81462,2
81462,7
81464,1
81464,26
81464,7
81469,1
81469,2
81480,13
81480,1
81487,30
81487,3
81487,1
81487,15
81487,2
81490,6
81490,1
81490,113
81490,36
81497,66
81497,45
81497,16
81497,2
81497,44
81545,445
81545,7
81545,1
81545,969
81569,28
81569,1
81579,1
81608,1
81608,15
81608,26
81608,7
81608,2
81613,1
81613,2
81613,116
81613,237
81613,1916
81621,17
81621,2
81621,49
81651,1
81659,1
81659,37
81659,38
81659,20
81659,2
81676,7
81676,1
81676,251
81676,58
81676,49
81690,1
81690,2
81693,17
81715,1
81715,2
81715,71
81716,2
81716,1
81716,7
81721,1
81721,15
81722,1
81722,2
81722,7
81739,2
81739,1
81793,2
81793,1
81795,1
81795,462
81795,2
81807,3517
81807,1
81807,2
81837,7
81837,1
81837,35
81840,1
81840,7
81840,330
81840,553
81840,428
81863,1
81863,28
81880,15
81880,2
81880,1
81918,7
81918,13
81918,81
81918,36
81950,6
81950,1
81964,6
81964,1
81964,503
81964,191
81964,528
81964,1986
81964,58
81981,23
81981,1
81981,71
82018,1
82018,2
82018,37
82048,2
82048,24
82048,1
82049,1
82049,13
82110,2
82110,1
82110,15
82111,62
82111,1
82111,2
82136,1
82152,1
82152,23
82152,31
82152,262
82162,1
82162,7
82162,458
82162,1409
82162,188
82162,975
82162,251
82162,1234
82165,1
82197,2
82197,81
82197,1
82197,138
82244,1
82244,2
82244,23
82245,1
82245,54
82245,13
82252,6
82252,485
82252,1296
82252,176
82252,1
82272,2
82272,1
82272,71
82345,2
82345,1
82345,15
82363,23
82363,7
82363,2
82363,1
82395,1
82395,54
82395,1410
82395,401
82395,2
82398,2
82398,7
82398,1
82398,41
82398,9
82405,7
82405,1
82405,2
82419,1
82419,7
82419,2
82420,51
82420,23
82420,1
82420,45
82420,2
82449,15
82449,1
82449,2
82449,3
82449,13
82451,7
82451,1
82451,40
82453,30
82453,1
82453,7
82459,134
82459,1
82459,35
82488,28
82488,1
82488,15
82488,2
82512,6
82512,1
82512,13
82516,6
82516,1
82516,2
82545,2
82545,1
82554,1
82554,7
82558,2
82558,1
82582,1
82585,7
82585,1
82587,7
82587,1
82612,91
82612,1
82612,2
82612,3
82625,2
82625,1
82632,17
82632,15
82632,26
82632,2
82632,1
82632,188
82632,80
82660,1
82708,7
82708,1
82708,56
82718,1
82718,48
82718,60
82762,2
82762,1
82766,2
82766,1
82789,23
82789,1
82789,2
82807,36
82807,1
82834,1
82834,15
82838,1
82838,2
82838,16
82849,15
82849,1
82862,1
82878,55
82878,1
82882,1
82882,2
82882,7
82938,7
82938,1
82938,2
82942,1
82942,7
82962,7
82962,2
82962,1
82983,7
82983,1
82983,23
82983,2
83006,7
83006,1
83006,3542
83006,62
83006,18
83025,1
83025,15
83025,2
83029,1
83060,1
83060,71
83060,35
83060,7
83061,15
83061,1
83061,48
83097,2
83097,1
83097,7
83108,2
83108,1
83108,3544
83108,40
83150,15
83150,1
83150,49
83160,1
83160,7
83160,2
83186,1
83186,55
83186,28
83204,1
83204,2
83223,15
83223,1
83223,2
83223,526
83223,49
83230,1
83230,2
83237,34
83237,1
83238,6
83238,2
83238,1
83262,2
83262,1
83262,28
83262,35
83294,6
83294,1
83294,44
83294,2
83294,81
83294,36
83330,40
83330,1
83342,13
83342,1
83342,17
83342,25
83384,7
83384,1
83437,7
83437,1
83437,35
83437,37
83440,2
83440,1
83454,28
83454,1
83474,1
83474,7
83474,28
83490,2
83490,1
83526,36
83526,13
83534,119
83534,7
83534,1
83583,6
83583,1
83607,1
83607,7
83645,1
83645,7
83645,67
83645,37
83660,58
83660,150
83660,473
83660,44
83660,153
83660,1
83669,1
83669,7
83669,2
83669,13
83692,2
83692,1
83692,15
83697,2
83697,67
83697,1
83715,3
83715,2
83715,6
83725,31
83725,7
83725,1
83725,2
83758,1
83759,49
83759,2
83867,1
83867,7
83867,71
83898,60
83898,1
83898,2
83912,114
83912,7
83912,1
83912,2
83948,2
83948,1
83948,15
83981,1
83981,15
83981,2
84045,1
84046,1
84046,7
84070,1
84082,1
84082,2
84082,226
84082,3567
84082,54
84084,78
84084,1
84105,1
84105,7
84105,26
84111,7
84111,1
84117,7
84117,1
84117,35
84121,1
84152,112
84152,1
84152,7
84152,28
84154,1
84154,28
84154,35
84154,54
84161,1
84161,9
84161,7
84162,7
84162,1
84164,1
84164,7
84164,2
84165,1
84165,2
84169,1
84169,7
84179,1
84179,28
84179,7
84186,1
84186,15
84245,1
84245,2
84260,1
84260,58
84260,797
84306,7
84306,71
84306,1
84306,15
84321,1
84321,6
84332,1
84332,2
84370,79
84370,1
84370,7
84370,63
84411,1
84411,6
84415,1
84440,1
84464,1
84479,7
84479,1
84479,152
84481,1
84481,119
84481,2
84492,7
84492,1
84492,26
84499,1
84499,2
84540,1
84542,1
84542,7
84542,26
84565,23
84565,49
84565,15
84565,2
84571,1
84571,2
84577,1
84577,78
84593,1132
84593,2
84593,3
84593,1
84601,63
84601,1
84601,7
84618,2
84618,1
84618,15
84623,1
84634,28
84634,1
84634,7
84634,50
84634,18
84646,1
84646,41
84646,2
84646,765
84646,926
84658,17
84658,319
84658,1
84658,7
84658,140
84658,18
84695,1
84695,2
84696,7
84696,2
84696,1
84757,1
84757,23
84757,35
84770,2
84770,1
84770,13
84803,7
84803,2
84803,1
84845,1
84845,2
84845,32
84916,2
84916,17
84916,47
84916,1
84916,35
84937,1
84937,54
84937,49
84950,3577
84950,3578
84950,1
84950,2
84959,7
84959,1
84970,3
84970,2
84970,1
84970,15
84971,1
84971,2
84971,7
84985,1
84985,2
85022,1
85093,1
85093,14
85094,2
85094,1
85094,7
85113,1
85113,2
85118,49
85118,1
85148,1
85148,15
85150,123
85150,55
85150,149
85150,56
85150,1
85198,1
85233,1
85233,15
85233,2
85233,26
85236,6
85236,76
85236,1
85255,1
85255,15
85255,48
85266,6
85266,17
85266,1
85266,71
85276,1
85276,15
85276,13
85276,665
85283,6
85283,1
85313,28
85313,1
85313,7
85338,17
85338,1
85339,1
85339,7
85345,6
85345,1
85345,71
85347,1
85426,1
85445,2
85445,1
85445,15
85458,15
85458,1
85458,13
85479,1
85479,35
85479,26
85479,7
85479,41
85491,1
85542,24
85542,1
85542,50
85542,18
85596,1
85596,2
85633,2
85633,1
85636,7
85636,1
85641,2
85641,13
85641,1
85641,275
85641,295
85670,1
85670,55
85670,7
85670,25
85700,1
85700,15
85700,46
85778,188
85778,37
85778,26
85778,1
85778,220
85793,1
85793,16
85793,24
85815,1
85815,3
85815,23
85827,50
85827,1
85827,13
85846,1
85857,1
85857,7
85857,2009
85877,7
85877,2
85883,1
85883,28
85883,7
85902,1
85902,619
85902,1128
85907,260
85907,1
85907,15
85907,35
85907,2
85909,58
85909,1
85921,1
85921,58
85953,54
85953,1
85953,7
85953,55
85953,179
85954,152
85954,2
85954,7
85956,6
85956,3586
85956,1
85968,7
85968,1
85982,1
85982,2
85982,15
85982,50
85982,191
85982,7
85992,2
85992,1
85992,7
85992,146
85992,92
85992,170
85992,203
85992,71
86001,1
86001,2
86001,23
86001,552
86001,601
86006,1
86006,2
86012,2
86012,106
86012,1
86026,37
86026,13
86026,1
86056,1
86056,7
86070,1
86087,2
86087,1
86087,76
86087,37
86115,1
86115,7
86115,25
86129,7
86129,1
86129,2
86139,7
86139,1
86139,28
86162,13
86162,1
86162,2
86162,318
86164,1
86164,2
86164,7
86172,2
86172,1
86172,226
86172,40
86172,18
86182,6
86182,1
86182,36
86202,1
86202,1714
86202,3592
86202,3593
86227,79
86227,1
86227,63
86237,2
86237,1
86261,46
86261,2
86261,13
86261,17
86261,1
86263,6
86263,1
86264,1
86264,2
86264,15
86305,7
86305,2
86305,1
86311,23
86311,1
86311,14
86373,1
86377,6
86377,1
86377,114
86377,36
86392,15
86392,1
86392,2
86413,1
86413,7
86416,1
86416,2
86416,15
86416,13
86416,64
86424,220
86424,84
86424,50
86424,1
86424,2
86442,1
86442,149
86442,28
86442,56
86442,55
86442,153
86463,140
86463,112
86463,1
86463,7
86463,28
86463,2
86536,6
86536,2
86536,1
86541,1
86571,28
86571,7
86571,1
86611,23
86611,1
86633,1
86633,7
86673,1
86673,15
86673,13
86717,1
86717,7
86757,28
86757,15
86757,1
86760,16
86760,1
86760,3605
86760,115
86800,1
86800,23
86800,71
86845,1
86845,2
86875,7
86875,1
86875,152
86903,6
86903,1
86907,1
86907,185
86907,58
86924,7
86924,2
86924,1
86960,1
86960,23
86974,1
86974,2
86977,1
86977,2
86977,6
86990,1
86990,28
87014,1
87014,7
87045,6
87045,13
87045,2
87048,1
87048,31
87048,7
87054,1
87054,7
87060,17
87060,2
87060,1
87077,1
87077,308
87077,203
87077,2
87077,7
87085,28
87085,1
87085,2
87099,1
87100,1
87100,2
87100,9
87101,56
87101,2
87101,1
87113,1
87113,2
87130,2
87130,1
87140,13
87140,2
87140,15
87140,7
87160,1
87160,2
87168,31
87168,7
87168,34
87168,17
87168,2
87205,1
87205,15
87205,2
87222,1
87222,2
87222,7
87236,17
87236,2
87236,1
87282,13
87282,49
87282,2
87291,1
87291,2
87291,7
87295,15
87295,60
87295,2
87319,1
87321,28
87321,1
87348,1
87348,76
87348,2
87379,1
87379,49
87379,15
87388,1
87388,7
87407,1
87407,6
87407,9
87445,1
87457,1
87496,16
87496,1
87496,2
87501,1
87501,37
87534,1
87587,2
87587,15
87587,1
87642,1
87642,2
87642,48
87642,15
87666,41
87666,1
87666,2
87675,1
87675,2
87675,13
87689,1
87696,1
87696,17
87696,2
87725,6
87725,1
87725,2
87744,1
87744,17
87744,2
87788,28
87788,1
87788,7
87788,587
87790,2
87790,1
87793,1
87793,58
87821,1
87828,23
87828,1
87828,2
87834,1
87834,7
87834,15
87888,7
87888,1
87888,2
87895,1
87895,7
87895,64
87906,2
87906,1
87906,15
87925,1
87925,2
87959,1
87959,2
87959,81
88006,1
88008,7
88008,35
88008,1
88008,127
88029,57
88029,2
88029,31
88029,94
88029,1
88115,2
88115,1
88115,7
88115,24
88115,13
88115,146
88115,92
88115,170
88116,1
88136,1
88136,2
88150,14
88150,23
88150,1
88156,15
88156,2
88156,49
88211,47
88211,1
88211,2
88235,1
88235,7
88235,26
88246,7
88246,1
88268,1
88268,60
88268,33
88299,1
88317,2
88317,1
88317,28
88339,1
88339,6
88340,1
88340,7
88341,1
88341,2
88351,1
88357,2
88357,1
88369,2
88369,1
88376,6
88376,1
88376,36
88385,1
88420,1
88420,2
88451,1
88451,81
88451,55
88494,1
88494,2
88494,7
88504,6
88504,1
88520,1
88520,7
88525,1
88527,1
88527,2
88532,6
88532,35
88532,2
88532,1
88532,7
88532,36
88584,36
88584,2
88584,397
88584,233
88584,49
88592,1
88599,1
88599,2
88599,6
88617,1
88617,2
88617,37
88650,1
88650,98
88650,52
88655,7
88655,1
88655,26
88666,2
88666,7
88666,35
88675,1
88675,2
88675,17
88722,6
88722,1
88764,1
88764,2
88764,137
88764,7
88764,54
88764,113
88773,1
88773,7
88773,15
88773,3634
88773,1107
88778,1
88778,7
88778,2
88788,1
88808,2
88808,1
88808,7
88808,245
88808,3635
88819,1
88819,7
88819,90
88828,1
88841,26
88841,1
88841,110
88841,2
88842,7
88842,1
88872,64
88872,15
88872,1
88900,15
88900,1
88902,1
88920,3
88920,34
88923,2
88923,17
88923,1
88949,2
88949,1
88952,59
88952,18
88952,162
88952,1
88983,1
88983,2
88984,1
89013,44
89013,2
89013,3
89013,1
89030,1
89047,26
89047,1
89047,2
89071,1
89071,7
89071,15
89120,1
89120,2
89193,1
89193,2
89239,1
89239,7
89239,41
89239,827
89242,23
89242,1
89242,7
89285,1
89290,1
89298,1
89298,49
89319,1
89319,7
89319,2
89333,13
89333,23
89333,2
89367,1
89367,6
89390,1
89390,28
89425,1
89425,106
89445,1
89445,15
89445,37
89451,15
89451,1
89451,13
89451,112
89453,7
89453,1
89453,2
89458,7
89458,35
89458,25
89458,6
89458,1
89459,13
89459,25
89459,2
89459,1
89459,17
89459,80
89484,1
89484,15
89484,133
89489,28
89489,35
89489,1
89491,1
89491,7
89493,32
89493,64
89493,1
89500,2
89500,1
89507,15
89507,1
89507,2
89507,13
89518,15
89518,2
89518,1
89542,1
89559,23
89559,1
89563,1
89563,7
89594,28
89594,1
89594,7
89594,54
89594,35
89627,59
89627,1
89641,3648
89641,169
89641,1
89641,7
89641,1744
89657,1
89694,1
89707,1
89759,23
89759,1
89769,2
89769,1
89776,26
89777,2
89777,1
89791,1
89791,2
89804,1
89824,23
89824,1
89894,49
89894,2
89922,1
89922,7
89949,1
89949,15
89949,13
89951,13
89951,3
89951,3661
89951,389
89951,146
89951,243
89951,548
89951,3662
89954,1
89954,23
89955,36
89955,1
89955,54
89965,14
89965,1
89965,52
89965,24
89966,1
89966,2
89973,1
89974,7
89974,2
89974,1
89996,1
89996,15
89996,49
90030,92
90030,6
90030,1
90030,176
90062,6
90062,1
90062,36
90101,1
90222,26
90222,1
90222,110
90222,2
90222,215
90234,136
90234,1
90234,7
90235,6
90235,1
90235,413
90235,67
90235,539
90250,134
90250,1
90254,3
90254,2
90254,109
90254,13
90254,226
90264,42
90264,1
90264,2
90322,1
90324,1
90324,2
90328,7
90328,28
90328,1
90342,15
90342,1
90363,23
90363,1
90366,1
90366,2
90366,37
90392,2
90392,1
90392,7
90397,17
90397,15
90397,1
90397,2
90441,15
90441,119
90441,1
90441,2
90556,26
90556,1
90556,7
90556,3670
90556,1152
90559,79
90559,63
90559,2
90559,1
90622,2
90622,30
90622,1
90624,1
90624,7
90624,35
90654,23
90654,1
90654,25
90654,35
90660,42
90660,45
90660,2
90663,1
90663,2
90663,13
90665,1
90665,2
90665,7
90665,41
90665,54
90676,17
90676,15
90676,7
90676,1
90676,2
90692,7
90692,1
90692,2
90692,25
90695,1
90714,1
90720,31
90720,7
90720,1
90723,1
90723,3
90723,29
90724,2
90724,1133
90724,1
90724,3
90762,1
90768,59
90768,18
90768,1
90768,7
90768,2
90768,140
90777,28
90777,1
90778,7
90778,1
90778,2
90816,7
90816,1
90816,2
90816,607
90824,1
90824,2
90865,1
90865,15
90865,2
90882,48
90882,1
90882,13
90943,7
90943,1
90950,1
90955,1
90955,2
90955,119
90955,7
90958,133
90958,1
90958,2
90987,1
90987,7
91042,2
91042,1
91042,7
91042,81
91082,2
91082,7
91082,1
91082,47
91148,15
91148,49
91148,1
91150,7
91150,2
91150,1
91154,2
91154,1
91154,17
91154,80
91293,1
91345,7
91345,1
91345,35
91375,1
91402,6
91402,2
91402,15
91404,1
91404,7
91448,7
91448,1
91448,63
91448,163
91455,1
91476,1
91476,7
91526,32
91526,106
91526,135
91526,207
91526,2023
91526,23
91526,1
91526,2
91526,24
91526,108
91526,86
91526,176
91526,60
91526,2024
91526,88
91526,111
91526,67
91526,15
91526,277
91526,7
91586,1
91594,2
91594,1
91594,7
91594,411
91594,48
91598,41
91598,1
91612,16
91612,1
91612,50
91612,2
91612,20
91622,2
91622,7
91622,1
91622,108
91622,86
91622,740
91622,245
91622,154
91622,88
91622,623
91622,41
91622,60
91622,194
91622,399
91644,47
91644,1
91644,7
91644,263
91644,297
91654,23
91654,1
91654,35
91667,1
91667,7
91681,1
91681,7
91697,31
91697,1
91697,48
91736,2
91736,6
91736,58
91745,1
91745,2
91787,1
91787,2
91822,1
91832,62
91832,2
91832,32
91832,1
91835,13
91835,1
91835,2
91852,1
91852,64
91908,1
91908,7
91919,1
91919,7
91919,55
91922,1
91922,2
91922,7
91922,112
91950,1
91950,2
91950,7
91950,35
91950,151
91950,25
91950,277
91950,251
91950,1428
91950,26
91950,131
91954,1
91954,7
91993,60
91993,2
91993,1
92009,1
92009,7
92015,13
92015,49
92039,1
92039,13
92043,118
92043,2
92043,1
92043,157
92058,17
92058,2
92058,1
92095,1
92095,55
92095,2
92130,37
92130,1
92130,2
92141,1
92141,2
92141,15
92141,7
92141,41
92147,23
92147,1
92155,1
92155,26
92155,2
92167,1
92167,7
92170,1
92170,58
92172,55
92172,1
92176,1
92176,7
92202,15
92202,1
92233,1
92252,2
92252,7
92252,346
92252,1
92262,1
92262,7
92262,2
92262,41
92274,1
92274,2
92274,3705
92294,3707
92294,571
92294,235
92294,45
92294,3
92294,36
92294,42
92301,1
92301,64
92305,1
92305,2
92336,1
92354,179
92354,18
92354,2
92354,1
92356,106
92356,3
92356,1
92382,1
92382,76
92382,54
92391,705
92391,49
92391,1
92391,152
92391,163
92396,13
92396,1
92402,2
92402,1
92402,50
92402,684
92402,240
92420,1
92420,2
92420,15
92420,7
92423,9
92423,15
92423,1
92429,1
92430,58
92430,1
92430,7
92448,1
92448,6
92448,35
92460,1
92460,7
92460,1429
92460,251
92481,190
92481,1
92482,48
92482,15
92482,37
92482,1
92492,17
92492,1
92492,48
92492,80
92501,16
92501,55
92501,1
92516,18
92516,1
92550,2
92550,1
92588,1
92588,2
92588,7
92588,784
92594,7
92594,1
92594,15
92664,1
92664,7
92664,26
92690,6
92690,13
92690,2
92703,1
92703,2
92733,1
92733,3717
92733,48
92742,1
92742,25
92742,7
92742,131
92747,1
92791,152
92791,1
92791,7
92811,1
92811,15
92837,1
92837,50
92838,1
92838,7
92838,131
92900,1
92900,2
92900,113
92904,1
92904,2
92904,7
92904,15
92904,48
92945,15
92945,46
92945,49
92977,1
92982,29
92982,3
92989,1
92989,7
92998,17
92998,2
92998,1
93010,1
93010,7
93010,58
93030,1
93030,23
93030,9
93030,114
93052,2
93052,31
93052,1
93080,18
93080,45
93080,123
93103,17
93103,1
93103,15
93114,34
93114,3
93114,45
93128,119
93128,1
93128,15
93153,1
93153,2
93217,1
93217,7
93217,26
93217,13
93257,17
93257,2
93262,1
93262,7
93270,2
93270,1
93280,1
93290,6
93290,1
93291,2
93291,7
93291,1
93329,2
93329,1
93329,6
93329,36
93341,1
93341,2
93347,1
93347,2
93347,42
93347,24
93347,19
93347,399
93347,111
93347,60
93347,194
93347,88
93347,151
93347,107
93347,86
93347,245
93347,309
93354,1
93412,1
93412,2
93412,48
93427,1
93427,15
93427,17
93443,45
93443,3
93443,195
93443,1
93443,57
93469,58
93469,90
93469,1
93476,2
93476,1
93476,261
93476,112
93476,37
93476,31
93495,2
93495,1
93495,7
93495,146
93495,13
93495,92
93509,1
93509,2
93509,324
93509,146
93509,60
93526,1
93526,7
93526,49
93527,24
93527,323
93527,1
93527,575
93527,476
93540,7
93540,1
93540,2
93544,1042
93544,1146
93544,1025
93544,1
93544,2
93558,1
93558,7
93563,1
93575,2
93575,23
93575,7
93582,1
93582,7
93582,15
93594,2
93594,3
93594,1
93602,7
93602,1
93603,23
93603,15
93603,26
93603,7
93603,2
93603,47
93611,1
93623,23
93623,1
93623,35
93623,2
93671,1
93671,111
93671,44
93677,1
93677,58
93688,48
93688,2
93688,4
93688,1
93688,15
93727,1
93727,58
93786,1
93804,7
93804,15
93804,2
93825,1
93825,2
93832,15
93832,1
93848,1
93866,59
93866,18
93866,1
93905,1
93905,2
93928,1
93928,7
93932,1
93932,376
93932,90
93932,55
93936,1
93936,7
93936,41
93937,1
93937,49
93955,47
93955,153
93955,2
93956,1
93956,15
93967,7
93967,41
93967,1
93975,37
93975,2
93975,1
93975,7
93975,15
93982,134
93982,2
93982,1
94027,15
94027,1
94027,13
94027,49
94034,1083
94034,1
94034,2
94034,169
94034,385
94034,323
94034,562
94034,361
94034,2036
94034,154
94034,18
94134,6
94134,1
94134,36
94170,1
94170,15
94208,2
94208,1
94254,1
94264,7
94264,1
94264,37
94270,1
94270,2
94278,1
94278,37
94339,1
94339,2
94367,1
94367,15
94398,1
94398,2
94414,6
94414,1
94440,1
94440,2
94462,1
94462,23
94462,2
94462,40
94465,7
94465,152
94465,1
94465,35
94489,1
94489,2
94489,7
94498,15
94498,1
94498,94
94504,7
94504,2
94529,2
94529,32
94529,1
94532,3
94532,2
94532,1
94548,1
94548,2
94548,15
94605,38
94605,1
94605,2
94611,7
94611,1
94611,18
94611,140
94619,241
94619,1
94619,3
94619,4
94619,273
94627,49
94627,1
94627,2
94687,1
94687,15
94700,2
94700,63
94700,1
94700,79
94704,1
94704,26
94704,7
94723,1
94723,2
94723,41
94747,2
94747,1
94747,49
94760,55
94760,1
94760,7
94774,15
94774,1
94774,48
94774,161
94840,7
94840,1
94840,2
94840,15
94840,35
94881,7
94881,2
94885,220
94885,1
94885,393
94885,180
94996,1
94996,23
94996,2
94996,25
94997,1
94997,2
95011,1
95011,7
95011,15
95039,1
95039,71
95039,37
95063,7
95063,1
95167,1
95167,2
95167,345
95167,41
95167,7
95199,1
95199,169
95199,58
95220,3
95220,1
95225,23
95225,2
95225,1
95263,6
95263,13
95263,49
95283,3
95283,2
95283,18
95283,13
95283,24
95290,1
95304,7
95304,1
95304,15
95304,3760
95304,827
95304,245
95312,1
95317,50
95317,15
95317,1
95317,49
95318,1
95318,13
95318,60
95340,3763
95340,2031
95340,1
95340,2
95340,7
95346,1
95346,7
95376,1
95378,9
95378,1
95378,7
95378,41
95380,1
95380,6
95380,49
95391,1
95391,71
95391,54
95397,2
95397,40
95397,542
95397,478
95397,63
95397,3764
95397,426
95397,41
95397,1
95397,111
95397,67
95397,15
95397,7
95397,17
95397,13
95397,92
95397,3765
95397,133
95397,50
95397,191
95397,1432
95397,49
95412,1
95448,28
95448,1
95448,7
95457,15
95457,1
95457,2
95457,49
95464,1
95465,1
95465,2
95487,1
95510,1
95510,115
95510,2
95546,2
95546,15
95546,1
95553,1
95568,1
95568,15
95568,49
95568,2
95568,41
95571,306
95571,1
95571,1541
95576,1
95576,2
95592,2
95592,86
95592,2039
95592,108
95592,1
95602,1
95602,2
95602,7
95605,23
95605,15
95605,1
95605,219
95611,90
95611,1
95611,35
95611,7
95611,2
95611,81
95611,113
95612,1
95612,2
95613,3
95613,2
95628,1
95651,1
95651,2
95651,3
95651,7
95651,13
95664,15
95664,1
95664,13
95681,2
95681,1
95688,17
95688,1
95688,2
95688,7
95688,147
95696,23
95696,1
95741,13
95741,1
95741,20
95741,49
95741,37
95753,3
95753,6
95753,1
95800,51
95800,1
95800,45
95800,15
95800,48
95805,1
95805,13
95805,15
95813,1
95813,2
95830,1
95830,7
95830,2
95845,1
95845,15
95845,119
95857,1
95863,1
95863,7
95863,108
95905,1
95905,7
95905,15
95948,2
95948,1
95951,1
95951,2
95951,7
95970,1
95970,15
95970,23
95970,67
95970,7
95981,7
95981,1
95988,1
95988,2
95988,7
96008,1
96008,2
96027,1
96027,7
96027,60
96031,7
96031,2
96031,1
96108,1
96108,7
96108,629
96108,3782
96125,1
96125,37
96128,13
96128,3
96128,86
96128,111
96128,49
96128,224
96149,3783
96149,54
96149,1
96177,1
96220,1
96220,301
96220,7
96220,412
96220,458
96222,15
96222,1
96224,2
96224,1
96239,1
96239,35
96239,2
96248,1
96248,37
96255,15
96255,50
96255,1
96255,189
96270,6
96270,13
96270,1
96290,311
96290,1
96290,138
96290,690
96314,2
96314,7
96337,2
96337,1
96337,24
96362,1
96362,2
96362,18
96362,54
96362,35
96391,1
96391,2
96409,1
96409,2
96409,3789
96444,1
96444,28
96447,7
96447,1
96447,2
96447,25
96463,7
96463,1
96479,7
96479,1
96479,35
96497,2
96497,1
96497,15
96497,30
96498,1
96498,90
96498,2
96498,6
96543,1
96543,15
96591,2
96591,1
96591,48
96648,2
96648,131
96648,1
96648,128
96648,28
96666,1
96666,2
96672,1
96680,17
96680,2
96680,15
96680,3796
96743,28
96743,1
96743,7
96750,2
96750,1
96750,3799
96751,1
96752,1
96752,54
96752,659
96786,1
96786,26
96787,7
96787,1
96787,58
96788,1
96788,2
96788,1158
96788,3801
96788,3802
96807,7
96807,41
96807,1
96807,86
96807,108
96808,2
96808,7
96808,1
96808,37
96830,24
96830,3
96830,1
96834,2
96834,1
96834,6
96844,6
96844,1
96844,13
96879,1
96897,1
96897,35
96897,7
96897,51
96897,23
96916,34
96916,90
96916,3
96917,1
96917,6
96921,17
96921,1
96924,23
96924,1
96924,137
96924,81
96940,7
96940,1
96940,2
96946,6
96946,1
96948,1
96948,2
96954,1
96954,7
96954,31
96954,26
96974,1
96974,7
97009,7
97009,1
97009,15
97048,1
97048,78
97048,54
97048,71
97048,23
97088,131
97088,1
97088,1974
97096,1
97096,15
97096,7
97111,1
97111,13
97111,2
97138,1
97138,2
97138,48
97138,46
97148,6
97148,1
97161,44
97161,1
97161,122
97161,58
97166,119
97166,1
97171,2
97171,7
97171,1
97171,131
97183,28
97183,1
97183,35
97183,2
97183,15
97190,48
97190,2
97190,1
97205,7
97205,1
97205,48
97225,71
97225,1
97225,15
97225,638
97225,36
97251,3
97251,14
97251,20
97251,1
97251,50
97253,1
97253,2
97253,49
97263,2
97263,1
97263,7
97288,1
97299,1
97376,1
97376,15
97376,13
97376,2
97385,13
97385,1
97450,1
97450,2
97450,7
97452,1
97452,2
97456,15
97456,1
97456,49
97456,2
97563,17
97563,1
97563,7
97618,1
97618,48
97618,13
97715,1
97715,15
97720,1
97740,6
97740,1
97740,36
97756,51
97756,6
97756,1
97756,141
97756,14
97760,7
97760,1
97761,46
97761,1
97761,7
97769,1
97769,7
97769,112
97788,1
97788,15
97788,2
97805,1
97805,7
97805,2
97805,81
97805,37
97831,26
97831,1
97831,2
97846,2
97846,1
97851,1
97862,1
97862,2
97862,7
97882,1
97882,2
97884,15
97884,2
97884,1
97934,2
97934,7
97934,1
97936,2
97936,1
97936,7
97936,154
97936,86
97936,108
97936,81
97936,151
97936,23
97949,6
97949,2
97949,1
97986,1
97986,2
98002,1
98002,7
98002,297
98002,113
98002,151
98002,118
98002,50
98002,191
98002,530
98023,1
98023,7
98023,2
98042,1
98042,49
98078,2
98078,1
98078,37
98085,47
98085,6
98085,18
98085,2
98085,20
98085,36
98085,3
98094,1
98094,35
98094,71
98094,98
98131,1
98131,6
98138,7
98138,1
98138,2
98149,1
98149,2
98149,58
98174,1
98174,7
98174,2
98185,2
98185,1
98201,1
98201,2
98202,23
98202,15
98202,1
98232,1
98232,7
98271,2
98271,17
98271,1
98278,2
98278,1
98303,17
98303,1
98303,15
98311,1
98311,7
98340,2
98340,7
98340,1
98341,2
98341,1
98392,1
98394,90
98394,1
98394,2
98397,1
98397,7
98423,2
98423,1
98423,7
98423,37
98426,1
98426,7
98426,15
98428,1
98428,2
98428,13
98428,41
98428,7
98449,26
98449,1
98449,37
98458,2
98458,1
98473,34
98473,3
98473,45
98473,253
98495,6
98495,1
98495,184
98516,2
98516,1
98522,1
98522,2
98595,32
98595,488
98595,1
98621,12
98621,2
98621,1
98621,128
98621,603
98629,54
98629,23
98629,1
98646,7
98646,1
98692,36
98692,6
98692,1
98692,48
98692,44
98706,6
98706,1
98706,50
98706,2
98706,7
98744,2
98744,1
98798,1
98798,2
98798,119
98816,1
98816,2
98867,1
98867,16
98867,2
98891,7
98891,1
98891,13
98891,2
98924,1
98924,64
98952,1
98952,7
98952,25
98952,2
98952,346
98993,1
98993,2
99022,1
99022,2
99032,7
99032,1
99057,2
99057,3846
99057,1
99057,7
99064,55
99064,1
99064,7
99072,7
99072,1
99074,2
99074,1
99074,71
99091,1067
99091,2
99091,1
99091,3847
99091,802
99091,298
99091,59
99091,18
99117,1
99117,2
99130,1
99130,2
99143,30
99143,1
99143,2
99176,15
99176,1
99182,13
99182,2
99182,8
99182,3
99182,24
99197,1
99197,7
99197,2
99197,13
99225,1
99225,7
99225,2
99240,1
99240,2
99253,1
99253,7
99253,2
99317,1
99317,25
99317,7
99324,1
99324,2
99336,7
99336,1
99336,2
99336,58
99339,1
99345,2
99345,1
99352,2
99352,49
99364,6
99364,1
99384,1
99384,2
99384,48
99384,15
99425,1
99470,1
99495,13
99495,548
99495,2
99495,37
99495,1
99521,37
99521,1
99529,2
99529,49
99529,23
99547,35
99547,62
99547,17
99547,2
99547,1
99564,1
99564,2
99564,161
99569,18
99569,38
99569,7
99569,2
99569,1
99605,1
99605,2
99620,1
99620,2
99622,1
99622,7
99622,140
99624,2
99624,7
99624,1
99633,1
99633,15
99657,1
99670,17
99670,15
99670,1
99672,1
99672,2
99672,86
99672,115
99691,1
99691,2
99706,1
99706,7
99734,34
99734,3
99734,24
99734,142
99734,2
99748,34
99748,45
99764,15
99764,2
99764,49
99764,38
99764,1
99768,1
99771,1
99771,2
99771,40
99793,6
99793,48
99793,2
99793,2048
99829,1
99829,2
99829,7
99829,1894
99833,2
99833,232
99833,108
99833,86
99833,1
99833,30
99833,194
99833,7
99852,13
99852,24
99852,49
99852,132
99859,17
99859,2
99859,1
99862,1
99862,2014
99862,2
99862,193
99862,215
99868,1
99868,37
99922,2049
99922,1234
99922,269
99922,7
99922,1
99922,28
99922,215
99922,315
99922,1441
99922,1529
99922,804
99922,41
99922,2
99922,25
99965,1
99965,7
99970,2
99970,1
99970,35
99993,7
99993,1
100000,119
100000,1
100000,2
100023,1
100023,6
100025,1
100025,6
100025,35
100025,36
100028,1
100028,7
100028,2
100028,15
100084,1
100084,2
100084,18
100096,6
100096,2
100096,36
100113,2
100113,1
100113,7
100125,6
100125,44
100125,1
100139,6
100139,1
100141,2
100141,1
100145,1
100145,15
100145,26
100149,1
100156,7
100156,1
100160,1
100160,7
100161,2
100161,24
100161,1
100161,48
100167,1
100167,7
100167,2
100175,2
100175,1
100176,7
100176,2
100176,1
100176,13
100176,163
100179,1
100179,7
100190,15
100190,48
100190,2
100190,3869
100190,191
100190,1069
100190,370
100190,50
100190,3870
100190,1
100190,3871
100190,460
100190,116
100190,391
100190,3872
100190,146
100205,1
100206,1
100251,34
100251,45
100251,3
100261,1
100261,2
100261,60
100268,1
100279,2
100279,49
100279,15
100295,7
100295,1
100315,2
100315,1
100337,2
100337,1
100337,15
100363,3
100363,24
100363,9
100363,1
100363,48
100363,107
100363,14
100363,49
100380,1
100380,2
100380,7
100380,36
100380,6
100380,2046
100380,230
100380,493
100380,13
100380,109
100380,35
100384,7
100384,1
100384,2
100384,112
100391,106
100391,2
100391,1
100411,15
100411,2
100411,1
100411,37
100435,2
100435,166
100435,1
100435,97
100458,23
100458,54
100458,35
100458,81
100458,1
100473,6
100473,1
100473,2
100490,1
100490,17
100490,2
100538,1
100538,15
100547,1
100547,76
100547,2
100552,2
100552,1
100604,34
100604,3
100604,20
100604,45
100615,2
100615,23
100615,1
100636,2
100636,1
100657,6
100657,1
100657,13
100657,92
100657,2052
100657,49
100657,58
100676,1
100676,7
100676,13
100705,6
100705,1
100711,23
100711,2
100711,1
100717,1
100717,7
100717,2
100717,37
100749,71
100749,1
100749,2
100756,1
100756,7
100756,1509
100756,169
100756,37
100757,2
100757,1
100805,1
100805,90
100805,7
100817,189
100817,1
100817,7
100835,2
100835,1
100835,13
100871,1
100871,2
100875,37
100875,1
100906,28
100906,1
100952,1
100952,2
100952,7
100966,1
100973,1
100973,15
100973,7
100978,28
100978,1
100978,7
100989,1
100989,3
100989,2
100999,2
100999,1
101043,26
101043,47
101043,97
101043,1
101043,108
101052,1
101052,35
101052,2
101097,14
101097,1
101103,1
101103,7
101103,2
101112,28
101112,1
101129,1
101129,15
101137,1
101137,50
101137,7
101146,3
101146,34
101146,42
101146,2
101146,7
101146,58
101163,2
101163,1
101163,7
101194,1
101194,23
101225,63
101225,47
101225,1
101225,2
101225,151
101227,1
101227,15
101229,15
101229,2
101229,49
101265,2
101265,1
101281,1
101281,7
101322,1
101322,9
101338,1
101346,64
101346,1
101346,7
101359,1
101359,2
101366,3
101366,988
101366,692
101366,1
101366,3890
101369,1
101393,274
101393,1
101393,94
101393,36
101395,2
101395,1
101400,1
101400,20
101400,49
101400,15
101400,40
101423,48
101423,2
101423,1
101427,1
101427,7
101427,507
101427,54
101427,204
101427,140
101427,113
101438,2
101438,86
101438,348
101470,9
101470,41
101470,1
101470,7
101483,1
101483,2
101507,1
101507,7
101534,1
101534,2
101575,23
101575,1
101582,2
101582,1
101596,2
101596,7
101596,38
101629,3894
101629,1
101651,1
101651,7
101651,2
101653,2
101653,1
101715,13
101715,49
101715,48
101715,15
101715,88
101715,80
101719,12
101719,43
101719,13
101719,1
101719,2
101734,2
101734,1
101734,18
101734,40
101734,113
101768,1
101784,2
101784,7
101784,35
101796,1
101797,1
101797,2
101797,25
101797,7
101797,26
101808,36
101808,13
101808,6
101833,44
101833,1
101833,710
101833,58
101859,1
101859,2
101859,154
101859,444
101859,37
101863,1
101863,7
101863,31
101867,1
101867,28
101867,7
101871,7
101871,1
101871,2
101871,23
101896,1
101896,7
101912,1
101913,2
101913,1
101913,17
101919,119
101919,1
101919,7
101936,1
101936,7
101936,2
101970,9
101970,2
101970,1
101989,34
101989,48
101989,49
101989,13
101997,2
101997,1
102001,2
102001,1
102001,7
102001,41
102001,13
102021,1
102021,169
102021,7
102021,115
102021,106
102022,1
102022,28
102022,127
102022,58
102023,55
102023,1
102051,36
102051,6
102051,1
102078,1
102078,2
102078,37
102096,1
102096,2
102096,23
102138,15
102138,24
102138,1
102141,49
102141,2
102141,1
102158,119
102158,1
102158,15
102214,2
102214,1
102214,7
102214,169
102302,7
102302,1
102303,1
102303,23
102303,78
102303,2
102303,7
102307,128
102307,152
102307,2
102307,7
102348,6
102348,1
102348,128
102348,215
102348,1557
102356,6
102356,1
102356,64
102356,153
102383,2
102383,1
102392,23
102392,35
102392,71
102392,1
102392,2
102394,1
102394,35
102394,36
102394,58
102516,2
102516,15
102516,13
102516,1
102517,6
102517,1
102572,7
102572,1
102607,1
102607,13
102623,1
102623,2
102623,7
102662,135
102662,2
102662,86
102662,1
102666,1
102666,2
102666,28
102669,162
102669,1
102669,7
102669,2
102671,119
102671,1
102671,7
102689,23
102689,1
102689,35
102689,2
102729,2
102729,1
102729,108
102729,86
102736,28
102736,62
102736,1
102764,13
102764,46
102764,2
102764,1
102764,7
102784,42
102784,2
102784,1
102784,3
102797,1
102797,17
102797,2
102797,163
102804,1322
102804,13
102804,1
102804,86
102804,108
102809,1
102809,2
102809,60
102814,2
102814,148
102814,1
102833,9
102833,2
102833,1
102851,2
102851,1
102851,7
102890,1
102890,28
102890,7
102906,62
102906,659
102906,2
102906,1
102918,1
102918,15
102918,2
102923,106
102923,31
102923,94
102923,7
102923,1
102923,32
103007,2
103007,1
103032,2
103032,7
103069,1
103069,41
103069,2
103069,26
103074,2
103074,1
103074,7
103086,2
103086,137
103086,1
103139,1
103139,15
103139,50
103139,103
103160,6
103160,1
103184,7
103184,1
103184,35
103184,525
103191,1
103191,7
103202,127
103202,2
103202,1
103223,6
103223,1
103223,282
103223,36
103234,7
103234,1
103247,1
103247,13
103247,64
103247,37
103253,2
103253,1
103273,38
103273,1
103273,13
103273,45
103273,35
103302,1
103302,7
103311,15
103311,2
103311,7
103315,1
103315,15
103315,6
103315,2
103333,6
103333,1
103333,13
103357,2
103357,1
103357,215
103357,1750
103357,26
103432,2
103432,1
103432,3939
103436,1
103436,2
103442,1
103442,6
103442,18
103442,2
103471,2
103471,1
103473,270
103473,1284
103473,1
103473,476
103473,23
103480,2
103480,6
103480,36
103508,1
103508,2
103508,7
103556,1
103556,2
103556,3
103599,48
103599,23
103599,1
103614,1
103614,7
103633,1
103633,15
103633,2
103633,7
103635,7
103635,35
103635,1
103635,472
103643,1
103643,2
103643,7
103672,1
103672,2
103704,7
103707,159
103707,1
103707,54
103707,19
103707,45
103710,1
103710,7
103733,1
103733,2
103737,1
103737,78
103737,7
103748,7
103748,1
103751,6
103751,191
103751,7
103751,1
103751,2
103754,34
103754,45
103833,37
103833,7
103833,1
103833,2
103851,2
103851,15
103851,13
103873,1
103873,7
103873,2
103890,1
103890,2
103890,7
103890,26
103890,41
103938,6
103938,1
103954,49
103954,1
103963,37
103963,64
103963,1
103963,7
104020,1
104020,49
104020,15
104020,2
104020,31
104020,153
104024,7
104024,1
104024,15
104036,7
104036,1
104066,1
104066,15
104066,64
104066,156
104089,23
104089,1
104109,1
104109,7
104121,245
104121,56
104121,2
104121,1313
104121,262
104121,3
104121,1
104121,9
104121,513
104121,478
104121,23
104121,146
104121,291
104131,1
104131,2
104167,2
104167,1
104173,1
104173,2
104173,52
104173,37
104173,88
104177,1
104177,15
104177,7
104177,113
104198,71
104198,1
104198,23
104217,59
104217,1
104217,7
104227,6
104227,174
104227,49
104227,1
104227,13
104263,2
104263,282
104263,412
104263,628
104263,373
104263,990
104263,3948
104263,1
104350,1
104350,2
104350,18
104376,1
104376,2
104376,15
104389,2
104389,7
104389,1
104412,7
104412,2
104412,1
104420,1
104420,90
104420,7
104421,549
104421,1
104421,2
104423,7
104423,1
104423,152
104439,127
104439,1
104439,2
104473,78
104473,1
104473,2
104495,1
104495,26
104495,35
104495,7
104495,41
104495,125
104505,1
104505,7
104505,2
104540,1
104540,15
104540,2
104540,240
104558,1
104558,2
104558,7
104571,2
104571,1
104571,54
104571,378
104571,88
104576,41
104576,2
104576,1
104595,1
104595,7
104604,30
104604,1
104656,1
104677,1
104677,2
104703,1
104703,15
104708,1
104708,18
104708,57
104708,2
104764,17
104764,2
104764,1
104772,2
104772,1
104802,1
104802,15
104826,1
104826,7
104826,185
104826,194
104826,52
104843,2
104843,17
104843,15
104843,1
104848,58
104848,1
104870,1
104870,7
104872,49
104872,7
104872,1
104916,1
104916,3
104917,6
104917,1
105020,1
105020,26
105020,2
105020,37
105034,7
105034,1
105034,15
105039,1
105039,2
105039,55
105039,7
105045,6
105045,92
105045,1
105045,2
105057,1
105057,7
105057,37
105083,1
105083,2
105083,7
105083,15
105094,1
105094,7
105094,38
105094,54
105094,2
105112,1
105112,7
105112,2
105118,1
105118,7
105124,2
105124,1
105135,2
105135,1
105168,193
105168,1
105168,2
105168,7
105172,1
105172,2
105174,20
105174,1
105174,47
105174,2
105183,1
105183,2
105191,1
105191,15
105227,18
105227,13
105227,2
105233,1
105233,7
105253,15
105253,1
105253,411
105253,7
105256,6
105256,1
105276,7
105276,1
105316,6
105316,1
105316,7
105316,2
105316,3971
105316,36
105349,71
105349,1
105349,558
105349,3972
105349,2
105351,1
105351,7
105375,49
105375,17
105375,13
105407,1
105407,2
105407,260
105422,1
105422,7
105422,2
105435,1
105435,7
105440,50
105440,1
105440,2
105440,226
105454,6
105454,2
105454,1
105467,7
105467,1
105484,2
105484,1
105484,7
105484,67
105484,168
105515,15
105515,38
105515,1
105515,2
105516,49
105516,1
105516,13
105522,1
105522,2
105522,48
105524,1
105524,15
105524,2
105556,37
105556,2
105556,1
105574,2
105574,23
105574,13
105574,1
105581,2
105581,1
105581,15
105587,128
105587,1
105587,1175
105587,1447
105587,2
105607,1
105607,2
105607,7
105607,37
105616,15
105616,1
105616,2
105616,37
105692,2
105692,1
105692,13
105765,1
105765,6
105765,60
105765,58
105765,36
105785,1
105785,7
105785,26
105880,1
105880,7
105880,2
105903,2
105903,3
105903,1
105941,1
105941,7
105941,25
105950,1
105950,15
105950,2
105950,7
105970,2
105970,1
105974,42
105974,91
105974,2
105974,24
105974,7
105992,6
105992,1
106017,1
106017,28
106017,7
106022,1
106022,2
106022,13
106022,46
106113,13
106113,6
106113,49
106113,36
106116,50
106116,1
106116,2
106117,15
106117,1
106117,37
106136,58
106136,1
106157,1
106157,7
106182,2
106182,1
106182,226
106200,1
106200,7
106200,2
106207,79
106207,2
106207,1
106207,63
106214,1
106214,15
106214,13
106236,125
106236,1
106236,7
106290,2
106290,1
106290,648
106290,3985
106290,480
106290,251
106383,2
106383,1
106387,6
106387,2
106387,3
106387,86
106387,1
106394,18
106394,7
106394,64
106394,1
106394,2
106399,1
106399,2
106408,1
106408,7
106530,2
106530,1
106537,7
106537,41
106537,1
106546,1
106546,7
106561,2
106561,7
106561,1
106564,1
106564,7
106564,25
106679,49
106679,127
106679,7
106698,6
106698,1
106698,2
106699,2
106699,1
106699,1888
106717,1
106717,2
106717,7
106717,308
106717,378
106717,151
106717,41
106717,67
106717,732
106717,15
106795,1
106795,2
106796,1
106796,3
106796,23
106811,2
106811,1
106811,6
106811,50
106813,1
106813,25
106813,2
106813,26
106813,37
106814,1
106814,32
106814,2
106822,25
106822,7
106822,1
106822,26
106822,2
106822,13
106833,49
106833,13
106833,1
106833,109
106848,7
106848,1
106853,152
106853,2
106853,1
106853,7
106855,2
106855,48
106855,1
106881,23
106881,1
106881,3997
106885,1
106885,15
106885,13
106890,1
106890,7
106928,1
106928,15
106928,2
106928,64
106928,49
106963,15
106963,1
106976,1
106976,7
106976,41
106982,23
106982,71
106982,1
106991,2
106991,15
106991,17
106991,48
106991,7
106991,80
107005,1
107005,43
107005,2
107005,54
107012,7
107012,2
107012,1
107041,28
107041,1
107041,2
107061,6
107061,2
107061,3
107061,48
107120,1
107120,7
107130,1
107130,3
107170,1
107171,7
107171,1
107171,2
107171,23
107172,42
107172,1
107172,2
107172,20
107196,15
107196,2
107196,64
107196,1
107196,1563
107237,1
107237,2
107260,1
107260,7
107260,2
107267,7
107267,2
107267,1
107267,64
107267,140
107267,37
107373,1
107373,2
107382,2
107382,1
107382,37
107395,1
107395,2
107395,49
107395,15
107395,562
107395,393
107395,4002
107395,37
107395,35
107403,1
107403,90
107403,2
107421,1
107421,2
107435,17
107435,13
107435,2
107435,1
107435,48
107441,44
107441,6
107441,1
107445,18
107445,57
107445,2
107445,1
107465,7
107465,52
107465,126
107465,54
107465,1
107465,67
107497,2
107497,1
107497,55
107512,84
107512,14
107512,1
107512,2
107512,20
107514,1
107514,17
107514,13
107523,1
107523,2
107546,1
107546,7
107567,2
107567,23
107567,49
107574,2
107574,1
107584,1
107584,23
107584,7
107608,2
107608,1
107651,26
107651,1
107651,2
107651,110
107666,2
107666,1
107683,6
107683,2
107683,1
107692,23
107692,2
107692,1
107703,2
107703,1
107733,1
107733,2
107733,54
107733,31
107763,1
107763,2
107763,13
107763,6
107763,4008
107764,1
107764,7
107768,2
107768,1
107814,28
107814,7
107814,2
107835,7
107835,1
107835,113
107840,88
107840,1
107840,2
107840,38
107862,1
107862,7
107963,1
107963,2
107996,1
107996,2
108011,1
108011,2
108021,30
108021,97
108021,1
108021,2
108034,13
108034,1
108039,28
108039,1
108039,7
108039,15
108039,2
108087,2
108087,1
108102,1
108102,7
108102,17
108102,26
108112,23
108112,1
108112,35
108130,1
108130,2
108158,2
108158,1
108158,41
108164,1
108164,2
108164,15
108184,1
108184,2
108184,23
108205,30
108205,2
108205,1
108222,1
108222,7
108222,2
108222,54
108224,7
108224,54
108224,1
108224,41
108281,1
108281,57
108281,24
108281,44
108287,1
108287,15
108293,1
108334,2
108334,1
108335,683
108335,1
108335,7
108335,263
108359,2
108359,1
108374,2
108374,17
108374,1
108398,2
108398,1
108460,57
108460,1
108460,47
108460,2
108468,1
108468,2
108507,28
108507,38
108507,7
108507,1
108541,1
108541,7
108541,37
108566,7
108566,1
108566,15
108566,31
108680,2
108680,1
108681,23
108681,1
108721,1
108721,7
108721,41
108726,18
108726,179
108726,90
108726,1
108754,28
108754,1
108754,71
108774,26
108774,7
108774,1
108788,151
108788,2
108788,1
108788,18
108788,37
108791,6
108791,1
108791,2
108793,1
108793,119
108793,7
108824,1
108824,2
108824,49
108829,6
108829,2
108829,86
108829,49
108829,156
108870,6
108870,1426
108870,138
108870,1328
108870,7
108870,1093
108870,36
108870,112
108899,1
108899,28
108899,296
108899,316
108899,7
108900,137
108900,2
108900,1
108937,1
108937,2
108981,15
108981,2
108981,1
109021,49
109021,15
109021,1
109026,1
109037,2
109037,15
109037,49
109037,13
109037,1
109037,37
109063,23
109063,42
109063,1
109063,45
109081,1
109081,9
109081,15
109113,15
109113,1
109113,2
109153,7
109153,1
109188,7
109188,1
109188,111
109188,188
109188,40
109189,18
109189,24
109189,38
109189,1
109189,7
109209,1
109209,2
109209,37
109243,79
109243,1
109243,2
109264,6
109264,2
109264,1
109290,2
109290,15
109290,48
109290,1
109293,7
109293,2
109293,15
109300,1
109300,7
109356,1122
109356,969
109356,23
109356,1
109356,2
109356,516
109360,34
109360,1
109371,15
109371,1
109371,7
109389,7
109389,1
109396,26
109396,7
109396,1
109415,30
109415,1
109415,76
109420,2
109420,1
109420,7
109481,245
109481,1313
109481,262
109481,1
109481,9
109481,2
109481,2074
109481,513
109481,3
109481,478
109481,56
109481,291
109481,23
109481,108
109481,24
109495,3
109495,1
109495,2
109495,43
109505,28
109505,1
109505,7
109505,2
109522,1
109522,7
109522,37
109524,2
109524,15
109524,152
109524,1
109524,7
109524,37
109531,91
109531,1
109531,2
109536,15
109536,1
109536,16
109536,115
109536,45
109542,2
109542,1
109565,56
109565,1
109565,28
109565,58
109574,6
109574,1
109586,1
109586,2
109586,479
109639,23
109639,1
109639,7
109644,2
109644,1
109644,15
109705,1
109721,2
109721,1
109755,1
109755,2
109755,7
109776,1
109776,2
109809,1
109809,7
109809,26
109845,2
109845,6
109845,13
109845,36
109859,7
109859,6
109859,2
109867,2
109867,7
109867,35
109897,2
109897,1
109897,169
109897,26
109897,975
109898,17
109898,15
109898,1
109900,10
109900,3
109900,51
109900,13
109900,1
109903,7
109903,1
109941,1222
109941,71
109941,2
109941,2025
109941,1
109944,1
109944,2
109974,28
109974,1
110003,2
110003,3
110038,2
110038,15
110038,1
110038,64
110038,98
110038,260
110047,1
110047,2
110048,596
110048,7
110048,1
110048,169
110068,1
110068,2
110068,71
110080,7
110080,1
110080,35
110084,1
110084,35
110084,2
110084,40
110122,2
110122,7
110122,1
110124,1
110124,50
110124,2
110129,1
110142,6
110142,1
110193,2
110193,50
110193,191
110193,60
110193,118
110193,62
110193,55
110193,18
110202,80
110202,17
110202,1
110202,7
110271,1
110271,15
110271,49
110287,1
110287,58
110296,14
110296,1
110315,1
110315,7
110315,2
110318,15
110318,1
110320,1
110320,15
110320,7
110344,13
110344,7
110344,156
110344,755
110353,1
110353,2
110353,15
110376,1
110376,7
110376,2
110433,15
110433,48
110433,1
110442,1
110442,15
110442,7
110457,15
110457,17
110457,2
110457,49
110457,80
110477,1
110477,15
110477,2
110482,1
110482,70
110489,2
110489,1
110489,44
110491,1
110506,1
110506,64
110506,13
110506,3
110506,46
110624,31
110624,1
110624,2
110635,7
110635,1
110637,7
110637,2
110637,1
110640,31
110640,145
110640,1
110653,1
110653,7
110653,15
110660,7
110660,1
110660,2
110675,2
110675,1
110710,1
110713,58
110713,1
110723,1
110723,7
110753,6
110753,2
110753,15
110753,36
110755,1
110755,7
110812,32
110812,16
110812,118
110812,2
110812,3
110830,25
110830,2
110830,7
110830,1
110830,41
110841,1
110845,2
110845,1
110847,1
110847,7
110847,14
110860,7
110860,26
110860,1
110867,13
110867,48
110867,15
110867,54
110867,7
110867,81
110867,37
110907,1
110907,2
110907,7
110920,1
110920,55
110920,2
110931,2
110931,15
110931,49
110931,13
110931,137
111054,7
111054,1
111054,2
111054,3
111054,9
111062,1
111062,7
111098,2
111098,15
111098,1
111130,15
111130,1
111144,2
111144,1
111144,188
111144,37
111163,1
111163,7
111178,2
111178,1
111178,35
111184,127
111184,2
111184,1
111184,140
111229,6
111229,2
111229,1
111234,6
111234,1
111291,15
111291,1
111291,60
111350,23
111350,1
111353,1
111353,7
111427,1
111427,134
111427,2
111427,125
111430,2
111430,1
111430,3
111483,1
111483,2
111483,13
111514,1
111514,23
111536,2
111536,1
111536,15
111536,23
111540,1
111540,2
111540,15
111540,37
111553,1
111553,6
111578,1
111590,1
111590,2
111603,1
111603,48
111603,15
111604,7
111604,1
111604,41
111641,1
111641,15
111641,35
111695,15
111695,1
111695,49
111712,1
111712,15
111712,7
111713,23
111713,32
111713,16
111713,1
111729,28
111729,1
111729,7
111761,2
111761,1
111839,2
111839,31
111839,26
111839,7
111842,1
111850,1
111850,2
111853,1
111853,15
111853,13
111865,2
111865,1
111865,57
111865,318
111881,2
111881,1
111881,17
111881,7
111882,2
111882,1
111882,28
111945,1
111945,35
111945,15
111945,23
111945,13
111967,38
111967,15
111967,1
111967,30
111967,2
111967,40
111967,13
111984,1
111984,2
111984,48
112067,1
112067,7
112067,2
112067,193
112072,1
112072,7
112072,35
112073,134
112073,2
112073,1
112077,79
112077,1
112077,63
112108,7
112108,1
112126,6
112126,1
112141,1
112141,23
112167,7
112167,2
112167,1
112180,1
112180,2
112242,1
112242,58
112261,15
112261,2
112261,1
112273,7
112273,1
112281,1
112281,2
112281,188
112288,56
112288,2
112288,55
112288,1
112311,1
112311,7
112316,1
112335,7
112335,1
112342,15
112342,1
112369,28
112369,1
112369,7
112373,1
112373,15
112373,64
112380,2
112380,1
112418,1
112418,58
112446,23
112446,2
112446,1
112446,282
112482,58
112482,1
112482,4095
112482,7
112498,1
112498,13
112514,7
112514,1
112522,2
112522,1
112524,2
112524,1
112593,91
112593,3
112593,20
112593,2
112593,1
112594,2
112594,7
112594,1
112597,1
112597,48
112597,15
112598,1
112622,1
112622,2
112632,1
112632,7
112663,28
112663,1
112683,15
112683,1
112683,2
112686,1
112686,7
112686,28
112701,1
112701,2
112701,7
112733,23
112733,7
112733,1
112746,13
112746,1
112746,58
112750,28
112750,1
112763,2
112763,1
112763,15
112775,1
112820,1
112820,6
112861,1
112861,55
112861,7
112861,41
112933,1
112933,2
112933,145
112939,2
112939,1
112939,7
112944,6
112944,13
112944,49
112944,979
112944,280
112959,1
112959,32
112959,7
112970,2
112970,1
112970,66
112972,1
112972,28
113012,62
113012,2
113012,26
113012,3
113012,1
113060,2
113060,63
113060,1
113088,1
113088,2
113088,54
113088,41
113088,67
113123,1
113123,13
113133,1
113193,15
113193,7
113193,1
113230,26
113230,1
113230,7
113266,1
113266,191
113266,2
113266,15
113293,1
113293,2
113293,49
113293,40
113294,15
113294,1
113296,1
113310,6
113310,1
113346,7
113346,1
113356,1
113356,7
113356,2
113360,23
113360,1
113386,1
113386,4120
113386,361
113405,1
113410,1
113410,2
113410,7
113420,7
113420,1
113442,13
113442,17
113442,15
113442,2
113545,2
113545,64
113545,1
113545,60
113545,48
113554,1
113554,2
113554,15
113559,2
113559,1
113613,2
113613,63
113613,1
113614,13
113614,1
113614,2
113674,1
113693,6
113693,48
113693,227
113693,276
113693,49
113714,7
113714,1
113715,6
113715,7
113715,1
113740,15
113740,7
113740,1
113758,2
113758,20
113758,49
113758,15
113758,45
113758,37
113758,18
113812,1
113812,26
113812,7
113828,6
113828,53
113828,1
113828,54
113828,111
113838,1
113838,13
113838,2
113841,1
113841,2
113841,64
113845,2
113845,1
113892,48
113892,15
113892,2
113892,1
113900,1
113900,2
114004,1
114004,2
114014,1
114014,2
114051,1
114051,7
114051,2
114051,54
114136,36
114136,6
114136,1
114154,28
114154,1
114154,7
114157,25
114157,1
114157,7
114163,2
114163,1
114163,220
114172,2
114172,49
114172,13
114172,37
114260,7
114260,28
114260,1
114277,1
114277,76
114277,2
114277,47
114318,15
114318,1
114318,2
114349,112
114349,48
114349,67
114349,1
114349,15
114349,49
114349,13
114367,7
114367,1
114375,128
114375,1
114375,7
114375,2
114376,6
114376,1
114382,13
114382,2
114382,15
114382,48
114457,7
114457,1
114457,25
114458,2
114458,1
114461,42
114461,2
114461,1
114489,1
114489,7
114502,13
114502,15
114502,2
114546,2
114546,1
114551,91
114551,6
114551,1
114624,1
114624,7
114639,13
114639,49
114639,15
114639,2
114639,154
114655,1
114655,26
114655,15
114670,17
114670,1
114670,15
114670,2
114676,2
114676,1
114676,3
114691,7
114691,1
114694,1
114694,2
114729,1
114729,13
114746,1
114746,260
114746,2
114746,119
114762,1
114762,28
114762,55
114762,7
114772,2
114772,47
114772,176
114772,6
114772,1
114791,2091
114791,2
114791,1
114795,51
114795,3
114795,1
114823,2
114823,1
114825,1
114825,7
114825,2
114875,26
114875,16
114875,32
114875,2
114875,115
114875,1
114902,57
114902,1
114902,2
114907,6
114907,1
114907,45
114971,6
114971,1
114986,1
115015,2
115015,4145
115015,7
115015,118
115021,6
115021,1
115021,28
115021,36
115035,1
115035,49
115040,1
115040,6
115040,15
115063,6
115063,1
115063,54
115063,13
115065,1
115108,59
115108,18
115108,1
115108,2
115118,14
115118,1
115118,45
115135,1
115135,26
115165,1
115165,2
115175,15
115175,7
115175,1
115175,13
115175,2
115180,7
115180,2
115180,15
115194,6
115194,1
115207,1
115207,7
115214,2
115214,1
115233,1
115233,7
115244,15
115244,1
115244,2
115249,63
115249,17
115249,7
115249,15
115249,1
115258,1
115258,7
115258,2
115258,94
115258,56
115269,1
115269,6
115269,2
115329,17
115329,49
115329,3
115330,1
115332,2
115332,1
115332,7
115333,1
115333,2
115333,15
115349,13
115349,2
115349,1
115351,7
115351,1
115351,140
115351,37
115384,1
115384,7
115389,2
115389,1
115389,15
115389,13
115389,64
115408,7
115408,1
115408,35
115455,1
115455,2
115455,15
115468,1
115468,7
115487,7
115487,1
115510,23
115510,1
115582,1
115582,2
115596,2
115596,7
115596,28
115596,25
115596,1
115599,1
115599,58
115599,36
115614,15
115614,1
115614,2
115650,7
115650,1
115668,2
115668,1
115701,1
115701,15
115711,15
115711,2
115711,1
115731,1
115731,17
115731,7
115795,1
115795,2
115795,48
115842,7
115842,1
115842,140
115844,1
115844,2
115844,15
115851,1
115854,2
115854,1
115886,1
115886,2
115886,7
115886,41
115886,37
115890,1
115890,23
115890,7
115906,1
115906,49
115906,2
115907,1
115907,26
115907,2
115907,41
115938,17
115938,1
115960,6
115960,1
115970,15
115970,1
115970,2
115970,7
115977,1
115977,2
115977,49
115977,128
115980,26
115980,1
115980,7
115995,1
115995,15
115995,2
116005,1
116005,7
116005,15
116018,1
116018,48
116018,15
116029,2
116029,1
116037,2
116037,78
116037,1
116063,2
116063,1
116110,2
116110,7
116110,1
116126,2
116126,1
116126,6
116126,108
116126,86
116126,4168
116126,1102
116126,36
116138,1
116138,7
116177,55
116177,1
116177,35
116177,2
116177,76
116191,2
116191,1
116191,3
116194,1
116194,23
116194,2
116222,2
116222,1
116222,7
116235,7
116235,1
116235,25
116235,514
116248,55
116248,1
116301,6
116301,1250
116301,220
116301,1
116306,7
116306,1
116306,2
116312,1
116312,7
116349,28
116349,7
116349,1
116349,25
116368,1
116368,7
116409,6
116409,1
116409,2
116409,7
116409,36
116455,7
116455,1
116455,2
116503,1
116503,25
116503,7
116509,303
116509,81
116509,4174
116509,2
116509,404
116509,1
116509,37
116589,2
116589,1
116589,15
116602,2
116602,1
116602,7
116603,37
116603,2
116603,60
116603,426
116603,1
116603,251
116630,1
116630,7
116631,1
116631,7
116632,24
116632,2
116632,3
116632,13
116645,1
116645,2
116662,3
116662,45
116662,14
116674,260
116674,7
116674,1
116676,49
116676,13
116676,1
116699,1
116705,7
116705,2
116705,18
116739,7
116739,2
116739,1
116749,31
116749,55
116749,2
116749,137
116749,7
116771,1
116771,1414
116771,6
116789,1
116789,2
116789,17
116789,15
116793,6
116793,1
116809,152
116809,1
116809,2
116867,6
116867,1
116883,1
116883,15
116883,6
116936,45
116936,2
116974,23
116974,1
116974,2
116991,6
116991,1
116991,92
117007,1
117007,49
117007,547
117007,426
117007,37
117019,2
117019,1
117026,34
117026,64
117026,1
117026,18
117066,2
117066,17
117066,1
117086,13
117086,17
117086,1
117091,37
117091,7
117091,1
117102,1
117102,7
117102,689
117141,2
117141,1
117141,24
117146,1
117146,7
117201,7
117201,152
117201,1
117230,1
117230,15
117230,2
117284,1
117284,60
117284,2
117307,1
117307,2
117345,6
117345,16
117345,2
117345,45
117345,32
117362,90
117362,1
117379,1
117379,2
117388,2
117388,1
117425,1
117425,2
117433,2
117433,1
117433,23
117438,16
117438,32
117438,3
117438,2
117438,1
117456,13
117456,15
117456,1
117461,1
117461,7
117462,1
117462,2
117462,13
117462,15
117496,153
117496,2
117496,13
117496,94
117496,1
117496,237
117503,63
117503,13
117503,2
117503,1
117513,55
117513,7
117513,1
117533,2
117533,1
117536,1
117536,2
117536,7
117550,1
117550,2
117550,13
117582,1
117582,2
117582,6
117607,1
117607,23
117607,2
117607,94
117609,55
117609,1
117609,7
117663,1
117663,741
117663,879
117663,2
117663,4193
117674,1
117674,2
117674,28
117707,32
117707,24
117707,1
117707,135
117716,6
117716,2
117716,1562
117716,13
117716,1
117720,2
117720,1
117720,53
117725,1
117725,2
117729,1
117729,2
117729,94
117815,7
117815,1
117821,2
117821,1
117821,79
117825,1
117825,30
117825,1147
117827,2
117827,7
117827,1
117862,1
117862,7
117862,15
117871,2
117871,1
117871,60
117890,15
117890,1
117890,49
117927,23
117927,14
117927,1
117954,1
117954,2
117954,49
117954,37
117959,1036
117959,1
117959,23
117959,4198
117966,2
117966,235
117966,41
117966,1
117966,26
117967,15
117967,1
117985,1
117985,26
118115,2
118115,15
118115,1
118124,1
118124,2
118141,1
118141,2
118163,6
118163,1
118188,2
118188,1
118250,2
118250,152
118250,1
118250,7
118250,204
118261,1
118261,2
118261,7
118266,1
118266,2
118323,1
118323,48
118323,13
118332,58
118332,1
118397,128
118397,411
118397,2104
118397,2
118397,1
118401,31
118401,7
118401,2
118401,148
118425,1
118425,35
118425,2
118425,550
118453,1
118453,2
118453,64
118453,15
118461,1
118461,37
118492,1
118492,23
118511,2
118511,1
118511,7
118511,79
118525,2
118525,64
118525,1
118544,1
118544,15
118544,2
118557,2
118557,7
118558,1
118558,7
118574,2
118574,1
118586,23
118586,1
118594,2
118594,1
118594,71
118621,7
118621,1
118634,2
118634,1
118634,49
118634,94
118667,1
118667,7
118686,1
118686,2
118694,1
118730,1
118879,1
118879,49
118879,2
118879,111
118887,1
118887,2
118887,3
118887,9
118887,37
118894,2
118894,7
118965,2
118965,1
118965,31
118983,1
118983,7
118983,4223
118983,2
118983,37
118990,3
118990,24
118990,48
118990,64
118990,49
118991,1
118991,2
118991,337
119032,152
119032,1
119032,7
119040,49
119040,1
119040,15
119040,23
119087,1
119087,2
119111,6
119111,1
119141,1
119152,28
119152,1
119152,2
119152,255
119172,1
119172,7
119172,23
119185,2
119185,1
119200,28
119200,35
119200,25
119200,7
119200,1
119212,1
119212,15
119212,13
119212,2
119228,2
119228,13
119228,7
119258,17
119258,13
119258,1
119278,1
119302,7
119302,2
119302,1
119307,6
119307,2
119307,36
119314,1
119314,2
119314,24
119314,470
119314,80
119349,15
119349,13
119349,1
119403,1
119403,2
119403,37
119411,1
119411,7
119422,7
119422,25
119422,1
119443,1
119443,15
119560,1
119560,2
119571,1
119571,15
119571,26
119571,2
119604,1
119604,7
119604,2
119610,1
119610,2
119610,35
119621,6
119621,1
119677,1
119677,15
119677,2
119714,7
119714,2
119714,1
119728,1
119728,7
119741,2
119741,1
119745,6
119745,1
119745,7
119770,1
119778,1
119778,2
119778,7
119780,1
119793,1
119793,2
119802,1
119822,2
119822,1
119873,2
119873,13
119873,6
119873,2111
119873,50
119896,1
119896,2
119896,81
119896,601
119923,28
119923,1
119923,2
119935,7
119935,1
119938,1
119938,30
119938,15
119938,141
120021,1
120021,2
120040,2
120040,595
120040,15
120040,1
120040,111
120040,49
120049,3
120049,23
120049,1
120049,273
120049,392
120052,6
120052,2
120052,20
120052,49
120052,1
120053,9
120053,15
120053,48
120053,1
120053,67
120110,47
120110,1
120110,7
120110,13
120127,26
120127,47
120127,7
120127,2
120128,1
120128,15
120128,13
120128,112
120139,1
120139,15
120139,13
120139,17
120147,1
120164,40
120164,1
120164,2
120174,58
120174,28
120174,1
120174,15
120175,2
120175,1
120175,125
120175,36
120178,1
120178,2112
120200,13
120200,240
120200,7
120200,63
120200,49
120224,17
120224,2
120224,1
120224,80
120224,140
120270,60
120270,1
120270,2
120338,13
120338,1
120338,11
120338,2
120338,19
120372,2
120372,1
120392,6
120392,53
120392,109
120392,367
120392,2
120396,23
120396,1
120429,45
120429,2
120429,19
120429,92
120429,221
120429,50
120429,48
120429,53
120429,4
120429,6
120429,395
120430,1
120430,48
120430,15
120436,2
120436,1
120436,23
120438,2
120438,1
120438,26
120441,42
120441,1
120441,49
120460,15
120460,1
120460,2
120469,1
120469,7
120469,15
120490,1
120490,7
120540,23
120540,35
120540,1
120540,7
120540,2
120560,6
120560,1
120560,2
120566,1
120566,2
120566,37
120567,1
120567,2
120572,23
120572,1
120572,43
120578,2
120578,32
120578,1
120586,28
120586,1
120597,7
120597,1
120597,16
120643,2
120643,1
120670,2
120670,1
120670,26
120712,7
120712,1
120729,1
120729,2
120741,1
120741,2
120741,13
120741,15
120741,54
120744,57
120744,24
120744,2
120744,13
120766,79
120766,1
120766,7
120766,63
120770,1
120770,2
120836,1
120836,15
120844,1
120844,152
120844,15
120867,1
120867,15
120867,49
120885,7
120885,2
120885,1
120885,140
120888,59
120888,2
120888,7
120893,8
120893,1
120893,48
120905,1
120956,1
120956,2
120956,7
120963,1
120963,35
120963,2
120963,41
120967,1
120967,7
120967,2
121005,37
121005,2
121005,48
121005,49
121007,15
121007,1
121009,1
121009,36
121009,35
121014,1
121014,2
121014,207
121025,1
121025,2
121025,15
121066,48
121066,15
121066,71
121066,54
121066,1
121066,36
121073,1
121073,7
121073,71
121073,134
121074,15
121074,7
121074,48
121074,2
121074,131
121106,15
121106,1
121106,13
121176,2
121176,1
121192,1
121192,2
121200,2
121200,1
121203,1
121203,7
121203,2
121214,23
121214,1
121228,15
121228,1
121228,13
121230,7
121230,1
121230,40
121230,110
121241,1
121250,1
121250,25
121250,7
121330,1
121330,7
121330,2
121330,41
121330,25
121356,58
121356,7
121356,1
121382,1
121382,2
121397,1
121397,7
121405,2
121405,13
121405,1
121405,37
121409,1
121409,7
121435,2
121435,15
121435,7
121496,23
121496,1
121496,49
121502,1
121526,48
121526,1
121534,1
121534,7
121539,7
121539,1
121543,257
121543,2
121543,1
121546,1
121546,2
121546,37
121554,15
121554,1
121554,2
121607,1
121607,15
121607,7
121619,1
121619,2
121619,7
121639,6
121639,1
121639,7
121639,2
121639,15
121711,1
121719,7
121719,1
121773,2
121773,1
121774,2
121774,1
121814,7
121814,1
121814,31
121814,37
121820,15
121820,1
121820,13
121820,3
121820,45
121868,1
121868,7
121890,1
121890,15
121918,2
121918,1
121937,23
121937,1
121937,71
121938,90
121938,1
121938,2
121950,16
121950,1
121950,3
121950,106
121950,18
121954,64
121954,1
121954,16
121954,2
121970,1
121970,2
121973,1
121973,2
121973,7
121981,1
121981,2
121992,46
121992,13
121992,24
121992,3
121992,48
122052,23
122052,64
122052,2
122052,45
122071,2
122071,13
122071,1
122071,25
122071,35
122129,17
122129,1
122129,2
122129,40
122192,23
122192,13
122192,2
122192,20
122192,1
122198,7
122198,1
122198,140
122225,1
122249,17
122249,106
122249,1
122249,2
122294,2
122294,7
122294,17
122294,1
122306,78
122306,2
122306,1
122330,1
122330,2
122338,2
122338,1
122370,1
122370,3
122370,2
122370,20
122417,6
122417,2
122417,20
122417,13
122417,49
122417,36
122431,1
122431,7
122468,2
122468,1
122468,13
122468,23
122514,23
122514,1
122514,7
122518,2
122518,1
122518,7
122518,1123
122598,28
122598,1
122598,2
122598,118
122598,7
122598,58
122638,2
122638,1
122638,4278
122638,4279
122638,13
122688,1
122688,7
122728,1
122728,2
122728,7
122751,1
122751,94
122751,7
122751,4283
122751,4284
122755,3
122755,6
122755,13
122755,49
122756,23
122756,1
122756,2105
122769,2
122769,17
122769,1
122794,23
122794,6
122794,1
122794,3
122794,2
122807,1
122807,17
122817,7
122817,48
122817,49
122817,17
122821,1
122821,2
122821,7
122825,7
122825,1
122828,1
122828,7
122855,1
122855,6
122855,58
122863,54
122863,1
122863,15
122863,48
122863,67
122886,1
122886,28
122886,2
122890,1
122890,15
122890,114
122898,16
122898,2
122898,1
122928,17
122928,15
122928,2
122928,7
122928,295
122928,140
122928,80
122941,1
122941,15
122968,4291
122968,7
122968,1107
122968,1
122968,4292
123005,23
123005,1
123005,4294
123013,7
123013,1
123013,2
123041,23
123041,1
123041,7
123061,1
123061,15
123061,2
123061,13
123093,2
123093,1
123102,1
123102,2
123102,7
123102,62
123102,37
123104,1
123104,2
123104,15
123130,7
123130,1
123130,26
123130,2
123130,25
123137,6
123137,1
123149,6
123149,90
123149,1
123149,94
123149,170
123149,36
123150,26
123150,1
123150,2
123177,7
123177,1
123177,346
123177,2
123177,41
123187,1
123187,7
123187,4296
123191,2
123191,6
123191,1
123191,36
123192,7
123192,1
123235,13
123235,7
123235,1
123267,7
123267,1
123267,31
123281,1
123281,40
123281,2
123281,112
123313,1
123313,2
123313,15
123313,50
123313,13
123333,665
123333,2
123333,1
123333,7
123338,2
123338,6
123338,230
123338,500
123338,1
123358,1
123358,2
123358,7
123442,1
123442,7
123442,15
123442,140
123442,18
123452,23
123452,1
123534,1
123534,7
123534,25
123534,2
123544,6
123544,1
123544,36
123588,28
123588,1
123632,1
123632,7
123632,15
123689,1
123689,55
123689,2
123692,2
123692,1
123692,7
123700,1
123700,2
123700,7
123737,1
123737,7
123737,112
123737,40
123765,1
123765,49
123765,2
123765,37
123788,1
123788,26
123823,1
123823,15
123823,49
123828,1
123828,25
123828,7
123832,1
123832,2
123832,55
123832,16
123837,1
123837,13
123837,2
123837,37
123846,49
123846,1
123865,1
123865,2
123866,2
123866,1
123885,55
123885,1
123885,7
123906,1
123906,2
123906,79
123950,6
123950,1
123964,1
123964,15
123964,7
124008,2
124008,1
124040,1
124040,15
124060,6
124060,1
124115,1
124115,15
124115,13
124115,49
124140,1
124140,15
124171,1
124171,7
124191,15
124191,1
124191,2
124233,1
124233,7
124246,35
124246,6
124246,1
124246,528
124332,1
124332,2
124353,2
124353,1
124363,26
124363,31
124363,7
124363,2
124363,1
124373,2
124373,1
124373,458
124373,277
124373,154
124373,245
124373,35
124373,222
124373,194
124373,314
124382,2
124382,7
124382,1
124392,23
124392,15
124392,1
124399,2
124399,1
124399,56
124400,1
124400,7
124400,35
124456,15
124456,1
124456,7
124456,1498
124456,308
124480,30
124480,1
124480,2
124480,52
124484,1
124484,23
124498,1
124499,1
124499,7
124499,2
124538,2
124538,1
124538,57
124538,18
124580,7
124580,1
124580,2
124580,37
124582,1
124582,2
124587,2
124587,1
124591,7
124591,1
124591,2
124611,1
124611,15
124648,17
124648,1
124648,2
124689,28
124689,1
124689,48
124689,112
124689,18
124692,7
124692,1
124692,88
124740,1
124740,2
124745,7
124745,1
124770,17
124770,2
124770,1
124771,3
124771,1
124771,2
124785,2
124785,26
124785,25
124785,1
124786,1
124786,49
124790,1
124790,36
124798,1
124798,7
124824,1
124824,2
124854,15
124854,2
124854,1
124880,13
124880,24
124880,3
124880,45
124916,6
124916,1
124918,1
124918,7
124918,2
125006,1
125019,13
125019,146
125019,18
125019,2
125042,7
125042,2
125042,1
125054,49
125054,1
125054,15
125072,1
125072,2
125072,26
125112,6
125112,116
125174,15
125174,2
125174,1
125177,1
125177,2
125191,1
125191,2
125194,2
125194,1
125206,15
125206,1
125206,2
125238,1
125238,2
125331,7
125331,1
125368,1
125368,54
125368,1586
125368,7
125409,7
125409,1
125424,15
125424,1
125424,40
125455,2
125455,17
125455,1
125455,13
125466,7
125466,1
125466,23
125490,2
125490,1
125490,7
125523,1
125523,2
125572,18
125572,1
125572,2
125577,7
125577,1
125577,15
125577,48
125583,1
125583,15
125583,2
125588,23
125588,49
125588,15
125604,6
125604,1
125604,2
125620,2
125620,1
125620,339
125623,1
125623,2
125623,7
125642,1
125642,7
125643,9
125643,1
125654,2
125654,1
125674,6
125674,1
125674,127
125674,103
125674,2
125678,2
125678,1
125678,7
125744,7
125744,1
125744,2
125784,23
125784,1
125794,6
125794,1
125794,35
125850,35
125850,7
125850,1
125850,188
125850,163
125850,140
125850,37
125850,18
125915,2
125915,7
125915,1
125924,17
125924,2
125924,1
125932,2
125932,1
125932,55
125951,2
125951,1
125951,26
125974,1
125974,48
125974,15
125977,1
125977,15
125977,31
125977,55
125991,2
125991,15
125991,67
125991,1
125991,3
126013,1
126013,2
126053,1
126053,46
126053,26
126062,1
126062,7
126062,2
126077,13
126077,2
126107,6
126107,2
126107,1
126107,36
126130,6
126130,1
126135,3
126135,2
126135,1
126140,1
126140,7
126162,11
126162,34
126162,176
126162,13
126162,1
126182,1
126182,58
126204,1
126204,2
126225,23
126225,1
126251,7
126251,1
126251,2
126266,2
126266,1
126294,90
126294,1
126294,2
126294,54
126294,48
126294,2130
126294,111
126352,23
126352,1316
126352,203
126352,1
126352,54
126353,15
126353,1
126353,2
126362,6
126362,185
126362,1
126362,36
126381,2
126381,15
126381,1
126387,49
126387,1
126387,15
126424,7
126424,1
126424,2
126469,7
126469,2
126469,107
126469,1
126479,3
126479,2
126479,60
126479,124
126529,1
126529,2
126529,412
126532,2
126532,1
126542,7
126542,2
126542,1
126542,337
126542,619
126558,6
126558,13
126558,1
126558,1410
126558,401
126576,7
126576,1
126576,64
126591,1
126591,2
126591,15
126625,7
126625,1
126625,67
126625,54
126625,41
126637,1
126637,49
126637,111
126637,3
126637,20
126652,37
126652,291
126652,1
126652,2
126652,15
126653,1
126653,23
126697,7
126697,1
126697,2
126726,59
126726,18
126726,40
126726,1
126726,2
126728,2
126728,86
126728,18
126735,1
126735,7
126739,1
126739,13
126739,275
126739,2
126739,140
126739,37
126745,1
126745,64
126745,7
126765,17
126765,1
126765,6
126779,1
126779,58
126798,1
126798,30
126868,1
126868,15
126937,1
126937,128
126937,358
126937,603
126937,2
126937,7
126937,25
126937,41
126937,67
126937,9
126937,118
126937,50
126937,191
126937,251
126937,1986
126937,12
126937,43
126937,542
126937,4345
126937,296
126937,1210
126982,58
126982,1
126992,2
126992,3
126992,108
126992,9
126992,1
127005,47
127005,6
127005,2
127005,36
127009,1
127009,2
127009,136
127034,1
127034,7
127044,2
127044,282
127044,1
127064,23
127064,1
127081,2
127081,373
127081,169
127081,1
127082,1
127082,2
127082,7
127082,41
127216,1
127216,2
127216,15
127216,37
127232,2
127232,1
127232,30
127255,1
127255,7
127255,2
127270,23
127270,54
127270,1
127270,71
127304,17
127304,1
127304,35
127304,13
127323,34
127323,24
127323,49
127331,1
127331,6
127331,48
127331,15
127348,14
127348,2
127348,1
127352,2
127352,1
127379,59
127379,1
127379,7
127386,1
127386,49
127398,6
127398,1
127421,1
127421,2
127421,52
127421,26
127421,125
127439,17
127439,7
127439,15
127439,48
127439,1
127475,15
127475,48
127475,1
127486,1
127486,7
127486,140
127486,125
127486,40
127492,1
127492,2
127498,15
127498,2
127498,1
127540,1
127540,2
127551,6
127551,1
127552,15
127552,2
127552,1
127552,7
127552,478
127561,2
127561,1
127585,2
127585,1
127600,55
127600,525
127600,54
127600,2
127600,1
127653,1
127653,2
127653,7
127653,108
127653,86
127687,1
127687,2
127714,112
127714,1
127714,2
127735,60
127735,1
127735,2
127740,2
127740,13
127740,45
127740,34
127776,6
127776,1
127783,2
127783,1
127783,7
127783,86
127783,170
127791,134
127791,1
127791,7
127797,7
127797,1
127819,23
127819,1
127819,348
127819,128
127825,1
127825,2
127828,125
127828,1
127828,2
127828,7
127830,18
127830,123
127830,176
127830,13
127830,1
127834,1
127834,6
127849,2
127849,1
127885,58
127885,7
127885,1
127906,2
127906,1
127906,18
127906,40
127926,2
127926,50
127926,1
127926,226
127942,13
127942,1
127942,54
127942,2
127947,7
127947,2
127956,1
127956,2
127961,7
127961,1
127961,2
127996,1
127996,64
127996,25
127996,7
127996,58
127997,1
127997,55
127997,64
127997,2
127997,7
128012,7
128012,1
128031,1
128031,131
128031,108
128103,2
128103,7
128103,13
128125,7
128125,1
128125,54
128127,1
128127,2
128237,2
128237,7
128239,2
128239,17
128239,1
128241,1
128241,25
128241,2
128241,7
128241,41
128241,40
128241,140
128315,134
128315,7
128315,1
128317,127
128317,2135
128317,2
128317,1
128317,37
128317,55
128343,2
128343,41
128343,1
128349,1
128349,49
128393,13
128393,2
128393,15
128399,1
128399,2
128399,15
128430,1
128430,2
128430,4370
128446,79
128446,1
128446,63
128567,45
128567,3
128567,34
128577,15
128577,1
128577,2
128577,7
128577,339
128577,37
128580,119
128580,1
128580,7
128606,1
128606,2
128606,37
128608,49
128608,2
128608,1
128634,6
128634,35
128634,1
128634,71
128640,28
128640,2
128640,1
128657,1
128657,58
128660,1
128660,2
128660,112
128673,15
128673,1
128673,49
128688,7
128688,1
128695,1
128695,2
128695,7
128695,15
128695,151
128695,378
128695,276
128695,137
128738,1
128792,30
128792,1
128792,2
128798,2
128798,15
128798,1
128803,152
128803,1
128803,2
128822,1
128822,2
128822,13
128844,1
128844,15
128862,1
128862,2
128862,49
128910,2
128910,23
128910,1
128944,1
128944,13
128944,2
128962,1
128962,2
128989,1
128989,2
128989,23
128996,1
128996,7
128996,15
128996,204
129043,1
129043,2
129076,1
129076,35
129076,7
129081,2
129081,13
129081,1
129081,4378
129081,269
129081,109
129081,36
129088,2
129088,1
129118,6
129118,1
129118,4379
129118,36
129128,2
129128,78
129128,1
129138,15
129138,49
129138,1
129184,15
129184,1
129184,2
129200,1
129200,23
129200,152
129249,1
129249,7
129249,2
129249,37
129254,6
129254,49
129254,15
129254,36
129255,7
129255,1
129256,2
129256,49
129256,15
129256,1
129256,37
129269,1
129269,15
129269,282
129274,7
129274,2
129274,1
129296,7
129296,1
129312,1
129312,2
129335,1
129335,2
129335,136
129335,107
129338,2
129338,88
129338,1
129338,67
129338,64
129352,6
129352,2
129352,1
129352,378
129359,1
129359,7
129360,1
129360,7
129360,35
129367,2
129367,161
129367,237
129367,1
129412,6
129412,1
129412,2
129417,1
129417,7
129417,1449
129417,41
129417,54
129445,6
129445,1
129445,35
129445,7
129445,2
129517,1
129517,2
129548,2
129548,1
129594,23
129594,13
129594,49
129594,35
129594,2
129608,23
129608,81
129608,1
129608,118
129630,6
129630,1
129640,1
129652,6
129652,49
129652,332
129654,1
129654,7
129654,118
129657,47
129657,1
129657,26
129657,2
129732,23
129732,13
129732,2
129732,7
129741,13
129741,64
129741,1
129777,54
129777,71
129777,1
129807,6
129807,1
129875,1
129875,58
129875,18
129876,1
129876,2
129882,2
129882,23
129882,13
129882,40
129888,1
129888,2
129888,7
129906,23
129906,49
129906,15
129931,291
129931,86
129931,1
129931,23
129931,602
129946,1
129946,63
129946,2
129960,14
129960,15
129960,1
129960,24
130006,6
130006,2
130010,1
130017,665
130017,491
130017,1
130017,23
130017,29
130047,1
130047,15
130055,1
130055,2
130097,1
130097,7
130109,138
130109,1
130125,2
130125,1
130125,60
130132,2
130132,1
130136,1
130136,2
130136,35
130136,3
130136,20
130137,1
130137,2
130154,1
130154,7
130154,2
130154,26
130177,1
130177,2
130177,7
130202,2
130202,7
130202,1
130220,2
130220,1
130220,4394
130220,4395
130220,1151
130222,1
130238,7
130238,1
130251,1
130251,7
130251,26
130254,1
130254,6
130254,2
130270,2
130270,1
130270,156
130305,49
130305,6
130305,36
130313,7
130313,1
130313,152
130353,6
130353,1
130354,1
130354,41
130354,2
130354,54
130354,7
130363,1
130387,17
130387,2
130387,15
130457,1
130457,7
130462,190
130462,2
130462,1
130462,55
130467,1
130467,7
130467,54
130468,102
130468,2
130468,1
130542,14
130542,3
130542,1
130569,1
130569,2
130569,23
130597,342
130597,18
130658,7
130658,26
130658,1
130754,1
130754,2
130781,1
130781,15
130781,49
130821,1
130821,15
130821,49
130821,13
130821,2
130830,30
130830,13
130830,64
130830,2
130830,1
130847,23
130847,1
130847,2
130854,23
130854,2
130854,1
130863,1
130863,2
130871,1
130871,15
130871,7
130897,1
130897,7
130897,2
130914,2
130914,1
130914,7
130920,2
130920,1
130920,7
130946,2
130946,170
130946,1
130959,1
130959,7
130967,1
130967,7
130967,2
130967,32
130976,6
130976,1
130976,86
130976,13
131015,23
131015,49
131015,15
131028,15
131028,2
131028,1
131036,1
131036,7
131036,152
131036,2
131061,1
131061,32
131061,2
131071,2
131071,64
131071,1
131087,1
131087,7
131087,63
131094,6
131094,1
131094,35
131175,15
131175,49
131175,13
131185,1
131185,37
131208,1
131209,1
131209,7
131221,1
131221,13
131221,2
131221,54
131247,7
131247,2
131247,56
131247,62
131247,15
131247,113
131247,109
131256,13
131256,2
131256,1
131262,60
131262,1
131262,2
131264,2
131264,1
131264,50
131264,63
131264,38
131299,15
131299,1
131305,25
131305,7
131305,2
131305,1
131310,13
131310,1
131310,2
131348,1
131348,7
131405,2
131405,7
131405,1
131405,13
131405,162
131409,1
131409,2
131470,1
131497,36
131497,1
131497,6
131508,1
131508,2
131521,25
131521,1
131537,55
131537,7
131537,1
131549,142
131549,15
131549,1
131549,49
131573,2
131573,1
131573,263
131573,193
131573,7
131573,64
131573,9
131581,6
131581,1
131584,1
131584,7
131586,1
131586,7
131586,2
131609,2
131609,1
131609,7
131609,346
131632,2
131632,1
131632,13
131632,157
131632,110
131633,1
131633,7
131645,47
131645,24
131645,18
131645,2
131745,49
131745,23
131745,15
131770,1
131770,7
131770,25
131770,28
131826,1
131826,58
131849,28
131849,1
131849,7
131871,1
131871,2
131913,7
131913,90
131913,1
131913,41
131913,2
131966,71
131966,24
131966,2
131966,18
131966,241
131979,2
131979,15
131979,1
131988,1
131988,15
131988,2
131988,37
132003,1
132003,2
132009,1
132009,7
132051,6
132051,1
132051,2147
132102,15
132102,1
132102,2
132102,422
132102,339
132111,41
132111,1
132113,1
132113,35
132113,2
132113,7
132124,28
132124,1
132124,7
132124,90
132124,54
132129,1
132129,2
132129,37
132158,1
132185,1
132185,30
132185,2
132187,24
132187,2
132187,50
132187,38
132187,1
132187,61
132187,18
132252,1
132252,2
132252,15
132278,28
132278,54
132278,1
132278,558
132278,7
132299,1
132299,7
132327,1
132327,49
132327,13
132350,7
132350,1
132350,26
132390,1
132418,18
132418,1
132418,28
132432,1
132432,58
132443,1388
132443,1123
132443,1
132443,2
132443,7
132443,128
132456,23
132456,2
132456,1
132465,1
132465,2
132465,13
132465,16
132493,1
132493,2
132505,1
132505,7
132505,37
132517,7
132517,50
132517,1
132572,1
132572,2
132572,189
132574,1
132574,64
132574,2
132574,54
132575,49
132575,15
132575,1
132610,1
132610,7
132617,42
132617,23
132617,1
132673,694
132673,131
132673,993
132673,1
132673,2
132679,1
132679,2
132733,1
132733,15
132733,133
132776,6
132776,1
132776,2
132790,15
132790,1
132790,2
132798,1
132798,13
132798,2
132805,1
132805,6
132823,1
132823,7
132823,112
132853,41
132853,1
132853,2
132874,6
132874,3
132874,1380
132874,49
132874,245
132874,435
132874,170
132885,35
132885,1
132885,23
132886,1
132886,7
132886,127
132890,128
132890,113
132890,1
132890,2
132890,76
132891,1
132891,2
132891,13
132891,40
132891,37
132891,18
132906,1
132906,293
132906,58
132980,2
132980,1
132984,1
132984,78
132984,2
132984,4434
132984,23
133008,1
133008,7
133008,12
133011,6
133011,36
133011,2
133015,9
133015,13
133015,361
133015,2
133015,15
133026,1
133026,2
133026,40
133027,1
133027,41
133027,7
133060,1
133060,7
133060,2
133063,1
133063,6
133063,2
133063,125
133063,36
133063,116
133063,92
133120,2
133120,1
133157,23
133157,1
133157,7
133180,1
133180,2
133180,15
133206,6
133206,1
133206,2
133230,1
133230,49
133230,6
133230,13
133230,36
133273,34
133273,3
133273,13
133302,7
133302,1
133341,1
133341,64
133341,2
133359,2
133359,1
133402,1
133402,46
133402,15
133421,28
133421,1
133422,1
133422,7
133422,26
133424,1
133424,54
133424,2
133424,15
133424,48
133436,2
133436,1
133436,7
133437,1
133437,2
133450,1
133469,1
133469,23
133469,273
133481,1
133481,15
133481,48
133481,30
133508,2
133508,49
133508,15
133511,28
133511,1
133566,1
133597,1
133597,7
133597,113
133641,1
133641,7
133642,94
133642,6
133642,1
133642,4446
133658,1
133697,1
133697,7
133697,41
133697,2
133778,34
133778,1
133811,1
133811,15
133811,7
133821,23
133821,1
133821,116
133839,1
133839,2
133839,18
133839,13
133860,2
133860,3
133860,50
133860,1
133860,318
133873,41
133873,26
133873,2
133873,1
133887,15
133887,13
133887,1
133887,2
133887,7
133903,152
133903,1
133903,15
133911,1
133911,7
133911,23
133927,1
133927,2
133927,7
133927,37
133932,1
133932,2
133939,1
133939,7
133965,1
133965,2
133965,1288
133965,23
133973,15
133973,1
133973,7
133989,6
133989,1
133989,45
134006,2
134006,49
134006,1
134036,2
134036,7
134036,4449
134036,15
134036,476
134057,1
134057,7
134084,2
134084,1
134084,81
134084,26
134098,15
134098,2
134098,1
134105,2
134105,7
134105,1
134107,1
134107,7
134121,15
134121,1
134121,2
134128,1
134128,15
134128,7
134129,15
134129,7
134129,1
134149,1
134149,2
134152,14
134152,23
134152,1
134161,1
134161,15
134161,7
134167,28
134167,1
134185,2
134185,1
134198,2
134198,1
134210,23
134210,1
134214,7
134214,1
134215,1
134215,6
134215,53
134215,174
134215,4452
134215,367
134219,2
134219,1
134262,1
134272,6
134272,48
134272,1
134272,2
134278,1
134278,15
134278,9
134279,1160
134279,2
134279,1
134279,4454
134317,1
134317,2
134338,1
134338,23
134338,49
134338,2
134338,25
134343,15
134343,1
134343,2
134411,1
134411,7
134411,37
134435,1
134435,7
134469,1
134469,2
134528,1
134528,7
134559,13
134559,2
134559,7
134559,15
134596,1
134596,23
134597,58
134597,1
134606,1
134606,2
134670,1
134670,7
134670,2
134670,18
134710,7
134710,1
134710,2
134710,37
134741,2
134741,1
134741,7
134741,13
134741,92
134741,146
134741,170
134741,277
134741,71
134772,1
134772,7
134783,7
134783,2
134791,1
134791,35
134791,25
134791,58
134794,7
134794,35
134794,1
134806,15
134806,1
134806,7
134896,2
134896,1
134896,37
134927,59
134927,7
134927,13
134927,197
134945,2
134945,1
134945,35
134957,2
134957,1
134957,106
134974,6
134974,92
134974,1
134974,306
134974,109
134980,193
134980,2
134980,1144
134980,1
134980,50
134998,1
134998,2
134998,13
135028,1
135028,2
135028,7
135044,260
135044,15
135044,1
135044,7
135050,2
135050,1
135050,7
135083,2
135083,1
135083,7
135083,13
135090,1
135090,2
135090,15
135090,41
135090,7
135090,140
135090,26
135090,188
135120,1
135120,6
135126,7
135126,1
135126,15
135144,7
135144,15
135144,1
135179,7
135179,1
135179,140
135190,1
135190,17
135190,7
135190,13
135193,1
135193,13
135200,1
135200,7
135200,26
135207,7
135207,2
135215,6
135215,1
135243,1
135243,7
135243,60
135271,7
135271,2
135282,23
135282,1
135301,17
135301,2
135301,118
135301,1
135301,80
135311,2
135311,1
135311,81
135311,4472
135328,15
135328,1
135328,7
135336,1
135336,7
135336,237
135336,4473
135341,1
135396,17
135396,1
135396,2
135446,1
135446,2
135449,1
135449,2
135449,35
135482,15
135482,6
135482,1
135482,2
135529,79
135529,1
135529,63
135529,58
135548,1
135549,1
135560,1
135560,2
135560,304
135560,111
135568,1
135568,2
135568,7
135574,17
135574,1
135595,2
135595,1
135608,17
135608,13
135608,2
135608,1
135651,13
135651,6
135651,49
135695,1
135695,7
135695,41
135695,1796
135700,23
135700,1
135720,1
135720,2
135730,1
135730,58
135732,1
135732,49
135732,15
135732,2
135735,1
135735,15
135735,2
135791,1
135791,7
135791,15
135806,13
135806,1
135806,2
135844,1
135844,6
135844,15
135894,1
135894,49
135894,113
135905,1
135905,7
135905,251
135905,28
135905,58
135922,1
135922,2
135933,30
135933,15
135933,1
135948,7
135948,1
136002,1
136002,37
136002,2
136036,55
136036,7
136036,1
136045,6
136045,36
136045,40
136045,1
136060,1
136060,7
136060,25
136081,1
136081,26
136081,2
136091,7
136091,463
136091,1
136091,169
136091,702
136091,26
136091,6
136091,35
136091,378
136091,64
136091,36
136117,1
136117,15
136117,37
136120,6
136120,1
136120,13
136137,1
136137,7
136137,2
136137,48
136150,153
136150,6
136150,81
136150,1
136164,1
136164,49
136166,1
136166,7
136198,1
136198,7
136198,64
136211,1
136211,2
136265,1409
136265,1
136265,54
136265,71
136265,55
136265,7
136265,26
136274,1
136274,15
136358,6
136358,1
136370,1
136370,15
136371,1
136371,2
136371,7
136379,26
136379,2
136379,1
136394,58
136395,1
136395,49
136395,2
136399,15
136399,1
136399,48
136425,6
136425,3
136425,293
136425,924
136425,1
136431,1
136431,2
136431,13
136431,15
136452,1
136452,7
136452,28
136492,28
136492,1
136492,7
136510,1
136518,1
136518,15
136559,1
136571,1
136571,7
136571,35
136579,2
136579,1
136579,131
136584,7
136584,1
136584,2
136586,62
136586,35
136586,118
136586,2
136586,214
136586,71
136586,1
136586,325
136676,18
136676,1
136676,60
136676,2
136676,189
136711,1
136711,2
136711,63
136727,2
136727,1
136727,49
136768,1
136768,15
136768,13
136768,2
136825,1
136825,7
136825,41
136880,1
136880,2
136880,9
136964,1
136964,2
136964,7
136966,7
136966,1
136966,175
136994,49
136994,7
136994,6
136994,596
137041,1
137041,7
137045,1
137045,2
137045,13
137047,78
137047,7
137047,1
137108,6
137108,170
137108,1
137157,1
137157,48
137157,6
137157,1256
137157,92
137157,1115
137170,1
137170,2
137170,64
137170,94
137173,6
137173,1
137173,128
137173,36
137237,1
137237,2
137237,7
137264,2
137264,1
137281,2
137281,1
137281,60
137281,23
137281,154
137315,1
137315,2
137317,2
137317,1
137317,7
137317,24
137365,2
137365,1
137395,5
137395,8
137395,27
137395,45
137395,1
137430,2
137430,15
137430,1
137430,49
137430,37
137468,1
137468,6
137468,90
137522,1
137565,23
137565,1
137603,1
137603,15
137603,49
137611,1
137611,2
137611,134
137614,2
137614,1
137618,1
137618,2
137618,6
137618,25
137618,50
137632,1
137632,7
137667,1
137667,2
137797,1
137857,1
137863,1
137863,15
137863,64
137864,2
137864,1
137868,6
137868,1
137868,115
137868,2
137868,36
137882,2
137882,1
137882,13
137882,50
137884,2
137884,7
137885,2
137885,1
137885,15
137887,1
137887,2
137930,3
137930,2
137930,1
137938,1
137938,2
137938,15
137979,1
137979,7
137979,20
137979,140
138012,1
138012,7
138012,2
138015,1
138015,28
138051,34
138051,305
138051,13
138051,3
138053,864
138053,1
138053,1769
138053,2
138061,23
138061,1
138061,54
138069,1
138069,49
138132,1
138132,2
138159,7
138159,1
138159,2
138167,1
138167,2
138169,15
138169,1
138169,40
138169,37
138185,7
138185,2
138185,480
138185,4520
138185,154
138185,37
138226,1
138226,15
138226,7
138231,6
138231,1
138231,282
138258,2
138258,17
138258,1
138271,7
138271,55
138271,1
138308,1
138308,15
138308,2
138310,15
138310,17
138310,1
138316,2
138316,47
138316,7
138317,1
138317,2
138317,7
138338,59
138338,1
138369,2
138369,49
138369,23
138369,15
138406,1
138420,1
138420,2
138420,7
138429,119
138429,1
138429,2
138429,28
138429,25
138433,7
138433,1
138439,15
138439,1
138439,2
138505,1
138505,2
138510,1
138510,7
138513,47
138513,26
138513,1
138513,2
138523,1
138523,7
138589,1
138628,1
138628,13
138628,2
138631,1
138638,2
138638,7
138638,37
138649,2
138649,13
138711,1
138711,111
138711,2
138711,6
138760,1
138760,2
138765,2
138765,15
138765,1
138765,49
138784,1
138784,7
138799,1
138799,263
138799,58
138852,28
138852,1
138852,43
138852,58
138903,1
138903,2
138903,47
138911,1
138911,7
138928,1
138928,2
138928,28
138944,1
138944,7
138963,2
138963,1
138963,25
138963,17
138963,80
138982,1
138982,55
139017,3
139017,2
139017,1
139062,7
139062,1
139142,17
139142,1
139142,13
139201,6
139201,1
139201,2
139239,2
139239,1
139255,1
139255,2
139260,1
139260,2
139260,35
139288,67
139288,1
139288,2
139294,1
139294,7
139298,57
139298,1
139298,2
139304,46
139304,1
139304,13
139304,7
139304,319
139381,7
139381,1
139403,2
139403,1
139403,507
139403,729
139403,48
139423,505
139423,204
139423,235
139423,1
139454,1
139454,7
139454,26
139465,90
139465,6
139465,1
139489,1
139489,7
139510,2
139510,7
139510,1
139517,7
139517,1
139517,2
139520,1
139520,7
139520,2
139520,25
139520,28
139520,58
139563,49
139563,13
139563,1
139563,64
139586,7
139586,2
139586,1
139676,1
139676,23
139776,1
139776,2
139776,376
139776,6
139776,49
139786,7
139786,1
139806,2
139806,1
139806,7
139807,1
139807,2
139807,7
139822,2
139822,1
139890,7
139890,1
139895,59
139895,1
139895,2
139960,7
139960,2
139960,1
140012,1
140012,2
140015,2
140015,7
140015,1
140015,15
140050,2
140050,127
140050,1
140058,7
140058,1
140058,26
140082,7
140082,1
140151,1
140151,15
140151,2
140164,2
140164,1
140164,13
140168,7
140168,1
140181,1
140181,6
140181,36
140226,1
140226,346
140226,7
140226,558
140226,28
140243,24
140243,13
140243,2
140243,16
140255,62
140255,288
140255,683
140255,4545
140255,1
140255,2
140255,7
140257,1
140258,1
140258,2
140259,13
140259,246
140259,3
140259,2
140267,33
140267,3
140267,2
140267,1
140267,20
140267,37
140267,61
140267,109
140276,45
140276,14
140276,3
140276,23
140303,2
140303,1
140349,23
140349,1
140349,35
140370,1
140370,7
140370,28
140395,1
140395,15
140395,40
140395,37
140412,2
140412,1
140412,7
140428,7
140428,1
140428,13
140444,2
140444,1
140447,2
140447,1
140462,6
140462,1
140468,1
140468,7
140468,26
140487,1
140487,2
140487,40
140552,6
140552,1
140552,36
140565,1
140565,7
140565,15
140565,345
140565,462
140573,1
140573,7
140573,58
140588,35
140588,2
140588,23
140616,24
140616,9
140616,1
140616,2
140616,67
140620,1
140620,2
140620,13
140641,30
140641,1
140641,2
140648,23
140648,1
140648,49
140648,973
140648,675
140676,1
140676,7
140700,1
140700,58
140709,1
140709,49
140709,15
140709,439
140730,1
140730,2
140730,40
140748,1
140761,1
140761,15
140761,23
140786,2
140786,1
140786,145
140786,277
140786,245
140786,48
140791,13
140791,2
140791,1
140807,1
140807,15
140823,13
140823,2
140823,30
140823,15
140823,1
140866,2
140866,15
140866,13
140866,49
140866,54
140891,1
140891,7
140891,2
140916,2
140916,1
140965,1
140965,7
140965,64
140976,78
140976,1
141005,2
141005,7
141005,30
141005,37
141006,1
141006,7
141037,23
141037,1
141037,71
141046,1
141046,2
141046,15
141046,7
141104,1
141104,2
141104,41
141107,2
141107,125
141107,64
141107,1
141107,94
141124,1
141124,2
141124,13
141186,17
141186,7
141186,1
141193,1
141193,7
141193,54
141196,1
141196,2
141196,7
141196,110
141247,18
141247,1
141247,40
141281,28
141281,1
141281,58
141287,1
141287,2
141300,1
141300,15
141300,2
141311,43
141311,12
141311,1
141311,2
141336,34
141336,13
141336,49
141356,1
141356,7
141357,1
141473,1
141473,7
141473,37
141476,1
141476,6
141482,2
141482,108
141482,104
141510,2
141510,1
141571,1
141571,6
141578,16
141578,2
141578,1
141578,7
141578,48
141586,2
141586,7
141589,149
141589,123
141589,18
141589,24
141589,13
141600,2
141600,1
141600,49
141622,47
141622,2
141622,13
141622,1
141644,15
141644,1
141644,2
141644,86
141644,7
141664,1
141664,2
141664,37
141686,2
141686,1
141695,1
141695,17
141695,7
141710,1
141710,7
141710,2
141729,1
141729,28
141729,7
141736,1
141736,35
141736,2
141742,2
141742,7
141742,1
141791,2
141791,1
141812,1
141834,6
141834,1
141865,41
141865,1
141865,2
141867,2
141867,1
141867,63
141881,1
141881,26
141881,7
141881,2
141881,60
141883,58
141883,1
141883,237
141883,493
141883,1426
141883,2
141883,982
141883,842
141883,67
141883,35
141883,13
141893,1
141893,7
141893,2
141961,1
141961,7
141961,25
141991,1
141991,2
142046,90
142046,1
142046,2
142046,54
142046,2130
142064,1
142064,2
142088,1
142088,2
142097,1
142097,2
142099,128
142099,1
142099,6
142099,13
142099,146
142103,7
142103,1
142131,15
142131,1
142131,49
142181,6
142184,119
142184,107
142184,1
142184,54
142184,2
142203,15
142203,48
142203,13
142203,2
142203,1
142294,2
142294,501
142294,1
142301,2
142301,1
142301,7
142349,2
142349,7
142364,1
142364,2
142364,60
142394,2
142394,235
142394,15
142394,49
142394,40
142394,80
142419,1
142419,2
142419,26
142429,6
142429,1
142429,49
142465,1
142479,1
142479,2
142555,1
142555,23
142555,7
142566,1
142566,2
142606,2
142606,1
142606,15
142609,43
142609,9
142609,2
142609,1
142654,49
142654,13
142654,2
142654,389
142654,146
142654,36
142669,28
142669,1
142669,26
142677,1
142677,15
142677,13
142677,213
142693,2
142693,13
142693,7
142695,7
142738,1
142738,49
142738,37
142744,3
142744,20
142744,45
142744,109
142744,23
142744,5
142744,94
142777,1
142777,26
142777,2
142777,193
142777,439
142779,1
142779,2
142779,15
142794,1
142794,2
142794,7
142794,934
142794,154
142799,1
142799,7
142814,9
142814,15
142814,1
142814,4590
142832,15
142832,1
142832,13
142832,2
142874,1
142874,7
142876,1
142876,35
142876,2
142884,1
142884,7
142919,2
142919,71
142919,1
142921,17
142921,1
142921,2
142940,2
142944,1
142944,7
142944,15
142953,1
142953,15
142972,2
142972,1
142972,362
142994,1
142994,6
143029,2
143029,1
143029,76
143058,31
143058,1
143058,2
143063,1
143063,48
143063,2
143113,6
143113,49
143113,2
143149,1
143149,2
143149,15
143162,2
143162,1
143162,7
143171,1
143171,79
143180,1
143180,7
143199,33
143199,123
143199,109
143199,2
143199,1
143199,18
143199,61
143220,32
143220,2
143235,7
143235,1
143235,313
143243,7
143243,1
143243,15
143257,1
143257,7
143257,25
143262,6
143262,1
143278,1
143278,2
143282,1
143282,2
143284,1
143284,13
143284,304
143293,1
143326,7
143326,2
143326,26
143355,6
143355,1
143435,7
143435,58
143435,1
143462,1
143462,7
143462,26
143462,127
143463,2
143463,1
143500,1
143500,15
143500,7
143597,2
143597,1
143597,13
143617,1
143617,54
143617,81
143617,2
143621,17
143621,1
143621,15
143628,7
143628,1
143628,131
143628,26
143631,58
143631,1
143647,1
143647,31
143647,7
143647,956
143667,49
143667,15
143667,1
143676,1
143676,2
143722,1
143722,58
143741,2
143741,1
143741,7
143741,41
143742,41
143742,1
143742,17
143742,2
143742,35
143758,1
143758,2
143793,1
143793,47
143793,57
143803,1
143803,2
143803,140
143806,1
143806,49
143806,15
143806,36
143806,13
143809,1
143809,15
143816,1
143816,7
143816,2
143816,116
143816,54
143834,1
143834,7
143855,1
143855,7
143855,78
143892,1
143892,7
143892,15
143907,1
143907,2
143907,25
143960,1
143960,7
143960,25
143970,2
143970,1
143970,45
143979,46
143979,1
143979,13
143996,1
143996,13
144080,2
144080,3
144080,9
144080,1
144081,1
144087,2
144087,1
144100,1
144100,30
144100,2
144134,1
144134,6
144134,2
144144,1
144144,15
144144,35
144144,2
144196,6
144196,1
144196,15
144243,23
144243,1
144243,2
144253,1
144253,13
144258,2
144258,1
144264,1
144264,13
144264,23
144273,6
144273,1
144273,36
144291,7
144291,1
144291,2
144291,346
144291,35
144302,7
144302,1
144302,2
144327,2
144327,1
144332,1
144332,7
144332,15
144350,1
144350,15
144350,7
144366,6
144366,4621
144366,7
144366,138
144366,291
144366,1131
144366,170
144366,257
144366,36
144366,37
144366,58
144368,2
144368,1
144368,23
144368,25
144377,1
144377,23
144377,71
144377,78
144377,163
144404,1
144404,2
144415,2
144415,15
144415,1
144474,1
144474,6
144474,176
144485,2
144485,48
144485,1
144505,152
144505,1
144505,7
144549,1
144549,15
144549,64
144549,2
144549,276
144552,57
144552,24
144552,1
144566,15
144566,2
144566,1
144566,37
144573,1
144573,60
144573,162
144588,34
144588,13
144588,15
144588,56
144588,2
144588,253
144609,1
144609,2
144609,7
144617,1
144617,2
144641,1
144641,35
144641,9
144693,1
144693,54
144693,2
144713,1
144713,63
144713,7
144713,2
144731,1
144731,15
144731,7
144733,17
144733,2
144733,1
144734,1
144734,2
144748,1
144748,204
144768,1
144768,2091
144768,2
144774,2
144774,246
144774,227
144774,13
144781,1
144781,2
144781,7
144786,1
144786,111
144786,530
144786,191
144786,6
144786,30
144786,58
144786,1164
144786,88
144787,6
144787,1
144820,6
144820,1
144820,2
144820,152
144829,1
144829,15
144829,2
144829,37
144842,24
144842,176
144842,18
144842,48
144842,45
144842,40
144842,34
144878,6
144878,49
144878,13
144892,1
144892,7
144892,2
144899,1
144899,2
144936,7
144936,1
144936,2
144950,37
144950,49
144950,1
144950,15
144973,1
144973,7
144973,2
144973,37
144995,36
144995,2
144995,6
144995,3
145004,1
145004,2
145045,3
145045,7
145045,25
145045,1
145053,2
145053,13
145053,36
145056,1
145064,35
145064,1
145064,24
145064,15
145090,7
145090,1
145090,16
145123,1
145123,23
145188,2
145188,1
145211,6
145211,58
145211,1
145213,49
145213,1
145213,13
145222,6
145222,2
145222,1
145222,176
145222,115
145227,2
145227,1
145227,3
145227,9
145227,13
145227,11
145227,7
145227,30
145227,203
145227,111
145235,1
145235,2
145235,25
145235,23
145242,1
145242,2
145242,7
145303,47
145303,6
145303,1
145336,1
145336,2
145358,2
145358,1
145369,2
145369,1
145369,480
145391,55
145391,1
145391,7
145397,13
145397,1
145468,1
145468,7
145481,2
145481,1
145488,7
145488,1
145488,26
145505,1
145505,2
145505,213
145514,48
145514,1
145514,7
145514,15
145535,7
145535,2
145535,1
145540,1
145540,2
145548,15
145548,1
145548,2
145548,13
145605,1
145605,153
145605,36
145683,1
145683,2
145683,34
145706,15
145706,1
145706,26
145706,17
145706,2
145715,1
145715,7
145715,15
145715,49
145715,6
145715,111
145792,1
145792,2
145792,7
145804,1
145804,25
145804,7
145806,1
145806,28
145806,7
145826,7
145826,1
145858,1
145858,7
145881,59
145881,1
145881,2
145891,1
145891,15
145891,17
145891,112
145901,1
145901,49
145901,23
145912,31
145912,7
145912,2
145913,37
145913,1
145913,2
145949,16
145949,3
145949,2
146006,1
146006,35
146006,7
146071,3
146071,2
146071,1
146071,54
146084,2
146084,1
146084,24
146096,1
146096,2
146096,3
146096,34
146118,6
146118,116
146118,176
146118,142
146118,1
146120,7
146120,1
146120,17
146142,2
146142,1
146146,3
146146,42
146146,23
146146,85
146146,45
146146,250
146151,1
146151,2
146151,64
146195,1
146195,7
146301,1
146301,7
146301,2
146303,1
146303,7
146303,2
146335,28
146335,1
146335,7
146343,226
146343,1
146343,23
146355,14
146355,30
146355,3
146355,1
146355,7
146363,28
146363,1
146377,1
146377,2
146406,127
146406,49
146406,6
146406,36
146420,1
146420,28
146420,7
146429,1
146429,7
146432,1
146457,1
146457,7
146491,28
146491,7
146491,1
146498,28
146498,1
146498,7
146498,25
146498,54
146544,1
146544,15
146544,2
146549,2
146549,7
146549,1
146567,80
146567,15
146567,2
146577,28
146577,169
146577,4661
146577,4662
146578,1
146578,2
146578,37
146591,1
146591,7
146632,2
146632,1
146632,237
146632,54
146632,40
146632,35
146661,2
146661,1
146661,7
146661,13
146661,35
146661,40
146703,1
146703,28
146703,7
146726,1
146726,7
146780,2
146780,1
146780,163
146780,80
146780,40
146794,1
146794,7
146794,2
146875,1
146875,13
146875,7
146875,23
146905,1
146905,2
146905,7
146919,7
146919,2
146919,1
146919,108
146944,1
146944,15
146944,13
146949,28
146949,1
147003,4667
147003,7
147003,41
147003,36
147003,1
147023,1
147023,7
147037,1
147037,58
147051,7
147051,1
147051,2
147070,1
147070,125
147095,7
147095,1
147125,1
147125,54
147125,2
147167,2
147167,1
147167,422
147167,282
147168,1
147168,2
147186,1
147186,6
147203,2
147203,1
147207,35
147207,71
147207,1
147211,1
147218,1
147218,7
147255,15
147255,2
147255,13
147261,2
147261,7
147261,1
147268,2
147268,223
147268,1
147280,44
147280,1
147280,6
147295,6
147295,1
147295,15
147317,6
147317,1
147322,2
147322,1
147348,1
147348,2
147358,1
147358,7
147358,23
147369,1
147369,2
147406,1
147406,7
147415,1
147415,2
147415,26
147474,1
147474,109
147474,15
147474,827
147475,62
147475,1
147475,2
147519,3
147519,29
147519,45
147537,15
147537,1
147537,49
147537,36
147575,59
147575,18
147575,56
147575,2
147575,1
147587,13
147587,1
147587,15
147591,16
147591,3
147591,255
147591,48
147591,2
147639,171
147639,23
147639,1
147639,2
147639,86
147724,7
147724,17
147724,1
147725,2
147725,7
147725,13
147735,1
147735,6
147735,28
147737,1
147737,2
147737,37
147749,17
147749,1
147749,2
147749,41
147764,49
147764,2
147764,13
147764,17
147764,1
147764,80
147801,28
147801,1
147814,1
147814,7
147893,1
147893,23
147893,7
147893,13
147893,88
147948,2
147948,152
147948,41
147948,1
147948,79
147973,1
147973,9
147973,2
147973,7
147975,49
147975,15
147982,1
147982,2
147987,1
147987,2
147987,15
148008,28
148008,1
148008,2
148013,14
148013,3
148013,9
148013,24
148013,1
148025,58
148025,1
148029,2
148029,1
148035,135
148035,32
148035,1
148036,15
148036,1
148036,48
148048,1
148048,2
148091,1
148091,15
148091,2
148147,1
148147,23
148147,2
148193,1
148277,7
148277,2
148320,15
148320,2
148320,1
148325,1
148325,2
148325,7
148342,1
148342,41
148342,7
148374,7
148374,1
148375,1
148375,2
148384,6
148384,1
148384,114
148384,36
148404,3
148404,33
148404,66
148404,2
148404,1
148404,112
148404,61
148404,109
148427,1
148427,2
148471,3
148471,2
148471,1
148471,16
148476,2
148476,1
148633,15
148633,1
148633,49
148633,2
148639,1
148639,2
148674,2
148674,1
148679,2
148679,1
148679,44
148679,31
148679,7
148679,15
148679,349
148679,137
148679,12
148684,2
148684,15
148684,49
148724,1
148724,7
148732,1
148732,7
148732,58
148747,7
148747,1
148747,113
148750,1
148750,2
148751,7
148751,1
148751,2
148751,37
148849,1
148854,13
148854,6
148854,2
148854,1
148900,1
148900,2
148915,25
148915,7
148915,152
148915,1
148915,2
148952,30
148952,2
148952,1
148983,1
148983,2
148983,15
149015,1
149015,2
149056,6
149056,1
149056,2
149059,1
149059,79
149059,7
149085,2
149085,1
149113,1
149113,2
149113,37
149125,1
149125,15
149125,2
149136,1
149136,2
149141,2
149141,7
149141,1
149161,48
149161,1
149194,6
149194,1
149194,109
149194,36
149214,2
149214,7
149214,1
149214,975
149233,1
149233,2
149233,7
149252,1
149252,136
149252,2
149265,2
149265,1
149265,127
149267,2
149267,1
149267,15
149310,1
149332,2
149332,7
149332,1
149349,15
149349,49
149349,1
149349,314
149349,7
149367,57
149367,1
149457,1
149457,2
149462,1
149462,6
149462,425
149462,569
149544,2
149544,1
149544,241
149544,145
149553,13
149553,49
149553,2
149553,6
149553,48
149555,6
149555,1
149555,282
149577,1
149577,2
149577,7
149590,17
149590,15
149590,1
149593,7
149593,1
149602,17
149602,1
149602,15
149686,6
149686,13
149686,1
149730,1
149730,7
149730,25
149747,1
149747,2
149763,1
149763,2
149763,9
149763,126
149769,15
149769,1
149770,6
149770,1
149770,34
149773,1
149773,15
149773,7
149797,17
149797,48
149797,7
149797,1
149797,2
149797,140
149797,80
149809,1
149809,2
149809,7
149816,1
149816,7
149858,2
149858,1
149871,2
149871,1
149871,7
149890,7
149890,1
149890,6
149935,2
149935,1
149973,13
149973,15
149973,2
149973,779
149973,7
149995,1
149995,235
149995,682
149995,7
149995,2
149995,1107
149995,15
150010,1
150010,49
150010,15
150010,2
150056,2
150056,49
150056,1
150056,78
150060,1
150060,2
150063,1
150063,18
150063,2
150063,63
150076,2
150076,49
150076,15
150081,29
150081,45
150081,23
150088,49
150088,15
150088,1
150118,79
150118,1
150118,15
150118,140
150126,36
150126,2
150126,1
150126,176
150140,2
150140,48
150140,304
150140,1
150172,1
150172,15
150172,37
150199,7
150199,1
150199,25
150225,1
150225,28
150225,2
150225,131
150250,54
150250,1
150250,15
150303,1
150303,7
150319,1
150319,7
150319,30
150319,112
150348,1
150348,2
150362,1
150362,23
150362,7
150362,35
150362,25
150381,1
150381,50
150381,7
150381,15
150381,276
150444,1
150444,50
150444,64
150444,2
150444,37
150445,190
150445,1
150445,6
150445,36
150470,2
150470,23
150470,35
150470,1
150512,7
150512,1
150512,80
150546,4719
150546,2
150546,1
150563,1
150563,7
150563,2
150579,2
150579,1
150618,162
150618,1
150618,26
150618,118
150618,2
150657,1
150657,2
150667,2
150667,1
150667,913
150688,1
150688,48
150734,2
150734,1
150734,86
150778,1
150778,2
150778,7
150778,41
150789,2
150789,15
150789,1
150789,189
150798,2
150798,13
150798,1
150828,1
150828,2
150836,1
150836,15
150836,94
150836,140
150841,1
150841,7
150841,889
150841,2
150873,15
150873,1
150873,2
150882,476
150882,2
150882,1
150882,1247
150882,13
150906,30
150906,15
150906,1
150906,2
150906,7
150907,2
150907,15
150907,1
150928,2
150928,1
150928,7
150940,1
150940,7
150940,15
150946,257
150946,1
150946,7
150985,17
150985,1
151007,15
151007,1
151007,13
151009,6
151009,49
151009,1
151028,1
151028,23
151028,78
151103,1
151103,49
151103,2
151103,15
151110,2
151110,1
151110,78
151144,2
151144,15
151144,1
151144,37
151173,35
151173,2
151173,1
151186,1
151187,1
151187,6
151187,49
151189,1
151196,1
151196,6
151196,45
151196,58
151285,2
151285,1
151285,7
151380,1
151380,7
151380,63
151415,7
151415,31
151415,1
151430,1
151430,15
151464,2
151464,1
151464,64
151486,13
151486,4733
151486,197
151486,7
151488,1
151488,2
151494,1
151494,2
151494,7
151529,15
151529,1
151640,20
151640,1
151640,60
151640,19
151640,2
151655,2
151655,1
151670,1
151707,1
151707,71
151707,399
151707,2
151707,7
151707,151
151707,118
151707,47
151719,1
151719,2
151720,1
151720,2
151728,1
151728,2
151728,112
151767,1
151767,2
151767,7
151767,6
151797,45
151797,14
151797,2
151797,1
151816,17
151816,1
151816,2
151862,1
151862,7
151862,35
151911,207
151911,32
151911,16
151911,1
151919,1
151919,2
151919,7
151935,1
151935,2
151935,7
151943,1
151943,7
151943,2
151972,1
151972,7
151972,2
152028,26
152028,7
152028,1
152035,23
152035,1
152135,2
152135,1
152147,1
152147,7
152147,63
152165,2
152165,1
152170,2
152170,1
152173,3
152173,2
152173,1334
152194,1
152194,152
152194,2
152195,1
152195,28
152195,2
152211,127
152211,1
152211,30
152211,98
152211,2
152214,42
152214,1
152214,49
152228,23
152228,1
152296,7
152296,28
152296,1
152330,1
152330,7
152330,2
152348,56
152348,153
152348,2
152348,1
152357,16
152357,45
152357,42
152357,91
152359,15
152359,49
152359,1
152478,15
152478,7
152478,1
152517,1
152517,26
152517,7
152543,1
152543,2
152569,1
152569,15
152569,2
152569,98
152670,2
152670,1
152672,2
152672,7
152690,17
152690,1
152690,2
152692,1
152692,373
152692,2
152718,1
152718,7
152755,1
152755,15
152755,2
152761,7
152761,15
152761,1
152761,140
152787,42
152787,15
152787,1
152828,79
152828,56
152828,1
152828,2
152869,7
152906,2
152906,7
152906,1
152928,32
152928,2
152928,20
152928,45
152952,49
152952,2
152952,13
152952,64
152953,15
152953,1
152997,1
152997,2
153033,2
153033,1
153033,3
153036,1
153036,13
153036,23
153054,37
153054,1
153054,2
153074,55
153074,1
153074,252
153074,7
153074,41
153104,90
153104,7
153104,1
153106,2
153106,1
153106,31
153107,1
153107,64
153107,58
153125,1
153125,7
153159,6
153159,36
153159,1
153168,1
153168,49
153168,2
153249,1
153258,1
153258,15
153258,49
153260,2
153260,1
153260,155
153273,1
153282,41
153282,1
153282,9
153282,2
153282,26
153282,37
153303,2
153303,255
153303,1
153313,1
153313,2
153347,28
153347,1
153365,7
153365,2
153365,276
153391,55
153391,1
153395,2
153395,3
153395,1
153413,1
153413,2
153421,15
153421,1
153421,2
153443,1
153443,7
153444,1
153444,2
153444,7
153445,1
153445,7
153451,1
153451,2
153451,7
153451,219
153467,1
153516,1
153516,2
153618,1
153618,2
153618,7
153638,1
153638,15
153638,13
153665,36
153665,2
153690,1
153690,2
153710,7
153710,2
153710,601
153735,7
153735,2
153735,1
153742,1
153742,7
153742,58
153766,1
153766,7
153784,1
153784,2
153784,7
153804,28
153804,137
153804,1
153804,7
153804,109
153827,1
153827,15
153836,1
153836,23
153836,28
153865,2
153865,1
153867,1
153867,2
153873,1
153873,7
153903,1
153909,1
153909,7
153909,2
153910,6
153910,1
153920,2
153920,1
153924,15
153924,1
153924,49
153924,81
153924,213
153943,1
153943,64
153943,58
153966,1
153966,2
153997,47
153997,6
153997,2
153997,13
154006,2
154006,7
154006,1
154037,1
154041,2
154041,1
154091,4782
154091,9
154091,54
154091,2
154091,1
154115,17
154115,1
154115,2
154115,13
154115,7
154119,2
154119,17
154119,1
154164,2
154164,1
154164,15
154166,55
154166,35
154166,1
154169,25
154169,2
154169,1
154169,41
154169,7
154181,28
154181,1
154181,54
154188,7
154188,1
154192,2
154192,1
154231,2
154231,1
154231,7
154231,37
154242,64
154242,1
154242,6
154242,13
154242,155
154245,15
154245,1
154245,7
154245,41
154248,1
154248,13
154248,6
154248,36
154248,4793
154249,1
154249,7
154249,106
154259,28
154259,1
154259,7
154259,41
154267,26
154267,2
154267,1
154276,18
154276,9
154276,1
154276,24
154276,162
154278,13
154278,1
154278,15
154335,1
154335,2
154341,2
154368,7
154368,1
154368,55
154372,15
154372,48
154372,1
154380,7
154380,1
154380,2
154474,1
154474,2
154474,57
154530,6
154530,1
154530,2
154564,7
154564,26
154564,1
154564,15
154564,17
154568,1
154568,7
154609,23
154609,35
154609,1
154609,2
154626,1
154649,2
154649,1
154650,7
154650,1
154691,49
154691,2
154691,6
154717,1
154717,7
154717,26
154720,7
154720,1
154720,2
154736,1
154736,49
154736,13
154736,2
154736,23
154741,6
154741,1
154741,13
154759,1
154759,2
154759,6
154761,1
154761,7
154761,2
154761,54
154774,2
154774,48
154774,23
154900,2
154900,1
154900,15
154905,2
154905,1
154921,15
154921,1
154921,2
154921,7
154921,37
154925,2
154925,60
154925,1
154928,23
154928,1
154941,20
154941,6
154941,1
154944,2
154944,13
154944,1
154944,49
154987,1
154987,7
154992,2
154992,7
154992,26
155063,1
155063,7
155079,1
155079,7
155079,64
155079,118
155087,7
155087,1
155097,1
155097,2
155098,42
155098,1
155105,7
155105,1
155114,1
155114,28
155114,64
155128,1
155128,2
155128,49
155167,57
155167,2
155167,24
155167,20
155167,3
155170,1
155170,7
155179,28
155179,1
155179,7
155211,1
155211,2
155211,26
155211,37
155238,23
155238,1
155238,203
155238,4818
155238,376
155272,1
155284,94
155284,2
155284,13
155284,154
155284,36
155298,2
155298,1
155298,15
155298,37
155304,2
155304,1
155304,7
155372,1
155372,6
155378,2
155378,64
155378,1
155399,2
155399,1
155408,2
155408,30
155408,1
155452,2
155452,15
155452,13
155452,49
155511,1
155511,7
155511,2
155512,1
155512,7
155527,1
155527,49
155537,11
155537,9
155537,15
155537,48
155537,1
155554,23
155554,2
155554,1
155569,1
155569,7
155577,15
155577,49
155577,1
155602,1
155602,7
155602,4831
155602,479
155610,1
155610,35
155610,2
155622,3
155622,1
155622,262
155629,14
155629,1
155629,24
155653,1
155653,7
155653,6
155684,17
155684,26
155684,7
155684,2
155684,80
155684,110
155698,1
155698,15
155698,2
155708,1102
155708,1158
155708,1
155708,2
155743,1
155743,7
155756,2
155756,49
155756,6
155761,1
155761,7
155761,6
155770,2
155770,4835
155770,108
155770,1
155770,7
155774,1
155774,49
155774,2
155774,15
155774,7
155780,55
155780,1
155789,2
155789,1
155789,146
155826,2
155826,64
155826,1
155830,1
155830,15
155830,7
155846,2
155846,1
155866,260
155866,1
155866,2
155866,119
155871,1
155871,2
155871,30
155894,6
155894,3
155894,2
155907,17
155907,13
155907,46
155907,1
155932,2
155932,1
155932,15
155933,1
155933,7
155952,2
155952,1
156031,1
156031,7
156031,18
156033,1
156033,49
156100,6
156100,1
156113,1
156113,2
156113,90
156130,1
156130,26
156130,7
156159,1
156159,2
156159,3
156167,2
156167,1
156177,1
156177,2
156201,1
156201,232
156201,373
156213,1
156213,7
156213,2
156272,1
156272,7
156281,15
156281,2
156281,1
156281,445
156281,7
156326,1
156326,2
156379,2
156379,1
156416,49
156416,1
156416,13
156419,1
156419,6
156419,45
156438,1
156438,2
156542,2
156542,1
156542,49
156542,456
156544,47
156544,24
156544,18
156544,13
156544,2
156558,1
156558,2
156558,393
156558,4845
156558,4846
156570,7
156570,1
156591,1
156591,28
156591,13
156591,25
156612,1
156612,15
156612,7
156622,2
156622,1
156622,7
156647,1
156647,6
156648,1
156648,2
156655,6
156655,64
156655,1
156658,1
156658,15
156658,2
156718,7
156718,1
156719,1
156719,2
156719,7
156719,140
156740,464
156740,1
156740,1150
156740,1954
156740,9
156740,2
156799,152
156799,1
156799,15
156828,2
156828,1
156829,1
156829,2
156839,1
156839,58
156851,15
156851,1
156852,1
156852,2
156888,28
156888,1
156888,15
156902,13
156902,2
156950,1
156950,7
156950,55
156952,1
156952,7
156952,37
156958,1
156958,7
156958,2
156964,37
156964,1
156972,15
156972,1
156976,2
156976,1
156976,54
156976,67
156976,7
156980,1
156980,2
156980,13
157009,1
157009,2
157009,169
157009,4852
157009,4853
157009,4854
157009,37
157027,1
157027,7
157027,40
157031,1
157031,28
157031,7
157036,7
157036,1
157045,1
157045,7
157045,2
157067,2
157067,1
157069,2
157069,1
157069,7
157069,37
157072,2
157072,1
157116,76
157116,34
157116,6
157116,1
157122,15
157122,2
157122,13
157147,1
157147,2
157147,37
157177,23
157177,1
157177,2
157183,33
157183,1
157183,124
157183,3
157183,61
157194,1
157194,2
157217,6
157217,1
157222,23
157222,7
157222,94
157222,2
157222,1
157229,1
157229,2
157229,7
157255,15
157255,1
157255,7
157274,58
157274,7
157292,55
157292,7
157292,1
157293,15
157293,1
157314,1
157314,13
157314,2
157317,1
157317,35
157317,7
157317,28
157337,1
157337,7
157436,2
157436,1
157436,15
157495,1
157495,41
157568,71
157568,2
157568,35
157568,1
157568,7
157568,41
157568,111
157568,67
157568,183
157568,165
157568,13
157568,191
157568,530
157568,23
157568,88
157568,982
157568,237
157605,1
157605,7
157605,2
157606,215
157606,315
157606,257
157616,62
157616,1
157641,7
157641,1
157676,1
157676,7
157713,2
157713,1
157720,1
157720,7
157739,1
157739,15
157739,7
157739,2
157765,1
157765,7
157801,1
157801,25
157801,7
157803,6
157803,1
157803,133
157803,306
157803,2
157809,49
157809,15
157809,1
157822,2
157822,1
157834,1
157834,15
157834,2
157881,1
157881,15
157881,7
157881,2
157881,71
157886,1
157886,63
157886,79
157886,2
157886,7
157902,23
157902,1
157902,12
157921,1
157921,7
157921,2
157936,15
157936,1
157936,37
157942,1
157942,2
157942,31
157942,17
157942,13
158015,2
158015,7
158015,188
158015,13
158025,1
158025,7
158041,2
158041,1
158041,15
158051,1
158051,2
158058,2
158058,1
158091,2
158091,1
158097,1
158097,2
158097,15
158209,7
158209,1
158267,2
158267,1
158317,2
158317,1
158317,38
158317,60
158317,7
158329,1
158329,2
158329,7
158337,63
158337,2
158337,1
158337,79
158365,2
158365,1
158376,2
158376,1
158378,1
158405,2
158405,63
158405,7
158405,1
158405,25
158431,23
158431,15
158431,49
158473,29
158473,3
158473,45
158479,1
158479,2
158479,7
158479,345
158479,237
158479,276
158485,1
158485,2
158490,2
158490,1
158490,411
158490,140
158490,26
158490,37
158532,42
158532,1
158532,49
158545,232
158545,2
158545,1
158545,7
158545,215
158559,23
158559,2
158559,67
158559,54
158559,1
158565,37
158565,1
158565,13
158565,60
158567,6
158567,15
158567,1
158567,13
158567,640
158567,227
158581,1
158581,7
158612,1
158612,13
158667,134
158667,1
158667,2
158689,2
158689,15
158689,1
158720,45
158720,32
158720,249
158720,294
158750,1
158750,2
158750,35
158750,109
158750,140
158757,7
158757,13
158757,15
158765,7
158765,1
158765,90
158765,113
158771,2
158771,1
158786,23
158786,1
158795,15
158795,1
158795,2
158807,55
158807,1
158807,2
158931,17
158931,2
158931,1
158953,6
158953,53
158953,34
158953,20
158953,45
158953,109
158953,253
158953,3
159029,1
159029,7
159029,15
159054,7
159054,1
159054,2
159079,2
159079,1
159090,7
159090,189
159090,1
159104,7
159104,1
159104,2
159112,1
159112,2
159112,60
159135,1
159147,13
159147,3
159147,49
159147,111
159164,2
159164,1
159193,1
159193,60
159193,15
159213,1
159213,23
159261,2
159261,1
159261,140
159264,7
159264,1
159264,26
159275,1
159275,2
159275,7
159283,382
159283,1
159283,464
159315,1
159315,26
159315,2
159315,7
159315,41
159337,2
159337,1
159337,154
159337,64
159337,7
159346,226
159346,1
159346,2
159370,35
159370,2
159370,1
159370,38
159423,6
159423,1
159423,2
159427,1
159427,15
159427,2
159427,35
159427,49
159428,16
159428,1
159428,24
159524,1
159605,1
159605,7
159608,1
159608,15
159608,13
159634,23
159634,2
159656,1
159656,7
159656,64
159658,41
159658,2
159658,17
159658,15
159658,1
159702,1
159702,58
159745,1
159745,2
159745,531
159745,393
159745,4890
159804,6
159804,1
159804,127
159805,1
159805,7
159815,1
159833,7
159833,1
159840,15
159840,17
159840,154
159840,2
159840,1
159840,80
159861,1
159861,35
159861,7
159877,1
159877,7
159877,26
159908,1
159910,6
159910,2
159910,1
159933,91
159933,9
159933,45
159933,1
159941,51
159941,29
159941,1
159941,2
159941,54
159948,1
160014,2
160014,13
160014,16
160014,20
160014,1
160030,2
160030,1
160030,647
160030,245
160030,154
160030,194
160030,86
160030,108
160030,3
160030,623
160030,111
160030,151
160030,118
160030,24
160030,115
160056,1
160078,15
160078,1
160078,55
160078,2
160079,1
160079,7
160079,2
160079,15
160079,37
160125,1
160125,135
160125,118
160125,2
160125,26
160125,37
160152,152
160152,20
160152,7
160152,1
160172,1
160172,15
160172,2
160172,188
160174,1
160174,55
160174,7
160174,192
160175,28
160175,2
160175,1
160175,203
160175,1060
160186,25
160186,1
160186,7
160196,1
160196,7
160196,2
160196,37
160196,14
160236,2
160236,1
160236,58
160246,7
160246,1
160246,58
160258,1
160258,28
160258,35
160275,301
160275,1
160275,7
160275,2
160278,1
160278,48
160298,1
160298,7
160298,119
160298,260
160310,1
160310,2
160315,7
160315,1
160315,2
160318,35
160318,25
160318,378
160318,7
160318,1
160321,2
160321,1
160324,1
160324,23
160324,2
160324,54
160324,13
160324,78
160341,2
160341,1
160341,15
160342,15
160342,2
160342,1
160343,1
160365,13
160365,17
160365,1
160399,7
160399,1
160420,2
160420,1
160540,49
160540,1
160586,1
160586,2
160609,1
160609,2
160609,15
160610,28
160610,1
160610,7
160632,1
160632,2
160632,41
160632,7
160632,147
160632,125
160649,7
160649,1
160649,2
160655,1
160655,48
160655,15
160708,1
160708,41
160708,7
160708,25
160708,37
160715,7
160715,1
160715,12
160740,2
160740,7
160740,1
160747,1
160747,2
160758,2
160758,102
160758,49
160758,23
160758,15
160764,17
160764,15
160764,2
160770,1
160770,7
160770,112
160779,2
160779,1
160782,1
160782,37
160782,15
160782,2
160782,49
160790,1
160790,2
160790,13
160820,1
160820,6
160820,25
160820,36
160912,2
160912,85
160912,249
160912,294
160912,83
160912,4
160912,365
160912,596
160912,9
160912,11
160912,146
160912,794
160917,2
160917,1
160917,44
160918,58
160918,1
160918,26
160934,2
160934,1
160934,49
160948,1
160948,64
160948,13
160967,7
160967,1
160967,15
160968,1
160996,28
160996,1
160996,35
160997,1
160997,2
161020,79
161020,50
161020,7
161020,2
161020,1
161035,7
161035,1
161035,2
161038,1
161048,9
161048,1
161048,2
161055,1
161055,23
161055,54
161055,25
161055,2
161080,40
161080,7
161080,1
161080,35
161088,1
161114,15
161114,6
161114,48
161114,1
161114,176
161157,1
161157,6
161157,569
161157,398
161157,58
161162,7
161162,2
161162,13
161162,1
161164,1
161164,7
161164,169
161164,41
161164,54
161164,113
161165,1
161165,2
161165,50
161169,1
161169,13
161169,213
161199,1
161199,2
161228,1
161228,15
161239,1
161239,7
161239,13
161239,2
161239,20
161302,6
161302,2
161302,1
161322,1
161322,24
161322,204
161322,9
161331,7
161331,1
161374,23
161374,1
161374,2
161394,7
161394,1
161394,2
161396,2
161396,1
161396,41
161408,6
161408,1
161432,79
161432,63
161432,1
161432,2
161441,15
161441,1
161441,48
161451,2
161451,6
161451,3
161451,13
161451,15
161461,1
161461,28
161461,2
161461,13
161478,6
161478,1
161479,17
161479,35
161479,2
161479,1
161491,13
161491,1
161491,6
161507,2
161507,1
161507,766
161507,37
161508,23
161508,2
161508,1
161526,55
161526,7
161526,1
161541,2
161541,1
161555,7
161555,90
161555,1
161572,1
161572,58
161576,2
161576,7
161576,1
161578,1
161578,7
161578,55
161603,2
161603,1
161603,346
161603,147
161608,1
161608,7
161608,191
161608,2
161608,356
161674,2
161674,1
161674,7
161687,6
161687,2
161687,1
161687,36
161691,1
161691,15
161691,152
161715,1
161715,2
161763,2
161763,1
161763,3
161763,9
161794,15
161794,1
161794,13
161813,6
161813,1
161813,35
161815,1
161815,7
161815,2
161833,1
161833,2
161833,237
161833,627
161899,2
161899,15
161899,1
161926,1
161926,7
161926,58
161941,2
161941,6
161941,1101
161941,1
161965,6
161965,1
161999,18
161999,1
161999,254
162001,1
162001,15
162001,7
162001,60
162040,1
162040,6
162051,1
162051,7
162052,1
162054,15
162054,1
162054,2
162067,1
162067,16
162067,106
162077,1
162077,13
162082,7
162082,1
162082,16
162110,1
162110,7
162126,7
162126,1
162126,26
162132,15
162132,1
162132,4928
162165,36
162165,1
162171,7
162171,1
162174,23
162174,1
162223,78
162223,1
162272,1
162272,7
162272,48
162272,15
162275,2
162275,1
162275,15
162286,1
162308,2
162308,1
162383,1
162383,2
162407,13
162407,6
162407,64
162407,1
162412,765
162412,23
162412,1
162413,2
162413,9
162413,110
162413,40
162413,1
162472,7
162472,1
162518,7
162518,1
162518,2
162518,35
162537,2
162537,1
162543,17
162543,1
162543,2
162543,40
162543,80
162552,1
162552,2
162555,7
162555,17
162555,1
162577,1
162577,15
162577,13
162577,37
162582,1
162582,2
162617,36
162617,6
162617,1
162617,2
162649,1
162649,7
162677,1
162677,7
162677,25
162677,54
162683,2
162683,1
162699,28
162699,1
162699,64
162705,2
162705,306
162705,1
162705,35
162715,7
162715,1
162715,2
162715,249
162715,15
162734,3
162734,2
162734,1
162771,79
162771,1
162771,15
162771,2
162771,140
162784,23
162784,1
162800,2
162800,17
162800,1
162811,7
162811,1
162811,2
162817,15
162817,1
162817,2
162819,1
162819,2
162819,7
162838,1
162838,2
162838,23
162853,1
162853,2
162870,1
162870,7
162879,1
162879,35
162879,26
162879,2
162879,4943
162884,1
162884,7
162884,2
162961,1
162961,7
162966,1
162966,23
162966,2
162971,2
162971,1
163009,7
163009,35
163009,1
163009,2
163009,147
163055,42
163055,1
163055,15
163067,1
163067,7
163067,35
163111,2
163111,1
163111,32
163157,59
163157,2
163157,18
163157,1
163181,7
163181,1
163181,260
163199,41
163199,9
163199,1
163199,2
163207,2
163207,1
163207,14
163207,255
163223,2
163223,3
163223,6
163223,34
163223,13
163223,48
163231,1
163231,13
163231,3
163231,853
163231,49
163274,7
163274,2
163274,1
163307,31
163307,7
163307,1
163307,137
163307,28
163345,2
163345,1
163345,97
163345,204
163345,7
163352,13
163352,43
163352,24
163352,2
163352,1
163357,2
163357,6
163357,49
163379,1
163379,6
163431,6
163431,1
163431,2
163440,2
163440,1
163456,7
163456,1
163505,13
163505,1
163505,49
163505,18
163515,1
163534,1
163534,15
163534,2
163566,44
163566,1
163566,7
163570,1
163570,7
163593,2
163593,128
163593,1425
163593,542
163593,348
163593,78
163593,1
163593,25
163593,92
163593,23
163593,203
163593,2164
163593,963
163593,133
163593,67
163593,111
163609,6
163609,1
163609,58
163610,2
163622,1
163622,7
163636,1
163636,2
163636,13
163689,1
163689,2
163689,318
163689,13
163689,548
163690,7
163690,1
163693,2
163693,17
163693,1
163693,86
163720,1
163720,2
163720,7
163722,1
163722,7
163751,7
163751,1
163756,1
163756,2
163760,1
163760,7
163760,2
163763,23
163763,1
163808,2
163808,35
163808,1
163830,1
163830,2
163830,7
163840,2
163840,4963
163840,1856
163840,1
163840,7
163845,1
163845,15
163845,7
163845,9
163845,41
163852,134
163852,2
163852,1
163860,2
163860,1
163867,1
163867,64
163867,2
163867,112
163870,7
163870,614
163870,193
163870,1
163874,7
163874,2
163916,1
163916,126
163916,54
163916,67
163916,7
163934,1
163934,7
163934,35
163942,1
163942,2
163942,49
163942,401
163964,41
163964,1
163964,54
163964,2
163999,1
164017,1
164017,6
164017,156
164017,2
164057,3
164057,2
164057,1
164074,23
164074,35
164074,2
164074,1
164079,1
164079,7
164079,2
164092,55
164092,7
164092,1
164092,56
164107,1
164107,7
164139,1
164139,135
164139,2
164144,1
164144,7
164144,13
164161,49
164161,1
164161,15
164175,7
164175,1
164175,35
164242,2
164242,7
164242,1
164245,1
164245,7
164338,1
164338,7
164338,2
164347,6
164347,1
164348,1
164348,7
164352,1
164352,49
164352,15
164352,2
164356,1
164356,7
164360,48
164360,1
164360,2
164429,60
164429,13
164429,2
164429,153
164429,40
164440,2
164440,15
164440,13
164440,1
164440,25
164442,1
164442,7
164459,2
164459,1
164491,1
164491,7
164491,2
164491,37
164497,3
164497,45
164497,16
164497,1
164497,161
164497,40
164504,1
164504,2
164565,2
164565,1
164565,13
164601,1
164601,2
164602,2
164602,1
164602,1967
164684,38
164684,2
164684,3
164684,1
164684,13
164769,15
164769,1
164775,1
164775,2
164775,7
164776,26
164776,1
164776,7
164831,1
164831,7
164831,41
164831,35
164831,2
164831,98
164831,67
164831,88
164831,111
164831,314
164831,71
164831,25
164831,50
164831,268
164855,2
164855,1
164855,7
164903,3
164903,2
164903,15
164903,1
164903,57
164923,2
164923,55
164923,1
164936,1
164936,15
164936,48
164944,23
164944,1
164955,28
164955,7
164955,1
164969,7
164969,1
164969,2
164969,37
164996,1
164996,2
165011,1
165011,28
165011,2
165018,62
165018,6
165018,3
165018,1
165019,2
165019,304
165019,134
165019,18
165019,13
165019,1
165019,7
165019,123
165039,1
165039,7
165039,2
165067,15
165067,1
165073,1
165073,7
165077,1
165077,2
165090,1
165090,7
165090,2
165090,15
165090,107
165090,49
165114,1
165114,15
165114,37
165116,1
165116,7
165130,81
165130,237
165130,2
165130,695
165130,376
165130,798
165130,1
165130,7
165130,25
165130,13
165130,50
165130,191
165140,6
165140,1
165140,36
165143,28
165143,1
165204,1
165204,58
165227,2
165227,1
165245,18
165245,7
165245,2
165282,1
165282,7
165319,6
165319,1
165319,49
165319,15
165319,48
165336,2
165336,1
165351,7
165351,1
165399,6
165399,1
165400,2
165400,7
165400,1
165407,15
165407,1
165407,37
165413,2
165413,1
165421,2
165421,1
165421,7
165450,2
165450,1
165462,1
165467,58
165467,1
165470,1
165470,2
165470,5000
165470,232
165470,272
165480,15
165480,49
165480,1
165480,37
165533,47
165533,7
165533,1
165550,28
165550,1
165550,7
165557,34
165557,45
165557,3
165557,64
165557,92
165557,55
165557,112
165572,2
165572,1
165580,1
165580,7
165641,1
165641,2
165641,138
165666,31
165666,2
165666,3
165666,1
165666,7
165668,1
165668,15
165668,2
165706,2
165706,31
165706,1
165721,1
165721,6
165721,116
165721,176
165737,103
165737,33
165737,1
165737,2
165737,108
165737,86
165737,7
165737,276
165737,61
165737,109
165743,1
165743,7
165743,15
165755,17
165755,46
165755,25
165755,1
165755,2
165760,15
165760,49
165760,1
165789,1
165789,7
165798,1
165798,2
165798,7
165864,2
165864,1
165864,48
165869,162
165869,1
165869,7
165869,2
165894,1
165894,36
165919,1
165919,7
165919,41
165919,113
165927,1
165927,2
165939,23
165939,1
165939,7
165947,1
165947,37
165947,140
165947,7
165947,2
165949,2
165949,1
165949,79
165949,7
165952,48
165952,1
165952,127
165998,2
165998,7
165998,5008
165998,853
165998,595
165998,5009
165999,1
166003,2
166003,1
166006,7
166006,1
166063,1
166063,2
166109,1
166109,48
166109,15
166109,444
166143,15
166143,1
166143,2
166143,37
166202,2
166202,1
166202,25
166215,7
166215,1
166215,26
166215,2
166215,169
166220,30
166220,13
166220,2
166220,1
166220,54
166233,1
166233,2
166239,1
166241,3
166241,23
166241,1
166241,33
166241,273
166247,1
166252,1
166252,5012
166252,1656
166252,2
166281,54
166281,23
166281,1
166283,1
166283,7
166299,7
166299,1
166317,1
166317,2
166323,48
166323,2
166323,13
166323,37
166325,1
166325,23
166333,2
166333,6
166333,1
166334,7
166334,1
166334,26
166334,2
166341,13
166341,24
166341,1
166355,1
166355,7
166355,15
166384,1
166384,2
166384,6
166390,1
166390,13
166439,1
166439,7
166486,1
166486,7
166500,2
166500,1
166549,57
166549,45
166549,13
166549,2
166549,1
166576,1
166576,15
166576,119
166576,2
166578,1
166578,2
166578,37
166611,13
166611,3
166611,14
166611,275
166611,1
166611,40
166642,1
166642,55
166642,2
166645,3
166645,2
166645,20
166645,45
166645,115
166652,6
166652,36
166652,1
166738,13
166738,49
166738,1
166738,6
166754,2
166754,1
166754,3
166756,1
166756,49
166756,2
166756,13
166788,2
166788,6
166788,1
166856,2
166856,7
166856,1
166856,13
166862,1
166862,7
166886,2
166886,46
166886,1
166888,1
166888,2
166888,36
166888,98
166888,114
166951,28
166951,1
166951,2
166951,1202
167012,2
167012,1
167069,1
167082,6
167082,1
167082,58
167085,1
167087,58
167087,1
167102,113
167102,1
167102,7
167102,25
167147,1
167147,2
167147,15
167167,15
167167,2
167167,13
167167,23
167168,1
167168,2
167323,1
167323,37
167328,2
167332,6
167332,35
167332,1
167355,1
167355,7
167355,15
167431,7
167431,1
167431,766
167431,15
167431,2
167459,1
167459,51
167459,3
167470,1
167470,2
167470,7
167470,149
167470,60
167470,55
167470,18
167474,1
167474,7
167474,37
167492,6
167492,1
167492,2
167492,40
167492,36
167529,7
167529,15
167529,1
167577,6
167577,76
167577,1
167581,6
167581,1
167581,35
167594,23
167594,1
167599,1
167599,7
167635,1
167635,7
167635,112
167643,2
167643,7
167643,6
167643,262
167726,13
167726,2
167726,1
167726,15
167741,26
167741,2
167741,1
167741,110
167750,1
167750,2
167776,33
167776,1
167776,2
167827,1
167827,15
167827,48
167827,13
167827,60
167835,7
167835,1
167869,1
167869,2
167873,1078
167873,652
167873,5027
167873,2
167873,1
167894,28
167894,1
167894,45
167896,1
167896,2
167902,23
167902,1
167902,2
167910,6
167910,1
167910,58
167915,23
167915,14
167915,2
167915,7
167936,1
167936,7
167936,15
167953,1
167953,2
167963,163
167963,1
167963,7
168006,2
168006,1
168006,6
168009,7
168009,1
168077,2
168077,13
168077,1
168115,1
168115,131
168115,2
168124,31
168124,2
168124,7
168132,1
168132,7
168133,1
168133,2
168150,2
168150,1
168173,1
168173,2
168173,7
168181,6
168181,1
168181,2
168181,47
168182,1
168182,7
168182,2
168182,526
168205,47
168205,1
168205,18
168205,2
168210,2
168210,1
168210,7
168210,41
168248,49
168248,1
168273,90
168273,7
168273,1
168275,1
168275,2
168275,15
168338,1
168338,17
168338,2
168344,1
168344,7
168344,137
168351,1
168351,7
168356,1
168356,2
168359,1
168359,7
168359,88
168376,1
168376,7
168376,64
168417,1
168417,37
168417,13
168428,109
168428,2
168428,1
168433,1
168433,45
168433,176
168497,49
168497,6
168497,13
168519,1
168519,7
168536,7
168536,1
168544,2
168544,1
168544,7
168544,411
168544,1388
168544,37
168579,2
168579,187
168579,1
168579,7
168579,54
168586,1
168586,2
168586,60
168647,1
168647,35
168647,7
168655,6
168655,185
168655,1
168655,36
168666,6
168666,79
168666,1
168666,2
168687,7
168687,1
168715,1
168715,2
168715,23
168715,25
168715,152
168715,78
168720,1
168720,2
168720,3
168761,2
168761,7
168761,276
168761,1
168761,15
168761,319
168761,23
168761,384
168761,233
168813,6
168813,1
168816,28
168816,1
168816,7
168832,81
168832,5048
168832,396
168832,3
168832,1
168832,5049
168851,1
168851,2
168924,23
168924,1
168946,7
168946,2
168946,1
168954,2
168954,1
168954,7
168954,13
168965,1
168965,7
168977,1
168977,2
168977,35
168977,6
169001,1
169001,2
169001,54
169004,3
169004,2
169004,1
169004,170
169004,6
169064,15
169064,1
169065,49
169065,1
169065,6
169107,1
169107,55
169107,7
169107,41
169135,2
169135,1
169181,1
169181,2
169181,15
169181,13
169196,1
169196,6
169237,23
169237,13
169237,35
169237,1
169237,25
169237,78
169237,81
169275,411
169275,2
169275,1
169327,1
169327,7
169327,2
169327,37
169375,6
169375,60
169375,2
169375,3
169386,2
169386,5057
169386,1
169386,168
169386,106
169389,15
169389,2
169389,1
169389,403
169417,2
169417,1
169417,49
169425,1
169425,6
169425,36
169438,1
169438,7
169450,1
169450,7
169450,2
169458,13
169458,1
169458,2
169458,37
169462,7
169462,1
169462,2
169504,1
169504,2
169504,26
169504,165
169511,1
169511,6
169511,2
169535,2
169564,26
169564,1
169564,2
169564,118
169564,151
169604,2
169604,1
169604,7
169615,2
169615,3
169615,6
169615,138
169638,48
169638,46
169638,1
169642,6
169642,49
169642,1
169644,1
169644,58
169673,2
169673,1
169673,154
169673,76
169673,809
169673,155
169673,41
169673,399
169673,245
169673,111
169673,88
169673,151
169673,58
169673,38
169673,86
169673,153
169701,2
169701,301
169701,1
169701,257
169703,1
169703,7
169707,6
169707,1
169707,2
169714,1
169714,15
169714,26
169714,2
169714,54
169760,78
169760,2
169760,1
169776,2
169776,49
169776,15
169780,2
169780,1
169801,2
169801,1
169854,1
169854,2
169854,15
169904,2
169904,1
169904,58
169904,25
169904,7
169906,6
169906,1
169906,3
169957,28
169957,1
169957,15
169958,13
169958,1
169958,2
169969,17
169969,1
169969,2
169969,505
169981,1
169981,7
169981,48
169981,2
169990,2
169990,1
170029,34
170029,3
170029,45
170029,61
170067,13
170067,2
170067,282
170067,1
170105,1
170105,71
170144,1
170144,2
170144,682
170144,86
170144,7
170144,783
170144,896
170154,7
170154,1
170154,28
170154,140
170180,15
170180,49
170180,13
170180,1
170218,2
170218,1
170223,2
170223,13
170223,1
170223,46
170223,319
170223,109
170223,40
170234,7
170234,1
170234,2
170240,6
170240,1
170271,18
170271,94
170271,1
170271,13
170271,56
170284,1
170284,2
170294,2
170294,13
170294,1
170298,2
170298,1
170298,26
170357,7
170357,2
170357,5074
170364,1
170364,23
170415,15
170415,1
170415,13
170425,1
170425,2
170430,2
170430,1
170443,1
170443,7
170443,63
170459,58
170459,241
170459,1
170459,2
170463,1
170463,28
170463,315
170463,400
170463,2
170467,7
170467,1
170548,1
170548,2
170575,1
170575,7
170594,23
170594,1
170594,2
170600,13
170600,1
170600,2
170610,152
170610,15
170610,1
170636,30
170636,2
170636,13
170640,1
170640,7
170739,57
170739,2
170739,24
170749,1
170749,282
170749,836
170749,163
170749,36
170764,1
170764,119
170764,48
170801,1
170801,2
170897,1
170897,15
170897,2
170906,3
170906,24
170906,1
170906,2
170906,60
170906,32
170906,151
170906,1077
170906,5081
170906,5082
170906,64
170918,2
170918,1
170933,123
170933,18
170933,1
170933,2
170933,56
170939,1
170939,7
170939,41
170948,2
170948,1
170948,7
170975,2
170975,1
170984,1
170984,6
170984,15
171022,1
171022,2
171034,179
171034,1
171034,18
171034,2
171034,24
171034,113
171035,49
171035,2
171035,1
171035,15
171035,7
171052,3
171052,2
171052,1
171060,15
171060,1
171060,7
171084,7
171084,1
171086,1
171086,2
171086,13
171086,37
171117,28
171117,1
171117,15
171138,1
171138,13
171138,7
171163,2
171163,1
171192,2
171192,1
171192,15
171205,1
171205,13
171217,6
171217,1
171217,36
171218,1
171218,2
171237,2
171237,15
171237,1
171247,1
171247,78
171261,2
171261,1
171263,15
171263,1
171263,7
171274,2
171274,1
171274,119
171304,28
171304,1
171304,15
171312,55
171312,7
171312,1
171369,1
171369,2
171369,15
171374,1
171377,1
171377,2
171397,1
171397,15
171397,13
171397,37
171399,34
171399,3
171399,1
171451,1
171451,7
171469,152
171469,7
171469,1
171469,308
171469,203
171491,49
171491,1
171491,2
171491,37
171538,1
171538,7
171578,1
171578,7
171579,2
171579,13
171579,1
171583,90
171583,1
171583,2
171583,113
171598,1
171598,23
171598,137
171623,2
171623,17
171623,1
171623,80
171653,1
171653,7
171653,2
171670,91
171670,24
171670,13
171670,1
171670,2
171672,23
171672,657
171672,1
171672,35
171694,6
171694,1
171694,34
171711,6
171711,1
171738,1
171738,2
171738,7
171767,7
171767,1
171767,35
171791,1
171791,17
171791,2
171797,16
171797,55
171797,2
171819,1
171819,2
171819,88
171845,1
171845,2
171892,2
171892,1
171892,60
171893,1
171893,2
171893,7
171913,48
171913,15
171913,2
171913,7
171926,25
171926,38
171926,13
171926,2
171926,1
171931,1
171931,7
171952,2
171952,2182
171952,1
171954,1
171954,2
171961,6
171961,76
171961,92
171961,1
171961,7
171979,2
171979,1
171983,38
171983,1
171983,18
171983,50
171983,2
172011,1
172011,15
172011,48
172015,1
172015,2
172171,1
172171,2
172171,28
172189,1
172189,15
172192,1
172192,2
172222,1
172222,7
172247,1
172247,7
172247,35
172255,2
172255,1
172255,15
172347,1
172347,7
172363,7
172363,1
172363,26
172364,40
172364,42
172364,49
172364,15
172364,1
172411,1
172411,2
172412,3
172412,29
172412,50
172412,2
172412,1
172412,30
172426,162
172426,1
172426,18
172444,6
172444,1
172444,2
172444,36
172445,7
172445,28
172445,38
172445,1
172445,9
172448,56
172448,6
172448,1
172492,55
172492,1
172492,28
172492,13
172524,1
172524,7
172524,2
172540,2
172540,1
172540,7
172568,1
172568,41
172568,2
172594,1
172594,2
172626,1
172626,2
172626,28
172627,6
172627,1
172627,23
172627,273
172635,1
172635,55
172635,58
172670,2
172670,1
172702,15
172702,1
172706,1
172706,7
172729,1
172732,1
172785,1
172785,7
172848,2
172848,1
172848,7
172863,1
172863,2
172863,7
172863,1115
172863,535
172891,6
172891,7
172891,1
172891,2
172891,36
172895,2
172895,1
172895,64
172935,2
172935,1
172935,48
172935,60
172935,3
172998,55
172998,1
172998,2
173011,2
173011,1
173011,37
173017,15
173017,1
173017,49
173028,1
173028,7
173028,26
173028,169
173028,1428
173070,1061
173070,45
173070,34
173070,3
173085,6
173085,49
173085,13
173085,1
173233,1
173233,2
173233,7
173253,1
173253,7
173253,2
173253,86
173253,204
173253,213
173269,1
173269,54
173278,1
173278,2
173278,7
173278,37
173285,1
173285,26
173285,7
173288,23
173288,1
173288,2
173304,28
173304,1
173304,7
173314,2
173314,1
173316,1
173316,7
173316,37
173320,23
173320,1
173324,1
173324,7
173324,5115
173324,37
173348,1
173348,7
173348,674
173348,215
173367,1
173367,2
173367,54
173369,23
173369,7
173369,2
173385,6
173385,2
173385,48
173385,1
173423,3
173423,2
173423,13
173423,30
173423,43
173460,1
173460,58
173506,1
173547,28
173547,1
173547,7
173547,55
173547,112
173559,23
173559,1
173559,25
173559,2
173559,7
173586,6
173586,1
173586,36
173608,6
173608,1
173643,1
173643,163
173643,7
173667,2
173667,90
173667,1
173667,35
173667,7
173674,7
173674,1
173684,13
173684,1
173684,2
173686,37
173686,1
173686,2
173740,7
173740,2
173740,1
173746,1
173746,7
173757,15
173757,1
173775,2
173775,13
173775,57
173786,17
173786,1
173786,2
173794,3
173794,14
173794,45
173794,48
173794,20
173806,15
173806,1
173806,7
173806,41
173831,1
173831,2
173836,1
173836,2
173836,15
173836,37
173941,7
173941,1
173941,26
173942,36
173942,1
173956,7
173956,1
173969,1
173969,64
173969,15
173994,34
173994,64
173994,13
173994,2
174014,1
174014,6
174014,2
174014,36
174100,1
174100,7
174100,34
174125,7
174125,1
174152,1
174152,6
174152,2
174152,16
174188,296
174188,377
174188,1
174188,7
174209,1
174209,6
174226,1
174226,15
174238,1
174238,7
174238,35
174291,1
174291,2
174291,6
174310,1
174310,15
174310,2
174312,38
174312,2
174312,1
174312,37
174312,221
174323,17
174323,1
174323,15
174323,729
174323,220
174360,2
174360,6
174360,1
174370,1
174370,7
174370,2
174372,1
174372,2
174390,47
174390,7
174390,1
174419,1
174419,13
174420,7
174420,1
174420,15
174420,444
174420,131
174434,17
174434,2
174434,1
174442,1
174442,17
174442,2
174470,1
174470,28
174470,7
174471,1
174471,25
174483,46
174483,13
174483,2
174483,48
174483,15
174496,16
174499,1
174499,7
174502,7
174502,1
174502,2
174502,37
174538,1
174538,2
174538,81
174543,2
174543,102
174543,23
174543,24
174543,13
174576,17
174576,1
174592,13
174592,2
174592,1
174607,7
174607,1
174612,23
174612,1
174634,37
174634,1
174634,2
174639,28
174639,1
174639,25
174639,2
174639,6
174727,1
174727,7
174739,2
174739,1
174766,1
174766,2
174766,60
174769,1
174769,2
174769,37
174795,17
174795,15
174795,2
174795,1
174819,2
174819,1
174820,1
174820,7
174838,1
174838,15
174838,48
174847,15
174847,2
174847,1
174861,1
174861,2
174864,2
174864,1
174864,17
174864,15
174874,2
174874,1
174874,55
174879,1
174879,28
174879,2
174879,730
174905,2
174905,1
174905,7
174905,203
174930,7
174930,1
174930,2
174930,157
174935,1
174935,37
174935,154
174935,15
174935,2
174939,1
174939,2
174939,7
174986,1
174986,7
175002,9
175002,2
175002,1
175002,152
175005,17
175005,35
175005,2
175005,1
175007,1
175007,230
175007,1345
175007,6
175007,49
175007,5135
175007,1855
175007,332
175007,539
175007,527
175007,1471
175007,113
175030,1
175030,15
175052,23
175052,1
175052,78
175060,23
175060,1
175072,1
175072,7
175084,1
175084,2
175084,7
175085,1
175085,7
175085,58
175088,2
175088,6
175088,44
175088,1
175096,2
175096,23
175096,38
175096,13
175100,2
175100,1
175100,7
175100,146
175100,13
175100,92
175100,170
175100,154
175157,1
175157,2
175157,7
175161,7
175161,35
175161,2
175175,1
175175,15
175175,2
175175,37
175198,1
175198,1990
175198,41
175238,311
175238,138
175238,7
175238,2
175245,1
175245,15
175245,49
175261,1
175261,2
175277,12
175277,1
175277,2
175295,2
175295,13
175295,7
175386,6
175386,1
175386,92
175387,2
175387,20
175387,115
175387,3
175387,45
175387,47
175387,32
175388,2
175388,49
175388,13
175388,1
175390,34
175390,2
175390,3
175390,1
175390,253
175397,119
175397,1
175397,15
175397,7
175397,2
175406,2
175406,49
175406,15
175406,13
175406,1
175412,1
175412,2
175471,6
175471,44
175471,7
175471,1
175486,1
175486,2
175502,15
175502,1
175502,2
175505,1
175505,2
175505,15
175544,2
175544,269
175544,108
175544,86
175544,81
175544,1
175544,318
175544,339
175552,2
175552,1
175552,13
175586,58
175586,1
175591,20
175591,24
175591,3
175591,45
175591,124
175641,112
175641,2
175641,1183
175641,1
175661,1
175661,37
175661,249
175666,1
175666,7
175693,2
175693,38
175693,1
175693,7
175693,245
175693,154
175693,194
175693,86
175693,108
175693,623
175693,399
175693,151
175693,60
175693,18
175693,71
175728,1
175728,7
175803,2
175803,1
175803,49
175837,242
175837,1
175868,7
175868,26
175868,1
175872,2
175872,45
175872,108
175873,119
175873,7
175873,1
175875,1
175875,2
175875,1008
175882,23
175882,1
175882,35
175887,7
175887,31
175887,1
175892,107
175892,2
175892,1
175906,31
175906,1
175906,2
175923,1
175923,7
175923,131
175928,1
175928,2
175962,1
175962,7
175962,37
175973,1
175973,2
175973,6
176001,2
176001,1
176001,245
176001,67
176001,31
176001,399
176001,151
176001,41
176001,7
176001,128
176001,108
176001,86
176001,23
176062,7
176062,2
176062,1
176062,86
176062,951
176064,16
176064,32
176064,1
176067,1
176067,7
176067,26
176077,31
176077,13
176077,1
176077,2
176077,20
176132,2
176132,3
176132,6
176143,6
176143,34
176143,2
176143,7
176151,1
176151,2
176155,34
176155,2
176155,176
176155,13
176155,48
176199,13
176199,23
176199,7
176225,111
176225,1
176225,2
176225,804
176225,748
176225,193
176231,1
176231,7
176232,6
176232,2
176232,1
176234,35
176234,1
176234,23
176234,81
176281,1
176281,2
176296,2
176296,1
176296,7
176335,1
176347,1
176347,2
176347,7
176362,1
176362,157
176362,2
176362,13
176362,49
176381,1
176381,2
176381,13
176435,1
176435,2
176435,1523
176435,125
176435,1943
176435,276
176435,1456
176435,5170
176435,5171
176435,37
176448,1
176448,2
176456,15
176456,1
176456,48
176456,5172
176466,58
176466,1
176466,7
176466,28
176466,54
176484,1
176484,7
176512,7
176512,1
176529,1
176529,2
176529,49
176544,2
176544,13
176562,48
176562,1
176562,15
176562,54
176562,1138
176565,1
176565,45
176572,1
176572,2
176572,7
176574,47
176574,16
176574,13
176574,1
176586,1
176586,7
176599,1
176599,2
176654,1
176654,2
176654,7
176654,71
176654,35
176654,111
176743,58
176743,1
176781,3
176781,32
176781,2
176781,20
176781,45
176832,1
176832,2
176832,13
176832,15
176838,1
176838,7
176838,58
176903,59
176903,162
176903,18
176903,2
176903,1
176927,2
176927,15
176927,48
176927,37
176944,2
176944,7
176963,7
176963,411
176963,1
176963,2
176994,1
176994,7
176994,2
177016,1
177016,15
177016,2
177045,1
177045,7
177045,2
177061,1
177061,2
177118,1
177118,15
177118,7
177148,1
177148,2
177148,185
177163,2
177163,71
177163,1
177163,37
177175,1
177175,7
177181,56
177181,2
177181,1
177181,126
177209,1
177209,2
177209,3
177240,134
177240,1
177240,7
177261,1
177261,2
177261,7
177277,1
177277,2
177290,23
177290,4
177290,53
177290,1
177290,2
177352,1
177352,23
177352,2
177352,40
177371,1
177371,2
177400,6
177400,2
177400,1
177434,15
177434,6
177434,1
177434,36
177436,2
177436,23
177436,55
177436,7
177436,1
177442,7
177442,1
177442,28
177442,13
177442,2
177443,1
177443,2
177443,3
177449,2
177449,1
177529,7
177529,35
177529,1
177535,1
177535,7
177542,78
177542,1
177542,2
177556,1
177556,2
177556,272
177564,7
177564,1
177564,2
177631,1
177631,154
177631,1399
177631,36
177637,2
177637,13
177637,1
177713,1
177732,2
177732,26
177732,1
177772,1
177772,21
177772,2
177793,1
177793,14
177793,24
177793,2
177855,79
177855,1
177855,63
177855,2
177966,1
177966,7
177966,15
177966,108
177966,18
178005,1
178008,23
178008,1
178018,1
178018,7
178026,1
178026,2
178028,2
178028,1
178036,1
178036,2
178036,7
178036,25
178036,41
178036,50
178036,191
178036,133
178036,263
178036,672
178036,5192
178036,169
178036,553
178036,337
178036,5193
178036,542
178036,5194
178036,37
178056,1
178056,2
178056,7
178063,1
178063,15
178063,49
178084,3
178084,34
178084,1
178084,40
178084,109
178110,1
178110,308
178110,56
178110,94
178110,3
178153,51
178153,3
178153,45
178153,48
178153,13
178154,1
178154,7
178159,55
178159,1
178159,28
178159,6
178159,36
178177,6
178177,49
178213,6
178213,90
178213,1
178213,2
178213,54
178213,36
178220,6
178220,1
178259,1
178259,63
178259,7
178278,1
178278,48
178278,15
178278,70
178284,2
178284,1
178300,15
178300,1
178300,7
178331,1
178331,7
178334,7
178334,1
178336,2
178336,23
178336,1
178360,48
178360,13
178360,1
178360,7
178377,1
178377,110
178388,1
178388,2
178388,245
178388,15
178391,94
178391,58
178391,6
178391,1
178405,15
178405,1
178405,2
178421,1
178421,2
178421,26
178456,16
178456,6
178456,2
178456,1
178456,115
178481,1
178481,49
178493,7
178493,1
178493,125
178493,18
178494,1
178494,7
178499,7
178499,2
178499,24
178499,323
178560,7
178560,1
178585,1
178585,15
178613,1
178613,58
178651,7
178651,1
178658,1
178658,15
178658,35
178658,49
178667,119
178667,1
178667,49
178672,1
178672,2
178697,14
178697,3
178697,9
178697,1
178697,24
178706,1
178706,2
178729,1
178729,2
178734,1
178734,7
178784,2
178784,1
178792,7
178792,1
178792,26
178792,2
178798,1
178798,15
178798,2
178798,37
178810,26
178810,1
178810,2
178810,36
178810,80
178824,1
178872,1
178897,1
178897,2
178898,1
178898,7
178898,304
178898,2
178901,7
178901,1
178944,1
178944,15
178944,2
178955,45
178955,42
178955,1
178962,13
178962,2
178962,1
179003,1
179003,2
179039,1
179039,2
179039,437
179039,942
179047,1
179047,7
179047,26
179047,41
179048,48
179048,2
179048,1
179054,35
179054,6
179054,1
179054,58
179074,1
179074,15
179078,3
179078,2
179078,6
179078,47
179079,2
179079,1
179079,7
179100,16
179100,2
179100,168
179100,17
179100,1
179116,7
179116,1
179118,38
179118,1
179118,37
179118,13
179118,20
179129,1
179129,15
179157,1
179157,2
179157,13
179157,17
179161,2
179161,15
179161,7
179178,9
179178,1
179178,2
179207,1
179207,7
179250,37
179250,1
179250,49
179250,2
179261,1
179261,2
179281,6
179281,49
179286,1
179286,55
179291,50
179291,13
179291,28
179291,1
179291,67
179301,5209
179301,494
179301,18
179301,2
179301,1
179301,7
179301,60
179313,1
179313,2
179352,13
179352,49
179352,2
179360,7
179360,2
179360,1
179396,2
179396,1
179396,7
179396,169
179396,272
179419,1
179419,25
179419,54
179419,2
179419,58
179419,41
179419,194
179488,1
179488,15
179488,7
179488,20
179504,337
179504,7
179504,1
179504,17
179504,2
179504,1068
179504,707
179504,26
179504,3
179504,118
179504,151
179518,1
179518,2
179518,67
179518,54
179518,23
179519,1
179614,1
179614,36
179626,1
179626,28
179626,7
179676,55
179676,7
179676,1
179697,15
179697,2
179697,1
179697,41
179697,641
179698,1
179698,2
179698,277
179724,15
179724,1
179724,42
179734,6
179734,1
179734,2
179734,54
179734,314
179775,49
179775,1
179775,7
179781,152
179781,1
179781,15
179832,134
179832,1
179832,7
179832,2
179832,25
179854,26
179854,7
179854,1
179867,17
179867,2
179867,1
179871,1
179871,2
179874,23
179874,1
179874,25
179874,54
179874,2
179874,78
179901,18
179901,1
179901,2
179901,57
179901,13
179943,1
179943,2
179943,15
179949,1
179949,2
179994,37
179994,1
179994,64
179994,2
179999,31
179999,1
179999,7
179999,162
179999,2
180013,7
180013,1
180052,46
180052,13
180052,246
180052,2
180052,1
180075,1
180075,2
180106,1
180106,23
180106,60
180124,23
180124,1
180124,2
180130,1
180130,49
180130,15
180149,7
180149,1
180149,2
180149,997
180149,204
180219,256
180219,1934
180219,7
180219,2
180219,1
180224,45
180224,3
180224,16
180224,404
180224,137
180224,23
180292,25
180292,28
180292,1
180292,7
180300,311
180300,138
180300,1
180300,2
180309,2
180309,1
180309,154
180309,15
180311,1
180311,2
180319,1
180342,1
180342,7
180415,7
180415,1
180415,50
180438,2
180438,6
180438,3
180458,2
180458,36
180458,696
180458,1
180458,245
180458,151
180458,262
180458,81
180461,1
180461,7
180485,1
180485,7
180485,48
180486,1
180486,7
180486,15
180488,1
180488,48
180511,17
180511,41
180511,2
180511,1
180511,15
180539,1
180539,7
180539,5231
180539,1831
180539,128
180558,1
180558,81
180558,2
180558,346
180558,125
180588,1
180588,7
180592,7
180592,1
180619,1
180619,35
180619,7
180651,1
180651,13
180651,2
180651,23
180669,1
180669,7
180690,1
180690,49
180690,257
180690,1619
180690,54
180726,1
180726,2
180728,23
180728,1
180729,1
180729,2
180729,42
180755,1
180755,90
180755,2
180761,58
180761,1
180763,1
180763,25
180763,7
180786,1
180786,2
180786,64
180794,23
180794,1
180794,35
180811,2
180811,7
180811,13
180811,1
180826,6
180826,269
180826,5237
180826,772
180826,1
180842,2
180842,48
180842,1
180842,148
180860,28
180860,1
180860,2
180882,1
180882,2
180882,86
180884,81
180884,396
180884,7
180884,41
180884,1
180892,7
180892,1
180892,15
180892,25
180924,1
180924,90
180924,58
180964,2
180964,1
180964,13
180982,2
180982,7
180982,1
180995,58
180995,1
181030,2
181030,3
181030,90
181030,49
181042,1
181042,49
181042,13
181053,26
181053,7
181053,1
181061,30
181061,1
181061,2
181073,1
181073,2
181090,2
181090,55
181090,1
181092,1
181092,2
181161,1
181161,7
181161,107
181222,7
181222,1
181228,7
181228,1
181258,1
181258,13
181258,213
181258,25
181258,7
181282,7
181282,1
181286,2
181286,1
181286,37
181291,28
181291,1
181291,2
181298,1
181321,15
181321,1
181321,2
181347,7
181347,1
181347,140
181347,125
181347,58
181378,2
181378,13
181378,853
181378,1447
181378,1
181389,23
181389,1
181389,35
181392,1
181392,2
181392,6
181402,1
181402,131
181402,304
181402,7
181402,110
181402,26
181412,1
181412,7
181412,2
181412,1410
181412,401
181433,1
181433,7
181433,64
181451,1
181451,13
181462,2
181462,1
181499,1
181499,15
181509,1
181509,2
181509,7
181527,2
181527,3
181527,24
181527,32
181527,16
181527,135
181527,45
181527,118
181527,151
181533,3
181533,30
181533,1
181538,17
181538,1
181538,2
181538,41
181541,7
181541,26
181541,1
181547,1
181547,48
181547,37
181594,7
181594,1
181596,1
181596,67
181596,23
181596,54
181596,457
181632,2
181632,2123
181632,81
181632,1
181643,7
181643,2
181643,13
181682,1
181682,7
181682,2
181690,1
181690,2
181738,28
181738,1
181748,140
181748,1
181748,2
181780,23
181780,1
181870,2
181870,235
181870,131
181870,1
181950,15
181950,1
181950,49
181974,1
181974,49
181974,15
181974,37
181982,1
181982,2
182071,7
182071,35
182071,1
182071,2
182071,41
182074,1
182074,86
182074,2
182100,1
182100,2
182100,7
182112,6
182112,13
182112,2
182181,37
182181,2
182181,1
182181,26
182191,2
182191,1
182191,18
182191,381
182223,76
182223,1
182282,23
182282,2
182282,7
182282,41
182282,15
182320,2
182320,1
182381,1
182381,55
182381,13
182398,1
182398,7
182412,2
182412,1
182412,13
182419,26
182419,1
182419,2
182420,26
182420,1
182420,35
182420,2
182420,7
182420,37
182435,2
182435,1
182435,7
182465,114
182465,1
182465,7
182465,25
182465,13
182474,7
182474,1
182474,2
182506,1
182506,25
182506,7
182510,1
182510,2
182510,54
182547,7
182547,41
182547,1
182643,2
182643,17
182643,15
182643,13
182643,92
182669,33
182669,48
182671,1
182671,345
182671,562
182671,13
182706,15
182706,1
182706,2
182712,1
182712,41
182712,7
182727,1
182727,23
182736,1291
182736,5261
182736,90
182736,6
182736,1
182748,25
182748,23
182748,1
182748,2
182748,54
182753,1
182753,2
182792,1
182854,1
182858,274
182858,6
182858,1
182858,282
182923,1
182939,1
182939,7
182939,26
182939,627
182949,1
182949,7
182949,114
182964,1
182964,7
182998,13
182998,1
183000,1
183000,2
183000,7
183003,55
183003,28
183003,1
183003,58
183003,40
183008,7
183008,1
183039,2
183039,1
183091,1
183091,2
183142,7
183142,1
183142,26
183142,2
183145,2
183145,1
183145,37
183165,1
183165,2
183165,15
183181,7
183181,1
183181,2
183181,41
183195,1
183195,7
183195,76
183214,37
183214,1
183214,2
183214,7
183220,1
183220,49
183234,1
183234,7
183234,25
183298,13
183298,1
183298,48
183298,7
183298,26
183345,2
183345,1
183345,26
183350,1
183350,15
183350,2
183352,1
183352,7
183355,1
183355,1472
183355,1429
183355,54
183355,7
183381,1
183381,6
183381,215
183381,58
183404,6
183404,1
183422,7
183422,1
183422,15
183422,34
183422,140
183432,1
183432,7
183438,2
183438,7
183438,1
183438,81
183451,58
183451,1
183451,7
183475,1
183475,28
183475,54
183475,58
183493,78
183493,1
183542,1
183542,163
183542,7
183543,1
183543,2
183543,13
183559,23
183559,1
183559,54
183567,32
183567,106
183567,157
183567,1
183567,2
183577,28
183577,2
183577,1
183590,1
183590,2
183590,90
183605,6
183605,1
183640,2
183640,15
183640,1
183655,15
183655,2
183655,1
183665,1
183665,2
183665,49
183665,108
183665,86
183695,1
183695,7
183703,2
183703,1
183703,7
183707,1
183707,48
183707,15
183721,1
183721,2
183726,28
183726,1
183746,2
183746,1
183746,48
183746,49
183760,2
183760,7
183789,2
183789,1
183789,7
183789,40
183789,59
183821,441
183821,2
183821,1
183849,277
183849,25
183849,1
183849,7
183849,41
183858,1
183858,7
183858,37
183921,1
183921,35
183921,26
183921,2
183921,125
183946,24
183946,13
183946,156
183946,2
183946,104
183958,23
183958,1
184039,2
184039,1
184045,1
184045,2
184045,7
184128,35
184128,1
184128,7
184131,140
184131,63
184131,152
184131,1
184131,15
184133,35
184133,1
184133,7
184140,63
184140,2
184140,1
184147,2
184147,1
184147,17
184147,15
184147,48
184186,1
184186,7
184186,64
184187,3
184187,14
184187,45
184203,28
184203,1
184203,7
184264,1
184264,2
184268,1
184268,2
184268,88
184311,1
184311,26
184311,2
184311,110
184319,59
184319,1
184339,7
184339,1
184361,2
184361,1
184361,56
184385,14
184385,9
184385,1
184385,24
184385,249
184478,58
184478,7
184478,1
184478,25
184497,48
184497,1
184497,15
184590,17
184590,2
184590,1
184590,204
184611,1
184611,28
184611,35
184617,1
184617,2
184618,97
184618,1
184618,2
184640,28
184640,1
184641,1
184641,2
184662,23
184662,1
184662,71
184662,54
184684,1
184684,7
184684,90
184684,140
184684,2
184693,2
184693,15
184693,1
184693,37
184696,1
184696,7
184696,15
184726,1
184726,2
184726,7
184766,1
184766,7
184766,5293
184774,1
184774,76
184774,2
184835,298
184835,1
184835,2
184835,3
184841,6
184841,1
184849,1
184849,162
184849,7
184935,1
184935,2
184935,25
184935,28
184935,58
184952,1
184952,2
184952,7
184952,64
184952,25
184965,1
184965,60
184965,15
184965,7
184976,1
184976,2
184976,13
184980,1
184980,149
184980,2
184982,59
184982,1
184982,18
184984,2
184984,1
184984,15
184992,1
184992,7
185018,2
185018,1
185018,15
185018,422
185022,1
185022,15
185036,7
185036,1
185036,35
185041,6
185041,1
185041,7
185041,36
185084,1
185084,49
185084,13
185170,6
185170,1
185170,3
185182,1
185182,7
185182,80
185187,1
185187,2
185198,15
185198,49
185198,23
185218,7
185218,1
185223,116
185223,6
185223,36
185223,153
185223,3
185290,1
185290,2
185305,1
185305,23
185346,1
185364,1
185364,2
185364,13
185395,28
185395,30
185395,23
185395,67
185395,1
185470,6
185470,1
185519,1
185533,1
185533,7
185546,23
185546,1
185546,2
185554,7
185554,1
185554,2
185554,1566
185554,257
185554,58
185558,1
185558,2
185585,1
185585,58
185632,7
185632,1
185632,79
185650,1
185650,7
185660,1
185660,13
185677,37
185677,1
185677,48
185695,9
185695,1
185695,2
185696,1
185696,7
185720,79
185720,1
185720,63
185720,7
185720,356
185721,6
185721,1
185723,2
185723,148
185723,106
185723,1
185723,17
185723,80
185723,31
185723,32
185752,15
185752,1
185752,2
185775,28
185775,1
185775,7
185822,1
185822,2
185822,26
185840,6
185840,3
185840,2
185849,1
185849,7
185849,15
185854,1
185854,7
185854,71
185875,2
185875,16
185875,1
185875,115
185889,1
185889,64
185889,2
185889,106
185895,15
185895,1
185895,2
185914,1
185914,399
185914,13
186053,14
186053,2
186053,1
186053,40
186069,7
186069,1
186092,13
186092,2
186092,1
186158,2
186158,1
186192,1
186192,7
186243,1
186243,2
186247,3
186247,2
186247,26
186247,9
186247,1
186255,2
186255,1
186255,15
186257,10
186268,36
186268,1
186268,6
186272,2
186272,1
186272,15
186305,1
186305,2
186308,37
186308,2
186308,1
186308,15
186325,1
186325,7
186325,15
186326,1
186326,7
186326,2
186340,2
186340,1
186367,34
186367,45
186367,3
186371,7
186371,1
186371,31
186371,2
186373,18
186373,1
186373,2
186384,6
186384,241
186404,1
186404,7
186404,116
186404,50
186404,37
186448,23
186448,1
186448,71
186461,1
186461,2
186465,6
186465,1
186465,36
186469,1
186469,23
186474,48
186474,1
186493,1
186493,2
186494,1
186494,64
186494,2
186537,7
186537,1
186551,15
186551,2
186551,1
186557,6
186557,2
186557,1
186557,36
186565,1
186565,32
186565,16
186565,2
186572,23
186572,2
186572,13
186590,2
186590,1
186600,6
186600,1
186601,1
186601,15
186601,64
186605,1
186605,7
186631,13
186631,1
186631,2
186641,1
186641,54
186649,7
186649,1
186649,30
186678,2
186678,1
186678,7
186702,1
186702,7
186735,1
186735,3
186735,45
186752,2
186752,1
186752,28
186752,30
186757,1
186757,2
186757,15
186831,23
186831,38
186831,1
186831,273
186899,1
186899,2
186899,15
186899,13
186899,37
186923,1
186923,48
186923,54
186923,15
186923,125
186952,1
186952,25
186952,7
186952,189
186975,1
186975,7
186990,13
186990,6
186990,7
186990,2
186990,15
187000,1
187000,2
187012,2
187012,1
187012,23
187012,58
187076,1
187076,7
187076,25
187082,2
187082,6
187082,1
187091,30
187091,1
187093,1
187093,28
187101,15
187101,1
187101,49
187101,37
187132,1
187132,2
187139,1
187139,15
187139,2
187139,40
187139,37
187166,1
187166,23
187177,2
187177,1
187238,1
187238,35
187238,15
187238,2
187238,43
187240,40
187240,163
187240,37
187240,2
187240,1
187261,1
187261,2
187271,2
187271,1
187271,13
187338,1
187338,7
187347,1
187347,1345
187347,34
187347,5341
187347,5342
187347,1142
187347,170
187347,529
187358,7
187358,1
187358,189
187358,18
187373,113
187373,169
187373,1
187373,25
187373,7
187373,28
187373,58
187373,672
187414,26
187414,1
187414,125
187421,23
187421,1
187421,7
187421,296
187421,263
187425,7
187425,140
187425,152
187425,1
187445,15
187445,2
187445,1
187448,1
187448,2
187451,17
187451,2
187451,1
187494,1
187494,2
187494,17
187494,26
187528,34
187528,1
187528,15
187537,1
187537,2
187537,973
187537,955
187566,1
187566,7
187566,2
187566,1132
187566,1133
187575,1
187575,3
187575,2
187587,7
187587,2
187587,1
187618,34
187618,116
187618,48
187618,1
187618,56
187646,6
187646,2
187646,1
187702,1
187702,2
187708,2
187708,45
187708,118
187708,154
187708,1
187708,176
187708,245
187710,2
187710,1
187710,110
187723,2
187723,1
187723,17
187731,15
187731,1
187731,13
187731,37
187739,6
187739,1
187860,1
187860,15
187860,2
187893,1
187893,7
187893,55
187898,15
187898,2
187898,1
187909,1
187909,2
187916,2
187916,49
187916,1
187922,1
187922,7
187922,35
187936,2
187936,9
187936,7
187973,3
187973,2
187973,6
187974,1
187974,7
187979,1
187979,2
187979,7
187985,119
187985,15
187985,1
187985,2
188008,116
188008,1
188008,2
188077,1
188077,2
188077,48
188089,1
188089,7
188106,1
188106,2
188109,23
188109,1
188117,108
188117,2
188117,1
188120,2
188120,1
188120,7
188120,514
188120,6
188121,2
188121,7
188132,1
188132,7
188170,6
188170,2
188170,3
188170,1
188170,176
188181,2
188181,1
188181,15
188181,48
188181,17
188218,1
188218,7
188238,2
188238,646
188238,7
188244,15
188244,1
188244,49
188247,1
188247,7
188247,63
188264,18
188264,162
188264,1215
188264,2
188264,1
188274,1
188274,7
188274,2
188304,1
188304,23
188304,128
188312,7
188312,1
188312,64
188349,28
188349,2
188349,1
188349,114
188357,1
188357,2
188360,1
188360,301
188360,58
188360,296
188360,7
188396,1
188396,64
188396,15
188396,2
188396,37
188529,7
188529,25
188529,1
188544,2
188544,1
188554,1
188554,2
188554,7
188604,7
188604,2
188604,1
188605,2
188605,1
188607,1
188607,2
188674,1
188674,2
188684,2
188684,1
188684,58
188684,7
188684,140
188687,1
188687,2
188687,71
188687,131
188687,161
188687,147
188695,2
188695,7
188695,1
188695,203
188695,110
188732,1
188732,2
188732,26
188745,49
188745,6
188745,36
188810,1
188810,2
188810,60
188816,1
188816,2
188816,17
188837,1
188837,35
188837,6
188938,1
188938,15
188938,48
188973,1
188973,15
188980,2
188980,1
188980,35
188986,1
188986,7
189001,15
189001,2
189001,1
189062,1
189062,2
189062,7
189062,15
189068,1
189068,2
189070,2
189070,1
189070,16
189071,2
189071,1
189091,1
189091,7
189091,26
189130,1
189130,2
189164,1
189164,7
189164,2
189180,1
189180,7
189180,2
189225,1
189230,6
189230,1
189230,36
189239,18
189239,45
189239,24
189239,2
189266,38
189266,1
189266,220
189266,781
189266,2050
189266,58
189310,48
189310,1
189310,2
189313,2
189313,23
189313,49
189313,140
189313,78
189361,2
189361,15
189361,1
189361,13
189419,1
189419,2
189459,1
189459,13
189503,1
189508,1
189508,2
189508,314
189517,2
189517,23
189517,1
189563,41
189563,1
189563,2
189564,1
189564,13
189576,1
189576,2
189589,2
189589,54
189589,1
189621,2
189621,348
189621,1
189621,35
189621,23
189632,1
189632,7
189673,2
189673,25
189673,1
189673,54
189682,1
189682,7
189684,34
189684,53
189684,13
189684,3
189684,45
189696,1
189696,2
189762,6
189762,49
189762,2
189771,55
189771,1
189788,1
189788,15
189788,2
189827,1
189827,2
189827,15
189884,1
189894,1
189894,15
189894,2
189902,152
189902,1
189902,7
189902,140
189902,131
189925,1
189925,2
189925,15
189946,1
189946,2
189946,48
189962,2
189962,1
189962,7
189990,28
189990,1
189990,2
190017,119
190017,7
190017,1
190021,1
190021,35
190021,7
190021,2
190021,54
190041,17
190041,1
190050,35
190050,1
190050,88
190050,23
190053,26
190053,1
190053,2
190054,7
190054,1
190068,1
190087,1
190087,23
190087,2
190088,1
190088,2
190098,2
190098,1
190102,106
190102,3
190102,16
190102,24
190102,1
190102,48
190102,13
190121,1
190121,119
190121,7
190134,1
190134,2
190134,193
190134,26
190134,7
190138,1
190138,23
190138,2
190187,2
190187,7
190187,131
190215,1
190216,1
190216,7
190216,15
190226,6
190226,1
190226,176
190228,2
190228,1
190236,2
190236,1
190236,263
190236,7
190242,1
190242,81
190242,49
190242,23
190264,1
190264,2
190288,1
190288,7
190289,15
190289,1
190322,6
190322,9
190322,1
190330,7
190330,13
190330,15
190330,49
190330,1
190374,1
190374,2
190389,3
190389,2
190389,13
190389,6
190389,240
190389,324
190428,1
190428,7
190431,2
190431,7
190437,168
190437,32
190437,3
190437,45
190437,1
190473,15
190473,1
190473,2
190473,7
190499,152
190499,7
190499,1
190499,2
190507,2
190507,1
190524,23
190524,2
190524,1
190537,2
190537,1
190616,1
190616,49
190616,190
190619,1
190619,35
190619,2
190651,6
190651,49
190651,13
190659,1
190659,7
190659,2
190690,311
190690,1
190690,7
190690,138
190754,1
190777,2
190777,1
190780,31
190780,2
190780,1
190805,6
190805,49
190817,1
190855,7
190855,1
190855,157
190855,26
190975,2
190975,13
190975,285
190975,7
190986,1
190986,2
191002,1
191002,2
191014,2
191014,1
191014,93
191014,7
191014,15
191019,1
191019,7
191022,9
191022,1
191022,166
191033,1
191054,6
191054,1
191059,23
191059,1
191059,2
191064,1
191064,137
191064,7
191103,1
191103,3
191103,2
191103,94
191103,56
191128,98
191128,54
191128,1
191128,2
191128,628
191129,23
191129,2
191129,1
191145,13
191145,49
191145,2
191170,13
191170,2
191170,6
191170,20
191170,36
191179,17
191179,1
191179,7
191184,1
191184,2
191186,1
191186,7
191186,26
191208,13
191208,1
191208,14
191208,3
191208,20
191250,2
191250,1
191305,17
191305,7
191305,1
191314,1
191314,54
191314,28
191314,2
191326,1
191326,7
191346,1
191346,6
191347,7
191347,1
191352,1
191352,7
191387,1
191387,7
191430,49
191430,50
191430,1
191430,54
191430,13
191460,1
191460,13
191460,49
191460,718
191460,1783
191514,1
191514,7
191514,35
191557,15
191557,49
191557,1
191559,2
191559,1
191559,3
191562,1
191562,7
191668,81
191668,1
191693,9
191693,2
191693,1
191696,274
191696,6
191696,2
191696,36
191696,45
191726,1
191726,1821
191726,108
191726,2
191726,86
191750,1
191750,15
191750,7
191761,1
191761,2
191780,1
191780,2
191790,2
191790,7
191790,1
191807,7
191807,1
191812,2
191812,1
191827,2
191827,1
191872,2
191872,1
191872,35
191872,54
191872,17
191891,1
191891,23
191911,1
191911,7
191911,28
191921,7
191921,1
191945,28
191945,1
191945,2
191955,190
191955,6
191955,1
191955,55
191955,36
191976,2
191976,13
191976,25
191976,1
191991,17
191991,1
191991,2
191991,13
191991,15
192042,55
192042,1
192042,2
192090,49
192090,13
192090,1
192090,55
192097,1
192097,49
192098,1
192098,7
192119,1
192119,7
192119,13
192119,2
192119,20
192147,2
192147,1
192154,1
192154,2
192154,136
192165,1
192175,2
192175,1
192175,13
192196,1
192196,7
192232,1
192232,15
192232,193
192235,28
192235,1
192235,7
192236,49
192236,33
192236,2
192236,6
192236,350
192275,1
192275,13
192275,60
192275,2
192275,15
192294,1
192294,7
192298,1
192306,7
192306,1
192306,2
192321,13
192321,15
192321,49
192344,6
192344,1
192344,54
192379,58
192379,1
192408,15
192408,7
192408,1
192408,714
192408,401
192424,2
192424,17
192424,1
192424,40
192424,1474
192424,80
192439,1
192439,13
192439,37
192452,1
192452,7
192458,1
192458,7
192463,49
192463,1
192463,94
192465,2
192465,1
192512,2
192512,1
192512,7
192531,282
192531,6
192531,1
192531,36
192559,15
192559,1
192559,111
192559,48
192559,9
192630,7
192630,1
192642,157
192642,1
192642,54
192642,7
192642,2
192656,1
192656,23
192656,16
192660,1
192660,2
192660,134
192697,1
192697,2
192697,26
192699,26
192699,2
192699,1
192737,1
192737,2
192737,7
192743,1
192743,7
192773,1
192773,2
192773,7
192780,2
192780,1
192783,15
192783,1
192792,1
192792,7
192845,2
192845,1
192845,54
192911,2
192911,6
192911,1
192919,7
192919,1
192949,2
192949,1
192949,15
192955,1
192955,2
192990,489
192990,193
192990,5443
192990,2
192990,1
192999,35
192999,1
192999,2
193000,1
193000,49
193000,50
193000,54
193000,2
193012,1
193012,7
193012,15
193039,15
193039,1
193072,7
193072,1
193072,2
193080,7
193080,1
193080,2
193114,2
193114,3
193114,108
193145,6
193145,49
193145,2
193157,1
193157,7
193157,25
193189,2
193189,1
193189,60
193205,1
193205,2
193215,1
193215,2
193255,1
193255,2
193255,59
193261,6
193261,90
193261,114
193261,1
193261,5449
193264,1
193308,1
193308,7
193308,63
193310,1
193310,7
193310,25
193310,15
193312,2
193312,17
193312,7
193312,13
193312,97
193328,34
193328,3
193328,13
193328,2
193328,20
193331,1
193334,7
193334,1
193334,2
193387,1
193387,7
193416,1
193416,2
193419,2
193419,1
193422,1
193422,7
193422,291
193422,86
193422,108
193422,70
193457,7
193457,1
193458,28
193458,1
193474,2
193474,1
193474,13
193475,1
193475,2
193494,1
193494,59
193494,13
193494,48
193502,1
193502,13
193502,64
193502,2
193502,37
193518,1
193518,2
193518,674
193518,232
193518,126
193535,2
193535,23
193535,215
193535,1
193535,40
193544,1
193544,64
193544,7
193560,37
193560,15
193560,1
193561,1
193561,2
193566,1
193566,2
193567,7
193567,1
193591,1
193591,55
193591,60
193642,1
193651,1
193651,2
193659,6
193659,1
193659,2
193663,1
193663,2
193663,13
193695,1
193695,2
193698,2
193698,1
193698,7
193700,1
193700,2
193718,1
193718,2
193726,1
193726,54
193726,48
193726,15
193727,1
193727,15
193727,17
193727,7
193773,2
193773,108
193773,86
193773,118
193773,1
193773,41
193773,35
193829,1
193829,2
193839,17
193839,1
193859,28
193859,1
193859,2
193876,2
193876,1
193876,7
193916,7
193916,2
193916,1
193940,6
193940,1
193940,7
193988,55
193988,7
193988,1
193991,6
193991,45
193991,34
194057,1
194057,2
194057,7
194068,2
194068,13
194068,84
194068,25
194068,1
194217,2
194217,7
194253,2
194253,1
194275,2
194275,3
194275,86
194275,1
194315,2
194368,1
194368,2
194368,81
194376,1
194376,2
194431,2
194431,48
194431,1
194433,57
194433,2
194433,1
194448,49
194448,15
194448,1
194448,7
194448,35
194496,15
194496,2
194496,1
194498,2
194498,7
194498,1
194525,14
194525,141
194525,1
194525,45
194543,1
194543,7
194543,15
194613,25
194613,1
194613,7
194613,2
194623,2
194623,13
194623,6
194637,1
194637,15
194637,35
194641,1
194641,6
194673,1
194673,49
194673,2
194696,1
194696,15
194696,2
194711,7
194711,1
194711,140
194719,28
194719,1
194728,1
194745,1
194745,15
194745,13
194745,37
194746,1
194759,1
194870,1
194870,2
194900,15
194900,1
194900,7
194909,6
194909,1
194909,36
194945,1
194945,7
194945,15
194949,5466
194949,81
194949,2
194949,1
194991,2
194991,7
194991,1
194991,23
195001,58
195001,1
195001,7
195002,1
195002,2
195024,1
195024,15
195059,17
195059,49
195059,2
195059,54
195059,1
195059,161
195063,1
195063,2
195063,7
195063,25
195063,245
195063,5468
195063,194
195063,86
195063,623
195063,31
195063,399
195063,41
195063,151
195063,58
195116,1
195116,54
195116,48
195116,15
195117,1
195117,2
195117,235
195117,295
195117,34
195117,163
195131,6
195131,1
195131,503
195154,1
195154,2
195155,1
195155,7
195163,1
195163,15
195163,2
195193,1
195193,2
195193,7
195199,2
195199,1
195226,1
195226,2
195226,35
195227,23
195227,1
195227,35
195255,15
195255,1
195255,2
195255,7
195255,13
195299,1
195299,7
195299,35
195301,1
195305,13
195305,6
195305,1
195312,2
195312,1
195312,13
195327,1
195327,2
195347,1
195347,2
195392,55
195392,1
195397,1
195397,7
195397,26
195445,1
195445,49
195445,26
195445,37
195473,2
195473,3
195473,48
195473,15
195473,243
195473,6
195473,147
195473,1
195473,50
195517,2
195517,412
195517,1
195530,1
195549,23
195549,1
195549,2
195601,1
195601,7
195613,1
195613,2
195613,13
195619,60
195619,1
195619,2
195619,20
195619,13
195622,15
195622,1
195636,1
195636,15
195636,48
195638,2
195638,7
195638,1
195638,338
195638,5484
195671,7
195671,2
195671,1
195676,1
195676,23
195784,32
195784,15
195784,1
195784,293
195784,924
195798,2
195798,1
195884,1
195884,7
195884,25
195941,6
195941,64
195941,2
195941,1
195961,2
195961,7
195961,1
195961,58
195977,13
195977,49
195977,2
195977,1
196020,1
196020,2
196020,49
196039,6
196039,2
196039,13
196039,15
196039,54
196047,2
196047,6
196047,1
196047,25
196088,2
196088,16
196088,44
196088,1
196125,3
196125,1
196125,191
196125,30
196209,1
196209,7
196242,1
196242,2
196242,64
196244,45
196244,13
196244,34
196247,1
196247,2
196261,1
196261,2
196261,64
196313,1
196313,49
196346,1
196346,6
196346,447
196366,46
196366,13
196366,2
196387,7
196387,2
196387,1
196398,1
196398,7
196415,113
196415,1
196415,2
196438,1
196438,7
196438,88
196457,28
196457,1
196457,7
196459,23
196459,2
196459,7
196488,2
196488,23
196488,1
196488,49
196492,1
196506,34
196506,3
196506,2
196516,2
196516,48
196516,1
196516,15
196516,182
196539,49
196539,15
196539,6
196539,36
196559,1
196559,2
196559,7
196559,37
196559,128
196577,41
196577,1
196577,118
196577,26
196638,49
196638,1
196726,1
196726,6
196726,54
196759,1
196759,6
196775,7
196775,1
196775,15
196775,2
196806,1
196806,49
196822,1
196822,34
196822,3
196846,119
196846,15
196846,1
196847,1
196847,49
196847,15
196869,1
196869,2
196887,2
196887,6
196887,1
196908,1
196908,7
196908,2
196938,45
196938,3
196938,1
196938,20
196938,57
196938,37
196938,18
196950,2
196950,1
196950,16
196950,3
196950,36
196973,1
196973,7
197009,34
197009,3
197009,45
197046,23
197046,1
197063,1
197075,2
197075,1
197076,6
197076,1
197108,1
197108,2
197108,7
197108,41
197108,25
197108,111
197108,35
197108,88
197108,98
197108,314
197108,71
197108,265
197108,60
197110,119
197110,1
197110,7
197118,13
197118,10
197118,1
197122,1
197122,7
197122,2
197125,1
197125,15
197125,48
197167,1
197167,2
197172,13
197172,1
197172,15
197180,15
197180,1
197180,48
197221,1
197221,86
197221,2
197221,7
197222,1
197222,2
197232,55
197232,1
197232,7
197316,76
197316,1
197316,2194
197316,7
197328,1
197328,7
197364,36
197364,342
197364,1
197364,2
197389,1
197389,15
197415,59
197415,1
197415,2
197415,7
197415,38
197416,6
197416,1
197416,90
197453,1
197453,2
197453,60
197484,1
197484,7
197484,35
197562,26
197562,7
197562,1
197562,2
197582,1
197582,7
197600,15
197600,1
197600,3
197600,2
197634,152
197634,1
197634,7
197650,1
197650,17
197650,2
197659,1
197659,2
197659,41
197663,7
197663,1
197680,106
197680,2
197680,13
197680,1
197680,20
197690,15
197690,1
197707,15
197707,1
197707,49
197707,2
197708,1
197708,2
197708,7
197708,81
197744,6
197744,1
197744,2
197745,1
197745,7
197745,15
197745,48
197745,37
197745,2
197775,1
197775,18
197775,2
197798,40
197798,3
197798,1
197804,2
197804,18
197804,184
197804,1
197833,152
197833,1
197833,7
197833,2
197833,140
197935,1
197935,49
197935,6
197936,1
197936,13
197936,112
197997,54
197997,1
197997,26
198018,13
198018,1
198018,2
198018,44
198018,16
198018,40
198025,30
198025,13
198025,2
198025,1
198028,49
198028,6
198028,13
198031,13
198031,2
198031,1
198063,28
198063,1
198063,7
198069,1
198069,48
198069,15
198074,1
198100,1
198100,7
198153,6
198153,3
198153,2
198159,2
198159,1
198159,49
198168,6
198168,1
198168,25
198168,36
198194,6
198194,1
198242,1
198242,2
198250,1
198250,2
198266,6
198266,15
198266,13
198298,119
198298,1
198298,7
198351,1
198351,2
198351,6
198351,54
198380,7
198380,1
198380,90
198381,42
198381,2
198381,1
198386,79
198386,2
198386,1
198386,63
198388,15
198388,1
198388,58
198389,25
198389,1
198389,7
198399,1
198399,15
198399,64
198399,13
198420,1
198420,7
198420,2
198420,54
198420,40
198420,26
198459,15
198459,2
198459,1
198496,1
198496,416
198496,94
198496,2
198496,35
198499,2
198499,1
198525,1
198525,2
198525,13
198566,6
198566,1
198567,1
198567,6
198567,50
198567,5523
198567,48
198582,6
198582,15
198582,1
198582,13
198593,1
198645,43
198645,30
198645,2
198645,1
198645,44
198655,2
198655,1
198655,48
198680,1
198680,2
198680,15
198695,24
198695,57
198695,2119
198695,1
198698,168
198698,1
198698,7
198698,24
198722,1
198722,23
198729,2
198729,1
198742,1
198742,7
198759,1
198759,6
198764,1
198764,7
198774,1
198774,15
198774,2
198812,1
198812,13
198812,47
198893,1
198893,15
198960,1
198960,2
198960,5532
198987,1
198997,1
198997,6
198997,2
198997,20
198997,13
198997,36
199007,1
199007,2
199018,119
199018,1
199018,2
199029,1
199059,2
199059,1
199059,393
199059,2217
199059,86
199074,6
199074,1
199093,1
199093,64
199093,49
199093,37
199106,1
199106,35
199106,58
199110,1
199144,1
199144,2
199146,15
199146,7
199146,1
199166,23
199166,1
199167,2
199167,1
199178,63
199178,2
199178,17
199178,1
199283,2
199283,1
199324,1
199324,2
199324,67
199324,108
199401,1
199401,2
199401,54
199459,1
199459,7
199459,15
199465,152
199465,7
199465,1
199466,1
199466,15
199466,2
199466,973
199516,2
199516,1
199516,7
199519,3
199519,2
199519,1
199522,71
199522,7
199522,18
199522,41
199522,1
199522,55
199573,391
199573,1
199573,49
199573,37
199573,2
199573,13
199573,15
199618,1
199618,6
199618,750
199618,5547
199619,1
199619,2
199619,7
199665,26
199665,2
199665,7
199665,1
199665,54
199666,2
199666,7
199666,1
199666,122
199666,169
199685,2
199685,1
199685,32
199685,157
199726,7
199726,1
199727,7
199727,1
199727,47
199734,2
199734,28
199734,1
199734,35
199734,1081
199739,58
199739,1
199761,1
199761,28
199761,2
199768,1
199768,2
199768,115
199768,33
199809,2
199809,1
199809,15
199846,28
199846,7
199846,1
199878,1
199878,7
199879,15
199879,1
199879,49
199879,37
199887,193
199887,2
199887,5554
199887,7
199921,1
199921,48
199921,15
199923,1
199923,7
199923,35
199955,6
199955,1
199955,33
199958,1
199958,6
199958,36
