id,name,usage_count,reason
1,牛奶,704,饮料、酒类或乳制品不属于本版核心原生食材
2,芝士,387,烘焙或乳制加工食品
3,淀粉,363,成品、半成品或加工食品
4,火腿,313,加工肉制品
5,面粉,299,成品、半成品或加工食品
6,低筋面粉,278,成品、半成品或加工食品
7,中筋面粉,259,成品、半成品或加工食品
8,椰浆,246,饮料、酒类或乳制品不属于本版核心原生食材
9,培根,240,加工肉制品
10,酸奶,227,饮料、酒类或乳制品不属于本版核心原生食材
11,葡萄干,225,成品、半成品或加工食品
12,可可粉,213,成品、半成品或加工食品
13,巧克力,210,烘焙或乳制加工食品
14,意大利面,196,成品、半成品或加工食品
15,高筋面粉,195,成品、半成品或加工食品
16,香肠,191,加工肉制品
17,马苏里拉芝士,186,烘焙或乳制加工食品
18,全麦面粉,176,成品、半成品或加工食品
19,抹茶粉,176,成品、半成品或加工食品
20,海苔,165,成品、半成品或加工食品
21,炼乳,156,烘焙或乳制加工食品
22,奶粉,156,烘焙或乳制加工食品
23,火腿肠,149,加工肉制品
24,米饭,147,成品、半成品或加工食品
25,豆腐,139,豆制品或淀粉制品（严格模式排除）
26,糯米粉,137,成品、半成品或加工食品
27,面包,134,烘焙或乳制加工食品
28,蔓越莓干,127,成品、半成品或加工食品
29,午餐肉,126,加工肉制品
30,奥利奥,125,不属于指南允许的基础原生食材类别
31,黑巧克力,123,烘焙或乳制加工食品
32,榨菜,123,不属于指南允许的基础原生食材类别
33,奶油奶酪,120,烘焙或乳制加工食品
34,吐司,118,烘焙或乳制加工食品
35,面包糠,117,烘焙或乳制加工食品
36,马苏里拉奶酪,117,烘焙或乳制加工食品
37,椰蓉,115,不属于指南允许的基础原生食材类别
38,奥利奥饼干,115,烘焙或乳制加工食品
39,泡椒,109,成品、半成品或加工食品
40,肉松,107,加工肉制品
41,面条,107,成品、半成品或加工食品
42,粉丝,107,豆制品或淀粉制品（严格模式排除）
43,红茶,107,饮料、酒类或乳制品不属于本版核心原生食材
44,米粉,104,成品、半成品或加工食品
45,戚风蛋糕,99,烘焙或乳制加工食品
46,红曲粉,98,不属于指南允许的基础原生食材类别
47,腊肠,96,成品、半成品或加工食品
48,巧克力豆,94,烘焙或乳制加工食品
49,腊肉,89,加工肉制品
50,虾米,88,成品、半成品或加工食品
51,蛋糕,87,烘焙或乳制加工食品
52,豆沙,85,成品、半成品或加工食品
53,豆浆,84,成品、半成品或加工食品
54,泡菜,84,成品、半成品或加工食品
55,老豆腐,83,豆制品或淀粉制品（严格模式排除）
56,饼干,83,烘焙或乳制加工食品
57,干贝,81,成品、半成品或加工食品
58,年糕,80,成品、半成品或加工食品
59,全脂牛奶,79,饮料、酒类或乳制品不属于本版核心原生食材
60,虾皮,79,成品、半成品或加工食品
61,玉米粉,78,成品、半成品或加工食品
62,剁椒,78,成品、半成品或加工食品
63,红豆沙,75,成品、半成品或加工食品
64,雪碧,72,不属于指南允许的基础原生食材类别
65,炼奶,71,饮料、酒类或乳制品不属于本版核心原生食材
66,番茄沙司,71,成品、半成品或加工食品
67,饺子皮,70,成品、半成品或加工食品
68,白巧克力,70,烘焙或乳制加工食品
69,辣白菜,69,不属于指南允许的基础原生食材类别
70,高筋粉,69,不属于指南允许的基础原生食材类别
71,马苏里拉,69,不属于指南允许的基础原生食材类别
72,即食燕麦,69,成品、半成品或加工食品
73,杏仁奶,68,饮料、酒类或乳制品不属于本版核心原生食材
74,豆沙馅,68,成品、半成品或加工食品
75,山楂,68,不属于指南允许的基础原生食材类别
76,嫩豆腐,67,豆制品或淀粉制品（严格模式排除）
77,粘米粉,67,成品、半成品或加工食品
78,腐竹,66,豆制品或淀粉制品（严格模式排除）
79,凉开水,65,不属于指南允许的基础原生食材类别
80,低筋粉,65,不属于指南允许的基础原生食材类别
81,柠檬皮,65,不属于指南允许的基础原生食材类别
82,金枪鱼罐头,64,成品、半成品或加工食品
83,鱼丸,63,成品、半成品或加工食品
84,苏打水,63,不属于指南允许的基础原生食材类别
85,咖啡粉,63,饮料、酒类或乳制品不属于本版核心原生食材
86,酸菜,62,成品、半成品或加工食品
87,芝士粉,62,烘焙或乳制加工食品
88,橙子皮,62,不属于指南允许的基础原生食材类别
89,油泼辣子,61,不属于指南允许的基础原生食材类别
90,萝卜干,61,成品、半成品或加工食品
91,粉条,60,豆制品或淀粉制品（严格模式排除）
92,熟芝麻,60,成品、半成品或加工食品
93,海绵蛋糕,60,烘焙或乳制加工食品
94,牛肉丸,59,成品、半成品或加工食品
95,希腊酸奶,59,饮料、酒类或乳制品不属于本版核心原生食材
96,西米,59,成品、半成品或加工食品
97,咖啡,57,饮料、酒类或乳制品不属于本版核心原生食材
98,绿茶,57,饮料、酒类或乳制品不属于本版核心原生食材
99,咸蛋黄,57,成品、半成品或加工食品
100,瑶柱,57,不属于指南允许的基础原生食材类别
101,消化饼干,57,烘焙或乳制加工食品
102,豆奶,56,成品、半成品或加工食品
103,熟白芝麻,56,成品、半成品或加工食品
104,梅干菜,55,成品、半成品或加工食品
105,肉丸,54,成品、半成品或加工食品
106,香粉,53,不属于指南允许的基础原生食材类别
107,奇亚籽,53,不属于指南允许的基础原生食材类别
108,手指饼干,53,烘焙或乳制加工食品
109,虫草,53,不属于指南允许的基础原生食材类别
110,油豆腐,52,豆制品或淀粉制品（严格模式排除）
111,茶叶,52,饮料、酒类或乳制品不属于本版核心原生食材
112,咸肉,52,成品、半成品或加工食品
113,鱼豆腐,51,豆制品或淀粉制品（严格模式排除）
114,咸菜,51,成品、半成品或加工食品
115,蜜红豆,50,成品、半成品或加工食品
116,蛋挞皮,50,成品、半成品或加工食品
117,苏打,49,不属于指南允许的基础原生食材类别
118,酒酿,49,不属于指南允许的基础原生食材类别
119,面包粉,49,烘焙或乳制加工食品
120,火锅料,49,不属于指南允许的基础原生食材类别
121,抹茶,48,饮料、酒类或乳制品不属于本版核心原生食材
122,酸豆角,48,成品、半成品或加工食品
123,豆干,48,豆制品或淀粉制品（严格模式排除）
124,豆腐皮,48,豆制品或淀粉制品（严格模式排除）
125,苏打粉,48,不属于指南允许的基础原生食材类别
126,丸子,47,成品、半成品或加工食品
127,酱牛肉,47,成品、半成品或加工食品
128,青柠,47,不属于指南允许的基础原生食材类别
129,果干,47,成品、半成品或加工食品
130,蛋糕胚,46,烘焙或乳制加工食品
131,法棍,45,不属于指南允许的基础原生食材类别
132,海米,45,成品、半成品或加工食品
133,馄饨皮,45,成品、半成品或加工食品
134,桃胶,45,成品、半成品或加工食品
135,巧克力粉,45,烘焙或乳制加工食品
136,脱脂牛奶,44,饮料、酒类或乳制品不属于本版核心原生食材
137,丁香,44,不属于指南允许的基础原生食材类别
138,蛋糕粉,44,烘焙或乳制加工食品
139,九层塔,44,不属于指南允许的基础原生食材类别
140,汤圆,43,不属于指南允许的基础原生食材类别
141,戚风蛋糕胚,43,烘焙或乳制加工食品
142,蜜豆,43,成品、半成品或加工食品
143,方便面,43,成品、半成品或加工食品
144,柠檬皮屑,43,不属于指南允许的基础原生食材类别
145,可乐,43,饮料、酒类或乳制品不属于本版核心原生食材
146,蓝莓干,43,成品、半成品或加工食品
147,蛋白粉,43,饮料、酒类或乳制品不属于本版核心原生食材
148,馒头,43,成品、半成品或加工食品
149,熟花生,43,成品、半成品或加工食品
150,那种,41,不属于指南允许的基础原生食材类别
151,虾干,41,成品、半成品或加工食品
152,葱姜水,41,成品、半成品或加工食品
153,披萨草,41,成品、半成品或加工食品
154,全麦面包,41,烘焙或乳制加工食品
155,干酪,41,饮料、酒类或乳制品不属于本版核心原生食材
156,花甲,40,不属于指南允许的基础原生食材类别
157,剁辣椒,40,成品、半成品或加工食品
158,饮水,40,不属于指南允许的基础原生食材类别
159,蟹肉棒,40,成品、半成品或加工食品
160,酸黄瓜,40,成品、半成品或加工食品
161,奶油芝士,39,烘焙或乳制加工食品
162,冰淇淋,39,成品、半成品或加工食品
163,粽叶,39,不属于指南允许的基础原生食材类别
164,香干,38,成品、半成品或加工食品
165,鱼饼,38,成品、半成品或加工食品
166,竹炭粉,38,不属于指南允许的基础原生食材类别
167,豆皮,38,豆制品或淀粉制品（严格模式排除）
168,混合香料,38,不属于指南允许的基础原生食材类别
169,干果,38,不属于指南允许的基础原生食材类别
170,奶酪片,37,烘焙或乳制加工食品
171,烧烤料,37,不属于指南允许的基础原生食材类别
172,气泡水,37,不属于指南允许的基础原生食材类别
173,龙口粉丝,37,豆制品或淀粉制品（严格模式排除）
174,花胶,37,不属于指南允许的基础原生食材类别
175,养乐多,37,不属于指南允许的基础原生食材类别
176,鲜牛奶,37,饮料、酒类或乳制品不属于本版核心原生食材
177,慕斯,37,成品、半成品或加工食品
178,豆腐干,37,豆制品或淀粉制品（严格模式排除）
179,帕玛森芝士,37,烘焙或乳制加工食品
180,番茄膏,36,成品、半成品或加工食品
181,笋干,36,成品、半成品或加工食品
182,芋圆,36,成品、半成品或加工食品
183,茶包,36,不属于指南允许的基础原生食材类别
184,美乃滋,36,不属于指南允许的基础原生食材类别
185,树莓,36,不属于指南允许的基础原生食材类别
186,冷开水,36,不属于指南允许的基础原生食材类别
187,米线,36,成品、半成品或加工食品
188,全脂奶粉,36,烘焙或乳制加工食品
189,鲜奶,36,饮料、酒类或乳制品不属于本版核心原生食材
190,二荆条,36,不属于指南允许的基础原生食材类别
191,西蓝花,36,不属于指南允许的基础原生食材类别
192,牛奶巧克力,36,烘焙或乳制加工食品
193,速溶咖啡粉,35,饮料、酒类或乳制品不属于本版核心原生食材
194,脱脂奶粉,35,烘焙或乳制加工食品
195,亚麻籽粉,35,不属于指南允许的基础原生食材类别
196,水油皮,35,不属于指南允许的基础原生食材类别
197,吐司面包,35,烘焙或乳制加工食品
198,冻豆腐,34,豆制品或淀粉制品（严格模式排除）
199,番茄罐头,34,成品、半成品或加工食品
200,塔塔粉,34,不属于指南允许的基础原生食材类别
201,猪油渣,34,成品、半成品或加工食品
202,蛋白霜,34,成品、半成品或加工食品
203,熟黑芝麻,34,成品、半成品或加工食品
204,内酯豆腐,33,豆制品或淀粉制品（严格模式排除）
205,淡奶,33,饮料、酒类或乳制品不属于本版核心原生食材
206,饺子粉,33,成品、半成品或加工食品
207,各种水果,33,不属于指南允许的基础原生食材类别
208,党参,33,不属于指南允许的基础原生食材类别
209,茉莉花茶,33,饮料、酒类或乳制品不属于本版核心原生食材
210,红烧肉,33,成品、半成品或加工食品
211,土司,33,不属于指南允许的基础原生食材类别
212,雪菜,32,成品、半成品或加工食品
213,酸萝卜,32,成品、半成品或加工食品
214,泡姜,32,成品、半成品或加工食品
215,意粉,32,不属于指南允许的基础原生食材类别
216,发酵粉,32,不属于指南允许的基础原生食材类别
217,橘子皮,32,不属于指南允许的基础原生食材类别
218,乳酪,32,饮料、酒类或乳制品不属于本版核心原生食材
219,剩米饭,31,成品、半成品或加工食品
220,骨头,31,不属于指南允许的基础原生食材类别
221,低脂牛奶,31,饮料、酒类或乳制品不属于本版核心原生食材
222,凉白开水,31,不属于指南允许的基础原生食材类别
223,藕粉,31,成品、半成品或加工食品
224,珍珠,31,不属于指南允许的基础原生食材类别
225,中筋粉,31,不属于指南允许的基础原生食材类别
226,旺仔牛奶,31,饮料、酒类或乳制品不属于本版核心原生食材
227,乌龙茶,31,饮料、酒类或乳制品不属于本版核心原生食材
228,饺子,31,成品、半成品或加工食品
229,马蹄粉,31,不属于指南允许的基础原生食材类别
230,橄榄菜,31,成品、半成品或加工食品
231,全麦吐司,31,烘焙或乳制加工食品
232,水磨糯米粉,30,成品、半成品或加工食品
233,隔夜饭,30,不属于指南允许的基础原生食材类别
234,容器,30,工具、包装或操作说明
235,面包屑,30,烘焙或乳制加工食品
236,红茶包,30,不属于指南允许的基础原生食材类别
237,蛋糕底,30,烘焙或乳制加工食品
238,自发粉,30,不属于指南允许的基础原生食材类别
239,桂圆干,29,不属于指南允许的基础原生食材类别
240,隔夜米饭,29,成品、半成品或加工食品
241,各种香料,29,不属于指南允许的基础原生食材类别
242,香草荚,29,成品、半成品或加工食品
243,韩国泡菜,29,成品、半成品或加工食品
244,卤牛肉,29,成品、半成品或加工食品
245,速溶咖啡,29,饮料、酒类或乳制品不属于本版核心原生食材
246,脊骨,29,不属于指南允许的基础原生食材类别
247,其他水果,29,不属于指南允许的基础原生食材类别
248,燕麦奶,29,饮料、酒类或乳制品不属于本版核心原生食材
249,豆渣,29,成品、半成品或加工食品
250,奶茶,29,饮料、酒类或乳制品不属于本版核心原生食材
251,克水,29,不属于指南允许的基础原生食材类别
252,亚麻籽,29,不属于指南允许的基础原生食材类别
253,油条,29,成品、半成品或加工食品
254,帕玛森奶酪,29,烘焙或乳制加工食品
255,熟玉米,29,成品、半成品或加工食品
256,柴鱼,29,成品、半成品或加工食品
257,白米饭,28,成品、半成品或加工食品
258,广式腊肠,28,成品、半成品或加工食品
259,电动打蛋器,28,工具、包装或操作说明
260,各种丸子,28,成品、半成品或加工食品
261,提子干,28,不属于指南允许的基础原生食材类别
262,蟹柳,28,成品、半成品或加工食品
263,西瓜皮,28,不属于指南允许的基础原生食材类别
264,即食麦片,28,成品、半成品或加工食品
265,熟糯米粉,28,成品、半成品或加工食品
266,春卷皮,28,不属于指南允许的基础原生食材类别
267,饼皮,28,不属于指南允许的基础原生食材类别
268,红茶叶,28,饮料、酒类或乳制品不属于本版核心原生食材
269,青口,27,不属于指南允许的基础原生食材类别
270,浓稠酸奶,27,饮料、酒类或乳制品不属于本版核心原生食材
271,巴旦木,27,不属于指南允许的基础原生食材类别
272,饮料,27,饮料、酒类或乳制品不属于本版核心原生食材
273,就行水,27,不属于指南允许的基础原生食材类别
274,咖啡豆,27,饮料、酒类或乳制品不属于本版核心原生食材
275,吉士粉,27,不属于指南允许的基础原生食材类别
276,香草膏,27,成品、半成品或加工食品
277,烧烤粉,27,不属于指南允许的基础原生食材类别
278,饺子馅,27,成品、半成品或加工食品
279,调味粉,27,不属于指南允许的基础原生食材类别
280,火腿肉,27,加工肉制品
281,干豆腐,27,豆制品或淀粉制品（严格模式排除）
282,油辣子,26,不属于指南允许的基础原生食材类别
283,脆皮肠,26,成品、半成品或加工食品
284,面筋,26,成品、半成品或加工食品
285,内脂豆腐,26,豆制品或淀粉制品（严格模式排除）
286,苏打饼干,26,烘焙或乳制加工食品
287,澄粉,26,不属于指南允许的基础原生食材类别
288,各种食材,26,不属于指南允许的基础原生食材类别
289,炸粉,26,不属于指南允许的基础原生食材类别
290,豆腐泡,26,豆制品或淀粉制品（严格模式排除）
291,河粉,26,成品、半成品或加工食品
292,黄芪,26,不属于指南允许的基础原生食材类别
293,饼底,26,不属于指南允许的基础原生食材类别
294,红肠,26,成品、半成品或加工食品
295,碧根果,26,不属于指南允许的基础原生食材类别
296,西洋参,26,不属于指南允许的基础原生食材类别
297,艾草,26,不属于指南允许的基础原生食材类别
298,剩饭,25,不属于指南允许的基础原生食材类别
299,火锅丸子,25,成品、半成品或加工食品
300,冬菜,25,成品、半成品或加工食品
301,糙米饭,25,成品、半成品或加工食品
302,水牛奶,25,饮料、酒类或乳制品不属于本版核心原生食材
303,果蔬粉,25,不属于指南允许的基础原生食材类别
304,油面筋,25,成品、半成品或加工食品
305,黑橄榄,25,不属于指南允许的基础原生食材类别
306,醪糟,25,不属于指南允许的基础原生食材类别
307,其他食材,25,不属于指南允许的基础原生食材类别
308,千叶豆腐,25,豆制品或淀粉制品（严格模式排除）
309,馄饨,25,成品、半成品或加工食品
310,玉米罐头,25,成品、半成品或加工食品
311,冰激凌,25,不属于指南允许的基础原生食材类别
312,雪糕,25,成品、半成品或加工食品
313,芝士年糕,25,烘焙或乳制加工食品
314,玻璃罐,25,不属于指南允许的基础原生食材类别
315,欧包,25,不属于指南允许的基础原生食材类别
316,咸鸭蛋,25,成品、半成品或加工食品
317,蟹棒,25,成品、半成品或加工食品
318,配方奶,25,饮料、酒类或乳制品不属于本版核心原生食材
319,酸笋,25,成品、半成品或加工食品
320,千张,25,豆制品或淀粉制品（严格模式排除）
321,覆盆子,25,不属于指南允许的基础原生食材类别
322,莳萝,25,不属于指南允许的基础原生食材类别
323,淮山,24,不属于指南允许的基础原生食材类别
324,老酸奶,24,饮料、酒类或乳制品不属于本版核心原生食材
325,天然酵种,24,不属于指南允许的基础原生食材类别
326,车厘子,24,不属于指南允许的基础原生食材类别
327,泡辣椒,24,成品、半成品或加工食品
328,干虾仁,24,成品、半成品或加工食品
329,速冻饺子,24,成品、半成品或加工食品
330,芡实,24,不属于指南允许的基础原生食材类别
331,山奈,24,不属于指南允许的基础原生食材类别
332,宽粉,24,不属于指南允许的基础原生食材类别
333,松饼粉,24,不属于指南允许的基础原生食材类别
334,奇异果,24,不属于指南允许的基础原生食材类别
335,当归,24,不属于指南允许的基础原生食材类别
336,奶油霜,24,烘焙或乳制加工食品
337,伯爵红茶,24,饮料、酒类或乳制品不属于本版核心原生食材
338,金桔,23,不属于指南允许的基础原生食材类别
339,太白粉,23,不属于指南允许的基础原生食材类别
340,熟米饭,23,成品、半成品或加工食品
341,芽菜,23,成品、半成品或加工食品
342,糯米饭,23,成品、半成品或加工食品
343,热狗肠,23,成品、半成品或加工食品
344,预拌粉,23,不属于指南允许的基础原生食材类别
345,替代,23,不属于指南允许的基础原生食材类别
346,植物奶,23,饮料、酒类或乳制品不属于本版核心原生食材
347,沙拉菜,23,成品、半成品或加工食品
348,东西,23,不属于指南允许的基础原生食材类别
349,更好,23,不属于指南允许的基础原生食材类别
350,熟花生米,23,成品、半成品或加工食品
351,熟黄豆粉,23,成品、半成品或加工食品
352,浓缩咖啡,23,饮料、酒类或乳制品不属于本版核心原生食材
353,水饴,23,不属于指南允许的基础原生食材类别
354,卤水,23,不属于指南允许的基础原生食材类别
355,巧克力甘纳许,23,烘焙或乳制加工食品
356,手抓饼,23,不属于指南允许的基础原生食材类别
357,罗汉果,23,不属于指南允许的基础原生食材类别
358,美极鲜,23,不属于指南允许的基础原生食材类别
359,杂粮饭,23,不属于指南允许的基础原生食材类别
360,白芷,23,不属于指南允许的基础原生食材类别
361,克面粉,23,成品、半成品或加工食品
362,椰蓉馅,23,不属于指南允许的基础原生食材类别
363,蛋糕体,23,烘焙或乳制加工食品
364,消化饼,23,不属于指南允许的基础原生食材类别
365,熟牛肉,23,成品、半成品或加工食品
366,车打芝士,23,烘焙或乳制加工食品
367,果蔬,23,不属于指南允许的基础原生食材类别
368,烤肠,22,成品、半成品或加工食品
369,肉肠,22,成品、半成品或加工食品
370,墨鱼丸,22,成品、半成品或加工食品
371,鱼干,22,成品、半成品或加工食品
372,鱿鱼干,22,成品、半成品或加工食品
373,提子,22,不属于指南允许的基础原生食材类别
374,豆泡,22,成品、半成品或加工食品
375,柚子皮,22,不属于指南允许的基础原生食材类别
376,戚风,22,不属于指南允许的基础原生食材类别
377,糟辣椒,22,成品、半成品或加工食品
378,牛奶牛奶,22,饮料、酒类或乳制品不属于本版核心原生食材
379,麻辣香锅料,22,不属于指南允许的基础原生食材类别
380,每日坚果,22,成品、半成品或加工食品
381,酸辣椒,22,成品、半成品或加工食品
382,奶酪碎,22,烘焙或乳制加工食品
383,千层酥皮,22,不属于指南允许的基础原生食材类别
384,茉莉绿茶,22,饮料、酒类或乳制品不属于本版核心原生食材
385,乳酸菌,22,成品、半成品或加工食品
386,奶黄馅,22,不属于指南允许的基础原生食材类别
387,海底椰,22,不属于指南允许的基础原生食材类别
388,烟熏三文鱼,21,成品、半成品或加工食品
389,红茶粉,21,不属于指南允许的基础原生食材类别
390,全麦面包粉,21,烘焙或乳制加工食品
391,麻辣鲜,21,不属于指南允许的基础原生食材类别
392,披萨饼底,21,成品、半成品或加工食品
393,剩菜,21,成品、半成品或加工食品
394,新鲜水果,21,不属于指南允许的基础原生食材类别
395,黄桃罐头,21,成品、半成品或加工食品
396,贝果,21,成品、半成品或加工食品
397,之类,21,不属于指南允许的基础原生食材类别
398,香草籽,21,成品、半成品或加工食品
399,所需食材,21,不属于指南允许的基础原生食材类别
400,油炸花生米,21,成品、半成品或加工食品
401,龙骨,21,不属于指南允许的基础原生食材类别
402,饼干底,21,烘焙或乳制加工食品
403,椰子面粉,21,成品、半成品或加工食品
404,大米粉,21,成品、半成品或加工食品
405,甘草,21,不属于指南允许的基础原生食材类别
406,玉米面粉,21,成品、半成品或加工食品
407,面皮,21,不属于指南允许的基础原生食材类别
408,橙皮屑,21,不属于指南允许的基础原生食材类别
409,谷物,21,不属于指南允许的基础原生食材类别
410,白莲,21,不属于指南允许的基础原生食材类别
411,水果燕麦,21,成品、半成品或加工食品
412,黑白淡奶,20,饮料、酒类或乳制品不属于本版核心原生食材
413,白凉粉,20,不属于指南允许的基础原生食材类别
414,黑巧克力豆,20,烘焙或乳制加工食品
415,耐烤巧克力豆,20,烘焙或乳制加工食品
416,莲蓉,20,不属于指南允许的基础原生食材类别
417,蔬之鲜,20,不属于指南允许的基础原生食材类别
418,龟苓膏,20,不属于指南允许的基础原生食材类别
419,艾叶,20,不属于指南允许的基础原生食材类别
420,棒骨,20,不属于指南允许的基础原生食材类别
421,其他香料,20,不属于指南允许的基础原生食材类别
422,猪肉丸,20,成品、半成品或加工食品
423,食谱,20,不属于指南允许的基础原生食材类别
424,一起,20,不属于指南允许的基础原生食材类别
425,镜面果胶,20,成品、半成品或加工食品
426,味醂,20,不属于指南允许的基础原生食材类别
427,水饺,20,不属于指南允许的基础原生食材类别
428,小麦面粉,20,成品、半成品或加工食品
429,奶酪丝,20,烘焙或乳制加工食品
430,油酥,20,不属于指南允许的基础原生食材类别
431,分割线,20,不属于指南允许的基础原生食材类别
432,红泡椒,20,成品、半成品或加工食品
433,干粉,20,不属于指南允许的基础原生食材类别
434,薄脆,20,不属于指南允许的基础原生食材类别
435,车达芝士,20,烘焙或乳制加工食品
436,熟肉,20,成品、半成品或加工食品
437,细粉,20,不属于指南允许的基础原生食材类别
438,快熟燕麦,20,成品、半成品或加工食品
439,味素,19,不属于指南允许的基础原生食材类别
440,日本豆腐,19,豆制品或淀粉制品（严格模式排除）
441,广味香肠,19,加工肉制品
442,骨头汤,19,不属于指南允许的基础原生食材类别
443,奥尔良粉,19,不属于指南允许的基础原生食材类别
444,就好水,19,不属于指南允许的基础原生食材类别
445,面粉面粉,19,成品、半成品或加工食品
446,时令水果,19,不属于指南允许的基础原生食材类别
447,熏肉,19,加工肉制品
448,粉皮,19,豆制品或淀粉制品（严格模式排除）
449,卤水豆腐,19,豆制品或淀粉制品（严格模式排除）
450,燕窝,19,不属于指南允许的基础原生食材类别
451,豆芽菜,19,成品、半成品或加工食品
452,海苔粉,19,成品、半成品或加工食品
453,巧克力笔,19,烘焙或乳制加工食品
454,榨汁机,19,不属于指南允许的基础原生食材类别
455,水量水,19,不属于指南允许的基础原生食材类别
456,虾皮粉,19,成品、半成品或加工食品
457,莲蓉馅,19,不属于指南允许的基础原生食材类别
458,黑咖啡,19,饮料、酒类或乳制品不属于本版核心原生食材
459,咸鸭蛋黄,19,成品、半成品或加工食品
460,奶油馅,19,烘焙或乳制加工食品
461,绿色,19,不属于指南允许的基础原生食材类别
462,曲奇,19,成品、半成品或加工食品
463,苦菊,18,不属于指南允许的基础原生食材类别
464,酒曲,18,不属于指南允许的基础原生食材类别
465,臭豆腐,18,豆制品或淀粉制品（严格模式排除）
466,雪燕,18,不属于指南允许的基础原生食材类别
467,奶酪粉,18,烘焙或乳制加工食品
468,叉烧,18,加工肉制品
469,戚风蛋糕底,18,烘焙或乳制加工食品
470,戚风蛋糕坯,18,烘焙或乳制加工食品
471,耐高温巧克力豆,18,烘焙或乳制加工食品
472,巧克力淋面,18,烘焙或乳制加工食品
473,芝士蛋糕,18,烘焙或乳制加工食品
474,味达美,18,不属于指南允许的基础原生食材类别
475,甜酒酿,18,不属于指南允许的基础原生食材类别
476,金不换,18,不属于指南允许的基础原生食材类别
477,水怡,18,不属于指南允许的基础原生食材类别
478,藏红花,18,不属于指南允许的基础原生食材类别
479,热开水,18,不属于指南允许的基础原生食材类别
480,冰牛奶,18,饮料、酒类或乳制品不属于本版核心原生食材
481,味啉,18,不属于指南允许的基础原生食材类别
482,筷子,18,不属于指南允许的基础原生食材类别
483,棉线,18,不属于指南允许的基础原生食材类别
484,芝士奶酪,18,烘焙或乳制加工食品
485,干茅根,18,不属于指南允许的基础原生食材类别
486,豆浆粉,18,成品、半成品或加工食品
487,波兰种,18,不属于指南允许的基础原生食材类别
488,月饼馅,18,成品、半成品或加工食品
489,果冻,18,不属于指南允许的基础原生食材类别
490,蛋糕坯,18,烘焙或乳制加工食品
491,苦甜巧克力,18,烘焙或乳制加工食品
492,凉粉,17,不属于指南允许的基础原生食材类别
493,素鸡,17,成品、半成品或加工食品
494,莲花白,17,不属于指南允许的基础原生食材类别
495,杂粮米饭,17,成品、半成品或加工食品
496,韩式泡菜,17,成品、半成品或加工食品
497,话梅,17,不属于指南允许的基础原生食材类别
498,速冻水饺,17,不属于指南允许的基础原生食材类别
499,寿司海苔,17,成品、半成品或加工食品
500,洋车前子壳粉,17,不属于指南允许的基础原生食材类别
501,酸奶发酵菌,17,饮料、酒类或乳制品不属于本版核心原生食材
502,蔬菜沙拉,17,成品、半成品或加工食品
503,意式浓缩咖啡,17,饮料、酒类或乳制品不属于本版核心原生食材
504,一下,17,不属于指南允许的基础原生食材类别
505,骨汤,17,不属于指南允许的基础原生食材类别
506,戚风蛋糕体,17,烘焙或乳制加工食品
507,汽水,17,饮料、酒类或乳制品不属于本版核心原生食材
508,圆子,17,不属于指南允许的基础原生食材类别
509,红皮花生,17,不属于指南允许的基础原生食材类别
510,火腿切片,17,加工肉制品
511,芝麻汤圆,17,不属于指南允许的基础原生食材类别
512,培根肉,17,加工肉制品
513,酸奶酸奶,17,饮料、酒类或乳制品不属于本版核心原生食材
514,蛋糕预拌粉,17,烘焙或乳制加工食品
515,山羊奶酪,17,烘焙或乳制加工食品
516,一次性手套,17,不属于指南允许的基础原生食材类别
517,半斤,17,数量或单位残留且无法可靠恢复原食材
518,配比,17,不属于指南允许的基础原生食材类别
519,多少面粉,17,成品、半成品或加工食品
520,中筋,17,不属于指南允许的基础原生食材类别
521,手抓饼皮,17,不属于指南允许的基础原生食材类别
522,三明治,17,不属于指南允许的基础原生食材类别
523,红丝绒液,17,不属于指南允许的基础原生食材类别
524,绢豆腐,17,豆制品或淀粉制品（严格模式排除）
525,汉堡胚,17,成品、半成品或加工食品
526,熟透香蕉,17,成品、半成品或加工食品
527,泼辣子,17,不属于指南允许的基础原生食材类别
528,羊奶,17,饮料、酒类或乳制品不属于本版核心原生食材
529,香草冰淇淋,17,成品、半成品或加工食品
530,泡椒水,17,成品、半成品或加工食品
531,刷表面,17,工具、包装或操作说明
532,内酯,17,不属于指南允许的基础原生食材类别
533,面包机,17,烘焙或乳制加工食品
534,奶酪芝士,17,烘焙或乳制加工食品
535,可可,17,不属于指南允许的基础原生食材类别
536,巧克力饼干,17,烘焙或乳制加工食品
537,杂蔬,17,不属于指南允许的基础原生食材类别
538,水晶粉,17,不属于指南允许的基础原生食材类别
539,海苔肉松,16,加工肉制品
540,温牛奶,16,饮料、酒类或乳制品不属于本版核心原生食材
541,蔓越梅,16,不属于指南允许的基础原生食材类别
542,单山蘸水,16,不属于指南允许的基础原生食材类别
543,南乳,16,不属于指南允许的基础原生食材类别
544,香辛料,16,不属于指南允许的基础原生食材类别
545,虾滑,16,成品、半成品或加工食品
546,干面粉,16,成品、半成品或加工食品
547,火锅蘸料,16,不属于指南允许的基础原生食材类别
548,鸡肉肠,16,成品、半成品或加工食品
549,任意水果,16,不属于指南允许的基础原生食材类别
550,红茶茶叶,16,饮料、酒类或乳制品不属于本版核心原生食材
551,羊奶粉,16,烘焙或乳制加工食品
552,铁观音,16,不属于指南允许的基础原生食材类别
553,油浸金枪鱼罐头,16,成品、半成品或加工食品
554,布丁,16,成品、半成品或加工食品
555,黑加仑葡萄干,16,成品、半成品或加工食品
556,酸奶发酵剂,16,饮料、酒类或乳制品不属于本版核心原生食材
557,扇骨,16,不属于指南允许的基础原生食材类别
558,低筋,16,不属于指南允许的基础原生食材类别
559,克牛奶,16,饮料、酒类或乳制品不属于本版核心原生食材
560,葛根粉,16,成品、半成品或加工食品
561,虾丸,16,成品、半成品或加工食品
562,果泥,16,不属于指南允许的基础原生食材类别
563,薄饼,16,不属于指南允许的基础原生食材类别
564,锅底,16,不属于指南允许的基础原生食材类别
565,部位,16,不属于指南允许的基础原生食材类别
566,慕斯蛋糕,16,烘焙或乳制加工食品
567,巧克力馅,16,烘焙或乳制加工食品
568,豆腐豆腐,16,豆制品或淀粉制品（严格模式排除）
569,就行面粉,16,成品、半成品或加工食品
570,玉竹,16,不属于指南允许的基础原生食材类别
571,肠衣,16,不属于指南允许的基础原生食材类别
572,马斯卡彭,16,不属于指南允许的基础原生食材类别
573,肉丸子,16,成品、半成品或加工食品
574,月饼皮,16,成品、半成品或加工食品
575,蛋糕卷,16,烘焙或乳制加工食品
576,派皮,16,不属于指南允许的基础原生食材类别
577,猪大肠,16,成品、半成品或加工食品
578,白面包,16,烘焙或乳制加工食品
579,花旗参,16,不属于指南允许的基础原生食材类别
580,土司面包,16,烘焙或乳制加工食品
581,自发面粉,15,成品、半成品或加工食品
582,酸奶菌粉,15,饮料、酒类或乳制品不属于本版核心原生食材
583,橘皮,15,不属于指南允许的基础原生食材类别
584,奶油夹心,15,烘焙或乳制加工食品
585,山楂干,15,不属于指南允许的基础原生食材类别
586,玻璃罐子,15,不属于指南允许的基础原生食材类别
587,苦苣,15,不属于指南允许的基础原生食材类别
588,干百合,15,不属于指南允许的基础原生食材类别
589,益力多,15,不属于指南允许的基础原生食材类别
590,广式香肠,15,加工肉制品
591,融化巧克力,15,烘焙或乳制加工食品
592,粿条,15,不属于指南允许的基础原生食材类别
593,巧克力币,15,烘焙或乳制加工食品
594,脱脂奶,15,饮料、酒类或乳制品不属于本版核心原生食材
595,德芙巧克力,15,烘焙或乳制加工食品
596,多少马苏里拉芝士,15,烘焙或乳制加工食品
597,干奶酪,15,烘焙或乳制加工食品
598,干酪粉,15,不属于指南允许的基础原生食材类别
599,一品鲜,15,不属于指南允许的基础原生食材类别
600,酸奶发酵粉,15,饮料、酒类或乳制品不属于本版核心原生食材
601,热狗,15,不属于指南允许的基础原生食材类别
602,绿豆沙,15,成品、半成品或加工食品
603,酸奶菌,15,饮料、酒类或乳制品不属于本版核心原生食材
604,餐包,15,不属于指南允许的基础原生食材类别
605,红茶茶包,15,不属于指南允许的基础原生食材类别
606,燕麦麸皮,15,不属于指南允许的基础原生食材类别
607,粗粮,15,不属于指南允许的基础原生食材类别
608,蛋糕模,15,烘焙或乳制加工食品
609,小虾米,15,成品、半成品或加工食品
610,水浸金枪鱼罐头,15,成品、半成品或加工食品
611,菠萝罐头,15,成品、半成品或加工食品
612,吞拿鱼罐头,15,成品、半成品或加工食品
613,巧克力蛋糕,15,烘焙或乳制加工食品
614,甜味剂,15,不属于指南允许的基础原生食材类别
615,小香肠,15,加工肉制品
616,就好了,15,不属于指南允许的基础原生食材类别
617,绳子,15,不属于指南允许的基础原生食材类别
618,大米饭,15,成品、半成品或加工食品
619,婴儿奶粉,15,烘焙或乳制加工食品
620,低筋麵粉,15,不属于指南允许的基础原生食材类别
621,咖啡液,15,饮料、酒类或乳制品不属于本版核心原生食材
622,披萨底,15,成品、半成品或加工食品
623,蚝干,15,不属于指南允许的基础原生食材类别
624,杂粮粉,15,不属于指南允许的基础原生食材类别
625,酥皮,15,不属于指南允许的基础原生食材类别
626,勾芡,15,不属于指南允许的基础原生食材类别
627,紫皮洋葱,15,不属于指南允许的基础原生食材类别
628,洛神花,15,不属于指南允许的基础原生食材类别
629,吐司粉,15,烘焙或乳制加工食品
630,石斛,15,不属于指南允许的基础原生食材类别
631,金华火腿,15,加工肉制品
632,腌肉,15,加工肉制品
633,烟熏火腿,15,加工肉制品
634,白吐司,15,烘焙或乳制加工食品
635,青汁粉,15,不属于指南允许的基础原生食材类别
636,全麦饼干,15,烘焙或乳制加工食品
637,百叶,15,不属于指南允许的基础原生食材类别
638,炒饭,14,成品、半成品或加工食品
639,农夫山泉,14,不属于指南允许的基础原生食材类别
640,香松,14,不属于指南允许的基础原生食材类别
641,去腥,14,不属于指南允许的基础原生食材类别
642,红曲米粉,14,成品、半成品或加工食品
643,五谷杂粮,14,不属于指南允许的基础原生食材类别
644,马斯卡彭芝士,14,烘焙或乳制加工食品
645,三花淡奶,14,饮料、酒类或乳制品不属于本版核心原生食材
646,柿子,14,不属于指南允许的基础原生食材类别
647,法芙娜可可粉,14,成品、半成品或加工食品
648,磅蛋糕,14,烘焙或乳制加工食品
649,美食,14,不属于指南允许的基础原生食材类别
650,白饭,14,不属于指南允许的基础原生食材类别
651,雪里蕻,14,不属于指南允许的基础原生食材类别
652,梅子,14,不属于指南允许的基础原生食材类别
653,香料粉,14,不属于指南允许的基础原生食材类别
654,吐司盒,14,烘焙或乳制加工食品
655,汉堡面包,14,烘焙或乳制加工食品
656,芒果干,14,成品、半成品或加工食品
657,银鱼干,14,成品、半成品或加工食品
658,折耳根,14,不属于指南允许的基础原生食材类别
659,汤包,14,不属于指南允许的基础原生食材类别
660,香辣蘸料,14,不属于指南允许的基础原生食材类别
661,锅水,14,不属于指南允许的基础原生食材类别
662,碎芝士,14,烘焙或乳制加工食品
663,墨鱼干,14,成品、半成品或加工食品
664,甜酒曲,14,不属于指南允许的基础原生食材类别
665,小鱼干,14,成品、半成品或加工食品
666,料粉,14,不属于指南允许的基础原生食材类别
667,东北酸菜,14,成品、半成品或加工食品
668,曲奇饼干,14,烘焙或乳制加工食品
669,面包切片,14,烘焙或乳制加工食品
670,拌饭料,14,不属于指南允许的基础原生食材类别
671,戚风蛋糕一个,14,烘焙或乳制加工食品
672,布里奶酪,14,烘焙或乳制加工食品
673,粽子,14,不属于指南允许的基础原生食材类别
674,宜宾芽菜,14,成品、半成品或加工食品
675,意大利综合香料,14,不属于指南允许的基础原生食材类别
676,水果干,14,成品、半成品或加工食品
677,黑芝麻汤圆,14,不属于指南允许的基础原生食材类别
678,绿茶包,14,不属于指南允许的基础原生食材类别
679,克清水,14,不属于指南允许的基础原生食材类别
680,料理包,14,不属于指南允许的基础原生食材类别
681,版本,14,不属于指南允许的基础原生食材类别
682,起来,14,不属于指南允许的基础原生食材类别
683,椰粉,14,不属于指南允许的基础原生食材类别
684,白面粉,14,成品、半成品或加工食品
685,蛋皮,14,不属于指南允许的基础原生食材类别
686,生花生,14,不属于指南允许的基础原生食材类别
687,仙草粉,14,不属于指南允许的基础原生食材类别
688,黑莓,14,不属于指南允许的基础原生食材类别
689,酥粒,14,不属于指南允许的基础原生食材类别
690,蛋糕层,14,烘焙或乳制加工食品
691,茉莉,14,不属于指南允许的基础原生食材类别
692,芝麻海苔,14,成品、半成品或加工食品
693,蔬果,14,不属于指南允许的基础原生食材类别
694,克低筋面粉,13,成品、半成品或加工食品
695,黑米粉,13,成品、半成品或加工食品
696,玻璃容器,13,工具、包装或操作说明
697,味增,13,不属于指南允许的基础原生食材类别
698,内脂,13,不属于指南允许的基础原生食材类别
699,奥尔良烤翅料,13,不属于指南允许的基础原生食材类别
700,肠粉专粉,13,不属于指南允许的基础原生食材类别
701,千页豆腐,13,豆制品或淀粉制品（严格模式排除）
702,猪肉松,13,加工肉制品
703,高筋,13,不属于指南允许的基础原生食材类别
704,蔓越梅干,13,不属于指南允许的基础原生食材类别
705,雪媚娘皮,13,不属于指南允许的基础原生食材类别
706,珍珠粉圆,13,不属于指南允许的基础原生食材类别
707,配方奶粉,13,烘焙或乳制加工食品
708,葡萄干蔓越莓干,13,成品、半成品或加工食品
709,阿华田,13,不属于指南允许的基础原生食材类别
710,法香,13,不属于指南允许的基础原生食材类别
711,烘焙巧克力,13,烘焙或乳制加工食品
712,全脂纯牛奶,13,饮料、酒类或乳制品不属于本版核心原生食材
713,黑咖啡粉,13,饮料、酒类或乳制品不属于本版核心原生食材
714,冷饭,13,不属于指南允许的基础原生食材类别
715,苏子叶,13,不属于指南允许的基础原生食材类别
716,寒天粉,13,不属于指南允许的基础原生食材类别
717,韧豆腐,13,豆制品或淀粉制品（严格模式排除）
718,披萨,13,成品、半成品或加工食品
719,鼠尾草,13,不属于指南允许的基础原生食材类别
720,肉皮,13,不属于指南允许的基础原生食材类别
721,小汤圆,13,不属于指南允许的基础原生食材类别
722,黄原胶,13,不属于指南允许的基础原生食材类别
723,百利甜,13,不属于指南允许的基础原生食材类别
724,葵花籽,13,不属于指南允许的基础原生食材类别
725,水果罐头,13,成品、半成品或加工食品
726,小米粉,13,成品、半成品或加工食品
727,夏威夷果,13,不属于指南允许的基础原生食材类别
728,六月鲜,13,不属于指南允许的基础原生食材类别
729,配料表,13,不属于指南允许的基础原生食材类别
730,小饼干,13,烘焙或乳制加工食品
731,火锅食材,13,不属于指南允许的基础原生食材类别
732,酱肉,13,不属于指南允许的基础原生食材类别
733,杏干,13,成品、半成品或加工食品
734,海绵蛋糕胚,13,烘焙或乳制加工食品
735,巧克力味,13,烘焙或乳制加工食品
736,风味,13,不属于指南允许的基础原生食材类别
737,奶油生菜,13,烘焙或乳制加工食品
738,麻辣香肠,13,加工肉制品
739,色拉,13,不属于指南允许的基础原生食材类别
740,香味,13,不属于指南允许的基础原生食材类别
741,车达奶酪,13,烘焙或乳制加工食品
742,坚果果干,13,成品、半成品或加工食品
743,甜味,13,不属于指南允许的基础原生食材类别
744,丁香粉,13,不属于指南允许的基础原生食材类别
745,烧烤蘸料,13,不属于指南允许的基础原生食材类别
746,一半水,13,不属于指南允许的基础原生食材类别
747,坚果奶,13,饮料、酒类或乳制品不属于本版核心原生食材
748,水清水,13,不属于指南允许的基础原生食材类别
749,海绵蛋糕体,13,烘焙或乳制加工食品
750,磨成粉,13,不属于指南允许的基础原生食材类别
751,盘子,13,不属于指南允许的基础原生食材类别
752,白色,13,不属于指南允许的基础原生食材类别
753,包子,13,成品、半成品或加工食品
754,卤子,13,不属于指南允许的基础原生食材类别
755,水果水果,13,不属于指南允许的基础原生食材类别
756,味噌,13,不属于指南允许的基础原生食材类别
757,干虾米,13,成品、半成品或加工食品
758,肥肠,13,成品、半成品或加工食品
759,直饮水,13,不属于指南允许的基础原生食材类别
760,水豆腐,13,豆制品或淀粉制品（严格模式排除）
761,戚风胚,13,不属于指南允许的基础原生食材类别
762,馅儿料,13,不属于指南允许的基础原生食材类别
763,茯苓,13,不属于指南允许的基础原生食材类别
764,琼脂,13,成品、半成品或加工食品
765,巧克力戚风,13,烘焙或乳制加工食品
766,干料,13,不属于指南允许的基础原生食材类别
767,辣皮子,13,不属于指南允许的基础原生食材类别
768,涪陵榨菜,13,不属于指南允许的基础原生食材类别
769,方包,13,不属于指南允许的基础原生食材类别
770,见图,13,不属于指南允许的基础原生食材类别
771,奶酥,13,不属于指南允许的基础原生食材类别
772,再制干酪,13,不属于指南允许的基础原生食材类别
773,多马苏里拉芝士,13,烘焙或乳制加工食品
774,熟南瓜,13,成品、半成品或加工食品
775,多少肉,13,数量或单位残留且无法可靠恢复原食材
776,起司,13,不属于指南允许的基础原生食材类别
777,台湾香肠,12,加工肉制品
778,意大利香料,12,不属于指南允许的基础原生食材类别
779,鲁邦种,12,不属于指南允许的基础原生食材类别
780,粟粉,12,不属于指南允许的基础原生食材类别
781,黑凉粉,12,不属于指南允许的基础原生食材类别
782,梅林午餐肉,12,加工肉制品
783,法棍面包,12,烘焙或乳制加工食品
784,乳清,12,不属于指南允许的基础原生食材类别
785,鸭肠,12,成品、半成品或加工食品
786,筒骨,12,不属于指南允许的基础原生食材类别
787,酒糟,12,不属于指南允许的基础原生食材类别
788,带子,12,不属于指南允许的基础原生食材类别
789,仙草冻,12,不属于指南允许的基础原生食材类别
790,方火腿,12,加工肉制品
791,鲜辣粉,12,不属于指南允许的基础原生食材类别
792,综合香料,12,不属于指南允许的基础原生食材类别
793,马斯卡彭奶酪,12,烘焙或乳制加工食品
794,龟苓膏粉,12,不属于指南允许的基础原生食材类别
795,可可戚风蛋糕,12,烘焙或乳制加工食品
796,海苔香松,12,成品、半成品或加工食品
797,绿茶粉,12,不属于指南允许的基础原生食材类别
798,布丁粉,12,成品、半成品或加工食品
799,泡芙,12,不属于指南允许的基础原生食材类别
800,海虹,12,不属于指南允许的基础原生食材类别
801,雀巢炼乳,12,烘焙或乳制加工食品
802,高筋面包粉,12,烘焙或乳制加工食品
803,甘纳许,12,不属于指南允许的基础原生食材类别
804,纯可可粉,12,成品、半成品或加工食品
805,果皮,12,不属于指南允许的基础原生食材类别
806,糯米丸子,12,成品、半成品或加工食品
807,粉干,12,不属于指南允许的基础原生食材类别
808,必备,12,不属于指南允许的基础原生食材类别
809,凉皮,12,不属于指南允许的基础原生食材类别
810,碳水,12,不属于指南允许的基础原生食材类别
811,老坛酸菜,12,成品、半成品或加工食品
812,云吞皮,12,不属于指南允许的基础原生食材类别
813,过滤水,12,不属于指南允许的基础原生食材类别
814,冰皮月饼粉,12,成品、半成品或加工食品
815,阿萨姆红茶,12,饮料、酒类或乳制品不属于本版核心原生食材
816,羊肉串,12,成品、半成品或加工食品
817,意大利混合香料,12,不属于指南允许的基础原生食材类别
818,鸡蛋豆腐,12,豆制品或淀粉制品（严格模式排除）
819,雪花粉,12,不属于指南允许的基础原生食材类别
820,酵种,12,不属于指南允许的基础原生食材类别
821,白熟芝麻,12,成品、半成品或加工食品
822,碳水化合物,12,不属于指南允许的基础原生食材类别
823,东古一品鲜,12,不属于指南允许的基础原生食材类别
824,奶茶粉,12,不属于指南允许的基础原生食材类别
825,沙拉蔬菜,12,成品、半成品或加工食品
826,奶油夹馅,12,烘焙或乳制加工食品
827,巧克力棒,12,烘焙或乳制加工食品
828,就好面粉,12,成品、半成品或加工食品
829,小圆子,12,不属于指南允许的基础原生食材类别
830,调整,12,不属于指南允许的基础原生食材类别
831,就够了,12,不属于指南允许的基础原生食材类别
832,生火腿,12,加工肉制品
833,米饭米饭,12,成品、半成品或加工食品
834,小料,12,不属于指南允许的基础原生食材类别
835,冰淇淋粉,12,成品、半成品或加工食品
836,面包预拌粉,12,烘焙或乳制加工食品
837,神器,12,不属于指南允许的基础原生食材类别
838,纯牛奶牛奶,12,饮料、酒类或乳制品不属于本版核心原生食材
839,母乳,12,不属于指南允许的基础原生食材类别
840,边角料,12,不属于指南允许的基础原生食材类别
841,面包配方,12,烘焙或乳制加工食品
842,方法,12,不属于指南允许的基础原生食材类别
843,哈哈,12,不属于指南允许的基础原生食材类别
844,风味香肠,12,加工肉制品
845,油炸花生,12,成品、半成品或加工食品
846,巧克力球,12,烘焙或乳制加工食品
847,哈哈哈,12,不属于指南允许的基础原生食材类别
848,皮蛋,12,成品、半成品或加工食品
849,炸豆腐,12,豆制品或淀粉制品（严格模式排除）
850,手粉,12,不属于指南允许的基础原生食材类别
851,果冻粉,12,不属于指南允许的基础原生食材类别
852,芝士糊,12,烘焙或乳制加工食品
853,可可味,12,不属于指南允许的基础原生食材类别
854,草莓酸奶,12,饮料、酒类或乳制品不属于本版核心原生食材
855,奶酪霜,12,烘焙或乳制加工食品
856,帕玛森干酪,12,不属于指南允许的基础原生食材类别
857,奶酪馅,12,烘焙或乳制加工食品
858,巧克力慕斯,12,烘焙或乳制加工食品
859,汤种,12,不属于指南允许的基础原生食材类别
860,慕斯糊,12,成品、半成品或加工食品
861,慕斯液,12,成品、半成品或加工食品
862,波兰酵头,12,不属于指南允许的基础原生食材类别
863,英式玛芬,12,不属于指南允许的基础原生食材类别
864,其他,12,不属于指南允许的基础原生食材类别
865,火锅年糕,12,成品、半成品或加工食品
866,黑巧,12,不属于指南允许的基础原生食材类别
867,车打奶酪,12,烘焙或乳制加工食品
868,巧克力脆,12,烘焙或乳制加工食品
869,熟核桃,12,成品、半成品或加工食品
870,牛肉松,11,加工肉制品
871,麻薯预拌粉,11,不属于指南允许的基础原生食材类别
872,豆乳,11,成品、半成品或加工食品
873,脱皮绿豆,11,不属于指南允许的基础原生食材类别
874,黑巧克力币,11,烘焙或乳制加工食品
875,各式水果,11,不属于指南允许的基础原生食材类别
876,芝士慕斯,11,烘焙或乳制加工食品
877,可以不放,11,不属于指南允许的基础原生食材类别
878,种子,11,不属于指南允许的基础原生食材类别
879,米粥,11,成品、半成品或加工食品
880,乳酸菌饮料,11,成品、半成品或加工食品
881,美味鲜,11,不属于指南允许的基础原生食材类别
882,萨拉米肠,11,成品、半成品或加工食品
883,锡兰红茶,11,饮料、酒类或乳制品不属于本版核心原生食材
884,奶泡,11,不属于指南允许的基础原生食材类别
885,冰粉粉,11,不属于指南允许的基础原生食材类别
886,打发蛋白,11,工具、包装或操作说明
887,辣根,11,不属于指南允许的基础原生食材类别
888,罂粟籽,11,不属于指南允许的基础原生食材类别
889,手动打蛋器,11,工具、包装或操作说明
890,大骨,11,不属于指南允许的基础原生食材类别
891,油豆皮,11,豆制品或淀粉制品（严格模式排除）
892,红剁椒,11,成品、半成品或加工食品
893,蘸水,11,不属于指南允许的基础原生食材类别
894,海绵蛋糕底,11,烘焙或乳制加工食品
895,主要食材,11,不属于指南允许的基础原生食材类别
896,全脂奶,11,饮料、酒类或乳制品不属于本版核心原生食材
897,莲白,11,不属于指南允许的基础原生食材类别
898,方腿,11,成品、半成品或加工食品
899,纯奶,11,饮料、酒类或乳制品不属于本版核心原生食材
900,韩式辣白菜,11,不属于指南允许的基础原生食材类别
901,江西米粉,11,成品、半成品或加工食品
902,粽子叶,11,不属于指南允许的基础原生食材类别
903,蛋糕配方,11,烘焙或乳制加工食品
904,西红柿罐头,11,成品、半成品或加工食品
905,红曲,11,不属于指南允许的基础原生食材类别
906,树叶,11,不属于指南允许的基础原生食材类别
907,披萨饼皮,11,成品、半成品或加工食品
908,发酵酸奶,11,饮料、酒类或乳制品不属于本版核心原生食材
909,蛋液刷表面,11,工具、包装或操作说明
910,刷表面蛋液,11,工具、包装或操作说明
911,朵西蓝花,11,不属于指南允许的基础原生食材类别
912,宝宝奶粉,11,烘焙或乳制加工食品
913,糯米小丸子,11,成品、半成品或加工食品
914,饭米饭,11,成品、半成品或加工食品
915,面团面粉,11,成品、半成品或加工食品
916,七喜,11,不属于指南允许的基础原生食材类别
917,韩国辣白菜,11,不属于指南允许的基础原生食材类别
918,鱼糕,11,成品、半成品或加工食品
919,茶汤,11,不属于指南允许的基础原生食材类别
920,面筋粉,11,成品、半成品或加工食品
921,脱脂酸奶,11,饮料、酒类或乳制品不属于本版核心原生食材
922,朋友,11,不属于指南允许的基础原生食材类别
923,常温水,11,不属于指南允许的基础原生食材类别
924,部分食材,11,不属于指南允许的基础原生食材类别
925,调味剂,11,不属于指南允许的基础原生食材类别
926,三文鱼罐头,11,成品、半成品或加工食品
927,年糕年糕,11,成品、半成品或加工食品
928,包装,11,不属于指南允许的基础原生食材类别
929,混合粉,11,不属于指南允许的基础原生食材类别
930,多少南瓜,11,数量或单位残留且无法可靠恢复原食材
931,吸管,11,工具、包装或操作说明
932,吧水,11,不属于指南允许的基础原生食材类别
933,松饼,11,不属于指南允许的基础原生食材类别
934,黑色,11,不属于指南允许的基础原生食材类别
935,零食,11,不属于指南允许的基础原生食材类别
936,多少猪肉,11,数量或单位残留且无法可靠恢复原食材
937,一共,11,不属于指南允许的基础原生食材类别
938,就行了,11,不属于指南允许的基础原生食材类别
939,甜度,11,不属于指南允许的基础原生食材类别
940,水量,11,不属于指南允许的基础原生食材类别
941,可可脂,11,不属于指南允许的基础原生食材类别
942,鸽子,11,不属于指南允许的基础原生食材类别
943,奶酪糊,11,烘焙或乳制加工食品
944,手指饼,11,不属于指南允许的基础原生食材类别
945,奶盖,11,不属于指南允许的基础原生食材类别
946,慕斯层,11,成品、半成品或加工食品
947,面包胚,11,烘焙或乳制加工食品
948,脱水酸奶,11,饮料、酒类或乳制品不属于本版核心原生食材
949,裹粉,11,不属于指南允许的基础原生食材类别
950,冰粉,11,不属于指南允许的基础原生食材类别
951,桃山皮,11,不属于指南允许的基础原生食材类别
952,龙眼干,11,不属于指南允许的基础原生食材类别
953,蛋糕糊,11,烘焙或乳制加工食品
954,发酵,11,不属于指南允许的基础原生食材类别
955,云吞,11,不属于指南允许的基础原生食材类别
956,面包体,11,烘焙或乳制加工食品
957,小青桔,11,不属于指南允许的基础原生食材类别
958,红枣葡萄干,11,成品、半成品或加工食品
959,多少牛肉,11,数量或单位残留且无法可靠恢复原食材
960,半甜巧克力,11,烘焙或乳制加工食品
961,果脯,11,成品、半成品或加工食品
962,明胶,11,不属于指南允许的基础原生食材类别
963,巧克力液,11,烘焙或乳制加工食品
964,咖哩,11,不属于指南允许的基础原生食材类别
965,干山楂,11,不属于指南允许的基础原生食材类别
966,铁皮石斛,11,不属于指南允许的基础原生食材类别
967,打成粉,11,不属于指南允许的基础原生食材类别
968,多少面,11,数量或单位残留且无法可靠恢复原食材
969,什锦,11,不属于指南允许的基础原生食材类别
970,花鲢,10,不属于指南允许的基础原生食材类别
971,羊奶酪,10,烘焙或乳制加工食品
972,桑叶,10,不属于指南允许的基础原生食材类别
973,即溶咖啡粉,10,饮料、酒类或乳制品不属于本版核心原生食材
974,蕃茄沙司,10,成品、半成品或加工食品
975,清汤,10,不属于指南允许的基础原生食材类别
976,锡箔纸,10,不属于指南允许的基础原生食材类别
977,抄手皮,10,不属于指南允许的基础原生食材类别
978,印度飞饼,10,不属于指南允许的基础原生食材类别
979,熟鸡蛋,10,成品、半成品或加工食品
980,艾草粉,10,不属于指南允许的基础原生食材类别
981,白水,10,不属于指南允许的基础原生食材类别
982,越南春卷皮,10,不属于指南允许的基础原生食材类别
983,干瑶柱,10,不属于指南允许的基础原生食材类别
984,枧水,10,不属于指南允许的基础原生食材类别
985,帕玛森,10,不属于指南允许的基础原生食材类别
986,雪耳,10,不属于指南允许的基础原生食材类别
987,开洋,10,不属于指南允许的基础原生食材类别
988,鸡肉丸,10,成品、半成品或加工食品
989,作料,10,不属于指南允许的基础原生食材类别
990,酸奶发酵菌粉,10,饮料、酒类或乳制品不属于本版核心原生食材
991,炸腐竹,10,豆制品或淀粉制品（严格模式排除）
992,炒熟白芝麻,10,工具、包装或操作说明
993,酵头,10,不属于指南允许的基础原生食材类别
994,普洱茶,10,饮料、酒类或乳制品不属于本版核心原生食材
995,戚风一个,10,数量或单位残留且无法可靠恢复原食材
996,元宵,10,不属于指南允许的基础原生食材类别
997,冷米饭,10,成品、半成品或加工食品
998,炒熟黑芝麻,10,工具、包装或操作说明
999,玉子豆腐,10,豆制品或淀粉制品（严格模式排除）
1000,帕玛森芝士粉,10,烘焙或乳制加工食品
1001,酱包,10,不属于指南允许的基础原生食材类别
1002,天妇罗粉,10,不属于指南允许的基础原生食材类别
1003,熟核桃仁,10,成品、半成品或加工食品
1004,斑斓叶,10,不属于指南允许的基础原生食材类别
1005,黑可可粉,10,成品、半成品或加工食品
1006,甜不辣,10,不属于指南允许的基础原生食材类别
1007,乌冬,10,不属于指南允许的基础原生食材类别
1008,说明,10,不属于指南允许的基础原生食材类别
1009,了面粉,10,成品、半成品或加工食品
1010,一半牛奶,10,饮料、酒类或乳制品不属于本版核心原生食材
1011,马苏里奶酪,10,烘焙或乳制加工食品
1012,蓝莓酸奶,10,饮料、酒类或乳制品不属于本版核心原生食材
1013,粗粮饼干,10,烘焙或乳制加工食品
1014,意式奶油霜,10,烘焙或乳制加工食品
1015,土茯苓,10,不属于指南允许的基础原生食材类别
1016,面面粉,10,成品、半成品或加工食品
1017,人参,10,不属于指南允许的基础原生食材类别
1018,宣威火腿,10,加工肉制品
1019,麻辣火锅料,10,不属于指南允许的基础原生食材类别
1020,豆浆渣,10,成品、半成品或加工食品
1021,三角奶酪,10,烘焙或乳制加工食品
1022,熟鸡胸肉,10,成品、半成品或加工食品
1023,巧克力冰淇淋,10,烘焙或乳制加工食品
1024,脆皮,10,不属于指南允许的基础原生食材类别
1025,泡椒泡姜,10,成品、半成品或加工食品
1026,白巧克力豆,10,烘焙或乳制加工食品
1027,总量,10,不属于指南允许的基础原生食材类别
1028,牛肉肠,10,成品、半成品或加工食品
1029,奶昔,10,饮料、酒类或乳制品不属于本版核心原生食材
1030,造型,10,不属于指南允许的基础原生食材类别
1031,小奇福饼干,10,烘焙或乳制加工食品
1032,吧面粉,10,成品、半成品或加工食品
1033,记录,10,不属于指南允许的基础原生食材类别
1034,甜甜圈,10,不属于指南允许的基础原生食材类别
1035,饮品,10,饮料、酒类或乳制品不属于本版核心原生食材
1036,酵素桶,10,不属于指南允许的基础原生食材类别
1037,摆件,10,不属于指南允许的基础原生食材类别
1038,饭团,10,不属于指南允许的基础原生食材类别
1039,煎饼,10,不属于指南允许的基础原生食材类别
1040,大红袍,10,不属于指南允许的基础原生食材类别
1041,鱼肠,10,成品、半成品或加工食品
1042,开心,10,不属于指南允许的基础原生食材类别
1043,果汁机,10,饮料、酒类或乳制品不属于本版核心原生食材
1044,磨粉,10,不属于指南允许的基础原生食材类别
1045,卡仕达馅,10,不属于指南允许的基础原生食材类别
1046,华夫饼,10,不属于指南允许的基础原生食材类别
1047,巴黎水,10,不属于指南允许的基础原生食材类别
1048,茶水,10,不属于指南允许的基础原生食材类别
1049,各种果干,10,成品、半成品或加工食品
1050,多少酸奶,10,饮料、酒类或乳制品不属于本版核心原生食材
1051,铝箔纸,10,不属于指南允许的基础原生食材类别
1052,过滤网,10,不属于指南允许的基础原生食材类别
1053,配件,10,不属于指南允许的基础原生食材类别
1054,其他调味品,10,不属于指南允许的基础原生食材类别
1055,烟熏红椒粉,10,成品、半成品或加工食品
1056,粉混合,10,不属于指南允许的基础原生食材类别
1057,调整牛奶,10,饮料、酒类或乳制品不属于本版核心原生食材
1058,器具,10,不属于指南允许的基础原生食材类别
1059,饼干饼干,10,烘焙或乳制加工食品
1060,没可不放,10,不属于指南允许的基础原生食材类别
1061,茶茶包,10,不属于指南允许的基础原生食材类别
1062,程度,10,不属于指南允许的基础原生食材类别
1063,准水,10,不属于指南允许的基础原生食材类别
1064,料理,10,不属于指南允许的基础原生食材类别
1065,决心,10,不属于指南允许的基础原生食材类别
1066,各红,10,不属于指南允许的基础原生食材类别
1067,皆可,10,不属于指南允许的基础原生食材类别
1068,子一个,10,数量或单位残留且无法可靠恢复原食材
1069,套装,10,不属于指南允许的基础原生食材类别
1070,纸巾,10,不属于指南允许的基础原生食材类别
1071,越好,10,不属于指南允许的基础原生食材类别
1072,锅巴,10,不属于指南允许的基础原生食材类别
1073,乌梅,10,不属于指南允许的基础原生食材类别
1074,黄花,10,不属于指南允许的基础原生食材类别
1075,味霖,10,不属于指南允许的基础原生食材类别
1076,猪皮冻,10,不属于指南允许的基础原生食材类别
1077,千层皮,10,不属于指南允许的基础原生食材类别
1078,黑加仑干,10,不属于指南允许的基础原生食材类别
1079,热米饭,10,成品、半成品或加工食品
1080,其他辅料,10,不属于指南允许的基础原生食材类别
1081,丸子类,10,成品、半成品或加工食品
1082,纸托,10,不属于指南允许的基础原生食材类别
1083,新鲜艾草,10,不属于指南允许的基础原生食材类别
1084,菠萝皮,10,不属于指南允许的基础原生食材类别
1085,奶油草莓,10,烘焙或乳制加工食品
1086,汤圆粉,10,不属于指南允许的基础原生食材类别
1087,中种,10,不属于指南允许的基础原生食材类别
1088,甘梅粉,10,不属于指南允许的基础原生食材类别
1089,即食海苔,10,成品、半成品或加工食品
1090,三明治面包,10,烘焙或乳制加工食品
1091,多少羊肉,10,数量或单位残留且无法可靠恢复原食材
1092,低脂芝士,10,烘焙或乳制加工食品
1093,可可蛋糕,10,烘焙或乳制加工食品
1094,咸蛋,9,成品、半成品或加工食品
1095,奶酥馅,9,不属于指南允许的基础原生食材类别
1096,哈尔滨红肠,9,成品、半成品或加工食品
1097,椰浆粉,9,饮料、酒类或乳制品不属于本版核心原生食材
1098,干桂圆,9,不属于指南允许的基础原生食材类别
1099,烧仙草粉,9,不属于指南允许的基础原生食材类别
1100,乌江榨菜,9,不属于指南允许的基础原生食材类别
1101,安慕希酸奶,9,饮料、酒类或乳制品不属于本版核心原生食材
1102,桔子,9,不属于指南允许的基础原生食材类别
1103,红提,9,不属于指南允许的基础原生食材类别
1104,美味,9,不属于指南允许的基础原生食材类别
1105,奶油奶酪霜,9,烘焙或乳制加工食品
1106,熟黑芝麻粉,9,成品、半成品或加工食品
1107,飞饼,9,不属于指南允许的基础原生食材类别
1108,内脏,9,不属于指南允许的基础原生食材类别
1109,上汤,9,不属于指南允许的基础原生食材类别
1110,意大利香肠,9,加工肉制品
1111,熟香蕉,9,成品、半成品或加工食品
1112,台式香肠,9,加工肉制品
1113,多少牛奶,9,饮料、酒类或乳制品不属于本版核心原生食材
1114,拉皮,9,不属于指南允许的基础原生食材类别
1115,多少葱,9,数量或单位残留且无法可靠恢复原食材
1116,提鲜,9,不属于指南允许的基础原生食材类别
1117,九制话梅,9,不属于指南允许的基础原生食材类别
1118,就够,9,不属于指南允许的基础原生食材类别
1119,鱼滑,9,成品、半成品或加工食品
1120,干虾,9,成品、半成品或加工食品
1121,芝心年糕,9,成品、半成品或加工食品
1122,桔皮,9,不属于指南允许的基础原生食材类别
1123,圆模,9,不属于指南允许的基础原生食材类别
1124,各种干果,9,不属于指南允许的基础原生食材类别
1125,吐司边,9,烘焙或乳制加工食品
1126,奶冻,9,不属于指南允许的基础原生食材类别
1127,浓缩咖啡液,9,饮料、酒类或乳制品不属于本版核心原生食材
1128,叉子,9,不属于指南允许的基础原生食材类别
1129,海胆,9,不属于指南允许的基础原生食材类别
1130,熟燕麦片,9,成品、半成品或加工食品
1131,热牛奶,9,饮料、酒类或乳制品不属于本版核心原生食材
1132,厚切吐司,9,烘焙或乳制加工食品
1133,肠粉,9,不属于指南允许的基础原生食材类别
1134,炒花生,9,不属于指南允许的基础原生食材类别
1135,烧仙草,9,不属于指南允许的基础原生食材类别
1136,纯酸奶,9,饮料、酒类或乳制品不属于本版核心原生食材
1137,美奶滋,9,不属于指南允许的基础原生食材类别
1138,不一样,9,不属于指南允许的基础原生食材类别
1139,熟虾仁,9,成品、半成品或加工食品
1140,五香豆干,9,豆制品或淀粉制品（严格模式排除）
1141,黑麦面粉,9,成品、半成品或加工食品
1142,玻璃器皿,9,不属于指南允许的基础原生食材类别
1143,干米粉,9,成品、半成品或加工食品
1144,培根火腿,9,加工肉制品
1145,发酵剂,9,不属于指南允许的基础原生食材类别
1146,红丝绒,9,不属于指南允许的基础原生食材类别
1147,糍粑,9,不属于指南允许的基础原生食材类别
1148,亲亲肠,9,成品、半成品或加工食品
1149,广式腊肉,9,加工肉制品
1150,司康,9,不属于指南允许的基础原生食材类别
1151,贡丸,9,不属于指南允许的基础原生食材类别
1152,橙子皮屑,9,不属于指南允许的基础原生食材类别
1153,干净容器,9,工具、包装或操作说明
1154,吐司切片,9,烘焙或乳制加工食品
1155,椰漿,9,不属于指南允许的基础原生食材类别
1156,德芙黑巧克力,9,烘焙或乳制加工食品
1157,奥尔良烤翅粉,9,不属于指南允许的基础原生食材类别
1158,谷朊粉,9,不属于指南允许的基础原生食材类别
1159,馒头面粉,9,成品、半成品或加工食品
1160,粟米粉,9,成品、半成品或加工食品
1161,面包小麦粉,9,烘焙或乳制加工食品
1162,速溶黑咖啡粉,9,饮料、酒类或乳制品不属于本版核心原生食材
1163,辅助工具,9,不属于指南允许的基础原生食材类别
1164,生可可粉,9,成品、半成品或加工食品
1165,泡发,9,不属于指南允许的基础原生食材类别
1166,防粘,9,不属于指南允许的基础原生食材类别
1167,汤骨,9,不属于指南允许的基础原生食材类别
1168,自选,9,不属于指南允许的基础原生食材类别
1169,豆腐一块,9,豆制品或淀粉制品（严格模式排除）
1170,饺子面粉,9,成品、半成品或加工食品
1171,豆腐鱼,9,豆制品或淀粉制品（严格模式排除）
1172,馅心,9,不属于指南允许的基础原生食材类别
1173,冰袋,9,不属于指南允许的基础原生食材类别
1174,就行牛奶,9,饮料、酒类或乳制品不属于本版核心原生食材
1175,剩下,9,不属于指南允许的基础原生食材类别
1176,塑料袋,9,工具、包装或操作说明
1177,乌龙茶叶,9,饮料、酒类或乳制品不属于本版核心原生食材
1178,热爱,9,不属于指南允许的基础原生食材类别
1179,金钱腱,9,不属于指南允许的基础原生食材类别
1180,干邑,9,不属于指南允许的基础原生食材类别
1181,橘子罐头,9,成品、半成品或加工食品
1182,蔓越莓葡萄干,9,成品、半成品或加工食品
1183,熟鹌鹑蛋,9,成品、半成品或加工食品
1184,黄芽菜,9,成品、半成品或加工食品
1185,五花腊肉,9,加工肉制品
1186,可可戚风,9,不属于指南允许的基础原生食材类别
1187,阳光,9,不属于指南允许的基础原生食材类别
1188,浓椰浆,9,饮料、酒类或乳制品不属于本版核心原生食材
1189,伯爵红茶包,9,不属于指南允许的基础原生食材类别
1190,皮牙子,9,不属于指南允许的基础原生食材类别
1191,凉米饭,9,成品、半成品或加工食品
1192,意式混合香料,9,不属于指南允许的基础原生食材类别
1193,米米饭,9,成品、半成品或加工食品
1194,戚风配方,9,不属于指南允许的基础原生食材类别
1195,玻璃密封罐,9,不属于指南允许的基础原生食材类别
1196,炸花生,9,不属于指南允许的基础原生食材类别
1197,生活,9,不属于指南允许的基础原生食材类别
1198,昆布粉,9,不属于指南允许的基础原生食材类别
1199,情况水,9,不属于指南允许的基础原生食材类别
1200,色巧克力笔,9,烘焙或乳制加工食品
1201,臊子,9,不属于指南允许的基础原生食材类别
1202,鹰嘴豆罐头,9,成品、半成品或加工食品
1203,杂粮粥,9,成品、半成品或加工食品
1204,熟鹰嘴豆,9,成品、半成品或加工食品
1205,焯水,9,工具、包装或操作说明
1206,二选一,9,不属于指南允许的基础原生食材类别
1207,自己加,9,不属于指南允许的基础原生食材类别
1208,奶酪慕斯,9,烘焙或乳制加工食品
1209,多少鸡蛋,9,数量或单位残留且无法可靠恢复原食材
1210,刺参,9,不属于指南允许的基础原生食材类别
1211,果粒,9,不属于指南允许的基础原生食材类别
1212,烘焙巧克力豆,9,烘焙或乳制加工食品
1213,水果夹心,9,不属于指南允许的基础原生食材类别
1214,超市买,9,不属于指南允许的基础原生食材类别
1215,锅清水,9,不属于指南允许的基础原生食材类别
1216,脆饼,9,不属于指南允许的基础原生食材类别
1217,打发,9,工具、包装或操作说明
1218,啦面粉,9,成品、半成品或加工食品
1219,入味,9,不属于指南允许的基础原生食材类别
1220,蛋糕夹层,9,烘焙或乳制加工食品
1221,巧克力颗粒,9,烘焙或乳制加工食品
1222,无所谓,9,不属于指南允许的基础原生食材类别
1223,代餐粉,9,不属于指南允许的基础原生食材类别
1224,比较好,9,不属于指南允许的基础原生食材类别
1225,饭量米饭,9,成品、半成品或加工食品
1226,新奥尔良粉,9,不属于指南允许的基础原生食材类别
1227,奶酪奶酪,9,烘焙或乳制加工食品
1228,粉一袋,9,数量或单位残留且无法可靠恢复原食材
1229,多少土豆,9,数量或单位残留且无法可靠恢复原食材
1230,自己搭配,9,不属于指南允许的基础原生食材类别
1231,健康,9,不属于指南允许的基础原生食材类别
1232,儿童奶酪,9,烘焙或乳制加工食品
1233,饭碗,9,不属于指南允许的基础原生食材类别
1234,自己爱吃,9,不属于指南允许的基础原生食材类别
1235,克高筋面粉,9,成品、半成品或加工食品
1236,葡萄干坚果,9,成品、半成品或加工食品
1237,品种,9,不属于指南允许的基础原生食材类别
1238,牌子,9,不属于指南允许的基础原生食材类别
1239,系列,9,不属于指南允许的基础原生食材类别
1240,馅料配方,9,不属于指南允许的基础原生食材类别
1241,子量,9,不属于指南允许的基础原生食材类别
1242,多少水,9,数量或单位残留且无法可靠恢复原食材
1243,就可以,9,不属于指南允许的基础原生食材类别
1244,多糯米粉,9,成品、半成品或加工食品
1245,很重要,9,不属于指南允许的基础原生食材类别
1246,小青柠,9,不属于指南允许的基础原生食材类别
1247,冷冻,9,不属于指南允许的基础原生食材类别
1248,齐平水,9,不属于指南允许的基础原生食材类别
1249,渣渣,9,不属于指南允许的基础原生食材类别
1250,口味冰淇淋,9,成品、半成品或加工食品
1251,油代替,9,不属于指南允许的基础原生食材类别
1252,粉抹茶粉,9,成品、半成品或加工食品
1253,低脂,9,不属于指南允许的基础原生食材类别
1254,青橄榄,9,不属于指南允许的基础原生食材类别
1255,菊花,9,不属于指南允许的基础原生食材类别
1256,金银花,9,不属于指南允许的基础原生食材类别
1257,最后,9,不属于指南允许的基础原生食材类别
1258,椰果,9,不属于指南允许的基础原生食材类别
1259,椰青水,9,不属于指南允许的基础原生食材类别
1260,如图,9,不属于指南允许的基础原生食材类别
1261,干豆皮,9,豆制品或淀粉制品（严格模式排除）
1262,厚吐司,9,烘焙或乳制加工食品
1263,红蜜豆,9,成品、半成品或加工食品
1264,鱼一条,9,数量或单位残留且无法可靠恢复原食材
1265,披萨饼,9,成品、半成品或加工食品
1266,粉色,9,不属于指南允许的基础原生食材类别
1267,夹层,9,不属于指南允许的基础原生食材类别
1268,冰激凌球,9,不属于指南允许的基础原生食材类别
1269,克糯米粉,9,成品、半成品或加工食品
1270,酸奶酪,9,烘焙或乳制加工食品
1271,樱花,9,不属于指南允许的基础原生食材类别
1272,粉类,9,不属于指南允许的基础原生食材类别
1273,炒料,9,不属于指南允许的基础原生食材类别
1274,芝士层,9,烘焙或乳制加工食品
1275,西柚皮,9,不属于指南允许的基础原生食材类别
1276,玛德琳,9,不属于指南允许的基础原生食材类别
1277,布丁液,9,成品、半成品或加工食品
1278,鲜果,9,不属于指南允许的基础原生食材类别
1279,酥性饼干,9,烘焙或乳制加工食品
1280,碎花生,9,不属于指南允许的基础原生食材类别
1281,一片芝士,9,烘焙或乳制加工食品
1282,芝士碎,9,烘焙或乳制加工食品
1283,熟火腿,9,加工肉制品
1284,栀子,9,不属于指南允许的基础原生食材类别
1285,白豆腐干,8,豆制品或淀粉制品（严格模式排除）
1286,少量水,8,不属于指南允许的基础原生食材类别
1287,松花蛋,8,成品、半成品或加工食品
1288,红糟,8,不属于指南允许的基础原生食材类别
1289,赤味噌,8,不属于指南允许的基础原生食材类别
1290,比较多,8,不属于指南允许的基础原生食材类别
1291,薄皮青椒,8,不属于指南允许的基础原生食材类别
1292,猪小肠,8,成品、半成品或加工食品
1293,老卤水,8,不属于指南允许的基础原生食材类别
1294,雀巢炼奶,8,饮料、酒类或乳制品不属于本版核心原生食材
1295,酸菜包,8,成品、半成品或加工食品
1296,熟油海椒,8,成品、半成品或加工食品
1297,竹碳粉,8,不属于指南允许的基础原生食材类别
1298,红枣酸奶,8,饮料、酒类或乳制品不属于本版核心原生食材
1299,奶牛奶,8,饮料、酒类或乳制品不属于本版核心原生食材
1300,温热水,8,不属于指南允许的基础原生食材类别
1301,模型,8,不属于指南允许的基础原生食材类别
1302,普通中筋面粉,8,成品、半成品或加工食品
1303,午餐肉罐头,8,加工肉制品
1304,凤爪,8,不属于指南允许的基础原生食材类别
1305,安琪甜酒曲,8,不属于指南允许的基础原生食材类别
1306,立顿红茶包,8,不属于指南允许的基础原生食材类别
1307,三奈,8,不属于指南允许的基础原生食材类别
1308,金沙奶黄馅,8,不属于指南允许的基础原生食材类别
1309,混沌皮,8,不属于指南允许的基础原生食材类别
1310,威化饼干,8,烘焙或乳制加工食品
1311,汉堡,8,成品、半成品或加工食品
1312,面粉水,8,成品、半成品或加工食品
1313,葛粉,8,不属于指南允许的基础原生食材类别
1314,酸牛奶,8,饮料、酒类或乳制品不属于本版核心原生食材
1315,紫米饭,8,成品、半成品或加工食品
1316,荞麦面粉,8,成品、半成品或加工食品
1317,脱脂纯牛奶,8,饮料、酒类或乳制品不属于本版核心原生食材
1318,可口可乐,8,饮料、酒类或乳制品不属于本版核心原生食材
1319,甜点,8,不属于指南允许的基础原生食材类别
1320,烤鸭,8,成品、半成品或加工食品
1321,大饼,8,不属于指南允许的基础原生食材类别
1322,干贝素,8,成品、半成品或加工食品
1323,碎米芽菜,8,成品、半成品或加工食品
1324,粉一包,8,不属于指南允许的基础原生食材类别
1325,一支,8,不属于指南允许的基础原生食材类别
1326,苏打汽水,8,饮料、酒类或乳制品不属于本版核心原生食材
1327,魔芋豆腐,8,豆制品或淀粉制品（严格模式排除）
1328,快熟麦片,8,成品、半成品或加工食品
1329,鸡肉松,8,加工肉制品
1330,速溶黑咖啡,8,饮料、酒类或乳制品不属于本版核心原生食材
1331,卷饼,8,不属于指南允许的基础原生食材类别
1332,辛香料,8,不属于指南允许的基础原生食材类别
1333,电饼铛,8,不属于指南允许的基础原生食材类别
1334,海底捞麻辣香锅料,8,不属于指南允许的基础原生食材类别
1335,意式香料,8,不属于指南允许的基础原生食材类别
1336,蛋挞液,8,成品、半成品或加工食品
1337,皮冻,8,不属于指南允许的基础原生食材类别
1338,一半量,8,不属于指南允许的基础原生食材类别
1339,乌龙茶包,8,不属于指南允许的基础原生食材类别
1340,小馄饨皮,8,成品、半成品或加工食品
1341,胎菊,8,不属于指南允许的基础原生食材类别
1342,隔夜冷饭,8,不属于指南允许的基础原生食材类别
1343,可可豆,8,不属于指南允许的基础原生食材类别
1344,奥利奥饼干底,8,烘焙或乳制加工食品
1345,芝士香肠,8,加工肉制品
1346,保温杯,8,工具、包装或操作说明
1347,兔子,8,不属于指南允许的基础原生食材类别
1348,乡村面包,8,烘焙或乳制加工食品
1349,冰皮预拌粉,8,不属于指南允许的基础原生食材类别
1350,荞头,8,不属于指南允许的基础原生食材类别
1351,冰皮粉,8,不属于指南允许的基础原生食材类别
1352,韩式年糕,8,成品、半成品或加工食品
1353,一枚,8,不属于指南允许的基础原生食材类别
1354,铁棍淮山,8,不属于指南允许的基础原生食材类别
1355,四川泡菜,8,成品、半成品或加工食品
1356,青柠皮屑,8,不属于指南允许的基础原生食材类别
1357,海鲜丸子,8,成品、半成品或加工食品
1358,多少虾,8,数量或单位残留且无法可靠恢复原食材
1359,对半,8,不属于指南允许的基础原生食材类别
1360,鸡一只,8,数量或单位残留且无法可靠恢复原食材
1361,猪肉肠,8,成品、半成品或加工食品
1362,即食紫菜,8,成品、半成品或加工食品
1363,提味,8,不属于指南允许的基础原生食材类别
1364,美式培根,8,加工肉制品
1365,水果沙拉,8,成品、半成品或加工食品
1366,红丝绒精华液,8,不属于指南允许的基础原生食材类别
1367,洋车前子粉,8,不属于指南允许的基础原生食材类别
1368,肉皮冻,8,不属于指南允许的基础原生食材类别
1369,香炸粉,8,不属于指南允许的基础原生食材类别
1370,洋蔥,8,不属于指南允许的基础原生食材类别
1371,烧烤干料,8,不属于指南允许的基础原生食材类别
1372,月饼,8,成品、半成品或加工食品
1373,剩饭米饭,8,成品、半成品或加工食品
1374,芭蕉叶,8,不属于指南允许的基础原生食材类别
1375,鸡肉丸子,8,成品、半成品或加工食品
1376,杂粮面粉,8,成品、半成品或加工食品
1377,烘焙油纸,8,工具、包装或操作说明
1378,甘蔗,8,不属于指南允许的基础原生食材类别
1379,萨拉米香肠,8,加工肉制品
1380,清油火锅料,8,不属于指南允许的基础原生食材类别
1381,面粉鸡蛋,8,成品、半成品或加工食品
1382,油都可,8,不属于指南允许的基础原生食材类别
1383,奶油乳酪,8,烘焙或乳制加工食品
1384,朗姆,8,不属于指南允许的基础原生食材类别
1385,炒熟,8,工具、包装或操作说明
1386,巧克力脆珠,8,烘焙或乳制加工食品
1387,熟腰果,8,成品、半成品或加工食品
1388,勇气,8,不属于指南允许的基础原生食材类别
1389,冻芝士,8,烘焙或乳制加工食品
1390,肠粉粉,8,不属于指南允许的基础原生食材类别
1391,藿香,8,不属于指南允许的基础原生食材类别
1392,牛奶吐司,8,烘焙或乳制加工食品
1393,慕斯」,8,成品、半成品或加工食品
1394,仙草,8,不属于指南允许的基础原生食材类别
1395,豆沙霜,8,成品、半成品或加工食品
1396,人量,8,不属于指南允许的基础原生食材类别
1397,干香料,8,不属于指南允许的基础原生食材类别
1398,刷面包表面,8,工具、包装或操作说明
1399,旺仔小馒头,8,成品、半成品或加工食品
1400,大盆,8,不属于指南允许的基础原生食材类别
1401,比例水,8,不属于指南允许的基础原生食材类别
1402,各类丸子,8,成品、半成品或加工食品
1403,松饼预拌粉,8,不属于指南允许的基础原生食材类别
1404,黄色,8,不属于指南允许的基础原生食材类别
1405,芝士芝士,8,烘焙或乳制加工食品
1406,白吉馍,8,不属于指南允许的基础原生食材类别
1407,奶油抹面,8,烘焙或乳制加工食品
1408,干碟,8,不属于指南允许的基础原生食材类别
1409,风味酸奶,8,饮料、酒类或乳制品不属于本版核心原生食材
1410,海绵蛋糕层,8,烘焙或乳制加工食品
1411,创意,8,不属于指南允许的基础原生食材类别
1412,各青,8,不属于指南允许的基础原生食材类别
1413,干货,8,不属于指南允许的基础原生食材类别
1414,普罗旺斯香料,8,不属于指南允许的基础原生食材类别
1415,玻璃碗,8,不属于指南允许的基础原生食材类别
1416,奶油蛋糕,8,烘焙或乳制加工食品
1417,奶油层,8,烘焙或乳制加工食品
1418,麻辣锅底,8,不属于指南允许的基础原生食材类别
1419,洋葱切碎,8,工具、包装或操作说明
1420,火腿午餐肉,8,加工肉制品
1421,复合香料,8,不属于指南允许的基础原生食材类别
1422,蛋糕一个,8,烘焙或乳制加工食品
1423,玩具,8,不属于指南允许的基础原生食材类别
1424,手打牛肉丸,8,成品、半成品或加工食品
1425,酸奶慕斯,8,成品、半成品或加工食品
1426,烟熏培根,8,加工肉制品
1427,冰砖,8,不属于指南允许的基础原生食材类别
1428,粉包,8,不属于指南允许的基础原生食材类别
1429,小面包,8,烘焙或乳制加工食品
1430,热情,8,不属于指南允许的基础原生食材类别
1431,松露巧克力,8,烘焙或乳制加工食品
1432,来面粉,8,成品、半成品或加工食品
1433,牛肉干,8,加工肉制品
1434,草莓味酸奶,8,饮料、酒类或乳制品不属于本版核心原生食材
1435,器皿,8,不属于指南允许的基础原生食材类别
1436,油炸粉,8,成品、半成品或加工食品
1437,多少金针菇,8,数量或单位残留且无法可靠恢复原食材
1438,巧克力海绵蛋糕,8,烘焙或乳制加工食品
1439,芝士蛋糕层,8,烘焙或乳制加工食品
1440,伴侣,8,不属于指南允许的基础原生食材类别
1441,红九九,8,不属于指南允许的基础原生食材类别
1442,味桃山皮,8,不属于指南允许的基础原生食材类别
1443,汤水,8,不属于指南允许的基础原生食材类别
1444,水晶汤圆,8,不属于指南允许的基础原生食材类别
1445,味巧克力,8,烘焙或乳制加工食品
1446,涂层,8,不属于指南允许的基础原生食材类别
1447,粉丝粉丝,8,豆制品或淀粉制品（严格模式排除）
1448,人数面粉,8,成品、半成品或加工食品
1449,面条面条,8,成品、半成品或加工食品
1450,冰激凌粉,8,不属于指南允许的基础原生食材类别
1451,海苔拌饭料,8,成品、半成品或加工食品
1452,適量,8,不属于指南允许的基础原生食材类别
1453,介绍,8,不属于指南允许的基础原生食材类别
1454,融化,8,不属于指南允许的基础原生食材类别
1455,巧克力曲奇,8,烘焙或乳制加工食品
1456,东东,8,不属于指南允许的基础原生食材类别
1457,多少就多少,8,数量或单位残留且无法可靠恢复原食材
1458,肥瘦相间,8,不属于指南允许的基础原生食材类别
1459,多少克面粉,8,成品、半成品或加工食品
1460,克葡萄干,8,成品、半成品或加工食品
1461,米饭一小碗,8,成品、半成品或加工食品
1462,粉各,8,不属于指南允许的基础原生食材类别
1463,川味香肠,8,加工肉制品
1464,数量,8,不属于指南允许的基础原生食材类别
1465,省略,8,不属于指南允许的基础原生食材类别
1466,高水,8,不属于指南允许的基础原生食材类别
1467,新鲜食材,8,不属于指南允许的基础原生食材类别
1468,小花,8,不属于指南允许的基础原生食材类别
1469,宜水,8,不属于指南允许的基础原生食材类别
1470,越多越好,8,不属于指南允许的基础原生食材类别
1471,机器,8,工具、包装或操作说明
1472,套餐,8,不属于指南允许的基础原生食材类别
1473,水纯净水,8,不属于指南允许的基础原生食材类别
1474,容量,8,不属于指南允许的基础原生食材类别
1475,型意大利面,8,成品、半成品或加工食品
1476,巧克力豆豆,8,烘焙或乳制加工食品
1477,更好吃,8,不属于指南允许的基础原生食材类别
1478,多少排骨,8,数量或单位残留且无法可靠恢复原食材
1479,碎奥利奥饼干,8,烘焙或乳制加工食品
1480,软奶酪,8,烘焙或乳制加工食品
1481,自行搭配,8,不属于指南允许的基础原生食材类别
1482,奶油」,8,烘焙或乳制加工食品
1483,克面包糠,8,烘焙或乳制加工食品
1484,多少大米,8,数量或单位残留且无法可靠恢复原食材
1485,各半,8,不属于指南允许的基础原生食材类别
1486,炒熟糯米粉,8,工具、包装或操作说明
1487,就多放点,8,不属于指南允许的基础原生食材类别
1488,所食材,8,不属于指南允许的基础原生食材类别
1489,自由搭配,8,不属于指南允许的基础原生食材类别
1490,带皮,8,不属于指南允许的基础原生食材类别
1491,速冻,8,不属于指南允许的基础原生食材类别
1492,即食,8,成品、半成品或加工食品
1493,白味噌,8,不属于指南允许的基础原生食材类别
1494,熟咸蛋黄,8,成品、半成品或加工食品
1495,白豆腐,8,豆制品或淀粉制品（严格模式排除）
1496,练奶,8,饮料、酒类或乳制品不属于本版核心原生食材
1497,流心馅,8,不属于指南允许的基础原生食材类别
1498,意式蛋白霜,8,成品、半成品或加工食品
1499,手枪腿,8,不属于指南允许的基础原生食材类别
1500,芝士馅,8,烘焙或乳制加工食品
1501,牛肉丸子,8,成品、半成品或加工食品
1502,烧麦皮,8,不属于指南允许的基础原生食材类别
1503,不锈钢盆,8,不属于指南允许的基础原生食材类别
1504,沙茶粉,8,不属于指南允许的基础原生食材类别
1505,直径,8,不属于指南允许的基础原生食材类别
1506,食材量,8,不属于指南允许的基础原生食材类别
1507,油酥皮,8,不属于指南允许的基础原生食材类别
1508,布丁层,8,成品、半成品或加工食品
1509,芦苇叶,8,不属于指南允许的基础原生食材类别
1510,食材,8,不属于指南允许的基础原生食材类别
1511,浓汤,8,不属于指南允许的基础原生食材类别
1512,熟红薯,8,成品、半成品或加工食品
1513,威化饼,8,不属于指南允许的基础原生食材类别
1514,冬阴功汤,8,不属于指南允许的基础原生食材类别
1515,阿胶,8,不属于指南允许的基础原生食材类别
1516,海蜇,8,不属于指南允许的基础原生食材类别
1517,混合芝士,8,烘焙或乳制加工食品
1518,维生素,8,不属于指南允许的基础原生食材类别
1519,多少蒜,8,数量或单位残留且无法可靠恢复原食材
1520,素火腿,7,加工肉制品
1521,雪花面粉,7,成品、半成品或加工食品
1522,蛋黄肉松馅,7,加工肉制品
1523,便当盒,7,不属于指南允许的基础原生食材类别
1524,酸奶粉,7,烘焙或乳制加工食品
1525,其他佐料,7,不属于指南允许的基础原生食材类别
1526,冰皮月饼预拌粉,7,成品、半成品或加工食品
1527,克马苏里拉,7,不属于指南允许的基础原生食材类别
1528,中筋麵粉,7,不属于指南允许的基础原生食材类别
1529,坚果和果干,7,成品、半成品或加工食品
1530,仔排,7,不属于指南允许的基础原生食材类别
1531,美好心情,7,不属于指南允许的基础原生食材类别
1532,可自行调整,7,不属于指南允许的基础原生食材类别
1533,蜂蜡,7,不属于指南允许的基础原生食材类别
1534,墨西哥卷饼,7,不属于指南允许的基础原生食材类别
1535,蒿子杆,7,不属于指南允许的基础原生食材类别
1536,刷子,7,工具、包装或操作说明
1537,茶干,7,不属于指南允许的基础原生食材类别
1538,手机,7,不属于指南允许的基础原生食材类别
1539,小丸子,7,成品、半成品或加工食品
1540,碎冰,7,不属于指南允许的基础原生食材类别
1541,纯黑巧克力,7,烘焙或乳制加工食品
1542,熟花生仁,7,成品、半成品或加工食品
1543,酸菜鱼料,7,成品、半成品或加工食品
1544,杏仁海绵蛋糕,7,烘焙或乳制加工食品
1545,味事达,7,不属于指南允许的基础原生食材类别
1546,防潮可可粉,7,成品、半成品或加工食品
1547,安琪,7,不属于指南允许的基础原生食材类别
1548,甜牛奶,7,饮料、酒类或乳制品不属于本版核心原生食材
1549,那么多面粉,7,成品、半成品或加工食品
1550,第一步,7,不属于指南允许的基础原生食材类别
1551,鳗鱼干,7,成品、半成品或加工食品
1552,王中王火腿肠,7,加工肉制品
1553,竹蔗,7,不属于指南允许的基础原生食材类别
1554,轻乳酪蛋糕,7,烘焙或乳制加工食品
1555,白脱牛奶,7,饮料、酒类或乳制品不属于本版核心原生食材
1556,宇治抹茶粉,7,成品、半成品或加工食品
1557,盎司,7,不属于指南允许的基础原生食材类别
1558,柠檬柠檬皮屑,7,不属于指南允许的基础原生食材类别
1559,来自,7,不属于指南允许的基础原生食材类别
1560,龙眼,7,不属于指南允许的基础原生食材类别
1561,锅头,7,不属于指南允许的基础原生食材类别
1562,刷表面鸡蛋液,7,工具、包装或操作说明
1563,奶豆腐,7,豆制品或淀粉制品（严格模式排除）
1564,泡芙皮,7,不属于指南允许的基础原生食材类别
1565,小勺子,7,不属于指南允许的基础原生食材类别
1566,伯爵茶包,7,不属于指南允许的基础原生食材类别
1567,胡罗卜,7,不属于指南允许的基础原生食材类别
1568,荷包蛋,7,成品、半成品或加工食品
1569,各种杂粮,7,不属于指南允许的基础原生食材类别
1570,状态,7,不属于指南允许的基础原生食材类别
1571,卡夫芝士粉,7,烘焙或乳制加工食品
1572,豆奶粉,7,烘焙或乳制加工食品
1573,熟面粉,7,成品、半成品或加工食品
1574,麻辣花生,7,不属于指南允许的基础原生食材类别
1575,奶油干酪,7,烘焙或乳制加工食品
1576,金粉,7,不属于指南允许的基础原生食材类别
1577,恒心,7,不属于指南允许的基础原生食材类别
1578,高丽参,7,不属于指南允许的基础原生食材类别
1579,各种鱼丸,7,成品、半成品或加工食品
1580,咸味,7,不属于指南允许的基础原生食材类别
1581,果干坚果,7,成品、半成品或加工食品
1582,多途面粉,7,成品、半成品或加工食品
1583,方便面饼,7,成品、半成品或加工食品
1584,涂抹奶酪,7,工具、包装或操作说明
1585,辅材,7,不属于指南允许的基础原生食材类别
1586,蜜饯,7,成品、半成品或加工食品
1587,干米线,7,成品、半成品或加工食品
1588,当季水果,7,不属于指南允许的基础原生食材类别
1589,青提,7,不属于指南允许的基础原生食材类别
1590,香兰叶,7,不属于指南允许的基础原生食材类别
1591,白巧,7,不属于指南允许的基础原生食材类别
1592,油炸,7,成品、半成品或加工食品
1593,纤维,7,不属于指南允许的基础原生食材类别
1594,玉米肠,7,成品、半成品或加工食品
1595,慕斯体,7,成品、半成品或加工食品
1596,通粉,7,不属于指南允许的基础原生食材类别
1597,黄皮洋葱,7,不属于指南允许的基础原生食材类别
1598,玛利亚饼干,7,烘焙或乳制加工食品
1599,干橘子皮,7,不属于指南允许的基础原生食材类别
1600,叉烧肉,7,加工肉制品
1601,九江双蒸,7,不属于指南允许的基础原生食材类别
1602,巴马臣芝士,7,烘焙或乳制加工食品
1603,密封玻璃罐,7,不属于指南允许的基础原生食材类别
1604,饼干屑,7,烘焙或乳制加工食品
1605,共计,7,不属于指南允许的基础原生食材类别
1606,日式面包粉,7,烘焙或乳制加工食品
1607,竹叶,7,不属于指南允许的基础原生食材类别
1608,活底蛋糕模,7,烘焙或乳制加工食品
1609,腊肉腊肠,7,加工肉制品
1610,麻辣粉,7,不属于指南允许的基础原生食材类别
1611,豆腐果,7,豆制品或淀粉制品（严格模式排除）
1612,巧克力屑,7,烘焙或乳制加工食品
1613,五十铃抹茶粉,7,成品、半成品或加工食品
1614,菱粉,7,不属于指南允许的基础原生食材类别
1615,白味增,7,不属于指南允许的基础原生食材类别
1616,沙茶,7,饮料、酒类或乳制品不属于本版核心原生食材
1617,燕麦牛奶,7,饮料、酒类或乳制品不属于本版核心原生食材
1618,速冻馄饨,7,成品、半成品或加工食品
1619,面团高筋面粉,7,成品、半成品或加工食品
1620,伊利纯牛奶,7,饮料、酒类或乳制品不属于本版核心原生食材
1621,板豆腐,7,豆制品或淀粉制品（严格模式排除）
1622,应季水果,7,不属于指南允许的基础原生食材类别
1623,酸奶慕斯层,7,成品、半成品或加工食品
1624,少马苏里拉芝士碎,7,烘焙或乳制加工食品
1625,肉骨茶包,7,不属于指南允许的基础原生食材类别
1626,全麦高筋面粉,7,成品、半成品或加工食品
1627,全脂酸奶,7,饮料、酒类或乳制品不属于本版核心原生食材
1628,多少红枣,7,数量或单位残留且无法可靠恢复原食材
1629,尼奶酪,7,烘焙或乳制加工食品
1630,面包改良剂,7,烘焙或乳制加工食品
1631,刻度水,7,不属于指南允许的基础原生食材类别
1632,张豆腐皮,7,豆制品或淀粉制品（严格模式排除）
1633,蛋糕方子,7,烘焙或乳制加工食品
1634,白米粥,7,成品、半成品或加工食品
1635,干饭,7,不属于指南允许的基础原生食材类别
1636,雞精,7,不属于指南允许的基础原生食材类别
1637,主角,7,不属于指南允许的基础原生食材类别
1638,水果刀,7,不属于指南允许的基础原生食材类别
1639,全脂,7,不属于指南允许的基础原生食材类别
1640,紫皮大蒜,7,不属于指南允许的基础原生食材类别
1641,意大利通心粉,7,不属于指南允许的基础原生食材类别
1642,一种,7,不属于指南允许的基础原生食材类别
1643,麵粉,7,不属于指南允许的基础原生食材类别
1644,浓酸奶,7,饮料、酒类或乳制品不属于本版核心原生食材
1645,推荐,7,不属于指南允许的基础原生食材类别
1646,酒精,7,不属于指南允许的基础原生食材类别
1647,绿橄榄,7,不属于指南允许的基础原生食材类别
1648,红豆薏米粉,7,成品、半成品或加工食品
1649,甜玉米罐头,7,成品、半成品或加工食品
1650,其他干果,7,不属于指南允许的基础原生食材类别
1651,奶粉奶粉,7,烘焙或乳制加工食品
1652,高达奶酪,7,烘焙或乳制加工食品
1653,干虾皮,7,成品、半成品或加工食品
1654,黑葡萄干,7,成品、半成品或加工食品
1655,很多,7,不属于指南允许的基础原生食材类别
1656,密封玻璃瓶,7,不属于指南允许的基础原生食材类别
1657,磨碎柠檬皮,7,不属于指南允许的基础原生食材类别
1658,滚烫开水,7,不属于指南允许的基础原生食材类别
1659,汉堡包,7,成品、半成品或加工食品
1660,普洱,7,不属于指南允许的基础原生食材类别
1661,百叶结,7,不属于指南允许的基础原生食材类别
1662,大喜大,7,不属于指南允许的基础原生食材类别
1663,油鸡枞,7,成品、半成品或加工食品
1664,七味粉,7,不属于指南允许的基础原生食材类别
1665,自己做,7,不属于指南允许的基础原生食材类别
1666,最佳,7,不属于指南允许的基础原生食材类别
1667,炒香,7,不属于指南允许的基础原生食材类别
1668,老汤,7,不属于指南允许的基础原生食材类别
1669,密封容器,7,工具、包装或操作说明
1670,各类干果,7,不属于指南允许的基础原生食材类别
1671,金箔,7,不属于指南允许的基础原生食材类别
1672,全脂淡奶,7,饮料、酒类或乳制品不属于本版核心原生食材
1673,粳米粉,7,成品、半成品或加工食品
1674,干碟蘸料,7,不属于指南允许的基础原生食材类别
1675,小西米,7,成品、半成品或加工食品
1676,圆面条,7,成品、半成品或加工食品
1677,虾米干,7,成品、半成品或加工食品
1678,水温水,7,不属于指南允许的基础原生食材类别
1679,健康食材,7,不属于指南允许的基础原生食材类别
1680,苏打饼,7,不属于指南允许的基础原生食材类别
1681,酸奶一瓶,7,饮料、酒类或乳制品不属于本版核心原生食材
1682,多少克牛肉,7,数量或单位残留且无法可靠恢复原食材
1683,二段奶粉,7,烘焙或乳制加工食品
1684,提前泡发,7,不属于指南允许的基础原生食材类别
1685,头抽,7,不属于指南允许的基础原生食材类别
1686,巧克力涂层,7,烘焙或乳制加工食品
1687,自备,7,不属于指南允许的基础原生食材类别
1688,帕马森干酪,7,不属于指南允许的基础原生食材类别
1689,木棉豆腐,7,豆制品或淀粉制品（严格模式排除）
1690,子蛋糕,7,烘焙或乳制加工食品
1691,谷物粉,7,不属于指南允许的基础原生食材类别
1692,巧克力炼奶,7,烘焙或乳制加工食品
1693,咖啡机,7,饮料、酒类或乳制品不属于本版核心原生食材
1694,宗家府泡菜,7,成品、半成品或加工食品
1695,乳酸菌粉,7,成品、半成品或加工食品
1696,青柠皮,7,不属于指南允许的基础原生食材类别
1697,任何水果,7,不属于指南允许的基础原生食材类别
1698,现磨,7,不属于指南允许的基础原生食材类别
1699,开水开水,7,不属于指南允许的基础原生食材类别
1700,辣酱粉,7,不属于指南允许的基础原生食材类别
1701,半牛奶,7,饮料、酒类或乳制品不属于本版核心原生食材
1702,八寸,7,不属于指南允许的基础原生食材类别
1703,专粉,7,不属于指南允许的基础原生食材类别
1704,卤汤,7,不属于指南允许的基础原生食材类别
1705,蛋糕胚一个,7,烘焙或乳制加工食品
1706,链接,7,不属于指南允许的基础原生食材类别
1707,饮食,7,不属于指南允许的基础原生食材类别
1708,素丸子,7,成品、半成品或加工食品
1709,沙丁鱼罐头,7,成品、半成品或加工食品
1710,蔓越莓果干,7,成品、半成品或加工食品
1711,汤力水,7,不属于指南允许的基础原生食材类别
1712,烧烤撒料,7,不属于指南允许的基础原生食材类别
1713,基底,7,不属于指南允许的基础原生食材类别
1714,猪肉脯,7,成品、半成品或加工食品
1715,酸菜酸菜,7,成品、半成品或加工食品
1716,岩鹽,7,不属于指南允许的基础原生食材类别
1717,千层饼皮,7,不属于指南允许的基础原生食材类别
1718,正山小种红茶,7,饮料、酒类或乳制品不属于本版核心原生食材
1719,调整水,7,不属于指南允许的基础原生食材类别
1720,药材,7,不属于指南允许的基础原生食材类别
1721,毅力,7,不属于指南允许的基础原生食材类别
1722,干白,7,不属于指南允许的基础原生食材类别
1723,全脂甜奶粉,7,烘焙或乳制加工食品
1724,可忽略,7,不属于指南允许的基础原生食材类别
1725,泡姜泡辣椒,7,成品、半成品或加工食品
1726,龙井茶叶,7,饮料、酒类或乳制品不属于本版核心原生食材
1727,鱼罐头,7,成品、半成品或加工食品
1728,儿童香肠,7,加工肉制品
1729,巧克力夹心,7,烘焙或乳制加工食品
1730,内容,7,不属于指南允许的基础原生食材类别
1731,卤水老豆腐,7,豆制品或淀粉制品（严格模式排除）
1732,这个,7,不属于指南允许的基础原生食材类别
1733,水位线水,7,不属于指南允许的基础原生食材类别
1734,普通,7,不属于指南允许的基础原生食材类别
1735,经验,7,不属于指南允许的基础原生食材类别
1736,冷藏,7,不属于指南允许的基础原生食材类别
1737,盆冰水,7,不属于指南允许的基础原生食材类别
1738,熟石膏粉,7,成品、半成品或加工食品
1739,冷冻饺子,7,成品、半成品或加工食品
1740,腊味,7,不属于指南允许的基础原生食材类别
1741,小号,7,不属于指南允许的基础原生食材类别
1742,琥珀珍珠,7,不属于指南允许的基础原生食材类别
1743,多少五花肉,7,数量或单位残留且无法可靠恢复原食材
1744,素肉松,7,加工肉制品
1745,冻干粉,7,不属于指南允许的基础原生食材类别
1746,清洗干净,7,不属于指南允许的基础原生食材类别
1747,多少马苏里拉奶酪,7,烘焙或乳制加工食品
1748,椰子奶,7,饮料、酒类或乳制品不属于本版核心原生食材
1749,多少米饭,7,成品、半成品或加工食品
1750,蛋糕坯子,7,烘焙或乳制加工食品
1751,克数,7,不属于指南允许的基础原生食材类别
1752,拿铁,7,不属于指南允许的基础原生食材类别
1753,多少年糕,7,成品、半成品或加工食品
1754,调节水,7,不属于指南允许的基础原生食材类别
1755,粉中筋面粉,7,成品、半成品或加工食品
1756,西瓜西瓜皮,7,不属于指南允许的基础原生食材类别
1757,西式香料,7,不属于指南允许的基础原生食材类别
1758,素馅,7,不属于指南允许的基础原生食材类别
1759,乳酪蛋糕,7,烘焙或乳制加工食品
1760,机纯牛奶,7,饮料、酒类或乳制品不属于本版核心原生食材
1761,吧糯米粉,7,成品、半成品或加工食品
1762,巧克力醬,7,烘焙或乳制加工食品
1763,任何食材,7,不属于指南允许的基础原生食材类别
1764,巧克力戚风蛋糕胚,7,烘焙或乳制加工食品
1765,一个鸡蛋鸡蛋,7,数量或单位残留且无法可靠恢复原食材
1766,棒冰,7,不属于指南允许的基础原生食材类别
1767,液种,7,不属于指南允许的基础原生食材类别
1768,香锅料,7,不属于指南允许的基础原生食材类别
1769,一次性筷子,7,不属于指南允许的基础原生食材类别
1770,可可海绵蛋糕,7,烘焙或乳制加工食品
1771,多少山药,7,数量或单位残留且无法可靠恢复原食材
1772,米发糕预拌粉,7,不属于指南允许的基础原生食材类别
1773,碎柠檬皮,7,不属于指南允许的基础原生食材类别
1774,白巧克力币,7,烘焙或乳制加工食品
1775,食品,7,不属于指南允许的基础原生食材类别
1776,合计,7,不属于指南允许的基础原生食材类别
1777,蛋糕食材,7,烘焙或乳制加工食品
1778,小朵,7,不属于指南允许的基础原生食材类别
1779,帕尔马火腿,7,加工肉制品
1780,就好牛奶,7,饮料、酒类或乳制品不属于本版核心原生食材
1781,多少白菜,7,数量或单位残留且无法可靠恢复原食材
1782,人份意大利面,7,成品、半成品或加工食品
1783,精神,7,不属于指南允许的基础原生食材类别
1784,照片,7,工具、包装或操作说明
1785,蛋糕烤盘,7,工具、包装或操作说明
1786,见小贴士,7,不属于指南允许的基础原生食材类别
1787,炸丸子,7,成品、半成品或加工食品
1788,细腻,7,不属于指南允许的基础原生食材类别
1789,普通酸奶,7,饮料、酒类或乳制品不属于本版核心原生食材
1790,鲫鱼一条,7,数量或单位残留且无法可靠恢复原食材
1791,张馄饨皮,7,成品、半成品或加工食品
1792,酒类,7,不属于指南允许的基础原生食材类别
1793,可可脂巧克力,7,烘焙或乳制加工食品
1794,不锈钢勺子,7,不属于指南允许的基础原生食材类别
1795,粉可不放,7,不属于指南允许的基础原生食材类别
1796,芝士蛋糕糊,7,烘焙或乳制加工食品
1797,戚风蛋糕料,7,烘焙或乳制加工食品
1798,餐具,7,不属于指南允许的基础原生食材类别
1799,提示,7,不属于指南允许的基础原生食材类别
1800,现成饺子皮,7,成品、半成品或加工食品
1801,咖啡胶囊,7,饮料、酒类或乳制品不属于本版核心原生食材
1802,浓稠,7,不属于指南允许的基础原生食材类别
1803,后加入,7,工具、包装或操作说明
1804,不限,7,不属于指南允许的基础原生食材类别
1805,苏打气泡水,7,不属于指南允许的基础原生食材类别
1806,几颗红枣,7,数量或单位残留且无法可靠恢复原食材
1807,人意大利面,7,成品、半成品或加工食品
1808,咖啡味,7,饮料、酒类或乳制品不属于本版核心原生食材
1809,自己掌握,7,不属于指南允许的基础原生食材类别
1810,不一,7,不属于指南允许的基础原生食材类别
1811,达克瓦兹,7,不属于指南允许的基础原生食材类别
1812,再加,7,不属于指南允许的基础原生食材类别
1813,兑水,7,不属于指南允许的基础原生食材类别
1814,处理,7,不属于指南允许的基础原生食材类别
1815,技巧,7,不属于指南允许的基础原生食材类别
1816,那么多,7,不属于指南允许的基础原生食材类别
1817,多少糯米,7,数量或单位残留且无法可靠恢复原食材
1818,胚子,7,不属于指南允许的基础原生食材类别
1819,饭碗糯米粉,7,成品、半成品或加工食品
1820,小蛋糕,7,烘焙或乳制加工食品
1821,张保鲜膜,7,不属于指南允许的基础原生食材类别
1822,这里,7,不属于指南允许的基础原生食材类别
1823,替换,7,不属于指南允许的基础原生食材类别
1824,食量面粉,7,成品、半成品或加工食品
1825,辣味,7,不属于指南允许的基础原生食材类别
1826,成分,7,不属于指南允许的基础原生食材类别
1827,面粉吸水量不同,7,成品、半成品或加工食品
1828,操作,7,不属于指南允许的基础原生食材类别
1829,一茶勺,7,不属于指南允许的基础原生食材类别
1830,牛蛙,7,不属于指南允许的基础原生食材类别
1831,塔皮,7,不属于指南允许的基础原生食材类别
1832,毛肚,7,不属于指南允许的基础原生食材类别
1833,可丽饼,7,不属于指南允许的基础原生食材类别
1834,主材,7,不属于指南允许的基础原生食材类别
1835,熟粉,7,成品、半成品或加工食品
1836,安琪酒曲,7,不属于指南允许的基础原生食材类别
1837,煎饼粉,7,不属于指南允许的基础原生食材类别
1838,乳酪慕斯,7,成品、半成品或加工食品
1839,果子,7,不属于指南允许的基础原生食材类别
1840,紫色,7,不属于指南允许的基础原生食材类别
1841,爱乐甜,7,不属于指南允许的基础原生食材类别
1842,火锅丸,7,不属于指南允许的基础原生食材类别
1843,浸泡液,7,不属于指南允许的基础原生食材类别
1844,晚餐,7,不属于指南允许的基础原生食材类别
1845,摆盘,7,不属于指南允许的基础原生食材类别
1846,基础,7,不属于指南允许的基础原生食材类别
1847,克酸奶,7,饮料、酒类或乳制品不属于本版核心原生食材
1848,奶油打发,7,工具、包装或操作说明
1849,安佳,7,不属于指南允许的基础原生食材类别
1850,燕麦粥,7,成品、半成品或加工食品
1851,黄精,7,不属于指南允许的基础原生食材类别
1852,没了,7,不属于指南允许的基础原生食材类别
1853,室温,7,不属于指南允许的基础原生食材类别
1854,炖料,7,不属于指南允许的基础原生食材类别
1855,茶匙,7,不属于指南允许的基础原生食材类别
1856,辅料,7,不属于指南允许的基础原生食材类别
1857,海洋,7,不属于指南允许的基础原生食材类别
1858,美式火腿,7,加工肉制品
1859,披萨芝士,7,烘焙或乳制加工食品
1860,帕尔玛干酪,7,不属于指南允许的基础原生食材类别
1861,姜切碎,7,工具、包装或操作说明
1862,卷粉,7,不属于指南允许的基础原生食材类别
1863,金宝酥,7,不属于指南允许的基础原生食材类别
1864,马苏里芝士,7,烘焙或乳制加工食品
1865,面包吐司,7,烘焙或乳制加工食品
1866,小方,7,不属于指南允许的基础原生食材类别
1867,调味海苔,7,成品、半成品或加工食品
1868,香花生,7,不属于指南允许的基础原生食材类别
1869,低脂火腿,7,加工肉制品
1870,几片面包,7,烘焙或乳制加工食品
1871,东阿阿胶,6,不属于指南允许的基础原生食材类别
1872,白馒头,6,成品、半成品或加工食品
1873,土豆沙拉,6,成品、半成品或加工食品
1874,日式吐司粉,6,烘焙或乳制加工食品
1875,翅尖,6,不属于指南允许的基础原生食材类别
1876,碟子,6,不属于指南允许的基础原生食材类别
1877,多少蔬菜,6,数量或单位残留且无法可靠恢复原食材
1878,泉水浸金枪鱼罐头,6,成品、半成品或加工食品
1879,桂叶,6,不属于指南允许的基础原生食材类别
1880,各面粉,6,成品、半成品或加工食品
1881,萝卜皮,6,不属于指南允许的基础原生食材类别
1882,树莓果泥,6,不属于指南允许的基础原生食材类别
1883,速冻汤圆,6,不属于指南允许的基础原生食材类别
1884,饺皮,6,不属于指南允许的基础原生食材类别
1885,低筋蛋糕粉,6,烘焙或乳制加工食品
1886,白花胶,6,不属于指南允许的基础原生食材类别
1887,蚝豉,6,不属于指南允许的基础原生食材类别
1888,甜品,6,不属于指南允许的基础原生食材类别
1889,张油纸,6,工具、包装或操作说明
1890,丑耳,6,不属于指南允许的基础原生食材类别
1891,酒鬼花生,6,不属于指南允许的基础原生食材类别
1892,细心,6,不属于指南允许的基础原生食材类别
1893,双汇火腿肠,6,加工肉制品
1894,鲜山楂,6,不属于指南允许的基础原生食材类别
1895,多少米,6,数量或单位残留且无法可靠恢复原食材
1896,沙参,6,不属于指南允许的基础原生食材类别
1897,儿童肠,6,成品、半成品或加工食品
1898,干佩斯,6,不属于指南允许的基础原生食材类别
1899,腌好,6,不属于指南允许的基础原生食材类别
1900,屈臣氏苏打水,6,不属于指南允许的基础原生食材类别
1901,茯苓粉,6,不属于指南允许的基础原生食材类别
1902,泡菜水,6,成品、半成品或加工食品
1903,焖烧杯,6,不属于指南允许的基础原生食材类别
1904,云苓,6,不属于指南允许的基础原生食材类别
1905,草莓巧克力,6,烘焙或乳制加工食品
1906,过夜米饭,6,成品、半成品或加工食品
1907,水面粉,6,成品、半成品或加工食品
1908,焖饭,6,成品、半成品或加工食品
1909,台芒,6,不属于指南允许的基础原生食材类别
1910,奶酪棒,6,烘焙或乳制加工食品
1911,桔子皮,6,不属于指南允许的基础原生食材类别
1912,明胶粉,6,不属于指南允许的基础原生食材类别
1913,奥尔良料,6,不属于指南允许的基础原生食材类别
1914,筒子骨,6,不属于指南允许的基础原生食材类别
1915,煎豆腐,6,豆制品或淀粉制品（严格模式排除）
1916,冰草,6,不属于指南允许的基础原生食材类别
1917,拉丝芝士,6,烘焙或乳制加工食品
1918,腔骨,6,不属于指南允许的基础原生食材类别
1919,肋骨,6,不属于指南允许的基础原生食材类别
1920,蹄膀,6,不属于指南允许的基础原生食材类别
1921,富强粉,6,不属于指南允许的基础原生食材类别
1922,鲜汤,6,不属于指南允许的基础原生食材类别
1923,奶粉加水,6,烘焙或乳制加工食品
1924,熟糕粉,6,成品、半成品或加工食品
1925,机面粉,6,成品、半成品或加工食品
1926,肉罐头,6,成品、半成品或加工食品
1927,口味辣白菜,6,不属于指南允许的基础原生食材类别
1928,北芪,6,不属于指南允许的基础原生食材类别
1929,备面粉,6,成品、半成品或加工食品
1930,子面粉,6,成品、半成品或加工食品
1931,黑全麦面粉,6,成品、半成品或加工食品
1932,卤包,6,不属于指南允许的基础原生食材类别
1933,都是,6,不属于指南允许的基础原生食材类别
1934,料水,6,不属于指南允许的基础原生食材类别
1935,最重要,6,不属于指南允许的基础原生食材类别
1936,过筛,6,不属于指南允许的基础原生食材类别
1937,世棒午餐肉,6,加工肉制品
1938,咖哩粉,6,不属于指南允许的基础原生食材类别
1939,冬虫夏草,6,不属于指南允许的基础原生食材类别
1940,各种火锅丸子,6,成品、半成品或加工食品
1941,保鲜盒,6,不属于指南允许的基础原生食材类别
1942,金兰油膏,6,不属于指南允许的基础原生食材类别
1943,五香,6,不属于指南允许的基础原生食材类别
1944,全蛋液刷表面,6,工具、包装或操作说明
1945,茨实,6,不属于指南允许的基础原生食材类别
1946,干果类,6,不属于指南允许的基础原生食材类别
1947,酸梅汤,6,不属于指南允许的基础原生食材类别
1948,番茄酱罐头,6,成品、半成品或加工食品
1949,一个蛋鸡蛋,6,数量或单位残留且无法可靠恢复原食材
1950,几朵木耳,6,数量或单位残留且无法可靠恢复原食材
1951,胚芽米饭,6,成品、半成品或加工食品
1952,花生醬,6,不属于指南允许的基础原生食材类别
1953,稠酸奶,6,饮料、酒类或乳制品不属于本版核心原生食材
1954,多清水,6,不属于指南允许的基础原生食材类别
1955,低脂酸奶,6,饮料、酒类或乳制品不属于本版核心原生食材
1956,红苕粉,6,不属于指南允许的基础原生食材类别
1957,雞粉,6,不属于指南允许的基础原生食材类别
1958,特仑苏牛奶,6,饮料、酒类或乳制品不属于本版核心原生食材
1959,西梅干,6,不属于指南允许的基础原生食材类别
1960,出来,6,不属于指南允许的基础原生食材类别
1961,凝固型酸奶,6,饮料、酒类或乳制品不属于本版核心原生食材
1962,马卡龙,6,不属于指南允许的基础原生食材类别
1963,表面可可粉,6,成品、半成品或加工食品
1964,裹料,6,不属于指南允许的基础原生食材类别
1965,伯爵红茶粉,6,不属于指南允许的基础原生食材类别
1966,果料,6,不属于指南允许的基础原生食材类别
1967,中豆腐,6,豆制品或淀粉制品（严格模式排除）
1968,浆水,6,不属于指南允许的基础原生食材类别
1969,任意搭配,6,不属于指南允许的基础原生食材类别
1970,味岛香松,6,不属于指南允许的基础原生食材类别
1971,蹄髈,6,不属于指南允许的基础原生食材类别
1972,雪菜笋丝,6,成品、半成品或加工食品
1973,果蔬面粉,6,成品、半成品或加工食品
1974,红皮洋葱,6,不属于指南允许的基础原生食材类别
1975,酸菜鱼包,6,成品、半成品或加工食品
1976,黑珍珠,6,不属于指南允许的基础原生食材类别
1977,水牛芝士,6,烘焙或乳制加工食品
1978,即食鸡胸肉,6,成品、半成品或加工食品
1979,鱼皮,6,不属于指南允许的基础原生食材类别
1980,干腐竹,6,豆制品或淀粉制品（严格模式排除）
1981,白西米,6,成品、半成品或加工食品
1982,法式奶油霜,6,烘焙或乳制加工食品
1983,笋干菜,6,成品、半成品或加工食品
1984,三文鱼皮,6,不属于指南允许的基础原生食材类别
1985,芒果慕斯,6,成品、半成品或加工食品
1986,白巧克力慕斯,6,烘焙或乳制加工食品
1987,冰格,6,不属于指南允许的基础原生食材类别
1988,正山小种,6,不属于指南允许的基础原生食材类别
1989,鱼头一个,6,数量或单位残留且无法可靠恢复原食材
1990,酱原料,6,不属于指南允许的基础原生食材类别
1991,熟红豆,6,成品、半成品或加工食品
1992,山泉水,6,不属于指南允许的基础原生食材类别
1993,软化,6,不属于指南允许的基础原生食材类别
1994,帕马森芝士,6,烘焙或乳制加工食品
1995,巧克力蛋糕胚,6,烘焙或乳制加工食品
1996,一样水,6,不属于指南允许的基础原生食材类别
1997,鲜豆腐,6,豆制品或淀粉制品（严格模式排除）
1998,猪肠,6,成品、半成品或加工食品
1999,奶黄,6,不属于指南允许的基础原生食材类别
2000,顶部,6,不属于指南允许的基础原生食材类别
2001,潮汕牛肉丸,6,成品、半成品或加工食品
2002,多少鸡胸肉,6,数量或单位残留且无法可靠恢复原食材
2003,成泥,6,不属于指南允许的基础原生食材类别
2004,宁波年糕,6,成品、半成品或加工食品
2005,蛋炒饭,6,成品、半成品或加工食品
2006,油量,6,不属于指南允许的基础原生食材类别
2007,泡菜萝卜,6,成品、半成品或加工食品
2008,酒渍葡萄干,6,成品、半成品或加工食品
2009,月饼专粉,6,成品、半成品或加工食品
2010,星冰粽,6,不属于指南允许的基础原生食材类别
2011,我没放,6,不属于指南允许的基础原生食材类别
2012,刷蛋液鸡蛋,6,工具、包装或操作说明
2013,调色,6,不属于指南允许的基础原生食材类别
2014,虾米皮,6,成品、半成品或加工食品
2015,子清水,6,不属于指南允许的基础原生食材类别
2016,薄脆饼干,6,烘焙或乳制加工食品
2017,瓷勺,6,不属于指南允许的基础原生食材类别
2018,多少板栗,6,数量或单位残留且无法可靠恢复原食材
2019,后放,6,不属于指南允许的基础原生食材类别
2020,饼干棒,6,烘焙或乳制加工食品
2021,几朵干香菇,6,数量或单位残留且无法可靠恢复原食材
2022,低脂纯牛奶,6,饮料、酒类或乳制品不属于本版核心原生食材
2023,巧克力派,6,烘焙或乳制加工食品
2024,黄豆渣,6,成品、半成品或加工食品
2025,汤粉,6,不属于指南允许的基础原生食材类别
2026,調料,6,不属于指南允许的基础原生食材类别
2027,葡萄干蔓越莓,6,成品、半成品或加工食品
2028,刻度线水,6,不属于指南允许的基础原生食材类别
2029,天津冬菜,6,成品、半成品或加工食品
2030,鲜橙皮,6,不属于指南允许的基础原生食材类别
2031,度水,6,不属于指南允许的基础原生食材类别
2032,布丁瓶,6,成品、半成品或加工食品
2033,风干火腿,6,加工肉制品
2034,布袋,6,不属于指南允许的基础原生食材类别
2035,五谷粉,6,不属于指南允许的基础原生食材类别
2036,双手,6,不属于指南允许的基础原生食材类别
2037,诺邓火腿,6,加工肉制品
2038,辣条,6,不属于指南允许的基础原生食材类别
2039,黄面包糠,6,烘焙或乳制加工食品
2040,面包面粉,6,烘焙或乳制加工食品
2041,桂林米粉,6,成品、半成品或加工食品
2042,干锅料,6,不属于指南允许的基础原生食材类别
2043,面包边,6,烘焙或乳制加工食品
2044,材料如图,6,不属于指南允许的基础原生食材类别
2045,灵感,6,不属于指南允许的基础原生食材类别
2046,就放,6,不属于指南允许的基础原生食材类别
2047,各种粉,6,不属于指南允许的基础原生食材类别
2048,黑豆罐头,6,成品、半成品或加工食品
2049,胡蘿蔔,6,不属于指南允许的基础原生食材类别
2050,台湾烤肠,6,成品、半成品或加工食品
2051,挂耳咖啡,6,饮料、酒类或乳制品不属于本版核心原生食材
2052,熟鸡肉,6,成品、半成品或加工食品
2053,猪肉丸子,6,成品、半成品或加工食品
2054,番红花,6,不属于指南允许的基础原生食材类别
2055,不知道多少,6,数量或单位残留且无法可靠恢复原食材
2056,黄豆豆渣,6,成品、半成品或加工食品
2057,坚持,6,不属于指南允许的基础原生食材类别
2058,马苏拉里芝士,6,烘焙或乳制加工食品
2059,随心,6,不属于指南允许的基础原生食材类别
2060,淡干虾皮,6,成品、半成品或加工食品
2061,玉米火腿肠,6,加工肉制品
2062,包装袋,6,不属于指南允许的基础原生食材类别
2063,五香豆腐干,6,豆制品或淀粉制品（严格模式排除）
2064,酪乳,6,不属于指南允许的基础原生食材类别
2065,乌饭叶,6,不属于指南允许的基础原生食材类别
2066,决定,6,不属于指南允许的基础原生食材类别
2067,配色,6,不属于指南允许的基础原生食材类别
2068,粉料,6,不属于指南允许的基础原生食材类别
2069,奶油香缇,6,烘焙或乳制加工食品
2070,灯笼泡椒,6,成品、半成品或加工食品
2071,婴儿米粉,6,成品、半成品或加工食品
2072,几根火腿肠,6,加工肉制品
2073,带皮肉,6,不属于指南允许的基础原生食材类别
2074,油豆腐皮,6,豆制品或淀粉制品（严格模式排除）
2075,作品,6,不属于指南允许的基础原生食材类别
2076,层戚风蛋糕,6,烘焙或乳制加工食品
2077,曲奇配方,6,成品、半成品或加工食品
2078,铲子,6,不属于指南允许的基础原生食材类别
2079,橡胶手套,6,不属于指南允许的基础原生食材类别
2080,见下图,6,不属于指南允许的基础原生食材类别
2081,香草味酸奶,6,饮料、酒类或乳制品不属于本版核心原生食材
2082,卡仕达奶油馅,6,烘焙或乳制加工食品
2083,脆皮香肠,6,加工肉制品
2084,粉水,6,不属于指南允许的基础原生食材类别
2085,汉堡坯,6,成品、半成品或加工食品
2086,刷表面全蛋液,6,工具、包装或操作说明
2087,天然色粉,6,不属于指南允许的基础原生食材类别
2088,一小碗水,6,不属于指南允许的基础原生食材类别
2089,沙虫,6,不属于指南允许的基础原生食材类别
2090,鲜蔬粉,6,不属于指南允许的基础原生食材类别
2091,半小时,6,不属于指南允许的基础原生食材类别
2092,韩国年糕,6,成品、半成品或加工食品
2093,思慕雪,6,不属于指南允许的基础原生食材类别
2094,多水,6,不属于指南允许的基础原生食材类别
2095,剩馒头,6,成品、半成品或加工食品
2096,黑麦面包,6,烘焙或乳制加工食品
2097,巧克力牛奶,6,烘焙或乳制加工食品
2098,心意,6,不属于指南允许的基础原生食材类别
2099,玉米香肠,6,加工肉制品
2100,八宝粥,6,成品、半成品或加工食品
2101,雀巢咖啡,6,饮料、酒类或乳制品不属于本版核心原生食材
2102,鲮鱼罐头,6,成品、半成品或加工食品
2103,法式酥皮,6,不属于指南允许的基础原生食材类别
2104,帕玛森乳酪,6,不属于指南允许的基础原生食材类别
2105,白咖啡,6,饮料、酒类或乳制品不属于本版核心原生食材
2106,水分,6,不属于指南允许的基础原生食材类别
2107,班兰叶,6,不属于指南允许的基础原生食材类别
2108,张干豆腐,6,豆制品或淀粉制品（严格模式排除）
2109,婴儿面条,6,成品、半成品或加工食品
2110,格鲁耶尔奶酪,6,烘焙或乳制加工食品
2111,牛奶冰淇淋,6,成品、半成品或加工食品
2112,各类水果,6,不属于指南允许的基础原生食材类别
2113,固体酸奶,6,饮料、酒类或乳制品不属于本版核心原生食材
2114,表面刷液,6,工具、包装或操作说明
2115,调节牛奶,6,饮料、酒类或乳制品不属于本版核心原生食材
2116,浓缩液,6,不属于指南允许的基础原生食材类别
2117,形意大利面,6,成品、半成品或加工食品
2118,三明治火腿,6,加工肉制品
2119,拉肠粉,6,不属于指南允许的基础原生食材类别
2120,共水,6,不属于指南允许的基础原生食材类别
2121,普通粉,6,不属于指南允许的基础原生食材类别
2122,调理,6,不属于指南允许的基础原生食材类别
2123,玩偶,6,不属于指南允许的基础原生食材类别
2124,乌龙茶汤,6,不属于指南允许的基础原生食材类别
2125,空玻璃瓶,6,不属于指南允许的基础原生食材类别
2126,乳酪馅,6,不属于指南允许的基础原生食材类别
2127,原方,6,不属于指南允许的基础原生食材类别
2128,咸鱼干,6,成品、半成品或加工食品
2129,可密封容器,6,工具、包装或操作说明
2130,装酸奶,6,饮料、酒类或乳制品不属于本版核心原生食材
2131,意大利粉,6,不属于指南允许的基础原生食材类别
2132,味手抓饼,6,不属于指南允许的基础原生食材类别
2133,多点水,6,不属于指南允许的基础原生食材类别
2134,法式面包,6,烘焙或乳制加工食品
2135,朵大料,6,不属于指南允许的基础原生食材类别
2136,牛奶饼干,6,烘焙或乳制加工食品
2137,人量意大利面,6,成品、半成品或加工食品
2138,炖汤,6,不属于指南允许的基础原生食材类别
2139,手掌大小,6,不属于指南允许的基础原生食材类别
2140,白色巧克力,6,烘焙或乳制加工食品
2141,汤豆腐,6,豆制品或淀粉制品（严格模式排除）
2142,丸子蔬菜,6,成品、半成品或加工食品
2143,饼面粉,6,成品、半成品或加工食品
2144,食竹炭粉,6,不属于指南允许的基础原生食材类别
2145,蛋糕胚配方,6,烘焙或乳制加工食品
2146,布丁杯,6,成品、半成品或加工食品
2147,麻婆豆腐料,6,豆制品或淀粉制品（严格模式排除）
2148,定量,6,不属于指南允许的基础原生食材类别
2149,蜡烛,6,不属于指南允许的基础原生食材类别
2150,蓝纹奶酪,6,烘焙或乳制加工食品
2151,就行锡纸,6,工具、包装或操作说明
2152,嫩豆腐豆腐,6,豆制品或淀粉制品（严格模式排除）
2153,蛋糕卷胚,6,烘焙或乳制加工食品
2154,奶酪夹心,6,烘焙或乳制加工食品
2155,黄油饼干,6,烘焙或乳制加工食品
2156,甜口,6,不属于指南允许的基础原生食材类别
2157,花朵,6,不属于指南允许的基础原生食材类别
2158,生巧克力,6,烘焙或乳制加工食品
2159,熟栗子,6,成品、半成品或加工食品
2160,冷藏牛奶,6,饮料、酒类或乳制品不属于本版核心原生食材
2161,腌渍料,6,不属于指南允许的基础原生食材类别
2162,神马,6,不属于指南允许的基础原生食材类别
2163,半甜巧克力豆,6,烘焙或乳制加工食品
2164,自己调整,6,不属于指南允许的基础原生食材类别
2165,盆水,6,不属于指南允许的基础原生食材类别
2166,泡姜泡海椒,6,成品、半成品或加工食品
2167,冰淇淋球,6,成品、半成品或加工食品
2168,隔夜剩饭,6,不属于指南允许的基础原生食材类别
2169,湖南剁椒,6,成品、半成品或加工食品
2170,黑樱桃罐头,6,成品、半成品或加工食品
2171,脆饼干,6,烘焙或乳制加工食品
2172,口味方便面,6,成品、半成品或加工食品
2173,汉堡包面包,6,烘焙或乳制加工食品
2174,螺旋意大利面,6,成品、半成品或加工食品
2175,黑提,6,不属于指南允许的基础原生食材类别
2176,多少豆腐,6,豆制品或淀粉制品（严格模式排除）
2177,多少洋葱,6,数量或单位残留且无法可靠恢复原食材
2178,了水,6,不属于指南允许的基础原生食材类别
2179,子工具,6,不属于指南允许的基础原生食材类别
2180,组合,6,不属于指南允许的基础原生食材类别
2181,鸡肉火腿肠,6,加工肉制品
2182,味奶油奶酪,6,烘焙或乳制加工食品
2183,不要太多,6,不属于指南允许的基础原生食材类别
2184,月饼饼皮,6,成品、半成品或加工食品
2185,音乐,6,不属于指南允许的基础原生食材类别
2186,马苏里拉芝士球,6,烘焙或乳制加工食品
2187,斑斓精,6,不属于指南允许的基础原生食材类别
2188,肥瘦,6,不属于指南允许的基础原生食材类别
2189,碎海苔,6,成品、半成品或加工食品
2190,空瓶,6,不属于指南允许的基础原生食材类别
2191,爱玉籽,6,不属于指南允许的基础原生食材类别
2192,多低筋面粉,6,成品、半成品或加工食品
2193,菠蘿,6,不属于指南允许的基础原生食材类别
2194,古早蛋糕,6,烘焙或乳制加工食品
2195,一样多,6,不属于指南允许的基础原生食材类别
2196,绿叶,6,不属于指南允许的基础原生食材类别
2197,黑巧克力粉,6,烘焙或乳制加工食品
2198,多少放多少草莓,6,数量或单位残留且无法可靠恢复原食材
2199,腌橄榄,6,不属于指南允许的基础原生食材类别
2200,面粉糊,6,成品、半成品或加工食品
2201,厨房,6,不属于指南允许的基础原生食材类别
2202,铁观音茶叶,6,饮料、酒类或乳制品不属于本版核心原生食材
2203,玉米粒罐头,6,成品、半成品或加工食品
2204,小米粥,6,成品、半成品或加工食品
2205,决定面粉,6,成品、半成品或加工食品
2206,温水温水,6,不属于指南允许的基础原生食材类别
2207,奶香馒头,6,成品、半成品或加工食品
2208,多少放,6,数量或单位残留且无法可靠恢复原食材
2209,什么什么,6,不属于指南允许的基础原生食材类别
2210,龙骨汤,6,不属于指南允许的基础原生食材类别
2211,台式烤肠,6,成品、半成品或加工食品
2212,水果馅,6,不属于指南允许的基础原生食材类别
2213,一半糯米粉,6,成品、半成品或加工食品
2214,烟熏甜椒粉,6,成品、半成品或加工食品
2215,多少茄子,6,数量或单位残留且无法可靠恢复原食材
2216,勤劳双手,6,不属于指南允许的基础原生食材类别
2217,花果茶,6,饮料、酒类或乳制品不属于本版核心原生食材
2218,最高水位水,6,不属于指南允许的基础原生食材类别
2219,羊奶芝士,6,烘焙或乳制加工食品
2220,夹层水果,6,不属于指南允许的基础原生食材类别
2221,巧克力夹馅,6,烘焙或乳制加工食品
2222,泡菜坛子,6,成品、半成品或加工食品
2223,必须,6,不属于指南允许的基础原生食材类别
2224,沙拉菜叶,6,成品、半成品或加工食品
2225,饮料瓶,6,饮料、酒类或乳制品不属于本版核心原生食材
2226,克中筋面粉,6,成品、半成品或加工食品
2227,戚风蛋糕坯子,6,烘焙或乳制加工食品
2228,快乐,6,不属于指南允许的基础原生食材类别
2229,海鹽,6,不属于指南允许的基础原生食材类别
2230,面方便面,6,成品、半成品或加工食品
2231,炒熟芝麻,6,工具、包装或操作说明
2232,隔夜剩米饭,6,成品、半成品或加工食品
2233,马卡龙壳,6,不属于指南允许的基础原生食材类别
2234,果粉,6,不属于指南允许的基础原生食材类别
2235,小饼,6,不属于指南允许的基础原生食材类别
2236,混合水,6,不属于指南允许的基础原生食材类别
2237,碎屑,6,不属于指南允许的基础原生食材类别
2238,多少四季豆,6,数量或单位残留且无法可靠恢复原食材
2239,奇亚籽粉,6,不属于指南允许的基础原生食材类别
2240,张百叶,6,不属于指南允许的基础原生食材类别
2241,香米饭,6,成品、半成品或加工食品
2242,多葡萄干,6,成品、半成品或加工食品
2243,自己量面粉,6,成品、半成品或加工食品
2244,插牌,6,不属于指南允许的基础原生食材类别
2245,食品袋,6,不属于指南允许的基础原生食材类别
2246,莫吉托,6,不属于指南允许的基础原生食材类别
2247,酌量,6,不属于指南允许的基础原生食材类别
2248,情况,6,不属于指南允许的基础原生食材类别
2249,龙口粉丝粉丝,6,豆制品或淀粉制品（严格模式排除）
2250,碎蔓越莓干,6,成品、半成品或加工食品
2251,烧烤,6,不属于指南允许的基础原生食材类别
2252,刷蛋液,6,工具、包装或操作说明
2253,尼芝士,6,烘焙或乳制加工食品
2254,几碗米饭,6,成品、半成品或加工食品
2255,爆爆珠,6,不属于指南允许的基础原生食材类别
2256,多少虾仁,6,数量或单位残留且无法可靠恢复原食材
2257,泡椒水泡椒,6,成品、半成品或加工食品
2258,牛奶混合液,6,饮料、酒类或乳制品不属于本版核心原生食材
2259,香酥炸粉,6,不属于指南允许的基础原生食材类别
2260,浸泡,6,不属于指南允许的基础原生食材类别
2261,发挥,6,不属于指南允许的基础原生食材类别
2262,各种大料,6,不属于指南允许的基础原生食材类别
2263,乳酸菌饮品,6,成品、半成品或加工食品
2264,牙膏,6,不属于指南允许的基础原生食材类别
2265,张酥皮,6,不属于指南允许的基础原生食材类别
2266,果汁饮料,6,饮料、酒类或乳制品不属于本版核心原生食材
2267,发酵乳,6,不属于指南允许的基础原生食材类别
2268,味食材,6,不属于指南允许的基础原生食材类别
2269,带叶,6,不属于指南允许的基础原生食材类别
2270,茶匙可可粉,6,成品、半成品或加工食品
2271,拉丝奶酪,6,烘焙或乳制加工食品
2272,面高筋面粉,6,成品、半成品或加工食品
2273,小圆饼干,6,烘焙或乳制加工食品
2274,不去皮,6,不属于指南允许的基础原生食材类别
2275,口味葡萄干,6,成品、半成品或加工食品
2276,茉莉绿茶茶包,6,不属于指南允许的基础原生食材类别
2277,眼睛,6,不属于指南允许的基础原生食材类别
2278,土司边,6,不属于指南允许的基础原生食材类别
2279,粉一小袋,6,不属于指南允许的基础原生食材类别
2280,儿水,6,不属于指南允许的基础原生食材类别
2281,饼干胚,6,烘焙或乳制加工食品
2282,饼干切模,6,烘焙或乳制加工食品
2283,标准,6,不属于指南允许的基础原生食材类别
2284,碳酸饮料,6,饮料、酒类或乳制品不属于本版核心原生食材
2285,多少糯米粉,6,成品、半成品或加工食品
2286,料一小包,6,不属于指南允许的基础原生食材类别
2287,粉低筋面粉,6,成品、半成品或加工食品
2288,知识,6,不属于指南允许的基础原生食材类别
2289,刷蛋黄液,6,工具、包装或操作说明
2290,米饭量大米,6,成品、半成品或加工食品
2291,嘴巴,6,不属于指南允许的基础原生食材类别
2292,一台,6,不属于指南允许的基础原生食材类别
2293,料看图,6,不属于指南允许的基础原生食材类别
2294,雪花酥,6,不属于指南允许的基础原生食材类别
2295,华夫饼机,6,不属于指南允许的基础原生食材类别
2296,水果酸奶,6,饮料、酒类或乳制品不属于本版核心原生食材
2297,全部食材,6,不属于指南允许的基础原生食材类别
2298,芝士夹心,6,烘焙或乳制加工食品
2299,牛肉香肠,6,加工肉制品
2300,后重量,6,不属于指南允许的基础原生食材类别
2301,蛋糕量,6,烘焙或乳制加工食品
2302,习惯,6,不属于指南允许的基础原生食材类别
2303,五谷杂粮粉,6,不属于指南允许的基础原生食材类别
2304,汁各,6,不属于指南允许的基础原生食材类别
2305,提前准备,6,不属于指南允许的基础原生食材类别
2306,冰棍,6,不属于指南允许的基础原生食材类别
2307,新鲜艾叶,6,不属于指南允许的基础原生食材类别
2308,煲汤,6,不属于指南允许的基础原生食材类别
2309,辅食,6,不属于指南允许的基础原生食材类别
2310,混合一起,6,不属于指南允许的基础原生食材类别
2311,大馄饨,6,成品、半成品或加工食品
2312,植物,6,不属于指南允许的基础原生食材类别
2313,涂抹表面,6,工具、包装或操作说明
2314,铁塔,6,不属于指南允许的基础原生食材类别
2315,拇指大小,6,不属于指南允许的基础原生食材类别
2316,燕麦米粉,6,成品、半成品或加工食品
2317,奶油配方,6,烘焙或乳制加工食品
2318,新鲜米饭,6,成品、半成品或加工食品
2319,其他果干,6,成品、半成品或加工食品
2320,面意大利面,6,成品、半成品或加工食品
2321,干水,6,不属于指南允许的基础原生食材类别
2322,几片白菜,6,数量或单位残留且无法可靠恢复原食材
2323,浓汤罐头,6,成品、半成品或加工食品
2324,粉儿,6,不属于指南允许的基础原生食材类别
2325,粉代替,6,不属于指南允许的基础原生食材类别
2326,新鲜粽叶,6,不属于指南允许的基础原生食材类别
2327,合干,6,不属于指南允许的基础原生食材类别
2328,多少菠菜,6,数量或单位残留且无法可靠恢复原食材
2329,来源,6,不属于指南允许的基础原生食材类别
2330,鱼一条重,6,数量或单位残留且无法可靠恢复原食材
2331,餐盒,6,不属于指南允许的基础原生食材类别
2332,溶液,6,不属于指南允许的基础原生食材类别
2333,来定,6,不属于指南允许的基础原生食材类别
2334,饼饺子皮,6,成品、半成品或加工食品
2335,准备好,6,不属于指南允许的基础原生食材类别
2336,冰糕,6,不属于指南允许的基础原生食材类别
2337,所需原料,6,不属于指南允许的基础原生食材类别
2338,了酸奶,6,饮料、酒类或乳制品不属于本版核心原生食材
2339,肉松肉松,6,加工肉制品
2340,小汤勺,6,不属于指南允许的基础原生食材类别
2341,色巧克力豆,6,烘焙或乳制加工食品
2342,一致,6,不属于指南允许的基础原生食材类别
2343,酱配方,6,不属于指南允许的基础原生食材类别
2344,定面粉,6,成品、半成品或加工食品
2345,口感,6,不属于指南允许的基础原生食材类别
2346,就多放,6,不属于指南允许的基础原生食材类别
2347,二斤,6,数量或单位残留且无法可靠恢复原食材
2348,豆腐汤,6,豆制品或淀粉制品（严格模式排除）
2349,小刷子,6,工具、包装或操作说明
2350,味冰淇淋,6,成品、半成品或加工食品
2351,嫩叶,6,不属于指南允许的基础原生食材类别
2352,几个鸡蛋鸡蛋,6,数量或单位残留且无法可靠恢复原食材
2353,净重,6,不属于指南允许的基础原生食材类别
2354,常温,6,不属于指南允许的基础原生食材类别
2355,新鲜橘子皮,6,不属于指南允许的基础原生食材类别
2356,调整面粉,6,成品、半成品或加工食品
2357,剪刀,6,不属于指南允许的基础原生食材类别
2358,艾饺馅,6,不属于指南允许的基础原生食材类别
2359,红皮,6,不属于指南允许的基础原生食材类别
2360,酸奶机,6,饮料、酒类或乳制品不属于本版核心原生食材
2361,天麻,6,不属于指南允许的基础原生食材类别
2362,百合干,6,不属于指南允许的基础原生食材类别
2363,其他料,6,不属于指南允许的基础原生食材类别
2364,可做,6,不属于指南允许的基础原生食材类别
2365,太子参,6,不属于指南允许的基础原生食材类别
2366,刺山柑,6,不属于指南允许的基础原生食材类别
2367,皮料,6,不属于指南允许的基础原生食材类别
2368,克纯净水,6,不属于指南允许的基础原生食材类别
2369,白蔻,6,不属于指南允许的基础原生食材类别
2370,黄喉,6,不属于指南允许的基础原生食材类别
2371,馄饨馅,6,成品、半成品或加工食品
2372,春饼,6,不属于指南允许的基础原生食材类别
2373,慕斯底,6,成品、半成品或加工食品
2374,甜奶粉,6,烘焙或乳制加工食品
2375,草莓慕斯,6,成品、半成品或加工食品
2376,老卤,6,不属于指南允许的基础原生食材类别
2377,绿茶叶,6,饮料、酒类或乳制品不属于本版核心原生食材
2378,奶类,6,不属于指南允许的基础原生食材类别
2379,杏仁饼干,6,烘焙或乳制加工食品
2380,鹽巴,6,不属于指南允许的基础原生食材类别
2381,克温水,6,不属于指南允许的基础原生食材类别
2382,牛奶慕斯,6,成品、半成品或加工食品
2383,日式,6,不属于指南允许的基础原生食材类别
2384,克开水,6,不属于指南允许的基础原生食材类别
2385,海绵酵头,6,不属于指南允许的基础原生食材类别
2386,巧克力层,6,烘焙或乳制加工食品
2387,轻乳酪,6,不属于指南允许的基础原生食材类别
2388,围边,6,不属于指南允许的基础原生食材类别
2389,酥油皮,6,不属于指南允许的基础原生食材类别
2390,分界线,6,不属于指南允许的基础原生食材类别
2391,食材见图,6,不属于指南允许的基础原生食材类别
2392,淡味芝士,6,烘焙或乳制加工食品
2393,马苏里拉干酪,6,不属于指南允许的基础原生食材类别
2394,海苔芝麻,6,成品、半成品或加工食品
2395,怀山,6,不属于指南允许的基础原生食材类别
2396,酱葱,6,不属于指南允许的基础原生食材类别
2397,燕麥,6,不属于指南允许的基础原生食材类别
2398,即食燕麥,6,成品、半成品或加工食品
2399,拉芝士,6,烘焙或乳制加工食品
2400,丁火腿,6,加工肉制品
2401,饼饼,6,不属于指南允许的基础原生食材类别
2402,风味火腿,6,加工肉制品
2403,天妇罗,6,不属于指南允许的基础原生食材类别
2404,黑巧克力碎,6,烘焙或乳制加工食品
2405,新奥尔良烤翅料,5,不属于指南允许的基础原生食材类别
2406,白豆干,5,豆制品或淀粉制品（严格模式排除）
2407,幼儿配方奶粉,5,烘焙或乳制加工食品
2408,技术,5,不属于指南允许的基础原生食材类别
2409,桑椹,5,不属于指南允许的基础原生食材类别
2410,盏燕窝,5,不属于指南允许的基础原生食材类别
2411,海绵蛋糕一个,5,烘焙或乳制加工食品
2412,白粥,5,成品、半成品或加工食品
2413,厚酸奶,5,饮料、酒类或乳制品不属于本版核心原生食材
2414,面包量,5,烘焙或乳制加工食品
2415,菠菜面粉,5,成品、半成品或加工食品
2416,酸梅,5,不属于指南允许的基础原生食材类别
2417,多少玉米粒,5,数量或单位残留且无法可靠恢复原食材
2418,棕叶,5,不属于指南允许的基础原生食材类别
2419,腊肠腊肉,5,加工肉制品
2420,人份量,5,不属于指南允许的基础原生食材类别
2421,红参,5,不属于指南允许的基础原生食材类别
2422,沙虫干,5,不属于指南允许的基础原生食材类别
2423,几瓣蒜,5,数量或单位残留且无法可靠恢复原食材
2424,腰花,5,不属于指南允许的基础原生食材类别
2425,油炸豆腐,5,豆制品或淀粉制品（严格模式排除）
2426,粉芡,5,不属于指南允许的基础原生食材类别
2427,金钩海米,5,成品、半成品或加工食品
2428,沙白,5,不属于指南允许的基础原生食材类别
2429,纯可可脂巧克力,5,烘焙或乳制加工食品
2430,纯水,5,不属于指南允许的基础原生食材类别
2431,一茶匙,5,不属于指南允许的基础原生食材类别
2432,姜饼预拌粉,5,不属于指南允许的基础原生食材类别
2433,必不可少,5,不属于指南允许的基础原生食材类别
2434,藜麦粥,5,成品、半成品或加工食品
2435,金线莲,5,不属于指南允许的基础原生食材类别
2436,酵素,5,不属于指南允许的基础原生食材类别
2437,几朵香菇,5,数量或单位残留且无法可靠恢复原食材
2438,寿司卷帘,5,不属于指南允许的基础原生食材类别
2439,泡椒小米椒,5,成品、半成品或加工食品
2440,柴鱼素,5,成品、半成品或加工食品
2441,豆腐渣,5,豆制品或淀粉制品（严格模式排除）
2442,煎饺,5,不属于指南允许的基础原生食材类别
2443,乌龙,5,不属于指南允许的基础原生食材类别
2444,各种时蔬,5,不属于指南允许的基础原生食材类别
2445,定糯米粉,5,成品、半成品或加工食品
2446,紫皮茄子,5,不属于指南允许的基础原生食材类别
2447,山楂果,5,不属于指南允许的基础原生食材类别
2448,少量红曲粉,5,不属于指南允许的基础原生食材类别
2449,圆盘,5,不属于指南允许的基础原生食材类别
2450,烘培粉,5,不属于指南允许的基础原生食材类别
2451,半咸蛋黄,5,成品、半成品或加工食品
2452,黑白巧克力,5,烘焙或乳制加工食品
2453,馓子,5,不属于指南允许的基础原生食材类别
2454,干茶树菇,5,不属于指南允许的基础原生食材类别
2455,立顿红茶,5,饮料、酒类或乳制品不属于本版核心原生食材
2456,萝卜泡菜,5,成品、半成品或加工食品
2457,不多,5,不属于指南允许的基础原生食材类别
2458,热水热水,5,不属于指南允许的基础原生食材类别
2459,海草,5,不属于指南允许的基础原生食材类别
2460,白豆沙,5,成品、半成品或加工食品
2461,多香果粉,5,不属于指南允许的基础原生食材类别
2462,寸戚风蛋糕胚,5,烘焙或乳制加工食品
2463,春卷,5,不属于指南允许的基础原生食材类别
2464,玻璃保鲜盒,5,不属于指南允许的基础原生食材类别
2465,卡士酸奶,5,饮料、酒类或乳制品不属于本版核心原生食材
2466,陈村粉,5,不属于指南允许的基础原生食材类别
2467,牌糯米粉,5,成品、半成品或加工食品
2468,核桃葡萄干,5,成品、半成品或加工食品
2469,咖啡咖啡,5,饮料、酒类或乳制品不属于本版核心原生食材
2470,粽绳,5,不属于指南允许的基础原生食材类别
2471,粉肠,5,成品、半成品或加工食品
2472,不太多,5,不属于指南允许的基础原生食材类别
2473,馒头配方,5,成品、半成品或加工食品
2474,宝宝奶酪,5,烘焙或乳制加工食品
2475,毛刷,5,工具、包装或操作说明
2476,七味唐辛子,5,不属于指南允许的基础原生食材类别
2477,白口蘑,5,不属于指南允许的基础原生食材类别
2478,饺子料,5,成品、半成品或加工食品
2479,奥利奥夹心,5,不属于指南允许的基础原生食材类别
2480,奇雅子,5,不属于指南允许的基础原生食材类别
2481,白玉豆腐,5,豆制品或淀粉制品（严格模式排除）
2482,干辣皮,5,不属于指南允许的基础原生食材类别
2483,咸蛋黄馅,5,成品、半成品或加工食品
2484,墨西哥薄饼,5,不属于指南允许的基础原生食材类别
2485,米芽菜,5,成品、半成品或加工食品
2486,几朵黑木耳,5,数量或单位残留且无法可靠恢复原食材
2487,酒酿水,5,不属于指南允许的基础原生食材类别
2488,圣女果干,5,成品、半成品或加工食品
2489,豆腐串,5,豆制品或淀粉制品（严格模式排除）
2490,蒿子,5,不属于指南允许的基础原生食材类别
2491,拉线膏,5,不属于指南允许的基础原生食材类别
2492,熟食,5,成品、半成品或加工食品
2493,果蓉,5,不属于指南允许的基础原生食材类别
2494,1⁄2茶匙,5,数量或单位残留且无法可靠恢复原食材
2495,壶开水,5,不属于指南允许的基础原生食材类别
2496,沫沫,5,不属于指南允许的基础原生食材类别
2497,纸皮核桃仁,5,不属于指南允许的基础原生食材类别
2498,发酵桶,5,不属于指南允许的基础原生食材类别
2499,巧克力冰激凌,5,烘焙或乳制加工食品
2500,面包蟹,5,烘焙或乳制加工食品
2501,各种馅,5,不属于指南允许的基础原生食材类别
2502,巧克力蛋白粉,5,烘焙或乳制加工食品
2503,鱼泉榨菜,5,不属于指南允许的基础原生食材类别
2504,虾皮香菇粉,5,成品、半成品或加工食品
2505,椰青,5,不属于指南允许的基础原生食材类别
2506,熟鸡蛋黄,5,成品、半成品或加工食品
2507,卡仕达粉,5,不属于指南允许的基础原生食材类别
2508,粥米,5,成品、半成品或加工食品
2509,酱鸭,5,成品、半成品或加工食品
2510,山柰,5,不属于指南允许的基础原生食材类别
2511,人量面粉,5,成品、半成品或加工食品
2512,薏米粉,5,成品、半成品或加工食品
2513,莓果,5,不属于指南允许的基础原生食材类别
2514,粗粮粉,5,不属于指南允许的基础原生食材类别
2515,腊味香肠,5,加工肉制品
2516,牌低筋面粉,5,成品、半成品或加工食品
2517,咸鸭蛋蛋黄,5,成品、半成品或加工食品
2518,及香料,5,不属于指南允许的基础原生食材类别
2519,几朵西兰花,5,数量或单位残留且无法可靠恢复原食材
2520,蛋糕面粉,5,烘焙或乳制加工食品
2521,冷牛奶,5,饮料、酒类或乳制品不属于本版核心原生食材
2522,象拔蚌,5,不属于指南允许的基础原生食材类别
2523,上海红肠,5,成品、半成品或加工食品
2524,烘焙粉,5,不属于指南允许的基础原生食材类别
2525,北海道吐司,5,烘焙或乳制加工食品
2526,黄金亚麻籽,5,不属于指南允许的基础原生食材类别
2527,其他面粉,5,成品、半成品或加工食品
2528,肠仔,5,不属于指南允许的基础原生食材类别
2529,浇头,5,不属于指南允许的基础原生食材类别
2530,葫芦卜,5,不属于指南允许的基础原生食材类别
2531,鲜蘑,5,不属于指南允许的基础原生食材类别
2532,固态酸奶,5,饮料、酒类或乳制品不属于本版核心原生食材
2533,浓香,5,不属于指南允许的基础原生食材类别
2534,青花鱼罐头,5,成品、半成品或加工食品
2535,烧开水,5,不属于指南允许的基础原生食材类别
2536,洲星马蹄粉,5,不属于指南允许的基础原生食材类别
2537,白芸豆沙,5,成品、半成品或加工食品
2538,乳清干酪,5,不属于指南允许的基础原生食材类别
2539,熟亚麻籽,5,成品、半成品或加工食品
2540,馒头屑,5,成品、半成品或加工食品
2541,宜宾碎米芽菜,5,成品、半成品或加工食品
2542,度温水,5,不属于指南允许的基础原生食材类别
2543,牌高筋面粉,5,成品、半成品或加工食品
2544,肉松馅,5,加工肉制品
2545,油酥花生,5,不属于指南允许的基础原生食材类别
2546,蕨根粉,5,不属于指南允许的基础原生食材类别
2547,酱清,5,不属于指南允许的基础原生食材类别
2548,大小锡纸,5,工具、包装或操作说明
2549,黄皮,5,不属于指南允许的基础原生食材类别
2550,白干,5,不属于指南允许的基础原生食材类别
2551,柠檬皮柠檬皮屑,5,不属于指南允许的基础原生食材类别
2552,填充,5,不属于指南允许的基础原生食材类别
2553,花生汤圆,5,不属于指南允许的基础原生食材类别
2554,卤味包,5,不属于指南允许的基础原生食材类别
2555,水中,5,不属于指南允许的基础原生食材类别
2556,玉子烧,5,不属于指南允许的基础原生食材类别
2557,卤水料,5,不属于指南允许的基础原生食材类别
2558,起司粉,5,不属于指南允许的基础原生食材类别
2559,纸棒,5,不属于指南允许的基础原生食材类别
2560,苦荞粉,5,不属于指南允许的基础原生食材类别
2561,石膏豆腐,5,豆制品或淀粉制品（严格模式排除）
2562,香辣脆,5,不属于指南允许的基础原生食材类别
2563,椰皇,5,不属于指南允许的基础原生食材类别
2564,果仁巧克力,5,烘焙或乳制加工食品
2565,红罗卜,5,不属于指南允许的基础原生食材类别
2566,胡辣汤粉,5,不属于指南允许的基础原生食材类别
2567,鲜人参,5,不属于指南允许的基础原生食材类别
2568,高达椰浆,5,饮料、酒类或乳制品不属于本版核心原生食材
2569,提取物,5,不属于指南允许的基础原生食材类别
2570,酸柑,5,不属于指南允许的基础原生食材类别
2571,浓咖啡,5,饮料、酒类或乳制品不属于本版核心原生食材
2572,各种佐料,5,不属于指南允许的基础原生食材类别
2573,碎粒,5,不属于指南允许的基础原生食材类别
2574,张锡纸,5,工具、包装或操作说明
2575,喜爱水果,5,不属于指南允许的基础原生食材类别
2576,蟹足棒,5,成品、半成品或加工食品
2577,炸豆皮,5,豆制品或淀粉制品（严格模式排除）
2578,多少水水,5,数量或单位残留且无法可靠恢复原食材
2579,紫甘兰,5,不属于指南允许的基础原生食材类别
2580,肉酥,5,成品、半成品或加工食品
2581,果汁粉,5,饮料、酒类或乳制品不属于本版核心原生食材
2582,百香果慕斯,5,成品、半成品或加工食品
2583,黑米粥,5,成品、半成品或加工食品
2584,甜炼乳,5,烘焙或乳制加工食品
2585,即溶咖啡,5,饮料、酒类或乳制品不属于本版核心原生食材
2586,馒头改良剂,5,成品、半成品或加工食品
2587,想象力,5,不属于指南允许的基础原生食材类别
2588,纸皮核桃,5,不属于指南允许的基础原生食材类别
2589,稳定剂,5,不属于指南允许的基础原生食材类别
2590,芝士碎芝士,5,烘焙或乳制加工食品
2591,砖茶,5,饮料、酒类或乳制品不属于本版核心原生食材
2592,黄金亚麻籽粉,5,不属于指南允许的基础原生食材类别
2593,提香,5,不属于指南允许的基础原生食材类别
2594,甘草粉,5,不属于指南允许的基础原生食材类别
2595,鸡蛋皮,5,不属于指南允许的基础原生食材类别
2596,牛奶粉,5,烘焙或乳制加工食品
2597,油水,5,不属于指南允许的基础原生食材类别
2598,牛奶奶粉,5,烘焙或乳制加工食品
2599,醪糟水,5,不属于指南允许的基础原生食材类别
2600,砧板,5,不属于指南允许的基础原生食材类别
2601,刷面,5,工具、包装或操作说明
2602,筋头巴脑,5,不属于指南允许的基础原生食材类别
2603,面包干,5,烘焙或乳制加工食品
2604,适中,5,不属于指南允许的基础原生食材类别
2605,普洱茶叶,5,饮料、酒类或乳制品不属于本版核心原生食材
2606,山茶花高筋面粉,5,成品、半成品或加工食品
2607,带点肥,5,不属于指南允许的基础原生食材类别
2608,虎皮鹌鹑蛋,5,不属于指南允许的基础原生食材类别
2609,巧克力碎,5,烘焙或乳制加工食品
2610,金像高粉,5,不属于指南允许的基础原生食材类别
2611,肉培根,5,加工肉制品
2612,下水,5,不属于指南允许的基础原生食材类别
2613,薄壳,5,不属于指南允许的基础原生食材类别
2614,皮高筋面粉,5,成品、半成品或加工食品
2615,粉蒸肉米粉,5,成品、半成品或加工食品
2616,鸡肠,5,成品、半成品或加工食品
2617,浆果,5,不属于指南允许的基础原生食材类别
2618,蛋挞模,5,成品、半成品或加工食品
2619,不插电酸奶机,5,饮料、酒类或乳制品不属于本版核心原生食材
2620,奥利奥碎饼干,5,烘焙或乳制加工食品
2621,教程,5,不属于指南允许的基础原生食材类别
2622,矿物质水,5,不属于指南允许的基础原生食材类别
2623,糙米粉,5,成品、半成品或加工食品
2624,皮低筋面粉,5,成品、半成品或加工食品
2625,酥炸粉,5,不属于指南允许的基础原生食材类别
2626,糯米粉手粉,5,成品、半成品或加工食品
2627,蛏干,5,成品、半成品或加工食品
2628,华夫饼粉,5,不属于指南允许的基础原生食材类别
2629,波力海苔,5,成品、半成品或加工食品
2630,芒果果冻,5,不属于指南允许的基础原生食材类别
2631,白奶酪,5,烘焙或乳制加工食品
2632,坚果干,5,成品、半成品或加工食品
2633,琼脂粉,5,成品、半成品或加工食品
2634,粉絲,5,不属于指南允许的基础原生食材类别
2635,明太子,5,不属于指南允许的基础原生食材类别
2636,麻辣烫料,5,不属于指南允许的基础原生食材类别
2637,多少红豆,5,数量或单位残留且无法可靠恢复原食材
2638,金针,5,不属于指南允许的基础原生食材类别
2639,浓缩咖啡粉,5,饮料、酒类或乳制品不属于本版核心原生食材
2640,潮汕咸菜,5,成品、半成品或加工食品
2641,皮肉,5,不属于指南允许的基础原生食材类别
2642,黄色色粉,5,不属于指南允许的基础原生食材类别
2643,干辣子,5,不属于指南允许的基础原生食材类别
2644,玛丽亚饼干,5,烘焙或乳制加工食品
2645,炖盅,5,不属于指南允许的基础原生食材类别
2646,章鱼干,5,成品、半成品或加工食品
2647,黄色面包糠,5,烘焙或乳制加工食品
2648,芫荽粉,5,不属于指南允许的基础原生食材类别
2649,烹饪,5,不属于指南允许的基础原生食材类别
2650,零度可乐,5,饮料、酒类或乳制品不属于本版核心原生食材
2651,果味粉,5,不属于指南允许的基础原生食材类别
2652,巧克力戚风蛋糕,5,烘焙或乳制加工食品
2653,马苏,5,不属于指南允许的基础原生食材类别
2654,各一个,5,数量或单位残留且无法可靠恢复原食材
2655,樱花奥利奥,5,不属于指南允许的基础原生食材类别
2656,两种,5,不属于指南允许的基础原生食材类别
2657,黄油液,5,烘焙或乳制加工食品
2658,手打鱼丸,5,成品、半成品或加工食品
2659,米皮,5,不属于指南允许的基础原生食材类别
2660,王守义麻辣鲜,5,不属于指南允许的基础原生食材类别
2661,老腊肉,5,加工肉制品
2662,黑朗姆,5,不属于指南允许的基础原生食材类别
2663,研磨,5,不属于指南允许的基础原生食材类别
2664,酱一大勺,5,不属于指南允许的基础原生食材类别
2665,花嘴,5,不属于指南允许的基础原生食材类别
2666,茉莉花茶包,5,不属于指南允许的基础原生食材类别
2667,兰香子,5,不属于指南允许的基础原生食材类别
2668,川味腊肠,5,成品、半成品或加工食品
2669,凤尾鱼罐头,5,成品、半成品或加工食品
2670,市场买,5,不属于指南允许的基础原生食材类别
2671,成熟牛油果,5,成品、半成品或加工食品
2672,红皮花生米,5,不属于指南允许的基础原生食材类别
2673,机牛奶,5,饮料、酒类或乳制品不属于本版核心原生食材
2674,巧克力雪糕,5,烘焙或乳制加工食品
2675,披萨盘,5,成品、半成品或加工食品
2676,分享,5,不属于指南允许的基础原生食材类别
2677,月饼预拌粉,5,成品、半成品或加工食品
2678,干椰蓉,5,不属于指南允许的基础原生食材类别
2679,子普通面粉,5,成品、半成品或加工食品
2680,六寸,5,不属于指南允许的基础原生食材类别
2681,黑豆豆浆,5,成品、半成品或加工食品
2682,蛋糕纸托,5,烘焙或乳制加工食品
2683,多谷物面包粉,5,烘焙或乳制加工食品
2684,一圈,5,不属于指南允许的基础原生食材类别
2685,调温巧克力,5,烘焙或乳制加工食品
2686,四川腊肠,5,成品、半成品或加工食品
2687,芫荽籽,5,不属于指南允许的基础原生食材类别
2688,特浓咖啡,5,饮料、酒类或乳制品不属于本版核心原生食材
2689,耐烘焙巧克力豆,5,烘焙或乳制加工食品
2690,多少肥牛,5,数量或单位残留且无法可靠恢复原食材
2691,素材,5,不属于指南允许的基础原生食材类别
2692,了牛奶,5,饮料、酒类或乳制品不属于本版核心原生食材
2693,西瓜皮西瓜皮,5,不属于指南允许的基础原生食材类别
2694,莲心,5,不属于指南允许的基础原生食材类别
2695,麻辣火锅蘸料,5,不属于指南允许的基础原生食材类别
2696,冰粒,5,不属于指南允许的基础原生食材类别
2697,色巧克力币,5,烘焙或乳制加工食品
2698,味全,5,不属于指南允许的基础原生食材类别
2699,石膏粉,5,不属于指南允许的基础原生食材类别
2700,鱼翅,5,成品、半成品或加工食品
2701,戚风蛋糕量,5,烘焙或乳制加工食品
2702,可可蛋糕胚,5,烘焙或乳制加工食品
2703,黄瓜皮,5,不属于指南允许的基础原生食材类别
2704,时时间,5,不属于指南允许的基础原生食材类别
2705,材料二,5,不属于指南允许的基础原生食材类别
2706,自己看,5,不属于指南允许的基础原生食材类别
2707,位置,5,不属于指南允许的基础原生食材类别
2708,酱青,5,不属于指南允许的基础原生食材类别
2709,帕尔马干酪,5,不属于指南允许的基础原生食材类别
2710,瑶柱干,5,不属于指南允许的基础原生食材类别
2711,萧山萝卜干,5,成品、半成品或加工食品
2712,多少生蚝,5,数量或单位残留且无法可靠恢复原食材
2713,烟熏腊肉,5,加工肉制品
2714,葡挞皮,5,不属于指南允许的基础原生食材类别
2715,紅蘿蔔,5,不属于指南允许的基础原生食材类别
2716,子即可水,5,不属于指南允许的基础原生食材类别
2717,坛子,5,不属于指南允许的基础原生食材类别
2718,爆浆,5,不属于指南允许的基础原生食材类别
2719,剩余食材,5,不属于指南允许的基础原生食材类别
2720,厚片吐司,5,烘焙或乳制加工食品
2721,多少豇豆,5,数量或单位残留且无法可靠恢复原食材
2722,就行了水,5,不属于指南允许的基础原生食材类别
2723,定量面粉,5,成品、半成品或加工食品
2724,日式年糕,5,成品、半成品或加工食品
2725,是面粉,5,成品、半成品或加工食品
2726,银耳一朵,5,数量或单位残留且无法可靠恢复原食材
2727,总共,5,不属于指南允许的基础原生食材类别
2728,奶皮子,5,饮料、酒类或乳制品不属于本版核心原生食材
2729,鱼头剁椒,5,成品、半成品或加工食品
2730,叶结,5,不属于指南允许的基础原生食材类别
2731,种-高筋面粉,5,成品、半成品或加工食品
2732,台豆浆机,5,成品、半成品或加工食品
2733,萝卜丸子,5,成品、半成品或加工食品
2734,花干,5,不属于指南允许的基础原生食材类别
2735,多少放多少,5,数量或单位残留且无法可靠恢复原食材
2736,对半切开,5,不属于指南允许的基础原生食材类别
2737,脆骨,5,不属于指南允许的基础原生食材类别
2738,辣椒皮,5,不属于指南允许的基础原生食材类别
2739,奥尔良腌制料,5,不属于指南允许的基础原生食材类别
2740,彩色巧克力豆,5,烘焙或乳制加工食品
2741,冰沙,5,不属于指南允许的基础原生食材类别
2742,幸福,5,不属于指南允许的基础原生食材类别
2743,多少个鸡蛋,5,数量或单位残留且无法可靠恢复原食材
2744,备温水,5,不属于指南允许的基础原生食材类别
2745,红酸汤,5,不属于指南允许的基础原生食材类别
2746,张豆皮,5,豆制品或淀粉制品（严格模式排除）
2747,牛肉火腿,5,加工肉制品
2748,进口奶粉,5,烘焙或乳制加工食品
2749,一盆,5,不属于指南允许的基础原生食材类别
2750,辣酱面,5,不属于指南允许的基础原生食材类别
2751,熟油辣子,5,成品、半成品或加工食品
2752,鸡蛋沙拉,5,成品、半成品或加工食品
2753,地都冬菜,5,成品、半成品或加工食品
2754,浓稠型酸奶,5,饮料、酒类或乳制品不属于本版核心原生食材
2755,果味酸奶,5,饮料、酒类或乳制品不属于本版核心原生食材
2756,功能电饭煲,5,不属于指南允许的基础原生食材类别
2757,鱼丸鱼豆腐,5,豆制品或淀粉制品（严格模式排除）
2758,巧克力珠,5,烘焙或乳制加工食品
2759,五香大料,5,不属于指南允许的基础原生食材类别
2760,软质奶酪,5,烘焙或乳制加工食品
2761,汤碗,5,不属于指南允许的基础原生食材类别
2762,多少剩饭,5,数量或单位残留且无法可靠恢复原食材
2763,意式综合香料,5,不属于指南允许的基础原生食材类别
2764,曲奇饼,5,成品、半成品或加工食品
2765,泡姜泡椒,5,成品、半成品或加工食品
2766,青柠檬皮屑,5,不属于指南允许的基础原生食材类别
2767,马苏里拉碎芝士,5,烘焙或乳制加工食品
2768,膳食纤维,5,不属于指南允许的基础原生食材类别
2769,阿华田粉,5,不属于指南允许的基础原生食材类别
2770,黑米饭,5,成品、半成品或加工食品
2771,凉粉粉,5,不属于指南允许的基础原生食材类别
2772,皮芽子,5,不属于指南允许的基础原生食材类别
2773,鲜奶牛奶,5,饮料、酒类或乳制品不属于本版核心原生食材
2774,一锅热水,5,不属于指南允许的基础原生食材类别
2775,酱菜,5,不属于指南允许的基础原生食材类别
2776,火烧,5,不属于指南允许的基础原生食材类别
2777,法芙娜巧克力,5,烘焙或乳制加工食品
2778,更好看,5,不属于指南允许的基础原生食材类别
2779,苏子粉,5,不属于指南允许的基础原生食材类别
2780,多少红薯,5,数量或单位残留且无法可靠恢复原食材
2781,酱辣椒,5,不属于指南允许的基础原生食材类别
2782,蛋糕料,5,烘焙或乳制加工食品
2783,烘干机,5,不属于指南允许的基础原生食材类别
2784,慕斯粉,5,成品、半成品或加工食品
2785,白茶,5,饮料、酒类或乳制品不属于本版核心原生食材
2786,水果搭配,5,不属于指南允许的基础原生食材类别
2787,火锅,5,不属于指南允许的基础原生食材类别
2788,调羹,5,不属于指南允许的基础原生食材类别
2789,面粉高筋面粉,5,成品、半成品或加工食品
2790,茶底,5,不属于指南允许的基础原生食材类别
2791,波波肠,5,成品、半成品或加工食品
2792,饺子皮饺子皮,5,成品、半成品或加工食品
2793,熟虾,5,成品、半成品或加工食品
2794,太太乐蔬之鲜,5,不属于指南允许的基础原生食材类别
2795,纯素美乃滋,5,不属于指南允许的基础原生食材类别
2796,食金箔,5,不属于指南允许的基础原生食材类别
2797,画笔,5,不属于指南允许的基础原生食材类别
2798,刀具,5,不属于指南允许的基础原生食材类别
2799,稻花香,5,不属于指南允许的基础原生食材类别
2800,甜叶菊,5,不属于指南允许的基础原生食材类别
2801,电饼档,5,不属于指南允许的基础原生食材类别
2802,食苏打粉,5,不属于指南允许的基础原生食材类别
2803,处水,5,不属于指南允许的基础原生食材类别
2804,新鲜马苏里拉奶酪,5,烘焙或乳制加工食品
2805,拉花缸,5,不属于指南允许的基础原生食材类别
2806,牛肉方便面,5,成品、半成品或加工食品
2807,新鲜蔬果,5,不属于指南允许的基础原生食材类别
2808,种高筋面粉,5,成品、半成品或加工食品
2809,浓缩番茄膏,5,成品、半成品或加工食品
2810,生菜沙拉,5,成品、半成品或加工食品
2811,红豆蜜豆,5,成品、半成品或加工食品
2812,酱水,5,不属于指南允许的基础原生食材类别
2813,小包装,5,不属于指南允许的基础原生食材类别
2814,云南火腿,5,加工肉制品
2815,矿泉水瓶,5,不属于指南允许的基础原生食材类别
2816,豆腐块豆腐,5,豆制品或淀粉制品（严格模式排除）
2817,烘培黑巧克力,5,烘焙或乳制加工食品
2818,便当,5,不属于指南允许的基础原生食材类别
2819,唐辛子,5,不属于指南允许的基础原生食材类别
2820,慢慢加水,5,不属于指南允许的基础原生食材类别
2821,零卡雪碧,5,不属于指南允许的基础原生食材类别
2822,多少只虾,5,数量或单位残留且无法可靠恢复原食材
2823,煉奶,5,饮料、酒类或乳制品不属于本版核心原生食材
2824,能力,5,不属于指南允许的基础原生食材类别
2825,面条鲜,5,成品、半成品或加工食品
2826,香菇虾皮粉,5,成品、半成品或加工食品
2827,啥啥,5,不属于指南允许的基础原生食材类别
2828,计算,5,不属于指南允许的基础原生食材类别
2829,粉色色粉,5,不属于指南允许的基础原生食材类别
2830,酸奶杯,5,饮料、酒类或乳制品不属于本版核心原生食材
2831,酵素机,5,不属于指南允许的基础原生食材类别
2832,牛奶酸奶,5,饮料、酒类或乳制品不属于本版核心原生食材
2833,酸奶慕斯蛋糕,5,烘焙或乳制加工食品
2834,椰子酸奶,5,饮料、酒类或乳制品不属于本版核心原生食材
2835,戚风蛋糕卷,5,烘焙或乳制加工食品
2836,熟黑豆,5,成品、半成品或加工食品
2837,肉火腿,5,加工肉制品
2838,油可放可不放,5,不属于指南允许的基础原生食材类别
2839,沙拉酱甜味,5,成品、半成品或加工食品
2840,黑啤,5,不属于指南允许的基础原生食材类别
2841,酸汤,5,不属于指南允许的基础原生食材类别
2842,超市购买,5,不属于指南允许的基础原生食材类别
2843,各种丸类,5,不属于指南允许的基础原生食材类别
2844,树莓粉,5,不属于指南允许的基础原生食材类别
2845,花生渣,5,不属于指南允许的基础原生食材类别
2846,饼坯,5,不属于指南允许的基础原生食材类别
2847,雀巢,5,不属于指南允许的基础原生食材类别
2848,炒饭食材,5,成品、半成品或加工食品
2849,馒头一个,5,成品、半成品或加工食品
2850,沥水篮,5,不属于指南允许的基础原生食材类别
2851,台湾风味香肠,5,加工肉制品
2852,甜菊叶,5,不属于指南允许的基础原生食材类别
2853,慕斯馅,5,成品、半成品或加工食品
2854,软欧面包粉,5,烘焙或乳制加工食品
2855,绿皮南瓜,5,不属于指南允许的基础原生食材类别
2856,费列罗巧克力,5,烘焙或乳制加工食品
2857,花蜜,5,不属于指南允许的基础原生食材类别
2858,烟熏香肠,5,加工肉制品
2859,稀饭,5,不属于指南允许的基础原生食材类别
2860,湖南剁辣椒,5,成品、半成品或加工食品
2861,豆腐丸子,5,豆制品或淀粉制品（严格模式排除）
2862,可尔必思,5,不属于指南允许的基础原生食材类别
2863,那个,5,不属于指南允许的基础原生食材类别
2864,角大料,5,不属于指南允许的基础原生食材类别
2865,食颜料,5,不属于指南允许的基础原生食材类别
2866,可颂,5,不属于指南允许的基础原生食材类别
2867,毛笔,5,不属于指南允许的基础原生食材类别
2868,芝士蛋糕体,5,烘焙或乳制加工食品
2869,烤鸡,5,成品、半成品或加工食品
2870,鸡汤罐头,5,成品、半成品或加工食品
2871,锅碗瓢盆,5,不属于指南允许的基础原生食材类别
2872,剩下米饭,5,成品、半成品或加工食品
2873,黄剁椒,5,成品、半成品或加工食品
2874,菲达芝士,5,烘焙或乳制加工食品
2875,锅子,5,不属于指南允许的基础原生食材类别
2876,材料」,5,不属于指南允许的基础原生食材类别
2877,想吃什么放什么,5,不属于指南允许的基础原生食材类别
2878,冒尖面粉,5,成品、半成品或加工食品
2879,汤食材,5,不属于指南允许的基础原生食材类别
2880,脱脂,5,不属于指南允许的基础原生食材类别
2881,大孔奶酪,5,烘焙或乳制加工食品
2882,香兰精,5,不属于指南允许的基础原生食材类别
2883,空瓶子,5,不属于指南允许的基础原生食材类别
2884,金耳,5,不属于指南允许的基础原生食材类别
2885,现磨咖啡粉,5,饮料、酒类或乳制品不属于本版核心原生食材
2886,仙人掌果粉,5,不属于指南允许的基础原生食材类别
2887,福袋,5,不属于指南允许的基础原生食材类别
2888,马卡龙饼身,5,不属于指南允许的基础原生食材类别
2889,梳打饼干,5,烘焙或乳制加工食品
2890,鸡蛋牛奶,5,饮料、酒类或乳制品不属于本版核心原生食材
2891,刚刚好,5,不属于指南允许的基础原生食材类别
2892,各种新鲜水果,5,不属于指南允许的基础原生食材类别
2893,烫水,5,不属于指南允许的基础原生食材类别
2894,很甜,5,不属于指南允许的基础原生食材类别
2895,原汤,5,不属于指南允许的基础原生食材类别
2896,奥利奥饼干粉,5,烘焙或乳制加工食品
2897,沙拉叶,5,成品、半成品或加工食品
2898,干馒头,5,成品、半成品或加工食品
2899,泡菜母水,5,成品、半成品或加工食品
2900,冷冻水果,5,不属于指南允许的基础原生食材类别
2901,芝士奶盖,5,烘焙或乳制加工食品
2902,土鸡一只,5,数量或单位残留且无法可靠恢复原食材
2903,慕斯杯,5,成品、半成品或加工食品
2904,蘑菇罐头,5,成品、半成品或加工食品
2905,三肥七瘦,5,不属于指南允许的基础原生食材类别
2906,粉配方,5,不属于指南允许的基础原生食材类别
2907,高钙低脂牛奶,5,饮料、酒类或乳制品不属于本版核心原生食材
2908,糕点预拌粉,5,不属于指南允许的基础原生食材类别
2909,各种料,5,不属于指南允许的基础原生食材类别
2910,不了,5,不属于指南允许的基础原生食材类别
2911,麻花,5,不属于指南允许的基础原生食材类别
2912,剩粥,5,成品、半成品或加工食品
2913,锅开水,5,不属于指南允许的基础原生食材类别
2914,红茶茶粉,5,不属于指南允许的基础原生食材类别
2915,打泡粉,5,不属于指南允许的基础原生食材类别
2916,混合均匀,5,不属于指南允许的基础原生食材类别
2917,忘了,5,不属于指南允许的基础原生食材类别
2918,各类食材,5,不属于指南允许的基础原生食材类别
2919,起士,5,不属于指南允许的基础原生食材类别
2920,蜜桃乌龙茶,5,饮料、酒类或乳制品不属于本版核心原生食材
2921,隔夜饭米饭,5,成品、半成品或加工食品
2922,分次加入,5,工具、包装或操作说明
2923,冰纯净水,5,不属于指南允许的基础原生食材类别
2924,黑凉粉粉,5,不属于指南允许的基础原生食材类别
2925,豆腐老豆腐,5,豆制品或淀粉制品（严格模式排除）
2926,乳化剂,5,不属于指南允许的基础原生食材类别
2927,牌粘米粉,5,成品、半成品或加工食品
2928,生命源泉,5,不属于指南允许的基础原生食材类别
2929,干花,5,不属于指南允许的基础原生食材类别
2930,柚子皮柚子皮,5,不属于指南允许的基础原生食材类别
2931,蜜桃乌龙茶包,5,不属于指南允许的基础原生食材类别
2932,奶液,5,不属于指南允许的基础原生食材类别
2933,干葡萄干,5,成品、半成品或加工食品
2934,乳酪粉,5,不属于指南允许的基础原生食材类别
2935,一个蛋黄鸡蛋,5,数量或单位残留且无法可靠恢复原食材
2936,多少剩米饭,5,成品、半成品或加工食品
2937,小元宵,5,不属于指南允许的基础原生食材类别
2938,慢慢加,5,不属于指南允许的基础原生食材类别
2939,参考分量,5,不属于指南允许的基础原生食材类别
2940,鸡胸肉肠,5,成品、半成品或加工食品
2941,度牛奶,5,饮料、酒类或乳制品不属于本版核心原生食材
2942,准备面粉,5,成品、半成品或加工食品
2943,豆渣豆渣,5,成品、半成品或加工食品
2944,酸奶一盒,5,饮料、酒类或乳制品不属于本版核心原生食材
2945,冰淇淋机,5,成品、半成品或加工食品
2946,自己爱吃食材,5,不属于指南允许的基础原生食材类别
2947,柴鱼粉,5,成品、半成品或加工食品
2948,什么水果,5,不属于指南允许的基础原生食材类别
2949,冰淇凌,5,不属于指南允许的基础原生食材类别
2950,见手青,5,不属于指南允许的基础原生食材类别
2951,水烧开,5,不属于指南允许的基础原生食材类别
2952,黑巧克力慕斯,5,烘焙或乳制加工食品
2953,单饼,5,不属于指南允许的基础原生食材类别
2954,海苔海苔,5,成品、半成品或加工食品
2955,木铲,5,不属于指南允许的基础原生食材类别
2956,炒海苔,5,成品、半成品或加工食品
2957,蛋糕卷配方,5,烘焙或乳制加工食品
2958,荤素搭配,5,不属于指南允许的基础原生食材类别
2959,多少小龙虾,5,数量或单位残留且无法可靠恢复原食材
2960,拳头大小,5,不属于指南允许的基础原生食材类别
2961,黑面包,5,烘焙或乳制加工食品
2962,哨子,5,不属于指南允许的基础原生食材类别
2963,一比一,5,不属于指南允许的基础原生食材类别
2964,一台料理机,5,不属于指南允许的基础原生食材类别
2965,面马苏里拉芝士,5,烘焙或乳制加工食品
2966,湖南腊肉,5,加工肉制品
2967,椴树蜜,5,不属于指南允许的基础原生食材类别
2968,三明治」,5,不属于指南允许的基础原生食材类别
2969,翻倍,5,不属于指南允许的基础原生食材类别
2970,摩卡壶,5,不属于指南允许的基础原生食材类别
2971,烧水壶,5,不属于指南允许的基础原生食材类别
2972,力可达乳酪,5,不属于指南允许的基础原生食材类别
2973,素火腿肠,5,加工肉制品
2974,馅料准备,5,不属于指南允许的基础原生食材类别
2975,粉温水,5,不属于指南允许的基础原生食材类别
2976,炒年糕,5,成品、半成品或加工食品
2977,色膏,5,不属于指南允许的基础原生食材类别
2978,克椰蓉,5,不属于指南允许的基础原生食材类别
2979,寿司,5,不属于指南允许的基础原生食材类别
2980,口味抹茶粉,5,成品、半成品或加工食品
2981,熟豌豆粒,5,成品、半成品或加工食品
2982,人面条,5,成品、半成品或加工食品
2983,克炼乳,5,烘焙或乳制加工食品
2984,水澱粉,5,不属于指南允许的基础原生食材类别
2985,圆形蛋糕模,5,烘焙或乳制加工食品
2986,多少猪皮,5,数量或单位残留且无法可靠恢复原食材
2987,稀酸奶,5,饮料、酒类或乳制品不属于本版核心原生食材
2988,也好吃,5,不属于指南允许的基础原生食材类别
2989,白豆罐头,5,成品、半成品或加工食品
2990,蛋糕纸杯,5,烘焙或乳制加工食品
2991,购买,5,不属于指南允许的基础原生食材类别
2992,纯巧克力,5,烘焙或乳制加工食品
2993,芝士奶黄馅,5,烘焙或乳制加工食品
2994,泡好,5,不属于指南允许的基础原生食材类别
2995,张饺子皮,5,成品、半成品或加工食品
2996,巴旦木粉,5,不属于指南允许的基础原生食材类别
2997,面粉混合,5,成品、半成品或加工食品
2998,筒骨汤,5,不属于指南允许的基础原生食材类别
2999,可可不,5,不属于指南允许的基础原生食材类别
3000,香腸,5,不属于指南允许的基础原生食材类别
3001,紫皮圆葱,5,不属于指南允许的基础原生食材类别
3002,德式香肠,5,加工肉制品
3003,纯黑咖啡粉,5,饮料、酒类或乳制品不属于本版核心原生食材
3004,冰棒,5,不属于指南允许的基础原生食材类别
3005,小球,5,不属于指南允许的基础原生食材类别
3006,水一小碗,5,不属于指南允许的基础原生食材类别
3007,大米面包粉,5,烘焙或乳制加工食品
3008,新奥尔良烤翅粉,5,不属于指南允许的基础原生食材类别
3009,泡软,5,不属于指南允许的基础原生食材类别
3010,发糕粉,5,不属于指南允许的基础原生食材类别
3011,小伙伴,5,不属于指南允许的基础原生食材类别
3012,葉子,5,不属于指南允许的基础原生食材类别
3013,面中筋面粉,5,成品、半成品或加工食品
3014,碎巧克力,5,烘焙或乳制加工食品
3015,类食材,5,不属于指南允许的基础原生食材类别
3016,蓝色,5,不属于指南允许的基础原生食材类别
3017,各种面包,5,烘焙或乳制加工食品
3018,混合面粉,5,成品、半成品或加工食品
3019,持平水,5,不属于指南允许的基础原生食材类别
3020,活底模,5,不属于指南允许的基础原生食材类别
3021,凉透米饭,5,成品、半成品或加工食品
3022,小芋圆,5,成品、半成品或加工食品
3023,卡彭奶酪,5,烘焙或乳制加工食品
3024,熟糯米饭,5,成品、半成品或加工食品
3025,捏虾皮,5,成品、半成品或加工食品
3026,普通牛奶,5,饮料、酒类或乳制品不属于本版核心原生食材
3027,一半面粉,5,成品、半成品或加工食品
3028,就加,5,不属于指南允许的基础原生食材类别
3029,少放多少马苏里拉,5,数量或单位残留且无法可靠恢复原食材
3030,奶制品,5,不属于指南允许的基础原生食材类别
3031,〈切片〉,5,不属于指南允许的基础原生食材类别
3032,了火腿,5,加工肉制品
3033,低脂奶粉,5,烘焙或乳制加工食品
3034,儿面粉,5,成品、半成品或加工食品
3035,粗细面条,5,成品、半成品或加工食品
3036,丰富,5,不属于指南允许的基础原生食材类别
3037,油各,5,不属于指南允许的基础原生食材类别
3038,日子,5,不属于指南允许的基础原生食材类别
3039,布丁碗,5,成品、半成品或加工食品
3040,保存,5,不属于指南允许的基础原生食材类别
3041,食材〗,5,不属于指南允许的基础原生食材类别
3042,疙瘩汤,5,不属于指南允许的基础原生食材类别
3043,奶油慕斯,5,烘焙或乳制加工食品
3044,自行调节水,5,不属于指南允许的基础原生食材类别
3045,粉混合物,5,不属于指南允许的基础原生食材类别
3046,玻璃盒,5,不属于指南允许的基础原生食材类别
3047,总重量,5,不属于指南允许的基础原生食材类别
3048,准备工作,5,不属于指南允许的基础原生食材类别
3049,奶酪末,5,烘焙或乳制加工食品
3050,碎奥利奥,5,不属于指南允许的基础原生食材类别
3051,多少蛋挞皮,5,成品、半成品或加工食品
3052,火腿火腿,5,加工肉制品
3053,任何你想吃,5,不属于指南允许的基础原生食材类别
3054,可可蛋糕体,5,烘焙或乳制加工食品
3055,大米粥,5,成品、半成品或加工食品
3056,原汁机,5,不属于指南允许的基础原生食材类别
3057,一切食材,5,不属于指南允许的基础原生食材类别
3058,依个人口味增减,5,不属于指南允许的基础原生食材类别
3059,拉奶酪,5,烘焙或乳制加工食品
3060,酱鸡蛋,5,不属于指南允许的基础原生食材类别
3061,面包高筋面粉,5,烘焙或乳制加工食品
3062,过夜饭,5,不属于指南允许的基础原生食材类别
3063,牛奶桃山皮,5,饮料、酒类或乳制品不属于本版核心原生食材
3064,蛋糕杯,5,烘焙或乳制加工食品
3065,辣椒泡椒,5,成品、半成品或加工食品
3066,金文奶酪,5,烘焙或乳制加工食品
3067,豆腐包,5,豆制品或淀粉制品（严格模式排除）
3068,宗家府切件泡菜,5,成品、半成品或加工食品
3069,植物酸奶,5,饮料、酒类或乳制品不属于本版核心原生食材
3070,开始,5,不属于指南允许的基础原生食材类别
3071,果浆,5,不属于指南允许的基础原生食材类别
3072,奶黄流心馅,5,不属于指南允许的基础原生食材类别
3073,层低筋面粉,5,成品、半成品或加工食品
3074,准备食材,5,不属于指南允许的基础原生食材类别
3075,印章,5,不属于指南允许的基础原生食材类别
3076,粉普通面粉,5,成品、半成品或加工食品
3077,粉色巧克力,5,烘焙或乳制加工食品
3078,调味食材,5,不属于指南允许的基础原生食材类别
3079,种子类,5,不属于指南允许的基础原生食材类别
3080,饼干一包,5,烘焙或乳制加工食品
3081,普洱熟茶,5,成品、半成品或加工食品
3082,白年糕,5,成品、半成品或加工食品
3083,自己饭量米饭,5,成品、半成品或加工食品
3084,泡发好,5,不属于指南允许的基础原生食材类别
3085,燕麦饼干,5,烘焙或乳制加工食品
3086,高钙芝士片,5,烘焙或乳制加工食品
3087,老公,5,不属于指南允许的基础原生食材类别
3088,材料水,5,不属于指南允许的基础原生食材类别
3089,冰块冰水,5,不属于指南允许的基础原生食材类别
3090,多少红薯粉,5,数量或单位残留且无法可靠恢复原食材
3091,粽子粽叶,5,不属于指南允许的基础原生食材类别
3092,辣粉,5,不属于指南允许的基础原生食材类别
3093,绿色叶子,5,不属于指南允许的基础原生食材类别
3094,卡乐比,5,不属于指南允许的基础原生食材类别
3095,杂七杂八,5,不属于指南允许的基础原生食材类别
3096,一盘,5,不属于指南允许的基础原生食材类别
3097,室温软化,5,不属于指南允许的基础原生食材类别
3098,鲭鱼罐头,5,成品、半成品或加工食品
3099,牛肉火腿肠,5,加工肉制品
3100,紅茶,5,饮料、酒类或乳制品不属于本版核心原生食材
3101,豆腐配菜,5,豆制品或淀粉制品（严格模式排除）
3102,花花,5,不属于指南允许的基础原生食材类别
3103,多少杨梅,5,数量或单位残留且无法可靠恢复原食材
3104,样子,5,不属于指南允许的基础原生食材类别
3105,大西米,5,成品、半成品或加工食品
3106,混合料,5,不属于指南允许的基础原生食材类别
3107,分两份,5,数量或单位残留且无法可靠恢复原食材
3108,德芙,5,不属于指南允许的基础原生食材类别
3109,想吃啥放啥,5,不属于指南允许的基础原生食材类别
3110,火腿肠一根,5,加工肉制品
3111,奶油霜配方,5,烘焙或乳制加工食品
3112,了面条,5,成品、半成品或加工食品
3113,中药包,5,不属于指南允许的基础原生食材类别
3114,水开水,5,不属于指南允许的基础原生食材类别
3115,状态水,5,不属于指南允许的基础原生食材类别
3116,咖啡牛奶,5,饮料、酒类或乳制品不属于本版核心原生食材
3117,多少香菜,5,数量或单位残留且无法可靠恢复原食材
3118,刀切馒头,5,成品、半成品或加工食品
3119,方形烤盘,5,工具、包装或操作说明
3120,粗粒,5,不属于指南允许的基础原生食材类别
3121,饼干模,5,烘焙或乳制加工食品
3122,吧米饭,5,成品、半成品或加工食品
3123,剩面条,5,成品、半成品或加工食品
3124,柠檬红茶,5,饮料、酒类或乳制品不属于本版核心原生食材
3125,可食绿色植物叶子,5,不属于指南允许的基础原生食材类别
3126,酸奶蛋糕,5,烘焙或乳制加工食品
3127,多少放多少姜,5,数量或单位残留且无法可靠恢复原食材
3128,凯撒沙拉,5,成品、半成品或加工食品
3129,其他奶,5,饮料、酒类或乳制品不属于本版核心原生食材
3130,更香,5,不属于指南允许的基础原生食材类别
3131,腌萝卜干,5,成品、半成品或加工食品
3132,多少鸡翅,5,数量或单位残留且无法可靠恢复原食材
3133,色巧克力砖,5,烘焙或乳制加工食品
3134,各抹茶粉,5,成品、半成品或加工食品
3135,你想吃食材,5,不属于指南允许的基础原生食材类别
3136,混合香辛料,5,不属于指南允许的基础原生食材类别
3137,型巧克力,5,烘焙或乳制加工食品
3138,密封袋,5,不属于指南允许的基础原生食材类别
3139,〈新鲜〉,5,不属于指南允许的基础原生食材类别
3140,新鲜山楂,5,不属于指南允许的基础原生食材类别
3141,方法二,5,不属于指南允许的基础原生食材类别
3142,手法,5,不属于指南允许的基础原生食材类别
3143,吧葡萄干,5,成品、半成品或加工食品
3144,满水,5,不属于指南允许的基础原生食材类别
3145,馒头量,5,成品、半成品或加工食品
3146,手擀面面条,5,成品、半成品或加工食品
3147,总统,5,不属于指南允许的基础原生食材类别
3148,定葡萄干,5,成品、半成品或加工食品
3149,黄油奶油霜,5,烘焙或乳制加工食品
3150,增加,5,不属于指南允许的基础原生食材类别
3151,南瓜皮,5,不属于指南允许的基础原生食材类别
3152,多少豆角,5,数量或单位残留且无法可靠恢复原食材
3153,了香肠,5,加工肉制品
3154,覆盆子果蓉,5,不属于指南允许的基础原生食材类别
3155,泰国香米饭,5,成品、半成品或加工食品
3156,药材包,5,不属于指南允许的基础原生食材类别
3157,装可乐,5,饮料、酒类或乳制品不属于本版核心原生食材
3158,不锈钢盘,5,不属于指南允许的基础原生食材类别
3159,太多,5,不属于指南允许的基础原生食材类别
3160,香气,5,不属于指南允许的基础原生食材类别
3161,花生花生,5,不属于指南允许的基础原生食材类别
3162,巧克力镜面,5,烘焙或乳制加工食品
3163,即食谷物,5,成品、半成品或加工食品
3164,瘦腊肉,5,加工肉制品
3165,奶油淋面,5,烘焙或乳制加工食品
3166,多少牛腩,5,数量或单位残留且无法可靠恢复原食材
3167,刺山柑花蕾,5,不属于指南允许的基础原生食材类别
3168,泡菜罐,5,成品、半成品或加工食品
3169,锅底物料,5,不属于指南允许的基础原生食材类别
3170,五官,5,不属于指南允许的基础原生食材类别
3171,糯米粉面粉,5,成品、半成品或加工食品
3172,细面面条,5,成品、半成品或加工食品
3173,香橙皮屑,5,不属于指南允许的基础原生食材类别
3174,凝胶粉,5,不属于指南允许的基础原生食材类别
3175,电子秤,5,不属于指南允许的基础原生食材类别
3176,烧烤调味粉,5,不属于指南允许的基础原生食材类别
3177,酱所需食材,5,不属于指南允许的基础原生食材类别
3178,糯米粉糯米粉,5,成品、半成品或加工食品
3179,巧克力奶冻,5,烘焙或乳制加工食品
3180,请看简介,5,不属于指南允许的基础原生食材类别
3181,多少草莓,5,数量或单位残留且无法可靠恢复原食材
3182,可变食材,5,不属于指南允许的基础原生食材类别
3183,也很好吃,5,不属于指南允许的基础原生食材类别
3184,戚风杯子蛋糕,5,烘焙或乳制加工食品
3185,包子饺子料,5,成品、半成品或加工食品
3186,就行清水,5,不属于指南允许的基础原生食材类别
3187,视频,5,不属于指南允许的基础原生食材类别
3188,饼量,5,不属于指南允许的基础原生食材类别
3189,营养奶粉,5,烘焙或乳制加工食品
3190,开菲尔酸奶,5,饮料、酒类或乳制品不属于本版核心原生食材
3191,美禄,5,不属于指南允许的基础原生食材类别
3192,方形蛋糕,5,烘焙或乳制加工食品
3193,金色葡萄干,5,成品、半成品或加工食品
3194,就行水果,5,不属于指南允许的基础原生食材类别
3195,连模,5,不属于指南允许的基础原生食材类别
3196,研磨机,5,不属于指南允许的基础原生食材类别
3197,面包方子,5,烘焙或乳制加工食品
3198,一比一面粉,5,成品、半成品或加工食品
3199,蛋黄月饼,5,成品、半成品或加工食品
3200,包装纸,5,不属于指南允许的基础原生食材类别
3201,菜豆腐,5,豆制品或淀粉制品（严格模式排除）
3202,巧克力薄片,5,烘焙或乳制加工食品
3203,软曲奇,5,成品、半成品或加工食品
3204,多少纯牛奶,5,饮料、酒类或乳制品不属于本版核心原生食材
3205,锅具,5,不属于指南允许的基础原生食材类别
3206,了奶粉,5,烘焙或乳制加工食品
3207,决定糯米粉,5,成品、半成品或加工食品
3208,沥干,5,不属于指南允许的基础原生食材类别
3209,皮-低筋面粉,5,成品、半成品或加工食品
3210,卡仕达内馅,5,不属于指南允许的基础原生食材类别
3211,四季春,5,不属于指南允许的基础原生食材类别
3212,中药,5,不属于指南允许的基础原生食材类别
3213,调配,5,不属于指南允许的基础原生食材类别
3214,自己调整水,5,不属于指南允许的基础原生食材类别
3215,「水油皮」,5,不属于指南允许的基础原生食材类别
3216,里科塔奶酪,5,烘焙或乳制加工食品
3217,玛德琳蛋糕,5,烘焙或乳制加工食品
3218,新鲜橙子皮,5,不属于指南允许的基础原生食材类别
3219,克梅干菜,5,成品、半成品或加工食品
3220,就行温水,5,不属于指南允许的基础原生食材类别
3221,啦啦啦,5,不属于指南允许的基础原生食材类别
3222,天然食材,5,不属于指南允许的基础原生食材类别
3223,一层马苏里拉芝士,5,烘焙或乳制加工食品
3224,鼻子,5,不属于指南允许的基础原生食材类别
3225,小肠,5,成品、半成品或加工食品
3226,熟蛋黄,5,成品、半成品或加工食品
3227,高筋麵粉,5,不属于指南允许的基础原生食材类别
3228,熟地,5,成品、半成品或加工食品
3229,球冰淇淋,5,成品、半成品或加工食品
3230,千禧果,5,不属于指南允许的基础原生食材类别
3231,馄炖皮,5,不属于指南允许的基础原生食材类别
3232,披萨皮,5,成品、半成品或加工食品
3233,派馅,5,不属于指南允许的基础原生食材类别
3234,八宝饭,5,不属于指南允许的基础原生食材类别
3235,臭粉,5,不属于指南允许的基础原生食材类别
3236,油心,5,不属于指南允许的基础原生食材类别
3237,鲈鱼一条,5,数量或单位残留且无法可靠恢复原食材
3238,柚子茶,5,饮料、酒类或乳制品不属于本版核心原生食材
3239,时间,5,不属于指南允许的基础原生食材类别
3240,桂枝,5,不属于指南允许的基础原生食材类别
3241,芝士淋面,5,烘焙或乳制加工食品
3242,熏肠,5,成品、半成品或加工食品
3243,熟芝麻粉,5,成品、半成品或加工食品
3244,乳酪内馅,5,不属于指南允许的基础原生食材类别
3245,鲜腐竹,5,豆制品或淀粉制品（严格模式排除）
3246,酥饼皮,5,不属于指南允许的基础原生食材类别
3247,山葵,5,不属于指南允许的基础原生食材类别
3248,包子馅,5,成品、半成品或加工食品
3249,道具,5,不属于指南允许的基础原生食材类别
3250,涂料,5,不属于指南允许的基础原生食材类别
3251,酸奶麦片,5,饮料、酒类或乳制品不属于本版核心原生食材
3252,动物饼干,5,烘焙或乳制加工食品
3253,烫种,5,不属于指南允许的基础原生食材类别
3254,蛋白打发,5,工具、包装或操作说明
3255,一盒酸奶,5,饮料、酒类或乳制品不属于本版核心原生食材
3256,黑豆豆渣,5,成品、半成品或加工食品
3257,备料,5,不属于指南允许的基础原生食材类别
3258,黄油馅,5,烘焙或乳制加工食品
3259,顶层,5,不属于指南允许的基础原生食材类别
3260,克酸菜,5,成品、半成品或加工食品
3261,脆脆鲨,5,不属于指南允许的基础原生食材类别
3262,湿料,5,不属于指南允许的基础原生食材类别
3263,香蕉牛奶,5,饮料、酒类或乳制品不属于本版核心原生食材
3264,填充物,5,不属于指南允许的基础原生食材类别
3265,外皮,5,不属于指南允许的基础原生食材类别
3266,炒熟花生,4,工具、包装或操作说明
3267,霸王花,4,不属于指南允许的基础原生食材类别
3268,芝士棒,4,烘焙或乳制加工食品
3269,青泡椒,4,成品、半成品或加工食品
3270,寿司米饭,4,成品、半成品或加工食品
3271,珍珠奶茶,4,饮料、酒类或乳制品不属于本版核心原生食材
3272,泡酸萝卜,4,成品、半成品或加工食品
3273,饭勺面粉,4,成品、半成品或加工食品
3274,水妈妈椰浆,4,饮料、酒类或乳制品不属于本版核心原生食材
3275,黄栀子,4,不属于指南允许的基础原生食材类别
3276,什么放什么,4,不属于指南允许的基础原生食材类别
3277,玛丽饼干,4,烘焙或乳制加工食品
3278,多芝士碎,4,烘焙或乳制加工食品
3279,各种食物,4,不属于指南允许的基础原生食材类别
3280,半壳青口,4,不属于指南允许的基础原生食材类别
3281,干各种水果,4,不属于指南允许的基础原生食材类别
3282,雪莲果,4,不属于指南允许的基础原生食材类别
3283,小粉,4,不属于指南允许的基础原生食材类别
3284,人面粉,4,成品、半成品或加工食品
3285,水牛奶酪,4,烘焙或乳制加工食品
3286,巧克力炼乳,4,烘焙或乳制加工食品
3287,熟鸡胸,4,成品、半成品或加工食品
3288,鲜味宝,4,不属于指南允许的基础原生食材类别
3289,爱生活,4,不属于指南允许的基础原生食材类别
3290,食水,4,不属于指南允许的基础原生食材类别
3291,融化白巧克力,4,烘焙或乳制加工食品
3292,几瓣大蒜,4,数量或单位残留且无法可靠恢复原食材
3293,南瓜面粉,4,成品、半成品或加工食品
3294,薰衣草,4,不属于指南允许的基础原生食材类别
3295,糯米皮,4,不属于指南允许的基础原生食材类别
3296,冬粉,4,不属于指南允许的基础原生食材类别
3297,九阳豆浆机,4,成品、半成品或加工食品
3298,备水,4,不属于指南允许的基础原生食材类别
3299,炸料,4,不属于指南允许的基础原生食材类别
3300,线辣子,4,不属于指南允许的基础原生食材类别
3301,蒜蓉香肠,4,加工肉制品
3302,钵仔糕粉,4,不属于指南允许的基础原生食材类别
3303,写了,4,不属于指南允许的基础原生食材类别
3304,手指年糕,4,成品、半成品或加工食品
3305,泥土,4,不属于指南允许的基础原生食材类别
3306,相机,4,不属于指南允许的基础原生食材类别
3307,圆火腿,4,加工肉制品
3308,多少腊肉,4,加工肉制品
3309,辣妹子,4,不属于指南允许的基础原生食材类别
3310,脱皮白芝麻,4,不属于指南允许的基础原生食材类别
3311,节香肠,4,加工肉制品
3312,沙拉生菜,4,成品、半成品或加工食品
3313,黄金芝士粉,4,烘焙或乳制加工食品
3314,生咸蛋黄,4,成品、半成品或加工食品
3315,竹轮,4,不属于指南允许的基础原生食材类别
3316,妙可蓝多芝士,4,烘焙或乳制加工食品
3317,张腐皮,4,不属于指南允许的基础原生食材类别
3318,后低筋面粉,4,成品、半成品或加工食品
3319,那么大,4,不属于指南允许的基础原生食材类别
3320,皮中筋面粉,4,成品、半成品或加工食品
3321,料洒,4,不属于指南允许的基础原生食材类别
3322,雀巢醇品咖啡,4,饮料、酒类或乳制品不属于本版核心原生食材
3323,茶叶蛋,4,饮料、酒类或乳制品不属于本版核心原生食材
3324,沾米粉,4,成品、半成品或加工食品
3325,速冻丸子,4,成品、半成品或加工食品
3326,肉松咸蛋黄,4,加工肉制品
3327,干红,4,不属于指南允许的基础原生食材类别
3328,手工牛肉丸,4,成品、半成品或加工食品
3329,三明治料,4,不属于指南允许的基础原生食材类别
3330,拉茶袋,4,不属于指南允许的基础原生食材类别
3331,基本味,4,不属于指南允许的基础原生食材类别
3332,森永松饼粉,4,不属于指南允许的基础原生食材类别
3333,绿茶茶包,4,不属于指南允许的基础原生食材类别
3334,丁香鱼干,4,成品、半成品或加工食品
3335,英式早餐茶,4,饮料、酒类或乳制品不属于本版核心原生食材
3336,猪肉罐头,4,成品、半成品或加工食品
3337,剥皮鱼,4,不属于指南允许的基础原生食材类别
3338,泡酸菜,4,成品、半成品或加工食品
3339,浓豆浆,4,成品、半成品或加工食品
3340,灯芯草,4,不属于指南允许的基础原生食材类别
3341,芒果布丁粉,4,成品、半成品或加工食品
3342,鳕鱼肠,4,成品、半成品或加工食品
3343,即食海参,4,成品、半成品或加工食品
3344,双一次性手套,4,不属于指南允许的基础原生食材类别
3345,葡式蛋挞皮,4,成品、半成品或加工食品
3346,干桔皮,4,不属于指南允许的基础原生食材类别
3347,熟糯米,4,成品、半成品或加工食品
3348,底部,4,不属于指南允许的基础原生食材类别
3349,消化餅乾,4,不属于指南允许的基础原生食材类别
3350,原色,4,不属于指南允许的基础原生食材类别
3351,老鸽子,4,不属于指南允许的基础原生食材类别
3352,筛网,4,不属于指南允许的基础原生食材类别
3353,虎皮青椒,4,不属于指南允许的基础原生食材类别
3354,酸辣汤包,4,不属于指南允许的基础原生食材类别
3355,三象糯米粉,4,成品、半成品或加工食品
3356,麦中筋面粉,4,成品、半成品或加工食品
3357,表面刷蛋液,4,工具、包装或操作说明
3358,水磨粉,4,不属于指南允许的基础原生食材类别
3359,料组合,4,不属于指南允许的基础原生食材类别
3360,酥饼,4,不属于指南允许的基础原生食材类别
3361,多香果,4,不属于指南允许的基础原生食材类别
3362,葛缕子,4,不属于指南允许的基础原生食材类别
3363,度热水,4,不属于指南允许的基础原生食材类别
3364,水饺皮,4,不属于指南允许的基础原生食材类别
3365,羊肠,4,成品、半成品或加工食品
3366,红丝绒溶液,4,不属于指南允许的基础原生食材类别
3367,水面筋,4,成品、半成品或加工食品
3368,阿胶粉,4,不属于指南允许的基础原生食材类别
3369,芦蒿,4,不属于指南允许的基础原生食材类别
3370,多马苏里拉奶酪,4,烘焙或乳制加工食品
3371,玉桂粉,4,不属于指南允许的基础原生食材类别
3372,昆布茶,4,饮料、酒类或乳制品不属于本版核心原生食材
3373,霸王花米粉,4,成品、半成品或加工食品
3374,子壳粉,4,不属于指南允许的基础原生食材类别
3375,塔液,4,不属于指南允许的基础原生食材类别
3376,月饼粉,4,成品、半成品或加工食品
3377,迷你巧克力豆,4,烘焙或乳制加工食品
3378,酸奶菌种,4,饮料、酒类或乳制品不属于本版核心原生食材
3379,气泡苏打水,4,不属于指南允许的基础原生食材类别
3380,凉糕粉,4,不属于指南允许的基础原生食材类别
3381,三明治机,4,不属于指南允许的基础原生食材类别
3382,式海绵蛋糕,4,烘焙或乳制加工食品
3383,飞饼皮,4,不属于指南允许的基础原生食材类别
3384,干贝粉,4,成品、半成品或加工食品
3385,状年糕,4,成品、半成品或加工食品
3386,少牛奶,4,饮料、酒类或乳制品不属于本版核心原生食材
3387,饼食材,4,不属于指南允许的基础原生食材类别
3388,鸡蛋一颗,4,数量或单位残留且无法可靠恢复原食材
3389,千层蛋糕,4,烘焙或乳制加工食品
3390,天然酵种酵头,4,不属于指南允许的基础原生食材类别
3391,蒟蒻,4,不属于指南允许的基础原生食材类别
3392,咸蛋黄肉松馅,4,加工肉制品
3393,意式浓缩,4,不属于指南允许的基础原生食材类别
3394,沙拉料,4,成品、半成品或加工食品
3395,粉奶粉,4,烘焙或乳制加工食品
3396,海螺罐头,4,成品、半成品或加工食品
3397,油酥料,4,不属于指南允许的基础原生食材类别
3398,咸鸭蛋清,4,成品、半成品或加工食品
3399,甜玉米粒罐头,4,成品、半成品或加工食品
3400,干粽叶,4,不属于指南允许的基础原生食材类别
3401,熟黑白芝麻,4,成品、半成品或加工食品
3402,汁南乳,4,不属于指南允许的基础原生食材类别
3403,可以不,4,不属于指南允许的基础原生食材类别
3404,自定面粉,4,成品、半成品或加工食品
3405,山茶花高粉,4,不属于指南允许的基础原生食材类别
3406,酒药,4,不属于指南允许的基础原生食材类别
3407,蘇打粉,4,不属于指南允许的基础原生食材类别
3408,山林大红肠,4,成品、半成品或加工食品
3409,圈圈,4,不属于指南允许的基础原生食材类别
3410,自然鲜,4,不属于指南允许的基础原生食材类别
3411,多少芋圆,4,成品、半成品或加工食品
3412,墨鱼饼,4,成品、半成品或加工食品
3413,鲍鱼干,4,成品、半成品或加工食品
3414,海白,4,不属于指南允许的基础原生食材类别
3415,披萨量,4,成品、半成品或加工食品
3416,冰咖啡,4,饮料、酒类或乳制品不属于本版核心原生食材
3417,蔥花,4,不属于指南允许的基础原生食材类别
3418,饼干碎,4,烘焙或乳制加工食品
3419,膳魔师焖烧罐,4,不属于指南允许的基础原生食材类别
3420,伯爵茶,4,饮料、酒类或乳制品不属于本版核心原生食材
3421,练乳,4,不属于指南允许的基础原生食材类别
3422,泡芙体,4,不属于指南允许的基础原生食材类别
3423,绿豆沙馅,4,成品、半成品或加工食品
3424,粽子绳,4,不属于指南允许的基础原生食材类别
3425,馅料食材,4,不属于指南允许的基础原生食材类别
3426,寒天,4,不属于指南允许的基础原生食材类别
3427,素肠,4,成品、半成品或加工食品
3428,和巧克力,4,烘焙或乳制加工食品
3429,脂奶油奶酪,4,烘焙或乳制加工食品
3430,刷表面蛋黄液,4,工具、包装或操作说明
3431,咸蛋白,4,成品、半成品或加工食品
3432,滚开水,4,不属于指南允许的基础原生食材类别
3433,肠粉预拌粉,4,不属于指南允许的基础原生食材类别
3434,德运奶粉,4,烘焙或乳制加工食品
3435,奶油南瓜,4,烘焙或乳制加工食品
3436,多面粉,4,成品、半成品或加工食品
3437,桔梗泡菜,4,成品、半成品或加工食品
3438,没就不放,4,不属于指南允许的基础原生食材类别
3439,香妃葡萄干,4,成品、半成品或加工食品
3440,稍许,4,不属于指南允许的基础原生食材类别
3441,青葡萄干,4,成品、半成品或加工食品
3442,鲜粽叶,4,不属于指南允许的基础原生食材类别
3443,虎皮尖椒,4,不属于指南允许的基础原生食材类别
3444,四川酸菜,4,成品、半成品或加工食品
3445,肘花火腿,4,加工肉制品
3446,克肉松,4,加工肉制品
3447,可以放,4,不属于指南允许的基础原生食材类别
3448,魚膠粉,4,不属于指南允许的基础原生食材类别
3449,鱼肉肠,4,成品、半成品或加工食品
3450,腿骨,4,不属于指南允许的基础原生食材类别
3451,干淮山,4,不属于指南允许的基础原生食材类别
3452,適量鹽,4,不属于指南允许的基础原生食材类别
3453,多少核桃,4,数量或单位残留且无法可靠恢复原食材
3454,外层,4,不属于指南允许的基础原生食材类别
3455,粉两勺,4,数量或单位残留且无法可靠恢复原食材
3456,花奶,4,饮料、酒类或乳制品不属于本版核心原生食材
3457,葡萄干果干,4,成品、半成品或加工食品
3458,人水,4,不属于指南允许的基础原生食材类别
3459,温度水,4,不属于指南允许的基础原生食材类别
3460,饭碗面粉,4,成品、半成品或加工食品
3461,三分肥七分瘦,4,不属于指南允许的基础原生食材类别
3462,粉一小勺,4,不属于指南允许的基础原生食材类别
3463,鲜虫草花,4,不属于指南允许的基础原生食材类别
3464,任意面包,4,烘焙或乳制加工食品
3465,皮儿,4,不属于指南允许的基础原生食材类别
3466,麻辣锅风味,4,不属于指南允许的基础原生食材类别
3467,虎皮,4,不属于指南允许的基础原生食材类别
3468,老酸奶菌粉,4,饮料、酒类或乳制品不属于本版核心原生食材
3469,方块酥,4,不属于指南允许的基础原生食材类别
3470,红辣子,4,不属于指南允许的基础原生食材类别
3471,千层面皮,4,不属于指南允许的基础原生食材类别
3472,饰水果,4,不属于指南允许的基础原生食材类别
3473,熟黄豆,4,成品、半成品或加工食品
3474,丝绒蛋糕粉,4,烘焙或乳制加工食品
3475,种面粉吸水性不同,4,成品、半成品或加工食品
3476,广式月饼预拌粉,4,成品、半成品或加工食品
3477,青金桔,4,不属于指南允许的基础原生食材类别
3478,全麦意大利面,4,成品、半成品或加工食品
3479,烟熏肉,4,加工肉制品
3480,白米粉,4,成品、半成品或加工食品
3481,芝士肠,4,烘焙或乳制加工食品
3482,多少里脊肉,4,数量或单位残留且无法可靠恢复原食材
3483,粗粉,4,不属于指南允许的基础原生食材类别
3484,味黑巧克力,4,烘焙或乳制加工食品
3485,易拉罐可乐,4,饮料、酒类或乳制品不属于本版核心原生食材
3486,葡萄干红枣,4,成品、半成品或加工食品
3487,皮塔饼,4,不属于指南允许的基础原生食材类别
3488,果冻层,4,不属于指南允许的基础原生食材类别
3489,少許,4,不属于指南允许的基础原生食材类别
3490,黄桃酸奶,4,饮料、酒类或乳制品不属于本版核心原生食材
3491,各类火锅丸,4,不属于指南允许的基础原生食材类别
3492,熟牛油果,4,成品、半成品或加工食品
3493,红袍,4,不属于指南允许的基础原生食材类别
3494,不粘烤盘,4,工具、包装或操作说明
3495,饼胚,4,不属于指南允许的基础原生食材类别
3496,凤尾鱼干,4,成品、半成品或加工食品
3497,奶油奶酪糊,4,烘焙或乳制加工食品
3498,冷冻水饺,4,不属于指南允许的基础原生食材类别
3499,饭碗纯净水,4,不属于指南允许的基础原生食材类别
3500,饭盒,4,不属于指南允许的基础原生食材类别
3501,浓稠老酸奶,4,饮料、酒类或乳制品不属于本版核心原生食材
3502,鸣门卷,4,不属于指南允许的基础原生食材类别
3503,面团中筋面粉,4,成品、半成品或加工食品
3504,熟羊肉,4,成品、半成品或加工食品
3505,鸡半只,4,数量或单位残留且无法可靠恢复原食材
3506,强力粉,4,不属于指南允许的基础原生食材类别
3507,花枝,4,不属于指南允许的基础原生食材类别
3508,壶白开水,4,不属于指南允许的基础原生食材类别
3509,蛋挞,4,成品、半成品或加工食品
3510,其他火锅料,4,不属于指南允许的基础原生食材类别
3511,八珍粉,4,不属于指南允许的基础原生食材类别
3512,粉浆,4,不属于指南允许的基础原生食材类别
3513,黄花胶,4,不属于指南允许的基础原生食材类别
3514,抄手,4,不属于指南允许的基础原生食材类别
3515,红皮土豆,4,不属于指南允许的基础原生食材类别
3516,来刷表面,4,工具、包装或操作说明
3517,荤香,4,不属于指南允许的基础原生食材类别
3518,调整清水,4,不属于指南允许的基础原生食材类别
3519,猪肉皮,4,不属于指南允许的基础原生食材类别
3520,新鲜柠檬皮,4,不属于指南允许的基础原生食材类别
3521,石灰,4,不属于指南允许的基础原生食材类别
3522,多少地瓜,4,数量或单位残留且无法可靠恢复原食材
3523,冻芝士层,4,烘焙或乳制加工食品
3524,白巧克力屑,4,烘焙或乳制加工食品
3525,扇子骨,4,不属于指南允许的基础原生食材类别
3526,馅饼,4,不属于指南允许的基础原生食材类别
3527,金针磨,4,不属于指南允许的基础原生食材类别
3528,香菇丸子,4,成品、半成品或加工食品
3529,一汤勺,4,不属于指南允许的基础原生食材类别
3530,榨菜头,4,不属于指南允许的基础原生食材类别
3531,多少大虾,4,数量或单位残留且无法可靠恢复原食材
3532,不可辜负,4,不属于指南允许的基础原生食材类别
3533,披萨饼胚,4,成品、半成品或加工食品
3534,厨房电子秤,4,不属于指南允许的基础原生食材类别
3535,蛋糕胚子,4,烘焙或乳制加工食品
3536,蛋糕戚风蛋糕,4,烘焙或乳制加工食品
3537,生面粉,4,成品、半成品或加工食品
3538,卡真粉,4,不属于指南允许的基础原生食材类别
3539,三倍水,4,不属于指南允许的基础原生食材类别
3540,雕刻刀,4,不属于指南允许的基础原生食材类别
3541,洋车前子壳,4,不属于指南允许的基础原生食材类别
3542,油膏,4,不属于指南允许的基础原生食材类别
3543,耐高温黑巧克力豆,4,烘焙或乳制加工食品
3544,杏仁豆腐粉,4,豆制品或淀粉制品（严格模式排除）
3545,內餡,4,不属于指南允许的基础原生食材类别
3546,香蔥,4,不属于指南允许的基础原生食材类别
3547,口味油辣子,4,不属于指南允许的基础原生食材类别
3548,支日本豆腐,4,豆制品或淀粉制品（严格模式排除）
3549,大骨汤,4,不属于指南允许的基础原生食材类别
3550,扁尖,4,不属于指南允许的基础原生食材类别
3551,意式香肠,4,加工肉制品
3552,团龙口粉丝,4,豆制品或淀粉制品（严格模式排除）
3553,类野餐食谱参考,4,不属于指南允许的基础原生食材类别
3554,豆浆剩豆渣,4,成品、半成品或加工食品
3555,极味鲜,4,不属于指南允许的基础原生食材类别
3556,全职牛奶,4,饮料、酒类或乳制品不属于本版核心原生食材
3557,热狗面包,4,烘焙或乳制加工食品
3558,辣那种,4,不属于指南允许的基础原生食材类别
3559,鲜淮山,4,不属于指南允许的基础原生食材类别
3560,各种时令水果,4,不属于指南允许的基础原生食材类别
3561,迷你奥利奥,4,不属于指南允许的基础原生食材类别
3562,饭团海苔,4,成品、半成品或加工食品
3563,特精面粉,4,成品、半成品或加工食品
3564,人米饭,4,成品、半成品或加工食品
3565,方形戚风蛋糕,4,烘焙或乳制加工食品
3566,腌雪里蕻,4,不属于指南允许的基础原生食材类别
3567,情况面粉,4,成品、半成品或加工食品
3568,稠酸奶酸奶,4,饮料、酒类或乳制品不属于本版核心原生食材
3569,气球,4,不属于指南允许的基础原生食材类别
3570,牛奶馒头,4,成品、半成品或加工食品
3571,头半个,4,数量或单位残留且无法可靠恢复原食材
3572,咸菜疙瘩,4,成品、半成品或加工食品
3573,鹧鸪,4,不属于指南允许的基础原生食材类别
3574,牛奶一瓶,4,饮料、酒类或乳制品不属于本版核心原生食材
3575,一根胡萝卜,4,数量或单位残留且无法可靠恢复原食材
3576,咸口,4,不属于指南允许的基础原生食材类别
3577,珍珠丸子,4,成品、半成品或加工食品
3578,芝麻海苔肉松,4,加工肉制品
3579,巴西里,4,不属于指南允许的基础原生食材类别
3580,籼米粉,4,成品、半成品或加工食品
3581,鲜面条面条,4,成品、半成品或加工食品
3582,草莓冰淇淋,4,成品、半成品或加工食品
3583,皇上皇腊肠,4,成品、半成品或加工食品
3584,熟藜麦,4,成品、半成品或加工食品
3585,油一丢丢,4,不属于指南允许的基础原生食材类别
3586,低脂奶酪,4,烘焙或乳制加工食品
3587,香辣粉,4,不属于指南允许的基础原生食材类别
3588,乌龙茶水,4,不属于指南允许的基础原生食材类别
3589,自定,4,不属于指南允许的基础原生食材类别
3590,西班牙腊肠,4,成品、半成品或加工食品
3591,隔水融化,4,不属于指南允许的基础原生食材类别
3592,脆皮热狗肠,4,成品、半成品或加工食品
3593,金鲳鱼干,4,成品、半成品或加工食品
3594,红酒糟,4,饮料、酒类或乳制品不属于本版核心原生食材
3595,烘烤,4,不属于指南允许的基础原生食材类别
3596,耐高温巧克力,4,烘焙或乳制加工食品
3597,熟豆粉,4,成品、半成品或加工食品
3598,椰汁饮料,4,饮料、酒类或乳制品不属于本版核心原生食材
3599,毛蚶,4,不属于指南允许的基础原生食材类别
3600,果粒酸奶,4,饮料、酒类或乳制品不属于本版核心原生食材
3601,奥利奥粉,4,不属于指南允许的基础原生食材类别
3602,一壶开水,4,不属于指南允许的基础原生食材类别
3603,紫米粉,4,成品、半成品或加工食品
3604,泡开,4,不属于指南允许的基础原生食材类别
3605,抓茶叶,4,饮料、酒类或乳制品不属于本版核心原生食材
3606,咖啡奶油霜,4,烘焙或乳制加工食品
3607,爱意,4,不属于指南允许的基础原生食材类别
3608,五香料,4,不属于指南允许的基础原生食材类别
3609,子里,4,不属于指南允许的基础原生食材类别
3610,乌贼,4,不属于指南允许的基础原生食材类别
3611,冰雪碧,4,不属于指南允许的基础原生食材类别
3612,表面装饰蛋液,4,工具、包装或操作说明
3613,法芙娜黑巧,4,不属于指南允许的基础原生食材类别
3614,酪奶,4,饮料、酒类或乳制品不属于本版核心原生食材
3615,冬虫草,4,不属于指南允许的基础原生食材类别
3616,金華火腿,4,加工肉制品
3617,酵素渣,4,不属于指南允许的基础原生食材类别
3618,粉一丢丢,4,不属于指南允许的基础原生食材类别
3619,可以不要,4,不属于指南允许的基础原生食材类别
3620,冷藏米饭,4,成品、半成品或加工食品
3621,粉一小包,4,不属于指南允许的基础原生食材类别
3622,蒜肠,4,成品、半成品或加工食品
3623,东菱三明治早餐机,4,不属于指南允许的基础原生食材类别
3624,六月黄,4,不属于指南允许的基础原生食材类别
3625,芝士慕斯层,4,烘焙或乳制加工食品
3626,巧克力慕斯层,4,烘焙或乳制加工食品
3627,狮子头,4,不属于指南允许的基础原生食材类别
3628,长条饼干,4,烘焙或乳制加工食品
3629,马苏芝士,4,烘焙或乳制加工食品
3630,桶纯净水,4,不属于指南允许的基础原生食材类别
3631,配角,4,不属于指南允许的基础原生食材类别
3632,参考量,4,不属于指南允许的基础原生食材类别
3633,少水,4,不属于指南允许的基础原生食材类别
3634,红丝绒精华,4,不属于指南允许的基础原生食材类别
3635,江米粉,4,成品、半成品或加工食品
3636,千层,4,不属于指南允许的基础原生食材类别
3637,热量总计,4,不属于指南允许的基础原生食材类别
3638,细玉米粉,4,成品、半成品或加工食品
3639,无锡油面筋,4,成品、半成品或加工食品
3640,多少泡菜,4,成品、半成品或加工食品
3641,一段奶粉,4,烘焙或乳制加工食品
3642,备注,4,不属于指南允许的基础原生食材类别
3643,草莓罐头,4,成品、半成品或加工食品
3644,白蒿,4,不属于指南允许的基础原生食材类别
3645,煉乳,4,不属于指南允许的基础原生食材类别
3646,粗细,4,不属于指南允许的基础原生食材类别
3647,茶包红茶,4,饮料、酒类或乳制品不属于本版核心原生食材
3648,奶馅,4,不属于指南允许的基础原生食材类别
3649,挞水,4,不属于指南允许的基础原生食材类别
3650,全脂淡奶粉,4,烘焙或乳制加工食品
3651,酸梅粉,4,不属于指南允许的基础原生食材类别
3652,手工水饺,4,不属于指南允许的基础原生食材类别
3653,料一袋,4,数量或单位残留且无法可靠恢复原食材
3654,黑白熟芝麻,4,成品、半成品或加工食品
3655,巧克力奶油霜,4,烘焙或乳制加工食品
3656,德芙牛奶巧克力,4,烘焙或乳制加工食品
3657,巧克力甘那许,4,烘焙或乳制加工食品
3658,瓠子,4,不属于指南允许的基础原生食材类别
3659,味冰淇淋粉,4,成品、半成品或加工食品
3660,混合备,4,不属于指南允许的基础原生食材类别
3661,地软,4,不属于指南允许的基础原生食材类别
3662,中号,4,不属于指南允许的基础原生食材类别
3663,粉少量,4,不属于指南允许的基础原生食材类别
3664,吧粉条,4,豆制品或淀粉制品（严格模式排除）
3665,油皮中筋面粉,4,成品、半成品或加工食品
3666,机全麦面粉,4,成品、半成品或加工食品
3667,脆底,4,不属于指南允许的基础原生食材类别
3668,得利斯火腿,4,加工肉制品
3669,维他柠檬茶,4,饮料、酒类或乳制品不属于本版核心原生食材
3670,戚风蛋糕两片,4,烘焙或乳制加工食品
3671,沙律醬,4,不属于指南允许的基础原生食材类别
3672,棒棒,4,不属于指南允许的基础原生食材类别
3673,王后吐司粉,4,烘焙或乳制加工食品
3674,面包表面,4,烘焙或乳制加工食品
3675,豆腐切小块,4,豆制品或淀粉制品（严格模式排除）
3676,全麦饼皮,4,不属于指南允许的基础原生食材类别
3677,纯豆浆粉,4,成品、半成品或加工食品
3678,班戟粉,4,不属于指南允许的基础原生食材类别
3679,风干肠,4,成品、半成品或加工食品
3680,煎茶,4,饮料、酒类或乳制品不属于本版核心原生食材
3681,四喜丸子,4,成品、半成品或加工食品
3682,里拉芝士碎,4,烘焙或乳制加工食品
3683,圆形,4,不属于指南允许的基础原生食材类别
3684,辣萝卜干,4,成品、半成品或加工食品
3685,雪媚娘粉,4,不属于指南允许的基础原生食材类别
3686,奶香小馒头,4,成品、半成品或加工食品
3687,童心,4,不属于指南允许的基础原生食材类别
3688,米饭一大碗,4,成品、半成品或加工食品
3689,广味腊肠,4,成品、半成品或加工食品
3690,奇异籽,4,不属于指南允许的基础原生食材类别
3691,粉色巧克力笔,4,烘焙或乳制加工食品
3692,沙茶王,4,不属于指南允许的基础原生食材类别
3693,白莲蓉馅,4,不属于指南允许的基础原生食材类别
3694,甜萝卜干,4,成品、半成品或加工食品
3695,吧饺子皮,4,成品、半成品或加工食品
3696,小碗面粉,4,成品、半成品或加工食品
3697,日本大根,4,不属于指南允许的基础原生食材类别
3698,餅皮,4,不属于指南允许的基础原生食材类别
3699,酱香菜,4,不属于指南允许的基础原生食材类别
3700,青红二荆条,4,不属于指南允许的基础原生食材类别
3701,重要,4,不属于指南允许的基础原生食材类别
3702,干酪芝士,4,烘焙或乳制加工食品
3703,奶油糊,4,烘焙或乳制加工食品
3704,鲜炖燕窝,4,不属于指南允许的基础原生食材类别
3705,奶油栗子泥,4,烘焙或乳制加工食品
3706,辣味香肠,4,加工肉制品
3707,披萨胚,4,成品、半成品或加工食品
3708,杏仁牛奶,4,饮料、酒类或乳制品不属于本版核心原生食材
3709,全麦消化饼干,4,烘焙或乳制加工食品
3710,味好美,4,不属于指南允许的基础原生食材类别
3711,冷饭米饭,4,成品、半成品或加工食品
3712,香葉,4,不属于指南允许的基础原生食材类别
3713,蓝多马苏里拉芝士,4,烘焙或乳制加工食品
3714,不甜,4,不属于指南允许的基础原生食材类别
3715,鲜带子,4,不属于指南允许的基础原生食材类别
3716,泉水金枪鱼罐头,4,成品、半成品或加工食品
3717,熟透牛油果,4,成品、半成品或加工食品
3718,茶杯,4,不属于指南允许的基础原生食材类别
3719,一般,4,不属于指南允许的基础原生食材类别
3720,若竹抹茶粉,4,成品、半成品或加工食品
3721,美式咖啡,4,饮料、酒类或乳制品不属于本版核心原生食材
3722,酱五花肉,4,不属于指南允许的基础原生食材类别
3723,小可爱,4,不属于指南允许的基础原生食材类别
3724,子饺子料,4,成品、半成品或加工食品
3725,卡仕达,4,不属于指南允许的基础原生食材类别
3726,方盘,4,不属于指南允许的基础原生食材类别
3727,炸猪皮,4,不属于指南允许的基础原生食材类别
3728,山水豆腐,4,豆制品或淀粉制品（严格模式排除）
3729,方形饺子皮,4,成品、半成品或加工食品
3730,茅屋奶酪,4,烘焙或乳制加工食品
3731,过水,4,不属于指南允许的基础原生食材类别
3732,太太乐原味鲜,4,不属于指南允许的基础原生食材类别
3733,锡兰红茶包,4,不属于指南允许的基础原生食材类别
3734,芝麻小汤圆,4,不属于指南允许的基础原生食材类别
3735,阿里根奴,4,不属于指南允许的基础原生食材类别
3736,藍莓,4,不属于指南允许的基础原生食材类别
3737,饺子面,4,成品、半成品或加工食品
3738,江瑶柱,4,不属于指南允许的基础原生食材类别
3739,材料一,4,不属于指南允许的基础原生食材类别
3740,各种丸,4,不属于指南允许的基础原生食材类别
3741,净化水,4,不属于指南允许的基础原生食材类别
3742,肉松海苔,4,加工肉制品
3743,坚果干果,4,成品、半成品或加工食品
3744,馒头粉,4,成品、半成品或加工食品
3745,黑豆腐,4,豆制品或淀粉制品（严格模式排除）
3746,熟肉类,4,成品、半成品或加工食品
3747,防粘手粉,4,不属于指南允许的基础原生食材类别
3748,就放几个鸡蛋,4,数量或单位残留且无法可靠恢复原食材
3749,干黄花,4,不属于指南允许的基础原生食材类别
3750,三合一咖啡,4,饮料、酒类或乳制品不属于本版核心原生食材
3751,冷冻杂蔬,4,不属于指南允许的基础原生食材类别
3752,粗粮面包,4,烘焙或乳制加工食品
3753,红树莓,4,不属于指南允许的基础原生食材类别
3754,细米粉,4,成品、半成品或加工食品
3755,饺子肉馅,4,成品、半成品或加工食品
3756,咖啡伴侣,4,饮料、酒类或乳制品不属于本版核心原生食材
3757,两三倍水,4,不属于指南允许的基础原生食材类别
3758,油混合,4,不属于指南允许的基础原生食材类别
3759,黄油软化,4,烘焙或乳制加工食品
3760,密封瓶,4,不属于指南允许的基础原生食材类别
3761,山东煎饼,4,不属于指南允许的基础原生食材类别
3762,水杯,4,不属于指南允许的基础原生食材类别
3763,波兰酵种,4,不属于指南允许的基础原生食材类别
3764,山茶花高筋粉,4,不属于指南允许的基础原生食材类别
3765,努力,4,不属于指南允许的基础原生食材类别
3766,玉米火腿,4,加工肉制品
3767,茉莉绿茶汤,4,不属于指南允许的基础原生食材类别
3768,绿剁椒,4,成品、半成品或加工食品
3769,油配方,4,不属于指南允许的基础原生食材类别
3770,少量糯米粉,4,成品、半成品或加工食品
3771,西餐香料,4,不属于指南允许的基础原生食材类别
3772,圆模量,4,不属于指南允许的基础原生食材类别
3773,酸泡菜,4,成品、半成品或加工食品
3774,可丽饼皮,4,不属于指南允许的基础原生食材类别
3775,酒各,4,不属于指南允许的基础原生食材类别
3776,泡菜汤,4,成品、半成品或加工食品
3777,面团-高筋面粉,4,成品、半成品或加工食品
3778,克辣白菜,4,不属于指南允许的基础原生食材类别
3779,脆炸粉,4,不属于指南允许的基础原生食材类别
3780,各种剩菜,4,成品、半成品或加工食品
3781,维也纳香肠,4,加工肉制品
3782,纯可可脂,4,不属于指南允许的基础原生食材类别
3783,巧克力奶,4,烘焙或乳制加工食品
3784,漏斗,4,不属于指南允许的基础原生食材类别
3785,奶粉兑水,4,烘焙或乳制加工食品
3786,感觉,4,不属于指南允许的基础原生食材类别
3787,德运全脂奶粉,4,烘焙或乳制加工食品
3788,午餐肉火腿,4,加工肉制品
3789,泸州老窖,4,不属于指南允许的基础原生食材类别
3790,配料粉,4,不属于指南允许的基础原生食材类别
3791,马苏里拉乳酪,4,不属于指南允许的基础原生食材类别
3792,奶酪粒,4,烘焙或乳制加工食品
3793,乳酪慕斯层,4,成品、半成品或加工食品
3794,咖啡滤纸,4,饮料、酒类或乳制品不属于本版核心原生食材
3795,黄油卷,4,烘焙或乳制加工食品
3796,韓式辣醬,4,不属于指南允许的基础原生食材类别
3797,藠头,4,不属于指南允许的基础原生食材类别
3798,普通中筋粉,4,不属于指南允许的基础原生食材类别
3799,型巧克力豆,4,烘焙或乳制加工食品
3800,泡好粉条,4,豆制品或淀粉制品（严格模式排除）
3801,川秀乳酸菌,4,成品、半成品或加工食品
3802,乐扣保鲜盒,4,不属于指南允许的基础原生食材类别
3803,牛奶一盒,4,饮料、酒类或乳制品不属于本版核心原生食材
3804,自己决定,4,不属于指南允许的基础原生食材类别
3805,冰矿泉水,4,不属于指南允许的基础原生食材类别
3806,奶茶液,4,不属于指南允许的基础原生食材类别
3807,大洋葱半个洋葱,4,数量或单位残留且无法可靠恢复原食材
3808,打发甘纳许,4,工具、包装或操作说明
3809,人份面条,4,成品、半成品或加工食品
3810,奶油料,4,烘焙或乳制加工食品
3811,石斑,4,不属于指南允许的基础原生食材类别
3812,即食玉米粒,4,成品、半成品或加工食品
3813,配方量,4,不属于指南允许的基础原生食材类别
3814,奥尔良腌制粉,4,不属于指南允许的基础原生食材类别
3815,葛根,4,不属于指南允许的基础原生食材类别
3816,彩色巧克力,4,烘焙或乳制加工食品
3817,张海苔,4,成品、半成品或加工食品
3818,巧克力针,4,烘焙或乳制加工食品
3819,早起,4,不属于指南允许的基础原生食材类别
3820,花生馅,4,不属于指南允许的基础原生食材类别
3821,阿斯巴甜,4,不属于指南允许的基础原生食材类别
3822,爱自己心,4,不属于指南允许的基础原生食材类别
3823,多少胡萝卜,4,数量或单位残留且无法可靠恢复原食材
3824,表皮,4,不属于指南允许的基础原生食材类别
3825,奥尔良烤鸡翅料,4,成品、半成品或加工食品
3826,张锡箔纸,4,不属于指南允许的基础原生食材类别
3827,鲤鱼一条,4,数量或单位残留且无法可靠恢复原食材
3828,香酥粒,4,不属于指南允许的基础原生食材类别
3829,自行调整,4,不属于指南允许的基础原生食材类别
3830,谷物圈,4,不属于指南允许的基础原生食材类别
3831,饭勺,4,不属于指南允许的基础原生食材类别
3832,水果切粒,4,不属于指南允许的基础原生食材类别
3833,奥尔良调味粉,4,不属于指南允许的基础原生食材类别
3834,氢氧化钠,4,不属于指南允许的基础原生食材类别
3835,辣醬,4,不属于指南允许的基础原生食材类别
3836,宝宝肉松,4,加工肉制品
3837,密封盒,4,不属于指南允许的基础原生食材类别
3838,玻璃饭盒,4,不属于指南允许的基础原生食材类别
3839,汤头,4,不属于指南允许的基础原生食材类别
3840,玻璃密封瓶,4,不属于指南允许的基础原生食材类别
3841,就多点,4,不属于指南允许的基础原生食材类别
3842,就够了水,4,不属于指南允许的基础原生食材类别
3843,辣剁椒,4,成品、半成品或加工食品
3844,鱼丸虾丸,4,成品、半成品或加工食品
3845,排叉,4,不属于指南允许的基础原生食材类别
3846,涂抹,4,工具、包装或操作说明
3847,蛋糕模一个,4,烘焙或乳制加工食品
3848,芭乐,4,不属于指南允许的基础原生食材类别
3849,低脂火腿肠,4,加工肉制品
3850,粉一盒,4,数量或单位残留且无法可靠恢复原食材
3851,戚风蛋糕配方,4,烘焙或乳制加工食品
3852,厚度,4,不属于指南允许的基础原生食材类别
3853,面糊面粉,4,成品、半成品或加工食品
3854,干茉莉花,4,不属于指南允许的基础原生食材类别
3855,台料理机,4,不属于指南允许的基础原生食材类别
3856,对生活热爱,4,不属于指南允许的基础原生食材类别
3857,了低筋面粉,4,成品、半成品或加工食品
3858,肉松粉,4,加工肉制品
3859,节腊肠,4,成品、半成品或加工食品
3860,水凉白开,4,不属于指南允许的基础原生食材类别
3861,车前子壳粉,4,不属于指南允许的基础原生食材类别
3862,广式月饼粉,4,成品、半成品或加工食品
3863,发酵液,4,不属于指南允许的基础原生食材类别
3864,五味子,4,不属于指南允许的基础原生食材类别
3865,茶袋,4,不属于指南允许的基础原生食材类别
3866,炒制,4,不属于指南允许的基础原生食材类别
3867,抓虫草花,4,不属于指南允许的基础原生食材类别
3868,盘面粉,4,成品、半成品或加工食品
3869,养生壶,4,不属于指南允许的基础原生食材类别
3870,西红柿切碎,4,工具、包装或操作说明
3871,马芬,4,不属于指南允许的基础原生食材类别
3872,细意大利面,4,成品、半成品或加工食品
3873,燕麦面包,4,烘焙或乳制加工食品
3874,布朗尼蛋糕底,4,烘焙或乳制加工食品
3875,巴达木,4,不属于指南允许的基础原生食材类别
3876,滤纸,4,不属于指南允许的基础原生食材类别
3877,高湯,4,不属于指南允许的基础原生食材类别
3878,米糕,4,不属于指南允许的基础原生食材类别
3879,各种蔬果,4,不属于指南允许的基础原生食材类别
3880,学习,4,不属于指南允许的基础原生食材类别
3881,海鮮,4,不属于指南允许的基础原生食材类别
3882,正方形烤盘,4,工具、包装或操作说明
3883,全麥麵粉,4,不属于指南允许的基础原生食材类别
3884,发现,4,不属于指南允许的基础原生食材类别
3885,浓缩黑咖啡,4,饮料、酒类或乳制品不属于本版核心原生食材
3886,鲜蔬,4,不属于指南允许的基础原生食材类别
3887,冰白开水,4,不属于指南允许的基础原生食材类别
3888,千张豆腐皮,4,豆制品或淀粉制品（严格模式排除）
3889,增加风味,4,不属于指南允许的基础原生食材类别
3890,各种水果干,4,成品、半成品或加工食品
3891,朱古力针,4,不属于指南允许的基础原生食材类别
3892,龙井茶,4,饮料、酒类或乳制品不属于本版核心原生食材
3893,锡兰红茶粉,4,不属于指南允许的基础原生食材类别
3894,裹入,4,不属于指南允许的基础原生食材类别
3895,木棍,4,不属于指南允许的基础原生食材类别
3896,菜切碎,4,工具、包装或操作说明
3897,一切,4,不属于指南允许的基础原生食材类别
3898,皮鸡蛋,4,不属于指南允许的基础原生食材类别
3899,茴子白,4,不属于指南允许的基础原生食材类别
3900,知了,4,不属于指南允许的基础原生食材类别
3901,多了,4,不属于指南允许的基础原生食材类别
3902,密实袋,4,不属于指南允许的基础原生食材类别
3903,美工刀,4,不属于指南允许的基础原生食材类别
3904,黄油液体,4,烘焙或乳制加工食品
3905,随心所欲,4,不属于指南允许的基础原生食材类别
3906,韧性饼干,4,烘焙或乳制加工食品
3907,品牌酸奶,4,饮料、酒类或乳制品不属于本版核心原生食材
3908,无籽红提,4,不属于指南允许的基础原生食材类别
3909,四川香肠,4,加工肉制品
3910,黑巧克力屑,4,烘焙或乳制加工食品
3911,稻花香米饭,4,成品、半成品或加工食品
3912,太妃味炼乳,4,烘焙或乳制加工食品
3913,面条菜,4,成品、半成品或加工食品
3914,翻炒,4,不属于指南允许的基础原生食材类别
3915,脆肠,4,成品、半成品或加工食品
3916,慕斯料,4,成品、半成品或加工食品
3917,蛋糕胚料,4,烘焙或乳制加工食品
3918,竹帘,4,不属于指南允许的基础原生食材类别
3919,脱皮花生,4,不属于指南允许的基础原生食材类别
3920,牛肉罐头,4,成品、半成品或加工食品
3921,橙子橙皮屑,4,不属于指南允许的基础原生食材类别
3922,分水,4,不属于指南允许的基础原生食材类别
3923,慕斯围边,4,成品、半成品或加工食品
3924,覆盆子慕斯,4,成品、半成品或加工食品
3925,蒟蒻果冻粉,4,不属于指南允许的基础原生食材类别
3926,柠檬汽水,4,饮料、酒类或乳制品不属于本版核心原生食材
3927,蔬果粉,4,不属于指南允许的基础原生食材类别
3928,青芒,4,不属于指南允许的基础原生食材类别
3929,红莓,4,不属于指南允许的基础原生食材类别
3930,干净罐子,4,不属于指南允许的基础原生食材类别
3931,可搭配,4,不属于指南允许的基础原生食材类别
3932,豆浆剩下豆渣,4,成品、半成品或加工食品
3933,多多马苏里拉芝士,4,烘焙或乳制加工食品
3934,冷冻蛋挞皮,4,成品、半成品或加工食品
3935,老白干,4,不属于指南允许的基础原生食材类别
3936,屉布,4,不属于指南允许的基础原生食材类别
3937,麻将,4,不属于指南允许的基础原生食材类别
3938,一盒纯牛奶,4,饮料、酒类或乳制品不属于本版核心原生食材
3939,公式,4,不属于指南允许的基础原生食材类别
3940,青二荆条,4,不属于指南允许的基础原生食材类别
3941,三花全脂淡奶,4,饮料、酒类或乳制品不属于本版核心原生食材
3942,调味汁儿,4,不属于指南允许的基础原生食材类别
3943,生日蛋糕,4,烘焙或乳制加工食品
3944,儿童肉松,4,加工肉制品
3945,坚果葡萄干,4,成品、半成品或加工食品
3946,扁面条,4,成品、半成品或加工食品
3947,桥头火锅料,4,不属于指南允许的基础原生食材类别
3948,布朗尼层,4,不属于指南允许的基础原生食材类别
3949,笋丝雪菜,4,成品、半成品或加工食品
3950,鸡蛋和牛奶,4,饮料、酒类或乳制品不属于本版核心原生食材
3951,果茶,4,饮料、酒类或乳制品不属于本版核心原生食材
3952,破壁料理机,4,不属于指南允许的基础原生食材类别
3953,熟胡萝卜,4,成品、半成品或加工食品
3954,热爱生活,4,不属于指南允许的基础原生食材类别
3955,方腿肉,4,成品、半成品或加工食品
3956,少辣白菜,4,不属于指南允许的基础原生食材类别
3957,拉丝雪燕,4,不属于指南允许的基础原生食材类别
3958,椰奶冻,4,饮料、酒类或乳制品不属于本版核心原生食材
3959,透明玻璃杯,4,不属于指南允许的基础原生食材类别
3960,拉条,4,不属于指南允许的基础原生食材类别
3961,吐司量,4,烘焙或乳制加工食品
3962,柴鱼精,4,成品、半成品或加工食品
3963,奶粉勺奶粉,4,烘焙或乳制加工食品
3964,备牛奶,4,饮料、酒类或乳制品不属于本版核心原生食材
3965,芝士奶油霜,4,烘焙或乳制加工食品
3966,大小不同,4,不属于指南允许的基础原生食材类别
3967,咸火腿,4,加工肉制品
3968,车厘子罐头,4,成品、半成品或加工食品
3969,烧烤香料,4,不属于指南允许的基础原生食材类别
3970,水滴巧克力,4,烘焙或乳制加工食品
3971,半脂牛奶,4,饮料、酒类或乳制品不属于本版核心原生食材
3972,成长,4,不属于指南允许的基础原生食材类别
3973,香椿苗,4,不属于指南允许的基础原生食材类别
3974,狗粮,4,不属于指南允许的基础原生食材类别
3975,奶油内馅,4,烘焙或乳制加工食品
3976,酸奶原味,4,饮料、酒类或乳制品不属于本版核心原生食材
3977,吐司厚切,4,烘焙或乳制加工食品
3978,肉滑,4,成品、半成品或加工食品
3979,肉一斤,4,数量或单位残留且无法可靠恢复原食材
3980,熟透木瓜,4,成品、半成品或加工食品
3981,奶酪块,4,烘焙或乳制加工食品
3982,粉替代,4,不属于指南允许的基础原生食材类别
3983,多少鸡腿,4,数量或单位残留且无法可靠恢复原食材
3984,脆皮烤肠,4,成品、半成品或加工食品
3985,嘻嘻,4,不属于指南允许的基础原生食材类别
3986,秘方,4,不属于指南允许的基础原生食材类别
3987,一样多面粉,4,成品、半成品或加工食品
3988,汁」,4,不属于指南允许的基础原生食材类别
3989,红梅,4,不属于指南允许的基础原生食材类别
3990,辣白菜泡菜,4,成品、半成品或加工食品
3991,奶茶包,4,不属于指南允许的基础原生食材类别
3992,茭头,4,不属于指南允许的基础原生食材类别
3993,自配,4,不属于指南允许的基础原生食材类别
3994,迷糊娃娃,4,不属于指南允许的基础原生食材类别
3995,龙利,4,不属于指南允许的基础原生食材类别
3996,青提子,4,不属于指南允许的基础原生食材类别
3997,海兔子,4,不属于指南允许的基础原生食材类别
3998,粉丝一把,4,豆制品或淀粉制品（严格模式排除）
3999,具体量,4,不属于指南允许的基础原生食材类别
4000,柠檬量柠檬皮屑,4,不属于指南允许的基础原生食材类别
4001,牌面包粉,4,烘焙或乳制加工食品
4002,多少香菇,4,数量或单位残留且无法可靠恢复原食材
4003,水」,4,不属于指南允许的基础原生食材类别
4004,黑白,4,不属于指南允许的基础原生食材类别
4005,奶油夹层,4,烘焙或乳制加工食品
4006,面粉自发粉,4,成品、半成品或加工食品
4007,墨西哥卷饼皮,4,不属于指南允许的基础原生食材类别
4008,日式拌饭料,4,不属于指南允许的基础原生食材类别
4009,多加,4,不属于指南允许的基础原生食材类别
4010,少煮多少意大利面,4,成品、半成品或加工食品
4011,蓝风车,4,不属于指南允许的基础原生食材类别
4012,地方,4,不属于指南允许的基础原生食材类别
4013,汁液,4,不属于指南允许的基础原生食材类别
4014,梅子粉,4,不属于指南允许的基础原生食材类别
4015,妈妈爱,4,不属于指南允许的基础原生食材类别
4016,都行牛奶,4,饮料、酒类或乳制品不属于本版核心原生食材
4017,泡好腐竹,4,豆制品或淀粉制品（严格模式排除）
4018,果干燕麦片,4,成品、半成品或加工食品
4019,芫须,4,不属于指南允许的基础原生食材类别
4020,安琪发酵粉,4,不属于指南允许的基础原生食材类别
4021,和葡萄干,4,成品、半成品或加工食品
4022,多少山楂,4,数量或单位残留且无法可靠恢复原食材
4023,几根香肠,4,加工肉制品
4024,浓味切达芝士,4,烘焙或乳制加工食品
4025,海虾米,4,成品、半成品或加工食品
4026,素易鲜,4,不属于指南允许的基础原生食材类别
4027,豆腐卜,4,豆制品或淀粉制品（严格模式排除）
4028,沙拉食材,4,成品、半成品或加工食品
4029,完成,4,不属于指南允许的基础原生食材类别
4030,爱吃香料,4,不属于指南允许的基础原生食材类别
4031,普通小麦面粉,4,成品、半成品或加工食品
4032,芫荽叶,4,不属于指南允许的基础原生食材类别
4033,橡皮筋,4,不属于指南允许的基础原生食材类别
4034,肥瘦腊肉,4,加工肉制品
4035,蜜豆馅,4,成品、半成品或加工食品
4036,密封保鲜袋,4,不属于指南允许的基础原生食材类别
4037,一晚上,4,不属于指南允许的基础原生食材类别
4038,蛋糕原料,4,烘焙或乳制加工食品
4039,确定水,4,不属于指南允许的基础原生食材类别
4040,部份,4,不属于指南允许的基础原生食材类别
4041,浓汤煲,4,不属于指南允许的基础原生食材类别
4042,低脂奶,4,饮料、酒类或乳制品不属于本版核心原生食材
4043,丘比沙拉,4,成品、半成品或加工食品
4044,蛋黄刷表面,4,工具、包装或操作说明
4045,美景,4,不属于指南允许的基础原生食材类别
4046,戚风蛋糕胚子,4,烘焙或乳制加工食品
4047,火锅肉丸,4,成品、半成品或加工食品
4048,碎葡萄干,4,成品、半成品或加工食品
4049,九层塔叶,4,不属于指南允许的基础原生食材类别
4050,多少意大利面,4,成品、半成品或加工食品
4051,马莲,4,不属于指南允许的基础原生食材类别
4052,奶油土豆泥,4,烘焙或乳制加工食品
4053,两倍面粉,4,成品、半成品或加工食品
4054,蘋果,4,不属于指南允许的基础原生食材类别
4055,控制,4,不属于指南允许的基础原生食材类别
4056,寿司大根,4,不属于指南允许的基础原生食材类别
4057,饼预拌粉,4,不属于指南允许的基础原生食材类别
4058,其他粗粮,4,不属于指南允许的基础原生食材类别
4059,台湾小香肠,4,加工肉制品
4060,红烧猪肉罐头,4,成品、半成品或加工食品
4061,「冰皮」,4,不属于指南允许的基础原生食材类别
4062,烟熏鸡胸肉,4,成品、半成品或加工食品
4063,味饼干,4,烘焙或乳制加工食品
4064,果水,4,不属于指南允许的基础原生食材类别
4065,任何,4,不属于指南允许的基础原生食材类别
4066,角粉,4,不属于指南允许的基础原生食材类别
4067,扣肉罐头,4,成品、半成品或加工食品
4068,没放,4,不属于指南允许的基础原生食材类别
4069,白脱奶,4,饮料、酒类或乳制品不属于本版核心原生食材
4070,自由发挥,4,不属于指南允许的基础原生食材类别
4071,多少百香果,4,数量或单位残留且无法可靠恢复原食材
4072,可任意搭配,4,不属于指南允许的基础原生食材类别
4073,杂粮饼干,4,烘焙或乳制加工食品
4074,热狗香肠,4,加工肉制品
4075,色面团面粉,4,成品、半成品或加工食品
4076,皮一张,4,不属于指南允许的基础原生食材类别
4077,燕盏,4,不属于指南允许的基础原生食材类别
4078,别太多,4,不属于指南允许的基础原生食材类别
4079,部分」,4,不属于指南允许的基础原生食材类别
4080,酸面包,4,烘焙或乳制加工食品
4081,烧烤食材,4,不属于指南允许的基础原生食材类别
4082,黄油曲奇,4,烘焙或乳制加工食品
4083,半高筋面粉,4,成品、半成品或加工食品
4084,黑花生,4,不属于指南允许的基础原生食材类别
4085,厚片午餐肉,4,加工肉制品
4086,洋葱小半个,4,数量或单位残留且无法可靠恢复原食材
4087,各种好吃,4,不属于指南允许的基础原生食材类别
4088,即食蟹柳,4,成品、半成品或加工食品
4089,刷全蛋液,4,工具、包装或操作说明
4090,脑子,4,不属于指南允许的基础原生食材类别
4091,毛根,4,不属于指南允许的基础原生食材类别
4092,即食鸡胸,4,成品、半成品或加工食品
4093,其他想吃,4,不属于指南允许的基础原生食材类别
4094,青皮萝卜,4,不属于指南允许的基础原生食材类别
4095,你饭量米饭,4,成品、半成品或加工食品
4096,牛奶冰块,4,饮料、酒类或乳制品不属于本版核心原生食材
4097,泡菜坛,4,成品、半成品或加工食品
4098,香草布丁粉,4,成品、半成品或加工食品
4099,沙拉酱香甜味,4,成品、半成品或加工食品
4100,越南河粉,4,成品、半成品或加工食品
4101,就行面包糠,4,烘焙或乳制加工食品
4102,伯爵红茶茶包,4,不属于指南允许的基础原生食材类别
4103,空心粉,4,不属于指南允许的基础原生食材类别
4104,黄飞鸿麻辣花生,4,不属于指南允许的基础原生食材类别
4105,寿司专海苔,4,成品、半成品或加工食品
4106,方形,4,不属于指南允许的基础原生食材类别
4107,帕尼尼,4,不属于指南允许的基础原生食材类别
4108,百吉福芝士,4,烘焙或乳制加工食品
4109,鸡蛋饼干,4,烘焙或乳制加工食品
4110,一定要,4,不属于指南允许的基础原生食材类别
4111,挖勺,4,不属于指南允许的基础原生食材类别
4112,热爱生活心,4,不属于指南允许的基础原生食材类别
4113,西湖龙井,4,不属于指南允许的基础原生食材类别
4114,堅果,4,不属于指南允许的基础原生食材类别
4115,第二天,4,不属于指南允许的基础原生食材类别
4116,就行开水,4,不属于指南允许的基础原生食材类别
4117,巧克力插片,4,烘焙或乳制加工食品
4118,一起水,4,不属于指南允许的基础原生食材类别
4119,粉可可无,4,不属于指南允许的基础原生食材类别
4120,糊糊,4,不属于指南允许的基础原生食材类别
4121,奶油白菜,4,烘焙或乳制加工食品
4122,随量,4,不属于指南允许的基础原生食材类别
4123,茉莉茶汤,4,不属于指南允许的基础原生食材类别
4124,比较甜,4,不属于指南允许的基础原生食材类别
4125,很少,4,不属于指南允许的基础原生食材类别
4126,老虎斑,4,不属于指南允许的基础原生食材类别
4127,追求,4,不属于指南允许的基础原生食材类别
4128,饼干粉末,4,烘焙或乳制加工食品
4129,吐司面粉,4,烘焙或乳制加工食品
4130,定水,4,不属于指南允许的基础原生食材类别
4131,酸萝卜老鸭汤炖料,4,成品、半成品或加工食品
4132,丸类,4,不属于指南允许的基础原生食材类别
4133,丝芝士,4,烘焙或乳制加工食品
4134,速冻包子,4,成品、半成品或加工食品
4135,布朗尼蛋糕,4,烘焙或乳制加工食品
4136,适当增减水,4,不属于指南允许的基础原生食材类别
4137,填馅,4,不属于指南允许的基础原生食材类别
4138,爆香,4,不属于指南允许的基础原生食材类别
4139,张寿司海苔,4,成品、半成品或加工食品
4140,牧场牛奶,4,饮料、酒类或乳制品不属于本版核心原生食材
4141,三分,4,不属于指南允许的基础原生食材类别
4142,口味奶油奶酪,4,烘焙或乳制加工食品
4143,蛋糕低筋面粉,4,烘焙或乳制加工食品
4144,表层,4,不属于指南允许的基础原生食材类别
4145,巧克力蛋糕体,4,烘焙或乳制加工食品
4146,芜菁,4,不属于指南允许的基础原生食材类别
4147,打散,4,不属于指南允许的基础原生食材类别
4148,多少各种丸子,4,成品、半成品或加工食品
4149,表面刷蛋黄液,4,工具、包装或操作说明
4150,半茶勺,4,不属于指南允许的基础原生食材类别
4151,石头,4,不属于指南允许的基础原生食材类别
4152,多少生菜,4,数量或单位残留且无法可靠恢复原食材
4153,速冻饺,4,不属于指南允许的基础原生食材类别
4154,沙拉醬,4,成品、半成品或加工食品
4155,海产品,4,不属于指南允许的基础原生食材类别
4156,吐司面包粉,4,烘焙或乳制加工食品
4157,红袍茶叶,4,饮料、酒类或乳制品不属于本版核心原生食材
4158,口味马苏里拉芝士,4,烘焙或乳制加工食品
4159,蛋糕体料,4,烘焙或乳制加工食品
4160,处理好,4,不属于指南允许的基础原生食材类别
4161,硬质干酪,4,饮料、酒类或乳制品不属于本版核心原生食材
4162,云腿馅,4,不属于指南允许的基础原生食材类别
4163,油可选,4,不属于指南允许的基础原生食材类别
4164,亨氏番茄沙司,4,成品、半成品或加工食品
4165,莫扎瑞拉芝士,4,烘焙或乳制加工食品
4166,干水份,4,不属于指南允许的基础原生食材类别
4167,&葡萄干,4,成品、半成品或加工食品
4168,脆肉松,4,加工肉制品
4169,冬阴功料,4,不属于指南允许的基础原生食材类别
4170,辣白菜汤,4,不属于指南允许的基础原生食材类别
4171,粉玉米粉,4,成品、半成品或加工食品
4172,蛋糕蛋白霜,4,烘焙或乳制加工食品
4173,形戚风蛋糕坯,4,烘焙或乳制加工食品
4174,渣子,4,不属于指南允许的基础原生食材类别
4175,生饺子,4,成品、半成品或加工食品
4176,葡萄干枸杞,4,成品、半成品或加工食品
4177,柠檬奶油霜,4,烘焙或乳制加工食品
4178,粉可可粉,4,成品、半成品或加工食品
4179,乌梅干,4,不属于指南允许的基础原生食材类别
4180,特仑苏纯牛奶,4,饮料、酒类或乳制品不属于本版核心原生食材
4181,海绵,4,不属于指南允许的基础原生食材类别
4182,茶具,4,不属于指南允许的基础原生食材类别
4183,粉糯米粉,4,成品、半成品或加工食品
4184,电磁炉,4,不属于指南允许的基础原生食材类别
4185,季节水果,4,不属于指南允许的基础原生食材类别
4186,粉果蔬粉,4,不属于指南允许的基础原生食材类别
4187,掌中宝,4,不属于指南允许的基础原生食材类别
4188,炭烧咖啡,4,饮料、酒类或乳制品不属于本版核心原生食材
4189,天全部酵种,4,不属于指南允许的基础原生食材类别
4190,辣白菜拉面,4,不属于指南允许的基础原生食材类别
4191,慕斯牛奶,4,成品、半成品或加工食品
4192,浓稠希腊酸奶,4,饮料、酒类或乳制品不属于本版核心原生食材
4193,莱姆,4,不属于指南允许的基础原生食材类别
4194,托盘,4,不属于指南允许的基础原生食材类别
4195,手抓饼胚,4,不属于指南允许的基础原生食材类别
4196,几片生菜,4,数量或单位残留且无法可靠恢复原食材
4197,去芯奥利奥,4,不属于指南允许的基础原生食材类别
4198,营养粉,4,不属于指南允许的基础原生食材类别
4199,椰汁粉,4,不属于指南允许的基础原生食材类别
4200,蔓越莓饼干,4,烘焙或乳制加工食品
4201,小火腿,4,加工肉制品
4202,活底圆模,4,不属于指南允许的基础原生食材类别
4203,熟排骨,4,成品、半成品或加工食品
4204,哈哈哈哈,4,不属于指南允许的基础原生食材类别
4205,剪子,4,不属于指南允许的基础原生食材类别
4206,温州粉干,4,不属于指南允许的基础原生食材类别
4207,原配方,4,不属于指南允许的基础原生食材类别
4208,技能,4,不属于指南允许的基础原生食材类别
4209,豆腐布丁,4,豆制品或淀粉制品（严格模式排除）
4210,多少手擀面,4,数量或单位残留且无法可靠恢复原食材
4211,杂蔬炒饭,4,成品、半成品或加工食品
4212,普通巧克力,4,烘焙或乳制加工食品
4213,两张,4,不属于指南允许的基础原生食材类别
4214,餡料,4,不属于指南允许的基础原生食材类别
4215,花草,4,不属于指南允许的基础原生食材类别
4216,蓝纹芝士,4,烘焙或乳制加工食品
4217,饼干配方,4,烘焙或乳制加工食品
4218,不行,4,不属于指南允许的基础原生食材类别
4219,自行加入,4,工具、包装或操作说明
4220,过葡萄干,4,成品、半成品或加工食品
4221,火腿肠切丁,4,加工肉制品
4222,伊利牛奶,4,饮料、酒类或乳制品不属于本版核心原生食材
4223,克可可粉,4,成品、半成品或加工食品
4224,去蒂,4,不属于指南允许的基础原生食材类别
4225,本体,4,不属于指南允许的基础原生食材类别
4226,废弃酵种,4,不属于指南允许的基础原生食材类别
4227,抓西米,4,成品、半成品或加工食品
4228,表面装饰白芝麻,4,工具、包装或操作说明
4229,戚风蛋糕胚一个,4,烘焙或乳制加工食品
4230,调制,4,不属于指南允许的基础原生食材类别
4231,刷表面鸡蛋,4,工具、包装或操作说明
4232,减半,4,不属于指南允许的基础原生食材类别
4233,肥瘦适中,4,不属于指南允许的基础原生食材类别
4234,苦甜巧克力豆,4,烘焙或乳制加工食品
4235,馅料调味,4,不属于指南允许的基础原生食材类别
4236,格瓦斯,4,不属于指南允许的基础原生食材类别
4237,多少辣椒,4,数量或单位残留且无法可靠恢复原食材
4238,机一台,4,不属于指南允许的基础原生食材类别
4239,伍斯特沙司,4,成品、半成品或加工食品
4240,体力,4,不属于指南允许的基础原生食材类别
4241,少放面粉,4,成品、半成品或加工食品
4242,防粘面粉,4,成品、半成品或加工食品
4243,大蝦,4,不属于指南允许的基础原生食材类别
4244,塑料瓶,4,不属于指南允许的基础原生食材类别
4245,煎培根,4,加工肉制品
4246,皮糯米粉,4,成品、半成品或加工食品
4247,多少定面粉,4,成品、半成品或加工食品
4248,出水,4,不属于指南允许的基础原生食材类别
4249,卡仕达内陷,4,不属于指南允许的基础原生食材类别
4250,饺子馅粉,4,成品、半成品或加工食品
4251,果葡萄干,4,成品、半成品或加工食品
4252,食品保鲜袋,4,不属于指南允许的基础原生食材类别
4253,夹子,4,不属于指南允许的基础原生食材类别
4254,米饭碗面粉,4,成品、半成品或加工食品
4255,酸菜鱼,4,成品、半成品或加工食品
4256,西蘭花,4,不属于指南允许的基础原生食材类别
4257,多种水果,4,不属于指南允许的基础原生食材类别
4258,常温牛奶,4,饮料、酒类或乳制品不属于本版核心原生食材
4259,泰式红茶,4,饮料、酒类或乳制品不属于本版核心原生食材
4260,方形蛋糕模,4,烘焙或乳制加工食品
4261,萃取液,4,不属于指南允许的基础原生食材类别
4262,多少毛豆,4,数量或单位残留且无法可靠恢复原食材
4263,皮即可水,4,不属于指南允许的基础原生食材类别
4264,巧克力香缇,4,烘焙或乳制加工食品
4265,红豆慕斯,4,成品、半成品或加工食品
4266,一倍水,4,不属于指南允许的基础原生食材类别
4267,人数定面粉,4,成品、半成品或加工食品
4268,总重牛奶,4,饮料、酒类或乳制品不属于本版核心原生食材
4269,浸泡葡萄干,4,成品、半成品或加工食品
4270,全麦低筋面粉,4,成品、半成品或加工食品
4271,客家豆腐,4,豆制品或淀粉制品（严格模式排除）
4272,连皮,4,不属于指南允许的基础原生食材类别
4273,其一,4,不属于指南允许的基础原生食材类别
4274,骨去皮鸡腿肉,4,不属于指南允许的基础原生食材类别
4275,麵包,4,不属于指南允许的基础原生食材类别
4276,可以多点,4,不属于指南允许的基础原生食材类别
4277,多少火腿肠,4,加工肉制品
4278,熟饺子,4,成品、半成品或加工食品
4279,功效,4,不属于指南允许的基础原生食材类别
4280,碎消化饼干,4,烘焙或乳制加工食品
4281,汉堡坯子,4,成品、半成品或加工食品
4282,果干类,4,成品、半成品或加工食品
4283,燕麦面粉,4,成品、半成品或加工食品
4284,多少口蘑,4,数量或单位残留且无法可靠恢复原食材
4285,口味酸奶,4,饮料、酒类或乳制品不属于本版核心原生食材
4286,多少粉干,4,数量或单位残留且无法可靠恢复原食材
4287,干净纱布,4,不属于指南允许的基础原生食材类别
4288,子酸奶,4,饮料、酒类或乳制品不属于本版核心原生食材
4289,多少牛肉丸,4,成品、半成品或加工食品
4290,龙井绿茶,4,饮料、酒类或乳制品不属于本版核心原生食材
4291,薄脆饼,4,不属于指南允许的基础原生食材类别
4292,色巧克力泥,4,烘焙或乳制加工食品
4293,非必需,4,不属于指南允许的基础原生食材类别
4294,自己定,4,不属于指南允许的基础原生食材类别
4295,青柠檬皮,4,不属于指南允许的基础原生食材类别
4296,黑橄榄圈,4,不属于指南允许的基础原生食材类别
4297,陷料,4,不属于指南允许的基础原生食材类别
4298,一定要加,4,不属于指南允许的基础原生食材类别
4299,四季春茶,4,饮料、酒类或乳制品不属于本版核心原生食材
4300,芝士酸奶,4,烘焙或乳制加工食品
4301,干燕盏,4,不属于指南允许的基础原生食材类别
4302,方式,4,不属于指南允许的基础原生食材类别
4303,慕斯蛋糕底,4,烘焙或乳制加工食品
4304,鱼面筋,4,成品、半成品或加工食品
4305,栀子黄色粉,4,不属于指南允许的基础原生食材类别
4306,过滤器,4,不属于指南允许的基础原生食材类别
4307,馬蹄粉,4,不属于指南允许的基础原生食材类别
4308,红烧肉罐头,4,成品、半成品或加工食品
4309,各种颜色,4,不属于指南允许的基础原生食材类别
4310,混合意大利香料,4,不属于指南允许的基础原生食材类别
4311,酒渍果干,4,成品、半成品或加工食品
4312,定年糕,4,成品、半成品或加工食品
4313,芝士切片,4,烘焙或乳制加工食品
4314,橙皮茸,4,不属于指南允许的基础原生食材类别
4315,饭量意大利面,4,成品、半成品或加工食品
4316,面团牛奶,4,饮料、酒类或乳制品不属于本版核心原生食材
4317,具体,4,不属于指南允许的基础原生食材类别
4318,少放水,4,不属于指南允许的基础原生食材类别
4319,供参考,4,不属于指南允许的基础原生食材类别
4320,手指蛋糕,4,烘焙或乳制加工食品
4321,种量,4,不属于指南允许的基础原生食材类别
4322,粉即可水,4,不属于指南允许的基础原生食材类别
4323,台贺方块酥,4,不属于指南允许的基础原生食材类别
4324,上火,4,不属于指南允许的基础原生食材类别
4325,球香草冰淇淋,4,成品、半成品或加工食品
4326,海绵杯子蛋糕,4,烘焙或乳制加工食品
4327,多来点,4,不属于指南允许的基础原生食材类别
4328,篮子,4,不属于指南允许的基础原生食材类别
4329,所料,4,不属于指南允许的基础原生食材类别
4330,其他原料,4,不属于指南允许的基础原生食材类别
4331,满面粉,4,成品、半成品或加工食品
4332,芝士鳕鱼肠,4,烘焙或乳制加工食品
4333,龙蒿,4,不属于指南允许的基础原生食材类别
4334,你想吃,4,不属于指南允许的基础原生食材类别
4335,食量米粉,4,成品、半成品或加工食品
4336,春饼皮,4,不属于指南允许的基础原生食材类别
4337,定牛奶,4,饮料、酒类或乳制品不属于本版核心原生食材
4338,火锅底,4,不属于指南允许的基础原生食材类别
4339,热带水果,4,不属于指南允许的基础原生食材类别
4340,巧克力芝士层,4,烘焙或乳制加工食品
4341,咖啡奶油馅,4,烘焙或乳制加工食品
4342,花叶,4,不属于指南允许的基础原生食材类别
4343,种类,4,不属于指南允许的基础原生食材类别
4344,茶叶包,4,饮料、酒类或乳制品不属于本版核心原生食材
4345,花生酱粉,4,不属于指南允许的基础原生食材类别
4346,了馄饨皮,4,成品、半成品或加工食品
4347,巧克力奶油馅,4,烘焙或乳制加工食品
4348,泰国西米,4,成品、半成品或加工食品
4349,巧克力膏,4,烘焙或乳制加工食品
4350,森芝士粉,4,烘焙或乳制加工食品
4351,打豆浆剩下豆渣,4,成品、半成品或加工食品
4352,麻薯面包预拌粉,4,烘焙或乳制加工食品
4353,电动搅拌器,4,工具、包装或操作说明
4354,小三角奶酪,4,烘焙或乳制加工食品
4355,水浸吞拿鱼罐头,4,成品、半成品或加工食品
4356,苦荞蛋糕粉,4,烘焙或乳制加工食品
4357,运动,4,不属于指南允许的基础原生食材类别
4358,料一包,4,不属于指南允许的基础原生食材类别
4359,拉面面条,4,成品、半成品或加工食品
4360,可以加,4,不属于指南允许的基础原生食材类别
4361,天然果蔬粉,4,不属于指南允许的基础原生食材类别
4362,气泡矿泉水,4,不属于指南允许的基础原生食材类别
4363,材料减半,4,不属于指南允许的基础原生食材类别
4364,调教,4,不属于指南允许的基础原生食材类别
4365,所需面粉,4,成品、半成品或加工食品
4366,麻辣蘸料,4,不属于指南允许的基础原生食材类别
4367,包好饺子,4,成品、半成品或加工食品
4368,料相同,4,不属于指南允许的基础原生食材类别
4369,比较大,4,不属于指南允许的基础原生食材类别
4370,普通面粉面粉,4,成品、半成品或加工食品
4371,刚好水,4,不属于指南允许的基础原生食材类别
4372,手工年糕,4,成品、半成品或加工食品
4373,设备,4,不属于指南允许的基础原生食材类别
4374,帕玛臣芝士,4,烘焙或乳制加工食品
4375,三角奶油奶酪,4,烘焙或乳制加工食品
4376,一汤匙,4,不属于指南允许的基础原生食材类别
4377,盘花生,4,不属于指南允许的基础原生食材类别
4378,下来,4,不属于指南允许的基础原生食材类别
4379,原制干酪,4,不属于指南允许的基础原生食材类别
4380,法芙娜,4,不属于指南允许的基础原生食材类别
4381,费南雪,4,不属于指南允许的基础原生食材类别
4382,白面包糠,4,烘焙或乳制加工食品
4383,了饺子皮,4,成品、半成品或加工食品
4384,一款,4,不属于指南允许的基础原生食材类别
4385,营养米粉,4,成品、半成品或加工食品
4386,混合杂粮,4,不属于指南允许的基础原生食材类别
4387,碎沫,4,不属于指南允许的基础原生食材类别
4388,大骨头,4,不属于指南允许的基础原生食材类别
4389,研磨成粉,4,不属于指南允许的基础原生食材类别
4390,米粉米粉,4,成品、半成品或加工食品
4391,研磨香料,4,不属于指南允许的基础原生食材类别
4392,元茜,4,不属于指南允许的基础原生食材类别
4393,水矿泉水,4,不属于指南允许的基础原生食材类别
4394,卷饼皮,4,不属于指南允许的基础原生食材类别
4395,白蘿蔔,4,不属于指南允许的基础原生食材类别
4396,巧克力可可粉,4,烘焙或乳制加工食品
4397,完了,4,不属于指南允许的基础原生食材类别
4398,皮蛋肠,4,成品、半成品或加工食品
4399,鲣鱼干,4,成品、半成品或加工食品
4400,辣肉松,4,加工肉制品
4401,粗意大利面,4,成品、半成品或加工食品
4402,隔夜,4,不属于指南允许的基础原生食材类别
4403,白巧克力淋面,4,烘焙或乳制加工食品
4404,冻丸子,4,成品、半成品或加工食品
4405,虾米瑶柱,4,成品、半成品或加工食品
4406,什么香料,4,不属于指南允许的基础原生食材类别
4407,酿油豆腐,4,豆制品或淀粉制品（严格模式排除）
4408,奶油雪糕,4,烘焙或乳制加工食品
4409,卡彭芝士,4,烘焙或乳制加工食品
4410,小吃,4,不属于指南允许的基础原生食材类别
4411,两个蛋黄鸡蛋,4,数量或单位残留且无法可靠恢复原食材
4412,米饭米,4,成品、半成品或加工食品
4413,干燥,4,不属于指南允许的基础原生食材类别
4414,兴化米粉,4,成品、半成品或加工食品
4415,预留牛奶,4,饮料、酒类或乳制品不属于本版核心原生食材
4416,是面粉一半水,4,成品、半成品或加工食品
4417,柴锅豆腐,4,豆制品或淀粉制品（严格模式排除）
4418,没加,4,不属于指南允许的基础原生食材类别
4419,大号,4,不属于指南允许的基础原生食材类别
4420,相同,4,不属于指南允许的基础原生食材类别
4421,花边,4,不属于指南允许的基础原生食材类别
4422,新竹米粉,4,成品、半成品或加工食品
4423,果珍粉,4,不属于指南允许的基础原生食材类别
4424,甜豆浆,4,成品、半成品或加工食品
4425,两人吃,4,不属于指南允许的基础原生食材类别
4426,人吃,4,不属于指南允许的基础原生食材类别
4427,即食水果燕麦片,4,成品、半成品或加工食品
4428,发酵火腿,4,加工肉制品
4429,皮五花肉,4,不属于指南允许的基础原生食材类别
4430,迷失香,4,不属于指南允许的基础原生食材类别
4431,清水豆沙,4,成品、半成品或加工食品
4432,口味烧烤料,4,不属于指南允许的基础原生食材类别
4433,几个都行鸡蛋,4,数量或单位残留且无法可靠恢复原食材
4434,纯牛奶纯牛奶,4,饮料、酒类或乳制品不属于本版核心原生食材
4435,慕斯夹心,4,成品、半成品或加工食品
4436,味方便面,4,成品、半成品或加工食品
4437,老卤汤,4,不属于指南允许的基础原生食材类别
4438,粉低粉,4,不属于指南允许的基础原生食材类别
4439,葡萄皮,4,不属于指南允许的基础原生食材类别
4440,功能,4,不属于指南允许的基础原生食材类别
4441,定饺子皮,4,成品、半成品或加工食品
4442,叉燒醬,4,不属于指南允许的基础原生食材类别
4443,谷物面包,4,烘焙或乳制加工食品
4444,其他调味粉,4,不属于指南允许的基础原生食材类别
4445,下面粉,4,成品、半成品或加工食品
4446,晒干,4,不属于指南允许的基础原生食材类别
4447,馅豆沙馅,4,成品、半成品或加工食品
4448,一壶备开水,4,不属于指南允许的基础原生食材类别
4449,瑞士大孔奶酪,4,烘焙或乳制加工食品
4450,泉水,4,不属于指南允许的基础原生食材类别
4451,粉鸡蛋一个,4,数量或单位残留且无法可靠恢复原食材
4452,芝士鸡蛋,4,烘焙或乳制加工食品
4453,宝宝,4,不属于指南允许的基础原生食材类别
4454,熟芋头,4,成品、半成品或加工食品
4455,蔬菜丸子,4,成品、半成品或加工食品
4456,层配方,4,不属于指南允许的基础原生食材类别
4457,爱吃啥放啥,4,不属于指南允许的基础原生食材类别
4458,糊面粉,4,成品、半成品或加工食品
4459,辣榨菜,4,不属于指南允许的基础原生食材类别
4460,泰国米粉,4,成品、半成品或加工食品
4461,底座,4,不属于指南允许的基础原生食材类别
4462,多少克年糕,4,成品、半成品或加工食品
4463,参考,4,不属于指南允许的基础原生食材类别
4464,一大堆,4,不属于指南允许的基础原生食材类别
4465,水泡发,4,不属于指南允许的基础原生食材类别
4466,凉水水,4,不属于指南允许的基础原生食材类别
4467,自己量面条,4,成品、半成品或加工食品
4468,可密封玻璃瓶,4,不属于指南允许的基础原生食材类别
4469,几颗鸡蛋,4,数量或单位残留且无法可靠恢复原食材
4470,机全脂牛奶,4,饮料、酒类或乳制品不属于本版核心原生食材
4471,新鲜果蔬,4,不属于指南允许的基础原生食材类别
4472,沙琪玛,4,不属于指南允许的基础原生食材类别
4473,黑茶,4,饮料、酒类或乳制品不属于本版核心原生食材
4474,多加点,4,不属于指南允许的基础原生食材类别
4475,熟透柿子,4,成品、半成品或加工食品
4476,西多士,4,不属于指南允许的基础原生食材类别
4477,公鸡一只,4,数量或单位残留且无法可靠恢复原食材
4478,油条蓬松剂,4,成品、半成品或加工食品
4479,泡菜辣白菜,4,成品、半成品或加工食品
4480,冲泡奶粉,4,烘焙或乳制加工食品
4481,任何干果,4,不属于指南允许的基础原生食材类别
4482,木棒,4,不属于指南允许的基础原生食材类别
4483,夏巴塔,4,不属于指南允许的基础原生食材类别
4484,多少白萝卜,4,数量或单位残留且无法可靠恢复原食材
4485,牛奶鸡蛋,4,饮料、酒类或乳制品不属于本版核心原生食材
4486,重水,4,不属于指南允许的基础原生食材类别
4487,核桃豆浆,4,成品、半成品或加工食品
4488,旺仔,4,不属于指南允许的基础原生食材类别
4489,绿色奇异果,4,不属于指南允许的基础原生食材类别
4490,碎奶酪,4,烘焙或乳制加工食品
4491,堆各种丸子,4,成品、半成品或加工食品
4492,多少面面粉,4,成品、半成品或加工食品
4493,一根香肠,4,加工肉制品
4494,微辣,4,不属于指南允许的基础原生食材类别
4495,慕斯馅牛奶,4,成品、半成品或加工食品
4496,一样多水,4,不属于指南允许的基础原生食材类别
4497,奶酪夹馅,4,烘焙或乳制加工食品
4498,巧克力蛋糕粉,4,烘焙或乳制加工食品
4499,可多可少,4,不属于指南允许的基础原生食材类别
4500,米蛋糕,4,烘焙或乳制加工食品
4501,多少猪里脊,4,数量或单位残留且无法可靠恢复原食材
4502,车厘子干,4,不属于指南允许的基础原生食材类别
4503,大小昆布,4,不属于指南允许的基础原生食材类别
4504,面酱包,4,不属于指南允许的基础原生食材类别
4505,荠菜饺子,4,成品、半成品或加工食品
4506,汤圆汤圆,4,不属于指南允许的基础原生食材类别
4507,香菜一把,4,数量或单位残留且无法可靠恢复原食材
4508,巧克力扣,4,烘焙或乳制加工食品
4509,牛奶布丁,4,成品、半成品或加工食品
4510,小零食,4,不属于指南允许的基础原生食材类别
4511,牛奶盒,4,饮料、酒类或乳制品不属于本版核心原生食材
4512,牛奶巧克力豆,4,烘焙或乳制加工食品
4513,海绵蛋糕坯,4,烘焙或乳制加工食品
4514,樱花奥利奥饼干,4,烘焙或乳制加工食品
4515,牛油果沙拉,4,成品、半成品或加工食品
4516,酸辣粉,4,不属于指南允许的基础原生食材类别
4517,合计牛奶,4,饮料、酒类或乳制品不属于本版核心原生食材
4518,豆浆过滤出来豆渣,4,成品、半成品或加工食品
4519,刻度清水,4,不属于指南允许的基础原生食材类别
4520,其他东西,4,不属于指南允许的基础原生食材类别
4521,柠檬酸奶,4,饮料、酒类或乳制品不属于本版核心原生食材
4522,多少鱿鱼,4,数量或单位残留且无法可靠恢复原食材
4523,刺身,4,不属于指南允许的基础原生食材类别
4524,裹面奶粉,4,烘焙或乳制加工食品
4525,隔夜白米饭,4,成品、半成品或加工食品
4526,棵苦苣,4,不属于指南允许的基础原生食材类别
4527,两意大利面,4,成品、半成品或加工食品
4528,低脂椰浆,4,饮料、酒类或乳制品不属于本版核心原生食材
4529,不水,4,不属于指南允许的基础原生食材类别
4530,剩余豆渣,4,成品、半成品或加工食品
4531,黄油切小块,4,烘焙或乳制加工食品
4532,粮高筋面粉,4,成品、半成品或加工食品
4533,咖哩醬,4,不属于指南允许的基础原生食材类别
4534,想吃几个鸡蛋,4,数量或单位残留且无法可靠恢复原食材
4535,所需,4,不属于指南允许的基础原生食材类别
4536,蛋黄咸蛋黄,4,成品、半成品或加工食品
4537,新鲜鼠尾草,4,不属于指南允许的基础原生食材类别
4538,不沾烤盘,4,工具、包装或操作说明
4539,清洗,4,不属于指南允许的基础原生食材类别
4540,节党参,4,不属于指南允许的基础原生食材类别
4541,顺序排列,4,不属于指南允许的基础原生食材类别
4542,见视频,4,不属于指南允许的基础原生食材类别
4543,自行调节,4,不属于指南允许的基础原生食材类别
4544,都行水果,4,不属于指南允许的基础原生食材类别
4545,白桃乌龙茶,4,饮料、酒类或乳制品不属于本版核心原生食材
4546,沾料,4,不属于指南允许的基础原生食材类别
4547,方法一,4,不属于指南允许的基础原生食材类别
4548,重物,4,不属于指南允许的基础原生食材类别
4549,芝士味,4,烘焙或乳制加工食品
4550,皮〗,4,不属于指南允许的基础原生食材类别
4551,特饮,4,不属于指南允许的基础原生食材类别
4552,饺子专粉,4,成品、半成品或加工食品
4553,内脂豆腐豆腐,4,豆制品或淀粉制品（严格模式排除）
4554,武昌鱼一条,4,数量或单位残留且无法可靠恢复原食材
4555,就行肉松,4,加工肉制品
4556,增鲜,4,不属于指南允许的基础原生食材类别
4557,豆沙包,4,成品、半成品或加工食品
4558,卷料,4,不属于指南允许的基础原生食材类别
4559,荤汤,4,不属于指南允许的基础原生食材类别
4560,多少榴莲,4,数量或单位残留且无法可靠恢复原食材
4561,多张馄饨皮,4,成品、半成品或加工食品
4562,生重,4,不属于指南允许的基础原生食材类别
4563,精华,4,不属于指南允许的基础原生食材类别
4564,饭饭,4,不属于指南允许的基础原生食材类别
4565,香草味冰淇淋,4,成品、半成品或加工食品
4566,咸笋干,4,成品、半成品或加工食品
4567,轻熟料,4,成品、半成品或加工食品
4568,巧克力蛋糕坯,4,烘焙或乳制加工食品
4569,全脂希腊酸奶,4,饮料、酒类或乳制品不属于本版核心原生食材
4570,油豆沙馅,4,成品、半成品或加工食品
4571,固体酵种,4,不属于指南允许的基础原生食材类别
4572,阿达子,4,不属于指南允许的基础原生食材类别
4573,盆米饭,4,成品、半成品或加工食品
4574,奶酪布丁,4,烘焙或乳制加工食品
4575,产品,4,不属于指南允许的基础原生食材类别
4576,豆子罐头,4,成品、半成品或加工食品
4577,管炼乳,4,烘焙或乳制加工食品
4578,很好,4,不属于指南允许的基础原生食材类别
4579,果干果仁,4,成品、半成品或加工食品
4580,薄荷巧克力,4,烘焙或乳制加工食品
4581,饰耐高温巧克力豆,4,烘焙或乳制加工食品
4582,高筋吐司粉,4,烘焙或乳制加工食品
4583,乳酸饮料,4,饮料、酒类或乳制品不属于本版核心原生食材
4584,羽衣甘藍,4,不属于指南允许的基础原生食材类别
4585,绿豆冰糕,4,不属于指南允许的基础原生食材类别
4586,食量饺子皮,4,成品、半成品或加工食品
4587,马苏里拉奶酪球,4,烘焙或乳制加工食品
4588,糯米汤圆,4,不属于指南允许的基础原生食材类别
4589,多少小土豆,4,数量或单位残留且无法可靠恢复原食材
4590,湿度,4,不属于指南允许的基础原生食材类别
4591,任何东西,4,不属于指南允许的基础原生食材类别
4592,各种肉丸,4,成品、半成品或加工食品
4593,牌高筋粉,4,不属于指南允许的基础原生食材类别
4594,底汤,4,不属于指南允许的基础原生食材类别
4595,清水清水,4,不属于指南允许的基础原生食材类别
4596,果乾,4,不属于指南允许的基础原生食材类别
4597,天使蛋糕,4,烘焙或乳制加工食品
4598,人分量米饭,4,成品、半成品或加工食品
4599,麻辣烫食材,4,不属于指南允许的基础原生食材类别
4600,料盒,4,不属于指南允许的基础原生食材类别
4601,咖啡慕斯,4,成品、半成品或加工食品
4602,颜色果蔬粉,4,不属于指南允许的基础原生食材类别
4603,温热,4,不属于指南允许的基础原生食材类别
4604,鸡蛋共牛奶,4,饮料、酒类或乳制品不属于本版核心原生食材
4605,特浓牛奶,4,饮料、酒类或乳制品不属于本版核心原生食材
4606,肉骨茶,4,饮料、酒类或乳制品不属于本版核心原生食材
4607,鲜奶皮,4,不属于指南允许的基础原生食材类别
4608,定白开水,4,不属于指南允许的基础原生食材类别
4609,软骨,4,不属于指南允许的基础原生食材类别
4610,影响,4,不属于指南允许的基础原生食材类别
4611,是水,4,不属于指南允许的基础原生食材类别
4612,绿茶饮料,4,饮料、酒类或乳制品不属于本版核心原生食材
4613,就好啦,4,不属于指南允许的基础原生食材类别
4614,皮柠檬皮,4,不属于指南允许的基础原生食材类别
4615,共牛奶,4,饮料、酒类或乳制品不属于本版核心原生食材
4616,粉状,4,不属于指南允许的基础原生食材类别
4617,酱牛奶,4,饮料、酒类或乳制品不属于本版核心原生食材
4618,没话,4,不属于指南允许的基础原生食材类别
4619,瓢水,4,不属于指南允许的基础原生食材类别
4620,粗茶,4,饮料、酒类或乳制品不属于本版核心原生食材
4621,一截,4,不属于指南允许的基础原生食材类别
4622,各种粗粮,4,不属于指南允许的基础原生食材类别
4623,圆模一个,4,数量或单位残留且无法可靠恢复原食材
4624,涮料,4,不属于指南允许的基础原生食材类别
4625,香肠香肠,4,加工肉制品
4626,洋槐蜜,4,不属于指南允许的基础原生食材类别
4627,市售,4,不属于指南允许的基础原生食材类别
4628,芝士包,4,烘焙或乳制加工食品
4629,过花生,4,不属于指南允许的基础原生食材类别
4630,鸡蛋五个,4,数量或单位残留且无法可靠恢复原食材
4631,多少肉糜,4,数量或单位残留且无法可靠恢复原食材
4632,」水,4,不属于指南允许的基础原生食材类别
4633,巧克力贝壳,4,烘焙或乳制加工食品
4634,巴黎气泡水,4,不属于指南允许的基础原生食材类别
4635,大馒头,4,成品、半成品或加工食品
4636,带盖容器,4,工具、包装或操作说明
4637,红茶戚风,4,不属于指南允许的基础原生食材类别
4638,法式长棍面包,4,烘焙或乳制加工食品
4639,馅食材,4,不属于指南允许的基础原生食材类别
4640,口味蔓越莓干,4,成品、半成品或加工食品
4641,多少克,4,数量或单位残留且无法可靠恢复原食材
4642,各种面粉,4,成品、半成品或加工食品
4643,子大小水,4,不属于指南允许的基础原生食材类别
4644,青团,4,不属于指南允许的基础原生食材类别
4645,一套,4,不属于指南允许的基础原生食材类别
4646,油一勺,4,数量或单位残留且无法可靠恢复原食材
4647,酸奶戚风蛋糕,4,烘焙或乳制加工食品
4648,紫菜皮,4,不属于指南允许的基础原生食材类别
4649,多少基围虾,4,数量或单位残留且无法可靠恢复原食材
4650,蛋糕夹心,4,烘焙或乳制加工食品
4651,薄饼干,4,烘焙或乳制加工食品
4652,康师傅方便面,4,成品、半成品或加工食品
4653,一火腿肠,4,加工肉制品
4654,泡酸辣椒,4,成品、半成品或加工食品
4655,酸奶溶豆,4,饮料、酒类或乳制品不属于本版核心原生食材
4656,专料,4,不属于指南允许的基础原生食材类别
4657,特辣王,4,不属于指南允许的基础原生食材类别
4658,多少黑芝麻,4,数量或单位残留且无法可靠恢复原食材
4659,圣诞老人,4,不属于指南允许的基础原生食材类别
4660,西冷红茶,4,饮料、酒类或乳制品不属于本版核心原生食材
4661,巧克力黑巧克力,4,烘焙或乳制加工食品
4662,水调匀,4,不属于指南允许的基础原生食材类别
4663,果味饮料,4,饮料、酒类或乳制品不属于本版核心原生食材
4664,成团,4,不属于指南允许的基础原生食材类别
4665,馅配方,4,不属于指南允许的基础原生食材类别
4666,奶油冰淇淋,4,烘焙或乳制加工食品
4667,乐趣,4,不属于指南允许的基础原生食材类别
4668,黄油脆片,4,烘焙或乳制加工食品
4669,创造力,4,不属于指南允许的基础原生食材类别
4670,想吃一切,4,不属于指南允许的基础原生食材类别
4671,面粉低筋面粉,4,成品、半成品或加工食品
4672,车打,4,不属于指南允许的基础原生食材类别
4673,也好,4,不属于指南允许的基础原生食材类别
4674,冷冻莓果,4,不属于指南允许的基础原生食材类别
4675,芭比蛋糕胚,4,烘焙或乳制加工食品
4676,樱花抹茶奥利奥,4,不属于指南允许的基础原生食材类别
4677,巧克力慕斯液,4,烘焙或乳制加工食品
4678,碎香料,4,不属于指南允许的基础原生食材类别
4679,多少普通面粉,4,成品、半成品或加工食品
4680,咸菜干,4,成品、半成品或加工食品
4681,海鲜沙拉,4,成品、半成品或加工食品
4682,戚风蛋糕模,4,烘焙或乳制加工食品
4683,多少放多少金针菇,4,数量或单位残留且无法可靠恢复原食材
4684,干净,4,不属于指南允许的基础原生食材类别
4685,不粘模,4,不属于指南允许的基础原生食材类别
4686,茶包茶叶,4,饮料、酒类或乳制品不属于本版核心原生食材
4687,撕开,4,不属于指南允许的基础原生食材类别
4688,粉开水,4,不属于指南允许的基础原生食材类别
4689,简单,4,不属于指南允许的基础原生食材类别
4690,白咖啡粉,4,饮料、酒类或乳制品不属于本版核心原生食材
4691,奶油陷,4,烘焙或乳制加工食品
4692,香肠半根,4,加工肉制品
4693,柠檬皮削,4,不属于指南允许的基础原生食材类别
4694,涂抹奶油奶酪,4,工具、包装或操作说明
4695,芝士肠仔,4,烘焙或乳制加工食品
4696,混合谷物,4,不属于指南允许的基础原生食材类别
4697,凉拌料,4,不属于指南允许的基础原生食材类别
4698,油面粉,4,成品、半成品或加工食品
4699,不辣,4,不属于指南允许的基础原生食材类别
4700,饭碗普通面粉,4,成品、半成品或加工食品
4701,自己包饺子,4,成品、半成品或加工食品
4702,随性,4,不属于指南允许的基础原生食材类别
4703,多加马苏里拉芝士,4,烘焙或乳制加工食品
4704,克腐竹,4,豆制品或淀粉制品（严格模式排除）
4705,高钙牛奶,4,饮料、酒类或乳制品不属于本版核心原生食材
4706,多少包菜,4,数量或单位残留且无法可靠恢复原食材
4707,粉粘米粉,4,成品、半成品或加工食品
4708,请看下图,4,不属于指南允许的基础原生食材类别
4709,花花草草,4,不属于指南允许的基础原生食材类别
4710,腊肠切片,4,成品、半成品或加工食品
4711,味酥性饼干,4,烘焙或乳制加工食品
4712,椒一个,4,数量或单位残留且无法可靠恢复原食材
4713,多少猪肝,4,数量或单位残留且无法可靠恢复原食材
4714,表面刷,4,工具、包装或操作说明
4715,龙珠,4,不属于指南允许的基础原生食材类别
4716,涮锅食材,4,不属于指南允许的基础原生食材类别
4717,辣油包,4,不属于指南允许的基础原生食材类别
4718,少放点,4,不属于指南允许的基础原生食材类别
4719,自行增减,4,不属于指南允许的基础原生食材类别
4720,多少来定,4,数量或单位残留且无法可靠恢复原食材
4721,时令鲜蔬,4,不属于指南允许的基础原生食材类别
4722,炒泡菜,4,成品、半成品或加工食品
4723,发好,4,不属于指南允许的基础原生食材类别
4724,带盖子容器,4,工具、包装或操作说明
4725,腊肠香肠,4,加工肉制品
4726,公仔,4,不属于指南允许的基础原生食材类别
4727,吐司方子,4,烘焙或乳制加工食品
4728,蛋糕碎屑,4,烘焙或乳制加工食品
4729,造型饼干,4,烘焙或乳制加工食品
4730,水果颗粒,4,不属于指南允许的基础原生食材类别
4731,来点,4,不属于指南允许的基础原生食材类别
4732,蛋糕混合粉,4,烘焙或乳制加工食品
4733,麻辣鲜粉,4,不属于指南允许的基础原生食材类别
4734,浓红茶,4,饮料、酒类或乳制品不属于本版核心原生食材
4735,容器大小水,4,工具、包装或操作说明
4736,感受,4,不属于指南允许的基础原生食材类别
4737,刷面包表面鸡蛋,4,工具、包装或操作说明
4738,位置水,4,不属于指南允许的基础原生食材类别
4739,包装牛奶,4,饮料、酒类或乳制品不属于本版核心原生食材
4740,三三三倍酸奶,4,饮料、酒类或乳制品不属于本版核心原生食材
4741,番茄沙拉,4,成品、半成品或加工食品
4742,冰茶,4,饮料、酒类或乳制品不属于本版核心原生食材
4743,多少个土豆,4,数量或单位残留且无法可靠恢复原食材
4744,涮火锅食材,4,不属于指南允许的基础原生食材类别
4745,百花蜜,4,不属于指南允许的基础原生食材类别
4746,新鲜时蔬,4,不属于指南允许的基础原生食材类别
4747,大碗面粉,4,成品、半成品或加工食品
4748,布裱花袋,4,工具、包装或操作说明
4749,黄油牛奶,4,烘焙或乳制加工食品
4750,减少,4,不属于指南允许的基础原生食材类别
4751,多加水,4,不属于指南允许的基础原生食材类别
4752,是多少,4,数量或单位残留且无法可靠恢复原食材
4753,较大,4,不属于指南允许的基础原生食材类别
4754,剩汤,4,不属于指南允许的基础原生食材类别
4755,五十铃抹茶,4,饮料、酒类或乳制品不属于本版核心原生食材
4756,多少吐司,4,烘焙或乳制加工食品
4757,电动奶泡器,4,不属于指南允许的基础原生食材类别
4758,淘宝买,4,不属于指南允许的基础原生食材类别
4759,威化,4,不属于指南允许的基础原生食材类别
4760,之间,4,不属于指南允许的基础原生食材类别
4761,我加了水,4,不属于指南允许的基础原生食材类别
4762,能量,4,不属于指南允许的基础原生食材类别
4763,打成泥,4,不属于指南允许的基础原生食材类别
4764,美好时光海苔,4,成品、半成品或加工食品
4765,也没关系,4,不属于指南允许的基础原生食材类别
4766,多少大蒜,4,数量或单位残留且无法可靠恢复原食材
4767,茨粉,4,不属于指南允许的基础原生食材类别
4768,吸水性不一样,4,不属于指南允许的基础原生食材类别
4769,模一个,4,数量或单位残留且无法可靠恢复原食材
4770,水备,4,不属于指南允许的基础原生食材类别
4771,瘦肉火腿,4,加工肉制品
4772,茶泡饭料,4,不属于指南允许的基础原生食材类别
4773,粉」,4,不属于指南允许的基础原生食材类别
4774,子低筋面粉,4,成品、半成品或加工食品
4775,上一道高筋面包粉,4,烘焙或乳制加工食品
4776,伴碟,4,不属于指南允许的基础原生食材类别
4777,干腊肉,4,加工肉制品
4778,家里没,4,不属于指南允许的基础原生食材类别
4779,新良,4,不属于指南允许的基础原生食材类别
4780,牛奶混合物,4,饮料、酒类或乳制品不属于本版核心原生食材
4781,舒可曼,4,不属于指南允许的基础原生食材类别
4782,密封瓶子,4,不属于指南允许的基础原生食材类别
4783,多少放多少豆渣,4,成品、半成品或加工食品
4784,鱼豆腐鱼丸,4,豆制品或淀粉制品（严格模式排除）
4785,海底捞干锅料,4,不属于指南允许的基础原生食材类别
4786,红乳,4,不属于指南允许的基础原生食材类别
4787,多温水,4,不属于指南允许的基础原生食材类别
4788,甜塔皮,4,不属于指南允许的基础原生食材类别
4789,葡萄干面包,4,烘焙或乳制加工食品
4790,美丽心情,4,不属于指南允许的基础原生食材类别
4791,头咸菜,4,成品、半成品或加工食品
4792,几人份面条,4,成品、半成品或加工食品
4793,黄萝卜咸菜,4,成品、半成品或加工食品
4794,豆腐嫩豆腐,4,豆制品或淀粉制品（严格模式排除）
4795,我买了钱,4,不属于指南允许的基础原生食材类别
4796,培根培根,4,加工肉制品
4797,鸡蛋量牛奶,4,饮料、酒类或乳制品不属于本版核心原生食材
4798,是牛奶,4,饮料、酒类或乳制品不属于本版核心原生食材
4799,一遍,4,不属于指南允许的基础原生食材类别
4800,形状,4,不属于指南允许的基础原生食材类别
4801,多少吧,4,数量或单位残留且无法可靠恢复原食材
4802,面包面包,4,烘焙或乳制加工食品
4803,鸡蛋量面粉,4,成品、半成品或加工食品
4804,文字,4,不属于指南允许的基础原生食材类别
4805,生活态度,4,不属于指南允许的基础原生食材类别
4806,白巧慕斯,4,成品、半成品或加工食品
4807,粉高筋面粉,4,成品、半成品或加工食品
4808,胡蘿蔔絲,4,不属于指南允许的基础原生食材类别
4809,戚风蛋糕方子,4,烘焙或乳制加工食品
4810,泡椒泡椒,4,成品、半成品或加工食品
4811,没过金桔水,4,不属于指南允许的基础原生食材类别
4812,成水,4,不属于指南允许的基础原生食材类别
4813,朵雪耳,4,不属于指南允许的基础原生食材类别
4814,多少只鸡爪,4,数量或单位残留且无法可靠恢复原食材
4815,人数而定面粉,4,成品、半成品或加工食品
4816,蓝纹乳酪,4,不属于指南允许的基础原生食材类别
4817,八宝粥米,4,成品、半成品或加工食品
4818,几片培根,4,加工肉制品
4819,材料』,4,不属于指南允许的基础原生食材类别
4820,没称过,4,不属于指南允许的基础原生食材类别
4821,酸奶冰淇淋,4,成品、半成品或加工食品
4822,子饭,4,不属于指南允许的基础原生食材类别
4823,味牛扎饼干,4,烘焙或乳制加工食品
4824,白面包粉,4,烘焙或乳制加工食品
4825,巧克力排,4,烘焙或乳制加工食品
4826,粉和抹茶粉,4,成品、半成品或加工食品
4827,各种果仁果干,4,成品、半成品或加工食品
4828,辣火锅料,4,不属于指南允许的基础原生食材类别
4829,美好,4,不属于指南允许的基础原生食材类别
4830,多少紫菜,4,数量或单位残留且无法可靠恢复原食材
4831,三角,4,不属于指南允许的基础原生食材类别
4832,起酥面包,4,烘焙或乳制加工食品
4833,香蕉蛋糕,4,烘焙或乳制加工食品
4834,外加,4,不属于指南允许的基础原生食材类别
4835,味儿,4,不属于指南允许的基础原生食材类别
4836,一磅,4,不属于指南允许的基础原生食材类别
4837,酱混合,4,不属于指南允许的基础原生食材类别
4838,料料,4,不属于指南允许的基础原生食材类别
4839,分开,4,不属于指南允许的基础原生食材类别
4840,备哦,4,不属于指南允许的基础原生食材类别
4841,大棒骨,4,不属于指南允许的基础原生食材类别
4842,粉蛋糕粉,4,烘焙或乳制加工食品
4843,进去,4,不属于指南允许的基础原生食材类别
4844,奶油体,4,烘焙或乳制加工食品
4845,子纯净水,4,不属于指南允许的基础原生食材类别
4846,汤罐头,4,成品、半成品或加工食品
4847,多少鱼,4,数量或单位残留且无法可靠恢复原食材
4848,一种水果,4,不属于指南允许的基础原生食材类别
4849,意大利麵,4,不属于指南允许的基础原生食材类别
4850,饼原料,4,不属于指南允许的基础原生食材类别
4851,棵苦菊,4,不属于指南允许的基础原生食材类别
4852,功能烤箱,4,不属于指南允许的基础原生食材类别
4853,食材』,4,不属于指南允许的基础原生食材类别
4854,甜度炼乳,4,烘焙或乳制加工食品
4855,下牛奶,4,饮料、酒类或乳制品不属于本版核心原生食材
4856,研磨器,4,不属于指南允许的基础原生食材类别
4857,橄榄果,4,不属于指南允许的基础原生食材类别
4858,海苔脆片,4,成品、半成品或加工食品
4859,进步,4,不属于指南允许的基础原生食材类别
4860,泡过葡萄干,4,成品、半成品或加工食品
4861,丸子豆腐,4,豆制品或淀粉制品（严格模式排除）
4862,料大料,4,不属于指南允许的基础原生食材类别
4863,按个人,4,不属于指南允许的基础原生食材类别
4864,浓浆,4,不属于指南允许的基础原生食材类别
4865,多少米粉,4,成品、半成品或加工食品
4866,过燕窝纯净水,4,不属于指南允许的基础原生食材类别
4867,燕麦酸奶,4,饮料、酒类或乳制品不属于本版核心原生食材
4868,里水果,4,不属于指南允许的基础原生食材类别
4869,开放式三明治,4,不属于指南允许的基础原生食材类别
4870,食材包,4,不属于指南允许的基础原生食材类别
4871,味」,4,不属于指南允许的基础原生食材类别
4872,半指水,4,不属于指南允许的基础原生食材类别
4873,猪肉香肠,4,加工肉制品
4874,牛奶布丁层,4,成品、半成品或加工食品
4875,硬面包,4,烘焙或乳制加工食品
4876,多少意面,4,数量或单位残留且无法可靠恢复原食材
4877,剩下豆渣,4,成品、半成品或加工食品
4878,汤量水,4,不属于指南允许的基础原生食材类别
4879,啫喱,4,不属于指南允许的基础原生食材类别
4880,陶瓷容器,4,工具、包装或操作说明
4881,多少饺子,4,成品、半成品或加工食品
4882,研磨咖啡粉,4,饮料、酒类或乳制品不属于本版核心原生食材
4883,米一把,4,数量或单位残留且无法可靠恢复原食材
4884,果冻食材,4,不属于指南允许的基础原生食材类别
4885,面粉中筋面粉,4,成品、半成品或加工食品
4886,蛋糕可可粉,4,烘焙或乳制加工食品
4887,小餐包,4,不属于指南允许的基础原生食材类别
4888,各黑,4,不属于指南允许的基础原生食材类别
4889,多少芒果,4,数量或单位残留且无法可靠恢复原食材
4890,慕斯圈,4,成品、半成品或加工食品
4891,味冰皮月饼预拌粉,4,成品、半成品或加工食品
4892,希腊,4,不属于指南允许的基础原生食材类别
4893,香兰,4,不属于指南允许的基础原生食材类别
4894,卤粉,4,不属于指南允许的基础原生食材类别
4895,青柠叶,4,不属于指南允许的基础原生食材类别
4896,杂果,4,不属于指南允许的基础原生食材类别
4897,鳄鱼肉干,4,加工肉制品
4898,枇杷叶,4,不属于指南允许的基础原生食材类别
4899,红茶水,4,不属于指南允许的基础原生食材类别
4900,成熟香蕉,4,成品、半成品或加工食品
4901,城北年糕,4,成品、半成品或加工食品
4902,泡打,4,不属于指南允许的基础原生食材类别
4903,包浆豆腐,4,豆制品或淀粉制品（严格模式排除）
4904,改良剂,4,不属于指南允许的基础原生食材类别
4905,草莓牛奶,4,饮料、酒类或乳制品不属于本版核心原生食材
4906,干油酥,4,不属于指南允许的基础原生食材类别
4907,韩国海苔,4,成品、半成品或加工食品
4908,一双手,4,不属于指南允许的基础原生食材类别
4909,熟板栗,4,成品、半成品或加工食品
4910,梅花,4,不属于指南允许的基础原生食材类别
4911,高精面粉,4,成品、半成品或加工食品
4912,咸蛋黄粉,4,成品、半成品或加工食品
4913,乳酪糊,4,不属于指南允许的基础原生食材类别
4914,雞腿,4,不属于指南允许的基础原生食材类别
4915,低分,4,不属于指南允许的基础原生食材类别
4916,薄皮核桃,4,不属于指南允许的基础原生食材类别
4917,摩卡咖啡,4,饮料、酒类或乳制品不属于本版核心原生食材
4918,法棒,4,不属于指南允许的基础原生食材类别
4919,杏仁蛋糕体,4,烘焙或乳制加工食品
4920,熟豆浆,4,成品、半成品或加工食品
4921,面包专粉,4,烘焙或乳制加工食品
4922,披萨奶酪,4,烘焙或乳制加工食品
4923,咸蛋清,4,成品、半成品或加工食品
4924,奶油蘑菇汤,4,烘焙或乳制加工食品
4925,梅干,4,不属于指南允许的基础原生食材类别
4926,铁观音茶,4,饮料、酒类或乳制品不属于本版核心原生食材
4927,斑斓精华,4,不属于指南允许的基础原生食材类别
4928,标准面粉,4,成品、半成品或加工食品
4929,酥粒料,4,不属于指南允许的基础原生食材类别
4930,皮水,4,不属于指南允许的基础原生食材类别
4931,火锅汤,4,不属于指南允许的基础原生食材类别
4932,熟南瓜子,4,成品、半成品或加工食品
4933,饼干层,4,烘焙或乳制加工食品
4934,玉米粥,4,成品、半成品或加工食品
4935,面包卷,4,烘焙或乳制加工食品
4936,食材区,4,不属于指南允许的基础原生食材类别
4937,草莓奶酪,4,烘焙或乳制加工食品
4938,肉松小贝,4,加工肉制品
4939,包子皮,4,成品、半成品或加工食品
4940,也行,4,不属于指南允许的基础原生食材类别
4941,度温开水,3,不属于指南允许的基础原生食材类别
4942,没过食材水,3,不属于指南允许的基础原生食材类别
4943,审美,3,不属于指南允许的基础原生食材类别
4944,奶酪条,3,烘焙或乳制加工食品
4945,油酥面粉,3,成品、半成品或加工食品
4946,不剥皮大蒜,3,不属于指南允许的基础原生食材类别
4947,酸奶引子,3,饮料、酒类或乳制品不属于本版核心原生食材
4948,熏干,3,不属于指南允许的基础原生食材类别
4949,芝士碎片芝士,3,烘焙或乳制加工食品
4950,薄皮椒,3,不属于指南允许的基础原生食材类别
4951,数张饺子皮,3,成品、半成品或加工食品
4952,抗性精糊,3,不属于指南允许的基础原生食材类别
4953,稠原味酸奶,3,饮料、酒类或乳制品不属于本版核心原生食材
4954,刷面包全蛋液,3,工具、包装或操作说明
4955,蛋塔皮,3,不属于指南允许的基础原生食材类别
4956,果珍,3,不属于指南允许的基础原生食材类别
4957,帕尔玛芝士,3,烘焙或乳制加工食品
4958,熟牛肚,3,成品、半成品或加工食品
4959,法国粉,3,不属于指南允许的基础原生食材类别
4960,莫斯利安酸奶,3,饮料、酒类或乳制品不属于本版核心原生食材
4961,奥利奥巧轻脆,3,不属于指南允许的基础原生食材类别
4962,白土司,3,不属于指南允许的基础原生食材类别
4963,少量面粉,3,成品、半成品或加工食品
4964,卤豆腐,3,豆制品或淀粉制品（严格模式排除）
4965,没限制,3,不属于指南允许的基础原生食材类别
4966,后全麦面粉,3,成品、半成品或加工食品
4967,澄面粉,3,成品、半成品或加工食品
4968,党参黄芪,3,不属于指南允许的基础原生食材类别
4969,草寇,3,不属于指南允许的基础原生食材类别
4970,白寇,3,不属于指南允许的基础原生食材类别
4971,雀巢鹰唛炼奶,3,饮料、酒类或乳制品不属于本版核心原生食材
4972,盆里,3,不属于指南允许的基础原生食材类别
4973,动力,3,不属于指南允许的基础原生食材类别
4974,甜咸,3,不属于指南允许的基础原生食材类别
4975,来定水,3,不属于指南允许的基础原生食材类别
4976,蒲公英,3,不属于指南允许的基础原生食材类别
4977,干凉皮,3,不属于指南允许的基础原生食材类别
4978,米豆腐,3,豆制品或淀粉制品（严格模式排除）
4979,巧克力内馅,3,烘焙或乳制加工食品
4980,白芍,3,不属于指南允许的基础原生食材类别
4981,信心,3,不属于指南允许的基础原生食材类别
4982,食鹽,3,不属于指南允许的基础原生食材类别
4983,多少就多少瘦肉,3,数量或单位残留且无法可靠恢复原食材
4984,山药去皮,3,不属于指南允许的基础原生食材类别
4985,融化黑巧克力,3,烘焙或乳制加工食品
4986,灯心草,3,不属于指南允许的基础原生食材类别
4987,蔬菜肉丸,3,成品、半成品或加工食品
4988,蒲烧烤鳗,3,不属于指南允许的基础原生食材类别
4989,稻草,3,不属于指南允许的基础原生食材类别
4990,椰蓉粉,3,不属于指南允许的基础原生食材类别
4991,面包渣,3,烘焙或乳制加工食品
4992,甘纳许夹心,3,不属于指南允许的基础原生食材类别
4993,树莓果茸,3,不属于指南允许的基础原生食材类别
4994,刻刀,3,不属于指南允许的基础原生食材类别
4995,麻辣味,3,不属于指南允许的基础原生食材类别
4996,李锦记番茄沙司,3,成品、半成品或加工食品
4997,糕点小麦粉,3,不属于指南允许的基础原生食材类别
4998,蚝仔,3,不属于指南允许的基础原生食材类别
4999,苕粉,3,不属于指南允许的基础原生食材类别
5000,速冻食品,3,不属于指南允许的基础原生食材类别
5001,野生刺参,3,不属于指南允许的基础原生食材类别
5002,普粉,3,不属于指南允许的基础原生食材类别
5003,开水一壶,3,不属于指南允许的基础原生食材类别
5004,耐高温玻璃瓶,3,不属于指南允许的基础原生食材类别
5005,升水,3,不属于指南允许的基础原生食材类别
5006,斑兰叶,3,不属于指南允许的基础原生食材类别
5007,网筛,3,不属于指南允许的基础原生食材类别
5008,半截,3,不属于指南允许的基础原生食材类别
5009,咖啡浓缩液,3,饮料、酒类或乳制品不属于本版核心原生食材
5010,泡好奶粉,3,烘焙或乳制加工食品
5011,节甘蔗,3,不属于指南允许的基础原生食材类别
5012,豉油皇,3,不属于指南允许的基础原生食材类别
5013,冰冻矿泉水,3,不属于指南允许的基础原生食材类别
5014,剥皮辣椒,3,不属于指南允许的基础原生食材类别
5015,焖烧罐,3,不属于指南允许的基础原生食材类别
5016,莜面粉,3,成品、半成品或加工食品
5017,陳皮,3,不属于指南允许的基础原生食材类别
5018,面粉吸水量水,3,成品、半成品或加工食品
5019,速溶吉士粉,3,不属于指南允许的基础原生食材类别
5020,干肠,3,成品、半成品或加工食品
5021,王后日式吐司粉,3,烘焙或乳制加工食品
5022,棵酸菜,3,成品、半成品或加工食品
5023,方形蛋糕胚,3,烘焙或乳制加工食品
5024,鹅肠,3,成品、半成品或加工食品
5025,金像高筋面粉,3,成品、半成品或加工食品
5026,朱古力,3,不属于指南允许的基础原生食材类别
5027,图一,3,不属于指南允许的基础原生食材类别
5028,泰国青柠,3,不属于指南允许的基础原生食材类别
5029,白凉粉粉,3,不属于指南允许的基础原生食材类别
5030,红衣花生,3,不属于指南允许的基础原生食材类别
5031,就好辣白菜,3,不属于指南允许的基础原生食材类别
5032,炙甘草,3,不属于指南允许的基础原生食材类别
5033,鱼肚,3,不属于指南允许的基础原生食材类别
5034,小茴,3,不属于指南允许的基础原生食材类别
5035,黄油融化,3,烘焙或乳制加工食品
5036,奥利奥樱花饼干,3,烘焙或乳制加工食品
5037,饰品,3,不属于指南允许的基础原生食材类别
5038,情趣,3,不属于指南允许的基础原生食材类别
5039,奥尔良烧烤料,3,不属于指南允许的基础原生食材类别
5040,海底捞火锅料,3,不属于指南允许的基础原生食材类别
5041,奇福饼干,3,烘焙或乳制加工食品
5042,熟紫薯泥,3,成品、半成品或加工食品
5043,支竹,3,不属于指南允许的基础原生食材类别
5044,谷优饼干,3,烘焙或乳制加工食品
5045,刷表面蛋黄,3,工具、包装或操作说明
5046,熟薏米,3,成品、半成品或加工食品
5047,鲜土茯苓,3,不属于指南允许的基础原生食材类别
5048,味切片面包,3,烘焙或乳制加工食品
5049,低面粉,3,成品、半成品或加工食品
5050,金锣火腿肠,3,加工肉制品
5051,素丸,3,不属于指南允许的基础原生食材类别
5052,法芙娜黑巧克力,3,烘焙或乳制加工食品
5053,见图一,3,不属于指南允许的基础原生食材类别
5054,云南酸菜,3,成品、半成品或加工食品
5055,自己口味调整,3,不属于指南允许的基础原生食材类别
5056,白茅根,3,不属于指南允许的基础原生食材类别
5057,烘培纸,3,不属于指南允许的基础原生食材类别
5058,自己吃,3,不属于指南允许的基础原生食材类别
5059,麻食,3,不属于指南允许的基础原生食材类别
5060,黄油小块,3,烘焙或乳制加工食品
5061,1⁄4个洋葱,3,数量或单位残留且无法可靠恢复原食材
5062,戚风底,3,不属于指南允许的基础原生食材类别
5063,树皮,3,不属于指南允许的基础原生食材类别
5064,灌肠器,3,不属于指南允许的基础原生食材类别
5065,德国酸菜,3,成品、半成品或加工食品
5066,准备咸蛋黄,3,成品、半成品或加工食品
5067,湖头米粉,3,成品、半成品或加工食品
5068,陈肾,3,不属于指南允许的基础原生食材类别
5069,王中王火腿,3,加工肉制品
5070,可可味滋滋,3,不属于指南允许的基础原生食材类别
5071,桔梗,3,不属于指南允许的基础原生食材类别
5072,我没加,3,不属于指南允许的基础原生食材类别
5073,天然矿泉水,3,不属于指南允许的基础原生食材类别
5074,绵羊奶酪,3,烘焙或乳制加工食品
5075,布里芝士,3,烘焙或乳制加工食品
5076,一盏燕窝,3,不属于指南允许的基础原生食材类别
5077,剔骨刀,3,不属于指南允许的基础原生食材类别
5078,盆面粉,3,成品、半成品或加工食品
5079,黄油饼干底,3,烘焙或乳制加工食品
5080,培根卷,3,加工肉制品
5081,麻姑米粉,3,成品、半成品或加工食品
5082,直径圆模,3,不属于指南允许的基础原生食材类别
5083,奶油饼干,3,烘焙或乳制加工食品
5084,西班牙火腿,3,加工肉制品
5085,植物油少量,3,不属于指南允许的基础原生食材类别
5086,灵魂蘸料,3,不属于指南允许的基础原生食材类别
5087,雀巢奶粉,3,烘焙或乳制加工食品
5088,纯肋排,3,不属于指南允许的基础原生食材类别
5089,红茶红茶,3,饮料、酒类或乳制品不属于本版核心原生食材
5090,熟面条,3,成品、半成品或加工食品
5091,千禧,3,不属于指南允许的基础原生食材类别
5092,鲜竹叶,3,不属于指南允许的基础原生食材类别
5093,炸拌海苔,3,成品、半成品或加工食品
5094,你手,3,不属于指南允许的基础原生食材类别
5095,紫草,3,不属于指南允许的基础原生食材类别
5096,简单食材,3,不属于指南允许的基础原生食材类别
5097,挞液,3,不属于指南允许的基础原生食材类别
5098,任意果干,3,成品、半成品或加工食品
5099,鲜水果,3,不属于指南允许的基础原生食材类别
5100,酸乳,3,不属于指南允许的基础原生食材类别
5101,石屏豆皮,3,豆制品或淀粉制品（严格模式排除）
5102,蛋糕屑,3,烘焙或乳制加工食品
5103,味琳,3,不属于指南允许的基础原生食材类别
5104,腥味,3,不属于指南允许的基础原生食材类别
5105,味拌饭海苔,3,成品、半成品或加工食品
5106,子面包糠,3,烘焙或乳制加工食品
5107,白菜酸菜,3,成品、半成品或加工食品
5108,大列巴,3,不属于指南允许的基础原生食材类别
5109,成椰浆,3,饮料、酒类或乳制品不属于本版核心原生食材
5110,金牌高达椰浆,3,饮料、酒类或乳制品不属于本版核心原生食材
5111,星牌马蹄粉,3,不属于指南允许的基础原生食材类别
5112,安佳马苏里拉芝士,3,烘焙或乳制加工食品
5113,越多越好芝士,3,烘焙或乳制加工食品
5114,干海米,3,成品、半成品或加工食品
5115,高钙奶粉,3,烘焙或乳制加工食品
5116,高乐高,3,不属于指南允许的基础原生食材类别
5117,冰块儿,3,不属于指南允许的基础原生食材类别
5118,低精面粉,3,成品、半成品或加工食品
5119,寸戚风,3,不属于指南允许的基础原生食材类别
5120,饼干渣,3,烘焙或乳制加工食品
5121,几克葱花,3,数量或单位残留且无法可靠恢复原食材
5122,淮山干,3,不属于指南允许的基础原生食材类别
5123,多少放多少杏鲍菇,3,数量或单位残留且无法可靠恢复原食材
5124,吉利粉,3,不属于指南允许的基础原生食材类别
5125,辣香肠,3,加工肉制品
5126,冬蜜,3,不属于指南允许的基础原生食材类别
5127,柠檬柠檬皮,3,不属于指南允许的基础原生食材类别
5128,西瓜瓜皮西瓜皮,3,不属于指南允许的基础原生食材类别
5129,海兔,3,不属于指南允许的基础原生食材类别
5130,鲮鱼滑,3,成品、半成品或加工食品
5131,锅热水,3,不属于指南允许的基础原生食材类别
5132,云腿,3,不属于指南允许的基础原生食材类别
5133,妈妈做,3,不属于指南允许的基础原生食材类别
5134,薄脆饼底,3,不属于指南允许的基础原生食材类别
5135,慕斯食材,3,成品、半成品或加工食品
5136,冷馒头,3,成品、半成品或加工食品
5137,多少放多少五花肉,3,数量或单位残留且无法可靠恢复原食材
5138,黄柠檬皮,3,不属于指南允许的基础原生食材类别
5139,永和豆浆粉,3,成品、半成品或加工食品
5140,种巧克力,3,烘焙或乳制加工食品
5141,烘培奶粉,3,烘焙或乳制加工食品
5142,脂肪,3,不属于指南允许的基础原生食材类别
5143,德运脱脂奶粉,3,烘焙或乳制加工食品
5144,油皮料,3,不属于指南允许的基础原生食材类别
5145,燕皮,3,不属于指南允许的基础原生食材类别
5146,趣多多饼干,3,烘焙或乳制加工食品
5147,动手,3,不属于指南允许的基础原生食材类别
5148,馅料料,3,不属于指南允许的基础原生食材类别
5149,小笼包,3,不属于指南允许的基础原生食材类别
5150,芝士马苏里拉芝士,3,烘焙或乳制加工食品
5151,子奶粉,3,烘焙或乳制加工食品
5152,色欧克皮,3,不属于指南允许的基础原生食材类别
5153,生蠔,3,不属于指南允许的基础原生食材类别
5154,谷物面粉,3,成品、半成品或加工食品
5155,金丝皇菊,3,不属于指南允许的基础原生食材类别
5156,千层饼,3,不属于指南允许的基础原生食材类别
5157,芬达,3,不属于指南允许的基础原生食材类别
5158,爱吃食材,3,不属于指南允许的基础原生食材类别
5159,玉米皮,3,不属于指南允许的基础原生食材类别
5160,定意大利面,3,成品、半成品或加工食品
5161,水洗红豆沙,3,成品、半成品或加工食品
5162,拇指饼干,3,烘焙或乳制加工食品
5163,水磨粘米粉,3,成品、半成品或加工食品
5164,鸡蛋加牛奶,3,饮料、酒类或乳制品不属于本版核心原生食材
5165,口袋饼,3,不属于指南允许的基础原生食材类别
5166,水果类,3,不属于指南允许的基础原生食材类别
5167,基地,3,不属于指南允许的基础原生食材类别
5168,川宁红茶,3,饮料、酒类或乳制品不属于本版核心原生食材
5169,澱粉,3,不属于指南允许的基础原生食材类别
5170,萄葡干,3,不属于指南允许的基础原生食材类别
5171,牛奶红豆馅,3,饮料、酒类或乳制品不属于本版核心原生食材
5172,圆形蛋糕胚,3,烘焙或乳制加工食品
5173,特仑苏,3,不属于指南允许的基础原生食材类别
5174,定牙签,3,工具、包装或操作说明
5175,炒炖香,3,不属于指南允许的基础原生食材类别
5176,自己量米饭,3,成品、半成品或加工食品
5177,少量可可粉,3,成品、半成品或加工食品
5178,纯咖啡粉,3,饮料、酒类或乳制品不属于本版核心原生食材
5179,蓝多马苏里拉奶酪,3,烘焙或乳制加工食品
5180,可可脂白巧克力,3,烘焙或乳制加工食品
5181,血肠,3,成品、半成品或加工食品
5182,杏仁葡萄干,3,成品、半成品或加工食品
5183,面团一个,3,数量或单位残留且无法可靠恢复原食材
5184,山茶花面粉,3,成品、半成品或加工食品
5185,饼皮料,3,不属于指南允许的基础原生食材类别
5186,壶热水,3,不属于指南允许的基础原生食材类别
5187,澳芒,3,不属于指南允许的基础原生食材类别
5188,芝士蛋糕底,3,烘焙或乳制加工食品
5189,奥利奥夹馅,3,不属于指南允许的基础原生食材类别
5190,°C温水,3,不属于指南允许的基础原生食材类别
5191,泡软葡萄干,3,成品、半成品或加工食品
5192,披萨烤盘,3,工具、包装或操作说明
5193,很熟香蕉,3,成品、半成品或加工食品
5194,速冻蛋挞皮,3,成品、半成品或加工食品
5195,脆粒,3,不属于指南允许的基础原生食材类别
5196,甜馅,3,不属于指南允许的基础原生食材类别
5197,各种,3,不属于指南允许的基础原生食材类别
5198,柔风,3,不属于指南允许的基础原生食材类别
5199,佳乐椰浆,3,饮料、酒类或乳制品不属于本版核心原生食材
5200,面包料,3,烘焙或乳制加工食品
5201,半面粉,3,成品、半成品或加工食品
5202,浓咖啡粉,3,饮料、酒类或乳制品不属于本版核心原生食材
5203,米面粉,3,成品、半成品或加工食品
5204,杂粮煎饼粉,3,不属于指南允许的基础原生食材类别
5205,山黄皮,3,不属于指南允许的基础原生食材类别
5206,锅一半水,3,不属于指南允许的基础原生食材类别
5207,白巧克力笔,3,烘焙或乳制加工食品
5208,西式火腿,3,加工肉制品
5209,师傅,3,不属于指南允许的基础原生食材类别
5210,码味,3,不属于指南允许的基础原生食材类别
5211,温水水,3,不属于指南允许的基础原生食材类别
5212,洋参,3,不属于指南允许的基础原生食材类别
5213,田七,3,不属于指南允许的基础原生食材类别
5214,中劲面粉,3,成品、半成品或加工食品
5215,土鸡半只,3,数量或单位残留且无法可靠恢复原食材
5216,灌肠,3,成品、半成品或加工食品
5217,金色烤盘,3,工具、包装或操作说明
5218,蹄筋,3,不属于指南允许的基础原生食材类别
5219,箬叶,3,不属于指南允许的基础原生食材类别
5220,胡萝卜干,3,成品、半成品或加工食品
5221,英式马芬,3,不属于指南允许的基础原生食材类别
5222,张豆腐衣,3,豆制品或淀粉制品（严格模式排除）
5223,麻糬,3,不属于指南允许的基础原生食材类别
5224,椰浆层,3,饮料、酒类或乳制品不属于本版核心原生食材
5225,简易版,3,不属于指南允许的基础原生食材类别
5226,芫荽籽粉,3,不属于指南允许的基础原生食材类别
5227,粗粮饭,3,不属于指南允许的基础原生食材类别
5228,二段婴儿奶粉,3,烘焙或乳制加工食品
5229,泥肠,3,成品、半成品或加工食品
5230,硬豆腐,3,豆制品或淀粉制品（严格模式排除）
5231,大茴,3,不属于指南允许的基础原生食材类别
5232,泡椒泡生姜,3,成品、半成品或加工食品
5233,六连模,3,不属于指南允许的基础原生食材类别
5234,准备容器,3,工具、包装或操作说明
5235,草莓甜菜面粉,3,成品、半成品或加工食品
5236,活跃天然酵种,3,不属于指南允许的基础原生食材类别
5237,绿西米,3,成品、半成品或加工食品
5238,汤汁儿,3,不属于指南允许的基础原生食材类别
5239,饭碗水,3,不属于指南允许的基础原生食材类别
5240,老酸奶酸奶,3,饮料、酒类或乳制品不属于本版核心原生食材
5241,克茶叶,3,饮料、酒类或乳制品不属于本版核心原生食材
5242,红茶奶冻,3,不属于指南允许的基础原生食材类别
5243,乡村奶酪,3,烘焙或乳制加工食品
5244,香豆干,3,豆制品或淀粉制品（严格模式排除）
5245,月饼模,3,成品、半成品或加工食品
5246,果冻夹心,3,不属于指南允许的基础原生食材类别
5247,多少根牙签,3,工具、包装或操作说明
5248,剩米饭米饭,3,成品、半成品或加工食品
5249,度矿泉水,3,不属于指南允许的基础原生食材类别
5250,容量玻璃罐,3,不属于指南允许的基础原生食材类别
5251,面粉面包糠,3,烘焙或乳制加工食品
5252,多味香粉,3,不属于指南允许的基础原生食材类别
5253,牌腊肠,3,成品、半成品或加工食品
5254,婴幼儿奶粉,3,烘焙或乳制加工食品
5255,猪肉酥,3,成品、半成品或加工食品
5256,层马苏里拉芝士碎,3,烘焙或乳制加工食品
5257,海绵蛋糕配方,3,烘焙或乳制加工食品
5258,维他奶,3,饮料、酒类或乳制品不属于本版核心原生食材
5259,味干酪,3,不属于指南允许的基础原生食材类别
5260,纯甄酸牛奶,3,饮料、酒类或乳制品不属于本版核心原生食材
5261,小食,3,不属于指南允许的基础原生食材类别
5262,农夫山泉矿泉水,3,不属于指南允许的基础原生食材类别
5263,台破壁机,3,不属于指南允许的基础原生食材类别
5264,冠利酸菜,3,成品、半成品或加工食品
5265,千张切丝,3,豆制品或淀粉制品（严格模式排除）
5266,油豆泡,3,成品、半成品或加工食品
5267,益母草,3,不属于指南允许的基础原生食材类别
5268,芦荟,3,不属于指南允许的基础原生食材类别
5269,绿葡萄干,3,成品、半成品或加工食品
5270,流沙馅,3,不属于指南允许的基础原生食材类别
5271,玉米热狗肠,3,成品、半成品或加工食品
5272,脆皮底,3,不属于指南允许的基础原生食材类别
5273,甜酸奶,3,饮料、酒类或乳制品不属于本版核心原生食材
5274,子半斤,3,数量或单位残留且无法可靠恢复原食材
5275,香肠火腿肠,3,加工肉制品
5276,鹿茸,3,不属于指南允许的基础原生食材类别
5277,脆哨,3,不属于指南允许的基础原生食材类别
5278,馍馍,3,不属于指南允许的基础原生食材类别
5279,螺丝型意大利面,3,成品、半成品或加工食品
5280,电炖盅,3,不属于指南允许的基础原生食材类别
5281,龙井,3,不属于指南允许的基础原生食材类别
5282,金骏眉红茶,3,饮料、酒类或乳制品不属于本版核心原生食材
5283,牛奶一袋,3,饮料、酒类或乳制品不属于本版核心原生食材
5284,麻辣料,3,不属于指南允许的基础原生食材类别
5285,三道鳞,3,不属于指南允许的基础原生食材类别
5286,泡椒剁碎,3,成品、半成品或加工食品
5287,红薯芋圆,3,成品、半成品或加工食品
5288,紫薯芋圆,3,成品、半成品或加工食品
5289,南瓜量糯米粉,3,成品、半成品或加工食品
5290,水一小盆,3,不属于指南允许的基础原生食材类别
5291,冰皮月饼,3,成品、半成品或加工食品
5292,咖啡溶液,3,饮料、酒类或乳制品不属于本版核心原生食材
5293,马里拉苏芝士,3,烘焙或乳制加工食品
5294,披萨馅,3,成品、半成品或加工食品
5295,熟坚果,3,成品、半成品或加工食品
5296,蓝莓果干,3,成品、半成品或加工食品
5297,糯米粉炒熟,3,工具、包装或操作说明
5298,是关键,3,不属于指南允许的基础原生食材类别
5299,杂果罐头,3,成品、半成品或加工食品
5300,流心,3,不属于指南允许的基础原生食材类别
5301,酒渍蔓越莓干,3,成品、半成品或加工食品
5302,自定义,3,不属于指南允许的基础原生食材类别
5303,见做法香料,3,工具、包装或操作说明
5304,千里香,3,不属于指南允许的基础原生食材类别
5305,熟糙米饭,3,成品、半成品或加工食品
5306,格雷伯爵茶,3,饮料、酒类或乳制品不属于本版核心原生食材
5307,油金枪鱼罐头,3,成品、半成品或加工食品
5308,沙河粉,3,成品、半成品或加工食品
5309,豆腐冻豆腐,3,豆制品或淀粉制品（严格模式排除）
5310,熟亚麻籽粉,3,成品、半成品或加工食品
5311,马芬模,3,不属于指南允许的基础原生食材类别
5312,蒿草,3,不属于指南允许的基础原生食材类别
5313,粉蒸米粉,3,成品、半成品或加工食品
5314,黄油室温软化,3,烘焙或乳制加工食品
5315,蛋糕底层,3,烘焙或乳制加工食品
5316,烧卖皮,3,不属于指南允许的基础原生食材类别
5317,马鞭草,3,不属于指南允许的基础原生食材类别
5318,酸辣汤,3,不属于指南允许的基础原生食材类别
5319,荔枝干,3,不属于指南允许的基础原生食材类别
5320,五香豆皮,3,豆制品或淀粉制品（严格模式排除）
5321,无渣豆浆,3,成品、半成品或加工食品
5322,稠面粉,3,成品、半成品或加工食品
5323,淡味午餐肉,3,加工肉制品
5324,干面皮,3,不属于指南允许的基础原生食材类别
5325,蜜桔,3,不属于指南允许的基础原生食材类别
5326,俄式酸黄瓜,3,成品、半成品或加工食品
5327,什么各种香料,3,不属于指南允许的基础原生食材类别
5328,食言,3,不属于指南允许的基础原生食材类别
5329,熟包子,3,成品、半成品或加工食品
5330,比例清水,3,不属于指南允许的基础原生食材类别
5331,万年青,3,不属于指南允许的基础原生食材类别
5332,味噌汤,3,不属于指南允许的基础原生食材类别
5333,什么面面条,3,成品、半成品或加工食品
5334,猪肉半斤,3,数量或单位残留且无法可靠恢复原食材
5335,水贻,3,不属于指南允许的基础原生食材类别
5336,粉〕,3,不属于指南允许的基础原生食材类别
5337,宝宝海苔,3,成品、半成品或加工食品
5338,碎混合,3,不属于指南允许的基础原生食材类别
5339,香草蛋糕,3,烘焙或乳制加工食品
5340,各色水果,3,不属于指南允许的基础原生食材类别
5341,黄飞鸿花生,3,不属于指南允许的基础原生食材类别
5342,德芙白巧克力,3,烘焙或乳制加工食品
5343,成豆沙,3,成品、半成品或加工食品
5344,长棍面包,3,烘焙或乳制加工食品
5345,方形海苔,3,成品、半成品或加工食品
5346,关东煮,3,不属于指南允许的基础原生食材类别
5347,生咸鸭蛋,3,成品、半成品或加工食品
5348,宁波水磨年糕,3,成品、半成品或加工食品
5349,安幕希,3,不属于指南允许的基础原生食材类别
5350,金像,3,不属于指南允许的基础原生食材类别
5351,皇帝柑,3,不属于指南允许的基础原生食材类别
5352,醬油膏,3,不属于指南允许的基础原生食材类别
5353,去芯,3,不属于指南允许的基础原生食材类别
5354,束粉丝,3,豆制品或淀粉制品（严格模式排除）
5355,养肝草,3,不属于指南允许的基础原生食材类别
5356,奶油芝士馅,3,烘焙或乳制加工食品
5357,汁原料,3,不属于指南允许的基础原生食材类别
5358,比萨草,3,不属于指南允许的基础原生食材类别
5359,透明镜面果胶,3,成品、半成品或加工食品
5360,石笋干,3,成品、半成品或加工食品
5361,地皮菜,3,不属于指南允许的基础原生食材类别
5362,鲜辣味粉,3,不属于指南允许的基础原生食材类别
5363,味啫喱粉,3,不属于指南允许的基础原生食材类别
5364,柳橙皮,3,不属于指南允许的基础原生食材类别
5365,农夫山泉水,3,不属于指南允许的基础原生食材类别
5366,辣泡菜,3,成品、半成品或加工食品
5367,酥底,3,不属于指南允许的基础原生食材类别
5368,卤肥肠,3,成品、半成品或加工食品
5369,硬质奶酪,3,烘焙或乳制加工食品
5370,阳光金果,3,不属于指南允许的基础原生食材类别
5371,升全脂牛奶,3,饮料、酒类或乳制品不属于本版核心原生食材
5372,红花生,3,不属于指南允许的基础原生食材类别
5373,喷砂,3,不属于指南允许的基础原生食材类别
5374,不可可粉,3,成品、半成品或加工食品
5375,味烧烤料,3,不属于指南允许的基础原生食材类别
5376,分蛋海绵蛋糕,3,烘焙或乳制加工食品
5377,生煎包,3,不属于指南允许的基础原生食材类别
5378,咸鸭蛋蛋白,3,成品、半成品或加工食品
5379,拼配茶粉,3,不属于指南允许的基础原生食材类别
5380,一样面粉,3,成品、半成品或加工食品
5381,鲜瑶柱,3,不属于指南允许的基础原生食材类别
5382,黑豆豆腐,3,豆制品或淀粉制品（严格模式排除）
5383,婴儿配方奶粉,3,烘焙或乳制加工食品
5384,粉筛,3,不属于指南允许的基础原生食材类别
5385,虹鳟,3,不属于指南允许的基础原生食材类别
5386,口味定,3,不属于指南允许的基础原生食材类别
5387,盆凉白开,3,不属于指南允许的基础原生食材类别
5388,行芝士碎,3,烘焙或乳制加工食品
5389,慕斯淡奶,3,成品、半成品或加工食品
5390,海绵蛋糕全蛋,3,烘焙或乳制加工食品
5391,海绵蛋糕低粉,3,烘焙或乳制加工食品
5392,中空模,3,不属于指南允许的基础原生食材类别
5393,青海苔,3,成品、半成品或加工食品
5394,状海苔,3,成品、半成品或加工食品
5395,秋刀鱼罐头,3,成品、半成品或加工食品
5396,子排,3,不属于指南允许的基础原生食材类别
5397,迷你蛋挞皮,3,成品、半成品或加工食品
5398,果丹皮,3,不属于指南允许的基础原生食材类别
5399,自磨,3,不属于指南允许的基础原生食材类别
5400,栗子奶油馅,3,烘焙或乳制加工食品
5401,不倒翁煎饼粉,3,不属于指南允许的基础原生食材类别
5402,诚意,3,不属于指南允许的基础原生食材类别
5403,大蔥,3,不属于指南允许的基础原生食材类别
5404,洋蓟心,3,不属于指南允许的基础原生食材类别
5405,马苏里,3,不属于指南允许的基础原生食材类别
5406,智能电饭煲,3,不属于指南允许的基础原生食材类别
5407,青剁椒,3,成品、半成品或加工食品
5408,干辣皮子,3,不属于指南允许的基础原生食材类别
5409,杂烩,3,不属于指南允许的基础原生食材类别
5410,奥利奥夹心饼干,3,烘焙或乳制加工食品
5411,全脂鲜奶,3,饮料、酒类或乳制品不属于本版核心原生食材
5412,饼干体,3,烘焙或乳制加工食品
5413,头尾,3,不属于指南允许的基础原生食材类别
5414,淡牛奶,3,饮料、酒类或乳制品不属于本版核心原生食材
5415,豆腐结,3,豆制品或淀粉制品（严格模式排除）
5416,茶戚风蛋糕胚,3,烘焙或乳制加工食品
5417,一比一水,3,不属于指南允许的基础原生食材类别
5418,香戚风蛋糕,3,烘焙或乳制加工食品
5419,天使蛋糕卷,3,烘焙或乳制加工食品
5420,甜玉米火腿肠,3,加工肉制品
5421,口味牛奶,3,饮料、酒类或乳制品不属于本版核心原生食材
5422,鸡胸肉丸,3,成品、半成品或加工食品
5423,木棉花,3,不属于指南允许的基础原生食材类别
5424,红提干,3,不属于指南允许的基础原生食材类别
5425,香草酸奶,3,饮料、酒类或乳制品不属于本版核心原生食材
5426,一对海马,3,不属于指南允许的基础原生食材类别
5427,胡萝卜面包,3,烘焙或乳制加工食品
5428,也没事,3,不属于指南允许的基础原生食材类别
5429,牛肉培根,3,加工肉制品
5430,定量牛奶,3,饮料、酒类或乳制品不属于本版核心原生食材
5431,藜麦沙拉,3,成品、半成品或加工食品
5432,自己口味酸奶,3,饮料、酒类或乳制品不属于本版核心原生食材
5433,杂粮预拌粉,3,不属于指南允许的基础原生食材类别
5434,橙子量橙皮,3,不属于指南允许的基础原生食材类别
5435,蛋糕磨具,3,烘焙或乳制加工食品
5436,外交官奶馅,3,不属于指南允许的基础原生食材类别
5437,柑普茶,3,饮料、酒类或乳制品不属于本版核心原生食材
5438,巧克力白巧克力,3,烘焙或乳制加工食品
5439,南瓜粥,3,成品、半成品或加工食品
5440,慈城年糕,3,成品、半成品或加工食品
5441,黑洋沙,3,不属于指南允许的基础原生食材类别
5442,谷物面包粉,3,烘焙或乳制加工食品
5443,烘焙奶粉,3,烘焙或乳制加工食品
5444,锅盖,3,不属于指南允许的基础原生食材类别
5445,后水,3,不属于指南允许的基础原生食材类别
5446,咖啡原液,3,饮料、酒类或乳制品不属于本版核心原生食材
5447,芡实粉,3,不属于指南允许的基础原生食材类别
5448,多少克韭菜,3,数量或单位残留且无法可靠恢复原食材
5449,多虾皮,3,成品、半成品或加工食品
5450,绿茶水,3,不属于指南允许的基础原生食材类别
5451,一锅开水,3,不属于指南允许的基础原生食材类别
5452,烟熏鸡肉,3,成品、半成品或加工食品
5453,多少买多少馄饨皮,3,成品、半成品或加工食品
5454,太妃炼乳,3,烘焙或乳制加工食品
5455,面粉少量,3,成品、半成品或加工食品
5456,食量意大利面,3,成品、半成品或加工食品
5457,杂粮煎饼,3,不属于指南允许的基础原生食材类别
5458,鸡皮,3,不属于指南允许的基础原生食材类别
5459,韩国煎饼粉,3,不属于指南允许的基础原生食材类别
5460,多少红豆沙,3,成品、半成品或加工食品
5461,水磨年糕,3,成品、半成品或加工食品
5462,胚芽粥米,3,成品、半成品或加工食品
5463,白鳝,3,不属于指南允许的基础原生食材类别
5464,藜蒿,3,不属于指南允许的基础原生食材类别
5465,团粉丝,3,豆制品或淀粉制品（严格模式排除）
5466,少量面包糠,3,烘焙或乳制加工食品
5467,脆珠,3,不属于指南允许的基础原生食材类别
5468,几朵银耳,3,数量或单位残留且无法可靠恢复原食材
5469,细椰蓉,3,不属于指南允许的基础原生食材类别
5470,少加,3,不属于指南允许的基础原生食材类别
5471,马拉里苏芝士,3,烘焙或乳制加工食品
5472,克冷水,3,不属于指南允许的基础原生食材类别
5473,心鲨鱼丸,3,成品、半成品或加工食品
5474,脆浆粉,3,不属于指南允许的基础原生食材类别
5475,活跃酵种,3,不属于指南允许的基础原生食材类别
5476,各种辅料,3,不属于指南允许的基础原生食材类别
5477,乌龙茶茶叶,3,饮料、酒类或乳制品不属于本版核心原生食材
5478,薄皮辣椒,3,不属于指南允许的基础原生食材类别
5479,细粉干,3,不属于指南允许的基础原生食材类别
5480,列巴,3,不属于指南允许的基础原生食材类别
5481,举例,3,不属于指南允许的基础原生食材类别
5482,太多了,3,不属于指南允许的基础原生食材类别
5483,蛋液刷面,3,工具、包装或操作说明
5484,晒萝卜干,3,成品、半成品或加工食品
5485,薄豆腐皮,3,豆制品或淀粉制品（严格模式排除）
5486,班戟皮,3,不属于指南允许的基础原生食材类别
5487,忌廉,3,不属于指南允许的基础原生食材类别
5488,区别,3,不属于指南允许的基础原生食材类别
5489,一次发酵,3,不属于指南允许的基础原生食材类别
5490,二次发酵,3,不属于指南允许的基础原生食材类别
5491,三年陈酿,3,不属于指南允许的基础原生食材类别
5492,都行芝士,3,烘焙或乳制加工食品
5493,准备开水,3,不属于指南允许的基础原生食材类别
5494,火锅粉,3,不属于指南允许的基础原生食材类别
5495,烘焙黑巧克力,3,烘焙或乳制加工食品
5496,榄油浸金枪鱼罐头,3,成品、半成品或加工食品
5497,柔风吐司粉,3,烘焙或乳制加工食品
5498,对汉堡面包,3,烘焙或乳制加工食品
5499,纯藕粉,3,成品、半成品或加工食品
5500,混沌,3,不属于指南允许的基础原生食材类别
5501,清新口气绿箭,3,不属于指南允许的基础原生食材类别
5502,椒剁椒,3,成品、半成品或加工食品
5503,人数面条,3,成品、半成品或加工食品
5504,增加抹茶粉,3,成品、半成品或加工食品
5505,卤水香料,3,不属于指南允许的基础原生食材类别
5506,百事可乐,3,饮料、酒类或乳制品不属于本版核心原生食材
5507,剩大米饭,3,成品、半成品或加工食品
5508,东菱面包机,3,烘焙或乳制加工食品
5509,黑米馒头,3,成品、半成品或加工食品
5510,味事达纯味鲜,3,不属于指南允许的基础原生食材类别
5511,青团皮,3,不属于指南允许的基础原生食材类别
5512,三象牌糯米粉,3,成品、半成品或加工食品
5513,半粘米粉,3,成品、半成品或加工食品
5514,熟藜麦饭,3,成品、半成品或加工食品
5515,冻干咖啡粉,3,饮料、酒类或乳制品不属于本版核心原生食材
5516,清远鸡一只,3,数量或单位残留且无法可靠恢复原食材
5517,鼠曲草,3,不属于指南允许的基础原生食材类别
5518,两人份意大利面,3,成品、半成品或加工食品
5519,蛋糕围边,3,烘焙或乳制加工食品
5520,消毒,3,不属于指南允许的基础原生食材类别
5521,饺子皮面粉,3,成品、半成品或加工食品
5522,栀子粉,3,不属于指南允许的基础原生食材类别
5523,金像高筋粉,3,不属于指南允许的基础原生食材类别
5524,掰碎大料,3,不属于指南允许的基础原生食材类别
5525,杰克丹尼,3,不属于指南允许的基础原生食材类别
5526,多少辣白菜,3,数量或单位残留且无法可靠恢复原食材
5527,烧烤酱原味,3,不属于指南允许的基础原生食材类别
5528,竹笋干,3,成品、半成品或加工食品
5529,丸子粉,3,成品、半成品或加工食品
5530,浆豆腐,3,豆制品或淀粉制品（严格模式排除）
5531,王致和臭豆腐,3,豆制品或淀粉制品（严格模式排除）
5532,状奶酪,3,烘焙或乳制加工食品
5533,不能吃辣,3,不属于指南允许的基础原生食材类别
5534,酱蒜,3,不属于指南允许的基础原生食材类别
5535,山茶花,3,不属于指南允许的基础原生食材类别
5536,鳗鲞,3,不属于指南允许的基础原生食材类别
5537,小杯子,3,不属于指南允许的基础原生食材类别
5538,杏仁蛋糕胚,3,烘焙或乳制加工食品
5539,爱爱,3,不属于指南允许的基础原生食材类别
5540,够了,3,不属于指南允许的基础原生食材类别
5541,金像面粉,3,成品、半成品或加工食品
5542,都能放,3,不属于指南允许的基础原生食材类别
5543,全脂乳粉,3,不属于指南允许的基础原生食材类别
5544,甜巧克力,3,烘焙或乳制加工食品
5545,欧克皮,3,不属于指南允许的基础原生食材类别
5546,斯里兰卡红茶,3,饮料、酒类或乳制品不属于本版核心原生食材
5547,熟榛子仁,3,成品、半成品或加工食品
5548,可以,3,不属于指南允许的基础原生食材类别
5549,各式香料,3,不属于指南允许的基础原生食材类别
5550,可可球,3,不属于指南允许的基础原生食材类别
5551,宇治抹茶,3,饮料、酒类或乳制品不属于本版核心原生食材
5552,黑鱼一条,3,数量或单位残留且无法可靠恢复原食材
5553,熟透了香蕉,3,成品、半成品或加工食品
5554,削皮刀,3,不属于指南允许的基础原生食材类别
5555,杏仁奶油馅,3,烘焙或乳制加工食品
5556,炸牛肉丸,3,成品、半成品或加工食品
5557,直径高纸杯,3,不属于指南允许的基础原生食材类别
5558,牛奶一共,3,饮料、酒类或乳制品不属于本版核心原生食材
5559,食蔬,3,不属于指南允许的基础原生食材类别
5560,干河粉,3,成品、半成品或加工食品
5561,和虾皮,3,成品、半成品或加工食品
5562,五香豆腐丝,3,豆制品或淀粉制品（严格模式排除）
5563,熟杏仁,3,成品、半成品或加工食品
5564,卫龙辣条,3,不属于指南允许的基础原生食材类别
5565,油酥普通面粉,3,成品、半成品或加工食品
5566,详细配方,3,不属于指南允许的基础原生食材类别
5567,可以做,3,不属于指南允许的基础原生食材类别
5568,乳胶手套,3,不属于指南允许的基础原生食材类别
5569,伯爵红茶叶,3,饮料、酒类或乳制品不属于本版核心原生食材
5570,川粉,3,不属于指南允许的基础原生食材类别
5571,甜粿,3,不属于指南允许的基础原生食材类别
5572,越小越好,3,不属于指南允许的基础原生食材类别
5573,可〉,3,不属于指南允许的基础原生食材类别
5574,熟粽子,3,成品、半成品或加工食品
5575,我放,3,不属于指南允许的基础原生食材类别
5576,没可以不放,3,不属于指南允许的基础原生食材类别
5577,如实酸奶,3,饮料、酒类或乳制品不属于本版核心原生食材
5578,节淮山,3,不属于指南允许的基础原生食材类别
5579,黄油奶馅,3,烘焙或乳制加工食品
5580,多少就多少鸡肉,3,数量或单位残留且无法可靠恢复原食材
5581,腌渍橄榄,3,不属于指南允许的基础原生食材类别
5582,核桃奶,3,饮料、酒类或乳制品不属于本版核心原生食材
5583,葱白切碎,3,工具、包装或操作说明
5584,冰水混合物,3,不属于指南允许的基础原生食材类别
5585,黑豆浆,3,成品、半成品或加工食品
5586,含气苏打水,3,不属于指南允许的基础原生食材类别
5587,黑布林,3,不属于指南允许的基础原生食材类别
5588,红莲蓉,3,不属于指南允许的基础原生食材类别
5589,知了猴,3,不属于指南允许的基础原生食材类别
5590,巧克力脆皮,3,烘焙或乳制加工食品
5591,馬蘇里拉芝士,3,烘焙或乳制加工食品
5592,一壶热水,3,不属于指南允许的基础原生食材类别
5593,淡炼乳,3,烘焙或乳制加工食品
5594,恰玛古,3,不属于指南允许的基础原生食材类别
5595,特浓酸奶,3,饮料、酒类或乳制品不属于本版核心原生食材
5596,血豆腐,3,豆制品或淀粉制品（严格模式排除）
5597,桂圆肉干,3,加工肉制品
5598,葡萄干核桃,3,成品、半成品或加工食品
5599,高筋小麦面粉,3,成品、半成品或加工食品
5600,高铁米粉,3,成品、半成品或加工食品
5601,奶油意面,3,烘焙或乳制加工食品
5602,甜点专发酵粉,3,不属于指南允许的基础原生食材类别
5603,绿奇异果,3,不属于指南允许的基础原生食材类别
5604,小水果刀,3,不属于指南允许的基础原生食材类别
5605,黑色巧克力,3,烘焙或乳制加工食品
5606,活耳,3,不属于指南允许的基础原生食材类别
5607,香肠料,3,加工肉制品
5608,上色,3,不属于指南允许的基础原生食材类别
5609,青龙,3,不属于指南允许的基础原生食材类别
5610,豆角一把,3,数量或单位残留且无法可靠恢复原食材
5611,艾青,3,不属于指南允许的基础原生食材类别
5612,后臀尖,3,不属于指南允许的基础原生食材类别
5613,面条机,3,成品、半成品或加工食品
5614,圆面包,3,烘焙或乳制加工食品
5615,慕斯液体,3,成品、半成品或加工食品
5616,尼乳酪,3,不属于指南允许的基础原生食材类别
5617,多少加多少胡萝卜,3,数量或单位残留且无法可靠恢复原食材
5618,大小口蘑,3,不属于指南允许的基础原生食材类别
5619,自由组合,3,不属于指南允许的基础原生食材类别
5620,苏里拉奶酪芝士碎,3,烘焙或乳制加工食品
5621,干果果干,3,成品、半成品或加工食品
5622,井水,3,不属于指南允许的基础原生食材类别
5623,馅料肉松,3,加工肉制品
5624,料小料,3,不属于指南允许的基础原生食材类别
5625,涂抹蛋液,3,工具、包装或操作说明
5626,马里苏芝士,3,烘焙或乳制加工食品
5627,泡菜拉面,3,成品、半成品或加工食品
5628,老火腿,3,加工肉制品
5629,引子,3,不属于指南允许的基础原生食材类别
5630,肉面粉,3,成品、半成品或加工食品
5631,麦芬面包,3,烘焙或乳制加工食品
5632,脸盆,3,不属于指南允许的基础原生食材类别
5633,面包主体,3,烘焙或乳制加工食品
5634,日式大根,3,不属于指南允许的基础原生食材类别
5635,日式家常豆腐,3,豆制品或淀粉制品（严格模式排除）
5636,布朗尼,3,不属于指南允许的基础原生食材类别
5637,莓芝士蛋糕,3,烘焙或乳制加工食品
5638,新鲜树莓,3,不属于指南允许的基础原生食材类别
5639,万能炸粉,3,不属于指南允许的基础原生食材类别
5640,哦牛奶,3,饮料、酒类或乳制品不属于本版核心原生食材
5641,霓虹高筋粉,3,不属于指南允许的基础原生食材类别
5642,巧克力外壳,3,烘焙或乳制加工食品
5643,粥底,3,成品、半成品或加工食品
5644,圆形面包,3,烘焙或乳制加工食品
5645,熏火腿,3,加工肉制品
5646,藜麦米饭,3,成品、半成品或加工食品
5647,黑巧克力切碎,3,工具、包装或操作说明
5648,灰树花,3,不属于指南允许的基础原生食材类别
5649,半热水,3,不属于指南允许的基础原生食材类别
5650,上面粉,3,成品、半成品或加工食品
5651,白矾,3,不属于指南允许的基础原生食材类别
5652,多少放多少午餐肉,3,加工肉制品
5653,儿芝士,3,烘焙或乳制加工食品
5654,茶叶水,3,饮料、酒类或乳制品不属于本版核心原生食材
5655,糯米年糕,3,成品、半成品或加工食品
5656,安慕希,3,不属于指南允许的基础原生食材类别
5657,熟咸鸭蛋,3,成品、半成品或加工食品
5658,牛奶」,3,饮料、酒类或乳制品不属于本版核心原生食材
5659,薄千张,3,豆制品或淀粉制品（严格模式排除）
5660,消化饼底,3,不属于指南允许的基础原生食材类别
5661,奶油芝士慕斯,3,烘焙或乳制加工食品
5662,白不老,3,不属于指南允许的基础原生食材类别
5663,布蕾,3,不属于指南允许的基础原生食材类别
5664,茨菰,3,不属于指南允许的基础原生食材类别
5665,黄金耳,3,不属于指南允许的基础原生食材类别
5666,甜酒药,3,不属于指南允许的基础原生食材类别
5667,快发粉,3,不属于指南允许的基础原生食材类别
5668,总重,3,不属于指南允许的基础原生食材类别
5669,麦高筋面粉,3,成品、半成品或加工食品
5670,一水,3,不属于指南允许的基础原生食材类别
5671,霸王花干,3,不属于指南允许的基础原生食材类别
5672,材料清水,3,不属于指南允许的基础原生食材类别
5673,金枪鱼罐头肉,3,成品、半成品或加工食品
5674,奶油奶酪馅,3,烘焙或乳制加工食品
5675,墨斗丸,3,不属于指南允许的基础原生食材类别
5676,黄豆豆浆,3,成品、半成品或加工食品
5677,橙子量橙皮屑,3,不属于指南允许的基础原生食材类别
5678,多少就多少牛肉,3,数量或单位残留且无法可靠恢复原食材
5679,杰诺瓦士蛋糕体,3,烘焙或乳制加工食品
5680,樱花粉,3,不属于指南允许的基础原生食材类别
5681,秋耳,3,不属于指南允许的基础原生食材类别
5682,两指水,3,不属于指南允许的基础原生食材类别
5683,精粉,3,不属于指南允许的基础原生食材类别
5684,极美滋,3,不属于指南允许的基础原生食材类别
5685,过鸡翅可乐,3,饮料、酒类或乳制品不属于本版核心原生食材
5686,酱肉馅,3,不属于指南允许的基础原生食材类别
5687,蛋黄加牛奶,3,饮料、酒类或乳制品不属于本版核心原生食材
5688,练习,3,不属于指南允许的基础原生食材类别
5689,芒果冰淇淋,3,成品、半成品或加工食品
5690,爱美食,3,不属于指南允许的基础原生食材类别
5691,波龙,3,不属于指南允许的基础原生食材类别
5692,多少鲍鱼,3,数量或单位残留且无法可靠恢复原食材
5693,奶油盒子,3,烘焙或乳制加工食品
5694,皮石斛,3,不属于指南允许的基础原生食材类别
5695,耐热巧克力豆,3,烘焙或乳制加工食品
5696,奥利奥饼干去夹心,3,烘焙或乳制加工食品
5697,酸奶一小盒,3,饮料、酒类或乳制品不属于本版核心原生食材
5698,色冰淇淋,3,成品、半成品或加工食品
5699,中空戚风模,3,不属于指南允许的基础原生食材类别
5700,方便面蔬菜包,3,成品、半成品或加工食品
5701,无核青柠,3,不属于指南允许的基础原生食材类别
5702,披萨面饼,3,成品、半成品或加工食品
5703,记忆,3,不属于指南允许的基础原生食材类别
5704,多少刀削面,3,数量或单位残留且无法可靠恢复原食材
5705,碎番茄罐头,3,成品、半成品或加工食品
5706,粉丝一小卷,3,豆制品或淀粉制品（严格模式排除）
5707,班戟预拌粉,3,不属于指南允许的基础原生食材类别
5708,腐膜,3,不属于指南允许的基础原生食材类别
5709,混合谷物米粉,3,成品、半成品或加工食品
5710,南瓜派香料,3,不属于指南允许的基础原生食材类别
5711,想吃多少牛肉,3,数量或单位残留且无法可靠恢复原食材
5712,红烧,3,不属于指南允许的基础原生食材类别
5713,柠檬茶,3,饮料、酒类或乳制品不属于本版核心原生食材
5714,蛋糕薄片,3,烘焙或乳制加工食品
5715,食金粉,3,不属于指南允许的基础原生食材类别
5716,一大勺面粉,3,成品、半成品或加工食品
5717,红茶汤,3,不属于指南允许的基础原生食材类别
5718,酸白菜,3,成品、半成品或加工食品
5719,儿虾皮,3,成品、半成品或加工食品
5720,元西,3,不属于指南允许的基础原生食材类别
5721,多少克糯米,3,数量或单位残留且无法可靠恢复原食材
5722,各式丸子,3,成品、半成品或加工食品
5723,馄饨皮子,3,成品、半成品或加工食品
5724,家里什么放什么,3,不属于指南允许的基础原生食材类别
5725,改刀,3,不属于指南允许的基础原生食材类别
5726,脆松,3,不属于指南允许的基础原生食材类别
5727,滇红,3,不属于指南允许的基础原生食材类别
5728,固体饮料,3,饮料、酒类或乳制品不属于本版核心原生食材
5729,古越龙山,3,不属于指南允许的基础原生食材类别
5730,涂抹芝士,3,工具、包装或操作说明
5731,火龙果干,3,成品、半成品或加工食品
5732,苦甜黑巧克力,3,烘焙或乳制加工食品
5733,刷面鸡蛋液,3,工具、包装或操作说明
5734,赤味增,3,不属于指南允许的基础原生食材类别
5735,樱花珍珠,3,不属于指南允许的基础原生食材类别
5736,软质巧克力,3,烘焙或乳制加工食品
5737,炒勺,3,不属于指南允许的基础原生食材类别
5738,糯米面粉,3,成品、半成品或加工食品
5739,情黑巧克力,3,烘焙或乳制加工食品
5740,无脂酸奶,3,饮料、酒类或乳制品不属于本版核心原生食材
5741,就可,3,不属于指南允许的基础原生食材类别
5742,巧克力吐司,3,烘焙或乳制加工食品
5743,手工腐竹,3,豆制品或淀粉制品（严格模式排除）
5744,派盘,3,不属于指南允许的基础原生食材类别
5745,密闭容器,3,工具、包装或操作说明
5746,人米线,3,成品、半成品或加工食品
5747,全部,3,不属于指南允许的基础原生食材类别
5748,蛋糕圆模,3,烘焙或乳制加工食品
5749,咖啡冻,3,饮料、酒类或乳制品不属于本版核心原生食材
5750,晚上,3,不属于指南允许的基础原生食材类别
5751,檸檬,3,不属于指南允许的基础原生食材类别
5752,水少量,3,不属于指南允许的基础原生食材类别
5753,香槟,3,不属于指南允许的基础原生食材类别
5754,牙刷,3,工具、包装或操作说明
5755,忌廉芝士,3,烘焙或乳制加工食品
5756,什么东西,3,不属于指南允许的基础原生食材类别
5757,汤圆皮,3,不属于指南允许的基础原生食材类别
5758,萃取咖啡,3,饮料、酒类或乳制品不属于本版核心原生食材
5759,牌肠粉专粉,3,不属于指南允许的基础原生食材类别
5760,四季春茶汤,3,不属于指南允许的基础原生食材类别
5761,黄豆罐头,3,成品、半成品或加工食品
5762,蝶豆花茶,3,饮料、酒类或乳制品不属于本版核心原生食材
5763,植物油水,3,不属于指南允许的基础原生食材类别
5764,乳酪蛋糕体,3,烘焙或乳制加工食品
5765,冻货,3,不属于指南允许的基础原生食材类别
5766,克马苏里拉芝士,3,烘焙或乳制加工食品
5767,西紅柿,3,不属于指南允许的基础原生食材类别
5768,烏雞,3,不属于指南允许的基础原生食材类别
5769,山藥,3,不属于指南允许的基础原生食材类别
5770,深可可粉,3,成品、半成品或加工食品
5771,红茶菌,3,不属于指南允许的基础原生食材类别
5772,五花肉去皮,3,不属于指南允许的基础原生食材类别
5773,一口香热狗肠,3,成品、半成品或加工食品
5774,纯肉烤肠,3,成品、半成品或加工食品
5775,奶油顶,3,烘焙或乳制加工食品
5776,朱古力粉,3,不属于指南允许的基础原生食材类别
5777,吧热水,3,不属于指南允许的基础原生食材类别
5778,巧克力裱花笔,3,烘焙或乳制加工食品
5779,無花果,3,不属于指南允许的基础原生食材类别
5780,去心,3,不属于指南允许的基础原生食材类别
5781,了炼奶,3,饮料、酒类或乳制品不属于本版核心原生食材
5782,准备好所食材,3,不属于指南允许的基础原生食材类别
5783,果胶粉,3,成品、半成品或加工食品
5784,树莓果冻,3,不属于指南允许的基础原生食材类别
5785,高粉天然酵种,3,不属于指南允许的基础原生食材类别
5786,千张结,3,豆制品或淀粉制品（严格模式排除）
5787,龙莱烧烤炉,3,不属于指南允许的基础原生食材类别
5788,几块大排,3,数量或单位残留且无法可靠恢复原食材
5789,馒头渣,3,成品、半成品或加工食品
5790,细面条面条,3,成品、半成品或加工食品
5791,面粉料,3,成品、半成品或加工食品
5792,帕马森奶酪碎,3,烘焙或乳制加工食品
5793,皇上皇腊肉,3,加工肉制品
5794,熟木瓜,3,成品、半成品或加工食品
5795,谷元粉,3,不属于指南允许的基础原生食材类别
5796,纯速溶咖啡粉,3,饮料、酒类或乳制品不属于本版核心原生食材
5797,帕玛森奶酪粉,3,烘焙或乳制加工食品
5798,烟熏肠,3,成品、半成品或加工食品
5799,豆腐美乃滋,3,豆制品或淀粉制品（严格模式排除）
5800,盘子里,3,不属于指南允许的基础原生食材类别
5801,东星斑,3,不属于指南允许的基础原生食材类别
5802,面粉手粉,3,成品、半成品或加工食品
5803,直条意大利面,3,成品、半成品或加工食品
5804,迷你香肠,3,加工肉制品
5805,巩固期,3,不属于指南允许的基础原生食材类别
5806,牌低筋粉,3,不属于指南允许的基础原生食材类别
5807,熏培根,3,加工肉制品
5808,乌叶水,3,不属于指南允许的基础原生食材类别
5809,果冻淋面,3,不属于指南允许的基础原生食材类别
5810,台式小香肠,3,加工肉制品
5811,紫米粥,3,成品、半成品或加工食品
5812,抓虾米,3,成品、半成品或加工食品
5813,次性裱花袋,3,工具、包装或操作说明
5814,酱黄瓜,3,不属于指南允许的基础原生食材类别
5815,小馄饨,3,成品、半成品或加工食品
5816,重庆火锅料,3,不属于指南允许的基础原生食材类别
5817,咖啡饮料,3,饮料、酒类或乳制品不属于本版核心原生食材
5818,生石灰,3,不属于指南允许的基础原生食材类别
5819,胃口,3,不属于指南允许的基础原生食材类别
5820,一锅米饭,3,成品、半成品或加工食品
5821,普通白面粉,3,成品、半成品或加工食品
5822,纸壳,3,不属于指南允许的基础原生食材类别
5823,白芸豆豆沙,3,成品、半成品或加工食品
5824,多少放多少火腿,3,加工肉制品
5825,谷优玛丽亚饼干,3,烘焙或乳制加工食品
5826,牌烧烤料,3,不属于指南允许的基础原生食材类别
5827,五丰稻花香,3,不属于指南允许的基础原生食材类别
5828,滤乳清酸奶,3,饮料、酒类或乳制品不属于本版核心原生食材
5829,越南米粉,3,成品、半成品或加工食品
5830,山楂卷,3,不属于指南允许的基础原生食材类别
5831,豆腐脑,3,豆制品或淀粉制品（严格模式排除）
5832,因人而异,3,不属于指南允许的基础原生食材类别
5833,麻薯面包粉,3,烘焙或乳制加工食品
5834,墨西哥皮,3,不属于指南允许的基础原生食材类别
5835,分钟烤箱中层,3,不属于指南允许的基础原生食材类别
5836,定纯净水,3,不属于指南允许的基础原生食材类别
5837,低脂炼奶,3,饮料、酒类或乳制品不属于本版核心原生食材
5838,酸奶奶盖,3,饮料、酒类或乳制品不属于本版核心原生食材
5839,皮蛋黄液,3,成品、半成品或加工食品
5840,牛奶土司,3,饮料、酒类或乳制品不属于本版核心原生食材
5841,白豆沙馅,3,成品、半成品或加工食品
5842,淡奶油奶油霜,3,烘焙或乳制加工食品
5843,优酸乳,3,不属于指南允许的基础原生食材类别
5844,定温水,3,不属于指南允许的基础原生食材类别
5845,外壳,3,不属于指南允许的基础原生食材类别
5846,汤块儿,3,不属于指南允许的基础原生食材类别
5847,葱油饼皮,3,不属于指南允许的基础原生食材类别
5848,二米饭,3,成品、半成品或加工食品
5849,咸面包,3,烘焙或乳制加工食品
5850,钙奶饼干,3,烘焙或乳制加工食品
5851,肠粉皮,3,豆制品或淀粉制品（严格模式排除）
5852,皇牌沙茶王,3,不属于指南允许的基础原生食材类别
5853,多少猪肉馅,3,数量或单位残留且无法可靠恢复原食材
5854,详细料,3,不属于指南允许的基础原生食材类别
5855,蓬蒿,3,不属于指南允许的基础原生食材类别
5856,刚烧开热水,3,不属于指南允许的基础原生食材类别
5857,西式香肠,3,加工肉制品
5858,芫西,3,不属于指南允许的基础原生食材类别
5859,茶树菇干,3,不属于指南允许的基础原生食材类别
5860,不牛奶,3,饮料、酒类或乳制品不属于本版核心原生食材
5861,哈面条,3,成品、半成品或加工食品
5862,巧克力砖,3,烘焙或乳制加工食品
5863,风干牛肉干,3,加工肉制品
5864,再来米粉,3,成品、半成品或加工食品
5865,纯黑巧克力豆,3,烘焙或乳制加工食品
5866,底筋面粉,3,成品、半成品或加工食品
5867,软欧,3,不属于指南允许的基础原生食材类别
5868,克咖啡粉,3,饮料、酒类或乳制品不属于本版核心原生食材
5869,河套雪花粉,3,不属于指南允许的基础原生食材类别
5870,饮冰水,3,不属于指南允许的基础原生食材类别
5871,贵州糟辣椒,3,成品、半成品或加工食品
5872,口味水果,3,不属于指南允许的基础原生食材类别
5873,酸藠头,3,不属于指南允许的基础原生食材类别
5874,熟地瓜,3,成品、半成品或加工食品
5875,粉丝泡发,3,豆制品或淀粉制品（严格模式排除）
5876,黑米蛋糕粉,3,烘焙或乳制加工食品
5877,熟豆芽,3,成品、半成品或加工食品
5878,饼料,3,不属于指南允许的基础原生食材类别
5879,香草慕斯,3,成品、半成品或加工食品
5880,芭比蛋糕,3,烘焙或乳制加工食品
5881,巧克力牌,3,烘焙或乳制加工食品
5882,甜腊肠,3,成品、半成品或加工食品
5883,方便面油包,3,成品、半成品或加工食品
5884,料理棒,3,不属于指南允许的基础原生食材类别
5885,碎颗粒,3,不属于指南允许的基础原生食材类别
5886,酱干,3,不属于指南允许的基础原生食材类别
5887,粉熟糯米粉,3,成品、半成品或加工食品
5888,材料拌匀,3,不属于指南允许的基础原生食材类别
5889,南瓜去皮,3,不属于指南允许的基础原生食材类别
5890,百香果皮,3,不属于指南允许的基础原生食材类别
5891,墨鱼肠,3,成品、半成品或加工食品
5892,生食火腿,3,加工肉制品
5893,底图,3,不属于指南允许的基础原生食材类别
5894,元素,3,不属于指南允许的基础原生食材类别
5895,即食栗子,3,成品、半成品或加工食品
5896,棍子面包,3,烘焙或乳制加工食品
5897,高精粉,3,不属于指南允许的基础原生食材类别
5898,青团预拌粉,3,不属于指南允许的基础原生食材类别
5899,肉松蛋黄馅,3,加工肉制品
5900,南昌米粉,3,成品、半成品或加工食品
5901,樱玉豆腐,3,豆制品或淀粉制品（严格模式排除）
5902,全麥粉,3,不属于指南允许的基础原生食材类别
5903,石屏豆腐,3,豆制品或淀粉制品（严格模式排除）
5904,血糯米饭,3,成品、半成品或加工食品
5905,白玉粉,3,不属于指南允许的基础原生食材类别
5906,芝士炼奶,3,烘焙或乳制加工食品
5907,红味增,3,不属于指南允许的基础原生食材类别
5908,标准粉,3,不属于指南允许的基础原生食材类别
5909,指水,3,不属于指南允许的基础原生食材类别
5910,毛燕,3,不属于指南允许的基础原生食材类别
5911,慕斯层料,3,成品、半成品或加工食品
5912,各种杂粮粉,3,不属于指南允许的基础原生食材类别
5913,波萝,3,不属于指南允许的基础原生食材类别
5914,黑白炼奶,3,饮料、酒类或乳制品不属于本版核心原生食材
5915,泡大粉,3,不属于指南允许的基础原生食材类别
5916,小油面筋,3,成品、半成品或加工食品
5917,母爱,3,不属于指南允许的基础原生食材类别
5918,肉燕皮,3,不属于指南允许的基础原生食材类别
5919,紫薯黑米面粉,3,成品、半成品或加工食品
5920,蛋糕小麦粉,3,烘焙或乳制加工食品
5921,木勺,3,不属于指南允许的基础原生食材类别
5922,什锦水果罐头,3,成品、半成品或加工食品
5923,石橄榄,3,不属于指南允许的基础原生食材类别
5924,凉馒头,3,成品、半成品或加工食品
5925,花蕊,3,不属于指南允许的基础原生食材类别
5926,油酥低筋面粉,3,成品、半成品或加工食品
5927,奶粉冲牛奶,3,烘焙或乳制加工食品
5928,京日红豆沙,3,成品、半成品或加工食品
5929,卡通饼干,3,烘焙或乳制加工食品
5930,弃种,3,不属于指南允许的基础原生食材类别
5931,豇豆干,3,豆制品或淀粉制品（严格模式排除）
5932,马斯卡朋奶酪,3,烘焙或乳制加工食品
5933,舒芙蕾松饼,3,不属于指南允许的基础原生食材类别
5934,啫喱粉,3,不属于指南允许的基础原生食材类别
5935,插旗,3,不属于指南允许的基础原生食材类别
5936,花水,3,不属于指南允许的基础原生食材类别
5937,批萨草,3,不属于指南允许的基础原生食材类别
5938,豆花布丁,3,成品、半成品或加工食品
5939,来清水,3,不属于指南允许的基础原生食材类别
5940,全脂高钙奶粉,3,烘焙或乳制加工食品
5941,奶油奶酪芝士,3,烘焙或乳制加工食品
5942,一泡菜,3,成品、半成品或加工食品
5943,熟腊肉,3,加工肉制品
5944,白色层,3,不属于指南允许的基础原生食材类别
5945,山楂膏,3,不属于指南允许的基础原生食材类别
5946,马苏里拉奶酪碎,3,烘焙或乳制加工食品
5947,法式,3,不属于指南允许的基础原生食材类别
5948,就行啦,3,不属于指南允许的基础原生食材类别
5949,面团状态牛奶,3,饮料、酒类或乳制品不属于本版核心原生食材
5950,来水,3,不属于指南允许的基础原生食材类别
5951,可乐瓶,3,饮料、酒类或乳制品不属于本版核心原生食材
5952,闲趣饼干,3,烘焙或乳制加工食品
5953,佛手柑,3,不属于指南允许的基础原生食材类别
5954,方吐司,3,烘焙或乳制加工食品
5955,隔夜熟米饭,3,成品、半成品或加工食品
5956,伊顿奶酪,3,烘焙或乳制加工食品
5957,罗非,3,不属于指南允许的基础原生食材类别
5958,绿豆面粉,3,成品、半成品或加工食品
5959,热情果,3,不属于指南允许的基础原生食材类别
5960,香干豆腐,3,豆制品或淀粉制品（严格模式排除）
5961,白蘑,3,不属于指南允许的基础原生食材类别
5962,一丁点,3,不属于指南允许的基础原生食材类别
5963,小咸菜,3,成品、半成品或加工食品
5964,老坛酸菜牛肉面,3,成品、半成品或加工食品
5965,熟海参,3,成品、半成品或加工食品
5966,干净盆子,3,不属于指南允许的基础原生食材类别
5967,全部汤种,3,不属于指南允许的基础原生食材类别
5968,功能料理机,3,不属于指南允许的基础原生食材类别
5969,贵州红酸汤,3,不属于指南允许的基础原生食材类别
5970,油刷烤盘,3,工具、包装或操作说明
5971,酱熟白芝麻,3,成品、半成品或加工食品
5972,戚风蛋糕杯,3,烘焙或乳制加工食品
5973,大号蛋挞皮,3,成品、半成品或加工食品
5974,闷烧罐,3,不属于指南允许的基础原生食材类别
5975,多少鸡翅中,3,数量或单位残留且无法可靠恢复原食材
5976,一大汤匙,3,不属于指南允许的基础原生食材类别
5977,鱼丸类,3,成品、半成品或加工食品
5978,红丝绒蛋糕,3,烘焙或乳制加工食品
5979,秘制油辣子,3,不属于指南允许的基础原生食材类别
5980,鹰唛炼乳,3,烘焙或乳制加工食品
5981,山楂粉,3,不属于指南允许的基础原生食材类别
5982,味榨菜,3,不属于指南允许的基础原生食材类别
5983,海帶,3,不属于指南允许的基础原生食材类别
5984,你想吃东西,3,不属于指南允许的基础原生食材类别
5985,其他液体,3,不属于指南允许的基础原生食材类别
5986,方形面包,3,烘焙或乳制加工食品
5987,不能省,3,不属于指南允许的基础原生食材类别
5988,鸡蛋面粉,3,成品、半成品或加工食品
5989,茶蛋料,3,不属于指南允许的基础原生食材类别
5990,碳水主食,3,不属于指南允许的基础原生食材类别
5991,咖啡浓缩,3,饮料、酒类或乳制品不属于本版核心原生食材
5992,祁门红茶,3,饮料、酒类或乳制品不属于本版核心原生食材
5993,帕马森奶酪粉,3,烘焙或乳制加工食品
5994,玛芬蛋糕预拌粉,3,烘焙或乳制加工食品
5995,优格,3,不属于指南允许的基础原生食材类别
5996,奥尔良腌粉,3,不属于指南允许的基础原生食材类别
5997,蟹柳棒,3,成品、半成品或加工食品
5998,粽子棉线,3,不属于指南允许的基础原生食材类别
5999,调羹糯米粉,3,成品、半成品或加工食品
6000,干贝水,3,成品、半成品或加工食品
6001,一小盒酸奶,3,饮料、酒类或乳制品不属于本版核心原生食材
6002,溫水,3,不属于指南允许的基础原生食材类别
6003,肉酱面,3,不属于指南允许的基础原生食材类别
6004,龙虾丸,3,成品、半成品或加工食品
6005,一小盘,3,不属于指南允许的基础原生食材类别
6006,皮饺子皮,3,成品、半成品或加工食品
6007,麦茶,3,饮料、酒类或乳制品不属于本版核心原生食材
6008,和装饰水果,3,工具、包装或操作说明
6009,版本二,3,不属于指南允许的基础原生食材类别
6010,甜味增,3,不属于指南允许的基础原生食材类别
6011,树莓慕斯,3,成品、半成品或加工食品
6012,大虾干,3,成品、半成品或加工食品
6013,肉松蛋糕卷,3,加工肉制品
6014,腊肠饭,3,成品、半成品或加工食品
6015,生红皮花生,3,不属于指南允许的基础原生食材类别
6016,辣椒切碎,3,工具、包装或操作说明
6017,滚烫水,3,不属于指南允许的基础原生食材类别
6018,蒜切碎蒜蓉,3,工具、包装或操作说明
6019,梗米粉,3,成品、半成品或加工食品
6020,少于,3,不属于指南允许的基础原生食材类别
6021,巧克力模,3,烘焙或乳制加工食品
6022,巧克力碎屑,3,烘焙或乳制加工食品
6023,茶包袋,3,不属于指南允许的基础原生食材类别
6024,面皮面粉,3,成品、半成品或加工食品
6025,青岚抹茶粉,3,成品、半成品或加工食品
6026,汉堡芝士,3,烘焙或乳制加工食品
6027,线绳,3,不属于指南允许的基础原生食材类别
6028,火腿三明治,3,加工肉制品
6029,野生蓝莓干,3,成品、半成品或加工食品
6030,意大利干酪,3,不属于指南允许的基础原生食材类别
6031,混合馅,3,不属于指南允许的基础原生食材类别
6032,可低筋面粉,3,成品、半成品或加工食品
6033,調味,3,不属于指南允许的基础原生食材类别
6034,多途粉,3,不属于指南允许的基础原生食材类别
6035,第一次做,3,不属于指南允许的基础原生食材类别
6036,洛芝士,3,烘焙或乳制加工食品
6037,黑塑料袋,3,工具、包装或操作说明
6038,打泥,3,不属于指南允许的基础原生食材类别
6039,花生酱豆,3,不属于指南允许的基础原生食材类别
6040,石灰水,3,不属于指南允许的基础原生食材类别
6041,想吃多少,3,数量或单位残留且无法可靠恢复原食材
6042,半米粉,3,成品、半成品或加工食品
6043,冰冰粉,3,不属于指南允许的基础原生食材类别
6044,珍珠桃胶,3,成品、半成品或加工食品
6045,料可可粉,3,成品、半成品或加工食品
6046,紫罗兰低筋粉,3,不属于指南允许的基础原生食材类别
6047,就多少碗米饭,3,成品、半成品或加工食品
6048,黑洋酥馅,3,不属于指南允许的基础原生食材类别
6049,良高筋面粉,3,成品、半成品或加工食品
6050,全粉,3,不属于指南允许的基础原生食材类别
6051,谷优消化饼干,3,烘焙或乳制加工食品
6052,火腿切丁,3,加工肉制品
6053,慕斯配方,3,成品、半成品或加工食品
6054,烧鹅,3,成品、半成品或加工食品
6055,果仁果干,3,成品、半成品或加工食品
6056,葡萄干芝麻,3,成品、半成品或加工食品
6057,京日白豆沙,3,成品、半成品或加工食品
6058,香脆炸粉,3,不属于指南允许的基础原生食材类别
6059,帕尼尼面包,3,烘焙或乳制加工食品
6060,豆干馅,3,豆制品或淀粉制品（严格模式排除）
6061,脑洞,3,不属于指南允许的基础原生食材类别
6062,无油玻璃瓶,3,不属于指南允许的基础原生食材类别
6063,莓类,3,不属于指南允许的基础原生食材类别
6064,面筋包,3,成品、半成品或加工食品
6065,普通吐司,3,烘焙或乳制加工食品
6066,塔模,3,不属于指南允许的基础原生食材类别
6067,型榨汁机,3,不属于指南允许的基础原生食材类别
6068,椰子慕斯,3,成品、半成品或加工食品
6069,筋道面条,3,成品、半成品或加工食品
6070,发现美眼睛,3,不属于指南允许的基础原生食材类别
6071,火龙果皮,3,不属于指南允许的基础原生食材类别
6072,純淨水,3,不属于指南允许的基础原生食材类别
6073,蛋糕模子,3,烘焙或乳制加工食品
6074,巧克力板,3,烘焙或乳制加工食品
6075,多少中筋面粉,3,成品、半成品或加工食品
6076,抓干虾米,3,成品、半成品或加工食品
6077,森乳酪粉,3,不属于指南允许的基础原生食材类别
6078,减肥,3,不属于指南允许的基础原生食材类别
6079,粉虾皮粉,3,成品、半成品或加工食品
6080,全脂鲜牛奶,3,饮料、酒类或乳制品不属于本版核心原生食材
6081,饵块粑,3,不属于指南允许的基础原生食材类别
6082,十分钟,3,不属于指南允许的基础原生食材类别
6083,营养食材,3,不属于指南允许的基础原生食材类别
6084,说明面粉,3,成品、半成品或加工食品
6085,福牌阿胶,3,不属于指南允许的基础原生食材类别
6086,蛋加一个蛋黄鸡蛋,3,数量或单位残留且无法可靠恢复原食材
6087,饼干奥利奥饼干,3,烘焙或乳制加工食品
6088,什么放什么水果,3,不属于指南允许的基础原生食材类别
6089,芡水,3,不属于指南允许的基础原生食材类别
6090,之类香料,3,不属于指南允许的基础原生食材类别
6091,薄饼皮,3,不属于指南允许的基础原生食材类别
6092,法式面包专粉,3,烘焙或乳制加工食品
6093,嫩滑豆腐,3,豆制品或淀粉制品（严格模式排除）
6094,粉丝木耳,3,豆制品或淀粉制品（严格模式排除）
6095,芝士鱼丸,3,烘焙或乳制加工食品
6096,熟饭,3,成品、半成品或加工食品
6097,食量豆腐,3,豆制品或淀粉制品（严格模式排除）
6098,面粉中筋,3,成品、半成品或加工食品
6099,行剩米饭,3,成品、半成品或加工食品
6100,脏脏茶,3,饮料、酒类或乳制品不属于本版核心原生食材
6101,布丁原料,3,成品、半成品或加工食品
6102,野生天麻,3,不属于指南允许的基础原生食材类别
6103,食鲜花,3,不属于指南允许的基础原生食材类别
6104,黑麦吐司,3,烘焙或乳制加工食品
6105,材料高粉,3,不属于指南允许的基础原生食材类别
6106,美玫面粉,3,成品、半成品或加工食品
6107,珍珠马蹄,3,不属于指南允许的基础原生食材类别
6108,墨西哥饼皮,3,不属于指南允许的基础原生食材类别
6109,吐司模,3,烘焙或乳制加工食品
6110,皮柠檬,3,不属于指南允许的基础原生食材类别
6111,绿豆糕,3,不属于指南允许的基础原生食材类别
6112,萝卜块泡菜,3,成品、半成品或加工食品
6113,米饭一碗,3,成品、半成品或加工食品
6114,练切皮,3,不属于指南允许的基础原生食材类别
6115,海苔芝麻肉松,3,加工肉制品
6116,子高筋面粉,3,成品、半成品或加工食品
6117,是量,3,不属于指南允许的基础原生食材类别
6118,奥尔良烤鸡腿,3,成品、半成品或加工食品
6119,果去皮去核,3,不属于指南允许的基础原生食材类别
6120,油炸食品,3,成品、半成品或加工食品
6121,山楂小方,3,不属于指南允许的基础原生食材类别
6122,日本森永松饼粉,3,不属于指南允许的基础原生食材类别
6123,盘面包糠,3,烘焙或乳制加工食品
6124,各种果泥,3,不属于指南允许的基础原生食材类别
6125,麻麻花,3,不属于指南允许的基础原生食材类别
6126,性水果,3,不属于指南允许的基础原生食材类别
6127,酱也可不放,3,不属于指南允许的基础原生食材类别
6128,披萨香料,3,成品、半成品或加工食品
6129,火腩,3,不属于指南允许的基础原生食材类别
6130,馅提前做好,3,不属于指南允许的基础原生食材类别
6131,帕尔马奶酪,3,烘焙或乳制加工食品
6132,惠人原汁机,3,不属于指南允许的基础原生食材类别
6133,越南粉,3,不属于指南允许的基础原生食材类别
6134,克热水,3,不属于指南允许的基础原生食材类别
6135,蘸水料,3,不属于指南允许的基础原生食材类别
6136,拍扁,3,不属于指南允许的基础原生食材类别
6137,多少姜,3,数量或单位残留且无法可靠恢复原食材
6138,多少海鲜菇,3,数量或单位残留且无法可靠恢复原食材
6139,可做量,3,不属于指南允许的基础原生食材类别
6140,蒜香肠,3,加工肉制品
6141,刷料,3,工具、包装或操作说明
6142,沸腾水,3,不属于指南允许的基础原生食材类别
6143,不糯米粉,3,成品、半成品或加工食品
6144,纯素酸奶,3,饮料、酒类或乳制品不属于本版核心原生食材
6145,红菊苣,3,不属于指南允许的基础原生食材类别
6146,白皮花生,3,不属于指南允许的基础原生食材类别
6147,棉线绳,3,不属于指南允许的基础原生食材类别
6148,底芝士,3,烘焙或乳制加工食品
6149,蔓越莓奶酪馅,3,烘焙或乳制加工食品
6150,机米粉,3,成品、半成品或加工食品
6151,巧克力消化饼干,3,烘焙或乳制加工食品
6152,酥量,3,不属于指南允许的基础原生食材类别
6153,德式脆肠,3,成品、半成品或加工食品
6154,可可黑巧克力,3,烘焙或乳制加工食品
6155,可可戚风胚,3,不属于指南允许的基础原生食材类别
6156,菠萝酥皮,3,不属于指南允许的基础原生食材类别
6157,鱼肉松,3,加工肉制品
6158,泥蒿,3,不属于指南允许的基础原生食材类别
6159,定手指饼干,3,烘焙或乳制加工食品
6160,干霸王花,3,不属于指南允许的基础原生食材类别
6161,视频教程分享,3,不属于指南允许的基础原生食材类别
6162,水果谷物,3,不属于指南允许的基础原生食材类别
6163,下面条,3,成品、半成品或加工食品
6164,来米粉,3,成品、半成品或加工食品
6165,咖啡蛋糕体,3,烘焙或乳制加工食品
6166,夏天,3,不属于指南允许的基础原生食材类别
6167,脆脆,3,不属于指南允许的基础原生食材类别
6168,菜豆皮,3,豆制品或淀粉制品（严格模式排除）
6169,红葡萄干,3,成品、半成品或加工食品
6170,酸料,3,不属于指南允许的基础原生食材类别
6171,味芝士年糕,3,烘焙或乳制加工食品
6172,香油几滴,3,不属于指南允许的基础原生食材类别
6173,纯巧克力粉,3,烘焙或乳制加工食品
6174,模戚风蛋糕,3,烘焙或乳制加工食品
6175,豚骨,3,不属于指南允许的基础原生食材类别
6176,胡萝北,3,不属于指南允许的基础原生食材类别
6177,儿豆腐,3,豆制品或淀粉制品（严格模式排除）
6178,开水水,3,不属于指南允许的基础原生食材类别
6179,广味肠,3,成品、半成品或加工食品
6180,比牛奶,3,饮料、酒类或乳制品不属于本版核心原生食材
6181,草莓慕斯液,3,成品、半成品或加工食品
6182,带皮腊肉,3,加工肉制品
6183,鸡胸肉丸子,3,成品、半成品或加工食品
6184,芝士丸子,3,烘焙或乳制加工食品
6185,半腊肉,3,加工肉制品
6186,水芡粉,3,不属于指南允许的基础原生食材类别
6187,优质碳水,3,不属于指南允许的基础原生食材类别
6188,皱皮椒,3,不属于指南允许的基础原生食材类别
6189,奶酪层,3,烘焙或乳制加工食品
6190,肉肠火腿肠,3,加工肉制品
6191,熟荔浦芋头,3,成品、半成品或加工食品
6192,高脂椰浆,3,饮料、酒类或乳制品不属于本版核心原生食材
6193,混合水果干,3,成品、半成品或加工食品
6194,香甜沙拉,3,成品、半成品或加工食品
6195,栀子绿色粉,3,不属于指南允许的基础原生食材类别
6196,中空戚风,3,不属于指南允许的基础原生食材类别
6197,奥利奥小饼干,3,烘焙或乳制加工食品
6198,葡萄干儿,3,成品、半成品或加工食品
6199,水总量,3,不属于指南允许的基础原生食材类别
6200,牛奶代替水,3,饮料、酒类或乳制品不属于本版核心原生食材
6201,奶油话梅,3,烘焙或乳制加工食品
6202,全脂椰蓉,3,不属于指南允许的基础原生食材类别
6203,西米粉,3,成品、半成品或加工食品
6204,白皮洋葱,3,不属于指南允许的基础原生食材类别
6205,辣椒罐头,3,成品、半成品或加工食品
6206,和牛奶,3,饮料、酒类或乳制品不属于本版核心原生食材
6207,鲔鱼罐头,3,成品、半成品或加工食品
6208,多面包糠,3,烘焙或乳制加工食品
6209,沙拉鸡胸肉,3,成品、半成品或加工食品
6210,提前浸泡,3,不属于指南允许的基础原生食材类别
6211,面粉吸水性不同,3,成品、半成品或加工食品
6212,面包刀,3,烘焙或乳制加工食品
6213,大小而定,3,不属于指南允许的基础原生食材类别
6214,肉香肠,3,加工肉制品
6215,豆豆浆,3,成品、半成品或加工食品
6216,玻璃纸,3,不属于指南允许的基础原生食材类别
6217,纽扣饼干,3,烘焙或乳制加工食品
6218,调馅,3,不属于指南允许的基础原生食材类别
6219,银针粉,3,不属于指南允许的基础原生食材类别
6220,米饭糯米,3,成品、半成品或加工食品
6221,调整温水,3,不属于指南允许的基础原生食材类别
6222,黑加仑子,3,不属于指南允许的基础原生食材类别
6223,几朵小香菇,3,数量或单位残留且无法可靠恢复原食材
6224,大米米饭,3,成品、半成品或加工食品
6225,1⁄2杯,3,数量或单位残留且无法可靠恢复原食材
6226,姜切碎姜末,3,工具、包装或操作说明
6227,调羹面粉,3,成品、半成品或加工食品
6228,喷瓶,3,不属于指南允许的基础原生食材类别
6229,熟大杏仁,3,成品、半成品或加工食品
6230,一调羹,3,不属于指南允许的基础原生食材类别
6231,塔底,3,不属于指南允许的基础原生食材类别
6232,奥饼干碎,3,烘焙或乳制加工食品
6233,草莓几颗,3,数量或单位残留且无法可靠恢复原食材
6234,塔壳,3,不属于指南允许的基础原生食材类别
6235,多少魔芋,3,数量或单位残留且无法可靠恢复原食材
6236,多少茼蒿,3,数量或单位残留且无法可靠恢复原食材
6237,黑加伦,3,不属于指南允许的基础原生食材类别
6238,塔馅,3,不属于指南允许的基础原生食材类别
6239,价格,3,不属于指南允许的基础原生食材类别
6240,法式吐司,3,烘焙或乳制加工食品
6241,腌渍,3,不属于指南允许的基础原生食材类别
6242,帕玛森干酪粉,3,不属于指南允许的基础原生食材类别
6243,发酵好波兰种,3,不属于指南允许的基础原生食材类别
6244,埃曼塔奶酪,3,烘焙或乳制加工食品
6245,奶巧克力,3,烘焙或乳制加工食品
6246,欢量马苏里拉芝士,3,烘焙或乳制加工食品
6247,椰蓉陷,3,不属于指南允许的基础原生食材类别
6248,自己面粉,3,成品、半成品或加工食品
6249,软吐司,3,烘焙或乳制加工食品
6250,多少加多少,3,数量或单位残留且无法可靠恢复原食材
6251,香辣花生,3,不属于指南允许的基础原生食材类别
6252,新鲜虫草花,3,不属于指南允许的基础原生食材类别
6253,面包皮,3,烘焙或乳制加工食品
6254,现蒸米饭,3,成品、半成品或加工食品
6255,羊奶奶酪,3,烘焙或乳制加工食品
6256,皮皮虾肉,3,不属于指南允许的基础原生食材类别
6257,巧克力黑,3,烘焙或乳制加工食品
6258,底部蘸料,3,不属于指南允许的基础原生食材类别
6259,莲雾,3,不属于指南允许的基础原生食材类别
6260,自己口味牛奶,3,饮料、酒类或乳制品不属于本版核心原生食材
6261,自己口味来,3,不属于指南允许的基础原生食材类别
6262,粉条粉丝,3,豆制品或淀粉制品（严格模式排除）
6263,矿泉水水,3,不属于指南允许的基础原生食材类别
6264,餐量,3,不属于指南允许的基础原生食材类别
6265,白菜泡菜,3,成品、半成品或加工食品
6266,粗粮面粉,3,成品、半成品或加工食品
6267,品牌方便面,3,成品、半成品或加工食品
6268,了巧克力,3,烘焙或乳制加工食品
6269,意式咖啡,3,饮料、酒类或乳制品不属于本版核心原生食材
6270,分成,3,不属于指南允许的基础原生食材类别
6271,蜜蜜豆,3,成品、半成品或加工食品
6272,锅饼,3,不属于指南允许的基础原生食材类别
6273,熟南瓜籽,3,成品、半成品或加工食品
6274,方形戚风蛋糕胚,3,烘焙或乳制加工食品
6275,流沙汤圆,3,不属于指南允许的基础原生食材类别
6276,莴笋干,3,成品、半成品或加工食品
6277,奶精,3,不属于指南允许的基础原生食材类别
6278,椰丝馅,3,不属于指南允许的基础原生食材类别
6279,冬瓜皮,3,不属于指南允许的基础原生食材类别
6280,灭活罂粟籽,3,不属于指南允许的基础原生食材类别
6281,红茶菌液,3,不属于指南允许的基础原生食材类别
6282,白朗姆,3,不属于指南允许的基础原生食材类别
6283,饭碗米饭,3,成品、半成品或加工食品
6284,花枝丸,3,不属于指南允许的基础原生食材类别
6285,部队火锅料,3,不属于指南允许的基础原生食材类别
6286,蓝莓慕斯,3,成品、半成品或加工食品
6287,青蛾,3,不属于指南允许的基础原生食材类别
6288,「馅料」,3,不属于指南允许的基础原生食材类别
6289,竹筒,3,不属于指南允许的基础原生食材类别
6290,白浆,3,不属于指南允许的基础原生食材类别
6291,洋甘菊,3,不属于指南允许的基础原生食材类别
6292,多少牛肉卷,3,数量或单位残留且无法可靠恢复原食材
6293,冰镇凉白开,3,不属于指南允许的基础原生食材类别
6294,抓百合,3,不属于指南允许的基础原生食材类别
6295,金典机奶,3,饮料、酒类或乳制品不属于本版核心原生食材
6296,大小开水,3,不属于指南允许的基础原生食材类别
6297,红茶液,3,不属于指南允许的基础原生食材类别
6298,纯牛奶一盒,3,饮料、酒类或乳制品不属于本版核心原生食材
6299,高钙纯牛奶,3,饮料、酒类或乳制品不属于本版核心原生食材
6300,多少木耳,3,数量或单位残留且无法可靠恢复原食材
6301,水壶,3,不属于指南允许的基础原生食材类别
6302,斟酌,3,不属于指南允许的基础原生食材类别
6303,肚子,3,不属于指南允许的基础原生食材类别
6304,老北京酸奶,3,饮料、酒类或乳制品不属于本版核心原生食材
6305,慕斯原料,3,成品、半成品或加工食品
6306,双一次性筷子,3,不属于指南允许的基础原生食材类别
6307,奶糊,3,不属于指南允许的基础原生食材类别
6308,爱吃水果,3,不属于指南允许的基础原生食材类别
6309,浓缩牛奶,3,饮料、酒类或乳制品不属于本版核心原生食材
6310,脂牛奶牛奶,3,饮料、酒类或乳制品不属于本版核心原生食材
6311,麻辣佐料,3,不属于指南允许的基础原生食材类别
6312,柱侯醬,3,不属于指南允许的基础原生食材类别
6313,果即可水,3,不属于指南允许的基础原生食材类别
6314,日本嫩豆腐,3,豆制品或淀粉制品（严格模式排除）
6315,太平苏打,3,不属于指南允许的基础原生食材类别
6316,即食面,3,成品、半成品或加工食品
6317,细纱布,3,不属于指南允许的基础原生食材类别
6318,芝麻馅汤圆,3,不属于指南允许的基础原生食材类别
6319,圆形切模,3,不属于指南允许的基础原生食材类别
6320,一片生菜,3,数量或单位残留且无法可靠恢复原食材
6321,配料」,3,不属于指南允许的基础原生食材类别
6322,马苏里拉奶酪芝士,3,烘焙或乳制加工食品
6323,马拉里苏奶酪,3,烘焙或乳制加工食品
6324,每个豆沙,3,成品、半成品或加工食品
6325,火锅宽粉,3,不属于指南允许的基础原生食材类别
6326,锅酱包,3,不属于指南允许的基础原生食材类别
6327,爱好马苏里拉芝士,3,烘焙或乳制加工食品
6328,汉堡包胚,3,成品、半成品或加工食品
6329,其他油也可,3,不属于指南允许的基础原生食材类别
6330,多少放多少芝士,3,烘焙或乳制加工食品
6331,子开水,3,不属于指南允许的基础原生食材类别
6332,中式面粉,3,成品、半成品或加工食品
6333,熏料,3,不属于指南允许的基础原生食材类别
6334,鱼皮饺,3,不属于指南允许的基础原生食材类别
6335,盆冷水,3,不属于指南允许的基础原生食材类别
6336,低脂鸡肉肠,3,成品、半成品或加工食品
6337,乳酸钙,3,不属于指南允许的基础原生食材类别
6338,多张厨房纸,3,不属于指南允许的基础原生食材类别
6339,芡粉水,3,不属于指南允许的基础原生食材类别
6340,清水油面筋,3,成品、半成品或加工食品
6341,馬蘇裡拉芝士,3,烘焙或乳制加工食品
6342,意大利乳清干酪,3,不属于指南允许的基础原生食材类别
6343,多少芹菜,3,数量或单位残留且无法可靠恢复原食材
6344,香橙皮,3,不属于指南允许的基础原生食材类别
6345,人饭量米饭,3,成品、半成品或加工食品
6346,油类,3,不属于指南允许的基础原生食材类别
6347,泡瑶柱水,3,不属于指南允许的基础原生食材类别
6348,炒熟面粉,3,工具、包装或操作说明
6349,惠尔通,3,不属于指南允许的基础原生食材类别
6350,大汤勺,3,不属于指南允许的基础原生食材类别
6351,节腊肉,3,加工肉制品
6352,粗玉米粉,3,成品、半成品或加工食品
6353,手工鱼丸,3,成品、半成品或加工食品
6354,一次性杯,3,不属于指南允许的基础原生食材类别
6355,牛奶一包,3,饮料、酒类或乳制品不属于本版核心原生食材
6356,多少就多少猪肉,3,数量或单位残留且无法可靠恢复原食材
6357,马鲛鱼丸,3,成品、半成品或加工食品
6358,来调味,3,不属于指南允许的基础原生食材类别
6359,盘冰水,3,不属于指南允许的基础原生食材类别
6360,牛奶少量,3,饮料、酒类或乳制品不属于本版核心原生食材
6361,张烘焙油纸,3,工具、包装或操作说明
6362,种类水果,3,不属于指南允许的基础原生食材类别
6363,发白,3,不属于指南允许的基础原生食材类别
6364,三分肥,3,不属于指南允许的基础原生食材类别
6365,吧面条,3,成品、半成品或加工食品
6366,皮柚子皮,3,不属于指南允许的基础原生食材类别
6367,双汇王中王,3,不属于指南允许的基础原生食材类别
6368,辣味鲜,3,不属于指南允许的基础原生食材类别
6369,龙须粉丝,3,豆制品或淀粉制品（严格模式排除）
6370,鸭一只重,3,数量或单位残留且无法可靠恢复原食材
6371,瑞士三角巧克力,3,烘焙或乳制加工食品
6372,多少放多少白芝麻,3,数量或单位残留且无法可靠恢复原食材
6373,碟清水,3,不属于指南允许的基础原生食材类别
6374,五彩汤圆,3,不属于指南允许的基础原生食材类别
6375,预伴粉,3,不属于指南允许的基础原生食材类别
6376,成人奶粉,3,烘焙或乳制加工食品
6377,自行调整牛奶,3,饮料、酒类或乳制品不属于本版核心原生食材
6378,凯撒,3,不属于指南允许的基础原生食材类别
6379,副一次性手套,3,不属于指南允许的基础原生食材类别
6380,巧克力浆,3,烘焙或乳制加工食品
6381,各式果干,3,成品、半成品或加工食品
6382,玄米饭,3,成品、半成品或加工食品
6383,鸡蛋一共牛奶,3,饮料、酒类或乳制品不属于本版核心原生食材
6384,醇品咖啡粉,3,饮料、酒类或乳制品不属于本版核心原生食材
6385,粉竹炭粉,3,不属于指南允许的基础原生食材类别
6386,方形火腿,3,加工肉制品
6387,立顿红茶茶包,3,不属于指南允许的基础原生食材类别
6388,平碗面粉,3,成品、半成品或加工食品
6389,馅莲蓉馅,3,不属于指南允许的基础原生食材类别
6390,普通高筋面粉,3,成品、半成品或加工食品
6391,粉清水,3,不属于指南允许的基础原生食材类别
6392,想吃东西,3,不属于指南允许的基础原生食材类别
6393,皮橘子皮,3,不属于指南允许的基础原生食材类别
6394,越南咖啡粉,3,饮料、酒类或乳制品不属于本版核心原生食材
6395,高碑店豆腐丝,3,豆制品或淀粉制品（严格模式排除）
6396,啊啊啊,3,不属于指南允许的基础原生食材类别
6397,茉莉绿茶包,3,不属于指南允许的基础原生食材类别
6398,香草奶油馅,3,烘焙或乳制加工食品
6399,子巧克力,3,烘焙或乳制加工食品
6400,半酸奶,3,饮料、酒类或乳制品不属于本版核心原生食材
6401,多多益善,3,不属于指南允许的基础原生食材类别
6402,家中筋面粉,3,成品、半成品或加工食品
6403,冷藏一夜,3,不属于指南允许的基础原生食材类别
6404,一锅凉水,3,不属于指南允许的基础原生食材类别
6405,慕斯预拌粉,3,成品、半成品或加工食品
6406,可可脂黑巧,3,不属于指南允许的基础原生食材类别
6407,参考份量,3,不属于指南允许的基础原生食材类别
6408,奶油块,3,烘焙或乳制加工食品
6409,八齿花嘴,3,不属于指南允许的基础原生食材类别
6410,油渍金枪鱼罐头,3,成品、半成品或加工食品
6411,多少鹌鹑蛋,3,数量或单位残留且无法可靠恢复原食材
6412,各色果蔬粉,3,不属于指南允许的基础原生食材类别
6413,水和牛奶,3,饮料、酒类或乳制品不属于本版核心原生食材
6414,冰盒,3,不属于指南允许的基础原生食材类别
6415,绿皮西葫芦,3,不属于指南允许的基础原生食材类别
6416,椰树椰奶,3,饮料、酒类或乳制品不属于本版核心原生食材
6417,冲饮,3,不属于指南允许的基础原生食材类别
6418,决定温水,3,不属于指南允许的基础原生食材类别
6419,红丝绒蛋糕胚,3,烘焙或乳制加工食品
6420,广式月饼皮,3,成品、半成品或加工食品
6421,牛奶味,3,饮料、酒类或乳制品不属于本版核心原生食材
6422,微温水,3,不属于指南允许的基础原生食材类别
6423,枸杞葡萄干,3,成品、半成品或加工食品
6424,熟菠菜,3,成品、半成品或加工食品
6425,红莓干,3,不属于指南允许的基础原生食材类别
6426,棒棒饼干,3,烘焙或乳制加工食品
6427,米香肠,3,加工肉制品
6428,戚风蛋糕糊,3,烘焙或乳制加工食品
6429,桂格即食燕麦片,3,成品、半成品或加工食品
6430,即食榨菜,3,成品、半成品或加工食品
6431,碴子,3,不属于指南允许的基础原生食材类别
6432,蒙牛酸奶,3,饮料、酒类或乳制品不属于本版核心原生食材
6433,果实,3,不属于指南允许的基础原生食材类别
6434,糯米小汤圆,3,不属于指南允许的基础原生食材类别
6435,速溶纯咖啡粉,3,饮料、酒类或乳制品不属于本版核心原生食材
6436,脫脂牛奶,3,饮料、酒类或乳制品不属于本版核心原生食材
6437,绞馅,3,不属于指南允许的基础原生食材类别
6438,馒头料,3,成品、半成品或加工食品
6439,马苏奶酪,3,烘焙或乳制加工食品
6440,丝马苏里拉奶酪,3,烘焙或乳制加工食品
6441,大脑,3,不属于指南允许的基础原生食材类别
6442,德运牛奶,3,饮料、酒类或乳制品不属于本版核心原生食材
6443,植物染料,3,不属于指南允许的基础原生食材类别
6444,黄梅,3,不属于指南允许的基础原生食材类别
6445,洋梨罐头,3,成品、半成品或加工食品
6446,多少花生米,3,数量或单位残留且无法可靠恢复原食材
6447,发达奶酪,3,烘焙或乳制加工食品
6448,麦芬预拌粉,3,不属于指南允许的基础原生食材类别
6449,花米饭,3,成品、半成品或加工食品
6450,牛肠,3,成品、半成品或加工食品
6451,绿色沙拉菜,3,成品、半成品或加工食品
6452,见过程材料见过程,3,不属于指南允许的基础原生食材类别
6453,辅助料,3,不属于指南允许的基础原生食材类别
6454,白粉丝,3,豆制品或淀粉制品（严格模式排除）
6455,车仔红茶包,3,不属于指南允许的基础原生食材类别
6456,粉一小捏,3,不属于指南允许的基础原生食材类别
6457,一個,3,不属于指南允许的基础原生食材类别
6458,杏仁豆腐,3,豆制品或淀粉制品（严格模式排除）
6459,少热水,3,不属于指南允许的基础原生食材类别
6460,辣味金枪鱼罐头,3,成品、半成品或加工食品
6461,莲藕粉,3,成品、半成品或加工食品
6462,几朵,3,数量或单位残留且无法可靠恢复原食材
6463,人量通心粉,3,不属于指南允许的基础原生食材类别
6464,冰激淋,3,不属于指南允许的基础原生食材类别
6465,冰鲜奶,3,饮料、酒类或乳制品不属于本版核心原生食材
6466,意麵,3,不属于指南允许的基础原生食材类别
6467,熱水,3,不属于指南允许的基础原生食材类别
6468,黑咖啡液,3,饮料、酒类或乳制品不属于本版核心原生食材
6469,海苔黑芝麻粉,3,成品、半成品或加工食品
6470,蛋糕胚原料,3,烘焙或乳制加工食品
6471,外食,3,不属于指南允许的基础原生食材类别
6472,開水,3,不属于指南允许的基础原生食材类别
6473,皮馄饨皮,3,成品、半成品或加工食品
6474,皮面,3,不属于指南允许的基础原生食材类别
6475,食欲,3,不属于指南允许的基础原生食材类别
6476,熟毛豆,3,成品、半成品或加工食品
6477,各种奶酪,3,烘焙或乳制加工食品
6478,辣酸菜,3,成品、半成品或加工食品
6479,脆谷乐,3,不属于指南允许的基础原生食材类别
6480,汤碗开水,3,不属于指南允许的基础原生食材类别
6481,准备面包糠,3,烘焙或乳制加工食品
6482,子面皮,3,不属于指南允许的基础原生食材类别
6483,食色粉,3,不属于指南允许的基础原生食材类别
6484,包可可粉,3,成品、半成品或加工食品
6485,刀切,3,不属于指南允许的基础原生食材类别
6486,各种调味品,3,不属于指南允许的基础原生食材类别
6487,腌肉粉,3,加工肉制品
6488,百奇饼干,3,烘焙或乳制加工食品
6489,牛奶味桃山皮,3,饮料、酒类或乳制品不属于本版核心原生食材
6490,比萨底,3,不属于指南允许的基础原生食材类别
6491,和熟芝麻,3,成品、半成品或加工食品
6492,蜜汁料,3,不属于指南允许的基础原生食材类别
6493,白干子,3,不属于指南允许的基础原生食材类别
6494,韭菜一把,3,数量或单位残留且无法可靠恢复原食材
6495,蛋黄牛奶,3,饮料、酒类或乳制品不属于本版核心原生食材
6496,火候,3,不属于指南允许的基础原生食材类别
6497,油最好,3,不属于指南允许的基础原生食材类别
6498,不是必须,3,不属于指南允许的基础原生食材类别
6499,金枪鱼沙拉,3,成品、半成品或加工食品
6500,鹰嘴豆浆,3,成品、半成品或加工食品
6501,茶匙鹽,3,不属于指南允许的基础原生食材类别
6502,千层派皮,3,不属于指南允许的基础原生食材类别
6503,一人,3,不属于指南允许的基础原生食材类别
6504,多少秋葵,3,数量或单位残留且无法可靠恢复原食材
6505,三角芝士,3,烘焙或乳制加工食品
6506,西施骨,3,不属于指南允许的基础原生食材类别
6507,菲达奶酪,3,烘焙或乳制加工食品
6508,大小面粉,3,成品、半成品或加工食品
6509,来源民间方,3,不属于指南允许的基础原生食材类别
6510,金煌芒,3,不属于指南允许的基础原生食材类别
6511,打奶泡器,3,不属于指南允许的基础原生食材类别
6512,纯度巧克力,3,烘焙或乳制加工食品
6513,灌肠机,3,不属于指南允许的基础原生食材类别
6514,姜皮,3,不属于指南允许的基础原生食材类别
6515,火腿薄片,3,加工肉制品
6516,碎培根,3,加工肉制品
6517,味肉肠,3,成品、半成品或加工食品
6518,生葵花籽,3,不属于指南允许的基础原生食材类别
6519,定克面粉,3,成品、半成品或加工食品
6520,豆乳布丁,3,成品、半成品或加工食品
6521,汽泡水,3,不属于指南允许的基础原生食材类别
6522,黄瓜沙拉,3,成品、半成品或加工食品
6523,麻腐,3,不属于指南允许的基础原生食材类别
6524,色拌饭香松,3,不属于指南允许的基础原生食材类别
6525,人吃话,3,不属于指南允许的基础原生食材类别
6526,巧克力干纳许,3,烘焙或乳制加工食品
6527,平盘,3,不属于指南允许的基础原生食材类别
6528,自己擀饺子皮,3,成品、半成品或加工食品
6529,团子,3,不属于指南允许的基础原生食材类别
6530,果脯类,3,成品、半成品或加工食品
6531,家咖啡机,3,饮料、酒类或乳制品不属于本版核心原生食材
6532,广式腊味,3,不属于指南允许的基础原生食材类别
6533,甜品台,3,不属于指南允许的基础原生食材类别
6534,巴氏鲜奶,3,饮料、酒类或乳制品不属于本版核心原生食材
6535,谷类,3,不属于指南允许的基础原生食材类别
6536,现煮米饭,3,成品、半成品或加工食品
6537,包子料,3,成品、半成品或加工食品
6538,葡萄干和蔓越莓干,3,成品、半成品或加工食品
6539,金钱肚,3,不属于指南允许的基础原生食材类别
6540,油条预拌粉,3,成品、半成品或加工食品
6541,低劲面粉,3,成品、半成品或加工食品
6542,生亚麻籽,3,不属于指南允许的基础原生食材类别
6543,油条酥,3,成品、半成品或加工食品
6544,口味泡菜,3,成品、半成品或加工食品
6545,鱼一斤,3,数量或单位残留且无法可靠恢复原食材
6546,嘜奶酱浓情太妃味,3,不属于指南允许的基础原生食材类别
6547,塊豆腐,3,豆制品或淀粉制品（严格模式排除）
6548,储酿器,3,不属于指南允许的基础原生食材类别
6549,各种葡萄干,3,成品、半成品或加工食品
6550,红粉皮,3,豆制品或淀粉制品（严格模式排除）
6551,电动打奶泡器,3,不属于指南允许的基础原生食材类别
6552,豆腐一盒,3,豆制品或淀粉制品（严格模式排除）
6553,冷冻树莓,3,不属于指南允许的基础原生食材类别
6554,锅烧豆腐,3,豆制品或淀粉制品（严格模式排除）
6555,生水,3,不属于指南允许的基础原生食材类别
6556,头瓶,3,不属于指南允许的基础原生食材类别
6557,料理杯,3,不属于指南允许的基础原生食材类别
6558,马斯卡朋芝士,3,烘焙或乳制加工食品
6559,食油少量,3,不属于指南允许的基础原生食材类别
6560,皮量橙皮屑,3,不属于指南允许的基础原生食材类别
6561,牛肉汉堡,3,成品、半成品或加工食品
6562,多豆沙馅,3,成品、半成品或加工食品
6563,多少腐竹,3,豆制品或淀粉制品（严格模式排除）
6564,皮普通面粉,3,成品、半成品或加工食品
6565,馅低筋面粉,3,成品、半成品或加工食品
6566,蛋挞皮蛋挞皮,3,成品、半成品或加工食品
6567,多少黄豆,3,数量或单位残留且无法可靠恢复原食材
6568,慕斯蛋糕体,3,烘焙或乳制加工食品
6569,柳橙皮屑,3,不属于指南允许的基础原生食材类别
6570,橙皮粒,3,不属于指南允许的基础原生食材类别
6571,磅蛋糕模,3,烘焙或乳制加工食品
6572,广式月饼,3,成品、半成品或加工食品
6573,海底捞,3,不属于指南允许的基础原生食材类别
6574,坚果巧克力,3,烘焙或乳制加工食品
6575,油条粉,3,成品、半成品或加工食品
6576,材料混合,3,不属于指南允许的基础原生食材类别
6577,粗粮煎饼,3,不属于指南允许的基础原生食材类别
6578,濑粉,3,不属于指南允许的基础原生食材类别
6579,海底捞清油锅底,3,不属于指南允许的基础原生食材类别
6580,彩迪卷,3,不属于指南允许的基础原生食材类别
6581,黑米面粉,3,成品、半成品或加工食品
6582,法式长棍,3,不属于指南允许的基础原生食材类别
6583,克豆渣,3,成品、半成品或加工食品
6584,妃子笑,3,不属于指南允许的基础原生食材类别
6585,石磨面粉,3,成品、半成品或加工食品
6586,脆皮巧克力,3,烘焙或乳制加工食品
6587,鲜芡实,3,不属于指南允许的基础原生食材类别
6588,少面粉,3,成品、半成品或加工食品
6589,金莎巧克力,3,烘焙或乳制加工食品
6590,奥利奥饼底,3,不属于指南允许的基础原生食材类别
6591,随你,3,不属于指南允许的基础原生食材类别
6592,淡奶油一盒,3,烘焙或乳制加工食品
6593,味饼干』,3,烘焙或乳制加工食品
6594,钙粉,3,不属于指南允许的基础原生食材类别
6595,机赤味增,3,不属于指南允许的基础原生食材类别
6596,泡椒泡萝卜,3,成品、半成品或加工食品
6597,大汤圆,3,不属于指南允许的基础原生食材类别
6598,豆瓣酱辣,3,不属于指南允许的基础原生食材类别
6599,果仁葡萄干,3,成品、半成品或加工食品
6600,喜爱食材,3,不属于指南允许的基础原生食材类别
6601,田河马蹄粉,3,不属于指南允许的基础原生食材类别
6602,一张,3,不属于指南允许的基础原生食材类别
6603,一团,3,不属于指南允许的基础原生食材类别
6604,半汤匙,3,不属于指南允许的基础原生食材类别
6605,雀巢咖啡粉,3,饮料、酒类或乳制品不属于本版核心原生食材
6606,王致和红豆沙,3,成品、半成品或加工食品
6607,双皮奶,3,饮料、酒类或乳制品不属于本版核心原生食材
6608,啦奶酪,3,烘焙或乳制加工食品
6609,蛋液加牛奶,3,饮料、酒类或乳制品不属于本版核心原生食材
6610,魔芋凉皮,3,不属于指南允许的基础原生食材类别
6611,妙可蓝多烘焙奶酪,3,烘焙或乳制加工食品
6612,棒面包,3,烘焙或乳制加工食品
6613,黄浆,3,不属于指南允许的基础原生食材类别
6614,苟杞,3,不属于指南允许的基础原生食材类别
6615,南瓜牛奶,3,饮料、酒类或乳制品不属于本版核心原生食材
6616,面包去边,3,烘焙或乳制加工食品
6617,芽菜肉末,3,成品、半成品或加工食品
6618,果茸,3,不属于指南允许的基础原生食材类别
6619,蛋糕蛋黄糊,3,烘焙或乳制加工食品
6620,准山,3,不属于指南允许的基础原生食材类别
6621,雪糕棒,3,成品、半成品或加工食品
6622,干貝,3,不属于指南允许的基础原生食材类别
6623,早睡早起,3,不属于指南允许的基础原生食材类别
6624,饺子剩下饺子皮,3,成品、半成品或加工食品
6625,泡芙馅,3,不属于指南允许的基础原生食材类别
6626,三件套,3,不属于指南允许的基础原生食材类别
6627,披萨叶,3,成品、半成品或加工食品
6628,馅儿饺子,3,成品、半成品或加工食品
6629,印度飞饼皮,3,不属于指南允许的基础原生食材类别
6630,芦荟酸奶,3,饮料、酒类或乳制品不属于本版核心原生食材
6631,中号裱花嘴,3,不属于指南允许的基础原生食材类别
6632,支巧克力笔,3,烘焙或乳制加工食品
6633,口味慕斯,3,成品、半成品或加工食品
6634,调制水,3,不属于指南允许的基础原生食材类别
6635,日清山茶花高筋粉,3,不属于指南允许的基础原生食材类别
6636,蒜蓉剁辣椒,3,成品、半成品或加工食品
6637,其余食材,3,不属于指南允许的基础原生食材类别
6638,巴马臣奶酪,3,烘焙或乳制加工食品
6639,奶油原料,3,烘焙或乳制加工食品
6640,爱吃食物,3,不属于指南允许的基础原生食材类别
6641,清明草泥,3,不属于指南允许的基础原生食材类别
6642,乳酸菌酸奶,3,成品、半成品或加工食品
6643,任意葡萄干,3,成品、半成品或加工食品
6644,杂粮面包,3,烘焙或乳制加工食品
6645,咖啡精,3,饮料、酒类或乳制品不属于本版核心原生食材
6646,第一天,3,不属于指南允许的基础原生食材类别
6647,果膏,3,不属于指南允许的基础原生食材类别
6648,慕斯蛋黄,3,成品、半成品或加工食品
6649,面包团,3,烘焙或乳制加工食品
6650,湾仔码头水晶汤圆,3,不属于指南允许的基础原生食材类别
6651,米豆浆,3,成品、半成品或加工食品
6652,增稠,3,不属于指南允许的基础原生食材类别
6653,调味类,3,不属于指南允许的基础原生食材类别
6654,欢马苏里拉芝士碎,3,烘焙或乳制加工食品
6655,不要太大,3,不属于指南允许的基础原生食材类别
6656,板巧克力,3,烘焙或乳制加工食品
6657,客家米粉,3,成品、半成品或加工食品
6658,拿破仑粉,3,不属于指南允许的基础原生食材类别
6659,多些水,3,不属于指南允许的基础原生食材类别
6660,水果蛋糕,3,烘焙或乳制加工食品
6661,不要超过,3,不属于指南允许的基础原生食材类别
6662,大香肠,3,加工肉制品
6663,配面粉,3,成品、半成品或加工食品
6664,虾丸鱼丸,3,成品、半成品或加工食品
6665,肉骨茶香料,3,不属于指南允许的基础原生食材类别
6666,咖啡细粉,3,饮料、酒类或乳制品不属于本版核心原生食材
6667,多少鸡爪,3,数量或单位残留且无法可靠恢复原食材
6668,家常豆腐,3,豆制品或淀粉制品（严格模式排除）
6669,这样,3,不属于指南允许的基础原生食材类别
6670,汕头手打牛肉丸,3,成品、半成品或加工食品
6671,蚝士,3,不属于指南允许的基础原生食材类别
6672,瑞士卷,3,不属于指南允许的基础原生食材类别
6673,藜麦糙米饭,3,成品、半成品或加工食品
6674,速溶咖啡咖啡,3,饮料、酒类或乳制品不属于本版核心原生食材
6675,蜜枣粽子,3,不属于指南允许的基础原生食材类别
6676,一次性塑料杯,3,不属于指南允许的基础原生食材类别
6677,寒天晶球,3,不属于指南允许的基础原生食材类别
6678,自行调节牛奶,3,饮料、酒类或乳制品不属于本版核心原生食材
6679,榆钱儿,3,不属于指南允许的基础原生食材类别
6680,太妃炼奶,3,饮料、酒类或乳制品不属于本版核心原生食材
6681,虾肉干,3,加工肉制品
6682,皮橙皮,3,不属于指南允许的基础原生食材类别
6683,珍珠米饭,3,成品、半成品或加工食品
6684,可面条,3,成品、半成品或加工食品
6685,米饭量米,3,成品、半成品或加工食品
6686,健康饮食,3,不属于指南允许的基础原生食材类别
6687,杏仁蛋糕,3,烘焙或乳制加工食品
6688,多年糕,3,成品、半成品或加工食品
6689,饼干磨具,3,烘焙或乳制加工食品
6690,自定意大利面,3,成品、半成品或加工食品
6691,口味可多加芝士,3,烘焙或乳制加工食品
6692,烧海苔,3,成品、半成品或加工食品
6693,豆腐内脂豆腐,3,豆制品或淀粉制品（严格模式排除）
6694,可更换,3,不属于指南允许的基础原生食材类别
6695,肉花肠,3,成品、半成品或加工食品
6696,多少银耳,3,数量或单位残留且无法可靠恢复原食材
6697,其他颜色,3,不属于指南允许的基础原生食材类别
6698,味酸奶粉,3,烘焙或乳制加工食品
6699,包方便面,3,成品、半成品或加工食品
6700,爱爱心,3,不属于指南允许的基础原生食材类别
6701,豆沙奶油霜,3,烘焙或乳制加工食品
6702,格巧克力,3,烘焙或乳制加工食品
6703,鲜马苏里拉奶酪,3,烘焙或乳制加工食品
6704,脆皮火腿肠,3,加工肉制品
6705,熟五花肉,3,成品、半成品或加工食品
6706,水融化,3,不属于指南允许的基础原生食材类别
6707,按自己口味加,3,不属于指南允许的基础原生食材类别
6708,沙茶包,3,不属于指南允许的基础原生食材类别
6709,法包,3,不属于指南允许的基础原生食材类别
6710,杂粮吐司,3,烘焙或乳制加工食品
6711,纯肉肠,3,成品、半成品或加工食品
6712,备凉开水,3,不属于指南允许的基础原生食材类别
6713,常香料,3,不属于指南允许的基础原生食材类别
6714,香肠切片,3,加工肉制品
6715,纯肉香肠,3,加工肉制品
6716,鲜菊花,3,不属于指南允许的基础原生食材类别
6717,后腿,3,不属于指南允许的基础原生食材类别
6718,纯素,3,不属于指南允许的基础原生食材类别
6719,奥利奥威化,3,不属于指南允许的基础原生食材类别
6720,通心意粉,3,不属于指南允许的基础原生食材类别
6721,意式,3,不属于指南允许的基础原生食材类别
6722,八分满水,3,不属于指南允许的基础原生食材类别
6723,麦芯面粉,3,成品、半成品或加工食品
6724,生可可豆,3,不属于指南允许的基础原生食材类别
6725,蓝莓干蔓越莓干,3,成品、半成品或加工食品
6726,奶油奶酪软化,3,烘焙或乳制加工食品
6727,真心,3,不属于指南允许的基础原生食材类别
6728,水果披萨,3,成品、半成品或加工食品
6729,龙蒿叶,3,不属于指南允许的基础原生食材类别
6730,台肠,3,成品、半成品或加工食品
6731,名字,3,不属于指南允许的基础原生食材类别
6732,頭抽,3,不属于指南允许的基础原生食材类别
6733,少耐高温巧克力豆,3,烘焙或乳制加工食品
6734,玉米沙拉,3,成品、半成品或加工食品
6735,特一粉,3,不属于指南允许的基础原生食材类别
6736,可多放,3,不属于指南允许的基础原生食材类别
6737,盘量,3,不属于指南允许的基础原生食材类别
6738,平勺低筋面粉,3,成品、半成品或加工食品
6739,建水豆腐,3,豆制品或淀粉制品（严格模式排除）
6740,陶瓷碗,3,不属于指南允许的基础原生食材类别
6741,巧克力拉线膏,3,烘焙或乳制加工食品
6742,伯爵茶茶包,3,不属于指南允许的基础原生食材类别
6743,软欧包,3,不属于指南允许的基础原生食材类别
6744,巴拉巴拉,3,不属于指南允许的基础原生食材类别
6745,干二荆条,3,不属于指南允许的基础原生食材类别
6746,莳萝草,3,不属于指南允许的基础原生食材类别
6747,增加口感,3,不属于指南允许的基础原生食材类别
6748,半白米饭,3,成品、半成品或加工食品
6749,米饭大米,3,成品、半成品或加工食品
6750,菜洋葱半个,3,数量或单位残留且无法可靠恢复原食材
6751,原汁机一台,3,不属于指南允许的基础原生食材类别
6752,丝滑巧克力,3,烘焙或乳制加工食品
6753,布朗尼预拌粉,3,不属于指南允许的基础原生食材类别
6754,厚土司,3,不属于指南允许的基础原生食材类别
6755,各式各样,3,不属于指南允许的基础原生食材类别
6756,蒜蓉粉丝扇贝,3,豆制品或淀粉制品（严格模式排除）
6757,代可可脂巧克力,3,烘焙或乳制加工食品
6758,什么就做什么,3,不属于指南允许的基础原生食材类别
6759,柴魚,3,不属于指南允许的基础原生食材类别
6760,佛卡夏面包,3,烘焙或乳制加工食品
6761,淡奶油抹面,3,烘焙或乳制加工食品
6762,调色粉,3,不属于指南允许的基础原生食材类别
6763,古龙午餐肉,3,加工肉制品
6764,主体食材,3,不属于指南允许的基础原生食材类别
6765,原料,3,不属于指南允许的基础原生食材类别
6766,口味熟白芝麻,3,成品、半成品或加工食品
6767,现磨咖啡,3,饮料、酒类或乳制品不属于本版核心原生食材
6768,果酱内陷,3,成品、半成品或加工食品
6769,一会儿,3,不属于指南允许的基础原生食材类别
6770,多少芋头,3,数量或单位残留且无法可靠恢复原食材
6771,季新鲜食材,3,不属于指南允许的基础原生食材类别
6772,真爱,3,不属于指南允许的基础原生食材类别
6773,梳打粉,3,不属于指南允许的基础原生食材类别
6774,脆脆肠,3,成品、半成品或加工食品
6775,豆乳卡仕达,3,成品、半成品或加工食品
6776,可可饼干,3,烘焙或乳制加工食品
6777,白巧克力慕斯层,3,烘焙或乳制加工食品
6778,是一样,3,不属于指南允许的基础原生食材类别
6779,你爱,3,不属于指南允许的基础原生食材类别
6780,随心放,3,不属于指南允许的基础原生食材类别
6781,没称重,3,不属于指南允许的基础原生食材类别
6782,巧克力味蛋白粉,3,烘焙或乳制加工食品
6783,莓子,3,不属于指南允许的基础原生食材类别
6784,多少三文鱼,3,数量或单位残留且无法可靠恢复原食材
6785,没具体量,3,不属于指南允许的基础原生食材类别
6786,饼条,3,不属于指南允许的基础原生食材类别
6787,果渣,3,不属于指南允许的基础原生食材类别
6788,黑皮鸡枞菌,3,不属于指南允许的基础原生食材类别
6789,即食蟹棒,3,成品、半成品或加工食品
6790,姜饼屋饼干,3,烘焙或乳制加工食品
6791,三文治面包,3,烘焙或乳制加工食品
6792,展艺,3,不属于指南允许的基础原生食材类别
6793,勾芡水,3,不属于指南允许的基础原生食材类别
6794,炸好花生米,3,工具、包装或操作说明
6795,雀巢速溶咖啡,3,饮料、酒类或乳制品不属于本版核心原生食材
6796,多少芸豆,3,数量或单位残留且无法可靠恢复原食材
6797,潮汕萝卜干,3,成品、半成品或加工食品
6798,枫叶,3,不属于指南允许的基础原生食材类别
6799,油一小碗,3,不属于指南允许的基础原生食材类别
6800,鱼肉罐头,3,成品、半成品或加工食品
6801,纯咖啡,3,饮料、酒类或乳制品不属于本版核心原生食材
6802,细绳子,3,不属于指南允许的基础原生食材类别
6803,想法,3,不属于指南允许的基础原生食材类别
6804,水果果泥,3,不属于指南允许的基础原生食材类别
6805,色饺皮,3,不属于指南允许的基础原生食材类别
6806,口味饼干,3,烘焙或乳制加工食品
6807,就好芝士,3,烘焙或乳制加工食品
6808,碟面粉,3,成品、半成品或加工食品
6809,按自己口味调,3,不属于指南允许的基础原生食材类别
6810,一球香草冰淇淋,3,成品、半成品或加工食品
6811,蔓越莓干葡萄干,3,成品、半成品或加工食品
6812,差异,3,不属于指南允许的基础原生食材类别
6813,食材准备,3,不属于指南允许的基础原生食材类别
6814,库利,3,不属于指南允许的基础原生食材类别
6815,酸奶淋面,3,饮料、酒类或乳制品不属于本版核心原生食材
6816,天妇罗炸粉,3,不属于指南允许的基础原生食材类别
6817,各种香肠,3,加工肉制品
6818,烙印,3,不属于指南允许的基础原生食材类别
6819,竹篮,3,不属于指南允许的基础原生食材类别
6820,咸蛋黄肉松,3,加工肉制品
6821,苦荞,3,不属于指南允许的基础原生食材类别
6822,几片五花肉,3,数量或单位残留且无法可靠恢复原食材
6823,粉条馅,3,豆制品或淀粉制品（严格模式排除）
6824,香辣干碟,3,不属于指南允许的基础原生食材类别
6825,黄油室温,3,烘焙或乳制加工食品
6826,金骏眉,3,不属于指南允许的基础原生食材类别
6827,口味饺子馅,3,成品、半成品或加工食品
6828,铜锣烧,3,不属于指南允许的基础原生食材类别
6829,花蕾,3,不属于指南允许的基础原生食材类别
6830,螺丝意大利面,3,成品、半成品或加工食品
6831,纯可可脂黑巧克力,3,烘焙或乳制加工食品
6832,泡发花胶,3,不属于指南允许的基础原生食材类别
6833,大果粒酸奶,3,饮料、酒类或乳制品不属于本版核心原生食材
6834,碎饼干,3,烘焙或乳制加工食品
6835,糕点粉,3,不属于指南允许的基础原生食材类别
6836,鸡肉午餐肉,3,加工肉制品
6837,去瓤,3,不属于指南允许的基础原生食材类别
6838,薄薄一层,3,不属于指南允许的基础原生食材类别
6839,茶品质标示柚子茶,3,饮料、酒类或乳制品不属于本版核心原生食材
6840,部分温水,3,不属于指南允许的基础原生食材类别
6841,碎黑巧克力,3,烘焙或乳制加工食品
6842,月子水,3,不属于指南允许的基础原生食材类别
6843,南瓜芋圆,3,成品、半成品或加工食品
6844,小卷,3,不属于指南允许的基础原生食材类别
6845,帕尔马芝士粉,3,烘焙或乳制加工食品
6846,平底盘,3,不属于指南允许的基础原生食材类别
6847,金黄芝士粉,3,烘焙或乳制加工食品
6848,自己把握,3,不属于指南允许的基础原生食材类别
6849,阿胶糕,3,不属于指南允许的基础原生食材类别
6850,了汤圆,3,不属于指南允许的基础原生食材类别
6851,巧克力卷,3,烘焙或乳制加工食品
6852,想吃什么加什么,3,不属于指南允许的基础原生食材类别
6853,烘焙时间,3,不属于指南允许的基础原生食材类别
6854,油酥原料,3,不属于指南允许的基础原生食材类别
6855,牛奶替代,3,饮料、酒类或乳制品不属于本版核心原生食材
6856,子红茶,3,饮料、酒类或乳制品不属于本版核心原生食材
6857,树莓干,3,不属于指南允许的基础原生食材类别
6858,心脆,3,不属于指南允许的基础原生食材类别
6859,清淡,3,不属于指南允许的基础原生食材类别
6860,熟黑米,3,成品、半成品或加工食品
6861,腊肉一块,3,加工肉制品
6862,巧克力糊,3,烘焙或乳制加工食品
6863,什么就放什么,3,不属于指南允许的基础原生食材类别
6864,面粉浆,3,成品、半成品或加工食品
6865,小豆腐,3,豆制品或淀粉制品（严格模式排除）
6866,再制奶酪,3,烘焙或乳制加工食品
6867,种口味冰淇淋,3,成品、半成品或加工食品
6868,酸梅膏,3,不属于指南允许的基础原生食材类别
6869,蒜蓉剁椒,3,成品、半成品或加工食品
6870,咖啡渣,3,饮料、酒类或乳制品不属于本版核心原生食材
6871,多少芝麻菜,3,数量或单位残留且无法可靠恢复原食材
6872,干蔓越莓干,3,成品、半成品或加工食品
6873,珍珠果,3,不属于指南允许的基础原生食材类别
6874,辣白菜辛拉面,3,不属于指南允许的基础原生食材类别
6875,打碎机,3,不属于指南允许的基础原生食材类别
6876,油海绵蛋糕,3,烘焙或乳制加工食品
6877,内心,3,不属于指南允许的基础原生食材类别
6878,喷水,3,不属于指南允许的基础原生食材类别
6879,想吃食材,3,不属于指南允许的基础原生食材类别
6880,蛋糕镜面,3,烘焙或乳制加工食品
6881,多少个蘑菇,3,数量或单位残留且无法可靠恢复原食材
6882,熟冻龙虾,3,成品、半成品或加工食品
6883,夜开花,3,不属于指南允许的基础原生食材类别
6884,原制奶酪,3,烘焙或乳制加工食品
6885,都很好吃,3,不属于指南允许的基础原生食材类别
6886,阿萨姆奶茶,3,饮料、酒类或乳制品不属于本版核心原生食材
6887,容器一个,3,工具、包装或操作说明
6888,食面条,3,成品、半成品或加工食品
6889,少量多次加入,3,工具、包装或操作说明
6890,婴儿酸奶,3,饮料、酒类或乳制品不属于本版核心原生食材
6891,其他芝士,3,烘焙或乳制加工食品
6892,泡上,3,不属于指南允许的基础原生食材类别
6893,一清水,3,不属于指南允许的基础原生食材类别
6894,子红豆沙,3,成品、半成品或加工食品
6895,鸡蛋加纯牛奶,3,饮料、酒类或乳制品不属于本版核心原生食材
6896,刮板,3,不属于指南允许的基础原生食材类别
6897,艾根,3,不属于指南允许的基础原生食材类别
6898,广口瓶,3,不属于指南允许的基础原生食材类别
6899,降温,3,不属于指南允许的基础原生食材类别
6900,小香,3,不属于指南允许的基础原生食材类别
6901,料一样,3,不属于指南允许的基础原生食材类别
6902,车前子粉,3,不属于指南允许的基础原生食材类别
6903,多张饺子皮,3,成品、半成品或加工食品
6904,天然可可粉,3,成品、半成品或加工食品
6905,纯奶牛奶,3,饮料、酒类或乳制品不属于本版核心原生食材
6906,牌红茶包,3,不属于指南允许的基础原生食材类别
6907,港式腊肠,3,成品、半成品或加工食品
6908,玛丽亚消化饼干,3,烘焙或乳制加工食品
6909,怡宝纯净水,3,不属于指南允许的基础原生食材类别
6910,淡奶油里,3,烘焙或乳制加工食品
6911,粉丝馅,3,豆制品或淀粉制品（严格模式排除）
6912,后切碎木耳,3,工具、包装或操作说明
6913,克抹茶粉,3,成品、半成品或加工食品
6914,奇亚籽布丁,3,成品、半成品或加工食品
6915,咖啡海绵蛋糕,3,烘焙或乳制加工食品
6916,奶酪夹层,3,烘焙或乳制加工食品
6917,咸苏打饼干,3,烘焙或乳制加工食品
6918,油〉,3,不属于指南允许的基础原生食材类别
6919,牌〉,3,不属于指南允许的基础原生食材类别
6920,虾皮紫菜,3,成品、半成品或加工食品
6921,架子,3,不属于指南允许的基础原生食材类别
6922,月饼小麦粉,3,成品、半成品或加工食品
6923,奶香,3,不属于指南允许的基础原生食材类别
6924,适中面粉,3,成品、半成品或加工食品
6925,饭扫光,3,不属于指南允许的基础原生食材类别
6926,摩卡咖啡粉,3,饮料、酒类或乳制品不属于本版核心原生食材
6927,芒果酸奶,3,饮料、酒类或乳制品不属于本版核心原生食材
6928,一人量,3,不属于指南允许的基础原生食材类别
6929,玉冰烧,3,不属于指南允许的基础原生食材类别
6930,油渣子,3,不属于指南允许的基础原生食材类别
6931,惠宜高筋面粉,3,成品、半成品或加工食品
6932,普洱茶包,3,不属于指南允许的基础原生食材类别
6933,调味素,3,不属于指南允许的基础原生食材类别
6934,细那种,3,不属于指南允许的基础原生食材类别
6935,饺子专麦芯粉,3,成品、半成品或加工食品
6936,必备工具,3,不属于指南允许的基础原生食材类别
6937,奶油内陷,3,烘焙或乳制加工食品
6938,奶油量,3,烘焙或乳制加工食品
6939,红豆牛奶,3,饮料、酒类或乳制品不属于本版核心原生食材
6940,炸一下,3,不属于指南允许的基础原生食材类别
6941,熟白果,3,成品、半成品或加工食品
6942,芝麻肉松,3,加工肉制品
6943,层料,3,不属于指南允许的基础原生食材类别
6944,美素佳儿金装奶粉,3,烘焙或乳制加工食品
6945,表面装饰料,3,工具、包装或操作说明
6946,煎饼果子量,3,不属于指南允许的基础原生食材类别
6947,挂耳,3,不属于指南允许的基础原生食材类别
6948,大福,3,不属于指南允许的基础原生食材类别
6949,对半切,3,不属于指南允许的基础原生食材类别
6950,巧克力插件,3,烘焙或乳制加工食品
6951,老坛泡菜水,3,成品、半成品或加工食品
6952,满马苏里拉芝士,3,烘焙或乳制加工食品
6953,一半清水,3,不属于指南允许的基础原生食材类别
6954,豆腐香干,3,豆制品或淀粉制品（严格模式排除）
6955,鱼肉丸,3,成品、半成品或加工食品
6956,淡味虾皮,3,成品、半成品或加工食品
6957,克冷开水,3,不属于指南允许的基础原生食材类别
6958,调水,3,不属于指南允许的基础原生食材类别
6959,炸物,3,不属于指南允许的基础原生食材类别
6960,手边食材,3,不属于指南允许的基础原生食材类别
6961,自封袋,3,不属于指南允许的基础原生食材类别
6962,韩式海苔,3,成品、半成品或加工食品
6963,混合意式香料,3,不属于指南允许的基础原生食材类别
6964,味金枪鱼罐头,3,成品、半成品或加工食品
6965,〈去皮〉,3,不属于指南允许的基础原生食材类别
6966,细沙,3,不属于指南允许的基础原生食材类别
6967,球一个,3,数量或单位残留且无法可靠恢复原食材
6968,增加香味,3,不属于指南允许的基础原生食材类别
6969,剩余米饭,3,成品、半成品或加工食品
6970,忘记了,3,不属于指南允许的基础原生食材类别
6971,我也不知道,3,不属于指南允许的基础原生食材类别
6972,料低筋面粉,3,成品、半成品或加工食品
6973,胚子一个,3,数量或单位残留且无法可靠恢复原食材
6974,里食材,3,不属于指南允许的基础原生食材类别
6975,口味芝士粉,3,烘焙或乳制加工食品
6976,可食竹炭粉,3,不属于指南允许的基础原生食材类别
6977,泡沫,3,不属于指南允许的基础原生食材类别
6978,长粒香米饭,3,成品、半成品或加工食品
6979,西班牙辣肠,3,成品、半成品或加工食品
6980,灌肠工具,3,不属于指南允许的基础原生食材类别
6981,心态,3,不属于指南允许的基础原生食材类别
6982,柚子皮柚子,3,不属于指南允许的基础原生食材类别
6983,锅里,3,不属于指南允许的基础原生食材类别
6984,胶囊咖啡,3,饮料、酒类或乳制品不属于本版核心原生食材
6985,药膳,3,不属于指南允许的基础原生食材类别
6986,对了,3,不属于指南允许的基础原生食材类别
6987,鳕鱼饼,3,成品、半成品或加工食品
6988,皮筋,3,不属于指南允许的基础原生食材类别
6989,草莓味炼奶,3,饮料、酒类或乳制品不属于本版核心原生食材
6990,色料,3,不属于指南允许的基础原生食材类别
6991,棉签,3,不属于指南允许的基础原生食材类别
6992,炒饭料,3,成品、半成品或加工食品
6993,月饼模具一个,3,工具、包装或操作说明
6994,细玉米面粉,3,成品、半成品或加工食品
6995,益生菌饮料,3,饮料、酒类或乳制品不属于本版核心原生食材
6996,锅铲味达美,3,不属于指南允许的基础原生食材类别
6997,决定水,3,不属于指南允许的基础原生食材类别
6998,两个蛋鸡蛋,3,数量或单位残留且无法可靠恢复原食材
6999,多少熟米饭,3,成品、半成品或加工食品
7000,料〗,3,不属于指南允许的基础原生食材类别
7001,黄金奇异果,3,不属于指南允许的基础原生食材类别
7002,酸奶乳清,3,饮料、酒类或乳制品不属于本版核心原生食材
7003,枕头面包,3,烘焙或乳制加工食品
7004,意大利腊肠,3,成品、半成品或加工食品
7005,青砖茶,3,饮料、酒类或乳制品不属于本版核心原生食材
7006,酱罐头,3,成品、半成品或加工食品
7007,鸡肉火腿,3,加工肉制品
7008,奥尔良烤鸡肉,3,成品、半成品或加工食品
7009,风味奶酪,3,烘焙或乳制加工食品
7010,多少豆皮,3,豆制品或淀粉制品（严格模式排除）
7011,各类香料,3,不属于指南允许的基础原生食材类别
7012,红豆奶,3,成品、半成品或加工食品
7013,面包底,3,烘焙或乳制加工食品
7014,三花奶,3,饮料、酒类或乳制品不属于本版核心原生食材
7015,多少米线,3,成品、半成品或加工食品
7016,没过食材清水,3,不属于指南允许的基础原生食材类别
7017,吧炼乳,3,烘焙或乳制加工食品
7018,来上色,3,不属于指南允许的基础原生食材类别
7019,巧克力皮,3,烘焙或乳制加工食品
7020,烟熏红肠,3,成品、半成品或加工食品
7021,鲜肉香肠,3,加工肉制品
7022,川宁伯爵红茶包,3,不属于指南允许的基础原生食材类别
7023,上水,3,不属于指南允许的基础原生食材类别
7024,酥皮低筋面粉,3,成品、半成品或加工食品
7025,几个蘑菇,3,数量或单位残留且无法可靠恢复原食材
7026,味全乳酸菌,3,成品、半成品或加工食品
7027,表层涂抹,3,工具、包装或操作说明
7028,硬吸管,3,工具、包装或操作说明
7029,淡水虾皮,3,成品、半成品或加工食品
7030,尝咸淡,3,不属于指南允许的基础原生食材类别
7031,巧克力纽扣,3,烘焙或乳制加工食品
7032,之心,3,不属于指南允许的基础原生食材类别
7033,沙棘果,3,不属于指南允许的基础原生食材类别
7034,戚风胚子,3,不属于指南允许的基础原生食材类别
7035,笔记,3,不属于指南允许的基础原生食材类别
7036,鹰嘴豆皮,3,豆制品或淀粉制品（严格模式排除）
7037,首选,3,不属于指南允许的基础原生食材类别
7038,意式特浓咖啡,3,饮料、酒类或乳制品不属于本版核心原生食材
7039,红萝卜一根,3,数量或单位残留且无法可靠恢复原食材
7040,具体材料看过程,3,不属于指南允许的基础原生食材类别
7041,甜菊,3,不属于指南允许的基础原生食材类别
7042,花生牛奶,3,饮料、酒类或乳制品不属于本版核心原生食材
7043,泡软粉条,3,豆制品或淀粉制品（严格模式排除）
7044,油方,3,不属于指南允许的基础原生食材类别
7045,意大利风味香辛料,3,不属于指南允许的基础原生食材类别
7046,爱吃多少放多少,3,数量或单位残留且无法可靠恢复原食材
7047,两刀,3,不属于指南允许的基础原生食材类别
7048,倍甜,3,不属于指南允许的基础原生食材类别
7049,表面面粉,3,成品、半成品或加工食品
7050,自己掌握面粉,3,成品、半成品或加工食品
7051,心鱼丸,3,成品、半成品或加工食品
7052,碟花生,3,不属于指南允许的基础原生食材类别
7053,就行面条,3,成品、半成品或加工食品
7054,重油蛋糕,3,烘焙或乳制加工食品
7055,丸子鱼豆腐,3,豆制品或淀粉制品（严格模式排除）
7056,达芝士碎,3,烘焙或乳制加工食品
7057,更好马苏里拉芝士,3,烘焙或乳制加工食品
7058,椰蓉面包,3,烘焙或乳制加工食品
7059,矿泉水瓶盖,3,不属于指南允许的基础原生食材类别
7060,饼干量,3,烘焙或乳制加工食品
7061,这俩,3,不属于指南允许的基础原生食材类别
7062,香锅豆腐,3,豆制品或淀粉制品（严格模式排除）
7063,咖啡包,3,饮料、酒类或乳制品不属于本版核心原生食材
7064,猪肉饺子,3,成品、半成品或加工食品
7065,子甘纳许,3,不属于指南允许的基础原生食材类别
7066,玻璃密封容器,3,工具、包装或操作说明
7067,巧克力甘纳许夹心,3,烘焙或乳制加工食品
7068,里料,3,不属于指南允许的基础原生食材类别
7069,超轻黏土,3,不属于指南允许的基础原生食材类别
7070,绍兴梅干菜,3,成品、半成品或加工食品
7071,黄金双酪,3,不属于指南允许的基础原生食材类别
7072,多豆腐,3,豆制品或淀粉制品（严格模式排除）
7073,手粉糯米粉,3,成品、半成品或加工食品
7074,一支酸奶,3,饮料、酒类或乳制品不属于本版核心原生食材
7075,是戚风,3,不属于指南允许的基础原生食材类别
7076,腌酸菜,3,成品、半成品或加工食品
7077,泡辣椒泡姜,3,成品、半成品或加工食品
7078,吐司边角料,3,烘焙或乳制加工食品
7079,多少大白菜,3,数量或单位残留且无法可靠恢复原食材
7080,干和葡萄干,3,成品、半成品或加工食品
7081,大一块姜,3,数量或单位残留且无法可靠恢复原食材
7082,核桃仁和葡萄干,3,成品、半成品或加工食品
7083,王家渡麻辣香锅料,3,不属于指南允许的基础原生食材类别
7084,生吐司,3,烘焙或乳制加工食品
7085,鸡肉卷皮,3,不属于指南允许的基础原生食材类别
7086,魷魚,3,不属于指南允许的基础原生食材类别
7087,马克杯,3,不属于指南允许的基础原生食材类别
7088,无油无水容器,3,工具、包装或操作说明
7089,多少做多少鸡胸肉,3,数量或单位残留且无法可靠恢复原食材
7090,寸蛋糕坯,3,烘焙或乳制加工食品
7091,水后,3,不属于指南允许的基础原生食材类别
7092,多少克了,3,数量或单位残留且无法可靠恢复原食材
7093,顺序,3,不属于指南允许的基础原生食材类别
7094,可可曲奇,3,成品、半成品或加工食品
7095,酸奶慕斯糊,3,成品、半成品或加工食品
7096,一类,3,不属于指南允许的基础原生食材类别
7097,生日蜡烛,3,不属于指南允许的基础原生食材类别
7098,司康预拌粉,3,不属于指南允许的基础原生食材类别
7099,生蚝干,3,不属于指南允许的基础原生食材类别
7100,蛋糕胚食材,3,烘焙或乳制加工食品
7101,部分牛奶,3,饮料、酒类或乳制品不属于本版核心原生食材
7102,几个裱花袋,3,工具、包装或操作说明
7103,红丝绒戚风蛋糕,3,烘焙或乳制加工食品
7104,马达加斯加香草荚,3,成品、半成品或加工食品
7105,温清水,3,不属于指南允许的基础原生食材类别
7106,豆沙豆沙,3,成品、半成品或加工食品
7107,水晶皮,3,不属于指南允许的基础原生食材类别
7108,烘焙金粉,3,不属于指南允许的基础原生食材类别
7109,奶油霜夹馅,3,烘焙或乳制加工食品
7110,味布丁粉,3,成品、半成品或加工食品
7111,皮粘米粉,3,成品、半成品或加工食品
7112,没过山楂水,3,不属于指南允许的基础原生食材类别
7113,刀子,3,不属于指南允许的基础原生食材类别
7114,番茄酱沙司,3,成品、半成品或加工食品
7115,圆形慕斯圈,3,成品、半成品或加工食品
7116,瓜一个,3,数量或单位残留且无法可靠恢复原食材
7117,蓝黛麻薯预拌粉,3,不属于指南允许的基础原生食材类别
7118,湘西腊肉,3,加工肉制品
7119,芝士蛋糕胚,3,烘焙或乳制加工食品
7120,淡奶油打发,3,工具、包装或操作说明
7121,小蘇打,3,不属于指南允许的基础原生食材类别
7122,速溶椰浆粉,3,饮料、酒类或乳制品不属于本版核心原生食材
7123,西红柿皮,3,不属于指南允许的基础原生食材类别
7124,巴伐利亚,3,不属于指南允许的基础原生食材类别
7125,米饭量糯米,3,成品、半成品或加工食品
7126,两节,3,不属于指南允许的基础原生食材类别
7127,一指节水,3,不属于指南允许的基础原生食材类别
7128,奥尔良烤翅,3,不属于指南允许的基础原生食材类别
7129,红茶茶汤,3,不属于指南允许的基础原生食材类别
7130,戚风蛋糕层,3,烘焙或乳制加工食品
7131,张千张,3,豆制品或淀粉制品（严格模式排除）
7132,对美食热爱,3,不属于指南允许的基础原生食材类别
7133,出门,3,不属于指南允许的基础原生食材类别
7134,坯料,3,不属于指南允许的基础原生食材类别
7135,不锈钢碗,3,不属于指南允许的基础原生食材类别
7136,是低筋面粉,3,成品、半成品或加工食品
7137,披萨粉,3,成品、半成品或加工食品
7138,香肠切丁,3,加工肉制品
7139,黑巧巧克力,3,烘焙或乳制加工食品
7140,酸味,3,不属于指南允许的基础原生食材类别
7141,几张饺子皮,3,成品、半成品或加工食品
7142,野生,3,不属于指南允许的基础原生食材类别
7143,棕色巧克力,3,烘焙或乳制加工食品
7144,糯米糕,3,不属于指南允许的基础原生食材类别
7145,我做,3,不属于指南允许的基础原生食材类别
7146,啦葡萄干,3,成品、半成品或加工食品
7147,干品,3,不属于指南允许的基础原生食材类别
7148,食油〉,3,不属于指南允许的基础原生食材类别
7149,多少冬瓜,3,数量或单位残留且无法可靠恢复原食材
7150,豆浆量黄豆,3,成品、半成品或加工食品
7151,张煎饼,3,不属于指南允许的基础原生食材类别
7152,半矿泉水,3,不属于指南允许的基础原生食材类别
7153,熏豆腐干,3,豆制品或淀粉制品（严格模式排除）
7154,正方形,3,不属于指南允许的基础原生食材类别
7155,啦米饭,3,成品、半成品或加工食品
7156,是配方,3,不属于指南允许的基础原生食材类别
7157,酱食材,3,不属于指南允许的基础原生食材类别
7158,碎马苏里拉芝士,3,烘焙或乳制加工食品
7159,烟熏红甜椒粉,3,成品、半成品或加工食品
7160,饼饼皮,3,不属于指南允许的基础原生食材类别
7161,莳萝粉,3,不属于指南允许的基础原生食材类别
7162,饺子馅猪肉,3,成品、半成品或加工食品
7163,披萨草叶,3,成品、半成品或加工食品
7164,酥脆松,3,不属于指南允许的基础原生食材类别
7165,菲达干酪,3,不属于指南允许的基础原生食材类别
7166,碎粉丝,3,豆制品或淀粉制品（严格模式排除）
7167,蝴蝶胶,3,不属于指南允许的基础原生食材类别
7168,心形,3,不属于指南允许的基础原生食材类别
7169,惠尔通裱花嘴,3,不属于指南允许的基础原生食材类别
7170,每日干果,3,不属于指南允许的基础原生食材类别
7171,食量米饭,3,成品、半成品或加工食品
7172,南瓜面条,3,成品、半成品或加工食品
7173,生乳酪蛋糕,3,烘焙或乳制加工食品
7174,表皮全蛋液,3,不属于指南允许的基础原生食材类别
7175,维维豆奶粉,3,烘焙或乳制加工食品
7176,芝士味炼奶,3,烘焙或乳制加工食品
7177,咸菜头,3,成品、半成品或加工食品
7178,盘饰,3,不属于指南允许的基础原生食材类别
7179,冻坏奶油奶酪,3,烘焙或乳制加工食品
7180,过桥米线,3,成品、半成品或加工食品
7181,塑料容器,3,工具、包装或操作说明
7182,温控器,3,不属于指南允许的基础原生食材类别
7183,各中筋面粉,3,成品、半成品或加工食品
7184,温白开水,3,不属于指南允许的基础原生食材类别
7185,咖啡食材,3,饮料、酒类或乳制品不属于本版核心原生食材
7186,地都咸菜,3,成品、半成品或加工食品
7187,备豆沙馅,3,成品、半成品或加工食品
7188,夏巴塔面包,3,烘焙或乳制加工食品
7189,多少肉馅,3,数量或单位残留且无法可靠恢复原食材
7190,土豆泥沙拉,3,成品、半成品或加工食品
7191,泡软龙口粉丝,3,豆制品或淀粉制品（严格模式排除）
7192,熟粘米粉,3,成品、半成品或加工食品
7193,土家腊肉,3,加工肉制品
7194,芝麻沙拉醬,3,成品、半成品或加工食品
7195,日式味增,3,不属于指南允许的基础原生食材类别
7196,垫纸,3,不属于指南允许的基础原生食材类别
7197,大馄饨皮,3,成品、半成品或加工食品
7198,红皮花生仁,3,不属于指南允许的基础原生食材类别
7199,黄瓜芝士片,3,烘焙或乳制加工食品
7200,鲜米线,3,成品、半成品或加工食品
7201,莲蓉月饼,3,成品、半成品或加工食品
7202,更多,3,不属于指南允许的基础原生食材类别
7203,芝士慕斯糊,3,烘焙或乳制加工食品
7204,花腩,3,不属于指南允许的基础原生食材类别
7205,捏虫草花,3,不属于指南允许的基础原生食材类别
7206,酸豆乳,3,成品、半成品或加工食品
7207,沙子,3,不属于指南允许的基础原生食材类别
7208,黄色葡萄干,3,成品、半成品或加工食品
7209,柠檬皮柠檬皮,3,不属于指南允许的基础原生食材类别
7210,多少通心粉,3,数量或单位残留且无法可靠恢复原食材
7211,中筋面粉面粉,3,成品、半成品或加工食品
7212,台贺动物饼干,3,烘焙或乳制加工食品
7213,画眼睛,3,不属于指南允许的基础原生食材类别
7214,八爪鱼干,3,成品、半成品或加工食品
7215,豆腐饼,3,豆制品或淀粉制品（严格模式排除）
7216,面粉一半水,3,成品、半成品或加工食品
7217,了上色,3,不属于指南允许的基础原生食材类别
7218,半普通面粉,3,成品、半成品或加工食品
7219,号裱花嘴,3,不属于指南允许的基础原生食材类别
7220,煎饼果子,3,不属于指南允许的基础原生食材类别
7221,即食燕窝,3,成品、半成品或加工食品
7222,干面包丁,3,烘焙或乳制加工食品
7223,是戚风蛋糕,3,烘焙或乳制加工食品
7224,冰滴咖啡,3,饮料、酒类或乳制品不属于本版核心原生食材
7225,新鲜面条,3,成品、半成品或加工食品
7226,矿物质,3,不属于指南允许的基础原生食材类别
7227,干莲蓬,3,不属于指南允许的基础原生食材类别
7228,黑炭粉,3,不属于指南允许的基础原生食材类别
7229,稀粥,3,成品、半成品或加工食品
7230,荤素食材,3,不属于指南允许的基础原生食材类别
7231,菊花盏,3,不属于指南允许的基础原生食材类别
7232,巧克力蛋糕预拌粉,3,烘焙或乳制加工食品
7233,诏安青梅,3,不属于指南允许的基础原生食材类别
7234,锅底食材,3,不属于指南允许的基础原生食材类别
7235,馅内馅,3,不属于指南允许的基础原生食材类别
7236,青皮南瓜,3,不属于指南允许的基础原生食材类别
7237,制泡菜,3,成品、半成品或加工食品
7238,茶杯面粉,3,成品、半成品或加工食品
7239,燕饺,3,不属于指南允许的基础原生食材类别
7240,甜味香肠,3,加工肉制品
7241,混合味噌,3,不属于指南允许的基础原生食材类别
7242,物件,3,不属于指南允许的基础原生食材类别
7243,多少个鸡翅,3,数量或单位残留且无法可靠恢复原食材
7244,速溶纯咖啡,3,饮料、酒类或乳制品不属于本版核心原生食材
7245,配一个鸡蛋,3,数量或单位残留且无法可靠恢复原食材
7246,照燒醬,3,不属于指南允许的基础原生食材类别
7247,瓢普通面粉,3,成品、半成品或加工食品
7248,酱一勺,3,数量或单位残留且无法可靠恢复原食材
7249,汉堡肉饼,3,成品、半成品或加工食品
7250,了一下,3,不属于指南允许的基础原生食材类别
7251,宽米粉,3,成品、半成品或加工食品
7252,其他火锅食材,3,不属于指南允许的基础原生食材类别
7253,皮即可清水,3,不属于指南允许的基础原生食材类别
7254,多少张饺子皮,3,成品、半成品或加工食品
7255,头水,3,不属于指南允许的基础原生食材类别
7256,两普通面粉,3,成品、半成品或加工食品
7257,子就行水,3,不属于指南允许的基础原生食材类别
7258,圆形蛋糕,3,烘焙或乳制加工食品
7259,家人,3,不属于指南允许的基础原生食材类别
7260,味饮料,3,饮料、酒类或乳制品不属于本版核心原生食材
7261,皮干,3,不属于指南允许的基础原生食材类别
7262,多少肥牛卷,3,数量或单位残留且无法可靠恢复原食材
7263,付出,3,不属于指南允许的基础原生食材类别
7264,其他奶酪,3,烘焙或乳制加工食品
7265,麵條,3,不属于指南允许的基础原生食材类别
7266,涂抹干酪,3,工具、包装或操作说明
7267,脆皮豆腐,3,豆制品或淀粉制品（严格模式排除）
7268,称重,3,不属于指南允许的基础原生食材类别
7269,煎茶茶包,3,不属于指南允许的基础原生食材类别
7270,掌握,3,不属于指南允许的基础原生食材类别
7271,空碗,3,不属于指南允许的基础原生食材类别
7272,吐司模具量,3,工具、包装或操作说明
7273,擦丝器,3,不属于指南允许的基础原生食材类别
7274,减水,3,不属于指南允许的基础原生食材类别
7275,铺一层,3,不属于指南允许的基础原生食材类别
7276,黑巧克力液,3,烘焙或乳制加工食品
7277,混合液,3,不属于指南允许的基础原生食材类别
7278,情况克面粉,3,成品、半成品或加工食品
7279,饼皮配方,3,不属于指南允许的基础原生食材类别
7280,吐司切片面包,3,烘焙或乳制加工食品
7281,板腱,3,不属于指南允许的基础原生食材类别
7282,多花生,3,不属于指南允许的基础原生食材类别
7283,冷藏隔夜,3,不属于指南允许的基础原生食材类别
7284,雪球,3,不属于指南允许的基础原生食材类别
7285,度放,3,不属于指南允许的基础原生食材类别
7286,参须,3,不属于指南允许的基础原生食材类别
7287,汗水,3,不属于指南允许的基础原生食材类别
7288,面粉各,3,成品、半成品或加工食品
7289,水果干果,3,成品、半成品或加工食品
7290,卵磷脂,3,不属于指南允许的基础原生食材类别
7291,锡兰茶包,3,不属于指南允许的基础原生食材类别
7292,盆凉开水,3,不属于指南允许的基础原生食材类别
7293,马卡龙色粉,3,不属于指南允许的基础原生食材类别
7294,疯柑叶,3,不属于指南允许的基础原生食材类别
7295,酱意大利面,3,成品、半成品或加工食品
7296,过了,3,不属于指南允许的基础原生食材类别
7297,乳酪酸奶,3,饮料、酒类或乳制品不属于本版核心原生食材
7298,戚风蛋白霜,3,成品、半成品或加工食品
7299,味香肠,3,加工肉制品
7300,乳酪蛋糕糊,3,烘焙或乳制加工食品
7301,黑咖,3,不属于指南允许的基础原生食材类别
7302,办法,3,不属于指南允许的基础原生食材类别
7303,高达牌椰浆,3,饮料、酒类或乳制品不属于本版核心原生食材
7304,鳀鱼罐头,3,成品、半成品或加工食品
7305,备清水,3,不属于指南允许的基础原生食材类别
7306,锅半锅水,3,不属于指南允许的基础原生食材类别
7307,奶油裱花,3,烘焙或乳制加工食品
7308,说明水,3,不属于指南允许的基础原生食材类别
7309,抓虾皮,3,成品、半成品或加工食品
7310,多少饺子皮,3,成品、半成品或加工食品
7311,自己调节水,3,不属于指南允许的基础原生食材类别
7312,截火腿,3,加工肉制品
7313,卤牛肉汤,3,成品、半成品或加工食品
7314,一共水,3,不属于指南允许的基础原生食材类别
7315,脆皮淋面,3,不属于指南允许的基础原生食材类别
7316,枝金不换,3,不属于指南允许的基础原生食材类别
7317,对烘焙热爱,3,不属于指南允许的基础原生食材类别
7318,十二连模,3,不属于指南允许的基础原生食材类别
7319,酸奶思慕雪,3,饮料、酒类或乳制品不属于本版核心原生食材
7320,平齐水,3,不属于指南允许的基础原生食材类别
7321,白色根部,3,不属于指南允许的基础原生食材类别
7322,牌椰浆,3,饮料、酒类或乳制品不属于本版核心原生食材
7323,活底派盘,3,不属于指南允许的基础原生食材类别
7324,黑芝麻汤圆馅,3,不属于指南允许的基础原生食材类别
7325,手抓饼饼胚,3,不属于指南允许的基础原生食材类别
7326,奶奶粉,3,烘焙或乳制加工食品
7327,果奶油奶酪,3,烘焙或乳制加工食品
7328,部队锅风味,3,不属于指南允许的基础原生食材类别
7329,寸蛋糕,3,烘焙或乳制加工食品
7330,饭量定面条,3,成品、半成品或加工食品
7331,港式蛋挞皮,3,成品、半成品或加工食品
7332,任何食物,3,不属于指南允许的基础原生食材类别
7333,炸支竹,3,不属于指南允许的基础原生食材类别
7334,厚切火腿,3,加工肉制品
7335,盆清水,3,不属于指南允许的基础原生食材类别
7336,新鲜奶酪,3,烘焙或乳制加工食品
7337,粉红色,3,不属于指南允许的基础原生食材类别
7338,蛋糕体配方,3,烘焙或乳制加工食品
7339,底水,3,不属于指南允许的基础原生食材类别
7340,巧克力慕斯糊,3,烘焙或乳制加工食品
7341,热饮,3,不属于指南允许的基础原生食材类别
7342,束龙口粉丝,3,豆制品或淀粉制品（严格模式排除）
7343,芜荽,3,不属于指南允许的基础原生食材类别
7344,子牛奶,3,饮料、酒类或乳制品不属于本版核心原生食材
7345,节火腿肠,3,加工肉制品
7346,苏拉奶酪,3,烘焙或乳制加工食品
7347,饭碗低筋面粉,3,成品、半成品或加工食品
7348,开花肠,3,成品、半成品或加工食品
7349,紅茶包,3,不属于指南允许的基础原生食材类别
7350,王火腿肠,3,加工肉制品
7351,缝衣针,3,不属于指南允许的基础原生食材类别
7352,表面装饰椰蓉,3,工具、包装或操作说明
7353,王子摆件,3,不属于指南允许的基础原生食材类别
7354,插件,3,不属于指南允许的基础原生食材类别
7355,香甜,3,不属于指南允许的基础原生食材类别
7356,几个放几个鹌鹑蛋,3,数量或单位残留且无法可靠恢复原食材
7357,泰式手标红茶,3,饮料、酒类或乳制品不属于本版核心原生食材
7358,冰淇凌粉,3,不属于指南允许的基础原生食材类别
7359,日式叉烧,3,加工肉制品
7360,玉米粉水,3,成品、半成品或加工食品
7361,止开水,3,不属于指南允许的基础原生食材类别
7362,巧克力麦芬,3,烘焙或乳制加工食品
7363,油茶,3,饮料、酒类或乳制品不属于本版核心原生食材
7364,皮食材,3,不属于指南允许的基础原生食材类别
7365,麵包粉,3,不属于指南允许的基础原生食材类别
7366,嘉士利早餐饼干,3,烘焙或乳制加工食品
7367,奶酪屑,3,烘焙或乳制加工食品
7368,配一个鸡蛋鸡蛋,3,数量或单位残留且无法可靠恢复原食材
7369,口味炼乳,3,烘焙或乳制加工食品
7370,细麻绳,3,不属于指南允许的基础原生食材类别
7371,半盒牛奶,3,饮料、酒类或乳制品不属于本版核心原生食材
7372,茶匙苏打粉,3,不属于指南允许的基础原生食材类别
7373,味蛋糕卷,3,烘焙或乳制加工食品
7374,冰沙粉,3,不属于指南允许的基础原生食材类别
7375,固体,3,不属于指南允许的基础原生食材类别
7376,温开水水,3,不属于指南允许的基础原生食材类别
7377,秘密武器,3,不属于指南允许的基础原生食材类别
7378,米饭量水,3,成品、半成品或加工食品
7379,甘纳许馅,3,不属于指南允许的基础原生食材类别
7380,屑柠檬皮,3,不属于指南允许的基础原生食材类别
7381,式混合干香料,3,不属于指南允许的基础原生食材类别
7382,珍珠芋圆,3,成品、半成品或加工食品
7383,样子牛奶,3,饮料、酒类或乳制品不属于本版核心原生食材
7384,写量,3,不属于指南允许的基础原生食材类别
7385,蛋糕模具量,3,工具、包装或操作说明
7386,蛋糕模具一个,3,工具、包装或操作说明
7387,奶冰淇淋粉,3,成品、半成品或加工食品
7388,大蛋挞皮,3,成品、半成品或加工食品
7389,多少青菜,3,数量或单位残留且无法可靠恢复原食材
7390,描述,3,不属于指南允许的基础原生食材类别
7391,水可换成牛奶,3,饮料、酒类或乳制品不属于本版核心原生食材
7392,各牛奶,3,饮料、酒类或乳制品不属于本版核心原生食材
7393,酒釀,3,不属于指南允许的基础原生食材类别
7394,手手,3,不属于指南允许的基础原生食材类别
7395,味混合香料,3,不属于指南允许的基础原生食材类别
7396,百吉饼,3,不属于指南允许的基础原生食材类别
7397,猪油年糕,3,成品、半成品或加工食品
7398,什么都,3,不属于指南允许的基础原生食材类别
7399,冷開水,3,不属于指南允许的基础原生食材类别
7400,提前做好,3,不属于指南允许的基础原生食材类别
7401,枚金奇香咸蛋黄,3,成品、半成品或加工食品
7402,食量准备米饭,3,成品、半成品或加工食品
7403,基本调味,3,不属于指南允许的基础原生食材类别
7404,柚子柚子皮,3,不属于指南允许的基础原生食材类别
7405,干乳酪,3,不属于指南允许的基础原生食材类别
7406,分别,3,不属于指南允许的基础原生食材类别
7407,马芬蛋糕,3,烘焙或乳制加工食品
7408,泰国手标红茶,3,饮料、酒类或乳制品不属于本版核心原生食材
7409,料哦,3,不属于指南允许的基础原生食材类别
7410,甜水果,3,不属于指南允许的基础原生食材类别
7411,奶酪丁,3,烘焙或乳制加工食品
7412,心形蛋糕,3,烘焙或乳制加工食品
7413,绑带,3,不属于指南允许的基础原生食材类别
7414,蒲公英根,3,不属于指南允许的基础原生食材类别
7415,干豆腐卷,3,豆制品或淀粉制品（严格模式排除）
7416,蛋白混合饮料,3,饮料、酒类或乳制品不属于本版核心原生食材
7417,煎好,3,不属于指南允许的基础原生食材类别
7418,芋头芋圆,3,成品、半成品或加工食品
7419,蜡肠,3,成品、半成品或加工食品
7420,酸奶水果,3,饮料、酒类或乳制品不属于本版核心原生食材
7421,碟面包糠,3,烘焙或乳制加工食品
7422,鲜奶酪,3,烘焙或乳制加工食品
7423,度加牛奶,3,饮料、酒类或乳制品不属于本版核心原生食材
7424,层戚风蛋糕胚,3,烘焙或乳制加工食品
7425,醇香芝士味炼奶,3,烘焙或乳制加工食品
7426,鸳鸯奶茶,3,饮料、酒类或乳制品不属于本版核心原生食材
7427,红酒桃山皮,3,饮料、酒类或乳制品不属于本版核心原生食材
7428,布朗尼蛋糕预拌粉,3,烘焙或乳制加工食品
7429,摊鸡蛋皮,3,不属于指南允许的基础原生食材类别
7430,小奇福,3,不属于指南允许的基础原生食材类别
7431,君之配方,3,不属于指南允许的基础原生食材类别
7432,老坛酸菜泡面,3,成品、半成品或加工食品
7433,花生豆浆,3,成品、半成品或加工食品
7434,剩烙饼,3,不属于指南允许的基础原生食材类别
7435,比较小,3,不属于指南允许的基础原生食材类别
7436,豆腐板,3,豆制品或淀粉制品（严格模式排除）
7437,韩式粉丝,3,豆制品或淀粉制品（严格模式排除）
7438,水滴形巧克力豆,3,烘焙或乳制加工食品
7439,面团可可粉,3,成品、半成品或加工食品
7440,卡仕达酱」,3,不属于指南允许的基础原生食材类别
7441,镜头,3,不属于指南允许的基础原生食材类别
7442,小米泡椒,3,成品、半成品或加工食品
7443,重面粉,3,成品、半成品或加工食品
7444,羅勒葉,3,不属于指南允许的基础原生食材类别
7445,俄罗斯面粉,3,成品、半成品或加工食品
7446,上层,3,不属于指南允许的基础原生食材类别
7447,辣炒年糕,3,成品、半成品或加工食品
7448,美活性白金版奶粉,3,烘焙或乳制加工食品
7449,味苏打饼干,3,烘焙或乳制加工食品
7450,焗饭,3,不属于指南允许的基础原生食材类别
7451,巧克力布丁粉,3,烘焙或乳制加工食品
7452,甜粽子,3,不属于指南允许的基础原生食材类别
7453,寸巧克力戚风,3,烘焙或乳制加工食品
7454,熟透,3,成品、半成品或加工食品
7455,大米预拌粉,3,不属于指南允许的基础原生食材类别
7456,咖啡戚风,3,饮料、酒类或乳制品不属于本版核心原生食材
7457,和豆沙,3,成品、半成品或加工食品
7458,麸皮全麦粉,3,不属于指南允许的基础原生食材类别
7459,牛奶冻,3,饮料、酒类或乳制品不属于本版核心原生食材
7460,胡萝卜火腿,3,加工肉制品
7461,熟透大番茄,3,成品、半成品或加工食品
7462,嘿嘿,3,不属于指南允许的基础原生食材类别
7463,乾酪,3,不属于指南允许的基础原生食材类别
7464,咸花生,3,不属于指南允许的基础原生食材类别
7465,带发酵功能烤箱,3,不属于指南允许的基础原生食材类别
7466,椰子冰淇淋,3,成品、半成品或加工食品
7467,老面包,3,烘焙或乳制加工食品
7468,自发糕粉,3,不属于指南允许的基础原生食材类别
7469,和蔓越莓干,3,成品、半成品或加工食品
7470,鲜嫩豆腐,3,豆制品或淀粉制品（严格模式排除）
7471,香肠火腿,3,加工肉制品
7472,发酵辣白菜,3,不属于指南允许的基础原生食材类别
7473,天然蔬果粉,3,不属于指南允许的基础原生食材类别
7474,卡仕达酱夹心,3,不属于指南允许的基础原生食材类别
7475,覆盆子粉,3,不属于指南允许的基础原生食材类别
7476,碎可不放,3,不属于指南允许的基础原生食材类别
7477,多少葱姜蒜,3,数量或单位残留且无法可靠恢复原食材
7478,其他馅,3,不属于指南允许的基础原生食材类别
7479,爱吃东西,3,不属于指南允许的基础原生食材类别
7480,十牛奶,3,饮料、酒类或乳制品不属于本版核心原生食材
7481,优质脂肪,3,不属于指南允许的基础原生食材类别
7482,过滤勺,3,不属于指南允许的基础原生食材类别
7483,香蕉慕斯,3,成品、半成品或加工食品
7484,椒马苏里拉芝士,3,烘焙或乳制加工食品
7485,记号笔,3,不属于指南允许的基础原生食材类别
7486,紫皮土豆,3,不属于指南允许的基础原生食材类别
7487,天剩米饭,3,成品、半成品或加工食品
7488,榨汁水,3,不属于指南允许的基础原生食材类别
7489,注心饼干,3,烘焙或乳制加工食品
7490,比较香,3,不属于指南允许的基础原生食材类别
7491,意大利风味香料,3,不属于指南允许的基础原生食材类别
7492,料腌制,3,不属于指南允许的基础原生食材类别
7493,止水,3,不属于指南允许的基础原生食材类别
7494,腌剁椒,3,成品、半成品或加工食品
7495,定米饭,3,成品、半成品或加工食品
7496,材料搅拌均匀,3,工具、包装或操作说明
7497,来决定,3,不属于指南允许的基础原生食材类别
7498,红辣皮子,3,不属于指南允许的基础原生食材类别
7499,火腿火腿肠,3,加工肉制品
7500,奶酪三明治,3,烘焙或乳制加工食品
7501,多少隔夜饭,3,数量或单位残留且无法可靠恢复原食材
7502,自己掂量,3,不属于指南允许的基础原生食材类别
7503,多少放多少花生米,3,数量或单位残留且无法可靠恢复原食材
7504,自己定面粉,3,成品、半成品或加工食品
7505,三选一,3,不属于指南允许的基础原生食材类别
7506,相关工具,3,不属于指南允许的基础原生食材类别
7507,就行普通面粉,3,成品、半成品或加工食品
7508,干贝虾米,3,成品、半成品或加工食品
7509,立顿茶包,3,不属于指南允许的基础原生食材类别
7510,香料水,3,不属于指南允许的基础原生食材类别
7511,黑巧币,3,不属于指南允许的基础原生食材类别
7512,花姑,3,不属于指南允许的基础原生食材类别
7513,奶粉勺,3,烘焙或乳制加工食品
7514,提取液,3,不属于指南允许的基础原生食材类别
7515,三象牌,3,不属于指南允许的基础原生食材类别
7516,果昔,3,不属于指南允许的基础原生食材类别
7517,多少韭菜,3,数量或单位残留且无法可靠恢复原食材
7518,可可巧克力,3,烘焙或乳制加工食品
7519,周一,3,不属于指南允许的基础原生食材类别
7520,周三,3,不属于指南允许的基础原生食材类别
7521,周四,3,不属于指南允许的基础原生食材类别
7522,周五,3,不属于指南允许的基础原生食材类别
7523,其他部位,3,不属于指南允许的基础原生食材类别
7524,干豆腐干,3,豆制品或淀粉制品（严格模式排除）
7525,全部混合,3,不属于指南允许的基础原生食材类别
7526,马铃薯沙拉,3,成品、半成品或加工食品
7527,菜一把,3,数量或单位残留且无法可靠恢复原食材
7528,就好肉松,3,加工肉制品
7529,薯去皮蒸熟,3,成品、半成品或加工食品
7530,棒子粉,3,不属于指南允许的基础原生食材类别
7531,和肉松,3,加工肉制品
7532,榨菜榨菜,3,不属于指南允许的基础原生食材类别
7533,色可可粉,3,成品、半成品或加工食品
7534,就几个鸡蛋鸡蛋,3,数量或单位残留且无法可靠恢复原食材
7535,牛栏奶粉,3,烘焙或乳制加工食品
7536,长方形烤盘,3,工具、包装或操作说明
7537,黄洋葱切碎,3,工具、包装或操作说明
7538,手动榨汁机,3,不属于指南允许的基础原生食材类别
7539,吧火腿,3,加工肉制品
7540,味固体饮料,3,饮料、酒类或乳制品不属于本版核心原生食材
7541,水饺面粉,3,成品、半成品或加工食品
7542,蒜味香肠,3,加工肉制品
7543,芝麻沙拉,3,成品、半成品或加工食品
7544,紫薯桃山皮,3,不属于指南允许的基础原生食材类别
7545,是面包料,3,烘焙或乳制加工食品
7546,〉开水,3,不属于指南允许的基础原生食材类别
7547,稍微多点,3,不属于指南允许的基础原生食材类别
7548,炸腐皮,3,不属于指南允许的基础原生食材类别
7549,巧克力水,3,烘焙或乳制加工食品
7550,元气水,3,不属于指南允许的基础原生食材类别
7551,油食材,3,不属于指南允许的基础原生食材类别
7552,替代品,3,不属于指南允许的基础原生食材类别
7553,不易出水水果,3,不属于指南允许的基础原生食材类别
7554,酒酿饼,3,不属于指南允许的基础原生食材类别
7555,多少花甲,3,数量或单位残留且无法可靠恢复原食材
7556,泡小时,3,不属于指南允许的基础原生食材类别
7557,酸菜鱼酸菜,3,成品、半成品或加工食品
7558,品种很多,3,不属于指南允许的基础原生食材类别
7559,油浸吞拿鱼罐头,3,成品、半成品或加工食品
7560,啥吧,3,不属于指南允许的基础原生食材类别
7561,榨汁器,3,不属于指南允许的基础原生食材类别
7562,骨最好,3,不属于指南允许的基础原生食材类别
7563,巧克力烘焙豆,3,烘焙或乳制加工食品
7564,水果燕麦脆,3,成品、半成品或加工食品
7565,锋利刀,3,不属于指南允许的基础原生食材类别
7566,儿一段奶粉,3,烘焙或乳制加工食品
7567,干重,3,不属于指南允许的基础原生食材类别
7568,温纯牛奶,3,饮料、酒类或乳制品不属于本版核心原生食材
7569,青檸,3,不属于指南允许的基础原生食材类别
7570,增加减少,3,不属于指南允许的基础原生食材类别
7571,一半量水,3,不属于指南允许的基础原生食材类别
7572,非必须,3,不属于指南允许的基础原生食材类别
7573,冲饮粉,3,不属于指南允许的基础原生食材类别
7574,绿皮小南瓜,3,不属于指南允许的基础原生食材类别
7575,烘焙预混粉,3,不属于指南允许的基础原生食材类别
7576,烩饭,3,不属于指南允许的基础原生食材类别
7577,香油调味,3,不属于指南允许的基础原生食材类别
7578,套工具,3,不属于指南允许的基础原生食材类别
7579,酱可可无,3,不属于指南允许的基础原生食材类别
7580,粉量,3,不属于指南允许的基础原生食材类别
7581,味粉料,3,不属于指南允许的基础原生食材类别
7582,牛奶蛋糕,3,烘焙或乳制加工食品
7583,胡萝卜丸子,3,成品、半成品或加工食品
7584,购买饺子皮,3,成品、半成品或加工食品
7585,炸酱面,3,不属于指南允许的基础原生食材类别
7586,齐平开水,3,不属于指南允许的基础原生食材类别
7587,水柚子皮,3,不属于指南允许的基础原生食材类别
7588,芝麻饼干,3,烘焙或乳制加工食品
7589,所水果,3,不属于指南允许的基础原生食材类别
7590,小东西,3,不属于指南允许的基础原生食材类别
7591,水里,3,不属于指南允许的基础原生食材类别
7592,什锦罐头,3,成品、半成品或加工食品
7593,一会,3,不属于指南允许的基础原生食材类别
7594,意大利面意大利面,3,成品、半成品或加工食品
7595,腊肠腊肠,3,成品、半成品或加工食品
7596,油酥量,3,不属于指南允许的基础原生食材类别
7597,牛肉午餐肉,3,加工肉制品
7598,少酸菜,3,成品、半成品或加工食品
7599,子烤盘,3,工具、包装或操作说明
7600,火腿几片,3,加工肉制品
7601,酱小米椒,3,不属于指南允许的基础原生食材类别
7602,样巧克力,3,烘焙或乳制加工食品
7603,慕斯馅奶油奶酪,3,烘焙或乳制加工食品
7604,泡豆腐,3,豆制品或淀粉制品（严格模式排除）
7605,淡奶油夹馅,3,烘焙或乳制加工食品
7606,奥利奥咸奶油馅,3,烘焙或乳制加工食品
7607,鱼剁椒,3,成品、半成品或加工食品
7608,多少芝士,3,烘焙或乳制加工食品
7609,新鲜蒲公英,3,不属于指南允许的基础原生食材类别
7610,几个小番茄,3,数量或单位残留且无法可靠恢复原食材
7611,馅奶油奶酪,3,烘焙或乳制加工食品
7612,多少炼乳,3,烘焙或乳制加工食品
7613,奶油吐司,3,烘焙或乳制加工食品
7614,对切开,3,不属于指南允许的基础原生食材类别
7615,擦干,3,不属于指南允许的基础原生食材类别
7616,金蚝,3,不属于指南允许的基础原生食材类别
7617,藜麦米粉,3,成品、半成品或加工食品
7618,口味芝士片,3,烘焙或乳制加工食品
7619,熬制,3,不属于指南允许的基础原生食材类别
7620,料调味粉,3,不属于指南允许的基础原生食材类别
7621,装牛奶,3,饮料、酒类或乳制品不属于本版核心原生食材
7622,了炼乳,3,烘焙或乳制加工食品
7623,雀巢咖啡醇品,3,饮料、酒类或乳制品不属于本版核心原生食材
7624,大盘子,3,不属于指南允许的基础原生食材类别
7625,饭碗凉开水,3,不属于指南允许的基础原生食材类别
7626,半芝士片,3,烘焙或乳制加工食品
7627,麻辣腊肠,3,成品、半成品或加工食品
7628,绍兴臭豆腐,3,豆制品或淀粉制品（严格模式排除）
7629,多少生姜,3,数量或单位残留且无法可靠恢复原食材
7630,小号蛋挞皮,3,成品、半成品或加工食品
7631,味香料,3,不属于指南允许的基础原生食材类别
7632,抓一小撮,3,不属于指南允许的基础原生食材类别
7633,丝帕玛森奶酪,3,烘焙或乳制加工食品
7634,抓意大利面,3,成品、半成品或加工食品
7635,散面粉,3,成品、半成品或加工食品
7636,蛋液刷表层,3,工具、包装或操作说明
7637,椒豆腐,3,豆制品或淀粉制品（严格模式排除）
7638,榆钱叶,3,不属于指南允许的基础原生食材类别
7639,粉汤,3,不属于指南允许的基础原生食材类别
7640,仔公鸡一只,3,数量或单位残留且无法可靠恢复原食材
7641,调节,3,不属于指南允许的基础原生食材类别
7642,手揉,3,不属于指南允许的基础原生食材类别
7643,哦水,3,不属于指南允许的基础原生食材类别
7644,高度,3,不属于指南允许的基础原生食材类别
7645,配好,3,不属于指南允许的基础原生食材类别
7646,号保鲜袋,3,不属于指南允许的基础原生食材类别
7647,定清水,3,不属于指南允许的基础原生食材类别
7648,部分』,3,不属于指南允许的基础原生食材类别
7649,各种调味粉,3,不属于指南允许的基础原生食材类别
7650,酒饮料,3,饮料、酒类或乳制品不属于本版核心原生食材
7651,新鲜金不换,3,不属于指南允许的基础原生食材类别
7652,多少竹荪,3,数量或单位残留且无法可靠恢复原食材
7653,信念,3,不属于指南允许的基础原生食材类别
7654,不能少,3,不属于指南允许的基础原生食材类别
7655,巧克力流心馅,3,烘焙或乳制加工食品
7656,味斯美海苔肉松,3,加工肉制品
7657,消化饼干底,3,烘焙或乳制加工食品
7658,人分量意粉,3,不属于指南允许的基础原生食材类别
7659,奶油巧克力,3,烘焙或乳制加工食品
7660,牛奶巧克力慕斯,3,烘焙或乳制加工食品
7661,一下水,3,不属于指南允许的基础原生食材类别
7662,盘底,3,不属于指南允许的基础原生食材类别
7663,内酯豆腐一盒,3,豆制品或淀粉制品（严格模式排除）
7664,无热量,3,不属于指南允许的基础原生食材类别
7665,口味苏打水,3,不属于指南允许的基础原生食材类别
7666,米饭剩饭,3,成品、半成品或加工食品
7667,图案,3,不属于指南允许的基础原生食材类别
7668,后冷藏,3,不属于指南允许的基础原生食材类别
7669,花辣,3,不属于指南允许的基础原生食材类别
7670,剥皮蒜,3,不属于指南允许的基础原生食材类别
7671,番茄碎罐头,3,成品、半成品或加工食品
7672,几片火腿,3,加工肉制品
7673,判断,3,不属于指南允许的基础原生食材类别
7674,速溶奶茶,3,饮料、酒类或乳制品不属于本版核心原生食材
7675,是人分量,3,不属于指南允许的基础原生食材类别
7676,丸子组合,3,成品、半成品或加工食品
7677,酵素粉,3,不属于指南允许的基础原生食材类别
7678,此配方可做,3,不属于指南允许的基础原生食材类别
7679,方形油豆腐,3,豆制品或淀粉制品（严格模式排除）
7680,多少就多少大米,3,数量或单位残留且无法可靠恢复原食材
7681,克豆沙,3,成品、半成品或加工食品
7682,乳酪蛋糕层,3,烘焙或乳制加工食品
7683,红枣茶,3,饮料、酒类或乳制品不属于本版核心原生食材
7684,人数确定面条,3,成品、半成品或加工食品
7685,烹饪料,3,不属于指南允许的基础原生食材类别
7686,其他调味,3,不属于指南允许的基础原生食材类别
7687,时光,3,不属于指南允许的基础原生食材类别
7688,儿童成长奶酪,3,烘焙或乳制加工食品
7689,皮材料低筋面粉,3,成品、半成品或加工食品
7690,材料低筋面粉,3,成品、半成品或加工食品
7691,食材合集,3,不属于指南允许的基础原生食材类别
7692,果脯蜜饯,3,成品、半成品或加工食品
7693,很多很多,3,不属于指南允许的基础原生食材类别
7694,各种液体,3,不属于指南允许的基础原生食材类别
7695,滚开热水,3,不属于指南允许的基础原生食材类别
7696,麻辣拌料,3,不属于指南允许的基础原生食材类别
7697,多少葡萄,3,数量或单位残留且无法可靠恢复原食材
7698,厨具,3,不属于指南允许的基础原生食材类别
7699,爱与责任,3,不属于指南允许的基础原生食材类别
7700,古田丑耳,3,不属于指南允许的基础原生食材类别
7701,五常大米饭,3,成品、半成品或加工食品
7702,杂粮剩饭,3,不属于指南允许的基础原生食材类别
7703,虎皮皱椒,3,不属于指南允许的基础原生食材类别
7704,鸡蛋加一起牛奶,3,饮料、酒类或乳制品不属于本版核心原生食材
7705,取叶子,3,不属于指南允许的基础原生食材类别
7706,馅料量,3,不属于指南允许的基础原生食材类别
7707,宠物饼干,3,烘焙或乳制加工食品
7708,芝麻和海苔,3,成品、半成品或加工食品
7709,黑巧克力切小块,3,烘焙或乳制加工食品
7710,沙拉馅,3,成品、半成品或加工食品
7711,油拌匀,3,不属于指南允许的基础原生食材类别
7712,肉丁罐头,3,成品、半成品或加工食品
7713,窝头,3,不属于指南允许的基础原生食材类别
7714,养生粥,3,成品、半成品或加工食品
7715,酱李锦记,3,不属于指南允许的基础原生食材类别
7716,辣白菜咸菜,3,成品、半成品或加工食品
7717,巴旦木奶,3,饮料、酒类或乳制品不属于本版核心原生食材
7718,发酵好,3,不属于指南允许的基础原生食材类别
7719,海苔肉松肉松,3,加工肉制品
7720,食银粉,3,不属于指南允许的基础原生食材类别
7721,榴莲汤圆,3,不属于指南允许的基础原生食材类别
7722,来意大利面,3,成品、半成品或加工食品
7723,各种奶,3,饮料、酒类或乳制品不属于本版核心原生食材
7724,过滤筛,3,不属于指南允许的基础原生食材类别
7725,红豆冰淇淋,3,成品、半成品或加工食品
7726,烧烤蘸料粉,3,不属于指南允许的基础原生食材类别
7727,料清水,3,不属于指南允许的基础原生食材类别
7728,新鲜淮山,3,不属于指南允许的基础原生食材类别
7729,椰王,3,不属于指南允许的基础原生食材类别
7730,比例牛奶,3,饮料、酒类或乳制品不属于本版核心原生食材
7731,牛奶咖啡,3,饮料、酒类或乳制品不属于本版核心原生食材
7732,多少颗红枣,3,数量或单位残留且无法可靠恢复原食材
7733,干那许,3,不属于指南允许的基础原生食材类别
7734,粉之类,3,不属于指南允许的基础原生食材类别
7735,清水」,3,不属于指南允许的基础原生食材类别
7736,灌肠工具一套,3,不属于指南允许的基础原生食材类别
7737,椒泡椒,3,成品、半成品或加工食品
7738,香蕉奶昔,3,饮料、酒类或乳制品不属于本版核心原生食材
7739,馬蘇里拉,3,不属于指南允许的基础原生食材类别
7740,牛奶一小袋,3,饮料、酒类或乳制品不属于本版核心原生食材
7741,芝士片芝士,3,烘焙或乳制加工食品
7742,新鲜浆果,3,不属于指南允许的基础原生食材类别
7743,香肠肉,3,加工肉制品
7744,卷红薯粉丝,3,豆制品或淀粉制品（严格模式排除）
7745,是干,3,不属于指南允许的基础原生食材类别
7746,汤锅底,3,不属于指南允许的基础原生食材类别
7747,烟熏料,3,成品、半成品或加工食品
7748,抓花生,3,不属于指南允许的基础原生食材类别
7749,装水,3,不属于指南允许的基础原生食材类别
7750,微辣榨菜,3,不属于指南允许的基础原生食材类别
7751,淡味奶酪,3,烘焙或乳制加工食品
7752,多少方便面,3,成品、半成品或加工食品
7753,方盒,3,不属于指南允许的基础原生食材类别
7754,塑料肠衣,3,不属于指南允许的基础原生食材类别
7755,怡泉气泡水,3,不属于指南允许的基础原生食材类别
7756,熟白米饭,3,成品、半成品或加工食品
7757,其他可选,3,不属于指南允许的基础原生食材类别
7758,小一根胡萝卜,3,数量或单位残留且无法可靠恢复原食材
7759,人版,3,不属于指南允许的基础原生食材类别
7760,鸡蛋布丁粉,3,成品、半成品或加工食品
7761,坛坛乡剁椒,3,成品、半成品或加工食品
7762,五年陈,3,不属于指南允许的基础原生食材类别
7763,情况牛奶,3,饮料、酒类或乳制品不属于本版核心原生食材
7764,英式早餐红茶,3,饮料、酒类或乳制品不属于本版核心原生食材
7765,黑色可可粉,3,成品、半成品或加工食品
7766,巧克力金币,3,烘焙或乳制加工食品
7767,料量,3,不属于指南允许的基础原生食材类别
7768,如上所述,3,不属于指南允许的基础原生食材类别
7769,高级酱青,3,不属于指南允许的基础原生食材类别
7770,定肉松,3,加工肉制品
7771,北海道高筋面粉,3,成品、半成品或加工食品
7772,粗粮主食,3,不属于指南允许的基础原生食材类别
7773,材料╮,3,不属于指南允许的基础原生食材类别
7774,及其他,3,不属于指南允许的基础原生食材类别
7775,摇摇杯,3,不属于指南允许的基础原生食材类别
7776,粉高筋粉,3,不属于指南允许的基础原生食材类别
7777,开洋干贝,3,成品、半成品或加工食品
7778,老师,3,不属于指南允许的基础原生食材类别
7779,方块嫩豆腐,3,豆制品或淀粉制品（严格模式排除）
7780,卤豆腐干,3,豆制品或淀粉制品（严格模式排除）
7781,骨髓,3,不属于指南允许的基础原生食材类别
7782,茶葉,3,不属于指南允许的基础原生食材类别
7783,馅了,3,不属于指南允许的基础原生食材类别
7784,王饺子,3,成品、半成品或加工食品
7785,腰果奶,3,饮料、酒类或乳制品不属于本版核心原生食材
7786,数枚,3,不属于指南允许的基础原生食材类别
7787,红豆腐,3,豆制品或淀粉制品（严格模式排除）
7788,温水泡软,3,不属于指南允许的基础原生食材类别
7789,挤干水分,3,不属于指南允许的基础原生食材类别
7790,很大,3,不属于指南允许的基础原生食材类别
7791,料粉包,3,不属于指南允许的基础原生食材类别
7792,其他植物奶,3,饮料、酒类或乳制品不属于本版核心原生食材
7793,一块五花肉,3,数量或单位残留且无法可靠恢复原食材
7794,馅红豆沙馅,3,成品、半成品或加工食品
7795,需泡发,3,不属于指南允许的基础原生食材类别
7796,同量水,3,不属于指南允许的基础原生食材类别
7797,想放食材,3,不属于指南允许的基础原生食材类别
7798,碎干酪,3,不属于指南允许的基础原生食材类别
7799,薄片午餐肉,3,加工肉制品
7800,外脊,3,不属于指南允许的基础原生食材类别
7801,白色巧克力笔,3,烘焙或乳制加工食品
7802,倍量水,3,不属于指南允许的基础原生食材类别
7803,就好面包糠,3,烘焙或乳制加工食品
7804,清楚,3,不属于指南允许的基础原生食材类别
7805,米糙米饭,3,成品、半成品或加工食品
7806,舒化奶,3,饮料、酒类或乳制品不属于本版核心原生食材
7807,前臀尖,3,不属于指南允许的基础原生食材类别
7808,可以省略,3,不属于指南允许的基础原生食材类别
7809,非常重要,3,不属于指南允许的基础原生食材类别
7810,葡式蛋挞液,3,成品、半成品或加工食品
7811,头即可水,3,不属于指南允许的基础原生食材类别
7812,核桃切碎,3,工具、包装或操作说明
7813,色水果,3,不属于指南允许的基础原生食材类别
7814,就好水果,3,不属于指南允许的基础原生食材类别
7815,纯白莲蓉,3,不属于指南允许的基础原生食材类别
7816,饭调味包,3,不属于指南允许的基础原生食材类别
7817,支当归,3,不属于指南允许的基础原生食材类别
7818,牛奶纯牛奶,3,饮料、酒类或乳制品不属于本版核心原生食材
7819,蔓越莓曲奇,3,成品、半成品或加工食品
7820,茎类,3,不属于指南允许的基础原生食材类别
7821,香葱饼干,3,烘焙或乳制加工食品
7822,白色色粉,3,不属于指南允许的基础原生食材类别
7823,南瓜慕斯,3,成品、半成品或加工食品
7824,温米饭,3,成品、半成品或加工食品
7825,金象高筋粉,3,不属于指南允许的基础原生食材类别
7826,吐司盒两条,3,烘焙或乳制加工食品
7827,鱼丸蟹棒,3,成品、半成品或加工食品
7828,多少瘦肉,3,数量或单位残留且无法可靠恢复原食材
7829,亞麻籽粉,3,不属于指南允许的基础原生食材类别
7830,尤鱼干,3,成品、半成品或加工食品
7831,密封玻璃容器,3,工具、包装或操作说明
7832,层海绵蛋糕,3,烘焙或乳制加工食品
7833,什么做什么,3,不属于指南允许的基础原生食材类别
7834,超市,3,不属于指南允许的基础原生食材类别
7835,各种粮食,3,不属于指南允许的基础原生食材类别
7836,开花馒头,3,成品、半成品或加工食品
7837,多少放多少糯米粉,3,成品、半成品或加工食品
7838,裝飾,3,不属于指南允许的基础原生食材类别
7839,人数意大利面,3,成品、半成品或加工食品
7840,包装盒,3,不属于指南允许的基础原生食材类别
7841,绿宝石葡萄干,3,成品、半成品或加工食品
7842,多少大排,3,数量或单位残留且无法可靠恢复原食材
7843,一节,3,不属于指南允许的基础原生食材类别
7844,拼盘,3,不属于指南允许的基础原生食材类别
7845,式奶油奶酪,3,烘焙或乳制加工食品
7846,就行芝士,3,烘焙或乳制加工食品
7847,仙人粄粉,3,不属于指南允许的基础原生食材类别
7848,就够了西米,3,成品、半成品或加工食品
7849,雀巢脆脆鲨,3,不属于指南允许的基础原生食材类别
7850,浓椰奶,3,饮料、酒类或乳制品不属于本版核心原生食材
7851,面粉油皮,3,成品、半成品或加工食品
7852,水替代,3,不属于指南允许的基础原生食材类别
7853,防沾手粉,3,不属于指南允许的基础原生食材类别
7854,桃胶雪燕皂角米,3,成品、半成品或加工食品
7855,磨碎橙皮,3,不属于指南允许的基础原生食材类别
7856,橙量橙皮屑,3,不属于指南允许的基础原生食材类别
7857,料如图,3,不属于指南允许的基础原生食材类别
7858,就多放些,3,不属于指南允许的基础原生食材类别
7859,小个头,3,不属于指南允许的基础原生食材类别
7860,奶油慕斯层,3,烘焙或乳制加工食品
7861,皮南瓜南瓜,3,不属于指南允许的基础原生食材类别
7862,稍多点,3,不属于指南允许的基础原生食材类别
7863,这个配方,3,不属于指南允许的基础原生食材类别
7864,确定,3,不属于指南允许的基础原生食材类别
7865,各甘草,3,不属于指南允许的基础原生食材类别
7866,酥脆,3,不属于指南允许的基础原生食材类别
7867,天山粉,3,不属于指南允许的基础原生食材类别
7868,着玩,3,不属于指南允许的基础原生食材类别
7869,吧芝士,3,烘焙或乳制加工食品
7870,多少片培根,3,加工肉制品
7871,白香肠,3,加工肉制品
7872,粘合剂,3,不属于指南允许的基础原生食材类别
7873,芒果奶油夹心,3,烘焙或乳制加工食品
7874,坚果蜜饯,3,成品、半成品或加工食品
7875,后〉,3,不属于指南允许的基础原生食材类别
7876,正能量,3,不属于指南允许的基础原生食材类别
7877,热汤,3,不属于指南允许的基础原生食材类别
7878,味蛋糕胚,3,烘焙或乳制加工食品
7879,新鲜兔肚,3,不属于指南允许的基础原生食材类别
7880,湿纸巾,3,不属于指南允许的基础原生食材类别
7881,建水干米线,3,成品、半成品或加工食品
7882,米椒几个,3,数量或单位残留且无法可靠恢复原食材
7883,酱淋面,3,不属于指南允许的基础原生食材类别
7884,田园面包,3,烘焙或乳制加工食品
7885,戚风蛋糕粉,3,烘焙或乳制加工食品
7886,包饺子料,3,成品、半成品或加工食品
7887,锅量,3,不属于指南允许的基础原生食材类别
7888,分隔线,3,不属于指南允许的基础原生食材类别
7889,吸水,3,不属于指南允许的基础原生食材类别
7890,饼底配方,3,不属于指南允许的基础原生食材类别
7891,就这么多,3,不属于指南允许的基础原生食材类别
7892,香蕉酸奶,3,饮料、酒类或乳制品不属于本版核心原生食材
7893,坨粉丝,3,豆制品或淀粉制品（严格模式排除）
7894,糊牛奶,3,饮料、酒类或乳制品不属于本版核心原生食材
7895,配料见下图,3,不属于指南允许的基础原生食材类别
7896,克数水,3,不属于指南允许的基础原生食材类别
7897,蛋皮鸡蛋,3,不属于指南允许的基础原生食材类别
7898,子糯米粉,3,成品、半成品或加工食品
7899,来定意大利面,3,成品、半成品或加工食品
7900,水各,3,不属于指南允许的基础原生食材类别
7901,戚風蛋糕,3,烘焙或乳制加工食品
7902,板黑巧克力,3,烘焙或乳制加工食品
7903,估计,3,不属于指南允许的基础原生食材类别
7904,刷面鸡蛋,3,工具、包装或操作说明
7905,鸡胸肉松,3,加工肉制品
7906,热茶,3,饮料、酒类或乳制品不属于本版核心原生食材
7907,牌番茄沙司,3,成品、半成品或加工食品
7908,炒面面条,3,成品、半成品或加工食品
7909,一碟,3,不属于指南允许的基础原生食材类别
7910,亚麻籽浸泡液,3,不属于指南允许的基础原生食材类别
7911,无水无油容器,3,工具、包装或操作说明
7912,那么多牛奶,3,饮料、酒类或乳制品不属于本版核心原生食材
7913,浓缩奶,3,饮料、酒类或乳制品不属于本版核心原生食材
7914,外婆卤,3,不属于指南允许的基础原生食材类别
7915,装好,3,不属于指南允许的基础原生食材类别
7916,莳萝叶,3,不属于指南允许的基础原生食材类别
7917,小柿子,3,不属于指南允许的基础原生食材类别
7918,馅料任意,3,不属于指南允许的基础原生食材类别
7919,自己食量意大利面,3,成品、半成品或加工食品
7920,干豆腐泡,3,豆制品或淀粉制品（严格模式排除）
7921,可以多放,3,不属于指南允许的基础原生食材类别
7922,可减少,3,不属于指南允许的基础原生食材类别
7923,各种爱,3,不属于指南允许的基础原生食材类别
7924,口味番茄沙司,3,成品、半成品或加工食品
7925,沥干水分,3,不属于指南允许的基础原生食材类别
7926,张凉皮,3,不属于指南允许的基础原生食材类别
7927,丙烯颜料,3,不属于指南允许的基础原生食材类别
7928,泰国手标红茶粉,3,不属于指南允许的基础原生食材类别
7929,烧开白开水,3,不属于指南允许的基础原生食材类别
7930,多少面包糠,3,烘焙或乳制加工食品
7931,多少小香葱,3,数量或单位残留且无法可靠恢复原食材
7932,作参考,3,不属于指南允许的基础原生食材类别
7933,文鱼皮,3,不属于指南允许的基础原生食材类别
7934,什么就什么,3,不属于指南允许的基础原生食材类别
7935,那么多水,3,不属于指南允许的基础原生食材类别
7936,水滴巧克力豆,3,烘焙或乳制加工食品
7937,粉半包,3,不属于指南允许的基础原生食材类别
7938,葡萄干核桃仁,3,成品、半成品或加工食品
7939,橡皮泥,3,不属于指南允许的基础原生食材类别
7940,芒果慕斯层,3,成品、半成品或加工食品
7941,一只鸡,3,数量或单位残留且无法可靠恢复原食材
7942,小年糕,3,成品、半成品或加工食品
7943,刷表皮,3,工具、包装或操作说明
7944,摄入,3,不属于指南允许的基础原生食材类别
7945,每种颜色,3,不属于指南允许的基础原生食材类别
7946,烧杯一个,3,数量或单位残留且无法可靠恢复原食材
7947,小法棍,3,不属于指南允许的基础原生食材类别
7948,各种坚果果干,3,成品、半成品或加工食品
7949,型戚风蛋糕,3,烘焙或乳制加工食品
7950,运气,3,不属于指南允许的基础原生食材类别
7951,绣花针,3,不属于指南允许的基础原生食材类别
7952,酒代替,3,不属于指南允许的基础原生食材类别
7953,料儿,3,不属于指南允许的基础原生食材类别
7954,黑猪肉肠,3,成品、半成品或加工食品
7955,蛋糕馅,3,烘焙或乳制加工食品
7956,酸菜鱼调味包,3,成品、半成品或加工食品
7957,巧克力配方,3,烘焙或乳制加工食品
7958,酱香味,3,不属于指南允许的基础原生食材类别
7959,综合香辛料,3,不属于指南允许的基础原生食材类别
7960,果干麦片,3,成品、半成品或加工食品
7961,几片娃娃菜,3,数量或单位残留且无法可靠恢复原食材
7962,辣度,3,不属于指南允许的基础原生食材类别
7963,啥就做啥,3,不属于指南允许的基础原生食材类别
7964,调香料,3,不属于指南允许的基础原生食材类别
7965,家乡咸肉,3,成品、半成品或加工食品
7966,粘米粉粘米粉,3,成品、半成品或加工食品
7967,馒头专粉,3,成品、半成品或加工食品
7968,食米粉,3,成品、半成品或加工食品
7969,备中筋面粉,3,成品、半成品或加工食品
7970,前腿,3,不属于指南允许的基础原生食材类别
7971,味火锅料,3,不属于指南允许的基础原生食材类别
7972,三文治香肠,3,加工肉制品
7973,高温巧克力豆,3,烘焙或乳制加工食品
7974,馒头——面粉,3,成品、半成品或加工食品
7975,皮带籽,3,不属于指南允许的基础原生食材类别
7976,皮黄瓜,3,不属于指南允许的基础原生食材类别
7977,辣子粉,3,不属于指南允许的基础原生食材类别
7978,三色意大利面,3,成品、半成品或加工食品
7979,珍珠粉,3,不属于指南允许的基础原生食材类别
7980,心思,3,不属于指南允许的基础原生食材类别
7981,不定,3,不属于指南允许的基础原生食材类别
7982,鹰嘴豆豆渣,3,成品、半成品或加工食品
7983,调羹番茄沙司,3,成品、半成品或加工食品
7984,粗粮碳水,3,不属于指南允许的基础原生食材类别
7985,固体食材,3,不属于指南允许的基础原生食材类别
7986,合集,3,不属于指南允许的基础原生食材类别
7987,器工具,3,不属于指南允许的基础原生食材类别
7988,味希腊酸奶,3,饮料、酒类或乳制品不属于本版核心原生食材
7989,就好温水,3,不属于指南允许的基础原生食材类别
7990,鐵棍山藥,3,不属于指南允许的基础原生食材类别
7991,打豆浆清水,3,成品、半成品或加工食品
7992,古早蛋糕胚,3,烘焙或乳制加工食品
7993,种全部放入,3,工具、包装或操作说明
7994,培根切片,3,加工肉制品
7995,肉酱包,3,不属于指南允许的基础原生食材类别
7996,裸麦预拌粉,3,不属于指南允许的基础原生食材类别
7997,发挥想象,3,不属于指南允许的基础原生食材类别
7998,玉米罐头玉米,3,成品、半成品或加工食品
7999,材料面粉,3,成品、半成品或加工食品
8000,纱线,3,不属于指南允许的基础原生食材类别
8001,绿色水果,3,不属于指南允许的基础原生食材类别
8002,黑橄榄罐头,3,成品、半成品或加工食品
8003,刨丝柠檬皮,3,不属于指南允许的基础原生食材类别
8004,关东煮料,3,不属于指南允许的基础原生食材类别
8005,部分配方,3,不属于指南允许的基础原生食材类别
8006,茄汁金枪鱼罐头,3,成品、半成品或加工食品
8007,也是,3,不属于指南允许的基础原生食材类别
8008,可以搭配,3,不属于指南允许的基础原生食材类别
8009,萝卜干切碎,3,工具、包装或操作说明
8010,长方形容器,3,工具、包装或操作说明
8011,饮纯净水,3,不属于指南允许的基础原生食材类别
8012,皮牛奶,3,饮料、酒类或乳制品不属于本版核心原生食材
8013,一块豆腐,3,豆制品或淀粉制品（严格模式排除）
8014,克泡菜,3,成品、半成品或加工食品
8015,一晚,3,不属于指南允许的基础原生食材类别
8016,韓式泡菜,3,成品、半成品或加工食品
8017,刷锅底,3,工具、包装或操作说明
8018,就算了,3,不属于指南允许的基础原生食材类别
8019,没关系,3,不属于指南允许的基础原生食材类别
8020,火锅佐料,3,不属于指南允许的基础原生食材类别
8021,定面条,3,成品、半成品或加工食品
8022,干净肥肠,3,成品、半成品或加工食品
8023,所需材料」,3,不属于指南允许的基础原生食材类别
8024,银耳半朵,3,数量或单位残留且无法可靠恢复原食材
8025,按自己需求,3,不属于指南允许的基础原生食材类别
8026,米饭碗,3,成品、半成品或加工食品
8027,责任,3,不属于指南允许的基础原生食材类别
8028,咯吱盒,3,不属于指南允许的基础原生食材类别
8029,罌粟籽,3,不属于指南允许的基础原生食材类别
8030,全味粉,3,不属于指南允许的基础原生食材类别
8031,粉都可,3,不属于指南允许的基础原生食材类别
8032,风味肠,3,成品、半成品或加工食品
8033,其他大料,3,不属于指南允许的基础原生食材类别
8034,多少蘑菇,3,数量或单位残留且无法可靠恢复原食材
8035,味斯美,3,不属于指南允许的基础原生食材类别
8036,任何奶,3,饮料、酒类或乳制品不属于本版核心原生食材
8037,香烧烤料,3,不属于指南允许的基础原生食材类别
8038,月饼模子,3,成品、半成品或加工食品
8039,水凉开水,3,不属于指南允许的基础原生食材类别
8040,爱美之心,3,不属于指南允许的基础原生食材类别
8041,蒜香香肠,3,加工肉制品
8042,奶酪慕斯糊,3,烘焙或乳制加工食品
8043,小火腿肠,3,加工肉制品
8044,四川火锅料,3,不属于指南允许的基础原生食材类别
8045,斑马纹蛋糕,3,烘焙或乳制加工食品
8046,展示,3,不属于指南允许的基础原生食材类别
8047,原浆,3,不属于指南允许的基础原生食材类别
8048,分肥,3,不属于指南允许的基础原生食材类别
8049,蜜饯干果,3,成品、半成品或加工食品
8050,白蛋糕,3,烘焙或乳制加工食品
8051,肉饺子,3,成品、半成品或加工食品
8052,黄飞红,3,不属于指南允许的基础原生食材类别
8053,牛奶总量,3,饮料、酒类或乳制品不属于本版核心原生食材
8054,淹料,3,不属于指南允许的基础原生食材类别
8055,软欧面粉,3,成品、半成品或加工食品
8056,香料自选,3,不属于指南允许的基础原生食材类别
8057,土猪腊肉,3,加工肉制品
8058,可酸奶,3,饮料、酒类或乳制品不属于本版核心原生食材
8059,鼠尾草籽,3,不属于指南允许的基础原生食材类别
8060,米量杯面粉,3,成品、半成品或加工食品
8061,长度,3,不属于指南允许的基础原生食材类别
8062,配方粉,3,不属于指南允许的基础原生食材类别
8063,菲力,3,不属于指南允许的基础原生食材类别
8064,日本抺茶粉,3,不属于指南允许的基础原生食材类别
8065,手指餅乾,3,不属于指南允许的基础原生食材类别
8066,橙皮碎屑,3,不属于指南允许的基础原生食材类别
8067,冻冰水,3,不属于指南允许的基础原生食材类别
8068,捏面粉,3,成品、半成品或加工食品
8069,辣泡椒,3,成品、半成品或加工食品
8070,手指餅,3,不属于指南允许的基础原生食材类别
8071,气水,3,不属于指南允许的基础原生食材类别
8072,鮮羅勒葉,3,不属于指南允许的基础原生食材类别
8073,孔干酪,3,不属于指南允许的基础原生食材类别
8074,果奶酪,3,烘焙或乳制加工食品
8075,团米饭,3,成品、半成品或加工食品
8076,花茶包,3,不属于指南允许的基础原生食材类别
8077,来牛奶,3,饮料、酒类或乳制品不属于本版核心原生食材
8078,汁加水,3,不属于指南允许的基础原生食材类别
8079,荠菜馄饨,3,成品、半成品或加工食品
8080,孩子,3,不属于指南允许的基础原生食材类别
8081,想吃,3,不属于指南允许的基础原生食材类别
8082,淡奶油量,3,烘焙或乳制加工食品
8083,小一个洋葱,3,数量或单位残留且无法可靠恢复原食材
8084,瑶柱水,3,不属于指南允许的基础原生食材类别
8085,面糯米粉,3,成品、半成品或加工食品
8086,制时间,3,不属于指南允许的基础原生食材类别
8087,奶粉泡牛奶,3,烘焙或乳制加工食品
8088,多少做多少五花肉,3,数量或单位残留且无法可靠恢复原食材
8089,蛋糕底蛋黄,3,烘焙或乳制加工食品
8090,蛋糕底蛋白,3,烘焙或乳制加工食品
8091,麻辣香,3,不属于指南允许的基础原生食材类别
8092,咖啡冰激凌,3,饮料、酒类或乳制品不属于本版核心原生食材
8093,豆浆剩下豆渣豆渣,3,成品、半成品或加工食品
8094,辣包,3,不属于指南允许的基础原生食材类别
8095,碎马苏里拉奶酪,3,烘焙或乳制加工食品
8096,调剂,3,不属于指南允许的基础原生食材类别
8097,吐司料,3,烘焙或乳制加工食品
8098,巧克力巧克力,3,烘焙或乳制加工食品
8099,蛋糕卷量,3,烘焙或乳制加工食品
8100,一起共水,3,不属于指南允许的基础原生食材类别
8101,台湾风味烤肠,3,成品、半成品或加工食品
8102,丸鱼豆腐,3,豆制品或淀粉制品（严格模式排除）
8103,香料区,3,不属于指南允许的基础原生食材类别
8104,苦菊叶,3,不属于指南允许的基础原生食材类别
8105,味代餐粉,3,不属于指南允许的基础原生食材类别
8106,干果干,3,成品、半成品或加工食品
8107,颜色巧克力,3,烘焙或乳制加工食品
8108,同量面粉,3,成品、半成品或加工食品
8109,火锅丸子类,3,成品、半成品或加工食品
8110,提前泡好,3,不属于指南允许的基础原生食材类别
8111,凉茶,3,饮料、酒类或乳制品不属于本版核心原生食材
8112,牡丹,3,不属于指南允许的基础原生食材类别
8113,粉粒,3,不属于指南允许的基础原生食材类别
8114,没过食材开水,3,不属于指南允许的基础原生食材类别
8115,大小豆腐,3,豆制品或淀粉制品（严格模式排除）
8116,依据个人爱好,3,不属于指南允许的基础原生食材类别
8117,欢吃什么就加什么,3,不属于指南允许的基础原生食材类别
8118,博主,3,不属于指南允许的基础原生食材类别
8119,可可脂巧克力豆,3,烘焙或乳制加工食品
8120,早米粉,3,成品、半成品或加工食品
8121,巧克力小块,3,烘焙或乳制加工食品
8122,碎干果,3,不属于指南允许的基础原生食材类别
8123,干品花胶,3,不属于指南允许的基础原生食材类别
8124,扒鸡,3,成品、半成品或加工食品
8125,果干儿,3,成品、半成品或加工食品
8126,丝一袋,3,数量或单位残留且无法可靠恢复原食材
8127,中度烘焙咖啡粉,3,饮料、酒类或乳制品不属于本版核心原生食材
8128,酸豆角包,3,成品、半成品或加工食品
8129,醇黑巧克力,3,烘焙或乳制加工食品
8130,菜香肠,3,加工肉制品
8131,几个速冻饺子,3,成品、半成品或加工食品
8132,瑞典肉丸,3,成品、半成品或加工食品
8133,多少苹果,3,数量或单位残留且无法可靠恢复原食材
8134,干奶酪粉,3,烘焙或乳制加工食品
8135,发糕,3,不属于指南允许的基础原生食材类别
8136,熟玉米粉,3,成品、半成品或加工食品
8137,饺子调味粉,3,成品、半成品或加工食品
8138,味奶茶粉,3,不属于指南允许的基础原生食材类别
8139,多少龙虾,3,数量或单位残留且无法可靠恢复原食材
8140,冰鲜,3,不属于指南允许的基础原生食材类别
8141,布里欧修面包,3,烘焙或乳制加工食品
8142,大孔芝士,3,烘焙或乳制加工食品
8143,油搅拌均匀,3,工具、包装或操作说明
8144,曲奇饼干配方,3,烘焙或乳制加工食品
8145,大小鱿鱼干,3,成品、半成品或加工食品
8146,甜汤,3,不属于指南允许的基础原生食材类别
8147,果脯果干,3,成品、半成品或加工食品
8148,色那种,3,不属于指南允许的基础原生食材类别
8149,子油泼辣子,3,不属于指南允许的基础原生食材类别
8150,碎条芝士,3,烘焙或乳制加工食品
8151,黑加仑子干,3,不属于指南允许的基础原生食材类别
8152,舒芙蕾蛋糕,3,烘焙或乳制加工食品
8153,张飞饼皮,3,不属于指南允许的基础原生食材类别
8154,魚塊,3,不属于指南允许的基础原生食材类别
8155,布奇诺速溶咖啡粉,3,饮料、酒类或乳制品不属于本版核心原生食材
8156,少米饭,3,成品、半成品或加工食品
8157,椰浆椰浆,3,饮料、酒类或乳制品不属于本版核心原生食材
8158,较浓稠酸奶,3,饮料、酒类或乳制品不属于本版核心原生食材
8159,鸡蛋火腿肠,3,加工肉制品
8160,是甜,3,不属于指南允许的基础原生食材类别
8161,料-面粉,3,成品、半成品或加工食品
8162,一束,3,不属于指南允许的基础原生食材类别
8163,多耐心,3,不属于指南允许的基础原生食材类别
8164,绿色奶油霜,3,烘焙或乳制加工食品
8165,面粉吸水量牛奶,3,成品、半成品或加工食品
8166,人数定面条,3,成品、半成品或加工食品
8167,了很多,3,不属于指南允许的基础原生食材类别
8168,戚风坯子,3,不属于指南允许的基础原生食材类别
8169,牛奶戚风蛋糕,3,烘焙或乳制加工食品
8170,益生菌饮品,3,饮料、酒类或乳制品不属于本版核心原生食材
8171,糯米粉水,3,成品、半成品或加工食品
8172,味奶油霜,3,烘焙或乳制加工食品
8173,玻璃密封盒,3,不属于指南允许的基础原生食材类别
8174,奶酥吐司,3,烘焙或乳制加工食品
8175,荷包蛋鸡蛋,3,成品、半成品或加工食品
8176,尔芝士,3,烘焙或乳制加工食品
8177,多少菠萝,3,数量或单位残留且无法可靠恢复原食材
8178,备选,3,不属于指南允许的基础原生食材类别
8179,平盘子,3,不属于指南允许的基础原生食材类别
8180,中」,3,不属于指南允许的基础原生食材类别
8181,普通大小,3,不属于指南允许的基础原生食材类别
8182,很关键,3,不属于指南允许的基础原生食材类别
8183,一对,3,不属于指南允许的基础原生食材类别
8184,化开水,3,不属于指南允许的基础原生食材类别
8185,白味曾,3,不属于指南允许的基础原生食材类别
8186,豆渣量豆渣,3,成品、半成品或加工食品
8187,土司模,3,不属于指南允许的基础原生食材类别
8188,其他作料,3,不属于指南允许的基础原生食材类别
8189,奶茶茶叶,3,饮料、酒类或乳制品不属于本版核心原生食材
8190,泡椒竹笋,3,成品、半成品或加工食品
8191,炒米粉,3,成品、半成品或加工食品
8192,面粉低粉,3,成品、半成品或加工食品
8193,金珠,3,不属于指南允许的基础原生食材类别
8194,汁配方,3,不属于指南允许的基础原生食材类别
8195,时使,3,不属于指南允许的基础原生食材类别
8196,奶茶底,3,不属于指南允许的基础原生食材类别
8197,黄色练切,3,不属于指南允许的基础原生食材类别
8198,一次豆浆量豆渣,3,成品、半成品或加工食品
8199,面粉面皮,3,成品、半成品或加工食品
8200,干果脯,3,成品、半成品或加工食品
8201,海绵蛋糕预拌粉,3,烘焙或乳制加工食品
8202,香饼干,3,烘焙或乳制加工食品
8203,自行调整温水,3,不属于指南允许的基础原生食材类别
8204,每份,3,不属于指南允许的基础原生食材类别
8205,口味选择,3,不属于指南允许的基础原生食材类别
8206,就多放泡椒,3,成品、半成品或加工食品
8207,料一,3,不属于指南允许的基础原生食材类别
8208,料三,3,不属于指南允许的基础原生食材类别
8209,米煮米饭,3,成品、半成品或加工食品
8210,机水,3,不属于指南允许的基础原生食材类别
8211,表面装饰品,3,工具、包装或操作说明
8212,玛丽苏芝士,3,烘焙或乳制加工食品
8213,回忆,3,不属于指南允许的基础原生食材类别
8214,饼干料,3,烘焙或乳制加工食品
8215,了葡萄干,3,成品、半成品或加工食品
8216,气泡饮,3,不属于指南允许的基础原生食材类别
8217,蜜桃皮,3,不属于指南允许的基础原生食材类别
8218,面粉一半温水,3,成品、半成品或加工食品
8219,牌蛋挞皮,3,成品、半成品或加工食品
8220,奶油浓汤,3,烘焙或乳制加工食品
8221,奶盖料,3,不属于指南允许的基础原生食材类别
8222,种头,3,不属于指南允许的基础原生食材类别
8223,期待,3,不属于指南允许的基础原生食材类别
8224,淡奶油预拌粉,3,烘焙或乳制加工食品
8225,肉两斤,3,数量或单位残留且无法可靠恢复原食材
8226,可做月饼,3,成品、半成品或加工食品
8227,粉红曲粉,3,不属于指南允许的基础原生食材类别
8228,考维曲巧克力,3,烘焙或乳制加工食品
8229,图各种香料,3,不属于指南允许的基础原生食材类别
8230,面粉筛,3,成品、半成品或加工食品
8231,滇红茶,3,饮料、酒类或乳制品不属于本版核心原生食材
8232,贝贝南瓜皮,3,不属于指南允许的基础原生食材类别
8233,干茶,3,饮料、酒类或乳制品不属于本版核心原生食材
8234,麸皮全麦面粉,3,成品、半成品或加工食品
8235,肥瘦都要,3,不属于指南允许的基础原生食材类别
8236,华夫松饼粉,3,不属于指南允许的基础原生食材类别
8237,按个人口味加,3,不属于指南允许的基础原生食材类别
8238,型酸奶,3,饮料、酒类或乳制品不属于本版核心原生食材
8239,干蓝莓干,3,成品、半成品或加工食品
8240,蛋黄一个鸡蛋,3,数量或单位残留且无法可靠恢复原食材
8241,汉堡模,3,成品、半成品或加工食品
8242,香料香料,3,不属于指南允许的基础原生食材类别
8243,元钱饺子皮,3,成品、半成品或加工食品
8244,其他装饰物,3,工具、包装或操作说明
8245,酸奶中种,3,饮料、酒类或乳制品不属于本版核心原生食材
8246,果果,3,不属于指南允许的基础原生食材类别
8247,奶香燕麦粥,3,成品、半成品或加工食品
8248,正好,3,不属于指南允许的基础原生食材类别
8249,口味自选,3,不属于指南允许的基础原生食材类别
8250,一普通面粉,3,成品、半成品或加工食品
8251,味雪糕,3,成品、半成品或加工食品
8252,冻挞皮,3,不属于指南允许的基础原生食材类别
8253,平常心,3,不属于指南允许的基础原生食材类别
8254,脆卷,3,不属于指南允许的基础原生食材类别
8255,模量,3,不属于指南允许的基础原生食材类别
8256,平底煎盘,3,不属于指南允许的基础原生食材类别
8257,湿水,3,不属于指南允许的基础原生食材类别
8258,去腥三件套,3,不属于指南允许的基础原生食材类别
8259,脱脂芝士片,3,烘焙或乳制加工食品
8260,酱马苏里拉芝士,3,烘焙或乳制加工食品
8261,膳食纤维粉,3,不属于指南允许的基础原生食材类别
8262,妃子笑荔枝,3,不属于指南允许的基础原生食材类别
8263,比较少,3,不属于指南允许的基础原生食材类别
8264,半個,3,不属于指南允许的基础原生食材类别
8265,油」,3,不属于指南允许的基础原生食材类别
8266,麻油几滴,3,不属于指南允许的基础原生食材类别
8267,浓厚酸奶,3,饮料、酒类或乳制品不属于本版核心原生食材
8268,口味加炼乳,3,烘焙或乳制加工食品
8269,市售酸奶,3,饮料、酒类或乳制品不属于本版核心原生食材
8270,减半量,3,不属于指南允许的基础原生食材类别
8271,咸牛肉罐头,3,成品、半成品或加工食品
8272,碎杏干,3,成品、半成品或加工食品
8273,三角茶包,3,不属于指南允许的基础原生食材类别
8274,土司配方,3,不属于指南允许的基础原生食材类别
8275,风味粉,3,不属于指南允许的基础原生食材类别
8276,太阳,3,不属于指南允许的基础原生食材类别
8277,椰汁椰浆,3,饮料、酒类或乳制品不属于本版核心原生食材
8278,粉替换,3,不属于指南允许的基础原生食材类别
8279,派顶,3,不属于指南允许的基础原生食材类别
8280,辣酱包,3,不属于指南允许的基础原生食材类别
8281,酸酸乳,3,不属于指南允许的基础原生食材类别
8282,马克杯牛奶,3,饮料、酒类或乳制品不属于本版核心原生食材
8283,粉调色,3,不属于指南允许的基础原生食材类别
8284,烧一壶热水,3,不属于指南允许的基础原生食材类别
8285,食量速冻饺子,3,成品、半成品或加工食品
8286,广式饼皮,3,不属于指南允许的基础原生食材类别
8287,爱好,3,不属于指南允许的基础原生食材类别
8288,都可以花生,3,不属于指南允许的基础原生食材类别
8289,馅佐料,3,不属于指南允许的基础原生食材类别
8290,打底,3,不属于指南允许的基础原生食材类别
8291,萨瓦林模,3,不属于指南允许的基础原生食材类别
8292,〔酱〕,3,不属于指南允许的基础原生食材类别
8293,进行调整,3,不属于指南允许的基础原生食材类别
8294,豆米饭,3,成品、半成品或加工食品
8295,半熟芝士,3,烘焙或乳制加工食品
8296,炸肉丸子,3,成品、半成品或加工食品
8297,玛格丽特饼干,3,烘焙或乳制加工食品
8298,汁包,3,不属于指南允许的基础原生食材类别
8299,这些,3,不属于指南允许的基础原生食材类别
8300,粉没可不放,3,不属于指南允许的基础原生食材类别
8301,超薄春卷皮,3,不属于指南允许的基础原生食材类别
8302,三倍清水,3,不属于指南允许的基础原生食材类别
8303,麦低筋面粉,3,成品、半成品或加工食品
8304,果戚风蛋糕,3,烘焙或乳制加工食品
8305,小墨鱼干,3,成品、半成品或加工食品
8306,就可水,3,不属于指南允许的基础原生食材类别
8307,烘焙可可豆,3,不属于指南允许的基础原生食材类别
8308,萝卜酸菜,3,成品、半成品或加工食品
8309,麦麸面粉,3,成品、半成品或加工食品
8310,辣就多放点,3,不属于指南允许的基础原生食材类别
8311,提前腌制,3,不属于指南允许的基础原生食材类别
8312,色烘焙巧克力,3,烘焙或乳制加工食品
8313,青岚,3,不属于指南允许的基础原生食材类别
8314,容量牛奶,3,饮料、酒类或乳制品不属于本版核心原生食材
8315,豆浆豆渣,3,成品、半成品或加工食品
8316,香提,3,不属于指南允许的基础原生食材类别
8317,空罐子,3,不属于指南允许的基础原生食材类别
8318,一夜,3,不属于指南允许的基础原生食材类别
8319,开啡尔,3,不属于指南允许的基础原生食材类别
8320,戚风预拌粉,3,不属于指南允许的基础原生食材类别
8321,大曲奇,3,成品、半成品或加工食品
8322,香草荚籽,3,成品、半成品或加工食品
8323,小金桔,3,不属于指南允许的基础原生食材类别
8324,温全脂牛奶,3,饮料、酒类或乳制品不属于本版核心原生食材
8325,清蒸猪肉罐头,3,成品、半成品或加工食品
8326,各一个戚风蛋糕,3,烘焙或乳制加工食品
8327,啦培根,3,加工肉制品
8328,胶囊,3,不属于指南允许的基础原生食材类别
8329,式意大利面,3,成品、半成品或加工食品
8330,一人份,3,不属于指南允许的基础原生食材类别
8331,混合香料粉,3,不属于指南允许的基础原生食材类别
8332,一半辣白菜,3,不属于指南允许的基础原生食材类别
8333,表情,3,不属于指南允许的基础原生食材类别
8334,备好,3,不属于指南允许的基础原生食材类别
8335,清水红豆沙,3,成品、半成品或加工食品
8336,自选食材,3,不属于指南允许的基础原生食材类别
8337,了辣白菜,3,不属于指南允许的基础原生食材类别
8338,粉干米粉,3,成品、半成品或加工食品
8339,果蔬色粉,3,不属于指南允许的基础原生食材类别
8340,木筷子,3,不属于指南允许的基础原生食材类别
8341,几颗牛肉丸,3,成品、半成品或加工食品
8342,熟蔬菜,3,成品、半成品或加工食品
8343,饼半成品,3,不属于指南允许的基础原生食材类别
8344,比较软,3,不属于指南允许的基础原生食材类别
8345,两倍水,3,不属于指南允许的基础原生食材类别
8346,榨汁机一台,3,不属于指南允许的基础原生食材类别
8347,堆火锅丸子,3,成品、半成品或加工食品
8348,蛋黄咸鸭蛋,3,成品、半成品或加工食品
8349,现成雪媚娘皮,3,不属于指南允许的基础原生食材类别
8350,小玻璃瓶,3,不属于指南允许的基础原生食材类别
8351,各种芝士,3,烘焙或乳制加工食品
8352,下次,3,不属于指南允许的基础原生食材类别
8353,黄油蛋糕,3,烘焙或乳制加工食品
8354,案板,3,不属于指南允许的基础原生食材类别
8355,空罐头瓶,3,成品、半成品或加工食品
8356,任何你想加食材,3,不属于指南允许的基础原生食材类别
8357,都很好,3,不属于指南允许的基础原生食材类别
8358,泡发干贝,3,成品、半成品或加工食品
8359,自己放,3,不属于指南允许的基础原生食材类别
8360,膨化食品,3,不属于指南允许的基础原生食材类别
8361,调温白巧克力,3,烘焙或乳制加工食品
8362,料香料,3,不属于指南允许的基础原生食材类别
8363,面条饼,3,成品、半成品或加工食品
8364,红豆奶茶,3,成品、半成品或加工食品
8365,&蔓越莓干,3,成品、半成品或加工食品
8366,馒头切片,3,成品、半成品或加工食品
8367,多桃胶,3,成品、半成品或加工食品
8368,定腊肉,3,加工肉制品
8369,西芹切碎,3,工具、包装或操作说明
8370,电陶炉,3,不属于指南允许的基础原生食材类别
8371,度清水,3,不属于指南允许的基础原生食材类别
8372,装午餐肉,3,加工肉制品
8373,麦片粥,3,成品、半成品或加工食品
8374,皮半成品,3,不属于指南允许的基础原生食材类别
8375,五倍水,3,不属于指南允许的基础原生食材类别
8376,什么就加什么,3,不属于指南允许的基础原生食材类别
8377,透明奶油霜,3,烘焙或乳制加工食品
8378,茶泡饭,3,不属于指南允许的基础原生食材类别
8379,尼干酪,3,不属于指南允许的基础原生食材类别
8380,果冻配方,3,不属于指南允许的基础原生食材类别
8381,厨师牌鸡肉肠,3,成品、半成品或加工食品
8382,水溶性色粉,3,不属于指南允许的基础原生食材类别
8383,成馅,3,不属于指南允许的基础原生食材类别
8384,贡丸鱼丸,3,成品、半成品或加工食品
8385,气泡饮料,3,饮料、酒类或乳制品不属于本版核心原生食材
8386,粉啊,3,不属于指南允许的基础原生食材类别
8387,大面粉,3,成品、半成品或加工食品
8388,牛奶燕麦粥,3,成品、半成品或加工食品
8389,奶昔粉,3,饮料、酒类或乳制品不属于本版核心原生食材
8390,底消化饼干,3,烘焙或乳制加工食品
8391,人份面粉,3,成品、半成品或加工食品
8392,红茶茶水,3,不属于指南允许的基础原生食材类别
8393,适中大小,3,不属于指南允许的基础原生食材类别
8394,情况定水,3,不属于指南允许的基础原生食材类别
8395,馒头馒头,3,成品、半成品或加工食品
8396,口味调整,3,不属于指南允许的基础原生食材类别
8397,就没加,3,不属于指南允许的基础原生食材类别
8398,桶酸奶,3,饮料、酒类或乳制品不属于本版核心原生食材
8399,大火腿,3,加工肉制品
8400,总结,3,不属于指南允许的基础原生食材类别
8401,后肘,3,不属于指南允许的基础原生食材类别
8402,罗汉果壳,3,不属于指南允许的基础原生食材类别
8403,烧烤炉,3,不属于指南允许的基础原生食材类别
8404,剁碎泡椒,3,成品、半成品或加工食品
8405,椰奶咖啡,3,饮料、酒类或乳制品不属于本版核心原生食材
8406,自定培根,3,加工肉制品
8407,茉莉茶水,3,不属于指南允许的基础原生食材类别
8408,口味粉,3,不属于指南允许的基础原生食材类别
8409,纯牛肉肠,3,成品、半成品或加工食品
8410,奶酪蛋糕,3,烘焙或乳制加工食品
8411,叉骨,3,不属于指南允许的基础原生食材类别
8412,多少紫薯,3,数量或单位残留且无法可靠恢复原食材
8413,玉米面面粉,3,成品、半成品或加工食品
8414,料自选,3,不属于指南允许的基础原生食材类别
8415,店售,3,不属于指南允许的基础原生食材类别
8416,铺一层芝士,3,烘焙或乳制加工食品
8417,多火腿,3,加工肉制品
8418,皮全蛋液,3,不属于指南允许的基础原生食材类别
8419,锅大小,3,不属于指南允许的基础原生食材类别
8420,多少放多少玉米粒,3,数量或单位残留且无法可靠恢复原食材
8421,多少馒头,3,成品、半成品或加工食品
8422,泡菜水饺,3,成品、半成品或加工食品
8423,牛奶燕麦片,3,饮料、酒类或乳制品不属于本版核心原生食材
8424,隔夜吐司,3,烘焙或乳制加工食品
8425,快速发酵桶,3,不属于指南允许的基础原生食材类别
8426,花蛋糕,3,烘焙或乳制加工食品
8427,油炸豆腐皮,3,豆制品或淀粉制品（严格模式排除）
8428,酱番茄沙司,3,成品、半成品或加工食品
8429,两样,3,不属于指南允许的基础原生食材类别
8430,来定面粉,3,成品、半成品或加工食品
8431,猪蹄罐头,3,成品、半成品或加工食品
8432,熟食肉类,3,成品、半成品或加工食品
8433,减肥食材,3,不属于指南允许的基础原生食材类别
8434,无粉蛋糕,3,烘焙或乳制加工食品
8435,叶香料,3,不属于指南允许的基础原生食材类别
8436,可多点,3,不属于指南允许的基础原生食材类别
8437,不固定,3,不属于指南允许的基础原生食材类别
8438,油炸辣子,3,成品、半成品或加工食品
8439,正方形油纸,3,工具、包装或操作说明
8440,口水,3,不属于指南允许的基础原生食材类别
8441,植物叶子,3,不属于指南允许的基础原生食材类别
8442,水位水,3,不属于指南允许的基础原生食材类别
8443,香菇猪肉丸,3,成品、半成品或加工食品
8444,吐司配方,3,烘焙或乳制加工食品
8445,汁牛奶,3,饮料、酒类或乳制品不属于本版核心原生食材
8446,隔水炖盅,3,不属于指南允许的基础原生食材类别
8447,果馅,3,不属于指南允许的基础原生食材类别
8448,红心火龙果皮,3,不属于指南允许的基础原生食材类别
8449,你爱水果,3,不属于指南允许的基础原生食材类别
8450,磨牙饼干,3,烘焙或乳制加工食品
8451,干净葡萄干,3,成品、半成品或加工食品
8452,多少莴笋,3,数量或单位残留且无法可靠恢复原食材
8453,模一个量,3,数量或单位残留且无法可靠恢复原食材
8454,不说了,3,不属于指南允许的基础原生食材类别
8455,马芬变化,3,不属于指南允许的基础原生食材类别
8456,大玻璃瓶,3,不属于指南允许的基础原生食材类别
8457,番茄切碎,3,工具、包装或操作说明
8458,辫子面包,3,烘焙或乳制加工食品
8459,染色,3,不属于指南允许的基础原生食材类别
8460,海绵蛋糕卷,3,烘焙或乳制加工食品
8461,饭海苔料,3,成品、半成品或加工食品
8462,味腌肉料,3,加工肉制品
8463,一倍,3,不属于指南允许的基础原生食材类别
8464,详细,3,不属于指南允许的基础原生食材类别
8465,打孔器,3,不属于指南允许的基础原生食材类别
8466,调味佐料,3,不属于指南允许的基础原生食材类别
8467,糯米粉各一半,3,成品、半成品或加工食品
8468,猪火腿,3,加工肉制品
8469,小鲜侣,3,不属于指南允许的基础原生食材类别
8470,大小红豆沙,3,成品、半成品或加工食品
8471,姜撞奶,3,饮料、酒类或乳制品不属于本版核心原生食材
8472,火锅香肠,3,加工肉制品
8473,免煮咖啡粉,3,饮料、酒类或乳制品不属于本版核心原生食材
8474,料食材,3,不属于指南允许的基础原生食材类别
8475,瘦肉腊肠,3,成品、半成品或加工食品
8476,另外准备,3,不属于指南允许的基础原生食材类别
8477,酱两勺,3,数量或单位残留且无法可靠恢复原食材
8478,应季食材,3,不属于指南允许的基础原生食材类别
8479,普通奶粉,3,烘焙或乳制加工食品
8480,冰粉伴侣,3,不属于指南允许的基础原生食材类别
8481,隔夜杂粮饭,3,不属于指南允许的基础原生食材类别
8482,蓝波奶酪,3,烘焙或乳制加工食品
8483,蛋糕饼底,3,烘焙或乳制加工食品
8484,香料组合,3,不属于指南允许的基础原生食材类别
8485,决定面条,3,成品、半成品或加工食品
8486,浒苔,3,不属于指南允许的基础原生食材类别
8487,益生元,3,不属于指南允许的基础原生食材类别
8488,倍牛奶,3,饮料、酒类或乳制品不属于本版核心原生食材
8489,苦味,3,不属于指南允许的基础原生食材类别
8490,虾皮小葱,3,成品、半成品或加工食品
8491,普通勺子,3,不属于指南允许的基础原生食材类别
8492,茉莉绿茶茶汤,3,不属于指南允许的基础原生食材类别
8493,口味火腿肠,3,加工肉制品
8494,料味好美,3,不属于指南允许的基础原生食材类别
8495,水〉,3,不属于指南允许的基础原生食材类别
8496,调好,3,不属于指南允许的基础原生食材类别
8497,沙拉饭团,3,成品、半成品或加工食品
8498,多辣白菜,3,不属于指南允许的基础原生食材类别
8499,调色料,3,不属于指南允许的基础原生食材类别
8500,自行发挥,3,不属于指南允许的基础原生食材类别
8501,牛奶皮,3,饮料、酒类或乳制品不属于本版核心原生食材
8502,融化可可脂,3,不属于指南允许的基础原生食材类别
8503,蛋糕托,3,烘焙或乳制加工食品
8504,盆凉水,3,不属于指南允许的基础原生食材类别
8505,青苗,3,不属于指南允许的基础原生食材类别
8506,多少花生,3,数量或单位残留且无法可靠恢复原食材
8507,三角盏,3,不属于指南允许的基础原生食材类别
8508,料中筋面粉,3,成品、半成品或加工食品
8509,香肠一根,3,加工肉制品
8510,一勺奶粉,3,烘焙或乳制加工食品
8511,一定要放,3,不属于指南允许的基础原生食材类别
8512,正山小种茶叶,3,饮料、酒类或乳制品不属于本版核心原生食材
8513,定量糯米粉,3,成品、半成品或加工食品
8514,几张越南春卷皮,3,不属于指南允许的基础原生食材类别
8515,混搭,3,不属于指南允许的基础原生食材类别
8516,酱牛肉汤,3,成品、半成品或加工食品
8517,干碟料,3,不属于指南允许的基础原生食材类别
8518,纸袋,3,不属于指南允许的基础原生食材类别
8519,而放水,3,不属于指南允许的基础原生食材类别
8520,山园五十铃抹茶粉,3,成品、半成品或加工食品
8521,合一速溶咖啡粉,3,饮料、酒类或乳制品不属于本版核心原生食材
8522,礼物,3,不属于指南允许的基础原生食材类别
8523,机面包粉,3,烘焙或乳制加工食品
8524,多量,3,不属于指南允许的基础原生食材类别
8525,多少芹菜叶,3,数量或单位残留且无法可靠恢复原食材
8526,鸡蛋一起牛奶,3,饮料、酒类或乳制品不属于本版核心原生食材
8527,一半量面粉,3,成品、半成品或加工食品
8528,吉福芝士片,3,烘焙或乳制加工食品
8529,炸鲜奶,3,饮料、酒类或乳制品不属于本版核心原生食材
8530,多少克猪肉,3,数量或单位残留且无法可靠恢复原食材
8531,子们,3,不属于指南允许的基础原生食材类别
8532,香蕉皮,3,不属于指南允许的基础原生食材类别
8533,多少鸡,3,数量或单位残留且无法可靠恢复原食材
8534,口味不同,3,不属于指南允许的基础原生食材类别
8535,大塊,3,不属于指南允许的基础原生食材类别
8536,川香,3,不属于指南允许的基础原生食材类别
8537,罗列叶,3,不属于指南允许的基础原生食材类别
8538,就行热水,3,不属于指南允许的基础原生食材类别
8539,体积一半面粉,3,成品、半成品或加工食品
8540,果冻镜面,3,不属于指南允许的基础原生食材类别
8541,面粉量而定水,3,成品、半成品或加工食品
8542,冷冻覆盆子,3,不属于指南允许的基础原生食材类别
8543,我自己加,3,不属于指南允许的基础原生食材类别
8544,号抹刀,3,不属于指南允许的基础原生食材类别
8545,咸蛋肉松馅,3,加工肉制品
8546,酵素原液,3,不属于指南允许的基础原生食材类别
8547,情况而定水,3,不属于指南允许的基础原生食材类别
8548,中药材,3,不属于指南允许的基础原生食材类别
8549,香松拌饭料,3,不属于指南允许的基础原生食材类别
8550,巧克力外层,3,烘焙或乳制加工食品
8551,面粉鸡蛋一个,3,成品、半成品或加工食品
8552,大生蚝,3,不属于指南允许的基础原生食材类别
8553,度黑巧克力,3,烘焙或乳制加工食品
8554,面团低筋面粉,3,成品、半成品或加工食品
8555,平水,3,不属于指南允许的基础原生食材类别
8556,成团即可水,3,不属于指南允许的基础原生食材类别
8557,小块肋排,3,不属于指南允许的基础原生食材类别
8558,蛋黄沙拉,3,成品、半成品或加工食品
8559,水烫,3,不属于指南允许的基础原生食材类别
8560,长条,3,不属于指南允许的基础原生食材类别
8561,酱一小袋,3,不属于指南允许的基础原生食材类别
8562,味高鲜,3,不属于指南允许的基础原生食材类别
8563,自己量意大利面,3,成品、半成品或加工食品
8564,基本佐料,3,不属于指南允许的基础原生食材类别
8565,油扬豆皮,3,豆制品或淀粉制品（严格模式排除）
8566,子」,3,不属于指南允许的基础原生食材类别
8567,多少挂面,3,数量或单位残留且无法可靠恢复原食材
8568,泰式九层塔,3,不属于指南允许的基础原生食材类别
8569,耐高温容器,3,工具、包装或操作说明
8570,帕尔马芝士碎,3,烘焙或乳制加工食品
8571,小青龙,3,不属于指南允许的基础原生食材类别
8572,欧包量,3,不属于指南允许的基础原生食材类别
8573,蓬松剂,3,不属于指南允许的基础原生食材类别
8574,纯面粉,3,成品、半成品或加工食品
8575,面都行面条,3,成品、半成品或加工食品
8576,什么煮什么,3,不属于指南允许的基础原生食材类别
8577,方块酥饼干,3,烘焙或乳制加工食品
8578,和披萨草,3,成品、半成品或加工食品
8579,慕斯夹馅,3,成品、半成品或加工食品
8580,想加水果,3,不属于指南允许的基础原生食材类别
8581,不大,3,不属于指南允许的基础原生食材类别
8582,新鲜粽子叶,3,不属于指南允许的基础原生食材类别
8583,就行马苏里拉芝士,3,烘焙或乳制加工食品
8584,消毒玻璃罐,3,不属于指南允许的基础原生食材类别
8585,状水,3,不属于指南允许的基础原生食材类别
8586,定量意大利面,3,成品、半成品或加工食品
8587,御好烧粉,3,不属于指南允许的基础原生食材类别
8588,韭菜半斤,3,数量或单位残留且无法可靠恢复原食材
8589,矿泉水瓶水,3,不属于指南允许的基础原生食材类别
8590,细意粉,3,不属于指南允许的基础原生食材类别
8591,倍清水,3,不属于指南允许的基础原生食材类别
8592,是三人量,3,不属于指南允许的基础原生食材类别
8593,图纸,3,不属于指南允许的基础原生食材类别
8594,糯米粉热水,3,成品、半成品或加工食品
8595,味糯米小丸子,3,成品、半成品或加工食品
8596,面团-牛奶,3,饮料、酒类或乳制品不属于本版核心原生食材
8597,水各一半,3,不属于指南允许的基础原生食材类别
8598,锅料理包,3,不属于指南允许的基础原生食材类别
8599,多少克水,3,数量或单位残留且无法可靠恢复原食材
8600,手艺,3,不属于指南允许的基础原生食材类别
8601,小容器,3,工具、包装或操作说明
8602,料油包,3,不属于指南允许的基础原生食材类别
8603,清补凉药材,3,不属于指南允许的基础原生食材类别
8604,口味布丁粉,3,成品、半成品或加工食品
8605,面条面粉,3,成品、半成品或加工食品
8606,着来,3,不属于指南允许的基础原生食材类别
8607,绿泡椒,3,成品、半成品或加工食品
8608,粉其他,3,不属于指南允许的基础原生食材类别
8609,多少葡萄干,3,成品、半成品或加工食品
8610,饼铛,3,不属于指南允许的基础原生食材类别
8611,糊料,3,不属于指南允许的基础原生食材类别
8612,仁牛奶巧克力,3,烘焙或乳制加工食品
8613,木耳榨菜,3,不属于指南允许的基础原生食材类别
8614,泡椒牛肉面,3,成品、半成品或加工食品
8615,克凉开水,3,不属于指南允许的基础原生食材类别
8616,丝水,3,不属于指南允许的基础原生食材类别
8617,一边加,3,不属于指南允许的基础原生食材类别
8618,鲜牛奶牛奶,3,饮料、酒类或乳制品不属于本版核心原生食材
8619,粉调味,3,不属于指南允许的基础原生食材类别
8620,成长奶酪,3,烘焙或乳制加工食品
8621,管状通心粉,3,不属于指南允许的基础原生食材类别
8622,详细说明,3,不属于指南允许的基础原生食材类别
8623,过食材,3,不属于指南允许的基础原生食材类别
8624,金钩虾干,3,成品、半成品或加工食品
8625,太妃味炼奶,3,饮料、酒类或乳制品不属于本版核心原生食材
8626,粉版本,3,不属于指南允许的基础原生食材类别
8627,白芝麻海苔,3,成品、半成品或加工食品
8628,寿司豆腐皮,3,豆制品或淀粉制品（严格模式排除）
8629,小台芒,3,不属于指南允许的基础原生食材类别
8630,干玉竹,3,不属于指南允许的基础原生食材类别
8631,泡泡,3,不属于指南允许的基础原生食材类别
8632,物料,3,不属于指南允许的基础原生食材类别
8633,海米干,3,成品、半成品或加工食品
8634,品牌,3,不属于指南允许的基础原生食材类别
8635,调味辅料,3,不属于指南允许的基础原生食材类别
8636,汤粉料,3,不属于指南允许的基础原生食材类别
8637,味牛奶,3,饮料、酒类或乳制品不属于本版核心原生食材
8638,深度烘焙咖啡豆,3,饮料、酒类或乳制品不属于本版核心原生食材
8639,几朵吧香菇,3,数量或单位残留且无法可靠恢复原食材
8640,半杯牛奶,3,饮料、酒类或乳制品不属于本版核心原生食材
8641,三筷子泡菜,3,成品、半成品或加工食品
8642,来定年糕,3,成品、半成品或加工食品
8643,拉花缸牛奶,3,饮料、酒类或乳制品不属于本版核心原生食材
8644,即食芝士,3,烘焙或乳制加工食品
8645,湯圓,3,不属于指南允许的基础原生食材类别
8646,料佐料,3,不属于指南允许的基础原生食材类别
8647,鱼丸之类,3,成品、半成品或加工食品
8648,开水放凉,3,不属于指南允许的基础原生食材类别
8649,一小截,3,不属于指南允许的基础原生食材类别
8650,了点,3,不属于指南允许的基础原生食材类别
8651,多少平菇,3,数量或单位残留且无法可靠恢复原食材
8652,皮配方,3,不属于指南允许的基础原生食材类别
8653,适合圆模,3,不属于指南允许的基础原生食材类别
8654,体积水,3,不属于指南允许的基础原生食材类别
8655,了大料,3,不属于指南允许的基础原生食材类别
8656,式风味,3,不属于指南允许的基础原生食材类别
8657,常备,3,不属于指南允许的基础原生食材类别
8658,花生巧克力,3,烘焙或乳制加工食品
8659,几根牙签,3,工具、包装或操作说明
8660,子汤圆,3,不属于指南允许的基础原生食材类别
8661,骨料,3,不属于指南允许的基础原生食材类别
8662,盘烤盘,3,工具、包装或操作说明
8663,基础上加抹茶粉,3,成品、半成品或加工食品
8664,表面熟芝麻,3,成品、半成品或加工食品
8665,三宝扎,3,不属于指南允许的基础原生食材类别
8666,方砖,3,不属于指南允许的基础原生食材类别
8667,油两勺,3,数量或单位残留且无法可靠恢复原食材
8668,张干豆腐皮,3,豆制品或淀粉制品（严格模式排除）
8669,卷芯,3,不属于指南允许的基础原生食材类别
8670,蛋糕插件,3,烘焙或乳制加工食品
8671,也不错,3,不属于指南允许的基础原生食材类别
8672,风炉,3,不属于指南允许的基础原生食材类别
8673,两小时,3,不属于指南允许的基础原生食材类别
8674,儿童酸奶菌粉,3,饮料、酒类或乳制品不属于本版核心原生食材
8675,卡通,3,不属于指南允许的基础原生食材类别
8676,口味芝士碎,3,烘焙或乳制加工食品
8677,容易,3,不属于指南允许的基础原生食材类别
8678,炖罐,3,不属于指南允许的基础原生食材类别
8679,多少豆沙,3,成品、半成品或加工食品
8680,味冰激凌,3,不属于指南允许的基础原生食材类别
8681,下豆渣,3,成品、半成品或加工食品
8682,李芳珍爱香肠,3,加工肉制品
8683,八齿裱花嘴,3,不属于指南允许的基础原生食材类别
8684,一香料,3,不属于指南允许的基础原生食材类别
8685,多少鲜虾,3,数量或单位残留且无法可靠恢复原食材
8686,菲力奶油芝士,3,烘焙或乳制加工食品
8687,麦自发面粉,3,成品、半成品或加工食品
8688,虫草孢子头,3,不属于指南允许的基础原生食材类别
8689,塑料裱花袋,3,工具、包装或操作说明
8690,所需料,3,不属于指南允许的基础原生食材类别
8691,莓慕斯夹心,3,成品、半成品或加工食品
8692,甜苦巧克力,3,烘焙或乳制加工食品
8693,味马苏里拉芝士碎,3,烘焙或乳制加工食品
8694,色抹茶粉,3,成品、半成品或加工食品
8695,准备牛奶,3,饮料、酒类或乳制品不属于本版核心原生食材
8696,一只鸡蛋,3,数量或单位残留且无法可靠恢复原食材
8697,不够,3,不属于指南允许的基础原生食材类别
8698,细吸管,3,工具、包装或操作说明
8699,炸食物,3,不属于指南允许的基础原生食材类别
8700,海绵蛋糕」,3,烘焙或乳制加工食品
8701,包裹,3,不属于指南允许的基础原生食材类别
8702,祛湿汤包,3,不属于指南允许的基础原生食材类别
8703,半个咸鸭蛋,3,成品、半成品或加工食品
8704,多少放多少芒果,3,数量或单位残留且无法可靠恢复原食材
8705,餐人数米饭,3,成品、半成品或加工食品
8706,盖玻璃瓶,3,不属于指南允许的基础原生食材类别
8707,涂抹式奶酪,3,工具、包装或操作说明
8708,麦粉面粉,3,成品、半成品或加工食品
8709,冰格袋,3,不属于指南允许的基础原生食材类别
8710,力量,3,不属于指南允许的基础原生食材类别
8711,奶酪芝士粉,3,烘焙或乳制加工食品
8712,香咖啡粉,3,饮料、酒类或乳制品不属于本版核心原生食材
8713,同量凉白开,3,不属于指南允许的基础原生食材类别
8714,方形云吞皮,3,不属于指南允许的基础原生食材类别
8715,来馄饨皮,3,成品、半成品或加工食品
8716,体积牛奶,3,饮料、酒类或乳制品不属于本版核心原生食材
8717,塑料罐,3,不属于指南允许的基础原生食材类别
8718,熊猫炼奶,3,饮料、酒类或乳制品不属于本版核心原生食材
8719,一小丢丢,3,不属于指南允许的基础原生食材类别
8720,几颗桂圆,3,数量或单位残留且无法可靠恢复原食材
8721,公鸡半只,3,数量或单位残留且无法可靠恢复原食材
8722,口味吧,3,不属于指南允许的基础原生食材类别
8723,饭量决定面条,3,成品、半成品或加工食品
8724,盖子,3,不属于指南允许的基础原生食材类别
8725,粽馅,3,不属于指南允许的基础原生食材类别
8726,桶装,3,不属于指南允许的基础原生食材类别
8727,甜度不同,3,不属于指南允许的基础原生食材类别
8728,可可奶油霜,3,烘焙或乳制加工食品
8729,饭」,3,不属于指南允许的基础原生食材类别
8730,自由,3,不属于指南允许的基础原生食材类别
8731,石头巧克力,3,烘焙或乳制加工食品
8732,多少了水,3,数量或单位残留且无法可靠恢复原食材
8733,半边,3,不属于指南允许的基础原生食材类别
8734,食品塑料袋,3,工具、包装或操作说明
8735,塞拉诺火腿,3,加工肉制品
8736,奶酪球,3,烘焙或乳制加工食品
8737,韭菜饺子,3,成品、半成品或加工食品
8738,满足,3,不属于指南允许的基础原生食材类别
8739,義大利香料,3,不属于指南允许的基础原生食材类别
8740,总共水,3,不属于指南允许的基础原生食材类别
8741,盘马苏里拉芝士,3,烘焙或乳制加工食品
8742,任意面条,3,成品、半成品或加工食品
8743,牌红豆沙,3,成品、半成品或加工食品
8744,多少鸭蛋,3,数量或单位残留且无法可靠恢复原食材
8745,鲜肉月饼,3,成品、半成品或加工食品
8746,黄油母鸡,3,烘焙或乳制加工食品
8747,多少个鸡翅根,3,数量或单位残留且无法可靠恢复原食材
8748,健能酸奶,3,饮料、酒类或乳制品不属于本版核心原生食材
8749,不爱吃,3,不属于指南允许的基础原生食材类别
8750,甜度调整,3,不属于指南允许的基础原生食材类别
8751,多少张馄饨皮,3,成品、半成品或加工食品
8752,香鬆,3,不属于指南允许的基础原生食材类别
8753,惠尔通可食色膏,3,不属于指南允许的基础原生食材类别
8754,口味调味品,3,不属于指南允许的基础原生食材类别
8755,调理包,3,不属于指南允许的基础原生食材类别
8756,定水量水,3,不属于指南允许的基础原生食材类别
8757,花抹茶奥利奥饼干,3,烘焙或乳制加工食品
8758,炸牛肉丸子,3,成品、半成品或加工食品
8759,伯爵,3,不属于指南允许的基础原生食材类别
8760,果内馅,3,不属于指南允许的基础原生食材类别
8761,烧烤味,3,不属于指南允许的基础原生食材类别
8762,是人量,3,不属于指南允许的基础原生食材类别
8763,奶酪切碎,3,工具、包装或操作说明
8764,陶瓷,3,不属于指南允许的基础原生食材类别
8765,玻璃,3,不属于指南允许的基础原生食材类别
8766,华夫脆,3,不属于指南允许的基础原生食材类别
8767,一大张,3,不属于指南允许的基础原生食材类别
8768,味果味粉,3,不属于指南允许的基础原生食材类别
8769,两只土豆,3,数量或单位残留且无法可靠恢复原食材
8770,闪粉,3,不属于指南允许的基础原生食材类别
8771,单品咖啡,3,饮料、酒类或乳制品不属于本版核心原生食材
8772,碎熟核桃仁,3,成品、半成品或加工食品
8773,黄芪党参,3,不属于指南允许的基础原生食材类别
8774,杏仁酸奶,3,饮料、酒类或乳制品不属于本版核心原生食材
8775,油麻辣火锅料,3,不属于指南允许的基础原生食材类别
8776,碎熟黑芝麻,3,成品、半成品或加工食品
8777,毒玻璃罐子,3,不属于指南允许的基础原生食材类别
8778,意大利面包,3,烘焙或乳制加工食品
8779,多少西米,3,成品、半成品或加工食品
8780,手工米粉,3,成品、半成品或加工食品
8781,「干」,3,不属于指南允许的基础原生食材类别
8782,是咸,3,不属于指南允许的基础原生食材类别
8783,油一小汤勺,3,不属于指南允许的基础原生食材类别
8784,小虾皮,3,成品、半成品或加工食品
8785,碎橙子皮,3,不属于指南允许的基础原生食材类别
8786,小虾米干,3,成品、半成品或加工食品
8787,来面包糠,3,烘焙或乳制加工食品
8788,口味豆干,3,豆制品或淀粉制品（严格模式排除）
8789,按个人口味增减,3,不属于指南允许的基础原生食材类别
8790,大米米粉,3,成品、半成品或加工食品
8791,油《面包机,3,烘焙或乳制加工食品
8792,发挥想象力,3,不属于指南允许的基础原生食材类别
8793,海天,3,不属于指南允许的基础原生食材类别
8794,餐原料,3,不属于指南允许的基础原生食材类别
8795,蔓越干,3,不属于指南允许的基础原生食材类别
8796,部分〗,3,不属于指南允许的基础原生食材类别
8797,味曲奇饼干,3,烘焙或乳制加工食品
8798,火腿肠鸡蛋,3,加工肉制品
8799,天全部母种,3,不属于指南允许的基础原生食材类别
8800,翅膀,3,不属于指南允许的基础原生食材类别
8801,熟贝贝南瓜,3,成品、半成品或加工食品
8802,机可可粉,3,成品、半成品或加工食品
8803,粉抹茶,3,饮料、酒类或乳制品不属于本版核心原生食材
8804,酸菜切丝,3,成品、半成品或加工食品
8805,多少萝卜干,3,成品、半成品或加工食品
8806,绿提子,3,不属于指南允许的基础原生食材类别
8807,高度水,3,不属于指南允许的基础原生食材类别
8808,两倍水水,3,不属于指南允许的基础原生食材类别
8809,自己准备,3,不属于指南允许的基础原生食材类别
8810,泡发腐竹,3,豆制品或淀粉制品（严格模式排除）
8811,混合液体,3,不属于指南允许的基础原生食材类别
8812,哈米饭,3,成品、半成品或加工食品
8813,冰淇淋蛋糕层,3,烘焙或乳制加工食品
8814,意大利,3,不属于指南允许的基础原生食材类别
8815,一腿,3,不属于指南允许的基础原生食材类别
8816,故事,3,不属于指南允许的基础原生食材类别
8817,小茶勺,3,不属于指南允许的基础原生食材类别
8818,仁蔓越莓干,3,成品、半成品或加工食品
8819,味蒸肉米粉,3,成品、半成品或加工食品
8820,一起牛奶,3,饮料、酒类或乳制品不属于本版核心原生食材
8821,倍纯净水,3,不属于指南允许的基础原生食材类别
8822,可增减牛奶,3,饮料、酒类或乳制品不属于本版核心原生食材
8823,黄芪当归,3,不属于指南允许的基础原生食材类别
8824,大小适中,3,不属于指南允许的基础原生食材类别
8825,材料牛奶,3,饮料、酒类或乳制品不属于本版核心原生食材
8826,续更新,3,不属于指南允许的基础原生食材类别
8827,椰奶麦片,3,饮料、酒类或乳制品不属于本版核心原生食材
8828,瑞美厨西式厨师机,3,不属于指南允许的基础原生食材类别
8829,下宝藏小方蒸烤箱,3,不属于指南允许的基础原生食材类别
8830,剥皮鹌鹑蛋,3,不属于指南允许的基础原生食材类别
8831,机器面,3,工具、包装或操作说明
8832,烘培苏打,3,不属于指南允许的基础原生食材类别
8833,碎和葡萄干,3,成品、半成品或加工食品
8834,浓缩粉,3,不属于指南允许的基础原生食材类别
8835,奶油食材,3,烘焙或乳制加工食品
8836,愉悦,3,不属于指南允许的基础原生食材类别
8837,小火,3,不属于指南允许的基础原生食材类别
8838,重石,3,不属于指南允许的基础原生食材类别
8839,新鲜牛奶,3,饮料、酒类或乳制品不属于本版核心原生食材
8840,多少糙米,3,数量或单位残留且无法可靠恢复原食材
8841,豆腐羹,3,豆制品或淀粉制品（严格模式排除）
8842,进去了,3,不属于指南允许的基础原生食材类别
8843,粉—奶黄馅,3,不属于指南允许的基础原生食材类别
8844,特殊器具,3,不属于指南允许的基础原生食材类别
8845,料干料,3,不属于指南允许的基础原生食材类别
8846,决定面包糠,3,烘焙或乳制加工食品
8847,大油豆腐,3,豆制品或淀粉制品（严格模式排除）
8848,克虫草花,3,不属于指南允许的基础原生食材类别
8849,酱粉,3,不属于指南允许的基础原生食材类别
8850,几瓣葱姜蒜,3,数量或单位残留且无法可靠恢复原食材
8851,多熟白芝麻,3,成品、半成品或加工食品
8852,面包切块,3,烘焙或乳制加工食品
8853,可代替,3,不属于指南允许的基础原生食材类别
8854,布丁蛋糕,3,烘焙或乳制加工食品
8855,味所需食材,3,不属于指南允许的基础原生食材类别
8856,横切,3,不属于指南允许的基础原生食材类别
8857,就没放,3,不属于指南允许的基础原生食材类别
8858,千爷,3,不属于指南允许的基础原生食材类别
8859,色燕麦曲奇,3,成品、半成品或加工食品
8860,平勺味达美,3,不属于指南允许的基础原生食材类别
8861,小虾干,3,成品、半成品或加工食品
8862,多少放多少剩饭,3,数量或单位残留且无法可靠恢复原食材
8863,味材料名称,3,不属于指南允许的基础原生食材类别
8864,蓝色色粉,3,不属于指南允许的基础原生食材类别
8865,部分准备,3,不属于指南允许的基础原生食材类别
8866,泰国柠檬皮,3,不属于指南允许的基础原生食材类别
8867,就甜,3,不属于指南允许的基础原生食材类别
8868,芋圆预拌粉,3,成品、半成品或加工食品
8869,色透明,3,不属于指南允许的基础原生食材类别
8870,腰豆奶,3,成品、半成品或加工食品
8871,巴伐利亚奶冻,3,不属于指南允许的基础原生食材类别
8872,非固定,3,不属于指南允许的基础原生食材类别
8873,画嘴巴,3,不属于指南允许的基础原生食材类别
8874,快熟,3,成品、半成品或加工食品
8875,一升,3,不属于指南允许的基础原生食材类别
8876,各葵花籽,3,不属于指南允许的基础原生食材类别
8877,裹糕,3,不属于指南允许的基础原生食材类别
8878,豆腐衣,3,豆制品或淀粉制品（严格模式排除）
8879,何首乌,3,不属于指南允许的基础原生食材类别
8880,少量豆腐,3,豆制品或淀粉制品（严格模式排除）
8881,蚕蛹,3,不属于指南允许的基础原生食材类别
8882,慕斯镜面,3,成品、半成品或加工食品
8883,冰皮,3,不属于指南允许的基础原生食材类别
8884,山茶花粉,3,不属于指南允许的基础原生食材类别
8885,咸馅,3,不属于指南允许的基础原生食材类别
8886,榄角,3,不属于指南允许的基础原生食材类别
8887,底层,3,不属于指南允许的基础原生食材类别
8888,低筯面粉,3,成品、半成品或加工食品
8889,干燕窝,3,不属于指南允许的基础原生食材类别
8890,巴西利,3,不属于指南允许的基础原生食材类别
8891,蛋糕液,3,烘焙或乳制加工食品
8892,夹陷,3,不属于指南允许的基础原生食材类别
8893,烫熟菠菜,3,成品、半成品或加工食品
8894,鲜茅根,3,不属于指南允许的基础原生食材类别
8895,中餐,3,不属于指南允许的基础原生食材类别
8896,派底,3,不属于指南允许的基础原生食材类别
8897,烘焙,3,不属于指南允许的基础原生食材类别
8898,每个,3,不属于指南允许的基础原生食材类别
8899,清汤颗粒,3,不属于指南允许的基础原生食材类别
8900,豆腐内酯,3,豆制品或淀粉制品（严格模式排除）
8901,川穹,3,不属于指南允许的基础原生食材类别
8902,室温水,3,不属于指南允许的基础原生食材类别
8903,紅棗,3,不属于指南允许的基础原生食材类别
8904,披萨料,3,成品、半成品或加工食品
8905,冰苏打水,3,不属于指南允许的基础原生食材类别
8906,成熟番茄,3,成品、半成品或加工食品
8907,克红曲粉,3,不属于指南允许的基础原生食材类别
8908,牛奶小方,3,饮料、酒类或乳制品不属于本版核心原生食材
8909,花生酥,3,不属于指南允许的基础原生食材类别
8910,腐竹皮,3,豆制品或淀粉制品（严格模式排除）
8911,紫皮独蒜,3,不属于指南允许的基础原生食材类别
8912,蛋液牛奶,3,饮料、酒类或乳制品不属于本版核心原生食材
8913,小油豆腐,3,豆制品或淀粉制品（严格模式排除）
8914,沾粉,3,不属于指南允许的基础原生食材类别
8915,溴粉,3,不属于指南允许的基础原生食材类别
8916,防粘粉,3,不属于指南允许的基础原生食材类别
8917,五分钟,3,不属于指南允许的基础原生食材类别
8918,面包馅,3,烘焙或乳制加工食品
8919,天山面粉,3,成品、半成品或加工食品
8920,凤梨酥皮,3,不属于指南允许的基础原生食材类别
8921,鮮奶,3,饮料、酒类或乳制品不属于本版核心原生食材
8922,干洛神花,3,不属于指南允许的基础原生食材类别
8923,蛋糕盒子,3,烘焙或乳制加工食品
8924,鲜艾叶,3,不属于指南允许的基础原生食材类别
8925,面皮料,3,不属于指南允许的基础原生食材类别
8926,专心,3,不属于指南允许的基础原生食材类别
8927,沙拉配菜,3,成品、半成品或加工食品
8928,地道肠,3,成品、半成品或加工食品
8929,芝士糊糊,3,烘焙或乳制加工食品
8930,熬大骨汤,3,不属于指南允许的基础原生食材类别
8931,紫皮萝卜,3,不属于指南允许的基础原生食材类别
8932,就是,3,不属于指南允许的基础原生食材类别
8933,碎碎冰,3,不属于指南允许的基础原生食材类别
8934,一头蒜,3,数量或单位残留且无法可靠恢复原食材
8935,吧培根,3,加工肉制品
8936,素奶酪,3,烘焙或乳制加工食品
8937,荔枝慕斯,3,成品、半成品或加工食品
8938,伯爵奶茶,3,饮料、酒类或乳制品不属于本版核心原生食材
8939,粥类,3,成品、半成品或加工食品
8940,龙井新茶,3,饮料、酒类或乳制品不属于本版核心原生食材
8941,人民币,3,不属于指南允许的基础原生食材类别
8942,包子皮料,3,成品、半成品或加工食品
8943,咸菜馅,3,成品、半成品或加工食品
8944,提前泡,3,不属于指南允许的基础原生食材类别
8945,克汤种,3,不属于指南允许的基础原生食材类别
8946,人份,3,不属于指南允许的基础原生食材类别
8947,胡辣粉,3,不属于指南允许的基础原生食材类别
