old_id,old_name,action,new_id,new_name,reason
1,葱,KEEP,1,葱,符合基础原生食材定义
2,蒜,KEEP,2,蒜,符合基础原生食材定义
3,姜,KEEP,3,姜,符合基础原生食材定义
4,牛奶,DROP,,,饮料、酒类或乳制品不属于本版核心原生食材
5,猪肉,KEEP,4,猪肉,符合基础原生食材定义
6,洋葱,KEEP,5,洋葱,符合基础原生食材定义
7,胡萝卜,KEEP,6,胡萝卜,符合基础原生食材定义
8,干辣椒,DROP,,,调味料不进入基础原生食材表
9,鸡蛋,KEEP,7,鸡蛋,符合基础原生食材定义
10,牛肉,KEEP,8,牛肉,符合基础原生食材定义
11,香菜,KEEP,9,香菜,符合基础原生食材定义
12,五花肉,KEEP,10,五花肉,符合基础原生食材定义
13,芝士,DROP,,,烘焙或乳制加工食品
14,淀粉,DROP,,,成品、半成品或加工食品
15,青椒,KEEP,11,青椒,符合基础原生食材定义
16,土豆,KEEP,12,土豆,符合基础原生食材定义
17,玉米,KEEP,13,玉米,符合基础原生食材定义
18,番茄,KEEP,14,番茄,符合基础原生食材定义
19,火腿,DROP,,,加工肉制品
20,鸡胸肉,KEEP,15,鸡胸肉,符合基础原生食材定义
21,面粉,DROP,,,成品、半成品或加工食品
22,花生,KEEP,16,花生,符合基础原生食材定义
23,辣椒,KEEP,17,辣椒,符合基础原生食材定义
24,低筋面粉,DROP,,,成品、半成品或加工食品
25,小米椒,KEEP,18,小米椒,符合基础原生食材定义
26,中筋面粉,DROP,,,成品、半成品或加工食品
27,椰浆,DROP,,,饮料、酒类或乳制品不属于本版核心原生食材
28,黄瓜,KEEP,19,黄瓜,符合基础原生食材定义
29,鸡腿肉,MERGE,582,鸡腿,明确别名或规范名统一
30,培根,DROP,,,加工肉制品
31,大米,KEEP,20,大米,符合基础原生食材定义
32,红枣,KEEP,21,红枣,符合基础原生食材定义
33,酸奶,DROP,,,饮料、酒类或乳制品不属于本版核心原生食材
34,葡萄干,DROP,,,成品、半成品或加工食品
35,柠檬,KEEP,22,柠檬,符合基础原生食材定义
36,香菇,KEEP,23,香菇,符合基础原生食材定义
37,可可粉,DROP,,,成品、半成品或加工食品
38,鸡肉,KEEP,24,鸡肉,符合基础原生食材定义
39,巧克力,DROP,,,烘焙或乳制加工食品
40,杏仁,KEEP,25,杏仁,符合基础原生食材定义
41,芝麻,KEEP,26,芝麻,符合基础原生食材定义
42,意大利面,DROP,,,成品、半成品或加工食品
43,高筋面粉,DROP,,,成品、半成品或加工食品
44,芹菜,KEEP,27,芹菜,符合基础原生食材定义
45,香肠,DROP,,,加工肉制品
46,红薯,KEEP,28,红薯,符合基础原生食材定义
47,马苏里拉芝士,DROP,,,烘焙或乳制加工食品
48,白菜,KEEP,29,白菜,符合基础原生食材定义
49,生菜,KEEP,31,生菜,符合基础原生食材定义
50,南瓜,KEEP,30,南瓜,符合基础原生食材定义
51,全麦面粉,DROP,,,成品、半成品或加工食品
52,抹茶粉,DROP,,,成品、半成品或加工食品
53,坚果,REVIEW,,,名称过于宽泛或形态含义不明确，禁止猜测映射
54,排骨,KEEP,32,排骨,符合基础原生食材定义
55,黑芝麻,KEEP,35,黑芝麻,符合基础原生食材定义
56,木耳,KEEP,33,木耳,符合基础原生食材定义
57,燕麦,KEEP,34,燕麦,符合基础原生食材定义
58,白芝麻,KEEP,36,白芝麻,符合基础原生食材定义
59,猪里脊,KEEP,37,猪里脊,符合基础原生食材定义
60,海苔,DROP,,,成品、半成品或加工食品
61,核桃,KEEP,38,核桃,符合基础原生食材定义
62,圣女果,KEEP,39,圣女果,符合基础原生食材定义
63,葱姜蒜,SPLIT,1|3|2,葱|姜|蒜,明确包含多个独立食材；关系保守保留原文，克数不拆分
64,菠菜,KEEP,40,菠菜,符合基础原生食材定义
65,青菜,REVIEW,,,名称过于宽泛或形态含义不明确，禁止猜测映射
66,炼乳,DROP,,,烘焙或乳制加工食品
67,奶粉,DROP,,,烘焙或乳制加工食品
68,虾仁,KEEP,41,虾仁,符合基础原生食材定义
69,草莓,KEEP,43,草莓,符合基础原生食材定义
70,芒果,KEEP,42,芒果,符合基础原生食材定义
71,火腿肠,DROP,,,加工肉制品
72,米饭,DROP,,,成品、半成品或加工食品
73,红薯粉,REVIEW,,,可能是原生食材，但频次、命名或类别证据不足
74,油菜,KEEP,44,油菜,符合基础原生食材定义
75,金针菇,KEEP,46,金针菇,符合基础原生食材定义
76,蔓越莓,KEEP,45,蔓越莓,符合基础原生食材定义
77,豆腐,DROP,,,豆制品或淀粉制品（严格模式排除）
78,紫薯,KEEP,47,紫薯,符合基础原生食材定义
79,糯米粉,DROP,,,成品、半成品或加工食品
80,韭菜,KEEP,48,韭菜,符合基础原生食材定义
81,面包,DROP,,,烘焙或乳制加工食品
82,红椒,KEEP,49,红椒,符合基础原生食材定义
83,红辣椒,KEEP,50,红辣椒,符合基础原生食材定义
84,罗勒,KEEP,51,罗勒,符合基础原生食材定义
85,蔓越莓干,DROP,,,成品、半成品或加工食品
86,蛋清,KEEP,52,蛋清,符合基础原生食材定义
87,西兰花,KEEP,53,西兰花,符合基础原生食材定义
88,午餐肉,DROP,,,加工肉制品
89,红豆,KEEP,54,红豆,符合基础原生食材定义
90,蓝莓,KEEP,55,蓝莓,符合基础原生食材定义
91,奥利奥,DROP,,,不属于指南允许的基础原生食材类别
92,黑巧克力,DROP,,,烘焙或乳制加工食品
93,榨菜,DROP,,,不属于指南允许的基础原生食材类别
94,啤酒,DROP,,,调味料不进入基础原生食材表
95,苹果,KEEP,56,苹果,符合基础原生食材定义
96,奶油奶酪,DROP,,,烘焙或乳制加工食品
97,枸杞,KEEP,57,枸杞,符合基础原生食材定义
98,羊肉,KEEP,58,羊肉,符合基础原生食材定义
99,吐司,DROP,,,烘焙或乳制加工食品
100,面包糠,DROP,,,烘焙或乳制加工食品
101,马苏里拉奶酪,DROP,,,烘焙或乳制加工食品
102,萝卜,KEEP,59,萝卜,符合基础原生食材定义
103,椰蓉,DROP,,,不属于指南允许的基础原生食材类别
104,奥利奥饼干,DROP,,,烘焙或乳制加工食品
105,蘑菇,REVIEW,,,名称过于宽泛或形态含义不明确，禁止猜测映射
106,豌豆,KEEP,60,豌豆,符合基础原生食材定义
107,泡椒,DROP,,,成品、半成品或加工食品
108,香蕉,KEEP,61,香蕉,符合基础原生食材定义
109,欧芹,KEEP,62,欧芹,符合基础原生食材定义
110,肉松,DROP,,,加工肉制品
111,面条,DROP,,,成品、半成品或加工食品
112,粉丝,DROP,,,豆制品或淀粉制品（严格模式排除）
113,红茶,DROP,,,饮料、酒类或乳制品不属于本版核心原生食材
114,白萝卜,KEEP,63,白萝卜,符合基础原生食材定义
115,糯米,KEEP,64,糯米,符合基础原生食材定义
116,米粉,DROP,,,成品、半成品或加工食品
117,迷迭香,DROP,,,调味料不进入基础原生食材表
118,青豆,KEEP,65,青豆,符合基础原生食材定义
119,肥牛,KEEP,66,肥牛,符合基础原生食材定义
120,戚风蛋糕,DROP,,,烘焙或乳制加工食品
121,红酒,DROP,,,调味料不进入基础原生食材表
122,红曲粉,DROP,,,不属于指南允许的基础原生食材类别
123,鸡汤,REVIEW,,,可能是原生食材，但频次、命名或类别证据不足
124,菠萝,KEEP,67,菠萝,符合基础原生食材定义
125,葱姜,SPLIT,1|3,葱|姜,明确包含多个独立食材；关系保守保留原文，克数不拆分
126,玉米面,REVIEW,,,可能是原生食材，但频次、命名或类别证据不足
127,腊肠,DROP,,,成品、半成品或加工食品
128,海带,KEEP,68,海带,符合基础原生食材定义
129,西葫芦,KEEP,69,西葫芦,符合基础原生食材定义
130,百里香,DROP,,,调味料不进入基础原生食材表
131,巧克力豆,DROP,,,烘焙或乳制加工食品
132,娃娃菜,KEEP,70,娃娃菜,符合基础原生食材定义
133,鸡翅,KEEP,71,鸡翅,符合基础原生食材定义
134,蛋黄,KEEP,72,蛋黄,符合基础原生食材定义
135,芋头,KEEP,73,芋头,符合基础原生食材定义
136,彩椒,KEEP,74,彩椒,符合基础原生食材定义
137,腊肉,DROP,,,加工肉制品
138,紫菜,KEEP,75,紫菜,符合基础原生食材定义
139,虾米,DROP,,,成品、半成品或加工食品
140,白葡萄酒,DROP,,,调味料不进入基础原生食材表
141,卷心菜,KEEP,76,卷心菜,符合基础原生食材定义
142,罗勒叶,MERGE,51,罗勒,明确别名或规范名统一
143,核桃仁,KEEP,77,核桃仁,符合基础原生食材定义
144,鱿鱼,KEEP,78,鱿鱼,符合基础原生食材定义
145,蛋糕,DROP,,,烘焙或乳制加工食品
146,草鱼,KEEP,79,草鱼,符合基础原生食材定义
147,豆沙,DROP,,,成品、半成品或加工食品
148,豆浆,DROP,,,成品、半成品或加工食品
149,泡菜,DROP,,,成品、半成品或加工食品
150,老豆腐,DROP,,,豆制品或淀粉制品（严格模式排除）
151,饼干,DROP,,,烘焙或乳制加工食品
152,香草,REVIEW,,,名称过于宽泛或形态含义不明确，禁止猜测映射
153,蒜苗,KEEP,80,蒜苗,符合基础原生食材定义
154,牛腩,KEEP,82,牛腩,符合基础原生食材定义
155,杏鲍菇,KEEP,83,杏鲍菇,符合基础原生食材定义
156,西芹,KEEP,81,西芹,符合基础原生食材定义
157,木薯粉,REVIEW,,,可能是原生食材，但频次、命名或类别证据不足
158,豆角,KEEP,84,豆角,符合基础原生食材定义
159,干贝,DROP,,,成品、半成品或加工食品
160,肉桂粉,DROP,,,调味料不进入基础原生食材表
161,年糕,DROP,,,成品、半成品或加工食品
162,全脂牛奶,DROP,,,饮料、酒类或乳制品不属于本版核心原生食材
163,挂面,REVIEW,,,可能是原生食材，但频次、命名或类别证据不足
164,虾皮,DROP,,,成品、半成品或加工食品
165,山药,KEEP,85,山药,符合基础原生食材定义
166,三文鱼,KEEP,86,三文鱼,符合基础原生食材定义
167,玉米粉,DROP,,,成品、半成品或加工食品
168,剁椒,DROP,,,成品、半成品或加工食品
169,麻椒,DROP,,,调味料不进入基础原生食材表
170,黄豆,KEEP,87,黄豆,符合基础原生食材定义
171,红豆沙,DROP,,,成品、半成品或加工食品
172,花蛤,KEEP,88,花蛤,符合基础原生食材定义
173,腰果,KEEP,89,腰果,符合基础原生食材定义
174,米辣,KEEP,91,米辣,符合基础原生食材定义
175,牛油果,KEEP,90,牛油果,符合基础原生食材定义
176,豆芽,KEEP,92,豆芽,符合基础原生食材定义
177,蔬菜,REVIEW,,,名称过于宽泛或形态含义不明确，禁止猜测映射
178,雪碧,DROP,,,不属于指南允许的基础原生食材类别
179,炼奶,DROP,,,饮料、酒类或乳制品不属于本版核心原生食材
180,番茄沙司,DROP,,,成品、半成品或加工食品
181,绿豆,KEEP,94,绿豆,符合基础原生食材定义
182,干香菇,KEEP,93,干香菇,符合基础原生食材定义
183,杏仁粉,REVIEW,,,可能是原生食材，但频次、命名或类别证据不足
184,饺子皮,DROP,,,成品、半成品或加工食品
185,白巧克力,DROP,,,烘焙或乳制加工食品
186,辣白菜,DROP,,,不属于指南允许的基础原生食材类别
187,高筋粉,DROP,,,不属于指南允许的基础原生食材类别
188,马苏里拉,DROP,,,不属于指南允许的基础原生食材类别
189,莲藕,KEEP,96,莲藕,符合基础原生食材定义
190,朝天椒,KEEP,95,朝天椒,符合基础原生食材定义
191,即食燕麦,DROP,,,成品、半成品或加工食品
192,杏仁奶,DROP,,,饮料、酒类或乳制品不属于本版核心原生食材
193,豆沙馅,DROP,,,成品、半成品或加工食品
194,青红椒,SPLIT,11|49,青椒|红椒,明确包含多个独立食材；关系保守保留原文，克数不拆分
195,甜玉米,KEEP,97,甜玉米,符合基础原生食材定义
196,山楂,DROP,,,不属于指南允许的基础原生食材类别
197,嫩豆腐,DROP,,,豆制品或淀粉制品（严格模式排除）
198,薄荷叶,DROP,,,调味料不进入基础原生食材表
199,粘米粉,DROP,,,成品、半成品或加工食品
200,腐竹,DROP,,,豆制品或淀粉制品（严格模式排除）
201,地瓜粉,REVIEW,,,可能是原生食材，但频次、命名或类别证据不足
202,龙利鱼,KEEP,98,龙利鱼,符合基础原生食材定义
203,凉开水,DROP,,,不属于指南允许的基础原生食材类别
204,低筋粉,DROP,,,不属于指南允许的基础原生食材类别
205,圆白菜,MERGE,76,卷心菜,明确别名或规范名统一
206,柠檬皮,DROP,,,不属于指南允许的基础原生食材类别
207,金枪鱼罐头,DROP,,,成品、半成品或加工食品
208,鱼丸,DROP,,,成品、半成品或加工食品
209,黑米,KEEP,102,黑米,符合基础原生食材定义
210,鹌鹑蛋,KEEP,101,鹌鹑蛋,符合基础原生食材定义
211,苏打水,DROP,,,不属于指南允许的基础原生食材类别
212,咖啡粉,DROP,,,饮料、酒类或乳制品不属于本版核心原生食材
213,荞麦面,REVIEW,,,可能是原生食材，但频次、命名或类别证据不足
214,紫甘蓝,KEEP,99,紫甘蓝,符合基础原生食材定义
215,火龙果,KEEP,100,火龙果,符合基础原生食材定义
216,酸菜,DROP,,,成品、半成品或加工食品
217,口蘑,KEEP,103,口蘑,符合基础原生食材定义
218,芝士粉,DROP,,,烘焙或乳制加工食品
219,橙子皮,DROP,,,不属于指南允许的基础原生食材类别
220,芦笋,KEEP,104,芦笋,符合基础原生食材定义
221,油泼辣子,DROP,,,不属于指南允许的基础原生食材类别
222,鸡翅根,KEEP,105,鸡翅根,符合基础原生食材定义
223,萝卜干,DROP,,,成品、半成品或加工食品
224,魔芋,REVIEW,,,名称过于宽泛或形态含义不明确，禁止猜测映射
225,粉条,DROP,,,豆制品或淀粉制品（严格模式排除）
226,银耳,KEEP,107,银耳,符合基础原生食材定义
227,熟芝麻,DROP,,,成品、半成品或加工食品
228,海绵蛋糕,DROP,,,烘焙或乳制加工食品
229,香芹,KEEP,106,香芹,符合基础原生食材定义
230,牛肉丸,DROP,,,成品、半成品或加工食品
231,椰子粉,REVIEW,,,可能是原生食材，但频次、命名或类别证据不足
232,希腊酸奶,DROP,,,饮料、酒类或乳制品不属于本版核心原生食材
233,西米,DROP,,,成品、半成品或加工食品
234,荷兰豆,KEEP,109,荷兰豆,符合基础原生食材定义
235,冬瓜,KEEP,108,冬瓜,符合基础原生食材定义
236,咖啡,DROP,,,饮料、酒类或乳制品不属于本版核心原生食材
237,绿茶,DROP,,,饮料、酒类或乳制品不属于本版核心原生食材
238,茄子,KEEP,110,茄子,符合基础原生食材定义
239,咸蛋黄,DROP,,,成品、半成品或加工食品
240,瑶柱,DROP,,,不属于指南允许的基础原生食材类别
241,消化饼干,DROP,,,烘焙或乳制加工食品
242,豆奶,DROP,,,成品、半成品或加工食品
243,郫县豆瓣,REVIEW,,,形态描述存在，但原始食材无法确定
244,鸡爪,KEEP,112,鸡爪,符合基础原生食材定义
245,熟白芝麻,DROP,,,成品、半成品或加工食品
246,青辣椒,KEEP,111,青辣椒,符合基础原生食材定义
247,水果,REVIEW,,,名称过于宽泛或形态含义不明确，禁止猜测映射
248,肉馅,REVIEW,,,名称过于宽泛或形态含义不明确，禁止猜测映射
249,梅干菜,DROP,,,成品、半成品或加工食品
250,鳕鱼,KEEP,113,鳕鱼,符合基础原生食材定义
251,肉丸,DROP,,,成品、半成品或加工食品
252,香粉,DROP,,,不属于指南允许的基础原生食材类别
253,鲜菇粉,REVIEW,,,可能是原生食材，但频次、命名或类别证据不足
254,肉丝,REVIEW,,,形态描述存在，但原始食材无法确定
255,奇亚籽,DROP,,,不属于指南允许的基础原生食材类别
256,手指饼干,DROP,,,烘焙或乳制加工食品
257,全蛋液,REVIEW,,,名称过于宽泛或形态含义不明确，禁止猜测映射
258,红葱头,KEEP,114,红葱头,符合基础原生食材定义
259,包菜,MERGE,76,卷心菜,明确别名或规范名统一
260,虫草,DROP,,,不属于指南允许的基础原生食材类别
261,青蒜,KEEP,115,青蒜,符合基础原生食材定义
262,栗子,KEEP,116,栗子,符合基础原生食材定义
263,油豆腐,DROP,,,豆制品或淀粉制品（严格模式排除）
264,平菇,KEEP,118,平菇,符合基础原生食材定义
265,茶叶,DROP,,,饮料、酒类或乳制品不属于本版核心原生食材
266,薄荷,KEEP,117,薄荷,符合基础原生食材定义
267,咸肉,DROP,,,成品、半成品或加工食品
268,鹰嘴豆,KEEP,119,鹰嘴豆,符合基础原生食材定义
269,金枪鱼,KEEP,121,金枪鱼,符合基础原生食材定义
270,鱼豆腐,DROP,,,豆制品或淀粉制品（严格模式排除）
271,鲜虾,MERGE,583,虾,明确别名或规范名统一
272,莲子,KEEP,122,莲子,符合基础原生食材定义
273,百香果,KEEP,120,百香果,符合基础原生食材定义
274,木鱼,REVIEW,,,名称过于宽泛或形态含义不明确，禁止猜测映射
275,麦片,REVIEW,,,形态描述存在，但原始食材无法确定
276,葱白,MERGE,1,葱,明确别名或规范名统一
277,咸菜,DROP,,,成品、半成品或加工食品
278,小米,KEEP,127,小米,符合基础原生食材定义
279,鲫鱼,KEEP,126,鲫鱼,符合基础原生食材定义
280,黑芝麻粉,REVIEW,,,可能是原生食材，但频次、命名或类别证据不足
281,薏米,KEEP,128,薏米,符合基础原生食材定义
282,葡萄,KEEP,124,葡萄,符合基础原生食材定义
283,蜜红豆,DROP,,,成品、半成品或加工食品
284,杭椒,KEEP,123,杭椒,符合基础原生食材定义
285,猪骨,KEEP,125,猪骨,符合基础原生食材定义
286,蛋挞皮,DROP,,,成品、半成品或加工食品
287,蟹味菇,KEEP,133,蟹味菇,符合基础原生食材定义
288,苏打,DROP,,,不属于指南允许的基础原生食材类别
289,猪肉馅,REVIEW,,,可能是原生食材，但频次、命名或类别证据不足
290,酒酿,DROP,,,不属于指南允许的基础原生食材类别
291,白玉菇,KEEP,134,白玉菇,符合基础原生食材定义
292,面包粉,DROP,,,烘焙或乳制加工食品
293,火锅料,DROP,,,不属于指南允许的基础原生食材类别
294,海鲜菇,KEEP,132,海鲜菇,符合基础原生食材定义
295,马蹄,KEEP,131,马蹄,符合基础原生食材定义
296,花菜,KEEP,130,花菜,符合基础原生食材定义
297,毛豆,KEEP,129,毛豆,符合基础原生食材定义
298,抹茶,DROP,,,饮料、酒类或乳制品不属于本版核心原生食材
299,酸豆角,DROP,,,成品、半成品或加工食品
300,豆干,DROP,,,豆制品或淀粉制品（严格模式排除）
301,樱桃,KEEP,135,樱桃,符合基础原生食材定义
302,豆腐皮,DROP,,,豆制品或淀粉制品（严格模式排除）
303,小麦粉,REVIEW,,,可能是原生食材，但频次、命名或类别证据不足
304,苏打粉,DROP,,,不属于指南允许的基础原生食材类别
305,丸子,DROP,,,成品、半成品或加工食品
306,黑豆,KEEP,139,黑豆,符合基础原生食材定义
307,小白菜,KEEP,137,小白菜,符合基础原生食材定义
308,绿豆芽,KEEP,138,绿豆芽,符合基础原生食材定义
309,四季豆,KEEP,136,四季豆,符合基础原生食材定义
310,酱牛肉,DROP,,,成品、半成品或加工食品
311,青柠,DROP,,,不属于指南允许的基础原生食材类别
312,果干,DROP,,,成品、半成品或加工食品
313,土豆粉,REVIEW,,,可能是原生食材，但频次、命名或类别证据不足
314,羊排,KEEP,140,羊排,符合基础原生食材定义
315,黄豆粉,REVIEW,,,可能是原生食材，但频次、命名或类别证据不足
316,蛋糕胚,DROP,,,烘焙或乳制加工食品
317,鸡中翅,KEEP,141,鸡中翅,符合基础原生食材定义
318,青红辣椒,SPLIT,11|50,青椒|红辣椒,明确包含多个独立食材；关系保守保留原文，克数不拆分
319,法棍,DROP,,,不属于指南允许的基础原生食材类别
320,海米,DROP,,,成品、半成品或加工食品
321,藜麦,KEEP,144,藜麦,符合基础原生食材定义
322,秋葵,KEEP,142,秋葵,符合基础原生食材定义
323,馄饨皮,DROP,,,成品、半成品或加工食品
324,桃胶,DROP,,,成品、半成品或加工食品
325,三黄鸡,KEEP,143,三黄鸡,符合基础原生食材定义
326,巧克力粉,DROP,,,烘焙或乳制加工食品
327,脱脂牛奶,DROP,,,饮料、酒类或乳制品不属于本版核心原生食材
328,茶树菇,KEEP,147,茶树菇,符合基础原生食材定义
329,桂圆,KEEP,146,桂圆,符合基础原生食材定义
330,丁香,DROP,,,不属于指南允许的基础原生食材类别
331,蛋糕粉,DROP,,,烘焙或乳制加工食品
332,红豆馅,REVIEW,,,可能是原生食材，但频次、命名或类别证据不足
333,九层塔,DROP,,,不属于指南允许的基础原生食材类别
334,各种蔬菜,REVIEW,,,名称过于宽泛或形态含义不明确，禁止猜测映射
335,莴笋,KEEP,145,莴笋,符合基础原生食材定义
336,青瓜,MERGE,19,黄瓜,明确别名或规范名统一
337,汤圆,DROP,,,不属于指南允许的基础原生食材类别
338,肉沫,REVIEW,,,名称过于宽泛或形态含义不明确，禁止猜测映射
339,戚风蛋糕胚,DROP,,,烘焙或乳制加工食品
340,蜜豆,DROP,,,成品、半成品或加工食品
341,方便面,DROP,,,成品、半成品或加工食品
342,柠檬皮屑,DROP,,,不属于指南允许的基础原生食材类别
343,黄豆芽,KEEP,150,黄豆芽,符合基础原生食材定义
344,蛋黄液,REVIEW,,,名称过于宽泛或形态含义不明确，禁止猜测映射
345,可乐,DROP,,,饮料、酒类或乳制品不属于本版核心原生食材
346,蜜枣,REVIEW,,,名称过于宽泛或形态含义不明确，禁止猜测映射
347,蓝莓干,DROP,,,成品、半成品或加工食品
348,蛋白粉,DROP,,,饮料、酒类或乳制品不属于本版核心原生食材
349,大头菜,KEEP,148,大头菜,符合基础原生食材定义
350,芹菜叶,KEEP,149,芹菜叶,符合基础原生食材定义
351,馒头,DROP,,,成品、半成品或加工食品
352,熟花生,DROP,,,成品、半成品或加工食品
353,豇豆,KEEP,151,豇豆,符合基础原生食材定义
354,牛里脊,KEEP,152,牛里脊,符合基础原生食材定义
355,牛肉馅,REVIEW,,,可能是原生食材，但频次、命名或类别证据不足
356,野山椒,REVIEW,,,名称过于宽泛或形态含义不明确，禁止猜测映射
357,玫瑰,DROP,,,调味料不进入基础原生食材表
358,牛排,KEEP,155,牛排,符合基础原生食材定义
359,那种,DROP,,,不属于指南允许的基础原生食材类别
360,虾干,DROP,,,成品、半成品或加工食品
361,鲈鱼,KEEP,156,鲈鱼,符合基础原生食材定义
362,黄花菜,KEEP,153,黄花菜,符合基础原生食材定义
363,葱姜水,DROP,,,成品、半成品或加工食品
364,橙子,KEEP,154,橙子,符合基础原生食材定义
365,披萨草,DROP,,,成品、半成品或加工食品
366,全麦面包,DROP,,,烘焙或乳制加工食品
367,水果玉米,KEEP,157,水果玉米,符合基础原生食材定义
368,干酪,DROP,,,饮料、酒类或乳制品不属于本版核心原生食材
369,黑椒,DROP,,,调味料不进入基础原生食材表
370,糙米,KEEP,163,糙米,符合基础原生食材定义
371,拉面,REVIEW,,,可能是原生食材，但频次、命名或类别证据不足
372,花甲,DROP,,,不属于指南允许的基础原生食材类别
373,朵西兰花,MERGE,53,西兰花,去除确定的鲜冻/去皮去骨描述
374,剁辣椒,DROP,,,成品、半成品或加工食品
375,大白菜,KEEP,158,大白菜,符合基础原生食材定义
376,紫薯粉,REVIEW,,,可能是原生食材，但频次、命名或类别证据不足
377,饮水,DROP,,,不属于指南允许的基础原生食材类别
378,桂花,DROP,,,调味料不进入基础原生食材表
379,蟹肉棒,DROP,,,成品、半成品或加工食品
380,枸杞子,MERGE,57,枸杞,明确别名或规范名统一
381,红心火龙果,KEEP,159,红心火龙果,符合基础原生食材定义
382,酸黄瓜,DROP,,,成品、半成品或加工食品
383,西瓜,KEEP,160,西瓜,符合基础原生食材定义
384,扇贝,KEEP,161,扇贝,符合基础原生食材定义
385,榛子,KEEP,162,榛子,符合基础原生食材定义
386,奶油芝士,DROP,,,烘焙或乳制加工食品
387,手擀面,REVIEW,,,可能是原生食材，但频次、命名或类别证据不足
388,冰淇淋,DROP,,,成品、半成品或加工食品
389,粽叶,DROP,,,不属于指南允许的基础原生食材类别
390,菜心,KEEP,165,菜心,符合基础原生食材定义
391,葱头,MERGE,5,洋葱,明确别名或规范名统一
392,猕猴桃,KEEP,166,猕猴桃,符合基础原生食材定义
393,紫苏,KEEP,164,紫苏,符合基础原生食材定义
394,肉桂,DROP,,,调味料不进入基础原生食材表
395,黑鱼,KEEP,167,黑鱼,符合基础原生食材定义
396,葱蒜,SPLIT,1|2,葱|蒜,明确包含多个独立食材；关系保守保留原文，克数不拆分
397,板栗,KEEP,169,板栗,符合基础原生食材定义
398,香干,DROP,,,成品、半成品或加工食品
399,油麦菜,KEEP,168,油麦菜,符合基础原生食材定义
400,鱼饼,DROP,,,成品、半成品或加工食品
401,竹炭粉,DROP,,,不属于指南允许的基础原生食材类别
402,豆皮,DROP,,,豆制品或淀粉制品（严格模式排除）
403,肥肉,REVIEW,,,名称过于宽泛或形态含义不明确，禁止猜测映射
404,混合香料,DROP,,,不属于指南允许的基础原生食材类别
405,干果,DROP,,,不属于指南允许的基础原生食材类别
406,细面,REVIEW,,,可能是原生食材，但频次、命名或类别证据不足
407,芝麻菜,KEEP,176,芝麻菜,符合基础原生食材定义
408,奶酪片,DROP,,,烘焙或乳制加工食品
409,烧烤料,DROP,,,不属于指南允许的基础原生食材类别
410,气泡水,DROP,,,不属于指南允许的基础原生食材类别
411,龙口粉丝,DROP,,,豆制品或淀粉制品（严格模式排除）
412,花胶,DROP,,,不属于指南允许的基础原生食材类别
413,南瓜粉,REVIEW,,,可能是原生食材，但频次、命名或类别证据不足
414,养乐多,DROP,,,不属于指南允许的基础原生食材类别
415,鲜牛奶,DROP,,,饮料、酒类或乳制品不属于本版核心原生食材
416,荔浦芋头,KEEP,174,荔浦芋头,符合基础原生食材定义
417,猪肝,KEEP,171,猪肝,符合基础原生食材定义
418,猪颈肉,KEEP,172,猪颈肉,符合基础原生食材定义
419,绿叶菜,REVIEW,,,名称过于宽泛或形态含义不明确，禁止猜测映射
420,慕斯,DROP,,,成品、半成品或加工食品
421,豆腐干,DROP,,,豆制品或淀粉制品（严格模式排除）
422,贝贝南瓜,KEEP,173,贝贝南瓜,符合基础原生食材定义
423,帕玛森芝士,DROP,,,烘焙或乳制加工食品
424,开心果,KEEP,175,开心果,符合基础原生食材定义
425,椰子,KEEP,170,椰子,符合基础原生食材定义
426,番茄膏,DROP,,,成品、半成品或加工食品
427,笋干,DROP,,,成品、半成品或加工食品
428,芋圆,DROP,,,成品、半成品或加工食品
429,茶包,DROP,,,不属于指南允许的基础原生食材类别
430,美乃滋,DROP,,,不属于指南允许的基础原生食材类别
431,树莓,DROP,,,不属于指南允许的基础原生食材类别
432,冷开水,DROP,,,不属于指南允许的基础原生食材类别
433,米线,DROP,,,成品、半成品或加工食品
434,全脂奶粉,DROP,,,烘焙或乳制加工食品
435,鲜奶,DROP,,,饮料、酒类或乳制品不属于本版核心原生食材
436,草莓粉,REVIEW,,,可能是原生食材，但频次、命名或类别证据不足
437,无花果,KEEP,177,无花果,符合基础原生食材定义
438,肉糜,REVIEW,,,名称过于宽泛或形态含义不明确，禁止猜测映射
439,二荆条,DROP,,,不属于指南允许的基础原生食材类别
440,龙须面,REVIEW,,,可能是原生食材，但频次、命名或类别证据不足
441,西蓝花,DROP,,,不属于指南允许的基础原生食材类别
442,巴沙鱼,KEEP,178,巴沙鱼,符合基础原生食材定义
443,牛奶巧克力,DROP,,,烘焙或乳制加工食品
444,果仁,REVIEW,,,名称过于宽泛或形态含义不明确，禁止猜测映射
445,速溶咖啡粉,DROP,,,饮料、酒类或乳制品不属于本版核心原生食材
446,藤椒,DROP,,,调味料不进入基础原生食材表
447,红尖椒,KEEP,181,红尖椒,符合基础原生食材定义
448,通心粉,REVIEW,,,可能是原生食材，但频次、命名或类别证据不足
449,白菜叶,KEEP,180,白菜叶,符合基础原生食材定义
450,海鲜,REVIEW,,,名称过于宽泛或形态含义不明确，禁止猜测映射
451,脱脂奶粉,DROP,,,烘焙或乳制加工食品
452,鲜香菇,MERGE,23,香菇,去除确定的鲜冻/去皮去骨描述
453,小辣椒,KEEP,179,小辣椒,符合基础原生食材定义
454,亚麻籽粉,DROP,,,不属于指南允许的基础原生食材类别
455,水油皮,DROP,,,不属于指南允许的基础原生食材类别
456,龙虾,KEEP,182,龙虾,符合基础原生食材定义
457,番薯粉,REVIEW,,,可能是原生食材，但频次、命名或类别证据不足
458,铁棍山药,KEEP,183,铁棍山药,符合基础原生食材定义
459,吐司面包,DROP,,,烘焙或乳制加工食品
460,鸡蛋面,REVIEW,,,可能是原生食材，但频次、命名或类别证据不足
461,猪五花肉,MERGE,10,五花肉,明确别名或规范名统一
462,冻豆腐,DROP,,,豆制品或淀粉制品（严格模式排除）
463,番茄罐头,DROP,,,成品、半成品或加工食品
464,芸豆,KEEP,186,芸豆,符合基础原生食材定义
465,塔塔粉,DROP,,,不属于指南允许的基础原生食材类别
466,黄桃,KEEP,188,黄桃,符合基础原生食材定义
467,松子,KEEP,190,松子,符合基础原生食材定义
468,凤梨,KEEP,187,凤梨,符合基础原生食材定义
469,小青菜,KEEP,185,小青菜,符合基础原生食材定义
470,番薯,MERGE,28,红薯,明确别名或规范名统一
471,猪油渣,DROP,,,成品、半成品或加工食品
472,蛋白霜,DROP,,,成品、半成品或加工食品
473,海参,KEEP,189,海参,符合基础原生食材定义
474,熟黑芝麻,DROP,,,成品、半成品或加工食品
475,冬笋,KEEP,184,冬笋,符合基础原生食材定义
476,内酯豆腐,DROP,,,豆制品或淀粉制品（严格模式排除）
477,淡奶,DROP,,,饮料、酒类或乳制品不属于本版核心原生食材
478,饺子粉,DROP,,,成品、半成品或加工食品
479,各种水果,DROP,,,不属于指南允许的基础原生食材类别
480,羽衣甘蓝,KEEP,191,羽衣甘蓝,符合基础原生食材定义
481,肉片,REVIEW,,,名称过于宽泛或形态含义不明确，禁止猜测映射
482,党参,DROP,,,不属于指南允许的基础原生食材类别
483,茉莉花茶,DROP,,,饮料、酒类或乳制品不属于本版核心原生食材
484,红烧肉,DROP,,,成品、半成品或加工食品
485,干海带,KEEP,192,干海带,符合基础原生食材定义
486,土司,DROP,,,不属于指南允许的基础原生食材类别
487,蒜蒜,MERGE,2,蒜,明确别名或规范名统一
488,雪菜,DROP,,,成品、半成品或加工食品
489,黑白芝麻,SPLIT,35|36,黑芝麻|白芝麻,明确包含多个独立食材；关系保守保留原文，克数不拆分
490,酸萝卜,DROP,,,成品、半成品或加工食品
491,甜椒,KEEP,194,甜椒,符合基础原生食材定义
492,白蘑菇,KEEP,199,白蘑菇,符合基础原生食材定义
493,指天椒,KEEP,193,指天椒,符合基础原生食材定义
494,泡姜,DROP,,,成品、半成品或加工食品
495,鲍鱼,KEEP,198,鲍鱼,符合基础原生食材定义
496,姜黄粉,REVIEW,,,可能是原生食材，但频次、命名或类别证据不足
497,意粉,DROP,,,不属于指南允许的基础原生食材类别
498,干桂花,DROP,,,调味料不进入基础原生食材表
499,牛腱子,KEEP,197,牛腱子,符合基础原生食材定义
500,发酵粉,DROP,,,不属于指南允许的基础原生食材类别
501,蛋黄糊,REVIEW,,,可能是原生食材，但频次、命名或类别证据不足
502,橘子皮,DROP,,,不属于指南允许的基础原生食材类别
503,干红椒,DROP,,,调味料不进入基础原生食材表
504,榴莲,KEEP,196,榴莲,符合基础原生食材定义
505,木瓜,KEEP,195,木瓜,符合基础原生食材定义
506,乳酪,DROP,,,饮料、酒类或乳制品不属于本版核心原生食材
507,玫瑰花瓣,DROP,,,调味料不进入基础原生食材表
508,剩米饭,DROP,,,成品、半成品或加工食品
509,骨头,DROP,,,不属于指南允许的基础原生食材类别
510,低脂牛奶,DROP,,,饮料、酒类或乳制品不属于本版核心原生食材
511,牛肉汤,REVIEW,,,可能是原生食材，但频次、命名或类别证据不足
512,凉白开水,DROP,,,不属于指南允许的基础原生食材类别
513,线椒,KEEP,201,线椒,符合基础原生食材定义
514,藕粉,DROP,,,成品、半成品或加工食品
515,珍珠,DROP,,,不属于指南允许的基础原生食材类别
516,中筋粉,DROP,,,不属于指南允许的基础原生食材类别
517,旺仔牛奶,DROP,,,饮料、酒类或乳制品不属于本版核心原生食材
518,乌龙茶,DROP,,,饮料、酒类或乳制品不属于本版核心原生食材
519,饺子,DROP,,,成品、半成品或加工食品
520,南瓜籽,KEEP,200,南瓜籽,符合基础原生食材定义
521,马蹄粉,DROP,,,不属于指南允许的基础原生食材类别
522,橄榄菜,DROP,,,成品、半成品或加工食品
523,薯片,REVIEW,,,形态描述存在，但原始食材无法确定
524,全麦吐司,DROP,,,烘焙或乳制加工食品
525,牛叶,REVIEW,,,名称过于宽泛或形态含义不明确，禁止猜测映射
526,绿豆粉,REVIEW,,,可能是原生食材，但频次、命名或类别证据不足
527,肉丁,REVIEW,,,名称过于宽泛或形态含义不明确，禁止猜测映射
528,水磨糯米粉,DROP,,,成品、半成品或加工食品
529,隔夜饭,DROP,,,不属于指南允许的基础原生食材类别
530,乌冬面,REVIEW,,,可能是原生食材，但频次、命名或类别证据不足
531,容器,DROP,,,工具、包装或操作说明
532,面包屑,DROP,,,烘焙或乳制加工食品
533,小西红柿,MERGE,39,圣女果,明确别名或规范名统一
534,香菜叶,MERGE,9,香菜,明确别名或规范名统一
535,猪蹄,KEEP,204,猪蹄,符合基础原生食材定义
536,皂角米,KEEP,207,皂角米,符合基础原生食材定义
537,雪梨,KEEP,202,雪梨,符合基础原生食材定义
538,红茶包,DROP,,,不属于指南允许的基础原生食材类别
539,蛋糕底,DROP,,,烘焙或乳制加工食品
540,自发粉,DROP,,,不属于指南允许的基础原生食材类别
541,大闸蟹,KEEP,205,大闸蟹,符合基础原生食材定义
542,梅花肉,KEEP,203,梅花肉,符合基础原生食材定义
543,榴莲肉,MERGE,196,榴莲,明确别名或规范名统一
544,章鱼,KEEP,206,章鱼,符合基础原生食材定义
545,肥牛卷,REVIEW,,,可能是原生食材，但频次、命名或类别证据不足
546,桂圆干,DROP,,,不属于指南允许的基础原生食材类别
547,隔夜米饭,DROP,,,成品、半成品或加工食品
548,各种香料,DROP,,,不属于指南允许的基础原生食材类别
549,菜花,KEEP,208,菜花,符合基础原生食材定义
550,香草荚,DROP,,,成品、半成品或加工食品
551,韩国泡菜,DROP,,,成品、半成品或加工食品
552,卤牛肉,DROP,,,成品、半成品或加工食品
553,速溶咖啡,DROP,,,饮料、酒类或乳制品不属于本版核心原生食材
554,脊骨,DROP,,,不属于指南允许的基础原生食材类别
555,菌菇,REVIEW,,,名称过于宽泛或形态含义不明确，禁止猜测映射
556,其他水果,DROP,,,不属于指南允许的基础原生食材类别
557,燕麦奶,DROP,,,饮料、酒类或乳制品不属于本版核心原生食材
558,鸡毛菜,KEEP,209,鸡毛菜,符合基础原生食材定义
559,杨梅,KEEP,210,杨梅,符合基础原生食材定义
560,西柚,KEEP,211,西柚,符合基础原生食材定义
561,豆渣,DROP,,,成品、半成品或加工食品
562,奶茶,DROP,,,饮料、酒类或乳制品不属于本版核心原生食材
563,克水,DROP,,,不属于指南允许的基础原生食材类别
564,童子鸡,KEEP,212,童子鸡,符合基础原生食材定义
565,芝麻粉,REVIEW,,,可能是原生食材，但频次、命名或类别证据不足
566,亚麻籽,DROP,,,不属于指南允许的基础原生食材类别
567,油条,DROP,,,成品、半成品或加工食品
568,帕玛森奶酪,DROP,,,烘焙或乳制加工食品
569,各种坚果,REVIEW,,,名称过于宽泛或形态含义不明确，禁止猜测映射
570,熟玉米,DROP,,,成品、半成品或加工食品
571,柴鱼,DROP,,,成品、半成品或加工食品
572,老酒,DROP,,,调味料不进入基础原生食材表
573,裙带菜,KEEP,218,裙带菜,符合基础原生食材定义
574,白米饭,DROP,,,成品、半成品或加工食品
575,松茸,KEEP,217,松茸,符合基础原生食材定义
576,猪肉糜,REVIEW,,,名称过于宽泛或形态含义不明确，禁止猜测映射
577,鸡蛋一个,MERGE,7,鸡蛋,修复数量/单位残留
578,广式腊肠,DROP,,,成品、半成品或加工食品
579,电动打蛋器,DROP,,,工具、包装或操作说明
580,橄榄,KEEP,213,橄榄,符合基础原生食材定义
581,葡萄酒,DROP,,,调味料不进入基础原生食材表
582,各种丸子,DROP,,,成品、半成品或加工食品
583,橘子,KEEP,214,橘子,符合基础原生食材定义
584,提子干,DROP,,,不属于指南允许的基础原生食材类别
585,蟹柳,DROP,,,成品、半成品或加工食品
586,西瓜皮,DROP,,,不属于指南允许的基础原生食材类别
587,紫米,KEEP,219,紫米,符合基础原生食材定义
588,即食麦片,DROP,,,成品、半成品或加工食品
589,熟糯米粉,DROP,,,成品、半成品或加工食品
590,其他蔬菜,REVIEW,,,名称过于宽泛或形态含义不明确，禁止猜测映射
591,桂圆肉,MERGE,146,桂圆,明确别名或规范名统一
592,春卷皮,DROP,,,不属于指南允许的基础原生食材类别
593,饼皮,DROP,,,不属于指南允许的基础原生食材类别
594,老母鸡,KEEP,216,老母鸡,符合基础原生食材定义
595,红茶叶,DROP,,,饮料、酒类或乳制品不属于本版核心原生食材
596,瘦猪肉,KEEP,215,瘦猪肉,符合基础原生食材定义
597,魔芋粉,REVIEW,,,可能是原生食材，但频次、命名或类别证据不足
598,青口,DROP,,,不属于指南允许的基础原生食材类别
599,浓稠酸奶,DROP,,,饮料、酒类或乳制品不属于本版核心原生食材
600,柚子,KEEP,223,柚子,符合基础原生食材定义
601,巴旦木,DROP,,,不属于指南允许的基础原生食材类别
602,乌鸡,KEEP,226,乌鸡,符合基础原生食材定义
603,饮料,DROP,,,饮料、酒类或乳制品不属于本版核心原生食材
604,绿色蔬菜,REVIEW,,,名称过于宽泛或形态含义不明确，禁止猜测映射
605,就行水,DROP,,,不属于指南允许的基础原生食材类别
606,咖啡豆,DROP,,,饮料、酒类或乳制品不属于本版核心原生食材
607,吉士粉,DROP,,,不属于指南允许的基础原生食材类别
608,圆葱,MERGE,5,洋葱,明确别名或规范名统一
609,蒜苔,KEEP,221,蒜苔,符合基础原生食材定义
610,香草膏,DROP,,,成品、半成品或加工食品
611,春笋,KEEP,220,春笋,符合基础原生食材定义
612,烧烤粉,DROP,,,不属于指南允许的基础原生食材类别
613,牛肉粉,REVIEW,,,可能是原生食材，但频次、命名或类别证据不足
614,猪排,KEEP,225,猪排,符合基础原生食材定义
615,饺子馅,DROP,,,成品、半成品或加工食品
616,调味粉,DROP,,,不属于指南允许的基础原生食材类别
617,水蜜桃,KEEP,224,水蜜桃,符合基础原生食材定义
618,火腿肉,DROP,,,加工肉制品
619,韭黄,KEEP,222,韭黄,符合基础原生食材定义
620,青椒红椒,SPLIT,11|49,青椒|红椒,明确包含多个独立食材；关系保守保留原文，克数不拆分
621,干豆腐,DROP,,,豆制品或淀粉制品（严格模式排除）
622,鲜面,REVIEW,,,可能是原生食材，但频次、命名或类别证据不足
623,蒜叶,KEEP,231,蒜叶,符合基础原生食材定义
624,黑椒粉,DROP,,,调味料不进入基础原生食材表
625,油辣子,DROP,,,不属于指南允许的基础原生食材类别
626,脆皮肠,DROP,,,成品、半成品或加工食品
627,面筋,DROP,,,成品、半成品或加工食品
628,内脂豆腐,DROP,,,豆制品或淀粉制品（严格模式排除）
629,沙姜,KEEP,228,沙姜,符合基础原生食材定义
630,苏打饼干,DROP,,,烘焙或乳制加工食品
631,红油辣椒,DROP,,,调味料不进入基础原生食材表
632,澄粉,DROP,,,不属于指南允许的基础原生食材类别
633,鸡腿菇,KEEP,236,鸡腿菇,符合基础原生食材定义
634,各种食材,DROP,,,不属于指南允许的基础原生食材类别
635,炸粉,DROP,,,不属于指南允许的基础原生食材类别
636,扁豆,KEEP,227,扁豆,符合基础原生食材定义
637,豆腐泡,DROP,,,豆制品或淀粉制品（严格模式排除）
638,河粉,DROP,,,成品、半成品或加工食品
639,生姜末,MERGE,3,姜,去除切片/切块/切丁等形态描述
640,烧酒,DROP,,,调味料不进入基础原生食材表
641,新鲜草莓,MERGE,43,草莓,去除确定的鲜冻/去皮去骨描述
642,小香葱,MERGE,1,葱,明确别名或规范名统一
643,大虾,KEEP,234,大虾,符合基础原生食材定义
644,瓜子仁,KEEP,237,瓜子仁,符合基础原生食材定义
645,豆蔻,DROP,,,调味料不进入基础原生食材表
646,黄芪,DROP,,,不属于指南允许的基础原生食材类别
647,百合,KEEP,229,百合,符合基础原生食材定义
648,紫苏叶,KEEP,230,紫苏叶,符合基础原生食材定义
649,荔枝,KEEP,233,荔枝,符合基础原生食材定义
650,饼底,DROP,,,不属于指南允许的基础原生食材类别
651,花椰菜,MERGE,208,菜花,明确别名或规范名统一
652,青萝卜,KEEP,232,青萝卜,符合基础原生食材定义
653,红肠,DROP,,,成品、半成品或加工食品
654,瓣蒜,MERGE,2,蒜,明确别名或规范名统一
655,带鱼,KEEP,235,带鱼,符合基础原生食材定义
656,碧根果,DROP,,,不属于指南允许的基础原生食材类别
657,西洋参,DROP,,,不属于指南允许的基础原生食材类别
658,艾草,DROP,,,不属于指南允许的基础原生食材类别
659,蒜子,MERGE,2,蒜,明确别名或规范名统一
660,剩饭,DROP,,,不属于指南允许的基础原生食材类别
661,黑麦粉,REVIEW,,,可能是原生食材，但频次、命名或类别证据不足
662,甘蓝,KEEP,238,甘蓝,符合基础原生食材定义
663,椰丝,REVIEW,,,形态描述存在，但原始食材无法确定
664,鸭蛋,KEEP,243,鸭蛋,符合基础原生食材定义
665,火锅丸子,DROP,,,成品、半成品或加工食品
666,冬菜,DROP,,,成品、半成品或加工食品
667,糙米饭,DROP,,,成品、半成品或加工食品
668,白米,KEEP,248,白米,符合基础原生食材定义
669,水牛奶,DROP,,,饮料、酒类或乳制品不属于本版核心原生食材
670,果蔬粉,DROP,,,不属于指南允许的基础原生食材类别
671,百利甜酒,DROP,,,调味料不进入基础原生食材表
672,油面筋,DROP,,,成品、半成品或加工食品
673,黑橄榄,DROP,,,不属于指南允许的基础原生食材类别
674,醪糟,DROP,,,不属于指南允许的基础原生食材类别
675,其他食材,DROP,,,不属于指南允许的基础原生食材类别
676,燕麦粉,REVIEW,,,可能是原生食材，但频次、命名或类别证据不足
677,千叶豆腐,DROP,,,豆制品或淀粉制品（严格模式排除）
678,馄饨,DROP,,,成品、半成品或加工食品
679,玉米罐头,DROP,,,成品、半成品或加工食品
680,冰激凌,DROP,,,不属于指南允许的基础原生食材类别
681,雪糕,DROP,,,成品、半成品或加工食品
682,芝士年糕,DROP,,,烘焙或乳制加工食品
683,玻璃罐,DROP,,,不属于指南允许的基础原生食材类别
684,欧包,DROP,,,不属于指南允许的基础原生食材类别
685,鸡翅中,KEEP,241,鸡翅中,符合基础原生食材定义
686,黄花鱼,KEEP,245,黄花鱼,符合基础原生食材定义
687,咸鸭蛋,DROP,,,成品、半成品或加工食品
688,鸭肉,KEEP,242,鸭肉,符合基础原生食材定义
689,杂粮,REVIEW,,,名称过于宽泛或形态含义不明确，禁止猜测映射
690,蟹棒,DROP,,,成品、半成品或加工食品
691,花菇,KEEP,246,花菇,符合基础原生食材定义
692,青尖椒,KEEP,239,青尖椒,符合基础原生食材定义
693,紫薯馅,REVIEW,,,可能是原生食材，但频次、命名或类别证据不足
694,哈密瓜,KEEP,240,哈密瓜,符合基础原生食材定义
695,生蚝,KEEP,244,生蚝,符合基础原生食材定义
696,配方奶,DROP,,,饮料、酒类或乳制品不属于本版核心原生食材
697,酸笋,DROP,,,成品、半成品或加工食品
698,鱼肉,REVIEW,,,名称过于宽泛或形态含义不明确，禁止猜测映射
699,朵木耳,MERGE,33,木耳,去除确定的鲜冻/去皮去骨描述
700,千张,DROP,,,豆制品或淀粉制品（严格模式排除）
701,香草粉,REVIEW,,,可能是原生食材，但频次、命名或类别证据不足
702,覆盆子,DROP,,,不属于指南允许的基础原生食材类别
703,莳萝,DROP,,,不属于指南允许的基础原生食材类别
704,杂菜,REVIEW,,,名称过于宽泛或形态含义不明确，禁止猜测映射
705,生燕麦,KEEP,247,生燕麦,符合基础原生食材定义
706,螺蛳粉,REVIEW,,,可能是原生食材，但频次、命名或类别证据不足
707,淮山,DROP,,,不属于指南允许的基础原生食材类别
708,老酸奶,DROP,,,饮料、酒类或乳制品不属于本版核心原生食材
709,姜葱蒜,SPLIT,3|1|2,姜|葱|蒜,明确包含多个独立食材；关系保守保留原文，克数不拆分
710,豆粉,REVIEW,,,可能是原生食材，但频次、命名或类别证据不足
711,羊腿肉,KEEP,250,羊腿肉,符合基础原生食材定义
712,芡粉,REVIEW,,,可能是原生食材，但频次、命名或类别证据不足
713,天然酵种,DROP,,,不属于指南允许的基础原生食材类别
714,车厘子,DROP,,,不属于指南允许的基础原生食材类别
715,泡辣椒,DROP,,,成品、半成品或加工食品
716,干虾仁,DROP,,,成品、半成品或加工食品
717,速冻饺子,DROP,,,成品、半成品或加工食品
718,牛肉卷,REVIEW,,,可能是原生食材，但频次、命名或类别证据不足
719,全麦,REVIEW,,,名称过于宽泛或形态含义不明确，禁止猜测映射
720,泡发木耳,MERGE,33,木耳,去除确定的鲜冻/去皮去骨描述
721,干木耳,KEEP,252,干木耳,符合基础原生食材定义
722,南瓜子,KEEP,253,南瓜子,符合基础原生食材定义
723,芡实,DROP,,,不属于指南允许的基础原生食材类别
724,山奈,DROP,,,不属于指南允许的基础原生食材类别
725,蝴蝶面,REVIEW,,,可能是原生食材，但频次、命名或类别证据不足
726,宽粉,DROP,,,不属于指南允许的基础原生食材类别
727,鸡蛋清,MERGE,52,蛋清,明确别名或规范名统一
728,螺丝椒,KEEP,251,螺丝椒,符合基础原生食材定义
729,牛仔骨,KEEP,249,牛仔骨,符合基础原生食材定义
730,新鲜香菇,MERGE,23,香菇,去除确定的鲜冻/去皮去骨描述
731,松饼粉,DROP,,,不属于指南允许的基础原生食材类别
732,刀削面,REVIEW,,,可能是原生食材，但频次、命名或类别证据不足
733,奇异果,DROP,,,不属于指南允许的基础原生食材类别
734,当归,DROP,,,不属于指南允许的基础原生食材类别
735,芒果肉,MERGE,42,芒果,明确别名或规范名统一
736,奶油霜,DROP,,,烘焙或乳制加工食品
737,伯爵红茶,DROP,,,饮料、酒类或乳制品不属于本版核心原生食材
738,干玫瑰,DROP,,,调味料不进入基础原生食材表
739,猪肋排,KEEP,260,猪肋排,符合基础原生食材定义
740,茼蒿,KEEP,257,茼蒿,符合基础原生食材定义
741,芥菜,KEEP,256,芥菜,符合基础原生食材定义
742,丝瓜,KEEP,254,丝瓜,符合基础原生食材定义
743,金桔,DROP,,,不属于指南允许的基础原生食材类别
744,甜酒,DROP,,,调味料不进入基础原生食材表
745,鱿鱼须,KEEP,261,鱿鱼须,符合基础原生食材定义
746,太白粉,DROP,,,不属于指南允许的基础原生食材类别
747,芫荽,MERGE,9,香菜,明确别名或规范名统一
748,熟米饭,DROP,,,成品、半成品或加工食品
749,芽菜,DROP,,,成品、半成品或加工食品
750,糯米饭,DROP,,,成品、半成品或加工食品
751,鲜辣椒,MERGE,17,辣椒,去除确定的鲜冻/去皮去骨描述
752,热狗肠,DROP,,,成品、半成品或加工食品
753,预拌粉,DROP,,,不属于指南允许的基础原生食材类别
754,替代,DROP,,,不属于指南允许的基础原生食材类别
755,植物奶,DROP,,,饮料、酒类或乳制品不属于本版核心原生食材
756,沙拉菜,DROP,,,成品、半成品或加工食品
757,小土豆,MERGE,12,土豆,明确别名或规范名统一
758,东西,DROP,,,不属于指南允许的基础原生食材类别
759,更好,DROP,,,不属于指南允许的基础原生食材类别
760,熟花生米,DROP,,,成品、半成品或加工食品
761,熟黄豆粉,DROP,,,成品、半成品或加工食品
762,浓缩咖啡,DROP,,,饮料、酒类或乳制品不属于本版核心原生食材
763,油辣椒,DROP,,,调味料不进入基础原生食材表
764,水饴,DROP,,,不属于指南允许的基础原生食材类别
765,花生仁,KEEP,263,花生仁,符合基础原生食材定义
766,蒜薹,KEEP,258,蒜薹,符合基础原生食材定义
767,卤水,DROP,,,不属于指南允许的基础原生食材类别
768,巧克力甘纳许,DROP,,,烘焙或乳制加工食品
769,手抓饼,DROP,,,不属于指南允许的基础原生食材类别
770,藕片,REVIEW,,,形态描述存在，但原始食材无法确定
771,生姜片,MERGE,3,姜,去除切片/切块/切丁等形态描述
772,罗汉果,DROP,,,不属于指南允许的基础原生食材类别
773,美极鲜,DROP,,,不属于指南允许的基础原生食材类别
774,樱桃萝卜,KEEP,255,樱桃萝卜,符合基础原生食材定义
775,椰枣,KEEP,259,椰枣,符合基础原生食材定义
776,杂粮饭,DROP,,,不属于指南允许的基础原生食材类别
777,白芷,DROP,,,不属于指南允许的基础原生食材类别
778,克面粉,DROP,,,成品、半成品或加工食品
779,椰蓉馅,DROP,,,不属于指南允许的基础原生食材类别
780,蛋糕体,DROP,,,烘焙或乳制加工食品
781,黑虎虾,KEEP,262,黑虎虾,符合基础原生食材定义
782,前腿肉,REVIEW,,,名称过于宽泛或形态含义不明确，禁止猜测映射
783,消化饼,DROP,,,不属于指南允许的基础原生食材类别
784,混合香草,REVIEW,,,可能是原生食材，但频次、命名或类别证据不足
785,熟牛肉,DROP,,,成品、半成品或加工食品
786,车打芝士,DROP,,,烘焙或乳制加工食品
787,干罗勒,DROP,,,调味料不进入基础原生食材表
788,果蔬,DROP,,,不属于指南允许的基础原生食材类别
789,果肉,REVIEW,,,名称过于宽泛或形态含义不明确，禁止猜测映射
790,烤肠,DROP,,,成品、半成品或加工食品
791,鱼头,REVIEW,,,名称过于宽泛或形态含义不明确，禁止猜测映射
792,肉肠,DROP,,,成品、半成品或加工食品
793,墨鱼丸,DROP,,,成品、半成品或加工食品
794,桃子,KEEP,267,桃子,符合基础原生食材定义
795,鱼干,DROP,,,成品、半成品或加工食品
796,鱿鱼干,DROP,,,成品、半成品或加工食品
797,提子,DROP,,,不属于指南允许的基础原生食材类别
798,各类蔬菜,REVIEW,,,名称过于宽泛或形态含义不明确，禁止猜测映射
799,豆泡,DROP,,,成品、半成品或加工食品
800,柚子皮,DROP,,,不属于指南允许的基础原生食材类别
801,戚风,DROP,,,不属于指南允许的基础原生食材类别
802,糟辣椒,DROP,,,成品、半成品或加工食品
803,牛奶牛奶,DROP,,,饮料、酒类或乳制品不属于本版核心原生食材
804,麻辣香锅料,DROP,,,不属于指南允许的基础原生食材类别
805,冬菇,KEEP,269,冬菇,符合基础原生食材定义
806,肉蔻,DROP,,,调味料不进入基础原生食材表
807,鸡脚,KEEP,268,鸡脚,符合基础原生食材定义
808,每日坚果,DROP,,,成品、半成品或加工食品
809,空心菜,KEEP,264,空心菜,符合基础原生食材定义
810,鲜虾仁,MERGE,41,虾仁,去除确定的鲜冻/去皮去骨描述
811,三色藜麦,KEEP,272,三色藜麦,符合基础原生食材定义
812,生菜叶,MERGE,31,生菜,明确别名或规范名统一
813,酸辣椒,DROP,,,成品、半成品或加工食品
814,奶酪碎,DROP,,,烘焙或乳制加工食品
815,千层酥皮,DROP,,,不属于指南允许的基础原生食材类别
816,茉莉绿茶,DROP,,,饮料、酒类或乳制品不属于本版核心原生食材
817,乳酸菌,DROP,,,成品、半成品或加工食品
818,赤小豆,KEEP,271,赤小豆,符合基础原生食材定义
819,燕麦米,KEEP,273,燕麦米,符合基础原生食材定义
820,苦瓜,KEEP,265,苦瓜,符合基础原生食材定义
821,奶黄馅,DROP,,,不属于指南允许的基础原生食材类别
822,高丽菜,MERGE,76,卷心菜,明确别名或规范名统一
823,香芋,KEEP,270,香芋,符合基础原生食材定义
824,荠菜,KEEP,266,荠菜,符合基础原生食材定义
825,海底椰,DROP,,,不属于指南允许的基础原生食材类别
826,宽面,REVIEW,,,可能是原生食材，但频次、命名或类别证据不足
827,香菜葱,SPLIT,9|1,香菜|葱,明确包含多个独立食材；关系保守保留原文，克数不拆分
828,干欧芹,DROP,,,调味料不进入基础原生食材表
829,葱葱,MERGE,1,葱,明确别名或规范名统一
830,大小姜,REVIEW,,,名称过于宽泛或形态含义不明确，禁止猜测映射
831,泰椒,KEEP,274,泰椒,符合基础原生食材定义
832,绿叶蔬菜,REVIEW,,,名称过于宽泛或形态含义不明确，禁止猜测映射
833,白果,KEEP,279,白果,符合基础原生食材定义
834,牛尾,KEEP,275,牛尾,符合基础原生食材定义
835,烟熏三文鱼,DROP,,,成品、半成品或加工食品
836,红茶粉,DROP,,,不属于指南允许的基础原生食材类别
837,泰国香米,KEEP,278,泰国香米,符合基础原生食材定义
838,全麦面包粉,DROP,,,烘焙或乳制加工食品
839,麻辣鲜,DROP,,,不属于指南允许的基础原生食材类别
840,披萨饼底,DROP,,,成品、半成品或加工食品
841,剩菜,DROP,,,成品、半成品或加工食品
842,黑全麦粉,REVIEW,,,可能是原生食材，但频次、命名或类别证据不足
843,新鲜水果,DROP,,,不属于指南允许的基础原生食材类别
844,黄桃罐头,DROP,,,成品、半成品或加工食品
845,贝果,DROP,,,成品、半成品或加工食品
846,豆类,REVIEW,,,名称过于宽泛或形态含义不明确，禁止猜测映射
847,之类,DROP,,,不属于指南允许的基础原生食材类别
848,豆制品,REVIEW,,,名称过于宽泛或形态含义不明确，禁止猜测映射
849,香草籽,DROP,,,成品、半成品或加工食品
850,所需食材,DROP,,,不属于指南允许的基础原生食材类别
851,油炸花生米,DROP,,,成品、半成品或加工食品
852,黑芝麻馅,REVIEW,,,可能是原生食材，但频次、命名或类别证据不足
853,梭子蟹,KEEP,277,梭子蟹,符合基础原生食材定义
854,菠菜叶,MERGE,40,菠菜,明确别名或规范名统一
855,龙骨,DROP,,,不属于指南允许的基础原生食材类别
856,饼干底,DROP,,,烘焙或乳制加工食品
857,椰子面粉,DROP,,,成品、半成品或加工食品
858,水果麦片,REVIEW,,,形态描述存在，但原始食材无法确定
859,大米粉,DROP,,,成品、半成品或加工食品
860,甘草,DROP,,,不属于指南允许的基础原生食材类别
861,玉米面粉,DROP,,,成品、半成品或加工食品
862,面皮,DROP,,,不属于指南允许的基础原生食材类别
863,橙皮屑,DROP,,,不属于指南允许的基础原生食材类别
864,肥猪肉,KEEP,276,肥猪肉,符合基础原生食材定义
865,谷物,DROP,,,不属于指南允许的基础原生食材类别
866,黑麦,KEEP,280,黑麦,符合基础原生食材定义
867,白莲,DROP,,,不属于指南允许的基础原生食材类别
868,冷面,REVIEW,,,可能是原生食材，但频次、命名或类别证据不足
869,水果燕麦,DROP,,,成品、半成品或加工食品
870,湿面,REVIEW,,,可能是原生食材，但频次、命名或类别证据不足
871,葱白葱,MERGE,1,葱,明确别名或规范名统一
872,泡面,REVIEW,,,可能是原生食材，但频次、命名或类别证据不足
873,黄椒,KEEP,285,黄椒,符合基础原生食材定义
874,香茅,DROP,,,调味料不进入基础原生食材表
875,黑白淡奶,DROP,,,饮料、酒类或乳制品不属于本版核心原生食材
876,白凉粉,DROP,,,不属于指南允许的基础原生食材类别
877,葱叶,MERGE,1,葱,明确别名或规范名统一
878,黄鱼,KEEP,293,黄鱼,符合基础原生食材定义
879,猪后腿肉,KEEP,290,猪后腿肉,符合基础原生食材定义
880,猪脚,KEEP,288,猪脚,符合基础原生食材定义
881,黑巧克力豆,DROP,,,烘焙或乳制加工食品
882,耐烤巧克力豆,DROP,,,烘焙或乳制加工食品
883,莲蓉,DROP,,,不属于指南允许的基础原生食材类别
884,蔬之鲜,DROP,,,不属于指南允许的基础原生食材类别
885,后腿肉,REVIEW,,,名称过于宽泛或形态含义不明确，禁止猜测映射
886,香米,KEEP,297,香米,符合基础原生食材定义
887,龟苓膏,DROP,,,不属于指南允许的基础原生食材类别
888,鱿鱼圈,MERGE,78,鱿鱼,明确别名或规范名统一
889,艾叶,DROP,,,不属于指南允许的基础原生食材类别
890,棒骨,DROP,,,不属于指南允许的基础原生食材类别
891,其他香料,DROP,,,不属于指南允许的基础原生食材类别
892,猪肉丸,DROP,,,成品、半成品或加工食品
893,食谱,DROP,,,不属于指南允许的基础原生食材类别
894,一起,DROP,,,不属于指南允许的基础原生食材类别
895,猪皮,KEEP,287,猪皮,符合基础原生食材定义
896,螃蟹,KEEP,292,螃蟹,符合基础原生食材定义
897,蒜米,MERGE,2,蒜,明确别名或规范名统一
898,镜面果胶,DROP,,,成品、半成品或加工食品
899,素菜,REVIEW,,,名称过于宽泛或形态含义不明确，禁止猜测映射
900,菲力牛排,KEEP,289,菲力牛排,符合基础原生食材定义
901,荞麦粉,REVIEW,,,可能是原生食材，但频次、命名或类别证据不足
902,黑糯米,KEEP,298,黑糯米,符合基础原生食材定义
903,川贝,DROP,,,调味料不进入基础原生食材表
904,味醂,DROP,,,不属于指南允许的基础原生食材类别
905,竹笋,KEEP,282,竹笋,符合基础原生食材定义
906,水饺,DROP,,,不属于指南允许的基础原生食材类别
907,鱼片,REVIEW,,,名称过于宽泛或形态含义不明确，禁止猜测映射
908,牛肉糜,MERGE,8,牛肉,明确别名或规范名统一
909,鸡块,REVIEW,,,形态描述存在，但原始食材无法确定
910,小麦面粉,DROP,,,成品、半成品或加工食品
911,莴笋叶,KEEP,283,莴笋叶,符合基础原生食材定义
912,奶酪丝,DROP,,,烘焙或乳制加工食品
913,红小豆,KEEP,295,红小豆,符合基础原生食材定义
914,小龙虾,KEEP,291,小龙虾,符合基础原生食材定义
915,小红椒,KEEP,281,小红椒,符合基础原生食材定义
916,荷叶,DROP,,,调味料不进入基础原生食材表
917,草菇,KEEP,294,草菇,符合基础原生食材定义
918,面饼,REVIEW,,,可能是原生食材，但频次、命名或类别证据不足
919,红腰豆,KEEP,296,红腰豆,符合基础原生食材定义
920,油酥,DROP,,,不属于指南允许的基础原生食材类别
921,分割线,DROP,,,不属于指南允许的基础原生食材类别
922,蚕豆,KEEP,284,蚕豆,符合基础原生食材定义
923,葱花香菜,SPLIT,1|9,葱|香菜,明确包含多个独立食材；关系保守保留原文，克数不拆分
924,红泡椒,DROP,,,成品、半成品或加工食品
925,新鲜柠檬,MERGE,22,柠檬,去除确定的鲜冻/去皮去骨描述
926,新鲜罗勒,MERGE,51,罗勒,去除确定的鲜冻/去皮去骨描述
927,干粉,DROP,,,不属于指南允许的基础原生食材类别
928,薄脆,DROP,,,不属于指南允许的基础原生食材类别
929,面面,REVIEW,,,可能是原生食材，但频次、命名或类别证据不足
930,车达芝士,DROP,,,烘焙或乳制加工食品
931,熟肉,DROP,,,成品、半成品或加工食品
932,扁桃仁,KEEP,286,扁桃仁,符合基础原生食材定义
933,手工面,REVIEW,,,可能是原生食材，但频次、命名或类别证据不足
934,细粉,DROP,,,不属于指南允许的基础原生食材类别
935,快熟燕麦,DROP,,,成品、半成品或加工食品
936,桂花蜜,DROP,,,调味料不进入基础原生食材表
937,味素,DROP,,,不属于指南允许的基础原生食材类别
938,青柠檬,REVIEW,,,可能是原生食材，但频次、命名或类别证据不足
939,羊蝎子,REVIEW,,,可能是原生食材，但频次、命名或类别证据不足
940,日本豆腐,DROP,,,豆制品或淀粉制品（严格模式排除）
941,绿辣椒,REVIEW,,,可能是原生食材，但频次、命名或类别证据不足
942,广味香肠,DROP,,,加工肉制品
943,骨头汤,DROP,,,不属于指南允许的基础原生食材类别
944,奥尔良粉,DROP,,,不属于指南允许的基础原生食材类别
945,红黄彩椒,REVIEW,,,可能是原生食材，但频次、命名或类别证据不足
946,就好水,DROP,,,不属于指南允许的基础原生食材类别
947,昆布,KEEP,305,昆布,符合基础原生食材定义
948,墨鱼,KEEP,304,墨鱼,符合基础原生食材定义
949,牛腱,REVIEW,,,可能是原生食材，但频次、命名或类别证据不足
950,面粉面粉,DROP,,,成品、半成品或加工食品
951,鹅肝,KEEP,303,鹅肝,符合基础原生食材定义
952,时令水果,DROP,,,不属于指南允许的基础原生食材类别
953,荸荠,KEEP,299,荸荠,符合基础原生食材定义
954,鸡大腿,REVIEW,,,可能是原生食材，但频次、命名或类别证据不足
955,甜椒粉,REVIEW,,,可能是原生食材，但频次、命名或类别证据不足
956,瓜子,REVIEW,,,可能是原生食材，但频次、命名或类别证据不足
957,熏肉,DROP,,,加工肉制品
958,粉皮,DROP,,,豆制品或淀粉制品（严格模式排除）
959,卤水豆腐,DROP,,,豆制品或淀粉制品（严格模式排除）
960,燕窝,DROP,,,不属于指南允许的基础原生食材类别
961,糯米小圆子,REVIEW,,,可能是原生食材，但频次、命名或类别证据不足
962,豆芽菜,DROP,,,成品、半成品或加工食品
963,海苔粉,DROP,,,成品、半成品或加工食品
964,黑加仑,KEEP,301,黑加仑,符合基础原生食材定义
965,肉豆蔻,DROP,,,调味料不进入基础原生食材表
966,新鲜蓝莓,MERGE,55,蓝莓,去除确定的鲜冻/去皮去骨描述
967,梅头肉,REVIEW,,,可能是原生食材，但频次、命名或类别证据不足
968,巧克力笔,DROP,,,烘焙或乳制加工食品
969,榨汁机,DROP,,,不属于指南允许的基础原生食材类别
970,小红辣椒,REVIEW,,,可能是原生食材，但频次、命名或类别证据不足
971,水量水,DROP,,,不属于指南允许的基础原生食材类别
972,肉豆蔻粉,DROP,,,调味料不进入基础原生食材表
973,白面,REVIEW,,,可能是原生食材，但频次、命名或类别证据不足
974,桑葚,KEEP,300,桑葚,符合基础原生食材定义
975,红干辣椒,DROP,,,调味料不进入基础原生食材表
976,老面,REVIEW,,,可能是原生食材，但频次、命名或类别证据不足
977,虾皮粉,DROP,,,成品、半成品或加工食品
978,莲蓉馅,DROP,,,不属于指南允许的基础原生食材类别
979,黑咖啡,DROP,,,饮料、酒类或乳制品不属于本版核心原生食材
980,鸭翅,KEEP,302,鸭翅,符合基础原生食材定义
981,芋泥,REVIEW,,,可能是原生食材，但频次、命名或类别证据不足
982,咸鸭蛋黄,DROP,,,成品、半成品或加工食品
983,美人椒,REVIEW,,,可能是原生食材，但频次、命名或类别证据不足
984,大蒜头,REVIEW,,,可能是原生食材，但频次、命名或类别证据不足
985,奶油馅,DROP,,,烘焙或乳制加工食品
986,绿色,DROP,,,不属于指南允许的基础原生食材类别
987,南姜,REVIEW,,,可能是原生食材，但频次、命名或类别证据不足
988,时蔬,REVIEW,,,名称过于宽泛或形态含义不明确，禁止猜测映射
989,曲奇,DROP,,,成品、半成品或加工食品
990,白芸豆,REVIEW,,,可能是原生食材，但频次、命名或类别证据不足
991,欧芹叶,REVIEW,,,可能是原生食材，但频次、命名或类别证据不足
992,头蒜,REVIEW,,,可能是原生食材，但频次、命名或类别证据不足
993,土豆土豆,REVIEW,,,可能是原生食材，但频次、命名或类别证据不足
994,姜片葱,REVIEW,,,可能是原生食材，但频次、命名或类别证据不足
995,干葱,REVIEW,,,可能是原生食材，但频次、命名或类别证据不足
996,葱花蒜,REVIEW,,,可能是原生食材，但频次、命名或类别证据不足
997,时令蔬菜,REVIEW,,,可能是原生食材，但频次、命名或类别证据不足
998,苦菊,DROP,,,不属于指南允许的基础原生食材类别
999,椰子水,REVIEW,,,可能是原生食材，但频次、命名或类别证据不足
1000,酒曲,DROP,,,不属于指南允许的基础原生食材类别
1001,臭豆腐,DROP,,,豆制品或淀粉制品（严格模式排除）
1002,甜豆,KEEP,306,甜豆,符合基础原生食材定义
1003,洋白菜,REVIEW,,,可能是原生食材，但频次、命名或类别证据不足
1004,梅肉,REVIEW,,,可能是原生食材，但频次、命名或类别证据不足
1005,羊腿,REVIEW,,,可能是原生食材，但频次、命名或类别证据不足
1006,雪燕,DROP,,,不属于指南允许的基础原生食材类别
1007,面线,REVIEW,,,可能是原生食材，但频次、命名或类别证据不足
1008,青菜叶,REVIEW,,,可能是原生食材，但频次、命名或类别证据不足
1009,肉汤,REVIEW,,,可能是原生食材，但频次、命名或类别证据不足
1010,血糯米,KEEP,312,血糯米,符合基础原生食材定义
1011,牛腱子肉,REVIEW,,,可能是原生食材，但频次、命名或类别证据不足
1012,猪脊骨,REVIEW,,,可能是原生食材，但频次、命名或类别证据不足
1013,阿根廷红虾,REVIEW,,,可能是原生食材，但频次、命名或类别证据不足
1014,香葱碎,MERGE,1,葱,去除切片/切块/切丁等形态描述
1015,奶酪粉,DROP,,,烘焙或乳制加工食品
1016,叉烧,DROP,,,加工肉制品
1017,戚风蛋糕底,DROP,,,烘焙或乳制加工食品
1018,戚风蛋糕坯,DROP,,,烘焙或乳制加工食品
1019,混合坚果,REVIEW,,,可能是原生食材，但频次、命名或类别证据不足
1020,新鲜迷迭香,DROP,,,调味料不进入基础原生食材表
1021,其他配菜,REVIEW,,,可能是原生食材，但频次、命名或类别证据不足
1022,耐高温巧克力豆,DROP,,,烘焙或乳制加工食品
1023,蛋黄鸡蛋,REVIEW,,,可能是原生食材，但频次、命名或类别证据不足
1024,巧克力淋面,DROP,,,烘焙或乳制加工食品
1025,芝士蛋糕,DROP,,,烘焙或乳制加工食品
1026,新鲜辣椒,MERGE,17,辣椒,去除确定的鲜冻/去皮去骨描述
1027,味达美,DROP,,,不属于指南允许的基础原生食材类别
1028,甜酒酿,DROP,,,不属于指南允许的基础原生食材类别
1029,银鱼,KEEP,310,银鱼,符合基础原生食材定义
1030,金不换,DROP,,,不属于指南允许的基础原生食材类别
1031,柠檬叶,REVIEW,,,可能是原生食材，但频次、命名或类别证据不足
1032,干黄豆,REVIEW,,,可能是原生食材，但频次、命名或类别证据不足
1033,水怡,DROP,,,不属于指南允许的基础原生食材类别
1034,菠菜粉,REVIEW,,,可能是原生食材，但频次、命名或类别证据不足
1035,藏红花,DROP,,,不属于指南允许的基础原生食材类别
1036,热开水,DROP,,,不属于指南允许的基础原生食材类别
1037,冰牛奶,DROP,,,饮料、酒类或乳制品不属于本版核心原生食材
1038,味啉,DROP,,,不属于指南允许的基础原生食材类别
1039,筷子,DROP,,,不属于指南允许的基础原生食材类别
1040,银鳕鱼,REVIEW,,,可能是原生食材，但频次、命名或类别证据不足
1041,棉线,DROP,,,不属于指南允许的基础原生食材类别
1042,羊肚菌,KEEP,311,羊肚菌,符合基础原生食材定义
1043,咖啡酒,DROP,,,调味料不进入基础原生食材表
1044,芝士奶酪,DROP,,,烘焙或乳制加工食品
1045,小麦胚芽,REVIEW,,,可能是原生食材，但频次、命名或类别证据不足
1046,蒸肉粉,REVIEW,,,可能是原生食材，但频次、命名或类别证据不足
1047,砂仁,REVIEW,,,可能是原生食材，但频次、命名或类别证据不足
1048,干茅根,DROP,,,不属于指南允许的基础原生食材类别
1049,豆浆粉,DROP,,,成品、半成品或加工食品
1050,波兰种,DROP,,,不属于指南允许的基础原生食材类别
1051,月饼馅,DROP,,,成品、半成品或加工食品
1052,果冻,DROP,,,不属于指南允许的基础原生食材类别
1053,蛋糕坯,DROP,,,烘焙或乳制加工食品
1054,比目鱼,KEEP,309,比目鱼,符合基础原生食材定义
1055,八爪鱼,KEEP,308,八爪鱼,符合基础原生食材定义
1056,鸡蛋饼,REVIEW,,,可能是原生食材，但频次、命名或类别证据不足
1057,青笋,REVIEW,,,可能是原生食材，但频次、命名或类别证据不足
1058,肉肉,REVIEW,,,可能是原生食材，但频次、命名或类别证据不足
1059,苦甜巧克力,DROP,,,烘焙或乳制加工食品
1060,石榴,KEEP,307,石榴,符合基础原生食材定义
1061,糯玉米,REVIEW,,,可能是原生食材，但频次、命名或类别证据不足
1062,青豆玉米,REVIEW,,,可能是原生食材，但频次、命名或类别证据不足
1063,姜片蒜,REVIEW,,,可能是原生食材，但频次、命名或类别证据不足
1064,一个鸡蛋,MERGE,7,鸡蛋,修复数量/单位残留
1065,粳米,KEEP,318,粳米,符合基础原生食材定义
1066,鸭胗,REVIEW,,,可能是原生食材，但频次、命名或类别证据不足
1067,凉粉,DROP,,,不属于指南允许的基础原生食材类别
1068,菜椒,REVIEW,,,可能是原生食材，但频次、命名或类别证据不足
1069,素鸡,DROP,,,成品、半成品或加工食品
1070,莲花白,DROP,,,不属于指南允许的基础原生食材类别
1071,嫩肉粉,REVIEW,,,可能是原生食材，但频次、命名或类别证据不足
1072,杂粮米饭,DROP,,,成品、半成品或加工食品
1073,韩式泡菜,DROP,,,成品、半成品或加工食品
1074,话梅,DROP,,,不属于指南允许的基础原生食材类别
1075,菜叶,KEEP,313,菜叶,符合基础原生食材定义
1076,速冻水饺,DROP,,,不属于指南允许的基础原生食材类别
1077,寿司海苔,DROP,,,成品、半成品或加工食品
1078,洋车前子壳粉,DROP,,,不属于指南允许的基础原生食材类别
1079,酸奶发酵菌,DROP,,,饮料、酒类或乳制品不属于本版核心原生食材
1080,蔬菜沙拉,DROP,,,成品、半成品或加工食品
1081,意式浓缩咖啡,DROP,,,饮料、酒类或乳制品不属于本版核心原生食材
1082,一下,DROP,,,不属于指南允许的基础原生食材类别
1083,骨汤,DROP,,,不属于指南允许的基础原生食材类别
1084,红葡萄酒,DROP,,,调味料不进入基础原生食材表
1085,戚风蛋糕体,DROP,,,烘焙或乳制加工食品
1086,长豆角,REVIEW,,,可能是原生食材，但频次、命名或类别证据不足
1087,草莓干,REVIEW,,,可能是原生食材，但频次、命名或类别证据不足
1088,汽水,DROP,,,饮料、酒类或乳制品不属于本版核心原生食材
1089,炸花生米,REVIEW,,,可能是原生食材，但频次、命名或类别证据不足
1090,鲤鱼,KEEP,317,鲤鱼,符合基础原生食材定义
1091,圆子,DROP,,,不属于指南允许的基础原生食材类别
1092,蒜茸,REVIEW,,,可能是原生食材，但频次、命名或类别证据不足
1093,红皮花生,DROP,,,不属于指南允许的基础原生食材类别
1094,豆鼓,REVIEW,,,可能是原生食材，但频次、命名或类别证据不足
1095,火腿切片,DROP,,,加工肉制品
1096,芝麻汤圆,DROP,,,不属于指南允许的基础原生食材类别
1097,培根肉,DROP,,,加工肉制品
1098,鸡蛋蛋黄,REVIEW,,,可能是原生食材，但频次、命名或类别证据不足
1099,高粱酒,DROP,,,调味料不进入基础原生食材表
1100,菌粉,REVIEW,,,可能是原生食材，但频次、命名或类别证据不足
1101,酸奶酸奶,DROP,,,饮料、酒类或乳制品不属于本版核心原生食材
1102,蛋糕预拌粉,DROP,,,烘焙或乳制加工食品
1103,山羊奶酪,DROP,,,烘焙或乳制加工食品
1104,一次性手套,DROP,,,不属于指南允许的基础原生食材类别
1105,半斤,DROP,,,数量或单位残留且无法可靠恢复原食材
1106,配比,DROP,,,不属于指南允许的基础原生食材类别
1107,多少面粉,DROP,,,成品、半成品或加工食品
1108,中筋,DROP,,,不属于指南允许的基础原生食材类别
1109,猪肚,KEEP,314,猪肚,符合基础原生食材定义
1110,鸭血,KEEP,315,鸭血,符合基础原生食材定义
1111,手抓饼皮,DROP,,,不属于指南允许的基础原生食材类别
1112,三明治,DROP,,,不属于指南允许的基础原生食材类别
1113,猪前腿肉,REVIEW,,,可能是原生食材，但频次、命名或类别证据不足
1114,巴沙鱼柳,REVIEW,,,可能是原生食材，但频次、命名或类别证据不足
1115,红丝绒液,DROP,,,不属于指南允许的基础原生食材类别
1116,绢豆腐,DROP,,,豆制品或淀粉制品（严格模式排除）
1117,汉堡胚,DROP,,,成品、半成品或加工食品
1118,熟透香蕉,DROP,,,成品、半成品或加工食品
1119,泼辣子,DROP,,,不属于指南允许的基础原生食材类别
1120,羊奶,DROP,,,饮料、酒类或乳制品不属于本版核心原生食材
1121,虾片,MERGE,583,虾,去除切片/切块/切丁等形态描述
1122,红彩椒,REVIEW,,,可能是原生食材，但频次、命名或类别证据不足
1123,红枣枸杞,REVIEW,,,可能是原生食材，但频次、命名或类别证据不足
1124,香草冰淇淋,DROP,,,成品、半成品或加工食品
1125,南北杏,REVIEW,,,可能是原生食材，但频次、命名或类别证据不足
1126,扇贝肉,REVIEW,,,可能是原生食材，但频次、命名或类别证据不足
1127,泡椒水,DROP,,,成品、半成品或加工食品
1128,猪耳朵,REVIEW,,,可能是原生食材，但频次、命名或类别证据不足
1129,刷表面,DROP,,,工具、包装或操作说明
1130,罗非鱼,KEEP,316,罗非鱼,符合基础原生食材定义
1131,辣椒圈,REVIEW,,,可能是原生食材，但频次、命名或类别证据不足
1132,内酯,DROP,,,不属于指南允许的基础原生食材类别
1133,面包机,DROP,,,烘焙或乳制加工食品
1134,高良姜,REVIEW,,,可能是原生食材，但频次、命名或类别证据不足
1135,奶酪芝士,DROP,,,烘焙或乳制加工食品
1136,可可,DROP,,,不属于指南允许的基础原生食材类别
1137,虾肉,REVIEW,,,可能是原生食材，但频次、命名或类别证据不足
1138,巧克力饼干,DROP,,,烘焙或乳制加工食品
1139,大蒜叶,REVIEW,,,可能是原生食材，但频次、命名或类别证据不足
1140,杂蔬,DROP,,,不属于指南允许的基础原生食材类别
1141,肥瘦猪肉,REVIEW,,,可能是原生食材，但频次、命名或类别证据不足
1142,干百里香,DROP,,,调味料不进入基础原生食材表
1143,水晶粉,DROP,,,不属于指南允许的基础原生食材类别
1144,什锦蔬菜,REVIEW,,,可能是原生食材，但频次、命名或类别证据不足
1145,海苔肉松,DROP,,,加工肉制品
1146,温牛奶,DROP,,,饮料、酒类或乳制品不属于本版核心原生食材
1147,米糊,REVIEW,,,可能是原生食材，但频次、命名或类别证据不足
1148,鸭掌,KEEP,322,鸭掌,符合基础原生食材定义
1149,蔓越梅,DROP,,,不属于指南允许的基础原生食材类别
1150,羊肉卷,REVIEW,,,可能是原生食材，但频次、命名或类别证据不足
1151,松仁,KEEP,327,松仁,符合基础原生食材定义
1152,单山蘸水,DROP,,,不属于指南允许的基础原生食材类别
1153,白菜心,REVIEW,,,可能是原生食材，但频次、命名或类别证据不足
1154,芋艿,KEEP,319,芋艿,符合基础原生食材定义
1155,薏仁,REVIEW,,,可能是原生食材，但频次、命名或类别证据不足
1156,猪血,KEEP,321,猪血,符合基础原生食材定义
1157,南乳,DROP,,,不属于指南允许的基础原生食材类别
1158,香辛料,DROP,,,不属于指南允许的基础原生食材类别
1159,虾滑,DROP,,,成品、半成品或加工食品
1160,淡菜,KEEP,324,淡菜,符合基础原生食材定义
1161,干面粉,DROP,,,成品、半成品或加工食品
1162,火锅蘸料,DROP,,,不属于指南允许的基础原生食材类别
1163,鸡排,REVIEW,,,可能是原生食材，但频次、命名或类别证据不足
1164,鸡肉肠,DROP,,,成品、半成品或加工食品
1165,任意水果,DROP,,,不属于指南允许的基础原生食材类别
1166,红茶茶叶,DROP,,,饮料、酒类或乳制品不属于本版核心原生食材
1167,羊奶粉,DROP,,,烘焙或乳制加工食品
1168,红甜椒,REVIEW,,,可能是原生食材，但频次、命名或类别证据不足
1169,珍珠米,REVIEW,,,可能是原生食材，但频次、命名或类别证据不足
1170,铁观音,DROP,,,不属于指南允许的基础原生食材类别
1171,小尖椒,REVIEW,,,可能是原生食材，但频次、命名或类别证据不足
1172,油浸金枪鱼罐头,DROP,,,成品、半成品或加工食品
1173,布丁,DROP,,,成品、半成品或加工食品
1174,黑加仑葡萄干,DROP,,,成品、半成品或加工食品
1175,酸奶发酵剂,DROP,,,饮料、酒类或乳制品不属于本版核心原生食材
1176,西冷牛排,REVIEW,,,可能是原生食材，但频次、命名或类别证据不足
1177,扇骨,DROP,,,不属于指南允许的基础原生食材类别
1178,低筋,DROP,,,不属于指南允许的基础原生食材类别
1179,克牛奶,DROP,,,饮料、酒类或乳制品不属于本版核心原生食材
1180,葛根粉,DROP,,,成品、半成品或加工食品
1181,排骨汤,REVIEW,,,可能是原生食材，但频次、命名或类别证据不足
1182,新鲜薄荷叶,DROP,,,调味料不进入基础原生食材表
1183,虾丸,DROP,,,成品、半成品或加工食品
1184,果泥,DROP,,,不属于指南允许的基础原生食材类别
1185,新鲜罗勒叶,MERGE,51,罗勒,去除确定的鲜冻/去皮去骨描述
1186,坚果类,REVIEW,,,可能是原生食材，但频次、命名或类别证据不足
1187,薄饼,DROP,,,不属于指南允许的基础原生食材类别
1188,锅底,DROP,,,不属于指南允许的基础原生食材类别
1189,部位,DROP,,,不属于指南允许的基础原生食材类别
1190,慕斯蛋糕,DROP,,,烘焙或乳制加工食品
1191,鸡蛋全蛋液,REVIEW,,,可能是原生食材，但频次、命名或类别证据不足
1192,巧克力馅,DROP,,,烘焙或乳制加工食品
1193,豆腐豆腐,DROP,,,豆制品或淀粉制品（严格模式排除）
1194,就行面粉,DROP,,,成品、半成品或加工食品
1195,蝶豆花,REVIEW,,,可能是原生食材，但频次、命名或类别证据不足
1196,苋菜,KEEP,320,苋菜,符合基础原生食材定义
1197,竹荪,KEEP,326,竹荪,符合基础原生食材定义
1198,鲅鱼,KEEP,325,鲅鱼,符合基础原生食材定义
1199,玉竹,DROP,,,不属于指南允许的基础原生食材类别
1200,河虾,KEEP,323,河虾,符合基础原生食材定义
1201,干黄花菜,REVIEW,,,可能是原生食材，但频次、命名或类别证据不足
1202,鸡架,REVIEW,,,可能是原生食材，但频次、命名或类别证据不足
1203,肠衣,DROP,,,不属于指南允许的基础原生食材类别
1204,肉饼,REVIEW,,,可能是原生食材，但频次、命名或类别证据不足
1205,荤菜,REVIEW,,,可能是原生食材，但频次、命名或类别证据不足
1206,马斯卡彭,DROP,,,不属于指南允许的基础原生食材类别
1207,朵香菇,MERGE,23,香菇,去除确定的鲜冻/去皮去骨描述
1208,小黄瓜,REVIEW,,,可能是原生食材，但频次、命名或类别证据不足
1209,肉丸子,DROP,,,成品、半成品或加工食品
1210,月饼皮,DROP,,,成品、半成品或加工食品
1211,玫瑰露酒,DROP,,,调味料不进入基础原生食材表
1212,蛋糕卷,DROP,,,烘焙或乳制加工食品
1213,瓣大蒜,MERGE,2,蒜,去除确定的鲜冻/去皮去骨描述
1214,派皮,DROP,,,不属于指南允许的基础原生食材类别
1215,面疙瘩,REVIEW,,,可能是原生食材，但频次、命名或类别证据不足
1216,鸡骨架,REVIEW,,,可能是原生食材，但频次、命名或类别证据不足
1217,猪大肠,DROP,,,成品、半成品或加工食品
1218,藜麦饭,REVIEW,,,可能是原生食材，但频次、命名或类别证据不足
1219,白面包,DROP,,,烘焙或乳制加工食品
1220,其他坚果,REVIEW,,,可能是原生食材，但频次、命名或类别证据不足
1221,花旗参,DROP,,,不属于指南允许的基础原生食材类别
1222,土司面包,DROP,,,烘焙或乳制加工食品
1223,黄萝卜,REVIEW,,,可能是原生食材，但频次、命名或类别证据不足
1224,腌萝卜,REVIEW,,,可能是原生食材，但频次、命名或类别证据不足
1225,肥瘦肉,REVIEW,,,可能是原生食材，但频次、命名或类别证据不足
1226,自发面粉,DROP,,,成品、半成品或加工食品
1227,酸奶菌粉,DROP,,,饮料、酒类或乳制品不属于本版核心原生食材
1228,豆子,REVIEW,,,可能是原生食材，但频次、命名或类别证据不足
1229,橘皮,DROP,,,不属于指南允许的基础原生食材类别
1230,萨拉米,REVIEW,,,可能是原生食材，但频次、命名或类别证据不足
1231,奶油夹心,DROP,,,烘焙或乳制加工食品
1232,老南瓜,REVIEW,,,可能是原生食材，但频次、命名或类别证据不足
1233,山楂干,DROP,,,不属于指南允许的基础原生食材类别
1234,球生菜,REVIEW,,,可能是原生食材，但频次、命名或类别证据不足
1235,葱段姜片,REVIEW,,,形态描述存在，但原始食材无法确定
1236,豌豆尖,KEEP,329,豌豆尖,符合基础原生食材定义
1237,玻璃罐子,DROP,,,不属于指南允许的基础原生食材类别
1238,红椒粉,REVIEW,,,可能是原生食材，但频次、命名或类别证据不足
1239,苦苣,DROP,,,不属于指南允许的基础原生食材类别
1240,干百合,DROP,,,不属于指南允许的基础原生食材类别
1241,益力多,DROP,,,不属于指南允许的基础原生食材类别
1242,朵银耳,MERGE,107,银耳,去除确定的鲜冻/去皮去骨描述
1243,鸡蛋鸡蛋,REVIEW,,,可能是原生食材，但频次、命名或类别证据不足
1244,葱姜蒜辣椒,REVIEW,,,可能是原生食材，但频次、命名或类别证据不足
1245,蛏子,KEEP,335,蛏子,符合基础原生食材定义
1246,广式香肠,DROP,,,加工肉制品
1247,牛柳,KEEP,331,牛柳,符合基础原生食材定义
1248,水萝卜,KEEP,328,水萝卜,符合基础原生食材定义
1249,咸鱼,REVIEW,,,可能是原生食材，但频次、命名或类别证据不足
1250,融化巧克力,DROP,,,烘焙或乳制加工食品
1251,菜脯,REVIEW,,,可能是原生食材，但频次、命名或类别证据不足
1252,粿条,DROP,,,不属于指南允许的基础原生食材类别
1253,巧克力币,DROP,,,烘焙或乳制加工食品
1254,猪小排,KEEP,332,猪小排,符合基础原生食材定义
1255,脱脂奶,DROP,,,饮料、酒类或乳制品不属于本版核心原生食材
1256,猪手,REVIEW,,,可能是原生食材，但频次、命名或类别证据不足
1257,肉碎,REVIEW,,,形态描述存在，但原始食材无法确定
1258,德芙巧克力,DROP,,,烘焙或乳制加工食品
1259,多少马苏里拉芝士,DROP,,,烘焙或乳制加工食品
1260,干奶酪,DROP,,,烘焙或乳制加工食品
1261,干酪粉,DROP,,,不属于指南允许的基础原生食材类别
1262,一品鲜,DROP,,,不属于指南允许的基础原生食材类别
1263,酸奶发酵粉,DROP,,,饮料、酒类或乳制品不属于本版核心原生食材
1264,热狗,DROP,,,不属于指南允许的基础原生食材类别
1265,糍粑辣椒,REVIEW,,,可能是原生食材，但频次、命名或类别证据不足
1266,麻椒粉,DROP,,,调味料不进入基础原生食材表
1267,绿豆沙,DROP,,,成品、半成品或加工食品
1268,菇类,REVIEW,,,可能是原生食材，但频次、命名或类别证据不足
1269,干豆角,REVIEW,,,可能是原生食材，但频次、命名或类别证据不足
1270,羊腩,REVIEW,,,可能是原生食材，但频次、命名或类别证据不足
1271,新鲜红辣椒,MERGE,50,红辣椒,去除确定的鲜冻/去皮去骨描述
1272,酸奶菌,DROP,,,饮料、酒类或乳制品不属于本版核心原生食材
1273,餐包,DROP,,,不属于指南允许的基础原生食材类别
1274,红茶茶包,DROP,,,不属于指南允许的基础原生食材类别
1275,各种蘑菇,REVIEW,,,可能是原生食材，但频次、命名或类别证据不足
1276,燕麦麸皮,DROP,,,不属于指南允许的基础原生食材类别
1277,粗粮,DROP,,,不属于指南允许的基础原生食材类别
1278,蛋糕模,DROP,,,烘焙或乳制加工食品
1279,小虾米,DROP,,,成品、半成品或加工食品
1280,水浸金枪鱼罐头,DROP,,,成品、半成品或加工食品
1281,菠萝罐头,DROP,,,成品、半成品或加工食品
1282,吞拿鱼罐头,DROP,,,成品、半成品或加工食品
1283,红油豆瓣,DROP,,,调味料不进入基础原生食材表
1284,巧克力蛋糕,DROP,,,烘焙或乳制加工食品
1285,甜味剂,DROP,,,不属于指南允许的基础原生食材类别
1286,小香肠,DROP,,,加工肉制品
1287,就好了,DROP,,,不属于指南允许的基础原生食材类别
1288,绳子,DROP,,,不属于指南允许的基础原生食材类别
1289,大米饭,DROP,,,成品、半成品或加工食品
1290,鸡胗,KEEP,333,鸡胗,符合基础原生食材定义
1291,婴儿奶粉,DROP,,,烘焙或乳制加工食品
1292,鸭腿,REVIEW,,,可能是原生食材，但频次、命名或类别证据不足
1293,海虾,KEEP,334,海虾,符合基础原生食材定义
1294,低筋麵粉,DROP,,,不属于指南允许的基础原生食材类别
1295,咖啡液,DROP,,,饮料、酒类或乳制品不属于本版核心原生食材
1296,香菇粉,REVIEW,,,可能是原生食材，但频次、命名或类别证据不足
1297,东北大米,REVIEW,,,可能是原生食材，但频次、命名或类别证据不足
1298,披萨底,DROP,,,成品、半成品或加工食品
1299,蚝干,DROP,,,不属于指南允许的基础原生食材类别
1300,蔬菜精,REVIEW,,,可能是原生食材，但频次、命名或类别证据不足
1301,杂粮粉,DROP,,,不属于指南允许的基础原生食材类别
1302,酥皮,DROP,,,不属于指南允许的基础原生食材类别
1303,香椿,KEEP,330,香椿,符合基础原生食材定义
1304,勾芡,DROP,,,不属于指南允许的基础原生食材类别
1305,墨鱼仔,REVIEW,,,可能是原生食材，但频次、命名或类别证据不足
1306,紫皮洋葱,DROP,,,不属于指南允许的基础原生食材类别
1307,洛神花,DROP,,,不属于指南允许的基础原生食材类别
1308,吐司粉,DROP,,,烘焙或乳制加工食品
1309,石斛,DROP,,,不属于指南允许的基础原生食材类别
1310,金华火腿,DROP,,,加工肉制品
1311,小米辣椒,REVIEW,,,可能是原生食材，但频次、命名或类别证据不足
1312,腌肉,DROP,,,加工肉制品
1313,姜葱,REVIEW,,,可能是原生食材，但频次、命名或类别证据不足
1314,烟熏火腿,DROP,,,加工肉制品
1315,白吐司,DROP,,,烘焙或乳制加工食品
1316,青汁粉,DROP,,,不属于指南允许的基础原生食材类别
1317,全麦饼干,DROP,,,烘焙或乳制加工食品
1318,百叶,DROP,,,不属于指南允许的基础原生食材类别
1319,鲷鱼,REVIEW,,,可能是原生食材，但频次、命名或类别证据不足
1320,雪花牛肉,REVIEW,,,可能是原生食材，但频次、命名或类别证据不足
1321,综合香草,REVIEW,,,可能是原生食材，但频次、命名或类别证据不足
1322,香蒜,REVIEW,,,可能是原生食材，但频次、命名或类别证据不足
1323,独蒜,REVIEW,,,可能是原生食材，但频次、命名或类别证据不足
1324,泡野山椒,REVIEW,,,可能是原生食材，但频次、命名或类别证据不足
1325,炒饭,DROP,,,成品、半成品或加工食品
1326,农夫山泉,DROP,,,不属于指南允许的基础原生食材类别
1327,香松,DROP,,,不属于指南允许的基础原生食材类别
1328,秀珍菇,REVIEW,,,可能是原生食材，但频次、命名或类别证据不足
1329,莴苣,KEEP,337,莴苣,符合基础原生食材定义
1330,柠檬屑,REVIEW,,,可能是原生食材，但频次、命名或类别证据不足
1331,蕃茄,REVIEW,,,可能是原生食材，但频次、命名或类别证据不足
1332,去腥,DROP,,,不属于指南允许的基础原生食材类别
1333,红曲米粉,DROP,,,成品、半成品或加工食品
1334,五谷杂粮,DROP,,,不属于指南允许的基础原生食材类别
1335,虾头,REVIEW,,,可能是原生食材，但频次、命名或类别证据不足
1336,马斯卡彭芝士,DROP,,,烘焙或乳制加工食品
1337,皮皮虾,KEEP,340,皮皮虾,符合基础原生食材定义
1338,三花淡奶,DROP,,,饮料、酒类或乳制品不属于本版核心原生食材
1339,柿子,DROP,,,不属于指南允许的基础原生食材类别
1340,煮鸡蛋,REVIEW,,,可能是原生食材，但频次、命名或类别证据不足
1341,五指毛桃,REVIEW,,,可能是原生食材，但频次、命名或类别证据不足
1342,法芙娜可可粉,DROP,,,成品、半成品或加工食品
1343,磅蛋糕,DROP,,,烘焙或乳制加工食品
1344,美食,DROP,,,不属于指南允许的基础原生食材类别
1345,白饭,DROP,,,不属于指南允许的基础原生食材类别
1346,雪里蕻,DROP,,,不属于指南允许的基础原生食材类别
1347,梅子,DROP,,,不属于指南允许的基础原生食材类别
1348,香料粉,DROP,,,不属于指南允许的基础原生食材类别
1349,海椒面,REVIEW,,,可能是原生食材，但频次、命名或类别证据不足
1350,豌豆粉,REVIEW,,,可能是原生食材，但频次、命名或类别证据不足
1351,吐司盒,DROP,,,烘焙或乳制加工食品
1352,汉堡面包,DROP,,,烘焙或乳制加工食品
1353,香草豆荚,REVIEW,,,可能是原生食材，但频次、命名或类别证据不足
1354,芒果干,DROP,,,成品、半成品或加工食品
1355,银鱼干,DROP,,,成品、半成品或加工食品
1356,腌菜,REVIEW,,,可能是原生食材，但频次、命名或类别证据不足
1357,黑枣,KEEP,338,黑枣,符合基础原生食材定义
1358,折耳根,DROP,,,不属于指南允许的基础原生食材类别
1359,汤包,DROP,,,不属于指南允许的基础原生食材类别
1360,松子仁,KEEP,343,松子仁,符合基础原生食材定义
1361,乳鸽,KEEP,339,乳鸽,符合基础原生食材定义
1362,香辣蘸料,DROP,,,不属于指南允许的基础原生食材类别
1363,锅水,DROP,,,不属于指南允许的基础原生食材类别
1364,细挂面,REVIEW,,,可能是原生食材，但频次、命名或类别证据不足
1365,碎芝士,DROP,,,烘焙或乳制加工食品
1366,墨鱼干,DROP,,,成品、半成品或加工食品
1367,各种菜,REVIEW,,,可能是原生食材，但频次、命名或类别证据不足
1368,卤蛋,REVIEW,,,可能是原生食材，但频次、命名或类别证据不足
1369,油浸金枪鱼,REVIEW,,,可能是原生食材，但频次、命名或类别证据不足
1370,黑芝麻糊,REVIEW,,,可能是原生食材，但频次、命名或类别证据不足
1371,甜酒曲,DROP,,,不属于指南允许的基础原生食材类别
1372,小鱼干,DROP,,,成品、半成品或加工食品
1373,料粉,DROP,,,不属于指南允许的基础原生食材类别
1374,东北酸菜,DROP,,,成品、半成品或加工食品
1375,马鲛鱼,KEEP,342,马鲛鱼,符合基础原生食材定义
1376,口菇,REVIEW,,,可能是原生食材，但频次、命名或类别证据不足
1377,曲奇饼干,DROP,,,烘焙或乳制加工食品
1378,面包切片,DROP,,,烘焙或乳制加工食品
1379,拌饭料,DROP,,,不属于指南允许的基础原生食材类别
1380,葱姜蒜干辣椒,DROP,,,调味料不进入基础原生食材表
1381,戚风蛋糕一个,DROP,,,烘焙或乳制加工食品
1382,布里奶酪,DROP,,,烘焙或乳制加工食品
1383,粽子,DROP,,,不属于指南允许的基础原生食材类别
1384,宜宾芽菜,DROP,,,成品、半成品或加工食品
1385,意大利综合香料,DROP,,,不属于指南允许的基础原生食材类别
1386,水果干,DROP,,,成品、半成品或加工食品
1387,鸡骨,REVIEW,,,可能是原生食材，但频次、命名或类别证据不足
1388,新鲜蔬菜,REVIEW,,,可能是原生食材，但频次、命名或类别证据不足
1389,小胡萝卜,REVIEW,,,可能是原生食材，但频次、命名或类别证据不足
1390,黑芝麻汤圆,DROP,,,不属于指南允许的基础原生食材类别
1391,绿茶包,DROP,,,不属于指南允许的基础原生食材类别
1392,克清水,DROP,,,不属于指南允许的基础原生食材类别
1393,肉眼牛排,REVIEW,,,可能是原生食材，但频次、命名或类别证据不足
1394,各种配菜,REVIEW,,,可能是原生食材，但频次、命名或类别证据不足
1395,新鲜百里香,DROP,,,调味料不进入基础原生食材表
1396,料理包,DROP,,,不属于指南允许的基础原生食材类别
1397,版本,DROP,,,不属于指南允许的基础原生食材类别
1398,新鲜蘑菇,REVIEW,,,可能是原生食材，但频次、命名或类别证据不足
1399,大蒜末,MERGE,2,蒜,去除切片/切块/切丁等形态描述
1400,包心菜,MERGE,76,卷心菜,明确别名或规范名统一
1401,起来,DROP,,,不属于指南允许的基础原生食材类别
1402,香菇干,REVIEW,,,可能是原生食材，但频次、命名或类别证据不足
1403,菌类,REVIEW,,,可能是原生食材，但频次、命名或类别证据不足
1404,鸡蛋黄,MERGE,72,蛋黄,明确别名或规范名统一
1405,绍酒,DROP,,,调味料不进入基础原生食材表
1406,刀豆,KEEP,336,刀豆,符合基础原生食材定义
1407,椰肉,REVIEW,,,可能是原生食材，但频次、命名或类别证据不足
1408,椰粉,DROP,,,不属于指南允许的基础原生食材类别
1409,白面粉,DROP,,,成品、半成品或加工食品
1410,蛋皮,DROP,,,不属于指南允许的基础原生食材类别
1411,生花生,DROP,,,不属于指南允许的基础原生食材类别
1412,克猪肉,MERGE,4,猪肉,去除确定的鲜冻/去皮去骨描述
1413,力娇酒,DROP,,,调味料不进入基础原生食材表
1414,水煮蛋,REVIEW,,,可能是原生食材，但频次、命名或类别证据不足
1415,小鸡腿,REVIEW,,,可能是原生食材，但频次、命名或类别证据不足
1416,仙草粉,DROP,,,不属于指南允许的基础原生食材类别
1417,蔬菜类,REVIEW,,,可能是原生食材，但频次、命名或类别证据不足
1418,黑莓,DROP,,,不属于指南允许的基础原生食材类别
1419,酥粒,DROP,,,不属于指南允许的基础原生食材类别
1420,蛋糕层,DROP,,,烘焙或乳制加工食品
1421,青鱼,KEEP,341,青鱼,符合基础原生食材定义
1422,茉莉,DROP,,,不属于指南允许的基础原生食材类别
1423,干海椒,REVIEW,,,可能是原生食材，但频次、命名或类别证据不足
1424,蒜姜,REVIEW,,,可能是原生食材，但频次、命名或类别证据不足
1425,芝麻海苔,DROP,,,成品、半成品或加工食品
1426,混合蔬菜,REVIEW,,,可能是原生食材，但频次、命名或类别证据不足
1427,蔬果,DROP,,,不属于指南允许的基础原生食材类别
1428,速冻玉米,REVIEW,,,可能是原生食材，但频次、命名或类别证据不足
1429,洋葱洋葱,REVIEW,,,可能是原生食材，但频次、命名或类别证据不足
1430,普通面,REVIEW,,,可能是原生食材，但频次、命名或类别证据不足
1431,香葱末,MERGE,1,葱,去除切片/切块/切丁等形态描述
1432,克低筋面粉,DROP,,,成品、半成品或加工食品
1433,黑米粉,DROP,,,成品、半成品或加工食品
1434,鸭子,REVIEW,,,可能是原生食材，但频次、命名或类别证据不足
1435,鲜肉,REVIEW,,,名称过于宽泛或形态含义不明确，禁止猜测映射
1436,板栗南瓜,REVIEW,,,可能是原生食材，但频次、命名或类别证据不足
1437,玻璃容器,DROP,,,工具、包装或操作说明
1438,各种菌菇,REVIEW,,,可能是原生食材，但频次、命名或类别证据不足
1439,味增,DROP,,,不属于指南允许的基础原生食材类别
1440,豆苗,REVIEW,,,可能是原生食材，但频次、命名或类别证据不足
1441,内脂,DROP,,,不属于指南允许的基础原生食材类别
1442,奥尔良烤翅料,DROP,,,不属于指南允许的基础原生食材类别
1443,肠粉专粉,DROP,,,不属于指南允许的基础原生食材类别
1444,千页豆腐,DROP,,,豆制品或淀粉制品（严格模式排除）
1445,猴头菇,KEEP,352,猴头菇,符合基础原生食材定义
1446,蝶豆花粉,REVIEW,,,可能是原生食材，但频次、命名或类别证据不足
1447,鲜百合,MERGE,229,百合,去除确定的鲜冻/去皮去骨描述
1448,鸭脖,REVIEW,,,可能是原生食材，但频次、命名或类别证据不足
1449,葱结,REVIEW,,,可能是原生食材，但频次、命名或类别证据不足
1450,猪肉松,DROP,,,加工肉制品
1451,高筋,DROP,,,不属于指南允许的基础原生食材类别
1452,白糯米,REVIEW,,,可能是原生食材，但频次、命名或类别证据不足
1453,蔓越梅干,DROP,,,不属于指南允许的基础原生食材类别
1454,雪媚娘皮,DROP,,,不属于指南允许的基础原生食材类别
1455,螺旋意面,REVIEW,,,可能是原生食材，但频次、命名或类别证据不足
1456,猪腿肉,KEEP,348,猪腿肉,符合基础原生食材定义
1457,海带结,REVIEW,,,可能是原生食材，但频次、命名或类别证据不足
1458,姜蒜末,REVIEW,,,形态描述存在，但原始食材无法确定
1459,珍珠粉圆,DROP,,,不属于指南允许的基础原生食材类别
1460,配方奶粉,DROP,,,烘焙或乳制加工食品
1461,葡萄干蔓越莓干,DROP,,,成品、半成品或加工食品
1462,青口贝,REVIEW,,,可能是原生食材，但频次、命名或类别证据不足
1463,阿华田,DROP,,,不属于指南允许的基础原生食材类别
1464,法香,DROP,,,不属于指南允许的基础原生食材类别
1465,烘焙巧克力,DROP,,,烘焙或乳制加工食品
1466,全脂纯牛奶,DROP,,,饮料、酒类或乳制品不属于本版核心原生食材
1467,黑咖啡粉,DROP,,,饮料、酒类或乳制品不属于本版核心原生食材
1468,红灯笼椒,REVIEW,,,可能是原生食材，但频次、命名或类别证据不足
1469,芥蓝,KEEP,345,芥蓝,符合基础原生食材定义
1470,冷饭,DROP,,,不属于指南允许的基础原生食材类别
1471,苏子叶,DROP,,,不属于指南允许的基础原生食材类别
1472,黄柠檬,REVIEW,,,可能是原生食材，但频次、命名或类别证据不足
1473,寒天粉,DROP,,,不属于指南允许的基础原生食材类别
1474,菜干,REVIEW,,,可能是原生食材，但频次、命名或类别证据不足
1475,韧豆腐,DROP,,,豆制品或淀粉制品（严格模式排除）
1476,北极虾,KEEP,349,北极虾,符合基础原生食材定义
1477,绿豆馅,REVIEW,,,可能是原生食材，但频次、命名或类别证据不足
1478,披萨,DROP,,,成品、半成品或加工食品
1479,鼠尾草,DROP,,,不属于指南允许的基础原生食材类别
1480,肉皮,DROP,,,不属于指南允许的基础原生食材类别
1481,海蛎,REVIEW,,,可能是原生食材，但频次、命名或类别证据不足
1482,云耳,KEEP,351,云耳,符合基础原生食材定义
1483,牛里脊肉,REVIEW,,,可能是原生食材，但频次、命名或类别证据不足
1484,小汤圆,DROP,,,不属于指南允许的基础原生食材类别
1485,鱼籽,REVIEW,,,可能是原生食材，但频次、命名或类别证据不足
1486,黄原胶,DROP,,,不属于指南允许的基础原生食材类别
1487,百利甜,DROP,,,不属于指南允许的基础原生食材类别
1488,葵花籽,DROP,,,不属于指南允许的基础原生食材类别
1489,卤肉,REVIEW,,,可能是原生食材，但频次、命名或类别证据不足
1490,水果罐头,DROP,,,成品、半成品或加工食品
1491,小米粉,DROP,,,成品、半成品或加工食品
1492,玉米玉米粒,REVIEW,,,可能是原生食材，但频次、命名或类别证据不足
1493,夏威夷果,DROP,,,不属于指南允许的基础原生食材类别
1494,六月鲜,DROP,,,不属于指南允许的基础原生食材类别
1495,配料表,DROP,,,不属于指南允许的基础原生食材类别
1496,鲜红辣椒,MERGE,50,红辣椒,去除确定的鲜冻/去皮去骨描述
1497,小饼干,DROP,,,烘焙或乳制加工食品
1498,五花肉馅,REVIEW,,,可能是原生食材，但频次、命名或类别证据不足
1499,牛心菜,REVIEW,,,可能是原生食材，但频次、命名或类别证据不足
1500,火锅食材,DROP,,,不属于指南允许的基础原生食材类别
1501,面片,REVIEW,,,形态描述存在，但原始食材无法确定
1502,酱肉,DROP,,,不属于指南允许的基础原生食材类别
1503,杏干,DROP,,,成品、半成品或加工食品
1504,海绵蛋糕胚,DROP,,,烘焙或乳制加工食品
1505,香蕉叶,REVIEW,,,可能是原生食材，但频次、命名或类别证据不足
1506,巧克力味,DROP,,,烘焙或乳制加工食品
1507,风味,DROP,,,不属于指南允许的基础原生食材类别
1508,奶油生菜,DROP,,,烘焙或乳制加工食品
1509,三文鱼排,REVIEW,,,可能是原生食材，但频次、命名或类别证据不足
1510,利口酒,DROP,,,调味料不进入基础原生食材表
1511,麻辣香肠,DROP,,,加工肉制品
1512,色拉,DROP,,,不属于指南允许的基础原生食材类别
1513,香味,DROP,,,不属于指南允许的基础原生食材类别
1514,车达奶酪,DROP,,,烘焙或乳制加工食品
1515,坚果果干,DROP,,,成品、半成品或加工食品
1516,甜味,DROP,,,不属于指南允许的基础原生食材类别
1517,虾饺,REVIEW,,,可能是原生食材，但频次、命名或类别证据不足
1518,丁香粉,DROP,,,不属于指南允许的基础原生食材类别
1519,蔬菜水果,REVIEW,,,可能是原生食材，但频次、命名或类别证据不足
1520,烧烤蘸料,DROP,,,不属于指南允许的基础原生食材类别
1521,一半水,DROP,,,不属于指南允许的基础原生食材类别
1522,坚果奶,DROP,,,饮料、酒类或乳制品不属于本版核心原生食材
1523,果酒,DROP,,,调味料不进入基础原生食材表
1524,水清水,DROP,,,不属于指南允许的基础原生食材类别
1525,北极甜虾,REVIEW,,,可能是原生食材，但频次、命名或类别证据不足
1526,海绵蛋糕体,DROP,,,烘焙或乳制加工食品
1527,辣椒醬,REVIEW,,,可能是原生食材，但频次、命名或类别证据不足
1528,磨成粉,DROP,,,不属于指南允许的基础原生食材类别
1529,盘子,DROP,,,不属于指南允许的基础原生食材类别
1530,白色,DROP,,,不属于指南允许的基础原生食材类别
1531,包子,DROP,,,成品、半成品或加工食品
1532,卤子,DROP,,,不属于指南允许的基础原生食材类别
1533,水果水果,DROP,,,不属于指南允许的基础原生食材类别
1534,红曲米,REVIEW,,,可能是原生食材，但频次、命名或类别证据不足
1535,生鸡蛋,REVIEW,,,可能是原生食材，但频次、命名或类别证据不足
1536,麻薯,REVIEW,,,可能是原生食材，但频次、命名或类别证据不足
1537,干红枣,REVIEW,,,可能是原生食材，但频次、命名或类别证据不足
1538,味噌,DROP,,,不属于指南允许的基础原生食材类别
1539,干虾米,DROP,,,成品、半成品或加工食品
1540,肥肠,DROP,,,成品、半成品或加工食品
1541,直饮水,DROP,,,不属于指南允许的基础原生食材类别
1542,水豆腐,DROP,,,豆制品或淀粉制品（严格模式排除）
1543,白煮蛋,REVIEW,,,可能是原生食材，但频次、命名或类别证据不足
1544,牛肋条,REVIEW,,,可能是原生食材，但频次、命名或类别证据不足
1545,戚风胚,DROP,,,不属于指南允许的基础原生食材类别
1546,馅儿料,DROP,,,不属于指南允许的基础原生食材类别
1547,香芋馅,REVIEW,,,可能是原生食材，但频次、命名或类别证据不足
1548,综合坚果,REVIEW,,,可能是原生食材，但频次、命名或类别证据不足
1549,小芹菜,REVIEW,,,可能是原生食材，但频次、命名或类别证据不足
1550,茯苓,DROP,,,不属于指南允许的基础原生食材类别
1551,琼脂,DROP,,,成品、半成品或加工食品
1552,枣泥,REVIEW,,,可能是原生食材，但频次、命名或类别证据不足
1553,巧克力戚风,DROP,,,烘焙或乳制加工食品
1554,干料,DROP,,,不属于指南允许的基础原生食材类别
1555,大蒜瓣,MERGE,2,蒜,去除切片/切块/切丁等形态描述
1556,辣皮子,DROP,,,不属于指南允许的基础原生食材类别
1557,甜菜根,KEEP,344,甜菜根,符合基础原生食材定义
1558,红枣干,REVIEW,,,可能是原生食材，但频次、命名或类别证据不足
1559,荞麦,KEEP,353,荞麦,符合基础原生食材定义
1560,牛肚,KEEP,347,牛肚,符合基础原生食材定义
1561,猪梅花肉,REVIEW,,,可能是原生食材，但频次、命名或类别证据不足
1562,涪陵榨菜,DROP,,,不属于指南允许的基础原生食材类别
1563,方包,DROP,,,不属于指南允许的基础原生食材类别
1564,大杏仁,REVIEW,,,可能是原生食材，但频次、命名或类别证据不足
1565,枇杷,KEEP,346,枇杷,符合基础原生食材定义
1566,干面,REVIEW,,,可能是原生食材，但频次、命名或类别证据不足
1567,见图,DROP,,,不属于指南允许的基础原生食材类别
1568,奶酥,DROP,,,不属于指南允许的基础原生食材类别
1569,宝宝面,REVIEW,,,可能是原生食材，但频次、命名或类别证据不足
1570,再制干酪,DROP,,,不属于指南允许的基础原生食材类别
1571,干香草,REVIEW,,,可能是原生食材，但频次、命名或类别证据不足
1572,多马苏里拉芝士,DROP,,,烘焙或乳制加工食品
1573,生鱼,KEEP,350,生鱼,符合基础原生食材定义
1574,熟南瓜,DROP,,,成品、半成品或加工食品
1575,多少肉,DROP,,,数量或单位残留且无法可靠恢复原食材
1576,起司,DROP,,,不属于指南允许的基础原生食材类别
1577,素肉,REVIEW,,,可能是原生食材，但频次、命名或类别证据不足
1578,圆生菜,REVIEW,,,可能是原生食材，但频次、命名或类别证据不足
1579,猪骨汤,REVIEW,,,可能是原生食材，但频次、命名或类别证据不足
1580,台湾香肠,DROP,,,加工肉制品
1581,鳗鱼,KEEP,364,鳗鱼,符合基础原生食材定义
1582,秋刀鱼,REVIEW,,,可能是原生食材，但频次、命名或类别证据不足
1583,节瓜,KEEP,354,节瓜,符合基础原生食材定义
1584,走地鸡,REVIEW,,,可能是原生食材，但频次、命名或类别证据不足
1585,意大利香料,DROP,,,不属于指南允许的基础原生食材类别
1586,鸡心,KEEP,360,鸡心,符合基础原生食材定义
1587,鲁邦种,DROP,,,不属于指南允许的基础原生食材类别
1588,粟粉,DROP,,,不属于指南允许的基础原生食材类别
1589,黑凉粉,DROP,,,不属于指南允许的基础原生食材类别
1590,梅林午餐肉,DROP,,,加工肉制品
1591,法棍面包,DROP,,,烘焙或乳制加工食品
1592,稻花香米,REVIEW,,,可能是原生食材，但频次、命名或类别证据不足
1593,孢子甘蓝,REVIEW,,,可能是原生食材，但频次、命名或类别证据不足
1594,绿尖椒,REVIEW,,,可能是原生食材，但频次、命名或类别证据不足
1595,黄豆面,REVIEW,,,可能是原生食材，但频次、命名或类别证据不足
1596,圆茄子,REVIEW,,,可能是原生食材，但频次、命名或类别证据不足
1597,克五花肉,MERGE,10,五花肉,去除确定的鲜冻/去皮去骨描述
1598,乳清,DROP,,,不属于指南允许的基础原生食材类别
1599,鸭肠,DROP,,,成品、半成品或加工食品
1600,角瓜,REVIEW,,,可能是原生食材，但频次、命名或类别证据不足
1601,青虾,KEEP,362,青虾,符合基础原生食材定义
1602,眉豆,KEEP,366,眉豆,符合基础原生食材定义
1603,筒骨,DROP,,,不属于指南允许的基础原生食材类别
1604,鸡肝,KEEP,361,鸡肝,符合基础原生食材定义
1605,洋葱半个,MERGE,5,洋葱,修复数量/单位残留
1606,酒糟,DROP,,,不属于指南允许的基础原生食材类别
1607,带子,DROP,,,不属于指南允许的基础原生食材类别
1608,龙利鱼柳,REVIEW,,,可能是原生食材，但频次、命名或类别证据不足
1609,仙草冻,DROP,,,不属于指南允许的基础原生食材类别
1610,方火腿,DROP,,,加工肉制品
1611,牛骨,REVIEW,,,可能是原生食材，但频次、命名或类别证据不足
1612,鲜辣粉,DROP,,,不属于指南允许的基础原生食材类别
1613,综合香料,DROP,,,不属于指南允许的基础原生食材类别
1614,马斯卡彭奶酪,DROP,,,烘焙或乳制加工食品
1615,芥兰,REVIEW,,,可能是原生食材，但频次、命名或类别证据不足
1616,鸭胸肉,REVIEW,,,可能是原生食材，但频次、命名或类别证据不足
1617,龟苓膏粉,DROP,,,不属于指南允许的基础原生食材类别
1618,雪花梨,KEEP,358,雪花梨,符合基础原生食材定义
1619,鸡小胸,REVIEW,,,可能是原生食材，但频次、命名或类别证据不足
1620,可可戚风蛋糕,DROP,,,烘焙或乳制加工食品
1621,胡萝卜一根,MERGE,6,胡萝卜,修复数量/单位残留
1622,青蒜苗,REVIEW,,,可能是原生食材，但频次、命名或类别证据不足
1623,螺旋面,REVIEW,,,可能是原生食材，但频次、命名或类别证据不足
1624,海苔香松,DROP,,,成品、半成品或加工食品
1625,红菜椒,REVIEW,,,可能是原生食材，但频次、命名或类别证据不足
1626,黄姜,KEEP,356,黄姜,符合基础原生食材定义
1627,绿茶粉,DROP,,,不属于指南允许的基础原生食材类别
1628,洋葱切丝,REVIEW,,,形态描述存在，但原始食材无法确定
1629,布丁粉,DROP,,,成品、半成品或加工食品
1630,泡芙,DROP,,,不属于指南允许的基础原生食材类别
1631,云南小瓜,REVIEW,,,可能是原生食材，但频次、命名或类别证据不足
1632,海虹,DROP,,,不属于指南允许的基础原生食材类别
1633,雀巢炼乳,DROP,,,烘焙或乳制加工食品
1634,三文鱼头,REVIEW,,,可能是原生食材，但频次、命名或类别证据不足
1635,高筋面包粉,DROP,,,烘焙或乳制加工食品
1636,辛拉面,REVIEW,,,可能是原生食材，但频次、命名或类别证据不足
1637,西生菜,REVIEW,,,可能是原生食材，但频次、命名或类别证据不足
1638,日本南瓜,REVIEW,,,可能是原生食材，但频次、命名或类别证据不足
1639,甘纳许,DROP,,,不属于指南允许的基础原生食材类别
1640,菌菇类,REVIEW,,,可能是原生食材，但频次、命名或类别证据不足
1641,蜜薯,REVIEW,,,可能是原生食材，但频次、命名或类别证据不足
1642,纯可可粉,DROP,,,成品、半成品或加工食品
1643,全麦面,REVIEW,,,可能是原生食材，但频次、命名或类别证据不足
1644,果皮,DROP,,,不属于指南允许的基础原生食材类别
1645,糯米丸子,DROP,,,成品、半成品或加工食品
1646,泡香菇水,REVIEW,,,可能是原生食材，但频次、命名或类别证据不足
1647,桂花鱼,DROP,,,调味料不进入基础原生食材表
1648,粉干,DROP,,,不属于指南允许的基础原生食材类别
1649,必备,DROP,,,不属于指南允许的基础原生食材类别
1650,青线椒,REVIEW,,,可能是原生食材，但频次、命名或类别证据不足
1651,凉皮,DROP,,,不属于指南允许的基础原生食材类别
1652,碳水,DROP,,,不属于指南允许的基础原生食材类别
1653,水鸭,REVIEW,,,可能是原生食材，但频次、命名或类别证据不足
1654,老坛酸菜,DROP,,,成品、半成品或加工食品
1655,云吞皮,DROP,,,不属于指南允许的基础原生食材类别
1656,过滤水,DROP,,,不属于指南允许的基础原生食材类别
1657,冰皮月饼粉,DROP,,,成品、半成品或加工食品
1658,香菜根,REVIEW,,,可能是原生食材，但频次、命名或类别证据不足
1659,阿萨姆红茶,DROP,,,饮料、酒类或乳制品不属于本版核心原生食材
1660,牛肝菌,KEEP,365,牛肝菌,符合基础原生食材定义
1661,鲮鱼,KEEP,363,鲮鱼,符合基础原生食材定义
1662,羊肉串,DROP,,,成品、半成品或加工食品
1663,魔芋面,REVIEW,,,可能是原生食材，但频次、命名或类别证据不足
1664,益生菌,REVIEW,,,可能是原生食材，但频次、命名或类别证据不足
1665,意大利混合香料,DROP,,,不属于指南允许的基础原生食材类别
1666,鸡蛋豆腐,DROP,,,豆制品或淀粉制品（严格模式排除）
1667,几个鸡蛋,MERGE,7,鸡蛋,修复数量/单位残留
1668,肉卷,REVIEW,,,可能是原生食材，但频次、命名或类别证据不足
1669,雪花粉,DROP,,,不属于指南允许的基础原生食材类别
1670,枣泥馅,REVIEW,,,可能是原生食材，但频次、命名或类别证据不足
1671,黄灯笼椒,REVIEW,,,可能是原生食材，但频次、命名或类别证据不足
1672,酵种,DROP,,,不属于指南允许的基础原生食材类别
1673,白熟芝麻,DROP,,,成品、半成品或加工食品
1674,碳水化合物,DROP,,,不属于指南允许的基础原生食材类别
1675,薄片,REVIEW,,,形态描述存在，但原始食材无法确定
1676,饭量大米,REVIEW,,,可能是原生食材，但频次、命名或类别证据不足
1677,鸡蛋两个,MERGE,7,鸡蛋,修复数量/单位残留
1678,东古一品鲜,DROP,,,不属于指南允许的基础原生食材类别
1679,牛腩肉,REVIEW,,,可能是原生食材，但频次、命名或类别证据不足
1680,奶茶粉,DROP,,,不属于指南允许的基础原生食材类别
1681,沙拉蔬菜,DROP,,,成品、半成品或加工食品
1682,奶油夹馅,DROP,,,烘焙或乳制加工食品
1683,香菇水,REVIEW,,,可能是原生食材，但频次、命名或类别证据不足
1684,巧克力棒,DROP,,,烘焙或乳制加工食品
1685,就好面粉,DROP,,,成品、半成品或加工食品
1686,姜末蒜末,REVIEW,,,形态描述存在，但原始食材无法确定
1687,扇贝柱,REVIEW,,,可能是原生食材，但频次、命名或类别证据不足
1688,鲜蘑菇,REVIEW,,,可能是原生食材，但频次、命名或类别证据不足
1689,小圆子,DROP,,,不属于指南允许的基础原生食材类别
1690,调整,DROP,,,不属于指南允许的基础原生食材类别
1691,就够了,DROP,,,不属于指南允许的基础原生食材类别
1692,生火腿,DROP,,,加工肉制品
1693,米饭米饭,DROP,,,成品、半成品或加工食品
1694,小料,DROP,,,不属于指南允许的基础原生食材类别
1695,冰淇淋粉,DROP,,,成品、半成品或加工食品
1696,红绿辣椒,REVIEW,,,可能是原生食材，但频次、命名或类别证据不足
1697,面包预拌粉,DROP,,,烘焙或乳制加工食品
1698,山药粉,REVIEW,,,可能是原生食材，但频次、命名或类别证据不足
1699,新鲜薄荷,MERGE,117,薄荷,去除确定的鲜冻/去皮去骨描述
1700,神器,DROP,,,不属于指南允许的基础原生食材类别
1701,纯牛奶牛奶,DROP,,,饮料、酒类或乳制品不属于本版核心原生食材
1702,母乳,DROP,,,不属于指南允许的基础原生食材类别
1703,边角料,DROP,,,不属于指南允许的基础原生食材类别
1704,新鲜香草,REVIEW,,,可能是原生食材，但频次、命名或类别证据不足
1705,面包配方,DROP,,,烘焙或乳制加工食品
1706,黄瓜一根,MERGE,19,黄瓜,修复数量/单位残留
1707,土豆一个,MERGE,12,土豆,修复数量/单位残留
1708,方法,DROP,,,不属于指南允许的基础原生食材类别
1709,哈哈,DROP,,,不属于指南允许的基础原生食材类别
1710,大鸡腿,REVIEW,,,可能是原生食材，但频次、命名或类别证据不足
1711,风味香肠,DROP,,,加工肉制品
1712,辣辣椒,REVIEW,,,可能是原生食材，但频次、命名或类别证据不足
1713,油炸花生,DROP,,,成品、半成品或加工食品
1714,小葱香菜,REVIEW,,,可能是原生食材，但频次、命名或类别证据不足
1715,巧克力球,DROP,,,烘焙或乳制加工食品
1716,哈哈哈,DROP,,,不属于指南允许的基础原生食材类别
1717,皮蛋,DROP,,,成品、半成品或加工食品
1718,茭白,KEEP,355,茭白,符合基础原生食材定义
1719,炸豆腐,DROP,,,豆制品或淀粉制品（严格模式排除）
1720,蒜水,REVIEW,,,可能是原生食材，但频次、命名或类别证据不足
1721,罗马生菜,REVIEW,,,可能是原生食材，但频次、命名或类别证据不足
1722,青梅,KEEP,359,青梅,符合基础原生食材定义
1723,水发木耳,REVIEW,,,可能是原生食材，但频次、命名或类别证据不足
1724,手粉,DROP,,,不属于指南允许的基础原生食材类别
1725,红米,REVIEW,,,可能是原生食材，但频次、命名或类别证据不足
1726,山核桃,KEEP,367,山核桃,符合基础原生食材定义
1727,果冻粉,DROP,,,不属于指南允许的基础原生食材类别
1728,绍兴酒,DROP,,,调味料不进入基础原生食材表
1729,肉泥,REVIEW,,,可能是原生食材，但频次、命名或类别证据不足
1730,芝士糊,DROP,,,烘焙或乳制加工食品
1731,可可味,DROP,,,不属于指南允许的基础原生食材类别
1732,草莓酸奶,DROP,,,饮料、酒类或乳制品不属于本版核心原生食材
1733,奶酪霜,DROP,,,烘焙或乳制加工食品
1734,大西红柿,REVIEW,,,可能是原生食材，但频次、命名或类别证据不足
1735,帕玛森干酪,DROP,,,不属于指南允许的基础原生食材类别
1736,奶酪馅,DROP,,,烘焙或乳制加工食品
1737,巧克力慕斯,DROP,,,烘焙或乳制加工食品
1738,汤种,DROP,,,不属于指南允许的基础原生食材类别
1739,慕斯糊,DROP,,,成品、半成品或加工食品
1740,慕斯液,DROP,,,成品、半成品或加工食品
1741,波兰酵头,DROP,,,不属于指南允许的基础原生食材类别
1742,英式玛芬,DROP,,,不属于指南允许的基础原生食材类别
1743,其他,DROP,,,不属于指南允许的基础原生食材类别
1744,蒲烧鳗鱼,REVIEW,,,可能是原生食材，但频次、命名或类别证据不足
1745,碎肉,REVIEW,,,可能是原生食材，但频次、命名或类别证据不足
1746,火锅年糕,DROP,,,成品、半成品或加工食品
1747,干鱿鱼,REVIEW,,,可能是原生食材，但频次、命名或类别证据不足
1748,生蒜,REVIEW,,,可能是原生食材，但频次、命名或类别证据不足
1749,黑巧,DROP,,,不属于指南允许的基础原生食材类别
1750,车打奶酪,DROP,,,烘焙或乳制加工食品
1751,巧克力脆,DROP,,,烘焙或乳制加工食品
1752,吧姜,REVIEW,,,可能是原生食材，但频次、命名或类别证据不足
1753,鱼鱼,REVIEW,,,可能是原生食材，但频次、命名或类别证据不足
1754,青芥,REVIEW,,,可能是原生食材，但频次、命名或类别证据不足
1755,玉米豌豆,REVIEW,,,可能是原生食材，但频次、命名或类别证据不足
1756,菠萝蜜,KEEP,357,菠萝蜜,符合基础原生食材定义
1757,花生芝麻,REVIEW,,,可能是原生食材，但频次、命名或类别证据不足
1758,就行葱,REVIEW,,,可能是原生食材，但频次、命名或类别证据不足
1759,肥牛肉,REVIEW,,,可能是原生食材，但频次、命名或类别证据不足
1760,熟核桃,DROP,,,成品、半成品或加工食品
1761,鲣鱼,REVIEW,,,可能是原生食材，但频次、命名或类别证据不足
1762,芝麻花生,REVIEW,,,可能是原生食材，但频次、命名或类别证据不足
1763,姜姜,REVIEW,,,可能是原生食材，但频次、命名或类别证据不足
1764,坚果燕麦,REVIEW,,,可能是原生食材，但频次、命名或类别证据不足
1765,儿蒜,REVIEW,,,可能是原生食材，但频次、命名或类别证据不足
1766,少量姜,REVIEW,,,可能是原生食材，但频次、命名或类别证据不足
1767,牛肉松,DROP,,,加工肉制品
1768,黄鳝,KEEP,376,黄鳝,符合基础原生食材定义
1769,槐花,KEEP,369,槐花,符合基础原生食材定义
1770,生姜丝,MERGE,3,姜,去除切片/切块/切丁等形态描述
1771,节藕,REVIEW,,,可能是原生食材，但频次、命名或类别证据不足
1772,莜面,REVIEW,,,可能是原生食材，但频次、命名或类别证据不足
1773,红米椒,REVIEW,,,可能是原生食材，但频次、命名或类别证据不足
1774,麻薯预拌粉,DROP,,,不属于指南允许的基础原生食材类别
1775,豆面,REVIEW,,,可能是原生食材，但频次、命名或类别证据不足
1776,豆乳,DROP,,,成品、半成品或加工食品
1777,黑枸杞,REVIEW,,,可能是原生食材，但频次、命名或类别证据不足
1778,鱼腥草,KEEP,371,鱼腥草,符合基础原生食材定义
1779,脱皮绿豆,DROP,,,不属于指南允许的基础原生食材类别
1780,黑巧克力币,DROP,,,烘焙或乳制加工食品
1781,各式水果,DROP,,,不属于指南允许的基础原生食材类别
1782,黄彩椒,REVIEW,,,可能是原生食材，但频次、命名或类别证据不足
1783,芝士慕斯,DROP,,,烘焙或乳制加工食品
1784,公鸡,REVIEW,,,可能是原生食材，但频次、命名或类别证据不足
1785,小鱼,REVIEW,,,可能是原生食材，但频次、命名或类别证据不足
1786,澄面,REVIEW,,,可能是原生食材，但频次、命名或类别证据不足
1787,鱼骨,REVIEW,,,可能是原生食材，但频次、命名或类别证据不足
1788,可以不放,DROP,,,不属于指南允许的基础原生食材类别
1789,鸡蛋干,REVIEW,,,可能是原生食材，但频次、命名或类别证据不足
1790,种子,DROP,,,不属于指南允许的基础原生食材类别
1791,马兰头,KEEP,370,马兰头,符合基础原生食材定义
1792,白木耳,KEEP,378,白木耳,符合基础原生食材定义
1793,葱香菜,REVIEW,,,可能是原生食材，但频次、命名或类别证据不足
1794,香茅草,DROP,,,调味料不进入基础原生食材表
1795,尖辣椒,REVIEW,,,可能是原生食材，但频次、命名或类别证据不足
1796,米粥,DROP,,,成品、半成品或加工食品
1797,乳酸菌饮料,DROP,,,成品、半成品或加工食品
1798,美味鲜,DROP,,,不属于指南允许的基础原生食材类别
1799,绿豆面,REVIEW,,,可能是原生食材，但频次、命名或类别证据不足
1800,可生食鸡蛋,REVIEW,,,可能是原生食材，但频次、命名或类别证据不足
1801,梨子,REVIEW,,,可能是原生食材，但频次、命名或类别证据不足
1802,肘子,REVIEW,,,可能是原生食材，但频次、命名或类别证据不足
1803,萨拉米肠,DROP,,,成品、半成品或加工食品
1804,锡兰红茶,DROP,,,饮料、酒类或乳制品不属于本版核心原生食材
1805,肉桂棒,DROP,,,调味料不进入基础原生食材表
1806,奶泡,DROP,,,不属于指南允许的基础原生食材类别
1807,红小米椒,REVIEW,,,可能是原生食材，但频次、命名或类别证据不足
1808,冰粉粉,DROP,,,不属于指南允许的基础原生食材类别
1809,打发蛋白,DROP,,,工具、包装或操作说明
1810,清远鸡,REVIEW,,,可能是原生食材，但频次、命名或类别证据不足
1811,鲳鱼,KEEP,375,鲳鱼,符合基础原生食材定义
1812,米汤,REVIEW,,,可能是原生食材，但频次、命名或类别证据不足
1813,圆糯米,REVIEW,,,可能是原生食材，但频次、命名或类别证据不足
1814,文蛤,KEEP,373,文蛤,符合基础原生食材定义
1815,辣根,DROP,,,不属于指南允许的基础原生食材类别
1816,罂粟籽,DROP,,,不属于指南允许的基础原生食材类别
1817,手动打蛋器,DROP,,,工具、包装或操作说明
1818,泡萝卜,REVIEW,,,可能是原生食材，但频次、命名或类别证据不足
1819,大骨,DROP,,,不属于指南允许的基础原生食材类别
1820,油豆皮,DROP,,,豆制品或淀粉制品（严格模式排除）
1821,酥肉,REVIEW,,,可能是原生食材，但频次、命名或类别证据不足
1822,红剁椒,DROP,,,成品、半成品或加工食品
1823,南瓜子仁,KEEP,379,南瓜子仁,符合基础原生食材定义
1824,蘑菇精,REVIEW,,,可能是原生食材，但频次、命名或类别证据不足
1825,纳豆,REVIEW,,,可能是原生食材，但频次、命名或类别证据不足
1826,蘸水,DROP,,,不属于指南允许的基础原生食材类别
1827,海绵蛋糕底,DROP,,,烘焙或乳制加工食品
1828,蔬菜汤,REVIEW,,,可能是原生食材，但频次、命名或类别证据不足
1829,羊肉汤,REVIEW,,,可能是原生食材，但频次、命名或类别证据不足
1830,主要食材,DROP,,,不属于指南允许的基础原生食材类别
1831,嫩鸡,REVIEW,,,可能是原生食材，但频次、命名或类别证据不足
1832,全脂奶,DROP,,,饮料、酒类或乳制品不属于本版核心原生食材
1833,红葱,REVIEW,,,可能是原生食材，但频次、命名或类别证据不足
1834,莲白,DROP,,,不属于指南允许的基础原生食材类别
1835,方腿,DROP,,,成品、半成品或加工食品
1836,纯奶,DROP,,,饮料、酒类或乳制品不属于本版核心原生食材
1837,韩式辣白菜,DROP,,,不属于指南允许的基础原生食材类别
1838,江西米粉,DROP,,,成品、半成品或加工食品
1839,粽子叶,DROP,,,不属于指南允许的基础原生食材类别
1840,脆片,REVIEW,,,形态描述存在，但原始食材无法确定
1841,柠檬水,REVIEW,,,可能是原生食材，但频次、命名或类别证据不足
1842,半肥瘦猪肉,REVIEW,,,可能是原生食材，但频次、命名或类别证据不足
1843,豬肉,REVIEW,,,可能是原生食材，但频次、命名或类别证据不足
1844,绿甘蓝,REVIEW,,,可能是原生食材，但频次、命名或类别证据不足
1845,红薯馅,REVIEW,,,可能是原生食材，但频次、命名或类别证据不足
1846,蛋糕配方,DROP,,,烘焙或乳制加工食品
1847,西红柿罐头,DROP,,,成品、半成品或加工食品
1848,胚芽米,REVIEW,,,可能是原生食材，但频次、命名或类别证据不足
1849,红曲,DROP,,,不属于指南允许的基础原生食材类别
1850,树叶,DROP,,,不属于指南允许的基础原生食材类别
1851,披萨饼皮,DROP,,,成品、半成品或加工食品
1852,牛筋丸,REVIEW,,,可能是原生食材，但频次、命名或类别证据不足
1853,生姜大蒜,REVIEW,,,可能是原生食材，但频次、命名或类别证据不足
1854,其他海鲜,REVIEW,,,可能是原生食材，但频次、命名或类别证据不足
1855,发酵酸奶,DROP,,,饮料、酒类或乳制品不属于本版核心原生食材
1856,蛋液刷表面,DROP,,,工具、包装或操作说明
1857,刷表面蛋液,DROP,,,工具、包装或操作说明
1858,油葱酥,REVIEW,,,可能是原生食材，但频次、命名或类别证据不足
1859,玉米糁,KEEP,380,玉米糁,符合基础原生食材定义
1860,干黑木耳,REVIEW,,,可能是原生食材，但频次、命名或类别证据不足
1861,朵西蓝花,DROP,,,不属于指南允许的基础原生食材类别
1862,鲜姜,MERGE,3,姜,去除确定的鲜冻/去皮去骨描述
1863,宝宝奶粉,DROP,,,烘焙或乳制加工食品
1864,糯米小丸子,DROP,,,成品、半成品或加工食品
1865,泡小米椒,REVIEW,,,可能是原生食材，但频次、命名或类别证据不足
1866,饭米饭,DROP,,,成品、半成品或加工食品
1867,坚果麦片,REVIEW,,,形态描述存在，但原始食材无法确定
1868,面团面粉,DROP,,,成品、半成品或加工食品
1869,胡萝卜土豆,REVIEW,,,可能是原生食材，但频次、命名或类别证据不足
1870,七喜,DROP,,,不属于指南允许的基础原生食材类别
1871,蒜末姜末,REVIEW,,,形态描述存在，但原始食材无法确定
1872,韩国辣白菜,DROP,,,不属于指南允许的基础原生食材类别
1873,鱼糕,DROP,,,成品、半成品或加工食品
1874,茶汤,DROP,,,不属于指南允许的基础原生食材类别
1875,面筋粉,DROP,,,成品、半成品或加工食品
1876,脱脂酸奶,DROP,,,饮料、酒类或乳制品不属于本版核心原生食材
1877,朋友,DROP,,,不属于指南允许的基础原生食材类别
1878,大小洋葱,REVIEW,,,可能是原生食材，但频次、命名或类别证据不足
1879,常温水,DROP,,,不属于指南允许的基础原生食材类别
1880,紫色洋葱,REVIEW,,,可能是原生食材，但频次、命名或类别证据不足
1881,头水紫菜,REVIEW,,,可能是原生食材，但频次、命名或类别证据不足
1882,部分食材,DROP,,,不属于指南允许的基础原生食材类别
1883,鸡翅膀,REVIEW,,,可能是原生食材，但频次、命名或类别证据不足
1884,调味剂,DROP,,,不属于指南允许的基础原生食材类别
1885,鸡蛋蛋白,REVIEW,,,可能是原生食材，但频次、命名或类别证据不足
1886,三文鱼罐头,DROP,,,成品、半成品或加工食品
1887,了鸡蛋,REVIEW,,,可能是原生食材，但频次、命名或类别证据不足
1888,剁碎,REVIEW,,,形态描述存在，但原始食材无法确定
1889,小南瓜,KEEP,368,小南瓜,符合基础原生食材定义
1890,年糕年糕,DROP,,,成品、半成品或加工食品
1891,小青椒,REVIEW,,,可能是原生食材，但频次、命名或类别证据不足
1892,包装,DROP,,,不属于指南允许的基础原生食材类别
1893,混合粉,DROP,,,不属于指南允许的基础原生食材类别
1894,多少南瓜,DROP,,,数量或单位残留且无法可靠恢复原食材
1895,吸管,DROP,,,工具、包装或操作说明
1896,和白芝麻,REVIEW,,,疑似多食材组合，但无法百分之百确认全部组成
1897,吧水,DROP,,,不属于指南允许的基础原生食材类别
1898,粉末,REVIEW,,,形态描述存在，但原始食材无法确定
1899,松饼,DROP,,,不属于指南允许的基础原生食材类别
1900,黑色,DROP,,,不属于指南允许的基础原生食材类别
1901,零食,DROP,,,不属于指南允许的基础原生食材类别
1902,多少猪肉,DROP,,,数量或单位残留且无法可靠恢复原食材
1903,一共,DROP,,,不属于指南允许的基础原生食材类别
1904,就行了,DROP,,,不属于指南允许的基础原生食材类别
1905,甜度,DROP,,,不属于指南允许的基础原生食材类别
1906,长茄子,REVIEW,,,可能是原生食材，但频次、命名或类别证据不足
1907,清鸡汤,REVIEW,,,可能是原生食材，但频次、命名或类别证据不足
1908,鸭舌,KEEP,372,鸭舌,符合基础原生食材定义
1909,水量,DROP,,,不属于指南允许的基础原生食材类别
1910,可可脂,DROP,,,不属于指南允许的基础原生食材类别
1911,鸽子,DROP,,,不属于指南允许的基础原生食材类别
1912,榴莲果肉,REVIEW,,,可能是原生食材，但频次、命名或类别证据不足
1913,牛蒡,REVIEW,,,可能是原生食材，但频次、命名或类别证据不足
1914,芒果果肉,REVIEW,,,可能是原生食材，但频次、命名或类别证据不足
1915,沙丁鱼,KEEP,374,沙丁鱼,符合基础原生食材定义
1916,火鸡面,REVIEW,,,可能是原生食材，但频次、命名或类别证据不足
1917,薯条,REVIEW,,,可能是原生食材，但频次、命名或类别证据不足
1918,奶酪糊,DROP,,,烘焙或乳制加工食品
1919,冻干草莓,REVIEW,,,可能是原生食材，但频次、命名或类别证据不足
1920,手指饼,DROP,,,不属于指南允许的基础原生食材类别
1921,草莓果泥,REVIEW,,,可能是原生食材，但频次、命名或类别证据不足
1922,奶盖,DROP,,,不属于指南允许的基础原生食材类别
1923,榛蘑,KEEP,377,榛蘑,符合基础原生食材定义
1924,慕斯层,DROP,,,成品、半成品或加工食品
1925,面包胚,DROP,,,烘焙或乳制加工食品
1926,脱水酸奶,DROP,,,饮料、酒类或乳制品不属于本版核心原生食材
1927,裹粉,DROP,,,不属于指南允许的基础原生食材类别
1928,鸡柳,REVIEW,,,可能是原生食材，但频次、命名或类别证据不足
1929,冰粉,DROP,,,不属于指南允许的基础原生食材类别
1930,甜菜根粉,REVIEW,,,可能是原生食材，但频次、命名或类别证据不足
1931,桃山皮,DROP,,,不属于指南允许的基础原生食材类别
1932,龙眼干,DROP,,,不属于指南允许的基础原生食材类别
1933,蛋糕糊,DROP,,,烘焙或乳制加工食品
1934,发酵,DROP,,,不属于指南允许的基础原生食材类别
1935,大红枣,REVIEW,,,可能是原生食材，但频次、命名或类别证据不足
1936,大芒果,REVIEW,,,可能是原生食材，但频次、命名或类别证据不足
1937,小鸡蛋,REVIEW,,,可能是原生食材，但频次、命名或类别证据不足
1938,虾子,REVIEW,,,可能是原生食材，但频次、命名或类别证据不足
1939,猪腰,REVIEW,,,可能是原生食材，但频次、命名或类别证据不足
1940,云吞,DROP,,,不属于指南允许的基础原生食材类别
1941,猪头肉,REVIEW,,,可能是原生食材，但频次、命名或类别证据不足
1942,面包体,DROP,,,烘焙或乳制加工食品
1943,杏子,REVIEW,,,可能是原生食材，但频次、命名或类别证据不足
1944,小青桔,DROP,,,不属于指南允许的基础原生食材类别
1945,配菜,REVIEW,,,可能是原生食材，但频次、命名或类别证据不足
1946,炸鸡,REVIEW,,,可能是原生食材，但频次、命名或类别证据不足
1947,意式香草,REVIEW,,,可能是原生食材，但频次、命名或类别证据不足
1948,响螺,REVIEW,,,可能是原生食材，但频次、命名或类别证据不足
1949,红枣葡萄干,DROP,,,成品、半成品或加工食品
1950,多少牛肉,DROP,,,数量或单位残留且无法可靠恢复原食材
1951,半甜巧克力,DROP,,,烘焙或乳制加工食品
1952,果脯,DROP,,,成品、半成品或加工食品
1953,大小猪肉,REVIEW,,,可能是原生食材，但频次、命名或类别证据不足
1954,明胶,DROP,,,不属于指南允许的基础原生食材类别
1955,干迷迭香,DROP,,,调味料不进入基础原生食材表
1956,干玉米,REVIEW,,,可能是原生食材，但频次、命名或类别证据不足
1957,巧克力液,DROP,,,烘焙或乳制加工食品
1958,克肉,REVIEW,,,名称过于宽泛或形态含义不明确，禁止猜测映射
1959,咖哩,DROP,,,不属于指南允许的基础原生食材类别
1960,干山楂,DROP,,,不属于指南允许的基础原生食材类别
1961,铁皮石斛,DROP,,,不属于指南允许的基础原生食材类别
1962,猪肉肉,REVIEW,,,可能是原生食材，但频次、命名或类别证据不足
1963,烤肉,REVIEW,,,可能是原生食材，但频次、命名或类别证据不足
1964,打成粉,DROP,,,不属于指南允许的基础原生食材类别
1965,粟米,REVIEW,,,可能是原生食材，但频次、命名或类别证据不足
1966,鸡鸡,REVIEW,,,可能是原生食材，但频次、命名或类别证据不足
1967,混合燕麦,REVIEW,,,可能是原生食材，但频次、命名或类别证据不足
1968,吧葱,REVIEW,,,可能是原生食材，但频次、命名或类别证据不足
1969,多少面,DROP,,,数量或单位残留且无法可靠恢复原食材
1970,克花生,MERGE,16,花生,去除确定的鲜冻/去皮去骨描述
1971,玉米青豆,REVIEW,,,可能是原生食材，但频次、命名或类别证据不足
1972,任意坚果,REVIEW,,,可能是原生食材，但频次、命名或类别证据不足
1973,生杏仁,REVIEW,,,可能是原生食材，但频次、命名或类别证据不足
1974,大蒜姜,REVIEW,,,可能是原生食材，但频次、命名或类别证据不足
1975,丝胡萝卜,REVIEW,,,可能是原生食材，但频次、命名或类别证据不足
1976,玉米青豆胡萝卜,REVIEW,,,可能是原生食材，但频次、命名或类别证据不足
1977,什锦,DROP,,,不属于指南允许的基础原生食材类别
1978,海螺,REVIEW,,,可能是原生食材，但频次、命名或类别证据不足
1979,鸡小腿,REVIEW,,,可能是原生食材，但频次、命名或类别证据不足
1980,花鲢,DROP,,,不属于指南允许的基础原生食材类别
1981,野菜,REVIEW,,,可能是原生食材，但频次、命名或类别证据不足
1982,羊奶酪,DROP,,,烘焙或乳制加工食品
1983,桑叶,DROP,,,不属于指南允许的基础原生食材类别
1984,即溶咖啡粉,DROP,,,饮料、酒类或乳制品不属于本版核心原生食材
1985,蕃茄沙司,DROP,,,成品、半成品或加工食品
1986,清汤,DROP,,,不属于指南允许的基础原生食材类别
1987,蛋饺,REVIEW,,,可能是原生食材，但频次、命名或类别证据不足
1988,锡箔纸,DROP,,,不属于指南允许的基础原生食材类别
1989,抄手皮,DROP,,,不属于指南允许的基础原生食材类别
1990,香芹叶,REVIEW,,,可能是原生食材，但频次、命名或类别证据不足
1991,大小土豆,REVIEW,,,可能是原生食材，但频次、命名或类别证据不足
1992,印度飞饼,DROP,,,不属于指南允许的基础原生食材类别
1993,牛肋排,REVIEW,,,可能是原生食材，但频次、命名或类别证据不足
1994,桂鱼,KEEP,384,桂鱼,符合基础原生食材定义
1995,熟鸡蛋,DROP,,,成品、半成品或加工食品
1996,蛋清鸡蛋,REVIEW,,,可能是原生食材，但频次、命名或类别证据不足
1997,艾草粉,DROP,,,不属于指南允许的基础原生食材类别
1998,白水,DROP,,,不属于指南允许的基础原生食材类别
1999,棵香菜,REVIEW,,,可能是原生食材，但频次、命名或类别证据不足
2000,玫瑰花茶,DROP,,,调味料不进入基础原生食材表
2001,生花生米,REVIEW,,,可能是原生食材，但频次、命名或类别证据不足
2002,玉米碴,REVIEW,,,可能是原生食材，但频次、命名或类别证据不足
2003,红干椒,REVIEW,,,可能是原生食材，但频次、命名或类别证据不足
2004,越南春卷皮,DROP,,,不属于指南允许的基础原生食材类别
2005,干瑶柱,DROP,,,不属于指南允许的基础原生食材类别
2006,芫茜,MERGE,9,香菜,明确别名或规范名统一
2007,枧水,DROP,,,不属于指南允许的基础原生食材类别
2008,鱼柳,REVIEW,,,可能是原生食材，但频次、命名或类别证据不足
2009,帕玛森,DROP,,,不属于指南允许的基础原生食材类别
2010,杂豆,REVIEW,,,可能是原生食材，但频次、命名或类别证据不足
2011,干银耳,REVIEW,,,可能是原生食材，但频次、命名或类别证据不足
2012,泡豇豆,REVIEW,,,可能是原生食材，但频次、命名或类别证据不足
2013,雪耳,DROP,,,不属于指南允许的基础原生食材类别
2014,猪肠衣,REVIEW,,,可能是原生食材，但频次、命名或类别证据不足
2015,大黄米,KEEP,391,大黄米,符合基础原生食材定义
2016,蜜瓜,REVIEW,,,可能是原生食材，但频次、命名或类别证据不足
2017,口味干辣椒,DROP,,,调味料不进入基础原生食材表
2018,膏蟹,REVIEW,,,可能是原生食材，但频次、命名或类别证据不足
2019,胡萝卜渣,REVIEW,,,可能是原生食材，但频次、命名或类别证据不足
2020,开洋,DROP,,,不属于指南允许的基础原生食材类别
2021,鸡肉丸,DROP,,,成品、半成品或加工食品
2022,牡蛎,KEEP,388,牡蛎,符合基础原生食材定义
2023,各类坚果,REVIEW,,,可能是原生食材，但频次、命名或类别证据不足
2024,海鲈鱼,KEEP,387,海鲈鱼,符合基础原生食材定义
2025,作料,DROP,,,不属于指南允许的基础原生食材类别
2026,酸奶发酵菌粉,DROP,,,饮料、酒类或乳制品不属于本版核心原生食材
2027,炸腐竹,DROP,,,豆制品或淀粉制品（严格模式排除）
2028,炒熟白芝麻,DROP,,,工具、包装或操作说明
2029,肉圆,REVIEW,,,可能是原生食材，但频次、命名或类别证据不足
2030,白薯,REVIEW,,,可能是原生食材，但频次、命名或类别证据不足
2031,酵头,DROP,,,不属于指南允许的基础原生食材类别
2032,鱼块,REVIEW,,,名称过于宽泛或形态含义不明确，禁止猜测映射
2033,涮菜,REVIEW,,,可能是原生食材，但频次、命名或类别证据不足
2034,蛤蜊肉,REVIEW,,,可能是原生食材，但频次、命名或类别证据不足
2035,普洱茶,DROP,,,饮料、酒类或乳制品不属于本版核心原生食材
2036,榛子粉,REVIEW,,,可能是原生食材，但频次、命名或类别证据不足
2037,姬松茸,REVIEW,,,可能是原生食材，但频次、命名或类别证据不足
2038,银杏,KEEP,393,银杏,符合基础原生食材定义
2039,戚风一个,DROP,,,数量或单位残留且无法可靠恢复原食材
2040,鱼排,REVIEW,,,名称过于宽泛或形态含义不明确，禁止猜测映射
2041,干白葡萄酒,DROP,,,调味料不进入基础原生食材表
2042,三文鱼骨,REVIEW,,,可能是原生食材，但频次、命名或类别证据不足
2043,红柿子椒,REVIEW,,,可能是原生食材，但频次、命名或类别证据不足
2044,泡海椒,REVIEW,,,可能是原生食材，但频次、命名或类别证据不足
2045,武昌鱼,KEEP,385,武昌鱼,符合基础原生食材定义
2046,元宵,DROP,,,不属于指南允许的基础原生食材类别
2047,米大米,REVIEW,,,可能是原生食材，但频次、命名或类别证据不足
2048,冷米饭,DROP,,,成品、半成品或加工食品
2049,猪心,KEEP,383,猪心,符合基础原生食材定义
2050,胖头鱼,KEEP,389,胖头鱼,符合基础原生食材定义
2051,炒熟黑芝麻,DROP,,,工具、包装或操作说明
2052,猪骨头,REVIEW,,,可能是原生食材，但频次、命名或类别证据不足
2053,玉子豆腐,DROP,,,豆制品或淀粉制品（严格模式排除）
2054,甜豌豆,REVIEW,,,可能是原生食材，但频次、命名或类别证据不足
2055,南瓜南瓜,REVIEW,,,可能是原生食材，但频次、命名或类别证据不足
2056,椰子肉,REVIEW,,,可能是原生食材，但频次、命名或类别证据不足
2057,帕玛森芝士粉,DROP,,,烘焙或乳制加工食品
2058,酱包,DROP,,,不属于指南允许的基础原生食材类别
2059,香草冰激凌,REVIEW,,,可能是原生食材，但频次、命名或类别证据不足
2060,天妇罗粉,DROP,,,不属于指南允许的基础原生食材类别
2061,炖肉包,REVIEW,,,可能是原生食材，但频次、命名或类别证据不足
2062,白贝,REVIEW,,,可能是原生食材，但频次、命名或类别证据不足
2063,干红葡萄酒,DROP,,,调味料不进入基础原生食材表
2064,葱姜蒜香菜,REVIEW,,,可能是原生食材，但频次、命名或类别证据不足
2065,熟核桃仁,DROP,,,成品、半成品或加工食品
2066,斑斓叶,DROP,,,不属于指南允许的基础原生食材类别
2067,黑可可粉,DROP,,,成品、半成品或加工食品
2068,螺丝面,REVIEW,,,可能是原生食材，但频次、命名或类别证据不足
2069,甜不辣,DROP,,,不属于指南允许的基础原生食材类别
2070,乌冬,DROP,,,不属于指南允许的基础原生食材类别
2071,头大蒜,REVIEW,,,可能是原生食材，但频次、命名或类别证据不足
2072,里脊肉丝,REVIEW,,,形态描述存在，但原始食材无法确定
2073,二荆条辣椒,REVIEW,,,可能是原生食材，但频次、命名或类别证据不足
2074,红油辣子,DROP,,,调味料不进入基础原生食材表
2075,萝卜菜,REVIEW,,,可能是原生食材，但频次、命名或类别证据不足
2076,说明,DROP,,,不属于指南允许的基础原生食材类别
2077,红甜椒粉,REVIEW,,,可能是原生食材，但频次、命名或类别证据不足
2078,鸭爪,REVIEW,,,可能是原生食材，但频次、命名或类别证据不足
2079,海蛎子,KEEP,386,海蛎子,符合基础原生食材定义
2080,樱桃酒,DROP,,,调味料不进入基础原生食材表
2081,了面粉,DROP,,,成品、半成品或加工食品
2082,一半牛奶,DROP,,,饮料、酒类或乳制品不属于本版核心原生食材
2083,马苏里奶酪,DROP,,,烘焙或乳制加工食品
2084,大小西红柿,REVIEW,,,可能是原生食材，但频次、命名或类别证据不足
2085,蓝莓酸奶,DROP,,,饮料、酒类或乳制品不属于本版核心原生食材
2086,粗粮饼干,DROP,,,烘焙或乳制加工食品
2087,意式奶油霜,DROP,,,烘焙或乳制加工食品
2088,豆蔻粉,DROP,,,调味料不进入基础原生食材表
2089,鲜薄荷叶,DROP,,,调味料不进入基础原生食材表
2090,鲢鱼,KEEP,390,鲢鱼,符合基础原生食材定义
2091,香菇木耳,REVIEW,,,可能是原生食材，但频次、命名或类别证据不足
2092,眼肉牛排,REVIEW,,,可能是原生食材，但频次、命名或类别证据不足
2093,土茯苓,DROP,,,不属于指南允许的基础原生食材类别
2094,面面粉,DROP,,,成品、半成品或加工食品
2095,枸杞红枣,REVIEW,,,可能是原生食材，但频次、命名或类别证据不足
2096,纳豆菌,REVIEW,,,可能是原生食材，但频次、命名或类别证据不足
2097,人参,DROP,,,不属于指南允许的基础原生食材类别
2098,宣威火腿,DROP,,,加工肉制品
2099,麻辣火锅料,DROP,,,不属于指南允许的基础原生食材类别
2100,豆浆渣,DROP,,,成品、半成品或加工食品
2101,三角奶酪,DROP,,,烘焙或乳制加工食品
2102,各种青菜,REVIEW,,,可能是原生食材，但频次、命名或类别证据不足
2103,牛舌,KEEP,382,牛舌,符合基础原生食材定义
2104,一段,REVIEW,,,形态描述存在，但原始食材无法确定
2105,熟鸡胸肉,DROP,,,成品、半成品或加工食品
2106,鲜草莓,MERGE,43,草莓,去除确定的鲜冻/去皮去骨描述
2107,山核桃仁,REVIEW,,,可能是原生食材，但频次、命名或类别证据不足
2108,燕麦麸,REVIEW,,,可能是原生食材，但频次、命名或类别证据不足
2109,巧克力冰淇淋,DROP,,,烘焙或乳制加工食品
2110,蒜头酥,REVIEW,,,可能是原生食材，但频次、命名或类别证据不足
2111,脆皮,DROP,,,不属于指南允许的基础原生食材类别
2112,洋葱胡萝卜,REVIEW,,,可能是原生食材，但频次、命名或类别证据不足
2113,泡椒泡姜,DROP,,,成品、半成品或加工食品
2114,白巧克力豆,DROP,,,烘焙或乳制加工食品
2115,总量,DROP,,,不属于指南允许的基础原生食材类别
2116,牛肉肠,DROP,,,成品、半成品或加工食品
2117,奶昔,DROP,,,饮料、酒类或乳制品不属于本版核心原生食材
2118,造型,DROP,,,不属于指南允许的基础原生食材类别
2119,小奇福饼干,DROP,,,烘焙或乳制加工食品
2120,金酒,DROP,,,调味料不进入基础原生食材表
2121,吧面粉,DROP,,,成品、半成品或加工食品
2122,记录,DROP,,,不属于指南允许的基础原生食材类别
2123,蛋黄水,REVIEW,,,可能是原生食材，但频次、命名或类别证据不足
2124,甜甜圈,DROP,,,不属于指南允许的基础原生食材类别
2125,拆骨肉,REVIEW,,,可能是原生食材，但频次、命名或类别证据不足
2126,谷物麦片,REVIEW,,,形态描述存在，但原始食材无法确定
2127,饮品,DROP,,,饮料、酒类或乳制品不属于本版核心原生食材
2128,姜末姜,REVIEW,,,可能是原生食材，但频次、命名或类别证据不足
2129,酵素桶,DROP,,,不属于指南允许的基础原生食材类别
2130,克芝麻,MERGE,26,芝麻,去除确定的鲜冻/去皮去骨描述
2131,骨肉相连,REVIEW,,,可能是原生食材，但频次、命名或类别证据不足
2132,摆件,DROP,,,不属于指南允许的基础原生食材类别
2133,饭团,DROP,,,不属于指南允许的基础原生食材类别
2134,淡菜干,REVIEW,,,可能是原生食材，但频次、命名或类别证据不足
2135,煎饼,DROP,,,不属于指南允许的基础原生食材类别
2136,大红袍,DROP,,,不属于指南允许的基础原生食材类别
2137,鱼肠,DROP,,,成品、半成品或加工食品
2138,各种肉类,REVIEW,,,可能是原生食材，但频次、命名或类别证据不足
2139,全麦意面,REVIEW,,,可能是原生食材，但频次、命名或类别证据不足
2140,开心,DROP,,,不属于指南允许的基础原生食材类别
2141,热干面,REVIEW,,,可能是原生食材，但频次、命名或类别证据不足
2142,果汁机,DROP,,,饮料、酒类或乳制品不属于本版核心原生食材
2143,磨粉,DROP,,,不属于指南允许的基础原生食材类别
2144,卡仕达馅,DROP,,,不属于指南允许的基础原生食材类别
2145,肉五花肉,REVIEW,,,可能是原生食材，但频次、命名或类别证据不足
2146,华夫饼,DROP,,,不属于指南允许的基础原生食材类别
2147,克白芝麻,MERGE,36,白芝麻,去除确定的鲜冻/去皮去骨描述
2148,巴黎水,DROP,,,不属于指南允许的基础原生食材类别
2149,茶水,DROP,,,不属于指南允许的基础原生食材类别
2150,各种果干,DROP,,,成品、半成品或加工食品
2151,多少酸奶,DROP,,,饮料、酒类或乳制品不属于本版核心原生食材
2152,鸡蛋挂面,REVIEW,,,可能是原生食材，但频次、命名或类别证据不足
2153,铝箔纸,DROP,,,不属于指南允许的基础原生食材类别
2154,碎碎,REVIEW,,,形态描述存在，但原始食材无法确定
2155,过滤网,DROP,,,不属于指南允许的基础原生食材类别
2156,配件,DROP,,,不属于指南允许的基础原生食材类别
2157,其他调味品,DROP,,,不属于指南允许的基础原生食材类别
2158,烟熏红椒粉,DROP,,,成品、半成品或加工食品
2159,粉混合,DROP,,,不属于指南允许的基础原生食材类别
2160,调整牛奶,DROP,,,饮料、酒类或乳制品不属于本版核心原生食材
2161,器具,DROP,,,不属于指南允许的基础原生食材类别
2162,饼干饼干,DROP,,,烘焙或乳制加工食品
2163,没可不放,DROP,,,不属于指南允许的基础原生食材类别
2164,克葱花,REVIEW,,,可能是原生食材，但频次、命名或类别证据不足
2165,茶茶包,DROP,,,不属于指南允许的基础原生食材类别
2166,程度,DROP,,,不属于指南允许的基础原生食材类别
2167,准水,DROP,,,不属于指南允许的基础原生食材类别
2168,土豆两个,MERGE,12,土豆,修复数量/单位残留
2169,火鸡肉,REVIEW,,,可能是原生食材，但频次、命名或类别证据不足
2170,料理,DROP,,,不属于指南允许的基础原生食材类别
2171,决心,DROP,,,不属于指南允许的基础原生食材类别
2172,大葱段,MERGE,1,葱,去除切片/切块/切丁等形态描述
2173,各红,DROP,,,不属于指南允许的基础原生食材类别
2174,皆可,DROP,,,不属于指南允许的基础原生食材类别
2175,子一个,DROP,,,数量或单位残留且无法可靠恢复原食材
2176,套装,DROP,,,不属于指南允许的基础原生食材类别
2177,纸巾,DROP,,,不属于指南允许的基础原生食材类别
2178,越好,DROP,,,不属于指南允许的基础原生食材类别
2179,小土豆土豆,REVIEW,,,可能是原生食材，但频次、命名或类别证据不足
2180,锅巴,DROP,,,不属于指南允许的基础原生食材类别
2181,川贝粉,DROP,,,调味料不进入基础原生食材表
2182,香菜籽,REVIEW,,,可能是原生食材，但频次、命名或类别证据不足
2183,乌梅,DROP,,,不属于指南允许的基础原生食材类别
2184,雞蛋,REVIEW,,,可能是原生食材，但频次、命名或类别证据不足
2185,羊肠衣,REVIEW,,,可能是原生食材，但频次、命名或类别证据不足
2186,黄花,DROP,,,不属于指南允许的基础原生食材类别
2187,玉米笋,KEEP,392,玉米笋,符合基础原生食材定义
2188,味霖,DROP,,,不属于指南允许的基础原生食材类别
2189,猪皮冻,DROP,,,不属于指南允许的基础原生食材类别
2190,榴莲壳,REVIEW,,,可能是原生食材，但频次、命名或类别证据不足
2191,毛豆仁,REVIEW,,,可能是原生食材，但频次、命名或类别证据不足
2192,凤梨馅,REVIEW,,,可能是原生食材，但频次、命名或类别证据不足
2193,千层皮,DROP,,,不属于指南允许的基础原生食材类别
2194,黑加仑干,DROP,,,不属于指南允许的基础原生食材类别
2195,白虾,REVIEW,,,可能是原生食材，但频次、命名或类别证据不足
2196,热米饭,DROP,,,成品、半成品或加工食品
2197,鲜笋,REVIEW,,,可能是原生食材，但频次、命名或类别证据不足
2198,李子,KEEP,381,李子,符合基础原生食材定义
2199,其他辅料,DROP,,,不属于指南允许的基础原生食材类别
2200,丸子类,DROP,,,成品、半成品或加工食品
2201,葱白大葱,REVIEW,,,可能是原生食材，但频次、命名或类别证据不足
2202,纸托,DROP,,,不属于指南允许的基础原生食材类别
2203,新鲜艾草,DROP,,,不属于指南允许的基础原生食材类别
2204,菠萝皮,DROP,,,不属于指南允许的基础原生食材类别
2205,镜面,REVIEW,,,可能是原生食材，但频次、命名或类别证据不足
2206,奶油草莓,DROP,,,烘焙或乳制加工食品
2207,核桃肉,REVIEW,,,可能是原生食材，但频次、命名或类别证据不足
2208,汤圆粉,DROP,,,不属于指南允许的基础原生食材类别
2209,料理酒,DROP,,,调味料不进入基础原生食材表
2210,中种,DROP,,,不属于指南允许的基础原生食材类别
2211,甘梅粉,DROP,,,不属于指南允许的基础原生食材类别
2212,沙巴鱼,REVIEW,,,可能是原生食材，但频次、命名或类别证据不足
2213,即食海苔,DROP,,,成品、半成品或加工食品
2214,三明治面包,DROP,,,烘焙或乳制加工食品
2215,多少羊肉,DROP,,,数量或单位残留且无法可靠恢复原食材
2216,新鲜玉米,MERGE,13,玉米,去除确定的鲜冻/去皮去骨描述
2217,青豆玉米胡萝卜,REVIEW,,,可能是原生食材，但频次、命名或类别证据不足
2218,炸蒜,REVIEW,,,可能是原生食材，但频次、命名或类别证据不足
2219,黑椒牛肉,DROP,,,调味料不进入基础原生食材表
2220,蒜瓣蒜,REVIEW,,,可能是原生食材，但频次、命名或类别证据不足
2221,低脂芝士,DROP,,,烘焙或乳制加工食品
2222,可可蛋糕,DROP,,,烘焙或乳制加工食品
2223,豌豆玉米,REVIEW,,,可能是原生食材，但频次、命名或类别证据不足
2224,爆米花玉米,REVIEW,,,可能是原生食材，但频次、命名或类别证据不足
2225,快煮燕麦,REVIEW,,,可能是原生食材，但频次、命名或类别证据不足
2226,肥羊,REVIEW,,,可能是原生食材，但频次、命名或类别证据不足
2227,和花生,REVIEW,,,疑似多食材组合，但无法百分之百确认全部组成
2228,各姜,REVIEW,,,可能是原生食材，但频次、命名或类别证据不足
2229,咸蛋,DROP,,,成品、半成品或加工食品
2230,水果胡萝卜,REVIEW,,,可能是原生食材，但频次、命名或类别证据不足
2231,手指胡萝卜,REVIEW,,,可能是原生食材，但频次、命名或类别证据不足
2232,奶酥馅,DROP,,,不属于指南允许的基础原生食材类别
2233,哈尔滨红肠,DROP,,,成品、半成品或加工食品
2234,蒜籽,REVIEW,,,可能是原生食材，但频次、命名或类别证据不足
2235,椰浆粉,DROP,,,饮料、酒类或乳制品不属于本版核心原生食材
2236,干桂圆,DROP,,,不属于指南允许的基础原生食材类别
2237,鸡肉馅,REVIEW,,,可能是原生食材，但频次、命名或类别证据不足
2238,烧仙草粉,DROP,,,不属于指南允许的基础原生食材类别
2239,牛眼肉,REVIEW,,,可能是原生食材，但频次、命名或类别证据不足
2240,笋片,REVIEW,,,形态描述存在，但原始食材无法确定
2241,乌江榨菜,DROP,,,不属于指南允许的基础原生食材类别
2242,安慕希酸奶,DROP,,,饮料、酒类或乳制品不属于本版核心原生食材
2243,鸭架,REVIEW,,,可能是原生食材，但频次、命名或类别证据不足
2244,玉米渣,REVIEW,,,可能是原生食材，但频次、命名或类别证据不足
2245,蟹肉,KEEP,403,蟹肉,符合基础原生食材定义
2246,牛筋,REVIEW,,,可能是原生食材，但频次、命名或类别证据不足
2247,各种菌类,REVIEW,,,可能是原生食材，但频次、命名或类别证据不足
2248,红芸豆,REVIEW,,,可能是原生食材，但频次、命名或类别证据不足
2249,桔子,DROP,,,不属于指南允许的基础原生食材类别
2250,紫糯米,REVIEW,,,可能是原生食材，但频次、命名或类别证据不足
2251,海鱼,REVIEW,,,可能是原生食材，但频次、命名或类别证据不足
2252,红提,DROP,,,不属于指南允许的基础原生食材类别
2253,美味,DROP,,,不属于指南允许的基础原生食材类别
2254,奶油奶酪霜,DROP,,,烘焙或乳制加工食品
2255,熟黑芝麻粉,DROP,,,成品、半成品或加工食品
2256,牛腱肉,REVIEW,,,可能是原生食材，但频次、命名或类别证据不足
2257,黄甜椒,REVIEW,,,可能是原生食材，但频次、命名或类别证据不足
2258,飞饼,DROP,,,不属于指南允许的基础原生食材类别
2259,长条茄子,REVIEW,,,可能是原生食材，但频次、命名或类别证据不足
2260,内脏,DROP,,,不属于指南允许的基础原生食材类别
2261,雪莲子,REVIEW,,,可能是原生食材，但频次、命名或类别证据不足
2262,牛丸,REVIEW,,,可能是原生食材，但频次、命名或类别证据不足
2263,花蟹,REVIEW,,,可能是原生食材，但频次、命名或类别证据不足
2264,上汤,DROP,,,不属于指南允许的基础原生食材类别
2265,柠檬草,REVIEW,,,可能是原生食材，但频次、命名或类别证据不足
2266,意大利香肠,DROP,,,加工肉制品
2267,熟香蕉,DROP,,,成品、半成品或加工食品
2268,台式香肠,DROP,,,加工肉制品
2269,五花,REVIEW,,,可能是原生食材，但频次、命名或类别证据不足
2270,多少牛奶,DROP,,,饮料、酒类或乳制品不属于本版核心原生食材
2271,拉皮,DROP,,,不属于指南允许的基础原生食材类别
2272,多少葱,DROP,,,数量或单位残留且无法可靠恢复原食材
2273,田螺,KEEP,401,田螺,符合基础原生食材定义
2274,提鲜,DROP,,,不属于指南允许的基础原生食材类别
2275,干荷叶,DROP,,,调味料不进入基础原生食材表
2276,九制话梅,DROP,,,不属于指南允许的基础原生食材类别
2277,生米,KEEP,406,生米,符合基础原生食材定义
2278,就够,DROP,,,不属于指南允许的基础原生食材类别
2279,肉臊子,REVIEW,,,可能是原生食材，但频次、命名或类别证据不足
2280,机菜花,REVIEW,,,可能是原生食材，但频次、命名或类别证据不足
2281,鱼滑,DROP,,,成品、半成品或加工食品
2282,牛排骨,REVIEW,,,可能是原生食材，但频次、命名或类别证据不足
2283,干虾,DROP,,,成品、半成品或加工食品
2284,芝心年糕,DROP,,,成品、半成品或加工食品
2285,桔皮,DROP,,,不属于指南允许的基础原生食材类别
2286,青红尖椒,REVIEW,,,可能是原生食材，但频次、命名或类别证据不足
2287,圆模,DROP,,,不属于指南允许的基础原生食材类别
2288,各种干果,DROP,,,不属于指南允许的基础原生食材类别
2289,夏威夷果仁,REVIEW,,,可能是原生食材，但频次、命名或类别证据不足
2290,吐司边,DROP,,,烘焙或乳制加工食品
2291,奶冻,DROP,,,不属于指南允许的基础原生食材类别
2292,浓缩咖啡液,DROP,,,饮料、酒类或乳制品不属于本版核心原生食材
2293,猪肠粉,REVIEW,,,可能是原生食材，但频次、命名或类别证据不足
2294,生白芝麻,REVIEW,,,可能是原生食材，但频次、命名或类别证据不足
2295,鸡琵琶腿,REVIEW,,,可能是原生食材，但频次、命名或类别证据不足
2296,叉子,DROP,,,不属于指南允许的基础原生食材类别
2297,五花猪肉,REVIEW,,,可能是原生食材，但频次、命名或类别证据不足
2298,海胆,DROP,,,不属于指南允许的基础原生食材类别
2299,红葱酥,REVIEW,,,可能是原生食材，但频次、命名或类别证据不足
2300,白芝麻粉,REVIEW,,,可能是原生食材，但频次、命名或类别证据不足
2301,熟燕麦片,DROP,,,成品、半成品或加工食品
2302,胡萝卜胡萝卜,REVIEW,,,可能是原生食材，但频次、命名或类别证据不足
2303,热牛奶,DROP,,,饮料、酒类或乳制品不属于本版核心原生食材
2304,贻贝,KEEP,404,贻贝,符合基础原生食材定义
2305,厚切吐司,DROP,,,烘焙或乳制加工食品
2306,元贝,REVIEW,,,可能是原生食材，但频次、命名或类别证据不足
2307,波士顿龙虾,REVIEW,,,可能是原生食材，但频次、命名或类别证据不足
2308,肠粉,DROP,,,不属于指南允许的基础原生食材类别
2309,巨峰葡萄,REVIEW,,,可能是原生食材，但频次、命名或类别证据不足
2310,炒花生,DROP,,,不属于指南允许的基础原生食材类别
2311,油泼辣椒,REVIEW,,,可能是原生食材，但频次、命名或类别证据不足
2312,低筋小麦粉,REVIEW,,,可能是原生食材，但频次、命名或类别证据不足
2313,高筋小麦粉,REVIEW,,,可能是原生食材，但频次、命名或类别证据不足
2314,烧仙草,DROP,,,不属于指南允许的基础原生食材类别
2315,纯酸奶,DROP,,,饮料、酒类或乳制品不属于本版核心原生食材
2316,美国大杏仁,REVIEW,,,可能是原生食材，但频次、命名或类别证据不足
2317,石斑鱼,KEEP,402,石斑鱼,符合基础原生食材定义
2318,江米,KEEP,405,江米,符合基础原生食材定义
2319,橙皮丁,REVIEW,,,形态描述存在，但原始食材无法确定
2320,紫包菜,REVIEW,,,可能是原生食材，但频次、命名或类别证据不足
2321,芒果芒果,REVIEW,,,可能是原生食材，但频次、命名或类别证据不足
2322,美奶滋,DROP,,,不属于指南允许的基础原生食材类别
2323,不一样,DROP,,,不属于指南允许的基础原生食材类别
2324,全麦饼,REVIEW,,,可能是原生食材，但频次、命名或类别证据不足
2325,糯米圆子,REVIEW,,,可能是原生食材，但频次、命名或类别证据不足
2326,玫瑰花干,DROP,,,调味料不进入基础原生食材表
2327,熟油辣椒,DROP,,,调味料不进入基础原生食材表
2328,熟虾仁,DROP,,,成品、半成品或加工食品
2329,葡萄柚,KEEP,396,葡萄柚,符合基础原生食材定义
2330,面团原料,REVIEW,,,可能是原生食材，但频次、命名或类别证据不足
2331,五香豆干,DROP,,,豆制品或淀粉制品（严格模式排除）
2332,黑麦面粉,DROP,,,成品、半成品或加工食品
2333,咖啡力娇酒,DROP,,,调味料不进入基础原生食材表
2334,炖牛肉,REVIEW,,,可能是原生食材，但频次、命名或类别证据不足
2335,玻璃器皿,DROP,,,不属于指南允许的基础原生食材类别
2336,干米粉,DROP,,,成品、半成品或加工食品
2337,培根火腿,DROP,,,加工肉制品
2338,绿萝卜,REVIEW,,,可能是原生食材，但频次、命名或类别证据不足
2339,发酵剂,DROP,,,不属于指南允许的基础原生食材类别
2340,白菜叶子,REVIEW,,,可能是原生食材，但频次、命名或类别证据不足
2341,干玫瑰花瓣,DROP,,,调味料不进入基础原生食材表
2342,红丝绒,DROP,,,不属于指南允许的基础原生食材类别
2343,白菇,REVIEW,,,可能是原生食材，但频次、命名或类别证据不足
2344,鱼汤,REVIEW,,,可能是原生食材，但频次、命名或类别证据不足
2345,鸡丝,REVIEW,,,形态描述存在，但原始食材无法确定
2346,鲜鱿鱼,MERGE,78,鱿鱼,去除确定的鲜冻/去皮去骨描述
2347,鸭肝,KEEP,399,鸭肝,符合基础原生食材定义
2348,糍粑,DROP,,,不属于指南允许的基础原生食材类别
2349,饼丝,REVIEW,,,形态描述存在，但原始食材无法确定
2350,亲亲肠,DROP,,,成品、半成品或加工食品
2351,广式腊肉,DROP,,,加工肉制品
2352,司康,DROP,,,不属于指南允许的基础原生食材类别
2353,乌骨鸡,REVIEW,,,可能是原生食材，但频次、命名或类别证据不足
2354,猪大排,KEEP,397,猪大排,符合基础原生食材定义
2355,西兰花梗,REVIEW,,,可能是原生食材，但频次、命名或类别证据不足
2356,香白芝麻,REVIEW,,,可能是原生食材，但频次、命名或类别证据不足
2357,蒜蓉辣椒,REVIEW,,,可能是原生食材，但频次、命名或类别证据不足
2358,贡丸,DROP,,,不属于指南允许的基础原生食材类别
2359,橙子皮屑,DROP,,,不属于指南允许的基础原生食材类别
2360,干净容器,DROP,,,工具、包装或操作说明
2361,核桃粉,REVIEW,,,可能是原生食材，但频次、命名或类别证据不足
2362,蔬菜叶,REVIEW,,,可能是原生食材，但频次、命名或类别证据不足
2363,红萝卜丝,REVIEW,,,形态描述存在，但原始食材无法确定
2364,吐司切片,DROP,,,烘焙或乳制加工食品
2365,青甘蓝,REVIEW,,,可能是原生食材，但频次、命名或类别证据不足
2366,任意青菜,REVIEW,,,可能是原生食材，但频次、命名或类别证据不足
2367,椰漿,DROP,,,不属于指南允许的基础原生食材类别
2368,德芙黑巧克力,DROP,,,烘焙或乳制加工食品
2369,蘑菇粉,REVIEW,,,可能是原生食材，但频次、命名或类别证据不足
2370,红菜头,REVIEW,,,可能是原生食材，但频次、命名或类别证据不足
2371,奥尔良烤翅粉,DROP,,,不属于指南允许的基础原生食材类别
2372,谷朊粉,DROP,,,不属于指南允许的基础原生食材类别
2373,虾尾,REVIEW,,,可能是原生食材，但频次、命名或类别证据不足
2374,馒头面粉,DROP,,,成品、半成品或加工食品
2375,粟米粉,DROP,,,成品、半成品或加工食品
2376,白菜白菜,REVIEW,,,可能是原生食材，但频次、命名或类别证据不足
2377,面包小麦粉,DROP,,,烘焙或乳制加工食品
2378,速溶黑咖啡粉,DROP,,,饮料、酒类或乳制品不属于本版核心原生食材
2379,辅助工具,DROP,,,不属于指南允许的基础原生食材类别
2380,生可可粉,DROP,,,成品、半成品或加工食品
2381,泡发,DROP,,,不属于指南允许的基础原生食材类别
2382,麦芯粉,REVIEW,,,可能是原生食材，但频次、命名或类别证据不足
2383,防粘,DROP,,,不属于指南允许的基础原生食材类别
2384,汤骨,DROP,,,不属于指南允许的基础原生食材类别
2385,西红柿西红柿,REVIEW,,,可能是原生食材，但频次、命名或类别证据不足
2386,香葱花,REVIEW,,,可能是原生食材，但频次、命名或类别证据不足
2387,花螺,REVIEW,,,可能是原生食材，但频次、命名或类别证据不足
2388,自选,DROP,,,不属于指南允许的基础原生食材类别
2389,烙饼,REVIEW,,,可能是原生食材，但频次、命名或类别证据不足
2390,豆腐一块,DROP,,,豆制品或淀粉制品（严格模式排除）
2391,饺子面粉,DROP,,,成品、半成品或加工食品
2392,娃娃菜白菜,REVIEW,,,可能是原生食材，但频次、命名或类别证据不足
2393,卤肉包,REVIEW,,,可能是原生食材，但频次、命名或类别证据不足
2394,豆腐鱼,DROP,,,豆制品或淀粉制品（严格模式排除）
2395,玉米叶,REVIEW,,,可能是原生食材，但频次、命名或类别证据不足
2396,肉鸡,KEEP,398,肉鸡,符合基础原生食材定义
2397,大葱葱白,REVIEW,,,可能是原生食材，但频次、命名或类别证据不足
2398,馅心,DROP,,,不属于指南允许的基础原生食材类别
2399,冰袋,DROP,,,不属于指南允许的基础原生食材类别
2400,南美白虾,REVIEW,,,可能是原生食材，但频次、命名或类别证据不足
2401,黑芝麻白芝麻,REVIEW,,,可能是原生食材，但频次、命名或类别证据不足
2402,玉米脆片,REVIEW,,,形态描述存在，但原始食材无法确定
2403,就行牛奶,DROP,,,饮料、酒类或乳制品不属于本版核心原生食材
2404,剩下,DROP,,,不属于指南允许的基础原生食材类别
2405,塑料袋,DROP,,,工具、包装或操作说明
2406,帝王蟹,REVIEW,,,可能是原生食材，但频次、命名或类别证据不足
2407,乌龙茶叶,DROP,,,饮料、酒类或乳制品不属于本版核心原生食材
2408,热爱,DROP,,,不属于指南允许的基础原生食材类别
2409,梅子酒,DROP,,,调味料不进入基础原生食材表
2410,金钱腱,DROP,,,不属于指南允许的基础原生食材类别
2411,干邑,DROP,,,不属于指南允许的基础原生食材类别
2412,橘子罐头,DROP,,,成品、半成品或加工食品
2413,玉米粒豌豆粒,REVIEW,,,可能是原生食材，但频次、命名或类别证据不足
2414,蔓越莓葡萄干,DROP,,,成品、半成品或加工食品
2415,熟鹌鹑蛋,DROP,,,成品、半成品或加工食品
2416,黄芽菜,DROP,,,成品、半成品或加工食品
2417,五花腊肉,DROP,,,加工肉制品
2418,可可戚风,DROP,,,不属于指南允许的基础原生食材类别
2419,小菜,REVIEW,,,可能是原生食材，但频次、命名或类别证据不足
2420,家常菜,REVIEW,,,可能是原生食材，但频次、命名或类别证据不足
2421,阳光,DROP,,,不属于指南允许的基础原生食材类别
2422,浓椰浆,DROP,,,饮料、酒类或乳制品不属于本版核心原生食材
2423,洋葱切丁,REVIEW,,,形态描述存在，但原始食材无法确定
2424,大小胡萝卜,REVIEW,,,可能是原生食材，但频次、命名或类别证据不足
2425,伯爵红茶包,DROP,,,不属于指南允许的基础原生食材类别
2426,皮牙子,DROP,,,不属于指南允许的基础原生食材类别
2427,凉米饭,DROP,,,成品、半成品或加工食品
2428,蒜香粉,REVIEW,,,可能是原生食材，但频次、命名或类别证据不足
2429,水浸金枪鱼,REVIEW,,,可能是原生食材，但频次、命名或类别证据不足
2430,意式混合香料,DROP,,,不属于指南允许的基础原生食材类别
2431,米米饭,DROP,,,成品、半成品或加工食品
2432,戚风配方,DROP,,,不属于指南允许的基础原生食材类别
2433,玻璃密封罐,DROP,,,不属于指南允许的基础原生食材类别
2434,炸花生,DROP,,,不属于指南允许的基础原生食材类别
2435,生活,DROP,,,不属于指南允许的基础原生食材类别
2436,昆布粉,DROP,,,不属于指南允许的基础原生食材类别
2437,水发黑木耳,REVIEW,,,可能是原生食材，但频次、命名或类别证据不足
2438,情况水,DROP,,,不属于指南允许的基础原生食材类别
2439,辣萝卜,REVIEW,,,可能是原生食材，但频次、命名或类别证据不足
2440,色巧克力笔,DROP,,,烘焙或乳制加工食品
2441,臊子,DROP,,,不属于指南允许的基础原生食材类别
2442,鹰嘴豆罐头,DROP,,,成品、半成品或加工食品
2443,青葡萄,REVIEW,,,可能是原生食材，但频次、命名或类别证据不足
2444,杂粮粥,DROP,,,成品、半成品或加工食品
2445,熟鹰嘴豆,DROP,,,成品、半成品或加工食品
2446,炒牛肉,REVIEW,,,可能是原生食材，但频次、命名或类别证据不足
2447,新鲜小米辣,REVIEW,,,可能是原生食材，但频次、命名或类别证据不足
2448,大葱白,REVIEW,,,可能是原生食材，但频次、命名或类别证据不足
2449,焯水,DROP,,,工具、包装或操作说明
2450,什么菜,REVIEW,,,可能是原生食材，但频次、命名或类别证据不足
2451,二选一,DROP,,,不属于指南允许的基础原生食材类别
2452,自己加,DROP,,,不属于指南允许的基础原生食材类别
2453,奶酪慕斯,DROP,,,烘焙或乳制加工食品
2454,多少鸡蛋,DROP,,,数量或单位残留且无法可靠恢复原食材
2455,海鲜类,REVIEW,,,可能是原生食材，但频次、命名或类别证据不足
2456,刺参,DROP,,,不属于指南允许的基础原生食材类别
2457,果粒,DROP,,,不属于指南允许的基础原生食材类别
2458,烘焙巧克力豆,DROP,,,烘焙或乳制加工食品
2459,水果夹心,DROP,,,不属于指南允许的基础原生食材类别
2460,红心萝卜,KEEP,395,红心萝卜,符合基础原生食材定义
2461,超市买,DROP,,,不属于指南允许的基础原生食材类别
2462,锅清水,DROP,,,不属于指南允许的基础原生食材类别
2463,打碎,REVIEW,,,形态描述存在，但原始食材无法确定
2464,脆饼,DROP,,,不属于指南允许的基础原生食材类别
2465,打发,DROP,,,工具、包装或操作说明
2466,啦面粉,DROP,,,成品、半成品或加工食品
2467,入味,DROP,,,不属于指南允许的基础原生食材类别
2468,蛋糕夹层,DROP,,,烘焙或乳制加工食品
2469,巧克力颗粒,DROP,,,烘焙或乳制加工食品
2470,无所谓,DROP,,,不属于指南允许的基础原生食材类别
2471,代餐粉,DROP,,,不属于指南允许的基础原生食材类别
2472,蛋液鸡蛋,REVIEW,,,可能是原生食材，但频次、命名或类别证据不足
2473,比较好,DROP,,,不属于指南允许的基础原生食材类别
2474,饭量米饭,DROP,,,成品、半成品或加工食品
2475,新奥尔良粉,DROP,,,不属于指南允许的基础原生食材类别
2476,奶酪奶酪,DROP,,,烘焙或乳制加工食品
2477,小葱葱花,REVIEW,,,可能是原生食材，但频次、命名或类别证据不足
2478,粉一袋,DROP,,,数量或单位残留且无法可靠恢复原食材
2479,朵黑木耳,REVIEW,,,可能是原生食材，但频次、命名或类别证据不足
2480,多少土豆,DROP,,,数量或单位残留且无法可靠恢复原食材
2481,自己搭配,DROP,,,不属于指南允许的基础原生食材类别
2482,健康,DROP,,,不属于指南允许的基础原生食材类别
2483,儿童奶酪,DROP,,,烘焙或乳制加工食品
2484,碾碎,REVIEW,,,形态描述存在，但原始食材无法确定
2485,饭碗,DROP,,,不属于指南允许的基础原生食材类别
2486,自己爱吃,DROP,,,不属于指南允许的基础原生食材类别
2487,小葱花,REVIEW,,,可能是原生食材，但频次、命名或类别证据不足
2488,那么大姜,REVIEW,,,可能是原生食材，但频次、命名或类别证据不足
2489,什么蔬菜,REVIEW,,,可能是原生食材，但频次、命名或类别证据不足
2490,克高筋面粉,DROP,,,成品、半成品或加工食品
2491,葡萄干坚果,DROP,,,成品、半成品或加工食品
2492,胡萝卜青椒,REVIEW,,,可能是原生食材，但频次、命名或类别证据不足
2493,品种,DROP,,,不属于指南允许的基础原生食材类别
2494,牌子,DROP,,,不属于指南允许的基础原生食材类别
2495,系列,DROP,,,不属于指南允许的基础原生食材类别
2496,馅料配方,DROP,,,不属于指南允许的基础原生食材类别
2497,子量,DROP,,,不属于指南允许的基础原生食材类别
2498,棵青菜,REVIEW,,,可能是原生食材，但频次、命名或类别证据不足
2499,多少水,DROP,,,数量或单位残留且无法可靠恢复原食材
2500,就可以,DROP,,,不属于指南允许的基础原生食材类别
2501,多糯米粉,DROP,,,成品、半成品或加工食品
2502,柠檬汁柠檬,REVIEW,,,可能是原生食材，但频次、命名或类别证据不足
2503,很重要,DROP,,,不属于指南允许的基础原生食材类别
2504,小青柠,DROP,,,不属于指南允许的基础原生食材类别
2505,冷冻,DROP,,,不属于指南允许的基础原生食材类别
2506,齐平水,DROP,,,不属于指南允许的基础原生食材类别
2507,渣渣,DROP,,,不属于指南允许的基础原生食材类别
2508,口味冰淇淋,DROP,,,成品、半成品或加工食品
2509,油代替,DROP,,,不属于指南允许的基础原生食材类别
2510,茶匙肉桂粉,DROP,,,调味料不进入基础原生食材表
2511,味利口酒,DROP,,,调味料不进入基础原生食材表
2512,粉抹茶粉,DROP,,,成品、半成品或加工食品
2513,水煮鸡蛋,REVIEW,,,可能是原生食材，但频次、命名或类别证据不足
2514,低脂,DROP,,,不属于指南允许的基础原生食材类别
2515,鸭蛋黄,KEEP,400,鸭蛋黄,符合基础原生食材定义
2516,青橄榄,DROP,,,不属于指南允许的基础原生食材类别
2517,麦冬,REVIEW,,,可能是原生食材，但频次、命名或类别证据不足
2518,发面,REVIEW,,,可能是原生食材，但频次、命名或类别证据不足
2519,菊花,DROP,,,不属于指南允许的基础原生食材类别
2520,金银花,DROP,,,不属于指南允许的基础原生食材类别
2521,最后,DROP,,,不属于指南允许的基础原生食材类别
2522,椰果,DROP,,,不属于指南允许的基础原生食材类别
2523,椰青水,DROP,,,不属于指南允许的基础原生食材类别
2524,红菇,REVIEW,,,可能是原生食材，但频次、命名或类别证据不足
2525,如图,DROP,,,不属于指南允许的基础原生食材类别
2526,干豆皮,DROP,,,豆制品或淀粉制品（严格模式排除）
2527,玉米须,REVIEW,,,可能是原生食材，但频次、命名或类别证据不足
2528,厚吐司,DROP,,,烘焙或乳制加工食品
2529,鲜银耳,MERGE,107,银耳,去除确定的鲜冻/去皮去骨描述
2530,红蜜豆,DROP,,,成品、半成品或加工食品
2531,龙虾料,REVIEW,,,可能是原生食材，但频次、命名或类别证据不足
2532,小红萝卜,REVIEW,,,可能是原生食材，但频次、命名或类别证据不足
2533,鱼一条,DROP,,,数量或单位残留且无法可靠恢复原食材
2534,披萨饼,DROP,,,成品、半成品或加工食品
2535,柚子果肉,REVIEW,,,可能是原生食材，但频次、命名或类别证据不足
2536,炒面,REVIEW,,,可能是原生食材，但频次、命名或类别证据不足
2537,粉色,DROP,,,不属于指南允许的基础原生食材类别
2538,柠檬蜜,REVIEW,,,可能是原生食材，但频次、命名或类别证据不足
2539,夹层,DROP,,,不属于指南允许的基础原生食材类别
2540,冰激凌球,DROP,,,不属于指南允许的基础原生食材类别
2541,克糯米粉,DROP,,,成品、半成品或加工食品
2542,酸奶酪,DROP,,,烘焙或乳制加工食品
2543,新鲜百合,MERGE,229,百合,去除确定的鲜冻/去皮去骨描述
2544,樱花,DROP,,,不属于指南允许的基础原生食材类别
2545,沙葛,KEEP,394,沙葛,符合基础原生食材定义
2546,君度橙酒,DROP,,,调味料不进入基础原生食材表
2547,粉类,DROP,,,不属于指南允许的基础原生食材类别
2548,面汤,REVIEW,,,可能是原生食材，但频次、命名或类别证据不足
2549,炒料,DROP,,,不属于指南允许的基础原生食材类别
2550,种面,REVIEW,,,可能是原生食材，但频次、命名或类别证据不足
2551,大蒜子,REVIEW,,,可能是原生食材，但频次、命名或类别证据不足
2552,芝士层,DROP,,,烘焙或乳制加工食品
2553,西柚皮,DROP,,,不属于指南允许的基础原生食材类别
2554,麦胚芽,REVIEW,,,可能是原生食材，但频次、命名或类别证据不足
2555,玛德琳,DROP,,,不属于指南允许的基础原生食材类别
2556,燕麦纤维粉,REVIEW,,,可能是原生食材，但频次、命名或类别证据不足
2557,布丁液,DROP,,,成品、半成品或加工食品
2558,儿姜,REVIEW,,,可能是原生食材，但频次、命名或类别证据不足
2559,蛤蜊汤,REVIEW,,,可能是原生食材，但频次、命名或类别证据不足
2560,山芋粉,REVIEW,,,可能是原生食材，但频次、命名或类别证据不足
2561,鲜果,DROP,,,不属于指南允许的基础原生食材类别
2562,酥性饼干,DROP,,,烘焙或乳制加工食品
2563,鲜玉米,MERGE,13,玉米,去除确定的鲜冻/去皮去骨描述
2564,碎花生,DROP,,,不属于指南允许的基础原生食材类别
2565,挂面面,REVIEW,,,可能是原生食材，但频次、命名或类别证据不足
2566,自己口味干辣椒,DROP,,,调味料不进入基础原生食材表
2567,新鲜欧芹,MERGE,62,欧芹,去除确定的鲜冻/去皮去骨描述
2568,蒜葱,REVIEW,,,可能是原生食材，但频次、命名或类别证据不足
2569,大葱葱,REVIEW,,,可能是原生食材，但频次、命名或类别证据不足
2570,一片芝士,DROP,,,烘焙或乳制加工食品
2571,芝士碎,DROP,,,烘焙或乳制加工食品
2572,菜胡萝卜,REVIEW,,,可能是原生食材，但频次、命名或类别证据不足
2573,熟火腿,DROP,,,加工肉制品
2574,桃酥,REVIEW,,,可能是原生食材，但频次、命名或类别证据不足
2575,栀子,DROP,,,不属于指南允许的基础原生食材类别
2576,少量葱,REVIEW,,,可能是原生食材，但频次、命名或类别证据不足
2577,自己食量面,REVIEW,,,可能是原生食材，但频次、命名或类别证据不足
2578,钢切燕麦,REVIEW,,,可能是原生食材，但频次、命名或类别证据不足
2579,油葱,REVIEW,,,可能是原生食材，但频次、命名或类别证据不足
2580,榛果,REVIEW,,,可能是原生食材，但频次、命名或类别证据不足
2581,玉米粒玉米,REVIEW,,,可能是原生食材，但频次、命名或类别证据不足
2582,蒜头姜,REVIEW,,,可能是原生食材，但频次、命名或类别证据不足
2583,碎蒜,REVIEW,,,可能是原生食材，但频次、命名或类别证据不足
2584,白豆腐干,DROP,,,豆制品或淀粉制品（严格模式排除）
2585,白菜帮,REVIEW,,,可能是原生食材，但频次、命名或类别证据不足
2586,少量水,DROP,,,不属于指南允许的基础原生食材类别
2587,鳊鱼,KEEP,424,鳊鱼,符合基础原生食材定义
2588,松花蛋,DROP,,,成品、半成品或加工食品
2589,麦仁,REVIEW,,,可能是原生食材，但频次、命名或类别证据不足
2590,老黄瓜,REVIEW,,,可能是原生食材，但频次、命名或类别证据不足
2591,花豆,KEEP,427,花豆,符合基础原生食材定义
2592,红糟,DROP,,,不属于指南允许的基础原生食材类别
2593,烤麸,KEEP,426,烤麸,符合基础原生食材定义
2594,赤味噌,DROP,,,不属于指南允许的基础原生食材类别
2595,苹果酒,DROP,,,调味料不进入基础原生食材表
2596,比较多,DROP,,,不属于指南允许的基础原生食材类别
2597,薄皮青椒,DROP,,,不属于指南允许的基础原生食材类别
2598,猪小肠,DROP,,,成品、半成品或加工食品
2599,老卤水,DROP,,,不属于指南允许的基础原生食材类别
2600,金鲳鱼,REVIEW,,,可能是原生食材，但频次、命名或类别证据不足
2601,瘦牛肉,REVIEW,,,可能是原生食材，但频次、命名或类别证据不足
2602,雀巢炼奶,DROP,,,饮料、酒类或乳制品不属于本版核心原生食材
2603,酸菜包,DROP,,,成品、半成品或加工食品
2604,毛豆子,REVIEW,,,可能是原生食材，但频次、命名或类别证据不足
2605,熟油海椒,DROP,,,成品、半成品或加工食品
2606,水发香菇,REVIEW,,,可能是原生食材，但频次、命名或类别证据不足
2607,淮山药,REVIEW,,,可能是原生食材，但频次、命名或类别证据不足
2608,竹碳粉,DROP,,,不属于指南允许的基础原生食材类别
2609,香椿芽,KEEP,411,香椿芽,符合基础原生食材定义
2610,桂花干,DROP,,,调味料不进入基础原生食材表
2611,蔬菜包,REVIEW,,,可能是原生食材，但频次、命名或类别证据不足
2612,红枣酸奶,DROP,,,饮料、酒类或乳制品不属于本版核心原生食材
2613,奶牛奶,DROP,,,饮料、酒类或乳制品不属于本版核心原生食材
2614,兔肉,KEEP,414,兔肉,符合基础原生食材定义
2615,温热水,DROP,,,不属于指南允许的基础原生食材类别
2616,扁桃仁粉,REVIEW,,,可能是原生食材，但频次、命名或类别证据不足
2617,牛百叶,KEEP,415,牛百叶,符合基础原生食材定义
2618,牛蹄筋,KEEP,416,牛蹄筋,符合基础原生食材定义
2619,模型,DROP,,,不属于指南允许的基础原生食材类别
2620,甜红椒,REVIEW,,,可能是原生食材，但频次、命名或类别证据不足
2621,红肉火龙果,REVIEW,,,可能是原生食材，但频次、命名或类别证据不足
2622,肉排,REVIEW,,,可能是原生食材，但频次、命名或类别证据不足
2623,提拉米苏,REVIEW,,,可能是原生食材，但频次、命名或类别证据不足
2624,普通中筋面粉,DROP,,,成品、半成品或加工食品
2625,酒渍樱桃,REVIEW,,,可能是原生食材，但频次、命名或类别证据不足
2626,小红尖椒,REVIEW,,,可能是原生食材，但频次、命名或类别证据不足
2627,鱼腩,REVIEW,,,可能是原生食材，但频次、命名或类别证据不足
2628,午餐肉罐头,DROP,,,加工肉制品
2629,凤爪,DROP,,,不属于指南允许的基础原生食材类别
2630,鲜贝,KEEP,423,鲜贝,符合基础原生食材定义
2631,长青椒,REVIEW,,,可能是原生食材，但频次、命名或类别证据不足
2632,煎蛋,REVIEW,,,可能是原生食材，但频次、命名或类别证据不足
2633,茭瓜,REVIEW,,,可能是原生食材，但频次、命名或类别证据不足
2634,安琪甜酒曲,DROP,,,不属于指南允许的基础原生食材类别
2635,黄小米,REVIEW,,,可能是原生食材，但频次、命名或类别证据不足
2636,立顿红茶包,DROP,,,不属于指南允许的基础原生食材类别
2637,南瓜籽仁,REVIEW,,,可能是原生食材，但频次、命名或类别证据不足
2638,三奈,DROP,,,不属于指南允许的基础原生食材类别
2639,金沙奶黄馅,DROP,,,不属于指南允许的基础原生食材类别
2640,糯米面,REVIEW,,,可能是原生食材，但频次、命名或类别证据不足
2641,混沌皮,DROP,,,不属于指南允许的基础原生食材类别
2642,威化饼干,DROP,,,烘焙或乳制加工食品
2643,火龙果粉,REVIEW,,,可能是原生食材，但频次、命名或类别证据不足
2644,鲜柠檬,MERGE,22,柠檬,去除确定的鲜冻/去皮去骨描述
2645,汉堡,DROP,,,成品、半成品或加工食品
2646,鹌鹑,KEEP,418,鹌鹑,符合基础原生食材定义
2647,柚子肉,REVIEW,,,可能是原生食材，但频次、命名或类别证据不足
2648,面粉水,DROP,,,成品、半成品或加工食品
2649,开心果仁,REVIEW,,,可能是原生食材，但频次、命名或类别证据不足
2650,葛粉,DROP,,,不属于指南允许的基础原生食材类别
2651,牛胸肉,REVIEW,,,可能是原生食材，但频次、命名或类别证据不足
2652,酸牛奶,DROP,,,饮料、酒类或乳制品不属于本版核心原生食材
2653,紫米饭,DROP,,,成品、半成品或加工食品
2654,荞麦面粉,DROP,,,成品、半成品或加工食品
2655,脱脂纯牛奶,DROP,,,饮料、酒类或乳制品不属于本版核心原生食材
2656,猪龙骨,REVIEW,,,可能是原生食材，但频次、命名或类别证据不足
2657,生姜水,REVIEW,,,可能是原生食材，但频次、命名或类别证据不足
2658,白肉,REVIEW,,,可能是原生食材，但频次、命名或类别证据不足
2659,青麻椒,DROP,,,调味料不进入基础原生食材表
2660,可口可乐,DROP,,,饮料、酒类或乳制品不属于本版核心原生食材
2661,带皮猪肉,MERGE,4,猪肉,去除确定的鲜冻/去皮去骨描述
2662,蚬子,KEEP,420,蚬子,符合基础原生食材定义
2663,空心菜梗,REVIEW,,,可能是原生食材，但频次、命名或类别证据不足
2664,湖南椒,REVIEW,,,可能是原生食材，但频次、命名或类别证据不足
2665,甜点,DROP,,,不属于指南允许的基础原生食材类别
2666,烤鸭,DROP,,,成品、半成品或加工食品
2667,笋丁,REVIEW,,,形态描述存在，但原始食材无法确定
2668,青芥辣,REVIEW,,,可能是原生食材，但频次、命名或类别证据不足
2669,大饼,DROP,,,不属于指南允许的基础原生食材类别
2670,卤肉料,REVIEW,,,可能是原生食材，但频次、命名或类别证据不足
2671,柠檬酸,REVIEW,,,可能是原生食材，但频次、命名或类别证据不足
2672,甜橙,REVIEW,,,可能是原生食材，但频次、命名或类别证据不足
2673,磨碎,REVIEW,,,形态描述存在，但原始食材无法确定
2674,干贝素,DROP,,,成品、半成品或加工食品
2675,碎米芽菜,DROP,,,成品、半成品或加工食品
2676,魔芋结,REVIEW,,,可能是原生食材，但频次、命名或类别证据不足
2677,红辣椒干,REVIEW,,,可能是原生食材，但频次、命名或类别证据不足
2678,花生米碎,REVIEW,,,形态描述存在，但原始食材无法确定
2679,粉一包,DROP,,,不属于指南允许的基础原生食材类别
2680,一支,DROP,,,不属于指南允许的基础原生食材类别
2681,蒜黄,KEEP,409,蒜黄,符合基础原生食材定义
2682,节大葱,REVIEW,,,可能是原生食材，但频次、命名或类别证据不足
2683,螺旋粉,REVIEW,,,可能是原生食材，但频次、命名或类别证据不足
2684,猪肩肉,REVIEW,,,可能是原生食材，但频次、命名或类别证据不足
2685,苏打汽水,DROP,,,饮料、酒类或乳制品不属于本版核心原生食材
2686,魔芋豆腐,DROP,,,豆制品或淀粉制品（严格模式排除）
2687,快熟麦片,DROP,,,成品、半成品或加工食品
2688,酸豇豆,REVIEW,,,可能是原生食材，但频次、命名或类别证据不足
2689,鸡肉松,DROP,,,加工肉制品
2690,寿司紫菜,REVIEW,,,可能是原生食材，但频次、命名或类别证据不足
2691,速溶黑咖啡,DROP,,,饮料、酒类或乳制品不属于本版核心原生食材
2692,发菜,KEEP,425,发菜,符合基础原生食材定义
2693,卷饼,DROP,,,不属于指南允许的基础原生食材类别
2694,杨桃,KEEP,412,杨桃,符合基础原生食材定义
2695,蟹黄,KEEP,421,蟹黄,符合基础原生食材定义
2696,辛香料,DROP,,,不属于指南允许的基础原生食材类别
2697,电饼铛,DROP,,,不属于指南允许的基础原生食材类别
2698,海底捞麻辣香锅料,DROP,,,不属于指南允许的基础原生食材类别
2699,鸡杂,REVIEW,,,可能是原生食材，但频次、命名或类别证据不足
2700,猪棒骨,REVIEW,,,可能是原生食材，但频次、命名或类别证据不足
2701,罗勒粉,REVIEW,,,可能是原生食材，但频次、命名或类别证据不足
2702,耗儿鱼,REVIEW,,,可能是原生食材，但频次、命名或类别证据不足
2703,精瘦肉,REVIEW,,,可能是原生食材，但频次、命名或类别证据不足
2704,圆菇,REVIEW,,,可能是原生食材，但频次、命名或类别证据不足
2705,蕨菜,KEEP,410,蕨菜,符合基础原生食材定义
2706,葱绿,REVIEW,,,可能是原生食材，但频次、命名或类别证据不足
2707,意式香料,DROP,,,不属于指南允许的基础原生食材类别
2708,生辣椒,REVIEW,,,可能是原生食材，但频次、命名或类别证据不足
2709,蛋挞液,DROP,,,成品、半成品或加工食品
2710,克排骨,MERGE,32,排骨,去除确定的鲜冻/去皮去骨描述
2711,毛豆米,REVIEW,,,可能是原生食材，但频次、命名或类别证据不足
2712,各种海鲜,REVIEW,,,可能是原生食材，但频次、命名或类别证据不足
2713,皮冻,DROP,,,不属于指南允许的基础原生食材类别
2714,一半量,DROP,,,不属于指南允许的基础原生食材类别
2715,乌龙茶包,DROP,,,不属于指南允许的基础原生食材类别
2716,小馄饨皮,DROP,,,成品、半成品或加工食品
2717,水果萝卜,REVIEW,,,可能是原生食材，但频次、命名或类别证据不足
2718,胎菊,DROP,,,不属于指南允许的基础原生食材类别
2719,隔夜冷饭,DROP,,,不属于指南允许的基础原生食材类别
2720,鱼蛋,REVIEW,,,可能是原生食材，但频次、命名或类别证据不足
2721,可可豆,DROP,,,不属于指南允许的基础原生食材类别
2722,奥利奥饼干底,DROP,,,烘焙或乳制加工食品
2723,芝士香肠,DROP,,,加工肉制品
2724,瘦肉馅,REVIEW,,,可能是原生食材，但频次、命名或类别证据不足
2725,墨西哥辣椒,REVIEW,,,可能是原生食材，但频次、命名或类别证据不足
2726,山药豆,REVIEW,,,可能是原生食材，但频次、命名或类别证据不足
2727,免洗紫菜,REVIEW,,,可能是原生食材，但频次、命名或类别证据不足
2728,保温杯,DROP,,,工具、包装或操作说明
2729,棵油菜,REVIEW,,,可能是原生食材，但频次、命名或类别证据不足
2730,兔子,DROP,,,不属于指南允许的基础原生食材类别
2731,花卷,REVIEW,,,可能是原生食材，但频次、命名或类别证据不足
2732,乡村面包,DROP,,,烘焙或乳制加工食品
2733,冰皮预拌粉,DROP,,,不属于指南允许的基础原生食材类别
2734,全麦高筋粉,REVIEW,,,可能是原生食材，但频次、命名或类别证据不足
2735,荞头,DROP,,,不属于指南允许的基础原生食材类别
2736,柠檬汁几滴,REVIEW,,,可能是原生食材，但频次、命名或类别证据不足
2737,日式拉面,REVIEW,,,可能是原生食材，但频次、命名或类别证据不足
2738,猪扒,REVIEW,,,可能是原生食材，但频次、命名或类别证据不足
2739,冰皮粉,DROP,,,不属于指南允许的基础原生食材类别
2740,香菇贡丸,REVIEW,,,可能是原生食材，但频次、命名或类别证据不足
2741,意大利香草,REVIEW,,,可能是原生食材，但频次、命名或类别证据不足
2742,韩式年糕,DROP,,,成品、半成品或加工食品
2743,一枚,DROP,,,不属于指南允许的基础原生食材类别
2744,铁棍淮山,DROP,,,不属于指南允许的基础原生食材类别
2745,四川泡菜,DROP,,,成品、半成品或加工食品
2746,花鲢鱼头,REVIEW,,,可能是原生食材，但频次、命名或类别证据不足
2747,三色糙米,REVIEW,,,可能是原生食材，但频次、命名或类别证据不足
2748,水芹菜,KEEP,407,水芹菜,符合基础原生食材定义
2749,葱花葱,REVIEW,,,可能是原生食材，但频次、命名或类别证据不足
2750,青柠皮屑,DROP,,,不属于指南允许的基础原生食材类别
2751,肥五花肉,REVIEW,,,可能是原生食材，但频次、命名或类别证据不足
2752,海鲜丸子,DROP,,,成品、半成品或加工食品
2753,猪肥肉,KEEP,417,猪肥肉,符合基础原生食材定义
2754,紫米馅,REVIEW,,,可能是原生食材，但频次、命名或类别证据不足
2755,猪肝粉,REVIEW,,,可能是原生食材，但频次、命名或类别证据不足
2756,多少虾,DROP,,,数量或单位残留且无法可靠恢复原食材
2757,对半,DROP,,,不属于指南允许的基础原生食材类别
2758,鸡一只,DROP,,,数量或单位残留且无法可靠恢复原食材
2759,黄牛肉,REVIEW,,,可能是原生食材，但频次、命名或类别证据不足
2760,牡蛎粉,REVIEW,,,可能是原生食材，但频次、命名或类别证据不足
2761,猪肉肠,DROP,,,成品、半成品或加工食品
2762,即食紫菜,DROP,,,成品、半成品或加工食品
2763,鱼松,REVIEW,,,可能是原生食材，但频次、命名或类别证据不足
2764,三文鱼松,REVIEW,,,可能是原生食材，但频次、命名或类别证据不足
2765,泡发黑木耳,REVIEW,,,可能是原生食材，但频次、命名或类别证据不足
2766,洋葱圈,REVIEW,,,可能是原生食材，但频次、命名或类别证据不足
2767,牛肉饼,REVIEW,,,可能是原生食材，但频次、命名或类别证据不足
2768,羊肉馅,REVIEW,,,可能是原生食材，但频次、命名或类别证据不足
2769,提味,DROP,,,不属于指南允许的基础原生食材类别
2770,蔬菜蔬菜,REVIEW,,,可能是原生食材，但频次、命名或类别证据不足
2771,腱子肉,REVIEW,,,可能是原生食材，但频次、命名或类别证据不足
2772,美式培根,DROP,,,加工肉制品
2773,炸鸡料,REVIEW,,,可能是原生食材，但频次、命名或类别证据不足
2774,咸猪肉,REVIEW,,,可能是原生食材，但频次、命名或类别证据不足
2775,水果沙拉,DROP,,,成品、半成品或加工食品
2776,大胡萝卜,REVIEW,,,可能是原生食材，但频次、命名或类别证据不足
2777,红丝绒精华液,DROP,,,不属于指南允许的基础原生食材类别
2778,瘦肉末,REVIEW,,,形态描述存在，但原始食材无法确定
2779,洋车前子粉,DROP,,,不属于指南允许的基础原生食材类别
2780,肉皮冻,DROP,,,不属于指南允许的基础原生食材类别
2781,香炸粉,DROP,,,不属于指南允许的基础原生食材类别
2782,洋蔥,DROP,,,不属于指南允许的基础原生食材类别
2783,猪尾巴,REVIEW,,,可能是原生食材，但频次、命名或类别证据不足
2784,草莓冻干,REVIEW,,,可能是原生食材，但频次、命名或类别证据不足
2785,烧烤干料,DROP,,,不属于指南允许的基础原生食材类别
2786,月饼,DROP,,,成品、半成品或加工食品
2787,水果切块,REVIEW,,,形态描述存在，但原始食材无法确定
2788,剩饭米饭,DROP,,,成品、半成品或加工食品
2789,芭蕉叶,DROP,,,不属于指南允许的基础原生食材类别
2790,五香面,REVIEW,,,可能是原生食材，但频次、命名或类别证据不足
2791,元肉,REVIEW,,,可能是原生食材，但频次、命名或类别证据不足
2792,赤豆,REVIEW,,,可能是原生食材，但频次、命名或类别证据不足
2793,鸡肉丸子,DROP,,,成品、半成品或加工食品
2794,海瓜子,REVIEW,,,可能是原生食材，但频次、命名或类别证据不足
2795,朵蘑菇,REVIEW,,,可能是原生食材，但频次、命名或类别证据不足
2796,杂粮面粉,DROP,,,成品、半成品或加工食品
2797,棵菠菜,REVIEW,,,可能是原生食材，但频次、命名或类别证据不足
2798,黄瓜胡萝卜,REVIEW,,,可能是原生食材，但频次、命名或类别证据不足
2799,烘焙油纸,DROP,,,工具、包装或操作说明
2800,银鱼粉,REVIEW,,,可能是原生食材，但频次、命名或类别证据不足
2801,甘蔗,DROP,,,不属于指南允许的基础原生食材类别
2802,萨拉米香肠,DROP,,,加工肉制品
2803,嫩牛肉,REVIEW,,,可能是原生食材，但频次、命名或类别证据不足
2804,黄色彩椒,REVIEW,,,可能是原生食材，但频次、命名或类别证据不足
2805,清油火锅料,DROP,,,不属于指南允许的基础原生食材类别
2806,葱蒜姜,REVIEW,,,可能是原生食材，但频次、命名或类别证据不足
2807,面粉鸡蛋,DROP,,,成品、半成品或加工食品
2808,油都可,DROP,,,不属于指南允许的基础原生食材类别
2809,奶油乳酪,DROP,,,烘焙或乳制加工食品
2810,薏仁米,KEEP,428,薏仁米,符合基础原生食材定义
2811,上肉,REVIEW,,,可能是原生食材，但频次、命名或类别证据不足
2812,大土豆,REVIEW,,,可能是原生食材，但频次、命名或类别证据不足
2813,朗姆,DROP,,,不属于指南允许的基础原生食材类别
2814,炒熟,DROP,,,工具、包装或操作说明
2815,樱桃干,REVIEW,,,可能是原生食材，但频次、命名或类别证据不足
2816,巧克力脆珠,DROP,,,烘焙或乳制加工食品
2817,熟腰果,DROP,,,成品、半成品或加工食品
2818,寿司米,REVIEW,,,可能是原生食材，但频次、命名或类别证据不足
2819,勇气,DROP,,,不属于指南允许的基础原生食材类别
2820,梗米,REVIEW,,,可能是原生食材，但频次、命名或类别证据不足
2821,冻芝士,DROP,,,烘焙或乳制加工食品
2822,肠粉粉,DROP,,,不属于指南允许的基础原生食材类别
2823,藿香,DROP,,,不属于指南允许的基础原生食材类别
2824,猪扇骨,REVIEW,,,可能是原生食材，但频次、命名或类别证据不足
2825,牛奶吐司,DROP,,,烘焙或乳制加工食品
2826,虾仁虾仁,REVIEW,,,可能是原生食材，但频次、命名或类别证据不足
2827,慕斯」,DROP,,,成品、半成品或加工食品
2828,仙草,DROP,,,不属于指南允许的基础原生食材类别
2829,豆沙霜,DROP,,,成品、半成品或加工食品
2830,鸭梨,KEEP,413,鸭梨,符合基础原生食材定义
2831,人量,DROP,,,不属于指南允许的基础原生食材类别
2832,干香料,DROP,,,不属于指南允许的基础原生食材类别
2833,刷面包表面,DROP,,,工具、包装或操作说明
2834,旺仔小馒头,DROP,,,成品、半成品或加工食品
2835,腊鸭,REVIEW,,,可能是原生食材，但频次、命名或类别证据不足
2836,大盆,DROP,,,不属于指南允许的基础原生食材类别
2837,比例水,DROP,,,不属于指南允许的基础原生食材类别
2838,鱼板,REVIEW,,,可能是原生食材，但频次、命名或类别证据不足
2839,各类丸子,DROP,,,成品、半成品或加工食品
2840,松饼预拌粉,DROP,,,不属于指南允许的基础原生食材类别
2841,黄色,DROP,,,不属于指南允许的基础原生食材类别
2842,芝士芝士,DROP,,,烘焙或乳制加工食品
2843,白吉馍,DROP,,,不属于指南允许的基础原生食材类别
2844,奶油抹面,DROP,,,烘焙或乳制加工食品
2845,干碟,DROP,,,不属于指南允许的基础原生食材类别
2846,薯类,REVIEW,,,可能是原生食材，但频次、命名或类别证据不足
2847,风味酸奶,DROP,,,饮料、酒类或乳制品不属于本版核心原生食材
2848,易拉罐啤酒,DROP,,,调味料不进入基础原生食材表
2849,海绵蛋糕层,DROP,,,烘焙或乳制加工食品
2850,口味小米椒,REVIEW,,,可能是原生食材，但频次、命名或类别证据不足
2851,创意,DROP,,,不属于指南允许的基础原生食材类别
2852,各青,DROP,,,不属于指南允许的基础原生食材类别
2853,干货,DROP,,,不属于指南允许的基础原生食材类别
2854,普罗旺斯香料,DROP,,,不属于指南允许的基础原生食材类别
2855,油浸番茄干,REVIEW,,,可能是原生食材，但频次、命名或类别证据不足
2856,玻璃碗,DROP,,,不属于指南允许的基础原生食材类别
2857,奶油蛋糕,DROP,,,烘焙或乳制加工食品
2858,奶油层,DROP,,,烘焙或乳制加工食品
2859,麻辣锅底,DROP,,,不属于指南允许的基础原生食材类别
2860,吧猪肉,REVIEW,,,可能是原生食材，但频次、命名或类别证据不足
2861,洋葱切碎,DROP,,,工具、包装或操作说明
2862,大蒜大蒜,REVIEW,,,可能是原生食材，但频次、命名或类别证据不足
2863,面团食材,REVIEW,,,可能是原生食材，但频次、命名或类别证据不足
2864,火腿午餐肉,DROP,,,加工肉制品
2865,长大葱,REVIEW,,,可能是原生食材，但频次、命名或类别证据不足
2866,大萝卜,REVIEW,,,可能是原生食材，但频次、命名或类别证据不足
2867,复合香料,DROP,,,不属于指南允许的基础原生食材类别
2868,茄子茄子,REVIEW,,,可能是原生食材，但频次、命名或类别证据不足
2869,香料碎,REVIEW,,,形态描述存在，但原始食材无法确定
2870,爱吃蔬菜,REVIEW,,,可能是原生食材，但频次、命名或类别证据不足
2871,新鲜桂花,DROP,,,调味料不进入基础原生食材表
2872,蛋糕一个,DROP,,,烘焙或乳制加工食品
2873,玩具,DROP,,,不属于指南允许的基础原生食材类别
2874,萝卜缨,KEEP,408,萝卜缨,符合基础原生食材定义
2875,手打牛肉丸,DROP,,,成品、半成品或加工食品
2876,肘子肉,REVIEW,,,可能是原生食材，但频次、命名或类别证据不足
2877,烧鸭,REVIEW,,,可能是原生食材，但频次、命名或类别证据不足
2878,酸奶慕斯,DROP,,,成品、半成品或加工食品
2879,烟熏培根,DROP,,,加工肉制品
2880,冰砖,DROP,,,不属于指南允许的基础原生食材类别
2881,粉包,DROP,,,不属于指南允许的基础原生食材类别
2882,利甜酒,DROP,,,调味料不进入基础原生食材表
2883,小面包,DROP,,,烘焙或乳制加工食品
2884,热情,DROP,,,不属于指南允许的基础原生食材类别
2885,香葱香菜,REVIEW,,,可能是原生食材，但频次、命名或类别证据不足
2886,松露巧克力,DROP,,,烘焙或乳制加工食品
2887,小黄鱼,REVIEW,,,可能是原生食材，但频次、命名或类别证据不足
2888,来面粉,DROP,,,成品、半成品或加工食品
2889,牛肉干,DROP,,,加工肉制品
2890,草莓味酸奶,DROP,,,饮料、酒类或乳制品不属于本版核心原生食材
2891,器皿,DROP,,,不属于指南允许的基础原生食材类别
2892,番茄番茄,REVIEW,,,可能是原生食材，但频次、命名或类别证据不足
2893,玫瑰水,DROP,,,调味料不进入基础原生食材表
2894,鸡蛋水,REVIEW,,,可能是原生食材，但频次、命名或类别证据不足
2895,油炸粉,DROP,,,成品、半成品或加工食品
2896,多少金针菇,DROP,,,数量或单位残留且无法可靠恢复原食材
2897,巧克力海绵蛋糕,DROP,,,烘焙或乳制加工食品
2898,日本酒,DROP,,,调味料不进入基础原生食材表
2899,芝士蛋糕层,DROP,,,烘焙或乳制加工食品
2900,伴侣,DROP,,,不属于指南允许的基础原生食材类别
2901,红九九,DROP,,,不属于指南允许的基础原生食材类别
2902,味桃山皮,DROP,,,不属于指南允许的基础原生食材类别
2903,汤水,DROP,,,不属于指南允许的基础原生食材类别
2904,水晶汤圆,DROP,,,不属于指南允许的基础原生食材类别
2905,味巧克力,DROP,,,烘焙或乳制加工食品
2906,涂层,DROP,,,不属于指南允许的基础原生食材类别
2907,排骨排骨,REVIEW,,,可能是原生食材，但频次、命名或类别证据不足
2908,粉丝粉丝,DROP,,,豆制品或淀粉制品（严格模式排除）
2909,人数面粉,DROP,,,成品、半成品或加工食品
2910,面条面条,DROP,,,成品、半成品或加工食品
2911,克羊肉,MERGE,58,羊肉,去除确定的鲜冻/去皮去骨描述
2912,冰激凌粉,DROP,,,不属于指南允许的基础原生食材类别
2913,海苔拌饭料,DROP,,,成品、半成品或加工食品
2914,適量,DROP,,,不属于指南允许的基础原生食材类别
2915,大芋头,REVIEW,,,可能是原生食材，但频次、命名或类别证据不足
2916,小银鱼,REVIEW,,,可能是原生食材，但频次、命名或类别证据不足
2917,介绍,DROP,,,不属于指南允许的基础原生食材类别
2918,融化,DROP,,,不属于指南允许的基础原生食材类别
2919,牛骨汤,REVIEW,,,可能是原生食材，但频次、命名或类别证据不足
2920,巧克力曲奇,DROP,,,烘焙或乳制加工食品
2921,东东,DROP,,,不属于指南允许的基础原生食材类别
2922,多少就多少,DROP,,,数量或单位残留且无法可靠恢复原食材
2923,辣干辣椒,DROP,,,调味料不进入基础原生食材表
2924,肥瘦相间,DROP,,,不属于指南允许的基础原生食材类别
2925,新鲜豌豆,MERGE,60,豌豆,去除确定的鲜冻/去皮去骨描述
2926,长铁棍山药,REVIEW,,,可能是原生食材，但频次、命名或类别证据不足
2927,多少克面粉,DROP,,,成品、半成品或加工食品
2928,克葡萄干,DROP,,,成品、半成品或加工食品
2929,辣椒辣椒,REVIEW,,,可能是原生食材，但频次、命名或类别证据不足
2930,米饭一小碗,DROP,,,成品、半成品或加工食品
2931,粉各,DROP,,,不属于指南允许的基础原生食材类别
2932,川味香肠,DROP,,,加工肉制品
2933,数量,DROP,,,不属于指南允许的基础原生食材类别
2934,省略,DROP,,,不属于指南允许的基础原生食材类别
2935,高水,DROP,,,不属于指南允许的基础原生食材类别
2936,辣椒籽,REVIEW,,,可能是原生食材，但频次、命名或类别证据不足
2937,小蘑菇,REVIEW,,,可能是原生食材，但频次、命名或类别证据不足
2938,儿五花肉,REVIEW,,,可能是原生食材，但频次、命名或类别证据不足
2939,新鲜食材,DROP,,,不属于指南允许的基础原生食材类别
2940,小萝卜,REVIEW,,,可能是原生食材，但频次、命名或类别证据不足
2941,和芝麻,REVIEW,,,疑似多食材组合，但无法百分之百确认全部组成
2942,小花,DROP,,,不属于指南允许的基础原生食材类别
2943,大番茄,REVIEW,,,可能是原生食材，但频次、命名或类别证据不足
2944,宜水,DROP,,,不属于指南允许的基础原生食材类别
2945,越多越好,DROP,,,不属于指南允许的基础原生食材类别
2946,大小红薯,REVIEW,,,可能是原生食材，但频次、命名或类别证据不足
2947,肉肥瘦相间,REVIEW,,,可能是原生食材，但频次、命名或类别证据不足
2948,机器,DROP,,,工具、包装或操作说明
2949,套餐,DROP,,,不属于指南允许的基础原生食材类别
2950,水纯净水,DROP,,,不属于指南允许的基础原生食材类别
2951,长一段葱,REVIEW,,,可能是原生食材，但频次、命名或类别证据不足
2952,容量,DROP,,,不属于指南允许的基础原生食材类别
2953,型意大利面,DROP,,,成品、半成品或加工食品
2954,大小南瓜,REVIEW,,,可能是原生食材，但频次、命名或类别证据不足
2955,巧克力豆豆,DROP,,,烘焙或乳制加工食品
2956,更好吃,DROP,,,不属于指南允许的基础原生食材类别
2957,多少排骨,DROP,,,数量或单位残留且无法可靠恢复原食材
2958,碎奥利奥饼干,DROP,,,烘焙或乳制加工食品
2959,软奶酪,DROP,,,烘焙或乳制加工食品
2960,自行搭配,DROP,,,不属于指南允许的基础原生食材类别
2961,奶油」,DROP,,,烘焙或乳制加工食品
2962,新鲜生蚝,MERGE,244,生蚝,去除确定的鲜冻/去皮去骨描述
2963,克面包糠,DROP,,,烘焙或乳制加工食品
2964,多少大米,DROP,,,数量或单位残留且无法可靠恢复原食材
2965,泡发银耳,MERGE,107,银耳,去除确定的鲜冻/去皮去骨描述
2966,大喜大牛肉粉,REVIEW,,,可能是原生食材，但频次、命名或类别证据不足
2967,绿色菜,REVIEW,,,可能是原生食材，但频次、命名或类别证据不足
2968,各半,DROP,,,不属于指南允许的基础原生食材类别
2969,炒熟糯米粉,DROP,,,工具、包装或操作说明
2970,新鲜莲子,MERGE,122,莲子,去除确定的鲜冻/去皮去骨描述
2971,就多放点,DROP,,,不属于指南允许的基础原生食材类别
2972,所食材,DROP,,,不属于指南允许的基础原生食材类别
2973,自由搭配,DROP,,,不属于指南允许的基础原生食材类别
2974,带皮,DROP,,,不属于指南允许的基础原生食材类别
2975,大小鸡蛋,REVIEW,,,可能是原生食材，但频次、命名或类别证据不足
2976,速冻,DROP,,,不属于指南允许的基础原生食材类别
2977,即食,DROP,,,成品、半成品或加工食品
2978,泥鳅,KEEP,419,泥鳅,符合基础原生食材定义
2979,白味噌,DROP,,,不属于指南允许的基础原生食材类别
2980,熟咸蛋黄,DROP,,,成品、半成品或加工食品
2981,吞拿鱼,REVIEW,,,可能是原生食材，但频次、命名或类别证据不足
2982,白豆腐,DROP,,,豆制品或淀粉制品（严格模式排除）
2983,练奶,DROP,,,饮料、酒类或乳制品不属于本版核心原生食材
2984,炸鸡裹粉,REVIEW,,,可能是原生食材，但频次、命名或类别证据不足
2985,芋泥馅,REVIEW,,,可能是原生食材，但频次、命名或类别证据不足
2986,黄骨鱼,REVIEW,,,可能是原生食材，但频次、命名或类别证据不足
2987,流心馅,DROP,,,不属于指南允许的基础原生食材类别
2988,意式蛋白霜,DROP,,,成品、半成品或加工食品
2989,黑虎虾仁,REVIEW,,,可能是原生食材，但频次、命名或类别证据不足
2990,手枪腿,DROP,,,不属于指南允许的基础原生食材类别
2991,芝士馅,DROP,,,烘焙或乳制加工食品
2992,青蟹,KEEP,422,青蟹,符合基础原生食材定义
2993,牛肉丸子,DROP,,,成品、半成品或加工食品
2994,克牛肉,MERGE,8,牛肉,去除确定的鲜冻/去皮去骨描述
2995,榴莲馅,REVIEW,,,可能是原生食材，但频次、命名或类别证据不足
2996,牛腿肉,REVIEW,,,可能是原生食材，但频次、命名或类别证据不足
2997,烧麦皮,DROP,,,不属于指南允许的基础原生食材类别
2998,克黑芝麻,MERGE,35,黑芝麻,去除确定的鲜冻/去皮去骨描述
2999,黄辣椒,REVIEW,,,可能是原生食材，但频次、命名或类别证据不足
3000,牛肩肉,REVIEW,,,可能是原生食材，但频次、命名或类别证据不足
3001,冻虾仁,REVIEW,,,可能是原生食材，但频次、命名或类别证据不足
3002,一个洋葱,MERGE,5,洋葱,修复数量/单位残留
3003,鹰嘴豆粉,REVIEW,,,可能是原生食材，但频次、命名或类别证据不足
3004,不锈钢盆,DROP,,,不属于指南允许的基础原生食材类别
3005,沙茶粉,DROP,,,不属于指南允许的基础原生食材类别
3006,直径,DROP,,,不属于指南允许的基础原生食材类别
3007,食材量,DROP,,,不属于指南允许的基础原生食材类别
3008,油酥皮,DROP,,,不属于指南允许的基础原生食材类别
3009,白莲子,REVIEW,,,可能是原生食材，但频次、命名或类别证据不足
3010,布丁层,DROP,,,成品、半成品或加工食品
3011,芦苇叶,DROP,,,不属于指南允许的基础原生食材类别
3012,食材,DROP,,,不属于指南允许的基础原生食材类别
3013,浓汤,DROP,,,不属于指南允许的基础原生食材类别
3014,干姜,REVIEW,,,可能是原生食材，但频次、命名或类别证据不足
3015,碎姜,REVIEW,,,可能是原生食材，但频次、命名或类别证据不足
3016,薄片姜,REVIEW,,,可能是原生食材，但频次、命名或类别证据不足
3017,生面,REVIEW,,,可能是原生食材，但频次、命名或类别证据不足
3018,少胡萝卜,REVIEW,,,可能是原生食材，但频次、命名或类别证据不足
3019,爆米花,REVIEW,,,可能是原生食材，但频次、命名或类别证据不足
3020,蔬菜面,REVIEW,,,可能是原生食材，但频次、命名或类别证据不足
3021,熟红薯,DROP,,,成品、半成品或加工食品
3022,去腥姜,REVIEW,,,可能是原生食材，但频次、命名或类别证据不足
3023,威化饼,DROP,,,不属于指南允许的基础原生食材类别
3024,那么多姜,REVIEW,,,可能是原生食材，但频次、命名或类别证据不足
3025,桂格燕麦,REVIEW,,,可能是原生食材，但频次、命名或类别证据不足
3026,儿葱,REVIEW,,,可能是原生食材，但频次、命名或类别证据不足
3027,爆米花专玉米,REVIEW,,,可能是原生食材，但频次、命名或类别证据不足
3028,冬阴功汤,DROP,,,不属于指南允许的基础原生食材类别
3029,多点葱,REVIEW,,,可能是原生食材，但频次、命名或类别证据不足
3030,蒜蓉姜,REVIEW,,,可能是原生食材，但频次、命名或类别证据不足
3031,阿胶,DROP,,,不属于指南允许的基础原生食材类别
3032,海蜇,DROP,,,不属于指南允许的基础原生食材类别
3033,混合芝士,DROP,,,烘焙或乳制加工食品
3034,维生素,DROP,,,不属于指南允许的基础原生食材类别
3035,豌豆玉米胡萝卜,REVIEW,,,可能是原生食材，但频次、命名或类别证据不足
3036,传统燕麦,REVIEW,,,可能是原生食材，但频次、命名或类别证据不足
3037,牛羊肉,REVIEW,,,可能是原生食材，但频次、命名或类别证据不足
3038,玉米粒青豆,REVIEW,,,可能是原生食材，但频次、命名或类别证据不足
3039,多少蒜,DROP,,,数量或单位残留且无法可靠恢复原食材
3040,红枣去核,REVIEW,,,可能是原生食材，但频次、命名或类别证据不足
3041,魔芋米,REVIEW,,,可能是原生食材，但频次、命名或类别证据不足
3042,青豌豆,REVIEW,,,可能是原生食材，但频次、命名或类别证据不足
3043,素火腿,DROP,,,加工肉制品
3044,雪花面粉,DROP,,,成品、半成品或加工食品
3045,青苹果,REVIEW,,,可能是原生食材，但频次、命名或类别证据不足
3046,蛋黄肉松馅,DROP,,,加工肉制品
3047,干朝天椒,REVIEW,,,可能是原生食材，但频次、命名或类别证据不足
3048,便当盒,DROP,,,不属于指南允许的基础原生食材类别
3049,福建老酒,DROP,,,调味料不进入基础原生食材表
3050,瘦肉丝,REVIEW,,,形态描述存在，但原始食材无法确定
3051,辣椒壳,REVIEW,,,可能是原生食材，但频次、命名或类别证据不足
3052,想吃菜,REVIEW,,,可能是原生食材，但频次、命名或类别证据不足
3053,酸奶粉,DROP,,,烘焙或乳制加工食品
3054,可可液块,REVIEW,,,形态描述存在，但原始食材无法确定
3055,海蛎干,REVIEW,,,可能是原生食材，但频次、命名或类别证据不足
3056,精肉,REVIEW,,,可能是原生食材，但频次、命名或类别证据不足
3057,红虾,REVIEW,,,可能是原生食材，但频次、命名或类别证据不足
3058,米辣椒,REVIEW,,,可能是原生食材，但频次、命名或类别证据不足
3059,生腰果,REVIEW,,,可能是原生食材，但频次、命名或类别证据不足
3060,其他佐料,DROP,,,不属于指南允许的基础原生食材类别
3061,鲜鱼,REVIEW,,,可能是原生食材，但频次、命名或类别证据不足
3062,大小番茄,REVIEW,,,可能是原生食材，但频次、命名或类别证据不足
3063,杏仁精,REVIEW,,,可能是原生食材，但频次、命名或类别证据不足
3064,猪肉里脊,REVIEW,,,可能是原生食材，但频次、命名或类别证据不足
3065,冰皮月饼预拌粉,DROP,,,成品、半成品或加工食品
3066,克马苏里拉,DROP,,,不属于指南允许的基础原生食材类别
3067,中筋麵粉,DROP,,,不属于指南允许的基础原生食材类别
3068,节新鲜莲藕,REVIEW,,,可能是原生食材，但频次、命名或类别证据不足
3069,泰国糯米,REVIEW,,,可能是原生食材，但频次、命名或类别证据不足
3070,坚果和果干,DROP,,,成品、半成品或加工食品
3071,小虾,REVIEW,,,可能是原生食材，但频次、命名或类别证据不足
3072,截葱,REVIEW,,,可能是原生食材，但频次、命名或类别证据不足
3073,仔排,DROP,,,不属于指南允许的基础原生食材类别
3074,豌豆苗,KEEP,433,豌豆苗,符合基础原生食材定义
3075,猪梅肉,REVIEW,,,可能是原生食材，但频次、命名或类别证据不足
3076,美好心情,DROP,,,不属于指南允许的基础原生食材类别
3077,九江双蒸酒,DROP,,,调味料不进入基础原生食材表
3078,青花鱼,REVIEW,,,可能是原生食材，但频次、命名或类别证据不足
3079,可自行调整,DROP,,,不属于指南允许的基础原生食材类别
3080,蜂蜡,DROP,,,不属于指南允许的基础原生食材类别
3081,墨西哥卷饼,DROP,,,不属于指南允许的基础原生食材类别
3082,白扁豆,REVIEW,,,可能是原生食材，但频次、命名或类别证据不足
3083,玉米饼,REVIEW,,,可能是原生食材，但频次、命名或类别证据不足
3084,蒿子杆,DROP,,,不属于指南允许的基础原生食材类别
3085,鸡里脊,REVIEW,,,可能是原生食材，但频次、命名或类别证据不足
3086,刷子,DROP,,,工具、包装或操作说明
3087,茶干,DROP,,,不属于指南允许的基础原生食材类别
3088,手机,DROP,,,不属于指南允许的基础原生食材类别
3089,小龙虾料,REVIEW,,,可能是原生食材，但频次、命名或类别证据不足
3090,朵鲜香菇,MERGE,23,香菇,去除确定的鲜冻/去皮去骨描述
3091,小丸子,DROP,,,成品、半成品或加工食品
3092,碎冰,DROP,,,不属于指南允许的基础原生食材类别
3093,纯黑巧克力,DROP,,,烘焙或乳制加工食品
3094,熟花生仁,DROP,,,成品、半成品或加工食品
3095,全蛋蛋液,REVIEW,,,可能是原生食材，但频次、命名或类别证据不足
3096,紫茄子,REVIEW,,,可能是原生食材，但频次、命名或类别证据不足
3097,槟榔芋头,REVIEW,,,可能是原生食材，但频次、命名或类别证据不足
3098,佛手瓜,KEEP,429,佛手瓜,符合基础原生食材定义
3099,酸菜鱼料,DROP,,,成品、半成品或加工食品
3100,杏仁海绵蛋糕,DROP,,,烘焙或乳制加工食品
3101,黄辣丁,REVIEW,,,形态描述存在，但原始食材无法确定
3102,味事达,DROP,,,不属于指南允许的基础原生食材类别
3103,腊排骨,REVIEW,,,可能是原生食材，但频次、命名或类别证据不足
3104,黄米,KEEP,446,黄米,符合基础原生食材定义
3105,山芋,KEEP,442,山芋,符合基础原生食材定义
3106,细葱,REVIEW,,,可能是原生食材，但频次、命名或类别证据不足
3107,干蔬菜,REVIEW,,,可能是原生食材，但频次、命名或类别证据不足
3108,防潮可可粉,DROP,,,成品、半成品或加工食品
3109,猪肘子,REVIEW,,,可能是原生食材，但频次、命名或类别证据不足
3110,梅菜,REVIEW,,,可能是原生食材，但频次、命名或类别证据不足
3111,龙眼肉,REVIEW,,,可能是原生食材，但频次、命名或类别证据不足
3112,安琪,DROP,,,不属于指南允许的基础原生食材类别
3113,金瓜,KEEP,434,金瓜,符合基础原生食材定义
3114,甜牛奶,DROP,,,饮料、酒类或乳制品不属于本版核心原生食材
3115,那么多面粉,DROP,,,成品、半成品或加工食品
3116,第一步,DROP,,,不属于指南允许的基础原生食材类别
3117,西葫芦瓜,REVIEW,,,可能是原生食材，但频次、命名或类别证据不足
3118,活虾,REVIEW,,,可能是原生食材，但频次、命名或类别证据不足
3119,史云生清鸡汤,REVIEW,,,可能是原生食材，但频次、命名或类别证据不足
3120,奥尔良鸡肉,REVIEW,,,可能是原生食材，但频次、命名或类别证据不足
3121,鳗鱼干,DROP,,,成品、半成品或加工食品
3122,王中王火腿肠,DROP,,,加工肉制品
3123,竹蔗,DROP,,,不属于指南允许的基础原生食材类别
3124,红番茄,REVIEW,,,可能是原生食材，但频次、命名或类别证据不足
3125,轻乳酪蛋糕,DROP,,,烘焙或乳制加工食品
3126,白脱牛奶,DROP,,,饮料、酒类或乳制品不属于本版核心原生食材
3127,宇治抹茶粉,DROP,,,成品、半成品或加工食品
3128,盎司,DROP,,,不属于指南允许的基础原生食材类别
3129,槟榔芋,KEEP,430,槟榔芋,符合基础原生食材定义
3130,柠檬柠檬皮屑,DROP,,,不属于指南允许的基础原生食材类别
3131,来自,DROP,,,不属于指南允许的基础原生食材类别
3132,香菜梗,REVIEW,,,可能是原生食材，但频次、命名或类别证据不足
3133,五常大米,REVIEW,,,可能是原生食材，但频次、命名或类别证据不足
3134,龙眼,DROP,,,不属于指南允许的基础原生食材类别
3135,蟹子,REVIEW,,,可能是原生食材，但频次、命名或类别证据不足
3136,锅头,DROP,,,不属于指南允许的基础原生食材类别
3137,甘蓝菜,KEEP,431,甘蓝菜,符合基础原生食材定义
3138,姜丝姜,REVIEW,,,可能是原生食材，但频次、命名或类别证据不足
3139,刷表面鸡蛋液,DROP,,,工具、包装或操作说明
3140,奶豆腐,DROP,,,豆制品或淀粉制品（严格模式排除）
3141,贝柱,REVIEW,,,可能是原生食材，但频次、命名或类别证据不足
3142,泡芙皮,DROP,,,不属于指南允许的基础原生食材类别
3143,海鸭蛋,KEEP,439,海鸭蛋,符合基础原生食材定义
3144,贝壳,REVIEW,,,可能是原生食材，但频次、命名或类别证据不足
3145,叶白菜,REVIEW,,,可能是原生食材，但频次、命名或类别证据不足
3146,鸭胸,REVIEW,,,可能是原生食材，但频次、命名或类别证据不足
3147,小勺子,DROP,,,不属于指南允许的基础原生食材类别
3148,伯爵茶包,DROP,,,不属于指南允许的基础原生食材类别
3149,姜切丝,REVIEW,,,形态描述存在，但原始食材无法确定
3150,番石榴,KEEP,436,番石榴,符合基础原生食材定义
3151,胡罗卜,DROP,,,不属于指南允许的基础原生食材类别
3152,荷包蛋,DROP,,,成品、半成品或加工食品
3153,小麦,KEEP,443,小麦,符合基础原生食材定义
3154,各种杂粮,DROP,,,不属于指南允许的基础原生食材类别
3155,南方黑芝麻糊,REVIEW,,,可能是原生食材，但频次、命名或类别证据不足
3156,状态,DROP,,,不属于指南允许的基础原生食材类别
3157,碧根果仁,REVIEW,,,可能是原生食材，但频次、命名或类别证据不足
3158,卡夫芝士粉,DROP,,,烘焙或乳制加工食品
3159,豆奶粉,DROP,,,烘焙或乳制加工食品
3160,熟面粉,DROP,,,成品、半成品或加工食品
3161,麻辣花生,DROP,,,不属于指南允许的基础原生食材类别
3162,奶油干酪,DROP,,,烘焙或乳制加工食品
3163,金粉,DROP,,,不属于指南允许的基础原生食材类别
3164,恒心,DROP,,,不属于指南允许的基础原生食材类别
3165,嫩菠菜,REVIEW,,,可能是原生食材，但频次、命名或类别证据不足
3166,高丽参,DROP,,,不属于指南允许的基础原生食材类别
3167,各种鱼丸,DROP,,,成品、半成品或加工食品
3168,咸味,DROP,,,不属于指南允许的基础原生食材类别
3169,干蘑菇,REVIEW,,,可能是原生食材，但频次、命名或类别证据不足
3170,果干坚果,DROP,,,成品、半成品或加工食品
3171,生姜碎,MERGE,3,姜,去除切片/切块/切丁等形态描述
3172,多途面粉,DROP,,,成品、半成品或加工食品
3173,鸡头米,KEEP,445,鸡头米,符合基础原生食材定义
3174,方便面饼,DROP,,,成品、半成品或加工食品
3175,涂抹奶酪,DROP,,,工具、包装或操作说明
3176,辅材,DROP,,,不属于指南允许的基础原生食材类别
3177,蜜饯,DROP,,,成品、半成品或加工食品
3178,干米线,DROP,,,成品、半成品或加工食品
3179,麦麸,REVIEW,,,可能是原生食材，但频次、命名或类别证据不足
3180,瘦肉丁,REVIEW,,,形态描述存在，但原始食材无法确定
3181,当季水果,DROP,,,不属于指南允许的基础原生食材类别
3182,杂粮米,REVIEW,,,可能是原生食材，但频次、命名或类别证据不足
3183,青提,DROP,,,不属于指南允许的基础原生食材类别
3184,香兰叶,DROP,,,不属于指南允许的基础原生食材类别
3185,白巧,DROP,,,不属于指南允许的基础原生食材类别
3186,油炸,DROP,,,成品、半成品或加工食品
3187,胖头鱼鱼头,REVIEW,,,可能是原生食材，但频次、命名或类别证据不足
3188,纤维,DROP,,,不属于指南允许的基础原生食材类别
3189,玉米肠,DROP,,,成品、半成品或加工食品
3190,慕斯体,DROP,,,成品、半成品或加工食品
3191,瘦五花肉,REVIEW,,,可能是原生食材，但频次、命名或类别证据不足
3192,芝麻叶,REVIEW,,,可能是原生食材，但频次、命名或类别证据不足
3193,通粉,DROP,,,不属于指南允许的基础原生食材类别
3194,香水柠檬,REVIEW,,,可能是原生食材，但频次、命名或类别证据不足
3195,贝贝瓜,REVIEW,,,可能是原生食材，但频次、命名或类别证据不足
3196,黄皮洋葱,DROP,,,不属于指南允许的基础原生食材类别
3197,泡好黄豆,REVIEW,,,可能是原生食材，但频次、命名或类别证据不足
3198,黑燕麦,REVIEW,,,可能是原生食材，但频次、命名或类别证据不足
3199,玛利亚饼干,DROP,,,烘焙或乳制加工食品
3200,干橘子皮,DROP,,,不属于指南允许的基础原生食材类别
3201,猪肺,KEEP,438,猪肺,符合基础原生食材定义
3202,叉烧肉,DROP,,,加工肉制品
3203,樱桃小萝卜,REVIEW,,,可能是原生食材，但频次、命名或类别证据不足
3204,肥瘦相间猪肉,REVIEW,,,可能是原生食材，但频次、命名或类别证据不足
3205,九江双蒸,DROP,,,不属于指南允许的基础原生食材类别
3206,白菜梗,REVIEW,,,可能是原生食材，但频次、命名或类别证据不足
3207,巴马臣芝士,DROP,,,烘焙或乳制加工食品
3208,密封玻璃罐,DROP,,,不属于指南允许的基础原生食材类别
3209,饼干屑,DROP,,,烘焙或乳制加工食品
3210,共计,DROP,,,不属于指南允许的基础原生食材类别
3211,日式面包粉,DROP,,,烘焙或乳制加工食品
3212,竹叶,DROP,,,不属于指南允许的基础原生食材类别
3213,水面,REVIEW,,,可能是原生食材，但频次、命名或类别证据不足
3214,猪大骨,REVIEW,,,可能是原生食材，但频次、命名或类别证据不足
3215,活底蛋糕模,DROP,,,烘焙或乳制加工食品
3216,青辣椒红辣椒,REVIEW,,,可能是原生食材，但频次、命名或类别证据不足
3217,腊肉腊肠,DROP,,,加工肉制品
3218,支新鲜迷迭香,DROP,,,调味料不进入基础原生食材表
3219,麻辣粉,DROP,,,不属于指南允许的基础原生食材类别
3220,胡萝卜粉,REVIEW,,,可能是原生食材，但频次、命名或类别证据不足
3221,素面,REVIEW,,,可能是原生食材，但频次、命名或类别证据不足
3222,无籽葡萄,REVIEW,,,可能是原生食材，但频次、命名或类别证据不足
3223,罗勒叶子,REVIEW,,,可能是原生食材，但频次、命名或类别证据不足
3224,厄瓜多尔白虾,REVIEW,,,可能是原生食材，但频次、命名或类别证据不足
3225,脐橙,REVIEW,,,可能是原生食材，但频次、命名或类别证据不足
3226,炒米,REVIEW,,,可能是原生食材，但频次、命名或类别证据不足
3227,竹节虾,REVIEW,,,可能是原生食材，但频次、命名或类别证据不足
3228,肉菜,REVIEW,,,可能是原生食材，但频次、命名或类别证据不足
3229,机大米,REVIEW,,,可能是原生食材，但频次、命名或类别证据不足
3230,豆腐果,DROP,,,豆制品或淀粉制品（严格模式排除）
3231,棵葱,REVIEW,,,可能是原生食材，但频次、命名或类别证据不足
3232,鸡蛋鸡蛋液,REVIEW,,,可能是原生食材，但频次、命名或类别证据不足
3233,巧克力屑,DROP,,,烘焙或乳制加工食品
3234,五十铃抹茶粉,DROP,,,成品、半成品或加工食品
3235,二荆条干辣椒,DROP,,,调味料不进入基础原生食材表
3236,菱粉,DROP,,,不属于指南允许的基础原生食材类别
3237,白味增,DROP,,,不属于指南允许的基础原生食材类别
3238,沙茶,DROP,,,饮料、酒类或乳制品不属于本版核心原生食材
3239,扣肉,REVIEW,,,可能是原生食材，但频次、命名或类别证据不足
3240,藕带,REVIEW,,,可能是原生食材，但频次、命名或类别证据不足
3241,肉猪肉馅,REVIEW,,,可能是原生食材，但频次、命名或类别证据不足
3242,指毛桃,REVIEW,,,可能是原生食材，但频次、命名或类别证据不足
3243,无菌鸡蛋,REVIEW,,,可能是原生食材，但频次、命名或类别证据不足
3244,川椒,REVIEW,,,可能是原生食材，但频次、命名或类别证据不足
3245,燕麦牛奶,DROP,,,饮料、酒类或乳制品不属于本版核心原生食材
3246,大白萝卜,REVIEW,,,可能是原生食材，但频次、命名或类别证据不足
3247,速冻馄饨,DROP,,,成品、半成品或加工食品
3248,面团高筋面粉,DROP,,,成品、半成品或加工食品
3249,腊鸡腿,REVIEW,,,可能是原生食材，但频次、命名或类别证据不足
3250,青椒香菜,REVIEW,,,可能是原生食材，但频次、命名或类别证据不足
3251,伊利纯牛奶,DROP,,,饮料、酒类或乳制品不属于本版核心原生食材
3252,野米,REVIEW,,,可能是原生食材，但频次、命名或类别证据不足
3253,红烧牛肉面,REVIEW,,,可能是原生食材，但频次、命名或类别证据不足
3254,羊杂,REVIEW,,,可能是原生食材，但频次、命名或类别证据不足
3255,板豆腐,DROP,,,豆制品或淀粉制品（严格模式排除）
3256,金针菜,KEEP,435,金针菜,符合基础原生食材定义
3257,应季水果,DROP,,,不属于指南允许的基础原生食材类别
3258,酸奶慕斯层,DROP,,,成品、半成品或加工食品
3259,机胡萝卜,REVIEW,,,可能是原生食材，但频次、命名或类别证据不足
3260,少马苏里拉芝士碎,DROP,,,烘焙或乳制加工食品
3261,肉骨茶包,DROP,,,不属于指南允许的基础原生食材类别
3262,全麦高筋面粉,DROP,,,成品、半成品或加工食品
3263,全脂酸奶,DROP,,,饮料、酒类或乳制品不属于本版核心原生食材
3264,芒果果泥,REVIEW,,,可能是原生食材，但频次、命名或类别证据不足
3265,意大利混合香草,REVIEW,,,可能是原生食材，但频次、命名或类别证据不足
3266,多少红枣,DROP,,,数量或单位残留且无法可靠恢复原食材
3267,葱段葱,REVIEW,,,可能是原生食材，但频次、命名或类别证据不足
3268,珍珠洋葱,REVIEW,,,可能是原生食材，但频次、命名或类别证据不足
3269,尼奶酪,DROP,,,烘焙或乳制加工食品
3270,面包改良剂,DROP,,,烘焙或乳制加工食品
3271,毛蟹,REVIEW,,,可能是原生食材，但频次、命名或类别证据不足
3272,鲭鱼,KEEP,440,鲭鱼,符合基础原生食材定义
3273,荷兰芹,REVIEW,,,可能是原生食材，但频次、命名或类别证据不足
3274,灯笼辣椒,REVIEW,,,可能是原生食材，但频次、命名或类别证据不足
3275,鸡枞菌,KEEP,441,鸡枞菌,符合基础原生食材定义
3276,刻度水,DROP,,,不属于指南允许的基础原生食材类别
3277,夏黑葡萄,REVIEW,,,可能是原生食材，但频次、命名或类别证据不足
3278,空心面,REVIEW,,,可能是原生食材，但频次、命名或类别证据不足
3279,张豆腐皮,DROP,,,豆制品或淀粉制品（严格模式排除）
3280,前腿猪肉,REVIEW,,,可能是原生食材，但频次、命名或类别证据不足
3281,龙须挂面,REVIEW,,,可能是原生食材，但频次、命名或类别证据不足
3282,蛋糕方子,DROP,,,烘焙或乳制加工食品
3283,白米粥,DROP,,,成品、半成品或加工食品
3284,棵芹菜,REVIEW,,,可能是原生食材，但频次、命名或类别证据不足
3285,溏心蛋,REVIEW,,,可能是原生食材，但频次、命名或类别证据不足
3286,芹菜梗,REVIEW,,,可能是原生食材，但频次、命名或类别证据不足
3287,干饭,DROP,,,不属于指南允许的基础原生食材类别
3288,冻虾,REVIEW,,,可能是原生食材，但频次、命名或类别证据不足
3289,蛋卷,REVIEW,,,可能是原生食材，但频次、命名或类别证据不足
3290,香瓜,KEEP,437,香瓜,符合基础原生食材定义
3291,雞精,DROP,,,不属于指南允许的基础原生食材类别
3292,斑节虾,REVIEW,,,可能是原生食材，但频次、命名或类别证据不足
3293,主角,DROP,,,不属于指南允许的基础原生食材类别
3294,水果刀,DROP,,,不属于指南允许的基础原生食材类别
3295,普通南瓜,REVIEW,,,可能是原生食材，但频次、命名或类别证据不足
3296,全脂,DROP,,,不属于指南允许的基础原生食材类别
3297,紫皮大蒜,DROP,,,不属于指南允许的基础原生食材类别
3298,意大利通心粉,DROP,,,不属于指南允许的基础原生食材类别
3299,纯瘦肉,REVIEW,,,可能是原生食材，但频次、命名或类别证据不足
3300,一种,DROP,,,不属于指南允许的基础原生食材类别
3301,麵粉,DROP,,,不属于指南允许的基础原生食材类别
3302,贝贝小南瓜,REVIEW,,,可能是原生食材，但频次、命名或类别证据不足
3303,浓酸奶,DROP,,,饮料、酒类或乳制品不属于本版核心原生食材
3304,推荐,DROP,,,不属于指南允许的基础原生食材类别
3305,酒精,DROP,,,不属于指南允许的基础原生食材类别
3306,绿橄榄,DROP,,,不属于指南允许的基础原生食材类别
3307,冷冻蔬菜,REVIEW,,,可能是原生食材，但频次、命名或类别证据不足
3308,榴莲核,REVIEW,,,可能是原生食材，但频次、命名或类别证据不足
3309,红豆薏米粉,DROP,,,成品、半成品或加工食品
3310,宁夏枸杞,REVIEW,,,可能是原生食材，但频次、命名或类别证据不足
3311,甜玉米罐头,DROP,,,成品、半成品或加工食品
3312,黑芝麻核桃粉,REVIEW,,,可能是原生食材，但频次、命名或类别证据不足
3313,克玉米粒,REVIEW,,,可能是原生食材，但频次、命名或类别证据不足
3314,其他干果,DROP,,,不属于指南允许的基础原生食材类别
3315,板鸭,REVIEW,,,可能是原生食材，但频次、命名或类别证据不足
3316,稻米,KEEP,444,稻米,符合基础原生食材定义
3317,姜黄,REVIEW,,,可能是原生食材，但频次、命名或类别证据不足
3318,阳澄湖大闸蟹,REVIEW,,,可能是原生食材，但频次、命名或类别证据不足
3319,长粒香米,REVIEW,,,可能是原生食材，但频次、命名或类别证据不足
3320,虾虾,REVIEW,,,可能是原生食材，但频次、命名或类别证据不足
3321,奶粉奶粉,DROP,,,烘焙或乳制加工食品
3322,鸡蛋蛋液,REVIEW,,,可能是原生食材，但频次、命名或类别证据不足
3323,番茄干,REVIEW,,,可能是原生食材，但频次、命名或类别证据不足
3324,高达奶酪,DROP,,,烘焙或乳制加工食品
3325,干虾皮,DROP,,,成品、半成品或加工食品
3326,蚬子肉,REVIEW,,,可能是原生食材，但频次、命名或类别证据不足
3327,黑葡萄干,DROP,,,成品、半成品或加工食品
3328,很多,DROP,,,不属于指南允许的基础原生食材类别
3329,密封玻璃瓶,DROP,,,不属于指南允许的基础原生食材类别
3330,磨碎柠檬皮,DROP,,,不属于指南允许的基础原生食材类别
3331,滚烫开水,DROP,,,不属于指南允许的基础原生食材类别
3332,汉堡包,DROP,,,成品、半成品或加工食品
3333,普洱,DROP,,,不属于指南允许的基础原生食材类别
3334,百叶结,DROP,,,不属于指南允许的基础原生食材类别
3335,大喜大,DROP,,,不属于指南允许的基础原生食材类别
3336,油鸡枞,DROP,,,成品、半成品或加工食品
3337,生姜泥,REVIEW,,,可能是原生食材，但频次、命名或类别证据不足
3338,七味粉,DROP,,,不属于指南允许的基础原生食材类别
3339,自己做,DROP,,,不属于指南允许的基础原生食材类别
3340,青阳辣椒,REVIEW,,,可能是原生食材，但频次、命名或类别证据不足
3341,肉蔻粉,DROP,,,调味料不进入基础原生食材表
3342,最佳,DROP,,,不属于指南允许的基础原生食材类别
3343,炒香,DROP,,,不属于指南允许的基础原生食材类别
3344,老汤,DROP,,,不属于指南允许的基础原生食材类别
3345,密封容器,DROP,,,工具、包装或操作说明
3346,灰枣,REVIEW,,,可能是原生食材，但频次、命名或类别证据不足
3347,各类干果,DROP,,,不属于指南允许的基础原生食材类别
3348,肥瘦肉馅,REVIEW,,,可能是原生食材，但频次、命名或类别证据不足
3349,粗面,REVIEW,,,可能是原生食材，但频次、命名或类别证据不足
3350,甜菜粉,REVIEW,,,可能是原生食材，但频次、命名或类别证据不足
3351,金箔,DROP,,,不属于指南允许的基础原生食材类别
3352,全脂淡奶,DROP,,,饮料、酒类或乳制品不属于本版核心原生食材
3353,粳米粉,DROP,,,成品、半成品或加工食品
3354,辣椒小米椒,REVIEW,,,可能是原生食材，但频次、命名或类别证据不足
3355,干碟蘸料,DROP,,,不属于指南允许的基础原生食材类别
3356,小西米,DROP,,,成品、半成品或加工食品
3357,圆面条,DROP,,,成品、半成品或加工食品
3358,虾米干,DROP,,,成品、半成品或加工食品
3359,桂花酒酿,DROP,,,调味料不进入基础原生食材表
3360,全蛋鸡蛋,REVIEW,,,可能是原生食材，但频次、命名或类别证据不足
3361,火锅配菜,REVIEW,,,可能是原生食材，但频次、命名或类别证据不足
3362,纯椰子粉,REVIEW,,,可能是原生食材，但频次、命名或类别证据不足
3363,水温水,DROP,,,不属于指南允许的基础原生食材类别
3364,健康食材,DROP,,,不属于指南允许的基础原生食材类别
3365,苏打饼,DROP,,,不属于指南允许的基础原生食材类别
3366,酸奶一瓶,DROP,,,饮料、酒类或乳制品不属于本版核心原生食材
3367,多少克牛肉,DROP,,,数量或单位残留且无法可靠恢复原食材
3368,二段奶粉,DROP,,,烘焙或乳制加工食品
3369,鸡胸鸡胸肉,REVIEW,,,可能是原生食材，但频次、命名或类别证据不足
3370,青梅酒,DROP,,,调味料不进入基础原生食材表
3371,提前泡发,DROP,,,不属于指南允许的基础原生食材类别
3372,芥辣,REVIEW,,,可能是原生食材，但频次、命名或类别证据不足
3373,头抽,DROP,,,不属于指南允许的基础原生食材类别
3374,巧克力涂层,DROP,,,烘焙或乳制加工食品
3375,牛排牛肉,REVIEW,,,可能是原生食材，但频次、命名或类别证据不足
3376,自备,DROP,,,不属于指南允许的基础原生食材类别
3377,帕马森干酪,DROP,,,不属于指南允许的基础原生食材类别
3378,应季蔬菜,REVIEW,,,可能是原生食材，但频次、命名或类别证据不足
3379,木棉豆腐,DROP,,,豆制品或淀粉制品（严格模式排除）
3380,子蛋糕,DROP,,,烘焙或乳制加工食品
3381,鸡架子,REVIEW,,,可能是原生食材，但频次、命名或类别证据不足
3382,蔬菜粉,REVIEW,,,可能是原生食材，但频次、命名或类别证据不足
3383,谷物粉,DROP,,,不属于指南允许的基础原生食材类别
3384,巧克力炼奶,DROP,,,烘焙或乳制加工食品
3385,咖啡机,DROP,,,饮料、酒类或乳制品不属于本版核心原生食材
3386,朵花菜,MERGE,130,花菜,去除确定的鲜冻/去皮去骨描述
3387,宗家府泡菜,DROP,,,成品、半成品或加工食品
3388,乳酸菌粉,DROP,,,成品、半成品或加工食品
3389,青柠皮,DROP,,,不属于指南允许的基础原生食材类别
3390,任何水果,DROP,,,不属于指南允许的基础原生食材类别
3391,现磨,DROP,,,不属于指南允许的基础原生食材类别
3392,半根胡萝卜,MERGE,6,胡萝卜,修复数量/单位残留
3393,寿司萝卜,REVIEW,,,可能是原生食材，但频次、命名或类别证据不足
3394,绿叶青菜,REVIEW,,,可能是原生食材，但频次、命名或类别证据不足
3395,开水开水,DROP,,,不属于指南允许的基础原生食材类别
3396,辣酱粉,DROP,,,不属于指南允许的基础原生食材类别
3397,半牛奶,DROP,,,饮料、酒类或乳制品不属于本版核心原生食材
3398,新鲜小辣椒,MERGE,179,小辣椒,去除确定的鲜冻/去皮去骨描述
3399,优质蛋白,REVIEW,,,可能是原生食材，但频次、命名或类别证据不足
3400,八寸,DROP,,,不属于指南允许的基础原生食材类别
3401,专粉,DROP,,,不属于指南允许的基础原生食材类别
3402,白豆,REVIEW,,,可能是原生食材，但频次、命名或类别证据不足
3403,卤汤,DROP,,,不属于指南允许的基础原生食材类别
3404,大姜,REVIEW,,,可能是原生食材，但频次、命名或类别证据不足
3405,菠萝果肉,REVIEW,,,可能是原生食材，但频次、命名或类别证据不足
3406,蛋糕胚一个,DROP,,,烘焙或乳制加工食品
3407,链接,DROP,,,不属于指南允许的基础原生食材类别
3408,菜碎,REVIEW,,,形态描述存在，但原始食材无法确定
3409,饮食,DROP,,,不属于指南允许的基础原生食材类别
3410,素丸子,DROP,,,成品、半成品或加工食品
3411,沙丁鱼罐头,DROP,,,成品、半成品或加工食品
3412,蔓越莓果干,DROP,,,成品、半成品或加工食品
3413,汤力水,DROP,,,不属于指南允许的基础原生食材类别
3414,烧烤撒料,DROP,,,不属于指南允许的基础原生食材类别
3415,虾子面,REVIEW,,,可能是原生食材，但频次、命名或类别证据不足
3416,基底,DROP,,,不属于指南允许的基础原生食材类别
3417,猪肉脯,DROP,,,成品、半成品或加工食品
3418,菜蔬菜,REVIEW,,,可能是原生食材，但频次、命名或类别证据不足
3419,都可以鸡蛋,REVIEW,,,可能是原生食材，但频次、命名或类别证据不足
3420,瘦肉片,REVIEW,,,形态描述存在，但原始食材无法确定
3421,酸菜酸菜,DROP,,,成品、半成品或加工食品
3422,岩鹽,DROP,,,不属于指南允许的基础原生食材类别
3423,千层饼皮,DROP,,,不属于指南允许的基础原生食材类别
3424,辣椒仔,REVIEW,,,可能是原生食材，但频次、命名或类别证据不足
3425,肉丝儿,REVIEW,,,可能是原生食材，但频次、命名或类别证据不足
3426,正山小种红茶,DROP,,,饮料、酒类或乳制品不属于本版核心原生食材
3427,调整水,DROP,,,不属于指南允许的基础原生食材类别
3428,药材,DROP,,,不属于指南允许的基础原生食材类别
3429,毅力,DROP,,,不属于指南允许的基础原生食材类别
3430,大红辣椒,REVIEW,,,可能是原生食材，但频次、命名或类别证据不足
3431,干白,DROP,,,不属于指南允许的基础原生食材类别
3432,全脂甜奶粉,DROP,,,烘焙或乳制加工食品
3433,可忽略,DROP,,,不属于指南允许的基础原生食材类别
3434,泡姜泡辣椒,DROP,,,成品、半成品或加工食品
3435,炒鸡蛋,REVIEW,,,可能是原生食材，但频次、命名或类别证据不足
3436,芝麻核桃粉,REVIEW,,,可能是原生食材，但频次、命名或类别证据不足
3437,龙井茶叶,DROP,,,饮料、酒类或乳制品不属于本版核心原生食材
3438,虾粉,REVIEW,,,可能是原生食材，但频次、命名或类别证据不足
3439,鱼罐头,DROP,,,成品、半成品或加工食品
3440,土豆胡萝卜,REVIEW,,,可能是原生食材，但频次、命名或类别证据不足
3441,意大利米,REVIEW,,,可能是原生食材，但频次、命名或类别证据不足
3442,紫菜汤,REVIEW,,,可能是原生食材，但频次、命名或类别证据不足
3443,儿童香肠,DROP,,,加工肉制品
3444,巧克力夹心,DROP,,,烘焙或乳制加工食品
3445,碎牛肉,REVIEW,,,可能是原生食材，但频次、命名或类别证据不足
3446,内容,DROP,,,不属于指南允许的基础原生食材类别
3447,水煮鱼料,REVIEW,,,可能是原生食材，但频次、命名或类别证据不足
3448,卤水老豆腐,DROP,,,豆制品或淀粉制品（严格模式排除）
3449,鸡翅鸡腿,SPLIT,71|582,鸡翅|鸡腿,明确包含多个独立食材；关系保守保留原文，克数不拆分
3450,凤梨果肉,REVIEW,,,可能是原生食材，但频次、命名或类别证据不足
3451,这个,DROP,,,不属于指南允许的基础原生食材类别
3452,水位线水,DROP,,,不属于指南允许的基础原生食材类别
3453,胡萝卜面,REVIEW,,,可能是原生食材，但频次、命名或类别证据不足
3454,橙皮碎,REVIEW,,,形态描述存在，但原始食材无法确定
3455,鸡腿鸡翅,SPLIT,582|71,鸡腿|鸡翅,明确包含多个独立食材；关系保守保留原文，克数不拆分
3456,椰子脆片,REVIEW,,,形态描述存在，但原始食材无法确定
3457,螺丝意面,REVIEW,,,可能是原生食材，但频次、命名或类别证据不足
3458,普通,DROP,,,不属于指南允许的基础原生食材类别
3459,香菇胡萝卜,REVIEW,,,可能是原生食材，但频次、命名或类别证据不足
3460,面食,REVIEW,,,可能是原生食材，但频次、命名或类别证据不足
3461,白藜麦,REVIEW,,,可能是原生食材，但频次、命名或类别证据不足
3462,甜菜,REVIEW,,,可能是原生食材，但频次、命名或类别证据不足
3463,经验,DROP,,,不属于指南允许的基础原生食材类别
3464,鸡蛋一只,MERGE,7,鸡蛋,修复数量/单位残留
3465,冷藏,DROP,,,不属于指南允许的基础原生食材类别
3466,盆冰水,DROP,,,不属于指南允许的基础原生食材类别
3467,熟石膏粉,DROP,,,成品、半成品或加工食品
3468,李锦记,REVIEW,,,可能是原生食材，但频次、命名或类别证据不足
3469,冷冻饺子,DROP,,,成品、半成品或加工食品
3470,腊味,DROP,,,不属于指南允许的基础原生食材类别
3471,鸡蛋三个,MERGE,7,鸡蛋,修复数量/单位残留
3472,青椒洋葱,REVIEW,,,可能是原生食材，但频次、命名或类别证据不足
3473,小号,DROP,,,不属于指南允许的基础原生食材类别
3474,琥珀珍珠,DROP,,,不属于指南允许的基础原生食材类别
3475,青菜青菜,REVIEW,,,可能是原生食材，但频次、命名或类别证据不足
3476,多少五花肉,DROP,,,数量或单位残留且无法可靠恢复原食材
3477,素肉松,DROP,,,加工肉制品
3478,冻干粉,DROP,,,不属于指南允许的基础原生食材类别
3479,清洗干净,DROP,,,不属于指南允许的基础原生食材类别
3480,多少马苏里拉奶酪,DROP,,,烘焙或乳制加工食品
3481,洋葱一个,MERGE,5,洋葱,修复数量/单位残留
3482,益生菌粉,REVIEW,,,可能是原生食材，但频次、命名或类别证据不足
3483,干萝卜丝,REVIEW,,,形态描述存在，但原始食材无法确定
3484,椰子奶,DROP,,,饮料、酒类或乳制品不属于本版核心原生食材
3485,多少米饭,DROP,,,成品、半成品或加工食品
3486,蛋糕坯子,DROP,,,烘焙或乳制加工食品
3487,泡发香菇,MERGE,23,香菇,去除确定的鲜冻/去皮去骨描述
3488,西红柿片,MERGE,14,番茄,去除切片/切块/切丁等形态描述
3489,克数,DROP,,,不属于指南允许的基础原生食材类别
3490,拿铁,DROP,,,不属于指南允许的基础原生食材类别
3491,多少年糕,DROP,,,成品、半成品或加工食品
3492,调节水,DROP,,,不属于指南允许的基础原生食材类别
3493,纳豆菌粉,REVIEW,,,可能是原生食材，但频次、命名或类别证据不足
3494,粉中筋面粉,DROP,,,成品、半成品或加工食品
3495,西瓜西瓜皮,DROP,,,不属于指南允许的基础原生食材类别
3496,西式香料,DROP,,,不属于指南允许的基础原生食材类别
3497,红虾仁,REVIEW,,,可能是原生食材，但频次、命名或类别证据不足
3498,素馅,DROP,,,不属于指南允许的基础原生食材类别
3499,大洋葱,REVIEW,,,可能是原生食材，但频次、命名或类别证据不足
3500,乳酪蛋糕,DROP,,,烘焙或乳制加工食品
3501,新鲜朝天椒,MERGE,95,朝天椒,去除确定的鲜冻/去皮去骨描述
3502,机纯牛奶,DROP,,,饮料、酒类或乳制品不属于本版核心原生食材
3503,吧糯米粉,DROP,,,成品、半成品或加工食品
3504,巧克力醬,DROP,,,烘焙或乳制加工食品
3505,江鱼仔,REVIEW,,,可能是原生食材，但频次、命名或类别证据不足
3506,任何食材,DROP,,,不属于指南允许的基础原生食材类别
3507,巧克力戚风蛋糕胚,DROP,,,烘焙或乳制加工食品
3508,烈酒,DROP,,,调味料不进入基础原生食材表
3509,一个鸡蛋鸡蛋,DROP,,,数量或单位残留且无法可靠恢复原食材
3510,各种蔬菜水果,REVIEW,,,可能是原生食材，但频次、命名或类别证据不足
3511,棒冰,DROP,,,不属于指南允许的基础原生食材类别
3512,液种,DROP,,,不属于指南允许的基础原生食材类别
3513,普通米,REVIEW,,,可能是原生食材，但频次、命名或类别证据不足
3514,香锅料,DROP,,,不属于指南允许的基础原生食材类别
3515,一次性筷子,DROP,,,不属于指南允许的基础原生食材类别
3516,苹果苹果,REVIEW,,,可能是原生食材，但频次、命名或类别证据不足
3517,可可海绵蛋糕,DROP,,,烘焙或乳制加工食品
3518,多少山药,DROP,,,数量或单位残留且无法可靠恢复原食材
3519,米发糕预拌粉,DROP,,,不属于指南允许的基础原生食材类别
3520,碎柠檬皮,DROP,,,不属于指南允许的基础原生食材类别
3521,白巧克力币,DROP,,,烘焙或乳制加工食品
3522,食品,DROP,,,不属于指南允许的基础原生食材类别
3523,合计,DROP,,,不属于指南允许的基础原生食材类别
3524,蛋糕食材,DROP,,,烘焙或乳制加工食品
3525,肌肉,REVIEW,,,可能是原生食材，但频次、命名或类别证据不足
3526,泰国米,REVIEW,,,可能是原生食材，但频次、命名或类别证据不足
3527,小朵,DROP,,,不属于指南允许的基础原生食材类别
3528,帕尔马火腿,DROP,,,加工肉制品
3529,就好牛奶,DROP,,,饮料、酒类或乳制品不属于本版核心原生食材
3530,多少白菜,DROP,,,数量或单位残留且无法可靠恢复原食材
3531,人份意大利面,DROP,,,成品、半成品或加工食品
3532,萝卜一个,MERGE,59,萝卜,修复数量/单位残留
3533,精神,DROP,,,不属于指南允许的基础原生食材类别
3534,照片,DROP,,,工具、包装或操作说明
3535,蛋糕烤盘,DROP,,,工具、包装或操作说明
3536,牛油火锅料,REVIEW,,,可能是原生食材，但频次、命名或类别证据不足
3537,见小贴士,DROP,,,不属于指南允许的基础原生食材类别
3538,炸丸子,DROP,,,成品、半成品或加工食品
3539,水果蔬菜,REVIEW,,,可能是原生食材，但频次、命名或类别证据不足
3540,大蒜粒,REVIEW,,,可能是原生食材，但频次、命名或类别证据不足
3541,细腻,DROP,,,不属于指南允许的基础原生食材类别
3542,普通酸奶,DROP,,,饮料、酒类或乳制品不属于本版核心原生食材
3543,鱼料,REVIEW,,,可能是原生食材，但频次、命名或类别证据不足
3544,各种菇类,REVIEW,,,可能是原生食材，但频次、命名或类别证据不足
3545,鲫鱼一条,DROP,,,数量或单位残留且无法可靠恢复原食材
3546,黄瓜黄瓜,REVIEW,,,可能是原生食材，但频次、命名或类别证据不足
3547,张馄饨皮,DROP,,,成品、半成品或加工食品
3548,小青瓜,REVIEW,,,可能是原生食材，但频次、命名或类别证据不足
3549,酒类,DROP,,,不属于指南允许的基础原生食材类别
3550,几个土豆,MERGE,12,土豆,修复数量/单位残留
3551,可可脂巧克力,DROP,,,烘焙或乳制加工食品
3552,排骨肉,REVIEW,,,可能是原生食材，但频次、命名或类别证据不足
3553,青菜蔬菜,REVIEW,,,可能是原生食材，但频次、命名或类别证据不足
3554,肉半肥半瘦,REVIEW,,,可能是原生食材，但频次、命名或类别证据不足
3555,不锈钢勺子,DROP,,,不属于指南允许的基础原生食材类别
3556,粉可不放,DROP,,,不属于指南允许的基础原生食材类别
3557,胡辣椒,REVIEW,,,可能是原生食材，但频次、命名或类别证据不足
3558,芝士蛋糕糊,DROP,,,烘焙或乳制加工食品
3559,戚风蛋糕料,DROP,,,烘焙或乳制加工食品
3560,多点葱姜蒜,REVIEW,,,可能是原生食材，但频次、命名或类别证据不足
3561,餐具,DROP,,,不属于指南允许的基础原生食材类别
3562,提示,DROP,,,不属于指南允许的基础原生食材类别
3563,现成饺子皮,DROP,,,成品、半成品或加工食品
3564,几个鸡腿,MERGE,582,鸡腿,修复数量/单位残留
3565,就行五花肉,REVIEW,,,可能是原生食材，但频次、命名或类别证据不足
3566,咖啡胶囊,DROP,,,饮料、酒类或乳制品不属于本版核心原生食材
3567,浓稠,DROP,,,不属于指南允许的基础原生食材类别
3568,克虾仁,MERGE,41,虾仁,去除确定的鲜冻/去皮去骨描述
3569,猪杂,REVIEW,,,可能是原生食材，但频次、命名或类别证据不足
3570,后加入,DROP,,,工具、包装或操作说明
3571,不限,DROP,,,不属于指南允许的基础原生食材类别
3572,苏打气泡水,DROP,,,不属于指南允许的基础原生食材类别
3573,面食材,REVIEW,,,可能是原生食材，但频次、命名或类别证据不足
3574,几颗红枣,DROP,,,数量或单位残留且无法可靠恢复原食材
3575,人意大利面,DROP,,,成品、半成品或加工食品
3576,咖啡味,DROP,,,饮料、酒类或乳制品不属于本版核心原生食材
3577,自己掌握,DROP,,,不属于指南允许的基础原生食材类别
3578,不一,DROP,,,不属于指南允许的基础原生食材类别
3579,达克瓦兹,DROP,,,不属于指南允许的基础原生食材类别
3580,再加,DROP,,,不属于指南允许的基础原生食材类别
3581,兑水,DROP,,,不属于指南允许的基础原生食材类别
3582,处理,DROP,,,不属于指南允许的基础原生食材类别
3583,技巧,DROP,,,不属于指南允许的基础原生食材类别
3584,那么多,DROP,,,不属于指南允许的基础原生食材类别
3585,多少糯米,DROP,,,数量或单位残留且无法可靠恢复原食材
3586,新鲜小米椒,MERGE,18,小米椒,去除确定的鲜冻/去皮去骨描述
3587,几粒枸杞,REVIEW,,,可能是原生食材，但频次、命名或类别证据不足
3588,胚子,DROP,,,不属于指南允许的基础原生食材类别
3589,饭碗糯米粉,DROP,,,成品、半成品或加工食品
3590,青椒胡萝卜,REVIEW,,,可能是原生食材，但频次、命名或类别证据不足
3591,小蛋糕,DROP,,,烘焙或乳制加工食品
3592,香葱姜蒜,REVIEW,,,可能是原生食材，但频次、命名或类别证据不足
3593,张保鲜膜,DROP,,,不属于指南允许的基础原生食材类别
3594,这里,DROP,,,不属于指南允许的基础原生食材类别
3595,多少干辣椒,DROP,,,调味料不进入基础原生食材表
3596,小南瓜南瓜,REVIEW,,,可能是原生食材，但频次、命名或类别证据不足
3597,替换,DROP,,,不属于指南允许的基础原生食材类别
3598,食量面粉,DROP,,,成品、半成品或加工食品
3599,碎末,REVIEW,,,形态描述存在，但原始食材无法确定
3600,辣味,DROP,,,不属于指南允许的基础原生食材类别
3601,大葱丝,MERGE,1,葱,去除切片/切块/切丁等形态描述
3602,成分,DROP,,,不属于指南允许的基础原生食材类别
3603,面粉吸水量不同,DROP,,,成品、半成品或加工食品
3604,操作,DROP,,,不属于指南允许的基础原生食材类别
3605,一茶勺,DROP,,,不属于指南允许的基础原生食材类别
3606,牛蛙,DROP,,,不属于指南允许的基础原生食材类别
3607,塔皮,DROP,,,不属于指南允许的基础原生食材类别
3608,毛肚,DROP,,,不属于指南允许的基础原生食材类别
3609,可丽饼,DROP,,,不属于指南允许的基础原生食材类别
3610,儿菜,REVIEW,,,可能是原生食材，但频次、命名或类别证据不足
3611,主材,DROP,,,不属于指南允许的基础原生食材类别
3612,鲜肉馅,REVIEW,,,可能是原生食材，但频次、命名或类别证据不足
3613,干葱头,REVIEW,,,可能是原生食材，但频次、命名或类别证据不足
3614,熟粉,DROP,,,成品、半成品或加工食品
3615,青红甜椒,REVIEW,,,可能是原生食材，但频次、命名或类别证据不足
3616,老鸡,REVIEW,,,可能是原生食材，但频次、命名或类别证据不足
3617,安琪酒曲,DROP,,,不属于指南允许的基础原生食材类别
3618,南瓜馅,REVIEW,,,可能是原生食材，但频次、命名或类别证据不足
3619,大鸡蛋,REVIEW,,,可能是原生食材，但频次、命名或类别证据不足
3620,鸡尾酒,DROP,,,调味料不进入基础原生食材表
3621,煎饼粉,DROP,,,不属于指南允许的基础原生食材类别
3622,乳酪慕斯,DROP,,,成品、半成品或加工食品
3623,果子,DROP,,,不属于指南允许的基础原生食材类别
3624,芝麻馅,REVIEW,,,可能是原生食材，但频次、命名或类别证据不足
3625,蕃薯粉,REVIEW,,,可能是原生食材，但频次、命名或类别证据不足
3626,紫色,DROP,,,不属于指南允许的基础原生食材类别
3627,五花肉糜,REVIEW,,,可能是原生食材，但频次、命名或类别证据不足
3628,爱乐甜,DROP,,,不属于指南允许的基础原生食材类别
3629,火锅丸,DROP,,,不属于指南允许的基础原生食材类别
3630,浸泡液,DROP,,,不属于指南允许的基础原生食材类别
3631,米浆,REVIEW,,,可能是原生食材，但频次、命名或类别证据不足
3632,晚餐,DROP,,,不属于指南允许的基础原生食材类别
3633,摆盘,DROP,,,不属于指南允许的基础原生食材类别
3634,基础,DROP,,,不属于指南允许的基础原生食材类别
3635,番茄醬,REVIEW,,,可能是原生食材，但频次、命名或类别证据不足
3636,小排骨,REVIEW,,,可能是原生食材，但频次、命名或类别证据不足
3637,克酸奶,DROP,,,饮料、酒类或乳制品不属于本版核心原生食材
3638,奶油打发,DROP,,,工具、包装或操作说明
3639,安佳,DROP,,,不属于指南允许的基础原生食材类别
3640,雞肉,REVIEW,,,可能是原生食材，但频次、命名或类别证据不足
3641,燕麦粥,DROP,,,成品、半成品或加工食品
3642,大小生姜,REVIEW,,,可能是原生食材，但频次、命名或类别证据不足
3643,菜码,REVIEW,,,可能是原生食材，但频次、命名或类别证据不足
3644,蛋白糊,REVIEW,,,可能是原生食材，但频次、命名或类别证据不足
3645,鸡胸脯,REVIEW,,,可能是原生食材，但频次、命名或类别证据不足
3646,蒜頭,REVIEW,,,可能是原生食材，但频次、命名或类别证据不足
3647,黄精,DROP,,,不属于指南允许的基础原生食材类别
3648,红皮萝卜,KEEP,432,红皮萝卜,符合基础原生食材定义
3649,没了,DROP,,,不属于指南允许的基础原生食材类别
3650,室温,DROP,,,不属于指南允许的基础原生食材类别
3651,炖料,DROP,,,不属于指南允许的基础原生食材类别
3652,茶匙,DROP,,,不属于指南允许的基础原生食材类别
3653,鱼中段,REVIEW,,,形态描述存在，但原始食材无法确定
3654,辅料,DROP,,,不属于指南允许的基础原生食材类别
3655,肉类,REVIEW,,,名称过于宽泛或形态含义不明确，禁止猜测映射
3656,海洋,DROP,,,不属于指南允许的基础原生食材类别
3657,松茸干,REVIEW,,,可能是原生食材，但频次、命名或类别证据不足
3658,干枣,REVIEW,,,可能是原生食材，但频次、命名或类别证据不足
3659,美式火腿,DROP,,,加工肉制品
3660,披萨芝士,DROP,,,烘焙或乳制加工食品
3661,帕尔玛干酪,DROP,,,不属于指南允许的基础原生食材类别
3662,千层面,REVIEW,,,可能是原生食材，但频次、命名或类别证据不足
3663,姜切碎,DROP,,,工具、包装或操作说明
3664,卷粉,DROP,,,不属于指南允许的基础原生食材类别
3665,烟肉,REVIEW,,,可能是原生食材，但频次、命名或类别证据不足
3666,独蒜蒜,REVIEW,,,可能是原生食材，但频次、命名或类别证据不足
3667,里肌肉,REVIEW,,,可能是原生食材，但频次、命名或类别证据不足
3668,金宝酥,DROP,,,不属于指南允许的基础原生食材类别
3669,马苏里芝士,DROP,,,烘焙或乳制加工食品
3670,香油葱,REVIEW,,,可能是原生食材，但频次、命名或类别证据不足
3671,头玉米,REVIEW,,,可能是原生食材，但频次、命名或类别证据不足
3672,末姜,REVIEW,,,可能是原生食材，但频次、命名或类别证据不足
3673,了蒜,REVIEW,,,可能是原生食材，但频次、命名或类别证据不足
3674,面包吐司,DROP,,,烘焙或乳制加工食品
3675,果蔬面,REVIEW,,,可能是原生食材，但频次、命名或类别证据不足
3676,黄金鲽鱼,REVIEW,,,可能是原生食材，但频次、命名或类别证据不足
3677,碎香葱,REVIEW,,,可能是原生食材，但频次、命名或类别证据不足
3678,辣椒蒜,REVIEW,,,可能是原生食材，但频次、命名或类别证据不足
3679,干胡萝卜,REVIEW,,,可能是原生食材，但频次、命名或类别证据不足
3680,谷物燕麦,REVIEW,,,可能是原生食材，但频次、命名或类别证据不足
3681,丝洋葱,REVIEW,,,可能是原生食材，但频次、命名或类别证据不足
3682,小方,DROP,,,不属于指南允许的基础原生食材类别
3683,调味海苔,DROP,,,成品、半成品或加工食品
3684,速食燕麦,REVIEW,,,可能是原生食材，但频次、命名或类别证据不足
3685,香花生,DROP,,,不属于指南允许的基础原生食材类别
3686,低脂火腿,DROP,,,加工肉制品
3687,小面,REVIEW,,,可能是原生食材，但频次、命名或类别证据不足
3688,甜罗勒叶,REVIEW,,,可能是原生食材，但频次、命名或类别证据不足
3689,小玉米,REVIEW,,,可能是原生食材，但频次、命名或类别证据不足
3690,碎胡萝卜,REVIEW,,,可能是原生食材，但频次、命名或类别证据不足
3691,几片面包,DROP,,,烘焙或乳制加工食品
3692,和葱,REVIEW,,,疑似多食材组合，但无法百分之百确认全部组成
3693,蒜末辣椒,REVIEW,,,可能是原生食材，但频次、命名或类别证据不足
3694,蒜末蒜,REVIEW,,,可能是原生食材，但频次、命名或类别证据不足
3695,菜肉,REVIEW,,,可能是原生食材，但频次、命名或类别证据不足
3696,就好葱,REVIEW,,,可能是原生食材，但频次、命名或类别证据不足
3697,剁碎蒜,REVIEW,,,可能是原生食材，但频次、命名或类别证据不足
3698,东阿阿胶,DROP,,,不属于指南允许的基础原生食材类别
3699,鲶鱼,REVIEW,,,可能是原生食材，但频次、命名或类别证据不足
3700,白馒头,DROP,,,成品、半成品或加工食品
3701,南杏仁,REVIEW,,,可能是原生食材，但频次、命名或类别证据不足
3702,土豆沙拉,DROP,,,成品、半成品或加工食品
3703,叶生菜,REVIEW,,,可能是原生食材，但频次、命名或类别证据不足
3704,乳清蛋白粉,REVIEW,,,可能是原生食材，但频次、命名或类别证据不足
3705,一段胡萝卜,REVIEW,,,可能是原生食材，但频次、命名或类别证据不足
3706,日式吐司粉,DROP,,,烘焙或乳制加工食品
3707,蒜瓣儿,REVIEW,,,可能是原生食材，但频次、命名或类别证据不足
3708,翅尖,DROP,,,不属于指南允许的基础原生食材类别
3709,节莲藕,REVIEW,,,可能是原生食材，但频次、命名或类别证据不足
3710,干丝,REVIEW,,,形态描述存在，但原始食材无法确定
3711,碟子,DROP,,,不属于指南允许的基础原生食材类别
3712,多少蔬菜,DROP,,,数量或单位残留且无法可靠恢复原食材
3713,鸭脚,REVIEW,,,可能是原生食材，但频次、命名或类别证据不足
3714,小红豆,REVIEW,,,可能是原生食材，但频次、命名或类别证据不足
3715,泉水浸金枪鱼罐头,DROP,,,成品、半成品或加工食品
3716,牛脊骨,REVIEW,,,可能是原生食材，但频次、命名或类别证据不足
3717,黑椒牛排,DROP,,,调味料不进入基础原生食材表
3718,草鸡蛋,REVIEW,,,可能是原生食材，但频次、命名或类别证据不足
3719,墨西哥玉米饼,REVIEW,,,可能是原生食材，但频次、命名或类别证据不足
3720,桂叶,DROP,,,不属于指南允许的基础原生食材类别
3721,各面粉,DROP,,,成品、半成品或加工食品
3722,萝卜皮,DROP,,,不属于指南允许的基础原生食材类别
3723,烧饼,REVIEW,,,可能是原生食材，但频次、命名或类别证据不足
3724,树莓果泥,DROP,,,不属于指南允许的基础原生食材类别
3725,炖好牛肉,REVIEW,,,可能是原生食材，但频次、命名或类别证据不足
3726,水果黄瓜,REVIEW,,,可能是原生食材，但频次、命名或类别证据不足
3727,干裙带菜,REVIEW,,,可能是原生食材，但频次、命名或类别证据不足
3728,榆钱,KEEP,450,榆钱,符合基础原生食材定义
3729,速冻汤圆,DROP,,,不属于指南允许的基础原生食材类别
3730,饺皮,DROP,,,不属于指南允许的基础原生食材类别
3731,麻薯粉,REVIEW,,,可能是原生食材，但频次、命名或类别证据不足
3732,紫叶生菜,REVIEW,,,可能是原生食材，但频次、命名或类别证据不足
3733,猪尾,REVIEW,,,可能是原生食材，但频次、命名或类别证据不足
3734,低筋蛋糕粉,DROP,,,烘焙或乳制加工食品
3735,白花胶,DROP,,,不属于指南允许的基础原生食材类别
3736,蚝豉,DROP,,,不属于指南允许的基础原生食材类别
3737,甜品,DROP,,,不属于指南允许的基础原生食材类别
3738,雪豆,REVIEW,,,可能是原生食材，但频次、命名或类别证据不足
3739,张油纸,DROP,,,工具、包装或操作说明
3740,苔菜,KEEP,461,苔菜,符合基础原生食材定义
3741,绿线椒,REVIEW,,,可能是原生食材，但频次、命名或类别证据不足
3742,紫葡萄,KEEP,454,紫葡萄,符合基础原生食材定义
3743,丑耳,DROP,,,不属于指南允许的基础原生食材类别
3744,鲜罗勒叶,MERGE,51,罗勒,去除确定的鲜冻/去皮去骨描述
3745,猪舌头,REVIEW,,,可能是原生食材，但频次、命名或类别证据不足
3746,酒鬼花生,DROP,,,不属于指南允许的基础原生食材类别
3747,麻椒辣椒,DROP,,,调味料不进入基础原生食材表
3748,栗粉,REVIEW,,,可能是原生食材，但频次、命名或类别证据不足
3749,草莓酒,DROP,,,调味料不进入基础原生食材表
3750,蛋液和芝麻,REVIEW,,,疑似多食材组合，但无法百分之百确认全部组成
3751,羊骨头,REVIEW,,,可能是原生食材，但频次、命名或类别证据不足
3752,细心,DROP,,,不属于指南允许的基础原生食材类别
3753,水晶梨,REVIEW,,,可能是原生食材，但频次、命名或类别证据不足
3754,双汇火腿肠,DROP,,,加工肉制品
3755,鲜山楂,DROP,,,不属于指南允许的基础原生食材类别
3756,多少米,DROP,,,数量或单位残留且无法可靠恢复原食材
3757,猪展,REVIEW,,,可能是原生食材，但频次、命名或类别证据不足
3758,沙参,DROP,,,不属于指南允许的基础原生食材类别
3759,儿童肠,DROP,,,成品、半成品或加工食品
3760,干佩斯,DROP,,,不属于指南允许的基础原生食材类别
3761,腌好,DROP,,,不属于指南允许的基础原生食材类别
3762,屈臣氏苏打水,DROP,,,不属于指南允许的基础原生食材类别
3763,茯苓粉,DROP,,,不属于指南允许的基础原生食材类别
3764,泡菜水,DROP,,,成品、半成品或加工食品
3765,焖烧杯,DROP,,,不属于指南允许的基础原生食材类别
3766,云苓,DROP,,,不属于指南允许的基础原生食材类别
3767,姜米,REVIEW,,,可能是原生食材，但频次、命名或类别证据不足
3768,草莓巧克力,DROP,,,烘焙或乳制加工食品
3769,过夜米饭,DROP,,,成品、半成品或加工食品
3770,鸡翅尖,REVIEW,,,可能是原生食材，但频次、命名或类别证据不足
3771,水面粉,DROP,,,成品、半成品或加工食品
3772,焖饭,DROP,,,成品、半成品或加工食品
3773,山东大葱,REVIEW,,,可能是原生食材，但频次、命名或类别证据不足
3774,干葱姜蒜,REVIEW,,,可能是原生食材，但频次、命名或类别证据不足
3775,台芒,DROP,,,不属于指南允许的基础原生食材类别
3776,鲜鸡蛋,MERGE,7,鸡蛋,去除确定的鲜冻/去皮去骨描述
3777,魔芋精粉,REVIEW,,,可能是原生食材，但频次、命名或类别证据不足
3778,南瓜藤,KEEP,448,南瓜藤,符合基础原生食材定义
3779,牛棒骨,REVIEW,,,可能是原生食材，但频次、命名或类别证据不足
3780,奶酪棒,DROP,,,烘焙或乳制加工食品
3781,桔子皮,DROP,,,不属于指南允许的基础原生食材类别
3782,任意蔬菜,REVIEW,,,可能是原生食材，但频次、命名或类别证据不足
3783,各种肉,REVIEW,,,可能是原生食材，但频次、命名或类别证据不足
3784,明胶粉,DROP,,,不属于指南允许的基础原生食材类别
3785,茼蒿菜,REVIEW,,,可能是原生食材，但频次、命名或类别证据不足
3786,龙虾尾,REVIEW,,,可能是原生食材，但频次、命名或类别证据不足
3787,饵块,REVIEW,,,形态描述存在，但原始食材无法确定
3788,春菜,REVIEW,,,可能是原生食材，但频次、命名或类别证据不足
3789,干笋,REVIEW,,,可能是原生食材，但频次、命名或类别证据不足
3790,肥羊卷,REVIEW,,,可能是原生食材，但频次、命名或类别证据不足
3791,混合麦片,REVIEW,,,形态描述存在，但原始食材无法确定
3792,奥尔良料,DROP,,,不属于指南允许的基础原生食材类别
3793,筒子骨,DROP,,,不属于指南允许的基础原生食材类别
3794,少量胡萝卜,REVIEW,,,可能是原生食材，但频次、命名或类别证据不足
3795,煎豆腐,DROP,,,豆制品或淀粉制品（严格模式排除）
3796,冰草,DROP,,,不属于指南允许的基础原生食材类别
3797,拉丝芝士,DROP,,,烘焙或乳制加工食品
3798,腔骨,DROP,,,不属于指南允许的基础原生食材类别
3799,肋骨,DROP,,,不属于指南允许的基础原生食材类别
3800,西红柿丁,MERGE,14,番茄,去除切片/切块/切丁等形态描述
3801,红菜苔,REVIEW,,,可能是原生食材，但频次、命名或类别证据不足
3802,蹄膀,DROP,,,不属于指南允许的基础原生食材类别
3803,海白菜,REVIEW,,,可能是原生食材，但频次、命名或类别证据不足
3804,油面,REVIEW,,,可能是原生食材，但频次、命名或类别证据不足
3805,细玉米面,REVIEW,,,可能是原生食材，但频次、命名或类别证据不足
3806,鸡大腿肉,REVIEW,,,可能是原生食材，但频次、命名或类别证据不足
3807,二刀肉,REVIEW,,,可能是原生食材，但频次、命名或类别证据不足
3808,富强粉,DROP,,,不属于指南允许的基础原生食材类别
3809,鲜汤,DROP,,,不属于指南允许的基础原生食材类别
3810,奶粉加水,DROP,,,烘焙或乳制加工食品
3811,熟糕粉,DROP,,,成品、半成品或加工食品
3812,打蛋盆,REVIEW,,,可能是原生食材，但频次、命名或类别证据不足
3813,机面粉,DROP,,,成品、半成品或加工食品
3814,葱花姜末,REVIEW,,,形态描述存在，但原始食材无法确定
3815,肉罐头,DROP,,,成品、半成品或加工食品
3816,钉螺,REVIEW,,,可能是原生食材，但频次、命名或类别证据不足
3817,压面机,REVIEW,,,可能是原生食材，但频次、命名或类别证据不足
3818,口味辣白菜,DROP,,,不属于指南允许的基础原生食材类别
3819,北芪,DROP,,,不属于指南允许的基础原生食材类别
3820,罗氏虾,REVIEW,,,可能是原生食材，但频次、命名或类别证据不足
3821,备面粉,DROP,,,成品、半成品或加工食品
3822,子面粉,DROP,,,成品、半成品或加工食品
3823,黑全麦面粉,DROP,,,成品、半成品或加工食品
3824,卤包,DROP,,,不属于指南允许的基础原生食材类别
3825,都是,DROP,,,不属于指南允许的基础原生食材类别
3826,大麦,KEEP,462,大麦,符合基础原生食材定义
3827,料水,DROP,,,不属于指南允许的基础原生食材类别
3828,腊八豆,REVIEW,,,可能是原生食材，但频次、命名或类别证据不足
3829,最重要,DROP,,,不属于指南允许的基础原生食材类别
3830,枝迷迭香,DROP,,,调味料不进入基础原生食材表
3831,过筛,DROP,,,不属于指南允许的基础原生食材类别
3832,世棒午餐肉,DROP,,,加工肉制品
3833,头蒜头,REVIEW,,,可能是原生食材，但频次、命名或类别证据不足
3834,咖哩粉,DROP,,,不属于指南允许的基础原生食材类别
3835,干辣椒节,DROP,,,调味料不进入基础原生食材表
3836,冬虫夏草,DROP,,,不属于指南允许的基础原生食材类别
3837,牛肋条肉,REVIEW,,,可能是原生食材，但频次、命名或类别证据不足
3838,各种火锅丸子,DROP,,,成品、半成品或加工食品
3839,猪肘,REVIEW,,,可能是原生食材，但频次、命名或类别证据不足
3840,保鲜盒,DROP,,,不属于指南允许的基础原生食材类别
3841,金兰油膏,DROP,,,不属于指南允许的基础原生食材类别
3842,干红辣椒段,REVIEW,,,形态描述存在，但原始食材无法确定
3843,五香,DROP,,,不属于指南允许的基础原生食材类别
3844,全蛋液刷表面,DROP,,,工具、包装或操作说明
3845,米糯米,REVIEW,,,可能是原生食材，但频次、命名或类别证据不足
3846,柚子蜜,REVIEW,,,可能是原生食材，但频次、命名或类别证据不足
3847,一段大葱,REVIEW,,,可能是原生食材，但频次、命名或类别证据不足
3848,蘑菇切片,REVIEW,,,形态描述存在，但原始食材无法确定
3849,香菇香菇,REVIEW,,,可能是原生食材，但频次、命名或类别证据不足
3850,干辣椒皮,DROP,,,调味料不进入基础原生食材表
3851,茨实,DROP,,,不属于指南允许的基础原生食材类别
3852,干果类,DROP,,,不属于指南允许的基础原生食材类别
3853,酸梅汤,DROP,,,不属于指南允许的基础原生食材类别
3854,番茄酱罐头,DROP,,,成品、半成品或加工食品
3855,就好鸡蛋,REVIEW,,,可能是原生食材，但频次、命名或类别证据不足
3856,九节虾,KEEP,457,九节虾,符合基础原生食材定义
3857,一个蛋鸡蛋,DROP,,,数量或单位残留且无法可靠恢复原食材
3858,几朵木耳,DROP,,,数量或单位残留且无法可靠恢复原食材
3859,核桃壳,REVIEW,,,可能是原生食材，但频次、命名或类别证据不足
3860,长辣椒,REVIEW,,,可能是原生食材，但频次、命名或类别证据不足
3861,胚芽米饭,DROP,,,成品、半成品或加工食品
3862,花生醬,DROP,,,不属于指南允许的基础原生食材类别
3863,蟹籽,REVIEW,,,可能是原生食材，但频次、命名或类别证据不足
3864,排排骨,REVIEW,,,可能是原生食材，但频次、命名或类别证据不足
3865,稠酸奶,DROP,,,饮料、酒类或乳制品不属于本版核心原生食材
3866,多清水,DROP,,,不属于指南允许的基础原生食材类别
3867,直面,REVIEW,,,可能是原生食材，但频次、命名或类别证据不足
3868,低脂酸奶,DROP,,,饮料、酒类或乳制品不属于本版核心原生食材
3869,麦芽精,REVIEW,,,可能是原生食材，但频次、命名或类别证据不足
3870,酸腌菜,REVIEW,,,可能是原生食材，但频次、命名或类别证据不足
3871,丝苗米,REVIEW,,,可能是原生食材，但频次、命名或类别证据不足
3872,鸡小胸肉,REVIEW,,,可能是原生食材，但频次、命名或类别证据不足
3873,红苕粉,DROP,,,不属于指南允许的基础原生食材类别
3874,虾仁干,REVIEW,,,可能是原生食材，但频次、命名或类别证据不足
3875,雞粉,DROP,,,不属于指南允许的基础原生食材类别
3876,特仑苏牛奶,DROP,,,饮料、酒类或乳制品不属于本版核心原生食材
3877,西梅干,DROP,,,不属于指南允许的基础原生食材类别
3878,出来,DROP,,,不属于指南允许的基础原生食材类别
3879,蛋白液,REVIEW,,,可能是原生食材，但频次、命名或类别证据不足
3880,炒芝麻,REVIEW,,,可能是原生食材，但频次、命名或类别证据不足
3881,凝固型酸奶,DROP,,,饮料、酒类或乳制品不属于本版核心原生食材
3882,腊牛肉,REVIEW,,,可能是原生食材，但频次、命名或类别证据不足
3883,马卡龙,DROP,,,不属于指南允许的基础原生食材类别
3884,表面可可粉,DROP,,,成品、半成品或加工食品
3885,鸡尖,REVIEW,,,可能是原生食材，但频次、命名或类别证据不足
3886,长糯米,REVIEW,,,可能是原生食材，但频次、命名或类别证据不足
3887,裹料,DROP,,,不属于指南允许的基础原生食材类别
3888,伯爵红茶粉,DROP,,,不属于指南允许的基础原生食材类别
3889,果料,DROP,,,不属于指南允许的基础原生食材类别
3890,油菜心,KEEP,452,油菜心,符合基础原生食材定义
3891,油栗,REVIEW,,,可能是原生食材，但频次、命名或类别证据不足
3892,羊里脊,REVIEW,,,可能是原生食材，但频次、命名或类别证据不足
3893,中豆腐,DROP,,,豆制品或淀粉制品（严格模式排除）
3894,海蟹,KEEP,459,海蟹,符合基础原生食材定义
3895,浆水,DROP,,,不属于指南允许的基础原生食材类别
3896,黑猪肉,REVIEW,,,可能是原生食材，但频次、命名或类别证据不足
3897,自己口味辣椒,REVIEW,,,可能是原生食材，但频次、命名或类别证据不足
3898,任意搭配,DROP,,,不属于指南允许的基础原生食材类别
3899,鸡脆骨,REVIEW,,,可能是原生食材，但频次、命名或类别证据不足
3900,干尖椒,REVIEW,,,可能是原生食材，但频次、命名或类别证据不足
3901,高筋面,REVIEW,,,可能是原生食材，但频次、命名或类别证据不足
3902,奶白菜,KEEP,449,奶白菜,符合基础原生食材定义
3903,辣椒大蒜,REVIEW,,,可能是原生食材，但频次、命名或类别证据不足
3904,味岛香松,DROP,,,不属于指南允许的基础原生食材类别
3905,蹄髈,DROP,,,不属于指南允许的基础原生食材类别
3906,雪菜笋丝,DROP,,,成品、半成品或加工食品
3907,牛尾骨,REVIEW,,,可能是原生食材，但频次、命名或类别证据不足
3908,牛角包,REVIEW,,,可能是原生食材，但频次、命名或类别证据不足
3909,果蔬面粉,DROP,,,成品、半成品或加工食品
3910,红皮洋葱,DROP,,,不属于指南允许的基础原生食材类别
3911,葵花籽仁,REVIEW,,,可能是原生食材，但频次、命名或类别证据不足
3912,酸菜鱼包,DROP,,,成品、半成品或加工食品
3913,黑珍珠,DROP,,,不属于指南允许的基础原生食材类别
3914,速冻虾仁,REVIEW,,,可能是原生食材，但频次、命名或类别证据不足
3915,白菜芯,REVIEW,,,可能是原生食材，但频次、命名或类别证据不足
3916,水牛芝士,DROP,,,烘焙或乳制加工食品
3917,即食鸡胸肉,DROP,,,成品、半成品或加工食品
3918,鱼皮,DROP,,,不属于指南允许的基础原生食材类别
3919,猴头菇粉,REVIEW,,,可能是原生食材，但频次、命名或类别证据不足
3920,食玫瑰花瓣,DROP,,,调味料不进入基础原生食材表
3921,竹丝鸡,REVIEW,,,可能是原生食材，但频次、命名或类别证据不足
3922,干腐竹,DROP,,,豆制品或淀粉制品（严格模式排除）
3923,刀鱼,KEEP,458,刀鱼,符合基础原生食材定义
3924,香蕉香蕉,REVIEW,,,可能是原生食材，但频次、命名或类别证据不足
3925,白西米,DROP,,,成品、半成品或加工食品
3926,法式奶油霜,DROP,,,烘焙或乳制加工食品
3927,红萝卜丁,REVIEW,,,形态描述存在，但原始食材无法确定
3928,茄汁黄豆,REVIEW,,,可能是原生食材，但频次、命名或类别证据不足
3929,蛋黄蛋黄液,REVIEW,,,可能是原生食材，但频次、命名或类别证据不足
3930,高粱米,KEEP,464,高粱米,符合基础原生食材定义
3931,青江菜,REVIEW,,,可能是原生食材，但频次、命名或类别证据不足
3932,葱葱白,REVIEW,,,可能是原生食材，但频次、命名或类别证据不足
3933,笋干菜,DROP,,,成品、半成品或加工食品
3934,三文鱼皮,DROP,,,不属于指南允许的基础原生食材类别
3935,芒果慕斯,DROP,,,成品、半成品或加工食品
3936,白巧克力慕斯,DROP,,,烘焙或乳制加工食品
3937,冰格,DROP,,,不属于指南允许的基础原生食材类别
3938,肉蟹,REVIEW,,,可能是原生食材，但频次、命名或类别证据不足
3939,正山小种,DROP,,,不属于指南允许的基础原生食材类别
3940,鱼头一个,DROP,,,数量或单位残留且无法可靠恢复原食材
3941,酸柠檬,REVIEW,,,可能是原生食材，但频次、命名或类别证据不足
3942,酱原料,DROP,,,不属于指南允许的基础原生食材类别
3943,曲酒,DROP,,,调味料不进入基础原生食材表
3944,牛骨头,REVIEW,,,可能是原生食材，但频次、命名或类别证据不足
3945,熟红豆,DROP,,,成品、半成品或加工食品
3946,山泉水,DROP,,,不属于指南允许的基础原生食材类别
3947,软化,DROP,,,不属于指南允许的基础原生食材类别
3948,帕马森芝士,DROP,,,烘焙或乳制加工食品
3949,燕麦仁,REVIEW,,,可能是原生食材，但频次、命名或类别证据不足
3950,巧克力蛋糕胚,DROP,,,烘焙或乳制加工食品
3951,葱姜蒜小米椒,REVIEW,,,可能是原生食材，但频次、命名或类别证据不足
3952,一样水,DROP,,,不属于指南允许的基础原生食材类别
3953,干红辣椒丝,REVIEW,,,形态描述存在，但原始食材无法确定
3954,鲜豆腐,DROP,,,豆制品或淀粉制品（严格模式排除）
3955,猪肠,DROP,,,成品、半成品或加工食品
3956,奶黄,DROP,,,不属于指南允许的基础原生食材类别
3957,多胡萝卜,REVIEW,,,可能是原生食材，但频次、命名或类别证据不足
3958,香葱沫,REVIEW,,,可能是原生食材，但频次、命名或类别证据不足
3959,青红彩椒,REVIEW,,,可能是原生食材，但频次、命名或类别证据不足
3960,干辣椒蒜,DROP,,,调味料不进入基础原生食材表
3961,柠檬凝乳,REVIEW,,,可能是原生食材，但频次、命名或类别证据不足
3962,顶部,DROP,,,不属于指南允许的基础原生食材类别
3963,潮汕牛肉丸,DROP,,,成品、半成品或加工食品
3964,多少鸡胸肉,DROP,,,数量或单位残留且无法可靠恢复原食材
3965,绿椒,REVIEW,,,可能是原生食材，但频次、命名或类别证据不足
3966,成泥,DROP,,,不属于指南允许的基础原生食材类别
3967,大小老姜,REVIEW,,,可能是原生食材，但频次、命名或类别证据不足
3968,宁波年糕,DROP,,,成品、半成品或加工食品
3969,姜蒜葱,REVIEW,,,可能是原生食材，但频次、命名或类别证据不足
3970,烧猪肉,REVIEW,,,可能是原生食材，但频次、命名或类别证据不足
3971,西梅,KEEP,455,西梅,符合基础原生食材定义
3972,脆苹果,REVIEW,,,可能是原生食材，但频次、命名或类别证据不足
3973,煎鸡蛋,REVIEW,,,可能是原生食材，但频次、命名或类别证据不足
3974,嫩生姜,REVIEW,,,可能是原生食材，但频次、命名或类别证据不足
3975,蛋炒饭,DROP,,,成品、半成品或加工食品
3976,油量,DROP,,,不属于指南允许的基础原生食材类别
3977,支迷迭香,DROP,,,调味料不进入基础原生食材表
3978,鸡米花,REVIEW,,,可能是原生食材，但频次、命名或类别证据不足
3979,泡菜萝卜,DROP,,,成品、半成品或加工食品
3980,绿彩椒,REVIEW,,,可能是原生食材，但频次、命名或类别证据不足
3981,胶原蛋白粉,REVIEW,,,可能是原生食材，但频次、命名或类别证据不足
3982,酒渍葡萄干,DROP,,,成品、半成品或加工食品
3983,月饼专粉,DROP,,,成品、半成品或加工食品
3984,星冰粽,DROP,,,不属于指南允许的基础原生食材类别
3985,我没放,DROP,,,不属于指南允许的基础原生食材类别
3986,刷蛋液鸡蛋,DROP,,,工具、包装或操作说明
3987,调色,DROP,,,不属于指南允许的基础原生食材类别
3988,螺肉,REVIEW,,,可能是原生食材，但频次、命名或类别证据不足
3989,拇指大小姜,REVIEW,,,可能是原生食材，但频次、命名或类别证据不足
3990,猪筒骨,REVIEW,,,可能是原生食材，但频次、命名或类别证据不足
3991,杂鱼,REVIEW,,,可能是原生食材，但频次、命名或类别证据不足
3992,虾米皮,DROP,,,成品、半成品或加工食品
3993,金味麦片,REVIEW,,,形态描述存在，但原始食材无法确定
3994,散养鸡,REVIEW,,,可能是原生食材，但频次、命名或类别证据不足
3995,瘦肉猪肉,REVIEW,,,可能是原生食材，但频次、命名或类别证据不足
3996,子清水,DROP,,,不属于指南允许的基础原生食材类别
3997,薄脆饼干,DROP,,,烘焙或乳制加工食品
3998,瓷勺,DROP,,,不属于指南允许的基础原生食材类别
3999,普通大米,REVIEW,,,可能是原生食材，但频次、命名或类别证据不足
4000,多少板栗,DROP,,,数量或单位残留且无法可靠恢复原食材
4001,后放,DROP,,,不属于指南允许的基础原生食材类别
4002,饼干棒,DROP,,,烘焙或乳制加工食品
4003,几朵干香菇,DROP,,,数量或单位残留且无法可靠恢复原食材
4004,低脂纯牛奶,DROP,,,饮料、酒类或乳制品不属于本版核心原生食材
4005,巧克力派,DROP,,,烘焙或乳制加工食品
4006,黄豆渣,DROP,,,成品、半成品或加工食品
4007,汤粉,DROP,,,不属于指南允许的基础原生食材类别
4008,調料,DROP,,,不属于指南允许的基础原生食材类别
4009,克莲子,MERGE,122,莲子,去除确定的鲜冻/去皮去骨描述
4010,葱姜大料,REVIEW,,,可能是原生食材，但频次、命名或类别证据不足
4011,鸽子蛋,REVIEW,,,可能是原生食材，但频次、命名或类别证据不足
4012,葡萄干蔓越莓,DROP,,,成品、半成品或加工食品
4013,各色蔬菜,REVIEW,,,可能是原生食材，但频次、命名或类别证据不足
4014,刻度线水,DROP,,,不属于指南允许的基础原生食材类别
4015,迷你胡萝卜,REVIEW,,,可能是原生食材，但频次、命名或类别证据不足
4016,虾仁菜脯,REVIEW,,,可能是原生食材，但频次、命名或类别证据不足
4017,天津冬菜,DROP,,,成品、半成品或加工食品
4018,鲜橙皮,DROP,,,不属于指南允许的基础原生食材类别
4019,青甜椒,REVIEW,,,可能是原生食材，但频次、命名或类别证据不足
4020,度水,DROP,,,不属于指南允许的基础原生食材类别
4021,布丁瓶,DROP,,,成品、半成品或加工食品
4022,风干火腿,DROP,,,加工肉制品
4023,甜洋葱,REVIEW,,,可能是原生食材，但频次、命名或类别证据不足
4024,鸡骨头,REVIEW,,,可能是原生食材，但频次、命名或类别证据不足
4025,布袋,DROP,,,不属于指南允许的基础原生食材类别
4026,萝卜叶,REVIEW,,,可能是原生食材，但频次、命名或类别证据不足
4027,柑橘,REVIEW,,,可能是原生食材，但频次、命名或类别证据不足
4028,五谷粉,DROP,,,不属于指南允许的基础原生食材类别
4029,双手,DROP,,,不属于指南允许的基础原生食材类别
4030,诺邓火腿,DROP,,,加工肉制品
4031,栗子馅,REVIEW,,,可能是原生食材，但频次、命名或类别证据不足
4032,辣子面,REVIEW,,,可能是原生食材，但频次、命名或类别证据不足
4033,辣条,DROP,,,不属于指南允许的基础原生食材类别
4034,猪肉饼,REVIEW,,,可能是原生食材，但频次、命名或类别证据不足
4035,黄面包糠,DROP,,,烘焙或乳制加工食品
4036,发面饼,REVIEW,,,可能是原生食材，但频次、命名或类别证据不足
4037,面包面粉,DROP,,,烘焙或乳制加工食品
4038,桂林米粉,DROP,,,成品、半成品或加工食品
4039,干锅料,DROP,,,不属于指南允许的基础原生食材类别
4040,香芹菜,REVIEW,,,可能是原生食材，但频次、命名或类别证据不足
4041,面包边,DROP,,,烘焙或乳制加工食品
4042,材料如图,DROP,,,不属于指南允许的基础原生食材类别
4043,泡红辣椒,REVIEW,,,可能是原生食材，但频次、命名或类别证据不足
4044,灵感,DROP,,,不属于指南允许的基础原生食材类别
4045,就放,DROP,,,不属于指南允许的基础原生食材类别
4046,各种粉,DROP,,,不属于指南允许的基础原生食材类别
4047,油豆角,KEEP,453,油豆角,符合基础原生食材定义
4048,黑豆罐头,DROP,,,成品、半成品或加工食品
4049,胡蘿蔔,DROP,,,不属于指南允许的基础原生食材类别
4050,台湾烤肠,DROP,,,成品、半成品或加工食品
4051,挂耳咖啡,DROP,,,饮料、酒类或乳制品不属于本版核心原生食材
4052,熟鸡肉,DROP,,,成品、半成品或加工食品
4053,秋梨膏,REVIEW,,,可能是原生食材，但频次、命名或类别证据不足
4054,虫草菇,REVIEW,,,可能是原生食材，但频次、命名或类别证据不足
4055,猪肉丸子,DROP,,,成品、半成品或加工食品
4056,干鹰嘴豆,REVIEW,,,可能是原生食材，但频次、命名或类别证据不足
4057,葱伴侣,REVIEW,,,可能是原生食材，但频次、命名或类别证据不足
4058,青椒圈,REVIEW,,,可能是原生食材，但频次、命名或类别证据不足
4059,番红花,DROP,,,不属于指南允许的基础原生食材类别
4060,不知道多少,DROP,,,数量或单位残留且无法可靠恢复原食材
4061,牛上脑,REVIEW,,,可能是原生食材，但频次、命名或类别证据不足
4062,凉面,REVIEW,,,可能是原生食材，但频次、命名或类别证据不足
4063,外婆菜,REVIEW,,,可能是原生食材，但频次、命名或类别证据不足
4064,黄豆豆渣,DROP,,,成品、半成品或加工食品
4065,小黄姜,REVIEW,,,可能是原生食材，但频次、命名或类别证据不足
4066,草莓蓝莓,REVIEW,,,可能是原生食材，但频次、命名或类别证据不足
4067,坚持,DROP,,,不属于指南允许的基础原生食材类别
4068,马苏拉里芝士,DROP,,,烘焙或乳制加工食品
4069,随心,DROP,,,不属于指南允许的基础原生食材类别
4070,主菜,REVIEW,,,可能是原生食材，但频次、命名或类别证据不足
4071,淡干虾皮,DROP,,,成品、半成品或加工食品
4072,玉米火腿肠,DROP,,,加工肉制品
4073,牛肉里脊肉,REVIEW,,,可能是原生食材，但频次、命名或类别证据不足
4074,包装袋,DROP,,,不属于指南允许的基础原生食材类别
4075,大虾仁,REVIEW,,,可能是原生食材，但频次、命名或类别证据不足
4076,五香豆腐干,DROP,,,豆制品或淀粉制品（严格模式排除）
4077,酒渍蔓越莓,REVIEW,,,可能是原生食材，但频次、命名或类别证据不足
4078,酪乳,DROP,,,不属于指南允许的基础原生食材类别
4079,乌饭叶,DROP,,,不属于指南允许的基础原生食材类别
4080,决定,DROP,,,不属于指南允许的基础原生食材类别
4081,猪腩肉,REVIEW,,,可能是原生食材，但频次、命名或类别证据不足
4082,配色,DROP,,,不属于指南允许的基础原生食材类别
4083,粉料,DROP,,,不属于指南允许的基础原生食材类别
4084,全麦土司,REVIEW,,,可能是原生食材，但频次、命名或类别证据不足
4085,文昌鸡,REVIEW,,,可能是原生食材，但频次、命名或类别证据不足
4086,西芹叶,REVIEW,,,可能是原生食材，但频次、命名或类别证据不足
4087,奶油香缇,DROP,,,烘焙或乳制加工食品
4088,豆花,REVIEW,,,可能是原生食材，但频次、命名或类别证据不足
4089,蒜仔,REVIEW,,,可能是原生食材，但频次、命名或类别证据不足
4090,新鲜猪肉,MERGE,4,猪肉,去除确定的鲜冻/去皮去骨描述
4091,葱花姜片,REVIEW,,,形态描述存在，但原始食材无法确定
4092,不辣干辣椒,DROP,,,调味料不进入基础原生食材表
4093,棵西兰花,REVIEW,,,可能是原生食材，但频次、命名或类别证据不足
4094,牦牛肉,KEEP,456,牦牛肉,符合基础原生食材定义
4095,灯笼泡椒,DROP,,,成品、半成品或加工食品
4096,婴儿米粉,DROP,,,成品、半成品或加工食品
4097,红心红薯,REVIEW,,,可能是原生食材，但频次、命名或类别证据不足
4098,几根火腿肠,DROP,,,加工肉制品
4099,带皮肉,DROP,,,不属于指南允许的基础原生食材类别
4100,油豆腐皮,DROP,,,豆制品或淀粉制品（严格模式排除）
4101,作品,DROP,,,不属于指南允许的基础原生食材类别
4102,层戚风蛋糕,DROP,,,烘焙或乳制加工食品
4103,野生鲫鱼,REVIEW,,,可能是原生食材，但频次、命名或类别证据不足
4104,曲奇配方,DROP,,,成品、半成品或加工食品
4105,铲子,DROP,,,不属于指南允许的基础原生食材类别
4106,猪肉薄片,REVIEW,,,形态描述存在，但原始食材无法确定
4107,橡胶手套,DROP,,,不属于指南允许的基础原生食材类别
4108,木姜子,REVIEW,,,可能是原生食材，但频次、命名或类别证据不足
4109,牛肉切片,REVIEW,,,形态描述存在，但原始食材无法确定
4110,虾球,REVIEW,,,可能是原生食材，但频次、命名或类别证据不足
4111,见下图,DROP,,,不属于指南允许的基础原生食材类别
4112,红黄甜椒,REVIEW,,,可能是原生食材，但频次、命名或类别证据不足
4113,香草味酸奶,DROP,,,饮料、酒类或乳制品不属于本版核心原生食材
4114,草莓味,REVIEW,,,可能是原生食材，但频次、命名或类别证据不足
4115,卡仕达奶油馅,DROP,,,烘焙或乳制加工食品
4116,脆皮香肠,DROP,,,加工肉制品
4117,鲜鸡,REVIEW,,,可能是原生食材，但频次、命名或类别证据不足
4118,粉水,DROP,,,不属于指南允许的基础原生食材类别
4119,汉堡坯,DROP,,,成品、半成品或加工食品
4120,刷表面全蛋液,DROP,,,工具、包装或操作说明
4121,天然色粉,DROP,,,不属于指南允许的基础原生食材类别
4122,蛋白鸡蛋,REVIEW,,,可能是原生食材，但频次、命名或类别证据不足
4123,一小碗水,DROP,,,不属于指南允许的基础原生食材类别
4124,冻玉米粒,REVIEW,,,可能是原生食材，但频次、命名或类别证据不足
4125,荞麦冷面,REVIEW,,,可能是原生食材，但频次、命名或类别证据不足
4126,沙虫,DROP,,,不属于指南允许的基础原生食材类别
4127,鲜蔬粉,DROP,,,不属于指南允许的基础原生食材类别
4128,半小时,DROP,,,不属于指南允许的基础原生食材类别
4129,韩国年糕,DROP,,,成品、半成品或加工食品
4130,葱末蒜末,REVIEW,,,形态描述存在，但原始食材无法确定
4131,各类菌菇,REVIEW,,,可能是原生食材，但频次、命名或类别证据不足
4132,牛肋骨,REVIEW,,,可能是原生食材，但频次、命名或类别证据不足
4133,思慕雪,DROP,,,不属于指南允许的基础原生食材类别
4134,多水,DROP,,,不属于指南允许的基础原生食材类别
4135,豆豆,REVIEW,,,可能是原生食材，但频次、命名或类别证据不足
4136,菜切丝,REVIEW,,,形态描述存在，但原始食材无法确定
4137,伊面,REVIEW,,,可能是原生食材，但频次、命名或类别证据不足
4138,蒜白,REVIEW,,,可能是原生食材，但频次、命名或类别证据不足
4139,剩馒头,DROP,,,成品、半成品或加工食品
4140,腩肉,REVIEW,,,可能是原生食材，但频次、命名或类别证据不足
4141,土鸡汤,REVIEW,,,可能是原生食材，但频次、命名或类别证据不足
4142,黑麦面包,DROP,,,烘焙或乳制加工食品
4143,巧克力牛奶,DROP,,,烘焙或乳制加工食品
4144,心意,DROP,,,不属于指南允许的基础原生食材类别
4145,香草料,REVIEW,,,可能是原生食材，但频次、命名或类别证据不足
4146,玉米香肠,DROP,,,加工肉制品
4147,八宝粥,DROP,,,成品、半成品或加工食品
4148,雀巢咖啡,DROP,,,饮料、酒类或乳制品不属于本版核心原生食材
4149,面剂子,REVIEW,,,可能是原生食材，但频次、命名或类别证据不足
4150,鲮鱼罐头,DROP,,,成品、半成品或加工食品
4151,法式酥皮,DROP,,,不属于指南允许的基础原生食材类别
4152,帕玛森乳酪,DROP,,,不属于指南允许的基础原生食材类别
4153,香菜小葱,REVIEW,,,可能是原生食材，但频次、命名或类别证据不足
4154,白咖啡,DROP,,,饮料、酒类或乳制品不属于本版核心原生食材
4155,水分,DROP,,,不属于指南允许的基础原生食材类别
4156,班兰叶,DROP,,,不属于指南允许的基础原生食材类别
4157,牛肉牛肉,REVIEW,,,可能是原生食材，但频次、命名或类别证据不足
4158,水果草莓,REVIEW,,,可能是原生食材，但频次、命名或类别证据不足
4159,豚骨拉面,REVIEW,,,可能是原生食材，但频次、命名或类别证据不足
4160,长豇豆,REVIEW,,,可能是原生食材，但频次、命名或类别证据不足
4161,张干豆腐,DROP,,,豆制品或淀粉制品（严格模式排除）
4162,婴儿面条,DROP,,,成品、半成品或加工食品
4163,三文鱼扒,REVIEW,,,可能是原生食材，但频次、命名或类别证据不足
4164,一个牛油果,MERGE,90,牛油果,修复数量/单位残留
4165,米燕麦,REVIEW,,,可能是原生食材，但频次、命名或类别证据不足
4166,肥瘦相间肉,REVIEW,,,可能是原生食材，但频次、命名或类别证据不足
4167,格鲁耶尔奶酪,DROP,,,烘焙或乳制加工食品
4168,黄花菜干,REVIEW,,,可能是原生食材，但频次、命名或类别证据不足
4169,牛奶冰淇淋,DROP,,,成品、半成品或加工食品
4170,各类水果,DROP,,,不属于指南允许的基础原生食材类别
4171,固体酸奶,DROP,,,饮料、酒类或乳制品不属于本版核心原生食材
4172,棵油麦菜,REVIEW,,,可能是原生食材，但频次、命名或类别证据不足
4173,表面刷液,DROP,,,工具、包装或操作说明
4174,鸡软骨,REVIEW,,,可能是原生食材，但频次、命名或类别证据不足
4175,头洋葱,REVIEW,,,可能是原生食材，但频次、命名或类别证据不足
4176,凉薯,KEEP,447,凉薯,符合基础原生食材定义
4177,调节牛奶,DROP,,,饮料、酒类或乳制品不属于本版核心原生食材
4178,浓缩液,DROP,,,不属于指南允许的基础原生食材类别
4179,双歧杆菌,REVIEW,,,可能是原生食材，但频次、命名或类别证据不足
4180,牛肉薄片,REVIEW,,,形态描述存在，但原始食材无法确定
4181,形意大利面,DROP,,,成品、半成品或加工食品
4182,三明治火腿,DROP,,,加工肉制品
4183,香猪肉,REVIEW,,,可能是原生食材，但频次、命名或类别证据不足
4184,克南瓜,MERGE,30,南瓜,去除确定的鲜冻/去皮去骨描述
4185,水蛋黄水,REVIEW,,,可能是原生食材，但频次、命名或类别证据不足
4186,拉肠粉,DROP,,,不属于指南允许的基础原生食材类别
4187,粗山药,REVIEW,,,可能是原生食材，但频次、命名或类别证据不足
4188,胡萝卜切丁,REVIEW,,,形态描述存在，但原始食材无法确定
4189,青椒一个,MERGE,11,青椒,修复数量/单位残留
4190,共水,DROP,,,不属于指南允许的基础原生食材类别
4191,朵平菇,MERGE,118,平菇,去除确定的鲜冻/去皮去骨描述
4192,杂菌,REVIEW,,,可能是原生食材，但频次、命名或类别证据不足
4193,普通粉,DROP,,,不属于指南允许的基础原生食材类别
4194,调理,DROP,,,不属于指南允许的基础原生食材类别
4195,玩偶,DROP,,,不属于指南允许的基础原生食材类别
4196,红辣椒圈,REVIEW,,,可能是原生食材，但频次、命名或类别证据不足
4197,了猪肉,REVIEW,,,可能是原生食材，但频次、命名或类别证据不足
4198,黄色小番茄,REVIEW,,,可能是原生食材，但频次、命名或类别证据不足
4199,面团配方,REVIEW,,,可能是原生食材，但频次、命名或类别证据不足
4200,乌龙茶汤,DROP,,,不属于指南允许的基础原生食材类别
4201,任何蔬菜,REVIEW,,,可能是原生食材，但频次、命名或类别证据不足
4202,捣碎,REVIEW,,,形态描述存在，但原始食材无法确定
4203,空玻璃瓶,DROP,,,不属于指南允许的基础原生食材类别
4204,碎干辣椒,DROP,,,调味料不进入基础原生食材表
4205,青红丝,REVIEW,,,形态描述存在，但原始食材无法确定
4206,乳酪馅,DROP,,,不属于指南允许的基础原生食材类别
4207,原方,DROP,,,不属于指南允许的基础原生食材类别
4208,咸鱼干,DROP,,,成品、半成品或加工食品
4209,可密封容器,DROP,,,工具、包装或操作说明
4210,汤面,REVIEW,,,可能是原生食材，但频次、命名或类别证据不足
4211,装酸奶,DROP,,,饮料、酒类或乳制品不属于本版核心原生食材
4212,意大利粉,DROP,,,不属于指南允许的基础原生食材类别
4213,味手抓饼,DROP,,,不属于指南允许的基础原生食材类别
4214,多点水,DROP,,,不属于指南允许的基础原生食材类别
4215,法式面包,DROP,,,烘焙或乳制加工食品
4216,朵大料,DROP,,,不属于指南允许的基础原生食材类别
4217,牛奶饼干,DROP,,,烘焙或乳制加工食品
4218,人量意大利面,DROP,,,成品、半成品或加工食品
4219,炖汤,DROP,,,不属于指南允许的基础原生食材类别
4220,蜜柚,REVIEW,,,可能是原生食材，但频次、命名或类别证据不足
4221,手掌大小,DROP,,,不属于指南允许的基础原生食材类别
4222,白色巧克力,DROP,,,烘焙或乳制加工食品
4223,汤豆腐,DROP,,,豆制品或淀粉制品（严格模式排除）
4224,新鲜菠萝,MERGE,67,菠萝,去除确定的鲜冻/去皮去骨描述
4225,丸子蔬菜,DROP,,,成品、半成品或加工食品
4226,饼面粉,DROP,,,成品、半成品或加工食品
4227,食竹炭粉,DROP,,,不属于指南允许的基础原生食材类别
4228,蛋糕胚配方,DROP,,,烘焙或乳制加工食品
4229,鸡胸肉鸡胸肉,REVIEW,,,可能是原生食材，但频次、命名或类别证据不足
4230,布丁杯,DROP,,,成品、半成品或加工食品
4231,鲽鱼,REVIEW,,,可能是原生食材，但频次、命名或类别证据不足
4232,麻婆豆腐料,DROP,,,豆制品或淀粉制品（严格模式排除）
4233,定量,DROP,,,不属于指南允许的基础原生食材类别
4234,蜡烛,DROP,,,不属于指南允许的基础原生食材类别
4235,大小鸡胸肉,REVIEW,,,可能是原生食材，但频次、命名或类别证据不足
4236,蓝纹奶酪,DROP,,,烘焙或乳制加工食品
4237,朵新鲜香菇,MERGE,23,香菇,去除确定的鲜冻/去皮去骨描述
4238,就行锡纸,DROP,,,工具、包装或操作说明
4239,青椒小米椒,REVIEW,,,可能是原生食材，但频次、命名或类别证据不足
4240,野生海参,REVIEW,,,可能是原生食材，但频次、命名或类别证据不足
4241,嫩豆腐豆腐,DROP,,,豆制品或淀粉制品（严格模式排除）
4242,生姜几片,REVIEW,,,形态描述存在，但原始食材无法确定
4243,蒜片姜片,REVIEW,,,形态描述存在，但原始食材无法确定
4244,蛋糕卷胚,DROP,,,烘焙或乳制加工食品
4245,奶酪夹心,DROP,,,烘焙或乳制加工食品
4246,纯生啤酒,DROP,,,调味料不进入基础原生食材表
4247,砀山梨,REVIEW,,,可能是原生食材，但频次、命名或类别证据不足
4248,黄油饼干,DROP,,,烘焙或乳制加工食品
4249,甜口,DROP,,,不属于指南允许的基础原生食材类别
4250,花朵,DROP,,,不属于指南允许的基础原生食材类别
4251,生巧克力,DROP,,,烘焙或乳制加工食品
4252,熟栗子,DROP,,,成品、半成品或加工食品
4253,几只大闸蟹,MERGE,205,大闸蟹,修复数量/单位残留
4254,鸡蛋一枚,REVIEW,,,可能是原生食材，但频次、命名或类别证据不足
4255,骏枣,REVIEW,,,可能是原生食材，但频次、命名或类别证据不足
4256,天然蘑菇精华,REVIEW,,,可能是原生食材，但频次、命名或类别证据不足
4257,冷藏牛奶,DROP,,,饮料、酒类或乳制品不属于本版核心原生食材
4258,腌渍料,DROP,,,不属于指南允许的基础原生食材类别
4259,神马,DROP,,,不属于指南允许的基础原生食材类别
4260,香蕉一根,MERGE,61,香蕉,修复数量/单位残留
4261,荷叶饼,DROP,,,调味料不进入基础原生食材表
4262,菌种,REVIEW,,,可能是原生食材，但频次、命名或类别证据不足
4263,半甜巧克力豆,DROP,,,烘焙或乳制加工食品
4264,蘑菇汤,REVIEW,,,可能是原生食材，但频次、命名或类别证据不足
4265,胡萝卜切丝,REVIEW,,,形态描述存在，但原始食材无法确定
4266,自己调整,DROP,,,不属于指南允许的基础原生食材类别
4267,盆水,DROP,,,不属于指南允许的基础原生食材类别
4268,泡姜泡海椒,DROP,,,成品、半成品或加工食品
4269,冰淇淋球,DROP,,,成品、半成品或加工食品
4270,隔夜剩饭,DROP,,,不属于指南允许的基础原生食材类别
4271,湖南剁椒,DROP,,,成品、半成品或加工食品
4272,黑樱桃罐头,DROP,,,成品、半成品或加工食品
4273,脆饼干,DROP,,,烘焙或乳制加工食品
4274,口味方便面,DROP,,,成品、半成品或加工食品
4275,里脊肉片,REVIEW,,,形态描述存在，但原始食材无法确定
4276,草莓草莓,REVIEW,,,可能是原生食材，但频次、命名或类别证据不足
4277,汉堡包面包,DROP,,,烘焙或乳制加工食品
4278,螺旋意大利面,DROP,,,成品、半成品或加工食品
4279,鲜藤椒,DROP,,,调味料不进入基础原生食材表
4280,黑提,DROP,,,不属于指南允许的基础原生食材类别
4281,多少豆腐,DROP,,,豆制品或淀粉制品（严格模式排除）
4282,备姜,REVIEW,,,可能是原生食材，但频次、命名或类别证据不足
4283,多少洋葱,DROP,,,数量或单位残留且无法可靠恢复原食材
4284,了水,DROP,,,不属于指南允许的基础原生食材类别
4285,调味酒,DROP,,,调味料不进入基础原生食材表
4286,子工具,DROP,,,不属于指南允许的基础原生食材类别
4287,组合,DROP,,,不属于指南允许的基础原生食材类别
4288,鸡肉火腿肠,DROP,,,加工肉制品
4289,味奶油奶酪,DROP,,,烘焙或乳制加工食品
4290,不要太多,DROP,,,不属于指南允许的基础原生食材类别
4291,米米,REVIEW,,,可能是原生食材，但频次、命名或类别证据不足
4292,蛋黄粉,REVIEW,,,可能是原生食材，但频次、命名或类别证据不足
4293,三色彩椒,REVIEW,,,可能是原生食材，但频次、命名或类别证据不足
4294,细圆挂面,REVIEW,,,可能是原生食材，但频次、命名或类别证据不足
4295,月饼饼皮,DROP,,,成品、半成品或加工食品
4296,坨蒜,REVIEW,,,可能是原生食材，但频次、命名或类别证据不足
4297,卤肉香料,REVIEW,,,可能是原生食材，但频次、命名或类别证据不足
4298,音乐,DROP,,,不属于指南允许的基础原生食材类别
4299,马苏里拉芝士球,DROP,,,烘焙或乳制加工食品
4300,斑斓精,DROP,,,不属于指南允许的基础原生食材类别
4301,辣椒包,REVIEW,,,可能是原生食材，但频次、命名或类别证据不足
4302,肥瘦,DROP,,,不属于指南允许的基础原生食材类别
4303,碎海苔,DROP,,,成品、半成品或加工食品
4304,就够了洋葱,REVIEW,,,可能是原生食材，但频次、命名或类别证据不足
4305,脆鱼,REVIEW,,,可能是原生食材，但频次、命名或类别证据不足
4306,蓝莓粉,REVIEW,,,可能是原生食材，但频次、命名或类别证据不足
4307,叶羽衣甘蓝,REVIEW,,,可能是原生食材，但频次、命名或类别证据不足
4308,贝类,REVIEW,,,可能是原生食材，但频次、命名或类别证据不足
4309,空瓶,DROP,,,不属于指南允许的基础原生食材类别
4310,鲜鸡汤,REVIEW,,,可能是原生食材，但频次、命名或类别证据不足
4311,爱玉籽,DROP,,,不属于指南允许的基础原生食材类别
4312,水果椒,REVIEW,,,可能是原生食材，但频次、命名或类别证据不足
4313,多低筋面粉,DROP,,,成品、半成品或加工食品
4314,菠蘿,DROP,,,不属于指南允许的基础原生食材类别
4315,古早蛋糕,DROP,,,烘焙或乳制加工食品
4316,一样多,DROP,,,不属于指南允许的基础原生食材类别
4317,绿叶,DROP,,,不属于指南允许的基础原生食材类别
4318,黑巧克力粉,DROP,,,烘焙或乳制加工食品
4319,多少放多少草莓,DROP,,,数量或单位残留且无法可靠恢复原食材
4320,腌橄榄,DROP,,,不属于指南允许的基础原生食材类别
4321,面粉糊,DROP,,,成品、半成品或加工食品
4322,芝麻糊,REVIEW,,,可能是原生食材，但频次、命名或类别证据不足
4323,厨房,DROP,,,不属于指南允许的基础原生食材类别
4324,一半洋葱,REVIEW,,,可能是原生食材，但频次、命名或类别证据不足
4325,菜和肉,REVIEW,,,疑似多食材组合，但无法百分之百确认全部组成
4326,方块五花肉,REVIEW,,,可能是原生食材，但频次、命名或类别证据不足
4327,麻辣小龙虾料,REVIEW,,,可能是原生食材，但频次、命名或类别证据不足
4328,味蛋白粉,REVIEW,,,可能是原生食材，但频次、命名或类别证据不足
4329,铁观音茶叶,DROP,,,饮料、酒类或乳制品不属于本版核心原生食材
4330,芽苗菜,REVIEW,,,可能是原生食材，但频次、命名或类别证据不足
4331,蒜头蒜蓉,REVIEW,,,可能是原生食材，但频次、命名或类别证据不足
4332,玉米粒罐头,DROP,,,成品、半成品或加工食品
4333,坛子辣椒,REVIEW,,,可能是原生食材，但频次、命名或类别证据不足
4334,仁核桃仁,REVIEW,,,可能是原生食材，但频次、命名或类别证据不足
4335,小米粥,DROP,,,成品、半成品或加工食品
4336,蔬菜肉类,REVIEW,,,可能是原生食材，但频次、命名或类别证据不足
4337,决定面粉,DROP,,,成品、半成品或加工食品
4338,温水温水,DROP,,,不属于指南允许的基础原生食材类别
4339,儿鸡胸肉,REVIEW,,,可能是原生食材，但频次、命名或类别证据不足
4340,奶香馒头,DROP,,,成品、半成品或加工食品
4341,张紫菜,REVIEW,,,可能是原生食材，但频次、命名或类别证据不足
4342,多少放,DROP,,,数量或单位残留且无法可靠恢复原食材
4343,什么什么,DROP,,,不属于指南允许的基础原生食材类别
4344,多鸡蛋,REVIEW,,,可能是原生食材，但频次、命名或类别证据不足
4345,龙骨汤,DROP,,,不属于指南允许的基础原生食材类别
4346,台式烤肠,DROP,,,成品、半成品或加工食品
4347,水果馅,DROP,,,不属于指南允许的基础原生食材类别
4348,一半糯米粉,DROP,,,成品、半成品或加工食品
4349,烟熏甜椒粉,DROP,,,成品、半成品或加工食品
4350,菜馅,REVIEW,,,可能是原生食材，但频次、命名或类别证据不足
4351,表面水,REVIEW,,,可能是原生食材，但频次、命名或类别证据不足
4352,怀山药,REVIEW,,,可能是原生食材，但频次、命名或类别证据不足
4353,姜片干辣椒,DROP,,,调味料不进入基础原生食材表
4354,多少茄子,DROP,,,数量或单位残留且无法可靠恢复原食材
4355,面团全蛋液,REVIEW,,,可能是原生食材，但频次、命名或类别证据不足
4356,勤劳双手,DROP,,,不属于指南允许的基础原生食材类别
4357,下饭菜,REVIEW,,,可能是原生食材，但频次、命名或类别证据不足
4358,蛋黄液鸡蛋,REVIEW,,,可能是原生食材，但频次、命名或类别证据不足
4359,花果茶,DROP,,,饮料、酒类或乳制品不属于本版核心原生食材
4360,蛋花汤,REVIEW,,,可能是原生食材，但频次、命名或类别证据不足
4361,最高水位水,DROP,,,不属于指南允许的基础原生食材类别
4362,羊奶芝士,DROP,,,烘焙或乳制加工食品
4363,夹层水果,DROP,,,不属于指南允许的基础原生食材类别
4364,虾膏,REVIEW,,,可能是原生食材，但频次、命名或类别证据不足
4365,巧克力夹馅,DROP,,,烘焙或乳制加工食品
4366,泡菜坛子,DROP,,,成品、半成品或加工食品
4367,必须,DROP,,,不属于指南允许的基础原生食材类别
4368,红豆汤,REVIEW,,,可能是原生食材，但频次、命名或类别证据不足
4369,沙拉菜叶,DROP,,,成品、半成品或加工食品
4370,饮料瓶,DROP,,,饮料、酒类或乳制品不属于本版核心原生食材
4371,就行猪肉,REVIEW,,,可能是原生食材，但频次、命名或类别证据不足
4372,克中筋面粉,DROP,,,成品、半成品或加工食品
4373,橙味力娇酒,DROP,,,调味料不进入基础原生食材表
4374,戚风蛋糕坯子,DROP,,,烘焙或乳制加工食品
4375,糯米糯米,REVIEW,,,可能是原生食材，但频次、命名或类别证据不足
4376,快乐,DROP,,,不属于指南允许的基础原生食材类别
4377,椒鸡胸肉,REVIEW,,,可能是原生食材，但频次、命名或类别证据不足
4378,海鹽,DROP,,,不属于指南允许的基础原生食材类别
4379,口味小米辣,REVIEW,,,可能是原生食材，但频次、命名或类别证据不足
4380,面方便面,DROP,,,成品、半成品或加工食品
4381,圆白菜叶,REVIEW,,,可能是原生食材，但频次、命名或类别证据不足
4382,炒熟芝麻,DROP,,,工具、包装或操作说明
4383,隔夜剩米饭,DROP,,,成品、半成品或加工食品
4384,马卡龙壳,DROP,,,不属于指南允许的基础原生食材类别
4385,粉蒸肉粉,REVIEW,,,可能是原生食材，但频次、命名或类别证据不足
4386,排骨粉,REVIEW,,,可能是原生食材，但频次、命名或类别证据不足
4387,发酵菌粉,REVIEW,,,可能是原生食材，但频次、命名或类别证据不足
4388,果粉,DROP,,,不属于指南允许的基础原生食材类别
4389,胡萝卜洋葱,REVIEW,,,可能是原生食材，但频次、命名或类别证据不足
4390,小饼,DROP,,,不属于指南允许的基础原生食材类别
4391,混合水,DROP,,,不属于指南允许的基础原生食材类别
4392,碎屑,DROP,,,不属于指南允许的基础原生食材类别
4393,多少四季豆,DROP,,,数量或单位残留且无法可靠恢复原食材
4394,蟹味棒,REVIEW,,,可能是原生食材，但频次、命名或类别证据不足
4395,奇亚籽粉,DROP,,,不属于指南允许的基础原生食材类别
4396,柠檬半个,MERGE,22,柠檬,修复数量/单位残留
4397,张百叶,DROP,,,不属于指南允许的基础原生食材类别
4398,香米饭,DROP,,,成品、半成品或加工食品
4399,乳清蛋白,REVIEW,,,可能是原生食材，但频次、命名或类别证据不足
4400,多葡萄干,DROP,,,成品、半成品或加工食品
4401,和胡萝卜,REVIEW,,,疑似多食材组合，但无法百分之百确认全部组成
4402,烧牛肉,REVIEW,,,可能是原生食材，但频次、命名或类别证据不足
4403,小青辣椒,REVIEW,,,可能是原生食材，但频次、命名或类别证据不足
4404,自己量面粉,DROP,,,成品、半成品或加工食品
4405,小菠菜,REVIEW,,,可能是原生食材，但频次、命名或类别证据不足
4406,插牌,DROP,,,不属于指南允许的基础原生食材类别
4407,食品袋,DROP,,,不属于指南允许的基础原生食材类别
4408,莫吉托,DROP,,,不属于指南允许的基础原生食材类别
4409,干白菜,REVIEW,,,可能是原生食材，但频次、命名或类别证据不足
4410,酌量,DROP,,,不属于指南允许的基础原生食材类别
4411,日本小南瓜,REVIEW,,,可能是原生食材，但频次、命名或类别证据不足
4412,情况,DROP,,,不属于指南允许的基础原生食材类别
4413,小羊排,REVIEW,,,可能是原生食材，但频次、命名或类别证据不足
4414,什么青菜,REVIEW,,,可能是原生食材，但频次、命名或类别证据不足
4415,龙口粉丝粉丝,DROP,,,豆制品或淀粉制品（严格模式排除）
4416,意大利香菜,REVIEW,,,可能是原生食材，但频次、命名或类别证据不足
4417,碎蔓越莓干,DROP,,,成品、半成品或加工食品
4418,烧烤,DROP,,,不属于指南允许的基础原生食材类别
4419,刷蛋液,DROP,,,工具、包装或操作说明
4420,截藕,REVIEW,,,可能是原生食材，但频次、命名或类别证据不足
4421,尼芝士,DROP,,,烘焙或乳制加工食品
4422,几碗米饭,DROP,,,成品、半成品或加工食品
4423,爆爆珠,DROP,,,不属于指南允许的基础原生食材类别
4424,多少虾仁,DROP,,,数量或单位残留且无法可靠恢复原食材
4425,泡椒水泡椒,DROP,,,成品、半成品或加工食品
4426,牛奶混合液,DROP,,,饮料、酒类或乳制品不属于本版核心原生食材
4427,香酥炸粉,DROP,,,不属于指南允许的基础原生食材类别
4428,浸泡,DROP,,,不属于指南允许的基础原生食材类别
4429,发挥,DROP,,,不属于指南允许的基础原生食材类别
4430,肉食,REVIEW,,,可能是原生食材，但频次、命名或类别证据不足
4431,生姜切末,REVIEW,,,形态描述存在，但原始食材无法确定
4432,各种大料,DROP,,,不属于指南允许的基础原生食材类别
4433,乳酸菌饮品,DROP,,,成品、半成品或加工食品
4434,和迷迭香,DROP,,,调味料不进入基础原生食材表
4435,牙膏,DROP,,,不属于指南允许的基础原生食材类别
4436,张酥皮,DROP,,,不属于指南允许的基础原生食材类别
4437,果汁饮料,DROP,,,饮料、酒类或乳制品不属于本版核心原生食材
4438,发酵乳,DROP,,,不属于指南允许的基础原生食材类别
4439,味食材,DROP,,,不属于指南允许的基础原生食材类别
4440,带叶,DROP,,,不属于指南允许的基础原生食材类别
4441,茶匙可可粉,DROP,,,成品、半成品或加工食品
4442,拉丝奶酪,DROP,,,烘焙或乳制加工食品
4443,面高筋面粉,DROP,,,成品、半成品或加工食品
4444,小圆饼干,DROP,,,烘焙或乳制加工食品
4445,不去皮,DROP,,,不属于指南允许的基础原生食材类别
4446,两个鸡蛋,MERGE,7,鸡蛋,修复数量/单位残留
4447,口味葡萄干,DROP,,,成品、半成品或加工食品
4448,麥片,REVIEW,,,形态描述存在，但原始食材无法确定
4449,茉莉绿茶茶包,DROP,,,不属于指南允许的基础原生食材类别
4450,眼睛,DROP,,,不属于指南允许的基础原生食材类别
4451,辣椒青椒,REVIEW,,,可能是原生食材，但频次、命名或类别证据不足
4452,土司边,DROP,,,不属于指南允许的基础原生食材类别
4453,也行胡萝卜,REVIEW,,,可能是原生食材，但频次、命名或类别证据不足
4454,芋头芋头,REVIEW,,,可能是原生食材，但频次、命名或类别证据不足
4455,粉一小袋,DROP,,,不属于指南允许的基础原生食材类别
4456,儿水,DROP,,,不属于指南允许的基础原生食材类别
4457,柠檬粉,REVIEW,,,可能是原生食材，但频次、命名或类别证据不足
4458,饼干胚,DROP,,,烘焙或乳制加工食品
4459,饼干切模,DROP,,,烘焙或乳制加工食品
4460,标准,DROP,,,不属于指南允许的基础原生食材类别
4461,碳酸饮料,DROP,,,饮料、酒类或乳制品不属于本版核心原生食材
4462,多少糯米粉,DROP,,,成品、半成品或加工食品
4463,料一小包,DROP,,,不属于指南允许的基础原生食材类别
4464,其他绿叶菜,REVIEW,,,可能是原生食材，但频次、命名或类别证据不足
4465,卷心菜叶,REVIEW,,,可能是原生食材，但频次、命名或类别证据不足
4466,粉低筋面粉,DROP,,,成品、半成品或加工食品
4467,知识,DROP,,,不属于指南允许的基础原生食材类别
4468,刷蛋黄液,DROP,,,工具、包装或操作说明
4469,萝卜胡萝卜,REVIEW,,,可能是原生食材，但频次、命名或类别证据不足
4470,各小米辣,REVIEW,,,可能是原生食材，但频次、命名或类别证据不足
4471,米饭量大米,DROP,,,成品、半成品或加工食品
4472,嘴巴,DROP,,,不属于指南允许的基础原生食材类别
4473,一台,DROP,,,不属于指南允许的基础原生食材类别
4474,紫薯红薯,REVIEW,,,可能是原生食材，但频次、命名或类别证据不足
4475,料看图,DROP,,,不属于指南允许的基础原生食材类别
4476,肉即可水,REVIEW,,,可能是原生食材，但频次、命名或类别证据不足
4477,肉条,REVIEW,,,可能是原生食材，但频次、命名或类别证据不足
4478,雪花酥,DROP,,,不属于指南允许的基础原生食材类别
4479,华夫饼机,DROP,,,不属于指南允许的基础原生食材类别
4480,水果酸奶,DROP,,,饮料、酒类或乳制品不属于本版核心原生食材
4481,全部食材,DROP,,,不属于指南允许的基础原生食材类别
4482,芝士夹心,DROP,,,烘焙或乳制加工食品
4483,牛肉香肠,DROP,,,加工肉制品
4484,剪碎,REVIEW,,,形态描述存在，但原始食材无法确定
4485,营养麦片,REVIEW,,,形态描述存在，但原始食材无法确定
4486,青椒红椒黄椒,REVIEW,,,可能是原生食材，但频次、命名或类别证据不足
4487,面水,REVIEW,,,可能是原生食材，但频次、命名或类别证据不足
4488,迷迭香百里香,DROP,,,调味料不进入基础原生食材表
4489,后重量,DROP,,,不属于指南允许的基础原生食材类别
4490,剁碎大蒜,REVIEW,,,可能是原生食材，但频次、命名或类别证据不足
4491,蛋糕量,DROP,,,烘焙或乳制加工食品
4492,习惯,DROP,,,不属于指南允许的基础原生食材类别
4493,五谷杂粮粉,DROP,,,不属于指南允许的基础原生食材类别
4494,汁各,DROP,,,不属于指南允许的基础原生食材类别
4495,提前准备,DROP,,,不属于指南允许的基础原生食材类别
4496,冰棍,DROP,,,不属于指南允许的基础原生食材类别
4497,和鸡蛋,REVIEW,,,疑似多食材组合，但无法百分之百确认全部组成
4498,几只鸡腿,MERGE,582,鸡腿,修复数量/单位残留
4499,一个西红柿,MERGE,14,番茄,修复数量/单位残留
4500,新鲜艾叶,DROP,,,不属于指南允许的基础原生食材类别
4501,煲汤,DROP,,,不属于指南允许的基础原生食材类别
4502,垆土山药,REVIEW,,,可能是原生食材，但频次、命名或类别证据不足
4503,造型意面,REVIEW,,,可能是原生食材，但频次、命名或类别证据不足
4504,菜青菜,REVIEW,,,可能是原生食材，但频次、命名或类别证据不足
4505,表面鸡蛋液,REVIEW,,,可能是原生食材，但频次、命名或类别证据不足
4506,辅食,DROP,,,不属于指南允许的基础原生食材类别
4507,魔芋胶,REVIEW,,,可能是原生食材，但频次、命名或类别证据不足
4508,混合一起,DROP,,,不属于指南允许的基础原生食材类别
4509,白芝麻黑芝麻,REVIEW,,,可能是原生食材，但频次、命名或类别证据不足
4510,大馄饨,DROP,,,成品、半成品或加工食品
4511,辣度干辣椒,DROP,,,调味料不进入基础原生食材表
4512,植物,DROP,,,不属于指南允许的基础原生食材类别
4513,麦芯小麦粉,REVIEW,,,可能是原生食材，但频次、命名或类别证据不足
4514,涂抹表面,DROP,,,工具、包装或操作说明
4515,和蔓越莓,REVIEW,,,疑似多食材组合，但无法百分之百确认全部组成
4516,胡萝卜半个,MERGE,6,胡萝卜,修复数量/单位残留
4517,几个鸡翅,MERGE,71,鸡翅,修复数量/单位残留
4518,铁塔,DROP,,,不属于指南允许的基础原生食材类别
4519,一半胡萝卜,REVIEW,,,可能是原生食材，但频次、命名或类别证据不足
4520,拇指大小,DROP,,,不属于指南允许的基础原生食材类别
4521,燕麦米粉,DROP,,,成品、半成品或加工食品
4522,奶油配方,DROP,,,烘焙或乳制加工食品
4523,新鲜米饭,DROP,,,成品、半成品或加工食品
4524,其他果干,DROP,,,成品、半成品或加工食品
4525,面意大利面,DROP,,,成品、半成品或加工食品
4526,干水,DROP,,,不属于指南允许的基础原生食材类别
4527,菌子,REVIEW,,,可能是原生食材，但频次、命名或类别证据不足
4528,几片白菜,DROP,,,数量或单位残留且无法可靠恢复原食材
4529,浓汤罐头,DROP,,,成品、半成品或加工食品
4530,粉儿,DROP,,,不属于指南允许的基础原生食材类别
4531,粉代替,DROP,,,不属于指南允许的基础原生食材类别
4532,新鲜粽叶,DROP,,,不属于指南允许的基础原生食材类别
4533,冷冻蓝莓,MERGE,55,蓝莓,去除确定的鲜冻/去皮去骨描述
4534,合干,DROP,,,不属于指南允许的基础原生食材类别
4535,多少菠菜,DROP,,,数量或单位残留且无法可靠恢复原食材
4536,来源,DROP,,,不属于指南允许的基础原生食材类别
4537,小母鸡,REVIEW,,,可能是原生食材，但频次、命名或类别证据不足
4538,就好洋葱,REVIEW,,,可能是原生食材，但频次、命名或类别证据不足
4539,鱼一条重,DROP,,,数量或单位残留且无法可靠恢复原食材
4540,餐盒,DROP,,,不属于指南允许的基础原生食材类别
4541,溶液,DROP,,,不属于指南允许的基础原生食材类别
4542,了白芝麻,REVIEW,,,可能是原生食材，但频次、命名或类别证据不足
4543,来定,DROP,,,不属于指南允许的基础原生食材类别
4544,儿洋葱,REVIEW,,,可能是原生食材，但频次、命名或类别证据不足
4545,饼饺子皮,DROP,,,成品、半成品或加工食品
4546,准备好,DROP,,,不属于指南允许的基础原生食材类别
4547,肉切片,REVIEW,,,形态描述存在，但原始食材无法确定
4548,和干辣椒,DROP,,,调味料不进入基础原生食材表
4549,冰糕,DROP,,,不属于指南允许的基础原生食材类别
4550,香菇切丝,REVIEW,,,形态描述存在，但原始食材无法确定
4551,所需原料,DROP,,,不属于指南允许的基础原生食材类别
4552,长胡萝卜,REVIEW,,,可能是原生食材，但频次、命名或类别证据不足
4553,鱼类,REVIEW,,,可能是原生食材，但频次、命名或类别证据不足
4554,植物蛋白,REVIEW,,,可能是原生食材，但频次、命名或类别证据不足
4555,黑木耳泡发,REVIEW,,,可能是原生食材，但频次、命名或类别证据不足
4556,压碎,REVIEW,,,形态描述存在，但原始食材无法确定
4557,了酸奶,DROP,,,饮料、酒类或乳制品不属于本版核心原生食材
4558,肉松肉松,DROP,,,加工肉制品
4559,新鲜大蒜,MERGE,2,蒜,去除确定的鲜冻/去皮去骨描述
4560,香草香料,REVIEW,,,可能是原生食材，但频次、命名或类别证据不足
4561,小汤勺,DROP,,,不属于指南允许的基础原生食材类别
4562,色巧克力豆,DROP,,,烘焙或乳制加工食品
4563,一致,DROP,,,不属于指南允许的基础原生食材类别
4564,酱配方,DROP,,,不属于指南允许的基础原生食材类别
4565,定面粉,DROP,,,成品、半成品或加工食品
4566,口感,DROP,,,不属于指南允许的基础原生食材类别
4567,专小麦粉,REVIEW,,,可能是原生食材，但频次、命名或类别证据不足
4568,就多放,DROP,,,不属于指南允许的基础原生食材类别
4569,二斤,DROP,,,数量或单位残留且无法可靠恢复原食材
4570,豆腐汤,DROP,,,豆制品或淀粉制品（严格模式排除）
4571,菜面,REVIEW,,,可能是原生食材，但频次、命名或类别证据不足
4572,小刷子,DROP,,,工具、包装或操作说明
4573,味冰淇淋,DROP,,,成品、半成品或加工食品
4574,嫩叶,DROP,,,不属于指南允许的基础原生食材类别
4575,几个鸡蛋鸡蛋,DROP,,,数量或单位残留且无法可靠恢复原食材
4576,净重,DROP,,,不属于指南允许的基础原生食材类别
4577,紫薯南瓜,REVIEW,,,可能是原生食材，但频次、命名或类别证据不足
4578,常温,DROP,,,不属于指南允许的基础原生食材类别
4579,其他菜,REVIEW,,,可能是原生食材，但频次、命名或类别证据不足
4580,新鲜橘子皮,DROP,,,不属于指南允许的基础原生食材类别
4581,调整面粉,DROP,,,成品、半成品或加工食品
4582,葱大蒜生姜,REVIEW,,,可能是原生食材，但频次、命名或类别证据不足
4583,鸡蛋蛋黄蛋黄,REVIEW,,,可能是原生食材，但频次、命名或类别证据不足
4584,剪刀,DROP,,,不属于指南允许的基础原生食材类别
4585,艾饺馅,DROP,,,不属于指南允许的基础原生食材类别
4586,红皮,DROP,,,不属于指南允许的基础原生食材类别
4587,鸡全翅,REVIEW,,,可能是原生食材，但频次、命名或类别证据不足
4588,酸奶机,DROP,,,饮料、酒类或乳制品不属于本版核心原生食材
4589,萝卜苗,REVIEW,,,可能是原生食材，但频次、命名或类别证据不足
4590,天麻,DROP,,,不属于指南允许的基础原生食材类别
4591,百合干,DROP,,,不属于指南允许的基础原生食材类别
4592,玫瑰茄,DROP,,,调味料不进入基础原生食材表
4593,老虎虾,REVIEW,,,可能是原生食材，但频次、命名或类别证据不足
4594,其他料,DROP,,,不属于指南允许的基础原生食材类别
4595,可做,DROP,,,不属于指南允许的基础原生食材类别
4596,毛笋,KEEP,451,毛笋,符合基础原生食材定义
4597,生蛋黄,REVIEW,,,可能是原生食材，但频次、命名或类别证据不足
4598,太子参,DROP,,,不属于指南允许的基础原生食材类别
4599,籼米,KEEP,463,籼米,符合基础原生食材定义
4600,刺山柑,DROP,,,不属于指南允许的基础原生食材类别
4601,苹果馅,REVIEW,,,可能是原生食材，但频次、命名或类别证据不足
4602,葱花儿,REVIEW,,,可能是原生食材，但频次、命名或类别证据不足
4603,皮料,DROP,,,不属于指南允许的基础原生食材类别
4604,克纯净水,DROP,,,不属于指南允许的基础原生食材类别
4605,螺蛳,KEEP,460,螺蛳,符合基础原生食材定义
4606,白蔻,DROP,,,不属于指南允许的基础原生食材类别
4607,丝姜,REVIEW,,,可能是原生食材，但频次、命名或类别证据不足
4608,黄喉,DROP,,,不属于指南允许的基础原生食材类别
4609,馄饨馅,DROP,,,成品、半成品或加工食品
4610,春饼,DROP,,,不属于指南允许的基础原生食材类别
4611,慕斯底,DROP,,,成品、半成品或加工食品
4612,什锦菜,REVIEW,,,可能是原生食材，但频次、命名或类别证据不足
4613,甜奶粉,DROP,,,烘焙或乳制加工食品
4614,香芋粉,REVIEW,,,可能是原生食材，但频次、命名或类别证据不足
4615,草莓慕斯,DROP,,,成品、半成品或加工食品
4616,腌鱼,REVIEW,,,可能是原生食材，但频次、命名或类别证据不足
4617,老卤,DROP,,,不属于指南允许的基础原生食材类别
4618,红萝卜粒,REVIEW,,,可能是原生食材，但频次、命名或类别证据不足
4619,绿茶叶,DROP,,,饮料、酒类或乳制品不属于本版核心原生食材
4620,菜料,REVIEW,,,可能是原生食材，但频次、命名或类别证据不足
4621,奶类,DROP,,,不属于指南允许的基础原生食材类别
4622,杏仁饼干,DROP,,,烘焙或乳制加工食品
4623,薑末,REVIEW,,,形态描述存在，但原始食材无法确定
4624,红薯面,REVIEW,,,可能是原生食材，但频次、命名或类别证据不足
4625,碎核桃仁,REVIEW,,,可能是原生食材，但频次、命名或类别证据不足
4626,蛋包饭,REVIEW,,,可能是原生食材，但频次、命名或类别证据不足
4627,鹽巴,DROP,,,不属于指南允许的基础原生食材类别
4628,炖肉,REVIEW,,,可能是原生食材，但频次、命名或类别证据不足
4629,新鲜芒果,MERGE,42,芒果,去除确定的鲜冻/去皮去骨描述
4630,西冷牛扒,REVIEW,,,可能是原生食材，但频次、命名或类别证据不足
4631,克温水,DROP,,,不属于指南允许的基础原生食材类别
4632,小葱头,REVIEW,,,可能是原生食材，但频次、命名或类别证据不足
4633,牛奶慕斯,DROP,,,成品、半成品或加工食品
4634,吧香菜,REVIEW,,,可能是原生食材，但频次、命名或类别证据不足
4635,日式,DROP,,,不属于指南允许的基础原生食材类别
4636,克开水,DROP,,,不属于指南允许的基础原生食材类别
4637,大蒜苗,REVIEW,,,可能是原生食材，但频次、命名或类别证据不足
4638,大黄鱼,REVIEW,,,可能是原生食材，但频次、命名或类别证据不足
4639,干椒,REVIEW,,,可能是原生食材，但频次、命名或类别证据不足
4640,泡生姜,REVIEW,,,可能是原生食材，但频次、命名或类别证据不足
4641,海绵酵头,DROP,,,不属于指南允许的基础原生食材类别
4642,巧克力层,DROP,,,烘焙或乳制加工食品
4643,瓣葱姜蒜,REVIEW,,,可能是原生食材，但频次、命名或类别证据不足
4644,轻乳酪,DROP,,,不属于指南允许的基础原生食材类别
4645,围边,DROP,,,不属于指南允许的基础原生食材类别
4646,酥油皮,DROP,,,不属于指南允许的基础原生食材类别
4647,分界线,DROP,,,不属于指南允许的基础原生食材类别
4648,就够了葱,REVIEW,,,可能是原生食材，但频次、命名或类别证据不足
4649,三段葱,REVIEW,,,可能是原生食材，但频次、命名或类别证据不足
4650,口味辣椒,REVIEW,,,可能是原生食材，但频次、命名或类别证据不足
4651,金边玫瑰,DROP,,,调味料不进入基础原生食材表
4652,食材见图,DROP,,,不属于指南允许的基础原生食材类别
4653,淡味芝士,DROP,,,烘焙或乳制加工食品
4654,鲜玫瑰,DROP,,,调味料不进入基础原生食材表
4655,鳗鲡堂蒲烧鳗鱼,REVIEW,,,可能是原生食材，但频次、命名或类别证据不足
4656,马苏里拉干酪,DROP,,,不属于指南允许的基础原生食材类别
4657,海苔芝麻,DROP,,,成品、半成品或加工食品
4658,丝葱,REVIEW,,,可能是原生食材，但频次、命名或类别证据不足
4659,怀山,DROP,,,不属于指南允许的基础原生食材类别
4660,各种面,REVIEW,,,可能是原生食材，但频次、命名或类别证据不足
4661,姜片姜,REVIEW,,,可能是原生食材，但频次、命名或类别证据不足
4662,紅辣椒,REVIEW,,,可能是原生食材，但频次、命名或类别证据不足
4663,酱葱,DROP,,,不属于指南允许的基础原生食材类别
4664,干牛叶,REVIEW,,,可能是原生食材，但频次、命名或类别证据不足
4665,燕麥,DROP,,,不属于指南允许的基础原生食材类别
4666,即食燕麥,DROP,,,成品、半成品或加工食品
4667,奇亚籽燕麦,REVIEW,,,可能是原生食材，但频次、命名或类别证据不足
4668,冷冻玉米,MERGE,13,玉米,去除确定的鲜冻/去皮去骨描述
4669,火锅肥牛,REVIEW,,,可能是原生食材，但频次、命名或类别证据不足
4670,紫灵芝,REVIEW,,,可能是原生食材，但频次、命名或类别证据不足
4671,葱末香菜,REVIEW,,,可能是原生食材，但频次、命名或类别证据不足
4672,菜粉,REVIEW,,,可能是原生食材，但频次、命名或类别证据不足
4673,拉芝士,DROP,,,烘焙或乳制加工食品
4674,花生碎,MERGE,16,花生,去除切片/切块/切丁等形态描述
4675,丁火腿,DROP,,,加工肉制品
4676,碟葱姜蒜,REVIEW,,,可能是原生食材，但频次、命名或类别证据不足
4677,饼饼,DROP,,,不属于指南允许的基础原生食材类别
4678,果仁燕麦,REVIEW,,,可能是原生食材，但频次、命名或类别证据不足
4679,风味火腿,DROP,,,加工肉制品
4680,天妇罗,DROP,,,不属于指南允许的基础原生食材类别
4681,朵玫瑰,DROP,,,调味料不进入基础原生食材表
4682,老式燕麦,REVIEW,,,可能是原生食材，但频次、命名或类别证据不足
4683,黑巧克力碎,DROP,,,烘焙或乳制加工食品
4684,口味蒜,REVIEW,,,可能是原生食材，但频次、命名或类别证据不足
4685,泡红椒,REVIEW,,,可能是原生食材，但频次、命名或类别证据不足
4686,坚果仁,REVIEW,,,可能是原生食材，但频次、命名或类别证据不足
4687,菠菜梗,REVIEW,,,可能是原生食材，但频次、命名或类别证据不足
4688,新奥尔良烤翅料,DROP,,,不属于指南允许的基础原生食材类别
4689,白豆干,DROP,,,豆制品或淀粉制品（严格模式排除）
4690,幼儿配方奶粉,DROP,,,烘焙或乳制加工食品
4691,技术,DROP,,,不属于指南允许的基础原生食材类别
4692,干豇豆,REVIEW,,,可能是原生食材，但频次、命名或类别证据不足
4693,桑椹,DROP,,,不属于指南允许的基础原生食材类别
4694,多宝鱼,KEEP,490,多宝鱼,符合基础原生食材定义
4695,生芝麻,REVIEW,,,可能是原生食材，但频次、命名或类别证据不足
4696,少量香菜,REVIEW,,,可能是原生食材，但频次、命名或类别证据不足
4697,叶大白菜,REVIEW,,,可能是原生食材，但频次、命名或类别证据不足
4698,盏燕窝,DROP,,,不属于指南允许的基础原生食材类别
4699,玉米碴子,REVIEW,,,可能是原生食材，但频次、命名或类别证据不足
4700,杂菇,REVIEW,,,可能是原生食材，但频次、命名或类别证据不足
4701,海绵蛋糕一个,DROP,,,烘焙或乳制加工食品
4702,白粥,DROP,,,成品、半成品或加工食品
4703,麦若叶,REVIEW,,,可能是原生食材，但频次、命名或类别证据不足
4704,厚酸奶,DROP,,,饮料、酒类或乳制品不属于本版核心原生食材
4705,面包量,DROP,,,烘焙或乳制加工食品
4706,草虾,KEEP,494,草虾,符合基础原生食材定义
4707,菠菜面粉,DROP,,,成品、半成品或加工食品
4708,酸梅,DROP,,,不属于指南允许的基础原生食材类别
4709,多少玉米粒,DROP,,,数量或单位残留且无法可靠恢复原食材
4710,甜虾,REVIEW,,,可能是原生食材，但频次、命名或类别证据不足
4711,香大米,REVIEW,,,可能是原生食材，但频次、命名或类别证据不足
4712,棕叶,DROP,,,不属于指南允许的基础原生食材类别
4713,腊肠腊肉,DROP,,,加工肉制品
4714,人份量,DROP,,,不属于指南允许的基础原生食材类别
4715,红参,DROP,,,不属于指南允许的基础原生食材类别
4716,沙虫干,DROP,,,不属于指南允许的基础原生食材类别
4717,几瓣蒜,DROP,,,数量或单位残留且无法可靠恢复原食材
4718,机花菜,REVIEW,,,可能是原生食材，但频次、命名或类别证据不足
4719,各青椒,REVIEW,,,可能是原生食材，但频次、命名或类别证据不足
4720,腰花,DROP,,,不属于指南允许的基础原生食材类别
4721,油炸豆腐,DROP,,,豆制品或淀粉制品（严格模式排除）
4722,粉芡,DROP,,,不属于指南允许的基础原生食材类别
4723,红线椒,REVIEW,,,可能是原生食材，但频次、命名或类别证据不足
4724,金钩海米,DROP,,,成品、半成品或加工食品
4725,沙白,DROP,,,不属于指南允许的基础原生食材类别
4726,红苋菜,REVIEW,,,可能是原生食材，但频次、命名或类别证据不足
4727,纯可可脂巧克力,DROP,,,烘焙或乳制加工食品
4728,中筋小麦粉,REVIEW,,,可能是原生食材，但频次、命名或类别证据不足
4729,纯水,DROP,,,不属于指南允许的基础原生食材类别
4730,一茶匙,DROP,,,不属于指南允许的基础原生食材类别
4731,姜饼预拌粉,DROP,,,不属于指南允许的基础原生食材类别
4732,必不可少,DROP,,,不属于指南允许的基础原生食材类别
4733,藜麦粥,DROP,,,成品、半成品或加工食品
4734,雷笋,REVIEW,,,可能是原生食材，但频次、命名或类别证据不足
4735,腌鸡料,REVIEW,,,可能是原生食材，但频次、命名或类别证据不足
4736,椰片,REVIEW,,,形态描述存在，但原始食材无法确定
4737,金线莲,DROP,,,不属于指南允许的基础原生食材类别
4738,酵素,DROP,,,不属于指南允许的基础原生食材类别
4739,枣子,REVIEW,,,可能是原生食材，但频次、命名或类别证据不足
4740,酸木瓜,KEEP,477,酸木瓜,符合基础原生食材定义
4741,嫩南瓜,REVIEW,,,可能是原生食材，但频次、命名或类别证据不足
4742,法国老面,REVIEW,,,可能是原生食材，但频次、命名或类别证据不足
4743,干莲子,REVIEW,,,可能是原生食材，但频次、命名或类别证据不足
4744,表面白芝麻,REVIEW,,,可能是原生食材，但频次、命名或类别证据不足
4745,少量小葱,REVIEW,,,可能是原生食材，但频次、命名或类别证据不足
4746,水鸡蛋,REVIEW,,,可能是原生食材，但频次、命名或类别证据不足
4747,鸡枞,KEEP,496,鸡枞,符合基础原生食材定义
4748,几朵香菇,DROP,,,数量或单位残留且无法可靠恢复原食材
4749,寿司卷帘,DROP,,,不属于指南允许的基础原生食材类别
4750,蒲瓜,KEEP,471,蒲瓜,符合基础原生食材定义
4751,铁杆山药,REVIEW,,,可能是原生食材，但频次、命名或类别证据不足
4752,棵白菜,REVIEW,,,可能是原生食材，但频次、命名或类别证据不足
4753,红苹果,REVIEW,,,可能是原生食材，但频次、命名或类别证据不足
4754,泡椒小米椒,DROP,,,成品、半成品或加工食品
4755,柴鱼素,DROP,,,成品、半成品或加工食品
4756,豆腐渣,DROP,,,豆制品或淀粉制品（严格模式排除）
4757,了红薯,REVIEW,,,可能是原生食材，但频次、命名或类别证据不足
4758,枝百里香,DROP,,,调味料不进入基础原生食材表
4759,煎饺,DROP,,,不属于指南允许的基础原生食材类别
4760,肋排排骨,REVIEW,,,可能是原生食材，但频次、命名或类别证据不足
4761,干牛,REVIEW,,,可能是原生食材，但频次、命名或类别证据不足
4762,乌龙,DROP,,,不属于指南允许的基础原生食材类别
4763,虾壳,REVIEW,,,可能是原生食材，但频次、命名或类别证据不足
4764,鱿鱼卷,REVIEW,,,可能是原生食材，但频次、命名或类别证据不足
4765,各种时蔬,DROP,,,不属于指南允许的基础原生食材类别
4766,肉臊,REVIEW,,,可能是原生食材，但频次、命名或类别证据不足
4767,定糯米粉,DROP,,,成品、半成品或加工食品
4768,菠菜面,REVIEW,,,可能是原生食材，但频次、命名或类别证据不足
4769,紫皮茄子,DROP,,,不属于指南允许的基础原生食材类别
4770,天贝,REVIEW,,,可能是原生食材，但频次、命名或类别证据不足
4771,驴肉,KEEP,485,驴肉,符合基础原生食材定义
4772,山楂果,DROP,,,不属于指南允许的基础原生食材类别
4773,少量红曲粉,DROP,,,不属于指南允许的基础原生食材类别
4774,圆盘,DROP,,,不属于指南允许的基础原生食材类别
4775,烘培粉,DROP,,,不属于指南允许的基础原生食材类别
4776,半咸蛋黄,DROP,,,成品、半成品或加工食品
4777,黑白巧克力,DROP,,,烘焙或乳制加工食品
4778,馓子,DROP,,,不属于指南允许的基础原生食材类别
4779,香橙,REVIEW,,,可能是原生食材，但频次、命名或类别证据不足
4780,干茶树菇,DROP,,,不属于指南允许的基础原生食材类别
4781,猪肉陷,REVIEW,,,可能是原生食材，但频次、命名或类别证据不足
4782,黄秋葵,KEEP,474,黄秋葵,符合基础原生食材定义
4783,立顿红茶,DROP,,,饮料、酒类或乳制品不属于本版核心原生食材
4784,萝卜泡菜,DROP,,,成品、半成品或加工食品
4785,姜蒜沫,REVIEW,,,可能是原生食材，但频次、命名或类别证据不足
4786,不多,DROP,,,不属于指南允许的基础原生食材类别
4787,肥猪肉馅,REVIEW,,,可能是原生食材，但频次、命名或类别证据不足
4788,截大葱,REVIEW,,,可能是原生食材，但频次、命名或类别证据不足
4789,芥蓝菜,REVIEW,,,可能是原生食材，但频次、命名或类别证据不足
4790,热水热水,DROP,,,不属于指南允许的基础原生食材类别
4791,生花生仁,REVIEW,,,可能是原生食材，但频次、命名或类别证据不足
4792,海草,DROP,,,不属于指南允许的基础原生食材类别
4793,白豆沙,DROP,,,成品、半成品或加工食品
4794,节葱,REVIEW,,,可能是原生食材，但频次、命名或类别证据不足
4795,皇冠梨,REVIEW,,,可能是原生食材，但频次、命名或类别证据不足
4796,头番茄,REVIEW,,,可能是原生食材，但频次、命名或类别证据不足
4797,鹅蛋,KEEP,488,鹅蛋,符合基础原生食材定义
4798,福寿鱼,REVIEW,,,可能是原生食材，但频次、命名或类别证据不足
4799,五仁,REVIEW,,,可能是原生食材，但频次、命名或类别证据不足
4800,鸡蛋蛋清,REVIEW,,,可能是原生食材，但频次、命名或类别证据不足
4801,多香果粉,DROP,,,不属于指南允许的基础原生食材类别
4802,寸戚风蛋糕胚,DROP,,,烘焙或乳制加工食品
4803,普通小麦粉,REVIEW,,,可能是原生食材，但频次、命名或类别证据不足
4804,春卷,DROP,,,不属于指南允许的基础原生食材类别
4805,玻璃保鲜盒,DROP,,,不属于指南允许的基础原生食材类别
4806,卡士酸奶,DROP,,,饮料、酒类或乳制品不属于本版核心原生食材
4807,圆南瓜,REVIEW,,,可能是原生食材，但频次、命名或类别证据不足
4808,陈村粉,DROP,,,不属于指南允许的基础原生食材类别
4809,鸡腿鸡腿肉,REVIEW,,,可能是原生食材，但频次、命名或类别证据不足
4810,生鸡蛋黄,REVIEW,,,可能是原生食材，但频次、命名或类别证据不足
4811,番薯叶,REVIEW,,,可能是原生食材，但频次、命名或类别证据不足
4812,鸡扒,REVIEW,,,可能是原生食材，但频次、命名或类别证据不足
4813,饭豆,REVIEW,,,可能是原生食材，但频次、命名或类别证据不足
4814,君度酒,DROP,,,调味料不进入基础原生食材表
4815,贝壳类,REVIEW,,,可能是原生食材，但频次、命名或类别证据不足
4816,雪里红,KEEP,473,雪里红,符合基础原生食材定义
4817,蒜葱姜蒜,REVIEW,,,可能是原生食材，但频次、命名或类别证据不足
4818,红薯红薯,REVIEW,,,可能是原生食材，但频次、命名或类别证据不足
4819,手撕鸡,REVIEW,,,可能是原生食材，但频次、命名或类别证据不足
4820,牛乳,REVIEW,,,可能是原生食材，但频次、命名或类别证据不足
4821,一段葱,REVIEW,,,可能是原生食材，但频次、命名或类别证据不足
4822,芹菜茎,KEEP,468,芹菜茎,符合基础原生食材定义
4823,牌糯米粉,DROP,,,成品、半成品或加工食品
4824,核桃葡萄干,DROP,,,成品、半成品或加工食品
4825,荆芥,KEEP,469,荆芥,符合基础原生食材定义
4826,咖啡咖啡,DROP,,,饮料、酒类或乳制品不属于本版核心原生食材
4827,干鱼,REVIEW,,,可能是原生食材，但频次、命名或类别证据不足
4828,粽绳,DROP,,,不属于指南允许的基础原生食材类别
4829,鲜生姜,MERGE,3,姜,去除确定的鲜冻/去皮去骨描述
4830,粉肠,DROP,,,成品、半成品或加工食品
4831,不太多,DROP,,,不属于指南允许的基础原生食材类别
4832,」鸡蛋,REVIEW,,,可能是原生食材，但频次、命名或类别证据不足
4833,羊肚,KEEP,482,羊肚,符合基础原生食材定义
4834,羊肝,KEEP,483,羊肝,符合基础原生食材定义
4835,馒头配方,DROP,,,成品、半成品或加工食品
4836,蓝莓水果,REVIEW,,,可能是原生食材，但频次、命名或类别证据不足
4837,五仁馅,REVIEW,,,可能是原生食材，但频次、命名或类别证据不足
4838,鸡大胸,REVIEW,,,可能是原生食材，但频次、命名或类别证据不足
4839,葱蒜辣椒,REVIEW,,,可能是原生食材，但频次、命名或类别证据不足
4840,芭蕉,KEEP,476,芭蕉,符合基础原生食材定义
4841,宝宝奶酪,DROP,,,烘焙或乳制加工食品
4842,毛刷,DROP,,,工具、包装或操作说明
4843,青椒青椒,REVIEW,,,可能是原生食材，但频次、命名或类别证据不足
4844,章鱼脚,REVIEW,,,可能是原生食材，但频次、命名或类别证据不足
4845,蒜切片,REVIEW,,,形态描述存在，但原始食材无法确定
4846,蚬肉,REVIEW,,,可能是原生食材，但频次、命名或类别证据不足
4847,田螺肉,REVIEW,,,可能是原生食材，但频次、命名或类别证据不足
4848,七味唐辛子,DROP,,,不属于指南允许的基础原生食材类别
4849,前夹肉,REVIEW,,,可能是原生食材，但频次、命名或类别证据不足
4850,白口蘑,DROP,,,不属于指南允许的基础原生食材类别
4851,饺子料,DROP,,,成品、半成品或加工食品
4852,奥利奥夹心,DROP,,,不属于指南允许的基础原生食材类别
4853,奇雅子,DROP,,,不属于指南允许的基础原生食材类别
4854,莴笋叶子莴笋叶,REVIEW,,,可能是原生食材，但频次、命名或类别证据不足
4855,白玉豆腐,DROP,,,豆制品或淀粉制品（严格模式排除）
4856,干辣皮,DROP,,,不属于指南允许的基础原生食材类别
4857,速冻蔬菜,REVIEW,,,可能是原生食材，但频次、命名或类别证据不足
4858,老姜片,MERGE,3,姜,去除切片/切块/切丁等形态描述
4859,辣椒干碟,REVIEW,,,可能是原生食材，但频次、命名或类别证据不足
4860,细全麦粉,REVIEW,,,可能是原生食材，但频次、命名或类别证据不足
4861,圆椒,REVIEW,,,可能是原生食材，但频次、命名或类别证据不足
4862,咸蛋黄馅,DROP,,,成品、半成品或加工食品
4863,墨西哥薄饼,DROP,,,不属于指南允许的基础原生食材类别
4864,米芽菜,DROP,,,成品、半成品或加工食品
4865,海螺面,REVIEW,,,可能是原生食材，但频次、命名或类别证据不足
4866,帝王蟹腿,REVIEW,,,可能是原生食材，但频次、命名或类别证据不足
4867,几朵黑木耳,DROP,,,数量或单位残留且无法可靠恢复原食材
4868,酒酿水,DROP,,,不属于指南允许的基础原生食材类别
4869,圣女果干,DROP,,,成品、半成品或加工食品
4870,豆腐串,DROP,,,豆制品或淀粉制品（严格模式排除）
4871,蒿子,DROP,,,不属于指南允许的基础原生食材类别
4872,拉线膏,DROP,,,不属于指南允许的基础原生食材类别
4873,熟食,DROP,,,成品、半成品或加工食品
4874,干冬菇,REVIEW,,,可能是原生食材，但频次、命名或类别证据不足
4875,新鲜虾,MERGE,583,虾,去除确定的鲜冻/去皮去骨描述
4876,果蓉,DROP,,,不属于指南允许的基础原生食材类别
4877,1⁄2茶匙,DROP,,,数量或单位残留且无法可靠恢复原食材
4878,壶开水,DROP,,,不属于指南允许的基础原生食材类别
4879,沫沫,DROP,,,不属于指南允许的基础原生食材类别
4880,纸皮核桃仁,DROP,,,不属于指南允许的基础原生食材类别
4881,花鲢鱼,KEEP,493,花鲢鱼,符合基础原生食材定义
4882,麦芽,REVIEW,,,可能是原生食材，但频次、命名或类别证据不足
4883,发酵桶,DROP,,,不属于指南允许的基础原生食材类别
4884,油桃,REVIEW,,,可能是原生食材，但频次、命名或类别证据不足
4885,巧克力冰激凌,DROP,,,烘焙或乳制加工食品
4886,鸭锁骨,REVIEW,,,可能是原生食材，但频次、命名或类别证据不足
4887,面包蟹,DROP,,,烘焙或乳制加工食品
4888,各种馅,DROP,,,不属于指南允许的基础原生食材类别
4889,巧克力蛋白粉,DROP,,,烘焙或乳制加工食品
4890,鱼泉榨菜,DROP,,,不属于指南允许的基础原生食材类别
4891,虾皮香菇粉,DROP,,,成品、半成品或加工食品
4892,辣椒姜,REVIEW,,,可能是原生食材，但频次、命名或类别证据不足
4893,椰青,DROP,,,不属于指南允许的基础原生食材类别
4894,菠萝馅,REVIEW,,,可能是原生食材，但频次、命名或类别证据不足
4895,柠檬苏打水,REVIEW,,,可能是原生食材，但频次、命名或类别证据不足
4896,熟鸡蛋黄,DROP,,,成品、半成品或加工食品
4897,卡仕达粉,DROP,,,不属于指南允许的基础原生食材类别
4898,就行洋葱,REVIEW,,,可能是原生食材，但频次、命名或类别证据不足
4899,羊羔肉,REVIEW,,,可能是原生食材，但频次、命名或类别证据不足
4900,姜蒜蓉,REVIEW,,,可能是原生食材，但频次、命名或类别证据不足
4901,粥米,DROP,,,成品、半成品或加工食品
4902,酱鸭,DROP,,,成品、半成品或加工食品
4903,山柰,DROP,,,不属于指南允许的基础原生食材类别
4904,红枸杞,REVIEW,,,可能是原生食材，但频次、命名或类别证据不足
4905,人量面粉,DROP,,,成品、半成品或加工食品
4906,薏米粉,DROP,,,成品、半成品或加工食品
4907,瓜果蔬菜,REVIEW,,,可能是原生食材，但频次、命名或类别证据不足
4908,红薯叶,KEEP,467,红薯叶,符合基础原生食材定义
4909,莓果,DROP,,,不属于指南允许的基础原生食材类别
4910,姜蒜辣椒,REVIEW,,,可能是原生食材，但频次、命名或类别证据不足
4911,猪肉排,REVIEW,,,可能是原生食材，但频次、命名或类别证据不足
4912,粗粮粉,DROP,,,不属于指南允许的基础原生食材类别
4913,真姬菇,REVIEW,,,可能是原生食材，但频次、命名或类别证据不足
4914,腊味香肠,DROP,,,加工肉制品
4915,鸦片鱼头,REVIEW,,,可能是原生食材，但频次、命名或类别证据不足
4916,鲜藕,REVIEW,,,可能是原生食材，但频次、命名或类别证据不足
4917,牌低筋面粉,DROP,,,成品、半成品或加工食品
4918,玉米澱粉,REVIEW,,,可能是原生食材，但频次、命名或类别证据不足
4919,咸鸭蛋蛋黄,DROP,,,成品、半成品或加工食品
4920,及香料,DROP,,,不属于指南允许的基础原生食材类别
4921,几朵西兰花,DROP,,,数量或单位残留且无法可靠恢复原食材
4922,火龙果肉,REVIEW,,,可能是原生食材，但频次、命名或类别证据不足
4923,灵芝,REVIEW,,,可能是原生食材，但频次、命名或类别证据不足
4924,蛋糕面粉,DROP,,,烘焙或乳制加工食品
4925,生栗子,REVIEW,,,可能是原生食材，但频次、命名或类别证据不足
4926,冷牛奶,DROP,,,饮料、酒类或乳制品不属于本版核心原生食材
4927,朝天辣椒,REVIEW,,,可能是原生食材，但频次、命名或类别证据不足
4928,章鱼烧粉,REVIEW,,,可能是原生食材，但频次、命名或类别证据不足
4929,青灯笼椒,REVIEW,,,可能是原生食材，但频次、命名或类别证据不足
4930,象拔蚌,DROP,,,不属于指南允许的基础原生食材类别
4931,上海红肠,DROP,,,成品、半成品或加工食品
4932,阿胶枣,REVIEW,,,可能是原生食材，但频次、命名或类别证据不足
4933,发酵菌,REVIEW,,,可能是原生食材，但频次、命名或类别证据不足
4934,烘焙粉,DROP,,,不属于指南允许的基础原生食材类别
4935,凤尾菇,REVIEW,,,可能是原生食材，但频次、命名或类别证据不足
4936,鲜薄荷,MERGE,117,薄荷,去除确定的鲜冻/去皮去骨描述
4937,北海道吐司,DROP,,,烘焙或乳制加工食品
4938,黄金亚麻籽,DROP,,,不属于指南允许的基础原生食材类别
4939,其他面粉,DROP,,,成品、半成品或加工食品
4940,肠仔,DROP,,,不属于指南允许的基础原生食材类别
4941,浇头,DROP,,,不属于指南允许的基础原生食材类别
4942,配色胡萝卜,REVIEW,,,可能是原生食材，但频次、命名或类别证据不足
4943,葫芦卜,DROP,,,不属于指南允许的基础原生食材类别
4944,鲜蘑,DROP,,,不属于指南允许的基础原生食材类别
4945,肥瘦猪肉馅,REVIEW,,,可能是原生食材，但频次、命名或类别证据不足
4946,麦芽粉,REVIEW,,,可能是原生食材，但频次、命名或类别证据不足
4947,菜豆,KEEP,470,菜豆,符合基础原生食材定义
4948,兰姆酒,DROP,,,调味料不进入基础原生食材表
4949,备鸡蛋,REVIEW,,,可能是原生食材，但频次、命名或类别证据不足
4950,固态酸奶,DROP,,,饮料、酒类或乳制品不属于本版核心原生食材
4951,青红尖辣椒,REVIEW,,,可能是原生食材，但频次、命名或类别证据不足
4952,韭菜苔,REVIEW,,,可能是原生食材，但频次、命名或类别证据不足
4953,浓香,DROP,,,不属于指南允许的基础原生食材类别
4954,青花鱼罐头,DROP,,,成品、半成品或加工食品
4955,烧开水,DROP,,,不属于指南允许的基础原生食材类别
4956,菠萝干,REVIEW,,,可能是原生食材，但频次、命名或类别证据不足
4957,洲星马蹄粉,DROP,,,不属于指南允许的基础原生食材类别
4958,泡发干香菇,MERGE,93,干香菇,去除确定的鲜冻/去皮去骨描述
4959,白芸豆沙,DROP,,,成品、半成品或加工食品
4960,龙利鱼肉,REVIEW,,,可能是原生食材，但频次、命名或类别证据不足
4961,鱼面,REVIEW,,,可能是原生食材，但频次、命名或类别证据不足
4962,红樱桃,REVIEW,,,可能是原生食材，但频次、命名或类别证据不足
4963,配菜土豆,REVIEW,,,可能是原生食材，但频次、命名或类别证据不足
4964,扁豆角,REVIEW,,,可能是原生食材，但频次、命名或类别证据不足
4965,冰冻虾仁,MERGE,41,虾仁,去除确定的鲜冻/去皮去骨描述
4966,红豆水,REVIEW,,,可能是原生食材，但频次、命名或类别证据不足
4967,乳清干酪,DROP,,,不属于指南允许的基础原生食材类别
4968,牛杂,REVIEW,,,可能是原生食材，但频次、命名或类别证据不足
4969,熟亚麻籽,DROP,,,成品、半成品或加工食品
4970,饵丝,REVIEW,,,形态描述存在，但原始食材无法确定
4971,海蜇头,KEEP,491,海蜇头,符合基础原生食材定义
4972,馒头屑,DROP,,,成品、半成品或加工食品
4973,菜苗,REVIEW,,,可能是原生食材，但频次、命名或类别证据不足
4974,粘米,REVIEW,,,可能是原生食材，但频次、命名或类别证据不足
4975,大蒜碎,MERGE,2,蒜,去除切片/切块/切丁等形态描述
4976,茨菇,REVIEW,,,可能是原生食材，但频次、命名或类别证据不足
4977,柿饼,REVIEW,,,可能是原生食材，但频次、命名或类别证据不足
4978,牛后腿肉,REVIEW,,,可能是原生食材，但频次、命名或类别证据不足
4979,宜宾碎米芽菜,DROP,,,成品、半成品或加工食品
4980,度温水,DROP,,,不属于指南允许的基础原生食材类别
4981,牌高筋面粉,DROP,,,成品、半成品或加工食品
4982,姜蒜米,REVIEW,,,可能是原生食材，但频次、命名或类别证据不足
4983,梅菜干,REVIEW,,,可能是原生食材，但频次、命名或类别证据不足
4984,生食鸡蛋,REVIEW,,,可能是原生食材，但频次、命名或类别证据不足
4985,肉松馅,DROP,,,加工肉制品
4986,菠萝肉,REVIEW,,,可能是原生食材，但频次、命名或类别证据不足
4987,颈背肉,REVIEW,,,可能是原生食材，但频次、命名或类别证据不足
4988,油酥花生,DROP,,,不属于指南允许的基础原生食材类别
4989,鲜冬菇,MERGE,269,冬菇,去除确定的鲜冻/去皮去骨描述
4990,蕨根粉,DROP,,,不属于指南允许的基础原生食材类别
4991,乌鱼,KEEP,489,乌鱼,符合基础原生食材定义
4992,花肉片,REVIEW,,,形态描述存在，但原始食材无法确定
4993,香菜小米辣,REVIEW,,,可能是原生食材，但频次、命名或类别证据不足
4994,鸡脖,REVIEW,,,可能是原生食材，但频次、命名或类别证据不足
4995,江鱼仔粉,REVIEW,,,可能是原生食材，但频次、命名或类别证据不足
4996,糯米糊,REVIEW,,,可能是原生食材，但频次、命名或类别证据不足
4997,凉瓜,KEEP,465,凉瓜,符合基础原生食材定义
4998,笋丝,REVIEW,,,形态描述存在，但原始食材无法确定
4999,鳄梨,KEEP,478,鳄梨,符合基础原生食材定义
5000,酱清,DROP,,,不属于指南允许的基础原生食材类别
5001,大小锡纸,DROP,,,工具、包装或操作说明
5002,黄皮,DROP,,,不属于指南允许的基础原生食材类别
5003,菜叶包菜,REVIEW,,,可能是原生食材，但频次、命名或类别证据不足
5004,白干,DROP,,,不属于指南允许的基础原生食材类别
5005,丁胡萝卜,REVIEW,,,可能是原生食材，但频次、命名或类别证据不足
5006,柠檬皮柠檬皮屑,DROP,,,不属于指南允许的基础原生食材类别
5007,填充,DROP,,,不属于指南允许的基础原生食材类别
5008,金丝小枣,REVIEW,,,可能是原生食材，但频次、命名或类别证据不足
5009,毛葱,REVIEW,,,可能是原生食材，但频次、命名或类别证据不足
5010,花生汤圆,DROP,,,不属于指南允许的基础原生食材类别
5011,脆桃,REVIEW,,,可能是原生食材，但频次、命名或类别证据不足
5012,芹菜杆,REVIEW,,,可能是原生食材，但频次、命名或类别证据不足
5013,卤味包,DROP,,,不属于指南允许的基础原生食材类别
5014,水中,DROP,,,不属于指南允许的基础原生食材类别
5015,玉子烧,DROP,,,不属于指南允许的基础原生食材类别
5016,卤水料,DROP,,,不属于指南允许的基础原生食材类别
5017,起司粉,DROP,,,不属于指南允许的基础原生食材类别
5018,猪展肉,REVIEW,,,可能是原生食材，但频次、命名或类别证据不足
5019,碎块,REVIEW,,,形态描述存在，但原始食材无法确定
5020,纸棒,DROP,,,不属于指南允许的基础原生食材类别
5021,野生菌,REVIEW,,,可能是原生食材，但频次、命名或类别证据不足
5022,苦荞粉,DROP,,,不属于指南允许的基础原生食材类别
5023,石膏豆腐,DROP,,,豆制品或淀粉制品（严格模式排除）
5024,葱油饼,REVIEW,,,可能是原生食材，但频次、命名或类别证据不足
5025,香辣脆,DROP,,,不属于指南允许的基础原生食材类别
5026,椰皇,DROP,,,不属于指南允许的基础原生食材类别
5027,火锅肉片,REVIEW,,,形态描述存在，但原始食材无法确定
5028,咖啡利口酒,DROP,,,调味料不进入基础原生食材表
5029,猪蹄膀,REVIEW,,,可能是原生食材，但频次、命名或类别证据不足
5030,鸭架子,REVIEW,,,可能是原生食材，但频次、命名或类别证据不足
5031,果仁巧克力,DROP,,,烘焙或乳制加工食品
5032,红罗卜,DROP,,,不属于指南允许的基础原生食材类别
5033,格兰诺拉麦片,REVIEW,,,形态描述存在，但原始食材无法确定
5034,肉包,REVIEW,,,可能是原生食材，但频次、命名或类别证据不足
5035,老面酵头,REVIEW,,,可能是原生食材，但频次、命名或类别证据不足
5036,红油榨菜,DROP,,,调味料不进入基础原生食材表
5037,胡辣汤粉,DROP,,,不属于指南允许的基础原生食材类别
5038,鲜人参,DROP,,,不属于指南允许的基础原生食材类别
5039,高达椰浆,DROP,,,饮料、酒类或乳制品不属于本版核心原生食材
5040,干葡萄,REVIEW,,,可能是原生食材，但频次、命名或类别证据不足
5041,炖肉香料,REVIEW,,,可能是原生食材，但频次、命名或类别证据不足
5042,胡萝卜西兰花,REVIEW,,,可能是原生食材，但频次、命名或类别证据不足
5043,提取物,DROP,,,不属于指南允许的基础原生食材类别
5044,球形生菜,REVIEW,,,可能是原生食材，但频次、命名或类别证据不足
5045,酸柑,DROP,,,不属于指南允许的基础原生食材类别
5046,干桂圆肉,REVIEW,,,可能是原生食材，但频次、命名或类别证据不足
5047,浓咖啡,DROP,,,饮料、酒类或乳制品不属于本版核心原生食材
5048,各种佐料,DROP,,,不属于指南允许的基础原生食材类别
5049,碎粒,DROP,,,不属于指南允许的基础原生食材类别
5050,菌菇粉,REVIEW,,,可能是原生食材，但频次、命名或类别证据不足
5051,张锡纸,DROP,,,工具、包装或操作说明
5052,喜爱水果,DROP,,,不属于指南允许的基础原生食材类别
5053,蟹足棒,DROP,,,成品、半成品或加工食品
5054,炸豆皮,DROP,,,豆制品或淀粉制品（严格模式排除）
5055,球香草冰激凌,REVIEW,,,可能是原生食材，但频次、命名或类别证据不足
5056,多少水水,DROP,,,数量或单位残留且无法可靠恢复原食材
5057,鸡丁,REVIEW,,,形态描述存在，但原始食材无法确定
5058,你爱吃蔬菜,REVIEW,,,可能是原生食材，但频次、命名或类别证据不足
5059,紫甘兰,DROP,,,不属于指南允许的基础原生食材类别
5060,肉酥,DROP,,,成品、半成品或加工食品
5061,果汁粉,DROP,,,饮料、酒类或乳制品不属于本版核心原生食材
5062,猪舌,KEEP,481,猪舌,符合基础原生食材定义
5063,白心火龙果,REVIEW,,,可能是原生食材，但频次、命名或类别证据不足
5064,百香果慕斯,DROP,,,成品、半成品或加工食品
5065,黑米粥,DROP,,,成品、半成品或加工食品
5066,青木瓜,REVIEW,,,可能是原生食材，但频次、命名或类别证据不足
5067,青红小辣椒,REVIEW,,,可能是原生食材，但频次、命名或类别证据不足
5068,甜炼乳,DROP,,,烘焙或乳制加工食品
5069,木耳香菇,REVIEW,,,可能是原生食材，但频次、命名或类别证据不足
5070,郎姆酒,DROP,,,调味料不进入基础原生食材表
5071,来猪肉,REVIEW,,,可能是原生食材，但频次、命名或类别证据不足
5072,坚果粉,REVIEW,,,可能是原生食材，但频次、命名或类别证据不足
5073,即溶咖啡,DROP,,,饮料、酒类或乳制品不属于本版核心原生食材
5074,啤酒啤酒,DROP,,,调味料不进入基础原生食材表
5075,馒头改良剂,DROP,,,成品、半成品或加工食品
5076,想象力,DROP,,,不属于指南允许的基础原生食材类别
5077,纸皮核桃,DROP,,,不属于指南允许的基础原生食材类别
5078,葱和香菜,SPLIT,1|9,葱|香菜,分隔符明确连接多个独立基础食材；克数无法可靠分摊
5079,稳定剂,DROP,,,不属于指南允许的基础原生食材类别
5080,螺狮粉,REVIEW,,,可能是原生食材，但频次、命名或类别证据不足
5081,芝士碎芝士,DROP,,,烘焙或乳制加工食品
5082,砖茶,DROP,,,饮料、酒类或乳制品不属于本版核心原生食材
5083,牛碎,REVIEW,,,形态描述存在，但原始食材无法确定
5084,黄金亚麻籽粉,DROP,,,不属于指南允许的基础原生食材类别
5085,提香,DROP,,,不属于指南允许的基础原生食材类别
5086,蓝莓果泥,REVIEW,,,可能是原生食材，但频次、命名或类别证据不足
5087,甘草粉,DROP,,,不属于指南允许的基础原生食材类别
5088,鸡蛋皮,DROP,,,不属于指南允许的基础原生食材类别
5089,生姜沫,REVIEW,,,可能是原生食材，但频次、命名或类别证据不足
5090,红柚,REVIEW,,,可能是原生食材，但频次、命名或类别证据不足
5091,凤尾虾,REVIEW,,,可能是原生食材，但频次、命名或类别证据不足
5092,元葱,REVIEW,,,可能是原生食材，但频次、命名或类别证据不足
5093,牛奶粉,DROP,,,烘焙或乳制加工食品
5094,无核红枣,REVIEW,,,可能是原生食材，但频次、命名或类别证据不足
5095,油水,DROP,,,不属于指南允许的基础原生食材类别
5096,海蛏,REVIEW,,,可能是原生食材，但频次、命名或类别证据不足
5097,牛奶奶粉,DROP,,,烘焙或乳制加工食品
5098,醪糟水,DROP,,,不属于指南允许的基础原生食材类别
5099,鸡蛋蛋清蛋清,REVIEW,,,可能是原生食材，但频次、命名或类别证据不足
5100,葱姜蒜水,REVIEW,,,可能是原生食材，但频次、命名或类别证据不足
5101,砧板,DROP,,,不属于指南允许的基础原生食材类别
5102,刷面,DROP,,,工具、包装或操作说明
5103,筋头巴脑,DROP,,,不属于指南允许的基础原生食材类别
5104,面包干,DROP,,,烘焙或乳制加工食品
5105,适中,DROP,,,不属于指南允许的基础原生食材类别
5106,普洱茶叶,DROP,,,饮料、酒类或乳制品不属于本版核心原生食材
5107,各种辣椒,REVIEW,,,可能是原生食材，但频次、命名或类别证据不足
5108,山茶花高筋面粉,DROP,,,成品、半成品或加工食品
5109,干枸杞,REVIEW,,,可能是原生食材，但频次、命名或类别证据不足
5110,带点肥,DROP,,,不属于指南允许的基础原生食材类别
5111,虎皮鹌鹑蛋,DROP,,,不属于指南允许的基础原生食材类别
5112,胡萝卜香菜,REVIEW,,,可能是原生食材，但频次、命名或类别证据不足
5113,全麦天然酵种,REVIEW,,,可能是原生食材，但频次、命名或类别证据不足
5114,巧克力碎,DROP,,,烘焙或乳制加工食品
5115,蛋黄流心馅,REVIEW,,,可能是原生食材，但频次、命名或类别证据不足
5116,金像高粉,DROP,,,不属于指南允许的基础原生食材类别
5117,肉培根,DROP,,,加工肉制品
5118,黄心红薯,REVIEW,,,可能是原生食材，但频次、命名或类别证据不足
5119,下水,DROP,,,不属于指南允许的基础原生食材类别
5120,大小香蕉,REVIEW,,,可能是原生食材，但频次、命名或类别证据不足
5121,薄壳,DROP,,,不属于指南允许的基础原生食材类别
5122,皮高筋面粉,DROP,,,成品、半成品或加工食品
5123,粉蒸肉米粉,DROP,,,成品、半成品或加工食品
5124,鸡肠,DROP,,,成品、半成品或加工食品
5125,浆果,DROP,,,不属于指南允许的基础原生食材类别
5126,蛋挞模,DROP,,,成品、半成品或加工食品
5127,不插电酸奶机,DROP,,,饮料、酒类或乳制品不属于本版核心原生食材
5128,花蚬子,REVIEW,,,可能是原生食材，但频次、命名或类别证据不足
5129,奥利奥碎饼干,DROP,,,烘焙或乳制加工食品
5130,肉鸡蛋,REVIEW,,,可能是原生食材，但频次、命名或类别证据不足
5131,飞鱼籽,REVIEW,,,可能是原生食材，但频次、命名或类别证据不足
5132,教程,DROP,,,不属于指南允许的基础原生食材类别
5133,蒜台,REVIEW,,,可能是原生食材，但频次、命名或类别证据不足
5134,矿物质水,DROP,,,不属于指南允许的基础原生食材类别
5135,糙米粉,DROP,,,成品、半成品或加工食品
5136,人鸡蛋,REVIEW,,,可能是原生食材，但频次、命名或类别证据不足
5137,姜干辣椒,DROP,,,调味料不进入基础原生食材表
5138,淡水鱼,REVIEW,,,可能是原生食材，但频次、命名或类别证据不足
5139,皮低筋面粉,DROP,,,成品、半成品或加工食品
5140,沙朗牛排,REVIEW,,,可能是原生食材，但频次、命名或类别证据不足
5141,干红尖椒,REVIEW,,,可能是原生食材，但频次、命名或类别证据不足
5142,梅酒,DROP,,,调味料不进入基础原生食材表
5143,羊血,KEEP,484,羊血,符合基础原生食材定义
5144,红石榴,REVIEW,,,可能是原生食材，但频次、命名或类别证据不足
5145,酥炸粉,DROP,,,不属于指南允许的基础原生食材类别
5146,糯米粉手粉,DROP,,,成品、半成品或加工食品
5147,火锅面,REVIEW,,,可能是原生食材，但频次、命名或类别证据不足
5148,豇豆角,REVIEW,,,可能是原生食材，但频次、命名或类别证据不足
5149,芋仔,REVIEW,,,可能是原生食材，但频次、命名或类别证据不足
5150,蛏干,DROP,,,成品、半成品或加工食品
5151,华夫饼粉,DROP,,,不属于指南允许的基础原生食材类别
5152,菜丝,REVIEW,,,形态描述存在，但原始食材无法确定
5153,波力海苔,DROP,,,成品、半成品或加工食品
5154,炖牛肉料,REVIEW,,,可能是原生食材，但频次、命名或类别证据不足
5155,五花肉五花肉,REVIEW,,,可能是原生食材，但频次、命名或类别证据不足
5156,芒果果冻,DROP,,,不属于指南允许的基础原生食材类别
5157,白奶酪,DROP,,,烘焙或乳制加工食品
5158,五花肉猪肉,REVIEW,,,可能是原生食材，但频次、命名或类别证据不足
5159,坚果干,DROP,,,成品、半成品或加工食品
5160,琼脂粉,DROP,,,成品、半成品或加工食品
5161,粉絲,DROP,,,不属于指南允许的基础原生食材类别
5162,雪蛤,REVIEW,,,可能是原生食材，但频次、命名或类别证据不足
5163,鹅肉,REVIEW,,,可能是原生食材，但频次、命名或类别证据不足
5164,朵菜花,MERGE,208,菜花,去除确定的鲜冻/去皮去骨描述
5165,腊鸭腿,REVIEW,,,可能是原生食材，但频次、命名或类别证据不足
5166,香草棒,REVIEW,,,可能是原生食材，但频次、命名或类别证据不足
5167,木薯,KEEP,497,木薯,符合基础原生食材定义
5168,明太子,DROP,,,不属于指南允许的基础原生食材类别
5169,麻辣烫料,DROP,,,不属于指南允许的基础原生食材类别
5170,青菜香菇,REVIEW,,,可能是原生食材，但频次、命名或类别证据不足
5171,多少红豆,DROP,,,数量或单位残留且无法可靠恢复原食材
5172,出前一丁,REVIEW,,,形态描述存在，但原始食材无法确定
5173,金针,DROP,,,不属于指南允许的基础原生食材类别
5174,浓缩咖啡粉,DROP,,,饮料、酒类或乳制品不属于本版核心原生食材
5175,白花菜,KEEP,466,白花菜,符合基础原生食材定义
5176,潮汕咸菜,DROP,,,成品、半成品或加工食品
5177,皮肉,DROP,,,不属于指南允许的基础原生食材类别
5178,鸡叉骨,REVIEW,,,可能是原生食材，但频次、命名或类别证据不足
5179,黄色色粉,DROP,,,不属于指南允许的基础原生食材类别
5180,干辣子,DROP,,,不属于指南允许的基础原生食材类别
5181,玛丽亚饼干,DROP,,,烘焙或乳制加工食品
5182,姜末葱花,REVIEW,,,可能是原生食材，但频次、命名或类别证据不足
5183,炖盅,DROP,,,不属于指南允许的基础原生食材类别
5184,白辣椒,REVIEW,,,可能是原生食材，但频次、命名或类别证据不足
5185,牛角椒,REVIEW,,,可能是原生食材，但频次、命名或类别证据不足
5186,章鱼干,DROP,,,成品、半成品或加工食品
5187,棵娃娃菜,REVIEW,,,可能是原生食材，但频次、命名或类别证据不足
5188,黄色面包糠,DROP,,,烘焙或乳制加工食品
5189,芫荽粉,DROP,,,不属于指南允许的基础原生食材类别
5190,克花生米,REVIEW,,,可能是原生食材，但频次、命名或类别证据不足
5191,去芯莲子,REVIEW,,,可能是原生食材，但频次、命名或类别证据不足
5192,蒜和姜,SPLIT,2|3,蒜|姜,分隔符明确连接多个独立基础食材；克数无法可靠分摊
5193,烹饪,DROP,,,不属于指南允许的基础原生食材类别
5194,零度可乐,DROP,,,饮料、酒类或乳制品不属于本版核心原生食材
5195,红豆薏米,REVIEW,,,可能是原生食材，但频次、命名或类别证据不足
5196,全麦卷饼,REVIEW,,,可能是原生食材，但频次、命名或类别证据不足
5197,果味粉,DROP,,,不属于指南允许的基础原生食材类别
5198,和薄荷叶,DROP,,,调味料不进入基础原生食材表
5199,多猪肉,REVIEW,,,可能是原生食材，但频次、命名或类别证据不足
5200,各胡萝卜,REVIEW,,,可能是原生食材，但频次、命名或类别证据不足
5201,五香蒸肉粉,REVIEW,,,可能是原生食材，但频次、命名或类别证据不足
5202,巧克力戚风蛋糕,DROP,,,烘焙或乳制加工食品
5203,马苏,DROP,,,不属于指南允许的基础原生食材类别
5204,各一个,DROP,,,数量或单位残留且无法可靠恢复原食材
5205,青红黄椒,REVIEW,,,可能是原生食材，但频次、命名或类别证据不足
5206,樱花奥利奥,DROP,,,不属于指南允许的基础原生食材类别
5207,多五花肉,REVIEW,,,可能是原生食材，但频次、命名或类别证据不足
5208,两种,DROP,,,不属于指南允许的基础原生食材类别
5209,黄油液,DROP,,,烘焙或乳制加工食品
5210,玉米麦片,REVIEW,,,形态描述存在，但原始食材无法确定
5211,荞麦挂面,REVIEW,,,可能是原生食材，但频次、命名或类别证据不足
5212,各式蔬菜,REVIEW,,,可能是原生食材，但频次、命名或类别证据不足
5213,手打鱼丸,DROP,,,成品、半成品或加工食品
5214,米皮,DROP,,,不属于指南允许的基础原生食材类别
5215,鲜桂花,DROP,,,调味料不进入基础原生食材表
5216,黑椒牛柳,DROP,,,调味料不进入基础原生食材表
5217,红椒圈,REVIEW,,,可能是原生食材，但频次、命名或类别证据不足
5218,王守义麻辣鲜,DROP,,,不属于指南允许的基础原生食材类别
5219,柠檬膏,REVIEW,,,可能是原生食材，但频次、命名或类别证据不足
5220,老腊肉,DROP,,,加工肉制品
5221,其他菇,REVIEW,,,可能是原生食材，但频次、命名或类别证据不足
5222,牛干巴,REVIEW,,,可能是原生食材，但频次、命名或类别证据不足
5223,西瓜肉,REVIEW,,,可能是原生食材，但频次、命名或类别证据不足
5224,黑朗姆,DROP,,,不属于指南允许的基础原生食材类别
5225,黄蚬子,REVIEW,,,可能是原生食材，但频次、命名或类别证据不足
5226,杨梅干,REVIEW,,,可能是原生食材，但频次、命名或类别证据不足
5227,多香菇,REVIEW,,,可能是原生食材，但频次、命名或类别证据不足
5228,人分量大米,REVIEW,,,可能是原生食材，但频次、命名或类别证据不足
5229,研磨,DROP,,,不属于指南允许的基础原生食材类别
5230,香菜香葱,REVIEW,,,可能是原生食材，但频次、命名或类别证据不足
5231,酱一大勺,DROP,,,不属于指南允许的基础原生食材类别
5232,麻鸡,REVIEW,,,可能是原生食材，但频次、命名或类别证据不足
5233,花嘴,DROP,,,不属于指南允许的基础原生食材类别
5234,茉莉花茶包,DROP,,,不属于指南允许的基础原生食材类别
5235,蕉芋粉,REVIEW,,,可能是原生食材，但频次、命名或类别证据不足
5236,兰香子,DROP,,,不属于指南允许的基础原生食材类别
5237,川味腊肠,DROP,,,成品、半成品或加工食品
5238,花甲螺,REVIEW,,,可能是原生食材，但频次、命名或类别证据不足
5239,凤尾鱼罐头,DROP,,,成品、半成品或加工食品
5240,酸豆,REVIEW,,,可能是原生食材，但频次、命名或类别证据不足
5241,市场买,DROP,,,不属于指南允许的基础原生食材类别
5242,香菜切末,REVIEW,,,形态描述存在，但原始食材无法确定
5243,原切牛排,REVIEW,,,可能是原生食材，但频次、命名或类别证据不足
5244,成熟牛油果,DROP,,,成品、半成品或加工食品
5245,红皮花生米,DROP,,,不属于指南允许的基础原生食材类别
5246,机牛奶,DROP,,,饮料、酒类或乳制品不属于本版核心原生食材
5247,巧克力雪糕,DROP,,,烘焙或乳制加工食品
5248,河鱼,REVIEW,,,可能是原生食材，但频次、命名或类别证据不足
5249,披萨盘,DROP,,,成品、半成品或加工食品
5250,什么肉,REVIEW,,,可能是原生食材，但频次、命名或类别证据不足
5251,冻草莓,REVIEW,,,可能是原生食材，但频次、命名或类别证据不足
5252,分享,DROP,,,不属于指南允许的基础原生食材类别
5253,南美白虾仁,REVIEW,,,可能是原生食材，但频次、命名或类别证据不足
5254,月饼预拌粉,DROP,,,成品、半成品或加工食品
5255,面团量,REVIEW,,,可能是原生食材，但频次、命名或类别证据不足
5256,干椰蓉,DROP,,,不属于指南允许的基础原生食材类别
5257,头鱼,REVIEW,,,可能是原生食材，但频次、命名或类别证据不足
5258,子普通面粉,DROP,,,成品、半成品或加工食品
5259,六寸,DROP,,,不属于指南允许的基础原生食材类别
5260,黑芝麻牡蛎粉,REVIEW,,,可能是原生食材，但频次、命名或类别证据不足
5261,玉米浓汤,REVIEW,,,可能是原生食材，但频次、命名或类别证据不足
5262,球菜,REVIEW,,,可能是原生食材，但频次、命名或类别证据不足
5263,蒜生姜,REVIEW,,,可能是原生食材，但频次、命名或类别证据不足
5264,猪肚丸,REVIEW,,,可能是原生食材，但频次、命名或类别证据不足
5265,黑豆豆浆,DROP,,,成品、半成品或加工食品
5266,黑猪梅花肉,REVIEW,,,可能是原生食材，但频次、命名或类别证据不足
5267,蛋黄酥,REVIEW,,,可能是原生食材，但频次、命名或类别证据不足
5268,紫薯紫薯,REVIEW,,,可能是原生食材，但频次、命名或类别证据不足
5269,丝配菜,REVIEW,,,可能是原生食材，但频次、命名或类别证据不足
5270,番鸭,REVIEW,,,可能是原生食材，但频次、命名或类别证据不足
5271,可食玫瑰,DROP,,,调味料不进入基础原生食材表
5272,蛋糕纸托,DROP,,,烘焙或乳制加工食品
5273,多谷物面包粉,DROP,,,烘焙或乳制加工食品
5274,没过鸡蛋水,REVIEW,,,可能是原生食材，但频次、命名或类别证据不足
5275,一圈,DROP,,,不属于指南允许的基础原生食材类别
5276,榨面,REVIEW,,,可能是原生食材，但频次、命名或类别证据不足
5277,调温巧克力,DROP,,,烘焙或乳制加工食品
5278,参片,REVIEW,,,形态描述存在，但原始食材无法确定
5279,红椒黄椒,REVIEW,,,可能是原生食材，但频次、命名或类别证据不足
5280,脆麦片,REVIEW,,,形态描述存在，但原始食材无法确定
5281,土鸡蛋鸡蛋,REVIEW,,,可能是原生食材，但频次、命名或类别证据不足
5282,西兰花胡萝卜,REVIEW,,,可能是原生食材，但频次、命名或类别证据不足
5283,青红小尖椒,REVIEW,,,可能是原生食材，但频次、命名或类别证据不足
5284,四川腊肠,DROP,,,成品、半成品或加工食品
5285,芫荽籽,DROP,,,不属于指南允许的基础原生食材类别
5286,特浓咖啡,DROP,,,饮料、酒类或乳制品不属于本版核心原生食材
5287,耐烘焙巧克力豆,DROP,,,烘焙或乳制加工食品
5288,绿色辣椒,REVIEW,,,可能是原生食材，但频次、命名或类别证据不足
5289,草莓冻干粉,REVIEW,,,可能是原生食材，但频次、命名或类别证据不足
5290,多少肥牛,DROP,,,数量或单位残留且无法可靠恢复原食材
5291,红枣粉,REVIEW,,,可能是原生食材，但频次、命名或类别证据不足
5292,东北米,REVIEW,,,可能是原生食材，但频次、命名或类别证据不足
5293,就好姜,REVIEW,,,可能是原生食材，但频次、命名或类别证据不足
5294,素材,DROP,,,不属于指南允许的基础原生食材类别
5295,了牛奶,DROP,,,饮料、酒类或乳制品不属于本版核心原生食材
5296,花芸豆,REVIEW,,,可能是原生食材，但频次、命名或类别证据不足
5297,西瓜皮西瓜皮,DROP,,,不属于指南允许的基础原生食材类别
5298,藜麦米,REVIEW,,,可能是原生食材，但频次、命名或类别证据不足
5299,莲心,DROP,,,不属于指南允许的基础原生食材类别
5300,麻辣火锅蘸料,DROP,,,不属于指南允许的基础原生食材类别
5301,羊后腿,REVIEW,,,可能是原生食材，但频次、命名或类别证据不足
5302,冰粒,DROP,,,不属于指南允许的基础原生食材类别
5303,色巧克力币,DROP,,,烘焙或乳制加工食品
5304,蒜瓣姜片,REVIEW,,,形态描述存在，但原始食材无法确定
5305,味全,DROP,,,不属于指南允许的基础原生食材类别
5306,石膏粉,DROP,,,不属于指南允许的基础原生食材类别
5307,榛果粉,REVIEW,,,可能是原生食材，但频次、命名或类别证据不足
5308,鱼翅,DROP,,,成品、半成品或加工食品
5309,自己饭量面,REVIEW,,,可能是原生食材，但频次、命名或类别证据不足
5310,戚风蛋糕量,DROP,,,烘焙或乳制加工食品
5311,了葱,REVIEW,,,可能是原生食材，但频次、命名或类别证据不足
5312,薄荷葉,REVIEW,,,可能是原生食材，但频次、命名或类别证据不足
5313,玉米叶子,REVIEW,,,可能是原生食材，但频次、命名或类别证据不足
5314,可可蛋糕胚,DROP,,,烘焙或乳制加工食品
5315,干辣椒圈,DROP,,,调味料不进入基础原生食材表
5316,豆瓣醬,REVIEW,,,可能是原生食材，但频次、命名或类别证据不足
5317,黄瓜皮,DROP,,,不属于指南允许的基础原生食材类别
5318,时时间,DROP,,,不属于指南允许的基础原生食材类别
5319,黎麦,REVIEW,,,可能是原生食材，但频次、命名或类别证据不足
5320,材料二,DROP,,,不属于指南允许的基础原生食材类别
5321,自己看,DROP,,,不属于指南允许的基础原生食材类别
5322,卤牛腱,REVIEW,,,可能是原生食材，但频次、命名或类别证据不足
5323,位置,DROP,,,不属于指南允许的基础原生食材类别
5324,酱青,DROP,,,不属于指南允许的基础原生食材类别
5325,橙子果肉,REVIEW,,,可能是原生食材，但频次、命名或类别证据不足
5326,葱和姜,SPLIT,1|3,葱|姜,分隔符明确连接多个独立基础食材；克数无法可靠分摊
5327,帕尔马干酪,DROP,,,不属于指南允许的基础原生食材类别
5328,文鱼头,REVIEW,,,可能是原生食材，但频次、命名或类别证据不足
5329,圈冬瓜,REVIEW,,,可能是原生食材，但频次、命名或类别证据不足
5330,瑶柱干,DROP,,,不属于指南允许的基础原生食材类别
5331,鲩鱼,REVIEW,,,可能是原生食材，但频次、命名或类别证据不足
5332,萧山萝卜干,DROP,,,成品、半成品或加工食品
5333,多少生蚝,DROP,,,数量或单位残留且无法可靠恢复原食材
5334,萝卜水,REVIEW,,,可能是原生食材，但频次、命名或类别证据不足
5335,野生灵芝,REVIEW,,,可能是原生食材，但频次、命名或类别证据不足
5336,烟熏腊肉,DROP,,,加工肉制品
5337,葡挞皮,DROP,,,不属于指南允许的基础原生食材类别
5338,墨西哥玉米片,REVIEW,,,形态描述存在，但原始食材无法确定
5339,紅蘿蔔,DROP,,,不属于指南允许的基础原生食材类别
5340,调味萝卜,REVIEW,,,可能是原生食材，但频次、命名或类别证据不足
5341,子即可水,DROP,,,不属于指南允许的基础原生食材类别
5342,猪扒肉,REVIEW,,,可能是原生食材，但频次、命名或类别证据不足
5343,土豆洋葱,REVIEW,,,可能是原生食材，但频次、命名或类别证据不足
5344,坛子,DROP,,,不属于指南允许的基础原生食材类别
5345,爆浆,DROP,,,不属于指南允许的基础原生食材类别
5346,剩余食材,DROP,,,不属于指南允许的基础原生食材类别
5347,厚片吐司,DROP,,,烘焙或乳制加工食品
5348,红胡萝卜,REVIEW,,,可能是原生食材，但频次、命名或类别证据不足
5349,多少豇豆,DROP,,,数量或单位残留且无法可靠恢复原食材
5350,就行了水,DROP,,,不属于指南允许的基础原生食材类别
5351,定量面粉,DROP,,,成品、半成品或加工食品
5352,日式年糕,DROP,,,成品、半成品或加工食品
5353,是面粉,DROP,,,成品、半成品或加工食品
5354,油白菜,REVIEW,,,可能是原生食材，但频次、命名或类别证据不足
5355,银耳一朵,DROP,,,数量或单位残留且无法可靠恢复原食材
5356,总共,DROP,,,不属于指南允许的基础原生食材类别
5357,葱姜干辣椒,DROP,,,调味料不进入基础原生食材表
5358,番茄切片,REVIEW,,,形态描述存在，但原始食材无法确定
5359,碎白芝麻,REVIEW,,,可能是原生食材，但频次、命名或类别证据不足
5360,奶皮子,DROP,,,饮料、酒类或乳制品不属于本版核心原生食材
5361,鱼头剁椒,DROP,,,成品、半成品或加工食品
5362,叶结,DROP,,,不属于指南允许的基础原生食材类别
5363,种-高筋面粉,DROP,,,成品、半成品或加工食品
5364,窝瓜,REVIEW,,,可能是原生食材，但频次、命名或类别证据不足
5365,带皮鸡肉,MERGE,24,鸡肉,去除确定的鲜冻/去皮去骨描述
5366,各色彩椒,REVIEW,,,可能是原生食材，但频次、命名或类别证据不足
5367,台豆浆机,DROP,,,成品、半成品或加工食品
5368,萝卜丸子,DROP,,,成品、半成品或加工食品
5369,龙虾肉,REVIEW,,,可能是原生食材，但频次、命名或类别证据不足
5370,鸡屎藤,REVIEW,,,可能是原生食材，但频次、命名或类别证据不足
5371,花干,DROP,,,不属于指南允许的基础原生食材类别
5372,牛肉肉糜,REVIEW,,,可能是原生食材，但频次、命名或类别证据不足
5373,多个鹌鹑蛋,REVIEW,,,可能是原生食材，但频次、命名或类别证据不足
5374,多少放多少,DROP,,,数量或单位残留且无法可靠恢复原食材
5375,韭葱,REVIEW,,,可能是原生食材，但频次、命名或类别证据不足
5376,绿色彩椒,REVIEW,,,可能是原生食材，但频次、命名或类别证据不足
5377,葵花子仁,KEEP,498,葵花子仁,符合基础原生食材定义
5378,熏鱼,REVIEW,,,可能是原生食材，但频次、命名或类别证据不足
5379,蒜苗香菜,REVIEW,,,可能是原生食材，但频次、命名或类别证据不足
5380,火鸡腿,KEEP,486,火鸡腿,符合基础原生食材定义
5381,哦鸡蛋,REVIEW,,,可能是原生食材，但频次、命名或类别证据不足
5382,鸡腿块,MERGE,582,鸡腿,去除切片/切块/切丁等形态描述
5383,对半切开,DROP,,,不属于指南允许的基础原生食材类别
5384,脆骨,DROP,,,不属于指南允许的基础原生食材类别
5385,辣椒皮,DROP,,,不属于指南允许的基础原生食材类别
5386,干鲍,REVIEW,,,可能是原生食材，但频次、命名或类别证据不足
5387,奥尔良腌制料,DROP,,,不属于指南允许的基础原生食材类别
5388,彩色巧克力豆,DROP,,,烘焙或乳制加工食品
5389,冰沙,DROP,,,不属于指南允许的基础原生食材类别
5390,粉红薯粉,REVIEW,,,可能是原生食材，但频次、命名或类别证据不足
5391,幸福,DROP,,,不属于指南允许的基础原生食材类别
5392,多少个鸡蛋,DROP,,,数量或单位残留且无法可靠恢复原食材
5393,备温水,DROP,,,不属于指南允许的基础原生食材类别
5394,红酸汤,DROP,,,不属于指南允许的基础原生食材类别
5395,张豆皮,DROP,,,豆制品或淀粉制品（严格模式排除）
5396,王守义炖肉料,REVIEW,,,可能是原生食材，但频次、命名或类别证据不足
5397,牛肉火腿,DROP,,,加工肉制品
5398,进口奶粉,DROP,,,烘焙或乳制加工食品
5399,一盆,DROP,,,不属于指南允许的基础原生食材类别
5400,速冻豌豆,REVIEW,,,可能是原生食材，但频次、命名或类别证据不足
5401,胡萝卜白萝卜,REVIEW,,,可能是原生食材，但频次、命名或类别证据不足
5402,猪肉牛肉,REVIEW,,,可能是原生食材，但频次、命名或类别证据不足
5403,辣酱面,DROP,,,不属于指南允许的基础原生食材类别
5404,草莓水果,REVIEW,,,可能是原生食材，但频次、命名或类别证据不足
5405,虾籽,REVIEW,,,可能是原生食材，但频次、命名或类别证据不足
5406,熟油辣子,DROP,,,成品、半成品或加工食品
5407,鸡蛋沙拉,DROP,,,成品、半成品或加工食品
5408,麻辣鱼,REVIEW,,,可能是原生食材，但频次、命名或类别证据不足
5409,地都冬菜,DROP,,,成品、半成品或加工食品
5410,浓稠型酸奶,DROP,,,饮料、酒类或乳制品不属于本版核心原生食材
5411,圆葱头,REVIEW,,,可能是原生食材，但频次、命名或类别证据不足
5412,果味酸奶,DROP,,,饮料、酒类或乳制品不属于本版核心原生食材
5413,火锅牛肉片,REVIEW,,,形态描述存在，但原始食材无法确定
5414,香草枝,REVIEW,,,可能是原生食材，但频次、命名或类别证据不足
5415,功能电饭煲,DROP,,,不属于指南允许的基础原生食材类别
5416,肉块,REVIEW,,,名称过于宽泛或形态含义不明确，禁止猜测映射
5417,大小瘦肉,REVIEW,,,可能是原生食材，但频次、命名或类别证据不足
5418,鱼丸鱼豆腐,DROP,,,豆制品或淀粉制品（严格模式排除）
5419,姜酒,DROP,,,调味料不进入基础原生食材表
5420,巧克力珠,DROP,,,烘焙或乳制加工食品
5421,五香大料,DROP,,,不属于指南允许的基础原生食材类别
5422,软质奶酪,DROP,,,烘焙或乳制加工食品
5423,汤碗,DROP,,,不属于指南允许的基础原生食材类别
5424,大白菜心,REVIEW,,,可能是原生食材，但频次、命名或类别证据不足
5425,多少剩饭,DROP,,,数量或单位残留且无法可靠恢复原食材
5426,冰块冰块,REVIEW,,,形态描述存在，但原始食材无法确定
5427,意式综合香料,DROP,,,不属于指南允许的基础原生食材类别
5428,曲奇饼,DROP,,,成品、半成品或加工食品
5429,泡姜泡椒,DROP,,,成品、半成品或加工食品
5430,可生食蔬菜,REVIEW,,,可能是原生食材，但频次、命名或类别证据不足
5431,青柠檬皮屑,DROP,,,不属于指南允许的基础原生食材类别
5432,鱼虾,SPLIT,583,虾,明确包含多个独立食材；关系保守保留原文，克数不拆分
5433,马苏里拉碎芝士,DROP,,,烘焙或乳制加工食品
5434,膳食纤维,DROP,,,不属于指南允许的基础原生食材类别
5435,阿华田粉,DROP,,,不属于指南允许的基础原生食材类别
5436,黑米饭,DROP,,,成品、半成品或加工食品
5437,凉粉粉,DROP,,,不属于指南允许的基础原生食材类别
5438,蕃茄膏,REVIEW,,,可能是原生食材，但频次、命名或类别证据不足
5439,玫瑰豆沙馅,DROP,,,调味料不进入基础原生食材表
5440,海虾仁,REVIEW,,,可能是原生食材，但频次、命名或类别证据不足
5441,皮芽子,DROP,,,不属于指南允许的基础原生食材类别
5442,鲜奶牛奶,DROP,,,饮料、酒类或乳制品不属于本版核心原生食材
5443,进口柠檬,REVIEW,,,可能是原生食材，但频次、命名或类别证据不足
5444,洋葱大葱,REVIEW,,,可能是原生食材，但频次、命名或类别证据不足
5445,一锅热水,DROP,,,不属于指南允许的基础原生食材类别
5446,酱菜,DROP,,,不属于指南允许的基础原生食材类别
5447,火烧,DROP,,,不属于指南允许的基础原生食材类别
5448,香葱芝麻,REVIEW,,,可能是原生食材，但频次、命名或类别证据不足
5449,各鸡蛋,REVIEW,,,可能是原生食材，但频次、命名或类别证据不足
5450,法芙娜巧克力,DROP,,,烘焙或乳制加工食品
5451,蒜末白芝麻,REVIEW,,,可能是原生食材，但频次、命名或类别证据不足
5452,更好看,DROP,,,不属于指南允许的基础原生食材类别
5453,苏子粉,DROP,,,不属于指南允许的基础原生食材类别
5454,多少红薯,DROP,,,数量或单位残留且无法可靠恢复原食材
5455,干果仁,REVIEW,,,可能是原生食材，但频次、命名或类别证据不足
5456,儿童面,REVIEW,,,可能是原生食材，但频次、命名或类别证据不足
5457,肥瘦相间羊肉,REVIEW,,,可能是原生食材，但频次、命名或类别证据不足
5458,酱辣椒,DROP,,,不属于指南允许的基础原生食材类别
5459,缸豆,REVIEW,,,可能是原生食材，但频次、命名或类别证据不足
5460,蛋糕料,DROP,,,烘焙或乳制加工食品
5461,烘干机,DROP,,,不属于指南允许的基础原生食材类别
5462,蛋壳粉,REVIEW,,,可能是原生食材，但频次、命名或类别证据不足
5463,肋眼牛排,REVIEW,,,可能是原生食材，但频次、命名或类别证据不足
5464,慕斯粉,DROP,,,成品、半成品或加工食品
5465,白茶,DROP,,,饮料、酒类或乳制品不属于本版核心原生食材
5466,水果搭配,DROP,,,不属于指南允许的基础原生食材类别
5467,火锅,DROP,,,不属于指南允许的基础原生食材类别
5468,牛肝,KEEP,479,牛肝,符合基础原生食材定义
5469,调羹,DROP,,,不属于指南允许的基础原生食材类别
5470,面粉高筋面粉,DROP,,,成品、半成品或加工食品
5471,混合海鲜,REVIEW,,,可能是原生食材，但频次、命名或类别证据不足
5472,多豆角,REVIEW,,,可能是原生食材，但频次、命名或类别证据不足
5473,茶底,DROP,,,不属于指南允许的基础原生食材类别
5474,五指毛桃根,REVIEW,,,可能是原生食材，但频次、命名或类别证据不足
5475,波波肠,DROP,,,成品、半成品或加工食品
5476,生姜切片,REVIEW,,,形态描述存在，但原始食材无法确定
5477,饺子皮饺子皮,DROP,,,成品、半成品或加工食品
5478,绿菜椒,REVIEW,,,可能是原生食材，但频次、命名或类别证据不足
5479,熟虾,DROP,,,成品、半成品或加工食品
5480,太太乐蔬之鲜,DROP,,,不属于指南允许的基础原生食材类别
5481,菜品,REVIEW,,,可能是原生食材，但频次、命名或类别证据不足
5482,纯素美乃滋,DROP,,,不属于指南允许的基础原生食材类别
5483,食金箔,DROP,,,不属于指南允许的基础原生食材类别
5484,剩余蛋液,REVIEW,,,可能是原生食材，但频次、命名或类别证据不足
5485,红枣水,REVIEW,,,可能是原生食材，但频次、命名或类别证据不足
5486,辣椒干辣椒,DROP,,,调味料不进入基础原生食材表
5487,带叶芹菜,REVIEW,,,可能是原生食材，但频次、命名或类别证据不足
5488,画笔,DROP,,,不属于指南允许的基础原生食材类别
5489,刀具,DROP,,,不属于指南允许的基础原生食材类别
5490,鲜牛肉,MERGE,8,牛肉,去除确定的鲜冻/去皮去骨描述
5491,稻花香,DROP,,,不属于指南允许的基础原生食材类别
5492,甜叶菊,DROP,,,不属于指南允许的基础原生食材类别
5493,电饼档,DROP,,,不属于指南允许的基础原生食材类别
5494,干鲍鱼,REVIEW,,,可能是原生食材，但频次、命名或类别证据不足
5495,食苏打粉,DROP,,,不属于指南允许的基础原生食材类别
5496,处水,DROP,,,不属于指南允许的基础原生食材类别
5497,粉肉桂粉,DROP,,,调味料不进入基础原生食材表
5498,鸡屎藤粉,REVIEW,,,可能是原生食材，但频次、命名或类别证据不足
5499,新鲜马苏里拉奶酪,DROP,,,烘焙或乳制加工食品
5500,拉花缸,DROP,,,不属于指南允许的基础原生食材类别
5501,牛肉方便面,DROP,,,成品、半成品或加工食品
5502,柠檬汁数滴,REVIEW,,,可能是原生食材，但频次、命名或类别证据不足
5503,新鲜蔬果,DROP,,,不属于指南允许的基础原生食材类别
5504,种高筋面粉,DROP,,,成品、半成品或加工食品
5505,浓缩番茄膏,DROP,,,成品、半成品或加工食品
5506,生菜沙拉,DROP,,,成品、半成品或加工食品
5507,朵白木耳,MERGE,378,白木耳,去除确定的鲜冻/去皮去骨描述
5508,绿麻椒,DROP,,,调味料不进入基础原生食材表
5509,红豆蜜豆,DROP,,,成品、半成品或加工食品
5510,酱水,DROP,,,不属于指南允许的基础原生食材类别
5511,小葱末,MERGE,1,葱,去除切片/切块/切丁等形态描述
5512,金枪鱼肉,KEEP,495,金枪鱼肉,符合基础原生食材定义
5513,臭鳜鱼,REVIEW,,,可能是原生食材，但频次、命名或类别证据不足
5514,蒜香炸粉,REVIEW,,,可能是原生食材，但频次、命名或类别证据不足
5515,小包装,DROP,,,不属于指南允许的基础原生食材类别
5516,云南火腿,DROP,,,加工肉制品
5517,矿泉水瓶,DROP,,,不属于指南允许的基础原生食材类别
5518,豆腐块豆腐,DROP,,,豆制品或淀粉制品（严格模式排除）
5519,烘培黑巧克力,DROP,,,烘焙或乳制加工食品
5520,香草叶,REVIEW,,,可能是原生食材，但频次、命名或类别证据不足
5521,便当,DROP,,,不属于指南允许的基础原生食材类别
5522,唐辛子,DROP,,,不属于指南允许的基础原生食材类别
5523,慢慢加水,DROP,,,不属于指南允许的基础原生食材类别
5524,蔬菜瓜果,REVIEW,,,可能是原生食材，但频次、命名或类别证据不足
5525,零卡雪碧,DROP,,,不属于指南允许的基础原生食材类别
5526,多少只虾,DROP,,,数量或单位残留且无法可靠恢复原食材
5527,鱼仔,REVIEW,,,可能是原生食材，但频次、命名或类别证据不足
5528,煉奶,DROP,,,饮料、酒类或乳制品不属于本版核心原生食材
5529,能力,DROP,,,不属于指南允许的基础原生食材类别
5530,活鱼,REVIEW,,,可能是原生食材，但频次、命名或类别证据不足
5531,面条鲜,DROP,,,成品、半成品或加工食品
5532,沙窝萝卜,REVIEW,,,可能是原生食材，但频次、命名或类别证据不足
5533,香菇虾皮粉,DROP,,,成品、半成品或加工食品
5534,啥啥,DROP,,,不属于指南允许的基础原生食材类别
5535,泡小米辣,REVIEW,,,可能是原生食材，但频次、命名或类别证据不足
5536,朵干银耳,REVIEW,,,可能是原生食材，但频次、命名或类别证据不足
5537,猪耳,KEEP,480,猪耳,符合基础原生食材定义
5538,计算,DROP,,,不属于指南允许的基础原生食材类别
5539,薄荷酒,DROP,,,调味料不进入基础原生食材表
5540,泡好香菇,REVIEW,,,可能是原生食材，但频次、命名或类别证据不足
5541,粉胡萝卜,REVIEW,,,可能是原生食材，但频次、命名或类别证据不足
5542,小红薯,REVIEW,,,可能是原生食材，但频次、命名或类别证据不足
5543,了胡萝卜,REVIEW,,,可能是原生食材，但频次、命名或类别证据不足
5544,粉色色粉,DROP,,,不属于指南允许的基础原生食材类别
5545,酸奶杯,DROP,,,饮料、酒类或乳制品不属于本版核心原生食材
5546,全麦欧包,REVIEW,,,可能是原生食材，但频次、命名或类别证据不足
5547,火锅菜,REVIEW,,,可能是原生食材，但频次、命名或类别证据不足
5548,酵素机,DROP,,,不属于指南允许的基础原生食材类别
5549,牛奶酸奶,DROP,,,饮料、酒类或乳制品不属于本版核心原生食材
5550,葱姜蒜三兄弟,REVIEW,,,可能是原生食材，但频次、命名或类别证据不足
5551,酸奶慕斯蛋糕,DROP,,,烘焙或乳制加工食品
5552,椰子酸奶,DROP,,,饮料、酒类或乳制品不属于本版核心原生食材
5553,杏仁薄片,REVIEW,,,形态描述存在，但原始食材无法确定
5554,黃瓜,REVIEW,,,可能是原生食材，但频次、命名或类别证据不足
5555,戚风蛋糕卷,DROP,,,烘焙或乳制加工食品
5556,速冻青豆,REVIEW,,,可能是原生食材，但频次、命名或类别证据不足
5557,熟黑豆,DROP,,,成品、半成品或加工食品
5558,肉火腿,DROP,,,加工肉制品
5559,油可放可不放,DROP,,,不属于指南允许的基础原生食材类别
5560,辣红辣椒,REVIEW,,,可能是原生食材，但频次、命名或类别证据不足
5561,沙拉酱甜味,DROP,,,成品、半成品或加工食品
5562,定肉末,REVIEW,,,形态描述存在，但原始食材无法确定
5563,黑啤,DROP,,,不属于指南允许的基础原生食材类别
5564,酸汤,DROP,,,不属于指南允许的基础原生食材类别
5565,超市购买,DROP,,,不属于指南允许的基础原生食材类别
5566,麦乳精,REVIEW,,,可能是原生食材，但频次、命名或类别证据不足
5567,各种丸类,DROP,,,不属于指南允许的基础原生食材类别
5568,树莓粉,DROP,,,不属于指南允许的基础原生食材类别
5569,花生渣,DROP,,,不属于指南允许的基础原生食材类别
5570,饼坯,DROP,,,不属于指南允许的基础原生食材类别
5571,雀巢,DROP,,,不属于指南允许的基础原生食材类别
5572,红火龙果,REVIEW,,,可能是原生食材，但频次、命名或类别证据不足
5573,炒饭食材,DROP,,,成品、半成品或加工食品
5574,鳀鱼,REVIEW,,,可能是原生食材，但频次、命名或类别证据不足
5575,馒头一个,DROP,,,成品、半成品或加工食品
5576,沥水篮,DROP,,,不属于指南允许的基础原生食材类别
5577,玫瑰花馅,DROP,,,调味料不进入基础原生食材表
5578,台湾风味香肠,DROP,,,加工肉制品
5579,甜菊叶,DROP,,,不属于指南允许的基础原生食材类别
5580,金花菜,KEEP,472,金花菜,符合基础原生食材定义
5581,慕斯馅,DROP,,,成品、半成品或加工食品
5582,爱吃菜,REVIEW,,,可能是原生食材，但频次、命名或类别证据不足
5583,软欧面包粉,DROP,,,烘焙或乳制加工食品
5584,绿皮南瓜,DROP,,,不属于指南允许的基础原生食材类别
5585,费列罗巧克力,DROP,,,烘焙或乳制加工食品
5586,猪肉前腿肉,REVIEW,,,可能是原生食材，但频次、命名或类别证据不足
5587,川秀菌粉,REVIEW,,,可能是原生食材，但频次、命名或类别证据不足
5588,花蜜,DROP,,,不属于指南允许的基础原生食材类别
5589,烟熏香肠,DROP,,,加工肉制品
5590,节铁棍山药,REVIEW,,,可能是原生食材，但频次、命名或类别证据不足
5591,稀饭,DROP,,,不属于指南允许的基础原生食材类别
5592,其他肉类,REVIEW,,,可能是原生食材，但频次、命名或类别证据不足
5593,湖南剁辣椒,DROP,,,成品、半成品或加工食品
5594,别蔬菜,REVIEW,,,可能是原生食材，但频次、命名或类别证据不足
5595,豆腐丸子,DROP,,,豆制品或淀粉制品（严格模式排除）
5596,可尔必思,DROP,,,不属于指南允许的基础原生食材类别
5597,那个,DROP,,,不属于指南允许的基础原生食材类别
5598,角大料,DROP,,,不属于指南允许的基础原生食材类别
5599,食颜料,DROP,,,不属于指南允许的基础原生食材类别
5600,可颂,DROP,,,不属于指南允许的基础原生食材类别
5601,粉小麦粉,REVIEW,,,可能是原生食材，但频次、命名或类别证据不足
5602,小酥肉,REVIEW,,,可能是原生食材，但频次、命名或类别证据不足
5603,毛笔,DROP,,,不属于指南允许的基础原生食材类别
5604,截铁棍山药,REVIEW,,,可能是原生食材，但频次、命名或类别证据不足
5605,芝士蛋糕体,DROP,,,烘焙或乳制加工食品
5606,烤鸡,DROP,,,成品、半成品或加工食品
5607,鸡汤罐头,DROP,,,成品、半成品或加工食品
5608,青椒切丝,REVIEW,,,形态描述存在，但原始食材无法确定
5609,锅碗瓢盆,DROP,,,不属于指南允许的基础原生食材类别
5610,汤块,REVIEW,,,形态描述存在，但原始食材无法确定
5611,洋葱香菇,REVIEW,,,可能是原生食材，但频次、命名或类别证据不足
5612,青红椒圈,REVIEW,,,可能是原生食材，但频次、命名或类别证据不足
5613,吧小米椒,REVIEW,,,可能是原生食材，但频次、命名或类别证据不足
5614,剩下米饭,DROP,,,成品、半成品或加工食品
5615,黄剁椒,DROP,,,成品、半成品或加工食品
5616,头大小土豆,REVIEW,,,可能是原生食材，但频次、命名或类别证据不足
5617,菲达芝士,DROP,,,烘焙或乳制加工食品
5618,棍棍面,REVIEW,,,可能是原生食材，但频次、命名或类别证据不足
5619,锅子,DROP,,,不属于指南允许的基础原生食材类别
5620,材料」,DROP,,,不属于指南允许的基础原生食材类别
5621,库尔勒香梨,KEEP,475,库尔勒香梨,符合基础原生食材定义
5622,想吃什么放什么,DROP,,,不属于指南允许的基础原生食材类别
5623,冒尖面粉,DROP,,,成品、半成品或加工食品
5624,汤食材,DROP,,,不属于指南允许的基础原生食材类别
5625,脱脂,DROP,,,不属于指南允许的基础原生食材类别
5626,大孔奶酪,DROP,,,烘焙或乳制加工食品
5627,姜和蒜,SPLIT,3|2,姜|蒜,分隔符明确连接多个独立基础食材；克数无法可靠分摊
5628,蛋抽,REVIEW,,,可能是原生食材，但频次、命名或类别证据不足
5629,半个洋葱,MERGE,5,洋葱,修复数量/单位残留
5630,香兰精,DROP,,,不属于指南允许的基础原生食材类别
5631,空瓶子,DROP,,,不属于指南允许的基础原生食材类别
5632,各种豆类,REVIEW,,,可能是原生食材，但频次、命名或类别证据不足
5633,芝麻葱花,REVIEW,,,可能是原生食材，但频次、命名或类别证据不足
5634,金耳,DROP,,,不属于指南允许的基础原生食材类别
5635,现磨咖啡粉,DROP,,,饮料、酒类或乳制品不属于本版核心原生食材
5636,海鲜面,REVIEW,,,可能是原生食材，但频次、命名或类别证据不足
5637,仙人掌果粉,DROP,,,不属于指南允许的基础原生食材类别
5638,儿胡萝卜,REVIEW,,,可能是原生食材，但频次、命名或类别证据不足
5639,脆山药,REVIEW,,,可能是原生食材，但频次、命名或类别证据不足
5640,福袋,DROP,,,不属于指南允许的基础原生食材类别
5641,马卡龙饼身,DROP,,,不属于指南允许的基础原生食材类别
5642,梳打饼干,DROP,,,烘焙或乳制加工食品
5643,里香碎,REVIEW,,,形态描述存在，但原始食材无法确定
5644,鸡蛋牛奶,DROP,,,饮料、酒类或乳制品不属于本版核心原生食材
5645,刚刚好,DROP,,,不属于指南允许的基础原生食材类别
5646,各种新鲜水果,DROP,,,不属于指南允许的基础原生食材类别
5647,嫩母鸡,REVIEW,,,可能是原生食材，但频次、命名或类别证据不足
5648,各种素菜,REVIEW,,,可能是原生食材，但频次、命名或类别证据不足
5649,蟹钳,REVIEW,,,可能是原生食材，但频次、命名或类别证据不足
5650,葡萄乾,REVIEW,,,可能是原生食材，但频次、命名或类别证据不足
5651,烫水,DROP,,,不属于指南允许的基础原生食材类别
5652,很甜,DROP,,,不属于指南允许的基础原生食材类别
5653,原汤,DROP,,,不属于指南允许的基础原生食材类别
5654,奥利奥饼干粉,DROP,,,烘焙或乳制加工食品
5655,&白芝麻,REVIEW,,,疑似多食材组合，但无法百分之百确认全部组成
5656,沙拉叶,DROP,,,成品、半成品或加工食品
5657,干馒头,DROP,,,成品、半成品或加工食品
5658,就好葱姜蒜,REVIEW,,,可能是原生食材，但频次、命名或类别证据不足
5659,鸡蛋蛋白蛋白,REVIEW,,,可能是原生食材，但频次、命名或类别证据不足
5660,泡菜母水,DROP,,,成品、半成品或加工食品
5661,冷冻水果,DROP,,,不属于指南允许的基础原生食材类别
5662,猪后腿,REVIEW,,,可能是原生食材，但频次、命名或类别证据不足
5663,芝士奶盖,DROP,,,烘焙或乳制加工食品
5664,土鸡一只,DROP,,,数量或单位残留且无法可靠恢复原食材
5665,慕斯杯,DROP,,,成品、半成品或加工食品
5666,小米面,REVIEW,,,可能是原生食材，但频次、命名或类别证据不足
5667,蘑菇罐头,DROP,,,成品、半成品或加工食品
5668,三肥七瘦,DROP,,,不属于指南允许的基础原生食材类别
5669,粉配方,DROP,,,不属于指南允许的基础原生食材类别
5670,高钙低脂牛奶,DROP,,,饮料、酒类或乳制品不属于本版核心原生食材
5671,红辣椒青辣椒,REVIEW,,,可能是原生食材，但频次、命名或类别证据不足
5672,克玉米面,REVIEW,,,可能是原生食材，但频次、命名或类别证据不足
5673,朵花椰菜,MERGE,208,菜花,去除确定的鲜冻/去皮去骨描述
5674,香草味,REVIEW,,,可能是原生食材，但频次、命名或类别证据不足
5675,其他菌菇,REVIEW,,,可能是原生食材，但频次、命名或类别证据不足
5676,芝麻醬,REVIEW,,,可能是原生食材，但频次、命名或类别证据不足
5677,菠菜饼,REVIEW,,,可能是原生食材，但频次、命名或类别证据不足
5678,羊脊骨,REVIEW,,,可能是原生食材，但频次、命名或类别证据不足
5679,小公鸡,REVIEW,,,可能是原生食材，但频次、命名或类别证据不足
5680,红小辣椒,REVIEW,,,可能是原生食材，但频次、命名或类别证据不足
5681,菜娃娃菜,REVIEW,,,可能是原生食材，但频次、命名或类别证据不足
5682,羊棒骨,REVIEW,,,可能是原生食材，但频次、命名或类别证据不足
5683,糕点预拌粉,DROP,,,不属于指南允许的基础原生食材类别
5684,各种料,DROP,,,不属于指南允许的基础原生食材类别
5685,不了,DROP,,,不属于指南允许的基础原生食材类别
5686,麻花,DROP,,,不属于指南允许的基础原生食材类别
5687,剩粥,DROP,,,成品、半成品或加工食品
5688,锅开水,DROP,,,不属于指南允许的基础原生食材类别
5689,芝麻烧饼,REVIEW,,,可能是原生食材，但频次、命名或类别证据不足
5690,红茶茶粉,DROP,,,不属于指南允许的基础原生食材类别
5691,打泡粉,DROP,,,不属于指南允许的基础原生食材类别
5692,大辣椒,REVIEW,,,可能是原生食材，但频次、命名或类别证据不足
5693,混合均匀,DROP,,,不属于指南允许的基础原生食材类别
5694,忘了,DROP,,,不属于指南允许的基础原生食材类别
5695,金丝枣,REVIEW,,,可能是原生食材，但频次、命名或类别证据不足
5696,各类食材,DROP,,,不属于指南允许的基础原生食材类别
5697,起士,DROP,,,不属于指南允许的基础原生食材类别
5698,羔羊排,REVIEW,,,可能是原生食材，但频次、命名或类别证据不足
5699,蜜桃乌龙茶,DROP,,,饮料、酒类或乳制品不属于本版核心原生食材
5700,各干辣椒,DROP,,,调味料不进入基础原生食材表
5701,隔夜饭米饭,DROP,,,成品、半成品或加工食品
5702,姜丝蒜片,REVIEW,,,形态描述存在，但原始食材无法确定
5703,定量鸡蛋,REVIEW,,,可能是原生食材，但频次、命名或类别证据不足
5704,张海带,REVIEW,,,可能是原生食材，但频次、命名或类别证据不足
5705,蛋白中,REVIEW,,,可能是原生食材，但频次、命名或类别证据不足
5706,分次加入,DROP,,,工具、包装或操作说明
5707,姜片蒜瓣,REVIEW,,,形态描述存在，但原始食材无法确定
5708,冰纯净水,DROP,,,不属于指南允许的基础原生食材类别
5709,黑凉粉粉,DROP,,,不属于指南允许的基础原生食材类别
5710,卤肉汤,REVIEW,,,可能是原生食材，但频次、命名或类别证据不足
5711,两个西红柿,MERGE,14,番茄,修复数量/单位残留
5712,豆腐老豆腐,DROP,,,豆制品或淀粉制品（严格模式排除）
5713,碎番茄,REVIEW,,,可能是原生食材，但频次、命名或类别证据不足
5714,辣小米椒,REVIEW,,,可能是原生食材，但频次、命名或类别证据不足
5715,乳化剂,DROP,,,不属于指南允许的基础原生食材类别
5716,牌粘米粉,DROP,,,成品、半成品或加工食品
5717,生命源泉,DROP,,,不属于指南允许的基础原生食材类别
5718,干花,DROP,,,不属于指南允许的基础原生食材类别
5719,柚子皮柚子皮,DROP,,,不属于指南允许的基础原生食材类别
5720,鸭汤,REVIEW,,,可能是原生食材，但频次、命名或类别证据不足
5721,蜜桃乌龙茶包,DROP,,,不属于指南允许的基础原生食材类别
5722,奶液,DROP,,,不属于指南允许的基础原生食材类别
5723,干葡萄干,DROP,,,成品、半成品或加工食品
5724,乳酪粉,DROP,,,不属于指南允许的基础原生食材类别
5725,滑蛋,REVIEW,,,可能是原生食材，但频次、命名或类别证据不足
5726,一个蛋黄鸡蛋,DROP,,,数量或单位残留且无法可靠恢复原食材
5727,多少剩米饭,DROP,,,成品、半成品或加工食品
5728,小元宵,DROP,,,不属于指南允许的基础原生食材类别
5729,墨江紫米,REVIEW,,,可能是原生食材，但频次、命名或类别证据不足
5730,五柳菜,REVIEW,,,可能是原生食材，但频次、命名或类别证据不足
5731,慢慢加,DROP,,,不属于指南允许的基础原生食材类别
5732,参考分量,DROP,,,不属于指南允许的基础原生食材类别
5733,就行胡萝卜,REVIEW,,,可能是原生食材，但频次、命名或类别证据不足
5734,辣青椒,REVIEW,,,可能是原生食材，但频次、命名或类别证据不足
5735,鸡胸肉肠,DROP,,,成品、半成品或加工食品
5736,树薯粉,REVIEW,,,可能是原生食材，但频次、命名或类别证据不足
5737,西红柿水,REVIEW,,,可能是原生食材，但频次、命名或类别证据不足
5738,度牛奶,DROP,,,饮料、酒类或乳制品不属于本版核心原生食材
5739,准备面粉,DROP,,,成品、半成品或加工食品
5740,豆渣豆渣,DROP,,,成品、半成品或加工食品
5741,笋衣,REVIEW,,,可能是原生食材，但频次、命名或类别证据不足
5742,酸奶一盒,DROP,,,饮料、酒类或乳制品不属于本版核心原生食材
5743,上校鸡块,REVIEW,,,形态描述存在，但原始食材无法确定
5744,冰淇淋机,DROP,,,成品、半成品或加工食品
5745,自己爱吃食材,DROP,,,不属于指南允许的基础原生食材类别
5746,牛油果半个,MERGE,90,牛油果,修复数量/单位残留
5747,柴鱼粉,DROP,,,成品、半成品或加工食品
5748,什么水果,DROP,,,不属于指南允许的基础原生食材类别
5749,冰淇凌,DROP,,,不属于指南允许的基础原生食材类别
5750,各种豆子,REVIEW,,,可能是原生食材，但频次、命名或类别证据不足
5751,一个苹果,MERGE,56,苹果,修复数量/单位残留
5752,见手青,DROP,,,不属于指南允许的基础原生食材类别
5753,水烧开,DROP,,,不属于指南允许的基础原生食材类别
5754,黑巧克力慕斯,DROP,,,烘焙或乳制加工食品
5755,单饼,DROP,,,不属于指南允许的基础原生食材类别
5756,菜梗,REVIEW,,,可能是原生食材，但频次、命名或类别证据不足
5757,海苔海苔,DROP,,,成品、半成品或加工食品
5758,木铲,DROP,,,不属于指南允许的基础原生食材类别
5759,炒海苔,DROP,,,成品、半成品或加工食品
5760,蛋糕卷配方,DROP,,,烘焙或乳制加工食品
5761,南瓜半个,MERGE,30,南瓜,修复数量/单位残留
5762,葱切小段,REVIEW,,,形态描述存在，但原始食材无法确定
5763,荤素搭配,DROP,,,不属于指南允许的基础原生食材类别
5764,多少小龙虾,DROP,,,数量或单位残留且无法可靠恢复原食材
5765,新鲜银耳,MERGE,107,银耳,去除确定的鲜冻/去皮去骨描述
5766,拳头大小,DROP,,,不属于指南允许的基础原生食材类别
5767,黑面包,DROP,,,烘焙或乳制加工食品
5768,哨子,DROP,,,不属于指南允许的基础原生食材类别
5769,喜爱蔬菜,REVIEW,,,可能是原生食材，但频次、命名或类别证据不足
5770,一比一,DROP,,,不属于指南允许的基础原生食材类别
5771,菠萝菠萝,REVIEW,,,可能是原生食材，但频次、命名或类别证据不足
5772,一台料理机,DROP,,,不属于指南允许的基础原生食材类别
5773,面马苏里拉芝士,DROP,,,烘焙或乳制加工食品
5774,独头黑蒜,REVIEW,,,可能是原生食材，但频次、命名或类别证据不足
5775,湖南腊肉,DROP,,,加工肉制品
5776,椴树蜜,DROP,,,不属于指南允许的基础原生食材类别
5777,三明治」,DROP,,,不属于指南允许的基础原生食材类别
5778,拍碎,REVIEW,,,形态描述存在，但原始食材无法确定
5779,番茄一个,MERGE,14,番茄,修复数量/单位残留
5780,无骨鸡腿肉,MERGE,582,鸡腿,去除确定的鲜冻/去皮去骨描述
5781,鸡翅鸡,REVIEW,,,可能是原生食材，但频次、命名或类别证据不足
5782,速溶椰子粉,REVIEW,,,可能是原生食材，但频次、命名或类别证据不足
5783,哦猪肉,REVIEW,,,可能是原生食材，但频次、命名或类别证据不足
5784,翻倍,DROP,,,不属于指南允许的基础原生食材类别
5785,莲藕一节,REVIEW,,,可能是原生食材，但频次、命名或类别证据不足
5786,摩卡壶,DROP,,,不属于指南允许的基础原生食材类别
5787,烧水壶,DROP,,,不属于指南允许的基础原生食材类别
5788,就行鸡蛋,REVIEW,,,可能是原生食材，但频次、命名或类别证据不足
5789,力可达乳酪,DROP,,,不属于指南允许的基础原生食材类别
5790,水果果肉,REVIEW,,,可能是原生食材，但频次、命名或类别证据不足
5791,素火腿肠,DROP,,,加工肉制品
5792,馅料准备,DROP,,,不属于指南允许的基础原生食材类别
5793,粉温水,DROP,,,不属于指南允许的基础原生食材类别
5794,炒年糕,DROP,,,成品、半成品或加工食品
5795,色膏,DROP,,,不属于指南允许的基础原生食材类别
5796,干碎辣椒,REVIEW,,,可能是原生食材，但频次、命名或类别证据不足
5797,吧大蒜,REVIEW,,,可能是原生食材，但频次、命名或类别证据不足
5798,大小红枣,REVIEW,,,可能是原生食材，但频次、命名或类别证据不足
5799,克椰蓉,DROP,,,不属于指南允许的基础原生食材类别
5800,寿司,DROP,,,不属于指南允许的基础原生食材类别
5801,南瓜浓汤,REVIEW,,,可能是原生食材，但频次、命名或类别证据不足
5802,口味抹茶粉,DROP,,,成品、半成品或加工食品
5803,熟豌豆粒,DROP,,,成品、半成品或加工食品
5804,葱段香菜,REVIEW,,,可能是原生食材，但频次、命名或类别证据不足
5805,人面条,DROP,,,成品、半成品或加工食品
5806,起泡酒,DROP,,,调味料不进入基础原生食材表
5807,预调酒,DROP,,,调味料不进入基础原生食材表
5808,克炼乳,DROP,,,烘焙或乳制加工食品
5809,水澱粉,DROP,,,不属于指南允许的基础原生食材类别
5810,圆形蛋糕模,DROP,,,烘焙或乳制加工食品
5811,多少猪皮,DROP,,,数量或单位残留且无法可靠恢复原食材
5812,胡萝卜半根,MERGE,6,胡萝卜,修复数量/单位残留
5813,稀酸奶,DROP,,,饮料、酒类或乳制品不属于本版核心原生食材
5814,也好吃,DROP,,,不属于指南允许的基础原生食材类别
5815,白豆罐头,DROP,,,成品、半成品或加工食品
5816,东北木耳,REVIEW,,,可能是原生食材，但频次、命名或类别证据不足
5817,蛋糕纸杯,DROP,,,烘焙或乳制加工食品
5818,购买,DROP,,,不属于指南允许的基础原生食材类别
5819,纯巧克力,DROP,,,烘焙或乳制加工食品
5820,芝士奶黄馅,DROP,,,烘焙或乳制加工食品
5821,泡好,DROP,,,不属于指南允许的基础原生食材类别
5822,张饺子皮,DROP,,,成品、半成品或加工食品
5823,任何海鲜,REVIEW,,,可能是原生食材，但频次、命名或类别证据不足
5824,带骨鸡肉,REVIEW,,,可能是原生食材，但频次、命名或类别证据不足
5825,巴旦木粉,DROP,,,不属于指南允许的基础原生食材类别
5826,面粉混合,DROP,,,成品、半成品或加工食品
5827,小蔬菜,REVIEW,,,可能是原生食材，但频次、命名或类别证据不足
5828,筒骨汤,DROP,,,不属于指南允许的基础原生食材类别
5829,胖子,KEEP,492,胖子,符合基础原生食材定义
5830,可可不,DROP,,,不属于指南允许的基础原生食材类别
5831,香腸,DROP,,,不属于指南允许的基础原生食材类别
5832,紫皮圆葱,DROP,,,不属于指南允许的基础原生食材类别
5833,德式香肠,DROP,,,加工肉制品
5834,纯黑咖啡粉,DROP,,,饮料、酒类或乳制品不属于本版核心原生食材
5835,汁柠檬,REVIEW,,,可能是原生食材，但频次、命名或类别证据不足
5836,冰棒,DROP,,,不属于指南允许的基础原生食材类别
5837,小球,DROP,,,不属于指南允许的基础原生食材类别
5838,水一小碗,DROP,,,不属于指南允许的基础原生食材类别
5839,大米面包粉,DROP,,,烘焙或乳制加工食品
5840,新奥尔良烤翅粉,DROP,,,不属于指南允许的基础原生食材类别
5841,泡软,DROP,,,不属于指南允许的基础原生食材类别
5842,发糕粉,DROP,,,不属于指南允许的基础原生食材类别
5843,小朵西兰花,REVIEW,,,可能是原生食材，但频次、命名或类别证据不足
5844,小伙伴,DROP,,,不属于指南允许的基础原生食材类别
5845,葉子,DROP,,,不属于指南允许的基础原生食材类别
5846,牛排一块,REVIEW,,,形态描述存在，但原始食材无法确定
5847,面中筋面粉,DROP,,,成品、半成品或加工食品
5848,淡干海参,REVIEW,,,可能是原生食材，但频次、命名或类别证据不足
5849,碎巧克力,DROP,,,烘焙或乳制加工食品
5850,类食材,DROP,,,不属于指南允许的基础原生食材类别
5851,蓝色,DROP,,,不属于指南允许的基础原生食材类别
5852,各种面包,DROP,,,烘焙或乳制加工食品
5853,蛋配方,REVIEW,,,可能是原生食材，但频次、命名或类别证据不足
5854,混合面粉,DROP,,,成品、半成品或加工食品
5855,持平水,DROP,,,不属于指南允许的基础原生食材类别
5856,肉鸡胸肉,REVIEW,,,可能是原生食材，但频次、命名或类别证据不足
5857,活底模,DROP,,,不属于指南允许的基础原生食材类别
5858,西红柿炒鸡蛋,REVIEW,,,可能是原生食材，但频次、命名或类别证据不足
5859,凉透米饭,DROP,,,成品、半成品或加工食品
5860,大小肉末,REVIEW,,,形态描述存在，但原始食材无法确定
5861,小芋圆,DROP,,,成品、半成品或加工食品
5862,卡彭奶酪,DROP,,,烘焙或乳制加工食品
5863,熟糯米饭,DROP,,,成品、半成品或加工食品
5864,捏虾皮,DROP,,,成品、半成品或加工食品
5865,玫瑰葡萄干,DROP,,,调味料不进入基础原生食材表
5866,抓莲子,REVIEW,,,可能是原生食材，但频次、命名或类别证据不足
5867,普通牛奶,DROP,,,饮料、酒类或乳制品不属于本版核心原生食材
5868,一半面粉,DROP,,,成品、半成品或加工食品
5869,就加,DROP,,,不属于指南允许的基础原生食材类别
5870,少放多少马苏里拉,DROP,,,数量或单位残留且无法可靠恢复原食材
5871,植脂末,REVIEW,,,形态描述存在，但原始食材无法确定
5872,蛋类,REVIEW,,,可能是原生食材，但频次、命名或类别证据不足
5873,奶制品,DROP,,,不属于指南允许的基础原生食材类别
5874,肉粉,REVIEW,,,可能是原生食材，但频次、命名或类别证据不足
5875,小鲍鱼,REVIEW,,,可能是原生食材，但频次、命名或类别证据不足
5876,凤梨酥馅,REVIEW,,,可能是原生食材，但频次、命名或类别证据不足
5877,〈切片〉,DROP,,,不属于指南允许的基础原生食材类别
5878,剩下蛋清,REVIEW,,,可能是原生食材，但频次、命名或类别证据不足
5879,剩余鸡蛋液,REVIEW,,,可能是原生食材，但频次、命名或类别证据不足
5880,厚片,REVIEW,,,形态描述存在，但原始食材无法确定
5881,了火腿,DROP,,,加工肉制品
5882,柠檬角,REVIEW,,,可能是原生食材，但频次、命名或类别证据不足
5883,低脂奶粉,DROP,,,烘焙或乳制加工食品
5884,儿面粉,DROP,,,成品、半成品或加工食品
5885,粗细面条,DROP,,,成品、半成品或加工食品
5886,涂表面,REVIEW,,,可能是原生食材，但频次、命名或类别证据不足
5887,丰富,DROP,,,不属于指南允许的基础原生食材类别
5888,稻花香大米,REVIEW,,,可能是原生食材，但频次、命名或类别证据不足
5889,剩胡萝卜,REVIEW,,,可能是原生食材，但频次、命名或类别证据不足
5890,油各,DROP,,,不属于指南允许的基础原生食材类别
5891,日子,DROP,,,不属于指南允许的基础原生食材类别
5892,布丁碗,DROP,,,成品、半成品或加工食品
5893,植物蛋白粉,REVIEW,,,可能是原生食材，但频次、命名或类别证据不足
5894,保存,DROP,,,不属于指南允许的基础原生食材类别
5895,食材〗,DROP,,,不属于指南允许的基础原生食材类别
5896,疙瘩汤,DROP,,,不属于指南允许的基础原生食材类别
5897,奶油慕斯,DROP,,,烘焙或乳制加工食品
5898,人吃大米,REVIEW,,,可能是原生食材，但频次、命名或类别证据不足
5899,小鸡蛋鸡蛋,REVIEW,,,可能是原生食材，但频次、命名或类别证据不足
5900,碎葱花,REVIEW,,,可能是原生食材，但频次、命名或类别证据不足
5901,自行调节水,DROP,,,不属于指南允许的基础原生食材类别
5902,粉混合物,DROP,,,不属于指南允许的基础原生食材类别
5903,大蒜泥,REVIEW,,,可能是原生食材，但频次、命名或类别证据不足
5904,玻璃盒,DROP,,,不属于指南允许的基础原生食材类别
5905,混合肉末,REVIEW,,,形态描述存在，但原始食材无法确定
5906,总重量,DROP,,,不属于指南允许的基础原生食材类别
5907,雪花小麦粉,REVIEW,,,可能是原生食材，但频次、命名或类别证据不足
5908,白萝卜一根,MERGE,63,白萝卜,修复数量/单位残留
5909,准备工作,DROP,,,不属于指南允许的基础原生食材类别
5910,鸡鸡胸肉,REVIEW,,,可能是原生食材，但频次、命名或类别证据不足
5911,奶酪末,DROP,,,烘焙或乳制加工食品
5912,碎片,REVIEW,,,形态描述存在，但原始食材无法确定
5913,黄鳝鱼,REVIEW,,,可能是原生食材，但频次、命名或类别证据不足
5914,绿豆汤,REVIEW,,,可能是原生食材，但频次、命名或类别证据不足
5915,碎奥利奥,DROP,,,不属于指南允许的基础原生食材类别
5916,多少蛋挞皮,DROP,,,成品、半成品或加工食品
5917,火腿火腿,DROP,,,加工肉制品
5918,人数定大米,REVIEW,,,可能是原生食材，但频次、命名或类别证据不足
5919,任何你想吃,DROP,,,不属于指南允许的基础原生食材类别
5920,可可蛋糕体,DROP,,,烘焙或乳制加工食品
5921,大米粥,DROP,,,成品、半成品或加工食品
5922,原汁机,DROP,,,不属于指南允许的基础原生食材类别
5923,一切食材,DROP,,,不属于指南允许的基础原生食材类别
5924,依个人口味增减,DROP,,,不属于指南允许的基础原生食材类别
5925,海鲜汤,REVIEW,,,可能是原生食材，但频次、命名或类别证据不足
5926,细丝胡萝卜,REVIEW,,,可能是原生食材，但频次、命名或类别证据不足
5927,来土豆,REVIEW,,,可能是原生食材，但频次、命名或类别证据不足
5928,碎银耳,REVIEW,,,可能是原生食材，但频次、命名或类别证据不足
5929,黄红彩椒,REVIEW,,,可能是原生食材，但频次、命名或类别证据不足
5930,嫩芹菜叶,REVIEW,,,可能是原生食材，但频次、命名或类别证据不足
5931,拉奶酪,DROP,,,烘焙或乳制加工食品
5932,酱鸡蛋,DROP,,,不属于指南允许的基础原生食材类别
5933,面包高筋面粉,DROP,,,烘焙或乳制加工食品
5934,过夜饭,DROP,,,不属于指南允许的基础原生食材类别
5935,牛奶桃山皮,DROP,,,饮料、酒类或乳制品不属于本版核心原生食材
5936,蛋糕杯,DROP,,,烘焙或乳制加工食品
5937,黄瓜切丝,REVIEW,,,形态描述存在，但原始食材无法确定
5938,辣椒泡椒,DROP,,,成品、半成品或加工食品
5939,金文奶酪,DROP,,,烘焙或乳制加工食品
5940,豆腐包,DROP,,,豆制品或淀粉制品（严格模式排除）
5941,了黑芝麻,REVIEW,,,可能是原生食材，但频次、命名或类别证据不足
5942,宗家府切件泡菜,DROP,,,成品、半成品或加工食品
5943,植物酸奶,DROP,,,饮料、酒类或乳制品不属于本版核心原生食材
5944,开始,DROP,,,不属于指南允许的基础原生食材类别
5945,吧鸡翅,REVIEW,,,可能是原生食材，但频次、命名或类别证据不足
5946,果浆,DROP,,,不属于指南允许的基础原生食材类别
5947,奶黄流心馅,DROP,,,不属于指南允许的基础原生食材类别
5948,碎蒜头,REVIEW,,,可能是原生食材，但频次、命名或类别证据不足
5949,层低筋面粉,DROP,,,成品、半成品或加工食品
5950,子鸡蛋,REVIEW,,,可能是原生食材，但频次、命名或类别证据不足
5951,准备食材,DROP,,,不属于指南允许的基础原生食材类别
5952,洋葱土豆,REVIEW,,,可能是原生食材，但频次、命名或类别证据不足
5953,菇金针菇,REVIEW,,,可能是原生食材，但频次、命名或类别证据不足
5954,印章,DROP,,,不属于指南允许的基础原生食材类别
5955,你想吃菜,REVIEW,,,可能是原生食材，但频次、命名或类别证据不足
5956,凉虾粉,REVIEW,,,可能是原生食材，但频次、命名或类别证据不足
5957,成蛋液鸡蛋,REVIEW,,,可能是原生食材，但频次、命名或类别证据不足
5958,粉普通面粉,DROP,,,成品、半成品或加工食品
5959,粉色巧克力,DROP,,,烘焙或乳制加工食品
5960,泡豆水,REVIEW,,,可能是原生食材，但频次、命名或类别证据不足
5961,叶芹菜叶,REVIEW,,,可能是原生食材，但频次、命名或类别证据不足
5962,什么鱼,REVIEW,,,可能是原生食材，但频次、命名或类别证据不足
5963,无籽西瓜,REVIEW,,,可能是原生食材，但频次、命名或类别证据不足
5964,新鲜鸭蛋,MERGE,243,鸭蛋,去除确定的鲜冻/去皮去骨描述
5965,调味食材,DROP,,,不属于指南允许的基础原生食材类别
5966,种子类,DROP,,,不属于指南允许的基础原生食材类别
5967,饼干一包,DROP,,,烘焙或乳制加工食品
5968,普洱熟茶,DROP,,,成品、半成品或加工食品
5969,白年糕,DROP,,,成品、半成品或加工食品
5970,自己饭量米饭,DROP,,,成品、半成品或加工食品
5971,泡发好,DROP,,,不属于指南允许的基础原生食材类别
5972,绿小米椒,REVIEW,,,可能是原生食材，但频次、命名或类别证据不足
5973,燕麦饼干,DROP,,,烘焙或乳制加工食品
5974,高钙芝士片,DROP,,,烘焙或乳制加工食品
5975,老公,DROP,,,不属于指南允许的基础原生食材类别
5976,材料水,DROP,,,不属于指南允许的基础原生食材类别
5977,冰块冰水,DROP,,,不属于指南允许的基础原生食材类别
5978,水柠檬,REVIEW,,,可能是原生食材，但频次、命名或类别证据不足
5979,多少红薯粉,DROP,,,数量或单位残留且无法可靠恢复原食材
5980,粽子粽叶,DROP,,,不属于指南允许的基础原生食材类别
5981,就行香菜,REVIEW,,,可能是原生食材，但频次、命名或类别证据不足
5982,辣粉,DROP,,,不属于指南允许的基础原生食材类别
5983,番茄西红柿,REVIEW,,,可能是原生食材，但频次、命名或类别证据不足
5984,绿色叶子,DROP,,,不属于指南允许的基础原生食材类别
5985,卡乐比,DROP,,,不属于指南允许的基础原生食材类别
5986,杂七杂八,DROP,,,不属于指南允许的基础原生食材类别
5987,一盘,DROP,,,不属于指南允许的基础原生食材类别
5988,儿黄瓜,REVIEW,,,可能是原生食材，但频次、命名或类别证据不足
5989,室温软化,DROP,,,不属于指南允许的基础原生食材类别
5990,鲭鱼罐头,DROP,,,成品、半成品或加工食品
5991,打散鸡蛋,REVIEW,,,可能是原生食材，但频次、命名或类别证据不足
5992,牛肉火腿肠,DROP,,,加工肉制品
5993,紅茶,DROP,,,饮料、酒类或乳制品不属于本版核心原生食材
5994,豆腐配菜,DROP,,,豆制品或淀粉制品（严格模式排除）
5995,香菜蒜苗,REVIEW,,,可能是原生食材，但频次、命名或类别证据不足
5996,花花,DROP,,,不属于指南允许的基础原生食材类别
5997,多少杨梅,DROP,,,数量或单位残留且无法可靠恢复原食材
5998,面佐料,REVIEW,,,可能是原生食材，但频次、命名或类别证据不足
5999,样子,DROP,,,不属于指南允许的基础原生食材类别
6000,鸡鸡腿,REVIEW,,,可能是原生食材，但频次、命名或类别证据不足
6001,大西米,DROP,,,成品、半成品或加工食品
6002,少葱花,REVIEW,,,可能是原生食材，但频次、命名或类别证据不足
6003,洋香菜,REVIEW,,,可能是原生食材，但频次、命名或类别证据不足
6004,抓大米,REVIEW,,,可能是原生食材，但频次、命名或类别证据不足
6005,半个西红柿,MERGE,14,番茄,修复数量/单位残留
6006,和香菜,REVIEW,,,疑似多食材组合，但无法百分之百确认全部组成
6007,混合料,DROP,,,不属于指南允许的基础原生食材类别
6008,肉绒,REVIEW,,,可能是原生食材，但频次、命名或类别证据不足
6009,分两份,DROP,,,数量或单位残留且无法可靠恢复原食材
6010,胡萝卜切片,REVIEW,,,形态描述存在，但原始食材无法确定
6011,德芙,DROP,,,不属于指南允许的基础原生食材类别
6012,想吃啥放啥,DROP,,,不属于指南允许的基础原生食材类别
6013,火腿肠一根,DROP,,,加工肉制品
6014,奶油霜配方,DROP,,,烘焙或乳制加工食品
6015,了面条,DROP,,,成品、半成品或加工食品
6016,老鸭汤炖料,REVIEW,,,可能是原生食材，但频次、命名或类别证据不足
6017,小黄花鱼,REVIEW,,,可能是原生食材，但频次、命名或类别证据不足
6018,面团低粉,REVIEW,,,可能是原生食材，但频次、命名或类别证据不足
6019,中药包,DROP,,,不属于指南允许的基础原生食材类别
6020,刺少鱼,REVIEW,,,可能是原生食材，但频次、命名或类别证据不足
6021,肉馅猪肉,REVIEW,,,可能是原生食材，但频次、命名或类别证据不足
6022,上脑牛排,REVIEW,,,可能是原生食材，但频次、命名或类别证据不足
6023,水开水,DROP,,,不属于指南允许的基础原生食材类别
6024,状态水,DROP,,,不属于指南允许的基础原生食材类别
6025,吧五花肉,REVIEW,,,可能是原生食材，但频次、命名或类别证据不足
6026,咖啡牛奶,DROP,,,饮料、酒类或乳制品不属于本版核心原生食材
6027,胡萝卜芹菜,REVIEW,,,可能是原生食材，但频次、命名或类别证据不足
6028,几个西红柿,MERGE,14,番茄,修复数量/单位残留
6029,多少香菜,DROP,,,数量或单位残留且无法可靠恢复原食材
6030,刀切馒头,DROP,,,成品、半成品或加工食品
6031,泡开木耳,REVIEW,,,可能是原生食材，但频次、命名或类别证据不足
6032,鱼调味包,REVIEW,,,可能是原生食材，但频次、命名或类别证据不足
6033,菜油菜,REVIEW,,,可能是原生食材，但频次、命名或类别证据不足
6034,方形烤盘,DROP,,,工具、包装或操作说明
6035,粗粒,DROP,,,不属于指南允许的基础原生食材类别
6036,饼干模,DROP,,,烘焙或乳制加工食品
6037,吧米饭,DROP,,,成品、半成品或加工食品
6038,剩面条,DROP,,,成品、半成品或加工食品
6039,甜薯,REVIEW,,,可能是原生食材，但频次、命名或类别证据不足
6040,柠檬红茶,DROP,,,饮料、酒类或乳制品不属于本版核心原生食材
6041,定猪肉,REVIEW,,,可能是原生食材，但频次、命名或类别证据不足
6042,姜汤,REVIEW,,,可能是原生食材，但频次、命名或类别证据不足
6043,可食绿色植物叶子,DROP,,,不属于指南允许的基础原生食材类别
6044,食量五花肉,REVIEW,,,可能是原生食材，但频次、命名或类别证据不足
6045,卤鸡蛋,REVIEW,,,可能是原生食材，但频次、命名或类别证据不足
6046,酸奶蛋糕,DROP,,,烘焙或乳制加工食品
6047,多少放多少姜,DROP,,,数量或单位残留且无法可靠恢复原食材
6048,凯撒沙拉,DROP,,,成品、半成品或加工食品
6049,其他奶,DROP,,,饮料、酒类或乳制品不属于本版核心原生食材
6050,更香,DROP,,,不属于指南允许的基础原生食材类别
6051,红豆绿豆,REVIEW,,,可能是原生食材，但频次、命名或类别证据不足
6052,胡萝卜馅,REVIEW,,,可能是原生食材，但频次、命名或类别证据不足
6053,腌萝卜干,DROP,,,成品、半成品或加工食品
6054,多少鸡翅,DROP,,,数量或单位残留且无法可靠恢复原食材
6055,哈鸡蛋,REVIEW,,,可能是原生食材，但频次、命名或类别证据不足
6056,色巧克力砖,DROP,,,烘焙或乳制加工食品
6057,红烧牛肉,REVIEW,,,可能是原生食材，但频次、命名或类别证据不足
6058,小葱碎,MERGE,1,葱,去除切片/切块/切丁等形态描述
6059,洋葱香菜,REVIEW,,,可能是原生食材，但频次、命名或类别证据不足
6060,雪利酒,DROP,,,调味料不进入基础原生食材表
6061,各抹茶粉,DROP,,,成品、半成品或加工食品
6062,你想吃食材,DROP,,,不属于指南允许的基础原生食材类别
6063,就行姜,REVIEW,,,可能是原生食材，但频次、命名或类别证据不足
6064,混合香辛料,DROP,,,不属于指南允许的基础原生食材类别
6065,型巧克力,DROP,,,烘焙或乳制加工食品
6066,密封袋,DROP,,,不属于指南允许的基础原生食材类别
6067,钵钵鸡料,REVIEW,,,可能是原生食材，但频次、命名或类别证据不足
6068,炒菜料,REVIEW,,,可能是原生食材，但频次、命名或类别证据不足
6069,冷冻薯条,REVIEW,,,可能是原生食材，但频次、命名或类别证据不足
6070,〈新鲜〉,DROP,,,不属于指南允许的基础原生食材类别
6071,新鲜山楂,DROP,,,不属于指南允许的基础原生食材类别
6072,味薯片,REVIEW,,,形态描述存在，但原始食材无法确定
6073,方法二,DROP,,,不属于指南允许的基础原生食材类别
6074,手法,DROP,,,不属于指南允许的基础原生食材类别
6075,算鸡蛋,REVIEW,,,可能是原生食材，但频次、命名或类别证据不足
6076,定香菇,REVIEW,,,可能是原生食材，但频次、命名或类别证据不足
6077,大小芒果,REVIEW,,,可能是原生食材，但频次、命名或类别证据不足
6078,吧葡萄干,DROP,,,成品、半成品或加工食品
6079,满水,DROP,,,不属于指南允许的基础原生食材类别
6080,馒头量,DROP,,,成品、半成品或加工食品
6081,手擀面面条,DROP,,,成品、半成品或加工食品
6082,总统,DROP,,,不属于指南允许的基础原生食材类别
6083,常温鸡蛋,REVIEW,,,可能是原生食材，但频次、命名或类别证据不足
6084,颜色胡萝卜,REVIEW,,,可能是原生食材，但频次、命名或类别证据不足
6085,定葡萄干,DROP,,,成品、半成品或加工食品
6086,黄油奶油霜,DROP,,,烘焙或乳制加工食品
6087,杜松子酒,DROP,,,调味料不进入基础原生食材表
6088,增加,DROP,,,不属于指南允许的基础原生食材类别
6089,南瓜皮,DROP,,,不属于指南允许的基础原生食材类别
6090,干辣椒小米辣,DROP,,,调味料不进入基础原生食材表
6091,辣椒香菜,REVIEW,,,可能是原生食材，但频次、命名或类别证据不足
6092,层奥利奥碎,REVIEW,,,形态描述存在，但原始食材无法确定
6093,全麦老面,REVIEW,,,可能是原生食材，但频次、命名或类别证据不足
6094,材料鸡蛋,REVIEW,,,可能是原生食材，但频次、命名或类别证据不足
6095,多少豆角,DROP,,,数量或单位残留且无法可靠恢复原食材
6096,了香肠,DROP,,,加工肉制品
6097,覆盆子果蓉,DROP,,,不属于指南允许的基础原生食材类别
6098,泰国香米饭,DROP,,,成品、半成品或加工食品
6099,小扁豆,REVIEW,,,可能是原生食材，但频次、命名或类别证据不足
6100,药材包,DROP,,,不属于指南允许的基础原生食材类别
6101,洋葱青椒,REVIEW,,,可能是原生食材，但频次、命名或类别证据不足
6102,装可乐,DROP,,,饮料、酒类或乳制品不属于本版核心原生食材
6103,粉杏仁粉,REVIEW,,,可能是原生食材，但频次、命名或类别证据不足
6104,不锈钢盘,DROP,,,不属于指南允许的基础原生食材类别
6105,坚果水果,REVIEW,,,可能是原生食材，但频次、命名或类别证据不足
6106,太多,DROP,,,不属于指南允许的基础原生食材类别
6107,谷物脆片,REVIEW,,,形态描述存在，但原始食材无法确定
6108,多香菜,REVIEW,,,可能是原生食材，但频次、命名或类别证据不足
6109,油葱姜,REVIEW,,,可能是原生食材，但频次、命名或类别证据不足
6110,香气,DROP,,,不属于指南允许的基础原生食材类别
6111,鲜活银耳,MERGE,107,银耳,去除确定的鲜冻/去皮去骨描述
6112,花生花生,DROP,,,不属于指南允许的基础原生食材类别
6113,生菜生菜,REVIEW,,,可能是原生食材，但频次、命名或类别证据不足
6114,巧克力镜面,DROP,,,烘焙或乳制加工食品
6115,准备鸡蛋,REVIEW,,,可能是原生食材，但频次、命名或类别证据不足
6116,即食谷物,DROP,,,成品、半成品或加工食品
6117,瘦腊肉,DROP,,,加工肉制品
6118,柠檬味,REVIEW,,,可能是原生食材，但频次、命名或类别证据不足
6119,奶油淋面,DROP,,,烘焙或乳制加工食品
6120,多少牛腩,DROP,,,数量或单位残留且无法可靠恢复原食材
6121,吧玉米粒,REVIEW,,,可能是原生食材，但频次、命名或类别证据不足
6122,刺山柑花蕾,DROP,,,不属于指南允许的基础原生食材类别
6123,泡菜罐,DROP,,,成品、半成品或加工食品
6124,锅底物料,DROP,,,不属于指南允许的基础原生食材类别
6125,一半南瓜,REVIEW,,,可能是原生食材，但频次、命名或类别证据不足
6126,五官,DROP,,,不属于指南允许的基础原生食材类别
6127,糯米粉面粉,DROP,,,成品、半成品或加工食品
6128,青红鲜辣椒,REVIEW,,,可能是原生食材，但频次、命名或类别证据不足
6129,红绿小辣椒,REVIEW,,,可能是原生食材，但频次、命名或类别证据不足
6130,桂花红豆沙,DROP,,,调味料不进入基础原生食材表
6131,细面面条,DROP,,,成品、半成品或加工食品
6132,香橙皮屑,DROP,,,不属于指南允许的基础原生食材类别
6133,凝胶粉,DROP,,,不属于指南允许的基础原生食材类别
6134,电子秤,DROP,,,不属于指南允许的基础原生食材类别
6135,烧烤调味粉,DROP,,,不属于指南允许的基础原生食材类别
6136,新鲜无花果,MERGE,177,无花果,去除确定的鲜冻/去皮去骨描述
6137,火锅涮菜,REVIEW,,,可能是原生食材，但频次、命名或类别证据不足
6138,酱所需食材,DROP,,,不属于指南允许的基础原生食材类别
6139,共彩椒,REVIEW,,,可能是原生食材，但频次、命名或类别证据不足
6140,糯米粉糯米粉,DROP,,,成品、半成品或加工食品
6141,巧克力奶冻,DROP,,,烘焙或乳制加工食品
6142,请看简介,DROP,,,不属于指南允许的基础原生食材类别
6143,桶大米,REVIEW,,,可能是原生食材，但频次、命名或类别证据不足
6144,牛肉串,REVIEW,,,可能是原生食材，但频次、命名或类别证据不足
6145,多少草莓,DROP,,,数量或单位残留且无法可靠恢复原食材
6146,可变食材,DROP,,,不属于指南允许的基础原生食材类别
6147,炖蛋,REVIEW,,,可能是原生食材，但频次、命名或类别证据不足
6148,瘦肉肉,REVIEW,,,可能是原生食材，但频次、命名或类别证据不足
6149,也很好吃,DROP,,,不属于指南允许的基础原生食材类别
6150,新鲜猪肝,MERGE,171,猪肝,去除确定的鲜冻/去皮去骨描述
6151,戚风杯子蛋糕,DROP,,,烘焙或乳制加工食品
6152,包子饺子料,DROP,,,成品、半成品或加工食品
6153,红枣桂圆,REVIEW,,,可能是原生食材，但频次、命名或类别证据不足
6154,肉牛肉,REVIEW,,,可能是原生食材，但频次、命名或类别证据不足
6155,就行清水,DROP,,,不属于指南允许的基础原生食材类别
6156,视频,DROP,,,不属于指南允许的基础原生食材类别
6157,新鲜杨梅,MERGE,210,杨梅,去除确定的鲜冻/去皮去骨描述
6158,饼量,DROP,,,不属于指南允许的基础原生食材类别
6159,蒜末香菜末,REVIEW,,,形态描述存在，但原始食材无法确定
6160,营养奶粉,DROP,,,烘焙或乳制加工食品
6161,面意面,REVIEW,,,可能是原生食材，但频次、命名或类别证据不足
6162,开菲尔酸奶,DROP,,,饮料、酒类或乳制品不属于本版核心原生食材
6163,美禄,DROP,,,不属于指南允许的基础原生食材类别
6164,就好猪肉,REVIEW,,,可能是原生食材，但频次、命名或类别证据不足
6165,肉切小块,REVIEW,,,形态描述存在，但原始食材无法确定
6166,方形蛋糕,DROP,,,烘焙或乳制加工食品
6167,肥瘦均匀猪肉,REVIEW,,,可能是原生食材，但频次、命名或类别证据不足
6168,金色葡萄干,DROP,,,成品、半成品或加工食品
6169,就行水果,DROP,,,不属于指南允许的基础原生食材类别
6170,连模,DROP,,,不属于指南允许的基础原生食材类别
6171,研磨机,DROP,,,不属于指南允许的基础原生食材类别
6172,面包方子,DROP,,,烘焙或乳制加工食品
6173,基酒,DROP,,,调味料不进入基础原生食材表
6174,一比一面粉,DROP,,,成品、半成品或加工食品
6175,蛋黄月饼,DROP,,,成品、半成品或加工食品
6176,包装纸,DROP,,,不属于指南允许的基础原生食材类别
6177,菜豆腐,DROP,,,豆制品或淀粉制品（严格模式排除）
6178,巧克力薄片,DROP,,,烘焙或乳制加工食品
6179,凉拌菜,REVIEW,,,可能是原生食材，但频次、命名或类别证据不足
6180,大葱叶,REVIEW,,,可能是原生食材，但频次、命名或类别证据不足
6181,软曲奇,DROP,,,成品、半成品或加工食品
6182,豆鼓鲮鱼,REVIEW,,,可能是原生食材，但频次、命名或类别证据不足
6183,多少纯牛奶,DROP,,,饮料、酒类或乳制品不属于本版核心原生食材
6184,锅具,DROP,,,不属于指南允许的基础原生食材类别
6185,了奶粉,DROP,,,烘焙或乳制加工食品
6186,决定糯米粉,DROP,,,成品、半成品或加工食品
6187,沥干,DROP,,,不属于指南允许的基础原生食材类别
6188,皮-低筋面粉,DROP,,,成品、半成品或加工食品
6189,卡仕达内馅,DROP,,,不属于指南允许的基础原生食材类别
6190,几个草莓,MERGE,43,草莓,修复数量/单位残留
6191,四季春,DROP,,,不属于指南允许的基础原生食材类别
6192,中药,DROP,,,不属于指南允许的基础原生食材类别
6193,肉三肥七瘦,REVIEW,,,可能是原生食材，但频次、命名或类别证据不足
6194,调配,DROP,,,不属于指南允许的基础原生食材类别
6195,自己调整水,DROP,,,不属于指南允许的基础原生食材类别
6196,蔬菜叶子,REVIEW,,,可能是原生食材，但频次、命名或类别证据不足
6197,小香蕉,REVIEW,,,可能是原生食材，但频次、命名或类别证据不足
6198,面团-鸡蛋,REVIEW,,,可能是原生食材，但频次、命名或类别证据不足
6199,「水油皮」,DROP,,,不属于指南允许的基础原生食材类别
6200,里科塔奶酪,DROP,,,烘焙或乳制加工食品
6201,椒朝天椒,REVIEW,,,可能是原生食材，但频次、命名或类别证据不足
6202,小西葫芦,REVIEW,,,可能是原生食材，但频次、命名或类别证据不足
6203,多少海带丝,REVIEW,,,形态描述存在，但原始食材无法确定
6204,玛德琳蛋糕,DROP,,,烘焙或乳制加工食品
6205,撕碎,REVIEW,,,形态描述存在，但原始食材无法确定
6206,新鲜橙子皮,DROP,,,不属于指南允许的基础原生食材类别
6207,细姜丝,REVIEW,,,形态描述存在，但原始食材无法确定
6208,克梅干菜,DROP,,,成品、半成品或加工食品
6209,你想吃蔬菜,REVIEW,,,可能是原生食材，但频次、命名或类别证据不足
6210,入蛋黄糊,REVIEW,,,可能是原生食材，但频次、命名或类别证据不足
6211,就行温水,DROP,,,不属于指南允许的基础原生食材类别
6212,啦啦啦,DROP,,,不属于指南允许的基础原生食材类别
6213,新鲜番茄,MERGE,14,番茄,去除确定的鲜冻/去皮去骨描述
6214,木耳胡萝卜,REVIEW,,,可能是原生食材，但频次、命名或类别证据不足
6215,天然食材,DROP,,,不属于指南允许的基础原生食材类别
6216,吧蔬菜,REVIEW,,,可能是原生食材，但频次、命名或类别证据不足
6217,一层马苏里拉芝士,DROP,,,烘焙或乳制加工食品
6218,鼻子,DROP,,,不属于指南允许的基础原生食材类别
6219,小肠,DROP,,,成品、半成品或加工食品
6220,老鸭,REVIEW,,,可能是原生食材，但频次、命名或类别证据不足
6221,熟蛋黄,DROP,,,成品、半成品或加工食品
6222,腌黄瓜,REVIEW,,,可能是原生食材，但频次、命名或类别证据不足
6223,高筋麵粉,DROP,,,不属于指南允许的基础原生食材类别
6224,嫩芹菜,REVIEW,,,可能是原生食材，但频次、命名或类别证据不足
6225,熟地,DROP,,,成品、半成品或加工食品
6226,鲜橙,REVIEW,,,可能是原生食材，但频次、命名或类别证据不足
6227,球冰淇淋,DROP,,,成品、半成品或加工食品
6228,千禧果,DROP,,,不属于指南允许的基础原生食材类别
6229,棵生菜,REVIEW,,,可能是原生食材，但频次、命名或类别证据不足
6230,水波蛋,REVIEW,,,可能是原生食材，但频次、命名或类别证据不足
6231,碎核桃,REVIEW,,,可能是原生食材，但频次、命名或类别证据不足
6232,馄炖皮,DROP,,,不属于指南允许的基础原生食材类别
6233,主面,REVIEW,,,可能是原生食材，但频次、命名或类别证据不足
6234,披萨皮,DROP,,,成品、半成品或加工食品
6235,派馅,DROP,,,不属于指南允许的基础原生食材类别
6236,麦丽素,REVIEW,,,可能是原生食材，但频次、命名或类别证据不足
6237,若羌红枣,REVIEW,,,可能是原生食材，但频次、命名或类别证据不足
6238,八宝饭,DROP,,,不属于指南允许的基础原生食材类别
6239,臭粉,DROP,,,不属于指南允许的基础原生食材类别
6240,北极贝,REVIEW,,,可能是原生食材，但频次、命名或类别证据不足
6241,油心,DROP,,,不属于指南允许的基础原生食材类别
6242,鲈鱼一条,DROP,,,数量或单位残留且无法可靠恢复原食材
6243,柚子茶,DROP,,,饮料、酒类或乳制品不属于本版核心原生食材
6244,水梨,REVIEW,,,可能是原生食材，但频次、命名或类别证据不足
6245,时间,DROP,,,不属于指南允许的基础原生食材类别
6246,姜饼,REVIEW,,,可能是原生食材，但频次、命名或类别证据不足
6247,拌面,REVIEW,,,可能是原生食材，但频次、命名或类别证据不足
6248,半肥瘦肉,REVIEW,,,可能是原生食材，但频次、命名或类别证据不足
6249,绿葡萄,REVIEW,,,可能是原生食材，但频次、命名或类别证据不足
6250,桂枝,DROP,,,不属于指南允许的基础原生食材类别
6251,芝士淋面,DROP,,,烘焙或乳制加工食品
6252,熏肠,DROP,,,成品、半成品或加工食品
6253,菠萝蜜籽,REVIEW,,,可能是原生食材，但频次、命名或类别证据不足
6254,熟芝麻粉,DROP,,,成品、半成品或加工食品
6255,乳酪内馅,DROP,,,不属于指南允许的基础原生食材类别
6256,玫瑰干花,DROP,,,调味料不进入基础原生食材表
6257,鲜腐竹,DROP,,,豆制品或淀粉制品（严格模式排除）
6258,酥饼皮,DROP,,,不属于指南允许的基础原生食材类别
6259,山葵,DROP,,,不属于指南允许的基础原生食材类别
6260,杏仁霜,REVIEW,,,可能是原生食材，但频次、命名或类别证据不足
6261,鸡蛋全蛋,REVIEW,,,可能是原生食材，但频次、命名或类别证据不足
6262,包子馅,DROP,,,成品、半成品或加工食品
6263,小米红椒,REVIEW,,,可能是原生食材，但频次、命名或类别证据不足
6264,玫瑰慕斯,DROP,,,调味料不进入基础原生食材表
6265,道具,DROP,,,不属于指南允许的基础原生食材类别
6266,肉蛋,REVIEW,,,可能是原生食材，但频次、命名或类别证据不足
6267,涂料,DROP,,,不属于指南允许的基础原生食材类别
6268,酸奶麦片,DROP,,,饮料、酒类或乳制品不属于本版核心原生食材
6269,动物饼干,DROP,,,烘焙或乳制加工食品
6270,烫种,DROP,,,不属于指南允许的基础原生食材类别
6271,干马齿苋,REVIEW,,,可能是原生食材，但频次、命名或类别证据不足
6272,面糊料,REVIEW,,,可能是原生食材，但频次、命名或类别证据不足
6273,克糯米,MERGE,64,糯米,去除确定的鲜冻/去皮去骨描述
6274,蛋白打发,DROP,,,工具、包装或操作说明
6275,一盒酸奶,DROP,,,饮料、酒类或乳制品不属于本版核心原生食材
6276,黑豆豆渣,DROP,,,成品、半成品或加工食品
6277,备料,DROP,,,不属于指南允许的基础原生食材类别
6278,芋头半个,MERGE,73,芋头,修复数量/单位残留
6279,黄油馅,DROP,,,烘焙或乳制加工食品
6280,克面,REVIEW,,,可能是原生食材，但频次、命名或类别证据不足
6281,顶层,DROP,,,不属于指南允许的基础原生食材类别
6282,克板栗,MERGE,169,板栗,去除确定的鲜冻/去皮去骨描述
6283,克酸菜,DROP,,,成品、半成品或加工食品
6284,脆脆鲨,DROP,,,不属于指南允许的基础原生食材类别
6285,木鱼精,REVIEW,,,可能是原生食材，但频次、命名或类别证据不足
6286,湿料,DROP,,,不属于指南允许的基础原生食材类别
6287,鸭肫,KEEP,487,鸭肫,符合基础原生食材定义
6288,香蕉牛奶,DROP,,,饮料、酒类或乳制品不属于本版核心原生食材
6289,填充物,DROP,,,不属于指南允许的基础原生食材类别
6290,姜.蒜,REVIEW,,,可能是原生食材，但频次、命名或类别证据不足
6291,扯面,REVIEW,,,可能是原生食材，但频次、命名或类别证据不足
6292,外皮,DROP,,,不属于指南允许的基础原生食材类别
6293,炒熟花生,DROP,,,工具、包装或操作说明
6294,油饼,REVIEW,,,可能是原生食材，但频次、命名或类别证据不足
6295,霸王花,DROP,,,不属于指南允许的基础原生食材类别
6296,蒜泥蒜,REVIEW,,,可能是原生食材，但频次、命名或类别证据不足
6297,米飯,REVIEW,,,可能是原生食材，但频次、命名或类别证据不足
6298,羊骨,REVIEW,,,可能是原生食材，但频次、命名或类别证据不足
6299,芝士棒,DROP,,,烘焙或乳制加工食品
6300,葱花小葱,REVIEW,,,可能是原生食材，但频次、命名或类别证据不足
6301,大芒果芒果,REVIEW,,,可能是原生食材，但频次、命名或类别证据不足
6302,青泡椒,DROP,,,成品、半成品或加工食品
6303,木鱼素,REVIEW,,,可能是原生食材，但频次、命名或类别证据不足
6304,牛小排,REVIEW,,,可能是原生食材，但频次、命名或类别证据不足
6305,儿肉桂粉,DROP,,,调味料不进入基础原生食材表
6306,寿司米饭,DROP,,,成品、半成品或加工食品
6307,葱末姜末,REVIEW,,,形态描述存在，但原始食材无法确定
6308,珍珠奶茶,DROP,,,饮料、酒类或乳制品不属于本版核心原生食材
6309,少量洋葱,REVIEW,,,可能是原生食材，但频次、命名或类别证据不足
6310,泡酸萝卜,DROP,,,成品、半成品或加工食品
6311,饭勺面粉,DROP,,,成品、半成品或加工食品
6312,水妈妈椰浆,DROP,,,饮料、酒类或乳制品不属于本版核心原生食材
6313,金昌鱼,REVIEW,,,可能是原生食材，但频次、命名或类别证据不足
6314,葱切段,REVIEW,,,形态描述存在，但原始食材无法确定
6315,黄栀子,DROP,,,不属于指南允许的基础原生食材类别
6316,白灵菇,REVIEW,,,可能是原生食材，但频次、命名或类别证据不足
6317,什么放什么,DROP,,,不属于指南允许的基础原生食材类别
6318,一圈南瓜,REVIEW,,,可能是原生食材，但频次、命名或类别证据不足
6319,玛丽饼干,DROP,,,烘焙或乳制加工食品
6320,青菜类,REVIEW,,,可能是原生食材，但频次、命名或类别证据不足
6321,螺旋藻,KEEP,529,螺旋藻,符合基础原生食材定义
6322,多芝士碎,DROP,,,烘焙或乳制加工食品
6323,各种食物,DROP,,,不属于指南允许的基础原生食材类别
6324,半壳青口,DROP,,,不属于指南允许的基础原生食材类别
6325,高粱,REVIEW,,,可能是原生食材，但频次、命名或类别证据不足
6326,鸡蛋加水,REVIEW,,,可能是原生食材，但频次、命名或类别证据不足
6327,老椰子,REVIEW,,,可能是原生食材，但频次、命名或类别证据不足
6328,干各种水果,DROP,,,不属于指南允许的基础原生食材类别
6329,青稞,KEEP,532,青稞,符合基础原生食材定义
6330,莴笋尖,REVIEW,,,可能是原生食材，但频次、命名或类别证据不足
6331,拉丝麻薯,REVIEW,,,可能是原生食材，但频次、命名或类别证据不足
6332,海带根,REVIEW,,,可能是原生食材，但频次、命名或类别证据不足
6333,雪莲果,DROP,,,不属于指南允许的基础原生食材类别
6334,小粉,DROP,,,不属于指南允许的基础原生食材类别
6335,新鲜小红椒,MERGE,281,小红椒,去除确定的鲜冻/去皮去骨描述
6336,人面粉,DROP,,,成品、半成品或加工食品
6337,糯米团,REVIEW,,,可能是原生食材，但频次、命名或类别证据不足
6338,葱蒜小米椒,REVIEW,,,可能是原生食材，但频次、命名或类别证据不足
6339,大豆,KEEP,530,大豆,符合基础原生食材定义
6340,鸡骨草,REVIEW,,,可能是原生食材，但频次、命名或类别证据不足
6341,水牛奶酪,DROP,,,烘焙或乳制加工食品
6342,桑葚干,REVIEW,,,可能是原生食材，但频次、命名或类别证据不足
6343,黑豆粉,REVIEW,,,可能是原生食材，但频次、命名或类别证据不足
6344,巧克力炼乳,DROP,,,烘焙或乳制加工食品
6345,李锦记卤水,REVIEW,,,可能是原生食材，但频次、命名或类别证据不足
6346,熟鸡胸,DROP,,,成品、半成品或加工食品
6347,骨肉,REVIEW,,,可能是原生食材，但频次、命名或类别证据不足
6348,黄金百香果,REVIEW,,,可能是原生食材，但频次、命名或类别证据不足
6349,鲜味宝,DROP,,,不属于指南允许的基础原生食材类别
6350,爱生活,DROP,,,不属于指南允许的基础原生食材类别
6351,挤汁柠檬,REVIEW,,,可能是原生食材，但频次、命名或类别证据不足
6352,食水,DROP,,,不属于指南允许的基础原生食材类别
6353,融化白巧克力,DROP,,,烘焙或乳制加工食品
6354,平叶欧芹,REVIEW,,,可能是原生食材，但频次、命名或类别证据不足
6355,鸡胸肉一块,REVIEW,,,形态描述存在，但原始食材无法确定
6356,几瓣大蒜,DROP,,,数量或单位残留且无法可靠恢复原食材
6357,南瓜面粉,DROP,,,成品、半成品或加工食品
6358,一圈洋葱,REVIEW,,,可能是原生食材，但频次、命名或类别证据不足
6359,薰衣草,DROP,,,不属于指南允许的基础原生食材类别
6360,糯米皮,DROP,,,不属于指南允许的基础原生食材类别
6361,青红菜椒,REVIEW,,,可能是原生食材，但频次、命名或类别证据不足
6362,青橘,REVIEW,,,可能是原生食材，但频次、命名或类别证据不足
6363,羊后腿肉,REVIEW,,,可能是原生食材，但频次、命名或类别证据不足
6364,冬粉,DROP,,,不属于指南允许的基础原生食材类别
6365,九阳豆浆机,DROP,,,成品、半成品或加工食品
6366,备水,DROP,,,不属于指南允许的基础原生食材类别
6367,炸料,DROP,,,不属于指南允许的基础原生食材类别
6368,大料瓣,REVIEW,,,形态描述存在，但原始食材无法确定
6369,鳜鱼,KEEP,525,鳜鱼,符合基础原生食材定义
6370,桂花层,DROP,,,调味料不进入基础原生食材表
6371,红青椒,REVIEW,,,可能是原生食材，但频次、命名或类别证据不足
6372,火锅猪肉片,REVIEW,,,形态描述存在，但原始食材无法确定
6373,线辣子,DROP,,,不属于指南允许的基础原生食材类别
6374,蒜蓉香肠,DROP,,,加工肉制品
6375,钵仔糕粉,DROP,,,不属于指南允许的基础原生食材类别
6376,嫩姜丝,MERGE,3,姜,去除切片/切块/切丁等形态描述
6377,写了,DROP,,,不属于指南允许的基础原生食材类别
6378,牛板筋,REVIEW,,,可能是原生食材，但频次、命名或类别证据不足
6379,娃娃菜心,REVIEW,,,可能是原生食材，但频次、命名或类别证据不足
6380,手指年糕,DROP,,,成品、半成品或加工食品
6381,玉米棒,REVIEW,,,可能是原生食材，但频次、命名或类别证据不足
6382,泥土,DROP,,,不属于指南允许的基础原生食材类别
6383,相机,DROP,,,不属于指南允许的基础原生食材类别
6384,圆火腿,DROP,,,加工肉制品
6385,多少腊肉,DROP,,,加工肉制品
6386,辣妹子,DROP,,,不属于指南允许的基础原生食材类别
6387,综合果仁,REVIEW,,,可能是原生食材，但频次、命名或类别证据不足
6388,脱皮白芝麻,DROP,,,不属于指南允许的基础原生食材类别
6389,节香肠,DROP,,,加工肉制品
6390,蛋黄溶豆,REVIEW,,,可能是原生食材，但频次、命名或类别证据不足
6391,沙拉生菜,DROP,,,成品、半成品或加工食品
6392,黄金芝士粉,DROP,,,烘焙或乳制加工食品
6393,辣就多放点干辣椒,DROP,,,调味料不进入基础原生食材表
6394,生咸蛋黄,DROP,,,成品、半成品或加工食品
6395,竹轮,DROP,,,不属于指南允许的基础原生食材类别
6396,妙可蓝多芝士,DROP,,,烘焙或乳制加工食品
6397,张腐皮,DROP,,,不属于指南允许的基础原生食材类别
6398,后低筋面粉,DROP,,,成品、半成品或加工食品
6399,长豆,REVIEW,,,可能是原生食材，但频次、命名或类别证据不足
6400,田鸡,REVIEW,,,可能是原生食材，但频次、命名或类别证据不足
6401,芥菜疙瘩,REVIEW,,,可能是原生食材，但频次、命名或类别证据不足
6402,少量白芝麻,REVIEW,,,可能是原生食材，但频次、命名或类别证据不足
6403,那么大,DROP,,,不属于指南允许的基础原生食材类别
6404,黄米面,REVIEW,,,可能是原生食材，但频次、命名或类别证据不足
6405,皮中筋面粉,DROP,,,成品、半成品或加工食品
6406,料洒,DROP,,,不属于指南允许的基础原生食材类别
6407,雀巢醇品咖啡,DROP,,,饮料、酒类或乳制品不属于本版核心原生食材
6408,樱花虾,REVIEW,,,可能是原生食材，但频次、命名或类别证据不足
6409,茶叶蛋,DROP,,,饮料、酒类或乳制品不属于本版核心原生食材
6410,意大利综合香草,REVIEW,,,可能是原生食材，但频次、命名或类别证据不足
6411,莴笋叶子,REVIEW,,,可能是原生食材，但频次、命名或类别证据不足
6412,普罗旺斯香草,REVIEW,,,可能是原生食材，但频次、命名或类别证据不足
6413,青岛啤酒,DROP,,,调味料不进入基础原生食材表
6414,沾米粉,DROP,,,成品、半成品或加工食品
6415,生核桃,REVIEW,,,可能是原生食材，但频次、命名或类别证据不足
6416,干紫菜,REVIEW,,,可能是原生食材，但频次、命名或类别证据不足
6417,中号鸡蛋,REVIEW,,,可能是原生食材，但频次、命名或类别证据不足
6418,意大利芹,REVIEW,,,可能是原生食材，但频次、命名或类别证据不足
6419,青菜心,REVIEW,,,可能是原生食材，但频次、命名或类别证据不足
6420,魔鬼辣椒,REVIEW,,,可能是原生食材，但频次、命名或类别证据不足
6421,速冻丸子,DROP,,,成品、半成品或加工食品
6422,果肉柚子,REVIEW,,,可能是原生食材，但频次、命名或类别证据不足
6423,白圆葱,REVIEW,,,可能是原生食材，但频次、命名或类别证据不足
6424,表面,REVIEW,,,可能是原生食材，但频次、命名或类别证据不足
6425,肉松咸蛋黄,DROP,,,加工肉制品
6426,乌东面,REVIEW,,,可能是原生食材，但频次、命名或类别证据不足
6427,干红,DROP,,,不属于指南允许的基础原生食材类别
6428,瓜类,REVIEW,,,可能是原生食材，但频次、命名或类别证据不足
6429,手工牛肉丸,DROP,,,成品、半成品或加工食品
6430,枝新鲜迷迭香,DROP,,,调味料不进入基础原生食材表
6431,三明治料,DROP,,,不属于指南允许的基础原生食材类别
6432,拉茶袋,DROP,,,不属于指南允许的基础原生食材类别
6433,基本味,DROP,,,不属于指南允许的基础原生食材类别
6434,甲鱼,REVIEW,,,可能是原生食材，但频次、命名或类别证据不足
6435,森永松饼粉,DROP,,,不属于指南允许的基础原生食材类别
6436,绿茶茶包,DROP,,,不属于指南允许的基础原生食材类别
6437,丁香鱼干,DROP,,,成品、半成品或加工食品
6438,鸡骨汤,REVIEW,,,可能是原生食材，但频次、命名或类别证据不足
6439,英式早餐茶,DROP,,,饮料、酒类或乳制品不属于本版核心原生食材
6440,几块冰块,REVIEW,,,形态描述存在，但原始食材无法确定
6441,姜蒜切片,REVIEW,,,形态描述存在，但原始食材无法确定
6442,紫葱头,REVIEW,,,可能是原生食材，但频次、命名或类别证据不足
6443,一节胡萝卜,REVIEW,,,可能是原生食材，但频次、命名或类别证据不足
6444,海藻,REVIEW,,,可能是原生食材，但频次、命名或类别证据不足
6445,猪肉罐头,DROP,,,成品、半成品或加工食品
6446,新鲜三文鱼,MERGE,86,三文鱼,去除确定的鲜冻/去皮去骨描述
6447,牛扒,REVIEW,,,可能是原生食材，但频次、命名或类别证据不足
6448,钳鱼,KEEP,522,钳鱼,符合基础原生食材定义
6449,黑木耳丝,REVIEW,,,形态描述存在，但原始食材无法确定
6450,剥皮鱼,DROP,,,不属于指南允许的基础原生食材类别
6451,泡酸菜,DROP,,,成品、半成品或加工食品
6452,浓豆浆,DROP,,,成品、半成品或加工食品
6453,灯芯草,DROP,,,不属于指南允许的基础原生食材类别
6454,鲜芒果,MERGE,42,芒果,去除确定的鲜冻/去皮去骨描述
6455,芒果布丁粉,DROP,,,成品、半成品或加工食品
6456,鳕鱼肠,DROP,,,成品、半成品或加工食品
6457,即食海参,DROP,,,成品、半成品或加工食品
6458,红绿尖椒,REVIEW,,,可能是原生食材，但频次、命名或类别证据不足
6459,南瓜羹,REVIEW,,,可能是原生食材，但频次、命名或类别证据不足
6460,红辣椒切段,REVIEW,,,形态描述存在，但原始食材无法确定
6461,双一次性手套,DROP,,,不属于指南允许的基础原生食材类别
6462,葡式蛋挞皮,DROP,,,成品、半成品或加工食品
6463,苹果一个,MERGE,56,苹果,修复数量/单位残留
6464,海带芽,REVIEW,,,可能是原生食材，但频次、命名或类别证据不足
6465,干桔皮,DROP,,,不属于指南允许的基础原生食材类别
6466,熟糯米,DROP,,,成品、半成品或加工食品
6467,底部,DROP,,,不属于指南允许的基础原生食材类别
6468,消化餅乾,DROP,,,不属于指南允许的基础原生食材类别
6469,原色,DROP,,,不属于指南允许的基础原生食材类别
6470,南国椰子粉,REVIEW,,,可能是原生食材，但频次、命名或类别证据不足
6471,枝新鲜百里香,DROP,,,调味料不进入基础原生食材表
6472,花蛤干,REVIEW,,,可能是原生食材，但频次、命名或类别证据不足
6473,芹菜叶子,REVIEW,,,可能是原生食材，但频次、命名或类别证据不足
6474,老鸽子,DROP,,,不属于指南允许的基础原生食材类别
6475,地鱼粉,REVIEW,,,可能是原生食材，但频次、命名或类别证据不足
6476,短葱,REVIEW,,,可能是原生食材，但频次、命名或类别证据不足
6477,筛网,DROP,,,不属于指南允许的基础原生食材类别
6478,鸿禧菇,REVIEW,,,可能是原生食材，但频次、命名或类别证据不足
6479,虎皮青椒,DROP,,,不属于指南允许的基础原生食材类别
6480,五香肉丁,REVIEW,,,形态描述存在，但原始食材无法确定
6481,酸辣汤包,DROP,,,不属于指南允许的基础原生食材类别
6482,第二遍淘米水,REVIEW,,,可能是原生食材，但频次、命名或类别证据不足
6483,皇帝菜,REVIEW,,,可能是原生食材，但频次、命名或类别证据不足
6484,猪夹心肉,REVIEW,,,可能是原生食材，但频次、命名或类别证据不足
6485,三象糯米粉,DROP,,,成品、半成品或加工食品
6486,青红黄彩椒,REVIEW,,,可能是原生食材，但频次、命名或类别证据不足
6487,白玉木耳,REVIEW,,,可能是原生食材，但频次、命名或类别证据不足
6488,麦中筋面粉,DROP,,,成品、半成品或加工食品
6489,葱&香菜,SPLIT,1|9,葱|香菜,分隔符明确连接多个独立基础食材；克数无法可靠分摊
6490,圆包菜,REVIEW,,,可能是原生食材，但频次、命名或类别证据不足
6491,表面刷蛋液,DROP,,,工具、包装或操作说明
6492,水磨粉,DROP,,,不属于指南允许的基础原生食材类别
6493,料组合,DROP,,,不属于指南允许的基础原生食材类别
6494,莲菜,REVIEW,,,可能是原生食材，但频次、命名或类别证据不足
6495,酥饼,DROP,,,不属于指南允许的基础原生食材类别
6496,多香果,DROP,,,不属于指南允许的基础原生食材类别
6497,葛缕子,DROP,,,不属于指南允许的基础原生食材类别
6498,度热水,DROP,,,不属于指南允许的基础原生食材类别
6499,水饺皮,DROP,,,不属于指南允许的基础原生食材类别
6500,羊肠,DROP,,,成品、半成品或加工食品
6501,红丝绒溶液,DROP,,,不属于指南允许的基础原生食材类别
6502,水面筋,DROP,,,成品、半成品或加工食品
6503,菜头,REVIEW,,,可能是原生食材，但频次、命名或类别证据不足
6504,阿胶粉,DROP,,,不属于指南允许的基础原生食材类别
6505,芦蒿,DROP,,,不属于指南允许的基础原生食材类别
6506,心里美萝卜,REVIEW,,,可能是原生食材，但频次、命名或类别证据不足
6507,彩色甜椒,REVIEW,,,可能是原生食材，但频次、命名或类别证据不足
6508,多马苏里拉奶酪,DROP,,,烘焙或乳制加工食品
6509,精酿啤酒,DROP,,,调味料不进入基础原生食材表
6510,西洋菜,KEEP,507,西洋菜,符合基础原生食材定义
6511,干香菜,REVIEW,,,可能是原生食材，但频次、命名或类别证据不足
6512,温泉蛋,REVIEW,,,可能是原生食材，但频次、命名或类别证据不足
6513,头虾,REVIEW,,,可能是原生食材，但频次、命名或类别证据不足
6514,黑樱桃,REVIEW,,,可能是原生食材，但频次、命名或类别证据不足
6515,玉桂粉,DROP,,,不属于指南允许的基础原生食材类别
6516,昆布茶,DROP,,,饮料、酒类或乳制品不属于本版核心原生食材
6517,霸王花米粉,DROP,,,成品、半成品或加工食品
6518,蒜苗叶,REVIEW,,,可能是原生食材，但频次、命名或类别证据不足
6519,二荆条青椒,REVIEW,,,可能是原生食材，但频次、命名或类别证据不足
6520,南瓜仁,REVIEW,,,可能是原生食材，但频次、命名或类别证据不足
6521,贝壳意面,REVIEW,,,可能是原生食材，但频次、命名或类别证据不足
6522,三文鱼中段,REVIEW,,,形态描述存在，但原始食材无法确定
6523,各洋葱,REVIEW,,,可能是原生食材，但频次、命名或类别证据不足
6524,一支胡萝卜,REVIEW,,,可能是原生食材，但频次、命名或类别证据不足
6525,红杉鱼,REVIEW,,,可能是原生食材，但频次、命名或类别证据不足
6526,乌米,REVIEW,,,可能是原生食材，但频次、命名或类别证据不足
6527,子壳粉,DROP,,,不属于指南允许的基础原生食材类别
6528,水果坚果,REVIEW,,,可能是原生食材，但频次、命名或类别证据不足
6529,鲜切面,REVIEW,,,可能是原生食材，但频次、命名或类别证据不足
6530,卜卜米,REVIEW,,,可能是原生食材，但频次、命名或类别证据不足
6531,塔液,DROP,,,不属于指南允许的基础原生食材类别
6532,月饼粉,DROP,,,成品、半成品或加工食品
6533,迷你巧克力豆,DROP,,,烘焙或乳制加工食品
6534,酸奶菌种,DROP,,,饮料、酒类或乳制品不属于本版核心原生食材
6535,气泡苏打水,DROP,,,不属于指南允许的基础原生食材类别
6536,厚片姜,REVIEW,,,可能是原生食材，但频次、命名或类别证据不足
6537,子白芝麻,REVIEW,,,可能是原生食材，但频次、命名或类别证据不足
6538,牛五花,REVIEW,,,可能是原生食材，但频次、命名或类别证据不足
6539,猪颈骨,REVIEW,,,可能是原生食材，但频次、命名或类别证据不足
6540,鱼饺,REVIEW,,,可能是原生食材，但频次、命名或类别证据不足
6541,玉兰片,REVIEW,,,形态描述存在，但原始食材无法确定
6542,螺丝意粉,REVIEW,,,可能是原生食材，但频次、命名或类别证据不足
6543,凉糕粉,DROP,,,不属于指南允许的基础原生食材类别
6544,白条鸡,REVIEW,,,可能是原生食材，但频次、命名或类别证据不足
6545,三明治机,DROP,,,不属于指南允许的基础原生食材类别
6546,指尖椒,REVIEW,,,可能是原生食材，但频次、命名或类别证据不足
6547,海带头,REVIEW,,,可能是原生食材，但频次、命名或类别证据不足
6548,式海绵蛋糕,DROP,,,烘焙或乳制加工食品
6549,瘦猪肉糜,REVIEW,,,可能是原生食材，但频次、命名或类别证据不足
6550,北杏,REVIEW,,,可能是原生食材，但频次、命名或类别证据不足
6551,南杏,REVIEW,,,可能是原生食材，但频次、命名或类别证据不足
6552,飞饼皮,DROP,,,不属于指南允许的基础原生食材类别
6553,栗子仁,KEEP,531,栗子仁,符合基础原生食材定义
6554,刀切面,REVIEW,,,可能是原生食材，但频次、命名或类别证据不足
6555,五谷米,REVIEW,,,可能是原生食材，但频次、命名或类别证据不足
6556,干贝粉,DROP,,,成品、半成品或加工食品
6557,胡萝卜木耳,REVIEW,,,可能是原生食材，但频次、命名或类别证据不足
6558,棵花菜,REVIEW,,,可能是原生食材，但频次、命名或类别证据不足
6559,坨姜,REVIEW,,,可能是原生食材，但频次、命名或类别证据不足
6560,状年糕,DROP,,,成品、半成品或加工食品
6561,少牛奶,DROP,,,饮料、酒类或乳制品不属于本版核心原生食材
6562,饼食材,DROP,,,不属于指南允许的基础原生食材类别
6563,粉葛,KEEP,502,粉葛,符合基础原生食材定义
6564,鸡蛋一颗,DROP,,,数量或单位残留且无法可靠恢复原食材
6565,千层蛋糕,DROP,,,烘焙或乳制加工食品
6566,天然酵种酵头,DROP,,,不属于指南允许的基础原生食材类别
6567,茄汁焗豆,REVIEW,,,可能是原生食材，但频次、命名或类别证据不足
6568,蒟蒻,DROP,,,不属于指南允许的基础原生食材类别
6569,普通挂面,REVIEW,,,可能是原生食材，但频次、命名或类别证据不足
6570,牛排菇,REVIEW,,,可能是原生食材，但频次、命名或类别证据不足
6571,香茅叶,DROP,,,调味料不进入基础原生食材表
6572,咸蛋黄肉松馅,DROP,,,加工肉制品
6573,意式浓缩,DROP,,,不属于指南允许的基础原生食材类别
6574,节胡萝卜,REVIEW,,,可能是原生食材，但频次、命名或类别证据不足
6575,沙拉料,DROP,,,成品、半成品或加工食品
6576,半个牛油果,MERGE,90,牛油果,修复数量/单位残留
6577,干小米椒,REVIEW,,,可能是原生食材，但频次、命名或类别证据不足
6578,豆片,REVIEW,,,形态描述存在，但原始食材无法确定
6579,粉奶粉,DROP,,,烘焙或乳制加工食品
6580,海螺罐头,DROP,,,成品、半成品或加工食品
6581,速食麦片,REVIEW,,,形态描述存在，但原始食材无法确定
6582,猪小里脊,REVIEW,,,可能是原生食材，但频次、命名或类别证据不足
6583,油酥料,DROP,,,不属于指南允许的基础原生食材类别
6584,咸鸭蛋清,DROP,,,成品、半成品或加工食品
6585,甜玉米粒罐头,DROP,,,成品、半成品或加工食品
6586,干粽叶,DROP,,,不属于指南允许的基础原生食材类别
6587,炒菜,REVIEW,,,可能是原生食材，但频次、命名或类别证据不足
6588,鲜竹笋,MERGE,282,竹笋,去除确定的鲜冻/去皮去骨描述
6589,辣尖椒,REVIEW,,,可能是原生食材，但频次、命名或类别证据不足
6590,葱节,REVIEW,,,可能是原生食材，但频次、命名或类别证据不足
6591,熟黑白芝麻,DROP,,,成品、半成品或加工食品
6592,汁南乳,DROP,,,不属于指南允许的基础原生食材类别
6593,天使意面,REVIEW,,,可能是原生食材，但频次、命名或类别证据不足
6594,姜片大蒜,REVIEW,,,可能是原生食材，但频次、命名或类别证据不足
6595,可以不,DROP,,,不属于指南允许的基础原生食材类别
6596,自定面粉,DROP,,,成品、半成品或加工食品
6597,香葱葱,REVIEW,,,可能是原生食材，但频次、命名或类别证据不足
6598,紅豆,REVIEW,,,可能是原生食材，但频次、命名或类别证据不足
6599,山茶花高粉,DROP,,,不属于指南允许的基础原生食材类别
6600,酒药,DROP,,,不属于指南允许的基础原生食材类别
6601,蘇打粉,DROP,,,不属于指南允许的基础原生食材类别
6602,火鸡,REVIEW,,,可能是原生食材，但频次、命名或类别证据不足
6603,樱桃西红柿,REVIEW,,,可能是原生食材，但频次、命名或类别证据不足
6604,山林大红肠,DROP,,,成品、半成品或加工食品
6605,姜茸,REVIEW,,,可能是原生食材，但频次、命名或类别证据不足
6606,蒜末葱花,REVIEW,,,可能是原生食材，但频次、命名或类别证据不足
6607,圈圈,DROP,,,不属于指南允许的基础原生食材类别
6608,菜叶子,REVIEW,,,可能是原生食材，但频次、命名或类别证据不足
6609,刨丝胡萝卜,REVIEW,,,可能是原生食材，但频次、命名或类别证据不足
6610,精五花肉,REVIEW,,,可能是原生食材，但频次、命名或类别证据不足
6611,麦若叶粉,REVIEW,,,可能是原生食材，但频次、命名或类别证据不足
6612,板栗红薯,REVIEW,,,可能是原生食材，但频次、命名或类别证据不足
6613,自然鲜,DROP,,,不属于指南允许的基础原生食材类别
6614,任意肉类,REVIEW,,,可能是原生食材，但频次、命名或类别证据不足
6615,多少芋圆,DROP,,,成品、半成品或加工食品
6616,肉量,REVIEW,,,可能是原生食材，但频次、命名或类别证据不足
6617,琵琶鸡腿,REVIEW,,,可能是原生食材，但频次、命名或类别证据不足
6618,荞麦米,REVIEW,,,可能是原生食材，但频次、命名或类别证据不足
6619,墨鱼饼,DROP,,,成品、半成品或加工食品
6620,鲍鱼干,DROP,,,成品、半成品或加工食品
6621,海白,DROP,,,不属于指南允许的基础原生食材类别
6622,鸡腿丁,MERGE,582,鸡腿,去除切片/切块/切丁等形态描述
6623,肋排骨,REVIEW,,,可能是原生食材，但频次、命名或类别证据不足
6624,胡须鸡,REVIEW,,,可能是原生食材，但频次、命名或类别证据不足
6625,披萨量,DROP,,,成品、半成品或加工食品
6626,土公鸡,REVIEW,,,可能是原生食材，但频次、命名或类别证据不足
6627,冰咖啡,DROP,,,饮料、酒类或乳制品不属于本版核心原生食材
6628,蔥花,DROP,,,不属于指南允许的基础原生食材类别
6629,饼干碎,DROP,,,烘焙或乳制加工食品
6630,金橘,REVIEW,,,可能是原生食材，但频次、命名或类别证据不足
6631,人数而定大米,REVIEW,,,可能是原生食材，但频次、命名或类别证据不足
6632,膳魔师焖烧罐,DROP,,,不属于指南允许的基础原生食材类别
6633,二层肉,REVIEW,,,可能是原生食材，但频次、命名或类别证据不足
6634,一枚鸡蛋,REVIEW,,,可能是原生食材，但频次、命名或类别证据不足
6635,伯爵茶,DROP,,,饮料、酒类或乳制品不属于本版核心原生食材
6636,练乳,DROP,,,不属于指南允许的基础原生食材类别
6637,圆粒糯米,REVIEW,,,可能是原生食材，但频次、命名或类别证据不足
6638,蕃薯,REVIEW,,,可能是原生食材，但频次、命名或类别证据不足
6639,菜包,REVIEW,,,可能是原生食材，但频次、命名或类别证据不足
6640,南瓜一个,MERGE,30,南瓜,修复数量/单位残留
6641,泡芙体,DROP,,,不属于指南允许的基础原生食材类别
6642,绿豆沙馅,DROP,,,成品、半成品或加工食品
6643,大小干香菇,REVIEW,,,可能是原生食材，但频次、命名或类别证据不足
6644,粽子绳,DROP,,,不属于指南允许的基础原生食材类别
6645,湖南辣椒,REVIEW,,,可能是原生食材，但频次、命名或类别证据不足
6646,菜芯,REVIEW,,,可能是原生食材，但频次、命名或类别证据不足
6647,馅料食材,DROP,,,不属于指南允许的基础原生食材类别
6648,蛤蜊干,REVIEW,,,可能是原生食材，但频次、命名或类别证据不足
6649,寒天,DROP,,,不属于指南允许的基础原生食材类别
6650,素肠,DROP,,,成品、半成品或加工食品
6651,和巧克力,DROP,,,烘焙或乳制加工食品
6652,偏瘦五花肉,REVIEW,,,可能是原生食材，但频次、命名或类别证据不足
6653,脂奶油奶酪,DROP,,,烘焙或乳制加工食品
6654,三色黎麦,REVIEW,,,可能是原生食材，但频次、命名或类别证据不足
6655,刷表面蛋黄液,DROP,,,工具、包装或操作说明
6656,香菜杆,REVIEW,,,可能是原生食材，但频次、命名或类别证据不足
6657,圆豆角,REVIEW,,,可能是原生食材，但频次、命名或类别证据不足
6658,咸蛋白,DROP,,,成品、半成品或加工食品
6659,牛肉里脊,REVIEW,,,可能是原生食材，但频次、命名或类别证据不足
6660,滚开水,DROP,,,不属于指南允许的基础原生食材类别
6661,尖椒丝,REVIEW,,,形态描述存在，但原始食材无法确定
6662,肠粉预拌粉,DROP,,,不属于指南允许的基础原生食材类别
6663,德运奶粉,DROP,,,烘焙或乳制加工食品
6664,豆量清水,REVIEW,,,可能是原生食材，但频次、命名或类别证据不足
6665,奶油南瓜,DROP,,,烘焙或乳制加工食品
6666,波菜,REVIEW,,,可能是原生食材，但频次、命名或类别证据不足
6667,老南瓜南瓜,REVIEW,,,可能是原生食材，但频次、命名或类别证据不足
6668,明太鱼,KEEP,520,明太鱼,符合基础原生食材定义
6669,多面粉,DROP,,,成品、半成品或加工食品
6670,蛋黄酥量,REVIEW,,,可能是原生食材，但频次、命名或类别证据不足
6671,红椒青椒,REVIEW,,,可能是原生食材，但频次、命名或类别证据不足
6672,椰菜花,REVIEW,,,可能是原生食材，但频次、命名或类别证据不足
6673,半边鸡,REVIEW,,,可能是原生食材，但频次、命名或类别证据不足
6674,菜苔,REVIEW,,,可能是原生食材，但频次、命名或类别证据不足
6675,太阳蛋,REVIEW,,,可能是原生食材，但频次、命名或类别证据不足
6676,五花猪肉馅,REVIEW,,,可能是原生食材，但频次、命名或类别证据不足
6677,桔梗泡菜,DROP,,,成品、半成品或加工食品
6678,没就不放,DROP,,,不属于指南允许的基础原生食材类别
6679,香妃葡萄干,DROP,,,成品、半成品或加工食品
6680,稍许,DROP,,,不属于指南允许的基础原生食材类别
6681,甜杏仁,REVIEW,,,可能是原生食材，但频次、命名或类别证据不足
6682,青葡萄干,DROP,,,成品、半成品或加工食品
6683,生菜切丝,REVIEW,,,形态描述存在，但原始食材无法确定
6684,小米辣碎,REVIEW,,,形态描述存在，但原始食材无法确定
6685,榴莲果泥,REVIEW,,,可能是原生食材，但频次、命名或类别证据不足
6686,银芽,REVIEW,,,可能是原生食材，但频次、命名或类别证据不足
6687,截山药,REVIEW,,,可能是原生食材，但频次、命名或类别证据不足
6688,小葱白,REVIEW,,,可能是原生食材，但频次、命名或类别证据不足
6689,鲜粽叶,DROP,,,不属于指南允许的基础原生食材类别
6690,虎皮尖椒,DROP,,,不属于指南允许的基础原生食材类别
6691,蛋白蛋白,REVIEW,,,可能是原生食材，但频次、命名或类别证据不足
6692,鹅掌,REVIEW,,,可能是原生食材，但频次、命名或类别证据不足
6693,四川酸菜,DROP,,,成品、半成品或加工食品
6694,肘花火腿,DROP,,,加工肉制品
6695,台农芒果,REVIEW,,,可能是原生食材，但频次、命名或类别证据不足
6696,克肉松,DROP,,,加工肉制品
6697,可以放,DROP,,,不属于指南允许的基础原生食材类别
6698,泡发干木耳,MERGE,252,干木耳,去除确定的鲜冻/去皮去骨描述
6699,魚膠粉,DROP,,,不属于指南允许的基础原生食材类别
6700,鱼肉肠,DROP,,,成品、半成品或加工食品
6701,鲜虾肉,REVIEW,,,可能是原生食材，但频次、命名或类别证据不足
6702,腿骨,DROP,,,不属于指南允许的基础原生食材类别
6703,干淮山,DROP,,,不属于指南允许的基础原生食材类别
6704,鸡蛋黄液,REVIEW,,,可能是原生食材，但频次、命名或类别证据不足
6705,海木耳,KEEP,528,海木耳,符合基础原生食材定义
6706,马铃薯粉,REVIEW,,,可能是原生食材，但频次、命名或类别证据不足
6707,適量鹽,DROP,,,不属于指南允许的基础原生食材类别
6708,多少核桃,DROP,,,数量或单位残留且无法可靠恢复原食材
6709,青虾仁,REVIEW,,,可能是原生食材，但频次、命名或类别证据不足
6710,鱼尾,REVIEW,,,可能是原生食材，但频次、命名或类别证据不足
6711,外层,DROP,,,不属于指南允许的基础原生食材类别
6712,豌豆凉粉,REVIEW,,,可能是原生食材，但频次、命名或类别证据不足
6713,干辣椒切段,DROP,,,调味料不进入基础原生食材表
6714,粉两勺,DROP,,,数量或单位残留且无法可靠恢复原食材
6715,花奶,DROP,,,饮料、酒类或乳制品不属于本版核心原生食材
6716,倒笃菜,REVIEW,,,可能是原生食材，但频次、命名或类别证据不足
6717,香葱段,MERGE,1,葱,去除切片/切块/切丁等形态描述
6718,葡萄干果干,DROP,,,成品、半成品或加工食品
6719,人水,DROP,,,不属于指南允许的基础原生食材类别
6720,香茅粉,DROP,,,调味料不进入基础原生食材表
6721,温度水,DROP,,,不属于指南允许的基础原生食材类别
6722,饭碗面粉,DROP,,,成品、半成品或加工食品
6723,三分肥七分瘦,DROP,,,不属于指南允许的基础原生食材类别
6724,粉一小勺,DROP,,,不属于指南允许的基础原生食材类别
6725,柠檬切片,REVIEW,,,形态描述存在，但原始食材无法确定
6726,鲜虫草花,DROP,,,不属于指南允许的基础原生食材类别
6727,任意面包,DROP,,,烘焙或乳制加工食品
6728,泰国辣椒,REVIEW,,,可能是原生食材，但频次、命名或类别证据不足
6729,秋木耳,REVIEW,,,可能是原生食材，但频次、命名或类别证据不足
6730,皮儿,DROP,,,不属于指南允许的基础原生食材类别
6731,麻辣锅风味,DROP,,,不属于指南允许的基础原生食材类别
6732,炒香芝麻,REVIEW,,,可能是原生食材，但频次、命名或类别证据不足
6733,打结葱,REVIEW,,,可能是原生食材，但频次、命名或类别证据不足
6734,虎皮,DROP,,,不属于指南允许的基础原生食材类别
6735,油浸小番茄,REVIEW,,,可能是原生食材，但频次、命名或类别证据不足
6736,老酸奶菌粉,DROP,,,饮料、酒类或乳制品不属于本版核心原生食材
6737,方块酥,DROP,,,不属于指南允许的基础原生食材类别
6738,红辣子,DROP,,,不属于指南允许的基础原生食材类别
6739,千层面皮,DROP,,,不属于指南允许的基础原生食材类别
6740,瘦腿肉,REVIEW,,,可能是原生食材，但频次、命名或类别证据不足
6741,海白虾,REVIEW,,,可能是原生食材，但频次、命名或类别证据不足
6742,饰水果,DROP,,,不属于指南允许的基础原生食材类别
6743,菜辣椒,REVIEW,,,可能是原生食材，但频次、命名或类别证据不足
6744,多途麦芯粉,REVIEW,,,可能是原生食材，但频次、命名或类别证据不足
6745,空心意面,REVIEW,,,可能是原生食材，但频次、命名或类别证据不足
6746,冰冻蓝莓,MERGE,55,蓝莓,去除确定的鲜冻/去皮去骨描述
6747,熟黄豆,DROP,,,成品、半成品或加工食品
6748,眉毛肉,REVIEW,,,可能是原生食材，但频次、命名或类别证据不足
6749,八宝米,REVIEW,,,可能是原生食材，但频次、命名或类别证据不足
6750,各葱,REVIEW,,,可能是原生食材，但频次、命名或类别证据不足
6751,丝绒蛋糕粉,DROP,,,烘焙或乳制加工食品
6752,三色椒,REVIEW,,,可能是原生食材，但频次、命名或类别证据不足
6753,花甲肉,REVIEW,,,可能是原生食材，但频次、命名或类别证据不足
6754,种面粉吸水性不同,DROP,,,成品、半成品或加工食品
6755,东北黑木耳,REVIEW,,,可能是原生食材，但频次、命名或类别证据不足
6756,广式月饼预拌粉,DROP,,,成品、半成品或加工食品
6757,青蒜叶,REVIEW,,,可能是原生食材，但频次、命名或类别证据不足
6758,青金桔,DROP,,,不属于指南允许的基础原生食材类别
6759,全麦意大利面,DROP,,,成品、半成品或加工食品
6760,烟熏肉,DROP,,,加工肉制品
6761,面糊配方,REVIEW,,,可能是原生食材，但频次、命名或类别证据不足
6762,白米粉,DROP,,,成品、半成品或加工食品
6763,草头,KEEP,504,草头,符合基础原生食材定义
6764,芝士肠,DROP,,,烘焙或乳制加工食品
6765,泡灯笼椒,REVIEW,,,可能是原生食材，但频次、命名或类别证据不足
6766,多少里脊肉,DROP,,,数量或单位残留且无法可靠恢复原食材
6767,粗粉,DROP,,,不属于指南允许的基础原生食材类别
6768,枸杞干,REVIEW,,,可能是原生食材，但频次、命名或类别证据不足
6769,味黑巧克力,DROP,,,烘焙或乳制加工食品
6770,芋苗,REVIEW,,,可能是原生食材，但频次、命名或类别证据不足
6771,易拉罐可乐,DROP,,,饮料、酒类或乳制品不属于本版核心原生食材
6772,葡萄干红枣,DROP,,,成品、半成品或加工食品
6773,皮塔饼,DROP,,,不属于指南允许的基础原生食材类别
6774,可食玫瑰花瓣,DROP,,,调味料不进入基础原生食材表
6775,果冻层,DROP,,,不属于指南允许的基础原生食材类别
6776,少許,DROP,,,不属于指南允许的基础原生食材类别
6777,谷物胚芽米,REVIEW,,,可能是原生食材，但频次、命名或类别证据不足
6778,黄桃酸奶,DROP,,,饮料、酒类或乳制品不属于本版核心原生食材
6779,菜白菜,REVIEW,,,可能是原生食材，但频次、命名或类别证据不足
6780,芋儿,REVIEW,,,可能是原生食材，但频次、命名或类别证据不足
6781,各类火锅丸,DROP,,,不属于指南允许的基础原生食材类别
6782,香梨,KEEP,517,香梨,符合基础原生食材定义
6783,熟牛油果,DROP,,,成品、半成品或加工食品
6784,红袍,DROP,,,不属于指南允许的基础原生食材类别
6785,不粘烤盘,DROP,,,工具、包装或操作说明
6786,饼胚,DROP,,,不属于指南允许的基础原生食材类别
6787,干灯笼椒,REVIEW,,,可能是原生食材，但频次、命名或类别证据不足
6788,冲菜,REVIEW,,,可能是原生食材，但频次、命名或类别证据不足
6789,越多越好蒜,REVIEW,,,可能是原生食材，但频次、命名或类别证据不足
6790,熏鸡肉,REVIEW,,,可能是原生食材，但频次、命名或类别证据不足
6791,凤尾鱼干,DROP,,,成品、半成品或加工食品
6792,长一段白萝卜,REVIEW,,,可能是原生食材，但频次、命名或类别证据不足
6793,干花菇,REVIEW,,,可能是原生食材，但频次、命名或类别证据不足
6794,奶油奶酪糊,DROP,,,烘焙或乳制加工食品
6795,冷冻水饺,DROP,,,不属于指南允许的基础原生食材类别
6796,饭碗纯净水,DROP,,,不属于指南允许的基础原生食材类别
6797,红圆椒,REVIEW,,,可能是原生食材，但频次、命名或类别证据不足
6798,大料辣椒,REVIEW,,,可能是原生食材，但频次、命名或类别证据不足
6799,吧葱姜蒜,REVIEW,,,可能是原生食材，但频次、命名或类别证据不足
6800,饭盒,DROP,,,不属于指南允许的基础原生食材类别
6801,浓稠老酸奶,DROP,,,饮料、酒类或乳制品不属于本版核心原生食材
6802,大号鸡蛋,REVIEW,,,可能是原生食材，但频次、命名或类别证据不足
6803,洋葱切块,REVIEW,,,形态描述存在，但原始食材无法确定
6804,烧五花肉,REVIEW,,,可能是原生食材，但频次、命名或类别证据不足
6805,鸣门卷,DROP,,,不属于指南允许的基础原生食材类别
6806,面团中筋面粉,DROP,,,成品、半成品或加工食品
6807,猪尾骨,REVIEW,,,可能是原生食材，但频次、命名或类别证据不足
6808,熟羊肉,DROP,,,成品、半成品或加工食品
6809,鸡半只,DROP,,,数量或单位残留且无法可靠恢复原食材
6810,豌豆米,REVIEW,,,可能是原生食材，但频次、命名或类别证据不足
6811,强力粉,DROP,,,不属于指南允许的基础原生食材类别
6812,花枝,DROP,,,不属于指南允许的基础原生食材类别
6813,雪莲菌,REVIEW,,,可能是原生食材，但频次、命名或类别证据不足
6814,壶白开水,DROP,,,不属于指南允许的基础原生食材类别
6815,黑鳕鱼,REVIEW,,,可能是原生食材，但频次、命名或类别证据不足
6816,肉瘦肉,REVIEW,,,可能是原生食材，但频次、命名或类别证据不足
6817,蛋挞,DROP,,,成品、半成品或加工食品
6818,其他火锅料,DROP,,,不属于指南允许的基础原生食材类别
6819,线面,REVIEW,,,可能是原生食材，但频次、命名或类别证据不足
6820,八珍粉,DROP,,,不属于指南允许的基础原生食材类别
6821,粉浆,DROP,,,不属于指南允许的基础原生食材类别
6822,胚芽谷物米,REVIEW,,,可能是原生食材，但频次、命名或类别证据不足
6823,猪排肉,REVIEW,,,可能是原生食材，但频次、命名或类别证据不足
6824,黄花胶,DROP,,,不属于指南允许的基础原生食材类别
6825,抄手,DROP,,,不属于指南允许的基础原生食材类别
6826,五花肉肉,REVIEW,,,可能是原生食材，但频次、命名或类别证据不足
6827,新鲜青辣椒,MERGE,111,青辣椒,去除确定的鲜冻/去皮去骨描述
6828,米椒圈,REVIEW,,,可能是原生食材，但频次、命名或类别证据不足
6829,红皮土豆,DROP,,,不属于指南允许的基础原生食材类别
6830,泥蒜泥,REVIEW,,,可能是原生食材，但频次、命名或类别证据不足
6831,来刷表面,DROP,,,工具、包装或操作说明
6832,紫椰菜,REVIEW,,,可能是原生食材，但频次、命名或类别证据不足
6833,青占鱼,REVIEW,,,可能是原生食材，但频次、命名或类别证据不足
6834,荤香,DROP,,,不属于指南允许的基础原生食材类别
6835,调整清水,DROP,,,不属于指南允许的基础原生食材类别
6836,韭菜叶,REVIEW,,,可能是原生食材，但频次、命名或类别证据不足
6837,燕麦饭,REVIEW,,,可能是原生食材，但频次、命名或类别证据不足
6838,猪肉皮,DROP,,,不属于指南允许的基础原生食材类别
6839,新鲜柠檬皮,DROP,,,不属于指南允许的基础原生食材类别
6840,石灰,DROP,,,不属于指南允许的基础原生食材类别
6841,多少地瓜,DROP,,,数量或单位残留且无法可靠恢复原食材
6842,面叶,REVIEW,,,可能是原生食材，但频次、命名或类别证据不足
6843,肉渣,REVIEW,,,可能是原生食材，但频次、命名或类别证据不足
6844,笋子,REVIEW,,,可能是原生食材，但频次、命名或类别证据不足
6845,面藕,REVIEW,,,可能是原生食材，但频次、命名或类别证据不足
6846,饭碗干辣椒,DROP,,,调味料不进入基础原生食材表
6847,豬五花肉,REVIEW,,,可能是原生食材，但频次、命名或类别证据不足
6848,冻芝士层,DROP,,,烘焙或乳制加工食品
6849,小洋葱洋葱,REVIEW,,,可能是原生食材，但频次、命名或类别证据不足
6850,大小青椒,REVIEW,,,可能是原生食材，但频次、命名或类别证据不足
6851,黑芝麻少量,REVIEW,,,可能是原生食材，但频次、命名或类别证据不足
6852,糯米甜酒,DROP,,,调味料不进入基础原生食材表
6853,白巧克力屑,DROP,,,烘焙或乳制加工食品
6854,表面蛋黄液,REVIEW,,,可能是原生食材，但频次、命名或类别证据不足
6855,鸡大胸肉,REVIEW,,,可能是原生食材，但频次、命名或类别证据不足
6856,干罗勒叶,DROP,,,调味料不进入基础原生食材表
6857,鸡腿骨,REVIEW,,,可能是原生食材，但频次、命名或类别证据不足
6858,几只生蚝,MERGE,244,生蚝,修复数量/单位残留
6859,扇子骨,DROP,,,不属于指南允许的基础原生食材类别
6860,馅饼,DROP,,,不属于指南允许的基础原生食材类别
6861,抓枸杞,REVIEW,,,可能是原生食材，但频次、命名或类别证据不足
6862,金针磨,DROP,,,不属于指南允许的基础原生食材类别
6863,钱五花肉,REVIEW,,,可能是原生食材，但频次、命名或类别证据不足
6864,香菇丸子,DROP,,,成品、半成品或加工食品
6865,洋姜,KEEP,499,洋姜,符合基础原生食材定义
6866,玉米胡萝卜,REVIEW,,,可能是原生食材，但频次、命名或类别证据不足
6867,自定鸡蛋,REVIEW,,,可能是原生食材，但频次、命名或类别证据不足
6868,鲜五花肉,MERGE,10,五花肉,去除确定的鲜冻/去皮去骨描述
6869,糯米馅,REVIEW,,,可能是原生食材，但频次、命名或类别证据不足
6870,荞面,REVIEW,,,可能是原生食材，但频次、命名或类别证据不足
6871,新鲜菌菇,REVIEW,,,可能是原生食材，但频次、命名或类别证据不足
6872,里脊肉馅,REVIEW,,,可能是原生食材，但频次、命名或类别证据不足
6873,一汤勺,DROP,,,不属于指南允许的基础原生食材类别
6874,榨菜头,DROP,,,不属于指南允许的基础原生食材类别
6875,多少大虾,DROP,,,数量或单位残留且无法可靠恢复原食材
6876,不可辜负,DROP,,,不属于指南允许的基础原生食材类别
6877,了莲藕,REVIEW,,,可能是原生食材，但频次、命名或类别证据不足
6878,披萨饼胚,DROP,,,成品、半成品或加工食品
6879,辣椒芝麻,REVIEW,,,可能是原生食材，但频次、命名或类别证据不足
6880,厨房电子秤,DROP,,,不属于指南允许的基础原生食材类别
6881,蛋糕胚子,DROP,,,烘焙或乳制加工食品
6882,蛋糕戚风蛋糕,DROP,,,烘焙或乳制加工食品
6883,雪梨干,REVIEW,,,可能是原生食材，但频次、命名或类别证据不足
6884,生面粉,DROP,,,成品、半成品或加工食品
6885,芹菜根,REVIEW,,,可能是原生食材，但频次、命名或类别证据不足
6886,碎红枣,REVIEW,,,可能是原生食材，但频次、命名或类别证据不足
6887,香蕉切片,REVIEW,,,形态描述存在，但原始食材无法确定
6888,牛排肉,REVIEW,,,可能是原生食材，但频次、命名或类别证据不足
6889,干核桃仁,REVIEW,,,可能是原生食材，但频次、命名或类别证据不足
6890,米蕉,REVIEW,,,可能是原生食材，但频次、命名或类别证据不足
6891,卡真粉,DROP,,,不属于指南允许的基础原生食材类别
6892,甜红椒粉,REVIEW,,,可能是原生食材，但频次、命名或类别证据不足
6893,三倍水,DROP,,,不属于指南允许的基础原生食材类别
6894,雕刻刀,DROP,,,不属于指南允许的基础原生食材类别
6895,白糊椒粉,REVIEW,,,可能是原生食材，但频次、命名或类别证据不足
6896,洋车前子壳,DROP,,,不属于指南允许的基础原生食材类别
6897,胡豆,REVIEW,,,可能是原生食材，但频次、命名或类别证据不足
6898,一样多葱花,REVIEW,,,可能是原生食材，但频次、命名或类别证据不足
6899,油膏,DROP,,,不属于指南允许的基础原生食材类别
6900,甜瓜,KEEP,515,甜瓜,符合基础原生食材定义
6901,泡青菜,REVIEW,,,可能是原生食材，但频次、命名或类别证据不足
6902,纯燕麦片,REVIEW,,,形态描述存在，但原始食材无法确定
6903,耐高温黑巧克力豆,DROP,,,烘焙或乳制加工食品
6904,冻干草莓粉,REVIEW,,,可能是原生食材，但频次、命名或类别证据不足
6905,杏仁豆腐粉,DROP,,,豆制品或淀粉制品（严格模式排除）
6906,康师傅红烧牛肉面,REVIEW,,,可能是原生食材，但频次、命名或类别证据不足
6907,內餡,DROP,,,不属于指南允许的基础原生食材类别
6908,香蔥,DROP,,,不属于指南允许的基础原生食材类别
6909,雪莉酒,DROP,,,调味料不进入基础原生食材表
6910,一截葱,REVIEW,,,可能是原生食材，但频次、命名或类别证据不足
6911,口味油辣子,DROP,,,不属于指南允许的基础原生食材类别
6912,支日本豆腐,DROP,,,豆制品或淀粉制品（严格模式排除）
6913,大骨汤,DROP,,,不属于指南允许的基础原生食材类别
6914,赖尿虾,REVIEW,,,可能是原生食材，但频次、命名或类别证据不足
6915,什锦杂菜,REVIEW,,,可能是原生食材，但频次、命名或类别证据不足
6916,笋瓜,KEEP,501,笋瓜,符合基础原生食材定义
6917,剥好毛豆,REVIEW,,,可能是原生食材，但频次、命名或类别证据不足
6918,扁尖,DROP,,,不属于指南允许的基础原生食材类别
6919,土豆切丝,REVIEW,,,形态描述存在，但原始食材无法确定
6920,牛绞肉,REVIEW,,,可能是原生食材，但频次、命名或类别证据不足
6921,意式香肠,DROP,,,加工肉制品
6922,葱姜蒜洋葱,REVIEW,,,可能是原生食材，但频次、命名或类别证据不足
6923,团龙口粉丝,DROP,,,豆制品或淀粉制品（严格模式排除）
6924,虾仁儿,REVIEW,,,可能是原生食材，但频次、命名或类别证据不足
6925,类野餐食谱参考,DROP,,,不属于指南允许的基础原生食材类别
6926,豆浆剩豆渣,DROP,,,成品、半成品或加工食品
6927,草莓切片,REVIEW,,,形态描述存在，但原始食材无法确定
6928,极味鲜,DROP,,,不属于指南允许的基础原生食材类别
6929,全职牛奶,DROP,,,饮料、酒类或乳制品不属于本版核心原生食材
6930,热狗面包,DROP,,,烘焙或乳制加工食品
6931,辣那种,DROP,,,不属于指南允许的基础原生食材类别
6932,鲜淮山,DROP,,,不属于指南允许的基础原生食材类别
6933,各种时令水果,DROP,,,不属于指南允许的基础原生食材类别
6934,姜切片,REVIEW,,,形态描述存在，但原始食材无法确定
6935,洋梨,REVIEW,,,可能是原生食材，但频次、命名或类别证据不足
6936,无筋豆,REVIEW,,,可能是原生食材，但频次、命名或类别证据不足
6937,迷你奥利奥,DROP,,,不属于指南允许的基础原生食材类别
6938,饭团海苔,DROP,,,成品、半成品或加工食品
6939,细长青椒,REVIEW,,,可能是原生食材，但频次、命名或类别证据不足
6940,特精面粉,DROP,,,成品、半成品或加工食品
6941,高筋全麦粉,REVIEW,,,可能是原生食材，但频次、命名或类别证据不足
6942,馬鈴薯,REVIEW,,,可能是原生食材，但频次、命名或类别证据不足
6943,剔骨鸡腿肉,REVIEW,,,可能是原生食材，但频次、命名或类别证据不足
6944,人米饭,DROP,,,成品、半成品或加工食品
6945,红朝天椒,REVIEW,,,可能是原生食材，但频次、命名或类别证据不足
6946,方形戚风蛋糕,DROP,,,烘焙或乳制加工食品
6947,克绿豆,MERGE,94,绿豆,去除确定的鲜冻/去皮去骨描述
6948,腌雪里蕻,DROP,,,不属于指南允许的基础原生食材类别
6949,韩式烤肉,REVIEW,,,可能是原生食材，但频次、命名或类别证据不足
6950,紫菜蛋花汤,REVIEW,,,可能是原生食材，但频次、命名或类别证据不足
6951,头鱼头,REVIEW,,,可能是原生食材，但频次、命名或类别证据不足
6952,猪肉切片,REVIEW,,,形态描述存在，但原始食材无法确定
6953,情况面粉,DROP,,,成品、半成品或加工食品
6954,黑全麦,REVIEW,,,可能是原生食材，但频次、命名或类别证据不足
6955,稠酸奶酸奶,DROP,,,饮料、酒类或乳制品不属于本版核心原生食材
6956,气球,DROP,,,不属于指南允许的基础原生食材类别
6957,各尖椒,REVIEW,,,可能是原生食材，但频次、命名或类别证据不足
6958,青藤椒,DROP,,,调味料不进入基础原生食材表
6959,牛奶馒头,DROP,,,成品、半成品或加工食品
6960,头半个,DROP,,,数量或单位残留且无法可靠恢复原食材
6961,咸菜疙瘩,DROP,,,成品、半成品或加工食品
6962,鹧鸪,DROP,,,不属于指南允许的基础原生食材类别
6963,葱花碎,REVIEW,,,形态描述存在，但原始食材无法确定
6964,情况大米,REVIEW,,,可能是原生食材，但频次、命名或类别证据不足
6965,吧西红柿,REVIEW,,,可能是原生食材，但频次、命名或类别证据不足
6966,牛奶一瓶,DROP,,,饮料、酒类或乳制品不属于本版核心原生食材
6967,一根胡萝卜,DROP,,,数量或单位残留且无法可靠恢复原食材
6968,咸口,DROP,,,不属于指南允许的基础原生食材类别
6969,黄色甜椒,REVIEW,,,可能是原生食材，但频次、命名或类别证据不足
6970,桂林三花酒,DROP,,,调味料不进入基础原生食材表
6971,珍珠丸子,DROP,,,成品、半成品或加工食品
6972,芝麻海苔肉松,DROP,,,加工肉制品
6973,表面芝麻,REVIEW,,,可能是原生食材，但频次、命名或类别证据不足
6974,莴笋头,REVIEW,,,可能是原生食材，但频次、命名或类别证据不足
6975,巴西里,DROP,,,不属于指南允许的基础原生食材类别
6976,葫芦瓜,REVIEW,,,可能是原生食材，但频次、命名或类别证据不足
6977,细胡萝卜,REVIEW,,,可能是原生食材，但频次、命名或类别证据不足
6978,籼米粉,DROP,,,成品、半成品或加工食品
6979,生姜葱,REVIEW,,,可能是原生食材，但频次、命名或类别证据不足
6980,红小米辣,REVIEW,,,可能是原生食材，但频次、命名或类别证据不足
6981,糯米大米,REVIEW,,,可能是原生食材，但频次、命名或类别证据不足
6982,鲜面条面条,DROP,,,成品、半成品或加工食品
6983,草莓冰淇淋,DROP,,,成品、半成品或加工食品
6984,皇上皇腊肠,DROP,,,成品、半成品或加工食品
6985,土猪肉,REVIEW,,,可能是原生食材，但频次、命名或类别证据不足
6986,熟藜麦,DROP,,,成品、半成品或加工食品
6987,油一丢丢,DROP,,,不属于指南允许的基础原生食材类别
6988,低脂奶酪,DROP,,,烘焙或乳制加工食品
6989,香辣粉,DROP,,,不属于指南允许的基础原生食材类别
6990,鲣鱼粉,REVIEW,,,可能是原生食材，但频次、命名或类别证据不足
6991,泡半小时大米,REVIEW,,,可能是原生食材，但频次、命名或类别证据不足
6992,红心柚子,REVIEW,,,可能是原生食材，但频次、命名或类别证据不足
6993,一段彩椒,REVIEW,,,可能是原生食材，但频次、命名或类别证据不足
6994,圆白萝卜,REVIEW,,,可能是原生食材，但频次、命名或类别证据不足
6995,乌龙茶水,DROP,,,不属于指南允许的基础原生食材类别
6996,鱼圆,REVIEW,,,可能是原生食材，但频次、命名或类别证据不足
6997,西红柿碎,MERGE,14,番茄,去除切片/切块/切丁等形态描述
6998,薄片生姜,REVIEW,,,可能是原生食材，但频次、命名或类别证据不足
6999,自定,DROP,,,不属于指南允许的基础原生食材类别
7000,辣度小米椒,REVIEW,,,可能是原生食材，但频次、命名或类别证据不足
7001,西班牙腊肠,DROP,,,成品、半成品或加工食品
7002,隔水融化,DROP,,,不属于指南允许的基础原生食材类别
7003,脆皮热狗肠,DROP,,,成品、半成品或加工食品
7004,金鲳鱼干,DROP,,,成品、半成品或加工食品
7005,头大小瘦肉,REVIEW,,,可能是原生食材，但频次、命名或类别证据不足
7006,红酒糟,DROP,,,饮料、酒类或乳制品不属于本版核心原生食材
7007,鲜椒,REVIEW,,,可能是原生食材，但频次、命名或类别证据不足
7008,黑玉米,REVIEW,,,可能是原生食材，但频次、命名或类别证据不足
7009,指长度大葱,REVIEW,,,可能是原生食材，但频次、命名或类别证据不足
7010,烘烤,DROP,,,不属于指南允许的基础原生食材类别
7011,南杏北杏,REVIEW,,,可能是原生食材，但频次、命名或类别证据不足
7012,耐高温巧克力,DROP,,,烘焙或乳制加工食品
7013,鸡腿鸡腿,REVIEW,,,可能是原生食材，但频次、命名或类别证据不足
7014,熟豆粉,DROP,,,成品、半成品或加工食品
7015,偏大土豆,REVIEW,,,可能是原生食材，但频次、命名或类别证据不足
7016,牡蛎肉,REVIEW,,,可能是原生食材，但频次、命名或类别证据不足
7017,蔥薑蒜,REVIEW,,,可能是原生食材，但频次、命名或类别证据不足
7018,牛肉原汤,REVIEW,,,可能是原生食材，但频次、命名或类别证据不足
7019,椰汁饮料,DROP,,,饮料、酒类或乳制品不属于本版核心原生食材
7020,麻椒面,DROP,,,调味料不进入基础原生食材表
7021,朵干香菇,MERGE,93,干香菇,去除确定的鲜冻/去皮去骨描述
7022,毛蚶,DROP,,,不属于指南允许的基础原生食材类别
7023,蒜蒜茸,REVIEW,,,可能是原生食材，但频次、命名或类别证据不足
7024,果粒酸奶,DROP,,,饮料、酒类或乳制品不属于本版核心原生食材
7025,肉猪肉,REVIEW,,,可能是原生食材，但频次、命名或类别证据不足
7026,奥利奥粉,DROP,,,不属于指南允许的基础原生食材类别
7027,菜瓜,KEEP,505,菜瓜,符合基础原生食材定义
7028,一壶开水,DROP,,,不属于指南允许的基础原生食材类别
7029,咸猪骨,REVIEW,,,可能是原生食材，但频次、命名或类别证据不足
7030,紫米粉,DROP,,,成品、半成品或加工食品
7031,泡开,DROP,,,不属于指南允许的基础原生食材类别
7032,鸭腿肉,REVIEW,,,可能是原生食材，但频次、命名或类别证据不足
7033,干豌豆,REVIEW,,,可能是原生食材，但频次、命名或类别证据不足
7034,水油面,REVIEW,,,可能是原生食材，但频次、命名或类别证据不足
7035,麦若叶青汁粉,REVIEW,,,可能是原生食材，但频次、命名或类别证据不足
7036,全食物日记糙米,REVIEW,,,可能是原生食材，但频次、命名或类别证据不足
7037,抓茶叶,DROP,,,饮料、酒类或乳制品不属于本版核心原生食材
7038,表面椰蓉,REVIEW,,,可能是原生食材，但频次、命名或类别证据不足
7039,哥顿金酒,DROP,,,调味料不进入基础原生食材表
7040,咖啡奶油霜,DROP,,,烘焙或乳制加工食品
7041,爱意,DROP,,,不属于指南允许的基础原生食材类别
7042,无菌蛋,REVIEW,,,可能是原生食材，但频次、命名或类别证据不足
7043,五香料,DROP,,,不属于指南允许的基础原生食材类别
7044,整鸭,REVIEW,,,可能是原生食材，但频次、命名或类别证据不足
7045,子里,DROP,,,不属于指南允许的基础原生食材类别
7046,乌贼,DROP,,,不属于指南允许的基础原生食材类别
7047,蒜末葱末,REVIEW,,,形态描述存在，但原始食材无法确定
7048,冰雪碧,DROP,,,不属于指南允许的基础原生食材类别
7049,表面装饰蛋液,DROP,,,工具、包装或操作说明
7050,法芙娜黑巧,DROP,,,不属于指南允许的基础原生食材类别
7051,小豆蔻粉,DROP,,,调味料不进入基础原生食材表
7052,酪奶,DROP,,,饮料、酒类或乳制品不属于本版核心原生食材
7053,肉羊肉,REVIEW,,,可能是原生食材，但频次、命名或类别证据不足
7054,冬虫草,DROP,,,不属于指南允许的基础原生食材类别
7055,金華火腿,DROP,,,加工肉制品
7056,红姜,REVIEW,,,可能是原生食材，但频次、命名或类别证据不足
7057,味鸡尾酒,DROP,,,调味料不进入基础原生食材表
7058,大小紫薯,REVIEW,,,可能是原生食材，但频次、命名或类别证据不足
7059,葱酥,REVIEW,,,可能是原生食材，但频次、命名或类别证据不足
7060,头草莓,REVIEW,,,可能是原生食材，但频次、命名或类别证据不足
7061,酵素渣,DROP,,,不属于指南允许的基础原生食材类别
7062,粉一丢丢,DROP,,,不属于指南允许的基础原生食材类别
7063,可以不要,DROP,,,不属于指南允许的基础原生食材类别
7064,冷藏米饭,DROP,,,成品、半成品或加工食品
7065,粉一小包,DROP,,,不属于指南允许的基础原生食材类别
7066,蒜肠,DROP,,,成品、半成品或加工食品
7067,东菱三明治早餐机,DROP,,,不属于指南允许的基础原生食材类别
7068,六月黄,DROP,,,不属于指南允许的基础原生食材类别
7069,了肉馅,REVIEW,,,可能是原生食材，但频次、命名或类别证据不足
7070,芝士慕斯层,DROP,,,烘焙或乳制加工食品
7071,巧克力慕斯层,DROP,,,烘焙或乳制加工食品
7072,狮子头,DROP,,,不属于指南允许的基础原生食材类别
7073,长条饼干,DROP,,,烘焙或乳制加工食品
7074,紹興酒,DROP,,,调味料不进入基础原生食材表
7075,螃蟹肉,REVIEW,,,可能是原生食材，但频次、命名或类别证据不足
7076,马苏芝士,DROP,,,烘焙或乳制加工食品
7077,猪腱子肉,REVIEW,,,可能是原生食材，但频次、命名或类别证据不足
7078,三线五花肉,REVIEW,,,可能是原生食材，但频次、命名或类别证据不足
7079,鸡汤宝,REVIEW,,,可能是原生食材，但频次、命名或类别证据不足
7080,桶纯净水,DROP,,,不属于指南允许的基础原生食材类别
7081,螺旋意粉,REVIEW,,,可能是原生食材，但频次、命名或类别证据不足
7082,配角,DROP,,,不属于指南允许的基础原生食材类别
7083,南瓜肉,REVIEW,,,可能是原生食材，但频次、命名或类别证据不足
7084,参考量,DROP,,,不属于指南允许的基础原生食材类别
7085,红美人椒,REVIEW,,,可能是原生食材，但频次、命名或类别证据不足
7086,长山药,REVIEW,,,可能是原生食材，但频次、命名或类别证据不足
7087,油菜叶,REVIEW,,,可能是原生食材，但频次、命名或类别证据不足
7088,鸡鸡肉,REVIEW,,,可能是原生食材，但频次、命名或类别证据不足
7089,水蛋液,REVIEW,,,可能是原生食材，但频次、命名或类别证据不足
7090,少水,DROP,,,不属于指南允许的基础原生食材类别
7091,嫩肉,REVIEW,,,可能是原生食材，但频次、命名或类别证据不足
7092,红丝绒精华,DROP,,,不属于指南允许的基础原生食材类别
7093,江米粉,DROP,,,成品、半成品或加工食品
7094,千层,DROP,,,不属于指南允许的基础原生食材类别
7095,蔓越莓味,REVIEW,,,可能是原生食材，但频次、命名或类别证据不足
7096,了洋葱,REVIEW,,,可能是原生食材，但频次、命名或类别证据不足
7097,热量总计,DROP,,,不属于指南允许的基础原生食材类别
7098,西红柿切片,REVIEW,,,形态描述存在，但原始食材无法确定
7099,细玉米粉,DROP,,,成品、半成品或加工食品
7100,无锡油面筋,DROP,,,成品、半成品或加工食品
7101,多少泡菜,DROP,,,成品、半成品或加工食品
7102,一段奶粉,DROP,,,烘焙或乳制加工食品
7103,带骨鸡腿肉,REVIEW,,,可能是原生食材，但频次、命名或类别证据不足
7104,备注,DROP,,,不属于指南允许的基础原生食材类别
7105,草莓罐头,DROP,,,成品、半成品或加工食品
7106,白蒿,DROP,,,不属于指南允许的基础原生食材类别
7107,煉乳,DROP,,,不属于指南允许的基础原生食材类别
7108,粗细,DROP,,,不属于指南允许的基础原生食材类别
7109,茶包红茶,DROP,,,饮料、酒类或乳制品不属于本版核心原生食材
7110,奶馅,DROP,,,不属于指南允许的基础原生食材类别
7111,挞水,DROP,,,不属于指南允许的基础原生食材类别
7112,全脂淡奶粉,DROP,,,烘焙或乳制加工食品
7113,酸梅粉,DROP,,,不属于指南允许的基础原生食材类别
7114,香蒜苗,REVIEW,,,可能是原生食材，但频次、命名或类别证据不足
7115,手工水饺,DROP,,,不属于指南允许的基础原生食材类别
7116,支干红辣椒,REVIEW,,,可能是原生食材，但频次、命名或类别证据不足
7117,料一袋,DROP,,,数量或单位残留且无法可靠恢复原食材
7118,黑白熟芝麻,DROP,,,成品、半成品或加工食品
7119,可可脆片,REVIEW,,,形态描述存在，但原始食材无法确定
7120,绿蔬菜,REVIEW,,,可能是原生食材，但频次、命名或类别证据不足
7121,巧克力奶油霜,DROP,,,烘焙或乳制加工食品
7122,了香菜,REVIEW,,,可能是原生食材，但频次、命名或类别证据不足
7123,德芙牛奶巧克力,DROP,,,烘焙或乳制加工食品
7124,巧克力甘那许,DROP,,,烘焙或乳制加工食品
7125,瓠子,DROP,,,不属于指南允许的基础原生食材类别
7126,味冰淇淋粉,DROP,,,成品、半成品或加工食品
7127,宝宝意面,REVIEW,,,可能是原生食材，但频次、命名或类别证据不足
7128,混合备,DROP,,,不属于指南允许的基础原生食材类别
7129,地软,DROP,,,不属于指南允许的基础原生食材类别
7130,土鸭,REVIEW,,,可能是原生食材，但频次、命名或类别证据不足
7131,西红柿泥,REVIEW,,,可能是原生食材，但频次、命名或类别证据不足
7132,其他香草,REVIEW,,,可能是原生食材，但频次、命名或类别证据不足
7133,中号,DROP,,,不属于指南允许的基础原生食材类别
7134,三文鱼肉,REVIEW,,,可能是原生食材，但频次、命名或类别证据不足
7135,粉少量,DROP,,,不属于指南允许的基础原生食材类别
7136,吧粉条,DROP,,,豆制品或淀粉制品（严格模式排除）
7137,油皮中筋面粉,DROP,,,成品、半成品或加工食品
7138,机全麦面粉,DROP,,,成品、半成品或加工食品
7139,脆底,DROP,,,不属于指南允许的基础原生食材类别
7140,得利斯火腿,DROP,,,加工肉制品
7141,豌豆仁,REVIEW,,,可能是原生食材，但频次、命名或类别证据不足
7142,葱姜香菜,REVIEW,,,可能是原生食材，但频次、命名或类别证据不足
7143,长红辣椒,REVIEW,,,可能是原生食材，但频次、命名或类别证据不足
7144,维他柠檬茶,DROP,,,饮料、酒类或乳制品不属于本版核心原生食材
7145,戚风蛋糕两片,DROP,,,烘焙或乳制加工食品
7146,土鸡肉,REVIEW,,,可能是原生食材，但频次、命名或类别证据不足
7147,葱和蒜,SPLIT,1|2,葱|蒜,分隔符明确连接多个独立基础食材；克数无法可靠分摊
7148,沙律醬,DROP,,,不属于指南允许的基础原生食材类别
7149,棒棒,DROP,,,不属于指南允许的基础原生食材类别
7150,西红柿一个,MERGE,14,番茄,修复数量/单位残留
7151,王后吐司粉,DROP,,,烘焙或乳制加工食品
7152,黄心菜,REVIEW,,,可能是原生食材，但频次、命名或类别证据不足
7153,面包表面,DROP,,,烘焙或乳制加工食品
7154,面面饼,REVIEW,,,可能是原生食材，但频次、命名或类别证据不足
7155,吧排骨,REVIEW,,,可能是原生食材，但频次、命名或类别证据不足
7156,豆腐切小块,DROP,,,豆制品或淀粉制品（严格模式排除）
7157,全麦饼皮,DROP,,,不属于指南允许的基础原生食材类别
7158,纯豆浆粉,DROP,,,成品、半成品或加工食品
7159,班戟粉,DROP,,,不属于指南允许的基础原生食材类别
7160,风干肠,DROP,,,成品、半成品或加工食品
7161,菜菜,REVIEW,,,可能是原生食材，但频次、命名或类别证据不足
7162,煎茶,DROP,,,饮料、酒类或乳制品不属于本版核心原生食材
7163,南姜梅粉,REVIEW,,,可能是原生食材，但频次、命名或类别证据不足
7164,坨生姜,REVIEW,,,可能是原生食材，但频次、命名或类别证据不足
7165,海带干,REVIEW,,,可能是原生食材，但频次、命名或类别证据不足
7166,部分鸡蛋,REVIEW,,,可能是原生食材，但频次、命名或类别证据不足
7167,四喜丸子,DROP,,,成品、半成品或加工食品
7168,几只螃蟹,MERGE,292,螃蟹,修复数量/单位残留
7169,里拉芝士碎,DROP,,,烘焙或乳制加工食品
7170,圆形,DROP,,,不属于指南允许的基础原生食材类别
7171,鸡蛋馅,REVIEW,,,可能是原生食材，但频次、命名或类别证据不足
7172,辣萝卜干,DROP,,,成品、半成品或加工食品
7173,雪媚娘粉,DROP,,,不属于指南允许的基础原生食材类别
7174,其他叶菜,REVIEW,,,可能是原生食材，但频次、命名或类别证据不足
7175,豌豆荚,REVIEW,,,可能是原生食材，但频次、命名或类别证据不足
7176,鲔鱼,REVIEW,,,可能是原生食材，但频次、命名或类别证据不足
7177,葱猪肉馅,REVIEW,,,可能是原生食材，但频次、命名或类别证据不足
7178,红辣椒绿辣椒,REVIEW,,,可能是原生食材，但频次、命名或类别证据不足
7179,奶香小馒头,DROP,,,成品、半成品或加工食品
7180,童心,DROP,,,不属于指南允许的基础原生食材类别
7181,油酥花生米,REVIEW,,,可能是原生食材，但频次、命名或类别证据不足
7182,张荷叶,DROP,,,调味料不进入基础原生食材表
7183,全麦自发粉,REVIEW,,,可能是原生食材，但频次、命名或类别证据不足
7184,米饭一大碗,DROP,,,成品、半成品或加工食品
7185,广味腊肠,DROP,,,成品、半成品或加工食品
7186,奇异籽,DROP,,,不属于指南允许的基础原生食材类别
7187,粉色巧克力笔,DROP,,,烘焙或乳制加工食品
7188,绿豆瓣,MERGE,94,绿豆,去除切片/切块/切丁等形态描述
7189,沙茶王,DROP,,,不属于指南允许的基础原生食材类别
7190,白莲蓉馅,DROP,,,不属于指南允许的基础原生食材类别
7191,吧蒜末,REVIEW,,,形态描述存在，但原始食材无法确定
7192,甜萝卜干,DROP,,,成品、半成品或加工食品
7193,香葱头,REVIEW,,,可能是原生食材，但频次、命名或类别证据不足
7194,牛皮菜,KEEP,500,牛皮菜,符合基础原生食材定义
7195,几个小米椒,MERGE,18,小米椒,修复数量/单位残留
7196,炒鸡丁,REVIEW,,,形态描述存在，但原始食材无法确定
7197,核桃芝麻粉,REVIEW,,,可能是原生食材，但频次、命名或类别证据不足
7198,吧饺子皮,DROP,,,成品、半成品或加工食品
7199,小碗面粉,DROP,,,成品、半成品或加工食品
7200,日本大根,DROP,,,不属于指南允许的基础原生食材类别
7201,餅皮,DROP,,,不属于指南允许的基础原生食材类别
7202,酱香菜,DROP,,,不属于指南允许的基础原生食材类别
7203,家鸡,REVIEW,,,可能是原生食材，但频次、命名或类别证据不足
7204,少洋葱,REVIEW,,,可能是原生食材，但频次、命名或类别证据不足
7205,青红二荆条,DROP,,,不属于指南允许的基础原生食材类别
7206,重要,DROP,,,不属于指南允许的基础原生食材类别
7207,鸡里脊肉,REVIEW,,,可能是原生食材，但频次、命名或类别证据不足
7208,干酪芝士,DROP,,,烘焙或乳制加工食品
7209,奶油糊,DROP,,,烘焙或乳制加工食品
7210,鲜炖燕窝,DROP,,,不属于指南允许的基础原生食材类别
7211,奶油栗子泥,DROP,,,烘焙或乳制加工食品
7212,辣味香肠,DROP,,,加工肉制品
7213,披萨胚,DROP,,,成品、半成品或加工食品
7214,杏仁牛奶,DROP,,,饮料、酒类或乳制品不属于本版核心原生食材
7215,圆青椒,REVIEW,,,可能是原生食材，但频次、命名或类别证据不足
7216,吧枸杞,REVIEW,,,可能是原生食材，但频次、命名或类别证据不足
7217,君度力娇酒,DROP,,,调味料不进入基础原生食材表
7218,全麦消化饼干,DROP,,,烘焙或乳制加工食品
7219,菠菜卷饼,REVIEW,,,可能是原生食材，但频次、命名或类别证据不足
7220,各土豆,REVIEW,,,可能是原生食材，但频次、命名或类别证据不足
7221,味好美,DROP,,,不属于指南允许的基础原生食材类别
7222,冷饭米饭,DROP,,,成品、半成品或加工食品
7223,香葉,DROP,,,不属于指南允许的基础原生食材类别
7224,蓝多马苏里拉芝士,DROP,,,烘焙或乳制加工食品
7225,不甜,DROP,,,不属于指南允许的基础原生食材类别
7226,鲜带子,DROP,,,不属于指南允许的基础原生食材类别
7227,燕麦果泥,REVIEW,,,可能是原生食材，但频次、命名或类别证据不足
7228,泉水金枪鱼罐头,DROP,,,成品、半成品或加工食品
7229,龙须菜,KEEP,512,龙须菜,符合基础原生食材定义
7230,熟透牛油果,DROP,,,成品、半成品或加工食品
7231,炸鸡排,REVIEW,,,可能是原生食材，但频次、命名或类别证据不足
7232,茶杯,DROP,,,不属于指南允许的基础原生食材类别
7233,香草奶冻,REVIEW,,,可能是原生食材，但频次、命名或类别证据不足
7234,水麦芽,REVIEW,,,可能是原生食材，但频次、命名或类别证据不足
7235,人造肉,REVIEW,,,可能是原生食材，但频次、命名或类别证据不足
7236,一般,DROP,,,不属于指南允许的基础原生食材类别
7237,若竹抹茶粉,DROP,,,成品、半成品或加工食品
7238,美式咖啡,DROP,,,饮料、酒类或乳制品不属于本版核心原生食材
7239,酱五花肉,DROP,,,不属于指南允许的基础原生食材类别
7240,小可爱,DROP,,,不属于指南允许的基础原生食材类别
7241,火龙果果肉,REVIEW,,,可能是原生食材，但频次、命名或类别证据不足
7242,子饺子料,DROP,,,成品、半成品或加工食品
7243,卡仕达,DROP,,,不属于指南允许的基础原生食材类别
7244,方盘,DROP,,,不属于指南允许的基础原生食材类别
7245,炸猪皮,DROP,,,不属于指南允许的基础原生食材类别
7246,莲子百合,REVIEW,,,可能是原生食材，但频次、命名或类别证据不足
7247,细意面,REVIEW,,,可能是原生食材，但频次、命名或类别证据不足
7248,山水豆腐,DROP,,,豆制品或淀粉制品（严格模式排除）
7249,鸭杂,REVIEW,,,可能是原生食材，但频次、命名或类别证据不足
7250,鲜槐花,MERGE,369,槐花,去除确定的鲜冻/去皮去骨描述
7251,动物蛋白,REVIEW,,,可能是原生食材，但频次、命名或类别证据不足
7252,米花,REVIEW,,,可能是原生食材，但频次、命名或类别证据不足
7253,小时糯米,REVIEW,,,可能是原生食材，但频次、命名或类别证据不足
7254,食玫瑰,DROP,,,调味料不进入基础原生食材表
7255,蛋清蛋白,REVIEW,,,可能是原生食材，但频次、命名或类别证据不足
7256,方形饺子皮,DROP,,,成品、半成品或加工食品
7257,茅屋奶酪,DROP,,,烘焙或乳制加工食品
7258,过水,DROP,,,不属于指南允许的基础原生食材类别
7259,白鲳鱼,REVIEW,,,可能是原生食材，但频次、命名或类别证据不足
7260,水酒,DROP,,,调味料不进入基础原生食材表
7261,太太乐原味鲜,DROP,,,不属于指南允许的基础原生食材类别
7262,锡兰红茶包,DROP,,,不属于指南允许的基础原生食材类别
7263,芝麻小汤圆,DROP,,,不属于指南允许的基础原生食材类别
7264,阿里根奴,DROP,,,不属于指南允许的基础原生食材类别
7265,藍莓,DROP,,,不属于指南允许的基础原生食材类别
7266,金钱菇,REVIEW,,,可能是原生食材，但频次、命名或类别证据不足
7267,紫薯芋泥,REVIEW,,,可能是原生食材，但频次、命名或类别证据不足
7268,干小葱,REVIEW,,,可能是原生食材，但频次、命名或类别证据不足
7269,饺子面,DROP,,,成品、半成品或加工食品
7270,江瑶柱,DROP,,,不属于指南允许的基础原生食材类别
7271,手打牛丸,REVIEW,,,可能是原生食材，但频次、命名或类别证据不足
7272,材料一,DROP,,,不属于指南允许的基础原生食材类别
7273,各种丸,DROP,,,不属于指南允许的基础原生食材类别
7274,净化水,DROP,,,不属于指南允许的基础原生食材类别
7275,野葱,KEEP,508,野葱,符合基础原生食材定义
7276,肉松海苔,DROP,,,加工肉制品
7277,坚果干果,DROP,,,成品、半成品或加工食品
7278,馒头粉,DROP,,,成品、半成品或加工食品
7279,花生黄豆,REVIEW,,,可能是原生食材，但频次、命名或类别证据不足
7280,黑豆腐,DROP,,,豆制品或淀粉制品（严格模式排除）
7281,熟肉类,DROP,,,成品、半成品或加工食品
7282,防粘手粉,DROP,,,不属于指南允许的基础原生食材类别
7283,就放几个鸡蛋,DROP,,,数量或单位残留且无法可靠恢复原食材
7284,干黄花,DROP,,,不属于指南允许的基础原生食材类别
7285,唐菜,REVIEW,,,可能是原生食材，但频次、命名或类别证据不足
7286,末葱花,REVIEW,,,可能是原生食材，但频次、命名或类别证据不足
7287,了青椒,REVIEW,,,可能是原生食材，但频次、命名或类别证据不足
7288,三合一咖啡,DROP,,,饮料、酒类或乳制品不属于本版核心原生食材
7289,冷冻杂蔬,DROP,,,不属于指南允许的基础原生食材类别
7290,粗粮面包,DROP,,,烘焙或乳制加工食品
7291,红泰椒,REVIEW,,,可能是原生食材，但频次、命名或类别证据不足
7292,全麦细粉,REVIEW,,,可能是原生食材，但频次、命名或类别证据不足
7293,红树莓,DROP,,,不属于指南允许的基础原生食材类别
7294,鳕鱼松,REVIEW,,,可能是原生食材，但频次、命名或类别证据不足
7295,细米粉,DROP,,,成品、半成品或加工食品
7296,袖珍菇,REVIEW,,,可能是原生食材，但频次、命名或类别证据不足
7297,饺子肉馅,DROP,,,成品、半成品或加工食品
7298,山竹,KEEP,514,山竹,符合基础原生食材定义
7299,咖啡伴侣,DROP,,,饮料、酒类或乳制品不属于本版核心原生食材
7300,两三倍水,DROP,,,不属于指南允许的基础原生食材类别
7301,油混合,DROP,,,不属于指南允许的基础原生食材类别
7302,蔓越莓馅,REVIEW,,,可能是原生食材，但频次、命名或类别证据不足
7303,鹌鹑蛋鸡蛋,REVIEW,,,可能是原生食材，但频次、命名或类别证据不足
7304,黄油软化,DROP,,,烘焙或乳制加工食品
7305,密封瓶,DROP,,,不属于指南允许的基础原生食材类别
7306,山东煎饼,DROP,,,不属于指南允许的基础原生食材类别
7307,水杯,DROP,,,不属于指南允许的基础原生食材类别
7308,波兰酵种,DROP,,,不属于指南允许的基础原生食材类别
7309,秋月梨,REVIEW,,,可能是原生食材，但频次、命名或类别证据不足
7310,就好韭菜,REVIEW,,,可能是原生食材，但频次、命名或类别证据不足
7311,莲藕排骨汤,REVIEW,,,可能是原生食材，但频次、命名或类别证据不足
7312,山茶花高筋粉,DROP,,,不属于指南允许的基础原生食材类别
7313,葱丝姜丝,REVIEW,,,形态描述存在，但原始食材无法确定
7314,努力,DROP,,,不属于指南允许的基础原生食材类别
7315,旱萝卜,REVIEW,,,可能是原生食材，但频次、命名或类别证据不足
7316,玉米火腿,DROP,,,加工肉制品
7317,茉莉绿茶汤,DROP,,,不属于指南允许的基础原生食材类别
7318,糊辣椒,REVIEW,,,可能是原生食材，但频次、命名或类别证据不足
7319,猪肉五花肉,REVIEW,,,可能是原生食材，但频次、命名或类别证据不足
7320,绿剁椒,DROP,,,成品、半成品或加工食品
7321,少量柠檬,REVIEW,,,可能是原生食材，但频次、命名或类别证据不足
7322,油配方,DROP,,,不属于指南允许的基础原生食材类别
7323,少量糯米粉,DROP,,,成品、半成品或加工食品
7324,西餐香料,DROP,,,不属于指南允许的基础原生食材类别
7325,直身意面,REVIEW,,,可能是原生食材，但频次、命名或类别证据不足
7326,圆模量,DROP,,,不属于指南允许的基础原生食材类别
7327,酸泡菜,DROP,,,成品、半成品或加工食品
7328,可丽饼皮,DROP,,,不属于指南允许的基础原生食材类别
7329,酒各,DROP,,,不属于指南允许的基础原生食材类别
7330,辣味青椒,REVIEW,,,可能是原生食材，但频次、命名或类别证据不足
7331,泡菜汤,DROP,,,成品、半成品或加工食品
7332,面团-高筋面粉,DROP,,,成品、半成品或加工食品
7333,锥栗,REVIEW,,,可能是原生食材，但频次、命名或类别证据不足
7334,各蒜苗,REVIEW,,,可能是原生食材，但频次、命名或类别证据不足
7335,阳春面,REVIEW,,,可能是原生食材，但频次、命名或类别证据不足
7336,克辣白菜,DROP,,,不属于指南允许的基础原生食材类别
7337,香辣菜,REVIEW,,,可能是原生食材，但频次、命名或类别证据不足
7338,脆炸粉,DROP,,,不属于指南允许的基础原生食材类别
7339,玫瑰花粉,DROP,,,调味料不进入基础原生食材表
7340,各种剩菜,DROP,,,成品、半成品或加工食品
7341,维也纳香肠,DROP,,,加工肉制品
7342,纯可可脂,DROP,,,不属于指南允许的基础原生食材类别
7343,冰菜,REVIEW,,,可能是原生食材，但频次、命名或类别证据不足
7344,泡发好海参,REVIEW,,,可能是原生食材，但频次、命名或类别证据不足
7345,巧克力奶,DROP,,,烘焙或乳制加工食品
7346,漏斗,DROP,,,不属于指南允许的基础原生食材类别
7347,虾头虾壳,REVIEW,,,可能是原生食材，但频次、命名或类别证据不足
7348,葱段&姜片,REVIEW,,,疑似多食材组合，但无法百分之百确认全部组成
7349,奶粉兑水,DROP,,,烘焙或乳制加工食品
7350,鮸鱼,KEEP,523,鮸鱼,符合基础原生食材定义
7351,感觉,DROP,,,不属于指南允许的基础原生食材类别
7352,德运全脂奶粉,DROP,,,烘焙或乳制加工食品
7353,辣度辣椒,REVIEW,,,可能是原生食材，但频次、命名或类别证据不足
7354,午餐肉火腿,DROP,,,加工肉制品
7355,泸州老窖,DROP,,,不属于指南允许的基础原生食材类别
7356,配料粉,DROP,,,不属于指南允许的基础原生食材类别
7357,节葱白,REVIEW,,,可能是原生食材，但频次、命名或类别证据不足
7358,马苏里拉乳酪,DROP,,,不属于指南允许的基础原生食材类别
7359,黑椒肠,DROP,,,调味料不进入基础原生食材表
7360,核桃红枣,REVIEW,,,可能是原生食材，但频次、命名或类别证据不足
7361,数土豆,REVIEW,,,可能是原生食材，但频次、命名或类别证据不足
7362,蒜酥,REVIEW,,,可能是原生食材，但频次、命名或类别证据不足
7363,白金针菇,REVIEW,,,可能是原生食材，但频次、命名或类别证据不足
7364,奶酪粒,DROP,,,烘焙或乳制加工食品
7365,乳酪慕斯层,DROP,,,成品、半成品或加工食品
7366,咖啡滤纸,DROP,,,饮料、酒类或乳制品不属于本版核心原生食材
7367,古田银耳,REVIEW,,,可能是原生食材，但频次、命名或类别证据不足
7368,日本米,REVIEW,,,可能是原生食材，但频次、命名或类别证据不足
7369,松蘑,KEEP,527,松蘑,符合基础原生食材定义
7370,黄油卷,DROP,,,烘焙或乳制加工食品
7371,柴鸡,REVIEW,,,可能是原生食材，但频次、命名或类别证据不足
7372,压缩黑木耳,REVIEW,,,可能是原生食材，但频次、命名或类别证据不足
7373,韓式辣醬,DROP,,,不属于指南允许的基础原生食材类别
7374,藠头,DROP,,,不属于指南允许的基础原生食材类别
7375,普通中筋粉,DROP,,,不属于指南允许的基础原生食材类别
7376,夹子肉,REVIEW,,,可能是原生食材，但频次、命名或类别证据不足
7377,型巧克力豆,DROP,,,烘焙或乳制加工食品
7378,干海椒面,REVIEW,,,可能是原生食材，但频次、命名或类别证据不足
7379,小红米椒,REVIEW,,,可能是原生食材，但频次、命名或类别证据不足
7380,泡好粉条,DROP,,,豆制品或淀粉制品（严格模式排除）
7381,绿色菜叶,REVIEW,,,可能是原生食材，但频次、命名或类别证据不足
7382,川秀乳酸菌,DROP,,,成品、半成品或加工食品
7383,乐扣保鲜盒,DROP,,,不属于指南允许的基础原生食材类别
7384,黑芝麻葱花,REVIEW,,,可能是原生食材，但频次、命名或类别证据不足
7385,牛霖,REVIEW,,,可能是原生食材，但频次、命名或类别证据不足
7386,牛奶一盒,DROP,,,饮料、酒类或乳制品不属于本版核心原生食材
7387,鸡珍,REVIEW,,,可能是原生食材，但频次、命名或类别证据不足
7388,自己决定,DROP,,,不属于指南允许的基础原生食材类别
7389,冰矿泉水,DROP,,,不属于指南允许的基础原生食材类别
7390,干牛肝菌,REVIEW,,,可能是原生食材，但频次、命名或类别证据不足
7391,奶茶液,DROP,,,不属于指南允许的基础原生食材类别
7392,腿鸡腿肉,REVIEW,,,可能是原生食材，但频次、命名或类别证据不足
7393,芒果切丁,REVIEW,,,形态描述存在，但原始食材无法确定
7394,大洋葱半个洋葱,DROP,,,数量或单位残留且无法可靠恢复原食材
7395,五花腩肉,REVIEW,,,可能是原生食材，但频次、命名或类别证据不足
7396,打发甘纳许,DROP,,,工具、包装或操作说明
7397,黑木耳干,REVIEW,,,可能是原生食材，但频次、命名或类别证据不足
7398,就行小米,REVIEW,,,可能是原生食材，但频次、命名或类别证据不足
7399,人份面条,DROP,,,成品、半成品或加工食品
7400,奶油料,DROP,,,烘焙或乳制加工食品
7401,肚丝,REVIEW,,,形态描述存在，但原始食材无法确定
7402,腌柠檬,REVIEW,,,可能是原生食材，但频次、命名或类别证据不足
7403,石斑,DROP,,,不属于指南允许的基础原生食材类别
7404,香草酒,DROP,,,调味料不进入基础原生食材表
7405,蒜蓉粉,REVIEW,,,可能是原生食材，但频次、命名或类别证据不足
7406,腌鸡肉,REVIEW,,,可能是原生食材，但频次、命名或类别证据不足
7407,即食玉米粒,DROP,,,成品、半成品或加工食品
7408,配方量,DROP,,,不属于指南允许的基础原生食材类别
7409,奥尔良腌制粉,DROP,,,不属于指南允许的基础原生食材类别
7410,葛根,DROP,,,不属于指南允许的基础原生食材类别
7411,彩色巧克力,DROP,,,烘焙或乳制加工食品
7412,张海苔,DROP,,,成品、半成品或加工食品
7413,高蛋白,REVIEW,,,可能是原生食材，但频次、命名或类别证据不足
7414,虾仁馅,REVIEW,,,可能是原生食材，但频次、命名或类别证据不足
7415,巧克力针,DROP,,,烘焙或乳制加工食品
7416,长白萝卜,REVIEW,,,可能是原生食材，但频次、命名或类别证据不足
7417,早起,DROP,,,不属于指南允许的基础原生食材类别
7418,花生馅,DROP,,,不属于指南允许的基础原生食材类别
7419,阿斯巴甜,DROP,,,不属于指南允许的基础原生食材类别
7420,多点生姜,REVIEW,,,可能是原生食材，但频次、命名或类别证据不足
7421,帆立贝,REVIEW,,,可能是原生食材，但频次、命名或类别证据不足
7422,肉粽,REVIEW,,,可能是原生食材，但频次、命名或类别证据不足
7423,爱自己心,DROP,,,不属于指南允许的基础原生食材类别
7424,腿鸡腿,REVIEW,,,可能是原生食材，但频次、命名或类别证据不足
7425,多少胡萝卜,DROP,,,数量或单位残留且无法可靠恢复原食材
7426,表皮,DROP,,,不属于指南允许的基础原生食材类别
7427,奥尔良烤鸡翅料,DROP,,,成品、半成品或加工食品
7428,张锡箔纸,DROP,,,不属于指南允许的基础原生食材类别
7429,英式麦芬,REVIEW,,,可能是原生食材，但频次、命名或类别证据不足
7430,生吃鸡蛋,REVIEW,,,可能是原生食材，但频次、命名或类别证据不足
7431,细辣椒,REVIEW,,,可能是原生食材，但频次、命名或类别证据不足
7432,草莓香蕉,REVIEW,,,可能是原生食材，但频次、命名或类别证据不足
7433,芝麻撒表面,REVIEW,,,可能是原生食材，但频次、命名或类别证据不足
7434,余干辣椒,DROP,,,调味料不进入基础原生食材表
7435,鲤鱼一条,DROP,,,数量或单位残留且无法可靠恢复原食材
7436,带点肥肉,REVIEW,,,可能是原生食材，但频次、命名或类别证据不足
7437,香酥粒,DROP,,,不属于指南允许的基础原生食材类别
7438,安格斯牛排,REVIEW,,,可能是原生食材，但频次、命名或类别证据不足
7439,自行调整,DROP,,,不属于指南允许的基础原生食材类别
7440,谷物圈,DROP,,,不属于指南允许的基础原生食材类别
7441,饭勺,DROP,,,不属于指南允许的基础原生食材类别
7442,全蛋液鸡蛋,REVIEW,,,可能是原生食材，但频次、命名或类别证据不足
7443,面胚,REVIEW,,,可能是原生食材，但频次、命名或类别证据不足
7444,麻薯馅,REVIEW,,,可能是原生食材，但频次、命名或类别证据不足
7445,水果切粒,DROP,,,不属于指南允许的基础原生食材类别
7446,咖啡甜酒,DROP,,,调味料不进入基础原生食材表
7447,乌鸡汤,REVIEW,,,可能是原生食材，但频次、命名或类别证据不足
7448,方肉,REVIEW,,,可能是原生食材，但频次、命名或类别证据不足
7449,鲅鱼肉,KEEP,524,鲅鱼肉,符合基础原生食材定义
7450,甜白葡萄酒,DROP,,,调味料不进入基础原生食材表
7451,奥尔良调味粉,DROP,,,不属于指南允许的基础原生食材类别
7452,氢氧化钠,DROP,,,不属于指南允许的基础原生食材类别
7453,辣醬,DROP,,,不属于指南允许的基础原生食材类别
7454,宝宝肉松,DROP,,,加工肉制品
7455,头樱桃,REVIEW,,,可能是原生食材，但频次、命名或类别证据不足
7456,密封盒,DROP,,,不属于指南允许的基础原生食材类别
7457,菜各种蔬菜,REVIEW,,,可能是原生食材，但频次、命名或类别证据不足
7458,绿豆仁,REVIEW,,,可能是原生食材，但频次、命名或类别证据不足
7459,玻璃饭盒,DROP,,,不属于指南允许的基础原生食材类别
7460,汤头,DROP,,,不属于指南允许的基础原生食材类别
7461,玻璃密封瓶,DROP,,,不属于指南允许的基础原生食材类别
7462,小小面,REVIEW,,,可能是原生食材，但频次、命名或类别证据不足
7463,就多点,DROP,,,不属于指南允许的基础原生食材类别
7464,就够了水,DROP,,,不属于指南允许的基础原生食材类别
7465,辣剁椒,DROP,,,成品、半成品或加工食品
7466,鱼丸虾丸,DROP,,,成品、半成品或加工食品
7467,排叉,DROP,,,不属于指南允许的基础原生食材类别
7468,涂抹,DROP,,,工具、包装或操作说明
7469,果蔬蝴蝶面,REVIEW,,,可能是原生食材，但频次、命名或类别证据不足
7470,水发鱿鱼,REVIEW,,,可能是原生食材，但频次、命名或类别证据不足
7471,蛋糕模一个,DROP,,,烘焙或乳制加工食品
7472,饭米,REVIEW,,,可能是原生食材，但频次、命名或类别证据不足
7473,瘦猪肉馅,REVIEW,,,可能是原生食材，但频次、命名或类别证据不足
7474,芭乐,DROP,,,不属于指南允许的基础原生食材类别
7475,低脂火腿肠,DROP,,,加工肉制品
7476,葱干辣椒,DROP,,,调味料不进入基础原生食材表
7477,蔬菜配菜,REVIEW,,,可能是原生食材，但频次、命名或类别证据不足
7478,粉一盒,DROP,,,数量或单位残留且无法可靠恢复原食材
7479,戚风蛋糕配方,DROP,,,烘焙或乳制加工食品
7480,厚度,DROP,,,不属于指南允许的基础原生食材类别
7481,面糊面粉,DROP,,,成品、半成品或加工食品
7482,干茉莉花,DROP,,,不属于指南允许的基础原生食材类别
7483,台料理机,DROP,,,不属于指南允许的基础原生食材类别
7484,三黄鸡一只,MERGE,143,三黄鸡,修复数量/单位残留
7485,对生活热爱,DROP,,,不属于指南允许的基础原生食材类别
7486,了低筋面粉,DROP,,,成品、半成品或加工食品
7487,奥尔良鸡胸肉,REVIEW,,,可能是原生食材，但频次、命名或类别证据不足
7488,肉松粉,DROP,,,加工肉制品
7489,节腊肠,DROP,,,成品、半成品或加工食品
7490,水凉白开,DROP,,,不属于指南允许的基础原生食材类别
7491,车前子壳粉,DROP,,,不属于指南允许的基础原生食材类别
7492,糙米大米,REVIEW,,,可能是原生食材，但频次、命名或类别证据不足
7493,广式月饼粉,DROP,,,成品、半成品或加工食品
7494,土豆切块,REVIEW,,,形态描述存在，但原始食材无法确定
7495,鸡蛋一共,REVIEW,,,可能是原生食材，但频次、命名或类别证据不足
7496,高粱面,REVIEW,,,可能是原生食材，但频次、命名或类别证据不足
7497,发酵液,DROP,,,不属于指南允许的基础原生食材类别
7498,美国杂菜,REVIEW,,,可能是原生食材，但频次、命名或类别证据不足
7499,那种山药,REVIEW,,,可能是原生食材，但频次、命名或类别证据不足
7500,海鸭蛋蛋黄,REVIEW,,,可能是原生食材，但频次、命名或类别证据不足
7501,克瘦肉,REVIEW,,,可能是原生食材，但频次、命名或类别证据不足
7502,五味子,DROP,,,不属于指南允许的基础原生食材类别
7503,茶袋,DROP,,,不属于指南允许的基础原生食材类别
7504,炒制,DROP,,,不属于指南允许的基础原生食材类别
7505,抓虫草花,DROP,,,不属于指南允许的基础原生食材类别
7506,盘面粉,DROP,,,成品、半成品或加工食品
7507,柠檬柠檬,REVIEW,,,可能是原生食材，但频次、命名或类别证据不足
7508,白萝卜一个,MERGE,63,白萝卜,修复数量/单位残留
7509,养生壶,DROP,,,不属于指南允许的基础原生食材类别
7510,臊子肉,REVIEW,,,可能是原生食材，但频次、命名或类别证据不足
7511,西红柿切碎,DROP,,,工具、包装或操作说明
7512,马芬,DROP,,,不属于指南允许的基础原生食材类别
7513,细意大利面,DROP,,,成品、半成品或加工食品
7514,燕麦面包,DROP,,,烘焙或乳制加工食品
7515,布朗尼蛋糕底,DROP,,,烘焙或乳制加工食品
7516,鬼子姜,KEEP,511,鬼子姜,符合基础原生食材定义
7517,巴达木,DROP,,,不属于指南允许的基础原生食材类别
7518,青蚕豆,REVIEW,,,可能是原生食材，但频次、命名或类别证据不足
7519,兔子肉,REVIEW,,,可能是原生食材，但频次、命名或类别证据不足
7520,滤纸,DROP,,,不属于指南允许的基础原生食材类别
7521,高湯,DROP,,,不属于指南允许的基础原生食材类别
7522,大小杏鲍菇,REVIEW,,,可能是原生食材，但频次、命名或类别证据不足
7523,米糕,DROP,,,不属于指南允许的基础原生食材类别
7524,各种蔬果,DROP,,,不属于指南允许的基础原生食材类别
7525,学习,DROP,,,不属于指南允许的基础原生食材类别
7526,海鮮,DROP,,,不属于指南允许的基础原生食材类别
7527,日本料理酒,DROP,,,调味料不进入基础原生食材表
7528,紫胡萝卜,REVIEW,,,可能是原生食材，但频次、命名或类别证据不足
7529,正方形烤盘,DROP,,,工具、包装或操作说明
7530,全麥麵粉,DROP,,,不属于指南允许的基础原生食材类别
7531,羊肩肉,REVIEW,,,可能是原生食材，但频次、命名或类别证据不足
7532,芒果颗粒,REVIEW,,,可能是原生食材，但频次、命名或类别证据不足
7533,泡发黄豆,MERGE,87,黄豆,去除确定的鲜冻/去皮去骨描述
7534,饼鸡蛋,REVIEW,,,可能是原生食材，但频次、命名或类别证据不足
7535,发现,DROP,,,不属于指南允许的基础原生食材类别
7536,浓缩黑咖啡,DROP,,,饮料、酒类或乳制品不属于本版核心原生食材
7537,鲜蔬,DROP,,,不属于指南允许的基础原生食材类别
7538,冰白开水,DROP,,,不属于指南允许的基础原生食材类别
7539,千张豆腐皮,DROP,,,豆制品或淀粉制品（严格模式排除）
7540,定量大米,REVIEW,,,可能是原生食材，但频次、命名或类别证据不足
7541,增加风味,DROP,,,不属于指南允许的基础原生食材类别
7542,各种水果干,DROP,,,成品、半成品或加工食品
7543,朱古力针,DROP,,,不属于指南允许的基础原生食材类别
7544,龙井茶,DROP,,,饮料、酒类或乳制品不属于本版核心原生食材
7545,锡兰红茶粉,DROP,,,不属于指南允许的基础原生食材类别
7546,裹入,DROP,,,不属于指南允许的基础原生食材类别
7547,木棍,DROP,,,不属于指南允许的基础原生食材类别
7548,菜切碎,DROP,,,工具、包装或操作说明
7549,一切,DROP,,,不属于指南允许的基础原生食材类别
7550,皮鸡蛋,DROP,,,不属于指南允许的基础原生食材类别
7551,茴子白,DROP,,,不属于指南允许的基础原生食材类别
7552,知了,DROP,,,不属于指南允许的基础原生食材类别
7553,多了,DROP,,,不属于指南允许的基础原生食材类别
7554,密实袋,DROP,,,不属于指南允许的基础原生食材类别
7555,鱼卷,REVIEW,,,可能是原生食材，但频次、命名或类别证据不足
7556,手剥虾仁,REVIEW,,,可能是原生食材，但频次、命名或类别证据不足
7557,虾饼,REVIEW,,,可能是原生食材，但频次、命名或类别证据不足
7558,美工刀,DROP,,,不属于指南允许的基础原生食材类别
7559,黄油液体,DROP,,,烘焙或乳制加工食品
7560,随心所欲,DROP,,,不属于指南允许的基础原生食材类别
7561,红花生米,REVIEW,,,可能是原生食材，但频次、命名或类别证据不足
7562,韧性饼干,DROP,,,烘焙或乳制加工食品
7563,品牌酸奶,DROP,,,饮料、酒类或乳制品不属于本版核心原生食材
7564,紫苏籽粉,REVIEW,,,可能是原生食材，但频次、命名或类别证据不足
7565,无籽红提,DROP,,,不属于指南允许的基础原生食材类别
7566,大青椒,REVIEW,,,可能是原生食材，但频次、命名或类别证据不足
7567,鱿鱼爪,REVIEW,,,可能是原生食材，但频次、命名或类别证据不足
7568,四川香肠,DROP,,,加工肉制品
7569,黑巧克力屑,DROP,,,烘焙或乳制加工食品
7570,稻花香米饭,DROP,,,成品、半成品或加工食品
7571,太妃味炼乳,DROP,,,烘焙或乳制加工食品
7572,&小洋葱,REVIEW,,,疑似多食材组合，但无法百分之百确认全部组成
7573,蝴蝶意面,REVIEW,,,可能是原生食材，但频次、命名或类别证据不足
7574,三层五花肉,REVIEW,,,可能是原生食材，但频次、命名或类别证据不足
7575,面条菜,DROP,,,成品、半成品或加工食品
7576,翻炒,DROP,,,不属于指南允许的基础原生食材类别
7577,脆肠,DROP,,,成品、半成品或加工食品
7578,烧排骨,REVIEW,,,可能是原生食材，但频次、命名或类别证据不足
7579,角豆粉,REVIEW,,,可能是原生食材，但频次、命名或类别证据不足
7580,慕斯料,DROP,,,成品、半成品或加工食品
7581,蛋糕胚料,DROP,,,烘焙或乳制加工食品
7582,发芽米,REVIEW,,,可能是原生食材，但频次、命名或类别证据不足
7583,竹帘,DROP,,,不属于指南允许的基础原生食材类别
7584,脱皮花生,DROP,,,不属于指南允许的基础原生食材类别
7585,牛肉罐头,DROP,,,成品、半成品或加工食品
7586,小个红薯,REVIEW,,,可能是原生食材，但频次、命名或类别证据不足
7587,橙子橙皮屑,DROP,,,不属于指南允许的基础原生食材类别
7588,分水,DROP,,,不属于指南允许的基础原生食材类别
7589,慕斯围边,DROP,,,成品、半成品或加工食品
7590,覆盆子慕斯,DROP,,,成品、半成品或加工食品
7591,蒟蒻果冻粉,DROP,,,不属于指南允许的基础原生食材类别
7592,头金枪鱼,REVIEW,,,可能是原生食材，但频次、命名或类别证据不足
7593,饭量意面,REVIEW,,,可能是原生食材，但频次、命名或类别证据不足
7594,柠檬汽水,DROP,,,饮料、酒类或乳制品不属于本版核心原生食材
7595,玫瑰红茶,DROP,,,调味料不进入基础原生食材表
7596,干柠檬片,REVIEW,,,形态描述存在，但原始食材无法确定
7597,生大米,REVIEW,,,可能是原生食材，但频次、命名或类别证据不足
7598,蔬果粉,DROP,,,不属于指南允许的基础原生食材类别
7599,酵素菌粉,REVIEW,,,可能是原生食材，但频次、命名或类别证据不足
7600,浓缩鸡汤,REVIEW,,,可能是原生食材，但频次、命名或类别证据不足
7601,青芒,DROP,,,不属于指南允许的基础原生食材类别
7602,红莓,DROP,,,不属于指南允许的基础原生食材类别
7603,干净罐子,DROP,,,不属于指南允许的基础原生食材类别
7604,可搭配,DROP,,,不属于指南允许的基础原生食材类别
7605,小葱叶,REVIEW,,,可能是原生食材，但频次、命名或类别证据不足
7606,全麦通心粉,REVIEW,,,可能是原生食材，但频次、命名或类别证据不足
7607,豆浆剩下豆渣,DROP,,,成品、半成品或加工食品
7608,什锦海鲜,REVIEW,,,可能是原生食材，但频次、命名或类别证据不足
7609,葱蒜香菜,REVIEW,,,可能是原生食材，但频次、命名或类别证据不足
7610,多多马苏里拉芝士,DROP,,,烘焙或乳制加工食品
7611,菜葱,KEEP,506,菜葱,符合基础原生食材定义
7612,咸鸡蛋,REVIEW,,,可能是原生食材，但频次、命名或类别证据不足
7613,冷冻蛋挞皮,DROP,,,成品、半成品或加工食品
7614,老白干,DROP,,,不属于指南允许的基础原生食材类别
7615,绿灯笼椒,REVIEW,,,可能是原生食材，但频次、命名或类别证据不足
7616,屉布,DROP,,,不属于指南允许的基础原生食材类别
7617,麻将,DROP,,,不属于指南允许的基础原生食材类别
7618,一盒纯牛奶,DROP,,,饮料、酒类或乳制品不属于本版核心原生食材
7619,混合香草粉,REVIEW,,,可能是原生食材，但频次、命名或类别证据不足
7620,鳕鱼排,REVIEW,,,可能是原生食材，但频次、命名或类别证据不足
7621,公式,DROP,,,不属于指南允许的基础原生食材类别
7622,青二荆条,DROP,,,不属于指南允许的基础原生食材类别
7623,三花全脂淡奶,DROP,,,饮料、酒类或乳制品不属于本版核心原生食材
7624,调味汁儿,DROP,,,不属于指南允许的基础原生食材类别
7625,生日蛋糕,DROP,,,烘焙或乳制加工食品
7626,儿童肉松,DROP,,,加工肉制品
7627,坚果葡萄干,DROP,,,成品、半成品或加工食品
7628,厦门泡面,REVIEW,,,可能是原生食材，但频次、命名或类别证据不足
7629,扁面条,DROP,,,成品、半成品或加工食品
7630,桥头火锅料,DROP,,,不属于指南允许的基础原生食材类别
7631,布朗尼层,DROP,,,不属于指南允许的基础原生食材类别
7632,笋丝雪菜,DROP,,,成品、半成品或加工食品
7633,鸡蛋和牛奶,DROP,,,饮料、酒类或乳制品不属于本版核心原生食材
7634,自己食量挂面,REVIEW,,,可能是原生食材，但频次、命名或类别证据不足
7635,大小五花肉,REVIEW,,,可能是原生食材，但频次、命名或类别证据不足
7636,果茶,DROP,,,饮料、酒类或乳制品不属于本版核心原生食材
7637,破壁料理机,DROP,,,不属于指南允许的基础原生食材类别
7638,三文鱼柳,REVIEW,,,可能是原生食材，但频次、命名或类别证据不足
7639,熟胡萝卜,DROP,,,成品、半成品或加工食品
7640,各种米,REVIEW,,,可能是原生食材，但频次、命名或类别证据不足
7641,鸡蛋壳,REVIEW,,,可能是原生食材，但频次、命名或类别证据不足
7642,热爱生活,DROP,,,不属于指南允许的基础原生食材类别
7643,肉串,REVIEW,,,可能是原生食材，但频次、命名或类别证据不足
7644,方腿肉,DROP,,,成品、半成品或加工食品
7645,少辣白菜,DROP,,,不属于指南允许的基础原生食材类别
7646,鸡翅粉,REVIEW,,,可能是原生食材，但频次、命名或类别证据不足
7647,拉丝雪燕,DROP,,,不属于指南允许的基础原生食材类别
7648,鱼身,REVIEW,,,可能是原生食材，但频次、命名或类别证据不足
7649,椰奶冻,DROP,,,饮料、酒类或乳制品不属于本版核心原生食材
7650,羊腿骨,REVIEW,,,可能是原生食材，但频次、命名或类别证据不足
7651,玫瑰豆沙,DROP,,,调味料不进入基础原生食材表
7652,牛肉面,REVIEW,,,可能是原生食材，但频次、命名或类别证据不足
7653,豌豆芽,REVIEW,,,可能是原生食材，但频次、命名或类别证据不足
7654,香草液,REVIEW,,,可能是原生食材，但频次、命名或类别证据不足
7655,猪头,REVIEW,,,可能是原生食材，但频次、命名或类别证据不足
7656,透明玻璃杯,DROP,,,不属于指南允许的基础原生食材类别
7657,可以胡萝卜,REVIEW,,,可能是原生食材，但频次、命名或类别证据不足
7658,卡乐比麦片,REVIEW,,,形态描述存在，但原始食材无法确定
7659,拉条,DROP,,,不属于指南允许的基础原生食材类别
7660,成蒜泥蒜泥,REVIEW,,,可能是原生食材，但频次、命名或类别证据不足
7661,克蛤蜊,REVIEW,,,可能是原生食材，但频次、命名或类别证据不足
7662,吐司量,DROP,,,烘焙或乳制加工食品
7663,柴鱼精,DROP,,,成品、半成品或加工食品
7664,奶粉勺奶粉,DROP,,,烘焙或乳制加工食品
7665,备牛奶,DROP,,,饮料、酒类或乳制品不属于本版核心原生食材
7666,老生姜,REVIEW,,,可能是原生食材，但频次、命名或类别证据不足
7667,五花肉一块,REVIEW,,,形态描述存在，但原始食材无法确定
7668,芝士奶油霜,DROP,,,烘焙或乳制加工食品
7669,火鸡胸,REVIEW,,,可能是原生食材，但频次、命名或类别证据不足
7670,大小不同,DROP,,,不属于指南允许的基础原生食材类别
7671,咸火腿,DROP,,,加工肉制品
7672,车厘子罐头,DROP,,,成品、半成品或加工食品
7673,糊椒粉,REVIEW,,,可能是原生食材，但频次、命名或类别证据不足
7674,烧烤香料,DROP,,,不属于指南允许的基础原生食材类别
7675,梅子肉,REVIEW,,,可能是原生食材，但频次、命名或类别证据不足
7676,水滴巧克力,DROP,,,烘焙或乳制加工食品
7677,五彩椒,REVIEW,,,可能是原生食材，但频次、命名或类别证据不足
7678,半脂牛奶,DROP,,,饮料、酒类或乳制品不属于本版核心原生食材
7679,湖蟹,REVIEW,,,可能是原生食材，但频次、命名或类别证据不足
7680,成长,DROP,,,不属于指南允许的基础原生食材类别
7681,腊八蒜,REVIEW,,,可能是原生食材，但频次、命名或类别证据不足
7682,香椿苗,DROP,,,不属于指南允许的基础原生食材类别
7683,狗粮,DROP,,,不属于指南允许的基础原生食材类别
7684,口味红干椒,REVIEW,,,可能是原生食材，但频次、命名或类别证据不足
7685,吧糯米,REVIEW,,,可能是原生食材，但频次、命名或类别证据不足
7686,了姜,REVIEW,,,可能是原生食材，但频次、命名或类别证据不足
7687,奶油内馅,DROP,,,烘焙或乳制加工食品
7688,酸奶原味,DROP,,,饮料、酒类或乳制品不属于本版核心原生食材
7689,水果和蔬菜,REVIEW,,,疑似多食材组合，但无法百分之百确认全部组成
7690,吐司厚切,DROP,,,烘焙或乳制加工食品
7691,肉滑,DROP,,,成品、半成品或加工食品
7692,肉一斤,DROP,,,数量或单位残留且无法可靠恢复原食材
7693,熟透木瓜,DROP,,,成品、半成品或加工食品
7694,奶酪块,DROP,,,烘焙或乳制加工食品
7695,成蒜泥大蒜,REVIEW,,,可能是原生食材，但频次、命名或类别证据不足
7696,海鲜饼,REVIEW,,,可能是原生食材，但频次、命名或类别证据不足
7697,粉替代,DROP,,,不属于指南允许的基础原生食材类别
7698,各种菇,REVIEW,,,可能是原生食材，但频次、命名或类别证据不足
7699,耙豌豆,REVIEW,,,可能是原生食材，但频次、命名或类别证据不足
7700,多少鸡腿,DROP,,,数量或单位残留且无法可靠恢复原食材
7701,脆皮烤肠,DROP,,,成品、半成品或加工食品
7702,红黄椒,REVIEW,,,可能是原生食材，但频次、命名或类别证据不足
7703,核桃仁核桃,REVIEW,,,可能是原生食材，但频次、命名或类别证据不足
7704,朵花菇,MERGE,246,花菇,去除确定的鲜冻/去皮去骨描述
7705,支新鲜百里香,DROP,,,调味料不进入基础原生食材表
7706,栗蓉,REVIEW,,,可能是原生食材，但频次、命名或类别证据不足
7707,嘻嘻,DROP,,,不属于指南允许的基础原生食材类别
7708,秘方,DROP,,,不属于指南允许的基础原生食材类别
7709,胡萝卜黄瓜,REVIEW,,,可能是原生食材，但频次、命名或类别证据不足
7710,一样多面粉,DROP,,,成品、半成品或加工食品
7711,汁」,DROP,,,不属于指南允许的基础原生食材类别
7712,泰国罗勒,REVIEW,,,可能是原生食材，但频次、命名或类别证据不足
7713,红梅,DROP,,,不属于指南允许的基础原生食材类别
7714,辣白菜泡菜,DROP,,,成品、半成品或加工食品
7715,奶茶包,DROP,,,不属于指南允许的基础原生食材类别
7716,香菇金针菇,REVIEW,,,可能是原生食材，但频次、命名或类别证据不足
7717,茭头,DROP,,,不属于指南允许的基础原生食材类别
7718,白菜菜心,REVIEW,,,可能是原生食材，但频次、命名或类别证据不足
7719,澳洲牛尾,REVIEW,,,可能是原生食材，但频次、命名或类别证据不足
7720,自配,DROP,,,不属于指南允许的基础原生食材类别
7721,纯椰子水,REVIEW,,,可能是原生食材，但频次、命名或类别证据不足
7722,迷糊娃娃,DROP,,,不属于指南允许的基础原生食材类别
7723,龙利,DROP,,,不属于指南允许的基础原生食材类别
7724,棵小葱,REVIEW,,,可能是原生食材，但频次、命名或类别证据不足
7725,青提子,DROP,,,不属于指南允许的基础原生食材类别
7726,海兔子,DROP,,,不属于指南允许的基础原生食材类别
7727,粉丝一把,DROP,,,豆制品或淀粉制品（严格模式排除）
7728,具体量,DROP,,,不属于指南允许的基础原生食材类别
7729,气泡酒,DROP,,,调味料不进入基础原生食材表
7730,柠檬量柠檬皮屑,DROP,,,不属于指南允许的基础原生食材类别
7731,食量大米,REVIEW,,,可能是原生食材，但频次、命名或类别证据不足
7732,牌面包粉,DROP,,,烘焙或乳制加工食品
7733,多少香菇,DROP,,,数量或单位残留且无法可靠恢复原食材
7734,通心面,REVIEW,,,可能是原生食材，但频次、命名或类别证据不足
7735,水」,DROP,,,不属于指南允许的基础原生食材类别
7736,黑白,DROP,,,不属于指南允许的基础原生食材类别
7737,牛肉饭,REVIEW,,,可能是原生食材，但频次、命名或类别证据不足
7738,奶油夹层,DROP,,,烘焙或乳制加工食品
7739,波浪薯片,REVIEW,,,形态描述存在，但原始食材无法确定
7740,面粉自发粉,DROP,,,成品、半成品或加工食品
7741,各式坚果,REVIEW,,,可能是原生食材，但频次、命名或类别证据不足
7742,鲜米,REVIEW,,,可能是原生食材，但频次、命名或类别证据不足
7743,枣碎,REVIEW,,,形态描述存在，但原始食材无法确定
7744,各小葱,REVIEW,,,可能是原生食材，但频次、命名或类别证据不足
7745,墨西哥卷饼皮,DROP,,,不属于指南允许的基础原生食材类别
7746,果肉夹心,REVIEW,,,可能是原生食材，但频次、命名或类别证据不足
7747,日式拌饭料,DROP,,,不属于指南允许的基础原生食材类别
7748,多加,DROP,,,不属于指南允许的基础原生食材类别
7749,野生黑木耳,REVIEW,,,可能是原生食材，但频次、命名或类别证据不足
7750,少煮多少意大利面,DROP,,,成品、半成品或加工食品
7751,蓝风车,DROP,,,不属于指南允许的基础原生食材类别
7752,地方,DROP,,,不属于指南允许的基础原生食材类别
7753,汁液,DROP,,,不属于指南允许的基础原生食材类别
7754,梅子粉,DROP,,,不属于指南允许的基础原生食材类别
7755,妈妈爱,DROP,,,不属于指南允许的基础原生食材类别
7756,都行牛奶,DROP,,,饮料、酒类或乳制品不属于本版核心原生食材
7757,泡好腐竹,DROP,,,豆制品或淀粉制品（严格模式排除）
7758,果干燕麦片,DROP,,,成品、半成品或加工食品
7759,克核桃,MERGE,38,核桃,去除确定的鲜冻/去皮去骨描述
7760,芫须,DROP,,,不属于指南允许的基础原生食材类别
7761,如香菇,REVIEW,,,可能是原生食材，但频次、命名或类别证据不足
7762,安琪发酵粉,DROP,,,不属于指南允许的基础原生食材类别
7763,和葡萄干,DROP,,,成品、半成品或加工食品
7764,多少山楂,DROP,,,数量或单位残留且无法可靠恢复原食材
7765,肉里,REVIEW,,,可能是原生食材，但频次、命名或类别证据不足
7766,几根香肠,DROP,,,加工肉制品
7767,混合干香草,REVIEW,,,可能是原生食材，但频次、命名或类别证据不足
7768,浓味切达芝士,DROP,,,烘焙或乳制加工食品
7769,面团辅料,REVIEW,,,可能是原生食材，但频次、命名或类别证据不足
7770,海虾米,DROP,,,成品、半成品或加工食品
7771,素易鲜,DROP,,,不属于指南允许的基础原生食材类别
7772,血蚶,KEEP,521,血蚶,符合基础原生食材定义
7773,豆腐卜,DROP,,,豆制品或淀粉制品（严格模式排除）
7774,来五花肉,REVIEW,,,可能是原生食材，但频次、命名或类别证据不足
7775,沙拉食材,DROP,,,成品、半成品或加工食品
7776,完成,DROP,,,不属于指南允许的基础原生食材类别
7777,肉面,REVIEW,,,可能是原生食材，但频次、命名或类别证据不足
7778,色藜麦,REVIEW,,,可能是原生食材，但频次、命名或类别证据不足
7779,白地瓜,REVIEW,,,可能是原生食材，但频次、命名或类别证据不足
7780,爱吃香料,DROP,,,不属于指南允许的基础原生食材类别
7781,普通小麦面粉,DROP,,,成品、半成品或加工食品
7782,辣椒大料,REVIEW,,,可能是原生食材，但频次、命名或类别证据不足
7783,澳洲牛肉,REVIEW,,,可能是原生食材，但频次、命名或类别证据不足
7784,多绿豆,REVIEW,,,可能是原生食材，但频次、命名或类别证据不足
7785,芫荽叶,DROP,,,不属于指南允许的基础原生食材类别
7786,橡皮筋,DROP,,,不属于指南允许的基础原生食材类别
7787,肥瘦腊肉,DROP,,,加工肉制品
7788,蜜豆馅,DROP,,,成品、半成品或加工食品
7789,草莓夹心,REVIEW,,,可能是原生食材，但频次、命名或类别证据不足
7790,密封保鲜袋,DROP,,,不属于指南允许的基础原生食材类别
7791,兰州拉面,REVIEW,,,可能是原生食材，但频次、命名或类别证据不足
7792,咸鸡,REVIEW,,,可能是原生食材，但频次、命名或类别证据不足
7793,是鸡肉,REVIEW,,,可能是原生食材，但频次、命名或类别证据不足
7794,克木薯粉,REVIEW,,,可能是原生食材，但频次、命名或类别证据不足
7795,一晚上,DROP,,,不属于指南允许的基础原生食材类别
7796,芹菜香菜,REVIEW,,,可能是原生食材，但频次、命名或类别证据不足
7797,都行鸡蛋,REVIEW,,,可能是原生食材，但频次、命名或类别证据不足
7798,剔骨肉,REVIEW,,,可能是原生食材，但频次、命名或类别证据不足
7799,蛋糕原料,DROP,,,烘焙或乳制加工食品
7800,确定水,DROP,,,不属于指南允许的基础原生食材类别
7801,雪蟹,REVIEW,,,可能是原生食材，但频次、命名或类别证据不足
7802,部份,DROP,,,不属于指南允许的基础原生食材类别
7803,浓汤煲,DROP,,,不属于指南允许的基础原生食材类别
7804,火龙果液,REVIEW,,,可能是原生食材，但频次、命名或类别证据不足
7805,干红酒,DROP,,,调味料不进入基础原生食材表
7806,墨西哥青辣椒,REVIEW,,,可能是原生食材，但频次、命名或类别证据不足
7807,儿小葱,REVIEW,,,可能是原生食材，但频次、命名或类别证据不足
7808,低脂奶,DROP,,,饮料、酒类或乳制品不属于本版核心原生食材
7809,丘比沙拉,DROP,,,成品、半成品或加工食品
7810,炒黄豆,REVIEW,,,可能是原生食材，但频次、命名或类别证据不足
7811,蛋黄刷表面,DROP,,,工具、包装或操作说明
7812,美景,DROP,,,不属于指南允许的基础原生食材类别
7813,冷面汤,REVIEW,,,可能是原生食材，但频次、命名或类别证据不足
7814,南瓜汤,REVIEW,,,可能是原生食材，但频次、命名或类别证据不足
7815,戚风蛋糕胚子,DROP,,,烘焙或乳制加工食品
7816,巴沙鱼肉,REVIEW,,,可能是原生食材，但频次、命名或类别证据不足
7817,火锅肉丸,DROP,,,成品、半成品或加工食品
7818,碎葡萄干,DROP,,,成品、半成品或加工食品
7819,九层塔叶,DROP,,,不属于指南允许的基础原生食材类别
7820,多少意大利面,DROP,,,成品、半成品或加工食品
7821,豆筋,REVIEW,,,可能是原生食材，但频次、命名或类别证据不足
7822,土豆金针菇,REVIEW,,,可能是原生食材，但频次、命名或类别证据不足
7823,肉净重,REVIEW,,,可能是原生食材，但频次、命名或类别证据不足
7824,白菜蔬菜,REVIEW,,,可能是原生食材，但频次、命名或类别证据不足
7825,自发小麦粉,REVIEW,,,可能是原生食材，但频次、命名或类别证据不足
7826,辣程度小米辣,REVIEW,,,可能是原生食材，但频次、命名或类别证据不足
7827,马莲,DROP,,,不属于指南允许的基础原生食材类别
7828,胡萝卜蔬菜,REVIEW,,,可能是原生食材，但频次、命名或类别证据不足
7829,奶油土豆泥,DROP,,,烘焙或乳制加工食品
7830,两倍面粉,DROP,,,成品、半成品或加工食品
7831,蘋果,DROP,,,不属于指南允许的基础原生食材类别
7832,控制,DROP,,,不属于指南允许的基础原生食材类别
7833,寿司大根,DROP,,,不属于指南允许的基础原生食材类别
7834,饼预拌粉,DROP,,,不属于指南允许的基础原生食材类别
7835,其他粗粮,DROP,,,不属于指南允许的基础原生食材类别
7836,台湾小香肠,DROP,,,加工肉制品
7837,鸡肉糜,REVIEW,,,可能是原生食材，但频次、命名或类别证据不足
7838,冻香蕉,REVIEW,,,可能是原生食材，但频次、命名或类别证据不足
7839,红烧猪肉罐头,DROP,,,成品、半成品或加工食品
7840,水浸吞拿鱼,REVIEW,,,可能是原生食材，但频次、命名或类别证据不足
7841,「冰皮」,DROP,,,不属于指南允许的基础原生食材类别
7842,牛腱心,REVIEW,,,可能是原生食材，但频次、命名或类别证据不足
7843,烟熏鸡胸肉,DROP,,,成品、半成品或加工食品
7844,味饼干,DROP,,,烘焙或乳制加工食品
7845,果水,DROP,,,不属于指南允许的基础原生食材类别
7846,任何,DROP,,,不属于指南允许的基础原生食材类别
7847,绿色甜椒,REVIEW,,,可能是原生食材，但频次、命名或类别证据不足
7848,野生蘑菇,REVIEW,,,可能是原生食材，但频次、命名或类别证据不足
7849,角粉,DROP,,,不属于指南允许的基础原生食材类别
7850,草莓精,REVIEW,,,可能是原生食材，但频次、命名或类别证据不足
7851,装啤酒,DROP,,,调味料不进入基础原生食材表
7852,酸包菜,REVIEW,,,可能是原生食材，但频次、命名或类别证据不足
7853,表面全蛋液,REVIEW,,,可能是原生食材，但频次、命名或类别证据不足
7854,扣肉罐头,DROP,,,成品、半成品或加工食品
7855,没放,DROP,,,不属于指南允许的基础原生食材类别
7856,白脱奶,DROP,,,饮料、酒类或乳制品不属于本版核心原生食材
7857,金丝瓜,KEEP,510,金丝瓜,符合基础原生食材定义
7858,红薯一个,MERGE,28,红薯,修复数量/单位残留
7859,自由发挥,DROP,,,不属于指南允许的基础原生食材类别
7860,多少百香果,DROP,,,数量或单位残留且无法可靠恢复原食材
7861,多草莓,REVIEW,,,可能是原生食材，但频次、命名或类别证据不足
7862,可任意搭配,DROP,,,不属于指南允许的基础原生食材类别
7863,杂粮饼干,DROP,,,烘焙或乳制加工食品
7864,益生菌发酵剂,REVIEW,,,可能是原生食材，但频次、命名或类别证据不足
7865,面挂面,REVIEW,,,可能是原生食材，但频次、命名或类别证据不足
7866,热狗香肠,DROP,,,加工肉制品
7867,色面团面粉,DROP,,,成品、半成品或加工食品
7868,皮一张,DROP,,,不属于指南允许的基础原生食材类别
7869,南瓜叶,REVIEW,,,可能是原生食材，但频次、命名或类别证据不足
7870,白切鸡,REVIEW,,,可能是原生食材，但频次、命名或类别证据不足
7871,菜叶青菜,REVIEW,,,可能是原生食材，但频次、命名或类别证据不足
7872,燕盏,DROP,,,不属于指南允许的基础原生食材类别
7873,别太多,DROP,,,不属于指南允许的基础原生食材类别
7874,部分」,DROP,,,不属于指南允许的基础原生食材类别
7875,酸面包,DROP,,,烘焙或乳制加工食品
7876,烧烤食材,DROP,,,不属于指南允许的基础原生食材类别
7877,黄油曲奇,DROP,,,烘焙或乳制加工食品
7878,半高筋面粉,DROP,,,成品、半成品或加工食品
7879,大麦若叶粉,REVIEW,,,可能是原生食材，但频次、命名或类别证据不足
7880,薄片五花肉,REVIEW,,,可能是原生食材，但频次、命名或类别证据不足
7881,葱圈,REVIEW,,,可能是原生食材，但频次、命名或类别证据不足
7882,黑花生,DROP,,,不属于指南允许的基础原生食材类别
7883,偏肥五花肉,REVIEW,,,可能是原生食材，但频次、命名或类别证据不足
7884,厚片午餐肉,DROP,,,加工肉制品
7885,牛后腿,REVIEW,,,可能是原生食材，但频次、命名或类别证据不足
7886,迷迭香粉,DROP,,,调味料不进入基础原生食材表
7887,蟹黄蟹膏,REVIEW,,,可能是原生食材，但频次、命名或类别证据不足
7888,松茸鲜蔬粉,REVIEW,,,可能是原生食材，但频次、命名或类别证据不足
7889,百香果浆,REVIEW,,,可能是原生食材，但频次、命名或类别证据不足
7890,洋葱小半个,DROP,,,数量或单位残留且无法可靠恢复原食材
7891,各种好吃,DROP,,,不属于指南允许的基础原生食材类别
7892,即食蟹柳,DROP,,,成品、半成品或加工食品
7893,刷全蛋液,DROP,,,工具、包装或操作说明
7894,香菇切片,REVIEW,,,形态描述存在，但原始食材无法确定
7895,脑子,DROP,,,不属于指南允许的基础原生食材类别
7896,毛根,DROP,,,不属于指南允许的基础原生食材类别
7897,即食鸡胸,DROP,,,成品、半成品或加工食品
7898,是配菜,REVIEW,,,可能是原生食材，但频次、命名或类别证据不足
7899,姜丝蒜末,REVIEW,,,形态描述存在，但原始食材无法确定
7900,其他想吃,DROP,,,不属于指南允许的基础原生食材类别
7901,青皮萝卜,DROP,,,不属于指南允许的基础原生食材类别
7902,你饭量米饭,DROP,,,成品、半成品或加工食品
7903,牛奶冰块,DROP,,,饮料、酒类或乳制品不属于本版核心原生食材
7904,泡菜坛,DROP,,,成品、半成品或加工食品
7905,鱼腐,REVIEW,,,可能是原生食材，但频次、命名或类别证据不足
7906,沁州黄小米,REVIEW,,,可能是原生食材，但频次、命名或类别证据不足
7907,大个土豆,REVIEW,,,可能是原生食材，但频次、命名或类别证据不足
7908,贝壳意粉,REVIEW,,,可能是原生食材，但频次、命名或类别证据不足
7909,香草布丁粉,DROP,,,成品、半成品或加工食品
7910,黄翅鱼,REVIEW,,,可能是原生食材，但频次、命名或类别证据不足
7911,野韭菜,KEEP,509,野韭菜,符合基础原生食材定义
7912,沙拉酱香甜味,DROP,,,成品、半成品或加工食品
7913,越南河粉,DROP,,,成品、半成品或加工食品
7914,泰国罗勒叶,REVIEW,,,可能是原生食材，但频次、命名或类别证据不足
7915,就行面包糠,DROP,,,烘焙或乳制加工食品
7916,油浸番茄,REVIEW,,,可能是原生食材，但频次、命名或类别证据不足
7917,笔管鱼,REVIEW,,,可能是原生食材，但频次、命名或类别证据不足
7918,葵瓜子,REVIEW,,,可能是原生食材，但频次、命名或类别证据不足
7919,伯爵红茶茶包,DROP,,,不属于指南允许的基础原生食材类别
7920,黄金蟹,REVIEW,,,可能是原生食材，但频次、命名或类别证据不足
7921,干燥香草,REVIEW,,,可能是原生食材，但频次、命名或类别证据不足
7922,空心粉,DROP,,,不属于指南允许的基础原生食材类别
7923,野山椒水,REVIEW,,,可能是原生食材，但频次、命名或类别证据不足
7924,黄飞鸿麻辣花生,DROP,,,不属于指南允许的基础原生食材类别
7925,寿司专海苔,DROP,,,成品、半成品或加工食品
7926,方形,DROP,,,不属于指南允许的基础原生食材类别
7927,帕尼尼,DROP,,,不属于指南允许的基础原生食材类别
7928,百吉福芝士,DROP,,,烘焙或乳制加工食品
7929,优质蛋白质,REVIEW,,,可能是原生食材，但频次、命名或类别证据不足
7930,鸡蛋饼干,DROP,,,烘焙或乳制加工食品
7931,油鸡蛋,REVIEW,,,可能是原生食材，但频次、命名或类别证据不足
7932,一定要,DROP,,,不属于指南允许的基础原生食材类别
7933,挖勺,DROP,,,不属于指南允许的基础原生食材类别
7934,香菇根,REVIEW,,,可能是原生食材，但频次、命名或类别证据不足
7935,蛋清鸡蛋清,REVIEW,,,可能是原生食材，但频次、命名或类别证据不足
7936,热爱生活心,DROP,,,不属于指南允许的基础原生食材类别
7937,西湖龙井,DROP,,,不属于指南允许的基础原生食材类别
7938,牡蛎芝麻粉,REVIEW,,,可能是原生食材，但频次、命名或类别证据不足
7939,超细杏仁粉,REVIEW,,,可能是原生食材，但频次、命名或类别证据不足
7940,堅果,DROP,,,不属于指南允许的基础原生食材类别
7941,苦艾酒,DROP,,,调味料不进入基础原生食材表
7942,第二天,DROP,,,不属于指南允许的基础原生食材类别
7943,就行开水,DROP,,,不属于指南允许的基础原生食材类别
7944,姜一小块,REVIEW,,,形态描述存在，但原始食材无法确定
7945,泡好干香菇,REVIEW,,,可能是原生食材，但频次、命名或类别证据不足
7946,米杯大米,REVIEW,,,可能是原生食材，但频次、命名或类别证据不足
7947,桥头地瓜,REVIEW,,,可能是原生食材，但频次、命名或类别证据不足
7948,奥尔良腌鸡料,REVIEW,,,可能是原生食材，但频次、命名或类别证据不足
7949,葱白部分大葱,REVIEW,,,可能是原生食材，但频次、命名或类别证据不足
7950,通菜梗,REVIEW,,,可能是原生食材，但频次、命名或类别证据不足
7951,巧克力插片,DROP,,,烘焙或乳制加工食品
7952,一起水,DROP,,,不属于指南允许的基础原生食材类别
7953,红黄青椒,REVIEW,,,可能是原生食材，但频次、命名或类别证据不足
7954,几个香菇,MERGE,23,香菇,修复数量/单位残留
7955,粉可可无,DROP,,,不属于指南允许的基础原生食材类别
7956,空心菜叶,REVIEW,,,可能是原生食材，但频次、命名或类别证据不足
7957,糊糊,DROP,,,不属于指南允许的基础原生食材类别
7958,奶油白菜,DROP,,,烘焙或乳制加工食品
7959,锅鸡汤,REVIEW,,,可能是原生食材，但频次、命名或类别证据不足
7960,随量,DROP,,,不属于指南允许的基础原生食材类别
7961,西班牙红椒粉,REVIEW,,,可能是原生食材，但频次、命名或类别证据不足
7962,茉莉茶汤,DROP,,,不属于指南允许的基础原生食材类别
7963,比较甜,DROP,,,不属于指南允许的基础原生食材类别
7964,很少,DROP,,,不属于指南允许的基础原生食材类别
7965,老虎斑,DROP,,,不属于指南允许的基础原生食材类别
7966,人量手擀面,REVIEW,,,可能是原生食材，但频次、命名或类别证据不足
7967,紅椒,REVIEW,,,可能是原生食材，但频次、命名或类别证据不足
7968,蒜头蒜末,REVIEW,,,形态描述存在，但原始食材无法确定
7969,追求,DROP,,,不属于指南允许的基础原生食材类别
7970,生姜粒,REVIEW,,,可能是原生食材，但频次、命名或类别证据不足
7971,饼干粉末,DROP,,,烘焙或乳制加工食品
7972,定挂面,REVIEW,,,可能是原生食材，但频次、命名或类别证据不足
7973,吐司面粉,DROP,,,烘焙或乳制加工食品
7974,定水,DROP,,,不属于指南允许的基础原生食材类别
7975,菜泥,REVIEW,,,可能是原生食材，但频次、命名或类别证据不足
7976,酸萝卜老鸭汤炖料,DROP,,,成品、半成品或加工食品
7977,丸类,DROP,,,不属于指南允许的基础原生食材类别
7978,丝芝士,DROP,,,烘焙或乳制加工食品
7979,吧牛肉,REVIEW,,,可能是原生食材，但频次、命名或类别证据不足
7980,抓干辣椒,DROP,,,调味料不进入基础原生食材表
7981,速冻包子,DROP,,,成品、半成品或加工食品
7982,布朗尼蛋糕,DROP,,,烘焙或乳制加工食品
7983,适当增减水,DROP,,,不属于指南允许的基础原生食材类别
7984,填馅,DROP,,,不属于指南允许的基础原生食材类别
7985,爆香,DROP,,,不属于指南允许的基础原生食材类别
7986,豌豆粒玉米粒,REVIEW,,,可能是原生食材，但频次、命名或类别证据不足
7987,张寿司海苔,DROP,,,成品、半成品或加工食品
7988,饭量糯米,REVIEW,,,可能是原生食材，但频次、命名或类别证据不足
7989,高山娃娃菜,REVIEW,,,可能是原生食材，但频次、命名或类别证据不足
7990,饭菜,REVIEW,,,可能是原生食材，但频次、命名或类别证据不足
7991,爆谷米,REVIEW,,,可能是原生食材，但频次、命名或类别证据不足
7992,牧场牛奶,DROP,,,饮料、酒类或乳制品不属于本版核心原生食材
7993,三分,DROP,,,不属于指南允许的基础原生食材类别
7994,叶片,REVIEW,,,形态描述存在，但原始食材无法确定
7995,口味奶油奶酪,DROP,,,烘焙或乳制加工食品
7996,人份鸡蛋,REVIEW,,,可能是原生食材，但频次、命名或类别证据不足
7997,胡萝卜玉米,REVIEW,,,可能是原生食材，但频次、命名或类别证据不足
7998,各香菜,REVIEW,,,可能是原生食材，但频次、命名或类别证据不足
7999,任何面,REVIEW,,,可能是原生食材，但频次、命名或类别证据不足
8000,蛋糕低筋面粉,DROP,,,烘焙或乳制加工食品
8001,手打鱼蛋,REVIEW,,,可能是原生食材，但频次、命名或类别证据不足
8002,表层,DROP,,,不属于指南允许的基础原生食材类别
8003,青红线椒,REVIEW,,,可能是原生食材，但频次、命名或类别证据不足
8004,巧克力蛋糕体,DROP,,,烘焙或乳制加工食品
8005,芜菁,DROP,,,不属于指南允许的基础原生食材类别
8006,打散,DROP,,,不属于指南允许的基础原生食材类别
8007,多少各种丸子,DROP,,,成品、半成品或加工食品
8008,黑米馅,REVIEW,,,可能是原生食材，但频次、命名或类别证据不足
8009,表面刷蛋黄液,DROP,,,工具、包装或操作说明
8010,半茶勺,DROP,,,不属于指南允许的基础原生食材类别
8011,就好香菜,REVIEW,,,可能是原生食材，但频次、命名或类别证据不足
8012,姜蒜小红辣椒,REVIEW,,,可能是原生食材，但频次、命名或类别证据不足
8013,发酵菌种,REVIEW,,,可能是原生食材，但频次、命名或类别证据不足
8014,带肥猪肉,REVIEW,,,可能是原生食材，但频次、命名或类别证据不足
8015,石头,DROP,,,不属于指南允许的基础原生食材类别
8016,羹绍酒,DROP,,,调味料不进入基础原生食材表
8017,多少生菜,DROP,,,数量或单位残留且无法可靠恢复原食材
8018,速冻饺,DROP,,,不属于指南允许的基础原生食材类别
8019,沙拉醬,DROP,,,成品、半成品或加工食品
8020,葱花姜丝,REVIEW,,,形态描述存在，但原始食材无法确定
8021,海产品,DROP,,,不属于指南允许的基础原生食材类别
8022,吐司面包粉,DROP,,,烘焙或乳制加工食品
8023,果味利口酒,DROP,,,调味料不进入基础原生食材表
8024,黑椒香肠,DROP,,,调味料不进入基础原生食材表
8025,柠檬精,REVIEW,,,可能是原生食材，但频次、命名或类别证据不足
8026,绿柿子椒,REVIEW,,,可能是原生食材，但频次、命名或类别证据不足
8027,红袍茶叶,DROP,,,饮料、酒类或乳制品不属于本版核心原生食材
8028,口味马苏里拉芝士,DROP,,,烘焙或乳制加工食品
8029,蛋糕体料,DROP,,,烘焙或乳制加工食品
8030,处理好,DROP,,,不属于指南允许的基础原生食材类别
8031,硬质干酪,DROP,,,饮料、酒类或乳制品不属于本版核心原生食材
8032,黄色胡萝卜,REVIEW,,,可能是原生食材，但频次、命名或类别证据不足
8033,客家娘酒,DROP,,,调味料不进入基础原生食材表
8034,云腿馅,DROP,,,不属于指南允许的基础原生食材类别
8035,油可选,DROP,,,不属于指南允许的基础原生食材类别
8036,亨氏番茄沙司,DROP,,,成品、半成品或加工食品
8037,牛肉肉末,REVIEW,,,形态描述存在，但原始食材无法确定
8038,莫扎瑞拉芝士,DROP,,,烘焙或乳制加工食品
8039,干水份,DROP,,,不属于指南允许的基础原生食材类别
8040,&葡萄干,DROP,,,成品、半成品或加工食品
8041,脆肉松,DROP,,,加工肉制品
8042,瓣蒜瓣,MERGE,2,蒜,去除确定的鲜冻/去皮去骨描述
8043,冬阴功料,DROP,,,不属于指南允许的基础原生食材类别
8044,碎罗勒,REVIEW,,,可能是原生食材，但频次、命名或类别证据不足
8045,辣白菜汤,DROP,,,不属于指南允许的基础原生食材类别
8046,粉玉米粉,DROP,,,成品、半成品或加工食品
8047,蛋糕蛋白霜,DROP,,,烘焙或乳制加工食品
8048,形戚风蛋糕坯,DROP,,,烘焙或乳制加工食品
8049,渣子,DROP,,,不属于指南允许的基础原生食材类别
8050,生饺子,DROP,,,成品、半成品或加工食品
8051,纽客牛排,REVIEW,,,可能是原生食材，但频次、命名或类别证据不足
8052,子鸭,REVIEW,,,可能是原生食材，但频次、命名或类别证据不足
8053,葡萄干枸杞,DROP,,,成品、半成品或加工食品
8054,柠檬奶油霜,DROP,,,烘焙或乳制加工食品
8055,黍米,REVIEW,,,可能是原生食材，但频次、命名或类别证据不足
8056,粉可可粉,DROP,,,成品、半成品或加工食品
8057,不干辣椒,DROP,,,调味料不进入基础原生食材表
8058,韭菜鸡蛋馅,REVIEW,,,可能是原生食材，但频次、命名或类别证据不足
8059,成蒜末蒜末,REVIEW,,,形态描述存在，但原始食材无法确定
8060,蛋清粉,REVIEW,,,可能是原生食材，但频次、命名或类别证据不足
8061,乌梅干,DROP,,,不属于指南允许的基础原生食材类别
8062,炸辣椒,REVIEW,,,可能是原生食材，但频次、命名或类别证据不足
8063,特仑苏纯牛奶,DROP,,,饮料、酒类或乳制品不属于本版核心原生食材
8064,海绵,DROP,,,不属于指南允许的基础原生食材类别
8065,茶具,DROP,,,不属于指南允许的基础原生食材类别
8066,粉糯米粉,DROP,,,成品、半成品或加工食品
8067,电磁炉,DROP,,,不属于指南允许的基础原生食材类别
8068,季节水果,DROP,,,不属于指南允许的基础原生食材类别
8069,粉果蔬粉,DROP,,,不属于指南允许的基础原生食材类别
8070,土凤梨馅,REVIEW,,,可能是原生食材，但频次、命名或类别证据不足
8071,掌中宝,DROP,,,不属于指南允许的基础原生食材类别
8072,饭大米,REVIEW,,,可能是原生食材，但频次、命名或类别证据不足
8073,炭烧咖啡,DROP,,,饮料、酒类或乳制品不属于本版核心原生食材
8074,天全部酵种,DROP,,,不属于指南允许的基础原生食材类别
8075,辣白菜拉面,DROP,,,不属于指南允许的基础原生食材类别
8076,慕斯牛奶,DROP,,,成品、半成品或加工食品
8077,干菇,REVIEW,,,可能是原生食材，但频次、命名或类别证据不足
8078,浓稠希腊酸奶,DROP,,,饮料、酒类或乳制品不属于本版核心原生食材
8079,煎鸡胸肉,REVIEW,,,可能是原生食材，但频次、命名或类别证据不足
8080,莱姆,DROP,,,不属于指南允许的基础原生食材类别
8081,托盘,DROP,,,不属于指南允许的基础原生食材类别
8082,辣豆瓣醬,REVIEW,,,可能是原生食材，但频次、命名或类别证据不足
8083,手抓饼胚,DROP,,,不属于指南允许的基础原生食材类别
8084,几片生菜,DROP,,,数量或单位残留且无法可靠恢复原食材
8085,青椒小米辣,REVIEW,,,可能是原生食材，但频次、命名或类别证据不足
8086,去芯奥利奥,DROP,,,不属于指南允许的基础原生食材类别
8087,营养粉,DROP,,,不属于指南允许的基础原生食材类别
8088,椰汁粉,DROP,,,不属于指南允许的基础原生食材类别
8089,大南瓜,REVIEW,,,可能是原生食材，但频次、命名或类别证据不足
8090,蔓越莓饼干,DROP,,,烘焙或乳制加工食品
8091,小火腿,DROP,,,加工肉制品
8092,活底圆模,DROP,,,不属于指南允许的基础原生食材类别
8093,想吃配菜,REVIEW,,,可能是原生食材，但频次、命名或类别证据不足
8094,熟排骨,DROP,,,成品、半成品或加工食品
8095,哈哈哈哈,DROP,,,不属于指南允许的基础原生食材类别
8096,剪子,DROP,,,不属于指南允许的基础原生食材类别
8097,辣子鸡,REVIEW,,,可能是原生食材，但频次、命名或类别证据不足
8098,冻龙利鱼片,REVIEW,,,形态描述存在，但原始食材无法确定
8099,蔬菜拼盘,REVIEW,,,可能是原生食材，但频次、命名或类别证据不足
8100,也行鸡蛋,REVIEW,,,可能是原生食材，但频次、命名或类别证据不足
8101,脊肉,KEEP,519,脊肉,符合基础原生食材定义
8102,温州粉干,DROP,,,不属于指南允许的基础原生食材类别
8103,吧鸡爪,REVIEW,,,可能是原生食材，但频次、命名或类别证据不足
8104,上脑,KEEP,518,上脑,符合基础原生食材定义
8105,头白菜,REVIEW,,,可能是原生食材，但频次、命名或类别证据不足
8106,冬枣,KEEP,513,冬枣,符合基础原生食材定义
8107,原配方,DROP,,,不属于指南允许的基础原生食材类别
8108,技能,DROP,,,不属于指南允许的基础原生食材类别
8109,豆腐布丁,DROP,,,豆制品或淀粉制品（严格模式排除）
8110,红萝卜玉米,REVIEW,,,可能是原生食材，但频次、命名或类别证据不足
8111,多少手擀面,DROP,,,数量或单位残留且无法可靠恢复原食材
8112,鲷鱼烧,REVIEW,,,可能是原生食材，但频次、命名或类别证据不足
8113,杂蔬炒饭,DROP,,,成品、半成品或加工食品
8114,普通巧克力,DROP,,,烘焙或乳制加工食品
8115,机西兰花,REVIEW,,,可能是原生食材，但频次、命名或类别证据不足
8116,两张,DROP,,,不属于指南允许的基础原生食材类别
8117,干海带芽,REVIEW,,,可能是原生食材，但频次、命名或类别证据不足
8118,餡料,DROP,,,不属于指南允许的基础原生食材类别
8119,花草,DROP,,,不属于指南允许的基础原生食材类别
8120,蓝纹芝士,DROP,,,烘焙或乳制加工食品
8121,饼干配方,DROP,,,烘焙或乳制加工食品
8122,少大米,REVIEW,,,可能是原生食材，但频次、命名或类别证据不足
8123,低脂肉类,REVIEW,,,可能是原生食材，但频次、命名或类别证据不足
8124,不行,DROP,,,不属于指南允许的基础原生食材类别
8125,自行加入,DROP,,,工具、包装或操作说明
8126,多羊肉,REVIEW,,,可能是原生食材，但频次、命名或类别证据不足
8127,过葡萄干,DROP,,,成品、半成品或加工食品
8128,火腿肠切丁,DROP,,,加工肉制品
8129,洋葱西红柿,REVIEW,,,可能是原生食材，但频次、命名或类别证据不足
8130,伊利牛奶,DROP,,,饮料、酒类或乳制品不属于本版核心原生食材
8131,克可可粉,DROP,,,成品、半成品或加工食品
8132,去蒂,DROP,,,不属于指南允许的基础原生食材类别
8133,隔夜米飯,REVIEW,,,可能是原生食材，但频次、命名或类别证据不足
8134,粉紫薯粉,REVIEW,,,可能是原生食材，但频次、命名或类别证据不足
8135,烧鸡,REVIEW,,,可能是原生食材，但频次、命名或类别证据不足
8136,面团热水,REVIEW,,,可能是原生食材，但频次、命名或类别证据不足
8137,本体,DROP,,,不属于指南允许的基础原生食材类别
8138,废弃酵种,DROP,,,不属于指南允许的基础原生食材类别
8139,大鸡蛋鸡蛋,REVIEW,,,可能是原生食材，但频次、命名或类别证据不足
8140,肉猪瘦肉,REVIEW,,,可能是原生食材，但频次、命名或类别证据不足
8141,芒果一只,MERGE,42,芒果,修复数量/单位残留
8142,豆绿豆,REVIEW,,,可能是原生食材，但频次、命名或类别证据不足
8143,抓西米,DROP,,,成品、半成品或加工食品
8144,表面装饰白芝麻,DROP,,,工具、包装或操作说明
8145,戚风蛋糕胚一个,DROP,,,烘焙或乳制加工食品
8146,调制,DROP,,,不属于指南允许的基础原生食材类别
8147,刷表面鸡蛋,DROP,,,工具、包装或操作说明
8148,减半,DROP,,,不属于指南允许的基础原生食材类别
8149,肥瘦适中,DROP,,,不属于指南允许的基础原生食材类别
8150,苦甜巧克力豆,DROP,,,烘焙或乳制加工食品
8151,麻辣鱼佐料,REVIEW,,,可能是原生食材，但频次、命名或类别证据不足
8152,馅料调味,DROP,,,不属于指南允许的基础原生食材类别
8153,薄荷叶子,DROP,,,调味料不进入基础原生食材表
8154,格瓦斯,DROP,,,不属于指南允许的基础原生食材类别
8155,多少辣椒,DROP,,,数量或单位残留且无法可靠恢复原食材
8156,茎蔬菜,REVIEW,,,可能是原生食材，但频次、命名或类别证据不足
8157,机一台,DROP,,,不属于指南允许的基础原生食材类别
8158,你爱蔬菜,REVIEW,,,可能是原生食材，但频次、命名或类别证据不足
8159,伍斯特沙司,DROP,,,成品、半成品或加工食品
8160,体力,DROP,,,不属于指南允许的基础原生食材类别
8161,干辣椒切碎,DROP,,,调味料不进入基础原生食材表
8162,少放面粉,DROP,,,成品、半成品或加工食品
8163,防粘面粉,DROP,,,成品、半成品或加工食品
8164,大蝦,DROP,,,不属于指南允许的基础原生食材类别
8165,自己爱吃菜,REVIEW,,,可能是原生食材，但频次、命名或类别证据不足
8166,麦麸粉,REVIEW,,,可能是原生食材，但频次、命名或类别证据不足
8167,糯米和大米,SPLIT,64|20,糯米|大米,分隔符明确连接多个独立基础食材；克数无法可靠分摊
8168,塑料瓶,DROP,,,不属于指南允许的基础原生食材类别
8169,冻龙利鱼柳,REVIEW,,,可能是原生食材，但频次、命名或类别证据不足
8170,煎培根,DROP,,,加工肉制品
8171,皮糯米粉,DROP,,,成品、半成品或加工食品
8172,带筋牛肉,REVIEW,,,可能是原生食材，但频次、命名或类别证据不足
8173,多少定面粉,DROP,,,成品、半成品或加工食品
8174,新鲜生姜,MERGE,3,姜,去除确定的鲜冻/去皮去骨描述
8175,出水,DROP,,,不属于指南允许的基础原生食材类别
8176,卡仕达内陷,DROP,,,不属于指南允许的基础原生食材类别
8177,饺子馅粉,DROP,,,成品、半成品或加工食品
8178,果葡萄干,DROP,,,成品、半成品或加工食品
8179,食品保鲜袋,DROP,,,不属于指南允许的基础原生食材类别
8180,夹子,DROP,,,不属于指南允许的基础原生食材类别
8181,油渍小番茄,REVIEW,,,可能是原生食材，但频次、命名或类别证据不足
8182,米饭碗面粉,DROP,,,成品、半成品或加工食品
8183,任何肉类,REVIEW,,,可能是原生食材，但频次、命名或类别证据不足
8184,整虾,REVIEW,,,可能是原生食材，但频次、命名或类别证据不足
8185,酸菜鱼,DROP,,,成品、半成品或加工食品
8186,西蘭花,DROP,,,不属于指南允许的基础原生食材类别
8187,多种水果,DROP,,,不属于指南允许的基础原生食材类别
8188,青紅辣椒,REVIEW,,,可能是原生食材，但频次、命名或类别证据不足
8189,常温牛奶,DROP,,,饮料、酒类或乳制品不属于本版核心原生食材
8190,大蒜沫,REVIEW,,,可能是原生食材，但频次、命名或类别证据不足
8191,泰式红茶,DROP,,,饮料、酒类或乳制品不属于本版核心原生食材
8192,牛肉羊肉,REVIEW,,,可能是原生食材，但频次、命名或类别证据不足
8193,薄荷草,REVIEW,,,可能是原生食材，但频次、命名或类别证据不足
8194,方形蛋糕模,DROP,,,烘焙或乳制加工食品
8195,萃取液,DROP,,,不属于指南允许的基础原生食材类别
8196,多少毛豆,DROP,,,数量或单位残留且无法可靠恢复原食材
8197,皮即可水,DROP,,,不属于指南允许的基础原生食材类别
8198,巧克力香缇,DROP,,,烘焙或乳制加工食品
8199,红豆慕斯,DROP,,,成品、半成品或加工食品
8200,一倍水,DROP,,,不属于指南允许的基础原生食材类别
8201,大葱大蒜,REVIEW,,,可能是原生食材，但频次、命名或类别证据不足
8202,人数定面粉,DROP,,,成品、半成品或加工食品
8203,总重牛奶,DROP,,,饮料、酒类或乳制品不属于本版核心原生食材
8204,浸泡葡萄干,DROP,,,成品、半成品或加工食品
8205,带皮三文鱼,MERGE,86,三文鱼,去除确定的鲜冻/去皮去骨描述
8206,混合坚果仁,REVIEW,,,可能是原生食材，但频次、命名或类别证据不足
8207,色面团食材,REVIEW,,,可能是原生食材，但频次、命名或类别证据不足
8208,香草提取液,REVIEW,,,可能是原生食材，但频次、命名或类别证据不足
8209,肉眼,REVIEW,,,可能是原生食材，但频次、命名或类别证据不足
8210,鸡辣椒,REVIEW,,,可能是原生食材，但频次、命名或类别证据不足
8211,裤带面,REVIEW,,,可能是原生食材，但频次、命名或类别证据不足
8212,分肥猪肉,REVIEW,,,可能是原生食材，但频次、命名或类别证据不足
8213,全麦低筋面粉,DROP,,,成品、半成品或加工食品
8214,客家豆腐,DROP,,,豆制品或淀粉制品（严格模式排除）
8215,连皮,DROP,,,不属于指南允许的基础原生食材类别
8216,其一,DROP,,,不属于指南允许的基础原生食材类别
8217,骨去皮鸡腿肉,DROP,,,不属于指南允许的基础原生食材类别
8218,麵包,DROP,,,不属于指南允许的基础原生食材类别
8219,头姜,REVIEW,,,可能是原生食材，但频次、命名或类别证据不足
8220,可以多点,DROP,,,不属于指南允许的基础原生食材类别
8221,味鸡胸肉,REVIEW,,,可能是原生食材，但频次、命名或类别证据不足
8222,多少火腿肠,DROP,,,加工肉制品
8223,熟饺子,DROP,,,成品、半成品或加工食品
8224,冰酒,DROP,,,调味料不进入基础原生食材表
8225,后黑木耳,REVIEW,,,可能是原生食材，但频次、命名或类别证据不足
8226,功效,DROP,,,不属于指南允许的基础原生食材类别
8227,碎消化饼干,DROP,,,烘焙或乳制加工食品
8228,汉堡坯子,DROP,,,成品、半成品或加工食品
8229,果干类,DROP,,,成品、半成品或加工食品
8230,燕麦面粉,DROP,,,成品、半成品或加工食品
8231,多少口蘑,DROP,,,数量或单位残留且无法可靠恢复原食材
8232,口味酸奶,DROP,,,饮料、酒类或乳制品不属于本版核心原生食材
8233,克蓝莓,MERGE,55,蓝莓,去除确定的鲜冻/去皮去骨描述
8234,姜葱干辣椒,DROP,,,调味料不进入基础原生食材表
8235,多少粉干,DROP,,,数量或单位残留且无法可靠恢复原食材
8236,青小米椒,REVIEW,,,可能是原生食材，但频次、命名或类别证据不足
8237,小草莓,REVIEW,,,可能是原生食材，但频次、命名或类别证据不足
8238,蛋蛋液,REVIEW,,,可能是原生食材，但频次、命名或类别证据不足
8239,大豆蛋白,REVIEW,,,可能是原生食材，但频次、命名或类别证据不足
8240,干净纱布,DROP,,,不属于指南允许的基础原生食材类别
8241,子酸奶,DROP,,,饮料、酒类或乳制品不属于本版核心原生食材
8242,雪梨膏,REVIEW,,,可能是原生食材，但频次、命名或类别证据不足
8243,多少牛肉丸,DROP,,,成品、半成品或加工食品
8244,龙井绿茶,DROP,,,饮料、酒类或乳制品不属于本版核心原生食材
8245,薄脆饼,DROP,,,不属于指南允许的基础原生食材类别
8246,色巧克力泥,DROP,,,烘焙或乳制加工食品
8247,潮汕菜脯,REVIEW,,,可能是原生食材，但频次、命名或类别证据不足
8248,头西兰花,REVIEW,,,可能是原生食材，但频次、命名或类别证据不足
8249,猪五花肉馅,REVIEW,,,可能是原生食材，但频次、命名或类别证据不足
8250,蒜瓣大蒜,REVIEW,,,可能是原生食材，但频次、命名或类别证据不足
8251,表面黑芝麻,REVIEW,,,可能是原生食材，但频次、命名或类别证据不足
8252,非必需,DROP,,,不属于指南允许的基础原生食材类别
8253,自己定,DROP,,,不属于指南允许的基础原生食材类别
8254,碎洋葱,REVIEW,,,可能是原生食材，但频次、命名或类别证据不足
8255,情况鸡蛋,REVIEW,,,可能是原生食材，但频次、命名或类别证据不足
8256,海参纯净水,REVIEW,,,可能是原生食材，但频次、命名或类别证据不足
8257,青柠檬皮,DROP,,,不属于指南允许的基础原生食材类别
8258,黑橄榄圈,DROP,,,不属于指南允许的基础原生食材类别
8259,陷料,DROP,,,不属于指南允许的基础原生食材类别
8260,一定要加,DROP,,,不属于指南允许的基础原生食材类别
8261,四季春茶,DROP,,,饮料、酒类或乳制品不属于本版核心原生食材
8262,冬菇干,REVIEW,,,可能是原生食材，但频次、命名或类别证据不足
8263,奥尔良鸡翅,REVIEW,,,可能是原生食材，但频次、命名或类别证据不足
8264,芝士酸奶,DROP,,,烘焙或乳制加工食品
8265,甜南瓜,REVIEW,,,可能是原生食材，但频次、命名或类别证据不足
8266,蒜蓉葱花,REVIEW,,,可能是原生食材，但频次、命名或类别证据不足
8267,多芹菜,REVIEW,,,可能是原生食材，但频次、命名或类别证据不足
8268,骨羊排,REVIEW,,,可能是原生食材，但频次、命名或类别证据不足
8269,干燕盏,DROP,,,不属于指南允许的基础原生食材类别
8270,方式,DROP,,,不属于指南允许的基础原生食材类别
8271,多干辣椒,DROP,,,调味料不进入基础原生食材表
8272,慕斯蛋糕底,DROP,,,烘焙或乳制加工食品
8273,黄瓜切片,REVIEW,,,形态描述存在，但原始食材无法确定
8274,肉切大块,REVIEW,,,形态描述存在，但原始食材无法确定
8275,白芸豆馅,REVIEW,,,可能是原生食材，但频次、命名或类别证据不足
8276,鱼面筋,DROP,,,成品、半成品或加工食品
8277,栀子黄色粉,DROP,,,不属于指南允许的基础原生食材类别
8278,大苹果,REVIEW,,,可能是原生食材，但频次、命名或类别证据不足
8279,鱼肝,REVIEW,,,可能是原生食材，但频次、命名或类别证据不足
8280,海鲜蔬菜,REVIEW,,,可能是原生食材，但频次、命名或类别证据不足
8281,过滤器,DROP,,,不属于指南允许的基础原生食材类别
8282,自己口味小米椒,REVIEW,,,可能是原生食材，但频次、命名或类别证据不足
8283,五花肉卷,REVIEW,,,可能是原生食材，但频次、命名或类别证据不足
8284,蒜毫,REVIEW,,,可能是原生食材，但频次、命名或类别证据不足
8285,蕃茄醬,REVIEW,,,可能是原生食材，但频次、命名或类别证据不足
8286,银耳银耳,REVIEW,,,可能是原生食材，但频次、命名或类别证据不足
8287,馬蹄粉,DROP,,,不属于指南允许的基础原生食材类别
8288,红烧肉罐头,DROP,,,成品、半成品或加工食品
8289,各种颜色,DROP,,,不属于指南允许的基础原生食材类别
8290,薄荷精,REVIEW,,,可能是原生食材，但频次、命名或类别证据不足
8291,混合意大利香料,DROP,,,不属于指南允许的基础原生食材类别
8292,胡萝卜玉米青豆,REVIEW,,,可能是原生食材，但频次、命名或类别证据不足
8293,灯影牛肉丝,REVIEW,,,形态描述存在，但原始食材无法确定
8294,酒渍果干,DROP,,,成品、半成品或加工食品
8295,定年糕,DROP,,,成品、半成品或加工食品
8296,芝士切片,DROP,,,烘焙或乳制加工食品
8297,橙皮茸,DROP,,,不属于指南允许的基础原生食材类别
8298,饭量意大利面,DROP,,,成品、半成品或加工食品
8299,少大蒜,REVIEW,,,可能是原生食材，但频次、命名或类别证据不足
8300,面团牛奶,DROP,,,饮料、酒类或乳制品不属于本版核心原生食材
8301,红芯火龙果,REVIEW,,,可能是原生食材，但频次、命名或类别证据不足
8302,煨肉料,REVIEW,,,可能是原生食材，但频次、命名或类别证据不足
8303,小米椒圈,REVIEW,,,可能是原生食材，但频次、命名或类别证据不足
8304,具体,DROP,,,不属于指南允许的基础原生食材类别
8305,少放水,DROP,,,不属于指南允许的基础原生食材类别
8306,香菇蒂,REVIEW,,,可能是原生食材，但频次、命名或类别证据不足
8307,供参考,DROP,,,不属于指南允许的基础原生食材类别
8308,手指蛋糕,DROP,,,烘焙或乳制加工食品
8309,种量,DROP,,,不属于指南允许的基础原生食材类别
8310,粉即可水,DROP,,,不属于指南允许的基础原生食材类别
8311,台贺方块酥,DROP,,,不属于指南允许的基础原生食材类别
8312,上火,DROP,,,不属于指南允许的基础原生食材类别
8313,球香草冰淇淋,DROP,,,成品、半成品或加工食品
8314,鸡蛋清鸡蛋,REVIEW,,,可能是原生食材，但频次、命名或类别证据不足
8315,鸡蛋清鸡蛋清,REVIEW,,,可能是原生食材，但频次、命名或类别证据不足
8316,海绵杯子蛋糕,DROP,,,烘焙或乳制加工食品
8317,黄桃水,REVIEW,,,可能是原生食材，但频次、命名或类别证据不足
8318,少猪肉,REVIEW,,,可能是原生食材，但频次、命名或类别证据不足
8319,多来点,DROP,,,不属于指南允许的基础原生食材类别
8320,篮子,DROP,,,不属于指南允许的基础原生食材类别
8321,子胡萝卜,REVIEW,,,可能是原生食材，但频次、命名或类别证据不足
8322,所料,DROP,,,不属于指南允许的基础原生食材类别
8323,海椒粉,REVIEW,,,可能是原生食材，但频次、命名或类别证据不足
8324,其他原料,DROP,,,不属于指南允许的基础原生食材类别
8325,满面粉,DROP,,,成品、半成品或加工食品
8326,芝士鳕鱼肠,DROP,,,烘焙或乳制加工食品
8327,龙蒿,DROP,,,不属于指南允许的基础原生食材类别
8328,你想吃,DROP,,,不属于指南允许的基础原生食材类别
8329,绿薄荷,REVIEW,,,可能是原生食材，但频次、命名或类别证据不足
8330,食量米粉,DROP,,,成品、半成品或加工食品
8331,春饼皮,DROP,,,不属于指南允许的基础原生食材类别
8332,和坚果,REVIEW,,,疑似多食材组合，但无法百分之百确认全部组成
8333,芸豆馅,REVIEW,,,可能是原生食材，但频次、命名或类别证据不足
8334,定牛奶,DROP,,,饮料、酒类或乳制品不属于本版核心原生食材
8335,生姜葱蒜,REVIEW,,,可能是原生食材，但频次、命名或类别证据不足
8336,火锅底,DROP,,,不属于指南允许的基础原生食材类别
8337,全瘦肉,REVIEW,,,可能是原生食材，但频次、命名或类别证据不足
8338,煎三文鱼,REVIEW,,,可能是原生食材，但频次、命名或类别证据不足
8339,多点姜末,REVIEW,,,形态描述存在，但原始食材无法确定
8340,热带水果,DROP,,,不属于指南允许的基础原生食材类别
8341,肉葱姜蒜,REVIEW,,,可能是原生食材，但频次、命名或类别证据不足
8342,巧克力芝士层,DROP,,,烘焙或乳制加工食品
8343,炒肉末,REVIEW,,,形态描述存在，但原始食材无法确定
8344,咖啡奶油馅,DROP,,,烘焙或乳制加工食品
8345,花叶,DROP,,,不属于指南允许的基础原生食材类别
8346,那么大南瓜,REVIEW,,,可能是原生食材，但频次、命名或类别证据不足
8347,鸭蛋鸡蛋,REVIEW,,,可能是原生食材，但频次、命名或类别证据不足
8348,种类,DROP,,,不属于指南允许的基础原生食材类别
8349,食量胡萝卜,REVIEW,,,可能是原生食材，但频次、命名或类别证据不足
8350,香炖肉料,REVIEW,,,可能是原生食材，但频次、命名或类别证据不足
8351,茶叶包,DROP,,,饮料、酒类或乳制品不属于本版核心原生食材
8352,花生酱粉,DROP,,,不属于指南允许的基础原生食材类别
8353,了馄饨皮,DROP,,,成品、半成品或加工食品
8354,巧克力奶油馅,DROP,,,烘焙或乳制加工食品
8355,尖头辣椒,REVIEW,,,可能是原生食材，但频次、命名或类别证据不足
8356,泰国西米,DROP,,,成品、半成品或加工食品
8357,巧克力膏,DROP,,,烘焙或乳制加工食品
8358,森芝士粉,DROP,,,烘焙或乳制加工食品
8359,打豆浆剩下豆渣,DROP,,,成品、半成品或加工食品
8360,麻薯面包预拌粉,DROP,,,烘焙或乳制加工食品
8361,电动搅拌器,DROP,,,工具、包装或操作说明
8362,小三角奶酪,DROP,,,烘焙或乳制加工食品
8363,小块生姜,REVIEW,,,可能是原生食材，但频次、命名或类别证据不足
8364,水浸吞拿鱼罐头,DROP,,,成品、半成品或加工食品
8365,即时燕麦片,REVIEW,,,形态描述存在，但原始食材无法确定
8366,苦荞蛋糕粉,DROP,,,烘焙或乳制加工食品
8367,运动,DROP,,,不属于指南允许的基础原生食材类别
8368,料一包,DROP,,,不属于指南允许的基础原生食材类别
8369,一个蛋黄,MERGE,72,蛋黄,修复数量/单位残留
8370,拉面面条,DROP,,,成品、半成品或加工食品
8371,可以加,DROP,,,不属于指南允许的基础原生食材类别
8372,天然果蔬粉,DROP,,,不属于指南允许的基础原生食材类别
8373,椒干辣椒,DROP,,,调味料不进入基础原生食材表
8374,气泡矿泉水,DROP,,,不属于指南允许的基础原生食材类别
8375,材料减半,DROP,,,不属于指南允许的基础原生食材类别
8376,调教,DROP,,,不属于指南允许的基础原生食材类别
8377,牛肉汤粉,REVIEW,,,可能是原生食材，但频次、命名或类别证据不足
8378,所需面粉,DROP,,,成品、半成品或加工食品
8379,麻辣蘸料,DROP,,,不属于指南允许的基础原生食材类别
8380,包好饺子,DROP,,,成品、半成品或加工食品
8381,料相同,DROP,,,不属于指南允许的基础原生食材类别
8382,牛排料,REVIEW,,,可能是原生食材，但频次、命名或类别证据不足
8383,比较大,DROP,,,不属于指南允许的基础原生食材类别
8384,普通面粉面粉,DROP,,,成品、半成品或加工食品
8385,手工拉面,REVIEW,,,可能是原生食材，但频次、命名或类别证据不足
8386,刚好水,DROP,,,不属于指南允许的基础原生食材类别
8387,手工年糕,DROP,,,成品、半成品或加工食品
8388,设备,DROP,,,不属于指南允许的基础原生食材类别
8389,就好生菜,REVIEW,,,可能是原生食材，但频次、命名或类别证据不足
8390,腿肉猪肉,REVIEW,,,可能是原生食材，但频次、命名或类别证据不足
8391,子葱,REVIEW,,,可能是原生食材，但频次、命名或类别证据不足
8392,帕玛臣芝士,DROP,,,烘焙或乳制加工食品
8393,碎辣椒,REVIEW,,,可能是原生食材，但频次、命名或类别证据不足
8394,三角奶油奶酪,DROP,,,烘焙或乳制加工食品
8395,一汤匙,DROP,,,不属于指南允许的基础原生食材类别
8396,盘花生,DROP,,,不属于指南允许的基础原生食材类别
8397,下来,DROP,,,不属于指南允许的基础原生食材类别
8398,云吞面,REVIEW,,,可能是原生食材，但频次、命名或类别证据不足
8399,牛肉味,REVIEW,,,可能是原生食材，但频次、命名或类别证据不足
8400,草莓切块,REVIEW,,,形态描述存在，但原始食材无法确定
8401,原制干酪,DROP,,,不属于指南允许的基础原生食材类别
8402,法芙娜,DROP,,,不属于指南允许的基础原生食材类别
8403,肉类蔬菜,REVIEW,,,可能是原生食材，但频次、命名或类别证据不足
8404,费南雪,DROP,,,不属于指南允许的基础原生食材类别
8405,白面包糠,DROP,,,烘焙或乳制加工食品
8406,黄梨,REVIEW,,,可能是原生食材，但频次、命名或类别证据不足
8407,了饺子皮,DROP,,,成品、半成品或加工食品
8408,一款,DROP,,,不属于指南允许的基础原生食材类别
8409,营养米粉,DROP,,,成品、半成品或加工食品
8410,胡萝卜葱花,REVIEW,,,可能是原生食材，但频次、命名或类别证据不足
8411,芝麻核桃,REVIEW,,,可能是原生食材，但频次、命名或类别证据不足
8412,混合杂粮,DROP,,,不属于指南允许的基础原生食材类别
8413,生姜蒜头,REVIEW,,,可能是原生食材，但频次、命名或类别证据不足
8414,吧豆角,REVIEW,,,可能是原生食材，但频次、命名或类别证据不足
8415,碎沫,DROP,,,不属于指南允许的基础原生食材类别
8416,洋葱葱,REVIEW,,,可能是原生食材，但频次、命名或类别证据不足
8417,新疆灰枣,REVIEW,,,可能是原生食材，但频次、命名或类别证据不足
8418,大骨头,DROP,,,不属于指南允许的基础原生食材类别
8419,研磨成粉,DROP,,,不属于指南允许的基础原生食材类别
8420,米粉米粉,DROP,,,成品、半成品或加工食品
8421,研磨香料,DROP,,,不属于指南允许的基础原生食材类别
8422,元茜,DROP,,,不属于指南允许的基础原生食材类别
8423,水矿泉水,DROP,,,不属于指南允许的基础原生食材类别
8424,卷饼皮,DROP,,,不属于指南允许的基础原生食材类别
8425,白蘿蔔,DROP,,,不属于指南允许的基础原生食材类别
8426,巧克力可可粉,DROP,,,烘焙或乳制加工食品
8427,完了,DROP,,,不属于指南允许的基础原生食材类别
8428,皮蛋肠,DROP,,,成品、半成品或加工食品
8429,紫色茄子,REVIEW,,,可能是原生食材，但频次、命名或类别证据不足
8430,鲣鱼干,DROP,,,成品、半成品或加工食品
8431,水蛋黄液,REVIEW,,,可能是原生食材，但频次、命名或类别证据不足
8432,圆挂面,REVIEW,,,可能是原生食材，但频次、命名或类别证据不足
8433,辣肉松,DROP,,,加工肉制品
8434,粗意大利面,DROP,,,成品、半成品或加工食品
8435,红椒尖椒,REVIEW,,,可能是原生食材，但频次、命名或类别证据不足
8436,隔夜,DROP,,,不属于指南允许的基础原生食材类别
8437,白巧克力淋面,DROP,,,烘焙或乳制加工食品
8438,红绿小尖椒,REVIEW,,,可能是原生食材，但频次、命名或类别证据不足
8439,冻丸子,DROP,,,成品、半成品或加工食品
8440,虾米瑶柱,DROP,,,成品、半成品或加工食品
8441,什么香料,DROP,,,不属于指南允许的基础原生食材类别
8442,酿油豆腐,DROP,,,豆制品或淀粉制品（严格模式排除）
8443,奶油雪糕,DROP,,,烘焙或乳制加工食品
8444,冬瓜冬瓜,REVIEW,,,可能是原生食材，但频次、命名或类别证据不足
8445,卡彭芝士,DROP,,,烘焙或乳制加工食品
8446,蒜片干辣椒,DROP,,,调味料不进入基础原生食材表
8447,人数定鸡蛋,REVIEW,,,可能是原生食材，但频次、命名或类别证据不足
8448,啦鸡翅,REVIEW,,,可能是原生食材，但频次、命名或类别证据不足
8449,菜生菜,REVIEW,,,可能是原生食材，但频次、命名或类别证据不足
8450,脆萝卜,KEEP,503,脆萝卜,符合基础原生食材定义
8451,小吃,DROP,,,不属于指南允许的基础原生食材类别
8452,两个蛋黄鸡蛋,DROP,,,数量或单位残留且无法可靠恢复原食材
8453,粉干辣椒,DROP,,,调味料不进入基础原生食材表
8454,豌豆胡萝卜,REVIEW,,,可能是原生食材，但频次、命名或类别证据不足
8455,米饭米,DROP,,,成品、半成品或加工食品
8456,几只虾,MERGE,583,虾,修复数量/单位残留
8457,干燥,DROP,,,不属于指南允许的基础原生食材类别
8458,兴化米粉,DROP,,,成品、半成品或加工食品
8459,尖椒胡萝卜,REVIEW,,,可能是原生食材，但频次、命名或类别证据不足
8460,蛋清量蛋清,REVIEW,,,可能是原生食材，但频次、命名或类别证据不足
8461,鲜乌冬面,REVIEW,,,可能是原生食材，但频次、命名或类别证据不足
8462,锐澳鸡尾酒,DROP,,,调味料不进入基础原生食材表
8463,也行姜,REVIEW,,,可能是原生食材，但频次、命名或类别证据不足
8464,可可利口酒,DROP,,,调味料不进入基础原生食材表
8465,预留牛奶,DROP,,,饮料、酒类或乳制品不属于本版核心原生食材
8466,是面粉一半水,DROP,,,成品、半成品或加工食品
8467,柴锅豆腐,DROP,,,豆制品或淀粉制品（严格模式排除）
8468,没加,DROP,,,不属于指南允许的基础原生食材类别
8469,炒香白芝麻,REVIEW,,,可能是原生食材，但频次、命名或类别证据不足
8470,再加鸡蛋,REVIEW,,,可能是原生食材，但频次、命名或类别证据不足
8471,大号,DROP,,,不属于指南允许的基础原生食材类别
8472,相同,DROP,,,不属于指南允许的基础原生食材类别
8473,花边,DROP,,,不属于指南允许的基础原生食材类别
8474,新竹米粉,DROP,,,成品、半成品或加工食品
8475,果珍粉,DROP,,,不属于指南允许的基础原生食材类别
8476,意大利螺旋面,REVIEW,,,可能是原生食材，但频次、命名或类别证据不足
8477,料姜,REVIEW,,,可能是原生食材，但频次、命名或类别证据不足
8478,甜豆浆,DROP,,,成品、半成品或加工食品
8479,两人吃,DROP,,,不属于指南允许的基础原生食材类别
8480,人吃,DROP,,,不属于指南允许的基础原生食材类别
8481,即食水果燕麦片,DROP,,,成品、半成品或加工食品
8482,发酵火腿,DROP,,,加工肉制品
8483,新鲜虾仁,MERGE,41,虾仁,去除确定的鲜冻/去皮去骨描述
8484,最下面,REVIEW,,,可能是原生食材，但频次、命名或类别证据不足
8485,通江银耳,REVIEW,,,可能是原生食材，但频次、命名或类别证据不足
8486,香大蒜,REVIEW,,,可能是原生食材，但频次、命名或类别证据不足
8487,大小苹果,REVIEW,,,可能是原生食材，但频次、命名或类别证据不足
8488,皮五花肉,DROP,,,不属于指南允许的基础原生食材类别
8489,迷失香,DROP,,,不属于指南允许的基础原生食材类别
8490,全蛋液蛋液,REVIEW,,,可能是原生食材，但频次、命名或类别证据不足
8491,克姜末,REVIEW,,,形态描述存在，但原始食材无法确定
8492,清水豆沙,DROP,,,成品、半成品或加工食品
8493,了包菜,REVIEW,,,可能是原生食材，但频次、命名或类别证据不足
8494,素肉馅,REVIEW,,,可能是原生食材，但频次、命名或类别证据不足
8495,了排骨,REVIEW,,,可能是原生食材，但频次、命名或类别证据不足
8496,口味烧烤料,DROP,,,不属于指南允许的基础原生食材类别
8497,火龙果水果,REVIEW,,,可能是原生食材，但频次、命名或类别证据不足
8498,多来点蒜,REVIEW,,,可能是原生食材，但频次、命名或类别证据不足
8499,几个都行鸡蛋,DROP,,,数量或单位残留且无法可靠恢复原食材
8500,纯牛奶纯牛奶,DROP,,,饮料、酒类或乳制品不属于本版核心原生食材
8501,慕斯夹心,DROP,,,成品、半成品或加工食品
8502,味方便面,DROP,,,成品、半成品或加工食品
8503,下五花肉,REVIEW,,,可能是原生食材，但频次、命名或类别证据不足
8504,老卤汤,DROP,,,不属于指南允许的基础原生食材类别
8505,甜椒红甜椒,REVIEW,,,可能是原生食材，但频次、命名或类别证据不足
8506,鸡蛋很小,REVIEW,,,可能是原生食材，但频次、命名或类别证据不足
8507,粉低粉,DROP,,,不属于指南允许的基础原生食材类别
8508,葡萄皮,DROP,,,不属于指南允许的基础原生食材类别
8509,室温鸡蛋,REVIEW,,,可能是原生食材，但频次、命名或类别证据不足
8510,功能,DROP,,,不属于指南允许的基础原生食材类别
8511,定饺子皮,DROP,,,成品、半成品或加工食品
8512,叉燒醬,DROP,,,不属于指南允许的基础原生食材类别
8513,谷物面包,DROP,,,烘焙或乳制加工食品
8514,其他调味粉,DROP,,,不属于指南允许的基础原生食材类别
8515,准备配菜,REVIEW,,,可能是原生食材，但频次、命名或类别证据不足
8516,鱼香肉丝,REVIEW,,,形态描述存在，但原始食材无法确定
8517,下面粉,DROP,,,成品、半成品或加工食品
8518,字母面,REVIEW,,,可能是原生食材，但频次、命名或类别证据不足
8519,刀削挂面,REVIEW,,,可能是原生食材，但频次、命名或类别证据不足
8520,晒干,DROP,,,不属于指南允许的基础原生食材类别
8521,馅豆沙馅,DROP,,,成品、半成品或加工食品
8522,一壶备开水,DROP,,,不属于指南允许的基础原生食材类别
8523,高菜,REVIEW,,,可能是原生食材，但频次、命名或类别证据不足
8524,瑞士大孔奶酪,DROP,,,烘焙或乳制加工食品
8525,泉水,DROP,,,不属于指南允许的基础原生食材类别
8526,粉鸡蛋一个,DROP,,,数量或单位残留且无法可靠恢复原食材
8527,芝士鸡蛋,DROP,,,烘焙或乳制加工食品
8528,混合果仁,REVIEW,,,可能是原生食材，但频次、命名或类别证据不足
8529,就好白芝麻,REVIEW,,,可能是原生食材，但频次、命名或类别证据不足
8530,肉里脊肉,REVIEW,,,可能是原生食材，但频次、命名或类别证据不足
8531,宝宝,DROP,,,不属于指南允许的基础原生食材类别
8532,色拉菜,REVIEW,,,可能是原生食材，但频次、命名或类别证据不足
8533,熟芋头,DROP,,,成品、半成品或加工食品
8534,辣椒生姜,REVIEW,,,可能是原生食材，但频次、命名或类别证据不足
8535,总和,REVIEW,,,疑似多食材组合，但无法百分之百确认全部组成
8536,蔬菜丸子,DROP,,,成品、半成品或加工食品
8537,层配方,DROP,,,不属于指南允许的基础原生食材类别
8538,爱吃啥放啥,DROP,,,不属于指南允许的基础原生食材类别
8539,糊面粉,DROP,,,成品、半成品或加工食品
8540,辣榨菜,DROP,,,不属于指南允许的基础原生食材类别
8541,泰国米粉,DROP,,,成品、半成品或加工食品
8542,底座,DROP,,,不属于指南允许的基础原生食材类别
8543,多少克年糕,DROP,,,成品、半成品或加工食品
8544,参考,DROP,,,不属于指南允许的基础原生食材类别
8545,海鲜粉,REVIEW,,,可能是原生食材，但频次、命名或类别证据不足
8546,一大堆,DROP,,,不属于指南允许的基础原生食材类别
8547,水泡发,DROP,,,不属于指南允许的基础原生食材类别
8548,鲜蘑菇切片,REVIEW,,,形态描述存在，但原始食材无法确定
8549,螺旋藻粉,REVIEW,,,可能是原生食材，但频次、命名或类别证据不足
8550,了干辣椒,DROP,,,调味料不进入基础原生食材表
8551,蛋鸡蛋清,REVIEW,,,可能是原生食材，但频次、命名或类别证据不足
8552,凉水水,DROP,,,不属于指南允许的基础原生食材类别
8553,自己量面条,DROP,,,成品、半成品或加工食品
8554,可密封玻璃瓶,DROP,,,不属于指南允许的基础原生食材类别
8555,就行柠檬,REVIEW,,,可能是原生食材，但频次、命名或类别证据不足
8556,几颗鸡蛋,DROP,,,数量或单位残留且无法可靠恢复原食材
8557,黑麦酵种,REVIEW,,,可能是原生食材，但频次、命名或类别证据不足
8558,机全脂牛奶,DROP,,,饮料、酒类或乳制品不属于本版核心原生食材
8559,新鲜果蔬,DROP,,,不属于指南允许的基础原生食材类别
8560,沙琪玛,DROP,,,不属于指南允许的基础原生食材类别
8561,黑茶,DROP,,,饮料、酒类或乳制品不属于本版核心原生食材
8562,多加点,DROP,,,不属于指南允许的基础原生食材类别
8563,熟透柿子,DROP,,,成品、半成品或加工食品
8564,西多士,DROP,,,不属于指南允许的基础原生食材类别
8565,公鸡一只,DROP,,,数量或单位残留且无法可靠恢复原食材
8566,新疆大枣,REVIEW,,,可能是原生食材，但频次、命名或类别证据不足
8567,油条蓬松剂,DROP,,,成品、半成品或加工食品
8568,玉米颗粒,REVIEW,,,可能是原生食材，但频次、命名或类别证据不足
8569,泡菜辣白菜,DROP,,,成品、半成品或加工食品
8570,冲泡奶粉,DROP,,,烘焙或乳制加工食品
8571,任何干果,DROP,,,不属于指南允许的基础原生食材类别
8572,木棒,DROP,,,不属于指南允许的基础原生食材类别
8573,了红枣,REVIEW,,,可能是原生食材，但频次、命名或类别证据不足
8574,白萝卜切片,REVIEW,,,形态描述存在，但原始食材无法确定
8575,夏巴塔,DROP,,,不属于指南允许的基础原生食材类别
8576,多少白萝卜,DROP,,,数量或单位残留且无法可靠恢复原食材
8577,白萝卜萝卜,REVIEW,,,可能是原生食材，但频次、命名或类别证据不足
8578,牛奶鸡蛋,DROP,,,饮料、酒类或乳制品不属于本版核心原生食材
8579,重水,DROP,,,不属于指南允许的基础原生食材类别
8580,小米椒辣椒,REVIEW,,,可能是原生食材，但频次、命名或类别证据不足
8581,核桃豆浆,DROP,,,成品、半成品或加工食品
8582,旺仔,DROP,,,不属于指南允许的基础原生食材类别
8583,蒜末姜片,REVIEW,,,形态描述存在，但原始食材无法确定
8584,绿色奇异果,DROP,,,不属于指南允许的基础原生食材类别
8585,碎奶酪,DROP,,,烘焙或乳制加工食品
8586,堆各种丸子,DROP,,,成品、半成品或加工食品
8587,可多放蒜,REVIEW,,,可能是原生食材，但频次、命名或类别证据不足
8588,多少面面粉,DROP,,,成品、半成品或加工食品
8589,一根香肠,DROP,,,加工肉制品
8590,微辣,DROP,,,不属于指南允许的基础原生食材类别
8591,黄瓜西红柿,REVIEW,,,可能是原生食材，但频次、命名或类别证据不足
8592,慕斯馅牛奶,DROP,,,成品、半成品或加工食品
8593,面类,REVIEW,,,可能是原生食材，但频次、命名或类别证据不足
8594,一样多水,DROP,,,不属于指南允许的基础原生食材类别
8595,奶酪夹馅,DROP,,,烘焙或乳制加工食品
8596,巧克力蛋糕粉,DROP,,,烘焙或乳制加工食品
8597,可多可少,DROP,,,不属于指南允许的基础原生食材类别
8598,儿黑芝麻,REVIEW,,,可能是原生食材，但频次、命名或类别证据不足
8599,米蛋糕,DROP,,,烘焙或乳制加工食品
8600,多少猪里脊,DROP,,,数量或单位残留且无法可靠恢复原食材
8601,土豆三个,MERGE,12,土豆,修复数量/单位残留
8602,车厘子干,DROP,,,不属于指南允许的基础原生食材类别
8603,大小昆布,DROP,,,不属于指南允许的基础原生食材类别
8604,面酱包,DROP,,,不属于指南允许的基础原生食材类别
8605,荠菜饺子,DROP,,,成品、半成品或加工食品
8606,汤圆汤圆,DROP,,,不属于指南允许的基础原生食材类别
8607,重庆小面,REVIEW,,,可能是原生食材，但频次、命名或类别证据不足
8608,自己口味干红辣椒,REVIEW,,,可能是原生食材，但频次、命名或类别证据不足
8609,香菜一把,DROP,,,数量或单位残留且无法可靠恢复原食材
8610,洋葱切小块,REVIEW,,,形态描述存在，但原始食材无法确定
8611,香菜洋葱,REVIEW,,,可能是原生食材，但频次、命名或类别证据不足
8612,巧克力扣,DROP,,,烘焙或乳制加工食品
8613,克小米,MERGE,127,小米,去除确定的鲜冻/去皮去骨描述
8614,牛奶布丁,DROP,,,成品、半成品或加工食品
8615,也行白芝麻,REVIEW,,,可能是原生食材，但频次、命名或类别证据不足
8616,小零食,DROP,,,不属于指南允许的基础原生食材类别
8617,牛奶盒,DROP,,,饮料、酒类或乳制品不属于本版核心原生食材
8618,牛奶巧克力豆,DROP,,,烘焙或乳制加工食品
8619,海绵蛋糕坯,DROP,,,烘焙或乳制加工食品
8620,口味蛋白粉,REVIEW,,,可能是原生食材，但频次、命名或类别证据不足
8621,蒜末葱段,REVIEW,,,形态描述存在，但原始食材无法确定
8622,樱花奥利奥饼干,DROP,,,烘焙或乳制加工食品
8623,鳕鱼柳,REVIEW,,,可能是原生食材，但频次、命名或类别证据不足
8624,色椒,REVIEW,,,可能是原生食材，但频次、命名或类别证据不足
8625,紫苏干,REVIEW,,,可能是原生食材，但频次、命名或类别证据不足
8626,任何菜,REVIEW,,,可能是原生食材，但频次、命名或类别证据不足
8627,牛油果沙拉,DROP,,,成品、半成品或加工食品
8628,小鱿鱼,REVIEW,,,可能是原生食材，但频次、命名或类别证据不足
8629,酸辣粉,DROP,,,不属于指南允许的基础原生食材类别
8630,拉丝,REVIEW,,,形态描述存在，但原始食材无法确定
8631,合计牛奶,DROP,,,饮料、酒类或乳制品不属于本版核心原生食材
8632,豆浆过滤出来豆渣,DROP,,,成品、半成品或加工食品
8633,刻度清水,DROP,,,不属于指南允许的基础原生食材类别
8634,麦包,REVIEW,,,可能是原生食材，但频次、命名或类别证据不足
8635,鸡锁骨,REVIEW,,,可能是原生食材，但频次、命名或类别证据不足
8636,其他东西,DROP,,,不属于指南允许的基础原生食材类别
8637,柠檬酸奶,DROP,,,饮料、酒类或乳制品不属于本版核心原生食材
8638,自己定香菇,REVIEW,,,可能是原生食材，但频次、命名或类别证据不足
8639,多少鱿鱼,DROP,,,数量或单位残留且无法可靠恢复原食材
8640,粉葱花,REVIEW,,,可能是原生食材，但频次、命名或类别证据不足
8641,刺身,DROP,,,不属于指南允许的基础原生食材类别
8642,裹面奶粉,DROP,,,烘焙或乳制加工食品
8643,蛋白里,REVIEW,,,可能是原生食材，但频次、命名或类别证据不足
8644,隔夜白米饭,DROP,,,成品、半成品或加工食品
8645,棵苦苣,DROP,,,不属于指南允许的基础原生食材类别
8646,两意大利面,DROP,,,成品、半成品或加工食品
8647,低脂椰浆,DROP,,,饮料、酒类或乳制品不属于本版核心原生食材
8648,不水,DROP,,,不属于指南允许的基础原生食材类别
8649,多些葱姜蒜,REVIEW,,,可能是原生食材，但频次、命名或类别证据不足
8650,支新鲜薄荷,REVIEW,,,可能是原生食材，但频次、命名或类别证据不足
8651,剩余豆渣,DROP,,,成品、半成品或加工食品
8652,黄油切小块,DROP,,,烘焙或乳制加工食品
8653,无刺鱼块,REVIEW,,,形态描述存在，但原始食材无法确定
8654,大小银耳,REVIEW,,,可能是原生食材，但频次、命名或类别证据不足
8655,鸡蛋重量水,REVIEW,,,可能是原生食材，但频次、命名或类别证据不足
8656,咯鸡蛋,REVIEW,,,可能是原生食材，但频次、命名或类别证据不足
8657,粮高筋面粉,DROP,,,成品、半成品或加工食品
8658,克蔓越莓,MERGE,45,蔓越莓,去除确定的鲜冻/去皮去骨描述
8659,咖哩醬,DROP,,,不属于指南允许的基础原生食材类别
8660,想吃几个鸡蛋,DROP,,,数量或单位残留且无法可靠恢复原食材
8661,所需,DROP,,,不属于指南允许的基础原生食材类别
8662,蛋黄咸蛋黄,DROP,,,成品、半成品或加工食品
8663,蛋黄蛋,REVIEW,,,可能是原生食材，但频次、命名或类别证据不足
8664,新鲜鼠尾草,DROP,,,不属于指南允许的基础原生食材类别
8665,不沾烤盘,DROP,,,工具、包装或操作说明
8666,清洗,DROP,,,不属于指南允许的基础原生食材类别
8667,了香蕉,REVIEW,,,可能是原生食材，但频次、命名或类别证据不足
8668,节党参,DROP,,,不属于指南允许的基础原生食材类别
8669,绞肉机,REVIEW,,,可能是原生食材，但频次、命名或类别证据不足
8670,就行蒜,REVIEW,,,可能是原生食材，但频次、命名或类别证据不足
8671,了芹菜,REVIEW,,,可能是原生食材，但频次、命名或类别证据不足
8672,面清水,REVIEW,,,可能是原生食材，但频次、命名或类别证据不足
8673,顺序排列,DROP,,,不属于指南允许的基础原生食材类别
8674,见视频,DROP,,,不属于指南允许的基础原生食材类别
8675,定牛肉,REVIEW,,,可能是原生食材，但频次、命名或类别证据不足
8676,自行调节,DROP,,,不属于指南允许的基础原生食材类别
8677,红葡萄,REVIEW,,,可能是原生食材，但频次、命名或类别证据不足
8678,都行水果,DROP,,,不属于指南允许的基础原生食材类别
8679,白桃乌龙茶,DROP,,,饮料、酒类或乳制品不属于本版核心原生食材
8680,辣椒小葱,REVIEW,,,可能是原生食材，但频次、命名或类别证据不足
8681,沾料,DROP,,,不属于指南允许的基础原生食材类别
8682,方法一,DROP,,,不属于指南允许的基础原生食材类别
8683,麒麟西瓜,REVIEW,,,可能是原生食材，但频次、命名或类别证据不足
8684,蛋清鸡蛋液,REVIEW,,,可能是原生食材，但频次、命名或类别证据不足
8685,小麦胚芽粉,REVIEW,,,可能是原生食材，但频次、命名或类别证据不足
8686,重物,DROP,,,不属于指南允许的基础原生食材类别
8687,芝士味,DROP,,,烘焙或乳制加工食品
8688,皮〗,DROP,,,不属于指南允许的基础原生食材类别
8689,特饮,DROP,,,不属于指南允许的基础原生食材类别
8690,饺子专粉,DROP,,,成品、半成品或加工食品
8691,内脂豆腐豆腐,DROP,,,豆制品或淀粉制品（严格模式排除）
8692,辣青辣椒,REVIEW,,,可能是原生食材，但频次、命名或类别证据不足
8693,武昌鱼一条,DROP,,,数量或单位残留且无法可靠恢复原食材
8694,爱吃海鲜,REVIEW,,,可能是原生食材，但频次、命名或类别证据不足
8695,就行肉松,DROP,,,加工肉制品
8696,增鲜,DROP,,,不属于指南允许的基础原生食材类别
8697,叶小白菜,REVIEW,,,可能是原生食材，但频次、命名或类别证据不足
8698,豆沙包,DROP,,,成品、半成品或加工食品
8699,卷料,DROP,,,不属于指南允许的基础原生食材类别
8700,荤汤,DROP,,,不属于指南允许的基础原生食材类别
8701,多少榴莲,DROP,,,数量或单位残留且无法可靠恢复原食材
8702,多张馄饨皮,DROP,,,成品、半成品或加工食品
8703,营养米糊,REVIEW,,,可能是原生食材，但频次、命名或类别证据不足
8704,生重,DROP,,,不属于指南允许的基础原生食材类别
8705,精华,DROP,,,不属于指南允许的基础原生食材类别
8706,人数鸡蛋,REVIEW,,,可能是原生食材，但频次、命名或类别证据不足
8707,饭饭,DROP,,,不属于指南允许的基础原生食材类别
8708,香草味冰淇淋,DROP,,,成品、半成品或加工食品
8709,咸笋干,DROP,,,成品、半成品或加工食品
8710,轻熟料,DROP,,,成品、半成品或加工食品
8711,巧克力蛋糕坯,DROP,,,烘焙或乳制加工食品
8712,全脂希腊酸奶,DROP,,,饮料、酒类或乳制品不属于本版核心原生食材
8713,油豆沙馅,DROP,,,成品、半成品或加工食品
8714,鸡肉卷,REVIEW,,,可能是原生食材，但频次、命名或类别证据不足
8715,鸡蛋两只,MERGE,7,鸡蛋,修复数量/单位残留
8716,固体酵种,DROP,,,不属于指南允许的基础原生食材类别
8717,鸡腿一个,MERGE,582,鸡腿,修复数量/单位残留
8718,阿达子,DROP,,,不属于指南允许的基础原生食材类别
8719,盆米饭,DROP,,,成品、半成品或加工食品
8720,奶酪布丁,DROP,,,烘焙或乳制加工食品
8721,产品,DROP,,,不属于指南允许的基础原生食材类别
8722,豆子罐头,DROP,,,成品、半成品或加工食品
8723,西红柿干,REVIEW,,,可能是原生食材，但频次、命名或类别证据不足
8724,管炼乳,DROP,,,烘焙或乳制加工食品
8725,很好,DROP,,,不属于指南允许的基础原生食材类别
8726,果干果仁,DROP,,,成品、半成品或加工食品
8727,薄荷巧克力,DROP,,,烘焙或乳制加工食品
8728,饰耐高温巧克力豆,DROP,,,烘焙或乳制加工食品
8729,高筋吐司粉,DROP,,,烘焙或乳制加工食品
8730,乳酸饮料,DROP,,,饮料、酒类或乳制品不属于本版核心原生食材
8731,羽衣甘藍,DROP,,,不属于指南允许的基础原生食材类别
8732,绿豆冰糕,DROP,,,不属于指南允许的基础原生食材类别
8733,食量饺子皮,DROP,,,成品、半成品或加工食品
8734,马苏里拉奶酪球,DROP,,,烘焙或乳制加工食品
8735,糯米汤圆,DROP,,,不属于指南允许的基础原生食材类别
8736,多少小土豆,DROP,,,数量或单位残留且无法可靠恢复原食材
8737,湿度,DROP,,,不属于指南允许的基础原生食材类别
8738,任何东西,DROP,,,不属于指南允许的基础原生食材类别
8739,香菜小米椒,REVIEW,,,可能是原生食材，但频次、命名或类别证据不足
8740,各种肉丸,DROP,,,成品、半成品或加工食品
8741,青豆胡萝卜,REVIEW,,,可能是原生食材，但频次、命名或类别证据不足
8742,牌高筋粉,DROP,,,不属于指南允许的基础原生食材类别
8743,底汤,DROP,,,不属于指南允许的基础原生食材类别
8744,金针菇生菜,REVIEW,,,可能是原生食材，但频次、命名或类别证据不足
8745,清水清水,DROP,,,不属于指南允许的基础原生食材类别
8746,果乾,DROP,,,不属于指南允许的基础原生食材类别
8747,天使蛋糕,DROP,,,烘焙或乳制加工食品
8748,人分量米饭,DROP,,,成品、半成品或加工食品
8749,速溶燕麦片,REVIEW,,,形态描述存在，但原始食材无法确定
8750,麻辣烫食材,DROP,,,不属于指南允许的基础原生食材类别
8751,料盒,DROP,,,不属于指南允许的基础原生食材类别
8752,咖啡慕斯,DROP,,,成品、半成品或加工食品
8753,黑猪瘦肉,REVIEW,,,可能是原生食材，但频次、命名或类别证据不足
8754,辣油辣椒,DROP,,,调味料不进入基础原生食材表
8755,蛋黄一个,MERGE,72,蛋黄,修复数量/单位残留
8756,颜色果蔬粉,DROP,,,不属于指南允许的基础原生食材类别
8757,牛尾骨汤,REVIEW,,,可能是原生食材，但频次、命名或类别证据不足
8758,多白萝卜,REVIEW,,,可能是原生食材，但频次、命名或类别证据不足
8759,温热,DROP,,,不属于指南允许的基础原生食材类别
8760,新鲜五花肉,MERGE,10,五花肉,去除确定的鲜冻/去皮去骨描述
8761,馅黑芝麻,REVIEW,,,可能是原生食材，但频次、命名或类别证据不足
8762,鸡蛋共牛奶,DROP,,,饮料、酒类或乳制品不属于本版核心原生食材
8763,蛋黄肉粽,REVIEW,,,可能是原生食材，但频次、命名或类别证据不足
8764,特浓牛奶,DROP,,,饮料、酒类或乳制品不属于本版核心原生食材
8765,肉骨茶,DROP,,,饮料、酒类或乳制品不属于本版核心原生食材
8766,鲜奶皮,DROP,,,不属于指南允许的基础原生食材类别
8767,芹菜蔬菜,REVIEW,,,可能是原生食材，但频次、命名或类别证据不足
8768,定白开水,DROP,,,不属于指南允许的基础原生食材类别
8769,软骨,DROP,,,不属于指南允许的基础原生食材类别
8770,影响,DROP,,,不属于指南允许的基础原生食材类别
8771,是水,DROP,,,不属于指南允许的基础原生食材类别
8772,其他菇类,REVIEW,,,可能是原生食材，但频次、命名或类别证据不足
8773,绿茶饮料,DROP,,,饮料、酒类或乳制品不属于本版核心原生食材
8774,新鲜蚕豆,MERGE,284,蚕豆,去除确定的鲜冻/去皮去骨描述
8775,新鲜排骨,MERGE,32,排骨,去除确定的鲜冻/去皮去骨描述
8776,朵泡发木耳,MERGE,33,木耳,去除确定的鲜冻/去皮去骨描述
8777,就好啦,DROP,,,不属于指南允许的基础原生食材类别
8778,皮柠檬皮,DROP,,,不属于指南允许的基础原生食材类别
8779,共牛奶,DROP,,,饮料、酒类或乳制品不属于本版核心原生食材
8780,粉状,DROP,,,不属于指南允许的基础原生食材类别
8781,酱牛奶,DROP,,,饮料、酒类或乳制品不属于本版核心原生食材
8782,辣椒两个,MERGE,17,辣椒,修复数量/单位残留
8783,几只鲍鱼,MERGE,198,鲍鱼,修复数量/单位残留
8784,酪梨,REVIEW,,,可能是原生食材，但频次、命名或类别证据不足
8785,没话,DROP,,,不属于指南允许的基础原生食材类别
8786,瓢水,DROP,,,不属于指南允许的基础原生食材类别
8787,粗茶,DROP,,,饮料、酒类或乳制品不属于本版核心原生食材
8788,一截,DROP,,,不属于指南允许的基础原生食材类别
8789,各种粗粮,DROP,,,不属于指南允许的基础原生食材类别
8790,圆模一个,DROP,,,数量或单位残留且无法可靠恢复原食材
8791,涮料,DROP,,,不属于指南允许的基础原生食材类别
8792,香肠香肠,DROP,,,加工肉制品
8793,番茄汤,REVIEW,,,可能是原生食材，但频次、命名或类别证据不足
8794,洋槐蜜,DROP,,,不属于指南允许的基础原生食材类别
8795,果蔬直面,REVIEW,,,可能是原生食材，但频次、命名或类别证据不足
8796,市售,DROP,,,不属于指南允许的基础原生食材类别
8797,芝士包,DROP,,,烘焙或乳制加工食品
8798,蛋鹌鹑蛋,REVIEW,,,可能是原生食材，但频次、命名或类别证据不足
8799,味姜,REVIEW,,,可能是原生食材，但频次、命名或类别证据不足
8800,过花生,DROP,,,不属于指南允许的基础原生食材类别
8801,鸡蛋五个,DROP,,,数量或单位残留且无法可靠恢复原食材
8802,多少肉糜,DROP,,,数量或单位残留且无法可靠恢复原食材
8803,小番茄番茄,REVIEW,,,可能是原生食材，但频次、命名或类别证据不足
8804,叶类蔬菜,REVIEW,,,可能是原生食材，但频次、命名或类别证据不足
8805,吧虾仁,REVIEW,,,可能是原生食材，但频次、命名或类别证据不足
8806,」水,DROP,,,不属于指南允许的基础原生食材类别
8807,巧克力贝壳,DROP,,,烘焙或乳制加工食品
8808,捏黑芝麻,REVIEW,,,可能是原生食材，但频次、命名或类别证据不足
8809,巴黎气泡水,DROP,,,不属于指南允许的基础原生食材类别
8810,几个鸡翅中,MERGE,241,鸡翅中,修复数量/单位残留
8811,大馒头,DROP,,,成品、半成品或加工食品
8812,带肥肉,REVIEW,,,可能是原生食材，但频次、命名或类别证据不足
8813,带盖容器,DROP,,,工具、包装或操作说明
8814,红茶戚风,DROP,,,不属于指南允许的基础原生食材类别
8815,蛋清蛋黄,REVIEW,,,可能是原生食材，但频次、命名或类别证据不足
8816,法式长棍面包,DROP,,,烘焙或乳制加工食品
8817,剁碎生姜,REVIEW,,,可能是原生食材，但频次、命名或类别证据不足
8818,羊腱,REVIEW,,,可能是原生食材，但频次、命名或类别证据不足
8819,馅食材,DROP,,,不属于指南允许的基础原生食材类别
8820,口味蔓越莓干,DROP,,,成品、半成品或加工食品
8821,人份大米,REVIEW,,,可能是原生食材，但频次、命名或类别证据不足
8822,多少克,DROP,,,数量或单位残留且无法可靠恢复原食材
8823,各种面粉,DROP,,,成品、半成品或加工食品
8824,子大小水,DROP,,,不属于指南允许的基础原生食材类别
8825,青团,DROP,,,不属于指南允许的基础原生食材类别
8826,一套,DROP,,,不属于指南允许的基础原生食材类别
8827,油一勺,DROP,,,数量或单位残留且无法可靠恢复原食材
8828,饭量米,REVIEW,,,可能是原生食材，但频次、命名或类别证据不足
8829,酸奶戚风蛋糕,DROP,,,烘焙或乳制加工食品
8830,香菇青菜,REVIEW,,,可能是原生食材，但频次、命名或类别证据不足
8831,红黄圣女果,REVIEW,,,可能是原生食材，但频次、命名或类别证据不足
8832,紫菜皮,DROP,,,不属于指南允许的基础原生食材类别
8833,多少基围虾,DROP,,,数量或单位残留且无法可靠恢复原食材
8834,蛋糕夹心,DROP,,,烘焙或乳制加工食品
8835,低度酒,DROP,,,调味料不进入基础原生食材表
8836,薄饼干,DROP,,,烘焙或乳制加工食品
8837,康师傅方便面,DROP,,,成品、半成品或加工食品
8838,一火腿肠,DROP,,,加工肉制品
8839,芒果火龙果,REVIEW,,,可能是原生食材，但频次、命名或类别证据不足
8840,泡酸辣椒,DROP,,,成品、半成品或加工食品
8841,全麦粉含麦麸,REVIEW,,,可能是原生食材，但频次、命名或类别证据不足
8842,生鸡胸肉,REVIEW,,,可能是原生食材，但频次、命名或类别证据不足
8843,种蘑菇,REVIEW,,,可能是原生食材，但频次、命名或类别证据不足
8844,红油豇豆,DROP,,,调味料不进入基础原生食材表
8845,酸奶溶豆,DROP,,,饮料、酒类或乳制品不属于本版核心原生食材
8846,专料,DROP,,,不属于指南允许的基础原生食材类别
8847,特辣王,DROP,,,不属于指南允许的基础原生食材类别
8848,黄鸡蛋,REVIEW,,,可能是原生食材，但频次、命名或类别证据不足
8849,多少黑芝麻,DROP,,,数量或单位残留且无法可靠恢复原食材
8850,圣诞老人,DROP,,,不属于指南允许的基础原生食材类别
8851,鱼一块,REVIEW,,,形态描述存在，但原始食材无法确定
8852,西冷红茶,DROP,,,饮料、酒类或乳制品不属于本版核心原生食材
8853,料鸡蛋,REVIEW,,,可能是原生食材，但频次、命名或类别证据不足
8854,巧克力黑巧克力,DROP,,,烘焙或乳制加工食品
8855,冷冻海鲜,REVIEW,,,可能是原生食材，但频次、命名或类别证据不足
8856,水调匀,DROP,,,不属于指南允许的基础原生食材类别
8857,果味饮料,DROP,,,饮料、酒类或乳制品不属于本版核心原生食材
8858,成团,DROP,,,不属于指南允许的基础原生食材类别
8859,鱼头鱼尾,REVIEW,,,可能是原生食材，但频次、命名或类别证据不足
8860,玉米红萝卜,REVIEW,,,可能是原生食材，但频次、命名或类别证据不足
8861,馅配方,DROP,,,不属于指南允许的基础原生食材类别
8862,线椒小米辣,REVIEW,,,可能是原生食材，但频次、命名或类别证据不足
8863,奶油冰淇淋,DROP,,,烘焙或乳制加工食品
8864,菜叶白菜叶,REVIEW,,,可能是原生食材，但频次、命名或类别证据不足
8865,乐趣,DROP,,,不属于指南允许的基础原生食材类别
8866,黄油脆片,DROP,,,烘焙或乳制加工食品
8867,创造力,DROP,,,不属于指南允许的基础原生食材类别
8868,面团温水,REVIEW,,,可能是原生食材，但频次、命名或类别证据不足
8869,想吃一切,DROP,,,不属于指南允许的基础原生食材类别
8870,面粉低筋面粉,DROP,,,成品、半成品或加工食品
8871,车打,DROP,,,不属于指南允许的基础原生食材类别
8872,也好,DROP,,,不属于指南允许的基础原生食材类别
8873,冷冻莓果,DROP,,,不属于指南允许的基础原生食材类别
8874,芭比蛋糕胚,DROP,,,烘焙或乳制加工食品
8875,干辣椒小米椒,DROP,,,调味料不进入基础原生食材表
8876,樱花抹茶奥利奥,DROP,,,不属于指南允许的基础原生食材类别
8877,豆芽黄瓜,REVIEW,,,可能是原生食材，但频次、命名或类别证据不足
8878,巧克力慕斯液,DROP,,,烘焙或乳制加工食品
8879,锅淘米水,REVIEW,,,可能是原生食材，但频次、命名或类别证据不足
8880,碎香料,DROP,,,不属于指南允许的基础原生食材类别
8881,多少普通面粉,DROP,,,成品、半成品或加工食品
8882,鸡腿料,REVIEW,,,可能是原生食材，但频次、命名或类别证据不足
8883,咸菜干,DROP,,,成品、半成品或加工食品
8884,大个西红柿,REVIEW,,,可能是原生食材，但频次、命名或类别证据不足
8885,溶豆,REVIEW,,,可能是原生食材，但频次、命名或类别证据不足
8886,鱼鱼骨,REVIEW,,,可能是原生食材，但频次、命名或类别证据不足
8887,海鲜沙拉,DROP,,,成品、半成品或加工食品
8888,戚风蛋糕模,DROP,,,烘焙或乳制加工食品
8889,多少放多少金针菇,DROP,,,数量或单位残留且无法可靠恢复原食材
8890,干净,DROP,,,不属于指南允许的基础原生食材类别
8891,不粘模,DROP,,,不属于指南允许的基础原生食材类别
8892,新鲜红椒,MERGE,49,红椒,去除确定的鲜冻/去皮去骨描述
8893,茶包茶叶,DROP,,,饮料、酒类或乳制品不属于本版核心原生食材
8894,撕开,DROP,,,不属于指南允许的基础原生食材类别
8895,米磨粉,REVIEW,,,可能是原生食材，但频次、命名或类别证据不足
8896,粉开水,DROP,,,不属于指南允许的基础原生食材类别
8897,简单,DROP,,,不属于指南允许的基础原生食材类别
8898,白咖啡粉,DROP,,,饮料、酒类或乳制品不属于本版核心原生食材
8899,奶油陷,DROP,,,烘焙或乳制加工食品
8900,面配方,REVIEW,,,可能是原生食材，但频次、命名或类别证据不足
8901,香肠半根,DROP,,,加工肉制品
8902,粉五花肉,REVIEW,,,可能是原生食材，但频次、命名或类别证据不足
8903,柠檬皮削,DROP,,,不属于指南允许的基础原生食材类别
8904,涂抹奶油奶酪,DROP,,,工具、包装或操作说明
8905,胡萝卜几片,REVIEW,,,形态描述存在，但原始食材无法确定
8906,生食蔬菜,REVIEW,,,可能是原生食材，但频次、命名或类别证据不足
8907,芝士肠仔,DROP,,,烘焙或乳制加工食品
8908,混合谷物,DROP,,,不属于指南允许的基础原生食材类别
8909,凉拌料,DROP,,,不属于指南允许的基础原生食材类别
8910,油面粉,DROP,,,成品、半成品或加工食品
8911,不辣,DROP,,,不属于指南允许的基础原生食材类别
8912,饭碗普通面粉,DROP,,,成品、半成品或加工食品
8913,自己包饺子,DROP,,,成品、半成品或加工食品
8914,随性,DROP,,,不属于指南允许的基础原生食材类别
8915,口味放干辣椒,DROP,,,调味料不进入基础原生食材表
8916,多加马苏里拉芝士,DROP,,,烘焙或乳制加工食品
8917,克腐竹,DROP,,,豆制品或淀粉制品（严格模式排除）
8918,高钙牛奶,DROP,,,饮料、酒类或乳制品不属于本版核心原生食材
8919,菜鲟,REVIEW,,,可能是原生食材，但频次、命名或类别证据不足
8920,多少包菜,DROP,,,数量或单位残留且无法可靠恢复原食材
8921,粉粘米粉,DROP,,,成品、半成品或加工食品
8922,你想吃配菜,REVIEW,,,可能是原生食材，但频次、命名或类别证据不足
8923,请看下图,DROP,,,不属于指南允许的基础原生食材类别
8924,筒糯米,REVIEW,,,可能是原生食材，但频次、命名或类别证据不足
8925,花花草草,DROP,,,不属于指南允许的基础原生食材类别
8926,定虾仁,REVIEW,,,可能是原生食材，但频次、命名或类别证据不足
8927,偏小鸡蛋,REVIEW,,,可能是原生食材，但频次、命名或类别证据不足
8928,来糯米,REVIEW,,,可能是原生食材，但频次、命名或类别证据不足
8929,里鸡蛋,REVIEW,,,可能是原生食材，但频次、命名或类别证据不足
8930,腊肠切片,DROP,,,成品、半成品或加工食品
8931,味酥性饼干,DROP,,,烘焙或乳制加工食品
8932,部分白菜,REVIEW,,,可能是原生食材，但频次、命名或类别证据不足
8933,紫菜紫菜,REVIEW,,,可能是原生食材，但频次、命名或类别证据不足
8934,那种青椒,REVIEW,,,可能是原生食材，但频次、命名或类别证据不足
8935,椒一个,DROP,,,数量或单位残留且无法可靠恢复原食材
8936,其他青菜,REVIEW,,,可能是原生食材，但频次、命名或类别证据不足
8937,多少猪肝,DROP,,,数量或单位残留且无法可靠恢复原食材
8938,表面刷,DROP,,,工具、包装或操作说明
8939,龙珠,DROP,,,不属于指南允许的基础原生食材类别
8940,人大米,REVIEW,,,可能是原生食材，但频次、命名或类别证据不足
8941,数量鸡蛋,REVIEW,,,可能是原生食材，但频次、命名或类别证据不足
8942,涮锅食材,DROP,,,不属于指南允许的基础原生食材类别
8943,辣油包,DROP,,,不属于指南允许的基础原生食材类别
8944,定排骨,REVIEW,,,可能是原生食材，但频次、命名或类别证据不足
8945,很小土豆,REVIEW,,,可能是原生食材，但频次、命名或类别证据不足
8946,少放点,DROP,,,不属于指南允许的基础原生食材类别
8947,各样蔬菜,REVIEW,,,可能是原生食材，但频次、命名或类别证据不足
8948,自行增减,DROP,,,不属于指南允许的基础原生食材类别
8949,大红薯,REVIEW,,,可能是原生食材，但频次、命名或类别证据不足
8950,多少来定,DROP,,,数量或单位残留且无法可靠恢复原食材
8951,时令鲜蔬,DROP,,,不属于指南允许的基础原生食材类别
8952,炒泡菜,DROP,,,成品、半成品或加工食品
8953,调整大米,REVIEW,,,可能是原生食材，但频次、命名或类别证据不足
8954,发好,DROP,,,不属于指南允许的基础原生食材类别
8955,带盖子容器,DROP,,,工具、包装或操作说明
8956,腊肠香肠,DROP,,,加工肉制品
8957,糍粑海椒,REVIEW,,,可能是原生食材，但频次、命名或类别证据不足
8958,豆芽豆芽,REVIEW,,,可能是原生食材，但频次、命名或类别证据不足
8959,公仔,DROP,,,不属于指南允许的基础原生食材类别
8960,大燕麦片,REVIEW,,,形态描述存在，但原始食材无法确定
8961,吐司方子,DROP,,,烘焙或乳制加工食品
8962,蛋糕碎屑,DROP,,,烘焙或乳制加工食品
8963,造型饼干,DROP,,,烘焙或乳制加工食品
8964,水果颗粒,DROP,,,不属于指南允许的基础原生食材类别
8965,来点,DROP,,,不属于指南允许的基础原生食材类别
8966,蛋糕混合粉,DROP,,,烘焙或乳制加工食品
8967,麻辣鲜粉,DROP,,,不属于指南允许的基础原生食材类别
8968,浓红茶,DROP,,,饮料、酒类或乳制品不属于本版核心原生食材
8969,辣小红辣椒,REVIEW,,,可能是原生食材，但频次、命名或类别证据不足
8970,容器大小水,DROP,,,工具、包装或操作说明
8971,感受,DROP,,,不属于指南允许的基础原生食材类别
8972,新奥尔良烤肉料,REVIEW,,,可能是原生食材，但频次、命名或类别证据不足
8973,就好干辣椒,DROP,,,调味料不进入基础原生食材表
8974,刷面包表面鸡蛋,DROP,,,工具、包装或操作说明
8975,位置水,DROP,,,不属于指南允许的基础原生食材类别
8976,北非小米,REVIEW,,,可能是原生食材，但频次、命名或类别证据不足
8977,包装牛奶,DROP,,,饮料、酒类或乳制品不属于本版核心原生食材
8978,多少放多少干辣椒,DROP,,,调味料不进入基础原生食材表
8979,三三三倍酸奶,DROP,,,饮料、酒类或乳制品不属于本版核心原生食材
8980,番茄沙拉,DROP,,,成品、半成品或加工食品
8981,冰茶,DROP,,,饮料、酒类或乳制品不属于本版核心原生食材
8982,蒜颗粒,REVIEW,,,可能是原生食材，但频次、命名或类别证据不足
8983,一个土豆,MERGE,12,土豆,修复数量/单位残留
8984,多少个土豆,DROP,,,数量或单位残留且无法可靠恢复原食材
8985,涮火锅食材,DROP,,,不属于指南允许的基础原生食材类别
8986,百花蜜,DROP,,,不属于指南允许的基础原生食材类别
8987,新鲜时蔬,DROP,,,不属于指南允许的基础原生食材类别
8988,大碗面粉,DROP,,,成品、半成品或加工食品
8989,布裱花袋,DROP,,,工具、包装或操作说明
8990,黄油牛奶,DROP,,,烘焙或乳制加工食品
8991,熏鸡,REVIEW,,,可能是原生食材，但频次、命名或类别证据不足
8992,瓜清水,REVIEW,,,可能是原生食材，但频次、命名或类别证据不足
8993,减少,DROP,,,不属于指南允许的基础原生食材类别
8994,多加水,DROP,,,不属于指南允许的基础原生食材类别
8995,是多少,DROP,,,数量或单位残留且无法可靠恢复原食材
8996,较大,DROP,,,不属于指南允许的基础原生食材类别
8997,萝卜丝干,REVIEW,,,可能是原生食材，但频次、命名或类别证据不足
8998,剩汤,DROP,,,不属于指南允许的基础原生食材类别
8999,和柠檬,REVIEW,,,疑似多食材组合，但无法百分之百确认全部组成
9000,五十铃抹茶,DROP,,,饮料、酒类或乳制品不属于本版核心原生食材
9001,去腥柠檬,REVIEW,,,可能是原生食材，但频次、命名或类别证据不足
9002,啥配菜,REVIEW,,,可能是原生食材，但频次、命名或类别证据不足
9003,多少吐司,DROP,,,烘焙或乳制加工食品
9004,电动奶泡器,DROP,,,不属于指南允许的基础原生食材类别
9005,核桃蔓越莓,REVIEW,,,可能是原生食材，但频次、命名或类别证据不足
9006,淘宝买,DROP,,,不属于指南允许的基础原生食材类别
9007,各种涮菜,REVIEW,,,可能是原生食材，但频次、命名或类别证据不足
9008,烂肉,REVIEW,,,可能是原生食材，但频次、命名或类别证据不足
9009,多小葱,REVIEW,,,可能是原生食材，但频次、命名或类别证据不足
9010,酒酒,DROP,,,调味料不进入基础原生食材表
9011,燕麦坚果,REVIEW,,,可能是原生食材，但频次、命名或类别证据不足
9012,威化,DROP,,,不属于指南允许的基础原生食材类别
9013,之间,DROP,,,不属于指南允许的基础原生食材类别
9014,我加了水,DROP,,,不属于指南允许的基础原生食材类别
9015,能量,DROP,,,不属于指南允许的基础原生食材类别
9016,花糯米,REVIEW,,,可能是原生食材，但频次、命名或类别证据不足
9017,打成泥,DROP,,,不属于指南允许的基础原生食材类别
9018,黄椒红椒,REVIEW,,,可能是原生食材，但频次、命名或类别证据不足
9019,美好时光海苔,DROP,,,成品、半成品或加工食品
9020,煎鸡胸,REVIEW,,,可能是原生食材，但频次、命名或类别证据不足
9021,也没关系,DROP,,,不属于指南允许的基础原生食材类别
9022,多少大蒜,DROP,,,数量或单位残留且无法可靠恢复原食材
9023,包包菜,REVIEW,,,可能是原生食材，但频次、命名或类别证据不足
9024,骨切块,REVIEW,,,形态描述存在，但原始食材无法确定
9025,辣菜,REVIEW,,,可能是原生食材，但频次、命名或类别证据不足
9026,茨粉,DROP,,,不属于指南允许的基础原生食材类别
9027,吸水性不一样,DROP,,,不属于指南允许的基础原生食材类别
9028,模一个,DROP,,,数量或单位残留且无法可靠恢复原食材
9029,水备,DROP,,,不属于指南允许的基础原生食材类别
9030,瘦肉火腿,DROP,,,加工肉制品
9031,粉块,REVIEW,,,形态描述存在，但原始食材无法确定
9032,茶泡饭料,DROP,,,不属于指南允许的基础原生食材类别
9033,魚肉,REVIEW,,,可能是原生食材，但频次、命名或类别证据不足
9034,粉」,DROP,,,不属于指南允许的基础原生食材类别
9035,子低筋面粉,DROP,,,成品、半成品或加工食品
9036,上一道高筋面包粉,DROP,,,烘焙或乳制加工食品
9037,你爱吃菜,REVIEW,,,可能是原生食材，但频次、命名或类别证据不足
9038,底大米,REVIEW,,,可能是原生食材，但频次、命名或类别证据不足
9039,伴碟,DROP,,,不属于指南允许的基础原生食材类别
9040,干小香菇,REVIEW,,,可能是原生食材，但频次、命名或类别证据不足
9041,共黑白芝麻,REVIEW,,,可能是原生食材，但频次、命名或类别证据不足
9042,干腊肉,DROP,,,加工肉制品
9043,家里没,DROP,,,不属于指南允许的基础原生食材类别
9044,菜单,REVIEW,,,可能是原生食材，但频次、命名或类别证据不足
9045,新良,DROP,,,不属于指南允许的基础原生食材类别
9046,圈红辣椒,REVIEW,,,可能是原生食材，但频次、命名或类别证据不足
9047,牛奶混合物,DROP,,,饮料、酒类或乳制品不属于本版核心原生食材
9048,吧芹菜,REVIEW,,,可能是原生食材，但频次、命名或类别证据不足
9049,舒可曼,DROP,,,不属于指南允许的基础原生食材类别
9050,碎小米辣,REVIEW,,,可能是原生食材，但频次、命名或类别证据不足
9051,肉肉类,REVIEW,,,可能是原生食材，但频次、命名或类别证据不足
9052,密封瓶子,DROP,,,不属于指南允许的基础原生食材类别
9053,多少放多少豆渣,DROP,,,成品、半成品或加工食品
9054,鱼豆腐鱼丸,DROP,,,豆制品或淀粉制品（严格模式排除）
9055,海底捞干锅料,DROP,,,不属于指南允许的基础原生食材类别
9056,了西红柿,REVIEW,,,可能是原生食材，但频次、命名或类别证据不足
9057,红乳,DROP,,,不属于指南允许的基础原生食材类别
9058,多温水,DROP,,,不属于指南允许的基础原生食材类别
9059,克桂花,DROP,,,调味料不进入基础原生食材表
9060,面糊鸡蛋,REVIEW,,,可能是原生食材，但频次、命名或类别证据不足
9061,甜塔皮,DROP,,,不属于指南允许的基础原生食材类别
9062,啦鸡蛋,REVIEW,,,可能是原生食材，但频次、命名或类别证据不足
9063,葡萄干面包,DROP,,,烘焙或乳制加工食品
9064,燕麦汤种,REVIEW,,,可能是原生食材，但频次、命名或类别证据不足
9065,美丽心情,DROP,,,不属于指南允许的基础原生食材类别
9066,泡发黄花菜,MERGE,153,黄花菜,去除确定的鲜冻/去皮去骨描述
9067,香小葱,REVIEW,,,可能是原生食材，但频次、命名或类别证据不足
9068,头咸菜,DROP,,,成品、半成品或加工食品
9069,洒白芝麻,REVIEW,,,可能是原生食材，但频次、命名或类别证据不足
9070,就好小葱,REVIEW,,,可能是原生食材，但频次、命名或类别证据不足
9071,柠檬香蜂草,REVIEW,,,可能是原生食材，但频次、命名或类别证据不足
9072,几人份面条,DROP,,,成品、半成品或加工食品
9073,黄萝卜咸菜,DROP,,,成品、半成品或加工食品
9074,豆腐嫩豆腐,DROP,,,豆制品或淀粉制品（严格模式排除）
9075,我买了钱,DROP,,,不属于指南允许的基础原生食材类别
9076,蛋白蛋黄,REVIEW,,,可能是原生食材，但频次、命名或类别证据不足
9077,儿童牛排,REVIEW,,,可能是原生食材，但频次、命名或类别证据不足
9078,培根培根,DROP,,,加工肉制品
9079,鸡蛋量牛奶,DROP,,,饮料、酒类或乳制品不属于本版核心原生食材
9080,长条辣椒,REVIEW,,,可能是原生食材，但频次、命名或类别证据不足
9081,土豆莲藕,REVIEW,,,可能是原生食材，但频次、命名或类别证据不足
9082,是牛奶,DROP,,,饮料、酒类或乳制品不属于本版核心原生食材
9083,辣程度干辣椒,DROP,,,调味料不进入基础原生食材表
9084,一遍,DROP,,,不属于指南允许的基础原生食材类别
9085,形状,DROP,,,不属于指南允许的基础原生食材类别
9086,粉油酥面,REVIEW,,,可能是原生食材，但频次、命名或类别证据不足
9087,多少吧,DROP,,,数量或单位残留且无法可靠恢复原食材
9088,油和芝麻,REVIEW,,,疑似多食材组合，但无法百分之百确认全部组成
9089,面包面包,DROP,,,烘焙或乳制加工食品
9090,鸡蛋量面粉,DROP,,,成品、半成品或加工食品
9091,肥瘦前腿肉,REVIEW,,,可能是原生食材，但频次、命名或类别证据不足
9092,文字,DROP,,,不属于指南允许的基础原生食材类别
9093,生活态度,DROP,,,不属于指南允许的基础原生食材类别
9094,大葱末,MERGE,1,葱,去除切片/切块/切丁等形态描述
9095,一半糯米,REVIEW,,,可能是原生食材，但频次、命名或类别证据不足
9096,白巧慕斯,DROP,,,成品、半成品或加工食品
9097,粉高筋面粉,DROP,,,成品、半成品或加工食品
9098,胡蘿蔔絲,DROP,,,不属于指南允许的基础原生食材类别
9099,部分蛋黄,REVIEW,,,可能是原生食材，但频次、命名或类别证据不足
9100,可虾仁,REVIEW,,,可能是原生食材，但频次、命名或类别证据不足
9101,戚风蛋糕方子,DROP,,,烘焙或乳制加工食品
9102,调和,REVIEW,,,疑似多食材组合，但无法百分之百确认全部组成
9103,野樱桃,REVIEW,,,可能是原生食材，但频次、命名或类别证据不足
9104,菜金针菇,REVIEW,,,可能是原生食材，但频次、命名或类别证据不足
9105,下鸡蛋,REVIEW,,,可能是原生食材，但频次、命名或类别证据不足
9106,泡椒泡椒,DROP,,,成品、半成品或加工食品
9107,没过金桔水,DROP,,,不属于指南允许的基础原生食材类别
9108,成水,DROP,,,不属于指南允许的基础原生食材类别
9109,朵雪耳,DROP,,,不属于指南允许的基础原生食材类别
9110,鸡蛋大小,REVIEW,,,可能是原生食材，但频次、命名或类别证据不足
9111,鱼肉馅,REVIEW,,,可能是原生食材，但频次、命名或类别证据不足
9112,多少只鸡爪,DROP,,,数量或单位残留且无法可靠恢复原食材
9113,人数而定面粉,DROP,,,成品、半成品或加工食品
9114,蓝纹乳酪,DROP,,,不属于指南允许的基础原生食材类别
9115,和黑芝麻,REVIEW,,,疑似多食材组合，但无法百分之百确认全部组成
9116,豆丁,REVIEW,,,形态描述存在，但原始食材无法确定
9117,八宝粥米,DROP,,,成品、半成品或加工食品
9118,几片培根,DROP,,,加工肉制品
9119,鸡蛋打散备,REVIEW,,,可能是原生食材，但频次、命名或类别证据不足
9120,蒜蓉辣椒醬,REVIEW,,,可能是原生食材，但频次、命名或类别证据不足
9121,材料』,DROP,,,不属于指南允许的基础原生食材类别
9122,罗勒香草,REVIEW,,,可能是原生食材，但频次、命名或类别证据不足
9123,没称过,DROP,,,不属于指南允许的基础原生食材类别
9124,新西兰花胶,REVIEW,,,可能是原生食材，但频次、命名或类别证据不足
9125,酸奶冰淇淋,DROP,,,成品、半成品或加工食品
9126,子饭,DROP,,,不属于指南允许的基础原生食材类别
9127,肥肉猪肉,REVIEW,,,可能是原生食材，但频次、命名或类别证据不足
9128,味牛扎饼干,DROP,,,烘焙或乳制加工食品
9129,料葱姜蒜,REVIEW,,,可能是原生食材，但频次、命名或类别证据不足
9130,白面包粉,DROP,,,烘焙或乳制加工食品
9131,巧克力排,DROP,,,烘焙或乳制加工食品
9132,粉和抹茶粉,DROP,,,成品、半成品或加工食品
9133,各种果仁果干,DROP,,,成品、半成品或加工食品
9134,辣火锅料,DROP,,,不属于指南允许的基础原生食材类别
9135,美好,DROP,,,不属于指南允许的基础原生食材类别
9136,多少紫菜,DROP,,,数量或单位残留且无法可靠恢复原食材
9137,三角,DROP,,,不属于指南允许的基础原生食材类别
9138,起酥面包,DROP,,,烘焙或乳制加工食品
9139,香蕉蛋糕,DROP,,,烘焙或乳制加工食品
9140,新鲜紫苏叶,MERGE,230,紫苏叶,去除确定的鲜冻/去皮去骨描述
9141,活银耳,REVIEW,,,可能是原生食材，但频次、命名或类别证据不足
9142,外加,DROP,,,不属于指南允许的基础原生食材类别
9143,西班牙甜椒粉,REVIEW,,,可能是原生食材，但频次、命名或类别证据不足
9144,味儿,DROP,,,不属于指南允许的基础原生食材类别
9145,一磅,DROP,,,不属于指南允许的基础原生食材类别
9146,酱混合,DROP,,,不属于指南允许的基础原生食材类别
9147,料料,DROP,,,不属于指南允许的基础原生食材类别
9148,肉鱼,REVIEW,,,可能是原生食材，但频次、命名或类别证据不足
9149,分开,DROP,,,不属于指南允许的基础原生食材类别
9150,燕麦糊,REVIEW,,,可能是原生食材，但频次、命名或类别证据不足
9151,备哦,DROP,,,不属于指南允许的基础原生食材类别
9152,定白菜,REVIEW,,,可能是原生食材，但频次、命名或类别证据不足
9153,香草类,REVIEW,,,可能是原生食材，但频次、命名或类别证据不足
9154,大棒骨,DROP,,,不属于指南允许的基础原生食材类别
9155,杏仁乳,REVIEW,,,可能是原生食材，但频次、命名或类别证据不足
9156,大螃蟹,REVIEW,,,可能是原生食材，但频次、命名或类别证据不足
9157,碟葱末,REVIEW,,,形态描述存在，但原始食材无法确定
9158,粉蛋糕粉,DROP,,,烘焙或乳制加工食品
9159,多红薯,REVIEW,,,可能是原生食材，但频次、命名或类别证据不足
9160,前腿肉五花肉,REVIEW,,,可能是原生食材，但频次、命名或类别证据不足
9161,进去,DROP,,,不属于指南允许的基础原生食材类别
9162,奶油体,DROP,,,烘焙或乳制加工食品
9163,子纯净水,DROP,,,不属于指南允许的基础原生食材类别
9164,汤罐头,DROP,,,成品、半成品或加工食品
9165,多少鱼,DROP,,,数量或单位残留且无法可靠恢复原食材
9166,一种水果,DROP,,,不属于指南允许的基础原生食材类别
9167,意大利麵,DROP,,,不属于指南允许的基础原生食材类别
9168,香菜配菜,REVIEW,,,可能是原生食材，但频次、命名或类别证据不足
9169,大红萝卜,REVIEW,,,可能是原生食材，但频次、命名或类别证据不足
9170,饼原料,DROP,,,不属于指南允许的基础原生食材类别
9171,棵苦菊,DROP,,,不属于指南允许的基础原生食材类别
9172,功能烤箱,DROP,,,不属于指南允许的基础原生食材类别
9173,成小块,REVIEW,,,形态描述存在，但原始食材无法确定
9174,食材』,DROP,,,不属于指南允许的基础原生食材类别
9175,什锦麦片,REVIEW,,,形态描述存在，但原始食材无法确定
9176,甜度炼乳,DROP,,,烘焙或乳制加工食品
9177,下牛奶,DROP,,,饮料、酒类或乳制品不属于本版核心原生食材
9178,多白芝麻,REVIEW,,,可能是原生食材，但频次、命名或类别证据不足
9179,菜菠菜,REVIEW,,,可能是原生食材，但频次、命名或类别证据不足
9180,研磨器,DROP,,,不属于指南允许的基础原生食材类别
9181,橄榄果,DROP,,,不属于指南允许的基础原生食材类别
9182,海苔脆片,DROP,,,成品、半成品或加工食品
9183,进步,DROP,,,不属于指南允许的基础原生食材类别
9184,白芝麻和黑芝麻,SPLIT,36|35,白芝麻|黑芝麻,分隔符明确连接多个独立基础食材；克数无法可靠分摊
9185,色系蔬菜丁,REVIEW,,,形态描述存在，但原始食材无法确定
9186,泡过葡萄干,DROP,,,成品、半成品或加工食品
9187,味玉米片,REVIEW,,,形态描述存在，但原始食材无法确定
9188,丸子豆腐,DROP,,,豆制品或淀粉制品（严格模式排除）
9189,鱼作料,REVIEW,,,可能是原生食材，但频次、命名或类别证据不足
9190,料大料,DROP,,,不属于指南允许的基础原生食材类别
9191,按个人,DROP,,,不属于指南允许的基础原生食材类别
9192,浓浆,DROP,,,不属于指南允许的基础原生食材类别
9193,面鸡蛋,REVIEW,,,可能是原生食材，但频次、命名或类别证据不足
9194,多少米粉,DROP,,,成品、半成品或加工食品
9195,过燕窝纯净水,DROP,,,不属于指南允许的基础原生食材类别
9196,燕麦酸奶,DROP,,,饮料、酒类或乳制品不属于本版核心原生食材
9197,里水果,DROP,,,不属于指南允许的基础原生食材类别
9198,和小葱,REVIEW,,,疑似多食材组合，但无法百分之百确认全部组成
9199,果小番茄,REVIEW,,,可能是原生食材，但频次、命名或类别证据不足
9200,小龙虾肉,REVIEW,,,可能是原生食材，但频次、命名或类别证据不足
9201,蔬菜和肉类,REVIEW,,,疑似多食材组合，但无法百分之百确认全部组成
9202,生姜蒜瓣,REVIEW,,,形态描述存在，但原始食材无法确定
9203,开放式三明治,DROP,,,不属于指南允许的基础原生食材类别
9204,一样洋葱,REVIEW,,,可能是原生食材，但频次、命名或类别证据不足
9205,食材包,DROP,,,不属于指南允许的基础原生食材类别
9206,味」,DROP,,,不属于指南允许的基础原生食材类别
9207,半指水,DROP,,,不属于指南允许的基础原生食材类别
9208,配色红椒,REVIEW,,,可能是原生食材，但频次、命名或类别证据不足
9209,猪肉香肠,DROP,,,加工肉制品
9210,一小段,REVIEW,,,形态描述存在，但原始食材无法确定
9211,面团」,REVIEW,,,可能是原生食材，但频次、命名或类别证据不足
9212,牛奶布丁层,DROP,,,成品、半成品或加工食品
9213,硬面包,DROP,,,烘焙或乳制加工食品
9214,油芝麻,REVIEW,,,可能是原生食材，但频次、命名或类别证据不足
9215,多少意面,DROP,,,数量或单位残留且无法可靠恢复原食材
9216,剩下豆渣,DROP,,,成品、半成品或加工食品
9217,汤量水,DROP,,,不属于指南允许的基础原生食材类别
9218,兵豆,REVIEW,,,可能是原生食材，但频次、命名或类别证据不足
9219,小朵木耳,REVIEW,,,可能是原生食材，但频次、命名或类别证据不足
9220,啫喱,DROP,,,不属于指南允许的基础原生食材类别
9221,猪脊椎骨,REVIEW,,,可能是原生食材，但频次、命名或类别证据不足
9222,陶瓷容器,DROP,,,工具、包装或操作说明
9223,多少饺子,DROP,,,成品、半成品或加工食品
9224,小泰椒,REVIEW,,,可能是原生食材，但频次、命名或类别证据不足
9225,和土豆,REVIEW,,,疑似多食材组合，但无法百分之百确认全部组成
9226,研磨咖啡粉,DROP,,,饮料、酒类或乳制品不属于本版核心原生食材
9227,米一把,DROP,,,数量或单位残留且无法可靠恢复原食材
9228,果冻食材,DROP,,,不属于指南允许的基础原生食材类别
9229,两个土豆,MERGE,12,土豆,修复数量/单位残留
9230,面粉中筋面粉,DROP,,,成品、半成品或加工食品
9231,洋葱配菜,REVIEW,,,可能是原生食材，但频次、命名或类别证据不足
9232,蛋糕可可粉,DROP,,,烘焙或乳制加工食品
9233,可食糯米纸,REVIEW,,,可能是原生食材，但频次、命名或类别证据不足
9234,了南瓜,REVIEW,,,可能是原生食材，但频次、命名或类别证据不足
9235,小餐包,DROP,,,不属于指南允许的基础原生食材类别
9236,猪肉水饺,REVIEW,,,可能是原生食材，但频次、命名或类别证据不足
9237,剁碎姜,REVIEW,,,可能是原生食材，但频次、命名或类别证据不足
9238,各黑,DROP,,,不属于指南允许的基础原生食材类别
9239,擦丝,REVIEW,,,形态描述存在，但原始食材无法确定
9240,多少芒果,DROP,,,数量或单位残留且无法可靠恢复原食材
9241,慕斯圈,DROP,,,成品、半成品或加工食品
9242,『面饼』,REVIEW,,,可能是原生食材，但频次、命名或类别证据不足
9243,味冰皮月饼预拌粉,DROP,,,成品、半成品或加工食品
9244,其他肉,REVIEW,,,可能是原生食材，但频次、命名或类别证据不足
9245,希腊,DROP,,,不属于指南允许的基础原生食材类别
9246,香兰,DROP,,,不属于指南允许的基础原生食材类别
9247,水发海参,REVIEW,,,可能是原生食材，但频次、命名或类别证据不足
9248,核桃馅,REVIEW,,,可能是原生食材，但频次、命名或类别证据不足
9249,卤粉,DROP,,,不属于指南允许的基础原生食材类别
9250,青柠叶,DROP,,,不属于指南允许的基础原生食材类别
9251,大紫薯,REVIEW,,,可能是原生食材，但频次、命名或类别证据不足
9252,番茄糊,REVIEW,,,可能是原生食材，但频次、命名或类别证据不足
9253,杂果,DROP,,,不属于指南允许的基础原生食材类别
9254,麸皮,KEEP,533,麸皮,符合基础原生食材定义
9255,鳄鱼肉干,DROP,,,加工肉制品
9256,枇杷叶,DROP,,,不属于指南允许的基础原生食材类别
9257,红茶水,DROP,,,不属于指南允许的基础原生食材类别
9258,蟹腿肉,REVIEW,,,可能是原生食材，但频次、命名或类别证据不足
9259,鳝鱼,KEEP,526,鳝鱼,符合基础原生食材定义
9260,成熟香蕉,DROP,,,成品、半成品或加工食品
9261,塔菜,REVIEW,,,可能是原生食材，但频次、命名或类别证据不足
9262,城北年糕,DROP,,,成品、半成品或加工食品
9263,蛋黄馅,REVIEW,,,可能是原生食材，但频次、命名或类别证据不足
9264,泡打,DROP,,,不属于指南允许的基础原生食材类别
9265,包浆豆腐,DROP,,,豆制品或淀粉制品（严格模式排除）
9266,玫瑰蜜,DROP,,,调味料不进入基础原生食材表
9267,藕尖,REVIEW,,,可能是原生食材，但频次、命名或类别证据不足
9268,京包菜,REVIEW,,,可能是原生食材，但频次、命名或类别证据不足
9269,新鲜橙子,MERGE,154,橙子,去除确定的鲜冻/去皮去骨描述
9270,改良剂,DROP,,,不属于指南允许的基础原生食材类别
9271,细青椒,REVIEW,,,可能是原生食材，但频次、命名或类别证据不足
9272,草莓牛奶,DROP,,,饮料、酒类或乳制品不属于本版核心原生食材
9273,干油酥,DROP,,,不属于指南允许的基础原生食材类别
9274,韩国海苔,DROP,,,成品、半成品或加工食品
9275,一双手,DROP,,,不属于指南允许的基础原生食材类别
9276,西瓜果肉,REVIEW,,,可能是原生食材，但频次、命名或类别证据不足
9277,潘趣酒,DROP,,,调味料不进入基础原生食材表
9278,熟板栗,DROP,,,成品、半成品或加工食品
9279,鸭头,REVIEW,,,可能是原生食材，但频次、命名或类别证据不足
9280,梅花,DROP,,,不属于指南允许的基础原生食材类别
9281,香菜头,REVIEW,,,可能是原生食材，但频次、命名或类别证据不足
9282,高精面粉,DROP,,,成品、半成品或加工食品
9283,基尾虾,REVIEW,,,可能是原生食材，但频次、命名或类别证据不足
9284,咸蛋黄粉,DROP,,,成品、半成品或加工食品
9285,乳酪糊,DROP,,,不属于指南允许的基础原生食材类别
9286,西洋芹,REVIEW,,,可能是原生食材，但频次、命名或类别证据不足
9287,雞腿,DROP,,,不属于指南允许的基础原生食材类别
9288,低分,DROP,,,不属于指南允许的基础原生食材类别
9289,桂花年糕,DROP,,,调味料不进入基础原生食材表
9290,薄皮核桃,DROP,,,不属于指南允许的基础原生食材类别
9291,摩卡咖啡,DROP,,,饮料、酒类或乳制品不属于本版核心原生食材
9292,黑猪肉馅,REVIEW,,,可能是原生食材，但频次、命名或类别证据不足
9293,苹果梨,KEEP,516,苹果梨,符合基础原生食材定义
9294,尖红辣椒,REVIEW,,,可能是原生食材，但频次、命名或类别证据不足
9295,火麻仁,REVIEW,,,可能是原生食材，但频次、命名或类别证据不足
9296,法棒,DROP,,,不属于指南允许的基础原生食材类别
9297,杏仁蛋糕体,DROP,,,烘焙或乳制加工食品
9298,熟豆浆,DROP,,,成品、半成品或加工食品
9299,面包专粉,DROP,,,烘焙或乳制加工食品
9300,披萨奶酪,DROP,,,烘焙或乳制加工食品
9301,咸蛋清,DROP,,,成品、半成品或加工食品
9302,奶油蘑菇汤,DROP,,,烘焙或乳制加工食品
9303,梅干,DROP,,,不属于指南允许的基础原生食材类别
9304,铁观音茶,DROP,,,饮料、酒类或乳制品不属于本版核心原生食材
9305,斑斓精华,DROP,,,不属于指南允许的基础原生食材类别
9306,标准面粉,DROP,,,成品、半成品或加工食品
9307,酥粒料,DROP,,,不属于指南允许的基础原生食材类别
9308,皮水,DROP,,,不属于指南允许的基础原生食材类别
9309,皂米角,REVIEW,,,可能是原生食材，但频次、命名或类别证据不足
9310,新鲜鸡蛋,MERGE,7,鸡蛋,去除确定的鲜冻/去皮去骨描述
9311,克红豆,MERGE,54,红豆,去除确定的鲜冻/去皮去骨描述
9312,铺面,REVIEW,,,可能是原生食材，但频次、命名或类别证据不足
9313,火锅汤,DROP,,,不属于指南允许的基础原生食材类别
9314,熟南瓜子,DROP,,,成品、半成品或加工食品
9315,温水和面,REVIEW,,,疑似多食材组合，但无法百分之百确认全部组成
9316,土豆饼,REVIEW,,,可能是原生食材，但频次、命名或类别证据不足
9317,大白菜叶,REVIEW,,,可能是原生食材，但频次、命名或类别证据不足
9318,炖菜,REVIEW,,,可能是原生食材，但频次、命名或类别证据不足
9319,饼干层,DROP,,,烘焙或乳制加工食品
9320,瓣姜蒜,REVIEW,,,可能是原生食材，但频次、命名或类别证据不足
9321,克豌豆,MERGE,60,豌豆,去除确定的鲜冻/去皮去骨描述
9322,玉米粥,DROP,,,成品、半成品或加工食品
9323,面包卷,DROP,,,烘焙或乳制加工食品
9324,食材区,DROP,,,不属于指南允许的基础原生食材类别
9325,小彩椒,REVIEW,,,可能是原生食材，但频次、命名或类别证据不足
9326,草莓奶酪,DROP,,,烘焙或乳制加工食品
9327,肉松小贝,DROP,,,加工肉制品
9328,包子皮,DROP,,,成品、半成品或加工食品
9329,也行,DROP,,,不属于指南允许的基础原生食材类别
9330,干紫苏叶,REVIEW,,,可能是原生食材，但频次、命名或类别证据不足
9331,鲢鱼头,REVIEW,,,可能是原生食材，但频次、命名或类别证据不足
9332,猪肋条肉,REVIEW,,,可能是原生食材，但频次、命名或类别证据不足
9333,少量蓝莓,REVIEW,,,可能是原生食材，但频次、命名或类别证据不足
9334,毛芋头,REVIEW,,,可能是原生食材，但频次、命名或类别证据不足
9335,截莲藕,REVIEW,,,可能是原生食材，但频次、命名或类别证据不足
9336,度温开水,DROP,,,不属于指南允许的基础原生食材类别
9337,数量小葱,REVIEW,,,可能是原生食材，但频次、命名或类别证据不足
9338,儿大蒜,REVIEW,,,可能是原生食材，但频次、命名或类别证据不足
9339,干切牛肉,REVIEW,,,可能是原生食材，但频次、命名或类别证据不足
9340,草莓果茸,REVIEW,,,可能是原生食材，但频次、命名或类别证据不足
9341,没过食材水,DROP,,,不属于指南允许的基础原生食材类别
9342,审美,DROP,,,不属于指南允许的基础原生食材类别
9343,潮汕肉饼,REVIEW,,,可能是原生食材，但频次、命名或类别证据不足
9344,奶酪条,DROP,,,烘焙或乳制加工食品
9345,油酥面粉,DROP,,,成品、半成品或加工食品
9346,鲩鱼腩,REVIEW,,,可能是原生食材，但频次、命名或类别证据不足
9347,炖排骨,REVIEW,,,可能是原生食材，但频次、命名或类别证据不足
9348,白蛤,REVIEW,,,可能是原生食材，但频次、命名或类别证据不足
9349,不剥皮大蒜,DROP,,,不属于指南允许的基础原生食材类别
9350,酸奶引子,DROP,,,饮料、酒类或乳制品不属于本版核心原生食材
9351,熏干,DROP,,,不属于指南允许的基础原生食材类别
9352,很多干辣椒,DROP,,,调味料不进入基础原生食材表
9353,芝士碎片芝士,DROP,,,烘焙或乳制加工食品
9354,薄皮椒,DROP,,,不属于指南允许的基础原生食材类别
9355,数张饺子皮,DROP,,,成品、半成品或加工食品
9356,香砂仁,REVIEW,,,可能是原生食材，但频次、命名或类别证据不足
9357,抗性精糊,DROP,,,不属于指南允许的基础原生食材类别
9358,稠原味酸奶,DROP,,,饮料、酒类或乳制品不属于本版核心原生食材
9359,桂圆红枣,REVIEW,,,可能是原生食材，但频次、命名或类别证据不足
9360,镜面层,REVIEW,,,可能是原生食材，但频次、命名或类别证据不足
9361,刷面包全蛋液,DROP,,,工具、包装或操作说明
9362,蛋塔皮,DROP,,,不属于指南允许的基础原生食材类别
9363,青红朝天椒,REVIEW,,,可能是原生食材，但频次、命名或类别证据不足
9364,果珍,DROP,,,不属于指南允许的基础原生食材类别
9365,帕尔玛芝士,DROP,,,烘焙或乳制加工食品
9366,厚蛋烧,REVIEW,,,可能是原生食材，但频次、命名或类别证据不足
9367,熟牛肚,DROP,,,成品、半成品或加工食品
9368,法国粉,DROP,,,不属于指南允许的基础原生食材类别
9369,莫斯利安酸奶,DROP,,,饮料、酒类或乳制品不属于本版核心原生食材
9370,奥利奥巧轻脆,DROP,,,不属于指南允许的基础原生食材类别
9371,白菜干,REVIEW,,,可能是原生食材，但频次、命名或类别证据不足
9372,白土司,DROP,,,不属于指南允许的基础原生食材类别
9373,少量面粉,DROP,,,成品、半成品或加工食品
9374,卤豆腐,DROP,,,豆制品或淀粉制品（严格模式排除）
9375,没限制,DROP,,,不属于指南允许的基础原生食材类别
9376,洋鸡蛋,REVIEW,,,可能是原生食材，但频次、命名或类别证据不足
9377,红叶生菜,REVIEW,,,可能是原生食材，但频次、命名或类别证据不足
9378,后全麦面粉,DROP,,,成品、半成品或加工食品
9379,澄面粉,DROP,,,成品、半成品或加工食品
9380,黑蒜,REVIEW,,,可能是原生食材，但频次、命名或类别证据不足
9381,玫瑰花嘴,DROP,,,调味料不进入基础原生食材表
9382,党参黄芪,DROP,,,不属于指南允许的基础原生食材类别
9383,草寇,DROP,,,不属于指南允许的基础原生食材类别
9384,白寇,DROP,,,不属于指南允许的基础原生食材类别
9385,雀巢鹰唛炼奶,DROP,,,饮料、酒类或乳制品不属于本版核心原生食材
9386,盆里,DROP,,,不属于指南允许的基础原生食材类别
9387,菜丸,REVIEW,,,可能是原生食材，但频次、命名或类别证据不足
9388,动力,DROP,,,不属于指南允许的基础原生食材类别
9389,甜咸,DROP,,,不属于指南允许的基础原生食材类别
9390,定鸡爪,REVIEW,,,可能是原生食材，但频次、命名或类别证据不足
9391,来定水,DROP,,,不属于指南允许的基础原生食材类别
9392,牛肉靡,REVIEW,,,可能是原生食材，但频次、命名或类别证据不足
9393,制酒,DROP,,,调味料不进入基础原生食材表
9394,蒲公英,DROP,,,不属于指南允许的基础原生食材类别
9395,号鸡蛋蛋清,REVIEW,,,可能是原生食材，但频次、命名或类别证据不足
9396,葱切末,REVIEW,,,形态描述存在，但原始食材无法确定
9397,干凉皮,DROP,,,不属于指南允许的基础原生食材类别
9398,黄鸭叫,REVIEW,,,可能是原生食材，但频次、命名或类别证据不足
9399,米豆腐,DROP,,,豆制品或淀粉制品（严格模式排除）
9400,干薄荷叶,DROP,,,调味料不进入基础原生食材表
9401,烫面,REVIEW,,,可能是原生食材，但频次、命名或类别证据不足
9402,巧克力内馅,DROP,,,烘焙或乳制加工食品
9403,各彩椒,REVIEW,,,可能是原生食材，但频次、命名或类别证据不足
9404,芝麻花生米,REVIEW,,,可能是原生食材，但频次、命名或类别证据不足
9405,调好肉馅,REVIEW,,,可能是原生食材，但频次、命名或类别证据不足
9406,板栗仁,REVIEW,,,可能是原生食材，但频次、命名或类别证据不足
9407,白芍,DROP,,,不属于指南允许的基础原生食材类别
9408,信心,DROP,,,不属于指南允许的基础原生食材类别
9409,食鹽,DROP,,,不属于指南允许的基础原生食材类别
9410,鲽鱼身,REVIEW,,,可能是原生食材，但频次、命名或类别证据不足
9411,熏三文鱼,REVIEW,,,可能是原生食材，但频次、命名或类别证据不足
9412,青椒切粒,REVIEW,,,可能是原生食材，但频次、命名或类别证据不足
9413,饰香菜,REVIEW,,,可能是原生食材，但频次、命名或类别证据不足
9414,多少就多少瘦肉,DROP,,,数量或单位残留且无法可靠恢复原食材
9415,山药去皮,DROP,,,不属于指南允许的基础原生食材类别
9416,融化黑巧克力,DROP,,,烘焙或乳制加工食品
9417,灯心草,DROP,,,不属于指南允许的基础原生食材类别
9418,指甲盖大小姜,REVIEW,,,可能是原生食材，但频次、命名或类别证据不足
9419,少量大米,REVIEW,,,可能是原生食材，但频次、命名或类别证据不足
9420,蔬菜肉丸,DROP,,,成品、半成品或加工食品
9421,蒲烧烤鳗,DROP,,,不属于指南允许的基础原生食材类别
9422,鸡全腿,REVIEW,,,可能是原生食材，但频次、命名或类别证据不足
9423,咸柠檬,REVIEW,,,可能是原生食材，但频次、命名或类别证据不足
9424,稻草,DROP,,,不属于指南允许的基础原生食材类别
9425,椰蓉粉,DROP,,,不属于指南允许的基础原生食材类别
9426,南美对虾,REVIEW,,,可能是原生食材，但频次、命名或类别证据不足
9427,面包渣,DROP,,,烘焙或乳制加工食品
9428,号鸡蛋,REVIEW,,,可能是原生食材，但频次、命名或类别证据不足
9429,杏仁小圆饼,REVIEW,,,可能是原生食材，但频次、命名或类别证据不足
9430,甘纳许夹心,DROP,,,不属于指南允许的基础原生食材类别
9431,树莓果茸,DROP,,,不属于指南允许的基础原生食材类别
9432,滑子菇,REVIEW,,,可能是原生食材，但频次、命名或类别证据不足
9433,刻刀,DROP,,,不属于指南允许的基础原生食材类别
9434,麻辣味,DROP,,,不属于指南允许的基础原生食材类别
9435,干红葱头,REVIEW,,,可能是原生食材，但频次、命名或类别证据不足
9436,手摇磨豆机,REVIEW,,,可能是原生食材，但频次、命名或类别证据不足
9437,香菇鹌鹑蛋,REVIEW,,,可能是原生食材，但频次、命名或类别证据不足
9438,李锦记番茄沙司,DROP,,,成品、半成品或加工食品
9439,糕点小麦粉,DROP,,,不属于指南允许的基础原生食材类别
9440,蚝仔,DROP,,,不属于指南允许的基础原生食材类别
9441,苕粉,DROP,,,不属于指南允许的基础原生食材类别
9442,章鱼足,REVIEW,,,可能是原生食材，但频次、命名或类别证据不足
9443,迟菜心,REVIEW,,,可能是原生食材，但频次、命名或类别证据不足
9444,速冻食品,DROP,,,不属于指南允许的基础原生食材类别
9445,野生刺参,DROP,,,不属于指南允许的基础原生食材类别
9446,凤尾鱼,KEEP,564,凤尾鱼,符合基础原生食材定义
9447,普粉,DROP,,,不属于指南允许的基础原生食材类别
9448,开水一壶,DROP,,,不属于指南允许的基础原生食材类别
9449,耐高温玻璃瓶,DROP,,,不属于指南允许的基础原生食材类别
9450,四川辣椒,REVIEW,,,可能是原生食材，但频次、命名或类别证据不足
9451,升水,DROP,,,不属于指南允许的基础原生食材类别
9452,斑兰叶,DROP,,,不属于指南允许的基础原生食材类别
9453,甜胡萝卜,REVIEW,,,可能是原生食材，但频次、命名或类别证据不足
9454,网筛,DROP,,,不属于指南允许的基础原生食材类别
9455,蝶花生米,REVIEW,,,可能是原生食材，但频次、命名或类别证据不足
9456,半截,DROP,,,不属于指南允许的基础原生食材类别
9457,长南瓜,REVIEW,,,可能是原生食材，但频次、命名或类别证据不足
9458,蒜蓉酥,REVIEW,,,可能是原生食材，但频次、命名或类别证据不足
9459,咖啡浓缩液,DROP,,,饮料、酒类或乳制品不属于本版核心原生食材
9460,迷你土豆,REVIEW,,,可能是原生食材，但频次、命名或类别证据不足
9461,全麦鲁邦种,REVIEW,,,可能是原生食材，但频次、命名或类别证据不足
9462,生菜叶子,REVIEW,,,可能是原生食材，但频次、命名或类别证据不足
9463,泡好奶粉,DROP,,,烘焙或乳制加工食品
9464,节甘蔗,DROP,,,不属于指南允许的基础原生食材类别
9465,豉油皇,DROP,,,不属于指南允许的基础原生食材类别
9466,冰冻矿泉水,DROP,,,不属于指南允许的基础原生食材类别
9467,辣椒二荆条,REVIEW,,,可能是原生食材，但频次、命名或类别证据不足
9468,半白芝麻,REVIEW,,,可能是原生食材，但频次、命名或类别证据不足
9469,剥皮辣椒,DROP,,,不属于指南允许的基础原生食材类别
9470,墨鱼意面,REVIEW,,,可能是原生食材，但频次、命名或类别证据不足
9471,梅菜笋丝,REVIEW,,,形态描述存在，但原始食材无法确定
9472,焖烧罐,DROP,,,不属于指南允许的基础原生食材类别
9473,莜面粉,DROP,,,成品、半成品或加工食品
9474,霉干菜,REVIEW,,,可能是原生食材，但频次、命名或类别证据不足
9475,仔鸡,REVIEW,,,可能是原生食材，但频次、命名或类别证据不足
9476,辣三丁,REVIEW,,,形态描述存在，但原始食材无法确定
9477,陳皮,DROP,,,不属于指南允许的基础原生食材类别
9478,面粉吸水量水,DROP,,,成品、半成品或加工食品
9479,速溶吉士粉,DROP,,,不属于指南允许的基础原生食材类别
9480,干肠,DROP,,,成品、半成品或加工食品
9481,王后日式吐司粉,DROP,,,烘焙或乳制加工食品
9482,棵酸菜,DROP,,,成品、半成品或加工食品
9483,香菜切段,REVIEW,,,形态描述存在，但原始食材无法确定
9484,簇金针菇,REVIEW,,,可能是原生食材，但频次、命名或类别证据不足
9485,方形蛋糕胚,DROP,,,烘焙或乳制加工食品
9486,鹅肠,DROP,,,成品、半成品或加工食品
9487,金像高筋面粉,DROP,,,成品、半成品或加工食品
9488,朱古力,DROP,,,不属于指南允许的基础原生食材类别
9489,各黄瓜,REVIEW,,,可能是原生食材，但频次、命名或类别证据不足
9490,鱼竹轮,REVIEW,,,可能是原生食材，但频次、命名或类别证据不足
9491,三文鱼刺身,REVIEW,,,可能是原生食材，但频次、命名或类别证据不足
9492,图一,DROP,,,不属于指南允许的基础原生食材类别
9493,泰国青柠,DROP,,,不属于指南允许的基础原生食材类别
9494,白凉粉粉,DROP,,,不属于指南允许的基础原生食材类别
9495,红衣花生,DROP,,,不属于指南允许的基础原生食材类别
9496,就好辣白菜,DROP,,,不属于指南允许的基础原生食材类别
9497,风味鸡,REVIEW,,,可能是原生食材，但频次、命名或类别证据不足
9498,炙甘草,DROP,,,不属于指南允许的基础原生食材类别
9499,鱼肚,DROP,,,不属于指南允许的基础原生食材类别
9500,小茴,DROP,,,不属于指南允许的基础原生食材类别
9501,黄油融化,DROP,,,烘焙或乳制加工食品
9502,奥利奥樱花饼干,DROP,,,烘焙或乳制加工食品
9503,饰品,DROP,,,不属于指南允许的基础原生食材类别
9504,姜葱水,REVIEW,,,可能是原生食材，但频次、命名或类别证据不足
9505,情趣,DROP,,,不属于指南允许的基础原生食材类别
9506,大朵银耳,REVIEW,,,可能是原生食材，但频次、命名或类别证据不足
9507,姜姜姜,REVIEW,,,可能是原生食材，但频次、命名或类别证据不足
9508,香葱粒,REVIEW,,,可能是原生食材，但频次、命名或类别证据不足
9509,瓣蒜头,MERGE,2,蒜,去除确定的鲜冻/去皮去骨描述
9510,奥尔良烧烤料,DROP,,,不属于指南允许的基础原生食材类别
9511,红黄绿彩椒,REVIEW,,,可能是原生食材，但频次、命名或类别证据不足
9512,海底捞火锅料,DROP,,,不属于指南允许的基础原生食材类别
9513,后胡萝卜,REVIEW,,,可能是原生食材，但频次、命名或类别证据不足
9514,奇福饼干,DROP,,,烘焙或乳制加工食品
9515,熟紫薯泥,DROP,,,成品、半成品或加工食品
9516,支竹,DROP,,,不属于指南允许的基础原生食材类别
9517,谷优饼干,DROP,,,烘焙或乳制加工食品
9518,山羊乳酪,REVIEW,,,可能是原生食材，但频次、命名或类别证据不足
9519,川贝母,DROP,,,调味料不进入基础原生食材表
9520,半量杯大米,REVIEW,,,可能是原生食材，但频次、命名或类别证据不足
9521,刷表面蛋黄,DROP,,,工具、包装或操作说明
9522,一段黄瓜,REVIEW,,,可能是原生食材，但频次、命名或类别证据不足
9523,熟薏米,DROP,,,成品、半成品或加工食品
9524,鲜土茯苓,DROP,,,不属于指南允许的基础原生食材类别
9525,绿柠檬,REVIEW,,,可能是原生食材，但频次、命名或类别证据不足
9526,韓國辣椒醬,REVIEW,,,可能是原生食材，但频次、命名或类别证据不足
9527,味切片面包,DROP,,,烘焙或乳制加工食品
9528,两枚鸡蛋,REVIEW,,,可能是原生食材，但频次、命名或类别证据不足
9529,低面粉,DROP,,,成品、半成品或加工食品
9530,葱短,REVIEW,,,可能是原生食材，但频次、命名或类别证据不足
9531,青辣椒圈,REVIEW,,,可能是原生食材，但频次、命名或类别证据不足
9532,金锣火腿肠,DROP,,,加工肉制品
9533,两段大葱,REVIEW,,,可能是原生食材，但频次、命名或类别证据不足
9534,草莓利口酒,DROP,,,调味料不进入基础原生食材表
9535,意式萨拉米,REVIEW,,,可能是原生食材，但频次、命名或类别证据不足
9536,洛施玫瑰花,DROP,,,调味料不进入基础原生食材表
9537,姬菇,REVIEW,,,可能是原生食材，但频次、命名或类别证据不足
9538,鸡蛋量蛋清,REVIEW,,,可能是原生食材，但频次、命名或类别证据不足
9539,哈蜜瓜,REVIEW,,,可能是原生食材，但频次、命名或类别证据不足
9540,素丸,DROP,,,不属于指南允许的基础原生食材类别
9541,法芙娜黑巧克力,DROP,,,烘焙或乳制加工食品
9542,木耳菜,KEEP,538,木耳菜,符合基础原生食材定义
9543,瘦肉沫,REVIEW,,,可能是原生食材，但频次、命名或类别证据不足
9544,少量生姜,REVIEW,,,可能是原生食材，但频次、命名或类别证据不足
9545,青菜叶子,REVIEW,,,可能是原生食材，但频次、命名或类别证据不足
9546,见图一,DROP,,,不属于指南允许的基础原生食材类别
9547,云南酸菜,DROP,,,成品、半成品或加工食品
9548,青杭椒,REVIEW,,,可能是原生食材，但频次、命名或类别证据不足
9549,滇红玫瑰花瓣,DROP,,,调味料不进入基础原生食材表
9550,自己口味调整,DROP,,,不属于指南允许的基础原生食材类别
9551,抓小米,REVIEW,,,可能是原生食材，但频次、命名或类别证据不足
9552,抓糙米,REVIEW,,,可能是原生食材，但频次、命名或类别证据不足
9553,定西兰花,REVIEW,,,可能是原生食材，但频次、命名或类别证据不足
9554,白茅根,DROP,,,不属于指南允许的基础原生食材类别
9555,烘培纸,DROP,,,不属于指南允许的基础原生食材类别
9556,自己吃,DROP,,,不属于指南允许的基础原生食材类别
9557,白菜馅,REVIEW,,,可能是原生食材，但频次、命名或类别证据不足
9558,麻食,DROP,,,不属于指南允许的基础原生食材类别
9559,鲜木耳,MERGE,33,木耳,去除确定的鲜冻/去皮去骨描述
9560,黄油小块,DROP,,,烘焙或乳制加工食品
9561,1⁄4个洋葱,DROP,,,数量或单位残留且无法可靠恢复原食材
9562,戚风底,DROP,,,不属于指南允许的基础原生食材类别
9563,葱苗,REVIEW,,,可能是原生食材，但频次、命名或类别证据不足
9564,树皮,DROP,,,不属于指南允许的基础原生食材类别
9565,灌肠器,DROP,,,不属于指南允许的基础原生食材类别
9566,德国酸菜,DROP,,,成品、半成品或加工食品
9567,准备咸蛋黄,DROP,,,成品、半成品或加工食品
9568,清炖牛腩,REVIEW,,,可能是原生食材，但频次、命名或类别证据不足
9569,湖头米粉,DROP,,,成品、半成品或加工食品
9570,黑豆面,REVIEW,,,可能是原生食材，但频次、命名或类别证据不足
9571,台湾凤梨,REVIEW,,,可能是原生食材，但频次、命名或类别证据不足
9572,陈肾,DROP,,,不属于指南允许的基础原生食材类别
9573,王中王火腿,DROP,,,加工肉制品
9574,可可味滋滋,DROP,,,不属于指南允许的基础原生食材类别
9575,桔梗,DROP,,,不属于指南允许的基础原生食材类别
9576,我没加,DROP,,,不属于指南允许的基础原生食材类别
9577,卤鹅肉,REVIEW,,,可能是原生食材，但频次、命名或类别证据不足
9578,生核桃仁,REVIEW,,,可能是原生食材，但频次、命名或类别证据不足
9579,鲻鱼,KEEP,577,鲻鱼,符合基础原生食材定义
9580,节脆藕,REVIEW,,,可能是原生食材，但频次、命名或类别证据不足
9581,腊鸡,REVIEW,,,可能是原生食材，但频次、命名或类别证据不足
9582,表面撒料,REVIEW,,,可能是原生食材，但频次、命名或类别证据不足
9583,子冰块,REVIEW,,,形态描述存在，但原始食材无法确定
9584,天然矿泉水,DROP,,,不属于指南允许的基础原生食材类别
9585,芒果粉,REVIEW,,,可能是原生食材，但频次、命名或类别证据不足
9586,麦饼,REVIEW,,,可能是原生食材，但频次、命名或类别证据不足
9587,绵羊奶酪,DROP,,,烘焙或乳制加工食品
9588,布里芝士,DROP,,,烘焙或乳制加工食品
9589,一盏燕窝,DROP,,,不属于指南允许的基础原生食材类别
9590,剔骨刀,DROP,,,不属于指南允许的基础原生食材类别
9591,黑麦天然酵种,REVIEW,,,可能是原生食材，但频次、命名或类别证据不足
9592,盆面粉,DROP,,,成品、半成品或加工食品
9593,水笋,REVIEW,,,可能是原生食材，但频次、命名或类别证据不足
9594,黄油饼干底,DROP,,,烘焙或乳制加工食品
9595,培根卷,DROP,,,加工肉制品
9596,香水鱼料,REVIEW,,,可能是原生食材，但频次、命名或类别证据不足
9597,麻姑米粉,DROP,,,成品、半成品或加工食品
9598,直径圆模,DROP,,,不属于指南允许的基础原生食材类别
9599,奶油饼干,DROP,,,烘焙或乳制加工食品
9600,青葱碎,REVIEW,,,形态描述存在，但原始食材无法确定
9601,香料百里香,DROP,,,调味料不进入基础原生食材表
9602,啦生菜,REVIEW,,,可能是原生食材，但频次、命名或类别证据不足
9603,笋尖,REVIEW,,,可能是原生食材，但频次、命名或类别证据不足
9604,干小米辣,REVIEW,,,可能是原生食材，但频次、命名或类别证据不足
9605,西班牙火腿,DROP,,,加工肉制品
9606,植物油少量,DROP,,,不属于指南允许的基础原生食材类别
9607,灵魂蘸料,DROP,,,不属于指南允许的基础原生食材类别
9608,雀巢奶粉,DROP,,,烘焙或乳制加工食品
9609,酸姜,REVIEW,,,可能是原生食材，但频次、命名或类别证据不足
9610,纯肋排,DROP,,,不属于指南允许的基础原生食材类别
9611,花叶生菜,REVIEW,,,可能是原生食材，但频次、命名或类别证据不足
9612,一段白萝卜,REVIEW,,,可能是原生食材，但频次、命名或类别证据不足
9613,独头蒜蒜,REVIEW,,,可能是原生食材，但频次、命名或类别证据不足
9614,紅甜椒,REVIEW,,,可能是原生食材，但频次、命名或类别证据不足
9615,面团全麦粉,REVIEW,,,可能是原生食材，但频次、命名或类别证据不足
9616,面团高筋粉,REVIEW,,,可能是原生食材，但频次、命名或类别证据不足
9617,青萝卜一个,MERGE,232,青萝卜,修复数量/单位残留
9618,朵蒜,MERGE,2,蒜,去除确定的鲜冻/去皮去骨描述
9619,自由搭配配菜,REVIEW,,,可能是原生食材，但频次、命名或类别证据不足
9620,红茶红茶,DROP,,,饮料、酒类或乳制品不属于本版核心原生食材
9621,肉红枣,REVIEW,,,可能是原生食材，但频次、命名或类别证据不足
9622,紫圆葱,REVIEW,,,可能是原生食材，但频次、命名或类别证据不足
9623,熟面条,DROP,,,成品、半成品或加工食品
9624,千禧,DROP,,,不属于指南允许的基础原生食材类别
9625,贝壳粉,REVIEW,,,可能是原生食材，但频次、命名或类别证据不足
9626,芋子,REVIEW,,,可能是原生食材，但频次、命名或类别证据不足
9627,鱼子,REVIEW,,,可能是原生食材，但频次、命名或类别证据不足
9628,鲜竹叶,DROP,,,不属于指南允许的基础原生食材类别
9629,炸拌海苔,DROP,,,成品、半成品或加工食品
9630,你手,DROP,,,不属于指南允许的基础原生食材类别
9631,紫草,DROP,,,不属于指南允许的基础原生食材类别
9632,头紫洋葱,REVIEW,,,可能是原生食材，但频次、命名或类别证据不足
9633,绿菜,REVIEW,,,可能是原生食材，但频次、命名或类别证据不足
9634,简单食材,DROP,,,不属于指南允许的基础原生食材类别
9635,榨汁柠檬,REVIEW,,,可能是原生食材，但频次、命名或类别证据不足
9636,橙子切片,REVIEW,,,形态描述存在，但原始食材无法确定
9637,子蛋白粉,REVIEW,,,可能是原生食材，但频次、命名或类别证据不足
9638,挞液,DROP,,,不属于指南允许的基础原生食材类别
9639,颜色彩椒,REVIEW,,,可能是原生食材，但频次、命名或类别证据不足
9640,株香菜,REVIEW,,,可能是原生食材，但频次、命名或类别证据不足
9641,樱桃小番茄,REVIEW,,,可能是原生食材，但频次、命名或类别证据不足
9642,杜松子,REVIEW,,,可能是原生食材，但频次、命名或类别证据不足
9643,欧芹粉,REVIEW,,,可能是原生食材，但频次、命名或类别证据不足
9644,酸蒜头,REVIEW,,,可能是原生食材，但频次、命名或类别证据不足
9645,任意果干,DROP,,,成品、半成品或加工食品
9646,鲜水果,DROP,,,不属于指南允许的基础原生食材类别
9647,酸乳,DROP,,,不属于指南允许的基础原生食材类别
9648,石屏豆皮,DROP,,,豆制品或淀粉制品（严格模式排除）
9649,肥五花,REVIEW,,,可能是原生食材，但频次、命名或类别证据不足
9650,蛋糕屑,DROP,,,烘焙或乳制加工食品
9651,干海参,REVIEW,,,可能是原生食材，但频次、命名或类别证据不足
9652,泡米水,REVIEW,,,可能是原生食材，但频次、命名或类别证据不足
9653,洋槐花,KEEP,540,洋槐花,符合基础原生食材定义
9654,什香草,REVIEW,,,可能是原生食材，但频次、命名或类别证据不足
9655,味琳,DROP,,,不属于指南允许的基础原生食材类别
9656,青柿子椒,REVIEW,,,可能是原生食材，但频次、命名或类别证据不足
9657,姜未,REVIEW,,,可能是原生食材，但频次、命名或类别证据不足
9658,水东芥菜,REVIEW,,,可能是原生食材，但频次、命名或类别证据不足
9659,甜菜头,KEEP,542,甜菜头,符合基础原生食材定义
9660,腥味,DROP,,,不属于指南允许的基础原生食材类别
9661,腰果仁,REVIEW,,,可能是原生食材，但频次、命名或类别证据不足
9662,味拌饭海苔,DROP,,,成品、半成品或加工食品
9663,棵香葱,REVIEW,,,可能是原生食材，但频次、命名或类别证据不足
9664,酸樱桃,REVIEW,,,可能是原生食材，但频次、命名或类别证据不足
9665,子面包糠,DROP,,,烘焙或乳制加工食品
9666,蒜大蒜,REVIEW,,,可能是原生食材，但频次、命名或类别证据不足
9667,少量迷迭香,DROP,,,调味料不进入基础原生食材表
9668,白菜酸菜,DROP,,,成品、半成品或加工食品
9669,大列巴,DROP,,,不属于指南允许的基础原生食材类别
9670,三华李,REVIEW,,,可能是原生食材，但频次、命名或类别证据不足
9671,梭鱼,REVIEW,,,可能是原生食材，但频次、命名或类别证据不足
9672,肉冻,REVIEW,,,可能是原生食材，但频次、命名或类别证据不足
9673,猪肉里脊肉,REVIEW,,,可能是原生食材，但频次、命名或类别证据不足
9674,成椰浆,DROP,,,饮料、酒类或乳制品不属于本版核心原生食材
9675,椒混合,REVIEW,,,可能是原生食材，但频次、命名或类别证据不足
9676,金牌高达椰浆,DROP,,,饮料、酒类或乳制品不属于本版核心原生食材
9677,星牌马蹄粉,DROP,,,不属于指南允许的基础原生食材类别
9678,安佳马苏里拉芝士,DROP,,,烘焙或乳制加工食品
9679,越多越好芝士,DROP,,,烘焙或乳制加工食品
9680,干海米,DROP,,,成品、半成品或加工食品
9681,高钙奶粉,DROP,,,烘焙或乳制加工食品
9682,高乐高,DROP,,,不属于指南允许的基础原生食材类别
9683,冰块儿,DROP,,,不属于指南允许的基础原生食材类别
9684,鸡肾,REVIEW,,,可能是原生食材，但频次、命名或类别证据不足
9685,牛展肉,REVIEW,,,可能是原生食材，但频次、命名或类别证据不足
9686,丰稻花香五常大米,REVIEW,,,可能是原生食材，但频次、命名或类别证据不足
9687,粗玉米面,REVIEW,,,可能是原生食材，但频次、命名或类别证据不足
9688,低精面粉,DROP,,,成品、半成品或加工食品
9689,黑小麦粉,REVIEW,,,可能是原生食材，但频次、命名或类别证据不足
9690,寸戚风,DROP,,,不属于指南允许的基础原生食材类别
9691,少量黑芝麻,REVIEW,,,可能是原生食材，但频次、命名或类别证据不足
9692,鲜甜玉米粒,REVIEW,,,可能是原生食材，但频次、命名或类别证据不足
9693,饼干渣,DROP,,,烘焙或乳制加工食品
9694,喜大牛肉粉,REVIEW,,,可能是原生食材，但频次、命名或类别证据不足
9695,蘑菇干,REVIEW,,,可能是原生食材，但频次、命名或类别证据不足
9696,玉米煎饼,REVIEW,,,可能是原生食材，但频次、命名或类别证据不足
9697,虎乳菌,REVIEW,,,可能是原生食材，但频次、命名或类别证据不足
9698,五花肉薄片,REVIEW,,,形态描述存在，但原始食材无法确定
9699,新鲜牛肉,MERGE,8,牛肉,去除确定的鲜冻/去皮去骨描述
9700,截玉米,REVIEW,,,可能是原生食材，但频次、命名或类别证据不足
9701,几克葱花,DROP,,,数量或单位残留且无法可靠恢复原食材
9702,淮山干,DROP,,,不属于指南允许的基础原生食材类别
9703,多少放多少杏鲍菇,DROP,,,数量或单位残留且无法可靠恢复原食材
9704,富士苹果,REVIEW,,,可能是原生食材，但频次、命名或类别证据不足
9705,吉利粉,DROP,,,不属于指南允许的基础原生食材类别
9706,辣香肠,DROP,,,加工肉制品
9707,香菇精,REVIEW,,,可能是原生食材，但频次、命名或类别证据不足
9708,生姜蓉,REVIEW,,,可能是原生食材，但频次、命名或类别证据不足
9709,冬蜜,DROP,,,不属于指南允许的基础原生食材类别
9710,细芹菜,REVIEW,,,可能是原生食材，但频次、命名或类别证据不足
9711,柠檬柠檬皮,DROP,,,不属于指南允许的基础原生食材类别
9712,枸杞叶,KEEP,539,枸杞叶,符合基础原生食材定义
9713,少量葱姜蒜,REVIEW,,,可能是原生食材，但频次、命名或类别证据不足
9714,白蚬子,REVIEW,,,可能是原生食材，但频次、命名或类别证据不足
9715,叶香菜,REVIEW,,,可能是原生食材，但频次、命名或类别证据不足
9716,西瓜瓜皮西瓜皮,DROP,,,不属于指南允许的基础原生食材类别
9717,跟胡萝卜,REVIEW,,,可能是原生食材，但频次、命名或类别证据不足
9718,螺片,REVIEW,,,形态描述存在，但原始食材无法确定
9719,海兔,DROP,,,不属于指南允许的基础原生食材类别
9720,鲮鱼滑,DROP,,,成品、半成品或加工食品
9721,五常稻花香大米,REVIEW,,,可能是原生食材，但频次、命名或类别证据不足
9722,锅热水,DROP,,,不属于指南允许的基础原生食材类别
9723,黑米面,REVIEW,,,可能是原生食材，但频次、命名或类别证据不足
9724,云腿,DROP,,,不属于指南允许的基础原生食材类别
9725,皖鱼,REVIEW,,,可能是原生食材，但频次、命名或类别证据不足
9726,洋葱碎,MERGE,5,洋葱,去除切片/切块/切丁等形态描述
9727,就行葱姜蒜,REVIEW,,,可能是原生食材，但频次、命名或类别证据不足
9728,中宁枸杞,REVIEW,,,可能是原生食材，但频次、命名或类别证据不足
9729,莲子粉,REVIEW,,,可能是原生食材，但频次、命名或类别证据不足
9730,妈妈做,DROP,,,不属于指南允许的基础原生食材类别
9731,薄脆饼底,DROP,,,不属于指南允许的基础原生食材类别
9732,慕斯食材,DROP,,,成品、半成品或加工食品
9733,冷馒头,DROP,,,成品、半成品或加工食品
9734,多少放多少五花肉,DROP,,,数量或单位残留且无法可靠恢复原食材
9735,黄柠檬皮,DROP,,,不属于指南允许的基础原生食材类别
9736,永和豆浆粉,DROP,,,成品、半成品或加工食品
9737,广东菜心,REVIEW,,,可能是原生食材，但频次、命名或类别证据不足
9738,花生蛋白,REVIEW,,,可能是原生食材，但频次、命名或类别证据不足
9739,机全麦粉,REVIEW,,,可能是原生食材，但频次、命名或类别证据不足
9740,法式老面,REVIEW,,,可能是原生食材，但频次、命名或类别证据不足
9741,种巧克力,DROP,,,烘焙或乳制加工食品
9742,青海椒,REVIEW,,,可能是原生食材，但频次、命名或类别证据不足
9743,烘培奶粉,DROP,,,烘焙或乳制加工食品
9744,脂肪,DROP,,,不属于指南允许的基础原生食材类别
9745,德运脱脂奶粉,DROP,,,烘焙或乳制加工食品
9746,本地青椒,REVIEW,,,可能是原生食材，但频次、命名或类别证据不足
9747,鲜小米椒,MERGE,18,小米椒,去除确定的鲜冻/去皮去骨描述
9748,剩下蛋白,REVIEW,,,可能是原生食材，但频次、命名或类别证据不足
9749,油皮料,DROP,,,不属于指南允许的基础原生食材类别
9750,罗勒叶迷迭香,DROP,,,调味料不进入基础原生食材表
9751,燕皮,DROP,,,不属于指南允许的基础原生食材类别
9752,趣多多饼干,DROP,,,烘焙或乳制加工食品
9753,动手,DROP,,,不属于指南允许的基础原生食材类别
9754,馅料料,DROP,,,不属于指南允许的基础原生食材类别
9755,各种果仁,REVIEW,,,可能是原生食材，但频次、命名或类别证据不足
9756,小笼包,DROP,,,不属于指南允许的基础原生食材类别
9757,芝士马苏里拉芝士,DROP,,,烘焙或乳制加工食品
9758,子奶粉,DROP,,,烘焙或乳制加工食品
9759,色欧克皮,DROP,,,不属于指南允许的基础原生食材类别
9760,生蠔,DROP,,,不属于指南允许的基础原生食材类别
9761,谷物面粉,DROP,,,成品、半成品或加工食品
9762,金丝皇菊,DROP,,,不属于指南允许的基础原生食材类别
9763,阳山水蜜桃,REVIEW,,,可能是原生食材，但频次、命名或类别证据不足
9764,千层饼,DROP,,,不属于指南允许的基础原生食材类别
9765,芬达,DROP,,,不属于指南允许的基础原生食材类别
9766,姜切丁,REVIEW,,,形态描述存在，但原始食材无法确定
9767,牛油果果肉,REVIEW,,,可能是原生食材，但频次、命名或类别证据不足
9768,优质五花肉,REVIEW,,,可能是原生食材，但频次、命名或类别证据不足
9769,玫瑰层,DROP,,,调味料不进入基础原生食材表
9770,爱吃食材,DROP,,,不属于指南允许的基础原生食材类别
9771,葱段姜片蒜头,REVIEW,,,可能是原生食材，但频次、命名或类别证据不足
9772,日本拉面,REVIEW,,,可能是原生食材，但频次、命名或类别证据不足
9773,玻璃肉,REVIEW,,,可能是原生食材，但频次、命名或类别证据不足
9774,玉米皮,DROP,,,不属于指南允许的基础原生食材类别
9775,定意大利面,DROP,,,成品、半成品或加工食品
9776,辣椒小米辣,REVIEW,,,可能是原生食材，但频次、命名或类别证据不足
9777,水洗红豆沙,DROP,,,成品、半成品或加工食品
9778,拇指饼干,DROP,,,烘焙或乳制加工食品
9779,玫瑰花蕾,DROP,,,调味料不进入基础原生食材表
9780,自定猪肉,REVIEW,,,可能是原生食材，但频次、命名或类别证据不足
9781,空心菜杆,REVIEW,,,可能是原生食材，但频次、命名或类别证据不足
9782,一半燕麦,REVIEW,,,可能是原生食材，但频次、命名或类别证据不足
9783,水磨粘米粉,DROP,,,成品、半成品或加工食品
9784,海蛎子肉,REVIEW,,,可能是原生食材，但频次、命名或类别证据不足
9785,小包菜,REVIEW,,,可能是原生食材，但频次、命名或类别证据不足
9786,鸡蛋加牛奶,DROP,,,饮料、酒类或乳制品不属于本版核心原生食材
9787,咸笋,REVIEW,,,可能是原生食材，但频次、命名或类别证据不足
9788,里脊肉末,REVIEW,,,形态描述存在，但原始食材无法确定
9789,蛋黃,REVIEW,,,可能是原生食材，但频次、命名或类别证据不足
9790,口袋饼,DROP,,,不属于指南允许的基础原生食材类别
9791,水果彩椒,REVIEW,,,可能是原生食材，但频次、命名或类别证据不足
9792,绿色朝天椒,REVIEW,,,可能是原生食材，但频次、命名或类别证据不足
9793,绿叶生菜,REVIEW,,,可能是原生食材，但频次、命名或类别证据不足
9794,葱蒜青红椒,REVIEW,,,可能是原生食材，但频次、命名或类别证据不足
9795,鲜朝天椒,MERGE,95,朝天椒,去除确定的鲜冻/去皮去骨描述
9796,水果类,DROP,,,不属于指南允许的基础原生食材类别
9797,金丝蜜枣,REVIEW,,,可能是原生食材，但频次、命名或类别证据不足
9798,牛脖骨,REVIEW,,,可能是原生食材，但频次、命名或类别证据不足
9799,大肉,REVIEW,,,可能是原生食材，但频次、命名或类别证据不足
9800,嘎鱼,REVIEW,,,可能是原生食材，但频次、命名或类别证据不足
9801,黄豆黑豆,REVIEW,,,可能是原生食材，但频次、命名或类别证据不足
9802,四角豆,REVIEW,,,可能是原生食材，但频次、命名或类别证据不足
9803,基地,DROP,,,不属于指南允许的基础原生食材类别
9804,川宁红茶,DROP,,,饮料、酒类或乳制品不属于本版核心原生食材
9805,澱粉,DROP,,,不属于指南允许的基础原生食材类别
9806,萄葡干,DROP,,,不属于指南允许的基础原生食材类别
9807,牛奶红豆馅,DROP,,,饮料、酒类或乳制品不属于本版核心原生食材
9808,圆形蛋糕胚,DROP,,,烘焙或乳制加工食品
9809,特仑苏,DROP,,,不属于指南允许的基础原生食材类别
9810,拍碎大蒜,REVIEW,,,可能是原生食材，但频次、命名或类别证据不足
9811,定牙签,DROP,,,工具、包装或操作说明
9812,大米大米,REVIEW,,,可能是原生食材，但频次、命名或类别证据不足
9813,猪肥膘,REVIEW,,,可能是原生食材，但频次、命名或类别证据不足
9814,炒炖香,DROP,,,不属于指南允许的基础原生食材类别
9815,自己量米饭,DROP,,,成品、半成品或加工食品
9816,尖青椒,REVIEW,,,可能是原生食材，但频次、命名或类别证据不足
9817,少量可可粉,DROP,,,成品、半成品或加工食品
9818,就够了芝麻,REVIEW,,,可能是原生食材，但频次、命名或类别证据不足
9819,纯咖啡粉,DROP,,,饮料、酒类或乳制品不属于本版核心原生食材
9820,少量青椒,REVIEW,,,可能是原生食材，但频次、命名或类别证据不足
9821,蓝多马苏里拉奶酪,DROP,,,烘焙或乳制加工食品
9822,萝卜红萝卜,REVIEW,,,可能是原生食材，但频次、命名或类别证据不足
9823,可可脂白巧克力,DROP,,,烘焙或乳制加工食品
9824,血肠,DROP,,,成品、半成品或加工食品
9825,清江鱼,REVIEW,,,可能是原生食材，但频次、命名或类别证据不足
9826,任何青菜,REVIEW,,,可能是原生食材，但频次、命名或类别证据不足
9827,公仔面,REVIEW,,,可能是原生食材，但频次、命名或类别证据不足
9828,人饭量米,REVIEW,,,可能是原生食材，但频次、命名或类别证据不足
9829,杏仁葡萄干,DROP,,,成品、半成品或加工食品
9830,面团一个,DROP,,,数量或单位残留且无法可靠恢复原食材
9831,山茶花面粉,DROP,,,成品、半成品或加工食品
9832,饼皮料,DROP,,,不属于指南允许的基础原生食材类别
9833,壶热水,DROP,,,不属于指南允许的基础原生食材类别
9834,澳芒,DROP,,,不属于指南允许的基础原生食材类别
9835,苦笋,REVIEW,,,可能是原生食材，但频次、命名或类别证据不足
9836,菱角,KEEP,552,菱角,符合基础原生食材定义
9837,芝士蛋糕底,DROP,,,烘焙或乳制加工食品
9838,奥利奥夹馅,DROP,,,不属于指南允许的基础原生食材类别
9839,三段大葱,REVIEW,,,可能是原生食材，但频次、命名或类别证据不足
9840,°C温水,DROP,,,不属于指南允许的基础原生食材类别
9841,泡软葡萄干,DROP,,,成品、半成品或加工食品
9842,奥尔良鸡翅粉,REVIEW,,,可能是原生食材，但频次、命名或类别证据不足
9843,葱生姜,REVIEW,,,可能是原生食材，但频次、命名或类别证据不足
9844,披萨烤盘,DROP,,,工具、包装或操作说明
9845,很熟香蕉,DROP,,,成品、半成品或加工食品
9846,银丝面,REVIEW,,,可能是原生食材，但频次、命名或类别证据不足
9847,口味调整小米辣,REVIEW,,,可能是原生食材，但频次、命名或类别证据不足
9848,速冻蛋挞皮,DROP,,,成品、半成品或加工食品
9849,脆粒,DROP,,,不属于指南允许的基础原生食材类别
9850,甜馅,DROP,,,不属于指南允许的基础原生食材类别
9851,各种,DROP,,,不属于指南允许的基础原生食材类别
9852,柔风,DROP,,,不属于指南允许的基础原生食材类别
9853,佳乐椰浆,DROP,,,饮料、酒类或乳制品不属于本版核心原生食材
9854,拍碎蒜头,REVIEW,,,可能是原生食材，但频次、命名或类别证据不足
9855,面包料,DROP,,,烘焙或乳制加工食品
9856,半面粉,DROP,,,成品、半成品或加工食品
9857,浓咖啡粉,DROP,,,饮料、酒类或乳制品不属于本版核心原生食材
9858,米面粉,DROP,,,成品、半成品或加工食品
9859,青圆椒,REVIEW,,,可能是原生食材，但频次、命名或类别证据不足
9860,酸汤肥牛料,REVIEW,,,可能是原生食材，但频次、命名或类别证据不足
9861,桂花乌龙茶包,DROP,,,调味料不进入基础原生食材表
9862,杂粮煎饼粉,DROP,,,不属于指南允许的基础原生食材类别
9863,节南瓜,REVIEW,,,可能是原生食材，但频次、命名或类别证据不足
9864,子大米,REVIEW,,,可能是原生食材，但频次、命名或类别证据不足
9865,苤蓝,KEEP,548,苤蓝,符合基础原生食材定义
9866,甜菜椒,REVIEW,,,可能是原生食材，但频次、命名或类别证据不足
9867,甜白洋葱,REVIEW,,,可能是原生食材，但频次、命名或类别证据不足
9868,水果辣椒,REVIEW,,,可能是原生食材，但频次、命名或类别证据不足
9869,山鸡蛋,REVIEW,,,可能是原生食材，但频次、命名或类别证据不足
9870,罗勒迷迭香,DROP,,,调味料不进入基础原生食材表
9871,地瓜叶,REVIEW,,,可能是原生食材，但频次、命名或类别证据不足
9872,柠檬汁儿,REVIEW,,,可能是原生食材，但频次、命名或类别证据不足
9873,山黄皮,DROP,,,不属于指南允许的基础原生食材类别
9874,锅一半水,DROP,,,不属于指南允许的基础原生食材类别
9875,白巧克力笔,DROP,,,烘焙或乳制加工食品
9876,西式火腿,DROP,,,加工肉制品
9877,金钻凤梨,REVIEW,,,可能是原生食材，但频次、命名或类别证据不足
9878,蚕豆米,REVIEW,,,可能是原生食材，但频次、命名或类别证据不足
9879,师傅,DROP,,,不属于指南允许的基础原生食材类别
9880,码味,DROP,,,不属于指南允许的基础原生食材类别
9881,苜蓿,KEEP,547,苜蓿,符合基础原生食材定义
9882,温水水,DROP,,,不属于指南允许的基础原生食材类别
9883,三目蟹,REVIEW,,,可能是原生食材，但频次、命名或类别证据不足
9884,洋参,DROP,,,不属于指南允许的基础原生食材类别
9885,田七,DROP,,,不属于指南允许的基础原生食材类别
9886,灯笼干辣椒,DROP,,,调味料不进入基础原生食材表
9887,中劲面粉,DROP,,,成品、半成品或加工食品
9888,土鸡半只,DROP,,,数量或单位残留且无法可靠恢复原食材
9889,面种,REVIEW,,,可能是原生食材，但频次、命名或类别证据不足
9890,灌肠,DROP,,,成品、半成品或加工食品
9891,肥膘肉,REVIEW,,,可能是原生食材，但频次、命名或类别证据不足
9892,莼菜,KEEP,550,莼菜,符合基础原生食材定义
9893,金色烤盘,DROP,,,工具、包装或操作说明
9894,蹄筋,DROP,,,不属于指南允许的基础原生食材类别
9895,枚干红辣椒,REVIEW,,,可能是原生食材，但频次、命名或类别证据不足
9896,箬叶,DROP,,,不属于指南允许的基础原生食材类别
9897,胡萝卜干,DROP,,,成品、半成品或加工食品
9898,鲜莲子,MERGE,122,莲子,去除确定的鲜冻/去皮去骨描述
9899,英式马芬,DROP,,,不属于指南允许的基础原生食材类别
9900,宽意面,REVIEW,,,可能是原生食材，但频次、命名或类别证据不足
9901,张豆腐衣,DROP,,,豆制品或淀粉制品（严格模式排除）
9902,麻糬,DROP,,,不属于指南允许的基础原生食材类别
9903,配菜胡萝卜,REVIEW,,,可能是原生食材，但频次、命名或类别证据不足
9904,贡菜,REVIEW,,,可能是原生食材，但频次、命名或类别证据不足
9905,椰浆层,DROP,,,饮料、酒类或乳制品不属于本版核心原生食材
9906,很多瓣蒜,REVIEW,,,可能是原生食材，但频次、命名或类别证据不足
9907,腊鱼,REVIEW,,,可能是原生食材，但频次、命名或类别证据不足
9908,碎薄荷叶,DROP,,,调味料不进入基础原生食材表
9909,白虾仁,REVIEW,,,可能是原生食材，但频次、命名或类别证据不足
9910,简易版,DROP,,,不属于指南允许的基础原生食材类别
9911,核桃芝麻,REVIEW,,,可能是原生食材，但频次、命名或类别证据不足
9912,鲜豌豆,MERGE,60,豌豆,去除确定的鲜冻/去皮去骨描述
9913,芫荽籽粉,DROP,,,不属于指南允许的基础原生食材类别
9914,粗粮饭,DROP,,,不属于指南允许的基础原生食材类别
9915,二段婴儿奶粉,DROP,,,烘焙或乳制加工食品
9916,泥肠,DROP,,,成品、半成品或加工食品
9917,硬豆腐,DROP,,,豆制品或淀粉制品（严格模式排除）
9918,水果番茄,REVIEW,,,可能是原生食材，但频次、命名或类别证据不足
9919,机柠檬,REVIEW,,,可能是原生食材，但频次、命名或类别证据不足
9920,鲑鱼,KEEP,576,鲑鱼,符合基础原生食材定义
9921,大茴,DROP,,,不属于指南允许的基础原生食材类别
9922,桂花豆沙馅,DROP,,,调味料不进入基础原生食材表
9923,薑片,REVIEW,,,形态描述存在，但原始食材无法确定
9924,泡椒泡生姜,DROP,,,成品、半成品或加工食品
9925,普通鸡蛋,REVIEW,,,可能是原生食材，但频次、命名或类别证据不足
9926,六连模,DROP,,,不属于指南允许的基础原生食材类别
9927,准备容器,DROP,,,工具、包装或操作说明
9928,甘栗,REVIEW,,,可能是原生食材，但频次、命名或类别证据不足
9929,新鲜黑木耳,REVIEW,,,可能是原生食材，但频次、命名或类别证据不足
9930,白芦笋,REVIEW,,,可能是原生食材，但频次、命名或类别证据不足
9931,草莓甜菜面粉,DROP,,,成品、半成品或加工食品
9932,柠檬干,REVIEW,,,可能是原生食材，但频次、命名或类别证据不足
9933,萝卜缨子,REVIEW,,,可能是原生食材，但频次、命名或类别证据不足
9934,活跃天然酵种,DROP,,,不属于指南允许的基础原生食材类别
9935,泡腾片,REVIEW,,,形态描述存在，但原始食材无法确定
9936,精品五花肉,REVIEW,,,可能是原生食材，但频次、命名或类别证据不足
9937,绿西米,DROP,,,成品、半成品或加工食品
9938,去头黑虎虾,REVIEW,,,可能是原生食材，但频次、命名或类别证据不足
9939,汤汁儿,DROP,,,不属于指南允许的基础原生食材类别
9940,饭碗水,DROP,,,不属于指南允许的基础原生食材类别
9941,双色彩椒,REVIEW,,,可能是原生食材，但频次、命名或类别证据不足
9942,老酸奶酸奶,DROP,,,饮料、酒类或乳制品不属于本版核心原生食材
9943,猪骨头汤,REVIEW,,,可能是原生食材，但频次、命名或类别证据不足
9944,克茶叶,DROP,,,饮料、酒类或乳制品不属于本版核心原生食材
9945,红茶奶冻,DROP,,,不属于指南允许的基础原生食材类别
9946,本地鸡,REVIEW,,,可能是原生食材，但频次、命名或类别证据不足
9947,乡村奶酪,DROP,,,烘焙或乳制加工食品
9948,香豆干,DROP,,,豆制品或淀粉制品（严格模式排除）
9949,韮菜,REVIEW,,,可能是原生食材，但频次、命名或类别证据不足
9950,月饼模,DROP,,,成品、半成品或加工食品
9951,是大米,REVIEW,,,可能是原生食材，但频次、命名或类别证据不足
9952,果冻夹心,DROP,,,不属于指南允许的基础原生食材类别
9953,食蔬菜,REVIEW,,,可能是原生食材，但频次、命名或类别证据不足
9954,生牛肉,REVIEW,,,可能是原生食材，但频次、命名或类别证据不足
9955,多少根牙签,DROP,,,工具、包装或操作说明
9956,甜罗勒,REVIEW,,,可能是原生食材，但频次、命名或类别证据不足
9957,剩米饭米饭,DROP,,,成品、半成品或加工食品
9958,坨瘦肉,REVIEW,,,可能是原生食材，但频次、命名或类别证据不足
9959,度矿泉水,DROP,,,不属于指南允许的基础原生食材类别
9960,鲜鱿,REVIEW,,,可能是原生食材，但频次、命名或类别证据不足
9961,南瓜香料,REVIEW,,,可能是原生食材，但频次、命名或类别证据不足
9962,容量玻璃罐,DROP,,,不属于指南允许的基础原生食材类别
9963,面粉面包糠,DROP,,,烘焙或乳制加工食品
9964,多味香粉,DROP,,,不属于指南允许的基础原生食材类别
9965,牌腊肠,DROP,,,成品、半成品或加工食品
9966,婴幼儿奶粉,DROP,,,烘焙或乳制加工食品
9967,娃娃菜叶,REVIEW,,,可能是原生食材，但频次、命名或类别证据不足
9968,猪肉酥,DROP,,,成品、半成品或加工食品
9969,层马苏里拉芝士碎,DROP,,,烘焙或乳制加工食品
9970,多春鱼,REVIEW,,,可能是原生食材，但频次、命名或类别证据不足
9971,海绵蛋糕配方,DROP,,,烘焙或乳制加工食品
9972,尖椒粒,REVIEW,,,可能是原生食材，但频次、命名或类别证据不足
9973,薏米仁,REVIEW,,,可能是原生食材，但频次、命名或类别证据不足
9974,索面,REVIEW,,,可能是原生食材，但频次、命名或类别证据不足
9975,意大利蝴蝶面,REVIEW,,,可能是原生食材，但频次、命名或类别证据不足
9976,一人鸡蛋,REVIEW,,,可能是原生食材，但频次、命名或类别证据不足
9977,维他奶,DROP,,,饮料、酒类或乳制品不属于本版核心原生食材
9978,罗勒草,REVIEW,,,可能是原生食材，但频次、命名或类别证据不足
9979,都行虾仁,REVIEW,,,可能是原生食材，但频次、命名或类别证据不足
9980,味干酪,DROP,,,不属于指南允许的基础原生食材类别
9981,榴莲榴莲,REVIEW,,,可能是原生食材，但频次、命名或类别证据不足
9982,毛虾,REVIEW,,,可能是原生食材，但频次、命名或类别证据不足
9983,纯甄酸牛奶,DROP,,,饮料、酒类或乳制品不属于本版核心原生食材
9984,虾汤,REVIEW,,,可能是原生食材，但频次、命名或类别证据不足
9985,莴苣叶,REVIEW,,,可能是原生食材，但频次、命名或类别证据不足
9986,小食,DROP,,,不属于指南允许的基础原生食材类别
9987,贝壳面,REVIEW,,,可能是原生食材，但频次、命名或类别证据不足
9988,截黄瓜,REVIEW,,,可能是原生食材，但频次、命名或类别证据不足
9989,韭菜叶子,REVIEW,,,可能是原生食材，但频次、命名或类别证据不足
9990,南极磷虾,REVIEW,,,可能是原生食材，但频次、命名或类别证据不足
9991,排牛肉,REVIEW,,,可能是原生食材，但频次、命名或类别证据不足
9992,农夫山泉矿泉水,DROP,,,不属于指南允许的基础原生食材类别
9993,踏板鱼,REVIEW,,,可能是原生食材，但频次、命名或类别证据不足
9994,五常米,REVIEW,,,可能是原生食材，但频次、命名或类别证据不足
9995,台破壁机,DROP,,,不属于指南允许的基础原生食材类别
9996,食量刀削面,REVIEW,,,可能是原生食材，但频次、命名或类别证据不足
9997,冠利酸菜,DROP,,,成品、半成品或加工食品
9998,长粒米,REVIEW,,,可能是原生食材，但频次、命名或类别证据不足
9999,千张切丝,DROP,,,豆制品或淀粉制品（严格模式排除）
10000,料面,REVIEW,,,可能是原生食材，但频次、命名或类别证据不足
10001,油豆泡,DROP,,,成品、半成品或加工食品
10002,少量蛋液,REVIEW,,,可能是原生食材，但频次、命名或类别证据不足
10003,益母草,DROP,,,不属于指南允许的基础原生食材类别
10004,意大利什香草,REVIEW,,,可能是原生食材，但频次、命名或类别证据不足
10005,芦荟,DROP,,,不属于指南允许的基础原生食材类别
10006,板栗馅,REVIEW,,,可能是原生食材，但频次、命名或类别证据不足
10007,绿葡萄干,DROP,,,成品、半成品或加工食品
10008,干香茅,DROP,,,调味料不进入基础原生食材表
10009,流沙馅,DROP,,,不属于指南允许的基础原生食材类别
10010,节生姜,REVIEW,,,可能是原生食材，但频次、命名或类别证据不足
10011,碎猪肉,REVIEW,,,可能是原生食材，但频次、命名或类别证据不足
10012,玉米热狗肠,DROP,,,成品、半成品或加工食品
10013,黄色各彩椒,REVIEW,,,可能是原生食材，但频次、命名或类别证据不足
10014,黄芽白,KEEP,556,黄芽白,符合基础原生食材定义
10015,脆皮底,DROP,,,不属于指南允许的基础原生食材类别
10016,冻蓝莓,REVIEW,,,可能是原生食材，但频次、命名或类别证据不足
10017,甜酸奶,DROP,,,饮料、酒类或乳制品不属于本版核心原生食材
10018,子半斤,DROP,,,数量或单位残留且无法可靠恢复原食材
10019,苹果肉,REVIEW,,,可能是原生食材，但频次、命名或类别证据不足
10020,香肠火腿肠,DROP,,,加工肉制品
10021,鹿茸,DROP,,,不属于指南允许的基础原生食材类别
10022,脆哨,DROP,,,不属于指南允许的基础原生食材类别
10023,花生豆,REVIEW,,,可能是原生食材，但频次、命名或类别证据不足
10024,馍馍,DROP,,,不属于指南允许的基础原生食材类别
10025,剩肉,REVIEW,,,可能是原生食材，但频次、命名或类别证据不足
10026,螺丝型意大利面,DROP,,,成品、半成品或加工食品
10027,头大小猪肉,REVIEW,,,可能是原生食材，但频次、命名或类别证据不足
10028,电炖盅,DROP,,,不属于指南允许的基础原生食材类别
10029,多点干辣椒,DROP,,,调味料不进入基础原生食材表
10030,龙井,DROP,,,不属于指南允许的基础原生食材类别
10031,红薯圆,REVIEW,,,可能是原生食材，但频次、命名或类别证据不足
10032,西红柿鸡蛋,REVIEW,,,可能是原生食材，但频次、命名或类别证据不足
10033,金骏眉红茶,DROP,,,饮料、酒类或乳制品不属于本版核心原生食材
10034,牛奶一袋,DROP,,,饮料、酒类或乳制品不属于本版核心原生食材
10035,草莓脆,REVIEW,,,可能是原生食材，但频次、命名或类别证据不足
10036,麻辣料,DROP,,,不属于指南允许的基础原生食材类别
10037,三道鳞,DROP,,,不属于指南允许的基础原生食材类别
10038,面配菜,REVIEW,,,可能是原生食材，但频次、命名或类别证据不足
10039,活鲈鱼,REVIEW,,,可能是原生食材，但频次、命名或类别证据不足
10040,泡椒剁碎,DROP,,,成品、半成品或加工食品
10041,红薯芋圆,DROP,,,成品、半成品或加工食品
10042,紫薯芋圆,DROP,,,成品、半成品或加工食品
10043,南瓜量糯米粉,DROP,,,成品、半成品或加工食品
10044,芹菜叶芹菜叶,REVIEW,,,可能是原生食材，但频次、命名或类别证据不足
10045,小红椒圈,REVIEW,,,可能是原生食材，但频次、命名或类别证据不足
10046,水一小盆,DROP,,,不属于指南允许的基础原生食材类别
10047,白菜苗,REVIEW,,,可能是原生食材，但频次、命名或类别证据不足
10048,菠菜汁水,REVIEW,,,可能是原生食材，但频次、命名或类别证据不足
10049,果粒橙,REVIEW,,,可能是原生食材，但频次、命名或类别证据不足
10050,冰皮月饼,DROP,,,成品、半成品或加工食品
10051,咖啡溶液,DROP,,,饮料、酒类或乳制品不属于本版核心原生食材
10052,马里拉苏芝士,DROP,,,烘焙或乳制加工食品
10053,黄心土豆,REVIEW,,,可能是原生食材，但频次、命名或类别证据不足
10054,披萨馅,DROP,,,成品、半成品或加工食品
10055,白鲢,KEEP,573,白鲢,符合基础原生食材定义
10056,熟坚果,DROP,,,成品、半成品或加工食品
10057,线辣椒,REVIEW,,,可能是原生食材，但频次、命名或类别证据不足
10058,蓝莓果干,DROP,,,成品、半成品或加工食品
10059,糯米粉炒熟,DROP,,,工具、包装或操作说明
10060,是关键,DROP,,,不属于指南允许的基础原生食材类别
10061,去头红虾,REVIEW,,,可能是原生食材，但频次、命名或类别证据不足
10062,杂果罐头,DROP,,,成品、半成品或加工食品
10063,黄胡萝卜,REVIEW,,,可能是原生食材，但频次、命名或类别证据不足
10064,嫩菠菜叶,REVIEW,,,可能是原生食材，但频次、命名或类别证据不足
10065,流心,DROP,,,不属于指南允许的基础原生食材类别
10066,百香果镜面,REVIEW,,,可能是原生食材，但频次、命名或类别证据不足
10067,酒渍蔓越莓干,DROP,,,成品、半成品或加工食品
10068,松茸菌,REVIEW,,,可能是原生食材，但频次、命名或类别证据不足
10069,自定义,DROP,,,不属于指南允许的基础原生食材类别
10070,生蚝肉,REVIEW,,,可能是原生食材，但频次、命名或类别证据不足
10071,见做法香料,DROP,,,工具、包装或操作说明
10072,千里香,DROP,,,不属于指南允许的基础原生食材类别
10073,熟糙米饭,DROP,,,成品、半成品或加工食品
10074,格雷伯爵茶,DROP,,,饮料、酒类或乳制品不属于本版核心原生食材
10075,油金枪鱼罐头,DROP,,,成品、半成品或加工食品
10076,沙河粉,DROP,,,成品、半成品或加工食品
10077,豆腐冻豆腐,DROP,,,豆制品或淀粉制品（严格模式排除）
10078,熟亚麻籽粉,DROP,,,成品、半成品或加工食品
10079,马芬模,DROP,,,不属于指南允许的基础原生食材类别
10080,圆蘑菇,REVIEW,,,可能是原生食材，但频次、命名或类别证据不足
10081,蒿草,DROP,,,不属于指南允许的基础原生食材类别
10082,全鸡,REVIEW,,,可能是原生食材，但频次、命名或类别证据不足
10083,粉蒸米粉,DROP,,,成品、半成品或加工食品
10084,黄油室温软化,DROP,,,烘焙或乳制加工食品
10085,蛋糕底层,DROP,,,烘焙或乳制加工食品
10086,油麦,REVIEW,,,可能是原生食材，但频次、命名或类别证据不足
10087,后腿猪肉,REVIEW,,,可能是原生食材，但频次、命名或类别证据不足
10088,青红小米椒,REVIEW,,,可能是原生食材，但频次、命名或类别证据不足
10089,蛋液黑芝麻,REVIEW,,,可能是原生食材，但频次、命名或类别证据不足
10090,香米饵块,REVIEW,,,形态描述存在，但原始食材无法确定
10091,子五花肉,REVIEW,,,可能是原生食材，但频次、命名或类别证据不足
10092,江米面,REVIEW,,,可能是原生食材，但频次、命名或类别证据不足
10093,胡萝卜切块,REVIEW,,,形态描述存在，但原始食材无法确定
10094,面团鸡蛋,REVIEW,,,可能是原生食材，但频次、命名或类别证据不足
10095,玉米薄饼,REVIEW,,,可能是原生食材，但频次、命名或类别证据不足
10096,烧卖皮,DROP,,,不属于指南允许的基础原生食材类别
10097,羊汤,REVIEW,,,可能是原生食材，但频次、命名或类别证据不足
10098,马鞭草,DROP,,,不属于指南允许的基础原生食材类别
10099,酸辣汤,DROP,,,不属于指南允许的基础原生食材类别
10100,荔枝干,DROP,,,不属于指南允许的基础原生食材类别
10101,食玫瑰干花瓣,DROP,,,调味料不进入基础原生食材表
10102,五香豆皮,DROP,,,豆制品或淀粉制品（严格模式排除）
10103,芥菜头,KEEP,546,芥菜头,符合基础原生食材定义
10104,无渣豆浆,DROP,,,成品、半成品或加工食品
10105,稠面粉,DROP,,,成品、半成品或加工食品
10106,儿鸡蛋,REVIEW,,,可能是原生食材，但频次、命名或类别证据不足
10107,淡味午餐肉,DROP,,,加工肉制品
10108,干面皮,DROP,,,不属于指南允许的基础原生食材类别
10109,三文鱼切片,REVIEW,,,形态描述存在，但原始食材无法确定
10110,蜜桔,DROP,,,不属于指南允许的基础原生食材类别
10111,短豆角,REVIEW,,,可能是原生食材，但频次、命名或类别证据不足
10112,鲜茶树菇,MERGE,147,茶树菇,去除确定的鲜冻/去皮去骨描述
10113,大块生姜,REVIEW,,,可能是原生食材，但频次、命名或类别证据不足
10114,马齿苋,KEEP,555,马齿苋,符合基础原生食材定义
10115,甜杏,REVIEW,,,可能是原生食材，但频次、命名或类别证据不足
10116,血橙,REVIEW,,,可能是原生食材，但频次、命名或类别证据不足
10117,俄式酸黄瓜,DROP,,,成品、半成品或加工食品
10118,子虾仁,REVIEW,,,可能是原生食材，但频次、命名或类别证据不足
10119,什么各种香料,DROP,,,不属于指南允许的基础原生食材类别
10120,食言,DROP,,,不属于指南允许的基础原生食材类别
10121,古斯米,REVIEW,,,可能是原生食材，但频次、命名或类别证据不足
10122,豆瓣辣椒,REVIEW,,,可能是原生食材，但频次、命名或类别证据不足
10123,熟包子,DROP,,,成品、半成品或加工食品
10124,带骨羊肉,REVIEW,,,可能是原生食材，但频次、命名或类别证据不足
10125,比例清水,DROP,,,不属于指南允许的基础原生食材类别
10126,冰冰块,REVIEW,,,形态描述存在，但原始食材无法确定
10127,万年青,DROP,,,不属于指南允许的基础原生食材类别
10128,鸡清汤,REVIEW,,,可能是原生食材，但频次、命名或类别证据不足
10129,底菜,REVIEW,,,可能是原生食材，但频次、命名或类别证据不足
10130,味噌汤,DROP,,,不属于指南允许的基础原生食材类别
10131,什么面面条,DROP,,,成品、半成品或加工食品
10132,猪肉半斤,DROP,,,数量或单位残留且无法可靠恢复原食材
10133,带壳鸡蛋,REVIEW,,,可能是原生食材，但频次、命名或类别证据不足
10134,胡柚,REVIEW,,,可能是原生食材，但频次、命名或类别证据不足
10135,水贻,DROP,,,不属于指南允许的基础原生食材类别
10136,支胡萝卜,REVIEW,,,可能是原生食材，但频次、命名或类别证据不足
10137,粉〕,DROP,,,不属于指南允许的基础原生食材类别
10138,橙片,REVIEW,,,形态描述存在，但原始食材无法确定
10139,香葱丁,MERGE,1,葱,去除切片/切块/切丁等形态描述
10140,宝宝海苔,DROP,,,成品、半成品或加工食品
10141,碎混合,DROP,,,不属于指南允许的基础原生食材类别
10142,香草蛋糕,DROP,,,烘焙或乳制加工食品
10143,各色水果,DROP,,,不属于指南允许的基础原生食材类别
10144,黄飞鸿花生,DROP,,,不属于指南允许的基础原生食材类别
10145,少量香葱,REVIEW,,,可能是原生食材，但频次、命名或类别证据不足
10146,油姜,REVIEW,,,可能是原生食材，但频次、命名或类别证据不足
10147,德芙白巧克力,DROP,,,烘焙或乳制加工食品
10148,少姜,REVIEW,,,可能是原生食材，但频次、命名或类别证据不足
10149,成豆沙,DROP,,,成品、半成品或加工食品
10150,子鱼,REVIEW,,,可能是原生食材，但频次、命名或类别证据不足
10151,长棍面包,DROP,,,烘焙或乳制加工食品
10152,方形海苔,DROP,,,成品、半成品或加工食品
10153,前甲肉,REVIEW,,,可能是原生食材，但频次、命名或类别证据不足
10154,油蒜酥,REVIEW,,,可能是原生食材，但频次、命名或类别证据不足
10155,关东煮,DROP,,,不属于指南允许的基础原生食材类别
10156,章鱼爪,REVIEW,,,可能是原生食材，但频次、命名或类别证据不足
10157,青龙虾,REVIEW,,,可能是原生食材，但频次、命名或类别证据不足
10158,海鳗,KEEP,571,海鳗,符合基础原生食材定义
10159,生咸鸭蛋,DROP,,,成品、半成品或加工食品
10160,宁波水磨年糕,DROP,,,成品、半成品或加工食品
10161,平包菜,REVIEW,,,可能是原生食材，但频次、命名或类别证据不足
10162,安幕希,DROP,,,不属于指南允许的基础原生食材类别
10163,蟹粉,REVIEW,,,可能是原生食材，但频次、命名或类别证据不足
10164,乳黄瓜,REVIEW,,,可能是原生食材，但频次、命名或类别证据不足
10165,金像,DROP,,,不属于指南允许的基础原生食材类别
10166,牛肉清汤,REVIEW,,,可能是原生食材，但频次、命名或类别证据不足
10167,皇帝柑,DROP,,,不属于指南允许的基础原生食材类别
10168,醬油膏,DROP,,,不属于指南允许的基础原生食材类别
10169,去芯,DROP,,,不属于指南允许的基础原生食材类别
10170,迷你小南瓜,REVIEW,,,可能是原生食材，但频次、命名或类别证据不足
10171,束粉丝,DROP,,,豆制品或淀粉制品（严格模式排除）
10172,养肝草,DROP,,,不属于指南允许的基础原生食材类别
10173,奶油芝士馅,DROP,,,烘焙或乳制加工食品
10174,汁原料,DROP,,,不属于指南允许的基础原生食材类别
10175,备葱,REVIEW,,,可能是原生食材，但频次、命名或类别证据不足
10176,比萨草,DROP,,,不属于指南允许的基础原生食材类别
10177,透明镜面果胶,DROP,,,成品、半成品或加工食品
10178,石笋干,DROP,,,成品、半成品或加工食品
10179,地皮菜,DROP,,,不属于指南允许的基础原生食材类别
10180,碎五花肉,REVIEW,,,可能是原生食材，但频次、命名或类别证据不足
10181,鲜辣味粉,DROP,,,不属于指南允许的基础原生食材类别
10182,味啫喱粉,DROP,,,不属于指南允许的基础原生食材类别
10183,柳橙皮,DROP,,,不属于指南允许的基础原生食材类别
10184,农夫山泉水,DROP,,,不属于指南允许的基础原生食材类别
10185,带皮鸡胸肉,MERGE,15,鸡胸肉,去除确定的鲜冻/去皮去骨描述
10186,综合麦片,REVIEW,,,形态描述存在，但原始食材无法确定
10187,辣泡菜,DROP,,,成品、半成品或加工食品
10188,酥底,DROP,,,不属于指南允许的基础原生食材类别
10189,豆荚,REVIEW,,,可能是原生食材，但频次、命名或类别证据不足
10190,水紫菜,REVIEW,,,可能是原生食材，但频次、命名或类别证据不足
10191,蓝莓颗粒,REVIEW,,,可能是原生食材，但频次、命名或类别证据不足
10192,卤肥肠,DROP,,,成品、半成品或加工食品
10193,硬质奶酪,DROP,,,烘焙或乳制加工食品
10194,阳光金果,DROP,,,不属于指南允许的基础原生食材类别
10195,蒜切片蒜片,REVIEW,,,形态描述存在，但原始食材无法确定
10196,行金针菇,REVIEW,,,可能是原生食材，但频次、命名或类别证据不足
10197,配菜可选,REVIEW,,,可能是原生食材，但频次、命名或类别证据不足
10198,升全脂牛奶,DROP,,,饮料、酒类或乳制品不属于本版核心原生食材
10199,仿蟹肉,REVIEW,,,可能是原生食材，但频次、命名或类别证据不足
10200,梅条肉,REVIEW,,,可能是原生食材，但频次、命名或类别证据不足
10201,鱼儿,REVIEW,,,可能是原生食材，但频次、命名或类别证据不足
10202,红花生,DROP,,,不属于指南允许的基础原生食材类别
10203,银针菇,REVIEW,,,可能是原生食材，但频次、命名或类别证据不足
10204,定青椒,REVIEW,,,可能是原生食材，但频次、命名或类别证据不足
10205,姜蒜片,REVIEW,,,形态描述存在，但原始食材无法确定
10206,鲍鱼仔,REVIEW,,,可能是原生食材，但频次、命名或类别证据不足
10207,压成泥蒜泥,REVIEW,,,可能是原生食材，但频次、命名或类别证据不足
10208,喷砂,DROP,,,不属于指南允许的基础原生食材类别
10209,长尖椒,REVIEW,,,可能是原生食材，但频次、命名或类别证据不足
10210,不可可粉,DROP,,,成品、半成品或加工食品
10211,香草苏打水,REVIEW,,,可能是原生食材，但频次、命名或类别证据不足
10212,猪蹄筋,KEEP,561,猪蹄筋,符合基础原生食材定义
10213,炒蛋,REVIEW,,,可能是原生食材，但频次、命名或类别证据不足
10214,味烧烤料,DROP,,,不属于指南允许的基础原生食材类别
10215,青笋头,REVIEW,,,可能是原生食材，但频次、命名或类别证据不足
10216,分蛋海绵蛋糕,DROP,,,烘焙或乳制加工食品
10217,扇贝边,REVIEW,,,可能是原生食材，但频次、命名或类别证据不足
10218,生煎包,DROP,,,不属于指南允许的基础原生食材类别
10219,咸鸭蛋蛋白,DROP,,,成品、半成品或加工食品
10220,拼配茶粉,DROP,,,不属于指南允许的基础原生食材类别
10221,一样面粉,DROP,,,成品、半成品或加工食品
10222,鲜瑶柱,DROP,,,不属于指南允许的基础原生食材类别
10223,蝶豆花水,REVIEW,,,可能是原生食材，但频次、命名或类别证据不足
10224,回锅肉,REVIEW,,,可能是原生食材，但频次、命名或类别证据不足
10225,黑豆豆腐,DROP,,,豆制品或淀粉制品（严格模式排除）
10226,婴儿配方奶粉,DROP,,,烘焙或乳制加工食品
10227,粉筛,DROP,,,不属于指南允许的基础原生食材类别
10228,虹鳟,DROP,,,不属于指南允许的基础原生食材类别
10229,口味定,DROP,,,不属于指南允许的基础原生食材类别
10230,紫苏叶子,REVIEW,,,可能是原生食材，但频次、命名或类别证据不足
10231,盆凉白开,DROP,,,不属于指南允许的基础原生食材类别
10232,口味调节干辣椒,DROP,,,调味料不进入基础原生食材表
10233,行芝士碎,DROP,,,烘焙或乳制加工食品
10234,慕斯淡奶,DROP,,,成品、半成品或加工食品
10235,海绵蛋糕全蛋,DROP,,,烘焙或乳制加工食品
10236,海绵蛋糕低粉,DROP,,,烘焙或乳制加工食品
10237,蒜果,REVIEW,,,可能是原生食材，但频次、命名或类别证据不足
10238,中空模,DROP,,,不属于指南允许的基础原生食材类别
10239,青海苔,DROP,,,成品、半成品或加工食品
10240,藕节,REVIEW,,,可能是原生食材，但频次、命名或类别证据不足
10241,状海苔,DROP,,,成品、半成品或加工食品
10242,秋刀鱼罐头,DROP,,,成品、半成品或加工食品
10243,大谷物蛋,REVIEW,,,可能是原生食材，但频次、命名或类别证据不足
10244,子排,DROP,,,不属于指南允许的基础原生食材类别
10245,太湖蟹,REVIEW,,,可能是原生食材，但频次、命名或类别证据不足
10246,迷你蛋挞皮,DROP,,,成品、半成品或加工食品
10247,百香果肉,REVIEW,,,可能是原生食材，但频次、命名或类别证据不足
10248,果丹皮,DROP,,,不属于指南允许的基础原生食材类别
10249,自磨,DROP,,,不属于指南允许的基础原生食材类别
10250,青红小米辣,REVIEW,,,可能是原生食材，但频次、命名或类别证据不足
10251,脱水蔬菜,REVIEW,,,可能是原生食材，但频次、命名或类别证据不足
10252,一段山药,REVIEW,,,可能是原生食材，但频次、命名或类别证据不足
10253,栗子奶油馅,DROP,,,烘焙或乳制加工食品
10254,不倒翁煎饼粉,DROP,,,不属于指南允许的基础原生食材类别
10255,诚意,DROP,,,不属于指南允许的基础原生食材类别
10256,生麦片,REVIEW,,,形态描述存在，但原始食材无法确定
10257,蟹黄包,REVIEW,,,可能是原生食材，但频次、命名或类别证据不足
10258,一截姜,REVIEW,,,可能是原生食材，但频次、命名或类别证据不足
10259,三色藜麦饭,REVIEW,,,可能是原生食材，但频次、命名或类别证据不足
10260,炸鸡腿,REVIEW,,,可能是原生食材，但频次、命名或类别证据不足
10261,大蔥,DROP,,,不属于指南允许的基础原生食材类别
10262,冻肉,REVIEW,,,可能是原生食材，但频次、命名或类别证据不足
10263,洋蓟心,DROP,,,不属于指南允许的基础原生食材类别
10264,藕土豆,REVIEW,,,可能是原生食材，但频次、命名或类别证据不足
10265,马苏里,DROP,,,不属于指南允许的基础原生食材类别
10266,肉就多放点五花肉,REVIEW,,,可能是原生食材，但频次、命名或类别证据不足
10267,青菜椒,REVIEW,,,可能是原生食材，但频次、命名或类别证据不足
10268,智能电饭煲,DROP,,,不属于指南允许的基础原生食材类别
10269,青剁椒,DROP,,,成品、半成品或加工食品
10270,干辣皮子,DROP,,,不属于指南允许的基础原生食材类别
10271,杂烩,DROP,,,不属于指南允许的基础原生食材类别
10272,六鳌蜜薯,REVIEW,,,可能是原生食材，但频次、命名或类别证据不足
10273,小金瓜,REVIEW,,,可能是原生食材，但频次、命名或类别证据不足
10274,奥利奥夹心饼干,DROP,,,烘焙或乳制加工食品
10275,全脂鲜奶,DROP,,,饮料、酒类或乳制品不属于本版核心原生食材
10276,饼干体,DROP,,,烘焙或乳制加工食品
10277,新鲜海虾,MERGE,334,海虾,去除确定的鲜冻/去皮去骨描述
10278,蔬菜自选,REVIEW,,,可能是原生食材，但频次、命名或类别证据不足
10279,头尾,DROP,,,不属于指南允许的基础原生食材类别
10280,淡牛奶,DROP,,,饮料、酒类或乳制品不属于本版核心原生食材
10281,豆腐结,DROP,,,豆制品或淀粉制品（严格模式排除）
10282,大小金针菇,REVIEW,,,可能是原生食材，但频次、命名或类别证据不足
10283,茶戚风蛋糕胚,DROP,,,烘焙或乳制加工食品
10284,菠萝蜜果肉,REVIEW,,,可能是原生食材，但频次、命名或类别证据不足
10285,克芥菜,MERGE,256,芥菜,去除确定的鲜冻/去皮去骨描述
10286,胡桃,KEEP,580,胡桃,符合基础原生食材定义
10287,截姜,REVIEW,,,可能是原生食材，但频次、命名或类别证据不足
10288,一比一水,DROP,,,不属于指南允许的基础原生食材类别
10289,香戚风蛋糕,DROP,,,烘焙或乳制加工食品
10290,天使蛋糕卷,DROP,,,烘焙或乳制加工食品
10291,甜玉米火腿肠,DROP,,,加工肉制品
10292,口味牛奶,DROP,,,饮料、酒类或乳制品不属于本版核心原生食材
10293,鸡胸肉丸,DROP,,,成品、半成品或加工食品
10294,木棉花,DROP,,,不属于指南允许的基础原生食材类别
10295,鳝丝,REVIEW,,,形态描述存在，但原始食材无法确定
10296,红提干,DROP,,,不属于指南允许的基础原生食材类别
10297,香草酸奶,DROP,,,饮料、酒类或乳制品不属于本版核心原生食材
10298,一对海马,DROP,,,不属于指南允许的基础原生食材类别
10299,胡萝卜面包,DROP,,,烘焙或乳制加工食品
10300,也没事,DROP,,,不属于指南允许的基础原生食材类别
10301,椰蓉蔓越莓馅,REVIEW,,,可能是原生食材，但频次、命名或类别证据不足
10302,末葱白,REVIEW,,,可能是原生食材，但频次、命名或类别证据不足
10303,胡萝卜切条,REVIEW,,,可能是原生食材，但频次、命名或类别证据不足
10304,牛肉培根,DROP,,,加工肉制品
10305,蛋白片,REVIEW,,,形态描述存在，但原始食材无法确定
10306,姜切片姜片,REVIEW,,,形态描述存在，但原始食材无法确定
10307,萝卜叶子,REVIEW,,,可能是原生食材，但频次、命名或类别证据不足
10308,白水煮蛋,REVIEW,,,可能是原生食材，但频次、命名或类别证据不足
10309,定量牛奶,DROP,,,饮料、酒类或乳制品不属于本版核心原生食材
10310,藜麦沙拉,DROP,,,成品、半成品或加工食品
10311,各莴笋,REVIEW,,,可能是原生食材，但频次、命名或类别证据不足
10312,生南瓜籽,REVIEW,,,可能是原生食材，但频次、命名或类别证据不足
10313,自己口味酸奶,DROP,,,饮料、酒类或乳制品不属于本版核心原生食材
10314,黑裸麦粉,REVIEW,,,可能是原生食材，但频次、命名或类别证据不足
10315,杂粮预拌粉,DROP,,,不属于指南允许的基础原生食材类别
10316,橙子量橙皮,DROP,,,不属于指南允许的基础原生食材类别
10317,蛋糕磨具,DROP,,,烘焙或乳制加工食品
10318,外交官奶馅,DROP,,,不属于指南允许的基础原生食材类别
10319,定羊排,REVIEW,,,可能是原生食材，但频次、命名或类别证据不足
10320,面瓜,REVIEW,,,可能是原生食材，但频次、命名或类别证据不足
10321,柑普茶,DROP,,,饮料、酒类或乳制品不属于本版核心原生食材
10322,猪肉猪肉,REVIEW,,,可能是原生食材，但频次、命名或类别证据不足
10323,巧克力白巧克力,DROP,,,烘焙或乳制加工食品
10324,南瓜粥,DROP,,,成品、半成品或加工食品
10325,泡好银耳,REVIEW,,,可能是原生食材，但频次、命名或类别证据不足
10326,走油肉,REVIEW,,,可能是原生食材，但频次、命名或类别证据不足
10327,慈城年糕,DROP,,,成品、半成品或加工食品
10328,乌鸡白凤丸,REVIEW,,,可能是原生食材，但频次、命名或类别证据不足
10329,吉利片,REVIEW,,,形态描述存在，但原始食材无法确定
10330,乌鱼子,REVIEW,,,可能是原生食材，但频次、命名或类别证据不足
10331,肥瘦相间五花肉,REVIEW,,,可能是原生食材，但频次、命名或类别证据不足
10332,恩施小土豆,REVIEW,,,可能是原生食材，但频次、命名或类别证据不足
10333,黑洋沙,DROP,,,不属于指南允许的基础原生食材类别
10334,谷物面包粉,DROP,,,烘焙或乳制加工食品
10335,烘焙奶粉,DROP,,,烘焙或乳制加工食品
10336,锅盖,DROP,,,不属于指南允许的基础原生食材类别
10337,后水,DROP,,,不属于指南允许的基础原生食材类别
10338,咖啡原液,DROP,,,饮料、酒类或乳制品不属于本版核心原生食材
10339,芡实粉,DROP,,,不属于指南允许的基础原生食材类别
10340,葱白部分葱,REVIEW,,,可能是原生食材，但频次、命名或类别证据不足
10341,多少克韭菜,DROP,,,数量或单位残留且无法可靠恢复原食材
10342,多虾皮,DROP,,,成品、半成品或加工食品
10343,吧牛腩,REVIEW,,,可能是原生食材，但频次、命名或类别证据不足
10344,绿茶水,DROP,,,不属于指南允许的基础原生食材类别
10345,一锅开水,DROP,,,不属于指南允许的基础原生食材类别
10346,米血,REVIEW,,,可能是原生食材，但频次、命名或类别证据不足
10347,鲜黄豆,MERGE,87,黄豆,去除确定的鲜冻/去皮去骨描述
10348,烟熏鸡肉,DROP,,,成品、半成品或加工食品
10349,多少买多少馄饨皮,DROP,,,成品、半成品或加工食品
10350,葵花子,KEEP,581,葵花子,符合基础原生食材定义
10351,三文鱼籽,REVIEW,,,可能是原生食材，但频次、命名或类别证据不足
10352,胖头鱼头,REVIEW,,,可能是原生食材，但频次、命名或类别证据不足
10353,七星椒,REVIEW,,,可能是原生食材，但频次、命名或类别证据不足
10354,太妃炼乳,DROP,,,烘焙或乳制加工食品
10355,蝴蝶虾,REVIEW,,,可能是原生食材，但频次、命名或类别证据不足
10356,面粉少量,DROP,,,成品、半成品或加工食品
10357,廋肉,REVIEW,,,可能是原生食材，但频次、命名或类别证据不足
10358,墨鱼面,REVIEW,,,可能是原生食材，但频次、命名或类别证据不足
10359,食量意大利面,DROP,,,成品、半成品或加工食品
10360,杂粮煎饼,DROP,,,不属于指南允许的基础原生食材类别
10361,鸡皮,DROP,,,不属于指南允许的基础原生食材类别
10362,沼虾,KEEP,568,沼虾,符合基础原生食材定义
10363,香菇葱,REVIEW,,,可能是原生食材，但频次、命名或类别证据不足
10364,谷麦片,REVIEW,,,形态描述存在，但原始食材无法确定
10365,丁吉利片,REVIEW,,,形态描述存在，但原始食材无法确定
10366,韩国煎饼粉,DROP,,,不属于指南允许的基础原生食材类别
10367,青蒜叶子,REVIEW,,,可能是原生食材，但频次、命名或类别证据不足
10368,多少红豆沙,DROP,,,成品、半成品或加工食品
10369,鲜鱼肉,REVIEW,,,可能是原生食材，但频次、命名或类别证据不足
10370,水磨年糕,DROP,,,成品、半成品或加工食品
10371,三文鱼骨头,REVIEW,,,可能是原生食材，但频次、命名或类别证据不足
10372,胚芽粥米,DROP,,,成品、半成品或加工食品
10373,鲜甜罗勒叶,REVIEW,,,可能是原生食材，但频次、命名或类别证据不足
10374,白鳝,DROP,,,不属于指南允许的基础原生食材类别
10375,藜蒿,DROP,,,不属于指南允许的基础原生食材类别
10376,姜葱蒜辣椒,REVIEW,,,可能是原生食材，但频次、命名或类别证据不足
10377,碟葱花,REVIEW,,,可能是原生食材，但频次、命名或类别证据不足
10378,白参,KEEP,543,白参,符合基础原生食材定义
10379,团粉丝,DROP,,,豆制品或淀粉制品（严格模式排除）
10380,少量面包糠,DROP,,,烘焙或乳制加工食品
10381,脆珠,DROP,,,不属于指南允许的基础原生食材类别
10382,几朵银耳,DROP,,,数量或单位残留且无法可靠恢复原食材
10383,细椰蓉,DROP,,,不属于指南允许的基础原生食材类别
10384,少加,DROP,,,不属于指南允许的基础原生食材类别
10385,瓠瓜,KEEP,541,瓠瓜,符合基础原生食材定义
10386,摆盘西兰花,REVIEW,,,可能是原生食材，但频次、命名或类别证据不足
10387,麦苗粉,REVIEW,,,可能是原生食材，但频次、命名或类别证据不足
10388,洋葱蒜末,REVIEW,,,形态描述存在，但原始食材无法确定
10389,马拉里苏芝士,DROP,,,烘焙或乳制加工食品
10390,羊里脊肉,REVIEW,,,可能是原生食材，但频次、命名或类别证据不足
10391,克冷水,DROP,,,不属于指南允许的基础原生食材类别
10392,竹升面,REVIEW,,,可能是原生食材，但频次、命名或类别证据不足
10393,方竹笋,REVIEW,,,可能是原生食材，但频次、命名或类别证据不足
10394,心鲨鱼丸,DROP,,,成品、半成品或加工食品
10395,脆浆粉,DROP,,,不属于指南允许的基础原生食材类别
10396,活跃酵种,DROP,,,不属于指南允许的基础原生食材类别
10397,各小米椒,REVIEW,,,可能是原生食材，但频次、命名或类别证据不足
10398,各种辅料,DROP,,,不属于指南允许的基础原生食材类别
10399,大小冬瓜,REVIEW,,,可能是原生食材，但频次、命名或类别证据不足
10400,乌龙茶茶叶,DROP,,,饮料、酒类或乳制品不属于本版核心原生食材
10401,甜青椒,REVIEW,,,可能是原生食材，但频次、命名或类别证据不足
10402,薄皮辣椒,DROP,,,不属于指南允许的基础原生食材类别
10403,少量土豆,REVIEW,,,可能是原生食材，但频次、命名或类别证据不足
10404,半羊腿肉,REVIEW,,,可能是原生食材，但频次、命名或类别证据不足
10405,细粉干,DROP,,,不属于指南允许的基础原生食材类别
10406,太多木耳,REVIEW,,,可能是原生食材，但频次、命名或类别证据不足
10407,核桃坚果,REVIEW,,,可能是原生食材，但频次、命名或类别证据不足
10408,列巴,DROP,,,不属于指南允许的基础原生食材类别
10409,拍一下大蒜,REVIEW,,,可能是原生食材，但频次、命名或类别证据不足
10410,独蒜大蒜,REVIEW,,,可能是原生食材，但频次、命名或类别证据不足
10411,举例,DROP,,,不属于指南允许的基础原生食材类别
10412,太多了,DROP,,,不属于指南允许的基础原生食材类别
10413,各红椒,REVIEW,,,可能是原生食材，但频次、命名或类别证据不足
10414,短粒米,REVIEW,,,可能是原生食材，但频次、命名或类别证据不足
10415,鸡蛋汤,REVIEW,,,可能是原生食材，但频次、命名或类别证据不足
10416,百香果果肉,REVIEW,,,可能是原生食材，但频次、命名或类别证据不足
10417,机打碎,REVIEW,,,形态描述存在，但原始食材无法确定
10418,蛋液刷面,DROP,,,工具、包装或操作说明
10419,胡萝卜屑,REVIEW,,,可能是原生食材，但频次、命名或类别证据不足
10420,生香菇,REVIEW,,,可能是原生食材，但频次、命名或类别证据不足
10421,晒萝卜干,DROP,,,成品、半成品或加工食品
10422,海鲜素,REVIEW,,,可能是原生食材，但频次、命名或类别证据不足
10423,薄豆腐皮,DROP,,,豆制品或淀粉制品（严格模式排除）
10424,班戟皮,DROP,,,不属于指南允许的基础原生食材类别
10425,忌廉,DROP,,,不属于指南允许的基础原生食材类别
10426,区别,DROP,,,不属于指南允许的基础原生食材类别
10427,一次发酵,DROP,,,不属于指南允许的基础原生食材类别
10428,二次发酵,DROP,,,不属于指南允许的基础原生食材类别
10429,四段葱,REVIEW,,,可能是原生食材，但频次、命名或类别证据不足
10430,三年陈酿,DROP,,,不属于指南允许的基础原生食材类别
10431,梨丝,REVIEW,,,形态描述存在，但原始食材无法确定
10432,都行芝士,DROP,,,烘焙或乳制加工食品
10433,准备开水,DROP,,,不属于指南允许的基础原生食材类别
10434,汤排骨,REVIEW,,,可能是原生食材，但频次、命名或类别证据不足
10435,蛋黄两个,MERGE,72,蛋黄,修复数量/单位残留
10436,鱼贝鲜汤,REVIEW,,,可能是原生食材，但频次、命名或类别证据不足
10437,火锅粉,DROP,,,不属于指南允许的基础原生食材类别
10438,烘焙黑巧克力,DROP,,,烘焙或乳制加工食品
10439,葱葱叶,REVIEW,,,可能是原生食材，但频次、命名或类别证据不足
10440,榄油浸金枪鱼罐头,DROP,,,成品、半成品或加工食品
10441,柔风吐司粉,DROP,,,烘焙或乳制加工食品
10442,对汉堡面包,DROP,,,烘焙或乳制加工食品
10443,玉米胡萝卜青豆粒,REVIEW,,,可能是原生食材，但频次、命名或类别证据不足
10444,蛋全蛋液,REVIEW,,,可能是原生食材，但频次、命名或类别证据不足
10445,纯藕粉,DROP,,,成品、半成品或加工食品
10446,混沌,DROP,,,不属于指南允许的基础原生食材类别
10447,黑小米,REVIEW,,,可能是原生食材，但频次、命名或类别证据不足
10448,清新口气绿箭,DROP,,,不属于指南允许的基础原生食材类别
10449,叶薄荷叶,DROP,,,调味料不进入基础原生食材表
10450,椒剁椒,DROP,,,成品、半成品或加工食品
10451,腌鸡胸肉,REVIEW,,,可能是原生食材，但频次、命名或类别证据不足
10452,束葱,REVIEW,,,可能是原生食材，但频次、命名或类别证据不足
10453,芝麻辣椒,REVIEW,,,可能是原生食材，但频次、命名或类别证据不足
10454,人数面条,DROP,,,成品、半成品或加工食品
10455,红指天椒,REVIEW,,,可能是原生食材，但频次、命名或类别证据不足
10456,增加抹茶粉,DROP,,,成品、半成品或加工食品
10457,鲜红椒,MERGE,49,红椒,去除确定的鲜冻/去皮去骨描述
10458,卤水香料,DROP,,,不属于指南允许的基础原生食材类别
10459,五花肉瘦肉,REVIEW,,,可能是原生食材，但频次、命名或类别证据不足
10460,百事可乐,DROP,,,饮料、酒类或乳制品不属于本版核心原生食材
10461,全黑麦粉,REVIEW,,,可能是原生食材，但频次、命名或类别证据不足
10462,抱子甘蓝,KEEP,537,抱子甘蓝,符合基础原生食材定义
10463,腰蛤,REVIEW,,,可能是原生食材，但频次、命名或类别证据不足
10464,干香菇泡发,REVIEW,,,可能是原生食材，但频次、命名或类别证据不足
10465,蒜量蒜蓉,REVIEW,,,可能是原生食材，但频次、命名或类别证据不足
10466,洋葱细丝,REVIEW,,,形态描述存在，但原始食材无法确定
10467,剩大米饭,DROP,,,成品、半成品或加工食品
10468,火焙鱼,REVIEW,,,可能是原生食材，但频次、命名或类别证据不足
10469,留兰香薄荷,REVIEW,,,可能是原生食材，但频次、命名或类别证据不足
10470,东菱面包机,DROP,,,烘焙或乳制加工食品
10471,黑米馒头,DROP,,,成品、半成品或加工食品
10472,味事达纯味鲜,DROP,,,不属于指南允许的基础原生食材类别
10473,蔓越莓坚果,REVIEW,,,可能是原生食材，但频次、命名或类别证据不足
10474,青团皮,DROP,,,不属于指南允许的基础原生食材类别
10475,三象牌糯米粉,DROP,,,成品、半成品或加工食品
10476,半粘米粉,DROP,,,成品、半成品或加工食品
10477,熟藜麦饭,DROP,,,成品、半成品或加工食品
10478,真鳕鱼,REVIEW,,,可能是原生食材，但频次、命名或类别证据不足
10479,冻干咖啡粉,DROP,,,饮料、酒类或乳制品不属于本版核心原生食材
10480,鸡腿去骨,REVIEW,,,可能是原生食材，但频次、命名或类别证据不足
10481,洋葱切粒,REVIEW,,,可能是原生食材，但频次、命名或类别证据不足
10482,清远鸡一只,DROP,,,数量或单位残留且无法可靠恢复原食材
10483,鼠曲草,DROP,,,不属于指南允许的基础原生食材类别
10484,香蒜炸粉,REVIEW,,,可能是原生食材，但频次、命名或类别证据不足
10485,香草夹,REVIEW,,,可能是原生食材，但频次、命名或类别证据不足
10486,香葱叶,REVIEW,,,可能是原生食材，但频次、命名或类别证据不足
10487,两人份意大利面,DROP,,,成品、半成品或加工食品
10488,鸡腿和鸡翅,SPLIT,582|71,鸡腿|鸡翅,分隔符明确连接多个独立基础食材；克数无法可靠分摊
10489,瘦肉糜,REVIEW,,,可能是原生食材，但频次、命名或类别证据不足
10490,姜丝辣椒丝,REVIEW,,,形态描述存在，但原始食材无法确定
10491,蛋糕围边,DROP,,,烘焙或乳制加工食品
10492,消毒,DROP,,,不属于指南允许的基础原生食材类别
10493,草莓力娇酒,DROP,,,调味料不进入基础原生食材表
10494,饺子皮面粉,DROP,,,成品、半成品或加工食品
10495,栀子粉,DROP,,,不属于指南允许的基础原生食材类别
10496,抓黑米,REVIEW,,,可能是原生食材，但频次、命名或类别证据不足
10497,抓黑豆,REVIEW,,,可能是原生食材，但频次、命名或类别证据不足
10498,金像高筋粉,DROP,,,不属于指南允许的基础原生食材类别
10499,桂格麦片,REVIEW,,,形态描述存在，但原始食材无法确定
10500,表面蛋液,REVIEW,,,可能是原生食材，但频次、命名或类别证据不足
10501,掰碎大料,DROP,,,不属于指南允许的基础原生食材类别
10502,杰克丹尼,DROP,,,不属于指南允许的基础原生食材类别
10503,多少辣白菜,DROP,,,数量或单位残留且无法可靠恢复原食材
10504,青芒果,REVIEW,,,可能是原生食材，但频次、命名或类别证据不足
10505,猪肚子,REVIEW,,,可能是原生食材，但频次、命名或类别证据不足
10506,烧烤酱原味,DROP,,,不属于指南允许的基础原生食材类别
10507,竹笋干,DROP,,,成品、半成品或加工食品
10508,丸子粉,DROP,,,成品、半成品或加工食品
10509,浆豆腐,DROP,,,豆制品或淀粉制品（严格模式排除）
10510,王致和臭豆腐,DROP,,,豆制品或淀粉制品（严格模式排除）
10511,状奶酪,DROP,,,烘焙或乳制加工食品
10512,分洋葱,REVIEW,,,可能是原生食材，但频次、命名或类别证据不足
10513,不能吃辣,DROP,,,不属于指南允许的基础原生食材类别
10514,果切小块,REVIEW,,,形态描述存在，但原始食材无法确定
10515,拍扁姜,REVIEW,,,可能是原生食材，但频次、命名或类别证据不足
10516,三两五花肉,REVIEW,,,可能是原生食材，但频次、命名或类别证据不足
10517,港式蛋面,REVIEW,,,可能是原生食材，但频次、命名或类别证据不足
10518,酱蒜,DROP,,,不属于指南允许的基础原生食材类别
10519,山茶花,DROP,,,不属于指南允许的基础原生食材类别
10520,鳗鲞,DROP,,,不属于指南允许的基础原生食材类别
10521,疙瘩丝,REVIEW,,,形态描述存在，但原始食材无法确定
10522,小杯子,DROP,,,不属于指南允许的基础原生食材类别
10523,少量黑木耳,REVIEW,,,可能是原生食材，但频次、命名或类别证据不足
10524,姜丝葱段,REVIEW,,,形态描述存在，但原始食材无法确定
10525,鲜迷迭香,DROP,,,调味料不进入基础原生食材表
10526,杏仁蛋糕胚,DROP,,,烘焙或乳制加工食品
10527,椰子酒,DROP,,,调味料不进入基础原生食材表
10528,爱爱,DROP,,,不属于指南允许的基础原生食材类别
10529,豆王,REVIEW,,,可能是原生食材，但频次、命名或类别证据不足
10530,够了,DROP,,,不属于指南允许的基础原生食材类别
10531,金像面粉,DROP,,,成品、半成品或加工食品
10532,就够香菜,REVIEW,,,可能是原生食材，但频次、命名或类别证据不足
10533,都能放,DROP,,,不属于指南允许的基础原生食材类别
10534,全脂乳粉,DROP,,,不属于指南允许的基础原生食材类别
10535,没过猪蹄水,REVIEW,,,可能是原生食材，但频次、命名或类别证据不足
10536,榛仁,REVIEW,,,可能是原生食材，但频次、命名或类别证据不足
10537,鲜虾鱼板面,REVIEW,,,可能是原生食材，但频次、命名或类别证据不足
10538,甜巧克力,DROP,,,烘焙或乳制加工食品
10539,欧克皮,DROP,,,不属于指南允许的基础原生食材类别
10540,斯里兰卡红茶,DROP,,,饮料、酒类或乳制品不属于本版核心原生食材
10541,带黑点香蕉,REVIEW,,,可能是原生食材，但频次、命名或类别证据不足
10542,熟榛子仁,DROP,,,成品、半成品或加工食品
10543,葱一段,REVIEW,,,形态描述存在，但原始食材无法确定
10544,葱花末,REVIEW,,,形态描述存在，但原始食材无法确定
10545,拳头大小土豆,REVIEW,,,可能是原生食材，但频次、命名或类别证据不足
10546,可以,DROP,,,不属于指南允许的基础原生食材类别
10547,各式香料,DROP,,,不属于指南允许的基础原生食材类别
10548,一段玉米,REVIEW,,,可能是原生食材，但频次、命名或类别证据不足
10549,味千拉面,REVIEW,,,可能是原生食材，但频次、命名或类别证据不足
10550,半截胡萝卜,REVIEW,,,可能是原生食材，但频次、命名或类别证据不足
10551,刁子鱼,REVIEW,,,可能是原生食材，但频次、命名或类别证据不足
10552,可可球,DROP,,,不属于指南允许的基础原生食材类别
10553,宇治抹茶,DROP,,,饮料、酒类或乳制品不属于本版核心原生食材
10554,柳橙,REVIEW,,,可能是原生食材，但频次、命名或类别证据不足
10555,草鸡,REVIEW,,,可能是原生食材，但频次、命名或类别证据不足
10556,黑鱼一条,DROP,,,数量或单位残留且无法可靠恢复原食材
10557,普通白面,REVIEW,,,可能是原生食材，但频次、命名或类别证据不足
10558,老母鸡汤,REVIEW,,,可能是原生食材，但频次、命名或类别证据不足
10559,都行肉末,REVIEW,,,形态描述存在，但原始食材无法确定
10560,葱洋葱,REVIEW,,,可能是原生食材，但频次、命名或类别证据不足
10561,熟透了香蕉,DROP,,,成品、半成品或加工食品
10562,椰子壳,REVIEW,,,可能是原生食材，但频次、命名或类别证据不足
10563,削皮刀,DROP,,,不属于指南允许的基础原生食材类别
10564,了五花肉,REVIEW,,,可能是原生食材，但频次、命名或类别证据不足
10565,杏仁奶油馅,DROP,,,烘焙或乳制加工食品
10566,预调鸡尾酒,DROP,,,调味料不进入基础原生食材表
10567,炸牛肉丸,DROP,,,成品、半成品或加工食品
10568,迷你南瓜,REVIEW,,,可能是原生食材，但频次、命名或类别证据不足
10569,直径高纸杯,DROP,,,不属于指南允许的基础原生食材类别
10570,腌虾,REVIEW,,,可能是原生食材，但频次、命名或类别证据不足
10571,泉水浸金枪鱼,REVIEW,,,可能是原生食材，但频次、命名或类别证据不足
10572,青红椒洋葱,REVIEW,,,可能是原生食材，但频次、命名或类别证据不足
10573,牛奶一共,DROP,,,饮料、酒类或乳制品不属于本版核心原生食材
10574,食蔬,DROP,,,不属于指南允许的基础原生食材类别
10575,干河粉,DROP,,,成品、半成品或加工食品
10576,和虾皮,DROP,,,成品、半成品或加工食品
10577,磷虾,REVIEW,,,可能是原生食材，但频次、命名或类别证据不足
10578,五香豆腐丝,DROP,,,豆制品或淀粉制品（严格模式排除）
10579,熟杏仁,DROP,,,成品、半成品或加工食品
10580,蓝莓果馅,REVIEW,,,可能是原生食材，但频次、命名或类别证据不足
10581,牛柳肉,REVIEW,,,可能是原生食材，但频次、命名或类别证据不足
10582,卫龙辣条,DROP,,,不属于指南允许的基础原生食材类别
10583,油酥普通面粉,DROP,,,成品、半成品或加工食品
10584,详细配方,DROP,,,不属于指南允许的基础原生食材类别
10585,数量蔬菜,REVIEW,,,可能是原生食材，但频次、命名或类别证据不足
10586,可以做,DROP,,,不属于指南允许的基础原生食材类别
10587,红心番薯,REVIEW,,,可能是原生食材，但频次、命名或类别证据不足
10588,乳胶手套,DROP,,,不属于指南允许的基础原生食材类别
10589,嫩玉米,REVIEW,,,可能是原生食材，但频次、命名或类别证据不足
10590,就够葱,REVIEW,,,可能是原生食材，但频次、命名或类别证据不足
10591,手掌大小五花肉,REVIEW,,,可能是原生食材，但频次、命名或类别证据不足
10592,伯爵红茶叶,DROP,,,饮料、酒类或乳制品不属于本版核心原生食材
10593,葱一根,MERGE,1,葱,修复数量/单位残留
10594,花米,REVIEW,,,可能是原生食材，但频次、命名或类别证据不足
10595,番茄锅底,REVIEW,,,可能是原生食材，但频次、命名或类别证据不足
10596,川粉,DROP,,,不属于指南允许的基础原生食材类别
10597,甜粿,DROP,,,不属于指南允许的基础原生食材类别
10598,鸡汤骨头汤,REVIEW,,,可能是原生食材，但频次、命名或类别证据不足
10599,摊鸡蛋,REVIEW,,,可能是原生食材，但频次、命名或类别证据不足
10600,越小越好,DROP,,,不属于指南允许的基础原生食材类别
10601,迷你洋葱,REVIEW,,,可能是原生食材，但频次、命名或类别证据不足
10602,紫薯味,REVIEW,,,可能是原生食材，但频次、命名或类别证据不足
10603,蔓越莓粉,REVIEW,,,可能是原生食材，但频次、命名或类别证据不足
10604,红心蜜柚,REVIEW,,,可能是原生食材，但频次、命名或类别证据不足
10605,半鸡蛋,REVIEW,,,可能是原生食材，但频次、命名或类别证据不足
10606,可〉,DROP,,,不属于指南允许的基础原生食材类别
10607,熟粽子,DROP,,,成品、半成品或加工食品
10608,粗粒全麦粉,REVIEW,,,可能是原生食材，但频次、命名或类别证据不足
10609,厚冬瓜,REVIEW,,,可能是原生食材，但频次、命名或类别证据不足
10610,我放,DROP,,,不属于指南允许的基础原生食材类别
10611,没可以不放,DROP,,,不属于指南允许的基础原生食材类别
10612,虾虾头,REVIEW,,,可能是原生食材，但频次、命名或类别证据不足
10613,如实酸奶,DROP,,,饮料、酒类或乳制品不属于本版核心原生食材
10614,节淮山,DROP,,,不属于指南允许的基础原生食材类别
10615,拍姜,REVIEW,,,可能是原生食材，但频次、命名或类别证据不足
10616,甜辣椒,REVIEW,,,可能是原生食材，但频次、命名或类别证据不足
10617,吧香菇,REVIEW,,,可能是原生食材，但频次、命名或类别证据不足
10618,黄油奶馅,DROP,,,烘焙或乳制加工食品
10619,意面香草,REVIEW,,,可能是原生食材，但频次、命名或类别证据不足
10620,紫萝卜,REVIEW,,,可能是原生食材，但频次、命名或类别证据不足
10621,菜叶白菜,REVIEW,,,可能是原生食材，但频次、命名或类别证据不足
10622,多少就多少鸡肉,DROP,,,数量或单位残留且无法可靠恢复原食材
10623,腌渍橄榄,DROP,,,不属于指南允许的基础原生食材类别
10624,鸡血,KEEP,563,鸡血,符合基础原生食材定义
10625,皖鱼腩,REVIEW,,,可能是原生食材，但频次、命名或类别证据不足
10626,核桃奶,DROP,,,饮料、酒类或乳制品不属于本版核心原生食材
10627,牛羊肉卷,REVIEW,,,可能是原生食材，但频次、命名或类别证据不足
10628,河鲫鱼,REVIEW,,,可能是原生食材，但频次、命名或类别证据不足
10629,头鹰嘴豆,REVIEW,,,可能是原生食材，但频次、命名或类别证据不足
10630,葱白切碎,DROP,,,工具、包装或操作说明
10631,冰水混合物,DROP,,,不属于指南允许的基础原生食材类别
10632,养鸡蛋,REVIEW,,,可能是原生食材，但频次、命名或类别证据不足
10633,油泼面,REVIEW,,,可能是原生食材，但频次、命名或类别证据不足
10634,黑豆浆,DROP,,,成品、半成品或加工食品
10635,魔鬼干辣椒,DROP,,,调味料不进入基础原生食材表
10636,含气苏打水,DROP,,,不属于指南允许的基础原生食材类别
10637,凯特芒果,REVIEW,,,可能是原生食材，但频次、命名或类别证据不足
10638,葱姜辣椒,REVIEW,,,可能是原生食材，但频次、命名或类别证据不足
10639,黑布林,DROP,,,不属于指南允许的基础原生食材类别
10640,火葱,REVIEW,,,可能是原生食材，但频次、命名或类别证据不足
10641,红莲蓉,DROP,,,不属于指南允许的基础原生食材类别
10642,知了猴,DROP,,,不属于指南允许的基础原生食材类别
10643,巧克力脆皮,DROP,,,烘焙或乳制加工食品
10644,馬蘇里拉芝士,DROP,,,烘焙或乳制加工食品
10645,一壶热水,DROP,,,不属于指南允许的基础原生食材类别
10646,淡炼乳,DROP,,,烘焙或乳制加工食品
10647,手工挂面,REVIEW,,,可能是原生食材，但频次、命名或类别证据不足
10648,恰玛古,DROP,,,不属于指南允许的基础原生食材类别
10649,眼睛黑芝麻,REVIEW,,,可能是原生食材，但频次、命名或类别证据不足
10650,特浓酸奶,DROP,,,饮料、酒类或乳制品不属于本版核心原生食材
10651,普通牛肉,REVIEW,,,可能是原生食材，但频次、命名或类别证据不足
10652,阳江豆鼓,REVIEW,,,可能是原生食材，但频次、命名或类别证据不足
10653,血豆腐,DROP,,,豆制品或淀粉制品（严格模式排除）
10654,桂圆肉干,DROP,,,加工肉制品
10655,葡萄干核桃,DROP,,,成品、半成品或加工食品
10656,木耳泡发,REVIEW,,,可能是原生食材，但频次、命名或类别证据不足
10657,柠檬汁去腥,REVIEW,,,可能是原生食材，但频次、命名或类别证据不足
10658,干花瓣,REVIEW,,,形态描述存在，但原始食材无法确定
10659,高筋小麦面粉,DROP,,,成品、半成品或加工食品
10660,高铁米粉,DROP,,,成品、半成品或加工食品
10661,小里脊,REVIEW,,,可能是原生食材，但频次、命名或类别证据不足
10662,青南瓜,REVIEW,,,可能是原生食材，但频次、命名或类别证据不足
10663,节莴笋,REVIEW,,,可能是原生食材，但频次、命名或类别证据不足
10664,奶油意面,DROP,,,烘焙或乳制加工食品
10665,甜点专发酵粉,DROP,,,不属于指南允许的基础原生食材类别
10666,芒果浆,REVIEW,,,可能是原生食材，但频次、命名或类别证据不足
10667,各红辣椒,REVIEW,,,可能是原生食材，但频次、命名或类别证据不足
10668,杏仁核桃,REVIEW,,,可能是原生食材，但频次、命名或类别证据不足
10669,绿奇异果,DROP,,,不属于指南允许的基础原生食材类别
10670,大块瘦肉,REVIEW,,,可能是原生食材，但频次、命名或类别证据不足
10671,小水果刀,DROP,,,不属于指南允许的基础原生食材类别
10672,最后点缀香菜,REVIEW,,,可能是原生食材，但频次、命名或类别证据不足
10673,黑色巧克力,DROP,,,烘焙或乳制加工食品
10674,葱姜蒜红辣椒,REVIEW,,,可能是原生食材，但频次、命名或类别证据不足
10675,红绿丝,REVIEW,,,形态描述存在，但原始食材无法确定
10676,活耳,DROP,,,不属于指南允许的基础原生食材类别
10677,干吃麦片,REVIEW,,,形态描述存在，但原始食材无法确定
10678,长茄,REVIEW,,,可能是原生食材，但频次、命名或类别证据不足
10679,香肠料,DROP,,,加工肉制品
10680,虾头虾,REVIEW,,,可能是原生食材，但频次、命名或类别证据不足
10681,上色,DROP,,,不属于指南允许的基础原生食材类别
10682,鸡爪子,REVIEW,,,可能是原生食材，但频次、命名或类别证据不足
10683,冬瓜一块,REVIEW,,,形态描述存在，但原始食材无法确定
10684,青龙,DROP,,,不属于指南允许的基础原生食材类别
10685,枝新鲜薄荷叶,DROP,,,调味料不进入基础原生食材表
10686,豆角一把,DROP,,,数量或单位残留且无法可靠恢复原食材
10687,树椒,REVIEW,,,可能是原生食材，但频次、命名或类别证据不足
10688,蟹脚,REVIEW,,,可能是原生食材，但频次、命名或类别证据不足
10689,葱蒜头,REVIEW,,,可能是原生食材，但频次、命名或类别证据不足
10690,艾青,DROP,,,不属于指南允许的基础原生食材类别
10691,后臀尖,DROP,,,不属于指南允许的基础原生食材类别
10692,面条机,DROP,,,成品、半成品或加工食品
10693,五花肉切片,REVIEW,,,形态描述存在，但原始食材无法确定
10694,青红美人椒,REVIEW,,,可能是原生食材，但频次、命名或类别证据不足
10695,圆面包,DROP,,,烘焙或乳制加工食品
10696,慕斯液体,DROP,,,成品、半成品或加工食品
10697,尼乳酪,DROP,,,不属于指南允许的基础原生食材类别
10698,部分香葱,REVIEW,,,可能是原生食材，但频次、命名或类别证据不足
10699,羊肋肉,REVIEW,,,可能是原生食材，但频次、命名或类别证据不足
10700,椰子花蜜,REVIEW,,,可能是原生食材，但频次、命名或类别证据不足
10701,黄豆花生,REVIEW,,,可能是原生食材，但频次、命名或类别证据不足
10702,凤梨肉,REVIEW,,,可能是原生食材，但频次、命名或类别证据不足
10703,多少加多少胡萝卜,DROP,,,数量或单位残留且无法可靠恢复原食材
10704,大小口蘑,DROP,,,不属于指南允许的基础原生食材类别
10705,自由组合,DROP,,,不属于指南允许的基础原生食材类别
10706,圈南瓜,REVIEW,,,可能是原生食材，但频次、命名或类别证据不足
10707,苏里拉奶酪芝士碎,DROP,,,烘焙或乳制加工食品
10708,九肚鱼,REVIEW,,,可能是原生食材，但频次、命名或类别证据不足
10709,干果果干,DROP,,,成品、半成品或加工食品
10710,井水,DROP,,,不属于指南允许的基础原生食材类别
10711,馅料肉松,DROP,,,加工肉制品
10712,料小料,DROP,,,不属于指南允许的基础原生食材类别
10713,涂抹蛋液,DROP,,,工具、包装或操作说明
10714,马里苏芝士,DROP,,,烘焙或乳制加工食品
10715,蔬菜色拉,REVIEW,,,可能是原生食材，但频次、命名或类别证据不足
10716,泡菜拉面,DROP,,,成品、半成品或加工食品
10717,老火腿,DROP,,,加工肉制品
10718,一段西葫芦,REVIEW,,,可能是原生食材，但频次、命名或类别证据不足
10719,引子,DROP,,,不属于指南允许的基础原生食材类别
10720,肉面粉,DROP,,,成品、半成品或加工食品
10721,肩膀肉,REVIEW,,,可能是原生食材，但频次、命名或类别证据不足
10722,麦芬面包,DROP,,,烘焙或乳制加工食品
10723,脸盆,DROP,,,不属于指南允许的基础原生食材类别
10724,野生红菇,REVIEW,,,可能是原生食材，但频次、命名或类别证据不足
10725,鸡蛋饼食材,REVIEW,,,可能是原生食材，但频次、命名或类别证据不足
10726,肉馅食材,REVIEW,,,可能是原生食材，但频次、命名或类别证据不足
10727,面包主体,DROP,,,烘焙或乳制加工食品
10728,香菜和葱,SPLIT,9|1,香菜|葱,分隔符明确连接多个独立基础食材；克数无法可靠分摊
10729,和蒜片,REVIEW,,,疑似多食材组合，但无法百分之百确认全部组成
10730,日式大根,DROP,,,不属于指南允许的基础原生食材类别
10731,日式家常豆腐,DROP,,,豆制品或淀粉制品（严格模式排除）
10732,布朗尼,DROP,,,不属于指南允许的基础原生食材类别
10733,莓芝士蛋糕,DROP,,,烘焙或乳制加工食品
10734,新鲜树莓,DROP,,,不属于指南允许的基础原生食材类别
10735,猴菇粉,REVIEW,,,可能是原生食材，但频次、命名或类别证据不足
10736,万能炸粉,DROP,,,不属于指南允许的基础原生食材类别
10737,哦牛奶,DROP,,,饮料、酒类或乳制品不属于本版核心原生食材
10738,霓虹高筋粉,DROP,,,不属于指南允许的基础原生食材类别
10739,巧克力外壳,DROP,,,烘焙或乳制加工食品
10740,粥底,DROP,,,成品、半成品或加工食品
10741,几瓣,REVIEW,,,形态描述存在，但原始食材无法确定
10742,圆形面包,DROP,,,烘焙或乳制加工食品
10743,熏火腿,DROP,,,加工肉制品
10744,带皮猪五花肉,MERGE,10,五花肉,去除确定的鲜冻/去皮去骨描述
10745,干青椒,REVIEW,,,可能是原生食材，但频次、命名或类别证据不足
10746,藜麦米饭,DROP,,,成品、半成品或加工食品
10747,菊苣,KEEP,551,菊苣,符合基础原生食材定义
10748,多多辣椒,REVIEW,,,可能是原生食材，但频次、命名或类别证据不足
10749,黑巧克力切碎,DROP,,,工具、包装或操作说明
10750,风干番茄,REVIEW,,,可能是原生食材，但频次、命名或类别证据不足
10751,干牛草,REVIEW,,,可能是原生食材，但频次、命名或类别证据不足
10752,灰树花,DROP,,,不属于指南允许的基础原生食材类别
10753,半热水,DROP,,,不属于指南允许的基础原生食材类别
10754,末胡萝卜,REVIEW,,,可能是原生食材，但频次、命名或类别证据不足
10755,上面粉,DROP,,,成品、半成品或加工食品
10756,白矾,DROP,,,不属于指南允许的基础原生食材类别
10757,辣椒和小米辣,REVIEW,,,疑似多食材组合，但无法百分之百确认全部组成
10758,鹅油香葱,REVIEW,,,可能是原生食材，但频次、命名或类别证据不足
10759,多少放多少午餐肉,DROP,,,加工肉制品
10760,儿芝士,DROP,,,烘焙或乳制加工食品
10761,琥珀核桃,REVIEW,,,可能是原生食材，但频次、命名或类别证据不足
10762,一段冬瓜,REVIEW,,,可能是原生食材，但频次、命名或类别证据不足
10763,苦菜,KEEP,549,苦菜,符合基础原生食材定义
10764,茶叶水,DROP,,,饮料、酒类或乳制品不属于本版核心原生食材
10765,小萝卜萝卜,REVIEW,,,可能是原生食材，但频次、命名或类别证据不足
10766,草母鸡,REVIEW,,,可能是原生食材，但频次、命名或类别证据不足
10767,蛋黄加水,REVIEW,,,可能是原生食材，但频次、命名或类别证据不足
10768,糯米年糕,DROP,,,成品、半成品或加工食品
10769,安慕希,DROP,,,不属于指南允许的基础原生食材类别
10770,芥菜叶子,REVIEW,,,可能是原生食材，但频次、命名或类别证据不足
10771,湛江鸡,REVIEW,,,可能是原生食材，但频次、命名或类别证据不足
10772,熟咸鸭蛋,DROP,,,成品、半成品或加工食品
10773,小町大米,REVIEW,,,可能是原生食材，但频次、命名或类别证据不足
10774,快菜,REVIEW,,,可能是原生食材，但频次、命名或类别证据不足
10775,牛奶」,DROP,,,饮料、酒类或乳制品不属于本版核心原生食材
10776,决定猪肉馅,REVIEW,,,可能是原生食材，但频次、命名或类别证据不足
10777,薄千张,DROP,,,豆制品或淀粉制品（严格模式排除）
10778,蒜洋葱,REVIEW,,,可能是原生食材，但频次、命名或类别证据不足
10779,消化饼底,DROP,,,不属于指南允许的基础原生食材类别
10780,奶油芝士慕斯,DROP,,,烘焙或乳制加工食品
10781,各一彩椒,REVIEW,,,可能是原生食材，但频次、命名或类别证据不足
10782,可生食生菜,REVIEW,,,可能是原生食材，但频次、命名或类别证据不足
10783,白不老,DROP,,,不属于指南允许的基础原生食材类别
10784,黑芝麻点缀,REVIEW,,,可能是原生食材，但频次、命名或类别证据不足
10785,鱼头鱼骨,REVIEW,,,可能是原生食材，但频次、命名或类别证据不足
10786,布蕾,DROP,,,不属于指南允许的基础原生食材类别
10787,白虾虾仁,REVIEW,,,可能是原生食材，但频次、命名或类别证据不足
10788,茨菰,DROP,,,不属于指南允许的基础原生食材类别
10789,娘酒,DROP,,,调味料不进入基础原生食材表
10790,生红辣椒,REVIEW,,,可能是原生食材，但频次、命名或类别证据不足
10791,干辣椒几个,DROP,,,调味料不进入基础原生食材表
10792,黄金耳,DROP,,,不属于指南允许的基础原生食材类别
10793,法式羊排,REVIEW,,,可能是原生食材，但频次、命名或类别证据不足
10794,甜酒药,DROP,,,不属于指南允许的基础原生食材类别
10795,红黄青彩椒,REVIEW,,,可能是原生食材，但频次、命名或类别证据不足
10796,快发粉,DROP,,,不属于指南允许的基础原生食材类别
10797,总重,DROP,,,不属于指南允许的基础原生食材类别
10798,水煮鱼佐料,REVIEW,,,可能是原生食材，但频次、命名或类别证据不足
10799,麦高筋面粉,DROP,,,成品、半成品或加工食品
10800,红心木瓜,REVIEW,,,可能是原生食材，但频次、命名或类别证据不足
10801,腊五花肉,REVIEW,,,可能是原生食材，但频次、命名或类别证据不足
10802,一水,DROP,,,不属于指南允许的基础原生食材类别
10803,长线椒,REVIEW,,,可能是原生食材，但频次、命名或类别证据不足
10804,霸王花干,DROP,,,不属于指南允许的基础原生食材类别
10805,材料清水,DROP,,,不属于指南允许的基础原生食材类别
10806,金枪鱼罐头肉,DROP,,,成品、半成品或加工食品
10807,奶油奶酪馅,DROP,,,烘焙或乳制加工食品
10808,坨西兰花,REVIEW,,,可能是原生食材，但频次、命名或类别证据不足
10809,墨斗丸,DROP,,,不属于指南允许的基础原生食材类别
10810,黄豆豆浆,DROP,,,成品、半成品或加工食品
10811,橙子量橙皮屑,DROP,,,不属于指南允许的基础原生食材类别
10812,多少就多少牛肉,DROP,,,数量或单位残留且无法可靠恢复原食材
10813,一半鸡胸肉,REVIEW,,,可能是原生食材，但频次、命名或类别证据不足
10814,粮食酒,DROP,,,调味料不进入基础原生食材表
10815,杰诺瓦士蛋糕体,DROP,,,烘焙或乳制加工食品
10816,樱花粉,DROP,,,不属于指南允许的基础原生食材类别
10817,樱桃蕃茄,REVIEW,,,可能是原生食材，但频次、命名或类别证据不足
10818,秋耳,DROP,,,不属于指南允许的基础原生食材类别
10819,各类蔬菜水果,REVIEW,,,可能是原生食材，但频次、命名或类别证据不足
10820,香菜辣椒,REVIEW,,,可能是原生食材，但频次、命名或类别证据不足
10821,两指水,DROP,,,不属于指南允许的基础原生食材类别
10822,甜彩椒,REVIEW,,,可能是原生食材，但频次、命名或类别证据不足
10823,精粉,DROP,,,不属于指南允许的基础原生食材类别
10824,极美滋,DROP,,,不属于指南允许的基础原生食材类别
10825,过鸡翅可乐,DROP,,,饮料、酒类或乳制品不属于本版核心原生食材
10826,酱肉馅,DROP,,,不属于指南允许的基础原生食材类别
10827,蔓越莓椰蓉馅,REVIEW,,,可能是原生食材，但频次、命名或类别证据不足
10828,蛋黄加牛奶,DROP,,,饮料、酒类或乳制品不属于本版核心原生食材
10829,练习,DROP,,,不属于指南允许的基础原生食材类别
10830,豆饼,REVIEW,,,可能是原生食材，但频次、命名或类别证据不足
10831,薄荷叶薄荷,DROP,,,调味料不进入基础原生食材表
10832,青红杭椒,REVIEW,,,可能是原生食材，但频次、命名或类别证据不足
10833,芒果冰淇淋,DROP,,,成品、半成品或加工食品
10834,备白芝麻,REVIEW,,,可能是原生食材，但频次、命名或类别证据不足
10835,胡萝卜少量,REVIEW,,,可能是原生食材，但频次、命名或类别证据不足
10836,爱美食,DROP,,,不属于指南允许的基础原生食材类别
10837,波龙,DROP,,,不属于指南允许的基础原生食材类别
10838,多少鲍鱼,DROP,,,数量或单位残留且无法可靠恢复原食材
10839,土豆君,REVIEW,,,可能是原生食材，但频次、命名或类别证据不足
10840,奶油盒子,DROP,,,烘焙或乳制加工食品
10841,前胛肉,REVIEW,,,可能是原生食材，但频次、命名或类别证据不足
10842,皮石斛,DROP,,,不属于指南允许的基础原生食材类别
10843,耐热巧克力豆,DROP,,,烘焙或乳制加工食品
10844,奥利奥饼干去夹心,DROP,,,烘焙或乳制加工食品
10845,酸奶一小盒,DROP,,,饮料、酒类或乳制品不属于本版核心原生食材
10846,色冰淇淋,DROP,,,成品、半成品或加工食品
10847,中空戚风模,DROP,,,不属于指南允许的基础原生食材类别
10848,葱结葱,REVIEW,,,可能是原生食材，但频次、命名或类别证据不足
10849,方便面蔬菜包,DROP,,,成品、半成品或加工食品
10850,柠檬草味苏打水,REVIEW,,,可能是原生食材，但频次、命名或类别证据不足
10851,就放香菜,REVIEW,,,可能是原生食材，但频次、命名或类别证据不足
10852,料蒜,REVIEW,,,可能是原生食材，但频次、命名或类别证据不足
10853,泡仔姜,REVIEW,,,可能是原生食材，但频次、命名或类别证据不足
10854,无核青柠,DROP,,,不属于指南允许的基础原生食材类别
10855,披萨面饼,DROP,,,成品、半成品或加工食品
10856,香草提取物,REVIEW,,,可能是原生食材，但频次、命名或类别证据不足
10857,记忆,DROP,,,不属于指南允许的基础原生食材类别
10858,多少刀削面,DROP,,,数量或单位残留且无法可靠恢复原食材
10859,碎番茄罐头,DROP,,,成品、半成品或加工食品
10860,粉丝一小卷,DROP,,,豆制品或淀粉制品（严格模式排除）
10861,层洋葱,REVIEW,,,可能是原生食材，但频次、命名或类别证据不足
10862,班戟预拌粉,DROP,,,不属于指南允许的基础原生食材类别
10863,美式杂菜,REVIEW,,,可能是原生食材，但频次、命名或类别证据不足
10864,腐膜,DROP,,,不属于指南允许的基础原生食材类别
10865,混合谷物米粉,DROP,,,成品、半成品或加工食品
10866,南瓜派香料,DROP,,,不属于指南允许的基础原生食材类别
10867,想吃多少牛肉,DROP,,,数量或单位残留且无法可靠恢复原食材
10868,蛤蛎,REVIEW,,,可能是原生食材，但频次、命名或类别证据不足
10869,红烧,DROP,,,不属于指南允许的基础原生食材类别
10870,柠檬茶,DROP,,,饮料、酒类或乳制品不属于本版核心原生食材
10871,蛋糕薄片,DROP,,,烘焙或乳制加工食品
10872,蔬菜自己搭配,REVIEW,,,可能是原生食材，但频次、命名或类别证据不足
10873,食金粉,DROP,,,不属于指南允许的基础原生食材类别
10874,玉米豌豆胡萝卜,REVIEW,,,可能是原生食材，但频次、命名或类别证据不足
10875,一大勺面粉,DROP,,,成品、半成品或加工食品
10876,红茶汤,DROP,,,不属于指南允许的基础原生食材类别
10877,酸白菜,DROP,,,成品、半成品或加工食品
10878,芝麻花生馅,REVIEW,,,可能是原生食材，但频次、命名或类别证据不足
10879,儿虾皮,DROP,,,成品、半成品或加工食品
10880,元西,DROP,,,不属于指南允许的基础原生食材类别
10881,霉豆瓣,REVIEW,,,形态描述存在，但原始食材无法确定
10882,半洋葱,REVIEW,,,可能是原生食材，但频次、命名或类别证据不足
10883,菜帮子大白菜,REVIEW,,,可能是原生食材，但频次、命名或类别证据不足
10884,魔鬼鱼,REVIEW,,,可能是原生食材，但频次、命名或类别证据不足
10885,多少克糯米,DROP,,,数量或单位残留且无法可靠恢复原食材
10886,豆米,REVIEW,,,可能是原生食材，但频次、命名或类别证据不足
10887,各式丸子,DROP,,,成品、半成品或加工食品
10888,馄饨皮子,DROP,,,成品、半成品或加工食品
10889,蛋黄蛋液,REVIEW,,,可能是原生食材，但频次、命名或类别证据不足
10890,备紫薯,REVIEW,,,可能是原生食材，但频次、命名或类别证据不足
10891,家里什么放什么,DROP,,,不属于指南允许的基础原生食材类别
10892,野生黑枸杞,REVIEW,,,可能是原生食材，但频次、命名或类别证据不足
10893,来胡萝卜,REVIEW,,,可能是原生食材，但频次、命名或类别证据不足
10894,雪花肉,REVIEW,,,可能是原生食材，但频次、命名或类别证据不足
10895,改刀,DROP,,,不属于指南允许的基础原生食材类别
10896,脆松,DROP,,,不属于指南允许的基础原生食材类别
10897,滇红,DROP,,,不属于指南允许的基础原生食材类别
10898,固体饮料,DROP,,,饮料、酒类或乳制品不属于本版核心原生食材
10899,古越龙山,DROP,,,不属于指南允许的基础原生食材类别
10900,涂抹芝士,DROP,,,工具、包装或操作说明
10901,火龙果干,DROP,,,成品、半成品或加工食品
10902,肥瘦梅头肉,REVIEW,,,可能是原生食材，但频次、命名或类别证据不足
10903,苦甜黑巧克力,DROP,,,烘焙或乳制加工食品
10904,蔬菜鲜,REVIEW,,,可能是原生食材，但频次、命名或类别证据不足
10905,多麻椒,DROP,,,调味料不进入基础原生食材表
10906,刷面鸡蛋液,DROP,,,工具、包装或操作说明
10907,赤味增,DROP,,,不属于指南允许的基础原生食材类别
10908,樱花珍珠,DROP,,,不属于指南允许的基础原生食材类别
10909,蘑菇胡萝卜,REVIEW,,,可能是原生食材，但频次、命名或类别证据不足
10910,羊肚菌干,REVIEW,,,可能是原生食材，但频次、命名或类别证据不足
10911,蔬菜豆制品,REVIEW,,,可能是原生食材，但频次、命名或类别证据不足
10912,葱白切丝,REVIEW,,,形态描述存在，但原始食材无法确定
10913,鸭珍,REVIEW,,,可能是原生食材，但频次、命名或类别证据不足
10914,白菜娃娃菜,REVIEW,,,可能是原生食材，但频次、命名或类别证据不足
10915,主面团料,REVIEW,,,可能是原生食材，但频次、命名或类别证据不足
10916,蒜末小葱,REVIEW,,,可能是原生食材，但频次、命名或类别证据不足
10917,南美白对虾,KEEP,565,南美白对虾,符合基础原生食材定义
10918,鲜大虾,MERGE,234,大虾,去除确定的鲜冻/去皮去骨描述
10919,软质巧克力,DROP,,,烘焙或乳制加工食品
10920,炒勺,DROP,,,不属于指南允许的基础原生食材类别
10921,鸡蛋鸡蛋清,REVIEW,,,可能是原生食材，但频次、命名或类别证据不足
10922,糯米面粉,DROP,,,成品、半成品或加工食品
10923,情黑巧克力,DROP,,,烘焙或乳制加工食品
10924,水妈妈木薯粉,REVIEW,,,可能是原生食材，但频次、命名或类别证据不足
10925,决定米,REVIEW,,,可能是原生食材，但频次、命名或类别证据不足
10926,和田大枣,REVIEW,,,疑似多食材组合，但无法百分之百确认全部组成
10927,无脂酸奶,DROP,,,饮料、酒类或乳制品不属于本版核心原生食材
10928,核桃黑芝麻粉,REVIEW,,,可能是原生食材，但频次、命名或类别证据不足
10929,小红干辣椒,DROP,,,调味料不进入基础原生食材表
10930,卤猪耳,REVIEW,,,可能是原生食材，但频次、命名或类别证据不足
10931,就可,DROP,,,不属于指南允许的基础原生食材类别
10932,无头虾,REVIEW,,,可能是原生食材，但频次、命名或类别证据不足
10933,蘑菇配菜,REVIEW,,,可能是原生食材，但频次、命名或类别证据不足
10934,带骨五花肉,REVIEW,,,可能是原生食材，但频次、命名或类别证据不足
10935,巧克力吐司,DROP,,,烘焙或乳制加工食品
10936,手工腐竹,DROP,,,豆制品或淀粉制品（严格模式排除）
10937,派盘,DROP,,,不属于指南允许的基础原生食材类别
10938,密闭容器,DROP,,,工具、包装或操作说明
10939,人米线,DROP,,,成品、半成品或加工食品
10940,全部,DROP,,,不属于指南允许的基础原生食材类别
10941,小段干辣椒,DROP,,,调味料不进入基础原生食材表
10942,玫瑰酒,DROP,,,调味料不进入基础原生食材表
10943,蛋糕圆模,DROP,,,烘焙或乳制加工食品
10944,咖啡冻,DROP,,,饮料、酒类或乳制品不属于本版核心原生食材
10945,鲜毛豆,MERGE,129,毛豆,去除确定的鲜冻/去皮去骨描述
10946,圆米,REVIEW,,,可能是原生食材，但频次、命名或类别证据不足
10947,晚上,DROP,,,不属于指南允许的基础原生食材类别
10948,土豆大小土豆,REVIEW,,,可能是原生食材，但频次、命名或类别证据不足
10949,自定辣椒,REVIEW,,,可能是原生食材，但频次、命名或类别证据不足
10950,檸檬,DROP,,,不属于指南允许的基础原生食材类别
10951,水少量,DROP,,,不属于指南允许的基础原生食材类别
10952,各香菇,REVIEW,,,可能是原生食材，但频次、命名或类别证据不足
10953,青椒彩椒,REVIEW,,,可能是原生食材，但频次、命名或类别证据不足
10954,香槟,DROP,,,不属于指南允许的基础原生食材类别
10955,整头蒜,REVIEW,,,可能是原生食材，但频次、命名或类别证据不足
10956,牙刷,DROP,,,工具、包装或操作说明
10957,炖鸡料,REVIEW,,,可能是原生食材，但频次、命名或类别证据不足
10958,忌廉芝士,DROP,,,烘焙或乳制加工食品
10959,什么东西,DROP,,,不属于指南允许的基础原生食材类别
10960,汤圆皮,DROP,,,不属于指南允许的基础原生食材类别
10961,萃取咖啡,DROP,,,饮料、酒类或乳制品不属于本版核心原生食材
10962,牌肠粉专粉,DROP,,,不属于指南允许的基础原生食材类别
10963,四季春茶汤,DROP,,,不属于指南允许的基础原生食材类别
10964,老蛏,REVIEW,,,可能是原生食材，但频次、命名或类别证据不足
10965,少量韭菜,REVIEW,,,可能是原生食材，但频次、命名或类别证据不足
10966,墨斗鱼,REVIEW,,,可能是原生食材，但频次、命名或类别证据不足
10967,黄豆罐头,DROP,,,成品、半成品或加工食品
10968,泡山椒,REVIEW,,,可能是原生食材，但频次、命名或类别证据不足
10969,蝶豆花茶,DROP,,,饮料、酒类或乳制品不属于本版核心原生食材
10970,番茄炒蛋,REVIEW,,,可能是原生食材，但频次、命名或类别证据不足
10971,植物油水,DROP,,,不属于指南允许的基础原生食材类别
10972,种西红柿,REVIEW,,,可能是原生食材，但频次、命名或类别证据不足
10973,乳酪蛋糕体,DROP,,,烘焙或乳制加工食品
10974,冻货,DROP,,,不属于指南允许的基础原生食材类别
10975,克马苏里拉芝士,DROP,,,烘焙或乳制加工食品
10976,姜蒜小米椒,REVIEW,,,可能是原生食材，但频次、命名或类别证据不足
10977,大小大米,REVIEW,,,可能是原生食材，但频次、命名或类别证据不足
10978,西紅柿,DROP,,,不属于指南允许的基础原生食材类别
10979,姫松茸,REVIEW,,,可能是原生食材，但频次、命名或类别证据不足
10980,烏雞,DROP,,,不属于指南允许的基础原生食材类别
10981,山藥,DROP,,,不属于指南允许的基础原生食材类别
10982,白菜切丝,REVIEW,,,形态描述存在，但原始食材无法确定
10983,深可可粉,DROP,,,成品、半成品或加工食品
10984,凤梨陷,REVIEW,,,可能是原生食材，但频次、命名或类别证据不足
10985,红茶菌,DROP,,,不属于指南允许的基础原生食材类别
10986,五花肉去皮,DROP,,,不属于指南允许的基础原生食材类别
10987,牛肉棒,REVIEW,,,可能是原生食材，但频次、命名或类别证据不足
10988,栗子南瓜,REVIEW,,,可能是原生食材，但频次、命名或类别证据不足
10989,一口香热狗肠,DROP,,,成品、半成品或加工食品
10990,半筋半肉,REVIEW,,,可能是原生食材，但频次、命名或类别证据不足
10991,碎坚果,REVIEW,,,可能是原生食材，但频次、命名或类别证据不足
10992,表层鸡蛋,REVIEW,,,可能是原生食材，但频次、命名或类别证据不足
10993,纯肉烤肠,DROP,,,成品、半成品或加工食品
10994,奶油顶,DROP,,,烘焙或乳制加工食品
10995,朱古力粉,DROP,,,不属于指南允许的基础原生食材类别
10996,带肉,REVIEW,,,可能是原生食材，但频次、命名或类别证据不足
10997,吧热水,DROP,,,不属于指南允许的基础原生食材类别
10998,巧克力裱花笔,DROP,,,烘焙或乳制加工食品
10999,紫菜零食,REVIEW,,,可能是原生食材，但频次、命名或类别证据不足
11000,装紫菜,REVIEW,,,可能是原生食材，但频次、命名或类别证据不足
11001,波特酒,DROP,,,调味料不进入基础原生食材表
11002,小海虾,REVIEW,,,可能是原生食材，但频次、命名或类别证据不足
11003,薄片胡萝卜,REVIEW,,,可能是原生食材，但频次、命名或类别证据不足
11004,無花果,DROP,,,不属于指南允许的基础原生食材类别
11005,去心,DROP,,,不属于指南允许的基础原生食材类别
11006,了炼奶,DROP,,,饮料、酒类或乳制品不属于本版核心原生食材
11007,黑芝麻芝麻,REVIEW,,,可能是原生食材，但频次、命名或类别证据不足
11008,准备好所食材,DROP,,,不属于指南允许的基础原生食材类别
11009,果胶粉,DROP,,,成品、半成品或加工食品
11010,树莓果冻,DROP,,,不属于指南允许的基础原生食材类别
11011,高粉天然酵种,DROP,,,不属于指南允许的基础原生食材类别
11012,千张结,DROP,,,豆制品或淀粉制品（严格模式排除）
11013,龙莱烧烤炉,DROP,,,不属于指南允许的基础原生食材类别
11014,几块大排,DROP,,,数量或单位残留且无法可靠恢复原食材
11015,几棵油菜,REVIEW,,,可能是原生食材，但频次、命名或类别证据不足
11016,馒头渣,DROP,,,成品、半成品或加工食品
11017,芋头一个,MERGE,73,芋头,修复数量/单位残留
11018,沙虾,REVIEW,,,可能是原生食材，但频次、命名或类别证据不足
11019,斑鱼,REVIEW,,,可能是原生食材，但频次、命名或类别证据不足
11020,蓝莓草莓,REVIEW,,,可能是原生食材，但频次、命名或类别证据不足
11021,少量地瓜粉,REVIEW,,,可能是原生食材，但频次、命名或类别证据不足
11022,番茄切丁,REVIEW,,,形态描述存在，但原始食材无法确定
11023,青碗豆,REVIEW,,,可能是原生食材，但频次、命名或类别证据不足
11024,吧肉馅,REVIEW,,,可能是原生食材，但频次、命名或类别证据不足
11025,牡蛎干,REVIEW,,,可能是原生食材，但频次、命名或类别证据不足
11026,细面条面条,DROP,,,成品、半成品或加工食品
11027,面粉料,DROP,,,成品、半成品或加工食品
11028,帕马森奶酪碎,DROP,,,烘焙或乳制加工食品
11029,皇上皇腊肉,DROP,,,加工肉制品
11030,熟木瓜,DROP,,,成品、半成品或加工食品
11031,谷元粉,DROP,,,不属于指南允许的基础原生食材类别
11032,酒渍黑樱桃,REVIEW,,,可能是原生食材，但频次、命名或类别证据不足
11033,法棍切片,REVIEW,,,形态描述存在，但原始食材无法确定
11034,肉剁成肉馅,REVIEW,,,可能是原生食材，但频次、命名或类别证据不足
11035,纯速溶咖啡粉,DROP,,,饮料、酒类或乳制品不属于本版核心原生食材
11036,帕玛森奶酪粉,DROP,,,烘焙或乳制加工食品
11037,半面,REVIEW,,,可能是原生食材，但频次、命名或类别证据不足
11038,剩下蛋液,REVIEW,,,可能是原生食材，但频次、命名或类别证据不足
11039,烟熏肠,DROP,,,成品、半成品或加工食品
11040,豆腐美乃滋,DROP,,,豆制品或淀粉制品（严格模式排除）
11041,新鲜瘦肉,REVIEW,,,可能是原生食材，但频次、命名或类别证据不足
11042,玫瑰大头菜,DROP,,,调味料不进入基础原生食材表
11043,盘子里,DROP,,,不属于指南允许的基础原生食材类别
11044,东星斑,DROP,,,不属于指南允许的基础原生食材类别
11045,桂花蜜茶,DROP,,,调味料不进入基础原生食材表
11046,蛋清蛋清,REVIEW,,,可能是原生食材，但频次、命名或类别证据不足
11047,黄牛肝菌,REVIEW,,,可能是原生食材，但频次、命名或类别证据不足
11048,绿青椒,REVIEW,,,可能是原生食材，但频次、命名或类别证据不足
11049,丝生姜,REVIEW,,,可能是原生食材，但频次、命名或类别证据不足
11050,丝大葱,REVIEW,,,可能是原生食材，但频次、命名或类别证据不足
11051,部分胡萝卜,REVIEW,,,可能是原生食材，但频次、命名或类别证据不足
11052,大青菜,REVIEW,,,可能是原生食材，但频次、命名或类别证据不足
11053,面粉手粉,DROP,,,成品、半成品或加工食品
11054,克胡萝卜丝,REVIEW,,,形态描述存在，但原始食材无法确定
11055,直条意大利面,DROP,,,成品、半成品或加工食品
11056,迷你香肠,DROP,,,加工肉制品
11057,巩固期,DROP,,,不属于指南允许的基础原生食材类别
11058,牌低筋粉,DROP,,,不属于指南允许的基础原生食材类别
11059,鸭货,REVIEW,,,可能是原生食材，但频次、命名或类别证据不足
11060,蔬菜生菜,REVIEW,,,可能是原生食材，但频次、命名或类别证据不足
11061,胡萝卜青豆玉米粒,REVIEW,,,可能是原生食材，但频次、命名或类别证据不足
11062,熏培根,DROP,,,加工肉制品
11063,乌叶水,DROP,,,不属于指南允许的基础原生食材类别
11064,果冻淋面,DROP,,,不属于指南允许的基础原生食材类别
11065,蓝莓冻果,REVIEW,,,可能是原生食材，但频次、命名或类别证据不足
11066,台式小香肠,DROP,,,加工肉制品
11067,紫米粥,DROP,,,成品、半成品或加工食品
11068,抓虾米,DROP,,,成品、半成品或加工食品
11069,椒蒜姜,REVIEW,,,可能是原生食材，但频次、命名或类别证据不足
11070,青葱末,REVIEW,,,形态描述存在，但原始食材无法确定
11071,次性裱花袋,DROP,,,工具、包装或操作说明
11072,整鸡翅,REVIEW,,,可能是原生食材，但频次、命名或类别证据不足
11073,挪威三文鱼,REVIEW,,,可能是原生食材，但频次、命名或类别证据不足
11074,绿色尖椒,REVIEW,,,可能是原生食材，但频次、命名或类别证据不足
11075,牛大骨,REVIEW,,,可能是原生食材，但频次、命名或类别证据不足
11076,酱黄瓜,DROP,,,不属于指南允许的基础原生食材类别
11077,辅菜,REVIEW,,,可能是原生食材，但频次、命名或类别证据不足
11078,小馄饨,DROP,,,成品、半成品或加工食品
11079,啥都行蔬菜,REVIEW,,,可能是原生食材，但频次、命名或类别证据不足
11080,鵪鶉蛋,REVIEW,,,可能是原生食材，但频次、命名或类别证据不足
11081,面膜,REVIEW,,,可能是原生食材，但频次、命名或类别证据不足
11082,蔬菜各种,REVIEW,,,可能是原生食材，但频次、命名或类别证据不足
11083,重庆火锅料,DROP,,,不属于指南允许的基础原生食材类别
11084,黑花芸豆,REVIEW,,,可能是原生食材，但频次、命名或类别证据不足
11085,咖啡饮料,DROP,,,饮料、酒类或乳制品不属于本版核心原生食材
11086,鱿鱼筒,REVIEW,,,可能是原生食材，但频次、命名或类别证据不足
11087,生石灰,DROP,,,不属于指南允许的基础原生食材类别
11088,胃口,DROP,,,不属于指南允许的基础原生食材类别
11089,味果仁,REVIEW,,,可能是原生食材，但频次、命名或类别证据不足
11090,樱桃辣椒,REVIEW,,,可能是原生食材，但频次、命名或类别证据不足
11091,一锅米饭,DROP,,,成品、半成品或加工食品
11092,普通白面粉,DROP,,,成品、半成品或加工食品
11093,纸壳,DROP,,,不属于指南允许的基础原生食材类别
11094,白芸豆豆沙,DROP,,,成品、半成品或加工食品
11095,野生小鲫鱼,REVIEW,,,可能是原生食材，但频次、命名或类别证据不足
11096,抓绿豆,REVIEW,,,可能是原生食材，但频次、命名或类别证据不足
11097,多少放多少火腿,DROP,,,加工肉制品
11098,谷优玛丽亚饼干,DROP,,,烘焙或乳制加工食品
11099,牌烧烤料,DROP,,,不属于指南允许的基础原生食材类别
11100,五丰稻花香,DROP,,,不属于指南允许的基础原生食材类别
11101,滤乳清酸奶,DROP,,,饮料、酒类或乳制品不属于本版核心原生食材
11102,蒜球,REVIEW,,,可能是原生食材，但频次、命名或类别证据不足
11103,西柚果肉,REVIEW,,,可能是原生食材，但频次、命名或类别证据不足
11104,多干豆角,REVIEW,,,可能是原生食材，但频次、命名或类别证据不足
11105,越南米粉,DROP,,,成品、半成品或加工食品
11106,山楂卷,DROP,,,不属于指南允许的基础原生食材类别
11107,豆腐脑,DROP,,,豆制品或淀粉制品（严格模式排除）
11108,油炒面,REVIEW,,,可能是原生食材，但频次、命名或类别证据不足
11109,因人而异,DROP,,,不属于指南允许的基础原生食材类别
11110,麻薯面包粉,DROP,,,烘焙或乳制加工食品
11111,后一小碗木耳,REVIEW,,,可能是原生食材，但频次、命名或类别证据不足
11112,墨西哥皮,DROP,,,不属于指南允许的基础原生食材类别
11113,分肥七分瘦猪肉,REVIEW,,,可能是原生食材，但频次、命名或类别证据不足
11114,黑啤酒,DROP,,,调味料不进入基础原生食材表
11115,饰芝麻,REVIEW,,,可能是原生食材，但频次、命名或类别证据不足
11116,分钟烤箱中层,DROP,,,不属于指南允许的基础原生食材类别
11117,定纯净水,DROP,,,不属于指南允许的基础原生食材类别
11118,低脂炼奶,DROP,,,饮料、酒类或乳制品不属于本版核心原生食材
11119,酸奶奶盖,DROP,,,饮料、酒类或乳制品不属于本版核心原生食材
11120,截南瓜,REVIEW,,,可能是原生食材，但频次、命名或类别证据不足
11121,乌鸡肉,REVIEW,,,可能是原生食材，但频次、命名或类别证据不足
11122,海蚌,KEEP,569,海蚌,符合基础原生食材定义
11123,皮蛋黄液,DROP,,,成品、半成品或加工食品
11124,芝麻和葱花,REVIEW,,,疑似多食材组合，但无法百分之百确认全部组成
11125,牛奶土司,DROP,,,饮料、酒类或乳制品不属于本版核心原生食材
11126,松仁小肚,REVIEW,,,可能是原生食材，但频次、命名或类别证据不足
11127,白豆沙馅,DROP,,,成品、半成品或加工食品
11128,小鸡胸肉,REVIEW,,,可能是原生食材，但频次、命名或类别证据不足
11129,淡奶油奶油霜,DROP,,,烘焙或乳制加工食品
11130,黑芝麻核桃红枣粉,REVIEW,,,可能是原生食材，但频次、命名或类别证据不足
11131,红椒绿椒,REVIEW,,,可能是原生食材，但频次、命名或类别证据不足
11132,优酸乳,DROP,,,不属于指南允许的基础原生食材类别
11133,定温水,DROP,,,不属于指南允许的基础原生食材类别
11134,外壳,DROP,,,不属于指南允许的基础原生食材类别
11135,了小米椒,REVIEW,,,可能是原生食材，但频次、命名或类别证据不足
11136,汤块儿,DROP,,,不属于指南允许的基础原生食材类别
11137,葱油饼皮,DROP,,,不属于指南允许的基础原生食材类别
11138,二米饭,DROP,,,成品、半成品或加工食品
11139,咸面包,DROP,,,烘焙或乳制加工食品
11140,钙奶饼干,DROP,,,烘焙或乳制加工食品
11141,肠粉皮,DROP,,,豆制品或淀粉制品（严格模式排除）
11142,皇牌沙茶王,DROP,,,不属于指南允许的基础原生食材类别
11143,手枪鸡腿,REVIEW,,,可能是原生食材，但频次、命名或类别证据不足
11144,圆辣椒,REVIEW,,,可能是原生食材，但频次、命名或类别证据不足
11145,多谷物胚芽米,REVIEW,,,可能是原生食材，但频次、命名或类别证据不足
11146,多少猪肉馅,DROP,,,数量或单位残留且无法可靠恢复原食材
11147,详细料,DROP,,,不属于指南允许的基础原生食材类别
11148,干羊肚菌,REVIEW,,,可能是原生食材，但频次、命名或类别证据不足
11149,干沙姜,REVIEW,,,可能是原生食材，但频次、命名或类别证据不足
11150,玉米仁,REVIEW,,,可能是原生食材，但频次、命名或类别证据不足
11151,牛展,KEEP,560,牛展,符合基础原生食材定义
11152,馍片,REVIEW,,,形态描述存在，但原始食材无法确定
11153,鸡胸肉鸡肉,REVIEW,,,可能是原生食材，但频次、命名或类别证据不足
11154,成蒜末大蒜,REVIEW,,,可能是原生食材，但频次、命名或类别证据不足
11155,蓬蒿,DROP,,,不属于指南允许的基础原生食材类别
11156,鸡蛋取蛋清,REVIEW,,,可能是原生食材，但频次、命名或类别证据不足
11157,刚烧开热水,DROP,,,不属于指南允许的基础原生食材类别
11158,西式香肠,DROP,,,加工肉制品
11159,芫西,DROP,,,不属于指南允许的基础原生食材类别
11160,茶树菇干,DROP,,,不属于指南允许的基础原生食材类别
11161,不牛奶,DROP,,,饮料、酒类或乳制品不属于本版核心原生食材
11162,哈面条,DROP,,,成品、半成品或加工食品
11163,木耳蘑菇,REVIEW,,,可能是原生食材，但频次、命名或类别证据不足
11164,巧克力砖,DROP,,,烘焙或乳制加工食品
11165,枣肉,REVIEW,,,可能是原生食材，但频次、命名或类别证据不足
11166,纯鱼肉,REVIEW,,,可能是原生食材，但频次、命名或类别证据不足
11167,烧猪骨,REVIEW,,,可能是原生食材，但频次、命名或类别证据不足
11168,风干牛肉干,DROP,,,加工肉制品
11169,再来米粉,DROP,,,成品、半成品或加工食品
11170,纯黑巧克力豆,DROP,,,烘焙或乳制加工食品
11171,底筋面粉,DROP,,,成品、半成品或加工食品
11172,软欧,DROP,,,不属于指南允许的基础原生食材类别
11173,鱼粉,REVIEW,,,可能是原生食材，但频次、命名或类别证据不足
11174,克咖啡粉,DROP,,,饮料、酒类或乳制品不属于本版核心原生食材
11175,河套雪花粉,DROP,,,不属于指南允许的基础原生食材类别
11176,饮冰水,DROP,,,不属于指南允许的基础原生食材类别
11177,和鸡蛋液,REVIEW,,,疑似多食材组合，但无法百分之百确认全部组成
11178,葱花粒,REVIEW,,,可能是原生食材，但频次、命名或类别证据不足
11179,干蜜枣,REVIEW,,,可能是原生食材，但频次、命名或类别证据不足
11180,干小银鱼,REVIEW,,,可能是原生食材，但频次、命名或类别证据不足
11181,鱼籽福袋,REVIEW,,,可能是原生食材，但频次、命名或类别证据不足
11182,青豆和玉米,SPLIT,65|13,青豆|玉米,分隔符明确连接多个独立基础食材；克数无法可靠分摊
11183,细直意面,REVIEW,,,可能是原生食材，但频次、命名或类别证据不足
11184,课香菜,REVIEW,,,可能是原生食材，但频次、命名或类别证据不足
11185,白可可力娇酒,DROP,,,调味料不进入基础原生食材表
11186,干红薯粉,REVIEW,,,可能是原生食材，但频次、命名或类别证据不足
11187,贵州糟辣椒,DROP,,,成品、半成品或加工食品
11188,口味水果,DROP,,,不属于指南允许的基础原生食材类别
11189,藤椒粉,DROP,,,调味料不进入基础原生食材表
11190,黑豆鼓,REVIEW,,,可能是原生食材，但频次、命名或类别证据不足
11191,猪肉绞馅,REVIEW,,,可能是原生食材，但频次、命名或类别证据不足
11192,鸡腿肉鸡肉,REVIEW,,,可能是原生食材，但频次、命名或类别证据不足
11193,黑葡萄,REVIEW,,,可能是原生食材，但频次、命名或类别证据不足
11194,酸藠头,DROP,,,不属于指南允许的基础原生食材类别
11195,姜薯,REVIEW,,,可能是原生食材，但频次、命名或类别证据不足
11196,了香菇,REVIEW,,,可能是原生食材，但频次、命名或类别证据不足
11197,熟地瓜,DROP,,,成品、半成品或加工食品
11198,葱姜蒜青椒,REVIEW,,,可能是原生食材，但频次、命名或类别证据不足
11199,粉丝泡发,DROP,,,豆制品或淀粉制品（严格模式排除）
11200,黑米蛋糕粉,DROP,,,烘焙或乳制加工食品
11201,熟豆芽,DROP,,,成品、半成品或加工食品
11202,饼料,DROP,,,不属于指南允许的基础原生食材类别
11203,蛋蛋清,REVIEW,,,可能是原生食材，但频次、命名或类别证据不足
11204,香草慕斯,DROP,,,成品、半成品或加工食品
11205,糯小米,REVIEW,,,可能是原生食材，但频次、命名或类别证据不足
11206,芭比蛋糕,DROP,,,烘焙或乳制加工食品
11207,巧克力牌,DROP,,,烘焙或乳制加工食品
11208,甜腊肠,DROP,,,成品、半成品或加工食品
11209,方便面油包,DROP,,,成品、半成品或加工食品
11210,料理棒,DROP,,,不属于指南允许的基础原生食材类别
11211,牛油果肉,REVIEW,,,可能是原生食材，但频次、命名或类别证据不足
11212,碎颗粒,DROP,,,不属于指南允许的基础原生食材类别
11213,酱干,DROP,,,不属于指南允许的基础原生食材类别
11214,干玫瑰花苞,DROP,,,调味料不进入基础原生食材表
11215,粉熟糯米粉,DROP,,,成品、半成品或加工食品
11216,就多放点猪肉,REVIEW,,,可能是原生食材，但频次、命名或类别证据不足
11217,材料拌匀,DROP,,,不属于指南允许的基础原生食材类别
11218,表层全蛋液,REVIEW,,,可能是原生食材，但频次、命名或类别证据不足
11219,南瓜去皮,DROP,,,不属于指南允许的基础原生食材类别
11220,口味放干红辣椒,REVIEW,,,可能是原生食材，但频次、命名或类别证据不足
11221,葱断,REVIEW,,,可能是原生食材，但频次、命名或类别证据不足
11222,百香果皮,DROP,,,不属于指南允许的基础原生食材类别
11223,上海面,REVIEW,,,可能是原生食材，但频次、命名或类别证据不足
11224,墨鱼肠,DROP,,,成品、半成品或加工食品
11225,生食火腿,DROP,,,加工肉制品
11226,蔬菜啥,REVIEW,,,可能是原生食材，但频次、命名或类别证据不足
11227,半圣女果,REVIEW,,,可能是原生食材，但频次、命名或类别证据不足
11228,底图,DROP,,,不属于指南允许的基础原生食材类别
11229,元素,DROP,,,不属于指南允许的基础原生食材类别
11230,即食栗子,DROP,,,成品、半成品或加工食品
11231,花肉末,REVIEW,,,形态描述存在，但原始食材无法确定
11232,棍子面包,DROP,,,烘焙或乳制加工食品
11233,不辣辣椒,REVIEW,,,可能是原生食材，但频次、命名或类别证据不足
11234,高精粉,DROP,,,不属于指南允许的基础原生食材类别
11235,青团预拌粉,DROP,,,不属于指南允许的基础原生食材类别
11236,肉松蛋黄馅,DROP,,,加工肉制品
11237,南昌米粉,DROP,,,成品、半成品或加工食品
11238,樱玉豆腐,DROP,,,豆制品或淀粉制品（严格模式排除）
11239,全麥粉,DROP,,,不属于指南允许的基础原生食材类别
11240,支红辣椒,REVIEW,,,可能是原生食材，但频次、命名或类别证据不足
11241,头吞拿鱼,REVIEW,,,可能是原生食材，但频次、命名或类别证据不足
11242,石屏豆腐,DROP,,,豆制品或淀粉制品（严格模式排除）
11243,血糯米饭,DROP,,,成品、半成品或加工食品
11244,葱和洋葱,SPLIT,1|5,葱|洋葱,分隔符明确连接多个独立基础食材；克数无法可靠分摊
11245,面两人份,REVIEW,,,可能是原生食材，但频次、命名或类别证据不足
11246,面糊原料,REVIEW,,,可能是原生食材，但频次、命名或类别证据不足
11247,带豆,REVIEW,,,可能是原生食材，但频次、命名或类别证据不足
11248,肉和菜,REVIEW,,,疑似多食材组合，但无法百分之百确认全部组成
11249,白玉粉,DROP,,,不属于指南允许的基础原生食材类别
11250,泰国小辣椒,REVIEW,,,可能是原生食材，但频次、命名或类别证据不足
11251,磨坊洋香菜叶,REVIEW,,,可能是原生食材，但频次、命名或类别证据不足
11252,黑麦全麦粉,REVIEW,,,可能是原生食材，但频次、命名或类别证据不足
11253,丁香菇丁,REVIEW,,,形态描述存在，但原始食材无法确定
11254,芝士炼奶,DROP,,,烘焙或乳制加工食品
11255,肉筋,REVIEW,,,可能是原生食材，但频次、命名或类别证据不足
11256,丝卷心菜,REVIEW,,,可能是原生食材，但频次、命名或类别证据不足
11257,蟹黄蟹肉,REVIEW,,,可能是原生食材，但频次、命名或类别证据不足
11258,炸猪排,REVIEW,,,可能是原生食材，但频次、命名或类别证据不足
11259,红味增,DROP,,,不属于指南允许的基础原生食材类别
11260,标准粉,DROP,,,不属于指南允许的基础原生食材类别
11261,指水,DROP,,,不属于指南允许的基础原生食材类别
11262,公鸡蛋,REVIEW,,,可能是原生食材，但频次、命名或类别证据不足
11263,毛燕,DROP,,,不属于指南允许的基础原生食材类别
11264,慕斯层料,DROP,,,成品、半成品或加工食品
11265,都行香蕉,REVIEW,,,可能是原生食材，但频次、命名或类别证据不足
11266,湿香菇,REVIEW,,,可能是原生食材，但频次、命名或类别证据不足
11267,大西葫芦,REVIEW,,,可能是原生食材，但频次、命名或类别证据不足
11268,各种杂粮粉,DROP,,,不属于指南允许的基础原生食材类别
11269,鲜小红辣椒,REVIEW,,,可能是原生食材，但频次、命名或类别证据不足
11270,波萝,DROP,,,不属于指南允许的基础原生食材类别
11271,黑白炼奶,DROP,,,饮料、酒类或乳制品不属于本版核心原生食材
11272,泡大粉,DROP,,,不属于指南允许的基础原生食材类别
11273,野生干蘑菇,REVIEW,,,可能是原生食材，但频次、命名或类别证据不足
11274,小油面筋,DROP,,,成品、半成品或加工食品
11275,母爱,DROP,,,不属于指南允许的基础原生食材类别
11276,迷你小土豆,REVIEW,,,可能是原生食材，但频次、命名或类别证据不足
11277,肉燕皮,DROP,,,不属于指南允许的基础原生食材类别
11278,紫薯黑米面粉,DROP,,,成品、半成品或加工食品
11279,蛋糕小麦粉,DROP,,,烘焙或乳制加工食品
11280,木勺,DROP,,,不属于指南允许的基础原生食材类别
11281,什锦水果罐头,DROP,,,成品、半成品或加工食品
11282,火鸡胸肉,REVIEW,,,可能是原生食材，但频次、命名或类别证据不足
11283,狗爪豆,REVIEW,,,可能是原生食材，但频次、命名或类别证据不足
11284,石橄榄,DROP,,,不属于指南允许的基础原生食材类别
11285,凉馒头,DROP,,,成品、半成品或加工食品
11286,公鸡手枪腿,REVIEW,,,可能是原生食材，但频次、命名或类别证据不足
11287,花蕊,DROP,,,不属于指南允许的基础原生食材类别
11288,油酥低筋面粉,DROP,,,成品、半成品或加工食品
11289,手挤出汁柠檬,REVIEW,,,可能是原生食材，但频次、命名或类别证据不足
11290,卞萝卜,KEEP,535,卞萝卜,符合基础原生食材定义
11291,鸭血鸭血,REVIEW,,,可能是原生食材，但频次、命名或类别证据不足
11292,奶粉冲牛奶,DROP,,,烘焙或乳制加工食品
11293,辣肉,REVIEW,,,可能是原生食材，但频次、命名或类别证据不足
11294,几个茄子,MERGE,110,茄子,修复数量/单位残留
11295,蔓越莓奶酥,REVIEW,,,可能是原生食材，但频次、命名或类别证据不足
11296,京日红豆沙,DROP,,,成品、半成品或加工食品
11297,卡通饼干,DROP,,,烘焙或乳制加工食品
11298,倭瓜,KEEP,534,倭瓜,符合基础原生食材定义
11299,白芝麻猪肝粉,REVIEW,,,可能是原生食材，但频次、命名或类别证据不足
11300,猪肉鸡肉,REVIEW,,,可能是原生食材，但频次、命名或类别证据不足
11301,子麦片,REVIEW,,,形态描述存在，但原始食材无法确定
11302,弃种,DROP,,,不属于指南允许的基础原生食材类别
11303,红心西柚,REVIEW,,,可能是原生食材，但频次、命名或类别证据不足
11304,长段大葱,REVIEW,,,可能是原生食材，但频次、命名或类别证据不足
11305,土豆青椒,REVIEW,,,可能是原生食材，但频次、命名或类别证据不足
11306,豇豆干,DROP,,,豆制品或淀粉制品（严格模式排除）
11307,马斯卡朋奶酪,DROP,,,烘焙或乳制加工食品
11308,舒芙蕾松饼,DROP,,,不属于指南允许的基础原生食材类别
11309,大小量猪肉,REVIEW,,,可能是原生食材，但频次、命名或类别证据不足
11310,啫喱粉,DROP,,,不属于指南允许的基础原生食材类别
11311,没放蒜,REVIEW,,,可能是原生食材，但频次、命名或类别证据不足
11312,插旗,DROP,,,不属于指南允许的基础原生食材类别
11313,花水,DROP,,,不属于指南允许的基础原生食材类别
11314,批萨草,DROP,,,不属于指南允许的基础原生食材类别
11315,香辣牛肉,REVIEW,,,可能是原生食材，但频次、命名或类别证据不足
11316,豆花布丁,DROP,,,成品、半成品或加工食品
11317,各种豆,REVIEW,,,可能是原生食材，但频次、命名或类别证据不足
11318,来清水,DROP,,,不属于指南允许的基础原生食材类别
11319,全脂高钙奶粉,DROP,,,烘焙或乳制加工食品
11320,活梭子蟹,REVIEW,,,可能是原生食材，但频次、命名或类别证据不足
11321,鸭架汤,REVIEW,,,可能是原生食材，但频次、命名或类别证据不足
11322,奶油奶酪芝士,DROP,,,烘焙或乳制加工食品
11323,一泡菜,DROP,,,成品、半成品或加工食品
11324,圆萝卜萝卜,REVIEW,,,可能是原生食材，但频次、命名或类别证据不足
11325,熟腊肉,DROP,,,加工肉制品
11326,白色层,DROP,,,不属于指南允许的基础原生食材类别
11327,山楂膏,DROP,,,不属于指南允许的基础原生食材类别
11328,马苏里拉奶酪碎,DROP,,,烘焙或乳制加工食品
11329,法式,DROP,,,不属于指南允许的基础原生食材类别
11330,油鸡纵菌,REVIEW,,,可能是原生食材，但频次、命名或类别证据不足
11331,杂粮面,REVIEW,,,可能是原生食材，但频次、命名或类别证据不足
11332,就行啦,DROP,,,不属于指南允许的基础原生食材类别
11333,五花肉主料,REVIEW,,,可能是原生食材，但频次、命名或类别证据不足
11334,面团状态牛奶,DROP,,,饮料、酒类或乳制品不属于本版核心原生食材
11335,坨大蒜,REVIEW,,,可能是原生食材，但频次、命名或类别证据不足
11336,来水,DROP,,,不属于指南允许的基础原生食材类别
11337,可乐瓶,DROP,,,饮料、酒类或乳制品不属于本版核心原生食材
11338,牛肝菌粉,REVIEW,,,可能是原生食材，但频次、命名或类别证据不足
11339,闲趣饼干,DROP,,,烘焙或乳制加工食品
11340,都乐菠萝,REVIEW,,,可能是原生食材，但频次、命名或类别证据不足
11341,坨五花肉,REVIEW,,,可能是原生食材，但频次、命名或类别证据不足
11342,佛手柑,DROP,,,不属于指南允许的基础原生食材类别
11343,前腿夹心肉,REVIEW,,,可能是原生食材，但频次、命名或类别证据不足
11344,方吐司,DROP,,,烘焙或乳制加工食品
11345,隔夜熟米饭,DROP,,,成品、半成品或加工食品
11346,伊顿奶酪,DROP,,,烘焙或乳制加工食品
11347,真露烧酒,DROP,,,调味料不进入基础原生食材表
11348,罗非,DROP,,,不属于指南允许的基础原生食材类别
11349,面全蛋液,REVIEW,,,可能是原生食材，但频次、命名或类别证据不足
11350,青椒和黄椒,SPLIT,11|285,青椒|黄椒,分隔符明确连接多个独立基础食材；克数无法可靠分摊
11351,绿豆面粉,DROP,,,成品、半成品或加工食品
11352,百里香枝条,DROP,,,调味料不进入基础原生食材表
11353,葱香菇,REVIEW,,,可能是原生食材，但频次、命名或类别证据不足
11354,热情果,DROP,,,不属于指南允许的基础原生食材类别
11355,黄柿子椒,REVIEW,,,可能是原生食材，但频次、命名或类别证据不足
11356,草鱼尾,REVIEW,,,可能是原生食材，但频次、命名或类别证据不足
11357,野生蓝莓,REVIEW,,,可能是原生食材，但频次、命名或类别证据不足
11358,骨排骨,REVIEW,,,可能是原生食材，但频次、命名或类别证据不足
11359,发挥蔬菜,REVIEW,,,可能是原生食材，但频次、命名或类别证据不足
11360,干元贝,REVIEW,,,可能是原生食材，但频次、命名或类别证据不足
11361,香干豆腐,DROP,,,豆制品或淀粉制品（严格模式排除）
11362,白蘑,DROP,,,不属于指南允许的基础原生食材类别
11363,一丁点,DROP,,,不属于指南允许的基础原生食材类别
11364,自定鸡胸肉,REVIEW,,,可能是原生食材，但频次、命名或类别证据不足
11365,小咸菜,DROP,,,成品、半成品或加工食品
11366,老坛酸菜牛肉面,DROP,,,成品、半成品或加工食品
11367,熟海参,DROP,,,成品、半成品或加工食品
11368,干净盆子,DROP,,,不属于指南允许的基础原生食材类别
11369,塊姜,REVIEW,,,可能是原生食材，但频次、命名或类别证据不足
11370,全部汤种,DROP,,,不属于指南允许的基础原生食材类别
11371,猪脆骨,REVIEW,,,可能是原生食材，但频次、命名或类别证据不足
11372,功能料理机,DROP,,,不属于指南允许的基础原生食材类别
11373,菜香菇,REVIEW,,,可能是原生食材，但频次、命名或类别证据不足
11374,鲜玫瑰花瓣,DROP,,,调味料不进入基础原生食材表
11375,贵州红酸汤,DROP,,,不属于指南允许的基础原生食材类别
11376,多蘑菇,REVIEW,,,可能是原生食材，但频次、命名或类别证据不足
11377,油刷烤盘,DROP,,,工具、包装或操作说明
11378,酱熟白芝麻,DROP,,,成品、半成品或加工食品
11379,饭紫菜,REVIEW,,,可能是原生食材，但频次、命名或类别证据不足
11380,戚风蛋糕杯,DROP,,,烘焙或乳制加工食品
11381,女生拳头大小土豆,REVIEW,,,可能是原生食材，但频次、命名或类别证据不足
11382,大号蛋挞皮,DROP,,,成品、半成品或加工食品
11383,剪碎干辣椒,DROP,,,调味料不进入基础原生食材表
11384,闷烧罐,DROP,,,不属于指南允许的基础原生食材类别
11385,糯米糍,REVIEW,,,可能是原生食材，但频次、命名或类别证据不足
11386,前排骨,REVIEW,,,可能是原生食材，但频次、命名或类别证据不足
11387,多少鸡翅中,DROP,,,数量或单位残留且无法可靠恢复原食材
11388,碟干辣椒,DROP,,,调味料不进入基础原生食材表
11389,整蛋,REVIEW,,,可能是原生食材，但频次、命名或类别证据不足
11390,宝宝蔬菜面,REVIEW,,,可能是原生食材，但频次、命名或类别证据不足
11391,鲜口蘑,MERGE,103,口蘑,去除确定的鲜冻/去皮去骨描述
11392,烹大师鲣鱼粉,REVIEW,,,可能是原生食材，但频次、命名或类别证据不足
11393,一大汤匙,DROP,,,不属于指南允许的基础原生食材类别
11394,鱼丸类,DROP,,,成品、半成品或加工食品
11395,红丝绒蛋糕,DROP,,,烘焙或乳制加工食品
11396,海椒,REVIEW,,,可能是原生食材，但频次、命名或类别证据不足
11397,秘制油辣子,DROP,,,不属于指南允许的基础原生食材类别
11398,一层洋葱,REVIEW,,,可能是原生食材，但频次、命名或类别证据不足
11399,就好辣椒,REVIEW,,,可能是原生食材，但频次、命名或类别证据不足
11400,鹰唛炼乳,DROP,,,烘焙或乳制加工食品
11401,山楂粉,DROP,,,不属于指南允许的基础原生食材类别
11402,奥尔良鸡翅料,REVIEW,,,可能是原生食材，但频次、命名或类别证据不足
11403,羊肉臊子,REVIEW,,,可能是原生食材，但频次、命名或类别证据不足
11404,味榨菜,DROP,,,不属于指南允许的基础原生食材类别
11405,海帶,DROP,,,不属于指南允许的基础原生食材类别
11406,你想吃东西,DROP,,,不属于指南允许的基础原生食材类别
11407,其他液体,DROP,,,不属于指南允许的基础原生食材类别
11408,一蛋黄,REVIEW,,,可能是原生食材，但频次、命名或类别证据不足
11409,方形面包,DROP,,,烘焙或乳制加工食品
11410,不能省,DROP,,,不属于指南允许的基础原生食材类别
11411,鸡蛋面粉,DROP,,,成品、半成品或加工食品
11412,茶蛋料,DROP,,,不属于指南允许的基础原生食材类别
11413,鸟蛋,REVIEW,,,可能是原生食材，但频次、命名或类别证据不足
11414,羊颈肉,REVIEW,,,可能是原生食材，但频次、命名或类别证据不足
11415,碳水主食,DROP,,,不属于指南允许的基础原生食材类别
11416,头葱,REVIEW,,,可能是原生食材，但频次、命名或类别证据不足
11417,咖啡浓缩,DROP,,,饮料、酒类或乳制品不属于本版核心原生食材
11418,祁门红茶,DROP,,,饮料、酒类或乳制品不属于本版核心原生食材
11419,帕马森奶酪粉,DROP,,,烘焙或乳制加工食品
11420,就多放红枣,REVIEW,,,可能是原生食材，但频次、命名或类别证据不足
11421,抓豆芽,REVIEW,,,可能是原生食材，但频次、命名或类别证据不足
11422,玛芬蛋糕预拌粉,DROP,,,烘焙或乳制加工食品
11423,优格,DROP,,,不属于指南允许的基础原生食材类别
11424,鸡蛋同量水,REVIEW,,,可能是原生食材，但频次、命名或类别证据不足
11425,奥尔良腌粉,DROP,,,不属于指南允许的基础原生食材类别
11426,鸡丸,REVIEW,,,可能是原生食材，但频次、命名或类别证据不足
11427,蟹柳棒,DROP,,,成品、半成品或加工食品
11428,粽子棉线,DROP,,,不属于指南允许的基础原生食材类别
11429,姜大蒜辣椒,REVIEW,,,可能是原生食材，但频次、命名或类别证据不足
11430,青蒜芹菜,REVIEW,,,可能是原生食材，但频次、命名或类别证据不足
11431,调羹糯米粉,DROP,,,成品、半成品或加工食品
11432,意大利宽面,REVIEW,,,可能是原生食材，但频次、命名或类别证据不足
11433,什锦坚果,REVIEW,,,可能是原生食材，但频次、命名或类别证据不足
11434,干贝水,DROP,,,成品、半成品或加工食品
11435,玫瑰馅,DROP,,,调味料不进入基础原生食材表
11436,米椒段,REVIEW,,,形态描述存在，但原始食材无法确定
11437,一小盒酸奶,DROP,,,饮料、酒类或乳制品不属于本版核心原生食材
11438,溫水,DROP,,,不属于指南允许的基础原生食材类别
11439,肉酱面,DROP,,,不属于指南允许的基础原生食材类别
11440,青彩椒,REVIEW,,,可能是原生食材，但频次、命名或类别证据不足
11441,基围虾虾仁,REVIEW,,,可能是原生食材，但频次、命名或类别证据不足
11442,米糠,REVIEW,,,可能是原生食材，但频次、命名或类别证据不足
11443,龙虾丸,DROP,,,成品、半成品或加工食品
11444,一小盘,DROP,,,不属于指南允许的基础原生食材类别
11445,皮饺子皮,DROP,,,成品、半成品或加工食品
11446,麦茶,DROP,,,饮料、酒类或乳制品不属于本版核心原生食材
11447,鲜核桃,MERGE,38,核桃,去除确定的鲜冻/去皮去骨描述
11448,章红鱼,REVIEW,,,可能是原生食材，但频次、命名或类别证据不足
11449,和装饰水果,DROP,,,工具、包装或操作说明
11450,水瓜柳,REVIEW,,,可能是原生食材，但频次、命名或类别证据不足
11451,版本二,DROP,,,不属于指南允许的基础原生食材类别
11452,甜味增,DROP,,,不属于指南允许的基础原生食材类别
11453,树莓慕斯,DROP,,,成品、半成品或加工食品
11454,自己量牛肉,REVIEW,,,可能是原生食材，但频次、命名或类别证据不足
11455,大虾干,DROP,,,成品、半成品或加工食品
11456,肉松蛋糕卷,DROP,,,加工肉制品
11457,腊肠饭,DROP,,,成品、半成品或加工食品
11458,生红皮花生,DROP,,,不属于指南允许的基础原生食材类别
11459,带皮羊肉,MERGE,58,羊肉,去除确定的鲜冻/去皮去骨描述
11460,绺香菜,REVIEW,,,可能是原生食材，但频次、命名或类别证据不足
11461,鸡肉陷,REVIEW,,,可能是原生食材，但频次、命名或类别证据不足
11462,面葱,REVIEW,,,可能是原生食材，但频次、命名或类别证据不足
11463,辣椒切碎,DROP,,,工具、包装或操作说明
11464,莜麦面,REVIEW,,,可能是原生食材，但频次、命名或类别证据不足
11465,滚烫水,DROP,,,不属于指南允许的基础原生食材类别
11466,蒜切碎蒜蓉,DROP,,,工具、包装或操作说明
11467,绿葱,REVIEW,,,可能是原生食材，但频次、命名或类别证据不足
11468,梗米粉,DROP,,,成品、半成品或加工食品
11469,八分瘦猪肉,REVIEW,,,可能是原生食材，但频次、命名或类别证据不足
11470,少于,DROP,,,不属于指南允许的基础原生食材类别
11471,啥蔬菜,REVIEW,,,可能是原生食材，但频次、命名或类别证据不足
11472,梅头瘦肉,REVIEW,,,可能是原生食材，但频次、命名或类别证据不足
11473,野蘑菇,REVIEW,,,可能是原生食材，但频次、命名或类别证据不足
11474,巧克力模,DROP,,,烘焙或乳制加工食品
11475,了鸡腿,REVIEW,,,可能是原生食材，但频次、命名或类别证据不足
11476,棵小白菜,REVIEW,,,可能是原生食材，但频次、命名或类别证据不足
11477,板腱牛排,REVIEW,,,可能是原生食材，但频次、命名或类别证据不足
11478,巧克力碎屑,DROP,,,烘焙或乳制加工食品
11479,金南瓜,REVIEW,,,可能是原生食材，但频次、命名或类别证据不足
11480,茶包袋,DROP,,,不属于指南允许的基础原生食材类别
11481,面皮面粉,DROP,,,成品、半成品或加工食品
11482,鹿茸菇,REVIEW,,,可能是原生食材，但频次、命名或类别证据不足
11483,干麦片,REVIEW,,,形态描述存在，但原始食材无法确定
11484,即使燕麦片,REVIEW,,,形态描述存在，但原始食材无法确定
11485,多木薯粉,REVIEW,,,可能是原生食材，但频次、命名或类别证据不足
11486,朱古力豆,REVIEW,,,可能是原生食材，但频次、命名或类别证据不足
11487,青岚抹茶粉,DROP,,,成品、半成品或加工食品
11488,汉堡芝士,DROP,,,烘焙或乳制加工食品
11489,线绳,DROP,,,不属于指南允许的基础原生食材类别
11490,火腿三明治,DROP,,,加工肉制品
11491,樱桃力娇酒,DROP,,,调味料不进入基础原生食材表
11492,干辣椒壳,DROP,,,调味料不进入基础原生食材表
11493,巴旦木切片,REVIEW,,,形态描述存在，但原始食材无法确定
11494,野生蓝莓干,DROP,,,成品、半成品或加工食品
11495,意大利干酪,DROP,,,不属于指南允许的基础原生食材类别
11496,混合馅,DROP,,,不属于指南允许的基础原生食材类别
11497,土芹菜,REVIEW,,,可能是原生食材，但频次、命名或类别证据不足
11498,可低筋面粉,DROP,,,成品、半成品或加工食品
11499,調味,DROP,,,不属于指南允许的基础原生食材类别
11500,多途粉,DROP,,,不属于指南允许的基础原生食材类别
11501,第一次做,DROP,,,不属于指南允许的基础原生食材类别
11502,洛芝士,DROP,,,烘焙或乳制加工食品
11503,香蕉切块,REVIEW,,,形态描述存在，但原始食材无法确定
11504,后臀肉,REVIEW,,,可能是原生食材，但频次、命名或类别证据不足
11505,黑塑料袋,DROP,,,工具、包装或操作说明
11506,打泥,DROP,,,不属于指南允许的基础原生食材类别
11507,花生酱豆,DROP,,,不属于指南允许的基础原生食材类别
11508,石灰水,DROP,,,不属于指南允许的基础原生食材类别
11509,时令菜,REVIEW,,,可能是原生食材，但频次、命名或类别证据不足
11510,菠菜叶子,REVIEW,,,可能是原生食材，但频次、命名或类别证据不足
11511,想吃多少,DROP,,,数量或单位残留且无法可靠恢复原食材
11512,半米粉,DROP,,,成品、半成品或加工食品
11513,冰冰粉,DROP,,,不属于指南允许的基础原生食材类别
11514,灵芝切片,REVIEW,,,形态描述存在，但原始食材无法确定
11515,珍珠桃胶,DROP,,,成品、半成品或加工食品
11516,料可可粉,DROP,,,成品、半成品或加工食品
11517,紫罗兰低筋粉,DROP,,,不属于指南允许的基础原生食材类别
11518,大红虾,REVIEW,,,可能是原生食材，但频次、命名或类别证据不足
11519,就多少碗米饭,DROP,,,成品、半成品或加工食品
11520,黑洋酥馅,DROP,,,不属于指南允许的基础原生食材类别
11521,良高筋面粉,DROP,,,成品、半成品或加工食品
11522,全粉,DROP,,,不属于指南允许的基础原生食材类别
11523,谷优消化饼干,DROP,,,烘焙或乳制加工食品
11524,火腿切丁,DROP,,,加工肉制品
11525,来点葱姜蒜,REVIEW,,,可能是原生食材，但频次、命名或类别证据不足
11526,慕斯配方,DROP,,,成品、半成品或加工食品
11527,烧鹅,DROP,,,成品、半成品或加工食品
11528,羊小排,REVIEW,,,可能是原生食材，但频次、命名或类别证据不足
11529,姜末葱末,REVIEW,,,形态描述存在，但原始食材无法确定
11530,果仁果干,DROP,,,成品、半成品或加工食品
11531,葡萄干芝麻,DROP,,,成品、半成品或加工食品
11532,京日白豆沙,DROP,,,成品、半成品或加工食品
11533,香脆炸粉,DROP,,,不属于指南允许的基础原生食材类别
11534,帕尼尼面包,DROP,,,烘焙或乳制加工食品
11535,豆干馅,DROP,,,豆制品或淀粉制品（严格模式排除）
11536,脑洞,DROP,,,不属于指南允许的基础原生食材类别
11537,无油玻璃瓶,DROP,,,不属于指南允许的基础原生食材类别
11538,莓类,DROP,,,不属于指南允许的基础原生食材类别
11539,面团表面,REVIEW,,,可能是原生食材，但频次、命名或类别证据不足
11540,面筋包,DROP,,,成品、半成品或加工食品
11541,普通吐司,DROP,,,烘焙或乳制加工食品
11542,塔模,DROP,,,不属于指南允许的基础原生食材类别
11543,抓木耳,REVIEW,,,可能是原生食材，但频次、命名或类别证据不足
11544,大土豆土豆,REVIEW,,,可能是原生食材，但频次、命名或类别证据不足
11545,红鲜辣椒,REVIEW,,,可能是原生食材，但频次、命名或类别证据不足
11546,型榨汁机,DROP,,,不属于指南允许的基础原生食材类别
11547,椰子慕斯,DROP,,,成品、半成品或加工食品
11548,筋道面条,DROP,,,成品、半成品或加工食品
11549,仔公鸡,REVIEW,,,可能是原生食材，但频次、命名或类别证据不足
11550,老葱头,REVIEW,,,可能是原生食材，但频次、命名或类别证据不足
11551,发现美眼睛,DROP,,,不属于指南允许的基础原生食材类别
11552,蔬菜切片,REVIEW,,,形态描述存在，但原始食材无法确定
11553,啥青菜,REVIEW,,,可能是原生食材，但频次、命名或类别证据不足
11554,火龙果皮,DROP,,,不属于指南允许的基础原生食材类别
11555,紫色包菜,REVIEW,,,可能是原生食材，但频次、命名或类别证据不足
11556,純淨水,DROP,,,不属于指南允许的基础原生食材类别
11557,蛋糕模子,DROP,,,烘焙或乳制加工食品
11558,巧克力板,DROP,,,烘焙或乳制加工食品
11559,多少中筋面粉,DROP,,,成品、半成品或加工食品
11560,意式什锦香草,REVIEW,,,可能是原生食材，但频次、命名或类别证据不足
11561,红枣桂圆枸杞,REVIEW,,,可能是原生食材，但频次、命名或类别证据不足
11562,澳洲牛排,REVIEW,,,可能是原生食材，但频次、命名或类别证据不足
11563,抓干虾米,DROP,,,成品、半成品或加工食品
11564,森乳酪粉,DROP,,,不属于指南允许的基础原生食材类别
11565,雪蛤膏,REVIEW,,,可能是原生食材，但频次、命名或类别证据不足
11566,减肥,DROP,,,不属于指南允许的基础原生食材类别
11567,粉虾皮粉,DROP,,,成品、半成品或加工食品
11568,全脂鲜牛奶,DROP,,,饮料、酒类或乳制品不属于本版核心原生食材
11569,蔬菜什锦,REVIEW,,,可能是原生食材，但频次、命名或类别证据不足
11570,饵块粑,DROP,,,不属于指南允许的基础原生食材类别
11571,白小米,REVIEW,,,可能是原生食材，但频次、命名或类别证据不足
11572,十分钟,DROP,,,不属于指南允许的基础原生食材类别
11573,水豆粉,REVIEW,,,可能是原生食材，但频次、命名或类别证据不足
11574,蟹腿,REVIEW,,,可能是原生食材，但频次、命名或类别证据不足
11575,营养食材,DROP,,,不属于指南允许的基础原生食材类别
11576,说明面粉,DROP,,,成品、半成品或加工食品
11577,红灯笼辣椒,REVIEW,,,可能是原生食材，但频次、命名或类别证据不足
11578,福牌阿胶,DROP,,,不属于指南允许的基础原生食材类别
11579,蛋加一个蛋黄鸡蛋,DROP,,,数量或单位残留且无法可靠恢复原食材
11580,朝天椒青椒,REVIEW,,,可能是原生食材，但频次、命名或类别证据不足
11581,饼干奥利奥饼干,DROP,,,烘焙或乳制加工食品
11582,枚土豆,REVIEW,,,可能是原生食材，但频次、命名或类别证据不足
11583,什么放什么水果,DROP,,,不属于指南允许的基础原生食材类别
11584,干龙眼肉,REVIEW,,,可能是原生食材，但频次、命名或类别证据不足
11585,紹酒,DROP,,,调味料不进入基础原生食材表
11586,黄叶菜,REVIEW,,,可能是原生食材，但频次、命名或类别证据不足
11587,芡水,DROP,,,不属于指南允许的基础原生食材类别
11588,蘑菇类,REVIEW,,,可能是原生食材，但频次、命名或类别证据不足
11589,之类香料,DROP,,,不属于指南允许的基础原生食材类别
11590,薄饼皮,DROP,,,不属于指南允许的基础原生食材类别
11591,梅花猪肉,REVIEW,,,可能是原生食材，但频次、命名或类别证据不足
11592,和朝天椒,REVIEW,,,疑似多食材组合，但无法百分之百确认全部组成
11593,机黄豆,REVIEW,,,可能是原生食材，但频次、命名或类别证据不足
11594,羊肋排,REVIEW,,,可能是原生食材，但频次、命名或类别证据不足
11595,辫子鱼,REVIEW,,,可能是原生食材，但频次、命名或类别证据不足
11596,法式面包专粉,DROP,,,烘焙或乳制加工食品
11597,红生菜,REVIEW,,,可能是原生食材，但频次、命名或类别证据不足
11598,嫩滑豆腐,DROP,,,豆制品或淀粉制品（严格模式排除）
11599,粉丝木耳,DROP,,,豆制品或淀粉制品（严格模式排除）
11600,三鲜伊面,REVIEW,,,可能是原生食材，但频次、命名或类别证据不足
11601,芝士鱼丸,DROP,,,烘焙或乳制加工食品
11602,姜生姜,REVIEW,,,可能是原生食材，但频次、命名或类别证据不足
11603,熟饭,DROP,,,成品、半成品或加工食品
11604,食量豆腐,DROP,,,豆制品或淀粉制品（严格模式排除）
11605,面粉中筋,DROP,,,成品、半成品或加工食品
11606,韩国拉面,REVIEW,,,可能是原生食材，但频次、命名或类别证据不足
11607,行剩米饭,DROP,,,成品、半成品或加工食品
11608,脏脏茶,DROP,,,饮料、酒类或乳制品不属于本版核心原生食材
11609,布丁原料,DROP,,,成品、半成品或加工食品
11610,枣片,REVIEW,,,形态描述存在，但原始食材无法确定
11611,野生天麻,DROP,,,不属于指南允许的基础原生食材类别
11612,食鲜花,DROP,,,不属于指南允许的基础原生食材类别
11613,南北杏仁,REVIEW,,,可能是原生食材，但频次、命名或类别证据不足
11614,蚕豆瓣,MERGE,284,蚕豆,去除切片/切块/切丁等形态描述
11615,拍蒜,REVIEW,,,可能是原生食材，但频次、命名或类别证据不足
11616,黑麦吐司,DROP,,,烘焙或乳制加工食品
11617,材料高粉,DROP,,,不属于指南允许的基础原生食材类别
11618,美玫面粉,DROP,,,成品、半成品或加工食品
11619,珍珠马蹄,DROP,,,不属于指南允许的基础原生食材类别
11620,墨西哥饼皮,DROP,,,不属于指南允许的基础原生食材类别
11621,长粒大米,REVIEW,,,可能是原生食材，但频次、命名或类别证据不足
11622,瘦肉碎,REVIEW,,,形态描述存在，但原始食材无法确定
11623,葱胡萝卜,REVIEW,,,可能是原生食材，但频次、命名或类别证据不足
11624,吐司模,DROP,,,烘焙或乳制加工食品
11625,韩国辣椒,REVIEW,,,可能是原生食材，但频次、命名或类别证据不足
11626,牛油果一个,MERGE,90,牛油果,修复数量/单位残留
11627,南瓜糊,REVIEW,,,可能是原生食材，但频次、命名或类别证据不足
11628,了草莓,REVIEW,,,可能是原生食材，但频次、命名或类别证据不足
11629,皮柠檬,DROP,,,不属于指南允许的基础原生食材类别
11630,番茄沙斯,REVIEW,,,可能是原生食材，但频次、命名或类别证据不足
11631,绿豆糕,DROP,,,不属于指南允许的基础原生食材类别
11632,萝卜块泡菜,DROP,,,成品、半成品或加工食品
11633,米饭一碗,DROP,,,成品、半成品或加工食品
11634,爆裂玉米粒,REVIEW,,,可能是原生食材，但频次、命名或类别证据不足
11635,分蛋器,REVIEW,,,可能是原生食材，但频次、命名或类别证据不足
11636,目鱼花,REVIEW,,,可能是原生食材，但频次、命名或类别证据不足
11637,练切皮,DROP,,,不属于指南允许的基础原生食材类别
11638,海苔芝麻肉松,DROP,,,加工肉制品
11639,玉米羹,REVIEW,,,可能是原生食材，但频次、命名或类别证据不足
11640,香甜玉米粒,REVIEW,,,可能是原生食材，但频次、命名或类别证据不足
11641,鲜虾虾仁,REVIEW,,,可能是原生食材，但频次、命名或类别证据不足
11642,地瓜丁,MERGE,28,红薯,去除切片/切块/切丁等形态描述
11643,称红枣,REVIEW,,,可能是原生食材，但频次、命名或类别证据不足
11644,肉牛臀尖,REVIEW,,,可能是原生食材，但频次、命名或类别证据不足
11645,大小肉丝,REVIEW,,,形态描述存在，但原始食材无法确定
11646,李干,REVIEW,,,可能是原生食材，但频次、命名或类别证据不足
11647,子高筋面粉,DROP,,,成品、半成品或加工食品
11648,彩椒青椒,REVIEW,,,可能是原生食材，但频次、命名或类别证据不足
11649,什锦果仁,REVIEW,,,可能是原生食材，但频次、命名或类别证据不足
11650,黑牛肝菌,REVIEW,,,可能是原生食材，但频次、命名或类别证据不足
11651,汁胡萝卜,REVIEW,,,可能是原生食材，但频次、命名或类别证据不足
11652,水发干香菇,REVIEW,,,可能是原生食材，但频次、命名或类别证据不足
11653,是量,DROP,,,不属于指南允许的基础原生食材类别
11654,奥尔良烤鸡腿,DROP,,,成品、半成品或加工食品
11655,白大米,REVIEW,,,可能是原生食材，但频次、命名或类别证据不足
11656,坨老姜,REVIEW,,,可能是原生食材，但频次、命名或类别证据不足
11657,果去皮去核,DROP,,,不属于指南允许的基础原生食材类别
11658,红豆饭,REVIEW,,,可能是原生食材，但频次、命名或类别证据不足
11659,炒虾仁,REVIEW,,,可能是原生食材，但频次、命名或类别证据不足
11660,油炸食品,DROP,,,成品、半成品或加工食品
11661,山楂小方,DROP,,,不属于指南允许的基础原生食材类别
11662,日本森永松饼粉,DROP,,,不属于指南允许的基础原生食材类别
11663,盘面包糠,DROP,,,烘焙或乳制加工食品
11664,各种果泥,DROP,,,不属于指南允许的基础原生食材类别
11665,麻麻花,DROP,,,不属于指南允许的基础原生食材类别
11666,黑虎掌菌,REVIEW,,,可能是原生食材，但频次、命名或类别证据不足
11667,性水果,DROP,,,不属于指南允许的基础原生食材类别
11668,酱也可不放,DROP,,,不属于指南允许的基础原生食材类别
11669,黄瓜洋葱,REVIEW,,,可能是原生食材，但频次、命名或类别证据不足
11670,披萨香料,DROP,,,成品、半成品或加工食品
11671,火腩,DROP,,,不属于指南允许的基础原生食材类别
11672,可黑芝麻,REVIEW,,,可能是原生食材，但频次、命名或类别证据不足
11673,大蘑菇,REVIEW,,,可能是原生食材，但频次、命名或类别证据不足
11674,馅提前做好,DROP,,,不属于指南允许的基础原生食材类别
11675,帕尔马奶酪,DROP,,,烘焙或乳制加工食品
11676,惠人原汁机,DROP,,,不属于指南允许的基础原生食材类别
11677,应季青菜,REVIEW,,,可能是原生食材，但频次、命名或类别证据不足
11678,沙田柚,REVIEW,,,可能是原生食材，但频次、命名或类别证据不足
11679,越南粉,DROP,,,不属于指南允许的基础原生食材类别
11680,老板鱼,KEEP,574,老板鱼,符合基础原生食材定义
11681,香菜蔬菜,REVIEW,,,可能是原生食材，但频次、命名或类别证据不足
11682,克热水,DROP,,,不属于指南允许的基础原生食材类别
11683,蘸水料,DROP,,,不属于指南允许的基础原生食材类别
11684,拍扁,DROP,,,不属于指南允许的基础原生食材类别
11685,和罗勒碎,REVIEW,,,疑似多食材组合，但无法百分之百确认全部组成
11686,石花菜,KEEP,578,石花菜,符合基础原生食材定义
11687,墨红玫瑰,DROP,,,调味料不进入基础原生食材表
11688,和茄子,REVIEW,,,疑似多食材组合，但无法百分之百确认全部组成
11689,截芹菜,REVIEW,,,可能是原生食材，但频次、命名或类别证据不足
11690,多少姜,DROP,,,数量或单位残留且无法可靠恢复原食材
11691,多少海鲜菇,DROP,,,数量或单位残留且无法可靠恢复原食材
11692,冻牛油果,REVIEW,,,可能是原生食材，但频次、命名或类别证据不足
11693,可做量,DROP,,,不属于指南允许的基础原生食材类别
11694,蒜香肠,DROP,,,加工肉制品
11695,刷料,DROP,,,工具、包装或操作说明
11696,沸腾水,DROP,,,不属于指南允许的基础原生食材类别
11697,枚蒜,REVIEW,,,可能是原生食材，但频次、命名或类别证据不足
11698,人挂面,REVIEW,,,可能是原生食材，但频次、命名或类别证据不足
11699,不糯米粉,DROP,,,成品、半成品或加工食品
11700,泡好木耳,REVIEW,,,可能是原生食材，但频次、命名或类别证据不足
11701,纯素酸奶,DROP,,,饮料、酒类或乳制品不属于本版核心原生食材
11702,层肉,REVIEW,,,可能是原生食材，但频次、命名或类别证据不足
11703,红菊苣,DROP,,,不属于指南允许的基础原生食材类别
11704,辣豆瓣,REVIEW,,,形态描述存在，但原始食材无法确定
11705,白皮花生,DROP,,,不属于指南允许的基础原生食材类别
11706,棉线绳,DROP,,,不属于指南允许的基础原生食材类别
11707,底芝士,DROP,,,烘焙或乳制加工食品
11708,干麻椒,DROP,,,调味料不进入基础原生食材表
11709,蔓越莓奶酪馅,DROP,,,烘焙或乳制加工食品
11710,少量紫甘蓝,REVIEW,,,可能是原生食材，但频次、命名或类别证据不足
11711,米杂粮,REVIEW,,,可能是原生食材，但频次、命名或类别证据不足
11712,河虾仁,REVIEW,,,可能是原生食材，但频次、命名或类别证据不足
11713,机米粉,DROP,,,成品、半成品或加工食品
11714,烤鱼,REVIEW,,,可能是原生食材，但频次、命名或类别证据不足
11715,巧克力消化饼干,DROP,,,烘焙或乳制加工食品
11716,酥量,DROP,,,不属于指南允许的基础原生食材类别
11717,头甜玉米粒,REVIEW,,,可能是原生食材，但频次、命名或类别证据不足
11718,德式脆肠,DROP,,,成品、半成品或加工食品
11719,提拉米苏馅,REVIEW,,,可能是原生食材，但频次、命名或类别证据不足
11720,多姜片,REVIEW,,,形态描述存在，但原始食材无法确定
11721,可可黑巧克力,DROP,,,烘焙或乳制加工食品
11722,红曲米水,REVIEW,,,可能是原生食材，但频次、命名或类别证据不足
11723,可可戚风胚,DROP,,,不属于指南允许的基础原生食材类别
11724,辣椒蘸料,REVIEW,,,可能是原生食材，但频次、命名或类别证据不足
11725,菠萝酥皮,DROP,,,不属于指南允许的基础原生食材类别
11726,鱼肉松,DROP,,,加工肉制品
11727,数量糯米,REVIEW,,,可能是原生食材，但频次、命名或类别证据不足
11728,泥蒿,DROP,,,不属于指南允许的基础原生食材类别
11729,一截莲藕,REVIEW,,,可能是原生食材，但频次、命名或类别证据不足
11730,菌菇类蔬菜,REVIEW,,,可能是原生食材，但频次、命名或类别证据不足
11731,大薯,KEEP,536,大薯,符合基础原生食材定义
11732,鲜羊肚菌,MERGE,311,羊肚菌,去除确定的鲜冻/去皮去骨描述
11733,蒜蒜苗,REVIEW,,,可能是原生食材，但频次、命名或类别证据不足
11734,定手指饼干,DROP,,,烘焙或乳制加工食品
11735,干霸王花,DROP,,,不属于指南允许的基础原生食材类别
11736,杏仁膏,REVIEW,,,可能是原生食材，但频次、命名或类别证据不足
11737,视频教程分享,DROP,,,不属于指南允许的基础原生食材类别
11738,水果谷物,DROP,,,不属于指南允许的基础原生食材类别
11739,下面条,DROP,,,成品、半成品或加工食品
11740,来米粉,DROP,,,成品、半成品或加工食品
11741,发好干香菇,REVIEW,,,可能是原生食材，但频次、命名或类别证据不足
11742,咖啡蛋糕体,DROP,,,烘焙或乳制加工食品
11743,夏天,DROP,,,不属于指南允许的基础原生食材类别
11744,脆脆,DROP,,,不属于指南允许的基础原生食材类别
11745,子羽衣甘蓝,REVIEW,,,可能是原生食材，但频次、命名或类别证据不足
11746,蛋清分离鸡蛋,REVIEW,,,可能是原生食材，但频次、命名或类别证据不足
11747,生姜和葱,SPLIT,3|1,姜|葱,分隔符明确连接多个独立基础食材；克数无法可靠分摊
11748,多绿豆芽,REVIEW,,,可能是原生食材，但频次、命名或类别证据不足
11749,菜豆皮,DROP,,,豆制品或淀粉制品（严格模式排除）
11750,刀片,REVIEW,,,形态描述存在，但原始食材无法确定
11751,两个小西红柿,MERGE,39,圣女果,修复数量/单位残留
11752,辣椒节,REVIEW,,,可能是原生食材，但频次、命名或类别证据不足
11753,鸡蛋鸭蛋,REVIEW,,,可能是原生食材，但频次、命名或类别证据不足
11754,红葡萄干,DROP,,,成品、半成品或加工食品
11755,蒜蒜瓣,MERGE,2,蒜,去除切片/切块/切丁等形态描述
11756,酸料,DROP,,,不属于指南允许的基础原生食材类别
11757,味芝士年糕,DROP,,,烘焙或乳制加工食品
11758,猫耳朵面,REVIEW,,,可能是原生食材，但频次、命名或类别证据不足
11759,香油几滴,DROP,,,不属于指南允许的基础原生食材类别
11760,纯巧克力粉,DROP,,,烘焙或乳制加工食品
11761,模戚风蛋糕,DROP,,,烘焙或乳制加工食品
11762,豚骨,DROP,,,不属于指南允许的基础原生食材类别
11763,节小葱,REVIEW,,,可能是原生食材，但频次、命名或类别证据不足
11764,核桃杏仁,REVIEW,,,可能是原生食材，但频次、命名或类别证据不足
11765,胡萝北,DROP,,,不属于指南允许的基础原生食材类别
11766,儿豆腐,DROP,,,豆制品或淀粉制品（严格模式排除）
11767,开水水,DROP,,,不属于指南允许的基础原生食材类别
11768,坨肥猪肉,REVIEW,,,可能是原生食材，但频次、命名或类别证据不足
11769,粉西红柿,REVIEW,,,可能是原生食材，但频次、命名或类别证据不足
11770,鸡蛋卷,REVIEW,,,可能是原生食材，但频次、命名或类别证据不足
11771,朝天红椒,REVIEW,,,可能是原生食材，但频次、命名或类别证据不足
11772,榴莲粉,REVIEW,,,可能是原生食材，但频次、命名或类别证据不足
11773,广味肠,DROP,,,成品、半成品或加工食品
11774,厚度牛排,REVIEW,,,可能是原生食材，但频次、命名或类别证据不足
11775,料香菜,REVIEW,,,可能是原生食材，但频次、命名或类别证据不足
11776,比牛奶,DROP,,,饮料、酒类或乳制品不属于本版核心原生食材
11777,草莓慕斯液,DROP,,,成品、半成品或加工食品
11778,带皮腊肉,DROP,,,加工肉制品
11779,鸡胸肉丸子,DROP,,,成品、半成品或加工食品
11780,芝士丸子,DROP,,,烘焙或乳制加工食品
11781,半腊肉,DROP,,,加工肉制品
11782,里脊肉丁,REVIEW,,,形态描述存在，但原始食材无法确定
11783,排骨料,REVIEW,,,可能是原生食材，但频次、命名或类别证据不足
11784,嫩笋,REVIEW,,,可能是原生食材，但频次、命名或类别证据不足
11785,猪臀肉,REVIEW,,,可能是原生食材，但频次、命名或类别证据不足
11786,盘木耳,REVIEW,,,可能是原生食材，但频次、命名或类别证据不足
11787,水芡粉,DROP,,,不属于指南允许的基础原生食材类别
11788,优质碳水,DROP,,,不属于指南允许的基础原生食材类别
11789,皱皮椒,DROP,,,不属于指南允许的基础原生食材类别
11790,欧芹干,REVIEW,,,可能是原生食材，但频次、命名或类别证据不足
11791,奶酪层,DROP,,,烘焙或乳制加工食品
11792,红枣脆片,REVIEW,,,形态描述存在，但原始食材无法确定
11793,香蕉干,REVIEW,,,可能是原生食材，但频次、命名或类别证据不足
11794,葡萄酵种,REVIEW,,,可能是原生食材，但频次、命名或类别证据不足
11795,松花菜,REVIEW,,,可能是原生食材，但频次、命名或类别证据不足
11796,水加鸡蛋,REVIEW,,,可能是原生食材，但频次、命名或类别证据不足
11797,可以香菜,REVIEW,,,可能是原生食材，但频次、命名或类别证据不足
11798,肉肠火腿肠,DROP,,,加工肉制品
11799,荔浦芋,REVIEW,,,可能是原生食材，但频次、命名或类别证据不足
11800,熟荔浦芋头,DROP,,,成品、半成品或加工食品
11801,高脂椰浆,DROP,,,饮料、酒类或乳制品不属于本版核心原生食材
11802,混合水果干,DROP,,,成品、半成品或加工食品
11803,头胡萝卜,REVIEW,,,可能是原生食材，但频次、命名或类别证据不足
11804,儿枸杞,REVIEW,,,可能是原生食材，但频次、命名或类别证据不足
11805,香甜沙拉,DROP,,,成品、半成品或加工食品
11806,螺蛳粉汤包,REVIEW,,,可能是原生食材，但频次、命名或类别证据不足
11807,长白菜,REVIEW,,,可能是原生食材，但频次、命名或类别证据不足
11808,栀子绿色粉,DROP,,,不属于指南允许的基础原生食材类别
11809,中空戚风,DROP,,,不属于指南允许的基础原生食材类别
11810,奥利奥小饼干,DROP,,,烘焙或乳制加工食品
11811,全蛋蛋黄,REVIEW,,,可能是原生食材，但频次、命名或类别证据不足
11812,葡萄干儿,DROP,,,成品、半成品或加工食品
11813,水总量,DROP,,,不属于指南允许的基础原生食材类别
11814,一节姜,REVIEW,,,可能是原生食材，但频次、命名或类别证据不足
11815,牛奶代替水,DROP,,,饮料、酒类或乳制品不属于本版核心原生食材
11816,人食量挂面,REVIEW,,,可能是原生食材，但频次、命名或类别证据不足
11817,奶油话梅,DROP,,,烘焙或乳制加工食品
11818,全脂椰蓉,DROP,,,不属于指南允许的基础原生食材类别
11819,西米粉,DROP,,,成品、半成品或加工食品
11820,猪肉肥瘦相间,REVIEW,,,可能是原生食材，但频次、命名或类别证据不足
11821,蓝莓层,REVIEW,,,可能是原生食材，但频次、命名或类别证据不足
11822,白皮洋葱,DROP,,,不属于指南允许的基础原生食材类别
11823,白豌豆,REVIEW,,,可能是原生食材，但频次、命名或类别证据不足
11824,辣椒罐头,DROP,,,成品、半成品或加工食品
11825,和牛奶,DROP,,,饮料、酒类或乳制品不属于本版核心原生食材
11826,大里脊肉,REVIEW,,,可能是原生食材，但频次、命名或类别证据不足
11827,鲔鱼罐头,DROP,,,成品、半成品或加工食品
11828,即墨老酒,DROP,,,调味料不进入基础原生食材表
11829,多面包糠,DROP,,,烘焙或乳制加工食品
11830,沙拉鸡胸肉,DROP,,,成品、半成品或加工食品
11831,提前浸泡,DROP,,,不属于指南允许的基础原生食材类别
11832,面粉吸水性不同,DROP,,,成品、半成品或加工食品
11833,面包刀,DROP,,,烘焙或乳制加工食品
11834,大小而定,DROP,,,不属于指南允许的基础原生食材类别
11835,鸡胸肉切丁,REVIEW,,,形态描述存在，但原始食材无法确定
11836,肉香肠,DROP,,,加工肉制品
11837,豆豆浆,DROP,,,成品、半成品或加工食品
11838,就行干辣椒,DROP,,,调味料不进入基础原生食材表
11839,玻璃纸,DROP,,,不属于指南允许的基础原生食材类别
11840,纽扣饼干,DROP,,,烘焙或乳制加工食品
11841,味辛拉面,REVIEW,,,可能是原生食材，但频次、命名或类别证据不足
11842,麦麸全麦粉,REVIEW,,,可能是原生食材，但频次、命名或类别证据不足
11843,调馅,DROP,,,不属于指南允许的基础原生食材类别
11844,银针粉,DROP,,,不属于指南允许的基础原生食材类别
11845,黑毛猪五花肉,REVIEW,,,可能是原生食材，但频次、命名或类别证据不足
11846,米饭糯米,DROP,,,成品、半成品或加工食品
11847,调整温水,DROP,,,不属于指南允许的基础原生食材类别
11848,黑加仑子,DROP,,,不属于指南允许的基础原生食材类别
11849,几朵小香菇,DROP,,,数量或单位残留且无法可靠恢复原食材
11850,大米米饭,DROP,,,成品、半成品或加工食品
11851,1⁄2杯,DROP,,,数量或单位残留且无法可靠恢复原食材
11852,潮汕肉卷,REVIEW,,,可能是原生食材，但频次、命名或类别证据不足
11853,姜切碎姜末,DROP,,,工具、包装或操作说明
11854,洋葱黄瓜,REVIEW,,,可能是原生食材，但频次、命名或类别证据不足
11855,调羹面粉,DROP,,,成品、半成品或加工食品
11856,喷瓶,DROP,,,不属于指南允许的基础原生食材类别
11857,速冻薯条,REVIEW,,,可能是原生食材，但频次、命名或类别证据不足
11858,熟大杏仁,DROP,,,成品、半成品或加工食品
11859,一调羹,DROP,,,不属于指南允许的基础原生食材类别
11860,塔底,DROP,,,不属于指南允许的基础原生食材类别
11861,长椒,REVIEW,,,可能是原生食材，但频次、命名或类别证据不足
11862,半啤酒,DROP,,,调味料不进入基础原生食材表
11863,碎欧芹,REVIEW,,,可能是原生食材，但频次、命名或类别证据不足
11864,菜式,REVIEW,,,可能是原生食材，但频次、命名或类别证据不足
11865,奥饼干碎,DROP,,,烘焙或乳制加工食品
11866,草莓几颗,DROP,,,数量或单位残留且无法可靠恢复原食材
11867,镜面果膏,REVIEW,,,可能是原生食材，但频次、命名或类别证据不足
11868,塔壳,DROP,,,不属于指南允许的基础原生食材类别
11869,多少魔芋,DROP,,,数量或单位残留且无法可靠恢复原食材
11870,多少茼蒿,DROP,,,数量或单位残留且无法可靠恢复原食材
11871,黑加伦,DROP,,,不属于指南允许的基础原生食材类别
11872,塔馅,DROP,,,不属于指南允许的基础原生食材类别
11873,鸡蛋全液,REVIEW,,,可能是原生食材，但频次、命名或类别证据不足
11874,价格,DROP,,,不属于指南允许的基础原生食材类别
11875,法式吐司,DROP,,,烘焙或乳制加工食品
11876,腌渍,DROP,,,不属于指南允许的基础原生食材类别
11877,糯米糍粑,REVIEW,,,可能是原生食材，但频次、命名或类别证据不足
11878,帕玛森干酪粉,DROP,,,不属于指南允许的基础原生食材类别
11879,发酵好波兰种,DROP,,,不属于指南允许的基础原生食材类别
11880,奥利奥碎,REVIEW,,,形态描述存在，但原始食材无法确定
11881,埃曼塔奶酪,DROP,,,烘焙或乳制加工食品
11882,奶巧克力,DROP,,,烘焙或乳制加工食品
11883,欢量马苏里拉芝士,DROP,,,烘焙或乳制加工食品
11884,巧克力玫瑰花,DROP,,,调味料不进入基础原生食材表
11885,椰蓉陷,DROP,,,不属于指南允许的基础原生食材类别
11886,芒果切块,REVIEW,,,形态描述存在，但原始食材无法确定
11887,自己面粉,DROP,,,成品、半成品或加工食品
11888,蒜蓉末,REVIEW,,,形态描述存在，但原始食材无法确定
11889,软吐司,DROP,,,烘焙或乳制加工食品
11890,白桃乌龙,REVIEW,,,可能是原生食材，但频次、命名或类别证据不足
11891,多少加多少,DROP,,,数量或单位残留且无法可靠恢复原食材
11892,香辣花生,DROP,,,不属于指南允许的基础原生食材类别
11893,新鲜虫草花,DROP,,,不属于指南允许的基础原生食材类别
11894,细麦麸,REVIEW,,,可能是原生食材，但频次、命名或类别证据不足
11895,料大米,REVIEW,,,可能是原生食材，但频次、命名或类别证据不足
11896,面包皮,DROP,,,烘焙或乳制加工食品
11897,现蒸米饭,DROP,,,成品、半成品或加工食品
11898,羊奶奶酪,DROP,,,烘焙或乳制加工食品
11899,肉眼牛扒,REVIEW,,,可能是原生食材，但频次、命名或类别证据不足
11900,无核金丝枣,REVIEW,,,可能是原生食材，但频次、命名或类别证据不足
11901,克黄花菜,MERGE,153,黄花菜,去除确定的鲜冻/去皮去骨描述
11902,速冻甜玉米粒,REVIEW,,,可能是原生食材，但频次、命名或类别证据不足
11903,鲜荔枝,MERGE,233,荔枝,去除确定的鲜冻/去皮去骨描述
11904,皮皮虾肉,DROP,,,不属于指南允许的基础原生食材类别
11905,巧克力黑,DROP,,,烘焙或乳制加工食品
11906,大菜,REVIEW,,,可能是原生食材，但频次、命名或类别证据不足
11907,底部蘸料,DROP,,,不属于指南允许的基础原生食材类别
11908,西芹洋葱,REVIEW,,,可能是原生食材，但频次、命名或类别证据不足
11909,莲雾,DROP,,,不属于指南允许的基础原生食材类别
11910,蘑菇水,REVIEW,,,可能是原生食材，但频次、命名或类别证据不足
11911,自己口味牛奶,DROP,,,饮料、酒类或乳制品不属于本版核心原生食材
11912,自己口味来,DROP,,,不属于指南允许的基础原生食材类别
11913,粉条粉丝,DROP,,,豆制品或淀粉制品（严格模式排除）
11914,多点白芝麻,REVIEW,,,可能是原生食材，但频次、命名或类别证据不足
11915,蛋黄分离,REVIEW,,,可能是原生食材，但频次、命名或类别证据不足
11916,矿泉水水,DROP,,,不属于指南允许的基础原生食材类别
11917,餐量,DROP,,,不属于指南允许的基础原生食材类别
11918,干妈风味鸡油辣椒,DROP,,,调味料不进入基础原生食材表
11919,生姜大蒜子,REVIEW,,,可能是原生食材，但频次、命名或类别证据不足
11920,白菜泡菜,DROP,,,成品、半成品或加工食品
11921,粗粮面粉,DROP,,,成品、半成品或加工食品
11922,品牌方便面,DROP,,,成品、半成品或加工食品
11923,煎炸粉,REVIEW,,,可能是原生食材，但频次、命名或类别证据不足
11924,姜芽,REVIEW,,,可能是原生食材，但频次、命名或类别证据不足
11925,梅豆角,REVIEW,,,可能是原生食材，但频次、命名或类别证据不足
11926,青西红柿,REVIEW,,,可能是原生食材，但频次、命名或类别证据不足
11927,山黑猪五花肉,REVIEW,,,可能是原生食材，但频次、命名或类别证据不足
11928,原切眼肉牛排,REVIEW,,,可能是原生食材，但频次、命名或类别证据不足
11929,了巧克力,DROP,,,烘焙或乳制加工食品
11930,意式咖啡,DROP,,,饮料、酒类或乳制品不属于本版核心原生食材
11931,鸡蛋一起水,REVIEW,,,可能是原生食材，但频次、命名或类别证据不足
11932,绿节瓜,REVIEW,,,可能是原生食材，但频次、命名或类别证据不足
11933,羊油辣子,REVIEW,,,可能是原生食材，但频次、命名或类别证据不足
11934,分成,DROP,,,不属于指南允许的基础原生食材类别
11935,蜜蜜豆,DROP,,,成品、半成品或加工食品
11936,锅饼,DROP,,,不属于指南允许的基础原生食材类别
11937,毛钱绿豆芽,REVIEW,,,可能是原生食材，但频次、命名或类别证据不足
11938,熟南瓜籽,DROP,,,成品、半成品或加工食品
11939,糙糯米,REVIEW,,,可能是原生食材，但频次、命名或类别证据不足
11940,新鲜樱桃,MERGE,135,樱桃,去除确定的鲜冻/去皮去骨描述
11941,核桃仁掰碎,REVIEW,,,形态描述存在，但原始食材无法确定
11942,汤碗淘米水,REVIEW,,,可能是原生食材，但频次、命名或类别证据不足
11943,长粒糯米,REVIEW,,,可能是原生食材，但频次、命名或类别证据不足
11944,方形戚风蛋糕胚,DROP,,,烘焙或乳制加工食品
11945,流沙汤圆,DROP,,,不属于指南允许的基础原生食材类别
11946,鱿鱼腿,REVIEW,,,可能是原生食材，但频次、命名或类别证据不足
11947,公鱼,REVIEW,,,可能是原生食材，但频次、命名或类别证据不足
11948,桃夹心,REVIEW,,,可能是原生食材，但频次、命名或类别证据不足
11949,莴笋干,DROP,,,成品、半成品或加工食品
11950,子黄豆,REVIEW,,,可能是原生食材，但频次、命名或类别证据不足
11951,冷冻甜玉米,MERGE,97,甜玉米,去除确定的鲜冻/去皮去骨描述
11952,羊腩肉,REVIEW,,,可能是原生食材，但频次、命名或类别证据不足
11953,按口味辣椒,REVIEW,,,可能是原生食材，但频次、命名或类别证据不足
11954,干香菇香菇,REVIEW,,,可能是原生食材，但频次、命名或类别证据不足
11955,香草蛋白粉,REVIEW,,,可能是原生食材，但频次、命名或类别证据不足
11956,冷冻香蕉,MERGE,61,香蕉,去除确定的鲜冻/去皮去骨描述
11957,奶精,DROP,,,不属于指南允许的基础原生食材类别
11958,多汁西红柿,REVIEW,,,可能是原生食材，但频次、命名或类别证据不足
11959,椰丝馅,DROP,,,不属于指南允许的基础原生食材类别
11960,肉类丸类,REVIEW,,,可能是原生食材，但频次、命名或类别证据不足
11961,冬瓜皮,DROP,,,不属于指南允许的基础原生食材类别
11962,灭活罂粟籽,DROP,,,不属于指南允许的基础原生食材类别
11963,红茶菌液,DROP,,,不属于指南允许的基础原生食材类别
11964,白朗姆,DROP,,,不属于指南允许的基础原生食材类别
11965,饭碗米饭,DROP,,,成品、半成品或加工食品
11966,花枝丸,DROP,,,不属于指南允许的基础原生食材类别
11967,栗仁,REVIEW,,,可能是原生食材，但频次、命名或类别证据不足
11968,部队火锅料,DROP,,,不属于指南允许的基础原生食材类别
11969,蓝莓慕斯,DROP,,,成品、半成品或加工食品
11970,筒大米,REVIEW,,,可能是原生食材，但频次、命名或类别证据不足
11971,青蛾,DROP,,,不属于指南允许的基础原生食材类别
11972,「馅料」,DROP,,,不属于指南允许的基础原生食材类别
11973,竹筒,DROP,,,不属于指南允许的基础原生食材类别
11974,干葡萄酒,DROP,,,调味料不进入基础原生食材表
11975,白浆,DROP,,,不属于指南允许的基础原生食材类别
11976,洋甘菊,DROP,,,不属于指南允许的基础原生食材类别
11977,多少牛肉卷,DROP,,,数量或单位残留且无法可靠恢复原食材
11978,冰镇凉白开,DROP,,,不属于指南允许的基础原生食材类别
11979,抓百合,DROP,,,不属于指南允许的基础原生食材类别
11980,金典机奶,DROP,,,饮料、酒类或乳制品不属于本版核心原生食材
11981,湘莲子,REVIEW,,,可能是原生食材，但频次、命名或类别证据不足
11982,大小开水,DROP,,,不属于指南允许的基础原生食材类别
11983,豬頸肉,REVIEW,,,可能是原生食材，但频次、命名或类别证据不足
11984,红茶液,DROP,,,不属于指南允许的基础原生食材类别
11985,芝麻渣,REVIEW,,,可能是原生食材，但频次、命名或类别证据不足
11986,纯牛奶一盒,DROP,,,饮料、酒类或乳制品不属于本版核心原生食材
11987,高钙纯牛奶,DROP,,,饮料、酒类或乳制品不属于本版核心原生食材
11988,子弹头辣椒,REVIEW,,,可能是原生食材，但频次、命名或类别证据不足
11989,多少木耳,DROP,,,数量或单位残留且无法可靠恢复原食材
11990,鲜杨梅,MERGE,210,杨梅,去除确定的鲜冻/去皮去骨描述
11991,三丝,REVIEW,,,形态描述存在，但原始食材无法确定
11992,荷兰芹粉,REVIEW,,,可能是原生食材，但频次、命名或类别证据不足
11993,水壶,DROP,,,不属于指南允许的基础原生食材类别
11994,半肥猪肉,REVIEW,,,可能是原生食材，但频次、命名或类别证据不足
11995,干白莲子,REVIEW,,,可能是原生食材，但频次、命名或类别证据不足
11996,斟酌,DROP,,,不属于指南允许的基础原生食材类别
11997,肚子,DROP,,,不属于指南允许的基础原生食材类别
11998,老北京酸奶,DROP,,,饮料、酒类或乳制品不属于本版核心原生食材
11999,慕斯原料,DROP,,,成品、半成品或加工食品
12000,双一次性筷子,DROP,,,不属于指南允许的基础原生食材类别
12001,蜗牛意面,REVIEW,,,可能是原生食材，但频次、命名或类别证据不足
12002,粗粮面,REVIEW,,,可能是原生食材，但频次、命名或类别证据不足
12003,奶糊,DROP,,,不属于指南允许的基础原生食材类别
12004,据个人口味香菜,REVIEW,,,可能是原生食材，但频次、命名或类别证据不足
12005,肉餡,REVIEW,,,可能是原生食材，但频次、命名或类别证据不足
12006,槟榔香芋,REVIEW,,,可能是原生食材，但频次、命名或类别证据不足
12007,爱吃水果,DROP,,,不属于指南允许的基础原生食材类别
12008,浓缩牛奶,DROP,,,饮料、酒类或乳制品不属于本版核心原生食材
12009,脂牛奶牛奶,DROP,,,饮料、酒类或乳制品不属于本版核心原生食材
12010,猪夹心肉糜,REVIEW,,,可能是原生食材，但频次、命名或类别证据不足
12011,麻辣佐料,DROP,,,不属于指南允许的基础原生食材类别
12012,柱侯醬,DROP,,,不属于指南允许的基础原生食材类别
12013,全麦高筋,REVIEW,,,可能是原生食材，但频次、命名或类别证据不足
12014,果即可水,DROP,,,不属于指南允许的基础原生食材类别
12015,黄木瓜,REVIEW,,,可能是原生食材，但频次、命名或类别证据不足
12016,日本嫩豆腐,DROP,,,豆制品或淀粉制品（严格模式排除）
12017,太平苏打,DROP,,,不属于指南允许的基础原生食材类别
12018,胚芽燕麦米,REVIEW,,,可能是原生食材，但频次、命名或类别证据不足
12019,即食面,DROP,,,成品、半成品或加工食品
12020,细纱布,DROP,,,不属于指南允许的基础原生食材类别
12021,腌三文鱼,REVIEW,,,可能是原生食材，但频次、命名或类别证据不足
12022,芝麻馅汤圆,DROP,,,不属于指南允许的基础原生食材类别
12023,百里香迷迭香,DROP,,,调味料不进入基础原生食材表
12024,机绿豆,REVIEW,,,可能是原生食材，但频次、命名或类别证据不足
12025,了枸杞,REVIEW,,,可能是原生食材，但频次、命名或类别证据不足
12026,圆形切模,DROP,,,不属于指南允许的基础原生食材类别
12027,可生食蛋黄,REVIEW,,,可能是原生食材，但频次、命名或类别证据不足
12028,一片生菜,DROP,,,数量或单位残留且无法可靠恢复原食材
12029,花菇干,REVIEW,,,可能是原生食材，但频次、命名或类别证据不足
12030,豆粉水,REVIEW,,,可能是原生食材，但频次、命名或类别证据不足
12031,配料」,DROP,,,不属于指南允许的基础原生食材类别
12032,儿香菜,REVIEW,,,可能是原生食材，但频次、命名或类别证据不足
12033,蛋壳水量水,REVIEW,,,可能是原生食材，但频次、命名或类别证据不足
12034,球生菜叶,REVIEW,,,可能是原生食材，但频次、命名或类别证据不足
12035,辣椒红辣椒,REVIEW,,,可能是原生食材，但频次、命名或类别证据不足
12036,马苏里拉奶酪芝士,DROP,,,烘焙或乳制加工食品
12037,马拉里苏奶酪,DROP,,,烘焙或乳制加工食品
12038,栗子栗子,REVIEW,,,可能是原生食材，但频次、命名或类别证据不足
12039,每个豆沙,DROP,,,成品、半成品或加工食品
12040,火锅宽粉,DROP,,,不属于指南允许的基础原生食材类别
12041,锅酱包,DROP,,,不属于指南允许的基础原生食材类别
12042,长青椒红椒,REVIEW,,,可能是原生食材，但频次、命名或类别证据不足
12043,爱好马苏里拉芝士,DROP,,,烘焙或乳制加工食品
12044,牛骨头汤,REVIEW,,,可能是原生食材，但频次、命名或类别证据不足
12045,多点黄豆,REVIEW,,,可能是原生食材，但频次、命名或类别证据不足
12046,汉堡包胚,DROP,,,成品、半成品或加工食品
12047,其他油也可,DROP,,,不属于指南允许的基础原生食材类别
12048,多少放多少芝士,DROP,,,烘焙或乳制加工食品
12049,子开水,DROP,,,不属于指南允许的基础原生食材类别
12050,中式面粉,DROP,,,成品、半成品或加工食品
12051,青大蒜,REVIEW,,,可能是原生食材，但频次、命名或类别证据不足
12052,麦草粉,REVIEW,,,可能是原生食材，但频次、命名或类别证据不足
12053,任意配菜,REVIEW,,,可能是原生食材，但频次、命名或类别证据不足
12054,熏料,DROP,,,不属于指南允许的基础原生食材类别
12055,鱼皮饺,DROP,,,不属于指南允许的基础原生食材类别
12056,朵杏鲍菇,MERGE,83,杏鲍菇,去除确定的鲜冻/去皮去骨描述
12057,盆冷水,DROP,,,不属于指南允许的基础原生食材类别
12058,大小沙姜,REVIEW,,,可能是原生食材，但频次、命名或类别证据不足
12059,巴西烤肉料,REVIEW,,,可能是原生食材，但频次、命名或类别证据不足
12060,低脂鸡肉肠,DROP,,,成品、半成品或加工食品
12061,乳酸钙,DROP,,,不属于指南允许的基础原生食材类别
12062,秘制辣椒,REVIEW,,,可能是原生食材，但频次、命名或类别证据不足
12063,多张厨房纸,DROP,,,不属于指南允许的基础原生食材类别
12064,上好大米,REVIEW,,,可能是原生食材，但频次、命名或类别证据不足
12065,芡粉水,DROP,,,不属于指南允许的基础原生食材类别
12066,樱桃果肉,REVIEW,,,可能是原生食材，但频次、命名或类别证据不足
12067,甜枣,REVIEW,,,可能是原生食材，但频次、命名或类别证据不足
12068,清水油面筋,DROP,,,成品、半成品或加工食品
12069,馬蘇裡拉芝士,DROP,,,烘焙或乳制加工食品
12070,歐芹,REVIEW,,,可能是原生食材，但频次、命名或类别证据不足
12071,意大利乳清干酪,DROP,,,不属于指南允许的基础原生食材类别
12072,快姜,REVIEW,,,可能是原生食材，但频次、命名或类别证据不足
12073,多少芹菜,DROP,,,数量或单位残留且无法可靠恢复原食材
12074,香橙皮,DROP,,,不属于指南允许的基础原生食材类别
12075,人饭量米饭,DROP,,,成品、半成品或加工食品
12076,油类,DROP,,,不属于指南允许的基础原生食材类别
12077,土鸡蛋蛋黄,REVIEW,,,可能是原生食材，但频次、命名或类别证据不足
12078,泡瑶柱水,DROP,,,不属于指南允许的基础原生食材类别
12079,太空椒,REVIEW,,,可能是原生食材，但频次、命名或类别证据不足
12080,炒熟面粉,DROP,,,工具、包装或操作说明
12081,蝦米,REVIEW,,,可能是原生食材，但频次、命名或类别证据不足
12082,豌豆胡萝卜玉米粒,REVIEW,,,可能是原生食材，但频次、命名或类别证据不足
12083,惠尔通,DROP,,,不属于指南允许的基础原生食材类别
12084,大汤勺,DROP,,,不属于指南允许的基础原生食材类别
12085,南美虾,REVIEW,,,可能是原生食材，但频次、命名或类别证据不足
12086,猪外脊肉,REVIEW,,,可能是原生食材，但频次、命名或类别证据不足
12087,高丽菜叶,REVIEW,,,可能是原生食材，但频次、命名或类别证据不足
12088,节腊肉,DROP,,,加工肉制品
12089,粗玉米粉,DROP,,,成品、半成品或加工食品
12090,手工鱼丸,DROP,,,成品、半成品或加工食品
12091,一次性杯,DROP,,,不属于指南允许的基础原生食材类别
12092,鸡肉串,REVIEW,,,可能是原生食材，但频次、命名或类别证据不足
12093,牛奶一包,DROP,,,饮料、酒类或乳制品不属于本版核心原生食材
12094,多少就多少猪肉,DROP,,,数量或单位残留且无法可靠恢复原食材
12095,菜们,REVIEW,,,可能是原生食材，但频次、命名或类别证据不足
12096,马鲛鱼丸,DROP,,,成品、半成品或加工食品
12097,来调味,DROP,,,不属于指南允许的基础原生食材类别
12098,盘冰水,DROP,,,不属于指南允许的基础原生食材类别
12099,牛奶少量,DROP,,,饮料、酒类或乳制品不属于本版核心原生食材
12100,豆卜,REVIEW,,,可能是原生食材，但频次、命名或类别证据不足
12101,蒜瓣蒜头,REVIEW,,,可能是原生食材，但频次、命名或类别证据不足
12102,张烘焙油纸,DROP,,,工具、包装或操作说明
12103,种类水果,DROP,,,不属于指南允许的基础原生食材类别
12104,发白,DROP,,,不属于指南允许的基础原生食材类别
12105,种颜色彩椒,REVIEW,,,可能是原生食材，但频次、命名或类别证据不足
12106,三分肥,DROP,,,不属于指南允许的基础原生食材类别
12107,粘豆包,REVIEW,,,可能是原生食材，但频次、命名或类别证据不足
12108,吧面条,DROP,,,成品、半成品或加工食品
12109,皮柚子皮,DROP,,,不属于指南允许的基础原生食材类别
12110,兔腿肉,REVIEW,,,可能是原生食材，但频次、命名或类别证据不足
12111,双汇王中王,DROP,,,不属于指南允许的基础原生食材类别
12112,吊瓜,REVIEW,,,可能是原生食材，但频次、命名或类别证据不足
12113,辣味鲜,DROP,,,不属于指南允许的基础原生食材类别
12114,黑猪肋排,REVIEW,,,可能是原生食材，但频次、命名或类别证据不足
12115,面团鸡蛋液,REVIEW,,,可能是原生食材，但频次、命名或类别证据不足
12116,李锦记天成一味,REVIEW,,,可能是原生食材，但频次、命名或类别证据不足
12117,龙须粉丝,DROP,,,豆制品或淀粉制品（严格模式排除）
12118,鸭一只重,DROP,,,数量或单位残留且无法可靠恢复原食材
12119,前腿肉猪肉,REVIEW,,,可能是原生食材，但频次、命名或类别证据不足
12120,葫萝卜,REVIEW,,,可能是原生食材，但频次、命名或类别证据不足
12121,瑞士三角巧克力,DROP,,,烘焙或乳制加工食品
12122,大小牛肉,REVIEW,,,可能是原生食材，但频次、命名或类别证据不足
12123,多少放多少白芝麻,DROP,,,数量或单位残留且无法可靠恢复原食材
12124,碟清水,DROP,,,不属于指南允许的基础原生食材类别
12125,金燕耳银耳,REVIEW,,,可能是原生食材，但频次、命名或类别证据不足
12126,米饼,REVIEW,,,可能是原生食材，但频次、命名或类别证据不足
12127,五彩汤圆,DROP,,,不属于指南允许的基础原生食材类别
12128,预伴粉,DROP,,,不属于指南允许的基础原生食材类别
12129,生藜麦,REVIEW,,,可能是原生食材，但频次、命名或类别证据不足
12130,成人奶粉,DROP,,,烘焙或乳制加工食品
12131,牌麻薯粉,REVIEW,,,可能是原生食材，但频次、命名或类别证据不足
12132,稻花香响水出好米,REVIEW,,,可能是原生食材，但频次、命名或类别证据不足
12133,自行调整牛奶,DROP,,,饮料、酒类或乳制品不属于本版核心原生食材
12134,凯撒,DROP,,,不属于指南允许的基础原生食材类别
12135,麻薯料,REVIEW,,,可能是原生食材，但频次、命名或类别证据不足
12136,副一次性手套,DROP,,,不属于指南允许的基础原生食材类别
12137,巧克力浆,DROP,,,烘焙或乳制加工食品
12138,各式果干,DROP,,,成品、半成品或加工食品
12139,玄米饭,DROP,,,成品、半成品或加工食品
12140,鲜扇贝柱,REVIEW,,,可能是原生食材，但频次、命名或类别证据不足
12141,对虾仁,REVIEW,,,可能是原生食材，但频次、命名或类别证据不足
12142,鸡蛋一共牛奶,DROP,,,饮料、酒类或乳制品不属于本版核心原生食材
12143,醇品咖啡粉,DROP,,,饮料、酒类或乳制品不属于本版核心原生食材
12144,儿童菠菜面,REVIEW,,,可能是原生食材，但频次、命名或类别证据不足
12145,粉竹炭粉,DROP,,,不属于指南允许的基础原生食材类别
12146,方形火腿,DROP,,,加工肉制品
12147,立顿红茶茶包,DROP,,,不属于指南允许的基础原生食材类别
12148,鷹嘴豆,REVIEW,,,可能是原生食材，但频次、命名或类别证据不足
12149,香蕉精,REVIEW,,,可能是原生食材，但频次、命名或类别证据不足
12150,菠萝叶,REVIEW,,,可能是原生食材，但频次、命名或类别证据不足
12151,油焖大虾,REVIEW,,,可能是原生食材，但频次、命名或类别证据不足
12152,平碗面粉,DROP,,,成品、半成品或加工食品
12153,半青椒,REVIEW,,,可能是原生食材，但频次、命名或类别证据不足
12154,馅莲蓉馅,DROP,,,不属于指南允许的基础原生食材类别
12155,普通高筋面粉,DROP,,,成品、半成品或加工食品
12156,鸡蛋量全蛋液,REVIEW,,,可能是原生食材，但频次、命名或类别证据不足
12157,肉桂苹果,DROP,,,调味料不进入基础原生食材表
12158,瑶柱面,REVIEW,,,可能是原生食材，但频次、命名或类别证据不足
12159,三文鱼鳍,REVIEW,,,可能是原生食材，但频次、命名或类别证据不足
12160,粉清水,DROP,,,不属于指南允许的基础原生食材类别
12161,蜜绿豆,REVIEW,,,可能是原生食材，但频次、命名或类别证据不足
12162,想吃东西,DROP,,,不属于指南允许的基础原生食材类别
12163,青红柿子椒,REVIEW,,,可能是原生食材，但频次、命名或类别证据不足
12164,皮橘子皮,DROP,,,不属于指南允许的基础原生食材类别
12165,越南咖啡粉,DROP,,,饮料、酒类或乳制品不属于本版核心原生食材
12166,高碑店豆腐丝,DROP,,,豆制品或淀粉制品（严格模式排除）
12167,大蒜籽,REVIEW,,,可能是原生食材，但频次、命名或类别证据不足
12168,东北大葱,REVIEW,,,可能是原生食材，但频次、命名或类别证据不足
12169,啊啊啊,DROP,,,不属于指南允许的基础原生食材类别
12170,茉莉绿茶包,DROP,,,不属于指南允许的基础原生食材类别
12171,香草奶油馅,DROP,,,烘焙或乳制加工食品
12172,苦荞面,REVIEW,,,可能是原生食材，但频次、命名或类别证据不足
12173,面浆,REVIEW,,,可能是原生食材，但频次、命名或类别证据不足
12174,和清水,REVIEW,,,疑似多食材组合，但无法百分之百确认全部组成
12175,子巧克力,DROP,,,烘焙或乳制加工食品
12176,天使细面,REVIEW,,,可能是原生食材，但频次、命名或类别证据不足
12177,底薏米,REVIEW,,,可能是原生食材，但频次、命名或类别证据不足
12178,胡萝卜各,REVIEW,,,可能是原生食材，但频次、命名或类别证据不足
12179,半酸奶,DROP,,,饮料、酒类或乳制品不属于本版核心原生食材
12180,都可洋葱,REVIEW,,,可能是原生食材，但频次、命名或类别证据不足
12181,多多益善,DROP,,,不属于指南允许的基础原生食材类别
12182,菜切小块,REVIEW,,,形态描述存在，但原始食材无法确定
12183,肉末茄子,REVIEW,,,可能是原生食材，但频次、命名或类别证据不足
12184,冻北极甜虾,REVIEW,,,可能是原生食材，但频次、命名或类别证据不足
12185,速冻蓝莓,REVIEW,,,可能是原生食材，但频次、命名或类别证据不足
12186,家中筋面粉,DROP,,,成品、半成品或加工食品
12187,冷藏一夜,DROP,,,不属于指南允许的基础原生食材类别
12188,一锅凉水,DROP,,,不属于指南允许的基础原生食材类别
12189,了大蒜,REVIEW,,,可能是原生食材，但频次、命名或类别证据不足
12190,辣味金枪鱼,REVIEW,,,可能是原生食材，但频次、命名或类别证据不足
12191,慕斯预拌粉,DROP,,,成品、半成品或加工食品
12192,卤猪蹄,REVIEW,,,可能是原生食材，但频次、命名或类别证据不足
12193,可可脂黑巧,DROP,,,不属于指南允许的基础原生食材类别
12194,参考份量,DROP,,,不属于指南允许的基础原生食材类别
12195,蒜和葱,SPLIT,2|1,蒜|葱,分隔符明确连接多个独立基础食材；克数无法可靠分摊
12196,李锦记醇味鲜,REVIEW,,,可能是原生食材，但频次、命名或类别证据不足
12197,黄花鱼馅,REVIEW,,,可能是原生食材，但频次、命名或类别证据不足
12198,奶油块,DROP,,,烘焙或乳制加工食品
12199,姜辣椒,REVIEW,,,可能是原生食材，但频次、命名或类别证据不足
12200,八齿花嘴,DROP,,,不属于指南允许的基础原生食材类别
12201,油渍金枪鱼罐头,DROP,,,成品、半成品或加工食品
12202,打结小葱,REVIEW,,,可能是原生食材，但频次、命名或类别证据不足
12203,成块,REVIEW,,,形态描述存在，但原始食材无法确定
12204,椒切小块,REVIEW,,,形态描述存在，但原始食材无法确定
12205,香葱姜,REVIEW,,,可能是原生食材，但频次、命名或类别证据不足
12206,配菜蔬菜,REVIEW,,,可能是原生食材，但频次、命名或类别证据不足
12207,带骨猪大排,REVIEW,,,可能是原生食材，但频次、命名或类别证据不足
12208,多少鹌鹑蛋,DROP,,,数量或单位残留且无法可靠恢复原食材
12209,各色果蔬粉,DROP,,,不属于指南允许的基础原生食材类别
12210,新鲜雪梨,MERGE,202,雪梨,去除确定的鲜冻/去皮去骨描述
12211,水和牛奶,DROP,,,饮料、酒类或乳制品不属于本版核心原生食材
12212,冰盒,DROP,,,不属于指南允许的基础原生食材类别
12213,羊肉糜,REVIEW,,,可能是原生食材，但频次、命名或类别证据不足
12214,绿皮西葫芦,DROP,,,不属于指南允许的基础原生食材类别
12215,鱼佐料,REVIEW,,,可能是原生食材，但频次、命名或类别证据不足
12216,椰树椰奶,DROP,,,饮料、酒类或乳制品不属于本版核心原生食材
12217,鱼仔干,REVIEW,,,可能是原生食材，但频次、命名或类别证据不足
12218,冲饮,DROP,,,不属于指南允许的基础原生食材类别
12219,决定温水,DROP,,,不属于指南允许的基础原生食材类别
12220,红丝绒蛋糕胚,DROP,,,烘焙或乳制加工食品
12221,牛粒,REVIEW,,,可能是原生食材，但频次、命名或类别证据不足
12222,广式月饼皮,DROP,,,成品、半成品或加工食品
12223,牛奶味,DROP,,,饮料、酒类或乳制品不属于本版核心原生食材
12224,微温水,DROP,,,不属于指南允许的基础原生食材类别
12225,枸杞葡萄干,DROP,,,成品、半成品或加工食品
12226,熟菠菜,DROP,,,成品、半成品或加工食品
12227,茎芹菜,REVIEW,,,可能是原生食材，但频次、命名或类别证据不足
12228,红莓干,DROP,,,不属于指南允许的基础原生食材类别
12229,了鸡爪,REVIEW,,,可能是原生食材，但频次、命名或类别证据不足
12230,每日活菌,REVIEW,,,可能是原生食材，但频次、命名或类别证据不足
12231,脆藕,REVIEW,,,可能是原生食材，但频次、命名或类别证据不足
12232,棒棒饼干,DROP,,,烘焙或乳制加工食品
12233,米香肠,DROP,,,加工肉制品
12234,戚风蛋糕糊,DROP,,,烘焙或乳制加工食品
12235,桂格即食燕麦片,DROP,,,成品、半成品或加工食品
12236,土猪瘦肉,REVIEW,,,可能是原生食材，但频次、命名或类别证据不足
12237,即食榨菜,DROP,,,成品、半成品或加工食品
12238,碴子,DROP,,,不属于指南允许的基础原生食材类别
12239,史云生鸡汤,REVIEW,,,可能是原生食材，但频次、命名或类别证据不足
12240,鲍勃全麦粉,REVIEW,,,可能是原生食材，但频次、命名或类别证据不足
12241,剪碎辣椒,REVIEW,,,可能是原生食材，但频次、命名或类别证据不足
12242,蒙牛酸奶,DROP,,,饮料、酒类或乳制品不属于本版核心原生食材
12243,果实,DROP,,,不属于指南允许的基础原生食材类别
12244,糯米小汤圆,DROP,,,不属于指南允许的基础原生食材类别
12245,黑猪五花肉,REVIEW,,,可能是原生食材，但频次、命名或类别证据不足
12246,速溶纯咖啡粉,DROP,,,饮料、酒类或乳制品不属于本版核心原生食材
12247,玄米,REVIEW,,,可能是原生食材，但频次、命名或类别证据不足
12248,脫脂牛奶,DROP,,,饮料、酒类或乳制品不属于本版核心原生食材
12249,绞馅,DROP,,,不属于指南允许的基础原生食材类别
12250,葱辣椒,REVIEW,,,可能是原生食材，但频次、命名或类别证据不足
12251,馒头料,DROP,,,成品、半成品或加工食品
12252,马苏奶酪,DROP,,,烘焙或乳制加工食品
12253,丝马苏里拉奶酪,DROP,,,烘焙或乳制加工食品
12254,大脑,DROP,,,不属于指南允许的基础原生食材类别
12255,蛋清液,REVIEW,,,可能是原生食材，但频次、命名或类别证据不足
12256,德运牛奶,DROP,,,饮料、酒类或乳制品不属于本版核心原生食材
12257,蛋黄分离器,REVIEW,,,可能是原生食材，但频次、命名或类别证据不足
12258,植物染料,DROP,,,不属于指南允许的基础原生食材类别
12259,黄梅,DROP,,,不属于指南允许的基础原生食材类别
12260,洋梨罐头,DROP,,,成品、半成品或加工食品
12261,多少花生米,DROP,,,数量或单位残留且无法可靠恢复原食材
12262,发达奶酪,DROP,,,烘焙或乳制加工食品
12263,麦芬预拌粉,DROP,,,不属于指南允许的基础原生食材类别
12264,花米饭,DROP,,,成品、半成品或加工食品
12265,菠萝饭,REVIEW,,,可能是原生食材，但频次、命名或类别证据不足
12266,牛肠,DROP,,,成品、半成品或加工食品
12267,木鱼精粉,REVIEW,,,可能是原生食材，但频次、命名或类别证据不足
12268,绿色沙拉菜,DROP,,,成品、半成品或加工食品
12269,见过程材料见过程,DROP,,,不属于指南允许的基础原生食材类别
12270,辅助料,DROP,,,不属于指南允许的基础原生食材类别
12271,青李子,REVIEW,,,可能是原生食材，但频次、命名或类别证据不足
12272,白粉丝,DROP,,,豆制品或淀粉制品（严格模式排除）
12273,鸡蛋两枚,REVIEW,,,可能是原生食材，但频次、命名或类别证据不足
12274,生姜枸杞,REVIEW,,,可能是原生食材，但频次、命名或类别证据不足
12275,辣椒朝天椒,REVIEW,,,可能是原生食材，但频次、命名或类别证据不足
12276,车仔红茶包,DROP,,,不属于指南允许的基础原生食材类别
12277,胡瓜,KEEP,545,胡瓜,符合基础原生食材定义
12278,粉一小捏,DROP,,,不属于指南允许的基础原生食材类别
12279,一個,DROP,,,不属于指南允许的基础原生食材类别
12280,杏仁豆腐,DROP,,,豆制品或淀粉制品（严格模式排除）
12281,少热水,DROP,,,不属于指南允许的基础原生食材类别
12282,辣味金枪鱼罐头,DROP,,,成品、半成品或加工食品
12283,鱼丝,REVIEW,,,形态描述存在，但原始食材无法确定
12284,莲藕粉,DROP,,,成品、半成品或加工食品
12285,几朵,DROP,,,数量或单位残留且无法可靠恢复原食材
12286,就行牛肉,REVIEW,,,可能是原生食材，但频次、命名或类别证据不足
12287,虾条,REVIEW,,,可能是原生食材，但频次、命名或类别证据不足
12288,人量通心粉,DROP,,,不属于指南允许的基础原生食材类别
12289,冰激淋,DROP,,,不属于指南允许的基础原生食材类别
12290,冰鲜奶,DROP,,,饮料、酒类或乳制品不属于本版核心原生食材
12291,意麵,DROP,,,不属于指南允许的基础原生食材类别
12292,熱水,DROP,,,不属于指南允许的基础原生食材类别
12293,黑咖啡液,DROP,,,饮料、酒类或乳制品不属于本版核心原生食材
12294,海苔黑芝麻粉,DROP,,,成品、半成品或加工食品
12295,末香菜末,REVIEW,,,形态描述存在，但原始食材无法确定
12296,蒜拍碎蒜蓉,REVIEW,,,可能是原生食材，但频次、命名或类别证据不足
12297,萝卜萝卜,REVIEW,,,可能是原生食材，但频次、命名或类别证据不足
12298,玫瑰花朵,DROP,,,调味料不进入基础原生食材表
12299,蛋糕胚原料,DROP,,,烘焙或乳制加工食品
12300,外食,DROP,,,不属于指南允许的基础原生食材类别
12301,開水,DROP,,,不属于指南允许的基础原生食材类别
12302,皮馄饨皮,DROP,,,成品、半成品或加工食品
12303,定量干辣椒,DROP,,,调味料不进入基础原生食材表
12304,皮面,DROP,,,不属于指南允许的基础原生食材类别
12305,食欲,DROP,,,不属于指南允许的基础原生食材类别
12306,熟毛豆,DROP,,,成品、半成品或加工食品
12307,香菜芹菜,REVIEW,,,可能是原生食材，但频次、命名或类别证据不足
12308,手抓大米,REVIEW,,,可能是原生食材，但频次、命名或类别证据不足
12309,各种奶酪,DROP,,,烘焙或乳制加工食品
12310,辣酸菜,DROP,,,成品、半成品或加工食品
12311,脆谷乐,DROP,,,不属于指南允许的基础原生食材类别
12312,汤碗开水,DROP,,,不属于指南允许的基础原生食材类别
12313,辣椒子,REVIEW,,,可能是原生食材，但频次、命名或类别证据不足
12314,准备面包糠,DROP,,,烘焙或乳制加工食品
12315,干香葱碎,REVIEW,,,形态描述存在，但原始食材无法确定
12316,子面皮,DROP,,,不属于指南允许的基础原生食材类别
12317,丝杏鲍菇,REVIEW,,,可能是原生食材，但频次、命名或类别证据不足
12318,肉水,REVIEW,,,可能是原生食材，但频次、命名或类别证据不足
12319,橄榄油浸小番茄,REVIEW,,,可能是原生食材，但频次、命名或类别证据不足
12320,食色粉,DROP,,,不属于指南允许的基础原生食材类别
12321,即溶燕麦片,REVIEW,,,形态描述存在，但原始食材无法确定
12322,包可可粉,DROP,,,成品、半成品或加工食品
12323,刀切,DROP,,,不属于指南允许的基础原生食材类别
12324,鸡蛋液鸡蛋,REVIEW,,,可能是原生食材，但频次、命名或类别证据不足
12325,各种调味品,DROP,,,不属于指南允许的基础原生食材类别
12326,蒜干辣椒,DROP,,,调味料不进入基础原生食材表
12327,白腰豆,REVIEW,,,可能是原生食材，但频次、命名或类别证据不足
12328,腌肉粉,DROP,,,加工肉制品
12329,百奇饼干,DROP,,,烘焙或乳制加工食品
12330,青毛豆,REVIEW,,,可能是原生食材，但频次、命名或类别证据不足
12331,种时令蔬菜,REVIEW,,,可能是原生食材，但频次、命名或类别证据不足
12332,咸水鸭,REVIEW,,,可能是原生食材，但频次、命名或类别证据不足
12333,牛奶味桃山皮,DROP,,,饮料、酒类或乳制品不属于本版核心原生食材
12334,比萨底,DROP,,,不属于指南允许的基础原生食材类别
12335,和熟芝麻,DROP,,,成品、半成品或加工食品
12336,蜜汁料,DROP,,,不属于指南允许的基础原生食材类别
12337,白干子,DROP,,,不属于指南允许的基础原生食材类别
12338,韭菜一把,DROP,,,数量或单位残留且无法可靠恢复原食材
12339,香菜芝麻,REVIEW,,,可能是原生食材，但频次、命名或类别证据不足
12340,蛋黄牛奶,DROP,,,饮料、酒类或乳制品不属于本版核心原生食材
12341,葱姜蒜切片,REVIEW,,,形态描述存在，但原始食材无法确定
12342,蘑菇精华,REVIEW,,,可能是原生食材，但频次、命名或类别证据不足
12343,牛尾巴,REVIEW,,,可能是原生食材，但频次、命名或类别证据不足
12344,多油麦菜,REVIEW,,,可能是原生食材，但频次、命名或类别证据不足
12345,火候,DROP,,,不属于指南允许的基础原生食材类别
12346,油最好,DROP,,,不属于指南允许的基础原生食材类别
12347,不是必须,DROP,,,不属于指南允许的基础原生食材类别
12348,金枪鱼沙拉,DROP,,,成品、半成品或加工食品
12349,韩国烤紫菜,REVIEW,,,可能是原生食材，但频次、命名或类别证据不足
12350,黄瓜蔬菜,REVIEW,,,可能是原生食材，但频次、命名或类别证据不足
12351,炖鱼料,REVIEW,,,可能是原生食材，但频次、命名或类别证据不足
12352,鲜蚕豆,MERGE,284,蚕豆,去除确定的鲜冻/去皮去骨描述
12353,三月瓜,REVIEW,,,可能是原生食材，但频次、命名或类别证据不足
12354,鹰嘴豆浆,DROP,,,成品、半成品或加工食品
12355,酌量香菜,REVIEW,,,可能是原生食材，但频次、命名或类别证据不足
12356,茶匙鹽,DROP,,,不属于指南允许的基础原生食材类别
12357,千层派皮,DROP,,,不属于指南允许的基础原生食材类别
12358,空心挂面,REVIEW,,,可能是原生食材，但频次、命名或类别证据不足
12359,一人,DROP,,,不属于指南允许的基础原生食材类别
12360,南瓜食材,REVIEW,,,可能是原生食材，但频次、命名或类别证据不足
12361,多少秋葵,DROP,,,数量或单位残留且无法可靠恢复原食材
12362,三角芝士,DROP,,,烘焙或乳制加工食品
12363,西施骨,DROP,,,不属于指南允许的基础原生食材类别
12364,鸡汤膏,REVIEW,,,可能是原生食材，但频次、命名或类别证据不足
12365,毛毛菜,REVIEW,,,可能是原生食材，但频次、命名或类别证据不足
12366,菲达奶酪,DROP,,,烘焙或乳制加工食品
12367,酸白萝卜,REVIEW,,,可能是原生食材，但频次、命名或类别证据不足
12368,大小面粉,DROP,,,成品、半成品或加工食品
12369,厚牛排,REVIEW,,,可能是原生食材，但频次、命名或类别证据不足
12370,来源民间方,DROP,,,不属于指南允许的基础原生食材类别
12371,金煌芒,DROP,,,不属于指南允许的基础原生食材类别
12372,打奶泡器,DROP,,,不属于指南允许的基础原生食材类别
12373,纯度巧克力,DROP,,,烘焙或乳制加工食品
12374,菜蔬,REVIEW,,,可能是原生食材，但频次、命名或类别证据不足
12375,灌肠机,DROP,,,不属于指南允许的基础原生食材类别
12376,老面配方,REVIEW,,,可能是原生食材，但频次、命名或类别证据不足
12377,红葱头酥,REVIEW,,,可能是原生食材，但频次、命名或类别证据不足
12378,姜皮,DROP,,,不属于指南允许的基础原生食材类别
12379,火腿薄片,DROP,,,加工肉制品
12380,葱葱结,REVIEW,,,可能是原生食材，但频次、命名或类别证据不足
12381,蛋黄中,REVIEW,,,可能是原生食材，但频次、命名或类别证据不足
12382,葱白小葱,REVIEW,,,可能是原生食材，但频次、命名或类别证据不足
12383,红富士苹果,KEEP,559,红富士苹果,符合基础原生食材定义
12384,碎培根,DROP,,,加工肉制品
12385,味肉肠,DROP,,,成品、半成品或加工食品
12386,没黑芝麻,REVIEW,,,可能是原生食材，但频次、命名或类别证据不足
12387,东北珍珠米,REVIEW,,,可能是原生食材，但频次、命名或类别证据不足
12388,生葵花籽,DROP,,,不属于指南允许的基础原生食材类别
12389,定豆角,REVIEW,,,可能是原生食材，但频次、命名或类别证据不足
12390,朝天椒干辣椒,DROP,,,调味料不进入基础原生食材表
12391,定克面粉,DROP,,,成品、半成品或加工食品
12392,豆乳布丁,DROP,,,成品、半成品或加工食品
12393,汽泡水,DROP,,,不属于指南允许的基础原生食材类别
12394,黄瓜沙拉,DROP,,,成品、半成品或加工食品
12395,了山药,REVIEW,,,可能是原生食材，但频次、命名或类别证据不足
12396,散养土鸡,REVIEW,,,可能是原生食材，但频次、命名或类别证据不足
12397,香菜和香葱,SPLIT,9|1,香菜|葱,分隔符明确连接多个独立基础食材；克数无法可靠分摊
12398,麻腐,DROP,,,不属于指南允许的基础原生食材类别
12399,初生蛋,REVIEW,,,可能是原生食材，但频次、命名或类别证据不足
12400,色拌饭香松,DROP,,,不属于指南允许的基础原生食材类别
12401,人吃话,DROP,,,不属于指南允许的基础原生食材类别
12402,巧克力干纳许,DROP,,,烘焙或乳制加工食品
12403,平盘,DROP,,,不属于指南允许的基础原生食材类别
12404,猪蹄子,REVIEW,,,可能是原生食材，但频次、命名或类别证据不足
12405,盘白芝麻,REVIEW,,,可能是原生食材，但频次、命名或类别证据不足
12406,自己擀饺子皮,DROP,,,成品、半成品或加工食品
12407,团子,DROP,,,不属于指南允许的基础原生食材类别
12408,果脯类,DROP,,,成品、半成品或加工食品
12409,水煮鱼调味包,REVIEW,,,可能是原生食材，但频次、命名或类别证据不足
12410,家咖啡机,DROP,,,饮料、酒类或乳制品不属于本版核心原生食材
12411,黑糊椒粉,REVIEW,,,可能是原生食材，但频次、命名或类别证据不足
12412,指天椒辣椒,REVIEW,,,可能是原生食材，但频次、命名或类别证据不足
12413,头萝卜,REVIEW,,,可能是原生食材，但频次、命名或类别证据不足
12414,一样生姜,REVIEW,,,可能是原生食材，但频次、命名或类别证据不足
12415,广式腊味,DROP,,,不属于指南允许的基础原生食材类别
12416,甜品台,DROP,,,不属于指南允许的基础原生食材类别
12417,巴氏鲜奶,DROP,,,饮料、酒类或乳制品不属于本版核心原生食材
12418,谷类,DROP,,,不属于指南允许的基础原生食材类别
12419,需求鸡蛋,REVIEW,,,可能是原生食材，但频次、命名或类别证据不足
12420,现煮米饭,DROP,,,成品、半成品或加工食品
12421,马哈鱼块,REVIEW,,,形态描述存在，但原始食材无法确定
12422,包子料,DROP,,,成品、半成品或加工食品
12423,葡萄干和蔓越莓干,DROP,,,成品、半成品或加工食品
12424,金钱肚,DROP,,,不属于指南允许的基础原生食材类别
12425,油条预拌粉,DROP,,,成品、半成品或加工食品
12426,低劲面粉,DROP,,,成品、半成品或加工食品
12427,黏玉米面,REVIEW,,,可能是原生食材，但频次、命名或类别证据不足
12428,迷迭香料,DROP,,,调味料不进入基础原生食材表
12429,生亚麻籽,DROP,,,不属于指南允许的基础原生食材类别
12430,油条酥,DROP,,,成品、半成品或加工食品
12431,板筋肉,REVIEW,,,可能是原生食材，但频次、命名或类别证据不足
12432,口味泡菜,DROP,,,成品、半成品或加工食品
12433,鱼一斤,DROP,,,数量或单位残留且无法可靠恢复原食材
12434,嘜奶酱浓情太妃味,DROP,,,不属于指南允许的基础原生食材类别
12435,酒鬼花生米,REVIEW,,,可能是原生食材，但频次、命名或类别证据不足
12436,一段姜,REVIEW,,,可能是原生食材，但频次、命名或类别证据不足
12437,厚片五花肉,REVIEW,,,可能是原生食材，但频次、命名或类别证据不足
12438,竹芋,REVIEW,,,可能是原生食材，但频次、命名或类别证据不足
12439,塊豆腐,DROP,,,豆制品或淀粉制品（严格模式排除）
12440,储酿器,DROP,,,不属于指南允许的基础原生食材类别
12441,各种葡萄干,DROP,,,成品、半成品或加工食品
12442,猪精排,REVIEW,,,可能是原生食材，但频次、命名或类别证据不足
12443,菇各种菇,REVIEW,,,可能是原生食材，但频次、命名或类别证据不足
12444,克荠菜,MERGE,266,荠菜,去除确定的鲜冻/去皮去骨描述
12445,生吃蔬菜,REVIEW,,,可能是原生食材，但频次、命名或类别证据不足
12446,豆花蘸水,REVIEW,,,可能是原生食材，但频次、命名或类别证据不足
12447,红粉皮,DROP,,,豆制品或淀粉制品（严格模式排除）
12448,黄金豆,REVIEW,,,可能是原生食材，但频次、命名或类别证据不足
12449,嫩芦笋,REVIEW,,,可能是原生食材，但频次、命名或类别证据不足
12450,电动打奶泡器,DROP,,,不属于指南允许的基础原生食材类别
12451,豆腐一盒,DROP,,,豆制品或淀粉制品（严格模式排除）
12452,冷冻树莓,DROP,,,不属于指南允许的基础原生食材类别
12453,薄五花肉片,REVIEW,,,形态描述存在，但原始食材无法确定
12454,锅烧豆腐,DROP,,,豆制品或淀粉制品（严格模式排除）
12455,生水,DROP,,,不属于指南允许的基础原生食材类别
12456,小红葱头,REVIEW,,,可能是原生食材，但频次、命名或类别证据不足
12457,头瓶,DROP,,,不属于指南允许的基础原生食材类别
12458,料理杯,DROP,,,不属于指南允许的基础原生食材类别
12459,马斯卡朋芝士,DROP,,,烘焙或乳制加工食品
12460,食油少量,DROP,,,不属于指南允许的基础原生食材类别
12461,皮量橙皮屑,DROP,,,不属于指南允许的基础原生食材类别
12462,牛肉汉堡,DROP,,,成品、半成品或加工食品
12463,多豆沙馅,DROP,,,成品、半成品或加工食品
12464,多少腐竹,DROP,,,豆制品或淀粉制品（严格模式排除）
12465,皮普通面粉,DROP,,,成品、半成品或加工食品
12466,馅低筋面粉,DROP,,,成品、半成品或加工食品
12467,蛋挞皮蛋挞皮,DROP,,,成品、半成品或加工食品
12468,蛋黄鸡蛋黄,REVIEW,,,可能是原生食材，但频次、命名或类别证据不足
12469,煎带鱼,REVIEW,,,可能是原生食材，但频次、命名或类别证据不足
12470,红番薯,REVIEW,,,可能是原生食材，但频次、命名或类别证据不足
12471,多少黄豆,DROP,,,数量或单位残留且无法可靠恢复原食材
12472,慕斯蛋糕体,DROP,,,烘焙或乳制加工食品
12473,香草豆荚粉,REVIEW,,,可能是原生食材，但频次、命名或类别证据不足
12474,柳橙皮屑,DROP,,,不属于指南允许的基础原生食材类别
12475,橙皮粒,DROP,,,不属于指南允许的基础原生食材类别
12476,磅蛋糕模,DROP,,,烘焙或乳制加工食品
12477,广式月饼,DROP,,,成品、半成品或加工食品
12478,小米椒干辣椒,DROP,,,调味料不进入基础原生食材表
12479,辣面,REVIEW,,,可能是原生食材，但频次、命名或类别证据不足
12480,和蒜末,REVIEW,,,疑似多食材组合，但无法百分之百确认全部组成
12481,海底捞,DROP,,,不属于指南允许的基础原生食材类别
12482,混合生菜,REVIEW,,,可能是原生食材，但频次、命名或类别证据不足
12483,坚果巧克力,DROP,,,烘焙或乳制加工食品
12484,油条粉,DROP,,,成品、半成品或加工食品
12485,材料混合,DROP,,,不属于指南允许的基础原生食材类别
12486,粗粮煎饼,DROP,,,不属于指南允许的基础原生食材类别
12487,干脆面,REVIEW,,,可能是原生食材，但频次、命名或类别证据不足
12488,干雪莉酒,DROP,,,调味料不进入基础原生食材表
12489,濑粉,DROP,,,不属于指南允许的基础原生食材类别
12490,辣椒切段,REVIEW,,,形态描述存在，但原始食材无法确定
12491,克海带,MERGE,68,海带,去除确定的鲜冻/去皮去骨描述
12492,香草戚风,REVIEW,,,可能是原生食材，但频次、命名或类别证据不足
12493,藜麦粉,REVIEW,,,可能是原生食材，但频次、命名或类别证据不足
12494,头菜碎,REVIEW,,,形态描述存在，但原始食材无法确定
12495,木瓜干,REVIEW,,,可能是原生食材，但频次、命名或类别证据不足
12496,海底捞清油锅底,DROP,,,不属于指南允许的基础原生食材类别
12497,红椒各,REVIEW,,,可能是原生食材，但频次、命名或类别证据不足
12498,彩迪卷,DROP,,,不属于指南允许的基础原生食材类别
12499,海鲜饭,REVIEW,,,可能是原生食材，但频次、命名或类别证据不足
12500,芝麻水,REVIEW,,,可能是原生食材，但频次、命名或类别证据不足
12501,鲜肉糜,REVIEW,,,可能是原生食材，但频次、命名或类别证据不足
12502,姜末蒜片,REVIEW,,,形态描述存在，但原始食材无法确定
12503,玉米面玉米面,REVIEW,,,可能是原生食材，但频次、命名或类别证据不足
12504,黑米面粉,DROP,,,成品、半成品或加工食品
12505,爱好干辣椒,DROP,,,调味料不进入基础原生食材表
12506,法式长棍,DROP,,,不属于指南允许的基础原生食材类别
12507,克豆渣,DROP,,,成品、半成品或加工食品
12508,长生姜,REVIEW,,,可能是原生食材，但频次、命名或类别证据不足
12509,妃子笑,DROP,,,不属于指南允许的基础原生食材类别
12510,自己口味小米辣,REVIEW,,,可能是原生食材，但频次、命名或类别证据不足
12511,皮大蒜瓣,REVIEW,,,形态描述存在，但原始食材无法确定
12512,石磨面粉,DROP,,,成品、半成品或加工食品
12513,脆皮巧克力,DROP,,,烘焙或乳制加工食品
12514,鲜芡实,DROP,,,不属于指南允许的基础原生食材类别
12515,人牛肉,REVIEW,,,可能是原生食材，但频次、命名或类别证据不足
12516,发酵老面,REVIEW,,,可能是原生食材，但频次、命名或类别证据不足
12517,少面粉,DROP,,,成品、半成品或加工食品
12518,金莎巧克力,DROP,,,烘焙或乳制加工食品
12519,奥利奥饼底,DROP,,,不属于指南允许的基础原生食材类别
12520,随你,DROP,,,不属于指南允许的基础原生食材类别
12521,克榴莲,MERGE,196,榴莲,去除确定的鲜冻/去皮去骨描述
12522,淡奶油一盒,DROP,,,烘焙或乳制加工食品
12523,味饼干』,DROP,,,烘焙或乳制加工食品
12524,长黄瓜,REVIEW,,,可能是原生食材，但频次、命名或类别证据不足
12525,钙粉,DROP,,,不属于指南允许的基础原生食材类别
12526,芒果流心,REVIEW,,,可能是原生食材，但频次、命名或类别证据不足
12527,机赤味增,DROP,,,不属于指南允许的基础原生食材类别
12528,紫菜卷,REVIEW,,,可能是原生食材，但频次、命名或类别证据不足
12529,泡椒泡萝卜,DROP,,,成品、半成品或加工食品
12530,萝卜大根,REVIEW,,,可能是原生食材，但频次、命名或类别证据不足
12531,辣椒水,REVIEW,,,可能是原生食材，但频次、命名或类别证据不足
12532,大汤圆,DROP,,,不属于指南允许的基础原生食材类别
12533,什锦豆,REVIEW,,,可能是原生食材，但频次、命名或类别证据不足
12534,纯红薯粉,REVIEW,,,可能是原生食材，但频次、命名或类别证据不足
12535,豆瓣酱辣,DROP,,,不属于指南允许的基础原生食材类别
12536,果仁葡萄干,DROP,,,成品、半成品或加工食品
12537,喜爱食材,DROP,,,不属于指南允许的基础原生食材类别
12538,田河马蹄粉,DROP,,,不属于指南允许的基础原生食材类别
12539,一张,DROP,,,不属于指南允许的基础原生食材类别
12540,笔管面,REVIEW,,,可能是原生食材，但频次、命名或类别证据不足
12541,一团,DROP,,,不属于指南允许的基础原生食材类别
12542,半汤匙,DROP,,,不属于指南允许的基础原生食材类别
12543,干妈香辣脆油辣椒,DROP,,,调味料不进入基础原生食材表
12544,雀巢咖啡粉,DROP,,,饮料、酒类或乳制品不属于本版核心原生食材
12545,平阴玫瑰,DROP,,,调味料不进入基础原生食材表
12546,王致和红豆沙,DROP,,,成品、半成品或加工食品
12547,双皮奶,DROP,,,饮料、酒类或乳制品不属于本版核心原生食材
12548,和香葱,REVIEW,,,疑似多食材组合，但无法百分之百确认全部组成
12549,干挂面,REVIEW,,,可能是原生食材，但频次、命名或类别证据不足
12550,啦奶酪,DROP,,,烘焙或乳制加工食品
12551,鸡水,REVIEW,,,可能是原生食材，但频次、命名或类别证据不足
12552,蛋液加牛奶,DROP,,,饮料、酒类或乳制品不属于本版核心原生食材
12553,魔芋凉皮,DROP,,,不属于指南允许的基础原生食材类别
12554,水土豆,REVIEW,,,可能是原生食材，但频次、命名或类别证据不足
12555,妙可蓝多烘焙奶酪,DROP,,,烘焙或乳制加工食品
12556,棒面包,DROP,,,烘焙或乳制加工食品
12557,黄浆,DROP,,,不属于指南允许的基础原生食材类别
12558,波纹面,REVIEW,,,可能是原生食材，但频次、命名或类别证据不足
12559,苟杞,DROP,,,不属于指南允许的基础原生食材类别
12560,南瓜牛奶,DROP,,,饮料、酒类或乳制品不属于本版核心原生食材
12561,面包去边,DROP,,,烘焙或乳制加工食品
12562,芽菜肉末,DROP,,,成品、半成品或加工食品
12563,青椒配菜,REVIEW,,,可能是原生食材，但频次、命名或类别证据不足
12564,果茸,DROP,,,不属于指南允许的基础原生食材类别
12565,黑点香蕉,REVIEW,,,可能是原生食材，但频次、命名或类别证据不足
12566,普通山药,REVIEW,,,可能是原生食材，但频次、命名或类别证据不足
12567,各朝天椒,REVIEW,,,可能是原生食材，但频次、命名或类别证据不足
12568,绿朝天椒,REVIEW,,,可能是原生食材，但频次、命名或类别证据不足
12569,韭菜盒子,REVIEW,,,可能是原生食材，但频次、命名或类别证据不足
12570,纯瘦猪肉,REVIEW,,,可能是原生食材，但频次、命名或类别证据不足
12571,蛋糕蛋黄糊,DROP,,,烘焙或乳制加工食品
12572,葱花芝麻,REVIEW,,,可能是原生食材，但频次、命名或类别证据不足
12573,准山,DROP,,,不属于指南允许的基础原生食材类别
12574,腊汁肉,REVIEW,,,可能是原生食材，但频次、命名或类别证据不足
12575,各种香草,REVIEW,,,可能是原生食材，但频次、命名或类别证据不足
12576,雪糕棒,DROP,,,成品、半成品或加工食品
12577,鲜牛腩,MERGE,82,牛腩,去除确定的鲜冻/去皮去骨描述
12578,双椒,REVIEW,,,可能是原生食材，但频次、命名或类别证据不足
12579,干貝,DROP,,,不属于指南允许的基础原生食材类别
12580,甜葡萄,REVIEW,,,可能是原生食材，但频次、命名或类别证据不足
12581,早睡早起,DROP,,,不属于指南允许的基础原生食材类别
12582,饺子剩下饺子皮,DROP,,,成品、半成品或加工食品
12583,泡芙馅,DROP,,,不属于指南允许的基础原生食材类别
12584,彩色蝴蝶面,REVIEW,,,可能是原生食材，但频次、命名或类别证据不足
12585,三件套,DROP,,,不属于指南允许的基础原生食材类别
12586,披萨叶,DROP,,,成品、半成品或加工食品
12587,馅儿饺子,DROP,,,成品、半成品或加工食品
12588,印度飞饼皮,DROP,,,不属于指南允许的基础原生食材类别
12589,芦荟酸奶,DROP,,,饮料、酒类或乳制品不属于本版核心原生食材
12590,中号裱花嘴,DROP,,,不属于指南允许的基础原生食材类别
12591,宝贝,REVIEW,,,可能是原生食材，但频次、命名或类别证据不足
12592,支巧克力笔,DROP,,,烘焙或乳制加工食品
12593,口味慕斯,DROP,,,成品、半成品或加工食品
12594,调制水,DROP,,,不属于指南允许的基础原生食材类别
12595,浸泡金酒,DROP,,,调味料不进入基础原生食材表
12596,日清山茶花高筋粉,DROP,,,不属于指南允许的基础原生食材类别
12597,蒜蓉剁辣椒,DROP,,,成品、半成品或加工食品
12598,其余食材,DROP,,,不属于指南允许的基础原生食材类别
12599,新西兰南瓜,REVIEW,,,可能是原生食材，但频次、命名或类别证据不足
12600,表层蛋液,REVIEW,,,可能是原生食材，但频次、命名或类别证据不足
12601,项鸡,REVIEW,,,可能是原生食材，但频次、命名或类别证据不足
12602,巴马臣奶酪,DROP,,,烘焙或乳制加工食品
12603,猪柳,REVIEW,,,可能是原生食材，但频次、命名或类别证据不足
12604,野生羊肚菌,REVIEW,,,可能是原生食材，但频次、命名或类别证据不足
12605,奶油原料,DROP,,,烘焙或乳制加工食品
12606,低蛋白大米,REVIEW,,,可能是原生食材，但频次、命名或类别证据不足
12607,爱吃食物,DROP,,,不属于指南允许的基础原生食材类别
12608,清明草泥,DROP,,,不属于指南允许的基础原生食材类别
12609,猪骨浓汤,REVIEW,,,可能是原生食材，但频次、命名或类别证据不足
12610,乳酸菌酸奶,DROP,,,成品、半成品或加工食品
12611,任意葡萄干,DROP,,,成品、半成品或加工食品
12612,铁棍山药山药,REVIEW,,,可能是原生食材，但频次、命名或类别证据不足
12613,听啤酒,DROP,,,调味料不进入基础原生食材表
12614,可多可少虾仁,REVIEW,,,可能是原生食材，但频次、命名或类别证据不足
12615,那种面,REVIEW,,,可能是原生食材，但频次、命名或类别证据不足
12616,紫薯圆,REVIEW,,,可能是原生食材，但频次、命名或类别证据不足
12617,黑麦鲁邦种,REVIEW,,,可能是原生食材，但频次、命名或类别证据不足
12618,丁青椒丁,REVIEW,,,形态描述存在，但原始食材无法确定
12619,白菜叶白菜,REVIEW,,,可能是原生食材，但频次、命名或类别证据不足
12620,杂粮面包,DROP,,,烘焙或乳制加工食品
12621,咖啡精,DROP,,,饮料、酒类或乳制品不属于本版核心原生食材
12622,第一天,DROP,,,不属于指南允许的基础原生食材类别
12623,果膏,DROP,,,不属于指南允许的基础原生食材类别
12624,椰子粉椰子粉,REVIEW,,,可能是原生食材，但频次、命名或类别证据不足
12625,慕斯蛋黄,DROP,,,成品、半成品或加工食品
12626,面包团,DROP,,,烘焙或乳制加工食品
12627,玫瑰花馒头,DROP,,,调味料不进入基础原生食材表
12628,葱姜各,REVIEW,,,可能是原生食材，但频次、命名或类别证据不足
12629,备干辣椒,DROP,,,调味料不进入基础原生食材表
12630,多辣椒,REVIEW,,,可能是原生食材，但频次、命名或类别证据不足
12631,湾仔码头水晶汤圆,DROP,,,不属于指南允许的基础原生食材类别
12632,西兰花蔬菜,REVIEW,,,可能是原生食材，但频次、命名或类别证据不足
12633,米豆浆,DROP,,,成品、半成品或加工食品
12634,增稠,DROP,,,不属于指南允许的基础原生食材类别
12635,调味类,DROP,,,不属于指南允许的基础原生食材类别
12636,欢马苏里拉芝士碎,DROP,,,烘焙或乳制加工食品
12637,蚝肉,REVIEW,,,可能是原生食材，但频次、命名或类别证据不足
12638,不要太大,DROP,,,不属于指南允许的基础原生食材类别
12639,板巧克力,DROP,,,烘焙或乳制加工食品
12640,客家米粉,DROP,,,成品、半成品或加工食品
12641,拿破仑粉,DROP,,,不属于指南允许的基础原生食材类别
12642,多些水,DROP,,,不属于指南允许的基础原生食材类别
12643,黃豆醬,REVIEW,,,可能是原生食材，但频次、命名或类别证据不足
12644,水果蛋糕,DROP,,,烘焙或乳制加工食品
12645,不要超过,DROP,,,不属于指南允许的基础原生食材类别
12646,骨汤拉面,REVIEW,,,可能是原生食材，但频次、命名或类别证据不足
12647,人鸡腿,REVIEW,,,可能是原生食材，但频次、命名或类别证据不足
12648,大香肠,DROP,,,加工肉制品
12649,配面粉,DROP,,,成品、半成品或加工食品
12650,虾丸鱼丸,DROP,,,成品、半成品或加工食品
12651,肉骨茶香料,DROP,,,不属于指南允许的基础原生食材类别
12652,五花三层,REVIEW,,,可能是原生食材，但频次、命名或类别证据不足
12653,其他菜类,REVIEW,,,可能是原生食材，但频次、命名或类别证据不足
12654,钱猪肉,REVIEW,,,可能是原生食材，但频次、命名或类别证据不足
12655,咖啡细粉,DROP,,,饮料、酒类或乳制品不属于本版核心原生食材
12656,多少鸡爪,DROP,,,数量或单位残留且无法可靠恢复原食材
12657,马肉,KEEP,562,马肉,符合基础原生食材定义
12658,家常豆腐,DROP,,,豆制品或淀粉制品（严格模式排除）
12659,粉番茄,REVIEW,,,可能是原生食材，但频次、命名或类别证据不足
12660,这样,DROP,,,不属于指南允许的基础原生食材类别
12661,汕头手打牛肉丸,DROP,,,成品、半成品或加工食品
12662,蚝士,DROP,,,不属于指南允许的基础原生食材类别
12663,斜切片,REVIEW,,,形态描述存在，但原始食材无法确定
12664,瑞士卷,DROP,,,不属于指南允许的基础原生食材类别
12665,白条鱼,KEEP,572,白条鱼,符合基础原生食材定义
12666,藜麦糙米饭,DROP,,,成品、半成品或加工食品
12667,速溶咖啡咖啡,DROP,,,饮料、酒类或乳制品不属于本版核心原生食材
12668,大猪肉末,REVIEW,,,形态描述存在，但原始食材无法确定
12669,烧鸡公料,REVIEW,,,可能是原生食材，但频次、命名或类别证据不足
12670,蜜枣粽子,DROP,,,不属于指南允许的基础原生食材类别
12671,帮白菜,REVIEW,,,可能是原生食材，但频次、命名或类别证据不足
12672,一次性塑料杯,DROP,,,不属于指南允许的基础原生食材类别
12673,寒天晶球,DROP,,,不属于指南允许的基础原生食材类别
12674,头冬笋,REVIEW,,,可能是原生食材，但频次、命名或类别证据不足
12675,东北干蘑菇,REVIEW,,,可能是原生食材，但频次、命名或类别证据不足
12676,自行调节牛奶,DROP,,,饮料、酒类或乳制品不属于本版核心原生食材
12677,土猪五花肉,REVIEW,,,可能是原生食材，但频次、命名或类别证据不足
12678,榆钱儿,DROP,,,不属于指南允许的基础原生食材类别
12679,油粘米,REVIEW,,,可能是原生食材，但频次、命名或类别证据不足
12680,太妃炼奶,DROP,,,饮料、酒类或乳制品不属于本版核心原生食材
12681,香芋头,REVIEW,,,可能是原生食材，但频次、命名或类别证据不足
12682,带肉排骨,REVIEW,,,可能是原生食材，但频次、命名或类别证据不足
12683,笋条,REVIEW,,,可能是原生食材，但频次、命名或类别证据不足
12684,绿菜叶,REVIEW,,,可能是原生食材，但频次、命名或类别证据不足
12685,猪肉绞碎,REVIEW,,,形态描述存在，但原始食材无法确定
12686,香菜末葱末,REVIEW,,,形态描述存在，但原始食材无法确定
12687,云南酸腌菜,REVIEW,,,可能是原生食材，但频次、命名或类别证据不足
12688,虾肉干,DROP,,,加工肉制品
12689,皮橙皮,DROP,,,不属于指南允许的基础原生食材类别
12690,大蒜蒜,REVIEW,,,可能是原生食材，但频次、命名或类别证据不足
12691,珍珠米饭,DROP,,,成品、半成品或加工食品
12692,可面条,DROP,,,成品、半成品或加工食品
12693,米饭量米,DROP,,,成品、半成品或加工食品
12694,健康饮食,DROP,,,不属于指南允许的基础原生食材类别
12695,杏仁蛋糕,DROP,,,烘焙或乳制加工食品
12696,包菜包菜,REVIEW,,,可能是原生食材，但频次、命名或类别证据不足
12697,多年糕,DROP,,,成品、半成品或加工食品
12698,饼干磨具,DROP,,,烘焙或乳制加工食品
12699,新鲜蛋黄,MERGE,72,蛋黄,去除确定的鲜冻/去皮去骨描述
12700,自定意大利面,DROP,,,成品、半成品或加工食品
12701,黑猪肉糜,REVIEW,,,可能是原生食材，但频次、命名或类别证据不足
12702,韭菜鸡蛋,REVIEW,,,可能是原生食材，但频次、命名或类别证据不足
12703,豆漿,REVIEW,,,可能是原生食材，但频次、命名或类别证据不足
12704,口味可多加芝士,DROP,,,烘焙或乳制加工食品
12705,雞胸肉,REVIEW,,,可能是原生食材，但频次、命名或类别证据不足
12706,全麦酵头,REVIEW,,,可能是原生食材，但频次、命名或类别证据不足
12707,烧海苔,DROP,,,成品、半成品或加工食品
12708,豆腐内脂豆腐,DROP,,,豆制品或淀粉制品（严格模式排除）
12709,可更换,DROP,,,不属于指南允许的基础原生食材类别
12710,肉花肠,DROP,,,成品、半成品或加工食品
12711,多少银耳,DROP,,,数量或单位残留且无法可靠恢复原食材
12712,姜两片,REVIEW,,,形态描述存在，但原始食材无法确定
12713,其他颜色,DROP,,,不属于指南允许的基础原生食材类别
12714,味酸奶粉,DROP,,,烘焙或乳制加工食品
12715,包方便面,DROP,,,成品、半成品或加工食品
12716,带肥牛肉,REVIEW,,,可能是原生食材，但频次、命名或类别证据不足
12717,爱爱心,DROP,,,不属于指南允许的基础原生食材类别
12718,金针菇木耳,REVIEW,,,可能是原生食材，但频次、命名或类别证据不足
12719,豆沙奶油霜,DROP,,,烘焙或乳制加工食品
12720,野生三文鱼,REVIEW,,,可能是原生食材，但频次、命名或类别证据不足
12721,红肉椒,REVIEW,,,可能是原生食材，但频次、命名或类别证据不足
12722,山药馅,REVIEW,,,可能是原生食材，但频次、命名或类别证据不足
12723,格巧克力,DROP,,,烘焙或乳制加工食品
12724,鲜马苏里拉奶酪,DROP,,,烘焙或乳制加工食品
12725,脆皮火腿肠,DROP,,,加工肉制品
12726,小木瓜,REVIEW,,,可能是原生食材，但频次、命名或类别证据不足
12727,炸果仁,REVIEW,,,可能是原生食材，但频次、命名或类别证据不足
12728,熟五花肉,DROP,,,成品、半成品或加工食品
12729,水融化,DROP,,,不属于指南允许的基础原生食材类别
12730,了啤酒,DROP,,,调味料不进入基础原生食材表
12731,料干辣椒,DROP,,,调味料不进入基础原生食材表
12732,三文鱼边角料,REVIEW,,,可能是原生食材，但频次、命名或类别证据不足
12733,按自己口味加,DROP,,,不属于指南允许的基础原生食材类别
12734,沙茶包,DROP,,,不属于指南允许的基础原生食材类别
12735,法包,DROP,,,不属于指南允许的基础原生食材类别
12736,杂粮吐司,DROP,,,烘焙或乳制加工食品
12737,纯肉肠,DROP,,,成品、半成品或加工食品
12738,备凉开水,DROP,,,不属于指南允许的基础原生食材类别
12739,白茄子,REVIEW,,,可能是原生食材，但频次、命名或类别证据不足
12740,常香料,DROP,,,不属于指南允许的基础原生食材类别
12741,香肠切片,DROP,,,加工肉制品
12742,薄荷水,REVIEW,,,可能是原生食材，但频次、命名或类别证据不足
12743,纯肉香肠,DROP,,,加工肉制品
12744,冻南美白虾,REVIEW,,,可能是原生食材，但频次、命名或类别证据不足
12745,鲜菊花,DROP,,,不属于指南允许的基础原生食材类别
12746,后腿,DROP,,,不属于指南允许的基础原生食材类别
12747,混合蘑菇,REVIEW,,,可能是原生食材，但频次、命名或类别证据不足
12748,纯素,DROP,,,不属于指南允许的基础原生食材类别
12749,猪肉剁碎,REVIEW,,,形态描述存在，但原始食材无法确定
12750,奥利奥威化,DROP,,,不属于指南允许的基础原生食材类别
12751,装玉米粒,REVIEW,,,可能是原生食材，但频次、命名或类别证据不足
12752,通心意粉,DROP,,,不属于指南允许的基础原生食材类别
12753,精气神山黑猪肋排,REVIEW,,,可能是原生食材，但频次、命名或类别证据不足
12754,苹果薄片,REVIEW,,,形态描述存在，但原始食材无法确定
12755,意式,DROP,,,不属于指南允许的基础原生食材类别
12756,虾虾仁,REVIEW,,,可能是原生食材，但频次、命名或类别证据不足
12757,八分满水,DROP,,,不属于指南允许的基础原生食材类别
12758,蒜粒干辣椒,DROP,,,调味料不进入基础原生食材表
12759,可以木耳,REVIEW,,,可能是原生食材，但频次、命名或类别证据不足
12760,麦芯面粉,DROP,,,成品、半成品或加工食品
12761,泡白菜,REVIEW,,,可能是原生食材，但频次、命名或类别证据不足
12762,生可可豆,DROP,,,不属于指南允许的基础原生食材类别
12763,蓝莓干蔓越莓干,DROP,,,成品、半成品或加工食品
12764,克鸡肉,MERGE,24,鸡肉,去除确定的鲜冻/去皮去骨描述
12765,奶油奶酪软化,DROP,,,烘焙或乳制加工食品
12766,真心,DROP,,,不属于指南允许的基础原生食材类别
12767,银耳羹,REVIEW,,,可能是原生食材，但频次、命名或类别证据不足
12768,水果披萨,DROP,,,成品、半成品或加工食品
12769,龙蒿叶,DROP,,,不属于指南允许的基础原生食材类别
12770,鲜牛肝菌,MERGE,365,牛肝菌,去除确定的鲜冻/去皮去骨描述
12771,台肠,DROP,,,成品、半成品或加工食品
12772,吧虾,REVIEW,,,可能是原生食材，但频次、命名或类别证据不足
12773,名字,DROP,,,不属于指南允许的基础原生食材类别
12774,頭抽,DROP,,,不属于指南允许的基础原生食材类别
12775,海鲫鱼,KEEP,570,海鲫鱼,符合基础原生食材定义
12776,少耐高温巧克力豆,DROP,,,烘焙或乳制加工食品
12777,玉米沙拉,DROP,,,成品、半成品或加工食品
12778,特一粉,DROP,,,不属于指南允许的基础原生食材类别
12779,可多放,DROP,,,不属于指南允许的基础原生食材类别
12780,半肉末,REVIEW,,,形态描述存在，但原始食材无法确定
12781,盘量,DROP,,,不属于指南允许的基础原生食材类别
12782,脆瓜,REVIEW,,,可能是原生食材，但频次、命名或类别证据不足
12783,玉米粒甜玉米,REVIEW,,,可能是原生食材，但频次、命名或类别证据不足
12784,平勺低筋面粉,DROP,,,成品、半成品或加工食品
12785,建水豆腐,DROP,,,豆制品或淀粉制品（严格模式排除）
12786,绿小辣椒,REVIEW,,,可能是原生食材，但频次、命名或类别证据不足
12787,碎碎面,REVIEW,,,可能是原生食材，但频次、命名或类别证据不足
12788,陶瓷碗,DROP,,,不属于指南允许的基础原生食材类别
12789,碎木耳,REVIEW,,,可能是原生食材，但频次、命名或类别证据不足
12790,巧克力拉线膏,DROP,,,烘焙或乳制加工食品
12791,伯爵茶茶包,DROP,,,不属于指南允许的基础原生食材类别
12792,软欧包,DROP,,,不属于指南允许的基础原生食材类别
12793,巴拉巴拉,DROP,,,不属于指南允许的基础原生食材类别
12794,干二荆条,DROP,,,不属于指南允许的基础原生食材类别
12795,莳萝草,DROP,,,不属于指南允许的基础原生食材类别
12796,增加口感,DROP,,,不属于指南允许的基础原生食材类别
12797,半白米饭,DROP,,,成品、半成品或加工食品
12798,&小米辣,REVIEW,,,疑似多食材组合，但无法百分之百确认全部组成
12799,水仙芒芒果,REVIEW,,,可能是原生食材，但频次、命名或类别证据不足
12800,米饭大米,DROP,,,成品、半成品或加工食品
12801,菜洋葱半个,DROP,,,数量或单位残留且无法可靠恢复原食材
12802,原汁机一台,DROP,,,不属于指南允许的基础原生食材类别
12803,半鸡蛋液,REVIEW,,,可能是原生食材，但频次、命名或类别证据不足
12804,丝滑巧克力,DROP,,,烘焙或乳制加工食品
12805,白斩鸡,REVIEW,,,可能是原生食材，但频次、命名或类别证据不足
12806,布朗尼预拌粉,DROP,,,不属于指南允许的基础原生食材类别
12807,厚土司,DROP,,,不属于指南允许的基础原生食材类别
12808,乐事大波浪薯片,REVIEW,,,形态描述存在，但原始食材无法确定
12809,各式各样,DROP,,,不属于指南允许的基础原生食材类别
12810,灯笼红椒,REVIEW,,,可能是原生食材，但频次、命名或类别证据不足
12811,精米,REVIEW,,,可能是原生食材，但频次、命名或类别证据不足
12812,蒜蓉粉丝扇贝,DROP,,,豆制品或淀粉制品（严格模式排除）
12813,定玉米,REVIEW,,,可能是原生食材，但频次、命名或类别证据不足
12814,代可可脂巧克力,DROP,,,烘焙或乳制加工食品
12815,什么就做什么,DROP,,,不属于指南允许的基础原生食材类别
12816,柴魚,DROP,,,不属于指南允许的基础原生食材类别
12817,佛卡夏面包,DROP,,,烘焙或乳制加工食品
12818,淡奶油抹面,DROP,,,烘焙或乳制加工食品
12819,多菠菜,REVIEW,,,可能是原生食材，但频次、命名或类别证据不足
12820,调色粉,DROP,,,不属于指南允许的基础原生食材类别
12821,古龙午餐肉,DROP,,,加工肉制品
12822,主体食材,DROP,,,不属于指南允许的基础原生食材类别
12823,可可薄脆片,REVIEW,,,形态描述存在，但原始食材无法确定
12824,原料,DROP,,,不属于指南允许的基础原生食材类别
12825,红高粱,REVIEW,,,可能是原生食材，但频次、命名或类别证据不足
12826,生肉,REVIEW,,,可能是原生食材，但频次、命名或类别证据不足
12827,口味熟白芝麻,DROP,,,成品、半成品或加工食品
12828,现磨咖啡,DROP,,,饮料、酒类或乳制品不属于本版核心原生食材
12829,果酱内陷,DROP,,,成品、半成品或加工食品
12830,菜叶卷心菜,REVIEW,,,可能是原生食材，但频次、命名或类别证据不足
12831,一会儿,DROP,,,不属于指南允许的基础原生食材类别
12832,多少芋头,DROP,,,数量或单位残留且无法可靠恢复原食材
12833,羊肠子,REVIEW,,,可能是原生食材，但频次、命名或类别证据不足
12834,过栗子即可水,REVIEW,,,可能是原生食材，但频次、命名或类别证据不足
12835,季新鲜食材,DROP,,,不属于指南允许的基础原生食材类别
12836,彩色小番茄,REVIEW,,,可能是原生食材，但频次、命名或类别证据不足
12837,蛋蛋,REVIEW,,,可能是原生食材，但频次、命名或类别证据不足
12838,真爱,DROP,,,不属于指南允许的基础原生食材类别
12839,草莓蛋白粉,REVIEW,,,可能是原生食材，但频次、命名或类别证据不足
12840,梳打粉,DROP,,,不属于指南允许的基础原生食材类别
12841,朗姆预调酒,DROP,,,调味料不进入基础原生食材表
12842,西芹胡萝卜,REVIEW,,,可能是原生食材，但频次、命名或类别证据不足
12843,菜了,REVIEW,,,可能是原生食材，但频次、命名或类别证据不足
12844,酌量白芝麻,REVIEW,,,可能是原生食材，但频次、命名或类别证据不足
12845,子猪肉,REVIEW,,,可能是原生食材，但频次、命名或类别证据不足
12846,脆脆肠,DROP,,,成品、半成品或加工食品
12847,豆乳卡仕达,DROP,,,成品、半成品或加工食品
12848,可可饼干,DROP,,,烘焙或乳制加工食品
12849,玫瑰红葡萄干,DROP,,,调味料不进入基础原生食材表
12850,白巧克力慕斯层,DROP,,,烘焙或乳制加工食品
12851,肉最好,REVIEW,,,可能是原生食材，但频次、命名或类别证据不足
12852,是一样,DROP,,,不属于指南允许的基础原生食材类别
12853,山楂肉,REVIEW,,,可能是原生食材，但频次、命名或类别证据不足
12854,你爱,DROP,,,不属于指南允许的基础原生食材类别
12855,随心放,DROP,,,不属于指南允许的基础原生食材类别
12856,玫瑰干花瓣,DROP,,,调味料不进入基础原生食材表
12857,没称重,DROP,,,不属于指南允许的基础原生食材类别
12858,巧克力味蛋白粉,DROP,,,烘焙或乳制加工食品
12859,椰子碎,MERGE,170,椰子,去除切片/切块/切丁等形态描述
12860,莓子,DROP,,,不属于指南允许的基础原生食材类别
12861,多少三文鱼,DROP,,,数量或单位残留且无法可靠恢复原食材
12862,没具体量,DROP,,,不属于指南允许的基础原生食材类别
12863,饼条,DROP,,,不属于指南允许的基础原生食材类别
12864,玉米壳,REVIEW,,,可能是原生食材，但频次、命名或类别证据不足
12865,黃豆,REVIEW,,,可能是原生食材，但频次、命名或类别证据不足
12866,一半冬瓜,REVIEW,,,可能是原生食材，但频次、命名或类别证据不足
12867,洋葱小葱,REVIEW,,,可能是原生食材，但频次、命名或类别证据不足
12868,头蒜瓣,REVIEW,,,形态描述存在，但原始食材无法确定
12869,果渣,DROP,,,不属于指南允许的基础原生食材类别
12870,黑皮鸡枞菌,DROP,,,不属于指南允许的基础原生食材类别
12871,碎罗勒叶,REVIEW,,,可能是原生食材，但频次、命名或类别证据不足
12872,即食蟹棒,DROP,,,成品、半成品或加工食品
12873,姜饼屋饼干,DROP,,,烘焙或乳制加工食品
12874,三文治面包,DROP,,,烘焙或乳制加工食品
12875,展艺,DROP,,,不属于指南允许的基础原生食材类别
12876,勾芡水,DROP,,,不属于指南允许的基础原生食材类别
12877,炸好花生米,DROP,,,工具、包装或操作说明
12878,雀巢速溶咖啡,DROP,,,饮料、酒类或乳制品不属于本版核心原生食材
12879,多少芸豆,DROP,,,数量或单位残留且无法可靠恢复原食材
12880,算大米,REVIEW,,,可能是原生食材，但频次、命名或类别证据不足
12881,杏鲍菇一个,MERGE,83,杏鲍菇,修复数量/单位残留
12882,板栗水,REVIEW,,,可能是原生食材，但频次、命名或类别证据不足
12883,树莓蓝莓,REVIEW,,,可能是原生食材，但频次、命名或类别证据不足
12884,部分&,REVIEW,,,疑似多食材组合，但无法百分之百确认全部组成
12885,潮汕萝卜干,DROP,,,成品、半成品或加工食品
12886,枫叶,DROP,,,不属于指南允许的基础原生食材类别
12887,油一小碗,DROP,,,不属于指南允许的基础原生食材类别
12888,鱼肉罐头,DROP,,,成品、半成品或加工食品
12889,米霖,REVIEW,,,可能是原生食材，但频次、命名或类别证据不足
12890,纯咖啡,DROP,,,饮料、酒类或乳制品不属于本版核心原生食材
12891,细绳子,DROP,,,不属于指南允许的基础原生食材类别
12892,想法,DROP,,,不属于指南允许的基础原生食材类别
12893,水果果泥,DROP,,,不属于指南允许的基础原生食材类别
12894,西兰花茎,REVIEW,,,可能是原生食材，但频次、命名或类别证据不足
12895,色饺皮,DROP,,,不属于指南允许的基础原生食材类别
12896,鲜蓝莓,MERGE,55,蓝莓,去除确定的鲜冻/去皮去骨描述
12897,口味饼干,DROP,,,烘焙或乳制加工食品
12898,鸡蛋总重,REVIEW,,,可能是原生食材，但频次、命名或类别证据不足
12899,免煮燕麦片,REVIEW,,,形态描述存在，但原始食材无法确定
12900,肉末猪肉,REVIEW,,,可能是原生食材，但频次、命名或类别证据不足
12901,麦豆,REVIEW,,,可能是原生食材，但频次、命名或类别证据不足
12902,就好芝士,DROP,,,烘焙或乳制加工食品
12903,卤猪耳朵,REVIEW,,,可能是原生食材，但频次、命名或类别证据不足
12904,精猪肉,REVIEW,,,可能是原生食材，但频次、命名或类别证据不足
12905,四段,REVIEW,,,形态描述存在，但原始食材无法确定
12906,斤小龙虾,REVIEW,,,可能是原生食材，但频次、命名或类别证据不足
12907,碟面粉,DROP,,,成品、半成品或加工食品
12908,按自己口味调,DROP,,,不属于指南允许的基础原生食材类别
12909,一球香草冰淇淋,DROP,,,成品、半成品或加工食品
12910,蔓越莓干葡萄干,DROP,,,成品、半成品或加工食品
12911,差异,DROP,,,不属于指南允许的基础原生食材类别
12912,食材准备,DROP,,,不属于指南允许的基础原生食材类别
12913,克薏米,MERGE,128,薏米,去除确定的鲜冻/去皮去骨描述
12914,薄荷冰块,REVIEW,,,形态描述存在，但原始食材无法确定
12915,桑葚粉,REVIEW,,,可能是原生食材，但频次、命名或类别证据不足
12916,黑橄榄切片,REVIEW,,,形态描述存在，但原始食材无法确定
12917,库利,DROP,,,不属于指南允许的基础原生食材类别
12918,酸奶淋面,DROP,,,饮料、酒类或乳制品不属于本版核心原生食材
12919,辣椒麻椒,DROP,,,调味料不进入基础原生食材表
12920,天妇罗炸粉,DROP,,,不属于指南允许的基础原生食材类别
12921,各种香肠,DROP,,,加工肉制品
12922,微打散鸡蛋,REVIEW,,,可能是原生食材，但频次、命名或类别证据不足
12923,带肥肉猪肉,REVIEW,,,可能是原生食材，但频次、命名或类别证据不足
12924,烙印,DROP,,,不属于指南允许的基础原生食材类别
12925,裹面,REVIEW,,,可能是原生食材，但频次、命名或类别证据不足
12926,竹篮,DROP,,,不属于指南允许的基础原生食材类别
12927,沙地红薯,REVIEW,,,可能是原生食材，但频次、命名或类别证据不足
12928,儿蒜苗,REVIEW,,,可能是原生食材，但频次、命名或类别证据不足
12929,咸蛋黄肉松,DROP,,,加工肉制品
12930,鸡腿肉鸡,REVIEW,,,可能是原生食材，但频次、命名或类别证据不足
12931,蛋量鸡蛋清,REVIEW,,,可能是原生食材，但频次、命名或类别证据不足
12932,苦荞,DROP,,,不属于指南允许的基础原生食材类别
12933,脆香米,REVIEW,,,可能是原生食材，但频次、命名或类别证据不足
12934,几片五花肉,DROP,,,数量或单位残留且无法可靠恢复原食材
12935,粉条馅,DROP,,,豆制品或淀粉制品（严格模式排除）
12936,香辣干碟,DROP,,,不属于指南允许的基础原生食材类别
12937,黄油室温,DROP,,,烘焙或乳制加工食品
12938,大葱切段,REVIEW,,,形态描述存在，但原始食材无法确定
12939,金骏眉,DROP,,,不属于指南允许的基础原生食材类别
12940,口味饺子馅,DROP,,,成品、半成品或加工食品
12941,蒜末洋葱末,REVIEW,,,形态描述存在，但原始食材无法确定
12942,铜锣烧,DROP,,,不属于指南允许的基础原生食材类别
12943,绿椒圈,REVIEW,,,可能是原生食材，但频次、命名或类别证据不足
12944,花蕾,DROP,,,不属于指南允许的基础原生食材类别
12945,白洋葱丝,REVIEW,,,形态描述存在，但原始食材无法确定
12946,螺丝意大利面,DROP,,,成品、半成品或加工食品
12947,吧挂面,REVIEW,,,可能是原生食材，但频次、命名或类别证据不足
12948,纯可可脂黑巧克力,DROP,,,烘焙或乳制加工食品
12949,泡发花胶,DROP,,,不属于指南允许的基础原生食材类别
12950,红膏梭子蟹,REVIEW,,,可能是原生食材，但频次、命名或类别证据不足
12951,大果粒酸奶,DROP,,,饮料、酒类或乳制品不属于本版核心原生食材
12952,碎饼干,DROP,,,烘焙或乳制加工食品
12953,胖鱼头,REVIEW,,,可能是原生食材，但频次、命名或类别证据不足
12954,尖椒青椒,REVIEW,,,可能是原生食材，但频次、命名或类别证据不足
12955,猪瘦肉丝,REVIEW,,,形态描述存在，但原始食材无法确定
12956,糕点粉,DROP,,,不属于指南允许的基础原生食材类别
12957,鸡肉午餐肉,DROP,,,加工肉制品
12958,红辣椒切圈,REVIEW,,,可能是原生食材，但频次、命名或类别证据不足
12959,去瓤,DROP,,,不属于指南允许的基础原生食材类别
12960,薄薄一层,DROP,,,不属于指南允许的基础原生食材类别
12961,其他菌类,REVIEW,,,可能是原生食材，但频次、命名或类别证据不足
12962,小海带,REVIEW,,,可能是原生食材，但频次、命名或类别证据不足
12963,茶品质标示柚子茶,DROP,,,饮料、酒类或乳制品不属于本版核心原生食材
12964,部分温水,DROP,,,不属于指南允许的基础原生食材类别
12965,爆鱼,REVIEW,,,可能是原生食材，但频次、命名或类别证据不足
12966,机燕麦片,REVIEW,,,形态描述存在，但原始食材无法确定
12967,碎黑巧克力,DROP,,,烘焙或乳制加工食品
12968,干大虾,REVIEW,,,可能是原生食材，但频次、命名或类别证据不足
12969,油白芝麻,REVIEW,,,可能是原生食材，但频次、命名或类别证据不足
12970,月子水,DROP,,,不属于指南允许的基础原生食材类别
12971,南瓜芋圆,DROP,,,成品、半成品或加工食品
12972,断胡萝卜,REVIEW,,,可能是原生食材，但频次、命名或类别证据不足
12973,原生燕麦,REVIEW,,,可能是原生食材，但频次、命名或类别证据不足
12974,里脊肉瘦肉,REVIEW,,,可能是原生食材，但频次、命名或类别证据不足
12975,生姜和大蒜,SPLIT,3|2,姜|蒜,分隔符明确连接多个独立基础食材；克数无法可靠分摊
12976,小卷,DROP,,,不属于指南允许的基础原生食材类别
12977,帕尔马芝士粉,DROP,,,烘焙或乳制加工食品
12978,平底盘,DROP,,,不属于指南允许的基础原生食材类别
12979,装乌冬面,REVIEW,,,可能是原生食材，但频次、命名或类别证据不足
12980,束金针菇,REVIEW,,,可能是原生食材，但频次、命名或类别证据不足
12981,金黄芝士粉,DROP,,,烘焙或乳制加工食品
12982,自己把握,DROP,,,不属于指南允许的基础原生食材类别
12983,碎面,REVIEW,,,可能是原生食材，但频次、命名或类别证据不足
12984,阿胶糕,DROP,,,不属于指南允许的基础原生食材类别
12985,长米,REVIEW,,,可能是原生食材，但频次、命名或类别证据不足
12986,了汤圆,DROP,,,不属于指南允许的基础原生食材类别
12987,巧克力卷,DROP,,,烘焙或乳制加工食品
12988,龙虾粉,REVIEW,,,可能是原生食材，但频次、命名或类别证据不足
12989,油渍番茄,REVIEW,,,可能是原生食材，但频次、命名或类别证据不足
12990,前槽肉,REVIEW,,,可能是原生食材，但频次、命名或类别证据不足
12991,想吃什么加什么,DROP,,,不属于指南允许的基础原生食材类别
12992,烘焙时间,DROP,,,不属于指南允许的基础原生食材类别
12993,米藜麦,REVIEW,,,可能是原生食材，但频次、命名或类别证据不足
12994,油酥原料,DROP,,,不属于指南允许的基础原生食材类别
12995,牛奶替代,DROP,,,饮料、酒类或乳制品不属于本版核心原生食材
12996,子红茶,DROP,,,饮料、酒类或乳制品不属于本版核心原生食材
12997,蕨菜粉,REVIEW,,,可能是原生食材，但频次、命名或类别证据不足
12998,芹菜蒜苗,REVIEW,,,可能是原生食材，但频次、命名或类别证据不足
12999,树莓干,DROP,,,不属于指南允许的基础原生食材类别
13000,碎西红柿,REVIEW,,,可能是原生食材，但频次、命名或类别证据不足
13001,心脆,DROP,,,不属于指南允许的基础原生食材类别
13002,涂表面鸡蛋液,REVIEW,,,可能是原生食材，但频次、命名或类别证据不足
13003,粉面,REVIEW,,,可能是原生食材，但频次、命名或类别证据不足
13004,清淡,DROP,,,不属于指南允许的基础原生食材类别
13005,川秀双歧杆菌,REVIEW,,,可能是原生食材，但频次、命名或类别证据不足
13006,熟黑米,DROP,,,成品、半成品或加工食品
13007,腊肉一块,DROP,,,加工肉制品
13008,螺旋椒,REVIEW,,,可能是原生食材，但频次、命名或类别证据不足
13009,巧克力糊,DROP,,,烘焙或乳制加工食品
13010,什么就放什么,DROP,,,不属于指南允许的基础原生食材类别
13011,香辣花生米,REVIEW,,,可能是原生食材，但频次、命名或类别证据不足
13012,面粉浆,DROP,,,成品、半成品或加工食品
13013,小豆腐,DROP,,,豆制品或淀粉制品（严格模式排除）
13014,再制奶酪,DROP,,,烘焙或乳制加工食品
13015,种口味冰淇淋,DROP,,,成品、半成品或加工食品
13016,多蒜末,REVIEW,,,形态描述存在，但原始食材无法确定
13017,辣面子,REVIEW,,,可能是原生食材，但频次、命名或类别证据不足
13018,酸梅膏,DROP,,,不属于指南允许的基础原生食材类别
13019,蒜蓉剁椒,DROP,,,成品、半成品或加工食品
13020,腊猪脚,REVIEW,,,可能是原生食材，但频次、命名或类别证据不足
13021,和核桃,REVIEW,,,疑似多食材组合，但无法百分之百确认全部组成
13022,嫩生菜,REVIEW,,,可能是原生食材，但频次、命名或类别证据不足
13023,食量龙须面,REVIEW,,,可能是原生食材，但频次、命名或类别证据不足
13024,咖啡渣,DROP,,,饮料、酒类或乳制品不属于本版核心原生食材
13025,多少芝麻菜,DROP,,,数量或单位残留且无法可靠恢复原食材
13026,干蔓越莓干,DROP,,,成品、半成品或加工食品
13027,珍珠果,DROP,,,不属于指南允许的基础原生食材类别
13028,辣白菜辛拉面,DROP,,,不属于指南允许的基础原生食材类别
13029,打碎机,DROP,,,不属于指南允许的基础原生食材类别
13030,油海绵蛋糕,DROP,,,烘焙或乳制加工食品
13031,蔬菜和水果,REVIEW,,,疑似多食材组合，但无法百分之百确认全部组成
13032,内心,DROP,,,不属于指南允许的基础原生食材类别
13033,喷水,DROP,,,不属于指南允许的基础原生食材类别
13034,小豆蔻,DROP,,,调味料不进入基础原生食材表
13035,想吃食材,DROP,,,不属于指南允许的基础原生食材类别
13036,干洋葱碎,REVIEW,,,形态描述存在，但原始食材无法确定
13037,蛋糕镜面,DROP,,,烘焙或乳制加工食品
13038,号鸡蛋蛋白,REVIEW,,,可能是原生食材，但频次、命名或类别证据不足
13039,多少个蘑菇,DROP,,,数量或单位残留且无法可靠恢复原食材
13040,熟冻龙虾,DROP,,,成品、半成品或加工食品
13041,夜开花,DROP,,,不属于指南允许的基础原生食材类别
13042,原制奶酪,DROP,,,烘焙或乳制加工食品
13043,都很好吃,DROP,,,不属于指南允许的基础原生食材类别
13044,阿萨姆奶茶,DROP,,,饮料、酒类或乳制品不属于本版核心原生食材
13045,色拉蔬菜,REVIEW,,,可能是原生食材，但频次、命名或类别证据不足
13046,容器一个,DROP,,,工具、包装或操作说明
13047,食面条,DROP,,,成品、半成品或加工食品
13048,少量多次加入,DROP,,,工具、包装或操作说明
13049,葱青,REVIEW,,,可能是原生食材，但频次、命名或类别证据不足
13050,婴儿酸奶,DROP,,,饮料、酒类或乳制品不属于本版核心原生食材
13051,其他芝士,DROP,,,烘焙或乳制加工食品
13052,泡上,DROP,,,不属于指南允许的基础原生食材类别
13053,全蛋面饼,REVIEW,,,可能是原生食材，但频次、命名或类别证据不足
13054,甜黄椒,REVIEW,,,可能是原生食材，但频次、命名或类别证据不足
13055,碎黑芝麻,REVIEW,,,可能是原生食材，但频次、命名或类别证据不足
13056,没放干辣椒,DROP,,,调味料不进入基础原生食材表
13057,一清水,DROP,,,不属于指南允许的基础原生食材类别
13058,儿干辣椒,DROP,,,调味料不进入基础原生食材表
13059,子红豆沙,DROP,,,成品、半成品或加工食品
13060,纯牛肉,REVIEW,,,可能是原生食材，但频次、命名或类别证据不足
13061,鸡蛋加纯牛奶,DROP,,,饮料、酒类或乳制品不属于本版核心原生食材
13062,糯米老酒,DROP,,,调味料不进入基础原生食材表
13063,刮板,DROP,,,不属于指南允许的基础原生食材类别
13064,艾根,DROP,,,不属于指南允许的基础原生食材类别
13065,青柠檬屑,REVIEW,,,可能是原生食材，但频次、命名或类别证据不足
13066,广口瓶,DROP,,,不属于指南允许的基础原生食材类别
13067,降温,DROP,,,不属于指南允许的基础原生食材类别
13068,抓白芝麻,REVIEW,,,可能是原生食材，但频次、命名或类别证据不足
13069,小香,DROP,,,不属于指南允许的基础原生食材类别
13070,料一样,DROP,,,不属于指南允许的基础原生食材类别
13071,蛋卷机,REVIEW,,,可能是原生食材，但频次、命名或类别证据不足
13072,车前子粉,DROP,,,不属于指南允许的基础原生食材类别
13073,多张饺子皮,DROP,,,成品、半成品或加工食品
13074,西红柿块,MERGE,14,番茄,去除切片/切块/切丁等形态描述
13075,蔓越莓乳酪馅,REVIEW,,,可能是原生食材，但频次、命名或类别证据不足
13076,糯米锅巴,REVIEW,,,可能是原生食材，但频次、命名或类别证据不足
13077,西葫芦切丝,REVIEW,,,形态描述存在，但原始食材无法确定
13078,天然可可粉,DROP,,,成品、半成品或加工食品
13079,纯奶牛奶,DROP,,,饮料、酒类或乳制品不属于本版核心原生食材
13080,牌红茶包,DROP,,,不属于指南允许的基础原生食材类别
13081,斟酌干辣椒,DROP,,,调味料不进入基础原生食材表
13082,和羊肉,REVIEW,,,疑似多食材组合，但无法百分之百确认全部组成
13083,古田鲜银耳,REVIEW,,,可能是原生食材，但频次、命名或类别证据不足
13084,两段,REVIEW,,,形态描述存在，但原始食材无法确定
13085,子绿豆,REVIEW,,,可能是原生食材，但频次、命名或类别证据不足
13086,脆桃子,REVIEW,,,可能是原生食材，但频次、命名或类别证据不足
13087,港式腊肠,DROP,,,成品、半成品或加工食品
13088,蛇牙糯米,REVIEW,,,可能是原生食材，但频次、命名或类别证据不足
13089,什么各种蔬菜,REVIEW,,,可能是原生食材，但频次、命名或类别证据不足
13090,玛丽亚消化饼干,DROP,,,烘焙或乳制加工食品
13091,辣椒蘸水,REVIEW,,,可能是原生食材，但频次、命名或类别证据不足
13092,肉类食材,REVIEW,,,可能是原生食材，但频次、命名或类别证据不足
13093,湘菜,REVIEW,,,可能是原生食材，但频次、命名或类别证据不足
13094,冬菇水,REVIEW,,,可能是原生食材，但频次、命名或类别证据不足
13095,怡宝纯净水,DROP,,,不属于指南允许的基础原生食材类别
13096,独瓣蒜,REVIEW,,,可能是原生食材，但频次、命名或类别证据不足
13097,淡奶油里,DROP,,,烘焙或乳制加工食品
13098,粉丝馅,DROP,,,豆制品或淀粉制品（严格模式排除）
13099,果粒麦片,REVIEW,,,形态描述存在，但原始食材无法确定
13100,后切碎木耳,DROP,,,工具、包装或操作说明
13101,半肉糜,REVIEW,,,可能是原生食材，但频次、命名或类别证据不足
13102,五彩果蔬面,REVIEW,,,可能是原生食材，但频次、命名或类别证据不足
13103,克抹茶粉,DROP,,,成品、半成品或加工食品
13104,奇亚籽布丁,DROP,,,成品、半成品或加工食品
13105,咖啡海绵蛋糕,DROP,,,烘焙或乳制加工食品
13106,奶酪夹层,DROP,,,烘焙或乳制加工食品
13107,芽笋,REVIEW,,,可能是原生食材，但频次、命名或类别证据不足
13108,咸苏打饼干,DROP,,,烘焙或乳制加工食品
13109,油〉,DROP,,,不属于指南允许的基础原生食材类别
13110,牌〉,DROP,,,不属于指南允许的基础原生食材类别
13111,炝锅葱,REVIEW,,,可能是原生食材，但频次、命名或类别证据不足
13112,虾皮紫菜,DROP,,,成品、半成品或加工食品
13113,食量米,REVIEW,,,可能是原生食材，但频次、命名或类别证据不足
13114,架子,DROP,,,不属于指南允许的基础原生食材类别
13115,月饼小麦粉,DROP,,,成品、半成品或加工食品
13116,玫瑰原浆,DROP,,,调味料不进入基础原生食材表
13117,小干鲍,REVIEW,,,可能是原生食材，但频次、命名或类别证据不足
13118,奶香,DROP,,,不属于指南允许的基础原生食材类别
13119,适中面粉,DROP,,,成品、半成品或加工食品
13120,饭扫光,DROP,,,不属于指南允许的基础原生食材类别
13121,赤豆汤,REVIEW,,,可能是原生食材，但频次、命名或类别证据不足
13122,摩卡咖啡粉,DROP,,,饮料、酒类或乳制品不属于本版核心原生食材
13123,海南黄灯笼椒,REVIEW,,,可能是原生食材，但频次、命名或类别证据不足
13124,面工具,REVIEW,,,可能是原生食材，但频次、命名或类别证据不足
13125,芒果酸奶,DROP,,,饮料、酒类或乳制品不属于本版核心原生食材
13126,一人量,DROP,,,不属于指南允许的基础原生食材类别
13127,玉冰烧,DROP,,,不属于指南允许的基础原生食材类别
13128,油渣子,DROP,,,不属于指南允许的基础原生食材类别
13129,新鲜鸡肉,MERGE,24,鸡肉,去除确定的鲜冻/去皮去骨描述
13130,大鲫鱼,REVIEW,,,可能是原生食材，但频次、命名或类别证据不足
13131,惠宜高筋面粉,DROP,,,成品、半成品或加工食品
13132,跑步鸡,REVIEW,,,可能是原生食材，但频次、命名或类别证据不足
13133,麻辣活鱼,REVIEW,,,可能是原生食材，但频次、命名或类别证据不足
13134,普洱茶包,DROP,,,不属于指南允许的基础原生食材类别
13135,什么菇,REVIEW,,,可能是原生食材，但频次、命名或类别证据不足
13136,调味素,DROP,,,不属于指南允许的基础原生食材类别
13137,细那种,DROP,,,不属于指南允许的基础原生食材类别
13138,干果坚果,REVIEW,,,可能是原生食材，但频次、命名或类别证据不足
13139,金針菇,REVIEW,,,可能是原生食材，但频次、命名或类别证据不足
13140,饺子专麦芯粉,DROP,,,成品、半成品或加工食品
13141,必备工具,DROP,,,不属于指南允许的基础原生食材类别
13142,奶油内陷,DROP,,,烘焙或乳制加工食品
13143,榨汁和面,REVIEW,,,疑似多食材组合，但无法百分之百确认全部组成
13144,人吃辣程度干辣椒,DROP,,,调味料不进入基础原生食材表
13145,奶油量,DROP,,,烘焙或乳制加工食品
13146,红豆牛奶,DROP,,,饮料、酒类或乳制品不属于本版核心原生食材
13147,炸一下,DROP,,,不属于指南允许的基础原生食材类别
13148,熟白果,DROP,,,成品、半成品或加工食品
13149,大小香菇,REVIEW,,,可能是原生食材，但频次、命名或类别证据不足
13150,芝麻肉松,DROP,,,加工肉制品
13151,层料,DROP,,,不属于指南允许的基础原生食材类别
13152,美素佳儿金装奶粉,DROP,,,烘焙或乳制加工食品
13153,黑芝麻各,REVIEW,,,可能是原生食材，但频次、命名或类别证据不足
13154,鸡蛋比较大,REVIEW,,,可能是原生食材，但频次、命名或类别证据不足
13155,蔬菜汤粉,REVIEW,,,可能是原生食材，但频次、命名或类别证据不足
13156,表面装饰料,DROP,,,工具、包装或操作说明
13157,煎饼果子量,DROP,,,不属于指南允许的基础原生食材类别
13158,挂耳,DROP,,,不属于指南允许的基础原生食材类别
13159,大福,DROP,,,不属于指南允许的基础原生食材类别
13160,对半切,DROP,,,不属于指南允许的基础原生食材类别
13161,泡开香菇,REVIEW,,,可能是原生食材，但频次、命名或类别证据不足
13162,冻玉米豌豆,REVIEW,,,可能是原生食材，但频次、命名或类别证据不足
13163,巧克力插件,DROP,,,烘焙或乳制加工食品
13164,老坛泡菜水,DROP,,,成品、半成品或加工食品
13165,满马苏里拉芝士,DROP,,,烘焙或乳制加工食品
13166,茄子一个,MERGE,110,茄子,修复数量/单位残留
13167,干海藻,REVIEW,,,可能是原生食材，但频次、命名或类别证据不足
13168,干蛤蜊肉,REVIEW,,,可能是原生食材，但频次、命名或类别证据不足
13169,一半清水,DROP,,,不属于指南允许的基础原生食材类别
13170,豆腐香干,DROP,,,豆制品或淀粉制品（严格模式排除）
13171,香菜精,REVIEW,,,可能是原生食材，但频次、命名或类别证据不足
13172,鱼火锅料,REVIEW,,,可能是原生食材，但频次、命名或类别证据不足
13173,下辣椒,REVIEW,,,可能是原生食材，但频次、命名或类别证据不足
13174,日式炒面,REVIEW,,,可能是原生食材，但频次、命名或类别证据不足
13175,鱼肉丸,DROP,,,成品、半成品或加工食品
13176,生洋葱,REVIEW,,,可能是原生食材，但频次、命名或类别证据不足
13177,淡味虾皮,DROP,,,成品、半成品或加工食品
13178,香菜碎,MERGE,9,香菜,去除切片/切块/切丁等形态描述
13179,就可以香菜,REVIEW,,,可能是原生食材，但频次、命名或类别证据不足
13180,克冷开水,DROP,,,不属于指南允许的基础原生食材类别
13181,调水,DROP,,,不属于指南允许的基础原生食材类别
13182,炸物,DROP,,,不属于指南允许的基础原生食材类别
13183,手边食材,DROP,,,不属于指南允许的基础原生食材类别
13184,鳝片,REVIEW,,,形态描述存在，但原始食材无法确定
13185,自封袋,DROP,,,不属于指南允许的基础原生食材类别
13186,韩式海苔,DROP,,,成品、半成品或加工食品
13187,混合意式香料,DROP,,,不属于指南允许的基础原生食材类别
13188,味金枪鱼罐头,DROP,,,成品、半成品或加工食品
13189,〈去皮〉,DROP,,,不属于指南允许的基础原生食材类别
13190,细沙,DROP,,,不属于指南允许的基础原生食材类别
13191,节芹菜,REVIEW,,,可能是原生食材，但频次、命名或类别证据不足
13192,玉米量玉米粒,REVIEW,,,可能是原生食材，但频次、命名或类别证据不足
13193,球一个,DROP,,,数量或单位残留且无法可靠恢复原食材
13194,就够了鸡蛋,REVIEW,,,可能是原生食材，但频次、命名或类别证据不足
13195,现蔬菜,REVIEW,,,可能是原生食材，但频次、命名或类别证据不足
13196,裙带菜干,REVIEW,,,可能是原生食材，但频次、命名或类别证据不足
13197,增加香味,DROP,,,不属于指南允许的基础原生食材类别
13198,剩余米饭,DROP,,,成品、半成品或加工食品
13199,忘记了,DROP,,,不属于指南允许的基础原生食材类别
13200,大小姜姜,REVIEW,,,可能是原生食材，但频次、命名或类别证据不足
13201,薯粉水,REVIEW,,,可能是原生食材，但频次、命名或类别证据不足
13202,我也不知道,DROP,,,不属于指南允许的基础原生食材类别
13203,料低筋面粉,DROP,,,成品、半成品或加工食品
13204,胚子一个,DROP,,,数量或单位残留且无法可靠恢复原食材
13205,里食材,DROP,,,不属于指南允许的基础原生食材类别
13206,口味芝士粉,DROP,,,烘焙或乳制加工食品
13207,厚海带,REVIEW,,,可能是原生食材，但频次、命名或类别证据不足
13208,可食竹炭粉,DROP,,,不属于指南允许的基础原生食材类别
13209,山药胡萝卜,REVIEW,,,可能是原生食材，但频次、命名或类别证据不足
13210,姜蒜切末,REVIEW,,,形态描述存在，但原始食材无法确定
13211,磨坊匈牙利红椒粉,REVIEW,,,可能是原生食材，但频次、命名或类别证据不足
13212,散养老母鸡,REVIEW,,,可能是原生食材，但频次、命名或类别证据不足
13213,芝麻香菜,REVIEW,,,可能是原生食材，但频次、命名或类别证据不足
13214,泡沫,DROP,,,不属于指南允许的基础原生食材类别
13215,长粒香米饭,DROP,,,成品、半成品或加工食品
13216,灭菌蛋黄,REVIEW,,,可能是原生食材，但频次、命名或类别证据不足
13217,鲜香草,REVIEW,,,可能是原生食材，但频次、命名或类别证据不足
13218,松茸骨汤,REVIEW,,,可能是原生食材，但频次、命名或类别证据不足
13219,西班牙辣肠,DROP,,,成品、半成品或加工食品
13220,核桃腰果,REVIEW,,,可能是原生食材，但频次、命名或类别证据不足
13221,色青红辣椒,REVIEW,,,可能是原生食材，但频次、命名或类别证据不足
13222,灌肠工具,DROP,,,不属于指南允许的基础原生食材类别
13223,心态,DROP,,,不属于指南允许的基础原生食材类别
13224,柚子皮柚子,DROP,,,不属于指南允许的基础原生食材类别
13225,锅里,DROP,,,不属于指南允许的基础原生食材类别
13226,燕麦麦麸,REVIEW,,,可能是原生食材，但频次、命名或类别证据不足
13227,鸡蛋液蛋液,REVIEW,,,可能是原生食材，但频次、命名或类别证据不足
13228,红衣花生仁,REVIEW,,,可能是原生食材，但频次、命名或类别证据不足
13229,五香牛肉,REVIEW,,,可能是原生食材，但频次、命名或类别证据不足
13230,胶囊咖啡,DROP,,,饮料、酒类或乳制品不属于本版核心原生食材
13231,药膳,DROP,,,不属于指南允许的基础原生食材类别
13232,对了,DROP,,,不属于指南允许的基础原生食材类别
13233,鳕鱼饼,DROP,,,成品、半成品或加工食品
13234,少葱叶,REVIEW,,,可能是原生食材，但频次、命名或类别证据不足
13235,皮筋,DROP,,,不属于指南允许的基础原生食材类别
13236,草莓味炼奶,DROP,,,饮料、酒类或乳制品不属于本版核心原生食材
13237,大鹅,REVIEW,,,可能是原生食材，但频次、命名或类别证据不足
13238,来鸡蛋,REVIEW,,,可能是原生食材，但频次、命名或类别证据不足
13239,色料,DROP,,,不属于指南允许的基础原生食材类别
13240,果香蕉,REVIEW,,,可能是原生食材，但频次、命名或类别证据不足
13241,菇杏鲍菇,REVIEW,,,可能是原生食材，但频次、命名或类别证据不足
13242,一段切末葱,REVIEW,,,可能是原生食材，但频次、命名或类别证据不足
13243,新鲜豌豆荚,REVIEW,,,可能是原生食材，但频次、命名或类别证据不足
13244,意大利直面,REVIEW,,,可能是原生食材，但频次、命名或类别证据不足
13245,蛋水,REVIEW,,,可能是原生食材，但频次、命名或类别证据不足
13246,湯匙番茄醬,REVIEW,,,可能是原生食材，但频次、命名或类别证据不足
13247,多点青椒,REVIEW,,,可能是原生食材，但频次、命名或类别证据不足
13248,棉签,DROP,,,不属于指南允许的基础原生食材类别
13249,牌全麦粉,REVIEW,,,可能是原生食材，但频次、命名或类别证据不足
13250,鸡翅料,REVIEW,,,可能是原生食材，但频次、命名或类别证据不足
13251,炒饭料,DROP,,,成品、半成品或加工食品
13252,生姜干辣椒,DROP,,,调味料不进入基础原生食材表
13253,其他爱吃蔬菜,REVIEW,,,可能是原生食材，但频次、命名或类别证据不足
13254,月饼模具一个,DROP,,,工具、包装或操作说明
13255,胡萝卜香菇,REVIEW,,,可能是原生食材，但频次、命名或类别证据不足
13256,细玉米面粉,DROP,,,成品、半成品或加工食品
13257,益生菌饮料,DROP,,,饮料、酒类或乳制品不属于本版核心原生食材
13258,锅铲味达美,DROP,,,不属于指南允许的基础原生食材类别
13259,鲜白果,MERGE,279,白果,去除确定的鲜冻/去皮去骨描述
13260,葱小米辣,REVIEW,,,可能是原生食材，但频次、命名或类别证据不足
13261,下面写,REVIEW,,,可能是原生食材，但频次、命名或类别证据不足
13262,决定水,DROP,,,不属于指南允许的基础原生食材类别
13263,核桃果仁,REVIEW,,,可能是原生食材，但频次、命名或类别证据不足
13264,海带汤,REVIEW,,,可能是原生食材，但频次、命名或类别证据不足
13265,腌黄萝卜,REVIEW,,,可能是原生食材，但频次、命名或类别证据不足
13266,两个蛋鸡蛋,DROP,,,数量或单位残留且无法可靠恢复原食材
13267,紫菜包饭,REVIEW,,,可能是原生食材，但频次、命名或类别证据不足
13268,多少熟米饭,DROP,,,成品、半成品或加工食品
13269,麻辣鱼料,REVIEW,,,可能是原生食材，但频次、命名或类别证据不足
13270,料〗,DROP,,,不属于指南允许的基础原生食材类别
13271,黄金奇异果,DROP,,,不属于指南允许的基础原生食材类别
13272,小核桃仁,REVIEW,,,可能是原生食材，但频次、命名或类别证据不足
13273,木耳干,REVIEW,,,可能是原生食材，但频次、命名或类别证据不足
13274,酸奶乳清,DROP,,,饮料、酒类或乳制品不属于本版核心原生食材
13275,枕头面包,DROP,,,烘焙或乳制加工食品
13276,豆粽,REVIEW,,,可能是原生食材，但频次、命名或类别证据不足
13277,意大利腊肠,DROP,,,成品、半成品或加工食品
13278,米组合,REVIEW,,,可能是原生食材，但频次、命名或类别证据不足
13279,青砖茶,DROP,,,饮料、酒类或乳制品不属于本版核心原生食材
13280,张越南米纸,REVIEW,,,可能是原生食材，但频次、命名或类别证据不足
13281,酱罐头,DROP,,,成品、半成品或加工食品
13282,鸡肉火腿,DROP,,,加工肉制品
13283,奥尔良烤鸡肉,DROP,,,成品、半成品或加工食品
13284,肥猪肉糜,REVIEW,,,可能是原生食材，但频次、命名或类别证据不足
13285,风味奶酪,DROP,,,烘焙或乳制加工食品
13286,薯圆木薯粉,REVIEW,,,可能是原生食材，但频次、命名或类别证据不足
13287,多少豆皮,DROP,,,豆制品或淀粉制品（严格模式排除）
13288,香菇干香菇,REVIEW,,,可能是原生食材，但频次、命名或类别证据不足
13289,香草萃取,REVIEW,,,可能是原生食材，但频次、命名或类别证据不足
13290,各类香料,DROP,,,不属于指南允许的基础原生食材类别
13291,红豆奶,DROP,,,成品、半成品或加工食品
13292,面包底,DROP,,,烘焙或乳制加工食品
13293,菜紫甘蓝,REVIEW,,,可能是原生食材，但频次、命名或类别证据不足
13294,三花奶,DROP,,,饮料、酒类或乳制品不属于本版核心原生食材
13295,配菜食材,REVIEW,,,可能是原生食材，但频次、命名或类别证据不足
13296,多少米线,DROP,,,成品、半成品或加工食品
13297,没过食材清水,DROP,,,不属于指南允许的基础原生食材类别
13298,一半大米,REVIEW,,,可能是原生食材，但频次、命名或类别证据不足
13299,吧炼乳,DROP,,,烘焙或乳制加工食品
13300,来上色,DROP,,,不属于指南允许的基础原生食材类别
13301,巧克力皮,DROP,,,烘焙或乳制加工食品
13302,大小鸡肉,REVIEW,,,可能是原生食材，但频次、命名或类别证据不足
13303,烟熏红肠,DROP,,,成品、半成品或加工食品
13304,鲜肉香肠,DROP,,,加工肉制品
13305,其他荤菜,REVIEW,,,可能是原生食材，但频次、命名或类别证据不足
13306,川宁伯爵红茶包,DROP,,,不属于指南允许的基础原生食材类别
13307,上水,DROP,,,不属于指南允许的基础原生食材类别
13308,酥皮低筋面粉,DROP,,,成品、半成品或加工食品
13309,几个番茄,MERGE,14,番茄,修复数量/单位残留
13310,几个蘑菇,DROP,,,数量或单位残留且无法可靠恢复原食材
13311,束芹菜,REVIEW,,,可能是原生食材，但频次、命名或类别证据不足
13312,各紫薯,REVIEW,,,可能是原生食材，但频次、命名或类别证据不足
13313,成泥胡萝卜,REVIEW,,,可能是原生食材，但频次、命名或类别证据不足
13314,十色蔬菜粉,REVIEW,,,可能是原生食材，但频次、命名或类别证据不足
13315,绿色小米辣,REVIEW,,,可能是原生食材，但频次、命名或类别证据不足
13316,白葱头,REVIEW,,,可能是原生食材，但频次、命名或类别证据不足
13317,玉米排骨汤,REVIEW,,,可能是原生食材，但频次、命名或类别证据不足
13318,没白芝麻,REVIEW,,,可能是原生食材，但频次、命名或类别证据不足
13319,味全乳酸菌,DROP,,,成品、半成品或加工食品
13320,表层涂抹,DROP,,,工具、包装或操作说明
13321,硬吸管,DROP,,,工具、包装或操作说明
13322,椒辅料,REVIEW,,,可能是原生食材，但频次、命名或类别证据不足
13323,多冰块,REVIEW,,,形态描述存在，但原始食材无法确定
13324,淡水虾皮,DROP,,,成品、半成品或加工食品
13325,尝咸淡,DROP,,,不属于指南允许的基础原生食材类别
13326,巧克力纽扣,DROP,,,烘焙或乳制加工食品
13327,米少一半糯米,REVIEW,,,可能是原生食材，但频次、命名或类别证据不足
13328,之心,DROP,,,不属于指南允许的基础原生食材类别
13329,螺蛳粉一包,REVIEW,,,可能是原生食材，但频次、命名或类别证据不足
13330,沙棘果,DROP,,,不属于指南允许的基础原生食材类别
13331,猪肉五花,REVIEW,,,可能是原生食材，但频次、命名或类别证据不足
13332,戚风胚子,DROP,,,不属于指南允许的基础原生食材类别
13333,鲜红小米椒,REVIEW,,,可能是原生食材，但频次、命名或类别证据不足
13334,机牛肉,REVIEW,,,可能是原生食材，但频次、命名或类别证据不足
13335,笔记,DROP,,,不属于指南允许的基础原生食材类别
13336,鹰嘴豆皮,DROP,,,豆制品或淀粉制品（严格模式排除）
13337,首选,DROP,,,不属于指南允许的基础原生食材类别
13338,松茸菇,REVIEW,,,可能是原生食材，但频次、命名或类别证据不足
13339,爱吃坚果,REVIEW,,,可能是原生食材，但频次、命名或类别证据不足
13340,意式特浓咖啡,DROP,,,饮料、酒类或乳制品不属于本版核心原生食材
13341,红萝卜一根,DROP,,,数量或单位残留且无法可靠恢复原食材
13342,分离乳清蛋白粉,REVIEW,,,可能是原生食材，但频次、命名或类别证据不足
13343,具体材料看过程,DROP,,,不属于指南允许的基础原生食材类别
13344,农家鸡,REVIEW,,,可能是原生食材，但频次、命名或类别证据不足
13345,子洋葱,REVIEW,,,可能是原生食材，但频次、命名或类别证据不足
13346,甜菊,DROP,,,不属于指南允许的基础原生食材类别
13347,贝类肉,REVIEW,,,可能是原生食材，但频次、命名或类别证据不足
13348,豆包,REVIEW,,,可能是原生食材，但频次、命名或类别证据不足
13349,指椒,REVIEW,,,可能是原生食材，但频次、命名或类别证据不足
13350,花生牛奶,DROP,,,饮料、酒类或乳制品不属于本版核心原生食材
13351,冻干无花果,REVIEW,,,可能是原生食材，但频次、命名或类别证据不足
13352,泡软粉条,DROP,,,豆制品或淀粉制品（严格模式排除）
13353,手撕包菜,REVIEW,,,可能是原生食材，但频次、命名或类别证据不足
13354,&香菇,REVIEW,,,疑似多食材组合，但无法百分之百确认全部组成
13355,丝青椒丝,REVIEW,,,形态描述存在，但原始食材无法确定
13356,油方,DROP,,,不属于指南允许的基础原生食材类别
13357,意大利风味香辛料,DROP,,,不属于指南允许的基础原生食材类别
13358,日式荞麦面,REVIEW,,,可能是原生食材，但频次、命名或类别证据不足
13359,爱吃多少放多少,DROP,,,数量或单位残留且无法可靠恢复原食材
13360,两刀,DROP,,,不属于指南允许的基础原生食材类别
13361,倍甜,DROP,,,不属于指南允许的基础原生食材类别
13362,表面面粉,DROP,,,成品、半成品或加工食品
13363,鸡胸肉鸡腿,REVIEW,,,可能是原生食材，但频次、命名或类别证据不足
13364,自己掌握面粉,DROP,,,成品、半成品或加工食品
13365,心鱼丸,DROP,,,成品、半成品或加工食品
13366,肉带骨,REVIEW,,,可能是原生食材，但频次、命名或类别证据不足
13367,核桃花生馅,REVIEW,,,可能是原生食材，但频次、命名或类别证据不足
13368,野生银耳,REVIEW,,,可能是原生食材，但频次、命名或类别证据不足
13369,板栗番薯,REVIEW,,,可能是原生食材，但频次、命名或类别证据不足
13370,白黑芝麻,REVIEW,,,可能是原生食材，但频次、命名或类别证据不足
13371,碟花生,DROP,,,不属于指南允许的基础原生食材类别
13372,青椒和红辣椒,SPLIT,11|50,青椒|红辣椒,分隔符明确连接多个独立基础食材；克数无法可靠分摊
13373,老鸭汤,REVIEW,,,可能是原生食材，但频次、命名或类别证据不足
13374,椒生姜大蒜,REVIEW,,,可能是原生食材，但频次、命名或类别证据不足
13375,就行面条,DROP,,,成品、半成品或加工食品
13376,重油蛋糕,DROP,,,烘焙或乳制加工食品
13377,海鲜饭专米,REVIEW,,,可能是原生食材，但频次、命名或类别证据不足
13378,薄猪肉片,REVIEW,,,形态描述存在，但原始食材无法确定
13379,丸子鱼豆腐,DROP,,,豆制品或淀粉制品（严格模式排除）
13380,辣妹子辣椒,REVIEW,,,可能是原生食材，但频次、命名或类别证据不足
13381,达芝士碎,DROP,,,烘焙或乳制加工食品
13382,更好马苏里拉芝士,DROP,,,烘焙或乳制加工食品
13383,菜卷心菜,REVIEW,,,可能是原生食材，但频次、命名或类别证据不足
13384,椰蓉面包,DROP,,,烘焙或乳制加工食品
13385,全鱼,REVIEW,,,可能是原生食材，但频次、命名或类别证据不足
13386,矿泉水瓶盖,DROP,,,不属于指南允许的基础原生食材类别
13387,紫甘蓝生菜,REVIEW,,,可能是原生食材，但频次、命名或类别证据不足
13388,饼干量,DROP,,,烘焙或乳制加工食品
13389,黑麦面,REVIEW,,,可能是原生食材，但频次、命名或类别证据不足
13390,卷羊肉卷,REVIEW,,,可能是原生食材，但频次、命名或类别证据不足
13391,了红豆,REVIEW,,,可能是原生食材，但频次、命名或类别证据不足
13392,这俩,DROP,,,不属于指南允许的基础原生食材类别
13393,香锅豆腐,DROP,,,豆制品或淀粉制品（严格模式排除）
13394,咖啡包,DROP,,,饮料、酒类或乳制品不属于本版核心原生食材
13395,猪肉饺子,DROP,,,成品、半成品或加工食品
13396,黄粘米,REVIEW,,,可能是原生食材，但频次、命名或类别证据不足
13397,子甘纳许,DROP,,,不属于指南允许的基础原生食材类别
13398,玻璃密封容器,DROP,,,工具、包装或操作说明
13399,手掌大小鸡胸肉,REVIEW,,,可能是原生食材，但频次、命名或类别证据不足
13400,蜜桃乌龙,REVIEW,,,可能是原生食材，但频次、命名或类别证据不足
13401,金针菇香菇,REVIEW,,,可能是原生食材，但频次、命名或类别证据不足
13402,面黑芝麻,REVIEW,,,可能是原生食材，但频次、命名或类别证据不足
13403,巧克力甘纳许夹心,DROP,,,烘焙或乳制加工食品
13404,十来粒枸杞,REVIEW,,,可能是原生食材，但频次、命名或类别证据不足
13405,里料,DROP,,,不属于指南允许的基础原生食材类别
13406,超轻黏土,DROP,,,不属于指南允许的基础原生食材类别
13407,绍兴梅干菜,DROP,,,成品、半成品或加工食品
13408,嫩海带,REVIEW,,,可能是原生食材，但频次、命名或类别证据不足
13409,张干荷叶,DROP,,,调味料不进入基础原生食材表
13410,黄金双酪,DROP,,,不属于指南允许的基础原生食材类别
13411,多豆腐,DROP,,,豆制品或淀粉制品（严格模式排除）
13412,手粉糯米粉,DROP,,,成品、半成品或加工食品
13413,一支酸奶,DROP,,,饮料、酒类或乳制品不属于本版核心原生食材
13414,是戚风,DROP,,,不属于指南允许的基础原生食材类别
13415,可多可少毛豆,REVIEW,,,可能是原生食材，但频次、命名或类别证据不足
13416,腌酸菜,DROP,,,成品、半成品或加工食品
13417,泡辣椒泡姜,DROP,,,成品、半成品或加工食品
13418,吐司边角料,DROP,,,烘焙或乳制加工食品
13419,多少大白菜,DROP,,,数量或单位残留且无法可靠恢复原食材
13420,型燕麦片,REVIEW,,,形态描述存在，但原始食材无法确定
13421,干和葡萄干,DROP,,,成品、半成品或加工食品
13422,部分蛋白,REVIEW,,,可能是原生食材，但频次、命名或类别证据不足
13423,大一块姜,DROP,,,数量或单位残留且无法可靠恢复原食材
13424,核桃仁和葡萄干,DROP,,,成品、半成品或加工食品
13425,王家渡麻辣香锅料,DROP,,,不属于指南允许的基础原生食材类别
13426,生吐司,DROP,,,烘焙或乳制加工食品
13427,来辣椒,REVIEW,,,可能是原生食材，但频次、命名或类别证据不足
13428,多蔬菜,REVIEW,,,可能是原生食材，但频次、命名或类别证据不足
13429,血桃,REVIEW,,,可能是原生食材，但频次、命名或类别证据不足
13430,鸡肉卷皮,DROP,,,不属于指南允许的基础原生食材类别
13431,裙带,REVIEW,,,可能是原生食材，但频次、命名或类别证据不足
13432,烩面片,REVIEW,,,形态描述存在，但原始食材无法确定
13433,魷魚,DROP,,,不属于指南允许的基础原生食材类别
13434,马克杯,DROP,,,不属于指南允许的基础原生食材类别
13435,尖笋,REVIEW,,,可能是原生食材，但频次、命名或类别证据不足
13436,人量荞麦面,REVIEW,,,可能是原生食材，但频次、命名或类别证据不足
13437,辣椒切小段,REVIEW,,,形态描述存在，但原始食材无法确定
13438,京葱段,REVIEW,,,形态描述存在，但原始食材无法确定
13439,无油无水容器,DROP,,,工具、包装或操作说明
13440,多少做多少鸡胸肉,DROP,,,数量或单位残留且无法可靠恢复原食材
13441,芝麻核桃馅,REVIEW,,,可能是原生食材，但频次、命名或类别证据不足
13442,椒和青椒,REVIEW,,,疑似多食材组合，但无法百分之百确认全部组成
13443,新鲜薄荷叶子,DROP,,,调味料不进入基础原生食材表
13444,香草萃取液,REVIEW,,,可能是原生食材，但频次、命名或类别证据不足
13445,意式混合香草,REVIEW,,,可能是原生食材，但频次、命名或类别证据不足
13446,寸蛋糕坯,DROP,,,烘焙或乳制加工食品
13447,蒜蓉蒜蓉,REVIEW,,,可能是原生食材，但频次、命名或类别证据不足
13448,水后,DROP,,,不属于指南允许的基础原生食材类别
13449,多少克了,DROP,,,数量或单位残留且无法可靠恢复原食材
13450,米燕麦饭,REVIEW,,,可能是原生食材，但频次、命名或类别证据不足
13451,顺序,DROP,,,不属于指南允许的基础原生食材类别
13452,可可曲奇,DROP,,,成品、半成品或加工食品
13453,酸奶慕斯糊,DROP,,,成品、半成品或加工食品
13454,一类,DROP,,,不属于指南允许的基础原生食材类别
13455,就够了姜,REVIEW,,,可能是原生食材，但频次、命名或类别证据不足
13456,生日蜡烛,DROP,,,不属于指南允许的基础原生食材类别
13457,司康预拌粉,DROP,,,不属于指南允许的基础原生食材类别
13458,宽挂面,REVIEW,,,可能是原生食材，但频次、命名或类别证据不足
13459,啦芝麻,REVIEW,,,可能是原生食材，但频次、命名或类别证据不足
13460,三肥七瘦肉馅,REVIEW,,,可能是原生食材，但频次、命名或类别证据不足
13461,生蚝干,DROP,,,不属于指南允许的基础原生食材类别
13462,蛋糕胚食材,DROP,,,烘焙或乳制加工食品
13463,部分牛奶,DROP,,,饮料、酒类或乳制品不属于本版核心原生食材
13464,几个裱花袋,DROP,,,工具、包装或操作说明
13465,红丝绒戚风蛋糕,DROP,,,烘焙或乳制加工食品
13466,马达加斯加香草荚,DROP,,,成品、半成品或加工食品
13467,瘦肉粒,REVIEW,,,可能是原生食材，但频次、命名或类别证据不足
13468,紫薯干,REVIEW,,,可能是原生食材，但频次、命名或类别证据不足
13469,温清水,DROP,,,不属于指南允许的基础原生食材类别
13470,豆沙豆沙,DROP,,,成品、半成品或加工食品
13471,丝红椒丝,REVIEW,,,形态描述存在，但原始食材无法确定
13472,红豆黑豆,REVIEW,,,可能是原生食材，但频次、命名或类别证据不足
13473,水晶皮,DROP,,,不属于指南允许的基础原生食材类别
13474,烘焙金粉,DROP,,,不属于指南允许的基础原生食材类别
13475,水白菜,REVIEW,,,可能是原生食材，但频次、命名或类别证据不足
13476,铁棍山药粉,REVIEW,,,可能是原生食材，但频次、命名或类别证据不足
13477,定红薯粉,REVIEW,,,可能是原生食材，但频次、命名或类别证据不足
13478,奶油霜夹馅,DROP,,,烘焙或乳制加工食品
13479,团肉末,REVIEW,,,形态描述存在，但原始食材无法确定
13480,味布丁粉,DROP,,,成品、半成品或加工食品
13481,皮粘米粉,DROP,,,成品、半成品或加工食品
13482,没过山楂水,DROP,,,不属于指南允许的基础原生食材类别
13483,一半量糯米,REVIEW,,,可能是原生食材，但频次、命名或类别证据不足
13484,指一节大小姜,REVIEW,,,可能是原生食材，但频次、命名或类别证据不足
13485,辣椒葱花,REVIEW,,,可能是原生食材，但频次、命名或类别证据不足
13486,刀子,DROP,,,不属于指南允许的基础原生食材类别
13487,番茄酱沙司,DROP,,,成品、半成品或加工食品
13488,备蔬菜,REVIEW,,,可能是原生食材，但频次、命名或类别证据不足
13489,圆形慕斯圈,DROP,,,成品、半成品或加工食品
13490,干辣椒辣椒,DROP,,,调味料不进入基础原生食材表
13491,瓜一个,DROP,,,数量或单位残留且无法可靠恢复原食材
13492,了百香果,REVIEW,,,可能是原生食材，但频次、命名或类别证据不足
13493,细嫩茄子,REVIEW,,,可能是原生食材，但频次、命名或类别证据不足
13494,中粗玉米面,REVIEW,,,可能是原生食材，但频次、命名或类别证据不足
13495,蓝黛麻薯预拌粉,DROP,,,不属于指南允许的基础原生食材类别
13496,几个干辣椒,DROP,,,调味料不进入基础原生食材表
13497,湘西腊肉,DROP,,,加工肉制品
13498,芝士蛋糕胚,DROP,,,烘焙或乳制加工食品
13499,少葡萄,REVIEW,,,可能是原生食材，但频次、命名或类别证据不足
13500,淡奶油打发,DROP,,,工具、包装或操作说明
13501,小蘇打,DROP,,,不属于指南允许的基础原生食材类别
13502,速溶椰浆粉,DROP,,,饮料、酒类或乳制品不属于本版核心原生食材
13503,西红柿皮,DROP,,,不属于指南允许的基础原生食材类别
13504,胡萝卜小丁,REVIEW,,,形态描述存在，但原始食材无法确定
13505,调制肉馅,REVIEW,,,可能是原生食材，但频次、命名或类别证据不足
13506,巴伐利亚,DROP,,,不属于指南允许的基础原生食材类别
13507,海南黄灯笼辣椒,REVIEW,,,可能是原生食材，但频次、命名或类别证据不足
13508,米饭量糯米,DROP,,,成品、半成品或加工食品
13509,鸡胸肉馅,REVIEW,,,可能是原生食材，但频次、命名或类别证据不足
13510,两节,DROP,,,不属于指南允许的基础原生食材类别
13511,蛋液蛋黄,REVIEW,,,可能是原生食材，但频次、命名或类别证据不足
13512,一指节水,DROP,,,不属于指南允许的基础原生食材类别
13513,奥尔良烤翅,DROP,,,不属于指南允许的基础原生食材类别
13514,红茶茶汤,DROP,,,不属于指南允许的基础原生食材类别
13515,戚风蛋糕层,DROP,,,烘焙或乳制加工食品
13516,张千张,DROP,,,豆制品或淀粉制品（严格模式排除）
13517,对美食热爱,DROP,,,不属于指南允许的基础原生食材类别
13518,出门,DROP,,,不属于指南允许的基础原生食材类别
13519,坯料,DROP,,,不属于指南允许的基础原生食材类别
13520,不锈钢碗,DROP,,,不属于指南允许的基础原生食材类别
13521,食材蒜,REVIEW,,,可能是原生食材，但频次、命名或类别证据不足
13522,是低筋面粉,DROP,,,成品、半成品或加工食品
13523,披萨粉,DROP,,,成品、半成品或加工食品
13524,香肠切丁,DROP,,,加工肉制品
13525,油葱姜蒜,REVIEW,,,可能是原生食材，但频次、命名或类别证据不足
13526,粉面子,REVIEW,,,可能是原生食材，但频次、命名或类别证据不足
13527,潮汕番薯粉,REVIEW,,,可能是原生食材，但频次、命名或类别证据不足
13528,黑巧巧克力,DROP,,,烘焙或乳制加工食品
13529,香菇蘑菇,REVIEW,,,可能是原生食材，但频次、命名或类别证据不足
13530,软骨排骨,REVIEW,,,可能是原生食材，但频次、命名或类别证据不足
13531,酸味,DROP,,,不属于指南允许的基础原生食材类别
13532,几张饺子皮,DROP,,,成品、半成品或加工食品
13533,牛心包菜,REVIEW,,,可能是原生食材，但频次、命名或类别证据不足
13534,野生,DROP,,,不属于指南允许的基础原生食材类别
13535,肉馅中,REVIEW,,,可能是原生食材，但频次、命名或类别证据不足
13536,棕色巧克力,DROP,,,烘焙或乳制加工食品
13537,糯米糕,DROP,,,不属于指南允许的基础原生食材类别
13538,我做,DROP,,,不属于指南允许的基础原生食材类别
13539,啦葡萄干,DROP,,,成品、半成品或加工食品
13540,干品,DROP,,,不属于指南允许的基础原生食材类别
13541,蛋大小紫薯,REVIEW,,,可能是原生食材，但频次、命名或类别证据不足
13542,食油〉,DROP,,,不属于指南允许的基础原生食材类别
13543,多少冬瓜,DROP,,,数量或单位残留且无法可靠恢复原食材
13544,表面料,REVIEW,,,可能是原生食材，但频次、命名或类别证据不足
13545,豆浆量黄豆,DROP,,,成品、半成品或加工食品
13546,和牛筋,REVIEW,,,疑似多食材组合，但无法百分之百确认全部组成
13547,张煎饼,DROP,,,不属于指南允许的基础原生食材类别
13548,半矿泉水,DROP,,,不属于指南允许的基础原生食材类别
13549,熏豆腐干,DROP,,,豆制品或淀粉制品（严格模式排除）
13550,正方形,DROP,,,不属于指南允许的基础原生食材类别
13551,了朝天椒,REVIEW,,,可能是原生食材，但频次、命名或类别证据不足
13552,土豆泥粉,REVIEW,,,可能是原生食材，但频次、命名或类别证据不足
13553,牛排牛排,REVIEW,,,可能是原生食材，但频次、命名或类别证据不足
13554,香菇口蘑,REVIEW,,,可能是原生食材，但频次、命名或类别证据不足
13555,啦米饭,DROP,,,成品、半成品或加工食品
13556,是配方,DROP,,,不属于指南允许的基础原生食材类别
13557,酱食材,DROP,,,不属于指南允许的基础原生食材类别
13558,没过肉热水,REVIEW,,,可能是原生食材，但频次、命名或类别证据不足
13559,碎马苏里拉芝士,DROP,,,烘焙或乳制加工食品
13560,蘑菇菌类,REVIEW,,,可能是原生食材，但频次、命名或类别证据不足
13561,烟熏红甜椒粉,DROP,,,成品、半成品或加工食品
13562,饼饼皮,DROP,,,不属于指南允许的基础原生食材类别
13563,黄水果椒,REVIEW,,,可能是原生食材，但频次、命名或类别证据不足
13564,少西瓜,REVIEW,,,可能是原生食材，但频次、命名或类别证据不足
13565,大地鱼粉,REVIEW,,,可能是原生食材，但频次、命名或类别证据不足
13566,莳萝粉,DROP,,,不属于指南允许的基础原生食材类别
13567,饺子馅猪肉,DROP,,,成品、半成品或加工食品
13568,披萨草叶,DROP,,,成品、半成品或加工食品
13569,酥脆松,DROP,,,不属于指南允许的基础原生食材类别
13570,下蛋,REVIEW,,,可能是原生食材，但频次、命名或类别证据不足
13571,了黑木耳,REVIEW,,,可能是原生食材，但频次、命名或类别证据不足
13572,鮮迷迭香,DROP,,,调味料不进入基础原生食材表
13573,都乐甜玉米粒,REVIEW,,,可能是原生食材，但频次、命名或类别证据不足
13574,头新鲜大蒜,REVIEW,,,可能是原生食材，但频次、命名或类别证据不足
13575,菲达干酪,DROP,,,不属于指南允许的基础原生食材类别
13576,面码,REVIEW,,,可能是原生食材，但频次、命名或类别证据不足
13577,碎粉丝,DROP,,,豆制品或淀粉制品（严格模式排除）
13578,蝴蝶胶,DROP,,,不属于指南允许的基础原生食材类别
13579,心形,DROP,,,不属于指南允许的基础原生食材类别
13580,多途小麦粉,REVIEW,,,可能是原生食材，但频次、命名或类别证据不足
13581,薄荷力娇酒,DROP,,,调味料不进入基础原生食材表
13582,惠尔通裱花嘴,DROP,,,不属于指南允许的基础原生食材类别
13583,每日干果,DROP,,,不属于指南允许的基础原生食材类别
13584,墨鱼粉,REVIEW,,,可能是原生食材，但频次、命名或类别证据不足
13585,冷冻青豆,MERGE,65,青豆,去除确定的鲜冻/去皮去骨描述
13586,绿圆椒,REVIEW,,,可能是原生食材，但频次、命名或类别证据不足
13587,食量米饭,DROP,,,成品、半成品或加工食品
13588,巴掌大紫菜,REVIEW,,,可能是原生食材，但频次、命名或类别证据不足
13589,小节莲藕,REVIEW,,,可能是原生食材，但频次、命名或类别证据不足
13590,南瓜面条,DROP,,,成品、半成品或加工食品
13591,面团中筋粉,REVIEW,,,可能是原生食材，但频次、命名或类别证据不足
13592,生乳酪蛋糕,DROP,,,烘焙或乳制加工食品
13593,杏桃,REVIEW,,,可能是原生食材，但频次、命名或类别证据不足
13594,羊杂汤,REVIEW,,,可能是原生食材，但频次、命名或类别证据不足
13595,去衣绿豆,REVIEW,,,可能是原生食材，但频次、命名或类别证据不足
13596,玉米粒儿,REVIEW,,,可能是原生食材，但频次、命名或类别证据不足
13597,表皮全蛋液,DROP,,,不属于指南允许的基础原生食材类别
13598,就好大葱,REVIEW,,,可能是原生食材，但频次、命名或类别证据不足
13599,维维豆奶粉,DROP,,,烘焙或乳制加工食品
13600,火锅羊肉片,REVIEW,,,形态描述存在，但原始食材无法确定
13601,猪精瘦肉,REVIEW,,,可能是原生食材，但频次、命名或类别证据不足
13602,芝士味炼奶,DROP,,,烘焙或乳制加工食品
13603,鲜鱿鱼筒,REVIEW,,,可能是原生食材，但频次、命名或类别证据不足
13604,火箭菜,REVIEW,,,可能是原生食材，但频次、命名或类别证据不足
13605,咸菜头,DROP,,,成品、半成品或加工食品
13606,香菜几根,MERGE,9,香菜,修复数量/单位残留
13607,速食面,REVIEW,,,可能是原生食材，但频次、命名或类别证据不足
13608,甜红豆,REVIEW,,,可能是原生食材，但频次、命名或类别证据不足
13609,盘饰,DROP,,,不属于指南允许的基础原生食材类别
13610,香菜一丢丢,REVIEW,,,可能是原生食材，但频次、命名或类别证据不足
13611,枓酒,DROP,,,调味料不进入基础原生食材表
13612,冻坏奶油奶酪,DROP,,,烘焙或乳制加工食品
13613,梅菜扣肉,REVIEW,,,可能是原生食材，但频次、命名或类别证据不足
13614,过桥米线,DROP,,,成品、半成品或加工食品
13615,冰岛红鱼片,REVIEW,,,形态描述存在，但原始食材无法确定
13616,燕麦面,REVIEW,,,可能是原生食材，但频次、命名或类别证据不足
13617,炸肉,REVIEW,,,可能是原生食材，但频次、命名或类别证据不足
13618,粉和水,REVIEW,,,疑似多食材组合，但无法百分之百确认全部组成
13619,姜蓉姜,REVIEW,,,可能是原生食材，但频次、命名或类别证据不足
13620,手打牛筋丸,REVIEW,,,可能是原生食材，但频次、命名或类别证据不足
13621,冷藏鸡蛋,REVIEW,,,可能是原生食材，但频次、命名或类别证据不足
13622,塑料容器,DROP,,,工具、包装或操作说明
13623,温控器,DROP,,,不属于指南允许的基础原生食材类别
13624,各中筋面粉,DROP,,,成品、半成品或加工食品
13625,温白开水,DROP,,,不属于指南允许的基础原生食材类别
13626,后干香菇,REVIEW,,,可能是原生食材，但频次、命名或类别证据不足
13627,咖啡食材,DROP,,,饮料、酒类或乳制品不属于本版核心原生食材
13628,地都咸菜,DROP,,,成品、半成品或加工食品
13629,备豆沙馅,DROP,,,成品、半成品或加工食品
13630,百香果凝乳,REVIEW,,,可能是原生食材，但频次、命名或类别证据不足
13631,蒜一样多姜,REVIEW,,,可能是原生食材，但频次、命名或类别证据不足
13632,夏巴塔面包,DROP,,,烘焙或乳制加工食品
13633,多少肉馅,DROP,,,数量或单位残留且无法可靠恢复原食材
13634,各蔬菜,REVIEW,,,可能是原生食材，但频次、命名或类别证据不足
13635,土豆泥沙拉,DROP,,,成品、半成品或加工食品
13636,泡软龙口粉丝,DROP,,,豆制品或淀粉制品（严格模式排除）
13637,熟粘米粉,DROP,,,成品、半成品或加工食品
13638,土家腊肉,DROP,,,加工肉制品
13639,新鲜萝卜,MERGE,59,萝卜,去除确定的鲜冻/去皮去骨描述
13640,重鸡蛋,REVIEW,,,可能是原生食材，但频次、命名或类别证据不足
13641,芝麻沙拉醬,DROP,,,成品、半成品或加工食品
13642,日式味增,DROP,,,不属于指南允许的基础原生食材类别
13643,韩国冷面,REVIEW,,,可能是原生食材，但频次、命名或类别证据不足
13644,备大葱,REVIEW,,,可能是原生食材，但频次、命名或类别证据不足
13645,垫纸,DROP,,,不属于指南允许的基础原生食材类别
13646,大馄饨皮,DROP,,,成品、半成品或加工食品
13647,分瘦猪肉,REVIEW,,,可能是原生食材，但频次、命名或类别证据不足
13648,胡萝卜细丁,REVIEW,,,形态描述存在，但原始食材无法确定
13649,茎类蔬菜,REVIEW,,,可能是原生食材，但频次、命名或类别证据不足
13650,红皮花生仁,DROP,,,不属于指南允许的基础原生食材类别
13651,黄瓜芝士片,DROP,,,烘焙或乳制加工食品
13652,鲜米线,DROP,,,成品、半成品或加工食品
13653,椰子浆,REVIEW,,,可能是原生食材，但频次、命名或类别证据不足
13654,橙味利口酒,DROP,,,调味料不进入基础原生食材表
13655,莲蓉月饼,DROP,,,成品、半成品或加工食品
13656,更多,DROP,,,不属于指南允许的基础原生食材类别
13657,芝士慕斯糊,DROP,,,烘焙或乳制加工食品
13658,鲜葡萄,MERGE,124,葡萄,去除确定的鲜冻/去皮去骨描述
13659,亚麻籽蛋,REVIEW,,,可能是原生食材，但频次、命名或类别证据不足
13660,剁块,REVIEW,,,形态描述存在，但原始食材无法确定
13661,生南瓜子,REVIEW,,,可能是原生食材，但频次、命名或类别证据不足
13662,花腩,DROP,,,不属于指南允许的基础原生食材类别
13663,捏虫草花,DROP,,,不属于指南允许的基础原生食材类别
13664,酸豆乳,DROP,,,成品、半成品或加工食品
13665,沙子,DROP,,,不属于指南允许的基础原生食材类别
13666,斤五花肉,REVIEW,,,可能是原生食材，但频次、命名或类别证据不足
13667,黄色葡萄干,DROP,,,成品、半成品或加工食品
13668,柠檬皮柠檬皮,DROP,,,不属于指南允许的基础原生食材类别
13669,就加香菜,REVIEW,,,可能是原生食材，但频次、命名或类别证据不足
13670,冰鲜鸡,REVIEW,,,可能是原生食材，但频次、命名或类别证据不足
13671,少红辣椒,REVIEW,,,可能是原生食材，但频次、命名或类别证据不足
13672,油腌制肉,REVIEW,,,可能是原生食材，但频次、命名或类别证据不足
13673,多少通心粉,DROP,,,数量或单位残留且无法可靠恢复原食材
13674,本地辣椒,REVIEW,,,可能是原生食材，但频次、命名或类别证据不足
13675,豌豆瓣,MERGE,60,豌豆,去除切片/切块/切丁等形态描述
13676,木瓜一个,MERGE,195,木瓜,修复数量/单位残留
13677,中筋面粉面粉,DROP,,,成品、半成品或加工食品
13678,台贺动物饼干,DROP,,,烘焙或乳制加工食品
13679,机黑麦粉,REVIEW,,,可能是原生食材，但频次、命名或类别证据不足
13680,画眼睛,DROP,,,不属于指南允许的基础原生食材类别
13681,八爪鱼干,DROP,,,成品、半成品或加工食品
13682,豆腐饼,DROP,,,豆制品或淀粉制品（严格模式排除）
13683,菜心白菜,REVIEW,,,可能是原生食材，但频次、命名或类别证据不足
13684,肥肉馅,REVIEW,,,可能是原生食材，但频次、命名或类别证据不足
13685,燕麦杯,REVIEW,,,可能是原生食材，但频次、命名或类别证据不足
13686,其他涮菜,REVIEW,,,可能是原生食材，但频次、命名或类别证据不足
13687,面粉一半水,DROP,,,成品、半成品或加工食品
13688,台贺糯米船,REVIEW,,,可能是原生食材，但频次、命名或类别证据不足
13689,了上色,DROP,,,不属于指南允许的基础原生食材类别
13690,两个蛋黄,MERGE,72,蛋黄,修复数量/单位残留
13691,口味薯片,REVIEW,,,形态描述存在，但原始食材无法确定
13692,半普通面粉,DROP,,,成品、半成品或加工食品
13693,号裱花嘴,DROP,,,不属于指南允许的基础原生食材类别
13694,煎饼果子,DROP,,,不属于指南允许的基础原生食材类别
13695,即食燕窝,DROP,,,成品、半成品或加工食品
13696,干面包丁,DROP,,,烘焙或乳制加工食品
13697,麻仁,REVIEW,,,可能是原生食材，但频次、命名或类别证据不足
13698,小龙虾尾,REVIEW,,,可能是原生食材，但频次、命名或类别证据不足
13699,自己喜爱蔬菜,REVIEW,,,可能是原生食材，但频次、命名或类别证据不足
13700,是戚风蛋糕,DROP,,,烘焙或乳制加工食品
13701,小冬瓜,REVIEW,,,可能是原生食材，但频次、命名或类别证据不足
13702,冰滴咖啡,DROP,,,饮料、酒类或乳制品不属于本版核心原生食材
13703,斜管面,REVIEW,,,可能是原生食材，但频次、命名或类别证据不足
13704,绿花椰菜,REVIEW,,,可能是原生食材，但频次、命名或类别证据不足
13705,干薄荷碎,REVIEW,,,形态描述存在，但原始食材无法确定
13706,豆薯,KEEP,553,豆薯,符合基础原生食材定义
13707,新鲜面条,DROP,,,成品、半成品或加工食品
13708,虾仁虾,REVIEW,,,可能是原生食材，但频次、命名或类别证据不足
13709,塔摩西藜麦,REVIEW,,,可能是原生食材，但频次、命名或类别证据不足
13710,硬桃子,REVIEW,,,可能是原生食材，但频次、命名或类别证据不足
13711,各种蔬菜肉类,REVIEW,,,可能是原生食材，但频次、命名或类别证据不足
13712,矿物质,DROP,,,不属于指南允许的基础原生食材类别
13713,干莲蓬,DROP,,,不属于指南允许的基础原生食材类别
13714,黑炭粉,DROP,,,不属于指南允许的基础原生食材类别
13715,各种蔬菜蔬菜,REVIEW,,,可能是原生食材，但频次、命名或类别证据不足
13716,稀粥,DROP,,,成品、半成品或加工食品
13717,荤素食材,DROP,,,不属于指南允许的基础原生食材类别
13718,半枚鸡蛋,REVIEW,,,可能是原生食材，但频次、命名或类别证据不足
13719,菊花盏,DROP,,,不属于指南允许的基础原生食材类别
13720,巧克力蛋糕预拌粉,DROP,,,烘焙或乳制加工食品
13721,芝麻糊粉,REVIEW,,,可能是原生食材，但频次、命名或类别证据不足
13722,诏安青梅,DROP,,,不属于指南允许的基础原生食材类别
13723,就好枸杞,REVIEW,,,可能是原生食材，但频次、命名或类别证据不足
13724,姜葱蒜头,REVIEW,,,可能是原生食材，但频次、命名或类别证据不足
13725,锅底食材,DROP,,,不属于指南允许的基础原生食材类别
13726,馅内馅,DROP,,,不属于指南允许的基础原生食材类别
13727,青皮南瓜,DROP,,,不属于指南允许的基础原生食材类别
13728,半全麦粉,REVIEW,,,可能是原生食材，但频次、命名或类别证据不足
13729,制泡菜,DROP,,,成品、半成品或加工食品
13730,蒜末干辣椒,DROP,,,调味料不进入基础原生食材表
13731,茶杯面粉,DROP,,,成品、半成品或加工食品
13732,宝宝挂面,REVIEW,,,可能是原生食材，但频次、命名或类别证据不足
13733,蛋三明治,REVIEW,,,可能是原生食材，但频次、命名或类别证据不足
13734,燕饺,DROP,,,不属于指南允许的基础原生食材类别
13735,甜味香肠,DROP,,,加工肉制品
13736,海鲜肉类,REVIEW,,,可能是原生食材，但频次、命名或类别证据不足
13737,混合味噌,DROP,,,不属于指南允许的基础原生食材类别
13738,物件,DROP,,,不属于指南允许的基础原生食材类别
13739,二段,REVIEW,,,形态描述存在，但原始食材无法确定
13740,蒜胡萝卜,REVIEW,,,可能是原生食材，但频次、命名或类别证据不足
13741,多少个鸡翅,DROP,,,数量或单位残留且无法可靠恢复原食材
13742,紫把茄子,REVIEW,,,可能是原生食材，但频次、命名或类别证据不足
13743,萝卜馅,REVIEW,,,可能是原生食材，但频次、命名或类别证据不足
13744,酢浆草,KEEP,554,酢浆草,符合基础原生食材定义
13745,芹菜配菜,REVIEW,,,可能是原生食材，但频次、命名或类别证据不足
13746,谷饲肥牛卷,REVIEW,,,可能是原生食材，但频次、命名或类别证据不足
13747,鱼香料,REVIEW,,,可能是原生食材，但频次、命名或类别证据不足
13748,速溶纯咖啡,DROP,,,饮料、酒类或乳制品不属于本版核心原生食材
13749,剩洋葱,REVIEW,,,可能是原生食材，但频次、命名或类别证据不足
13750,配一个鸡蛋,DROP,,,数量或单位残留且无法可靠恢复原食材
13751,照燒醬,DROP,,,不属于指南允许的基础原生食材类别
13752,瓢普通面粉,DROP,,,成品、半成品或加工食品
13753,酱一勺,DROP,,,数量或单位残留且无法可靠恢复原食材
13754,大米水,REVIEW,,,可能是原生食材，但频次、命名或类别证据不足
13755,汉堡肉饼,DROP,,,成品、半成品或加工食品
13756,姜饼屋,REVIEW,,,可能是原生食材，但频次、命名或类别证据不足
13757,了一下,DROP,,,不属于指南允许的基础原生食材类别
13758,宽米粉,DROP,,,成品、半成品或加工食品
13759,人数定五花肉,REVIEW,,,可能是原生食材，但频次、命名或类别证据不足
13760,其他火锅食材,DROP,,,不属于指南允许的基础原生食材类别
13761,皮即可清水,DROP,,,不属于指南允许的基础原生食材类别
13762,多少张饺子皮,DROP,,,成品、半成品或加工食品
13763,头水,DROP,,,不属于指南允许的基础原生食材类别
13764,两普通面粉,DROP,,,成品、半成品或加工食品
13765,子就行水,DROP,,,不属于指南允许的基础原生食材类别
13766,圆形蛋糕,DROP,,,烘焙或乳制加工食品
13767,家人,DROP,,,不属于指南允许的基础原生食材类别
13768,味饮料,DROP,,,饮料、酒类或乳制品不属于本版核心原生食材
13769,青红指天椒,REVIEW,,,可能是原生食材，但频次、命名或类别证据不足
13770,就好芝麻,REVIEW,,,可能是原生食材，但频次、命名或类别证据不足
13771,丝黄瓜,REVIEW,,,可能是原生食材，但频次、命名或类别证据不足
13772,类青菜,REVIEW,,,可能是原生食材，但频次、命名或类别证据不足
13773,皮干,DROP,,,不属于指南允许的基础原生食材类别
13774,多少肥牛卷,DROP,,,数量或单位残留且无法可靠恢复原食材
13775,付出,DROP,,,不属于指南允许的基础原生食材类别
13776,其他奶酪,DROP,,,烘焙或乳制加工食品
13777,麵條,DROP,,,不属于指南允许的基础原生食材类别
13778,菇蟹味菇,REVIEW,,,可能是原生食材，但频次、命名或类别证据不足
13779,生榛子,REVIEW,,,可能是原生食材，但频次、命名或类别证据不足
13780,草莓层,REVIEW,,,可能是原生食材，但频次、命名或类别证据不足
13781,涂抹干酪,DROP,,,工具、包装或操作说明
13782,脆皮豆腐,DROP,,,豆制品或淀粉制品（严格模式排除）
13783,称重,DROP,,,不属于指南允许的基础原生食材类别
13784,煎茶茶包,DROP,,,不属于指南允许的基础原生食材类别
13785,掌握,DROP,,,不属于指南允许的基础原生食材类别
13786,空碗,DROP,,,不属于指南允许的基础原生食材类别
13787,吐司模具量,DROP,,,工具、包装或操作说明
13788,白芝麻仁,REVIEW,,,可能是原生食材，但频次、命名或类别证据不足
13789,擦丝器,DROP,,,不属于指南允许的基础原生食材类别
13790,白萝卜胡萝卜,REVIEW,,,可能是原生食材，但频次、命名或类别证据不足
13791,减水,DROP,,,不属于指南允许的基础原生食材类别
13792,铺一层,DROP,,,不属于指南允许的基础原生食材类别
13793,红辣椒红辣椒,REVIEW,,,可能是原生食材，但频次、命名或类别证据不足
13794,玉米粒和青豆粒,REVIEW,,,疑似多食材组合，但无法百分之百确认全部组成
13795,多苹果,REVIEW,,,可能是原生食材，但频次、命名或类别证据不足
13796,红小扁豆,REVIEW,,,可能是原生食材，但频次、命名或类别证据不足
13797,大波浪薯片,REVIEW,,,形态描述存在，但原始食材无法确定
13798,黑巧克力液,DROP,,,烘焙或乳制加工食品
13799,混合液,DROP,,,不属于指南允许的基础原生食材类别
13800,大豆蛋白粉,REVIEW,,,可能是原生食材，但频次、命名或类别证据不足
13801,人量猪肉,REVIEW,,,可能是原生食材，但频次、命名或类别证据不足
13802,中筋白面,REVIEW,,,可能是原生食材，但频次、命名或类别证据不足
13803,豆制品类,REVIEW,,,可能是原生食材，但频次、命名或类别证据不足
13804,日式素面,REVIEW,,,可能是原生食材，但频次、命名或类别证据不足
13805,情况克面粉,DROP,,,成品、半成品或加工食品
13806,饼皮配方,DROP,,,不属于指南允许的基础原生食材类别
13807,吐司切片面包,DROP,,,烘焙或乳制加工食品
13808,板腱,DROP,,,不属于指南允许的基础原生食材类别
13809,多花生,DROP,,,不属于指南允许的基础原生食材类别
13810,菇四季豆,REVIEW,,,可能是原生食材，但频次、命名或类别证据不足
13811,新鲜大白菜,MERGE,158,大白菜,去除确定的鲜冻/去皮去骨描述
13812,冷藏隔夜,DROP,,,不属于指南允许的基础原生食材类别
13813,雪球,DROP,,,不属于指南允许的基础原生食材类别
13814,油酥黄豆,REVIEW,,,可能是原生食材，但频次、命名或类别证据不足
13815,度放,DROP,,,不属于指南允许的基础原生食材类别
13816,春鱼,REVIEW,,,可能是原生食材，但频次、命名或类别证据不足
13817,参须,DROP,,,不属于指南允许的基础原生食材类别
13818,汗水,DROP,,,不属于指南允许的基础原生食材类别
13819,里脊猪肉,REVIEW,,,可能是原生食材，但频次、命名或类别证据不足
13820,面粉各,DROP,,,成品、半成品或加工食品
13821,绿色猕猴桃,REVIEW,,,可能是原生食材，但频次、命名或类别证据不足
13822,大小红辣椒,REVIEW,,,可能是原生食材，但频次、命名或类别证据不足
13823,朵金针菇,MERGE,46,金针菇,去除确定的鲜冻/去皮去骨描述
13824,水果干果,DROP,,,成品、半成品或加工食品
13825,卵磷脂,DROP,,,不属于指南允许的基础原生食材类别
13826,锡兰茶包,DROP,,,不属于指南允许的基础原生食材类别
13827,盆凉开水,DROP,,,不属于指南允许的基础原生食材类别
13828,马卡龙色粉,DROP,,,不属于指南允许的基础原生食材类别
13829,疯柑叶,DROP,,,不属于指南允许的基础原生食材类别
13830,酱意大利面,DROP,,,成品、半成品或加工食品
13831,薄片猪肉,REVIEW,,,可能是原生食材，但频次、命名或类别证据不足
13832,盆小白菜,REVIEW,,,可能是原生食材，但频次、命名或类别证据不足
13833,过了,DROP,,,不属于指南允许的基础原生食材类别
13834,生姜小葱,REVIEW,,,可能是原生食材，但频次、命名或类别证据不足
13835,乳酪酸奶,DROP,,,饮料、酒类或乳制品不属于本版核心原生食材
13836,机糯米,REVIEW,,,可能是原生食材，但频次、命名或类别证据不足
13837,戚风蛋白霜,DROP,,,成品、半成品或加工食品
13838,味香肠,DROP,,,加工肉制品
13839,乳酪蛋糕糊,DROP,,,烘焙或乳制加工食品
13840,黑咖,DROP,,,不属于指南允许的基础原生食材类别
13841,鸡鸡杂,REVIEW,,,可能是原生食材，但频次、命名或类别证据不足
13842,办法,DROP,,,不属于指南允许的基础原生食材类别
13843,剁碎薄荷,REVIEW,,,可能是原生食材，但频次、命名或类别证据不足
13844,干冷面,REVIEW,,,可能是原生食材，但频次、命名或类别证据不足
13845,高达牌椰浆,DROP,,,饮料、酒类或乳制品不属于本版核心原生食材
13846,小茄子,REVIEW,,,可能是原生食材，但频次、命名或类别证据不足
13847,香菜&小葱,SPLIT,9|1,香菜|葱,分隔符明确连接多个独立基础食材；克数无法可靠分摊
13848,春光纯椰子粉,REVIEW,,,可能是原生食材，但频次、命名或类别证据不足
13849,鳀鱼罐头,DROP,,,成品、半成品或加工食品
13850,香橙精,REVIEW,,,可能是原生食材，但频次、命名或类别证据不足
13851,备清水,DROP,,,不属于指南允许的基础原生食材类别
13852,锅半锅水,DROP,,,不属于指南允许的基础原生食材类别
13853,奶油裱花,DROP,,,烘焙或乳制加工食品
13854,说明水,DROP,,,不属于指南允许的基础原生食材类别
13855,盖老酒,DROP,,,调味料不进入基础原生食材表
13856,抓虾皮,DROP,,,成品、半成品或加工食品
13857,大小蛋黄,REVIEW,,,可能是原生食材，但频次、命名或类别证据不足
13858,多少饺子皮,DROP,,,成品、半成品或加工食品
13859,自己调节水,DROP,,,不属于指南允许的基础原生食材类别
13860,黄瓜切薄片,REVIEW,,,形态描述存在，但原始食材无法确定
13861,青菜香菇馅,REVIEW,,,可能是原生食材，但频次、命名或类别证据不足
13862,截火腿,DROP,,,加工肉制品
13863,卤牛肉汤,DROP,,,成品、半成品或加工食品
13864,鸡肉鸡肉,REVIEW,,,可能是原生食材，但频次、命名或类别证据不足
13865,拉条子面,REVIEW,,,可能是原生食材，但频次、命名或类别证据不足
13866,一共水,DROP,,,不属于指南允许的基础原生食材类别
13867,辣就多放辣椒,REVIEW,,,可能是原生食材，但频次、命名或类别证据不足
13868,小块五花肉,REVIEW,,,可能是原生食材，但频次、命名或类别证据不足
13869,弥渡酸腌菜,REVIEW,,,可能是原生食材，但频次、命名或类别证据不足
13870,少蒜蓉,REVIEW,,,可能是原生食材，但频次、命名或类别证据不足
13871,菜卷,REVIEW,,,可能是原生食材，但频次、命名或类别证据不足
13872,和核桃仁,REVIEW,,,疑似多食材组合，但无法百分之百确认全部组成
13873,葱花和香菜,REVIEW,,,疑似多食材组合，但无法百分之百确认全部组成
13874,咸鸡蛋黄,REVIEW,,,可能是原生食材，但频次、命名或类别证据不足
13875,脆皮淋面,DROP,,,不属于指南允许的基础原生食材类别
13876,黑土豆,REVIEW,,,可能是原生食材，但频次、命名或类别证据不足
13877,枝金不换,DROP,,,不属于指南允许的基础原生食材类别
13878,捏白芝麻,REVIEW,,,可能是原生食材，但频次、命名或类别证据不足
13879,对烘焙热爱,DROP,,,不属于指南允许的基础原生食材类别
13880,十二连模,DROP,,,不属于指南允许的基础原生食材类别
13881,青椒辣椒,REVIEW,,,可能是原生食材，但频次、命名或类别证据不足
13882,酸奶思慕雪,DROP,,,饮料、酒类或乳制品不属于本版核心原生食材
13883,炒花生米,REVIEW,,,可能是原生食材，但频次、命名或类别证据不足
13884,平齐水,DROP,,,不属于指南允许的基础原生食材类别
13885,白色根部,DROP,,,不属于指南允许的基础原生食材类别
13886,牌椰浆,DROP,,,饮料、酒类或乳制品不属于本版核心原生食材
13887,磨坊罗勒叶,REVIEW,,,可能是原生食材，但频次、命名或类别证据不足
13888,螺丝辣子,REVIEW,,,可能是原生食材，但频次、命名或类别证据不足
13889,少青椒,REVIEW,,,可能是原生食材，但频次、命名或类别证据不足
13890,活底派盘,DROP,,,不属于指南允许的基础原生食材类别
13891,哈哈西兰花,REVIEW,,,可能是原生食材，但频次、命名或类别证据不足
13892,黑芝麻汤圆馅,DROP,,,不属于指南允许的基础原生食材类别
13893,手抓饼饼胚,DROP,,,不属于指南允许的基础原生食材类别
13894,瓜玉米,REVIEW,,,可能是原生食材，但频次、命名或类别证据不足
13895,奶奶粉,DROP,,,烘焙或乳制加工食品
13896,咸鸭,REVIEW,,,可能是原生食材，但频次、命名或类别证据不足
13897,果奶油奶酪,DROP,,,烘焙或乳制加工食品
13898,肉夹馍,REVIEW,,,可能是原生食材，但频次、命名或类别证据不足
13899,部队锅风味,DROP,,,不属于指南允许的基础原生食材类别
13900,寸蛋糕,DROP,,,烘焙或乳制加工食品
13901,纯荞麦面,REVIEW,,,可能是原生食材，但频次、命名或类别证据不足
13902,就好黑芝麻,REVIEW,,,可能是原生食材，但频次、命名或类别证据不足
13903,饭量定面条,DROP,,,成品、半成品或加工食品
13904,芥兰梗,REVIEW,,,可能是原生食材，但频次、命名或类别证据不足
13905,自己定鸡蛋,REVIEW,,,可能是原生食材，但频次、命名或类别证据不足
13906,米加水,REVIEW,,,可能是原生食材，但频次、命名或类别证据不足
13907,港式蛋挞皮,DROP,,,成品、半成品或加工食品
13908,薄片西红柿,REVIEW,,,可能是原生食材，但频次、命名或类别证据不足
13909,任何食物,DROP,,,不属于指南允许的基础原生食材类别
13910,炸支竹,DROP,,,不属于指南允许的基础原生食材类别
13911,小干辣椒,DROP,,,调味料不进入基础原生食材表
13912,厚切火腿,DROP,,,加工肉制品
13913,盆清水,DROP,,,不属于指南允许的基础原生食材类别
13914,新鲜奶酪,DROP,,,烘焙或乳制加工食品
13915,厚猪里脊,REVIEW,,,可能是原生食材，但频次、命名或类别证据不足
13916,一胡萝卜,REVIEW,,,可能是原生食材，但频次、命名或类别证据不足
13917,粉红色,DROP,,,不属于指南允许的基础原生食材类别
13918,白花椰菜,REVIEW,,,可能是原生食材，但频次、命名或类别证据不足
13919,青口肉,REVIEW,,,可能是原生食材，但频次、命名或类别证据不足
13920,蛋糕体配方,DROP,,,烘焙或乳制加工食品
13921,酸甜萝卜,REVIEW,,,可能是原生食材，但频次、命名或类别证据不足
13922,底水,DROP,,,不属于指南允许的基础原生食材类别
13923,和枸杞,REVIEW,,,疑似多食材组合，但无法百分之百确认全部组成
13924,健康蔬菜,REVIEW,,,可能是原生食材，但频次、命名或类别证据不足
13925,巧克力慕斯糊,DROP,,,烘焙或乳制加工食品
13926,热饮,DROP,,,不属于指南允许的基础原生食材类别
13927,束龙口粉丝,DROP,,,豆制品或淀粉制品（严格模式排除）
13928,芜荽,DROP,,,不属于指南允许的基础原生食材类别
13929,子牛奶,DROP,,,饮料、酒类或乳制品不属于本版核心原生食材
13930,节火腿肠,DROP,,,加工肉制品
13931,苏拉奶酪,DROP,,,烘焙或乳制加工食品
13932,饭碗低筋面粉,DROP,,,成品、半成品或加工食品
13933,开花肠,DROP,,,成品、半成品或加工食品
13934,紅茶包,DROP,,,不属于指南允许的基础原生食材类别
13935,长一段葱白,REVIEW,,,可能是原生食材，但频次、命名或类别证据不足
13936,冷冻蔓越莓,MERGE,45,蔓越莓,去除确定的鲜冻/去皮去骨描述
13937,牡丹虾,REVIEW,,,可能是原生食材，但频次、命名或类别证据不足
13938,种青菜,REVIEW,,,可能是原生食材，但频次、命名或类别证据不足
13939,王火腿肠,DROP,,,加工肉制品
13940,缝衣针,DROP,,,不属于指南允许的基础原生食材类别
13941,表面装饰椰蓉,DROP,,,工具、包装或操作说明
13942,燕麦脆片,REVIEW,,,形态描述存在，但原始食材无法确定
13943,王子摆件,DROP,,,不属于指南允许的基础原生食材类别
13944,插件,DROP,,,不属于指南允许的基础原生食材类别
13945,泡发好银耳,REVIEW,,,可能是原生食材，但频次、命名或类别证据不足
13946,香甜,DROP,,,不属于指南允许的基础原生食材类别
13947,几个放几个鹌鹑蛋,DROP,,,数量或单位残留且无法可靠恢复原食材
13948,想吃蔬菜,REVIEW,,,可能是原生食材，但频次、命名或类别证据不足
13949,泰式手标红茶,DROP,,,饮料、酒类或乳制品不属于本版核心原生食材
13950,白菜芹菜,REVIEW,,,可能是原生食材，但频次、命名或类别证据不足
13951,冰淇凌粉,DROP,,,不属于指南允许的基础原生食材类别
13952,日式叉烧,DROP,,,加工肉制品
13953,玉米粉水,DROP,,,成品、半成品或加工食品
13954,止开水,DROP,,,不属于指南允许的基础原生食材类别
13955,巧克力麦芬,DROP,,,烘焙或乳制加工食品
13956,干青豆,REVIEW,,,可能是原生食材，但频次、命名或类别证据不足
13957,土豆玉米,REVIEW,,,可能是原生食材，但频次、命名或类别证据不足
13958,油茶,DROP,,,饮料、酒类或乳制品不属于本版核心原生食材
13959,皮食材,DROP,,,不属于指南允许的基础原生食材类别
13960,克黄豆,MERGE,87,黄豆,去除确定的鲜冻/去皮去骨描述
13961,麵包粉,DROP,,,不属于指南允许的基础原生食材类别
13962,猪后蹄,REVIEW,,,可能是原生食材，但频次、命名或类别证据不足
13963,青椒黄瓜,REVIEW,,,可能是原生食材，但频次、命名或类别证据不足
13964,状蔬菜,REVIEW,,,可能是原生食材，但频次、命名或类别证据不足
13965,嘉士利早餐饼干,DROP,,,烘焙或乳制加工食品
13966,奶酪屑,DROP,,,烘焙或乳制加工食品
13967,牛肉猪肉,REVIEW,,,可能是原生食材，但频次、命名或类别证据不足
13968,配一个鸡蛋鸡蛋,DROP,,,数量或单位残留且无法可靠恢复原食材
13969,口味炼乳,DROP,,,烘焙或乳制加工食品
13970,细麻绳,DROP,,,不属于指南允许的基础原生食材类别
13971,泡好糯米,REVIEW,,,可能是原生食材，但频次、命名或类别证据不足
13972,石榴酒,DROP,,,调味料不进入基础原生食材表
13973,半盒牛奶,DROP,,,饮料、酒类或乳制品不属于本版核心原生食材
13974,茶匙苏打粉,DROP,,,不属于指南允许的基础原生食材类别
13975,味蛋糕卷,DROP,,,烘焙或乳制加工食品
13976,冰沙粉,DROP,,,不属于指南允许的基础原生食材类别
13977,姜丝香菜,REVIEW,,,可能是原生食材，但频次、命名或类别证据不足
13978,固体,DROP,,,不属于指南允许的基础原生食材类别
13979,核桃碎,MERGE,38,核桃,去除切片/切块/切丁等形态描述
13980,野生紫菜,REVIEW,,,可能是原生食材，但频次、命名或类别证据不足
13981,蛋清一个,MERGE,52,蛋清,修复数量/单位残留
13982,肉料,REVIEW,,,可能是原生食材，但频次、命名或类别证据不足
13983,木耳洋葱,REVIEW,,,可能是原生食材，但频次、命名或类别证据不足
13984,温开水水,DROP,,,不属于指南允许的基础原生食材类别
13985,秘密武器,DROP,,,不属于指南允许的基础原生食材类别
13986,米饭量水,DROP,,,成品、半成品或加工食品
13987,甘纳许馅,DROP,,,不属于指南允许的基础原生食材类别
13988,糯米团子,REVIEW,,,可能是原生食材，但频次、命名或类别证据不足
13989,屑柠檬皮,DROP,,,不属于指南允许的基础原生食材类别
13990,西瓜西瓜,REVIEW,,,可能是原生食材，但频次、命名或类别证据不足
13991,椴木香菇,REVIEW,,,可能是原生食材，但频次、命名或类别证据不足
13992,姜块姜,REVIEW,,,可能是原生食材，但频次、命名或类别证据不足
13993,甜草莓,REVIEW,,,可能是原生食材，但频次、命名或类别证据不足
13994,式混合干香料,DROP,,,不属于指南允许的基础原生食材类别
13995,珍珠芋圆,DROP,,,成品、半成品或加工食品
13996,样子牛奶,DROP,,,饮料、酒类或乳制品不属于本版核心原生食材
13997,炸带鱼,REVIEW,,,可能是原生食材，但频次、命名或类别证据不足
13998,写量,DROP,,,不属于指南允许的基础原生食材类别
13999,蛋糕模具量,DROP,,,工具、包装或操作说明
14000,蛋糕模具一个,DROP,,,工具、包装或操作说明
14001,白芝麻葱花,REVIEW,,,可能是原生食材，但频次、命名或类别证据不足
14002,奶冰淇淋粉,DROP,,,成品、半成品或加工食品
14003,青红黄灯笼椒,REVIEW,,,可能是原生食材，但频次、命名或类别证据不足
14004,葉菜,REVIEW,,,可能是原生食材，但频次、命名或类别证据不足
14005,蘑菇蘑菇,REVIEW,,,可能是原生食材，但频次、命名或类别证据不足
14006,常新鲜鸡蛋,REVIEW,,,可能是原生食材，但频次、命名或类别证据不足
14007,干辣椒一小把,DROP,,,调味料不进入基础原生食材表
14008,大蛋挞皮,DROP,,,成品、半成品或加工食品
14009,多少青菜,DROP,,,数量或单位残留且无法可靠恢复原食材
14010,描述,DROP,,,不属于指南允许的基础原生食材类别
14011,水可换成牛奶,DROP,,,饮料、酒类或乳制品不属于本版核心原生食材
14012,各牛奶,DROP,,,饮料、酒类或乳制品不属于本版核心原生食材
14013,酒釀,DROP,,,不属于指南允许的基础原生食材类别
14014,手手,DROP,,,不属于指南允许的基础原生食材类别
14015,味混合香料,DROP,,,不属于指南允许的基础原生食材类别
14016,百吉饼,DROP,,,不属于指南允许的基础原生食材类别
14017,猪油年糕,DROP,,,成品、半成品或加工食品
14018,椒可放可不放,REVIEW,,,可能是原生食材，但频次、命名或类别证据不足
14019,什么都,DROP,,,不属于指南允许的基础原生食材类别
14020,冷開水,DROP,,,不属于指南允许的基础原生食材类别
14021,牛肉大葱馅,REVIEW,,,可能是原生食材，但频次、命名或类别证据不足
14022,提前做好,DROP,,,不属于指南允许的基础原生食材类别
14023,海带嫩芽,REVIEW,,,可能是原生食材，但频次、命名或类别证据不足
14024,枚金奇香咸蛋黄,DROP,,,成品、半成品或加工食品
14025,越光米,REVIEW,,,可能是原生食材，但频次、命名或类别证据不足
14026,高度粮食酒,DROP,,,调味料不进入基础原生食材表
14027,鸡公,REVIEW,,,可能是原生食材，但频次、命名或类别证据不足
14028,肉丝馅,REVIEW,,,可能是原生食材，但频次、命名或类别证据不足
14029,各种喜爱蔬菜,REVIEW,,,可能是原生食材，但频次、命名或类别证据不足
14030,食量准备米饭,DROP,,,成品、半成品或加工食品
14031,基本调味,DROP,,,不属于指南允许的基础原生食材类别
14032,柚子柚子皮,DROP,,,不属于指南允许的基础原生食材类别
14033,干乳酪,DROP,,,不属于指南允许的基础原生食材类别
14034,忌廉鸡汤,REVIEW,,,可能是原生食材，但频次、命名或类别证据不足
14035,分别,DROP,,,不属于指南允许的基础原生食材类别
14036,没过排骨水,REVIEW,,,可能是原生食材，但频次、命名或类别证据不足
14037,红糯米,REVIEW,,,可能是原生食材，但频次、命名或类别证据不足
14038,剩肉馅,REVIEW,,,可能是原生食材，但频次、命名或类别证据不足
14039,马芬蛋糕,DROP,,,烘焙或乳制加工食品
14040,泰国手标红茶,DROP,,,饮料、酒类或乳制品不属于本版核心原生食材
14041,精肉猪肉,REVIEW,,,可能是原生食材，但频次、命名或类别证据不足
14042,料哦,DROP,,,不属于指南允许的基础原生食材类别
14043,甜水果,DROP,,,不属于指南允许的基础原生食材类别
14044,奶酪丁,DROP,,,烘焙或乳制加工食品
14045,心形蛋糕,DROP,,,烘焙或乳制加工食品
14046,绑带,DROP,,,不属于指南允许的基础原生食材类别
14047,蒲公英根,DROP,,,不属于指南允许的基础原生食材类别
14048,鸡蛋一半水,REVIEW,,,可能是原生食材，但频次、命名或类别证据不足
14049,干豆腐卷,DROP,,,豆制品或淀粉制品（严格模式排除）
14050,手工红薯粉,REVIEW,,,可能是原生食材，但频次、命名或类别证据不足
14051,橙皮末,REVIEW,,,形态描述存在，但原始食材无法确定
14052,蛋白混合饮料,DROP,,,饮料、酒类或乳制品不属于本版核心原生食材
14053,胡萝卜一个,MERGE,6,胡萝卜,修复数量/单位残留
14054,煎好,DROP,,,不属于指南允许的基础原生食材类别
14055,芋头芋圆,DROP,,,成品、半成品或加工食品
14056,蜡肠,DROP,,,成品、半成品或加工食品
14057,酸奶水果,DROP,,,饮料、酒类或乳制品不属于本版核心原生食材
14058,碟面包糠,DROP,,,烘焙或乳制加工食品
14059,鲜奶酪,DROP,,,烘焙或乳制加工食品
14060,甜蟹,REVIEW,,,可能是原生食材，但频次、命名或类别证据不足
14061,机南瓜,REVIEW,,,可能是原生食材，但频次、命名或类别证据不足
14062,度加牛奶,DROP,,,饮料、酒类或乳制品不属于本版核心原生食材
14063,蛋打散蛋液,REVIEW,,,可能是原生食材，但频次、命名或类别证据不足
14064,大蒜叶子,REVIEW,,,可能是原生食材，但频次、命名或类别证据不足
14065,香菜香菜,REVIEW,,,可能是原生食材，但频次、命名或类别证据不足
14066,层戚风蛋糕胚,DROP,,,烘焙或乳制加工食品
14067,醇香芝士味炼奶,DROP,,,烘焙或乳制加工食品
14068,鸳鸯奶茶,DROP,,,饮料、酒类或乳制品不属于本版核心原生食材
14069,红酒桃山皮,DROP,,,饮料、酒类或乳制品不属于本版核心原生食材
14070,布朗尼蛋糕预拌粉,DROP,,,烘焙或乳制加工食品
14071,来牛肉,REVIEW,,,可能是原生食材，但频次、命名或类别证据不足
14072,摊鸡蛋皮,DROP,,,不属于指南允许的基础原生食材类别
14073,小奇福,DROP,,,不属于指南允许的基础原生食材类别
14074,君之配方,DROP,,,不属于指南允许的基础原生食材类别
14075,老坛酸菜泡面,DROP,,,成品、半成品或加工食品
14076,菜豆芽,REVIEW,,,可能是原生食材，但频次、命名或类别证据不足
14077,和肉桂粉,DROP,,,调味料不进入基础原生食材表
14078,了番茄,REVIEW,,,可能是原生食材，但频次、命名或类别证据不足
14079,成肉馅,REVIEW,,,可能是原生食材，但频次、命名或类别证据不足
14080,花生豆浆,DROP,,,成品、半成品或加工食品
14081,可彩椒,REVIEW,,,可能是原生食材，但频次、命名或类别证据不足
14082,背脊肉,REVIEW,,,可能是原生食材，但频次、命名或类别证据不足
14083,就好三文鱼,REVIEW,,,可能是原生食材，但频次、命名或类别证据不足
14084,葱花辣椒,REVIEW,,,可能是原生食材，但频次、命名或类别证据不足
14085,剩烙饼,DROP,,,不属于指南允许的基础原生食材类别
14086,口味加减干辣椒,DROP,,,调味料不进入基础原生食材表
14087,比较小,DROP,,,不属于指南允许的基础原生食材类别
14088,自己想吃蔬菜,REVIEW,,,可能是原生食材，但频次、命名或类别证据不足
14089,豆腐板,DROP,,,豆制品或淀粉制品（严格模式排除）
14090,莓冰块,REVIEW,,,形态描述存在，但原始食材无法确定
14091,紫苏拌饭料,REVIEW,,,可能是原生食材，但频次、命名或类别证据不足
14092,韩式粉丝,DROP,,,豆制品或淀粉制品（严格模式排除）
14093,水滴形巧克力豆,DROP,,,烘焙或乳制加工食品
14094,面团可可粉,DROP,,,成品、半成品或加工食品
14095,种菇,REVIEW,,,可能是原生食材，但频次、命名或类别证据不足
14096,卡仕达酱」,DROP,,,不属于指南允许的基础原生食材类别
14097,镜头,DROP,,,不属于指南允许的基础原生食材类别
14098,长寿面,REVIEW,,,可能是原生食材，但频次、命名或类别证据不足
14099,人量鸡蛋面,REVIEW,,,可能是原生食材，但频次、命名或类别证据不足
14100,小米泡椒,DROP,,,成品、半成品或加工食品
14101,橙子酒,DROP,,,调味料不进入基础原生食材表
14102,重面粉,DROP,,,成品、半成品或加工食品
14103,羅勒葉,DROP,,,不属于指南允许的基础原生食材类别
14104,肉鬆,REVIEW,,,可能是原生食材，但频次、命名或类别证据不足
14105,俄罗斯面粉,DROP,,,成品、半成品或加工食品
14106,上层,DROP,,,不属于指南允许的基础原生食材类别
14107,辣炒年糕,DROP,,,成品、半成品或加工食品
14108,美活性白金版奶粉,DROP,,,烘焙或乳制加工食品
14109,味苏打饼干,DROP,,,烘焙或乳制加工食品
14110,焗饭,DROP,,,不属于指南允许的基础原生食材类别
14111,高山土豆,REVIEW,,,可能是原生食材，但频次、命名或类别证据不足
14112,巧克力布丁粉,DROP,,,烘焙或乳制加工食品
14113,甜粽子,DROP,,,不属于指南允许的基础原生食材类别
14114,啦红枣,REVIEW,,,可能是原生食材，但频次、命名或类别证据不足
14115,香菜木耳,REVIEW,,,可能是原生食材，但频次、命名或类别证据不足
14116,寸巧克力戚风,DROP,,,烘焙或乳制加工食品
14117,熟透,DROP,,,成品、半成品或加工食品
14118,大米预拌粉,DROP,,,不属于指南允许的基础原生食材类别
14119,咖啡戚风,DROP,,,饮料、酒类或乳制品不属于本版核心原生食材
14120,和豆沙,DROP,,,成品、半成品或加工食品
14121,无所谓洋葱,REVIEW,,,可能是原生食材，但频次、命名或类别证据不足
14122,剩余蛋黄,REVIEW,,,可能是原生食材，但频次、命名或类别证据不足
14123,米和小米,REVIEW,,,疑似多食材组合，但无法百分之百确认全部组成
14124,麸皮全麦粉,DROP,,,不属于指南允许的基础原生食材类别
14125,香菌,REVIEW,,,可能是原生食材，但频次、命名或类别证据不足
14126,儿红枣,REVIEW,,,可能是原生食材，但频次、命名或类别证据不足
14127,牛奶冻,DROP,,,饮料、酒类或乳制品不属于本版核心原生食材
14128,胡萝卜火腿,DROP,,,加工肉制品
14129,熟透大番茄,DROP,,,成品、半成品或加工食品
14130,嘿嘿,DROP,,,不属于指南允许的基础原生食材类别
14131,乾酪,DROP,,,不属于指南允许的基础原生食材类别
14132,咸花生,DROP,,,不属于指南允许的基础原生食材类别
14133,西芹菜,REVIEW,,,可能是原生食材，但频次、命名或类别证据不足
14134,带发酵功能烤箱,DROP,,,不属于指南允许的基础原生食材类别
14135,椰子冰淇淋,DROP,,,成品、半成品或加工食品
14136,老面包,DROP,,,烘焙或乳制加工食品
14137,橙子水,REVIEW,,,可能是原生食材，但频次、命名或类别证据不足
14138,肉卤,REVIEW,,,可能是原生食材，但频次、命名或类别证据不足
14139,了蒜蒜,REVIEW,,,可能是原生食材，但频次、命名或类别证据不足
14140,自发糕粉,DROP,,,不属于指南允许的基础原生食材类别
14141,和蔓越莓干,DROP,,,成品、半成品或加工食品
14142,海带裙,REVIEW,,,可能是原生食材，但频次、命名或类别证据不足
14143,干香芹碎,REVIEW,,,形态描述存在，但原始食材无法确定
14144,鲜嫩豆腐,DROP,,,豆制品或淀粉制品（严格模式排除）
14145,香肠火腿,DROP,,,加工肉制品
14146,蓝龙虾,REVIEW,,,可能是原生食材，但频次、命名或类别证据不足
14147,蛋黃醬,REVIEW,,,可能是原生食材，但频次、命名或类别证据不足
14148,啥菜,REVIEW,,,可能是原生食材，但频次、命名或类别证据不足
14149,发酵辣白菜,DROP,,,不属于指南允许的基础原生食材类别
14150,小个鸡蛋,REVIEW,,,可能是原生食材，但频次、命名或类别证据不足
14151,每天鸡蛋,REVIEW,,,可能是原生食材，但频次、命名或类别证据不足
14152,天然蔬果粉,DROP,,,不属于指南允许的基础原生食材类别
14153,西红柿汤,REVIEW,,,可能是原生食材，但频次、命名或类别证据不足
14154,卡仕达酱夹心,DROP,,,不属于指南允许的基础原生食材类别
14155,覆盆子粉,DROP,,,不属于指南允许的基础原生食材类别
14156,碎可不放,DROP,,,不属于指南允许的基础原生食材类别
14157,大小草莓,REVIEW,,,可能是原生食材，但频次、命名或类别证据不足
14158,多少葱姜蒜,DROP,,,数量或单位残留且无法可靠恢复原食材
14159,南美大对虾,REVIEW,,,可能是原生食材，但频次、命名或类别证据不足
14160,小粒花生米,REVIEW,,,可能是原生食材，但频次、命名或类别证据不足
14161,螺旋通心粉,REVIEW,,,可能是原生食材，但频次、命名或类别证据不足
14162,麦混合粉,REVIEW,,,可能是原生食材，但频次、命名或类别证据不足
14163,其他馅,DROP,,,不属于指南允许的基础原生食材类别
14164,寿桃牌瑶柱面,REVIEW,,,可能是原生食材，但频次、命名或类别证据不足
14165,爱吃东西,DROP,,,不属于指南允许的基础原生食材类别
14166,十牛奶,DROP,,,饮料、酒类或乳制品不属于本版核心原生食材
14167,红绿小米辣,REVIEW,,,可能是原生食材，但频次、命名或类别证据不足
14168,泡发好黑木耳,REVIEW,,,可能是原生食材，但频次、命名或类别证据不足
14169,优质脂肪,DROP,,,不属于指南允许的基础原生食材类别
14170,过滤勺,DROP,,,不属于指南允许的基础原生食材类别
14171,盘菜,REVIEW,,,可能是原生食材，但频次、命名或类别证据不足
14172,牛肉泡面,REVIEW,,,可能是原生食材，但频次、命名或类别证据不足
14173,鸡蛋共,REVIEW,,,可能是原生食材，但频次、命名或类别证据不足
14174,香蕉慕斯,DROP,,,成品、半成品或加工食品
14175,椒马苏里拉芝士,DROP,,,烘焙或乳制加工食品
14176,记号笔,DROP,,,不属于指南允许的基础原生食材类别
14177,紫皮土豆,DROP,,,不属于指南允许的基础原生食材类别
14178,天剩米饭,DROP,,,成品、半成品或加工食品
14179,榨汁水,DROP,,,不属于指南允许的基础原生食材类别
14180,注心饼干,DROP,,,烘焙或乳制加工食品
14181,子苹果,REVIEW,,,可能是原生食材，但频次、命名或类别证据不足
14182,比较香,DROP,,,不属于指南允许的基础原生食材类别
14183,意大利风味香料,DROP,,,不属于指南允许的基础原生食材类别
14184,意小西红柿,REVIEW,,,可能是原生食材，但频次、命名或类别证据不足
14185,料腌制,DROP,,,不属于指南允许的基础原生食材类别
14186,止水,DROP,,,不属于指南允许的基础原生食材类别
14187,葱蒜小米辣,REVIEW,,,可能是原生食材，但频次、命名或类别证据不足
14188,腌剁椒,DROP,,,成品、半成品或加工食品
14189,定米饭,DROP,,,成品、半成品或加工食品
14190,白色洋葱,REVIEW,,,可能是原生食材，但频次、命名或类别证据不足
14191,材料搅拌均匀,DROP,,,工具、包装或操作说明
14192,耐煮蔬菜,REVIEW,,,可能是原生食材，但频次、命名或类别证据不足
14193,了迷迭香,DROP,,,调味料不进入基础原生食材表
14194,鱼带鱼,REVIEW,,,可能是原生食材，但频次、命名或类别证据不足
14195,了茄子,REVIEW,,,可能是原生食材，但频次、命名或类别证据不足
14196,行大蒜,REVIEW,,,可能是原生食材，但频次、命名或类别证据不足
14197,来决定,DROP,,,不属于指南允许的基础原生食材类别
14198,红辣皮子,DROP,,,不属于指南允许的基础原生食材类别
14199,车厘茄,REVIEW,,,可能是原生食材，但频次、命名或类别证据不足
14200,头蒜蒜,REVIEW,,,可能是原生食材，但频次、命名或类别证据不足
14201,新鲜板栗,MERGE,169,板栗,去除确定的鲜冻/去皮去骨描述
14202,小根胡萝卜,REVIEW,,,可能是原生食材，但频次、命名或类别证据不足
14203,火腿火腿肠,DROP,,,加工肉制品
14204,口味尖椒,REVIEW,,,可能是原生食材，但频次、命名或类别证据不足
14205,各猕猴桃,REVIEW,,,可能是原生食材，但频次、命名或类别证据不足
14206,奶酪三明治,DROP,,,烘焙或乳制加工食品
14207,菜片,REVIEW,,,形态描述存在，但原始食材无法确定
14208,多少隔夜饭,DROP,,,数量或单位残留且无法可靠恢复原食材
14209,新鲜胡豆,REVIEW,,,可能是原生食材，但频次、命名或类别证据不足
14210,自己掂量,DROP,,,不属于指南允许的基础原生食材类别
14211,米混合,REVIEW,,,可能是原生食材，但频次、命名或类别证据不足
14212,多少放多少花生米,DROP,,,数量或单位残留且无法可靠恢复原食材
14213,自己定面粉,DROP,,,成品、半成品或加工食品
14214,三选一,DROP,,,不属于指南允许的基础原生食材类别
14215,糯米混合,REVIEW,,,可能是原生食材，但频次、命名或类别证据不足
14216,钵钵鸡,REVIEW,,,可能是原生食材，但频次、命名或类别证据不足
14217,我没放葱,REVIEW,,,可能是原生食材，但频次、命名或类别证据不足
14218,相关工具,DROP,,,不属于指南允许的基础原生食材类别
14219,就行普通面粉,DROP,,,成品、半成品或加工食品
14220,干贝虾米,DROP,,,成品、半成品或加工食品
14221,椒各彩椒,REVIEW,,,可能是原生食材，但频次、命名或类别证据不足
14222,立顿茶包,DROP,,,不属于指南允许的基础原生食材类别
14223,冬南瓜,REVIEW,,,可能是原生食材，但频次、命名或类别证据不足
14224,定手擀面,REVIEW,,,可能是原生食材，但频次、命名或类别证据不足
14225,据个人口味胡萝卜,REVIEW,,,可能是原生食材，但频次、命名或类别证据不足
14226,香料水,DROP,,,不属于指南允许的基础原生食材类别
14227,黑巧币,DROP,,,不属于指南允许的基础原生食材类别
14228,花姑,DROP,,,不属于指南允许的基础原生食材类别
14229,马交咸鱼,REVIEW,,,可能是原生食材，但频次、命名或类别证据不足
14230,黑芝麻燕麦,REVIEW,,,可能是原生食材，但频次、命名或类别证据不足
14231,奶粉勺,DROP,,,烘焙或乳制加工食品
14232,提取液,DROP,,,不属于指南允许的基础原生食材类别
14233,三象牌,DROP,,,不属于指南允许的基础原生食材类别
14234,果昔,DROP,,,不属于指南允许的基础原生食材类别
14235,多少韭菜,DROP,,,数量或单位残留且无法可靠恢复原食材
14236,可可巧克力,DROP,,,烘焙或乳制加工食品
14237,周一,DROP,,,不属于指南允许的基础原生食材类别
14238,周三,DROP,,,不属于指南允许的基础原生食材类别
14239,周四,DROP,,,不属于指南允许的基础原生食材类别
14240,周五,DROP,,,不属于指南允许的基础原生食材类别
14241,其他部位,DROP,,,不属于指南允许的基础原生食材类别
14242,枸杞桂圆,REVIEW,,,可能是原生食材，但频次、命名或类别证据不足
14243,干豆腐干,DROP,,,豆制品或淀粉制品（严格模式排除）
14244,全部混合,DROP,,,不属于指南允许的基础原生食材类别
14245,马铃薯沙拉,DROP,,,成品、半成品或加工食品
14246,菜一把,DROP,,,数量或单位残留且无法可靠恢复原食材
14247,山豆角,REVIEW,,,可能是原生食材，但频次、命名或类别证据不足
14248,就好肉松,DROP,,,加工肉制品
14249,薯去皮蒸熟,DROP,,,成品、半成品或加工食品
14250,棒子粉,DROP,,,不属于指南允许的基础原生食材类别
14251,和肉松,DROP,,,加工肉制品
14252,炒蘑菇,REVIEW,,,可能是原生食材，但频次、命名或类别证据不足
14253,多点大蒜,REVIEW,,,可能是原生食材，但频次、命名或类别证据不足
14254,生姜切丝,REVIEW,,,形态描述存在，但原始食材无法确定
14255,榨菜榨菜,DROP,,,不属于指南允许的基础原生食材类别
14256,色可可粉,DROP,,,成品、半成品或加工食品
14257,就几个鸡蛋鸡蛋,DROP,,,数量或单位残留且无法可靠恢复原食材
14258,肉排骨,REVIEW,,,可能是原生食材，但频次、命名或类别证据不足
14259,原粒燕麦,REVIEW,,,可能是原生食材，但频次、命名或类别证据不足
14260,面即可水,REVIEW,,,可能是原生食材，但频次、命名或类别证据不足
14261,牛栏奶粉,DROP,,,烘焙或乳制加工食品
14262,长方形烤盘,DROP,,,工具、包装或操作说明
14263,黄洋葱切碎,DROP,,,工具、包装或操作说明
14264,多红酒,DROP,,,调味料不进入基础原生食材表
14265,手动榨汁机,DROP,,,不属于指南允许的基础原生食材类别
14266,吧火腿,DROP,,,加工肉制品
14267,蓝贻贝,REVIEW,,,可能是原生食材，但频次、命名或类别证据不足
14268,配蔬菜,REVIEW,,,可能是原生食材，但频次、命名或类别证据不足
14269,味固体饮料,DROP,,,饮料、酒类或乳制品不属于本版核心原生食材
14270,水果酒,DROP,,,调味料不进入基础原生食材表
14271,水饺面粉,DROP,,,成品、半成品或加工食品
14272,蒜味香肠,DROP,,,加工肉制品
14273,菜篮子,REVIEW,,,可能是原生食材，但频次、命名或类别证据不足
14274,节白萝卜,REVIEW,,,可能是原生食材，但频次、命名或类别证据不足
14275,芝麻沙拉,DROP,,,成品、半成品或加工食品
14276,紫薯桃山皮,DROP,,,不属于指南允许的基础原生食材类别
14277,是面包料,DROP,,,烘焙或乳制加工食品
14278,腌鸡肉料,REVIEW,,,可能是原生食材，但频次、命名或类别证据不足
14279,〉开水,DROP,,,不属于指南允许的基础原生食材类别
14280,〉葱,REVIEW,,,可能是原生食材，但频次、命名或类别证据不足
14281,新鲜香菜,MERGE,9,香菜,去除确定的鲜冻/去皮去骨描述
14282,稍微多点,DROP,,,不属于指南允许的基础原生食材类别
14283,深海鳕鱼,REVIEW,,,可能是原生食材，但频次、命名或类别证据不足
14284,炸腐皮,DROP,,,不属于指南允许的基础原生食材类别
14285,巧克力水,DROP,,,烘焙或乳制加工食品
14286,元气水,DROP,,,不属于指南允许的基础原生食材类别
14287,鲤鱼鱼,REVIEW,,,可能是原生食材，但频次、命名或类别证据不足
14288,油食材,DROP,,,不属于指南允许的基础原生食材类别
14289,替代品,DROP,,,不属于指南允许的基础原生食材类别
14290,不易出水水果,DROP,,,不属于指南允许的基础原生食材类别
14291,酒酿饼,DROP,,,不属于指南允许的基础原生食材类别
14292,多少花甲,DROP,,,数量或单位残留且无法可靠恢复原食材
14293,泡小时,DROP,,,不属于指南允许的基础原生食材类别
14294,酸菜鱼酸菜,DROP,,,成品、半成品或加工食品
14295,品种很多,DROP,,,不属于指南允许的基础原生食材类别
14296,少红枣,REVIEW,,,可能是原生食材，但频次、命名或类别证据不足
14297,油浸吞拿鱼罐头,DROP,,,成品、半成品或加工食品
14298,啥吧,DROP,,,不属于指南允许的基础原生食材类别
14299,榨汁器,DROP,,,不属于指南允许的基础原生食材类别
14300,骨最好,DROP,,,不属于指南允许的基础原生食材类别
14301,巧克力烘焙豆,DROP,,,烘焙或乳制加工食品
14302,水果燕麦脆,DROP,,,成品、半成品或加工食品
14303,麻辣小龙虾,REVIEW,,,可能是原生食材，但频次、命名或类别证据不足
14304,红薏仁,REVIEW,,,可能是原生食材，但频次、命名或类别证据不足
14305,红粳米,REVIEW,,,可能是原生食材，但频次、命名或类别证据不足
14306,锋利刀,DROP,,,不属于指南允许的基础原生食材类别
14307,洋葱大蒜,REVIEW,,,可能是原生食材，但频次、命名或类别证据不足
14308,儿一段奶粉,DROP,,,烘焙或乳制加工食品
14309,备全蛋液,REVIEW,,,可能是原生食材，但频次、命名或类别证据不足
14310,干重,DROP,,,不属于指南允许的基础原生食材类别
14311,了牛肉,REVIEW,,,可能是原生食材，但频次、命名或类别证据不足
14312,白蚬,REVIEW,,,可能是原生食材，但频次、命名或类别证据不足
14313,温纯牛奶,DROP,,,饮料、酒类或乳制品不属于本版核心原生食材
14314,青檸,DROP,,,不属于指南允许的基础原生食材类别
14315,增加减少,DROP,,,不属于指南允许的基础原生食材类别
14316,虾尾小龙虾,REVIEW,,,可能是原生食材，但频次、命名或类别证据不足
14317,一半量水,DROP,,,不属于指南允许的基础原生食材类别
14318,麻薯夹心,REVIEW,,,可能是原生食材，但频次、命名或类别证据不足
14319,非必须,DROP,,,不属于指南允许的基础原生食材类别
14320,冲饮粉,DROP,,,不属于指南允许的基础原生食材类别
14321,绿皮小南瓜,DROP,,,不属于指南允许的基础原生食材类别
14322,蜜桃力娇酒,DROP,,,调味料不进入基础原生食材表
14323,杏仁蛋白饼,REVIEW,,,可能是原生食材，但频次、命名或类别证据不足
14324,机洋葱,REVIEW,,,可能是原生食材，但频次、命名或类别证据不足
14325,葱花沫,REVIEW,,,可能是原生食材，但频次、命名或类别证据不足
14326,卤菜香料,REVIEW,,,可能是原生食材，但频次、命名或类别证据不足
14327,胡萝卜青豆玉米丁,REVIEW,,,形态描述存在，但原始食材无法确定
14328,腰果杏仁,REVIEW,,,可能是原生食材，但频次、命名或类别证据不足
14329,烘焙预混粉,DROP,,,不属于指南允许的基础原生食材类别
14330,烩饭,DROP,,,不属于指南允许的基础原生食材类别
14331,香油调味,DROP,,,不属于指南允许的基础原生食材类别
14332,套工具,DROP,,,不属于指南允许的基础原生食材类别
14333,酱可可无,DROP,,,不属于指南允许的基础原生食材类别
14334,粉量,DROP,,,不属于指南允许的基础原生食材类别
14335,味粉料,DROP,,,不属于指南允许的基础原生食材类别
14336,都行干辣椒,DROP,,,调味料不进入基础原生食材表
14337,菊花瓣,REVIEW,,,形态描述存在，但原始食材无法确定
14338,牛奶蛋糕,DROP,,,烘焙或乳制加工食品
14339,胡萝卜丸子,DROP,,,成品、半成品或加工食品
14340,荠菜猪肉馅,REVIEW,,,可能是原生食材，但频次、命名或类别证据不足
14341,购买饺子皮,DROP,,,成品、半成品或加工食品
14342,老鹅,REVIEW,,,可能是原生食材，但频次、命名或类别证据不足
14343,炸酱面,DROP,,,不属于指南允许的基础原生食材类别
14344,齐平开水,DROP,,,不属于指南允许的基础原生食材类别
14345,鸡蛋炒面,REVIEW,,,可能是原生食材，但频次、命名或类别证据不足
14346,油肉,REVIEW,,,可能是原生食材，但频次、命名或类别证据不足
14347,弯管面,REVIEW,,,可能是原生食材，但频次、命名或类别证据不足
14348,水柚子皮,DROP,,,不属于指南允许的基础原生食材类别
14349,芝麻饼干,DROP,,,烘焙或乳制加工食品
14350,几只鸡爪,MERGE,112,鸡爪,修复数量/单位残留
14351,所水果,DROP,,,不属于指南允许的基础原生食材类别
14352,小东西,DROP,,,不属于指南允许的基础原生食材类别
14353,水里,DROP,,,不属于指南允许的基础原生食材类别
14354,什锦罐头,DROP,,,成品、半成品或加工食品
14355,一会,DROP,,,不属于指南允许的基础原生食材类别
14356,三段葱姜蒜,REVIEW,,,可能是原生食材，但频次、命名或类别证据不足
14357,意大利面意大利面,DROP,,,成品、半成品或加工食品
14358,藕藕,REVIEW,,,可能是原生食材，但频次、命名或类别证据不足
14359,蛋白营养粉,REVIEW,,,可能是原生食材，但频次、命名或类别证据不足
14360,子燕麦,REVIEW,,,可能是原生食材，但频次、命名或类别证据不足
14361,腊肠腊肠,DROP,,,成品、半成品或加工食品
14362,油酥量,DROP,,,不属于指南允许的基础原生食材类别
14363,牛肉午餐肉,DROP,,,加工肉制品
14364,少酸菜,DROP,,,成品、半成品或加工食品
14365,农家土鸡,REVIEW,,,可能是原生食材，但频次、命名或类别证据不足
14366,调整鸡蛋,REVIEW,,,可能是原生食材，但频次、命名或类别证据不足
14367,虾仁意面,REVIEW,,,可能是原生食材，但频次、命名或类别证据不足
14368,子烤盘,DROP,,,工具、包装或操作说明
14369,哦葱姜蒜,REVIEW,,,可能是原生食材，但频次、命名或类别证据不足
14370,火腿几片,DROP,,,加工肉制品
14371,酱小米椒,DROP,,,不属于指南允许的基础原生食材类别
14372,脆紫菜,REVIEW,,,可能是原生食材，但频次、命名或类别证据不足
14373,样巧克力,DROP,,,烘焙或乳制加工食品
14374,菇蘑菇,REVIEW,,,可能是原生食材，但频次、命名或类别证据不足
14375,玉米衣,REVIEW,,,可能是原生食材，但频次、命名或类别证据不足
14376,柠檬夹心,REVIEW,,,可能是原生食材，但频次、命名或类别证据不足
14377,慕斯馅奶油奶酪,DROP,,,烘焙或乳制加工食品
14378,泡豆腐,DROP,,,豆制品或淀粉制品（严格模式排除）
14379,淡奶油夹馅,DROP,,,烘焙或乳制加工食品
14380,奥利奥咸奶油馅,DROP,,,烘焙或乳制加工食品
14381,鱼剁椒,DROP,,,成品、半成品或加工食品
14382,多少芝士,DROP,,,烘焙或乳制加工食品
14383,新鲜蒲公英,DROP,,,不属于指南允许的基础原生食材类别
14384,朵泡发干香菇,MERGE,93,干香菇,去除确定的鲜冻/去皮去骨描述
14385,芫茜菜,REVIEW,,,可能是原生食材，但频次、命名或类别证据不足
14386,琯溪蜜柚,REVIEW,,,可能是原生食材，但频次、命名或类别证据不足
14387,欧芹碎叶,REVIEW,,,可能是原生食材，但频次、命名或类别证据不足
14388,部位牛肉,REVIEW,,,可能是原生食材，但频次、命名或类别证据不足
14389,几个小番茄,DROP,,,数量或单位残留且无法可靠恢复原食材
14390,碟芹菜末,REVIEW,,,形态描述存在，但原始食材无法确定
14391,香肉桂粉,DROP,,,调味料不进入基础原生食材表
14392,馅奶油奶酪,DROP,,,烘焙或乳制加工食品
14393,多红枣,REVIEW,,,可能是原生食材，但频次、命名或类别证据不足
14394,多少炼乳,DROP,,,烘焙或乳制加工食品
14395,迷迭香切片,DROP,,,调味料不进入基础原生食材表
14396,奶油吐司,DROP,,,烘焙或乳制加工食品
14397,头蘑菇,REVIEW,,,可能是原生食材，但频次、命名或类别证据不足
14398,对切开,DROP,,,不属于指南允许的基础原生食材类别
14399,擦干,DROP,,,不属于指南允许的基础原生食材类别
14400,金蚝,DROP,,,不属于指南允许的基础原生食材类别
14401,一绺韭菜,REVIEW,,,可能是原生食材，但频次、命名或类别证据不足
14402,响水大米,REVIEW,,,可能是原生食材，但频次、命名或类别证据不足
14403,炖好五花肉,REVIEW,,,可能是原生食材，但频次、命名或类别证据不足
14404,墨西哥椒,REVIEW,,,可能是原生食材，但频次、命名或类别证据不足
14405,藜麦米粉,DROP,,,成品、半成品或加工食品
14406,口味芝士片,DROP,,,烘焙或乳制加工食品
14407,自己口味肉末,REVIEW,,,形态描述存在，但原始食材无法确定
14408,熬制,DROP,,,不属于指南允许的基础原生食材类别
14409,溏心卤蛋,REVIEW,,,可能是原生食材，但频次、命名或类别证据不足
14410,碟白芝麻,REVIEW,,,可能是原生食材，但频次、命名或类别证据不足
14411,青椒红辣椒,REVIEW,,,可能是原生食材，但频次、命名或类别证据不足
14412,白肉火龙果,REVIEW,,,可能是原生食材，但频次、命名或类别证据不足
14413,黑山猪里脊,REVIEW,,,可能是原生食材，但频次、命名或类别证据不足
14414,料调味粉,DROP,,,不属于指南允许的基础原生食材类别
14415,装牛奶,DROP,,,饮料、酒类或乳制品不属于本版核心原生食材
14416,黄豆水,REVIEW,,,可能是原生食材，但频次、命名或类别证据不足
14417,了炼乳,DROP,,,烘焙或乳制加工食品
14418,油蒜,REVIEW,,,可能是原生食材，但频次、命名或类别证据不足
14419,紫菜饼,REVIEW,,,可能是原生食材，但频次、命名或类别证据不足
14420,大米面,REVIEW,,,可能是原生食材，但频次、命名或类别证据不足
14421,头粟米,REVIEW,,,可能是原生食材，但频次、命名或类别证据不足
14422,雀巢咖啡醇品,DROP,,,饮料、酒类或乳制品不属于本版核心原生食材
14423,大盘子,DROP,,,不属于指南允许的基础原生食材类别
14424,意面料,REVIEW,,,可能是原生食材，但频次、命名或类别证据不足
14425,饭碗凉开水,DROP,,,不属于指南允许的基础原生食材类别
14426,半芝士片,DROP,,,烘焙或乳制加工食品
14427,麻辣腊肠,DROP,,,成品、半成品或加工食品
14428,定香葱,REVIEW,,,可能是原生食材，但频次、命名或类别证据不足
14429,少朝天椒,REVIEW,,,可能是原生食材，但频次、命名或类别证据不足
14430,贡米,REVIEW,,,可能是原生食材，但频次、命名或类别证据不足
14431,绍兴臭豆腐,DROP,,,豆制品或淀粉制品（严格模式排除）
14432,多少生姜,DROP,,,数量或单位残留且无法可靠恢复原食材
14433,小号蛋挞皮,DROP,,,成品、半成品或加工食品
14434,味香料,DROP,,,不属于指南允许的基础原生食材类别
14435,绿色开心果,REVIEW,,,可能是原生食材，但频次、命名或类别证据不足
14436,抓一小撮,DROP,,,不属于指南允许的基础原生食材类别
14437,丝帕玛森奶酪,DROP,,,烘焙或乳制加工食品
14438,黑藜麦,REVIEW,,,可能是原生食材，但频次、命名或类别证据不足
14439,抓意大利面,DROP,,,成品、半成品或加工食品
14440,散面粉,DROP,,,成品、半成品或加工食品
14441,螺蛳椒,REVIEW,,,可能是原生食材，但频次、命名或类别证据不足
14442,玉米茬,REVIEW,,,可能是原生食材，但频次、命名或类别证据不足
14443,娃娃菜蔬菜,REVIEW,,,可能是原生食材，但频次、命名或类别证据不足
14444,蛋液刷表层,DROP,,,工具、包装或操作说明
14445,椒豆腐,DROP,,,豆制品或淀粉制品（严格模式排除）
14446,儿童意面,REVIEW,,,可能是原生食材，但频次、命名或类别证据不足
14447,榆钱叶,DROP,,,不属于指南允许的基础原生食材类别
14448,粉汤,DROP,,,不属于指南允许的基础原生食材类别
14449,姜葱姜,REVIEW,,,可能是原生食材，但频次、命名或类别证据不足
14450,仔公鸡一只,DROP,,,数量或单位残留且无法可靠恢复原食材
14451,调节,DROP,,,不属于指南允许的基础原生食材类别
14452,黄心小土豆,REVIEW,,,可能是原生食材，但频次、命名或类别证据不足
14453,本地南瓜,REVIEW,,,可能是原生食材，但频次、命名或类别证据不足
14454,莴苣嫩叶,REVIEW,,,可能是原生食材，但频次、命名或类别证据不足
14455,鲜枸杞,MERGE,57,枸杞,去除确定的鲜冻/去皮去骨描述
14456,手揉,DROP,,,不属于指南允许的基础原生食材类别
14457,哦水,DROP,,,不属于指南允许的基础原生食材类别
14458,高度,DROP,,,不属于指南允许的基础原生食材类别
14459,浓鸡汤,REVIEW,,,可能是原生食材，但频次、命名或类别证据不足
14460,配好,DROP,,,不属于指南允许的基础原生食材类别
14461,鸡蛋蛋清鸡蛋清,REVIEW,,,可能是原生食材，但频次、命名或类别证据不足
14462,号保鲜袋,DROP,,,不属于指南允许的基础原生食材类别
14463,鸡汤粉,REVIEW,,,可能是原生食材，但频次、命名或类别证据不足
14464,定清水,DROP,,,不属于指南允许的基础原生食材类别
14465,南美大虾,REVIEW,,,可能是原生食材，但频次、命名或类别证据不足
14466,部分』,DROP,,,不属于指南允许的基础原生食材类别
14467,各种调味粉,DROP,,,不属于指南允许的基础原生食材类别
14468,合菜,REVIEW,,,可能是原生食材，但频次、命名或类别证据不足
14469,酒饮料,DROP,,,饮料、酒类或乳制品不属于本版核心原生食材
14470,新鲜金不换,DROP,,,不属于指南允许的基础原生食材类别
14471,多少竹荪,DROP,,,数量或单位残留且无法可靠恢复原食材
14472,信念,DROP,,,不属于指南允许的基础原生食材类别
14473,情况牛肉,REVIEW,,,可能是原生食材，但频次、命名或类别证据不足
14474,不能少,DROP,,,不属于指南允许的基础原生食材类别
14475,蔓越莓乾,REVIEW,,,可能是原生食材，但频次、命名或类别证据不足
14476,一段青瓜,REVIEW,,,可能是原生食材，但频次、命名或类别证据不足
14477,新鲜铁棍山药,MERGE,183,铁棍山药,去除确定的鲜冻/去皮去骨描述
14478,卷肥牛卷,REVIEW,,,可能是原生食材，但频次、命名或类别证据不足
14479,椒葱姜,REVIEW,,,可能是原生食材，但频次、命名或类别证据不足
14480,一半青椒,REVIEW,,,可能是原生食材，但频次、命名或类别证据不足
14481,蛋黄粽,REVIEW,,,可能是原生食材，但频次、命名或类别证据不足
14482,来大米,REVIEW,,,可能是原生食材，但频次、命名或类别证据不足
14483,西红柿两个,MERGE,14,番茄,修复数量/单位残留
14484,绞猪肉,REVIEW,,,可能是原生食材，但频次、命名或类别证据不足
14485,巧克力流心馅,DROP,,,烘焙或乳制加工食品
14486,全麦包,REVIEW,,,可能是原生食材，但频次、命名或类别证据不足
14487,味斯美海苔肉松,DROP,,,加工肉制品
14488,大豆芽,REVIEW,,,可能是原生食材，但频次、命名或类别证据不足
14489,颜色各彩椒,REVIEW,,,可能是原生食材，但频次、命名或类别证据不足
14490,消化饼干底,DROP,,,烘焙或乳制加工食品
14491,白葡萄,REVIEW,,,可能是原生食材，但频次、命名或类别证据不足
14492,人分量意粉,DROP,,,不属于指南允许的基础原生食材类别
14493,奶油巧克力,DROP,,,烘焙或乳制加工食品
14494,牛奶巧克力慕斯,DROP,,,烘焙或乳制加工食品
14495,一下水,DROP,,,不属于指南允许的基础原生食材类别
14496,大茄子,REVIEW,,,可能是原生食材，但频次、命名或类别证据不足
14497,盘底,DROP,,,不属于指南允许的基础原生食材类别
14498,内酯豆腐一盒,DROP,,,豆制品或淀粉制品（严格模式排除）
14499,无热量,DROP,,,不属于指南允许的基础原生食材类别
14500,口味苏打水,DROP,,,不属于指南允许的基础原生食材类别
14501,都行南瓜,REVIEW,,,可能是原生食材，但频次、命名或类别证据不足
14502,米饭剩饭,DROP,,,成品、半成品或加工食品
14503,图案,DROP,,,不属于指南允许的基础原生食材类别
14504,干玫瑰花茶,DROP,,,调味料不进入基础原生食材表
14505,后冷藏,DROP,,,不属于指南允许的基础原生食材类别
14506,多冬瓜,REVIEW,,,可能是原生食材，但频次、命名或类别证据不足
14507,拳头大土豆,REVIEW,,,可能是原生食材，但频次、命名或类别证据不足
14508,花辣,DROP,,,不属于指南允许的基础原生食材类别
14509,剥皮蒜,DROP,,,不属于指南允许的基础原生食材类别
14510,芝麻球,REVIEW,,,可能是原生食材，但频次、命名或类别证据不足
14511,番茄碎罐头,DROP,,,成品、半成品或加工食品
14512,几片火腿,DROP,,,加工肉制品
14513,前夹心肉,REVIEW,,,可能是原生食材，但频次、命名或类别证据不足
14514,判断,DROP,,,不属于指南允许的基础原生食材类别
14515,黄瓜半根,MERGE,19,黄瓜,修复数量/单位残留
14516,速溶奶茶,DROP,,,饮料、酒类或乳制品不属于本版核心原生食材
14517,是人分量,DROP,,,不属于指南允许的基础原生食材类别
14518,白切鸡肉,REVIEW,,,可能是原生食材，但频次、命名或类别证据不足
14519,六鳌红薯,REVIEW,,,可能是原生食材，但频次、命名或类别证据不足
14520,丸子组合,DROP,,,成品、半成品或加工食品
14521,多西红柿,REVIEW,,,可能是原生食材，但频次、命名或类别证据不足
14522,酵素粉,DROP,,,不属于指南允许的基础原生食材类别
14523,鳕鱼花胶,REVIEW,,,可能是原生食材，但频次、命名或类别证据不足
14524,长条茄子茄子,REVIEW,,,可能是原生食材，但频次、命名或类别证据不足
14525,此配方可做,DROP,,,不属于指南允许的基础原生食材类别
14526,方形油豆腐,DROP,,,豆制品或淀粉制品（严格模式排除）
14527,豆番茄,REVIEW,,,可能是原生食材，但频次、命名或类别证据不足
14528,口味放蒜末,REVIEW,,,形态描述存在，但原始食材无法确定
14529,薄片切丝姜,REVIEW,,,可能是原生食材，但频次、命名或类别证据不足
14530,甜椒份,REVIEW,,,可能是原生食材，但频次、命名或类别证据不足
14531,欢什么加什么蔬菜,REVIEW,,,可能是原生食材，但频次、命名或类别证据不足
14532,多少就多少大米,DROP,,,数量或单位残留且无法可靠恢复原食材
14533,干碎末,REVIEW,,,形态描述存在，但原始食材无法确定
14534,克豆沙,DROP,,,成品、半成品或加工食品
14535,麦燕麦片,REVIEW,,,形态描述存在，但原始食材无法确定
14536,普通生菜,REVIEW,,,可能是原生食材，但频次、命名或类别证据不足
14537,乳酪蛋糕层,DROP,,,烘焙或乳制加工食品
14538,红枣茶,DROP,,,饮料、酒类或乳制品不属于本版核心原生食材
14539,人数确定面条,DROP,,,成品、半成品或加工食品
14540,红绿彩椒,REVIEW,,,可能是原生食材，但频次、命名或类别证据不足
14541,烹饪料,DROP,,,不属于指南允许的基础原生食材类别
14542,其他调味,DROP,,,不属于指南允许的基础原生食材类别
14543,小米蕉,REVIEW,,,可能是原生食材，但频次、命名或类别证据不足
14544,时光,DROP,,,不属于指南允许的基础原生食材类别
14545,儿童成长奶酪,DROP,,,烘焙或乳制加工食品
14546,皮材料低筋面粉,DROP,,,成品、半成品或加工食品
14547,材料低筋面粉,DROP,,,成品、半成品或加工食品
14548,食材合集,DROP,,,不属于指南允许的基础原生食材类别
14549,果脯蜜饯,DROP,,,成品、半成品或加工食品
14550,抓枸杞子,REVIEW,,,可能是原生食材，但频次、命名或类别证据不足
14551,很多很多,DROP,,,不属于指南允许的基础原生食材类别
14552,钱绿豆芽,REVIEW,,,可能是原生食材，但频次、命名或类别证据不足
14553,各种液体,DROP,,,不属于指南允许的基础原生食材类别
14554,圆茄子茄子,REVIEW,,,可能是原生食材，但频次、命名或类别证据不足
14555,滚开热水,DROP,,,不属于指南允许的基础原生食材类别
14556,香芝麻,REVIEW,,,可能是原生食材，但频次、命名或类别证据不足
14557,燕菜精,REVIEW,,,可能是原生食材，但频次、命名或类别证据不足
14558,水果西瓜,REVIEW,,,可能是原生食材，但频次、命名或类别证据不足
14559,和小米辣,REVIEW,,,疑似多食材组合，但无法百分之百确认全部组成
14560,麻辣拌料,DROP,,,不属于指南允许的基础原生食材类别
14561,刺身三文鱼,REVIEW,,,可能是原生食材，但频次、命名或类别证据不足
14562,肉馅里鸡蛋,REVIEW,,,可能是原生食材，但频次、命名或类别证据不足
14563,多少葡萄,DROP,,,数量或单位残留且无法可靠恢复原食材
14564,紅燈籠椒,REVIEW,,,可能是原生食材，但频次、命名或类别证据不足
14565,蒜小葱,REVIEW,,,可能是原生食材，但频次、命名或类别证据不足
14566,厨具,DROP,,,不属于指南允许的基础原生食材类别
14567,爱与责任,DROP,,,不属于指南允许的基础原生食材类别
14568,带籽河虾,REVIEW,,,可能是原生食材，但频次、命名或类别证据不足
14569,色蛋卷,REVIEW,,,可能是原生食材，但频次、命名或类别证据不足
14570,古田丑耳,DROP,,,不属于指南允许的基础原生食材类别
14571,五常大米饭,DROP,,,成品、半成品或加工食品
14572,通脊肉,REVIEW,,,可能是原生食材，但频次、命名或类别证据不足
14573,剩牛肉,REVIEW,,,可能是原生食材，但频次、命名或类别证据不足
14574,杂粮剩饭,DROP,,,不属于指南允许的基础原生食材类别
14575,虎皮皱椒,DROP,,,不属于指南允许的基础原生食材类别
14576,生姜蒜,REVIEW,,,可能是原生食材，但频次、命名或类别证据不足
14577,鸡蛋加一起牛奶,DROP,,,饮料、酒类或乳制品不属于本版核心原生食材
14578,彩色糯米,REVIEW,,,可能是原生食材，但频次、命名或类别证据不足
14579,取叶子,DROP,,,不属于指南允许的基础原生食材类别
14580,馅料量,DROP,,,不属于指南允许的基础原生食材类别
14581,宠物饼干,DROP,,,烘焙或乳制加工食品
14582,芝麻和海苔,DROP,,,成品、半成品或加工食品
14583,黑巧克力切小块,DROP,,,烘焙或乳制加工食品
14584,沙拉馅,DROP,,,成品、半成品或加工食品
14585,油拌匀,DROP,,,不属于指南允许的基础原生食材类别
14586,番茄火锅料,REVIEW,,,可能是原生食材，但频次、命名或类别证据不足
14587,香菜末葱花,REVIEW,,,可能是原生食材，但频次、命名或类别证据不足
14588,肉丁罐头,DROP,,,成品、半成品或加工食品
14589,辣椒脆,REVIEW,,,可能是原生食材，但频次、命名或类别证据不足
14590,窝头,DROP,,,不属于指南允许的基础原生食材类别
14591,养生粥,DROP,,,成品、半成品或加工食品
14592,酱李锦记,DROP,,,不属于指南允许的基础原生食材类别
14593,辣白菜咸菜,DROP,,,成品、半成品或加工食品
14594,巴旦木奶,DROP,,,饮料、酒类或乳制品不属于本版核心原生食材
14595,发酵好,DROP,,,不属于指南允许的基础原生食材类别
14596,葱头葱花,REVIEW,,,可能是原生食材，但频次、命名或类别证据不足
14597,猪腿,REVIEW,,,可能是原生食材，但频次、命名或类别证据不足
14598,东山头水紫菜,REVIEW,,,可能是原生食材，但频次、命名或类别证据不足
14599,海苔肉松肉松,DROP,,,加工肉制品
14600,准备老面,REVIEW,,,可能是原生食材，但频次、命名或类别证据不足
14601,食银粉,DROP,,,不属于指南允许的基础原生食材类别
14602,玉米杂菜,REVIEW,,,可能是原生食材，但频次、命名或类别证据不足
14603,榴莲汤圆,DROP,,,不属于指南允许的基础原生食材类别
14604,来意大利面,DROP,,,成品、半成品或加工食品
14605,各种奶,DROP,,,饮料、酒类或乳制品不属于本版核心原生食材
14606,甜红枣,REVIEW,,,可能是原生食材，但频次、命名或类别证据不足
14607,过滤筛,DROP,,,不属于指南允许的基础原生食材类别
14608,红豆冰淇淋,DROP,,,成品、半成品或加工食品
14609,烧烤蘸料粉,DROP,,,不属于指南允许的基础原生食材类别
14610,酸汤肥牛,REVIEW,,,可能是原生食材，但频次、命名或类别证据不足
14611,料清水,DROP,,,不属于指南允许的基础原生食材类别
14612,法切羊排,REVIEW,,,可能是原生食材，但频次、命名或类别证据不足
14613,餐人数意面,REVIEW,,,可能是原生食材，但频次、命名或类别证据不足
14614,糙米红米,REVIEW,,,可能是原生食材，但频次、命名或类别证据不足
14615,新鲜淮山,DROP,,,不属于指南允许的基础原生食材类别
14616,烧鸡公佐料,REVIEW,,,可能是原生食材，但频次、命名或类别证据不足
14617,椰王,DROP,,,不属于指南允许的基础原生食材类别
14618,能找蔬菜,REVIEW,,,可能是原生食材，但频次、命名或类别证据不足
14619,可以核桃仁,REVIEW,,,可能是原生食材，但频次、命名或类别证据不足
14620,羊排羊排,REVIEW,,,可能是原生食材，但频次、命名或类别证据不足
14621,部分大白菜,REVIEW,,,可能是原生食材，但频次、命名或类别证据不足
14622,比例牛奶,DROP,,,饮料、酒类或乳制品不属于本版核心原生食材
14623,青椒蔬菜,REVIEW,,,可能是原生食材，但频次、命名或类别证据不足
14624,姜丝蒜瓣,REVIEW,,,形态描述存在，但原始食材无法确定
14625,椒干红辣椒,REVIEW,,,可能是原生食材，但频次、命名或类别证据不足
14626,两个紫薯,MERGE,47,紫薯,修复数量/单位残留
14627,牛奶咖啡,DROP,,,饮料、酒类或乳制品不属于本版核心原生食材
14628,多少颗红枣,DROP,,,数量或单位残留且无法可靠恢复原食材
14629,干那许,DROP,,,不属于指南允许的基础原生食材类别
14630,柚子酒,DROP,,,调味料不进入基础原生食材表
14631,朵水发木耳,REVIEW,,,可能是原生食材，但频次、命名或类别证据不足
14632,粉之类,DROP,,,不属于指南允许的基础原生食材类别
14633,鲜黄鱼,MERGE,293,黄鱼,去除确定的鲜冻/去皮去骨描述
14634,清水」,DROP,,,不属于指南允许的基础原生食材类别
14635,食量南瓜,REVIEW,,,可能是原生食材，但频次、命名或类别证据不足
14636,灌肠工具一套,DROP,,,不属于指南允许的基础原生食材类别
14637,椒泡椒,DROP,,,成品、半成品或加工食品
14638,芝麻籽,REVIEW,,,可能是原生食材，但频次、命名或类别证据不足
14639,香蕉奶昔,DROP,,,饮料、酒类或乳制品不属于本版核心原生食材
14640,馬蘇里拉,DROP,,,不属于指南允许的基础原生食材类别
14641,牛奶一小袋,DROP,,,饮料、酒类或乳制品不属于本版核心原生食材
14642,蛋小母鸡,REVIEW,,,可能是原生食材，但频次、命名或类别证据不足
14643,干扇贝,REVIEW,,,可能是原生食材，但频次、命名或类别证据不足
14644,芝士片芝士,DROP,,,烘焙或乳制加工食品
14645,杏仁坚果,REVIEW,,,可能是原生食材，但频次、命名或类别证据不足
14646,铁棍山药一根,MERGE,183,铁棍山药,修复数量/单位残留
14647,新鲜浆果,DROP,,,不属于指南允许的基础原生食材类别
14648,蒜小米辣,REVIEW,,,可能是原生食材，但频次、命名或类别证据不足
14649,风味拉面,REVIEW,,,可能是原生食材，但频次、命名或类别证据不足
14650,香肠肉,DROP,,,加工肉制品
14651,卷红薯粉丝,DROP,,,豆制品或淀粉制品（严格模式排除）
14652,是干,DROP,,,不属于指南允许的基础原生食材类别
14653,汤锅底,DROP,,,不属于指南允许的基础原生食材类别
14654,一五花肉,REVIEW,,,可能是原生食材，但频次、命名或类别证据不足
14655,烟熏料,DROP,,,成品、半成品或加工食品
14656,没过板栗水,REVIEW,,,可能是原生食材，但频次、命名或类别证据不足
14657,硬币大小姜,REVIEW,,,可能是原生食材，但频次、命名或类别证据不足
14658,抓花生,DROP,,,不属于指南允许的基础原生食材类别
14659,蛋黄蛋黄,REVIEW,,,可能是原生食材，但频次、命名或类别证据不足
14660,扇羊排,REVIEW,,,可能是原生食材，但频次、命名或类别证据不足
14661,汁葱,REVIEW,,,可能是原生食材，但频次、命名或类别证据不足
14662,装水,DROP,,,不属于指南允许的基础原生食材类别
14663,微辣榨菜,DROP,,,不属于指南允许的基础原生食材类别
14664,淡味奶酪,DROP,,,烘焙或乳制加工食品
14665,两个小土豆,MERGE,12,土豆,修复数量/单位残留
14666,多少方便面,DROP,,,成品、半成品或加工食品
14667,黑芝麻渣,REVIEW,,,可能是原生食材，但频次、命名或类别证据不足
14668,方盒,DROP,,,不属于指南允许的基础原生食材类别
14669,塑料肠衣,DROP,,,不属于指南允许的基础原生食材类别
14670,怡泉气泡水,DROP,,,不属于指南允许的基础原生食材类别
14671,熟白米饭,DROP,,,成品、半成品或加工食品
14672,大葱半根,MERGE,1,葱,修复数量/单位残留
14673,其他可选,DROP,,,不属于指南允许的基础原生食材类别
14674,小一根胡萝卜,DROP,,,数量或单位残留且无法可靠恢复原食材
14675,人版,DROP,,,不属于指南允许的基础原生食材类别
14676,鸡蛋布丁粉,DROP,,,成品、半成品或加工食品
14677,坛坛乡剁椒,DROP,,,成品、半成品或加工食品
14678,后切丝,REVIEW,,,形态描述存在，但原始食材无法确定
14679,小白菜叶,REVIEW,,,可能是原生食材，但频次、命名或类别证据不足
14680,五年陈,DROP,,,不属于指南允许的基础原生食材类别
14681,可以玉米粒,REVIEW,,,可能是原生食材，但频次、命名或类别证据不足
14682,情况牛奶,DROP,,,饮料、酒类或乳制品不属于本版核心原生食材
14683,英式早餐红茶,DROP,,,饮料、酒类或乳制品不属于本版核心原生食材
14684,黑色可可粉,DROP,,,成品、半成品或加工食品
14685,巧克力金币,DROP,,,烘焙或乳制加工食品
14686,料量,DROP,,,不属于指南允许的基础原生食材类别
14687,普通糯米,REVIEW,,,可能是原生食材，但频次、命名或类别证据不足
14688,如上所述,DROP,,,不属于指南允许的基础原生食材类别
14689,那种白菜,REVIEW,,,可能是原生食材，但频次、命名或类别证据不足
14690,高级酱青,DROP,,,不属于指南允许的基础原生食材类别
14691,母螃蟹,REVIEW,,,可能是原生食材，但频次、命名或类别证据不足
14692,成末,REVIEW,,,形态描述存在，但原始食材无法确定
14693,定肉松,DROP,,,加工肉制品
14694,食玫瑰鲜花,DROP,,,调味料不进入基础原生食材表
14695,北海道高筋面粉,DROP,,,成品、半成品或加工食品
14696,粗粮主食,DROP,,,不属于指南允许的基础原生食材类别
14697,材料╮,DROP,,,不属于指南允许的基础原生食材类别
14698,香莴笋叶子,REVIEW,,,可能是原生食材，但频次、命名或类别证据不足
14699,及其他,DROP,,,不属于指南允许的基础原生食材类别
14700,摇摇杯,DROP,,,不属于指南允许的基础原生食材类别
14701,牛肉精,REVIEW,,,可能是原生食材，但频次、命名或类别证据不足
14702,粉高筋粉,DROP,,,不属于指南允许的基础原生食材类别
14703,开洋干贝,DROP,,,成品、半成品或加工食品
14704,老师,DROP,,,不属于指南允许的基础原生食材类别
14705,就行生姜,REVIEW,,,可能是原生食材，但频次、命名或类别证据不足
14706,方块嫩豆腐,DROP,,,豆制品或淀粉制品（严格模式排除）
14707,椒可不放,REVIEW,,,可能是原生食材，但频次、命名或类别证据不足
14708,腌鸡胸肉料,REVIEW,,,可能是原生食材，但频次、命名或类别证据不足
14709,卤豆腐干,DROP,,,豆制品或淀粉制品（严格模式排除）
14710,骨髓,DROP,,,不属于指南允许的基础原生食材类别
14711,茶葉,DROP,,,不属于指南允许的基础原生食材类别
14712,馅了,DROP,,,不属于指南允许的基础原生食材类别
14713,王饺子,DROP,,,成品、半成品或加工食品
14714,腰果奶,DROP,,,饮料、酒类或乳制品不属于本版核心原生食材
14715,数枚,DROP,,,不属于指南允许的基础原生食材类别
14716,鸡胸肉鸡腿肉,REVIEW,,,可能是原生食材，但频次、命名或类别证据不足
14717,红豆腐,DROP,,,豆制品或淀粉制品（严格模式排除）
14718,野生大黄鱼,REVIEW,,,可能是原生食材，但频次、命名或类别证据不足
14719,温水泡软,DROP,,,不属于指南允许的基础原生食材类别
14720,挤干水分,DROP,,,不属于指南允许的基础原生食材类别
14721,很大,DROP,,,不属于指南允许的基础原生食材类别
14722,青花椰菜,REVIEW,,,可能是原生食材，但频次、命名或类别证据不足
14723,吧鸡蛋,REVIEW,,,可能是原生食材，但频次、命名或类别证据不足
14724,菜萝卜,REVIEW,,,可能是原生食材，但频次、命名或类别证据不足
14725,料粉包,DROP,,,不属于指南允许的基础原生食材类别
14726,其他植物奶,DROP,,,饮料、酒类或乳制品不属于本版核心原生食材
14727,麻子香蕉,REVIEW,,,可能是原生食材，但频次、命名或类别证据不足
14728,一块五花肉,DROP,,,数量或单位残留且无法可靠恢复原食材
14729,橙甜椒,REVIEW,,,可能是原生食材，但频次、命名或类别证据不足
14730,馅红豆沙馅,DROP,,,成品、半成品或加工食品
14731,需泡发,DROP,,,不属于指南允许的基础原生食材类别
14732,同量水,DROP,,,不属于指南允许的基础原生食材类别
14733,蒜泥姜泥,REVIEW,,,可能是原生食材，但频次、命名或类别证据不足
14734,想放食材,DROP,,,不属于指南允许的基础原生食材类别
14735,碎干酪,DROP,,,不属于指南允许的基础原生食材类别
14736,如图姜丝,REVIEW,,,形态描述存在，但原始食材无法确定
14737,薄片午餐肉,DROP,,,加工肉制品
14738,火龙果一个,MERGE,100,火龙果,修复数量/单位残留
14739,少牛肉,REVIEW,,,可能是原生食材，但频次、命名或类别证据不足
14740,外脊,DROP,,,不属于指南允许的基础原生食材类别
14741,白色巧克力笔,DROP,,,烘焙或乳制加工食品
14742,搓裙带菜,REVIEW,,,可能是原生食材，但频次、命名或类别证据不足
14743,贵妃芒果,REVIEW,,,可能是原生食材，但频次、命名或类别证据不足
14744,倍量水,DROP,,,不属于指南允许的基础原生食材类别
14745,香菇泡发水,REVIEW,,,可能是原生食材，但频次、命名或类别证据不足
14746,青梅果酒,DROP,,,调味料不进入基础原生食材表
14747,就好面包糠,DROP,,,烘焙或乳制加工食品
14748,野生竹荪,REVIEW,,,可能是原生食材，但频次、命名或类别证据不足
14749,清楚,DROP,,,不属于指南允许的基础原生食材类别
14750,刀块胡萝卜,REVIEW,,,可能是原生食材，但频次、命名或类别证据不足
14751,米糙米饭,DROP,,,成品、半成品或加工食品
14752,舒化奶,DROP,,,饮料、酒类或乳制品不属于本版核心原生食材
14753,眼肉,REVIEW,,,可能是原生食材，但频次、命名或类别证据不足
14754,前臀尖,DROP,,,不属于指南允许的基础原生食材类别
14755,独头蒜大蒜,REVIEW,,,可能是原生食材，但频次、命名或类别证据不足
14756,可以省略,DROP,,,不属于指南允许的基础原生食材类别
14757,紫薯团,REVIEW,,,可能是原生食材，但频次、命名或类别证据不足
14758,非常重要,DROP,,,不属于指南允许的基础原生食材类别
14759,现剥虾仁,REVIEW,,,可能是原生食材，但频次、命名或类别证据不足
14760,和豌豆,REVIEW,,,疑似多食材组合，但无法百分之百确认全部组成
14761,贝类海鲜,REVIEW,,,可能是原生食材，但频次、命名或类别证据不足
14762,配菜芹菜,REVIEW,,,可能是原生食材，但频次、命名或类别证据不足
14763,葡式蛋挞液,DROP,,,成品、半成品或加工食品
14764,配色青豆,REVIEW,,,可能是原生食材，但频次、命名或类别证据不足
14765,头鱼鱼腩,REVIEW,,,可能是原生食材，但频次、命名或类别证据不足
14766,肉蛋菜,REVIEW,,,可能是原生食材，但频次、命名或类别证据不足
14767,任何坚果,REVIEW,,,可能是原生食材，但频次、命名或类别证据不足
14768,头即可水,DROP,,,不属于指南允许的基础原生食材类别
14769,木耳提前泡发,REVIEW,,,可能是原生食材，但频次、命名或类别证据不足
14770,核桃切碎,DROP,,,工具、包装或操作说明
14771,李子干,REVIEW,,,可能是原生食材，但频次、命名或类别证据不足
14772,色水果,DROP,,,不属于指南允许的基础原生食材类别
14773,就好水果,DROP,,,不属于指南允许的基础原生食材类别
14774,纯白莲蓉,DROP,,,不属于指南允许的基础原生食材类别
14775,饭调味包,DROP,,,不属于指南允许的基础原生食材类别
14776,支当归,DROP,,,不属于指南允许的基础原生食材类别
14777,牛奶纯牛奶,DROP,,,饮料、酒类或乳制品不属于本版核心原生食材
14778,蔓越莓曲奇,DROP,,,成品、半成品或加工食品
14779,鸡翼尖,REVIEW,,,可能是原生食材，但频次、命名或类别证据不足
14780,双荚皂角米,REVIEW,,,可能是原生食材，但频次、命名或类别证据不足
14781,茎类,DROP,,,不属于指南允许的基础原生食材类别
14782,香葱饼干,DROP,,,烘焙或乳制加工食品
14783,白色色粉,DROP,,,不属于指南允许的基础原生食材类别
14784,定五花肉,REVIEW,,,可能是原生食材，但频次、命名或类别证据不足
14785,南瓜慕斯,DROP,,,成品、半成品或加工食品
14786,鸡汁儿,REVIEW,,,可能是原生食材，但频次、命名或类别证据不足
14787,七分瘦肉馅,REVIEW,,,可能是原生食材，但频次、命名或类别证据不足
14788,温米饭,DROP,,,成品、半成品或加工食品
14789,金象高筋粉,DROP,,,不属于指南允许的基础原生食材类别
14790,任何绿叶菜,REVIEW,,,可能是原生食材，但频次、命名或类别证据不足
14791,肉海鲜,REVIEW,,,可能是原生食材，但频次、命名或类别证据不足
14792,吐司盒两条,DROP,,,烘焙或乳制加工食品
14793,鱼丸蟹棒,DROP,,,成品、半成品或加工食品
14794,香梨梨,REVIEW,,,可能是原生食材，但频次、命名或类别证据不足
14795,多少瘦肉,DROP,,,数量或单位残留且无法可靠恢复原食材
14796,亞麻籽粉,DROP,,,不属于指南允许的基础原生食材类别
14797,尤鱼干,DROP,,,成品、半成品或加工食品
14798,鲫鱼籽,REVIEW,,,可能是原生食材，但频次、命名或类别证据不足
14799,密封玻璃容器,DROP,,,工具、包装或操作说明
14800,菜五花肉,REVIEW,,,可能是原生食材，但频次、命名或类别证据不足
14801,红辣椒干红辣椒,REVIEW,,,可能是原生食材，但频次、命名或类别证据不足
14802,层海绵蛋糕,DROP,,,烘焙或乳制加工食品
14803,来点辣椒,REVIEW,,,可能是原生食材，但频次、命名或类别证据不足
14804,什么做什么,DROP,,,不属于指南允许的基础原生食材类别
14805,超市,DROP,,,不属于指南允许的基础原生食材类别
14806,洋葱玉米粒,REVIEW,,,可能是原生食材，但频次、命名或类别证据不足
14807,各种粮食,DROP,,,不属于指南允许的基础原生食材类别
14808,开花馒头,DROP,,,成品、半成品或加工食品
14809,啦土豆,REVIEW,,,可能是原生食材，但频次、命名或类别证据不足
14810,多少放多少糯米粉,DROP,,,成品、半成品或加工食品
14811,裝飾,DROP,,,不属于指南允许的基础原生食材类别
14812,人数意大利面,DROP,,,成品、半成品或加工食品
14813,包装盒,DROP,,,不属于指南允许的基础原生食材类别
14814,绿宝石葡萄干,DROP,,,成品、半成品或加工食品
14815,多少大排,DROP,,,数量或单位残留且无法可靠恢复原食材
14816,菜刀,REVIEW,,,可能是原生食材，但频次、命名或类别证据不足
14817,葱香菜蒜,REVIEW,,,可能是原生食材，但频次、命名或类别证据不足
14818,透明淋面,REVIEW,,,可能是原生食材，但频次、命名或类别证据不足
14819,甘椒粉,REVIEW,,,可能是原生食材，但频次、命名或类别证据不足
14820,一节,DROP,,,不属于指南允许的基础原生食材类别
14821,胡萝卜切薄片,REVIEW,,,形态描述存在，但原始食材无法确定
14822,百利酒,DROP,,,调味料不进入基础原生食材表
14823,拼盘,DROP,,,不属于指南允许的基础原生食材类别
14824,普通蘑菇,REVIEW,,,可能是原生食材，但频次、命名或类别证据不足
14825,就行大米,REVIEW,,,可能是原生食材，但频次、命名或类别证据不足
14826,其他绿菜,REVIEW,,,可能是原生食材，但频次、命名或类别证据不足
14827,椒和尖椒,REVIEW,,,疑似多食材组合，但无法百分之百确认全部组成
14828,式奶油奶酪,DROP,,,烘焙或乳制加工食品
14829,曼怡橘味力娇甜酒,DROP,,,调味料不进入基础原生食材表
14830,就行芝士,DROP,,,烘焙或乳制加工食品
14831,仙人粄粉,DROP,,,不属于指南允许的基础原生食材类别
14832,鸭蛋蛋黄,REVIEW,,,可能是原生食材，但频次、命名或类别证据不足
14833,就够了西米,DROP,,,成品、半成品或加工食品
14834,常大米,REVIEW,,,可能是原生食材，但频次、命名或类别证据不足
14835,雀巢脆脆鲨,DROP,,,不属于指南允许的基础原生食材类别
14836,浓椰奶,DROP,,,饮料、酒类或乳制品不属于本版核心原生食材
14837,面粉油皮,DROP,,,成品、半成品或加工食品
14838,水替代,DROP,,,不属于指南允许的基础原生食材类别
14839,冰鲜金枪鱼,REVIEW,,,可能是原生食材，但频次、命名或类别证据不足
14840,防沾手粉,DROP,,,不属于指南允许的基础原生食材类别
14841,猪肉梅花肉,REVIEW,,,可能是原生食材，但频次、命名或类别证据不足
14842,少放葱,REVIEW,,,可能是原生食材，但频次、命名或类别证据不足
14843,了虾仁,REVIEW,,,可能是原生食材，但频次、命名或类别证据不足
14844,汁牛肉,REVIEW,,,可能是原生食材，但频次、命名或类别证据不足
14845,桃胶雪燕皂角米,DROP,,,成品、半成品或加工食品
14846,味尖椒,REVIEW,,,可能是原生食材，但频次、命名或类别证据不足
14847,磨碎橙皮,DROP,,,不属于指南允许的基础原生食材类别
14848,橙量橙皮屑,DROP,,,不属于指南允许的基础原生食材类别
14849,冰冻草莓,MERGE,43,草莓,去除确定的鲜冻/去皮去骨描述
14850,料如图,DROP,,,不属于指南允许的基础原生食材类别
14851,就多放些,DROP,,,不属于指南允许的基础原生食材类别
14852,就够了紫薯,REVIEW,,,可能是原生食材，但频次、命名或类别证据不足
14853,小个头,DROP,,,不属于指南允许的基础原生食材类别
14854,菠菜胡萝卜,REVIEW,,,可能是原生食材，但频次、命名或类别证据不足
14855,鸡翅鸡蛋,REVIEW,,,可能是原生食材，但频次、命名或类别证据不足
14856,奶油慕斯层,DROP,,,烘焙或乳制加工食品
14857,豆酥,REVIEW,,,可能是原生食材，但频次、命名或类别证据不足
14858,小直面,REVIEW,,,可能是原生食材，但频次、命名或类别证据不足
14859,儿麻椒,DROP,,,调味料不进入基础原生食材表
14860,皮南瓜南瓜,DROP,,,不属于指南允许的基础原生食材类别
14861,青大豆,KEEP,579,青大豆,符合基础原生食材定义
14862,夹花肉,REVIEW,,,可能是原生食材，但频次、命名或类别证据不足
14863,生美国大杏仁,REVIEW,,,可能是原生食材，但频次、命名或类别证据不足
14864,红水果椒,REVIEW,,,可能是原生食材，但频次、命名或类别证据不足
14865,稍多点,DROP,,,不属于指南允许的基础原生食材类别
14866,这个配方,DROP,,,不属于指南允许的基础原生食材类别
14867,丝辣椒丝,REVIEW,,,形态描述存在，但原始食材无法确定
14868,确定,DROP,,,不属于指南允许的基础原生食材类别
14869,各甘草,DROP,,,不属于指南允许的基础原生食材类别
14870,酥脆,DROP,,,不属于指南允许的基础原生食材类别
14871,天山粉,DROP,,,不属于指南允许的基础原生食材类别
14872,单冻虾仁,REVIEW,,,可能是原生食材，但频次、命名或类别证据不足
14873,着玩,DROP,,,不属于指南允许的基础原生食材类别
14874,干燕麦,REVIEW,,,可能是原生食材，但频次、命名或类别证据不足
14875,三色螺旋面,REVIEW,,,可能是原生食材，但频次、命名或类别证据不足
14876,辣椒花生米,REVIEW,,,可能是原生食材，但频次、命名或类别证据不足
14877,吧芝士,DROP,,,烘焙或乳制加工食品
14878,多少片培根,DROP,,,加工肉制品
14879,白香肠,DROP,,,加工肉制品
14880,粘合剂,DROP,,,不属于指南允许的基础原生食材类别
14881,芒果奶油夹心,DROP,,,烘焙或乳制加工食品
14882,枚大号鸡蛋,REVIEW,,,可能是原生食材，但频次、命名或类别证据不足
14883,台湾高粱酒,DROP,,,调味料不进入基础原生食材表
14884,坚果蜜饯,DROP,,,成品、半成品或加工食品
14885,后〉,DROP,,,不属于指南允许的基础原生食材类别
14886,正能量,DROP,,,不属于指南允许的基础原生食材类别
14887,热汤,DROP,,,不属于指南允许的基础原生食材类别
14888,厚一圈冬瓜,REVIEW,,,可能是原生食材，但频次、命名或类别证据不足
14889,味蛋糕胚,DROP,,,烘焙或乳制加工食品
14890,盆菠菜,REVIEW,,,可能是原生食材，但频次、命名或类别证据不足
14891,新鲜兔肚,DROP,,,不属于指南允许的基础原生食材类别
14892,湿纸巾,DROP,,,不属于指南允许的基础原生食材类别
14893,建水干米线,DROP,,,成品、半成品或加工食品
14894,不辣尖椒,REVIEW,,,可能是原生食材，但频次、命名或类别证据不足
14895,米椒几个,DROP,,,数量或单位残留且无法可靠恢复原食材
14896,酱淋面,DROP,,,不属于指南允许的基础原生食材类别
14897,克百合,MERGE,229,百合,去除确定的鲜冻/去皮去骨描述
14898,了苹果,REVIEW,,,可能是原生食材，但频次、命名或类别证据不足
14899,朵白菜花,REVIEW,,,可能是原生食材，但频次、命名或类别证据不足
14900,橙子水果,REVIEW,,,可能是原生食材，但频次、命名或类别证据不足
14901,田园面包,DROP,,,烘焙或乳制加工食品
14902,戚风蛋糕粉,DROP,,,烘焙或乳制加工食品
14903,包饺子料,DROP,,,成品、半成品或加工食品
14904,葱花干辣椒,DROP,,,调味料不进入基础原生食材表
14905,锅量,DROP,,,不属于指南允许的基础原生食材类别
14906,分隔线,DROP,,,不属于指南允许的基础原生食材类别
14907,吸水,DROP,,,不属于指南允许的基础原生食材类别
14908,饼底配方,DROP,,,不属于指南允许的基础原生食材类别
14909,就这么多,DROP,,,不属于指南允许的基础原生食材类别
14910,香蕉酸奶,DROP,,,饮料、酒类或乳制品不属于本版核心原生食材
14911,黑芝麻奶酥,REVIEW,,,可能是原生食材，但频次、命名或类别证据不足
14912,坨粉丝,DROP,,,豆制品或淀粉制品（严格模式排除）
14913,糊牛奶,DROP,,,饮料、酒类或乳制品不属于本版核心原生食材
14914,配料见下图,DROP,,,不属于指南允许的基础原生食材类别
14915,水叶子面,REVIEW,,,可能是原生食材，但频次、命名或类别证据不足
14916,克数水,DROP,,,不属于指南允许的基础原生食材类别
14917,澳洲肥牛片,REVIEW,,,形态描述存在，但原始食材无法确定
14918,牛油生菜,REVIEW,,,可能是原生食材，但频次、命名或类别证据不足
14919,五花猪肉糜,REVIEW,,,可能是原生食材，但频次、命名或类别证据不足
14920,多途麦芯小麦粉,REVIEW,,,可能是原生食材，但频次、命名或类别证据不足
14921,蛋皮鸡蛋,DROP,,,不属于指南允许的基础原生食材类别
14922,白水鱼,REVIEW,,,可能是原生食材，但频次、命名或类别证据不足
14923,子糯米粉,DROP,,,成品、半成品或加工食品
14924,来定意大利面,DROP,,,成品、半成品或加工食品
14925,水各,DROP,,,不属于指南允许的基础原生食材类别
14926,戚風蛋糕,DROP,,,烘焙或乳制加工食品
14927,板黑巧克力,DROP,,,烘焙或乳制加工食品
14928,胡萝卜西红柿,REVIEW,,,可能是原生食材，但频次、命名或类别证据不足
14929,估计,DROP,,,不属于指南允许的基础原生食材类别
14930,干辣椒葱,DROP,,,调味料不进入基础原生食材表
14931,刷面鸡蛋,DROP,,,工具、包装或操作说明
14932,鸡胸肉松,DROP,,,加工肉制品
14933,热茶,DROP,,,饮料、酒类或乳制品不属于本版核心原生食材
14934,牌番茄沙司,DROP,,,成品、半成品或加工食品
14935,干滑子菇,REVIEW,,,可能是原生食材，但频次、命名或类别证据不足
14936,大鸡,REVIEW,,,可能是原生食材，但频次、命名或类别证据不足
14937,炒面面条,DROP,,,成品、半成品或加工食品
14938,贝壳通心粉,REVIEW,,,可能是原生食材，但频次、命名或类别证据不足
14939,小蕃茄,REVIEW,,,可能是原生食材，但频次、命名或类别证据不足
14940,胖辣椒,REVIEW,,,可能是原生食材，但频次、命名或类别证据不足
14941,一碟,DROP,,,不属于指南允许的基础原生食材类别
14942,辣椒油蒜,REVIEW,,,可能是原生食材，但频次、命名或类别证据不足
14943,亚麻籽浸泡液,DROP,,,不属于指南允许的基础原生食材类别
14944,无水无油容器,DROP,,,工具、包装或操作说明
14945,鸡蛋量温水,REVIEW,,,可能是原生食材，但频次、命名或类别证据不足
14946,那么多牛奶,DROP,,,饮料、酒类或乳制品不属于本版核心原生食材
14947,面泡面,REVIEW,,,可能是原生食材，但频次、命名或类别证据不足
14948,浓缩奶,DROP,,,饮料、酒类或乳制品不属于本版核心原生食材
14949,外婆卤,DROP,,,不属于指南允许的基础原生食材类别
14950,小金橘,REVIEW,,,可能是原生食材，但频次、命名或类别证据不足
14951,装好,DROP,,,不属于指南允许的基础原生食材类别
14952,吧草莓,REVIEW,,,可能是原生食材，但频次、命名或类别证据不足
14953,都行胡萝卜,REVIEW,,,可能是原生食材，但频次、命名或类别证据不足
14954,莳萝叶,DROP,,,不属于指南允许的基础原生食材类别
14955,潮汕牛筋丸,REVIEW,,,可能是原生食材，但频次、命名或类别证据不足
14956,蔬菜切丝,REVIEW,,,形态描述存在，但原始食材无法确定
14957,冬瓜汤,REVIEW,,,可能是原生食材，但频次、命名或类别证据不足
14958,小柿子,DROP,,,不属于指南允许的基础原生食材类别
14959,馅料任意,DROP,,,不属于指南允许的基础原生食材类别
14960,自己食量意大利面,DROP,,,成品、半成品或加工食品
14961,了土豆,REVIEW,,,可能是原生食材，但频次、命名或类别证据不足
14962,鱼尾巴,REVIEW,,,可能是原生食材，但频次、命名或类别证据不足
14963,干豆腐泡,DROP,,,豆制品或淀粉制品（严格模式排除）
14964,香草浓缩液,REVIEW,,,可能是原生食材，但频次、命名或类别证据不足
14965,可以多放,DROP,,,不属于指南允许的基础原生食材类别
14966,可减少,DROP,,,不属于指南允许的基础原生食材类别
14967,各种爱,DROP,,,不属于指南允许的基础原生食材类别
14968,黄心白菜,REVIEW,,,可能是原生食材，但频次、命名或类别证据不足
14969,口味番茄沙司,DROP,,,成品、半成品或加工食品
14970,沥干水分,DROP,,,不属于指南允许的基础原生食材类别
14971,张凉皮,DROP,,,不属于指南允许的基础原生食材类别
14972,油制辣椒,REVIEW,,,可能是原生食材，但频次、命名或类别证据不足
14973,面都可,REVIEW,,,可能是原生食材，但频次、命名或类别证据不足
14974,半红薯,REVIEW,,,可能是原生食材，但频次、命名或类别证据不足
14975,丙烯颜料,DROP,,,不属于指南允许的基础原生食材类别
14976,来个小米椒,REVIEW,,,可能是原生食材，但频次、命名或类别证据不足
14977,泰国手标红茶粉,DROP,,,不属于指南允许的基础原生食材类别
14978,烧开白开水,DROP,,,不属于指南允许的基础原生食材类别
14979,多少面包糠,DROP,,,烘焙或乳制加工食品
14980,红椒半个,MERGE,49,红椒,修复数量/单位残留
14981,多少小香葱,DROP,,,数量或单位残留且无法可靠恢复原食材
14982,作参考,DROP,,,不属于指南允许的基础原生食材类别
14983,较小洋葱,REVIEW,,,可能是原生食材，但频次、命名或类别证据不足
14984,文鱼皮,DROP,,,不属于指南允许的基础原生食材类别
14985,玉米山药,REVIEW,,,可能是原生食材，但频次、命名或类别证据不足
14986,生蛋清,REVIEW,,,可能是原生食材，但频次、命名或类别证据不足
14987,香菜点缀,REVIEW,,,可能是原生食材，但频次、命名或类别证据不足
14988,什么就什么,DROP,,,不属于指南允许的基础原生食材类别
14989,那么多水,DROP,,,不属于指南允许的基础原生食材类别
14990,水滴巧克力豆,DROP,,,烘焙或乳制加工食品
14991,接受程度干辣椒,DROP,,,调味料不进入基础原生食材表
14992,肉青红椒,REVIEW,,,可能是原生食材，但频次、命名或类别证据不足
14993,粉半包,DROP,,,不属于指南允许的基础原生食材类别
14994,葡萄干核桃仁,DROP,,,成品、半成品或加工食品
14995,吧鸡胸肉,REVIEW,,,可能是原生食材，但频次、命名或类别证据不足
14996,橡皮泥,DROP,,,不属于指南允许的基础原生食材类别
14997,扁杏仁片,REVIEW,,,形态描述存在，但原始食材无法确定
14998,芒果慕斯层,DROP,,,成品、半成品或加工食品
14999,一只鸡,DROP,,,数量或单位残留且无法可靠恢复原食材
15000,小年糕,DROP,,,成品、半成品或加工食品
15001,刷表皮,DROP,,,工具、包装或操作说明
15002,腌鸭腿,REVIEW,,,可能是原生食材，但频次、命名或类别证据不足
15003,摄入,DROP,,,不属于指南允许的基础原生食材类别
15004,每种颜色,DROP,,,不属于指南允许的基础原生食材类别
15005,几个石榴,MERGE,307,石榴,修复数量/单位残留
15006,烧杯一个,DROP,,,数量或单位残留且无法可靠恢复原食材
15007,小法棍,DROP,,,不属于指南允许的基础原生食材类别
15008,各种坚果果干,DROP,,,成品、半成品或加工食品
15009,葱花蒜末姜末,REVIEW,,,形态描述存在，但原始食材无法确定
15010,型戚风蛋糕,DROP,,,烘焙或乳制加工食品
15011,运气,DROP,,,不属于指南允许的基础原生食材类别
15012,牛汤,REVIEW,,,可能是原生食材，但频次、命名或类别证据不足
15013,都行配菜,REVIEW,,,可能是原生食材，但频次、命名或类别证据不足
15014,绣花针,DROP,,,不属于指南允许的基础原生食材类别
15015,酒代替,DROP,,,不属于指南允许的基础原生食材类别
15016,料儿,DROP,,,不属于指南允许的基础原生食材类别
15017,粗管面,REVIEW,,,可能是原生食材，但频次、命名或类别证据不足
15018,啦五花肉,REVIEW,,,可能是原生食材，但频次、命名或类别证据不足
15019,黑猪肉肠,DROP,,,成品、半成品或加工食品
15020,和青椒,REVIEW,,,疑似多食材组合，但无法百分之百确认全部组成
15021,蛋糕馅,DROP,,,烘焙或乳制加工食品
15022,酸菜鱼调味包,DROP,,,成品、半成品或加工食品
15023,巧克力配方,DROP,,,烘焙或乳制加工食品
15024,酱香味,DROP,,,不属于指南允许的基础原生食材类别
15025,综合香辛料,DROP,,,不属于指南允许的基础原生食材类别
15026,果干麦片,DROP,,,成品、半成品或加工食品
15027,葱些许,REVIEW,,,可能是原生食材，但频次、命名或类别证据不足
15028,几片娃娃菜,DROP,,,数量或单位残留且无法可靠恢复原食材
15029,辣度,DROP,,,不属于指南允许的基础原生食材类别
15030,啥就做啥,DROP,,,不属于指南允许的基础原生食材类别
15031,调香料,DROP,,,不属于指南允许的基础原生食材类别
15032,家乡咸肉,DROP,,,成品、半成品或加工食品
15033,粘米粉粘米粉,DROP,,,成品、半成品或加工食品
15034,馒头专粉,DROP,,,成品、半成品或加工食品
15035,液鸡蛋,REVIEW,,,可能是原生食材，但频次、命名或类别证据不足
15036,丝面,REVIEW,,,可能是原生食材，但频次、命名或类别证据不足
15037,鲜粘玉米,REVIEW,,,可能是原生食材，但频次、命名或类别证据不足
15038,食米粉,DROP,,,成品、半成品或加工食品
15039,小苹果,REVIEW,,,可能是原生食材，但频次、命名或类别证据不足
15040,和橙子,REVIEW,,,疑似多食材组合，但无法百分之百确认全部组成
15041,备中筋面粉,DROP,,,成品、半成品或加工食品
15042,前腿,DROP,,,不属于指南允许的基础原生食材类别
15043,肉薄片,REVIEW,,,形态描述存在，但原始食材无法确定
15044,味火锅料,DROP,,,不属于指南允许的基础原生食材类别
15045,成泥蒜泥,REVIEW,,,可能是原生食材，但频次、命名或类别证据不足
15046,三文治香肠,DROP,,,加工肉制品
15047,就可以了姜,REVIEW,,,可能是原生食材，但频次、命名或类别证据不足
15048,高温巧克力豆,DROP,,,烘焙或乳制加工食品
15049,馒头——面粉,DROP,,,成品、半成品或加工食品
15050,皮带籽,DROP,,,不属于指南允许的基础原生食材类别
15051,底量蒜,REVIEW,,,可能是原生食材，但频次、命名或类别证据不足
15052,皮黄瓜,DROP,,,不属于指南允许的基础原生食材类别
15053,辣子粉,DROP,,,不属于指南允许的基础原生食材类别
15054,三色意大利面,DROP,,,成品、半成品或加工食品
15055,珍珠粉,DROP,,,不属于指南允许的基础原生食材类别
15056,心思,DROP,,,不属于指南允许的基础原生食材类别
15057,状紫菜,REVIEW,,,可能是原生食材，但频次、命名或类别证据不足
15058,没过鸡蛋即可水,REVIEW,,,可能是原生食材，但频次、命名或类别证据不足
15059,開心果仁,REVIEW,,,可能是原生食材，但频次、命名或类别证据不足
15060,不定,DROP,,,不属于指南允许的基础原生食材类别
15061,里脊肉切片,REVIEW,,,形态描述存在，但原始食材无法确定
15062,鹰嘴豆豆渣,DROP,,,成品、半成品或加工食品
15063,糯米水,REVIEW,,,可能是原生食材，但频次、命名或类别证据不足
15064,山蘑菇,REVIEW,,,可能是原生食材，但频次、命名或类别证据不足
15065,调羹番茄沙司,DROP,,,成品、半成品或加工食品
15066,铁棍怀山药,REVIEW,,,可能是原生食材，但频次、命名或类别证据不足
15067,鲜牛乳,REVIEW,,,可能是原生食材，但频次、命名或类别证据不足
15068,坚果果仁,REVIEW,,,可能是原生食材，但频次、命名或类别证据不足
15069,类蔬菜,REVIEW,,,可能是原生食材，但频次、命名或类别证据不足
15070,粗粮碳水,DROP,,,不属于指南允许的基础原生食材类别
15071,固体食材,DROP,,,不属于指南允许的基础原生食材类别
15072,合集,DROP,,,不属于指南允许的基础原生食材类别
15073,器工具,DROP,,,不属于指南允许的基础原生食材类别
15074,鸡汤鸡汤,REVIEW,,,可能是原生食材，但频次、命名或类别证据不足
15075,味希腊酸奶,DROP,,,饮料、酒类或乳制品不属于本版核心原生食材
15076,猪骨粉,REVIEW,,,可能是原生食材，但频次、命名或类别证据不足
15077,就好温水,DROP,,,不属于指南允许的基础原生食材类别
15078,腊腌菜,REVIEW,,,可能是原生食材，但频次、命名或类别证据不足
15079,来玉米,REVIEW,,,可能是原生食材，但频次、命名或类别证据不足
15080,鐵棍山藥,DROP,,,不属于指南允许的基础原生食材类别
15081,打豆浆清水,DROP,,,成品、半成品或加工食品
15082,古早蛋糕胚,DROP,,,烘焙或乳制加工食品
15083,韭菜苗,REVIEW,,,可能是原生食材，但频次、命名或类别证据不足
15084,种全部放入,DROP,,,工具、包装或操作说明
15085,肉皆可,REVIEW,,,可能是原生食材，但频次、命名或类别证据不足
15086,培根切片,DROP,,,加工肉制品
15087,肉酱包,DROP,,,不属于指南允许的基础原生食材类别
15088,辣椒酒,DROP,,,调味料不进入基础原生食材表
15089,了韭菜,REVIEW,,,可能是原生食材，但频次、命名或类别证据不足
15090,奇亚籽麦片,REVIEW,,,形态描述存在，但原始食材无法确定
15091,裸麦预拌粉,DROP,,,不属于指南允许的基础原生食材类别
15092,豆芽蔬菜,REVIEW,,,可能是原生食材，但频次、命名或类别证据不足
15093,发挥想象,DROP,,,不属于指南允许的基础原生食材类别
15094,什锦蘑菇,REVIEW,,,可能是原生食材，但频次、命名或类别证据不足
15095,玉米罐头玉米,DROP,,,成品、半成品或加工食品
15096,材料面粉,DROP,,,成品、半成品或加工食品
15097,纱线,DROP,,,不属于指南允许的基础原生食材类别
15098,绿色水果,DROP,,,不属于指南允许的基础原生食材类别
15099,黑橄榄罐头,DROP,,,成品、半成品或加工食品
15100,柠檬一个,MERGE,22,柠檬,修复数量/单位残留
15101,刨丝柠檬皮,DROP,,,不属于指南允许的基础原生食材类别
15102,关东煮料,DROP,,,不属于指南允许的基础原生食材类别
15103,部分配方,DROP,,,不属于指南允许的基础原生食材类别
15104,茄汁金枪鱼罐头,DROP,,,成品、半成品或加工食品
15105,盆豆角,REVIEW,,,可能是原生食材，但频次、命名或类别证据不足
15106,也是,DROP,,,不属于指南允许的基础原生食材类别
15107,下胡萝卜,REVIEW,,,可能是原生食材，但频次、命名或类别证据不足
15108,剩下洋葱,REVIEW,,,可能是原生食材，但频次、命名或类别证据不足
15109,可以搭配,DROP,,,不属于指南允许的基础原生食材类别
15110,小柑橘,REVIEW,,,可能是原生食材，但频次、命名或类别证据不足
15111,萝卜干切碎,DROP,,,工具、包装或操作说明
15112,柠檬碎屑,REVIEW,,,可能是原生食材，但频次、命名或类别证据不足
15113,长方形容器,DROP,,,工具、包装或操作说明
15114,凉菜,REVIEW,,,可能是原生食材，但频次、命名或类别证据不足
15115,肥瘦五花肉,REVIEW,,,可能是原生食材，但频次、命名或类别证据不足
15116,饮纯净水,DROP,,,不属于指南允许的基础原生食材类别
15117,皮牛奶,DROP,,,饮料、酒类或乳制品不属于本版核心原生食材
15118,一块豆腐,DROP,,,豆制品或淀粉制品（严格模式排除）
15119,克泡菜,DROP,,,成品、半成品或加工食品
15120,口味增加辣椒,REVIEW,,,可能是原生食材，但频次、命名或类别证据不足
15121,分离蛋清,REVIEW,,,可能是原生食材，但频次、命名或类别证据不足
15122,一晚,DROP,,,不属于指南允许的基础原生食材类别
15123,韓式泡菜,DROP,,,成品、半成品或加工食品
15124,刷锅底,DROP,,,工具、包装或操作说明
15125,就算了,DROP,,,不属于指南允许的基础原生食材类别
15126,胡瓜鱼,REVIEW,,,可能是原生食材，但频次、命名或类别证据不足
15127,没关系,DROP,,,不属于指南允许的基础原生食材类别
15128,就好虾仁,REVIEW,,,可能是原生食材，但频次、命名或类别证据不足
15129,节根大葱,REVIEW,,,可能是原生食材，但频次、命名或类别证据不足
15130,火锅佐料,DROP,,,不属于指南允许的基础原生食材类别
15131,味力娇酒,DROP,,,调味料不进入基础原生食材表
15132,细铁棍山药,REVIEW,,,可能是原生食材，但频次、命名或类别证据不足
15133,定面条,DROP,,,成品、半成品或加工食品
15134,干净肥肠,DROP,,,成品、半成品或加工食品
15135,所需材料」,DROP,,,不属于指南允许的基础原生食材类别
15136,银耳半朵,DROP,,,数量或单位残留且无法可靠恢复原食材
15137,儿肉末,REVIEW,,,形态描述存在，但原始食材无法确定
15138,按自己需求,DROP,,,不属于指南允许的基础原生食材类别
15139,米饭碗,DROP,,,成品、半成品或加工食品
15140,责任,DROP,,,不属于指南允许的基础原生食材类别
15141,牛筋头巴脑,REVIEW,,,可能是原生食材，但频次、命名或类别证据不足
15142,一小段胡萝卜,REVIEW,,,可能是原生食材，但频次、命名或类别证据不足
15143,咯吱盒,DROP,,,不属于指南允许的基础原生食材类别
15144,菜其他,REVIEW,,,可能是原生食材，但频次、命名或类别证据不足
15145,菜肉蛋,REVIEW,,,可能是原生食材，但频次、命名或类别证据不足
15146,新鲜白萝卜,MERGE,63,白萝卜,去除确定的鲜冻/去皮去骨描述
15147,罌粟籽,DROP,,,不属于指南允许的基础原生食材类别
15148,全味粉,DROP,,,不属于指南允许的基础原生食材类别
15149,厘米胡萝卜,REVIEW,,,可能是原生食材，但频次、命名或类别证据不足
15150,粉都可,DROP,,,不属于指南允许的基础原生食材类别
15151,风味肠,DROP,,,成品、半成品或加工食品
15152,豆黑豆,REVIEW,,,可能是原生食材，但频次、命名或类别证据不足
15153,其他大料,DROP,,,不属于指南允许的基础原生食材类别
15154,多少蘑菇,DROP,,,数量或单位残留且无法可靠恢复原食材
15155,味斯美,DROP,,,不属于指南允许的基础原生食材类别
15156,任何奶,DROP,,,饮料、酒类或乳制品不属于本版核心原生食材
15157,香烧烤料,DROP,,,不属于指南允许的基础原生食材类别
15158,月饼模子,DROP,,,成品、半成品或加工食品
15159,水凉开水,DROP,,,不属于指南允许的基础原生食材类别
15160,爱美之心,DROP,,,不属于指南允许的基础原生食材类别
15161,蒜香香肠,DROP,,,加工肉制品
15162,奶酪慕斯糊,DROP,,,烘焙或乳制加工食品
15163,小火腿肠,DROP,,,加工肉制品
15164,四川火锅料,DROP,,,不属于指南允许的基础原生食材类别
15165,斑马纹蛋糕,DROP,,,烘焙或乳制加工食品
15166,展示,DROP,,,不属于指南允许的基础原生食材类别
15167,原浆,DROP,,,不属于指南允许的基础原生食材类别
15168,分肥,DROP,,,不属于指南允许的基础原生食材类别
15169,蜜饯干果,DROP,,,成品、半成品或加工食品
15170,白蛋糕,DROP,,,烘焙或乳制加工食品
15171,肉饺子,DROP,,,成品、半成品或加工食品
15172,菜木耳,REVIEW,,,可能是原生食材，但频次、命名或类别证据不足
15173,黄飞红,DROP,,,不属于指南允许的基础原生食材类别
15174,牛奶总量,DROP,,,饮料、酒类或乳制品不属于本版核心原生食材
15175,牛肉肉馅,REVIEW,,,可能是原生食材，但频次、命名或类别证据不足
15176,淹料,DROP,,,不属于指南允许的基础原生食材类别
15177,蘑菇香菇,REVIEW,,,可能是原生食材，但频次、命名或类别证据不足
15178,软欧面粉,DROP,,,成品、半成品或加工食品
15179,哈干辣椒,DROP,,,调味料不进入基础原生食材表
15180,锅排骨汤,REVIEW,,,可能是原生食材，但频次、命名或类别证据不足
15181,金枪鱼排,REVIEW,,,可能是原生食材，但频次、命名或类别证据不足
15182,辣小米辣,REVIEW,,,可能是原生食材，但频次、命名或类别证据不足
15183,生胡萝卜,REVIEW,,,可能是原生食材，但频次、命名或类别证据不足
15184,香料自选,DROP,,,不属于指南允许的基础原生食材类别
15185,毛葱头,REVIEW,,,可能是原生食材，但频次、命名或类别证据不足
15186,土猪腊肉,DROP,,,加工肉制品
15187,可酸奶,DROP,,,饮料、酒类或乳制品不属于本版核心原生食材
15188,蔓越莓红枣,REVIEW,,,可能是原生食材，但频次、命名或类别证据不足
15189,手撕鸡肉,REVIEW,,,可能是原生食材，但频次、命名或类别证据不足
15190,鸡翅调味粉,REVIEW,,,可能是原生食材，但频次、命名或类别证据不足
15191,弄碎,REVIEW,,,形态描述存在，但原始食材无法确定
15192,旺菜,REVIEW,,,可能是原生食材，但频次、命名或类别证据不足
15193,鸡/三黄鸡,REVIEW,,,疑似多食材组合，但无法百分之百确认全部组成
15194,玉米蔬菜,REVIEW,,,可能是原生食材，但频次、命名或类别证据不足
15195,鼠尾草籽,DROP,,,不属于指南允许的基础原生食材类别
15196,多瘦肉,REVIEW,,,可能是原生食材，但频次、命名或类别证据不足
15197,米量杯面粉,DROP,,,成品、半成品或加工食品
15198,面开水,REVIEW,,,可能是原生食材，但频次、命名或类别证据不足
15199,和干红辣椒,REVIEW,,,疑似多食材组合，但无法百分之百确认全部组成
15200,长度,DROP,,,不属于指南允许的基础原生食材类别
15201,各种你想吃菜,REVIEW,,,可能是原生食材，但频次、命名或类别证据不足
15202,就够生姜,REVIEW,,,可能是原生食材，但频次、命名或类别证据不足
15203,配方粉,DROP,,,不属于指南允许的基础原生食材类别
15204,菲力,DROP,,,不属于指南允许的基础原生食材类别
15205,肉辣椒,REVIEW,,,可能是原生食材，但频次、命名或类别证据不足
15206,日本抺茶粉,DROP,,,不属于指南允许的基础原生食材类别
15207,手指餅乾,DROP,,,不属于指南允许的基础原生食材类别
15208,蒜切薄片,REVIEW,,,形态描述存在，但原始食材无法确定
15209,橙皮碎屑,DROP,,,不属于指南允许的基础原生食材类别
15210,冻冰水,DROP,,,不属于指南允许的基础原生食材类别
15211,捏面粉,DROP,,,成品、半成品或加工食品
15212,蒜头指天椒,REVIEW,,,可能是原生食材，但频次、命名或类别证据不足
15213,辣泡椒,DROP,,,成品、半成品或加工食品
15214,桂七芒果,REVIEW,,,可能是原生食材，但频次、命名或类别证据不足
15215,剁肉时放,REVIEW,,,可能是原生食材，但频次、命名或类别证据不足
15216,手指餅,DROP,,,不属于指南允许的基础原生食材类别
15217,香菇洋葱,REVIEW,,,可能是原生食材，但频次、命名或类别证据不足
15218,气水,DROP,,,不属于指南允许的基础原生食材类别
15219,装金针菇,REVIEW,,,可能是原生食材，但频次、命名或类别证据不足
15220,鮮羅勒葉,DROP,,,不属于指南允许的基础原生食材类别
15221,鲜香菇香菇,REVIEW,,,可能是原生食材，但频次、命名或类别证据不足
15222,孔干酪,DROP,,,不属于指南允许的基础原生食材类别
15223,棵小青菜,REVIEW,,,可能是原生食材，但频次、命名或类别证据不足
15224,果奶酪,DROP,,,烘焙或乳制加工食品
15225,团米饭,DROP,,,成品、半成品或加工食品
15226,花茶包,DROP,,,不属于指南允许的基础原生食材类别
15227,来牛奶,DROP,,,饮料、酒类或乳制品不属于本版核心原生食材
15228,蔬菜主食,REVIEW,,,可能是原生食材，但频次、命名或类别证据不足
15229,汁加水,DROP,,,不属于指南允许的基础原生食材类别
15230,荠菜馄饨,DROP,,,成品、半成品或加工食品
15231,孩子,DROP,,,不属于指南允许的基础原生食材类别
15232,仁黑芝麻,REVIEW,,,可能是原生食材，但频次、命名或类别证据不足
15233,想吃,DROP,,,不属于指南允许的基础原生食材类别
15234,自己口味蒜,REVIEW,,,可能是原生食材，但频次、命名或类别证据不足
15235,香味蔬菜,REVIEW,,,可能是原生食材，但频次、命名或类别证据不足
15236,淡奶油量,DROP,,,烘焙或乳制加工食品
15237,小一个洋葱,DROP,,,数量或单位残留且无法可靠恢复原食材
15238,搓葱,REVIEW,,,可能是原生食材，但频次、命名或类别证据不足
15239,瑶柱水,DROP,,,不属于指南允许的基础原生食材类别
15240,红辣椒青椒,REVIEW,,,可能是原生食材，但频次、命名或类别证据不足
15241,五常稻花香米,REVIEW,,,可能是原生食材，但频次、命名或类别证据不足
15242,水鸡蛋液,REVIEW,,,可能是原生食材，但频次、命名或类别证据不足
15243,面糯米粉,DROP,,,成品、半成品或加工食品
15244,制时间,DROP,,,不属于指南允许的基础原生食材类别
15245,可干辣椒,DROP,,,调味料不进入基础原生食材表
15246,奶粉泡牛奶,DROP,,,烘焙或乳制加工食品
15247,多少做多少五花肉,DROP,,,数量或单位残留且无法可靠恢复原食材
15248,蛋糕底蛋黄,DROP,,,烘焙或乳制加工食品
15249,蛋糕底蛋白,DROP,,,烘焙或乳制加工食品
15250,牛键,REVIEW,,,可能是原生食材，但频次、命名或类别证据不足
15251,都行芝麻,REVIEW,,,可能是原生食材，但频次、命名或类别证据不足
15252,冷冻虾仁,MERGE,41,虾仁,去除确定的鲜冻/去皮去骨描述
15253,麻辣香,DROP,,,不属于指南允许的基础原生食材类别
15254,咖啡冰激凌,DROP,,,饮料、酒类或乳制品不属于本版核心原生食材
15255,菇海鲜菇,REVIEW,,,可能是原生食材，但频次、命名或类别证据不足
15256,牛油锅底,REVIEW,,,可能是原生食材，但频次、命名或类别证据不足
15257,豆浆剩下豆渣豆渣,DROP,,,成品、半成品或加工食品
15258,辣包,DROP,,,不属于指南允许的基础原生食材类别
15259,碎马苏里拉奶酪,DROP,,,烘焙或乳制加工食品
15260,调剂,DROP,,,不属于指南允许的基础原生食材类别
15261,牛肉切块,REVIEW,,,形态描述存在，但原始食材无法确定
15262,吐司料,DROP,,,烘焙或乳制加工食品
15263,烩饭专米,REVIEW,,,可能是原生食材，但频次、命名或类别证据不足
15264,鸡腿肉鸡腿肉,REVIEW,,,可能是原生食材，但频次、命名或类别证据不足
15265,巧克力巧克力,DROP,,,烘焙或乳制加工食品
15266,蛋糕卷量,DROP,,,烘焙或乳制加工食品
15267,一起共水,DROP,,,不属于指南允许的基础原生食材类别
15268,豆提前一夜,REVIEW,,,可能是原生食材，但频次、命名或类别证据不足
15269,台湾风味烤肠,DROP,,,成品、半成品或加工食品
15270,丸鱼豆腐,DROP,,,豆制品或淀粉制品（严格模式排除）
15271,芝麻猪肝粉,REVIEW,,,可能是原生食材，但频次、命名或类别证据不足
15272,香料区,DROP,,,不属于指南允许的基础原生食材类别
15273,可以葱,REVIEW,,,可能是原生食材，但频次、命名或类别证据不足
15274,干木耳泡发,REVIEW,,,可能是原生食材，但频次、命名或类别证据不足
15275,苦菊叶,DROP,,,不属于指南允许的基础原生食材类别
15276,味代餐粉,DROP,,,不属于指南允许的基础原生食材类别
15277,干果干,DROP,,,成品、半成品或加工食品
15278,肉桂味,DROP,,,调味料不进入基础原生食材表
15279,颜色巧克力,DROP,,,烘焙或乳制加工食品
15280,炖猪肉料,REVIEW,,,可能是原生食材，但频次、命名或类别证据不足
15281,同量面粉,DROP,,,成品、半成品或加工食品
15282,火锅丸子类,DROP,,,成品、半成品或加工食品
15283,棵蒜头,REVIEW,,,可能是原生食材，但频次、命名或类别证据不足
15284,提前泡好,DROP,,,不属于指南允许的基础原生食材类别
15285,凉茶,DROP,,,饮料、酒类或乳制品不属于本版核心原生食材
15286,土豆馅,REVIEW,,,可能是原生食材，但频次、命名或类别证据不足
15287,牡丹,DROP,,,不属于指南允许的基础原生食材类别
15288,粉粒,DROP,,,不属于指南允许的基础原生食材类别
15289,没过食材开水,DROP,,,不属于指南允许的基础原生食材类别
15290,香葱大葱,REVIEW,,,可能是原生食材，但频次、命名或类别证据不足
15291,大小豆腐,DROP,,,豆制品或淀粉制品（严格模式排除）
15292,依据个人爱好,DROP,,,不属于指南允许的基础原生食材类别
15293,就多放鸡蛋,REVIEW,,,可能是原生食材，但频次、命名或类别证据不足
15294,小海鲜,REVIEW,,,可能是原生食材，但频次、命名或类别证据不足
15295,欢吃什么就加什么,DROP,,,不属于指南允许的基础原生食材类别
15296,大盘鸡料,REVIEW,,,可能是原生食材，但频次、命名或类别证据不足
15297,博主,DROP,,,不属于指南允许的基础原生食材类别
15298,墨鱼圈,KEEP,566,墨鱼圈,符合基础原生食材定义
15299,人羊排,REVIEW,,,可能是原生食材，但频次、命名或类别证据不足
15300,可可脂巧克力豆,DROP,,,烘焙或乳制加工食品
15301,早米粉,DROP,,,成品、半成品或加工食品
15302,巧克力小块,DROP,,,烘焙或乳制加工食品
15303,入蔬菜,REVIEW,,,可能是原生食材，但频次、命名或类别证据不足
15304,碎干果,DROP,,,不属于指南允许的基础原生食材类别
15305,荆条辣椒,REVIEW,,,可能是原生食材，但频次、命名或类别证据不足
15306,干品花胶,DROP,,,不属于指南允许的基础原生食材类别
15307,扒鸡,DROP,,,成品、半成品或加工食品
15308,果干儿,DROP,,,成品、半成品或加工食品
15309,丝一袋,DROP,,,数量或单位残留且无法可靠恢复原食材
15310,中度烘焙咖啡粉,DROP,,,饮料、酒类或乳制品不属于本版核心原生食材
15311,和鸡腿肉,REVIEW,,,疑似多食材组合，但无法百分之百确认全部组成
15312,各种杂菜,REVIEW,,,可能是原生食材，但频次、命名或类别证据不足
15313,酸豆角包,DROP,,,成品、半成品或加工食品
15314,醇黑巧克力,DROP,,,烘焙或乳制加工食品
15315,菜香肠,DROP,,,加工肉制品
15316,几个速冻饺子,DROP,,,成品、半成品或加工食品
15317,生菜蔬菜,REVIEW,,,可能是原生食材，但频次、命名或类别证据不足
15318,泡发香菇水,REVIEW,,,可能是原生食材，但频次、命名或类别证据不足
15319,胡萝卜包菜,REVIEW,,,可能是原生食材，但频次、命名或类别证据不足
15320,香菜花生碎,REVIEW,,,形态描述存在，但原始食材无法确定
15321,牛腱芯,REVIEW,,,可能是原生食材，但频次、命名或类别证据不足
15322,生姜片蒜头,REVIEW,,,可能是原生食材，但频次、命名或类别证据不足
15323,瑞典肉丸,DROP,,,成品、半成品或加工食品
15324,多少苹果,DROP,,,数量或单位残留且无法可靠恢复原食材
15325,干奶酪粉,DROP,,,烘焙或乳制加工食品
15326,发糕,DROP,,,不属于指南允许的基础原生食材类别
15327,熟玉米粉,DROP,,,成品、半成品或加工食品
15328,饺子调味粉,DROP,,,成品、半成品或加工食品
15329,不切蒜,REVIEW,,,可能是原生食材，但频次、命名或类别证据不足
15330,酒酿辣椒,REVIEW,,,可能是原生食材，但频次、命名或类别证据不足
15331,味奶茶粉,DROP,,,不属于指南允许的基础原生食材类别
15332,多少龙虾,DROP,,,数量或单位残留且无法可靠恢复原食材
15333,冰鲜,DROP,,,不属于指南允许的基础原生食材类别
15334,紫苏辣椒,REVIEW,,,可能是原生食材，但频次、命名或类别证据不足
15335,布里欧修面包,DROP,,,烘焙或乳制加工食品
15336,玉米粒胡萝卜粒,REVIEW,,,可能是原生食材，但频次、命名或类别证据不足
15337,大孔芝士,DROP,,,烘焙或乳制加工食品
15338,就行白菜,REVIEW,,,可能是原生食材，但频次、命名或类别证据不足
15339,排羊排,REVIEW,,,可能是原生食材，但频次、命名或类别证据不足
15340,油搅拌均匀,DROP,,,工具、包装或操作说明
15341,曲奇饼干配方,DROP,,,烘焙或乳制加工食品
15342,大小鱿鱼干,DROP,,,成品、半成品或加工食品
15343,甜汤,DROP,,,不属于指南允许的基础原生食材类别
15344,炒菜王,REVIEW,,,可能是原生食材，但频次、命名或类别证据不足
15345,果脯果干,DROP,,,成品、半成品或加工食品
15346,色那种,DROP,,,不属于指南允许的基础原生食材类别
15347,表面鸡蛋黄,REVIEW,,,可能是原生食材，但频次、命名或类别证据不足
15348,子油泼辣子,DROP,,,不属于指南允许的基础原生食材类别
15349,碎条芝士,DROP,,,烘焙或乳制加工食品
15350,黑加仑子干,DROP,,,不属于指南允许的基础原生食材类别
15351,鱿鱼鱿鱼,REVIEW,,,可能是原生食材，但频次、命名或类别证据不足
15352,舒芙蕾蛋糕,DROP,,,烘焙或乳制加工食品
15353,张飞饼皮,DROP,,,不属于指南允许的基础原生食材类别
15354,啦香菜,REVIEW,,,可能是原生食材，但频次、命名或类别证据不足
15355,芝麻一小撮,REVIEW,,,可能是原生食材，但频次、命名或类别证据不足
15356,无骨鸭掌,MERGE,322,鸭掌,去除确定的鲜冻/去皮去骨描述
15357,魚塊,DROP,,,不属于指南允许的基础原生食材类别
15358,鸡蛋鹌鹑蛋,REVIEW,,,可能是原生食材，但频次、命名或类别证据不足
15359,馅蛋黄,REVIEW,,,可能是原生食材，但频次、命名或类别证据不足
15360,布奇诺速溶咖啡粉,DROP,,,饮料、酒类或乳制品不属于本版核心原生食材
15361,少米饭,DROP,,,成品、半成品或加工食品
15362,椰浆椰浆,DROP,,,饮料、酒类或乳制品不属于本版核心原生食材
15363,较浓稠酸奶,DROP,,,饮料、酒类或乳制品不属于本版核心原生食材
15364,都行五花肉,REVIEW,,,可能是原生食材，但频次、命名或类别证据不足
15365,鸡蛋火腿肠,DROP,,,加工肉制品
15366,是甜,DROP,,,不属于指南允许的基础原生食材类别
15367,草莓车厘子,REVIEW,,,可能是原生食材，但频次、命名或类别证据不足
15368,芝麻瓜子仁,REVIEW,,,可能是原生食材，但频次、命名或类别证据不足
15369,料-面粉,DROP,,,成品、半成品或加工食品
15370,一束,DROP,,,不属于指南允许的基础原生食材类别
15371,多耐心,DROP,,,不属于指南允许的基础原生食材类别
15372,绿色奶油霜,DROP,,,烘焙或乳制加工食品
15373,面粉吸水量牛奶,DROP,,,成品、半成品或加工食品
15374,一段草鱼,REVIEW,,,可能是原生食材，但频次、命名或类别证据不足
15375,人数定面条,DROP,,,成品、半成品或加工食品
15376,了很多,DROP,,,不属于指南允许的基础原生食材类别
15377,戚风坯子,DROP,,,不属于指南允许的基础原生食材类别
15378,口味加干辣椒,DROP,,,调味料不进入基础原生食材表
15379,牛奶戚风蛋糕,DROP,,,烘焙或乳制加工食品
15380,益生菌饮品,DROP,,,饮料、酒类或乳制品不属于本版核心原生食材
15381,水蒜水,REVIEW,,,可能是原生食材，但频次、命名或类别证据不足
15382,糯米粉水,DROP,,,成品、半成品或加工食品
15383,味奶油霜,DROP,,,烘焙或乳制加工食品
15384,剪刀面,REVIEW,,,可能是原生食材，但频次、命名或类别证据不足
15385,玻璃密封盒,DROP,,,不属于指南允许的基础原生食材类别
15386,束薄荷叶,DROP,,,调味料不进入基础原生食材表
15387,鱿鱼板,REVIEW,,,可能是原生食材，但频次、命名或类别证据不足
15388,奶酥吐司,DROP,,,烘焙或乳制加工食品
15389,荷包蛋鸡蛋,DROP,,,成品、半成品或加工食品
15390,尔芝士,DROP,,,烘焙或乳制加工食品
15391,多少菠萝,DROP,,,数量或单位残留且无法可靠恢复原食材
15392,碾碎黑芝麻,REVIEW,,,可能是原生食材，但频次、命名或类别证据不足
15393,备选,DROP,,,不属于指南允许的基础原生食材类别
15394,平盘子,DROP,,,不属于指南允许的基础原生食材类别
15395,中」,DROP,,,不属于指南允许的基础原生食材类别
15396,普通大小,DROP,,,不属于指南允许的基础原生食材类别
15397,鸡调味粉,REVIEW,,,可能是原生食材，但频次、命名或类别证据不足
15398,很关键,DROP,,,不属于指南允许的基础原生食材类别
15399,头五花肉,REVIEW,,,可能是原生食材，但频次、命名或类别证据不足
15400,一对,DROP,,,不属于指南允许的基础原生食材类别
15401,小绿辣椒,REVIEW,,,可能是原生食材，但频次、命名或类别证据不足
15402,化开水,DROP,,,不属于指南允许的基础原生食材类别
15403,白味曾,DROP,,,不属于指南允许的基础原生食材类别
15404,蛋黄处理,REVIEW,,,可能是原生食材，但频次、命名或类别证据不足
15405,少干辣椒,DROP,,,调味料不进入基础原生食材表
15406,多肉末,REVIEW,,,形态描述存在，但原始食材无法确定
15407,豆渣量豆渣,DROP,,,成品、半成品或加工食品
15408,土司模,DROP,,,不属于指南允许的基础原生食材类别
15409,鱼骨三文鱼,REVIEW,,,可能是原生食材，但频次、命名或类别证据不足
15410,其他作料,DROP,,,不属于指南允许的基础原生食材类别
15411,奶茶茶叶,DROP,,,饮料、酒类或乳制品不属于本版核心原生食材
15412,紫洋葱碎,REVIEW,,,形态描述存在，但原始食材无法确定
15413,泡椒竹笋,DROP,,,成品、半成品或加工食品
15414,炒米粉,DROP,,,成品、半成品或加工食品
15415,面粉低粉,DROP,,,成品、半成品或加工食品
15416,金珠,DROP,,,不属于指南允许的基础原生食材类别
15417,汁配方,DROP,,,不属于指南允许的基础原生食材类别
15418,时使,DROP,,,不属于指南允许的基础原生食材类别
15419,干辣椒碎,DROP,,,调味料不进入基础原生食材表
15420,坚果碎,REVIEW,,,形态描述存在，但原始食材无法确定
15421,一半猪肉馅,REVIEW,,,可能是原生食材，但频次、命名或类别证据不足
15422,一晚黄豆,REVIEW,,,可能是原生食材，但频次、命名或类别证据不足
15423,奶茶底,DROP,,,不属于指南允许的基础原生食材类别
15424,黄色练切,DROP,,,不属于指南允许的基础原生食材类别
15425,子芝麻,REVIEW,,,可能是原生食材，但频次、命名或类别证据不足
15426,没洋葱,REVIEW,,,可能是原生食材，但频次、命名或类别证据不足
15427,青边鲍鱼,REVIEW,,,可能是原生食材，但频次、命名或类别证据不足
15428,一次豆浆量豆渣,DROP,,,成品、半成品或加工食品
15429,任何菌类,REVIEW,,,可能是原生食材，但频次、命名或类别证据不足
15430,面粉面皮,DROP,,,成品、半成品或加工食品
15431,干果脯,DROP,,,成品、半成品或加工食品
15432,羊肉泡馍,REVIEW,,,可能是原生食材，但频次、命名或类别证据不足
15433,海绵蛋糕预拌粉,DROP,,,烘焙或乳制加工食品
15434,香饼干,DROP,,,烘焙或乳制加工食品
15435,自行调整温水,DROP,,,不属于指南允许的基础原生食材类别
15436,大葱头,REVIEW,,,可能是原生食材，但频次、命名或类别证据不足
15437,每份,DROP,,,不属于指南允许的基础原生食材类别
15438,口味选择,DROP,,,不属于指南允许的基础原生食材类别
15439,鱼生,REVIEW,,,可能是原生食材，但频次、命名或类别证据不足
15440,就多放泡椒,DROP,,,成品、半成品或加工食品
15441,打印糯米纸,REVIEW,,,可能是原生食材，但频次、命名或类别证据不足
15442,料土豆,REVIEW,,,可能是原生食材，但频次、命名或类别证据不足
15443,料一,DROP,,,不属于指南允许的基础原生食材类别
15444,料三,DROP,,,不属于指南允许的基础原生食材类别
15445,米煮米饭,DROP,,,成品、半成品或加工食品
15446,抓五指毛桃,REVIEW,,,可能是原生食材，但频次、命名或类别证据不足
15447,机水,DROP,,,不属于指南允许的基础原生食材类别
15448,果利口酒,DROP,,,调味料不进入基础原生食材表
15449,平遥牛肉,REVIEW,,,可能是原生食材，但频次、命名或类别证据不足
15450,表面装饰品,DROP,,,工具、包装或操作说明
15451,玛丽苏芝士,DROP,,,烘焙或乳制加工食品
15452,回忆,DROP,,,不属于指南允许的基础原生食材类别
15453,饼干料,DROP,,,烘焙或乳制加工食品
15454,时鲜蔬菜,REVIEW,,,可能是原生食材，但频次、命名或类别证据不足
15455,了葡萄干,DROP,,,成品、半成品或加工食品
15456,浸泡香菇水,REVIEW,,,可能是原生食材，但频次、命名或类别证据不足
15457,气泡饮,DROP,,,不属于指南允许的基础原生食材类别
15458,二荆条辣椒圈,REVIEW,,,可能是原生食材，但频次、命名或类别证据不足
15459,蜜桃皮,DROP,,,不属于指南允许的基础原生食材类别
15460,干玫瑰花冠,DROP,,,调味料不进入基础原生食材表
15461,菜心苗,REVIEW,,,可能是原生食材，但频次、命名或类别证据不足
15462,面粉一半温水,DROP,,,成品、半成品或加工食品
15463,牌蛋挞皮,DROP,,,成品、半成品或加工食品
15464,牛肉肉类,REVIEW,,,可能是原生食材，但频次、命名或类别证据不足
15465,儿蘑菇,REVIEW,,,可能是原生食材，但频次、命名或类别证据不足
15466,奶油浓汤,DROP,,,烘焙或乳制加工食品
15467,红尖椒圈,REVIEW,,,可能是原生食材，但频次、命名或类别证据不足
15468,奶盖料,DROP,,,不属于指南允许的基础原生食材类别
15469,种头,DROP,,,不属于指南允许的基础原生食材类别
15470,期待,DROP,,,不属于指南允许的基础原生食材类别
15471,清水鸡蛋液,REVIEW,,,可能是原生食材，但频次、命名或类别证据不足
15472,蛋奶冻,REVIEW,,,可能是原生食材，但频次、命名或类别证据不足
15473,淡奶油预拌粉,DROP,,,烘焙或乳制加工食品
15474,肉两斤,DROP,,,数量或单位残留且无法可靠恢复原食材
15475,铁鱼粉,REVIEW,,,可能是原生食材，但频次、命名或类别证据不足
15476,可做月饼,DROP,,,成品、半成品或加工食品
15477,米和水,REVIEW,,,疑似多食材组合，但无法百分之百确认全部组成
15478,肉类蛋白质,REVIEW,,,可能是原生食材，但频次、命名或类别证据不足
15479,粉红曲粉,DROP,,,不属于指南允许的基础原生食材类别
15480,考维曲巧克力,DROP,,,烘焙或乳制加工食品
15481,图各种香料,DROP,,,不属于指南允许的基础原生食材类别
15482,多少啤酒,DROP,,,调味料不进入基础原生食材表
15483,面粉筛,DROP,,,成品、半成品或加工食品
15484,牛油果核,REVIEW,,,可能是原生食材，但频次、命名或类别证据不足
15485,滇红茶,DROP,,,饮料、酒类或乳制品不属于本版核心原生食材
15486,葱末小葱,REVIEW,,,可能是原生食材，但频次、命名或类别证据不足
15487,贝贝南瓜皮,DROP,,,不属于指南允许的基础原生食材类别
15488,干茶,DROP,,,饮料、酒类或乳制品不属于本版核心原生食材
15489,麸皮全麦面粉,DROP,,,成品、半成品或加工食品
15490,肥瘦都要,DROP,,,不属于指南允许的基础原生食材类别
15491,华夫松饼粉,DROP,,,不属于指南允许的基础原生食材类别
15492,按个人口味加,DROP,,,不属于指南允许的基础原生食材类别
15493,型酸奶,DROP,,,饮料、酒类或乳制品不属于本版核心原生食材
15494,藕渣,REVIEW,,,可能是原生食材，但频次、命名或类别证据不足
15495,干蓝莓干,DROP,,,成品、半成品或加工食品
15496,蛋黄一个鸡蛋,DROP,,,数量或单位残留且无法可靠恢复原食材
15497,汉堡模,DROP,,,成品、半成品或加工食品
15498,味烤肉料,REVIEW,,,可能是原生食材，但频次、命名或类别证据不足
15499,香料香料,DROP,,,不属于指南允许的基础原生食材类别
15500,元钱饺子皮,DROP,,,成品、半成品或加工食品
15501,机米乳,REVIEW,,,可能是原生食材，但频次、命名或类别证据不足
15502,炒花生仁,REVIEW,,,可能是原生食材，但频次、命名或类别证据不足
15503,其他装饰物,DROP,,,工具、包装或操作说明
15504,酸奶中种,DROP,,,饮料、酒类或乳制品不属于本版核心原生食材
15505,其他鱼,REVIEW,,,可能是原生食材，但频次、命名或类别证据不足
15506,果果,DROP,,,不属于指南允许的基础原生食材类别
15507,面团南瓜泥,REVIEW,,,可能是原生食材，但频次、命名或类别证据不足
15508,奶香燕麦粥,DROP,,,成品、半成品或加工食品
15509,啦草莓,REVIEW,,,可能是原生食材，但频次、命名或类别证据不足
15510,三鲜肉馅,REVIEW,,,可能是原生食材，但频次、命名或类别证据不足
15511,正好,DROP,,,不属于指南允许的基础原生食材类别
15512,大红椒,REVIEW,,,可能是原生食材，但频次、命名或类别证据不足
15513,牛肉混合肉糜,REVIEW,,,可能是原生食材，但频次、命名或类别证据不足
15514,口味自选,DROP,,,不属于指南允许的基础原生食材类别
15515,一普通面粉,DROP,,,成品、半成品或加工食品
15516,味雪糕,DROP,,,成品、半成品或加工食品
15517,和白葡萄酒,DROP,,,调味料不进入基础原生食材表
15518,绿色尖辣椒,REVIEW,,,可能是原生食材，但频次、命名或类别证据不足
15519,冻挞皮,DROP,,,不属于指南允许的基础原生食材类别
15520,大红豆,REVIEW,,,可能是原生食材，但频次、命名或类别证据不足
15521,平常心,DROP,,,不属于指南允许的基础原生食材类别
15522,枣泥核桃馅,REVIEW,,,可能是原生食材，但频次、命名或类别证据不足
15523,了豌豆,REVIEW,,,可能是原生食材，但频次、命名或类别证据不足
15524,脆卷,DROP,,,不属于指南允许的基础原生食材类别
15525,模量,DROP,,,不属于指南允许的基础原生食材类别
15526,青椒各,REVIEW,,,可能是原生食材，但频次、命名或类别证据不足
15527,平底煎盘,DROP,,,不属于指南允许的基础原生食材类别
15528,湿水,DROP,,,不属于指南允许的基础原生食材类别
15529,去腥三件套,DROP,,,不属于指南允许的基础原生食材类别
15530,脱脂芝士片,DROP,,,烘焙或乳制加工食品
15531,酱马苏里拉芝士,DROP,,,烘焙或乳制加工食品
15532,膳食纤维粉,DROP,,,不属于指南允许的基础原生食材类别
15533,新鲜鸡蛋黄,MERGE,72,蛋黄,去除确定的鲜冻/去皮去骨描述
15534,麦心粉,REVIEW,,,可能是原生食材，但频次、命名或类别证据不足
15535,水煮蔬菜,REVIEW,,,可能是原生食材，但频次、命名或类别证据不足
15536,妃子笑荔枝,DROP,,,不属于指南允许的基础原生食材类别
15537,玉米黄瓜,REVIEW,,,可能是原生食材，但频次、命名或类别证据不足
15538,比较少,DROP,,,不属于指南允许的基础原生食材类别
15539,半個,DROP,,,不属于指南允许的基础原生食材类别
15540,油」,DROP,,,不属于指南允许的基础原生食材类别
15541,麻油几滴,DROP,,,不属于指南允许的基础原生食材类别
15542,浓厚酸奶,DROP,,,饮料、酒类或乳制品不属于本版核心原生食材
15543,味预调酒,DROP,,,调味料不进入基础原生食材表
15544,小小丁,REVIEW,,,形态描述存在，但原始食材无法确定
15545,口味加炼乳,DROP,,,烘焙或乳制加工食品
15546,市售酸奶,DROP,,,饮料、酒类或乳制品不属于本版核心原生食材
15547,梯田红米,REVIEW,,,可能是原生食材，但频次、命名或类别证据不足
15548,糯米浆,REVIEW,,,可能是原生食材，但频次、命名或类别证据不足
15549,减半量,DROP,,,不属于指南允许的基础原生食材类别
15550,斤龙虾,REVIEW,,,可能是原生食材，但频次、命名或类别证据不足
15551,咸牛肉罐头,DROP,,,成品、半成品或加工食品
15552,椒和小米辣,REVIEW,,,疑似多食材组合，但无法百分之百确认全部组成
15553,碎杏干,DROP,,,成品、半成品或加工食品
15554,三角茶包,DROP,,,不属于指南允许的基础原生食材类别
15555,海鲜虾,REVIEW,,,可能是原生食材，但频次、命名或类别证据不足
15556,土司配方,DROP,,,不属于指南允许的基础原生食材类别
15557,风味粉,DROP,,,不属于指南允许的基础原生食材类别
15558,番茄小番茄,REVIEW,,,可能是原生食材，但频次、命名或类别证据不足
15559,红椒葱,REVIEW,,,可能是原生食材，但频次、命名或类别证据不足
15560,太阳,DROP,,,不属于指南允许的基础原生食材类别
15561,椰汁椰浆,DROP,,,饮料、酒类或乳制品不属于本版核心原生食材
15562,粉替换,DROP,,,不属于指南允许的基础原生食材类别
15563,派顶,DROP,,,不属于指南允许的基础原生食材类别
15564,辣酱包,DROP,,,不属于指南允许的基础原生食材类别
15565,酸酸乳,DROP,,,不属于指南允许的基础原生食材类别
15566,马克杯牛奶,DROP,,,饮料、酒类或乳制品不属于本版核心原生食材
15567,葱花段,REVIEW,,,形态描述存在，但原始食材无法确定
15568,了蒜苗,REVIEW,,,可能是原生食材，但频次、命名或类别证据不足
15569,红胚芽米,REVIEW,,,可能是原生食材，但频次、命名或类别证据不足
15570,粉调色,DROP,,,不属于指南允许的基础原生食材类别
15571,烧一壶热水,DROP,,,不属于指南允许的基础原生食材类别
15572,我没放辣椒,REVIEW,,,可能是原生食材，但频次、命名或类别证据不足
15573,食量速冻饺子,DROP,,,成品、半成品或加工食品
15574,广式饼皮,DROP,,,不属于指南允许的基础原生食材类别
15575,爱好,DROP,,,不属于指南允许的基础原生食材类别
15576,都可以花生,DROP,,,不属于指南允许的基础原生食材类别
15577,馅佐料,DROP,,,不属于指南允许的基础原生食材类别
15578,一种蔬菜,REVIEW,,,可能是原生食材，但频次、命名或类别证据不足
15579,打底,DROP,,,不属于指南允许的基础原生食材类别
15580,萨瓦林模,DROP,,,不属于指南允许的基础原生食材类别
15581,〔酱〕,DROP,,,不属于指南允许的基础原生食材类别
15582,啦玉米粒,REVIEW,,,可能是原生食材，但频次、命名或类别证据不足
15583,进行调整,DROP,,,不属于指南允许的基础原生食材类别
15584,土豆西红柿,REVIEW,,,可能是原生食材，但频次、命名或类别证据不足
15585,豆米饭,DROP,,,成品、半成品或加工食品
15586,半熟芝士,DROP,,,烘焙或乳制加工食品
15587,炸肉丸子,DROP,,,成品、半成品或加工食品
15588,螃蟹壳,REVIEW,,,可能是原生食材，但频次、命名或类别证据不足
15589,玛格丽特饼干,DROP,,,烘焙或乳制加工食品
15590,汁包,DROP,,,不属于指南允许的基础原生食材类别
15591,木瓜半个,MERGE,195,木瓜,修复数量/单位残留
15592,小米椒大蒜,REVIEW,,,可能是原生食材，但频次、命名或类别证据不足
15593,这些,DROP,,,不属于指南允许的基础原生食材类别
15594,粉没可不放,DROP,,,不属于指南允许的基础原生食材类别
15595,紅薯粉,REVIEW,,,可能是原生食材，但频次、命名或类别证据不足
15596,金枪鱼松,REVIEW,,,可能是原生食材，但频次、命名或类别证据不足
15597,超薄春卷皮,DROP,,,不属于指南允许的基础原生食材类别
15598,白萝卜叶,REVIEW,,,可能是原生食材，但频次、命名或类别证据不足
15599,三倍清水,DROP,,,不属于指南允许的基础原生食材类别
15600,麦低筋面粉,DROP,,,成品、半成品或加工食品
15601,果戚风蛋糕,DROP,,,烘焙或乳制加工食品
15602,小墨鱼干,DROP,,,成品、半成品或加工食品
15603,就可水,DROP,,,不属于指南允许的基础原生食材类别
15604,烘焙可可豆,DROP,,,不属于指南允许的基础原生食材类别
15605,萝卜酸菜,DROP,,,成品、半成品或加工食品
15606,麦麸面粉,DROP,,,成品、半成品或加工食品
15607,辣就多放点,DROP,,,不属于指南允许的基础原生食材类别
15608,牛油果芒果,REVIEW,,,可能是原生食材，但频次、命名或类别证据不足
15609,提前腌制,DROP,,,不属于指南允许的基础原生食材类别
15610,色烘焙巧克力,DROP,,,烘焙或乳制加工食品
15611,什锦香草碎,REVIEW,,,形态描述存在，但原始食材无法确定
15612,眼肉牛扒,REVIEW,,,可能是原生食材，但频次、命名或类别证据不足
15613,青岚,DROP,,,不属于指南允许的基础原生食材类别
15614,辣椒丝葱丝,REVIEW,,,形态描述存在，但原始食材无法确定
15615,杂粮米糊,REVIEW,,,可能是原生食材，但频次、命名或类别证据不足
15616,容量牛奶,DROP,,,饮料、酒类或乳制品不属于本版核心原生食材
15617,也干辣椒,DROP,,,调味料不进入基础原生食材表
15618,鱼草鱼,REVIEW,,,可能是原生食材，但频次、命名或类别证据不足
15619,烫面戚风,REVIEW,,,可能是原生食材，但频次、命名或类别证据不足
15620,豆浆豆渣,DROP,,,成品、半成品或加工食品
15621,椒粉白芝麻,REVIEW,,,可能是原生食材，但频次、命名或类别证据不足
15622,香提,DROP,,,不属于指南允许的基础原生食材类别
15623,空罐子,DROP,,,不属于指南允许的基础原生食材类别
15624,蛋液全蛋,REVIEW,,,可能是原生食材，但频次、命名或类别证据不足
15625,一夜,DROP,,,不属于指南允许的基础原生食材类别
15626,芹菜芹菜,REVIEW,,,可能是原生食材，但频次、命名或类别证据不足
15627,芒果淋面,REVIEW,,,可能是原生食材，但频次、命名或类别证据不足
15628,开啡尔,DROP,,,不属于指南允许的基础原生食材类别
15629,椒红椒,REVIEW,,,可能是原生食材，但频次、命名或类别证据不足
15630,戚风预拌粉,DROP,,,不属于指南允许的基础原生食材类别
15631,大曲奇,DROP,,,成品、半成品或加工食品
15632,香草荚籽,DROP,,,成品、半成品或加工食品
15633,小金桔,DROP,,,不属于指南允许的基础原生食材类别
15634,香草豆荚籽,REVIEW,,,可能是原生食材，但频次、命名或类别证据不足
15635,和大蒜,REVIEW,,,疑似多食材组合，但无法百分之百确认全部组成
15636,温全脂牛奶,DROP,,,饮料、酒类或乳制品不属于本版核心原生食材
15637,清蒸猪肉罐头,DROP,,,成品、半成品或加工食品
15638,各一个戚风蛋糕,DROP,,,烘焙或乳制加工食品
15639,藜麦杂粮饭,REVIEW,,,可能是原生食材，但频次、命名或类别证据不足
15640,啦培根,DROP,,,加工肉制品
15641,胶囊,DROP,,,不属于指南允许的基础原生食材类别
15642,薯去皮切块,REVIEW,,,形态描述存在，但原始食材无法确定
15643,式意大利面,DROP,,,成品、半成品或加工食品
15644,一人份,DROP,,,不属于指南允许的基础原生食材类别
15645,米各一半,REVIEW,,,可能是原生食材，但频次、命名或类别证据不足
15646,马铃薯丁,MERGE,12,土豆,去除切片/切块/切丁等形态描述
15647,混合香料粉,DROP,,,不属于指南允许的基础原生食材类别
15648,自己酿葡萄酒,DROP,,,调味料不进入基础原生食材表
15649,苦苣生菜,REVIEW,,,可能是原生食材，但频次、命名或类别证据不足
15650,食薄荷叶,DROP,,,调味料不进入基础原生食材表
15651,一半辣白菜,DROP,,,不属于指南允许的基础原生食材类别
15652,少全麦粉,REVIEW,,,可能是原生食材，但频次、命名或类别证据不足
15653,调好味肉馅,REVIEW,,,可能是原生食材，但频次、命名或类别证据不足
15654,来大蒜,REVIEW,,,可能是原生食材，但频次、命名或类别证据不足
15655,表情,DROP,,,不属于指南允许的基础原生食材类别
15656,备好,DROP,,,不属于指南允许的基础原生食材类别
15657,汁红心火龙果,REVIEW,,,可能是原生食材，但频次、命名或类别证据不足
15658,大小卷心菜,REVIEW,,,可能是原生食材，但频次、命名或类别证据不足
15659,均可鸡,REVIEW,,,可能是原生食材，但频次、命名或类别证据不足
15660,清水红豆沙,DROP,,,成品、半成品或加工食品
15661,自选食材,DROP,,,不属于指南允许的基础原生食材类别
15662,迷迭香草,DROP,,,调味料不进入基础原生食材表
15663,了辣白菜,DROP,,,不属于指南允许的基础原生食材类别
15664,粉干米粉,DROP,,,成品、半成品或加工食品
15665,果蔬色粉,DROP,,,不属于指南允许的基础原生食材类别
15666,木筷子,DROP,,,不属于指南允许的基础原生食材类别
15667,几颗牛肉丸,DROP,,,成品、半成品或加工食品
15668,香香菜,REVIEW,,,可能是原生食材，但频次、命名或类别证据不足
15669,准备葱花,REVIEW,,,可能是原生食材，但频次、命名或类别证据不足
15670,熟蔬菜,DROP,,,成品、半成品或加工食品
15671,饼半成品,DROP,,,不属于指南允许的基础原生食材类别
15672,比较软,DROP,,,不属于指南允许的基础原生食材类别
15673,大对虾,REVIEW,,,可能是原生食材，但频次、命名或类别证据不足
15674,椒组合,REVIEW,,,可能是原生食材，但频次、命名或类别证据不足
15675,两倍水,DROP,,,不属于指南允许的基础原生食材类别
15676,榨汁机一台,DROP,,,不属于指南允许的基础原生食材类别
15677,堆火锅丸子,DROP,,,成品、半成品或加工食品
15678,法式香草,REVIEW,,,可能是原生食材，但频次、命名或类别证据不足
15679,蛋黄咸鸭蛋,DROP,,,成品、半成品或加工食品
15680,了虾,REVIEW,,,可能是原生食材，但频次、命名或类别证据不足
15681,现成雪媚娘皮,DROP,,,不属于指南允许的基础原生食材类别
15682,白背黑木耳,REVIEW,,,可能是原生食材，但频次、命名或类别证据不足
15683,红萝卜条,REVIEW,,,可能是原生食材，但频次、命名或类别证据不足
15684,就行燕麦,REVIEW,,,可能是原生食材，但频次、命名或类别证据不足
15685,带皮去骨鸡腿肉,MERGE,582,鸡腿,去除确定的鲜冻/去皮去骨描述
15686,白菜页,REVIEW,,,可能是原生食材，但频次、命名或类别证据不足
15687,小玻璃瓶,DROP,,,不属于指南允许的基础原生食材类别
15688,各种芝士,DROP,,,烘焙或乳制加工食品
15689,下次,DROP,,,不属于指南允许的基础原生食材类别
15690,已腌制牛排,REVIEW,,,可能是原生食材，但频次、命名或类别证据不足
15691,黄油蛋糕,DROP,,,烘焙或乳制加工食品
15692,案板,DROP,,,不属于指南允许的基础原生食材类别
15693,空罐头瓶,DROP,,,成品、半成品或加工食品
15694,成沫姜,REVIEW,,,可能是原生食材，但频次、命名或类别证据不足
15695,干果麦片,REVIEW,,,形态描述存在，但原始食材无法确定
15696,任何你想加食材,DROP,,,不属于指南允许的基础原生食材类别
15697,都很好,DROP,,,不属于指南允许的基础原生食材类别
15698,豌豆豌豆,REVIEW,,,可能是原生食材，但频次、命名或类别证据不足
15699,泡发干贝,DROP,,,成品、半成品或加工食品
15700,自己放,DROP,,,不属于指南允许的基础原生食材类别
15701,膨化食品,DROP,,,不属于指南允许的基础原生食材类别
15702,玉米汤,REVIEW,,,可能是原生食材，但频次、命名或类别证据不足
15703,自己口味姜,REVIEW,,,可能是原生食材，但频次、命名或类别证据不足
15704,洋葱柠檬,REVIEW,,,可能是原生食材，但频次、命名或类别证据不足
15705,少黄豆粉,REVIEW,,,可能是原生食材，但频次、命名或类别证据不足
15706,调温白巧克力,DROP,,,烘焙或乳制加工食品
15707,整鸡鸡肉,REVIEW,,,可能是原生食材，但频次、命名或类别证据不足
15708,料香料,DROP,,,不属于指南允许的基础原生食材类别
15709,自己量紫菜,REVIEW,,,可能是原生食材，但频次、命名或类别证据不足
15710,面条饼,DROP,,,成品、半成品或加工食品
15711,红豆奶茶,DROP,,,成品、半成品或加工食品
15712,克蛋液,REVIEW,,,可能是原生食材，但频次、命名或类别证据不足
15713,&蔓越莓干,DROP,,,成品、半成品或加工食品
15714,馒头切片,DROP,,,成品、半成品或加工食品
15715,香菜一棵,REVIEW,,,可能是原生食材，但频次、命名或类别证据不足
15716,鸡翅和翅根,REVIEW,,,疑似多食材组合，但无法百分之百确认全部组成
15717,颜色蔬菜,REVIEW,,,可能是原生食材，但频次、命名或类别证据不足
15718,几个地瓜,MERGE,28,红薯,修复数量/单位残留
15719,多桃胶,DROP,,,成品、半成品或加工食品
15720,决定排骨,REVIEW,,,可能是原生食材，但频次、命名或类别证据不足
15721,定腊肉,DROP,,,加工肉制品
15722,西芹切碎,DROP,,,工具、包装或操作说明
15723,儿大葱,REVIEW,,,可能是原生食材，但频次、命名或类别证据不足
15724,很大银耳,REVIEW,,,可能是原生食材，但频次、命名或类别证据不足
15725,电陶炉,DROP,,,不属于指南允许的基础原生食材类别
15726,度清水,DROP,,,不属于指南允许的基础原生食材类别
15727,粉姜黄粉,REVIEW,,,可能是原生食材，但频次、命名或类别证据不足
15728,装午餐肉,DROP,,,加工肉制品
15729,麦片粥,DROP,,,成品、半成品或加工食品
15730,各小辣椒,REVIEW,,,可能是原生食材，但频次、命名或类别证据不足
15731,口味来辣椒,REVIEW,,,可能是原生食材，但频次、命名或类别证据不足
15732,薯角,REVIEW,,,可能是原生食材，但频次、命名或类别证据不足
15733,皮半成品,DROP,,,不属于指南允许的基础原生食材类别
15734,五倍水,DROP,,,不属于指南允许的基础原生食材类别
15735,什么就加什么,DROP,,,不属于指南允许的基础原生食材类别
15736,辣程度小米椒,REVIEW,,,可能是原生食材，但频次、命名或类别证据不足
15737,透明奶油霜,DROP,,,烘焙或乳制加工食品
15738,土豆泥馅,REVIEW,,,可能是原生食材，但频次、命名或类别证据不足
15739,茶泡饭,DROP,,,不属于指南允许的基础原生食材类别
15740,尼干酪,DROP,,,不属于指南允许的基础原生食材类别
15741,果冻配方,DROP,,,不属于指南允许的基础原生食材类别
15742,多南瓜,REVIEW,,,可能是原生食材，但频次、命名或类别证据不足
15743,厨师牌鸡肉肠,DROP,,,成品、半成品或加工食品
15744,半绿豆,REVIEW,,,可能是原生食材，但频次、命名或类别证据不足
15745,水溶性色粉,DROP,,,不属于指南允许的基础原生食材类别
15746,成馅,DROP,,,不属于指南允许的基础原生食材类别
15747,葱剁碎,REVIEW,,,形态描述存在，但原始食材无法确定
15748,蜜渍柠檬片,REVIEW,,,形态描述存在，但原始食材无法确定
15749,张寿司紫菜,REVIEW,,,可能是原生食材，但频次、命名或类别证据不足
15750,贡丸鱼丸,DROP,,,成品、半成品或加工食品
15751,椰花菜,REVIEW,,,可能是原生食材，但频次、命名或类别证据不足
15752,气泡饮料,DROP,,,饮料、酒类或乳制品不属于本版核心原生食材
15753,粉啊,DROP,,,不属于指南允许的基础原生食材类别
15754,大面粉,DROP,,,成品、半成品或加工食品
15755,人量红薯粉,REVIEW,,,可能是原生食材，但频次、命名或类别证据不足
15756,牛奶燕麦粥,DROP,,,成品、半成品或加工食品
15757,香菇泡发,REVIEW,,,可能是原生食材，但频次、命名或类别证据不足
15758,奶昔粉,DROP,,,饮料、酒类或乳制品不属于本版核心原生食材
15759,底消化饼干,DROP,,,烘焙或乳制加工食品
15760,人份面粉,DROP,,,成品、半成品或加工食品
15761,红茶茶水,DROP,,,不属于指南允许的基础原生食材类别
15762,肉方,REVIEW,,,可能是原生食材，但频次、命名或类别证据不足
15763,适中大小,DROP,,,不属于指南允许的基础原生食材类别
15764,情况定水,DROP,,,不属于指南允许的基础原生食材类别
15765,人饭量糯米,REVIEW,,,可能是原生食材，但频次、命名或类别证据不足
15766,馒头馒头,DROP,,,成品、半成品或加工食品
15767,橘色,REVIEW,,,可能是原生食材，但频次、命名或类别证据不足
15768,口味调整,DROP,,,不属于指南允许的基础原生食材类别
15769,就没加,DROP,,,不属于指南允许的基础原生食材类别
15770,馅肉馅,REVIEW,,,可能是原生食材，但频次、命名或类别证据不足
15771,各种杂粮豆,REVIEW,,,可能是原生食材，但频次、命名或类别证据不足
15772,大小大白菜,REVIEW,,,可能是原生食材，但频次、命名或类别证据不足
15773,桶酸奶,DROP,,,饮料、酒类或乳制品不属于本版核心原生食材
15774,大火腿,DROP,,,加工肉制品
15775,情况辣椒,REVIEW,,,可能是原生食材，但频次、命名或类别证据不足
15776,抓干红辣椒,REVIEW,,,可能是原生食材，但频次、命名或类别证据不足
15777,总结,DROP,,,不属于指南允许的基础原生食材类别
15778,海鲜包,REVIEW,,,可能是原生食材，但频次、命名或类别证据不足
15779,后肘,DROP,,,不属于指南允许的基础原生食材类别
15780,罗汉果壳,DROP,,,不属于指南允许的基础原生食材类别
15781,烧烤炉,DROP,,,不属于指南允许的基础原生食材类别
15782,剁碎泡椒,DROP,,,成品、半成品或加工食品
15783,雞腿肉,REVIEW,,,可能是原生食材，但频次、命名或类别证据不足
15784,和蓝莓,REVIEW,,,疑似多食材组合，但无法百分之百确认全部组成
15785,椰奶咖啡,DROP,,,饮料、酒类或乳制品不属于本版核心原生食材
15786,海鲜泡面,REVIEW,,,可能是原生食材，但频次、命名或类别证据不足
15787,就好西兰花,REVIEW,,,可能是原生食材，但频次、命名或类别证据不足
15788,奇亚籽谷物麦片,REVIEW,,,形态描述存在，但原始食材无法确定
15789,鸡胸肉汤,REVIEW,,,可能是原生食材，但频次、命名或类别证据不足
15790,自定培根,DROP,,,加工肉制品
15791,茉莉茶水,DROP,,,不属于指南允许的基础原生食材类别
15792,里白芝麻,REVIEW,,,可能是原生食材，但频次、命名或类别证据不足
15793,白芝麻香菜,REVIEW,,,可能是原生食材，但频次、命名或类别证据不足
15794,口味粉,DROP,,,不属于指南允许的基础原生食材类别
15795,纯牛肉肠,DROP,,,成品、半成品或加工食品
15796,水煮鱼,REVIEW,,,可能是原生食材，但频次、命名或类别证据不足
15797,奶酪蛋糕,DROP,,,烘焙或乳制加工食品
15798,不太辣干辣椒,DROP,,,调味料不进入基础原生食材表
15799,叉骨,DROP,,,不属于指南允许的基础原生食材类别
15800,多少紫薯,DROP,,,数量或单位残留且无法可靠恢复原食材
15801,葱红辣椒,REVIEW,,,可能是原生食材，但频次、命名或类别证据不足
15802,螺旋形意面,REVIEW,,,可能是原生食材，但频次、命名或类别证据不足
15803,玉米面面粉,DROP,,,成品、半成品或加工食品
15804,料自选,DROP,,,不属于指南允许的基础原生食材类别
15805,店售,DROP,,,不属于指南允许的基础原生食材类别
15806,铺一层芝士,DROP,,,烘焙或乳制加工食品
15807,多火腿,DROP,,,加工肉制品
15808,肉切小丁,REVIEW,,,形态描述存在，但原始食材无法确定
15809,蔬菜蘑菇,REVIEW,,,可能是原生食材，但频次、命名或类别证据不足
15810,印度椒,REVIEW,,,可能是原生食材，但频次、命名或类别证据不足
15811,里蔬菜,REVIEW,,,可能是原生食材，但频次、命名或类别证据不足
15812,皮全蛋液,DROP,,,不属于指南允许的基础原生食材类别
15813,锅大小,DROP,,,不属于指南允许的基础原生食材类别
15814,多少放多少玉米粒,DROP,,,数量或单位残留且无法可靠恢复原食材
15815,多少馒头,DROP,,,成品、半成品或加工食品
15816,泡菜水饺,DROP,,,成品、半成品或加工食品
15817,牛奶燕麦片,DROP,,,饮料、酒类或乳制品不属于本版核心原生食材
15818,隔夜吐司,DROP,,,烘焙或乳制加工食品
15819,快速发酵桶,DROP,,,不属于指南允许的基础原生食材类别
15820,花蛋糕,DROP,,,烘焙或乳制加工食品
15821,油炸豆腐皮,DROP,,,豆制品或淀粉制品（严格模式排除）
15822,哈哈哈猪肉,REVIEW,,,可能是原生食材，但频次、命名或类别证据不足
15823,酱番茄沙司,DROP,,,成品、半成品或加工食品
15824,两样,DROP,,,不属于指南允许的基础原生食材类别
15825,嫩豌豆荚,REVIEW,,,可能是原生食材，但频次、命名或类别证据不足
15826,来定面粉,DROP,,,成品、半成品或加工食品
15827,猪蹄罐头,DROP,,,成品、半成品或加工食品
15828,料白芝麻,REVIEW,,,可能是原生食材，但频次、命名或类别证据不足
15829,肉切薄片,REVIEW,,,形态描述存在，但原始食材无法确定
15830,熟食肉类,DROP,,,成品、半成品或加工食品
15831,减肥食材,DROP,,,不属于指南允许的基础原生食材类别
15832,无粉蛋糕,DROP,,,烘焙或乳制加工食品
15833,大蒜生姜,REVIEW,,,可能是原生食材，但频次、命名或类别证据不足
15834,叶香料,DROP,,,不属于指南允许的基础原生食材类别
15835,可多点,DROP,,,不属于指南允许的基础原生食材类别
15836,不固定,DROP,,,不属于指南允许的基础原生食材类别
15837,奥尔良鸡腿肉,REVIEW,,,可能是原生食材，但频次、命名或类别证据不足
15838,葱花蔬菜,REVIEW,,,可能是原生食材，但频次、命名或类别证据不足
15839,油炸辣子,DROP,,,成品、半成品或加工食品
15840,舒兰大米,REVIEW,,,可能是原生食材，但频次、命名或类别证据不足
15841,正方形油纸,DROP,,,工具、包装或操作说明
15842,口水,DROP,,,不属于指南允许的基础原生食材类别
15843,蛋即可水,REVIEW,,,可能是原生食材，但频次、命名或类别证据不足
15844,植物叶子,DROP,,,不属于指南允许的基础原生食材类别
15845,水位水,DROP,,,不属于指南允许的基础原生食材类别
15846,香菇猪肉丸,DROP,,,成品、半成品或加工食品
15847,定绿豆,REVIEW,,,可能是原生食材，但频次、命名或类别证据不足
15848,吐司配方,DROP,,,烘焙或乳制加工食品
15849,低脂黑椒土豆泥,DROP,,,调味料不进入基础原生食材表
15850,冻鱿鱼圈,REVIEW,,,可能是原生食材，但频次、命名或类别证据不足
15851,汁牛奶,DROP,,,饮料、酒类或乳制品不属于本版核心原生食材
15852,都行坚果,REVIEW,,,可能是原生食材，但频次、命名或类别证据不足
15853,隔水炖盅,DROP,,,不属于指南允许的基础原生食材类别
15854,果馅,DROP,,,不属于指南允许的基础原生食材类别
15855,红心火龙果皮,DROP,,,不属于指南允许的基础原生食材类别
15856,长度葱,REVIEW,,,可能是原生食材，但频次、命名或类别证据不足
15857,你爱水果,DROP,,,不属于指南允许的基础原生食材类别
15858,朵玫瑰花茶,DROP,,,调味料不进入基础原生食材表
15859,色小西红柿,REVIEW,,,可能是原生食材，但频次、命名或类别证据不足
15860,胸肉鸡肉,REVIEW,,,可能是原生食材，但频次、命名或类别证据不足
15861,磨牙饼干,DROP,,,烘焙或乳制加工食品
15862,干净葡萄干,DROP,,,成品、半成品或加工食品
15863,多少莴笋,DROP,,,数量或单位残留且无法可靠恢复原食材
15864,模一个量,DROP,,,数量或单位残留且无法可靠恢复原食材
15865,人红枣,REVIEW,,,可能是原生食材，但频次、命名或类别证据不足
15866,口味调整葱花,REVIEW,,,可能是原生食材，但频次、命名或类别证据不足
15867,香梭鱼,KEEP,575,香梭鱼,符合基础原生食材定义
15868,新鲜紫苏,MERGE,164,紫苏,去除确定的鲜冻/去皮去骨描述
15869,一半鸡肉,REVIEW,,,可能是原生食材，但频次、命名或类别证据不足
15870,不说了,DROP,,,不属于指南允许的基础原生食材类别
15871,马芬变化,DROP,,,不属于指南允许的基础原生食材类别
15872,洋葱几片,REVIEW,,,形态描述存在，但原始食材无法确定
15873,胡萝卜豌豆,REVIEW,,,可能是原生食材，但频次、命名或类别证据不足
15874,凤梨菠萝,REVIEW,,,可能是原生食材，但频次、命名或类别证据不足
15875,大玻璃瓶,DROP,,,不属于指南允许的基础原生食材类别
15876,挂面挂面,REVIEW,,,可能是原生食材，但频次、命名或类别证据不足
15877,番茄切碎,DROP,,,工具、包装或操作说明
15878,辫子面包,DROP,,,烘焙或乳制加工食品
15879,染色,DROP,,,不属于指南允许的基础原生食材类别
15880,海绵蛋糕卷,DROP,,,烘焙或乳制加工食品
15881,菜西葫芦,REVIEW,,,可能是原生食材，但频次、命名或类别证据不足
15882,饭海苔料,DROP,,,成品、半成品或加工食品
15883,味腌肉料,DROP,,,加工肉制品
15884,一倍,DROP,,,不属于指南允许的基础原生食材类别
15885,详细,DROP,,,不属于指南允许的基础原生食材类别
15886,水煮肉片,REVIEW,,,形态描述存在，但原始食材无法确定
15887,打孔器,DROP,,,不属于指南允许的基础原生食材类别
15888,蔬菜边角料,REVIEW,,,可能是原生食材，但频次、命名或类别证据不足
15889,蔬菜食材,REVIEW,,,可能是原生食材，但频次、命名或类别证据不足
15890,调味佐料,DROP,,,不属于指南允许的基础原生食材类别
15891,糯米粉各一半,DROP,,,成品、半成品或加工食品
15892,猪火腿,DROP,,,加工肉制品
15893,都行蔬菜,REVIEW,,,可能是原生食材，但频次、命名或类别证据不足
15894,辣红椒,REVIEW,,,可能是原生食材，但频次、命名或类别证据不足
15895,小鲜侣,DROP,,,不属于指南允许的基础原生食材类别
15896,大小红豆沙,DROP,,,成品、半成品或加工食品
15897,隔夜燕麦,REVIEW,,,可能是原生食材，但频次、命名或类别证据不足
15898,姜撞奶,DROP,,,饮料、酒类或乳制品不属于本版核心原生食材
15899,火锅香肠,DROP,,,加工肉制品
15900,免煮咖啡粉,DROP,,,饮料、酒类或乳制品不属于本版核心原生食材
15901,鸡蛋木耳,REVIEW,,,可能是原生食材，但频次、命名或类别证据不足
15902,青菜白菜,REVIEW,,,可能是原生食材，但频次、命名或类别证据不足
15903,葱碎末,REVIEW,,,形态描述存在，但原始食材无法确定
15904,就好葱姜,REVIEW,,,可能是原生食材，但频次、命名或类别证据不足
15905,小螃蟹,REVIEW,,,可能是原生食材，但频次、命名或类别证据不足
15906,料食材,DROP,,,不属于指南允许的基础原生食材类别
15907,瘦肉腊肠,DROP,,,成品、半成品或加工食品
15908,蔬菜们,REVIEW,,,可能是原生食材，但频次、命名或类别证据不足
15909,另外准备,DROP,,,不属于指南允许的基础原生食材类别
15910,没可不放白芝麻,REVIEW,,,可能是原生食材，但频次、命名或类别证据不足
15911,酱两勺,DROP,,,数量或单位残留且无法可靠恢复原食材
15912,应季食材,DROP,,,不属于指南允许的基础原生食材类别
15913,普通奶粉,DROP,,,烘焙或乳制加工食品
15914,冰粉伴侣,DROP,,,不属于指南允许的基础原生食材类别
15915,隔夜杂粮饭,DROP,,,不属于指南允许的基础原生食材类别
15916,蓝波奶酪,DROP,,,烘焙或乳制加工食品
15917,苹果半个,MERGE,56,苹果,修复数量/单位残留
15918,核桃核桃碎,REVIEW,,,形态描述存在，但原始食材无法确定
15919,灯笼椒丁,REVIEW,,,形态描述存在，但原始食材无法确定
15920,蛋糕饼底,DROP,,,烘焙或乳制加工食品
15921,备香菇,REVIEW,,,可能是原生食材，但频次、命名或类别证据不足
15922,香料组合,DROP,,,不属于指南允许的基础原生食材类别
15923,自己口味定辣椒,REVIEW,,,可能是原生食材，但频次、命名或类别证据不足
15924,决定面条,DROP,,,成品、半成品或加工食品
15925,浒苔,DROP,,,不属于指南允许的基础原生食材类别
15926,那种干辣椒,DROP,,,调味料不进入基础原生食材表
15927,香草提取,REVIEW,,,可能是原生食材，但频次、命名或类别证据不足
15928,干石花菜,REVIEW,,,可能是原生食材，但频次、命名或类别证据不足
15929,青蒜头,REVIEW,,,可能是原生食材，但频次、命名或类别证据不足
15930,益生元,DROP,,,不属于指南允许的基础原生食材类别
15931,来虾仁,REVIEW,,,可能是原生食材，但频次、命名或类别证据不足
15932,倍牛奶,DROP,,,饮料、酒类或乳制品不属于本版核心原生食材
15933,圣女果黄瓜,REVIEW,,,可能是原生食材，但频次、命名或类别证据不足
15934,苦味,DROP,,,不属于指南允许的基础原生食材类别
15935,虾皮小葱,DROP,,,成品、半成品或加工食品
15936,小葱大蒜,REVIEW,,,可能是原生食材，但频次、命名或类别证据不足
15937,普通勺子,DROP,,,不属于指南允许的基础原生食材类别
15938,多蒜泥,REVIEW,,,可能是原生食材，但频次、命名或类别证据不足
15939,朵新鲜银耳,MERGE,107,银耳,去除确定的鲜冻/去皮去骨描述
15940,茉莉绿茶茶汤,DROP,,,不属于指南允许的基础原生食材类别
15941,口味火腿肠,DROP,,,加工肉制品
15942,料味好美,DROP,,,不属于指南允许的基础原生食材类别
15943,部队锅拉面,REVIEW,,,可能是原生食材，但频次、命名或类别证据不足
15944,水〉,DROP,,,不属于指南允许的基础原生食材类别
15945,大小白萝卜,REVIEW,,,可能是原生食材，但频次、命名或类别证据不足
15946,调好,DROP,,,不属于指南允许的基础原生食材类别
15947,多紫薯,REVIEW,,,可能是原生食材，但频次、命名或类别证据不足
15948,沙拉饭团,DROP,,,成品、半成品或加工食品
15949,多辣白菜,DROP,,,不属于指南允许的基础原生食材类别
15950,菱形片,REVIEW,,,形态描述存在，但原始食材无法确定
15951,调味蒜,REVIEW,,,可能是原生食材，但频次、命名或类别证据不足
15952,调色料,DROP,,,不属于指南允许的基础原生食材类别
15953,大豆卵磷脂,REVIEW,,,可能是原生食材，但频次、命名或类别证据不足
15954,自行发挥,DROP,,,不属于指南允许的基础原生食材类别
15955,牛奶皮,DROP,,,饮料、酒类或乳制品不属于本版核心原生食材
15956,融化可可脂,DROP,,,不属于指南允许的基础原生食材类别
15957,水泡发木耳,REVIEW,,,可能是原生食材，但频次、命名或类别证据不足
15958,蛋糕托,DROP,,,烘焙或乳制加工食品
15959,盆凉水,DROP,,,不属于指南允许的基础原生食材类别
15960,沙土豆,REVIEW,,,可能是原生食材，但频次、命名或类别证据不足
15961,青苗,DROP,,,不属于指南允许的基础原生食材类别
15962,雪梨一个,MERGE,202,雪梨,修复数量/单位残留
15963,多少花生,DROP,,,数量或单位残留且无法可靠恢复原食材
15964,三角盏,DROP,,,不属于指南允许的基础原生食材类别
15965,料中筋面粉,DROP,,,成品、半成品或加工食品
15966,香肠一根,DROP,,,加工肉制品
15967,一勺奶粉,DROP,,,烘焙或乳制加工食品
15968,琵琶腿肉,REVIEW,,,可能是原生食材，但频次、命名或类别证据不足
15969,一定要放,DROP,,,不属于指南允许的基础原生食材类别
15970,正山小种茶叶,DROP,,,饮料、酒类或乳制品不属于本版核心原生食材
15971,定量糯米粉,DROP,,,成品、半成品或加工食品
15972,几张越南春卷皮,DROP,,,不属于指南允许的基础原生食材类别
15973,混搭,DROP,,,不属于指南允许的基础原生食材类别
15974,酱牛肉汤,DROP,,,成品、半成品或加工食品
15975,干碟料,DROP,,,不属于指南允许的基础原生食材类别
15976,纸袋,DROP,,,不属于指南允许的基础原生食材类别
15977,而放水,DROP,,,不属于指南允许的基础原生食材类别
15978,山园五十铃抹茶粉,DROP,,,成品、半成品或加工食品
15979,合一速溶咖啡粉,DROP,,,饮料、酒类或乳制品不属于本版核心原生食材
15980,菜叶娃娃菜,REVIEW,,,可能是原生食材，但频次、命名或类别证据不足
15981,礼物,DROP,,,不属于指南允许的基础原生食材类别
15982,吧葱白,REVIEW,,,可能是原生食材，但频次、命名或类别证据不足
15983,玫瑰红豆沙,DROP,,,调味料不进入基础原生食材表
15984,机面包粉,DROP,,,烘焙或乳制加工食品
15985,摆盘胡萝卜,REVIEW,,,可能是原生食材，但频次、命名或类别证据不足
15986,多量,DROP,,,不属于指南允许的基础原生食材类别
15987,多少芹菜叶,DROP,,,数量或单位残留且无法可靠恢复原食材
15988,鸡蛋一起牛奶,DROP,,,饮料、酒类或乳制品不属于本版核心原生食材
15989,一半量面粉,DROP,,,成品、半成品或加工食品
15990,均可蔬菜,REVIEW,,,可能是原生食材，但频次、命名或类别证据不足
15991,吉福芝士片,DROP,,,烘焙或乳制加工食品
15992,炸鲜奶,DROP,,,饮料、酒类或乳制品不属于本版核心原生食材
15993,多少克猪肉,DROP,,,数量或单位残留且无法可靠恢复原食材
15994,丝金针菇,REVIEW,,,可能是原生食材，但频次、命名或类别证据不足
15995,羊排料,REVIEW,,,可能是原生食材，但频次、命名或类别证据不足
15996,子们,DROP,,,不属于指南允许的基础原生食材类别
15997,香蕉皮,DROP,,,不属于指南允许的基础原生食材类别
15998,多少鸡,DROP,,,数量或单位残留且无法可靠恢复原食材
15999,口味不同,DROP,,,不属于指南允许的基础原生食材类别
16000,大塊,DROP,,,不属于指南允许的基础原生食材类别
16001,鸡腿一只,MERGE,582,鸡腿,修复数量/单位残留
16002,肉剁碎,REVIEW,,,形态描述存在，但原始食材无法确定
16003,川香,DROP,,,不属于指南允许的基础原生食材类别
16004,香菜.葱花,REVIEW,,,可能是原生食材，但频次、命名或类别证据不足
16005,机生姜,REVIEW,,,可能是原生食材，但频次、命名或类别证据不足
16006,罗列叶,DROP,,,不属于指南允许的基础原生食材类别
16007,就行热水,DROP,,,不属于指南允许的基础原生食材类别
16008,小天椒,REVIEW,,,可能是原生食材，但频次、命名或类别证据不足
16009,体积一半面粉,DROP,,,成品、半成品或加工食品
16010,果冻镜面,DROP,,,不属于指南允许的基础原生食材类别
16011,国光苹果,KEEP,558,国光苹果,符合基础原生食材定义
16012,几个鹌鹑蛋,MERGE,101,鹌鹑蛋,修复数量/单位残留
16013,面粉量而定水,DROP,,,成品、半成品或加工食品
16014,冷冻覆盆子,DROP,,,不属于指南允许的基础原生食材类别
16015,我自己加,DROP,,,不属于指南允许的基础原生食材类别
16016,号抹刀,DROP,,,不属于指南允许的基础原生食材类别
16017,咸蛋肉松馅,DROP,,,加工肉制品
16018,猪肉绒,REVIEW,,,可能是原生食材，但频次、命名或类别证据不足
16019,酵素原液,DROP,,,不属于指南允许的基础原生食材类别
16020,豆玉米,REVIEW,,,可能是原生食材，但频次、命名或类别证据不足
16021,情况而定水,DROP,,,不属于指南允许的基础原生食材类别
16022,中药材,DROP,,,不属于指南允许的基础原生食材类别
16023,香松拌饭料,DROP,,,不属于指南允许的基础原生食材类别
16024,巧克力外层,DROP,,,烘焙或乳制加工食品
16025,彩虹豆,REVIEW,,,可能是原生食材，但频次、命名或类别证据不足
16026,面粉鸡蛋一个,DROP,,,成品、半成品或加工食品
16027,忽略小米辣,REVIEW,,,可能是原生食材，但频次、命名或类别证据不足
16028,大生蚝,DROP,,,不属于指南允许的基础原生食材类别
16029,口味而定小米椒,REVIEW,,,可能是原生食材，但频次、命名或类别证据不足
16030,度黑巧克力,DROP,,,烘焙或乳制加工食品
16031,黄色柿子椒,REVIEW,,,可能是原生食材，但频次、命名或类别证据不足
16032,堆豆角,REVIEW,,,可能是原生食材，但频次、命名或类别证据不足
16033,生鹅肝,REVIEW,,,可能是原生食材，但频次、命名或类别证据不足
16034,面团低筋面粉,DROP,,,成品、半成品或加工食品
16035,干法香碎,REVIEW,,,形态描述存在，但原始食材无法确定
16036,平水,DROP,,,不属于指南允许的基础原生食材类别
16037,成团即可水,DROP,,,不属于指南允许的基础原生食材类别
16038,小块肋排,DROP,,,不属于指南允许的基础原生食材类别
16039,多点蒜蓉,REVIEW,,,可能是原生食材，但频次、命名或类别证据不足
16040,蛋黄沙拉,DROP,,,成品、半成品或加工食品
16041,水烫,DROP,,,不属于指南允许的基础原生食材类别
16042,长条,DROP,,,不属于指南允许的基础原生食材类别
16043,虾仁海鲜,REVIEW,,,可能是原生食材，但频次、命名或类别证据不足
16044,榴莲肉榴莲,REVIEW,,,可能是原生食材，但频次、命名或类别证据不足
16045,酱一小袋,DROP,,,不属于指南允许的基础原生食材类别
16046,就好花生米,REVIEW,,,可能是原生食材，但频次、命名或类别证据不足
16047,了金针菇,REVIEW,,,可能是原生食材，但频次、命名或类别证据不足
16048,就好五花肉,REVIEW,,,可能是原生食材，但频次、命名或类别证据不足
16049,味高鲜,DROP,,,不属于指南允许的基础原生食材类别
16050,自己量意大利面,DROP,,,成品、半成品或加工食品
16051,基本佐料,DROP,,,不属于指南允许的基础原生食材类别
16052,&胡萝卜,REVIEW,,,疑似多食材组合，但无法百分之百确认全部组成
16053,油扬豆皮,DROP,,,豆制品或淀粉制品（严格模式排除）
16054,子」,DROP,,,不属于指南允许的基础原生食材类别
16055,多少挂面,DROP,,,数量或单位残留且无法可靠恢复原食材
16056,泰式九层塔,DROP,,,不属于指南允许的基础原生食材类别
16057,大小白菜,REVIEW,,,可能是原生食材，但频次、命名或类别证据不足
16058,耐高温容器,DROP,,,工具、包装或操作说明
16059,帕尔马芝士碎,DROP,,,烘焙或乳制加工食品
16060,小青龙,DROP,,,不属于指南允许的基础原生食材类别
16061,欧包量,DROP,,,不属于指南允许的基础原生食材类别
16062,蓬松剂,DROP,,,不属于指南允许的基础原生食材类别
16063,纯面粉,DROP,,,成品、半成品或加工食品
16064,面都行面条,DROP,,,成品、半成品或加工食品
16065,什么煮什么,DROP,,,不属于指南允许的基础原生食材类别
16066,人量糯米,REVIEW,,,可能是原生食材，但频次、命名或类别证据不足
16067,成粒玉米粒,REVIEW,,,可能是原生食材，但频次、命名或类别证据不足
16068,方块酥饼干,DROP,,,烘焙或乳制加工食品
16069,可可麦片,REVIEW,,,形态描述存在，但原始食材无法确定
16070,和披萨草,DROP,,,成品、半成品或加工食品
16071,慕斯夹馅,DROP,,,成品、半成品或加工食品
16072,想加水果,DROP,,,不属于指南允许的基础原生食材类别
16073,合片,REVIEW,,,形态描述存在，但原始食材无法确定
16074,坚果坚果,REVIEW,,,可能是原生食材，但频次、命名或类别证据不足
16075,数鸡蛋,REVIEW,,,可能是原生食材，但频次、命名或类别证据不足
16076,小红枣,REVIEW,,,可能是原生食材，但频次、命名或类别证据不足
16077,粉芝麻,REVIEW,,,可能是原生食材，但频次、命名或类别证据不足
16078,不大,DROP,,,不属于指南允许的基础原生食材类别
16079,新鲜粽子叶,DROP,,,不属于指南允许的基础原生食材类别
16080,就行马苏里拉芝士,DROP,,,烘焙或乳制加工食品
16081,消毒玻璃罐,DROP,,,不属于指南允许的基础原生食材类别
16082,几个圣女果,MERGE,39,圣女果,修复数量/单位残留
16083,状水,DROP,,,不属于指南允许的基础原生食材类别
16084,蔬菜浓汤,REVIEW,,,可能是原生食材，但频次、命名或类别证据不足
16085,新土豆,REVIEW,,,可能是原生食材，但频次、命名或类别证据不足
16086,定量意大利面,DROP,,,成品、半成品或加工食品
16087,人数定量大米,REVIEW,,,可能是原生食材，但频次、命名或类别证据不足
16088,御好烧粉,DROP,,,不属于指南允许的基础原生食材类别
16089,葱点缀,REVIEW,,,可能是原生食材，但频次、命名或类别证据不足
16090,朵猴头菇,MERGE,352,猴头菇,去除确定的鲜冻/去皮去骨描述
16091,很多洋葱,REVIEW,,,可能是原生食材，但频次、命名或类别证据不足
16092,了西兰花,REVIEW,,,可能是原生食材，但频次、命名或类别证据不足
16093,韭菜半斤,DROP,,,数量或单位残留且无法可靠恢复原食材
16094,矿泉水瓶水,DROP,,,不属于指南允许的基础原生食材类别
16095,普通海虾,REVIEW,,,可能是原生食材，但频次、命名或类别证据不足
16096,细意粉,DROP,,,不属于指南允许的基础原生食材类别
16097,倍清水,DROP,,,不属于指南允许的基础原生食材类别
16098,是三人量,DROP,,,不属于指南允许的基础原生食材类别
16099,火龙果猕猴桃,REVIEW,,,可能是原生食材，但频次、命名或类别证据不足
16100,图纸,DROP,,,不属于指南允许的基础原生食材类别
16101,糯米粉热水,DROP,,,成品、半成品或加工食品
16102,青红酒,DROP,,,调味料不进入基础原生食材表
16103,味糯米小丸子,DROP,,,成品、半成品或加工食品
16104,面团-牛奶,DROP,,,饮料、酒类或乳制品不属于本版核心原生食材
16105,水各一半,DROP,,,不属于指南允许的基础原生食材类别
16106,彩色蔬菜,REVIEW,,,可能是原生食材，但频次、命名或类别证据不足
16107,新鲜藤椒,DROP,,,调味料不进入基础原生食材表
16108,度鸡蛋,REVIEW,,,可能是原生食材，但频次、命名或类别证据不足
16109,锅料理包,DROP,,,不属于指南允许的基础原生食材类别
16110,多少克水,DROP,,,数量或单位残留且无法可靠恢复原食材
16111,胶东大白菜,REVIEW,,,可能是原生食材，但频次、命名或类别证据不足
16112,手艺,DROP,,,不属于指南允许的基础原生食材类别
16113,小容器,DROP,,,工具、包装或操作说明
16114,料油包,DROP,,,不属于指南允许的基础原生食材类别
16115,清补凉药材,DROP,,,不属于指南允许的基础原生食材类别
16116,嫩玉米叶,REVIEW,,,可能是原生食材，但频次、命名或类别证据不足
16117,烫菜,REVIEW,,,可能是原生食材，但频次、命名或类别证据不足
16118,口味布丁粉,DROP,,,成品、半成品或加工食品
16119,时蔬配菜,REVIEW,,,可能是原生食材，但频次、命名或类别证据不足
16120,面条面粉,DROP,,,成品、半成品或加工食品
16121,着来,DROP,,,不属于指南允许的基础原生食材类别
16122,绿泡椒,DROP,,,成品、半成品或加工食品
16123,大小黄鱼,REVIEW,,,可能是原生食材，但频次、命名或类别证据不足
16124,辣椒和红辣椒,SPLIT,17|50,辣椒|红辣椒,分隔符明确连接多个独立基础食材；克数无法可靠分摊
16125,肉食材,REVIEW,,,可能是原生食材，但频次、命名或类别证据不足
16126,粉其他,DROP,,,不属于指南允许的基础原生食材类别
16127,多少葡萄干,DROP,,,成品、半成品或加工食品
16128,饼铛,DROP,,,不属于指南允许的基础原生食材类别
16129,萝卜排骨汤,REVIEW,,,可能是原生食材，但频次、命名或类别证据不足
16130,去虾线,REVIEW,,,可能是原生食材，但频次、命名或类别证据不足
16131,糊料,DROP,,,不属于指南允许的基础原生食材类别
16132,仁牛奶巧克力,DROP,,,烘焙或乳制加工食品
16133,压面,REVIEW,,,可能是原生食材，但频次、命名或类别证据不足
16134,木耳榨菜,DROP,,,不属于指南允许的基础原生食材类别
16135,泡椒牛肉面,DROP,,,成品、半成品或加工食品
16136,粉木薯粉,REVIEW,,,可能是原生食材，但频次、命名或类别证据不足
16137,克凉开水,DROP,,,不属于指南允许的基础原生食材类别
16138,丝水,DROP,,,不属于指南允许的基础原生食材类别
16139,一边加,DROP,,,不属于指南允许的基础原生食材类别
16140,香草干料,REVIEW,,,可能是原生食材，但频次、命名或类别证据不足
16141,冻扇贝,REVIEW,,,可能是原生食材，但频次、命名或类别证据不足
16142,小里脊肉,REVIEW,,,可能是原生食材，但频次、命名或类别证据不足
16143,香蕉一只,MERGE,61,香蕉,修复数量/单位残留
16144,鲜牛奶牛奶,DROP,,,饮料、酒类或乳制品不属于本版核心原生食材
16145,粉调味,DROP,,,不属于指南允许的基础原生食材类别
16146,大洋葱洋葱,REVIEW,,,可能是原生食材，但频次、命名或类别证据不足
16147,成长奶酪,DROP,,,烘焙或乳制加工食品
16148,麻椒干辣椒,DROP,,,调味料不进入基础原生食材表
16149,管状通心粉,DROP,,,不属于指南允许的基础原生食材类别
16150,详细说明,DROP,,,不属于指南允许的基础原生食材类别
16151,综合干香草,REVIEW,,,可能是原生食材，但频次、命名或类别证据不足
16152,过食材,DROP,,,不属于指南允许的基础原生食材类别
16153,什么其他蔬菜,REVIEW,,,可能是原生食材，但频次、命名或类别证据不足
16154,冻牛肉,REVIEW,,,可能是原生食材，但频次、命名或类别证据不足
16155,金钩虾干,DROP,,,成品、半成品或加工食品
16156,菜黄瓜,REVIEW,,,可能是原生食材，但频次、命名或类别证据不足
16157,小葱段,MERGE,1,葱,去除切片/切块/切丁等形态描述
16158,太妃味炼奶,DROP,,,饮料、酒类或乳制品不属于本版核心原生食材
16159,粉版本,DROP,,,不属于指南允许的基础原生食材类别
16160,小碎块,REVIEW,,,形态描述存在，但原始食材无法确定
16161,白芝麻海苔,DROP,,,成品、半成品或加工食品
16162,寿司豆腐皮,DROP,,,豆制品或淀粉制品（严格模式排除）
16163,小台芒,DROP,,,不属于指南允许的基础原生食材类别
16164,干玉竹,DROP,,,不属于指南允许的基础原生食材类别
16165,上色全蛋液,REVIEW,,,可能是原生食材，但频次、命名或类别证据不足
16166,泡泡,DROP,,,不属于指南允许的基础原生食材类别
16167,程度干辣椒,DROP,,,调味料不进入基础原生食材表
16168,红薯两个,MERGE,28,红薯,修复数量/单位残留
16169,韩式干海带,REVIEW,,,可能是原生食材，但频次、命名或类别证据不足
16170,物料,DROP,,,不属于指南允许的基础原生食材类别
16171,海米干,DROP,,,成品、半成品或加工食品
16172,品牌,DROP,,,不属于指南允许的基础原生食材类别
16173,调味辅料,DROP,,,不属于指南允许的基础原生食材类别
16174,汤粉料,DROP,,,不属于指南允许的基础原生食材类别
16175,农家散养鸡,REVIEW,,,可能是原生食材，但频次、命名或类别证据不足
16176,喜爱青菜,REVIEW,,,可能是原生食材，但频次、命名或类别证据不足
16177,味牛奶,DROP,,,饮料、酒类或乳制品不属于本版核心原生食材
16178,油浸三文鱼,REVIEW,,,可能是原生食材，但频次、命名或类别证据不足
16179,家里蔬菜,REVIEW,,,可能是原生食材，但频次、命名或类别证据不足
16180,深度烘焙咖啡豆,DROP,,,饮料、酒类或乳制品不属于本版核心原生食材
16181,几朵吧香菇,DROP,,,数量或单位残留且无法可靠恢复原食材
16182,想吃肉,REVIEW,,,可能是原生食材，但频次、命名或类别证据不足
16183,来定排骨,REVIEW,,,可能是原生食材，但频次、命名或类别证据不足
16184,半杯牛奶,DROP,,,饮料、酒类或乳制品不属于本版核心原生食材
16185,三筷子泡菜,DROP,,,成品、半成品或加工食品
16186,新鲜椰肉,REVIEW,,,可能是原生食材，但频次、命名或类别证据不足
16187,来定年糕,DROP,,,成品、半成品或加工食品
16188,拉花缸牛奶,DROP,,,饮料、酒类或乳制品不属于本版核心原生食材
16189,即食芝士,DROP,,,烘焙或乳制加工食品
16190,湯圓,DROP,,,不属于指南允许的基础原生食材类别
16191,料佐料,DROP,,,不属于指南允许的基础原生食材类别
16192,鱼丸之类,DROP,,,成品、半成品或加工食品
16193,开水放凉,DROP,,,不属于指南允许的基础原生食材类别
16194,一小截,DROP,,,不属于指南允许的基础原生食材类别
16195,干辣椒葱姜蒜,DROP,,,调味料不进入基础原生食材表
16196,自己爱吃配菜,REVIEW,,,可能是原生食材，但频次、命名或类别证据不足
16197,了点,DROP,,,不属于指南允许的基础原生食材类别
16198,多少平菇,DROP,,,数量或单位残留且无法可靠恢复原食材
16199,皮配方,DROP,,,不属于指南允许的基础原生食材类别
16200,适合圆模,DROP,,,不属于指南允许的基础原生食材类别
16201,体积水,DROP,,,不属于指南允许的基础原生食材类别
16202,了大料,DROP,,,不属于指南允许的基础原生食材类别
16203,薄荷精华,REVIEW,,,可能是原生食材，但频次、命名或类别证据不足
16204,式风味,DROP,,,不属于指南允许的基础原生食材类别
16205,黄芪枸杞,REVIEW,,,可能是原生食材，但频次、命名或类别证据不足
16206,常备,DROP,,,不属于指南允许的基础原生食材类别
16207,小河虾,REVIEW,,,可能是原生食材，但频次、命名或类别证据不足
16208,儿迷迭香,DROP,,,调味料不进入基础原生食材表
16209,花生巧克力,DROP,,,烘焙或乳制加工食品
16210,几根牙签,DROP,,,工具、包装或操作说明
16211,炸藕盒,REVIEW,,,可能是原生食材，但频次、命名或类别证据不足
16212,子汤圆,DROP,,,不属于指南允许的基础原生食材类别
16213,骨料,DROP,,,不属于指南允许的基础原生食材类别
16214,盘烤盘,DROP,,,工具、包装或操作说明
16215,辣度干红辣椒,REVIEW,,,可能是原生食材，但频次、命名或类别证据不足
16216,蛋清分离,REVIEW,,,可能是原生食材，但频次、命名或类别证据不足
16217,大小羊排,REVIEW,,,可能是原生食材，但频次、命名或类别证据不足
16218,决定五花肉,REVIEW,,,可能是原生食材，但频次、命名或类别证据不足
16219,叶切丝,REVIEW,,,形态描述存在，但原始食材无法确定
16220,基础上加抹茶粉,DROP,,,成品、半成品或加工食品
16221,表面熟芝麻,DROP,,,成品、半成品或加工食品
16222,三宝扎,DROP,,,不属于指南允许的基础原生食材类别
16223,方砖,DROP,,,不属于指南允许的基础原生食材类别
16224,面辛拉面,REVIEW,,,可能是原生食材，但频次、命名或类别证据不足
16225,油两勺,DROP,,,数量或单位残留且无法可靠恢复原食材
16226,鸽子肉,REVIEW,,,可能是原生食材，但频次、命名或类别证据不足
16227,人吃辣程度小米辣,REVIEW,,,可能是原生食材，但频次、命名或类别证据不足
16228,张干豆腐皮,DROP,,,豆制品或淀粉制品（严格模式排除）
16229,香橙力娇酒,DROP,,,调味料不进入基础原生食材表
16230,火龙果芒果,REVIEW,,,可能是原生食材，但频次、命名或类别证据不足
16231,卷芯,DROP,,,不属于指南允许的基础原生食材类别
16232,一半黄豆,REVIEW,,,可能是原生食材，但频次、命名或类别证据不足
16233,蛋糕插件,DROP,,,烘焙或乳制加工食品
16234,丁牛肉,REVIEW,,,可能是原生食材，但频次、命名或类别证据不足
16235,油青菜,REVIEW,,,可能是原生食材，但频次、命名或类别证据不足
16236,也不错,DROP,,,不属于指南允许的基础原生食材类别
16237,配色青红椒,REVIEW,,,可能是原生食材，但频次、命名或类别证据不足
16238,风炉,DROP,,,不属于指南允许的基础原生食材类别
16239,两小时,DROP,,,不属于指南允许的基础原生食材类别
16240,儿童酸奶菌粉,DROP,,,饮料、酒类或乳制品不属于本版核心原生食材
16241,卡通,DROP,,,不属于指南允许的基础原生食材类别
16242,姜拍扁,REVIEW,,,可能是原生食材，但频次、命名或类别证据不足
16243,口味芝士碎,DROP,,,烘焙或乳制加工食品
16244,面碗水,REVIEW,,,可能是原生食材，但频次、命名或类别证据不足
16245,容易,DROP,,,不属于指南允许的基础原生食材类别
16246,炖罐,DROP,,,不属于指南允许的基础原生食材类别
16247,多少豆沙,DROP,,,成品、半成品或加工食品
16248,味冰激凌,DROP,,,不属于指南允许的基础原生食材类别
16249,桂花乌龙,DROP,,,调味料不进入基础原生食材表
16250,酌量土豆,REVIEW,,,可能是原生食材，但频次、命名或类别证据不足
16251,黑米白米,REVIEW,,,可能是原生食材，但频次、命名或类别证据不足
16252,大点鸡蛋,REVIEW,,,可能是原生食材，但频次、命名或类别证据不足
16253,下豆渣,DROP,,,成品、半成品或加工食品
16254,李芳珍爱香肠,DROP,,,加工肉制品
16255,八齿裱花嘴,DROP,,,不属于指南允许的基础原生食材类别
16256,一香料,DROP,,,不属于指南允许的基础原生食材类别
16257,多少鲜虾,DROP,,,数量或单位残留且无法可靠恢复原食材
16258,菲力奶油芝士,DROP,,,烘焙或乳制加工食品
16259,麦自发面粉,DROP,,,成品、半成品或加工食品
16260,面量,REVIEW,,,可能是原生食材，但频次、命名或类别证据不足
16261,虫草孢子头,DROP,,,不属于指南允许的基础原生食材类别
16262,什么配菜,REVIEW,,,可能是原生食材，但频次、命名或类别证据不足
16263,菜香菜,REVIEW,,,可能是原生食材，但频次、命名或类别证据不足
16264,蒜瓣干辣椒,DROP,,,调味料不进入基础原生食材表
16265,塑料裱花袋,DROP,,,工具、包装或操作说明
16266,所需料,DROP,,,不属于指南允许的基础原生食材类别
16267,莓慕斯夹心,DROP,,,成品、半成品或加工食品
16268,香葱切葱花,REVIEW,,,可能是原生食材，但频次、命名或类别证据不足
16269,芝麻饭团,REVIEW,,,可能是原生食材，但频次、命名或类别证据不足
16270,甜苦巧克力,DROP,,,烘焙或乳制加工食品
16271,味马苏里拉芝士碎,DROP,,,烘焙或乳制加工食品
16272,色抹茶粉,DROP,,,成品、半成品或加工食品
16273,准备牛奶,DROP,,,饮料、酒类或乳制品不属于本版核心原生食材
16274,胡萝卜切末,REVIEW,,,形态描述存在，但原始食材无法确定
16275,营养蛋白粉,REVIEW,,,可能是原生食材，但频次、命名或类别证据不足
16276,剩下配菜,REVIEW,,,可能是原生食材，但频次、命名或类别证据不足
16277,一只鸡蛋,DROP,,,数量或单位残留且无法可靠恢复原食材
16278,黄花木耳,REVIEW,,,可能是原生食材，但频次、命名或类别证据不足
16279,坚果零食,REVIEW,,,可能是原生食材，但频次、命名或类别证据不足
16280,不够,DROP,,,不属于指南允许的基础原生食材类别
16281,细吸管,DROP,,,工具、包装或操作说明
16282,藤椒鸡,DROP,,,调味料不进入基础原生食材表
16283,细丝,REVIEW,,,形态描述存在，但原始食材无法确定
16284,炸食物,DROP,,,不属于指南允许的基础原生食材类别
16285,海绵蛋糕」,DROP,,,烘焙或乳制加工食品
16286,长粒香大米,REVIEW,,,可能是原生食材，但频次、命名或类别证据不足
16287,包裹,DROP,,,不属于指南允许的基础原生食材类别
16288,刨丝,REVIEW,,,形态描述存在，但原始食材无法确定
16289,祛湿汤包,DROP,,,不属于指南允许的基础原生食材类别
16290,鲢鱼头鱼头,REVIEW,,,可能是原生食材，但频次、命名或类别证据不足
16291,半个咸鸭蛋,DROP,,,成品、半成品或加工食品
16292,支白葡萄酒,DROP,,,调味料不进入基础原生食材表
16293,牛脂,REVIEW,,,可能是原生食材，但频次、命名或类别证据不足
16294,多少放多少芒果,DROP,,,数量或单位残留且无法可靠恢复原食材
16295,干水分香菇,REVIEW,,,可能是原生食材，但频次、命名或类别证据不足
16296,木耳银耳,REVIEW,,,可能是原生食材，但频次、命名或类别证据不足
16297,奉化芋头,REVIEW,,,可能是原生食材，但频次、命名或类别证据不足
16298,煎蛋鸡蛋,REVIEW,,,可能是原生食材，但频次、命名或类别证据不足
16299,餐人数米饭,DROP,,,成品、半成品或加工食品
16300,别酒,DROP,,,调味料不进入基础原生食材表
16301,盖玻璃瓶,DROP,,,不属于指南允许的基础原生食材类别
16302,指长一段胡萝卜,REVIEW,,,可能是原生食材，但频次、命名或类别证据不足
16303,一厘米水,REVIEW,,,可能是原生食材，但频次、命名或类别证据不足
16304,蘑菇西兰花,REVIEW,,,可能是原生食材，但频次、命名或类别证据不足
16305,涂抹式奶酪,DROP,,,工具、包装或操作说明
16306,大褐菇,REVIEW,,,可能是原生食材，但频次、命名或类别证据不足
16307,多大米,REVIEW,,,可能是原生食材，但频次、命名或类别证据不足
16308,麦粉面粉,DROP,,,成品、半成品或加工食品
16309,弯管意面,REVIEW,,,可能是原生食材，但频次、命名或类别证据不足
16310,冰格袋,DROP,,,不属于指南允许的基础原生食材类别
16311,力量,DROP,,,不属于指南允许的基础原生食材类别
16312,一样姜,REVIEW,,,可能是原生食材，但频次、命名或类别证据不足
16313,图干辣椒,DROP,,,调味料不进入基础原生食材表
16314,奶酪芝士粉,DROP,,,烘焙或乳制加工食品
16315,香咖啡粉,DROP,,,饮料、酒类或乳制品不属于本版核心原生食材
16316,厘米长胡萝卜,REVIEW,,,可能是原生食材，但频次、命名或类别证据不足
16317,同量凉白开,DROP,,,不属于指南允许的基础原生食材类别
16318,方形云吞皮,DROP,,,不属于指南允许的基础原生食材类别
16319,指大小姜丝,REVIEW,,,形态描述存在，但原始食材无法确定
16320,彩椒彩椒,REVIEW,,,可能是原生食材，但频次、命名或类别证据不足
16321,戚风蛋黄糊,REVIEW,,,可能是原生食材，但频次、命名或类别证据不足
16322,鸡丝凉面,REVIEW,,,可能是原生食材，但频次、命名或类别证据不足
16323,来馄饨皮,DROP,,,成品、半成品或加工食品
16324,体积牛奶,DROP,,,饮料、酒类或乳制品不属于本版核心原生食材
16325,新鲜蔓越莓,MERGE,45,蔓越莓,去除确定的鲜冻/去皮去骨描述
16326,绿叶菜蔬菜,REVIEW,,,可能是原生食材，但频次、命名或类别证据不足
16327,塑料罐,DROP,,,不属于指南允许的基础原生食材类别
16328,香料末,REVIEW,,,形态描述存在，但原始食材无法确定
16329,熊猫炼奶,DROP,,,饮料、酒类或乳制品不属于本版核心原生食材
16330,定羊肉,REVIEW,,,可能是原生食材，但频次、命名或类别证据不足
16331,任意肉,REVIEW,,,可能是原生食材，但频次、命名或类别证据不足
16332,就行玉米粒,REVIEW,,,可能是原生食材，但频次、命名或类别证据不足
16333,大小葱段,REVIEW,,,形态描述存在，但原始食材无法确定
16334,牛牛肉粒,REVIEW,,,可能是原生食材，但频次、命名或类别证据不足
16335,一小丢丢,DROP,,,不属于指南允许的基础原生食材类别
16336,几颗桂圆,DROP,,,数量或单位残留且无法可靠恢复原食材
16337,公鸡半只,DROP,,,数量或单位残留且无法可靠恢复原食材
16338,口味吧,DROP,,,不属于指南允许的基础原生食材类别
16339,水蔬菜,REVIEW,,,可能是原生食材，但频次、命名或类别证据不足
16340,饭量决定面条,DROP,,,成品、半成品或加工食品
16341,盖子,DROP,,,不属于指南允许的基础原生食材类别
16342,粽馅,DROP,,,不属于指南允许的基础原生食材类别
16343,桶装,DROP,,,不属于指南允许的基础原生食材类别
16344,自晒干辣椒,DROP,,,调味料不进入基础原生食材表
16345,定鸡蛋,REVIEW,,,可能是原生食材，但频次、命名或类别证据不足
16346,甜度不同,DROP,,,不属于指南允许的基础原生食材类别
16347,笨豆芽,REVIEW,,,可能是原生食材，但频次、命名或类别证据不足
16348,可可奶油霜,DROP,,,烘焙或乳制加工食品
16349,饭」,DROP,,,不属于指南允许的基础原生食材类别
16350,自由,DROP,,,不属于指南允许的基础原生食材类别
16351,石头巧克力,DROP,,,烘焙或乳制加工食品
16352,鲜三文鱼头,REVIEW,,,可能是原生食材，但频次、命名或类别证据不足
16353,自己干辣椒,DROP,,,调味料不进入基础原生食材表
16354,多少了水,DROP,,,数量或单位残留且无法可靠恢复原食材
16355,半边,DROP,,,不属于指南允许的基础原生食材类别
16356,食品塑料袋,DROP,,,工具、包装或操作说明
16357,塞拉诺火腿,DROP,,,加工肉制品
16358,奶酪球,DROP,,,烘焙或乳制加工食品
16359,韭菜饺子,DROP,,,成品、半成品或加工食品
16360,满足,DROP,,,不属于指南允许的基础原生食材类别
16361,義大利香料,DROP,,,不属于指南允许的基础原生食材类别
16362,粉地瓜粉,REVIEW,,,可能是原生食材，但频次、命名或类别证据不足
16363,总共水,DROP,,,不属于指南允许的基础原生食材类别
16364,盘马苏里拉芝士,DROP,,,烘焙或乳制加工食品
16365,任意面条,DROP,,,成品、半成品或加工食品
16366,小土鸡,REVIEW,,,可能是原生食材，但频次、命名或类别证据不足
16367,牌红豆沙,DROP,,,成品、半成品或加工食品
16368,多少鸭蛋,DROP,,,数量或单位残留且无法可靠恢复原食材
16369,粗金针菇,REVIEW,,,可能是原生食材，但频次、命名或类别证据不足
16370,鲜肉月饼,DROP,,,成品、半成品或加工食品
16371,鸡胸肉糜,REVIEW,,,可能是原生食材，但频次、命名或类别证据不足
16372,黄油母鸡,DROP,,,烘焙或乳制加工食品
16373,大料红辣椒,REVIEW,,,可能是原生食材，但频次、命名或类别证据不足
16374,多少个鸡翅根,DROP,,,数量或单位残留且无法可靠恢复原食材
16375,健能酸奶,DROP,,,饮料、酒类或乳制品不属于本版核心原生食材
16376,情况鸡肉,REVIEW,,,可能是原生食材，但频次、命名或类别证据不足
16377,不爱吃,DROP,,,不属于指南允许的基础原生食材类别
16378,大米小米,REVIEW,,,可能是原生食材，但频次、命名或类别证据不足
16379,甜度调整,DROP,,,不属于指南允许的基础原生食材类别
16380,多少张馄饨皮,DROP,,,成品、半成品或加工食品
16381,香鬆,DROP,,,不属于指南允许的基础原生食材类别
16382,惠尔通可食色膏,DROP,,,不属于指南允许的基础原生食材类别
16383,口味调味品,DROP,,,不属于指南允许的基础原生食材类别
16384,调理包,DROP,,,不属于指南允许的基础原生食材类别
16385,级金枪鱼,REVIEW,,,可能是原生食材，但频次、命名或类别证据不足
16386,定水量水,DROP,,,不属于指南允许的基础原生食材类别
16387,花抹茶奥利奥饼干,DROP,,,烘焙或乳制加工食品
16388,软白全麦粉,REVIEW,,,可能是原生食材，但频次、命名或类别证据不足
16389,新鲜甜玉米,MERGE,97,甜玉米,去除确定的鲜冻/去皮去骨描述
16390,炸牛肉丸子,DROP,,,成品、半成品或加工食品
16391,伯爵,DROP,,,不属于指南允许的基础原生食材类别
16392,果内馅,DROP,,,不属于指南允许的基础原生食材类别
16393,了木耳,REVIEW,,,可能是原生食材，但频次、命名或类别证据不足
16394,烧烤味,DROP,,,不属于指南允许的基础原生食材类别
16395,宁夏滩羊排,REVIEW,,,可能是原生食材，但频次、命名或类别证据不足
16396,是人量,DROP,,,不属于指南允许的基础原生食材类别
16397,红甜辣椒,REVIEW,,,可能是原生食材，但频次、命名或类别证据不足
16398,奶酪切碎,DROP,,,工具、包装或操作说明
16399,陶瓷,DROP,,,不属于指南允许的基础原生食材类别
16400,玻璃,DROP,,,不属于指南允许的基础原生食材类别
16401,华夫脆,DROP,,,不属于指南允许的基础原生食材类别
16402,一大张,DROP,,,不属于指南允许的基础原生食材类别
16403,味果味粉,DROP,,,不属于指南允许的基础原生食材类别
16404,了小米辣,REVIEW,,,可能是原生食材，但频次、命名或类别证据不足
16405,谷饲西冷牛排,REVIEW,,,可能是原生食材，但频次、命名或类别证据不足
16406,两只土豆,DROP,,,数量或单位残留且无法可靠恢复原食材
16407,薄力小麦粉,REVIEW,,,可能是原生食材，但频次、命名或类别证据不足
16408,闪粉,DROP,,,不属于指南允许的基础原生食材类别
16409,单品咖啡,DROP,,,饮料、酒类或乳制品不属于本版核心原生食材
16410,碎熟核桃仁,DROP,,,成品、半成品或加工食品
16411,色面团〗,REVIEW,,,可能是原生食材，但频次、命名或类别证据不足
16412,蒜头干辣椒,DROP,,,调味料不进入基础原生食材表
16413,就够了紫甘蓝,REVIEW,,,可能是原生食材，但频次、命名或类别证据不足
16414,泡好鹰嘴豆,REVIEW,,,可能是原生食材，但频次、命名或类别证据不足
16415,核桃欧包,REVIEW,,,可能是原生食材，但频次、命名或类别证据不足
16416,黄芪党参,DROP,,,不属于指南允许的基础原生食材类别
16417,杏仁酸奶,DROP,,,饮料、酒类或乳制品不属于本版核心原生食材
16418,小香菜,REVIEW,,,可能是原生食材，但频次、命名或类别证据不足
16419,油麻辣火锅料,DROP,,,不属于指南允许的基础原生食材类别
16420,碎熟黑芝麻,DROP,,,成品、半成品或加工食品
16421,新鲜生菜,MERGE,31,生菜,去除确定的鲜冻/去皮去骨描述
16422,毒玻璃罐子,DROP,,,不属于指南允许的基础原生食材类别
16423,意大利面包,DROP,,,烘焙或乳制加工食品
16424,多少西米,DROP,,,成品、半成品或加工食品
16425,手工米粉,DROP,,,成品、半成品或加工食品
16426,「干」,DROP,,,不属于指南允许的基础原生食材类别
16427,是咸,DROP,,,不属于指南允许的基础原生食材类别
16428,和牛肉粒,REVIEW,,,疑似多食材组合，但无法百分之百确认全部组成
16429,米两倍红豆,REVIEW,,,可能是原生食材，但频次、命名或类别证据不足
16430,水发竹笋,REVIEW,,,可能是原生食材，但频次、命名或类别证据不足
16431,油一小汤勺,DROP,,,不属于指南允许的基础原生食材类别
16432,小虾皮,DROP,,,成品、半成品或加工食品
16433,碎橙子皮,DROP,,,不属于指南允许的基础原生食材类别
16434,小虾米干,DROP,,,成品、半成品或加工食品
16435,丝干辣椒,DROP,,,调味料不进入基础原生食材表
16436,大小三文鱼,REVIEW,,,可能是原生食材，但频次、命名或类别证据不足
16437,来面包糠,DROP,,,烘焙或乳制加工食品
16438,鸡胸肉切块,REVIEW,,,形态描述存在，但原始食材无法确定
16439,口味豆干,DROP,,,豆制品或淀粉制品（严格模式排除）
16440,按个人口味增减,DROP,,,不属于指南允许的基础原生食材类别
16441,香葱点缀,REVIEW,,,可能是原生食材，但频次、命名或类别证据不足
16442,大米米粉,DROP,,,成品、半成品或加工食品
16443,半个苹果,MERGE,56,苹果,修复数量/单位残留
16444,油《面包机,DROP,,,烘焙或乳制加工食品
16445,发挥想象力,DROP,,,不属于指南允许的基础原生食材类别
16446,海天,DROP,,,不属于指南允许的基础原生食材类别
16447,餐原料,DROP,,,不属于指南允许的基础原生食材类别
16448,蔓越干,DROP,,,不属于指南允许的基础原生食材类别
16449,自己口味肉桂粉,DROP,,,调味料不进入基础原生食材表
16450,两猪里脊肉,REVIEW,,,可能是原生食材，但频次、命名或类别证据不足
16451,部分〗,DROP,,,不属于指南允许的基础原生食材类别
16452,味曲奇饼干,DROP,,,烘焙或乳制加工食品
16453,火腿肠鸡蛋,DROP,,,加工肉制品
16454,天全部母种,DROP,,,不属于指南允许的基础原生食材类别
16455,小白萝卜,REVIEW,,,可能是原生食材，但频次、命名或类别证据不足
16456,翅膀,DROP,,,不属于指南允许的基础原生食材类别
16457,新鲜桑葚,MERGE,300,桑葚,去除确定的鲜冻/去皮去骨描述
16458,樱桃萝卜叶,REVIEW,,,可能是原生食材，但频次、命名或类别证据不足
16459,熟贝贝南瓜,DROP,,,成品、半成品或加工食品
16460,机可可粉,DROP,,,成品、半成品或加工食品
16461,粉抹茶,DROP,,,饮料、酒类或乳制品不属于本版核心原生食材
16462,酸菜切丝,DROP,,,成品、半成品或加工食品
16463,麻薯内馅,REVIEW,,,可能是原生食材，但频次、命名或类别证据不足
16464,多少萝卜干,DROP,,,成品、半成品或加工食品
16465,绿提子,DROP,,,不属于指南允许的基础原生食材类别
16466,高度水,DROP,,,不属于指南允许的基础原生食材类别
16467,两倍水水,DROP,,,不属于指南允许的基础原生食材类别
16468,自己准备,DROP,,,不属于指南允许的基础原生食材类别
16469,泡发腐竹,DROP,,,豆制品或淀粉制品（严格模式排除）
16470,混合液体,DROP,,,不属于指南允许的基础原生食材类别
16471,哈米饭,DROP,,,成品、半成品或加工食品
16472,冰淇淋蛋糕层,DROP,,,烘焙或乳制加工食品
16473,大无花果,REVIEW,,,可能是原生食材，但频次、命名或类别证据不足
16474,大头虾,KEEP,567,大头虾,符合基础原生食材定义
16475,意大利,DROP,,,不属于指南允许的基础原生食材类别
16476,一腿,DROP,,,不属于指南允许的基础原生食材类别
16477,小橘子,REVIEW,,,可能是原生食材，但频次、命名或类别证据不足
16478,故事,DROP,,,不属于指南允许的基础原生食材类别
16479,白芝麻少量,REVIEW,,,可能是原生食材，但频次、命名或类别证据不足
16480,仙居杨梅,REVIEW,,,可能是原生食材，但频次、命名或类别证据不足
16481,肉鱼肉,REVIEW,,,可能是原生食材，但频次、命名或类别证据不足
16482,印度米,REVIEW,,,可能是原生食材，但频次、命名或类别证据不足
16483,小茶勺,DROP,,,不属于指南允许的基础原生食材类别
16484,豆粉松,REVIEW,,,可能是原生食材，但频次、命名或类别证据不足
16485,仁蔓越莓干,DROP,,,成品、半成品或加工食品
16486,味蒸肉米粉,DROP,,,成品、半成品或加工食品
16487,一起牛奶,DROP,,,饮料、酒类或乳制品不属于本版核心原生食材
16488,倍纯净水,DROP,,,不属于指南允许的基础原生食材类别
16489,可增减牛奶,DROP,,,饮料、酒类或乳制品不属于本版核心原生食材
16490,蒜一瓣,REVIEW,,,形态描述存在，但原始食材无法确定
16491,头凤梨,REVIEW,,,可能是原生食材，但频次、命名或类别证据不足
16492,黄芪当归,DROP,,,不属于指南允许的基础原生食材类别
16493,大小适中,DROP,,,不属于指南允许的基础原生食材类别
16494,材料牛奶,DROP,,,饮料、酒类或乳制品不属于本版核心原生食材
16495,了米,REVIEW,,,可能是原生食材，但频次、命名或类别证据不足
16496,混合蔬菜色拉,REVIEW,,,可能是原生食材，但频次、命名或类别证据不足
16497,续更新,DROP,,,不属于指南允许的基础原生食材类别
16498,椰奶麦片,DROP,,,饮料、酒类或乳制品不属于本版核心原生食材
16499,瑞美厨西式厨师机,DROP,,,不属于指南允许的基础原生食材类别
16500,下宝藏小方蒸烤箱,DROP,,,不属于指南允许的基础原生食材类别
16501,干红芸豆,REVIEW,,,可能是原生食材，但频次、命名或类别证据不足
16502,剥皮鹌鹑蛋,DROP,,,不属于指南允许的基础原生食材类别
16503,花肉丁,REVIEW,,,形态描述存在，但原始食材无法确定
16504,机器面,DROP,,,工具、包装或操作说明
16505,烘培苏打,DROP,,,不属于指南允许的基础原生食材类别
16506,碎和葡萄干,DROP,,,成品、半成品或加工食品
16507,浓缩粉,DROP,,,不属于指南允许的基础原生食材类别
16508,奶油食材,DROP,,,烘焙或乳制加工食品
16509,菜圆白菜,REVIEW,,,可能是原生食材，但频次、命名或类别证据不足
16510,新鲜麻椒,DROP,,,调味料不进入基础原生食材表
16511,愉悦,DROP,,,不属于指南允许的基础原生食材类别
16512,小火,DROP,,,不属于指南允许的基础原生食材类别
16513,重石,DROP,,,不属于指南允许的基础原生食材类别
16514,细直面,REVIEW,,,可能是原生食材，但频次、命名或类别证据不足
16515,层红豆,REVIEW,,,可能是原生食材，但频次、命名或类别证据不足
16516,蛋白素肉丝,REVIEW,,,形态描述存在，但原始食材无法确定
16517,末香菇,REVIEW,,,可能是原生食材，但频次、命名或类别证据不足
16518,一半玉米面,REVIEW,,,可能是原生食材，但频次、命名或类别证据不足
16519,任何你想吃菜,REVIEW,,,可能是原生食材，但频次、命名或类别证据不足
16520,新鲜牛奶,DROP,,,饮料、酒类或乳制品不属于本版核心原生食材
16521,多少糙米,DROP,,,数量或单位残留且无法可靠恢复原食材
16522,豆腐羹,DROP,,,豆制品或淀粉制品（严格模式排除）
16523,芝麻杏仁片,REVIEW,,,形态描述存在，但原始食材无法确定
16524,奶味芋泥,REVIEW,,,可能是原生食材，但频次、命名或类别证据不足
16525,菜搭配,REVIEW,,,可能是原生食材，但频次、命名或类别证据不足
16526,进去了,DROP,,,不属于指南允许的基础原生食材类别
16527,粉—奶黄馅,DROP,,,不属于指南允许的基础原生食材类别
16528,格兰诺拉燕麦片,REVIEW,,,形态描述存在，但原始食材无法确定
16529,特殊器具,DROP,,,不属于指南允许的基础原生食材类别
16530,一個木瓜,REVIEW,,,可能是原生食材，但频次、命名或类别证据不足
16531,烧菜香料,REVIEW,,,可能是原生食材，但频次、命名或类别证据不足
16532,料干料,DROP,,,不属于指南允许的基础原生食材类别
16533,决定面包糠,DROP,,,烘焙或乳制加工食品
16534,大油豆腐,DROP,,,豆制品或淀粉制品（严格模式排除）
16535,洋葱葱姜蒜,REVIEW,,,可能是原生食材，但频次、命名或类别证据不足
16536,其他小海鲜,REVIEW,,,可能是原生食材，但频次、命名或类别证据不足
16537,克虫草花,DROP,,,不属于指南允许的基础原生食材类别
16538,方块,REVIEW,,,形态描述存在，但原始食材无法确定
16539,酱粉,DROP,,,不属于指南允许的基础原生食材类别
16540,几瓣葱姜蒜,DROP,,,数量或单位残留且无法可靠恢复原食材
16541,多熟白芝麻,DROP,,,成品、半成品或加工食品
16542,脂类蛋白质,REVIEW,,,可能是原生食材，但频次、命名或类别证据不足
16543,面包切块,DROP,,,烘焙或乳制加工食品
16544,可代替,DROP,,,不属于指南允许的基础原生食材类别
16545,布丁蛋糕,DROP,,,烘焙或乳制加工食品
16546,味所需食材,DROP,,,不属于指南允许的基础原生食材类别
16547,横切,DROP,,,不属于指南允许的基础原生食材类别
16548,肥肉瘦肉,REVIEW,,,可能是原生食材，但频次、命名或类别证据不足
16549,式混合香草,REVIEW,,,可能是原生食材，但频次、命名或类别证据不足
16550,就没放,DROP,,,不属于指南允许的基础原生食材类别
16551,千爷,DROP,,,不属于指南允许的基础原生食材类别
16552,色燕麦曲奇,DROP,,,成品、半成品或加工食品
16553,青豆胡萝卜玉米,REVIEW,,,可能是原生食材，但频次、命名或类别证据不足
16554,平勺味达美,DROP,,,不属于指南允许的基础原生食材类别
16555,克壹佰烤肉料腌制,REVIEW,,,可能是原生食材，但频次、命名或类别证据不足
16556,小虾干,DROP,,,成品、半成品或加工食品
16557,少红豆,REVIEW,,,可能是原生食材，但频次、命名或类别证据不足
16558,多少放多少剩饭,DROP,,,数量或单位残留且无法可靠恢复原食材
16559,海鲜调味粉,REVIEW,,,可能是原生食材，但频次、命名或类别证据不足
16560,味材料名称,DROP,,,不属于指南允许的基础原生食材类别
16561,蓝色色粉,DROP,,,不属于指南允许的基础原生食材类别
16562,部分准备,DROP,,,不属于指南允许的基础原生食材类别
16563,泰国柠檬皮,DROP,,,不属于指南允许的基础原生食材类别
16564,就甜,DROP,,,不属于指南允许的基础原生食材类别
16565,色灯笼辣椒,REVIEW,,,可能是原生食材，但频次、命名或类别证据不足
16566,芋圆预拌粉,DROP,,,成品、半成品或加工食品
16567,色透明,DROP,,,不属于指南允许的基础原生食材类别
16568,腰豆奶,DROP,,,成品、半成品或加工食品
16569,巴伐利亚奶冻,DROP,,,不属于指南允许的基础原生食材类别
16570,非固定,DROP,,,不属于指南允许的基础原生食材类别
16571,画嘴巴,DROP,,,不属于指南允许的基础原生食材类别
16572,快熟,DROP,,,成品、半成品或加工食品
16573,一升,DROP,,,不属于指南允许的基础原生食材类别
16574,各葵花籽,DROP,,,不属于指南允许的基础原生食材类别
16575,裹糕,DROP,,,不属于指南允许的基础原生食材类别
16576,白菜帮子,REVIEW,,,可能是原生食材，但频次、命名或类别证据不足
16577,红芯萝卜,REVIEW,,,可能是原生食材，但频次、命名或类别证据不足
16578,豆腐衣,DROP,,,豆制品或淀粉制品（严格模式排除）
16579,何首乌,DROP,,,不属于指南允许的基础原生食材类别
16580,少量豆腐,DROP,,,豆制品或淀粉制品（严格模式排除）
16581,蚕蛹,DROP,,,不属于指南允许的基础原生食材类别
16582,柚子叶,REVIEW,,,可能是原生食材，但频次、命名或类别证据不足
16583,牛蹄,REVIEW,,,可能是原生食材，但频次、命名或类别证据不足
16584,慕斯镜面,DROP,,,成品、半成品或加工食品
16585,冰皮,DROP,,,不属于指南允许的基础原生食材类别
16586,山茶花粉,DROP,,,不属于指南允许的基础原生食材类别
16587,咸馅,DROP,,,不属于指南允许的基础原生食材类别
16588,红西柚,REVIEW,,,可能是原生食材，但频次、命名或类别证据不足
16589,蛋奶液,REVIEW,,,可能是原生食材，但频次、命名或类别证据不足
16590,腌鱼料,REVIEW,,,可能是原生食材，但频次、命名或类别证据不足
16591,散菜花,REVIEW,,,可能是原生食材，但频次、命名或类别证据不足
16592,榄角,DROP,,,不属于指南允许的基础原生食材类别
16593,底层,DROP,,,不属于指南允许的基础原生食材类别
16594,低筯面粉,DROP,,,成品、半成品或加工食品
16595,蛎蝗,REVIEW,,,可能是原生食材，但频次、命名或类别证据不足
16596,猪肋骨,REVIEW,,,可能是原生食材，但频次、命名或类别证据不足
16597,干燕窝,DROP,,,不属于指南允许的基础原生食材类别
16598,都可以姜,REVIEW,,,可能是原生食材，但频次、命名或类别证据不足
16599,巴西利,DROP,,,不属于指南允许的基础原生食材类别
16600,蛋糕液,DROP,,,烘焙或乳制加工食品
16601,夹陷,DROP,,,不属于指南允许的基础原生食材类别
16602,烫熟菠菜,DROP,,,成品、半成品或加工食品
16603,黑芝麻面,REVIEW,,,可能是原生食材，但频次、命名或类别证据不足
16604,萝卜丝馅,REVIEW,,,可能是原生食材，但频次、命名或类别证据不足
16605,鲜茅根,DROP,,,不属于指南允许的基础原生食材类别
16606,中餐,DROP,,,不属于指南允许的基础原生食材类别
16607,白瓜,KEEP,544,白瓜,符合基础原生食材定义
16608,派底,DROP,,,不属于指南允许的基础原生食材类别
16609,烘焙,DROP,,,不属于指南允许的基础原生食材类别
16610,鸽蛋,REVIEW,,,可能是原生食材，但频次、命名或类别证据不足
16611,每个,DROP,,,不属于指南允许的基础原生食材类别
16612,全麦烫种,REVIEW,,,可能是原生食材，但频次、命名或类别证据不足
16613,清汤颗粒,DROP,,,不属于指南允许的基础原生食材类别
16614,豆腐内酯,DROP,,,豆制品或淀粉制品（严格模式排除）
16615,糯米船,REVIEW,,,可能是原生食材，但频次、命名或类别证据不足
16616,花生芽,REVIEW,,,可能是原生食材，但频次、命名或类别证据不足
16617,苡仁,REVIEW,,,可能是原生食材，但频次、命名或类别证据不足
16618,猪肉瘦肉,REVIEW,,,可能是原生食材，但频次、命名或类别证据不足
16619,鸡蛋打散,REVIEW,,,可能是原生食材，但频次、命名或类别证据不足
16620,川穹,DROP,,,不属于指南允许的基础原生食材类别
16621,室温水,DROP,,,不属于指南允许的基础原生食材类别
16622,油酥面,REVIEW,,,可能是原生食材，但频次、命名或类别证据不足
16623,独头大蒜,REVIEW,,,可能是原生食材，但频次、命名或类别证据不足
16624,紅棗,DROP,,,不属于指南允许的基础原生食材类别
16625,海带节,REVIEW,,,可能是原生食材，但频次、命名或类别证据不足
16626,披萨料,DROP,,,成品、半成品或加工食品
16627,冰苏打水,DROP,,,不属于指南允许的基础原生食材类别
16628,成熟番茄,DROP,,,成品、半成品或加工食品
16629,克红曲粉,DROP,,,不属于指南允许的基础原生食材类别
16630,棒子面,REVIEW,,,可能是原生食材，但频次、命名或类别证据不足
16631,牛奶小方,DROP,,,饮料、酒类或乳制品不属于本版核心原生食材
16632,花生酥,DROP,,,不属于指南允许的基础原生食材类别
16633,腐竹皮,DROP,,,豆制品或淀粉制品（严格模式排除）
16634,紫皮独蒜,DROP,,,不属于指南允许的基础原生食材类别
16635,蛋液牛奶,DROP,,,饮料、酒类或乳制品不属于本版核心原生食材
16636,生松子,REVIEW,,,可能是原生食材，但频次、命名或类别证据不足
16637,细红椒,REVIEW,,,可能是原生食材，但频次、命名或类别证据不足
16638,小油豆腐,DROP,,,豆制品或淀粉制品（严格模式排除）
16639,沾粉,DROP,,,不属于指南允许的基础原生食材类别
16640,溴粉,DROP,,,不属于指南允许的基础原生食材类别
16641,防粘粉,DROP,,,不属于指南允许的基础原生食材类别
16642,五分钟,DROP,,,不属于指南允许的基础原生食材类别
16643,面包馅,DROP,,,烘焙或乳制加工食品
16644,吧干香菇,REVIEW,,,可能是原生食材，但频次、命名或类别证据不足
16645,天山面粉,DROP,,,成品、半成品或加工食品
16646,凤梨酥皮,DROP,,,不属于指南允许的基础原生食材类别
16647,鮮奶,DROP,,,饮料、酒类或乳制品不属于本版核心原生食材
16648,干洛神花,DROP,,,不属于指南允许的基础原生食材类别
16649,蛋糕盒子,DROP,,,烘焙或乳制加工食品
16650,鲜艾叶,DROP,,,不属于指南允许的基础原生食材类别
16651,葱.香菜,REVIEW,,,可能是原生食材，但频次、命名或类别证据不足
16652,克韭菜,MERGE,48,韭菜,去除确定的鲜冻/去皮去骨描述
16653,辣椒切丝,REVIEW,,,形态描述存在，但原始食材无法确定
16654,海捕大虾,REVIEW,,,可能是原生食材，但频次、命名或类别证据不足
16655,面皮料,DROP,,,不属于指南允许的基础原生食材类别
16656,专心,DROP,,,不属于指南允许的基础原生食材类别
16657,玫瑰花水,DROP,,,调味料不进入基础原生食材表
16658,饼面,REVIEW,,,可能是原生食材，但频次、命名或类别证据不足
16659,饰面,REVIEW,,,可能是原生食材，但频次、命名或类别证据不足
16660,沙拉配菜,DROP,,,成品、半成品或加工食品
16661,地道肠,DROP,,,成品、半成品或加工食品
16662,冬果梨,KEEP,557,冬果梨,符合基础原生食材定义
16663,嫩笋头,REVIEW,,,可能是原生食材，但频次、命名或类别证据不足
16664,腌胡萝卜,REVIEW,,,可能是原生食材，但频次、命名或类别证据不足
16665,芝士糊糊,DROP,,,烘焙或乳制加工食品
16666,熬大骨汤,DROP,,,不属于指南允许的基础原生食材类别
16667,紫皮萝卜,DROP,,,不属于指南允许的基础原生食材类别
16668,就是,DROP,,,不属于指南允许的基础原生食材类别
16669,小冰块,REVIEW,,,形态描述存在，但原始食材无法确定
16670,碎碎冰,DROP,,,不属于指南允许的基础原生食材类别
16671,一头蒜,DROP,,,数量或单位残留且无法可靠恢复原食材
16672,吧培根,DROP,,,加工肉制品
16673,人土豆,REVIEW,,,可能是原生食材，但频次、命名或类别证据不足
16674,素奶酪,DROP,,,烘焙或乳制加工食品
16675,本地鸡蛋,REVIEW,,,可能是原生食材，但频次、命名或类别证据不足
16676,荔枝慕斯,DROP,,,成品、半成品或加工食品
16677,伯爵奶茶,DROP,,,饮料、酒类或乳制品不属于本版核心原生食材
16678,谷薯,REVIEW,,,可能是原生食材，但频次、命名或类别证据不足
16679,粥类,DROP,,,成品、半成品或加工食品
16680,龙井新茶,DROP,,,饮料、酒类或乳制品不属于本版核心原生食材
16681,人民币,DROP,,,不属于指南允许的基础原生食材类别
16682,包子皮料,DROP,,,成品、半成品或加工食品
16683,白银耳,REVIEW,,,可能是原生食材，但频次、命名或类别证据不足
16684,泡发糯米,MERGE,64,糯米,去除确定的鲜冻/去皮去骨描述
16685,咸菜馅,DROP,,,成品、半成品或加工食品
16686,小杂鱼,REVIEW,,,可能是原生食材，但频次、命名或类别证据不足
16687,提前泡,DROP,,,不属于指南允许的基础原生食材类别
16688,克汤种,DROP,,,不属于指南允许的基础原生食材类别
16689,小芒果,REVIEW,,,可能是原生食材，但频次、命名或类别证据不足
16690,鸡脚冻,REVIEW,,,可能是原生食材，但频次、命名或类别证据不足
16691,排骨腌制,REVIEW,,,可能是原生食材，但频次、命名或类别证据不足
16692,人份,DROP,,,不属于指南允许的基础原生食材类别
16693,胡辣粉,DROP,,,不属于指南允许的基础原生食材类别
