id,name,ingredient_type,core_ingredient_id,category,subcategory,is_core_raw,is_edible,review_status,usage_count,reason
1,葱,core_raw,1,蔬菜,葱蒜,1,1,verified,3206,核心原生食材
2,蒜,core_raw,2,蔬菜,葱蒜,1,1,verified,3916,核心原生食材
3,姜,core_raw,3,蔬菜,根茎,1,1,verified,3563,核心原生食材
4,猪肉,core_raw,4,畜肉,猪,1,1,verified,634,核心原生食材
5,洋葱,core_raw,5,蔬菜,葱蒜,1,1,verified,719,核心原生食材
6,胡萝卜,core_raw,6,蔬菜,根茎,1,1,verified,971,核心原生食材
7,鸡蛋,core_raw,7,蛋类,鸡蛋,1,1,verified,1390,核心原生食材
8,牛肉,core_raw,8,畜肉,牛,1,1,verified,339,核心原生食材
9,香菜,core_raw,9,蔬菜,叶菜,1,1,verified,512,核心原生食材
10,五花肉,core_raw,10,畜肉,猪,1,1,verified,479,核心原生食材
11,青椒,core_raw,11,蔬菜,瓜果,1,1,verified,1054,核心原生食材
12,土豆,core_raw,12,薯芋,薯类,1,1,verified,759,核心原生食材
13,玉米,core_raw,13,谷物/坚果,玉米,1,1,verified,88,核心原生食材
14,番茄,core_raw,14,蔬菜,瓜果,1,1,verified,649,核心原生食材
15,鸡胸肉,core_raw,15,禽肉,鸡,1,1,verified,233,核心原生食材
16,花生,core_raw,16,谷物/坚果,坚果种子,1,1,verified,95,核心原生食材
17,辣椒,core_raw,17,蔬菜,瓜果,1,1,verified,257,核心原生食材
18,小米椒,core_raw,18,蔬菜,瓜果,1,1,verified,311,核心原生食材
19,黄瓜,core_raw,19,蔬菜,瓜果,1,1,verified,293,核心原生食材
20,大米,core_raw,20,谷物/坚果,稻米,1,1,verified,87,核心原生食材
21,红枣,core_raw,21,水果,核果,1,1,verified,105,核心原生食材
22,柠檬,core_raw,22,水果,柑橘,1,1,verified,72,核心原生食材
23,香菇,core_raw,23,菌菇藻类,菌菇,1,1,verified,452,核心原生食材
24,鸡肉,core_raw,24,禽肉,鸡,1,1,verified,199,核心原生食材
25,杏仁,core_raw,25,谷物/坚果,坚果种子,1,1,verified,4,核心原生食材
26,芝麻,core_raw,26,谷物/坚果,坚果种子,1,1,verified,72,核心原生食材
27,芹菜,core_raw,27,蔬菜,根茎,1,1,verified,232,核心原生食材
28,红薯,core_raw,28,薯芋,薯类,1,1,verified,29,核心原生食材
29,白菜,core_raw,29,蔬菜,叶菜,1,1,verified,238,核心原生食材
30,南瓜,core_raw,30,蔬菜,瓜果,1,1,verified,84,核心原生食材
31,生菜,core_raw,31,蔬菜,叶菜,1,1,verified,65,核心原生食材
32,排骨,core_raw,32,畜肉,猪,1,1,verified,23,核心原生食材
33,木耳,core_raw,33,菌菇藻类,菌菇,1,1,verified,364,核心原生食材
34,燕麦,core_raw,34,谷物/坚果,小麦,1,1,verified,7,核心原生食材
35,黑芝麻,core_raw,35,谷物/坚果,坚果种子,1,1,verified,11,核心原生食材
36,白芝麻,core_raw,36,谷物/坚果,坚果种子,1,1,verified,105,核心原生食材
37,猪里脊,core_raw,37,畜肉,猪,1,1,verified,102,核心原生食材
38,核桃,core_raw,38,谷物/坚果,坚果种子,1,1,verified,7,核心原生食材
39,圣女果,core_raw,39,蔬菜,其他蔬菜,1,1,verified,8,核心原生食材
40,菠菜,core_raw,40,蔬菜,叶菜,1,1,verified,82,核心原生食材
41,虾仁,core_raw,41,水产,虾,1,1,verified,215,核心原生食材
42,芒果,core_raw,42,水果,热带水果,1,1,verified,6,核心原生食材
43,草莓,core_raw,43,水果,浆果,1,1,verified,3,核心原生食材
44,油菜,core_raw,44,蔬菜,叶菜,1,1,verified,78,核心原生食材
45,蔓越莓,core_raw,45,水果,浆果,1,1,verified,2,核心原生食材
46,金针菇,core_raw,46,菌菇藻类,菌菇,1,1,verified,261,核心原生食材
47,紫薯,core_raw,47,薯芋,薯类,1,1,verified,15,核心原生食材
48,韭菜,core_raw,48,蔬菜,葱蒜,1,1,verified,122,核心原生食材
49,红椒,core_raw,49,蔬菜,瓜果,1,1,verified,207,核心原生食材
50,红辣椒,core_raw,50,蔬菜,瓜果,1,1,verified,169,核心原生食材
51,罗勒,core_raw,51,蔬菜,叶菜,1,1,verified,17,核心原生食材
52,蛋清,core_raw,52,蛋类,其他蛋类,1,1,verified,96,核心原生食材
53,西兰花,core_raw,53,蔬菜,其他蔬菜,1,1,verified,159,核心原生食材
54,红豆,core_raw,54,豆类,杂豆,1,1,verified,10,核心原生食材
55,蓝莓,core_raw,55,水果,浆果,1,1,verified,1,核心原生食材
56,苹果,core_raw,56,水果,仁果,1,1,verified,17,核心原生食材
57,枸杞,core_raw,57,蔬菜,其他蔬菜,1,1,verified,128,核心原生食材
58,羊肉,core_raw,58,畜肉,羊,1,1,verified,55,核心原生食材
59,萝卜,core_raw,59,蔬菜,根茎,1,1,verified,83,核心原生食材
60,豌豆,core_raw,60,蔬菜,鲜豆,1,1,verified,57,核心原生食材
61,香蕉,core_raw,61,水果,热带水果,1,1,verified,7,核心原生食材
62,欧芹,core_raw,62,蔬菜,根茎,1,1,verified,5,核心原生食材
63,白萝卜,core_raw,63,蔬菜,根茎,1,1,verified,101,核心原生食材
64,糯米,core_raw,64,谷物/坚果,稻米,1,1,verified,53,核心原生食材
65,青豆,core_raw,65,蔬菜,鲜豆,1,1,verified,36,核心原生食材
66,肥牛,core_raw,66,畜肉,牛,1,1,verified,78,核心原生食材
67,菠萝,core_raw,67,水果,热带水果,1,1,verified,25,核心原生食材
68,海带,core_raw,68,菌菇藻类,藻类,1,1,verified,46,核心原生食材
69,西葫芦,core_raw,69,蔬菜,其他蔬菜,1,1,verified,62,核心原生食材
70,娃娃菜,core_raw,70,蔬菜,叶菜,1,1,verified,109,核心原生食材
71,鸡翅,core_raw,71,禽肉,鸡,1,1,verified,70,核心原生食材
72,蛋黄,core_raw,72,蛋类,其他蛋类,1,1,verified,5,核心原生食材
73,芋头,core_raw,73,蔬菜,其他蔬菜,1,1,verified,28,核心原生食材
74,彩椒,core_raw,74,蔬菜,瓜果,1,1,verified,49,核心原生食材
75,紫菜,core_raw,75,菌菇藻类,藻类,1,1,verified,32,核心原生食材
76,卷心菜,core_raw,76,蔬菜,叶菜,1,1,verified,68,核心原生食材
77,核桃仁,core_raw,77,水果,核果,1,1,verified,6,核心原生食材
78,鱿鱼,core_raw,78,水产,鱼,1,1,verified,51,核心原生食材
79,草鱼,core_raw,79,水产,鱼,1,1,verified,33,核心原生食材
80,蒜苗,core_raw,80,蔬菜,葱蒜,1,1,verified,159,核心原生食材
81,西芹,core_raw,81,蔬菜,根茎,1,1,verified,52,核心原生食材
82,牛腩,core_raw,82,畜肉,牛,1,1,verified,108,核心原生食材
83,杏鲍菇,core_raw,83,菌菇藻类,菌菇,1,1,verified,170,核心原生食材
84,豆角,core_raw,84,蔬菜,鲜豆,1,1,verified,114,核心原生食材
85,山药,core_raw,85,蔬菜,其他蔬菜,1,1,verified,44,核心原生食材
86,三文鱼,core_raw,86,水产,鱼,1,1,verified,10,核心原生食材
87,黄豆,core_raw,87,豆类,大豆,1,1,verified,43,核心原生食材
88,花蛤,core_raw,88,水产,贝,1,1,verified,47,核心原生食材
89,腰果,core_raw,89,谷物/坚果,坚果种子,1,1,verified,16,核心原生食材
90,牛油果,core_raw,90,水果,其他水果,1,1,verified,10,核心原生食材
91,米辣,core_raw,91,谷物/坚果,杂粮,1,1,verified,252,核心原生食材
92,豆芽,core_raw,92,蔬菜,鲜豆,1,1,verified,65,核心原生食材
93,干香菇,core_raw,93,菌菇藻类,菌菇,1,1,verified,84,核心原生食材
94,绿豆,core_raw,94,豆类,杂豆,1,1,verified,12,核心原生食材
95,朝天椒,core_raw,95,蔬菜,瓜果,1,1,verified,54,核心原生食材
96,莲藕,core_raw,96,蔬菜,根茎,1,1,verified,48,核心原生食材
97,甜玉米,core_raw,97,谷物/坚果,玉米,1,1,verified,16,核心原生食材
98,龙利鱼,core_raw,98,水产,鱼,1,1,verified,27,核心原生食材
99,紫甘蓝,core_raw,99,蔬菜,其他蔬菜,1,1,verified,15,核心原生食材
100,火龙果,core_raw,100,水果,热带水果,1,1,verified,7,核心原生食材
101,鹌鹑蛋,core_raw,101,蛋类,鹌鹑蛋,1,1,verified,40,核心原生食材
102,黑米,core_raw,102,谷物/坚果,稻米,1,1,verified,9,核心原生食材
103,口蘑,core_raw,103,菌菇藻类,菌菇,1,1,verified,55,核心原生食材
104,芦笋,core_raw,104,蔬菜,根茎,1,1,verified,71,核心原生食材
105,鸡翅根,core_raw,105,禽肉,鸡,1,1,verified,23,核心原生食材
106,香芹,core_raw,106,蔬菜,根茎,1,1,verified,38,核心原生食材
107,银耳,core_raw,107,菌菇藻类,菌菇,1,1,verified,17,核心原生食材
108,冬瓜,core_raw,108,蔬菜,瓜果,1,1,verified,107,核心原生食材
109,荷兰豆,core_raw,109,蔬菜,鲜豆,1,1,verified,64,核心原生食材
110,茄子,core_raw,110,蔬菜,瓜果,1,1,verified,286,核心原生食材
111,青辣椒,core_raw,111,蔬菜,瓜果,1,1,verified,67,核心原生食材
112,鸡爪,core_raw,112,禽肉,鸡,1,1,verified,41,核心原生食材
113,鳕鱼,core_raw,113,水产,鱼,1,1,verified,14,核心原生食材
114,红葱头,core_raw,114,蔬菜,葱蒜,1,1,verified,22,核心原生食材
115,青蒜,core_raw,115,蔬菜,葱蒜,1,1,verified,52,核心原生食材
116,栗子,core_raw,116,谷物/坚果,杂粮,1,1,verified,4,核心原生食材
117,薄荷,core_raw,117,蔬菜,叶菜,1,1,verified,5,核心原生食材
118,平菇,core_raw,118,菌菇藻类,菌菇,1,1,verified,49,核心原生食材
119,鹰嘴豆,core_raw,119,豆类,杂豆,1,1,verified,8,核心原生食材
120,百香果,core_raw,120,水果,热带水果,1,1,verified,9,核心原生食材
121,金枪鱼,core_raw,121,水产,鱼,1,1,verified,3,核心原生食材
122,莲子,core_raw,122,谷物/坚果,坚果种子,1,1,verified,14,核心原生食材
123,杭椒,core_raw,123,蔬菜,瓜果,1,1,verified,46,核心原生食材
124,葡萄,core_raw,124,水果,浆果,1,1,verified,1,核心原生食材
125,猪骨,core_raw,125,畜肉,猪,1,1,verified,9,核心原生食材
126,鲫鱼,core_raw,126,水产,鱼,1,1,verified,63,核心原生食材
127,小米,core_raw,127,谷物/坚果,杂粮,1,1,verified,21,核心原生食材
128,薏米,core_raw,128,谷物/坚果,杂粮,1,1,verified,14,核心原生食材
129,毛豆,core_raw,129,蔬菜,鲜豆,1,1,verified,64,核心原生食材
130,花菜,core_raw,130,蔬菜,叶菜,1,1,verified,76,核心原生食材
131,马蹄,core_raw,131,蔬菜,其他蔬菜,1,1,verified,24,核心原生食材
132,海鲜菇,core_raw,132,水产,其他水产,1,1,verified,23,核心原生食材
133,白玉菇,core_raw,133,菌菇藻类,菌菇,1,1,verified,28,核心原生食材
134,蟹味菇,core_raw,134,菌菇藻类,菌菇,1,1,verified,24,核心原生食材
135,樱桃,core_raw,135,水果,核果,1,1,verified,3,核心原生食材
136,四季豆,core_raw,136,蔬菜,鲜豆,1,1,verified,69,核心原生食材
137,小白菜,core_raw,137,蔬菜,叶菜,1,1,verified,1,核心原生食材
138,绿豆芽,core_raw,138,蔬菜,鲜豆,1,1,verified,40,核心原生食材
139,黑豆,core_raw,139,豆类,大豆,1,1,verified,3,核心原生食材
140,羊排,core_raw,140,畜肉,羊,1,1,verified,17,核心原生食材
141,鸡中翅,core_raw,141,禽肉,鸡,1,1,verified,9,核心原生食材
142,秋葵,core_raw,142,蔬菜,其他蔬菜,1,1,verified,37,核心原生食材
143,三黄鸡,core_raw,143,禽肉,鸡,1,1,verified,26,核心原生食材
144,藜麦,core_raw,144,谷物/坚果,杂粮,1,1,verified,11,核心原生食材
145,莴笋,core_raw,145,蔬菜,根茎,1,1,verified,93,核心原生食材
146,桂圆,core_raw,146,水果,其他水果,1,1,verified,10,核心原生食材
147,茶树菇,core_raw,147,菌菇藻类,菌菇,1,1,verified,18,核心原生食材
148,大头菜,core_raw,148,蔬菜,叶菜,1,1,verified,14,核心原生食材
149,芹菜叶,core_raw,149,蔬菜,根茎,1,1,verified,7,核心原生食材
150,黄豆芽,core_raw,150,蔬菜,鲜豆,1,1,verified,30,核心原生食材
151,豇豆,core_raw,151,蔬菜,鲜豆,1,1,verified,44,核心原生食材
152,牛里脊,core_raw,152,畜肉,牛,1,1,verified,36,核心原生食材
153,黄花菜,core_raw,153,蔬菜,叶菜,1,1,verified,21,核心原生食材
154,橙子,core_raw,154,水果,柑橘,1,1,verified,2,核心原生食材
155,牛排,core_raw,155,畜肉,牛,1,1,verified,9,核心原生食材
156,鲈鱼,core_raw,156,水产,鱼,1,1,verified,24,核心原生食材
157,水果玉米,core_raw,157,谷物/坚果,玉米,1,1,verified,5,核心原生食材
158,大白菜,core_raw,158,蔬菜,叶菜,1,1,verified,1,核心原生食材
159,红心火龙果,core_raw,159,水果,热带水果,1,1,verified,2,核心原生食材
160,西瓜,core_raw,160,水果,瓜果,1,1,verified,1,核心原生食材
161,扇贝,core_raw,161,水产,贝,1,1,verified,21,核心原生食材
162,榛子,core_raw,162,谷物/坚果,坚果种子,1,1,verified,1,核心原生食材
163,糙米,core_raw,163,谷物/坚果,稻米,1,1,verified,5,核心原生食材
164,紫苏,core_raw,164,蔬菜,其他蔬菜,1,1,verified,21,核心原生食材
165,菜心,core_raw,165,蔬菜,叶菜,1,1,verified,23,核心原生食材
166,猕猴桃,core_raw,166,水果,核果,1,1,verified,3,核心原生食材
167,黑鱼,core_raw,167,水产,鱼,1,1,verified,16,核心原生食材
168,油麦菜,core_raw,168,蔬菜,叶菜,1,1,verified,48,核心原生食材
169,板栗,core_raw,169,谷物/坚果,坚果种子,1,1,verified,33,核心原生食材
170,椰子,core_raw,170,水果,热带水果,1,1,verified,4,核心原生食材
171,猪肝,core_raw,171,畜肉,猪,1,1,verified,45,核心原生食材
172,猪颈肉,core_raw,172,畜肉,猪,1,1,verified,3,核心原生食材
173,贝贝南瓜,core_raw,173,水产,贝,1,1,verified,7,核心原生食材
174,荔浦芋头,core_raw,174,薯芋,芋类,1,1,verified,10,核心原生食材
175,开心果,core_raw,175,谷物/坚果,坚果种子,1,1,verified,1,核心原生食材
176,芝麻菜,core_raw,176,谷物/坚果,坚果种子,1,1,verified,1,核心原生食材
177,无花果,core_raw,177,水果,其他水果,1,1,verified,7,核心原生食材
178,巴沙鱼,core_raw,178,水产,鱼,1,1,verified,26,核心原生食材
179,小辣椒,core_raw,179,蔬菜,瓜果,1,1,verified,1,核心原生食材
180,白菜叶,core_raw,180,蔬菜,叶菜,1,1,verified,13,核心原生食材
181,红尖椒,core_raw,181,蔬菜,瓜果,1,1,verified,37,核心原生食材
182,龙虾,core_raw,182,水产,虾,1,1,verified,28,核心原生食材
183,铁棍山药,core_raw,183,薯芋,薯类,1,1,verified,10,核心原生食材
184,冬笋,core_raw,184,蔬菜,根茎,1,1,verified,42,核心原生食材
185,小青菜,core_raw,185,蔬菜,叶菜,1,1,verified,1,核心原生食材
186,芸豆,core_raw,186,蔬菜,鲜豆,1,1,verified,18,核心原生食材
187,凤梨,core_raw,187,水果,仁果,1,1,verified,2,核心原生食材
188,黄桃,core_raw,188,水果,核果,1,1,verified,1,核心原生食材
189,海参,core_raw,189,水产,其他水产,1,1,verified,23,核心原生食材
190,松子,core_raw,190,谷物/坚果,坚果种子,1,1,verified,3,核心原生食材
191,羽衣甘蓝,core_raw,191,蔬菜,其他蔬菜,1,1,verified,1,核心原生食材
192,干海带,core_raw,192,水产,其他水产,1,1,verified,1,核心原生食材
193,指天椒,core_raw,193,蔬菜,瓜果,1,1,verified,18,核心原生食材
194,甜椒,core_raw,194,蔬菜,瓜果,1,1,verified,11,核心原生食材
195,木瓜,core_raw,195,水果,热带水果,1,1,verified,5,核心原生食材
196,榴莲,core_raw,196,水果,热带水果,1,1,verified,2,核心原生食材
197,牛腱子,core_raw,197,畜肉,牛,1,1,verified,9,核心原生食材
198,鲍鱼,core_raw,198,水产,贝,1,1,verified,33,核心原生食材
199,白蘑菇,core_raw,199,菌菇藻类,菌菇,1,1,verified,10,核心原生食材
200,南瓜籽,core_raw,200,蔬菜,瓜果,1,1,verified,1,核心原生食材
201,线椒,core_raw,201,蔬菜,瓜果,1,1,verified,36,核心原生食材
202,雪梨,core_raw,202,水果,仁果,1,1,verified,3,核心原生食材
203,梅花肉,core_raw,203,畜肉,其他畜肉,1,1,verified,16,核心原生食材
204,猪蹄,core_raw,204,畜肉,猪,1,1,verified,29,核心原生食材
205,大闸蟹,core_raw,205,水产,蟹,1,1,verified,6,核心原生食材
206,章鱼,core_raw,206,水产,鱼,1,1,verified,2,核心原生食材
207,皂角米,core_raw,207,谷物/坚果,杂粮,1,1,verified,2,核心原生食材
208,菜花,core_raw,208,蔬菜,叶菜,1,1,verified,26,核心原生食材
209,鸡毛菜,core_raw,209,蔬菜,叶菜,1,1,verified,6,核心原生食材
210,杨梅,core_raw,210,水果,核果,1,1,verified,1,核心原生食材
211,西柚,core_raw,211,水果,柑橘,1,1,verified,1,核心原生食材
212,童子鸡,core_raw,212,禽肉,鸡,1,1,verified,9,核心原生食材
213,橄榄,core_raw,213,水果,其他水果,1,1,verified,1,核心原生食材
214,橘子,core_raw,214,水果,柑橘,1,1,verified,1,核心原生食材
215,瘦猪肉,core_raw,215,畜肉,猪,1,1,verified,3,核心原生食材
216,老母鸡,core_raw,216,禽肉,鸡,1,1,verified,9,核心原生食材
217,松茸,core_raw,217,菌菇藻类,菌菇,1,1,verified,6,核心原生食材
218,裙带菜,core_raw,218,菌菇藻类,藻类,1,1,verified,7,核心原生食材
219,紫米,core_raw,219,谷物/坚果,稻米,1,1,verified,2,核心原生食材
220,春笋,core_raw,220,蔬菜,根茎,1,1,verified,34,核心原生食材
221,蒜苔,core_raw,221,蔬菜,葱蒜,1,1,verified,64,核心原生食材
222,韭黄,core_raw,222,蔬菜,葱蒜,1,1,verified,28,核心原生食材
223,柚子,core_raw,223,水果,柑橘,1,1,verified,1,核心原生食材
224,水蜜桃,core_raw,224,水果,核果,1,1,verified,1,核心原生食材
225,猪排,core_raw,225,畜肉,猪,1,1,verified,5,核心原生食材
226,乌鸡,core_raw,226,禽肉,鸡,1,1,verified,5,核心原生食材
227,扁豆,core_raw,227,蔬菜,鲜豆,1,1,verified,17,核心原生食材
228,沙姜,core_raw,228,蔬菜,根茎,1,1,verified,16,核心原生食材
229,百合,core_raw,229,蔬菜,其他蔬菜,1,1,verified,26,核心原生食材
230,紫苏叶,core_raw,230,蔬菜,其他蔬菜,1,1,verified,7,核心原生食材
231,蒜叶,core_raw,231,蔬菜,葱蒜,1,1,verified,23,核心原生食材
232,青萝卜,core_raw,232,蔬菜,根茎,1,1,verified,9,核心原生食材
233,荔枝,core_raw,233,水果,热带水果,1,1,verified,1,核心原生食材
234,大虾,core_raw,234,水产,虾,1,1,verified,24,核心原生食材
235,带鱼,core_raw,235,水产,鱼,1,1,verified,17,核心原生食材
236,鸡腿菇,core_raw,236,菌菇藻类,菌菇,1,1,verified,15,核心原生食材
237,瓜子仁,core_raw,237,谷物/坚果,坚果种子,1,1,verified,1,核心原生食材
238,甘蓝,core_raw,238,蔬菜,其他蔬菜,1,1,verified,6,核心原生食材
239,青尖椒,core_raw,239,蔬菜,瓜果,1,1,verified,22,核心原生食材
240,哈密瓜,core_raw,240,水果,瓜果,1,1,verified,2,核心原生食材
241,鸡翅中,core_raw,241,禽肉,鸡,1,1,verified,19,核心原生食材
242,鸭肉,core_raw,242,禽肉,鸭,1,1,verified,11,核心原生食材
243,鸭蛋,core_raw,243,蛋类,鸭蛋,1,1,verified,15,核心原生食材
244,生蚝,core_raw,244,水产,贝,1,1,verified,14,核心原生食材
245,黄花鱼,core_raw,245,水产,鱼,1,1,verified,19,核心原生食材
246,花菇,core_raw,246,菌菇藻类,菌菇,1,1,verified,13,核心原生食材
247,生燕麦,core_raw,247,谷物/坚果,小麦,1,1,verified,1,核心原生食材
248,白米,core_raw,248,谷物/坚果,杂粮,1,1,verified,2,核心原生食材
249,牛仔骨,core_raw,249,畜肉,牛,1,1,verified,2,核心原生食材
250,羊腿肉,core_raw,250,畜肉,羊,1,1,verified,10,核心原生食材
251,螺丝椒,core_raw,251,水产,贝,1,1,verified,9,核心原生食材
252,干木耳,core_raw,252,菌菇藻类,菌菇,1,1,verified,16,核心原生食材
253,南瓜子,core_raw,253,谷物/坚果,坚果种子,1,1,verified,1,核心原生食材
254,丝瓜,core_raw,254,蔬菜,瓜果,1,1,verified,85,核心原生食材
255,樱桃萝卜,core_raw,255,蔬菜,根茎,1,1,verified,1,核心原生食材
256,芥菜,core_raw,256,蔬菜,叶菜,1,1,verified,11,核心原生食材
257,茼蒿,core_raw,257,蔬菜,叶菜,1,1,verified,21,核心原生食材
258,蒜薹,core_raw,258,蔬菜,葱蒜,1,1,verified,18,核心原生食材
259,椰枣,core_raw,259,水果,核果,1,1,verified,2,核心原生食材
260,猪肋排,core_raw,260,畜肉,猪,1,1,verified,3,核心原生食材
261,鱿鱼须,core_raw,261,水产,鱼,1,1,verified,9,核心原生食材
262,黑虎虾,core_raw,262,水产,虾,1,1,verified,3,核心原生食材
263,花生仁,core_raw,263,谷物/坚果,坚果种子,1,1,verified,1,核心原生食材
264,空心菜,core_raw,264,蔬菜,叶菜,1,1,verified,30,核心原生食材
265,苦瓜,core_raw,265,蔬菜,瓜果,1,1,verified,85,核心原生食材
266,荠菜,core_raw,266,蔬菜,叶菜,1,1,verified,6,核心原生食材
267,桃子,core_raw,267,水果,核果,1,1,verified,2,核心原生食材
268,鸡脚,core_raw,268,禽肉,鸡,1,1,verified,2,核心原生食材
269,冬菇,core_raw,269,菌菇藻类,菌菇,1,1,verified,10,核心原生食材
270,香芋,core_raw,270,薯芋,芋类,1,1,verified,2,核心原生食材
271,赤小豆,core_raw,271,豆类,杂豆,1,1,verified,3,核心原生食材
272,三色藜麦,core_raw,272,谷物/坚果,杂粮,1,1,verified,4,核心原生食材
273,燕麦米,core_raw,273,谷物/坚果,小麦,1,1,verified,3,核心原生食材
274,泰椒,core_raw,274,蔬菜,瓜果,1,1,verified,8,核心原生食材
275,牛尾,core_raw,275,畜肉,牛,1,1,verified,8,核心原生食材
276,肥猪肉,core_raw,276,畜肉,猪,1,1,verified,5,核心原生食材
277,梭子蟹,core_raw,277,水产,蟹,1,1,verified,22,核心原生食材
278,泰国香米,core_raw,278,谷物/坚果,杂粮,1,1,verified,4,核心原生食材
279,白果,core_raw,279,谷物/坚果,杂粮,1,1,verified,3,核心原生食材
280,黑麦,core_raw,280,谷物/坚果,杂粮,1,1,verified,1,核心原生食材
281,小红椒,core_raw,281,蔬菜,瓜果,1,1,verified,1,核心原生食材
282,竹笋,core_raw,282,蔬菜,根茎,1,1,verified,18,核心原生食材
283,莴笋叶,core_raw,283,蔬菜,根茎,1,1,verified,4,核心原生食材
284,蚕豆,core_raw,284,蔬菜,鲜豆,1,1,verified,20,核心原生食材
285,黄椒,core_raw,285,蔬菜,瓜果,1,1,verified,4,核心原生食材
286,扁桃仁,core_raw,286,水果,核果,1,1,verified,1,核心原生食材
287,猪后腿肉,core_raw,287,畜肉,猪,1,1,verified,4,核心原生食材
288,猪皮,core_raw,288,畜肉,猪,1,1,verified,11,核心原生食材
289,猪脚,core_raw,289,畜肉,猪,1,1,verified,1,核心原生食材
290,菲力牛排,core_raw,290,畜肉,牛,1,1,verified,1,核心原生食材
291,小龙虾,core_raw,291,水产,虾,1,1,verified,1,核心原生食材
292,螃蟹,core_raw,292,水产,蟹,1,1,verified,17,核心原生食材
293,黄鱼,core_raw,293,水产,鱼,1,1,verified,8,核心原生食材
294,草菇,core_raw,294,菌菇藻类,菌菇,1,1,verified,16,核心原生食材
295,红小豆,core_raw,295,豆类,杂豆,1,1,verified,3,核心原生食材
296,红腰豆,core_raw,296,豆类,杂豆,1,1,verified,2,核心原生食材
297,香米,core_raw,297,谷物/坚果,杂粮,1,1,verified,1,核心原生食材
298,黑糯米,core_raw,298,谷物/坚果,稻米,1,1,verified,2,核心原生食材
299,南姜,core_raw,299,蔬菜,根茎,1,1,verified,6,核心原生食材
300,干葱,core_raw,300,蔬菜,葱蒜,1,1,verified,2,核心原生食材
301,美人椒,core_raw,301,蔬菜,瓜果,1,1,verified,4,核心原生食材
302,荸荠,core_raw,302,蔬菜,其他蔬菜,1,1,verified,3,核心原生食材
303,桑葚,core_raw,303,水果,浆果,1,1,verified,1,核心原生食材
304,黑加仑,core_raw,304,水果,其他水果,1,1,verified,1,核心原生食材
305,梅头肉,core_raw,305,畜肉,其他畜肉,1,1,verified,3,核心原生食材
306,羊蝎子,core_raw,306,畜肉,羊,1,1,verified,2,核心原生食材
307,鸭翅,core_raw,307,禽肉,鸭,1,1,verified,2,核心原生食材
308,鹅肝,core_raw,308,禽肉,鹅,1,1,verified,1,核心原生食材
309,墨鱼,core_raw,309,水产,鱼,1,1,verified,8,核心原生食材
310,昆布,core_raw,310,菌菇藻类,菌菇,1,1,verified,1,核心原生食材
311,白芸豆,core_raw,311,豆类,杂豆,1,1,verified,2,核心原生食材
312,瓜子,core_raw,312,谷物/坚果,坚果种子,1,1,verified,1,核心原生食材
313,甜豆,core_raw,313,蔬菜,鲜豆,1,1,verified,8,核心原生食材
314,石榴,core_raw,314,水果,浆果,1,1,verified,1,核心原生食材
315,八爪鱼,core_raw,315,水产,鱼,1,1,verified,5,核心原生食材
316,比目鱼,core_raw,316,水产,鱼,1,1,verified,3,核心原生食材
317,银鱼,core_raw,317,水产,鱼,1,1,verified,6,核心原生食材
318,羊肚菌,core_raw,318,菌菇藻类,菌菇,1,1,verified,7,核心原生食材
319,血糯米,core_raw,319,谷物/坚果,稻米,1,1,verified,2,核心原生食材
320,菜叶,core_raw,320,蔬菜,叶菜,1,1,verified,1,核心原生食材
321,猪肚,core_raw,321,畜肉,猪,1,1,verified,15,核心原生食材
322,鸭血,core_raw,322,禽肉,鸭,1,1,verified,22,核心原生食材
323,罗非鱼,core_raw,323,水产,鱼,1,1,verified,6,核心原生食材
324,鲤鱼,core_raw,324,水产,鱼,1,1,verified,7,核心原生食材
325,粳米,core_raw,325,谷物/坚果,稻米,1,1,verified,1,核心原生食材
326,芋艿,core_raw,326,蔬菜,其他蔬菜,1,1,verified,6,核心原生食材
327,苋菜,core_raw,327,蔬菜,叶菜,1,1,verified,11,核心原生食材
328,猪血,core_raw,328,畜肉,猪,1,1,verified,4,核心原生食材
329,鸭掌,core_raw,329,禽肉,鸭,1,1,verified,1,核心原生食材
330,河虾,core_raw,330,水产,虾,1,1,verified,19,核心原生食材
331,淡菜,core_raw,331,水产,其他水产,1,1,verified,2,核心原生食材
332,鲅鱼,core_raw,332,水产,鱼,1,1,verified,11,核心原生食材
333,竹荪,core_raw,333,菌菇藻类,菌菇,1,1,verified,10,核心原生食材
334,松仁,core_raw,334,谷物/坚果,杂粮,1,1,verified,1,核心原生食材
335,水萝卜,core_raw,335,蔬菜,根茎,1,1,verified,3,核心原生食材
336,豌豆尖,core_raw,336,蔬菜,鲜豆,1,1,verified,5,核心原生食材
337,香椿,core_raw,337,蔬菜,其他蔬菜,1,1,verified,30,核心原生食材
338,牛柳,core_raw,338,畜肉,牛,1,1,verified,9,核心原生食材
339,猪小排,core_raw,339,畜肉,猪,1,1,verified,2,核心原生食材
340,鸡胗,core_raw,340,禽肉,鸡,1,1,verified,34,核心原生食材
341,海虾,core_raw,341,水产,虾,1,1,verified,6,核心原生食材
342,蛏子,core_raw,342,水产,其他水产,1,1,verified,14,核心原生食材
343,刀豆,core_raw,343,蔬菜,鲜豆,1,1,verified,2,核心原生食材
344,莴苣,core_raw,344,蔬菜,叶菜,1,1,verified,15,核心原生食材
345,黑枣,core_raw,345,水果,核果,1,1,verified,1,核心原生食材
346,乳鸽,core_raw,346,禽肉,其他禽肉,1,1,verified,2,核心原生食材
347,皮皮虾,core_raw,347,水产,虾,1,1,verified,8,核心原生食材
348,青鱼,core_raw,348,水产,鱼,1,1,verified,2,核心原生食材
349,马鲛鱼,core_raw,349,水产,鱼,1,1,verified,2,核心原生食材
350,松子仁,core_raw,350,谷物/坚果,坚果种子,1,1,verified,1,核心原生食材
351,甜菜根,core_raw,351,蔬菜,叶菜,1,1,verified,2,核心原生食材
352,芥蓝,core_raw,352,蔬菜,其他蔬菜,1,1,verified,1,核心原生食材
353,枇杷,core_raw,353,水果,仁果,1,1,verified,1,核心原生食材
354,牛肚,core_raw,354,畜肉,牛,1,1,verified,4,核心原生食材
355,猪腿肉,core_raw,355,畜肉,猪,1,1,verified,3,核心原生食材
356,北极虾,core_raw,356,水产,虾,1,1,verified,2,核心原生食材
357,生鱼,core_raw,357,水产,鱼,1,1,verified,1,核心原生食材
358,云耳,core_raw,358,菌菇藻类,菌菇,1,1,verified,2,核心原生食材
359,猴头菇,core_raw,359,菌菇藻类,菌菇,1,1,verified,5,核心原生食材
360,荞麦,core_raw,360,谷物/坚果,小麦,1,1,verified,1,核心原生食材
361,节瓜,core_raw,361,蔬菜,瓜果,1,1,verified,8,核心原生食材
362,茭白,core_raw,362,蔬菜,根茎,1,1,verified,54,核心原生食材
363,黄姜,core_raw,363,蔬菜,根茎,1,1,verified,2,核心原生食材
364,菠萝蜜,core_raw,364,水果,热带水果,1,1,verified,1,核心原生食材
365,雪花梨,core_raw,365,水果,仁果,1,1,verified,1,核心原生食材
366,青梅,core_raw,366,水果,核果,1,1,verified,1,核心原生食材
367,鸡心,core_raw,367,禽肉,鸡,1,1,verified,8,核心原生食材
368,鸡肝,core_raw,368,禽肉,鸡,1,1,verified,5,核心原生食材
369,青虾,core_raw,369,水产,虾,1,1,verified,3,核心原生食材
370,鲮鱼,core_raw,370,水产,鱼,1,1,verified,6,核心原生食材
371,鳗鱼,core_raw,371,水产,鱼,1,1,verified,5,核心原生食材
372,牛肝菌,core_raw,372,菌菇藻类,菌菇,1,1,verified,1,核心原生食材
373,眉豆,core_raw,373,豆类,杂豆,1,1,verified,5,核心原生食材
374,山核桃,core_raw,374,谷物/坚果,坚果种子,1,1,verified,1,核心原生食材
375,小南瓜,core_raw,375,蔬菜,瓜果,1,1,verified,1,核心原生食材
376,槐花,core_raw,376,蔬菜,其他蔬菜,1,1,verified,5,核心原生食材
377,马兰头,core_raw,377,蔬菜,其他蔬菜,1,1,verified,4,核心原生食材
378,鱼腥草,core_raw,378,蔬菜,其他蔬菜,1,1,verified,3,核心原生食材
379,鸭舌,core_raw,379,禽肉,鸭,1,1,verified,1,核心原生食材
380,文蛤,core_raw,380,水产,贝,1,1,verified,3,核心原生食材
381,沙丁鱼,core_raw,381,水产,鱼,1,1,verified,1,核心原生食材
382,鲳鱼,core_raw,382,水产,鱼,1,1,verified,17,核心原生食材
383,黄鳝,core_raw,383,水产,鱼,1,1,verified,12,核心原生食材
384,榛蘑,core_raw,384,菌菇藻类,菌菇,1,1,verified,4,核心原生食材
385,白木耳,core_raw,385,菌菇藻类,菌菇,1,1,verified,1,核心原生食材
386,南瓜子仁,core_raw,386,谷物/坚果,坚果种子,1,1,verified,1,核心原生食材
387,玉米糁,core_raw,387,谷物/坚果,玉米,1,1,verified,1,核心原生食材
388,李子,core_raw,388,水果,核果,1,1,verified,1,核心原生食材
389,牛舌,core_raw,389,畜肉,牛,1,1,verified,1,核心原生食材
390,猪心,core_raw,390,畜肉,猪,1,1,verified,12,核心原生食材
391,桂鱼,core_raw,391,水产,鱼,1,1,verified,9,核心原生食材
392,武昌鱼,core_raw,392,水产,鱼,1,1,verified,5,核心原生食材
393,海蛎子,core_raw,393,水产,贝,1,1,verified,1,核心原生食材
394,海鲈鱼,core_raw,394,水产,鱼,1,1,verified,2,核心原生食材
395,牡蛎,core_raw,395,水产,贝,1,1,verified,3,核心原生食材
396,胖头鱼,core_raw,396,水产,鱼,1,1,verified,1,核心原生食材
397,鲢鱼,core_raw,397,水产,鱼,1,1,verified,1,核心原生食材
398,大黄米,core_raw,398,谷物/坚果,杂粮,1,1,verified,1,核心原生食材
399,玉米笋,core_raw,399,谷物/坚果,玉米,1,1,verified,8,核心原生食材
400,银杏,core_raw,400,谷物/坚果,杂粮,1,1,verified,2,核心原生食材
401,沙葛,core_raw,401,蔬菜,其他蔬菜,1,1,verified,2,核心原生食材
402,红心萝卜,core_raw,402,蔬菜,根茎,1,1,verified,1,核心原生食材
403,葡萄柚,core_raw,403,水果,浆果,1,1,verified,1,核心原生食材
404,猪大排,core_raw,404,畜肉,猪,1,1,verified,2,核心原生食材
405,肉鸡,core_raw,405,禽肉,鸡,1,1,verified,1,核心原生食材
406,鸭肝,core_raw,406,禽肉,鸭,1,1,verified,1,核心原生食材
407,鸭蛋黄,core_raw,407,蛋类,鸭蛋,1,1,verified,1,核心原生食材
408,田螺,core_raw,408,水产,贝,1,1,verified,1,核心原生食材
409,石斑鱼,core_raw,409,水产,鱼,1,1,verified,3,核心原生食材
410,蟹肉,core_raw,410,水产,蟹,1,1,verified,1,核心原生食材
411,贻贝,core_raw,411,水产,贝,1,1,verified,1,核心原生食材
412,江米,core_raw,412,谷物/坚果,杂粮,1,1,verified,1,核心原生食材
413,生米,core_raw,413,谷物/坚果,杂粮,1,1,verified,1,核心原生食材
414,水芹菜,core_raw,414,蔬菜,根茎,1,1,verified,3,核心原生食材
415,萝卜缨,core_raw,415,蔬菜,根茎,1,1,verified,1,核心原生食材
416,蒜黄,core_raw,416,蔬菜,葱蒜,1,1,verified,3,核心原生食材
417,蕨菜,core_raw,417,蔬菜,叶菜,1,1,verified,3,核心原生食材
418,香椿芽,core_raw,418,蔬菜,其他蔬菜,1,1,verified,2,核心原生食材
419,杨桃,core_raw,419,水果,核果,1,1,verified,1,核心原生食材
420,鸭梨,core_raw,420,水果,仁果,1,1,verified,1,核心原生食材
421,兔肉,core_raw,421,畜肉,其他畜肉,1,1,verified,4,核心原生食材
422,牛百叶,core_raw,422,畜肉,牛,1,1,verified,4,核心原生食材
423,牛蹄筋,core_raw,423,畜肉,牛,1,1,verified,1,核心原生食材
424,猪肥肉,core_raw,424,畜肉,猪,1,1,verified,1,核心原生食材
425,鹌鹑,core_raw,425,禽肉,其他禽肉,1,1,verified,1,核心原生食材
426,泥鳅,core_raw,426,水产,鱼,1,1,verified,2,核心原生食材
427,蚬子,core_raw,427,水产,其他水产,1,1,verified,1,核心原生食材
428,蟹黄,core_raw,428,水产,蟹,1,1,verified,1,核心原生食材
429,青蟹,core_raw,429,水产,蟹,1,1,verified,2,核心原生食材
430,鲜贝,core_raw,430,水产,贝,1,1,verified,1,核心原生食材
431,鳊鱼,core_raw,431,水产,鱼,1,1,verified,8,核心原生食材
432,发菜,core_raw,432,菌菇藻类,菌菇,1,1,verified,1,核心原生食材
433,烤麸,core_raw,433,豆类,杂豆,1,1,verified,5,核心原生食材
434,花豆,core_raw,434,豆类,杂豆,1,1,verified,1,核心原生食材
435,薏仁米,core_raw,435,谷物/坚果,杂粮,1,1,verified,2,核心原生食材
436,佛手瓜,core_raw,436,蔬菜,瓜果,1,1,verified,4,核心原生食材
437,槟榔芋,core_raw,437,蔬菜,其他蔬菜,1,1,verified,2,核心原生食材
438,甘蓝菜,core_raw,438,蔬菜,叶菜,1,1,verified,1,核心原生食材
439,红皮萝卜,core_raw,439,蔬菜,根茎,1,1,verified,3,核心原生食材
440,豌豆苗,core_raw,440,蔬菜,鲜豆,1,1,verified,4,核心原生食材
441,金瓜,core_raw,441,蔬菜,瓜果,1,1,verified,1,核心原生食材
442,金针菜,core_raw,442,蔬菜,叶菜,1,1,verified,2,核心原生食材
443,番石榴,core_raw,443,水果,浆果,1,1,verified,1,核心原生食材
444,香瓜,core_raw,444,水果,其他水果,1,1,verified,1,核心原生食材
445,猪肺,core_raw,445,畜肉,猪,1,1,verified,1,核心原生食材
446,海鸭蛋,core_raw,446,蛋类,鸭蛋,1,1,verified,1,核心原生食材
447,鲭鱼,core_raw,447,水产,鱼,1,1,verified,1,核心原生食材
448,鸡枞菌,core_raw,448,菌菇藻类,菌菇,1,1,verified,4,核心原生食材
449,山芋,core_raw,449,薯芋,芋类,1,1,verified,1,核心原生食材
450,小麦,core_raw,450,谷物/坚果,小麦,1,1,verified,2,核心原生食材
451,稻米,core_raw,451,谷物/坚果,杂粮,1,1,verified,1,核心原生食材
452,鸡头米,core_raw,452,谷物/坚果,杂粮,1,1,verified,3,核心原生食材
453,黄米,core_raw,453,谷物/坚果,杂粮,1,1,verified,2,核心原生食材
454,凉薯,core_raw,454,蔬菜,其他蔬菜,1,1,verified,2,核心原生食材
455,南瓜藤,core_raw,455,蔬菜,瓜果,1,1,verified,3,核心原生食材
456,奶白菜,core_raw,456,蔬菜,叶菜,1,1,verified,4,核心原生食材
457,榆钱,core_raw,457,蔬菜,其他蔬菜,1,1,verified,1,核心原生食材
458,毛笋,core_raw,458,蔬菜,根茎,1,1,verified,1,核心原生食材
459,油菜心,core_raw,459,蔬菜,叶菜,1,1,verified,2,核心原生食材
460,油豆角,core_raw,460,蔬菜,鲜豆,1,1,verified,6,核心原生食材
461,紫葡萄,core_raw,461,水果,浆果,1,1,verified,1,核心原生食材
462,西梅,core_raw,462,水果,核果,1,1,verified,1,核心原生食材
463,牦牛肉,core_raw,463,畜肉,牛,1,1,verified,1,核心原生食材
464,九节虾,core_raw,464,水产,虾,1,1,verified,1,核心原生食材
465,刀鱼,core_raw,465,水产,鱼,1,1,verified,2,核心原生食材
466,海蟹,core_raw,466,水产,蟹,1,1,verified,1,核心原生食材
467,螺蛳,core_raw,467,水产,贝,1,1,verified,1,核心原生食材
468,苔菜,core_raw,468,菌菇藻类,菌菇,1,1,verified,1,核心原生食材
469,大麦,core_raw,469,谷物/坚果,小麦,1,1,verified,1,核心原生食材
470,籼米,core_raw,470,谷物/坚果,稻米,1,1,verified,1,核心原生食材
471,高粱米,core_raw,471,谷物/坚果,杂粮,1,1,verified,2,核心原生食材
472,凉瓜,core_raw,472,蔬菜,瓜果,1,1,verified,1,核心原生食材
473,白花菜,core_raw,473,蔬菜,叶菜,1,1,verified,1,核心原生食材
474,红薯叶,core_raw,474,蔬菜,其他蔬菜,1,1,verified,4,核心原生食材
475,芹菜茎,core_raw,475,蔬菜,根茎,1,1,verified,1,核心原生食材
476,荆芥,core_raw,476,蔬菜,其他蔬菜,1,1,verified,1,核心原生食材
477,菜豆,core_raw,477,蔬菜,鲜豆,1,1,verified,1,核心原生食材
478,蒲瓜,core_raw,478,蔬菜,瓜果,1,1,verified,2,核心原生食材
479,金花菜,core_raw,479,蔬菜,叶菜,1,1,verified,1,核心原生食材
480,雪里红,core_raw,480,蔬菜,其他蔬菜,1,1,verified,1,核心原生食材
481,黄秋葵,core_raw,481,蔬菜,其他蔬菜,1,1,verified,1,核心原生食材
482,库尔勒香梨,core_raw,482,水果,仁果,1,1,verified,1,核心原生食材
483,芭蕉,core_raw,483,水果,其他水果,1,1,verified,1,核心原生食材
484,酸木瓜,core_raw,484,水果,热带水果,1,1,verified,1,核心原生食材
485,鳄梨,core_raw,485,水果,仁果,1,1,verified,1,核心原生食材
486,牛肝,core_raw,486,畜肉,牛,1,1,verified,1,核心原生食材
487,猪耳,core_raw,487,畜肉,猪,1,1,verified,1,核心原生食材
488,猪舌,core_raw,488,畜肉,猪,1,1,verified,2,核心原生食材
489,羊肚,core_raw,489,畜肉,羊,1,1,verified,3,核心原生食材
490,羊肝,core_raw,490,畜肉,羊,1,1,verified,1,核心原生食材
491,羊血,core_raw,491,畜肉,羊,1,1,verified,1,核心原生食材
492,驴肉,core_raw,492,畜肉,其他畜肉,1,1,verified,1,核心原生食材
493,火鸡腿,core_raw,493,禽肉,鸡,1,1,verified,1,核心原生食材
494,鸭肫,core_raw,494,禽肉,鸭,1,1,verified,2,核心原生食材
495,鹅蛋,core_raw,495,蛋类,鹅蛋,1,1,verified,2,核心原生食材
496,乌鱼,core_raw,496,水产,鱼,1,1,verified,1,核心原生食材
497,多宝鱼,core_raw,497,水产,鱼,1,1,verified,4,核心原生食材
498,海蜇头,core_raw,498,水产,其他水产,1,1,verified,1,核心原生食材
499,胖子,core_raw,499,水产,其他水产,1,1,verified,0,核心原生食材
500,花鲢鱼,core_raw,500,水产,鱼,1,1,verified,1,核心原生食材
501,草虾,core_raw,501,水产,虾,1,1,verified,2,核心原生食材
502,金枪鱼肉,core_raw,502,水产,鱼,1,1,verified,1,核心原生食材
503,鸡枞,core_raw,503,菌菇藻类,菌菇,1,1,verified,1,核心原生食材
504,木薯,core_raw,504,薯芋,薯类,1,1,verified,1,核心原生食材
505,葵花子仁,core_raw,505,谷物/坚果,杂粮,1,1,verified,1,核心原生食材
506,洋姜,core_raw,506,蔬菜,根茎,1,1,verified,1,核心原生食材
507,牛皮菜,core_raw,507,蔬菜,叶菜,1,1,verified,1,核心原生食材
508,笋瓜,core_raw,508,蔬菜,瓜果,1,1,verified,1,核心原生食材
509,粉葛,core_raw,509,蔬菜,其他蔬菜,1,1,verified,2,核心原生食材
510,脆萝卜,core_raw,510,蔬菜,根茎,1,1,verified,0,核心原生食材
511,草头,core_raw,511,蔬菜,其他蔬菜,1,1,verified,2,核心原生食材
512,菜瓜,core_raw,512,蔬菜,瓜果,1,1,verified,2,核心原生食材
513,菜葱,core_raw,513,蔬菜,葱蒜,1,1,verified,1,核心原生食材
514,西洋菜,core_raw,514,蔬菜,叶菜,1,1,verified,7,核心原生食材
515,野葱,core_raw,515,蔬菜,葱蒜,1,1,verified,1,核心原生食材
516,野韭菜,core_raw,516,蔬菜,葱蒜,1,1,verified,1,核心原生食材
517,金丝瓜,core_raw,517,蔬菜,瓜果,1,1,verified,1,核心原生食材
518,鬼子姜,core_raw,518,蔬菜,根茎,1,1,verified,1,核心原生食材
519,龙须菜,core_raw,519,蔬菜,叶菜,1,1,verified,1,核心原生食材
520,冬枣,core_raw,520,水果,核果,1,1,verified,1,核心原生食材
521,山竹,core_raw,521,水果,其他水果,1,1,verified,1,核心原生食材
522,甜瓜,core_raw,522,水果,瓜果,1,1,verified,1,核心原生食材
523,苹果梨,core_raw,523,水果,仁果,1,1,verified,1,核心原生食材
524,香梨,core_raw,524,水果,仁果,1,1,verified,1,核心原生食材
525,上脑,core_raw,525,畜肉,其他畜肉,1,1,verified,1,核心原生食材
526,脊肉,core_raw,526,畜肉,其他畜肉,1,1,verified,1,核心原生食材
527,明太鱼,core_raw,527,水产,鱼,1,1,verified,1,核心原生食材
528,血蚶,core_raw,528,水产,其他水产,1,1,verified,1,核心原生食材
529,钳鱼,core_raw,529,水产,鱼,1,1,verified,1,核心原生食材
530,鮸鱼,core_raw,530,水产,鱼,1,1,verified,1,核心原生食材
531,鲅鱼肉,core_raw,531,水产,鱼,1,1,verified,1,核心原生食材
532,鳜鱼,core_raw,532,水产,鱼,1,1,verified,4,核心原生食材
533,鳝鱼,core_raw,533,水产,鱼,1,1,verified,2,核心原生食材
534,松蘑,core_raw,534,菌菇藻类,菌菇,1,1,verified,1,核心原生食材
535,海木耳,core_raw,535,菌菇藻类,菌菇,1,1,verified,1,核心原生食材
536,螺旋藻,core_raw,536,菌菇藻类,藻类,1,1,verified,1,核心原生食材
537,大豆,core_raw,537,豆类,大豆,1,1,verified,1,核心原生食材
538,栗子仁,core_raw,538,谷物/坚果,杂粮,1,1,verified,1,核心原生食材
539,青稞,core_raw,539,谷物/坚果,杂粮,1,1,verified,1,核心原生食材
540,麸皮,core_raw,540,谷物/坚果,杂粮,1,1,verified,1,核心原生食材
541,倭瓜,core_raw,541,蔬菜,瓜果,1,1,verified,1,核心原生食材
542,卞萝卜,core_raw,542,蔬菜,根茎,1,1,verified,1,核心原生食材
543,大薯,core_raw,543,蔬菜,其他蔬菜,1,1,verified,1,核心原生食材
544,抱子甘蓝,core_raw,544,蔬菜,其他蔬菜,1,1,verified,1,核心原生食材
545,木耳菜,core_raw,545,蔬菜,叶菜,1,1,verified,2,核心原生食材
546,枸杞叶,core_raw,546,蔬菜,其他蔬菜,1,1,verified,1,核心原生食材
547,洋槐花,core_raw,547,蔬菜,其他蔬菜,1,1,verified,1,核心原生食材
548,瓠瓜,core_raw,548,蔬菜,瓜果,1,1,verified,2,核心原生食材
549,甜菜头,core_raw,549,蔬菜,叶菜,1,1,verified,1,核心原生食材
550,白参,core_raw,550,蔬菜,其他蔬菜,1,1,verified,1,核心原生食材
551,白瓜,core_raw,551,蔬菜,瓜果,1,1,verified,1,核心原生食材
552,胡瓜,core_raw,552,蔬菜,瓜果,1,1,verified,1,核心原生食材
553,芥菜头,core_raw,553,蔬菜,叶菜,1,1,verified,1,核心原生食材
554,苜蓿,core_raw,554,蔬菜,其他蔬菜,1,1,verified,1,核心原生食材
555,苤蓝,core_raw,555,蔬菜,其他蔬菜,1,1,verified,1,核心原生食材
556,苦菜,core_raw,556,蔬菜,叶菜,1,1,verified,1,核心原生食材
557,莼菜,core_raw,557,蔬菜,叶菜,1,1,verified,1,核心原生食材
558,菊苣,core_raw,558,蔬菜,其他蔬菜,1,1,verified,1,核心原生食材
559,菱角,core_raw,559,蔬菜,其他蔬菜,1,1,verified,2,核心原生食材
560,豆薯,core_raw,560,蔬菜,鲜豆,1,1,verified,0,核心原生食材
561,酢浆草,core_raw,561,蔬菜,其他蔬菜,1,1,verified,0,核心原生食材
562,马齿苋,core_raw,562,蔬菜,其他蔬菜,1,1,verified,1,核心原生食材
563,黄芽白,core_raw,563,蔬菜,其他蔬菜,1,1,verified,1,核心原生食材
564,冬果梨,core_raw,564,水果,仁果,1,1,verified,0,核心原生食材
565,国光苹果,core_raw,565,水果,仁果,1,1,verified,0,核心原生食材
566,红富士苹果,core_raw,566,水果,仁果,1,1,verified,1,核心原生食材
567,牛展,core_raw,567,畜肉,牛,1,1,verified,1,核心原生食材
568,猪蹄筋,core_raw,568,畜肉,猪,1,1,verified,1,核心原生食材
569,马肉,core_raw,569,畜肉,其他畜肉,1,1,verified,1,核心原生食材
570,鸡血,core_raw,570,禽肉,鸡,1,1,verified,2,核心原生食材
571,凤尾鱼,core_raw,571,水产,鱼,1,1,verified,1,核心原生食材
572,南美白对虾,core_raw,572,水产,虾,1,1,verified,1,核心原生食材
573,墨鱼圈,core_raw,573,水产,鱼,1,1,verified,0,核心原生食材
574,大头虾,core_raw,574,水产,虾,1,1,verified,1,核心原生食材
575,沼虾,core_raw,575,水产,虾,1,1,verified,1,核心原生食材
576,海蚌,core_raw,576,水产,贝,1,1,verified,1,核心原生食材
577,海鲫鱼,core_raw,577,水产,鱼,1,1,verified,1,核心原生食材
578,海鳗,core_raw,578,水产,鱼,1,1,verified,1,核心原生食材
579,白条鱼,core_raw,579,水产,鱼,1,1,verified,1,核心原生食材
580,白鲢,core_raw,580,水产,其他水产,1,1,verified,1,核心原生食材
581,老板鱼,core_raw,581,水产,鱼,1,1,verified,1,核心原生食材
582,香梭鱼,core_raw,582,水产,鱼,1,1,verified,0,核心原生食材
583,鲑鱼,core_raw,583,水产,鱼,1,1,verified,2,核心原生食材
584,鲻鱼,core_raw,584,水产,鱼,1,1,verified,1,核心原生食材
585,石花菜,core_raw,585,菌菇藻类,菌菇,1,1,verified,1,核心原生食材
586,青大豆,core_raw,586,豆类,大豆,1,1,verified,0,核心原生食材
587,胡桃,core_raw,587,谷物/坚果,杂粮,1,1,verified,1,核心原生食材
588,葵花子,core_raw,588,谷物/坚果,杂粮,1,1,verified,0,核心原生食材
589,鸡腿,core_raw,589,禽肉,鸡,1,1,verified,253,核心原生食材
590,虾,core_raw,590,水产,虾,1,1,verified,188,核心原生食材
591,.-虾,other_food,,扩展食材,other_food,0,1,review,1,菜谱实际使用名称，待进一步规范
592,.作撒料香菜,other_food,,扩展食材,other_food,0,1,review,1,菜谱实际使用名称，待进一步规范
593,.你们根据爱好放鸡蛋,other_food,,扩展食材,other_food,0,1,review,1,菜谱实际使用名称，待进一步规范
594,.意大利面,processed,,扩展食材,processed,0,1,verified,1,加工、半成品、乳制品或饮品
595,.放你开心就好不重要白芝麻,other_food,,扩展食材,other_food,0,1,review,1,菜谱实际使用名称，待进一步规范
596,.根据个人喜好冰糖,other_food,,扩展食材,other_food,0,1,review,1,菜谱实际使用名称，待进一步规范
597,.清水,other_food,,扩展食材,other_food,0,1,review,1,菜谱实际使用名称，待进一步规范
598,.色拉油,seasoning,,扩展食材,seasoning,0,1,verified,1,调味料
599,.速食汤,other_food,,扩展食材,other_food,0,1,review,1,菜谱实际使用名称，待进一步规范
600,.量杯小米,other_food,,扩展食材,other_food,0,1,review,1,菜谱实际使用名称，待进一步规范
601,.陈醋,seasoning,,扩展食材,seasoning,0,1,verified,1,调味料
602,/,composite,,扩展食材,composite,0,1,review,4,疑似复合名称，组成未完全确认
603,/.我买是鸡腿肉鸡,composite,,扩展食材,composite,0,1,review,1,疑似复合名称，组成未完全确认
604,/一勺鸡精/鸡汁,composite,,扩展食材,composite,0,1,review,1,疑似复合名称，组成未完全确认
605,/一味蒜蓉酱,seasoning,,扩展食材,seasoning,0,1,verified,1,调味料
606,/一小撮盐,composite,,扩展食材,composite,0,1,review,1,疑似复合名称，组成未完全确认
607,/七两娃娃菜/豆苗,composite,,扩展食材,composite,0,1,review,1,疑似复合名称，组成未完全确认
608,/三色藜麦糙米,composite,,扩展食材,composite,0,1,review,1,疑似复合名称，组成未完全确认
609,/不吃辣可不放干辣椒/新鲜小米辣,seasoning,,扩展食材,seasoning,0,1,verified,1,调味料
610,/乌江榨菜丝,composite,,扩展食材,composite,0,1,review,1,疑似复合名称，组成未完全确认
611,/五香粉,composite,,扩展食材,composite,0,1,review,2,疑似复合名称，组成未完全确认
612,/八角,composite,,扩展食材,composite,0,1,review,1,疑似复合名称，组成未完全确认
613,/公鸡,composite,,扩展食材,composite,0,1,review,1,疑似复合名称，组成未完全确认
614,/冷鲜鸡,composite,,扩展食材,composite,0,1,review,1,疑似复合名称，组成未完全确认
615,/分成小朵西蓝花,composite,,扩展食材,composite,0,1,review,1,疑似复合名称，组成未完全确认
616,/剁椒,processed,,扩展食材,processed,0,1,verified,1,加工、半成品、乳制品或饮品
617,/十三香,composite,,扩展食材,composite,0,1,review,2,疑似复合名称，组成未完全确认
618,/南乳,composite,,扩展食材,composite,0,1,review,1,疑似复合名称，组成未完全确认
619,/味精,composite,,扩展食材,composite,0,1,review,2,疑似复合名称，组成未完全确认
620,/啤酒,seasoning,,扩展食材,seasoning,0,1,verified,6,调味料
621,/圆椒,composite,,扩展食材,composite,0,1,review,1,疑似复合名称，组成未完全确认
622,/大土豆,composite,,扩展食材,composite,0,1,review,1,疑似复合名称，组成未完全确认
623,/大豆奶油,seasoning,,扩展食材,seasoning,0,1,verified,1,调味料
624,/嫩豆腐,processed,,扩展食材,processed,0,1,verified,1,加工、半成品、乳制品或饮品
625,/孜然,composite,,扩展食材,composite,0,1,review,1,疑似复合名称，组成未完全确认
626,/宝宝咖喱,composite,,扩展食材,composite,0,1,review,1,疑似复合名称，组成未完全确认
627,/小苏打,composite,,扩展食材,composite,0,1,review,2,疑似复合名称，组成未完全确认
628,/小苏打粉,composite,,扩展食材,composite,0,1,review,1,疑似复合名称，组成未完全确认
629,/小茴香,composite,,扩展食材,composite,0,1,review,1,疑似复合名称，组成未完全确认
630,/干百里香,seasoning,,扩展食材,seasoning,0,1,verified,1,调味料
631,/干百里香碎,seasoning,,扩展食材,seasoning,0,1,verified,1,调味料
632,/干辣椒粉,seasoning,,扩展食材,seasoning,0,1,verified,1,调味料
633,/干银耳,composite,,扩展食材,composite,0,1,review,1,疑似复合名称，组成未完全确认
634,/康乐醋,seasoning,,扩展食材,seasoning,0,1,verified,1,调味料
635,/挂面,composite,,扩展食材,composite,0,1,review,1,疑似复合名称，组成未完全确认
636,/料酒,seasoning,,扩展食材,seasoning,0,1,verified,9,调味料
637,/日式高汤粉,composite,,扩展食材,composite,0,1,review,1,疑似复合名称，组成未完全确认
638,/普通面粉,processed,,扩展食材,processed,0,1,verified,1,加工、半成品、乳制品或饮品
639,/李锦记黑椒酱,seasoning,,扩展食材,seasoning,0,1,verified,1,调味料
640,/榨菜,composite,,扩展食材,composite,0,1,review,1,疑似复合名称，组成未完全确认
641,/橙子皮,composite,,扩展食材,composite,0,1,review,1,疑似复合名称，组成未完全确认
642,/水,composite,,扩展食材,composite,0,1,review,2,疑似复合名称，组成未完全确认
643,/沙葛/白薯,composite,,扩展食材,composite,0,1,review,1,疑似复合名称，组成未完全确认
644,/油,seasoning,,扩展食材,seasoning,0,1,verified,1,调味料
645,/泡椒,processed,,扩展食材,processed,0,1,verified,1,加工、半成品、乳制品或饮品
646,/浓汤宝,composite,,扩展食材,composite,0,1,review,1,疑似复合名称，组成未完全确认
647,/浓缩鸡汁,composite,,扩展食材,composite,0,1,review,1,疑似复合名称，组成未完全确认
648,/海底捞牛油火锅底料,composite,,扩展食材,composite,0,1,review,1,疑似复合名称，组成未完全确认
649,/淀粉,processed,,扩展食材,processed,0,1,verified,3,加工、半成品、乳制品或饮品
650,/淀粉水,processed,,扩展食材,processed,0,1,verified,1,加工、半成品、乳制品或饮品
651,/火锅底料,composite,,扩展食材,composite,0,1,review,3,疑似复合名称，组成未完全确认
652,/煲仔酱,seasoning,,扩展食材,seasoning,0,1,verified,1,调味料
653,/片/瓣葱姜蒜,composite,,扩展食材,composite,0,1,review,1,疑似复合名称，组成未完全确认
654,/牛肉粉,composite,,扩展食材,composite,0,1,review,1,疑似复合名称，组成未完全确认
655,/独蒜蒜,composite,,扩展食材,composite,0,1,review,1,疑似复合名称，组成未完全确认
656,/生姜泥,composite,,扩展食材,composite,0,1,review,1,疑似复合名称，组成未完全确认
657,/生抽,composite,,扩展食材,composite,0,1,review,11,疑似复合名称，组成未完全确认
658,/生粉,processed,,扩展食材,processed,0,1,verified,1,加工、半成品、乳制品或饮品
659,/白砂糖,composite,,扩展食材,composite,0,1,review,3,疑似复合名称，组成未完全确认
660,/白糖,composite,,扩展食材,composite,0,1,review,14,疑似复合名称，组成未完全确认
661,/白胡椒,composite,,扩展食材,composite,0,1,review,2,疑似复合名称，组成未完全确认
662,/白胡椒粉,composite,,扩展食材,composite,0,1,review,7,疑似复合名称，组成未完全确认
663,/白酒,seasoning,,扩展食材,seasoning,0,1,verified,1,调味料
664,/盐,composite,,扩展食材,composite,0,1,review,59,疑似复合名称，组成未完全确认
665,/盒装血豆腐,processed,,扩展食材,processed,0,1,verified,1,加工、半成品、乳制品或饮品
666,/砂糖,composite,,扩展食材,composite,0,1,review,1,疑似复合名称，组成未完全确认
667,/米醋,seasoning,,扩展食材,seasoning,0,1,verified,1,调味料
668,/精盐,composite,,扩展食材,composite,0,1,review,1,疑似复合名称，组成未完全确认
669,/糖,composite,,扩展食材,composite,0,1,review,30,疑似复合名称，组成未完全确认
670,/红椒粉,composite,,扩展食材,composite,0,1,review,1,疑似复合名称，组成未完全确认
671,/红烧酱油,seasoning,,扩展食材,seasoning,0,1,verified,1,调味料
672,/红糖,composite,,扩展食材,composite,0,1,review,1,疑似复合名称，组成未完全确认
673,/红菜椒,composite,,扩展食材,composite,0,1,review,1,疑似复合名称，组成未完全确认
674,/细砂糖,composite,,扩展食材,composite,0,1,review,1,疑似复合名称，组成未完全确认
675,/老抽,composite,,扩展食材,composite,0,1,review,24,疑似复合名称，组成未完全确认
676,/老鸡,composite,,扩展食材,composite,0,1,review,1,疑似复合名称，组成未完全确认
677,/耗油,seasoning,,扩展食材,seasoning,0,1,verified,2,调味料
678,/肉豆蔻粉,seasoning,,扩展食材,seasoning,0,1,verified,1,调味料
679,/胡椒粉,composite,,扩展食材,composite,0,1,review,4,疑似复合名称，组成未完全确认
680,/胡萝卜🥕,composite,,扩展食材,composite,0,1,review,1,疑似复合名称，组成未完全确认
681,/胡蘿蔔,composite,,扩展食材,composite,0,1,review,1,疑似复合名称，组成未完全确认
682,/腊鸭,composite,,扩展食材,composite,0,1,review,1,疑似复合名称，组成未完全确认
683,/自制熟油海椒,processed,,扩展食材,processed,0,1,verified,1,加工、半成品、乳制品或饮品
684,/花椒,composite,,扩展食材,composite,0,1,review,2,疑似复合名称，组成未完全确认
685,/花椒油,seasoning,,扩展食材,seasoning,0,1,verified,3,调味料
686,/花椒粉,composite,,扩展食材,composite,0,1,review,2,疑似复合名称，组成未完全确认
687,/花雕,composite,,扩展食材,composite,0,1,review,1,疑似复合名称，组成未完全确认
688,/莲花白,composite,,扩展食材,composite,0,1,review,1,疑似复合名称，组成未完全确认
689,/葫芦卜,composite,,扩展食材,composite,0,1,review,1,疑似复合名称，组成未完全确认
690,/蔬之鲜鸡精,composite,,扩展食材,composite,0,1,review,1,疑似复合名称，组成未完全确认
691,/蘑菇粉,composite,,扩展食材,composite,0,1,review,1,疑似复合名称，组成未完全确认
692,/蘑菇精,composite,,扩展食材,composite,0,1,review,5,疑似复合名称，组成未完全确认
693,/蚝油,seasoning,,扩展食材,seasoning,0,1,verified,19,调味料
694,/蜂蜜,composite,,扩展食材,composite,0,1,review,1,疑似复合名称，组成未完全确认
695,/豆瓣酱,seasoning,,扩展食材,seasoning,0,1,verified,1,调味料
696,/豆腐,processed,,扩展食材,processed,0,1,verified,1,加工、半成品、乳制品或饮品
697,/豆腐丝,processed,,扩展食材,processed,0,1,verified,1,加工、半成品、乳制品或饮品
698,/豆豉,composite,,扩展食材,composite,0,1,review,2,疑似复合名称，组成未完全确认
699,/豆豉辣椒,composite,,扩展食材,composite,0,1,review,1,疑似复合名称，组成未完全确认
700,/走地鸡,composite,,扩展食材,composite,0,1,review,1,疑似复合名称，组成未完全确认
701,/适量老抽,composite,,扩展食材,composite,0,1,review,1,疑似复合名称，组成未完全确认
702,/郫县豆瓣酱,seasoning,,扩展食材,seasoning,0,1,verified,1,调味料
703,/酱油,seasoning,,扩展食材,seasoning,0,1,verified,9,调味料
704,/醋,seasoning,,扩展食材,seasoning,0,1,verified,8,调味料
705,/金南瓜,composite,,扩展食材,composite,0,1,review,1,疑似复合名称，组成未完全确认
706,/陈醋,seasoning,,扩展食材,seasoning,0,1,verified,3,调味料
707,/雪碧,composite,,扩展食材,composite,0,1,review,1,疑似复合名称，组成未完全确认
708,/青木瓜,composite,,扩展食材,composite,0,1,review,1,疑似复合名称，组成未完全确认
709,/青笋,composite,,扩展食材,composite,0,1,review,1,疑似复合名称，组成未完全确认
710,/青红椒,composite,,扩展食材,composite,0,1,verified,1,明确多食材组合，组成见桥接表
711,/韩国泡菜,processed,,扩展食材,processed,0,1,verified,1,加工、半成品、乳制品或饮品
712,/食油,seasoning,,扩展食材,seasoning,0,1,verified,2,调味料
713,/食盐,composite,,扩展食材,composite,0,1,review,3,疑似复合名称，组成未完全确认
714,/香叶,composite,,扩展食材,composite,0,1,review,1,疑似复合名称，组成未完全确认
715,/香油,seasoning,,扩展食材,seasoning,0,1,verified,9,调味料
716,/香醋,seasoning,,扩展食材,seasoning,0,1,verified,3,调味料
717,/马铃薯淀粉,processed,,扩展食材,processed,0,1,verified,1,加工、半成品、乳制品或饮品
718,/鱼露,composite,,扩展食材,composite,0,1,review,3,疑似复合名称，组成未完全确认
719,/鸡,composite,,扩展食材,composite,0,1,review,2,疑似复合名称，组成未完全确认
720,/鸡粉,composite,,扩展食材,composite,0,1,review,1,疑似复合名称，组成未完全确认
721,/鸡精,composite,,扩展食材,composite,0,1,review,17,疑似复合名称，组成未完全确认
722,/鸡精或者白糖,composite,,扩展食材,composite,0,1,review,1,疑似复合名称，组成未完全确认
723,/鸭,composite,,扩展食材,composite,0,1,review,1,疑似复合名称，组成未完全确认
724,/鸭架子,composite,,扩展食材,composite,0,1,review,1,疑似复合名称，组成未完全确认
725,/鹅,composite,,扩展食材,composite,0,1,review,1,疑似复合名称，组成未完全确认
726,/麻椒,seasoning,,扩展食材,seasoning,0,1,verified,1,调味料
727,/麻油,seasoning,,扩展食材,seasoning,0,1,verified,3,调味料
728,/麻辣香锅底料,composite,,扩展食材,composite,0,1,review,1,疑似复合名称，组成未完全确认
729,/黄记煌海鲜汁,composite,,扩展食材,composite,0,1,review,1,疑似复合名称，组成未完全确认
730,/黄记煌酱汁,composite,,扩展食材,composite,0,1,review,1,疑似复合名称，组成未完全确认
731,/黑胡椒,composite,,扩展食材,composite,0,1,review,1,疑似复合名称，组成未完全确认
732,/黑胡椒粉,composite,,扩展食材,composite,0,1,review,1,疑似复合名称，组成未完全确认
733,______腌肉调料,seasoning,,扩展食材,seasoning,0,1,verified,1,调味料
734,______鱼香汁调制,other_food,,扩展食材,other_food,0,1,review,1,菜谱实际使用名称，待进一步规范
735,_干辣椒,seasoning,,扩展食材,seasoning,0,1,verified,1,调味料
736,·淀粉,processed,,扩展食材,processed,0,1,verified,1,加工、半成品、乳制品或饮品
737,¼个包菜,other_food,,扩展食材,other_food,0,1,review,1,菜谱实际使用名称，待进一步规范
738,¼个洋葱切丝,other_food,,扩展食材,other_food,0,1,review,1,菜谱实际使用名称，待进一步规范
739,¼个荔浦芋头,other_food,,扩展食材,other_food,0,1,review,1,菜谱实际使用名称，待进一步规范
740,¼勺鸡精,other_food,,扩展食材,other_food,0,1,review,1,菜谱实际使用名称，待进一步规范
741,¼根胡萝卜,other_food,,扩展食材,other_food,0,1,review,1,菜谱实际使用名称，待进一步规范
742,¼根葱,other_food,,扩展食材,other_food,0,1,review,1,菜谱实际使用名称，待进一步规范
743,¼根黄瓜,other_food,,扩展食材,other_food,0,1,review,1,菜谱实际使用名称，待进一步规范
744,¼颗辣白菜,other_food,,扩展食材,other_food,0,1,review,1,菜谱实际使用名称，待进一步规范
745,½~盐,other_food,,扩展食材,other_food,0,1,review,1,菜谱实际使用名称，待进一步规范
746,½勺料酒,seasoning,,扩展食材,seasoning,0,1,verified,1,调味料
747,½根小葱,other_food,,扩展食材,other_food,0,1,review,1,菜谱实际使用名称，待进一步规范
748,½根芹菜,other_food,,扩展食材,other_food,0,1,review,1,菜谱实际使用名称，待进一步规范
749,½根葱,other_food,,扩展食材,other_food,0,1,review,1,菜谱实际使用名称，待进一步规范
750,½瓷勺酱油,seasoning,,扩展食材,seasoning,0,1,verified,1,调味料
751,–生抽,other_food,,扩展食材,other_food,0,1,review,1,菜谱实际使用名称，待进一步规范
752,–盐,other_food,,扩展食材,other_food,0,1,review,1,菜谱实际使用名称，待进一步规范
753,–鸡蛋,other_food,,扩展食材,other_food,0,1,review,1,菜谱实际使用名称，待进一步规范
754,―盐,other_food,,扩展食材,other_food,0,1,review,1,菜谱实际使用名称，待进一步规范
755,“勺”是指家家都陶瓷汤勺,other_food,,扩展食材,other_food,0,1,review,1,菜谱实际使用名称，待进一步规范
756,“回锅肉”量,other_food,,扩展食材,other_food,0,1,review,1,菜谱实际使用名称，待进一步规范
757,“太太乐”“酱大师”豆豉酱,seasoning,,扩展食材,seasoning,0,1,verified,1,调味料
758,“太太乐”美美椒调味料,seasoning,,扩展食材,seasoning,0,1,verified,1,调味料
759,“太太乐”芝麻香油,seasoning,,扩展食材,seasoning,0,1,verified,1,调味料
760,“太太乐”酱油,seasoning,,扩展食材,seasoning,0,1,verified,1,调味料
761,“太太乐”鲜鸡汁调味料,seasoning,,扩展食材,seasoning,0,1,verified,1,调味料
762,“太太乐”鸡精调味料,seasoning,,扩展食材,seasoning,0,1,verified,1,调味料
763,“太太乐原味鲜”小炒鲜酱油,seasoning,,扩展食材,seasoning,0,1,verified,1,调味料
764,“太太乐原味鲜”特级红烧酱油,seasoning,,扩展食材,seasoning,0,1,verified,2,调味料
765,……勺子指是一般家炒菜勺接下来是调料哦,other_food,,扩展食材,other_food,0,1,review,1,菜谱实际使用名称，待进一步规范
766,⃣️个八角,other_food,,扩展食材,other_food,0,1,review,1,菜谱实际使用名称，待进一步规范
767,⃣️勺生抽,other_food,,扩展食材,other_food,0,1,review,1,菜谱实际使用名称，待进一步规范
768,⃣️条鱼,other_food,,扩展食材,other_food,0,1,review,1,菜谱实际使用名称，待进一步规范
769,⃣️根葱,other_food,,扩展食材,other_food,0,1,review,1,菜谱实际使用名称，待进一步规范
770,→去皮净重马蹄,other_food,,扩展食材,other_food,0,1,review,1,菜谱实际使用名称，待进一步规范
771,↔鸭胸肉,other_food,,扩展食材,other_food,0,1,review,1,菜谱实际使用名称，待进一步规范
772,∨料汁,other_food,,扩展食材,other_food,0,1,review,1,菜谱实际使用名称，待进一步规范
773,∨鱼香料,other_food,,扩展食材,other_food,0,1,review,1,菜谱实际使用名称，待进一步规范
774,⑦瓣蒜,other_food,,扩展食材,other_food,0,1,review,1,菜谱实际使用名称，待进一步规范
775,●味醂,other_food,,扩展食材,other_food,0,1,review,1,菜谱实际使用名称，待进一步规范
776,●水,other_food,,扩展食材,other_food,0,1,review,1,菜谱实际使用名称，待进一步规范
777,●砂糖,other_food,,扩展食材,other_food,0,1,review,1,菜谱实际使用名称，待进一步规范
778,●酒,seasoning,,扩展食材,seasoning,0,1,verified,1,调味料
779,●高汤,other_food,,扩展食材,other_food,0,1,review,1,菜谱实际使用名称，待进一步规范
780,➕白糖,other_food,,扩展食材,other_food,0,1,review,1,菜谱实际使用名称，待进一步规范
781,⬇️佐料,other_food,,扩展食材,other_food,0,1,review,1,菜谱实际使用名称，待进一步规范
782,⬇️食材,other_food,,扩展食材,other_food,0,1,review,1,菜谱实际使用名称，待进一步规范
783,⭐难度,other_food,,扩展食材,other_food,0,1,review,1,菜谱实际使用名称，待进一步规范
784,⭐️勾芡⭐️,other_food,,扩展食材,other_food,0,1,review,1,菜谱实际使用名称，待进一步规范
785,⭐️煮饭⭐️,other_food,,扩展食材,other_food,0,1,review,1,菜谱实际使用名称，待进一步规范
786,「喜欢吃多几个也可以」牛肉丸,processed,,扩展食材,processed,0,1,verified,1,加工、半成品、乳制品或饮品
787,「根据自己咸淡定味」食盐,other_food,,扩展食材,other_food,0,1,review,1,菜谱实际使用名称，待进一步规范
788,一丁点五香粉,other_food,,扩展食材,other_food,0,1,review,1,菜谱实际使用名称，待进一步规范
789,一丁点胡椒粉,other_food,,扩展食材,other_food,0,1,review,1,菜谱实际使用名称，待进一步规范
790,一丁点醋,seasoning,,扩展食材,seasoning,0,1,verified,1,调味料
791,一丢丢,other_food,,扩展食材,other_food,0,1,review,1,菜谱实际使用名称，待进一步规范
792,一丢丢五香粉,seasoning,,扩展食材,seasoning,0,1,verified,1,调味料
793,一丢丢克猪肉,other_food,,扩展食材,other_food,0,1,review,1,菜谱实际使用名称，待进一步规范
794,一丢丢克盐,other_food,,扩展食材,other_food,0,1,review,1,菜谱实际使用名称，待进一步规范
795,一丢丢勺鸡精,other_food,,扩展食材,other_food,0,1,review,1,菜谱实际使用名称，待进一步规范
796,一丢丢十三香,other_food,,扩展食材,other_food,0,1,review,1,菜谱实际使用名称，待进一步规范
797,一丢丢味达美,other_food,,扩展食材,other_food,0,1,review,1,菜谱实际使用名称，待进一步规范
798,一丢丢小苏打粉,other_food,,扩展食材,other_food,0,1,review,1,菜谱实际使用名称，待进一步规范
799,一丢丢小茴香,other_food,,扩展食材,other_food,0,1,review,1,菜谱实际使用名称，待进一步规范
800,一丢丢干淀粉,processed,,扩展食材,processed,0,1,verified,1,加工、半成品、乳制品或饮品
801,一丢丢提鲜糖,other_food,,扩展食材,other_food,0,1,review,1,菜谱实际使用名称，待进一步规范
802,一丢丢料酒,seasoning,,扩展食材,seasoning,0,1,verified,1,调味料
803,一丢丢椰子粉,other_food,,扩展食材,other_food,0,1,review,1,菜谱实际使用名称，待进一步规范
804,一丢丢水,other_food,,扩展食材,other_food,0,1,review,1,菜谱实际使用名称，待进一步规范
805,一丢丢生抽,seasoning,,扩展食材,seasoning,0,1,verified,1,调味料
806,一丢丢白糖,other_food,,扩展食材,other_food,0,1,review,6,菜谱实际使用名称，待进一步规范
807,一丢丢盐,seasoning,,扩展食材,seasoning,0,1,verified,12,调味料
808,一丢丢米酒,seasoning,,扩展食材,seasoning,0,1,verified,1,调味料
809,一丢丢米醋,seasoning,,扩展食材,seasoning,0,1,verified,1,调味料
810,一丢丢糖,seasoning,,扩展食材,seasoning,0,1,verified,7,调味料
811,一丢丢老抽,other_food,,扩展食材,other_food,0,1,review,4,菜谱实际使用名称，待进一步规范
812,一丢丢耗油,seasoning,,扩展食材,seasoning,0,1,verified,3,调味料
813,一丢丢胡椒粉,seasoning,,扩展食材,seasoning,0,1,verified,2,调味料
814,一丢丢胡萝卜,other_food,,扩展食材,other_food,0,1,review,1,菜谱实际使用名称，待进一步规范
815,一丢丢芝麻油,seasoning,,扩展食材,seasoning,0,1,verified,1,调味料
816,一丢丢葱,other_food,,扩展食材,other_food,0,1,review,2,菜谱实际使用名称，待进一步规范
817,一丢丢蒜沫沫,other_food,,扩展食材,other_food,0,1,review,1,菜谱实际使用名称，待进一步规范
818,一丢丢蒜瓣,other_food,,扩展食材,other_food,0,1,review,1,菜谱实际使用名称，待进一步规范
819,一丢丢酱油,seasoning,,扩展食材,seasoning,0,1,verified,1,调味料
820,一丢丢醋/柠檬汁,composite,,扩展食材,composite,0,1,review,1,疑似复合名称，组成未完全确认
821,一丢丢陈醋,seasoning,,扩展食材,seasoning,0,1,verified,1,调味料
822,一丢丢马苏里拉芝士,processed,,扩展食材,processed,0,1,verified,1,加工、半成品、乳制品或饮品
823,一丢丢鸡精,seasoning,,扩展食材,seasoning,0,1,verified,2,调味料
824,一丢丢黑胡椒,seasoning,,扩展食材,seasoning,0,1,verified,2,调味料
825,一丢丢黑胡椒粉,other_food,,扩展食材,other_food,0,1,review,1,菜谱实际使用名称，待进一步规范
826,一两粉丝,processed,,扩展食材,processed,0,1,verified,1,加工、半成品、乳制品或饮品
827,一两茶树菇,other_food,,扩展食材,other_food,0,1,review,1,菜谱实际使用名称，待进一步规范
828,一两香菜,other_food,,扩展食材,other_food,0,1,review,1,菜谱实际使用名称，待进一步规范
829,一中碗米饭,processed,,扩展食材,processed,0,1,verified,1,加工、半成品、乳制品或饮品
830,一冬笋,other_food,,扩展食材,other_food,0,1,review,1,菜谱实际使用名称，待进一步规范
831,一刀尖白胡椒粉,other_food,,扩展食材,other_food,0,1,review,1,菜谱实际使用名称，待进一步规范
832,一切二茼蒿/皇帝菜,composite,,扩展食材,composite,0,1,review,1,疑似复合名称，组成未完全确认
833,一勺蚝油,seasoning,,扩展食材,seasoning,0,1,verified,1,调味料
834,一匙剁椒,processed,,扩展食材,processed,0,1,verified,1,加工、半成品、乳制品或饮品
835,一匙料酒,seasoning,,扩展食材,seasoning,0,1,verified,1,调味料
836,一匙生抽,other_food,,扩展食材,other_food,0,1,review,3,菜谱实际使用名称，待进一步规范
837,一匙白糖,other_food,,扩展食材,other_food,0,1,review,1,菜谱实际使用名称，待进一步规范
838,一匙白醋,seasoning,,扩展食材,seasoning,0,1,verified,1,调味料
839,一匙盐,other_food,,扩展食材,other_food,0,1,review,2,菜谱实际使用名称，待进一步规范
840,一匙糖,other_food,,扩展食材,other_food,0,1,review,1,菜谱实际使用名称，待进一步规范
841,一匙老抽,other_food,,扩展食材,other_food,0,1,review,1,菜谱实际使用名称，待进一步规范
842,一匙蚝油,seasoning,,扩展食材,seasoning,0,1,verified,1,调味料
843,一匙香油,seasoning,,扩展食材,seasoning,0,1,verified,1,调味料
844,一匙黑胡椒汁,other_food,,扩展食材,other_food,0,1,review,1,菜谱实际使用名称，待进一步规范
845,一半圆南瓜,other_food,,扩展食材,other_food,0,1,review,1,菜谱实际使用名称，待进一步规范
846,一半洋葱,other_food,,扩展食材,other_food,0,1,review,1,菜谱实际使用名称，待进一步规范
847,一半火锅底料,other_food,,扩展食材,other_food,0,1,review,1,菜谱实际使用名称，待进一步规范
848,一半鸡肉,other_food,,扩展食材,other_food,0,1,review,1,菜谱实际使用名称，待进一步规范
849,一口黄酒,seasoning,,扩展食材,seasoning,0,1,verified,1,调味料
850,一叶白菜白菜,other_food,,扩展食材,other_food,0,1,review,1,菜谱实际使用名称，待进一步规范
851,一品鲜,other_food,,扩展食材,other_food,0,1,review,3,菜谱实际使用名称，待进一步规范
852,一品鲜生抽,seasoning,,扩展食材,seasoning,0,1,verified,1,调味料
853,一品鲜酱油,seasoning,,扩展食材,seasoning,0,1,verified,5,调味料
854,一圈料酒,seasoning,,扩展食材,seasoning,0,1,verified,1,调味料
855,一圈生抽,seasoning,,扩展食材,seasoning,0,1,verified,1,调味料
856,一土豆,other_food,,扩展食材,other_food,0,1,review,1,菜谱实际使用名称，待进一步规范
857,一堆香菇,other_food,,扩展食材,other_food,0,1,review,1,菜谱实际使用名称，待进一步规范
858,一壶开水,other_food,,扩展食材,other_food,0,1,review,2,菜谱实际使用名称，待进一步规范
859,一大份拆骨肉,other_food,,扩展食材,other_food,0,1,review,1,菜谱实际使用名称，待进一步规范
860,一大半蒜瓣蒜头,other_food,,扩展食材,other_food,0,1,review,1,菜谱实际使用名称，待进一步规范
861,一大坨大蒜,other_food,,扩展食材,other_food,0,1,review,1,菜谱实际使用名称，待进一步规范
862,一大大勺浓缩橙汁儿,other_food,,扩展食材,other_food,0,1,review,1,菜谱实际使用名称，待进一步规范
863,一大撮虾皮,processed,,扩展食材,processed,0,1,verified,1,加工、半成品、乳制品或饮品
864,一大棵生菜,other_food,,扩展食材,other_food,0,1,review,1,菜谱实际使用名称，待进一步规范
865,一大段葱葱,other_food,,扩展食材,other_food,0,1,review,1,菜谱实际使用名称，待进一步规范
866,一大汤勺,other_food,,扩展食材,other_food,0,1,review,1,菜谱实际使用名称，待进一步规范
867,一大汤勺酸菜,processed,,扩展食材,processed,0,1,verified,1,加工、半成品、乳制品或饮品
868,一大滴蚝油,seasoning,,扩展食材,seasoning,0,1,verified,1,调味料
869,一大盆豆芽,other_food,,扩展食材,other_food,0,1,review,1,菜谱实际使用名称，待进一步规范
870,一大盘豆芽,other_food,,扩展食材,other_food,0,1,review,1,菜谱实际使用名称，待进一步规范
871,一大碗凉白开,other_food,,扩展食材,other_food,0,1,review,1,菜谱实际使用名称，待进一步规范
872,一大碗热水,other_food,,扩展食材,other_food,0,1,review,1,菜谱实际使用名称，待进一步规范
873,一大碗牛奶,processed,,扩展食材,processed,0,1,verified,1,加工、半成品、乳制品或饮品
874,一大碗猪骨高汤,other_food,,扩展食材,other_food,0,1,review,1,菜谱实际使用名称，待进一步规范
875,一大碗肉汤或者白水,composite,,扩展食材,composite,0,1,review,1,疑似复合名称，组成未完全确认
876,一大碗面粉,processed,,扩展食材,processed,0,1,verified,1,加工、半成品、乳制品或饮品
877,一大碗饭,other_food,,扩展食材,other_food,0,1,review,1,菜谱实际使用名称，待进一步规范
878,一大碗魔芋粉丝,processed,,扩展食材,processed,0,1,verified,1,加工、半成品、乳制品或饮品
879,一定要,other_food,,扩展食材,other_food,0,1,review,1,菜谱实际使用名称，待进一步规范
880,一定要是小葱没可不放小葱末,other_food,,扩展食材,other_food,0,1,review,1,菜谱实际使用名称，待进一步规范
881,一对猪腰,other_food,,扩展食材,other_food,0,1,review,1,菜谱实际使用名称，待进一步规范
882,一小包榨菜,other_food,,扩展食材,other_food,0,1,review,1,菜谱实际使用名称，待进一步规范
883,一小包泡椒,processed,,扩展食材,processed,0,1,verified,1,加工、半成品、乳制品或饮品
884,一小包火锅底料,other_food,,扩展食材,other_food,0,1,review,1,菜谱实际使用名称，待进一步规范
885,一小嘬糖,other_food,,扩展食材,other_food,0,1,review,1,菜谱实际使用名称，待进一步规范
886,一小坨姜,other_food,,扩展食材,other_food,0,1,review,1,菜谱实际使用名称，待进一步规范
887,一小小勺鲍鱼汁,other_food,,扩展食材,other_food,0,1,review,1,菜谱实际使用名称，待进一步规范
888,一小截儿胡萝卜,other_food,,扩展食材,other_food,0,1,review,1,菜谱实际使用名称，待进一步规范
889,一小截大葱,other_food,,扩展食材,other_food,0,1,review,3,菜谱实际使用名称，待进一步规范
890,一小截桂皮,other_food,,扩展食材,other_food,0,1,review,1,菜谱实际使用名称，待进一步规范
891,一小扎粉丝,processed,,扩展食材,processed,0,1,verified,1,加工、半成品、乳制品或饮品
892,一小捆青菜,other_food,,扩展食材,other_food,0,1,review,1,菜谱实际使用名称，待进一步规范
893,一小捧九层塔,other_food,,扩展食材,other_food,0,1,review,1,菜谱实际使用名称，待进一步规范
894,一小撮丁香,other_food,,扩展食材,other_food,0,1,review,1,菜谱实际使用名称，待进一步规范
895,一小撮三七,other_food,,扩展食材,other_food,0,1,review,1,菜谱实际使用名称，待进一步规范
896,一小撮五香粉,other_food,,扩展食材,other_food,0,1,review,1,菜谱实际使用名称，待进一步规范
897,一小撮可不放盐,other_food,,扩展食材,other_food,0,1,review,1,菜谱实际使用名称，待进一步规范
898,一小撮小茴香,other_food,,扩展食材,other_food,0,1,review,1,菜谱实际使用名称，待进一步规范
899,一小撮干辣椒,seasoning,,扩展食材,seasoning,0,1,verified,1,调味料
900,一小撮或更多孜然粒,composite,,扩展食材,composite,0,1,review,1,疑似复合名称，组成未完全确认
901,一小撮或盐,composite,,扩展食材,composite,0,1,review,1,疑似复合名称，组成未完全确认
902,一小撮海盐,seasoning,,扩展食材,seasoning,0,1,verified,1,调味料
903,一小撮淀粉,processed,,扩展食材,processed,0,1,verified,1,加工、半成品、乳制品或饮品
904,一小撮玉米粒,other_food,,扩展食材,other_food,0,1,review,1,菜谱实际使用名称，待进一步规范
905,一小撮白砂糖,other_food,,扩展食材,other_food,0,1,review,1,菜谱实际使用名称，待进一步规范
906,一小撮白糖,other_food,,扩展食材,other_food,0,1,review,1,菜谱实际使用名称，待进一步规范
907,一小撮白胡椒粉,other_food,,扩展食材,other_food,0,1,review,2,菜谱实际使用名称，待进一步规范
908,一小撮盐,seasoning,,扩展食材,seasoning,0,1,verified,8,调味料
909,一小撮糖,seasoning,,扩展食材,seasoning,0,1,verified,5,调味料
910,一小撮花旗参,other_food,,扩展食材,other_food,0,1,review,1,菜谱实际使用名称，待进一步规范
911,一小撮花椒,seasoning,,扩展食材,seasoning,0,1,verified,8,调味料
912,一小撮花椒粉,other_food,,扩展食材,other_food,0,1,review,2,菜谱实际使用名称，待进一步规范
913,一小撮花椒粒,other_food,,扩展食材,other_food,0,1,review,1,菜谱实际使用名称，待进一步规范
914,一小撮虫草花,other_food,,扩展食材,other_food,0,1,review,1,菜谱实际使用名称，待进一步规范
915,一小撮虾皮,processed,,扩展食材,processed,0,1,verified,2,加工、半成品、乳制品或饮品
916,一小撮食盐,other_food,,扩展食材,other_food,0,1,review,2,菜谱实际使用名称，待进一步规范
917,一小撮麻椒,seasoning,,扩展食材,seasoning,0,1,verified,1,调味料
918,一小撮黑胡椒,seasoning,,扩展食材,seasoning,0,1,verified,2,调味料
919,一小杯开水,other_food,,扩展食材,other_food,0,1,review,1,菜谱实际使用名称，待进一步规范
920,一小杯料酒,seasoning,,扩展食材,seasoning,0,1,verified,1,调味料
921,一小杯牛奶,processed,,扩展食材,processed,0,1,verified,1,加工、半成品、乳制品或饮品
922,一小杯白葡萄酒,seasoning,,扩展食材,seasoning,0,1,verified,1,调味料
923,一小柳韭菜,other_food,,扩展食材,other_food,0,1,review,1,菜谱实际使用名称，待进一步规范
924,一小棵包菜,other_food,,扩展食材,other_food,0,1,review,1,菜谱实际使用名称，待进一步规范
925,一小棵白菜,other_food,,扩展食材,other_food,0,1,review,1,菜谱实际使用名称，待进一步规范
926,一小棵西兰花,other_food,,扩展食材,other_food,0,1,review,1,菜谱实际使用名称，待进一步规范
927,一小段大葱,other_food,,扩展食材,other_food,0,1,review,7,菜谱实际使用名称，待进一步规范
928,一小段大葱白段,other_food,,扩展食材,other_food,0,1,review,1,菜谱实际使用名称，待进一步规范
929,一小段桂皮,other_food,,扩展食材,other_food,0,1,review,3,菜谱实际使用名称，待进一步规范
930,一小段火腿,processed,,扩展食材,processed,0,1,verified,1,加工、半成品、乳制品或饮品
931,一小段胡萝卜,other_food,,扩展食材,other_food,0,1,review,4,菜谱实际使用名称，待进一步规范
932,一小段萝卜,other_food,,扩展食材,other_food,0,1,review,1,菜谱实际使用名称，待进一步规范
933,一小段葱,other_food,,扩展食材,other_food,0,1,review,22,菜谱实际使用名称，待进一步规范
934,一小淀粉,processed,,扩展食材,processed,0,1,verified,1,加工、半成品、乳制品或饮品
935,一小点十三香,other_food,,扩展食材,other_food,0,1,review,2,菜谱实际使用名称，待进一步规范
936,一小点盐,other_food,,扩展食材,other_food,0,1,review,1,菜谱实际使用名称，待进一步规范
937,一小点郫县豆瓣,other_food,,扩展食材,other_food,0,1,review,1,菜谱实际使用名称，待进一步规范
938,一小盆面粉,processed,,扩展食材,processed,0,1,verified,1,加工、半成品、乳制品或饮品
939,一小盐,other_food,,扩展食材,other_food,0,1,review,1,菜谱实际使用名称，待进一步规范
940,一小盒南瓜泥,other_food,,扩展食材,other_food,0,1,review,1,菜谱实际使用名称，待进一步规范
941,一小盘量,other_food,,扩展食材,other_food,0,1,review,1,菜谱实际使用名称，待进一步规范
942,一小碗,other_food,,扩展食材,other_food,0,1,review,1,菜谱实际使用名称，待进一步规范
943,一小碗#米饭,processed,,扩展食材,processed,0,1,verified,1,加工、半成品、乳制品或饮品
944,一小碗人参酒,seasoning,,扩展食材,seasoning,0,1,verified,1,调味料
945,一小碗外婆菜,other_food,,扩展食材,other_food,0,1,review,1,菜谱实际使用名称，待进一步规范
946,一小碗小银鱼干,processed,,扩展食材,processed,0,1,verified,1,加工、半成品、乳制品或饮品
947,一小碗料酒,seasoning,,扩展食材,seasoning,0,1,verified,2,调味料
948,一小碗水,other_food,,扩展食材,other_food,0,1,review,1,菜谱实际使用名称，待进一步规范
949,一小碗水淀粉,processed,,扩展食材,processed,0,1,verified,2,加工、半成品、乳制品或饮品
950,一小碗油,seasoning,,扩展食材,seasoning,0,1,verified,1,调味料
951,一小碗泡椒,processed,,扩展食材,processed,0,1,verified,2,加工、半成品、乳制品或饮品
952,一小碗泡菜猪肉馅,processed,,扩展食材,processed,0,1,verified,1,加工、半成品、乳制品或饮品
953,一小碗泡菜盐水,processed,,扩展食材,processed,0,1,verified,1,加工、半成品、乳制品或饮品
954,一小碗淘米水/水,composite,,扩展食材,composite,0,1,review,1,疑似复合名称，组成未完全确认
955,一小碗清水,other_food,,扩展食材,other_food,0,1,review,1,菜谱实际使用名称，待进一步规范
956,一小碗熟海虹肉,processed,,扩展食材,processed,0,1,verified,1,加工、半成品、乳制品或饮品
957,一小碗牛肉末,other_food,,扩展食材,other_food,0,1,review,1,菜谱实际使用名称，待进一步规范
958,一小碗玉木耳,other_food,,扩展食材,other_food,0,1,review,1,菜谱实际使用名称，待进一步规范
959,一小碗肉丝,other_food,,扩展食材,other_food,0,1,review,1,菜谱实际使用名称，待进一步规范
960,一小碗肉松,processed,,扩展食材,processed,0,1,verified,1,加工、半成品、乳制品或饮品
961,一小碗腊瘦肉,other_food,,扩展食材,other_food,0,1,review,1,菜谱实际使用名称，待进一步规范
962,一小碗葱姜蒜,composite,,扩展食材,composite,0,1,verified,1,明确多食材组合，组成见桥接表
963,一小碗豆浆渣,processed,,扩展食材,processed,0,1,verified,1,加工、半成品、乳制品或饮品
964,一小碗辣白菜,other_food,,扩展食材,other_food,0,1,review,1,菜谱实际使用名称，待进一步规范
965,一小碗郫县豆瓣,other_food,,扩展食材,other_food,0,1,review,1,菜谱实际使用名称，待进一步规范
966,一小碗面包糠,processed,,扩展食材,processed,0,1,verified,1,加工、半成品、乳制品或饮品
967,一小碗骨汤,other_food,,扩展食材,other_food,0,1,review,1,菜谱实际使用名称，待进一步规范
968,一小碗鱼干,processed,,扩展食材,processed,0,1,verified,1,加工、半成品、乳制品或饮品
969,一小碗鸡高汤,other_food,,扩展食材,other_food,0,1,review,1,菜谱实际使用名称，待进一步规范
970,一小碗黄飞红香脆椒,other_food,,扩展食材,other_food,0,1,review,1,菜谱实际使用名称，待进一步规范
971,一小碟豆瓣酱,seasoning,,扩展食材,seasoning,0,1,verified,1,调味料
972,一小碟高粱酒,seasoning,,扩展食材,seasoning,0,1,verified,1,调味料
973,一小绺,other_food,,扩展食材,other_food,0,1,review,1,菜谱实际使用名称，待进一步规范
974,一小节夜开花,other_food,,扩展食材,other_food,0,1,review,1,菜谱实际使用名称，待进一步规范
975,一小节大葱,other_food,,扩展食材,other_food,0,1,review,1,菜谱实际使用名称，待进一步规范
976,一小节红萝卜,other_food,,扩展食材,other_food,0,1,review,1,菜谱实际使用名称，待进一步规范
977,一小节胡萝卜,other_food,,扩展食材,other_food,0,1,review,1,菜谱实际使用名称，待进一步规范
978,一小节莲藕,other_food,,扩展食材,other_food,0,1,review,1,菜谱实际使用名称，待进一步规范
979,一小蝶胡萝卜黄瓜拌菜,other_food,,扩展食材,other_food,0,1,review,1,菜谱实际使用名称，待进一步规范
980,一小蝶蒜蓉,other_food,,扩展食材,other_food,0,1,review,1,菜谱实际使用名称，待进一步规范
981,一小袋冰糖,other_food,,扩展食材,other_food,0,1,review,1,菜谱实际使用名称，待进一步规范
982,一小袋番茄酱,seasoning,,扩展食材,seasoning,0,1,verified,1,调味料
983,一小部分生菜,other_food,,扩展食材,other_food,0,1,review,1,菜谱实际使用名称，待进一步规范
984,一小部分紫甘蓝,other_food,,扩展食材,other_food,0,1,review,1,菜谱实际使用名称，待进一步规范
985,一小部分胡萝卜,other_food,,扩展食材,other_food,0,1,review,1,菜谱实际使用名称，待进一步规范
986,一尾大鱼尾巴骨头,other_food,,扩展食材,other_food,0,1,review,1,菜谱实际使用名称，待进一步规范
987,一层洋葱,other_food,,扩展食材,other_food,0,1,review,1,菜谱实际使用名称，待进一步规范
988,一平勺料酒,seasoning,,扩展食材,seasoning,0,1,verified,1,调味料
989,一平碗海米,processed,,扩展食材,processed,0,1,verified,1,加工、半成品、乳制品或饮品
990,一或紫薯,composite,,扩展食材,composite,0,1,review,1,疑似复合名称，组成未完全确认
991,一截大葱,other_food,,扩展食材,other_food,0,1,review,2,菜谱实际使用名称，待进一步规范
992,一截胡萝卜,other_food,,扩展食材,other_food,0,1,review,1,菜谱实际使用名称，待进一步规范
993,一抓黄豆,other_food,,扩展食材,other_food,0,1,review,1,菜谱实际使用名称，待进一步规范
994,一拇指长葱,other_food,,扩展食材,other_food,0,1,review,1,菜谱实际使用名称，待进一步规范
995,一指长葱,other_food,,扩展食材,other_food,0,1,review,1,菜谱实际使用名称，待进一步规范
996,一搓小茴香,other_food,,扩展食材,other_food,0,1,review,1,菜谱实际使用名称，待进一步规范
997,一搓枸杞,other_food,,扩展食材,other_food,0,1,review,1,菜谱实际使用名称，待进一步规范
998,一支刷子,non_food,,扩展食材,non_food,0,0,review,1,疑似工具、包装或操作说明
999,一支干红辣椒,other_food,,扩展食材,other_food,0,1,review,1,菜谱实际使用名称，待进一步规范
1000,一支春笋,other_food,,扩展食材,other_food,0,1,review,1,菜谱实际使用名称，待进一步规范
1001,一支葱,other_food,,扩展食材,other_food,0,1,review,1,菜谱实际使用名称，待进一步规范
1002,一支辣椒,other_food,,扩展食材,other_food,0,1,review,1,菜谱实际使用名称，待进一步规范
1003,一支长茄子,other_food,,扩展食材,other_food,0,1,review,1,菜谱实际使用名称，待进一步规范
1004,一整只鸡,other_food,,扩展食材,other_food,0,1,review,1,菜谱实际使用名称，待进一步规范
1005,一整头蒜蒜蓉,other_food,,扩展食材,other_food,0,1,review,1,菜谱实际使用名称，待进一步规范
1006,一整根葱量葱段,other_food,,扩展食材,other_food,0,1,review,1,菜谱实际使用名称，待进一步规范
1007,一整节藕,other_food,,扩展食材,other_food,0,1,review,1,菜谱实际使用名称，待进一步规范
1008,一料勺盐,other_food,,扩展食材,other_food,0,1,review,1,菜谱实际使用名称，待进一步规范
1009,一料勺鸡精,other_food,,扩展食材,other_food,0,1,review,1,菜谱实际使用名称，待进一步规范
1010,一斤半新鲜基围虾,other_food,,扩展食材,other_food,0,1,review,1,菜谱实际使用名称，待进一步规范
1011,一斤多土豆,other_food,,扩展食材,other_food,0,1,review,1,菜谱实际使用名称，待进一步规范
1012,一斤猪肉,other_food,,扩展食材,other_food,0,1,review,1,菜谱实际使用名称，待进一步规范
1013,一方豆腐,processed,,扩展食材,processed,0,1,verified,1,加工、半成品、乳制品或饮品
1014,一束芹菜,other_food,,扩展食材,other_food,0,1,review,1,菜谱实际使用名称，待进一步规范
1015,一枚鸡蛋,other_food,,扩展食材,other_food,0,1,review,1,菜谱实际使用名称，待进一步规范
1016,一段儿大葱,other_food,,扩展食材,other_food,0,1,review,1,菜谱实际使用名称，待进一步规范
1017,一段大葱,other_food,,扩展食材,other_food,0,1,review,9,菜谱实际使用名称，待进一步规范
1018,一段大葱段,other_food,,扩展食材,other_food,0,1,review,1,菜谱实际使用名称，待进一步规范
1019,一段根大葱,other_food,,扩展食材,other_food,0,1,review,1,菜谱实际使用名称，待进一步规范
1020,一段火腿肠,processed,,扩展食材,processed,0,1,verified,1,加工、半成品、乳制品或饮品
1021,一段胡萝卜,other_food,,扩展食材,other_food,0,1,review,2,菜谱实际使用名称，待进一步规范
1022,一段葱,other_food,,扩展食材,other_food,0,1,review,15,菜谱实际使用名称，待进一步规范
1023,一段葱末,other_food,,扩展食材,other_food,0,1,review,1,菜谱实际使用名称，待进一步规范
1024,一段葱白,other_food,,扩展食材,other_food,0,1,review,2,菜谱实际使用名称，待进一步规范
1025,一段香葱,other_food,,扩展食材,other_food,0,1,review,1,菜谱实际使用名称，待进一步规范
1026,一水杯水,other_food,,扩展食材,other_food,0,1,review,1,菜谱实际使用名称，待进一步规范
1027,一炒勺油,seasoning,,扩展食材,seasoning,0,1,verified,1,调味料
1028,一炒勺西红柿,other_food,,扩展食材,other_food,0,1,review,1,菜谱实际使用名称，待进一步规范
1029,一瓢水,other_food,,扩展食材,other_food,0,1,review,1,菜谱实际使用名称，待进一步规范
1030,一盆,other_food,,扩展食材,other_food,0,1,review,1,菜谱实际使用名称，待进一步规范
1031,一盆扇贝,other_food,,扩展食材,other_food,0,1,review,1,菜谱实际使用名称，待进一步规范
1032,一盆纯净水,other_food,,扩展食材,other_food,0,1,review,1,菜谱实际使用名称，待进一步规范
1033,一盆花菜,other_food,,扩展食材,other_food,0,1,review,1,菜谱实际使用名称，待进一步规范
1034,一盆莴苣苗,other_food,,扩展食材,other_food,0,1,review,1,菜谱实际使用名称，待进一步规范
1035,一盆薄荷,other_food,,扩展食材,other_food,0,1,review,1,菜谱实际使用名称，待进一步规范
1036,一盆豆角,other_food,,扩展食材,other_food,0,1,review,1,菜谱实际使用名称，待进一步规范
1037,一碟姜葱蒜,other_food,,扩展食材,other_food,0,1,review,1,菜谱实际使用名称，待进一步规范
1038,一碟葱姜蒜,other_food,,扩展食材,other_food,0,1,review,1,菜谱实际使用名称，待进一步规范
1039,一磅半猪手,other_food,,扩展食材,other_food,0,1,review,1,菜谱实际使用名称，待进一步规范
1040,一筷子橄榄菜,processed,,扩展食材,processed,0,1,verified,1,加工、半成品、乳制品或饮品
1041,一篮青菜子,other_food,,扩展食材,other_food,0,1,review,1,菜谱实际使用名称，待进一步规范
1042,一粥勺油,seasoning,,扩展食材,seasoning,0,1,verified,1,调味料
1043,一节胡萝卜,other_food,,扩展食材,other_food,0,1,review,1,菜谱实际使用名称，待进一步规范
1044,一节莲藕,other_food,,扩展食材,other_food,0,1,review,3,菜谱实际使用名称，待进一步规范
1045,一节葱段,other_food,,扩展食材,other_food,0,1,review,1,菜谱实际使用名称，待进一步规范
1046,一节葱白,other_food,,扩展食材,other_food,0,1,review,1,菜谱实际使用名称，待进一步规范
1047,一节藕,other_food,,扩展食材,other_food,0,1,review,4,菜谱实际使用名称，待进一步规范
1048,一茶勺姜蓉,other_food,,扩展食材,other_food,0,1,review,1,菜谱实际使用名称，待进一步规范
1049,一茶勺料酒,seasoning,,扩展食材,seasoning,0,1,verified,1,调味料
1050,一茶勺海盐,other_food,,扩展食材,other_food,0,1,review,1,菜谱实际使用名称，待进一步规范
1051,一茶勺猪油,seasoning,,扩展食材,seasoning,0,1,verified,1,调味料
1052,一茶勺甜面酱,seasoning,,扩展食材,seasoning,0,1,verified,1,调味料
1053,一茶勺生抽,seasoning,,扩展食材,seasoning,0,1,verified,1,调味料
1054,一茶勺白糖,other_food,,扩展食材,other_food,0,1,review,1,菜谱实际使用名称，待进一步规范
1055,一茶勺糖,other_food,,扩展食材,other_food,0,1,review,1,菜谱实际使用名称，待进一步规范
1056,一茶勺红烧酱油,seasoning,,扩展食材,seasoning,0,1,verified,1,调味料
1057,一茶勺老抽,other_food,,扩展食材,other_food,0,1,review,1,菜谱实际使用名称，待进一步规范
1058,一茶勺蒜蓉,other_food,,扩展食材,other_food,0,1,review,1,菜谱实际使用名称，待进一步规范
1059,一茶勺辣椒酱,seasoning,,扩展食材,seasoning,0,1,verified,1,调味料
1060,一茶勺食盐,other_food,,扩展食材,other_food,0,1,review,1,菜谱实际使用名称，待进一步规范
1061,一茶勺鲍鱼汁,other_food,,扩展食材,other_food,0,1,review,1,菜谱实际使用名称，待进一步规范
1062,一葱,other_food,,扩展食材,other_food,0,1,review,1,菜谱实际使用名称，待进一步规范
1063,一薄片姜,other_food,,扩展食材,other_food,0,1,review,1,菜谱实际使用名称，待进一步规范
1064,一调味勺糖,other_food,,扩展食材,other_food,0,1,review,1,菜谱实际使用名称，待进一步规范
1065,一调羹料酒,seasoning,,扩展食材,seasoning,0,1,verified,1,调味料
1066,一调羹生抽,other_food,,扩展食材,other_food,0,1,review,1,菜谱实际使用名称，待进一步规范
1067,一调羹酱油,seasoning,,扩展食材,seasoning,0,1,verified,1,调味料
1068,一辦/个蒜,composite,,扩展食材,composite,0,1,review,1,疑似复合名称，组成未完全确认
1069,一部分西兰花,other_food,,扩展食材,other_food,0,1,review,1,菜谱实际使用名称，待进一步规范
1070,一锅水,other_food,,扩展食材,other_food,0,1,review,1,菜谱实际使用名称，待进一步规范
1071,一锅热水,other_food,,扩展食材,other_food,0,1,review,1,菜谱实际使用名称，待进一步规范
1072,一锅老卤,other_food,,扩展食材,other_food,0,1,review,1,菜谱实际使用名称，待进一步规范
1073,一锅铲味达美,other_food,,扩展食材,other_food,0,1,review,1,菜谱实际使用名称，待进一步规范
1074,一锅铲生抽,other_food,,扩展食材,other_food,0,1,review,1,菜谱实际使用名称，待进一步规范
1075,一锅铲酱油生抽,other_food,,扩展食材,other_food,0,1,review,1,菜谱实际使用名称，待进一步规范
1076,一锅铲醋,seasoning,,扩展食材,seasoning,0,1,verified,1,调味料
1077,一页西芹,other_food,,扩展食材,other_food,0,1,review,1,菜谱实际使用名称，待进一步规范
1078,丁姜,other_food,,扩展食材,other_food,0,1,review,1,菜谱实际使用名称，待进一步规范
1079,丁香,other_food,,扩展食材,other_food,0,1,review,8,菜谱实际使用名称，待进一步规范
1080,七两虾,other_food,,扩展食材,other_food,0,1,review,1,菜谱实际使用名称，待进一步规范
1081,七八段葱段,other_food,,扩展食材,other_food,0,1,review,1,菜谱实际使用名称，待进一步规范
1082,七分瘦三分肥牛肉,other_food,,扩展食材,other_food,0,1,review,1,菜谱实际使用名称，待进一步规范
1083,七味唐辛子,other_food,,扩展食材,other_food,0,1,review,1,菜谱实际使用名称，待进一步规范
1084,七味粉,other_food,,扩展食材,other_food,0,1,review,1,菜谱实际使用名称，待进一步规范
1085,七味辣椒粉,other_food,,扩展食材,other_food,0,1,review,1,菜谱实际使用名称，待进一步规范
1086,万威克黑椒肠,seasoning,,扩展食材,seasoning,0,1,verified,1,调味料
1087,万威客脆皮肠,processed,,扩展食材,processed,0,1,verified,1,加工、半成品、乳制品或饮品
1088,万州烤鱼酱,seasoning,,扩展食材,seasoning,0,1,verified,1,调味料
1089,万年青菜干,other_food,,扩展食材,other_food,0,1,review,1,菜谱实际使用名称，待进一步规范
1090,万捞拌汁,other_food,,扩展食材,other_food,0,1,review,1,菜谱实际使用名称，待进一步规范
1091,万能蘸料,other_food,,扩展食材,other_food,0,1,review,1,菜谱实际使用名称，待进一步规范
1092,万能调味汁儿,other_food,,扩展食材,other_food,0,1,review,1,菜谱实际使用名称，待进一步规范
1093,万能酱,seasoning,,扩展食材,seasoning,0,1,verified,2,调味料
1094,万能鱼香汁,other_food,,扩展食材,other_food,0,1,review,1,菜谱实际使用名称，待进一步规范
1095,三七,other_food,,扩展食材,other_food,0,1,review,1,菜谱实际使用名称，待进一步规范
1096,三两青豆,other_food,,扩展食材,other_food,0,1,review,1,菜谱实际使用名称，待进一步规范
1097,三两鲜虾,other_food,,扩展食材,other_food,0,1,review,1,菜谱实际使用名称，待进一步规范
1098,三两黄豆,other_food,,扩展食材,other_food,0,1,review,1,菜谱实际使用名称，待进一步规范
1099,三两黄豆芽,other_food,,扩展食材,other_food,0,1,review,1,菜谱实际使用名称，待进一步规范
1100,三人量牛肉,other_food,,扩展食材,other_food,0,1,review,1,菜谱实际使用名称，待进一步规范
1101,三分之一匙白糖,other_food,,扩展食材,other_food,0,1,review,1,菜谱实际使用名称，待进一步规范
1102,三分之一瓷勺淀粉,processed,,扩展食材,processed,0,1,verified,1,加工、半成品、乳制品或饮品
1103,三分之一瓷勺生抽,other_food,,扩展食材,other_food,0,1,review,1,菜谱实际使用名称，待进一步规范
1104,三分之一瓷勺蚝油,seasoning,,扩展食材,seasoning,0,1,verified,1,调味料
1105,三分之切片胡萝卜,other_food,,扩展食材,other_food,0,1,review,1,菜谱实际使用名称，待进一步规范
1106,三分之包菜,other_food,,扩展食材,other_food,0,1,review,1,菜谱实际使用名称，待进一步规范
1107,三分之即食燕麦片,processed,,扩展食材,processed,0,1,verified,1,加工、半成品、乳制品或饮品
1108,三分之大葱,other_food,,扩展食材,other_food,0,1,review,1,菜谱实际使用名称，待进一步规范
1109,三分之川南火锅调料,seasoning,,扩展食材,seasoning,0,1,verified,1,调味料
1110,三分之心菜,other_food,,扩展食材,other_food,0,1,review,1,菜谱实际使用名称，待进一步规范
1111,三分之杏鲍菇,other_food,,扩展食材,other_food,0,1,review,1,菜谱实际使用名称，待进一步规范
1112,三分之洋葱,other_food,,扩展食材,other_food,0,1,review,3,菜谱实际使用名称，待进一步规范
1113,三分之生抽,other_food,,扩展食材,other_food,0,1,review,1,菜谱实际使用名称，待进一步规范
1114,三分之白糖,seasoning,,扩展食材,seasoning,0,1,verified,1,调味料
1115,三分之盐,seasoning,,扩展食材,seasoning,0,1,verified,4,调味料
1116,三分之糖,other_food,,扩展食材,other_food,0,1,review,2,菜谱实际使用名称，待进一步规范
1117,三分之老抽,other_food,,扩展食材,other_food,0,1,review,2,菜谱实际使用名称，待进一步规范
1118,三分之胡萝卜,other_food,,扩展食材,other_food,0,1,review,6,菜谱实际使用名称，待进一步规范
1119,三分之花椒油,seasoning,,扩展食材,seasoning,0,1,verified,1,调味料
1120,三分之花菜,other_food,,扩展食材,other_food,0,1,review,1,菜谱实际使用名称，待进一步规范
1121,三分之萝卜,other_food,,扩展食材,other_food,0,1,review,1,菜谱实际使用名称，待进一步规范
1122,三分之葱,other_food,,扩展食材,other_food,0,1,review,1,菜谱实际使用名称，待进一步规范
1123,三分之蒜末,other_food,,扩展食材,other_food,0,1,review,1,菜谱实际使用名称，待进一步规范
1124,三分之蛋清,other_food,,扩展食材,other_food,0,1,review,1,菜谱实际使用名称，待进一步规范
1125,三分之豆豉鲮鱼,other_food,,扩展食材,other_food,0,1,review,1,菜谱实际使用名称，待进一步规范
1126,三分之酱油,seasoning,,扩展食材,seasoning,0,1,verified,1,调味料
1127,三分之醋,seasoning,,扩展食材,seasoning,0,1,verified,1,调味料
1128,三分之韭菜,other_food,,扩展食材,other_food,0,1,review,1,菜谱实际使用名称，待进一步规范
1129,三分之鸡精,other_food,,扩展食材,other_food,0,1,review,1,菜谱实际使用名称，待进一步规范
1130,三分之鸡肉,other_food,,扩展食材,other_food,0,1,review,1,菜谱实际使用名称，待进一步规范
1131,三分之黄瓜,other_food,,扩展食材,other_food,0,1,review,1,菜谱实际使用名称，待进一步规范
1132,三分肥七分瘦猪肉,other_food,,扩展食材,other_food,0,1,review,1,菜谱实际使用名称，待进一步规范
1133,三分胡萝卜,other_food,,扩展食材,other_food,0,1,review,1,菜谱实际使用名称，待进一步规范
1134,三剑客苹果,other_food,,扩展食材,other_food,0,1,review,1,菜谱实际使用名称，待进一步规范
1135,三四两半斤里脊肉,other_food,,扩展食材,other_food,0,1,review,1,菜谱实际使用名称，待进一步规范
1136,三四两椿菜,other_food,,扩展食材,other_food,0,1,review,1,菜谱实际使用名称，待进一步规范
1137,三四小节竹甘蔗,other_food,,扩展食材,other_food,0,1,review,1,菜谱实际使用名称，待进一步规范
1138,三奈,other_food,,扩展食材,other_food,0,1,review,2,菜谱实际使用名称，待进一步规范
1139,三姜,other_food,,扩展食材,other_food,0,1,review,1,菜谱实际使用名称，待进一步规范
1140,三小包榨菜,other_food,,扩展食材,other_food,0,1,review,1,菜谱实际使用名称，待进一步规范
1141,三小截不会吃辣别放美人椒,other_food,,扩展食材,other_food,0,1,review,1,菜谱实际使用名称，待进一步规范
1142,三小支辣椒,other_food,,扩展食材,other_food,0,1,review,1,菜谱实际使用名称，待进一步规范
1143,三小朵西蓝花,other_food,,扩展食材,other_food,0,1,review,1,菜谱实际使用名称，待进一步规范
1144,三小段葱,other_food,,扩展食材,other_food,0,1,review,1,菜谱实际使用名称，待进一步规范
1145,三小段铁棍山药,other_food,,扩展食材,other_food,0,1,review,1,菜谱实际使用名称，待进一步规范
1146,三岛照烧汁,other_food,,扩展食材,other_food,0,1,review,1,菜谱实际使用名称，待进一步规范
1147,三掰大蒜,other_food,,扩展食材,other_food,0,1,review,1,菜谱实际使用名称，待进一步规范
1148,三支葱花,other_food,,扩展食材,other_food,0,1,review,1,菜谱实际使用名称，待进一步规范
1149,三文治火腿,processed,,扩展食材,processed,0,1,verified,1,加工、半成品、乳制品或饮品
1150,三文鱼头,other_food,,扩展食材,other_food,0,1,review,5,菜谱实际使用名称，待进一步规范
1151,三文鱼头及边角料,other_food,,扩展食材,other_food,0,1,review,1,菜谱实际使用名称，待进一步规范
1152,三文鱼菲力,other_food,,扩展食材,other_food,0,1,review,1,菜谱实际使用名称，待进一步规范
1153,三斤鲢鱼头,other_food,,扩展食材,other_food,0,1,review,1,菜谱实际使用名称，待进一步规范
1154,三林肉皮,other_food,,扩展食材,other_food,0,1,review,1,菜谱实际使用名称，待进一步规范
1155,三枚鸡蛋,other_food,,扩展食材,other_food,0,1,review,2,菜谱实际使用名称，待进一步规范
1156,三段葱,other_food,,扩展食材,other_food,0,1,review,1,菜谱实际使用名称，待进一步规范
1157,三汁,other_food,,扩展食材,other_food,0,1,review,1,菜谱实际使用名称，待进一步规范
1158,三生川鲜辣剁椒,processed,,扩展食材,processed,0,1,verified,1,加工、半成品、乳制品或饮品
1159,三线五花肉,other_food,,扩展食材,other_food,0,1,review,1,菜谱实际使用名称，待进一步规范
1160,三组素鸡,processed,,扩展食材,processed,0,1,verified,1,加工、半成品、乳制品或饮品
1161,三色杂锦菜,other_food,,扩展食材,other_food,0,1,review,1,菜谱实际使用名称，待进一步规范
1162,三色糙米,other_food,,扩展食材,other_food,0,1,review,3,菜谱实际使用名称，待进一步规范
1163,三荼,other_food,,扩展食材,other_food,0,1,review,1,菜谱实际使用名称，待进一步规范
1164,三道鳞鱼,other_food,,扩展食材,other_food,0,1,review,1,菜谱实际使用名称，待进一步规范
1165,三量,other_food,,扩展食材,other_food,0,1,review,1,菜谱实际使用名称，待进一步规范
1166,三黄走地鸡,other_food,,扩展食材,other_food,0,1,review,1,菜谱实际使用名称，待进一步规范
1167,三黄鸡或鸡腿三四个,composite,,扩展食材,composite,0,1,review,1,疑似复合名称，组成未完全确认
1168,上汤,other_food,,扩展食材,other_food,0,1,review,1,菜谱实际使用名称，待进一步规范
1169,上海红肠,processed,,扩展食材,processed,0,1,verified,1,加工、半成品、乳制品或饮品
1170,上脑肉牛肉馅,other_food,,扩展食材,other_food,0,1,review,1,菜谱实际使用名称，待进一步规范
1171,上色就可以了老抽,other_food,,扩展食材,other_food,0,1,review,1,菜谱实际使用名称，待进一步规范
1172,上色老抽,seasoning,,扩展食材,seasoning,0,1,verified,1,调味料
1173,下现磨白胡椒,other_food,,扩展食材,other_food,0,1,review,1,菜谱实际使用名称，待进一步规范
1174,下面是要放入煲汤袋调料,seasoning,,扩展食材,seasoning,0,1,verified,1,调味料
1175,不吃辣小米椒,other_food,,扩展食材,other_food,0,1,review,1,菜谱实际使用名称，待进一步规范
1176,不喜欢可不放桂皮,other_food,,扩展食材,other_food,0,1,review,1,菜谱实际使用名称，待进一步规范
1177,不喜欢吃辣可以不小米椒,other_food,,扩展食材,other_food,0,1,review,1,菜谱实际使用名称，待进一步规范
1178,不喜欢哪个可面是腌鸡肉腌料,other_food,,扩展食材,other_food,0,1,review,1,菜谱实际使用名称，待进一步规范
1179,不喜欢鸡精,other_food,,扩展食材,other_food,0,1,review,1,菜谱实际使用名称，待进一步规范
1180,不是必须,other_food,,扩展食材,other_food,0,1,review,1,菜谱实际使用名称，待进一步规范
1181,不爱吃可以不葱,other_food,,扩展食材,other_food,0,1,review,1,菜谱实际使用名称，待进一步规范
1182,不爱吃可以不醋,seasoning,,扩展食材,seasoning,0,1,verified,1,调味料
1183,不盐,seasoning,,扩展食材,seasoning,0,1,verified,1,调味料
1184,不粘炒锅锅具,other_food,,扩展食材,other_food,0,1,review,1,菜谱实际使用名称，待进一步规范
1185,不粘锅,other_food,,扩展食材,other_food,0,1,review,2,菜谱实际使用名称，待进一步规范
1186,不能多盐,other_food,,扩展食材,other_food,0,1,review,1,菜谱实际使用名称，待进一步规范
1187,不超过盐,other_food,,扩展食材,other_food,0,1,review,1,菜谱实际使用名称，待进一步规范
1188,不辣辣椒,other_food,,扩展食材,other_food,0,1,review,1,菜谱实际使用名称，待进一步规范
1189,不辣青椒,other_food,,扩展食材,other_food,0,1,review,1,菜谱实际使用名称，待进一步规范
1190,不重要玉米粒,other_food,,扩展食材,other_food,0,1,review,1,菜谱实际使用名称，待进一步规范
1191,不量蒜头,other_food,,扩展食材,other_food,0,1,review,1,菜谱实际使用名称，待进一步规范
1192,不锈钢勺孜然粉,other_food,,扩展食材,other_food,0,1,review,1,菜谱实际使用名称，待进一步规范
1193,不锈钢勺油,seasoning,,扩展食材,seasoning,0,1,verified,1,调味料
1194,不锈钢勺辣椒粉,other_food,,扩展食材,other_food,0,1,review,1,菜谱实际使用名称，待进一步规范
1195,不锈钢盆开水,other_food,,扩展食材,other_food,0,1,review,1,菜谱实际使用名称，待进一步规范
1196,不限你想吃任何菜,other_food,,扩展食材,other_food,0,1,review,1,菜谱实际使用名称，待进一步规范
1197,与番薯份量一致自发面粉,processed,,扩展食材,processed,0,1,verified,1,加工、半成品、乳制品或饮品
1198,与胡萝卜等量黄瓜,other_food,,扩展食材,other_food,0,1,review,1,菜谱实际使用名称，待进一步规范
1199,世棒清淡味午餐肉,processed,,扩展食材,processed,0,1,verified,1,加工、半成品、乳制品或饮品
1200,丘比凯撒沙拉口味沙拉汁,processed,,扩展食材,processed,0,1,verified,1,加工、半成品、乳制品或饮品
1201,丘比焙煎芝麻,other_food,,扩展食材,other_food,0,1,review,1,菜谱实际使用名称，待进一步规范
1202,东北大酱,seasoning,,扩展食材,seasoning,0,1,verified,5,调味料
1203,东北干豆腐,processed,,扩展食材,processed,0,1,verified,1,加工、半成品、乳制品或饮品
1204,东北机大米,other_food,,扩展食材,other_food,0,1,review,1,菜谱实际使用名称，待进一步规范
1205,东北蒜酱,seasoning,,扩展食材,seasoning,0,1,verified,1,调味料
1206,东北酸菜,processed,,扩展食材,processed,0,1,verified,4,加工、半成品、乳制品或饮品
1207,东北黄豆酱,seasoning,,扩展食材,seasoning,0,1,verified,1,调味料
1208,东古一品鲜,other_food,,扩展食材,other_food,0,1,review,1,菜谱实际使用名称，待进一步规范
1209,东古一品鲜酱油,seasoning,,扩展食材,seasoning,0,1,verified,3,调味料
1210,东古酱油,seasoning,,扩展食材,seasoning,0,1,verified,1,调味料
1211,东古金标蚝油,seasoning,,扩展食材,seasoning,0,1,verified,1,调味料
1212,东菱免注水便当盒,other_food,,扩展食材,other_food,0,1,review,1,菜谱实际使用名称，待进一步规范
1213,东菱养生锅,other_food,,扩展食材,other_food,0,1,review,1,菜谱实际使用名称，待进一步规范
1214,丝姜,other_food,,扩展食材,other_food,0,1,review,2,菜谱实际使用名称，待进一步规范
1215,丝苗米,other_food,,扩展食材,other_food,0,1,review,1,菜谱实际使用名称，待进一步规范
1216,丢丢白糖,seasoning,,扩展食材,seasoning,0,1,verified,2,调味料
1217,丢丢盐,seasoning,,扩展食材,seasoning,0,1,verified,1,调味料
1218,两-生抽,other_food,,扩展食材,other_food,0,1,review,1,菜谱实际使用名称，待进一步规范
1219,两三叶香叶,other_food,,扩展食材,other_food,0,1,review,1,菜谱实际使用名称，待进一步规范
1220,两丝姜,other_food,,扩展食材,other_food,0,1,review,1,菜谱实际使用名称，待进一步规范
1221,两人量牛肉,other_food,,扩展食材,other_food,0,1,review,2,菜谱实际使用名称，待进一步规范
1222,两人量花菜,other_food,,扩展食材,other_food,0,1,review,1,菜谱实际使用名称，待进一步规范
1223,两人量蘑菇,other_food,,扩展食材,other_food,0,1,review,1,菜谱实际使用名称，待进一步规范
1224,两匙半盐,other_food,,扩展食材,other_food,0,1,review,1,菜谱实际使用名称，待进一步规范
1225,两匙李锦记排骨酱,seasoning,,扩展食材,seasoning,0,1,verified,1,调味料
1226,两匙生抽,other_food,,扩展食材,other_food,0,1,review,1,菜谱实际使用名称，待进一步规范
1227,两匙盐,other_food,,扩展食材,other_food,0,1,review,1,菜谱实际使用名称，待进一步规范
1228,两匙郫县豆瓣酱,seasoning,,扩展食材,seasoning,0,1,verified,1,调味料
1229,两大叶白菜,other_food,,扩展食材,other_food,0,1,review,1,菜谱实际使用名称，待进一步规范
1230,两大整块脊骨,other_food,,扩展食材,other_food,0,1,review,1,菜谱实际使用名称，待进一步规范
1231,两大汤匙油,seasoning,,扩展食材,seasoning,0,1,verified,1,调味料
1232,两小包柠檬汁,other_food,,扩展食材,other_food,0,1,review,1,菜谱实际使用名称，待进一步规范
1233,两小截俏色胡萝卜,other_food,,扩展食材,other_food,0,1,review,1,菜谱实际使用名称，待进一步规范
1234,两小捏淀粉,processed,,扩展食材,processed,0,1,verified,1,加工、半成品、乳制品或饮品
1235,两小碗凉水,other_food,,扩展食材,other_food,0,1,review,1,菜谱实际使用名称，待进一步规范
1236,两小碗水,other_food,,扩展食材,other_food,0,1,review,1,菜谱实际使用名称，待进一步规范
1237,两小碗豆瓣酱,seasoning,,扩展食材,seasoning,0,1,verified,1,调味料
1238,两少生抽,other_food,,扩展食材,other_food,0,1,review,1,菜谱实际使用名称，待进一步规范
1239,两层洋葱,other_food,,扩展食材,other_food,0,1,review,1,菜谱实际使用名称，待进一步规范
1240,两平勺生抽,other_food,,扩展食材,other_food,0,1,review,1,菜谱实际使用名称，待进一步规范
1241,两支排骨,other_food,,扩展食材,other_food,0,1,review,1,菜谱实际使用名称，待进一步规范
1242,两段冬瓜,other_food,,扩展食材,other_food,0,1,review,1,菜谱实际使用名称，待进一步规范
1243,两段大葱,other_food,,扩展食材,other_food,0,1,review,2,菜谱实际使用名称，待进一步规范
1244,两段干辣椒,seasoning,,扩展食材,seasoning,0,1,verified,1,调味料
1245,两段葱,other_food,,扩展食材,other_food,0,1,review,4,菜谱实际使用名称，待进一步规范
1246,两段葱段,other_food,,扩展食材,other_food,0,1,review,1,菜谱实际使用名称，待进一步规范
1247,两生抽,other_food,,扩展食材,other_food,0,1,review,1,菜谱实际使用名称，待进一步规范
1248,两种红辣椒,other_food,,扩展食材,other_food,0,1,review,1,菜谱实际使用名称，待进一步规范
1249,两胡玉美蚕豆辣酱,seasoning,,扩展食材,seasoning,0,1,verified,1,调味料
1250,两茶勺白糖,other_food,,扩展食材,other_food,0,1,review,1,菜谱实际使用名称，待进一步规范
1251,两茶勺红油豆豉,seasoning,,扩展食材,seasoning,0,1,verified,1,调味料
1252,两茶勺酱油,seasoning,,扩展食材,seasoning,0,1,verified,1,调味料
1253,两葱,other_food,,扩展食材,other_food,0,1,review,1,菜谱实际使用名称，待进一步规范
1254,两蒜,other_food,,扩展食材,other_food,0,1,review,1,菜谱实际使用名称，待进一步规范
1255,两薄片姜丝,other_food,,扩展食材,other_food,0,1,review,1,菜谱实际使用名称，待进一步规范
1256,两薄片生姜,other_food,,扩展食材,other_food,0,1,review,1,菜谱实际使用名称，待进一步规范
1257,两饭碗花雕酒,seasoning,,扩展食材,seasoning,0,1,verified,1,调味料
1258,个,other_food,,扩展食材,other_food,0,1,review,1,菜谱实际使用名称，待进一步规范
1259,个其它辣椒,other_food,,扩展食材,other_food,0,1,review,1,菜谱实际使用名称，待进一步规范
1260,个泡椒,processed,,扩展食材,processed,0,1,verified,1,加工、半成品、乳制品或饮品
1261,丫子姜,other_food,,扩展食材,other_food,0,1,review,1,菜谱实际使用名称，待进一步规范
1262,中/高筋面粉,processed,,扩展食材,processed,0,1,verified,1,加工、半成品、乳制品或饮品
1263,中取一根即可芹菜,other_food,,扩展食材,other_food,0,1,review,1,菜谱实际使用名称，待进一步规范
1264,中号瑶柱,other_food,,扩展食材,other_food,0,1,review,1,菜谱实际使用名称，待进一步规范
1265,中型土豆,other_food,,扩展食材,other_food,0,1,review,1,菜谱实际使用名称，待进一步规范
1266,中型白洋葱,other_food,,扩展食材,other_food,0,1,review,1,菜谱实际使用名称，待进一步规范
1267,中大泡萝卜,other_food,,扩展食材,other_food,0,1,review,1,菜谱实际使用名称，待进一步规范
1268,中小个鲜虾,other_food,,扩展食材,other_food,0,1,review,1,菜谱实际使用名称，待进一步规范
1269,中洋葱,other_food,,扩展食材,other_food,0,1,review,1,菜谱实际使用名称，待进一步规范
1270,中等土豆,other_food,,扩展食材,other_food,0,1,review,1,菜谱实际使用名称，待进一步规范
1271,中等大小,other_food,,扩展食材,other_food,0,1,review,1,菜谱实际使用名称，待进一步规范
1272,中等大小四分之一南瓜,other_food,,扩展食材,other_food,0,1,review,1,菜谱实际使用名称，待进一步规范
1273,中等大小土豆,other_food,,扩展食材,other_food,0,1,review,3,菜谱实际使用名称，待进一步规范
1274,中等大小番茄,other_food,,扩展食材,other_food,0,1,review,1,菜谱实际使用名称，待进一步规范
1275,中等大小西红柿,other_food,,扩展食材,other_food,0,1,review,1,菜谱实际使用名称，待进一步规范
1276,中等虾仁,other_food,,扩展食材,other_food,0,1,review,1,菜谱实际使用名称，待进一步规范
1277,中等西红柿,other_food,,扩展食材,other_food,0,1,review,1,菜谱实际使用名称，待进一步规范
1278,中等长茄子,other_food,,扩展食材,other_food,0,1,review,1,菜谱实际使用名称，待进一步规范
1279,中筋面粉,processed,,扩展食材,processed,0,1,verified,8,加工、半成品、乳制品或饮品
1280,中红椒,other_food,,扩展食材,other_food,0,1,review,2,菜谱实际使用名称，待进一步规范
1281,中芹,other_food,,扩展食材,other_food,0,1,review,1,菜谱实际使用名称，待进一步规范
1282,中豆腐,processed,,扩展食材,processed,0,1,verified,1,加工、半成品、乳制品或饮品
1283,丸子,processed,,扩展食材,processed,0,1,verified,3,加工、半成品、乳制品或饮品
1284,丸子汤,processed,,扩展食材,processed,0,1,verified,1,加工、半成品、乳制品或饮品
1285,丸子食材,processed,,扩展食材,processed,0,1,verified,1,加工、半成品、乳制品或饮品
1286,丹麦皇冠五花肉,other_food,,扩展食材,other_food,0,1,review,1,菜谱实际使用名称，待进一步规范
1287,主料,other_food,,扩展食材,other_food,0,1,review,18,菜谱实际使用名称，待进一步规范
1288,主料————————*,other_food,,扩展食材,other_food,0,1,review,1,菜谱实际使用名称，待进一步规范
1289,主材,other_food,,扩展食材,other_food,0,1,review,1,菜谱实际使用名称，待进一步规范
1290,主菜,other_food,,扩展食材,other_food,0,1,review,2,菜谱实际使用名称，待进一步规范
1291,主要食材,other_food,,扩展食材,other_food,0,1,review,1,菜谱实际使用名称，待进一步规范
1292,主角,other_food,,扩展食材,other_food,0,1,review,1,菜谱实际使用名称，待进一步规范
1293,主食,other_food,,扩展食材,other_food,0,1,review,1,菜谱实际使用名称，待进一步规范
1294,主食材,other_food,,扩展食材,other_food,0,1,review,1,菜谱实际使用名称，待进一步规范
1295,乌冬面,other_food,,扩展食材,other_food,0,1,review,9,菜谱实际使用名称，待进一步规范
1296,乌子,other_food,,扩展食材,other_food,0,1,review,1,菜谱实际使用名称，待进一步规范
1297,乌榄角,other_food,,扩展食材,other_food,0,1,review,1,菜谱实际使用名称，待进一步规范
1298,乌江榨菜,other_food,,扩展食材,other_food,0,1,review,2,菜谱实际使用名称，待进一步规范
1299,乌米,other_food,,扩展食材,other_food,0,1,review,1,菜谱实际使用名称，待进一步规范
1300,乌贼,other_food,,扩展食材,other_food,0,1,review,1,菜谱实际使用名称，待进一步规范
1301,乌骨鸡,other_food,,扩展食材,other_food,0,1,review,1,菜谱实际使用名称，待进一步规范
1302,乌鱼蛋,other_food,,扩展食材,other_food,0,1,review,1,菜谱实际使用名称，待进一步规范
1303,乌鸡肾,other_food,,扩展食材,other_food,0,1,review,1,菜谱实际使用名称，待进一步规范
1304,九制陈皮,seasoning,,扩展食材,seasoning,0,1,verified,1,调味料
1305,九吐鱼,other_food,,扩展食材,other_food,0,1,review,1,菜谱实际使用名称，待进一步规范
1306,九层叶草,other_food,,扩展食材,other_food,0,1,review,1,菜谱实际使用名称，待进一步规范
1307,九层塔,other_food,,扩展食材,other_food,0,1,review,10,菜谱实际使用名称，待进一步规范
1308,九层塔/罗勒,composite,,扩展食材,composite,0,1,review,1,疑似复合名称，组成未完全确认
1309,九层塔或香菜,composite,,扩展食材,composite,0,1,review,1,疑似复合名称，组成未完全确认
1310,九层糕,other_food,,扩展食材,other_food,0,1,review,1,菜谱实际使用名称，待进一步规范
1311,九江双蒸,other_food,,扩展食材,other_food,0,1,review,1,菜谱实际使用名称，待进一步规范
1312,也可以多放点花胶,other_food,,扩展食材,other_food,0,1,review,1,菜谱实际使用名称，待进一步规范
1313,也可根据个人喜好放蒜,other_food,,扩展食材,other_food,0,1,review,1,菜谱实际使用名称，待进一步规范
1314,也毛豆,other_food,,扩展食材,other_food,0,1,review,1,菜谱实际使用名称，待进一步规范
1315,也随便抓莲子,other_food,,扩展食材,other_food,0,1,review,1,菜谱实际使用名称，待进一步规范
1316,买了牛里脊,other_food,,扩展食材,other_food,0,1,review,1,菜谱实际使用名称，待进一步规范
1317,买味千拉面面条,processed,,扩展食材,processed,0,1,verified,1,加工、半成品、乳制品或饮品
1318,买或自配自己喜欢蘸酱,seasoning,,扩展食材,seasoning,0,1,verified,1,调味料
1319,买混合装菌菇,generic,,扩展食材,generic,0,1,review,1,宽泛名称，保留原义而不猜测具体品种
1320,买碎牛肉捏成牛肉丸牛肉,processed,,扩展食材,processed,0,1,verified,1,加工、半成品、乳制品或饮品
1321,买肥牛卷,other_food,,扩展食材,other_food,0,1,review,1,菜谱实际使用名称，待进一步规范
1322,买酸菜包,processed,,扩展食材,processed,0,1,verified,1,加工、半成品、乳制品或饮品
1323,买鸡肉丸,processed,,扩展食材,processed,0,1,verified,1,加工、半成品、乳制品或饮品
1324,了,other_food,,扩展食材,other_food,0,1,review,1,菜谱实际使用名称，待进一步规范
1325,了增加鲜味和甜味蚝油,seasoning,,扩展食材,seasoning,0,1,verified,1,调味料
1326,了炒猪肉不粘锅猪油,seasoning,,扩展食材,seasoning,0,1,verified,1,调味料
1327,了菱角,other_food,,扩展食材,other_food,0,1,review,1,菜谱实际使用名称，待进一步规范
1328,了葱,other_food,,扩展食材,other_food,0,1,review,1,菜谱实际使用名称，待进一步规范
1329,了青椒,other_food,,扩展食材,other_food,0,1,review,1,菜谱实际使用名称，待进一步规范
1330,二三两二荆条,other_food,,扩展食材,other_food,0,1,review,1,菜谱实际使用名称，待进一步规范
1331,二三道鳞或者鲤鱼或者草鱼,composite,,扩展食材,composite,0,1,review,1,疑似复合名称，组成未完全确认
1332,二两一或里脊肉,composite,,扩展食材,composite,0,1,review,1,疑似复合名称，组成未完全确认
1333,二两五花肉末,other_food,,扩展食材,other_food,0,1,review,1,菜谱实际使用名称，待进一步规范
1334,二两或三两蒜苔,composite,,扩展食材,composite,0,1,review,1,疑似复合名称，组成未完全确认
1335,二两猪肉,other_food,,扩展食材,other_food,0,1,review,2,菜谱实际使用名称，待进一步规范
1336,二两金针菇,other_food,,扩展食材,other_food,0,1,review,2,菜谱实际使用名称，待进一步规范
1337,二刀肉,other_food,,扩展食材,other_food,0,1,review,1,菜谱实际使用名称，待进一步规范
1338,二分之一洋葱,other_food,,扩展食材,other_food,0,1,review,1,菜谱实际使用名称，待进一步规范
1339,二分之好人家酸菜鱼调料包,processed,,扩展食材,processed,0,1,verified,1,加工、半成品、乳制品或饮品
1340,二分之洋葱,other_food,,扩展食材,other_food,0,1,review,1,菜谱实际使用名称，待进一步规范
1341,二分之牛奶,processed,,扩展食材,processed,0,1,verified,1,加工、半成品、乳制品或饮品
1342,二分之白糖,other_food,,扩展食材,other_food,0,1,review,1,菜谱实际使用名称，待进一步规范
1343,二分之芹菜,other_food,,扩展食材,other_food,0,1,review,1,菜谱实际使用名称，待进一步规范
1344,二分之苦瓜,other_food,,扩展食材,other_food,0,1,review,1,菜谱实际使用名称，待进一步规范
1345,二分之葱,other_food,,扩展食材,other_food,0,1,review,1,菜谱实际使用名称，待进一步规范
1346,二十来个花椒,other_food,,扩展食材,other_food,0,1,review,1,菜谱实际使用名称，待进一步规范
1347,二宽红薯粉,other_food,,扩展食材,other_food,0,1,review,1,菜谱实际使用名称，待进一步规范
1348,二层肉切末肉末,other_food,,扩展食材,other_food,0,1,review,1,菜谱实际使用名称，待进一步规范
1349,二次淘米水,other_food,,扩展食材,other_food,0,1,review,1,菜谱实际使用名称，待进一步规范
1350,二荆条,other_food,,扩展食材,other_food,0,1,review,20,菜谱实际使用名称，待进一步规范
1351,二荆条青椒,other_food,,扩展食材,other_food,0,1,review,3,菜谱实际使用名称，待进一步规范
1352,二锅头酒,seasoning,,扩展食材,seasoning,0,1,verified,1,调味料
1353,二青条,other_food,,扩展食材,other_food,0,1,review,1,菜谱实际使用名称，待进一步规范
1354,于装饰可不要红辣椒,non_food,,扩展食材,non_food,0,0,review,1,疑似工具、包装或操作说明
1355,云南弥渡建林酸腌菜,other_food,,扩展食材,other_food,0,1,review,1,菜谱实际使用名称，待进一步规范
1356,云南红皮小土豆,other_food,,扩展食材,other_food,0,1,review,1,菜谱实际使用名称，待进一步规范
1357,五仁馅,other_food,,扩展食材,other_food,0,1,review,1,菜谱实际使用名称，待进一步规范
1358,五厘米葱,other_food,,扩展食材,other_food,0,1,review,1,菜谱实际使用名称，待进一步规范
1359,五小段大葱,other_food,,扩展食材,other_food,0,1,review,1,菜谱实际使用名称，待进一步规范
1360,五彩椒,other_food,,扩展食材,other_food,0,1,review,1,菜谱实际使用名称，待进一步规范
1361,五指毛桃根,other_food,,扩展食材,other_food,0,1,review,1,菜谱实际使用名称，待进一步规范
1362,五掰大蒜,other_food,,扩展食材,other_food,0,1,review,1,菜谱实际使用名称，待进一步规范
1363,五柳菜,other_food,,扩展食材,other_food,0,1,review,1,菜谱实际使用名称，待进一步规范
1364,五段干辣椒,seasoning,,扩展食材,seasoning,0,1,verified,1,调味料
1365,五花方肉,other_food,,扩展食材,other_food,0,1,review,1,菜谱实际使用名称，待进一步规范
1366,五花牛肉粒,other_food,,扩展食材,other_food,0,1,review,1,菜谱实际使用名称，待进一步规范
1367,五花肉/里脊肉,composite,,扩展食材,composite,0,1,review,1,疑似复合名称，组成未完全确认
1368,五花肉佳猪肉,other_food,,扩展食材,other_food,0,1,review,1,菜谱实际使用名称，待进一步规范
1369,五花肉或三层肉,composite,,扩展食材,composite,0,1,review,1,疑似复合名称，组成未完全确认
1370,五花肉或瘦肉,composite,,扩展食材,composite,0,1,review,1,疑似复合名称，组成未完全确认
1371,五花肉薄片,other_food,,扩展食材,other_food,0,1,review,1,菜谱实际使用名称，待进一步规范
1372,五花肉高汤,other_food,,扩展食材,other_food,0,1,review,1,菜谱实际使用名称，待进一步规范
1373,五谷营养粉,other_food,,扩展食材,other_food,0,1,review,1,菜谱实际使用名称，待进一步规范
1374,五量馄饨皮,processed,,扩展食材,processed,0,1,verified,1,加工、半成品、乳制品或饮品
1375,五香大料,other_food,,扩展食材,other_food,0,1,review,1,菜谱实际使用名称，待进一步规范
1376,五香干,processed,,扩展食材,processed,0,1,verified,2,加工、半成品、乳制品或饮品
1377,五香粉,seasoning,,扩展食材,seasoning,0,1,verified,119,调味料
1378,五香粉或者花椒粉,seasoning,,扩展食材,seasoning,0,1,verified,1,调味料
1379,五香粉耗油生抽,other_food,,扩展食材,other_food,0,1,review,1,菜谱实际使用名称，待进一步规范
1380,五香粉花椒小米辣醋,seasoning,,扩展食材,seasoning,0,1,verified,1,调味料
1381,五香蒸肉粉,other_food,,扩展食材,other_food,0,1,review,1,菜谱实际使用名称，待进一步规范
1382,五香豆干,processed,,扩展食材,processed,0,1,verified,3,加工、半成品、乳制品或饮品
1383,五香豆腐,processed,,扩展食材,processed,0,1,verified,1,加工、半成品、乳制品或饮品
1384,五香豆腐干,processed,,扩展食材,processed,0,1,verified,1,加工、半成品、乳制品或饮品
1385,五香黄豆,other_food,,扩展食材,other_food,0,1,review,1,菜谱实际使用名称，待进一步规范
1386,亚太鱼豆腐,processed,,扩展食材,processed,0,1,verified,1,加工、半成品、乳制品或饮品
1387,亚麻籽油,seasoning,,扩展食材,seasoning,0,1,verified,1,调味料
1388,亚麻籽粉,other_food,,扩展食材,other_food,0,1,review,2,菜谱实际使用名称，待进一步规范
1389,些白胡椒,other_food,,扩展食材,other_food,0,1,review,1,菜谱实际使用名称，待进一步规范
1390,些白芝麻,other_food,,扩展食材,other_food,0,1,review,1,菜谱实际使用名称，待进一步规范
1391,些许姜蒜,composite,,扩展食材,composite,0,1,verified,1,明确多食材组合，组成见桥接表
1392,些许小青菜,other_food,,扩展食材,other_food,0,1,review,1,菜谱实际使用名称，待进一步规范
1393,些许干辣椒,seasoning,,扩展食材,seasoning,0,1,verified,3,调味料
1394,些许干辣椒末,seasoning,,扩展食材,seasoning,0,1,verified,1,调味料
1395,些许料酒,seasoning,,扩展食材,seasoning,0,1,verified,1,调味料
1396,些许料酒可省,other_food,,扩展食材,other_food,0,1,review,1,菜谱实际使用名称，待进一步规范
1397,些许片香叶,other_food,,扩展食材,other_food,0,1,review,1,菜谱实际使用名称，待进一步规范
1398,些许生抽,other_food,,扩展食材,other_food,0,1,review,1,菜谱实际使用名称，待进一步规范
1399,些许白糖,other_food,,扩展食材,other_food,0,1,review,1,菜谱实际使用名称，待进一步规范
1400,些许白胡椒粉可省,other_food,,扩展食材,other_food,0,1,review,1,菜谱实际使用名称，待进一步规范
1401,些许盐,other_food,,扩展食材,other_food,0,1,review,3,菜谱实际使用名称，待进一步规范
1402,些许花椒大料,other_food,,扩展食材,other_food,0,1,review,1,菜谱实际使用名称，待进一步规范
1403,些许花生油,seasoning,,扩展食材,seasoning,0,1,verified,1,调味料
1404,些许药材,other_food,,扩展食材,other_food,0,1,review,1,菜谱实际使用名称，待进一步规范
1405,些许葱姜蒜,composite,,扩展食材,composite,0,1,verified,1,明确多食材组合，组成见桥接表
1406,京都排骨酱汁,other_food,,扩展食材,other_food,0,1,review,1,菜谱实际使用名称，待进一步规范
1407,亳升料酒,seasoning,,扩展食材,seasoning,0,1,verified,1,调味料
1408,人参,other_food,,扩展食材,other_food,0,1,review,4,菜谱实际使用名称，待进一步规范
1409,人口味,other_food,,扩展食材,other_food,0,1,review,1,菜谱实际使用名称，待进一步规范
1410,人口味大蒜,other_food,,扩展食材,other_food,0,1,review,1,菜谱实际使用名称，待进一步规范
1411,人口味盐,seasoning,,扩展食材,seasoning,0,1,verified,3,调味料
1412,人口味盐和黑胡椒,composite,,扩展食材,composite,0,1,review,1,疑似复合名称，组成未完全确认
1413,人口味红辣椒,other_food,,扩展食材,other_food,0,1,review,1,菜谱实际使用名称，待进一步规范
1414,人口味葱姜蒜,other_food,,扩展食材,other_food,0,1,review,1,菜谱实际使用名称，待进一步规范
1415,人口味辣椒,other_food,,扩展食材,other_food,0,1,review,1,菜谱实际使用名称，待进一步规范
1416,人口味青红辣椒,other_food,,扩展食材,other_food,0,1,review,1,菜谱实际使用名称，待进一步规范
1417,人口味黑胡椒粉,other_food,,扩展食材,other_food,0,1,review,1,菜谱实际使用名称，待进一步规范
1418,人喜好加葱花姜丝酱油,seasoning,,扩展食材,seasoning,0,1,verified,1,调味料
1419,人喜好小油菜,other_food,,扩展食材,other_food,0,1,review,1,菜谱实际使用名称，待进一步规范
1420,人喜好肉片,other_food,,扩展食材,other_food,0,1,review,1,菜谱实际使用名称，待进一步规范
1421,人喜好虾仁,other_food,,扩展食材,other_food,0,1,review,1,菜谱实际使用名称，待进一步规范
1422,人喜爱小辣椒,other_food,,扩展食材,other_food,0,1,review,1,菜谱实际使用名称，待进一步规范
1423,人均中筋面粉,processed,,扩展食材,processed,0,1,verified,1,加工、半成品、乳制品或饮品
1424,人多,other_food,,扩展食材,other_food,0,1,review,1,菜谱实际使用名称，待进一步规范
1425,人工菌,other_food,,扩展食材,other_food,0,1,review,1,菜谱实际使用名称，待进一步规范
1426,人粉泡发好米粉,processed,,扩展食材,processed,0,1,verified,1,加工、半成品、乳制品或饮品
1427,人造肉,other_food,,扩展食材,other_food,0,1,review,1,菜谱实际使用名称，待进一步规范
1428,人量年糕片,processed,,扩展食材,processed,0,1,verified,1,加工、半成品、乳制品或饮品
1429,什锦菜,other_food,,扩展食材,other_food,0,1,review,2,菜谱实际使用名称，待进一步规范
1430,今天料,other_food,,扩展食材,other_food,0,1,review,1,菜谱实际使用名称，待进一步规范
1431,仔公鸡,other_food,,扩展食材,other_food,0,1,review,1,菜谱实际使用名称，待进一步规范
1432,仔姜豆蓉,other_food,,扩展食材,other_food,0,1,review,1,菜谱实际使用名称，待进一步规范
1433,仔排,other_food,,扩展食材,other_food,0,1,review,3,菜谱实际使用名称，待进一步规范
1434,仔鸡,other_food,,扩展食材,other_food,0,1,review,4,菜谱实际使用名称，待进一步规范
1435,仔鸡公,other_food,,扩展食材,other_food,0,1,review,1,菜谱实际使用名称，待进一步规范
1436,仔鸡腿,other_food,,扩展食材,other_food,0,1,review,1,菜谱实际使用名称，待进一步规范
1437,仔鸭,other_food,,扩展食材,other_food,0,1,review,3,菜谱实际使用名称，待进一步规范
1438,仙侣,other_food,,扩展食材,other_food,0,1,review,1,菜谱实际使用名称，待进一步规范
1439,仙贝,other_food,,扩展食材,other_food,0,1,review,1,菜谱实际使用名称，待进一步规范
1440,代糖,seasoning,,扩展食材,seasoning,0,1,verified,1,调味料
1441,以淹没金针菇准白开水,other_food,,扩展食材,other_food,0,1,review,1,菜谱实际使用名称，待进一步规范
1442,任何你想吃麻辣烫食材,other_food,,扩展食材,other_food,0,1,review,1,菜谱实际使用名称，待进一步规范
1443,任何肉类切丝,other_food,,扩展食材,other_food,0,1,review,1,菜谱实际使用名称，待进一步规范
1444,任何食材都可以加,other_food,,扩展食材,other_food,0,1,review,1,菜谱实际使用名称，待进一步规范
1445,任意喜欢意面,other_food,,扩展食材,other_food,0,1,review,1,菜谱实际使用名称，待进一步规范
1446,任意米,other_food,,扩展食材,other_food,0,1,review,1,菜谱实际使用名称，待进一步规范
1447,任意紫菜扁包,other_food,,扩展食材,other_food,0,1,review,1,菜谱实际使用名称，待进一步规范
1448,任意肉沫,other_food,,扩展食材,other_food,0,1,review,1,菜谱实际使用名称，待进一步规范
1449,任意自己喜欢辅菜,other_food,,扩展食材,other_food,0,1,review,1,菜谱实际使用名称，待进一步规范
1450,任意自己喜欢食物,other_food,,扩展食材,other_food,0,1,review,1,菜谱实际使用名称，待进一步规范
1451,任意酸笋,processed,,扩展食材,processed,0,1,verified,1,加工、半成品、乳制品或饮品
1452,任意酸菜,processed,,扩展食材,processed,0,1,verified,1,加工、半成品、乳制品或饮品
1453,任意鱼丸,processed,,扩展食材,processed,0,1,verified,1,加工、半成品、乳制品或饮品
1454,优形鸡胸肉,other_food,,扩展食材,other_food,0,1,review,1,菜谱实际使用名称，待进一步规范
1455,低度甜米酒,seasoning,,扩展食材,seasoning,0,1,verified,1,调味料
1456,低盐生抽,seasoning,,扩展食材,seasoning,0,1,verified,2,调味料
1457,低盐酱油,seasoning,,扩展食材,seasoning,0,1,verified,1,调味料
1458,低筋粉,other_food,,扩展食材,other_food,0,1,review,2,菜谱实际使用名称，待进一步规范
1459,低筋面粉,processed,,扩展食材,processed,0,1,verified,4,加工、半成品、乳制品或饮品
1460,低粉面粉,processed,,扩展食材,processed,0,1,verified,1,加工、半成品、乳制品或饮品
1461,低聚果糖,seasoning,,扩展食材,seasoning,0,1,verified,1,调味料
1462,低脂沙拉酱,seasoning,,扩展食材,seasoning,0,1,verified,1,调味料
1463,低钠酱油,seasoning,,扩展食材,seasoning,0,1,verified,1,调味料
1464,佐料,other_food,,扩展食材,other_food,0,1,review,2,菜谱实际使用名称，待进一步规范
1465,佐料和素材分配,composite,,扩展食材,composite,0,1,review,1,疑似复合名称，组成未完全确认
1466,余干辣椒,seasoning,,扩展食材,seasoning,0,1,verified,1,调味料
1467,佛系料酒,seasoning,,扩展食材,seasoning,0,1,verified,1,调味料
1468,佛系生抽,other_food,,扩展食材,other_food,0,1,review,1,菜谱实际使用名称，待进一步规范
1469,你个茄子,other_food,,扩展食材,other_food,0,1,review,1,菜谱实际使用名称，待进一步规范
1470,你们可以买你们喜欢蔬菜蔬菜,other_food,,扩展食材,other_food,0,1,review,1,菜谱实际使用名称，待进一步规范
1471,你看着办吧茄子,other_food,,扩展食材,other_food,0,1,review,1,菜谱实际使用名称，待进一步规范
1472,依个人口味冰糖,seasoning,,扩展食材,seasoning,0,1,verified,1,调味料
1473,依个人口味添加盐,seasoning,,扩展食材,seasoning,0,1,verified,1,调味料
1474,依个人口味盐,seasoning,,扩展食材,seasoning,0,1,verified,2,调味料
1475,依个人口味红辣椒,other_food,,扩展食材,other_food,0,1,review,1,菜谱实际使用名称，待进一步规范
1476,依个人喜好五花肉,other_food,,扩展食材,other_food,0,1,review,1,菜谱实际使用名称，待进一步规范
1477,依个人喜好香菜,other_food,,扩展食材,other_food,0,1,review,1,菜谱实际使用名称，待进一步规范
1478,依个人盐,other_food,,扩展食材,other_food,0,1,review,1,菜谱实际使用名称，待进一步规范
1479,依个人酱油,seasoning,,扩展食材,seasoning,0,1,verified,1,调味料
1480,依个人量面,other_food,,扩展食材,other_food,0,1,review,1,菜谱实际使用名称，待进一步规范
1481,依人数自定鸡腿,other_food,,扩展食材,other_food,0,1,review,1,菜谱实际使用名称，待进一步规范
1482,依口味增减土豆,other_food,,扩展食材,other_food,0,1,review,1,菜谱实际使用名称，待进一步规范
1483,依口味增减香菇,other_food,,扩展食材,other_food,0,1,review,1,菜谱实际使用名称，待进一步规范
1484,依情况而定盐,other_food,,扩展食材,other_food,0,1,review,1,菜谱实际使用名称，待进一步规范
1485,依据个人口味生抽,other_food,,扩展食材,other_food,0,1,review,1,菜谱实际使用名称，待进一步规范
1486,依据个人口味白糖,other_food,,扩展食材,other_food,0,1,review,1,菜谱实际使用名称，待进一步规范
1487,依据个人饭量挂面,other_food,,扩展食材,other_food,0,1,review,1,菜谱实际使用名称，待进一步规范
1488,依据自己口味盐,other_food,,扩展食材,other_food,0,1,review,1,菜谱实际使用名称，待进一步规范
1489,保鲜膜,other_food,,扩展食材,other_food,0,1,review,2,菜谱实际使用名称，待进一步规范
1490,保鲜袋,other_food,,扩展食材,other_food,0,1,review,1,菜谱实际使用名称，待进一步规范
1491,保鲜黄鱼,other_food,,扩展食材,other_food,0,1,review,1,菜谱实际使用名称，待进一步规范
1492,俩勺蚝油,seasoning,,扩展食材,seasoning,0,1,verified,1,调味料
1493,俩鸡蛋,other_food,,扩展食材,other_food,0,1,review,1,菜谱实际使用名称，待进一步规范
1494,個洋蔥,other_food,,扩展食材,other_food,0,1,review,1,菜谱实际使用名称，待进一步规范
1495,倍鸡蛋液温水,other_food,,扩展食材,other_food,0,1,review,1,菜谱实际使用名称，待进一步规范
1496,倍鸡蛋液量温水,other_food,,扩展食材,other_food,0,1,review,1,菜谱实际使用名称，待进一步规范
1497,倒几圈生抽,other_food,,扩展食材,other_food,0,1,review,1,菜谱实际使用名称，待进一步规范
1498,倒笃菜,other_food,,扩展食材,other_food,0,1,review,1,菜谱实际使用名称，待进一步规范
1499,假鲍鱼,other_food,,扩展食材,other_food,0,1,review,1,菜谱实际使用名称，待进一步规范
1500,偏口鱼,other_food,,扩展食材,other_food,0,1,review,1,菜谱实际使用名称，待进一步规范
1501,偏肥五花肉,other_food,,扩展食材,other_food,0,1,review,1,菜谱实际使用名称，待进一步规范
1502,做了两碗衢州细粉干,other_food,,扩展食材,other_food,0,1,review,1,菜谱实际使用名称，待进一步规范
1503,做成酱香豆角丝炒饼增加下列食材,other_food,,扩展食材,other_food,0,1,review,1,菜谱实际使用名称，待进一步规范
1504,健力米粉,processed,,扩展食材,processed,0,1,verified,1,加工、半成品、乳制品或饮品
1505,傣族水腌菜,other_food,,扩展食材,other_food,0,1,review,1,菜谱实际使用名称，待进一步规范
1506,储备,other_food,,扩展食材,other_food,0,1,review,1,菜谱实际使用名称，待进一步规范
1507,儿丝瓜,other_food,,扩展食材,other_food,0,1,review,1,菜谱实际使用名称，待进一步规范
1508,儿冰糖,seasoning,,扩展食材,seasoning,0,1,verified,1,调味料
1509,儿切丝红辣椒,other_food,,扩展食材,other_food,0,1,review,1,菜谱实际使用名称，待进一步规范
1510,儿切片蒜,other_food,,扩展食材,other_food,0,1,review,1,菜谱实际使用名称，待进一步规范
1511,儿大蒜,other_food,,扩展食材,other_food,0,1,review,3,菜谱实际使用名称，待进一步规范
1512,儿姜,other_food,,扩展食材,other_food,0,1,review,1,菜谱实际使用名称，待进一步规范
1513,儿桂皮,other_food,,扩展食材,other_food,0,1,review,1,菜谱实际使用名称，待进一步规范
1514,儿白胡椒粉,seasoning,,扩展食材,seasoning,0,1,verified,1,调味料
1515,儿童酱油,seasoning,,扩展食材,seasoning,0,1,verified,1,调味料
1516,儿童香肠,processed,,扩展食材,processed,0,1,verified,1,加工、半成品、乳制品或饮品
1517,儿肥肉,other_food,,扩展食材,other_food,0,1,review,1,菜谱实际使用名称，待进一步规范
1518,儿草鱼,other_food,,扩展食材,other_food,0,1,review,1,菜谱实际使用名称，待进一步规范
1519,儿菜,other_food,,扩展食材,other_food,0,1,review,4,菜谱实际使用名称，待进一步规范
1520,儿葱,other_food,,扩展食材,other_food,0,1,review,1,菜谱实际使用名称，待进一步规范
1521,儿蒜,other_food,,扩展食材,other_food,0,1,review,4,菜谱实际使用名称，待进一步规范
1522,儿蒜瓣儿,other_food,,扩展食材,other_food,0,1,review,1,菜谱实际使用名称，待进一步规范
1523,儿青椒,other_food,,扩展食材,other_food,0,1,review,1,菜谱实际使用名称，待进一步规范
1524,元牛腩,other_food,,扩展食材,other_food,0,1,review,1,菜谱实际使用名称，待进一步规范
1525,元猪肉,other_food,,扩展食材,other_food,0,1,review,1,菜谱实际使用名称，待进一步规范
1526,元猪肉馅,other_food,,扩展食材,other_food,0,1,review,1,菜谱实际使用名称，待进一步规范
1527,元瘦肉,other_food,,扩展食材,other_food,0,1,review,2,菜谱实际使用名称，待进一步规范
1528,元白菜,other_food,,扩展食材,other_food,0,1,review,1,菜谱实际使用名称，待进一步规范
1529,元绿豆芽,other_food,,扩展食材,other_food,0,1,review,1,菜谱实际使用名称，待进一步规范
1530,元葱,other_food,,扩展食材,other_food,0,1,review,1,菜谱实际使用名称，待进一步规范
1531,元鲜辣椒,other_food,,扩展食材,other_food,0,1,review,1,菜谱实际使用名称，待进一步规范
1532,光鱼,other_food,,扩展食材,other_food,0,1,review,1,菜谱实际使用名称，待进一步规范
1533,光鸡,other_food,,扩展食材,other_food,0,1,review,1,菜谱实际使用名称，待进一步规范
1534,克,other_food,,扩展食材,other_food,0,1,review,7,菜谱实际使用名称，待进一步规范
1535,克冰糖,seasoning,,扩展食材,seasoning,0,1,verified,1,调味料
1536,克大蒜,other_food,,扩展食材,other_food,0,1,review,1,菜谱实际使用名称，待进一步规范
1537,克油,seasoning,,扩展食材,seasoning,0,1,verified,1,调味料
1538,克海南黄灯笼辣椒酱,seasoning,,扩展食材,seasoning,0,1,verified,1,调味料
1539,克盐,seasoning,,扩展食材,seasoning,0,1,verified,5,调味料
1540,克糖,seasoning,,扩展食材,seasoning,0,1,verified,1,调味料
1541,克面粉,processed,,扩展食材,processed,0,1,verified,1,加工、半成品、乳制品或饮品
1542,克鸡精,other_food,,扩展食材,other_food,0,1,review,1,菜谱实际使用名称，待进一步规范
1543,克黄油,seasoning,,扩展食材,seasoning,0,1,verified,1,调味料
1544,免剁豆瓣酱,seasoning,,扩展食材,seasoning,0,1,verified,1,调味料
1545,免泡粉条,processed,,扩展食材,processed,0,1,verified,1,加工、半成品、乳制品或饮品
1546,免浆虾仁,other_food,,扩展食材,other_food,0,1,review,1,菜谱实际使用名称，待进一步规范
1547,兔,other_food,,扩展食材,other_food,0,1,review,1,菜谱实际使用名称，待进一步规范
1548,兔子,other_food,,扩展食材,other_food,0,1,review,1,菜谱实际使用名称，待进一步规范
1549,兔子肉,other_food,,扩展食材,other_food,0,1,review,1,菜谱实际使用名称，待进一步规范
1550,兔子腿,other_food,,扩展食材,other_food,0,1,review,1,菜谱实际使用名称，待进一步规范
1551,党参,other_food,,扩展食材,other_food,0,1,review,10,菜谱实际使用名称，待进一步规范
1552,入锅前放盐,other_food,,扩展食材,other_food,0,1,review,1,菜谱实际使用名称，待进一步规范
1553,全虾仁,other_food,,扩展食材,other_food,0,1,review,1,菜谱实际使用名称，待进一步规范
1554,全部,other_food,,扩展食材,other_food,0,1,review,1,菜谱实际使用名称，待进一步规范
1555,全鸡翅,other_food,,扩展食材,other_food,0,1,review,1,菜谱实际使用名称，待进一步规范
1556,全鸡腿,other_food,,扩展食材,other_food,0,1,review,1,菜谱实际使用名称，待进一步规范
1557,全麦吐司,processed,,扩展食材,processed,0,1,verified,2,加工、半成品、乳制品或饮品
1558,全麦面,other_food,,扩展食材,other_food,0,1,review,1,菜谱实际使用名称，待进一步规范
1559,全麦面粉,processed,,扩展食材,processed,0,1,verified,4,加工、半成品、乳制品或饮品
1560,兩个小辣椒,other_food,,扩展食材,other_food,0,1,review,1,菜谱实际使用名称，待进一步规范
1561,八两五花肉,other_food,,扩展食材,other_food,0,1,review,1,菜谱实际使用名称，待进一步规范
1562,八两鱼块,other_food,,扩展食材,other_food,0,1,review,1,菜谱实际使用名称，待进一步规范
1563,八仙酱或红油豆瓣酱,seasoning,,扩展食材,seasoning,0,1,verified,1,调味料
1564,八分之洋葱,other_food,,扩展食材,other_food,0,1,review,1,菜谱实际使用名称，待进一步规范
1565,八角,seasoning,,扩展食材,seasoning,0,1,verified,581,调味料
1566,八角/桂皮/香叶,composite,,扩展食材,composite,0,1,review,1,疑似复合名称，组成未完全确认
1567,八角丁香老蔻草果砂仁,other_food,,扩展食材,other_food,0,1,review,1,菜谱实际使用名称，待进一步规范
1568,八角五香,other_food,,扩展食材,other_food,0,1,review,1,菜谱实际使用名称，待进一步规范
1569,八角大料,seasoning,,扩展食材,seasoning,0,1,verified,3,调味料
1570,八角小茴香干辣椒花椒粒,seasoning,,扩展食材,seasoning,0,1,verified,1,调味料
1571,八角木耳,other_food,,扩展食材,other_food,0,1,review,1,菜谱实际使用名称，待进一步规范
1572,八角桂皮,seasoning,,扩展食材,seasoning,0,1,verified,1,调味料
1573,八角桂皮等烧菜调料,seasoning,,扩展食材,seasoning,0,1,verified,1,调味料
1574,八角桂皮香叶,seasoning,,扩展食材,seasoning,0,1,verified,4,调味料
1575,八角桂皮香叶花椒,seasoning,,扩展食材,seasoning,0,1,verified,1,调味料
1576,八角粉,seasoning,,扩展食材,seasoning,0,1,verified,2,调味料
1577,八角花椒一把,other_food,,扩展食材,other_food,0,1,review,1,菜谱实际使用名称，待进一步规范
1578,八角茴香,seasoning,,扩展食材,seasoning,0,1,verified,1,调味料
1579,八角香叶,seasoning,,扩展食材,seasoning,0,1,verified,3,调味料
1580,八角香叶桂皮,seasoning,,扩展食材,seasoning,0,1,verified,1,调味料
1581,八角香叶桂皮等大料,other_food,,扩展食材,other_food,0,1,review,1,菜谱实际使用名称，待进一步规范
1582,公母配对一对海马,other_food,,扩展食材,other_food,0,1,review,1,菜谱实际使用名称，待进一步规范
1583,公鸡,other_food,,扩展食材,other_food,0,1,review,7,菜谱实际使用名称，待进一步规范
1584,六两牛腩,other_food,,扩展食材,other_food,0,1,review,1,菜谱实际使用名称，待进一步规范
1585,六分之洋葱,other_food,,扩展食材,other_food,0,1,review,1,菜谱实际使用名称，待进一步规范
1586,六婆辣椒粉,seasoning,,扩展食材,seasoning,0,1,verified,1,调味料
1587,六婆辣椒面,seasoning,,扩展食材,seasoning,0,1,verified,1,调味料
1588,六必居豆瓣酱,seasoning,,扩展食材,seasoning,0,1,verified,1,调味料
1589,六月香葱伴侣豆瓣酱,seasoning,,扩展食材,seasoning,0,1,verified,1,调味料
1590,六月香豆瓣酱,seasoning,,扩展食材,seasoning,0,1,verified,6,调味料
1591,六月香酱,seasoning,,扩展食材,seasoning,0,1,verified,1,调味料
1592,六月鲜,other_food,,扩展食材,other_food,0,1,review,5,菜谱实际使用名称，待进一步规范
1593,六月鲜特级原汁酱油,seasoning,,扩展食材,seasoning,0,1,verified,1,调味料
1594,六月鲜特级酱油,seasoning,,扩展食材,seasoning,0,1,verified,1,调味料
1595,六月鲜生抽,seasoning,,扩展食材,seasoning,0,1,verified,3,调味料
1596,六月鲜豆瓣酱,seasoning,,扩展食材,seasoning,0,1,verified,1,调味料
1597,六月鲜酱油,seasoning,,扩展食材,seasoning,0,1,verified,1,调味料
1598,六瘦肉四肥肉肉糜,other_food,,扩展食材,other_food,0,1,review,1,菜谱实际使用名称，待进一步规范
1599,兰花豆腐干,processed,,扩展食材,processed,0,1,verified,1,加工、半成品、乳制品或饮品
1600,共料酒,seasoning,,扩展食材,seasoning,0,1,verified,1,调味料
1601,共泡红辣椒,other_food,,扩展食材,other_food,0,1,review,1,菜谱实际使用名称，待进一步规范
1602,共胡萝卜&黄萝卜,composite,,扩展食材,composite,0,1,review,1,疑似复合名称，组成未完全确认
1603,共花椒,other_food,,扩展食材,other_food,0,1,review,1,菜谱实际使用名称，待进一步规范
1604,共青辣椒红辣椒,other_food,,扩展食材,other_food,0,1,review,1,菜谱实际使用名称，待进一步规范
1605,其中一面表面,other_food,,扩展食材,other_food,0,1,review,1,菜谱实际使用名称，待进一步规范
1606,其他,generic,,扩展食材,generic,0,1,review,4,宽泛名称，保留原义而不猜测具体品种
1607,其他你喜欢各种菜,generic,,扩展食材,generic,0,1,review,1,宽泛名称，保留原义而不猜测具体品种
1608,其他各种绿菜添加,generic,,扩展食材,generic,0,1,review,1,宽泛名称，保留原义而不猜测具体品种
1609,其他喜欢菜,generic,,扩展食材,generic,0,1,review,2,宽泛名称，保留原义而不猜测具体品种
1610,其他料,generic,,扩展食材,generic,0,1,review,2,宽泛名称，保留原义而不猜测具体品种
1611,其他材料,generic,,扩展食材,generic,0,1,review,2,宽泛名称，保留原义而不猜测具体品种
1612,其他果脯,processed,,扩展食材,processed,0,1,verified,1,加工、半成品、乳制品或饮品
1613,其他根据自己口味增加,generic,,扩展食材,generic,0,1,review,1,宽泛名称，保留原义而不猜测具体品种
1614,其他海鲜,generic,,扩展食材,generic,0,1,review,1,宽泛名称，保留原义而不猜测具体品种
1615,其他蔬菜,generic,,扩展食材,generic,0,1,review,3,宽泛名称，保留原义而不猜测具体品种
1616,其他配料,generic,,扩展食材,generic,0,1,review,2,宽泛名称，保留原义而不猜测具体品种
1617,其他食材,generic,,扩展食材,generic,0,1,review,1,宽泛名称，保留原义而不猜测具体品种
1618,其他香料,generic,,扩展食材,generic,0,1,review,1,宽泛名称，保留原义而不猜测具体品种
1619,其它,other_food,,扩展食材,other_food,0,1,review,1,菜谱实际使用名称，待进一步规范
1620,其实调料如料酒油糖盐,other_food,,扩展食材,other_food,0,1,review,1,菜谱实际使用名称，待进一步规范
1621,具体材料见步骤,non_food,,扩展食材,non_food,0,0,review,1,疑似工具、包装或操作说明
1622,具体量没算,other_food,,扩展食材,other_food,0,1,review,1,菜谱实际使用名称，待进一步规范
1623,内脂豆腐,processed,,扩展食材,processed,0,1,verified,14,加工、半成品、乳制品或饮品
1624,内酯,other_food,,扩展食材,other_food,0,1,review,1,菜谱实际使用名称，待进一步规范
1625,内酯豆腐,processed,,扩展食材,processed,0,1,verified,22,加工、半成品、乳制品或饮品
1626,内鲍鱼菇,other_food,,扩展食材,other_food,0,1,review,1,菜谱实际使用名称，待进一步规范
1627,农家大酱,seasoning,,扩展食材,seasoning,0,1,verified,1,调味料
1628,农家腐竹,processed,,扩展食材,processed,0,1,verified,1,加工、半成品、乳制品或饮品
1629,农家蛋,other_food,,扩展食材,other_food,0,1,review,1,菜谱实际使用名称，待进一步规范
1630,冠军豆,other_food,,扩展食材,other_food,0,1,review,1,菜谱实际使用名称，待进一步规范
1631,冠利红椰菜,other_food,,扩展食材,other_food,0,1,review,1,菜谱实际使用名称，待进一步规范
1632,冠利腌番茄,other_food,,扩展食材,other_food,0,1,review,1,菜谱实际使用名称，待进一步规范
1633,冠利鸡尾洋葱,other_food,,扩展食材,other_food,0,1,review,1,菜谱实际使用名称，待进一步规范
1634,冠生园宴会汁鲜味酱油,seasoning,,扩展食材,seasoning,0,1,verified,1,调味料
1635,冬乌,other_food,,扩展食材,other_food,0,1,review,1,菜谱实际使用名称，待进一步规范
1636,冬瓜钱,other_food,,扩展食材,other_food,0,1,review,1,菜谱实际使用名称，待进一步规范
1637,冬笋尖,other_food,,扩展食材,other_food,0,1,review,1,菜谱实际使用名称，待进一步规范
1638,冬粉,other_food,,扩展食材,other_food,0,1,review,1,菜谱实际使用名称，待进一步规范
1639,冬苋菜,other_food,,扩展食材,other_food,0,1,review,1,菜谱实际使用名称，待进一步规范
1640,冬茹,other_food,,扩展食材,other_food,0,1,review,1,菜谱实际使用名称，待进一步规范
1641,冬阴功块,other_food,,扩展食材,other_food,0,1,review,1,菜谱实际使用名称，待进一步规范
1642,冬阴功底料,seasoning,,扩展食材,seasoning,0,1,verified,1,调味料
1643,冬阴功料包,seasoning,,扩展食材,seasoning,0,1,verified,1,调味料
1644,冬阴功汤料,seasoning,,扩展食材,seasoning,0,1,verified,1,调味料
1645,冬阴功酱,seasoning,,扩展食材,seasoning,0,1,verified,2,调味料
1646,冰格冰块,other_food,,扩展食材,other_food,0,1,review,1,菜谱实际使用名称，待进一步规范
1647,冰梅酱,seasoning,,扩展食材,seasoning,0,1,verified,1,调味料
1648,冰糖,seasoning,,扩展食材,seasoning,0,1,verified,333,调味料
1649,冰糖/白砂糖,composite,,扩展食材,composite,0,1,review,1,疑似复合名称，组成未完全确认
1650,冰糖/白糖,composite,,扩展食材,composite,0,1,review,2,疑似复合名称，组成未完全确认
1651,冰糖/砂糖,composite,,扩展食材,composite,0,1,review,1,疑似复合名称，组成未完全确认
1652,冰糖或白糖,seasoning,,扩展食材,seasoning,0,1,verified,1,调味料
1653,冰糖粉,seasoning,,扩展食材,seasoning,0,1,verified,2,调味料
1654,冰糖粉或白砂糖,composite,,扩展食材,composite,0,1,review,1,疑似复合名称，组成未完全确认
1655,冰糖老抽,seasoning,,扩展食材,seasoning,0,1,verified,1,调味料
1656,冰花牌梅子酱,seasoning,,扩展食材,seasoning,0,1,verified,1,调味料
1657,冰花酸梅酱,seasoning,,扩展食材,seasoning,0,1,verified,1,调味料
1658,冰草,other_food,,扩展食材,other_food,0,1,review,1,菜谱实际使用名称，待进一步规范
1659,冰鲜鱿鱼干辣椒辣酱番茄酱,seasoning,,扩展食材,seasoning,0,1,verified,1,调味料
1660,冲菜,other_food,,扩展食材,other_food,0,1,review,1,菜谱实际使用名称，待进一步规范
1661,冷冻蔬菜,other_food,,扩展食材,other_food,0,1,review,1,菜谱实际使用名称，待进一步规范
1662,冷吃牛肉牛肉,other_food,,扩展食材,other_food,0,1,review,1,菜谱实际使用名称，待进一步规范
1663,冷水,other_food,,扩展食材,other_food,0,1,review,2,菜谱实际使用名称，待进一步规范
1664,冷米饭,processed,,扩展食材,processed,0,1,verified,1,加工、半成品、乳制品或饮品
1665,冻干松茸菌,other_food,,扩展食材,other_food,0,1,review,1,菜谱实际使用名称，待进一步规范
1666,冻豆腐,processed,,扩展食材,processed,0,1,verified,22,加工、半成品、乳制品或饮品
1667,冻青虾仁,other_food,,扩展食材,other_food,0,1,review,1,菜谱实际使用名称，待进一步规范
1668,净水,other_food,,扩展食材,other_food,0,1,review,1,菜谱实际使用名称，待进一步规范
1669,净澳牛牛腱,other_food,,扩展食材,other_food,0,1,review,1,菜谱实际使用名称，待进一步规范
1670,净米饭,processed,,扩展食材,processed,0,1,verified,1,加工、半成品、乳制品或饮品
1671,准备碗调制料汁儿,other_food,,扩展食材,other_food,0,1,review,1,菜谱实际使用名称，待进一步规范
1672,凉开水,other_food,,扩展食材,other_food,0,1,review,4,菜谱实际使用名称，待进一步规范
1673,凉开水清水,other_food,,扩展食材,other_food,0,1,review,1,菜谱实际使用名称，待进一步规范
1674,凉水或冰水,composite,,扩展食材,composite,0,1,review,1,疑似复合名称，组成未完全确认
1675,凉白开,other_food,,扩展食材,other_food,0,1,review,6,菜谱实际使用名称，待进一步规范
1676,凉白开水,other_food,,扩展食材,other_food,0,1,review,2,菜谱实际使用名称，待进一步规范
1677,凉皮,other_food,,扩展食材,other_food,0,1,review,1,菜谱实际使用名称，待进一步规范
1678,凉粉,other_food,,扩展食材,other_food,0,1,review,2,菜谱实际使用名称，待进一步规范
1679,减盐生抽,seasoning,,扩展食材,seasoning,0,1,verified,1,调味料
1680,减脂重点水飞蓟油,seasoning,,扩展食材,seasoning,0,1,verified,1,调味料
1681,几个油面筋,processed,,扩展食材,processed,0,1,verified,1,加工、半成品、乳制品或饮品
1682,几个砂仁,other_food,,扩展食材,other_food,0,1,review,1,菜谱实际使用名称，待进一步规范
1683,几个糕鱿/吹筒仔,composite,,扩展食材,composite,0,1,review,1,疑似复合名称，组成未完全确认
1684,几个蘑菇,other_food,,扩展食材,other_food,0,1,review,1,菜谱实际使用名称，待进一步规范
1685,几个虾头,other_food,,扩展食材,other_food,0,1,review,1,菜谱实际使用名称，待进一步规范
1686,几个都可以鸡蛋,other_food,,扩展食材,other_food,0,1,review,1,菜谱实际使用名称，待进一步规范
1687,几个青红椒,composite,,扩展食材,composite,0,1,verified,1,明确多食材组合，组成见桥接表
1688,几克盐,seasoning,,扩展食材,seasoning,0,1,verified,1,调味料
1689,几克胡椒粉,other_food,,扩展食材,other_food,0,1,review,1,菜谱实际使用名称，待进一步规范
1690,几克葱花,other_food,,扩展食材,other_food,0,1,review,1,菜谱实际使用名称，待进一步规范
1691,几克面粉,processed,,扩展食材,processed,0,1,verified,1,加工、半成品、乳制品或饮品
1692,几勺蚝油,seasoning,,扩展食材,seasoning,0,1,verified,1,调味料
1693,几块克冰糖,other_food,,扩展食材,other_food,0,1,review,1,菜谱实际使用名称，待进一步规范
1694,几块冰糖,other_food,,扩展食材,other_food,0,1,review,1,菜谱实际使用名称，待进一步规范
1695,几块泡白萝卜,other_food,,扩展食材,other_food,0,1,review,1,菜谱实际使用名称，待进一步规范
1696,几块豆腐,processed,,扩展食材,processed,0,1,verified,1,加工、半成品、乳制品或饮品
1697,几块都行洋葱块,other_food,,扩展食材,other_food,0,1,review,1,菜谱实际使用名称，待进一步规范
1698,几小块火腿,processed,,扩展食材,processed,0,1,verified,1,加工、半成品、乳制品或饮品
1699,几小段葱,other_food,,扩展食材,other_food,0,1,review,1,菜谱实际使用名称，待进一步规范
1700,几小片切碎姜,non_food,,扩展食材,non_food,0,0,review,1,疑似工具、包装或操作说明
1701,几把生花生米,other_food,,扩展食材,other_food,0,1,review,1,菜谱实际使用名称，待进一步规范
1702,几木耳,other_food,,扩展食材,other_food,0,1,review,1,菜谱实际使用名称，待进一步规范
1703,几朵,other_food,,扩展食材,other_food,0,1,review,1,菜谱实际使用名称，待进一步规范
1704,几朵嫩芽迷迭香,seasoning,,扩展食材,seasoning,0,1,verified,1,调味料
1705,几朵平菇,other_food,,扩展食材,other_food,0,1,review,3,菜谱实际使用名称，待进一步规范
1706,几朵木耳,other_food,,扩展食材,other_food,0,1,review,3,菜谱实际使用名称，待进一步规范
1707,几朵菜花,other_food,,扩展食材,other_food,0,1,review,1,菜谱实际使用名称，待进一步规范
1708,几朵西兰花,other_food,,扩展食材,other_food,0,1,review,2,菜谱实际使用名称，待进一步规范
1709,几朵香菇,other_food,,扩展食材,other_food,0,1,review,4,菜谱实际使用名称，待进一步规范
1710,几朵黑木耳,other_food,,扩展食材,other_food,0,1,review,1,菜谱实际使用名称，待进一步规范
1711,几条金针,other_food,,扩展食材,other_food,0,1,review,1,菜谱实际使用名称，待进一步规范
1712,几条😆😂莴笋丝,other_food,,扩展食材,other_food,0,1,review,1,菜谱实际使用名称，待进一步规范
1713,几棵小白菜,other_food,,扩展食材,other_food,0,1,review,1,菜谱实际使用名称，待进一步规范
1714,几段大葱,other_food,,扩展食材,other_food,0,1,review,1,菜谱实际使用名称，待进一步规范
1715,几段葱,other_food,,扩展食材,other_food,0,1,review,2,菜谱实际使用名称，待进一步规范
1716,几段葱段,other_food,,扩展食材,other_food,0,1,review,1,菜谱实际使用名称，待进一步规范
1717,几滴即可香油,seasoning,,扩展食材,seasoning,0,1,verified,1,调味料
1718,几滴料酒,seasoning,,扩展食材,seasoning,0,1,verified,2,调味料
1719,几滴柠檬汁,seasoning,,扩展食材,seasoning,0,1,verified,2,调味料
1720,几滴柠檬汁或者白醋,seasoning,,扩展食材,seasoning,0,1,verified,1,调味料
1721,几滴橄榄油,seasoning,,扩展食材,seasoning,0,1,verified,1,调味料
1722,几滴油,seasoning,,扩展食材,seasoning,0,1,verified,1,调味料
1723,几滴生抽,other_food,,扩展食材,other_food,0,1,review,1,菜谱实际使用名称，待进一步规范
1724,几滴白酒,seasoning,,扩展食材,seasoning,0,1,verified,1,调味料
1725,几滴白醋,seasoning,,扩展食材,seasoning,0,1,verified,2,调味料
1726,几滴老抽,seasoning,,扩展食材,seasoning,0,1,verified,6,调味料
1727,几滴芝麻油,seasoning,,扩展食材,seasoning,0,1,verified,2,调味料
1728,几滴芝麻香油,seasoning,,扩展食材,seasoning,0,1,verified,1,调味料
1729,几滴葡萄籽油,seasoning,,扩展食材,seasoning,0,1,verified,1,调味料
1730,几滴酱油,seasoning,,扩展食材,seasoning,0,1,verified,1,调味料
1731,几滴醋,seasoning,,扩展食材,seasoning,0,1,verified,10,调味料
1732,几滴香油,seasoning,,扩展食材,seasoning,0,1,verified,20,调味料
1733,几滴香油或核桃油,seasoning,,扩展食材,seasoning,0,1,verified,1,调味料
1734,几滴香醋,seasoning,,扩展食材,seasoning,0,1,verified,3,调味料
1735,几滴麻油,seasoning,,扩展食材,seasoning,0,1,verified,3,调味料
1736,几点麻油,seasoning,,扩展食材,seasoning,0,1,verified,1,调味料
1737,几瓣大蒜,other_food,,扩展食材,other_food,0,1,review,3,菜谱实际使用名称，待进一步规范
1738,几瓣蒜,other_food,,扩展食材,other_food,0,1,review,10,菜谱实际使用名称，待进一步规范
1739,几瓣蒜瓣,other_food,,扩展食材,other_food,0,1,review,2,菜谱实际使用名称，待进一步规范
1740,几粒冰糖,other_food,,扩展食材,other_food,0,1,review,1,菜谱实际使用名称，待进一步规范
1741,几粒味精,other_food,,扩展食材,other_food,0,1,review,1,菜谱实际使用名称，待进一步规范
1742,几粒干花椒,other_food,,扩展食材,other_food,0,1,review,1,菜谱实际使用名称，待进一步规范
1743,几粒干贝,processed,,扩展食材,processed,0,1,verified,1,加工、半成品、乳制品或饮品
1744,几粒枸杞,other_food,,扩展食材,other_food,0,1,review,3,菜谱实际使用名称，待进一步规范
1745,几粒毛豆仁,other_food,,扩展食材,other_food,0,1,review,1,菜谱实际使用名称，待进一步规范
1746,几粒玉米粒,other_food,,扩展食材,other_food,0,1,review,1,菜谱实际使用名称，待进一步规范
1747,几粒瑶柱,other_food,,扩展食材,other_food,0,1,review,1,菜谱实际使用名称，待进一步规范
1748,几粒花椒,seasoning,,扩展食材,seasoning,0,1,verified,7,调味料
1749,几花椒,other_food,,扩展食材,other_food,0,1,review,2,菜谱实际使用名称，待进一步规范
1750,几颗干花椒,other_food,,扩展食材,other_food,0,1,review,1,菜谱实际使用名称，待进一步规范
1751,几颗粒花椒,other_food,,扩展食材,other_food,0,1,review,1,菜谱实际使用名称，待进一步规范
1752,几颗红枣,other_food,,扩展食材,other_food,0,1,review,1,菜谱实际使用名称，待进一步规范
1753,几颗花椒,seasoning,,扩展食材,seasoning,0,1,verified,2,调味料
1754,几颗野山椒,other_food,,扩展食材,other_food,0,1,review,1,菜谱实际使用名称，待进一步规范
1755,凤尾,other_food,,扩展食材,other_food,0,1,review,1,菜谱实际使用名称，待进一步规范
1756,凤尾菇,other_food,,扩展食材,other_food,0,1,review,1,菜谱实际使用名称，待进一步规范
1757,凤爪,other_food,,扩展食材,other_food,0,1,review,2,菜谱实际使用名称，待进一步规范
1758,凭个人喜好老干妈,other_food,,扩展食材,other_food,0,1,review,1,菜谱实际使用名称，待进一步规范
1759,凭感觉盐,other_food,,扩展食材,other_food,0,1,review,1,菜谱实际使用名称，待进一步规范
1760,凭自己手感,other_food,,扩展食材,other_food,0,1,review,1,菜谱实际使用名称，待进一步规范
1761,凯瑞奶油奶酪,processed,,扩展食材,processed,0,1,verified,1,加工、半成品、乳制品或饮品
1762,出锅前按个人口味放盐,other_food,,扩展食材,other_food,0,1,review,1,菜谱实际使用名称，待进一步规范
1763,出锅前调味盐,other_food,,扩展食材,other_food,0,1,review,1,菜谱实际使用名称，待进一步规范
1764,刀削面,other_food,,扩展食材,other_food,0,1,review,1,菜谱实际使用名称，待进一步规范
1765,刀背拍碎大蒜头,other_food,,扩展食材,other_food,0,1,review,1,菜谱实际使用名称，待进一步规范
1766,分之十三香,seasoning,,扩展食材,seasoning,0,1,verified,1,调味料
1767,分之柠檬,other_food,,扩展食材,other_food,0,1,review,1,菜谱实际使用名称，待进一步规范
1768,分之洋葱,other_food,,扩展食材,other_food,0,1,review,3,菜谱实际使用名称，待进一步规范
1769,分之胡萝卜,other_food,,扩展食材,other_food,0,1,review,1,菜谱实际使用名称，待进一步规范
1770,分之荞麦面,other_food,,扩展食材,other_food,0,1,review,1,菜谱实际使用名称，待进一步规范
1771,分之葱,other_food,,扩展食材,other_food,0,1,review,1,菜谱实际使用名称，待进一步规范
1772,分之辣椒仔,other_food,,扩展食材,other_food,0,1,review,1,菜谱实际使用名称，待进一步规范
1773,分之酸萝卜,processed,,扩展食材,processed,0,1,verified,1,加工、半成品、乳制品或饮品
1774,分之鸡精,other_food,,扩展食材,other_food,0,1,review,3,菜谱实际使用名称，待进一步规范
1775,分之鸡胸肉,other_food,,扩展食材,other_food,0,1,review,1,菜谱实际使用名称，待进一步规范
1776,分装黄油,seasoning,,扩展食材,seasoning,0,1,verified,1,调味料
1777,分钟时间,other_food,,扩展食材,other_food,0,1,review,1,菜谱实际使用名称，待进一步规范
1778,分面条,processed,,扩展食材,processed,0,1,verified,1,加工、半成品、乳制品或饮品
1779,切丁二荆条,other_food,,扩展食材,other_food,0,1,review,1,菜谱实际使用名称，待进一步规范
1780,切丁琵琶腿,other_food,,扩展食材,other_food,0,1,review,1,菜谱实际使用名称，待进一步规范
1781,切丝姜,other_food,,扩展食材,other_food,0,1,review,1,菜谱实际使用名称，待进一步规范
1782,切几片没可以不要蒜,other_food,,扩展食材,other_food,0,1,review,1,菜谱实际使用名称，待进一步规范
1783,切圈小米辣,other_food,,扩展食材,other_food,0,1,review,1,菜谱实际使用名称，待进一步规范
1784,切块紫薯,other_food,,扩展食材,other_food,0,1,review,1,菜谱实际使用名称，待进一步规范
1785,切大块鱼翅瓜,processed,,扩展食材,processed,0,1,verified,1,加工、半成品、乳制品或饮品
1786,切好南瓜,non_food,,扩展食材,non_food,0,0,review,1,疑似工具、包装或操作说明
1787,切小丁青椒或甜椒,composite,,扩展食材,composite,0,1,review,1,疑似复合名称，组成未完全确认
1788,切小块南瓜,other_food,,扩展食材,other_food,0,1,review,1,菜谱实际使用名称，待进一步规范
1789,切小块土豆,other_food,,扩展食材,other_food,0,1,review,1,菜谱实际使用名称，待进一步规范
1790,切小块红薯,other_food,,扩展食材,other_food,0,1,review,1,菜谱实际使用名称，待进一步规范
1791,切小葱葱花,other_food,,扩展食材,other_food,0,1,review,1,菜谱实际使用名称，待进一步规范
1792,切开香菇干冬菇泡软,other_food,,扩展食材,other_food,0,1,review,1,菜谱实际使用名称，待进一步规范
1793,切成丁葱,other_food,,扩展食材,other_food,0,1,review,1,菜谱实际使用名称，待进一步规范
1794,切成丝姜,other_food,,扩展食材,other_food,0,1,review,1,菜谱实际使用名称，待进一步规范
1795,切成丝姜丝,other_food,,扩展食材,other_food,0,1,review,1,菜谱实际使用名称，待进一步规范
1796,切成几小条生姜,other_food,,扩展食材,other_food,0,1,review,1,菜谱实际使用名称，待进一步规范
1797,切成圈儿小米椒,other_food,,扩展食材,other_food,0,1,review,1,菜谱实际使用名称，待进一步规范
1798,切成块冻豆腐,processed,,扩展食材,processed,0,1,verified,1,加工、半成品、乳制品或饮品
1799,切成方块青椒,other_food,,扩展食材,other_food,0,1,review,1,菜谱实际使用名称，待进一步规范
1800,切成末姜末,other_food,,扩展食材,other_food,0,1,review,1,菜谱实际使用名称，待进一步规范
1801,切成末蒜末,other_food,,扩展食材,other_food,0,1,review,1,菜谱实际使用名称，待进一步规范
1802,切成片蒜,other_food,,扩展食材,other_food,0,1,review,1,菜谱实际使用名称，待进一步规范
1803,切成碎粒面包切片,processed,,扩展食材,processed,0,1,verified,1,加工、半成品、乳制品或饮品
1804,切成粒大蒜,other_food,,扩展食材,other_food,0,1,review,1,菜谱实际使用名称，待进一步规范
1805,切成粒生姜,other_food,,扩展食材,other_food,0,1,review,1,菜谱实际使用名称，待进一步规范
1806,切成葱花葱,other_food,,扩展食材,other_food,0,1,review,1,菜谱实际使用名称，待进一步规范
1807,切断葱花,other_food,,扩展食材,other_food,0,1,review,1,菜谱实际使用名称，待进一步规范
1808,切条青椒,other_food,,扩展食材,other_food,0,1,review,1,菜谱实际使用名称，待进一步规范
1809,切滚刀块葱白,other_food,,扩展食材,other_food,0,1,review,1,菜谱实际使用名称，待进一步规范
1810,切滚刀长辣椒,other_food,,扩展食材,other_food,0,1,review,1,菜谱实际使用名称，待进一步规范
1811,切粒姜粒,other_food,,扩展食材,other_food,0,1,review,1,菜谱实际使用名称，待进一步规范
1812,切粒蒜,other_food,,扩展食材,other_food,0,1,review,1,菜谱实际使用名称，待进一步规范
1813,切粗丝姜,other_food,,扩展食材,other_food,0,1,review,1,菜谱实际使用名称，待进一步规范
1814,切细葱,other_food,,扩展食材,other_food,0,1,review,1,菜谱实际使用名称，待进一步规范
1815,切花葱,other_food,,扩展食材,other_food,0,1,review,2,菜谱实际使用名称，待进一步规范
1816,切葱段葱,other_food,,扩展食材,other_food,0,1,review,1,菜谱实际使用名称，待进一步规范
1817,切葱花小香葱,other_food,,扩展食材,other_food,0,1,review,1,菜谱实际使用名称，待进一步规范
1818,切葱花葱,other_food,,扩展食材,other_food,0,1,review,2,菜谱实际使用名称，待进一步规范
1819,切薄片五花肉,other_food,,扩展食材,other_food,0,1,review,1,菜谱实际使用名称，待进一步规范
1820,切薄片羊腿肉,other_food,,扩展食材,other_food,0,1,review,1,菜谱实际使用名称，待进一步规范
1821,切记酱料不要弄错李锦记豆瓣酱,seasoning,,扩展食材,seasoning,0,1,verified,1,调味料
1822,切面,other_food,,扩展食材,other_food,0,1,review,1,菜谱实际使用名称，待进一步规范
1823,切颗颗姜,other_food,,扩展食材,other_food,0,1,review,1,菜谱实际使用名称，待进一步规范
1824,初榨橄榄油,seasoning,,扩展食材,seasoning,0,1,verified,1,调味料
1825,初生蛋,other_food,,扩展食材,other_food,0,1,review,1,菜谱实际使用名称，待进一步规范
1826,利虾虾仁,other_food,,扩展食材,other_food,0,1,review,1,菜谱实际使用名称，待进一步规范
1827,别人地里胡萝卜,other_food,,扩展食材,other_food,0,1,review,1,菜谱实际使用名称，待进一步规范
1828,刷表面蜂蜜水,non_food,,扩展食材,non_food,0,0,review,1,疑似工具、包装或操作说明
1829,刺竹笋,other_food,,扩展食材,other_food,0,1,review,1,菜谱实际使用名称，待进一步规范
1830,刺黄瓜,other_food,,扩展食材,other_food,0,1,review,1,菜谱实际使用名称，待进一步规范
1831,剁椒,processed,,扩展食材,processed,0,1,verified,48,加工、半成品、乳制品或饮品
1832,剁椒豆豉酱,seasoning,,扩展食材,seasoning,0,1,verified,1,调味料
1833,剁椒辣酱,seasoning,,扩展食材,seasoning,0,1,verified,1,调味料
1834,剁椒酱,seasoning,,扩展食材,seasoning,0,1,verified,15,调味料
1835,剁椒酱或者辣椒,processed,,扩展食材,processed,0,1,verified,1,加工、半成品、乳制品或饮品
1836,剁辣椒,processed,,扩展食材,processed,0,1,verified,17,加工、半成品、乳制品或饮品
1837,剁辣椒酱,seasoning,,扩展食材,seasoning,0,1,verified,1,调味料
1838,前夹肉,other_food,,扩展食材,other_food,0,1,review,1,菜谱实际使用名称，待进一步规范
1839,前尖肉,other_food,,扩展食材,other_food,0,1,review,1,菜谱实际使用名称，待进一步规范
1840,前排排骨,other_food,,扩展食材,other_food,0,1,review,1,菜谱实际使用名称，待进一步规范
1841,前腿五花肉,other_food,,扩展食材,other_food,0,1,review,1,菜谱实际使用名称，待进一步规范
1842,前腿猪肉,other_food,,扩展食材,other_food,0,1,review,1,菜谱实际使用名称，待进一步规范
1843,前腿肉,generic,,扩展食材,generic,0,1,review,8,宽泛名称，保留原义而不猜测具体品种
1844,剔骨鸡腿肉,other_food,,扩展食材,other_food,0,1,review,1,菜谱实际使用名称，待进一步规范
1845,剥开蒜,other_food,,扩展食材,other_food,0,1,review,1,菜谱实际使用名称，待进一步规范
1846,剥皮鱼,other_food,,扩展食材,other_food,0,1,review,1,菜谱实际使用名称，待进一步规范
1847,剩下鸡,other_food,,扩展食材,other_food,0,1,review,1,菜谱实际使用名称，待进一步规范
1848,剩炸鱼,other_food,,扩展食材,other_food,0,1,review,1,菜谱实际使用名称，待进一步规范
1849,剩米饭,processed,,扩展食材,processed,0,1,verified,5,加工、半成品、乳制品或饮品
1850,剩米饭🍚,processed,,扩展食材,processed,0,1,verified,1,加工、半成品、乳制品或饮品
1851,剩菜鸡肉,processed,,扩展食材,processed,0,1,verified,1,加工、半成品、乳制品或饮品
1852,剩面,other_food,,扩展食材,other_food,0,1,review,1,菜谱实际使用名称，待进一步规范
1853,剩饭,other_food,,扩展食材,other_food,0,1,review,2,菜谱实际使用名称，待进一步规范
1854,剪刀,other_food,,扩展食材,other_food,0,1,review,2,菜谱实际使用名称，待进一步规范
1855,剪成小段干辣椒,seasoning,,扩展食材,seasoning,0,1,verified,1,调味料
1856,剪碎土佬帽银耳,other_food,,扩展食材,other_food,0,1,review,1,菜谱实际使用名称，待进一步规范
1857,副猪脑,other_food,,扩展食材,other_food,0,1,review,1,菜谱实际使用名称，待进一步规范
1858,副鸡杂,other_food,,扩展食材,other_food,0,1,review,1,菜谱实际使用名称，待进一步规范
1859,副鸡架,other_food,,扩展食材,other_food,0,1,review,1,菜谱实际使用名称，待进一步规范
1860,副鸡肝,other_food,,扩展食材,other_food,0,1,review,1,菜谱实际使用名称，待进一步规范
1861,副鸡肠,processed,,扩展食材,processed,0,1,verified,1,加工、半成品、乳制品或饮品
1862,加一勺汁玫瑰腐乳,seasoning,,扩展食材,seasoning,0,1,verified,1,调味料
1863,加入蛋液料酒,seasoning,,扩展食材,seasoning,0,1,verified,1,调味料
1864,加加牌减盐生抽,other_food,,扩展食材,other_food,0,1,review,1,菜谱实际使用名称，待进一步规范
1865,加料金针菇豆腐,processed,,扩展食材,processed,0,1,verified,1,加工、半成品、乳制品或饮品
1866,加水后一小碗水淀粉,processed,,扩展食材,processed,0,1,verified,1,加工、半成品、乳制品或饮品
1867,加水步骤加牛奶会更香,processed,,扩展食材,processed,0,1,verified,1,加工、半成品、乳制品或饮品
1868,加点水稀释成蛋黄液蛋黄,other_food,,扩展食材,other_food,0,1,review,1,菜谱实际使用名称，待进一步规范
1869,加糯米十三香辣椒粉花椒粉,other_food,,扩展食材,other_food,0,1,review,1,菜谱实际使用名称，待进一步规范
1870,加进水里焯水,non_food,,扩展食材,non_food,0,0,review,1,疑似工具、包装或操作说明
1871,加都可以粉丝,processed,,扩展食材,processed,0,1,verified,1,加工、半成品、乳制品或饮品
1872,加饭酒或料酒,seasoning,,扩展食材,seasoning,0,1,verified,1,调味料
1873,勺,other_food,,扩展食材,other_food,0,1,review,1,菜谱实际使用名称，待进一步规范
1874,勺料酒,seasoning,,扩展食材,seasoning,0,1,verified,1,调味料
1875,勺清水水淀粉,processed,,扩展食材,processed,0,1,verified,1,加工、半成品、乳制品或饮品
1876,勺盐,seasoning,,扩展食材,seasoning,0,1,verified,1,调味料
1877,勺醋,seasoning,,扩展食材,seasoning,0,1,verified,1,调味料
1878,勺鸡精,seasoning,,扩展食材,seasoning,0,1,verified,2,调味料
1879,勾芡,other_food,,扩展食材,other_food,0,1,review,2,菜谱实际使用名称，待进一步规范
1880,勾芡水淀粉,seasoning,,扩展食材,seasoning,0,1,verified,1,调味料
1881,勾芡生粉,other_food,,扩展食材,other_food,0,1,review,2,菜谱实际使用名称，待进一步规范
1882,包川南老坛酸菜鱼佐料包,processed,,扩展食材,processed,0,1,verified,1,加工、半成品、乳制品或饮品
1883,包榨菜,other_food,,扩展食材,other_food,0,1,review,1,菜谱实际使用名称，待进一步规范
1884,包泡椒,processed,,扩展食材,processed,0,1,verified,1,加工、半成品、乳制品或饮品
1885,包海苔片,processed,,扩展食材,processed,0,1,verified,1,加工、半成品、乳制品或饮品
1886,包装榨菜,other_food,,扩展食材,other_food,0,1,review,1,菜谱实际使用名称，待进一步规范
1887,包辣椒酱,seasoning,,扩展食材,seasoning,0,1,verified,1,调味料
1888,包酸菜,processed,,扩展食材,processed,0,1,verified,1,加工、半成品、乳制品或饮品
1889,包香松,other_food,,扩展食材,other_food,0,1,review,1,菜谱实际使用名称，待进一步规范
1890,化猪油,seasoning,,扩展食材,seasoning,0,1,verified,1,调味料
1891,北杏仁,other_food,,扩展食材,other_food,0,1,review,1,菜谱实际使用名称，待进一步规范
1892,北极甜虾,other_food,,扩展食材,other_food,0,1,review,1,菜谱实际使用名称，待进一步规范
1893,北极贝,other_food,,扩展食材,other_food,0,1,review,1,菜谱实际使用名称，待进一步规范
1894,北海沙虫干,other_food,,扩展食材,other_food,0,1,review,1,菜谱实际使用名称，待进一步规范
1895,北芪,other_food,,扩展食材,other_food,0,1,review,1,菜谱实际使用名称，待进一步规范
1896,北虫草,other_food,,扩展食材,other_food,0,1,review,1,菜谱实际使用名称，待进一步规范
1897,北豆腐,processed,,扩展食材,processed,0,1,verified,33,加工、半成品、乳制品或饮品
1898,北鼎珐琅铸铁锅,other_food,,扩展食材,other_food,0,1,review,2,菜谱实际使用名称，待进一步规范
1899,北鼎铸铁锅,other_food,,扩展食材,other_food,0,1,review,1,菜谱实际使用名称，待进一步规范
1900,匙一品鲜酱油,seasoning,,扩展食材,seasoning,0,1,verified,2,调味料
1901,匙五香粉,seasoning,,扩展食材,seasoning,0,1,verified,1,调味料
1902,匙剁椒,processed,,扩展食材,processed,0,1,verified,3,加工、半成品、乳制品或饮品
1903,匙勺香醋,seasoning,,扩展食材,seasoning,0,1,verified,1,调味料
1904,匙勺黄豆酱,seasoning,,扩展食材,seasoning,0,1,verified,1,调味料
1905,匙南乳酱,seasoning,,扩展食材,seasoning,0,1,verified,1,调味料
1906,匙味精,other_food,,扩展食材,other_food,0,1,review,1,菜谱实际使用名称，待进一步规范
1907,匙土豆淀粉,processed,,扩展食材,processed,0,1,verified,1,加工、半成品、乳制品或饮品
1908,匙姜切碎榨姜汁,non_food,,扩展食材,non_food,0,0,review,1,疑似工具、包装或操作说明
1909,匙料酒,seasoning,,扩展食材,seasoning,0,1,verified,7,调味料
1910,匙植物油,seasoning,,扩展食材,seasoning,0,1,verified,1,调味料
1911,匙椰奶,processed,,扩展食材,processed,0,1,verified,1,加工、半成品、乳制品或饮品
1912,匙橄榄油,seasoning,,扩展食材,seasoning,0,1,verified,1,调味料
1913,匙油,seasoning,,扩展食材,seasoning,0,1,verified,2,调味料
1914,匙泰国辣酱,seasoning,,扩展食材,seasoning,0,1,verified,1,调味料
1915,匙海天海鲜酱,seasoning,,扩展食材,seasoning,0,1,verified,1,调味料
1916,匙淀粉,processed,,扩展食材,processed,0,1,verified,1,加工、半成品、乳制品或饮品
1917,匙生抽,other_food,,扩展食材,other_food,0,1,review,8,菜谱实际使用名称，待进一步规范
1918,匙白砂糖,seasoning,,扩展食材,seasoning,0,1,verified,2,调味料
1919,匙白糖,other_food,,扩展食材,other_food,0,1,review,2,菜谱实际使用名称，待进一步规范
1920,匙盐,other_food,,扩展食材,other_food,0,1,review,10,菜谱实际使用名称，待进一步规范
1921,匙糖,other_food,,扩展食材,other_food,0,1,review,5,菜谱实际使用名称，待进一步规范
1922,匙素蚝油,seasoning,,扩展食材,seasoning,0,1,verified,7,调味料
1923,匙紹興酒,seasoning,,扩展食材,seasoning,0,1,verified,1,调味料
1924,匙红油,seasoning,,扩展食材,seasoning,0,1,verified,1,调味料
1925,匙老抽,other_food,,扩展食材,other_food,0,1,review,3,菜谱实际使用名称，待进一步规范
1926,匙耗油,seasoning,,扩展食材,seasoning,0,1,verified,1,调味料
1927,匙胡椒粉,other_food,,扩展食材,other_food,0,1,review,2,菜谱实际使用名称，待进一步规范
1928,匙色拉油,seasoning,,扩展食材,seasoning,0,1,verified,1,调味料
1929,匙花椒,other_food,,扩展食材,other_food,0,1,review,1,菜谱实际使用名称，待进一步规范
1930,匙花椒油,seasoning,,扩展食材,seasoning,0,1,verified,1,调味料
1931,匙花生油,seasoning,,扩展食材,seasoning,0,1,verified,1,调味料
1932,匙蚝油,seasoning,,扩展食材,seasoning,0,1,verified,6,调味料
1933,匙蛋黄酱,seasoning,,扩展食材,seasoning,0,1,verified,1,调味料
1934,匙豆豉,other_food,,扩展食材,other_food,0,1,review,1,菜谱实际使用名称，待进一步规范
1935,匙豌豆粉,other_food,,扩展食材,other_food,0,1,review,1,菜谱实际使用名称，待进一步规范
1936,匙郫县豆瓣,other_food,,扩展食材,other_food,0,1,review,1,菜谱实际使用名称，待进一步规范
1937,匙酱油,seasoning,,扩展食材,seasoning,0,1,verified,5,调味料
1938,匙醋,seasoning,,扩展食材,seasoning,0,1,verified,3,调味料
1939,匙陈醋,seasoning,,扩展食材,seasoning,0,1,verified,1,调味料
1940,匙香油,seasoning,,扩展食材,seasoning,0,1,verified,1,调味料
1941,匙马拉盞,other_food,,扩展食材,other_food,0,1,review,1,菜谱实际使用名称，待进一步规范
1942,匙鱼露,other_food,,扩展食材,other_food,0,1,review,1,菜谱实际使用名称，待进一步规范
1943,匙鸡汁,other_food,,扩展食材,other_food,0,1,review,2,菜谱实际使用名称，待进一步规范
1944,匙鸡粉,other_food,,扩展食材,other_food,0,1,review,1,菜谱实际使用名称，待进一步规范
1945,匙鸡精,other_food,,扩展食材,other_food,0,1,review,3,菜谱实际使用名称，待进一步规范
1946,匙鸡精粉,other_food,,扩展食材,other_food,0,1,review,1,菜谱实际使用名称，待进一步规范
1947,匙黄豆酱,seasoning,,扩展食材,seasoning,0,1,verified,1,调味料
1948,匙黑胡椒粉,seasoning,,扩展食材,seasoning,0,1,verified,1,调味料
1949,匙🥄甜酱油,seasoning,,扩展食材,seasoning,0,1,verified,1,调味料
1950,匙🥄生抽,other_food,,扩展食材,other_food,0,1,review,1,菜谱实际使用名称，待进一步规范
1951,十三香,seasoning,,扩展食材,seasoning,0,1,verified,135,调味料
1952,十三香/五香粉,composite,,扩展食材,composite,0,1,review,1,疑似复合名称，组成未完全确认
1953,十三香生抽老抽料酒耗油,seasoning,,扩展食材,seasoning,0,1,verified,1,调味料
1954,十三香粉,seasoning,,扩展食材,seasoning,0,1,verified,2,调味料
1955,十五年普洱老生茶,processed,,扩展食材,processed,0,1,verified,1,加工、半成品、乳制品或饮品
1956,十余只海白虾,other_food,,扩展食材,other_food,0,1,review,1,菜谱实际使用名称，待进一步规范
1957,十公分长大葱,other_food,,扩展食材,other_food,0,1,review,1,菜谱实际使用名称，待进一步规范
1958,十几个水饺或馄饨,processed,,扩展食材,processed,0,1,verified,1,加工、半成品、乳制品或饮品
1959,十几只台湾草虾,other_food,,扩展食材,other_food,0,1,review,1,菜谱实际使用名称，待进一步规范
1960,十几只虾,other_food,,扩展食材,other_food,0,1,review,1,菜谱实际使用名称，待进一步规范
1961,十几朵平菇,other_food,,扩展食材,other_food,0,1,review,1,菜谱实际使用名称，待进一步规范
1962,十几朵香菇,other_food,,扩展食材,other_food,0,1,review,1,菜谱实际使用名称，待进一步规范
1963,十几粒花椒,other_food,,扩展食材,other_food,0,1,review,10,菜谱实际使用名称，待进一步规范
1964,十几粒豆豉,other_food,,扩展食材,other_food,0,1,review,1,菜谱实际使用名称，待进一步规范
1965,十几颗花椒,other_food,,扩展食材,other_food,0,1,review,1,菜谱实际使用名称，待进一步规范
1966,十多颗山黄皮,other_food,,扩展食材,other_food,0,1,review,1,菜谱实际使用名称，待进一步规范
1967,十来个小茴香,other_food,,扩展食材,other_food,0,1,review,1,菜谱实际使用名称，待进一步规范
1968,十来只香菇,other_food,,扩展食材,other_food,0,1,review,1,菜谱实际使用名称，待进一步规范
1969,十来瓣蒜,other_food,,扩展食材,other_food,0,1,review,1,菜谱实际使用名称，待进一步规范
1970,十来粒花椒,other_food,,扩展食材,other_food,0,1,review,1,菜谱实际使用名称，待进一步规范
1971,十谷米,other_food,,扩展食材,other_food,0,1,review,1,菜谱实际使用名称，待进一步规范
1972,千叶豆腐,processed,,扩展食材,processed,0,1,verified,5,加工、半成品、乳制品或饮品
1973,千夜豆腐,processed,,扩展食材,processed,0,1,verified,1,加工、半成品、乳制品或饮品
1974,千层,other_food,,扩展食材,other_food,0,1,review,1,菜谱实际使用名称，待进一步规范
1975,千层肚牛百叶,other_food,,扩展食材,other_food,0,1,review,1,菜谱实际使用名称，待进一步规范
1976,千张,processed,,扩展食材,processed,0,1,verified,15,加工、半成品、乳制品或饮品
1977,千张香菇豆芽,processed,,扩展食材,processed,0,1,verified,1,加工、半成品、乳制品或饮品
1978,千禧果,other_food,,扩展食材,other_food,0,1,review,1,菜谱实际使用名称，待进一步规范
1979,千里香,other_food,,扩展食材,other_food,0,1,review,1,菜谱实际使用名称，待进一步规范
1980,千页豆腐,processed,,扩展食材,processed,0,1,verified,6,加工、半成品、乳制品或饮品
1981,升元辣白菜腌料,other_food,,扩展食材,other_food,0,1,review,1,菜谱实际使用名称，待进一步规范
1982,升净水,other_food,,扩展食材,other_food,0,1,review,1,菜谱实际使用名称，待进一步规范
1983,升水,other_food,,扩展食材,other_food,0,1,review,1,菜谱实际使用名称，待进一步规范
1984,升热水,other_food,,扩展食材,other_food,0,1,review,1,菜谱实际使用名称，待进一步规范
1985,午餐肉,processed,,扩展食材,processed,0,1,verified,24,加工、半成品、乳制品或饮品
1986,午餐肉/火腿/咸肉,processed,,扩展食材,processed,0,1,verified,1,加工、半成品、乳制品或饮品
1987,半不锈钢勺酱油,seasoning,,扩展食材,seasoning,0,1,verified,1,调味料
1988,半八角,other_food,,扩展食材,other_food,0,1,review,1,菜谱实际使用名称，待进一步规范
1989,半勺糖,other_food,,扩展食材,other_food,0,1,review,1,菜谱实际使用名称，待进一步规范
1990,半勺老抽,other_food,,扩展食材,other_food,0,1,review,1,菜谱实际使用名称，待进一步规范
1991,半匙勺白糖,other_food,,扩展食材,other_food,0,1,review,1,菜谱实际使用名称，待进一步规范
1992,半匙料酒,seasoning,,扩展食材,seasoning,0,1,verified,1,调味料
1993,半匙普宁豆酱,seasoning,,扩展食材,seasoning,0,1,verified,1,调味料
1994,半匙生抽,other_food,,扩展食材,other_food,0,1,review,1,菜谱实际使用名称，待进一步规范
1995,半匙白胡椒粉,other_food,,扩展食材,other_food,0,1,review,1,菜谱实际使用名称，待进一步规范
1996,半匙盐,other_food,,扩展食材,other_food,0,1,review,3,菜谱实际使用名称，待进一步规范
1997,半匙糖,other_food,,扩展食材,other_food,0,1,review,2,菜谱实际使用名称，待进一步规范
1998,半匙胡椒粉,other_food,,扩展食材,other_food,0,1,review,1,菜谱实际使用名称，待进一步规范
1999,半匙花生酱,seasoning,,扩展食材,seasoning,0,1,verified,1,调味料
2000,半匙醋,seasoning,,扩展食材,seasoning,0,1,verified,1,调味料
2001,半南乳,other_food,,扩展食材,other_food,0,1,review,1,菜谱实际使用名称，待进一步规范
2002,半卤水豆腐,processed,,扩展食材,processed,0,1,verified,1,加工、半成品、乳制品或饮品
2003,半只就好鱿鱼干小,processed,,扩展食材,processed,0,1,verified,1,加工、半成品、乳制品或饮品
2004,半只鸡,other_food,,扩展食材,other_food,0,1,review,1,菜谱实际使用名称，待进一步规范
2005,半圈南瓜,other_food,,扩展食材,other_food,0,1,review,1,菜谱实际使用名称，待进一步规范
2006,半圈海天海鲜酱油,seasoning,,扩展食材,seasoning,0,1,verified,1,调味料
2007,半圈生抽,other_food,,扩展食材,other_food,0,1,review,2,菜谱实际使用名称，待进一步规范
2008,半壶开水,other_food,,扩展食材,other_food,0,1,review,1,菜谱实际使用名称，待进一步规范
2009,半大油豆,other_food,,扩展食材,other_food,0,1,review,1,菜谱实际使用名称，待进一步规范
2010,半小碗剁椒,processed,,扩展食材,processed,0,1,verified,1,加工、半成品、乳制品或饮品
2011,半小碗啤酒,seasoning,,扩展食材,seasoning,0,1,verified,1,调味料
2012,半小碗水,other_food,,扩展食材,other_food,0,1,review,1,菜谱实际使用名称，待进一步规范
2013,半小碗泡姜,processed,,扩展食材,processed,0,1,verified,1,加工、半成品、乳制品或饮品
2014,半小碗泡椒,processed,,扩展食材,processed,0,1,verified,1,加工、半成品、乳制品或饮品
2015,半小碗清水,other_food,,扩展食材,other_food,0,1,review,1,菜谱实际使用名称，待进一步规范
2016,半小碗生抽,other_food,,扩展食材,other_food,0,1,review,1,菜谱实际使用名称，待进一步规范
2017,半小碗红酒,seasoning,,扩展食材,seasoning,0,1,verified,1,调味料
2018,半小碗豆豉,other_food,,扩展食材,other_food,0,1,review,1,菜谱实际使用名称，待进一步规范
2019,半小碗面包粉,processed,,扩展食材,processed,0,1,verified,1,加工、半成品、乳制品或饮品
2020,半小碗面粉,processed,,扩展食材,processed,0,1,verified,1,加工、半成品、乳制品或饮品
2021,半小锅铲老抽,other_food,,扩展食材,other_food,0,1,review,1,菜谱实际使用名称，待进一步规范
2022,半干葱花,other_food,,扩展食材,other_food,0,1,review,1,菜谱实际使用名称，待进一步规范
2023,半干面条或鲜面条,processed,,扩展食材,processed,0,1,verified,1,加工、半成品、乳制品或饮品
2024,半截大葱,other_food,,扩展食材,other_food,0,1,review,1,菜谱实际使用名称，待进一步规范
2025,半截山药,other_food,,扩展食材,other_food,0,1,review,1,菜谱实际使用名称，待进一步规范
2026,半截白萝卜,other_food,,扩展食材,other_food,0,1,review,1,菜谱实际使用名称，待进一步规范
2027,半截胡萝卜,other_food,,扩展食材,other_food,0,1,review,2,菜谱实际使用名称，待进一步规范
2028,半截藕,other_food,,扩展食材,other_food,0,1,review,1,菜谱实际使用名称，待进一步规范
2029,半支水煮冬笋,other_food,,扩展食材,other_food,0,1,review,1,菜谱实际使用名称，待进一步规范
2030,半支苦肠,processed,,扩展食材,processed,0,1,verified,1,加工、半成品、乳制品或饮品
2031,半料勺十三香,other_food,,扩展食材,other_food,0,1,review,1,菜谱实际使用名称，待进一步规范
2032,半料酒,seasoning,,扩展食材,seasoning,0,1,verified,2,调味料
2033,半斤莴笋,other_food,,扩展食材,other_food,0,1,review,1,菜谱实际使用名称，待进一步规范
2034,半斤鱼蛋,other_food,,扩展食材,other_food,0,1,review,1,菜谱实际使用名称，待进一步规范
2035,半柠檬,other_food,,扩展食材,other_food,0,1,review,1,菜谱实际使用名称，待进一步规范
2036,半柱侯酱,seasoning,,扩展食材,seasoning,0,1,verified,1,调味料
2037,半橄榄油,seasoning,,扩展食材,seasoning,0,1,verified,1,调味料
2038,半段胡萝卜,other_food,,扩展食材,other_food,0,1,review,1,菜谱实际使用名称，待进一步规范
2039,半段葱,other_food,,扩展食材,other_food,0,1,review,1,菜谱实际使用名称，待进一步规范
2040,半段藕,other_food,,扩展食材,other_food,0,1,review,1,菜谱实际使用名称，待进一步规范
2041,半水,other_food,,扩展食材,other_food,0,1,review,1,菜谱实际使用名称，待进一步规范
2042,半油条,processed,,扩展食材,processed,0,1,verified,1,加工、半成品、乳制品或饮品
2043,半油豆腐,processed,,扩展食材,processed,0,1,verified,1,加工、半成品、乳制品或饮品
2044,半洋葱,other_food,,扩展食材,other_food,0,1,review,3,菜谱实际使用名称，待进一步规范
2045,半淀粉,seasoning,,扩展食材,seasoning,0,1,verified,4,调味料
2046,半炒面面条,processed,,扩展食材,processed,0,1,verified,1,加工、半成品、乳制品或饮品
2047,半熟海螺肉,processed,,扩展食材,processed,0,1,verified,1,加工、半成品、乳制品或饮品
2048,半熟花生米,processed,,扩展食材,processed,0,1,verified,1,加工、半成品、乳制品或饮品
2049,半牛腩,other_food,,扩展食材,other_food,0,1,review,1,菜谱实际使用名称，待进一步规范
2050,半独蒜,other_food,,扩展食材,other_food,0,1,review,1,菜谱实际使用名称，待进一步规范
2051,半猪肉,other_food,,扩展食材,other_food,0,1,review,1,菜谱实际使用名称，待进一步规范
2052,半瓷勺料酒,seasoning,,扩展食材,seasoning,0,1,verified,1,调味料
2053,半瓷勺淀粉,processed,,扩展食材,processed,0,1,verified,1,加工、半成品、乳制品或饮品
2054,半瓷勺老抽,other_food,,扩展食材,other_food,0,1,review,1,菜谱实际使用名称，待进一步规范
2055,半瓷勺豆瓣酱,seasoning,,扩展食材,seasoning,0,1,verified,1,调味料
2056,半瓷勺醋,seasoning,,扩展食材,seasoning,0,1,verified,1,调味料
2057,半瓷勺鱼露,other_food,,扩展食材,other_food,0,1,review,1,菜谱实际使用名称，待进一步规范
2058,半甜醋,seasoning,,扩展食材,seasoning,0,1,verified,1,调味料
2059,半生抽,seasoning,,扩展食材,seasoning,0,1,verified,4,调味料
2060,半生粉,other_food,,扩展食材,other_food,0,1,review,1,菜谱实际使用名称，待进一步规范
2061,半白糖,other_food,,扩展食材,other_food,0,1,review,2,菜谱实际使用名称，待进一步规范
2062,半白萝卜,other_food,,扩展食材,other_food,0,1,review,1,菜谱实际使用名称，待进一步规范
2063,半白醋,seasoning,,扩展食材,seasoning,0,1,verified,1,调味料
2064,半盆黑木耳,other_food,,扩展食材,other_food,0,1,review,1,菜谱实际使用名称，待进一步规范
2065,半盐,other_food,,扩展食材,other_food,0,1,review,14,菜谱实际使用名称，待进一步规范
2066,半米,other_food,,扩展食材,other_food,0,1,review,1,菜谱实际使用名称，待进一步规范
2067,半糖,other_food,,扩展食材,other_food,0,1,review,3,菜谱实际使用名称，待进一步规范
2068,半罗氏虾,other_food,,扩展食材,other_food,0,1,review,1,菜谱实际使用名称，待进一步规范
2069,半老抽,other_food,,扩展食材,other_food,0,1,review,5,菜谱实际使用名称，待进一步规范
2070,半肉,other_food,,扩展食材,other_food,0,1,review,1,菜谱实际使用名称，待进一步规范
2071,半肥半瘦五花肉糜佳猪肉糜,other_food,,扩展食材,other_food,0,1,review,1,菜谱实际使用名称，待进一步规范
2072,半肥瘦猪肉,other_food,,扩展食材,other_food,0,1,review,1,菜谱实际使用名称，待进一步规范
2073,半肥瘦猪肉块,other_food,,扩展食材,other_food,0,1,review,1,菜谱实际使用名称，待进一步规范
2074,半肥瘦猪肉沫,other_food,,扩展食材,other_food,0,1,review,1,菜谱实际使用名称，待进一步规范
2075,半肥瘦肉末,other_food,,扩展食材,other_food,0,1,review,1,菜谱实际使用名称，待进一步规范
2076,半腌肉干淀粉,processed,,扩展食材,processed,0,1,verified,1,加工、半成品、乳制品或饮品
2077,半节捡来藕,other_food,,扩展食材,other_food,0,1,review,1,菜谱实际使用名称，待进一步规范
2078,半节脆藕,other_food,,扩展食材,other_food,0,1,review,1,菜谱实际使用名称，待进一步规范
2079,半节莲藕,other_food,,扩展食材,other_food,0,1,review,1,菜谱实际使用名称，待进一步规范
2080,半节藕,other_food,,扩展食材,other_food,0,1,review,3,菜谱实际使用名称，待进一步规范
2081,半花椒粉,other_food,,扩展食材,other_food,0,1,review,1,菜谱实际使用名称，待进一步规范
2082,半花蛤,other_food,,扩展食材,other_food,0,1,review,1,菜谱实际使用名称，待进一步规范
2083,半苗芹菜,other_food,,扩展食材,other_food,0,1,review,1,菜谱实际使用名称，待进一步规范
2084,半茶勺/糖,composite,,扩展食材,composite,0,1,review,1,疑似复合名称，组成未完全确认
2085,半茶勺柱侯酱,seasoning,,扩展食材,seasoning,0,1,verified,1,调味料
2086,半茶勺海盐,other_food,,扩展食材,other_food,0,1,review,1,菜谱实际使用名称，待进一步规范
2087,半茶勺淀粉,processed,,扩展食材,processed,0,1,verified,1,加工、半成品、乳制品或饮品
2088,半茶勺白糖,other_food,,扩展食材,other_food,0,1,review,2,菜谱实际使用名称，待进一步规范
2089,半茶勺盐,seasoning,,扩展食材,seasoning,0,1,verified,2,调味料
2090,半茶勺花椒粉,other_food,,扩展食材,other_food,0,1,review,1,菜谱实际使用名称，待进一步规范
2091,半茶勺花生油,seasoning,,扩展食材,seasoning,0,1,verified,1,调味料
2092,半茶勺蒸鱼酱油,seasoning,,扩展食材,seasoning,0,1,verified,1,调味料
2093,半茶勺蚝油,seasoning,,扩展食材,seasoning,0,1,verified,1,调味料
2094,半萝卜,other_food,,扩展食材,other_food,0,1,review,1,菜谱实际使用名称，待进一步规范
2095,半蚝油,seasoning,,扩展食材,seasoning,0,1,verified,1,调味料
2096,半蛏子,other_food,,扩展食材,other_food,0,1,review,1,菜谱实际使用名称，待进一步规范
2097,半西芹,other_food,,扩展食材,other_food,0,1,review,1,菜谱实际使用名称，待进一步规范
2098,半调料勺白胡椒,other_food,,扩展食材,other_food,0,1,review,1,菜谱实际使用名称，待进一步规范
2099,半调料勺盐,other_food,,扩展食材,other_food,0,1,review,1,菜谱实际使用名称，待进一步规范
2100,半调料勺糖,other_food,,扩展食材,other_food,0,1,review,1,菜谱实际使用名称，待进一步规范
2101,半调羹白糖,other_food,,扩展食材,other_food,0,1,review,1,菜谱实际使用名称，待进一步规范
2102,半豆瓣酱,seasoning,,扩展食材,seasoning,0,1,verified,3,调味料
2103,半跟杏鲍菇,other_food,,扩展食材,other_food,0,1,review,1,菜谱实际使用名称，待进一步规范
2104,半辣豆瓣酱,seasoning,,扩展食材,seasoning,0,1,verified,1,调味料
2105,半边鸡,other_food,,扩展食材,other_food,0,1,review,1,菜谱实际使用名称，待进一步规范
2106,半边鸡肉,other_food,,扩展食材,other_food,0,1,review,1,菜谱实际使用名称，待进一步规范
2107,半郫县豆瓣酱,seasoning,,扩展食材,seasoning,0,1,verified,1,调味料
2108,半酱油,seasoning,,扩展食材,seasoning,0,1,verified,2,调味料
2109,半酸菜,processed,,扩展食材,processed,0,1,verified,1,加工、半成品、乳制品或饮品
2110,半量匙米饭,processed,,扩展食材,processed,0,1,verified,1,加工、半成品、乳制品或饮品
2111,半量杯广东米酒,seasoning,,扩展食材,seasoning,0,1,verified,1,调味料
2112,半锅凉水,other_food,,扩展食材,other_food,0,1,review,1,菜谱实际使用名称，待进一步规范
2113,半锅剩米饭,processed,,扩展食材,processed,0,1,verified,1,加工、半成品、乳制品或饮品
2114,半锅植物油,seasoning,,扩展食材,seasoning,0,1,verified,1,调味料
2115,半锅清水,other_food,,扩展食材,other_food,0,1,review,2,菜谱实际使用名称，待进一步规范
2116,半锅花生油,seasoning,,扩展食材,seasoning,0,1,verified,1,调味料
2117,半锅酱油,seasoning,,扩展食材,seasoning,0,1,verified,1,调味料
2118,半锅铲生抽,other_food,,扩展食材,other_food,0,1,review,1,菜谱实际使用名称，待进一步规范
2119,半锅铲老抽,other_food,,扩展食材,other_food,0,1,review,1,菜谱实际使用名称，待进一步规范
2120,半青椒,other_food,,扩展食材,other_food,0,1,review,1,菜谱实际使用名称，待进一步规范
2121,半顆高麗菜,other_food,,扩展食材,other_food,0,1,review,1,菜谱实际使用名称，待进一步规范
2122,半饭碗水淀粉,processed,,扩展食材,processed,0,1,verified,1,加工、半成品、乳制品或饮品
2123,半饭碗油,seasoning,,扩展食材,seasoning,0,1,verified,1,调味料
2124,半香叶,other_food,,扩展食材,other_food,0,1,review,1,菜谱实际使用名称，待进一步规范
2125,半香醋,seasoning,,扩展食材,seasoning,0,1,verified,1,调味料
2126,半鲜虾,other_food,,扩展食材,other_food,0,1,review,1,菜谱实际使用名称，待进一步规范
2127,半鳝丝,other_food,,扩展食材,other_food,0,1,review,1,菜谱实际使用名称，待进一步规范
2128,半鸡精,other_food,,扩展食材,other_food,0,1,review,1,菜谱实际使用名称，待进一步规范
2129,半鸭,other_food,,扩展食材,other_food,0,1,review,1,菜谱实际使用名称，待进一步规范
2130,半黄豆酱,seasoning,,扩展食材,seasoning,0,1,verified,3,调味料
2131,半黄酒,seasoning,,扩展食材,seasoning,0,1,verified,1,调味料
2132,单晶冰糖,seasoning,,扩展食材,seasoning,0,1,verified,3,调味料
2133,单片木耳,other_food,,扩展食材,other_food,0,1,review,1,菜谱实际使用名称，待进一步规范
2134,单独备水淀粉,processed,,扩展食材,processed,0,1,verified,1,加工、半成品、乳制品或饮品
2135,南乳,other_food,,扩展食材,other_food,0,1,review,9,菜谱实际使用名称，待进一步规范
2136,南乳水,other_food,,扩展食材,other_food,0,1,review,1,菜谱实际使用名称，待进一步规范
2137,南乳汁,seasoning,,扩展食材,seasoning,0,1,verified,1,调味料
2138,南北杏,other_food,,扩展食材,other_food,0,1,review,1,菜谱实际使用名称，待进一步规范
2139,南卤,other_food,,扩展食材,other_food,0,1,review,1,菜谱实际使用名称，待进一步规范
2140,南杏,other_food,,扩展食材,other_food,0,1,review,1,菜谱实际使用名称，待进一步规范
2141,南杏仁,other_food,,扩展食材,other_food,0,1,review,1,菜谱实际使用名称，待进一步规范
2142,南泉甜面酱,seasoning,,扩展食材,seasoning,0,1,verified,1,调味料
2143,南湖菱,other_food,,扩展食材,other_food,0,1,review,1,菜谱实际使用名称，待进一步规范
2144,南瓜去皮,other_food,,扩展食材,other_food,0,1,review,1,菜谱实际使用名称，待进一步规范
2145,南瓜叶,other_food,,扩展食材,other_food,0,1,review,1,菜谱实际使用名称，待进一步规范
2146,南瓜头,other_food,,扩展食材,other_food,0,1,review,1,菜谱实际使用名称，待进一步规范
2147,南瓜干,other_food,,扩展食材,other_food,0,1,review,1,菜谱实际使用名称，待进一步规范
2148,南瓜或土豆红薯,composite,,扩展食材,composite,0,1,review,1,疑似复合名称，组成未完全确认
2149,南瓜浓汤,other_food,,扩展食材,other_food,0,1,review,1,菜谱实际使用名称，待进一步规范
2150,南瓜花,other_food,,扩展食材,other_food,0,1,review,1,菜谱实际使用名称，待进一步规范
2151,南瓜苗,other_food,,扩展食材,other_food,0,1,review,1,菜谱实际使用名称，待进一步规范
2152,南豆腐,processed,,扩展食材,processed,0,1,verified,1,加工、半成品、乳制品或饮品
2153,卤兰花干,other_food,,扩展食材,other_food,0,1,review,1,菜谱实际使用名称，待进一步规范
2154,卤包,other_food,,扩展食材,other_food,0,1,review,1,菜谱实际使用名称，待进一步规范
2155,卤味剩下汁儿,other_food,,扩展食材,other_food,0,1,review,1,菜谱实际使用名称，待进一步规范
2156,卤好牛筋,other_food,,扩展食材,other_food,0,1,review,1,菜谱实际使用名称，待进一步规范
2157,卤料,seasoning,,扩展食材,seasoning,0,1,verified,1,调味料
2158,卤料包,seasoning,,扩展食材,seasoning,0,1,verified,2,调味料
2159,卤料布袋,other_food,,扩展食材,other_food,0,1,review,1,菜谱实际使用名称，待进一步规范
2160,卤水,other_food,,扩展食材,other_food,0,1,review,1,菜谱实际使用名称，待进一步规范
2161,卤水汁,seasoning,,扩展食材,seasoning,0,1,verified,2,调味料
2162,卤水老豆腐,processed,,扩展食材,processed,0,1,verified,2,加工、半成品、乳制品或饮品
2163,卤汁,seasoning,,扩展食材,seasoning,0,1,verified,2,调味料
2164,卤牛肉,processed,,扩展食材,processed,0,1,verified,4,加工、半成品、乳制品或饮品
2165,卤猪猁,other_food,,扩展食材,other_food,0,1,review,1,菜谱实际使用名称，待进一步规范
2166,卤猪耳,other_food,,扩展食材,other_food,0,1,review,1,菜谱实际使用名称，待进一步规范
2167,卤猪肚,other_food,,扩展食材,other_food,0,1,review,1,菜谱实际使用名称，待进一步规范
2168,卤肉包,other_food,,扩展食材,other_food,0,1,review,2,菜谱实际使用名称，待进一步规范
2169,卤肉料,other_food,,扩展食材,other_food,0,1,review,1,菜谱实际使用名称，待进一步规范
2170,卤肥肠,processed,,扩展食材,processed,0,1,verified,1,加工、半成品、乳制品或饮品
2171,卤豆腐,processed,,扩展食材,processed,0,1,verified,1,加工、半成品、乳制品或饮品
2172,卤雞汁,other_food,,扩展食材,other_food,0,1,review,1,菜谱实际使用名称，待进一步规范
2173,卤鸡腿料,other_food,,扩展食材,other_food,0,1,review,1,菜谱实际使用名称，待进一步规范
2174,即冲燕麦片,other_food,,扩展食材,other_food,0,1,review,1,菜谱实际使用名称，待进一步规范
2175,即可五花肉,other_food,,扩展食材,other_food,0,1,review,1,菜谱实际使用名称，待进一步规范
2176,即可番茄,other_food,,扩展食材,other_food,0,1,review,1,菜谱实际使用名称，待进一步规范
2177,即可香油,seasoning,,扩展食材,seasoning,0,1,verified,1,调味料
2178,即食海胆,processed,,扩展食材,processed,0,1,verified,1,加工、半成品、乳制品或饮品
2179,即食燕麦,processed,,扩展食材,processed,0,1,verified,2,加工、半成品、乳制品或饮品
2180,厄瓜多尔虾,other_food,,扩展食材,other_food,0,1,review,1,菜谱实际使用名称，待进一步规范
2181,厉虾,other_food,,扩展食材,other_food,0,1,review,1,菜谱实际使用名称，待进一步规范
2182,厚千张,processed,,扩展食材,processed,0,1,verified,1,加工、半成品、乳制品或饮品
2183,厚片姜,other_food,,扩展食材,other_food,0,1,review,1,菜谱实际使用名称，待进一步规范
2184,厚百叶,other_food,,扩展食材,other_food,0,1,review,2,菜谱实际使用名称，待进一步规范
2185,厚肥牛片,other_food,,扩展食材,other_food,0,1,review,1,菜谱实际使用名称，待进一步规范
2186,原味白芝麻盐,other_food,,扩展食材,other_food,0,1,review,1,菜谱实际使用名称，待进一步规范
2187,原味紫菜,other_food,,扩展食材,other_food,0,1,review,1,菜谱实际使用名称，待进一步规范
2188,原味鲜,other_food,,扩展食材,other_food,0,1,review,1,菜谱实际使用名称，待进一步规范
2189,原味黄豆酱,seasoning,,扩展食材,seasoning,0,1,verified,1,调味料
2190,原料,other_food,,扩展食材,other_food,0,1,review,3,菜谱实际使用名称，待进一步规范
2191,原料准备,other_food,,扩展食材,other_food,0,1,review,1,菜谱实际使用名称，待进一步规范
2192,原鲜酱油,seasoning,,扩展食材,seasoning,0,1,verified,1,调味料
2193,厦门海堤牌辣椒酱,seasoning,,扩展食材,seasoning,0,1,verified,1,调味料
2194,厨房剪刀,other_food,,扩展食材,other_food,0,1,review,3,菜谱实际使用名称，待进一步规范
2195,厨房纸,other_food,,扩展食材,other_food,0,1,review,1,菜谱实际使用名称，待进一步规范
2196,厨邦生抽,other_food,,扩展食材,other_food,0,1,review,1,菜谱实际使用名称，待进一步规范
2197,厨邦美味鲜酱油,seasoning,,扩展食材,seasoning,0,1,verified,1,调味料
2198,厨邦酱油,seasoning,,扩展食材,seasoning,0,1,verified,1,调味料
2199,厨邦鸡粉,seasoning,,扩展食材,seasoning,0,1,verified,1,调味料
2200,去叶去老根净黎蒿,other_food,,扩展食材,other_food,0,1,review,1,菜谱实际使用名称，待进一步规范
2201,去头白虾,other_food,,扩展食材,other_food,0,1,review,1,菜谱实际使用名称，待进一步规范
2202,去心莲子,other_food,,扩展食材,other_food,0,1,review,1,菜谱实际使用名称，待进一步规范
2203,去掉外皮切成长方块竹笋,other_food,,扩展食材,other_food,0,1,review,1,菜谱实际使用名称，待进一步规范
2204,叁,other_food,,扩展食材,other_food,0,1,review,1,菜谱实际使用名称，待进一步规范
2205,叁巴酱,seasoning,,扩展食材,seasoning,0,1,verified,1,调味料
2206,参考蒜茸酱菜谱万能蒜茸酱,seasoning,,扩展食材,seasoning,0,1,verified,1,调味料
2207,又伊鲜原味酱油,seasoning,,扩展食材,seasoning,0,1,verified,1,调味料
2208,叉烧,processed,,扩展食材,processed,0,1,verified,2,加工、半成品、乳制品或饮品
2209,叉烧酱,seasoning,,扩展食材,seasoning,0,1,verified,6,调味料
2210,双孢菇,other_food,,扩展食材,other_food,0,1,review,2,菜谱实际使用名称，待进一步规范
2211,双汇无淀粉火腿,processed,,扩展食材,processed,0,1,verified,1,加工、半成品、乳制品或饮品
2212,发酵粉,other_food,,扩展食材,other_food,0,1,review,2,菜谱实际使用名称，待进一步规范
2213,取汁柠檬,other_food,,扩展食材,other_food,0,1,review,1,菜谱实际使用名称，待进一步规范
2214,取蛋清鸡蛋,other_food,,扩展食材,other_food,0,1,review,1,菜谱实际使用名称，待进一步规范
2215,口儿轻可不放盐,other_food,,扩展食材,other_food,0,1,review,1,菜谱实际使用名称，待进一步规范
2216,口水鸡料汁,other_food,,扩展食材,other_food,0,1,review,1,菜谱实际使用名称，待进一步规范
2217,口菇,other_food,,扩展食材,other_food,0,1,review,7,菜谱实际使用名称，待进一步规范
2218,只鸡,other_food,,扩展食材,other_food,0,1,review,1,菜谱实际使用名称，待进一步规范
2219,可不放小米辣,other_food,,扩展食材,other_food,0,1,review,1,菜谱实际使用名称，待进一步规范
2220,可不放花椒,seasoning,,扩展食材,seasoning,0,1,verified,1,调味料
2221,可不放蒜,other_food,,扩展食材,other_food,0,1,review,1,菜谱实际使用名称，待进一步规范
2222,可不放辣椒粉,seasoning,,扩展食材,seasoning,0,1,verified,1,调味料
2223,可不放鸡精,seasoning,,扩展食材,seasoning,0,1,verified,1,调味料
2224,可乐,processed,,扩展食材,processed,0,1,verified,3,加工、半成品、乳制品或饮品
2225,可以不放,other_food,,扩展食材,other_food,0,1,review,1,菜谱实际使用名称，待进一步规范
2226,可以多一些油,seasoning,,扩展食材,seasoning,0,1,verified,1,调味料
2227,可以多一点,other_food,,扩展食材,other_food,0,1,review,1,菜谱实际使用名称，待进一步规范
2228,可以多点蒜,other_food,,扩展食材,other_food,0,1,review,1,菜谱实际使用名称，待进一步规范
2229,可以辣椒,other_food,,扩展食材,other_food,0,1,review,1,菜谱实际使用名称，待进一步规范
2230,可口可乐,processed,,扩展食材,processed,0,1,verified,1,加工、半成品、乳制品或饮品
2231,可可不水淀粉,processed,,扩展食材,processed,0,1,verified,1,加工、半成品、乳制品或饮品
2232,可可不腌萝卜,other_food,,扩展食材,other_food,0,1,review,1,菜谱实际使用名称，待进一步规范
2233,可可不鸡精,other_food,,扩展食材,other_food,0,1,review,1,菜谱实际使用名称，待进一步规范
2234,可可无小葱,other_food,,扩展食材,other_food,0,1,review,2,菜谱实际使用名称，待进一步规范
2235,可可无料酒,seasoning,,扩展食材,seasoning,0,1,verified,1,调味料
2236,可可无根据你喜好啦糯米,other_food,,扩展食材,other_food,0,1,review,1,菜谱实际使用名称，待进一步规范
2237,可可无黄豆芽,other_food,,扩展食材,other_food,0,1,review,1,菜谱实际使用名称，待进一步规范
2238,可多一些腐竹,processed,,扩展食材,processed,0,1,verified,1,加工、半成品、乳制品或饮品
2239,可少放盐,other_food,,扩展食材,other_food,0,1,review,1,菜谱实际使用名称，待进一步规范
2240,可得炖肉配件,other_food,,扩展食材,other_food,0,1,review,1,菜谱实际使用名称，待进一步规范
2241,可按自己喜好添加肉丁/腊味,composite,,扩展食材,composite,0,1,review,1,疑似复合名称，组成未完全确认
2242,可放可不放,other_food,,扩展食材,other_food,0,1,review,1,菜谱实际使用名称，待进一步规范
2243,可放可不放味精,seasoning,,扩展食材,seasoning,0,1,verified,1,调味料
2244,可放可不放干红辣椒,other_food,,扩展食材,other_food,0,1,review,1,菜谱实际使用名称，待进一步规范
2245,可放可不放干辣椒或者小米辣,seasoning,,扩展食材,seasoning,0,1,verified,1,调味料
2246,可放可不放白胡椒粉,other_food,,扩展食材,other_food,0,1,review,2,菜谱实际使用名称，待进一步规范
2247,可放可不放盐,seasoning,,扩展食材,seasoning,0,1,verified,1,调味料
2248,可放可不放糖,seasoning,,扩展食材,seasoning,0,1,verified,1,调味料
2249,可放可不放红干辣椒,seasoning,,扩展食材,seasoning,0,1,verified,1,调味料
2250,可放可不放肉末,other_food,,扩展食材,other_food,0,1,review,1,菜谱实际使用名称，待进一步规范
2251,可放可不放胡萝卜,other_food,,扩展食材,other_food,0,1,review,1,菜谱实际使用名称，待进一步规范
2252,可放可不放蒜,other_food,,扩展食材,other_food,0,1,review,1,菜谱实际使用名称，待进一步规范
2253,可放可不放酱油,seasoning,,扩展食材,seasoning,0,1,verified,1,调味料
2254,可放可不放鸡精,seasoning,,扩展食材,seasoning,0,1,verified,1,调味料
2255,可放小米辣,other_food,,扩展食材,other_food,0,1,review,1,菜谱实际使用名称，待进一步规范
2256,可无生抽,other_food,,扩展食材,other_food,0,1,review,1,菜谱实际使用名称，待进一步规范
2257,可无葱花,other_food,,扩展食材,other_food,0,1,review,1,菜谱实际使用名称，待进一步规范
2258,可根据个人口味调整辣椒面,other_food,,扩展食材,other_food,0,1,review,1,菜谱实际使用名称，待进一步规范
2259,可根据自己口味增减油辣椒,seasoning,,扩展食材,seasoning,0,1,verified,1,调味料
2260,可根据自己口味增减甜酱,seasoning,,扩展食材,seasoning,0,1,verified,1,调味料
2261,可根据自己口味增减白糖,other_food,,扩展食材,other_food,0,1,review,1,菜谱实际使用名称，待进一步规范
2262,可水替代脊骨汤,other_food,,扩展食材,other_food,0,1,review,1,菜谱实际使用名称，待进一步规范
2263,可生食鸡蛋,other_food,,扩展食材,other_food,0,1,review,1,菜谱实际使用名称，待进一步规范
2264,可省王守义麻辣鲜,other_food,,扩展食材,other_food,0,1,review,1,菜谱实际使用名称，待进一步规范
2265,可省瘦肉,other_food,,扩展食材,other_food,0,1,review,1,菜谱实际使用名称，待进一步规范
2266,可肥瘦相间,other_food,,扩展食材,other_food,0,1,review,1,菜谱实际使用名称，待进一步规范
2267,可自行调节水,other_food,,扩展食材,other_food,0,1,review,1,菜谱实际使用名称，待进一步规范
2268,可蒜薹等替换豆角,other_food,,扩展食材,other_food,0,1,review,1,菜谱实际使用名称，待进一步规范
2269,可选,other_food,,扩展食材,other_food,0,1,review,2,菜谱实际使用名称，待进一步规范
2270,可选五香粉,other_food,,扩展食材,other_food,0,1,review,1,菜谱实际使用名称，待进一步规范
2271,可选冻豆腐,processed,,扩展食材,processed,0,1,verified,1,加工、半成品、乳制品或饮品
2272,可选味精,other_food,,扩展食材,other_food,0,1,review,2,菜谱实际使用名称，待进一步规范
2273,可选干辣椒,seasoning,,扩展食材,seasoning,0,1,verified,1,调味料
2274,可选生抽,other_food,,扩展食材,other_food,0,1,review,1,菜谱实际使用名称，待进一步规范
2275,可选番茄酱/番茄膏,processed,,扩展食材,processed,0,1,verified,1,加工、半成品、乳制品或饮品
2276,可选葱,other_food,,扩展食材,other_food,0,1,review,1,菜谱实际使用名称，待进一步规范
2277,可选金针菇,other_food,,扩展食材,other_food,0,1,review,1,菜谱实际使用名称，待进一步规范
2278,可选青菜,other_food,,扩展食材,other_food,0,1,review,1,菜谱实际使用名称，待进一步规范
2279,可选高汤,other_food,,扩展食材,other_food,0,1,review,1,菜谱实际使用名称，待进一步规范
2280,可酒曲,other_food,,扩展食材,other_food,0,1,review,1,菜谱实际使用名称，待进一步规范
2281,可食蘑菇,other_food,,扩展食材,other_food,0,1,review,1,菜谱实际使用名称，待进一步规范
2282,台州麦饼,other_food,,扩展食材,other_food,0,1,review,1,菜谱实际使用名称，待进一步规范
2283,台式烤香肠,processed,,扩展食材,processed,0,1,verified,1,加工、半成品、乳制品或饮品
2284,台湾米酒,seasoning,,扩展食材,seasoning,0,1,verified,2,调味料
2285,台湾胡麻油,seasoning,,扩展食材,seasoning,0,1,verified,1,调味料
2286,叶包菜,other_food,,扩展食材,other_food,0,1,review,1,菜谱实际使用名称，待进一步规范
2287,叶大白菜,other_food,,扩展食材,other_food,0,1,review,2,菜谱实际使用名称，待进一步规范
2288,叶娃娃菜,other_food,,扩展食材,other_food,0,1,review,1,菜谱实际使用名称，待进一步规范
2289,叶子白菜,other_food,,扩展食材,other_food,0,1,review,1,菜谱实际使用名称，待进一步规范
2290,叶子紫苏,other_food,,扩展食材,other_food,0,1,review,1,菜谱实际使用名称，待进一步规范
2291,叶猪肝,other_food,,扩展食材,other_food,0,1,review,1,菜谱实际使用名称，待进一步规范
2292,叶白菜,other_food,,扩展食材,other_food,0,1,review,1,菜谱实际使用名称，待进一步规范
2293,叶芥菜,other_food,,扩展食材,other_food,0,1,review,1,菜谱实际使用名称，待进一步规范
2294,叶菜如白菜,other_food,,扩展食材,other_food,0,1,review,1,菜谱实际使用名称，待进一步规范
2295,叶青菜,other_food,,扩展食材,other_food,0,1,review,1,菜谱实际使用名称，待进一步规范
2296,叶香叶,other_food,,扩展食材,other_food,0,1,review,1,菜谱实际使用名称，待进一步规范
2297,吃不了太辣不放小米椒,other_food,,扩展食材,other_food,0,1,review,1,菜谱实际使用名称，待进一步规范
2298,吃多少买多少花蛤,other_food,,扩展食材,other_food,0,1,review,1,菜谱实际使用名称，待进一步规范
2299,吃多少多少排骨,other_food,,扩展食材,other_food,0,1,review,1,菜谱实际使用名称，待进一步规范
2300,吃多少煮多少呗挂面,other_food,,扩展食材,other_food,0,1,review,1,菜谱实际使用名称，待进一步规范
2301,吃多少煮多少大米,other_food,,扩展食材,other_food,0,1,review,1,菜谱实际使用名称，待进一步规范
2302,各,other_food,,扩展食材,other_food,0,1,review,1,菜谱实际使用名称，待进一步规范
2303,各一青红椒,other_food,,扩展食材,other_food,0,1,review,2,菜谱实际使用名称，待进一步规范
2304,各三色彩椒,other_food,,扩展食材,other_food,0,1,review,2,菜谱实际使用名称，待进一步规范
2305,各中等大小彩椒,other_food,,扩展食材,other_food,0,1,review,1,菜谱实际使用名称，待进一步规范
2306,各二荆条红绿,other_food,,扩展食材,other_food,0,1,review,1,菜谱实际使用名称，待进一步规范
2307,各八角,seasoning,,扩展食材,seasoning,0,1,verified,1,调味料
2308,各南北杏,other_food,,扩展食材,other_food,0,1,review,1,菜谱实际使用名称，待进一步规范
2309,各味精和鸡精,composite,,扩展食材,composite,0,1,review,1,疑似复合名称，组成未完全确认
2310,各四分之一彩椒,other_food,,扩展食材,other_food,0,1,review,1,菜谱实际使用名称，待进一步规范
2311,各四分之一青红椒,other_food,,扩展食材,other_food,0,1,review,1,菜谱实际使用名称，待进一步规范
2312,各大蒜瓣,other_food,,扩展食材,other_food,0,1,review,1,菜谱实际使用名称，待进一步规范
2313,各姜和蒜切小,composite,,扩展食材,composite,0,1,review,1,疑似复合名称，组成未完全确认
2314,各姜蒜,other_food,,扩展食材,other_food,0,1,review,2,菜谱实际使用名称，待进一步规范
2315,各孜然粉辣椒粉淀粉,processed,,扩展食材,processed,0,1,verified,1,加工、半成品、乳制品或饮品
2316,各小豆瓣酱,seasoning,,扩展食材,seasoning,0,1,verified,1,调味料
2317,各差不多就行生抽老抽料酒,seasoning,,扩展食材,seasoning,0,1,verified,1,调味料
2318,各彩椒,other_food,,扩展食材,other_food,0,1,review,3,菜谱实际使用名称，待进一步规范
2319,各料酒蚝油酱油,seasoning,,扩展食材,seasoning,0,1,verified,1,调味料
2320,各柱侯酱和黑胡椒酱,seasoning,,扩展食材,seasoning,0,1,verified,1,调味料
2321,各桂皮.八角香叶,other_food,,扩展食材,other_food,0,1,review,1,菜谱实际使用名称，待进一步规范
2322,各生抽,seasoning,,扩展食材,seasoning,0,1,verified,2,调味料
2323,各生抽老抽,other_food,,扩展食材,other_food,0,1,review,2,菜谱实际使用名称，待进一步规范
2324,各盐,seasoning,,扩展食材,seasoning,0,1,verified,2,调味料
2325,各种丸子,processed,,扩展食材,processed,0,1,verified,1,加工、半成品、乳制品或饮品
2326,各种剩干粮,generic,,扩展食材,generic,0,1,review,1,宽泛名称，保留原义而不猜测具体品种
2327,各种喜欢蔬菜料,generic,,扩展食材,generic,0,1,review,1,宽泛名称，保留原义而不猜测具体品种
2328,各种河鱼,generic,,扩展食材,generic,0,1,review,1,宽泛名称，保留原义而不猜测具体品种
2329,各种腌肉料,processed,,扩展食材,processed,0,1,verified,1,加工、半成品、乳制品或饮品
2330,各种菌类菇类,generic,,扩展食材,generic,0,1,review,1,宽泛名称，保留原义而不猜测具体品种
2331,各种菌菇,generic,,扩展食材,generic,0,1,review,1,宽泛名称，保留原义而不猜测具体品种
2332,各种蔬菜,generic,,扩展食材,generic,0,1,review,2,宽泛名称，保留原义而不猜测具体品种
2333,各种蘑菇,generic,,扩展食材,generic,0,1,review,1,宽泛名称，保留原义而不猜测具体品种
2334,各种青菜,generic,,扩展食材,generic,0,1,review,1,宽泛名称，保留原义而不猜测具体品种
2335,各种香料如八角,generic,,扩展食材,generic,0,1,review,1,宽泛名称，保留原义而不猜测具体品种
2336,各糖,other_food,,扩展食材,other_food,0,1,review,1,菜谱实际使用名称，待进一步规范
2337,各红/绿尖椒,composite,,扩展食材,composite,0,1,review,1,疑似复合名称，组成未完全确认
2338,各红烧酱油·生抽·蚝油,seasoning,,扩展食材,seasoning,0,1,verified,1,调味料
2339,各红青椒,other_food,,扩展食材,other_food,0,1,review,1,菜谱实际使用名称，待进一步规范
2340,各红黄剁椒,processed,,扩展食材,processed,0,1,verified,1,加工、半成品、乳制品或饮品
2341,各红黄彩椒,other_food,,扩展食材,other_food,0,1,review,1,菜谱实际使用名称，待进一步规范
2342,各红黄甜椒,other_food,,扩展食材,other_food,0,1,review,1,菜谱实际使用名称，待进一步规范
2343,各老抽,seasoning,,扩展食材,seasoning,0,1,verified,1,调味料
2344,各花椒,seasoning,,扩展食材,seasoning,0,1,verified,1,调味料
2345,各葱姜末,other_food,,扩展食材,other_food,0,1,review,1,菜谱实际使用名称，待进一步规范
2346,各葱姜蒜,other_food,,扩展食材,other_food,0,1,review,2,菜谱实际使用名称，待进一步规范
2347,各葱段姜片蒜头,other_food,,扩展食材,other_food,0,1,review,1,菜谱实际使用名称，待进一步规范
2348,各葱白姜蒜,other_food,,扩展食材,other_food,0,1,review,1,菜谱实际使用名称，待进一步规范
2349,各葱花/生姜末,composite,,扩展食材,composite,0,1,review,1,疑似复合名称，组成未完全确认
2350,各葱花姜片,other_food,,扩展食材,other_food,0,1,review,1,菜谱实际使用名称，待进一步规范
2351,各蒜末葱花,other_food,,扩展食材,other_food,0,1,review,1,菜谱实际使用名称，待进一步规范
2352,各蒜苗/小葱,composite,,扩展食材,composite,0,1,review,1,疑似复合名称，组成未完全确认
2353,各蚝油,seasoning,,扩展食材,seasoning,0,1,verified,1,调味料
2354,各豆油跟香油,seasoning,,扩展食材,seasoning,0,1,verified,1,调味料
2355,各豆腐干茭白香菇,processed,,扩展食材,processed,0,1,verified,1,加工、半成品、乳制品或饮品
2356,各辣椒面,seasoning,,扩展食材,seasoning,0,1,verified,1,调味料
2357,各酱油,seasoning,,扩展食材,seasoning,0,1,verified,1,调味料
2358,各酱油料酒淀粉,processed,,扩展食材,processed,0,1,verified,1,加工、半成品、乳制品或饮品
2359,各酱油蚝油,seasoning,,扩展食材,seasoning,0,1,verified,1,调味料
2360,各醋,seasoning,,扩展食材,seasoning,0,1,verified,1,调味料
2361,各青,other_food,,扩展食材,other_food,0,1,review,1,菜谱实际使用名称，待进一步规范
2362,各青椒/红椒,composite,,扩展食材,composite,0,1,review,1,疑似复合名称，组成未完全确认
2363,各青椒和红椒,composite,,扩展食材,composite,0,1,review,1,疑似复合名称，组成未完全确认
2364,各青椒红椒,other_food,,扩展食材,other_food,0,1,review,1,菜谱实际使用名称，待进一步规范
2365,各青红小辣椒,other_food,,扩展食材,other_food,0,1,review,1,菜谱实际使用名称，待进一步规范
2366,各青红尖椒,other_food,,扩展食材,other_food,0,1,review,1,菜谱实际使用名称，待进一步规范
2367,各青红彩椒,other_food,,扩展食材,other_food,0,1,review,1,菜谱实际使用名称，待进一步规范
2368,各青红椒,other_food,,扩展食材,other_food,0,1,review,12,菜谱实际使用名称，待进一步规范
2369,各青红花椒,other_food,,扩展食材,other_food,0,1,review,1,菜谱实际使用名称，待进一步规范
2370,各青红菜椒,other_food,,扩展食材,other_food,0,1,review,1,菜谱实际使用名称，待进一步规范
2371,各青红辣椒,other_food,,扩展食材,other_food,0,1,review,5,菜谱实际使用名称，待进一步规范
2372,各青红黄椒,other_food,,扩展食材,other_food,0,1,review,1,菜谱实际使用名称，待进一步规范
2373,各青豆和甜玉米粒,composite,,扩展食材,composite,0,1,review,1,疑似复合名称，组成未完全确认
2374,各鸡肝,other_food,,扩展食材,other_food,0,1,review,1,菜谱实际使用名称，待进一步规范
2375,各鸡腿和鸡翅,composite,,扩展食材,composite,0,1,review,1,疑似复合名称，组成未完全确认
2376,合剩米饭,processed,,扩展食材,processed,0,1,verified,1,加工、半成品、乳制品或饮品
2377,吉士粉,other_food,,扩展食材,other_food,0,1,review,3,菜谱实际使用名称，待进一步规范
2378,吉大利柠檬鱼,other_food,,扩展食材,other_food,0,1,review,1,菜谱实际使用名称，待进一步规范
2379,吉香居野山椒牛肉酱,seasoning,,扩展食材,seasoning,0,1,verified,1,调味料
2380,同生抽量水,other_food,,扩展食材,other_food,0,1,review,1,菜谱实际使用名称，待进一步规范
2381,名扬牛油火锅底料,other_food,,扩展食材,other_food,0,1,review,1,菜谱实际使用名称，待进一步规范
2382,后木耳,other_food,,扩展食材,other_food,0,1,review,1,菜谱实际使用名称，待进一步规范
2383,后腿二刀肉,other_food,,扩展食材,other_food,0,1,review,1,菜谱实际使用名称，待进一步规范
2384,后腿瘦肉,other_food,,扩展食材,other_food,0,1,review,1,菜谱实际使用名称，待进一步规范
2385,后腿精肉,other_food,,扩展食材,other_food,0,1,review,1,菜谱实际使用名称，待进一步规范
2386,后腿肉或梅头肉,composite,,扩展食材,composite,0,1,review,1,疑似复合名称，组成未完全确认
2387,向天椒,other_food,,扩展食材,other_food,0,1,review,1,菜谱实际使用名称，待进一步规范
2388,吧包菜,other_food,,扩展食材,other_food,0,1,review,1,菜谱实际使用名称，待进一步规范
2389,吧排骨,other_food,,扩展食材,other_food,0,1,review,1,菜谱实际使用名称，待进一步规范
2390,吧火锅牛油,seasoning,,扩展食材,seasoning,0,1,verified,1,调味料
2391,吧看自己喜欢盐,other_food,,扩展食材,other_food,0,1,review,1,菜谱实际使用名称，待进一步规范
2392,吧芥末,seasoning,,扩展食材,seasoning,0,1,verified,1,调味料
2393,吸附牛肉要玉米面玉米面,other_food,,扩展食材,other_food,0,1,review,1,菜谱实际使用名称，待进一步规范
2394,吹鱼,other_food,,扩展食材,other_food,0,1,review,1,菜谱实际使用名称，待进一步规范
2395,味,other_food,,扩展食材,other_food,0,1,review,1,菜谱实际使用名称，待进一步规范
2396,味之素牌海鲜素,other_food,,扩展食材,other_food,0,1,review,1,菜谱实际使用名称，待进一步规范
2397,味事达,other_food,,扩展食材,other_food,0,1,review,1,菜谱实际使用名称，待进一步规范
2398,味事达味极鲜,seasoning,,扩展食材,seasoning,0,1,verified,2,调味料
2399,味事达味极鲜生抽,other_food,,扩展食材,other_food,0,1,review,1,菜谱实际使用名称，待进一步规范
2400,味事达特级草菇老抽,other_food,,扩展食材,other_food,0,1,review,1,菜谱实际使用名称，待进一步规范
2401,味事达生抽酱油,seasoning,,扩展食材,seasoning,0,1,verified,1,调味料
2402,味事达酱油,seasoning,,扩展食材,seasoning,0,1,verified,2,调味料
2403,味啉,other_food,,扩展食材,other_food,0,1,review,1,菜谱实际使用名称，待进一步规范
2404,味噌,other_food,,扩展食材,other_food,0,1,review,1,菜谱实际使用名称，待进一步规范
2405,味噌酱,seasoning,,扩展食材,seasoning,0,1,verified,1,调味料
2406,味增,other_food,,扩展食材,other_food,0,1,review,2,菜谱实际使用名称，待进一步规范
2407,味增汤,other_food,,扩展食材,other_food,0,1,review,2,菜谱实际使用名称，待进一步规范
2408,味增酱,seasoning,,扩展食材,seasoning,0,1,verified,1,调味料
2409,味好美红烧肉调味料,seasoning,,扩展食材,seasoning,0,1,verified,1,调味料
2410,味好美部队锅风味锅物料理,other_food,,扩展食材,other_food,0,1,review,1,菜谱实际使用名称，待进一步规范
2411,味好美金沙咸蛋黄调味料,seasoning,,扩展食材,seasoning,0,1,verified,1,调味料
2412,味好美锅物底料麻辣锅风味,other_food,,扩展食材,other_food,0,1,review,1,菜谱实际使用名称，待进一步规范
2413,味好美麻辣锅物底料,other_food,,扩展食材,other_food,0,1,review,1,菜谱实际使用名称，待进一步规范
2414,味好美麻辣风味锅料包,other_food,,扩展食材,other_food,0,1,review,1,菜谱实际使用名称，待进一步规范
2415,味极酱油,seasoning,,扩展食材,seasoning,0,1,verified,1,调味料
2416,味极鲜,seasoning,,扩展食材,seasoning,0,1,verified,69,调味料
2417,味极鲜/老干妈/醋/香油,seasoning,,扩展食材,seasoning,0,1,verified,1,调味料
2418,味极鲜或海鲜酱油,seasoning,,扩展食材,seasoning,0,1,verified,1,调味料
2419,味极鲜生抽,seasoning,,扩展食材,seasoning,0,1,verified,6,调味料
2420,味极鲜酱油,seasoning,,扩展食材,seasoning,0,1,verified,39,调味料
2421,味极鲜酱油或生抽,composite,,扩展食材,composite,0,1,review,1,疑似复合名称，组成未完全确认
2422,味淋,seasoning,,扩展食材,seasoning,0,1,verified,15,调味料
2423,味淋/米酒,seasoning,,扩展食材,seasoning,0,1,verified,1,调味料
2424,味淋或者料酒,seasoning,,扩展食材,seasoning,0,1,verified,1,调味料
2425,味淡者可无盐,other_food,,扩展食材,other_food,0,1,review,1,菜谱实际使用名称，待进一步规范
2426,味精,seasoning,,扩展食材,seasoning,0,1,verified,199,调味料
2427,味精/鸡精,composite,,扩展食材,composite,0,1,review,1,疑似复合名称，组成未完全确认
2428,味精或者鸡精,seasoning,,扩展食材,seasoning,0,1,verified,1,调味料
2429,味精或鸡粉,composite,,扩展食材,composite,0,1,review,1,疑似复合名称，组成未完全确认
2430,味精或鸡精,seasoning,,扩展食材,seasoning,0,1,verified,4,调味料
2431,味素,other_food,,扩展食材,other_food,0,1,review,5,菜谱实际使用名称，待进一步规范
2432,味素/鸡精,composite,,扩展食材,composite,0,1,review,1,疑似复合名称，组成未完全确认
2433,味达美,other_food,,扩展食材,other_food,0,1,review,13,菜谱实际使用名称，待进一步规范
2434,味达美生抽,other_food,,扩展食材,other_food,0,1,review,1,菜谱实际使用名称，待进一步规范
2435,味达美臻品蚝油,seasoning,,扩展食材,seasoning,0,1,verified,1,调味料
2436,味达美酱油,seasoning,,扩展食材,seasoning,0,1,verified,2,调味料
2437,味达美酸汤肥牛酱,seasoning,,扩展食材,seasoning,0,1,verified,1,调味料
2438,味醂,other_food,,扩展食材,other_food,0,1,review,3,菜谱实际使用名称，待进一步规范
2439,味霖,other_food,,扩展食材,other_food,0,1,review,4,菜谱实际使用名称，待进一步规范
2440,味霸,other_food,,扩展食材,other_food,0,1,review,1,菜谱实际使用名称，待进一步规范
2441,呷哺呷哺火锅底料,other_food,,扩展食材,other_food,0,1,review,1,菜谱实际使用名称，待进一步规范
2442,和牛粒,composite,,扩展食材,composite,0,1,review,1,疑似复合名称，组成未完全确认
2443,咕咾汁,other_food,,扩展食材,other_food,0,1,review,1,菜谱实际使用名称，待进一步规范
2444,咖喱,seasoning,,扩展食材,seasoning,0,1,verified,15,调味料
2445,咖喱叶,seasoning,,扩展食材,seasoning,0,1,verified,1,调味料
2446,咖喱块,other_food,,扩展食材,other_food,0,1,review,22,菜谱实际使用名称，待进一步规范
2447,咖喱块状调味料,seasoning,,扩展食材,seasoning,0,1,verified,1,调味料
2448,咖喱碎,other_food,,扩展食材,other_food,0,1,review,1,菜谱实际使用名称，待进一步规范
2449,咖喱粉,seasoning,,扩展食材,seasoning,0,1,verified,10,调味料
2450,咖喱膏,seasoning,,扩展食材,seasoning,0,1,verified,3,调味料
2451,咖喱辣椒,other_food,,扩展食材,other_food,0,1,review,1,菜谱实际使用名称，待进一步规范
2452,咖喱酱,seasoning,,扩展食材,seasoning,0,1,verified,2,调味料
2453,咖喱酱咖喱,seasoning,,扩展食材,seasoning,0,1,verified,1,调味料
2454,咸五花肉,other_food,,扩展食材,other_food,0,1,review,2,菜谱实际使用名称，待进一步规范
2455,咸旦黄,other_food,,扩展食材,other_food,0,1,review,1,菜谱实际使用名称，待进一步规范
2456,咸柠檬,other_food,,扩展食材,other_food,0,1,review,1,菜谱实际使用名称，待进一步规范
2457,咸盐,seasoning,,扩展食材,seasoning,0,1,verified,1,调味料
2458,咸肉,processed,,扩展食材,processed,0,1,verified,18,加工、半成品、乳制品或饮品
2459,咸肉丁,processed,,扩展食材,processed,0,1,verified,1,加工、半成品、乳制品或饮品
2460,咸芥菜疙瘩,other_food,,扩展食材,other_food,0,1,review,1,菜谱实际使用名称，待进一步规范
2461,咸菜,processed,,扩展食材,processed,0,1,verified,10,加工、半成品、乳制品或饮品
2462,咸菜丝,processed,,扩展食材,processed,0,1,verified,1,加工、半成品、乳制品或饮品
2463,咸菜疙瘩,processed,,扩展食材,processed,0,1,verified,1,加工、半成品、乳制品或饮品
2464,咸萝卜头,other_food,,扩展食材,other_food,0,1,review,1,菜谱实际使用名称，待进一步规范
2465,咸虾干,processed,,扩展食材,processed,0,1,verified,1,加工、半成品、乳制品或饮品
2466,咸蛋,processed,,扩展食材,processed,0,1,verified,7,加工、半成品、乳制品或饮品
2467,咸蛋黄,processed,,扩展食材,processed,0,1,verified,33,加工、半成品、乳制品或饮品
2468,咸蛋黄调味包,processed,,扩展食材,processed,0,1,verified,1,加工、半成品、乳制品或饮品
2469,咸蛋黄豆腐,processed,,扩展食材,processed,0,1,verified,1,加工、半成品、乳制品或饮品
2470,咸蛋黄酱,seasoning,,扩展食材,seasoning,0,1,verified,3,调味料
2471,咸话梅,other_food,,扩展食材,other_food,0,1,review,1,菜谱实际使用名称，待进一步规范
2472,咸酸梅,other_food,,扩展食材,other_food,0,1,review,1,菜谱实际使用名称，待进一步规范
2473,咸酸菜,processed,,扩展食材,processed,0,1,verified,1,加工、半成品、乳制品或饮品
2474,咸鱼,other_food,,扩展食材,other_food,0,1,review,11,菜谱实际使用名称，待进一步规范
2475,咸鱼粒,other_food,,扩展食材,other_food,0,1,review,1,菜谱实际使用名称，待进一步规范
2476,咸鲨鱼,other_food,,扩展食材,other_food,0,1,review,1,菜谱实际使用名称，待进一步规范
2477,咸鸭蛋,processed,,扩展食材,processed,0,1,verified,22,加工、半成品、乳制品或饮品
2478,咸鸭蛋清,processed,,扩展食材,processed,0,1,verified,1,加工、半成品、乳制品或饮品
2479,咸鸭蛋蛋黄,processed,,扩展食材,processed,0,1,verified,1,加工、半成品、乳制品或饮品
2480,咸鸭蛋黄,processed,,扩展食材,processed,0,1,verified,1,加工、半成品、乳制品或饮品
2481,哈尔滨香肠,processed,,扩展食材,processed,0,1,verified,1,加工、半成品、乳制品或饮品
2482,哈拉海,other_food,,扩展食材,other_food,0,1,review,2,菜谱实际使用名称，待进一步规范
2483,响螺片,other_food,,扩展食材,other_food,0,1,review,1,菜谱实际使用名称，待进一步规范
2484,唐芹,other_food,,扩展食材,other_food,0,1,review,1,菜谱实际使用名称，待进一步规范
2485,唐芹菜,other_food,,扩展食材,other_food,0,1,review,1,菜谱实际使用名称，待进一步规范
2486,啡蘑菇,other_food,,扩展食材,other_food,0,1,review,1,菜谱实际使用名称，待进一步规范
2487,啤酒,seasoning,,扩展食材,seasoning,0,1,verified,86,调味料
2488,啦其他蔬菜,generic,,扩展食材,generic,0,1,review,1,宽泛名称，保留原义而不猜测具体品种
2489,啦脆豆腐等,processed,,扩展食材,processed,0,1,verified,1,加工、半成品、乳制品或饮品
2490,喜大,other_food,,扩展食材,other_food,0,1,review,1,菜谱实际使用名称，待进一步规范
2491,喜大牛肉粉,other_food,,扩展食材,other_food,0,1,review,1,菜谱实际使用名称，待进一步规范
2492,喜欢可以多放红薯粉条,processed,,扩展食材,processed,0,1,verified,1,加工、半成品、乳制品或饮品
2493,喜欢吃啥配菜准备就好粉条,processed,,扩展食材,processed,0,1,verified,1,加工、半成品、乳制品或饮品
2494,喜欢吃就放多点腐竹,processed,,扩展食材,processed,0,1,verified,1,加工、半成品、乳制品或饮品
2495,喜欢吃肉就多放点猪肉,other_food,,扩展食材,other_food,0,1,review,1,菜谱实际使用名称，待进一步规范
2496,喜欢多少买多少海鲜菇,other_food,,扩展食材,other_food,0,1,review,1,菜谱实际使用名称，待进一步规范
2497,喜欢多放点虾仁,other_food,,扩展食材,other_food,0,1,review,1,菜谱实际使用名称，待进一步规范
2498,喜欢就多放点猪肉,other_food,,扩展食材,other_food,0,1,review,1,菜谱实际使用名称，待进一步规范
2499,喜欢就多放点葱,other_food,,扩展食材,other_food,0,1,review,1,菜谱实际使用名称，待进一步规范
2500,喜欢话可以放五香粉,other_food,,扩展食材,other_food,0,1,review,1,菜谱实际使用名称，待进一步规范
2501,喜欢酱汁,seasoning,,扩展食材,seasoning,0,1,verified,1,调味料
2502,喜辣者小米辣,other_food,,扩展食材,other_food,0,1,review,1,菜谱实际使用名称，待进一步规范
2503,喜马拉雅盐,seasoning,,扩展食材,seasoning,0,1,verified,1,调味料
2504,喜马拉雅粉盐,seasoning,,扩展食材,seasoning,0,1,verified,2,调味料
2505,喷橄榄油,seasoning,,扩展食材,seasoning,0,1,verified,1,调味料
2506,喼汁,seasoning,,扩展食材,seasoning,0,1,verified,1,调味料
2507,嘬香葱,other_food,,扩展食材,other_food,0,1,review,1,菜谱实际使用名称，待进一步规范
2508,四两牛肉,other_food,,扩展食材,other_food,0,1,review,1,菜谱实际使用名称，待进一步规范
2509,四五支小葱,other_food,,扩展食材,other_food,0,1,review,1,菜谱实际使用名称，待进一步规范
2510,四倍温水,other_food,,扩展食材,other_food,0,1,review,1,菜谱实际使用名称，待进一步规范
2511,四冰糖,other_food,,扩展食材,other_food,0,1,review,1,菜谱实际使用名称，待进一步规范
2512,四分之一切丝洋葱,other_food,,扩展食材,other_food,0,1,review,1,菜谱实际使用名称，待进一步规范
2513,四分之一浓汤宝,other_food,,扩展食材,other_food,0,1,review,1,菜谱实际使用名称，待进一步规范
2514,四分之一石膏,other_food,,扩展食材,other_food,0,1,review,1,菜谱实际使用名称，待进一步规范
2515,四分之五香粉,other_food,,扩展食材,other_food,0,1,review,1,菜谱实际使用名称，待进一步规范
2516,四分之包菜,other_food,,扩展食材,other_food,0,1,review,2,菜谱实际使用名称，待进一步规范
2517,四分之味极鲜,other_food,,扩展食材,other_food,0,1,review,1,菜谱实际使用名称，待进一步规范
2518,四分之味精,other_food,,扩展食材,other_food,0,1,review,2,菜谱实际使用名称，待进一步规范
2519,四分之圆葱,other_food,,扩展食材,other_food,0,1,review,1,菜谱实际使用名称，待进一步规范
2520,四分之土鸡,other_food,,扩展食材,other_food,0,1,review,1,菜谱实际使用名称，待进一步规范
2521,四分之大葱,other_food,,扩展食材,other_food,0,1,review,2,菜谱实际使用名称，待进一步规范
2522,四分之松花菜,other_food,,扩展食材,other_food,0,1,review,1,菜谱实际使用名称，待进一步规范
2523,四分之柠檬,other_food,,扩展食材,other_food,0,1,review,1,菜谱实际使用名称，待进一步规范
2524,四分之根葱,other_food,,扩展食材,other_food,0,1,review,1,菜谱实际使用名称，待进一步规范
2525,四分之水,other_food,,扩展食材,other_food,0,1,review,1,菜谱实际使用名称，待进一步规范
2526,四分之洋葱,other_food,,扩展食材,other_food,0,1,review,6,菜谱实际使用名称，待进一步规范
2527,四分之火锅底料,other_food,,扩展食材,other_food,0,1,review,1,菜谱实际使用名称，待进一步规范
2528,四分之牛肉粉,other_food,,扩展食材,other_food,0,1,review,1,菜谱实际使用名称，待进一步规范
2529,四分之玉米玉米粒,other_food,,扩展食材,other_food,0,1,review,1,菜谱实际使用名称，待进一步规范
2530,四分之甘蓝,other_food,,扩展食材,other_food,0,1,review,2,菜谱实际使用名称，待进一步规范
2531,四分之盐,other_food,,扩展食材,other_food,0,1,review,2,菜谱实际使用名称，待进一步规范
2532,四分之老抽,other_food,,扩展食材,other_food,0,1,review,1,菜谱实际使用名称，待进一步规范
2533,四分之胡萝卜,other_food,,扩展食材,other_food,0,1,review,3,菜谱实际使用名称，待进一步规范
2534,四分之花菜,other_food,,扩展食材,other_food,0,1,review,1,菜谱实际使用名称，待进一步规范
2535,四分之菠萝,other_food,,扩展食材,other_food,0,1,review,1,菜谱实际使用名称，待进一步规范
2536,四分之葱,other_food,,扩展食材,other_food,0,1,review,1,菜谱实际使用名称，待进一步规范
2537,四分之西蓝花,other_food,,扩展食材,other_food,0,1,review,1,菜谱实际使用名称，待进一步规范
2538,四分之金针菇,other_food,,扩展食材,other_food,0,1,review,1,菜谱实际使用名称，待进一步规范
2539,四分之青椒,other_food,,扩展食材,other_food,0,1,review,1,菜谱实际使用名称，待进一步规范
2540,四分之鸡,other_food,,扩展食材,other_food,0,1,review,1,菜谱实际使用名称，待进一步规范
2541,四分之鸡精,other_food,,扩展食材,other_food,0,1,review,2,菜谱实际使用名称，待进一步规范
2542,四分之鸡肉,other_food,,扩展食材,other_food,0,1,review,1,菜谱实际使用名称，待进一步规范
2543,四分之鹅,other_food,,扩展食材,other_food,0,1,review,1,菜谱实际使用名称，待进一步规范
2544,四分之黑胡椒酱,seasoning,,扩展食材,seasoning,0,1,verified,1,调味料
2545,四喜丸子,processed,,扩展食材,processed,0,1,verified,1,加工、半成品、乳制品或饮品
2546,四季葱,other_food,,扩展食材,other_food,0,1,review,1,菜谱实际使用名称，待进一步规范
2547,四季豆分量五分之一猪肉沫,other_food,,扩展食材,other_food,0,1,review,1,菜谱实际使用名称，待进一步规范
2548,四季豆或者无筋豆,composite,,扩展食材,composite,0,1,review,1,疑似复合名称，组成未完全确认
2549,四季豆斜切细条状,other_food,,扩展食材,other_food,0,1,review,1,菜谱实际使用名称，待进一步规范
2550,四川产井盐最佳,other_food,,扩展食材,other_food,0,1,review,1,菜谱实际使用名称，待进一步规范
2551,四川泡菜,processed,,扩展食材,processed,0,1,verified,1,加工、半成品、乳制品或饮品
2552,四川老坛泡萝卜,other_food,,扩展食材,other_food,0,1,review,1,菜谱实际使用名称，待进一步规范
2553,四川豆瓣,other_food,,扩展食材,other_food,0,1,review,1,菜谱实际使用名称，待进一步规范
2554,四川郫县豆瓣酱,seasoning,,扩展食材,seasoning,0,1,verified,1,调味料
2555,四方子,other_food,,扩展食材,other_food,0,1,review,1,菜谱实际使用名称，待进一步规范
2556,四棱豆,other_food,,扩展食材,other_food,0,1,review,1,菜谱实际使用名称，待进一步规范
2557,四瓦勺子来洗肥肠面粉,processed,,扩展食材,processed,0,1,verified,1,加工、半成品、乳制品或饮品
2558,四角豆,other_food,,扩展食材,other_food,0,1,review,3,菜谱实际使用名称，待进一步规范
2559,回锅肉,other_food,,扩展食材,other_food,0,1,review,1,菜谱实际使用名称，待进一步规范
2560,回锅肉部分,other_food,,扩展食材,other_food,0,1,review,1,菜谱实际使用名称，待进一步规范
2561,回锅酱汁,other_food,,扩展食材,other_food,0,1,review,1,菜谱实际使用名称，待进一步规范
2562,因放了蚝油和生抽,composite,,扩展食材,composite,0,1,review,1,疑似复合名称，组成未完全确认
2563,因爱吃,other_food,,扩展食材,other_food,0,1,review,1,菜谱实际使用名称，待进一步规范
2564,团米粉,processed,,扩展食材,processed,0,1,verified,1,加工、半成品、乳制品或饮品
2565,团粉丝,processed,,扩展食材,processed,0,1,verified,1,加工、半成品、乳制品或饮品
2566,团绿豆粉丝,processed,,扩展食材,processed,0,1,verified,1,加工、半成品、乳制品或饮品
2567,团龙口粉丝,processed,,扩展食材,processed,0,1,verified,1,加工、半成品、乳制品或饮品
2568,图一姜末,other_food,,扩展食材,other_food,0,1,review,1,菜谱实际使用名称，待进一步规范
2569,图一蒜末,other_food,,扩展食材,other_food,0,1,review,1,菜谱实际使用名称，待进一步规范
2570,圆包菜,other_food,,扩展食材,other_food,0,1,review,1,菜谱实际使用名称，待进一步规范
2571,圆圆胖茄子,other_food,,扩展食材,other_food,0,1,review,1,菜谱实际使用名称，待进一步规范
2572,圆椒,other_food,,扩展食材,other_food,0,1,review,3,菜谱实际使用名称，待进一步规范
2573,圆生菜,other_food,,扩展食材,other_food,0,1,review,3,菜谱实际使用名称，待进一步规范
2574,圆白菜或娃娃菜,composite,,扩展食材,composite,0,1,review,1,疑似复合名称，组成未完全确认
2575,圆白菜花,other_food,,扩展食材,other_food,0,1,review,1,菜谱实际使用名称，待进一步规范
2576,圆白萝卜,other_food,,扩展食材,other_food,0,1,review,1,菜谱实际使用名称，待进一步规范
2577,圆茄子,other_food,,扩展食材,other_food,0,1,review,17,菜谱实际使用名称，待进一步规范
2578,圆菇,other_food,,扩展食材,other_food,0,1,review,2,菜谱实际使用名称，待进一步规范
2579,圆萝卜,other_food,,扩展食材,other_food,0,1,review,1,菜谱实际使用名称，待进一步规范
2580,圆蘑菇,other_food,,扩展食材,other_food,0,1,review,1,菜谱实际使用名称，待进一步规范
2581,圆豆角也叫四季豆,other_food,,扩展食材,other_food,0,1,review,1,菜谱实际使用名称，待进一步规范
2582,圆青椒,other_food,,扩展食材,other_food,0,1,review,1,菜谱实际使用名称，待进一步规范
2583,圈东古一品鲜酱油,seasoning,,扩展食材,seasoning,0,1,verified,1,调味料
2584,圈冬瓜,other_food,,扩展食材,other_food,0,1,review,1,菜谱实际使用名称，待进一步规范
2585,圈香油,seasoning,,扩展食材,seasoning,0,1,verified,1,调味料
2586,土佬帽冰糖,other_food,,扩展食材,other_food,0,1,review,1,菜谱实际使用名称，待进一步规范
2587,土佬帽枸杞,other_food,,扩展食材,other_food,0,1,review,1,菜谱实际使用名称，待进一步规范
2588,土佬帽莲子,other_food,,扩展食材,other_food,0,1,review,1,菜谱实际使用名称，待进一步规范
2589,土公鸡,other_food,,扩展食材,other_food,0,1,review,1,菜谱实际使用名称，待进一步规范
2590,土冰糖,seasoning,,扩展食材,seasoning,0,1,verified,1,调味料
2591,土冰糖冰糖,other_food,,扩展食材,other_food,0,1,review,1,菜谱实际使用名称，待进一步规范
2592,土榨花生油,seasoning,,扩展食材,seasoning,0,1,verified,1,调味料
2593,土猪肉,other_food,,扩展食材,other_food,0,1,review,1,菜谱实际使用名称，待进一步规范
2594,土砂仁,other_food,,扩展食材,other_food,0,1,review,1,菜谱实际使用名称，待进一步规范
2595,土豆切块,other_food,,扩展食材,other_food,0,1,review,1,菜谱实际使用名称，待进一步规范
2596,土豆大,other_food,,扩展食材,other_food,0,1,review,1,菜谱实际使用名称，待进一步规范
2597,土豆干,processed,,扩展食材,processed,0,1,verified,1,加工、半成品、乳制品或饮品
2598,土豆或胡萝卜,composite,,扩展食材,composite,0,1,review,1,疑似复合名称，组成未完全确认
2599,土豆淀粉,seasoning,,扩展食材,seasoning,0,1,verified,10,调味料
2600,土豆生粉,other_food,,扩展食材,other_food,0,1,review,1,菜谱实际使用名称，待进一步规范
2601,土豆粉,other_food,,扩展食材,other_food,0,1,review,2,菜谱实际使用名称，待进一步规范
2602,土豆粉条,processed,,扩展食材,processed,0,1,verified,3,加工、半成品、乳制品或饮品
2603,土豆🥔,other_food,,扩展食材,other_food,0,1,review,4,菜谱实际使用名称，待进一步规范
2604,土鲫鱼,other_food,,扩展食材,other_food,0,1,review,1,菜谱实际使用名称，待进一步规范
2605,土鸡半边鸡,other_food,,扩展食材,other_food,0,1,review,1,菜谱实际使用名称，待进一步规范
2606,土鸡腿,other_food,,扩展食材,other_food,0,1,review,1,菜谱实际使用名称，待进一步规范
2607,土鸡蛋大冰糖,other_food,,扩展食材,other_food,0,1,review,1,菜谱实际使用名称，待进一步规范
2608,土鸭,other_food,,扩展食材,other_food,0,1,review,1,菜谱实际使用名称，待进一步规范
2609,地瓜叶,other_food,,扩展食材,other_food,0,1,review,3,菜谱实际使用名称，待进一步规范
2610,地瓜淀粉,seasoning,,扩展食材,seasoning,0,1,verified,2,调味料
2611,地瓜粉,other_food,,扩展食材,other_food,0,1,review,3,菜谱实际使用名称，待进一步规范
2612,地瓜粉/嫩肉粉,composite,,扩展食材,composite,0,1,review,1,疑似复合名称，组成未完全确认
2613,地瓜粉/淀粉,processed,,扩展食材,processed,0,1,verified,1,加工、半成品、乳制品或饮品
2614,均匀涂抹盐,non_food,,扩展食材,non_food,0,0,review,1,疑似工具、包装或操作说明
2615,均可洋葱,other_food,,扩展食材,other_food,0,1,review,1,菜谱实际使用名称，待进一步规范
2616,均可黑巧克力,processed,,扩展食材,processed,0,1,verified,1,加工、半成品、乳制品或饮品
2617,坚果,generic,,扩展食材,generic,0,1,review,4,宽泛名称，保留原义而不猜测具体品种
2618,坚果碎,other_food,,扩展食材,other_food,0,1,review,1,菜谱实际使用名称，待进一步规范
2619,坨腊肉,processed,,扩展食材,processed,0,1,verified,1,加工、半成品、乳制品或饮品
2620,垫放丸子菜叶,processed,,扩展食材,processed,0,1,verified,1,加工、半成品、乳制品或饮品
2621,培林榨菜,other_food,,扩展食材,other_food,0,1,review,1,菜谱实际使用名称，待进一步规范
2622,培根,processed,,扩展食材,processed,0,1,verified,43,加工、半成品、乳制品或饮品
2623,培根/五花肉,processed,,扩展食材,processed,0,1,verified,1,加工、半成品、乳制品或饮品
2624,培根肉,processed,,扩展食材,processed,0,1,verified,1,加工、半成品、乳制品或饮品
2625,培根🥓,processed,,扩展食材,processed,0,1,verified,1,加工、半成品、乳制品或饮品
2626,基围虾,other_food,,扩展食材,other_food,0,1,review,14,菜谱实际使用名称，待进一步规范
2627,基本材料,other_food,,扩展食材,other_food,0,1,review,1,菜谱实际使用名称，待进一步规范
2628,基本调料,seasoning,,扩展食材,seasoning,0,1,verified,1,调味料
2629,堆爱你他/她,composite,,扩展食材,composite,0,1,review,1,疑似复合名称，组成未完全确认
2630,塔嘛鱼,other_food,,扩展食材,other_food,0,1,review,1,菜谱实际使用名称，待进一步规范
2631,塔菜,other_food,,扩展食材,other_food,0,1,review,1,菜谱实际使用名称，待进一步规范
2632,墨西哥罐头小圆辣椒,processed,,扩展食材,processed,0,1,verified,1,加工、半成品、乳制品或饮品
2633,墨鱼丸,processed,,扩展食材,processed,0,1,verified,1,加工、半成品、乳制品或饮品
2634,墨鱼仔,other_food,,扩展食材,other_food,0,1,review,1,菜谱实际使用名称，待进一步规范
2635,墨鱼头,other_food,,扩展食材,other_food,0,1,review,1,菜谱实际使用名称，待进一步规范
2636,墨鱼干,processed,,扩展食材,processed,0,1,verified,3,加工、半成品、乳制品或饮品
2637,墨鱼汁,seasoning,,扩展食材,seasoning,0,1,verified,1,调味料
2638,壶开水,other_food,,扩展食材,other_food,0,1,review,4,菜谱实际使用名称，待进一步规范
2639,备化猪油,seasoning,,扩展食材,seasoning,0,1,verified,1,调味料
2640,备姜,other_food,,扩展食材,other_food,0,1,review,1,菜谱实际使用名称，待进一步规范
2641,备迷迭香,seasoning,,扩展食材,seasoning,0,1,verified,1,调味料
2642,夏夷贝,other_food,,扩展食材,other_food,0,1,review,1,菜谱实际使用名称，待进一步规范
2643,夏威夷果,other_food,,扩展食材,other_food,0,1,review,1,菜谱实际使用名称，待进一步规范
2644,外婆菜,other_food,,扩展食材,other_food,0,1,review,2,菜谱实际使用名称，待进一步规范
2645,多一些盐,seasoning,,扩展食材,seasoning,0,1,verified,1,调味料
2646,多一点会更香大蒜叶,other_food,,扩展食材,other_food,0,1,review,1,菜谱实际使用名称，待进一步规范
2647,多一点冰糖,other_food,,扩展食材,other_food,0,1,review,1,菜谱实际使用名称，待进一步规范
2648,多一点更香油,seasoning,,扩展食材,seasoning,0,1,verified,1,调味料
2649,多一点更香蒜,other_food,,扩展食材,other_food,0,1,review,1,菜谱实际使用名称，待进一步规范
2650,多一点生抽,seasoning,,扩展食材,seasoning,0,1,verified,1,调味料
2651,多一点葱姜蒜,composite,,扩展食材,composite,0,1,verified,1,明确多食材组合，组成见桥接表
2652,多一点豆瓣酱,seasoning,,扩展食材,seasoning,0,1,verified,1,调味料
2653,多一点酱油,seasoning,,扩展食材,seasoning,0,1,verified,1,调味料
2654,多一点香蒜末,other_food,,扩展食材,other_food,0,1,review,1,菜谱实际使用名称，待进一步规范
2655,多五花肉,other_food,,扩展食材,other_food,0,1,review,1,菜谱实际使用名称，待进一步规范
2656,多些油,seasoning,,扩展食材,seasoning,0,1,verified,1,调味料
2657,多些菜籽油,seasoning,,扩展食材,seasoning,0,1,verified,1,调味料
2658,多准备点玉米淀粉,processed,,扩展食材,processed,0,1,verified,1,加工、半成品、乳制品或饮品
2659,多切点蒜泥葱蒜,other_food,,扩展食材,other_food,0,1,review,1,菜谱实际使用名称，待进一步规范
2660,多利鱼,other_food,,扩展食材,other_food,0,1,review,1,菜谱实际使用名称，待进一步规范
2661,多加一些大蒜,other_food,,扩展食材,other_food,0,1,review,1,菜谱实际使用名称，待进一步规范
2662,多多克白胡椒,other_food,,扩展食材,other_food,0,1,review,1,菜谱实际使用名称，待进一步规范
2663,多多多蒜蓉,other_food,,扩展食材,other_food,0,1,review,1,菜谱实际使用名称，待进一步规范
2664,多多益善现磨黑胡椒,other_food,,扩展食材,other_food,0,1,review,1,菜谱实际使用名称，待进一步规范
2665,多对虾,other_food,,扩展食材,other_food,0,1,review,1,菜谱实际使用名称，待进一步规范
2666,多少米就多少水水,other_food,,扩展食材,other_food,0,1,review,1,菜谱实际使用名称，待进一步规范
2667,多少胡萝卜,other_food,,扩展食材,other_food,0,1,review,1,菜谱实际使用名称，待进一步规范
2668,多少蒜苔,other_food,,扩展食材,other_food,0,1,review,1,菜谱实际使用名称，待进一步规范
2669,多少都行~芥菜,other_food,,扩展食材,other_food,0,1,review,1,菜谱实际使用名称，待进一步规范
2670,多少都行虾,other_food,,扩展食材,other_food,0,1,review,1,菜谱实际使用名称，待进一步规范
2671,多干豆角,other_food,,扩展食材,other_food,0,1,review,1,菜谱实际使用名称，待进一步规范
2672,多干辣椒,seasoning,,扩展食材,seasoning,0,1,verified,1,调味料
2673,多放姜葱姜,other_food,,扩展食材,other_food,0,1,review,1,菜谱实际使用名称，待进一步规范
2674,多放点儿,other_food,,扩展食材,other_food,0,1,review,1,菜谱实际使用名称，待进一步规范
2675,多料酒,seasoning,,扩展食材,seasoning,0,1,verified,1,调味料
2676,多条剥皮鱼,other_food,,扩展食材,other_food,0,1,review,1,菜谱实际使用名称，待进一步规范
2677,多来点味极鲜酱油,seasoning,,扩展食材,seasoning,0,1,verified,1,调味料
2678,多棵小油菜,other_food,,扩展食材,other_food,0,1,review,1,菜谱实际使用名称，待进一步规范
2679,多次放花椒大料水,other_food,,扩展食材,other_food,0,1,review,1,菜谱实际使用名称，待进一步规范
2680,多水,other_food,,扩展食材,other_food,0,1,review,1,菜谱实际使用名称，待进一步规范
2681,多淀粉,seasoning,,扩展食材,seasoning,0,1,verified,1,调味料
2682,多点也无妨淀粉,processed,,扩展食材,processed,0,1,verified,1,加工、半成品、乳制品或饮品
2683,多点好吃葱姜蒜,other_food,,扩展食材,other_food,0,1,review,1,菜谱实际使用名称，待进一步规范
2684,多点好吃蒜蓉,other_food,,扩展食材,other_food,0,1,review,1,菜谱实际使用名称，待进一步规范
2685,多点生抽,seasoning,,扩展食材,seasoning,0,1,verified,1,调味料
2686,多点生粉,processed,,扩展食材,processed,0,1,verified,1,加工、半成品、乳制品或饮品
2687,多点菜籽油,seasoning,,扩展食材,seasoning,0,1,verified,1,调味料
2688,多点葱,other_food,,扩展食材,other_food,0,1,review,1,菜谱实际使用名称，待进一步规范
2689,多猪肠,processed,,扩展食材,processed,0,1,verified,1,加工、半成品、乳制品或饮品
2690,多瓣蒜瓣,other_food,,扩展食材,other_food,0,1,review,1,菜谱实际使用名称，待进一步规范
2691,多盐,other_food,,扩展食材,other_food,0,1,review,1,菜谱实际使用名称，待进一步规范
2692,多粒花椒,other_food,,扩展食材,other_food,0,1,review,2,菜谱实际使用名称，待进一步规范
2693,多绿豆芽,other_food,,扩展食材,other_food,0,1,review,1,菜谱实际使用名称，待进一步规范
2694,多胡萝卜,other_food,,扩展食材,other_food,0,1,review,1,菜谱实际使用名称，待进一步规范
2695,多芋儿,other_food,,扩展食材,other_food,0,1,review,1,菜谱实际使用名称，待进一步规范
2696,多蒜,other_food,,扩展食材,other_food,0,1,review,1,菜谱实际使用名称，待进一步规范
2697,多量辣椒🌶️,other_food,,扩展食材,other_food,0,1,review,1,菜谱实际使用名称，待进一步规范
2698,多青菜,other_food,,扩展食材,other_food,0,1,review,2,菜谱实际使用名称，待进一步规范
2699,多面粉,processed,,扩展食材,processed,0,1,verified,2,加工、半成品、乳制品或饮品
2700,多食油,seasoning,,扩展食材,seasoning,0,1,verified,1,调味料
2701,多香菇,other_food,,扩展食材,other_food,0,1,review,1,菜谱实际使用名称，待进一步规范
2702,多黄瓜,other_food,,扩展食材,other_food,0,1,review,1,菜谱实际使用名称，待进一步规范
2703,够即可玉米淀粉,processed,,扩展食材,processed,0,1,verified,1,加工、半成品、乳制品或饮品
2704,够吃就行草菇,other_food,,扩展食材,other_food,0,1,review,1,菜谱实际使用名称，待进一步规范
2705,够吃量白菜,other_food,,扩展食材,other_food,0,1,review,1,菜谱实际使用名称，待进一步规范
2706,够炒量芹菜,other_food,,扩展食材,other_food,0,1,review,1,菜谱实际使用名称，待进一步规范
2707,大,other_food,,扩展食材,other_food,0,1,review,2,菜谱实际使用名称，待进一步规范
2708,大䓤,other_food,,扩展食材,other_food,0,1,review,1,菜谱实际使用名称，待进一步规范
2709,大排,other_food,,扩展食材,other_food,0,1,review,4,菜谱实际使用名称，待进一步规范
2710,大油,seasoning,,扩展食材,seasoning,0,1,verified,1,调味料
2711,大肉,other_food,,扩展食材,other_food,0,1,review,1,菜谱实际使用名称，待进一步规范
2712,大肠,processed,,扩展食材,processed,0,1,verified,2,加工、半成品、乳制品或饮品
2713,大茴,other_food,,扩展食材,other_food,0,1,review,1,菜谱实际使用名称，待进一步规范
2714,大葱或香葱,composite,,扩展食材,composite,0,1,review,1,疑似复合名称，组成未完全确认
2715,大蛤,other_food,,扩展食材,other_food,0,1,review,1,菜谱实际使用名称，待进一步规范
2716,大酱,seasoning,,扩展食材,seasoning,0,1,verified,9,调味料
2717,大香,other_food,,扩展食材,other_food,0,1,review,1,菜谱实际使用名称，待进一步规范
2718,天然雪蜜,other_food,,扩展食材,other_food,0,1,review,1,菜谱实际使用名称，待进一步规范
2719,天贝,other_food,,扩展食材,other_food,0,1,review,1,菜谱实际使用名称，待进一步规范
2720,天麻,other_food,,扩展食材,other_food,0,1,review,1,菜谱实际使用名称，待进一步规范
2721,天麻干,other_food,,扩展食材,other_food,0,1,review,1,菜谱实际使用名称，待进一步规范
2722,太和豆豉,composite,,扩展食材,composite,0,1,review,1,疑似复合名称，组成未完全确认
2723,太太乐原味鲜小炒鲜,other_food,,扩展食材,other_food,0,1,review,1,菜谱实际使用名称，待进一步规范
2724,太太乐原味鲜鸡精,other_food,,扩展食材,other_food,0,1,review,1,菜谱实际使用名称，待进一步规范
2725,太太乐特级鲜酱油,seasoning,,扩展食材,seasoning,0,1,verified,1,调味料
2726,太太乐芝麻香油,seasoning,,扩展食材,seasoning,0,1,verified,1,调味料
2727,太太乐鲜鸡汁,seasoning,,扩展食材,seasoning,0,1,verified,8,调味料
2728,太太乐鸡汁,seasoning,,扩展食材,seasoning,0,1,verified,4,调味料
2729,太太乐鸡精,seasoning,,扩展食材,seasoning,0,1,verified,2,调味料
2730,太椒,other_food,,扩展食材,other_food,0,1,review,1,菜谱实际使用名称，待进一步规范
2731,太湖白虾虾干,processed,,扩展食材,processed,0,1,verified,1,加工、半成品、乳制品或饮品
2732,太白粉,other_food,,扩展食材,other_food,0,1,review,3,菜谱实际使用名称，待进一步规范
2733,太阳谷牛排,other_food,,扩展食材,other_food,0,1,review,1,菜谱实际使用名称，待进一步规范
2734,太阳谷特厚肥牛,other_food,,扩展食材,other_food,0,1,review,1,菜谱实际使用名称，待进一步规范
2735,太阳谷藤椒风味鸡,seasoning,,扩展食材,seasoning,0,1,verified,1,调味料
2736,太阳谷鸡小胸,other_food,,扩展食材,other_food,0,1,review,1,菜谱实际使用名称，待进一步规范
2737,太阳鱼,other_food,,扩展食材,other_food,0,1,review,2,菜谱实际使用名称，待进一步规范
2738,头甜玉米粒,other_food,,扩展食材,other_food,0,1,review,1,菜谱实际使用名称，待进一步规范
2739,头虾,other_food,,扩展食材,other_food,0,1,review,2,菜谱实际使用名称，待进一步规范
2740,头豆豉鲮鱼,seasoning,,扩展食材,seasoning,0,1,verified,1,调味料
2741,头鱼鱼头及鱼腩,other_food,,扩展食材,other_food,0,1,review,1,菜谱实际使用名称，待进一步规范
2742,头黄桃,other_food,,扩展食材,other_food,0,1,review,1,菜谱实际使用名称，待进一步规范
2743,奇亚籽,other_food,,扩展食材,other_food,0,1,review,4,菜谱实际使用名称，待进一步规范
2744,奇士脐橙,other_food,,扩展食材,other_food,0,1,review,1,菜谱实际使用名称，待进一步规范
2745,奇异果,other_food,,扩展食材,other_food,0,1,review,1,菜谱实际使用名称，待进一步规范
2746,奥尔良烤翅粉,other_food,,扩展食材,other_food,0,1,review,1,菜谱实际使用名称，待进一步规范
2747,奥尔良烤翅腌料,seasoning,,扩展食材,seasoning,0,1,verified,1,调味料
2748,奥尔良腌料,seasoning,,扩展食材,seasoning,0,1,verified,6,调味料
2749,奥尔良鸡粉,other_food,,扩展食材,other_food,0,1,review,1,菜谱实际使用名称，待进一步规范
2750,奶油,seasoning,,扩展食材,seasoning,0,1,verified,2,调味料
2751,奶油小白菜,processed,,扩展食材,processed,0,1,verified,1,加工、半成品、乳制品或饮品
2752,奶粉,processed,,扩展食材,processed,0,1,verified,7,加工、半成品、乳制品或饮品
2753,奶酪,processed,,扩展食材,processed,0,1,verified,5,加工、半成品、乳制品或饮品
2754,奶酪片,processed,,扩展食材,processed,0,1,verified,2,加工、半成品、乳制品或饮品
2755,奶酪碎,processed,,扩展食材,processed,0,1,verified,1,加工、半成品、乳制品或饮品
2756,好人家酸菜鱼料包,processed,,扩展食材,processed,0,1,verified,1,加工、半成品、乳制品或饮品
2757,好侍关东煮料包,other_food,,扩展食材,other_food,0,1,review,1,菜谱实际使用名称，待进一步规范
2758,好侍咖王咖喱块,other_food,,扩展食材,other_food,0,1,review,1,菜谱实际使用名称，待进一步规范
2759,好侍百梦多咖喱,other_food,,扩展食材,other_food,0,1,review,1,菜谱实际使用名称，待进一步规范
2760,好几段大葱,other_food,,扩展食材,other_food,0,1,review,1,菜谱实际使用名称，待进一步规范
2761,好几片姜片,other_food,,扩展食材,other_food,0,1,review,1,菜谱实际使用名称，待进一步规范
2762,好几瓣蒜末,other_food,,扩展食材,other_food,0,1,review,1,菜谱实际使用名称，待进一步规范
2763,好多只虾,other_food,,扩展食材,other_food,0,1,review,1,菜谱实际使用名称，待进一步规范
2764,好多瓣蒜,other_food,,扩展食材,other_food,0,1,review,1,菜谱实际使用名称，待进一步规范
2765,好大米,other_food,,扩展食材,other_food,0,1,review,1,菜谱实际使用名称，待进一步规范
2766,好想好想放啊,other_food,,扩展食材,other_food,0,1,review,1,菜谱实际使用名称，待进一步规范
2767,好水,other_food,,扩展食材,other_food,0,1,review,1,菜谱实际使用名称，待进一步规范
2768,好海参,other_food,,扩展食材,other_food,0,1,review,1,菜谱实际使用名称，待进一步规范
2769,好辽参,other_food,,扩展食材,other_food,0,1,review,1,菜谱实际使用名称，待进一步规范
2770,好长山药,other_food,,扩展食材,other_food,0,1,review,1,菜谱实际使用名称，待进一步规范
2771,好香菇,other_food,,扩展食材,other_food,0,1,review,1,菜谱实际使用名称，待进一步规范
2772,如下叙述淀粉,processed,,扩展食材,processed,0,1,verified,1,加工、半成品、乳制品或饮品
2773,如下火锅食材,other_food,,扩展食材,other_food,0,1,review,1,菜谱实际使用名称，待进一步规范
2774,如下红油,seasoning,,扩展食材,seasoning,0,1,verified,1,调味料
2775,如下腌制虾仁调料,seasoning,,扩展食材,seasoning,0,1,verified,1,调味料
2776,如下调味汁,other_food,,扩展食材,other_food,0,1,review,1,菜谱实际使用名称，待进一步规范
2777,如图五花肉末,other_food,,扩展食材,other_food,0,1,review,1,菜谱实际使用名称，待进一步规范
2778,如图姜,other_food,,扩展食材,other_food,0,1,review,1,菜谱实际使用名称，待进一步规范
2779,如图料酒,seasoning,,扩展食材,seasoning,0,1,verified,1,调味料
2780,如图杏鲍菇,other_food,,扩展食材,other_food,0,1,review,1,菜谱实际使用名称，待进一步规范
2781,如图洋葱,other_food,,扩展食材,other_food,0,1,review,1,菜谱实际使用名称，待进一步规范
2782,如图生抽,other_food,,扩展食材,other_food,0,1,review,1,菜谱实际使用名称，待进一步规范
2783,如图老抽,other_food,,扩展食材,other_food,0,1,review,1,菜谱实际使用名称，待进一步规范
2784,如图肉,other_food,,扩展食材,other_food,0,1,review,1,菜谱实际使用名称，待进一步规范
2785,如图肉末,other_food,,扩展食材,other_food,0,1,review,1,菜谱实际使用名称，待进一步规范
2786,如图花椒,other_food,,扩展食材,other_food,0,1,review,1,菜谱实际使用名称，待进一步规范
2787,如图荷兰豆,other_food,,扩展食材,other_food,0,1,review,1,菜谱实际使用名称，待进一步规范
2788,如图菜籽油,seasoning,,扩展食材,seasoning,0,1,verified,1,调味料
2789,如图葱,other_food,,扩展食材,other_food,0,1,review,1,菜谱实际使用名称，待进一步规范
2790,如图葱姜蒜,other_food,,扩展食材,other_food,0,1,review,1,菜谱实际使用名称，待进一步规范
2791,如多人食红杉鱼,other_food,,扩展食材,other_food,0,1,review,1,菜谱实际使用名称，待进一步规范
2792,如果猪油可以出锅时加入猪油,seasoning,,扩展食材,seasoning,0,1,verified,1,调味料
2793,如酱不自己调汁烧烤酱,seasoning,,扩展食材,seasoning,0,1,verified,1,调味料
2794,妖娆走地鸡,other_food,,扩展食材,other_food,0,1,review,1,菜谱实际使用名称，待进一步规范
2795,姜.葱,other_food,,扩展食材,other_food,0,1,review,1,菜谱实际使用名称，待进一步规范
2796,姜/盐/鸡精/胡椒粉,composite,,扩展食材,composite,0,1,review,1,疑似复合名称，组成未完全确认
2797,姜/蒜头,composite,,扩展食材,composite,0,1,review,1,疑似复合名称，组成未完全确认
2798,姜/蒜沫/八角,composite,,扩展食材,composite,0,1,review,1,疑似复合名称，组成未完全确认
2799,姜丝一点,other_food,,扩展食材,other_food,0,1,review,1,菜谱实际使用名称，待进一步规范
2800,姜丝儿,other_food,,扩展食材,other_food,0,1,review,2,菜谱实际使用名称，待进一步规范
2801,姜丝蒜片,other_food,,扩展食材,other_food,0,1,review,1,菜谱实际使用名称，待进一步规范
2802,姜份量姜末,other_food,,扩展食材,other_food,0,1,review,1,菜谱实际使用名称，待进一步规范
2803,姜切丝姜丝,other_food,,扩展食材,other_food,0,1,review,1,菜谱实际使用名称，待进一步规范
2804,姜切末,other_food,,扩展食材,other_food,0,1,review,1,菜谱实际使用名称，待进一步规范
2805,姜块「煮肉时」,other_food,,扩展食材,other_food,0,1,review,1,菜谱实际使用名称，待进一步规范
2806,姜大葱大料牛骨棒,other_food,,扩展食材,other_food,0,1,review,1,菜谱实际使用名称，待进一步规范
2807,姜末姜,other_food,,扩展食材,other_food,0,1,review,1,菜谱实际使用名称，待进一步规范
2808,姜汁,seasoning,,扩展食材,seasoning,0,1,verified,5,调味料
2809,姜沫,other_food,,扩展食材,other_food,0,1,review,2,菜谱实际使用名称，待进一步规范
2810,姜泥,other_food,,扩展食材,other_food,0,1,review,3,菜谱实际使用名称，待进一步规范
2811,姜片洋葱片,other_food,,扩展食材,other_food,0,1,review,1,菜谱实际使用名称，待进一步规范
2812,姜片葱段,other_food,,扩展食材,other_food,0,1,review,2,菜谱实际使用名称，待进一步规范
2813,姜片蒜粒干辣椒,seasoning,,扩展食材,seasoning,0,1,verified,1,调味料
2814,姜米,other_food,,扩展食材,other_food,0,1,review,2,菜谱实际使用名称，待进一步规范
2815,姜粉,seasoning,,扩展食材,seasoning,0,1,verified,26,调味料
2816,姜粉/姜片,composite,,扩展食材,composite,0,1,review,1,疑似复合名称，组成未完全确认
2817,姜粉豆瓣酱,seasoning,,扩展食材,seasoning,0,1,verified,1,调味料
2818,姜粒,other_food,,扩展食材,other_food,0,1,review,4,菜谱实际使用名称，待进一步规范
2819,姜糜,other_food,,扩展食材,other_food,0,1,review,1,菜谱实际使用名称，待进一步规范
2820,姜绒,other_food,,扩展食材,other_food,0,1,review,1,菜谱实际使用名称，待进一步规范
2821,姜芽,other_food,,扩展食材,other_food,0,1,review,1,菜谱实际使用名称，待进一步规范
2822,姜茶油,seasoning,,扩展食材,seasoning,0,1,verified,1,调味料
2823,姜葱,other_food,,扩展食材,other_food,0,1,review,6,菜谱实际使用名称，待进一步规范
2824,姜葱蒜,composite,,扩展食材,composite,0,1,verified,9,明确多食材组合，组成见桥接表
2825,姜葱蒜末,other_food,,扩展食材,other_food,0,1,review,1,菜谱实际使用名称，待进一步规范
2826,姜葱蒜香菜,other_food,,扩展食材,other_food,0,1,review,1,菜谱实际使用名称，待进一步规范
2827,姜蒜,composite,,扩展食材,composite,0,1,verified,41,明确多食材组合，组成见桥接表
2828,姜蒜干辣椒,seasoning,,扩展食材,seasoning,0,1,verified,1,调味料
2829,姜蒜末,other_food,,扩展食材,other_food,0,1,review,5,菜谱实际使用名称，待进一步规范
2830,姜蒜泥,other_food,,扩展食材,other_food,0,1,review,1,菜谱实际使用名称，待进一步规范
2831,姜蒜片,other_food,,扩展食材,other_food,0,1,review,1,菜谱实际使用名称，待进一步规范
2832,姜蒜花椒干辣椒,seasoning,,扩展食材,seasoning,0,1,verified,1,调味料
2833,姜蒜葱,other_food,,扩展食材,other_food,0,1,review,5,菜谱实际使用名称，待进一步规范
2834,姜蒜葱红米椒,other_food,,扩展食材,other_food,0,1,review,1,菜谱实际使用名称，待进一步规范
2835,姜蒜蒜苗干辣椒,seasoning,,扩展食材,seasoning,0,1,verified,1,调味料
2836,姜蒜辣椒,other_food,,扩展食材,other_food,0,1,review,2,菜谱实际使用名称，待进一步规范
2837,姜蒜香菜,other_food,,扩展食材,other_food,0,1,review,1,菜谱实际使用名称，待进一步规范
2838,姜蒜🧄,other_food,,扩展食材,other_food,0,1,review,1,菜谱实际使用名称，待进一步规范
2839,姜辣泡椒酱,seasoning,,扩展食材,seasoning,0,1,verified,1,调味料
2840,姜黄,other_food,,扩展食材,other_food,0,1,review,1,菜谱实际使用名称，待进一步规范
2841,姜黄粉,other_food,,扩展食材,other_food,0,1,review,4,菜谱实际使用名称，待进一步规范
2842,姬松茸,other_food,,扩展食材,other_food,0,1,review,6,菜谱实际使用名称，待进一步规范
2843,姬菇,other_food,,扩展食材,other_food,0,1,review,2,菜谱实际使用名称，待进一步规范
2844,娃娃菜叶,other_food,,扩展食材,other_food,0,1,review,1,菜谱实际使用名称，待进一步规范
2845,婆婆丁,other_food,,扩展食材,other_food,0,1,review,1,菜谱实际使用名称，待进一步规范
2846,嫩毛笋片,other_food,,扩展食材,other_food,0,1,review,1,菜谱实际使用名称，待进一步规范
2847,嫩泡姜,processed,,扩展食材,processed,0,1,verified,1,加工、半成品、乳制品或饮品
2848,嫩牛肉,other_food,,扩展食材,other_food,0,1,review,2,菜谱实际使用名称，待进一步规范
2849,嫩玉米粒,other_food,,扩展食材,other_food,0,1,review,1,菜谱实际使用名称，待进一步规范
2850,嫩肉粉,other_food,,扩展食材,other_food,0,1,review,4,菜谱实际使用名称，待进一步规范
2851,嫩胡萝卜,other_food,,扩展食材,other_food,0,1,review,1,菜谱实际使用名称，待进一步规范
2852,嫩节瓜,other_food,,扩展食材,other_food,0,1,review,1,菜谱实际使用名称，待进一步规范
2853,嫩芹菜,other_food,,扩展食材,other_food,0,1,review,3,菜谱实际使用名称，待进一步规范
2854,嫩芽紫菜,other_food,,扩展食材,other_food,0,1,review,1,菜谱实际使用名称，待进一步规范
2855,嫩茭白,other_food,,扩展食材,other_food,0,1,review,1,菜谱实际使用名称，待进一步规范
2856,嫩豆腐,processed,,扩展食材,processed,0,1,verified,73,加工、半成品、乳制品或饮品
2857,嫩豆腐或内酯豆腐,processed,,扩展食材,processed,0,1,verified,1,加工、半成品、乳制品或饮品
2858,嫩豆腐最好豆腐,processed,,扩展食材,processed,0,1,verified,1,加工、半成品、乳制品或饮品
2859,嫩鸡,other_food,,扩展食材,other_food,0,1,review,1,菜谱实际使用名称，待进一步规范
2860,子,other_food,,扩展食材,other_food,0,1,review,1,菜谱实际使用名称，待进一步规范
2861,子底儿淀粉,processed,,扩展食材,processed,0,1,verified,1,加工、半成品、乳制品或饮品
2862,子排,other_food,,扩展食材,other_food,0,1,review,1,菜谱实际使用名称，待进一步规范
2863,子梅鱼,other_food,,扩展食材,other_food,0,1,review,1,菜谱实际使用名称，待进一步规范
2864,子水,other_food,,扩展食材,other_food,0,1,review,1,菜谱实际使用名称，待进一步规范
2865,子皮,processed,,扩展食材,processed,0,1,verified,1,加工、半成品、乳制品或饮品
2866,子花菜,other_food,,扩展食材,other_food,0,1,review,1,菜谱实际使用名称，待进一步规范
2867,子香醋,seasoning,,扩展食材,seasoning,0,1,verified,1,调味料
2868,孔师傅蒸肉粉,other_food,,扩展食材,other_food,0,1,review,1,菜谱实际使用名称，待进一步规范
2869,孜然,seasoning,,扩展食材,seasoning,0,1,verified,39,调味料
2870,孜然/孜然粉,composite,,扩展食材,composite,0,1,review,1,疑似复合名称，组成未完全确认
2871,孜然碎,other_food,,扩展食材,other_food,0,1,review,1,菜谱实际使用名称，待进一步规范
2872,孜然粉,seasoning,,扩展食材,seasoning,0,1,verified,74,调味料
2873,孜然粒,other_food,,扩展食材,other_food,0,1,review,12,菜谱实际使用名称，待进一步规范
2874,孜然花椒盐,other_food,,扩展食材,other_food,0,1,review,1,菜谱实际使用名称，待进一步规范
2875,孜然花椒粉,other_food,,扩展食材,other_food,0,1,review,1,菜谱实际使用名称，待进一步规范
2876,孜然面儿,other_food,,扩展食材,other_food,0,1,review,1,菜谱实际使用名称，待进一步规范
2877,孜燃,other_food,,扩展食材,other_food,0,1,review,1,菜谱实际使用名称，待进一步规范
2878,孢子甘蓝,other_food,,扩展食材,other_food,0,1,review,1,菜谱实际使用名称，待进一步规范
2879,安佳原味黄油,seasoning,,扩展食材,seasoning,0,1,verified,1,调味料
2880,安佳黄油,seasoning,,扩展食材,seasoning,0,1,verified,1,调味料
2881,安格斯火锅片,other_food,,扩展食材,other_food,0,1,review,1,菜谱实际使用名称，待进一步规范
2882,安琪甜酒曲,other_food,,扩展食材,other_food,0,1,review,1,菜谱实际使用名称，待进一步规范
2883,安集海干辣皮,other_food,,扩展食材,other_food,0,1,review,1,菜谱实际使用名称，待进一步规范
2884,完整五花肉,other_food,,扩展食材,other_food,0,1,review,1,菜谱实际使用名称，待进一步规范
2885,宗家府韩国泡菜,processed,,扩展食材,processed,0,1,verified,1,加工、半成品、乳制品或饮品
2886,宝塔菜,other_food,,扩展食材,other_food,0,1,review,1,菜谱实际使用名称，待进一步规范
2887,宝宝酱油,seasoning,,扩展食材,seasoning,0,1,verified,1,调味料
2888,实力盐,other_food,,扩展食材,other_food,0,1,review,1,菜谱实际使用名称，待进一步规范
2889,客家娘酒,seasoning,,扩展食材,seasoning,0,1,verified,1,调味料
2890,客家浸辣椒,other_food,,扩展食材,other_food,0,1,review,1,菜谱实际使用名称，待进一步规范
2891,客家纯手工地瓜粉,other_food,,扩展食材,other_food,0,1,review,1,菜谱实际使用名称，待进一步规范
2892,客家纯手工腐竹,processed,,扩展食材,processed,0,1,verified,1,加工、半成品、乳制品或饮品
2893,客家酒娘,other_food,,扩展食材,other_food,0,1,review,1,菜谱实际使用名称，待进一步规范
2894,宣威火腿,processed,,扩展食材,processed,0,1,verified,1,加工、半成品、乳制品或饮品
2895,宫保汁,seasoning,,扩展食材,seasoning,0,1,verified,1,调味料
2896,宫保酱汁料酒,seasoning,,扩展食材,seasoning,0,1,verified,1,调味料
2897,宫保酱汁水,other_food,,扩展食材,other_food,0,1,review,1,菜谱实际使用名称，待进一步规范
2898,宫保酱汁生抽,other_food,,扩展食材,other_food,0,1,review,1,菜谱实际使用名称，待进一步规范
2899,宫保酱汁生粉,other_food,,扩展食材,other_food,0,1,review,1,菜谱实际使用名称，待进一步规范
2900,宫保酱汁糖,other_food,,扩展食材,other_food,0,1,review,1,菜谱实际使用名称，待进一步规范
2901,宫保酱汁老抽,other_food,,扩展食材,other_food,0,1,review,1,菜谱实际使用名称，待进一步规范
2902,宫保酱汁醋,seasoning,,扩展食材,seasoning,0,1,verified,1,调味料
2903,宴会酱油,seasoning,,扩展食材,seasoning,0,1,verified,1,调味料
2904,家乐浓汤宝,seasoning,,扩展食材,seasoning,0,1,verified,1,调味料
2905,家乐老母鸡汤口味浓汤宝,other_food,,扩展食材,other_food,0,1,review,1,菜谱实际使用名称，待进一步规范
2906,家乐酸汤肥牛调味料,seasoning,,扩展食材,seasoning,0,1,verified,1,调味料
2907,家乐酸汤肥牛调味料包,other_food,,扩展食材,other_food,0,1,review,1,菜谱实际使用名称，待进一步规范
2908,家乐酸汤肥牛调料包,other_food,,扩展食材,other_food,0,1,review,1,菜谱实际使用名称，待进一步规范
2909,家乐鸡粉,seasoning,,扩展食材,seasoning,0,1,verified,3,调味料
2910,家常炸酱,seasoning,,扩展食材,seasoning,0,1,verified,1,调味料
2911,家常豆腐,processed,,扩展食材,processed,0,1,verified,1,加工、半成品、乳制品或饮品
2912,家常饼,other_food,,扩展食材,other_food,0,1,review,1,菜谱实际使用名称，待进一步规范
2913,家粉,other_food,,扩展食材,other_food,0,1,review,1,菜谱实际使用名称，待进一步规范
2914,家酿红酒,seasoning,,扩展食材,seasoning,0,1,verified,1,调味料
2915,家里没小米椒就青椒青椒或者小米椒,composite,,扩展食材,composite,0,1,review,1,疑似复合名称，组成未完全确认
2916,宽口塑料瓶,other_food,,扩展食材,other_food,0,1,review,1,菜谱实际使用名称，待进一步规范
2917,宽扁豆,other_food,,扩展食材,other_food,0,1,review,1,菜谱实际使用名称，待进一步规范
2918,宽粉,other_food,,扩展食材,other_food,0,1,review,5,菜谱实际使用名称，待进一步规范
2919,宽粉或细粉,composite,,扩展食材,composite,0,1,review,1,疑似复合名称，组成未完全确认
2920,宽粉条,processed,,扩展食材,processed,0,1,verified,2,加工、半成品、乳制品或饮品
2921,宽粉片,other_food,,扩展食材,other_food,0,1,review,1,菜谱实际使用名称，待进一步规范
2922,富强粉,other_food,,扩展食材,other_food,0,1,review,1,菜谱实际使用名称，待进一步规范
2923,富顺豆花蘸水或郫县豆瓣,composite,,扩展食材,composite,0,1,review,1,疑似复合名称，组成未完全确认
2924,对三斑海马,other_food,,扩展食材,other_food,0,1,review,1,菜谱实际使用名称，待进一步规范
2925,对对虾,other_food,,扩展食材,other_food,0,1,review,1,菜谱实际使用名称，待进一步规范
2926,对应牛肉👇🏻抖音配方家里没烧烤料可以按下面配👇🏻,other_food,,扩展食材,other_food,0,1,review,1,菜谱实际使用名称，待进一步规范
2927,对虾,other_food,,扩展食材,other_food,0,1,review,1,菜谱实际使用名称，待进一步规范
2928,对鸡翅,other_food,,扩展食材,other_food,0,1,review,1,菜谱实际使用名称，待进一步规范
2929,对鸡肾,other_food,,扩展食材,other_food,0,1,review,1,菜谱实际使用名称，待进一步规范
2930,寿司大根条,other_food,,扩展食材,other_food,0,1,review,1,菜谱实际使用名称，待进一步规范
2931,寿司大米饭,processed,,扩展食材,processed,0,1,verified,1,加工、半成品、乳制品或饮品
2932,寿司帘,other_food,,扩展食材,other_food,0,1,review,2,菜谱实际使用名称，待进一步规范
2933,寿司醋,seasoning,,扩展食材,seasoning,0,1,verified,1,调味料
2934,封油,seasoning,,扩展食材,seasoning,0,1,verified,1,调味料
2935,将要没过食材水,other_food,,扩展食材,other_food,0,1,review,1,菜谱实际使用名称，待进一步规范
2936,尊乐肉肠,processed,,扩展食材,processed,0,1,verified,1,加工、半成品、乳制品或饮品
2937,小,other_food,,扩展食材,other_food,0,1,review,1,菜谱实际使用名称，待进一步规范
2938,小小,other_food,,扩展食材,other_food,0,1,review,1,菜谱实际使用名称，待进一步规范
2939,小枣,other_food,,扩展食材,other_food,0,1,review,1,菜谱实际使用名称，待进一步规范
2940,小水,other_food,,扩展食材,other_food,0,1,review,13,菜谱实际使用名称，待进一步规范
2941,小盐,seasoning,,扩展食材,seasoning,0,1,verified,30,调味料
2942,小粉,other_food,,扩展食材,other_food,0,1,review,1,菜谱实际使用名称，待进一步规范
2943,小糖,other_food,,扩展食材,other_food,0,1,review,11,菜谱实际使用名称，待进一步规范
2944,小葱丝,other_food,,扩展食材,other_food,0,1,review,1,菜谱实际使用名称，待进一步规范
2945,小葱头,other_food,,扩展食材,other_food,0,1,review,1,菜谱实际使用名称，待进一步规范
2946,小蒜,other_food,,扩展食材,other_food,0,1,review,1,菜谱实际使用名称，待进一步规范
2947,小醋,seasoning,,扩展食材,seasoning,0,1,verified,3,调味料
2948,小鱼,other_food,,扩展食材,other_food,0,1,review,1,菜谱实际使用名称，待进一步规范
2949,小鸡,other_food,,扩展食材,other_food,0,1,review,3,菜谱实际使用名称，待进一步规范
2950,少,other_food,,扩展食材,other_food,0,1,review,1,菜谱实际使用名称，待进一步规范
2951,少一些,other_food,,扩展食材,other_food,0,1,review,1,菜谱实际使用名称，待进一步规范
2952,少于克盐,other_food,,扩展食材,other_food,0,1,review,1,菜谱实际使用名称，待进一步规范
2953,少于切沫葱姜蒜,other_food,,扩展食材,other_food,0,1,review,1,菜谱实际使用名称，待进一步规范
2954,少于干辣椒,seasoning,,扩展食材,seasoning,0,1,verified,1,调味料
2955,少于料酒,seasoning,,扩展食材,seasoning,0,1,verified,1,调味料
2956,少于水淀粉,processed,,扩展食材,processed,0,1,verified,1,加工、半成品、乳制品或饮品
2957,少于生抽,other_food,,扩展食材,other_food,0,1,review,1,菜谱实际使用名称，待进一步规范
2958,少于白糖,other_food,,扩展食材,other_food,0,1,review,1,菜谱实际使用名称，待进一步规范
2959,少于盐,other_food,,扩展食材,other_food,0,1,review,4,菜谱实际使用名称，待进一步规范
2960,少于老抽,other_food,,扩展食材,other_food,0,1,review,1,菜谱实际使用名称，待进一步规范
2961,少于耗油,seasoning,,扩展食材,seasoning,0,1,verified,1,调味料
2962,少于花椒粒,other_food,,扩展食材,other_food,0,1,review,1,菜谱实际使用名称，待进一步规范
2963,少于葱,other_food,,扩展食材,other_food,0,1,review,1,菜谱实际使用名称，待进一步规范
2964,少于葵花籽油,seasoning,,扩展食材,seasoning,0,1,verified,1,调味料
2965,少于蒜,other_food,,扩展食材,other_food,0,1,review,1,菜谱实际使用名称，待进一步规范
2966,少于酱油,seasoning,,扩展食材,seasoning,0,1,verified,1,调味料
2967,少于陈醋,seasoning,,扩展食材,seasoning,0,1,verified,1,调味料
2968,少于香菜,other_food,,扩展食材,other_food,0,1,review,1,菜谱实际使用名称，待进一步规范
2969,少于鸡精,other_food,,扩展食材,other_food,0,1,review,2,菜谱实际使用名称，待进一步规范
2970,少于麻油,seasoning,,扩展食材,seasoning,0,1,verified,1,调味料
2971,少于黑胡椒,other_food,,扩展食材,other_food,0,1,review,1,菜谱实际使用名称，待进一步规范
2972,少块波萝,other_food,,扩展食材,other_food,0,1,review,1,菜谱实际使用名称，待进一步规范
2973,少少量白糖,other_food,,扩展食材,other_food,0,1,review,1,菜谱实际使用名称，待进一步规范
2974,少干姜蒜,other_food,,扩展食材,other_food,0,1,review,1,菜谱实际使用名称，待进一步规范
2975,少数花椒粉,other_food,,扩展食材,other_food,0,1,review,1,菜谱实际使用名称，待进一步规范
2976,少料酒,seasoning,,扩展食材,seasoning,0,1,verified,1,调味料
2977,少来点盐,other_food,,扩展食材,other_food,0,1,review,1,菜谱实际使用名称，待进一步规范
2978,少油油,seasoning,,扩展食材,seasoning,0,1,verified,1,调味料
2979,少洋葱,other_food,,扩展食材,other_food,0,1,review,1,菜谱实际使用名称，待进一步规范
2980,少点点生抽,other_food,,扩展食材,other_food,0,1,review,1,菜谱实际使用名称，待进一步规范
2981,少点生抽,other_food,,扩展食材,other_food,0,1,review,1,菜谱实际使用名称，待进一步规范
2982,少盐盐,other_food,,扩展食材,other_food,0,1,review,1,菜谱实际使用名称，待进一步规范
2983,少糖,seasoning,,扩展食材,seasoning,0,1,verified,1,调味料
2984,少素鸡,processed,,扩展食材,processed,0,1,verified,1,加工、半成品、乳制品或饮品
2985,少老抽,seasoning,,扩展食材,seasoning,0,1,verified,1,调味料
2986,少老抽或红烧酱油,seasoning,,扩展食材,seasoning,0,1,verified,1,调味料
2987,少耗油,seasoning,,扩展食材,seasoning,0,1,verified,1,调味料
2988,少葱,other_food,,扩展食材,other_food,0,1,review,1,菜谱实际使用名称，待进一步规范
2989,少許九层塔,other_food,,扩展食材,other_food,0,1,review,1,菜谱实际使用名称，待进一步规范
2990,少許紅蔥頭,other_food,,扩展食材,other_food,0,1,review,1,菜谱实际使用名称，待进一步规范
2991,少許肉絲,other_food,,扩展食材,other_food,0,1,review,1,菜谱实际使用名称，待进一步规范
2992,少許蝦皮,other_food,,扩展食材,other_food,0,1,review,1,菜谱实际使用名称，待进一步规范
2993,少陈醋,seasoning,,扩展食材,seasoning,0,1,verified,1,调味料
2994,少鸡精,other_food,,扩展食材,other_food,0,1,review,2,菜谱实际使用名称，待进一步规范
2995,少鸡肉,other_food,,扩展食材,other_food,0,1,review,1,菜谱实际使用名称，待进一步规范
2996,尖头白菜,other_food,,扩展食材,other_food,0,1,review,1,菜谱实际使用名称，待进一步规范
2997,尖椒干辣皮,other_food,,扩展食材,other_food,0,1,review,1,菜谱实际使用名称，待进一步规范
2998,尖椒或是蒜苔,composite,,扩展食材,composite,0,1,review,1,疑似复合名称，组成未完全确认
2999,尖椒或者剁椒,processed,,扩展食材,processed,0,1,verified,1,加工、半成品、乳制品或饮品
3000,尖糖,other_food,,扩展食材,other_food,0,1,review,1,菜谱实际使用名称，待进一步规范
3001,尖老抽,other_food,,扩展食材,other_food,0,1,review,1,菜谱实际使用名称，待进一步规范
3002,尖辣椒,other_food,,扩展食材,other_food,0,1,review,2,菜谱实际使用名称，待进一步规范
3003,尝着放盐,seasoning,,扩展食材,seasoning,0,1,verified,1,调味料
3004,尤鱼,other_food,,扩展食材,other_food,0,1,review,1,菜谱实际使用名称，待进一步规范
3005,就够了醋,seasoning,,扩展食材,seasoning,0,1,verified,1,调味料
3006,就好油,seasoning,,扩展食材,seasoning,0,1,verified,2,调味料
3007,就好盐,seasoning,,扩展食材,seasoning,0,1,verified,1,调味料
3008,就好面粉,processed,,扩展食材,processed,0,1,verified,1,加工、半成品、乳制品或饮品
3009,就好韭菜,other_food,,扩展食材,other_food,0,1,review,1,菜谱实际使用名称，待进一步规范
3010,就是淀粉加水水淀粉,processed,,扩展食材,processed,0,1,verified,1,加工、半成品、乳制品或饮品
3011,就是鱼露虾油,seasoning,,扩展食材,seasoning,0,1,verified,1,调味料
3012,就超市切好那种去皮五花肉,non_food,,扩展食材,non_food,0,0,review,1,疑似工具、包装或操作说明
3013,尽量多一点水,other_food,,扩展食材,other_food,0,1,review,1,菜谱实际使用名称，待进一步规范
3014,尾大眼鸡,other_food,,扩展食材,other_food,0,1,review,1,菜谱实际使用名称，待进一步规范
3015,尾泥猛鱼,other_food,,扩展食材,other_food,0,1,review,1,菜谱实际使用名称，待进一步规范
3016,尾虾,other_food,,扩展食材,other_food,0,1,review,1,菜谱实际使用名称，待进一步规范
3017,山奈,other_food,,扩展食材,other_food,0,1,review,6,菜谱实际使用名称，待进一步规范
3018,山姆嫩豆腐,processed,,扩展食材,processed,0,1,verified,1,加工、半成品、乳制品或饮品
3019,山楂,other_food,,水果,季节数据补充,0,1,review,2,菜谱实际使用名称，待进一步规范
3020,山楂片,other_food,,扩展食材,other_food,0,1,review,1,菜谱实际使用名称，待进一步规范
3021,山水老豆腐,processed,,扩展食材,processed,0,1,verified,1,加工、半成品、乳制品或饮品
3022,山胡椒油,seasoning,,扩展食材,seasoning,0,1,verified,1,调味料
3023,山芋粉,other_food,,扩展食材,other_food,0,1,review,1,菜谱实际使用名称，待进一步规范
3024,山茶油,seasoning,,扩展食材,seasoning,0,1,verified,1,调味料
3025,山西老陈醋,seasoning,,扩展食材,seasoning,0,1,verified,1,调味料
3026,山西醋,seasoning,,扩展食材,seasoning,0,1,verified,1,调味料
3027,山野椒,other_food,,扩展食材,other_food,0,1,review,1,菜谱实际使用名称，待进一步规范
3028,岩盐,seasoning,,扩展食材,seasoning,0,1,verified,1,调味料
3029,崇武鱼卷,other_food,,扩展食材,other_food,0,1,review,1,菜谱实际使用名称，待进一步规范
3030,川南豆豉,other_food,,扩展食材,other_food,0,1,review,1,菜谱实际使用名称，待进一步规范
3031,川南酸菜,processed,,扩展食材,processed,0,1,verified,1,加工、半成品、乳制品或饮品
3032,川味豆瓣酱,seasoning,,扩展食材,seasoning,0,1,verified,1,调味料
3033,川粉,other_food,,扩展食材,other_food,0,1,review,1,菜谱实际使用名称，待进一步规范
3034,川芽菜,processed,,扩展食材,processed,0,1,verified,1,加工、半成品、乳制品或饮品
3035,川贝,seasoning,,扩展食材,seasoning,0,1,verified,2,调味料
3036,工业啤酒,seasoning,,扩展食材,seasoning,0,1,verified,1,调味料
3037,巨龙料酒,seasoning,,扩展食材,seasoning,0,1,verified,1,调味料
3038,已炒熟肉末,processed,,扩展食材,processed,0,1,verified,1,加工、半成品、乳制品或饮品
3039,巴掌大出汁昆布,other_food,,扩展食材,other_food,0,1,review,1,菜谱实际使用名称，待进一步规范
3040,巴旦木,other_food,,扩展食材,other_food,0,1,review,2,菜谱实际使用名称，待进一步规范
3041,巴沙鱼柳,other_food,,扩展食材,other_food,0,1,review,10,菜谱实际使用名称，待进一步规范
3042,巴沙鱼柳一片,other_food,,扩展食材,other_food,0,1,review,1,菜谱实际使用名称，待进一步规范
3043,市里克盐,other_food,,扩展食材,other_food,0,1,review,1,菜谱实际使用名称，待进一步规范
3044,布包豆腐,processed,,扩展食材,processed,0,1,verified,1,加工、半成品、乳制品或饮品
3045,希地黑椒牛粒,seasoning,,扩展食材,seasoning,0,1,verified,1,调味料
3046,希腊酸奶,processed,,扩展食材,processed,0,1,verified,1,加工、半成品、乳制品或饮品
3047,希腊香肠,processed,,扩展食材,processed,0,1,verified,1,加工、半成品、乳制品或饮品
3048,帝王蟹,other_food,,扩展食材,other_food,0,1,review,1,菜谱实际使用名称，待进一步规范
3049,帝王蟹腿,other_food,,扩展食材,other_food,0,1,review,1,菜谱实际使用名称，待进一步规范
3050,带子,other_food,,扩展食材,other_food,0,1,review,3,菜谱实际使用名称，待进一步规范
3051,带皮五花,other_food,,扩展食材,other_food,0,1,review,1,菜谱实际使用名称，待进一步规范
3052,带皮五花肉或肥肉,composite,,扩展食材,composite,0,1,review,1,疑似复合名称，组成未完全确认
3053,带皮带骨鸡腿,other_food,,扩展食材,other_food,0,1,review,1,菜谱实际使用名称，待进一步规范
3054,带皮炸花生米,other_food,,扩展食材,other_food,0,1,review,1,菜谱实际使用名称，待进一步规范
3055,带皮羊腿,other_food,,扩展食材,other_food,0,1,review,1,菜谱实际使用名称，待进一步规范
3056,带盐味腊肉,processed,,扩展食材,processed,0,1,verified,1,加工、半成品、乳制品或饮品
3057,带肥前腿肉,other_food,,扩展食材,other_food,0,1,review,1,菜谱实际使用名称，待进一步规范
3058,带肥猪里脊,other_food,,扩展食材,other_food,0,1,review,1,菜谱实际使用名称，待进一步规范
3059,带骨猪扒,other_food,,扩展食材,other_food,0,1,review,1,菜谱实际使用名称，待进一步规范
3060,带骨鸡块,other_food,,扩展食材,other_food,0,1,review,1,菜谱实际使用名称，待进一步规范
3061,常见搭配胡萝卜,other_food,,扩展食材,other_food,0,1,review,1,菜谱实际使用名称，待进一步规范
3062,干,other_food,,扩展食材,other_food,0,1,review,1,菜谱实际使用名称，待进一步规范
3063,干/鲜香菇,composite,,扩展食材,composite,0,1,review,1,疑似复合名称，组成未完全确认
3064,干丝,other_food,,扩展食材,other_food,0,1,review,1,菜谱实际使用名称，待进一步规范
3065,干云丝,other_food,,扩展食材,other_food,0,1,review,1,菜谱实际使用名称，待进一步规范
3066,干冬菇,other_food,,扩展食材,other_food,0,1,review,1,菜谱实际使用名称，待进一步规范
3067,干凉皮,other_food,,扩展食材,other_food,0,1,review,2,菜谱实际使用名称，待进一步规范
3068,干响螺片,other_food,,扩展食材,other_food,0,1,review,1,菜谱实际使用名称，待进一步规范
3069,干地皮菜,other_food,,扩展食材,other_food,0,1,review,1,菜谱实际使用名称，待进一步规范
3070,干大葱,other_food,,扩展食材,other_food,0,1,review,3,菜谱实际使用名称，待进一步规范
3071,干大虾,other_food,,扩展食材,other_food,0,1,review,1,菜谱实际使用名称，待进一步规范
3072,干姜,other_food,,扩展食材,other_food,0,1,review,2,菜谱实际使用名称，待进一步规范
3073,干姜蒜,other_food,,扩展食材,other_food,0,1,review,1,菜谱实际使用名称，待进一步规范
3074,干子,other_food,,扩展食材,other_food,0,1,review,1,菜谱实际使用名称，待进一步规范
3075,干宽粉,other_food,,扩展食材,other_food,0,1,review,1,菜谱实际使用名称，待进一步规范
3076,干小米椒,other_food,,扩展食材,other_food,0,1,review,2,菜谱实际使用名称，待进一步规范
3077,干小葱,other_food,,扩展食材,other_food,0,1,review,3,菜谱实际使用名称，待进一步规范
3078,干尖椒,other_food,,扩展食材,other_food,0,1,review,2,菜谱实际使用名称，待进一步规范
3079,干山楂,other_food,,扩展食材,other_food,0,1,review,1,菜谱实际使用名称，待进一步规范
3080,干彩色蔬菜,other_food,,扩展食材,other_food,0,1,review,1,菜谱实际使用名称，待进一步规范
3081,干料包,seasoning,,扩展食材,seasoning,0,1,verified,1,调味料
3082,干朝天椒,other_food,,扩展食材,other_food,0,1,review,1,菜谱实际使用名称，待进一步规范
3083,干枣,other_food,,扩展食材,other_food,0,1,review,1,菜谱实际使用名称，待进一步规范
3084,干枸杞,other_food,,扩展食材,other_food,0,1,review,1,菜谱实际使用名称，待进一步规范
3085,干桂圆肉,other_food,,扩展食材,other_food,0,1,review,1,菜谱实际使用名称，待进一步规范
3086,干桂花,seasoning,,扩展食材,seasoning,0,1,verified,1,调味料
3087,干椒,other_food,,扩展食材,other_food,0,1,review,2,菜谱实际使用名称，待进一步规范
3088,干橘子皮,other_food,,扩展食材,other_food,0,1,review,1,菜谱实际使用名称，待进一步规范
3089,干橘皮,other_food,,扩展食材,other_food,0,1,review,1,菜谱实际使用名称，待进一步规范
3090,干欧芹,seasoning,,扩展食材,seasoning,0,1,verified,2,调味料
3091,干沙虫,other_food,,扩展食材,other_food,0,1,review,1,菜谱实际使用名称，待进一步规范
3092,干河粉,processed,,扩展食材,processed,0,1,verified,1,加工、半成品、乳制品或饮品
3093,干海参,other_food,,扩展食材,other_food,0,1,review,1,菜谱实际使用名称，待进一步规范
3094,干海带结,other_food,,扩展食材,other_food,0,1,review,1,菜谱实际使用名称，待进一步规范
3095,干海椒,other_food,,扩展食材,other_food,0,1,review,3,菜谱实际使用名称，待进一步规范
3096,干海米,processed,,扩展食材,processed,0,1,verified,1,加工、半成品、乳制品或饮品
3097,干淀粉,seasoning,,扩展食材,seasoning,0,1,verified,16,调味料
3098,干煸肥肠配料,other_food,,扩展食材,other_food,0,1,review,1,菜谱实际使用名称，待进一步规范
3099,干牛筋草,other_food,,扩展食材,other_food,0,1,review,1,菜谱实际使用名称，待进一步规范
3100,干独蒜,other_food,,扩展食材,other_food,0,1,review,1,菜谱实际使用名称，待进一步规范
3101,干猴头菇,other_food,,扩展食材,other_food,0,1,review,1,菜谱实际使用名称，待进一步规范
3102,干玫瑰花,seasoning,,扩展食材,seasoning,0,1,verified,1,调味料
3103,干白木耳,other_food,,扩展食材,other_food,0,1,review,1,菜谱实际使用名称，待进一步规范
3104,干百里香,seasoning,,扩展食材,seasoning,0,1,verified,1,调味料
3105,干笋,other_food,,扩展食材,other_food,0,1,review,1,菜谱实际使用名称，待进一步规范
3106,干笋/扁尖,composite,,扩展食材,composite,0,1,review,1,疑似复合名称，组成未完全确认
3107,干米粉,processed,,扩展食材,processed,0,1,verified,3,加工、半成品、乳制品或饮品
3108,干米线,processed,,扩展食材,processed,0,1,verified,1,加工、半成品、乳制品或饮品
3109,干红小辣椒,other_food,,扩展食材,other_food,0,1,review,1,菜谱实际使用名称，待进一步规范
3110,干红朝天椒,other_food,,扩展食材,other_food,0,1,review,1,菜谱实际使用名称，待进一步规范
3111,干红枣,other_food,,扩展食材,other_food,0,1,review,1,菜谱实际使用名称，待进一步规范
3112,干红椒,seasoning,,扩展食材,seasoning,0,1,verified,8,调味料
3113,干红椒碎,seasoning,,扩展食材,seasoning,0,1,verified,1,调味料
3114,干红米椒,other_food,,扩展食材,other_food,0,1,review,1,菜谱实际使用名称，待进一步规范
3115,干红葡萄酒,seasoning,,扩展食材,seasoning,0,1,verified,1,调味料
3116,干红辣椒,seasoning,,扩展食材,seasoning,0,1,verified,52,调味料
3117,干红辣椒段,other_food,,扩展食材,other_food,0,1,review,1,菜谱实际使用名称，待进一步规范
3118,干腐竹,processed,,扩展食材,processed,0,1,verified,6,加工、半成品、乳制品或饮品
3119,干花椒,seasoning,,扩展食材,seasoning,0,1,verified,11,调味料
3120,干花椒粒,other_food,,扩展食材,other_food,0,1,review,1,菜谱实际使用名称，待进一步规范
3121,干花椒节,other_food,,扩展食材,other_food,0,1,review,1,菜谱实际使用名称，待进一步规范
3122,干花菇,other_food,,扩展食材,other_food,0,1,review,1,菜谱实际使用名称，待进一步规范
3123,干茶树菇,other_food,,扩展食材,other_food,0,1,review,3,菜谱实际使用名称，待进一步规范
3124,干荷叶,seasoning,,扩展食材,seasoning,0,1,verified,5,调味料
3125,干菜,processed,,扩展食材,processed,0,1,verified,1,加工、半成品、乳制品或饮品
3126,干葱头,other_food,,扩展食材,other_food,0,1,review,3,菜谱实际使用名称，待进一步规范
3127,干葱姜,other_food,,扩展食材,other_food,0,1,review,2,菜谱实际使用名称，待进一步规范
3128,干葱姜蒜,other_food,,扩展食材,other_food,0,1,review,5,菜谱实际使用名称，待进一步规范
3129,干葱花,other_food,,扩展食材,other_food,0,1,review,2,菜谱实际使用名称，待进一步规范
3130,干蒜瓣,other_food,,扩展食材,other_food,0,1,review,2,菜谱实际使用名称，待进一步规范
3131,干蕨菜,other_food,,扩展食材,other_food,0,1,review,1,菜谱实际使用名称，待进一步规范
3132,干蘑菇,other_food,,扩展食材,other_food,0,1,review,2,菜谱实际使用名称，待进一步规范
3133,干虾,processed,,扩展食材,processed,0,1,verified,1,加工、半成品、乳制品或饮品
3134,干虾仁,processed,,扩展食材,processed,0,1,verified,4,加工、半成品、乳制品或饮品
3135,干虾仁或虾皮,processed,,扩展食材,processed,0,1,verified,1,加工、半成品、乳制品或饮品
3136,干虾米,processed,,扩展食材,processed,0,1,verified,1,加工、半成品、乳制品或饮品
3137,干虾肉,processed,,扩展食材,processed,0,1,verified,1,加工、半成品、乳制品或饮品
3138,干蛤蜊,other_food,,扩展食材,other_food,0,1,review,1,菜谱实际使用名称，待进一步规范
3139,干裙带菜,other_food,,扩展食材,other_food,0,1,review,1,菜谱实际使用名称，待进一步规范
3140,干豆皮,processed,,扩展食材,processed,0,1,verified,1,加工、半成品、乳制品或饮品
3141,干豆腐,processed,,扩展食材,processed,0,1,verified,22,加工、半成品、乳制品或饮品
3142,干豆腐/千张,processed,,扩展食材,processed,0,1,verified,1,加工、半成品、乳制品或饮品
3143,干豆腐丝,processed,,扩展食材,processed,0,1,verified,2,加工、半成品、乳制品或饮品
3144,干豆角,other_food,,扩展食材,other_food,0,1,review,2,菜谱实际使用名称，待进一步规范
3145,干豆豉,seasoning,,扩展食材,seasoning,0,1,verified,6,调味料
3146,干豇豆,other_food,,扩展食材,other_food,0,1,review,2,菜谱实际使用名称，待进一步规范
3147,干豌豆,other_food,,扩展食材,other_food,0,1,review,1,菜谱实际使用名称，待进一步规范
3148,干贝,processed,,扩展食材,processed,0,1,verified,30,加工、半成品、乳制品或饮品
3149,干贝干虾仁,processed,,扩展食材,processed,0,1,verified,1,加工、半成品、乳制品或饮品
3150,干贝酱,seasoning,,扩展食材,seasoning,0,1,verified,1,调味料
3151,干贡菜,other_food,,扩展食材,other_food,0,1,review,1,菜谱实际使用名称，待进一步规范
3152,干货小米辣,other_food,,扩展食材,other_food,0,1,review,1,菜谱实际使用名称，待进一步规范
3153,干辣子,other_food,,扩展食材,other_food,0,1,review,1,菜谱实际使用名称，待进一步规范
3154,干辣椒,seasoning,,扩展食材,seasoning,0,1,verified,719,调味料
3155,干辣椒/花椒/郫县豆瓣,seasoning,,扩展食材,seasoning,0,1,verified,1,调味料
3156,干辣椒_花椒,seasoning,,扩展食材,seasoning,0,1,verified,1,调味料
3157,干辣椒_青花椒,seasoning,,扩展食材,seasoning,0,1,verified,1,调味料
3158,干辣椒丝,seasoning,,扩展食材,seasoning,0,1,verified,1,调味料
3159,干辣椒切段,seasoning,,扩展食材,seasoning,0,1,verified,1,调味料
3160,干辣椒可省略,seasoning,,扩展食材,seasoning,0,1,verified,1,调味料
3161,干辣椒圈,seasoning,,扩展食材,seasoning,0,1,verified,1,调味料
3162,干辣椒干花椒,seasoning,,扩展食材,seasoning,0,1,verified,1,调味料
3163,干辣椒或小米椒,seasoning,,扩展食材,seasoning,0,1,verified,2,调味料
3164,干辣椒或干,seasoning,,扩展食材,seasoning,0,1,verified,1,调味料
3165,干辣椒末,seasoning,,扩展食材,seasoning,0,1,verified,1,调味料
3166,干辣椒段,seasoning,,扩展食材,seasoning,0,1,verified,13,调味料
3167,干辣椒片,seasoning,,扩展食材,seasoning,0,1,verified,1,调味料
3168,干辣椒碎,seasoning,,扩展食材,seasoning,0,1,verified,1,调味料
3169,干辣椒粉,seasoning,,扩展食材,seasoning,0,1,verified,3,调味料
3170,干辣椒节,seasoning,,扩展食材,seasoning,0,1,verified,1,调味料
3171,干辣椒花椒,seasoning,,扩展食材,seasoning,0,1,verified,2,调味料
3172,干辣椒花椒姜蒜八角香叶等香料,seasoning,,扩展食材,seasoning,0,1,verified,1,调味料
3173,干辣椒角,seasoning,,扩展食材,seasoning,0,1,verified,1,调味料
3174,干辣椒面,seasoning,,扩展食材,seasoning,0,1,verified,4,调味料
3175,干辣椒🌶️,seasoning,,扩展食材,seasoning,0,1,verified,5,调味料
3176,干辣皮,other_food,,扩展食材,other_food,0,1,review,1,菜谱实际使用名称，待进一步规范
3177,干辣皮子,other_food,,扩展食材,other_food,0,1,review,1,菜谱实际使用名称，待进一步规范
3178,干辣酱,seasoning,,扩展食材,seasoning,0,1,verified,1,调味料
3179,干酵母,processed,,扩展食材,processed,0,1,verified,1,加工、半成品、乳制品或饮品
3180,干重黄豆,other_food,,扩展食材,other_food,0,1,review,1,菜谱实际使用名称，待进一步规范
3181,干野生菌,other_food,,扩展食材,other_food,0,1,review,1,菜谱实际使用名称，待进一步规范
3182,干陈皮,other_food,,扩展食材,other_food,0,1,review,1,菜谱实际使用名称，待进一步规范
3183,干香菜,other_food,,扩展食材,other_food,0,1,review,3,菜谱实际使用名称，待进一步规范
3184,干鱼,other_food,,扩展食材,other_food,0,1,review,1,菜谱实际使用名称，待进一步规范
3185,干鱿,other_food,,扩展食材,other_food,0,1,review,1,菜谱实际使用名称，待进一步规范
3186,干鱿鱼,other_food,,扩展食材,other_food,0,1,review,3,菜谱实际使用名称，待进一步规范
3187,干鲍鱼,other_food,,扩展食材,other_food,0,1,review,1,菜谱实际使用名称，待进一步规范
3188,干黄瓜钱,other_food,,扩展食材,other_food,0,1,review,1,菜谱实际使用名称，待进一步规范
3189,干黄花,other_food,,扩展食材,other_food,0,1,review,1,菜谱实际使用名称，待进一步规范
3190,干黄花抓黄花菜,other_food,,扩展食材,other_food,0,1,review,1,菜谱实际使用名称，待进一步规范
3191,干黄花菜,other_food,,扩展食材,other_food,0,1,review,2,菜谱实际使用名称，待进一步规范
3192,干黄豆,other_food,,扩展食材,other_food,0,1,review,2,菜谱实际使用名称，待进一步规范
3193,干黄酱,seasoning,,扩展食材,seasoning,0,1,verified,4,调味料
3194,干黄酱/黄豆酱,seasoning,,扩展食材,seasoning,0,1,verified,1,调味料
3195,干黑木耳,other_food,,扩展食材,other_food,0,1,review,1,菜谱实际使用名称，待进一步规范
3196,平勺盐,seasoning,,扩展食材,seasoning,0,1,verified,2,调味料
3197,平勺糖,seasoning,,扩展食材,seasoning,0,1,verified,1,调味料
3198,平勺老抽,other_food,,扩展食材,other_food,0,1,review,1,菜谱实际使用名称，待进一步规范
3199,平均香叶八角桂皮,other_food,,扩展食材,other_food,0,1,review,1,菜谱实际使用名称，待进一步规范
3200,平底不粘锅,other_food,,扩展食材,other_food,0,1,review,1,菜谱实际使用名称，待进一步规范
3201,平时吃量大米,other_food,,扩展食材,other_food,0,1,review,1,菜谱实际使用名称，待进一步规范
3202,平时炒菜量盐,seasoning,,扩展食材,seasoning,0,1,verified,1,调味料
3203,平时炒菜量食油,seasoning,,扩展食材,seasoning,0,1,verified,1,调味料
3204,平汤匙食油,seasoning,,扩展食材,seasoning,0,1,verified,1,调味料
3205,平湖菇或金针菇,composite,,扩展食材,composite,0,1,review,1,疑似复合名称，组成未完全确认
3206,平菇/金针菇,composite,,扩展食材,composite,0,1,review,1,疑似复合名称，组成未完全确认
3207,平蘑,other_food,,扩展食材,other_food,0,1,review,1,菜谱实际使用名称，待进一步规范
3208,平铲子一半生抽,other_food,,扩展食材,other_food,0,1,review,1,菜谱实际使用名称，待进一步规范
3209,年糕,processed,,扩展食材,processed,0,1,verified,31,加工、半成品、乳制品或饮品
3210,年糕片,processed,,扩展食材,processed,0,1,verified,2,加工、半成品、乳制品或饮品
3211,广东米酒,seasoning,,扩展食材,seasoning,0,1,verified,2,调味料
3212,广东腊肠,processed,,扩展食材,processed,0,1,verified,1,加工、半成品、乳制品或饮品
3213,广东菜心,other_food,,扩展食材,other_food,0,1,review,2,菜谱实际使用名称，待进一步规范
3214,广东酒香腊肠,processed,,扩展食材,processed,0,1,verified,1,加工、半成品、乳制品或饮品
3215,广东香肠,processed,,扩展食材,processed,0,1,verified,1,加工、半成品、乳制品或饮品
3216,广式腊肠,processed,,扩展食材,processed,0,1,verified,11,加工、半成品、乳制品或饮品
3217,广式腐乳,other_food,,扩展食材,other_food,0,1,review,1,菜谱实际使用名称，待进一步规范
3218,广式香肠,processed,,扩展食材,processed,0,1,verified,5,加工、半成品、乳制品或饮品
3219,庄园羊肉丸,processed,,扩展食材,processed,0,1,verified,1,加工、半成品、乳制品或饮品
3220,底生抽,seasoning,,扩展食材,seasoning,0,1,verified,1,调味料
3221,康乐醋,seasoning,,扩展食材,seasoning,0,1,verified,1,调味料
3222,康师傅红烧牛肉方便面,processed,,扩展食材,processed,0,1,verified,1,加工、半成品、乳制品或饮品
3223,开口牛丸,other_food,,扩展食材,other_food,0,1,review,1,菜谱实际使用名称，待进一步规范
3224,开平南乳,other_food,,扩展食材,other_food,0,1,review,1,菜谱实际使用名称，待进一步规范
3225,开水,other_food,,扩展食材,other_food,0,1,review,42,菜谱实际使用名称，待进一步规范
3226,开洋,other_food,,扩展食材,other_food,0,1,review,4,菜谱实际使用名称，待进一步规范
3227,张豆腐皮,processed,,扩展食材,processed,0,1,verified,1,加工、半成品、乳制品或饮品
3228,張乾腐皮,other_food,,扩展食材,other_food,0,1,review,1,菜谱实际使用名称，待进一步规范
3229,当归,other_food,,扩展食材,other_food,0,1,review,10,菜谱实际使用名称，待进一步规范
3230,彩椒红,other_food,,扩展食材,other_food,0,1,review,1,菜谱实际使用名称，待进一步规范
3231,彩椒绿,other_food,,扩展食材,other_food,0,1,review,1,菜谱实际使用名称，待进一步规范
3232,彩色圆椒,other_food,,扩展食材,other_food,0,1,review,1,菜谱实际使用名称，待进一步规范
3233,彩蛋食材,other_food,,扩展食材,other_food,0,1,review,1,菜谱实际使用名称，待进一步规范
3234,彭水三香,other_food,,扩展食材,other_food,0,1,review,1,菜谱实际使用名称，待进一步规范
3235,很多个干辣椒,seasoning,,扩展食材,seasoning,0,1,verified,1,调味料
3236,很多勺淀粉,processed,,扩展食材,processed,0,1,verified,1,加工、半成品、乳制品或饮品
3237,很多只知了猴,other_food,,扩展食材,other_food,0,1,review,1,菜谱实际使用名称，待进一步规范
3238,很多料酒,seasoning,,扩展食材,seasoning,0,1,verified,2,调味料
3239,很多棵油菜,other_food,,扩展食材,other_food,0,1,review,1,菜谱实际使用名称，待进一步规范
3240,很多瓣蒜,other_food,,扩展食材,other_food,0,1,review,1,菜谱实际使用名称，待进一步规范
3241,很多粒花椒,other_food,,扩展食材,other_food,0,1,review,2,菜谱实际使用名称，待进一步规范
3242,很多颗油菜,other_food,,扩展食材,other_food,0,1,review,1,菜谱实际使用名称，待进一步规范
3243,很多黄酒,seasoning,,扩展食材,seasoning,0,1,verified,1,调味料
3244,很少,other_food,,扩展食材,other_food,0,1,review,1,菜谱实际使用名称，待进一步规范
3245,很少一点点盐,other_food,,扩展食材,other_food,0,1,review,1,菜谱实际使用名称，待进一步规范
3246,很少油,seasoning,,扩展食材,seasoning,0,1,verified,1,调味料
3247,很点睛老干妈,other_food,,扩展食材,other_food,0,1,review,1,菜谱实际使用名称，待进一步规范
3248,很细如图芹菜,other_food,,扩展食材,other_food,0,1,review,1,菜谱实际使用名称，待进一步规范
3249,微辣口味,other_food,,扩展食材,other_food,0,1,review,1,菜谱实际使用名称，待进一步规范
3250,微量十三香,other_food,,扩展食材,other_food,0,1,review,2,菜谱实际使用名称，待进一步规范
3251,微量料酒,seasoning,,扩展食材,seasoning,0,1,verified,1,调味料
3252,微量白糖/红糖,composite,,扩展食材,composite,0,1,review,1,疑似复合名称，组成未完全确认
3253,微量盐,other_food,,扩展食材,other_food,0,1,review,3,菜谱实际使用名称，待进一步规范
3254,微量花椒辣椒油,seasoning,,扩展食材,seasoning,0,1,verified,1,调味料
3255,微量醋,seasoning,,扩展食材,seasoning,0,1,verified,1,调味料
3256,德芙巧克力,processed,,扩展食材,processed,0,1,verified,1,加工、半成品、乳制品或饮品
3257,德行斋甜酱,seasoning,,扩展食材,seasoning,0,1,verified,1,调味料
3258,心大小量木耳,other_food,,扩展食材,other_food,0,1,review,1,菜谱实际使用名称，待进一步规范
3259,心贡丸,other_food,,扩展食材,other_food,0,1,review,1,菜谱实际使用名称，待进一步规范
3260,忘了没放姜,other_food,,扩展食材,other_food,0,1,review,1,菜谱实际使用名称，待进一步规范
3261,忘了芹菜,other_food,,扩展食材,other_food,0,1,review,1,菜谱实际使用名称，待进一步规范
3262,忘洒了葱花,other_food,,扩展食材,other_food,0,1,review,1,菜谱实际使用名称，待进一步规范
3263,快五花肉,other_food,,扩展食材,other_food,0,1,review,1,菜谱实际使用名称，待进一步规范
3264,快刀,other_food,,扩展食材,other_food,0,1,review,1,菜谱实际使用名称，待进一步规范
3265,快熟燕麦片,processed,,扩展食材,processed,0,1,verified,1,加工、半成品、乳制品或饮品
3266,快菜,other_food,,扩展食材,other_food,0,1,review,1,菜谱实际使用名称，待进一步规范
3267,怀山,other_food,,扩展食材,other_food,0,1,review,1,菜谱实际使用名称，待进一步规范
3268,怡力魔芋米,other_food,,扩展食材,other_food,0,1,review,1,菜谱实际使用名称，待进一步规范
3269,总共,other_food,,扩展食材,other_food,0,1,review,1,菜谱实际使用名称，待进一步规范
3270,总共加起来钱泡椒,processed,,扩展食材,processed,0,1,verified,1,加工、半成品、乳制品或饮品
3271,恒顺香醋,seasoning,,扩展食材,seasoning,0,1,verified,1,调味料
3272,恩施小土豆,other_food,,扩展食材,other_food,0,1,review,1,菜谱实际使用名称，待进一步规范
3273,您别蔬菜~~品种多才像色拉嘛,other_food,,扩展食材,other_food,0,1,review,1,菜谱实际使用名称，待进一步规范
3274,惠宜卤料包,other_food,,扩展食材,other_food,0,1,review,1,菜谱实际使用名称，待进一步规范
3275,想加多少腐竹,processed,,扩展食材,processed,0,1,verified,1,加工、半成品、乳制品或饮品
3276,想吃几只蒸几只梭子蟹,other_food,,扩展食材,other_food,0,1,review,1,菜谱实际使用名称，待进一步规范
3277,想吃啥都行蔬菜,other_food,,扩展食材,other_food,0,1,review,1,菜谱实际使用名称，待进一步规范
3278,想吃多少放多少土豆,other_food,,扩展食材,other_food,0,1,review,1,菜谱实际使用名称，待进一步规范
3279,想吃多少放多少大白菜,other_food,,扩展食材,other_food,0,1,review,1,菜谱实际使用名称，待进一步规范
3280,想吃多少放多少白芝麻,other_food,,扩展食材,other_food,0,1,review,1,菜谱实际使用名称，待进一步规范
3281,想吃多少放多少腊肉,processed,,扩展食材,processed,0,1,verified,1,加工、半成品、乳制品或饮品
3282,想吃肉多放点肉丁,other_food,,扩展食材,other_food,0,1,review,1,菜谱实际使用名称，待进一步规范
3283,想吃肉就多放点五花肉,other_food,,扩展食材,other_food,0,1,review,1,菜谱实际使用名称，待进一步规范
3284,想葱,other_food,,扩展食材,other_food,0,1,review,1,菜谱实际使用名称，待进一步规范
3285,意大利宽面,other_food,,扩展食材,other_food,0,1,review,1,菜谱实际使用名称，待进一步规范
3286,意大利面,processed,,扩展食材,processed,0,1,verified,9,加工、半成品、乳制品或饮品
3287,意大利香料,other_food,,扩展食材,other_food,0,1,review,1,菜谱实际使用名称，待进一步规范
3288,意式混合香料,generic,,扩展食材,generic,0,1,review,1,宽泛名称，保留原义而不猜测具体品种
3289,意思一下就行淀粉,processed,,扩展食材,processed,0,1,verified,1,加工、半成品、乳制品或饮品
3290,意粉,other_food,,扩展食材,other_food,0,1,review,1,菜谱实际使用名称，待进一步规范
3291,意面,processed,,扩展食材,processed,0,1,verified,7,加工、半成品、乳制品或饮品
3292,意面番茄酱,seasoning,,扩展食材,seasoning,0,1,verified,1,调味料
3293,意面香草调料,seasoning,,扩展食材,seasoning,0,1,verified,1,调味料
3294,成人掌心大小猪肉,other_food,,扩展食材,other_food,0,1,review,1,菜谱实际使用名称，待进一步规范
3295,成品饺子皮,processed,,扩展食材,processed,0,1,verified,1,加工、半成品、乳制品或饮品
3296,成年男子头大五花肉瘦肉,other_food,,扩展食材,other_food,0,1,review,1,菜谱实际使用名称，待进一步规范
3297,我也是随机抓虫草花,other_food,,扩展食材,other_food,0,1,review,1,菜谱实际使用名称，待进一步规范
3298,我喜欢酸甜口一点所以放比较多不喜欢甜可以少放糖,other_food,,扩展食材,other_food,0,1,review,1,菜谱实际使用名称，待进一步规范
3299,我喜欢麻,other_food,,扩展食材,other_food,0,1,review,1,菜谱实际使用名称，待进一步规范
3300,我按照下锅顺序写,other_food,,扩展食材,other_food,0,1,review,1,菜谱实际使用名称，待进一步规范
3301,我没加,other_food,,扩展食材,other_food,0,1,review,1,菜谱实际使用名称，待进一步规范
3302,我觉得是不可少精华方便面饼,processed,,扩展食材,processed,0,1,verified,1,加工、半成品、乳制品或饮品
3303,我还放了一些剩西兰花梗,other_food,,扩展食材,other_food,0,1,review,1,菜谱实际使用名称，待进一步规范
3304,或一个蒜头,composite,,扩展食材,composite,0,1,review,1,疑似复合名称，组成未完全确认
3305,或一个蛋清,composite,,扩展食材,composite,0,1,review,1,疑似复合名称，组成未完全确认
3306,或一包酸菜,processed,,扩展食材,processed,0,1,verified,1,加工、半成品、乳制品或饮品
3307,或一小个洋葱,composite,,扩展食材,composite,0,1,review,1,疑似复合名称，组成未完全确认
3308,或不放水,composite,,扩展食材,composite,0,1,review,1,疑似复合名称，组成未完全确认
3309,或不放鸡精,seasoning,,扩展食材,seasoning,0,1,verified,2,调味料
3310,或不需盐,composite,,扩展食材,composite,0,1,review,1,疑似复合名称，组成未完全确认
3311,或两颗牛皮菜,composite,,扩展食材,composite,0,1,review,1,疑似复合名称，组成未完全确认
3312,或切丝姜,composite,,扩展食材,composite,0,1,review,1,疑似复合名称，组成未完全确认
3313,或半只土鸡,composite,,扩展食材,composite,0,1,review,1,疑似复合名称，组成未完全确认
3314,或半根青瓜,composite,,扩展食材,composite,0,1,review,1,疑似复合名称，组成未完全确认
3315,或半袋,composite,,扩展食材,composite,0,1,review,1,疑似复合名称，组成未完全确认
3316,或小麦,composite,,扩展食材,composite,0,1,review,1,疑似复合名称，组成未完全确认
3317,或是根据自己喜好放花生,composite,,扩展食材,composite,0,1,review,1,疑似复合名称，组成未完全确认
3318,或更多孜然粉,composite,,扩展食材,composite,0,1,review,1,疑似复合名称，组成未完全确认
3319,或水高汤,composite,,扩展食材,composite,0,1,review,1,疑似复合名称，组成未完全确认
3320,或海盐,seasoning,,扩展食材,seasoning,0,1,verified,1,调味料
3321,或淀粉蛋清,processed,,扩展食材,processed,0,1,verified,1,加工、半成品、乳制品或饮品
3322,或猪油五花肉,composite,,扩展食材,composite,0,1,review,1,疑似复合名称，组成未完全确认
3323,或粉均可白胡椒,composite,,扩展食材,composite,0,1,review,1,疑似复合名称，组成未完全确认
3324,或者不放盐,seasoning,,扩展食材,seasoning,0,1,verified,1,调味料
3325,或者两个鸡腿菇,composite,,扩展食材,composite,0,1,review,1,疑似复合名称，组成未完全确认
3326,或者冰糖,seasoning,,扩展食材,seasoning,0,1,verified,1,调味料
3327,或者几粒鸡精,composite,,扩展食材,composite,0,1,review,1,疑似复合名称，组成未完全确认
3328,或者半棵宝塔菜,composite,,扩展食材,composite,0,1,review,1,疑似复合名称，组成未完全确认
3329,或者小半碗水,composite,,扩展食材,composite,0,1,review,1,疑似复合名称，组成未完全确认
3330,或者干辣椒,seasoning,,扩展食材,seasoning,0,1,verified,1,调味料
3331,或者海鲜酱油生抽,composite,,扩展食材,composite,0,1,review,1,疑似复合名称，组成未完全确认
3332,或者鲜鱿鱼,composite,,扩展食材,composite,0,1,review,1,疑似复合名称，组成未完全确认
3333,或者鸡腿,composite,,扩展食材,composite,0,1,review,1,疑似复合名称，组成未完全确认
3334,或者鸡腿或者鸡翅鸡,composite,,扩展食材,composite,0,1,review,1,疑似复合名称，组成未完全确认
3335,或胡萝卜,composite,,扩展食材,composite,0,1,review,1,疑似复合名称，组成未完全确认
3336,或花生油,seasoning,,扩展食材,seasoning,0,1,verified,1,调味料
3337,或菠萝,composite,,扩展食材,composite,0,1,review,1,疑似复合名称，组成未完全确认
3338,或葱,composite,,扩展食材,composite,0,1,review,1,疑似复合名称，组成未完全确认
3339,或蒜,composite,,扩展食材,composite,0,1,review,2,疑似复合名称，组成未完全确认
3340,或蒸鱼豉油生抽,composite,,扩展食材,composite,0,1,review,1,疑似复合名称，组成未完全确认
3341,或适量干辣椒,seasoning,,扩展食材,seasoning,0,1,verified,1,调味料
3342,或适量干鱿鱼或干大目鱼,composite,,扩展食材,composite,0,1,review,1,疑似复合名称，组成未完全确认
3343,或适量水,composite,,扩展食材,composite,0,1,review,1,疑似复合名称，组成未完全确认
3344,或适量淀粉,processed,,扩展食材,processed,0,1,verified,1,加工、半成品、乳制品或饮品
3345,或适量酱油,seasoning,,扩展食材,seasoning,0,1,verified,1,调味料
3346,或青尖椒,composite,,扩展食材,composite,0,1,review,1,疑似复合名称，组成未完全确认
3347,或鲜青椒,composite,,扩展食材,composite,0,1,review,1,疑似复合名称，组成未完全确认
3348,或鸡精味精,composite,,扩展食材,composite,0,1,review,1,疑似复合名称，组成未完全确认
3349,或鸡蛋,composite,,扩展食材,composite,0,1,review,1,疑似复合名称，组成未完全确认
3350,截哈尔滨红肠,processed,,扩展食材,processed,0,1,verified,1,加工、半成品、乳制品或饮品
3351,截大葱,other_food,,扩展食材,other_food,0,1,review,2,菜谱实际使用名称，待进一步规范
3352,截白萝卜,other_food,,扩展食材,other_food,0,1,review,1,菜谱实际使用名称，待进一步规范
3353,截胡萝卜,other_food,,扩展食材,other_food,0,1,review,1,菜谱实际使用名称，待进一步规范
3354,截葱,other_food,,扩展食材,other_food,0,1,review,2,菜谱实际使用名称，待进一步规范
3355,户户辣椒酱,seasoning,,扩展食材,seasoning,0,1,verified,1,调味料
3356,扁好切豆角,other_food,,扩展食材,other_food,0,1,review,1,菜谱实际使用名称，待进一步规范
3357,扁尖,other_food,,扩展食材,other_food,0,1,review,1,菜谱实际使用名称，待进一步规范
3358,扁豆扁豆,other_food,,扩展食材,other_food,0,1,review,1,菜谱实际使用名称，待进一步规范
3359,扁豆角,other_food,,扩展食材,other_food,0,1,review,9,菜谱实际使用名称，待进一步规范
3360,扁鱼,other_food,,扩展食材,other_food,0,1,review,2,菜谱实际使用名称，待进一步规范
3361,扇贝肉,other_food,,扩展食材,other_food,0,1,review,13,菜谱实际使用名称，待进一步规范
3362,手工拉面,other_food,,扩展食材,other_food,0,1,review,1,菜谱实际使用名称，待进一步规范
3363,手工现面,other_food,,扩展食材,other_food,0,1,review,1,菜谱实际使用名称，待进一步规范
3364,手工粿皮,other_food,,扩展食材,other_food,0,1,review,1,菜谱实际使用名称，待进一步规范
3365,手工面,other_food,,扩展食材,other_food,0,1,review,1,菜谱实际使用名称，待进一步规范
3366,手抓两把意大利面,processed,,扩展食材,processed,0,1,verified,1,加工、半成品、乳制品或饮品
3367,手抓柴鱼花,processed,,扩展食材,processed,0,1,verified,1,加工、半成品、乳制品或饮品
3368,手掌大小猪肉,other_food,,扩展食材,other_food,0,1,review,1,菜谱实际使用名称，待进一步规范
3369,手掌大小见方块瘦肉,other_food,,扩展食材,other_food,0,1,review,1,菜谱实际使用名称，待进一步规范
3370,手掌大小豆腐,processed,,扩展食材,processed,0,1,verified,1,加工、半成品、乳制品或饮品
3371,手掌长度山药,other_food,,扩展食材,other_food,0,1,review,1,菜谱实际使用名称，待进一步规范
3372,手撕鸡,other_food,,扩展食材,other_food,0,1,review,1,菜谱实际使用名称，待进一步规范
3373,手撕鸡调料,seasoning,,扩展食材,seasoning,0,1,verified,1,调味料
3374,手擀粉,other_food,,扩展食材,other_food,0,1,review,1,菜谱实际使用名称，待进一步规范
3375,手擀面,other_food,,扩展食材,other_food,0,1,review,3,菜谱实际使用名称，待进一步规范
3376,手擀面条,processed,,扩展食材,processed,0,1,verified,1,加工、半成品、乳制品或饮品
3377,手枪大鸡腿,other_food,,扩展食材,other_food,0,1,review,1,菜谱实际使用名称，待进一步规范
3378,扎龙口粉丝,processed,,扩展食材,processed,0,1,verified,1,加工、半成品、乳制品或饮品
3379,扒皮牛,other_food,,扩展食材,other_food,0,1,review,1,菜谱实际使用名称，待进一步规范
3380,打底材料,other_food,,扩展食材,other_food,0,1,review,1,菜谱实际使用名称，待进一步规范
3381,打成蒜泥蒜,other_food,,扩展食材,other_food,0,1,review,1,菜谱实际使用名称，待进一步规范
3382,托斯卡纳调味料,seasoning,,扩展食材,seasoning,0,1,verified,1,调味料
3383,扬名红油豆瓣,seasoning,,扩展食材,seasoning,0,1,verified,1,调味料
3384,抄手皮,other_food,,扩展食材,other_food,0,1,review,1,菜谱实际使用名称，待进一步规范
3385,抓一把差不多墨鱼仔,other_food,,扩展食材,other_food,0,1,review,1,菜谱实际使用名称，待进一步规范
3386,抓匀后不要多余酱油就刚好生抽,other_food,,扩展食材,other_food,0,1,review,1,菜谱实际使用名称，待进一步规范
3387,抓羽衣甘蓝,other_food,,扩展食材,other_food,0,1,review,1,菜谱实际使用名称，待进一步规范
3388,抓腰果,other_food,,扩展食材,other_food,0,1,review,1,菜谱实际使用名称，待进一步规范
3389,抓花甲,other_food,,扩展食材,other_food,0,1,review,1,菜谱实际使用名称，待进一步规范
3390,抖一点白胡椒,other_food,,扩展食材,other_food,0,1,review,1,菜谱实际使用名称，待进一步规范
3391,抖两下瓶子量胡椒粉,other_food,,扩展食材,other_food,0,1,review,1,菜谱实际使用名称，待进一步规范
3392,抖白胡椒,other_food,,扩展食材,other_food,0,1,review,1,菜谱实际使用名称，待进一步规范
3393,抖白胡椒粉,seasoning,,扩展食材,seasoning,0,1,verified,2,调味料
3394,折耳根,other_food,,扩展食材,other_food,0,1,review,1,菜谱实际使用名称，待进一步规范
3395,抱子芥,other_food,,扩展食材,other_food,0,1,review,1,菜谱实际使用名称，待进一步规范
3396,抹匀鱼正面料酒,seasoning,,扩展食材,seasoning,0,1,verified,1,调味料
3397,抹匀鱼正面蒸鱼豉油,seasoning,,扩展食材,seasoning,0,1,verified,1,调味料
3398,拇指大一节姜,other_food,,扩展食材,other_food,0,1,review,1,菜谱实际使用名称，待进一步规范
3399,拇指大小块状桂皮,other_food,,扩展食材,other_food,0,1,review,1,菜谱实际使用名称，待进一步规范
3400,拇指指甲盖冒尖量盐,other_food,,扩展食材,other_food,0,1,review,1,菜谱实际使用名称，待进一步规范
3401,拇指长度流行大葱,other_food,,扩展食材,other_food,0,1,review,1,菜谱实际使用名称，待进一步规范
3402,拉皮,other_food,,扩展食材,other_food,0,1,review,2,菜谱实际使用名称，待进一步规范
3403,拉面,other_food,,扩展食材,other_food,0,1,review,1,菜谱实际使用名称，待进一步规范
3404,拉面剂子,other_food,,扩展食材,other_food,0,1,review,1,菜谱实际使用名称，待进一步规范
3405,拉面配叉烧半熟蛋周五早餐,processed,,扩展食材,processed,0,1,verified,1,加工、半成品、乳制品或饮品
3406,拌料,other_food,,扩展食材,other_food,0,1,review,1,菜谱实际使用名称，待进一步规范
3407,拌饭酱,seasoning,,扩展食材,seasoning,0,1,verified,2,调味料
3408,拌鸡肉调味汁儿,other_food,,扩展食材,other_food,0,1,review,1,菜谱实际使用名称，待进一步规范
3409,拍了独蒜蒜末,other_food,,扩展食材,other_food,0,1,review,1,菜谱实际使用名称，待进一步规范
3410,拍碎切块大蒜,other_food,,扩展食材,other_food,0,1,review,1,菜谱实际使用名称，待进一步规范
3411,挂面,other_food,,扩展食材,other_food,0,1,review,15,菜谱实际使用名称，待进一步规范
3412,挂面/拉面,composite,,扩展食材,composite,0,1,review,1,疑似复合名称，组成未完全确认
3413,挂面或其它细软面条,processed,,扩展食材,processed,0,1,verified,1,加工、半成品、乳制品或饮品
3414,指尖捏起一撮胡椒粉,other_food,,扩展食材,other_food,0,1,review,1,菜谱实际使用名称，待进一步规范
3415,按个人口味使盐,other_food,,扩展食材,other_food,0,1,review,1,菜谱实际使用名称，待进一步规范
3416,按个人口味加盐,other_food,,扩展食材,other_food,0,1,review,1,菜谱实际使用名称，待进一步规范
3417,按个人口味盐,other_food,,扩展食材,other_food,0,1,review,1,菜谱实际使用名称，待进一步规范
3418,按个人口味调盐,other_food,,扩展食材,other_food,0,1,review,1,菜谱实际使用名称，待进一步规范
3419,按个人喜好姜,other_food,,扩展食材,other_food,0,1,review,1,菜谱实际使用名称，待进一步规范
3420,按个人喜好粉条或者粉丝,processed,,扩展食材,processed,0,1,verified,1,加工、半成品、乳制品或饮品
3421,按个人喜好蒜瓣,other_food,,扩展食材,other_food,0,1,review,1,菜谱实际使用名称，待进一步规范
3422,按个人需求也木耳或粉丝,processed,,扩展食材,processed,0,1,verified,1,加工、半成品、乳制品或饮品
3423,按人选量奶白菜,other_food,,扩展食材,other_food,0,1,review,1,菜谱实际使用名称，待进一步规范
3424,按你心情肥肠/猪耳朵/猪肚,composite,,扩展食材,composite,0,1,review,1,疑似复合名称，组成未完全确认
3425,按口味加胡椒粉或辣椒油,seasoning,,扩展食材,seasoning,0,1,verified,1,调味料
3426,按口味孜然粉/粒,composite,,扩展食材,composite,0,1,review,1,疑似复合名称，组成未完全确认
3427,按口味盐,other_food,,扩展食材,other_food,0,1,review,1,菜谱实际使用名称，待进一步规范
3428,按口味胡椒粉,other_food,,扩展食材,other_food,0,1,review,1,菜谱实际使用名称，待进一步规范
3429,按图草果,other_food,,扩展食材,other_food,0,1,review,1,菜谱实际使用名称，待进一步规范
3430,按照口味干辣椒,seasoning,,扩展食材,seasoning,0,1,verified,1,调味料
3431,按照口味花椒,other_food,,扩展食材,other_food,0,1,review,1,菜谱实际使用名称，待进一步规范
3432,按自己口味调,other_food,,扩展食材,other_food,0,1,review,1,菜谱实际使用名称，待进一步规范
3433,按自己喜好加宽粉,other_food,,扩展食材,other_food,0,1,review,1,菜谱实际使用名称，待进一步规范
3434,按自己喜好各种蔬菜,generic,,扩展食材,generic,0,1,review,1,宽泛名称，保留原义而不猜测具体品种
3435,按自己喜欢量圆包菜,other_food,,扩展食材,other_food,0,1,review,1,菜谱实际使用名称，待进一步规范
3436,按自己量木耳,other_food,,扩展食材,other_food,0,1,review,1,菜谱实际使用名称，待进一步规范
3437,按自己需求嫩南瓜,other_food,,扩展食材,other_food,0,1,review,1,菜谱实际使用名称，待进一步规范
3438,按食量算米粉/粉丝,processed,,扩展食材,processed,0,1,verified,1,加工、半成品、乳制品或饮品
3439,挤一点鸡汁,other_food,,扩展食材,other_food,0,1,review,1,菜谱实际使用名称，待进一步规范
3440,挤五下太太乐鸡汁,other_food,,扩展食材,other_food,0,1,review,1,菜谱实际使用名称，待进一步规范
3441,捆粉丝,processed,,扩展食材,processed,0,1,verified,1,加工、半成品、乳制品或饮品
3442,捏盐,seasoning,,扩展食材,seasoning,0,1,verified,1,调味料
3443,捏🤏小茴香,other_food,,扩展食材,other_food,0,1,review,1,菜谱实际使用名称，待进一步规范
3444,捞针,other_food,,扩展食材,other_food,0,1,review,1,菜谱实际使用名称，待进一步规范
3445,据个人口味,other_food,,扩展食材,other_food,0,1,review,2,菜谱实际使用名称，待进一步规范
3446,据个人口味来盐,other_food,,扩展食材,other_food,0,1,review,1,菜谱实际使用名称，待进一步规范
3447,据个人口味来调料区↓↓↓,other_food,,扩展食材,other_food,0,1,review,1,菜谱实际使用名称，待进一步规范
3448,据个人口味海天黄豆酱,seasoning,,扩展食材,seasoning,0,1,verified,1,调味料
3449,据个人口味添加盐,other_food,,扩展食材,other_food,0,1,review,1,菜谱实际使用名称，待进一步规范
3450,据个人口味白糖,seasoning,,扩展食材,seasoning,0,1,verified,1,调味料
3451,据个人口味盐,seasoning,,扩展食材,seasoning,0,1,verified,2,调味料
3452,据个人口味醋,seasoning,,扩展食材,seasoning,0,1,verified,1,调味料
3453,据个人口味鸡精,seasoning,,扩展食材,seasoning,0,1,verified,1,调味料
3454,据个人咸淡添加盐,other_food,,扩展食材,other_food,0,1,review,1,菜谱实际使用名称，待进一步规范
3455,据个人喜爱芽菜,processed,,扩展食材,processed,0,1,verified,1,加工、半成品、乳制品或饮品
3456,据个人爱好下潮汕豆浆,processed,,扩展食材,processed,0,1,verified,1,加工、半成品、乳制品或饮品
3457,据个人鸡蛋,other_food,,扩展食材,other_food,0,1,review,1,菜谱实际使用名称，待进一步规范
3458,据人数选择适合自己量虾,other_food,,扩展食材,other_food,0,1,review,1,菜谱实际使用名称，待进一步规范
3459,据口味午餐肉,processed,,扩展食材,processed,0,1,verified,1,加工、半成品、乳制品或饮品
3460,据口味小葱,other_food,,扩展食材,other_food,0,1,review,1,菜谱实际使用名称，待进一步规范
3461,据口味放糖,other_food,,扩展食材,other_food,0,1,review,1,菜谱实际使用名称，待进一步规范
3462,据口味来陈醋,seasoning,,扩展食材,seasoning,0,1,verified,1,调味料
3463,据口味添加盐,other_food,,扩展食材,other_food,0,1,review,2,菜谱实际使用名称，待进一步规范
3464,据口味添加辣椒油,seasoning,,扩展食材,seasoning,0,1,verified,1,调味料
3465,据口味白胡椒粉,other_food,,扩展食材,other_food,0,1,review,1,菜谱实际使用名称，待进一步规范
3466,据口味盐,other_food,,扩展食材,other_food,0,1,review,3,菜谱实际使用名称，待进一步规范
3467,据口味自选面,generic,,扩展食材,generic,0,1,review,1,宽泛名称，保留原义而不猜测具体品种
3468,据口味调整香菜,other_food,,扩展食材,other_food,0,1,review,1,菜谱实际使用名称，待进一步规范
3469,据口味辣椒,other_food,,扩展食材,other_food,0,1,review,1,菜谱实际使用名称，待进一步规范
3470,据口味选择添加盐,other_food,,扩展食材,other_food,0,1,review,1,菜谱实际使用名称，待进一步规范
3471,据喜好辣椒面,other_food,,扩展食材,other_food,0,1,review,1,菜谱实际使用名称，待进一步规范
3472,据土豆份量来调试油,seasoning,,扩展食材,seasoning,0,1,verified,1,调味料
3473,据所需五花肉,other_food,,扩展食材,other_food,0,1,review,1,菜谱实际使用名称，待进一步规范
3474,据生蚝数量剁椒,processed,,扩展食材,processed,0,1,verified,1,加工、半成品、乳制品或饮品
3475,据生蚝数量小葱,other_food,,扩展食材,other_food,0,1,review,1,菜谱实际使用名称，待进一步规范
3476,据生蚝数量蒜瓣,other_food,,扩展食材,other_food,0,1,review,1,菜谱实际使用名称，待进一步规范
3477,据生蚝数量蒸鱼豉油,seasoning,,扩展食材,seasoning,0,1,verified,1,调味料
3478,据生蚝数量食油,seasoning,,扩展食材,seasoning,0,1,verified,1,调味料
3479,据自己口味加盐,other_food,,扩展食材,other_food,0,1,review,1,菜谱实际使用名称，待进一步规范
3480,据自己口味添加干辣椒,seasoning,,扩展食材,seasoning,0,1,verified,1,调味料
3481,据自己口味盐,seasoning,,扩展食材,seasoning,0,1,verified,5,调味料
3482,据自己口味酱油,seasoning,,扩展食材,seasoning,0,1,verified,1,调味料
3483,据自己口味醋,seasoning,,扩展食材,seasoning,0,1,verified,1,调味料
3484,据自己口味鲜辣椒碎,other_food,,扩展食材,other_food,0,1,review,1,菜谱实际使用名称，待进一步规范
3485,据自己口味黑椒酱,seasoning,,扩展食材,seasoning,0,1,verified,1,调味料
3486,据自己喜好加冬菜,processed,,扩展食材,processed,0,1,verified,1,加工、半成品、乳制品或饮品
3487,据自己喜好大葱或洋葱,composite,,扩展食材,composite,0,1,review,1,疑似复合名称，组成未完全确认
3488,据自己喜好添加甜面酱/老干妈/甜辣酱,seasoning,,扩展食材,seasoning,0,1,verified,1,调味料
3489,据自己喜好粉条,processed,,扩展食材,processed,0,1,verified,1,加工、半成品、乳制品或饮品
3490,据自己喜好老抽酱油,seasoning,,扩展食材,seasoning,0,1,verified,1,调味料
3491,据自己喜好西芹,other_food,,扩展食材,other_food,0,1,review,1,菜谱实际使用名称，待进一步规范
3492,据自己喜欢五花肉,other_food,,扩展食材,other_food,0,1,review,1,菜谱实际使用名称，待进一步规范
3493,据自己喜欢味道李锦记蒸鱼豉油,seasoning,,扩展食材,seasoning,0,1,verified,1,调味料
3494,据自己喜欢多少都行木耳,other_food,,扩展食材,other_food,0,1,review,1,菜谱实际使用名称，待进一步规范
3495,据自己喜欢糖度调节糖量,other_food,,扩展食材,other_food,0,1,review,1,菜谱实际使用名称，待进一步规范
3496,据自己淀粉,processed,,扩展食材,processed,0,1,verified,1,加工、半成品、乳制品或饮品
3497,据自己炒菜量鲁花玉米油,seasoning,,扩展食材,seasoning,0,1,verified,1,调味料
3498,据自己爱好干辣子,other_food,,扩展食材,other_food,0,1,review,1,菜谱实际使用名称，待进一步规范
3499,据自己需求花菜,other_food,,扩展食材,other_food,0,1,review,1,菜谱实际使用名称，待进一步规范
3500,据茄子大小肉末,other_food,,扩展食材,other_food,0,1,review,1,菜谱实际使用名称，待进一步规范
3501,据菜多少决定醋生抽盐糖鸡精耗油,seasoning,,扩展食材,seasoning,0,1,verified,1,调味料
3502,据量定盐,other_food,,扩展食材,other_food,0,1,review,1,菜谱实际使用名称，待进一步规范
3503,据需求豆角,other_food,,扩展食材,other_food,0,1,review,1,菜谱实际使用名称，待进一步规范
3504,据食材调配水,other_food,,扩展食材,other_food,0,1,review,1,菜谱实际使用名称，待进一步规范
3505,据黄瓜多少订酱油,seasoning,,扩展食材,seasoning,0,1,verified,1,调味料
3506,排/一字排,composite,,扩展食材,composite,0,1,review,1,疑似复合名称，组成未完全确认
3507,排浇头,other_food,,扩展食材,other_food,0,1,review,1,菜谱实际使用名称，待进一步规范
3508,排肉,other_food,,扩展食材,other_food,0,1,review,1,菜谱实际使用名称，待进一步规范
3509,接近香醋,seasoning,,扩展食材,seasoning,0,1,verified,1,调味料
3510,掰块辣椒,other_food,,扩展食材,other_food,0,1,review,1,菜谱实际使用名称，待进一步规范
3511,掰大蒜,other_food,,扩展食材,other_food,0,1,review,1,菜谱实际使用名称，待进一步规范
3512,掰蒜,other_food,,扩展食材,other_food,0,1,review,1,菜谱实际使用名称，待进一步规范
3513,掰蒜头,other_food,,扩展食材,other_food,0,1,review,1,菜谱实际使用名称，待进一步规范
3514,提味,other_food,,扩展食材,other_food,0,1,review,1,菜谱实际使用名称，待进一步规范
3515,提子干,other_food,,扩展食材,other_food,0,1,review,1,菜谱实际使用名称，待进一步规范
3516,提色老抽,seasoning,,扩展食材,seasoning,0,1,verified,1,调味料
3517,提鲜白糖,seasoning,,扩展食材,seasoning,0,1,verified,2,调味料
3518,搪瓷勺,other_food,,扩展食材,other_food,0,1,review,1,菜谱实际使用名称，待进一步规范
3519,摆盘点缀,other_food,,扩展食材,other_food,0,1,review,1,菜谱实际使用名称，待进一步规范
3520,撒一点白芝麻,other_food,,扩展食材,other_food,0,1,review,1,菜谱实际使用名称，待进一步规范
3521,撒一点葱花,other_food,,扩展食材,other_food,0,1,review,1,菜谱实际使用名称，待进一步规范
3522,撒拇指大点儿即可十三香,other_food,,扩展食材,other_food,0,1,review,1,菜谱实际使用名称，待进一步规范
3523,撕小朵平菇或榛蘑,composite,,扩展食材,composite,0,1,review,1,疑似复合名称，组成未完全确认
3524,撮/白糖/冰糖,composite,,扩展食材,composite,0,1,review,1,疑似复合名称，组成未完全确认
3525,撮干桂花,seasoning,,扩展食材,seasoning,0,1,verified,1,调味料
3526,撮海盐,other_food,,扩展食材,other_food,0,1,review,1,菜谱实际使用名称，待进一步规范
3527,撮熟芝麻,processed,,扩展食材,processed,0,1,verified,1,加工、半成品、乳制品或饮品
3528,撮白糖,other_food,,扩展食材,other_food,0,1,review,1,菜谱实际使用名称，待进一步规范
3529,撮白胡椒,other_food,,扩展食材,other_food,0,1,review,2,菜谱实际使用名称，待进一步规范
3530,撮白胡椒粉,other_food,,扩展食材,other_food,0,1,review,3,菜谱实际使用名称，待进一步规范
3531,撮盐,other_food,,扩展食材,other_food,0,1,review,5,菜谱实际使用名称，待进一步规范
3532,撮糊辣椒/辣椒面,composite,,扩展食材,composite,0,1,review,1,疑似复合名称，组成未完全确认
3533,撮糖,other_food,,扩展食材,other_food,0,1,review,2,菜谱实际使用名称，待进一步规范
3534,撮胡椒粉,other_food,,扩展食材,other_food,0,1,review,1,菜谱实际使用名称，待进一步规范
3535,撮花椒,other_food,,扩展食材,other_food,0,1,review,3,菜谱实际使用名称，待进一步规范
3536,撮花椒粒,other_food,,扩展食材,other_food,0,1,review,1,菜谱实际使用名称，待进一步规范
3537,撮虾皮,processed,,扩展食材,processed,0,1,verified,1,加工、半成品、乳制品或饮品
3538,撮辣椒丝,other_food,,扩展食材,other_food,0,1,review,1,菜谱实际使用名称，待进一步规范
3539,撮鸡精,other_food,,扩展食材,other_food,0,1,review,3,菜谱实际使用名称，待进一步规范
3540,擦丝鲜橙,other_food,,扩展食材,other_food,0,1,review,1,菜谱实际使用名称，待进一步规范
3541,支小米辣,other_food,,扩展食材,other_food,0,1,review,1,菜谱实际使用名称，待进一步规范
3542,支小米辣切丝,other_food,,扩展食材,other_food,0,1,review,1,菜谱实际使用名称，待进一步规范
3543,支小红/青辣椒,composite,,扩展食材,composite,0,1,review,1,疑似复合名称，组成未完全确认
3544,支小茄子自己根据茄子大小多少调整生抽,other_food,,扩展食材,other_food,0,1,review,1,菜谱实际使用名称，待进一步规范
3545,支干辣椒切段,seasoning,,扩展食材,seasoning,0,1,verified,1,调味料
3546,支杏鲍菇,other_food,,扩展食材,other_food,0,1,review,1,菜谱实际使用名称，待进一步规范
3547,支绿尖椒,other_food,,扩展食材,other_food,0,1,review,1,菜谱实际使用名称，待进一步规范
3548,支青葱,other_food,,扩展食材,other_food,0,1,review,1,菜谱实际使用名称，待进一步规范
3549,支鸡腿🍗鲜嫩鸡肉,other_food,,扩展食材,other_food,0,1,review,1,菜谱实际使用名称，待进一步规范
3550,支龙口粉丝,processed,,扩展食材,processed,0,1,verified,1,加工、半成品、乳制品或饮品
3551,收汁淀粉,processed,,扩展食材,processed,0,1,verified,1,加工、半成品、乳制品或饮品
3552,攸县白干,other_food,,扩展食材,other_food,0,1,review,1,菜谱实际使用名称，待进一步规范
3553,攸县香干,processed,,扩展食材,processed,0,1,verified,2,加工、半成品、乳制品或饮品
3554,散养土鸡,other_food,,扩展食材,other_food,0,1,review,1,菜谱实际使用名称，待进一步规范
3555,散菜花,other_food,,扩展食材,other_food,0,1,review,1,菜谱实际使用名称，待进一步规范
3556,数两新鲜河虾,other_food,,扩展食材,other_food,0,1,review,1,菜谱实际使用名称，待进一步规范
3557,数个干辣椒,seasoning,,扩展食材,seasoning,0,1,verified,2,调味料
3558,数个肉丸,processed,,扩展食材,processed,0,1,verified,1,加工、半成品、乳制品或饮品
3559,数克盐,other_food,,扩展食材,other_food,0,1,review,1,菜谱实际使用名称，待进一步规范
3560,数只凤爪,other_food,,扩展食材,other_food,0,1,review,1,菜谱实际使用名称，待进一步规范
3561,数只干辣椒,seasoning,,扩展食材,seasoning,0,1,verified,2,调味料
3562,数只虾,other_food,,扩展食材,other_food,0,1,review,2,菜谱实际使用名称，待进一步规范
3563,数干青花椒,other_food,,扩展食材,other_food,0,1,review,1,菜谱实际使用名称，待进一步规范
3564,数朵冬菇,other_food,,扩展食材,other_food,0,1,review,1,菜谱实际使用名称，待进一步规范
3565,数朵干香菇,other_food,,扩展食材,other_food,0,1,review,1,菜谱实际使用名称，待进一步规范
3566,数朵木耳,other_food,,扩展食材,other_food,0,1,review,1,菜谱实际使用名称，待进一步规范
3567,数朵香菇,other_food,,扩展食材,other_food,0,1,review,1,菜谱实际使用名称，待进一步规范
3568,数枚蒜头,other_food,,扩展食材,other_food,0,1,review,1,菜谱实际使用名称，待进一步规范
3569,数根牙签,non_food,,扩展食材,non_food,0,0,review,1,疑似工具、包装或操作说明
3570,数滴李锦记麻油,seasoning,,扩展食材,seasoning,0,1,verified,1,调味料
3571,数滴鱼露,other_food,,扩展食材,other_food,0,1,review,1,菜谱实际使用名称，待进一步规范
3572,数瓣大蒜,other_food,,扩展食材,other_food,0,1,review,1,菜谱实际使用名称，待进一步规范
3573,数粒小茴香,other_food,,扩展食材,other_food,0,1,review,1,菜谱实际使用名称，待进一步规范
3574,数粒花椒,other_food,,扩展食材,other_food,0,1,review,6,菜谱实际使用名称，待进一步规范
3575,数粒花椒粒,other_food,,扩展食材,other_food,0,1,review,1,菜谱实际使用名称，待进一步规范
3576,数粒黑胡椒,other_food,,扩展食材,other_food,0,1,review,1,菜谱实际使用名称，待进一步规范
3577,数花椒,other_food,,扩展食材,other_food,0,1,review,1,菜谱实际使用名称，待进一步规范
3578,数量冰块,other_food,,扩展食材,other_food,0,1,review,1,菜谱实际使用名称，待进一步规范
3579,数量工具勺子是咖喱勺或韩国铁勺尺寸,composite,,扩展食材,composite,0,1,review,6,疑似复合名称，组成未完全确认
3580,数量根据胃量准备豆卜,other_food,,扩展食材,other_food,0,1,review,1,菜谱实际使用名称，待进一步规范
3581,数量洋葱,other_food,,扩展食材,other_food,0,1,review,1,菜谱实际使用名称，待进一步规范
3582,数量花甲,other_food,,扩展食材,other_food,0,1,review,1,菜谱实际使用名称，待进一步规范
3583,数量蒜,other_food,,扩展食材,other_food,0,1,review,1,菜谱实际使用名称，待进一步规范
3584,数鲫鱼,other_food,,扩展食材,other_food,0,1,review,1,菜谱实际使用名称，待进一步规范
3585,整块北豆腐,processed,,扩展食材,processed,0,1,verified,1,加工、半成品、乳制品或饮品
3586,整头蒜,other_food,,扩展食材,other_food,0,1,review,1,菜谱实际使用名称，待进一步规范
3587,整鸡四分之一鸡,other_food,,扩展食材,other_food,0,1,review,1,菜谱实际使用名称，待进一步规范
3588,整鸡腿,other_food,,扩展食材,other_food,0,1,review,1,菜谱实际使用名称，待进一步规范
3589,整鸡腿肉,other_food,,扩展食材,other_food,0,1,review,1,菜谱实际使用名称，待进一步规范
3590,整鸭,other_food,,扩展食材,other_food,0,1,review,1,菜谱实际使用名称，待进一步规范
3591,數粒蒜頭,other_food,,扩展食材,other_food,0,1,review,1,菜谱实际使用名称，待进一步规范
3592,文昌鸡,other_food,,扩展食材,other_food,0,1,review,1,菜谱实际使用名称，待进一步规范
3593,文蛤肉,other_food,,扩展食材,other_food,0,1,review,1,菜谱实际使用名称，待进一步规范
3594,斗白苗,other_food,,扩展食材,other_food,0,1,review,1,菜谱实际使用名称，待进一步规范
3595,料汁,seasoning,,扩展食材,seasoning,0,1,verified,5,调味料
3596,料油,seasoning,,扩展食材,seasoning,0,1,verified,2,调味料
3597,料理酒,seasoning,,扩展食材,seasoning,0,1,verified,3,调味料
3598,料粉,other_food,,扩展食材,other_food,0,1,review,2,菜谱实际使用名称，待进一步规范
3599,料粒,other_food,,扩展食材,other_food,0,1,review,1,菜谱实际使用名称，待进一步规范
3600,料酒,seasoning,,扩展食材,seasoning,0,1,verified,2383,调味料
3601,料酒.胡椒粉,other_food,,扩展食材,other_food,0,1,review,1,菜谱实际使用名称，待进一步规范
3602,料酒/六月鲜/鱼露/味啉,composite,,扩展食材,composite,0,1,review,1,疑似复合名称，组成未完全确认
3603,料酒/生抽/香醋,seasoning,,扩展食材,seasoning,0,1,verified,1,调味料
3604,料酒/白酒,seasoning,,扩展食材,seasoning,0,1,verified,1,调味料
3605,料酒/米酒,seasoning,,扩展食材,seasoning,0,1,verified,1,调味料
3606,料酒/高度酒,seasoning,,扩展食材,seasoning,0,1,verified,1,调味料
3607,料酒/黄酒,seasoning,,扩展食材,seasoning,0,1,verified,2,调味料
3608,料酒去腥,other_food,,扩展食材,other_food,0,1,review,1,菜谱实际使用名称，待进一步规范
3609,料酒和啤酒,seasoning,,扩展食材,seasoning,0,1,verified,1,调味料
3610,料酒或味淋,composite,,扩展食材,composite,0,1,review,1,疑似复合名称，组成未完全确认
3611,料酒或啤酒,seasoning,,扩展食材,seasoning,0,1,verified,2,调味料
3612,料酒或者醪糟,composite,,扩展食材,composite,0,1,review,1,疑似复合名称，组成未完全确认
3613,料酒或黄酒,seasoning,,扩展食材,seasoning,0,1,verified,1,调味料
3614,料酒淀粉,seasoning,,扩展食材,seasoning,0,1,verified,1,调味料
3615,料酒生抽,seasoning,,扩展食材,seasoning,0,1,verified,1,调味料
3616,料酒生抽老抽,seasoning,,扩展食材,seasoning,0,1,verified,1,调味料
3617,料酒花菜,other_food,,扩展食材,other_food,0,1,review,1,菜谱实际使用名称，待进一步规范
3618,料酒蚝油生抽,other_food,,扩展食材,other_food,0,1,review,1,菜谱实际使用名称，待进一步规范
3619,料酒酱油,seasoning,,扩展食材,seasoning,0,1,verified,1,调味料
3620,料酱,seasoning,,扩展食材,seasoning,0,1,verified,1,调味料
3621,料面,other_food,,扩展食材,other_food,0,1,review,1,菜谱实际使用名称，待进一步规范
3622,斜着切大葱白,other_food,,扩展食材,other_food,0,1,review,1,菜谱实际使用名称，待进一步规范
3623,断葱,other_food,,扩展食材,other_food,0,1,review,2,菜谱实际使用名称，待进一步规范
3624,新蒜,other_food,,扩展食材,other_food,0,1,review,1,菜谱实际使用名称，待进一步规范
3625,方便面,processed,,扩展食材,processed,0,1,verified,4,加工、半成品、乳制品或饮品
3626,方便面料,processed,,扩展食材,processed,0,1,verified,1,加工、半成品、乳制品或饮品
3627,方便面汤包,processed,,扩展食材,processed,0,1,verified,1,加工、半成品、乳制品或饮品
3628,方便面调料,seasoning,,扩展食材,seasoning,0,1,verified,1,调味料
3629,方便面酱料包,processed,,扩展食材,processed,0,1,verified,1,加工、半成品、乳制品或饮品
3630,方块五花肉,other_food,,扩展食材,other_food,0,1,review,1,菜谱实际使用名称，待进一步规范
3631,方格火锅底料,other_food,,扩展食材,other_food,0,1,review,1,菜谱实际使用名称，待进一步规范
3632,方火腿,processed,,扩展食材,processed,0,1,verified,1,加工、半成品、乳制品或饮品
3633,无味植物油,seasoning,,扩展食材,seasoning,0,1,verified,1,调味料
3634,无淀粉火腿,seasoning,,扩展食材,seasoning,0,1,verified,2,调味料
3635,无渣型火锅底料,other_food,,扩展食材,other_food,0,1,review,1,菜谱实际使用名称，待进一步规范
3636,无皮五花肉,other_food,,扩展食材,other_food,0,1,review,1,菜谱实际使用名称，待进一步规范
3637,无盐黄油,seasoning,,扩展食材,seasoning,0,1,verified,2,调味料
3638,无筋豆,other_food,,扩展食材,other_food,0,1,review,1,菜谱实际使用名称，待进一步规范
3639,无籽青葡萄,other_food,,扩展食材,other_food,0,1,review,1,菜谱实际使用名称，待进一步规范
3640,无糖原味酸奶,seasoning,,扩展食材,seasoning,0,1,verified,1,调味料
3641,无糖可乐,processed,,扩展食材,processed,0,1,verified,1,加工、半成品、乳制品或饮品
3642,无糖希腊酸奶,seasoning,,扩展食材,seasoning,0,1,verified,1,调味料
3643,无糖气泡水/无糖雪碧,composite,,扩展食材,composite,0,1,review,1,疑似复合名称，组成未完全确认
3644,无糖酱油,seasoning,,扩展食材,seasoning,0,1,verified,1,调味料
3645,无糖酸奶,seasoning,,扩展食材,seasoning,0,1,verified,2,调味料
3646,无纺布调料袋,other_food,,扩展食材,other_food,0,1,review,1,菜谱实际使用名称，待进一步规范
3647,无花果干,processed,,扩展食材,processed,0,1,verified,4,加工、半成品、乳制品或饮品
3648,无铝泡打粉,seasoning,,扩展食材,seasoning,0,1,verified,1,调味料
3649,无麸质酱油,seasoning,,扩展食材,seasoning,0,1,verified,1,调味料
3650,日式咖哩塊,other_food,,扩展食材,other_food,0,1,review,1,菜谱实际使用名称，待进一步规范
3651,日式城北年糕,processed,,扩展食材,processed,0,1,verified,1,加工、半成品、乳制品或饮品
3652,日式料理酒,seasoning,,扩展食材,seasoning,0,1,verified,1,调味料
3653,日式烘焙芝麻酱,seasoning,,扩展食材,seasoning,0,1,verified,1,调味料
3654,日式酱油,seasoning,,扩展食材,seasoning,0,1,verified,6,调味料
3655,日式风味酱汁,other_food,,扩展食材,other_food,0,1,review,1,菜谱实际使用名称，待进一步规范
3656,日本绿芥末,other_food,,扩展食材,other_food,0,1,review,1,菜谱实际使用名称，待进一步规范
3657,日本豆腐,processed,,扩展食材,processed,0,1,verified,33,加工、半成品、乳制品或饮品
3658,日本贝贝南瓜,other_food,,扩展食材,other_food,0,1,review,1,菜谱实际使用名称，待进一步规范
3659,日本酱油,seasoning,,扩展食材,seasoning,0,1,verified,1,调味料
3660,日本黄瓜,other_food,,扩展食材,other_food,0,1,review,1,菜谱实际使用名称，待进一步规范
3661,日食记油泼辣子,other_food,,扩展食材,other_food,0,1,review,1,菜谱实际使用名称，待进一步规范
3662,旧庄蚝油,seasoning,,扩展食材,seasoning,0,1,verified,2,调味料
3663,旱萝卜,other_food,,扩展食材,other_food,0,1,review,1,菜谱实际使用名称，待进一步规范
3664,时蔬,generic,,扩展食材,generic,0,1,review,2,宽泛名称，保留原义而不猜测具体品种
3665,昂公鱼,other_food,,扩展食材,other_food,0,1,review,1,菜谱实际使用名称，待进一步规范
3666,昂刺鱼,other_food,,扩展食材,other_food,0,1,review,5,菜谱实际使用名称，待进一步规范
3667,昆布高汤,seasoning,,扩展食材,seasoning,0,1,verified,1,调味料
3668,昆布高汤/荞麦面蘸面汁/水,composite,,扩展食材,composite,0,1,review,1,疑似复合名称，组成未完全确认
3669,明太子,other_food,,扩展食材,other_food,0,1,review,1,菜谱实际使用名称，待进一步规范
3670,明虾,other_food,,扩展食材,other_food,0,1,review,9,菜谱实际使用名称，待进一步规范
3671,昙花,other_food,,扩展食材,other_food,0,1,review,1,菜谱实际使用名称，待进一步规范
3672,春卷皮,other_food,,扩展食材,other_food,0,1,review,1,菜谱实际使用名称，待进一步规范
3673,春菜,other_food,,扩展食材,other_food,0,1,review,1,菜谱实际使用名称，待进一步规范
3674,春韭,other_food,,扩展食材,other_food,0,1,review,1,菜谱实际使用名称，待进一步规范
3675,春饼,other_food,,扩展食材,other_food,0,1,review,1,菜谱实际使用名称，待进一步规范
3676,是老抽生抽一半料酒,seasoning,,扩展食材,seasoning,0,1,verified,1,调味料
3677,是调味汁,other_food,,扩展食材,other_food,0,1,review,1,菜谱实际使用名称，待进一步规范
3678,是调料汁,other_food,,扩展食材,other_food,0,1,review,1,菜谱实际使用名称，待进一步规范
3679,晒干海带,other_food,,扩展食材,other_food,0,1,review,1,菜谱实际使用名称，待进一步规范
3680,晒醋,seasoning,,扩展食材,seasoning,0,1,verified,1,调味料
3681,普宁豆酱,seasoning,,扩展食材,seasoning,0,1,verified,2,调味料
3682,普宁黄豆酱,seasoning,,扩展食材,seasoning,0,1,verified,1,调味料
3683,普罗旺斯香料,other_food,,扩展食材,other_food,0,1,review,1,菜谱实际使用名称，待进一步规范
3684,普通中筋面粉,processed,,扩展食材,processed,0,1,verified,1,加工、半成品、乳制品或饮品
3685,普通勺子作量具酱汁部分比例调配,other_food,,扩展食材,other_food,0,1,review,1,菜谱实际使用名称，待进一步规范
3686,普通挂面,other_food,,扩展食材,other_food,0,1,review,1,菜谱实际使用名称，待进一步规范
3687,普通炒菜量油,seasoning,,扩展食材,seasoning,0,1,verified,1,调味料
3688,普通猪肉,other_food,,扩展食材,other_food,0,1,review,1,菜谱实际使用名称，待进一步规范
3689,普通盐,seasoning,,扩展食材,seasoning,0,1,verified,1,调味料
3690,普通面粉,processed,,扩展食材,processed,0,1,verified,5,加工、半成品、乳制品或饮品
3691,最后勾芡淀粉,processed,,扩展食材,processed,0,1,verified,1,加工、半成品、乳制品或饮品
3692,最后撒表面,other_food,,扩展食材,other_food,0,1,review,1,菜谱实际使用名称，待进一步规范
3693,最后放盐,other_food,,扩展食材,other_food,0,1,review,1,菜谱实际使用名称，待进一步规范
3694,最后点缀小葱,other_food,,扩展食材,other_food,0,1,review,1,菜谱实际使用名称，待进一步规范
3695,最后点缀香菜,other_food,,扩展食材,other_food,0,1,review,1,菜谱实际使用名称，待进一步规范
3696,最后装饰小葱末,non_food,,扩展食材,non_food,0,0,review,1,疑似工具、包装或操作说明
3697,最好多一些油,seasoning,,扩展食材,seasoning,0,1,verified,1,调味料
3698,最好手指粗细,other_food,,扩展食材,other_food,0,1,review,1,菜谱实际使用名称，待进一步规范
3699,最好肥一点,other_food,,扩展食材,other_food,0,1,review,1,菜谱实际使用名称，待进一步规范
3700,最自信你,other_food,,扩展食材,other_food,0,1,review,1,菜谱实际使用名称，待进一步规范
3701,最高水位水,other_food,,扩展食材,other_food,0,1,review,1,菜谱实际使用名称，待进一步规范
3702,月桂叶,seasoning,,扩展食材,seasoning,0,1,verified,1,调味料
3703,月牙骨,other_food,,扩展食材,other_food,0,1,review,1,菜谱实际使用名称，待进一步规范
3704,月香豆瓣酱,seasoning,,扩展食材,seasoning,0,1,verified,1,调味料
3705,服务大楼辣鸡爪酱,seasoning,,扩展食材,seasoning,0,1,verified,1,调味料
3706,朗姆酒,seasoning,,扩展食材,seasoning,0,1,verified,1,调味料
3707,朝天辣椒,other_food,,扩展食材,other_food,0,1,review,1,菜谱实际使用名称，待进一步规范
3708,木姜子油,seasoning,,扩展食材,seasoning,0,1,verified,2,调味料
3709,木棉花,other_food,,扩展食材,other_food,0,1,review,1,菜谱实际使用名称，待进一步规范
3710,木棉豆腐,processed,,扩展食材,processed,0,1,verified,1,加工、半成品、乳制品或饮品
3711,木糖醇/白砂糖,composite,,扩展食材,composite,0,1,review,1,疑似复合名称，组成未完全确认
3712,木耳几朵,other_food,,扩展食材,other_food,0,1,review,1,菜谱实际使用名称，待进一步规范
3713,木耳干,other_food,,扩展食材,other_food,0,1,review,1,菜谱实际使用名称，待进一步规范
3714,木薯淀粉,seasoning,,扩展食材,seasoning,0,1,verified,4,调味料
3715,木薯粉,other_food,,扩展食材,other_food,0,1,review,1,菜谱实际使用名称，待进一步规范
3716,木鱼精,other_food,,扩展食材,other_food,0,1,review,1,菜谱实际使用名称，待进一步规范
3717,木鱼花,other_food,,扩展食材,other_food,0,1,review,1,菜谱实际使用名称，待进一步规范
3718,木鱼高汤粉,other_food,,扩展食材,other_food,0,1,review,1,菜谱实际使用名称，待进一步规范
3719,未命名食材,other_food,,扩展食材,other_food,0,1,review,5,菜谱实际使用名称，待进一步规范
3720,末姜,other_food,,扩展食材,other_food,0,1,review,1,菜谱实际使用名称，待进一步规范
3721,末蒜,other_food,,扩展食材,other_food,0,1,review,1,菜谱实际使用名称，待进一步规范
3722,末过南瓜水,other_food,,扩展食材,other_food,0,1,review,1,菜谱实际使用名称，待进一步规范
3723,本地海水豆腐,processed,,扩展食材,processed,0,1,verified,1,加工、半成品、乳制品或饮品
3724,本地青椒,other_food,,扩展食材,other_food,0,1,review,1,菜谱实际使用名称，待进一步规范
3725,本瓜节瓜,other_food,,扩展食材,other_food,0,1,review,1,菜谱实际使用名称，待进一步规范
3726,本酿酱油,seasoning,,扩展食材,seasoning,0,1,verified,1,调味料
3727,本鸡蛋,other_food,,扩展食材,other_food,0,1,review,1,菜谱实际使用名称，待进一步规范
3728,朵蘑菇,other_food,,扩展食材,other_food,0,1,review,1,菜谱实际使用名称，待进一步规范
3729,朵西蓝花,other_food,,扩展食材,other_food,0,1,review,2,菜谱实际使用名称，待进一步规范
3730,机花菜,other_food,,扩展食材,other_food,0,1,review,10,菜谱实际使用名称，待进一步规范
3731,机菜花,other_food,,扩展食材,other_food,0,1,review,4,菜谱实际使用名称，待进一步规范
3732,机豆瓣酱,seasoning,,扩展食材,seasoning,0,1,verified,1,调味料
3733,机酱油,seasoning,,扩展食材,seasoning,0,1,verified,5,调味料
3734,机香料酒,seasoning,,扩展食材,seasoning,0,1,verified,1,调味料
3735,杂粮,generic,,扩展食材,generic,0,1,review,1,宽泛名称，保留原义而不猜测具体品种
3736,杂粮米,other_food,,扩展食材,other_food,0,1,review,2,菜谱实际使用名称，待进一步规范
3737,杂粮米饭,processed,,扩展食材,processed,0,1,verified,1,加工、半成品、乳制品或饮品
3738,杂粮面包,processed,,扩展食材,processed,0,1,verified,1,加工、半成品、乳制品或饮品
3739,杂粮饭,other_food,,扩展食材,other_food,0,1,review,6,菜谱实际使用名称，待进一步规范
3740,杂菇,other_food,,扩展食材,other_food,0,1,review,3,菜谱实际使用名称，待进一步规范
3741,杂菜,generic,,扩展食材,generic,0,1,review,2,宽泛名称，保留原义而不猜测具体品种
3742,杂菜—可选,other_food,,扩展食材,other_food,0,1,review,1,菜谱实际使用名称，待进一步规范
3743,杂蔬,other_food,,扩展食材,other_food,0,1,review,2,菜谱实际使用名称，待进一步规范
3744,杂豆,other_food,,扩展食材,other_food,0,1,review,1,菜谱实际使用名称，待进一步规范
3745,杂香草,other_food,,扩展食材,other_food,0,1,review,1,菜谱实际使用名称，待进一步规范
3746,杂骨头〔排骨〕,other_food,,扩展食材,other_food,0,1,review,1,菜谱实际使用名称，待进一步规范
3747,杂鱼,other_food,,扩展食材,other_food,0,1,review,1,菜谱实际使用名称，待进一步规范
3748,李记枭雄酸菜鱼包,processed,,扩展食材,processed,0,1,verified,1,加工、半成品、乳制品或饮品
3749,李锦记叉烧酱,seasoning,,扩展食材,seasoning,0,1,verified,1,调味料
3750,李锦记无麸质酱油,seasoning,,扩展食材,seasoning,0,1,verified,1,调味料
3751,李锦记煲仔饭酱油,seasoning,,扩展食材,seasoning,0,1,verified,1,调味料
3752,李锦记特级头抽,other_food,,扩展食材,other_food,0,1,review,1,菜谱实际使用名称，待进一步规范
3753,李锦记生抽,seasoning,,扩展食材,seasoning,0,1,verified,3,调味料
3754,李锦记红烧汁,seasoning,,扩展食材,seasoning,0,1,verified,3,调味料
3755,李锦记红烧汁少于,other_food,,扩展食材,other_food,0,1,review,1,菜谱实际使用名称，待进一步规范
3756,李锦记红烧酱油,seasoning,,扩展食材,seasoning,0,1,verified,2,调味料
3757,李锦记老抽,seasoning,,扩展食材,seasoning,0,1,verified,2,调味料
3758,李锦记葡汁时蔬酱,seasoning,,扩展食材,seasoning,0,1,verified,1,调味料
3759,李锦记蒸鱼豉油,seasoning,,扩展食材,seasoning,0,1,verified,5,调味料
3760,李锦记薄盐生抽,seasoning,,扩展食材,seasoning,0,1,verified,1,调味料
3761,李锦记蚝油,seasoning,,扩展食材,seasoning,0,1,verified,1,调味料
3762,李锦记豆瓣酱,seasoning,,扩展食材,seasoning,0,1,verified,1,调味料
3763,李锦记财神蚝油,seasoning,,扩展食材,seasoning,0,1,verified,1,调味料
3764,李锦记酸梅酱,seasoning,,扩展食材,seasoning,0,1,verified,1,调味料
3765,李锦记风味豆豉,other_food,,扩展食材,other_food,0,1,review,2,菜谱实际使用名称，待进一步规范
3766,李锦记鲍鱼汁,other_food,,扩展食材,other_food,0,1,review,1,菜谱实际使用名称，待进一步规范
3767,李锦记鲜香红烧,other_food,,扩展食材,other_food,0,1,review,1,菜谱实际使用名称，待进一步规范
3768,李锦记黑椒汁,seasoning,,扩展食材,seasoning,0,1,verified,1,调味料
3769,杏仁米糊,other_food,,扩展食材,other_food,0,1,review,1,菜谱实际使用名称，待进一步规范
3770,杏仁粉,other_food,,扩展食材,other_food,0,1,review,3,菜谱实际使用名称，待进一步规范
3771,杏鲍菇干,other_food,,扩展食材,other_food,0,1,review,1,菜谱实际使用名称，待进一步规范
3772,杏鲍菇或者香菇,composite,,扩展食材,composite,0,1,review,1,疑似复合名称，组成未完全确认
3773,材料,other_food,,扩展食材,other_food,0,1,review,4,菜谱实际使用名称，待进一步规范
3774,材料如下,other_food,,扩展食材,other_food,0,1,review,1,菜谱实际使用名称，待进一步规范
3775,材料混合好均匀抹鱼上,generic,,扩展食材,generic,0,1,review,1,宽泛名称，保留原义而不猜测具体品种
3776,束葱,other_food,,扩展食材,other_food,0,1,review,1,菜谱实际使用名称，待进一步规范
3777,束香菜,other_food,,扩展食材,other_food,0,1,review,2,菜谱实际使用名称，待进一步规范
3778,来一点生抽,other_food,,扩展食材,other_food,0,1,review,1,菜谱实际使用名称，待进一步规范
3779,来一点生粉,other_food,,扩展食材,other_food,0,1,review,1,菜谱实际使用名称，待进一步规范
3780,来一点花椒,other_food,,扩展食材,other_food,0,1,review,1,菜谱实际使用名称，待进一步规范
3781,来一点蚝油,seasoning,,扩展食材,seasoning,0,1,verified,1,调味料
3782,来个小土豆,other_food,,扩展食材,other_food,0,1,review,1,菜谱实际使用名称，待进一步规范
3783,来个泡椒,processed,,扩展食材,processed,0,1,verified,1,加工、半成品、乳制品或饮品
3784,来个瑶柱干,other_food,,扩展食材,other_food,0,1,review,1,菜谱实际使用名称，待进一步规范
3785,来提味,other_food,,扩展食材,other_food,0,1,review,1,菜谱实际使用名称，待进一步规范
3786,来根蒜苔,other_food,,扩展食材,other_food,0,1,review,1,菜谱实际使用名称，待进一步规范
3787,来炒牛肉,other_food,,扩展食材,other_food,0,1,review,1,菜谱实际使用名称，待进一步规范
3788,来粒枸杞,other_food,,扩展食材,other_food,0,1,review,1,菜谱实际使用名称，待进一步规范
3789,来粒花椒,other_food,,扩展食材,other_food,0,1,review,1,菜谱实际使用名称，待进一步规范
3790,杨树上毛毛虫,other_food,,扩展食材,other_food,0,1,review,1,菜谱实际使用名称，待进一步规范
3791,杭椒粒,other_food,,扩展食材,other_food,0,1,review,1,菜谱实际使用名称，待进一步规范
3792,杭白菜,other_food,,扩展食材,other_food,0,1,review,1,菜谱实际使用名称，待进一步规范
3793,杯红酒,seasoning,,扩展食材,seasoning,0,1,verified,1,调味料
3794,杯酸奶,processed,,扩展食材,processed,0,1,verified,1,加工、半成品、乳制品或饮品
3795,杯高度数米酒,seasoning,,扩展食材,seasoning,0,1,verified,1,调味料
3796,松肉粉,other_food,,扩展食材,other_food,0,1,review,1,菜谱实际使用名称，待进一步规范
3797,松花皮蛋,processed,,扩展食材,processed,0,1,verified,1,加工、半成品、乳制品或饮品
3798,松花菜,other_food,,扩展食材,other_food,0,1,review,1,菜谱实际使用名称，待进一步规范
3799,松花蛋,processed,,扩展食材,processed,0,1,verified,2,加工、半成品、乳制品或饮品
3800,松花蛋/皮蛋,processed,,扩展食材,processed,0,1,verified,1,加工、半成品、乳制品或饮品
3801,松花蛋丁,processed,,扩展食材,processed,0,1,verified,1,加工、半成品、乳制品或饮品
3802,松茸干,other_food,,扩展食材,other_food,0,1,review,1,菜谱实际使用名称，待进一步规范
3803,松茸鲜蔬粉,other_food,,扩展食材,other_food,0,1,review,1,菜谱实际使用名称，待进一步规范
3804,板块冰糖,other_food,,扩展食材,other_food,0,1,review,1,菜谱实际使用名称，待进一步规范
3805,板栗或者土豆,composite,,扩展食材,composite,0,1,review,1,疑似复合名称，组成未完全确认
3806,板豆腐,processed,,扩展食材,processed,0,1,verified,2,加工、半成品、乳制品或饮品
3807,板鸭,other_food,,扩展食材,other_food,0,1,review,1,菜谱实际使用名称，待进一步规范
3808,极妙原鲜酱油,seasoning,,扩展食材,seasoning,0,1,verified,3,调味料
3809,极妙红烧酱油,seasoning,,扩展食材,seasoning,0,1,verified,2,调味料
3810,极妙麻辣红油,seasoning,,扩展食材,seasoning,0,1,verified,2,调味料
3811,极少量五香粉,other_food,,扩展食材,other_food,0,1,review,1,菜谱实际使用名称，待进一步规范
3812,极少量白胡椒粉,other_food,,扩展食材,other_food,0,1,review,1,菜谱实际使用名称，待进一步规范
3813,极少量糖,other_food,,扩展食材,other_food,0,1,review,1,菜谱实际使用名称，待进一步规范
3814,极少量香叶,other_food,,扩展食材,other_food,0,1,review,1,菜谱实际使用名称，待进一步规范
3815,枚八角,seasoning,,扩展食材,seasoning,0,1,verified,1,调味料
3816,枚可爱鸡蛋,other_food,,扩展食材,other_food,0,1,review,1,菜谱实际使用名称，待进一步规范
3817,枚土豆,other_food,,扩展食材,other_food,0,1,review,1,菜谱实际使用名称，待进一步规范
3818,枚大料,other_food,,扩展食材,other_food,0,1,review,1,菜谱实际使用名称，待进一步规范
3819,枚大枣,other_food,,扩展食材,other_food,0,1,review,1,菜谱实际使用名称，待进一步规范
3820,枚核桃仁,other_food,,扩展食材,other_food,0,1,review,1,菜谱实际使用名称，待进一步规范
3821,枚皮蛋,processed,,扩展食材,processed,0,1,verified,1,加工、半成品、乳制品或饮品
3822,枚蒜瓣,other_food,,扩展食材,other_food,0,1,review,1,菜谱实际使用名称，待进一步规范
3823,枚鱼头,other_food,,扩展食材,other_food,0,1,review,1,菜谱实际使用名称，待进一步规范
3824,枚鸡蛋,other_food,,扩展食材,other_food,0,1,review,5,菜谱实际使用名称，待进一步规范
3825,果肉➕核罗汉果,other_food,,扩展食材,other_food,0,1,review,1,菜谱实际使用名称，待进一步规范
3826,果蔬,other_food,,扩展食材,other_food,0,1,review,1,菜谱实际使用名称，待进一步规范
3827,果酒,seasoning,,扩展食材,seasoning,0,1,verified,1,调味料
3828,果醋,seasoning,,扩展食材,seasoning,0,1,verified,2,调味料
3829,枝子西芹,other_food,,扩展食材,other_food,0,1,review,1,菜谱实际使用名称，待进一步规范
3830,枝泡花椒,other_food,,扩展食材,other_food,0,1,review,1,菜谱实际使用名称，待进一步规范
3831,枝百里香,seasoning,,扩展食材,seasoning,0,1,verified,2,调味料
3832,枝芹菜,other_food,,扩展食材,other_food,0,1,review,1,菜谱实际使用名称，待进一步规范
3833,枝葱,other_food,,扩展食材,other_food,0,1,review,1,菜谱实际使用名称，待进一步规范
3834,枧水,other_food,,扩展食材,other_food,0,1,review,1,菜谱实际使用名称，待进一步规范
3835,架豆王,other_food,,扩展食材,other_food,0,1,review,2,菜谱实际使用名称，待进一步规范
3836,枸杞粒,other_food,,扩展食材,other_food,0,1,review,1,菜谱实际使用名称，待进一步规范
3837,柑皮,other_food,,扩展食材,other_food,0,1,review,1,菜谱实际使用名称，待进一步规范
3838,柔劲好粉条,processed,,扩展食材,processed,0,1,verified,1,加工、半成品、乳制品或饮品
3839,柞蚕蛹,other_food,,扩展食材,other_food,0,1,review,1,菜谱实际使用名称，待进一步规范
3840,柠檬叶,other_food,,扩展食材,other_food,0,1,review,7,菜谱实际使用名称，待进一步规范
3841,柠檬叶/薄荷叶,seasoning,,扩展食材,seasoning,0,1,verified,1,调味料
3842,柠檬干,other_food,,扩展食材,other_food,0,1,review,1,菜谱实际使用名称，待进一步规范
3843,柠檬挤汁/两勺柠檬汁,composite,,扩展食材,composite,0,1,review,1,疑似复合名称，组成未完全确认
3844,柠檬汁,seasoning,,扩展食材,seasoning,0,1,verified,8,调味料
3845,柠檬汁或者苹果醋,seasoning,,扩展食材,seasoning,0,1,verified,1,调味料
3846,柠檬沙拉汁,seasoning,,扩展食材,seasoning,0,1,verified,1,调味料
3847,柠檬茶,processed,,扩展食材,processed,0,1,verified,1,加工、半成品、乳制品或饮品
3848,柠檬草,other_food,,扩展食材,other_food,0,1,review,1,菜谱实际使用名称，待进一步规范
3849,柱侯酱,seasoning,,扩展食材,seasoning,0,1,verified,9,调味料
3850,柱候酱,seasoning,,扩展食材,seasoning,0,1,verified,12,调味料
3851,柱候酱或沙茶酱,seasoning,,扩展食材,seasoning,0,1,verified,1,调味料
3852,柴火香干,processed,,扩展食材,processed,0,1,verified,1,加工、半成品、乳制品或饮品
3853,柴鱼片,processed,,扩展食材,processed,0,1,verified,1,加工、半成品、乳制品或饮品
3854,柴鸡,other_food,,扩展食材,other_food,0,1,review,1,菜谱实际使用名称，待进一步规范
3855,柿子,other_food,,水果,季节数据补充,0,1,review,4,菜谱实际使用名称，待进一步规范
3856,柿子尖椒切滚刀小块,other_food,,扩展食材,other_food,0,1,review,1,菜谱实际使用名称，待进一步规范
3857,柿椒,other_food,,扩展食材,other_food,0,1,review,1,菜谱实际使用名称，待进一步规范
3858,栀子,other_food,,扩展食材,other_food,0,1,review,1,菜谱实际使用名称，待进一步规范
3859,栀子黄,other_food,,扩展食材,other_food,0,1,review,1,菜谱实际使用名称，待进一步规范
3860,树椒,other_food,,扩展食材,other_food,0,1,review,1,菜谱实际使用名称，待进一步规范
3861,株韭菜,other_food,,扩展食材,other_food,0,1,review,1,菜谱实际使用名称，待进一步规范
3862,核桃油,seasoning,,扩展食材,seasoning,0,1,verified,3,调味料
3863,根,other_food,,扩展食材,other_food,0,1,review,1,菜谱实际使用名称，待进一步规范
3864,桂叶,other_food,,扩展食材,other_food,0,1,review,1,菜谱实际使用名称，待进一步规范
3865,桂叶/花椒,composite,,扩展食材,composite,0,1,review,1,疑似复合名称，组成未完全确认
3866,桂圆干,other_food,,扩展食材,other_food,0,1,review,1,菜谱实际使用名称，待进一步规范
3867,桂圆枸杞,other_food,,扩展食材,other_food,0,1,review,1,菜谱实际使用名称，待进一步规范
3868,桂林三花酒,seasoning,,扩展食材,seasoning,0,1,verified,1,调味料
3869,桂林米粉,processed,,扩展食材,processed,0,1,verified,1,加工、半成品、乳制品或饮品
3870,桂林豆腐乳,processed,,扩展食材,processed,0,1,verified,1,加工、半成品、乳制品或饮品
3871,桂皮,seasoning,,扩展食材,seasoning,0,1,verified,179,调味料
3872,桂皮花椒八角,other_food,,扩展食材,other_food,0,1,review,1,菜谱实际使用名称，待进一步规范
3873,桂皮陈皮八角,other_food,,扩展食材,other_food,0,1,review,1,菜谱实际使用名称，待进一步规范
3874,桂花,seasoning,,时令食材,季节数据补充,0,1,verified,1,调味料
3875,桂花糖年糕周四早餐,seasoning,,扩展食材,seasoning,0,1,verified,1,调味料
3876,桂花蜜,seasoning,,扩展食材,seasoning,0,1,verified,1,调味料
3877,桂花鱼,seasoning,,扩展食材,seasoning,0,1,verified,3,调味料
3878,桃子酱,seasoning,,扩展食材,seasoning,0,1,verified,1,调味料
3879,桃胶,processed,,扩展食材,processed,0,1,verified,3,加工、半成品、乳制品或饮品
3880,桑叶,other_food,,扩展食材,other_food,0,1,review,1,菜谱实际使用名称，待进一步规范
3881,桔片爽,other_food,,扩展食材,other_food,0,1,review,1,菜谱实际使用名称，待进一步规范
3882,桥头牌粉蒸肉粉,other_food,,扩展食材,other_food,0,1,review,1,菜谱实际使用名称，待进一步规范
3883,桥头蒸肉粉,other_food,,扩展食材,other_food,0,1,review,1,菜谱实际使用名称，待进一步规范
3884,梁骨,other_food,,扩展食材,other_food,0,1,review,1,菜谱实际使用名称，待进一步规范
3885,梅子酒,seasoning,,扩展食材,seasoning,0,1,verified,2,调味料
3886,梅干菜,processed,,扩展食材,processed,0,1,verified,18,加工、半成品、乳制品或饮品
3887,梅条肉,other_food,,扩展食材,other_food,0,1,review,1,菜谱实际使用名称，待进一步规范
3888,梅肉,other_food,,扩展食材,other_food,0,1,review,1,菜谱实际使用名称，待进一步规范
3889,梅肉丝,other_food,,扩展食材,other_food,0,1,review,1,菜谱实际使用名称，待进一步规范
3890,梅花猪肉,other_food,,扩展食材,other_food,0,1,review,1,菜谱实际使用名称，待进一步规范
3891,梅花肉馅,other_food,,扩展食材,other_food,0,1,review,1,菜谱实际使用名称，待进一步规范
3892,梅菜,other_food,,扩展食材,other_food,0,1,review,4,菜谱实际使用名称，待进一步规范
3893,梅菜干,other_food,,扩展食材,other_food,0,1,review,1,菜谱实际使用名称，待进一步规范
3894,梅菜笋丝,other_food,,扩展食材,other_food,0,1,review,1,菜谱实际使用名称，待进一步规范
3895,梅豆角,other_food,,扩展食材,other_food,0,1,review,1,菜谱实际使用名称，待进一步规范
3896,梅香咸鱼,other_food,,扩展食材,other_food,0,1,review,2,菜谱实际使用名称，待进一步规范
3897,梅香马鲛鱼,other_food,,扩展食材,other_food,0,1,review,1,菜谱实际使用名称，待进一步规范
3898,梗米年糕,processed,,扩展食材,processed,0,1,verified,1,加工、半成品、乳制品或饮品
3899,梨,other_food,,水果,季节数据补充,0,1,review,9,菜谱实际使用名称，待进一步规范
3900,梨🍐,other_food,,扩展食材,other_food,0,1,review,1,菜谱实际使用名称，待进一步规范
3901,棒骨,other_food,,扩展食材,other_food,0,1,review,2,菜谱实际使用名称，待进一步规范
3902,棒骨汤,other_food,,扩展食材,other_food,0,1,review,1,菜谱实际使用名称，待进一步规范
3903,棠菜/菜心,composite,,扩展食材,composite,0,1,review,1,疑似复合名称，组成未完全确认
3904,棵盖菜,other_food,,扩展食材,other_food,0,1,review,1,菜谱实际使用名称，待进一步规范
3905,棵葱,other_food,,扩展食材,other_food,0,1,review,1,菜谱实际使用名称，待进一步规范
3906,棵雪菜,processed,,扩展食材,processed,0,1,verified,1,加工、半成品、乳制品或饮品
3907,植物油,seasoning,,扩展食材,seasoning,0,1,verified,106,调味料
3908,植物油/猪油,seasoning,,扩展食材,seasoning,0,1,verified,1,调味料
3909,椒盐,seasoning,,扩展食材,seasoning,0,1,verified,37,调味料
3910,椒盐粉,seasoning,,扩展食材,seasoning,0,1,verified,4,调味料
3911,椒麻油,seasoning,,扩展食材,seasoning,0,1,verified,1,调味料
3912,椒麻黄豆酱,seasoning,,扩展食材,seasoning,0,1,verified,1,调味料
3913,椰奶/椰浆,processed,,扩展食材,processed,0,1,verified,1,加工、半成品、乳制品或饮品
3914,椰子水,other_food,,扩展食材,other_food,0,1,review,1,菜谱实际使用名称，待进一步规范
3915,椰子油,seasoning,,扩展食材,seasoning,0,1,verified,5,调味料
3916,椰子粉,other_food,,扩展食材,other_food,0,1,review,2,菜谱实际使用名称，待进一步规范
3917,椰汁,seasoning,,扩展食材,seasoning,0,1,verified,2,调味料
3918,椰油,seasoning,,扩展食材,seasoning,0,1,verified,1,调味料
3919,椰浆,processed,,扩展食材,processed,0,1,verified,12,加工、半成品、乳制品或饮品
3920,椰浆/淡奶油,seasoning,,扩展食材,seasoning,0,1,verified,1,调味料
3921,椰皇,other_food,,扩展食材,other_food,0,1,review,1,菜谱实际使用名称，待进一步规范
3922,椰蓉,other_food,,扩展食材,other_food,0,1,review,1,菜谱实际使用名称，待进一步规范
3923,椰青,other_food,,扩展食材,other_food,0,1,review,2,菜谱实际使用名称，待进一步规范
3924,楠竹笋尖,other_food,,扩展食材,other_food,0,1,review,1,菜谱实际使用名称，待进一步规范
3925,榄角,other_food,,扩展食材,other_food,0,1,review,1,菜谱实际使用名称，待进一步规范
3926,榨油香料,other_food,,扩展食材,other_food,0,1,review,1,菜谱实际使用名称，待进一步规范
3927,榨菜,other_food,,扩展食材,other_food,0,1,review,28,菜谱实际使用名称，待进一步规范
3928,榨菜丝,other_food,,扩展食材,other_food,0,1,review,1,菜谱实际使用名称，待进一步规范
3929,榨菜切碎,non_food,,扩展食材,non_food,0,0,review,1,疑似工具、包装或操作说明
3930,榨菜末,other_food,,扩展食材,other_food,0,1,review,1,菜谱实际使用名称，待进一步规范
3931,榨菜疙瘩,other_food,,扩展食材,other_food,0,1,review,1,菜谱实际使用名称，待进一步规范
3932,榨菜碎,other_food,,扩展食材,other_food,0,1,review,1,菜谱实际使用名称，待进一步规范
3933,榴莲瓢,other_food,,扩展食材,other_food,0,1,review,1,菜谱实际使用名称，待进一步规范
3934,橄榄油,seasoning,,扩展食材,seasoning,0,1,verified,124,调味料
3935,橄榄油/米糠油/色拉油……,composite,,扩展食材,composite,0,1,review,1,疑似复合名称，组成未完全确认
3936,橄榄油/葵花籽油,seasoning,,扩展食材,seasoning,0,1,verified,1,调味料
3937,橄榄油/食油,seasoning,,扩展食材,seasoning,0,1,verified,1,调味料
3938,橄榄油或核桃油,seasoning,,扩展食材,seasoning,0,1,verified,1,调味料
3939,橄榄油或植物油,seasoning,,扩展食材,seasoning,0,1,verified,2,调味料
3940,橄榄油或色拉油,seasoning,,扩展食材,seasoning,0,1,verified,1,调味料
3941,橄榄油油,seasoning,,扩展食材,seasoning,0,1,verified,1,调味料
3942,橄榄油生抽,other_food,,扩展食材,other_food,0,1,review,1,菜谱实际使用名称，待进一步规范
3943,橄榄菜,processed,,扩展食材,processed,0,1,verified,23,加工、半成品、乳制品或饮品
3944,橘子皮,other_food,,扩展食材,other_food,0,1,review,1,菜谱实际使用名称，待进一步规范
3945,橘柑皮,other_food,,扩展食材,other_food,0,1,review,1,菜谱实际使用名称，待进一步规范
3946,橘皮,other_food,,扩展食材,other_food,0,1,review,1,菜谱实际使用名称，待进一步规范
3947,橙,other_food,,扩展食材,other_food,0,1,review,1,菜谱实际使用名称，待进一步规范
3948,橙子皮,other_food,,扩展食材,other_food,0,1,review,1,菜谱实际使用名称，待进一步规范
3949,橙皮香叶党参等香料,other_food,,扩展食材,other_food,0,1,review,1,菜谱实际使用名称，待进一步规范
3950,橙醋,seasoning,,扩展食材,seasoning,0,1,verified,1,调味料
3951,欧芹叶,other_food,,扩展食材,other_food,0,1,review,2,菜谱实际使用名称，待进一步规范
3952,款肥牛,other_food,,扩展食材,other_food,0,1,review,1,菜谱实际使用名称，待进一步规范
3953,正宗东北酸菜,processed,,扩展食材,processed,0,1,verified,1,加工、半成品、乳制品或饮品
3954,正山小种,other_food,,扩展食材,other_food,0,1,review,1,菜谱实际使用名称，待进一步规范
3955,正常炒菜量食油,seasoning,,扩展食材,seasoning,0,1,verified,1,调味料
3956,正常炒菜量食盐,other_food,,扩展食材,other_food,0,1,review,1,菜谱实际使用名称，待进一步规范
3957,正经五花肉,other_food,,扩展食材,other_food,0,1,review,1,菜谱实际使用名称，待进一步规范
3958,此外葱姜蒜小米椒切末备,other_food,,扩展食材,other_food,0,1,review,1,菜谱实际使用名称，待进一步规范
3959,此菜谱之根本,other_food,,扩展食材,other_food,0,1,review,1,菜谱实际使用名称，待进一步规范
3960,步骤中所示腌汁,non_food,,扩展食材,non_food,0,0,review,1,疑似工具、包装或操作说明
3961,武冈酸辣椒,processed,,扩展食材,processed,0,1,verified,1,加工、半成品、乳制品或饮品
3962,武冈香干,processed,,扩展食材,processed,0,1,verified,1,加工、半成品、乳制品或饮品
3963,段,other_food,,扩展食材,other_food,0,1,review,1,菜谱实际使用名称，待进一步规范
3964,段京葱,other_food,,扩展食材,other_food,0,1,review,3,菜谱实际使用名称，待进一步规范
3965,段党参,other_food,,扩展食材,other_food,0,1,review,1,菜谱实际使用名称，待进一步规范
3966,段切段葱,other_food,,扩展食材,other_food,0,1,review,1,菜谱实际使用名称，待进一步规范
3967,段卤猪肠,processed,,扩展食材,processed,0,1,verified,1,加工、半成品、乳制品或饮品
3968,段咸鱼,other_food,,扩展食材,other_food,0,1,review,1,菜谱实际使用名称，待进一步规范
3969,段大葱,other_food,,扩展食材,other_food,0,1,review,31,菜谱实际使用名称，待进一步规范
3970,段大葱段,other_food,,扩展食材,other_food,0,1,review,3,菜谱实际使用名称，待进一步规范
3971,段姜,other_food,,扩展食材,other_food,0,1,review,3,菜谱实际使用名称，待进一步规范
3972,段小葱,other_food,,扩展食材,other_food,0,1,review,2,菜谱实际使用名称，待进一步规范
3973,段小香葱,other_food,,扩展食材,other_food,0,1,review,1,菜谱实际使用名称，待进一步规范
3974,段山药,other_food,,扩展食材,other_food,0,1,review,1,菜谱实际使用名称，待进一步规范
3975,段干辣椒,seasoning,,扩展食材,seasoning,0,1,verified,2,调味料
3976,段春笋,other_food,,扩展食材,other_food,0,1,review,1,菜谱实际使用名称，待进一步规范
3977,段根大葱,other_food,,扩展食材,other_food,0,1,review,1,菜谱实际使用名称，待进一步规范
3978,段根红萝卜,other_food,,扩展食材,other_food,0,1,review,1,菜谱实际使用名称，待进一步规范
3979,段桂皮,seasoning,,扩展食材,seasoning,0,1,verified,10,调味料
3980,段淮山,other_food,,扩展食材,other_food,0,1,review,1,菜谱实际使用名称，待进一步规范
3981,段甘蔗段,other_food,,扩展食材,other_food,0,1,review,1,菜谱实际使用名称，待进一步规范
3982,段红椒,other_food,,扩展食材,other_food,0,1,review,3,菜谱实际使用名称，待进一步规范
3983,段红肠,processed,,扩展食材,processed,0,1,verified,1,加工、半成品、乳制品或饮品
3984,段胡萝卜,other_food,,扩展食材,other_food,0,1,review,11,菜谱实际使用名称，待进一步规范
3985,段芹菜或黄瓜,composite,,扩展食材,composite,0,1,review,1,疑似复合名称，组成未完全确认
3986,段苦肠,processed,,扩展食材,processed,0,1,verified,1,加工、半成品、乳制品或饮品
3987,段草鱼,other_food,,扩展食材,other_food,0,1,review,1,菜谱实际使用名称，待进一步规范
3988,段葱,other_food,,扩展食材,other_food,0,1,review,77,菜谱实际使用名称，待进一步规范
3989,段葱丝,other_food,,扩展食材,other_food,0,1,review,1,菜谱实际使用名称，待进一步规范
3990,段葱头,other_food,,扩展食材,other_food,0,1,review,1,菜谱实际使用名称，待进一步规范
3991,段葱段,other_food,,扩展食材,other_food,0,1,review,16,菜谱实际使用名称，待进一步规范
3992,段葱段白,other_food,,扩展食材,other_food,0,1,review,1,菜谱实际使用名称，待进一步规范
3993,段葱白,other_food,,扩展食材,other_food,0,1,review,22,菜谱实际使用名称，待进一步规范
3994,段葱花,other_food,,扩展食材,other_food,0,1,review,1,菜谱实际使用名称，待进一步规范
3995,段藕,other_food,,扩展食材,other_food,0,1,review,1,菜谱实际使用名称，待进一步规范
3996,段香菜,other_food,,扩展食材,other_food,0,1,review,1,菜谱实际使用名称，待进一步规范
3997,段香葱,other_food,,扩展食材,other_food,0,1,review,1,菜谱实际使用名称，待进一步规范
3998,段鱼段,other_food,,扩展食材,other_food,0,1,review,1,菜谱实际使用名称，待进一步规范
3999,段黄瓜,other_food,,扩展食材,other_food,0,1,review,1,菜谱实际使用名称，待进一步规范
4000,每日坚果,processed,,扩展食材,processed,0,1,verified,2,加工、半成品、乳制品或饮品
4001,每样来点葱姜蒜,other_food,,扩展食材,other_food,0,1,review,1,菜谱实际使用名称，待进一步规范
4002,每种颜色三色彩椒,other_food,,扩展食材,other_food,0,1,review,1,菜谱实际使用名称，待进一步规范
4003,比平常炒菜多一些油,seasoning,,扩展食材,seasoning,0,1,verified,1,调味料
4004,比平时做饭多一点料酒,seasoning,,扩展食材,seasoning,0,1,verified,1,调味料
4005,比平时多一点食油,seasoning,,扩展食材,seasoning,0,1,verified,1,调味料
4006,比炒菜油量稍多一些食油,seasoning,,扩展食材,seasoning,0,1,verified,1,调味料
4007,比目魚,other_food,,扩展食材,other_food,0,1,review,1,菜谱实际使用名称，待进一步规范
4008,比虾仁多一点芹菜,other_food,,扩展食材,other_food,0,1,review,1,菜谱实际使用名称，待进一步规范
4009,毛哥老鸭汤调料包,other_food,,扩展食材,other_food,0,1,review,1,菜谱实际使用名称，待进一步规范
4010,毛哥酸菜鱼料包,processed,,扩展食材,processed,0,1,verified,1,加工、半成品、乳制品或饮品
4011,毛山药,other_food,,扩展食材,other_food,0,1,review,1,菜谱实际使用名称，待进一步规范
4012,毛栗子,other_food,,扩展食材,other_food,0,1,review,1,菜谱实际使用名称，待进一步规范
4013,毛肚,other_food,,扩展食材,other_food,0,1,review,4,菜谱实际使用名称，待进一步规范
4014,毛芋艿,other_food,,扩展食材,other_food,0,1,review,1,菜谱实际使用名称，待进一步规范
4015,毛蟹,other_food,,扩展食材,other_food,0,1,review,1,菜谱实际使用名称，待进一步规范
4016,毛豆/青豆/或者换成黄豆,composite,,扩展食材,composite,0,1,review,1,疑似复合名称，组成未完全确认
4017,毛豆仁,other_food,,扩展食材,other_food,0,1,review,2,菜谱实际使用名称，待进一步规范
4018,毛豆去皮,other_food,,扩展食材,other_food,0,1,review,1,菜谱实际使用名称，待进一步规范
4019,毛豆子,other_food,,扩展食材,other_food,0,1,review,1,菜谱实际使用名称，待进一步规范
4020,毛豆米,other_food,,扩展食材,other_food,0,1,review,5,菜谱实际使用名称，待进一步规范
4021,毛豆籽,other_food,,扩展食材,other_food,0,1,review,1,菜谱实际使用名称，待进一步规范
4022,毛豆粒,other_food,,扩展食材,other_food,0,1,review,2,菜谱实际使用名称，待进一步规范
4023,毛豆腐,processed,,扩展食材,processed,0,1,verified,1,加工、半成品、乳制品或饮品
4024,毛鱼,other_food,,扩展食材,other_food,0,1,review,1,菜谱实际使用名称，待进一步规范
4025,毫克優格,other_food,,扩展食材,other_food,0,1,review,1,菜谱实际使用名称，待进一步规范
4026,毫米水,other_food,,扩展食材,other_food,0,1,review,1,菜谱实际使用名称，待进一步规范
4027,气豆角,other_food,,扩展食材,other_food,0,1,review,1,菜谱实际使用名称，待进一步规范
4028,水,other_food,,扩展食材,other_food,0,1,verified,541,基础用水
4029,水丸子,processed,,扩展食材,processed,0,1,verified,1,加工、半成品、乳制品或饮品
4030,水印草,other_food,,扩展食材,other_food,0,1,review,1,菜谱实际使用名称，待进一步规范
4031,水发八度笋干,processed,,扩展食材,processed,0,1,verified,1,加工、半成品、乳制品或饮品
4032,水发木耳,other_food,,扩展食材,other_food,0,1,review,6,菜谱实际使用名称，待进一步规范
4033,水发海参,other_food,,扩展食材,other_food,0,1,review,2,菜谱实际使用名称，待进一步规范
4034,水发玉兰片,other_food,,扩展食材,other_food,0,1,review,1,菜谱实际使用名称，待进一步规范
4035,水发羊栖菜,other_food,,扩展食材,other_food,0,1,review,1,菜谱实际使用名称，待进一步规范
4036,水发陈皮,other_food,,扩展食材,other_food,0,1,review,1,菜谱实际使用名称，待进一步规范
4037,水发香菇,other_food,,扩展食材,other_food,0,1,review,1,菜谱实际使用名称，待进一步规范
4038,水发鱼翅,processed,,扩展食材,processed,0,1,verified,1,加工、半成品、乳制品或饮品
4039,水怡,other_food,,扩展食材,other_food,0,1,review,1,菜谱实际使用名称，待进一步规范
4040,水或高汤,seasoning,,扩展食材,seasoning,0,1,verified,3,调味料
4041,水晶梨,other_food,,扩展食材,other_food,0,1,review,1,菜谱实际使用名称，待进一步规范
4042,水晶粉,other_food,,扩展食材,other_food,0,1,review,3,菜谱实际使用名称，待进一步规范
4043,水晶锅巴,other_food,,扩展食材,other_food,0,1,review,1,菜谱实际使用名称，待进一步规范
4044,水果,generic,,扩展食材,generic,0,1,review,1,宽泛名称，保留原义而不猜测具体品种
4045,水果椒,other_food,,扩展食材,other_food,0,1,review,1,菜谱实际使用名称，待进一步规范
4046,水果类,other_food,,扩展食材,other_food,0,1,review,1,菜谱实际使用名称，待进一步规范
4047,水果脆瓜,other_food,,扩展食材,other_food,0,1,review,1,菜谱实际使用名称，待进一步规范
4048,水果萝卜,other_food,,扩展食材,other_food,0,1,review,1,菜谱实际使用名称，待进一步规范
4049,水果酸奶奶昔,processed,,扩展食材,processed,0,1,verified,1,加工、半成品、乳制品或饮品
4050,水果黄瓜,other_food,,扩展食材,other_food,0,1,review,3,菜谱实际使用名称，待进一步规范
4051,水淀粉,seasoning,,扩展食材,seasoning,0,1,verified,161,调味料
4052,水淀粉.料酒,seasoning,,扩展食材,seasoning,0,1,verified,1,调味料
4053,水磨年糕,processed,,扩展食材,processed,0,1,verified,3,加工、半成品、乳制品或饮品
4054,水磨糯米粉,processed,,扩展食材,processed,0,1,verified,1,加工、半成品、乳制品或饮品
4055,水稀释开芡粉,other_food,,扩展食材,other_food,0,1,review,1,菜谱实际使用名称，待进一步规范
4056,水笋,other_food,,扩展食材,other_food,0,1,review,1,菜谱实际使用名称，待进一步规范
4057,水粉面,other_food,,扩展食材,other_food,0,1,review,1,菜谱实际使用名称，待进一步规范
4058,水紫菜,other_food,,扩展食材,other_food,0,1,review,1,菜谱实际使用名称，待进一步规范
4059,水芹,other_food,,扩展食材,other_food,0,1,review,1,菜谱实际使用名称，待进一步规范
4060,水蕨菜,other_food,,扩展食材,other_food,0,1,review,1,菜谱实际使用名称，待进一步规范
4061,水豆粉,other_food,,扩展食材,other_food,0,1,review,2,菜谱实际使用名称，待进一步规范
4062,水豆腐,processed,,扩展食材,processed,0,1,verified,7,加工、半成品、乳制品或饮品
4063,水豆豉,seasoning,,扩展食材,seasoning,0,1,verified,1,调味料
4064,水面筋,processed,,扩展食材,processed,0,1,verified,1,加工、半成品、乳制品或饮品
4065,水饺,other_food,,扩展食材,other_food,0,1,review,1,菜谱实际使用名称，待进一步规范
4066,水香菇,other_food,,扩展食材,other_food,0,1,review,1,菜谱实际使用名称，待进一步规范
4067,水鸭,other_food,,扩展食材,other_food,0,1,review,1,菜谱实际使用名称，待进一步规范
4068,永川豆豉,seasoning,,扩展食材,seasoning,0,1,verified,2,调味料
4069,汁,other_food,,扩展食材,other_food,0,1,review,6,菜谱实际使用名称，待进一步规范
4070,江西米粉,processed,,扩展食材,processed,0,1,verified,1,加工、半成品、乳制品或饮品
4071,汤,other_food,,扩展食材,other_food,0,1,review,2,菜谱实际使用名称，待进一步规范
4072,汤勺料酒,seasoning,,扩展食材,seasoning,0,1,verified,1,调味料
4073,汤勺色拉油,seasoning,,扩展食材,seasoning,0,1,verified,1,调味料
4074,汤匙小盐,other_food,,扩展食材,other_food,0,1,review,1,菜谱实际使用名称，待进一步规范
4075,汤匙胡椒粉,other_food,,扩展食材,other_food,0,1,review,1,菜谱实际使用名称，待进一步规范
4076,汤圆,other_food,,扩展食材,other_food,0,1,review,1,菜谱实际使用名称，待进一步规范
4077,汤底,seasoning,,扩展食材,seasoning,0,1,verified,1,调味料
4078,汤排骨,other_food,,扩展食材,other_food,0,1,review,1,菜谱实际使用名称，待进一步规范
4079,汤料,seasoning,,扩展食材,seasoning,0,1,verified,2,调味料
4080,汤汁儿,other_food,,扩展食材,other_food,0,1,review,1,菜谱实际使用名称，待进一步规范
4081,汤骨,other_food,,扩展食材,other_food,0,1,review,2,菜谱实际使用名称，待进一步规范
4082,汤骨或大骨棒,composite,,扩展食材,composite,0,1,review,1,疑似复合名称，组成未完全确认
4083,汤骨或排骨,composite,,扩展食材,composite,0,1,review,1,疑似复合名称，组成未完全确认
4084,沉淀干水豆粉,other_food,,扩展食材,other_food,0,1,review,1,菜谱实际使用名称，待进一步规范
4085,沙参,other_food,,扩展食材,other_food,0,1,review,2,菜谱实际使用名称，待进一步规范
4086,沙巴鱼,other_food,,扩展食材,other_food,0,1,review,1,菜谱实际使用名称，待进一步规范
4087,沙拉,processed,,扩展食材,processed,0,1,verified,1,加工、半成品、乳制品或饮品
4088,沙拉油,seasoning,,扩展食材,seasoning,0,1,verified,2,调味料
4089,沙拉酱,seasoning,,扩展食材,seasoning,0,1,verified,8,调味料
4090,沙拉醋,seasoning,,扩展食材,seasoning,0,1,verified,1,调味料
4091,沙沙口感必备咸鸭蛋黄,processed,,扩展食材,processed,0,1,verified,1,加工、半成品、乳制品或饮品
4092,沙爹酱,seasoning,,扩展食材,seasoning,0,1,verified,3,调味料
4093,沙白,other_food,,扩展食材,other_food,0,1,review,1,菜谱实际使用名称，待进一步规范
4094,沙茶王,other_food,,扩展食材,other_food,0,1,review,1,菜谱实际使用名称，待进一步规范
4095,沙茶粉,other_food,,扩展食材,other_food,0,1,review,1,菜谱实际使用名称，待进一步规范
4096,沙茶酱,seasoning,,扩展食材,seasoning,0,1,verified,35,调味料
4097,沙虫干,other_food,,扩展食材,other_food,0,1,review,1,菜谱实际使用名称，待进一步规范
4098,没不放干海带,other_food,,扩展食材,other_food,0,1,review,1,菜谱实际使用名称，待进一步规范
4099,没也没关系蚝油,seasoning,,扩展食材,seasoning,0,1,verified,1,调味料
4100,没可以熟白芝麻,processed,,扩展食材,processed,0,1,verified,1,加工、半成品、乳制品或饮品
4101,没可以青小米辣,other_food,,扩展食材,other_food,0,1,review,1,菜谱实际使用名称，待进一步规范
4102,没就不放藤椒油,seasoning,,扩展食材,seasoning,0,1,verified,1,调味料
4103,没日本米话少也要是东北大米吧白米饭,processed,,扩展食材,processed,0,1,verified,1,加工、半成品、乳制品或饮品
4104,没红腐乳,other_food,,扩展食材,other_food,0,1,review,1,菜谱实际使用名称，待进一步规范
4105,没辣椒粉,seasoning,,扩展食材,seasoning,0,1,verified,1,调味料
4106,没过五花肉水,other_food,,扩展食材,other_food,0,1,review,1,菜谱实际使用名称，待进一步规范
4107,没过食材水,other_food,,扩展食材,other_food,0,1,review,1,菜谱实际使用名称，待进一步规范
4108,没过鱼身水量水,other_food,,扩展食材,other_food,0,1,review,1,菜谱实际使用名称，待进一步规范
4109,没高汤,other_food,,扩展食材,other_food,0,1,review,1,菜谱实际使用名称，待进一步规范
4110,没鸡粉加黑胡椒粉,other_food,,扩展食材,other_food,0,1,review,1,菜谱实际使用名称，待进一步规范
4111,沫姜,other_food,,扩展食材,other_food,0,1,review,1,菜谱实际使用名称，待进一步规范
4112,河粉,processed,,扩展食材,processed,0,1,verified,3,加工、半成品、乳制品或饮品
4113,河蚌,other_food,,扩展食材,other_food,0,1,review,3,菜谱实际使用名称，待进一步规范
4114,河蚌肉,other_food,,扩展食材,other_food,0,1,review,1,菜谱实际使用名称，待进一步规范
4115,油,seasoning,,扩展食材,seasoning,0,1,verified,1043,调味料
4116,油咖喱,seasoning,,扩展食材,seasoning,0,1,verified,1,调味料
4117,油多放点,other_food,,扩展食材,other_food,0,1,review,1,菜谱实际使用名称，待进一步规范
4118,油多点油,seasoning,,扩展食材,seasoning,0,1,verified,1,调味料
4119,油带鱼,other_food,,扩展食材,other_food,0,1,review,1,菜谱实际使用名称，待进一步规范
4120,油干,other_food,,扩展食材,other_food,0,1,review,1,菜谱实际使用名称，待进一步规范
4121,油条,processed,,扩展食材,processed,0,1,verified,4,加工、半成品、乳制品或饮品
4122,油桃,other_food,,水果,季节数据补充,0,1,review,1,菜谱实际使用名称，待进一步规范
4123,油泡,other_food,,扩展食材,other_food,0,1,review,1,菜谱实际使用名称，待进一步规范
4124,油泼材料,other_food,,扩展食材,other_food,0,1,review,1,菜谱实际使用名称，待进一步规范
4125,油泼辣子,other_food,,扩展食材,other_food,0,1,review,9,菜谱实际使用名称，待进一步规范
4126,油泼辣椒,other_food,,扩展食材,other_food,0,1,review,2,菜谱实际使用名称，待进一步规范
4127,油渣,processed,,扩展食材,processed,0,1,verified,6,加工、半成品、乳制品或饮品
4128,油焖小龙虾料,other_food,,扩展食材,other_food,0,1,review,1,菜谱实际使用名称，待进一步规范
4129,油白菜,other_food,,扩展食材,other_food,0,1,review,2,菜谱实际使用名称，待进一步规范
4130,油盐,seasoning,,扩展食材,seasoning,0,1,verified,10,调味料
4131,油盐料酒,seasoning,,扩展食材,seasoning,0,1,verified,1,调味料
4132,油盐糖,seasoning,,扩展食材,seasoning,0,1,verified,1,调味料
4133,油盐酱油,seasoning,,扩展食材,seasoning,0,1,verified,1,调味料
4134,油盐酱油味精,other_food,,扩展食材,other_food,0,1,review,1,菜谱实际使用名称，待进一步规范
4135,油盐酱油耗油鸡精,other_food,,扩展食材,other_food,0,1,review,1,菜谱实际使用名称，待进一步规范
4136,油膏,other_food,,扩展食材,other_food,0,1,review,1,菜谱实际使用名称，待进一步规范
4137,油菜杆,other_food,,扩展食材,other_food,0,1,review,1,菜谱实际使用名称，待进一步规范
4138,油菜花,other_food,,扩展食材,other_food,0,1,review,1,菜谱实际使用名称，待进一步规范
4139,油菜苔,other_food,,扩展食材,other_food,0,1,review,1,菜谱实际使用名称，待进一步规范
4140,油葱酥,other_food,,扩展食材,other_food,0,1,review,1,菜谱实际使用名称，待进一步规范
4141,油豆泡,processed,,扩展食材,processed,0,1,verified,1,加工、半成品、乳制品或饮品
4142,油豆皮,processed,,扩展食材,processed,0,1,verified,3,加工、半成品、乳制品或饮品
4143,油豆腐,processed,,扩展食材,processed,0,1,verified,30,加工、半成品、乳制品或饮品
4144,油豆腐泡,processed,,扩展食材,processed,0,1,verified,1,加工、半成品、乳制品或饮品
4145,油豆腐片,processed,,扩展食材,processed,0,1,verified,1,加工、半成品、乳制品或饮品
4146,油豆腐皮,processed,,扩展食材,processed,0,1,verified,1,加工、半成品、乳制品或饮品
4147,油辣子,other_food,,扩展食材,other_food,0,1,review,3,菜谱实际使用名称，待进一步规范
4148,油辣椒,seasoning,,扩展食材,seasoning,0,1,verified,4,调味料
4149,油辣椒老干妈,seasoning,,扩展食材,seasoning,0,1,verified,1,调味料
4150,油酥花生,other_food,,扩展食材,other_food,0,1,review,1,菜谱实际使用名称，待进一步规范
4151,油酱油十三香盐,other_food,,扩展食材,other_food,0,1,review,1,菜谱实际使用名称，待进一步规范
4152,油醋汁,seasoning,,扩展食材,seasoning,0,1,verified,2,调味料
4153,油面,other_food,,扩展食材,other_food,0,1,review,1,菜谱实际使用名称，待进一步规范
4154,油面筋,processed,,扩展食材,processed,0,1,verified,4,加工、半成品、乳制品或饮品
4155,油麦菜/生菜,composite,,扩展食材,composite,0,1,review,1,疑似复合名称，组成未完全确认
4156,法式羊排,other_food,,扩展食材,other_food,0,1,review,1,菜谱实际使用名称，待进一步规范
4157,法棍,other_food,,扩展食材,other_food,0,1,review,1,菜谱实际使用名称，待进一步规范
4158,泡仔姜,other_food,,扩展食材,other_food,0,1,review,1,菜谱实际使用名称，待进一步规范
4159,泡冬笋酸笋,processed,,扩展食材,processed,0,1,verified,1,加工、半成品、乳制品或饮品
4160,泡出来做调料小黄姜,other_food,,扩展食材,other_food,0,1,review,1,菜谱实际使用名称，待进一步规范
4161,泡出来可直接吃,other_food,,扩展食材,other_food,0,1,review,1,菜谱实际使用名称，待进一步规范
4162,泡好笋,other_food,,扩展食材,other_food,0,1,review,1,菜谱实际使用名称，待进一步规范
4163,泡好黄豆,other_food,,扩展食材,other_food,0,1,review,1,菜谱实际使用名称，待进一步规范
4164,泡姜,processed,,扩展食材,processed,0,1,verified,25,加工、半成品、乳制品或饮品
4165,泡姜最好姜片,processed,,扩展食材,processed,0,1,verified,1,加工、半成品、乳制品或饮品
4166,泡姜泡辣椒,processed,,扩展食材,processed,0,1,verified,1,加工、半成品、乳制品或饮品
4167,泡嫩姜,other_food,,扩展食材,other_food,0,1,review,1,菜谱实际使用名称，待进一步规范
4168,泡子姜,other_food,,扩展食材,other_food,0,1,review,2,菜谱实际使用名称，待进一步规范
4169,泡小米辣,other_food,,扩展食材,other_food,0,1,review,1,菜谱实际使用名称，待进一步规范
4170,泡山椒,other_food,,扩展食材,other_food,0,1,review,2,菜谱实际使用名称，待进一步规范
4171,泡打粉,seasoning,,扩展食材,seasoning,0,1,verified,8,调味料
4172,泡椒,processed,,扩展食材,processed,0,1,verified,69,加工、半成品、乳制品或饮品
4173,泡椒剁椒,processed,,扩展食材,processed,0,1,verified,1,加工、半成品、乳制品或饮品
4174,泡椒和泡椒水,processed,,扩展食材,processed,0,1,verified,1,加工、半成品、乳制品或饮品
4175,泡椒或豆瓣酱,seasoning,,扩展食材,seasoning,0,1,verified,1,调味料
4176,泡椒或鲜红椒,processed,,扩展食材,processed,0,1,verified,1,加工、半成品、乳制品或饮品
4177,泡椒汁,seasoning,,扩展食材,seasoning,0,1,verified,1,调味料
4178,泡椒泡仔姜,processed,,扩展食材,processed,0,1,verified,1,加工、半成品、乳制品或饮品
4179,泡椒泡姜,processed,,扩展食材,processed,0,1,verified,1,加工、半成品、乳制品或饮品
4180,泡水花椒大料,other_food,,扩展食材,other_food,0,1,review,1,菜谱实际使用名称，待进一步规范
4181,泡海椒,other_food,,扩展食材,other_food,0,1,review,2,菜谱实际使用名称，待进一步规范
4182,泡生姜,other_food,,扩展食材,other_food,0,1,review,2,菜谱实际使用名称，待进一步规范
4183,泡红椒,other_food,,扩展食材,other_food,0,1,review,4,菜谱实际使用名称，待进一步规范
4184,泡红萝卜,other_food,,扩展食材,other_food,0,1,review,1,菜谱实际使用名称，待进一步规范
4185,泡红辣椒,other_food,,扩展食材,other_food,0,1,review,2,菜谱实际使用名称，待进一步规范
4186,泡花椒,other_food,,扩展食材,other_food,0,1,review,1,菜谱实际使用名称，待进一步规范
4187,泡花椒和干花椒,composite,,扩展食材,composite,0,1,review,1,疑似复合名称，组成未完全确认
4188,泡菜,processed,,扩展食材,processed,0,1,verified,22,加工、半成品、乳制品或饮品
4189,泡菜坛,processed,,扩展食材,processed,0,1,verified,1,加工、半成品、乳制品或饮品
4190,泡菜汤,processed,,扩展食材,processed,0,1,verified,1,加工、半成品、乳制品或饮品
4191,泡菜超市买,processed,,扩展食材,processed,0,1,verified,1,加工、半成品、乳制品或饮品
4192,泡萝卜,other_food,,扩展食材,other_food,0,1,review,2,菜谱实际使用名称，待进一步规范
4193,泡蒜,other_food,,扩展食材,other_food,0,1,review,2,菜谱实际使用名称，待进一步规范
4194,泡藠头,other_food,,扩展食材,other_food,0,1,review,1,菜谱实际使用名称，待进一步规范
4195,泡豇豆,other_food,,扩展食材,other_food,0,1,review,11,菜谱实际使用名称，待进一步规范
4196,泡辣椒,processed,,扩展食材,processed,0,1,verified,7,加工、半成品、乳制品或饮品
4197,泡酸菜,processed,,扩展食材,processed,0,1,verified,1,加工、半成品、乳制品或饮品
4198,泡酸萝卜,processed,,扩展食材,processed,0,1,verified,1,加工、半成品、乳制品或饮品
4199,泡野山椒,other_food,,扩展食材,other_food,0,1,review,1,菜谱实际使用名称，待进一步规范
4200,泡青红尖椒,other_food,,扩展食材,other_food,0,1,review,1,菜谱实际使用名称，待进一步规范
4201,泡青红椒,other_food,,扩展食材,other_food,0,1,review,1,菜谱实际使用名称，待进一步规范
4202,泡青菜,other_food,,扩展食材,other_food,0,1,review,1,菜谱实际使用名称，待进一步规范
4203,泡面,other_food,,扩展食材,other_food,0,1,review,2,菜谱实际使用名称，待进一步规范
4204,泡香菇水,other_food,,扩展食材,other_food,0,1,review,3,菜谱实际使用名称，待进一步规范
4205,波士顿龙虾,other_food,,扩展食材,other_food,0,1,review,1,菜谱实际使用名称，待进一步规范
4206,波尼亚细肠,processed,,扩展食材,processed,0,1,verified,1,加工、半成品、乳制品或饮品
4207,波斯小黄瓜,other_food,,扩展食材,other_food,0,1,review,1,菜谱实际使用名称，待进一步规范
4208,波菜,other_food,,扩展食材,other_food,0,1,review,2,菜谱实际使用名称，待进一步规范
4209,泥猛鱼,other_food,,扩展食材,other_food,0,1,review,1,菜谱实际使用名称，待进一步规范
4210,泥蒜,other_food,,扩展食材,other_food,0,1,review,1,菜谱实际使用名称，待进一步规范
4211,泥蒿,other_food,,扩展食材,other_food,0,1,review,1,菜谱实际使用名称，待进一步规范
4212,泥螺,other_food,,扩展食材,other_food,0,1,review,1,菜谱实际使用名称，待进一步规范
4213,注意如果没黄豆酱油,seasoning,,扩展食材,seasoning,0,1,verified,1,调味料
4214,泰国小辣椒,other_food,,扩展食材,other_food,0,1,review,1,菜谱实际使用名称，待进一步规范
4215,泰国红辣椒,other_food,,扩展食材,other_food,0,1,review,1,菜谱实际使用名称，待进一步规范
4216,泰国虾酱,seasoning,,扩展食材,seasoning,0,1,verified,1,调味料
4217,泰式小尖椒,other_food,,扩展食材,other_food,0,1,review,1,菜谱实际使用名称，待进一步规范
4218,泰式甜辣酱,seasoning,,扩展食材,seasoning,0,1,verified,3,调味料
4219,泰式辣椒膏,other_food,,扩展食材,other_food,0,1,review,1,菜谱实际使用名称，待进一步规范
4220,泰式辣椒酱,seasoning,,扩展食材,seasoning,0,1,verified,1,调味料
4221,泰式酸甜酱,seasoning,,扩展食材,seasoning,0,1,verified,1,调味料
4222,泰森煲汤煲鸡骨架,other_food,,扩展食材,other_food,0,1,review,1,菜谱实际使用名称，待进一步规范
4223,泰森鸡里脊肉,other_food,,扩展食材,other_food,0,1,review,1,菜谱实际使用名称，待进一步规范
4224,洋葱丁青椒丁,other_food,,扩展食材,other_food,0,1,review,1,菜谱实际使用名称，待进一步规范
4225,洋葱切丁,other_food,,扩展食材,other_food,0,1,review,1,菜谱实际使用名称，待进一步规范
4226,洋葱切丝,other_food,,扩展食材,other_food,0,1,review,1,菜谱实际使用名称，待进一步规范
4227,洋葱半,other_food,,扩展食材,other_food,0,1,review,2,菜谱实际使用名称，待进一步规范
4228,洋葱块姜片蒜厚片,other_food,,扩展食材,other_food,0,1,review,1,菜谱实际使用名称，待进一步规范
4229,洋葱粉,seasoning,,扩展食材,seasoning,0,1,verified,1,调味料
4230,洋葱🧅,other_food,,扩展食材,other_food,0,1,review,4,菜谱实际使用名称，待进一步规范
4231,洋车前子壳粉,other_food,,扩展食材,other_food,0,1,review,2,菜谱实际使用名称，待进一步规范
4232,洗肚,other_food,,扩展食材,other_food,0,1,review,1,菜谱实际使用名称，待进一步规范
4233,活基围虾,other_food,,扩展食材,other_food,0,1,review,1,菜谱实际使用名称，待进一步规范
4234,活皮虾,other_food,,扩展食材,other_food,0,1,review,1,菜谱实际使用名称，待进一步规范
4235,活虾,other_food,,扩展食材,other_food,0,1,review,6,菜谱实际使用名称，待进一步规范
4236,浅色酱油,seasoning,,扩展食材,seasoning,0,1,verified,5,调味料
4237,浏阳豆豉,seasoning,,扩展食材,seasoning,0,1,verified,1,调味料
4238,浓汤宝,seasoning,,扩展食材,seasoning,0,1,verified,12,调味料
4239,浓汤宝鲜虾靓汤,other_food,,扩展食材,other_food,0,1,review,1,菜谱实际使用名称，待进一步规范
4240,浓缩鸡汁,seasoning,,扩展食材,seasoning,0,1,verified,1,调味料
4241,海刀鱼,other_food,,扩展食材,other_food,0,1,review,1,菜谱实际使用名称，待进一步规范
4242,海南灯笼椒,other_food,,扩展食材,other_food,0,1,review,1,菜谱实际使用名称，待进一步规范
4243,海南灯笼椒酱,seasoning,,扩展食材,seasoning,0,1,verified,2,调味料
4244,海南黄灯笼椒辣椒酱,seasoning,,扩展食材,seasoning,0,1,verified,1,调味料
4245,海南黄灯笼椒酱,seasoning,,扩展食材,seasoning,0,1,verified,1,调味料
4246,海南黄灯笼辣椒酱,seasoning,,扩展食材,seasoning,0,1,verified,1,调味料
4247,海天凉拌酱油,seasoning,,扩展食材,seasoning,0,1,verified,1,调味料
4248,海天味极鲜,seasoning,,扩展食材,seasoning,0,1,verified,1,调味料
4249,海天味极鲜生抽,other_food,,扩展食材,other_food,0,1,review,1,菜谱实际使用名称，待进一步规范
4250,海天味极鲜酱油,seasoning,,扩展食材,seasoning,0,1,verified,2,调味料
4251,海天头道酿造酱油,seasoning,,扩展食材,seasoning,0,1,verified,1,调味料
4252,海天拌饭酱,seasoning,,扩展食材,seasoning,0,1,verified,2,调味料
4253,海天草菇老抽,seasoning,,扩展食材,seasoning,0,1,verified,2,调味料
4254,海天蚝油,seasoning,,扩展食材,seasoning,0,1,verified,1,调味料
4255,海天蚝油汁,other_food,,扩展食材,other_food,0,1,review,1,菜谱实际使用名称，待进一步规范
4256,海天豆瓣酱,seasoning,,扩展食材,seasoning,0,1,verified,3,调味料
4257,海天辣味酱,seasoning,,扩展食材,seasoning,0,1,verified,1,调味料
4258,海天辣黄豆酱,seasoning,,扩展食材,seasoning,0,1,verified,1,调味料
4259,海天酱,seasoning,,扩展食材,seasoning,0,1,verified,1,调味料
4260,海天酱油,seasoning,,扩展食材,seasoning,0,1,verified,1,调味料
4261,海天金标生抽,seasoning,,扩展食材,seasoning,0,1,verified,1,调味料
4262,海天黄豆酱,seasoning,,扩展食材,seasoning,0,1,verified,12,调味料
4263,海带干,other_food,,扩展食材,other_food,0,1,review,1,菜谱实际使用名称，待进一步规范
4264,海带扣,other_food,,扩展食材,other_food,0,1,review,1,菜谱实际使用名称，待进一步规范
4265,海带结,other_food,,扩展食材,other_food,0,1,review,9,菜谱实际使用名称，待进一步规范
4266,海带芽,other_food,,扩展食材,other_food,0,1,review,1,菜谱实际使用名称，待进一步规范
4267,海带苗,other_food,,扩展食材,other_food,0,1,review,1,菜谱实际使用名称，待进一步规范
4268,海带蹄髈汤,other_food,,扩展食材,other_food,0,1,review,1,菜谱实际使用名称，待进一步规范
4269,海底捞卤料,other_food,,扩展食材,other_food,0,1,review,1,菜谱实际使用名称，待进一步规范
4270,海底捞火锅料,other_food,,扩展食材,other_food,0,1,review,1,菜谱实际使用名称，待进一步规范
4271,海底捞牛油麻辣锅底料,other_food,,扩展食材,other_food,0,1,review,1,菜谱实际使用名称，待进一步规范
4272,海底捞番茄火锅底料,other_food,,扩展食材,other_food,0,1,review,2,菜谱实际使用名称，待进一步规范
4273,海底捞番茄香锅底料,other_food,,扩展食材,other_food,0,1,review,1,菜谱实际使用名称，待进一步规范
4274,海底捞酸菜鱼料,processed,,扩展食材,processed,0,1,verified,1,加工、半成品、乳制品或饮品
4275,海底捞酸菜鱼汤料,processed,,扩展食材,processed,0,1,verified,1,加工、半成品、乳制品或饮品
4276,海底捞麻辣调料,seasoning,,扩展食材,seasoning,0,1,verified,1,调味料
4277,海底捞麻辣香锅调料,seasoning,,扩展食材,seasoning,0,1,verified,2,调味料
4278,海底捞麻辣香锅调料包,other_food,,扩展食材,other_food,0,1,review,1,菜谱实际使用名称，待进一步规范
4279,海底椰,other_food,,扩展食材,other_food,0,1,review,2,菜谱实际使用名称，待进一步规范
4280,海底椰皇,other_food,,扩展食材,other_food,0,1,review,1,菜谱实际使用名称，待进一步规范
4281,海椒面,other_food,,扩展食材,other_food,0,1,review,1,菜谱实际使用名称，待进一步规范
4282,海灵菇,other_food,,扩展食材,other_food,0,1,review,1,菜谱实际使用名称，待进一步规范
4283,海瓜子,other_food,,扩展食材,other_food,0,1,review,2,菜谱实际使用名称，待进一步规范
4284,海白,other_food,,扩展食材,other_food,0,1,review,1,菜谱实际使用名称，待进一步规范
4285,海白虾,other_food,,扩展食材,other_food,0,1,review,1,菜谱实际使用名称，待进一步规范
4286,海盐,seasoning,,扩展食材,seasoning,0,1,verified,25,调味料
4287,海盐黑胡椒蒜粉,other_food,,扩展食材,other_food,0,1,review,1,菜谱实际使用名称，待进一步规范
4288,海米,processed,,扩展食材,processed,0,1,verified,30,加工、半成品、乳制品或饮品
4289,海米或者虾皮,processed,,扩展食材,processed,0,1,verified,1,加工、半成品、乳制品或饮品
4290,海罗非鱼,other_food,,扩展食材,other_food,0,1,review,1,菜谱实际使用名称，待进一步规范
4291,海肠,processed,,扩展食材,processed,0,1,verified,1,加工、半成品、乳制品或饮品
4292,海胆,other_food,,扩展食材,other_food,0,1,review,1,菜谱实际使用名称，待进一步规范
4293,海苔,processed,,扩展食材,processed,0,1,verified,9,加工、半成品、乳制品或饮品
4294,海苔丝,processed,,扩展食材,processed,0,1,verified,1,加工、半成品、乳制品或饮品
4295,海苔碎,processed,,扩展食材,processed,0,1,verified,3,加工、半成品、乳制品或饮品
4296,海茸,other_food,,扩展食材,other_food,0,1,review,1,菜谱实际使用名称，待进一步规范
4297,海虹,other_food,,扩展食材,other_food,0,1,review,1,菜谱实际使用名称，待进一步规范
4298,海虾皮,processed,,扩展食材,processed,0,1,verified,1,加工、半成品、乳制品或饮品
4299,海蛎,other_food,,扩展食材,other_food,0,1,review,2,菜谱实际使用名称，待进一步规范
4300,海蛎干干贝虾干,processed,,扩展食材,processed,0,1,verified,1,加工、半成品、乳制品或饮品
4301,海蛏,other_food,,扩展食材,other_food,0,1,review,1,菜谱实际使用名称，待进一步规范
4302,海蜇丝,other_food,,扩展食材,other_food,0,1,review,1,菜谱实际使用名称，待进一步规范
4303,海蜇皮,other_food,,扩展食材,other_food,0,1,review,1,菜谱实际使用名称，待进一步规范
4304,海螺,other_food,,扩展食材,other_food,0,1,review,5,菜谱实际使用名称，待进一步规范
4305,海鱼,other_food,,扩展食材,other_food,0,1,review,1,菜谱实际使用名称，待进一步规范
4306,海鲈鱼🐟,other_food,,扩展食材,other_food,0,1,review,1,菜谱实际使用名称，待进一步规范
4307,海鲜,generic,,扩展食材,generic,0,1,review,1,宽泛名称，保留原义而不猜测具体品种
4308,海鲜杂烩,other_food,,扩展食材,other_food,0,1,review,1,菜谱实际使用名称，待进一步规范
4309,海鲜汁,seasoning,,扩展食材,seasoning,0,1,verified,2,调味料
4310,海鲜类,other_food,,扩展食材,other_food,0,1,review,1,菜谱实际使用名称，待进一步规范
4311,海鲜粥,processed,,扩展食材,processed,0,1,verified,1,加工、半成品、乳制品或饮品
4312,海鲜肉,other_food,,扩展食材,other_food,0,1,review,1,菜谱实际使用名称，待进一步规范
4313,海鲜葱油,seasoning,,扩展食材,seasoning,0,1,verified,1,调味料
4314,海鲜蒸鱼豉油,seasoning,,扩展食材,seasoning,0,1,verified,1,调味料
4315,海鲜酱,seasoning,,扩展食材,seasoning,0,1,verified,11,调味料
4316,海鲜酱或者蚝油,seasoning,,扩展食材,seasoning,0,1,verified,1,调味料
4317,海鲜酱汁,seasoning,,扩展食材,seasoning,0,1,verified,1,调味料
4318,海鲜酱油,seasoning,,扩展食材,seasoning,0,1,verified,29,调味料
4319,海麻雀,other_food,,扩展食材,other_food,0,1,review,1,菜谱实际使用名称，待进一步规范
4320,涪陵榨菜,other_food,,扩展食材,other_food,0,1,review,1,菜谱实际使用名称，待进一步规范
4321,淀粉,processed,,扩展食材,processed,0,1,verified,1021,加工、半成品、乳制品或饮品
4322,淀粉/米粉,processed,,扩展食材,processed,0,1,verified,1,加工、半成品、乳制品或饮品
4323,淀粉/食小苏打,processed,,扩展食材,processed,0,1,verified,1,加工、半成品、乳制品或饮品
4324,淀粉兑一碗底水水淀粉,processed,,扩展食材,processed,0,1,verified,1,加工、半成品、乳制品或饮品
4325,淀粉或葛粉,processed,,扩展食材,processed,0,1,verified,1,加工、半成品、乳制品或饮品
4326,淀粉橄榄油胡椒粉,processed,,扩展食材,processed,0,1,verified,1,加工、半成品、乳制品或饮品
4327,淀粉水,seasoning,,扩展食材,seasoning,0,1,verified,11,调味料
4328,淘大蒸鱼豉油,seasoning,,扩展食材,seasoning,0,1,verified,1,调味料
4329,淘米水,other_food,,扩展食材,other_food,0,1,review,1,菜谱实际使用名称，待进一步规范
4330,淡口酱油,seasoning,,扩展食材,seasoning,0,1,verified,1,调味料
4331,淡奶,processed,,扩展食材,processed,0,1,verified,1,加工、半成品、乳制品或饮品
4332,淡奶油,seasoning,,扩展食材,seasoning,0,1,verified,4,调味料
4333,淡干瑶柱,other_food,,扩展食材,other_food,0,1,review,1,菜谱实际使用名称，待进一步规范
4334,淡干虾米,processed,,扩展食材,processed,0,1,verified,1,加工、半成品、乳制品或饮品
4335,淡干鱿鱼头,other_food,,扩展食材,other_food,0,1,review,1,菜谱实际使用名称，待进一步规范
4336,淡水鲈鱼,other_food,,扩展食材,other_food,0,1,review,1,菜谱实际使用名称，待进一步规范
4337,淡盐酱油,seasoning,,扩展食材,seasoning,0,1,verified,1,调味料
4338,淡笋干,processed,,扩展食材,processed,0,1,verified,1,加工、半成品、乳制品或饮品
4339,淡酱油,seasoning,,扩展食材,seasoning,0,1,verified,3,调味料
4340,淡黄油,seasoning,,扩展食材,seasoning,0,1,verified,1,调味料
4341,淮山,other_food,,扩展食材,other_food,0,1,review,8,菜谱实际使用名称，待进一步规范
4342,淮山又名山药,other_food,,扩展食材,other_food,0,1,review,1,菜谱实际使用名称，待进一步规范
4343,淮山片,other_food,,扩展食材,other_food,0,1,review,1,菜谱实际使用名称，待进一步规范
4344,淮山药,other_food,,扩展食材,other_food,0,1,review,2,菜谱实际使用名称，待进一步规范
4345,淮山面,other_food,,扩展食材,other_food,0,1,review,1,菜谱实际使用名称，待进一步规范
4346,混合备,generic,,扩展食材,generic,0,1,review,1,宽泛名称，保留原义而不猜测具体品种
4347,混合油,seasoning,,扩展食材,seasoning,0,1,verified,2,调味料
4348,混合豉汁料,generic,,扩展食材,generic,0,1,review,1,宽泛名称，保留原义而不猜测具体品种
4349,淹过牛肉即可水,other_food,,扩展食材,other_food,0,1,review,1,菜谱实际使用名称，待进一步规范
4350,清江鱼,other_food,,扩展食材,other_food,0,1,review,3,菜谱实际使用名称，待进一步规范
4351,清汤,other_food,,扩展食材,other_food,0,1,review,3,菜谱实际使用名称，待进一步规范
4352,清油,seasoning,,扩展食材,seasoning,0,1,verified,5,调味料
4353,清炒可不准备糖醋生抽勾芡,other_food,,扩展食材,other_food,0,1,review,1,菜谱实际使用名称，待进一步规范
4354,清美嫩豆腐,processed,,扩展食材,processed,0,1,verified,1,加工、半成品、乳制品或饮品
4355,清美小油面筋,processed,,扩展食材,processed,0,1,verified,1,加工、半成品、乳制品或饮品
4356,清补凉,other_food,,扩展食材,other_food,0,1,review,1,菜谱实际使用名称，待进一步规范
4357,清远鸡,other_food,,扩展食材,other_food,0,1,review,1,菜谱实际使用名称，待进一步规范
4358,清酒,seasoning,,扩展食材,seasoning,0,1,verified,6,调味料
4359,渣海椒,other_food,,扩展食材,other_food,0,1,review,2,菜谱实际使用名称，待进一步规范
4360,温开水,other_food,,扩展食材,other_food,0,1,review,2,菜谱实际使用名称，待进一步规范
4361,温水,other_food,,扩展食材,other_food,0,1,review,23,菜谱实际使用名称，待进一步规范
4362,温热水,other_food,,扩展食材,other_food,0,1,review,1,菜谱实际使用名称，待进一步规范
4363,游鱼,other_food,,扩展食材,other_food,0,1,review,1,菜谱实际使用名称，待进一步规范
4364,湖南椒,other_food,,扩展食材,other_food,0,1,review,2,菜谱实际使用名称，待进一步规范
4365,湖南线椒,other_food,,扩展食材,other_food,0,1,review,1,菜谱实际使用名称，待进一步规范
4366,湖南老谭酱油,seasoning,,扩展食材,seasoning,0,1,verified,1,调味料
4367,湖南腊肉/五花肉,processed,,扩展食材,processed,0,1,verified,1,加工、半成品、乳制品或饮品
4368,湯匙水,other_food,,扩展食材,other_food,0,1,review,1,菜谱实际使用名称，待进一步规范
4369,湯匙油,seasoning,,扩展食材,seasoning,0,1,verified,1,调味料
4370,湿料,other_food,,扩展食材,other_food,0,1,review,1,菜谱实际使用名称，待进一步规范
4371,湿淀粉,seasoning,,扩展食材,seasoning,0,1,verified,5,调味料
4372,湿生粉,other_food,,扩展食材,other_food,0,1,review,1,菜谱实际使用名称，待进一步规范
4373,湿豆皮,processed,,扩展食材,processed,0,1,verified,1,加工、半成品、乳制品或饮品
4374,湿香菇,other_food,,扩展食材,other_food,0,1,review,1,菜谱实际使用名称，待进一步规范
4375,溏心蛋原料,other_food,,扩展食材,other_food,0,1,review,1,菜谱实际使用名称，待进一步规范
4376,滑子菇,other_food,,扩展食材,other_food,0,1,review,1,菜谱实际使用名称，待进一步规范
4377,滑豆腐,processed,,扩展食材,processed,0,1,verified,1,加工、半成品、乳制品或饮品
4378,滚烫油辣椒油,seasoning,,扩展食材,seasoning,0,1,verified,1,调味料
4379,满勺郫县豆瓣酱,seasoning,,扩展食材,seasoning,0,1,verified,1,调味料
4380,满满子豆角,other_food,,扩展食材,other_food,0,1,review,1,菜谱实际使用名称，待进一步规范
4381,满满挖柱侯酱,seasoning,,扩展食材,seasoning,0,1,verified,1,调味料
4382,滤勺,other_food,,扩展食材,other_food,0,1,review,1,菜谱实际使用名称，待进一步规范
4383,潮州豆酱,seasoning,,扩展食材,seasoning,0,1,verified,1,调味料
4384,潮州辣椒油,seasoning,,扩展食材,seasoning,0,1,verified,1,调味料
4385,潮式甜腊肠,processed,,扩展食材,processed,0,1,verified,1,加工、半成品、乳制品或饮品
4386,潮汕咸菜,processed,,扩展食材,processed,0,1,verified,3,加工、半成品、乳制品或饮品
4387,潮汕肉卷,other_food,,扩展食材,other_food,0,1,review,1,菜谱实际使用名称，待进一步规范
4388,潮汕鱼露,other_food,,扩展食材,other_food,0,1,review,1,菜谱实际使用名称，待进一步规范
4389,澄粉,other_food,,扩展食材,other_food,0,1,review,2,菜谱实际使用名称，待进一步规范
4390,澄面,other_food,,扩展食材,other_food,0,1,review,2,菜谱实际使用名称，待进一步规范
4391,澳洲牛肋条肉,other_food,,扩展食材,other_food,0,1,review,1,菜谱实际使用名称，待进一步规范
4392,濑尿虾,other_food,,扩展食材,other_food,0,1,review,1,菜谱实际使用名称，待进一步规范
4393,火腿,processed,,扩展食材,processed,0,1,verified,58,加工、半成品、乳制品或饮品
4394,火腿/腊肉,processed,,扩展食材,processed,0,1,verified,1,加工、半成品、乳制品或饮品
4395,火腿干,processed,,扩展食材,processed,0,1,verified,1,加工、半成品、乳制品或饮品
4396,火腿片,processed,,扩展食材,processed,0,1,verified,3,加工、半成品、乳制品或饮品
4397,火腿粒,processed,,扩展食材,processed,0,1,verified,2,加工、半成品、乳制品或饮品
4398,火腿肉,processed,,扩展食材,processed,0,1,verified,2,加工、半成品、乳制品或饮品
4399,火腿肉片,processed,,扩展食材,processed,0,1,verified,1,加工、半成品、乳制品或饮品
4400,火腿肠,processed,,扩展食材,processed,0,1,verified,74,加工、半成品、乳制品或饮品
4401,火腿肠/肉花肠,processed,,扩展食材,processed,0,1,verified,1,加工、半成品、乳制品或饮品
4402,火腿肠或火腿片,processed,,扩展食材,processed,0,1,verified,1,加工、半成品、乳制品或饮品
4403,火腿腿,processed,,扩展食材,processed,0,1,verified,1,加工、半成品、乳制品或饮品
4404,火锅丸子,processed,,扩展食材,processed,0,1,verified,2,加工、半成品、乳制品或饮品
4405,火锅底料,seasoning,,扩展食材,seasoning,0,1,verified,25,调味料
4406,火锅底料辣牛油最好,other_food,,扩展食材,other_food,0,1,review,1,菜谱实际使用名称，待进一步规范
4407,火锅底料🍲,other_food,,扩展食材,other_food,0,1,review,1,菜谱实际使用名称，待进一步规范
4408,火锅料,other_food,,扩展食材,other_food,0,1,review,3,菜谱实际使用名称，待进一步规范
4409,火锅牛肉片,other_food,,扩展食材,other_food,0,1,review,1,菜谱实际使用名称，待进一步规范
4410,火锅粉,other_food,,扩展食材,other_food,0,1,review,1,菜谱实际使用名称，待进一步规范
4411,灯心草,other_food,,扩展食材,other_food,0,1,review,1,菜谱实际使用名称，待进一步规范
4412,灯泡椒,processed,,扩展食材,processed,0,1,verified,1,加工、半成品、乳制品或饮品
4413,灰鲢,other_food,,扩展食材,other_food,0,1,review,1,菜谱实际使用名称，待进一步规范
4414,灵芝,other_food,,扩展食材,other_food,0,1,review,2,菜谱实际使用名称，待进一步规范
4415,灵魂广西酸竹笋,other_food,,扩展食材,other_food,0,1,review,1,菜谱实际使用名称，待进一步规范
4416,灵魂豆豉,other_food,,扩展食材,other_food,0,1,review,1,菜谱实际使用名称，待进一步规范
4417,灵魂酱汁,seasoning,,扩展食材,seasoning,0,1,verified,1,调味料
4418,灵魂酱汁⬇️,other_food,,扩展食材,other_food,0,1,review,1,菜谱实际使用名称，待进一步规范
4419,炒制时料,other_food,,扩展食材,other_food,0,1,review,1,菜谱实际使用名称，待进一步规范
4420,炒制牛肉丝,other_food,,扩展食材,other_food,0,1,review,1,菜谱实际使用名称，待进一步规范
4421,炒制牛肉时,other_food,,扩展食材,other_food,0,1,review,1,菜谱实际使用名称，待进一步规范
4422,炒制调料,seasoning,,扩展食材,seasoning,0,1,verified,2,调味料
4423,炒勺日式烧肉汁,other_food,,扩展食材,other_food,0,1,review,1,菜谱实际使用名称，待进一步规范
4424,炒勺油,seasoning,,扩展食材,seasoning,0,1,verified,1,调味料
4425,炒合菜材料,other_food,,扩展食材,other_food,0,1,review,1,菜谱实际使用名称，待进一步规范
4426,炒好牛肉块,other_food,,扩展食材,other_food,0,1,review,1,菜谱实际使用名称，待进一步规范
4427,炒好羊肉,other_food,,扩展食材,other_food,0,1,review,1,菜谱实际使用名称，待进一步规范
4428,炒工艺,other_food,,扩展食材,other_food,0,1,review,1,菜谱实际使用名称，待进一步规范
4429,炒年糕调料包,processed,,扩展食材,processed,0,1,verified,1,加工、半成品、乳制品或饮品
4430,炒料,other_food,,扩展食材,other_food,0,1,review,1,菜谱实际使用名称，待进一步规范
4431,炒白芝麻,other_food,,扩展食材,other_food,0,1,review,1,菜谱实际使用名称，待进一步规范
4432,炒草头,other_food,,扩展食材,other_food,0,1,review,1,菜谱实际使用名称，待进一步规范
4433,炒菜勺料酒,seasoning,,扩展食材,seasoning,0,1,verified,1,调味料
4434,炒菜油,seasoning,,扩展食材,seasoning,0,1,verified,2,调味料
4435,炒面,other_food,,扩展食材,other_food,0,1,review,2,菜谱实际使用名称，待进一步规范
4436,炒香白芝麻,other_food,,扩展食材,other_food,0,1,review,2,菜谱实际使用名称，待进一步规范
4437,炒鸡丁,other_food,,扩展食材,other_food,0,1,review,1,菜谱实际使用名称，待进一步规范
4438,炖丸子水,processed,,扩展食材,processed,0,1,verified,1,加工、半成品、乳制品或饮品
4439,炖排骨料包,other_food,,扩展食材,other_food,0,1,review,1,菜谱实际使用名称，待进一步规范
4440,炖汤,other_food,,扩展食材,other_food,0,1,review,1,菜谱实际使用名称，待进一步规范
4441,炖肉包,other_food,,扩展食材,other_food,0,1,review,1,菜谱实际使用名称，待进一步规范
4442,炖肉料,other_food,,扩展食材,other_food,0,1,review,2,菜谱实际使用名称，待进一步规范
4443,炖肉调料包,seasoning,,扩展食材,seasoning,0,1,verified,1,调味料
4444,炖肉香料,other_food,,扩展食材,other_food,0,1,review,1,菜谱实际使用名称，待进一步规范
4445,炖鱼调料🧂,other_food,,扩展食材,other_food,0,1,review,1,菜谱实际使用名称，待进一步规范
4446,炖鸡料,other_food,,扩展食材,other_food,0,1,review,1,菜谱实际使用名称，待进一步规范
4447,炝锅花椒粒,other_food,,扩展食材,other_food,0,1,review,1,菜谱实际使用名称，待进一步规范
4448,炝锅葱姜,other_food,,扩展食材,other_food,0,1,review,2,菜谱实际使用名称，待进一步规范
4449,炭烤腰果,other_food,,扩展食材,other_food,0,1,review,1,菜谱实际使用名称，待进一步规范
4450,炸丸子量食油,seasoning,,扩展食材,seasoning,0,1,verified,1,调味料
4451,炸小肉丸,processed,,扩展食材,processed,0,1,verified,1,加工、半成品、乳制品或饮品
4452,炸小酥肉,other_food,,扩展食材,other_food,0,1,review,1,菜谱实际使用名称，待进一步规范
4453,炸油,seasoning,,扩展食材,seasoning,0,1,verified,1,调味料
4454,炸红葱头,other_food,,扩展食材,other_food,0,1,review,1,菜谱实际使用名称，待进一步规范
4455,炸胡椒,other_food,,扩展食材,other_food,0,1,review,1,菜谱实际使用名称，待进一步规范
4456,炸腐竹,processed,,扩展食材,processed,0,1,verified,2,加工、半成品、乳制品或饮品
4457,炸花生,other_food,,扩展食材,other_food,0,1,review,1,菜谱实际使用名称，待进一步规范
4458,炸葱酥,other_food,,扩展食材,other_food,0,1,review,1,菜谱实际使用名称，待进一步规范
4459,炸蒜片,other_food,,扩展食材,other_food,0,1,review,1,菜谱实际使用名称，待进一步规范
4460,炸豆腐,processed,,扩展食材,processed,0,1,verified,3,加工、半成品、乳制品或饮品
4461,炸豆腐泡,processed,,扩展食材,processed,0,1,verified,1,加工、半成品、乳制品或饮品
4462,炸辣椒油,seasoning,,扩展食材,seasoning,0,1,verified,1,调味料
4463,炸鱼饼,processed,,扩展食材,processed,0,1,verified,1,加工、半成品、乳制品或饮品
4464,炸鸡粉,seasoning,,扩展食材,seasoning,0,1,verified,2,调味料
4465,炸鸡裹粉,other_food,,扩展食材,other_food,0,1,review,2,菜谱实际使用名称，待进一步规范
4466,点,other_food,,扩展食材,other_food,0,1,review,2,菜谱实际使用名称，待进一步规范
4467,点/可省略香草精/粉,composite,,扩展食材,composite,0,1,review,1,疑似复合名称，组成未完全确认
4468,点也可不放生抽,other_food,,扩展食材,other_food,0,1,review,1,菜谱实际使用名称，待进一步规范
4469,点五香粉,seasoning,,扩展食材,seasoning,0,1,verified,4,调味料
4470,点克盐,other_food,,扩展食材,other_food,0,1,review,1,菜谱实际使用名称，待进一步规范
4471,点克糖,other_food,,扩展食材,other_food,0,1,review,1,菜谱实际使用名称，待进一步规范
4472,点十三香,seasoning,,扩展食材,seasoning,0,1,verified,1,调味料
4473,点去腥醋,seasoning,,扩展食材,seasoning,0,1,verified,1,调味料
4474,点吃剩柚子或橘子皮末末,composite,,扩展食材,composite,0,1,review,1,疑似复合名称，组成未完全确认
4475,点后面加,other_food,,扩展食材,other_food,0,1,review,1,菜谱实际使用名称，待进一步规范
4476,点味精,other_food,,扩展食材,other_food,0,1,review,2,菜谱实际使用名称，待进一步规范
4477,点咸肉,processed,,扩展食材,processed,0,1,verified,1,加工、半成品、乳制品或饮品
4478,点姜末,other_food,,扩展食材,other_food,0,1,review,1,菜谱实际使用名称，待进一步规范
4479,点小磨油,seasoning,,扩展食材,seasoning,0,1,verified,1,调味料
4480,点小苏打,seasoning,,扩展食材,seasoning,0,1,verified,1,调味料
4481,点就可以了肉末,other_food,,扩展食材,other_food,0,1,review,1,菜谱实际使用名称，待进一步规范
4482,点就可酱油,seasoning,,扩展食材,seasoning,0,1,verified,1,调味料
4483,点就行胡椒粉,other_food,,扩展食材,other_food,0,1,review,1,菜谱实际使用名称，待进一步规范
4484,点料酒,seasoning,,扩展食材,seasoning,0,1,verified,2,调味料
4485,点植物油,seasoning,,扩展食材,seasoning,0,1,verified,1,调味料
4486,点水,other_food,,扩展食材,other_food,0,1,review,1,菜谱实际使用名称，待进一步规范
4487,点水淀粉,processed,,扩展食材,processed,0,1,verified,2,加工、半成品、乳制品或饮品
4488,点油,seasoning,,扩展食材,seasoning,0,1,verified,3,调味料
4489,点海蜇,other_food,,扩展食材,other_food,0,1,review,1,菜谱实际使用名称，待进一步规范
4490,点海鲜酱油,seasoning,,扩展食材,seasoning,0,1,verified,1,调味料
4491,点淀粉,seasoning,,扩展食材,seasoning,0,1,verified,2,调味料
4492,点火锅底料,other_food,,扩展食材,other_food,0,1,review,1,菜谱实际使用名称，待进一步规范
4493,点点点味精,other_food,,扩展食材,other_food,0,1,review,1,菜谱实际使用名称，待进一步规范
4494,点点白糖,other_food,,扩展食材,other_food,0,1,review,1,菜谱实际使用名称，待进一步规范
4495,点点白胡椒粉,other_food,,扩展食材,other_food,0,1,review,2,菜谱实际使用名称，待进一步规范
4496,点点醋,seasoning,,扩展食材,seasoning,0,1,verified,1,调味料
4497,点点鸡精,other_food,,扩展食材,other_food,0,1,review,2,菜谱实际使用名称，待进一步规范
4498,点熟芝麻,processed,,扩展食材,processed,0,1,verified,1,加工、半成品、乳制品或饮品
4499,点生抽,seasoning,,扩展食材,seasoning,0,1,verified,5,调味料
4500,点白砂糖,seasoning,,扩展食材,seasoning,0,1,verified,1,调味料
4501,点白糖,seasoning,,扩展食材,seasoning,0,1,verified,7,调味料
4502,点白胡椒,seasoning,,扩展食材,seasoning,0,1,verified,1,调味料
4503,点白胡椒粉,seasoning,,扩展食材,seasoning,0,1,verified,6,调味料
4504,点白酒,seasoning,,扩展食材,seasoning,0,1,verified,1,调味料
4505,点白醋,seasoning,,扩展食材,seasoning,0,1,verified,2,调味料
4506,点盐,seasoning,,扩展食材,seasoning,0,1,verified,18,调味料
4507,点盐鸡精糖,other_food,,扩展食材,other_food,0,1,review,1,菜谱实际使用名称，待进一步规范
4508,点看口味啦白醋,seasoning,,扩展食材,seasoning,0,1,verified,1,调味料
4509,点糖,other_food,,扩展食材,other_food,0,1,review,22,菜谱实际使用名称，待进一步规范
4510,点缀小红尖椒,other_food,,扩展食材,other_food,0,1,review,1,菜谱实际使用名称，待进一步规范
4511,点缀小葱,other_food,,扩展食材,other_food,0,1,review,1,菜谱实际使用名称，待进一步规范
4512,点缀胡萝卜,other_food,,扩展食材,other_food,0,1,review,1,菜谱实际使用名称，待进一步规范
4513,点缀葱花,other_food,,扩展食材,other_food,0,1,review,1,菜谱实际使用名称，待进一步规范
4514,点缀香菜,other_food,,扩展食材,other_food,0,1,review,1,菜谱实际使用名称，待进一步规范
4515,点缀香菜或小香葱,composite,,扩展食材,composite,0,1,review,1,疑似复合名称，组成未完全确认
4516,点老抽,other_food,,扩展食材,other_food,0,1,review,8,菜谱实际使用名称，待进一步规范
4517,点耗油,seasoning,,扩展食材,seasoning,0,1,verified,2,调味料
4518,点胡椒粉,other_food,,扩展食材,other_food,0,1,review,2,菜谱实际使用名称，待进一步规范
4519,点胡椒面,other_food,,扩展食材,other_food,0,1,review,1,菜谱实际使用名称，待进一步规范
4520,点胡萝卜,other_food,,扩展食材,other_food,0,1,review,1,菜谱实际使用名称，待进一步规范
4521,点自制混合香料,generic,,扩展食材,generic,0,1,review,1,宽泛名称，保留原义而不猜测具体品种
4522,点芝麻油,seasoning,,扩展食材,seasoning,0,1,verified,1,调味料
4523,点花椒粉,seasoning,,扩展食材,seasoning,0,1,verified,2,调味料
4524,点花生米,other_food,,扩展食材,other_food,0,1,review,1,菜谱实际使用名称，待进一步规范
4525,点菜籽油,seasoning,,扩展食材,seasoning,0,1,verified,1,调味料
4526,点蒸鱼豉油,seasoning,,扩展食材,seasoning,0,1,verified,1,调味料
4527,点蚝油,seasoning,,扩展食材,seasoning,0,1,verified,3,调味料
4528,点调味白糖,other_food,,扩展食材,other_food,0,1,review,1,菜谱实际使用名称，待进一步规范
4529,点豆豉,seasoning,,扩展食材,seasoning,0,1,verified,1,调味料
4530,点酱油,seasoning,,扩展食材,seasoning,0,1,verified,3,调味料
4531,点酿造白醋/米醋,seasoning,,扩展食材,seasoning,0,1,verified,1,调味料
4532,点醋,seasoning,,扩展食材,seasoning,0,1,verified,1,调味料
4533,点陈皮,other_food,,扩展食材,other_food,0,1,review,1,菜谱实际使用名称，待进一步规范
4534,点食油,seasoning,,扩展食材,seasoning,0,1,verified,1,调味料
4535,点香油,seasoning,,扩展食材,seasoning,0,1,verified,1,调味料
4536,点香菇丝,other_food,,扩展食材,other_food,0,1,review,1,菜谱实际使用名称，待进一步规范
4537,点香醋,seasoning,,扩展食材,seasoning,0,1,verified,3,调味料
4538,点鸡精,other_food,,扩展食材,other_food,0,1,review,8,菜谱实际使用名称，待进一步规范
4539,点麻油,seasoning,,扩展食材,seasoning,0,1,verified,2,调味料
4540,点黄油,seasoning,,扩展食材,seasoning,0,1,verified,1,调味料
4541,点黑胡椒粉,seasoning,,扩展食材,seasoning,0,1,verified,2,调味料
4542,炼乳,processed,,扩展食材,processed,0,1,verified,3,加工、半成品、乳制品或饮品
4543,炼奶,processed,,扩展食材,processed,0,1,verified,2,加工、半成品、乳制品或饮品
4544,烙饼,other_food,,扩展食材,other_food,0,1,review,2,菜谱实际使用名称，待进一步规范
4545,烟熏三文鱼,processed,,扩展食材,processed,0,1,verified,1,加工、半成品、乳制品或饮品
4546,烟熏培根,processed,,扩展食材,processed,0,1,verified,1,加工、半成品、乳制品或饮品
4547,烟熏腊,processed,,扩展食材,processed,0,1,verified,1,加工、半成品、乳制品或饮品
4548,烟笋,other_food,,扩展食材,other_food,0,1,review,2,菜谱实际使用名称，待进一步规范
4549,烤三文鱼周二早餐,other_food,,扩展食材,other_food,0,1,review,1,菜谱实际使用名称，待进一步规范
4550,烤夫,other_food,,扩展食材,other_food,0,1,review,1,菜谱实际使用名称，待进一步规范
4551,烤牛骨肉,other_food,,扩展食材,other_food,0,1,review,1,菜谱实际使用名称，待进一步规范
4552,烤肉酱,seasoning,,扩展食材,seasoning,0,1,verified,2,调味料
4553,烤肠,processed,,扩展食材,processed,0,1,verified,3,加工、半成品、乳制品或饮品
4554,烤饼,other_food,,扩展食材,other_food,0,1,review,1,菜谱实际使用名称，待进一步规范
4555,烤鸡料,processed,,扩展食材,processed,0,1,verified,1,加工、半成品、乳制品或饮品
4556,烤鸡翅奥尔良腌料,processed,,扩展食材,processed,0,1,verified,1,加工、半成品、乳制品或饮品
4557,烤鸭卤汁,processed,,扩展食材,processed,0,1,verified,1,加工、半成品、乳制品或饮品
4558,烧开清水,other_food,,扩展食材,other_food,0,1,review,1,菜谱实际使用名称，待进一步规范
4559,烧烤撒料,other_food,,扩展食材,other_food,0,1,review,1,菜谱实际使用名称，待进一步规范
4560,烧烤料,other_food,,扩展食材,other_food,0,1,review,9,菜谱实际使用名称，待进一步规范
4561,烧烤汁,seasoning,,扩展食材,seasoning,0,1,verified,1,调味料
4562,烧烤粉,other_food,,扩展食材,other_food,0,1,review,1,菜谱实际使用名称，待进一步规范
4563,烧烤酱,seasoning,,扩展食材,seasoning,0,1,verified,4,调味料
4564,烧猪肉,other_food,,扩展食材,other_food,0,1,review,1,菜谱实际使用名称，待进一步规范
4565,烧猪骨,other_food,,扩展食材,other_food,0,1,review,1,菜谱实际使用名称，待进一步规范
4566,烧肉,processed,,扩展食材,processed,0,1,verified,1,加工、半成品、乳制品或饮品
4567,烧酒,seasoning,,扩展食材,seasoning,0,1,verified,1,调味料
4568,烧醋,seasoning,,扩展食材,seasoning,0,1,verified,1,调味料
4569,烧鸡公调料,seasoning,,扩展食材,seasoning,0,1,verified,1,调味料
4570,烩面胚,other_food,,扩展食材,other_food,0,1,review,1,菜谱实际使用名称，待进一步规范
4571,热开水,other_food,,扩展食材,other_food,0,1,review,2,菜谱实际使用名称，待进一步规范
4572,热水,other_food,,扩展食材,other_food,0,1,review,35,菜谱实际使用名称，待进一步规范
4573,热油,seasoning,,扩展食材,seasoning,0,1,verified,5,调味料
4574,热狗,other_food,,扩展食材,other_food,0,1,review,1,菜谱实际使用名称，待进一步规范
4575,热豆腐,processed,,扩展食材,processed,0,1,verified,1,加工、半成品、乳制品或饮品
4576,烹煮调味,other_food,,扩展食材,other_food,0,1,review,1,菜谱实际使用名称，待进一步规范
4577,焖子,other_food,,扩展食材,other_food,0,1,review,1,菜谱实际使用名称，待进一步规范
4578,焖鱼汁,other_food,,扩展食材,other_food,0,1,review,1,菜谱实际使用名称，待进一步规范
4579,焦圈儿,other_food,,扩展食材,other_food,0,1,review,1,菜谱实际使用名称，待进一步规范
4580,焯烫豆角如下,other_food,,扩展食材,other_food,0,1,review,1,菜谱实际使用名称，待进一步规范
4581,煎时候,other_food,,扩展食材,other_food,0,1,review,1,菜谱实际使用名称，待进一步规范
4582,煎蛋香肠,processed,,扩展食材,processed,0,1,verified,1,加工、半成品、乳制品或饮品
4583,煎豆腐,processed,,扩展食材,processed,0,1,verified,1,加工、半成品、乳制品或饮品
4584,煎鱼需多油油,seasoning,,扩展食材,seasoning,0,1,verified,1,调味料
4585,照烧汁,seasoning,,扩展食材,seasoning,0,1,verified,7,调味料
4586,煮南瓜水,other_food,,扩展食材,other_food,0,1,review,1,菜谱实际使用名称，待进一步规范
4587,煮汤炒料,other_food,,扩展食材,other_food,0,1,review,1,菜谱实际使用名称，待进一步规范
4588,煮熟五花肉,processed,,扩展食材,processed,0,1,verified,2,加工、半成品、乳制品或饮品
4589,煮熟毛豆,processed,,扩展食材,processed,0,1,verified,1,加工、半成品、乳制品或饮品
4590,煮熟米饭,processed,,扩展食材,processed,0,1,verified,1,加工、半成品、乳制品或饮品
4591,煮熟肚尖,processed,,扩展食材,processed,0,1,verified,1,加工、半成品、乳制品或饮品
4592,煮熟饺子,processed,,扩展食材,processed,0,1,verified,1,加工、半成品、乳制品或饮品
4593,煮羊骨汤清水,other_food,,扩展食材,other_food,0,1,review,1,菜谱实际使用名称，待进一步规范
4594,煮鸡蛋,other_food,,扩展食材,other_food,0,1,review,1,菜谱实际使用名称，待进一步规范
4595,煲好玉米排骨汤,other_food,,扩展食材,other_food,0,1,review,1,菜谱实际使用名称，待进一步规范
4596,煲汤纱布袋,other_food,,扩展食材,other_food,0,1,review,1,菜谱实际使用名称，待进一步规范
4597,煲汤药材,other_food,,扩展食材,other_food,0,1,review,1,菜谱实际使用名称，待进一步规范
4598,熊爸森林广式腊肠,processed,,扩展食材,processed,0,1,verified,1,加工、半成品、乳制品或饮品
4599,熏三文鱼,other_food,,扩展食材,other_food,0,1,review,1,菜谱实际使用名称，待进一步规范
4600,熏干,other_food,,扩展食材,other_food,0,1,review,3,菜谱实际使用名称，待进一步规范
4601,熏猪肝,other_food,,扩展食材,other_food,0,1,review,1,菜谱实际使用名称，待进一步规范
4602,熏肉,processed,,扩展食材,processed,0,1,verified,1,加工、半成品、乳制品或饮品
4603,熏肠,processed,,扩展食材,processed,0,1,verified,1,加工、半成品、乳制品或饮品
4604,熏腊鸭,other_food,,扩展食材,other_food,0,1,review,1,菜谱实际使用名称，待进一步规范
4605,熏豆干,processed,,扩展食材,processed,0,1,verified,1,加工、半成品、乳制品或饮品
4606,熟冻北极贝裙边,processed,,扩展食材,processed,0,1,verified,1,加工、半成品、乳制品或饮品
4607,熟咸蛋白,processed,,扩展食材,processed,0,1,verified,1,加工、半成品、乳制品或饮品
4608,熟咸蛋黄,processed,,扩展食材,processed,0,1,verified,3,加工、半成品、乳制品或饮品
4609,熟咸鸭蛋,processed,,扩展食材,processed,0,1,verified,2,加工、半成品、乳制品或饮品
4610,熟孜然,processed,,扩展食材,processed,0,1,verified,1,加工、半成品、乳制品或饮品
4611,熟板栗,processed,,扩展食材,processed,0,1,verified,1,加工、半成品、乳制品或饮品
4612,熟植物油,seasoning,,扩展食材,seasoning,0,1,verified,1,调味料
4613,熟油,seasoning,,扩展食材,seasoning,0,1,verified,3,调味料
4614,熟油辣椒,seasoning,,扩展食材,seasoning,0,1,verified,1,调味料
4615,熟火腿,processed,,扩展食材,processed,0,1,verified,1,加工、半成品、乳制品或饮品
4616,熟牛肉,processed,,扩展食材,processed,0,1,verified,2,加工、半成品、乳制品或饮品
4617,熟牛肉或肥牛片,processed,,扩展食材,processed,0,1,verified,1,加工、半成品、乳制品或饮品
4618,熟牛肚,processed,,扩展食材,processed,0,1,verified,2,加工、半成品、乳制品或饮品
4619,熟牛蹄筋,processed,,扩展食材,processed,0,1,verified,1,加工、半成品、乳制品或饮品
4620,熟猪后腿肉,processed,,扩展食材,processed,0,1,verified,1,加工、半成品、乳制品或饮品
4621,熟猪油,seasoning,,扩展食材,seasoning,0,1,verified,2,调味料
4622,熟猪肚,processed,,扩展食材,processed,0,1,verified,2,加工、半成品、乳制品或饮品
4623,熟猪血,processed,,扩展食材,processed,0,1,verified,1,加工、半成品、乳制品或饮品
4624,熟玉米粒,processed,,扩展食材,processed,0,1,verified,3,加工、半成品、乳制品或饮品
4625,熟白芝麻,processed,,扩展食材,processed,0,1,verified,19,加工、半成品、乳制品或饮品
4626,熟米饭,processed,,扩展食材,processed,0,1,verified,1,加工、半成品、乳制品或饮品
4627,熟糙米,processed,,扩展食材,processed,0,1,verified,1,加工、半成品、乳制品或饮品
4628,熟糯米粉,processed,,扩展食材,processed,0,1,verified,1,加工、半成品、乳制品或饮品
4629,熟羊肉,processed,,扩展食材,processed,0,1,verified,1,加工、半成品、乳制品或饮品
4630,熟肉丝,processed,,扩展食材,processed,0,1,verified,1,加工、半成品、乳制品或饮品
4631,熟肥肠,processed,,扩展食材,processed,0,1,verified,1,加工、半成品、乳制品或饮品
4632,熟腊肉,processed,,扩展食材,processed,0,1,verified,1,加工、半成品、乳制品或饮品
4633,熟腰果,processed,,扩展食材,processed,0,1,verified,2,加工、半成品、乳制品或饮品
4634,熟芝麻,processed,,扩展食材,processed,0,1,verified,20,加工、半成品、乳制品或饮品
4635,熟芝麻粉,processed,,扩展食材,processed,0,1,verified,1,加工、半成品、乳制品或饮品
4636,熟芝麻粒,processed,,扩展食材,processed,0,1,verified,1,加工、半成品、乳制品或饮品
4637,熟花生,processed,,扩展食材,processed,0,1,verified,2,加工、半成品、乳制品或饮品
4638,熟花生米,processed,,扩展食材,processed,0,1,verified,4,加工、半成品、乳制品或饮品
4639,熟菜油,seasoning,,扩展食材,seasoning,0,1,verified,1,调味料
4640,熟菜籽油,seasoning,,扩展食材,seasoning,0,1,verified,1,调味料
4641,熟薏米,processed,,扩展食材,processed,0,1,verified,1,加工、半成品、乳制品或饮品
4642,熟藜麦,processed,,扩展食材,processed,0,1,verified,1,加工、半成品、乳制品或饮品
4643,熟辣椒油,seasoning,,扩展食材,seasoning,0,1,verified,1,调味料
4644,熟鸡蛋,processed,,扩展食材,processed,0,1,verified,1,加工、半成品、乳制品或饮品
4645,熟黑木耳,processed,,扩展食材,processed,0,1,verified,1,加工、半成品、乳制品或饮品
4646,熟黑芝麻,processed,,扩展食材,processed,0,1,verified,4,加工、半成品、乳制品或饮品
4647,燕鲅鱼,other_food,,扩展食材,other_food,0,1,review,1,菜谱实际使用名称，待进一步规范
4648,燕麦饭,other_food,,扩展食材,other_food,0,1,review,1,菜谱实际使用名称，待进一步规范
4649,爆锅油,seasoning,,扩展食材,seasoning,0,1,verified,1,调味料
4650,爱吃多放,other_food,,扩展食材,other_food,0,1,review,1,菜谱实际使用名称，待进一步规范
4651,爱吃多辣就放多少小米椒或其他辣椒,generic,,扩展食材,generic,0,1,review,1,宽泛名称，保留原义而不猜测具体品种
4652,片切丝姜,other_food,,扩展食材,other_food,0,1,review,1,菜谱实际使用名称，待进一步规范
4653,牙大料,other_food,,扩展食材,other_food,0,1,review,1,菜谱实际使用名称，待进一步规范
4654,牙签,non_food,,扩展食材,non_food,0,0,review,9,疑似工具、包装或操作说明
4655,牙鱼,other_food,,扩展食材,other_food,0,1,review,1,菜谱实际使用名称，待进一步规范
4656,牛/猪绞肉,composite,,扩展食材,composite,0,1,review,1,疑似复合名称，组成未完全确认
4657,牛上脑馅,other_food,,扩展食材,other_food,0,1,review,1,菜谱实际使用名称，待进一步规范
4658,牛五花,other_food,,扩展食材,other_food,0,1,review,1,菜谱实际使用名称，待进一步规范
4659,牛五花烤肉片,other_food,,扩展食材,other_food,0,1,review,1,菜谱实际使用名称，待进一步规范
4660,牛后腿肉,other_food,,扩展食材,other_food,0,1,review,1,菜谱实际使用名称，待进一步规范
4661,牛头牌咖喱块,other_food,,扩展食材,other_food,0,1,review,1,菜谱实际使用名称，待进一步规范
4662,牛头肉,other_food,,扩展食材,other_food,0,1,review,1,菜谱实际使用名称，待进一步规范
4663,牛奶,processed,,时令食材,季节数据补充,0,1,verified,45,加工、半成品、乳制品或饮品
4664,牛奶🥛,processed,,扩展食材,processed,0,1,verified,1,加工、半成品、乳制品或饮品
4665,牛干巴,other_food,,扩展食材,other_food,0,1,review,1,菜谱实际使用名称，待进一步规范
4666,牛心菜,other_food,,扩展食材,other_food,0,1,review,2,菜谱实际使用名称，待进一步规范
4667,牛排/牛肉,composite,,扩展食材,composite,0,1,review,1,疑似复合名称，组成未完全确认
4668,牛排盐,other_food,,扩展食材,other_food,0,1,review,1,菜谱实际使用名称，待进一步规范
4669,牛排骨,other_food,,扩展食材,other_food,0,1,review,1,菜谱实际使用名称，待进一步规范
4670,牛排🥩,other_food,,扩展食材,other_food,0,1,review,1,菜谱实际使用名称，待进一步规范
4671,牛板筋,other_food,,扩展食材,other_food,0,1,review,1,菜谱实际使用名称，待进一步规范
4672,牛柳切片,other_food,,扩展食材,other_food,0,1,review,1,菜谱实际使用名称，待进一步规范
4673,牛棒骨,other_food,,扩展食材,other_food,0,1,review,1,菜谱实际使用名称，待进一步规范
4674,牛河粉,processed,,扩展食材,processed,0,1,verified,1,加工、半成品、乳制品或饮品
4675,牛油,seasoning,,扩展食材,seasoning,0,1,verified,3,调味料
4676,牛油果油,seasoning,,扩展食材,seasoning,0,1,verified,1,调味料
4677,牛油火锅底料,seasoning,,扩展食材,seasoning,0,1,verified,1,调味料
4678,牛盘肠,processed,,扩展食材,processed,0,1,verified,1,加工、半成品、乳制品或饮品
4679,牛筋,other_food,,扩展食材,other_food,0,1,review,4,菜谱实际使用名称，待进一步规范
4680,牛筋丸,other_food,,扩展食材,other_food,0,1,review,1,菜谱实际使用名称，待进一步规范
4681,牛肉/五花肉,composite,,扩展食材,composite,0,1,review,1,疑似复合名称，组成未完全确认
4682,牛肉/猪肉,composite,,扩展食材,composite,0,1,review,1,疑似复合名称，组成未完全确认
4683,牛肉丸,processed,,扩展食材,processed,0,1,verified,11,加工、半成品、乳制品或饮品
4684,牛肉卷,other_food,,扩展食材,other_food,0,1,review,4,菜谱实际使用名称，待进一步规范
4685,牛肉口味老干妈,other_food,,扩展食材,other_food,0,1,review,1,菜谱实际使用名称，待进一步规范
4686,牛肉可切片也可切块牛肉/酱牛肉,processed,,扩展食材,processed,0,1,verified,1,加工、半成品、乳制品或饮品
4687,牛肉咖喱饭周五晚餐,other_food,,扩展食材,other_food,0,1,review,1,菜谱实际使用名称，待进一步规范
4688,牛肉或者猪五花肉,composite,,扩展食材,composite,0,1,review,1,疑似复合名称，组成未完全确认
4689,牛肉或者肥牛,composite,,扩展食材,composite,0,1,review,1,疑似复合名称，组成未完全确认
4690,牛肉汤/清水,composite,,扩展食材,composite,0,1,review,1,疑似复合名称，组成未完全确认
4691,牛肉汤专酱油,seasoning,,扩展食材,seasoning,0,1,verified,1,调味料
4692,牛肉粉,other_food,,扩展食材,other_food,0,1,review,5,菜谱实际使用名称，待进一步规范
4693,牛肉粉/鸡精,composite,,扩展食材,composite,0,1,review,1,疑似复合名称，组成未完全确认
4694,牛肉粒,other_food,,扩展食材,other_food,0,1,review,2,菜谱实际使用名称，待进一步规范
4695,牛肉肉糜,other_food,,扩展食材,other_food,0,1,review,1,菜谱实际使用名称，待进一步规范
4696,牛肉腌料,seasoning,,扩展食材,seasoning,0,1,verified,2,调味料
4697,牛肉豆瓣酱,seasoning,,扩展食材,seasoning,0,1,verified,1,调味料
4698,牛肉豌豆泡饭周一早餐,processed,,扩展食材,processed,0,1,verified,1,加工、半成品、乳制品或饮品
4699,牛肉酱,seasoning,,扩展食材,seasoning,0,1,verified,4,调味料
4700,牛肉饼,other_food,,扩展食材,other_food,0,1,review,1,菜谱实际使用名称，待进一步规范
4701,牛肉／猪肉,other_food,,扩展食材,other_food,0,1,review,1,菜谱实际使用名称，待进一步规范
4702,牛肉🐂,other_food,,扩展食材,other_food,0,1,review,1,菜谱实际使用名称，待进一步规范
4703,牛肉🐮,other_food,,扩展食材,other_food,0,1,review,1,菜谱实际使用名称，待进一步规范
4704,牛肉🥩,other_food,,扩展食材,other_food,0,1,review,1,菜谱实际使用名称，待进一步规范
4705,牛肋,other_food,,扩展食材,other_food,0,1,review,1,菜谱实际使用名称，待进一步规范
4706,牛肋条,other_food,,扩展食材,other_food,0,1,review,1,菜谱实际使用名称，待进一步规范
4707,牛脊骨,other_food,,扩展食材,other_food,0,1,review,1,菜谱实际使用名称，待进一步规范
4708,牛腩切块,other_food,,扩展食材,other_food,0,1,review,1,菜谱实际使用名称，待进一步规范
4709,牛腩肉,other_food,,扩展食材,other_food,0,1,review,2,菜谱实际使用名称，待进一步规范
4710,牛腩🥩,other_food,,扩展食材,other_food,0,1,review,1,菜谱实际使用名称，待进一步规范
4711,牛腰窝,other_food,,扩展食材,other_food,0,1,review,1,菜谱实际使用名称，待进一步规范
4712,牛腱子肉,other_food,,扩展食材,other_food,0,1,review,3,菜谱实际使用名称，待进一步规范
4713,牛腱肉,other_food,,扩展食材,other_food,0,1,review,1,菜谱实际使用名称，待进一步规范
4714,牛腿肉,other_food,,扩展食材,other_food,0,1,review,2,菜谱实际使用名称，待进一步规范
4715,牛蒡,other_food,,扩展食材,other_food,0,1,review,2,菜谱实际使用名称，待进一步规范
4716,牛蛙,other_food,,扩展食材,other_food,0,1,review,9,菜谱实际使用名称，待进一步规范
4717,牛蹄,other_food,,扩展食材,other_food,0,1,review,1,菜谱实际使用名称，待进一步规范
4718,牛里脊切丝,other_food,,扩展食材,other_food,0,1,review,1,菜谱实际使用名称，待进一步规范
4719,牛里脊肉,other_food,,扩展食材,other_food,0,1,review,6,菜谱实际使用名称，待进一步规范
4720,牛里脊肉丝,other_food,,扩展食材,other_food,0,1,review,1,菜谱实际使用名称，待进一步规范
4721,牛霖肉,other_food,,扩展食材,other_food,0,1,review,1,菜谱实际使用名称，待进一步规范
4722,牛骨,other_food,,扩展食材,other_food,0,1,review,2,菜谱实际使用名称，待进一步规范
4723,牛骨头,other_food,,扩展食材,other_food,0,1,review,1,菜谱实际使用名称，待进一步规范
4724,牛骨排,other_food,,扩展食材,other_food,0,1,review,1,菜谱实际使用名称，待进一步规范
4725,牡蛎粉,other_food,,扩展食材,other_food,0,1,review,1,菜谱实际使用名称，待进一步规范
4726,牦油,seasoning,,扩展食材,seasoning,0,1,verified,1,调味料
4727,特调香辣汁,other_food,,扩展食材,other_food,0,1,review,2,菜谱实际使用名称，待进一步规范
4728,特质辣椒酱,seasoning,,扩展食材,seasoning,0,1,verified,1,调味料
4729,状牛排,other_food,,扩展食材,other_food,0,1,review,1,菜谱实际使用名称，待进一步规范
4730,独头蒜蒜,other_food,,扩展食材,other_food,0,1,review,1,菜谱实际使用名称，待进一步规范
4731,独子大蒜,other_food,,扩展食材,other_food,0,1,review,1,菜谱实际使用名称，待进一步规范
4732,独子蒜,other_food,,扩展食材,other_food,0,1,review,2,菜谱实际使用名称，待进一步规范
4733,独子蒜蒜,other_food,,扩展食材,other_food,0,1,review,1,菜谱实际使用名称，待进一步规范
4734,独流特产醋,seasoning,,扩展食材,seasoning,0,1,verified,1,调味料
4735,独蒜,other_food,,扩展食材,other_food,0,1,review,20,菜谱实际使用名称，待进一步规范
4736,独蒜切颗颗蒜,other_food,,扩展食材,other_food,0,1,review,1,菜谱实际使用名称，待进一步规范
4737,独蒜大蒜,other_food,,扩展食材,other_food,0,1,review,2,菜谱实际使用名称，待进一步规范
4738,独蒜蒜,other_food,,扩展食材,other_food,0,1,review,2,菜谱实际使用名称，待进一步规范
4739,狮头鹅掌,other_food,,扩展食材,other_food,0,1,review,1,菜谱实际使用名称，待进一步规范
4740,狮子草,other_food,,扩展食材,other_food,0,1,review,1,菜谱实际使用名称，待进一步规范
4741,猪上肉,other_food,,扩展食材,other_food,0,1,review,1,菜谱实际使用名称，待进一步规范
4742,猪前腿肉,other_food,,扩展食材,other_food,0,1,review,5,菜谱实际使用名称，待进一步规范
4743,猪口条,other_food,,扩展食材,other_food,0,1,review,1,菜谱实际使用名称，待进一步规范
4744,猪后臀肉,other_food,,扩展食材,other_food,0,1,review,1,菜谱实际使用名称，待进一步规范
4745,猪大棒骨,other_food,,扩展食材,other_food,0,1,review,1,菜谱实际使用名称，待进一步规范
4746,猪大肠,processed,,扩展食材,processed,0,1,verified,1,加工、半成品、乳制品或饮品
4747,猪大骨,other_food,,扩展食材,other_food,0,1,review,1,菜谱实际使用名称，待进一步规范
4748,猪头肉,other_food,,时令食材,季节数据补充,0,1,review,3,菜谱实际使用名称，待进一步规范
4749,猪夹心肉,other_food,,扩展食材,other_food,0,1,review,1,菜谱实际使用名称，待进一步规范
4750,猪尾,other_food,,扩展食材,other_food,0,1,review,1,菜谱实际使用名称，待进一步规范
4751,猪展肉,other_food,,扩展食材,other_food,0,1,review,2,菜谱实际使用名称，待进一步规范
4752,猪扇骨,other_food,,扩展食材,other_food,0,1,review,2,菜谱实际使用名称，待进一步规范
4753,猪手,other_food,,扩展食材,other_food,0,1,review,5,菜谱实际使用名称，待进一步规范
4754,猪板油,seasoning,,扩展食材,seasoning,0,1,verified,1,调味料
4755,猪板筋,other_food,,扩展食材,other_food,0,1,review,1,菜谱实际使用名称，待进一步规范
4756,猪梅肉,other_food,,扩展食材,other_food,0,1,review,2,菜谱实际使用名称，待进一步规范
4757,猪梅花肉,other_food,,扩展食材,other_food,0,1,review,3,菜谱实际使用名称，待进一步规范
4758,猪棒骨,other_food,,扩展食材,other_food,0,1,review,2,菜谱实际使用名称，待进一步规范
4759,猪油,seasoning,,扩展食材,seasoning,0,1,verified,41,调味料
4760,猪油和色拉油,seasoning,,扩展食材,seasoning,0,1,verified,1,调味料
4761,猪油或其它油,seasoning,,扩展食材,seasoning,0,1,verified,1,调味料
4762,猪油或橄榄油,seasoning,,扩展食材,seasoning,0,1,verified,1,调味料
4763,猪油或者肥肉,composite,,扩展食材,composite,0,1,review,1,疑似复合名称，组成未完全确认
4764,猪油油,seasoning,,扩展食材,seasoning,0,1,verified,1,调味料
4765,猪油渣,processed,,扩展食材,processed,0,1,verified,4,加工、半成品、乳制品或饮品
4766,猪爽肉/猪颈肉,composite,,扩展食材,composite,0,1,review,1,疑似复合名称，组成未完全确认
4767,猪瘦肉/五花肉,composite,,扩展食材,composite,0,1,review,1,疑似复合名称，组成未完全确认
4768,猪瘦肉/猪骨,composite,,扩展食材,composite,0,1,review,1,疑似复合名称，组成未完全确认
4769,猪瘦肉或五花肉,composite,,扩展食材,composite,0,1,review,1,疑似复合名称，组成未完全确认
4770,猪筒骨,other_food,,扩展食材,other_food,0,1,review,2,菜谱实际使用名称，待进一步规范
4771,猪绞肉,other_food,,扩展食材,other_food,0,1,review,3,菜谱实际使用名称，待进一步规范
4772,猪耳朵,other_food,,扩展食材,other_food,0,1,review,2,菜谱实际使用名称，待进一步规范
4773,猪耳豆角,other_food,,扩展食材,other_food,0,1,review,1,菜谱实际使用名称，待进一步规范
4774,猪肉/牛肉,composite,,扩展食材,composite,0,1,review,1,疑似复合名称，组成未完全确认
4775,猪肉/鸡肉,composite,,扩展食材,composite,0,1,review,1,疑似复合名称，组成未完全确认
4776,猪肉丁丁,other_food,,扩展食材,other_food,0,1,review,1,菜谱实际使用名称，待进一步规范
4777,猪肉丸,processed,,扩展食材,processed,0,1,verified,1,加工、半成品、乳制品或饮品
4778,猪肉丸子,processed,,扩展食材,processed,0,1,verified,1,加工、半成品、乳制品或饮品
4779,猪肉切条,other_food,,扩展食材,other_food,0,1,review,1,菜谱实际使用名称，待进一步规范
4780,猪肉切片,other_food,,扩展食材,other_food,0,1,review,1,菜谱实际使用名称，待进一步规范
4781,猪肉小排,other_food,,扩展食材,other_food,0,1,review,1,菜谱实际使用名称，待进一步规范
4782,猪肉带点肥,other_food,,扩展食材,other_food,0,1,review,1,菜谱实际使用名称，待进一步规范
4783,猪肉或者肉馅,composite,,扩展食材,composite,0,1,review,1,疑似复合名称，组成未完全确认
4784,猪肉末或牛肉末,composite,,扩展食材,composite,0,1,review,1,疑似复合名称，组成未完全确认
4785,猪肉条,other_food,,扩展食材,other_food,0,1,review,1,菜谱实际使用名称，待进一步规范
4786,猪肉榨油,seasoning,,扩展食材,seasoning,0,1,verified,1,调味料
4787,猪肉泥,other_food,,扩展食材,other_food,0,1,review,1,菜谱实际使用名称，待进一步规范
4788,猪肉渣,other_food,,扩展食材,other_food,0,1,review,1,菜谱实际使用名称，待进一步规范
4789,猪肉皮,other_food,,扩展食材,other_food,0,1,review,2,菜谱实际使用名称，待进一步规范
4790,猪肉薄片,other_food,,扩展食材,other_food,0,1,review,1,菜谱实际使用名称，待进一步规范
4791,猪肉馅儿,other_food,,扩展食材,other_food,0,1,review,1,菜谱实际使用名称，待进一步规范
4792,猪肋骨,other_food,,扩展食材,other_food,0,1,review,2,菜谱实际使用名称，待进一步规范
4793,猪肘子,other_food,,扩展食材,other_food,0,1,review,2,菜谱实际使用名称，待进一步规范
4794,猪肚汤包,other_food,,扩展食材,other_food,0,1,review,1,菜谱实际使用名称，待进一步规范
4795,猪肚菇,other_food,,扩展食材,other_food,0,1,review,1,菜谱实际使用名称，待进一步规范
4796,猪肝/猪肉,composite,,扩展食材,composite,0,1,review,1,疑似复合名称，组成未完全确认
4797,猪肠,processed,,扩展食材,processed,0,1,verified,1,加工、半成品、乳制品或饮品
4798,猪肥肠,processed,,扩展食材,processed,0,1,verified,1,加工、半成品、乳制品或饮品
4799,猪脊骨,other_food,,扩展食材,other_food,0,1,review,2,菜谱实际使用名称，待进一步规范
4800,猪脸,other_food,,扩展食材,other_food,0,1,review,1,菜谱实际使用名称，待进一步规范
4801,猪腔骨,other_food,,扩展食材,other_food,0,1,review,1,菜谱实际使用名称，待进一步规范
4802,猪腰,other_food,,扩展食材,other_food,0,1,review,11,菜谱实际使用名称，待进一步规范
4803,猪腰子,other_food,,扩展食材,other_food,0,1,review,1,菜谱实际使用名称，待进一步规范
4804,猪腱肉,other_food,,扩展食材,other_food,0,1,review,2,菜谱实际使用名称，待进一步规范
4805,猪血丸子,processed,,扩展食材,processed,0,1,verified,2,加工、半成品、乳制品或饮品
4806,猪蹄髈,other_food,,扩展食材,other_food,0,1,review,1,菜谱实际使用名称，待进一步规范
4807,猪软骨肉,other_food,,扩展食材,other_food,0,1,review,1,菜谱实际使用名称，待进一步规范
4808,猪里,other_food,,扩展食材,other_food,0,1,review,1,菜谱实际使用名称，待进一步规范
4809,猪里肌,other_food,,扩展食材,other_food,0,1,review,1,菜谱实际使用名称，待进一步规范
4810,猪里脊/猪腿肉,composite,,扩展食材,composite,0,1,review,1,疑似复合名称，组成未完全确认
4811,猪里脊切丝,other_food,,扩展食材,other_food,0,1,review,1,菜谱实际使用名称，待进一步规范
4812,猪里脊肉丝,other_food,,扩展食材,other_food,0,1,review,1,菜谱实际使用名称，待进一步规范
4813,猪里脊肉片,other_food,,扩展食材,other_food,0,1,review,1,菜谱实际使用名称，待进一步规范
4814,猪铁脊,other_food,,扩展食材,other_food,0,1,review,1,菜谱实际使用名称，待进一步规范
4815,猪面肉,other_food,,扩展食材,other_food,0,1,review,1,菜谱实际使用名称，待进一步规范
4816,猪骨/猪瘦肉,composite,,扩展食材,composite,0,1,review,1,疑似复合名称，组成未完全确认
4817,猪骨汤,other_food,,扩展食材,other_food,0,1,review,2,菜谱实际使用名称，待进一步规范
4818,猪黄管,other_food,,扩展食材,other_food,0,1,review,1,菜谱实际使用名称，待进一步规范
4819,猪龙骨,other_food,,扩展食材,other_food,0,1,review,1,菜谱实际使用名称，待进一步规范
4820,猪🐷瘦肉,other_food,,扩展食材,other_food,0,1,review,1,菜谱实际使用名称，待进一步规范
4821,玄米油,seasoning,,扩展食材,seasoning,0,1,verified,1,调味料
4822,玉兰片,other_food,,扩展食材,other_food,0,1,review,1,菜谱实际使用名称，待进一步规范
4823,玉兰花,other_food,,扩展食材,other_food,0,1,review,1,菜谱实际使用名称，待进一步规范
4824,玉子豆腐,processed,,扩展食材,processed,0,1,verified,1,加工、半成品、乳制品或饮品
4825,玉竹,other_food,,扩展食材,other_food,0,1,review,5,菜谱实际使用名称，待进一步规范
4826,玉米定粉,other_food,,扩展食材,other_food,0,1,review,1,菜谱实际使用名称，待进一步规范
4827,玉米尖,other_food,,扩展食材,other_food,0,1,review,1,菜谱实际使用名称，待进一步规范
4828,玉米油,seasoning,,扩展食材,seasoning,0,1,verified,60,调味料
4829,玉米油/橄榄油,seasoning,,扩展食材,seasoning,0,1,verified,1,调味料
4830,玉米油/花生油,seasoning,,扩展食材,seasoning,0,1,verified,1,调味料
4831,玉米油或者其他油也可,generic,,扩展食材,generic,0,1,review,1,宽泛名称，保留原义而不猜测具体品种
4832,玉米油或花生油,seasoning,,扩展食材,seasoning,0,1,verified,1,调味料
4833,玉米淀粉,seasoning,,扩展食材,seasoning,0,1,verified,109,调味料
4834,玉米淀粉/生粉,processed,,扩展食材,processed,0,1,verified,1,加工、半成品、乳制品或饮品
4835,玉米粉,processed,,扩展食材,processed,0,1,verified,4,加工、半成品、乳制品或饮品
4836,玉米粒,other_food,,扩展食材,other_food,0,1,review,48,菜谱实际使用名称，待进一步规范
4837,玉米粒/胡萝卜粒/豆角,composite,,扩展食材,composite,0,1,review,1,疑似复合名称，组成未完全确认
4838,玉米罐头,processed,,扩展食材,processed,0,1,verified,1,加工、半成品、乳制品或饮品
4839,玉米豆,other_food,,扩展食材,other_food,0,1,review,1,菜谱实际使用名称，待进一步规范
4840,玉米青豆,other_food,,扩展食材,other_food,0,1,review,2,菜谱实际使用名称，待进一步规范
4841,玉米面,other_food,,扩展食材,other_food,0,1,review,9,菜谱实际使用名称，待进一步规范
4842,玉米香肠,processed,,扩展食材,processed,0,1,verified,1,加工、半成品、乳制品或饮品
4843,玉米🌽,other_food,,扩展食材,other_food,0,1,review,1,菜谱实际使用名称，待进一步规范
4844,王不留行,other_food,,扩展食材,other_food,0,1,review,1,菜谱实际使用名称，待进一步规范
4845,王后高粉,other_food,,扩展食材,other_food,0,1,review,1,菜谱实际使用名称，待进一步规范
4846,王守义十三香,seasoning,,扩展食材,seasoning,0,1,verified,2,调味料
4847,王守义炖肉包,other_food,,扩展食材,other_food,0,1,review,1,菜谱实际使用名称，待进一步规范
4848,王守义花椒粉,other_food,,扩展食材,other_food,0,1,review,1,菜谱实际使用名称，待进一步规范
4849,王家渡香肠,processed,,扩展食材,processed,0,1,verified,1,加工、半成品、乳制品或饮品
4850,王致和大块腐乳,seasoning,,扩展食材,seasoning,0,1,verified,1,调味料
4851,王致和酱豆腐汤儿,processed,,扩展食材,processed,0,1,verified,1,加工、半成品、乳制品或饮品
4852,玫瑰大头菜,seasoning,,扩展食材,seasoning,0,1,verified,1,调味料
4853,玫瑰海盐,seasoning,,扩展食材,seasoning,0,1,verified,1,调味料
4854,玫瑰烹饪醋,seasoning,,扩展食材,seasoning,0,1,verified,1,调味料
4855,玫瑰盐,seasoning,,扩展食材,seasoning,0,1,verified,1,调味料
4856,玫瑰盐胡椒粉,seasoning,,扩展食材,seasoning,0,1,verified,1,调味料
4857,玫瑰腐乳,seasoning,,扩展食材,seasoning,0,1,verified,3,调味料
4858,玫瑰露酒,seasoning,,扩展食材,seasoning,0,1,verified,2,调味料
4859,珍珠立鱼,other_food,,扩展食材,other_food,0,1,review,1,菜谱实际使用名称，待进一步规范
4860,珍珠马蹄,other_food,,扩展食材,other_food,0,1,review,1,菜谱实际使用名称，待进一步规范
4861,珠江御品蚝油,seasoning,,扩展食材,seasoning,0,1,verified,1,调味料
4862,球形圆白菜,other_food,,扩展食材,other_food,0,1,review,1,菜谱实际使用名称，待进一步规范
4863,瑶柱,other_food,,扩展食材,other_food,0,1,review,19,菜谱实际使用名称，待进一步规范
4864,瓢儿白,other_food,,扩展食材,other_food,0,1,review,1,菜谱实际使用名称，待进一步规范
4865,瓣,other_food,,扩展食材,other_food,0,1,review,1,菜谱实际使用名称，待进一步规范
4866,瓶盖料酒,seasoning,,扩展食材,seasoning,0,1,verified,1,调味料
4867,瓶盖橄榄油,seasoning,,扩展食材,seasoning,0,1,verified,1,调味料
4868,瓶盖橄榄油或植物油,seasoning,,扩展食材,seasoning,0,1,verified,2,调味料
4869,瓶转几下黑胡椒,other_food,,扩展食材,other_food,0,1,review,1,菜谱实际使用名称，待进一步规范
4870,瓶黄酒,seasoning,,扩展食材,seasoning,0,1,verified,1,调味料
4871,瓷勺冰糖老抽,other_food,,扩展食材,other_food,0,1,review,1,菜谱实际使用名称，待进一步规范
4872,瓷勺味啉,other_food,,扩展食材,other_food,0,1,review,1,菜谱实际使用名称，待进一步规范
4873,瓷勺料酒,seasoning,,扩展食材,seasoning,0,1,verified,3,调味料
4874,瓷勺油,seasoning,,扩展食材,seasoning,0,1,verified,1,调味料
4875,瓷勺淀粉,processed,,扩展食材,processed,0,1,verified,1,加工、半成品、乳制品或饮品
4876,瓷勺烹大师鲣鱼粉,other_food,,扩展食材,other_food,0,1,review,1,菜谱实际使用名称，待进一步规范
4877,瓷勺牛肉酱,seasoning,,扩展食材,seasoning,0,1,verified,1,调味料
4878,瓷勺猪油或花生油,seasoning,,扩展食材,seasoning,0,1,verified,1,调味料
4879,瓷勺生抽,seasoning,,扩展食材,seasoning,0,1,verified,7,调味料
4880,瓷勺红糖,other_food,,扩展食材,other_food,0,1,review,1,菜谱实际使用名称，待进一步规范
4881,瓷勺老抽,other_food,,扩展食材,other_food,0,1,review,1,菜谱实际使用名称，待进一步规范
4882,瓷勺蚝油,seasoning,,扩展食材,seasoning,0,1,verified,4,调味料
4883,瓷勺豆瓣酱,seasoning,,扩展食材,seasoning,0,1,verified,1,调味料
4884,瓷勺郫县豆瓣酱,seasoning,,扩展食材,seasoning,0,1,verified,1,调味料
4885,瓷勺酱油,seasoning,,扩展食材,seasoning,0,1,verified,1,调味料
4886,瓷勺陈醋,seasoning,,扩展食材,seasoning,0,1,verified,1,调味料
4887,瓷匙李锦记黑椒汁,seasoning,,扩展食材,seasoning,0,1,verified,1,调味料
4888,瓷匙蚝油,seasoning,,扩展食材,seasoning,0,1,verified,1,调味料
4889,甘兰,other_food,,扩展食材,other_food,0,1,review,1,菜谱实际使用名称，待进一步规范
4890,甘汁园玉米淀粉,processed,,扩展食材,processed,0,1,verified,1,加工、半成品、乳制品或饮品
4891,甘草,other_food,,扩展食材,other_food,0,1,review,3,菜谱实际使用名称，待进一步规范
4892,甘蔗一根,other_food,,扩展食材,other_food,0,1,review,1,菜谱实际使用名称，待进一步规范
4893,甘蔗水,other_food,,扩展食材,other_food,0,1,review,1,菜谱实际使用名称，待进一步规范
4894,甜品,other_food,,扩展食材,other_food,0,1,review,1,菜谱实际使用名称，待进一步规范
4895,甜杏仁,other_food,,扩展食材,other_food,0,1,review,2,菜谱实际使用名称，待进一步规范
4896,甜梅菜,other_food,,扩展食材,other_food,0,1,review,1,菜谱实际使用名称，待进一步规范
4897,甜椒粉/孜然粉/其它香料,composite,,扩展食材,composite,0,1,review,1,疑似复合名称，组成未完全确认
4898,甜椰丝,other_food,,扩展食材,other_food,0,1,review,1,菜谱实际使用名称，待进一步规范
4899,甜玉米粒,other_food,,扩展食材,other_food,0,1,review,2,菜谱实际使用名称，待进一步规范
4900,甜米酒,seasoning,,扩展食材,seasoning,0,1,verified,1,调味料
4901,甜红椒,other_food,,扩展食材,other_food,0,1,review,1,菜谱实际使用名称，待进一步规范
4902,甜菊糖,seasoning,,扩展食材,seasoning,0,1,verified,2,调味料
4903,甜菜脯,other_food,,扩展食材,other_food,0,1,review,1,菜谱实际使用名称，待进一步规范
4904,甜葱,other_food,,扩展食材,other_food,0,1,review,1,菜谱实际使用名称，待进一步规范
4905,甜辣味萝卜干,processed,,扩展食材,processed,0,1,verified,1,加工、半成品、乳制品或饮品
4906,甜酒,seasoning,,扩展食材,seasoning,0,1,verified,1,调味料
4907,甜酒酿,other_food,,扩展食材,other_food,0,1,review,2,菜谱实际使用名称，待进一步规范
4908,甜面酱,seasoning,,扩展食材,seasoning,0,1,verified,72,调味料
4909,甜面酱/蕃茄酱,seasoning,,扩展食材,seasoning,0,1,verified,1,调味料
4910,生咸蛋黄,processed,,扩展食材,processed,0,1,verified,1,加工、半成品、乳制品或饮品
4911,生咸鸭蛋,processed,,扩展食材,processed,0,1,verified,4,加工、半成品、乳制品或饮品
4912,生姜块,other_food,,扩展食材,other_food,0,1,review,1,菜谱实际使用名称，待进一步规范
4913,生姜大葱,other_food,,扩展食材,other_food,0,1,review,1,菜谱实际使用名称，待进一步规范
4914,生姜大蒜,other_food,,扩展食材,other_food,0,1,review,1,菜谱实际使用名称，待进一步规范
4915,生姜大蒜子,other_food,,扩展食材,other_food,0,1,review,1,菜谱实际使用名称，待进一步规范
4916,生姜大蒜白糖,other_food,,扩展食材,other_food,0,1,review,1,菜谱实际使用名称，待进一步规范
4917,生姜或生姜粉,composite,,扩展食材,composite,0,1,review,1,疑似复合名称，组成未完全确认
4918,生姜汁,seasoning,,扩展食材,seasoning,0,1,verified,1,调味料
4919,生姜沫,other_food,,扩展食材,other_food,0,1,review,2,菜谱实际使用名称，待进一步规范
4920,生姜泡水,other_food,,扩展食材,other_food,0,1,review,1,菜谱实际使用名称，待进一步规范
4921,生姜泥,other_food,,扩展食材,other_food,0,1,review,1,菜谱实际使用名称，待进一步规范
4922,生姜片姜,other_food,,扩展食材,other_food,0,1,review,1,菜谱实际使用名称，待进一步规范
4923,生姜粉,seasoning,,扩展食材,seasoning,0,1,verified,6,调味料
4924,生姜粒,other_food,,扩展食材,other_food,0,1,review,1,菜谱实际使用名称，待进一步规范
4925,生姜葱,other_food,,扩展食材,other_food,0,1,review,2,菜谱实际使用名称，待进一步规范
4926,生姜葱花,other_food,,扩展食材,other_food,0,1,review,1,菜谱实际使用名称，待进一步规范
4927,生或熟亚麻籽,processed,,扩展食材,processed,0,1,verified,1,加工、半成品、乳制品或饮品
4928,生抽,seasoning,,扩展食材,seasoning,0,1,verified,3325,调味料
4929,生抽-老抽-料酒-淀粉,processed,,扩展食材,processed,0,1,verified,1,加工、半成品、乳制品或饮品
4930,生抽/海鲜酱油,seasoning,,扩展食材,seasoning,0,1,verified,1,调味料
4931,生抽/老抽,composite,,扩展食材,composite,0,1,review,3,疑似复合名称，组成未完全确认
4932,生抽/蒸鱼豉油,seasoning,,扩展食材,seasoning,0,1,verified,1,调味料
4933,生抽/蚝油,seasoning,,扩展食材,seasoning,0,1,verified,1,调味料
4934,生抽/酱油,seasoning,,扩展食材,seasoning,0,1,verified,3,调味料
4935,生抽一定是活虾也可不放,other_food,,扩展食材,other_food,0,1,review,1,菜谱实际使用名称，待进一步规范
4936,生抽二分之一料酒,seasoning,,扩展食材,seasoning,0,1,verified,1,调味料
4937,生抽二分之一老抽,other_food,,扩展食材,other_food,0,1,review,1,菜谱实际使用名称，待进一步规范
4938,生抽可放可不放,other_food,,扩展食材,other_food,0,1,review,1,菜谱实际使用名称，待进一步规范
4939,生抽和一点点老抽,composite,,扩展食材,composite,0,1,review,1,疑似复合名称，组成未完全确认
4940,生抽或海鲜酱油,seasoning,,扩展食材,seasoning,0,1,verified,1,调味料
4941,生抽或白糖,composite,,扩展食材,composite,0,1,review,1,疑似复合名称，组成未完全确认
4942,生抽或美味鲜,composite,,扩展食材,composite,0,1,review,1,疑似复合名称，组成未完全确认
4943,生抽或者蒸鱼豉油,seasoning,,扩展食材,seasoning,0,1,verified,1,调味料
4944,生抽灵活掌握,other_food,,扩展食材,other_food,0,1,review,1,菜谱实际使用名称，待进一步规范
4945,生抽老抽,seasoning,,扩展食材,seasoning,0,1,verified,6,调味料
4946,生抽老抽耗油,seasoning,,扩展食材,seasoning,0,1,verified,1,调味料
4947,生抽老抽花椒油,seasoning,,扩展食材,seasoning,0,1,verified,1,调味料
4948,生抽老抽蚝油,seasoning,,扩展食材,seasoning,0,1,verified,1,调味料
4949,生抽老抽蚝油淀粉,processed,,扩展食材,processed,0,1,verified,1,加工、半成品、乳制品或饮品
4950,生抽老抽郫县豆瓣,other_food,,扩展食材,other_food,0,1,review,1,菜谱实际使用名称，待进一步规范
4951,生抽老抽酱油,seasoning,,扩展食材,seasoning,0,1,verified,2,调味料
4952,生抽老抽醋,seasoning,,扩展食材,seasoning,0,1,verified,1,调味料
4953,生抽老抽食盐十三香蚝油食油料酒调味品,other_food,,扩展食材,other_food,0,1,review,1,菜谱实际使用名称，待进一步规范
4954,生抽耗油盐鸡精香醋白糖,other_food,,扩展食材,other_food,0,1,review,1,菜谱实际使用名称，待进一步规范
4955,生抽蚝油白醋辣椒粉蒜泥清水代糖小米辣香油灵魂酱汁,other_food,,扩展食材,other_food,0,1,review,1,菜谱实际使用名称，待进一步规范
4956,生抽蚝油盐鸡粉醋,seasoning,,扩展食材,seasoning,0,1,verified,1,调味料
4957,生抽酱油,seasoning,,扩展食材,seasoning,0,1,verified,9,调味料
4958,生抽醋糖盐鸡精麻油,seasoning,,扩展食材,seasoning,0,1,verified,1,调味料
4959,生抽／蚝油／生粉,other_food,,扩展食材,other_food,0,1,review,1,菜谱实际使用名称，待进一步规范
4960,生晒虾皮,processed,,扩展食材,processed,0,1,verified,1,加工、半成品、乳制品或饮品
4961,生板栗,other_food,,扩展食材,other_food,0,1,review,1,菜谱实际使用名称，待进一步规范
4962,生油,seasoning,,扩展食材,seasoning,0,1,verified,3,调味料
4963,生米煮熟白米饭,processed,,扩展食材,processed,0,1,verified,1,加工、半成品、乳制品或饮品
4964,生粉,processed,,扩展食材,processed,0,1,verified,220,加工、半成品、乳制品或饮品
4965,生粉/淀粉,processed,,扩展食材,processed,0,1,verified,2,加工、半成品、乳制品或饮品
4966,生粉水,seasoning,,扩展食材,seasoning,0,1,verified,1,调味料
4967,生花生,other_food,,扩展食材,other_food,0,1,review,1,菜谱实际使用名称，待进一步规范
4968,生花生米,other_food,,扩展食材,other_food,0,1,review,1,菜谱实际使用名称，待进一步规范
4969,生菜/黄瓜,composite,,扩展食材,composite,0,1,review,1,疑似复合名称，组成未完全确认
4970,生菜籽油,seasoning,,扩展食材,seasoning,0,1,verified,2,调味料
4971,生葱,other_food,,扩展食材,other_food,0,1,review,1,菜谱实际使用名称，待进一步规范
4972,生蒜,other_food,,扩展食材,other_food,0,1,review,2,菜谱实际使用名称，待进一步规范
4973,生虾仁,other_food,,扩展食材,other_food,0,1,review,1,菜谱实际使用名称，待进一步规范
4974,生虾肉,other_food,,扩展食材,other_food,0,1,review,1,菜谱实际使用名称，待进一步规范
4975,生食蛋,other_food,,扩展食材,other_food,0,1,review,1,菜谱实际使用名称，待进一步规范
4976,生鲜鸡腿,other_food,,扩展食材,other_food,0,1,review,1,菜谱实际使用名称，待进一步规范
4977,生鸡蛋黄,other_food,,扩展食材,other_food,0,1,review,1,菜谱实际使用名称，待进一步规范
4978,田鸡,other_food,,扩展食材,other_food,0,1,review,1,菜谱实际使用名称，待进一步规范
4979,甲鱼,other_food,,扩展食材,other_food,0,1,review,1,菜谱实际使用名称，待进一步规范
4980,甲鱼蛋,other_food,,扩展食材,other_food,0,1,review,1,菜谱实际使用名称，待进一步规范
4981,电炖锅,other_food,,扩展食材,other_food,0,1,review,1,菜谱实际使用名称，待进一步规范
4982,电饭煲小可以只放翅两个腿,other_food,,扩展食材,other_food,0,1,review,1,菜谱实际使用名称，待进一步规范
4983,男厨农家豆干,processed,,扩展食材,processed,0,1,verified,1,加工、半成品、乳制品或饮品
4984,略五香粉,other_food,,扩展食材,other_food,0,1,review,1,菜谱实际使用名称，待进一步规范
4985,略多小葱,other_food,,扩展食材,other_food,0,1,review,1,菜谱实际使用名称，待进一步规范
4986,略多油,seasoning,,扩展食材,seasoning,0,1,verified,1,调味料
4987,略木耳,other_food,,扩展食材,other_food,0,1,review,1,菜谱实际使用名称，待进一步规范
4988,略盐,other_food,,扩展食材,other_food,0,1,review,1,菜谱实际使用名称，待进一步规范
4989,略食油,seasoning,,扩展食材,seasoning,0,1,verified,1,调味料
4990,番茄中等,other_food,,扩展食材,other_food,0,1,review,1,菜谱实际使用名称，待进一步规范
4991,番茄切块,other_food,,扩展食材,other_food,0,1,review,1,菜谱实际使用名称，待进一步规范
4992,番茄汁/沙司,processed,,扩展食材,processed,0,1,verified,1,加工、半成品、乳制品或饮品
4993,番茄汁制作,other_food,,扩展食材,other_food,0,1,review,1,菜谱实际使用名称，待进一步规范
4994,番茄沙司,processed,,扩展食材,processed,0,1,verified,17,加工、半成品、乳制品或饮品
4995,番茄火锅底料,seasoning,,扩展食材,seasoning,0,1,verified,1,调味料
4996,番茄炒蛋,other_food,,扩展食材,other_food,0,1,review,1,菜谱实际使用名称，待进一步规范
4997,番茄炖牛腩,other_food,,扩展食材,other_food,0,1,review,1,菜谱实际使用名称，待进一步规范
4998,番茄番茄,other_food,,扩展食材,other_food,0,1,review,1,菜谱实际使用名称，待进一步规范
4999,番茄细丁,other_food,,扩展食材,other_food,0,1,review,1,菜谱实际使用名称，待进一步规范
5000,番茄罗勒意面,other_food,,扩展食材,other_food,0,1,review,1,菜谱实际使用名称，待进一步规范
5001,番茄肉丸,processed,,扩展食材,processed,0,1,verified,1,加工、半成品、乳制品或饮品
5002,番茄肉酱,seasoning,,扩展食材,seasoning,0,1,verified,1,调味料
5003,番茄膏,processed,,扩展食材,processed,0,1,verified,8,加工、半成品、乳制品或饮品
5004,番茄酱,seasoning,,扩展食材,seasoning,0,1,verified,146,调味料
5005,番茄酸汤料包,other_food,,扩展食材,other_food,0,1,review,1,菜谱实际使用名称，待进一步规范
5006,番茄🍅,other_food,,扩展食材,other_food,0,1,review,5,菜谱实际使用名称，待进一步规范
5007,番薯/地瓜,composite,,扩展食材,composite,0,1,review,1,疑似复合名称，组成未完全确认
5008,番薯叶,other_food,,扩展食材,other_food,0,1,review,1,菜谱实际使用名称，待进一步规范
5009,番薯粉,other_food,,扩展食材,other_food,0,1,review,1,菜谱实际使用名称，待进一步规范
5010,番薯藤,other_food,,扩展食材,other_food,0,1,review,1,菜谱实际使用名称，待进一步规范
5011,番鸭,other_food,,扩展食材,other_food,0,1,review,1,菜谱实际使用名称，待进一步规范
5012,疙瘩咸菜,processed,,扩展食材,processed,0,1,verified,1,加工、半成品、乳制品或饮品
5013,瘦,other_food,,扩展食材,other_food,0,1,review,1,菜谱实际使用名称，待进一步规范
5014,瘦肉,generic,,扩展食材,generic,0,1,review,2,宽泛名称，保留原义而不猜测具体品种
5015,瘦肉丁,other_food,,扩展食材,other_food,0,1,review,1,菜谱实际使用名称，待进一步规范
5016,瘦肉丝,other_food,,扩展食材,other_food,0,1,review,6,菜谱实际使用名称，待进一步规范
5017,瘦肉或肉末,composite,,扩展食材,composite,0,1,review,1,疑似复合名称，组成未完全确认
5018,瘦肉末,other_food,,扩展食材,other_food,0,1,review,1,菜谱实际使用名称，待进一步规范
5019,瘦肉猪肉,other_food,,扩展食材,other_food,0,1,review,1,菜谱实际使用名称，待进一步规范
5020,瘦肉馅,other_food,,扩展食材,other_food,0,1,review,1,菜谱实际使用名称，待进一步规范
5021,白/黑胡椒粉,composite,,扩展食材,composite,0,1,review,1,疑似复合名称，组成未完全确认
5022,白不老,other_food,,扩展食材,other_food,0,1,review,1,菜谱实际使用名称，待进一步规范
5023,白不老豆角,other_food,,扩展食材,other_food,0,1,review,2,菜谱实际使用名称，待进一步规范
5024,白兰地,seasoning,,扩展食材,seasoning,0,1,verified,2,调味料
5025,白冰糖,seasoning,,扩展食材,seasoning,0,1,verified,1,调味料
5026,白味噌,other_food,,扩展食材,other_food,0,1,review,1,菜谱实际使用名称，待进一步规范
5027,白味增,other_food,,扩展食材,other_food,0,1,review,1,菜谱实际使用名称，待进一步规范
5028,白子,other_food,,扩展食材,other_food,0,1,review,1,菜谱实际使用名称，待进一步规范
5029,白寇,other_food,,扩展食材,other_food,0,1,review,2,菜谱实际使用名称，待进一步规范
5030,白开水,other_food,,扩展食材,other_food,0,1,review,5,菜谱实际使用名称，待进一步规范
5031,白开水或高汤,composite,,扩展食材,composite,0,1,review,1,疑似复合名称，组成未完全确认
5032,白料酒,seasoning,,扩展食材,seasoning,0,1,verified,1,调味料
5033,白条或者小麻鱼,composite,,扩展食材,composite,0,1,review,1,疑似复合名称，组成未完全确认
5034,白条虾,other_food,,扩展食材,other_food,0,1,review,1,菜谱实际使用名称，待进一步规范
5035,白水,other_food,,扩展食材,other_food,0,1,review,2,菜谱实际使用名称，待进一步规范
5036,白沙台,other_food,,扩展食材,other_food,0,1,review,1,菜谱实际使用名称，待进一步规范
5037,白沙糖,seasoning,,扩展食材,seasoning,0,1,verified,2,调味料
5038,白灵菇,other_food,,扩展食材,other_food,0,1,review,1,菜谱实际使用名称，待进一步规范
5039,白煮蛋,other_food,,扩展食材,other_food,0,1,review,1,菜谱实际使用名称，待进一步规范
5040,白玉嫩豆腐,processed,,扩展食材,processed,0,1,verified,1,加工、半成品、乳制品或饮品
5041,白玉菇和蟹味菇,composite,,扩展食材,composite,0,1,review,1,疑似复合名称，组成未完全确认
5042,白玉豆腐或内酯豆腐,processed,,扩展食材,processed,0,1,verified,1,加工、半成品、乳制品或饮品
5043,白玉韧豆腐,processed,,扩展食材,processed,0,1,verified,1,加工、半成品、乳制品或饮品
5044,白瓷勺大生抽,other_food,,扩展食材,other_food,0,1,review,1,菜谱实际使用名称，待进一步规范
5045,白砂糖/零卡糖/代糖…,composite,,扩展食材,composite,0,1,review,1,疑似复合名称，组成未完全确认
5046,白米酒,seasoning,,扩展食材,seasoning,0,1,verified,2,调味料
5047,白米醋,seasoning,,扩展食材,seasoning,0,1,verified,7,调味料
5048,白米饭,processed,,扩展食材,processed,0,1,verified,3,加工、半成品、乳制品或饮品
5049,白粿,other_food,,扩展食材,other_food,0,1,review,3,菜谱实际使用名称，待进一步规范
5050,白糖,seasoning,,扩展食材,seasoning,0,1,verified,795,调味料
5051,白糖/冰糖,composite,,扩展食材,composite,0,1,review,1,疑似复合名称，组成未完全确认
5052,白糖/砂糖,seasoning,,扩展食材,seasoning,0,1,verified,1,调味料
5053,白糖/糖浆,composite,,扩展食材,composite,0,1,review,1,疑似复合名称，组成未完全确认
5054,白糖大,other_food,,扩展食材,other_food,0,1,review,1,菜谱实际使用名称，待进一步规范
5055,白糖或冰糖,seasoning,,扩展食材,seasoning,0,1,verified,1,调味料
5056,白糖或者冰糖,seasoning,,扩展食材,seasoning,0,1,verified,1,调味料
5057,白肉,other_food,,扩展食材,other_food,0,1,review,1,菜谱实际使用名称，待进一步规范
5058,白胡椒,seasoning,,扩展食材,seasoning,0,1,verified,79,调味料
5059,白胡椒碎,other_food,,扩展食材,other_food,0,1,review,3,菜谱实际使用名称，待进一步规范
5060,白胡椒粉,seasoning,,扩展食材,seasoning,0,1,verified,236,调味料
5061,白胡椒粉/胡椒粒,composite,,扩展食材,composite,0,1,review,1,疑似复合名称，组成未完全确认
5062,白胡椒粉或五香粉,composite,,扩展食材,composite,0,1,review,1,疑似复合名称，组成未完全确认
5063,白胡椒粒,other_food,,扩展食材,other_food,0,1,review,4,菜谱实际使用名称，待进一步规范
5064,白胡椒面,seasoning,,扩展食材,seasoning,0,1,verified,1,调味料
5065,白腐乳,seasoning,,扩展食材,seasoning,0,1,verified,2,调味料
5066,白芝麻或黑芝麻,composite,,扩展食材,composite,0,1,review,1,疑似复合名称，组成未完全确认
5067,白芦笋,other_food,,扩展食材,other_food,0,1,review,3,菜谱实际使用名称，待进一步规范
5068,白芷,other_food,,扩展食材,other_food,0,1,review,5,菜谱实际使用名称，待进一步规范
5069,白芹菜,other_food,,扩展食材,other_food,0,1,review,2,菜谱实际使用名称，待进一步规范
5070,白茯苓,other_food,,扩展食材,other_food,0,1,review,1,菜谱实际使用名称，待进一步规范
5071,白莲,other_food,,扩展食材,other_food,0,1,review,1,菜谱实际使用名称，待进一步规范
5072,白莲子,other_food,,扩展食材,other_food,0,1,review,1,菜谱实际使用名称，待进一步规范
5073,白菇或金针菇,composite,,扩展食材,composite,0,1,review,1,疑似复合名称，组成未完全确认
5074,白菜叶子,other_food,,扩展食材,other_food,0,1,review,2,菜谱实际使用名称，待进一步规范
5075,白菜帮,other_food,,扩展食材,other_food,0,1,review,3,菜谱实际使用名称，待进一步规范
5076,白菜帮子,other_food,,扩展食材,other_food,0,1,review,1,菜谱实际使用名称，待进一步规范
5077,白菜干,other_food,,扩展食材,other_food,0,1,review,2,菜谱实际使用名称，待进一步规范
5078,白菜心或娃娃菜,composite,,扩展食材,composite,0,1,review,1,疑似复合名称，组成未完全确认
5079,白菜或娃娃菜,composite,,扩展食材,composite,0,1,review,1,疑似复合名称，组成未完全确认
5080,白菜或油菜,composite,,扩展食材,composite,0,1,review,1,疑似复合名称，组成未完全确认
5081,白菜或者包菜,composite,,扩展食材,composite,0,1,review,1,疑似复合名称，组成未完全确认
5082,白菜泡菜,processed,,扩展食材,processed,0,1,verified,1,加工、半成品、乳制品或饮品
5083,白菜炒木耳,other_food,,扩展食材,other_food,0,1,review,1,菜谱实际使用名称，待进一步规范
5084,白菜芯,other_food,,扩展食材,other_food,0,1,review,2,菜谱实际使用名称，待进一步规范
5085,白菜花,other_food,,扩展食材,other_food,0,1,review,2,菜谱实际使用名称，待进一步规范
5086,白菜🥬,other_food,,扩展食材,other_food,0,1,review,1,菜谱实际使用名称，待进一步规范
5087,白葡萄酒,seasoning,,扩展食材,seasoning,0,1,verified,4,调味料
5088,白蔻,other_food,,扩展食材,other_food,0,1,review,2,菜谱实际使用名称，待进一步规范
5089,白薯淀粉,processed,,扩展食材,processed,0,1,verified,1,加工、半成品、乳制品或饮品
5090,白藜麦,other_food,,扩展食材,other_food,0,1,review,1,菜谱实际使用名称，待进一步规范
5091,白虾,other_food,,扩展食材,other_food,0,1,review,2,菜谱实际使用名称，待进一步规范
5092,白蛤,other_food,,扩展食材,other_food,0,1,review,1,菜谱实际使用名称，待进一步规范
5093,白豆干,processed,,扩展食材,processed,0,1,verified,1,加工、半成品、乳制品或饮品
5094,白豆腐,processed,,扩展食材,processed,0,1,verified,1,加工、半成品、乳制品或饮品
5095,白豆腐干,processed,,扩展食材,processed,0,1,verified,1,加工、半成品、乳制品或饮品
5096,白豆蔻,seasoning,,扩展食材,seasoning,0,1,verified,2,调味料
5097,白豆角,other_food,,扩展食材,other_food,0,1,review,1,菜谱实际使用名称，待进一步规范
5098,白贝,other_food,,扩展食材,other_food,0,1,review,5,菜谱实际使用名称，待进一步规范
5099,白辣椒,other_food,,扩展食材,other_food,0,1,review,1,菜谱实际使用名称，待进一步规范
5100,白酒,seasoning,,扩展食材,seasoning,0,1,verified,63,调味料
5101,白酒或料酒,seasoning,,扩展食材,seasoning,0,1,verified,2,调味料
5102,白酒最佳,processed,,扩展食材,processed,0,1,verified,1,加工、半成品、乳制品或饮品
5103,白酱油,seasoning,,扩展食材,seasoning,0,1,verified,1,调味料
5104,白醋,seasoning,,扩展食材,seasoning,0,1,verified,111,调味料
5105,白面,other_food,,扩展食材,other_food,0,1,review,1,菜谱实际使用名称，待进一步规范
5106,白面或荞面或玉米面,composite,,扩展食材,composite,0,1,review,1,疑似复合名称，组成未完全确认
5107,白馒头,processed,,扩展食材,processed,0,1,verified,1,加工、半成品、乳制品或饮品
5108,白鱼干,processed,,扩展食材,processed,0,1,verified,1,加工、半成品、乳制品或饮品
5109,白鲫,other_food,,扩展食材,other_food,0,1,review,1,菜谱实际使用名称，待进一步规范
5110,白鲫鱼,other_food,,扩展食材,other_food,0,1,review,1,菜谱实际使用名称，待进一步规范
5111,白鳝,other_food,,扩展食材,other_food,0,1,review,1,菜谱实际使用名称，待进一步规范
5112,白鳝鱼,other_food,,扩展食材,other_food,0,1,review,1,菜谱实际使用名称，待进一步规范
5113,百利牌袋装意面酱,seasoning,,扩展食材,seasoning,0,1,verified,1,调味料
5114,百叶,other_food,,扩展食材,other_food,0,1,review,6,菜谱实际使用名称，待进一步规范
5115,百叶包肉,other_food,,扩展食材,other_food,0,1,review,1,菜谱实际使用名称，待进一步规范
5116,百叶结,other_food,,扩展食材,other_food,0,1,review,2,菜谱实际使用名称，待进一步规范
5117,百合干,other_food,,扩展食材,other_food,0,1,review,1,菜谱实际使用名称，待进一步规范
5118,百多梦咖喱块,other_food,,扩展食材,other_food,0,1,review,1,菜谱实际使用名称，待进一步规范
5119,百梦多咖喱,seasoning,,扩展食材,seasoning,0,1,verified,1,调味料
5120,百梦多咖喱块,other_food,,扩展食材,other_food,0,1,review,3,菜谱实际使用名称，待进一步规范
5121,百里香,seasoning,,扩展食材,seasoning,0,1,verified,3,调味料
5122,百里香叶,seasoning,,扩展食材,seasoning,0,1,verified,1,调味料
5123,百里香碎,seasoning,,扩展食材,seasoning,0,1,verified,1,调味料
5124,皇子菇,other_food,,扩展食材,other_food,0,1,review,1,菜谱实际使用名称，待进一步规范
5125,皖鱼,other_food,,扩展食材,other_food,0,1,review,1,菜谱实际使用名称，待进一步规范
5126,皖鱼肉,other_food,,扩展食材,other_food,0,1,review,1,菜谱实际使用名称，待进一步规范
5127,皮,other_food,,扩展食材,other_food,0,1,review,2,菜谱实际使用名称，待进一步规范
5128,皮牙子,other_food,,扩展食材,other_food,0,1,review,1,菜谱实际使用名称，待进一步规范
5129,皮蛋,processed,,扩展食材,processed,0,1,verified,52,加工、半成品、乳制品或饮品
5130,皱皮椒,other_food,,扩展食材,other_food,0,1,review,1,菜谱实际使用名称，待进一步规范
5131,皱皮辣椒,other_food,,扩展食材,other_food,0,1,review,1,菜谱实际使用名称，待进一步规范
5132,盆,other_food,,扩展食材,other_food,0,1,review,1,菜谱实际使用名称，待进一步规范
5133,盎司凤尾鱼罐头,processed,,扩展食材,processed,0,1,verified,1,加工、半成品、乳制品或饮品
5134,盐,seasoning,,扩展食材,seasoning,0,1,verified,5562,调味料
5135,盐.鸡精.胡椒粉,other_food,,扩展食材,other_food,0,1,review,1,菜谱实际使用名称，待进一步规范
5136,盐/冰糖,composite,,扩展食材,composite,0,1,review,1,疑似复合名称，组成未完全确认
5137,盐/味精,composite,,扩展食材,composite,0,1,review,1,疑似复合名称，组成未完全确认
5138,盐/料酒/生抽,composite,,扩展食材,composite,0,1,review,1,疑似复合名称，组成未完全确认
5139,盐/生抽/鱼露,composite,,扩展食材,composite,0,1,review,1,疑似复合名称，组成未完全确认
5140,盐/糖/胡椒粉,composite,,扩展食材,composite,0,1,review,1,疑似复合名称，组成未完全确认
5141,盐/鸡粉,composite,,扩展食材,composite,0,1,review,3,疑似复合名称，组成未完全确认
5142,盐一点点,seasoning,,扩展食材,seasoning,0,1,verified,1,调味料
5143,盐冰糖,seasoning,,扩展食材,seasoning,0,1,verified,1,调味料
5144,盐勺酱油,seasoning,,扩展食材,seasoning,0,1,verified,1,调味料
5145,盐匙十三香,other_food,,扩展食材,other_food,0,1,review,1,菜谱实际使用名称，待进一步规范
5146,盐匙盐,seasoning,,扩展食材,seasoning,0,1,verified,3,调味料
5147,盐匙糖,other_food,,扩展食材,other_food,0,1,review,1,菜谱实际使用名称，待进一步规范
5148,盐卤老豆腐,processed,,扩展食材,processed,0,1,verified,1,加工、半成品、乳制品或饮品
5149,盐卤豆腐,seasoning,,扩展食材,seasoning,0,1,verified,1,调味料
5150,盐味精耗油生抽老抽十三香葱蒜,other_food,,扩展食材,other_food,0,1,review,1,菜谱实际使用名称，待进一步规范
5151,盐味精鸡精,seasoning,,扩展食材,seasoning,0,1,verified,1,调味料
5152,盐和味精,seasoning,,扩展食材,seasoning,0,1,verified,1,调味料
5153,盐和油,seasoning,,扩展食材,seasoning,0,1,verified,1,调味料
5154,盐和生抽,seasoning,,扩展食材,seasoning,0,1,verified,1,调味料
5155,盐和胡椒,seasoning,,扩展食材,seasoning,0,1,verified,2,调味料
5156,盐和胡椒粉,seasoning,,扩展食材,seasoning,0,1,verified,1,调味料
5157,盐和花椒粉,composite,,扩展食材,composite,0,1,review,1,疑似复合名称，组成未完全确认
5158,盐和黑胡椒,seasoning,,扩展食材,seasoning,0,1,verified,1,调味料
5159,盐小,other_food,,扩展食材,other_food,0,1,review,1,菜谱实际使用名称，待进一步规范
5160,盐或者鱼露,composite,,扩展食材,composite,0,1,review,1,疑似复合名称，组成未完全确认
5161,盐水,seasoning,,扩展食材,seasoning,0,1,verified,1,调味料
5162,盐油,seasoning,,扩展食材,seasoning,0,1,verified,3,调味料
5163,盐油淀粉酱油耗油白醋,seasoning,,扩展食材,seasoning,0,1,verified,1,调味料
5164,盐渍笋片,other_food,,扩展食材,other_food,0,1,review,1,菜谱实际使用名称，待进一步规范
5165,盐焗粉,seasoning,,扩展食材,seasoning,0,1,verified,1,调味料
5166,盐焗鸡粉,seasoning,,扩展食材,seasoning,0,1,verified,6,调味料
5167,盐白胡椒,seasoning,,扩展食材,seasoning,0,1,verified,1,调味料
5168,盐糖,seasoning,,扩展食材,seasoning,0,1,verified,5,调味料
5169,盐糖酱油料酒,seasoning,,扩展食材,seasoning,0,1,verified,1,调味料
5170,盐糖鸡粉,seasoning,,扩展食材,seasoning,0,1,verified,1,调味料
5171,盐糖鸡精,seasoning,,扩展食材,seasoning,0,1,verified,1,调味料
5172,盐耗油酱油老抽冰糖料酒就行啦,other_food,,扩展食材,other_food,0,1,review,1,菜谱实际使用名称，待进一步规范
5173,盐肉沫儿,other_food,,扩展食材,other_food,0,1,review,1,菜谱实际使用名称，待进一步规范
5174,盐胡椒粉料酒,seasoning,,扩展食材,seasoning,0,1,verified,1,调味料
5175,盐胡椒面姜粉花椒粉,other_food,,扩展食材,other_food,0,1,review,1,菜谱实际使用名称，待进一步规范
5176,盐茜,other_food,,扩展食材,other_food,0,1,review,1,菜谱实际使用名称，待进一步规范
5177,盐菜,seasoning,,扩展食材,seasoning,0,1,verified,2,调味料
5178,盐葱姜各,other_food,,扩展食材,other_food,0,1,review,1,菜谱实际使用名称，待进一步规范
5179,盐葱姜蒜,other_food,,扩展食材,other_food,0,1,review,1,菜谱实际使用名称，待进一步规范
5180,盐鸡粉,seasoning,,扩展食材,seasoning,0,1,verified,1,调味料
5181,盐鸡粉糖,seasoning,,扩展食材,seasoning,0,1,verified,1,调味料
5182,盐鸡精,seasoning,,扩展食材,seasoning,0,1,verified,5,调味料
5183,盐鸡精十三香,other_food,,扩展食材,other_food,0,1,review,1,菜谱实际使用名称，待进一步规范
5184,盐鸡精味精,seasoning,,扩展食材,seasoning,0,1,verified,1,调味料
5185,盐黑胡椒粉,seasoning,,扩展食材,seasoning,0,1,verified,1,调味料
5186,盐🧂,other_food,,扩展食材,other_food,0,1,review,5,菜谱实际使用名称，待进一步规范
5187,盒海带丝,other_food,,扩展食材,other_food,0,1,review,1,菜谱实际使用名称，待进一步规范
5188,盒豆腐,processed,,扩展食材,processed,0,1,verified,1,加工、半成品、乳制品或饮品
5189,盖二锅头,seasoning,,扩展食材,seasoning,0,1,verified,1,调味料
5190,盖味极鲜或生抽,composite,,扩展食材,composite,0,1,review,1,疑似复合名称，组成未完全确认
5191,盖味极鲜酱油,seasoning,,扩展食材,seasoning,0,1,verified,1,调味料
5192,盖料酒,seasoning,,扩展食材,seasoning,0,1,verified,10,调味料
5193,盖橄榄油,seasoning,,扩展食材,seasoning,0,1,verified,1,调味料
5194,盖生抽,seasoning,,扩展食材,seasoning,0,1,verified,2,调味料
5195,盖白朗姆酒,seasoning,,扩展食材,seasoning,0,1,verified,1,调味料
5196,盖白酒,seasoning,,扩展食材,seasoning,0,1,verified,7,调味料
5197,盖菜,other_food,,扩展食材,other_food,0,1,review,1,菜谱实际使用名称，待进一步规范
5198,盖过锅底即可花生油,seasoning,,扩展食材,seasoning,0,1,verified,1,调味料
5199,盖过锅底油,seasoning,,扩展食材,seasoning,0,1,verified,1,调味料
5200,盖酱油,seasoning,,扩展食材,seasoning,0,1,verified,1,调味料
5201,盖醋,seasoning,,扩展食材,seasoning,0,1,verified,1,调味料
5202,盖黄酒,seasoning,,扩展食材,seasoning,0,1,verified,2,调味料
5203,盘干笋丝,other_food,,扩展食材,other_food,0,1,review,1,菜谱实际使用名称，待进一步规范
5204,盘淀粉,seasoning,,扩展食材,seasoning,0,1,verified,1,调味料
5205,目鱼卷,other_food,,扩展食材,other_food,0,1,review,1,菜谱实际使用名称，待进一步规范
5206,盲曹鱼🐟,other_food,,扩展食材,other_food,0,1,review,1,菜谱实际使用名称，待进一步规范
5207,眉毛肉,other_food,,扩展食材,other_food,0,1,review,1,菜谱实际使用名称，待进一步规范
5208,看不白葡萄酒,seasoning,,扩展食材,seasoning,0,1,verified,1,调味料
5209,看个人,other_food,,扩展食材,other_food,0,1,review,1,菜谱实际使用名称，待进一步规范
5210,看个人口味加杭椒,other_food,,扩展食材,other_food,0,1,review,1,菜谱实际使用名称，待进一步规范
5211,看个人口味桂林辣椒酱,seasoning,,扩展食材,seasoning,0,1,verified,1,调味料
5212,看个人喜好,other_food,,扩展食材,other_food,0,1,review,1,菜谱实际使用名称，待进一步规范
5213,看个人喜好蒜,other_food,,扩展食材,other_food,0,1,review,1,菜谱实际使用名称，待进一步规范
5214,看个人喜好香菜,other_food,,扩展食材,other_food,0,1,review,1,菜谱实际使用名称，待进一步规范
5215,看个人需求虾仁,other_food,,扩展食材,other_food,0,1,review,1,菜谱实际使用名称，待进一步规范
5216,看人数放面粉,processed,,扩展食材,processed,0,1,verified,1,加工、半成品、乳制品或饮品
5217,看你咯芹菜碎,other_food,,扩展食材,other_food,0,1,review,1,菜谱实际使用名称，待进一步规范
5218,看你喜好蛤蜊,other_food,,扩展食材,other_food,0,1,review,1,菜谱实际使用名称，待进一步规范
5219,看你存货情况瘦肉,other_food,,扩展食材,other_food,0,1,review,1,菜谱实际使用名称，待进一步规范
5220,看你心情,other_food,,扩展食材,other_food,0,1,review,1,菜谱实际使用名称，待进一步规范
5221,看你想吃多少鸡块,other_food,,扩展食材,other_food,0,1,review,1,菜谱实际使用名称，待进一步规范
5222,看你能吃多少牛肉片,other_food,,扩展食材,other_food,0,1,review,1,菜谱实际使用名称，待进一步规范
5223,看你能吃多辣啦干辣椒或者郫县豆瓣酱或者别什么酱,seasoning,,扩展食材,seasoning,0,1,verified,1,调味料
5224,看你黄冰糖,other_food,,扩展食材,other_food,0,1,review,1,菜谱实际使用名称，待进一步规范
5225,看冬瓜,other_food,,扩展食材,other_food,0,1,review,1,菜谱实际使用名称，待进一步规范
5226,看冰糖大小随便扔下去黄冰糖,other_food,,扩展食材,other_food,0,1,review,1,菜谱实际使用名称，待进一步规范
5227,看加吧,other_food,,扩展食材,other_food,0,1,review,1,菜谱实际使用名称，待进一步规范
5228,看口味,other_food,,扩展食材,other_food,0,1,review,1,菜谱实际使用名称，待进一步规范
5229,看口味啦,other_food,,扩展食材,other_food,0,1,review,1,菜谱实际使用名称，待进一步规范
5230,看口味啦干辣椒,seasoning,,扩展食材,seasoning,0,1,verified,1,调味料
5231,看口味轻重盐,other_food,,扩展食材,other_food,0,1,review,1,菜谱实际使用名称，待进一步规范
5232,看吃辣程度干辣椒,seasoning,,扩展食材,seasoning,0,1,verified,1,调味料
5233,看吃饭人数,other_food,,扩展食材,other_food,0,1,review,1,菜谱实际使用名称，待进一步规范
5234,看图五花肉,other_food,,扩展食材,other_food,0,1,review,1,菜谱实际使用名称，待进一步规范
5235,看图片卤料,other_food,,扩展食材,other_food,0,1,review,1,菜谱实际使用名称，待进一步规范
5236,看图片葱姜蒜,other_food,,扩展食材,other_food,0,1,review,1,菜谱实际使用名称，待进一步规范
5237,看家庭人数八爪鱼,other_food,,扩展食材,other_food,0,1,review,1,菜谱实际使用名称，待进一步规范
5238,看心情姜,other_food,,扩展食材,other_food,0,1,review,1,菜谱实际使用名称，待进一步规范
5239,看心情干辣椒,seasoning,,扩展食材,seasoning,0,1,verified,1,调味料
5240,看心情盐,seasoning,,扩展食材,seasoning,0,1,verified,1,调味料
5241,看心情看葱,other_food,,扩展食材,other_food,0,1,review,1,菜谱实际使用名称，待进一步规范
5242,看心情肉末,other_food,,扩展食材,other_food,0,1,review,1,菜谱实际使用名称，待进一步规范
5243,看心情腰果,other_food,,扩展食材,other_food,0,1,review,1,菜谱实际使用名称，待进一步规范
5244,看心情花椒粒,other_food,,扩展食材,other_food,0,1,review,1,菜谱实际使用名称，待进一步规范
5245,看心情花生,other_food,,扩展食材,other_food,0,1,review,1,菜谱实际使用名称，待进一步规范
5246,看心情葱,other_food,,扩展食材,other_food,0,1,review,1,菜谱实际使用名称，待进一步规范
5247,看心情黑胡椒,other_food,,扩展食材,other_food,0,1,review,1,菜谱实际使用名称，待进一步规范
5248,看情况放~盐,other_food,,扩展食材,other_food,0,1,review,1,菜谱实际使用名称，待进一步规范
5249,看情况油,seasoning,,扩展食材,seasoning,0,1,verified,1,调味料
5250,看情况生抽,other_food,,扩展食材,other_food,0,1,review,1,菜谱实际使用名称，待进一步规范
5251,看情况盐,seasoning,,扩展食材,seasoning,0,1,verified,1,调味料
5252,看情况蒜,other_food,,扩展食材,other_food,0,1,review,1,菜谱实际使用名称，待进一步规范
5253,看想吃多少牛肉,other_food,,扩展食材,other_food,0,1,review,1,菜谱实际使用名称，待进一步规范
5254,看盘子,other_food,,扩展食材,other_food,0,1,review,1,菜谱实际使用名称，待进一步规范
5255,看着倒耗油,seasoning,,扩展食材,seasoning,0,1,verified,1,调味料
5256,看着办克猪肉,other_food,,扩展食材,other_food,0,1,review,1,菜谱实际使用名称，待进一步规范
5257,看着加盐,other_food,,扩展食材,other_food,0,1,review,1,菜谱实际使用名称，待进一步规范
5258,看着加辣椒面,other_food,,扩展食材,other_food,0,1,review,1,菜谱实际使用名称，待进一步规范
5259,看着放我抓了一小撮花椒,other_food,,扩展食材,other_food,0,1,review,1,菜谱实际使用名称，待进一步规范
5260,看着来吧木耳,other_food,,扩展食材,other_food,0,1,review,1,菜谱实际使用名称，待进一步规范
5261,看着来料酒,seasoning,,扩展食材,seasoning,0,1,verified,1,调味料
5262,看着来木耳,other_food,,扩展食材,other_food,0,1,review,1,菜谱实际使用名称，待进一步规范
5263,看着来盐,other_food,,扩展食材,other_food,0,1,review,1,菜谱实际使用名称，待进一步规范
5264,看着给五花肉,other_food,,扩展食材,other_food,0,1,review,1,菜谱实际使用名称，待进一步规范
5265,看肉量,other_food,,扩展食材,other_food,0,1,review,1,菜谱实际使用名称，待进一步规范
5266,看能吃多少,other_food,,扩展食材,other_food,0,1,review,1,菜谱实际使用名称，待进一步规范
5267,看自己凶猛程度新鲜朝天小红椒,other_food,,扩展食材,other_food,0,1,review,1,菜谱实际使用名称，待进一步规范
5268,看自己口味勺腊八醋,seasoning,,扩展食材,seasoning,0,1,verified,1,调味料
5269,看自己口味小米辣,other_food,,扩展食材,other_food,0,1,review,1,菜谱实际使用名称，待进一步规范
5270,看自己口味盐,other_food,,扩展食材,other_food,0,1,review,1,菜谱实际使用名称，待进一步规范
5271,看自己口味辣椒,other_food,,扩展食材,other_food,0,1,review,1,菜谱实际使用名称，待进一步规范
5272,看自己吃辣程度干辣椒,seasoning,,扩展食材,seasoning,0,1,verified,1,调味料
5273,看自己吃辣能力,other_food,,扩展食材,other_food,0,1,review,1,菜谱实际使用名称，待进一步规范
5274,看自己啦肉肉,other_food,,扩展食材,other_food,0,1,review,1,菜谱实际使用名称，待进一步规范
5275,看自己扁豆,other_food,,扩展食材,other_food,0,1,review,1,菜谱实际使用名称，待进一步规范
5276,看自己肉丝儿,other_food,,扩展食材,other_food,0,1,review,1,菜谱实际使用名称，待进一步规范
5277,看自己量盐,other_food,,扩展食材,other_food,0,1,review,1,菜谱实际使用名称，待进一步规范
5278,看量冬瓜,other_food,,扩展食材,other_food,0,1,review,1,菜谱实际使用名称，待进一步规范
5279,看量放多点油,seasoning,,扩展食材,seasoning,0,1,verified,1,调味料
5280,看颜色酱油,seasoning,,扩展食材,seasoning,0,1,verified,1,调味料
5281,看饭量虾,other_food,,扩展食材,other_food,0,1,review,1,菜谱实际使用名称，待进一步规范
5282,真姬白玉菇,other_food,,扩展食材,other_food,0,1,review,1,菜谱实际使用名称，待进一步规范
5283,真姬菇,other_food,,扩展食材,other_food,0,1,review,2,菜谱实际使用名称，待进一步规范
5284,短茄子,other_food,,扩展食材,other_food,0,1,review,1,菜谱实际使用名称，待进一步规范
5285,矮茄子,other_food,,扩展食材,other_food,0,1,review,1,菜谱实际使用名称，待进一步规范
5286,石屏豆皮,processed,,扩展食材,processed,0,1,verified,1,加工、半成品、乳制品或饮品
5287,石斛,other_food,,扩展食材,other_food,0,1,review,2,菜谱实际使用名称，待进一步规范
5288,石窖黄金虾调味料,seasoning,,扩展食材,seasoning,0,1,verified,1,调味料
5289,石笋干,processed,,扩展食材,processed,0,1,verified,1,加工、半成品、乳制品或饮品
5290,石螺,other_food,,扩展食材,other_food,0,1,review,1,菜谱实际使用名称，待进一步规范
5291,矿泉水,other_food,,扩展食材,other_food,0,1,review,2,菜谱实际使用名称，待进一步规范
5292,矿请木耳,other_food,,扩展食材,other_food,0,1,review,1,菜谱实际使用名称，待进一步规范
5293,码农辛苦未经许可请勿转载,other_food,,扩展食材,other_food,0,1,review,1,菜谱实际使用名称，待进一步规范
5294,码味,other_food,,扩展食材,other_food,0,1,review,1,菜谱实际使用名称，待进一步规范
5295,砂仁,other_food,,扩展食材,other_food,0,1,review,2,菜谱实际使用名称，待进一步规范
5296,砂锅九分满清水,other_food,,扩展食材,other_food,0,1,review,1,菜谱实际使用名称，待进一步规范
5297,硬豆腐,processed,,扩展食材,processed,0,1,verified,1,加工、半成品、乳制品或饮品
5298,碎冰糖,seasoning,,扩展食材,seasoning,0,1,verified,1,调味料
5299,碎块桂皮,other_food,,扩展食材,other_food,0,1,review,1,菜谱实际使用名称，待进一步规范
5300,碎木耳,other_food,,扩展食材,other_food,0,1,review,1,菜谱实际使用名称，待进一步规范
5301,碎米芽菜,processed,,扩展食材,processed,0,1,verified,1,加工、半成品、乳制品或饮品
5302,碎肉,other_food,,扩展食材,other_food,0,1,review,1,菜谱实际使用名称，待进一步规范
5303,碎芝士,processed,,扩展食材,processed,0,1,verified,1,加工、半成品、乳制品或饮品
5304,碎芝麻,other_food,,扩展食材,other_food,0,1,review,1,菜谱实际使用名称，待进一步规范
5305,碗三米饭,processed,,扩展食材,processed,0,1,verified,1,加工、半成品、乳制品或饮品
5306,碗佬米酒,seasoning,,扩展食材,seasoning,0,1,verified,1,调味料
5307,碗剩米饭,processed,,扩展食材,processed,0,1,verified,2,加工、半成品、乳制品或饮品
5308,碗外婆菜,other_food,,扩展食材,other_food,0,1,review,1,菜谱实际使用名称，待进一步规范
5309,碗姜蒜水,other_food,,扩展食材,other_food,0,1,review,1,菜谱实际使用名称，待进一步规范
5310,碗梅干菜,processed,,扩展食材,processed,0,1,verified,1,加工、半成品、乳制品或饮品
5311,碗水,other_food,,扩展食材,other_food,0,1,review,3,菜谱实际使用名称，待进一步规范
5312,碗水淀粉,processed,,扩展食材,processed,0,1,verified,3,加工、半成品、乳制品或饮品
5313,碗浓淘米水,other_food,,扩展食材,other_food,0,1,review,1,菜谱实际使用名称，待进一步规范
5314,碗清水,other_food,,扩展食材,other_food,0,1,review,2,菜谱实际使用名称，待进一步规范
5315,碗温水,other_food,,扩展食材,other_food,0,1,review,1,菜谱实际使用名称，待进一步规范
5316,碗猪肉带点肥,other_food,,扩展食材,other_food,0,1,review,1,菜谱实际使用名称，待进一步规范
5317,碗米饭,processed,,扩展食材,processed,0,1,verified,3,加工、半成品、乳制品或饮品
5318,碗芡,other_food,,扩展食材,other_food,0,1,review,1,菜谱实际使用名称，待进一步规范
5319,碗藤椒,seasoning,,扩展食材,seasoning,0,1,verified,1,调味料
5320,碗醋,seasoning,,扩展食材,seasoning,0,1,verified,1,调味料
5321,碗银鱼干,processed,,扩展食材,processed,0,1,verified,1,加工、半成品、乳制品或饮品
5322,碗隔夜米饭,processed,,扩展食材,processed,0,1,verified,1,加工、半成品、乳制品或饮品
5323,碗面粉,processed,,扩展食材,processed,0,1,verified,1,加工、半成品、乳制品或饮品
5324,碗香菇水或清水,composite,,扩展食材,composite,0,1,review,1,疑似复合名称，组成未完全确认
5325,碗高汤,other_food,,扩展食材,other_food,0,1,review,2,菜谱实际使用名称，待进一步规范
5326,碗黄花,other_food,,扩展食材,other_food,0,1,review,1,菜谱实际使用名称，待进一步规范
5327,碘盐,seasoning,,扩展食材,seasoning,0,1,verified,1,调味料
5328,碟藜麦,other_food,,扩展食材,other_food,0,1,review,1,菜谱实际使用名称，待进一步规范
5329,碟高汤,other_food,,扩展食材,other_food,0,1,review,1,菜谱实际使用名称，待进一步规范
5330,碱,other_food,,扩展食材,other_food,0,1,review,1,菜谱实际使用名称，待进一步规范
5331,碱水面,seasoning,,扩展食材,seasoning,0,1,verified,1,调味料
5332,碱粉,other_food,,扩展食材,other_food,0,1,review,1,菜谱实际使用名称，待进一步规范
5333,碱面,seasoning,,扩展食材,seasoning,0,1,verified,3,调味料
5334,碳水主食类,other_food,,扩展食材,other_food,0,1,review,1,菜谱实际使用名称，待进一步规范
5335,磅牛筒骨,other_food,,扩展食材,other_food,0,1,review,1,菜谱实际使用名称，待进一步规范
5336,磅牛腩,other_food,,扩展食材,other_food,0,1,review,1,菜谱实际使用名称，待进一步规范
5337,磅盲曹鱼,other_food,,扩展食材,other_food,0,1,review,1,菜谱实际使用名称，待进一步规范
5338,磅鱼,other_food,,扩展食材,other_food,0,1,review,1,菜谱实际使用名称，待进一步规范
5339,磨菇,other_food,,扩展食材,other_food,0,1,review,1,菜谱实际使用名称，待进一步规范
5340,磨豉酱,seasoning,,扩展食材,seasoning,0,1,verified,1,调味料
5341,祖名薄百叶,other_food,,扩展食材,other_food,0,1,review,1,菜谱实际使用名称，待进一步规范
5342,祘,other_food,,扩展食材,other_food,0,1,review,2,菜谱实际使用名称，待进一步规范
5343,福寿鱼,other_food,,扩展食材,other_food,0,1,review,2,菜谱实际使用名称，待进一步规范
5344,福建老酒,seasoning,,扩展食材,seasoning,0,1,verified,1,调味料
5345,禾然机味增,other_food,,扩展食材,other_food,0,1,review,1,菜谱实际使用名称，待进一步规范
5346,禾然机米香料酒,seasoning,,扩展食材,seasoning,0,1,verified,2,调味料
5347,禾然机豆瓣酱,seasoning,,扩展食材,seasoning,0,1,verified,1,调味料
5348,禾然机酱油,seasoning,,扩展食材,seasoning,0,1,verified,1,调味料
5349,禾然机醇酱油,seasoning,,扩展食材,seasoning,0,1,verified,1,调味料
5350,秀珍菇,other_food,,时令食材,季节数据补充,0,1,review,6,菜谱实际使用名称，待进一步规范
5351,秋后小木耳,other_food,,扩展食材,other_food,0,1,review,1,菜谱实际使用名称，待进一步规范
5352,秋瓜,other_food,,扩展食材,other_food,0,1,review,1,菜谱实际使用名称，待进一步规范
5353,秋耳,other_food,,扩展食材,other_food,0,1,review,1,菜谱实际使用名称，待进一步规范
5354,种杂粮,other_food,,扩展食材,other_food,0,1,review,1,菜谱实际使用名称，待进一步规范
5355,秘制豆瓣酱,seasoning,,扩展食材,seasoning,0,1,verified,1,调味料
5356,秦椒面,other_food,,扩展食材,other_food,0,1,review,1,菜谱实际使用名称，待进一步规范
5357,稍多一些蒜,other_food,,扩展食材,other_food,0,1,review,1,菜谱实际使用名称，待进一步规范
5358,稍多油,seasoning,,扩展食材,seasoning,0,1,verified,1,调味料
5359,稍多点儿油,seasoning,,扩展食材,seasoning,0,1,verified,1,调味料
5360,稍多花椒粒,other_food,,扩展食材,other_food,0,1,review,1,菜谱实际使用名称，待进一步规范
5361,稍多蒜,other_food,,扩展食材,other_food,0,1,review,1,菜谱实际使用名称，待进一步规范
5362,稍微多一点点油,seasoning,,扩展食材,seasoning,0,1,verified,1,调味料
5363,稍微多些油,seasoning,,扩展食材,seasoning,0,1,verified,1,调味料
5364,稍浸泡绿豆芽,other_food,,扩展食材,other_food,0,1,review,1,菜谱实际使用名称，待进一步规范
5365,稍许姜,other_food,,扩展食材,other_food,0,1,review,1,菜谱实际使用名称，待进一步规范
5366,空心菜干,other_food,,扩展食材,other_food,0,1,review,1,菜谱实际使用名称，待进一步规范
5367,空心菜杆,other_food,,扩展食材,other_food,0,1,review,1,菜谱实际使用名称，待进一步规范
5368,空心菜梗,other_food,,扩展食材,other_food,0,1,review,3,菜谱实际使用名称，待进一步规范
5369,窖藏醋,seasoning,,扩展食材,seasoning,0,1,verified,1,调味料
5370,窝笋,other_food,,扩展食材,other_food,0,1,review,2,菜谱实际使用名称，待进一步规范
5371,章鱼干,processed,,扩展食材,processed,0,1,verified,2,加工、半成品、乳制品或饮品
5372,章鱼脚,other_food,,扩展食材,other_food,0,1,review,1,菜谱实际使用名称，待进一步规范
5373,章鱼腿,other_food,,扩展食材,other_food,0,1,review,1,菜谱实际使用名称，待进一步规范
5374,章鱼足,other_food,,扩展食材,other_food,0,1,review,3,菜谱实际使用名称，待进一步规范
5375,章鱼🐙,other_food,,扩展食材,other_food,0,1,review,1,菜谱实际使用名称，待进一步规范
5376,童仔鸡,other_food,,扩展食材,other_food,0,1,review,1,菜谱实际使用名称，待进一步规范
5377,童话茄子,other_food,,扩展食材,other_food,0,1,review,1,菜谱实际使用名称，待进一步规范
5378,竹丝鸡,other_food,,扩展食材,other_food,0,1,review,1,菜谱实际使用名称，待进一步规范
5379,竹笙,other_food,,扩展食材,other_food,0,1,review,1,菜谱实际使用名称，待进一步规范
5380,竹筒,other_food,,扩展食材,other_food,0,1,review,1,菜谱实际使用名称，待进一步规范
5381,竹签,other_food,,扩展食材,other_food,0,1,review,1,菜谱实际使用名称，待进一步规范
5382,竹节虾,other_food,,扩展食材,other_food,0,1,review,1,菜谱实际使用名称，待进一步规范
5383,竹芋粉没就放生粉,other_food,,扩展食材,other_food,0,1,review,1,菜谱实际使用名称，待进一步规范
5384,竹荪花,other_food,,扩展食材,other_food,0,1,review,1,菜谱实际使用名称，待进一步规范
5385,竹荪虾滑,processed,,扩展食材,processed,0,1,verified,1,加工、半成品、乳制品或饮品
5386,竹蛏,other_food,,扩展食材,other_food,0,1,review,1,菜谱实际使用名称，待进一步规范
5387,笋,other_food,,扩展食材,other_food,0,1,review,21,菜谱实际使用名称，待进一步规范
5388,笋丁,other_food,,扩展食材,other_food,0,1,review,2,菜谱实际使用名称，待进一步规范
5389,笋丝,other_food,,扩展食材,other_food,0,1,review,6,菜谱实际使用名称，待进一步规范
5390,笋壳鱼,other_food,,扩展食材,other_food,0,1,review,1,菜谱实际使用名称，待进一步规范
5391,笋子,other_food,,扩展食材,other_food,0,1,review,1,菜谱实际使用名称，待进一步规范
5392,笋尖,other_food,,扩展食材,other_food,0,1,review,2,菜谱实际使用名称，待进一步规范
5393,笋干,processed,,扩展食材,processed,0,1,verified,20,加工、半成品、乳制品或饮品
5394,笋片,other_food,,扩展食材,other_food,0,1,review,3,菜谱实际使用名称，待进一步规范
5395,笋衣,other_food,,扩展食材,other_food,0,1,review,1,菜谱实际使用名称，待进一步规范
5396,笨鸡蛋,other_food,,扩展食材,other_food,0,1,review,2,菜谱实际使用名称，待进一步规范
5397,第戎芥末酱,seasoning,,扩展食材,seasoning,0,1,verified,1,调味料
5398,等,other_food,,扩展食材,other_food,0,1,review,1,菜谱实际使用名称，待进一步规范
5399,筒骨,other_food,,扩展食材,other_food,0,1,review,7,菜谱实际使用名称，待进一步规范
5400,筛网,other_food,,扩展食材,other_food,0,1,review,1,菜谱实际使用名称，待进一步规范
5401,簡易照燒醬,other_food,,扩展食材,other_food,0,1,review,1,菜谱实际使用名称，待进一步规范
5402,米冬瓜,other_food,,扩展食材,other_food,0,1,review,1,菜谱实际使用名称，待进一步规范
5403,米凉粉,other_food,,扩展食材,other_food,0,1,review,1,菜谱实际使用名称，待进一步规范
5404,米椒/青椒,composite,,扩展食材,composite,0,1,review,1,疑似复合名称，组成未完全确认
5405,米椒和青椒,composite,,扩展食材,composite,0,1,review,1,疑似复合名称，组成未完全确认
5406,米椒圈,other_food,,扩展食材,other_food,0,1,review,1,菜谱实际使用名称，待进一步规范
5407,米椒姜蒜切末,other_food,,扩展食材,other_food,0,1,review,1,菜谱实际使用名称，待进一步规范
5408,米椒或干红辣椒🌶️,composite,,扩展食材,composite,0,1,review,1,疑似复合名称，组成未完全确认
5409,米椒或干辣椒,seasoning,,扩展食材,seasoning,0,1,verified,1,调味料
5410,米椒末,other_food,,扩展食材,other_food,0,1,review,1,菜谱实际使用名称，待进一步规范
5411,米椒碎,other_food,,扩展食材,other_food,0,1,review,1,菜谱实际使用名称，待进一步规范
5412,米椒蒜末姜末葱白,other_food,,扩展食材,other_food,0,1,review,1,菜谱实际使用名称，待进一步规范
5413,米椒🌶️,other_food,,扩展食材,other_food,0,1,review,1,菜谱实际使用名称，待进一步规范
5414,米汁,other_food,,扩展食材,other_food,0,1,review,1,菜谱实际使用名称，待进一步规范
5415,米粉,processed,,扩展食材,processed,0,1,verified,25,加工、半成品、乳制品或饮品
5416,米红椒,other_food,,扩展食材,other_food,0,1,review,1,菜谱实际使用名称，待进一步规范
5417,米线,processed,,扩展食材,processed,0,1,verified,5,加工、半成品、乳制品或饮品
5418,米线/面,processed,,扩展食材,processed,0,1,verified,1,加工、半成品、乳制品或饮品
5419,米苋,other_food,,扩展食材,other_food,0,1,review,2,菜谱实际使用名称，待进一步规范
5420,米葱,other_food,,扩展食材,other_food,0,1,review,1,菜谱实际使用名称，待进一步规范
5421,米藜麦饭,other_food,,扩展食材,other_food,0,1,review,1,菜谱实际使用名称，待进一步规范
5422,米血糕,other_food,,扩展食材,other_food,0,1,review,1,菜谱实际使用名称，待进一步规范
5423,米豆腐,processed,,扩展食材,processed,0,1,verified,3,加工、半成品、乳制品或饮品
5424,米辣切丝,other_food,,扩展食材,other_food,0,1,review,1,菜谱实际使用名称，待进一步规范
5425,米辣或辣椒皮,composite,,扩展食材,composite,0,1,review,1,疑似复合名称，组成未完全确认
5426,米辣椒,other_food,,扩展食材,other_food,0,1,review,8,菜谱实际使用名称，待进一步规范
5427,米辣椒或小青椒,composite,,扩展食材,composite,0,1,review,1,疑似复合名称，组成未完全确认
5428,米辣椒🌶️,other_food,,扩展食材,other_food,0,1,review,1,菜谱实际使用名称，待进一步规范
5429,米辣泡椒,processed,,扩展食材,processed,0,1,verified,1,加工、半成品、乳制品或饮品
5430,米辣🌶,other_food,,扩展食材,other_food,0,1,review,1,菜谱实际使用名称，待进一步规范
5431,米酒,seasoning,,扩展食材,seasoning,0,1,verified,46,调味料
5432,米酒/料酒,seasoning,,扩展食材,seasoning,0,1,verified,1,调味料
5433,米酒原汁,processed,,扩展食材,processed,0,1,verified,1,加工、半成品、乳制品或饮品
5434,米酒或料酒,seasoning,,扩展食材,seasoning,0,1,verified,1,调味料
5435,米醋,seasoning,,扩展食材,seasoning,0,1,verified,42,调味料
5436,米醋或者白醋,seasoning,,扩展食材,seasoning,0,1,verified,1,调味料
5437,米青椒,other_food,,扩展食材,other_food,0,1,review,1,菜谱实际使用名称，待进一步规范
5438,米饭,processed,,扩展食材,processed,0,1,verified,60,加工、半成品、乳制品或饮品
5439,米饭碗大食油,seasoning,,扩展食材,seasoning,0,1,verified,1,调味料
5440,米饭🍚,processed,,扩展食材,processed,0,1,verified,1,加工、半成品、乳制品或饮品
5441,米鱼,other_food,,扩展食材,other_food,0,1,review,1,菜谱实际使用名称，待进一步规范
5442,粉,other_food,,扩展食材,other_food,0,1,review,1,菜谱实际使用名称，待进一步规范
5443,粉丝,processed,,扩展食材,processed,0,1,verified,158,加工、半成品、乳制品或饮品
5444,粉丝金针菇香草,processed,,扩展食材,processed,0,1,verified,1,加工、半成品、乳制品或饮品
5445,粉带,other_food,,扩展食材,other_food,0,1,review,1,菜谱实际使用名称，待进一步规范
5446,粉干,other_food,,扩展食材,other_food,0,1,review,1,菜谱实际使用名称，待进一步规范
5447,粉条,processed,,扩展食材,processed,0,1,verified,69,加工、半成品、乳制品或饮品
5448,粉条或粉丝,processed,,扩展食材,processed,0,1,verified,1,加工、半成品、乳制品或饮品
5449,粉条碎,processed,,扩展食材,processed,0,1,verified,1,加工、半成品、乳制品或饮品
5450,粉番茄,other_food,,扩展食材,other_food,0,1,review,1,菜谱实际使用名称，待进一步规范
5451,粉肠,processed,,扩展食材,processed,0,1,verified,1,加工、半成品、乳制品或饮品
5452,粉芡,other_food,,扩展食材,other_food,0,1,review,1,菜谱实际使用名称，待进一步规范
5453,粉豆,other_food,,扩展食材,other_food,0,1,review,1,菜谱实际使用名称，待进一步规范
5454,粒冰糖,seasoning,,扩展食材,seasoning,0,1,verified,3,调味料
5455,粒小冰糖,other_food,,扩展食材,other_food,0,1,review,1,菜谱实际使用名称，待进一步规范
5456,粒黄冰糖,other_food,,扩展食材,other_food,0,1,review,1,菜谱实际使用名称，待进一步规范
5457,粗,other_food,,扩展食材,other_food,0,1,review,1,菜谱实际使用名称，待进一步规范
5458,粗孜然粉,other_food,,扩展食材,other_food,0,1,review,1,菜谱实际使用名称，待进一步规范
5459,粗玉米渣,other_food,,扩展食材,other_food,0,1,review,1,菜谱实际使用名称，待进一步规范
5460,粗略估计鸡块,other_food,,扩展食材,other_food,0,1,review,1,菜谱实际使用名称，待进一步规范
5461,粗盐,seasoning,,扩展食材,seasoning,0,1,verified,3,调味料
5462,粗盐和细盐,composite,,扩展食材,composite,0,1,review,1,疑似复合名称，组成未完全确认
5463,粗粮饭,other_food,,扩展食材,other_food,0,1,review,1,菜谱实际使用名称，待进一步规范
5464,粗辣椒粉,seasoning,,扩展食材,seasoning,0,1,verified,1,调味料
5465,粘米,other_food,,扩展食材,other_food,0,1,review,1,菜谱实际使用名称，待进一步规范
5466,粘米粉,processed,,扩展食材,processed,0,1,verified,4,加工、半成品、乳制品或饮品
5467,粟子,other_food,,扩展食材,other_food,0,1,review,1,菜谱实际使用名称，待进一步规范
5468,粟米粉芡,processed,,扩展食材,processed,0,1,verified,1,加工、半成品、乳制品或饮品
5469,粟粉,other_food,,扩展食材,other_food,0,1,review,1,菜谱实际使用名称，待进一步规范
5470,粽叶,other_food,,扩展食材,other_food,0,1,review,1,菜谱实际使用名称，待进一步规范
5471,粽子叶,other_food,,扩展食材,other_food,0,1,review,2,菜谱实际使用名称，待进一步规范
5472,精排,other_food,,扩展食材,other_food,0,1,review,2,菜谱实际使用名称，待进一步规范
5473,精气神山黑猪五花肉,other_food,,扩展食材,other_food,0,1,review,1,菜谱实际使用名称，待进一步规范
5474,精气神山黑猪肉馅,other_food,,扩展食材,other_food,0,1,review,1,菜谱实际使用名称，待进一步规范
5475,精气神黑山猪五花肉,other_food,,扩展食材,other_food,0,1,review,1,菜谱实际使用名称，待进一步规范
5476,精炼芝麻油,seasoning,,扩展食材,seasoning,0,1,verified,1,调味料
5477,精瘦牛肉末,other_food,,扩展食材,other_food,0,1,review,1,菜谱实际使用名称，待进一步规范
5478,精瘦肉,other_food,,扩展食材,other_food,0,1,review,1,菜谱实际使用名称，待进一步规范
5479,精瘦肉片,other_food,,扩展食材,other_food,0,1,review,1,菜谱实际使用名称，待进一步规范
5480,精盐,seasoning,,扩展食材,seasoning,0,1,verified,11,调味料
5481,精肉,other_food,,扩展食材,other_food,0,1,review,1,菜谱实际使用名称，待进一步规范
5482,精肉馅,other_food,,扩展食材,other_food,0,1,review,1,菜谱实际使用名称，待进一步规范
5483,精致五花肉,other_food,,扩展食材,other_food,0,1,review,1,菜谱实际使用名称，待进一步规范
5484,精选五花肉,other_food,,扩展食材,other_food,0,1,review,1,菜谱实际使用名称，待进一步规范
5485,糊辣椒面,seasoning,,扩展食材,seasoning,0,1,verified,1,调味料
5486,糍粑,other_food,,扩展食材,other_food,0,1,review,1,菜谱实际使用名称，待进一步规范
5487,糍粑辣椒,other_food,,扩展食材,other_food,0,1,review,4,菜谱实际使用名称，待进一步规范
5488,糍粑辣酱酱,seasoning,,扩展食材,seasoning,0,1,verified,1,调味料
5489,糖,seasoning,,扩展食材,seasoning,0,1,verified,1359,调味料
5490,糖/代糖,composite,,扩展食材,composite,0,1,review,1,疑似复合名称，组成未完全确认
5491,糖「一丢丢」,other_food,,扩展食材,other_food,0,1,review,1,菜谱实际使用名称，待进一步规范
5492,糖与盐,other_food,,扩展食材,other_food,0,1,review,1,菜谱实际使用名称，待进一步规范
5493,糖半,other_food,,扩展食材,other_food,0,1,review,1,菜谱实际使用名称，待进一步规范
5494,糖和盐,seasoning,,扩展食材,seasoning,0,1,verified,1,调味料
5495,糖或代糖,seasoning,,扩展食材,seasoning,0,1,verified,1,调味料
5496,糖或者蜂蜜,seasoning,,扩展食材,seasoning,0,1,verified,1,调味料
5497,糖浆,seasoning,,扩展食材,seasoning,0,1,verified,1,调味料
5498,糖渍橙皮,seasoning,,扩展食材,seasoning,0,1,verified,1,调味料
5499,糖盐,seasoning,,扩展食材,seasoning,0,1,verified,4,调味料
5500,糖盐料酒等基本调料,seasoning,,扩展食材,seasoning,0,1,verified,1,调味料
5501,糖稀,seasoning,,扩展食材,seasoning,0,1,verified,2,调味料
5502,糖粉,seasoning,,扩展食材,seasoning,0,1,verified,4,调味料
5503,糖老抽料酒,seasoning,,扩展食材,seasoning,0,1,verified,1,调味料
5504,糖蚝油,seasoning,,扩展食材,seasoning,0,1,verified,1,调味料
5505,糖酱油料酒,seasoning,,扩展食材,seasoning,0,1,verified,1,调味料
5506,糖酸奶其实更好吃无糖酸奶,processed,,扩展食材,processed,0,1,verified,1,加工、半成品、乳制品或饮品
5507,糖醋汁,seasoning,,扩展食材,seasoning,0,1,verified,1,调味料
5508,糖醋烹饪调料,seasoning,,扩展食材,seasoning,0,1,verified,1,调味料
5509,糖醋碗汁,other_food,,扩展食材,other_food,0,1,review,1,菜谱实际使用名称，待进一步规范
5510,糖醋葱花,other_food,,扩展食材,other_food,0,1,review,1,菜谱实际使用名称，待进一步规范
5511,糟卤,seasoning,,扩展食材,seasoning,0,1,verified,3,调味料
5512,糟菜,other_food,,扩展食材,other_food,0,1,review,1,菜谱实际使用名称，待进一步规范
5513,糟辣子,other_food,,扩展食材,other_food,0,1,review,1,菜谱实际使用名称，待进一步规范
5514,糟辣椒,processed,,扩展食材,processed,0,1,verified,6,加工、半成品、乳制品或饮品
5515,糟辣椒/泡椒碎,processed,,扩展食材,processed,0,1,verified,1,加工、半成品、乳制品或饮品
5516,糟骨头,other_food,,扩展食材,other_food,0,1,review,1,菜谱实际使用名称，待进一步规范
5517,糯玉米,other_food,,扩展食材,other_food,0,1,review,1,菜谱实际使用名称，待进一步规范
5518,糯米或大米,composite,,扩展食材,composite,0,1,review,1,疑似复合名称，组成未完全确认
5519,糯米白醋,seasoning,,扩展食材,seasoning,0,1,verified,1,调味料
5520,糯米粉,processed,,扩展食材,processed,0,1,verified,13,加工、半成品、乳制品或饮品
5521,糯米酒,seasoning,,扩展食材,seasoning,0,1,verified,1,调味料
5522,糯米醋,seasoning,,扩展食材,seasoning,0,1,verified,1,调味料
5523,素亦鲜,other_food,,扩展食材,other_food,0,1,review,1,菜谱实际使用名称，待进一步规范
5524,素大豆拉丝蛋白丝,other_food,,扩展食材,other_food,0,1,review,1,菜谱实际使用名称，待进一步规范
5525,素油,seasoning,,扩展食材,seasoning,0,1,verified,2,调味料
5526,素炸酱,seasoning,,扩展食材,seasoning,0,1,verified,1,调味料
5527,素耗油,seasoning,,扩展食材,seasoning,0,1,verified,4,调味料
5528,素肉,other_food,,扩展食材,other_food,0,1,review,2,菜谱实际使用名称，待进一步规范
5529,素肉酱,seasoning,,扩展食材,seasoning,0,1,verified,1,调味料
5530,素肠,processed,,扩展食材,processed,0,1,verified,1,加工、半成品、乳制品或饮品
5531,素菜,generic,,扩展食材,generic,0,1,review,1,宽泛名称，保留原义而不猜测具体品种
5532,素蚝油,seasoning,,扩展食材,seasoning,0,1,verified,5,调味料
5533,素蚝油/素鲍鱼汁/生抽,composite,,扩展食材,composite,0,1,review,1,疑似复合名称，组成未完全确认
5534,素香肠,processed,,扩展食材,processed,0,1,verified,1,加工、半成品、乳制品或饮品
5535,素高汤粉,seasoning,,扩展食材,seasoning,0,1,verified,1,调味料
5536,素鲍鱼汁,seasoning,,扩展食材,seasoning,0,1,verified,1,调味料
5537,素鸡,processed,,扩展食材,processed,0,1,verified,9,加工、半成品、乳制品或饮品
5538,紫叶紫苏,other_food,,扩展食材,other_food,0,1,review,1,菜谱实际使用名称，待进一步规范
5539,紫洋葱丁,other_food,,扩展食材,other_food,0,1,review,1,菜谱实际使用名称，待进一步规范
5540,紫甘藍,other_food,,扩展食材,other_food,0,1,review,1,菜谱实际使用名称，待进一步规范
5541,紫皮大蒜,other_food,,扩展食材,other_food,0,1,review,1,菜谱实际使用名称，待进一步规范
5542,紫皮洋葱,other_food,,扩展食材,other_food,0,1,review,4,菜谱实际使用名称，待进一步规范
5543,紫皮茄子,other_food,,扩展食材,other_food,0,1,review,2,菜谱实际使用名称，待进一步规范
5544,紫线茄,other_food,,扩展食材,other_food,0,1,review,1,菜谱实际使用名称，待进一步规范
5545,紫色独蒜,other_food,,扩展食材,other_food,0,1,review,1,菜谱实际使用名称，待进一步规范
5546,紫苏泡椒酱油,seasoning,,扩展食材,seasoning,0,1,verified,1,调味料
5547,紫苏籽油,seasoning,,扩展食材,seasoning,0,1,verified,1,调味料
5548,紫茄子,other_food,,扩展食材,other_food,0,1,review,2,菜谱实际使用名称，待进一步规范
5549,紫菜干,other_food,,扩展食材,other_food,0,1,review,1,菜谱实际使用名称，待进一步规范
5550,紫萝卜,other_food,,扩展食材,other_food,0,1,review,1,菜谱实际使用名称，待进一步规范
5551,红剁椒,processed,,扩展食材,processed,0,1,verified,4,加工、半成品、乳制品或饮品
5552,红半个黄彩椒,other_food,,扩展食材,other_food,0,1,review,1,菜谱实际使用名称，待进一步规范
5553,红叶生菜,other_food,,扩展食材,other_food,0,1,review,1,菜谱实际使用名称，待进一步规范
5554,红头鱼,other_food,,扩展食材,other_food,0,1,review,1,菜谱实际使用名称，待进一步规范
5555,红小尖椒,other_food,,扩展食材,other_food,0,1,review,1,菜谱实际使用名称，待进一步规范
5556,红小米椒,other_food,,扩展食材,other_food,0,1,review,2,菜谱实际使用名称，待进一步规范
5557,红尖椒切丁,other_food,,扩展食材,other_food,0,1,review,1,菜谱实际使用名称，待进一步规范
5558,红尖辣椒,other_food,,扩展食材,other_food,0,1,review,1,菜谱实际使用名称，待进一步规范
5559,红干尖椒,other_food,,扩展食材,other_food,0,1,review,1,菜谱实际使用名称，待进一步规范
5560,红干椒,other_food,,扩展食材,other_food,0,1,review,1,菜谱实际使用名称，待进一步规范
5561,红干辣椒,seasoning,,扩展食材,seasoning,0,1,verified,9,调味料
5562,红彩椒,other_food,,扩展食材,other_food,0,1,review,6,菜谱实际使用名称，待进一步规范
5563,红彩椒末,other_food,,扩展食材,other_food,0,1,review,1,菜谱实际使用名称，待进一步规范
5564,红心番薯,other_food,,扩展食材,other_food,0,1,review,1,菜谱实际使用名称，待进一步规范
5565,红扁豆,other_food,,扩展食材,other_food,0,1,review,1,菜谱实际使用名称，待进一步规范
5566,红指天椒,other_food,,扩展食材,other_food,0,1,review,2,菜谱实际使用名称，待进一步规范
5567,红曲粉,other_food,,扩展食材,other_food,0,1,review,1,菜谱实际使用名称，待进一步规范
5568,红果椒,other_food,,扩展食材,other_food,0,1,review,1,菜谱实际使用名称，待进一步规范
5569,红柿子椒,other_food,,扩展食材,other_food,0,1,review,1,菜谱实际使用名称，待进一步规范
5570,红椒/小米椒,composite,,扩展食材,composite,0,1,review,1,疑似复合名称，组成未完全确认
5571,红椒/黄椒,composite,,扩展食材,composite,0,1,review,1,疑似复合名称，组成未完全确认
5572,红椒圈,other_food,,扩展食材,other_food,0,1,review,1,菜谱实际使用名称，待进一步规范
5573,红椒干,other_food,,扩展食材,other_food,0,1,review,1,菜谱实际使用名称，待进一步规范
5574,红椒黄椒,other_food,,扩展食材,other_food,0,1,review,1,菜谱实际使用名称，待进一步规范
5575,红油,seasoning,,扩展食材,seasoning,0,1,verified,12,调味料
5576,红油豆瓣,seasoning,,扩展食材,seasoning,0,1,verified,2,调味料
5577,红油豆瓣酱,seasoning,,扩展食材,seasoning,0,1,verified,11,调味料
5578,红油辣子,seasoning,,扩展食材,seasoning,0,1,verified,1,调味料
5579,红泡椒,processed,,扩展食材,processed,0,1,verified,5,加工、半成品、乳制品或饮品
5580,红泰椒,other_food,,扩展食材,other_food,0,1,review,1,菜谱实际使用名称，待进一步规范
5581,红洋葱或白洋葱,composite,,扩展食材,composite,0,1,review,1,疑似复合名称，组成未完全确认
5582,红浙醋,seasoning,,扩展食材,seasoning,0,1,verified,1,调味料
5583,红灯笼椒,other_food,,扩展食材,other_food,0,1,review,3,菜谱实际使用名称，待进一步规范
5584,红灯笼泡椒,processed,,扩展食材,processed,0,1,verified,1,加工、半成品、乳制品或饮品
5585,红烧酱油,seasoning,,扩展食材,seasoning,0,1,verified,1,调味料
5586,红烩块,other_food,,扩展食材,other_food,0,1,review,1,菜谱实际使用名称，待进一步规范
5587,红甜椒,other_food,,扩展食材,other_food,0,1,review,7,菜谱实际使用名称，待进一步规范
5588,红生姜,other_food,,扩展食材,other_food,0,1,review,1,菜谱实际使用名称，待进一步规范
5589,红白萝卜,other_food,,扩展食材,other_food,0,1,review,1,菜谱实际使用名称，待进一步规范
5590,红皮大蒜,other_food,,扩展食材,other_food,0,1,review,1,菜谱实际使用名称，待进一步规范
5591,红皮花生,other_food,,扩展食材,other_food,0,1,review,1,菜谱实际使用名称，待进一步规范
5592,红皮萝卜萝卜,other_food,,扩展食材,other_food,0,1,review,1,菜谱实际使用名称，待进一步规范
5593,红米,other_food,,扩展食材,other_food,0,1,review,2,菜谱实际使用名称，待进一步规范
5594,红米椒,other_food,,扩展食材,other_food,0,1,review,10,菜谱实际使用名称，待进一步规范
5595,红米酒或黄酒,seasoning,,扩展食材,seasoning,0,1,verified,1,调味料
5596,红糖,seasoning,,扩展食材,seasoning,0,1,verified,13,调味料
5597,红糟,other_food,,扩展食材,other_food,0,1,review,1,菜谱实际使用名称，待进一步规范
5598,红线椒,other_food,,扩展食材,other_food,0,1,review,5,菜谱实际使用名称，待进一步规范
5599,红绫,other_food,,扩展食材,other_food,0,1,review,1,菜谱实际使用名称，待进一步规范
5600,红绿小米椒,other_food,,扩展食材,other_food,0,1,review,1,菜谱实际使用名称，待进一步规范
5601,红绿尖椒,other_food,,扩展食材,other_food,0,1,review,1,菜谱实际使用名称，待进一步规范
5602,红绿杭椒,other_food,,扩展食材,other_food,0,1,review,1,菜谱实际使用名称，待进一步规范
5603,红绿辣椒,other_food,,扩展食材,other_food,0,1,review,1,菜谱实际使用名称，待进一步规范
5604,红肠,processed,,扩展食材,processed,0,1,verified,5,加工、半成品、乳制品或饮品
5605,红胡椒,seasoning,,扩展食材,seasoning,0,1,verified,1,调味料
5606,红腐乳,seasoning,,扩展食材,seasoning,0,1,verified,4,调味料
5607,红腐乳汁,seasoning,,扩展食材,seasoning,0,1,verified,2,调味料
5608,红色小尖椒,other_food,,扩展食材,other_food,0,1,review,2,菜谱实际使用名称，待进一步规范
5609,红色小米椒,other_food,,扩展食材,other_food,0,1,review,2,菜谱实际使用名称，待进一步规范
5610,红花椒,seasoning,,扩展食材,seasoning,0,1,verified,3,调味料
5611,红花豆,other_food,,扩展食材,other_food,0,1,review,1,菜谱实际使用名称，待进一步规范
5612,红芸豆,other_food,,扩展食材,other_food,0,1,review,2,菜谱实际使用名称，待进一步规范
5613,红苋菜,other_food,,扩展食材,other_food,0,1,review,2,菜谱实际使用名称，待进一步规范
5614,红苕粉,other_food,,扩展食材,other_food,0,1,review,6,菜谱实际使用名称，待进一步规范
5615,红茄,other_food,,扩展食材,other_food,0,1,review,1,菜谱实际使用名称，待进一步规范
5616,红茶,processed,,扩展食材,processed,0,1,verified,1,加工、半成品、乳制品或饮品
5617,红茶包,other_food,,扩展食材,other_food,0,1,review,1,菜谱实际使用名称，待进一步规范
5618,红莲子,other_food,,扩展食材,other_food,0,1,review,1,菜谱实际使用名称，待进一步规范
5619,红菇,other_food,,扩展食材,other_food,0,1,review,1,菜谱实际使用名称，待进一步规范
5620,红菜头,other_food,,扩展食材,other_food,0,1,review,1,菜谱实际使用名称，待进一步规范
5621,红菜椒,other_food,,扩展食材,other_food,0,1,review,5,菜谱实际使用名称，待进一步规范
5622,红菜苔,other_food,,扩展食材,other_food,0,1,review,3,菜谱实际使用名称，待进一步规范
5623,红萝卜丝,other_food,,扩展食材,other_food,0,1,review,1,菜谱实际使用名称，待进一步规范
5624,红葡萄酒,seasoning,,扩展食材,seasoning,0,1,verified,1,调味料
5625,红葱,other_food,,扩展食材,other_food,0,1,review,4,菜谱实际使用名称，待进一步规范
5626,红葱头或洋葱,composite,,扩展食材,composite,0,1,review,1,疑似复合名称，组成未完全确认
5627,红葱油,seasoning,,扩展食材,seasoning,0,1,verified,1,调味料
5628,红葱粉,other_food,,扩展食材,other_food,0,1,review,1,菜谱实际使用名称，待进一步规范
5629,红薯淀粉,seasoning,,扩展食材,seasoning,0,1,verified,8,调味料
5630,红薯湿淀粉,processed,,扩展食材,processed,0,1,verified,1,加工、半成品、乳制品或饮品
5631,红薯粉,other_food,,扩展食材,other_food,0,1,review,20,菜谱实际使用名称，待进一步规范
5632,红薯粉丝,processed,,扩展食材,processed,0,1,verified,7,加工、半成品、乳制品或饮品
5633,红薯粉或者玉米淀粉,processed,,扩展食材,processed,0,1,verified,1,加工、半成品、乳制品或饮品
5634,红薯粉条,processed,,扩展食材,processed,0,1,verified,10,加工、半成品、乳制品或饮品
5635,红薯🍠,other_food,,扩展食材,other_food,0,1,review,1,菜谱实际使用名称，待进一步规范
5636,红虾虾仁,other_food,,扩展食材,other_food,0,1,review,1,菜谱实际使用名称，待进一步规范
5637,红衣花生,other_food,,扩展食材,other_food,0,1,review,1,菜谱实际使用名称，待进一步规范
5638,红袍,other_food,,扩展食材,other_food,0,1,review,2,菜谱实际使用名称，待进一步规范
5639,红袍花椒,other_food,,扩展食材,other_food,0,1,review,1,菜谱实际使用名称，待进一步规范
5640,红豆沙,processed,,扩展食材,processed,0,1,verified,1,加工、半成品、乳制品或饮品
5641,红辣椒干,other_food,,扩展食材,other_food,0,1,review,2,菜谱实际使用名称，待进一步规范
5642,红辣椒或小米辣,composite,,扩展食材,composite,0,1,review,1,疑似复合名称，组成未完全确认
5643,红辣椒油,seasoning,,扩展食材,seasoning,0,1,verified,3,调味料
5644,红辣椒🌶,other_food,,扩展食材,other_food,0,1,review,1,菜谱实际使用名称，待进一步规范
5645,红辣椒🌶️,other_food,,扩展食材,other_food,0,1,review,3,菜谱实际使用名称，待进一步规范
5646,红酒,seasoning,,扩展食材,seasoning,0,1,verified,12,调味料
5647,红酒醋,seasoning,,扩展食材,seasoning,0,1,verified,1,调味料
5648,红酱油,seasoning,,扩展食材,seasoning,0,1,verified,1,调味料
5649,红青椒,other_food,,扩展食材,other_food,0,1,review,2,菜谱实际使用名称，待进一步规范
5650,红香米,other_food,,扩展食材,other_food,0,1,review,1,菜谱实际使用名称，待进一步规范
5651,红鱼,other_food,,扩展食材,other_food,0,1,review,1,菜谱实际使用名称，待进一步规范
5652,红黄椒,other_food,,扩展食材,other_food,0,1,review,1,菜谱实际使用名称，待进一步规范
5653,纯净水,other_food,,扩展食材,other_food,0,1,review,12,菜谱实际使用名称，待进一步规范
5654,纯牛奶,processed,,扩展食材,processed,0,1,verified,4,加工、半成品、乳制品或饮品
5655,纯瘦肉,other_food,,扩展食材,other_food,0,1,review,1,菜谱实际使用名称，待进一步规范
5656,纯瘦肉丝,other_food,,扩展食材,other_food,0,1,review,1,菜谱实际使用名称，待进一步规范
5657,纯肉肠,processed,,扩展食材,processed,0,1,verified,1,加工、半成品、乳制品或饮品
5658,纳豆,other_food,,扩展食材,other_food,0,1,review,1,菜谱实际使用名称，待进一步规范
5659,纸杯年糕,processed,,扩展食材,processed,0,1,verified,1,加工、半成品、乳制品或饮品
5660,纸杯水,other_food,,扩展食材,other_food,0,1,review,1,菜谱实际使用名称，待进一步规范
5661,纸杯鱼饼,processed,,扩展食材,processed,0,1,verified,1,加工、半成品、乳制品或饮品
5662,线茄子,other_food,,扩展食材,other_food,0,1,review,1,菜谱实际使用名称，待进一步规范
5663,线辣椒,other_food,,扩展食材,other_food,0,1,review,1,菜谱实际使用名称，待进一步规范
5664,线青椒,other_food,,扩展食材,other_food,0,1,review,1,菜谱实际使用名称，待进一步规范
5665,细孜然粉,other_food,,扩展食材,other_food,0,1,review,1,菜谱实际使用名称，待进一步规范
5666,细条紫茄子,other_food,,扩展食材,other_food,0,1,review,1,菜谱实际使用名称，待进一步规范
5667,细条茄子,other_food,,扩展食材,other_food,0,1,review,1,菜谱实际使用名称，待进一步规范
5668,细盐,seasoning,,扩展食材,seasoning,0,1,verified,4,调味料
5669,细直意面,other_food,,扩展食材,other_food,0,1,review,1,菜谱实际使用名称，待进一步规范
5670,细砂糖,other_food,,扩展食材,other_food,0,1,review,8,菜谱实际使用名称，待进一步规范
5671,细砂糖或碎冰糖,composite,,扩展食材,composite,0,1,review,1,疑似复合名称，组成未完全确认
5672,细粉丝,processed,,扩展食材,processed,0,1,verified,1,加工、半成品、乳制品或饮品
5673,细粉条,processed,,扩展食材,processed,0,1,verified,2,加工、半成品、乳制品或饮品
5674,细糖,seasoning,,扩展食材,seasoning,0,1,verified,1,调味料
5675,细红辣椒粉,other_food,,扩展食材,other_food,0,1,review,1,菜谱实际使用名称，待进一步规范
5676,细芹菜,other_food,,扩展食材,other_food,0,1,review,1,菜谱实际使用名称，待进一步规范
5677,细茄子,other_food,,扩展食材,other_food,0,1,review,2,菜谱实际使用名称，待进一步规范
5678,细豆角,other_food,,扩展食材,other_food,0,1,review,1,菜谱实际使用名称，待进一步规范
5679,细长绿辣椒,other_food,,扩展食材,other_food,0,1,review,1,菜谱实际使用名称，待进一步规范
5680,细长青辣椒,other_food,,扩展食材,other_food,0,1,review,1,菜谱实际使用名称，待进一步规范
5681,细青尖椒,other_food,,扩展食材,other_food,0,1,review,1,菜谱实际使用名称，待进一步规范
5682,细面条,processed,,扩展食材,processed,0,1,verified,1,加工、半成品、乳制品或饮品
5683,细香芹,other_food,,扩展食材,other_food,0,1,review,1,菜谱实际使用名称，待进一步规范
5684,绍兴花雕酒,seasoning,,扩展食材,seasoning,0,1,verified,1,调味料
5685,绍兴酒,seasoning,,扩展食材,seasoning,0,1,verified,3,调味料
5686,绍兴霉干菜,other_food,,扩展食材,other_food,0,1,review,1,菜谱实际使用名称，待进一步规范
5687,绍兴黄酒,seasoning,,扩展食材,seasoning,0,1,verified,2,调味料
5688,绍酒,seasoning,,扩展食材,seasoning,0,1,verified,8,调味料
5689,绞肉,other_food,,扩展食材,other_food,0,1,review,1,菜谱实际使用名称，待进一步规范
5690,绞肉料酒,seasoning,,扩展食材,seasoning,0,1,verified,1,调味料
5691,绢豆腐,processed,,扩展食材,processed,0,1,verified,5,加工、半成品、乳制品或饮品
5692,绵白糖,other_food,,扩展食材,other_food,0,1,review,8,菜谱实际使用名称，待进一步规范
5693,绺香菜,other_food,,扩展食材,other_food,0,1,review,1,菜谱实际使用名称，待进一步规范
5694,绿二荆条,other_food,,扩展食材,other_food,0,1,review,1,菜谱实际使用名称，待进一步规范
5695,绿剁椒,processed,,扩展食材,processed,0,1,verified,1,加工、半成品、乳制品或饮品
5696,绿叶白菜,other_food,,扩展食材,other_food,0,1,review,1,菜谱实际使用名称，待进一步规范
5697,绿叶菜,generic,,扩展食材,generic,0,1,review,2,宽泛名称，保留原义而不猜测具体品种
5698,绿叶蔬菜,generic,,扩展食材,generic,0,1,review,1,宽泛名称，保留原义而不猜测具体品种
5699,绿尖椒,other_food,,扩展食材,other_food,0,1,review,3,菜谱实际使用名称，待进一步规范
5700,绿心豆,other_food,,扩展食材,other_food,0,1,review,1,菜谱实际使用名称，待进一步规范
5701,绿扁豆,other_food,,扩展食材,other_food,0,1,review,1,菜谱实际使用名称，待进一步规范
5702,绿椒,other_food,,扩展食材,other_food,0,1,review,3,菜谱实际使用名称，待进一步规范
5703,绿番茄,other_food,,扩展食材,other_food,0,1,review,1,菜谱实际使用名称，待进一步规范
5704,绿皮萝卜,other_food,,扩展食材,other_food,0,1,review,1,菜谱实际使用名称，待进一步规范
5705,绿线椒,other_food,,扩展食材,other_food,0,1,review,2,菜谱实际使用名称，待进一步规范
5706,绿色小尖椒,other_food,,扩展食材,other_food,0,1,review,1,菜谱实际使用名称，待进一步规范
5707,绿色蔬菜,generic,,扩展食材,generic,0,1,review,1,宽泛名称，保留原义而不猜测具体品种
5708,绿茄子,other_food,,扩展食材,other_food,0,1,review,3,菜谱实际使用名称，待进一步规范
5709,绿萝卜,other_food,,扩展食材,other_food,0,1,review,3,菜谱实际使用名称，待进一步规范
5710,绿葱花,other_food,,扩展食材,other_food,0,1,review,1,菜谱实际使用名称，待进一步规范
5711,绿豆皮,processed,,扩展食材,processed,0,1,verified,1,加工、半成品、乳制品或饮品
5712,绿豆类蔬菜,other_food,,扩展食材,other_food,0,1,review,1,菜谱实际使用名称，待进一步规范
5713,绿豆粉,other_food,,扩展食材,other_food,0,1,review,1,菜谱实际使用名称，待进一步规范
5714,绿豆粉丝,processed,,扩展食材,processed,0,1,verified,3,加工、半成品、乳制品或饮品
5715,绿豆粉皮,processed,,扩展食材,processed,0,1,verified,1,加工、半成品、乳制品或饮品
5716,绿豆芽量,other_food,,扩展食材,other_food,0,1,review,1,菜谱实际使用名称，待进一步规范
5717,绿长尖椒,other_food,,扩展食材,other_food,0,1,review,1,菜谱实际使用名称，待进一步规范
5718,绿青椒,other_food,,扩展食材,other_food,0,1,review,2,菜谱实际使用名称，待进一步规范
5719,缺胡萝卜,other_food,,扩展食材,other_food,0,1,review,1,菜谱实际使用名称，待进一步规范
5720,罐辣豆瓣酱,seasoning,,扩展食材,seasoning,0,1,verified,1,调味料
5721,网易味央黑猪梅花肉,other_food,,扩展食材,other_food,0,1,review,1,菜谱实际使用名称，待进一步规范
5722,罗氏虾,other_food,,扩展食材,other_food,0,1,review,2,菜谱实际使用名称，待进一步规范
5723,罗汉果,other_food,,扩展食材,other_food,0,1,review,1,菜谱实际使用名称，待进一步规范
5724,罗莎绿生菜,other_food,,扩展食材,other_food,0,1,review,1,菜谱实际使用名称，待进一步规范
5725,罗非鱼条鱼,other_food,,扩展食材,other_food,0,1,review,1,菜谱实际使用名称，待进一步规范
5726,羊前腿,other_food,,扩展食材,other_food,0,1,review,1,菜谱实际使用名称，待进一步规范
5727,羊后腿,other_food,,扩展食材,other_food,0,1,review,1,菜谱实际使用名称，待进一步规范
5728,羊后腿肉,other_food,,扩展食材,other_food,0,1,review,2,菜谱实际使用名称，待进一步规范
5729,羊排骨,other_food,,扩展食材,other_food,0,1,review,1,菜谱实际使用名称，待进一步规范
5730,羊杂,other_food,,扩展食材,other_food,0,1,review,1,菜谱实际使用名称，待进一步规范
5731,羊杂碎,other_food,,扩展食材,other_food,0,1,review,1,菜谱实际使用名称，待进一步规范
5732,羊肉馅,other_food,,扩展食材,other_food,0,1,review,1,菜谱实际使用名称，待进一步规范
5733,羊肉馅偏瘦,other_food,,扩展食材,other_food,0,1,review,1,菜谱实际使用名称，待进一步规范
5734,羊肋排,other_food,,扩展食材,other_food,0,1,review,2,菜谱实际使用名称，待进一步规范
5735,羊肚菌干,other_food,,扩展食材,other_food,0,1,review,1,菜谱实际使用名称，待进一步规范
5736,羊肠,processed,,扩展食材,processed,0,1,verified,1,加工、半成品、乳制品或饮品
5737,羊脆骨,other_food,,扩展食材,other_food,0,1,review,1,菜谱实际使用名称，待进一步规范
5738,羊脊骨,other_food,,扩展食材,other_food,0,1,review,1,菜谱实际使用名称，待进一步规范
5739,羊腩,other_food,,扩展食材,other_food,0,1,review,1,菜谱实际使用名称，待进一步规范
5740,羊腿骨,other_food,,扩展食材,other_food,0,1,review,2,菜谱实际使用名称，待进一步规范
5741,羊蝎子骨,other_food,,扩展食材,other_food,0,1,review,1,菜谱实际使用名称，待进一步规范
5742,羊骨头,other_food,,扩展食材,other_food,0,1,review,1,菜谱实际使用名称，待进一步规范
5743,美乃滋,other_food,,扩展食材,other_food,0,1,review,1,菜谱实际使用名称，待进一步规范
5744,美乐麻辣酱,seasoning,,扩展食材,seasoning,0,1,verified,1,调味料
5745,美人椒红色,other_food,,扩展食材,other_food,0,1,review,1,菜谱实际使用名称，待进一步规范
5746,美味鲜,other_food,,扩展食材,other_food,0,1,review,3,菜谱实际使用名称，待进一步规范
5747,美味鲜酱油,seasoning,,扩展食材,seasoning,0,1,verified,8,调味料
5748,美奶滋,other_food,,扩展食材,other_food,0,1,review,1,菜谱实际使用名称，待进一步规范
5749,美极鲜,other_food,,扩展食材,other_food,0,1,review,5,菜谱实际使用名称，待进一步规范
5750,美极鲜味汁,seasoning,,扩展食材,seasoning,0,1,verified,2,调味料
5751,美极鲜或生抽,composite,,扩展食材,composite,0,1,review,1,疑似复合名称，组成未完全确认
5752,美极鲜生抽,other_food,,扩展食材,other_food,0,1,review,1,菜谱实际使用名称，待进一步规范
5753,美极鲜酱油,seasoning,,扩展食材,seasoning,0,1,verified,5,调味料
5754,美极鲜鲜味汁,other_food,,扩展食材,other_food,0,1,review,1,菜谱实际使用名称，待进一步规范
5755,美極鮮,other_food,,扩展食材,other_food,0,1,review,1,菜谱实际使用名称，待进一步规范
5756,美食博主,other_food,,扩展食材,other_food,0,1,review,1,菜谱实际使用名称，待进一步规范
5757,羔羊腿肉,other_food,,扩展食材,other_food,0,1,review,1,菜谱实际使用名称，待进一步规范
5758,羹生抽,seasoning,,扩展食材,seasoning,0,1,verified,1,调味料
5759,羹耗油,seasoning,,扩展食材,seasoning,0,1,verified,1,调味料
5760,羹蚝油,seasoning,,扩展食材,seasoning,0,1,verified,1,调味料
5761,羹豆瓣酱,seasoning,,扩展食材,seasoning,0,1,verified,1,调味料
5762,羹酱油,seasoning,,扩展食材,seasoning,0,1,verified,1,调味料
5763,羹黄豆酱,seasoning,,扩展食材,seasoning,0,1,verified,1,调味料
5764,翠肉瓜,other_food,,扩展食材,other_food,0,1,review,1,菜谱实际使用名称，待进一步规范
5765,老冰糖,seasoning,,扩展食材,seasoning,0,1,verified,2,调味料
5766,老南瓜,other_food,,扩展食材,other_food,0,1,review,2,菜谱实际使用名称，待进一步规范
5767,老卤水,other_food,,扩展食材,other_food,0,1,review,1,菜谱实际使用名称，待进一步规范
5768,老坛泡姜,processed,,扩展食材,processed,0,1,verified,1,加工、半成品、乳制品或饮品
5769,老坛酸菜,processed,,扩展食材,processed,0,1,verified,1,加工、半成品、乳制品或饮品
5770,老姜丝,other_food,,扩展食材,other_food,0,1,review,1,菜谱实际使用名称，待进一步规范
5771,老姜大蒜,other_food,,扩展食材,other_food,0,1,review,1,菜谱实际使用名称，待进一步规范
5772,老姜末,other_food,,扩展食材,other_food,0,1,review,1,菜谱实际使用名称，待进一步规范
5773,老干妈,seasoning,,扩展食材,seasoning,0,1,verified,49,调味料
5774,老干妈或者香菇酱,seasoning,,扩展食材,seasoning,0,1,verified,1,调味料
5775,老干妈榨菜,other_food,,扩展食材,other_food,0,1,review,1,菜谱实际使用名称，待进一步规范
5776,老干妈油辣椒,seasoning,,扩展食材,seasoning,0,1,verified,2,调味料
5777,老干妈牛肉末豆鼓油,seasoning,,扩展食材,seasoning,0,1,verified,1,调味料
5778,老干妈牛肉豆豉酱,seasoning,,扩展食材,seasoning,0,1,verified,1,调味料
5779,老干妈豆豉,seasoning,,扩展食材,seasoning,0,1,verified,3,调味料
5780,老干妈豆豉酱,seasoning,,扩展食材,seasoning,0,1,verified,3,调味料
5781,老干妈辣酱,seasoning,,扩展食材,seasoning,0,1,verified,3,调味料
5782,老干妈酱,seasoning,,扩展食材,seasoning,0,1,verified,1,调味料
5783,老干妈香辣脆油辣椒/红油,seasoning,,扩展食材,seasoning,0,1,verified,1,调味料
5784,老干妈香辣菜,seasoning,,扩展食材,seasoning,0,1,verified,2,调味料
5785,老干妈鸡油辣酱,seasoning,,扩展食材,seasoning,0,1,verified,1,调味料
5786,老干爹豆豉,other_food,,扩展食材,other_food,0,1,review,1,菜谱实际使用名称，待进一步规范
5787,老抽,seasoning,,扩展食材,seasoning,0,1,verified,1087,调味料
5788,老抽/酱油,seasoning,,扩展食材,seasoning,0,1,verified,1,调味料
5789,老抽上色,seasoning,,扩展食材,seasoning,0,1,verified,1,调味料
5790,老抽半,other_food,,扩展食材,other_food,0,1,review,1,菜谱实际使用名称，待进一步规范
5791,老抽或甜酱油,seasoning,,扩展食材,seasoning,0,1,verified,1,调味料
5792,老抽或者酱油,seasoning,,扩展食材,seasoning,0,1,verified,1,调味料
5793,老抽生抽味达美混合,generic,,扩展食材,generic,0,1,review,1,宽泛名称，保留原义而不猜测具体品种
5794,老抽生抽耗油盐,other_food,,扩展食材,other_food,0,1,review,1,菜谱实际使用名称，待进一步规范
5795,老抽白糖青醋鸡精料酒麻油调成一碗汁备,other_food,,扩展食材,other_food,0,1,review,1,菜谱实际使用名称，待进一步规范
5796,老抽酱油,seasoning,,扩展食材,seasoning,0,1,verified,4,调味料
5797,老来少豆角,other_food,,扩展食材,other_food,0,1,review,1,菜谱实际使用名称，待进一步规范
5798,老椰子,other_food,,扩展食材,other_food,0,1,review,1,菜谱实际使用名称，待进一步规范
5799,老汤,other_food,,扩展食材,other_food,0,1,review,1,菜谱实际使用名称，待进一步规范
5800,老火腿,processed,,扩展食材,processed,0,1,verified,1,加工、半成品、乳制品或饮品
5801,老王头酱肉包,other_food,,扩展食材,other_food,0,1,review,1,菜谱实际使用名称，待进一步规范
5802,老豆腐,processed,,扩展食材,processed,0,1,verified,50,加工、半成品、乳制品或饮品
5803,老豆腐块豆腐,processed,,扩展食材,processed,0,1,verified,1,加工、半成品、乳制品或饮品
5804,老酒,seasoning,,扩展食材,seasoning,0,1,verified,4,调味料
5805,老醋,seasoning,,扩展食材,seasoning,0,1,verified,1,调味料
5806,老陈皮,seasoning,,扩展食材,seasoning,0,1,verified,1,调味料
5807,老陈醋,seasoning,,扩展食材,seasoning,0,1,verified,4,调味料
5808,老鸭,other_food,,扩展食材,other_food,0,1,review,10,菜谱实际使用名称，待进一步规范
5809,老黄冰,other_food,,扩展食材,other_food,0,1,review,1,菜谱实际使用名称，待进一步规范
5810,老黄瓜,other_food,,扩展食材,other_food,0,1,review,5,菜谱实际使用名称，待进一步规范
5811,老鼠斑,other_food,,扩展食材,other_food,0,1,review,1,菜谱实际使用名称，待进一步规范
5812,耐高糖酵母,seasoning,,扩展食材,seasoning,0,1,verified,1,调味料
5813,耗儿鱼,other_food,,扩展食材,other_food,0,1,review,1,菜谱实际使用名称，待进一步规范
5814,耗油/排骨酱/番茄酱,seasoning,,扩展食材,seasoning,0,1,verified,1,调味料
5815,耗油或者鸡精,composite,,扩展食材,composite,0,1,review,1,疑似复合名称，组成未完全确认
5816,耗油提鲜,other_food,,扩展食材,other_food,0,1,review,1,菜谱实际使用名称，待进一步规范
5817,耗油皇,other_food,,扩展食材,other_food,0,1,review,1,菜谱实际使用名称，待进一步规范
5818,耳菜,other_food,,扩展食材,other_food,0,1,review,1,菜谱实际使用名称，待进一步规范
5819,肉,generic,,扩展食材,generic,0,1,review,55,宽泛名称，保留原义而不猜测具体品种
5820,肉丁,generic,,扩展食材,generic,0,1,review,7,宽泛名称，保留原义而不猜测具体品种
5821,肉丝,other_food,,扩展食材,other_food,0,1,review,73,菜谱实际使用名称，待进一步规范
5822,肉丝&肉糜,composite,,扩展食材,composite,0,1,review,1,疑似复合名称，组成未完全确认
5823,肉丝儿,other_food,,扩展食材,other_food,0,1,review,1,菜谱实际使用名称，待进一步规范
5824,肉丸,processed,,扩展食材,processed,0,1,verified,6,加工、半成品、乳制品或饮品
5825,肉丸子,processed,,扩展食材,processed,0,1,verified,1,加工、半成品、乳制品或饮品
5826,肉圆,other_food,,扩展食材,other_food,0,1,review,1,菜谱实际使用名称，待进一步规范
5827,肉圆子,other_food,,扩展食材,other_food,0,1,review,1,菜谱实际使用名称，待进一步规范
5828,肉块,generic,,扩展食材,generic,0,1,review,1,宽泛名称，保留原义而不猜测具体品种
5829,肉或热狗,composite,,扩展食材,composite,0,1,review,1,疑似复合名称，组成未完全确认
5830,肉末,other_food,,扩展食材,other_food,0,1,review,161,菜谱实际使用名称，待进一步规范
5831,肉末/炸酱面肉末酱,seasoning,,扩展食材,seasoning,0,1,verified,1,调味料
5832,肉末臊子,other_food,,扩展食材,other_food,0,1,review,1,菜谱实际使用名称，待进一步规范
5833,肉松,processed,,扩展食材,processed,0,1,verified,3,加工、半成品、乳制品或饮品
5834,肉桂,seasoning,,扩展食材,seasoning,0,1,verified,6,调味料
5835,肉桂粉,seasoning,,扩展食材,seasoning,0,1,verified,1,调味料
5836,肉汤,other_food,,扩展食材,other_food,0,1,review,1,菜谱实际使用名称，待进一步规范
5837,肉沫,generic,,扩展食材,generic,0,1,review,36,宽泛名称，保留原义而不猜测具体品种
5838,肉沫/五花肉,composite,,扩展食材,composite,0,1,review,1,疑似复合名称，组成未完全确认
5839,肉泥,other_food,,扩展食材,other_food,0,1,review,3,菜谱实际使用名称，待进一步规范
5840,肉清汤,other_food,,扩展食材,other_food,0,1,review,1,菜谱实际使用名称，待进一步规范
5841,肉滑,processed,,扩展食材,processed,0,1,verified,1,加工、半成品、乳制品或饮品
5842,肉片,generic,,扩展食材,generic,0,1,review,21,宽泛名称，保留原义而不猜测具体品种
5843,肉牦牛,other_food,,扩展食材,other_food,0,1,review,1,菜谱实际使用名称，待进一步规范
5844,肉皮,other_food,,扩展食材,other_food,0,1,review,4,菜谱实际使用名称，待进一步规范
5845,肉皮丝,other_food,,扩展食材,other_food,0,1,review,1,菜谱实际使用名称，待进一步规范
5846,肉眼/通脊,composite,,扩展食材,composite,0,1,review,1,疑似复合名称，组成未完全确认
5847,肉眼牛扒,other_food,,扩展食材,other_food,0,1,review,1,菜谱实际使用名称，待进一步规范
5848,肉碎,other_food,,扩展食材,other_food,0,1,review,3,菜谱实际使用名称，待进一步规范
5849,肉碎煮多少放多少,other_food,,扩展食材,other_food,0,1,review,1,菜谱实际使用名称，待进一步规范
5850,肉筋,other_food,,扩展食材,other_food,0,1,review,1,菜谱实际使用名称，待进一步规范
5851,肉类,generic,,扩展食材,generic,0,1,review,4,宽泛名称，保留原义而不猜测具体品种
5852,肉粒多,other_food,,扩展食材,other_food,0,1,review,1,菜谱实际使用名称，待进一步规范
5853,肉糜,generic,,扩展食材,generic,0,1,review,12,宽泛名称，保留原义而不猜测具体品种
5854,肉肠,processed,,扩展食材,processed,0,1,verified,1,加工、半成品、乳制品或饮品
5855,肉臊子,other_food,,扩展食材,other_food,0,1,review,1,菜谱实际使用名称，待进一步规范
5856,肉蔻,seasoning,,扩展食材,seasoning,0,1,verified,5,调味料
5857,肉蟹,other_food,,扩展食材,other_food,0,1,review,2,菜谱实际使用名称，待进一步规范
5858,肉豆蔻,seasoning,,扩展食材,seasoning,0,1,verified,1,调味料
5859,肉质紧实鱼,other_food,,扩展食材,other_food,0,1,review,1,菜谱实际使用名称，待进一步规范
5860,肉酱,seasoning,,扩展食材,seasoning,0,1,verified,1,调味料
5861,肉饼,other_food,,扩展食材,other_food,0,1,review,2,菜谱实际使用名称，待进一步规范
5862,肉馅,generic,,扩展食材,generic,0,1,review,29,宽泛名称，保留原义而不猜测具体品种
5863,肉馅#,other_food,,扩展食材,other_food,0,1,review,1,菜谱实际使用名称，待进一步规范
5864,肉馅儿,other_food,,扩展食材,other_food,0,1,review,1,菜谱实际使用名称，待进一步规范
5865,肉馅调料,seasoning,,扩展食材,seasoning,0,1,verified,1,调味料
5866,肉鲳鱼,other_food,,扩展食材,other_food,0,1,review,1,菜谱实际使用名称，待进一步规范
5867,肉🥩,other_food,,扩展食材,other_food,0,1,review,1,菜谱实际使用名称，待进一步规范
5868,肋小排,other_food,,扩展食材,other_food,0,1,review,1,菜谱实际使用名称，待进一步规范
5869,肋条骨切段排骨,other_food,,扩展食材,other_food,0,1,review,1,菜谱实际使用名称，待进一步规范
5870,肠衣,other_food,,扩展食材,other_food,0,1,review,1,菜谱实际使用名称，待进一步规范
5871,肥土鸡,other_food,,扩展食材,other_food,0,1,review,1,菜谱实际使用名称，待进一步规范
5872,肥瘦兼佳猪肉,other_food,,扩展食材,other_food,0,1,review,1,菜谱实际使用名称，待进一步规范
5873,肥瘦均匀五花肉,other_food,,扩展食材,other_food,0,1,review,1,菜谱实际使用名称，待进一步规范
5874,肥瘦相间猪肉,other_food,,扩展食材,other_food,0,1,review,1,菜谱实际使用名称，待进一步规范
5875,肥瘦肉,other_food,,扩展食材,other_food,0,1,review,2,菜谱实际使用名称，待进一步规范
5876,肥瘦肉片,other_food,,扩展食材,other_food,0,1,review,1,菜谱实际使用名称，待进一步规范
5877,肥羊卷,other_food,,扩展食材,other_food,0,1,review,1,菜谱实际使用名称，待进一步规范
5878,肥羊清汤底料,other_food,,扩展食材,other_food,0,1,review,1,菜谱实际使用名称，待进一步规范
5879,肥肉,generic,,扩展食材,generic,0,1,review,10,宽泛名称，保留原义而不猜测具体品种
5880,肥肉油,seasoning,,扩展食材,seasoning,0,1,verified,1,调味料
5881,肥肠,processed,,扩展食材,processed,0,1,verified,20,加工、半成品、乳制品或饮品
5882,胆水,other_food,,扩展食材,other_food,0,1,review,1,菜谱实际使用名称，待进一步规范
5883,背盐,other_food,,扩展食材,other_food,0,1,review,1,菜谱实际使用名称，待进一步规范
5884,胖大海,other_food,,扩展食材,other_food,0,1,review,1,菜谱实际使用名称，待进一步规范
5885,胖头鱼鱼头,other_food,,扩展食材,other_food,0,1,review,1,菜谱实际使用名称，待进一步规范
5886,胖子鱼佐料,other_food,,扩展食材,other_food,0,1,review,1,菜谱实际使用名称，待进一步规范
5887,胖藕,other_food,,扩展食材,other_food,0,1,review,1,菜谱实际使用名称，待进一步规范
5888,胚芽谷物米,other_food,,扩展食材,other_food,0,1,review,1,菜谱实际使用名称，待进一步规范
5889,胜瓜,other_food,,扩展食材,other_food,0,1,review,2,菜谱实际使用名称，待进一步规范
5890,胡姬花古法压榨花生油,seasoning,,扩展食材,seasoning,0,1,verified,1,调味料
5891,胡姬花古法小榨花生油,seasoning,,扩展食材,seasoning,0,1,verified,1,调味料
5892,胡椒,seasoning,,扩展食材,seasoning,0,1,verified,43,调味料
5893,胡椒盐,seasoning,,扩展食材,seasoning,0,1,verified,2,调味料
5894,胡椒碎,seasoning,,扩展食材,seasoning,0,1,verified,3,调味料
5895,胡椒粉,seasoning,,扩展食材,seasoning,0,1,verified,400,调味料
5896,胡椒粉/酱油/蚝油,seasoning,,扩展食材,seasoning,0,1,verified,1,调味料
5897,胡椒粉/鲜辣粉,composite,,扩展食材,composite,0,1,review,1,疑似复合名称，组成未完全确认
5898,胡椒粉或五香粉,seasoning,,扩展食材,seasoning,0,1,verified,1,调味料
5899,胡椒粉料酒生粉,other_food,,扩展食材,other_food,0,1,review,1,菜谱实际使用名称，待进一步规范
5900,胡椒粉根据自己口味,other_food,,扩展食材,other_food,0,1,review,1,菜谱实际使用名称，待进一步规范
5901,胡椒粉青椒,other_food,,扩展食材,other_food,0,1,review,1,菜谱实际使用名称，待进一步规范
5902,胡椒粒,other_food,,扩展食材,other_food,0,1,review,3,菜谱实际使用名称，待进一步规范
5903,胡椒薄荷,other_food,,扩展食材,other_food,0,1,review,1,菜谱实际使用名称，待进一步规范
5904,胡椒面,seasoning,,扩展食材,seasoning,0,1,verified,4,调味料
5905,胡罗卜,other_food,,扩展食材,other_food,0,1,review,1,菜谱实际使用名称，待进一步规范
5906,胡萝不,other_food,,扩展食材,other_food,0,1,review,1,菜谱实际使用名称，待进一步规范
5907,胡萝卜丁🥕,other_food,,扩展食材,other_food,0,1,review,1,菜谱实际使用名称，待进一步规范
5908,胡萝卜可不放,other_food,,扩展食材,other_food,0,1,review,1,菜谱实际使用名称，待进一步规范
5909,胡萝卜条,other_food,,扩展食材,other_food,0,1,review,1,菜谱实际使用名称，待进一步规范
5910,胡萝卜玉米青豆,other_food,,扩展食材,other_food,0,1,review,1,菜谱实际使用名称，待进一步规范
5911,胡萝卜粒,other_food,,扩展食材,other_food,0,1,review,3,菜谱实际使用名称，待进一步规范
5912,胡萝卜🥕,other_food,,扩展食材,other_food,0,1,review,11,菜谱实际使用名称，待进一步规范
5913,胡蘿蔔,other_food,,扩展食材,other_food,0,1,review,1,菜谱实际使用名称，待进一步规范
5914,胡豆,other_food,,扩展食材,other_food,0,1,review,1,菜谱实际使用名称，待进一步规范
5915,胡麻油,seasoning,,扩展食材,seasoning,0,1,verified,3,调味料
5916,胡麻油/香油,seasoning,,扩展食材,seasoning,0,1,verified,1,调味料
5917,能吃很多顿肉馅,other_food,,扩展食材,other_food,0,1,review,1,菜谱实际使用名称，待进一步规范
5918,能吃辣可以多放干辣椒,seasoning,,扩展食材,seasoning,0,1,verified,1,调味料
5919,脆浆,other_food,,扩展食材,other_food,0,1,review,1,菜谱实际使用名称，待进一步规范
5920,脆皮烧肉,other_food,,扩展食材,other_food,0,1,review,1,菜谱实际使用名称，待进一步规范
5921,脆皮肠,processed,,扩展食材,processed,0,1,verified,1,加工、半成品、乳制品或饮品
5922,脆皮香肠,processed,,扩展食材,processed,0,1,verified,1,加工、半成品、乳制品或饮品
5923,脆皮黄瓜,other_food,,扩展食材,other_food,0,1,review,1,菜谱实际使用名称，待进一步规范
5924,脆酥粉,other_food,,扩展食材,other_food,0,1,review,1,菜谱实际使用名称，待进一步规范
5925,脊骨,other_food,,扩展食材,other_food,0,1,review,1,菜谱实际使用名称，待进一步规范
5926,脱水紫菜,other_food,,扩展食材,other_food,0,1,review,1,菜谱实际使用名称，待进一步规范
5927,脱水黑木耳,other_food,,扩展食材,other_food,0,1,review,1,菜谱实际使用名称，待进一步规范
5928,腊八蒜,other_food,,扩展食材,other_food,0,1,review,1,菜谱实际使用名称，待进一步规范
5929,腊八醋,seasoning,,扩展食材,seasoning,0,1,verified,1,调味料
5930,腊排骨,other_food,,扩展食材,other_food,0,1,review,5,菜谱实际使用名称，待进一步规范
5931,腊牛肉,other_food,,扩展食材,other_food,0,1,review,3,菜谱实际使用名称，待进一步规范
5932,腊猪肝,other_food,,扩展食材,other_food,0,1,review,1,菜谱实际使用名称，待进一步规范
5933,腊肉,processed,,扩展食材,processed,0,1,verified,95,加工、半成品、乳制品或饮品
5934,腊肉/腊肠,processed,,扩展食材,processed,0,1,verified,1,加工、半成品、乳制品或饮品
5935,腊肉香肠,processed,,扩展食材,processed,0,1,verified,1,加工、半成品、乳制品或饮品
5936,腊肠,processed,,扩展食材,processed,0,1,verified,47,加工、半成品、乳制品或饮品
5937,腊肠/香肠,processed,,扩展食材,processed,0,1,verified,1,加工、半成品、乳制品或饮品
5938,腊肥肠,processed,,扩展食材,processed,0,1,verified,1,加工、半成品、乳制品或饮品
5939,腊鱼,other_food,,扩展食材,other_food,0,1,review,2,菜谱实际使用名称，待进一步规范
5940,腊鸡腿,other_food,,扩展食材,other_food,0,1,review,1,菜谱实际使用名称，待进一步规范
5941,腌制五花肉片料,other_food,,扩展食材,other_food,0,1,review,1,菜谱实际使用名称，待进一步规范
5942,腌制排骨料,other_food,,扩展食材,other_food,0,1,review,1,菜谱实际使用名称，待进一步规范
5943,腌制料,other_food,,扩展食材,other_food,0,1,review,2,菜谱实际使用名称，待进一步规范
5944,腌制淀粉,processed,,扩展食材,processed,0,1,verified,1,加工、半成品、乳制品或饮品
5945,腌制牛排,other_food,,扩展食材,other_food,0,1,review,1,菜谱实际使用名称，待进一步规范
5946,腌制牛肉丝,other_food,,扩展食材,other_food,0,1,review,1,菜谱实际使用名称，待进一步规范
5947,腌制牛肉调料,seasoning,,扩展食材,seasoning,0,1,verified,1,调味料
5948,腌制瓶子,other_food,,扩展食材,other_food,0,1,review,1,菜谱实际使用名称，待进一步规范
5949,腌制白胡椒粉,other_food,,扩展食材,other_food,0,1,review,1,菜谱实际使用名称，待进一步规范
5950,腌制盐,seasoning,,扩展食材,seasoning,0,1,verified,1,调味料
5951,腌制肉丝料,other_food,,扩展食材,other_food,0,1,review,1,菜谱实际使用名称，待进一步规范
5952,腌制色拉油,seasoning,,扩展食材,seasoning,0,1,verified,1,调味料
5953,腌制萝卜要花椒,other_food,,扩展食材,other_food,0,1,review,1,菜谱实际使用名称，待进一步规范
5954,腌制蛋清,other_food,,扩展食材,other_food,0,1,review,1,菜谱实际使用名称，待进一步规范
5955,腌制调味料生抽料酒耗油五香粉,other_food,,扩展食材,other_food,0,1,review,1,菜谱实际使用名称，待进一步规范
5956,腌制调料,seasoning,,扩展食材,seasoning,0,1,verified,1,调味料
5957,腌制过牛肉条条,other_food,,扩展食材,other_food,0,1,review,1,菜谱实际使用名称，待进一步规范
5958,腌制鱼片,other_food,,扩展食材,other_food,0,1,review,1,菜谱实际使用名称，待进一步规范
5959,腌制鸡胸肉,other_food,,扩展食材,other_food,0,1,review,1,菜谱实际使用名称，待进一步规范
5960,腌制黄瓜料,other_food,,扩展食材,other_food,0,1,review,1,菜谱实际使用名称，待进一步规范
5961,腌制黄酒,seasoning,,扩展食材,seasoning,0,1,verified,1,调味料
5962,腌料,seasoning,,扩展食材,seasoning,0,1,verified,8,调味料
5963,腌柠檬,other_food,,扩展食材,other_food,0,1,review,1,菜谱实际使用名称，待进一步规范
5964,腌牛肉片,other_food,,扩展食材,other_food,0,1,review,1,菜谱实际使用名称，待进一步规范
5965,腌肉,processed,,扩展食材,processed,0,1,verified,2,加工、半成品、乳制品或饮品
5966,腌肉料,processed,,扩展食材,processed,0,1,verified,1,加工、半成品、乳制品或饮品
5967,腌肉料酒,seasoning,,扩展食材,seasoning,0,1,verified,2,调味料
5968,腌肉末料,processed,,扩展食材,processed,0,1,verified,1,加工、半成品、乳制品或饮品
5969,腌肉沫料酒,seasoning,,扩展食材,seasoning,0,1,verified,1,调味料
5970,腌肉淀粉,processed,,扩展食材,processed,0,1,verified,1,加工、半成品、乳制品或饮品
5971,腌肉生抽,processed,,扩展食材,processed,0,1,verified,1,加工、半成品、乳制品或饮品
5972,腌肉白胡椒粉,processed,,扩展食材,processed,0,1,verified,1,加工、半成品、乳制品或饮品
5973,腌肉盐,seasoning,,扩展食材,seasoning,0,1,verified,2,调味料
5974,腌肉胡椒粉,processed,,扩展食材,processed,0,1,verified,1,加工、半成品、乳制品或饮品
5975,腌肉调料,seasoning,,扩展食材,seasoning,0,1,verified,3,调味料
5976,腌肉酱汁,processed,,扩展食材,processed,0,1,verified,1,加工、半成品、乳制品或饮品
5977,腌肉酱👇🏻,processed,,扩展食材,processed,0,1,verified,1,加工、半成品、乳制品或饮品
5978,腌肉馅如下,processed,,扩展食材,processed,0,1,verified,1,加工、半成品、乳制品或饮品
5979,腌菜,other_food,,扩展食材,other_food,0,1,review,2,菜谱实际使用名称，待进一步规范
5980,腌虾料,other_food,,扩展食材,other_food,0,1,review,1,菜谱实际使用名称，待进一步规范
5981,腌鱼,other_food,,扩展食材,other_food,0,1,review,2,菜谱实际使用名称，待进一步规范
5982,腌鱼调味料,seasoning,,扩展食材,seasoning,0,1,verified,1,调味料
5983,腌鸡料,other_food,,扩展食材,other_food,0,1,review,1,菜谱实际使用名称，待进一步规范
5984,腌黄瓜片,other_food,,扩展食材,other_food,0,1,review,1,菜谱实际使用名称，待进一步规范
5985,腐乳,seasoning,,扩展食材,seasoning,0,1,verified,6,调味料
5986,腐乳/南乳,composite,,扩展食材,composite,0,1,review,1,疑似复合名称，组成未完全确认
5987,腐乳汁,seasoning,,扩展食材,seasoning,0,1,verified,8,调味料
5988,腐乳汤红腐乳,other_food,,扩展食材,other_food,0,1,review,1,菜谱实际使用名称，待进一步规范
5989,腐皮,processed,,扩展食材,processed,0,1,verified,5,加工、半成品、乳制品或饮品
5990,腐竹,processed,,扩展食材,processed,0,1,verified,58,加工、半成品、乳制品或饮品
5991,腐竹/豆皮,processed,,扩展食材,processed,0,1,verified,1,加工、半成品、乳制品或饮品
5992,腔骨,other_food,,扩展食材,other_food,0,1,review,2,菜谱实际使用名称，待进一步规范
5993,腰果或花生仁,composite,,扩展食材,composite,0,1,review,1,疑似复合名称，组成未完全确认
5994,腰果虾仁鸡丁配料,other_food,,扩展食材,other_food,0,1,review,1,菜谱实际使用名称，待进一步规范
5995,腰柳,other_food,,扩展食材,other_food,0,1,review,1,菜谱实际使用名称，待进一步规范
5996,腱子肉牛肉,other_food,,扩展食材,other_food,0,1,review,1,菜谱实际使用名称，待进一步规范
5997,臀尖肉,other_food,,扩展食材,other_food,0,1,review,1,菜谱实际使用名称，待进一步规范
5998,臊子,other_food,,扩展食材,other_food,0,1,review,1,菜谱实际使用名称，待进一步规范
5999,自己吃量排骨,other_food,,扩展食材,other_food,0,1,review,1,菜谱实际使用名称，待进一步规范
6000,自己喜好瘦肉,other_food,,扩展食材,other_food,0,1,review,1,菜谱实际使用名称，待进一步规范
6001,自己喜好调整冰糖,other_food,,扩展食材,other_food,0,1,review,1,菜谱实际使用名称，待进一步规范
6002,自己喜欢吃多少卖多少四季豆,other_food,,扩展食材,other_food,0,1,review,1,菜谱实际使用名称，待进一步规范
6003,自己喜欢生蚝,other_food,,扩展食材,other_food,0,1,review,1,菜谱实际使用名称，待进一步规范
6004,自己喜欢量蒜粒,other_food,,扩展食材,other_food,0,1,review,1,菜谱实际使用名称，待进一步规范
6005,自己喜欢量香菜,other_food,,扩展食材,other_food,0,1,review,1,菜谱实际使用名称，待进一步规范
6006,自己喜欢韭菜,other_food,,扩展食材,other_food,0,1,review,1,菜谱实际使用名称，待进一步规范
6007,自己定量猪肝,other_food,,扩展食材,other_food,0,1,review,1,菜谱实际使用名称，待进一步规范
6008,自己家冰箱剩蔬菜,other_food,,扩展食材,other_food,0,1,review,1,菜谱实际使用名称，待进一步规范
6009,自己开心就好冰糖,other_food,,扩展食材,other_food,0,1,review,1,菜谱实际使用名称，待进一步规范
6010,自己开心就好肋排,other_food,,扩展食材,other_food,0,1,review,1,菜谱实际使用名称，待进一步规范
6011,自己想吃各种菜,generic,,扩展食材,generic,0,1,review,1,宽泛名称，保留原义而不猜测具体品种
6012,自己把握木耳,other_food,,扩展食材,other_food,0,1,review,1,菜谱实际使用名称，待进一步规范
6013,自己掌握主要调咸淡蚝油,seasoning,,扩展食材,seasoning,0,1,verified,1,调味料
6014,自己掌握生抽,other_food,,扩展食材,other_food,0,1,review,1,菜谱实际使用名称，待进一步规范
6015,自己搭配辣椒,other_food,,扩展食材,other_food,0,1,review,1,菜谱实际使用名称，待进一步规范
6016,自己爱吃可以多,other_food,,扩展食材,other_food,0,1,review,1,菜谱实际使用名称，待进一步规范
6017,自己看着办不很多油,seasoning,,扩展食材,seasoning,0,1,verified,1,调味料
6018,自己觉得够味就行生抽,other_food,,扩展食材,other_food,0,1,review,1,菜谱实际使用名称，待进一步规范
6019,自来水,other_food,,扩展食材,other_food,0,1,review,1,菜谱实际使用名称，待进一步规范
6020,自然鲜酱油,seasoning,,扩展食材,seasoning,0,1,verified,1,调味料
6021,自由调整,other_food,,扩展食材,other_food,0,1,review,1,菜谱实际使用名称，待进一步规范
6022,自行调配自己喜欢蘸料比如蒜姜生抽盐醋红油芥末酱等等,seasoning,,扩展食材,seasoning,0,1,verified,1,调味料
6023,自调酱料,other_food,,扩展食材,other_food,0,1,review,1,菜谱实际使用名称，待进一步规范
6024,自配杂粮米,other_food,,扩展食材,other_food,0,1,review,1,菜谱实际使用名称，待进一步规范
6025,臭干,other_food,,扩展食材,other_food,0,1,review,1,菜谱实际使用名称，待进一步规范
6026,臭豆腐,processed,,扩展食材,processed,0,1,verified,4,加工、半成品、乳制品或饮品
6027,臭豆豉,other_food,,扩展食材,other_food,0,1,review,1,菜谱实际使用名称，待进一步规范
6028,舞茸,other_food,,扩展食材,other_food,0,1,review,1,菜谱实际使用名称，待进一步规范
6029,舞茸菇,other_food,,扩展食材,other_food,0,1,review,1,菜谱实际使用名称，待进一步规范
6030,良姜,other_food,,扩展食材,other_food,0,1,review,1,菜谱实际使用名称，待进一步规范
6031,色拉油,seasoning,,扩展食材,seasoning,0,1,verified,60,调味料
6032,色拉油/黄油,seasoning,,扩展食材,seasoning,0,1,verified,1,调味料
6033,色拉酱,seasoning,,扩展食材,seasoning,0,1,verified,1,调味料
6034,节冬笋,other_food,,扩展食材,other_food,0,1,review,1,菜谱实际使用名称，待进一步规范
6035,节大葱,other_food,,扩展食材,other_food,0,1,review,5,菜谱实际使用名称，待进一步规范
6036,节大连藕,other_food,,扩展食材,other_food,0,1,review,1,菜谱实际使用名称，待进一步规范
6037,节干辣椒,seasoning,,扩展食材,seasoning,0,1,verified,1,调味料
6038,节排骨,other_food,,扩展食材,other_food,0,1,review,1,菜谱实际使用名称，待进一步规范
6039,节甘蔗,other_food,,扩展食材,other_food,0,1,review,2,菜谱实际使用名称，待进一步规范
6040,节生姜,other_food,,扩展食材,other_food,0,1,review,1,菜谱实际使用名称，待进一步规范
6041,节白莲藕,other_food,,扩展食材,other_food,0,1,review,1,菜谱实际使用名称，待进一步规范
6042,节粉藕中段,other_food,,扩展食材,other_food,0,1,review,1,菜谱实际使用名称，待进一步规范
6043,节老藕,other_food,,扩展食材,other_food,0,1,review,1,菜谱实际使用名称，待进一步规范
6044,节腐竹,processed,,扩展食材,processed,0,1,verified,1,加工、半成品、乳制品或饮品
6045,节莲藕,other_food,,扩展食材,other_food,0,1,review,16,菜谱实际使用名称，待进一步规范
6046,节葱白,other_food,,扩展食材,other_food,0,1,review,1,菜谱实际使用名称，待进一步规范
6047,节藕,other_food,,扩展食材,other_food,0,1,review,52,菜谱实际使用名称，待进一步规范
6048,节藕片,other_food,,扩展食材,other_food,0,1,review,1,菜谱实际使用名称，待进一步规范
6049,节鲜藕,other_food,,扩展食材,other_food,0,1,review,1,菜谱实际使用名称，待进一步规范
6050,芋仔,other_food,,扩展食材,other_food,0,1,review,1,菜谱实际使用名称，待进一步规范
6051,芋儿,other_food,,扩展食材,other_food,0,1,review,2,菜谱实际使用名称，待进一步规范
6052,芍尖,other_food,,扩展食材,other_food,0,1,review,1,菜谱实际使用名称，待进一步规范
6053,芝士,processed,,扩展食材,processed,0,1,verified,4,加工、半成品、乳制品或饮品
6054,芝士丸子,processed,,扩展食材,processed,0,1,verified,1,加工、半成品、乳制品或饮品
6055,芝士片,processed,,扩展食材,processed,0,1,verified,2,加工、半成品、乳制品或饮品
6056,芝士碎,processed,,扩展食材,processed,0,1,verified,3,加工、半成品、乳制品或饮品
6057,芝士粉,processed,,扩展食材,processed,0,1,verified,4,加工、半成品、乳制品或饮品
6058,芝士鱼丸,processed,,扩展食材,processed,0,1,verified,1,加工、半成品、乳制品或饮品
6059,芝麻孜然,other_food,,扩展食材,other_food,0,1,review,1,菜谱实际使用名称，待进一步规范
6060,芝麻撒表面,other_food,,扩展食材,other_food,0,1,review,1,菜谱实际使用名称，待进一步规范
6061,芝麻沙拉酱,seasoning,,扩展食材,seasoning,0,1,verified,1,调味料
6062,芝麻油,seasoning,,扩展食材,seasoning,0,1,verified,73,调味料
6063,芝麻油或花椒油,seasoning,,扩展食材,seasoning,0,1,verified,1,调味料
6064,芝麻油油,seasoning,,扩展食材,seasoning,0,1,verified,1,调味料
6065,芝麻盐,seasoning,,扩展食材,seasoning,0,1,verified,1,调味料
6066,芝麻粒,other_food,,扩展食材,other_food,0,1,review,1,菜谱实际使用名称，待进一步规范
6067,芝麻花生酱,seasoning,,扩展食材,seasoning,0,1,verified,1,调味料
6068,芝麻酱,seasoning,,扩展食材,seasoning,0,1,verified,24,调味料
6069,芝麻面,other_food,,扩展食材,other_food,0,1,review,1,菜谱实际使用名称，待进一步规范
6070,芝麻香油,seasoning,,扩展食材,seasoning,0,1,verified,9,调味料
6071,芡实,other_food,,扩展食材,other_food,0,1,review,4,菜谱实际使用名称，待进一步规范
6072,芡汁,seasoning,,扩展食材,seasoning,0,1,verified,1,调味料
6073,芡粉,other_food,,扩展食材,other_food,0,1,review,7,菜谱实际使用名称，待进一步规范
6074,芥兰,other_food,,扩展食材,other_food,0,1,review,13,菜谱实际使用名称，待进一步规范
6075,芥末,seasoning,,扩展食材,seasoning,0,1,verified,5,调味料
6076,芥末籽,seasoning,,扩展食材,seasoning,0,1,verified,1,调味料
6077,芥末酱,seasoning,,扩展食材,seasoning,0,1,verified,1,调味料
6078,芥菜/大芥菜,composite,,扩展食材,composite,0,1,review,1,疑似复合名称，组成未完全确认
6079,芥菜疙瘩,other_food,,扩展食材,other_food,0,1,review,1,菜谱实际使用名称，待进一步规范
6080,芥菜胆,other_food,,扩展食材,other_food,0,1,review,1,菜谱实际使用名称，待进一步规范
6081,芥菜芯,other_food,,扩展食材,other_food,0,1,review,1,菜谱实际使用名称，待进一步规范
6082,芥蓝杆,other_food,,扩展食材,other_food,0,1,review,1,菜谱实际使用名称，待进一步规范
6083,芥蓝菜,other_food,,扩展食材,other_food,0,1,review,2,菜谱实际使用名称，待进一步规范
6084,芦蒿叶尖,other_food,,扩展食材,other_food,0,1,review,1,菜谱实际使用名称，待进一步规范
6085,芫茜或者西兰花,composite,,扩展食材,composite,0,1,review,1,疑似复合名称，组成未完全确认
6086,芫荽或葱段,composite,,扩展食材,composite,0,1,review,1,疑似复合名称，组成未完全确认
6087,花哈,other_food,,扩展食材,other_food,0,1,review,2,菜谱实际使用名称，待进一步规范
6088,花椒,seasoning,,扩展食材,seasoning,0,1,verified,656,调味料
6089,花椒八角,seasoning,,扩展食材,seasoning,0,1,verified,1,调味料
6090,花椒八角香叶,seasoning,,扩展食材,seasoning,0,1,verified,2,调味料
6091,花椒大料,seasoning,,扩展食材,seasoning,0,1,verified,3,调味料
6092,花椒大料桂皮辣椒香叶料包,other_food,,扩展食材,other_food,0,1,review,1,菜谱实际使用名称，待进一步规范
6093,花椒干辣椒,seasoning,,扩展食材,seasoning,0,1,verified,2,调味料
6094,花椒干辣椒混合,seasoning,,扩展食材,seasoning,0,1,verified,1,调味料
6095,花椒干辣椒能吃辣可多放,seasoning,,扩展食材,seasoning,0,1,verified,1,调味料
6096,花椒干辣椒蒜,seasoning,,扩展食材,seasoning,0,1,verified,1,调味料
6097,花椒末,other_food,,扩展食材,other_food,0,1,review,1,菜谱实际使用名称，待进一步规范
6098,花椒桂皮香叶,other_food,,扩展食材,other_food,0,1,review,1,菜谱实际使用名称，待进一步规范
6099,花椒水,seasoning,,扩展食材,seasoning,0,1,verified,7,调味料
6100,花椒油,seasoning,,扩展食材,seasoning,0,1,verified,53,调味料
6101,花椒碎,other_food,,扩展食材,other_food,0,1,review,2,菜谱实际使用名称，待进一步规范
6102,花椒米醋,seasoning,,扩展食材,seasoning,0,1,verified,1,调味料
6103,花椒粉,seasoning,,扩展食材,seasoning,0,1,verified,113,调味料
6104,花椒粉白胡椒粉,seasoning,,扩展食材,seasoning,0,1,verified,1,调味料
6105,花椒粉盐鸡精,seasoning,,扩展食材,seasoning,0,1,verified,1,调味料
6106,花椒粒,other_food,,扩展食材,other_food,0,1,review,49,菜谱实际使用名称，待进一步规范
6107,花椒粒或粉,composite,,扩展食材,composite,0,1,review,1,疑似复合名称，组成未完全确认
6108,花椒辣椒橄榄油,seasoning,,扩展食材,seasoning,0,1,verified,1,调味料
6109,花椒面,seasoning,,扩展食材,seasoning,0,1,verified,34,调味料
6110,花椒麻椒,seasoning,,扩展食材,seasoning,0,1,verified,1,调味料
6111,花椒麻椒桂皮,seasoning,,扩展食材,seasoning,0,1,verified,1,调味料
6112,花椒麻脚,other_food,,扩展食材,other_food,0,1,review,1,菜谱实际使用名称，待进一步规范
6113,花生/黄豆,composite,,扩展食材,composite,0,1,review,1,疑似复合名称，组成未完全确认
6114,花生油,seasoning,,扩展食材,seasoning,0,1,verified,140,调味料
6115,花生油冰糖料酒老抽生抽盐,other_food,,扩展食材,other_food,0,1,review,1,菜谱实际使用名称，待进一步规范
6116,花生油或者猪油,seasoning,,扩展食材,seasoning,0,1,verified,1,调味料
6117,花生油调和油均可油,seasoning,,扩展食材,seasoning,0,1,verified,1,调味料
6118,花生米大小白糖,other_food,,扩展食材,other_food,0,1,review,1,菜谱实际使用名称，待进一步规范
6119,花生粉,seasoning,,扩展食材,seasoning,0,1,verified,1,调味料
6120,花生芽,other_food,,扩展食材,other_food,0,1,review,3,菜谱实际使用名称，待进一步规范
6121,花生豆,other_food,,扩展食材,other_food,0,1,review,1,菜谱实际使用名称，待进一步规范
6122,花生酱,seasoning,,扩展食材,seasoning,0,1,verified,9,调味料
6123,花甲,other_food,,扩展食材,other_food,0,1,review,30,菜谱实际使用名称，待进一步规范
6124,花甲/波波贝/清口/推荐沙白,composite,,扩展食材,composite,0,1,review,1,疑似复合名称，组成未完全确认
6125,花粒粒面,other_food,,扩展食材,other_food,0,1,review,1,菜谱实际使用名称，待进一步规范
6126,花胶,other_food,,扩展食材,other_food,0,1,review,8,菜谱实际使用名称，待进一步规范
6127,花芸豆,other_food,,扩展食材,other_food,0,1,review,1,菜谱实际使用名称，待进一步规范
6128,花菇干,other_food,,扩展食材,other_food,0,1,review,1,菜谱实际使用名称，待进一步规范
6129,花蚬子,other_food,,扩展食材,other_food,0,1,review,1,菜谱实际使用名称，待进一步规范
6130,花蛤肉,other_food,,扩展食材,other_food,0,1,review,1,菜谱实际使用名称，待进一步规范
6131,花螺,other_food,,扩展食材,other_food,0,1,review,2,菜谱实际使用名称，待进一步规范
6132,花蟹,other_food,,扩展食材,other_food,0,1,review,3,菜谱实际使用名称，待进一步规范
6133,花边生菜,other_food,,扩展食材,other_food,0,1,review,1,菜谱实际使用名称，待进一步规范
6134,花雕,seasoning,,扩展食材,seasoning,0,1,verified,2,调味料
6135,花雕料酒,seasoning,,扩展食材,seasoning,0,1,verified,1,调味料
6136,花雕酒,seasoning,,扩展食材,seasoning,0,1,verified,22,调味料
6137,花雕酒/料酒,seasoning,,扩展食材,seasoning,0,1,verified,1,调味料
6138,花雕酒/米酒,seasoning,,扩展食材,seasoning,0,1,verified,1,调味料
6139,花雕酒新鲜虾可以不放,other_food,,扩展食材,other_food,0,1,review,1,菜谱实际使用名称，待进一步规范
6140,花鲢,other_food,,扩展食材,other_food,0,1,review,2,菜谱实际使用名称，待进一步规范
6141,花鸭肉,other_food,,扩展食材,other_food,0,1,review,1,菜谱实际使用名称，待进一步规范
6142,芹菜切丝,other_food,,扩展食材,other_food,0,1,review,1,菜谱实际使用名称，待进一步规范
6143,芹菜切粒,other_food,,扩展食材,other_food,0,1,review,1,菜谱实际使用名称，待进一步规范
6144,芹菜碎末,other_food,,扩展食材,other_food,0,1,review,1,菜谱实际使用名称，待进一步规范
6145,芹菜粒,other_food,,扩展食材,other_food,0,1,review,2,菜谱实际使用名称，待进一步规范
6146,芹菜苗,other_food,,扩展食材,other_food,0,1,review,1,菜谱实际使用名称，待进一步规范
6147,芽白,other_food,,扩展食材,other_food,0,1,review,1,菜谱实际使用名称，待进一步规范
6148,芽菜,processed,,扩展食材,processed,0,1,verified,12,加工、半成品、乳制品或饮品
6149,苏子叶,other_food,,扩展食材,other_food,0,1,review,2,菜谱实际使用名称，待进一步规范
6150,苏子粉,other_food,,扩展食材,other_food,0,1,review,1,菜谱实际使用名称，待进一步规范
6151,苏式话梅,other_food,,扩展食材,other_food,0,1,review,1,菜谱实际使用名称，待进一步规范
6152,苏打,other_food,,扩展食材,other_food,0,1,review,14,菜谱实际使用名称，待进一步规范
6153,苏打或食堿,composite,,扩展食材,composite,0,1,review,1,疑似复合名称，组成未完全确认
6154,苏打粉,other_food,,扩展食材,other_food,0,1,review,2,菜谱实际使用名称，待进一步规范
6155,苕尖,other_food,,扩展食材,other_food,0,1,review,1,菜谱实际使用名称，待进一步规范
6156,苕粉,other_food,,扩展食材,other_food,0,1,review,1,菜谱实际使用名称，待进一步规范
6157,苞谷鸡,other_food,,扩展食材,other_food,0,1,review,1,菜谱实际使用名称，待进一步规范
6158,苦苣,other_food,,扩展食材,other_food,0,1,review,1,菜谱实际使用名称，待进一步规范
6159,苦苣菜,other_food,,扩展食材,other_food,0,1,review,1,菜谱实际使用名称，待进一步规范
6160,苦荞米,other_food,,扩展食材,other_food,0,1,review,1,菜谱实际使用名称，待进一步规范
6161,苦荞粉,other_food,,扩展食材,other_food,0,1,review,1,菜谱实际使用名称，待进一步规范
6162,苦菊,other_food,,扩展食材,other_food,0,1,review,5,菜谱实际使用名称，待进一步规范
6163,苹果或梨,composite,,扩展食材,composite,0,1,review,1,疑似复合名称，组成未完全确认
6164,苹果醋,seasoning,,扩展食材,seasoning,0,1,verified,6,调味料
6165,苹果🍎,other_food,,扩展食材,other_food,0,1,review,1,菜谱实际使用名称，待进一步规范
6166,茄子/胡萝卜,composite,,扩展食材,composite,0,1,review,1,疑似复合名称，组成未完全确认
6167,茄子仔,other_food,,扩展食材,other_food,0,1,review,1,菜谱实际使用名称，待进一步规范
6168,茄子🍆,other_food,,扩展食材,other_food,0,1,review,3,菜谱实际使用名称，待进一步规范
6169,茅台,other_food,,扩展食材,other_food,0,1,review,1,菜谱实际使用名称，待进一步规范
6170,茅台酒,seasoning,,扩展食材,seasoning,0,1,verified,1,调味料
6171,茅根,other_food,,扩展食材,other_food,0,1,review,1,菜谱实际使用名称，待进一步规范
6172,茉莉花,other_food,,扩展食材,other_food,0,1,review,1,菜谱实际使用名称，待进一步规范
6173,茧蛹,other_food,,扩展食材,other_food,0,1,review,1,菜谱实际使用名称，待进一步规范
6174,茨菇,other_food,,蔬菜,季节数据补充,0,1,review,1,菜谱实际使用名称，待进一步规范
6175,茨菰,other_food,,扩展食材,other_food,0,1,review,1,菜谱实际使用名称，待进一步规范
6176,茭瓜,other_food,,扩展食材,other_food,0,1,review,2,菜谱实际使用名称，待进一步规范
6177,茯苓,other_food,,扩展食材,other_food,0,1,review,1,菜谱实际使用名称，待进一步规范
6178,茴香,seasoning,,扩展食材,seasoning,0,1,verified,24,调味料
6179,茴香根,other_food,,扩展食材,other_food,0,1,review,1,菜谱实际使用名称，待进一步规范
6180,茴香粉,seasoning,,扩展食材,seasoning,0,1,verified,1,调味料
6181,茴香粒,other_food,,扩展食材,other_food,0,1,review,1,菜谱实际使用名称，待进一步规范
6182,茴香花椒,other_food,,扩展食材,other_food,0,1,review,1,菜谱实际使用名称，待进一步规范
6183,茴香苗儿,other_food,,扩展食材,other_food,0,1,review,1,菜谱实际使用名称，待进一步规范
6184,茴香香叶花椒,other_food,,扩展食材,other_food,0,1,review,1,菜谱实际使用名称，待进一步规范
6185,茶,processed,,扩展食材,processed,0,1,verified,1,加工、半成品、乳制品或饮品
6186,茶勺五香粉,seasoning,,扩展食材,seasoning,0,1,verified,1,调味料
6187,茶勺原味鲜,other_food,,扩展食材,other_food,0,1,review,1,菜谱实际使用名称，待进一步规范
6188,茶勺姜碎,other_food,,扩展食材,other_food,0,1,review,1,菜谱实际使用名称，待进一步规范
6189,茶勺料酒,seasoning,,扩展食材,seasoning,0,1,verified,4,调味料
6190,茶勺柠檬汁,seasoning,,扩展食材,seasoning,0,1,verified,1,调味料
6191,茶勺油,seasoning,,扩展食材,seasoning,0,1,verified,1,调味料
6192,茶勺油泼辣子,other_food,,扩展食材,other_food,0,1,review,1,菜谱实际使用名称，待进一步规范
6193,茶勺淀粉,processed,,扩展食材,processed,0,1,verified,3,加工、半成品、乳制品或饮品
6194,茶勺生抽,seasoning,,扩展食材,seasoning,0,1,verified,9,调味料
6195,茶勺生粉,other_food,,扩展食材,other_food,0,1,review,1,菜谱实际使用名称，待进一步规范
6196,茶勺白糖,seasoning,,扩展食材,seasoning,0,1,verified,2,调味料
6197,茶勺盐,seasoning,,扩展食材,seasoning,0,1,verified,5,调味料
6198,茶勺砂糖,other_food,,扩展食材,other_food,0,1,review,1,菜谱实际使用名称，待进一步规范
6199,茶勺米醋,seasoning,,扩展食材,seasoning,0,1,verified,1,调味料
6200,茶勺糖,seasoning,,扩展食材,seasoning,0,1,verified,4,调味料
6201,茶勺老抽,other_food,,扩展食材,other_food,0,1,review,2,菜谱实际使用名称，待进一步规范
6202,茶勺耗油,seasoning,,扩展食材,seasoning,0,1,verified,1,调味料
6203,茶勺芝麻油,seasoning,,扩展食材,seasoning,0,1,verified,2,调味料
6204,茶勺花生碎,other_food,,扩展食材,other_food,0,1,review,1,菜谱实际使用名称，待进一步规范
6205,茶勺蒜末,other_food,,扩展食材,other_food,0,1,review,1,菜谱实际使用名称，待进一步规范
6206,茶勺蒸鱼酱油,seasoning,,扩展食材,seasoning,0,1,verified,1,调味料
6207,茶勺虾膏,other_food,,扩展食材,other_food,0,1,review,1,菜谱实际使用名称，待进一步规范
6208,茶勺蚝油,seasoning,,扩展食材,seasoning,0,1,verified,5,调味料
6209,茶勺辣椒粉,other_food,,扩展食材,other_food,0,1,review,1,菜谱实际使用名称，待进一步规范
6210,茶勺酱油,seasoning,,扩展食材,seasoning,0,1,verified,1,调味料
6211,茶勺香油,seasoning,,扩展食材,seasoning,0,1,verified,2,调味料
6212,茶勺鸡汁,other_food,,扩展食材,other_food,0,1,review,1,菜谱实际使用名称，待进一步规范
6213,茶勺鸡精,other_food,,扩展食材,other_food,0,1,review,2,菜谱实际使用名称，待进一步规范
6214,茶勺麻油,seasoning,,扩展食材,seasoning,0,1,verified,1,调味料
6215,茶勺黄豆酱,seasoning,,扩展食材,seasoning,0,1,verified,1,调味料
6216,茶勺黑胡椒碎,other_food,,扩展食材,other_food,0,1,review,1,菜谱实际使用名称，待进一步规范
6217,茶匙盐,seasoning,,扩展食材,seasoning,0,1,verified,2,调味料
6218,茶匙鸡精,seasoning,,扩展食材,seasoning,0,1,verified,1,调味料
6219,茶叶,processed,,扩展食材,processed,0,1,verified,4,加工、半成品、乳制品或饮品
6220,茶油,seasoning,,扩展食材,seasoning,0,1,verified,4,调味料
6221,茶籽油,seasoning,,扩展食材,seasoning,0,1,verified,3,调味料
6222,草寇,other_food,,扩展食材,other_food,0,1,review,1,菜谱实际使用名称，待进一步规范
6223,草本生态鲜猪肋排,other_food,,扩展食材,other_food,0,1,review,1,菜谱实际使用名称，待进一步规范
6224,草果,seasoning,,扩展食材,seasoning,0,1,verified,23,调味料
6225,草果粉,seasoning,,扩展食材,seasoning,0,1,verified,3,调味料
6226,草母鸡,other_food,,扩展食材,other_food,0,1,review,1,菜谱实际使用名称，待进一步规范
6227,草茹老抽,other_food,,扩展食材,other_food,0,1,review,1,菜谱实际使用名称，待进一步规范
6228,草菇老抽,seasoning,,扩展食材,seasoning,0,1,verified,2,调味料
6229,草鱼/鲢鱼/龙利鱼,composite,,扩展食材,composite,0,1,review,1,疑似复合名称，组成未完全确认
6230,草鱼/黑鱼/巴沙鱼柳,composite,,扩展食材,composite,0,1,review,1,疑似复合名称，组成未完全确认
6231,草鱼或黑鱼,composite,,扩展食材,composite,0,1,review,1,疑似复合名称，组成未完全确认
6232,草鱼肉,other_food,,扩展食材,other_food,0,1,review,2,菜谱实际使用名称，待进一步规范
6233,草鸡,other_food,,扩展食材,other_food,0,1,review,2,菜谱实际使用名称，待进一步规范
6234,草鸡蛋,other_food,,扩展食材,other_food,0,1,review,2,菜谱实际使用名称，待进一步规范
6235,荞麦米,other_food,,扩展食材,other_food,0,1,review,1,菜谱实际使用名称，待进一步规范
6236,荞麦粉,other_food,,扩展食材,other_food,0,1,review,2,菜谱实际使用名称，待进一步规范
6237,荞麦面,other_food,,扩展食材,other_food,0,1,review,4,菜谱实际使用名称，待进一步规范
6238,荠菜头,other_food,,扩展食材,other_food,0,1,review,1,菜谱实际使用名称，待进一步规范
6239,荤香,other_food,,扩展食材,other_food,0,1,review,1,菜谱实际使用名称，待进一步规范
6240,药材量,other_food,,扩展食材,other_food,0,1,review,1,菜谱实际使用名称，待进一步规范
6241,药芹,other_food,,扩展食材,other_food,0,1,review,1,菜谱实际使用名称，待进一步规范
6242,荷叶,seasoning,,扩展食材,seasoning,0,1,verified,7,调味料
6243,莲白,other_food,,扩展食材,other_food,0,1,review,1,菜谱实际使用名称，待进一步规范
6244,莲菜,other_food,,扩展食材,other_food,0,1,review,2,菜谱实际使用名称，待进一步规范
6245,莲藕切片土豆切块,other_food,,扩展食材,other_food,0,1,review,1,菜谱实际使用名称，待进一步规范
6246,莳萝,other_food,,扩展食材,other_food,0,1,review,1,菜谱实际使用名称，待进一步规范
6247,莴笋叶子,other_food,,扩展食材,other_food,0,1,review,1,菜谱实际使用名称，待进一步规范
6248,莴笋干,processed,,扩展食材,processed,0,1,verified,2,加工、半成品、乳制品或饮品
6249,莴苣叶,other_food,,扩展食材,other_food,0,1,review,2,菜谱实际使用名称，待进一步规范
6250,莴苣笋,other_food,,扩展食材,other_food,0,1,review,1,菜谱实际使用名称，待进一步规范
6251,菇,other_food,,扩展食材,other_food,0,1,review,2,菜谱实际使用名称，待进一步规范
6252,菇盐,other_food,,扩展食材,other_food,0,1,review,1,菜谱实际使用名称，待进一步规范
6253,菇类,other_food,,扩展食材,other_food,0,1,review,2,菜谱实际使用名称，待进一步规范
6254,菇粉,other_food,,扩展食材,other_food,0,1,review,1,菜谱实际使用名称，待进一步规范
6255,菊叶,other_food,,扩展食材,other_food,0,1,review,1,菜谱实际使用名称，待进一步规范
6256,菊花脑叶,other_food,,扩展食材,other_food,0,1,review,1,菜谱实际使用名称，待进一步规范
6257,菌类,other_food,,扩展食材,other_food,0,1,review,1,菜谱实际使用名称，待进一步规范
6258,菌菇,generic,,扩展食材,generic,0,1,review,9,宽泛名称，保留原义而不猜测具体品种
6259,菌菇或木耳,composite,,扩展食材,composite,0,1,review,1,疑似复合名称，组成未完全确认
6260,菌菇酱,seasoning,,扩展食材,seasoning,0,1,verified,1,调味料
6261,菜,other_food,,扩展食材,other_food,0,1,review,79,菜谱实际使用名称，待进一步规范
6262,菜可以根据自己喜好添加,other_food,,扩展食材,other_food,0,1,review,1,菜谱实际使用名称，待进一步规范
6263,菜叶白菜,other_food,,扩展食材,other_food,0,1,review,1,菜谱实际使用名称，待进一步规范
6264,菜和肉比例可以按照自己喜好搭配哦,composite,,扩展食材,composite,0,1,review,1,疑似复合名称，组成未完全确认
6265,菜圃,other_food,,扩展食材,other_food,0,1,review,1,菜谱实际使用名称，待进一步规范
6266,菜头,other_food,,扩展食材,other_food,0,1,review,1,菜谱实际使用名称，待进一步规范
6267,菜心或其它青菜或瓜类,composite,,扩展食材,composite,0,1,review,1,疑似复合名称，组成未完全确认
6268,菜椒,other_food,,扩展食材,other_food,0,1,review,7,菜谱实际使用名称，待进一步规范
6269,菜油,seasoning,,扩展食材,seasoning,0,1,verified,9,调味料
6270,菜码,other_food,,扩展食材,other_food,0,1,review,1,菜谱实际使用名称，待进一步规范
6271,菜籽油,seasoning,,扩展食材,seasoning,0,1,verified,41,调味料
6272,菜籽油或者其他油,seasoning,,扩展食材,seasoning,0,1,verified,1,调味料
6273,菜籽油油,seasoning,,扩展食材,seasoning,0,1,verified,1,调味料
6274,菜肉汤,other_food,,扩展食材,other_food,0,1,review,1,菜谱实际使用名称，待进一步规范
6275,菜脯,other_food,,扩展食材,other_food,0,1,review,1,菜谱实际使用名称，待进一步规范
6276,菜脯粒,other_food,,扩展食材,other_food,0,1,review,1,菜谱实际使用名称，待进一步规范
6277,菜芯,other_food,,扩展食材,other_food,0,1,review,1,菜谱实际使用名称，待进一步规范
6278,菜谱里虾仁,other_food,,扩展食材,other_food,0,1,review,1,菜谱实际使用名称，待进一步规范
6279,菜量包菜,other_food,,扩展食材,other_food,0,1,review,1,菜谱实际使用名称，待进一步规范
6280,菜量嫩豆腐,processed,,扩展食材,processed,0,1,verified,1,加工、半成品、乳制品或饮品
6281,菠菜或你喜欢任何蔬菜,composite,,扩展食材,composite,0,1,review,1,疑似复合名称，组成未完全确认
6282,菠萝肉,other_food,,扩展食材,other_food,0,1,review,1,菜谱实际使用名称，待进一步规范
6283,萝卜一点,other_food,,扩展食材,other_food,0,1,review,1,菜谱实际使用名称，待进一步规范
6284,萝卜丸子,processed,,扩展食材,processed,0,1,verified,1,加工、半成品、乳制品或饮品
6285,萝卜干,processed,,扩展食材,processed,0,1,verified,14,加工、半成品、乳制品或饮品
6286,萝卜干咸菜,processed,,扩展食材,processed,0,1,verified,1,加工、半成品、乳制品或饮品
6287,萝卜干碎,processed,,扩展食材,processed,0,1,verified,2,加工、半成品、乳制品或饮品
6288,萝卜汤部分,other_food,,扩展食材,other_food,0,1,review,1,菜谱实际使用名称，待进一步规范
6289,萝卜皮,other_food,,扩展食材,other_food,0,1,review,1,菜谱实际使用名称，待进一步规范
6290,萝卜芽苗,other_food,,扩展食材,other_food,0,1,review,1,菜谱实际使用名称，待进一步规范
6291,萧山萝卜干,processed,,扩展食材,processed,0,1,verified,1,加工、半成品、乳制品或饮品
6292,萬字减盐酱油,seasoning,,扩展食材,seasoning,0,1,verified,1,调味料
6293,落地球生菜,other_food,,扩展食材,other_food,0,1,review,1,菜谱实际使用名称，待进一步规范
6294,葡萄干,processed,,扩展食材,processed,0,1,verified,6,加工、半成品、乳制品或饮品
6295,葡萄籽油,seasoning,,扩展食材,seasoning,0,1,verified,4,调味料
6296,葧荠,other_food,,扩展食材,other_food,0,1,review,1,菜谱实际使用名称，待进一步规范
6297,葫瓜,other_food,,扩展食材,other_food,0,1,review,1,菜谱实际使用名称，待进一步规范
6298,葫芦卜片,other_food,,扩展食材,other_food,0,1,review,1,菜谱实际使用名称，待进一步规范
6299,葱/芹菜,composite,,扩展食材,composite,0,1,review,1,疑似复合名称，组成未完全确认
6300,葱/蒜叶,composite,,扩展食材,composite,0,1,review,1,疑似复合名称，组成未完全确认
6301,葱/蒜苗,composite,,扩展食材,composite,0,1,review,1,疑似复合名称，组成未完全确认
6302,葱·姜·,other_food,,扩展食材,other_food,0,1,review,1,菜谱实际使用名称，待进一步规范
6303,葱一小段,other_food,,扩展食材,other_food,0,1,review,2,菜谱实际使用名称，待进一步规范
6304,葱丝儿,other_food,,扩展食材,other_food,0,1,review,1,菜谱实际使用名称，待进一步规范
6305,葱切丝,other_food,,扩展食材,other_food,0,1,review,1,菜谱实际使用名称，待进一步规范
6306,葱切段,other_food,,扩展食材,other_food,0,1,review,3,菜谱实际使用名称，待进一步规范
6307,葱切段蒜切片姜切片葱姜蒜,other_food,,扩展食材,other_food,0,1,review,1,菜谱实际使用名称，待进一步规范
6308,葱切碎葱花,non_food,,扩展食材,non_food,0,0,review,1,疑似工具、包装或操作说明
6309,葱加蒜,other_food,,扩展食材,other_food,0,1,review,1,菜谱实际使用名称，待进一步规范
6310,葱半,other_food,,扩展食材,other_food,0,1,review,2,菜谱实际使用名称，待进一步规范
6311,葱叶子,other_food,,扩展食材,other_food,0,1,review,1,菜谱实际使用名称，待进一步规范
6312,葱和姜,composite,,扩展食材,composite,0,1,verified,1,明确多食材组合，组成见桥接表
6313,葱和香菜,composite,,扩展食材,composite,0,1,verified,1,明确多食材组合，组成见桥接表
6314,葱头油,seasoning,,扩展食材,seasoning,0,1,verified,1,调味料
6315,葱姜,composite,,扩展食材,composite,0,1,verified,77,明确多食材组合，组成见桥接表
6316,葱姜丝,other_food,,扩展食材,other_food,0,1,review,9,菜谱实际使用名称，待进一步规范
6317,葱姜切碎泡水,non_food,,扩展食材,non_food,0,0,review,1,疑似工具、包装或操作说明
6318,葱姜十三香,other_food,,扩展食材,other_food,0,1,review,3,菜谱实际使用名称，待进一步规范
6319,葱姜可选,other_food,,扩展食材,other_food,0,1,review,1,菜谱实际使用名称，待进一步规范
6320,葱姜大料,other_food,,扩展食材,other_food,0,1,review,1,菜谱实际使用名称，待进一步规范
6321,葱姜干辣椒,seasoning,,扩展食材,seasoning,0,1,verified,1,调味料
6322,葱姜料酒,seasoning,,扩展食材,seasoning,0,1,verified,4,调味料
6323,葱姜料酒盐糖,other_food,,扩展食材,other_food,0,1,review,1,菜谱实际使用名称，待进一步规范
6324,葱姜末,other_food,,扩展食材,other_food,0,1,review,10,菜谱实际使用名称，待进一步规范
6325,葱姜末十三香,other_food,,扩展食材,other_food,0,1,review,1,菜谱实际使用名称，待进一步规范
6326,葱姜水,processed,,扩展食材,processed,0,1,verified,5,加工、半成品、乳制品或饮品
6327,葱姜片,other_food,,扩展食材,other_food,0,1,review,2,菜谱实际使用名称，待进一步规范
6328,葱姜花椒大料,seasoning,,扩展食材,seasoning,0,1,verified,1,调味料
6329,葱姜蒜,composite,,扩展食材,composite,0,1,verified,171,明确多食材组合，组成见桥接表
6330,葱姜蒜丝,other_food,,扩展食材,other_food,0,1,review,1,菜谱实际使用名称，待进一步规范
6331,葱姜蒜八角花椒桂皮香叶,other_food,,扩展食材,other_food,0,1,review,1,菜谱实际使用名称，待进一步规范
6332,葱姜蒜大料辣椒,other_food,,扩展食材,other_food,0,1,review,1,菜谱实际使用名称，待进一步规范
6333,葱姜蒜小米辣,other_food,,扩展食材,other_food,0,1,review,1,菜谱实际使用名称，待进一步规范
6334,葱姜蒜小红椒沫,other_food,,扩展食材,other_food,0,1,review,1,菜谱实际使用名称，待进一步规范
6335,葱姜蒜干辣椒,seasoning,,扩展食材,seasoning,0,1,verified,3,调味料
6336,葱姜蒜料酒酱油醋蚝油,seasoning,,扩展食材,seasoning,0,1,verified,1,调味料
6337,葱姜蒜末,other_food,,扩展食材,other_food,0,1,review,17,菜谱实际使用名称，待进一步规范
6338,葱姜蒜水,other_food,,扩展食材,other_food,0,1,review,1,菜谱实际使用名称，待进一步规范
6339,葱姜蒜沫,other_food,,扩展食材,other_food,0,1,review,1,菜谱实际使用名称，待进一步规范
6340,葱姜蒜洋葱末,other_food,,扩展食材,other_food,0,1,review,1,菜谱实际使用名称，待进一步规范
6341,葱姜蒜片,other_food,,扩展食材,other_food,0,1,review,2,菜谱实际使用名称，待进一步规范
6342,葱姜蒜碎,other_food,,扩展食材,other_food,0,1,review,1,菜谱实际使用名称，待进一步规范
6343,葱姜蒜粉,seasoning,,扩展食材,seasoning,0,1,verified,2,调味料
6344,葱姜蒜胡萝卜末,other_food,,扩展食材,other_food,0,1,review,1,菜谱实际使用名称，待进一步规范
6345,葱姜蒜花椒盐,other_food,,扩展食材,other_food,0,1,review,1,菜谱实际使用名称，待进一步规范
6346,葱姜蒜花椒香菜,other_food,,扩展食材,other_food,0,1,review,1,菜谱实际使用名称，待进一步规范
6347,葱姜蒜辣椒,other_food,,扩展食材,other_food,0,1,review,2,菜谱实际使用名称，待进一步规范
6348,葱姜蒜辣椒花椒,seasoning,,扩展食材,seasoning,0,1,verified,1,调味料
6349,葱姜蒜酱油料酒,seasoning,,扩展食材,seasoning,0,1,verified,1,调味料
6350,葱姜醋油盐黄酒,seasoning,,扩展食材,seasoning,0,1,verified,1,调味料
6351,葱姜青红椒,other_food,,扩展食材,other_food,0,1,review,1,菜谱实际使用名称，待进一步规范
6352,葱姜香菜,other_food,,扩展食材,other_food,0,1,review,1,菜谱实际使用名称，待进一步规范
6353,葱或小香葱,composite,,扩展食材,composite,0,1,review,1,疑似复合名称，组成未完全确认
6354,葱或者香菜,composite,,扩展食材,composite,0,1,review,1,疑似复合名称，组成未完全确认
6355,葱或蒜苗,composite,,扩展食材,composite,0,1,review,1,疑似复合名称，组成未完全确认
6356,葱或香菜,composite,,扩展食材,composite,0,1,review,1,疑似复合名称，组成未完全确认
6357,葱或香葱,composite,,扩展食材,composite,0,1,review,1,疑似复合名称，组成未完全确认
6358,葱末姜丝八角花椒辣椒配料,other_food,,扩展食材,other_food,0,1,review,1,菜谱实际使用名称，待进一步规范
6359,葱末姜末,other_food,,扩展食材,other_food,0,1,review,1,菜谱实际使用名称，待进一步规范
6360,葱段或葱结葱,composite,,扩展食材,composite,0,1,review,1,疑似复合名称，组成未完全确认
6361,葱沫,other_food,,扩展食材,other_food,0,1,review,2,菜谱实际使用名称，待进一步规范
6362,葱油,seasoning,,扩展食材,seasoning,0,1,verified,4,调味料
6363,葱生姜,other_food,,扩展食材,other_food,0,1,review,1,菜谱实际使用名称，待进一步规范
6364,葱白丝,other_food,,扩展食材,other_food,0,1,review,1,菜谱实际使用名称，待进一步规范
6365,葱白末,other_food,,扩展食材,other_food,0,1,review,1,菜谱实际使用名称，待进一步规范
6366,葱白段,other_food,,扩展食材,other_food,0,1,review,2,菜谱实际使用名称，待进一步规范
6367,葱粒,other_food,,扩展食材,other_food,0,1,review,4,菜谱实际使用名称，待进一步规范
6368,葱结,other_food,,扩展食材,other_food,0,1,review,10,菜谱实际使用名称，待进一步规范
6369,葱结姜片,other_food,,扩展食材,other_food,0,1,review,1,菜谱实际使用名称，待进一步规范
6370,葱绿或青蒜苗段,composite,,扩展食材,composite,0,1,review,1,疑似复合名称，组成未完全确认
6371,葱节一团葱,other_food,,扩展食材,other_food,0,1,review,1,菜谱实际使用名称，待进一步规范
6372,葱芯段,other_food,,扩展食材,other_food,0,1,review,1,菜谱实际使用名称，待进一步规范
6373,葱花,other_food,,扩展食材,other_food,0,1,review,13,菜谱实际使用名称，待进一步规范
6374,葱花.香菜末,other_food,,扩展食材,other_food,0,1,review,1,菜谱实际使用名称，待进一步规范
6375,葱花/姜末,composite,,扩展食材,composite,0,1,review,1,疑似复合名称，组成未完全确认
6376,葱花/小芹菜,composite,,扩展食材,composite,0,1,review,1,疑似复合名称，组成未完全确认
6377,葱花/香菜,composite,,扩展食材,composite,0,1,review,2,疑似复合名称，组成未完全确认
6378,葱花姜片,other_food,,扩展食材,other_food,0,1,review,1,菜谱实际使用名称，待进一步规范
6379,葱花或者香菜,composite,,扩展食材,composite,0,1,review,1,疑似复合名称，组成未完全确认
6380,葱花椒,seasoning,,扩展食材,seasoning,0,1,verified,1,调味料
6381,葱花碎,other_food,,扩展食材,other_food,0,1,review,1,菜谱实际使用名称，待进一步规范
6382,葱花葱,other_food,,扩展食材,other_food,0,1,review,1,菜谱实际使用名称，待进一步规范
6383,葱花葱花,other_food,,扩展食材,other_food,0,1,review,1,菜谱实际使用名称，待进一步规范
6384,葱花蒜末,other_food,,扩展食材,other_food,0,1,review,2,菜谱实际使用名称，待进一步规范
6385,葱花蒜片,other_food,,扩展食材,other_food,0,1,review,1,菜谱实际使用名称，待进一步规范
6386,葱花香菜,composite,,扩展食材,composite,0,1,verified,4,明确多食材组合，组成见桥接表
6387,葱葱白,other_food,,扩展食材,other_food,0,1,review,3,菜谱实际使用名称，待进一步规范
6388,葱蒜,composite,,扩展食材,composite,0,1,verified,23,明确多食材组合，组成见桥接表
6389,葱蒜八角干辣椒,seasoning,,扩展食材,seasoning,0,1,verified,1,调味料
6390,葱蒜小米椒,other_food,,扩展食材,other_food,0,1,review,1,菜谱实际使用名称，待进一步规范
6391,葱蒜干辣椒干香菇,seasoning,,扩展食材,seasoning,0,1,verified,1,调味料
6392,葱蒜末,other_food,,扩展食材,other_food,0,1,review,13,菜谱实际使用名称，待进一步规范
6393,葱蒜辣椒,other_food,,扩展食材,other_food,0,1,review,2,菜谱实际使用名称，待进一步规范
6394,葱香粉,other_food,,扩展食材,other_food,0,1,review,1,菜谱实际使用名称，待进一步规范
6395,葱香菜,other_food,,扩展食材,other_food,0,1,review,3,菜谱实际使用名称，待进一步规范
6396,葱香菜或者小芹菜,composite,,扩展食材,composite,0,1,review,1,疑似复合名称，组成未完全确认
6397,葵花油,seasoning,,扩展食材,seasoning,0,1,verified,2,调味料
6398,葵花籽油,seasoning,,扩展食材,seasoning,0,1,verified,2,调味料
6399,蒜/洋葱,composite,,扩展食材,composite,0,1,review,1,疑似复合名称，组成未完全确认
6400,蒜切片,other_food,,扩展食材,other_food,0,1,review,2,菜谱实际使用名称，待进一步规范
6401,蒜切片蒜片,other_food,,扩展食材,other_food,0,1,review,1,菜谱实际使用名称，待进一步规范
6402,蒜切碎蒜末,non_food,,扩展食材,non_food,0,0,review,1,疑似工具、包装或操作说明
6403,蒜制成蒜末,other_food,,扩展食材,other_food,0,1,review,3,菜谱实际使用名称，待进一步规范
6404,蒜台,other_food,,扩展食材,other_food,0,1,review,1,菜谱实际使用名称，待进一步规范
6405,蒜台/葱,composite,,扩展食材,composite,0,1,review,1,疑似复合名称，组成未完全确认
6406,蒜叶子,other_food,,扩展食材,other_food,0,1,review,1,菜谱实际使用名称，待进一步规范
6407,蒜各,other_food,,扩展食材,other_food,0,1,review,1,菜谱实际使用名称，待进一步规范
6408,蒜和葱,composite,,扩展食材,composite,0,1,verified,1,明确多食材组合，组成见桥接表
6409,蒜和葱末,composite,,扩展食材,composite,0,1,review,1,疑似复合名称，组成未完全确认
6410,蒜坨,other_food,,扩展食材,other_food,0,1,review,1,菜谱实际使用名称，待进一步规范
6411,蒜大,other_food,,扩展食材,other_food,0,1,review,1,菜谱实际使用名称，待进一步规范
6412,蒜头切片,other_food,,扩展食材,other_food,0,1,review,1,菜谱实际使用名称，待进一步规范
6413,蒜头籽,other_food,,扩展食材,other_food,0,1,review,1,菜谱实际使用名称，待进一步规范
6414,蒜头蒜,other_food,,扩展食材,other_food,0,1,review,1,菜谱实际使用名称，待进一步规范
6415,蒜头🧄,other_food,,扩展食材,other_food,0,1,review,2,菜谱实际使用名称，待进一步规范
6416,蒜姜,other_food,,扩展食材,other_food,0,1,review,2,菜谱实际使用名称，待进一步规范
6417,蒜姜沫,other_food,,扩展食材,other_food,0,1,review,1,菜谱实际使用名称，待进一步规范
6418,蒜子油,seasoning,,扩展食材,seasoning,0,1,verified,1,调味料
6419,蒜末/蒜片,composite,,扩展食材,composite,0,1,review,1,疑似复合名称，组成未完全确认
6420,蒜末多些增香葱姜蒜末,other_food,,扩展食材,other_food,0,1,review,1,菜谱实际使用名称，待进一步规范
6421,蒜末大蒜,other_food,,扩展食材,other_food,0,1,review,2,菜谱实际使用名称，待进一步规范
6422,蒜末油香油盐生抽蚝油淀粉小米椒香葱碎,processed,,扩展食材,processed,0,1,verified,1,加工、半成品、乳制品或饮品
6423,蒜末葱姜蒜,other_food,,扩展食材,other_food,0,1,review,1,菜谱实际使用名称，待进一步规范
6424,蒜末配料,other_food,,扩展食材,other_food,0,1,review,1,菜谱实际使用名称，待进一步规范
6425,蒜杆子,other_food,,扩展食材,other_food,0,1,review,1,菜谱实际使用名称，待进一步规范
6426,蒜果,other_food,,扩展食材,other_food,0,1,review,1,菜谱实际使用名称，待进一步规范
6427,蒜沫,other_food,,扩展食材,other_food,0,1,review,6,菜谱实际使用名称，待进一步规范
6428,蒜片一定要加,other_food,,扩展食材,other_food,0,1,review,1,菜谱实际使用名称，待进一步规范
6429,蒜瓣儿,other_food,,扩展食材,other_food,0,1,review,4,菜谱实际使用名称，待进一步规范
6430,蒜瓣姜片,other_food,,扩展食材,other_food,0,1,review,1,菜谱实际使用名称，待进一步规范
6431,蒜瓣拍碎,other_food,,扩展食材,other_food,0,1,review,1,菜谱实际使用名称，待进一步规范
6432,蒜瓣生姜,other_food,,扩展食材,other_food,0,1,review,1,菜谱实际使用名称，待进一步规范
6433,蒜瓣蒜瓣,other_food,,扩展食材,other_food,0,1,review,1,菜谱实际使用名称，待进一步规范
6434,蒜瓣蒜茸,other_food,,扩展食材,other_food,0,1,review,1,菜谱实际使用名称，待进一步规范
6435,蒜碎粒,other_food,,扩展食材,other_food,0,1,review,1,菜谱实际使用名称，待进一步规范
6436,蒜米多点无所谓葱姜蒜,other_food,,扩展食材,other_food,0,1,review,1,菜谱实际使用名称，待进一步规范
6437,蒜米或葱段,composite,,扩展食材,composite,0,1,review,1,疑似复合名称，组成未完全确认
6438,蒜籽,other_food,,扩展食材,other_food,0,1,review,6,菜谱实际使用名称，待进一步规范
6439,蒜粉,seasoning,,扩展食材,seasoning,0,1,verified,7,调味料
6440,蒜粒,other_food,,扩展食材,other_food,0,1,review,12,菜谱实际使用名称，待进一步规范
6441,蒜芹菜,other_food,,扩展食材,other_food,0,1,review,1,菜谱实际使用名称，待进一步规范
6442,蒜苗切圈,other_food,,扩展食材,other_food,0,1,review,1,菜谱实际使用名称，待进一步规范
6443,蒜苗叶或小葱,composite,,扩展食材,composite,0,1,review,1,疑似复合名称，组成未完全确认
6444,蒜苗或香菜,composite,,扩展食材,composite,0,1,review,1,疑似复合名称，组成未完全确认
6445,蒜苗沫,other_food,,扩展食材,other_food,0,1,review,1,菜谱实际使用名称，待进一步规范
6446,蒜苗葱苗,other_food,,扩展食材,other_food,0,1,review,1,菜谱实际使用名称，待进一步规范
6447,蒜茸,other_food,,扩展食材,other_food,0,1,review,6,菜谱实际使用名称，待进一步规范
6448,蒜茸辣酱,seasoning,,扩展食材,seasoning,0,1,verified,1,调味料
6449,蒜葱,other_food,,扩展食材,other_food,0,1,review,2,菜谱实际使用名称，待进一步规范
6450,蒜蒜末,other_food,,扩展食材,other_food,0,1,review,1,菜谱实际使用名称，待进一步规范
6451,蒜蒜片,other_food,,扩展食材,other_food,0,1,review,1,菜谱实际使用名称，待进一步规范
6452,蒜蒜蓉,other_food,,扩展食材,other_food,0,1,review,1,菜谱实际使用名称，待进一步规范
6453,蒜蓉剁椒,processed,,扩展食材,processed,0,1,verified,1,加工、半成品、乳制品或饮品
6454,蒜蓉剁椒酱,seasoning,,扩展食材,seasoning,0,1,verified,1,调味料
6455,蒜蓉西兰花香菇木耳,other_food,,扩展食材,other_food,0,1,review,1,菜谱实际使用名称，待进一步规范
6456,蒜蓉豆豉酱,seasoning,,扩展食材,seasoning,0,1,verified,1,调味料
6457,蒜蓉辣椒,other_food,,扩展食材,other_food,0,1,review,1,菜谱实际使用名称，待进一步规范
6458,蒜蓉辣椒末一半分量油,seasoning,,扩展食材,seasoning,0,1,verified,1,调味料
6459,蒜蓉辣椒酱,seasoning,,扩展食材,seasoning,0,1,verified,6,调味料
6460,蒜蓉辣酱,seasoning,,扩展食材,seasoning,0,1,verified,13,调味料
6461,蒜蓉酱,seasoning,,扩展食材,seasoning,0,1,verified,4,调味料
6462,蒜辦,other_food,,扩展食材,other_food,0,1,review,1,菜谱实际使用名称，待进一步规范
6463,蒜醋,seasoning,,扩展食材,seasoning,0,1,verified,1,调味料
6464,蒜青,other_food,,扩展食材,other_food,0,1,review,1,菜谱实际使用名称，待进一步规范
6465,蒜青椒,other_food,,扩展食材,other_food,0,1,review,1,菜谱实际使用名称，待进一步规范
6466,蒜頭,other_food,,扩展食材,other_food,0,1,review,1,菜谱实际使用名称，待进一步规范
6467,蒜香油,seasoning,,扩展食材,seasoning,0,1,verified,1,调味料
6468,蒜香法棍周三早餐,other_food,,扩展食材,other_food,0,1,review,1,菜谱实际使用名称，待进一步规范
6469,蒜🧄,other_food,,扩展食材,other_food,0,1,review,4,菜谱实际使用名称，待进一步规范
6470,蒜🧄蒜蓉,other_food,,扩展食材,other_food,0,1,review,1,菜谱实际使用名称，待进一步规范
6471,蒲烧鳗鱼,other_food,,扩展食材,other_food,0,1,review,1,菜谱实际使用名称，待进一步规范
6472,蒸好米饭,processed,,扩展食材,processed,0,1,verified,1,加工、半成品、乳制品或饮品
6473,蒸好腊肠,processed,,扩展食材,processed,0,1,verified,1,加工、半成品、乳制品或饮品
6474,蒸布,other_food,,扩展食材,other_food,0,1,review,1,菜谱实际使用名称，待进一步规范
6475,蒸扇贝,other_food,,扩展食材,other_food,0,1,review,1,菜谱实际使用名称，待进一步规范
6476,蒸汽小海鲜,other_food,,扩展食材,other_food,0,1,review,1,菜谱实际使用名称，待进一步规范
6477,蒸笼,other_food,,扩展食材,other_food,0,1,review,1,菜谱实际使用名称，待进一步规范
6478,蒸米,other_food,,扩展食材,other_food,0,1,review,1,菜谱实际使用名称，待进一步规范
6479,蒸粉,other_food,,扩展食材,other_food,0,1,review,1,菜谱实际使用名称，待进一步规范
6480,蒸肉米粉,processed,,扩展食材,processed,0,1,verified,6,加工、半成品、乳制品或饮品
6481,蒸肉粉,other_food,,扩展食材,other_food,0,1,review,2,菜谱实际使用名称，待进一步规范
6482,蒸菜粉,other_food,,扩展食材,other_food,0,1,review,1,菜谱实际使用名称，待进一步规范
6483,蒸鱼豆豉,seasoning,,扩展食材,seasoning,0,1,verified,3,调味料
6484,蒸鱼豉油,seasoning,,扩展食材,seasoning,0,1,verified,152,调味料
6485,蒸鱼豉油或味极鲜,composite,,扩展食材,composite,0,1,review,1,疑似复合名称，组成未完全确认
6486,蒸鱼豉油或生抽,seasoning,,扩展食材,seasoning,0,1,verified,1,调味料
6487,蒸鱼豉酱油,seasoning,,扩展食材,seasoning,0,1,verified,1,调味料
6488,蒸鱼酱油,seasoning,,扩展食材,seasoning,0,1,verified,4,调味料
6489,蒸鱼鼓油,seasoning,,扩展食材,seasoning,0,1,verified,4,调味料
6490,蒿子杆,other_food,,扩展食材,other_food,0,1,review,1,菜谱实际使用名称，待进一步规范
6491,蒿子秆,other_food,,扩展食材,other_food,0,1,review,1,菜谱实际使用名称，待进一步规范
6492,蓝象绿咖喱酱,seasoning,,扩展食材,seasoning,0,1,verified,1,调味料
6493,蓬盛虾仁菜脯,other_food,,扩展食材,other_food,0,1,review,1,菜谱实际使用名称，待进一步规范
6494,蓮藕,other_food,,扩展食材,other_food,0,1,review,1,菜谱实际使用名称，待进一步规范
6495,蔓越莓干,processed,,扩展食材,processed,0,1,verified,1,加工、半成品、乳制品或饮品
6496,蔥,other_food,,扩展食材,other_food,0,1,review,1,菜谱实际使用名称，待进一步规范
6497,蔬之鲜,other_food,,扩展食材,other_food,0,1,review,5,菜谱实际使用名称，待进一步规范
6498,蔬之鲜味极鲜可以不这个,other_food,,扩展食材,other_food,0,1,review,1,菜谱实际使用名称，待进一步规范
6499,蔬菜,generic,,扩展食材,generic,0,1,review,22,宽泛名称，保留原义而不猜测具体品种
6500,蔬菜油,seasoning,,扩展食材,seasoning,0,1,verified,1,调味料
6501,蔬菜类,other_food,,扩展食材,other_food,0,1,review,2,菜谱实际使用名称，待进一步规范
6502,蔬菜粒,other_food,,扩展食材,other_food,0,1,review,1,菜谱实际使用名称，待进一步规范
6503,蔬菜精,other_food,,扩展食材,other_food,0,1,review,3,菜谱实际使用名称，待进一步规范
6504,蔬菜蔬菜,other_food,,扩展食材,other_food,0,1,review,1,菜谱实际使用名称，待进一步规范
6505,蔬菜鲜,other_food,,扩展食材,other_food,0,1,review,1,菜谱实际使用名称，待进一步规范
6506,蔬菜鸡精,seasoning,,扩展食材,seasoning,0,1,verified,1,调味料
6507,蕃茄,other_food,,扩展食材,other_food,0,1,review,2,菜谱实际使用名称，待进一步规范
6508,蕃茄膏,other_food,,扩展食材,other_food,0,1,review,2,菜谱实际使用名称，待进一步规范
6509,蕃茄酱,seasoning,,扩展食材,seasoning,0,1,verified,29,调味料
6510,蕃薯粉丝,processed,,扩展食材,processed,0,1,verified,1,加工、半成品、乳制品或饮品
6511,蕨根粉,other_food,,扩展食材,other_food,0,1,review,1,菜谱实际使用名称，待进一步规范
6512,薄壳,other_food,,扩展食材,other_food,0,1,review,2,菜谱实际使用名称，待进一步规范
6513,薄片姜,other_food,,扩展食材,other_food,0,1,review,4,菜谱实际使用名称，待进一步规范
6514,薄片火腿,processed,,扩展食材,processed,0,1,verified,1,加工、半成品、乳制品或饮品
6515,薄皮不辣圆椒,other_food,,扩展食材,other_food,0,1,review,1,菜谱实际使用名称，待进一步规范
6516,薄皮杭茄,other_food,,扩展食材,other_food,0,1,review,1,菜谱实际使用名称，待进一步规范
6517,薄皮椒,other_food,,扩展食材,other_food,0,1,review,1,菜谱实际使用名称，待进一步规范
6518,薄皮青椒,other_food,,扩展食材,other_food,0,1,review,1,菜谱实际使用名称，待进一步规范
6519,薄盐生抽,seasoning,,扩展食材,seasoning,0,1,verified,14,调味料
6520,薄盐酱油,seasoning,,扩展食材,seasoning,0,1,verified,1,调味料
6521,薄肉片,other_food,,扩展食材,other_food,0,1,review,1,菜谱实际使用名称，待进一步规范
6522,薄荷叶,seasoning,,扩展食材,seasoning,0,1,verified,2,调味料
6523,薄荷或紫苏,composite,,扩展食材,composite,0,1,review,1,疑似复合名称，组成未完全确认
6524,薄薄水淀粉,processed,,扩展食材,processed,0,1,verified,1,加工、半成品、乳制品或饮品
6525,薏米赤小豆黑米,other_food,,扩展食材,other_food,0,1,review,1,菜谱实际使用名称，待进一步规范
6526,薯粉,other_food,,扩展食材,other_food,0,1,review,2,菜谱实际使用名称，待进一步规范
6527,藏红花,other_food,,扩展食材,other_food,0,1,review,1,菜谱实际使用名称，待进一步规范
6528,藕尖,other_food,,扩展食材,other_food,0,1,review,3,菜谱实际使用名称，待进一步规范
6529,藕带,other_food,,扩展食材,other_food,0,1,review,5,菜谱实际使用名称，待进一步规范
6530,藕片,other_food,,扩展食材,other_food,0,1,review,2,菜谱实际使用名称，待进一步规范
6531,藜麦燕麦百合粥,processed,,扩展食材,processed,0,1,verified,1,加工、半成品、乳制品或饮品
6532,藜麦花生蔬菜汤,other_food,,扩展食材,other_food,0,1,review,1,菜谱实际使用名称，待进一步规范
6533,藜麦豆腐蔬菜汤,processed,,扩展食材,processed,0,1,verified,1,加工、半成品、乳制品或饮品
6534,藜麦饭,other_food,,扩展食材,other_food,0,1,review,1,菜谱实际使用名称，待进一步规范
6535,藤椒,seasoning,,扩展食材,seasoning,0,1,verified,9,调味料
6536,藤椒油,seasoning,,扩展食材,seasoning,0,1,verified,11,调味料
6537,藤椒粒,seasoning,,扩展食材,seasoning,0,1,verified,2,调味料
6538,藤藤菜,other_food,,扩展食材,other_food,0,1,review,1,菜谱实际使用名称，待进一步规范
6539,藤藤菜杆,other_food,,扩展食材,other_food,0,1,review,1,菜谱实际使用名称，待进一步规范
6540,蘑菇,generic,,扩展食材,generic,0,1,review,73,宽泛名称，保留原义而不猜测具体品种
6541,蘑菇粉,other_food,,扩展食材,other_food,0,1,review,1,菜谱实际使用名称，待进一步规范
6542,蘑菇精,other_food,,扩展食材,other_food,0,1,review,8,菜谱实际使用名称，待进一步规范
6543,蘸料,other_food,,扩展食材,other_food,0,1,review,5,菜谱实际使用名称，待进一步规范
6544,蘸水辣,other_food,,扩展食材,other_food,0,1,review,2,菜谱实际使用名称，待进一步规范
6545,蘸水部分,other_food,,扩展食材,other_food,0,1,review,1,菜谱实际使用名称，待进一步规范
6546,蘸着吃椒盐粉,other_food,,扩展食材,other_food,0,1,review,1,菜谱实际使用名称，待进一步规范
6547,蘸酱,seasoning,,扩展食材,seasoning,0,1,verified,1,调味料
6548,蘿蔔乾,other_food,,扩展食材,other_food,0,1,review,1,菜谱实际使用名称，待进一步规范
6549,虎头鱼,other_food,,扩展食材,other_food,0,1,review,1,菜谱实际使用名称，待进一步规范
6550,虎奶菌,other_food,,扩展食材,other_food,0,1,review,1,菜谱实际使用名称，待进一步规范
6551,虎皮椒,other_food,,扩展食材,other_food,0,1,review,2,菜谱实际使用名称，待进一步规范
6552,虎虾仁,other_food,,扩展食材,other_food,0,1,review,1,菜谱实际使用名称，待进一步规范
6553,虫草,other_food,,扩展食材,other_food,0,1,review,1,菜谱实际使用名称，待进一步规范
6554,虫草花,other_food,,扩展食材,other_food,0,1,review,22,菜谱实际使用名称，待进一步规范
6555,虫草菇,other_food,,扩展食材,other_food,0,1,review,1,菜谱实际使用名称，待进一步规范
6556,虾丸,processed,,扩展食材,processed,0,1,verified,2,加工、半成品、乳制品或饮品
6557,虾仁/虾米,processed,,扩展食材,processed,0,1,verified,1,加工、半成品、乳制品或饮品
6558,虾仁干,other_food,,扩展食材,other_food,0,1,review,1,菜谱实际使用名称，待进一步规范
6559,虾仁或海米,processed,,扩展食材,processed,0,1,verified,1,加工、半成品、乳制品或饮品
6560,虾仁或鲜虾,composite,,扩展食材,composite,0,1,review,1,疑似复合名称，组成未完全确认
6561,虾仁🍤,other_food,,扩展食材,other_food,0,1,review,2,菜谱实际使用名称，待进一步规范
6562,虾十几只,other_food,,扩展食材,other_food,0,1,review,1,菜谱实际使用名称，待进一步规范
6563,虾头,other_food,,扩展食材,other_food,0,1,review,3,菜谱实际使用名称，待进一步规范
6564,虾子,other_food,,扩展食材,other_food,0,1,review,1,菜谱实际使用名称，待进一步规范
6565,虾干,processed,,扩展食材,processed,0,1,verified,7,加工、半成品、乳制品或饮品
6566,虾干或虾仁,processed,,扩展食材,processed,0,1,verified,1,加工、半成品、乳制品或饮品
6567,虾或虾仁,composite,,扩展食材,composite,0,1,review,1,疑似复合名称，组成未完全确认
6568,虾油,seasoning,,扩展食材,seasoning,0,1,verified,2,调味料
6569,虾滑,processed,,扩展食材,processed,0,1,verified,10,加工、半成品、乳制品或饮品
6570,虾滑/火腿,processed,,扩展食材,processed,0,1,verified,1,加工、半成品、乳制品或饮品
6571,虾潺,other_food,,扩展食材,other_food,0,1,review,1,菜谱实际使用名称，待进一步规范
6572,虾爬子,other_food,,扩展食材,other_food,0,1,review,1,菜谱实际使用名称，待进一步规范
6573,虾皮,processed,,扩展食材,processed,0,1,verified,63,加工、半成品、乳制品或饮品
6574,虾皮/海米,processed,,扩展食材,processed,0,1,verified,1,加工、半成品、乳制品或饮品
6575,虾皮干,processed,,扩展食材,processed,0,1,verified,1,加工、半成品、乳制品或饮品
6576,虾皮粉,processed,,扩展食材,processed,0,1,verified,1,加工、半成品、乳制品或饮品
6577,虾皮香菇粉,processed,,扩展食材,processed,0,1,verified,1,加工、半成品、乳制品或饮品
6578,虾米,processed,,扩展食材,processed,0,1,verified,46,加工、半成品、乳制品或饮品
6579,虾米/虾皮,processed,,扩展食材,processed,0,1,verified,1,加工、半成品、乳制品或饮品
6580,虾米或鱿鱼,processed,,扩展食材,processed,0,1,verified,1,加工、半成品、乳制品或饮品
6581,虾米爱吃可多加,processed,,扩展食材,processed,0,1,verified,1,加工、半成品、乳制品或饮品
6582,虾米皮,processed,,扩展食材,processed,0,1,verified,2,加工、半成品、乳制品或饮品
6583,虾粉,other_food,,扩展食材,other_food,0,1,review,1,菜谱实际使用名称，待进一步规范
6584,虾酱,seasoning,,扩展食材,seasoning,0,1,verified,13,调味料
6585,虾🦐,other_food,,扩展食材,other_food,0,1,review,1,菜谱实际使用名称，待进一步规范
6586,蚝仔,other_food,,扩展食材,other_food,0,1,review,1,菜谱实际使用名称，待进一步规范
6587,蚝干,other_food,,扩展食材,other_food,0,1,review,1,菜谱实际使用名称，待进一步规范
6588,蚝油,seasoning,,扩展食材,seasoning,0,1,verified,1821,调味料
6589,蚝油/鲍鱼汁,composite,,扩展食材,composite,0,1,review,1,疑似复合名称，组成未完全确认
6590,蚝油半,other_food,,扩展食材,other_food,0,1,review,1,菜谱实际使用名称，待进一步规范
6591,蚝油或者生抽,composite,,扩展食材,composite,0,1,review,1,疑似复合名称，组成未完全确认
6592,蚝油汁,seasoning,,扩展食材,seasoning,0,1,verified,1,调味料
6593,蚝油汁水,other_food,,扩展食材,other_food,0,1,review,1,菜谱实际使用名称，待进一步规范
6594,蚝油炒菜料,other_food,,扩展食材,other_food,0,1,review,1,菜谱实际使用名称，待进一步规范
6595,蚝油生抽盐糖,other_food,,扩展食材,other_food,0,1,review,1,菜谱实际使用名称，待进一步规范
6596,蚝油酱油盐醋糖调料,seasoning,,扩展食材,seasoning,0,1,verified,1,调味料
6597,蚝生蚝,other_food,,扩展食材,other_food,0,1,review,1,菜谱实际使用名称，待进一步规范
6598,蚝豉,other_food,,扩展食材,other_food,0,1,review,1,菜谱实际使用名称，待进一步规范
6599,蚝豉/淡菜,composite,,扩展食材,composite,0,1,review,1,疑似复合名称，组成未完全确认
6600,蚬肉,other_food,,扩展食材,other_food,0,1,review,1,菜谱实际使用名称，待进一步规范
6601,蛇瓜,other_food,,扩展食材,other_food,0,1,review,1,菜谱实际使用名称，待进一步规范
6602,蛋卷,other_food,,扩展食材,other_food,0,1,review,1,菜谱实际使用名称，待进一步规范
6603,蛋或者煎蛋,composite,,扩展食材,composite,0,1,review,1,疑似复合名称，组成未完全确认
6604,蛋液#拌匀,other_food,,扩展食材,other_food,0,1,review,1,菜谱实际使用名称，待进一步规范
6605,蛋清鸡蛋,other_food,,扩展食材,other_food,0,1,review,1,菜谱实际使用名称，待进一步规范
6606,蛋白片,other_food,,扩展食材,other_food,0,1,review,2,菜谱实际使用名称，待进一步规范
6607,蛋白粉,processed,,扩展食材,processed,0,1,verified,1,加工、半成品、乳制品或饮品
6608,蛋白质类,other_food,,扩展食材,other_food,0,1,review,1,菜谱实际使用名称，待进一步规范
6609,蛋饺,other_food,,扩展食材,other_food,0,1,review,2,菜谱实际使用名称，待进一步规范
6610,蛋饼,other_food,,扩展食材,other_food,0,1,review,1,菜谱实际使用名称，待进一步规范
6611,蛋黃,other_food,,扩展食材,other_food,0,1,review,1,菜谱实际使用名称，待进一步规范
6612,蛋黄酱,seasoning,,扩展食材,seasoning,0,1,verified,5,调味料
6613,蛋黄鸡蛋,other_food,,扩展食材,other_food,0,1,review,1,菜谱实际使用名称，待进一步规范
6614,蛎蝗,other_food,,扩展食材,other_food,0,1,review,1,菜谱实际使用名称，待进一步规范
6615,蛏子皇,other_food,,扩展食材,other_food,0,1,review,1,菜谱实际使用名称，待进一步规范
6616,蛤肉,other_food,,扩展食材,other_food,0,1,review,1,菜谱实际使用名称，待进一步规范
6617,蛤肉干,processed,,扩展食材,processed,0,1,verified,1,加工、半成品、乳制品或饮品
6618,蛤蜊干,other_food,,扩展食材,other_food,0,1,review,2,菜谱实际使用名称，待进一步规范
6619,蛤蜊肉,other_food,,扩展食材,other_food,0,1,review,1,菜谱实际使用名称，待进一步规范
6620,蛤贝,other_food,,扩展食材,other_food,0,1,review,1,菜谱实际使用名称，待进一步规范
6621,蜂蜜,seasoning,,时令食材,季节数据补充,0,1,verified,64,调味料
6622,蜜枣,generic,,扩展食材,generic,0,1,review,17,宽泛名称，保留原义而不猜测具体品种
6623,蜜橘皮,other_food,,扩展食材,other_food,0,1,review,1,菜谱实际使用名称，待进一步规范
6624,蜜糖,seasoning,,扩展食材,seasoning,0,1,verified,3,调味料
6625,蜡笔小新最讨厌青椒,other_food,,扩展食材,other_food,0,1,review,1,菜谱实际使用名称，待进一步规范
6626,蝴蝶面,other_food,,扩展食材,other_food,0,1,review,1,菜谱实际使用名称，待进一步规范
6627,蝶燕麦片,other_food,,扩展食材,other_food,0,1,review,1,菜谱实际使用名称，待进一步规范
6628,蝶藜麦,other_food,,扩展食材,other_food,0,1,review,1,菜谱实际使用名称，待进一步规范
6629,融化后能铺满锅底无盐黄油,seasoning,,扩展食材,seasoning,0,1,verified,1,调味料
6630,螺丝,other_food,,扩展食材,other_food,0,1,review,2,菜谱实际使用名称，待进一步规范
6631,螺丝一盘,other_food,,扩展食材,other_food,0,1,review,1,菜谱实际使用名称，待进一步规范
6632,螺旋意面,other_food,,扩展食材,other_food,0,1,review,2,菜谱实际使用名称，待进一步规范
6633,螺蛳肉,other_food,,扩展食材,other_food,0,1,review,1,菜谱实际使用名称，待进一步规范
6634,蟹,other_food,,扩展食材,other_food,0,1,review,5,菜谱实际使用名称，待进一步规范
6635,蟹味儿菇,other_food,,扩展食材,other_food,0,1,review,1,菜谱实际使用名称，待进一步规范
6636,蟹柳,processed,,扩展食材,processed,0,1,verified,9,加工、半成品、乳制品或饮品
6637,蟹棒,processed,,扩展食材,processed,0,1,verified,7,加工、半成品、乳制品或饮品
6638,蟹肉棒,processed,,扩展食材,processed,0,1,verified,6,加工、半成品、乳制品或饮品
6639,蟹腿蘑菇,other_food,,扩展食材,other_food,0,1,review,1,菜谱实际使用名称，待进一步规范
6640,蟹钳,other_food,,扩展食材,other_food,0,1,review,1,菜谱实际使用名称，待进一步规范
6641,蟹黄酱,seasoning,,扩展食材,seasoning,0,1,verified,1,调味料
6642,蠔油,seasoning,,扩展食材,seasoning,0,1,verified,2,调味料
6643,血皮菜,other_food,,扩展食材,other_food,0,1,review,1,菜谱实际使用名称，待进一步规范
6644,血肠,processed,,扩展食材,processed,0,1,verified,1,加工、半成品、乳制品或饮品
6645,血蛤取肉,other_food,,扩展食材,other_food,0,1,review,1,菜谱实际使用名称，待进一步规范
6646,血豆腐,processed,,扩展食材,processed,0,1,verified,1,加工、半成品、乳制品或饮品
6647,表面装饰＃,non_food,,扩展食材,non_food,0,0,review,1,疑似工具、包装或操作说明
6648,袋炖牛肉料,other_food,,扩展食材,other_food,0,1,review,1,菜谱实际使用名称，待进一步规范
6649,袋烧肉王调料,seasoning,,扩展食材,seasoning,0,1,verified,1,调味料
6650,袋辣白菜,other_food,,扩展食材,other_food,0,1,review,1,菜谱实际使用名称，待进一步规范
6651,装饰,non_food,,扩展食材,non_food,0,0,review,2,疑似工具、包装或操作说明
6652,装饰料,non_food,,扩展食材,non_food,0,0,review,1,疑似工具、包装或操作说明
6653,裸斑鱼,other_food,,扩展食材,other_food,0,1,review,1,菜谱实际使用名称，待进一步规范
6654,褐菇和虫草花喜欢菌菇,composite,,扩展食材,composite,0,1,review,1,疑似复合名称，组成未完全确认
6655,西兰花梗,other_food,,扩展食材,other_food,0,1,review,2,菜谱实际使用名称，待进一步规范
6656,西兰花胶干货,other_food,,扩展食材,other_food,0,1,review,1,菜谱实际使用名称，待进一步规范
6657,西兰花🥦,other_food,,扩展食材,other_food,0,1,review,2,菜谱实际使用名称，待进一步规范
6658,西冷牛排,other_food,,扩展食材,other_food,0,1,review,1,菜谱实际使用名称，待进一步规范
6659,西洋参,other_food,,扩展食材,other_food,0,1,review,3,菜谱实际使用名称，待进一步规范
6660,西洋参干片,other_food,,扩展食材,other_food,0,1,review,1,菜谱实际使用名称，待进一步规范
6661,西洋菜干,other_food,,扩展食材,other_food,0,1,review,1,菜谱实际使用名称，待进一步规范
6662,西班牙海鲜饭周三晚餐,other_food,,扩展食材,other_food,0,1,review,1,菜谱实际使用名称，待进一步规范
6663,西班牙火腿,processed,,扩展食材,processed,0,1,verified,1,加工、半成品、乳制品或饮品
6664,西班牙火腿鸡汁娃娃菜,processed,,扩展食材,processed,0,1,verified,1,加工、半成品、乳制品或饮品
6665,西瓜皮,other_food,,扩展食材,other_food,0,1,review,5,菜谱实际使用名称，待进一步规范
6666,西生菜,other_food,,扩展食材,other_food,0,1,review,2,菜谱实际使用名称，待进一步规范
6667,西米,processed,,扩展食材,processed,0,1,verified,1,加工、半成品、乳制品或饮品
6668,西红柿小个,other_food,,扩展食材,other_food,0,1,review,1,菜谱实际使用名称，待进一步规范
6669,西红柿🍅,other_food,,扩展食材,other_food,0,1,review,6,菜谱实际使用名称，待进一步规范
6670,西蓝花,other_food,,扩展食材,other_food,0,1,review,9,菜谱实际使用名称，待进一步规范
6671,西餐勺料酒,seasoning,,扩展食材,seasoning,0,1,verified,1,调味料
6672,西餐勺生抽,other_food,,扩展食材,other_food,0,1,review,1,菜谱实际使用名称，待进一步规范
6673,要一点点料酒,seasoning,,扩展食材,seasoning,0,1,verified,1,调味料
6674,要一点点盐,other_food,,扩展食材,other_food,0,1,review,1,菜谱实际使用名称，待进一步规范
6675,要可以淹没鸡肉那么多干红辣椒,other_food,,扩展食材,other_food,0,1,review,1,菜谱实际使用名称，待进一步规范
6676,覆盖锅底植物油,seasoning,,扩展食材,seasoning,0,1,verified,1,调味料
6677,见↓↓搭配↓↓,other_food,,扩展食材,other_food,0,1,review,1,菜谱实际使用名称，待进一步规范
6678,见下图复合香料,other_food,,扩展食材,other_food,0,1,review,1,菜谱实际使用名称，待进一步规范
6679,见下方配料,other_food,,扩展食材,other_food,0,1,review,1,菜谱实际使用名称，待进一步规范
6680,见图姜丝,other_food,,扩展食材,other_food,0,1,review,1,菜谱实际使用名称，待进一步规范
6681,见图葱丝,other_food,,扩展食材,other_food,0,1,review,1,菜谱实际使用名称，待进一步规范
6682,见昨天菜谱闷子,other_food,,扩展食材,other_food,0,1,review,1,菜谱实际使用名称，待进一步规范
6683,见步骤生抽或儿童酱油,seasoning,,扩展食材,seasoning,0,1,verified,1,调味料
6684,观音菜,other_food,,扩展食材,other_food,0,1,review,1,菜谱实际使用名称，待进一步规范
6685,视个人喜好土豆,other_food,,扩展食材,other_food,0,1,review,1,菜谱实际使用名称，待进一步规范
6686,角瓜,other_food,,扩展食材,other_food,0,1,review,3,菜谱实际使用名称，待进一步规范
6687,许,other_food,,扩展食材,other_food,0,1,review,1,菜谱实际使用名称，待进一步规范
6688,许白砂糖,other_food,,扩展食材,other_food,0,1,review,1,菜谱实际使用名称，待进一步规范
6689,许盐,other_food,,扩展食材,other_food,0,1,review,2,菜谱实际使用名称，待进一步规范
6690,试着调盐,other_food,,扩展食材,other_food,0,1,review,1,菜谱实际使用名称，待进一步规范
6691,话梅,other_food,,扩展食材,other_food,0,1,review,2,菜谱实际使用名称，待进一步规范
6692,话梅干,other_food,,扩展食材,other_food,0,1,review,1,菜谱实际使用名称，待进一步规范
6693,误入哈哈金针菇,other_food,,扩展食材,other_food,0,1,review,1,菜谱实际使用名称，待进一步规范
6694,课花椒,other_food,,扩展食材,other_food,0,1,review,1,菜谱实际使用名称，待进一步规范
6695,调味,other_food,,扩展食材,other_food,0,1,review,14,菜谱实际使用名称，待进一步规范
6696,调味仅供参考,other_food,,扩展食材,other_food,0,1,review,1,菜谱实际使用名称，待进一步规范
6697,调味勺小盐,other_food,,扩展食材,other_food,0,1,review,1,菜谱实际使用名称，待进一步规范
6698,调味勺盐,seasoning,,扩展食材,seasoning,0,1,verified,1,调味料
6699,调味勾芡,other_food,,扩展食材,other_food,0,1,review,1,菜谱实际使用名称，待进一步规范
6700,调味品,other_food,,扩展食材,other_food,0,1,review,2,菜谱实际使用名称，待进一步规范
6701,调味品******,other_food,,扩展食材,other_food,0,1,review,1,菜谱实际使用名称，待进一步规范
6702,调味小勺,other_food,,扩展食材,other_food,0,1,review,1,菜谱实际使用名称，待进一步规范
6703,调味小勺豆瓣,other_food,,扩展食材,other_food,0,1,review,1,菜谱实际使用名称，待进一步规范
6704,调味料,seasoning,,扩展食材,seasoning,0,1,verified,13,调味料
6705,调味料每步说,other_food,,扩展食材,other_food,0,1,review,1,菜谱实际使用名称，待进一步规范
6706,调味料诸如盐,other_food,,扩展食材,other_food,0,1,review,1,菜谱实际使用名称，待进一步规范
6707,调味汁,seasoning,,扩展食材,seasoning,0,1,verified,3,调味料
6708,调味汁如下,other_food,,扩展食材,other_food,0,1,review,1,菜谱实际使用名称，待进一步规范
6709,调味汁料酒,seasoning,,扩展食材,seasoning,0,1,verified,1,调味料
6710,调味汁水淀粉,processed,,扩展食材,processed,0,1,verified,1,加工、半成品、乳制品或饮品
6711,调味汁清水,other_food,,扩展食材,other_food,0,1,review,1,菜谱实际使用名称，待进一步规范
6712,调味汁生抽,other_food,,扩展食材,other_food,0,1,review,1,菜谱实际使用名称，待进一步规范
6713,调味汁盐,other_food,,扩展食材,other_food,0,1,review,1,菜谱实际使用名称，待进一步规范
6714,调味汁糖,other_food,,扩展食材,other_food,0,1,review,1,菜谱实际使用名称，待进一步规范
6715,调味汁胡椒粉,other_food,,扩展食材,other_food,0,1,review,1,菜谱实际使用名称，待进一步规范
6716,调味汁醋,seasoning,,扩展食材,seasoning,0,1,verified,1,调味料
6717,调味盐,seasoning,,扩展食材,seasoning,0,1,verified,2,调味料
6718,调味香菜,other_food,,扩展食材,other_food,0,1,review,1,菜谱实际使用名称，待进一步规范
6719,调和油,seasoning,,扩展食材,seasoning,0,1,verified,3,调味料
6720,调整盐,seasoning,,扩展食材,seasoning,0,1,verified,1,调味料
6721,调料,seasoning,,扩展食材,seasoning,0,1,verified,38,调味料
6722,调料————————*,other_food,,扩展食材,other_food,0,1,review,1,菜谱实际使用名称，待进一步规范
6723,调料准备,other_food,,扩展食材,other_food,0,1,review,1,菜谱实际使用名称，待进一步规范
6724,调料勺半盐,other_food,,扩展食材,other_food,0,1,review,1,菜谱实际使用名称，待进一步规范
6725,调料勺白糖,seasoning,,扩展食材,seasoning,0,1,verified,2,调味料
6726,调料勺盐,seasoning,,扩展食材,seasoning,0,1,verified,3,调味料
6727,调料勺绵白糖,other_food,,扩展食材,other_food,0,1,review,1,菜谱实际使用名称，待进一步规范
6728,调料勺鸡粉,seasoning,,扩展食材,seasoning,0,1,verified,1,调味料
6729,调料包,other_food,,扩展食材,other_food,0,1,review,1,菜谱实际使用名称，待进一步规范
6730,调料匙糖,other_food,,扩展食材,other_food,0,1,review,1,菜谱实际使用名称，待进一步规范
6731,调料小勺白糖,other_food,,扩展食材,other_food,0,1,review,1,菜谱实际使用名称，待进一步规范
6732,调料小勺盐,other_food,,扩展食材,other_food,0,1,review,1,菜谱实际使用名称，待进一步规范
6733,调料小勺鸡精,other_food,,扩展食材,other_food,0,1,review,1,菜谱实际使用名称，待进一步规范
6734,调料汁,seasoning,,扩展食材,seasoning,0,1,verified,1,调味料
6735,调料汁如图,other_food,,扩展食材,other_food,0,1,review,1,菜谱实际使用名称，待进一步规范
6736,调料油,seasoning,,扩展食材,seasoning,0,1,verified,1,调味料
6737,调料酱汁如下,other_food,,扩展食材,other_food,0,1,review,1,菜谱实际使用名称，待进一步规范
6738,调料🧂,other_food,,扩展食材,other_food,0,1,review,1,菜谱实际使用名称，待进一步规范
6739,调汁,seasoning,,扩展食材,seasoning,0,1,verified,1,调味料
6740,调羹料酒,seasoning,,扩展食材,seasoning,0,1,verified,1,调味料
6741,调羹生抽,seasoning,,扩展食材,seasoning,0,1,verified,1,调味料
6742,调羹老抽,other_food,,扩展食材,other_food,0,1,review,1,菜谱实际使用名称，待进一步规范
6743,调羹郫县豆瓣,other_food,,扩展食材,other_food,0,1,review,1,菜谱实际使用名称，待进一步规范
6744,调色可不要彩椒,other_food,,扩展食材,other_food,0,1,review,1,菜谱实际使用名称，待进一步规范
6745,调色可以没老抽,other_food,,扩展食材,other_food,0,1,review,1,菜谱实际使用名称，待进一步规范
6746,调酱汁,seasoning,,扩展食材,seasoning,0,1,verified,1,调味料
6747,调馅,other_food,,扩展食材,other_food,0,1,review,1,菜谱实际使用名称，待进一步规范
6748,豆制品,generic,,扩展食材,generic,0,1,review,1,宽泛名称，保留原义而不猜测具体品种
6749,豆制品干,other_food,,扩展食材,other_food,0,1,review,1,菜谱实际使用名称，待进一步规范
6750,豆嘴,other_food,,扩展食材,other_food,0,1,review,1,菜谱实际使用名称，待进一步规范
6751,豆干,processed,,扩展食材,processed,0,1,verified,58,加工、半成品、乳制品或饮品
6752,豆沙,processed,,扩展食材,processed,0,1,verified,2,加工、半成品、乳制品或饮品
6753,豆沙馅,processed,,扩展食材,processed,0,1,verified,2,加工、半成品、乳制品或饮品
6754,豆油,seasoning,,扩展食材,seasoning,0,1,verified,7,调味料
6755,豆油或花生油等食油,seasoning,,扩展食材,seasoning,0,1,verified,1,调味料
6756,豆泡,processed,,扩展食材,processed,0,1,verified,6,加工、半成品、乳制品或饮品
6757,豆浆,processed,,扩展食材,processed,0,1,verified,3,加工、半成品、乳制品或饮品
6758,豆渣,processed,,扩展食材,processed,0,1,verified,1,加工、半成品、乳制品或饮品
6759,豆渣饼,processed,,扩展食材,processed,0,1,verified,1,加工、半成品、乳制品或饮品
6760,豆王,other_food,,扩展食材,other_food,0,1,review,2,菜谱实际使用名称，待进一步规范
6761,豆瓣,other_food,,扩展食材,other_food,0,1,review,18,菜谱实际使用名称，待进一步规范
6762,豆瓣辣酱,seasoning,,扩展食材,seasoning,0,1,verified,1,调味料
6763,豆瓣酱,seasoning,,扩展食材,seasoning,0,1,verified,326,调味料
6764,豆瓣酱&黄豆酱,seasoning,,扩展食材,seasoning,0,1,verified,1,调味料
6765,豆瓣酱/香其酱,seasoning,,扩展食材,seasoning,0,1,verified,1,调味料
6766,豆瓣酱十三香,other_food,,扩展食材,other_food,0,1,review,1,菜谱实际使用名称，待进一步规范
6767,豆瓣酱大红袍,other_food,,扩展食材,other_food,0,1,review,1,菜谱实际使用名称，待进一步规范
6768,豆瓣酱或干黄酱,seasoning,,扩展食材,seasoning,0,1,verified,1,调味料
6769,豆瓣酱或甜面酱,seasoning,,扩展食材,seasoning,0,1,verified,1,调味料
6770,豆瓣酱或老干妈,seasoning,,扩展食材,seasoning,0,1,verified,1,调味料
6771,豆瓣酱或者油辣子,composite,,扩展食材,composite,0,1,review,1,疑似复合名称，组成未完全确认
6772,豆瓣酱郫县,other_food,,扩展食材,other_food,0,1,review,1,菜谱实际使用名称，待进一步规范
6773,豆皮,processed,,扩展食材,processed,0,1,verified,23,加工、半成品、乳制品或饮品
6774,豆皮或者豆腐,processed,,扩展食材,processed,0,1,verified,1,加工、半成品、乳制品或饮品
6775,豆筋,other_food,,扩展食材,other_food,0,1,review,1,菜谱实际使用名称，待进一步规范
6776,豆粉,other_food,,扩展食材,other_food,0,1,review,2,菜谱实际使用名称，待进一步规范
6777,豆素肉丝,other_food,,扩展食材,other_food,0,1,review,1,菜谱实际使用名称，待进一步规范
6778,豆肠,processed,,扩展食材,processed,0,1,verified,1,加工、半成品、乳制品或饮品
6779,豆腐,processed,,扩展食材,processed,0,1,verified,341,加工、半成品、乳制品或饮品
6780,豆腐丝,processed,,扩展食材,processed,0,1,verified,1,加工、半成品、乳制品或饮品
6781,豆腐串,processed,,扩展食材,processed,0,1,verified,1,加工、半成品、乳制品或饮品
6782,豆腐丸子,processed,,扩展食材,processed,0,1,verified,1,加工、半成品、乳制品或饮品
6783,豆腐乳,seasoning,,扩展食材,seasoning,0,1,verified,2,调味料
6784,豆腐乳汁,seasoning,,扩展食材,seasoning,0,1,verified,2,调味料
6785,豆腐乳汤汁,processed,,扩展食材,processed,0,1,verified,1,加工、半成品、乳制品或饮品
6786,豆腐兔子,processed,,扩展食材,processed,0,1,verified,1,加工、半成品、乳制品或饮品
6787,豆腐卜,processed,,扩展食材,processed,0,1,verified,1,加工、半成品、乳制品或饮品
6788,豆腐干,processed,,扩展食材,processed,0,1,verified,15,加工、半成品、乳制品或饮品
6789,豆腐果,processed,,扩展食材,processed,0,1,verified,1,加工、半成品、乳制品或饮品
6790,豆腐泡,processed,,扩展食材,processed,0,1,verified,4,加工、半成品、乳制品或饮品
6791,豆腐泡/油豆腐,processed,,扩展食材,processed,0,1,verified,1,加工、半成品、乳制品或饮品
6792,豆腐皮,processed,,扩展食材,processed,0,1,verified,34,加工、半成品、乳制品或饮品
6793,豆腐结,processed,,扩展食材,processed,0,1,verified,1,加工、半成品、乳制品或饮品
6794,豆腐花,processed,,扩展食材,processed,0,1,verified,1,加工、半成品、乳制品或饮品
6795,豆腐衣,processed,,扩展食材,processed,0,1,verified,1,加工、半成品、乳制品或饮品
6796,豆腐鱼,processed,,扩展食材,processed,0,1,verified,1,加工、半成品、乳制品或饮品
6797,豆花,other_food,,扩展食材,other_food,0,1,review,2,菜谱实际使用名称，待进一步规范
6798,豆芽菜,processed,,扩展食材,processed,0,1,verified,6,加工、半成品、乳制品或饮品
6799,豆苗,other_food,,扩展食材,other_food,0,1,review,5,菜谱实际使用名称，待进一步规范
6800,豆蔻,seasoning,,扩展食材,seasoning,0,1,verified,3,调味料
6801,豆蔻干红椒,seasoning,,扩展食材,seasoning,0,1,verified,1,调味料
6802,豆蛋白,other_food,,扩展食材,other_food,0,1,review,1,菜谱实际使用名称，待进一步规范
6803,豆蛋白泡开,other_food,,扩展食材,other_food,0,1,review,1,菜谱实际使用名称，待进一步规范
6804,豆角/豆王,composite,,扩展食材,composite,0,1,review,1,疑似复合名称，组成未完全确认
6805,豆角/豇豆,composite,,扩展食材,composite,0,1,review,2,疑似复合名称，组成未完全确认
6806,豆角干,other_food,,扩展食材,other_food,0,1,review,1,菜谱实际使用名称，待进一步规范
6807,豆豉,seasoning,,时令食材,季节数据补充,0,1,verified,127,调味料
6808,豆豉油,seasoning,,扩展食材,seasoning,0,1,verified,1,调味料
6809,豆豉蒸鱼,other_food,,扩展食材,other_food,0,1,review,1,菜谱实际使用名称，待进一步规范
6810,豆豉辣酱,seasoning,,扩展食材,seasoning,0,1,verified,2,调味料
6811,豆豉酱,seasoning,,扩展食材,seasoning,0,1,verified,3,调味料
6812,豆豉酱油,seasoning,,扩展食材,seasoning,0,1,verified,2,调味料
6813,豆豉香辣酱,seasoning,,扩展食材,seasoning,0,1,verified,1,调味料
6814,豆豉鯪魚,other_food,,扩展食材,other_food,0,1,review,1,菜谱实际使用名称，待进一步规范
6815,豆豉鱼罐头,seasoning,,扩展食材,seasoning,0,1,verified,2,调味料
6816,豆豉鲮鱼,seasoning,,扩展食材,seasoning,0,1,verified,1,调味料
6817,豆豉鲮鱼罐头,seasoning,,扩展食材,seasoning,0,1,verified,8,调味料
6818,豆酱,seasoning,,扩展食材,seasoning,0,1,verified,1,调味料
6819,豆香,other_food,,扩展食材,other_food,0,1,review,1,菜谱实际使用名称，待进一步规范
6820,豆鼓,other_food,,扩展食材,other_food,0,1,review,5,菜谱实际使用名称，待进一步规范
6821,豆鼓辣椒酱,seasoning,,扩展食材,seasoning,0,1,verified,1,调味料
6822,豇豆肉馅,other_food,,扩展食材,other_food,0,1,review,1,菜谱实际使用名称，待进一步规范
6823,豇豆角,other_food,,扩展食材,other_food,0,1,review,3,菜谱实际使用名称，待进一步规范
6824,豉油,seasoning,,扩展食材,seasoning,0,1,verified,2,调味料
6825,豉油汁,other_food,,扩展食材,other_food,0,1,review,1,菜谱实际使用名称，待进一步规范
6826,豉油鸡汁,seasoning,,扩展食材,seasoning,0,1,verified,1,调味料
6827,豌豆凉粉,other_food,,扩展食材,other_food,0,1,review,1,菜谱实际使用名称，待进一步规范
6828,豌豆和胡萝卜丁,composite,,扩展食材,composite,0,1,review,1,疑似复合名称，组成未完全确认
6829,豌豆或小葱,composite,,扩展食材,composite,0,1,review,1,疑似复合名称，组成未完全确认
6830,豌豆淀粉,seasoning,,扩展食材,seasoning,0,1,verified,3,调味料
6831,豌豆玉米粒香菇,other_food,,扩展食材,other_food,0,1,review,1,菜谱实际使用名称，待进一步规范
6832,豌豆粒,other_food,,扩展食材,other_food,0,1,review,6,菜谱实际使用名称，待进一步规范
6833,豌豆荚,other_food,,扩展食材,other_food,0,1,review,1,菜谱实际使用名称，待进一步规范
6834,象拔蚌胆,other_food,,扩展食材,other_food,0,1,review,1,菜谱实际使用名称，待进一步规范
6835,豪吉姜辣川香汁,other_food,,扩展食材,other_food,0,1,review,1,菜谱实际使用名称，待进一步规范
6836,豪吉番茄火锅底,other_food,,扩展食材,other_food,0,1,review,1,菜谱实际使用名称，待进一步规范
6837,豪油,seasoning,,扩展食材,seasoning,0,1,verified,2,调味料
6838,贝壳意面,other_food,,扩展食材,other_food,0,1,review,1,菜谱实际使用名称，待进一步规范
6839,贝柱,other_food,,扩展食材,other_food,0,1,review,1,菜谱实际使用名称，待进一步规范
6840,贝肉,other_food,,扩展食材,other_food,0,1,review,1,菜谱实际使用名称，待进一步规范
6841,贝贝瓜,other_food,,扩展食材,other_food,0,1,review,4,菜谱实际使用名称，待进一步规范
6842,贡丸,other_food,,扩展食材,other_food,0,1,review,1,菜谱实际使用名称，待进一步规范
6843,贡菜椒椒酱,seasoning,,扩展食材,seasoning,0,1,verified,1,调味料
6844,质量白胡椒粉,other_food,,扩展食材,other_food,0,1,review,1,菜谱实际使用名称，待进一步规范
6845,质量葱花,other_food,,扩展食材,other_food,0,1,review,1,菜谱实际使用名称，待进一步规范
6846,贵妃螺,other_food,,扩展食材,other_food,0,1,review,1,菜谱实际使用名称，待进一步规范
6847,贵财家五常大米,other_food,,扩展食材,other_food,0,1,review,1,菜谱实际使用名称，待进一步规范
6848,贵阳脆哨,other_food,,扩展食材,other_food,0,1,review,1,菜谱实际使用名称，待进一步规范
6849,贻贝肉,other_food,,扩展食材,other_food,0,1,review,1,菜谱实际使用名称，待进一步规范
6850,赖尿虾,other_food,,扩展食材,other_food,0,1,review,1,菜谱实际使用名称，待进一步规范
6851,赤水竹笋,other_food,,扩展食材,other_food,0,1,review,1,菜谱实际使用名称，待进一步规范
6852,赤灵芝,other_food,,扩展食材,other_food,0,1,review,1,菜谱实际使用名称，待进一步规范
6853,赤藓糖醇,seasoning,,扩展食材,seasoning,0,1,verified,4,调味料
6854,走地鸡,other_food,,扩展食材,other_food,0,1,review,2,菜谱实际使用名称，待进一步规范
6855,走地鸡剁小块,other_food,,扩展食材,other_food,0,1,review,1,菜谱实际使用名称，待进一步规范
6856,走心肉末,other_food,,扩展食材,other_food,0,1,review,1,菜谱实际使用名称，待进一步规范
6857,超厚百叶,other_food,,扩展食材,other_food,0,1,review,1,菜谱实际使用名称，待进一步规范
6858,超大油麦菜,other_food,,扩展食材,other_food,0,1,review,1,菜谱实际使用名称，待进一步规范
6859,越南干红辣椒,other_food,,扩展食材,other_food,0,1,review,1,菜谱实际使用名称，待进一步规范
6860,越少越好提提味就行孕妇还是少吃辣辣椒面/辣椒油,seasoning,,扩展食材,seasoning,0,1,verified,1,调味料
6861,足量料酒,seasoning,,扩展食材,seasoning,0,1,verified,1,调味料
6862,足量淀粉,processed,,扩展食材,processed,0,1,verified,1,加工、半成品、乳制品或饮品
6863,足量食油,seasoning,,扩展食材,seasoning,0,1,verified,2,调味料
6864,跑山鸡,other_food,,扩展食材,other_food,0,1,review,1,菜谱实际使用名称，待进一步规范
6865,跟丝瓜,other_food,,扩展食材,other_food,0,1,review,1,菜谱实际使用名称，待进一步规范
6866,跟朝天椒,other_food,,扩展食材,other_food,0,1,review,1,菜谱实际使用名称，待进一步规范
6867,跟着感觉走干贝,processed,,扩展食材,processed,0,1,verified,1,加工、半成品、乳制品或饮品
6868,跟着食谱添加苹果,other_food,,扩展食材,other_food,0,1,review,1,菜谱实际使用名称，待进一步规范
6869,跟腐竹,processed,,扩展食材,processed,0,1,verified,1,加工、半成品、乳制品或饮品
6870,跟葱,other_food,,扩展食材,other_food,0,1,review,1,菜谱实际使用名称，待进一步规范
6871,跟葱花,other_food,,扩展食材,other_food,0,1,review,1,菜谱实际使用名称，待进一步规范
6872,跟辣一样,other_food,,扩展食材,other_food,0,1,review,1,菜谱实际使用名称，待进一步规范
6873,跟香菜,other_food,,扩展食材,other_food,0,1,review,1,菜谱实际使用名称，待进一步规范
6874,跟香蒜,other_food,,扩展食材,other_food,0,1,review,1,菜谱实际使用名称，待进一步规范
6875,跳跳鱼,other_food,,扩展食材,other_food,0,1,review,1,菜谱实际使用名称，待进一步规范
6876,蹄筋,other_food,,扩展食材,other_food,0,1,review,1,菜谱实际使用名称，待进一步规范
6877,蹄膀,other_food,,扩展食材,other_food,0,1,review,1,菜谱实际使用名称，待进一步规范
6878,蹄髈半,other_food,,扩展食材,other_food,0,1,review,1,菜谱实际使用名称，待进一步规范
6879,车前子壳,other_food,,扩展食材,other_food,0,1,review,1,菜谱实际使用名称，待进一步规范
6880,转几下黑胡椒,other_food,,扩展食材,other_food,0,1,review,1,菜谱实际使用名称，待进一步规范
6881,转几下黑胡椒末,other_food,,扩展食材,other_food,0,1,review,1,菜谱实际使用名称，待进一步规范
6882,转化糖浆,seasoning,,扩展食材,seasoning,0,1,verified,1,调味料
6883,转现磨黑胡椒,seasoning,,扩展食材,seasoning,0,1,verified,1,调味料
6884,软枝花菜,other_food,,扩展食材,other_food,0,1,review,1,菜谱实际使用名称，待进一步规范
6885,软肋排骨,other_food,,扩展食材,other_food,0,1,review,1,菜谱实际使用名称，待进一步规范
6886,软豆腐,processed,,扩展食材,processed,0,1,verified,1,加工、半成品、乳制品或饮品
6887,较肥五花肉,other_food,,扩展食材,other_food,0,1,review,1,菜谱实际使用名称，待进一步规范
6888,较酱油多一些醋,seasoning,,扩展食材,seasoning,0,1,verified,1,调味料
6889,辅料,other_food,,扩展食材,other_food,0,1,review,13,菜谱实际使用名称，待进一步规范
6890,辅材,other_food,,扩展食材,other_food,0,1,review,1,菜谱实际使用名称，待进一步规范
6891,辛拉面,other_food,,扩展食材,other_food,0,1,review,1,菜谱实际使用名称，待进一步规范
6892,辛拉面调料包,seasoning,,扩展食材,seasoning,0,1,verified,1,调味料
6893,辣妹子,other_food,,扩展食材,other_food,0,1,review,1,菜谱实际使用名称，待进一步规范
6894,辣子油,seasoning,,扩展食材,seasoning,0,1,verified,3,调味料
6895,辣度可以根据各人口感洋葱末/姜末/蒜头末/辣椒/豆瓣酱,seasoning,,扩展食材,seasoning,0,1,verified,1,调味料
6896,辣度青椒小米辣,other_food,,扩展食材,other_food,0,1,review,1,菜谱实际使用名称，待进一步规范
6897,辣椒/小红椒,composite,,扩展食材,composite,0,1,review,1,疑似复合名称，组成未完全确认
6898,辣椒二荆条,other_food,,扩展食材,other_food,0,1,review,1,菜谱实际使用名称，待进一步规范
6899,辣椒切段,other_food,,扩展食材,other_food,0,1,review,1,菜谱实际使用名称，待进一步规范
6900,辣椒圈,other_food,,扩展食材,other_food,0,1,review,1,菜谱实际使用名称，待进一步规范
6901,辣椒壳,other_food,,扩展食材,other_food,0,1,review,2,菜谱实际使用名称，待进一步规范
6902,辣椒大蒜,other_food,,扩展食材,other_food,0,1,review,1,菜谱实际使用名称，待进一步规范
6903,辣椒大量,other_food,,扩展食材,other_food,0,1,review,1,菜谱实际使用名称，待进一步规范
6904,辣椒干,seasoning,,扩展食材,seasoning,0,1,verified,7,调味料
6905,辣椒干或小米椒,composite,,扩展食材,composite,0,1,review,1,疑似复合名称，组成未完全确认
6906,辣椒油,seasoning,,扩展食材,seasoning,0,1,verified,64,调味料
6907,辣椒油辣椒粉,seasoning,,扩展食材,seasoning,0,1,verified,1,调味料
6908,辣椒皮,other_food,,扩展食材,other_food,0,1,review,1,菜谱实际使用名称，待进一步规范
6909,辣椒粉,seasoning,,扩展食材,seasoning,0,1,verified,90,调味料
6910,辣椒粉或干辣椒,seasoning,,扩展食材,seasoning,0,1,verified,1,调味料
6911,辣椒粉花椒或花椒粉,composite,,扩展食材,composite,0,1,review,1,疑似复合名称，组成未完全确认
6912,辣椒粉辣椒,other_food,,扩展食材,other_food,0,1,review,1,菜谱实际使用名称，待进一步规范
6913,辣椒粒,other_food,,扩展食材,other_food,0,1,review,1,菜谱实际使用名称，待进一步规范
6914,辣椒红油,seasoning,,扩展食材,seasoning,0,1,verified,4,调味料
6915,辣椒豆豉酱,seasoning,,扩展食材,seasoning,0,1,verified,1,调味料
6916,辣椒酱,seasoning,,扩展食材,seasoning,0,1,verified,39,调味料
6917,辣椒酱/豆瓣酱,seasoning,,扩展食材,seasoning,0,1,verified,1,调味料
6918,辣椒酱🌶️,other_food,,扩展食材,other_food,0,1,review,1,菜谱实际使用名称，待进一步规范
6919,辣椒面,other_food,,扩展食材,other_food,0,1,review,63,菜谱实际使用名称，待进一步规范
6920,辣椒面或者段,composite,,扩展食材,composite,0,1,review,1,疑似复合名称，组成未完全确认
6921,辣椒🌶️,other_food,,扩展食材,other_food,0,1,review,2,菜谱实际使用名称，待进一步规范
6922,辣油,seasoning,,扩展食材,seasoning,0,1,verified,5,调味料
6923,辣猪皮,other_food,,扩展食材,other_food,0,1,review,1,菜谱实际使用名称，待进一步规范
6924,辣白菜,other_food,,扩展食材,other_food,0,1,review,12,菜谱实际使用名称，待进一步规范
6925,辣白菜口味辛拉面,other_food,,扩展食材,other_food,0,1,review,1,菜谱实际使用名称，待进一步规范
6926,辣皮子,other_food,,扩展食材,other_food,0,1,review,1,菜谱实际使用名称，待进一步规范
6927,辣肠,processed,,扩展食材,processed,0,1,verified,1,加工、半成品、乳制品或饮品
6928,辣豆瓣酱,seasoning,,扩展食材,seasoning,0,1,verified,5,调味料
6929,辣豆豉,seasoning,,扩展食材,seasoning,0,1,verified,1,调味料
6930,辣豉酱,seasoning,,扩展食材,seasoning,0,1,verified,2,调味料
6931,辣酱,seasoning,,扩展食材,seasoning,0,1,verified,23,调味料
6932,辣酱末,other_food,,扩展食材,other_food,0,1,review,1,菜谱实际使用名称，待进一步规范
6933,辣酱油,seasoning,,扩展食材,seasoning,0,1,verified,1,调味料
6934,辣黄豆酱,seasoning,,扩展食材,seasoning,0,1,verified,1,调味料
6935,辫蒜头,other_food,,扩展食材,other_food,0,1,review,1,菜谱实际使用名称，待进一步规范
6936,辽参,other_food,,扩展食材,other_food,0,1,review,1,菜谱实际使用名称，待进一步规范
6937,过鸡面水,other_food,,扩展食材,other_food,0,1,review,1,菜谱实际使用名称，待进一步规范
6938,还一次最好做两人量茄子,other_food,,扩展食材,other_food,0,1,review,1,菜谱实际使用名称，待进一步规范
6939,还可以加些木耳,other_food,,扩展食材,other_food,0,1,review,1,菜谱实际使用名称，待进一步规范
6940,还可以放蚝油哦😛,other_food,,扩展食材,other_food,0,1,review,1,菜谱实际使用名称，待进一步规范
6941,还是两斤看你啦小龙虾,other_food,,扩展食材,other_food,0,1,review,1,菜谱实际使用名称，待进一步规范
6942,这是配菜,other_food,,扩展食材,other_food,0,1,review,1,菜谱实际使用名称，待进一步规范
6943,这次是它电器---紫砂锅,other_food,,扩展食材,other_food,0,1,review,1,菜谱实际使用名称，待进一步规范
6944,这食材,other_food,,扩展食材,other_food,0,1,review,1,菜谱实际使用名称，待进一步规范
6945,迷你水果胡萝卜,other_food,,扩展食材,other_food,0,1,review,1,菜谱实际使用名称，待进一步规范
6946,迷你火腿肠,processed,,扩展食材,processed,0,1,verified,1,加工、半成品、乳制品或饮品
6947,迷你胡萝卜胡萝卜,other_food,,扩展食材,other_food,0,1,review,1,菜谱实际使用名称，待进一步规范
6948,迷你青椒,other_food,,扩展食材,other_food,0,1,review,1,菜谱实际使用名称，待进一步规范
6949,迷迭香,seasoning,,扩展食材,seasoning,0,1,verified,9,调味料
6950,适盐,other_food,,扩展食材,other_food,0,1,review,2,菜谱实际使用名称，待进一步规范
6951,选蜂蜜,other_food,,扩展食材,other_food,0,1,review,1,菜谱实际使用名称，待进一步规范
6952,通心菜梗,other_food,,扩展食材,other_food,0,1,review,1,菜谱实际使用名称，待进一步规范
6953,通草,other_food,,扩展食材,other_food,0,1,review,1,菜谱实际使用名称，待进一步规范
6954,通菜,other_food,,扩展食材,other_food,0,1,review,3,菜谱实际使用名称，待进一步规范
6955,通菜杆,other_food,,扩展食材,other_food,0,1,review,1,菜谱实际使用名称，待进一步规范
6956,通菜梗,other_food,,扩展食材,other_food,0,1,review,1,菜谱实际使用名称，待进一步规范
6957,速冻云吞,other_food,,扩展食材,other_food,0,1,review,1,菜谱实际使用名称，待进一步规范
6958,速冻水饺,other_food,,扩展食材,other_food,0,1,review,1,菜谱实际使用名称，待进一步规范
6959,速冻羊肉片,other_food,,扩展食材,other_food,0,1,review,1,菜谱实际使用名称，待进一步规范
6960,速冻虾仁,other_food,,扩展食材,other_food,0,1,review,1,菜谱实际使用名称，待进一步规范
6961,速冻蚕豆,other_food,,扩展食材,other_food,0,1,review,1,菜谱实际使用名称，待进一步规范
6962,速冻龙利鱼片,other_food,,扩展食材,other_food,0,1,review,1,菜谱实际使用名称，待进一步规范
6963,速溶咖喱块,other_food,,扩展食材,other_food,0,1,review,1,菜谱实际使用名称，待进一步规范
6964,適量時蔬,other_food,,扩展食材,other_food,0,1,review,1,菜谱实际使用名称，待进一步规范
6965,適量木耳,other_food,,扩展食材,other_food,0,1,review,1,菜谱实际使用名称，待进一步规范
6966,適量生抽,other_food,,扩展食材,other_food,0,1,review,1,菜谱实际使用名称，待进一步规范
6967,適量生粉,other_food,,扩展食材,other_food,0,1,review,1,菜谱实际使用名称，待进一步规范
6968,適量白胡椒,other_food,,扩展食材,other_food,0,1,review,1,菜谱实际使用名称，待进一步规范
6969,適量白醋,seasoning,,扩展食材,seasoning,0,1,verified,1,调味料
6970,適量豬絞肉,other_food,,扩展食材,other_food,0,1,review,1,菜谱实际使用名称，待进一步规范
6971,適量麻油,seasoning,,扩展食材,seasoning,0,1,verified,1,调味料
6972,那么大里脊肉,other_food,,扩展食材,other_food,0,1,review,1,菜谱实际使用名称，待进一步规范
6973,邱比沙拉汁日式口味,processed,,扩展食材,processed,0,1,verified,1,加工、半成品、乳制品或饮品
6974,郡肝,other_food,,扩展食材,other_food,0,1,review,1,菜谱实际使用名称，待进一步规范
6975,部白菜,other_food,,扩展食材,other_food,0,1,review,1,菜谱实际使用名称，待进一步规范
6976,郫县红油豆瓣,seasoning,,扩展食材,seasoning,0,1,verified,1,调味料
6977,郫县红油豆瓣酱,seasoning,,扩展食材,seasoning,0,1,verified,3,调味料
6978,郫县豆瓣,other_food,,扩展食材,other_food,0,1,review,52,菜谱实际使用名称，待进一步规范
6979,郫县豆瓣儿酱,seasoning,,扩展食材,seasoning,0,1,verified,1,调味料
6980,郫县豆瓣剁碎,other_food,,扩展食材,other_food,0,1,review,1,菜谱实际使用名称，待进一步规范
6981,郫县豆瓣或麻婆豆腐料,processed,,扩展食材,processed,0,1,verified,1,加工、半成品、乳制品或饮品
6982,郫县豆瓣辣酱,seasoning,,扩展食材,seasoning,0,1,verified,1,调味料
6983,郫县豆瓣酱,seasoning,,扩展食材,seasoning,0,1,verified,135,调味料
6984,郫县豆瓣酱「一级」,other_food,,扩展食材,other_food,0,1,review,1,菜谱实际使用名称，待进一步规范
6985,郫县豆辨酱,seasoning,,扩展食材,seasoning,0,1,verified,1,调味料
6986,都可以五花肉或猪胫肉或瘦肉,composite,,扩展食材,composite,0,1,review,1,疑似复合名称，组成未完全确认
6987,都可以火腿肠,processed,,扩展食材,processed,0,1,verified,1,加工、半成品、乳制品或饮品
6988,都行萝卜,other_food,,扩展食材,other_food,0,1,review,1,菜谱实际使用名称，待进一步规范
6989,酌情放盐,other_food,,扩展食材,other_food,0,1,review,1,菜谱实际使用名称，待进一步规范
6990,酌情海鲜酱油,seasoning,,扩展食材,seasoning,0,1,verified,1,调味料
6991,酌情添加小泡椒,processed,,扩展食材,processed,0,1,verified,1,加工、半成品、乳制品或饮品
6992,酌情添加盐,seasoning,,扩展食材,seasoning,0,1,verified,1,调味料
6993,酌情添加酱油,seasoning,,扩展食材,seasoning,0,1,verified,1,调味料
6994,酌情添加食盐,other_food,,扩展食材,other_food,0,1,review,1,菜谱实际使用名称，待进一步规范
6995,酌情盐,seasoning,,扩展食材,seasoning,0,1,verified,1,调味料
6996,酌情醋,seasoning,,扩展食材,seasoning,0,1,verified,1,调味料
6997,酌情香菇,other_food,,扩展食材,other_food,0,1,review,1,菜谱实际使用名称，待进一步规范
6998,酌量克清水,other_food,,扩展食材,other_food,0,1,review,1,菜谱实际使用名称，待进一步规范
6999,酌量剁椒酱,seasoning,,扩展食材,seasoning,0,1,verified,1,调味料
7000,酌量油,seasoning,,扩展食材,seasoning,0,1,verified,2,调味料
7001,酌量泡菜,processed,,扩展食材,processed,0,1,verified,1,加工、半成品、乳制品或饮品
7002,酌量玉米油,seasoning,,扩展食材,seasoning,0,1,verified,1,调味料
7003,酌量生抽,other_food,,扩展食材,other_food,0,1,review,3,菜谱实际使用名称，待进一步规范
7004,酌量白胡椒,other_food,,扩展食材,other_food,0,1,review,1,菜谱实际使用名称，待进一步规范
7005,酌量盐,seasoning,,扩展食材,seasoning,0,1,verified,4,调味料
7006,酌量老陈醋,seasoning,,扩展食材,seasoning,0,1,verified,1,调味料
7007,酌量葱花,other_food,,扩展食材,other_food,0,1,review,1,菜谱实际使用名称，待进一步规范
7008,酌量黑胡椒,seasoning,,扩展食材,seasoning,0,1,verified,1,调味料
7009,配料,other_food,,扩展食材,other_food,0,1,review,21,菜谱实际使用名称，待进一步规范
7010,配料部分,other_food,,扩展食材,other_food,0,1,review,2,菜谱实际使用名称，待进一步规范
7011,配方,other_food,,扩展食材,other_food,0,1,review,1,菜谱实际使用名称，待进一步规范
7012,配方奶粉,processed,,扩展食材,processed,0,1,verified,1,加工、半成品、乳制品或饮品
7013,配色打底香菜,other_food,,扩展食材,other_food,0,1,review,1,菜谱实际使用名称，待进一步规范
7014,配菜,other_food,,扩展食材,other_food,0,1,review,6,菜谱实际使用名称，待进一步规范
7015,配菜底,other_food,,扩展食材,other_food,0,1,review,1,菜谱实际使用名称，待进一步规范
7016,配菜随喜好,other_food,,扩展食材,other_food,0,1,review,1,菜谱实际使用名称，待进一步规范
7017,配菜黄瓜,other_food,,扩展食材,other_food,0,1,review,1,菜谱实际使用名称，待进一步规范
7018,酒,seasoning,,扩展食材,seasoning,0,1,verified,17,调味料
7019,酒瓶盖绍兴花雕酒,seasoning,,扩展食材,seasoning,0,1,verified,1,调味料
7020,酒糟,other_food,,扩展食材,other_food,0,1,review,2,菜谱实际使用名称，待进一步规范
7021,酒酿,other_food,,扩展食材,other_food,0,1,review,3,菜谱实际使用名称，待进一步规范
7022,酒酿鸡蛋羹,other_food,,扩展食材,other_food,0,1,review,1,菜谱实际使用名称，待进一步规范
7023,酒醩水,other_food,,扩展食材,other_food,0,1,review,1,菜谱实际使用名称，待进一步规范
7024,酒鬼花生,other_food,,扩展食材,other_food,0,1,review,1,菜谱实际使用名称，待进一步规范
7025,酥肉,other_food,,扩展食材,other_food,0,1,review,1,菜谱实际使用名称，待进一步规范
7026,酱,seasoning,,扩展食材,seasoning,0,1,verified,4,调味料
7027,酱干,other_food,,扩展食材,other_food,0,1,review,2,菜谱实际使用名称，待进一步规范
7028,酱料,seasoning,,扩展食材,seasoning,0,1,verified,3,调味料
7029,酱料调料,seasoning,,扩展食材,seasoning,0,1,verified,1,调味料
7030,酱料部分,seasoning,,扩展食材,seasoning,0,1,verified,1,调味料
7031,酱汁,seasoning,,扩展食材,seasoning,0,1,verified,11,调味料
7032,酱汁比例,seasoning,,扩展食材,seasoning,0,1,verified,1,调味料
7033,酱汁白糖,other_food,,扩展食材,other_food,0,1,review,1,菜谱实际使用名称，待进一步规范
7034,酱汁盐,other_food,,扩展食材,other_food,0,1,review,1,菜谱实际使用名称，待进一步规范
7035,酱汁蚝油,seasoning,,扩展食材,seasoning,0,1,verified,1,调味料
7036,酱汁调料,seasoning,,扩展食材,seasoning,0,1,verified,1,调味料
7037,酱汁酱油,seasoning,,扩展食材,seasoning,0,1,verified,1,调味料
7038,酱汁香油,seasoning,,扩展食材,seasoning,0,1,verified,1,调味料
7039,酱汤料,other_food,,扩展食材,other_food,0,1,review,1,菜谱实际使用名称，待进一步规范
7040,酱油,seasoning,,扩展食材,seasoning,0,1,verified,1142,调味料
7041,酱油/生抽,composite,,扩展食材,composite,0,1,review,2,疑似复合名称，组成未完全确认
7042,酱油/老抽,composite,,扩展食材,composite,0,1,review,1,疑似复合名称，组成未完全确认
7043,酱油一半老抽,other_food,,扩展食材,other_food,0,1,review,1,菜谱实际使用名称，待进一步规范
7044,酱油一点点,other_food,,扩展食材,other_food,0,1,review,1,菜谱实际使用名称，待进一步规范
7045,酱油冰糖,seasoning,,扩展食材,seasoning,0,1,verified,1,调味料
7046,酱油大酱,seasoning,,扩展食材,seasoning,0,1,verified,1,调味料
7047,酱油或生抽,seasoning,,扩展食材,seasoning,0,1,verified,1,调味料
7048,酱油或老抽,seasoning,,扩展食材,seasoning,0,1,verified,1,调味料
7049,酱油或蚝油,seasoning,,扩展食材,seasoning,0,1,verified,2,调味料
7050,酱油料酒,seasoning,,扩展食材,seasoning,0,1,verified,1,调味料
7051,酱油料酒生抽,other_food,,扩展食材,other_food,0,1,review,1,菜谱实际使用名称，待进一步规范
7052,酱油生抽都,other_food,,扩展食材,other_food,0,1,review,1,菜谱实际使用名称，待进一步规范
7053,酱油盐胡椒,other_food,,扩展食材,other_food,0,1,review,1,菜谱实际使用名称，待进一步规范
7054,酱油耗油白糖盐,other_food,,扩展食材,other_food,0,1,review,1,菜谱实际使用名称，待进一步规范
7055,酱油膏,seasoning,,扩展食材,seasoning,0,1,verified,2,调味料
7056,酱油蚝油,seasoning,,扩展食材,seasoning,0,1,verified,1,调味料
7057,酱油蚝油蜂蜜料酒,seasoning,,扩展食材,seasoning,0,1,verified,1,调味料
7058,酱油适合,other_food,,扩展食材,other_food,0,1,review,1,菜谱实际使用名称，待进一步规范
7059,酱油醋糖盐,other_food,,扩展食材,other_food,0,1,review,1,菜谱实际使用名称，待进一步规范
7060,酱牛肉,processed,,扩展食材,processed,0,1,verified,1,加工、半成品、乳制品或饮品
7061,酱瓜,other_food,,扩展食材,other_food,0,1,review,2,菜谱实际使用名称，待进一步规范
7062,酱肉,other_food,,扩展食材,other_food,0,1,review,1,菜谱实际使用名称，待进一步规范
7063,酱豆腐,seasoning,,扩展食材,seasoning,0,1,verified,3,调味料
7064,酱辣子,other_food,,扩展食材,other_food,0,1,review,1,菜谱实际使用名称，待进一步规范
7065,酱辣椒或酸辣椒,processed,,扩展食材,processed,0,1,verified,1,加工、半成品、乳制品或饮品
7066,酵母,seasoning,,扩展食材,seasoning,0,1,verified,26,调味料
7067,酵母粉,processed,,扩展食材,processed,0,1,verified,4,加工、半成品、乳制品或饮品
7068,酸包菜酸豆角,processed,,扩展食材,processed,0,1,verified,1,加工、半成品、乳制品或饮品
7069,酸奶,processed,,扩展食材,processed,0,1,verified,4,加工、半成品、乳制品或饮品
7070,酸奶蜂蜜酱汁,processed,,扩展食材,processed,0,1,verified,1,加工、半成品、乳制品或饮品
7071,酸姜,other_food,,扩展食材,other_food,0,1,review,3,菜谱实际使用名称，待进一步规范
7072,酸子姜,other_food,,扩展食材,other_food,0,1,review,1,菜谱实际使用名称，待进一步规范
7073,酸料,other_food,,扩展食材,other_food,0,1,review,1,菜谱实际使用名称，待进一步规范
7074,酸梅,other_food,,扩展食材,other_food,0,1,review,4,菜谱实际使用名称，待进一步规范
7075,酸梅酱,seasoning,,扩展食材,seasoning,0,1,verified,2,调味料
7076,酸汤肥牛酱,seasoning,,扩展食材,seasoning,0,1,verified,1,调味料
7077,酸汤酱,seasoning,,扩展食材,seasoning,0,1,verified,2,调味料
7078,酸甜酱,seasoning,,扩展食材,seasoning,0,1,verified,1,调味料
7079,酸白菜,processed,,扩展食材,processed,0,1,verified,1,加工、半成品、乳制品或饮品
7080,酸笋,processed,,扩展食材,processed,0,1,verified,3,加工、半成品、乳制品或饮品
7081,酸芋禾,other_food,,扩展食材,other_food,0,1,review,1,菜谱实际使用名称，待进一步规范
7082,酸菜,processed,,扩展食材,processed,0,1,verified,93,加工、半成品、乳制品或饮品
7083,酸菜鱼料包,seasoning,,扩展食材,seasoning,0,1,verified,1,调味料
7084,酸萝卜,processed,,扩展食材,processed,0,1,verified,6,加工、半成品、乳制品或饮品
7085,酸萝卜老鸭汤炖料,processed,,扩展食材,processed,0,1,verified,1,加工、半成品、乳制品或饮品
7086,酸藠头,other_food,,扩展食材,other_food,0,1,review,2,菜谱实际使用名称，待进一步规范
7087,酸豆角,processed,,扩展食材,processed,0,1,verified,18,加工、半成品、乳制品或饮品
7088,酸豇豆,other_food,,扩展食材,other_food,0,1,review,2,菜谱实际使用名称，待进一步规范
7089,酸辣椒,processed,,扩展食材,processed,0,1,verified,4,加工、半成品、乳制品或饮品
7090,酸酸甜甜搭配清清爽爽~黄瓜,other_food,,扩展食材,other_food,0,1,review,1,菜谱实际使用名称，待进一步规范
7091,酸醋,seasoning,,扩展食材,seasoning,0,1,verified,1,调味料
7092,酿肉馅料,other_food,,扩展食材,other_food,0,1,review,1,菜谱实际使用名称，待进一步规范
7093,醋,seasoning,,扩展食材,seasoning,0,1,verified,545,调味料
7094,醋=糖醋汁,other_food,,扩展食材,other_food,0,1,review,1,菜谱实际使用名称，待进一步规范
7095,醋果子,other_food,,扩展食材,other_food,0,1,review,1,菜谱实际使用名称，待进一步规范
7096,醋糖,other_food,,扩展食材,other_food,0,1,review,1,菜谱实际使用名称，待进一步规范
7097,醪糟,other_food,,扩展食材,other_food,0,1,review,2,菜谱实际使用名称，待进一步规范
7098,醪糟/米酒,seasoning,,扩展食材,seasoning,0,1,verified,1,调味料
7099,醪糟水,other_food,,扩展食材,other_food,0,1,review,1,菜谱实际使用名称，待进一步规范
7100,醬油,seasoning,,扩展食材,seasoning,0,1,verified,2,调味料
7101,醯官苹果醋,seasoning,,扩展食材,seasoning,0,1,verified,1,调味料
7102,里脊丝,other_food,,扩展食材,other_food,0,1,review,2,菜谱实际使用名称，待进一步规范
7103,里脊片,other_food,,扩展食材,other_food,0,1,review,1,菜谱实际使用名称，待进一步规范
7104,里脊肉丝,other_food,,扩展食材,other_food,0,1,review,1,菜谱实际使用名称，待进一步规范
7105,里脊肉切丁肉末,other_food,,扩展食材,other_food,0,1,review,1,菜谱实际使用名称，待进一步规范
7106,里脊肉或鸡胸肉,composite,,扩展食材,composite,0,1,review,1,疑似复合名称，组成未完全确认
7107,里脊肉末,other_food,,扩展食材,other_food,0,1,review,1,菜谱实际使用名称，待进一步规范
7108,里脊肉片,other_food,,扩展食材,other_food,0,1,review,2,菜谱实际使用名称，待进一步规范
7109,重口味清新口气好搭档清新口气绿箭,other_food,,扩展食材,other_food,0,1,review,1,菜谱实际使用名称，待进一步规范
7110,重庆火锅底料,seasoning,,扩展食材,seasoning,0,1,verified,2,调味料
7111,重庆牛油火锅底料,other_food,,扩展食材,other_food,0,1,review,1,菜谱实际使用名称，待进一步规范
7112,野山椒,generic,,扩展食材,generic,0,1,review,11,宽泛名称，保留原义而不猜测具体品种
7113,野山葱,other_food,,扩展食材,other_food,0,1,review,1,菜谱实际使用名称，待进一步规范
7114,野生干蘑菇,other_food,,扩展食材,other_food,0,1,review,1,菜谱实际使用名称，待进一步规范
7115,野生椴树木耳,other_food,,扩展食材,other_food,0,1,review,1,菜谱实际使用名称，待进一步规范
7116,野生石竹笋,other_food,,扩展食材,other_food,0,1,review,1,菜谱实际使用名称，待进一步规范
7117,野生蕨菜,other_food,,扩展食材,other_food,0,1,review,1,菜谱实际使用名称，待进一步规范
7118,野生香菇粉,other_food,,扩展食材,other_food,0,1,review,1,菜谱实际使用名称，待进一步规范
7119,野米,other_food,,扩展食材,other_food,0,1,review,1,菜谱实际使用名称，待进一步规范
7120,野芹菜,other_food,,扩展食材,other_food,0,1,review,1,菜谱实际使用名称，待进一步规范
7121,野菜,other_food,,扩展食材,other_food,0,1,review,1,菜谱实际使用名称，待进一步规范
7122,量,other_food,,扩展食材,other_food,0,1,review,1,菜谱实际使用名称，待进一步规范
7123,量全蛋液,other_food,,扩展食材,other_food,0,1,review,1,菜谱实际使用名称，待进一步规范
7124,量凭喜好,other_food,,扩展食材,other_food,0,1,review,1,菜谱实际使用名称，待进一步规范
7125,量凭喜好但不要太少肉末,other_food,,扩展食材,other_food,0,1,review,1,菜谱实际使用名称，待进一步规范
7126,量凭喜好但不要太少香菇,other_food,,扩展食材,other_food,0,1,review,1,菜谱实际使用名称，待进一步规范
7127,量凭喜好盐,other_food,,扩展食材,other_food,0,1,review,1,菜谱实际使用名称，待进一步规范
7128,量勺,non_food,,扩展食材,non_food,0,0,review,1,疑似工具、包装或操作说明
7129,量勺食盐,non_food,,扩展食材,non_food,0,0,review,1,疑似工具、包装或操作说明
7130,量大蒜,other_food,,扩展食材,other_food,0,1,review,1,菜谱实际使用名称，待进一步规范
7131,量大蒜末,other_food,,扩展食材,other_food,0,1,review,1,菜谱实际使用名称，待进一步规范
7132,量姜末,other_food,,扩展食材,other_food,0,1,review,1,菜谱实际使用名称，待进一步规范
7133,量孜然粉,seasoning,,扩展食材,seasoning,0,1,verified,1,调味料
7134,量或自己定五花肉沫,composite,,扩展食材,composite,0,1,review,1,疑似复合名称，组成未完全确认
7135,量料酒,seasoning,,扩展食材,seasoning,0,1,verified,1,调味料
7136,量杯大米,other_food,,扩展食材,other_food,0,1,review,1,菜谱实际使用名称，待进一步规范
7137,量杯糯米,other_food,,扩展食材,other_food,0,1,review,1,菜谱实际使用名称，待进一步规范
7138,量步骤中生抽,non_food,,扩展食材,non_food,0,0,review,1,疑似工具、包装或操作说明
7139,量步骤中葱姜蒜,non_food,,扩展食材,non_food,0,0,review,1,疑似工具、包装或操作说明
7140,量油,seasoning,,扩展食材,seasoning,0,1,verified,3,调味料
7141,量淀粉,seasoning,,扩展食材,seasoning,0,1,verified,2,调味料
7142,量炒新荷塘月色料,other_food,,扩展食材,other_food,0,1,review,1,菜谱实际使用名称，待进一步规范
7143,量焙香孜然粒,other_food,,扩展食材,other_food,0,1,review,1,菜谱实际使用名称，待进一步规范
7144,量白胡椒,seasoning,,扩展食材,seasoning,0,1,verified,1,调味料
7145,量白鲳鱼,other_food,,扩展食材,other_food,0,1,review,1,菜谱实际使用名称，待进一步规范
7146,量盐,seasoning,,扩展食材,seasoning,0,1,verified,1,调味料
7147,量看步骤盐,non_food,,扩展食材,non_food,0,0,review,1,疑似工具、包装或操作说明
7148,量看步骤酱油,seasoning,,扩展食材,seasoning,0,1,verified,1,调味料
7149,量糖,seasoning,,扩展食材,seasoning,0,1,verified,1,调味料
7150,量耗油,seasoning,,扩展食材,seasoning,0,1,verified,1,调味料
7151,量腌制肉丝料,other_food,,扩展食材,other_food,0,1,review,1,菜谱实际使用名称，待进一步规范
7152,量自行增减,other_food,,扩展食材,other_food,0,1,review,1,菜谱实际使用名称，待进一步规范
7153,量花生油,seasoning,,扩展食材,seasoning,0,1,verified,1,调味料
7154,量葱,other_food,,扩展食材,other_food,0,1,review,2,菜谱实际使用名称，待进一步规范
7155,量葱姜蒜,other_food,,扩展食材,other_food,0,1,review,1,菜谱实际使用名称，待进一步规范
7156,量葱花,other_food,,扩展食材,other_food,0,1,review,1,菜谱实际使用名称，待进一步规范
7157,量蒜末,other_food,,扩展食材,other_food,0,1,review,4,菜谱实际使用名称，待进一步规范
7158,量辣椒,other_food,,扩展食材,other_food,0,1,review,1,菜谱实际使用名称，待进一步规范
7159,量食油,seasoning,,扩展食材,seasoning,0,1,verified,2,调味料
7160,量香葱末,other_food,,扩展食材,other_food,0,1,review,1,菜谱实际使用名称，待进一步规范
7161,量鸭架鸭骨头,other_food,,扩展食材,other_food,0,1,review,1,菜谱实际使用名称，待进一步规范
7162,量黑胡椒,seasoning,,扩展食材,seasoning,0,1,verified,1,调味料
7163,金不换,other_food,,扩展食材,other_food,0,1,review,2,菜谱实际使用名称，待进一步规范
7164,金刚土豆,other_food,,扩展食材,other_food,0,1,review,1,菜谱实际使用名称，待进一步规范
7165,金华火腿,processed,,扩展食材,processed,0,1,verified,7,加工、半成品、乳制品或饮品
7166,金字卤牛肉,processed,,扩展食材,processed,0,1,verified,2,加工、半成品、乳制品或饮品
7167,金字火腿,processed,,扩展食材,processed,0,1,verified,2,加工、半成品、乳制品或饮品
7168,金字飘香火腿块,processed,,扩展食材,processed,0,1,verified,1,加工、半成品、乳制品或饮品
7169,金字香肠,processed,,扩展食材,processed,0,1,verified,1,加工、半成品、乳制品或饮品
7170,金昌鱼,other_food,,扩展食材,other_food,0,1,review,1,菜谱实际使用名称，待进一步规范
7171,金条子,other_food,,扩展食材,other_food,0,1,review,1,菜谱实际使用名称，待进一步规范
7172,金枪鱼罐头,processed,,扩展食材,processed,0,1,verified,4,加工、半成品、乳制品或饮品
7173,金标生抽,seasoning,,扩展食材,seasoning,0,1,verified,8,调味料
7174,金桔,other_food,,水果,季节数据补充,0,1,review,3,菜谱实际使用名称，待进一步规范
7175,金汤料,other_food,,扩展食材,other_food,0,1,review,1,菜谱实际使用名称，待进一步规范
7176,金汤酸菜鱼调料,seasoning,,扩展食材,seasoning,0,1,verified,1,调味料
7177,金沙咸蛋黄调料,seasoning,,扩展食材,seasoning,0,1,verified,1,调味料
7178,金针茹,other_food,,扩展食材,other_food,0,1,review,1,菜谱实际使用名称，待进一步规范
7179,金针菇蘑菇,other_food,,扩展食材,other_food,0,1,review,1,菜谱实际使用名称，待进一步规范
7180,金针菇🍄,other_food,,扩展食材,other_food,0,1,review,1,菜谱实际使用名称，待进一步规范
7181,金钩,other_food,,扩展食材,other_food,0,1,review,1,菜谱实际使用名称，待进一步规范
7182,金钱菇,other_food,,扩展食材,other_food,0,1,review,1,菜谱实际使用名称，待进一步规范
7183,金钱香菇,other_food,,扩展食材,other_food,0,1,review,1,菜谱实际使用名称，待进一步规范
7184,金银橘,other_food,,扩展食材,other_food,0,1,review,1,菜谱实际使用名称，待进一步规范
7185,金银玉米,other_food,,扩展食材,other_food,0,1,review,1,菜谱实际使用名称，待进一步规范
7186,金银蒜,other_food,,扩展食材,other_food,0,1,review,1,菜谱实际使用名称，待进一步规范
7187,金锣肉花肠,processed,,扩展食材,processed,0,1,verified,1,加工、半成品、乳制品或饮品
7188,金雕鱼,other_food,,扩展食材,other_food,0,1,review,1,菜谱实际使用名称，待进一步规范
7189,金鲳鱼,other_food,,扩展食材,other_food,0,1,review,1,菜谱实际使用名称，待进一步规范
7190,金鲳鱼干,processed,,扩展食材,processed,0,1,verified,1,加工、半成品、乳制品或饮品
7191,金龙鱼谷维多稻米油,seasoning,,扩展食材,seasoning,0,1,verified,1,调味料
7192,钱就多多放鸡胗,other_food,,扩展食材,other_food,0,1,review,1,菜谱实际使用名称，待进一步规范
7193,铁勺料酒,seasoning,,扩展食材,seasoning,0,1,verified,1,调味料
7194,铁勺生抽,other_food,,扩展食材,other_food,0,1,review,1,菜谱实际使用名称，待进一步规范
7195,铁勺香醋,seasoning,,扩展食材,seasoning,0,1,verified,1,调味料
7196,铁勺黄豆酱,seasoning,,扩展食材,seasoning,0,1,verified,1,调味料
7197,铜锣鱼,other_food,,扩展食材,other_food,0,1,review,1,菜谱实际使用名称，待进一步规范
7198,银耳羹,other_food,,扩展食材,other_food,0,1,review,1,菜谱实际使用名称，待进一步规范
7199,银针粉,other_food,,扩展食材,other_food,0,1,review,1,菜谱实际使用名称，待进一步规范
7200,银鱼干,processed,,扩展食材,processed,0,1,verified,1,加工、半成品、乳制品或饮品
7201,银鲳鱼,other_food,,扩展食材,other_food,0,1,review,1,菜谱实际使用名称，待进一步规范
7202,铺一层锅底油,seasoning,,扩展食材,seasoning,0,1,verified,1,调味料
7203,铺上层肉类,other_food,,扩展食材,other_food,0,1,review,1,菜谱实际使用名称，待进一步规范
7204,铺宽粉,other_food,,扩展食材,other_food,0,1,review,1,菜谱实际使用名称，待进一步规范
7205,铺岩耳,other_food,,扩展食材,other_food,0,1,review,1,菜谱实际使用名称，待进一步规范
7206,铺春笋,other_food,,扩展食材,other_food,0,1,review,2,菜谱实际使用名称，待进一步规范
7207,铺梅干菜,processed,,扩展食材,processed,0,1,verified,1,加工、半成品、乳制品或饮品
7208,铺满锅底量油,seasoning,,扩展食材,seasoning,0,1,verified,1,调味料
7209,铺满锅底食油,seasoning,,扩展食材,seasoning,0,1,verified,1,调味料
7210,铺火锅底料,other_food,,扩展食材,other_food,0,1,review,1,菜谱实际使用名称，待进一步规范
7211,铺菜籽油,seasoning,,扩展食材,seasoning,0,1,verified,3,调味料
7212,铺豆瓣酱,seasoning,,扩展食材,seasoning,0,1,verified,2,调味料
7213,铺辣干碟,other_food,,扩展食材,other_food,0,1,review,1,菜谱实际使用名称，待进一步规范
7214,铺麻辣肠,processed,,扩展食材,processed,0,1,verified,1,加工、半成品、乳制品或饮品
7215,锅装得下排骨,other_food,,扩展食材,other_food,0,1,review,1,菜谱实际使用名称，待进一步规范
7216,锅边片,other_food,,扩展食材,other_food,0,1,review,1,菜谱实际使用名称，待进一步规范
7217,锅铲蚝油,seasoning,,扩展食材,seasoning,0,1,verified,1,调味料
7218,锡箔纸,other_food,,扩展食材,other_food,0,1,review,1,菜谱实际使用名称，待进一步规范
7219,锡纸,non_food,,扩展食材,non_food,0,0,review,2,疑似工具、包装或操作说明
7220,镇江醋,seasoning,,扩展食材,seasoning,0,1,verified,1,调味料
7221,镇江香醋,seasoning,,扩展食材,seasoning,0,1,verified,2,调味料
7222,镜鱼,other_food,,扩展食材,other_food,0,1,review,1,菜谱实际使用名称，待进一步规范
7223,长大葱/小葱丝,composite,,扩展食材,composite,0,1,review,1,疑似复合名称，组成未完全确认
7224,长方形厚豆干或者四块正方形厚豆干豆干,processed,,扩展食材,processed,0,1,verified,1,加工、半成品、乳制品或饮品
7225,长条五花肉,other_food,,扩展食材,other_food,0,1,review,1,菜谱实际使用名称，待进一步规范
7226,长条紫皮茄子,other_food,,扩展食材,other_food,0,1,review,1,菜谱实际使用名称，待进一步规范
7227,长条茄子,other_food,,扩展食材,other_food,0,1,review,1,菜谱实际使用名称，待进一步规范
7228,长条青椒,other_food,,扩展食材,other_food,0,1,review,1,菜谱实际使用名称，待进一步规范
7229,长椒,other_food,,扩展食材,other_food,0,1,review,1,菜谱实际使用名称，待进一步规范
7230,长白萝卜,other_food,,扩展食材,other_food,0,1,review,1,菜谱实际使用名称，待进一步规范
7231,长粒香米,other_food,,扩展食材,other_food,0,1,review,1,菜谱实际使用名称，待进一步规范
7232,长线椒,other_food,,扩展食材,other_food,0,1,review,1,菜谱实际使用名称，待进一步规范
7233,长茄,other_food,,扩展食材,other_food,0,1,review,2,菜谱实际使用名称，待进一步规范
7234,长茄子,other_food,,扩展食材,other_food,0,1,review,18,菜谱实际使用名称，待进一步规范
7235,长茄子或圆茄子,composite,,扩展食材,composite,0,1,review,1,疑似复合名称，组成未完全确认
7236,长茄子🍆,other_food,,扩展食材,other_food,0,1,review,2,菜谱实际使用名称，待进一步规范
7237,长豆,other_food,,扩展食材,other_food,0,1,review,2,菜谱实际使用名称，待进一步规范
7238,长豆角,other_food,,扩展食材,other_food,0,1,review,12,菜谱实际使用名称，待进一步规范
7239,长长丝瓜,other_food,,扩展食材,other_food,0,1,review,1,菜谱实际使用名称，待进一步规范
7240,长青/红椒丝,composite,,扩展食材,composite,0,1,review,1,疑似复合名称，组成未完全确认
7241,长青椒,other_food,,扩展食材,other_food,0,1,review,5,菜谱实际使用名称，待进一步规范
7242,长鸡爪,other_food,,扩展食材,other_food,0,1,review,1,菜谱实际使用名称，待进一步规范
7243,闽正南美白虾仁,other_food,,扩展食材,other_food,0,1,review,1,菜谱实际使用名称，待进一步规范
7244,阉鸡,other_food,,扩展食材,other_food,0,1,review,1,菜谱实际使用名称，待进一步规范
7245,阪烧酱汁,other_food,,扩展食材,other_food,0,1,review,1,菜谱实际使用名称，待进一步规范
7246,阳江豆豉,seasoning,,扩展食材,seasoning,0,1,verified,3,调味料
7247,阳江豆鼓,other_food,,扩展食材,other_food,0,1,review,2,菜谱实际使用名称，待进一步规范
7248,阿根廷大虾,other_food,,扩展食材,other_food,0,1,review,1,菜谱实际使用名称，待进一步规范
7249,阿根廷红虾或者黑虎虾,composite,,扩展食材,composite,0,1,review,1,疑似复合名称，组成未完全确认
7250,阿胶,other_food,,扩展食材,other_food,0,1,review,2,菜谱实际使用名称，待进一步规范
7251,阿魏菇,other_food,,扩展食材,other_food,0,1,review,1,菜谱实际使用名称，待进一步规范
7252,陆阿姨汤馆姬松茸竹荪菌菇汤包,other_food,,扩展食材,other_food,0,1,review,1,菜谱实际使用名称，待进一步规范
7253,陈克明热干面,other_food,,扩展食材,other_food,0,1,review,1,菜谱实际使用名称，待进一步规范
7254,陈皮,seasoning,,扩展食材,seasoning,0,1,verified,23,调味料
7255,陈皮丝,other_food,,扩展食材,other_food,0,1,review,1,菜谱实际使用名称，待进一步规范
7256,陈醋,seasoning,,扩展食材,seasoning,0,1,verified,109,调味料
7257,陈醋半,other_food,,扩展食材,other_food,0,1,review,1,菜谱实际使用名称，待进一步规范
7258,陈醋完整三分之一,other_food,,扩展食材,other_food,0,1,review,1,菜谱实际使用名称，待进一步规范
7259,陈醋或香醋,seasoning,,扩展食材,seasoning,0,1,verified,1,调味料
7260,陈醋醋,seasoning,,扩展食材,seasoning,0,1,verified,1,调味料
7261,陈醋量一半就行味极鲜,other_food,,扩展食材,other_food,0,1,review,1,菜谱实际使用名称，待进一步规范
7262,限盐勺盐,other_food,,扩展食材,other_food,0,1,review,1,菜谱实际使用名称，待进一步规范
7263,陴县豆瓣,other_food,,扩展食材,other_food,0,1,review,1,菜谱实际使用名称，待进一步规范
7264,陶华碧老干妈,other_food,,扩展食材,other_food,0,1,review,1,菜谱实际使用名称，待进一步规范
7265,陶瓷小勺子料酒,seasoning,,扩展食材,seasoning,0,1,verified,1,调味料
7266,陶瓷小勺子酱油/生抽,composite,,扩展食材,composite,0,1,review,1,疑似复合名称，组成未完全确认
7267,随个人口味木糖醇,other_food,,扩展食材,other_food,0,1,review,1,菜谱实际使用名称，待进一步规范
7268,随个人口味生抽,other_food,,扩展食材,other_food,0,1,review,1,菜谱实际使用名称，待进一步规范
7269,随个人口味食油,seasoning,,扩展食材,seasoning,0,1,verified,1,调味料
7270,随你喜欢菜🥬,other_food,,扩展食材,other_food,0,1,review,1,菜谱实际使用名称，待进一步规范
7271,随你肉糜,other_food,,扩展食材,other_food,0,1,review,1,菜谱实际使用名称，待进一步规范
7272,随便.根据你自己口味.反正我是弄超级辣辣椒,other_food,,扩展食材,other_food,0,1,review,1,菜谱实际使用名称，待进一步规范
7273,随便什么油,seasoning,,扩展食材,seasoning,0,1,verified,1,调味料
7274,随便克羊肉,other_food,,扩展食材,other_food,0,1,review,1,菜谱实际使用名称，待进一步规范
7275,随便几个鸡蛋,other_food,,扩展食材,other_food,0,1,review,1,菜谱实际使用名称，待进一步规范
7276,随便啦……葱,other_food,,扩展食材,other_food,0,1,review,1,菜谱实际使用名称，待进一步规范
7277,随便抓薏仁,other_food,,扩展食材,other_food,0,1,review,1,菜谱实际使用名称，待进一步规范
7278,随便放不放黑木耳,other_food,,扩展食材,other_food,0,1,review,1,菜谱实际使用名称，待进一步规范
7279,随便来点看心情各类杂菇,generic,,扩展食材,generic,0,1,review,1,宽泛名称，保留原义而不猜测具体品种
7280,随便盐,other_food,,扩展食材,other_food,0,1,review,1,菜谱实际使用名称，待进一步规范
7281,随便豇豆,other_food,,扩展食材,other_food,0,1,review,1,菜谱实际使用名称，待进一步规范
7282,随便量白萝卜,other_food,,扩展食材,other_food,0,1,review,1,菜谱实际使用名称，待进一步规范
7283,随便香菜,other_food,,扩展食材,other_food,0,1,review,1,菜谱实际使用名称，待进一步规范
7284,随便鸡精,other_food,,扩展食材,other_food,0,1,review,1,菜谱实际使用名称，待进一步规范
7285,随口味调节芥末,other_food,,扩展食材,other_food,0,1,review,1,菜谱实际使用名称，待进一步规范
7286,随喜其他香料,generic,,扩展食材,generic,0,1,review,1,宽泛名称，保留原义而不猜测具体品种
7287,随喜好大蒜粉,other_food,,扩展食材,other_food,0,1,review,1,菜谱实际使用名称，待进一步规范
7288,随喜好胡椒粉,other_food,,扩展食材,other_food,0,1,review,1,菜谱实际使用名称，待进一步规范
7289,随喜虾,other_food,,扩展食材,other_food,0,1,review,1,菜谱实际使用名称，待进一步规范
7290,随己白糖,other_food,,扩展食材,other_food,0,1,review,1,菜谱实际使用名称，待进一步规范
7291,随心放番茄酱,seasoning,,扩展食材,seasoning,0,1,verified,1,调味料
7292,随手抓虾皮,processed,,扩展食材,processed,0,1,verified,1,加工、半成品、乳制品或饮品
7293,随机,other_food,,扩展食材,other_food,0,1,review,1,菜谱实际使用名称，待进一步规范
7294,随缘吧油,seasoning,,扩展食材,seasoning,0,1,verified,1,调味料
7295,随缘姜丝,other_food,,扩展食材,other_food,0,1,review,1,菜谱实际使用名称，待进一步规范
7296,随缘香油,seasoning,,扩展食材,seasoning,0,1,verified,1,调味料
7297,随自己喜好,other_food,,扩展食材,other_food,0,1,review,1,菜谱实际使用名称，待进一步规范
7298,随豆腐猪油,seasoning,,扩展食材,seasoning,0,1,verified,1,调味料
7299,随量生姜,other_food,,扩展食材,other_food,0,1,review,1,菜谱实际使用名称，待进一步规范
7300,隔夜米饭,processed,,扩展食材,processed,0,1,verified,1,加工、半成品、乳制品或饮品
7301,隔夜饭,other_food,,扩展食材,other_food,0,1,review,6,菜谱实际使用名称，待进一步规范
7302,雁鹅菌,other_food,,扩展食材,other_food,0,1,review,1,菜谱实际使用名称，待进一步规范
7303,雪梅,other_food,,扩展食材,other_food,0,1,review,1,菜谱实际使用名称，待进一步规范
7304,雪碧,other_food,,扩展食材,other_food,0,1,review,3,菜谱实际使用名称，待进一步规范
7305,雪菜,processed,,扩展食材,processed,0,1,verified,16,加工、半成品、乳制品或饮品
7306,雪里蕻,other_food,,扩展食材,other_food,0,1,review,4,菜谱实际使用名称，待进一步规范
7307,雪里蕻/雪菜,processed,,扩展食材,processed,0,1,verified,1,加工、半成品、乳制品或饮品
7308,零度可乐,processed,,扩展食材,processed,0,1,verified,1,加工、半成品、乳制品或饮品
7309,雷笋,other_food,,扩展食材,other_food,0,1,review,2,菜谱实际使用名称，待进一步规范
7310,需多些油,seasoning,,扩展食材,seasoning,0,1,verified,1,调味料
7311,霉干菜,other_food,,扩展食材,other_food,0,1,review,1,菜谱实际使用名称，待进一步规范
7312,霸王花,other_food,,扩展食材,other_food,0,1,review,1,菜谱实际使用名称，待进一步规范
7313,青/红椒,composite,,扩展食材,composite,0,1,review,2,疑似复合名称，组成未完全确认
7314,青/红花椒,composite,,扩展食材,composite,0,1,review,1,疑似复合名称，组成未完全确认
7315,青口,other_food,,扩展食材,other_food,0,1,review,3,菜谱实际使用名称，待进一步规范
7316,青咖喱调料包,other_food,,扩展食材,other_food,0,1,review,1,菜谱实际使用名称，待进一步规范
7317,青咸菜,processed,,扩展食材,processed,0,1,verified,1,加工、半成品、乳制品或饮品
7318,青圆椒,other_food,,扩展食材,other_food,0,1,review,4,菜谱实际使用名称，待进一步规范
7319,青岛大对虾,other_food,,扩展食材,other_food,0,1,review,1,菜谱实际使用名称，待进一步规范
7320,青提,other_food,,扩展食材,other_food,0,1,review,1,菜谱实际使用名称，待进一步规范
7321,青木瓜,other_food,,扩展食材,other_food,0,1,review,1,菜谱实际使用名称，待进一步规范
7322,青杭椒,other_food,,扩展食材,other_food,0,1,review,2,菜谱实际使用名称，待进一步规范
7323,青柠,other_food,,扩展食材,other_food,0,1,review,6,菜谱实际使用名称，待进一步规范
7324,青柠汁,seasoning,,扩展食材,seasoning,0,1,verified,1,调味料
7325,青桔,other_food,,扩展食材,other_food,0,1,review,1,菜谱实际使用名称，待进一步规范
7326,青梅沙拉汁,seasoning,,扩展食材,seasoning,0,1,verified,1,调味料
7327,青梅酒,seasoning,,扩展食材,seasoning,0,1,verified,1,调味料
7328,青椒&红椒,composite,,扩展食材,composite,0,1,review,1,疑似复合名称，组成未完全确认
7329,青椒/尖椒,composite,,扩展食材,composite,0,1,review,1,疑似复合名称，组成未完全确认
7330,青椒半,other_food,,扩展食材,other_food,0,1,review,1,菜谱实际使用名称，待进一步规范
7331,青椒圈,other_food,,扩展食材,other_food,0,1,review,1,菜谱实际使用名称，待进一步规范
7332,青椒或其他辣椒,generic,,扩展食材,generic,0,1,review,1,宽泛名称，保留原义而不猜测具体品种
7333,青椒或小辣椒,composite,,扩展食材,composite,0,1,review,1,疑似复合名称，组成未完全确认
7334,青椒或尖椒,composite,,扩展食材,composite,0,1,review,1,疑似复合名称，组成未完全确认
7335,青椒或者小米辣,composite,,扩展食材,composite,0,1,review,1,疑似复合名称，组成未完全确认
7336,青椒红椒,composite,,扩展食材,composite,0,1,verified,3,明确多食材组合，组成见桥接表
7337,青椒🌶️,other_food,,扩展食材,other_food,0,1,review,1,菜谱实际使用名称，待进一步规范
7338,青榄,other_food,,扩展食材,other_food,0,1,review,1,菜谱实际使用名称，待进一步规范
7339,青毛豆,other_food,,扩展食材,other_food,0,1,review,1,菜谱实际使用名称，待进一步规范
7340,青灯笼椒,other_food,,扩展食材,other_food,0,1,review,1,菜谱实际使用名称，待进一步规范
7341,青甘蓝,other_food,,扩展食材,other_food,0,1,review,1,菜谱实际使用名称，待进一步规范
7342,青甜椒,other_food,,扩展食材,other_food,0,1,review,1,菜谱实际使用名称，待进一步规范
7343,青番茄,other_food,,扩展食材,other_food,0,1,review,1,菜谱实际使用名称，待进一步规范
7344,青笋,other_food,,扩展食材,other_food,0,1,review,8,菜谱实际使用名称，待进一步规范
7345,青红剁椒,processed,,扩展食材,processed,0,1,verified,1,加工、半成品、乳制品或饮品
7346,青红尖椒,other_food,,扩展食材,other_food,0,1,review,1,菜谱实际使用名称，待进一步规范
7347,青红椒,composite,,扩展食材,composite,0,1,verified,28,明确多食材组合，组成见桥接表
7348,青红椒不辣,other_food,,扩展食材,other_food,0,1,review,1,菜谱实际使用名称，待进一步规范
7349,青红椒丝,other_food,,扩展食材,other_food,0,1,review,2,菜谱实际使用名称，待进一步规范
7350,青红椒各,other_food,,扩展食材,other_food,0,1,review,1,菜谱实际使用名称，待进一步规范
7351,青红米辣椒,other_food,,扩展食材,other_food,0,1,review,1,菜谱实际使用名称，待进一步规范
7352,青红线椒,other_food,,扩展食材,other_food,0,1,review,1,菜谱实际使用名称，待进一步规范
7353,青红花椒,seasoning,,扩展食材,seasoning,0,1,verified,2,调味料
7354,青红辣椒,composite,,扩展食材,composite,0,1,verified,13,明确多食材组合，组成见桥接表
7355,青红辣椒丝,other_food,,扩展食材,other_food,0,1,review,1,菜谱实际使用名称，待进一步规范
7356,青红辣椒圈,other_food,,扩展食材,other_food,0,1,review,1,菜谱实际使用名称，待进一步规范
7357,青线椒,other_food,,扩展食材,other_food,0,1,review,13,菜谱实际使用名称，待进一步规范
7358,青花椒,seasoning,,扩展食材,seasoning,0,1,verified,10,调味料
7359,青花椒油,seasoning,,扩展食材,seasoning,0,1,verified,1,调味料
7360,青花椒花椒,seasoning,,扩展食材,seasoning,0,1,verified,1,调味料
7361,青花椒面,seasoning,,扩展食材,seasoning,0,1,verified,1,调味料
7362,青芸豆,other_food,,扩展食材,other_food,0,1,review,1,菜谱实际使用名称，待进一步规范
7363,青苹果,other_food,,扩展食材,other_food,0,1,review,2,菜谱实际使用名称，待进一步规范
7364,青茄子,other_food,,扩展食材,other_food,0,1,review,1,菜谱实际使用名称，待进一步规范
7365,青菜,generic,,蔬菜,季节数据补充,0,1,review,80,宽泛名称，保留原义而不猜测具体品种
7366,青菜仔,other_food,,扩展食材,other_food,0,1,review,1,菜谱实际使用名称，待进一步规范
7367,青菜叶,other_food,,扩展食材,other_food,0,1,review,1,菜谱实际使用名称，待进一步规范
7368,青菜椒,other_food,,扩展食材,other_food,0,1,review,3,菜谱实际使用名称，待进一步规范
7369,青菜葱花,other_food,,扩展食材,other_food,0,1,review,1,菜谱实际使用名称，待进一步规范
7370,青蒜叶,other_food,,扩展食材,other_food,0,1,review,6,菜谱实际使用名称，待进一步规范
7371,青蒜叶子,other_food,,扩展食材,other_food,0,1,review,1,菜谱实际使用名称，待进一步规范
7372,青蒜或小葱,composite,,扩展食材,composite,0,1,review,1,疑似复合名称，组成未完全确认
7373,青蒜苗,other_food,,扩展食材,other_food,0,1,review,7,菜谱实际使用名称，待进一步规范
7374,青虾仁,other_food,,扩展食材,other_food,0,1,review,3,菜谱实际使用名称，待进一步规范
7375,青蚕豆,other_food,,扩展食材,other_food,0,1,review,1,菜谱实际使用名称，待进一步规范
7376,青蛙,other_food,,扩展食材,other_food,0,1,review,1,菜谱实际使用名称，待进一步规范
7377,青豆/土豆,composite,,扩展食材,composite,0,1,review,1,疑似复合名称，组成未完全确认
7378,青豆子,other_food,,扩展食材,other_food,0,1,review,1,菜谱实际使用名称，待进一步规范
7379,青豆玉米,other_food,,扩展食材,other_food,0,1,review,1,菜谱实际使用名称，待进一步规范
7380,青豆玉米粒,other_food,,扩展食材,other_food,0,1,review,1,菜谱实际使用名称，待进一步规范
7381,青豆粒,other_food,,扩展食材,other_food,0,1,review,3,菜谱实际使用名称，待进一步规范
7382,青豌豆,other_food,,扩展食材,other_food,0,1,review,3,菜谱实际使用名称，待进一步规范
7383,青辣子,other_food,,扩展食材,other_food,0,1,review,1,菜谱实际使用名称，待进一步规范
7384,青辣椒圈,other_food,,扩展食材,other_food,0,1,review,1,菜谱实际使用名称，待进一步规范
7385,青阳辣椒,other_food,,扩展食材,other_food,0,1,review,1,菜谱实际使用名称，待进一步规范
7386,青鱼干,processed,,扩展食材,processed,0,1,verified,1,加工、半成品、乳制品或饮品
7387,青麻椒,seasoning,,扩展食材,seasoning,0,1,verified,1,调味料
7388,非必要生抽,other_food,,扩展食材,other_food,0,1,review,1,菜谱实际使用名称，待进一步规范
7389,非必要老抽,other_food,,扩展食材,other_food,0,1,review,1,菜谱实际使用名称，待进一步规范
7390,面,other_food,,扩展食材,other_food,0,1,review,5,菜谱实际使用名称，待进一步规范
7391,面勺面,other_food,,扩展食材,other_food,0,1,review,1,菜谱实际使用名称，待进一步规范
7392,面包,processed,,扩展食材,processed,0,1,verified,1,加工、半成品、乳制品或饮品
7393,面包粉,processed,,扩展食材,processed,0,1,verified,1,加工、半成品、乳制品或饮品
7394,面包糠,processed,,扩展食材,processed,0,1,verified,21,加工、半成品、乳制品或饮品
7395,面包糠或鹰嘴豆粉,processed,,扩展食材,processed,0,1,verified,1,加工、半成品、乳制品或饮品
7396,面团,other_food,,扩展食材,other_food,0,1,review,3,菜谱实际使用名称，待进一步规范
7397,面团配料如下,other_food,,扩展食材,other_food,0,1,review,1,菜谱实际使用名称，待进一步规范
7398,面条,processed,,扩展食材,processed,0,1,verified,46,加工、半成品、乳制品或饮品
7399,面汤,other_food,,扩展食材,other_food,0,1,review,1,菜谱实际使用名称，待进一步规范
7400,面瓜,other_food,,扩展食材,other_food,0,1,review,1,菜谱实际使用名称，待进一步规范
7401,面皮＃,other_food,,扩展食材,other_food,0,1,review,1,菜谱实际使用名称，待进一步规范
7402,面筋,processed,,扩展食材,processed,0,1,verified,11,加工、半成品、乳制品或饮品
7403,面筋泡,processed,,扩展食材,processed,0,1,verified,1,加工、半成品、乳制品或饮品
7404,面筋肠,processed,,扩展食材,processed,0,1,verified,1,加工、半成品、乳制品或饮品
7405,面粉,processed,,扩展食材,processed,0,1,verified,209,加工、半成品、乳制品或饮品
7406,面粉水,processed,,扩展食材,processed,0,1,verified,1,加工、半成品、乳制品或饮品
7407,面粉都可,processed,,扩展食材,processed,0,1,verified,1,加工、半成品、乳制品或饮品
7408,面糊,other_food,,扩展食材,other_food,0,1,review,1,菜谱实际使用名称，待进一步规范
7409,面调料,seasoning,,扩展食材,seasoning,0,1,verified,1,调味料
7410,面酱,seasoning,,扩展食材,seasoning,0,1,verified,2,调味料
7411,面饼,other_food,,扩展食材,other_food,0,1,review,2,菜谱实际使用名称，待进一步规范
7412,韧豆腐,processed,,扩展食材,processed,0,1,verified,3,加工、半成品、乳制品或饮品
7413,韩国农心爆炒海鲜面,other_food,,扩展食材,other_food,0,1,review,1,菜谱实际使用名称，待进一步规范
7414,韩国大酱,seasoning,,扩展食材,seasoning,0,1,verified,4,调味料
7415,韩国大酱/东北黄豆酱,seasoning,,扩展食材,seasoning,0,1,verified,1,调味料
7416,韩国泡菜,processed,,扩展食材,processed,0,1,verified,1,加工、半成品、乳制品或饮品
7417,韩国辣椒酱,seasoning,,扩展食材,seasoning,0,1,verified,3,调味料
7418,韩国辣炒年糕周一晚餐,processed,,扩展食材,processed,0,1,verified,1,加工、半成品、乳制品或饮品
7419,韩国辣酱,seasoning,,扩展食材,seasoning,0,1,verified,13,调味料
7420,韩式大酱,seasoning,,扩展食材,seasoning,0,1,verified,2,调味料
7421,韩式泡菜,processed,,扩展食材,processed,0,1,verified,1,加工、半成品、乳制品或饮品
7422,韩式泡菜酱,seasoning,,扩展食材,seasoning,0,1,verified,1,调味料
7423,韩式烧烤酱,seasoning,,扩展食材,seasoning,0,1,verified,1,调味料
7424,韩式糖稀,other_food,,扩展食材,other_food,0,1,review,1,菜谱实际使用名称，待进一步规范
7425,韩式辣椒粉,seasoning,,扩展食材,seasoning,0,1,verified,2,调味料
7426,韩式辣椒酱,seasoning,,扩展食材,seasoning,0,1,verified,5,调味料
7427,韩式辣白菜,other_food,,扩展食材,other_food,0,1,review,2,菜谱实际使用名称，待进一步规范
7428,韩式辣酱,seasoning,,扩展食材,seasoning,0,1,verified,12,调味料
7429,韩式辣酱版,other_food,,扩展食材,other_food,0,1,review,1,菜谱实际使用名称，待进一步规范
7430,韩式高汤,seasoning,,扩展食材,seasoning,0,1,verified,1,调味料
7431,韩式黄豆酱,seasoning,,扩展食材,seasoning,0,1,verified,1,调味料
7432,韭芽,other_food,,扩展食材,other_food,0,1,review,1,菜谱实际使用名称，待进一步规范
7433,韭苔,other_food,,扩展食材,other_food,0,1,review,1,菜谱实际使用名称，待进一步规范
7434,韭苗,other_food,,扩展食材,other_food,0,1,review,1,菜谱实际使用名称，待进一步规范
7435,韭菜一小把,other_food,,扩展食材,other_food,0,1,review,1,菜谱实际使用名称，待进一步规范
7436,韭菜心,other_food,,扩展食材,other_food,0,1,review,1,菜谱实际使用名称，待进一步规范
7437,韭菜或者小葱,composite,,扩展食材,composite,0,1,review,1,疑似复合名称，组成未完全确认
7438,韭菜或葱或芹菜等香料,composite,,扩展食材,composite,0,1,review,1,疑似复合名称，组成未完全确认
7439,韭菜杆,other_food,,扩展食材,other_food,0,1,review,1,菜谱实际使用名称，待进一步规范
7440,韭菜花,other_food,,扩展食材,other_food,0,1,review,11,菜谱实际使用名称，待进一步规范
7441,韭菜花半,other_food,,扩展食材,other_food,0,1,review,1,菜谱实际使用名称，待进一步规范
7442,韭菜苔,other_food,,扩展食材,other_food,0,1,review,6,菜谱实际使用名称，待进一步规范
7443,顆紅葱頭,other_food,,扩展食材,other_food,0,1,review,1,菜谱实际使用名称，待进一步规范
7444,顆雞蛋,other_food,,扩展食材,other_food,0,1,review,1,菜谱实际使用名称，待进一步规范
7445,页圆白菜,other_food,,扩展食材,other_food,0,1,review,1,菜谱实际使用名称，待进一步规范
7446,顿量宜长豆角,other_food,,扩展食材,other_food,0,1,review,1,菜谱实际使用名称，待进一步规范
7447,额外可选材料,other_food,,扩展食材,other_food,0,1,review,1,菜谱实际使用名称，待进一步规范
7448,风味豆豉,seasoning,,扩展食材,seasoning,0,1,verified,2,调味料
7449,风干泰国辣椒,other_food,,扩展食材,other_food,0,1,review,1,菜谱实际使用名称，待进一步规范
7450,风干蕃茄干,other_food,,扩展食材,other_food,0,1,review,1,菜谱实际使用名称，待进一步规范
7451,风干鸡,other_food,,扩展食材,other_food,0,1,review,1,菜谱实际使用名称，待进一步规范
7452,风肉,other_food,,扩展食材,other_food,0,1,review,1,菜谱实际使用名称，待进一步规范
7453,风鳗鱼干,processed,,扩展食材,processed,0,1,verified,1,加工、半成品、乳制品或饮品
7454,飞马味粉,other_food,,扩展食材,other_food,0,1,review,1,菜谱实际使用名称，待进一步规范
7455,食勺米醋,seasoning,,扩展食材,seasoning,0,1,verified,1,调味料
7456,食小苏打,seasoning,,扩展食材,seasoning,0,1,verified,3,调味料
7457,食指拇指中指合捏一小撮或茶包红茶,processed,,扩展食材,processed,0,1,verified,1,加工、半成品、乳制品或饮品
7458,食指长一段白萝卜,other_food,,扩展食材,other_food,0,1,review,1,菜谱实际使用名称，待进一步规范
7459,食材,other_food,,扩展食材,other_food,0,1,review,25,菜谱实际使用名称，待进一步规范
7460,食材三倍量水,other_food,,扩展食材,other_food,0,1,review,1,菜谱实际使用名称，待进一步规范
7461,食植物油,seasoning,,扩展食材,seasoning,0,1,verified,2,调味料
7462,食水,other_food,,扩展食材,other_food,0,1,review,1,菜谱实际使用名称，待进一步规范
7463,食油/橄榄油,seasoning,,扩展食材,seasoning,0,1,verified,1,调味料
7464,食油盐鸡精,other_food,,扩展食材,other_food,0,1,review,1,菜谱实际使用名称，待进一步规范
7465,食油食油,seasoning,,扩展食材,seasoning,0,1,verified,1,调味料
7466,食玉米油,seasoning,,扩展食材,seasoning,0,1,verified,1,调味料
7467,食用油,seasoning,,扩展食材,seasoning,0,1,verified,414,调味料
7468,食碱,seasoning,,扩展食材,seasoning,0,1,verified,1,调味料
7469,食花生油,seasoning,,扩展食材,seasoning,0,1,verified,2,调味料
7470,食苏打,other_food,,扩展食材,other_food,0,1,review,1,菜谱实际使用名称，待进一步规范
7471,食薄荷,other_food,,扩展食材,other_food,0,1,review,1,菜谱实际使用名称，待进一步规范
7472,食醋,seasoning,,扩展食材,seasoning,0,1,verified,2,调味料
7473,飯,other_food,,扩展食材,other_food,0,1,review,1,菜谱实际使用名称，待进一步规范
7474,饭勺小红辣椒粉,other_food,,扩展食材,other_food,0,1,review,1,菜谱实际使用名称，待进一步规范
7475,饭勺淀粉,processed,,扩展食材,processed,0,1,verified,1,加工、半成品、乳制品或饮品
7476,饭勺热油,seasoning,,扩展食材,seasoning,0,1,verified,1,调味料
7477,饭勺熟白芝麻,processed,,扩展食材,processed,0,1,verified,1,加工、半成品、乳制品或饮品
7478,饭勺生抽,seasoning,,扩展食材,seasoning,0,1,verified,1,调味料
7479,饭勺白糖,other_food,,扩展食材,other_food,0,1,review,1,菜谱实际使用名称，待进一步规范
7480,饭勺辣椒粉,other_food,,扩展食材,other_food,0,1,review,1,菜谱实际使用名称，待进一步规范
7481,饭勺辣椒酱,seasoning,,扩展食材,seasoning,0,1,verified,1,调味料
7482,饭勺酱油,seasoning,,扩展食材,seasoning,0,1,verified,1,调味料
7483,饭勺香醋,seasoning,,扩展食材,seasoning,0,1,verified,1,调味料
7484,饭匙鸡高汤,other_food,,扩展食材,other_food,0,1,review,1,菜谱实际使用名称，待进一步规范
7485,饭碗凉水,other_food,,扩展食材,other_food,0,1,review,1,菜谱实际使用名称，待进一步规范
7486,饭碗水,other_food,,扩展食材,other_food,0,1,review,1,菜谱实际使用名称，待进一步规范
7487,饭碗蒸鱼豉油,seasoning,,扩展食材,seasoning,0,1,verified,1,调味料
7488,饭碗虾仁,other_food,,扩展食材,other_food,0,1,review,1,菜谱实际使用名称，待进一步规范
7489,饭酱,seasoning,,扩展食材,seasoning,0,1,verified,1,调味料
7490,饮料水,processed,,扩展食材,processed,0,1,verified,1,加工、半成品、乳制品或饮品
7491,饮水,other_food,,扩展食材,other_food,0,1,review,9,菜谱实际使用名称，待进一步规范
7492,饰,other_food,,扩展食材,other_food,0,1,review,2,菜谱实际使用名称，待进一步规范
7493,饰小葱,other_food,,扩展食材,other_food,0,1,review,1,菜谱实际使用名称，待进一步规范
7494,饰小香葱,other_food,,扩展食材,other_food,0,1,review,1,菜谱实际使用名称，待进一步规范
7495,饰淡奶油,seasoning,,扩展食材,seasoning,0,1,verified,1,调味料
7496,饰白芝麻,other_food,,扩展食材,other_food,0,1,review,1,菜谱实际使用名称，待进一步规范
7497,饰红椒粒,other_food,,扩展食材,other_food,0,1,review,1,菜谱实际使用名称，待进一步规范
7498,饰芝麻,other_food,,扩展食材,other_food,0,1,review,2,菜谱实际使用名称，待进一步规范
7499,饰芝麻菜,other_food,,扩展食材,other_food,0,1,review,1,菜谱实际使用名称，待进一步规范
7500,饰葱花,other_food,,扩展食材,other_food,0,1,review,2,菜谱实际使用名称，待进一步规范
7501,饰豌豆片,other_food,,扩展食材,other_food,0,1,review,1,菜谱实际使用名称，待进一步规范
7502,饰香芹叶,other_food,,扩展食材,other_food,0,1,review,1,菜谱实际使用名称，待进一步规范
7503,饰香菜,other_food,,扩展食材,other_food,0,1,review,1,菜谱实际使用名称，待进一步规范
7504,饰香菜葱,other_food,,扩展食材,other_food,0,1,review,1,菜谱实际使用名称，待进一步规范
7505,饰香葱,other_food,,扩展食材,other_food,0,1,review,1,菜谱实际使用名称，待进一步规范
7506,饺子,processed,,扩展食材,processed,0,1,verified,1,加工、半成品、乳制品或饮品
7507,饺子后剩下肉肉馅,processed,,扩展食材,processed,0,1,verified,1,加工、半成品、乳制品或饮品
7508,饺子料,processed,,扩展食材,processed,0,1,verified,1,加工、半成品、乳制品或饮品
7509,饺子皮,processed,,扩展食材,processed,0,1,verified,11,加工、半成品、乳制品或饮品
7510,饼丝,other_food,,扩展食材,other_food,0,1,review,5,菜谱实际使用名称，待进一步规范
7511,饼紫菜,other_food,,扩展食材,other_food,0,1,review,1,菜谱实际使用名称，待进一步规范
7512,饼霸王花米粉,processed,,扩展食材,processed,0,1,verified,1,加工、半成品、乳制品或饮品
7513,馄饨皮,processed,,扩展食材,processed,0,1,verified,4,加工、半成品、乳制品或饮品
7514,馄饨皮材料,processed,,扩展食材,processed,0,1,verified,1,加工、半成品、乳制品或饮品
7515,馅,other_food,,扩展食材,other_food,0,1,review,2,菜谱实际使用名称，待进一步规范
7516,馅料,other_food,,扩展食材,other_food,0,1,review,2,菜谱实际使用名称，待进一步规范
7517,馅料配菜如下,other_food,,扩展食材,other_food,0,1,review,1,菜谱实际使用名称，待进一步规范
7518,馅料＃,other_food,,扩展食材,other_food,0,1,review,1,菜谱实际使用名称，待进一步规范
7519,馋嘴蛙调味料,seasoning,,扩展食材,seasoning,0,1,verified,1,调味料
7520,馒头,processed,,扩展食材,processed,0,1,verified,4,加工、半成品、乳制品或饮品
7521,馒头片,processed,,扩展食材,processed,0,1,verified,1,加工、半成品、乳制品或饮品
7522,首选黄灯笼辣椒酱,seasoning,,扩展食材,seasoning,0,1,verified,1,调味料
7523,香,other_food,,扩展食材,other_food,0,1,review,4,菜谱实际使用名称，待进一步规范
7524,香其酱,seasoning,,扩展食材,seasoning,0,1,verified,2,调味料
7525,香叶,seasoning,,扩展食材,seasoning,0,1,verified,273,调味料
7526,香叶桂皮,seasoning,,扩展食材,seasoning,0,1,verified,1,调味料
7527,香叶桂皮花椒等,other_food,,扩展食材,other_food,0,1,review,1,菜谱实际使用名称，待进一步规范
7528,香叶🍂,other_food,,扩展食材,other_food,0,1,review,1,菜谱实际使用名称，待进一步规范
7529,香味,other_food,,扩展食材,other_food,0,1,review,2,菜谱实际使用名称，待进一步规范
7530,香姜,other_food,,扩展食材,other_food,0,1,review,1,菜谱实际使用名称，待进一步规范
7531,香干,processed,,扩展食材,processed,0,1,verified,27,加工、半成品、乳制品或饮品
7532,香料,other_food,,扩展食材,other_food,0,1,review,5,菜谱实际使用名称，待进一步规范
7533,香料包部分,other_food,,扩展食材,other_food,0,1,review,1,菜谱实际使用名称，待进一步规范
7534,香料撒料,other_food,,扩展食材,other_food,0,1,review,1,菜谱实际使用名称，待进一步规范
7535,香料碎,other_food,,扩展食材,other_food,0,1,review,1,菜谱实际使用名称，待进一步规范
7536,香椿叶,other_food,,扩展食材,other_food,0,1,review,1,菜谱实际使用名称，待进一步规范
7537,香椿拌豆腐,processed,,扩展食材,processed,0,1,verified,1,加工、半成品、乳制品或饮品
7538,香油,seasoning,,扩展食材,seasoning,0,1,verified,535,调味料
7539,香油或五香粉,composite,,扩展食材,composite,0,1,review,1,疑似复合名称，组成未完全确认
7540,香油或辣椒油或红油,seasoning,,扩展食材,seasoning,0,1,verified,1,调味料
7541,香油麻油低钠酱油,seasoning,,扩展食材,seasoning,0,1,verified,1,调味料
7542,香烟,other_food,,扩展食材,other_food,0,1,review,1,菜谱实际使用名称，待进一步规范
7543,香甜醋,seasoning,,扩展食材,seasoning,0,1,verified,1,调味料
7544,香肠,processed,,扩展食材,processed,0,1,verified,51,加工、半成品、乳制品或饮品
7545,香肠火腿肠,processed,,扩展食材,processed,0,1,verified,1,加工、半成品、乳制品或饮品
7546,香芋头,other_food,,扩展食材,other_food,0,1,review,1,菜谱实际使用名称，待进一步规范
7547,香芹粒,other_food,,扩展食材,other_food,0,1,review,1,菜谱实际使用名称，待进一步规范
7548,香芹菜,other_food,,扩展食材,other_food,0,1,review,1,菜谱实际使用名称，待进一步规范
7549,香芹香料,other_food,,扩展食材,other_food,0,1,review,1,菜谱实际使用名称，待进一步规范
7550,香茅,seasoning,,扩展食材,seasoning,0,1,verified,10,调味料
7551,香茅草,seasoning,,扩展食材,seasoning,0,1,verified,2,调味料
7552,香草果,seasoning,,扩展食材,seasoning,0,1,verified,1,调味料
7553,香莱,other_food,,扩展食材,other_food,0,1,review,1,菜谱实际使用名称，待进一步规范
7554,香莴笋,other_food,,扩展食材,other_food,0,1,review,1,菜谱实际使用名称，待进一步规范
7555,香菇丸,other_food,,扩展食材,other_food,0,1,review,1,菜谱实际使用名称，待进一步规范
7556,香菇切丁,other_food,,扩展食材,other_food,0,1,review,1,菜谱实际使用名称，待进一步规范
7557,香菇干,other_food,,扩展食材,other_food,0,1,review,5,菜谱实际使用名称，待进一步规范
7558,香菇或口蘑,composite,,扩展食材,composite,0,1,review,1,疑似复合名称，组成未完全确认
7559,香菇木耳干,other_food,,扩展食材,other_food,0,1,review,1,菜谱实际使用名称，待进一步规范
7560,香菇杏鲍菇,other_food,,扩展食材,other_food,0,1,review,1,菜谱实际使用名称，待进一步规范
7561,香菇水,other_food,,扩展食材,other_food,0,1,review,2,菜谱实际使用名称，待进一步规范
7562,香菇粉/蔬菜精,composite,,扩展食材,composite,0,1,review,1,疑似复合名称，组成未完全确认
7563,香菇素耗油,seasoning,,扩展食材,seasoning,0,1,verified,1,调味料
7564,香菇肉酱,seasoning,,扩展食材,seasoning,0,1,verified,1,调味料
7565,香菇豆豉酱,seasoning,,扩展食材,seasoning,0,1,verified,1,调味料
7566,香菇酱,seasoning,,扩展食材,seasoning,0,1,verified,2,调味料
7567,香菇鸡蓉汤料,other_food,,扩展食材,other_food,0,1,review,1,菜谱实际使用名称，待进一步规范
7568,香菇黑木耳,other_food,,扩展食材,other_food,0,1,review,1,菜谱实际使用名称，待进一步规范
7569,香菜切几下,other_food,,扩展食材,other_food,0,1,review,1,菜谱实际使用名称，待进一步规范
7570,香菜和葱,composite,,扩展食材,composite,0,1,verified,1,明确多食材组合，组成见桥接表
7571,香菜头,other_food,,扩展食材,other_food,0,1,review,1,菜谱实际使用名称，待进一步规范
7572,香菜或柿子青椒醋,seasoning,,扩展食材,seasoning,0,1,verified,1,调味料
7573,香菜或者葱花,composite,,扩展食材,composite,0,1,review,1,疑似复合名称，组成未完全确认
7574,香菜或香葱,composite,,扩展食材,composite,0,1,review,1,疑似复合名称，组成未完全确认
7575,香菜提味,other_food,,扩展食材,other_food,0,1,review,1,菜谱实际使用名称，待进一步规范
7576,香菜根,other_food,,扩展食材,other_food,0,1,review,2,菜谱实际使用名称，待进一步规范
7577,香菜根儿,other_food,,扩展食材,other_food,0,1,review,1,菜谱实际使用名称，待进一步规范
7578,香菜梗,other_food,,扩展食材,other_food,0,1,review,2,菜谱实际使用名称，待进一步规范
7579,香菜沫,other_food,,扩展食材,other_food,0,1,review,2,菜谱实际使用名称，待进一步规范
7580,香菜粒,other_food,,扩展食材,other_food,0,1,review,1,菜谱实际使用名称，待进一步规范
7581,香菜芝麻,other_food,,扩展食材,other_food,0,1,review,1,菜谱实际使用名称，待进一步规范
7582,香菜葱白,other_food,,扩展食材,other_food,0,1,review,1,菜谱实际使用名称，待进一步规范
7583,香菜葱芝麻,other_food,,扩展食材,other_food,0,1,review,1,菜谱实际使用名称，待进一步规范
7584,香菜葱花,other_food,,扩展食材,other_food,0,1,review,1,菜谱实际使用名称，待进一步规范
7585,香菜蒜末小葱,other_food,,扩展食材,other_food,0,1,review,1,菜谱实际使用名称，待进一步规范
7586,香菜🌿,other_food,,扩展食材,other_food,0,1,review,2,菜谱实际使用名称，待进一步规范
7587,香葱/小葱,composite,,扩展食材,composite,0,1,review,1,疑似复合名称，组成未完全确认
7588,香葱叶,other_food,,扩展食材,other_food,0,1,review,1,菜谱实际使用名称，待进一步规范
7589,香葱或香菜,composite,,扩展食材,composite,0,1,review,1,疑似复合名称，组成未完全确认
7590,香葱葱,other_food,,扩展食材,other_food,0,1,review,1,菜谱实际使用名称，待进一步规范
7591,香葱香菜,other_food,,扩展食材,other_food,0,1,review,1,菜谱实际使用名称，待进一步规范
7592,香蒜,other_food,,扩展食材,other_food,0,1,review,1,菜谱实际使用名称，待进一步规范
7593,香蒜片,other_food,,扩展食材,other_food,0,1,review,1,菜谱实际使用名称，待进一步规范
7594,香蒜苗,other_food,,扩展食材,other_food,0,1,review,1,菜谱实际使用名称，待进一步规范
7595,香螺,other_food,,扩展食材,other_food,0,1,review,1,菜谱实际使用名称，待进一步规范
7596,香辣汁,other_food,,扩展食材,other_food,0,1,review,1,菜谱实际使用名称，待进一步规范
7597,香辣烤肉酱,seasoning,,扩展食材,seasoning,0,1,verified,1,调味料
7598,香辣牛肉酱或者火锅底料,composite,,扩展食材,composite,0,1,review,1,疑似复合名称，组成未完全确认
7599,香辣菜,other_food,,扩展食材,other_food,0,1,review,1,菜谱实际使用名称，待进一步规范
7600,香辣豆豉,seasoning,,扩展食材,seasoning,0,1,verified,1,调味料
7601,香辣酥,other_food,,扩展食材,other_food,0,1,review,1,菜谱实际使用名称，待进一步规范
7602,香辣酱,seasoning,,扩展食材,seasoning,0,1,verified,7,调味料
7603,香辣金针菇,other_food,,扩展食材,other_food,0,1,review,1,菜谱实际使用名称，待进一步规范
7604,香酥花生,other_food,,扩展食材,other_food,0,1,review,1,菜谱实际使用名称，待进一步规范
7605,香醋,seasoning,,扩展食材,seasoning,0,1,verified,90,调味料
7606,香醋/老陈醋,seasoning,,扩展食材,seasoning,0,1,verified,1,调味料
7607,香页,other_food,,扩展食材,other_food,0,1,review,1,菜谱实际使用名称，待进一步规范
7608,香麻油,seasoning,,扩展食材,seasoning,0,1,verified,1,调味料
7609,马苏里拉,other_food,,扩展食材,other_food,0,1,review,1,菜谱实际使用名称，待进一步规范
7610,马苏里拉奶酪,processed,,扩展食材,processed,0,1,verified,2,加工、半成品、乳制品或饮品
7611,马苏里拉水浸小球,other_food,,扩展食材,other_food,0,1,review,1,菜谱实际使用名称，待进一步规范
7612,马苏里拉芝士,processed,,扩展食材,processed,0,1,verified,3,加工、半成品、乳制品或饮品
7613,马蹄笋,other_food,,扩展食材,other_food,0,1,review,1,菜谱实际使用名称，待进一步规范
7614,马铃薯淀粉,seasoning,,扩展食材,seasoning,0,1,verified,1,调味料
7615,马鲛鱼丸,processed,,扩展食材,processed,0,1,verified,1,加工、半成品、乳制品或饮品
7616,骨,other_food,,扩展食材,other_food,0,1,review,215,菜谱实际使用名称，待进一步规范
7617,骨/鸡/鸡骨/瘦肉/扇骨,composite,,扩展食材,composite,0,1,review,1,疑似复合名称，组成未完全确认
7618,骨头,other_food,,扩展食材,other_food,0,1,review,5,菜谱实际使用名称，待进一步规范
7619,骨或猪棒骨,composite,,扩展食材,composite,0,1,review,1,疑似复合名称，组成未完全确认
7620,骨汤,other_food,,扩展食材,other_food,0,1,review,2,菜谱实际使用名称，待进一步规范
7621,骨汤或者水,composite,,扩展食材,composite,0,1,review,1,疑似复合名称，组成未完全确认
7622,骨汤料包,other_food,,扩展食材,other_food,0,1,review,1,菜谱实际使用名称，待进一步规范
7623,骨没看,other_food,,扩展食材,other_food,0,1,review,1,菜谱实际使用名称，待进一步规范
7624,骨部分,other_food,,扩展食材,other_food,0,1,review,1,菜谱实际使用名称，待进一步规范
7625,骨酱,seasoning,,扩展食材,seasoning,0,1,verified,1,调味料
7626,高丽参,other_food,,扩展食材,other_food,0,1,review,1,菜谱实际使用名称，待进一步规范
7627,高山细竹笋,other_food,,扩展食材,other_food,0,1,review,1,菜谱实际使用名称，待进一步规范
7628,高度曲酒,seasoning,,扩展食材,seasoning,0,1,verified,1,调味料
7629,高度白酒,seasoning,,扩展食材,seasoning,0,1,verified,11,调味料
7630,高汤,seasoning,,扩展食材,seasoning,0,1,verified,52,调味料
7631,高汤/水,composite,,扩展食材,composite,0,1,review,2,疑似复合名称，组成未完全确认
7632,高汤或水,seasoning,,扩展食材,seasoning,0,1,verified,1,调味料
7633,高汤或清水,seasoning,,扩展食材,seasoning,0,1,verified,1,调味料
7634,高汤或热水,seasoning,,扩展食材,seasoning,0,1,verified,1,调味料
7635,高汤或者清水,seasoning,,扩展食材,seasoning,0,1,verified,1,调味料
7636,高汤精,seasoning,,扩展食材,seasoning,0,1,verified,1,调味料
7637,高筋粉,other_food,,扩展食材,other_food,0,1,review,1,菜谱实际使用名称，待进一步规范
7638,高筋面粉,processed,,扩展食材,processed,0,1,verified,6,加工、半成品、乳制品或饮品
7639,高粱酒,seasoning,,扩展食材,seasoning,0,1,verified,3,调味料
7640,高颜值土豆,other_food,,扩展食材,other_food,0,1,review,1,菜谱实际使用名称，待进一步规范
7641,高颜值长茄子,other_food,,扩展食材,other_food,0,1,review,1,菜谱实际使用名称，待进一步规范
7642,高鲜,other_food,,扩展食材,other_food,0,1,review,1,菜谱实际使用名称，待进一步规范
7643,魔芋,generic,,扩展食材,generic,0,1,review,14,宽泛名称，保留原义而不猜测具体品种
7644,魔芋丝,other_food,,扩展食材,other_food,0,1,review,16,菜谱实际使用名称，待进一步规范
7645,魔芋粉丝,processed,,扩展食材,processed,0,1,verified,3,加工、半成品、乳制品或饮品
7646,魔芋结,other_food,,扩展食材,other_food,0,1,review,1,菜谱实际使用名称，待进一步规范
7647,魔芋面,other_food,,扩展食材,other_food,0,1,review,1,菜谱实际使用名称，待进一步规范
7648,鱼,generic,,时令食材,季节数据补充,0,1,review,31,宽泛名称，保留原义而不猜测具体品种
7649,鱼丸,processed,,扩展食材,processed,0,1,verified,13,加工、半成品、乳制品或饮品
7650,鱼丸鱼豆腐脆皮肠,processed,,扩展食材,processed,0,1,verified,1,加工、半成品、乳制品或饮品
7651,鱼佐料,other_food,,扩展食材,other_food,0,1,review,1,菜谱实际使用名称，待进一步规范
7652,鱼圆,other_food,,扩展食材,other_food,0,1,review,1,菜谱实际使用名称，待进一步规范
7653,鱼头,generic,,扩展食材,generic,0,1,review,16,宽泛名称，保留原义而不猜测具体品种
7654,鱼子酱,seasoning,,扩展食材,seasoning,0,1,verified,1,调味料
7655,鱼干,processed,,扩展食材,processed,0,1,verified,8,加工、半成品、乳制品或饮品
7656,鱼干/咸鱼,processed,,扩展食材,processed,0,1,verified,1,加工、半成品、乳制品或饮品
7657,鱼排,generic,,扩展食材,generic,0,1,review,1,宽泛名称，保留原义而不猜测具体品种
7658,鱼滑,processed,,扩展食材,processed,0,1,verified,1,加工、半成品、乳制品或饮品
7659,鱼片,generic,,扩展食材,generic,0,1,review,1,宽泛名称，保留原义而不猜测具体品种
7660,鱼籽,other_food,,扩展食材,other_food,0,1,review,7,菜谱实际使用名称，待进一步规范
7661,鱼籽包丸子,processed,,扩展食材,processed,0,1,verified,1,加工、半成品、乳制品或饮品
7662,鱼糕,processed,,扩展食材,processed,0,1,verified,2,加工、半成品、乳制品或饮品
7663,鱼翅,processed,,扩展食材,processed,0,1,verified,1,加工、半成品、乳制品或饮品
7664,鱼肉,generic,,扩展食材,generic,0,1,review,4,宽泛名称，保留原义而不猜测具体品种
7665,鱼肉火腿肠,processed,,扩展食材,processed,0,1,verified,1,加工、半成品、乳制品或饮品
7666,鱼肉部分,other_food,,扩展食材,other_food,0,1,review,1,菜谱实际使用名称，待进一步规范
7667,鱼肉鲜,other_food,,扩展食材,other_food,0,1,review,1,菜谱实际使用名称，待进一步规范
7668,鱼肚,other_food,,扩展食材,other_food,0,1,review,2,菜谱实际使用名称，待进一步规范
7669,鱼腥草干/新鲜也可,composite,,扩展食材,composite,0,1,review,1,疑似复合名称，组成未完全确认
7670,鱼腩,other_food,,扩展食材,other_food,0,1,review,3,菜谱实际使用名称，待进一步规范
7671,鱼调料,seasoning,,扩展食材,seasoning,0,1,verified,2,调味料
7672,鱼豆腐,processed,,扩展食材,processed,0,1,verified,15,加工、半成品、乳制品或饮品
7673,鱼豉油,seasoning,,扩展食材,seasoning,0,1,verified,1,调味料
7674,鱼露,seasoning,,扩展食材,seasoning,0,1,verified,36,调味料
7675,鱼露/生抽,composite,,扩展食材,composite,0,1,review,1,疑似复合名称，组成未完全确认
7676,鱼露或蒸鱼豉油,seasoning,,扩展食材,seasoning,0,1,verified,1,调味料
7677,鱼露或食盐,composite,,扩展食材,composite,0,1,review,1,疑似复合名称，组成未完全确认
7678,鱼面,other_food,,扩展食材,other_food,0,1,review,1,菜谱实际使用名称，待进一步规范
7679,鱼面筋,processed,,扩展食材,processed,0,1,verified,1,加工、半成品、乳制品或饮品
7680,鱼饺,other_food,,扩展食材,other_food,0,1,review,2,菜谱实际使用名称，待进一步规范
7681,鱼饼,processed,,扩展食材,processed,0,1,verified,3,加工、半成品、乳制品或饮品
7682,鱼香味料,other_food,,扩展食材,other_food,0,1,review,1,菜谱实际使用名称，待进一步规范
7683,鱼香汁,seasoning,,扩展食材,seasoning,0,1,verified,1,调味料
7684,鱼香酱汁,other_food,,扩展食材,other_food,0,1,review,1,菜谱实际使用名称，待进一步规范
7685,鱼骨,other_food,,扩展食材,other_food,0,1,review,1,菜谱实际使用名称，待进一步规范
7686,鱼鱼,other_food,,扩展食材,other_food,0,1,review,1,菜谱实际使用名称，待进一步规范
7687,鱼鱼籽,other_food,,扩展食材,other_food,0,1,review,1,菜谱实际使用名称，待进一步规范
7688,鱿鱼仔,other_food,,扩展食材,other_food,0,1,review,1,菜谱实际使用名称，待进一步规范
7689,鱿鱼卷,other_food,,扩展食材,other_food,0,1,review,3,菜谱实际使用名称，待进一步规范
7690,鱿鱼干,processed,,扩展食材,processed,0,1,verified,3,加工、半成品、乳制品或饮品
7691,鱿鱼腿,other_food,,扩展食材,other_food,0,1,review,1,菜谱实际使用名称，待进一步规范
7692,鱿鱼花,other_food,,扩展食材,other_food,0,1,review,1,菜谱实际使用名称，待进一步规范
7693,鱿鱼足,other_food,,扩展食材,other_food,0,1,review,1,菜谱实际使用名称，待进一步规范
7694,鱿鱼🦑,other_food,,扩展食材,other_food,0,1,review,1,菜谱实际使用名称，待进一步规范
7695,鲁花自然鲜酱油,seasoning,,扩展食材,seasoning,0,1,verified,1,调味料
7696,鲁花酱油,seasoning,,扩展食材,seasoning,0,1,verified,1,调味料
7697,鲍汁,seasoning,,扩展食材,seasoning,0,1,verified,3,调味料
7698,鲍鱼汁,seasoning,,扩展食材,seasoning,0,1,verified,8,调味料
7699,鲍鱼精酿啤酒,seasoning,,扩展食材,seasoning,0,1,verified,1,调味料
7700,鲐鲅鱼,other_food,,扩展食材,other_food,0,1,review,1,菜谱实际使用名称，待进一步规范
7701,鲗鱼,other_food,,扩展食材,other_food,0,1,review,2,菜谱实际使用名称，待进一步规范
7702,鲜侣,other_food,,扩展食材,other_food,0,1,review,1,菜谱实际使用名称，待进一步规范
7703,鲜后腿肉,other_food,,扩展食材,other_food,0,1,review,1,菜谱实际使用名称，待进一步规范
7704,鲜味汁,seasoning,,扩展食材,seasoning,0,1,verified,1,调味料
7705,鲜味生抽,seasoning,,扩展食材,seasoning,0,1,verified,1,调味料
7706,鲜味酱油,seasoning,,扩展食材,seasoning,0,1,verified,3,调味料
7707,鲜土茯苓,other_food,,扩展食材,other_food,0,1,review,1,菜谱实际使用名称，待进一步规范
7708,鲜奶,processed,,扩展食材,processed,0,1,verified,1,加工、半成品、乳制品或饮品
7709,鲜姜片,other_food,,扩展食材,other_food,0,1,review,1,菜谱实际使用名称，待进一步规范
7710,鲜椒酱,seasoning,,扩展食材,seasoning,0,1,verified,2,调味料
7711,鲜榨橙汁,seasoning,,扩展食材,seasoning,0,1,verified,1,调味料
7712,鲜汤,other_food,,扩展食材,other_food,0,1,review,1,菜谱实际使用名称，待进一步规范
7713,鲜油面筋,processed,,扩展食材,processed,0,1,verified,1,加工、半成品、乳制品或饮品
7714,鲜活嘎鱼,other_food,,扩展食材,other_food,0,1,review,1,菜谱实际使用名称，待进一步规范
7715,鲜活昂刺鱼,other_food,,扩展食材,other_food,0,1,review,1,菜谱实际使用名称，待进一步规范
7716,鲜活白虾,other_food,,扩展食材,other_food,0,1,review,1,菜谱实际使用名称，待进一步规范
7717,鲜疏粉,other_food,,扩展食材,other_food,0,1,review,1,菜谱实际使用名称，待进一步规范
7718,鲜笋,other_food,,扩展食材,other_food,0,1,review,3,菜谱实际使用名称，待进一步规范
7719,鲜红青椒,other_food,,扩展食材,other_food,0,1,review,1,菜谱实际使用名称，待进一步规范
7720,鲜老鸭,other_food,,扩展食材,other_food,0,1,review,1,菜谱实际使用名称，待进一步规范
7721,鲜肉,generic,,扩展食材,generic,0,1,review,2,宽泛名称，保留原义而不猜测具体品种
7722,鲜腐竹,processed,,扩展食材,processed,0,1,verified,1,加工、半成品、乳制品或饮品
7723,鲜花椒,seasoning,,扩展食材,seasoning,0,1,verified,1,调味料
7724,鲜茅根,other_food,,扩展食材,other_food,0,1,review,1,菜谱实际使用名称，待进一步规范
7725,鲜藤椒,seasoning,,扩展食材,seasoning,0,1,verified,1,调味料
7726,鲜蘑,other_food,,扩展食材,other_food,0,1,review,3,菜谱实际使用名称，待进一步规范
7727,鲜蘑菇,other_food,,扩展食材,other_food,0,1,review,1,菜谱实际使用名称，待进一步规范
7728,鲜虾丸,processed,,扩展食材,processed,0,1,verified,1,加工、半成品、乳制品或饮品
7729,鲜虾鱼板面粉包,processed,,扩展食材,processed,0,1,verified,1,加工、半成品、乳制品或饮品
7730,鲜豆皮,processed,,扩展食材,processed,0,1,verified,1,加工、半成品、乳制品或饮品
7731,鲜豆腐,processed,,扩展食材,processed,0,1,verified,1,加工、半成品、乳制品或饮品
7732,鲜辣味粉,other_food,,扩展食材,other_food,0,1,review,1,菜谱实际使用名称，待进一步规范
7733,鲜辣粉,other_food,,扩展食材,other_food,0,1,review,3,菜谱实际使用名称，待进一步规范
7734,鲜酱油,seasoning,,扩展食材,seasoning,0,1,verified,8,调味料
7735,鲜里脊肉,other_food,,扩展食材,other_food,0,1,review,1,菜谱实际使用名称，待进一步规范
7736,鲜面,other_food,,扩展食材,other_food,0,1,review,1,菜谱实际使用名称，待进一步规范
7737,鲜高汤,other_food,,扩展食材,other_food,0,1,review,1,菜谱实际使用名称，待进一步规范
7738,鲜鱼,other_food,,扩展食材,other_food,0,1,review,2,菜谱实际使用名称，待进一步规范
7739,鲜鱼肉,other_food,,扩展食材,other_food,0,1,review,1,菜谱实际使用名称，待进一步规范
7740,鲜鱿,other_food,,扩展食材,other_food,0,1,review,1,菜谱实际使用名称，待进一步规范
7741,鲜鸡汁,seasoning,,扩展食材,seasoning,0,1,verified,4,调味料
7742,鲜黑木耳,other_food,,扩展食材,other_food,0,1,review,1,菜谱实际使用名称，待进一步规范
7743,鲣魚屑,other_food,,扩展食材,other_food,0,1,review,1,菜谱实际使用名称，待进一步规范
7744,鲣鱼片,other_food,,扩展食材,other_food,0,1,review,1,菜谱实际使用名称，待进一步规范
7745,鲩鱼肉,other_food,,扩展食材,other_food,0,1,review,1,菜谱实际使用名称，待进一步规范
7746,鲫鱼子,other_food,,扩展食材,other_food,0,1,review,2,菜谱实际使用名称，待进一步规范
7747,鲫鱼泡,other_food,,扩展食材,other_food,0,1,review,1,菜谱实际使用名称，待进一步规范
7748,鲮鱼滑,processed,,扩展食材,processed,0,1,verified,1,加工、半成品、乳制品或饮品
7749,鲮鱼罐头,processed,,扩展食材,processed,0,1,verified,2,加工、半成品、乳制品或饮品
7750,鲮鱼肉泥,other_food,,扩展食材,other_food,0,1,review,1,菜谱实际使用名称，待进一步规范
7751,鲮鱼肉滑,processed,,扩展食材,processed,0,1,verified,1,加工、半成品、乳制品或饮品
7752,鲶鱼,other_food,,扩展食材,other_food,0,1,review,10,菜谱实际使用名称，待进一步规范
7753,鲷鱼,other_food,,扩展食材,other_food,0,1,review,2,菜谱实际使用名称，待进一步规范
7754,鲽鱼身,other_food,,扩展食材,other_food,0,1,review,1,菜谱实际使用名称，待进一步规范
7755,鳄梨酱,seasoning,,扩展食材,seasoning,0,1,verified,1,调味料
7756,鳕鱼骨,other_food,,扩展食材,other_food,0,1,review,1,菜谱实际使用名称，待进一步规范
7757,鳙鱼头,other_food,,扩展食材,other_food,0,1,review,1,菜谱实际使用名称，待进一步规范
7758,鳙鱼泡,other_food,,扩展食材,other_food,0,1,review,1,菜谱实际使用名称，待进一步规范
7759,鳝丝,other_food,,扩展食材,other_food,0,1,review,1,菜谱实际使用名称，待进一步规范
7760,鳝丝黄鳝,other_food,,扩展食材,other_food,0,1,review,1,菜谱实际使用名称，待进一步规范
7761,鳞鱼,other_food,,扩展食材,other_food,0,1,review,1,菜谱实际使用名称，待进一步规范
7762,鸟贝,other_food,,扩展食材,other_food,0,1,review,1,菜谱实际使用名称，待进一步规范
7763,鸡二分之一,other_food,,扩展食材,other_food,0,1,review,1,菜谱实际使用名称，待进一步规范
7764,鸡公煲酱料,seasoning,,扩展食材,seasoning,0,1,verified,1,调味料
7765,鸡大胸,other_food,,扩展食材,other_food,0,1,review,4,菜谱实际使用名称，待进一步规范
7766,鸡大胸肉,other_food,,扩展食材,other_food,0,1,review,2,菜谱实际使用名称，待进一步规范
7767,鸡大腿肉,other_food,,扩展食材,other_food,0,1,review,1,菜谱实际使用名称，待进一步规范
7768,鸡大腿🦵,other_food,,扩展食材,other_food,0,1,review,1,菜谱实际使用名称，待进一步规范
7769,鸡小胸,other_food,,扩展食材,other_food,0,1,review,1,菜谱实际使用名称，待进一步规范
7770,鸡排,other_food,,扩展食材,other_food,0,1,review,1,菜谱实际使用名称，待进一步规范
7771,鸡杂,other_food,,扩展食材,other_food,0,1,review,4,菜谱实际使用名称，待进一步规范
7772,鸡架,other_food,,扩展食材,other_food,0,1,review,3,菜谱实际使用名称，待进一步规范
7773,鸡柳,other_food,,扩展食材,other_food,0,1,review,1,菜谱实际使用名称，待进一步规范
7774,鸡水量,other_food,,扩展食材,other_food,0,1,review,1,菜谱实际使用名称，待进一步规范
7775,鸡汁,seasoning,,扩展食材,seasoning,0,1,verified,17,调味料
7776,鸡汤,other_food,,扩展食材,other_food,0,1,review,13,菜谱实际使用名称，待进一步规范
7777,鸡汤或鸡精,composite,,扩展食材,composite,0,1,review,1,疑似复合名称，组成未完全确认
7778,鸡油,seasoning,,扩展食材,seasoning,0,1,verified,3,调味料
7779,鸡爪鸡骨,other_food,,扩展食材,other_food,0,1,review,1,菜谱实际使用名称，待进一步规范
7780,鸡珍,other_food,,扩展食材,other_food,0,1,review,1,菜谱实际使用名称，待进一步规范
7781,鸡米花,other_food,,扩展食材,other_food,0,1,review,1,菜谱实际使用名称，待进一步规范
7782,鸡米芽菜,processed,,扩展食材,processed,0,1,verified,1,加工、半成品、乳制品或饮品
7783,鸡粉,other_food,,扩展食材,other_food,0,1,review,80,菜谱实际使用名称，待进一步规范
7784,鸡粉/鸡汁,composite,,扩展食材,composite,0,1,review,1,疑似复合名称，组成未完全确认
7785,鸡精,seasoning,,扩展食材,seasoning,0,1,verified,797,调味料
7786,鸡精/高汤粉,composite,,扩展食材,composite,0,1,review,1,疑似复合名称，组成未完全确认
7787,鸡精味精,seasoning,,扩展食材,seasoning,0,1,verified,2,调味料
7788,鸡精或味精,seasoning,,扩展食材,seasoning,0,1,verified,3,调味料
7789,鸡精或蔬菜精,composite,,扩展食材,composite,0,1,review,1,疑似复合名称，组成未完全确认
7790,鸡精盐,seasoning,,扩展食材,seasoning,0,1,verified,1,调味料
7791,鸡精盐酱油耗油,seasoning,,扩展食材,seasoning,0,1,verified,1,调味料
7792,鸡精粉,seasoning,,扩展食材,seasoning,0,1,verified,1,调味料
7793,鸡纵菌,other_food,,扩展食材,other_food,0,1,review,1,菜谱实际使用名称，待进一步规范
7794,鸡翅鸡腿,composite,,扩展食材,composite,0,1,verified,1,明确多食材组合，组成见桥接表
7795,鸡翼,other_food,,扩展食材,other_food,0,1,review,2,菜谱实际使用名称，待进一步规范
7796,鸡肉丸,processed,,扩展食材,processed,0,1,verified,2,加工、半成品、乳制品或饮品
7797,鸡肉类料,other_food,,扩展食材,other_food,0,1,review,1,菜谱实际使用名称，待进一步规范
7798,鸡肾,other_food,,扩展食材,other_food,0,1,review,1,菜谱实际使用名称，待进一步规范
7799,鸡胗或者鸭胗,composite,,扩展食材,composite,0,1,review,1,疑似复合名称，组成未完全确认
7800,鸡胗焯水,non_food,,扩展食材,non_food,0,0,review,1,疑似工具、包装或操作说明
7801,鸡胸/鸡腿肉,composite,,扩展食材,composite,0,1,review,1,疑似复合名称，组成未完全确认
7802,鸡胸或者鸡腿,composite,,扩展食材,composite,0,1,review,1,疑似复合名称，组成未完全确认
7803,鸡胸肉/瘦肉,composite,,扩展食材,composite,0,1,review,1,疑似复合名称，组成未完全确认
7804,鸡胸肉/鸡腿肉,composite,,扩展食材,composite,0,1,review,1,疑似复合名称，组成未完全确认
7805,鸡胸肉丸,processed,,扩展食材,processed,0,1,verified,1,加工、半成品、乳制品或饮品
7806,鸡胸肉丸子,processed,,扩展食材,processed,0,1,verified,1,加工、半成品、乳制品或饮品
7807,鸡胸肉切丁,other_food,,扩展食材,other_food,0,1,review,1,菜谱实际使用名称，待进一步规范
7808,鸡脆骨,other_food,,扩展食材,other_food,0,1,review,2,菜谱实际使用名称，待进一步规范
7809,鸡腰,other_food,,扩展食材,other_food,0,1,review,1,菜谱实际使用名称，待进一步规范
7810,鸡腿丸子,processed,,扩展食材,processed,0,1,verified,1,加工、半成品、乳制品或饮品
7811,鸡腿子,other_food,,扩展食材,other_food,0,1,review,1,菜谱实际使用名称，待进一步规范
7812,鸡腿排,other_food,,扩展食材,other_food,0,1,review,1,菜谱实际使用名称，待进一步规范
7813,鸡腿整腿肉,other_food,,扩展食材,other_food,0,1,review,1,菜谱实际使用名称，待进一步规范
7814,鸡腿料酒生姜片,other_food,,扩展食材,other_food,0,1,review,1,菜谱实际使用名称，待进一步规范
7815,鸡腿鸡腿,other_food,,扩展食材,other_food,0,1,review,3,菜谱实际使用名称，待进一步规范
7816,鸡膝软骨,other_food,,扩展食材,other_food,0,1,review,1,菜谱实际使用名称，待进一步规范
7817,鸡蛋/咸鸭蛋,processed,,扩展食材,processed,0,1,verified,1,加工、半成品、乳制品或饮品
7818,鸡蛋壳,other_food,,扩展食材,other_food,0,1,review,1,菜谱实际使用名称，待进一步规范
7819,鸡蛋壳水温开水,other_food,,扩展食材,other_food,0,1,review,1,菜谱实际使用名称，待进一步规范
7820,鸡蛋大小冰糖,seasoning,,扩展食材,seasoning,0,1,verified,1,调味料
7821,鸡蛋干,other_food,,扩展食材,other_food,0,1,review,4,菜谱实际使用名称，待进一步规范
7822,鸡蛋水,other_food,,扩展食材,other_food,0,1,review,1,菜谱实际使用名称，待进一步规范
7823,鸡蛋清.香油,seasoning,,扩展食材,seasoning,0,1,verified,1,调味料
7824,鸡蛋皮,other_food,,扩展食材,other_food,0,1,review,1,菜谱实际使用名称，待进一步规范
7825,鸡蛋蛋清,other_food,,扩展食材,other_food,0,1,review,1,菜谱实际使用名称，待进一步规范
7826,鸡蛋蛋清蛋清,other_food,,扩展食材,other_food,0,1,review,1,菜谱实际使用名称，待进一步规范
7827,鸡蛋豆腐,processed,,扩展食材,processed,0,1,verified,1,加工、半成品、乳制品或饮品
7828,鸡蛋饼丝,other_food,,扩展食材,other_food,0,1,review,1,菜谱实际使用名称，待进一步规范
7829,鸡蛋鸡蛋淀粉泡椒,processed,,扩展食材,processed,0,1,verified,1,加工、半成品、乳制品或饮品
7830,鸡蛋鸡蛋清,other_food,,扩展食材,other_food,0,1,review,1,菜谱实际使用名称，待进一步规范
7831,鸡蛋🥚,other_food,,扩展食材,other_food,0,1,review,4,菜谱实际使用名称，待进一步规范
7832,鸡里脊,other_food,,扩展食材,other_food,0,1,review,2,菜谱实际使用名称，待进一步规范
7833,鸡骨架,other_food,,扩展食材,other_food,0,1,review,4,菜谱实际使用名称，待进一步规范
7834,鸡高汤,seasoning,,扩展食材,seasoning,0,1,verified,1,调味料
7835,鸡鸡肉,other_food,,扩展食材,other_food,0,1,review,1,菜谱实际使用名称，待进一步规范
7836,鸡🐔,other_food,,扩展食材,other_food,0,1,review,1,菜谱实际使用名称，待进一步规范
7837,鸦片鱼,other_food,,扩展食材,other_food,0,1,review,1,菜谱实际使用名称，待进一步规范
7838,鸦片鱼头,other_food,,扩展食材,other_food,0,1,review,1,菜谱实际使用名称，待进一步规范
7839,鸭,other_food,,扩展食材,other_food,0,1,review,12,菜谱实际使用名称，待进一步规范
7840,鸭子,other_food,,时令食材,季节数据补充,0,1,review,7,菜谱实际使用名称，待进一步规范
7841,鸭子部分,other_food,,扩展食材,other_food,0,1,review,1,菜谱实际使用名称，待进一步规范
7842,鸭心,other_food,,扩展食材,other_food,0,1,review,2,菜谱实际使用名称，待进一步规范
7843,鸭掌鸭翅,other_food,,扩展食材,other_food,0,1,review,1,菜谱实际使用名称，待进一步规范
7844,鸭架,other_food,,扩展食材,other_food,0,1,review,1,菜谱实际使用名称，待进一步规范
7845,鸭油,seasoning,,扩展食材,seasoning,0,1,verified,1,调味料
7846,鸭珍,other_food,,扩展食材,other_food,0,1,review,1,菜谱实际使用名称，待进一步规范
7847,鸭肠,processed,,扩展食材,processed,0,1,verified,7,加工、半成品、乳制品或饮品
7848,鸭胗,other_food,,扩展食材,other_food,0,1,review,12,菜谱实际使用名称，待进一步规范
7849,鸭胸肉,other_food,,扩展食材,other_food,0,1,review,2,菜谱实际使用名称，待进一步规范
7850,鸭脖,other_food,,扩展食材,other_food,0,1,review,1,菜谱实际使用名称，待进一步规范
7851,鸭脯肉,other_food,,扩展食材,other_food,0,1,review,1,菜谱实际使用名称，待进一步规范
7852,鸭腰,other_food,,扩展食材,other_food,0,1,review,1,菜谱实际使用名称，待进一步规范
7853,鸭腿,other_food,,扩展食材,other_food,0,1,review,8,菜谱实际使用名称，待进一步规范
7854,鸭蛋或者鸡蛋,composite,,扩展食材,composite,0,1,review,1,疑似复合名称，组成未完全确认
7855,鸭蛋面,other_food,,扩展食材,other_food,0,1,review,1,菜谱实际使用名称，待进一步规范
7856,鸭边腿,other_food,,扩展食材,other_food,0,1,review,1,菜谱实际使用名称，待进一步规范
7857,鸽子,other_food,,扩展食材,other_food,0,1,review,5,菜谱实际使用名称，待进一步规范
7858,鸿联牌咖喱胆,other_food,,扩展食材,other_food,0,1,review,1,菜谱实际使用名称，待进一步规范
7859,鸿运当头茄汁猪扒,other_food,,扩展食材,other_food,0,1,review,1,菜谱实际使用名称，待进一步规范
7860,鹃城豆瓣酱,seasoning,,扩展食材,seasoning,0,1,verified,1,调味料
7861,鹅,other_food,,扩展食材,other_food,0,1,review,1,菜谱实际使用名称，待进一步规范
7862,鹅米豆,other_food,,扩展食材,other_food,0,1,review,1,菜谱实际使用名称，待进一步规范
7863,鹌鹑蛋🥚,other_food,,扩展食材,other_food,0,1,review,1,菜谱实际使用名称，待进一步规范
7864,鹽,other_food,,扩展食材,other_food,0,1,review,1,菜谱实际使用名称，待进一步规范
7865,鹿肉,other_food,,扩展食材,other_food,0,1,review,1,菜谱实际使用名称，待进一步规范
7866,鹿角菜,other_food,,扩展食材,other_food,0,1,review,1,菜谱实际使用名称，待进一步规范
7867,麦仁,other_food,,扩展食材,other_food,0,1,review,1,菜谱实际使用名称，待进一步规范
7868,麦冬,other_food,,扩展食材,other_food,0,1,review,3,菜谱实际使用名称，待进一步规范
7869,麦卢卡蜂蜜,seasoning,,扩展食材,seasoning,0,1,verified,1,调味料
7870,麦吉无糖蚝油,seasoning,,扩展食材,seasoning,0,1,verified,1,调味料
7871,麦片,other_food,,扩展食材,other_food,0,1,review,1,菜谱实际使用名称，待进一步规范
7872,麦粉,other_food,,扩展食材,other_food,0,1,review,4,菜谱实际使用名称，待进一步规范
7873,麦芹,other_food,,扩展食材,other_food,0,1,review,1,菜谱实际使用名称，待进一步规范
7874,麦芽糖,seasoning,,扩展食材,seasoning,0,1,verified,1,调味料
7875,麦青汁粉,other_food,,扩展食材,other_food,0,1,review,1,菜谱实际使用名称，待进一步规范
7876,麦麸皮粉,other_food,,扩展食材,other_food,0,1,review,1,菜谱实际使用名称，待进一步规范
7877,麻婆豆腐调料,seasoning,,扩展食材,seasoning,0,1,verified,1,调味料
7878,麻椒,seasoning,,扩展食材,seasoning,0,1,verified,36,调味料
7879,麻椒油,seasoning,,扩展食材,seasoning,0,1,verified,6,调味料
7880,麻椒粉,seasoning,,扩展食材,seasoning,0,1,verified,1,调味料
7881,麻椒粒,seasoning,,扩展食材,seasoning,0,1,verified,1,调味料
7882,麻椒面,seasoning,,扩展食材,seasoning,0,1,verified,1,调味料
7883,麻花,other_food,,扩展食材,other_food,0,1,review,1,菜谱实际使用名称，待进一步规范
7884,麻辣十八鲜,other_food,,扩展食材,other_food,0,1,review,1,菜谱实际使用名称，待进一步规范
7885,麻辣小龙虾料,other_food,,扩展食材,other_food,0,1,review,1,菜谱实际使用名称，待进一步规范
7886,麻辣川香汁,other_food,,扩展食材,other_food,0,1,review,2,菜谱实际使用名称，待进一步规范
7887,麻辣火锅底料,seasoning,,扩展食材,seasoning,0,1,verified,1,调味料
7888,麻辣牛肉干,processed,,扩展食材,processed,0,1,verified,1,加工、半成品、乳制品或饮品
7889,麻辣粉,other_food,,扩展食材,other_food,0,1,review,1,菜谱实际使用名称，待进一步规范
7890,麻辣酱,seasoning,,扩展食材,seasoning,0,1,verified,1,调味料
7891,麻辣香锅料,other_food,,扩展食材,other_food,0,1,review,1,菜谱实际使用名称，待进一步规范
7892,麻辣鲜,other_food,,扩展食材,other_food,0,1,review,2,菜谱实际使用名称，待进一步规范
7893,麻辣鲜/椒盐,composite,,扩展食材,composite,0,1,review,1,疑似复合名称，组成未完全确认
7894,麻酱,seasoning,,扩展食材,seasoning,0,1,verified,3,调味料
7895,麻鸡,other_food,,扩展食材,other_food,0,1,review,1,菜谱实际使用名称，待进一步规范
7896,麻鸭,other_food,,扩展食材,other_food,0,1,review,1,菜谱实际使用名称，待进一步规范
7897,黄丫角,other_food,,扩展食材,other_food,0,1,review,1,菜谱实际使用名称，待进一步规范
7898,黄冰糖,seasoning,,扩展食材,seasoning,0,1,verified,13,调味料
7899,黄咖喱酱,seasoning,,扩展食材,seasoning,0,1,verified,1,调味料
7900,黄天鹅鸡蛋,other_food,,扩展食材,other_food,0,1,review,3,菜谱实际使用名称，待进一步规范
7901,黄山笋尖,other_food,,扩展食材,other_food,0,1,review,1,菜谱实际使用名称，待进一步规范
7902,黄彩椒,other_food,,扩展食材,other_food,0,1,review,2,菜谱实际使用名称，待进一步规范
7903,黄心土豆,other_food,,扩展食材,other_food,0,1,review,1,菜谱实际使用名称，待进一步规范
7904,黄栀子,other_food,,扩展食材,other_food,0,1,review,1,菜谱实际使用名称，待进一步规范
7905,黄油,seasoning,,扩展食材,seasoning,0,1,verified,60,调味料
7906,黄油或普通食油,seasoning,,扩展食材,seasoning,0,1,verified,1,调味料
7907,黄泡椒,processed,,扩展食材,processed,0,1,verified,1,加工、半成品、乳制品或饮品
7908,黄灯笼椒,other_food,,扩展食材,other_food,0,1,review,1,菜谱实际使用名称，待进一步规范
7909,黄灯笼椒酱,seasoning,,扩展食材,seasoning,0,1,verified,1,调味料
7910,黄灯笼辣椒,other_food,,扩展食材,other_food,0,1,review,1,菜谱实际使用名称，待进一步规范
7911,黄灯笼辣椒酱,seasoning,,扩展食材,seasoning,0,1,verified,3,调味料
7912,黄灯笼辣酱,seasoning,,扩展食材,seasoning,0,1,verified,1,调味料
7913,黄片糖,seasoning,,扩展食材,seasoning,0,1,verified,1,调味料
7914,黄牙鱼,other_food,,扩展食材,other_food,0,1,review,1,菜谱实际使用名称，待进一步规范
7915,黄牛肉,other_food,,扩展食材,other_food,0,1,review,2,菜谱实际使用名称，待进一步规范
7916,黄瓜切片铺火锅盆底,other_food,,扩展食材,other_food,0,1,review,1,菜谱实际使用名称，待进一步规范
7917,黄瓜干,other_food,,扩展食材,other_food,0,1,review,1,菜谱实际使用名称，待进一步规范
7918,黄瓜钱,other_food,,扩展食材,other_food,0,1,review,1,菜谱实际使用名称，待进一步规范
7919,黄瓜🥒,other_food,,扩展食材,other_food,0,1,review,2,菜谱实际使用名称，待进一步规范
7920,黄甜椒,other_food,,扩展食材,other_food,0,1,review,3,菜谱实际使用名称，待进一步规范
7921,黄甲鱼,other_food,,扩展食材,other_food,0,1,review,1,菜谱实际使用名称，待进一步规范
7922,黄白苗,other_food,,扩展食材,other_food,0,1,review,1,菜谱实际使用名称，待进一步规范
7923,黄皮,other_food,,水果,季节数据补充,0,1,review,1,菜谱实际使用名称，待进一步规范
7924,黄皮叶,other_food,,扩展食材,other_food,0,1,review,1,菜谱实际使用名称，待进一步规范
7925,黄皮椒,other_food,,扩展食材,other_food,0,1,review,2,菜谱实际使用名称，待进一步规范
7926,黄粿,other_food,,扩展食材,other_food,0,1,review,1,菜谱实际使用名称，待进一步规范
7927,黄糖,seasoning,,扩展食材,seasoning,0,1,verified,2,调味料
7928,黄糖或红糖,seasoning,,扩展食材,seasoning,0,1,verified,1,调味料
7929,黄红圆椒,other_food,,扩展食材,other_food,0,1,review,1,菜谱实际使用名称，待进一步规范
7930,黄芪,other_food,,扩展食材,other_food,0,1,review,10,菜谱实际使用名称，待进一步规范
7931,黄花,other_food,,扩展食材,other_food,0,1,review,4,菜谱实际使用名称，待进一步规范
7932,黄芹,other_food,,扩展食材,other_food,0,1,review,1,菜谱实际使用名称，待进一步规范
7933,黄芽菜,processed,,扩展食材,processed,0,1,verified,1,加工、半成品、乳制品或饮品
7934,黄葱,other_food,,扩展食材,other_food,0,1,review,2,菜谱实际使用名称，待进一步规范
7935,黄蔗糖,seasoning,,扩展食材,seasoning,0,1,verified,1,调味料
7936,黄记煌海鲜汁,other_food,,扩展食材,other_food,0,1,review,3,菜谱实际使用名称，待进一步规范
7937,黄记煌照烧汁,seasoning,,扩展食材,seasoning,0,1,verified,3,调味料
7938,黄记煌藤椒汁,seasoning,,扩展食材,seasoning,0,1,verified,1,调味料
7939,黄记煌辣豉酱,seasoning,,扩展食材,seasoning,0,1,verified,1,调味料
7940,黄记煌酱汁,seasoning,,扩展食材,seasoning,0,1,verified,1,调味料
7941,黄记煌麻辣汁,other_food,,扩展食材,other_food,0,1,review,1,菜谱实际使用名称，待进一步规范
7942,黄豆做素肉粒,other_food,,扩展食材,other_food,0,1,review,1,菜谱实际使用名称，待进一步规范
7943,黄豆大小自己喜欢酱汁,other_food,,扩展食材,other_food,0,1,review,1,菜谱实际使用名称，待进一步规范
7944,黄豆粉,other_food,,扩展食材,other_food,0,1,review,2,菜谱实际使用名称，待进一步规范
7945,黄豆粒酱,seasoning,,扩展食材,seasoning,0,1,verified,1,调味料
7946,黄豆豆瓣酱,seasoning,,扩展食材,seasoning,0,1,verified,2,调味料
7947,黄豆酱,seasoning,,扩展食材,seasoning,0,1,verified,78,调味料
7948,黄豆酱油,seasoning,,扩展食材,seasoning,0,1,verified,5,调味料
7949,黄贡椒,other_food,,扩展食材,other_food,0,1,review,1,菜谱实际使用名称，待进一步规范
7950,黄辣丁,other_food,,扩展食材,other_food,0,1,review,1,菜谱实际使用名称，待进一步规范
7951,黄辣椒酱,seasoning,,扩展食材,seasoning,0,1,verified,2,调味料
7952,黄酒,seasoning,,扩展食材,seasoning,0,1,verified,77,调味料
7953,黄酒「煮肉时」,processed,,扩展食材,processed,0,1,verified,1,加工、半成品、乳制品或饮品
7954,黄酒或料酒,seasoning,,扩展食材,seasoning,0,1,verified,1,调味料
7955,黄酒淀粉生抽盐糖胡椒粉,processed,,扩展食材,processed,0,1,verified,1,加工、半成品、乳制品或饮品
7956,黄酱,seasoning,,扩展食材,seasoning,0,1,verified,2,调味料
7957,黄金带鱼,other_food,,扩展食材,other_food,0,1,review,1,菜谱实际使用名称，待进一步规范
7958,黄金年糕,processed,,扩展食材,processed,0,1,verified,1,加工、半成品、乳制品或饮品
7959,黄金鲳/其他,generic,,扩展食材,generic,0,1,review,1,宽泛名称，保留原义而不猜测具体品种
7960,黄颡鱼,other_food,,扩展食材,other_food,0,1,review,1,菜谱实际使用名称，待进一步规范
7961,黄飞红香脆椒,other_food,,扩展食材,other_food,0,1,review,1,菜谱实际使用名称，待进一步规范
7962,黄骨鱼,other_food,,扩展食材,other_food,0,1,review,5,菜谱实际使用名称，待进一步规范
7963,黄鱼罐头,processed,,扩展食材,processed,0,1,verified,1,加工、半成品、乳制品或饮品
7964,黄鸭叫,other_food,,扩展食材,other_food,0,1,review,1,菜谱实际使用名称，待进一步规范
7965,黎记全蛋面饼,other_food,,扩展食材,other_food,0,1,review,1,菜谱实际使用名称，待进一步规范
7966,黎麦,other_food,,扩展食材,other_food,0,1,review,2,菜谱实际使用名称，待进一步规范
7967,黑/白胡椒粉,composite,,扩展食材,composite,0,1,review,1,疑似复合名称，组成未完全确认
7968,黑三剁肉末酱,seasoning,,扩展食材,seasoning,0,1,verified,1,调味料
7969,黑全麦粉,other_food,,扩展食材,other_food,0,1,review,2,菜谱实际使用名称，待进一步规范
7970,黑加仑葡萄干,processed,,扩展食材,processed,0,1,verified,1,加工、半成品、乳制品或饮品
7971,黑叶白菜,other_food,,扩展食材,other_food,0,1,review,1,菜谱实际使用名称，待进一步规范
7972,黑木,other_food,,扩展食材,other_food,0,1,review,1,菜谱实际使用名称，待进一步规范
7973,黑木耳,other_food,,扩展食材,other_food,0,1,review,2,菜谱实际使用名称，待进一步规范
7974,黑松露,seasoning,,扩展食材,seasoning,0,1,verified,1,调味料
7975,黑椒,seasoning,,扩展食材,seasoning,0,1,verified,5,调味料
7976,黑椒汁,seasoning,,扩展食材,seasoning,0,1,verified,3,调味料
7977,黑椒粉,seasoning,,扩展食材,seasoning,0,1,verified,5,调味料
7978,黑椒脆皮肠,seasoning,,扩展食材,seasoning,0,1,verified,1,调味料
7979,黑榄鱼罐头,processed,,扩展食材,processed,0,1,verified,1,加工、半成品、乳制品或饮品
7980,黑猪五花肉,other_food,,扩展食材,other_food,0,1,review,1,菜谱实际使用名称，待进一步规范
7981,黑猪肉,other_food,,扩展食材,other_food,0,1,review,1,菜谱实际使用名称，待进一步规范
7982,黑白芝麻,composite,,扩展食材,composite,0,1,verified,1,明确多食材组合，组成见桥接表
7983,黑糖,seasoning,,扩展食材,seasoning,0,1,verified,1,调味料
7984,黑胡椒,seasoning,,扩展食材,seasoning,0,1,verified,188,调味料
7985,黑胡椒/孜然,composite,,扩展食材,composite,0,1,review,1,疑似复合名称，组成未完全确认
7986,黑胡椒末,other_food,,扩展食材,other_food,0,1,review,1,菜谱实际使用名称，待进一步规范
7987,黑胡椒汁,seasoning,,扩展食材,seasoning,0,1,verified,2,调味料
7988,黑胡椒盐,seasoning,,扩展食材,seasoning,0,1,verified,1,调味料
7989,黑胡椒研磨碎,other_food,,扩展食材,other_food,0,1,review,1,菜谱实际使用名称，待进一步规范
7990,黑胡椒碎,seasoning,,扩展食材,seasoning,0,1,verified,29,调味料
7991,黑胡椒碎粒,other_food,,扩展食材,other_food,0,1,review,2,菜谱实际使用名称，待进一步规范
7992,黑胡椒碎黑胡椒粉,other_food,,扩展食材,other_food,0,1,review,1,菜谱实际使用名称，待进一步规范
7993,黑胡椒粉,seasoning,,扩展食材,seasoning,0,1,verified,102,调味料
7994,黑胡椒粒,other_food,,扩展食材,other_food,0,1,review,4,菜谱实际使用名称，待进一步规范
7995,黑胡椒酱,seasoning,,扩展食材,seasoning,0,1,verified,17,调味料
7996,黑色塑料袋,non_food,,扩展食材,non_food,0,0,review,1,疑似工具、包装或操作说明
7997,黑芝麻油,seasoning,,扩展食材,seasoning,0,1,verified,1,调味料
7998,黑芝麻糊,other_food,,扩展食材,other_food,0,1,review,1,菜谱实际使用名称，待进一步规范
7999,黑芝麻酱,seasoning,,扩展食材,seasoning,0,1,verified,1,调味料
8000,黑芥菜,other_food,,扩展食材,other_food,0,1,review,1,菜谱实际使用名称，待进一步规范
8001,黑蒜,other_food,,扩展食材,other_food,0,1,review,1,菜谱实际使用名称，待进一步规范
8002,黑豆腐竹,processed,,扩展食材,processed,0,1,verified,1,加工、半成品、乳制品或饮品
8003,黑豆芽,other_food,,扩展食材,other_food,0,1,review,2,菜谱实际使用名称，待进一步规范
8004,黑豆面,other_food,,扩展食材,other_food,0,1,review,1,菜谱实际使用名称，待进一步规范
8005,黑醋,seasoning,,扩展食材,seasoning,0,1,verified,2,调味料
8006,黑醋汁,seasoning,,扩展食材,seasoning,0,1,verified,1,调味料
8007,黑鱼/草鱼/鲈鱼/桂花鱼,seasoning,,扩展食材,seasoning,0,1,verified,1,调味料
8008,黑鸡,other_food,,扩展食材,other_food,0,1,review,1,菜谱实际使用名称，待进一步规范
8009,黑鸡枞菌,other_food,,扩展食材,other_food,0,1,review,1,菜谱实际使用名称，待进一步规范
8010,黑麻油,seasoning,,扩展食材,seasoning,0,1,verified,1,调味料
8011,鼓油,seasoning,,扩展食材,seasoning,0,1,verified,2,调味料
8012,鼠曲草,other_food,,扩展食材,other_food,0,1,review,1,菜谱实际使用名称，待进一步规范
8013,龙井绿茶,processed,,扩展食材,processed,0,1,verified,1,加工、半成品、乳制品或饮品
8014,龙利鱼/巴沙鱼/银鳕鱼/你能想任何鱼,composite,,扩展食材,composite,0,1,review,1,疑似复合名称，组成未完全确认
8015,龙利鱼柳,other_food,,扩展食材,other_food,0,1,review,2,菜谱实际使用名称，待进一步规范
8016,龙利鱼柳肉,other_food,,扩展食材,other_food,0,1,review,1,菜谱实际使用名称，待进一步规范
8017,龙利鱼肉,other_food,,扩展食材,other_food,0,1,review,2,菜谱实际使用名称，待进一步规范
8018,龙利鱼🐟,other_food,,扩展食材,other_food,0,1,review,1,菜谱实际使用名称，待进一步规范
8019,龙口粉丝,processed,,扩展食材,processed,0,1,verified,17,加工、半成品、乳制品或饮品
8020,龙坎辣料,other_food,,扩展食材,other_food,0,1,review,1,菜谱实际使用名称，待进一步规范
8021,龙头鱼,other_food,,扩展食材,other_food,0,1,review,1,菜谱实际使用名称，待进一步规范
8022,龙牌酱油,seasoning,,扩展食材,seasoning,0,1,verified,1,调味料
8023,龙虾尾,other_food,,扩展食材,other_food,0,1,review,2,菜谱实际使用名称，待进一步规范
8024,龙虾肉,other_food,,扩展食材,other_food,0,1,review,1,菜谱实际使用名称，待进一步规范
8025,龙虾脑,other_food,,扩展食材,other_food,0,1,review,1,菜谱实际使用名称，待进一步规范
8026,龙虾虾尾,other_food,,扩展食材,other_food,0,1,review,1,菜谱实际使用名称，待进一步规范
8027,龙虾调料包,seasoning,,扩展食材,seasoning,0,1,verified,1,调味料
8028,龙须挂面,other_food,,扩展食材,other_food,0,1,review,1,菜谱实际使用名称，待进一步规范
8029,龙骨,other_food,,扩展食材,other_food,0,1,review,1,菜谱实际使用名称，待进一步规范
8030,－干辣椒,seasoning,,扩展食材,seasoning,0,1,verified,2,调味料
8031,－排骨腌制－,other_food,,扩展食材,other_food,0,1,review,1,菜谱实际使用名称，待进一步规范
8032,－料理酒,seasoning,,扩展食材,seasoning,0,1,verified,1,调味料
8033,－海天酱油,seasoning,,扩展食材,seasoning,0,1,verified,1,调味料
8034,－熟芝麻,processed,,扩展食材,processed,0,1,verified,1,加工、半成品、乳制品或饮品
8035,－熟芝麻面,processed,,扩展食材,processed,0,1,verified,1,加工、半成品、乳制品或饮品
8036,－生抽,other_food,,扩展食材,other_food,0,1,review,1,菜谱实际使用名称，待进一步规范
8037,－花椒,other_food,,扩展食材,other_food,0,1,review,1,菜谱实际使用名称，待进一步规范
8038,－荷叶,seasoning,,扩展食材,seasoning,0,1,verified,1,调味料
8039,－酱油,seasoning,,扩展食材,seasoning,0,1,verified,1,调味料
8040,／放猪肉末,other_food,,扩展食材,other_food,0,1,review,1,菜谱实际使用名称，待进一步规范
8041,／糖,other_food,,扩展食材,other_food,0,1,review,1,菜谱实际使用名称，待进一步规范
8042,／胡椒粉,other_food,,扩展食材,other_food,0,1,review,1,菜谱实际使用名称，待进一步规范
8043,／鸡,other_food,,扩展食材,other_food,0,1,review,1,菜谱实际使用名称，待进一步规范
8044,🌟腌制🌟,other_food,,扩展食材,other_food,0,1,review,1,菜谱实际使用名称，待进一步规范
8045,🌟蜂蜜水🌟,other_food,,扩展食材,other_food,0,1,review,1,菜谱实际使用名称，待进一步规范
8046,🌟酱汁🌟,other_food,,扩展食材,other_food,0,1,review,1,菜谱实际使用名称，待进一步规范
8047,🌶️辣椒,other_food,,扩展食材,other_food,0,1,review,2,菜谱实际使用名称，待进一步规范
8048,🌽奶油玉米浓汤🌽,processed,,扩展食材,processed,0,1,verified,1,加工、半成品、乳制品或饮品
8049,🍍菠萝,other_food,,扩展食材,other_food,0,1,review,1,菜谱实际使用名称，待进一步规范
8050,🍓下面电饭锅量杯比例图呀,other_food,,扩展食材,other_food,0,1,review,1,菜谱实际使用名称，待进一步规范
8051,🐔,other_food,,扩展食材,other_food,0,1,review,1,菜谱实际使用名称，待进一步规范
8052,🐤葱油鸡🐤,other_food,,扩展食材,other_food,0,1,review,1,菜谱实际使用名称，待进一步规范
8053,🐥煲仔饭灵魂,other_food,,扩展食材,other_food,0,1,review,1,菜谱实际使用名称，待进一步规范
8054,🐷后丘肉,other_food,,扩展食材,other_food,0,1,review,1,菜谱实际使用名称，待进一步规范
8055,👇,other_food,,扩展食材,other_food,0,1,review,1,菜谱实际使用名称，待进一步规范
8056,👇🏻腌制肉丝,other_food,,扩展食材,other_food,0,1,review,1,菜谱实际使用名称，待进一步规范
8057,👇🏻调酱汁,other_food,,扩展食材,other_food,0,1,review,1,菜谱实际使用名称，待进一步规范
8058,🔅调味料,seasoning,,扩展食材,seasoning,0,1,verified,1,调味料
8059,🥄番茄白粿鱼片汤,other_food,,扩展食材,other_food,0,1,review,1,菜谱实际使用名称，待进一步规范
8060,🥕🥕🥕🥕🥕🥕🥩🥩🥩🥩🥩🥩🥩,other_food,,扩展食材,other_food,0,1,review,1,菜谱实际使用名称，待进一步规范
8061,🥬蔬菜馅儿,other_food,,扩展食材,other_food,0,1,review,1,菜谱实际使用名称，待进一步规范
8062,🧄蒜,other_food,,扩展食材,other_food,0,1,review,2,菜谱实际使用名称，待进一步规范
8063,乌梅,seasonal_food,,时令食材,季节数据补充,0,1,verified,0,季节数据源补充的可食用名称
8064,塌菜,seasonal_food,,蔬菜,季节数据补充,0,1,verified,0,季节数据源补充的可食用名称
8065,山苏,seasonal_food,,蔬菜,季节数据补充,0,1,verified,0,季节数据源补充的可食用名称
8066,杏子,seasonal_food,,水果,季节数据补充,0,1,verified,0,季节数据源补充的可食用名称
8067,柑橘,seasonal_food,,水果,季节数据补充,0,1,verified,0,季节数据源补充的可食用名称
8068,沃柑,seasonal_food,,水果,季节数据补充,0,1,verified,0,季节数据源补充的可食用名称
8069,瓠子,seasonal_food,,蔬菜,季节数据补充,0,1,verified,0,季节数据源补充的可食用名称
8070,甘蔗,seasonal_food,,水果,季节数据补充,0,1,verified,0,季节数据源补充的可食用名称
8071,甜豌豆,seasonal_food,,蔬菜,季节数据补充,0,1,verified,0,季节数据源补充的可食用名称
8072,皇帝柑,seasonal_food,,水果,季节数据补充,0,1,verified,0,季节数据源补充的可食用名称
8073,砂糖橘,seasonal_food,,水果,季节数据补充,0,1,verified,0,季节数据源补充的可食用名称
8074,脐橙,seasonal_food,,水果,季节数据补充,0,1,verified,0,季节数据源补充的可食用名称
8075,艾草,seasonal_food,,时令食材,季节数据补充,0,1,verified,0,季节数据源补充的可食用名称
8076,莲雾,seasonal_food,,水果,季节数据补充,0,1,verified,0,季节数据源补充的可食用名称
8077,菊花,seasonal_food,,时令食材,季节数据补充,0,1,verified,0,季节数据源补充的可食用名称
8078,葵年菜,seasonal_food,,蔬菜,季节数据补充,0,1,verified,0,季节数据源补充的可食用名称
8079,葵花籽,seasonal_food,,时令食材,季节数据补充,0,1,verified,0,季节数据源补充的可食用名称
8080,覆盆子,seasonal_food,,时令食材,季节数据补充,0,1,verified,0,季节数据源补充的可食用名称
8081,赣南脐橙,seasonal_food,,水果,季节数据补充,0,1,verified,0,季节数据源补充的可食用名称
8082,车厘子,seasonal_food,,水果,季节数据补充,0,1,verified,0,季节数据源补充的可食用名称
8083,释迦,seasonal_food,,水果,季节数据补充,0,1,verified,0,季节数据源补充的可食用名称
8084,雪莲果,seasonal_food,,水果,季节数据补充,0,1,verified,0,季节数据源补充的可食用名称
8085,青枣,seasonal_food,,水果,季节数据补充,0,1,verified,0,季节数据源补充的可食用名称
8086,高粱,seasonal_food,,时令食材,季节数据补充,0,1,verified,0,季节数据源补充的可食用名称
8087,龙眼,seasonal_food,,水果,季节数据补充,0,1,verified,0,季节数据源补充的可食用名称
