ingredient_id,group_id,is_suitable,evidence_source,evidence_text
1,9,1,source_ingredient_groups,原始结构化适宜人群关系
1,14,1,source_ingredient_groups,原始结构化适宜人群关系
1,18,1,source_ingredient_groups,原始结构化适宜人群关系
1,27,1,source_ingredient_groups,原始结构化适宜人群关系
1,34,1,source_ingredient_groups,原始结构化适宜人群关系
1,35,1,source_ingredient_groups,原始结构化适宜人群关系
1,38,1,source_ingredient_groups,原始结构化适宜人群关系
1,39,1,source_ingredient_groups,原始结构化适宜人群关系
1,46,1,source_ingredient_groups,原始结构化适宜人群关系
1,47,1,source_ingredient_groups,原始结构化适宜人群关系
1,57,1,source_ingredient_groups,原始结构化适宜人群关系
1,59,1,source_ingredient_groups,原始结构化适宜人群关系
1,62,1,source_ingredient_groups,原始结构化适宜人群关系
1,65,1,source_ingredient_groups,原始结构化适宜人群关系
1,66,1,source_ingredient_groups,原始结构化适宜人群关系
1,76,1,source_ingredient_groups,原始结构化适宜人群关系
2,9,1,source_ingredient_groups,原始结构化适宜人群关系
2,14,1,source_ingredient_groups,原始结构化适宜人群关系
2,18,1,source_ingredient_groups,原始结构化适宜人群关系
2,27,1,source_ingredient_groups,原始结构化适宜人群关系
2,34,1,source_ingredient_groups,原始结构化适宜人群关系
2,35,1,source_ingredient_groups,原始结构化适宜人群关系
2,38,1,source_ingredient_groups,原始结构化适宜人群关系
2,39,1,source_ingredient_groups,原始结构化适宜人群关系
2,46,1,source_ingredient_groups,原始结构化适宜人群关系
2,47,1,source_ingredient_groups,原始结构化适宜人群关系
2,62,1,source_ingredient_groups,原始结构化适宜人群关系
2,65,1,source_ingredient_groups,原始结构化适宜人群关系
2,66,1,source_ingredient_groups,原始结构化适宜人群关系
2,76,1,source_ingredient_groups,原始结构化适宜人群关系
3,9,1,source_ingredient_groups,一般人群均可食用。适宜伤风感冒、寒性痛经、晕车晕船者食用。
3,14,1,source_ingredient_groups,一般人群均可食用。适宜伤风感冒、寒性痛经、晕车晕船者食用。
3,18,1,source_ingredient_groups,一般人群均可食用。适宜伤风感冒、寒性痛经、晕车晕船者食用。
3,27,1,source_ingredient_groups,一般人群均可食用。适宜伤风感冒、寒性痛经、晕车晕船者食用。
3,34,1,source_ingredient_groups,一般人群均可食用。适宜伤风感冒、寒性痛经、晕车晕船者食用。
3,35,1,source_ingredient_groups,一般人群均可食用。适宜伤风感冒、寒性痛经、晕车晕船者食用。
3,38,1,source_ingredient_groups,一般人群均可食用。适宜伤风感冒、寒性痛经、晕车晕船者食用。
3,39,1,source_ingredient_groups,一般人群均可食用。适宜伤风感冒、寒性痛经、晕车晕船者食用。
3,46,1,source_ingredient_groups,一般人群均可食用。适宜伤风感冒、寒性痛经、晕车晕船者食用。
3,47,1,source_ingredient_groups,一般人群均可食用。适宜伤风感冒、寒性痛经、晕车晕船者食用。
3,62,1,source_ingredient_groups,一般人群均可食用。适宜伤风感冒、寒性痛经、晕车晕船者食用。
3,65,1,source_ingredient_groups,一般人群均可食用。适宜伤风感冒、寒性痛经、晕车晕船者食用。
3,66,1,source_ingredient_groups,一般人群均可食用。适宜伤风感冒、寒性痛经、晕车晕船者食用。
3,76,1,source_ingredient_groups,一般人群均可食用。适宜伤风感冒、寒性痛经、晕车晕船者食用。
3,77,0,tcm_not_user,阴虚内热及邪热亢盛者忌食
4,14,1,source_ingredient_groups,原始结构化适宜人群关系
4,18,1,source_ingredient_groups,原始结构化适宜人群关系
4,34,1,source_ingredient_groups,原始结构化适宜人群关系
4,35,1,source_ingredient_groups,原始结构化适宜人群关系
4,38,1,source_ingredient_groups,原始结构化适宜人群关系
4,47,1,source_ingredient_groups,原始结构化适宜人群关系
4,62,1,source_ingredient_groups,原始结构化适宜人群关系
4,65,1,source_ingredient_groups,原始结构化适宜人群关系
4,76,1,source_ingredient_groups,原始结构化适宜人群关系
5,14,1,source_ingredient_groups,原始结构化适宜人群关系
5,18,1,source_ingredient_groups,原始结构化适宜人群关系
5,34,1,source_ingredient_groups,原始结构化适宜人群关系
5,35,1,source_ingredient_groups,原始结构化适宜人群关系
5,38,1,source_ingredient_groups,原始结构化适宜人群关系
5,47,1,source_ingredient_groups,原始结构化适宜人群关系
5,57,1,source_ingredient_groups,原始结构化适宜人群关系
5,59,1,source_ingredient_groups,原始结构化适宜人群关系
5,62,1,source_ingredient_groups,原始结构化适宜人群关系
5,63,1,source_ingredient_groups,原始结构化适宜人群关系
5,65,1,source_ingredient_groups,原始结构化适宜人群关系
5,76,1,source_ingredient_groups,原始结构化适宜人群关系
6,14,1,source_ingredient_groups,一般人都可食用。更适宜癌症、高血压、夜盲症、干眼症患者、营养不良、食欲不振者、皮肤粗糙者。
6,18,1,source_ingredient_groups,一般人都可食用。更适宜癌症、高血压、夜盲症、干眼症患者、营养不良、食欲不振者、皮肤粗糙者。
6,23,1,source_ingredient_groups,一般人都可食用。更适宜癌症、高血压、夜盲症、干眼症患者、营养不良、食欲不振者、皮肤粗糙者。
6,27,1,source_ingredient_groups,一般人都可食用。更适宜癌症、高血压、夜盲症、干眼症患者、营养不良、食欲不振者、皮肤粗糙者。
6,34,1,source_ingredient_groups,一般人都可食用。更适宜癌症、高血压、夜盲症、干眼症患者、营养不良、食欲不振者、皮肤粗糙者。
6,35,1,source_ingredient_groups,一般人都可食用。更适宜癌症、高血压、夜盲症、干眼症患者、营养不良、食欲不振者、皮肤粗糙者。
6,38,1,source_ingredient_groups,一般人都可食用。更适宜癌症、高血压、夜盲症、干眼症患者、营养不良、食欲不振者、皮肤粗糙者。
6,47,1,source_ingredient_groups,一般人都可食用。更适宜癌症、高血压、夜盲症、干眼症患者、营养不良、食欲不振者、皮肤粗糙者。
6,57,1,source_ingredient_groups,一般人都可食用。更适宜癌症、高血压、夜盲症、干眼症患者、营养不良、食欲不振者、皮肤粗糙者。
6,59,1,source_ingredient_groups,一般人都可食用。更适宜癌症、高血压、夜盲症、干眼症患者、营养不良、食欲不振者、皮肤粗糙者。
6,62,1,source_ingredient_groups,一般人都可食用。更适宜癌症、高血压、夜盲症、干眼症患者、营养不良、食欲不振者、皮肤粗糙者。
6,76,1,source_ingredient_groups,一般人都可食用。更适宜癌症、高血压、夜盲症、干眼症患者、营养不良、食欲不振者、皮肤粗糙者。
7,11,1,source_ingredient_groups,一般人均可食用适宜体质虚弱，营养不良，贫血及妇女产后病后调养；适宜婴幼儿发育期补养。
7,14,1,source_ingredient_groups,一般人均可食用适宜体质虚弱，营养不良，贫血及妇女产后病后调养；适宜婴幼儿发育期补养。
7,18,1,source_ingredient_groups,一般人均可食用适宜体质虚弱，营养不良，贫血及妇女产后病后调养；适宜婴幼儿发育期补养。
7,23,1,source_ingredient_groups,一般人均可食用适宜体质虚弱，营养不良，贫血及妇女产后病后调养；适宜婴幼儿发育期补养。
7,34,1,source_ingredient_groups,一般人均可食用适宜体质虚弱，营养不良，贫血及妇女产后病后调养；适宜婴幼儿发育期补养。
7,35,1,source_ingredient_groups,一般人均可食用适宜体质虚弱，营养不良，贫血及妇女产后病后调养；适宜婴幼儿发育期补养。
7,38,1,source_ingredient_groups,一般人均可食用适宜体质虚弱，营养不良，贫血及妇女产后病后调养；适宜婴幼儿发育期补养。
7,47,1,source_ingredient_groups,一般人均可食用适宜体质虚弱，营养不良，贫血及妇女产后病后调养；适宜婴幼儿发育期补养。
7,57,1,source_ingredient_groups,一般人均可食用适宜体质虚弱，营养不良，贫血及妇女产后病后调养；适宜婴幼儿发育期补养。
7,59,1,source_ingredient_groups,一般人均可食用适宜体质虚弱，营养不良，贫血及妇女产后病后调养；适宜婴幼儿发育期补养。
7,62,1,source_ingredient_groups,一般人均可食用适宜体质虚弱，营养不良，贫血及妇女产后病后调养；适宜婴幼儿发育期补养。
7,65,1,source_ingredient_groups,一般人均可食用适宜体质虚弱，营养不良，贫血及妇女产后病后调养；适宜婴幼儿发育期补养。
7,76,1,source_ingredient_groups,一般人均可食用适宜体质虚弱，营养不良，贫血及妇女产后病后调养；适宜婴幼儿发育期补养。
7,78,0,tcm_not_user,患高热、腹泻、肝炎、肾炎、胆囊炎、胆石症之人忌食
7,79,0,tcm_not_user,患高热、腹泻、肝炎、肾炎、胆囊炎、胆石症之人忌食
7,80,0,tcm_not_user,患高热、腹泻、肝炎、肾炎、胆囊炎、胆石症之人忌食
7,81,0,tcm_not_user,患高热、腹泻、肝炎、肾炎、胆囊炎、胆石症之人忌食
7,82,0,tcm_not_user,患高热、腹泻、肝炎、肾炎、胆囊炎、胆石症之人忌食
7,83,0,tcm_not_user,老年高血压、高血脂、冠心病人，宜少量食用鸡蛋，一般每日不超过1只，不宜多食，这样限量食用，既可补充优质蛋白质，又不影响血脂水平
7,84,0,tcm_not_user,老年高血压、高血脂、冠心病人，宜少量食用鸡蛋，一般每日不超过1只，不宜多食，这样限量食用，既可补充优质蛋白质，又不影响血脂水平
7,85,0,tcm_not_user,老年高血压、高血脂、冠心病人，宜少量食用鸡蛋，一般每日不超过1只，不宜多食，这样限量食用，既可补充优质蛋白质，又不影响血脂水平
8,9,1,source_ingredient_groups,原始结构化适宜人群关系
8,11,1,source_ingredient_groups,原始结构化适宜人群关系
8,14,1,source_ingredient_groups,原始结构化适宜人群关系
8,18,1,source_ingredient_groups,原始结构化适宜人群关系
8,34,1,source_ingredient_groups,原始结构化适宜人群关系
8,35,1,source_ingredient_groups,原始结构化适宜人群关系
8,38,1,source_ingredient_groups,原始结构化适宜人群关系
8,39,1,source_ingredient_groups,原始结构化适宜人群关系
8,46,1,source_ingredient_groups,原始结构化适宜人群关系
8,57,1,source_ingredient_groups,原始结构化适宜人群关系
8,59,1,source_ingredient_groups,原始结构化适宜人群关系
8,62,1,source_ingredient_groups,原始结构化适宜人群关系
8,66,1,source_ingredient_groups,原始结构化适宜人群关系
9,11,1,source_ingredient_groups,原始结构化适宜人群关系
9,14,1,source_ingredient_groups,原始结构化适宜人群关系
9,18,1,source_ingredient_groups,原始结构化适宜人群关系
9,27,1,source_ingredient_groups,原始结构化适宜人群关系
9,34,1,source_ingredient_groups,原始结构化适宜人群关系
9,35,1,source_ingredient_groups,原始结构化适宜人群关系
9,38,1,source_ingredient_groups,原始结构化适宜人群关系
9,62,1,source_ingredient_groups,原始结构化适宜人群关系
9,65,1,source_ingredient_groups,原始结构化适宜人群关系
9,76,1,source_ingredient_groups,原始结构化适宜人群关系
10,14,1,source_ingredient_groups,原始结构化适宜人群关系
10,18,1,source_ingredient_groups,原始结构化适宜人群关系
10,23,1,source_ingredient_groups,原始结构化适宜人群关系
10,34,1,source_ingredient_groups,原始结构化适宜人群关系
10,35,1,source_ingredient_groups,原始结构化适宜人群关系
10,38,1,source_ingredient_groups,原始结构化适宜人群关系
10,62,1,source_ingredient_groups,原始结构化适宜人群关系
10,65,1,source_ingredient_groups,原始结构化适宜人群关系
11,14,1,source_ingredient_groups,一般人群均可食用。
11,18,1,source_ingredient_groups,一般人群均可食用。
11,33,1,source_ingredient_groups,一般人群均可食用。
11,34,1,source_ingredient_groups,一般人群均可食用。
11,35,1,source_ingredient_groups,一般人群均可食用。
11,38,1,source_ingredient_groups,一般人群均可食用。
11,47,1,source_ingredient_groups,一般人群均可食用。
11,62,1,source_ingredient_groups,一般人群均可食用。
11,67,1,source_ingredient_groups,一般人群均可食用。
11,73,1,source_ingredient_groups,一般人群均可食用。
11,76,1,source_ingredient_groups,一般人群均可食用。
11,77,0,tcm_not_user,同时有火热病症或阴虚火旺，高血压，肺结核病的人慎食
11,83,0,tcm_not_user,同时有火热病症或阴虚火旺，高血压，肺结核病的人慎食
11,86,0,tcm_not_user,眼疾患者、食管炎、胃肠炎、胃溃疡、痔疮患者应少吃或忌食
11,87,0,tcm_not_user,眼疾患者、食管炎、胃肠炎、胃溃疡、痔疮患者应少吃或忌食
11,88,0,tcm_not_user,眼疾患者、食管炎、胃肠炎、胃溃疡、痔疮患者应少吃或忌食
11,89,0,tcm_not_user,眼疾患者、食管炎、胃肠炎、胃溃疡、痔疮患者应少吃或忌食
12,14,1,source_ingredient_groups,原始结构化适宜人群关系
12,18,1,source_ingredient_groups,原始结构化适宜人群关系
12,33,1,source_ingredient_groups,原始结构化适宜人群关系
12,34,1,source_ingredient_groups,原始结构化适宜人群关系
12,35,1,source_ingredient_groups,原始结构化适宜人群关系
12,38,1,source_ingredient_groups,原始结构化适宜人群关系
12,47,1,source_ingredient_groups,原始结构化适宜人群关系
12,62,1,source_ingredient_groups,原始结构化适宜人群关系
12,67,1,source_ingredient_groups,原始结构化适宜人群关系
12,73,1,source_ingredient_groups,原始结构化适宜人群关系
12,76,1,source_ingredient_groups,原始结构化适宜人群关系
13,14,1,source_ingredient_groups,原始结构化适宜人群关系
13,18,1,source_ingredient_groups,原始结构化适宜人群关系
13,34,1,source_ingredient_groups,原始结构化适宜人群关系
13,35,1,source_ingredient_groups,原始结构化适宜人群关系
13,38,1,source_ingredient_groups,原始结构化适宜人群关系
13,47,1,source_ingredient_groups,原始结构化适宜人群关系
13,62,1,source_ingredient_groups,原始结构化适宜人群关系
13,65,1,source_ingredient_groups,原始结构化适宜人群关系
13,76,1,source_ingredient_groups,原始结构化适宜人群关系
14,14,1,source_ingredient_groups,原始结构化适宜人群关系
14,18,1,source_ingredient_groups,原始结构化适宜人群关系
14,27,1,source_ingredient_groups,原始结构化适宜人群关系
14,34,1,source_ingredient_groups,原始结构化适宜人群关系
14,35,1,source_ingredient_groups,原始结构化适宜人群关系
14,38,1,source_ingredient_groups,原始结构化适宜人群关系
14,62,1,source_ingredient_groups,原始结构化适宜人群关系
14,76,1,source_ingredient_groups,原始结构化适宜人群关系
15,10,1,source_ingredient_groups,原始结构化适宜人群关系
15,14,1,source_ingredient_groups,原始结构化适宜人群关系
15,18,1,source_ingredient_groups,原始结构化适宜人群关系
15,34,1,source_ingredient_groups,原始结构化适宜人群关系
15,35,1,source_ingredient_groups,原始结构化适宜人群关系
15,38,1,source_ingredient_groups,原始结构化适宜人群关系
15,47,1,source_ingredient_groups,原始结构化适宜人群关系
15,62,1,source_ingredient_groups,原始结构化适宜人群关系
15,76,1,source_ingredient_groups,原始结构化适宜人群关系
16,14,1,source_ingredient_groups,一般人均可食用适宜营养不良，食欲不振，咳嗽痰啃之人食用；适宜脚气病患者食用；适宜妇女产后乳汁缺少者食用；适宜高血压病，高脂血症，冠心病，动脉硬化，以及各种出血性疾病之人食用；适宜儿童、青少年及老年人食用，能提高儿童记忆力，有助于老人滋补保健。
16,18,1,source_ingredient_groups,一般人均可食用适宜营养不良，食欲不振，咳嗽痰啃之人食用；适宜脚气病患者食用；适宜妇女产后乳汁缺少者食用；适宜高血压病，高脂血症，冠心病，动脉硬化，以及各种出血性疾病之人食用；适宜儿童、青少年及老年人食用，能提高儿童记忆力，有助于老人滋补保健。
16,34,1,source_ingredient_groups,一般人均可食用适宜营养不良，食欲不振，咳嗽痰啃之人食用；适宜脚气病患者食用；适宜妇女产后乳汁缺少者食用；适宜高血压病，高脂血症，冠心病，动脉硬化，以及各种出血性疾病之人食用；适宜儿童、青少年及老年人食用，能提高儿童记忆力，有助于老人滋补保健。
16,35,1,source_ingredient_groups,一般人均可食用适宜营养不良，食欲不振，咳嗽痰啃之人食用；适宜脚气病患者食用；适宜妇女产后乳汁缺少者食用；适宜高血压病，高脂血症，冠心病，动脉硬化，以及各种出血性疾病之人食用；适宜儿童、青少年及老年人食用，能提高儿童记忆力，有助于老人滋补保健。
16,38,1,source_ingredient_groups,一般人均可食用适宜营养不良，食欲不振，咳嗽痰啃之人食用；适宜脚气病患者食用；适宜妇女产后乳汁缺少者食用；适宜高血压病，高脂血症，冠心病，动脉硬化，以及各种出血性疾病之人食用；适宜儿童、青少年及老年人食用，能提高儿童记忆力，有助于老人滋补保健。
16,47,1,source_ingredient_groups,一般人均可食用适宜营养不良，食欲不振，咳嗽痰啃之人食用；适宜脚气病患者食用；适宜妇女产后乳汁缺少者食用；适宜高血压病，高脂血症，冠心病，动脉硬化，以及各种出血性疾病之人食用；适宜儿童、青少年及老年人食用，能提高儿童记忆力，有助于老人滋补保健。
16,62,1,source_ingredient_groups,一般人均可食用适宜营养不良，食欲不振，咳嗽痰啃之人食用；适宜脚气病患者食用；适宜妇女产后乳汁缺少者食用；适宜高血压病，高脂血症，冠心病，动脉硬化，以及各种出血性疾病之人食用；适宜儿童、青少年及老年人食用，能提高儿童记忆力，有助于老人滋补保健。
16,65,1,source_ingredient_groups,一般人均可食用适宜营养不良，食欲不振，咳嗽痰啃之人食用；适宜脚气病患者食用；适宜妇女产后乳汁缺少者食用；适宜高血压病，高脂血症，冠心病，动脉硬化，以及各种出血性疾病之人食用；适宜儿童、青少年及老年人食用，能提高儿童记忆力，有助于老人滋补保健。
16,76,1,source_ingredient_groups,一般人均可食用适宜营养不良，食欲不振，咳嗽痰啃之人食用；适宜脚气病患者食用；适宜妇女产后乳汁缺少者食用；适宜高血压病，高脂血症，冠心病，动脉硬化，以及各种出血性疾病之人食用；适宜儿童、青少年及老年人食用，能提高儿童记忆力，有助于老人滋补保健。
16,80,0,tcm_not_user,花生含油脂多，消化时需要多耗胆汁，故胆病患者不宜食用
16,81,0,tcm_not_user,体寒湿滞及肠滑便泄者不宜服食
16,84,0,tcm_not_user,花生能增进血凝，促进血栓形成，故患血黏度高或有血栓的人不宜食用
17,14,1,source_ingredient_groups,原始结构化适宜人群关系
17,18,1,source_ingredient_groups,原始结构化适宜人群关系
17,27,1,source_ingredient_groups,原始结构化适宜人群关系
17,34,1,source_ingredient_groups,原始结构化适宜人群关系
17,35,1,source_ingredient_groups,原始结构化适宜人群关系
17,62,1,source_ingredient_groups,原始结构化适宜人群关系
17,65,1,source_ingredient_groups,原始结构化适宜人群关系
18,14,1,source_ingredient_groups,原始结构化适宜人群关系
18,18,1,source_ingredient_groups,原始结构化适宜人群关系
18,35,1,source_ingredient_groups,原始结构化适宜人群关系
18,38,1,source_ingredient_groups,原始结构化适宜人群关系
18,62,1,source_ingredient_groups,原始结构化适宜人群关系
18,76,1,source_ingredient_groups,原始结构化适宜人群关系
19,14,1,source_ingredient_groups,一般人群均可食用。适宜热病患者、肥胖、高血压、高血脂、水肿、癌症、嗜酒者多食，并且是糖尿病人首选的食品之一。
19,18,1,source_ingredient_groups,一般人群均可食用。适宜热病患者、肥胖、高血压、高血脂、水肿、癌症、嗜酒者多食，并且是糖尿病人首选的食品之一。
19,34,1,source_ingredient_groups,一般人群均可食用。适宜热病患者、肥胖、高血压、高血脂、水肿、癌症、嗜酒者多食，并且是糖尿病人首选的食品之一。
19,35,1,source_ingredient_groups,一般人群均可食用。适宜热病患者、肥胖、高血压、高血脂、水肿、癌症、嗜酒者多食，并且是糖尿病人首选的食品之一。
19,38,1,source_ingredient_groups,一般人群均可食用。适宜热病患者、肥胖、高血压、高血脂、水肿、癌症、嗜酒者多食，并且是糖尿病人首选的食品之一。
19,47,1,source_ingredient_groups,一般人群均可食用。适宜热病患者、肥胖、高血压、高血脂、水肿、癌症、嗜酒者多食，并且是糖尿病人首选的食品之一。
19,62,1,source_ingredient_groups,一般人群均可食用。适宜热病患者、肥胖、高血压、高血脂、水肿、癌症、嗜酒者多食，并且是糖尿病人首选的食品之一。
19,76,1,source_ingredient_groups,一般人群均可食用。适宜热病患者、肥胖、高血压、高血脂、水肿、癌症、嗜酒者多食，并且是糖尿病人首选的食品之一。
19,81,0,tcm_not_user,脾胃虚弱、腹痛腹泻、肺寒咳嗽者都应少吃，因黄瓜性凉，胃寒患者食之易致腹痛泄泻
19,90,0,tcm_not_user,脾胃虚弱、腹痛腹泻、肺寒咳嗽者都应少吃，因黄瓜性凉，胃寒患者食之易致腹痛泄泻
19,91,0,tcm_not_user,脾胃虚弱、腹痛腹泻、肺寒咳嗽者都应少吃，因黄瓜性凉，胃寒患者食之易致腹痛泄泻
20,14,1,source_ingredient_groups,原始结构化适宜人群关系
20,18,1,source_ingredient_groups,原始结构化适宜人群关系
20,27,1,source_ingredient_groups,原始结构化适宜人群关系
20,34,1,source_ingredient_groups,原始结构化适宜人群关系
20,35,1,source_ingredient_groups,原始结构化适宜人群关系
20,38,1,source_ingredient_groups,原始结构化适宜人群关系
20,47,1,source_ingredient_groups,原始结构化适宜人群关系
20,62,1,source_ingredient_groups,原始结构化适宜人群关系
20,65,1,source_ingredient_groups,原始结构化适宜人群关系
21,14,1,source_ingredient_groups,原始结构化适宜人群关系
21,18,1,source_ingredient_groups,原始结构化适宜人群关系
21,27,1,source_ingredient_groups,原始结构化适宜人群关系
21,34,1,source_ingredient_groups,原始结构化适宜人群关系
21,35,1,source_ingredient_groups,原始结构化适宜人群关系
21,38,1,source_ingredient_groups,原始结构化适宜人群关系
21,47,1,source_ingredient_groups,原始结构化适宜人群关系
21,62,1,source_ingredient_groups,原始结构化适宜人群关系
21,65,1,source_ingredient_groups,原始结构化适宜人群关系
21,76,1,source_ingredient_groups,原始结构化适宜人群关系
22,14,1,source_ingredient_groups,一般人群均可食用，暑热口干烦躁、消化不良者，维生素C缺乏者，胎动不安的孕妇，肾结石患者，高血压、心肌梗死患者适宜食用。
22,18,1,source_ingredient_groups,一般人群均可食用，暑热口干烦躁、消化不良者，维生素C缺乏者，胎动不安的孕妇，肾结石患者，高血压、心肌梗死患者适宜食用。
22,34,1,source_ingredient_groups,一般人群均可食用，暑热口干烦躁、消化不良者，维生素C缺乏者，胎动不安的孕妇，肾结石患者，高血压、心肌梗死患者适宜食用。
22,35,1,source_ingredient_groups,一般人群均可食用，暑热口干烦躁、消化不良者，维生素C缺乏者，胎动不安的孕妇，肾结石患者，高血压、心肌梗死患者适宜食用。
22,38,1,source_ingredient_groups,一般人群均可食用，暑热口干烦躁、消化不良者，维生素C缺乏者，胎动不安的孕妇，肾结石患者，高血压、心肌梗死患者适宜食用。
22,47,1,source_ingredient_groups,一般人群均可食用，暑热口干烦躁、消化不良者，维生素C缺乏者，胎动不安的孕妇，肾结石患者，高血压、心肌梗死患者适宜食用。
22,61,0,tcm_not_user,胃溃疡、胃酸分泌过多，患有龋齿者和糖尿病患者慎食
22,62,1,source_ingredient_groups,一般人群均可食用，暑热口干烦躁、消化不良者，维生素C缺乏者，胎动不安的孕妇，肾结石患者，高血压、心肌梗死患者适宜食用。
22,86,0,tcm_not_user,胃溃疡、胃酸分泌过多，患有龋齿者和糖尿病患者慎食
22,92,0,tcm_not_user,胃溃疡、胃酸分泌过多，患有龋齿者和糖尿病患者慎食
22,93,0,tcm_not_user,胃溃疡、胃酸分泌过多，患有龋齿者和糖尿病患者慎食
23,14,1,source_ingredient_groups,原始结构化适宜人群关系
23,18,1,source_ingredient_groups,原始结构化适宜人群关系
23,27,1,source_ingredient_groups,原始结构化适宜人群关系
23,34,1,source_ingredient_groups,原始结构化适宜人群关系
23,35,1,source_ingredient_groups,原始结构化适宜人群关系
23,38,1,source_ingredient_groups,原始结构化适宜人群关系
23,47,1,source_ingredient_groups,原始结构化适宜人群关系
23,62,1,source_ingredient_groups,原始结构化适宜人群关系
24,14,1,source_ingredient_groups,一般人群均可食用，老人、病人、体弱者更宜食用。
24,18,1,source_ingredient_groups,一般人群均可食用，老人、病人、体弱者更宜食用。
24,24,1,source_ingredient_groups,一般人群均可食用，老人、病人、体弱者更宜食用。
24,34,1,source_ingredient_groups,一般人群均可食用，老人、病人、体弱者更宜食用。
24,35,1,source_ingredient_groups,一般人群均可食用，老人、病人、体弱者更宜食用。
24,38,1,source_ingredient_groups,一般人群均可食用，老人、病人、体弱者更宜食用。
24,61,1,source_ingredient_groups,一般人群均可食用，老人、病人、体弱者更宜食用。
24,62,1,source_ingredient_groups,一般人群均可食用，老人、病人、体弱者更宜食用。
24,76,1,source_ingredient_groups,一般人群均可食用，老人、病人、体弱者更宜食用。
24,80,0,tcm_not_user,感冒发热、内火偏旺、痰湿偏重之人、肥胖症、患有热毒疖肿之人、高血压、血脂偏高、胆囊炎、胆石症的人忌食
24,82,0,tcm_not_user,感冒发热、内火偏旺、痰湿偏重之人、肥胖症、患有热毒疖肿之人、高血压、血脂偏高、胆囊炎、胆石症的人忌食；感冒伴有头痛、乏力、发热的人忌食鸡肉，鸡汤
24,83,0,tcm_not_user,感冒发热、内火偏旺、痰湿偏重之人、肥胖症、患有热毒疖肿之人、高血压、血脂偏高、胆囊炎、胆石症的人忌食
24,84,0,tcm_not_user,感冒发热、内火偏旺、痰湿偏重之人、肥胖症、患有热毒疖肿之人、高血压、血脂偏高、胆囊炎、胆石症的人忌食；动脉硬化、冠心病和高血脂患者忌饮鸡汤
24,85,0,tcm_not_user,动脉硬化、冠心病和高血脂患者忌饮鸡汤
24,93,0,tcm_not_user,鸡肉性温，助火，肝阳上亢及口腔糜烂、皮肤疖肿、大便秘结者不宜食用
24,94,0,tcm_not_user,感冒发热、内火偏旺、痰湿偏重之人、肥胖症、患有热毒疖肿之人、高血压、血脂偏高、胆囊炎、胆石症的人忌食
24,95,0,tcm_not_user,感冒发热、内火偏旺、痰湿偏重之人、肥胖症、患有热毒疖肿之人、高血压、血脂偏高、胆囊炎、胆石症的人忌食
24,96,0,tcm_not_user,鸡肉性温，助火，肝阳上亢及口腔糜烂、皮肤疖肿、大便秘结者不宜食用
24,97,0,tcm_not_user,鸡肉性温，助火，肝阳上亢及口腔糜烂、皮肤疖肿、大便秘结者不宜食用
24,98,0,tcm_not_user,动脉硬化、冠心病和高血脂患者忌饮鸡汤
25,14,1,source_ingredient_groups,原始结构化适宜人群关系
25,18,1,source_ingredient_groups,原始结构化适宜人群关系
25,34,1,source_ingredient_groups,原始结构化适宜人群关系
25,35,1,source_ingredient_groups,原始结构化适宜人群关系
25,62,1,source_ingredient_groups,原始结构化适宜人群关系
25,65,1,source_ingredient_groups,原始结构化适宜人群关系
26,14,1,source_ingredient_groups,一般人群均可食用适宜肝肾不足所致的眩晕、眼花、视物不清、腰酸腿软、耳鸣耳聋、发枯发落、头发早白之人食用；适宜妇女产后乳汁缺乏者食用；适宜身体虚弱、贫血、高脂血症、高血压病、老年哮喘、肺结核，以及荨麻疹，习惯性便秘者食用；适宜糖尿病、血小板减少性紫瘴、慢性神经炎、末梢神经麻痹、痔疮以及出血性素质者食用。
26,18,1,source_ingredient_groups,一般人群均可食用适宜肝肾不足所致的眩晕、眼花、视物不清、腰酸腿软、耳鸣耳聋、发枯发落、头发早白之人食用；适宜妇女产后乳汁缺乏者食用；适宜身体虚弱、贫血、高脂血症、高血压病、老年哮喘、肺结核，以及荨麻疹，习惯性便秘者食用；适宜糖尿病、血小板减少性紫瘴、慢性神经炎、末梢神经麻痹、痔疮以及出血性素质者食用。
26,34,1,source_ingredient_groups,一般人群均可食用适宜肝肾不足所致的眩晕、眼花、视物不清、腰酸腿软、耳鸣耳聋、发枯发落、头发早白之人食用；适宜妇女产后乳汁缺乏者食用；适宜身体虚弱、贫血、高脂血症、高血压病、老年哮喘、肺结核，以及荨麻疹，习惯性便秘者食用；适宜糖尿病、血小板减少性紫瘴、慢性神经炎、末梢神经麻痹、痔疮以及出血性素质者食用。
26,35,1,source_ingredient_groups,一般人群均可食用适宜肝肾不足所致的眩晕、眼花、视物不清、腰酸腿软、耳鸣耳聋、发枯发落、头发早白之人食用；适宜妇女产后乳汁缺乏者食用；适宜身体虚弱、贫血、高脂血症、高血压病、老年哮喘、肺结核，以及荨麻疹，习惯性便秘者食用；适宜糖尿病、血小板减少性紫瘴、慢性神经炎、末梢神经麻痹、痔疮以及出血性素质者食用。
26,47,1,source_ingredient_groups,一般人群均可食用适宜肝肾不足所致的眩晕、眼花、视物不清、腰酸腿软、耳鸣耳聋、发枯发落、头发早白之人食用；适宜妇女产后乳汁缺乏者食用；适宜身体虚弱、贫血、高脂血症、高血压病、老年哮喘、肺结核，以及荨麻疹，习惯性便秘者食用；适宜糖尿病、血小板减少性紫瘴、慢性神经炎、末梢神经麻痹、痔疮以及出血性素质者食用。
26,62,1,source_ingredient_groups,一般人群均可食用适宜肝肾不足所致的眩晕、眼花、视物不清、腰酸腿软、耳鸣耳聋、发枯发落、头发早白之人食用；适宜妇女产后乳汁缺乏者食用；适宜身体虚弱、贫血、高脂血症、高血压病、老年哮喘、肺结核，以及荨麻疹，习惯性便秘者食用；适宜糖尿病、血小板减少性紫瘴、慢性神经炎、末梢神经麻痹、痔疮以及出血性素质者食用。
26,81,0,tcm_not_user,患有慢性肠炎、便溏腹泻者忌食
26,87,0,tcm_not_user,患有慢性肠炎、便溏腹泻者忌食
27,14,1,source_ingredient_groups,一般人群均可食用。特别适合高血压、动脉硬化、高血糖、缺铁性贫血、经期妇女食用。
27,18,1,source_ingredient_groups,一般人群均可食用。特别适合高血压、动脉硬化、高血糖、缺铁性贫血、经期妇女食用。
27,34,1,source_ingredient_groups,一般人群均可食用。特别适合高血压、动脉硬化、高血糖、缺铁性贫血、经期妇女食用。
27,35,1,source_ingredient_groups,一般人群均可食用。特别适合高血压、动脉硬化、高血糖、缺铁性贫血、经期妇女食用。
27,38,1,source_ingredient_groups,一般人群均可食用。特别适合高血压、动脉硬化、高血糖、缺铁性贫血、经期妇女食用。
27,62,1,source_ingredient_groups,一般人群均可食用。特别适合高血压、动脉硬化、高血糖、缺铁性贫血、经期妇女食用。
27,81,0,tcm_not_user,芹菜性凉质滑，脾胃虚寒、大便溏薄者不宜多食，芹菜有降血压作用，故血压偏低者慎用
27,90,0,tcm_not_user,芹菜性凉质滑，脾胃虚寒、大便溏薄者不宜多食，芹菜有降血压作用，故血压偏低者慎用
27,99,0,tcm_not_user,芹菜性凉质滑，脾胃虚寒、大便溏薄者不宜多食，芹菜有降血压作用，故血压偏低者慎用
27,100,0,tcm_not_user,计划生育的男性应注意适量少食
28,14,1,source_ingredient_groups,原始结构化适宜人群关系
28,18,1,source_ingredient_groups,原始结构化适宜人群关系
28,34,1,source_ingredient_groups,原始结构化适宜人群关系
28,35,1,source_ingredient_groups,原始结构化适宜人群关系
28,38,1,source_ingredient_groups,原始结构化适宜人群关系
28,47,1,source_ingredient_groups,原始结构化适宜人群关系
28,62,1,source_ingredient_groups,原始结构化适宜人群关系
29,9,1,source_ingredient_groups,"一般人均可食用。特别适合肺热咳嗽、便秘、肾病患者多食，同时女性也应该多吃。
"
29,14,1,source_ingredient_groups,"一般人均可食用。特别适合肺热咳嗽、便秘、肾病患者多食，同时女性也应该多吃。
"
29,18,1,source_ingredient_groups,"一般人均可食用。特别适合肺热咳嗽、便秘、肾病患者多食，同时女性也应该多吃。
"
29,33,1,source_ingredient_groups,"一般人均可食用。特别适合肺热咳嗽、便秘、肾病患者多食，同时女性也应该多吃。
"
29,34,1,source_ingredient_groups,"一般人均可食用。特别适合肺热咳嗽、便秘、肾病患者多食，同时女性也应该多吃。
"
29,35,1,source_ingredient_groups,"一般人均可食用。特别适合肺热咳嗽、便秘、肾病患者多食，同时女性也应该多吃。
"
29,38,1,source_ingredient_groups,"一般人均可食用。特别适合肺热咳嗽、便秘、肾病患者多食，同时女性也应该多吃。
"
29,39,1,source_ingredient_groups,"一般人均可食用。特别适合肺热咳嗽、便秘、肾病患者多食，同时女性也应该多吃。
"
29,46,1,source_ingredient_groups,"一般人均可食用。特别适合肺热咳嗽、便秘、肾病患者多食，同时女性也应该多吃。
"
29,62,1,source_ingredient_groups,"一般人均可食用。特别适合肺热咳嗽、便秘、肾病患者多食，同时女性也应该多吃。
"
29,63,1,source_ingredient_groups,"一般人均可食用。特别适合肺热咳嗽、便秘、肾病患者多食，同时女性也应该多吃。
"
29,66,1,source_ingredient_groups,"一般人均可食用。特别适合肺热咳嗽、便秘、肾病患者多食，同时女性也应该多吃。
"
29,67,1,source_ingredient_groups,"一般人均可食用。特别适合肺热咳嗽、便秘、肾病患者多食，同时女性也应该多吃。
"
29,73,1,source_ingredient_groups,"一般人均可食用。特别适合肺热咳嗽、便秘、肾病患者多食，同时女性也应该多吃。
"
29,81,0,tcm_not_user,大白菜性偏寒凉，胃寒腹痛、大便溏泻及寒痢者不可多食
29,90,0,tcm_not_user,大白菜性偏寒凉，胃寒腹痛、大便溏泻及寒痢者不可多食
30,14,1,source_ingredient_groups,原始结构化适宜人群关系
30,18,1,source_ingredient_groups,原始结构化适宜人群关系
30,34,1,source_ingredient_groups,原始结构化适宜人群关系
30,35,1,source_ingredient_groups,原始结构化适宜人群关系
30,38,1,source_ingredient_groups,原始结构化适宜人群关系
30,47,1,source_ingredient_groups,原始结构化适宜人群关系
30,62,1,source_ingredient_groups,原始结构化适宜人群关系
30,76,1,source_ingredient_groups,原始结构化适宜人群关系
31,14,1,source_ingredient_groups,原始结构化适宜人群关系
31,18,1,source_ingredient_groups,原始结构化适宜人群关系
31,34,1,source_ingredient_groups,原始结构化适宜人群关系
31,35,1,source_ingredient_groups,原始结构化适宜人群关系
31,38,1,source_ingredient_groups,原始结构化适宜人群关系
31,47,1,source_ingredient_groups,原始结构化适宜人群关系
31,62,1,source_ingredient_groups,原始结构化适宜人群关系
31,65,1,source_ingredient_groups,原始结构化适宜人群关系
31,76,1,source_ingredient_groups,原始结构化适宜人群关系
32,14,1,source_ingredient_groups,原始结构化适宜人群关系
32,18,1,source_ingredient_groups,原始结构化适宜人群关系
32,34,1,source_ingredient_groups,原始结构化适宜人群关系
32,35,1,source_ingredient_groups,原始结构化适宜人群关系
32,38,1,source_ingredient_groups,原始结构化适宜人群关系
32,62,1,source_ingredient_groups,原始结构化适宜人群关系
32,76,1,source_ingredient_groups,原始结构化适宜人群关系
33,14,1,source_ingredient_groups,原始结构化适宜人群关系
33,18,1,source_ingredient_groups,原始结构化适宜人群关系
33,27,1,source_ingredient_groups,原始结构化适宜人群关系
33,34,1,source_ingredient_groups,原始结构化适宜人群关系
33,35,1,source_ingredient_groups,原始结构化适宜人群关系
33,38,1,source_ingredient_groups,原始结构化适宜人群关系
33,57,1,source_ingredient_groups,原始结构化适宜人群关系
33,59,1,source_ingredient_groups,原始结构化适宜人群关系
33,62,1,source_ingredient_groups,原始结构化适宜人群关系
33,76,1,source_ingredient_groups,原始结构化适宜人群关系
34,14,1,source_ingredient_groups,原始结构化适宜人群关系
34,18,1,source_ingredient_groups,原始结构化适宜人群关系
34,34,1,source_ingredient_groups,原始结构化适宜人群关系
34,35,1,source_ingredient_groups,原始结构化适宜人群关系
34,47,1,source_ingredient_groups,原始结构化适宜人群关系
34,62,1,source_ingredient_groups,原始结构化适宜人群关系
34,65,1,source_ingredient_groups,原始结构化适宜人群关系
34,76,1,source_ingredient_groups,原始结构化适宜人群关系
35,14,1,source_ingredient_groups,一般人均可食用适宜肝肾不足所致的眩晕、眼花、视物不清、腰酸腿软、耳鸣耳聋、发枯发落、头发早白之人食用；适宜妇女产后乳汁缺乏者食用；适宜身体虚弱、贫血、高脂血症、高血压病、老年哮喘、肺结核，以及荨麻疹，习惯性便秘者食用；适宜糖尿病、血小板减少性紫瘴、慢性神经炎、末梢神经麻痹、痔疮以及出血性素质者食用。
35,18,1,source_ingredient_groups,一般人均可食用适宜肝肾不足所致的眩晕、眼花、视物不清、腰酸腿软、耳鸣耳聋、发枯发落、头发早白之人食用；适宜妇女产后乳汁缺乏者食用；适宜身体虚弱、贫血、高脂血症、高血压病、老年哮喘、肺结核，以及荨麻疹，习惯性便秘者食用；适宜糖尿病、血小板减少性紫瘴、慢性神经炎、末梢神经麻痹、痔疮以及出血性素质者食用。
35,27,1,source_ingredient_groups,一般人均可食用适宜肝肾不足所致的眩晕、眼花、视物不清、腰酸腿软、耳鸣耳聋、发枯发落、头发早白之人食用；适宜妇女产后乳汁缺乏者食用；适宜身体虚弱、贫血、高脂血症、高血压病、老年哮喘、肺结核，以及荨麻疹，习惯性便秘者食用；适宜糖尿病、血小板减少性紫瘴、慢性神经炎、末梢神经麻痹、痔疮以及出血性素质者食用。
35,34,1,source_ingredient_groups,一般人均可食用适宜肝肾不足所致的眩晕、眼花、视物不清、腰酸腿软、耳鸣耳聋、发枯发落、头发早白之人食用；适宜妇女产后乳汁缺乏者食用；适宜身体虚弱、贫血、高脂血症、高血压病、老年哮喘、肺结核，以及荨麻疹，习惯性便秘者食用；适宜糖尿病、血小板减少性紫瘴、慢性神经炎、末梢神经麻痹、痔疮以及出血性素质者食用。
35,35,1,source_ingredient_groups,一般人均可食用适宜肝肾不足所致的眩晕、眼花、视物不清、腰酸腿软、耳鸣耳聋、发枯发落、头发早白之人食用；适宜妇女产后乳汁缺乏者食用；适宜身体虚弱、贫血、高脂血症、高血压病、老年哮喘、肺结核，以及荨麻疹，习惯性便秘者食用；适宜糖尿病、血小板减少性紫瘴、慢性神经炎、末梢神经麻痹、痔疮以及出血性素质者食用。
35,38,1,source_ingredient_groups,一般人均可食用适宜肝肾不足所致的眩晕、眼花、视物不清、腰酸腿软、耳鸣耳聋、发枯发落、头发早白之人食用；适宜妇女产后乳汁缺乏者食用；适宜身体虚弱、贫血、高脂血症、高血压病、老年哮喘、肺结核，以及荨麻疹，习惯性便秘者食用；适宜糖尿病、血小板减少性紫瘴、慢性神经炎、末梢神经麻痹、痔疮以及出血性素质者食用。
35,47,1,source_ingredient_groups,一般人均可食用适宜肝肾不足所致的眩晕、眼花、视物不清、腰酸腿软、耳鸣耳聋、发枯发落、头发早白之人食用；适宜妇女产后乳汁缺乏者食用；适宜身体虚弱、贫血、高脂血症、高血压病、老年哮喘、肺结核，以及荨麻疹，习惯性便秘者食用；适宜糖尿病、血小板减少性紫瘴、慢性神经炎、末梢神经麻痹、痔疮以及出血性素质者食用。
35,62,1,source_ingredient_groups,一般人均可食用适宜肝肾不足所致的眩晕、眼花、视物不清、腰酸腿软、耳鸣耳聋、发枯发落、头发早白之人食用；适宜妇女产后乳汁缺乏者食用；适宜身体虚弱、贫血、高脂血症、高血压病、老年哮喘、肺结核，以及荨麻疹，习惯性便秘者食用；适宜糖尿病、血小板减少性紫瘴、慢性神经炎、末梢神经麻痹、痔疮以及出血性素质者食用。
35,65,1,source_ingredient_groups,一般人均可食用适宜肝肾不足所致的眩晕、眼花、视物不清、腰酸腿软、耳鸣耳聋、发枯发落、头发早白之人食用；适宜妇女产后乳汁缺乏者食用；适宜身体虚弱、贫血、高脂血症、高血压病、老年哮喘、肺结核，以及荨麻疹，习惯性便秘者食用；适宜糖尿病、血小板减少性紫瘴、慢性神经炎、末梢神经麻痹、痔疮以及出血性素质者食用。
35,76,1,source_ingredient_groups,一般人均可食用适宜肝肾不足所致的眩晕、眼花、视物不清、腰酸腿软、耳鸣耳聋、发枯发落、头发早白之人食用；适宜妇女产后乳汁缺乏者食用；适宜身体虚弱、贫血、高脂血症、高血压病、老年哮喘、肺结核，以及荨麻疹，习惯性便秘者食用；适宜糖尿病、血小板减少性紫瘴、慢性神经炎、末梢神经麻痹、痔疮以及出血性素质者食用。
35,81,0,tcm_not_user,患有慢性肠炎、便溏腹泻者忌食
35,87,0,tcm_not_user,患有慢性肠炎、便溏腹泻者忌食
36,14,1,source_ingredient_groups,原始结构化适宜人群关系
36,18,1,source_ingredient_groups,原始结构化适宜人群关系
36,23,1,source_ingredient_groups,原始结构化适宜人群关系
36,34,1,source_ingredient_groups,原始结构化适宜人群关系
36,35,1,source_ingredient_groups,原始结构化适宜人群关系
36,38,1,source_ingredient_groups,原始结构化适宜人群关系
36,47,1,source_ingredient_groups,原始结构化适宜人群关系
36,62,1,source_ingredient_groups,原始结构化适宜人群关系
36,76,1,source_ingredient_groups,原始结构化适宜人群关系
37,14,1,source_ingredient_groups,原始结构化适宜人群关系
37,18,1,source_ingredient_groups,原始结构化适宜人群关系
37,34,1,source_ingredient_groups,原始结构化适宜人群关系
37,35,1,source_ingredient_groups,原始结构化适宜人群关系
37,38,1,source_ingredient_groups,原始结构化适宜人群关系
37,62,1,source_ingredient_groups,原始结构化适宜人群关系
38,14,1,source_ingredient_groups,原始结构化适宜人群关系
38,18,1,source_ingredient_groups,原始结构化适宜人群关系
38,34,1,source_ingredient_groups,原始结构化适宜人群关系
38,35,1,source_ingredient_groups,原始结构化适宜人群关系
38,62,1,source_ingredient_groups,原始结构化适宜人群关系
38,65,1,source_ingredient_groups,原始结构化适宜人群关系
39,14,1,source_ingredient_groups,原始结构化适宜人群关系
39,18,1,source_ingredient_groups,原始结构化适宜人群关系
39,34,1,source_ingredient_groups,原始结构化适宜人群关系
39,35,1,source_ingredient_groups,原始结构化适宜人群关系
39,38,1,source_ingredient_groups,原始结构化适宜人群关系
39,62,1,source_ingredient_groups,原始结构化适宜人群关系
39,76,1,source_ingredient_groups,原始结构化适宜人群关系
40,14,1,source_ingredient_groups,原始结构化适宜人群关系
40,18,1,source_ingredient_groups,原始结构化适宜人群关系
40,34,1,source_ingredient_groups,原始结构化适宜人群关系
40,35,1,source_ingredient_groups,原始结构化适宜人群关系
40,38,1,source_ingredient_groups,原始结构化适宜人群关系
40,47,1,source_ingredient_groups,原始结构化适宜人群关系
40,57,1,source_ingredient_groups,原始结构化适宜人群关系
40,59,1,source_ingredient_groups,原始结构化适宜人群关系
40,62,1,source_ingredient_groups,原始结构化适宜人群关系
40,76,1,source_ingredient_groups,原始结构化适宜人群关系
41,4,1,source_ingredient_groups,原始结构化适宜人群关系
41,11,1,source_ingredient_groups,原始结构化适宜人群关系
41,14,1,source_ingredient_groups,原始结构化适宜人群关系
41,18,1,source_ingredient_groups,原始结构化适宜人群关系
41,34,1,source_ingredient_groups,原始结构化适宜人群关系
41,35,1,source_ingredient_groups,原始结构化适宜人群关系
41,38,1,source_ingredient_groups,原始结构化适宜人群关系
41,47,1,source_ingredient_groups,原始结构化适宜人群关系
41,62,1,source_ingredient_groups,原始结构化适宜人群关系
41,76,1,source_ingredient_groups,原始结构化适宜人群关系
42,14,1,source_ingredient_groups,原始结构化适宜人群关系
42,18,1,source_ingredient_groups,原始结构化适宜人群关系
42,34,1,source_ingredient_groups,原始结构化适宜人群关系
42,35,1,source_ingredient_groups,原始结构化适宜人群关系
42,62,1,source_ingredient_groups,原始结构化适宜人群关系
42,76,1,source_ingredient_groups,原始结构化适宜人群关系
43,14,1,source_ingredient_groups,原始结构化适宜人群关系
43,18,1,source_ingredient_groups,原始结构化适宜人群关系
43,34,1,source_ingredient_groups,原始结构化适宜人群关系
43,35,1,source_ingredient_groups,原始结构化适宜人群关系
43,38,1,source_ingredient_groups,原始结构化适宜人群关系
43,47,1,source_ingredient_groups,原始结构化适宜人群关系
43,62,1,source_ingredient_groups,原始结构化适宜人群关系
44,14,1,source_ingredient_groups,"一般人均可食用。特别适宜患口腔溃疡、口角湿白、齿龈出血、牙齿松动、淤血腹痛、癌症患者。
"
44,18,1,source_ingredient_groups,"一般人均可食用。特别适宜患口腔溃疡、口角湿白、齿龈出血、牙齿松动、淤血腹痛、癌症患者。
"
44,34,1,source_ingredient_groups,"一般人均可食用。特别适宜患口腔溃疡、口角湿白、齿龈出血、牙齿松动、淤血腹痛、癌症患者。
"
44,35,0,tcm_not_user,痧痘、孕早期妇女、目疾患者、小儿麻疹后期、疥疮、狐臭等慢性病患者要少食
44,62,1,source_ingredient_groups,"一般人均可食用。特别适宜患口腔溃疡、口角湿白、齿龈出血、牙齿松动、淤血腹痛、癌症患者。
"
44,89,0,tcm_not_user,痧痘、孕早期妇女、目疾患者、小儿麻疹后期、疥疮、狐臭等慢性病患者要少食
44,97,0,tcm_not_user,痧痘、孕早期妇女、目疾患者、小儿麻疹后期、疥疮、狐臭等慢性病患者要少食
45,14,1,source_ingredient_groups,原始结构化适宜人群关系
45,18,1,source_ingredient_groups,原始结构化适宜人群关系
45,34,1,source_ingredient_groups,原始结构化适宜人群关系
45,35,1,source_ingredient_groups,原始结构化适宜人群关系
45,62,1,source_ingredient_groups,原始结构化适宜人群关系
46,14,1,source_ingredient_groups,1.一般人群均可食用。2.适合气血不足、营养不良的老人、儿童、癌症患者、肝脏病及胃、肠道溃疡、心脑血管疾病患者食用。
46,18,1,source_ingredient_groups,1.一般人群均可食用。2.适合气血不足、营养不良的老人、儿童、癌症患者、肝脏病及胃、肠道溃疡、心脑血管疾病患者食用。
46,23,1,source_ingredient_groups,1.一般人群均可食用。2.适合气血不足、营养不良的老人、儿童、癌症患者、肝脏病及胃、肠道溃疡、心脑血管疾病患者食用。
46,34,1,source_ingredient_groups,1.一般人群均可食用。2.适合气血不足、营养不良的老人、儿童、癌症患者、肝脏病及胃、肠道溃疡、心脑血管疾病患者食用。
46,35,1,source_ingredient_groups,1.一般人群均可食用。2.适合气血不足、营养不良的老人、儿童、癌症患者、肝脏病及胃、肠道溃疡、心脑血管疾病患者食用。
46,38,1,source_ingredient_groups,1.一般人群均可食用。2.适合气血不足、营养不良的老人、儿童、癌症患者、肝脏病及胃、肠道溃疡、心脑血管疾病患者食用。
46,62,1,source_ingredient_groups,1.一般人群均可食用。2.适合气血不足、营养不良的老人、儿童、癌症患者、肝脏病及胃、肠道溃疡、心脑血管疾病患者食用。
46,90,0,tcm_not_user,脾胃虚寒者金针菇不宜吃得太多
47,14,1,source_ingredient_groups,原始结构化适宜人群关系
47,18,1,source_ingredient_groups,原始结构化适宜人群关系
47,34,1,source_ingredient_groups,原始结构化适宜人群关系
47,35,1,source_ingredient_groups,原始结构化适宜人群关系
47,38,1,source_ingredient_groups,原始结构化适宜人群关系
47,47,1,source_ingredient_groups,原始结构化适宜人群关系
47,62,1,source_ingredient_groups,原始结构化适宜人群关系
47,65,1,source_ingredient_groups,原始结构化适宜人群关系
47,76,1,source_ingredient_groups,原始结构化适宜人群关系
48,14,1,source_ingredient_groups,一般人群均能食用。适宜便秘、产后乳汁不足女性、寒性体质等人。
48,18,1,source_ingredient_groups,一般人群均能食用。适宜便秘、产后乳汁不足女性、寒性体质等人。
48,34,1,source_ingredient_groups,一般人群均能食用。适宜便秘、产后乳汁不足女性、寒性体质等人。
48,35,1,source_ingredient_groups,一般人群均能食用。适宜便秘、产后乳汁不足女性、寒性体质等人。
48,47,1,source_ingredient_groups,一般人群均能食用。适宜便秘、产后乳汁不足女性、寒性体质等人。
48,62,1,source_ingredient_groups,一般人群均能食用。适宜便秘、产后乳汁不足女性、寒性体质等人。
48,76,1,source_ingredient_groups,一般人群均能食用。适宜便秘、产后乳汁不足女性、寒性体质等人。
48,77,0,tcm_not_user,多食会上火且不易消化，因此阴虚火旺、有眼病和胃肠虚弱的人不宜多食
48,101,0,tcm_not_user,多食会上火且不易消化，因此阴虚火旺、有眼病和胃肠虚弱的人不宜多食
49,14,1,source_ingredient_groups,原始结构化适宜人群关系
49,18,1,source_ingredient_groups,原始结构化适宜人群关系
49,34,1,source_ingredient_groups,原始结构化适宜人群关系
49,35,1,source_ingredient_groups,原始结构化适宜人群关系
49,38,1,source_ingredient_groups,原始结构化适宜人群关系
49,47,1,source_ingredient_groups,原始结构化适宜人群关系
49,62,1,source_ingredient_groups,原始结构化适宜人群关系
49,76,1,source_ingredient_groups,原始结构化适宜人群关系
50,14,1,source_ingredient_groups,原始结构化适宜人群关系
50,18,1,source_ingredient_groups,原始结构化适宜人群关系
50,34,1,source_ingredient_groups,原始结构化适宜人群关系
50,35,1,source_ingredient_groups,原始结构化适宜人群关系
50,62,1,source_ingredient_groups,原始结构化适宜人群关系
51,18,1,source_ingredient_groups,原始结构化适宜人群关系
51,35,1,source_ingredient_groups,原始结构化适宜人群关系
51,62,1,source_ingredient_groups,原始结构化适宜人群关系
52,14,1,source_ingredient_groups,原始结构化适宜人群关系
52,18,1,source_ingredient_groups,原始结构化适宜人群关系
52,29,1,source_ingredient_groups,原始结构化适宜人群关系
52,34,1,source_ingredient_groups,原始结构化适宜人群关系
52,35,1,source_ingredient_groups,原始结构化适宜人群关系
52,38,1,source_ingredient_groups,原始结构化适宜人群关系
52,47,1,source_ingredient_groups,原始结构化适宜人群关系
52,62,1,source_ingredient_groups,原始结构化适宜人群关系
52,76,1,source_ingredient_groups,原始结构化适宜人群关系
53,9,1,source_ingredient_groups,原始结构化适宜人群关系
53,14,1,source_ingredient_groups,原始结构化适宜人群关系
53,18,1,source_ingredient_groups,原始结构化适宜人群关系
53,23,1,source_ingredient_groups,原始结构化适宜人群关系
53,27,1,source_ingredient_groups,原始结构化适宜人群关系
53,34,1,source_ingredient_groups,原始结构化适宜人群关系
53,35,1,source_ingredient_groups,原始结构化适宜人群关系
53,38,1,source_ingredient_groups,原始结构化适宜人群关系
53,39,1,source_ingredient_groups,原始结构化适宜人群关系
53,46,1,source_ingredient_groups,原始结构化适宜人群关系
53,47,1,source_ingredient_groups,原始结构化适宜人群关系
53,62,1,source_ingredient_groups,原始结构化适宜人群关系
53,66,1,source_ingredient_groups,原始结构化适宜人群关系
54,14,1,source_ingredient_groups,原始结构化适宜人群关系
54,18,1,source_ingredient_groups,原始结构化适宜人群关系
54,34,1,source_ingredient_groups,原始结构化适宜人群关系
54,35,1,source_ingredient_groups,原始结构化适宜人群关系
54,38,1,source_ingredient_groups,原始结构化适宜人群关系
54,62,1,source_ingredient_groups,原始结构化适宜人群关系
54,65,1,source_ingredient_groups,原始结构化适宜人群关系
55,14,1,source_ingredient_groups,原始结构化适宜人群关系
55,18,1,source_ingredient_groups,原始结构化适宜人群关系
55,34,1,source_ingredient_groups,原始结构化适宜人群关系
55,35,1,source_ingredient_groups,原始结构化适宜人群关系
55,62,1,source_ingredient_groups,原始结构化适宜人群关系
56,14,1,source_ingredient_groups,一般人群均可食用。慢性胃炎、消化不良、气滞不通者，便秘、慢性腹泻、神经性结肠炎，高血压、膏血脂和肥胖患者，癌症患者、贫血和维生素缺乏者尤其适合。准妈妈每天吃个苹果可以减轻孕期反应。
56,18,1,source_ingredient_groups,一般人群均可食用。慢性胃炎、消化不良、气滞不通者，便秘、慢性腹泻、神经性结肠炎，高血压、膏血脂和肥胖患者，癌症患者、贫血和维生素缺乏者尤其适合。准妈妈每天吃个苹果可以减轻孕期反应。
56,34,1,source_ingredient_groups,一般人群均可食用。慢性胃炎、消化不良、气滞不通者，便秘、慢性腹泻、神经性结肠炎，高血压、膏血脂和肥胖患者，癌症患者、贫血和维生素缺乏者尤其适合。准妈妈每天吃个苹果可以减轻孕期反应。
56,35,1,source_ingredient_groups,一般人群均可食用。慢性胃炎、消化不良、气滞不通者，便秘、慢性腹泻、神经性结肠炎，高血压、膏血脂和肥胖患者，癌症患者、贫血和维生素缺乏者尤其适合。准妈妈每天吃个苹果可以减轻孕期反应。
56,38,1,source_ingredient_groups,一般人群均可食用。慢性胃炎、消化不良、气滞不通者，便秘、慢性腹泻、神经性结肠炎，高血压、膏血脂和肥胖患者，癌症患者、贫血和维生素缺乏者尤其适合。准妈妈每天吃个苹果可以减轻孕期反应。
56,61,0,tcm_not_user,肾炎和糖尿病患者不宜多吃
56,62,1,source_ingredient_groups,一般人群均可食用。慢性胃炎、消化不良、气滞不通者，便秘、慢性腹泻、神经性结肠炎，高血压、膏血脂和肥胖患者，癌症患者、贫血和维生素缺乏者尤其适合。准妈妈每天吃个苹果可以减轻孕期反应。
56,79,0,tcm_not_user,肾炎和糖尿病患者不宜多吃
57,14,1,source_ingredient_groups,原始结构化适宜人群关系
57,18,1,source_ingredient_groups,原始结构化适宜人群关系
57,27,1,source_ingredient_groups,原始结构化适宜人群关系
57,34,1,source_ingredient_groups,原始结构化适宜人群关系
57,35,1,source_ingredient_groups,原始结构化适宜人群关系
57,38,1,source_ingredient_groups,原始结构化适宜人群关系
57,47,1,source_ingredient_groups,原始结构化适宜人群关系
57,62,1,source_ingredient_groups,原始结构化适宜人群关系
57,76,1,source_ingredient_groups,原始结构化适宜人群关系
58,14,1,source_ingredient_groups,原始结构化适宜人群关系
58,18,1,source_ingredient_groups,原始结构化适宜人群关系
58,34,1,source_ingredient_groups,原始结构化适宜人群关系
58,35,1,source_ingredient_groups,原始结构化适宜人群关系
58,62,1,source_ingredient_groups,原始结构化适宜人群关系
59,14,1,source_ingredient_groups,原始结构化适宜人群关系
59,18,1,source_ingredient_groups,原始结构化适宜人群关系
59,27,1,source_ingredient_groups,原始结构化适宜人群关系
59,35,1,source_ingredient_groups,原始结构化适宜人群关系
59,62,1,source_ingredient_groups,原始结构化适宜人群关系
59,76,1,source_ingredient_groups,原始结构化适宜人群关系
60,14,1,source_ingredient_groups,原始结构化适宜人群关系
60,18,1,source_ingredient_groups,原始结构化适宜人群关系
60,34,1,source_ingredient_groups,原始结构化适宜人群关系
60,35,1,source_ingredient_groups,原始结构化适宜人群关系
60,38,1,source_ingredient_groups,原始结构化适宜人群关系
60,47,1,source_ingredient_groups,原始结构化适宜人群关系
60,62,1,source_ingredient_groups,原始结构化适宜人群关系
60,76,1,source_ingredient_groups,原始结构化适宜人群关系
61,14,1,source_ingredient_groups,原始结构化适宜人群关系
61,18,1,source_ingredient_groups,原始结构化适宜人群关系
61,34,1,source_ingredient_groups,原始结构化适宜人群关系
61,35,1,source_ingredient_groups,原始结构化适宜人群关系
61,38,1,source_ingredient_groups,原始结构化适宜人群关系
61,47,1,source_ingredient_groups,原始结构化适宜人群关系
61,62,1,source_ingredient_groups,原始结构化适宜人群关系
62,18,1,source_ingredient_groups,原始结构化适宜人群关系
62,62,1,source_ingredient_groups,原始结构化适宜人群关系
63,14,1,source_ingredient_groups,一般人都可食用。
63,18,1,source_ingredient_groups,一般人都可食用。
63,27,1,source_ingredient_groups,一般人都可食用。
63,34,1,source_ingredient_groups,一般人都可食用。
63,35,0,tcm_not_user,时胃溃疡、十二指肠溃疡、慢性胃炎、单纯甲状腺肿、先兆流产、子宫脱垂等患者忌吃
63,38,1,source_ingredient_groups,一般人都可食用。
63,62,1,source_ingredient_groups,一般人都可食用。
63,76,1,source_ingredient_groups,一般人都可食用。
63,81,0,tcm_not_user,萝卜性偏寒凉而利肠，脾虚泄泻者慎食或少食
63,86,0,tcm_not_user,时胃溃疡、十二指肠溃疡、慢性胃炎、单纯甲状腺肿、先兆流产、子宫脱垂等患者忌吃
63,87,0,tcm_not_user,时胃溃疡、十二指肠溃疡、慢性胃炎、单纯甲状腺肿、先兆流产、子宫脱垂等患者忌吃
63,102,0,tcm_not_user,时胃溃疡、十二指肠溃疡、慢性胃炎、单纯甲状腺肿、先兆流产、子宫脱垂等患者忌吃
64,14,1,source_ingredient_groups,一般人群都能食用，适宜体虚自汗、盗汗、多汗、血虚头晕眼花、脾虚腹泻之人食用；适宜肺结核、神经衰弱、病后产后之人食用。
64,18,1,source_ingredient_groups,一般人群都能食用，适宜体虚自汗、盗汗、多汗、血虚头晕眼花、脾虚腹泻之人食用；适宜肺结核、神经衰弱、病后产后之人食用。
64,34,1,source_ingredient_groups,一般人群都能食用，适宜体虚自汗、盗汗、多汗、血虚头晕眼花、脾虚腹泻之人食用；适宜肺结核、神经衰弱、病后产后之人食用。
64,35,1,source_ingredient_groups,一般人群都能食用，适宜体虚自汗、盗汗、多汗、血虚头晕眼花、脾虚腹泻之人食用；适宜肺结核、神经衰弱、病后产后之人食用。
64,38,1,source_ingredient_groups,一般人群都能食用，适宜体虚自汗、盗汗、多汗、血虚头晕眼花、脾虚腹泻之人食用；适宜肺结核、神经衰弱、病后产后之人食用。
64,47,1,source_ingredient_groups,一般人群都能食用，适宜体虚自汗、盗汗、多汗、血虚头晕眼花、脾虚腹泻之人食用；适宜肺结核、神经衰弱、病后产后之人食用。
64,61,0,tcm_not_user,糖尿病患者不食或少食
64,62,1,source_ingredient_groups,一般人群都能食用，适宜体虚自汗、盗汗、多汗、血虚头晕眼花、脾虚腹泻之人食用；适宜肺结核、神经衰弱、病后产后之人食用。
64,65,1,source_ingredient_groups,一般人群都能食用，适宜体虚自汗、盗汗、多汗、血虚头晕眼花、脾虚腹泻之人食用；适宜肺结核、神经衰弱、病后产后之人食用。
64,76,1,source_ingredient_groups,一般人群都能食用，适宜体虚自汗、盗汗、多汗、血虚头晕眼花、脾虚腹泻之人食用；适宜肺结核、神经衰弱、病后产后之人食用。
64,91,0,tcm_not_user,发热、咳嗽痰黄、黄疸、腹胀之人忌食
64,94,0,tcm_not_user,凡湿热痰火偏盛之人忌食
65,14,1,source_ingredient_groups,一般人群均可食用。
65,18,1,source_ingredient_groups,一般人群均可食用。
65,34,1,source_ingredient_groups,一般人群均可食用。
65,35,1,source_ingredient_groups,一般人群均可食用。
65,47,1,source_ingredient_groups,一般人群均可食用。
65,62,1,source_ingredient_groups,一般人群均可食用。
65,76,1,source_ingredient_groups,一般人群均可食用。
66,35,1,source_ingredient_groups,原始结构化适宜人群关系
66,62,1,source_ingredient_groups,原始结构化适宜人群关系
67,14,1,source_ingredient_groups,原始结构化适宜人群关系
67,18,1,source_ingredient_groups,原始结构化适宜人群关系
67,34,1,source_ingredient_groups,原始结构化适宜人群关系
67,35,1,source_ingredient_groups,原始结构化适宜人群关系
67,62,1,source_ingredient_groups,原始结构化适宜人群关系
67,76,1,source_ingredient_groups,原始结构化适宜人群关系
68,9,1,source_ingredient_groups,原始结构化适宜人群关系
68,14,1,source_ingredient_groups,原始结构化适宜人群关系
68,18,1,source_ingredient_groups,原始结构化适宜人群关系
68,27,1,source_ingredient_groups,原始结构化适宜人群关系
68,34,1,source_ingredient_groups,原始结构化适宜人群关系
68,35,1,source_ingredient_groups,原始结构化适宜人群关系
68,39,1,source_ingredient_groups,原始结构化适宜人群关系
68,46,1,source_ingredient_groups,原始结构化适宜人群关系
68,62,1,source_ingredient_groups,原始结构化适宜人群关系
68,66,1,source_ingredient_groups,原始结构化适宜人群关系
69,14,1,source_ingredient_groups,原始结构化适宜人群关系
69,18,1,source_ingredient_groups,原始结构化适宜人群关系
69,34,1,source_ingredient_groups,原始结构化适宜人群关系
69,35,1,source_ingredient_groups,原始结构化适宜人群关系
69,62,1,source_ingredient_groups,原始结构化适宜人群关系
70,14,1,source_ingredient_groups,原始结构化适宜人群关系
70,18,1,source_ingredient_groups,原始结构化适宜人群关系
70,27,1,source_ingredient_groups,原始结构化适宜人群关系
70,34,1,source_ingredient_groups,原始结构化适宜人群关系
70,35,1,source_ingredient_groups,原始结构化适宜人群关系
70,62,1,source_ingredient_groups,原始结构化适宜人群关系
71,14,1,source_ingredient_groups,原始结构化适宜人群关系
71,18,1,source_ingredient_groups,原始结构化适宜人群关系
71,35,1,source_ingredient_groups,原始结构化适宜人群关系
71,62,1,source_ingredient_groups,原始结构化适宜人群关系
71,65,1,source_ingredient_groups,原始结构化适宜人群关系
72,14,1,source_ingredient_groups,原始结构化适宜人群关系
72,18,1,source_ingredient_groups,原始结构化适宜人群关系
72,34,1,source_ingredient_groups,原始结构化适宜人群关系
72,35,1,source_ingredient_groups,原始结构化适宜人群关系
72,38,1,source_ingredient_groups,原始结构化适宜人群关系
72,47,1,source_ingredient_groups,原始结构化适宜人群关系
72,62,1,source_ingredient_groups,原始结构化适宜人群关系
73,14,1,source_ingredient_groups,原始结构化适宜人群关系
73,18,1,source_ingredient_groups,原始结构化适宜人群关系
73,34,1,source_ingredient_groups,原始结构化适宜人群关系
73,35,1,source_ingredient_groups,原始结构化适宜人群关系
73,62,1,source_ingredient_groups,原始结构化适宜人群关系
74,14,1,source_ingredient_groups,原始结构化适宜人群关系
74,18,1,source_ingredient_groups,原始结构化适宜人群关系
74,34,1,source_ingredient_groups,原始结构化适宜人群关系
74,35,1,source_ingredient_groups,原始结构化适宜人群关系
74,62,1,source_ingredient_groups,原始结构化适宜人群关系
75,14,1,source_ingredient_groups,原始结构化适宜人群关系
75,18,1,source_ingredient_groups,原始结构化适宜人群关系
75,34,1,source_ingredient_groups,原始结构化适宜人群关系
75,35,1,source_ingredient_groups,原始结构化适宜人群关系
75,62,1,source_ingredient_groups,原始结构化适宜人群关系
76,14,1,source_ingredient_groups,原始结构化适宜人群关系
76,18,1,source_ingredient_groups,原始结构化适宜人群关系
76,33,1,source_ingredient_groups,原始结构化适宜人群关系
76,34,1,source_ingredient_groups,原始结构化适宜人群关系
76,35,1,source_ingredient_groups,原始结构化适宜人群关系
76,38,1,source_ingredient_groups,原始结构化适宜人群关系
76,62,1,source_ingredient_groups,原始结构化适宜人群关系
76,67,1,source_ingredient_groups,原始结构化适宜人群关系
76,73,1,source_ingredient_groups,原始结构化适宜人群关系
76,76,1,source_ingredient_groups,原始结构化适宜人群关系
77,14,1,source_ingredient_groups,原始结构化适宜人群关系
77,18,1,source_ingredient_groups,原始结构化适宜人群关系
77,34,1,source_ingredient_groups,原始结构化适宜人群关系
77,35,1,source_ingredient_groups,原始结构化适宜人群关系
77,38,1,source_ingredient_groups,原始结构化适宜人群关系
77,62,1,source_ingredient_groups,原始结构化适宜人群关系
78,14,1,source_ingredient_groups,原始结构化适宜人群关系
78,18,1,source_ingredient_groups,原始结构化适宜人群关系
78,34,1,source_ingredient_groups,原始结构化适宜人群关系
78,35,1,source_ingredient_groups,原始结构化适宜人群关系
78,62,1,source_ingredient_groups,原始结构化适宜人群关系
79,14,1,source_ingredient_groups,一般人群均可食用，尤其适宜虚劳、风虚头痛、肝阳上亢高血压、头痛、久疟、心血管病人。
79,18,1,source_ingredient_groups,一般人群均可食用，尤其适宜虚劳、风虚头痛、肝阳上亢高血压、头痛、久疟、心血管病人。
79,35,1,source_ingredient_groups,一般人群均可食用，尤其适宜虚劳、风虚头痛、肝阳上亢高血压、头痛、久疟、心血管病人。
79,62,1,source_ingredient_groups,一般人群均可食用，尤其适宜虚劳、风虚头痛、肝阳上亢高血压、头痛、久疟、心血管病人。
80,14,1,source_ingredient_groups,原始结构化适宜人群关系
80,18,1,source_ingredient_groups,原始结构化适宜人群关系
80,27,1,source_ingredient_groups,原始结构化适宜人群关系
80,35,1,source_ingredient_groups,原始结构化适宜人群关系
80,38,1,source_ingredient_groups,原始结构化适宜人群关系
80,62,1,source_ingredient_groups,原始结构化适宜人群关系
81,14,1,source_ingredient_groups,原始结构化适宜人群关系
81,18,1,source_ingredient_groups,原始结构化适宜人群关系
81,34,1,source_ingredient_groups,原始结构化适宜人群关系
81,35,1,source_ingredient_groups,原始结构化适宜人群关系
81,38,1,source_ingredient_groups,原始结构化适宜人群关系
81,62,1,source_ingredient_groups,原始结构化适宜人群关系
81,76,1,source_ingredient_groups,原始结构化适宜人群关系
82,14,1,source_ingredient_groups,原始结构化适宜人群关系
82,18,1,source_ingredient_groups,原始结构化适宜人群关系
82,35,1,source_ingredient_groups,原始结构化适宜人群关系
82,62,1,source_ingredient_groups,原始结构化适宜人群关系
83,14,1,source_ingredient_groups,一般人群均可食用。
83,18,1,source_ingredient_groups,一般人群均可食用。
83,27,1,source_ingredient_groups,一般人群均可食用。
83,34,1,source_ingredient_groups,一般人群均可食用。
83,35,1,source_ingredient_groups,一般人群均可食用。
83,38,1,source_ingredient_groups,一般人群均可食用。
83,57,1,source_ingredient_groups,一般人群均可食用。
83,59,1,source_ingredient_groups,一般人群均可食用。
83,62,1,source_ingredient_groups,一般人群均可食用。
84,14,1,source_ingredient_groups,原始结构化适宜人群关系
84,18,1,source_ingredient_groups,原始结构化适宜人群关系
84,35,1,source_ingredient_groups,原始结构化适宜人群关系
84,62,1,source_ingredient_groups,原始结构化适宜人群关系
84,76,1,source_ingredient_groups,原始结构化适宜人群关系
85,14,1,source_ingredient_groups,一般人群均可食用。适宜糖尿病患者、腹胀、病后虚弱者、慢性肾炎患者、长期腹泻者。
85,18,1,source_ingredient_groups,一般人群均可食用。适宜糖尿病患者、腹胀、病后虚弱者、慢性肾炎患者、长期腹泻者。
85,27,1,source_ingredient_groups,一般人群均可食用。适宜糖尿病患者、腹胀、病后虚弱者、慢性肾炎患者、长期腹泻者。
85,34,1,source_ingredient_groups,一般人群均可食用。适宜糖尿病患者、腹胀、病后虚弱者、慢性肾炎患者、长期腹泻者。
85,35,1,source_ingredient_groups,一般人群均可食用。适宜糖尿病患者、腹胀、病后虚弱者、慢性肾炎患者、长期腹泻者。
85,47,1,source_ingredient_groups,一般人群均可食用。适宜糖尿病患者、腹胀、病后虚弱者、慢性肾炎患者、长期腹泻者。
85,62,1,source_ingredient_groups,一般人群均可食用。适宜糖尿病患者、腹胀、病后虚弱者、慢性肾炎患者、长期腹泻者。
85,96,0,tcm_not_user,山药有收涩的作用，故大便燥结者不宜食用
86,14,1,source_ingredient_groups,原始结构化适宜人群关系
86,18,1,source_ingredient_groups,原始结构化适宜人群关系
86,34,1,source_ingredient_groups,原始结构化适宜人群关系
86,35,1,source_ingredient_groups,原始结构化适宜人群关系
86,38,1,source_ingredient_groups,原始结构化适宜人群关系
86,62,1,source_ingredient_groups,原始结构化适宜人群关系
87,14,1,source_ingredient_groups,原始结构化适宜人群关系
87,18,1,source_ingredient_groups,原始结构化适宜人群关系
87,27,1,source_ingredient_groups,原始结构化适宜人群关系
87,34,1,source_ingredient_groups,原始结构化适宜人群关系
87,35,1,source_ingredient_groups,原始结构化适宜人群关系
87,38,1,source_ingredient_groups,原始结构化适宜人群关系
87,47,1,source_ingredient_groups,原始结构化适宜人群关系
87,62,1,source_ingredient_groups,原始结构化适宜人群关系
87,65,1,source_ingredient_groups,原始结构化适宜人群关系
88,18,1,source_ingredient_groups,原始结构化适宜人群关系
88,34,1,source_ingredient_groups,原始结构化适宜人群关系
88,35,1,source_ingredient_groups,原始结构化适宜人群关系
88,47,1,source_ingredient_groups,原始结构化适宜人群关系
88,62,1,source_ingredient_groups,原始结构化适宜人群关系
89,14,1,source_ingredient_groups,一般人群均可使用
89,18,1,source_ingredient_groups,一般人群均可使用
89,35,1,source_ingredient_groups,一般人群均可使用
89,62,1,source_ingredient_groups,一般人群均可使用
89,80,0,tcm_not_user,"腰果含油脂丰富,故不适合胆功能严重不良者、肠炎腹泻患者和痰多患者食用"
89,81,0,tcm_not_user,"腰果含油脂丰富,故不适合胆功能严重不良者、肠炎腹泻患者和痰多患者食用"
89,87,0,tcm_not_user,"腰果含油脂丰富,故不适合胆功能严重不良者、肠炎腹泻患者和痰多患者食用"
89,94,0,tcm_not_user,"腰果含油脂丰富,故不适合胆功能严重不良者、肠炎腹泻患者和痰多患者食用"
89,95,0,tcm_not_user,"腰果含的脂肪酸属于良性脂肪酸的一种,虽不易使人发胖,但仍不宜食用过多,尤肥胖的人更要慎用"
90,14,1,source_ingredient_groups,原始结构化适宜人群关系
90,18,1,source_ingredient_groups,原始结构化适宜人群关系
90,34,1,source_ingredient_groups,原始结构化适宜人群关系
90,35,1,source_ingredient_groups,原始结构化适宜人群关系
90,38,1,source_ingredient_groups,原始结构化适宜人群关系
90,47,1,source_ingredient_groups,原始结构化适宜人群关系
90,62,1,source_ingredient_groups,原始结构化适宜人群关系
92,14,1,source_ingredient_groups,原始结构化适宜人群关系
92,18,1,source_ingredient_groups,原始结构化适宜人群关系
92,35,1,source_ingredient_groups,原始结构化适宜人群关系
92,62,1,source_ingredient_groups,原始结构化适宜人群关系
93,14,1,source_ingredient_groups,原始结构化适宜人群关系
93,18,1,source_ingredient_groups,原始结构化适宜人群关系
93,34,1,source_ingredient_groups,原始结构化适宜人群关系
93,35,1,source_ingredient_groups,原始结构化适宜人群关系
93,62,1,source_ingredient_groups,原始结构化适宜人群关系
94,14,1,source_ingredient_groups,一般人群均可食用。适宜中毒者、眼病患者、高血压患者、水肿患者、红眼病患者食用。
94,18,1,source_ingredient_groups,一般人群均可食用。适宜中毒者、眼病患者、高血压患者、水肿患者、红眼病患者食用。
94,34,1,source_ingredient_groups,一般人群均可食用。适宜中毒者、眼病患者、高血压患者、水肿患者、红眼病患者食用。
94,35,1,source_ingredient_groups,一般人群均可食用。适宜中毒者、眼病患者、高血压患者、水肿患者、红眼病患者食用。
94,38,1,source_ingredient_groups,一般人群均可食用。适宜中毒者、眼病患者、高血压患者、水肿患者、红眼病患者食用。
94,62,1,source_ingredient_groups,一般人群均可食用。适宜中毒者、眼病患者、高血压患者、水肿患者、红眼病患者食用。
94,65,1,source_ingredient_groups,一般人群均可食用。适宜中毒者、眼病患者、高血压患者、水肿患者、红眼病患者食用。
94,81,0,tcm_not_user,绿豆性寒凉，素体阳虚、脾胃虚寒、泄泻者慎食
94,90,0,tcm_not_user,绿豆性寒凉，素体阳虚、脾胃虚寒、泄泻者慎食
94,103,0,tcm_not_user,绿豆性寒凉，素体阳虚、脾胃虚寒、泄泻者慎食
95,14,1,source_ingredient_groups,原始结构化适宜人群关系
95,18,1,source_ingredient_groups,原始结构化适宜人群关系
95,35,1,source_ingredient_groups,原始结构化适宜人群关系
95,62,1,source_ingredient_groups,原始结构化适宜人群关系
95,76,1,source_ingredient_groups,原始结构化适宜人群关系
96,14,1,source_ingredient_groups,原始结构化适宜人群关系
96,18,1,source_ingredient_groups,原始结构化适宜人群关系
96,27,1,source_ingredient_groups,原始结构化适宜人群关系
96,34,1,source_ingredient_groups,原始结构化适宜人群关系
96,35,1,source_ingredient_groups,原始结构化适宜人群关系
96,62,1,source_ingredient_groups,原始结构化适宜人群关系
96,76,1,source_ingredient_groups,原始结构化适宜人群关系
97,14,1,source_ingredient_groups,原始结构化适宜人群关系
97,18,1,source_ingredient_groups,原始结构化适宜人群关系
97,34,1,source_ingredient_groups,原始结构化适宜人群关系
97,35,1,source_ingredient_groups,原始结构化适宜人群关系
97,62,1,source_ingredient_groups,原始结构化适宜人群关系
97,76,1,source_ingredient_groups,原始结构化适宜人群关系
98,14,1,source_ingredient_groups,原始结构化适宜人群关系
98,18,1,source_ingredient_groups,原始结构化适宜人群关系
98,34,1,source_ingredient_groups,原始结构化适宜人群关系
98,35,1,source_ingredient_groups,原始结构化适宜人群关系
98,38,1,source_ingredient_groups,原始结构化适宜人群关系
98,62,1,source_ingredient_groups,原始结构化适宜人群关系
99,14,1,source_ingredient_groups,原始结构化适宜人群关系
99,18,1,source_ingredient_groups,原始结构化适宜人群关系
99,34,1,source_ingredient_groups,原始结构化适宜人群关系
99,35,1,source_ingredient_groups,原始结构化适宜人群关系
99,62,1,source_ingredient_groups,原始结构化适宜人群关系
99,76,1,source_ingredient_groups,原始结构化适宜人群关系
100,14,1,source_ingredient_groups,原始结构化适宜人群关系
100,18,1,source_ingredient_groups,原始结构化适宜人群关系
100,34,1,source_ingredient_groups,原始结构化适宜人群关系
100,35,1,source_ingredient_groups,原始结构化适宜人群关系
100,62,1,source_ingredient_groups,原始结构化适宜人群关系
101,14,1,source_ingredient_groups,原始结构化适宜人群关系
101,18,1,source_ingredient_groups,原始结构化适宜人群关系
101,27,1,source_ingredient_groups,原始结构化适宜人群关系
101,34,1,source_ingredient_groups,原始结构化适宜人群关系
101,35,1,source_ingredient_groups,原始结构化适宜人群关系
101,38,1,source_ingredient_groups,原始结构化适宜人群关系
101,62,1,source_ingredient_groups,原始结构化适宜人群关系
102,14,1,source_ingredient_groups,原始结构化适宜人群关系
102,18,1,source_ingredient_groups,原始结构化适宜人群关系
102,34,1,source_ingredient_groups,原始结构化适宜人群关系
102,35,1,source_ingredient_groups,原始结构化适宜人群关系
102,47,1,source_ingredient_groups,原始结构化适宜人群关系
102,62,1,source_ingredient_groups,原始结构化适宜人群关系
102,65,1,source_ingredient_groups,原始结构化适宜人群关系
103,14,1,source_ingredient_groups,1.一般人都适合食用。2.尤其适合癌症、心血管系统疾病、肥胖、便秘、糖尿病、肝炎、肺结核、软骨病患者食用。
103,18,1,source_ingredient_groups,1.一般人都适合食用。2.尤其适合癌症、心血管系统疾病、肥胖、便秘、糖尿病、肝炎、肺结核、软骨病患者食用。
103,34,1,source_ingredient_groups,1.一般人都适合食用。2.尤其适合癌症、心血管系统疾病、肥胖、便秘、糖尿病、肝炎、肺结核、软骨病患者食用。
103,35,1,source_ingredient_groups,1.一般人都适合食用。2.尤其适合癌症、心血管系统疾病、肥胖、便秘、糖尿病、肝炎、肺结核、软骨病患者食用。
103,38,1,source_ingredient_groups,1.一般人都适合食用。2.尤其适合癌症、心血管系统疾病、肥胖、便秘、糖尿病、肝炎、肺结核、软骨病患者食用。
103,62,1,source_ingredient_groups,1.一般人都适合食用。2.尤其适合癌症、心血管系统疾病、肥胖、便秘、糖尿病、肝炎、肺结核、软骨病患者食用。
104,14,1,source_ingredient_groups,原始结构化适宜人群关系
104,18,1,source_ingredient_groups,原始结构化适宜人群关系
104,34,1,source_ingredient_groups,原始结构化适宜人群关系
104,35,1,source_ingredient_groups,原始结构化适宜人群关系
104,38,1,source_ingredient_groups,原始结构化适宜人群关系
104,62,1,source_ingredient_groups,原始结构化适宜人群关系
105,14,1,source_ingredient_groups,原始结构化适宜人群关系
105,18,1,source_ingredient_groups,原始结构化适宜人群关系
105,34,1,source_ingredient_groups,原始结构化适宜人群关系
105,35,1,source_ingredient_groups,原始结构化适宜人群关系
105,47,1,source_ingredient_groups,原始结构化适宜人群关系
105,62,1,source_ingredient_groups,原始结构化适宜人群关系
106,14,1,source_ingredient_groups,原始结构化适宜人群关系
106,18,1,source_ingredient_groups,原始结构化适宜人群关系
106,34,1,source_ingredient_groups,原始结构化适宜人群关系
106,35,1,source_ingredient_groups,原始结构化适宜人群关系
106,62,1,source_ingredient_groups,原始结构化适宜人群关系
106,65,1,source_ingredient_groups,原始结构化适宜人群关系
107,14,1,source_ingredient_groups,原始结构化适宜人群关系
107,18,1,source_ingredient_groups,原始结构化适宜人群关系
107,27,1,source_ingredient_groups,原始结构化适宜人群关系
107,34,1,source_ingredient_groups,原始结构化适宜人群关系
107,35,1,source_ingredient_groups,原始结构化适宜人群关系
107,62,1,source_ingredient_groups,原始结构化适宜人群关系
107,76,1,source_ingredient_groups,原始结构化适宜人群关系
108,14,1,source_ingredient_groups,一般人群均可食用。适宜肾病、水肿、肝硬化腹水、癌症、脚气病、高血压、糖尿病、动脉硬化、冠心病、肥胖、以及缺乏维生素C者多食。
108,18,1,source_ingredient_groups,一般人群均可食用。适宜肾病、水肿、肝硬化腹水、癌症、脚气病、高血压、糖尿病、动脉硬化、冠心病、肥胖、以及缺乏维生素C者多食。
108,34,1,source_ingredient_groups,一般人群均可食用。适宜肾病、水肿、肝硬化腹水、癌症、脚气病、高血压、糖尿病、动脉硬化、冠心病、肥胖、以及缺乏维生素C者多食。
108,35,1,source_ingredient_groups,一般人群均可食用。适宜肾病、水肿、肝硬化腹水、癌症、脚气病、高血压、糖尿病、动脉硬化、冠心病、肥胖、以及缺乏维生素C者多食。
108,38,1,source_ingredient_groups,一般人群均可食用。适宜肾病、水肿、肝硬化腹水、癌症、脚气病、高血压、糖尿病、动脉硬化、冠心病、肥胖、以及缺乏维生素C者多食。
108,47,1,source_ingredient_groups,一般人群均可食用。适宜肾病、水肿、肝硬化腹水、癌症、脚气病、高血压、糖尿病、动脉硬化、冠心病、肥胖、以及缺乏维生素C者多食。
108,62,1,source_ingredient_groups,一般人群均可食用。适宜肾病、水肿、肝硬化腹水、癌症、脚气病、高血压、糖尿病、动脉硬化、冠心病、肥胖、以及缺乏维生素C者多食。
108,76,1,source_ingredient_groups,一般人群均可食用。适宜肾病、水肿、肝硬化腹水、癌症、脚气病、高血压、糖尿病、动脉硬化、冠心病、肥胖、以及缺乏维生素C者多食。
108,103,0,tcm_not_user,冬瓜性寒凉，脾胃虚弱、肾脏虚寒、久病滑泄、阳虚肢冷者忌食
109,14,1,source_ingredient_groups,原始结构化适宜人群关系
109,18,1,source_ingredient_groups,原始结构化适宜人群关系
109,34,1,source_ingredient_groups,原始结构化适宜人群关系
109,35,1,source_ingredient_groups,原始结构化适宜人群关系
109,38,1,source_ingredient_groups,原始结构化适宜人群关系
109,62,1,source_ingredient_groups,原始结构化适宜人群关系
110,14,1,source_ingredient_groups,"一般人群均可食用。可清热解暑，对于容易长痱子、生疮疖的人，尤为适宜。
"
110,17,0,tcm_not_user,体弱、便溏者不宜多食
110,18,1,source_ingredient_groups,"一般人群均可食用。可清热解暑，对于容易长痱子、生疮疖的人，尤为适宜。
"
110,34,1,source_ingredient_groups,"一般人群均可食用。可清热解暑，对于容易长痱子、生疮疖的人，尤为适宜。
"
110,35,1,source_ingredient_groups,"一般人群均可食用。可清热解暑，对于容易长痱子、生疮疖的人，尤为适宜。
"
110,62,1,source_ingredient_groups,"一般人群均可食用。可清热解暑，对于容易长痱子、生疮疖的人，尤为适宜。
"
110,76,1,source_ingredient_groups,"一般人群均可食用。可清热解暑，对于容易长痱子、生疮疖的人，尤为适宜。
"
110,81,0,tcm_not_user,体弱、便溏者不宜多食
110,90,0,tcm_not_user,脾胃虚寒、哮喘者不宜多吃
110,104,0,tcm_not_user,脾胃虚寒、哮喘者不宜多吃
111,14,1,source_ingredient_groups,原始结构化适宜人群关系
111,18,1,source_ingredient_groups,原始结构化适宜人群关系
111,35,1,source_ingredient_groups,原始结构化适宜人群关系
111,62,1,source_ingredient_groups,原始结构化适宜人群关系
112,14,1,source_ingredient_groups,原始结构化适宜人群关系
112,18,1,source_ingredient_groups,原始结构化适宜人群关系
112,35,1,source_ingredient_groups,原始结构化适宜人群关系
112,62,1,source_ingredient_groups,原始结构化适宜人群关系
113,14,1,source_ingredient_groups,原始结构化适宜人群关系
113,34,1,source_ingredient_groups,原始结构化适宜人群关系
114,14,1,source_ingredient_groups,原始结构化适宜人群关系
114,35,1,source_ingredient_groups,原始结构化适宜人群关系
114,62,1,source_ingredient_groups,原始结构化适宜人群关系
115,14,1,source_ingredient_groups,原始结构化适宜人群关系
115,18,1,source_ingredient_groups,原始结构化适宜人群关系
115,35,1,source_ingredient_groups,原始结构化适宜人群关系
115,62,1,source_ingredient_groups,原始结构化适宜人群关系
115,76,1,source_ingredient_groups,原始结构化适宜人群关系
116,14,1,source_ingredient_groups,原始结构化适宜人群关系
116,18,1,source_ingredient_groups,原始结构化适宜人群关系
116,34,1,source_ingredient_groups,原始结构化适宜人群关系
116,35,1,source_ingredient_groups,原始结构化适宜人群关系
116,62,1,source_ingredient_groups,原始结构化适宜人群关系
117,14,1,source_ingredient_groups,适宜头痛目赤、咽喉肿痛、口疮口臭、牙龈肿痛、风热瘙痒者。
117,18,1,source_ingredient_groups,适宜头痛目赤、咽喉肿痛、口疮口臭、牙龈肿痛、风热瘙痒者。
117,35,0,tcm_not_user,孕妇勿过量食用
117,62,1,source_ingredient_groups,适宜头痛目赤、咽喉肿痛、口疮口臭、牙龈肿痛、风热瘙痒者。
117,77,0,tcm_not_user,阴虚发热、血虚眩晕者慎服
118,14,1,source_ingredient_groups,1.一般人均可食用。2.体弱者、更年期妇女、肝炎、消化系统疾病，软骨病、心血管疾病患者、尿道结石症患者及癌症患者尤其适宜。
118,18,1,source_ingredient_groups,1.一般人均可食用。2.体弱者、更年期妇女、肝炎、消化系统疾病，软骨病、心血管疾病患者、尿道结石症患者及癌症患者尤其适宜。
118,35,1,source_ingredient_groups,1.一般人均可食用。2.体弱者、更年期妇女、肝炎、消化系统疾病，软骨病、心血管疾病患者、尿道结石症患者及癌症患者尤其适宜。
118,38,1,source_ingredient_groups,1.一般人均可食用。2.体弱者、更年期妇女、肝炎、消化系统疾病，软骨病、心血管疾病患者、尿道结石症患者及癌症患者尤其适宜。
118,62,1,source_ingredient_groups,1.一般人均可食用。2.体弱者、更年期妇女、肝炎、消化系统疾病，软骨病、心血管疾病患者、尿道结石症患者及癌症患者尤其适宜。
119,34,1,source_ingredient_groups,原始结构化适宜人群关系
120,14,1,source_ingredient_groups,原始结构化适宜人群关系
120,18,1,source_ingredient_groups,原始结构化适宜人群关系
120,38,1,source_ingredient_groups,原始结构化适宜人群关系
121,34,1,source_ingredient_groups,一般人都可食用；更是女性美容、减肥的健康食品；尤适宜心脑血管疾病患者。
121,62,1,source_ingredient_groups,一般人都可食用；更是女性美容、减肥的健康食品；尤适宜心脑血管疾病患者。
122,14,1,source_ingredient_groups,原始结构化适宜人群关系
122,18,1,source_ingredient_groups,原始结构化适宜人群关系
122,34,1,source_ingredient_groups,原始结构化适宜人群关系
122,35,1,source_ingredient_groups,原始结构化适宜人群关系
122,38,1,source_ingredient_groups,原始结构化适宜人群关系
122,62,1,source_ingredient_groups,原始结构化适宜人群关系
122,65,1,source_ingredient_groups,原始结构化适宜人群关系
123,35,1,source_ingredient_groups,原始结构化适宜人群关系
123,62,1,source_ingredient_groups,原始结构化适宜人群关系
124,14,1,source_ingredient_groups,一般人群均可适用，肾炎、高血压、水肿患者，儿童、孕妇、贫血患者，神经衰弱、过度疲劳、体倦乏力、未老先衰者，肺虚咳嗽、盗汗者，风湿性关节炎、四肢筋骨疼痛者，癌症患者尤其适合食用。
124,18,1,source_ingredient_groups,一般人群均可适用，肾炎、高血压、水肿患者，儿童、孕妇、贫血患者，神经衰弱、过度疲劳、体倦乏力、未老先衰者，肺虚咳嗽、盗汗者，风湿性关节炎、四肢筋骨疼痛者，癌症患者尤其适合食用。
124,34,1,source_ingredient_groups,一般人群均可适用，肾炎、高血压、水肿患者，儿童、孕妇、贫血患者，神经衰弱、过度疲劳、体倦乏力、未老先衰者，肺虚咳嗽、盗汗者，风湿性关节炎、四肢筋骨疼痛者，癌症患者尤其适合食用。
124,35,1,source_ingredient_groups,一般人群均可适用，肾炎、高血压、水肿患者，儿童、孕妇、贫血患者，神经衰弱、过度疲劳、体倦乏力、未老先衰者，肺虚咳嗽、盗汗者，风湿性关节炎、四肢筋骨疼痛者，癌症患者尤其适合食用。
124,61,0,tcm_not_user,糖尿病患者，便秘者不宜多吃
124,62,1,source_ingredient_groups,一般人群均可适用，肾炎、高血压、水肿患者，儿童、孕妇、贫血患者，神经衰弱、过度疲劳、体倦乏力、未老先衰者，肺虚咳嗽、盗汗者，风湿性关节炎、四肢筋骨疼痛者，癌症患者尤其适合食用。
124,81,0,tcm_not_user,脾胃虚寒者不宜多食，多食则令人泄泻
124,90,0,tcm_not_user,脾胃虚寒者不宜多食，多食则令人泄泻
124,96,0,tcm_not_user,糖尿病患者，便秘者不宜多吃
125,14,1,source_ingredient_groups,原始结构化适宜人群关系
125,18,1,source_ingredient_groups,原始结构化适宜人群关系
125,34,1,source_ingredient_groups,原始结构化适宜人群关系
125,35,1,source_ingredient_groups,原始结构化适宜人群关系
125,62,1,source_ingredient_groups,原始结构化适宜人群关系
125,76,1,source_ingredient_groups,原始结构化适宜人群关系
126,14,1,source_ingredient_groups,原始结构化适宜人群关系
126,18,1,source_ingredient_groups,原始结构化适宜人群关系
126,27,1,source_ingredient_groups,原始结构化适宜人群关系
126,35,1,source_ingredient_groups,原始结构化适宜人群关系
126,62,1,source_ingredient_groups,原始结构化适宜人群关系
127,14,1,source_ingredient_groups,一般人均可食用，小米是老人、病人、产妇宜用的滋补品。
127,18,1,source_ingredient_groups,一般人均可食用，小米是老人、病人、产妇宜用的滋补品。
127,34,1,source_ingredient_groups,一般人均可食用，小米是老人、病人、产妇宜用的滋补品。
127,35,1,source_ingredient_groups,一般人均可食用，小米是老人、病人、产妇宜用的滋补品。
127,38,1,source_ingredient_groups,一般人均可食用，小米是老人、病人、产妇宜用的滋补品。
127,47,1,source_ingredient_groups,一般人均可食用，小米是老人、病人、产妇宜用的滋补品。
127,62,1,source_ingredient_groups,一般人均可食用，小米是老人、病人、产妇宜用的滋补品。
127,65,1,source_ingredient_groups,一般人均可食用，小米是老人、病人、产妇宜用的滋补品。
127,105,0,tcm_not_user,气滞者忌用
127,106,0,tcm_not_user,素体虚寒，小便清长者少食
128,14,1,source_ingredient_groups,一般人群均可食用，适宜各种癌症患者食用；适宜各种关节炎之人食用；适宜急慢性肾炎水肿、癌性腹水、面浮肢肿之人食用；适宜脚气病浮肿者食用，因为薏苡仁含维生素Bl的量比大米多得多；适宜各种疣赘及美容者食用，如青年性扁平疣、寻常性赘疣、传染性软疣、青年粉刺疙瘩以及其他皮肤营养不良粗糙者；适宜肺痿、肺痈者食用。
128,18,1,source_ingredient_groups,一般人群均可食用，适宜各种癌症患者食用；适宜各种关节炎之人食用；适宜急慢性肾炎水肿、癌性腹水、面浮肢肿之人食用；适宜脚气病浮肿者食用，因为薏苡仁含维生素Bl的量比大米多得多；适宜各种疣赘及美容者食用，如青年性扁平疣、寻常性赘疣、传染性软疣、青年粉刺疙瘩以及其他皮肤营养不良粗糙者；适宜肺痿、肺痈者食用。
128,34,1,source_ingredient_groups,一般人群均可食用，适宜各种癌症患者食用；适宜各种关节炎之人食用；适宜急慢性肾炎水肿、癌性腹水、面浮肢肿之人食用；适宜脚气病浮肿者食用，因为薏苡仁含维生素Bl的量比大米多得多；适宜各种疣赘及美容者食用，如青年性扁平疣、寻常性赘疣、传染性软疣、青年粉刺疙瘩以及其他皮肤营养不良粗糙者；适宜肺痿、肺痈者食用。
128,35,0,tcm_not_user,据前人经验，妇女怀孕早期忌食
128,62,1,source_ingredient_groups,一般人群均可食用，适宜各种癌症患者食用；适宜各种关节炎之人食用；适宜急慢性肾炎水肿、癌性腹水、面浮肢肿之人食用；适宜脚气病浮肿者食用，因为薏苡仁含维生素Bl的量比大米多得多；适宜各种疣赘及美容者食用，如青年性扁平疣、寻常性赘疣、传染性软疣、青年粉刺疙瘩以及其他皮肤营养不良粗糙者；适宜肺痿、肺痈者食用。
128,65,1,source_ingredient_groups,一般人群均可食用，适宜各种癌症患者食用；适宜各种关节炎之人食用；适宜急慢性肾炎水肿、癌性腹水、面浮肢肿之人食用；适宜脚气病浮肿者食用，因为薏苡仁含维生素Bl的量比大米多得多；适宜各种疣赘及美容者食用，如青年性扁平疣、寻常性赘疣、传染性软疣、青年粉刺疙瘩以及其他皮肤营养不良粗糙者；适宜肺痿、肺痈者食用。
128,96,0,tcm_not_user,另外汗少、便秘者不宜食用
129,14,1,source_ingredient_groups,一般人群均可食用。
129,18,1,source_ingredient_groups,一般人群均可食用。
129,34,1,source_ingredient_groups,一般人群均可食用。
129,35,1,source_ingredient_groups,一般人群均可食用。
129,38,1,source_ingredient_groups,一般人群均可食用。
129,79,0,tcm_not_user,幼儿、尿毒症患者忌食
129,107,0,tcm_not_user,对黄豆有过敏体质者不宜多食
130,14,1,source_ingredient_groups,原始结构化适宜人群关系
130,18,1,source_ingredient_groups,原始结构化适宜人群关系
130,34,1,source_ingredient_groups,原始结构化适宜人群关系
130,35,1,source_ingredient_groups,原始结构化适宜人群关系
130,38,1,source_ingredient_groups,原始结构化适宜人群关系
130,62,1,source_ingredient_groups,原始结构化适宜人群关系
131,14,1,source_ingredient_groups,原始结构化适宜人群关系
131,18,1,source_ingredient_groups,原始结构化适宜人群关系
131,34,1,source_ingredient_groups,原始结构化适宜人群关系
131,35,1,source_ingredient_groups,原始结构化适宜人群关系
131,62,1,source_ingredient_groups,原始结构化适宜人群关系
131,76,1,source_ingredient_groups,原始结构化适宜人群关系
132,14,1,source_ingredient_groups,原始结构化适宜人群关系
132,18,1,source_ingredient_groups,原始结构化适宜人群关系
132,34,1,source_ingredient_groups,原始结构化适宜人群关系
132,35,1,source_ingredient_groups,原始结构化适宜人群关系
132,62,1,source_ingredient_groups,原始结构化适宜人群关系
133,14,1,source_ingredient_groups,原始结构化适宜人群关系
133,18,1,source_ingredient_groups,原始结构化适宜人群关系
133,27,1,source_ingredient_groups,原始结构化适宜人群关系
133,34,1,source_ingredient_groups,原始结构化适宜人群关系
133,35,1,source_ingredient_groups,原始结构化适宜人群关系
133,57,1,source_ingredient_groups,原始结构化适宜人群关系
133,59,1,source_ingredient_groups,原始结构化适宜人群关系
133,62,1,source_ingredient_groups,原始结构化适宜人群关系
134,14,1,source_ingredient_groups,原始结构化适宜人群关系
134,18,1,source_ingredient_groups,原始结构化适宜人群关系
134,34,1,source_ingredient_groups,原始结构化适宜人群关系
134,35,1,source_ingredient_groups,原始结构化适宜人群关系
134,62,1,source_ingredient_groups,原始结构化适宜人群关系
135,14,1,source_ingredient_groups,一般人群均可食用，消化不良者、瘫痪、风湿腰腿痛者、体质虚弱、面色无华者适宜食用。
135,18,1,source_ingredient_groups,一般人群均可食用，消化不良者、瘫痪、风湿腰腿痛者、体质虚弱、面色无华者适宜食用。
135,34,1,source_ingredient_groups,一般人群均可食用，消化不良者、瘫痪、风湿腰腿痛者、体质虚弱、面色无华者适宜食用。
135,35,1,source_ingredient_groups,一般人群均可食用，消化不良者、瘫痪、风湿腰腿痛者、体质虚弱、面色无华者适宜食用。
135,61,0,tcm_not_user,糖尿病者忌食
136,14,1,source_ingredient_groups,原始结构化适宜人群关系
136,18,1,source_ingredient_groups,原始结构化适宜人群关系
136,34,1,source_ingredient_groups,原始结构化适宜人群关系
136,35,1,source_ingredient_groups,原始结构化适宜人群关系
136,62,1,source_ingredient_groups,原始结构化适宜人群关系
137,14,1,source_ingredient_groups,一般人群均可食用。
137,18,1,source_ingredient_groups,一般人群均可食用。
137,34,1,source_ingredient_groups,一般人群均可食用。
137,35,1,source_ingredient_groups,一般人群均可食用。
137,62,1,source_ingredient_groups,一般人群均可食用。
137,81,0,tcm_not_user,脾胃虚寒、大便溏薄者，不宜多食小白菜
137,90,0,tcm_not_user,脾胃虚寒、大便溏薄者，不宜多食小白菜
138,14,1,source_ingredient_groups,原始结构化适宜人群关系
138,18,1,source_ingredient_groups,原始结构化适宜人群关系
138,35,1,source_ingredient_groups,原始结构化适宜人群关系
138,62,1,source_ingredient_groups,原始结构化适宜人群关系
138,76,1,source_ingredient_groups,原始结构化适宜人群关系
139,14,1,source_ingredient_groups,原始结构化适宜人群关系
139,18,1,source_ingredient_groups,原始结构化适宜人群关系
139,34,1,source_ingredient_groups,原始结构化适宜人群关系
139,35,1,source_ingredient_groups,原始结构化适宜人群关系
139,62,1,source_ingredient_groups,原始结构化适宜人群关系
139,65,1,source_ingredient_groups,原始结构化适宜人群关系
140,14,1,source_ingredient_groups,一般人群均可食用。适宜体虚胃寒者。
140,18,1,source_ingredient_groups,一般人群均可食用。适宜体虚胃寒者。
140,35,1,source_ingredient_groups,一般人群均可食用。适宜体虚胃寒者。
140,62,1,source_ingredient_groups,一般人群均可食用。适宜体虚胃寒者。
140,78,0,tcm_not_user,肝病、高血压、急性肠炎或其他感染性疾病及发热期间不宜食用
140,82,0,tcm_not_user,肝病、高血压、急性肠炎或其他感染性疾病及发热期间不宜食用
140,83,0,tcm_not_user,肝病、高血压、急性肠炎或其他感染性疾病及发热期间不宜食用
140,87,0,tcm_not_user,肝病、高血压、急性肠炎或其他感染性疾病及发热期间不宜食用
140,93,0,tcm_not_user,发热、牙痛、口舌生疮、咳吐黄痰等上火症状者不宜食用
141,14,1,source_ingredient_groups,原始结构化适宜人群关系
141,18,1,source_ingredient_groups,原始结构化适宜人群关系
141,35,1,source_ingredient_groups,原始结构化适宜人群关系
141,62,1,source_ingredient_groups,原始结构化适宜人群关系
141,65,1,source_ingredient_groups,原始结构化适宜人群关系
142,14,1,source_ingredient_groups,一般人群均可食用。适合胃炎、癌症、胃溃疡、贫血、消化不良食用，特别是青壮年、运动员、护肤女士、男士更应该多吃。
142,18,1,source_ingredient_groups,一般人群均可食用。适合胃炎、癌症、胃溃疡、贫血、消化不良食用，特别是青壮年、运动员、护肤女士、男士更应该多吃。
142,34,1,source_ingredient_groups,一般人群均可食用。适合胃炎、癌症、胃溃疡、贫血、消化不良食用，特别是青壮年、运动员、护肤女士、男士更应该多吃。
142,35,1,source_ingredient_groups,一般人群均可食用。适合胃炎、癌症、胃溃疡、贫血、消化不良食用，特别是青壮年、运动员、护肤女士、男士更应该多吃。
142,62,1,source_ingredient_groups,一般人群均可食用。适合胃炎、癌症、胃溃疡、贫血、消化不良食用，特别是青壮年、运动员、护肤女士、男士更应该多吃。
142,81,0,tcm_not_user,秋葵属于性味偏于寒凉的蔬菜，胃肠虚寒、功能不佳、经常腹泻的人不可多食
143,14,1,source_ingredient_groups,原始结构化适宜人群关系
143,18,1,source_ingredient_groups,原始结构化适宜人群关系
143,34,1,source_ingredient_groups,原始结构化适宜人群关系
143,35,1,source_ingredient_groups,原始结构化适宜人群关系
143,62,1,source_ingredient_groups,原始结构化适宜人群关系
144,14,1,source_ingredient_groups,原始结构化适宜人群关系
144,34,1,source_ingredient_groups,原始结构化适宜人群关系
144,35,1,source_ingredient_groups,原始结构化适宜人群关系
144,38,1,source_ingredient_groups,原始结构化适宜人群关系
144,62,1,source_ingredient_groups,原始结构化适宜人群关系
145,14,1,source_ingredient_groups,原始结构化适宜人群关系
145,18,1,source_ingredient_groups,原始结构化适宜人群关系
145,35,1,source_ingredient_groups,原始结构化适宜人群关系
145,62,1,source_ingredient_groups,原始结构化适宜人群关系
145,76,1,source_ingredient_groups,原始结构化适宜人群关系
146,14,1,source_ingredient_groups,原始结构化适宜人群关系
146,18,1,source_ingredient_groups,原始结构化适宜人群关系
146,34,1,source_ingredient_groups,原始结构化适宜人群关系
146,35,1,source_ingredient_groups,原始结构化适宜人群关系
146,62,1,source_ingredient_groups,原始结构化适宜人群关系
147,14,1,source_ingredient_groups,原始结构化适宜人群关系
147,18,1,source_ingredient_groups,原始结构化适宜人群关系
147,34,1,source_ingredient_groups,原始结构化适宜人群关系
147,35,1,source_ingredient_groups,原始结构化适宜人群关系
147,62,1,source_ingredient_groups,原始结构化适宜人群关系
148,14,1,source_ingredient_groups,原始结构化适宜人群关系
148,34,1,source_ingredient_groups,原始结构化适宜人群关系
148,35,1,source_ingredient_groups,原始结构化适宜人群关系
148,38,1,source_ingredient_groups,原始结构化适宜人群关系
148,62,1,source_ingredient_groups,原始结构化适宜人群关系
149,14,1,source_ingredient_groups,原始结构化适宜人群关系
149,18,1,source_ingredient_groups,原始结构化适宜人群关系
149,34,1,source_ingredient_groups,原始结构化适宜人群关系
149,35,1,source_ingredient_groups,原始结构化适宜人群关系
149,62,1,source_ingredient_groups,原始结构化适宜人群关系
150,14,1,source_ingredient_groups,原始结构化适宜人群关系
150,18,1,source_ingredient_groups,原始结构化适宜人群关系
150,35,1,source_ingredient_groups,原始结构化适宜人群关系
150,62,1,source_ingredient_groups,原始结构化适宜人群关系
151,14,1,source_ingredient_groups,原始结构化适宜人群关系
151,18,1,source_ingredient_groups,原始结构化适宜人群关系
151,35,1,source_ingredient_groups,原始结构化适宜人群关系
151,62,1,source_ingredient_groups,原始结构化适宜人群关系
152,14,1,source_ingredient_groups,原始结构化适宜人群关系
152,18,1,source_ingredient_groups,原始结构化适宜人群关系
152,34,1,source_ingredient_groups,原始结构化适宜人群关系
152,38,1,source_ingredient_groups,原始结构化适宜人群关系
152,62,1,source_ingredient_groups,原始结构化适宜人群关系
153,14,1,source_ingredient_groups,一般人群均可食用。孕妇、中老年人、过度劳累者尤其适合食用。
153,18,1,source_ingredient_groups,一般人群均可食用。孕妇、中老年人、过度劳累者尤其适合食用。
153,62,1,source_ingredient_groups,一般人群均可食用。孕妇、中老年人、过度劳累者尤其适合食用。
153,97,0,tcm_not_user,患有皮肤瘙痒症者忌食
154,14,1,source_ingredient_groups,原始结构化适宜人群关系
154,18,1,source_ingredient_groups,原始结构化适宜人群关系
154,34,1,source_ingredient_groups,原始结构化适宜人群关系
154,35,1,source_ingredient_groups,原始结构化适宜人群关系
154,47,1,source_ingredient_groups,原始结构化适宜人群关系
154,62,1,source_ingredient_groups,原始结构化适宜人群关系
155,14,1,source_ingredient_groups,原始结构化适宜人群关系
155,18,1,source_ingredient_groups,原始结构化适宜人群关系
155,34,1,source_ingredient_groups,原始结构化适宜人群关系
155,62,1,source_ingredient_groups,原始结构化适宜人群关系
156,14,1,source_ingredient_groups,原始结构化适宜人群关系
156,35,1,source_ingredient_groups,原始结构化适宜人群关系
156,62,1,source_ingredient_groups,原始结构化适宜人群关系
157,14,1,source_ingredient_groups,原始结构化适宜人群关系
157,18,1,source_ingredient_groups,原始结构化适宜人群关系
157,35,1,source_ingredient_groups,原始结构化适宜人群关系
158,14,1,source_ingredient_groups,原始结构化适宜人群关系
158,18,1,source_ingredient_groups,原始结构化适宜人群关系
158,34,1,source_ingredient_groups,原始结构化适宜人群关系
158,35,1,source_ingredient_groups,原始结构化适宜人群关系
158,62,1,source_ingredient_groups,原始结构化适宜人群关系
159,14,1,source_ingredient_groups,原始结构化适宜人群关系
159,18,1,source_ingredient_groups,原始结构化适宜人群关系
159,34,1,source_ingredient_groups,原始结构化适宜人群关系
159,35,1,source_ingredient_groups,原始结构化适宜人群关系
159,62,1,source_ingredient_groups,原始结构化适宜人群关系
160,18,1,source_ingredient_groups,一般人群均可食用。适宜高血压患者、急慢性肾炎患者、胆囊炎患者、高热不退者食用。
160,35,1,source_ingredient_groups,一般人群均可食用。适宜高血压患者、急慢性肾炎患者、胆囊炎患者、高热不退者食用。
160,61,0,tcm_not_user,糖尿病患者少食，建议两餐中食用
160,62,1,source_ingredient_groups,一般人群均可食用。适宜高血压患者、急慢性肾炎患者、胆囊炎患者、高热不退者食用。
160,90,0,tcm_not_user,脾胃虚寒，湿盛便糖者不宜食用
160,94,0,tcm_not_user,脾胃虚寒，湿盛便糖者不宜食用
161,14,1,source_ingredient_groups,原始结构化适宜人群关系
161,18,1,source_ingredient_groups,原始结构化适宜人群关系
161,35,1,source_ingredient_groups,原始结构化适宜人群关系
161,62,1,source_ingredient_groups,原始结构化适宜人群关系
162,18,1,source_ingredient_groups,原始结构化适宜人群关系
163,14,1,source_ingredient_groups,原始结构化适宜人群关系
163,34,1,source_ingredient_groups,原始结构化适宜人群关系
163,35,1,source_ingredient_groups,原始结构化适宜人群关系
163,62,1,source_ingredient_groups,原始结构化适宜人群关系
164,14,1,source_ingredient_groups,原始结构化适宜人群关系
164,18,1,source_ingredient_groups,原始结构化适宜人群关系
164,34,1,source_ingredient_groups,原始结构化适宜人群关系
165,14,1,source_ingredient_groups,原始结构化适宜人群关系
165,18,1,source_ingredient_groups,原始结构化适宜人群关系
165,34,1,source_ingredient_groups,原始结构化适宜人群关系
165,35,1,source_ingredient_groups,原始结构化适宜人群关系
165,62,1,source_ingredient_groups,原始结构化适宜人群关系
166,14,1,source_ingredient_groups,原始结构化适宜人群关系
166,18,1,source_ingredient_groups,原始结构化适宜人群关系
166,34,1,source_ingredient_groups,原始结构化适宜人群关系
166,35,1,source_ingredient_groups,原始结构化适宜人群关系
166,38,1,source_ingredient_groups,原始结构化适宜人群关系
167,14,1,source_ingredient_groups,原始结构化适宜人群关系
167,35,1,source_ingredient_groups,原始结构化适宜人群关系
167,38,1,source_ingredient_groups,原始结构化适宜人群关系
167,47,1,source_ingredient_groups,原始结构化适宜人群关系
167,62,1,source_ingredient_groups,原始结构化适宜人群关系
168,14,1,source_ingredient_groups,原始结构化适宜人群关系
168,18,1,source_ingredient_groups,原始结构化适宜人群关系
168,34,1,source_ingredient_groups,原始结构化适宜人群关系
168,35,1,source_ingredient_groups,原始结构化适宜人群关系
168,62,1,source_ingredient_groups,原始结构化适宜人群关系
169,14,1,source_ingredient_groups,原始结构化适宜人群关系
169,18,1,source_ingredient_groups,原始结构化适宜人群关系
169,34,1,source_ingredient_groups,原始结构化适宜人群关系
169,35,1,source_ingredient_groups,原始结构化适宜人群关系
169,62,1,source_ingredient_groups,原始结构化适宜人群关系
170,14,1,source_ingredient_groups,一般人群均可食用。
170,18,1,source_ingredient_groups,一般人群均可食用。
170,61,0,tcm_not_user,同时病毒性肝炎、脂肪肝、支气管哮喘、高血压、脑血管、胰腺炎、糖尿病等患者也应忌食
170,62,1,source_ingredient_groups,一般人群均可食用。
170,77,0,tcm_not_user,体内热盛的人不宜常吃椰子
170,78,0,tcm_not_user,同时病毒性肝炎、脂肪肝、支气管哮喘、高血压、脑血管、胰腺炎、糖尿病等患者也应忌食
170,83,0,tcm_not_user,同时病毒性肝炎、脂肪肝、支气管哮喘、高血压、脑血管、胰腺炎、糖尿病等患者也应忌食
170,104,0,tcm_not_user,同时病毒性肝炎、脂肪肝、支气管哮喘、高血压、脑血管、胰腺炎、糖尿病等患者也应忌食
171,14,1,source_ingredient_groups,原始结构化适宜人群关系
171,18,1,source_ingredient_groups,原始结构化适宜人群关系
171,34,1,source_ingredient_groups,原始结构化适宜人群关系
171,35,1,source_ingredient_groups,原始结构化适宜人群关系
171,62,1,source_ingredient_groups,原始结构化适宜人群关系
171,75,1,source_ingredient_groups,原始结构化适宜人群关系
172,14,1,source_ingredient_groups,原始结构化适宜人群关系
172,35,1,source_ingredient_groups,原始结构化适宜人群关系
173,14,1,source_ingredient_groups,原始结构化适宜人群关系
173,18,1,source_ingredient_groups,原始结构化适宜人群关系
173,34,1,source_ingredient_groups,原始结构化适宜人群关系
173,35,1,source_ingredient_groups,原始结构化适宜人群关系
173,62,1,source_ingredient_groups,原始结构化适宜人群关系
174,34,1,source_ingredient_groups,原始结构化适宜人群关系
175,18,1,source_ingredient_groups,原始结构化适宜人群关系
175,34,1,source_ingredient_groups,原始结构化适宜人群关系
177,14,1,source_ingredient_groups,原始结构化适宜人群关系
177,18,1,source_ingredient_groups,原始结构化适宜人群关系
177,35,1,source_ingredient_groups,原始结构化适宜人群关系
178,14,1,source_ingredient_groups,原始结构化适宜人群关系
178,34,1,source_ingredient_groups,原始结构化适宜人群关系
178,35,1,source_ingredient_groups,原始结构化适宜人群关系
178,62,1,source_ingredient_groups,原始结构化适宜人群关系
180,14,1,source_ingredient_groups,原始结构化适宜人群关系
180,18,1,source_ingredient_groups,原始结构化适宜人群关系
180,34,1,source_ingredient_groups,原始结构化适宜人群关系
180,35,1,source_ingredient_groups,原始结构化适宜人群关系
180,62,1,source_ingredient_groups,原始结构化适宜人群关系
181,9,1,source_ingredient_groups,原始结构化适宜人群关系
181,14,1,source_ingredient_groups,原始结构化适宜人群关系
181,35,1,source_ingredient_groups,原始结构化适宜人群关系
181,39,1,source_ingredient_groups,原始结构化适宜人群关系
181,46,1,source_ingredient_groups,原始结构化适宜人群关系
181,62,1,source_ingredient_groups,原始结构化适宜人群关系
181,66,1,source_ingredient_groups,原始结构化适宜人群关系
183,14,1,source_ingredient_groups,原始结构化适宜人群关系
183,18,1,source_ingredient_groups,原始结构化适宜人群关系
183,34,1,source_ingredient_groups,原始结构化适宜人群关系
183,35,1,source_ingredient_groups,原始结构化适宜人群关系
183,38,1,source_ingredient_groups,原始结构化适宜人群关系
183,62,1,source_ingredient_groups,原始结构化适宜人群关系
184,14,1,source_ingredient_groups,原始结构化适宜人群关系
184,34,1,source_ingredient_groups,原始结构化适宜人群关系
184,35,1,source_ingredient_groups,原始结构化适宜人群关系
184,62,1,source_ingredient_groups,原始结构化适宜人群关系
185,14,1,source_ingredient_groups,原始结构化适宜人群关系
185,34,1,source_ingredient_groups,原始结构化适宜人群关系
185,35,1,source_ingredient_groups,原始结构化适宜人群关系
185,38,1,source_ingredient_groups,原始结构化适宜人群关系
185,62,1,source_ingredient_groups,原始结构化适宜人群关系
186,14,1,source_ingredient_groups,原始结构化适宜人群关系
186,18,1,source_ingredient_groups,原始结构化适宜人群关系
186,35,1,source_ingredient_groups,原始结构化适宜人群关系
186,62,1,source_ingredient_groups,原始结构化适宜人群关系
186,76,1,source_ingredient_groups,原始结构化适宜人群关系
188,14,1,source_ingredient_groups,原始结构化适宜人群关系
188,18,1,source_ingredient_groups,原始结构化适宜人群关系
188,62,1,source_ingredient_groups,原始结构化适宜人群关系
189,14,1,source_ingredient_groups,一般人群都能食用，精力不足，气血不足及肝硬化腹水和神经衰弱者尤宜食用。适宜虚劳赢弱，气血不足，营养不良，病后产后体虚之人食用；适宜肾阳不足，阳痿遗精，小便频数之人食用；适宜高血压病，高脂血症，冠心病，动脉硬化之人食用；适宜癌症病人及放疗、化疗、手术后食用；适宜肝炎，肾炎，糖尿病患者食用；适宜血友病患者及易于出血之人食用；适宜年老体弱者食用；
189,18,1,source_ingredient_groups,一般人群都能食用，精力不足，气血不足及肝硬化腹水和神经衰弱者尤宜食用。适宜虚劳赢弱，气血不足，营养不良，病后产后体虚之人食用；适宜肾阳不足，阳痿遗精，小便频数之人食用；适宜高血压病，高脂血症，冠心病，动脉硬化之人食用；适宜癌症病人及放疗、化疗、手术后食用；适宜肝炎，肾炎，糖尿病患者食用；适宜血友病患者及易于出血之人食用；适宜年老体弱者食用；
189,34,1,source_ingredient_groups,一般人群都能食用，精力不足，气血不足及肝硬化腹水和神经衰弱者尤宜食用。适宜虚劳赢弱，气血不足，营养不良，病后产后体虚之人食用；适宜肾阳不足，阳痿遗精，小便频数之人食用；适宜高血压病，高脂血症，冠心病，动脉硬化之人食用；适宜癌症病人及放疗、化疗、手术后食用；适宜肝炎，肾炎，糖尿病患者食用；适宜血友病患者及易于出血之人食用；适宜年老体弱者食用；
189,35,1,source_ingredient_groups,一般人群都能食用，精力不足，气血不足及肝硬化腹水和神经衰弱者尤宜食用。适宜虚劳赢弱，气血不足，营养不良，病后产后体虚之人食用；适宜肾阳不足，阳痿遗精，小便频数之人食用；适宜高血压病，高脂血症，冠心病，动脉硬化之人食用；适宜癌症病人及放疗、化疗、手术后食用；适宜肝炎，肾炎，糖尿病患者食用；适宜血友病患者及易于出血之人食用；适宜年老体弱者食用；
189,62,1,source_ingredient_groups,一般人群都能食用，精力不足，气血不足及肝硬化腹水和神经衰弱者尤宜食用。适宜虚劳赢弱，气血不足，营养不良，病后产后体虚之人食用；适宜肾阳不足，阳痿遗精，小便频数之人食用；适宜高血压病，高脂血症，冠心病，动脉硬化之人食用；适宜癌症病人及放疗、化疗、手术后食用；适宜肝炎，肾炎，糖尿病患者食用；适宜血友病患者及易于出血之人食用；适宜年老体弱者食用；
189,81,0,tcm_not_user,患急性肠炎、菌痢、感冒、咳痰、气喘及大便溏薄、出血兼有瘀滞及湿邪阻滞的患者忌食
189,82,0,tcm_not_user,患急性肠炎、菌痢、感冒、咳痰、气喘及大便溏薄、出血兼有瘀滞及湿邪阻滞的患者忌食
189,87,0,tcm_not_user,患急性肠炎、菌痢、感冒、咳痰、气喘及大便溏薄、出血兼有瘀滞及湿邪阻滞的患者忌食
189,91,0,tcm_not_user,患急性肠炎、菌痢、感冒、咳痰、气喘及大便溏薄、出血兼有瘀滞及湿邪阻滞的患者忌食
189,94,0,tcm_not_user,患急性肠炎、菌痢、感冒、咳痰、气喘及大便溏薄、出血兼有瘀滞及湿邪阻滞的患者忌食
189,104,0,tcm_not_user,患急性肠炎、菌痢、感冒、咳痰、气喘及大便溏薄、出血兼有瘀滞及湿邪阻滞的患者忌食
190,6,1,source_ingredient_groups,原始结构化适宜人群关系
190,14,1,source_ingredient_groups,原始结构化适宜人群关系
190,18,1,source_ingredient_groups,原始结构化适宜人群关系
190,35,1,source_ingredient_groups,原始结构化适宜人群关系
190,62,1,source_ingredient_groups,原始结构化适宜人群关系
190,76,1,source_ingredient_groups,原始结构化适宜人群关系
193,14,1,source_ingredient_groups,原始结构化适宜人群关系
193,18,1,source_ingredient_groups,原始结构化适宜人群关系
193,35,1,source_ingredient_groups,原始结构化适宜人群关系
193,62,1,source_ingredient_groups,原始结构化适宜人群关系
194,14,1,source_ingredient_groups,原始结构化适宜人群关系
194,18,1,source_ingredient_groups,原始结构化适宜人群关系
194,34,1,source_ingredient_groups,原始结构化适宜人群关系
194,35,1,source_ingredient_groups,原始结构化适宜人群关系
194,76,1,source_ingredient_groups,原始结构化适宜人群关系
195,14,1,source_ingredient_groups,原始结构化适宜人群关系
195,18,1,source_ingredient_groups,原始结构化适宜人群关系
195,27,1,source_ingredient_groups,原始结构化适宜人群关系
195,34,1,source_ingredient_groups,原始结构化适宜人群关系
195,35,1,source_ingredient_groups,原始结构化适宜人群关系
195,38,1,source_ingredient_groups,原始结构化适宜人群关系
195,62,1,source_ingredient_groups,原始结构化适宜人群关系
196,14,1,source_ingredient_groups,原始结构化适宜人群关系
196,18,1,source_ingredient_groups,原始结构化适宜人群关系
196,35,1,source_ingredient_groups,原始结构化适宜人群关系
196,62,1,source_ingredient_groups,原始结构化适宜人群关系
197,14,1,source_ingredient_groups,原始结构化适宜人群关系
197,18,1,source_ingredient_groups,原始结构化适宜人群关系
197,35,1,source_ingredient_groups,原始结构化适宜人群关系
197,62,1,source_ingredient_groups,原始结构化适宜人群关系
198,14,1,source_ingredient_groups,一般人均可食用夜尿频、气虚哮喘、血压不稳、精神难以集中者适宜多吃鲍鱼；糖尿病患者也可用鲍鱼作辅助治疗，但必须配药同炖，才有疗效。
198,35,1,source_ingredient_groups,一般人均可食用夜尿频、气虚哮喘、血压不稳、精神难以集中者适宜多吃鲍鱼；糖尿病患者也可用鲍鱼作辅助治疗，但必须配药同炖，才有疗效。
198,76,1,source_ingredient_groups,一般人均可食用夜尿频、气虚哮喘、血压不稳、精神难以集中者适宜多吃鲍鱼；糖尿病患者也可用鲍鱼作辅助治疗，但必须配药同炖，才有疗效。
198,77,0,tcm_not_user,虽然鲍鱼人人爱吃，但感冒发烧或阴虚喉痛的人不宜食用
198,82,0,tcm_not_user,虽然鲍鱼人人爱吃，但感冒发烧或阴虚喉痛的人不宜食用
198,97,0,tcm_not_user,素有顽癣痼疾之人忌食
198,108,0,tcm_not_user,痛风患者及尿酸高者不宜吃鲍肉，只宜少量喝汤
199,14,1,source_ingredient_groups,原始结构化适宜人群关系
199,38,1,source_ingredient_groups,原始结构化适宜人群关系
201,14,1,source_ingredient_groups,原始结构化适宜人群关系
201,76,1,source_ingredient_groups,原始结构化适宜人群关系
202,14,1,source_ingredient_groups,原始结构化适宜人群关系
202,18,1,source_ingredient_groups,原始结构化适宜人群关系
202,34,1,source_ingredient_groups,原始结构化适宜人群关系
202,35,1,source_ingredient_groups,原始结构化适宜人群关系
202,38,1,source_ingredient_groups,原始结构化适宜人群关系
202,62,1,source_ingredient_groups,原始结构化适宜人群关系
203,18,1,source_ingredient_groups,原始结构化适宜人群关系
203,35,1,source_ingredient_groups,原始结构化适宜人群关系
203,38,1,source_ingredient_groups,原始结构化适宜人群关系
203,62,1,source_ingredient_groups,原始结构化适宜人群关系
204,14,1,source_ingredient_groups,"一般人都可以吃，更是老人、妇女、失血者的食疗佳品。
适宜血虚者食用；适宜年老体弱者食用；适宜产后缺奶者食用；适宜腰脚软弱无力者食用；适宜痈疽疮毒久溃不敛者食用。"
204,18,1,source_ingredient_groups,"一般人都可以吃，更是老人、妇女、失血者的食疗佳品。
适宜血虚者食用；适宜年老体弱者食用；适宜产后缺奶者食用；适宜腰脚软弱无力者食用；适宜痈疽疮毒久溃不敛者食用。"
204,27,1,source_ingredient_groups,"一般人都可以吃，更是老人、妇女、失血者的食疗佳品。
适宜血虚者食用；适宜年老体弱者食用；适宜产后缺奶者食用；适宜腰脚软弱无力者食用；适宜痈疽疮毒久溃不敛者食用。"
204,34,1,source_ingredient_groups,"一般人都可以吃，更是老人、妇女、失血者的食疗佳品。
适宜血虚者食用；适宜年老体弱者食用；适宜产后缺奶者食用；适宜腰脚软弱无力者食用；适宜痈疽疮毒久溃不敛者食用。"
204,35,1,source_ingredient_groups,"一般人都可以吃，更是老人、妇女、失血者的食疗佳品。
适宜血虚者食用；适宜年老体弱者食用；适宜产后缺奶者食用；适宜腰脚软弱无力者食用；适宜痈疽疮毒久溃不敛者食用。"
204,47,1,source_ingredient_groups,"一般人都可以吃，更是老人、妇女、失血者的食疗佳品。
适宜血虚者食用；适宜年老体弱者食用；适宜产后缺奶者食用；适宜腰脚软弱无力者食用；适宜痈疽疮毒久溃不敛者食用。"
204,62,1,source_ingredient_groups,"一般人都可以吃，更是老人、妇女、失血者的食疗佳品。
适宜血虚者食用；适宜年老体弱者食用；适宜产后缺奶者食用；适宜腰脚软弱无力者食用；适宜痈疽疮毒久溃不敛者食用。"
204,77,0,tcm_not_user,凡外感发热和一切热证、实证期间不宜多食
204,78,0,tcm_not_user,患有肝炎、胆囊炎、胆结石、动脉硬化、高血压病的患者食应以少食或不食为好
204,80,0,tcm_not_user,患有肝炎、胆囊炎、胆结石、动脉硬化、高血压病的患者食应以少食或不食为好
204,82,0,tcm_not_user,凡外感发热和一切热证、实证期间不宜多食
204,83,0,tcm_not_user,患有肝炎、胆囊炎、胆结石、动脉硬化、高血压病的患者食应以少食或不食为好
204,98,0,tcm_not_user,患有肝炎、胆囊炎、胆结石、动脉硬化、高血压病的患者食应以少食或不食为好
204,101,0,tcm_not_user,有胃肠消化功能减弱的老年人每次不可食之过多
205,18,1,source_ingredient_groups,原始结构化适宜人群关系
205,35,1,source_ingredient_groups,原始结构化适宜人群关系
207,14,1,source_ingredient_groups,原始结构化适宜人群关系
207,18,1,source_ingredient_groups,原始结构化适宜人群关系
207,34,1,source_ingredient_groups,原始结构化适宜人群关系
207,35,1,source_ingredient_groups,原始结构化适宜人群关系
208,14,1,source_ingredient_groups,原始结构化适宜人群关系
208,18,1,source_ingredient_groups,原始结构化适宜人群关系
208,34,1,source_ingredient_groups,原始结构化适宜人群关系
208,35,1,source_ingredient_groups,原始结构化适宜人群关系
208,62,1,source_ingredient_groups,原始结构化适宜人群关系
209,14,1,source_ingredient_groups,原始结构化适宜人群关系
210,14,1,source_ingredient_groups,一般人群均能食用。
210,35,1,source_ingredient_groups,一般人群均能食用。
210,61,0,tcm_not_user,溃疡病患者慎食，牙疼、胃酸过多、上火的人不要多吃，糖尿病患者忌食
210,86,0,tcm_not_user,溃疡病患者慎食，牙疼、胃酸过多、上火的人不要多吃，糖尿病患者忌食
210,92,0,tcm_not_user,溃疡病患者慎食，牙疼、胃酸过多、上火的人不要多吃，糖尿病患者忌食
210,93,0,tcm_not_user,溃疡病患者慎食，牙疼、胃酸过多、上火的人不要多吃，糖尿病患者忌食
211,18,1,source_ingredient_groups,原始结构化适宜人群关系
212,14,1,source_ingredient_groups,原始结构化适宜人群关系
212,18,1,source_ingredient_groups,原始结构化适宜人群关系
212,35,1,source_ingredient_groups,原始结构化适宜人群关系
212,62,1,source_ingredient_groups,原始结构化适宜人群关系
214,18,1,source_ingredient_groups,一般人群均可食用。
214,62,1,source_ingredient_groups,一般人群均可食用。
214,91,0,tcm_not_user,风寒咳嗽、痰饮咳嗽者不宜食用
215,18,1,source_ingredient_groups,原始结构化适宜人群关系
215,34,1,source_ingredient_groups,原始结构化适宜人群关系
215,62,1,source_ingredient_groups,原始结构化适宜人群关系
216,14,1,source_ingredient_groups,原始结构化适宜人群关系
216,27,1,source_ingredient_groups,原始结构化适宜人群关系
216,35,1,source_ingredient_groups,原始结构化适宜人群关系
216,62,1,source_ingredient_groups,原始结构化适宜人群关系
217,14,1,source_ingredient_groups,原始结构化适宜人群关系
217,18,1,source_ingredient_groups,原始结构化适宜人群关系
217,35,1,source_ingredient_groups,原始结构化适宜人群关系
217,76,1,source_ingredient_groups,原始结构化适宜人群关系
218,34,1,source_ingredient_groups,原始结构化适宜人群关系
219,14,1,source_ingredient_groups,原始结构化适宜人群关系
219,18,1,source_ingredient_groups,原始结构化适宜人群关系
219,34,1,source_ingredient_groups,原始结构化适宜人群关系
219,35,1,source_ingredient_groups,原始结构化适宜人群关系
219,62,1,source_ingredient_groups,原始结构化适宜人群关系
220,14,1,source_ingredient_groups,原始结构化适宜人群关系
220,35,1,source_ingredient_groups,原始结构化适宜人群关系
220,62,1,source_ingredient_groups,原始结构化适宜人群关系
221,14,1,source_ingredient_groups,一般人群均可食用
221,18,1,source_ingredient_groups,一般人群均可食用
221,34,1,source_ingredient_groups,一般人群均可食用
221,35,1,source_ingredient_groups,一般人群均可食用
221,62,1,source_ingredient_groups,一般人群均可食用
221,101,0,tcm_not_user,消化能不佳的人宜少吃
222,14,1,source_ingredient_groups,一般人群均能食用。
222,18,1,source_ingredient_groups,一般人群均能食用。
222,33,1,source_ingredient_groups,一般人群均能食用。
222,62,1,source_ingredient_groups,一般人群均能食用。
222,67,1,source_ingredient_groups,一般人群均能食用。
222,73,1,source_ingredient_groups,一般人群均能食用。
223,17,0,tcm_not_user,高血压患者、气虚体弱者不宜多食，脾虚便溏者和糖尿病患者忌食
223,18,1,source_ingredient_groups,一般人群均可食用，患胃病、消化不良者，慢性支气管炎、咳嗽、痰多气喘者，心脑肾病患者尤其适合。
223,61,0,tcm_not_user,高血压患者、气虚体弱者不宜多食，脾虚便溏者和糖尿病患者忌食
223,81,0,tcm_not_user,高血压患者、气虚体弱者不宜多食，脾虚便溏者和糖尿病患者忌食
223,83,0,tcm_not_user,高血压患者、气虚体弱者不宜多食，脾虚便溏者和糖尿病患者忌食
224,14,1,source_ingredient_groups,原始结构化适宜人群关系
224,35,1,source_ingredient_groups,原始结构化适宜人群关系
225,14,1,source_ingredient_groups,原始结构化适宜人群关系
225,18,1,source_ingredient_groups,原始结构化适宜人群关系
225,35,1,source_ingredient_groups,原始结构化适宜人群关系
225,62,1,source_ingredient_groups,原始结构化适宜人群关系
225,76,1,source_ingredient_groups,原始结构化适宜人群关系
226,14,1,source_ingredient_groups,原始结构化适宜人群关系
226,35,1,source_ingredient_groups,原始结构化适宜人群关系
226,62,1,source_ingredient_groups,原始结构化适宜人群关系
227,14,1,source_ingredient_groups,原始结构化适宜人群关系
227,18,1,source_ingredient_groups,原始结构化适宜人群关系
227,34,1,source_ingredient_groups,原始结构化适宜人群关系
229,14,1,source_ingredient_groups,原始结构化适宜人群关系
229,18,1,source_ingredient_groups,原始结构化适宜人群关系
229,34,1,source_ingredient_groups,原始结构化适宜人群关系
229,35,1,source_ingredient_groups,原始结构化适宜人群关系
229,62,1,source_ingredient_groups,原始结构化适宜人群关系
232,14,1,source_ingredient_groups,原始结构化适宜人群关系
232,18,1,source_ingredient_groups,原始结构化适宜人群关系
232,35,1,source_ingredient_groups,原始结构化适宜人群关系
232,62,1,source_ingredient_groups,原始结构化适宜人群关系
233,35,1,source_ingredient_groups,一般人群均可食用，尤其适合产妇、老人、体质虚弱者、病后调养者食用；贫血、胃寒和口臭者也很适合。
233,62,1,source_ingredient_groups,一般人群均可食用，尤其适合产妇、老人、体质虚弱者、病后调养者食用；贫血、胃寒和口臭者也很适合。
233,77,0,tcm_not_user,阴虚火旺、有上火症状的人不要吃，以免加重上火症状，阴虚所致的咽喉干疼、牙龈肿痛、鼻出血等症者忌用
233,93,0,tcm_not_user,阴虚火旺、有上火症状的人不要吃，以免加重上火症状，阴虚所致的咽喉干疼、牙龈肿痛、鼻出血等症者忌用
234,14,1,source_ingredient_groups,原始结构化适宜人群关系
234,18,1,source_ingredient_groups,原始结构化适宜人群关系
234,34,1,source_ingredient_groups,原始结构化适宜人群关系
234,35,1,source_ingredient_groups,原始结构化适宜人群关系
234,47,1,source_ingredient_groups,原始结构化适宜人群关系
234,62,1,source_ingredient_groups,原始结构化适宜人群关系
235,14,1,source_ingredient_groups,原始结构化适宜人群关系
235,18,1,source_ingredient_groups,原始结构化适宜人群关系
235,27,1,source_ingredient_groups,原始结构化适宜人群关系
235,35,1,source_ingredient_groups,原始结构化适宜人群关系
235,62,1,source_ingredient_groups,原始结构化适宜人群关系
236,14,1,source_ingredient_groups,原始结构化适宜人群关系
236,35,1,source_ingredient_groups,原始结构化适宜人群关系
236,62,1,source_ingredient_groups,原始结构化适宜人群关系
237,18,1,source_ingredient_groups,原始结构化适宜人群关系
237,62,1,source_ingredient_groups,原始结构化适宜人群关系
238,62,1,source_ingredient_groups,原始结构化适宜人群关系
239,62,1,source_ingredient_groups,原始结构化适宜人群关系
240,14,0,tcm_not_user,患有脚气病、黄疸、腹胀、便溏、寒性咳喘以及产后、病后的人不宜多食
240,17,0,tcm_not_user,患有脚气病、黄疸、腹胀、便溏、寒性咳喘以及产后、病后的人不宜多食
240,18,1,source_ingredient_groups,一般人群均可食用。
240,35,1,source_ingredient_groups,一般人群均可食用。
240,61,0,tcm_not_user,糖尿病人慎食
240,81,0,tcm_not_user,患有脚气病、黄疸、腹胀、便溏、寒性咳喘以及产后、病后的人不宜多食
240,104,0,tcm_not_user,患有脚气病、黄疸、腹胀、便溏、寒性咳喘以及产后、病后的人不宜多食
241,14,1,source_ingredient_groups,原始结构化适宜人群关系
241,18,1,source_ingredient_groups,原始结构化适宜人群关系
241,35,1,source_ingredient_groups,原始结构化适宜人群关系
241,62,1,source_ingredient_groups,原始结构化适宜人群关系
242,14,1,source_ingredient_groups,一般人群均可食用。适用于体内有热、上火的人食用；发低热、体质虚弱、食欲不振、大便干燥和水肿的人，食之更佳。同时适宜营养不良，产后病后体虚、盗汗、遗精、妇女月经少、咽干口渴者食用；还适宜癌症患者及放疗化疗后，糖尿病，肝硬化腹水，肺结核，慢性肾炎浮肿者食用。
242,35,1,source_ingredient_groups,一般人群均可食用。适用于体内有热、上火的人食用；发低热、体质虚弱、食欲不振、大便干燥和水肿的人，食之更佳。同时适宜营养不良，产后病后体虚、盗汗、遗精、妇女月经少、咽干口渴者食用；还适宜癌症患者及放疗化疗后，糖尿病，肝硬化腹水，肺结核，慢性肾炎浮肿者食用。
242,62,1,source_ingredient_groups,一般人群均可食用。适用于体内有热、上火的人食用；发低热、体质虚弱、食欲不振、大便干燥和水肿的人，食之更佳。同时适宜营养不良，产后病后体虚、盗汗、遗精、妇女月经少、咽干口渴者食用；还适宜癌症患者及放疗化疗后，糖尿病，肝硬化腹水，肺结核，慢性肾炎浮肿者食用。
242,81,0,tcm_not_user,对于素体虚寒，受凉引起的不思饮食，胃部冷痛．腹泻清稀，腰痛及寒性痛经以及肥胖、动脉硬化、慢性肠炎应少食
242,82,0,tcm_not_user,感冒患者不宜食用
242,87,0,tcm_not_user,对于素体虚寒，受凉引起的不思饮食，胃部冷痛．腹泻清稀，腰痛及寒性痛经以及肥胖、动脉硬化、慢性肠炎应少食
242,95,0,tcm_not_user,对于素体虚寒，受凉引起的不思饮食，胃部冷痛．腹泻清稀，腰痛及寒性痛经以及肥胖、动脉硬化、慢性肠炎应少食
242,98,0,tcm_not_user,对于素体虚寒，受凉引起的不思饮食，胃部冷痛．腹泻清稀，腰痛及寒性痛经以及肥胖、动脉硬化、慢性肠炎应少食
242,106,0,tcm_not_user,对于素体虚寒，受凉引起的不思饮食，胃部冷痛．腹泻清稀，腰痛及寒性痛经以及肥胖、动脉硬化、慢性肠炎应少食
242,109,0,tcm_not_user,对于素体虚寒，受凉引起的不思饮食，胃部冷痛．腹泻清稀，腰痛及寒性痛经以及肥胖、动脉硬化、慢性肠炎应少食
243,14,1,source_ingredient_groups,原始结构化适宜人群关系
243,18,1,source_ingredient_groups,原始结构化适宜人群关系
243,34,1,source_ingredient_groups,原始结构化适宜人群关系
243,35,1,source_ingredient_groups,原始结构化适宜人群关系
243,62,1,source_ingredient_groups,原始结构化适宜人群关系
244,14,1,source_ingredient_groups,原始结构化适宜人群关系
244,18,1,source_ingredient_groups,原始结构化适宜人群关系
244,35,1,source_ingredient_groups,原始结构化适宜人群关系
244,62,1,source_ingredient_groups,原始结构化适宜人群关系
245,14,1,source_ingredient_groups,原始结构化适宜人群关系
245,18,1,source_ingredient_groups,原始结构化适宜人群关系
245,35,1,source_ingredient_groups,原始结构化适宜人群关系
246,14,1,source_ingredient_groups,1.一般人都可食用。2.尤其适合小便不禁、高血压、高血脂、胆结石、贫血、小儿佝偻病、头晕、感冒、麻疹、粘膜溃疡、皮肤炎症、牙床坏血患者食用。
246,18,1,source_ingredient_groups,1.一般人都可食用。2.尤其适合小便不禁、高血压、高血脂、胆结石、贫血、小儿佝偻病、头晕、感冒、麻疹、粘膜溃疡、皮肤炎症、牙床坏血患者食用。
246,35,1,source_ingredient_groups,1.一般人都可食用。2.尤其适合小便不禁、高血压、高血脂、胆结石、贫血、小儿佝偻病、头晕、感冒、麻疹、粘膜溃疡、皮肤炎症、牙床坏血患者食用。
246,38,1,source_ingredient_groups,1.一般人都可食用。2.尤其适合小便不禁、高血压、高血脂、胆结石、贫血、小儿佝偻病、头晕、感冒、麻疹、粘膜溃疡、皮肤炎症、牙床坏血患者食用。
248,14,1,source_ingredient_groups,原始结构化适宜人群关系
248,34,1,source_ingredient_groups,原始结构化适宜人群关系
249,18,1,source_ingredient_groups,原始结构化适宜人群关系
250,14,1,source_ingredient_groups,原始结构化适宜人群关系
250,35,1,source_ingredient_groups,原始结构化适宜人群关系
250,62,1,source_ingredient_groups,原始结构化适宜人群关系
252,14,1,source_ingredient_groups,原始结构化适宜人群关系
252,18,1,source_ingredient_groups,原始结构化适宜人群关系
252,34,1,source_ingredient_groups,原始结构化适宜人群关系
252,35,1,source_ingredient_groups,原始结构化适宜人群关系
252,62,1,source_ingredient_groups,原始结构化适宜人群关系
253,18,1,source_ingredient_groups,原始结构化适宜人群关系
254,14,1,source_ingredient_groups,原始结构化适宜人群关系
254,27,1,source_ingredient_groups,原始结构化适宜人群关系
254,34,1,source_ingredient_groups,原始结构化适宜人群关系
254,35,1,source_ingredient_groups,原始结构化适宜人群关系
254,62,1,source_ingredient_groups,原始结构化适宜人群关系
255,35,1,source_ingredient_groups,原始结构化适宜人群关系
256,14,1,source_ingredient_groups,一般人群均可食用。是眼科患者的食疗佳品。
256,62,1,source_ingredient_groups,一般人群均可食用。是眼科患者的食疗佳品。
256,77,0,tcm_not_user,另外内热偏盛及内患有热性咳嗽患者、疮疡、痔疮、便血及眼疾的人不宜食雪里蕻
256,83,0,tcm_not_user,芥菜类蔬菜常被制成腌制品食用，因腌制后含有大量的盐分，故高血压、血管硬化的病人应注意少食以限制盐的摄入
256,88,0,tcm_not_user,另外内热偏盛及内患有热性咳嗽患者、疮疡、痔疮、便血及眼疾的人不宜食雪里蕻
256,89,0,tcm_not_user,另外内热偏盛及内患有热性咳嗽患者、疮疡、痔疮、便血及眼疾的人不宜食雪里蕻
256,91,0,tcm_not_user,另外内热偏盛及内患有热性咳嗽患者、疮疡、痔疮、便血及眼疾的人不宜食雪里蕻
256,97,0,tcm_not_user,另外内热偏盛及内患有热性咳嗽患者、疮疡、痔疮、便血及眼疾的人不宜食雪里蕻
256,98,0,tcm_not_user,芥菜类蔬菜常被制成腌制品食用，因腌制后含有大量的盐分，故高血压、血管硬化的病人应注意少食以限制盐的摄入
257,14,1,source_ingredient_groups,原始结构化适宜人群关系
257,18,1,source_ingredient_groups,原始结构化适宜人群关系
257,34,1,source_ingredient_groups,原始结构化适宜人群关系
257,35,1,source_ingredient_groups,原始结构化适宜人群关系
257,62,1,source_ingredient_groups,原始结构化适宜人群关系
258,14,1,source_ingredient_groups,原始结构化适宜人群关系
258,18,1,source_ingredient_groups,原始结构化适宜人群关系
258,35,1,source_ingredient_groups,原始结构化适宜人群关系
258,62,1,source_ingredient_groups,原始结构化适宜人群关系
260,14,1,source_ingredient_groups,原始结构化适宜人群关系
260,18,1,source_ingredient_groups,原始结构化适宜人群关系
260,35,1,source_ingredient_groups,原始结构化适宜人群关系
260,62,1,source_ingredient_groups,原始结构化适宜人群关系
260,76,1,source_ingredient_groups,原始结构化适宜人群关系
261,14,1,source_ingredient_groups,原始结构化适宜人群关系
261,18,1,source_ingredient_groups,原始结构化适宜人群关系
261,35,1,source_ingredient_groups,原始结构化适宜人群关系
263,14,1,source_ingredient_groups,原始结构化适宜人群关系
263,18,1,source_ingredient_groups,原始结构化适宜人群关系
263,27,1,source_ingredient_groups,原始结构化适宜人群关系
263,34,1,source_ingredient_groups,原始结构化适宜人群关系
263,35,1,source_ingredient_groups,原始结构化适宜人群关系
263,62,1,source_ingredient_groups,原始结构化适宜人群关系
264,14,1,source_ingredient_groups,原始结构化适宜人群关系
264,62,1,source_ingredient_groups,原始结构化适宜人群关系
265,14,1,source_ingredient_groups,原始结构化适宜人群关系
265,18,1,source_ingredient_groups,原始结构化适宜人群关系
265,27,1,source_ingredient_groups,原始结构化适宜人群关系
265,34,1,source_ingredient_groups,原始结构化适宜人群关系
265,35,1,source_ingredient_groups,原始结构化适宜人群关系
265,62,1,source_ingredient_groups,原始结构化适宜人群关系
265,75,1,source_ingredient_groups,原始结构化适宜人群关系
265,76,1,source_ingredient_groups,原始结构化适宜人群关系
266,14,1,source_ingredient_groups,1.一般人群均可食用。2.特别适合痢疾、水肿、淋病、乳糜尿、吐血、便血、血崩、月经过多、目赤肿痛等患者。3.对于干眼病、夜盲症胃痉挛、胃溃疡、痢疾、肠炎等症有特殊功效，另外有助于防治高血压、冠心病、肥胖症、糖尿病、肠癌及痔疮。
266,34,1,source_ingredient_groups,1.一般人群均可食用。2.特别适合痢疾、水肿、淋病、乳糜尿、吐血、便血、血崩、月经过多、目赤肿痛等患者。3.对于干眼病、夜盲症胃痉挛、胃溃疡、痢疾、肠炎等症有特殊功效，另外有助于防治高血压、冠心病、肥胖症、糖尿病、肠癌及痔疮。
266,35,1,source_ingredient_groups,1.一般人群均可食用。2.特别适合痢疾、水肿、淋病、乳糜尿、吐血、便血、血崩、月经过多、目赤肿痛等患者。3.对于干眼病、夜盲症胃痉挛、胃溃疡、痢疾、肠炎等症有特殊功效，另外有助于防治高血压、冠心病、肥胖症、糖尿病、肠癌及痔疮。
266,38,1,source_ingredient_groups,1.一般人群均可食用。2.特别适合痢疾、水肿、淋病、乳糜尿、吐血、便血、血崩、月经过多、目赤肿痛等患者。3.对于干眼病、夜盲症胃痉挛、胃溃疡、痢疾、肠炎等症有特殊功效，另外有助于防治高血压、冠心病、肥胖症、糖尿病、肠癌及痔疮。
266,62,1,source_ingredient_groups,1.一般人群均可食用。2.特别适合痢疾、水肿、淋病、乳糜尿、吐血、便血、血崩、月经过多、目赤肿痛等患者。3.对于干眼病、夜盲症胃痉挛、胃溃疡、痢疾、肠炎等症有特殊功效，另外有助于防治高血压、冠心病、肥胖症、糖尿病、肠癌及痔疮。
266,81,0,tcm_not_user,荠菜可宽肠通便，故便溏者慎食
267,34,1,source_ingredient_groups,原始结构化适宜人群关系
268,14,1,source_ingredient_groups,原始结构化适宜人群关系
268,18,1,source_ingredient_groups,原始结构化适宜人群关系
268,62,1,source_ingredient_groups,原始结构化适宜人群关系
269,34,1,source_ingredient_groups,原始结构化适宜人群关系
269,35,1,source_ingredient_groups,原始结构化适宜人群关系
270,14,1,source_ingredient_groups,原始结构化适宜人群关系
270,18,1,source_ingredient_groups,原始结构化适宜人群关系
270,34,1,source_ingredient_groups,原始结构化适宜人群关系
270,35,1,source_ingredient_groups,原始结构化适宜人群关系
270,62,1,source_ingredient_groups,原始结构化适宜人群关系
271,14,1,source_ingredient_groups,原始结构化适宜人群关系
271,62,1,source_ingredient_groups,原始结构化适宜人群关系
271,76,1,source_ingredient_groups,原始结构化适宜人群关系
272,34,1,source_ingredient_groups,原始结构化适宜人群关系
272,62,1,source_ingredient_groups,原始结构化适宜人群关系
274,62,1,source_ingredient_groups,原始结构化适宜人群关系
275,14,1,source_ingredient_groups,原始结构化适宜人群关系
275,34,1,source_ingredient_groups,原始结构化适宜人群关系
275,62,1,source_ingredient_groups,原始结构化适宜人群关系
277,18,1,source_ingredient_groups,原始结构化适宜人群关系
278,18,1,source_ingredient_groups,原始结构化适宜人群关系
279,18,1,source_ingredient_groups,原始结构化适宜人群关系
279,27,1,source_ingredient_groups,原始结构化适宜人群关系
279,62,1,source_ingredient_groups,原始结构化适宜人群关系
280,34,1,source_ingredient_groups,原始结构化适宜人群关系
280,38,1,source_ingredient_groups,原始结构化适宜人群关系
281,14,1,source_ingredient_groups,原始结构化适宜人群关系
281,35,1,source_ingredient_groups,原始结构化适宜人群关系
281,62,1,source_ingredient_groups,原始结构化适宜人群关系
282,14,1,source_ingredient_groups,原始结构化适宜人群关系
282,18,1,source_ingredient_groups,原始结构化适宜人群关系
282,33,1,source_ingredient_groups,原始结构化适宜人群关系
282,35,1,source_ingredient_groups,原始结构化适宜人群关系
282,38,1,source_ingredient_groups,原始结构化适宜人群关系
282,62,1,source_ingredient_groups,原始结构化适宜人群关系
282,67,1,source_ingredient_groups,原始结构化适宜人群关系
282,73,1,source_ingredient_groups,原始结构化适宜人群关系
283,14,1,source_ingredient_groups,原始结构化适宜人群关系
283,18,1,source_ingredient_groups,原始结构化适宜人群关系
283,27,1,source_ingredient_groups,原始结构化适宜人群关系
283,34,1,source_ingredient_groups,原始结构化适宜人群关系
283,35,1,source_ingredient_groups,原始结构化适宜人群关系
283,62,1,source_ingredient_groups,原始结构化适宜人群关系
284,35,1,source_ingredient_groups,原始结构化适宜人群关系
284,62,1,source_ingredient_groups,原始结构化适宜人群关系
285,14,1,source_ingredient_groups,原始结构化适宜人群关系
285,18,1,source_ingredient_groups,原始结构化适宜人群关系
285,34,1,source_ingredient_groups,原始结构化适宜人群关系
285,35,1,source_ingredient_groups,原始结构化适宜人群关系
285,47,1,source_ingredient_groups,原始结构化适宜人群关系
285,62,1,source_ingredient_groups,原始结构化适宜人群关系
287,14,1,source_ingredient_groups,原始结构化适宜人群关系
287,18,1,source_ingredient_groups,原始结构化适宜人群关系
287,35,1,source_ingredient_groups,原始结构化适宜人群关系
287,62,1,source_ingredient_groups,原始结构化适宜人群关系
288,14,1,source_ingredient_groups,原始结构化适宜人群关系
288,18,1,source_ingredient_groups,原始结构化适宜人群关系
288,35,1,source_ingredient_groups,原始结构化适宜人群关系
288,62,1,source_ingredient_groups,原始结构化适宜人群关系
289,14,1,source_ingredient_groups,原始结构化适宜人群关系
289,35,1,source_ingredient_groups,原始结构化适宜人群关系
289,62,1,source_ingredient_groups,原始结构化适宜人群关系
291,14,1,source_ingredient_groups,一般人均可食用适宜肾虚阳痿、男性不育症、腰脚瘙弱无力之人食用；适宜小儿正在出麻疹、水痘之时服食；适宜中老年人缺钙所致的小腿抽筋者食用。
291,18,1,source_ingredient_groups,一般人均可食用适宜肾虚阳痿、男性不育症、腰脚瘙弱无力之人食用；适宜小儿正在出麻疹、水痘之时服食；适宜中老年人缺钙所致的小腿抽筋者食用。
291,35,1,source_ingredient_groups,一般人均可食用适宜肾虚阳痿、男性不育症、腰脚瘙弱无力之人食用；适宜小儿正在出麻疹、水痘之时服食；适宜中老年人缺钙所致的小腿抽筋者食用。
291,97,0,tcm_not_user,虾为动风发物，患有皮肤疥癣者忌食
291,104,0,tcm_not_user,患过敏性鼻炎、支气管炎、反复发作性过敏性皮炎的老年人不宜吃虾
291,107,0,tcm_not_user,患过敏性鼻炎、支气管炎、反复发作性过敏性皮炎的老年人不宜吃虾
292,14,1,source_ingredient_groups,一般人群均可食用适宜跌打损伤、筋断骨碎、瘀血肿痛、产妇胎盘残留、孕妇临产阵缩无力、胎儿迟迟不下者食用，尤以蟹爪为好。
292,18,1,source_ingredient_groups,一般人群均可食用适宜跌打损伤、筋断骨碎、瘀血肿痛、产妇胎盘残留、孕妇临产阵缩无力、胎儿迟迟不下者食用，尤以蟹爪为好。
292,34,1,source_ingredient_groups,一般人群均可食用适宜跌打损伤、筋断骨碎、瘀血肿痛、产妇胎盘残留、孕妇临产阵缩无力、胎儿迟迟不下者食用，尤以蟹爪为好。
292,35,0,tcm_not_user,平素脾胃虚寒、大便溏薄、腹痛隐隐、风寒感冒未愈、宿患风疾、顽固性皮肤瘙痒疾患之人忌食，月经过多、痛经、怀孕妇女忌食螃蟹，尤忌食蟹爪
292,62,1,source_ingredient_groups,一般人群均可食用适宜跌打损伤、筋断骨碎、瘀血肿痛、产妇胎盘残留、孕妇临产阵缩无力、胎儿迟迟不下者食用，尤以蟹爪为好。
292,81,0,tcm_not_user,平素脾胃虚寒、大便溏薄、腹痛隐隐、风寒感冒未愈、宿患风疾、顽固性皮肤瘙痒疾患之人忌食，月经过多、痛经、怀孕妇女忌食螃蟹，尤忌食蟹爪
292,82,0,tcm_not_user,平素脾胃虚寒、大便溏薄、腹痛隐隐、风寒感冒未愈、宿患风疾、顽固性皮肤瘙痒疾患之人忌食，月经过多、痛经、怀孕妇女忌食螃蟹，尤忌食蟹爪
292,90,0,tcm_not_user,平素脾胃虚寒、大便溏薄、腹痛隐隐、风寒感冒未愈、宿患风疾、顽固性皮肤瘙痒疾患之人忌食，月经过多、痛经、怀孕妇女忌食螃蟹，尤忌食蟹爪
292,97,0,tcm_not_user,平素脾胃虚寒、大便溏薄、腹痛隐隐、风寒感冒未愈、宿患风疾、顽固性皮肤瘙痒疾患之人忌食，月经过多、痛经、怀孕妇女忌食螃蟹，尤忌食蟹爪
292,109,0,tcm_not_user,平素脾胃虚寒、大便溏薄、腹痛隐隐、风寒感冒未愈、宿患风疾、顽固性皮肤瘙痒疾患之人忌食，月经过多、痛经、怀孕妇女忌食螃蟹，尤忌食蟹爪
293,14,1,source_ingredient_groups,原始结构化适宜人群关系
293,35,1,source_ingredient_groups,原始结构化适宜人群关系
293,62,1,source_ingredient_groups,原始结构化适宜人群关系
294,35,1,source_ingredient_groups,一般人群均可食用，更是糖尿病患者的良好食品。
294,62,1,source_ingredient_groups,一般人群均可食用，更是糖尿病患者的良好食品。
295,14,1,source_ingredient_groups,原始结构化适宜人群关系
295,18,1,source_ingredient_groups,原始结构化适宜人群关系
295,34,1,source_ingredient_groups,原始结构化适宜人群关系
295,35,1,source_ingredient_groups,原始结构化适宜人群关系
295,47,1,source_ingredient_groups,原始结构化适宜人群关系
295,62,1,source_ingredient_groups,原始结构化适宜人群关系
296,14,1,source_ingredient_groups,原始结构化适宜人群关系
296,35,1,source_ingredient_groups,原始结构化适宜人群关系
296,62,1,source_ingredient_groups,原始结构化适宜人群关系
297,14,1,source_ingredient_groups,一般人均可食用，适宜一切体虚之人、高热之人、久病初愈、妇女产后、老年人、婴幼儿消化力减弱者，煮成稀粥调养食用。
297,18,1,source_ingredient_groups,一般人均可食用，适宜一切体虚之人、高热之人、久病初愈、妇女产后、老年人、婴幼儿消化力减弱者，煮成稀粥调养食用。
297,34,1,source_ingredient_groups,一般人均可食用，适宜一切体虚之人、高热之人、久病初愈、妇女产后、老年人、婴幼儿消化力减弱者，煮成稀粥调养食用。
297,61,0,tcm_not_user,糖尿病患者不宜多食
297,62,1,source_ingredient_groups,一般人均可食用，适宜一切体虚之人、高热之人、久病初愈、妇女产后、老年人、婴幼儿消化力减弱者，煮成稀粥调养食用。
298,14,1,source_ingredient_groups,原始结构化适宜人群关系
298,34,1,source_ingredient_groups,原始结构化适宜人群关系
298,62,1,source_ingredient_groups,原始结构化适宜人群关系
301,62,1,source_ingredient_groups,原始结构化适宜人群关系
302,14,1,source_ingredient_groups,原始结构化适宜人群关系
302,18,1,source_ingredient_groups,原始结构化适宜人群关系
302,34,1,source_ingredient_groups,原始结构化适宜人群关系
302,35,1,source_ingredient_groups,原始结构化适宜人群关系
302,62,1,source_ingredient_groups,原始结构化适宜人群关系
303,18,1,source_ingredient_groups,原始结构化适宜人群关系
304,18,1,source_ingredient_groups,原始结构化适宜人群关系
306,14,1,source_ingredient_groups,原始结构化适宜人群关系
307,35,1,source_ingredient_groups,原始结构化适宜人群关系
308,34,1,source_ingredient_groups,原始结构化适宜人群关系
309,34,1,source_ingredient_groups,一般人群均能食用适宜阴虚体质，贫血，妇女血虚经闭，带下，崩漏者食用。
309,35,1,source_ingredient_groups,一般人群均能食用适宜阴虚体质，贫血，妇女血虚经闭，带下，崩漏者食用。
309,61,0,tcm_not_user,患有湿疹、荨麻疹、痛风、肾脏病、糖尿病、易过敏者等疾病的人忌食
309,78,0,tcm_not_user,高血脂、高胆固醇血症、动脉硬化等心血管病及肝病患者应慎食
309,79,0,tcm_not_user,患有湿疹、荨麻疹、痛风、肾脏病、糖尿病、易过敏者等疾病的人忌食
309,84,0,tcm_not_user,高血脂、高胆固醇血症、动脉硬化等心血管病及肝病患者应慎食
309,90,0,tcm_not_user,脾胃虚寒的人应少吃
309,97,0,tcm_not_user,患有湿疹、荨麻疹、痛风、肾脏病、糖尿病、易过敏者等疾病的人忌食
309,98,0,tcm_not_user,高血脂、高胆固醇血症、动脉硬化等心血管病及肝病患者应慎食
309,107,0,tcm_not_user,患有湿疹、荨麻疹、痛风、肾脏病、糖尿病、易过敏者等疾病的人忌食
309,108,0,tcm_not_user,患有湿疹、荨麻疹、痛风、肾脏病、糖尿病、易过敏者等疾病的人忌食
310,14,1,source_ingredient_groups,原始结构化适宜人群关系
311,14,1,source_ingredient_groups,原始结构化适宜人群关系
311,18,1,source_ingredient_groups,原始结构化适宜人群关系
312,35,1,source_ingredient_groups,原始结构化适宜人群关系
313,14,1,source_ingredient_groups,原始结构化适宜人群关系
313,34,1,source_ingredient_groups,原始结构化适宜人群关系
313,35,1,source_ingredient_groups,原始结构化适宜人群关系
313,62,1,source_ingredient_groups,原始结构化适宜人群关系
313,76,1,source_ingredient_groups,原始结构化适宜人群关系
314,18,1,source_ingredient_groups,原始结构化适宜人群关系
314,34,1,source_ingredient_groups,原始结构化适宜人群关系
317,14,1,source_ingredient_groups,一般人都可食用尤适宜体质虚弱、营养不足、消化不良者、高脂血症患者、脾胃虚弱者、有肺虚咳嗽、虚劳等症者食用。
317,34,1,source_ingredient_groups,一般人都可食用尤适宜体质虚弱、营养不足、消化不良者、高脂血症患者、脾胃虚弱者、有肺虚咳嗽、虚劳等症者食用。
317,35,1,source_ingredient_groups,一般人都可食用尤适宜体质虚弱、营养不足、消化不良者、高脂血症患者、脾胃虚弱者、有肺虚咳嗽、虚劳等症者食用。
317,62,1,source_ingredient_groups,一般人都可食用尤适宜体质虚弱、营养不足、消化不良者、高脂血症患者、脾胃虚弱者、有肺虚咳嗽、虚劳等症者食用。
318,14,1,source_ingredient_groups,1.一般人群均可食用。2.最适宜中老年人、阳萎、早泄、性功能减退、性欲冷淡的人、妇女、脑力工作者食用。
318,34,1,source_ingredient_groups,1.一般人群均可食用。2.最适宜中老年人、阳萎、早泄、性功能减退、性欲冷淡的人、妇女、脑力工作者食用。
318,35,1,source_ingredient_groups,1.一般人群均可食用。2.最适宜中老年人、阳萎、早泄、性功能减退、性欲冷淡的人、妇女、脑力工作者食用。
319,14,1,source_ingredient_groups,原始结构化适宜人群关系
319,35,1,source_ingredient_groups,原始结构化适宜人群关系
319,62,1,source_ingredient_groups,原始结构化适宜人群关系
320,14,1,source_ingredient_groups,原始结构化适宜人群关系
320,34,1,source_ingredient_groups,原始结构化适宜人群关系
320,35,1,source_ingredient_groups,原始结构化适宜人群关系
321,14,1,source_ingredient_groups,适宜虚劳瘦弱者食用；适宜脾胃虚弱，食欲不振，泄泻下痢者食用；适宜中气不足，气虚下陷，男子遗精，女子带下者食用；适宜体虚之人小便颇多者食用；适宜小儿疳积者食用。
321,35,1,source_ingredient_groups,适宜虚劳瘦弱者食用；适宜脾胃虚弱，食欲不振，泄泻下痢者食用；适宜中气不足，气虚下陷，男子遗精，女子带下者食用；适宜体虚之人小便颇多者食用；适宜小儿疳积者食用。
321,38,1,source_ingredient_groups,适宜虚劳瘦弱者食用；适宜脾胃虚弱，食欲不振，泄泻下痢者食用；适宜中气不足，气虚下陷，男子遗精，女子带下者食用；适宜体虚之人小便颇多者食用；适宜小儿疳积者食用。
321,62,1,source_ingredient_groups,适宜虚劳瘦弱者食用；适宜脾胃虚弱，食欲不振，泄泻下痢者食用；适宜中气不足，气虚下陷，男子遗精，女子带下者食用；适宜体虚之人小便颇多者食用；适宜小儿疳积者食用。
322,14,1,source_ingredient_groups,原始结构化适宜人群关系
322,18,1,source_ingredient_groups,原始结构化适宜人群关系
322,35,1,source_ingredient_groups,原始结构化适宜人群关系
322,62,1,source_ingredient_groups,原始结构化适宜人群关系
323,14,1,source_ingredient_groups,一般人都可食用。
324,14,1,source_ingredient_groups,原始结构化适宜人群关系
324,18,1,source_ingredient_groups,原始结构化适宜人群关系
324,35,1,source_ingredient_groups,原始结构化适宜人群关系
324,62,1,source_ingredient_groups,原始结构化适宜人群关系
324,65,1,source_ingredient_groups,原始结构化适宜人群关系
325,14,1,source_ingredient_groups,原始结构化适宜人群关系
325,18,1,source_ingredient_groups,原始结构化适宜人群关系
325,34,1,source_ingredient_groups,原始结构化适宜人群关系
325,35,1,source_ingredient_groups,原始结构化适宜人群关系
325,62,1,source_ingredient_groups,原始结构化适宜人群关系
326,18,1,source_ingredient_groups,原始结构化适宜人群关系
327,14,1,source_ingredient_groups,原始结构化适宜人群关系
327,34,1,source_ingredient_groups,原始结构化适宜人群关系
327,35,1,source_ingredient_groups,原始结构化适宜人群关系
328,14,1,source_ingredient_groups,原始结构化适宜人群关系
328,35,1,source_ingredient_groups,原始结构化适宜人群关系
328,62,1,source_ingredient_groups,原始结构化适宜人群关系
329,35,1,source_ingredient_groups,原始结构化适宜人群关系
329,38,1,source_ingredient_groups,原始结构化适宜人群关系
329,62,1,source_ingredient_groups,原始结构化适宜人群关系
329,76,1,source_ingredient_groups,原始结构化适宜人群关系
330,14,1,source_ingredient_groups,原始结构化适宜人群关系
330,18,1,source_ingredient_groups,原始结构化适宜人群关系
330,34,1,source_ingredient_groups,原始结构化适宜人群关系
330,35,1,source_ingredient_groups,原始结构化适宜人群关系
331,14,1,source_ingredient_groups,原始结构化适宜人群关系
331,18,1,source_ingredient_groups,原始结构化适宜人群关系
332,18,1,source_ingredient_groups,原始结构化适宜人群关系
332,35,1,source_ingredient_groups,原始结构化适宜人群关系
332,62,1,source_ingredient_groups,原始结构化适宜人群关系
333,14,1,source_ingredient_groups,原始结构化适宜人群关系
333,18,1,source_ingredient_groups,原始结构化适宜人群关系
333,34,1,source_ingredient_groups,原始结构化适宜人群关系
333,35,1,source_ingredient_groups,原始结构化适宜人群关系
333,62,1,source_ingredient_groups,原始结构化适宜人群关系
334,14,1,source_ingredient_groups,原始结构化适宜人群关系
335,35,0,tcm_not_user,胃及十二指肠溃疡、慢性胃炎、单纯甲状腺肿、先兆流产、子宫脱垂等患者忌食萝卜
335,62,1,source_ingredient_groups,"一般人群均可食用。
"
335,81,0,tcm_not_user,萝卜性偏寒凉而利肠，脾虚泄泻者慎食或少食
335,86,0,tcm_not_user,胃及十二指肠溃疡、慢性胃炎、单纯甲状腺肿、先兆流产、子宫脱垂等患者忌食萝卜
335,87,0,tcm_not_user,胃及十二指肠溃疡、慢性胃炎、单纯甲状腺肿、先兆流产、子宫脱垂等患者忌食萝卜
335,90,0,tcm_not_user,阴盛偏寒体质者、脾胃虚寒者等不宜多食
335,102,0,tcm_not_user,胃及十二指肠溃疡、慢性胃炎、单纯甲状腺肿、先兆流产、子宫脱垂等患者忌食萝卜
336,35,1,source_ingredient_groups,原始结构化适宜人群关系
337,14,1,source_ingredient_groups,原始结构化适宜人群关系
337,18,1,source_ingredient_groups,原始结构化适宜人群关系
337,35,1,source_ingredient_groups,原始结构化适宜人群关系
337,62,1,source_ingredient_groups,原始结构化适宜人群关系
338,18,1,source_ingredient_groups,原始结构化适宜人群关系
339,14,1,source_ingredient_groups,原始结构化适宜人群关系
339,18,1,source_ingredient_groups,原始结构化适宜人群关系
339,34,1,source_ingredient_groups,原始结构化适宜人群关系
339,35,1,source_ingredient_groups,原始结构化适宜人群关系
339,62,1,source_ingredient_groups,原始结构化适宜人群关系
339,76,1,source_ingredient_groups,原始结构化适宜人群关系
340,14,1,source_ingredient_groups,原始结构化适宜人群关系
340,62,1,source_ingredient_groups,原始结构化适宜人群关系
341,14,1,source_ingredient_groups,原始结构化适宜人群关系
341,18,1,source_ingredient_groups,原始结构化适宜人群关系
341,34,1,source_ingredient_groups,原始结构化适宜人群关系
341,35,1,source_ingredient_groups,原始结构化适宜人群关系
341,62,1,source_ingredient_groups,原始结构化适宜人群关系
342,14,1,source_ingredient_groups,一般人都可食用适宜产后虚损、烦热口渴、湿热水肿、痢疾、醉酒等人群。
342,34,1,source_ingredient_groups,一般人都可食用适宜产后虚损、烦热口渴、湿热水肿、痢疾、醉酒等人群。
342,35,1,source_ingredient_groups,一般人都可食用适宜产后虚损、烦热口渴、湿热水肿、痢疾、醉酒等人群。
342,81,0,tcm_not_user,脾胃虚寒、腹泻者应少食
342,90,0,tcm_not_user,脾胃虚寒、腹泻者应少食
343,62,1,source_ingredient_groups,一般人群均可食用，尤适于肾虚腰痛、气滞呃逆、风温腰痛、小儿疝气等症患者食用。
345,14,1,source_ingredient_groups,原始结构化适宜人群关系
345,18,1,source_ingredient_groups,原始结构化适宜人群关系
346,14,1,source_ingredient_groups,原始结构化适宜人群关系
346,62,1,source_ingredient_groups,原始结构化适宜人群关系
348,18,1,source_ingredient_groups,一般人群均可食用适宜各类水肿．肝炎，肾炎，以及脚气脚弱之人食用；适宜脾胃虚弱，气血不足，营养不良之人食用；适宜高脂血症，高胆固醇血症，动脉硬化者食用。
348,55,1,source_ingredient_groups,一般人群均可食用适宜各类水肿．肝炎，肾炎，以及脚气脚弱之人食用；适宜脾胃虚弱，气血不足，营养不良之人食用；适宜高脂血症，高胆固醇血症，动脉硬化者食用。
348,62,1,source_ingredient_groups,一般人群均可食用适宜各类水肿．肝炎，肾炎，以及脚气脚弱之人食用；适宜脾胃虚弱，气血不足，营养不良之人食用；适宜高脂血症，高胆固醇血症，动脉硬化者食用。
348,77,0,tcm_not_user,瘙痒性皮肤病、内热、荨麻疹、癣病者应忌食
348,97,0,tcm_not_user,瘙痒性皮肤病、内热、荨麻疹、癣病者应忌食
349,62,1,source_ingredient_groups,原始结构化适宜人群关系
350,14,1,source_ingredient_groups,一般人群均可食用适宜中老年体质虚弱，大便干结，以及慢性支气管炎久咳无痰之人食用；适宜心脑血管疾病之人食用。
350,18,1,source_ingredient_groups,一般人群均可食用适宜中老年体质虚弱，大便干结，以及慢性支气管炎久咳无痰之人食用；适宜心脑血管疾病之人食用。
350,35,1,source_ingredient_groups,一般人群均可食用适宜中老年体质虚弱，大便干结，以及慢性支气管炎久咳无痰之人食用；适宜心脑血管疾病之人食用。
350,62,1,source_ingredient_groups,一般人群均可食用适宜中老年体质虚弱，大便干结，以及慢性支气管炎久咳无痰之人食用；适宜心脑血管疾病之人食用。
350,76,1,source_ingredient_groups,一般人群均可食用适宜中老年体质虚弱，大便干结，以及慢性支气管炎久咳无痰之人食用；适宜心脑血管疾病之人食用。
350,80,0,tcm_not_user,因含油脂丰富，所以胆功能严重不良者应慎食
350,81,0,tcm_not_user,便溏、精滑、咳嗽痰多、腹泻者忌用
350,91,0,tcm_not_user,便溏、精滑、咳嗽痰多、腹泻者忌用
350,94,0,tcm_not_user,便溏、精滑、咳嗽痰多、腹泻者忌用
351,18,1,source_ingredient_groups,原始结构化适宜人群关系
352,34,1,source_ingredient_groups,原始结构化适宜人群关系
352,35,1,source_ingredient_groups,原始结构化适宜人群关系
355,62,1,source_ingredient_groups,原始结构化适宜人群关系
356,14,1,source_ingredient_groups,原始结构化适宜人群关系
356,18,1,source_ingredient_groups,原始结构化适宜人群关系
356,35,1,source_ingredient_groups,原始结构化适宜人群关系
358,18,1,source_ingredient_groups,原始结构化适宜人群关系
358,76,1,source_ingredient_groups,原始结构化适宜人群关系
359,14,1,source_ingredient_groups,原始结构化适宜人群关系
359,34,1,source_ingredient_groups,原始结构化适宜人群关系
359,35,1,source_ingredient_groups,原始结构化适宜人群关系
359,62,1,source_ingredient_groups,原始结构化适宜人群关系
360,14,1,source_ingredient_groups,一般人群均可食用，适宜食欲不振、饮食不香、肠胃积滞、慢性泄泻之人食用；同时适宜出黄汗之人和夏季痧症者、糖尿病人多食。
360,18,1,source_ingredient_groups,一般人群均可食用，适宜食欲不振、饮食不香、肠胃积滞、慢性泄泻之人食用；同时适宜出黄汗之人和夏季痧症者、糖尿病人多食。
360,34,1,source_ingredient_groups,一般人群均可食用，适宜食欲不振、饮食不香、肠胃积滞、慢性泄泻之人食用；同时适宜出黄汗之人和夏季痧症者、糖尿病人多食。
360,62,1,source_ingredient_groups,一般人群均可食用，适宜食欲不振、饮食不香、肠胃积滞、慢性泄泻之人食用；同时适宜出黄汗之人和夏季痧症者、糖尿病人多食。
360,81,0,tcm_not_user,脾胃虚寒、消化功能不佳、经常腹泻的人、体质敏感之人不宜食用
360,90,0,tcm_not_user,脾胃虚寒、消化功能不佳、经常腹泻的人、体质敏感之人不宜食用
360,101,0,tcm_not_user,脾胃虚寒、消化功能不佳、经常腹泻的人、体质敏感之人不宜食用
361,14,1,source_ingredient_groups,一般人群均可食用。肾脏病、浮肿病、糖尿病患者可多食。
361,35,1,source_ingredient_groups,一般人群均可食用。肾脏病、浮肿病、糖尿病患者可多食。
362,14,1,source_ingredient_groups,原始结构化适宜人群关系
362,18,1,source_ingredient_groups,原始结构化适宜人群关系
362,34,1,source_ingredient_groups,原始结构化适宜人群关系
362,35,1,source_ingredient_groups,原始结构化适宜人群关系
362,62,1,source_ingredient_groups,原始结构化适宜人群关系
364,34,1,source_ingredient_groups,原始结构化适宜人群关系
365,61,0,tcm_not_user,慢性肠炎、胃寒病、糖尿病患者忌食生梨
365,87,0,tcm_not_user,慢性肠炎、胃寒病、糖尿病患者忌食生梨
365,90,0,tcm_not_user,慢性肠炎、胃寒病、糖尿病患者忌食生梨
367,14,1,source_ingredient_groups,原始结构化适宜人群关系
367,35,1,source_ingredient_groups,原始结构化适宜人群关系
367,62,1,source_ingredient_groups,原始结构化适宜人群关系
368,14,1,source_ingredient_groups,原始结构化适宜人群关系
368,34,1,source_ingredient_groups,原始结构化适宜人群关系
368,35,1,source_ingredient_groups,原始结构化适宜人群关系
368,62,1,source_ingredient_groups,原始结构化适宜人群关系
368,65,1,source_ingredient_groups,原始结构化适宜人群关系
369,14,1,source_ingredient_groups,老少皆宜；中老年人、孕妇和心血管病患者更适合食用适宜肾虚阳痿、男性不育症、腰脚瘙弱无力之人食用；适宜中老年人缺钙所致的小腿抽筋者食用。
369,18,1,source_ingredient_groups,老少皆宜；中老年人、孕妇和心血管病患者更适合食用适宜肾虚阳痿、男性不育症、腰脚瘙弱无力之人食用；适宜中老年人缺钙所致的小腿抽筋者食用。
369,34,1,source_ingredient_groups,老少皆宜；中老年人、孕妇和心血管病患者更适合食用适宜肾虚阳痿、男性不育症、腰脚瘙弱无力之人食用；适宜中老年人缺钙所致的小腿抽筋者食用。
369,35,1,source_ingredient_groups,老少皆宜；中老年人、孕妇和心血管病患者更适合食用适宜肾虚阳痿、男性不育症、腰脚瘙弱无力之人食用；适宜中老年人缺钙所致的小腿抽筋者食用。
369,62,1,source_ingredient_groups,老少皆宜；中老年人、孕妇和心血管病患者更适合食用适宜肾虚阳痿、男性不育症、腰脚瘙弱无力之人食用；适宜中老年人缺钙所致的小腿抽筋者食用。
369,97,0,tcm_not_user,患过敏性鼻炎、支气管炎、反复发作性过敏性皮炎的老年人不宜吃虾，虾为动风发物，患有皮肤疥癣者忌食
369,104,0,tcm_not_user,患过敏性鼻炎、支气管炎、反复发作性过敏性皮炎的老年人不宜吃虾，虾为动风发物，患有皮肤疥癣者忌食
369,107,0,tcm_not_user,患过敏性鼻炎、支气管炎、反复发作性过敏性皮炎的老年人不宜吃虾，虾为动风发物，患有皮肤疥癣者忌食
370,18,1,source_ingredient_groups,一般人都可食用。适宜体质虚弱，气血不足，营养不良之人食用；适宜膀胱热结，小便不利，肝硬化腹水，营养不良性水肿之人食用。
370,77,0,tcm_not_user,阴虚喘嗽忌之
371,18,1,source_ingredient_groups,原始结构化适宜人群关系
371,62,1,source_ingredient_groups,原始结构化适宜人群关系
373,14,1,source_ingredient_groups,一般人群均可食用。适宜肾虚者、腹泻者、小便频繁者、男子遗精、女子带下病者；尤其是糖尿病、肾虚患者更佳。
373,62,1,source_ingredient_groups,一般人群均可食用。适宜肾虚者、腹泻者、小便频繁者、男子遗精、女子带下病者；尤其是糖尿病、肾虚患者更佳。
373,105,0,tcm_not_user,眉豆多食则性滞，故气滞便结者应慎食眉豆
375,18,1,source_ingredient_groups,原始结构化适宜人群关系
375,34,1,source_ingredient_groups,原始结构化适宜人群关系
375,35,1,source_ingredient_groups,原始结构化适宜人群关系
375,62,1,source_ingredient_groups,原始结构化适宜人群关系
376,18,1,source_ingredient_groups,一般人皆可食用。
376,62,1,source_ingredient_groups,一般人皆可食用。
376,77,0,tcm_not_user,脾胃虚寒及阴虚发热而无实火者慎服
376,90,0,tcm_not_user,脾胃虚寒及阴虚发热而无实火者慎服
377,35,0,tcm_not_user,孕妇慎服
378,106,0,tcm_not_user,虚寒性体质及疔疮肿疡属阴寒，无红肿热痛者，不宜服食
380,62,1,source_ingredient_groups,原始结构化适宜人群关系
381,14,1,source_ingredient_groups,原始结构化适宜人群关系
382,14,1,source_ingredient_groups,原始结构化适宜人群关系
382,18,1,source_ingredient_groups,原始结构化适宜人群关系
382,35,1,source_ingredient_groups,原始结构化适宜人群关系
383,14,1,source_ingredient_groups,原始结构化适宜人群关系
383,62,1,source_ingredient_groups,原始结构化适宜人群关系
384,14,1,source_ingredient_groups,原始结构化适宜人群关系
384,18,1,source_ingredient_groups,原始结构化适宜人群关系
384,35,1,source_ingredient_groups,原始结构化适宜人群关系
384,62,1,source_ingredient_groups,原始结构化适宜人群关系
385,14,1,source_ingredient_groups,原始结构化适宜人群关系
385,35,1,source_ingredient_groups,原始结构化适宜人群关系
386,14,1,source_ingredient_groups,原始结构化适宜人群关系
386,18,1,source_ingredient_groups,原始结构化适宜人群关系
386,35,1,source_ingredient_groups,原始结构化适宜人群关系
387,34,1,source_ingredient_groups,原始结构化适宜人群关系
390,14,1,source_ingredient_groups,原始结构化适宜人群关系
390,35,1,source_ingredient_groups,原始结构化适宜人群关系
391,14,1,source_ingredient_groups,原始结构化适宜人群关系
391,35,1,source_ingredient_groups,原始结构化适宜人群关系
392,14,1,source_ingredient_groups,一般人都可食用适宜贫血，体虚，营养不良，不思饮食之人食用。
392,35,1,source_ingredient_groups,一般人都可食用适宜贫血，体虚，营养不良，不思饮食之人食用。
392,62,1,source_ingredient_groups,一般人都可食用适宜贫血，体虚，营养不良，不思饮食之人食用。
392,81,0,tcm_not_user,凡患有慢性痢疾之人忌食
395,35,1,source_ingredient_groups,"病虚而多热者宜用。
"
395,62,1,source_ingredient_groups,"病虚而多热者宜用。
"
395,106,0,tcm_not_user,虚而有寒者忌之
397,14,1,source_ingredient_groups,原始结构化适宜人群关系
397,27,1,source_ingredient_groups,原始结构化适宜人群关系
397,35,1,source_ingredient_groups,原始结构化适宜人群关系
397,62,1,source_ingredient_groups,原始结构化适宜人群关系
398,62,1,source_ingredient_groups,原始结构化适宜人群关系
402,18,1,source_ingredient_groups,原始结构化适宜人群关系
404,14,1,source_ingredient_groups,原始结构化适宜人群关系
406,14,1,source_ingredient_groups,原始结构化适宜人群关系
407,14,1,source_ingredient_groups,原始结构化适宜人群关系
407,35,1,source_ingredient_groups,原始结构化适宜人群关系
407,62,1,source_ingredient_groups,原始结构化适宜人群关系
408,14,0,tcm_not_user,因螺性大寒，故风寒感冒期间忌食，女子行经期间及妇人产后忌食，素有胃寒病者忌食
408,81,0,tcm_not_user,凡屑脾胃虚寒，便溏腹泻之人忌食
408,82,0,tcm_not_user,因螺性大寒，故风寒感冒期间忌食，女子行经期间及妇人产后忌食，素有胃寒病者忌食
408,90,0,tcm_not_user,凡屑脾胃虚寒，便溏腹泻之人忌食；因螺性大寒，故风寒感冒期间忌食，女子行经期间及妇人产后忌食，素有胃寒病者忌食
408,109,0,tcm_not_user,因螺性大寒，故风寒感冒期间忌食，女子行经期间及妇人产后忌食，素有胃寒病者忌食
409,14,1,source_ingredient_groups,"一般人均可食用。
"
410,34,1,source_ingredient_groups,原始结构化适宜人群关系
410,57,1,source_ingredient_groups,原始结构化适宜人群关系
410,59,1,source_ingredient_groups,原始结构化适宜人群关系
410,62,1,source_ingredient_groups,原始结构化适宜人群关系
412,14,1,source_ingredient_groups,原始结构化适宜人群关系
412,34,1,source_ingredient_groups,原始结构化适宜人群关系
412,35,1,source_ingredient_groups,原始结构化适宜人群关系
412,62,1,source_ingredient_groups,原始结构化适宜人群关系
412,65,1,source_ingredient_groups,原始结构化适宜人群关系
414,14,1,source_ingredient_groups,原始结构化适宜人群关系
414,35,1,source_ingredient_groups,原始结构化适宜人群关系
415,62,1,source_ingredient_groups,原始结构化适宜人群关系
416,62,1,source_ingredient_groups,原始结构化适宜人群关系
419,81,0,tcm_not_user,脾胃虚寒、纳差泄泻者少食
419,90,0,tcm_not_user,脾胃虚寒、纳差泄泻者少食
420,14,1,source_ingredient_groups,原始结构化适宜人群关系
421,35,0,tcm_not_user,孕妇及经期女性、有明显阳虚症状的女子、脾胃虚寒者不宜食用
421,62,1,source_ingredient_groups,一般人群均可食用。适宜老人、妇女，也是肥胖者和肝病、心血管病、糖尿病患者的理想肉食。
421,90,0,tcm_not_user,孕妇及经期女性、有明显阳虚症状的女子、脾胃虚寒者不宜食用
421,103,0,tcm_not_user,孕妇及经期女性、有明显阳虚症状的女子、脾胃虚寒者不宜食用
421,109,0,tcm_not_user,孕妇及经期女性、有明显阳虚症状的女子、脾胃虚寒者不宜食用
424,14,1,source_ingredient_groups,原始结构化适宜人群关系
424,18,1,source_ingredient_groups,原始结构化适宜人群关系
424,27,1,source_ingredient_groups,原始结构化适宜人群关系
424,35,1,source_ingredient_groups,原始结构化适宜人群关系
424,38,1,source_ingredient_groups,原始结构化适宜人群关系
424,62,1,source_ingredient_groups,原始结构化适宜人群关系
425,14,1,source_ingredient_groups,原始结构化适宜人群关系
426,14,1,source_ingredient_groups,原始结构化适宜人群关系
426,34,1,source_ingredient_groups,原始结构化适宜人群关系
426,62,1,source_ingredient_groups,原始结构化适宜人群关系
427,14,0,tcm_not_user,女子月经来潮期间和妇人产后恢复期忌食
427,35,1,source_ingredient_groups,一般人均可食用适宜目黄、湿毒脚气、消渴、以及疔疮痈肿之人食用，适宜夏秋大热季节食用；
427,82,0,tcm_not_user,风寒感冒患者忌食
427,90,0,tcm_not_user,蚬肉性大凉，平素脾胃虚寒、肾虚滑精者忌食
427,109,0,tcm_not_user,女子月经来潮期间和妇人产后恢复期忌食
428,62,1,source_ingredient_groups,原始结构化适宜人群关系
429,35,0,tcm_not_user,月经过多、痛经、怀孕妇女忌食螃蟹，尤忌食蟹爪
429,81,0,tcm_not_user,平素脾胃虚寒，大便溏薄，腹痛隐隐之人忌食
429,82,0,tcm_not_user,风寒感冒未愈者，或宿患风疾，包括顽固性皮肤瘙痒疾患之人忌食
429,90,0,tcm_not_user,平素脾胃虚寒，大便溏薄，腹痛隐隐之人忌食
429,97,0,tcm_not_user,风寒感冒未愈者，或宿患风疾，包括顽固性皮肤瘙痒疾患之人忌食
429,109,0,tcm_not_user,月经过多、痛经、怀孕妇女忌食螃蟹，尤忌食蟹爪
430,18,1,source_ingredient_groups,原始结构化适宜人群关系
430,35,1,source_ingredient_groups,原始结构化适宜人群关系
430,62,1,source_ingredient_groups,原始结构化适宜人群关系
431,14,1,source_ingredient_groups,原始结构化适宜人群关系
431,35,1,source_ingredient_groups,原始结构化适宜人群关系
431,62,1,source_ingredient_groups,原始结构化适宜人群关系
432,62,1,source_ingredient_groups,原始结构化适宜人群关系
433,18,1,source_ingredient_groups,原始结构化适宜人群关系
435,14,1,source_ingredient_groups,原始结构化适宜人群关系
435,34,1,source_ingredient_groups,原始结构化适宜人群关系
435,35,1,source_ingredient_groups,原始结构化适宜人群关系
436,14,1,source_ingredient_groups,1.适合所有人食用，老少皆宜。是心脏病、高血压病患者的保健蔬菜。2.心血管疾病患者和儿童可以经常吃佛手瓜。3.同时还适宜于消化不良、胸闷气胀、呕吐、肝胃气痛(含慢性胃炎、神经性胃炎)、传染性肝炎、舌苔厚腻以及气管炎咳嗽多痰者食用。
436,17,0,tcm_not_user,佛手瓜属于温性食物，所以凡属阴虚体热和体质虚弱的人应少食
436,35,1,source_ingredient_groups,1.适合所有人食用，老少皆宜。是心脏病、高血压病患者的保健蔬菜。2.心血管疾病患者和儿童可以经常吃佛手瓜。3.同时还适宜于消化不良、胸闷气胀、呕吐、肝胃气痛(含慢性胃炎、神经性胃炎)、传染性肝炎、舌苔厚腻以及气管炎咳嗽多痰者食用。
436,77,0,tcm_not_user,佛手瓜属于温性食物，所以凡属阴虚体热和体质虚弱的人应少食
437,62,1,source_ingredient_groups,原始结构化适宜人群关系
440,14,1,source_ingredient_groups,一般人群均可食用。
440,62,1,source_ingredient_groups,一般人群均可食用。
441,14,1,source_ingredient_groups,原始结构化适宜人群关系
441,34,1,source_ingredient_groups,原始结构化适宜人群关系
441,35,1,source_ingredient_groups,原始结构化适宜人群关系
444,34,1,source_ingredient_groups,原始结构化适宜人群关系
444,35,1,source_ingredient_groups,原始结构化适宜人群关系
445,65,1,source_ingredient_groups,原始结构化适宜人群关系
449,35,1,source_ingredient_groups,原始结构化适宜人群关系
450,14,1,source_ingredient_groups,适宜心血不足的失眠多梦、心悸不安、多呵欠、喜悲伤欲哭，古称妇人脏燥(癔病)者食用；患有脚气病、末梢神经炎者宜食小麦；体虚自汗盗汗多汗者，宜食浮小麦；也适宜妇人回乳时食用。
450,18,1,source_ingredient_groups,适宜心血不足的失眠多梦、心悸不安、多呵欠、喜悲伤欲哭，古称妇人脏燥(癔病)者食用；患有脚气病、末梢神经炎者宜食小麦；体虚自汗盗汗多汗者，宜食浮小麦；也适宜妇人回乳时食用。
450,35,1,source_ingredient_groups,适宜心血不足的失眠多梦、心悸不安、多呵欠、喜悲伤欲哭，古称妇人脏燥(癔病)者食用；患有脚气病、末梢神经炎者宜食小麦；体虚自汗盗汗多汗者，宜食浮小麦；也适宜妇人回乳时食用。
450,62,1,source_ingredient_groups,适宜心血不足的失眠多梦、心悸不安、多呵欠、喜悲伤欲哭，古称妇人脏燥(癔病)者食用；患有脚气病、末梢神经炎者宜食小麦；体虚自汗盗汗多汗者，宜食浮小麦；也适宜妇人回乳时食用。
450,65,1,source_ingredient_groups,适宜心血不足的失眠多梦、心悸不安、多呵欠、喜悲伤欲哭，古称妇人脏燥(癔病)者食用；患有脚气病、末梢神经炎者宜食小麦；体虚自汗盗汗多汗者，宜食浮小麦；也适宜妇人回乳时食用。
451,14,1,source_ingredient_groups,原始结构化适宜人群关系
451,34,1,source_ingredient_groups,原始结构化适宜人群关系
451,35,1,source_ingredient_groups,原始结构化适宜人群关系
453,62,1,source_ingredient_groups,原始结构化适宜人群关系
454,14,1,source_ingredient_groups,原始结构化适宜人群关系
454,18,1,source_ingredient_groups,原始结构化适宜人群关系
459,14,1,source_ingredient_groups,原始结构化适宜人群关系
459,35,1,source_ingredient_groups,原始结构化适宜人群关系
459,62,1,source_ingredient_groups,原始结构化适宜人群关系
465,14,1,source_ingredient_groups,原始结构化适宜人群关系
465,35,1,source_ingredient_groups,原始结构化适宜人群关系
466,35,0,tcm_not_user,月经过多、痛经、怀孕妇女忌食螃蟹，尤忌食蟹爪
466,81,0,tcm_not_user,平素脾胃虚寒，大便溏薄，腹痛隐隐之人忌食
466,82,0,tcm_not_user,风寒感冒未愈者，或宿患风疾，包括顽固性皮肤瘙痒疾患之人忌食
466,90,0,tcm_not_user,平素脾胃虚寒，大便溏薄，腹痛隐隐之人忌食
466,97,0,tcm_not_user,风寒感冒未愈者，或宿患风疾，包括顽固性皮肤瘙痒疾患之人忌食
466,109,0,tcm_not_user,月经过多、痛经、怀孕妇女忌食螃蟹，尤忌食蟹爪
469,14,1,source_ingredient_groups,一般人群均可食用，适宜胃气虚弱、消化不良者食用；凡肝病、食欲不振、伤食后胃满腹胀者、妇女回乳时乳房胀痛者宜食大麦芽。
470,18,1,source_ingredient_groups,原始结构化适宜人群关系
471,61,0,tcm_not_user,糖尿病患者应禁食高粱
471,96,0,tcm_not_user,大便燥结以及便秘者应少食或不食高粱
474,18,1,source_ingredient_groups,原始结构化适宜人群关系
474,62,1,source_ingredient_groups,原始结构化适宜人群关系
477,18,1,source_ingredient_groups,原始结构化适宜人群关系
477,35,1,source_ingredient_groups,原始结构化适宜人群关系
478,18,1,source_ingredient_groups,原始结构化适宜人群关系
481,14,1,source_ingredient_groups,原始结构化适宜人群关系
481,18,1,source_ingredient_groups,原始结构化适宜人群关系
481,76,1,source_ingredient_groups,原始结构化适宜人群关系
487,62,1,source_ingredient_groups,原始结构化适宜人群关系
489,62,1,source_ingredient_groups,原始结构化适宜人群关系
490,34,1,source_ingredient_groups,原始结构化适宜人群关系
492,14,1,source_ingredient_groups,原始结构化适宜人群关系
492,35,1,source_ingredient_groups,原始结构化适宜人群关系
492,62,1,source_ingredient_groups,原始结构化适宜人群关系
493,82,0,tcm_not_user,患有感冒发热、内火偏旺、痰湿偏重、热毒疖肿之人、痔疮和疥疮者忌食
493,88,0,tcm_not_user,患有感冒发热、内火偏旺、痰湿偏重、热毒疖肿之人、痔疮和疥疮者忌食
493,94,0,tcm_not_user,患有感冒发热、内火偏旺、痰湿偏重、热毒疖肿之人、痔疮和疥疮者忌食
493,97,0,tcm_not_user,患有感冒发热、内火偏旺、痰湿偏重、热毒疖肿之人、痔疮和疥疮者忌食
495,14,1,source_ingredient_groups,原始结构化适宜人群关系
495,35,1,source_ingredient_groups,原始结构化适宜人群关系
495,62,1,source_ingredient_groups,原始结构化适宜人群关系
496,14,1,source_ingredient_groups,原始结构化适宜人群关系
496,62,1,source_ingredient_groups,原始结构化适宜人群关系
497,18,1,source_ingredient_groups,原始结构化适宜人群关系
501,14,1,source_ingredient_groups,老少皆宜；中老年人、孕妇和心血管病患者更适合食用，适宜肾虚阳痿、男性不育症、腰脚瘙弱无力之人食用；适宜中老年人缺钙所致的小腿抽筋者食用。
501,18,1,source_ingredient_groups,老少皆宜；中老年人、孕妇和心血管病患者更适合食用，适宜肾虚阳痿、男性不育症、腰脚瘙弱无力之人食用；适宜中老年人缺钙所致的小腿抽筋者食用。
501,35,1,source_ingredient_groups,老少皆宜；中老年人、孕妇和心血管病患者更适合食用，适宜肾虚阳痿、男性不育症、腰脚瘙弱无力之人食用；适宜中老年人缺钙所致的小腿抽筋者食用。
501,62,1,source_ingredient_groups,老少皆宜；中老年人、孕妇和心血管病患者更适合食用，适宜肾虚阳痿、男性不育症、腰脚瘙弱无力之人食用；适宜中老年人缺钙所致的小腿抽筋者食用。
501,97,0,tcm_not_user,虾为动风发物，患有皮肤疥癣者忌食
501,104,0,tcm_not_user,患过敏性鼻炎、支气管炎、反复发作性过敏性皮炎的老年人不宜吃虾
501,107,0,tcm_not_user,患过敏性鼻炎、支气管炎、反复发作性过敏性皮炎的老年人不宜吃虾
505,14,1,source_ingredient_groups,一般人群均可食用适宜癌症患者食用；适宜高脂血症，动脉硬化和高血压之人食用；适宜神经衰弱的失眠者食用；适宜蛲虫病人食用。
505,35,1,source_ingredient_groups,一般人群均可食用适宜癌症患者食用；适宜高脂血症，动脉硬化和高血压之人食用；适宜神经衰弱的失眠者食用；适宜蛲虫病人食用。
507,62,1,source_ingredient_groups,一般人群均可食用。
509,14,1,source_ingredient_groups,原始结构化适宜人群关系
509,34,1,source_ingredient_groups,原始结构化适宜人群关系
509,62,1,source_ingredient_groups,原始结构化适宜人群关系
512,81,0,tcm_not_user,菜瓜性寒，平素脾胃气虚、腹泻便溏、胃寒疼痛之人忌食生冷菜瓜
512,90,0,tcm_not_user,菜瓜性寒，平素脾胃气虚、腹泻便溏、胃寒疼痛之人忌食生冷菜瓜
512,109,0,tcm_not_user,女子月经来潮期间和有寒性痛经者忌食生菜瓜
514,27,1,source_ingredient_groups,原始结构化适宜人群关系
515,86,0,tcm_not_user,患有胃肠道疾病特别是溃疡病的人不宜多食
519,62,1,source_ingredient_groups,原始结构化适宜人群关系
520,34,1,source_ingredient_groups,原始结构化适宜人群关系
520,35,1,source_ingredient_groups,原始结构化适宜人群关系
522,81,0,tcm_not_user,出血及体虚者，脾胃虚寒、腹胀便溏者忌食
522,90,0,tcm_not_user,出血及体虚者，脾胃虚寒、腹胀便溏者忌食
532,14,1,source_ingredient_groups,一般人都可以食用，老幼、妇女、脾胃虚弱者尤为适合。适宜体质衰弱，虚劳赢瘦，脾胃气虚，饮食不香，营养不良之人食用。
532,18,1,source_ingredient_groups,一般人都可以食用，老幼、妇女、脾胃虚弱者尤为适合。适宜体质衰弱，虚劳赢瘦，脾胃气虚，饮食不香，营养不良之人食用。
532,33,1,source_ingredient_groups,一般人都可以食用，老幼、妇女、脾胃虚弱者尤为适合。适宜体质衰弱，虚劳赢瘦，脾胃气虚，饮食不香，营养不良之人食用。
532,34,1,source_ingredient_groups,一般人都可以食用，老幼、妇女、脾胃虚弱者尤为适合。适宜体质衰弱，虚劳赢瘦，脾胃气虚，饮食不香，营养不良之人食用。
532,35,1,source_ingredient_groups,一般人都可以食用，老幼、妇女、脾胃虚弱者尤为适合。适宜体质衰弱，虚劳赢瘦，脾胃气虚，饮食不香，营养不良之人食用。
532,62,1,source_ingredient_groups,一般人都可以食用，老幼、妇女、脾胃虚弱者尤为适合。适宜体质衰弱，虚劳赢瘦，脾胃气虚，饮食不香，营养不良之人食用。
532,67,1,source_ingredient_groups,一般人都可以食用，老幼、妇女、脾胃虚弱者尤为适合。适宜体质衰弱，虚劳赢瘦，脾胃气虚，饮食不香，营养不良之人食用。
532,73,1,source_ingredient_groups,一般人都可以食用，老幼、妇女、脾胃虚弱者尤为适合。适宜体质衰弱，虚劳赢瘦，脾胃气虚，饮食不香，营养不良之人食用。
532,94,0,tcm_not_user,寒湿盛者不宜食用
532,104,0,tcm_not_user,患有哮喘、咯血的病人不宜食用
532,106,0,tcm_not_user,寒湿盛者不宜食用
533,34,1,source_ingredient_groups,原始结构化适宜人群关系
533,62,1,source_ingredient_groups,原始结构化适宜人群关系
537,34,1,source_ingredient_groups,"一般人群均可食用。大豆是更年期妇女、糖尿病和心血管病患者的理想食品；脑力工作者和减肥的朋友也很适合。
"
537,35,1,source_ingredient_groups,"一般人群均可食用。大豆是更年期妇女、糖尿病和心血管病患者的理想食品；脑力工作者和减肥的朋友也很适合。
"
537,62,1,source_ingredient_groups,"一般人群均可食用。大豆是更年期妇女、糖尿病和心血管病患者的理想食品；脑力工作者和减肥的朋友也很适合。
"
537,78,0,tcm_not_user,患有严重肝病、肾病、痛风、消化性溃疡、低碘者应禁食
537,79,0,tcm_not_user,患有严重肝病、肾病、痛风、消化性溃疡、低碘者应禁食
537,86,0,tcm_not_user,患有严重肝病、肾病、痛风、消化性溃疡、低碘者应禁食
537,87,0,tcm_not_user,大豆在消化吸收过程中会产生过多的气体造成胀肚，故消化功能不良、有慢性消化道疾病的人应尽量少食
537,97,0,tcm_not_user,患疮痘期间不宜吃黄豆及其制品
537,101,0,tcm_not_user,大豆在消化吸收过程中会产生过多的气体造成胀肚，故消化功能不良、有慢性消化道疾病的人应尽量少食
537,108,0,tcm_not_user,患有严重肝病、肾病、痛风、消化性溃疡、低碘者应禁食
541,18,1,source_ingredient_groups,原始结构化适宜人群关系
544,14,1,source_ingredient_groups,原始结构化适宜人群关系
545,14,1,source_ingredient_groups,所有人群均可食用。高血压、肝病、便秘患者可以多食，极适宜老年人食用。
545,18,1,source_ingredient_groups,所有人群均可食用。高血压、肝病、便秘患者可以多食，极适宜老年人食用。
545,35,0,tcm_not_user,孕妇及脾胃虚寒者慎食
545,90,0,tcm_not_user,孕妇及脾胃虚寒者慎食
548,35,1,source_ingredient_groups,一般人群均可食用。
557,14,0,tcm_not_user,妇女月经期及孕妇产后应少食
557,35,0,tcm_not_user,妇女月经期及孕妇产后应少食
557,90,0,tcm_not_user,莼菜性寒而滑，多食易伤脾胃，发冷气，损毛皮，故脾胃虚寒的人不宜多食
557,109,0,tcm_not_user,妇女月经期及孕妇产后应少食
558,18,1,source_ingredient_groups,原始结构化适宜人群关系
562,38,1,source_ingredient_groups,原始结构化适宜人群关系
566,35,1,source_ingredient_groups,原始结构化适宜人群关系
568,14,1,source_ingredient_groups,原始结构化适宜人群关系
569,35,1,source_ingredient_groups,原始结构化适宜人群关系
570,35,1,source_ingredient_groups,一般人都均可食用。贫血患者、老人、妇女和从事粉尘、纺织、环卫、采掘等工作的人尤其应该常吃。
570,78,0,tcm_not_user,高胆固醇血症、肝病、高血压和冠心病患者应少食
570,83,0,tcm_not_user,高胆固醇血症、肝病、高血压和冠心病患者应少食
570,84,0,tcm_not_user,高胆固醇血症、肝病、高血压和冠心病患者应少食
570,85,0,tcm_not_user,高胆固醇血症、肝病、高血压和冠心病患者应少食
571,94,0,tcm_not_user,凡湿热内盛，或患有疥疮瘙痒之人忌食
571,97,0,tcm_not_user,凡湿热内盛，或患有疥疮瘙痒之人忌食
576,90,0,tcm_not_user,贝类性多寒凉，故脾胃虚寒者不宜多吃
578,17,0,tcm_not_user,患有慢性疾患和水产品过敏史的人、病后脾肾虚弱、痰多泄泻者忌服
578,81,0,tcm_not_user,患有慢性疾患和水产品过敏史的人、病后脾肾虚弱、痰多泄泻者忌服
578,94,0,tcm_not_user,患有慢性疾患和水产品过敏史的人、病后脾肾虚弱、痰多泄泻者忌服
578,107,0,tcm_not_user,患有慢性疾患和水产品过敏史的人、病后脾肾虚弱、痰多泄泻者忌服
585,35,0,tcm_not_user,孕妇不宜多食
585,90,0,tcm_not_user,?1.脾胃虚寒，肾阳虚者慎食
585,103,0,tcm_not_user,?1.脾胃虚寒，肾阳虚者慎食
589,14,1,source_ingredient_groups,原始结构化适宜人群关系
589,18,1,source_ingredient_groups,原始结构化适宜人群关系
589,34,1,source_ingredient_groups,原始结构化适宜人群关系
589,35,1,source_ingredient_groups,原始结构化适宜人群关系
589,38,1,source_ingredient_groups,原始结构化适宜人群关系
589,62,1,source_ingredient_groups,原始结构化适宜人群关系
590,14,1,source_ingredient_groups,原始结构化适宜人群关系
590,18,1,source_ingredient_groups,原始结构化适宜人群关系
590,34,1,source_ingredient_groups,原始结构化适宜人群关系
590,35,1,source_ingredient_groups,原始结构化适宜人群关系
590,47,1,source_ingredient_groups,原始结构化适宜人群关系
590,62,1,source_ingredient_groups,原始结构化适宜人群关系
