id,category_id,subcategory_id,is_core_raw,name,usage_count,category,category_major,category_sub,nutrition_match,nutrition_source_name,可食部%,水分g,能量kcal,能量kJ,蛋白质g,脂肪g,碳水化合物g,膳食纤维g,胆固醇mg,灰分g,维生素A(ugRE),胡萝卜素(ug),视黄醇(ug),硫胺素mg,核黄素mg,烟酸mg,维生素Cmg,维生素E总mg,钙mg,磷mg,钾mg,钠mg,镁mg,铁mg,锌mg,硒(ug),铜mg,锰mg,tcm_name,tcm_taste,tcm_user,tcm_not_user,tcm_side_effects,tcm_toxicity,tcm_production_place,category_source,quality
1,1,4,1,葱,1274,蔬菜-葱蒜,蔬菜,葱蒜,alias,葱（小葱，鲜）,73,92.7,27,112,1.6,0.4,4.9,1.4,0,0.4,70,840,0,0.05,0.06,0.40,21.0,0.49,72,26,143,10.4,18,1.3,0.35,1.06,0.06,0.16,葱,,,,,,分布：全国各地均有栽植。,v2_strict_rule,core
2,1,4,1,蒜,1099,蔬菜-葱蒜,蔬菜,葱蒜,alias,大蒜（白皮，鲜）［蒜头］,85,66.6,128,536,4.5,0.2,27.6,1.1,0,1.1,3,30,0,0.04,0.06,0.60,7.0,1.07,39,117,302,19.6,21,1.2,0.88,3.09,0.22,0.29,蒜,,,,,,江苏等省,v2_strict_rule,core
3,1,2,1,姜,923,蔬菜-根茎,蔬菜,根茎,alias,姜（鲜）［黄姜］,95,87.0,46,194,1.3,0.6,10.3,2.7,0,0.8,14,170,0,0.02,0.03,0.80,4.0,—,27,25,295,14.9,44,1.4,0.34,0.56,0.14,3.20,姜,,一般人群均可食用。适宜伤风感冒、寒性痛经、晕车晕船者食用。,阴虚内热及邪热亢盛者忌食。,,,中国等亚洲地区,v2_strict_rule,core
4,3,14,1,猪肉,592,畜肉-猪,畜肉,猪,alias,猪肉（代表值，fat30g）,91,54.9,331,1370,15.1,30.1,0.0,0.0,86,0.8,15,0,15,0.30,0.13,4.10,Tr,0.67,6,121,218,56.8,16,1.3,1.78,7.90,0.12,0.03,猪肉,,,,,,,v2_strict_rule,core
5,1,4,1,洋葱,641,蔬菜-葱蒜,蔬菜,葱蒜,alias,洋葱（鲜）［葱头］,90,89.2,40,169,1.1,0.2,9.0,0.9,0,0.5,2,20,0,0.03,0.03,0.30,8.0,0.14,24,39,147,4.4,15,0.6,0.23,0.92,0.05,0.14,洋葱,,,,,,全世界,v2_strict_rule,core
6,1,2,1,胡萝卜,571,蔬菜-根茎,蔬菜,根茎,alias,胡萝卜（红）［金笋，丁香萝卜］,96,89.2,39,162,1.0,0.2,8.8,1.1,0,0.8,344,4130,0,0.04,0.03,0.60,13.0,0.41,32,27,190,71.4,14,1.0,0.23,0.63,0.08,0.24,胡萝卜,,一般人都可食用。更适宜癌症、高血压、夜盲症、干眼症患者、营养不良、食欲不振者、皮肤粗糙者。,一般人都可食用。,,,世界各地,v2_strict_rule,core
7,5,22,1,鸡蛋,543,蛋类-鸡蛋,蛋类,鸡蛋,alias,鸡蛋（代表值）,87,75.2,139,581,13.1,8.6,2.4,0.0,648,0.9,255,—,216,0.09,0.20,0.20,Tr,1.14,56,130,154,131.5,10,1.6,0.89,13.96,0.19,0.03,鸡蛋,,一般人均可食用适宜体质虚弱，营养不良，贫血及妇女产后病后调养；适宜婴幼儿发育期补养。,患高热、腹泻、肝炎、肾炎、胆囊炎、胆石症之人忌食；老年高血压、高血脂、冠心病人，宜少量食用鸡蛋，一般每日不超过1只，不宜多食，这样限量食用，既可补充优质蛋白质，又不影响血脂水平。,,,,v2_strict_rule,core
8,3,15,1,牛肉,442,畜肉-牛,畜肉,牛,alias,牛肉（代表值，fat9g）,100,69.8,160,669,20.0,8.7,0.5,0.0,58,1.1,3,0,3,0.04,0.11,4.15,Tr,0.68,5,182,212,64.1,22,1.8,4.70,3.15,0.05,0.03,牛肉,,,,,,,v2_strict_rule,core
9,1,1,1,香菜,473,蔬菜-叶菜,蔬菜,叶菜,alias,香菜（鲜）［芫荽］,81,90.5,33,139,1.8,0.4,6.2,1.2,0,1.1,97,1160,0,0.04,0.14,2.20,48.0,0.80,101,49,272,48.5,33,2.9,0.45,0.53,0.21,0.28,香菜,,,,,,,v2_strict_rule,core
10,3,14,1,五花肉,457,畜肉-猪,畜肉,猪,alias,猪肉（代表值，fat30g）,91,54.9,331,1370,15.1,30.1,0.0,0.0,86,0.8,15,0,15,0.30,0.13,4.10,Tr,0.67,6,121,218,56.8,16,1.3,1.78,7.90,0.12,0.03,五花肉,,,,,,,v2_strict_rule,core
11,1,3,1,青椒,357,蔬菜-瓜果,蔬菜,瓜果,alias,辣椒（青、尖）,91,93.4,22,91,0.8,0.3,5.2,—,0,0.3,8,98,0,0.02,0.02,0.62,59.0,0.38,11,20,154,7.0,15,0.3,0.21,0.02,0.05,0.05,青椒,,一般人群均可食用。,1.眼疾患者、食管炎、胃肠炎、胃溃疡、痔疮患者应少吃或忌食；2.同时有火热病症或阴虚火旺，高血压，肺结核病的人慎食。,,,,v2_strict_rule,core
12,8,34,1,土豆,403,薯芋-薯类,薯芋,薯类,alias,马铃薯［土豆、洋芋］,94,78.6,81,343,2.6,0.2,17.8,1.1,0,0.8,1,6,0,0.10,0.02,1.10,14.0,0.34,7,46,347,5.9,24,0.4,0.3,0.47,0.09,0.1,土豆,,,,,含微量龙葵碱（0.005%— 0.01%）,北美,v2_strict_rule,core
13,10,41,1,玉米,344,谷物/坚果-玉米,谷物/坚果,玉米,alias,玉米（鲜）,46,71.3,112,469,4.0,1.2,22.8,2.9,0,0.7,—,—,0,0.16,0.11,1.80,16,0.46,—,117,238,1.1,32,1.1,0.90,1.63,0.09,0.22,玉米,,,,,,中国黄河以北地区居多,v2_strict_rule,core
14,1,3,1,番茄,379,蔬菜-瓜果,蔬菜,瓜果,alias,番茄［西红柿］,97,95.2,15,62,0.9,0.2,3.3,—,0,0.4,31,375,0,0.02,0.01,0.49,14.0,0.42,4,24,179,9.7,12,0.2,0.12,Tr,0.04,0.06,番茄,,,,,,原产于中美洲和南美洲,v2_strict_rule,core
15,4,18,1,鸡胸肉,306,禽肉-鸡,禽肉,鸡,alias,鸡胸脯肉,100,71.7,118,499,24.6,1.9,0.6,0.0,65,1.2,3,0,3,0.07,0.06,11.96,Tr,0.41,1,170,333,44.8,28,1.0,0.26,11.75,0.01,0.01,鸡胸肉,,,,,,,v2_strict_rule,core
16,10,43,1,花生,316,谷物/坚果-坚果种子,谷物/坚果,坚果种子,alias,花生仁（生）,100,6.9,574,2400,24.8,44.3,21.7,5.5,0,2.3,3,30,0,0.72,0.13,17.90,2.0,18.09,39,324,587,3.6,178,2.1,2.50,3.94,0.95,1.25,花生,,一般人均可食用适宜营养不良，食欲不振，咳嗽痰啃之人食用；适宜脚气病患者食用；适宜妇女产后乳汁缺少者食用；适宜高血压病，高脂血症，冠心病，动脉硬化，以及各种出血性疾病之人食用；适宜儿童、青少年及老年人食用，能提高儿童记忆力，有助于老人滋补保健。,花生含油脂多，消化时需要多耗胆汁，故胆病患者不宜食用；花生能增进血凝，促进血栓形成，故患血黏度高或有血栓的人不宜食用；体寒湿滞及肠滑便泄者不宜服食。,,,,v2_strict_rule,core
17,1,3,1,辣椒,335,蔬菜-瓜果,蔬菜,瓜果,alias,辣椒（红，小）,80,88.8,38,159,1.3,0.4,8.9,3.2,0,0.6,116,1390,0,0.03,0.06,0.80,144.0,0.44,37,95,222,2.6,16,1.4,0.30,1.90,0.11,0.18,辣椒,,,,,,现在世界各国普遍栽培,v2_strict_rule,core
18,1,3,1,小米椒,280,蔬菜-瓜果,蔬菜,瓜果,alias,辣椒（小红尖辣椒）,89,76.4,62,254,4.1,0.4,17.7,11.8,0,1.4,—,—,0,0.16,0.16,2.51,86.0,8.11,29,115,18,11.5,59,0.6,0.33,0.96,0.20,0.30,小米椒,,,,,,,v2_strict_rule,core
19,1,3,1,黄瓜,302,蔬菜-瓜果,蔬菜,瓜果,alias,黄瓜（鲜）［胡瓜］,92,95.8,16,65,0.8,0.2,2.9,0.5,0,0.3,8,90,0,0.02,0.03,0.20,9.0,0.49,24,24,102,4.9,15,0.5,0.18,0.38,0.05,0.06,黄瓜,,一般人群均可食用。适宜热病患者、肥胖、高血压、高血脂、水肿、癌症、嗜酒者多食，并且是糖尿病人首选的食品之一。,脾胃虚弱、腹痛腹泻、肺寒咳嗽者都应少吃，因黄瓜性凉，胃寒患者食之易致腹痛泄泻。,,,,v2_strict_rule,core
20,10,39,1,大米,239,谷物/坚果-稻米,谷物/坚果,稻米,alias,稻米（代表值）,100,13.3,346,1453,7.9,0.9,77.2,0.6,0,0.7,0,0,0,0.15,0.04,2.00,0,0.43,8,112,112,1.8,31,1.1,1.54,2.83,0.25,1.13,大米,,,,,,,v2_strict_rule,core
21,2,8,1,红枣,238,水果-核果,水果,核果,alias,枣（鲜）,87,67.4,125,524,1.1,0.3,30.5,1.9,0,0.7,20,240,0,0.06,0.09,0.90,243.0,0.78,22,23,375,1.2,25,1.2,1.52,0.80,0.06,0.32,红枣,,,,,,,v2_strict_rule,core
22,2,10,1,柠檬,257,水果-柑橘,水果,柑橘,alias,柠檬,66,91.0,37,156,1.1,1.2,6.2,1.3,0,0.5,Tr,Tr,0,0.05,0.02,0.60,22.0,1.14,101,22,209,1.1,37,0.8,0.65,0.50,0.14,0.05,柠檬,,一般人群均可食用，暑热口干烦躁、消化不良者，维生素C缺乏者，胎动不安的孕妇，肾结石患者，高血压、心肌梗死患者适宜食用。,胃溃疡、胃酸分泌过多，患有龋齿者和糖尿病患者慎食。,,无毒,意大利,v2_strict_rule,core
23,7,32,1,香菇,314,菌菇藻类-菌菇,菌菇藻类,菌菇,alias,香菇（鲜）［香蕈，冬菇］,100,91.7,26,107,2.2,0.3,5.2,3.3,0,0.6,—,—,0,Tr,0.08,2.00,1.0,—,2,53,20,1.4,11,0.3,0.66,2.58,0.12,0.25,香菇,,,,,,,v2_strict_rule,core
24,4,18,1,鸡肉,224,禽肉-鸡,禽肉,鸡,,,,,,,,,,,,,,,,,,,,,,,,,,,,,,,鸡肉,,一般人群均可食用，老人、病人、体弱者更宜食用。,1.感冒发热、内火偏旺、痰湿偏重之人、肥胖症、患有热毒疖肿之人、高血压、血脂偏高、胆囊炎、胆石症的人忌食；2.鸡肉性温，助火，肝阳上亢及口腔糜烂、皮肤疖肿、大便秘结者不宜食用；3.动脉硬化、冠心病和高血脂患者忌饮鸡汤；感冒伴有头痛、乏力、发热的人忌食鸡肉，鸡汤。,,,,v2_strict_rule,common
25,10,43,1,杏仁,200,谷物/坚果-坚果种子,谷物/坚果,坚果种子,alias,杏仁,100,5.6,578,2419,22.5,45.4,23.9,8.0,0,2.6,—,—,0,0.08,0.56,—,26.0,18.53,97,27,106,8.3,178,2.2,4.30,15.65,0.80,0.77,杏仁,,,,,,,v2_strict_rule,core
26,10,43,1,芝麻,209,谷物/坚果-坚果种子,谷物/坚果,坚果种子,alias,芝麻子（白）,100,5.3,536,2244,18.4,39.6,31.5,9.8,0,5.2,—,—,0,0.36,0.26,3.8,—,38.28,620,513,266,32.2,202,14.1,4.21,4.06,1.41,1.17,芝麻,,一般人群均可食用适宜肝肾不足所致的眩晕、眼花、视物不清、腰酸腿软、耳鸣耳聋、发枯发落、头发早白之人食用；适宜妇女产后乳汁缺乏者食用；适宜身体虚弱、贫血、高脂血症、高血压病、老年哮喘、肺结核，以及荨麻疹，习惯性便秘者食用；适宜糖尿病、血小板减少性紫瘴、慢性神经炎、末梢神经麻痹、痔疮以及出血性素质者食用。,患有慢性肠炎、便溏腹泻者忌食；根据前人经验，男子阳痿、遗精者忌食。,,,热带及部分温带地区,v2_strict_rule,core
27,1,2,1,芹菜,194,蔬菜-根茎,蔬菜,根茎,alias,芹菜（茎）［旱芹，药芹］,100,95.4,13,55,0.4,0.2,3.1,1.0,0,0.9,2,18,0,0.01,0.02,0.22,2.0,Tr,15,13,128,166.4,16,0.2,0.14,0.07,0.03,0.04,芹菜,,一般人群均可食用。特别适合高血压、动脉硬化、高血糖、缺铁性贫血、经期妇女食用。,1.芹菜性凉质滑，脾胃虚寒、大便溏薄者不宜多食，芹菜有降血压作用，故血压偏低者慎用；2.计划生育的男性应注意适量少食。,,,地中海地区和中东,v2_strict_rule,core
28,8,34,1,红薯,233,薯芋-薯类,薯芋,薯类,alias,甘薯（白心）［红皮山芋］,86,72.6,106,444,1.4,0.2,25.2,1.0,0,0.6,18,220,0,0.07,0.04,0.60,24.0,0.43,24,46,174,58.2,17,0.8,0.22,0.63,0.16,0.21,红薯,,,,,,,v2_strict_rule,core
29,1,1,1,白菜,185,蔬菜-叶菜,蔬菜,叶菜,alias,大白菜（代表值）,89,94.4,20,82,1.6,0.2,3.4,0.9,0,0.7,7,80,0,0.05,0.04,0.65,37.5,0.36,57,33,134,68.9,12,0.8,0.46,0.57,0.06,0.19,白菜,,"一般人均可食用。特别适合肺热咳嗽、便秘、肾病患者多食，同时女性也应该多吃。
",大白菜性偏寒凉，胃寒腹痛、大便溏泻及寒痢者不可多食。,,,中国,v2_strict_rule,core
30,1,3,1,南瓜,197,蔬菜-瓜果,蔬菜,瓜果,alias,南瓜（鲜）［倭瓜，番瓜］,85,93.5,23,97,0.7,0.1,5.3,0.8,0,0.4,74,890,0,0.03,0.04,0.40,8.0,0.36,16,24,145,0.8,8,0.4,0.14,0.46,0.03,0.08,南瓜,,,,,,韩国仁川以南地区,v2_strict_rule,core
31,1,1,1,生菜,207,蔬菜-叶菜,蔬菜,叶菜,alias,生菜［叶用莴苣］,94,96.7,12,51,1.6,0.4,1.1,—,0,0.2,2,26,0,0.02,0.01,—,Tr,Tr,14,12,91,16.1,7,0.2,0.12,0.04,0.01,0.06,生菜,,,,,,东亚，中国东南沿海大部有栽培,v2_strict_rule,core
32,3,14,1,排骨,182,畜肉-猪,畜肉,猪,alias,猪大排,68,58.8,264,1095,18.3,20.4,1.7,0.0,165,0.8,12,0,12,0.80,0.15,5.30,Tr,0.11,8,125,274,44.5,17,0.8,1.72,10.30,0.12,0.05,排骨,,,,,,,v2_strict_rule,core
33,7,32,1,木耳,225,菌菇藻类-菌菇,菌菇藻类,菌菇,alias,木耳（干）［黑木耳，云耳］,100,15.5,265,1107,12.1,1.5,65.6,29.9,0,5.3,8,100,0,0.17,0.44,2.50,—,11.34,247,292,757,48.5,152,97.4,3.18,3.72,0.32,8.86,木耳,,,,,无毒,吉林,v2_strict_rule,core
34,10,40,1,燕麦,169,谷物/坚果-小麦,谷物/坚果,小麦,exact,燕麦,100,10.2,338,1433,10.1,0.2,77.4,6.0,0,2.1,Tr,Tr,0,0.46,0.07,—,,0.91,58,342,356,2.1,116,2.9,1.75,—,0.21,3.91,燕麦,,,,,无毒,,v2_strict_rule,core
35,10,43,1,黑芝麻,177,谷物/坚果-坚果种子,谷物/坚果,坚果种子,alias,芝麻子（黑）,100,5.7,559,2340,19.1,46.1,24.0,14.0,0,5.1,—,—,0,0.66,0.25,5.9,—,50.40,780,516,358,8.3,290,22.7,6.13,4.70,1.77,17.85,黑芝麻,,一般人均可食用适宜肝肾不足所致的眩晕、眼花、视物不清、腰酸腿软、耳鸣耳聋、发枯发落、头发早白之人食用；适宜妇女产后乳汁缺乏者食用；适宜身体虚弱、贫血、高脂血症、高血压病、老年哮喘、肺结核，以及荨麻疹，习惯性便秘者食用；适宜糖尿病、血小板减少性紫瘴、慢性神经炎、末梢神经麻痹、痔疮以及出血性素质者食用。,患有慢性肠炎、便溏腹泻者忌食；根据前人经验，男子阳痿、遗精者忌食。,,,,v2_strict_rule,core
36,10,43,1,白芝麻,176,谷物/坚果-坚果种子,谷物/坚果,坚果种子,alias,芝麻子（白）,100,5.3,536,2244,18.4,39.6,31.5,9.8,0,5.2,—,—,0,0.36,0.26,3.8,—,38.28,620,513,266,32.2,202,14.1,4.21,4.06,1.41,1.17,白芝麻,,,,,,,v2_strict_rule,core
37,3,14,1,猪里脊,165,畜肉-猪,畜肉,猪,alias,猪肉（里脊）,100,74.7,150,626,19.6,7.9,0.0,0.0,55,1.2,Tr,0,Tr,0.32,0.20,6.37,Tr,0.33,6,184,317,43.2,28,1.5,2.01,8.32,0.01,Tr,猪里脊,,,,,,,v2_strict_rule,core
38,10,43,1,核桃,174,谷物/坚果-坚果种子,谷物/坚果,坚果种子,alias,核桃（鲜）,43,49.8,336,1406,12.8,29.9,6.1,4.3,0,1.4,—,—,0,0.07,0.14,1.40,10.0,41.17,—,—,—,—,—,—,—,—,—,—,核桃,,,,,,欧洲东南部,v2_strict_rule,core
39,1,6,1,圣女果,199,蔬菜-其他蔬菜,蔬菜,其他蔬菜,alias,樱桃番茄［小西红柿］,98,92.5,25,107,1.0,0.2,5.8,—,0,0.5,28,332,0,0.03,0.02,0.92,33.0,0.98,6,26,262,10.0,12,0.3,0.20,0.20,0.04,0.06,圣女果,,,,,,大洋洲热带及亚热带地区,v2_strict_rule,core
40,1,1,1,菠菜,183,蔬菜-叶菜,蔬菜,叶菜,alias,菠菜（鲜）［赤根菜］,89,91.2,28,116,2.6,0.3,4.5,1.7,0,1.4,243,2920,0,0.04,0.11,0.60,32.0,1.74,66,47,311,85.2,58,2.9,0.85,0.97,0.10,0.66,菠菜,,,,,,,v2_strict_rule,core
41,6,28,1,虾仁,196,水产-虾,水产,虾,alias,虾米［海米、虾仁］,100,37.4,198,839,43.7,2.6,0.0,0.0,525,17.0,21,—,21,0.01,0.12,5.00,Tr,1.46,555,666,550,4891.9,236,11.0,3.82,75.40,2.33,0.77,虾仁,,,,,,,v2_strict_rule,core
42,2,12,1,芒果,190,水果-热带水果,水果,热带水果,alias,芒果［抹猛果，望果］,60,90.6,35,146,0.6,0.2,8.3,1.3,0,0.3,75,897,0,0.01,0.04,0.30,23.0,1.21,—,11,138,2.8,14,0.2,0.09,1.44,0.06,0.20,芒果,,,,,,马来西亚和中国,v2_strict_rule,core
43,2,9,1,草莓,196,水果-浆果,水果,浆果,alias,草莓［洋莓，凤阳草莓］,97,91.3,32,134,1.0,0.2,7.1,1.1,0,0.4,3,30,0,0.02,0.03,0.30,47.0,0.71,18,27,131,4.2,12,1.8,0.14,0.70,0.04,0.49,草莓,,,,,无毒,世界各地均有分布,v2_strict_rule,core
44,1,1,1,油菜,143,蔬菜-叶菜,蔬菜,叶菜,alias,油菜,96,95.6,14,57,1.3,0.5,2.0,—,0,0.9,90,1083,0,0.02,0.05,0.55,—,Tr,148,23,175,73.7,25,0.9,0.31,0.73,0.03,0.23,油菜,,"一般人均可食用。特别适宜患口腔溃疡、口角湿白、齿龈出血、牙齿松动、淤血腹痛、癌症患者。
",痧痘、孕早期妇女、目疾患者、小儿麻疹后期、疥疮、狐臭等慢性病患者要少食。,,,,v2_strict_rule,core
45,2,9,1,蔓越莓,150,水果-浆果,水果,浆果,,,,,,,,,,,,,,,,,,,,,,,,,,,,,,,蔓越莓,,,,,,,v2_strict_rule,common
46,7,32,1,金针菇,143,菌菇藻类-菌菇,菌菇藻类,菌菇,alias,金针菇（鲜）［智力菇］,100,90.2,32,133,2.4,0.4,6.0,2.7,0,1.0,3,30,0,0.15,0.19,4.10,2.0,1.14,—,97,195,4.3,17,1.4,0.39,0.28,0.14,0.10,金针菇,,1.一般人群均可食用。2.适合气血不足、营养不良的老人、儿童、癌症患者、肝脏病及胃、肠道溃疡、心脑血管疾病患者食用。,脾胃虚寒者金针菇不宜吃得太多。,,,,v2_strict_rule,core
47,8,34,1,紫薯,142,薯芋-薯类,薯芋,薯类,alias,甘薯（白心）［红皮山芋］,86,72.6,106,444,1.4,0.2,25.2,1.0,0,0.6,18,220,0,0.07,0.04,0.60,24.0,0.43,24,46,174,58.2,17,0.8,0.22,0.63,0.16,0.21,紫薯,,,,,,,v2_strict_rule,core
48,1,4,1,韭菜,140,蔬菜-葱蒜,蔬菜,葱蒜,alias,韭菜,90,92.0,25,102,2.4,0.4,4.5,—,0,0.7,133,1596,0,0.04,0.05,0.86,2.0,0.57,44,45,241,5.8,24,0.7,0.25,1.33,0.05,0.21,韭菜,,一般人群均能食用。适宜便秘、产后乳汁不足女性、寒性体质等人。,多食会上火且不易消化，因此阴虚火旺、有眼病和胃肠虚弱的人不宜多食。,,,,v2_strict_rule,core
49,1,3,1,红椒,143,蔬菜-瓜果,蔬菜,瓜果,,,,,,,,,,,,,,,,,,,,,,,,,,,,,,,红椒,,,,,,,v2_strict_rule,common
50,1,3,1,红辣椒,158,蔬菜-瓜果,蔬菜,瓜果,,,,,,,,,,,,,,,,,,,,,,,,,,,,,,,红辣椒,,,,,,中南美洲热带地区,v2_strict_rule,common
51,1,1,1,罗勒,258,蔬菜-叶菜,蔬菜,叶菜,exact,罗勒［兰香］,100,88.4,26,108,3.8,,4.6,3.9,0,—,410,2460,0,—,—,—,5.0,0.00,285,65,576,5.7,106,4.4,0.52,—,0.91,0.68,罗勒,,,,,,,v2_strict_rule,core
52,5,26,1,蛋清,154,蛋类-其他蛋类,蛋类,其他蛋类,alias,鸡蛋白,100,84.4,60,254,11.6,0.1,3.1,0.0,—,0.8,—,—,—,0.04,0.31,0.20,Tr,0.01,9,18,132,79.4,15,1.6,0.02,6.97,0.05,0.02,蛋清,,,,,,,v2_strict_rule,core
53,1,6,1,西兰花,166,蔬菜-其他蔬菜,蔬菜,其他蔬菜,alias,西兰花［绿菜花］,83,91.6,27,111,3.5,0.6,3.7,—,0,0.6,13,151,0,0.06,0.08,0.73,56.0,0.76,50,61,179,46.7,22,0.9,0.46,0.43,0.03,0.16,西兰花,,,,,,,v2_strict_rule,core
54,9,37,1,红豆,130,豆类-杂豆,豆类,杂豆,alias,赤小豆（干）［小豆，红小豆］,100,12.6,324,1357,20.2,0.6,63.4,7.7,0,3.2,7,80,0,0.16,0.11,2.00,—,14.36,74,305,860,2.2,138,7.4,2.20,3.80,0.64,1.33,红豆,,,,,,全国各地普遍栽培,v2_strict_rule,core
55,2,9,1,蓝莓,161,水果-浆果,水果,浆果,,,,,,,,,,,,,,,,,,,,,,,,,,,,,,,蓝莓,,,,,,,v2_strict_rule,common
56,2,7,1,苹果,137,水果-仁果,水果,仁果,alias,苹果（代表值）,85,86.1,53,227,0.4,0.2,13.7,1.7,0,0.2,4,50,0,0.02,0.02,0.20,3.0,0.43,4,7,83,1.3,4,0.3,0.04,0.10,0.07,0.03,苹果,,一般人群均可食用。慢性胃炎、消化不良、气滞不通者，便秘、慢性腹泻、神经性结肠炎，高血压、膏血脂和肥胖患者，癌症患者、贫血和维生素缺乏者尤其适合。准妈妈每天吃个苹果可以减轻孕期反应。,肾炎和糖尿病患者不宜多吃。,,,北半球的温带地区,v2_strict_rule,core
57,1,6,1,枸杞,161,蔬菜-其他蔬菜,蔬菜,其他蔬菜,exact,枸杞菜（鲜）［枸杞，地骨］,49,87.8,47,197,5.6,1.1,4.5,1.6,0,1.0,592,3550,0,0.08,0.32,1.30,58.0,2.99,36,32,170,29.8,74,2.4,0.21,0.35,0.21,0.37,枸杞,,,,,,,v2_strict_rule,core
58,3,16,1,羊肉,129,畜肉-羊,畜肉,羊,alias,羊肉（代表值，fat7g）,100,72.5,139,581,18.5,6.5,1.6,0.0,82,1.0,8,0,8,0.07,0.16,4.41,Tr,0.48,16,161,300,89.9,23,3.9,3.52,5.95,0.13,0.06,羊肉,,,,,,,v2_strict_rule,core
59,1,2,1,萝卜,126,蔬菜-根茎,蔬菜,根茎,alias,白萝卜（鲜）［莱菔］,95,94.6,16,67,0.7,0.1,4.0,—,0,0.6,Tr,Tr,0,0.02,0.01,0.14,19.0,Tr,47,16,167,54.3,12,0.2,0.14,0.12,0.01,0.05,萝卜,,,,,,,v2_strict_rule,core
60,1,5,1,豌豆,128,蔬菜-鲜豆,蔬菜,鲜豆,alias,豌豆（带荚，鲜）［回回豆］,42,70.2,111,465,7.4,0.3,21.2,3.0,0,0.9,18,220,0,0.43,0.09,2.30,14.0,1.21,21,127,332,1.2,43,1.7,1.29,1.74,0.22,0.65,豌豆,,,,,,,v2_strict_rule,core
61,2,12,1,香蕉,121,水果-热带水果,水果,热带水果,alias,香蕉［甘蕉］,59,75.8,93,389,1.4,0.2,22.0,1.2,0,0.6,5,60,0,0.02,0.04,0.70,8.0,0.24,7,28,256,0.8,43,0.4,0.18,0.87,0.14,0.65,香蕉,,,,,,中国多地,v2_strict_rule,core
62,1,2,1,欧芹,117,蔬菜-根茎,蔬菜,根茎,,,,,,,,,,,,,,,,,,,,,,,,,,,,,,,欧芹,,,,,,,v2_strict_rule,common
63,1,2,1,白萝卜,117,蔬菜-根茎,蔬菜,根茎,alias,白萝卜（鲜）［莱菔］,95,94.6,16,67,0.7,0.1,4.0,—,0,0.6,Tr,Tr,0,0.02,0.01,0.14,19.0,Tr,47,16,167,54.3,12,0.2,0.14,0.12,0.01,0.05,白萝卜,,一般人都可食用。,萝卜性偏寒凉而利肠，脾虚泄泻者慎食或少食；时胃溃疡、十二指肠溃疡、慢性胃炎、单纯甲状腺肿、先兆流产、子宫脱垂等患者忌吃。,,,我国多数地区,v2_strict_rule,core
64,10,39,1,糯米,112,谷物/坚果-稻米,谷物/坚果,稻米,alias,糯米［江米］,100,12.6,350,1464,7.3,1.0,78.3,0.8,0,0.8,0,0,0,0.11,0.04,2.30,0,1.29,26,113,137,1.5,49,1.4,1.54,2.71,0.25,1.54,糯米,,一般人群都能食用，适宜体虚自汗、盗汗、多汗、血虚头晕眼花、脾虚腹泻之人食用；适宜肺结核、神经衰弱、病后产后之人食用。,凡湿热痰火偏盛之人忌食；发热、咳嗽痰黄、黄疸、腹胀之人忌食；糖尿病患者不食或少食；另外由于糯米极柔黏，难以消化，脾胃虚弱者不宜多食。,,,,v2_strict_rule,core
65,1,5,1,青豆,106,蔬菜-鲜豆,蔬菜,鲜豆,exact,毛豆（鲜）［青豆，菜用大豆］,53,69.6,131,550,13.1,5.0,10.5,4.0,0,1.8,11,130,0,0.15,0.07,1.40,27.0,2.44,135,188,478,3.9,70,3.5,1.73,2.48,0.54,1.20,青豆,,一般人群均可食用。,一般人群均可食用。,,,,v2_strict_rule,core
66,3,15,1,肥牛,103,畜肉-牛,畜肉,牛,alias,牛肉（代表值，fat9g）,100,69.8,160,669,20.0,8.7,0.5,0.0,58,1.1,3,0,3,0.04,0.11,4.15,Tr,0.68,5,182,212,64.1,22,1.8,4.70,3.15,0.05,0.03,肥牛,,,,,,,v2_strict_rule,core
67,2,12,1,菠萝,103,水果-热带水果,水果,热带水果,alias,菠萝［凤梨，地菠萝］,68,88.4,44,182,0.5,0.1,10.8,1.3,0,0.2,2,20,0,0.04,0.02,0.20,18.0,—,12,9,113,0.8,8,0.6,0.14,0.24,0.07,1.04,菠萝,,,,,,,v2_strict_rule,core
68,7,33,1,海带,99,菌菇藻类-藻类,菌菇藻类,藻类,alias,海带（鲜）［江白菜］,100,94.4,13,55,1.2,0.1,2.1,0.5,0,2.2,—,—,0,0.02,0.15,1.30,Tr,1.85,46,22,246,8.6,25,0.9,0.16,9.54,—,0.07,海带,,,,,,,v2_strict_rule,core
69,1,6,1,西葫芦,95,蔬菜-其他蔬菜,蔬菜,其他蔬菜,alias,西葫芦,73,94.9,19,79,0.8,0.2,3.8,0.6,0,0.3,3,30,0,0.01,0.03,0.20,6.0,0.34,15,17,92,5.0,9,0.3,0.12,0.28,0.03,0.04,西葫芦,,,,,,,v2_strict_rule,core
70,1,1,1,娃娃菜,93,蔬菜-叶菜,蔬菜,叶菜,alias,大白菜（代表值）,89,94.4,20,82,1.6,0.2,3.4,0.9,0,0.7,7,80,0,0.05,0.04,0.65,37.5,0.36,57,33,134,68.9,12,0.8,0.46,0.57,0.06,0.19,娃娃菜,,,,,,,v2_strict_rule,core
71,4,18,1,鸡翅,99,禽肉-鸡,禽肉,鸡,exact,鸡翅,69,63.3,202,842,19.0,11.5,5.5,0.0,81,0.7,28,0,28,Tr,0.05,4.36,Tr,0.44,8,94,205,50.8,17,0.9,0.42,8.72,Tr,0.01,鸡翅,,,,,,,v2_strict_rule,core
72,5,26,1,蛋黄,126,蛋类-其他蛋类,蛋类,其他蛋类,alias,鸡蛋黄,100,51.5,328,1360,15.2,28.2,3.4,0.0,1510,1.7,438,—,438,0.33,0.29,0.10,Tr,5.06,112,240,95,54.9,41,6.5,3.79,27.01,0.28,0.06,蛋黄,,,,,,,v2_strict_rule,core
73,1,6,1,芋头,99,蔬菜-其他蔬菜,蔬菜,其他蔬菜,alias,芋头［芋艿、毛芋］,88,85.0,56,236,1.3,0.2,12.7,1.0,0,0.8,1,14,0,0.05,0.02,0.28,1.5,Tr,11,50,25,5.5,19,0.3,0.19,0.91,0.06,0.30,芋头,,,,,,,v2_strict_rule,core
74,1,3,1,彩椒,89,蔬菜-瓜果,蔬菜,瓜果,exact,彩椒,83,91.5,26,109,1.3,0.2,6.4,—,0,0.6,66,794,0,0.05,0.05,1.09,104.0,1.60,9,26,278,6.8,18,0.5,0.18,0.12,0.06,0.09,彩椒,,,,,,,v2_strict_rule,core
75,7,33,1,紫菜,89,菌菇藻类-藻类,菌菇藻类,藻类,alias,紫菜（干）,100,12.7,250,1050,26.7,1.1,44.1,21.6,0,15.4,114,1370,0,0.27,1.02,7.30,2.0,1.82,264,350,1796,710.5,105,54.9,2.47,7.22,1.68,4.32,紫菜,,,,,,,v2_strict_rule,core
76,1,1,1,卷心菜,242,蔬菜-叶菜,蔬菜,叶菜,,,,,,,,,,,,,,,,,,,,,,,,,,,,,,,卷心菜,,,,,,,v2_strict_rule,common
77,2,8,1,核桃仁,87,水果-核果,水果,核果,,,,,,,,,,,,,,,,,,,,,,,,,,,,,,,核桃仁,,,,,,,v2_strict_rule,common
78,6,27,1,鱿鱼,116,水产-鱼,水产,鱼,alias,鱿鱼（鲜，中国枪乌贼）［枪乌贼］,97,80.4,84,355,17.4,1.6,0.0,0.0,268,1.1,35,—,35,0.02,0.06,1.60,Tr,1.68,44,19,290,110.0,42,0.9,2.38,38.18,0.45,0.08,鱿鱼,,,,,,,v2_strict_rule,core
79,6,27,1,草鱼,86,水产-鱼,水产,鱼,alias,草鱼［白鲩、草包鱼］,58,78.2,96,406,17.7,2.6,0.5,0.0,47,1.0,11,0,11,0.04,0.04,2.48,Tr,2.03,17,152,325,36.0,26,1.3,0.38,11.67,0.01,0.01,草鱼,,一般人群均可食用，尤其适宜虚劳、风虚头痛、肝阳上亢高血压、头痛、久疟、心血管病人。,一般人群均可食用,,,,v2_strict_rule,core
80,1,4,1,蒜苗,82,蔬菜-葱蒜,蔬菜,葱蒜,exact,蒜苗（绿色，青蒜）,82,88.9,40,169,2.1,0.4,8.0,1.8,0,0.6,23,280,0,0.11,0.08,0.50,35.0,0.81,29,44,226,5.1,18,1.4,0.46,1.24,0.05,0.17,蒜苗,,,,,,在我国分布较广,v2_strict_rule,core
81,1,2,1,西芹,82,蔬菜-根茎,蔬菜,根茎,exact,西芹［西洋芹菜，美芹］,85,93.6,17,72,0.6,0.1,4.8,2.2,0,0.9,2,29,0,0.01,0.03,0.22,4.0,Tr,36,35,15,313.3,15,0.2,0.10,0.10,0.02,0.06,西芹,,,,,,,v2_strict_rule,core
82,3,15,1,牛腩,85,畜肉-牛,畜肉,牛,alias,牛肉（代表值，fat9g）,100,69.8,160,669,20.0,8.7,0.5,0.0,58,1.1,3,0,3,0.04,0.11,4.15,Tr,0.68,5,182,212,64.1,22,1.8,4.70,3.15,0.05,0.03,牛腩,,,,,,,v2_strict_rule,core
83,7,32,1,杏鲍菇,88,菌菇藻类-菌菇,菌菇藻类,菌菇,alias,杏鲍菇,100,89.6,35,148,1.3,0.1,8.3,2.1,0,0.7,Tr,Tr,0,0.03,0.14,3.68,—,0.60,13,66,242,3.5,9,0.5,0.39,1.80,0.06,0.04,杏鲍菇,,一般人群均可食用。,一般人群均可食用。,,,,v2_strict_rule,core
84,1,5,1,豆角,81,蔬菜-鲜豆,蔬菜,鲜豆,alias,四季豆［菜豆、芸豆］,96,91.2,24,101,2.0,0.2,6.0,—,0,0.6,8,96,0,0.02,0.05,0.26,Tr,Tr,43,47,196,4.4,27,0.6,0.33,0.04,0.05,0.26,豆角,,,,,,,v2_strict_rule,core
85,1,6,1,山药,79,蔬菜-其他蔬菜,蔬菜,其他蔬菜,alias,山药（鲜）［薯蓣，大薯］,83,84.8,57,240,1.9,0.2,12.4,0.8,0,0.7,3,20,0,0.05,0.02,0.30,5.0,0.24,16,34,213,18.6,20,0.3,0.27,0.55,0.24,0.12,山药,,一般人群均可食用。适宜糖尿病患者、腹胀、病后虚弱者、慢性肾炎患者、长期腹泻者。,山药有收涩的作用，故大便燥结者不宜食用；另外有实邪者忌食山药。,,,,v2_strict_rule,core
86,6,27,1,三文鱼,87,水产-鱼,水产,鱼,alias,鲑鱼［大马哈鱼、三文鱼］,72,74.1,139,581,17.2,7.8,0.0,0.0,68,0.9,45,0,45,0.07,0.18,4.40,Tr,0.78,13,154,361,63.3,36,0.3,1.11,29.47,0.03,0.02,三文鱼,,,,,,,v2_strict_rule,core
87,9,36,1,黄豆,86,豆类-大豆,豆类,大豆,alias,黄豆［大豆］,100,10.2,390,1631,35.0,16.0,34.2,15.5,0,4.6,18,220,0,0.41,0.20,2.10,—,18.90,191,465,1503,2.2,199,8.2,3.34,6.16,1.35,2.26,黄豆,,,,,,,v2_strict_rule,core
88,6,30,1,花蛤,75,水产-贝,水产,贝,alias,蛤蜊（代表值）,39,84.1,62,260,10.1,1.1,2.8,0.0,156,1.9,21,—,21,0.01,0.13,1.50,Tr,2.41,133,128,140,425.7,78,10.9,2.38,54.31,0.11,0.44,花蛤,,,,,,,v2_strict_rule,core
89,10,43,1,腰果,75,谷物/坚果-坚果种子,谷物/坚果,坚果种子,excluded_processed_source,腰果（熟）,,,,,,,,,,,,,,,,,,,,,,,,,,,,,腰果,,一般人群均可使用,"腰果含油脂丰富,故不适合胆功能严重不良者、肠炎腹泻患者和痰多患者食用；腰果含的脂肪酸属于良性脂肪酸的一种,虽不易使人发胖,但仍不宜食用过多,尤肥胖的人更要慎用；腰果含有多种过敏原，对于过敏体质的人来说，可能会造成一定的过敏反应。",,,,v2_strict_rule,common
90,2,13,1,牛油果,92,水果-其他水果,水果,其他水果,,,,,,,,,,,,,,,,,,,,,,,,,,,,,,,牛油果,,,,,,,v2_strict_rule,common
91,10,42,1,米辣,74,谷物/坚果-杂粮,谷物/坚果,杂粮,,,,,,,,,,,,,,,,,,,,,,,,,,,,,,,,,,,,,,v2_strict_rule,common
92,1,5,1,豆芽,73,蔬菜-鲜豆,蔬菜,鲜豆,alias,黄豆芽,100,88.8,47,198,4.5,1.6,4.5,1.5,0,0.6,3,30,0,0.04,0.07,0.60,8.0,0.80,21,74,160,7.2,21,0.9,0.54,0.96,0.14,0.34,豆芽,,,,,,,v2_strict_rule,core
93,7,32,1,干香菇,83,菌菇藻类-菌菇,菌菇藻类,菌菇,,,,,,,,,,,,,,,,,,,,,,,,,,,,,,,干香菇,,,,,,,v2_strict_rule,common
94,9,37,1,绿豆,79,豆类-杂豆,豆类,杂豆,alias,绿豆（干）,100,12.3,329,1376,21.6,0.8,62.0,6.4,0,3.3,11,130,0,0.25,0.11,2.00,—,10.95,81,337,787,3.2,125,6.5,2.18,4.28,1.08,1.11,绿豆,,一般人群均可食用。适宜中毒者、眼病患者、高血压患者、水肿患者、红眼病患者食用。,绿豆性寒凉，素体阳虚、脾胃虚寒、泄泻者慎食。,,,,v2_strict_rule,core
95,1,3,1,朝天椒,79,蔬菜-瓜果,蔬菜,瓜果,,,,,,,,,,,,,,,,,,,,,,,,,,,,,,,朝天椒,,,,,,,v2_strict_rule,common
96,1,2,1,莲藕,69,蔬菜-根茎,蔬菜,根茎,alias,藕［莲藕］,88,86.4,47,200,1.2,0.2,11.5,2.2,0,0.7,Tr,Tr,0,0.04,0.01,0.12,19.0,0.32,18,45,293,34.3,14,0.3,0.24,0.17,0.09,0.89,莲藕,,,,,,,v2_strict_rule,core
97,10,41,1,甜玉米,74,谷物/坚果-玉米,谷物/坚果,玉米,,,,,,,,,,,,,,,,,,,,,,,,,,,,,,,甜玉米,,,,,,,v2_strict_rule,common
98,6,27,1,龙利鱼,66,水产-鱼,水产,鱼,,,,,,,,,,,,,,,,,,,,,,,,,,,,,,,龙利鱼,,,,,,,v2_strict_rule,common
99,1,6,1,紫甘蓝,63,蔬菜-其他蔬菜,蔬菜,其他蔬菜,,,,,,,,,,,,,,,,,,,,,,,,,,,,,,,紫甘蓝,,,,,,,v2_strict_rule,common
100,2,12,1,火龙果,66,水果-热带水果,水果,热带水果,exact,火龙果［仙蜜果、红龙果］,69,84.8,55,234,1.1,0.2,13.3,1.6,0,0.6,Tr,Tr,0,0.03,0.02,0.22,3.0,0.14,7,35,20,2.7,30,0.3,0.29,0.03,0.04,0.19,火龙果,,,,,,,v2_strict_rule,core
101,5,25,1,鹌鹑蛋,66,蛋类-鹌鹑蛋,蛋类,鹌鹑蛋,alias,鹌鹑蛋,86,73.0,160,664,12.8,11.1,2.1,0.0,515,1.0,337,—,337,0.11,0.49,0.10,Tr,3.08,47,180,138,106.6,11,3.2,1.61,25.48,0.09,0.04,鹌鹑蛋,,,,,无毒,东北到东南大部分地区,v2_strict_rule,core
102,10,39,1,黑米,63,谷物/坚果-稻米,谷物/坚果,稻米,exact,黑米,100,14.3,341,1427,9.4,2.5,72.2,3.9,0,1.6,—,—,0,0.33,0.13,7.90,0,0.22,12,356,256,7.1,147,1.6,3.80,3.20,0.15,1.72,黑米,,,,,,,v2_strict_rule,core
103,7,32,1,口蘑,65,菌菇藻类-菌菇,菌菇藻类,菌菇,exact,口蘑（白蘑）,100,9.2,277,1162,38.7,3.3,31.6,17.2,0,17.2,—,—,0,0.07,0.08,44.30,Tr,8.57,169,1655,3106,5.2,167,19.4,9.04,—,5.88,5.96,口蘑,,1.一般人都适合食用。2.尤其适合癌症、心血管系统疾病、肥胖、便秘、糖尿病、肝炎、肺结核、软骨病患者食用。,一般人都适合食用。,,,,v2_strict_rule,core
104,1,2,1,芦笋,61,蔬菜-根茎,蔬菜,根茎,exact,芦笋（绿）［石刁柏、龙须菜］,90,93.3,19,79,2.6,0.1,3.3,—,0,0.7,2,20,0,0.07,0.08,1.12,7.0,0.19,9,51,304,12.4,18,1.4,0.55,0.62,0.10,0.12,芦笋,,,,,,,v2_strict_rule,core
105,4,18,1,鸡翅根,61,禽肉-鸡,禽肉,鸡,,,,,,,,,,,,,,,,,,,,,,,,,,,,,,,鸡翅根,,,,,,,v2_strict_rule,common
106,1,2,1,香芹,60,蔬菜-根茎,蔬菜,根茎,,,,,,,,,,,,,,,,,,,,,,,,,,,,,,,香芹,,,,,,,v2_strict_rule,common
107,7,32,1,银耳,105,菌菇藻类-菌菇,菌菇藻类,菌菇,alias,银耳（干）［白木耳］,96,14.6,261,1092,10.0,1.4,67.3,30.4,0,6.7,4,50,0,0.05,0.25,5.30,—,1.26,36,369,1588,82.1,54,4.1,3.03,2.95,0.08,0.17,银耳,,,,,,,v2_strict_rule,core
108,1,3,1,冬瓜,58,蔬菜-瓜果,蔬菜,瓜果,alias,冬瓜,80,96.9,10,43,0.3,0.2,2.4,—,0,0.2,Tr,Tr,0,Tr,Tr,0.22,16.0,0.04,12,11,57,2.8,10,0.1,0.10,0.02,0.01,0.02,冬瓜,,一般人群均可食用。适宜肾病、水肿、肝硬化腹水、癌症、脚气病、高血压、糖尿病、动脉硬化、冠心病、肥胖、以及缺乏维生素C者多食。,冬瓜性寒凉，脾胃虚弱、肾脏虚寒、久病滑泄、阳虚肢冷者忌食。,,,,v2_strict_rule,core
109,1,5,1,荷兰豆,58,蔬菜-鲜豆,蔬菜,鲜豆,alias,荷兰豆,88,91.9,30,123,2.5,0.3,4.9,1.4,0,0.4,40,480,0,0.09,0.04,0.70,16.0,0.30,51,19,116,8.8,16,0.9,0.50,0.42,0.06,0.48,荷兰豆,,,,,,,v2_strict_rule,core
110,1,3,1,茄子,63,蔬菜-瓜果,蔬菜,瓜果,alias,茄子（代表值）,93,93.4,23,97,1.1,0.2,4.9,1.3,0,0.4,4,50,0,0.02,0.04,0.60,5.0,1.13,24,23,142,5.4,13,0.5,0.23,0.48,0.10,0.13,茄子,,"一般人群均可食用。可清热解暑，对于容易长痱子、生疮疖的人，尤为适宜。
",1.脾胃虚寒、哮喘者不宜多吃；2.体弱、便溏者不宜多食；手术前吃茄子，麻醉剂可能无法被正常地分解，会拖延病人苏醒时间，影响病人康复速度。,,,但以亚洲产量最多,v2_strict_rule,core
111,1,3,1,青辣椒,60,蔬菜-瓜果,蔬菜,瓜果,,,,,,,,,,,,,,,,,,,,,,,,,,,,,,,青辣椒,,,,,,,v2_strict_rule,common
112,4,18,1,鸡爪,59,禽肉-鸡,禽肉,鸡,exact,鸡爪,60,56.4,254,1059,23.9,16.4,2.7,0.0,103,0.6,37,0,37,0.01,0.13,2.40,Tr,0.32,36,76,108,169.0,7,1.4,0.90,9.95,0.05,0.03,鸡爪,,,,,,,v2_strict_rule,core
113,6,27,1,鳕鱼,55,水产-鱼,水产,鱼,alias,鳕鱼［鳕狭、明太鱼］,45,77.4,88,374,20.4,0.5,0.5,0.0,114,1.2,14,0,14,0.04,0.13,2.70,Tr,—,42,232,321,130.3,84,0.5,0.86,24.80,0.01,0.01,鳕鱼,,,,,,,v2_strict_rule,core
114,1,4,1,红葱头,53,蔬菜-葱蒜,蔬菜,葱蒜,,,,,,,,,,,,,,,,,,,,,,,,,,,,,,,红葱头,,,,,,,v2_strict_rule,common
115,1,4,1,青蒜,53,蔬菜-葱蒜,蔬菜,葱蒜,exact,青蒜（青葱）,84,90.4,34,141,2.4,0.3,6.2,1.7,0,0.7,49,590,0,0.06,0.04,0.60,16.0,0.80,24,25,168,9.3,17,0.8,0.23,1.27,0.05,0.15,青蒜,,,,,,,v2_strict_rule,core
116,10,42,1,栗子,53,谷物/坚果-杂粮,谷物/坚果,杂粮,exact,栗子（鲜）［板栗］,80,52.0,188,789,4.2,0.7,42.2,1.7,0,0.9,16,190,0,0.14,0.17,0.80,24.0,4.56,17,89,442,13.9,50,1.1,0.57,1.13,0.40,1.53,栗子,,,,,,,v2_strict_rule,core
117,1,1,1,薄荷,69,蔬菜-叶菜,蔬菜,叶菜,,,,,,,,,,,,,,,,,,,,,,,,,,,,,,,薄荷,,适宜头痛目赤、咽喉肿痛、口疮口臭、牙龈肿痛、风热瘙痒者。,孕妇勿过量食用；阴虚发热、血虚眩晕者慎服；表虚自汗者禁服。,,无毒,产南北各地,v2_strict_rule,common
118,7,32,1,平菇,58,菌菇藻类-菌菇,菌菇藻类,菌菇,alias,平菇［糙皮侧耳，青蘑］,93,92.5,24,101,1.9,0.3,4.6,2.3,0,0.7,1,10,0,0.06,0.16,3.10,4.0,0.79,5,86,258,3.8,14,1.0,0.61,1.07,0.08,0.07,平菇,,1.一般人均可食用。2.体弱者、更年期妇女、肝炎、消化系统疾病，软骨病、心血管疾病患者、尿道结石症患者及癌症患者尤其适宜。,一般人群均可食用。,,,,v2_strict_rule,core
119,9,37,1,鹰嘴豆,52,豆类-杂豆,豆类,杂豆,exact,鹰嘴豆［桃豆］,100,11.3,340,1433,21.2,4.2,60.1,11.6,0,3.3,7,86,0,0.41,0.25,—,3.5,11.61,150,450,830,6.0,210,3.4,1.50,—,0.44,2.20,鹰嘴豆,,,,,,,v2_strict_rule,core
120,2,12,1,百香果,51,水果-热带水果,水果,热带水果,,,,,,,,,,,,,,,,,,,,,,,,,,,,,,,百香果,,,,,,,v2_strict_rule,common
121,6,27,1,金枪鱼,51,水产-鱼,水产,鱼,alias,金枪鱼（盐水浸）,81,74.6,99,422,23.5,0.6,0.0,0.0,51,—,—,—,—,0.02,0.11,14.40,Tr,—,8,170,230,320.0,27,1.0,0.70,78.00,0.05,Tr,金枪鱼,,一般人都可食用；更是女性美容、减肥的健康食品；尤适宜心脑血管疾病患者。,一般人群均可食用。,,,,v2_strict_rule,core
122,10,43,1,莲子,68,谷物/坚果-坚果种子,谷物/坚果,坚果种子,alias,莲子（干）,100,9.5,350,1463,17.2,2.0,67.2,3.0,0,4.1,—,—,0,0.16,0.08,4.2,5.0,2.71,97,550,846,5.1,242,3.6,2.78,3.36,1.33,8.23,莲子,,,,,,,v2_strict_rule,core
123,1,3,1,杭椒,50,蔬菜-瓜果,蔬菜,瓜果,,,,,,,,,,,,,,,,,,,,,,,,,,,,,,,杭椒,,,,,,,v2_strict_rule,common
124,2,9,1,葡萄,53,水果-浆果,水果,浆果,alias,葡萄（代表值）,86,88.5,45,185,0.4,0.3,10.3,1.0,0,0.3,3,40,0,0.03,0.02,0.25,4.0,0.86,9,13,127,1.9,7,0.4,0.16,0.11,0.18,0.04,葡萄,,一般人群均可适用，肾炎、高血压、水肿患者，儿童、孕妇、贫血患者，神经衰弱、过度疲劳、体倦乏力、未老先衰者，肺虚咳嗽、盗汗者，风湿性关节炎、四肢筋骨疼痛者，癌症患者尤其适合食用。,糖尿病患者，便秘者不宜多吃；脾胃虚寒者不宜多食，多食则令人泄泻。,,无毒,遍及欧洲、亚洲和美洲,v2_strict_rule,core
125,3,14,1,猪骨,50,畜肉-猪,畜肉,猪,,,,,,,,,,,,,,,,,,,,,,,,,,,,,,,猪骨,,,,,,,v2_strict_rule,common
126,6,27,1,鲫鱼,50,水产-鱼,水产,鱼,alias,鲫鱼［喜头鱼、海附鱼］,54,75.4,108,455,17.1,2.7,3.8,0.0,130,1.0,17,0,17,0.04,0.09,2.50,Tr,0.68,79,193,290,41.2,41,1.3,1.94,14.31,0.08,0.06,鲫鱼,,,,,,,v2_strict_rule,core
127,10,42,1,小米,54,谷物/坚果-杂粮,谷物/坚果,杂粮,alias,小米,100,11.6,361,1511,9.0,3.1,75.1,1.6,0,1.2,8,100,0,0.33,0.10,1.50,0,3.63,41,229,284,4.3,107,5.1,1.87,4.74,0.54,0.89,小米,,一般人均可食用，小米是老人、病人、产妇宜用的滋补品。,气滞者忌用；素体虚寒，小便清长者少食。,,,,v2_strict_rule,core
128,10,42,1,薏米,53,谷物/坚果-杂粮,谷物/坚果,杂粮,exact,薏米［薏仁米，苡米］,100,11.2,361,1512,12.8,3.3,71.1,2.0,0,1.6,—,—,0,0.22,0.15,2.00,0,2.08,42,217,238,3.6,88,3.6,1.68,3.07,0.29,1.37,薏米,,一般人群均可食用，适宜各种癌症患者食用；适宜各种关节炎之人食用；适宜急慢性肾炎水肿、癌性腹水、面浮肢肿之人食用；适宜脚气病浮肿者食用，因为薏苡仁含维生素Bl的量比大米多得多；适宜各种疣赘及美容者食用，如青年性扁平疣、寻常性赘疣、传染性软疣、青年粉刺疙瘩以及其他皮肤营养不良粗糙者；适宜肺痿、肺痈者食用。,据前人经验，妇女怀孕早期忌食；另外汗少、便秘者不宜食用。,,,,v2_strict_rule,core
129,1,5,1,毛豆,52,蔬菜-鲜豆,蔬菜,鲜豆,alias,毛豆（鲜）［青豆，菜用大豆］,53,69.6,131,550,13.1,5.0,10.5,4.0,0,1.8,11,130,0,0.15,0.07,1.40,27.0,2.44,135,188,478,3.9,70,3.5,1.73,2.48,0.54,1.20,毛豆,,一般人群均可食用。,1.幼儿、尿毒症患者忌食。2.对黄豆有过敏体质者不宜多食。,,,,v2_strict_rule,core
130,1,1,1,花菜,56,蔬菜-叶菜,蔬菜,叶菜,alias,菜花（白色）［花椰菜］,82,93.2,20,83,1.7,0.2,4.2,2.1,0,0.7,1,11,0,0.04,0.04,0.32,32.0,Tr,31,32,206,39.2,18,0.4,0.17,2.86,0.02,0.09,花菜,,,,,,,v2_strict_rule,core
131,1,6,1,马蹄,49,蔬菜-其他蔬菜,蔬菜,其他蔬菜,exact,荸荠（鲜）［马蹄，地栗］,78,83.6,61,256,1.2,0.2,14.2,1.1,0,0.8,3,20,0,0.02,0.02,0.70,7.0,0.65,4,44,306,15.7,12,0.6,0.34,0.70,0.07,0.11,马蹄,,,,,,,v2_strict_rule,core
132,6,31,1,海鲜菇,49,水产-其他水产,水产,其他水产,,,,,,,,,,,,,,,,,,,,,,,,,,,,,,,海鲜菇,,,,,,,v2_strict_rule,common
133,6,29,1,蟹味菇,49,水产-蟹,水产,蟹,,,,,,,,,,,,,,,,,,,,,,,,,,,,,,,蟹味菇,,,,,,,v2_strict_rule,common
134,7,32,1,白玉菇,49,菌菇藻类-菌菇,菌菇藻类,菌菇,,,,,,,,,,,,,,,,,,,,,,,,,,,,,,,白玉菇,,,,,,,v2_strict_rule,common
135,2,8,1,樱桃,51,水果-核果,水果,核果,alias,樱桃,80,88.0,46,194,1.1,0.2,10.2,0.3,0,0.5,18,210,0,0.02,0.02,0.60,10.0,2.22,11,27,232,8.0,12,0.4,0.23,0.21,0.10,0.07,樱桃,,一般人群均可食用，消化不良者、瘫痪、风湿腰腿痛者、体质虚弱、面色无华者适宜食用。,有溃疡症状者、上火者、慎食；糖尿病者忌食。,,,辽宁,v2_strict_rule,core
136,1,5,1,四季豆,47,蔬菜-鲜豆,蔬菜,鲜豆,alias,四季豆［菜豆、芸豆］,96,91.2,24,101,2.0,0.2,6.0,—,0,0.6,8,96,0,0.02,0.05,0.26,Tr,Tr,43,47,196,4.4,27,0.6,0.33,0.04,0.05,0.26,四季豆,,,,,,,v2_strict_rule,core
137,1,1,1,小白菜,47,蔬菜-叶菜,蔬菜,叶菜,alias,小白菜［青菜］,94,94.8,14,59,1.4,0.3,2.4,—,0,1.1,154,1853,0,0.01,0.05,—,64.0,0.40,117,26,116,132.2,30,1.3,0.23,0.39,0.02,0.15,小白菜,,一般人群均可食用。,脾胃虚寒、大便溏薄者，不宜多食小白菜。,,,中国各地,v2_strict_rule,core
138,1,5,1,绿豆芽,47,蔬菜-鲜豆,蔬菜,鲜豆,alias,绿豆芽,100,95.3,16,65,1.7,0.1,2.6,1.2,0,0.3,1,11,0,0.02,0.02,0.35,4.0,Tr,14,19,32,25.8,18,0.3,0.20,0.27,0.05,0.05,绿豆芽,,,,,,,v2_strict_rule,core
139,9,36,1,黑豆,47,豆类-大豆,豆类,大豆,alias,黑豆（干）［黑大豆］,100,9.9,401,1678,36.0,15.9,33.6,10.2,0,4.6,3,30,0,0.20,0.33,2.00,—,17.36,224,500,1377,3.0,243,7.0,4.18,6.79,1.56,2.83,黑豆,,,,,,,v2_strict_rule,core
140,3,16,1,羊排,46,畜肉-羊,畜肉,羊,,,,,,,,,,,,,,,,,,,,,,,,,,,,,,,羊排,,一般人群均可食用。适宜体虚胃寒者。,发热、牙痛、口舌生疮、咳吐黄痰等上火症状者不宜食用；肝病、高血压、急性肠炎或其他感染性疾病及发热期间不宜食用。,,,,v2_strict_rule,common
141,4,18,1,鸡中翅,46,禽肉-鸡,禽肉,鸡,,,,,,,,,,,,,,,,,,,,,,,,,,,,,,,鸡中翅,,,,,,,v2_strict_rule,common
142,1,6,1,秋葵,45,蔬菜-其他蔬菜,蔬菜,其他蔬菜,exact,秋葵［黄秋葵、羊角豆］,98,91.2,25,104,1.8,0.2,6.2,1.8,0,0.6,20,238,0,0.06,0.05,0.42,7.2,Tr,101,41,19,8.7,38,0.2,0.24,0.54,0.03,0.13,秋葵,,一般人群均可食用。适合胃炎、癌症、胃溃疡、贫血、消化不良食用，特别是青壮年、运动员、护肤女士、男士更应该多吃。,秋葵属于性味偏于寒凉的蔬菜，胃肠虚寒、功能不佳、经常腹泻的人不可多食。,,,,v2_strict_rule,core
143,4,18,1,三黄鸡,49,禽肉-鸡,禽肉,鸡,,,,,,,,,,,,,,,,,,,,,,,,,,,,,,,三黄鸡,,,,,,,v2_strict_rule,common
144,10,42,1,藜麦,45,谷物/坚果-杂粮,谷物/坚果,杂粮,exact,藜麦（散装）,100,13.5,357,1494,14.0,6.0,57.8,6.5,0,2.2,Tr,Tr,0,0.04,0.06,1.03,0,6.4,25,—,362,1.0,132,3.4,1.80,1.43,0.20,0.98,藜麦,,,,,,,v2_strict_rule,core
145,1,2,1,莴笋,44,蔬菜-根茎,蔬菜,根茎,exact,莴笋（鲜）［莴苣］,62,95.5,15,62,1.0,0.1,2.8,0.6,0,0.6,13,150,0,0.02,0.02,0.50,4.0,0.19,23,48,212,36.5,19,0.9,0.33,0.54,0.07,0.19,莴笋,,,,,,,v2_strict_rule,core
146,2,13,1,桂圆,72,水果-其他水果,水果,其他水果,exact,桂圆,50,81.4,71,298,1.2,0.1,16.6,0.4,0,0.7,2,20,0,0.01,0.14,1.30,43.0,—,6,30,248,3.9,10,0.2,0.40,0.83,0.10,0.07,桂圆,,,,,,,v2_strict_rule,core
147,7,32,1,茶树菇,47,菌菇藻类-菌菇,菌菇藻类,菌菇,exact,茶树菇（干）［柱状田头菇、油茶菇］,100,12.2,309,1304,23.1,2.6,56.1,—,0,6.0,Tr,Tr,0,0.32,1.48,39.39,—,—,4,908,2165,6.0,124,9.3,8.38,7.24,2.76,0.73,茶树菇,,,,,,,v2_strict_rule,core
148,1,1,1,大头菜,43,蔬菜-叶菜,蔬菜,叶菜,exact,芥菜头［大头菜，水芥］,83,89.6,36,151,1.9,0.2,7.4,1.4,0,0.9,—,—,0,0.06,0.02,0.60,34.0,0.20,65,36,243,65.6,19,0.8,0.39,0.95,0.09,0.15,大头菜,,,,,,,v2_strict_rule,core
149,1,2,1,芹菜叶,43,蔬菜-根茎,蔬菜,根茎,exact,芹菜叶（鲜）,100,89.4,35,146,2.6,0.6,5.9,2.2,0,1.5,244,2930,0,0.08,0.15,0.90,22.0,2.50,40,64,137,83.0,58,0.6,1.14,2.00,0.99,0.54,芹菜叶,,,,,,,v2_strict_rule,core
150,1,5,1,黄豆芽,43,蔬菜-鲜豆,蔬菜,鲜豆,alias,黄豆芽,100,88.8,47,198,4.5,1.6,4.5,1.5,0,0.6,3,30,0,0.04,0.07,0.60,8.0,0.80,21,74,160,7.2,21,0.9,0.54,0.96,0.14,0.34,黄豆芽,,,,,,,v2_strict_rule,core
151,1,5,1,豇豆,42,蔬菜-鲜豆,蔬菜,鲜豆,exact,豇豆,97,90.1,32,134,2.2,0.3,7.3,—,0,0.7,44,526,0,0.06,0.05,—,13.0,0.39,62,55,171,9.5,55,0.8,0.38,0.66,0.12,0.27,豇豆,,,,,,,v2_strict_rule,core
152,3,15,1,牛里脊,42,畜肉-牛,畜肉,牛,alias,牛肉（里脊肉）［牛柳］,100,73.2,107,452,22.2,0.9,2.4,0.0,63,1.3,4,0,4,0.05,0.15,7.20,Tr,0.80,3,241,140,75.1,29,4.4,6.92,2.76,0.11,Tr,牛里脊,,,,,,,v2_strict_rule,core
153,1,1,1,黄花菜,48,蔬菜-叶菜,蔬菜,叶菜,exact,金针菜（鲜）［黄花菜］,98,40.3,214,897,19.4,1.4,34.9,7.7,0,4.0,153,1840,0,0.05,0.21,3.10,10.0,4.92,301,216,610,59.2,85,8.1,3.99,4.22,0.37,1.21,黄花菜,,一般人群均可食用。孕妇、中老年人、过度劳累者尤其适合食用。,1.患有皮肤瘙痒症者忌食。2.黄花菜含粗纤维较多，肠胃病患者慎食。,,,,v2_strict_rule,core
154,2,10,1,橙子,45,水果-柑橘,水果,柑橘,alias,橙,74,87.4,48,202,0.8,0.2,11.1,0.6,0,0.5,13,160,0,0.05,0.04,0.30,33.0,0.56,20,22,159,1.2,14,0.4,0.14,0.31,0.03,0.05,橙子,,,,,,东南亚,v2_strict_rule,core
155,3,15,1,牛排,41,畜肉-牛,畜肉,牛,alias,牛肉（代表值，fat9g）,100,69.8,160,669,20.0,8.7,0.5,0.0,58,1.1,3,0,3,0.04,0.11,4.15,Tr,0.68,5,182,212,64.1,22,1.8,4.70,3.15,0.05,0.03,牛排,,,,,,,v2_strict_rule,core
156,6,27,1,鲈鱼,41,水产-鱼,水产,鱼,alias,鲈鱼［鲈花］,58,76.5,105,442,18.6,3.4,0.0,0.0,86,1.5,19,0,19,0.03,0.17,3.10,Tr,0.75,138,242,205,144.1,37,2.0,2.83,33.06,0.05,0.04,鲈鱼,,,,,,,v2_strict_rule,core
157,10,41,1,水果玉米,41,谷物/坚果-玉米,谷物/坚果,玉米,,,,,,,,,,,,,,,,,,,,,,,,,,,,,,,水果玉米,,,,,,,v2_strict_rule,common
158,1,1,1,大白菜,43,蔬菜-叶菜,蔬菜,叶菜,exact,大白菜（代表值）,89,94.4,20,82,1.6,0.2,3.4,0.9,0,0.7,7,80,0,0.05,0.04,0.65,37.5,0.36,57,33,134,68.9,12,0.8,0.46,0.57,0.06,0.19,大白菜,,,,,,,v2_strict_rule,core
159,2,12,1,红心火龙果,40,水果-热带水果,水果,热带水果,,,,,,,,,,,,,,,,,,,,,,,,,,,,,,,红心火龙果,,,,,,,v2_strict_rule,common
160,2,11,1,西瓜,40,水果-瓜果,水果,瓜果,alias,西瓜（代表值）,59,92.3,31,108,0.5,0.3,6.8,0.2,0,0.2,14,173,0,0.02,0.04,0.30,5.7,0.11,7,12,97,3.3,14,0.4,0.09,0.09,0.03,0.03,西瓜,,一般人群均可食用。适宜高血压患者、急慢性肾炎患者、胆囊炎患者、高热不退者食用。,糖尿病患者少食，建议两餐中食用；脾胃虚寒，湿盛便糖者不宜食用。,,,,v2_strict_rule,core
161,6,30,1,扇贝,40,水产-贝,水产,贝,alias,扇贝（鲜）,35,84.2,60,255,11.1,0.6,2.6,0.0,140,1.5,Tr,—,Tr,Tr,0.10,0.20,Tr,11.85,142,132,122,339.0,39,7.2,11.69,20.22,0.48,0.70,扇贝,,,,,,,v2_strict_rule,core
162,10,43,1,榛子,40,谷物/坚果-坚果种子,谷物/坚果,坚果种子,excluded_processed_source,榛子（熟）,,,,,,,,,,,,,,,,,,,,,,,,,,,,,榛子,,,,,,,v2_strict_rule,common
163,10,39,1,糙米,40,谷物/坚果-稻米,谷物/坚果,稻米,exact,糙米,100,13.4,348,1475,7.7,2.7,75,3.4,0,1.2,Tr,Tr,0,0.38,0.04,—,0,1.32,10,304,230,5.4,123,1.8,1.79,—,0.24,3.04,糙米,,,,,,,v2_strict_rule,core
164,1,6,1,紫苏,42,蔬菜-其他蔬菜,蔬菜,其他蔬菜,,,,,,,,,,,,,,,,,,,,,,,,,,,,,,,紫苏,,,,,,,v2_strict_rule,common
165,1,1,1,菜心,39,蔬菜-叶菜,蔬菜,叶菜,exact,白菜薹［菜薹，菜心］,84,91.3,28,118,2.8,0.5,4.0,1.7,0,1.4,80,960,0,0.05,0.08,1.20,44.0,0.52,96,54,236,26.0,19,2.8,0.87,6.68,0.18,0.41,菜心,,,,,,,v2_strict_rule,core
166,2,8,1,猕猴桃,39,水果-核果,水果,核果,,,,,,,,,,,,,,,,,,,,,,,,,,,,,,,猕猴桃,,,,,,湖北省宜昌市夷陵区雾渡河,v2_strict_rule,common
167,6,27,1,黑鱼,39,水产-鱼,水产,鱼,exact,乌鳢［黑鱼、乌鱼、生鱼］,57,78.7,85,359,18.5,1.2,0.0,0.0,91,1.6,26,0,26,0.02,0.14,2.50,Tr,0.97,152,232,313,48.8,33,0.7,0.80,24.57,0.05,0.06,黑鱼,,,,,,,v2_strict_rule,core
168,1,1,1,油麦菜,38,蔬菜-叶菜,蔬菜,叶菜,alias,油麦菜,81,95.9,12,50,1.1,0.4,2.1,—,0,0.5,63,751,0,0.03,0.07,0.56,2.0,0.45,60,26,164,32.0,23,0.5,0.24,0.16,0.02,0.06,油麦菜,,,,,,,v2_strict_rule,core
169,10,43,1,板栗,46,谷物/坚果-坚果种子,谷物/坚果,坚果种子,exact,栗子（鲜）［板栗］,80,52.0,188,789,4.2,0.7,42.2,1.7,0,0.9,16,190,0,0.14,0.17,0.80,24.0,4.56,17,89,442,13.9,50,1.1,0.57,1.13,0.40,1.53,板栗,,,,,,,v2_strict_rule,core
170,2,12,1,椰子,40,水果-热带水果,水果,热带水果,exact,椰子,33,51.8,241,1007,4.0,12.1,31.3,4.7,0,0.8,—,—,0,0.01,0.01,0.50,6.0,—,2,90,475,55.6,65,1.8,0.92,—,0.19,0.06,椰子,,一般人群均可食用。,凡大便清泄者忌食椰肉；体内热盛的人不宜常吃椰子；同时病毒性肝炎、脂肪肝、支气管哮喘、高血压、脑血管、胰腺炎、糖尿病等患者也应忌食。,,,海南,v2_strict_rule,core
171,3,14,1,猪肝,42,畜肉-猪,畜肉,猪,exact,猪肝,100,72.6,126,531,19.2,4.7,1.8,0.0,180,1.7,6502,0,6502,0.22,2.02,10.11,20.0,Tr,6,243,235,68.6,24,23.2,3.68,26.12,0.02,0.01,猪肝,,,,,,,v2_strict_rule,core
172,3,14,1,猪颈肉,37,畜肉-猪,畜肉,猪,,,,,,,,,,,,,,,,,,,,,,,,,,,,,,,猪颈肉,,,,,,,v2_strict_rule,common
173,6,30,1,贝贝南瓜,37,水产-贝,水产,贝,,,,,,,,,,,,,,,,,,,,,,,,,,,,,,,贝贝南瓜,,,,,,,v2_strict_rule,common
174,8,35,1,荔浦芋头,37,薯芋-芋类,薯芋,芋类,,,,,,,,,,,,,,,,,,,,,,,,,,,,,,,荔浦芋头,,,,,,,v2_strict_rule,common
175,10,43,1,开心果,37,谷物/坚果-坚果种子,谷物/坚果,坚果种子,excluded_processed_source,开心果（熟）,,,,,,,,,,,,,,,,,,,,,,,,,,,,,开心果,,,,,,,v2_strict_rule,common
176,10,43,1,芝麻菜,37,谷物/坚果-坚果种子,谷物/坚果,坚果种子,,,,,,,,,,,,,,,,,,,,,,,,,,,,,,,,,,,,,,v2_strict_rule,common
177,2,13,1,无花果,41,水果-其他水果,水果,其他水果,exact,无花果,100,81.3,65,272,1.5,0.1,16.0,3.0,0,1.1,3,30,0,0.03,0.02,0.10,2.0,1.82,67,18,212,5.5,17,0.1,1.42,0.67,0.01,0.17,无花果,,,,,,阿拉伯，叙利亚,v2_strict_rule,core
178,6,27,1,巴沙鱼,36,水产-鱼,水产,鱼,,,,,,,,,,,,,,,,,,,,,,,,,,,,,,,巴沙鱼,,,,,,,v2_strict_rule,common
179,1,3,1,小辣椒,42,蔬菜-瓜果,蔬菜,瓜果,,,,,,,,,,,,,,,,,,,,,,,,,,,,,,,,,,,,,,v2_strict_rule,common
180,1,1,1,白菜叶,35,蔬菜-叶菜,蔬菜,叶菜,,,,,,,,,,,,,,,,,,,,,,,,,,,,,,,白菜叶,,,,,,,v2_strict_rule,common
181,1,3,1,红尖椒,35,蔬菜-瓜果,蔬菜,瓜果,,,,,,,,,,,,,,,,,,,,,,,,,,,,,,,红尖椒,,,,,,,v2_strict_rule,common
182,6,28,1,龙虾,35,水产-虾,水产,虾,exact,龙虾,46,77.6,90,379,18.9,1.1,1.0,0.0,121,1.4,Tr,—,Tr,—,0.03,4.30,Tr,3.58,21,221,257,190.0,22,1.3,2.79,39.36,0.54,Tr,龙虾,,,,,,地在中南美洲和墨西哥东北部地区,v2_strict_rule,core
183,8,34,1,铁棍山药,41,薯芋-薯类,薯芋,薯类,,,,,,,,,,,,,,,,,,,,,,,,,,,,,,,铁棍山药,,,,,,,v2_strict_rule,common
184,1,2,1,冬笋,34,蔬菜-根茎,蔬菜,根茎,exact,冬笋（鲜）,39,88.1,42,174,4.1,0.1,6.5,0.8,0,1.2,7,80,0,0.08,0.08,0.60,1.0,—,22,56,—,—,—,0.1,—,—,—,—,冬笋,,,,,,,v2_strict_rule,core
185,1,1,1,小青菜,34,蔬菜-叶菜,蔬菜,叶菜,,,,,,,,,,,,,,,,,,,,,,,,,,,,,,,小青菜,,,,,,,v2_strict_rule,common
186,1,5,1,芸豆,34,蔬菜-鲜豆,蔬菜,鲜豆,exact,四季豆［菜豆、芸豆］,96,91.2,24,101,2.0,0.2,6.0,—,0,0.6,8,96,0,0.02,0.05,0.26,Tr,Tr,43,47,196,4.4,27,0.6,0.33,0.04,0.05,0.26,芸豆,,,,,,,v2_strict_rule,core
187,2,7,1,凤梨,34,水果-仁果,水果,仁果,exact,菠萝［凤梨，地菠萝］,68,88.4,44,182,0.5,0.1,10.8,1.3,0,0.2,2,20,0,0.04,0.02,0.20,18.0,—,12,9,113,0.8,8,0.6,0.14,0.24,0.07,1.04,,,,,,,,v2_strict_rule,core
188,2,8,1,黄桃,34,水果-核果,水果,核果,,,,,,,,,,,,,,,,,,,,,,,,,,,,,,,黄桃,,,,,,,v2_strict_rule,common
189,6,31,1,海参,34,水产-其他水产,水产,其他水产,exact,海参,100,77.1,78,330,16.5,0.2,2.5,0.0,51,3.7,Tr,—,Tr,0.03,0.04,0.10,Tr,3.14,285,28,43,502.9,149,13.2,0.63,63.93,0.05,0.76,海参,,一般人群都能食用，精力不足，气血不足及肝硬化腹水和神经衰弱者尤宜食用。适宜虚劳赢弱，气血不足，营养不良，病后产后体虚之人食用；适宜肾阳不足，阳痿遗精，小便频数之人食用；适宜高血压病，高脂血症，冠心病，动脉硬化之人食用；适宜癌症病人及放疗、化疗、手术后食用；适宜肝炎，肾炎，糖尿病患者食用；适宜血友病患者及易于出血之人食用；适宜年老体弱者食用；,患急性肠炎、菌痢、感冒、咳痰、气喘及大便溏薄、出血兼有瘀滞及湿邪阻滞的患者忌食。,,,,v2_strict_rule,core
190,10,43,1,松子,34,谷物/坚果-坚果种子,谷物/坚果,坚果种子,exact,松子（生）,32,3.0,665,2782,12.6,62.6,19.0,12.4,0,2.8,3,40,0,0.41,0.09,3.80,—,34.48,3,620,184,—,567,5.9,9.02,0.63,2.68,10.35,松子,,,,,,针叶林带,v2_strict_rule,core
191,1,6,1,羽衣甘蓝,33,蔬菜-其他蔬菜,蔬菜,其他蔬菜,exact,羽衣甘蓝,100,87.2,69,289,5.0,0.4,5.7,3.2,0,1.7,364,4368,0,0.07,0.18,1.09,63.0,1.12,66,82,395,66.8,53,1.6,0.56,—,0.06,0.40,,,,,,,,v2_strict_rule,core
192,6,31,1,干海带,33,水产-其他水产,水产,其他水产,,,,,,,,,,,,,,,,,,,,,,,,,,,,,,,干海带,,,,,,,v2_strict_rule,common
193,1,3,1,指天椒,32,蔬菜-瓜果,蔬菜,瓜果,,,,,,,,,,,,,,,,,,,,,,,,,,,,,,,指天椒,,,,,,,v2_strict_rule,common
194,1,3,1,甜椒,32,蔬菜-瓜果,蔬菜,瓜果,alias,甜椒［灯笼椒、柿子椒］,82,94.6,18,77,1.0,0.2,3.8,—,0,0.4,6,76,0,0.02,0.02,0.39,130.0,0.41,—,—,—,—,—,—,—,0.38,—,—,甜椒,,,,,,,v2_strict_rule,core
195,2,12,1,木瓜,38,水果-热带水果,水果,热带水果,exact,木瓜［番木瓜］,86,92.2,29,121,0.4,0.1,7.0,0.8,0,0.3,73,870,0,0.01,0.02,0.30,43.0,0.30,17,12,18,28.0,9,0.2,0.25,1.80,0.03,0.05,木瓜,,,,,无毒,我国南北各地,v2_strict_rule,core
196,2,12,1,榴莲,65,水果-热带水果,水果,热带水果,exact,榴莲,37,64.5,150,632,2.6,3.3,28.3,1.7,0,1.3,2,20,0,0.20,0.13,1.19,2.8,2.28,4,38,261,2.9,27,0.3,0.16,3.26,0.12,0.22,榴莲,,,,,,,v2_strict_rule,core
197,3,15,1,牛腱子,32,畜肉-牛,畜肉,牛,exact,牛肉（小腿肉）［牛展、牛腱子］,100,73.4,122,513,23.0,3.3,0.0,0.0,61,1.0,Tr,0,Tr,0.03,0.13,3.69,Tr,Tr,5,181,182,83.1,22,0.3,5.07,2.54,0.01,Tr,牛腱子,,,,,,,v2_strict_rule,core
198,6,30,1,鲍鱼,36,水产-贝,水产,贝,exact,鲍鱼［杂色鲍］,65,77.5,84,356,12.6,0.8,6.6,0.0,242,2.5,24,—,24,0.01,0.16,0.20,Tr,2.20,266,77,136,2011.7,59,22.6,1.75,21.38,0.72,0.40,鲍鱼,,一般人均可食用夜尿频、气虚哮喘、血压不稳、精神难以集中者适宜多吃鲍鱼；糖尿病患者也可用鲍鱼作辅助治疗，但必须配药同炖，才有疗效。,痛风患者及尿酸高者不宜吃鲍肉，只宜少量喝汤；虽然鲍鱼人人爱吃，但感冒发烧或阴虚喉痛的人不宜食用；素有顽癣痼疾之人忌食。,,,,v2_strict_rule,core
199,7,32,1,白蘑菇,32,菌菇藻类-菌菇,菌菇藻类,菌菇,exact,白蘑菇［双孢蘑菇、洋蘑菇］,100,91.4,29,123,3.5,0.4,3.8,—,0,0.9,—,—,0,0.02,0.30,3.50,0.1,—,6,93,350,57.0,11,1.0,0.60,—,—,—,白蘑菇,,,,,,,v2_strict_rule,core
200,1,3,1,南瓜籽,31,蔬菜-瓜果,蔬菜,瓜果,,,,,,,,,,,,,,,,,,,,,,,,,,,,,,,,,,,,,,v2_strict_rule,common
201,1,3,1,线椒,31,蔬菜-瓜果,蔬菜,瓜果,,,,,,,,,,,,,,,,,,,,,,,,,,,,,,,线椒,,,,,,,v2_strict_rule,common
202,2,7,1,雪梨,36,水果-仁果,水果,仁果,exact,雪梨,93,78.3,79,332,0.9,0.1,20.2,3.0,0,0.5,Tr,Tr,0,0.03,—,0.10,1.0,0.24,12,11,45,1.4,13,0.8,0.25,0.04,0.12,0.08,雪梨,,,,,,,v2_strict_rule,core
203,3,17,1,梅花肉,30,畜肉-其他畜肉,畜肉,其他畜肉,,,,,,,,,,,,,,,,,,,,,,,,,,,,,,,梅花肉,,,,,,,v2_strict_rule,common
204,3,14,1,猪蹄,30,畜肉-猪,畜肉,猪,alias,猪蹄,60,58.2,260,1080,22.6,18.8,0.0,0.0,192,0.4,3,0,3,0.05,0.10,1.50,Tr,0.01,33,33,54,101.0,5,1.1,1.14,5.85,0.09,0.01,猪蹄,,"一般人都可以吃，更是老人、妇女、失血者的食疗佳品。
适宜血虚者食用；适宜年老体弱者食用；适宜产后缺奶者食用；适宜腰脚软弱无力者食用；适宜痈疽疮毒久溃不敛者食用。",有胃肠消化功能减弱的老年人每次不可食之过多；患有肝炎、胆囊炎、胆结石、动脉硬化、高血压病的患者食应以少食或不食为好；凡外感发热和一切热证、实证期间不宜多食；胃肠消化功能减弱的儿童一次不能过量食用。,,,,v2_strict_rule,core
205,6,29,1,大闸蟹,36,水产-蟹,水产,蟹,exact,大闸蟹（母）,36,69.3,156,652,21.0,7.7,0.6,0.0,62,1.4,—,—,—,—,—,—,Tr,6.05,15,231,224,187.8,4,3.2,3.43,0.12,—,2.07,大闸蟹,,,,,,,v2_strict_rule,core
206,6,27,1,章鱼,30,水产-鱼,水产,鱼,exact,章鱼［八爪鱼］,78,65.4,135,574,18.9,0.4,14.0,0.0,—,1.3,Tr,—,Tr,0.04,0.06,5.40,Tr,1.34,21,63,447,65.4,50,0.6,0.68,27.30,0.24,—,章鱼,,,,,,,v2_strict_rule,core
207,10,42,1,皂角米,30,谷物/坚果-杂粮,谷物/坚果,杂粮,,,,,,,,,,,,,,,,,,,,,,,,,,,,,,,皂角米,,,,,,,v2_strict_rule,common
208,1,1,1,菜花,65,蔬菜-叶菜,蔬菜,叶菜,exact,菜花（白色）［花椰菜］,82,93.2,20,83,1.7,0.2,4.2,2.1,0,0.7,1,11,0,0.04,0.04,0.32,32.0,Tr,31,32,206,39.2,18,0.4,0.17,2.86,0.02,0.09,菜花,,,,,,中国,v2_strict_rule,core
209,1,1,1,鸡毛菜,29,蔬菜-叶菜,蔬菜,叶菜,exact,鸡毛菜,100,93.5,19,79,2.7,0.2,2.6,—,0,1.0,69,826,0,0.04,0.09,0.61,24.0,0.30,78,25,230,62.7,35,2.1,0.31,0.24,0.03,0.26,鸡毛菜,,,,,,,v2_strict_rule,core
210,2,8,1,杨梅,37,水果-核果,水果,核果,exact,杨梅［树梅，山杨梅］,82,92.0,30,125,0.8,0.2,6.7,1.0,0,0.3,3,40,0,0.01,0.05,0.30,9.0,0.81,14,8,149,0.7,10,1.0,0.14,0.31,0.02,0.72,杨梅,,一般人群均能食用。,溃疡病患者慎食，牙疼、胃酸过多、上火的人不要多吃，糖尿病患者忌食。,,无毒,广西,v2_strict_rule,core
211,2,10,1,西柚,29,水果-柑橘,水果,柑橘,exact,葡萄柚［西柚］,73,90.9,33,138,0.7,0.3,7.8,—,0,0.3,24,282,0,0.05,0.01,0.20,38.0,—,21,17,60,7.0,9,0.1,0.10,—,—,—,西柚,,,,,,,v2_strict_rule,core
212,4,18,1,童子鸡,29,禽肉-鸡,禽肉,鸡,excluded_processed_source,童子鸡（熟）,,,,,,,,,,,,,,,,,,,,,,,,,,,,,童子鸡,,,,,,,v2_strict_rule,common
213,2,13,1,橄榄,28,水果-其他水果,水果,其他水果,exact,橄榄（白榄）,80,83.1,57,240,0.8,0.2,15.1,4.0,0,0.8,11,130,0,0.01,0.01,0.70,3.0,—,49,18,23,Tr,10,0.2,0.25,0.35,Tr,0.48,橄榄,,一般人群均可食用。,一般人群均可食用。,,,,v2_strict_rule,core
214,2,10,1,橘子,28,水果-柑橘,水果,柑橘,,,,,,,,,,,,,,,,,,,,,,,,,,,,,,,橘子,,一般人群均可食用。,风寒咳嗽、痰饮咳嗽者不宜食用。,,,江西,v2_strict_rule,common
215,3,14,1,瘦猪肉,28,畜肉-猪,畜肉,猪,,,,,,,,,,,,,,,,,,,,,,,,,,,,,,,瘦猪肉,,,,,,,v2_strict_rule,common
216,4,18,1,老母鸡,28,禽肉-鸡,禽肉,鸡,,,,,,,,,,,,,,,,,,,,,,,,,,,,,,,老母鸡,,,,,,,v2_strict_rule,common
217,7,32,1,松茸,28,菌菇藻类-菌菇,菌菇藻类,菌菇,exact,松蘑（干）［松口蘑，松茸］,100,16.1,207,853,20.3,3.2,48.2,47.8,0,12.2,—,—,0,0.01,1.48,—,—,3.09,14,50,93,4.3,—,86.0,6.22,98.44,10.30,1.63,松茸,,,,,,,v2_strict_rule,core
218,7,33,1,裙带菜,28,菌菇藻类-藻类,菌菇藻类,藻类,exact,裙带菜（干）［海芥菜，海木耳］,100,9.2,219,914,25.0,1.7,41.5,31.1,0,22.6,186,2230,0,0.02,0.07,Tr,—,Tr,947,305,335,4411.6,1022,16.4,2.62,15.88,0.12,0.95,裙带菜,,,,,,,v2_strict_rule,core
219,10,39,1,紫米,28,谷物/坚果-稻米,谷物/坚果,稻米,,,,,,,,,,,,,,,,,,,,,,,,,,,,,,,紫米,,,,,,,v2_strict_rule,common
220,1,2,1,春笋,27,蔬菜-根茎,蔬菜,根茎,exact,春笋（鲜）,66,91.4,25,106,2.4,0.1,5.1,2.8,0,1.0,3,30,0,0.05,0.04,0.40,5.0,—,8,36,300,6.0,8,2.4,0.43,0.66,0.15,0.78,春笋,,,,,,,v2_strict_rule,core
221,1,4,1,蒜苔,27,蔬菜-葱蒜,蔬菜,葱蒜,,,,,,,,,,,,,,,,,,,,,,,,,,,,,,,蒜苔,,一般人群均可食用,1.消化能不佳的人宜少吃；2.过量食用会影响视力；有肝病的人过量食用，可造成肝功能障碍。,,,,v2_strict_rule,common
222,1,4,1,韭黄,27,蔬菜-葱蒜,蔬菜,葱蒜,exact,韭黄（韭芽，黄色）,88,93.2,24,101,2.3,0.2,3.9,1.2,0,0.4,22,260,0,0.03,0.05,0.70,15.0,0.34,25,48,192,6.9,12,1.7,0.33,0.76,0.10,0.17,韭黄,,一般人群均能食用。,一般人群均能食用。,,,,v2_strict_rule,core
223,2,10,1,柚子,27,水果-柑橘,水果,柑橘,,,,,,,,,,,,,,,,,,,,,,,,,,,,,,,柚子,,一般人群均可食用，患胃病、消化不良者，慢性支气管炎、咳嗽、痰多气喘者，心脑肾病患者尤其适合。,高血压患者、气虚体弱者不宜多食，脾虚便溏者和糖尿病患者忌食。,,,东南亚及中国大陆的长江以南,v2_strict_rule,common
224,2,8,1,水蜜桃,27,水果-核果,水果,核果,,,,,,,,,,,,,,,,,,,,,,,,,,,,,,,水蜜桃,,,,,,,v2_strict_rule,common
225,3,14,1,猪排,27,畜肉-猪,畜肉,猪,,,,,,,,,,,,,,,,,,,,,,,,,,,,,,,猪排,,,,,,,v2_strict_rule,common
226,4,18,1,乌鸡,27,禽肉-鸡,禽肉,鸡,,,,,,,,,,,,,,,,,,,,,,,,,,,,,,,乌鸡,,,,,,,v2_strict_rule,common
227,1,5,1,扁豆,26,蔬菜-鲜豆,蔬菜,鲜豆,exact,扁豆［月亮菜］,91,88.3,41,172,2.7,0.2,8.2,2.1,0,0.6,13,150,0,0.04,0.07,0.90,13.0,0.24,38,54,178,3.8,34,1.9,0.72,0.94,0.12,0.34,扁豆,,,,,,,v2_strict_rule,core
228,1,2,1,沙姜,26,蔬菜-根茎,蔬菜,根茎,,,,,,,,,,,,,,,,,,,,,,,,,,,,,,,,,,,,,,v2_strict_rule,common
229,1,6,1,百合,51,蔬菜-其他蔬菜,蔬菜,其他蔬菜,alias,百合（鲜）,82,56.7,166,692,3.2,0.1,38.8,1.7,0,1.2,—,—,0,0.02,0.04,0.70,18.0,—,11,61,510,6.7,43,1.0,0.50,0.20,0.24,0.35,百合,,,,,无毒,北美洲,v2_strict_rule,core
230,1,6,1,紫苏叶,30,蔬菜-其他蔬菜,蔬菜,其他蔬菜,,,,,,,,,,,,,,,,,,,,,,,,,,,,,,,紫苏叶,,,,,,,v2_strict_rule,common
231,1,4,1,蒜叶,26,蔬菜-葱蒜,蔬菜,葱蒜,,,,,,,,,,,,,,,,,,,,,,,,,,,,,,,,,,,,,,v2_strict_rule,common
232,1,2,1,青萝卜,29,蔬菜-根茎,蔬菜,根茎,alias,青萝卜,95,91.0,29,121,1.2,0.2,6.9,—,0,0.7,7,88,0,0.01,0.02,0.62,7.0,Tr,47,31,248,56.0,15,0.3,0.16,0.10,0.02,0.06,青萝卜,,,,,,,v2_strict_rule,core
233,2,12,1,荔枝,29,水果-热带水果,水果,热带水果,exact,荔枝,73,81.9,71,296,0.9,0.2,16.6,0.5,0,0.4,1,10,0,0.10,0.04,1.10,41.0,—,2,24,151,1.7,12,0.4,0.17,0.14,0.16,0.09,荔枝,,一般人群均可食用，尤其适合产妇、老人、体质虚弱者、病后调养者食用；贫血、胃寒和口臭者也很适合。,阴虚火旺、有上火症状的人不要吃，以免加重上火症状，阴虚所致的咽喉干疼、牙龈肿痛、鼻出血等症者忌用。,,,,v2_strict_rule,core
234,6,28,1,大虾,29,水产-虾,水产,虾,exact,长毛对虾［大虾、白露虾］,65,76.4,90,380,18.5,0.4,3.0,0.0,136,1.7,45,400,12,0.03,0.06,3.10,Tr,3.52,36,241,386,208.8,47,2.9,1.55,9.11,0.62,0.12,大虾,,,,,,,v2_strict_rule,core
235,6,27,1,带鱼,26,水产-鱼,水产,鱼,alias,带鱼［白带鱼、刀鱼］,76,73.3,127,535,17.7,4.9,3.1,0.0,76,1.0,29,0,29,0.02,0.06,2.80,Tr,0.82,28,191,280,150.1,43,1.2,0.70,36.57,0.08,0.17,带鱼,,,,,,,v2_strict_rule,core
236,7,32,1,鸡腿菇,26,菌菇藻类-菌菇,菌菇藻类,菌菇,exact,鸡腿菇（干）［毛头鬼伞］,100,10.8,294,1239,26.7,2.0,51.8,—,0,8.7,—,—,0,0.14,1.79,24.99,—,5.01,9,764,4053,68.2,119,6.5,3.95,15.39,1.40,0.72,鸡腿菇,,,,,,,v2_strict_rule,core
237,10,43,1,瓜子仁,26,谷物/坚果-坚果种子,谷物/坚果,坚果种子,,,,,,,,,,,,,,,,,,,,,,,,,,,,,,,瓜子仁,,,,,,,v2_strict_rule,common
238,1,6,1,甘蓝,25,蔬菜-其他蔬菜,蔬菜,其他蔬菜,,,,,,,,,,,,,,,,,,,,,,,,,,,,,,,甘蓝,,,,,,,v2_strict_rule,common
239,1,3,1,青尖椒,25,蔬菜-瓜果,蔬菜,瓜果,,,,,,,,,,,,,,,,,,,,,,,,,,,,,,,青尖椒,,,,,,,v2_strict_rule,common
240,2,11,1,哈密瓜,25,水果-瓜果,水果,瓜果,exact,哈密瓜,71,91.0,34,143,0.5,0.1,7.9,0.2,0,0.5,77,920,0,—,0.01,—,12.0,—,4,19,190,26.7,19,Tr,0.13,1.10,0.01,0.01,哈密瓜,,一般人群均可食用。,患有脚气病、黄疸、腹胀、便溏、寒性咳喘以及产后、病后的人不宜多食；糖尿病人慎食。,,,中国,v2_strict_rule,core
241,4,18,1,鸡翅中,29,禽肉-鸡,禽肉,鸡,,,,,,,,,,,,,,,,,,,,,,,,,,,,,,,鸡翅中,,,,,,,v2_strict_rule,common
242,4,19,1,鸭肉,25,禽肉-鸭,禽肉,鸭,,,,,,,,,,,,,,,,,,,,,,,,,,,,,,,鸭肉,,一般人群均可食用。适用于体内有热、上火的人食用；发低热、体质虚弱、食欲不振、大便干燥和水肿的人，食之更佳。同时适宜营养不良，产后病后体虚、盗汗、遗精、妇女月经少、咽干口渴者食用；还适宜癌症患者及放疗化疗后，糖尿病，肝硬化腹水，肺结核，慢性肾炎浮肿者食用。,对于素体虚寒，受凉引起的不思饮食，胃部冷痛．腹泻清稀，腰痛及寒性痛经以及肥胖、动脉硬化、慢性肠炎应少食；感冒患者不宜食用。,,,,v2_strict_rule,common
243,5,23,1,鸭蛋,30,蛋类-鸭蛋,蛋类,鸭蛋,alias,鸭蛋,87,70.3,180,748,12.6,13.0,3.1,0.0,565,1.0,261,—,261,0.17,0.35,0.20,Tr,4.98,62,226,135,106.0,13,2.9,1.67,15.68,0.11,0.04,鸭蛋,,,,,,,v2_strict_rule,core
244,6,30,1,生蚝,37,水产-贝,水产,贝,exact,生蚝,100,87.1,57,241,10.9,1.5,0.0,0.0,94,0.5,—,—,Tr,0.04,0.13,1.50,Tr,0.13,35,100,375,270.0,10,5.0,71.20,41.40,11.50,0.30,生蚝,,,,,,,v2_strict_rule,core
245,6,27,1,黄花鱼,25,水产-鱼,水产,鱼,,,,,,,,,,,,,,,,,,,,,,,,,,,,,,,黄花鱼,,,,,,,v2_strict_rule,common
246,7,32,1,花菇,29,菌菇藻类-菌菇,菌菇藻类,菌菇,,,,,,,,,,,,,,,,,,,,,,,,,,,,,,,花菇,,1.一般人都可食用。2.尤其适合小便不禁、高血压、高血脂、胆结石、贫血、小儿佝偻病、头晕、感冒、麻疹、粘膜溃疡、皮肤炎症、牙床坏血患者食用。,一般人群均可食用。,,,,v2_strict_rule,common
247,10,40,1,生燕麦,25,谷物/坚果-小麦,谷物/坚果,小麦,,,,,,,,,,,,,,,,,,,,,,,,,,,,,,,,,,,,,,v2_strict_rule,common
248,10,42,1,白米,25,谷物/坚果-杂粮,谷物/坚果,杂粮,,,,,,,,,,,,,,,,,,,,,,,,,,,,,,,白米,,,,,,,v2_strict_rule,common
249,3,15,1,牛仔骨,24,畜肉-牛,畜肉,牛,,,,,,,,,,,,,,,,,,,,,,,,,,,,,,,牛仔骨,,,,,,,v2_strict_rule,common
250,4,21,1,羊腿肉,24,禽肉-其他禽肉,禽肉,其他禽肉,,,,,,,,,,,,,,,,,,,,,,,,,,,,,,,羊腿肉,,,,,,,v2_strict_rule,common
251,6,30,1,螺丝椒,24,水产-贝,水产,贝,,,,,,,,,,,,,,,,,,,,,,,,,,,,,,,,,,,,,,v2_strict_rule,common
252,7,32,1,干木耳,28,菌菇藻类-菌菇,菌菇藻类,菌菇,,,,,,,,,,,,,,,,,,,,,,,,,,,,,,,干木耳,,,,,,,v2_strict_rule,common
253,10,43,1,南瓜子,24,谷物/坚果-坚果种子,谷物/坚果,坚果种子,excluded_processed_source,南瓜子（熟）［白瓜子］,,,,,,,,,,,,,,,,,,,,,,,,,,,,,南瓜子,,,,,,,v2_strict_rule,common
254,1,3,1,丝瓜,23,蔬菜-瓜果,蔬菜,瓜果,alias,丝瓜,83,94.1,20,82,1.3,0.2,4.0,—,0,0.4,13,155,0,0.02,0.04,0.32,4.0,0.08,37,33,121,3.7,19,0.3,0.22,0.20,0.05,0.07,丝瓜,,,,,,原产于印度,v2_strict_rule,core
255,1,2,1,樱桃萝卜,23,蔬菜-根茎,蔬菜,根茎,exact,红旦旦萝卜［樱桃萝卜，小水萝卜］,95,94.4,19,79,0.8,Tr,4.3,0.8,0,0.5,Tr,Tr,0,0.01,—,Tr,4.0,1.11,9,43,63,20.1,11,2.9,0.32,1.45,Tr,0.05,樱桃萝卜,,,,,,,v2_strict_rule,core
256,1,1,1,芥菜,26,蔬菜-叶菜,蔬菜,叶菜,exact,芥菜（大叶，鲜）［盖菜］,71,94.6,16,69,1.8,0.4,2.0,1.2,0,1.2,142,1700,0,0.02,0.11,0.50,72.0,0.64,28,36,224,29.0,18,1.0,0.41,0.53,0.10,0.70,芥菜,,一般人群均可食用。是眼科患者的食疗佳品。,芥菜类蔬菜常被制成腌制品食用，因腌制后含有大量的盐分，故高血压、血管硬化的病人应注意少食以限制盐的摄入。另外内热偏盛及内患有热性咳嗽患者、疮疡、痔疮、便血及眼疾的人不宜食雪里蕻。,,,,v2_strict_rule,core
257,1,1,1,茼蒿,23,蔬菜-叶菜,蔬菜,叶菜,alias,茼蒿（鲜）［蓬蒿菜，艾菜］,82,93.0,24,98,1.9,0.3,3.9,1.2,0,0.9,126,1510,0,0.04,0.09,0.60,18.0,0.92,73,36,220,161.3,20,2.5,0.35,0.60,0.06,0.28,茼蒿,,,,,,,v2_strict_rule,core
258,1,4,1,蒜薹,23,蔬菜-葱蒜,蔬菜,葱蒜,exact,蒜薹（圆）,90,81.8,66,274,2.0,0.1,15.4,2.5,0,0.7,40,480,0,0.04,0.07,0.20,1.0,1.04,19,52,161,3.8,28,4.2,1.04,2.17,0.03,0.32,蒜薹,,,,,,平原地带,v2_strict_rule,core
259,2,8,1,椰枣,23,水果-核果,水果,核果,exact,蜜枣［椰枣］,100,13.4,333,1393,1.3,0.2,84.4,5.8,0,0.7,3,30,0,0.01,0.10,0.40,55.0,0.30,59,22,284,25.1,19,3.5,0.25,1.00,0.07,0.20,,,,,,,,v2_strict_rule,core
260,3,14,1,猪肋排,23,畜肉-猪,畜肉,猪,,,,,,,,,,,,,,,,,,,,,,,,,,,,,,,猪肋排,,,,,,,v2_strict_rule,common
261,6,27,1,鱿鱼须,23,水产-鱼,水产,鱼,,,,,,,,,,,,,,,,,,,,,,,,,,,,,,,鱿鱼须,,,,,,,v2_strict_rule,common
262,6,28,1,黑虎虾,23,水产-虾,水产,虾,,,,,,,,,,,,,,,,,,,,,,,,,,,,,,,,,,,,,,v2_strict_rule,common
263,10,43,1,花生仁,23,谷物/坚果-坚果种子,谷物/坚果,坚果种子,exact,花生仁（生）,100,6.9,574,2400,24.8,44.3,21.7,5.5,0,2.3,3,30,0,0.72,0.13,17.90,2.0,18.09,39,324,587,3.6,178,2.1,2.50,3.94,0.95,1.25,花生仁,,,,,,,v2_strict_rule,core
264,1,1,1,空心菜,22,蔬菜-叶菜,蔬菜,叶菜,alias,蕹菜［空心菜、藤藤菜］,100,92.3,19,77,2.2,0.2,4.0,—,0,1.3,143,1714,0,0.03,0.05,0.22,5.0,0.10,115,37,304,107.6,46,1.0,0.27,—,0.05,0.52,空心菜,,,,,,我国各地广泛栽培,v2_strict_rule,core
265,1,3,1,苦瓜,22,蔬菜-瓜果,蔬菜,瓜果,alias,苦瓜（鲜）［凉瓜，癞瓜］,81,93.4,22,91,1.0,0.1,4.9,1.4,0,0.6,8,100,0,0.03,0.03,0.40,56.0,0.85,14,35,256,2.5,18,0.7,0.36,0.36,0.06,0.16,苦瓜,,,,,无毒,东南亚,v2_strict_rule,core
266,1,1,1,荠菜,25,蔬菜-叶菜,蔬菜,叶菜,exact,荠菜（鲜）［野荠］,65,95.6,13,54,0.7,0.2,2.7,1.2,0,0.8,48,290,0,0.02,0.02,1.80,5.0,0.27,89,26,262,109.4,9,1.1,0.42,1.50,0.05,0.19,荠菜,,1.一般人群均可食用。2.特别适合痢疾、水肿、淋病、乳糜尿、吐血、便血、血崩、月经过多、目赤肿痛等患者。3.对于干眼病、夜盲症胃痉挛、胃溃疡、痢疾、肠炎等症有特殊功效，另外有助于防治高血压、冠心病、肥胖症、糖尿病、肠癌及痔疮。,荠菜可宽肠通便，故便溏者慎食。,,,,v2_strict_rule,core
267,2,8,1,桃子,22,水果-核果,水果,核果,,,,,,,,,,,,,,,,,,,,,,,,,,,,,,,桃子,,,,,,,v2_strict_rule,common
268,4,18,1,鸡脚,22,禽肉-鸡,禽肉,鸡,,,,,,,,,,,,,,,,,,,,,,,,,,,,,,,鸡脚,,,,,,,v2_strict_rule,common
269,7,32,1,冬菇,27,菌菇藻类-菌菇,菌菇藻类,菌菇,exact,香菇（鲜）［香蕈，冬菇］,100,91.7,26,107,2.2,0.3,5.2,3.3,0,0.6,—,—,0,Tr,0.08,2.00,1.0,—,2,53,20,1.4,11,0.3,0.66,2.58,0.12,0.25,冬菇,,,,,,,v2_strict_rule,core
270,8,35,1,香芋,22,薯芋-芋类,薯芋,芋类,,,,,,,,,,,,,,,,,,,,,,,,,,,,,,,香芋,,,,,,,v2_strict_rule,common
271,9,37,1,赤小豆,22,豆类-杂豆,豆类,杂豆,exact,赤小豆（干）［小豆，红小豆］,100,12.6,324,1357,20.2,0.6,63.4,7.7,0,3.2,7,80,0,0.16,0.11,2.00,—,14.36,74,305,860,2.2,138,7.4,2.20,3.80,0.64,1.33,赤小豆,,,,,无毒,栽培面积以中国最大，次为日本,v2_strict_rule,core
272,10,42,1,三色藜麦,22,谷物/坚果-杂粮,谷物/坚果,杂粮,,,,,,,,,,,,,,,,,,,,,,,,,,,,,,,三色藜麦,,,,,,,v2_strict_rule,common
273,10,40,1,燕麦米,22,谷物/坚果-小麦,谷物/坚果,小麦,,,,,,,,,,,,,,,,,,,,,,,,,,,,,,,,,,,,,,v2_strict_rule,common
274,1,3,1,泰椒,21,蔬菜-瓜果,蔬菜,瓜果,,,,,,,,,,,,,,,,,,,,,,,,,,,,,,,泰椒,,,,,,,v2_strict_rule,common
275,3,15,1,牛尾,21,畜肉-牛,畜肉,牛,,,,,,,,,,,,,,,,,,,,,,,,,,,,,,,牛尾,,,,,,,v2_strict_rule,common
276,3,14,1,肥猪肉,21,畜肉-猪,畜肉,猪,,,,,,,,,,,,,,,,,,,,,,,,,,,,,,,,,,,,,,v2_strict_rule,common
277,6,29,1,梭子蟹,21,水产-蟹,水产,蟹,exact,梭子蟹,49,77.5,95,400,15.9,3.1,0.9,0.0,142,2.6,121,—,121,0.03,0.30,1.90,Tr,4.56,280,152,208,481.4,65,2.5,5.50,90.96,1.25,0.26,梭子蟹,,,,,,,v2_strict_rule,core
278,10,42,1,泰国香米,21,谷物/坚果-杂粮,谷物/坚果,杂粮,,,,,,,,,,,,,,,,,,,,,,,,,,,,,,,泰国香米,,,,,,,v2_strict_rule,common
279,10,42,1,白果,24,谷物/坚果-杂粮,谷物/坚果,杂粮,exact,白果（干）［银杏］,67,9.9,355,1485,13.2,1.3,72.6,—,0,3.0,—,—,0,—,0.10,Tr,Tr,24.70,54,23,17,17.5,Tr,0.2,0.69,14.50,0.45,2.03,白果,,,,,,湖北,v2_strict_rule,core
280,10,42,1,黑麦,21,谷物/坚果-杂粮,谷物/坚果,杂粮,,,,,,,,,,,,,,,,,,,,,,,,,,,,,,,黑麦,,,,,,,v2_strict_rule,common
281,1,3,1,小红椒,24,蔬菜-瓜果,蔬菜,瓜果,,,,,,,,,,,,,,,,,,,,,,,,,,,,,,,小红椒,,,,,,,v2_strict_rule,common
282,1,2,1,竹笋,24,蔬菜-根茎,蔬菜,根茎,exact,竹笋（鲜）,63,92.8,23,96,2.6,0.2,3.6,1.8,0,0.8,—,—,0,0.08,0.08,0.60,5.0,0.05,9,64,389,0.4,1,0.5,0.33,0.04,0.09,1.14,竹笋,,,,,,,v2_strict_rule,core
283,1,2,1,莴笋叶,20,蔬菜-根茎,蔬菜,根茎,exact,莴笋叶［莴苣菜］,100,95.0,15,62,1.0,0.2,2.9,—,0,0.9,2,24,0,0.03,Tr,—,Tr,Tr,9,37,305,35.6,19,0.2,0.19,0.21,0.05,0.03,莴笋叶,,,,,,,v2_strict_rule,core
284,1,5,1,蚕豆,30,蔬菜-鲜豆,蔬菜,鲜豆,exact,蚕豆（鲜）,31,70.2,111,463,8.8,0.4,19.5,3.1,0,1.1,26,310,0,0.37,0.10,1.50,16.0,0.83,16,200,391,4.0,46,3.5,1.37,2.02,0.39,0.55,蚕豆,,,,,,浙江,v2_strict_rule,core
285,1,3,1,黄椒,20,蔬菜-瓜果,蔬菜,瓜果,,,,,,,,,,,,,,,,,,,,,,,,,,,,,,,黄椒,,,,,,,v2_strict_rule,common
286,2,8,1,扁桃仁,20,水果-核果,水果,核果,,,,,,,,,,,,,,,,,,,,,,,,,,,,,,,扁桃仁,,,,,,,v2_strict_rule,common
287,3,14,1,猪皮,20,畜肉-猪,畜肉,猪,exact,猪皮,100,46.9,363,1506,27.4,28.1,0.0,0.0,100,0.5,3,0,3,0.03,0.14,0.63,Tr,Tr,13,37,62,72.4,56,1.7,0.67,4.68,Tr,Tr,猪皮,,,,,,,v2_strict_rule,core
288,3,14,1,猪脚,20,畜肉-猪,畜肉,猪,,,,,,,,,,,,,,,,,,,,,,,,,,,,,,,猪脚,,,,,,,v2_strict_rule,common
289,3,15,1,菲力牛排,20,畜肉-牛,畜肉,牛,,,,,,,,,,,,,,,,,,,,,,,,,,,,,,,,,,,,,,v2_strict_rule,common
290,4,21,1,猪后腿肉,20,禽肉-其他禽肉,禽肉,其他禽肉,,,,,,,,,,,,,,,,,,,,,,,,,,,,,,,猪后腿肉,,,,,,,v2_strict_rule,common
291,6,28,1,小龙虾,20,水产-虾,水产,虾,,,,,,,,,,,,,,,,,,,,,,,,,,,,,,,小龙虾,,一般人均可食用适宜肾虚阳痿、男性不育症、腰脚瘙弱无力之人食用；适宜小儿正在出麻疹、水痘之时服食；适宜中老年人缺钙所致的小腿抽筋者食用。,"宿疾者、正值上火之时不宜食虾；患过敏性鼻炎、支气管炎、反复发作性过敏性皮炎的老年人不宜吃虾。
虾为动风发物，患有皮肤疥癣者忌食。",,,原产于墨西哥北部和美国南部。,v2_strict_rule,common
292,6,29,1,螃蟹,24,水产-蟹,水产,蟹,,,,,,,,,,,,,,,,,,,,,,,,,,,,,,,螃蟹,,一般人群均可食用适宜跌打损伤、筋断骨碎、瘀血肿痛、产妇胎盘残留、孕妇临产阵缩无力、胎儿迟迟不下者食用，尤以蟹爪为好。,平素脾胃虚寒、大便溏薄、腹痛隐隐、风寒感冒未愈、宿患风疾、顽固性皮肤瘙痒疾患之人忌食，月经过多、痛经、怀孕妇女忌食螃蟹，尤忌食蟹爪。,,,分布广泛,v2_strict_rule,common
293,6,27,1,黄鱼,23,水产-鱼,水产,鱼,exact,黄鱼（大黄花鱼）,66,77.7,97,407,17.7,2.5,0.8,0.0,86,1.3,10,0,10,0.03,0.10,1.90,Tr,1.13,53,174,260,120.3,39,0.7,0.58,42.57,0.04,0.02,黄鱼,,,,,,分布于大平洋北部浅海。我国东海黄海、渤海沿海,v2_strict_rule,core
294,7,32,1,草菇,20,菌菇藻类-菌菇,菌菇藻类,菌菇,exact,草菇［大黑头细花草，稻菇］,100,92.3,27,112,2.7,0.2,4.3,1.6,0,0.5,—,—,0,0.08,0.34,8.00,—,0.40,17,33,179,73.0,21,1.3,0.60,0.02,0.40,0.09,草菇,,一般人群均可食用，更是糖尿病患者的良好食品。,一般人群均可食用。,,,,v2_strict_rule,core
295,9,37,1,红小豆,20,豆类-杂豆,豆类,杂豆,exact,赤小豆（干）［小豆，红小豆］,100,12.6,324,1357,20.2,0.6,63.4,7.7,0,3.2,7,80,0,0.16,0.11,2.00,—,14.36,74,305,860,2.2,138,7.4,2.20,3.80,0.64,1.33,红小豆,,,,,,,v2_strict_rule,core
296,9,37,1,红腰豆,20,豆类-杂豆,豆类,杂豆,,,,,,,,,,,,,,,,,,,,,,,,,,,,,,,红腰豆,,,,,,,v2_strict_rule,common
297,10,42,1,香米,20,谷物/坚果-杂粮,谷物/坚果,杂粮,exact,香米,100,12.9,347,1453,12.7,0.9,72.4,0.6,0,1.1,0,0,0,—,0.08,2.60,0,0.70,8,106,49,21.5,12,5.1,0.69,4.60,0.52,1.75,香米,,一般人均可食用，适宜一切体虚之人、高热之人、久病初愈、妇女产后、老年人、婴幼儿消化力减弱者，煮成稀粥调养食用。,糖尿病患者不宜多食。,,,,v2_strict_rule,core
298,10,39,1,黑糯米,20,谷物/坚果-稻米,谷物/坚果,稻米,,,,,,,,,,,,,,,,,,,,,,,,,,,,,,,黑糯米,,,,,,,v2_strict_rule,common
299,1,6,1,荸荠,19,蔬菜-其他蔬菜,蔬菜,其他蔬菜,exact,荸荠（鲜）［马蹄，地栗］,78,83.6,61,256,1.2,0.2,14.2,1.1,0,0.8,3,20,0,0.02,0.02,0.70,7.0,0.65,4,44,306,15.7,12,0.6,0.34,0.70,0.07,0.11,荸荠,,,,,,,v2_strict_rule,core
300,2,9,1,桑葚,22,水果-浆果,水果,浆果,exact,桑葚（代表值）,100,82.8,57,240,1.7,0.4,13.8,4.1,0,1.3,3,30,0,0.02,0.06,—,—,9.87,37,33,32,2.0,—,0.4,0.26,5.65,0.07,0.28,桑葚,,,,,,生于丘陵,v2_strict_rule,core
301,2,13,1,黑加仑,19,水果-其他水果,水果,其他水果,exact,黑醋栗［黑加仑］,100,82.0,66,276,1.4,0.4,15.4,2.4,0,0.9,—,—,0,0.05,0.05,0.30,181.0,—,55,59,322,2.0,24,1.5,0.27,—,0.09,0.26,黑加仑,,,,,,,v2_strict_rule,core
302,4,19,1,鸭翅,19,禽肉-鸭,禽肉,鸭,exact,鸭翅,67,70.6,146,613,16.5,6.1,6.3,0.0,49,0.5,14,0,14,0.02,0.16,2.40,Tr,—,20,84,100,53.6,5,2.1,0.74,10.00,Tr,Tr,鸭翅,,,,,,,v2_strict_rule,core
303,4,20,1,鹅肝,19,禽肉-鹅,禽肉,鹅,exact,鹅肝,100,70.7,129,542,15.2,3.4,9.3,0.0,285,1.4,6100,0,6100,0.27,0.25,—,—,0.29,2,216,336,70.2,11,7.8,3.56,—,7.78,0.32,鹅肝,,,,,,,v2_strict_rule,core
304,6,27,1,墨鱼,19,水产-鱼,水产,鱼,exact,墨鱼（鲜，曼氏无针乌贼）,69,79.2,83,350,15.2,0.9,3.4,0.0,226,1.3,Tr,—,Tr,0.02,0.04,1.80,Tr,1.49,15,165,400,165.5,39,1.0,1.34,37.52,0.69,0.10,墨鱼,,一般人群均能食用适宜阴虚体质，贫血，妇女血虚经闭，带下，崩漏者食用。,脾胃虚寒的人应少吃；高血脂、高胆固醇血症、动脉硬化等心血管病及肝病患者应慎食；患有湿疹、荨麻疹、痛风、肾脏病、糖尿病、易过敏者等疾病的人忌食；乌贼鱼肉属动风发物，故有病之人酌情忌食。,,,,v2_strict_rule,core
305,7,32,1,昆布,19,菌菇藻类-菌菇,菌菇藻类,菌菇,exact,海带［江白菜，昆布］,98,70.5,90,377,1.8,0.1,23.4,6.1,0,4.2,20,240,0,0.01,0.10,0.80,Tr,0.85,348,52,761,327.4,129,4.7,0.65,5.84,0.14,1.14,昆布,,,,,,,v2_strict_rule,core
306,1,5,1,甜豆,18,蔬菜-鲜豆,蔬菜,鲜豆,exact,甜脆荷兰豆［甜豆］,100,88.0,32,131,3.0,0.3,8.1,6.8,0,0.6,21,253,0,0.08,0.06,0.58,24.0,0.22,65,59,18,4.4,25,0.7,0.39,0.16,0.07,0.62,甜豆,,,,,,,v2_strict_rule,core
307,2,9,1,石榴,21,水果-浆果,水果,浆果,exact,石榴（代表值）,57,79.2,72,304,1.3,0.2,18.5,4.9,0,0.6,—,—,0,0.05,0.03,—,8.0,3.72,6,70,231,0.7,16,0.2,0.19,—,0.15,0.17,石榴,,,,,,,v2_strict_rule,core
308,6,27,1,八爪鱼,18,水产-鱼,水产,鱼,exact,章鱼［八爪鱼］,78,65.4,135,574,18.9,0.4,14.0,0.0,—,1.3,Tr,—,Tr,0.04,0.06,5.40,Tr,1.34,21,63,447,65.4,50,0.6,0.68,27.30,0.24,—,,,,,,,,v2_strict_rule,core
309,6,27,1,比目鱼,18,水产-鱼,水产,鱼,exact,鲆［片口鱼、比目鱼］,68,75.9,112,472,20.8,3.2,0.0,0.0,81,1.9,Tr,0,Tr,0.11,—,4.50,Tr,0.50,55,178,317,66.7,55,1.0,0.53,36.97,0.02,0.04,比目鱼,,,,,,,v2_strict_rule,core
310,6,27,1,银鱼,18,水产-鱼,水产,鱼,exact,银鱼［面条鱼］,100,76.2,105,440,17.2,4.0,0.0,0.0,361,2.6,—,0,—,0.03,0.05,0.20,Tr,1.86,46,22,246,8.6,25,0.9,0.16,9.54,—,0.07,银鱼,,一般人都可食用尤适宜体质虚弱、营养不足、消化不良者、高脂血症患者、脾胃虚弱者、有肺虚咳嗽、虚劳等症者食用。,"一般人均可食用。
",,,,v2_strict_rule,core
311,7,32,1,羊肚菌,21,菌菇藻类-菌菇,菌菇藻类,菌菇,exact,羊肚菌（干）［干狼肚］,100,14.3,321,1347,26.9,7.1,43.7,12.9,0,8.0,89,1070,0,0.10,2.25,8.80,3.0,3.58,87,1193,1726,33.6,117,30.7,12.11,4.82,2.34,2.49,羊肚菌,,1.一般人群均可食用。2.最适宜中老年人、阳萎、早泄、性功能减退、性欲冷淡的人、妇女、脑力工作者食用。,一般人群都适用。,,,,v2_strict_rule,core
312,10,39,1,血糯米,18,谷物/坚果-稻米,谷物/坚果,稻米,exact,紫红糯米［血糯米］,100,13.8,346,1448,8.3,1.7,75.1,1.4,0,1.1,—,—,0,0.31,0.12,4.20,0,1.36,13,183,219,4.0,16,3.9,2.16,2.88,0.29,2.37,血糯米,,,,,,,v2_strict_rule,core
313,1,1,1,菜叶,17,蔬菜-叶菜,蔬菜,叶菜,alias,小白菜［青菜］,94,94.8,14,59,1.4,0.3,2.4,—,0,1.1,154,1853,0,0.01,0.05,—,64.0,0.40,117,26,116,132.2,30,1.3,0.23,0.39,0.02,0.15,菜叶,,,,,,,v2_strict_rule,core
314,3,14,1,猪肚,17,畜肉-猪,畜肉,猪,exact,猪肚,96,78.2,110,460,15.2,5.1,0.7,0.0,165,0.8,3,0,3,0.07,0.16,3.70,—,0.32,11,124,171,75.1,12,2.4,1.92,12.76,0.10,0.12,猪肚,,适宜虚劳瘦弱者食用；适宜脾胃虚弱，食欲不振，泄泻下痢者食用；适宜中气不足，气虚下陷，男子遗精，女子带下者食用；适宜体虚之人小便颇多者食用；适宜小儿疳积者食用。,无特殊禁忌人群。,,,,v2_strict_rule,core
315,4,19,1,鸭血,17,禽肉-鸭,禽肉,鸭,exact,鸭血（白鸭）,100,72.6,108,457,13.6,0.4,12.4,0.0,95,1.0,—,0,—,0.06,0.06,—,—,0.34,5,87,166,173.6,8,30.5,0.50,—,0.06,0.04,鸭血,,,,,,,v2_strict_rule,core
316,6,27,1,罗非鱼,17,水产-鱼,水产,鱼,exact,罗非鱼（莫桑比克）［非洲黑鲫鱼］,53,80.9,77,326,16.0,1.0,1.0,0.0,54,1.1,7,0,7,Tr,0.28,2.50,Tr,0.10,24,150,338,66.8,24,1.1,0.70,—,0.11,0.14,罗非鱼,,一般人都可食用。,一般人都可食用。,,,,v2_strict_rule,core
317,6,27,1,鲤鱼,17,水产-鱼,水产,鱼,exact,鲤鱼［鲤拐子］,54,76.7,109,459,17.6,4.1,0.5,0.0,84,1.1,25,0,25,0.03,0.09,2.70,Tr,1.27,50,204,334,53.7,33,1.0,2.08,15.38,0.06,0.05,鲤鱼,,,,,,,v2_strict_rule,core
318,10,39,1,粳米,17,谷物/坚果-稻米,谷物/坚果,稻米,exact,粳米（标一）,100,13.7,345,1442,7.7,0.6,77.4,0.6,0,0.6,0,0,0,0.16,0.08,1.30,0,1.01,11,121,97,2.4,34,1.1,1.45,2.50,0.19,1.36,粳米,,,,,,,v2_strict_rule,core
319,1,6,1,芋艿,16,蔬菜-其他蔬菜,蔬菜,其他蔬菜,exact,芋头［芋艿、毛芋］,88,85.0,56,236,1.3,0.2,12.7,1.0,0,0.8,1,14,0,0.05,0.02,0.28,1.5,Tr,11,50,25,5.5,19,0.3,0.19,0.91,0.06,0.30,芋艿,,,,,,,v2_strict_rule,core
320,1,1,1,苋菜,16,蔬菜-叶菜,蔬菜,叶菜,exact,苋菜（紫，鲜）［红苋］,73,88.8,35,146,2.8,0.4,5.9,1.8,0,2.1,124,1490,0,0.03,0.10,0.60,30.0,1.54,178,63,340,42.3,38,2.9,0.70,0.09,0.07,0.35,苋菜,,,,,,,v2_strict_rule,core
321,3,14,1,猪血,16,畜肉-猪,畜肉,猪,exact,猪血,100,85.8,55,234,12.2,0.3,0.9,0.0,51,0.8,—,0,—,0.03,0.04,0.30,—,0.20,4,16,56,56.0,5,8.7,0.28,7.94,0.10,0.03,猪血,,,,,,,v2_strict_rule,core
322,4,19,1,鸭掌,19,禽肉-鸭,禽肉,鸭,exact,鸭掌,59,64.7,150,633,26.9,1.9,6.2,0.0,36,0.3,11,0,11,Tr,0.17,1.10,Tr,—,24,91,28,61.1,3,1.3,0.54,5.42,Tr,Tr,鸭掌,,,,,,,v2_strict_rule,core
323,6,28,1,河虾,16,水产-虾,水产,虾,exact,河虾,86,78.1,87,368,16.4,2.4,0.0,0.0,240,3.9,48,—,48,0.04,0.03,Tr,Tr,5.33,325,186,329,133.8,60,4.0,2.24,29.65,0.64,0.27,河虾,,,,,,,v2_strict_rule,core
324,6,31,1,淡菜,16,水产-其他水产,水产,其他水产,exact,贻贝（鲜）［淡菜、壳菜］,49,79.9,80,337,11.4,1.7,4.7,0.0,123,2.3,73,—,73,0.12,0.22,1.80,Tr,14.02,63,197,157,451.4,56,6.7,2.47,57.77,0.13,0.41,淡菜,,,,,,,v2_strict_rule,core
325,6,27,1,鲅鱼,16,水产-鱼,水产,鱼,exact,鲅鱼［马鲛鱼］,72,64.4,194,811,18.7,11.3,4.4,0.0,51,1.3,—,0,—,—,—,—,Tr,13.17,11,290,378,36.7,27,2.5,0.40,Tr,—,0.03,鲅鱼,,,,,,,v2_strict_rule,core
326,7,32,1,竹荪,16,菌菇藻类-菌菇,菌菇藻类,菌菇,exact,竹荪（干）［竹笙、竹参］,100,13.9,248,1025,17.8,3.1,60.3,46.4,0,4.9,Tr,Tr,0,0.03,1.75,9.10,—,—,18,289,11882,50.0,114,17.8,2.20,4.17,2.51,8.47,竹荪,,,,,,,v2_strict_rule,core
327,10,42,1,松仁,16,谷物/坚果-杂粮,谷物/坚果,杂粮,alias,松子（生）,32,3.0,665,2782,12.6,62.6,19.0,12.4,0,2.8,3,40,0,0.41,0.09,3.80,—,34.48,3,620,184,—,567,5.9,9.02,0.63,2.68,10.35,松仁,,,,,,,v2_strict_rule,core
328,1,2,1,水萝卜,15,蔬菜-根茎,蔬菜,根茎,exact,水萝卜［脆萝卜］,93,92.9,22,94,0.8,Tr,5.5,1.4,0,0.8,21,250,0,0.03,0.05,—,45.0,—,—,—,—,9.7,—,—,0.49,—,0.01,0.05,水萝卜,,"一般人群均可食用。
",1.阴盛偏寒体质者、脾胃虚寒者等不宜多食；2.胃及十二指肠溃疡、慢性胃炎、单纯甲状腺肿、先兆流产、子宫脱垂等患者忌食萝卜；3.萝卜性偏寒凉而利肠，脾虚泄泻者慎食或少食。,,,,v2_strict_rule,core
329,1,5,1,豌豆尖,15,蔬菜-鲜豆,蔬菜,鲜豆,exact,豌豆尖,100,42.1,225,943,3.1,Tr,53.9,1.3,0,0.9,226,2710,0,0.07,0.23,Tr,11.0,0.22,17,65,160,3.2,24,5.1,0.93,1.94,0.06,0.98,豌豆尖,,,,,,,v2_strict_rule,core
330,1,6,1,香椿,15,蔬菜-其他蔬菜,蔬菜,其他蔬菜,exact,香椿（鲜）［香椿芽］,76,85.2,50,211,1.7,0.4,10.9,1.8,0,1.8,117,700,0,0.07,0.12,0.90,40.0,0.99,96,147,172,4.6,36,3.9,2.25,0.42,0.09,0.35,香椿,,,,,,,v2_strict_rule,core
331,3,15,1,牛柳,15,畜肉-牛,畜肉,牛,alias,牛肉（里脊肉）［牛柳］,100,73.2,107,452,22.2,0.9,2.4,0.0,63,1.3,4,0,4,0.05,0.15,7.20,Tr,0.80,3,241,140,75.1,29,4.4,6.92,2.76,0.11,Tr,牛柳,,,,,,,v2_strict_rule,core
332,3,14,1,猪小排,15,畜肉-猪,畜肉,猪,exact,猪小排（良杂猪）,61,55.4,351,1450,14.1,32.7,0.0,0.0,68,0.8,6,0,6,0.30,0.32,3.09,Tr,0.72,36,117,230,62.6,14,1.4,2.20,5.94,Tr,Tr,猪小排,,,,,,,v2_strict_rule,core
333,4,18,1,鸡胗,15,禽肉-鸡,禽肉,鸡,exact,鸡肫［鸡胗］,100,73.1,118,498,19.2,2.8,4.0,0.0,174,0.9,36,0,36,0.04,0.09,3.40,—,0.87,7,135,272,74.8,15,4.4,2.76,10.54,2.11,0.06,鸡胗,,,,,,,v2_strict_rule,core
334,6,28,1,海虾,18,水产-虾,水产,虾,exact,海虾,51,79.3,79,333,16.8,0.6,1.5,0.0,117,1.8,Tr,—,Tr,0.01,0.05,1.90,Tr,2.79,146,196,228,302.2,46,3.0,1.44,56.41,0.44,0.11,海虾,,,,,,,v2_strict_rule,core
335,6,31,1,蛏子,15,水产-其他水产,水产,其他水产,exact,蛏子,57,88.4,40,171,7.3,0.3,2.1,0.0,131,1.9,59,—,59,0.02,0.12,1.20,Tr,0.59,134,114,140,175.9,35,33.6,2.01,55.14,0.38,1.93,蛏子,,一般人都可食用适宜产后虚损、烦热口渴、湿热水肿、痢疾、醉酒等人群。,脾胃虚寒、腹泻者应少食。,,,,v2_strict_rule,core
336,1,5,1,刀豆,14,蔬菜-鲜豆,蔬菜,鲜豆,exact,刀豆（鲜）,92,89.0,40,165,3.1,0.3,7.0,1.8,0,0.6,18,220,0,0.05,0.07,1.00,15.0,0.40,49,57,209,8.5,29,4.6,0.84,0.88,0.09,0.45,刀豆,,一般人群均可食用，尤适于肾虚腰痛、气滞呃逆、风温腰痛、小儿疝气等症患者食用。,一般人群均可食用,,无毒,北京地区及长江以南地区,v2_strict_rule,core
337,1,1,1,莴苣,14,蔬菜-叶菜,蔬菜,叶菜,exact,莴笋（鲜）［莴苣］,62,95.5,15,62,1.0,0.1,2.8,0.6,0,0.6,13,150,0,0.02,0.02,0.50,4.0,0.19,23,48,212,36.5,19,0.9,0.33,0.54,0.07,0.19,莴苣,,,,,,,v2_strict_rule,core
338,2,8,1,黑枣,14,水果-核果,水果,核果,exact,黑枣（无核）［乌枣］,98,39.0,234,977,1.7,0.3,57.3,2.6,0,1.7,3,40,0,Tr,Tr,2.10,Tr,1.88,108,63,478,6.3,32,1.2,0.44,0.53,0.21,0.59,黑枣,,,,,,,v2_strict_rule,core
339,4,21,1,乳鸽,14,禽肉-其他禽肉,禽肉,其他禽肉,exact,乳鸽,56,57.5,352,1454,11.3,34.1,0.0,0.0,—,1.5,46,0,46,0.08,0.36,2.48,Tr,0.84,866,573,163,653.8,21,2.0,2.40,11.97,0.09,0.04,乳鸽,,,,,,,v2_strict_rule,core
340,6,28,1,皮皮虾,14,水产-虾,水产,虾,exact,口虾蛄［皮皮虾］,28,79.7,82,345,14.8,1.7,1.8,0.0,98,2.0,—,—,—,—,—,—,Tr,2.16,6,245,246,556.1,28,2.5,2.40,Tr,—,1.20,皮皮虾,,,,,,,v2_strict_rule,core
341,6,27,1,青鱼,14,水产-鱼,水产,鱼,exact,青鱼［青皮鱼、青鳞鱼、青混］,63,73.9,118,497,20.1,4.2,0.0,0.0,108,2.4,42,0,42,0.03,0.07,2.90,Tr,0.81,31,184,325,47.4,32,0.9,0.96,37.69,0.06,0.04,青鱼,,一般人群均可食用适宜各类水肿．肝炎，肾炎，以及脚气脚弱之人食用；适宜脾胃虚弱，气血不足，营养不良之人食用；适宜高脂血症，高胆固醇血症，动脉硬化者食用。,脾胃蕴热者不宜食用；瘙痒性皮肤病、内热、荨麻疹、癣病者应忌食。,,,我国长江以南的平原地区,v2_strict_rule,core
342,6,27,1,马鲛鱼,14,水产-鱼,水产,鱼,exact,鲅鱼［马鲛鱼］,72,64.4,194,811,18.7,11.3,4.4,0.0,51,1.3,—,0,—,—,—,—,Tr,13.17,11,290,378,36.7,27,2.5,0.40,Tr,—,0.03,马鲛鱼,,,,,,,v2_strict_rule,core
343,10,43,1,松子仁,14,谷物/坚果-坚果种子,谷物/坚果,坚果种子,exact,松子仁,100,0.8,718,3003,13.4,70.6,12.2,10.0,0,3.0,1,10,0,0.19,0.25,4.00,—,32.79,78,569,502,10.1,116,4.3,4.61,0.74,0.95,6.01,松子仁,,一般人群均可食用适宜中老年体质虚弱，大便干结，以及慢性支气管炎久咳无痰之人食用；适宜心脑血管疾病之人食用。,便溏、精滑、咳嗽痰多、腹泻者忌用；因含油脂丰富，所以胆功能严重不良者应慎食。,,,,v2_strict_rule,core
344,1,1,1,甜菜根,13,蔬菜-叶菜,蔬菜,叶菜,exact,甜菜根（鲜）［甜菜头，糖萝卜］,90,74.8,87,364,1.0,0.1,23.5,5.9,0,0.6,—,—,0,0.05,0.04,0.20,8.0,1.85,56,18,254,20.8,38,0.9,0.31,0.29,0.15,0.86,甜菜根,,,,,,,v2_strict_rule,core
345,1,6,1,芥蓝,13,蔬菜-其他蔬菜,蔬菜,其他蔬菜,exact,芥蓝［甘蓝菜、盖蓝菜］,98,91.0,24,98,3.1,0.3,4.1,—,0,1.5,—,—,0,0.03,0.12,0.68,37.0,Tr,121,52,345,40.2,40,1.0,0.40,0.39,0.03,0.31,芥蓝,,,,,,,v2_strict_rule,core
346,2,7,1,枇杷,13,水果-仁果,水果,仁果,exact,枇杷,62,89.3,41,170,0.8,0.2,9.3,0.8,0,0.4,—,—,0,0.01,0.03,0.30,8.0,0.24,17,8,122,4.0,10,1.1,0.21,0.72,0.06,0.34,枇杷,,,,,,,v2_strict_rule,core
347,3,15,1,牛肚,13,畜肉-牛,畜肉,牛,exact,牛肚,100,83.4,72,306,14.5,1.6,0.0,0.0,104,0.6,2,0,2,0.03,0.13,2.50,—,0.51,40,104,162,60.6,17,1.8,2.31,9.07,0.07,0.21,牛肚,,一般人都可食用，尤适宜于病后虚羸、气血不足、营养不良、脾胃薄弱之人。,一般人都可食用。,,,,v2_strict_rule,core
348,3,14,1,猪腿肉,13,畜肉-猪,畜肉,猪,exact,猪腿肉（藏香猪）,100,56.1,268,1115,17.5,19.2,6.3,0.0,61,0.9,6,0,6,0.19,0.22,3.36,Tr,0.47,15,164,30,45.8,21,2.0,1.90,0.80,0.07,0.04,猪腿肉,,,,,,,v2_strict_rule,core
349,6,28,1,北极虾,13,水产-虾,水产,虾,exact,北极虾,85,63.9,132,560,14.9,1.2,15.4,0.0,161,4.6,—,—,—,—,—,—,Tr,—,—,—,244,566.7,—,1.4,1.28,—,—,—,北极虾,,,,,,,v2_strict_rule,core
350,6,27,1,生鱼,13,水产-鱼,水产,鱼,exact,乌鳢［黑鱼、乌鱼、生鱼］,57,78.7,85,359,18.5,1.2,0.0,0.0,91,1.6,26,0,26,0.02,0.14,2.50,Tr,0.97,152,232,313,48.8,33,0.7,0.80,24.57,0.05,0.06,生鱼,,,,,,,v2_strict_rule,core
351,7,32,1,云耳,13,菌菇藻类-菌菇,菌菇藻类,菌菇,exact,木耳（水发）［黑木耳，云耳］,100,91.8,27,112,1.5,0.2,6.0,2.6,0,0.5,2,20,0,0.01,0.05,0.20,1.0,—,34,12,52,8.5,57,5.5,0.53,0.46,0.04,0.97,云耳,,,,,,,v2_strict_rule,core
352,7,32,1,猴头菇,16,菌菇藻类-菌菇,菌菇藻类,菌菇,excluded_processed_source,猴头菇（罐装）,,,,,,,,,,,,,,,,,,,,,,,,,,,,,猴头菇,,,,,,,v2_strict_rule,common
353,10,40,1,荞麦,13,谷物/坚果-小麦,谷物/坚果,小麦,exact,荞麦,100,13.0,337,1410,9.3,2.3,73.0,6.5,0,2.4,2,20,0,0.28,0.16,2.20,0,4.40,47,297,401,4.7,258,6.2,3.62,2.45,0.56,2.04,荞麦,,一般人群均可食用，适宜食欲不振、饮食不香、肠胃积滞、慢性泄泻之人食用；同时适宜出黄汗之人和夏季痧症者、糖尿病人多食。,脾胃虚寒、消化功能不佳、经常腹泻的人、体质敏感之人不宜食用。,,,,v2_strict_rule,core
354,1,3,1,节瓜,12,蔬菜-瓜果,蔬菜,瓜果,exact,节瓜［毛瓜］,92,95.6,14,61,0.6,0.1,3.4,1.2,0,0.3,—,—,0,0.02,0.05,0.40,39.0,0.27,4,13,40,0.2,7,0.1,0.08,0.26,0.02,0.10,节瓜,,一般人群均可食用。肾脏病、浮肿病、糖尿病患者可多食。,一般人群均可食用。,,,,v2_strict_rule,core
355,1,2,1,茭白,12,蔬菜-根茎,蔬菜,根茎,exact,茭白（鲜）［茭笋，茭粑］,74,92.2,26,110,1.2,0.2,5.9,1.9,0,0.5,5,30,0,0.02,0.03,0.50,5.0,0.99,4,36,209,5.8,8,0.4,0.33,0.45,0.06,0.49,茭白,,,,,,,v2_strict_rule,core
356,1,2,1,黄姜,12,蔬菜-根茎,蔬菜,根茎,exact,姜（鲜）［黄姜］,95,87.0,46,194,1.3,0.6,10.3,2.7,0,0.8,14,170,0,0.02,0.03,0.80,4.0,—,27,25,295,14.9,44,1.4,0.34,0.56,0.14,3.20,黄姜,,,,,,,v2_strict_rule,core
357,2,12,1,菠萝蜜,12,水果-热带水果,水果,热带水果,exact,菠萝蜜［木菠萝］,43,73.2,105,438,0.2,0.3,25.7,0.8,0,0.6,2,18,0,0.06,0.05,0.70,9.0,0.52,9,18,330,11.4,24,0.5,0.12,4.17,0.12,0.18,菠萝蜜,,,,,,,v2_strict_rule,core
358,2,7,1,雪花梨,12,水果-仁果,水果,仁果,exact,雪花梨,86,88.8,42,178,0.2,0.1,10.6,0.8,0,0.3,8,100,0,0.01,0.01,0.30,4.0,0.19,5,6,85,0.6,10,0.3,0.06,0.18,0.08,0.03,雪花梨,,一般人群均可食用，咳嗽痰稠或无痰、咽喉发痒干疼者，慢性支气管炎、肺结核患者，高血压、心脏病、肝炎、肝硬化患者，饮酒后或宿醉未醒者尤其适合。,慢性肠炎、胃寒病、糖尿病患者忌食生梨。,,,,v2_strict_rule,core
359,2,8,1,青梅,12,水果-核果,水果,核果,exact,梅［青梅］,93,91.1,34,144,0.9,0.9,6.2,1.0,0,0.9,—,—,0,—,—,—,—,—,11,36,—,—,—,—,—,—,—,—,青梅,,,,,,,v2_strict_rule,core
360,4,18,1,鸡心,12,禽肉-鸡,禽肉,鸡,exact,鸡心,100,70.8,172,717,15.9,11.8,0.6,0.0,194,0.9,910,0,910,0.46,0.26,11.50,—,—,54,176,220,108.4,11,4.7,1.94,4.10,0.27,0.04,鸡心,,,,,,,v2_strict_rule,core
361,4,18,1,鸡肝,12,禽肉-鸡,禽肉,鸡,exact,鸡肝,100,74.4,121,507,16.6,4.8,2.8,0.0,356,1.4,10414,0,10414,0.33,1.10,11.90,—,1.88,7,263,222,92.0,16,12.0,2.40,38.55,0.32,0.24,鸡肝,,,,,,,v2_strict_rule,core
362,6,28,1,青虾,12,水产-虾,水产,虾,exact,青虾,57,73.8,100,423,23.8,0.4,0.2,0.0,140,1.8,—,—,—,—,—,—,Tr,1.06,28,312,260,277.1,55,0.4,0.91,0.02,—,0.62,青虾,,老少皆宜；中老年人、孕妇和心血管病患者更适合食用适宜肾虚阳痿、男性不育症、腰脚瘙弱无力之人食用；适宜中老年人缺钙所致的小腿抽筋者食用。,宿疾者、正值上火之时不宜食虾；患过敏性鼻炎、支气管炎、反复发作性过敏性皮炎的老年人不宜吃虾，虾为动风发物，患有皮肤疥癣者忌食。,,,,v2_strict_rule,core
363,6,27,1,鲮鱼,12,水产-鱼,水产,鱼,exact,鲮鱼［雪鲮］,57,77.7,95,402,18.4,2.1,0.7,0.0,86,1.1,125,0,125,0.01,0.04,3.00,Tr,1.54,31,176,317,40.1,22,0.9,0.83,48.10,0.04,0.02,鲮鱼,,一般人都可食用。适宜体质虚弱，气血不足，营养不良之人食用；适宜膀胱热结，小便不利，肝硬化腹水，营养不良性水肿之人食用。,阴虚喘嗽忌之。,,,,v2_strict_rule,core
364,6,27,1,鳗鱼,12,水产-鱼,水产,鱼,exact,鳗鲡［鳗鱼、河鳗］,84,67.1,181,755,18.6,10.8,2.3,0.0,177,1.2,—,0,—,0.02,0.02,3.80,Tr,3.60,42,248,207,58.8,34,1.5,1.15,33.66,0.18,Tr,鳗鱼,,,,,,热带及温带地区水域,v2_strict_rule,core
365,7,32,1,牛肝菌,15,菌菇藻类-菌菇,菌菇藻类,菌菇,exact,牛肝菌（鲜）［黄皮牛肝菌、黄皮疣柄牛肝菌、黄癞头］,97,89.7,32,132,4.3,0.1,5.3,3.9,0,0.6,Tr,Tr,0,0.03,0.57,3.20,—,Tr,2,49,224,1.6,8,1.4,1.07,0.37,0.35,0.28,,,,,,,,v2_strict_rule,core
366,9,37,1,眉豆,12,豆类-杂豆,豆类,杂豆,exact,眉豆（干）［饭豇豆］,100,12.0,334,1395,18.6,1.1,65.6,6.6,0,2.7,—,—,0,0.15,0.18,2.10,—,12.29,60,310,525,86.5,171,5.5,4.70,2.89,0.86,2.14,眉豆,,一般人群均可食用。适宜肾虚者、腹泻者、小便频繁者、男子遗精、女子带下病者；尤其是糖尿病、肾虚患者更佳。,眉豆多食则性滞，故气滞便结者应慎食眉豆。,,,,v2_strict_rule,core
367,10,43,1,山核桃,12,谷物/坚果-坚果种子,谷物/坚果,坚果种子,excluded_processed_source,山核桃（熟）［小核桃］,,,,,,,,,,,,,,,,,,,,,,,,,,,,,,,,,,,,v2_strict_rule,common
368,1,3,1,小南瓜,11,蔬菜-瓜果,蔬菜,瓜果,exact,黄茎瓜［小南瓜］,100,95.4,19,81,1.2,0.9,2.0,0.7,0,0.5,57,680,0,0.03,0.02,—,Tr,0.20,—,17,—,—,—,—,0.29,0.20,—,—,小南瓜,,,,,,,v2_strict_rule,core
369,1,6,1,槐花,15,蔬菜-其他蔬菜,蔬菜,其他蔬菜,exact,槐花（鲜）［洋槐花，豆槐花］,100,78.0,82,344,3.1,0.7,17.0,2.2,0,1.2,67,400,0,0.04,0.18,6.60,30.0,—,83,69,—,—,—,3.6,—,—,—,—,槐花,,一般人皆可食用。,脾胃虚寒及阴虚发热而无实火者慎服。,,无毒,以黄土高原最为常见。日本、朝鲜及越南有分布,v2_strict_rule,core
370,1,6,1,马兰头,11,蔬菜-其他蔬菜,蔬菜,其他蔬菜,exact,马兰头（鲜）［马兰，鸡儿肠，路边菊］,100,91.4,28,119,2.4,0.4,4.6,1.6,0,1.2,340,2040,0,0.06,0.13,0.80,26.0,0.72,67,38,285,15.2,14,2.4,0.87,0.75,0.13,0.44,马兰头,,一般人都可食用。,孕妇慎服。,,,,v2_strict_rule,core
371,1,6,1,鱼腥草,11,蔬菜-其他蔬菜,蔬菜,其他蔬菜,exact,鱼腥草（叶）［蕺菜，臭菜］,100,84.9,32,131,2.1,0.1,10.7,—,0,2.3,Tr,Tr,0,0.03,0.12,1.04,16.0,1.28,57,31,494,21.6,145,2.3,0.40,1.25,0.09,1.00,鱼腥草,,一般人群均可食用。适宜流行性感冒患者、经常便秘、脾胃湿热、脘腹胀满、恶心呕吐、不思饮食者。,虚寒性体质及疔疮肿疡属阴寒，无红肿热痛者，不宜服食。,,无毒,西南,v2_strict_rule,core
372,4,19,1,鸭舌,11,禽肉-鸭,禽肉,鸭,exact,鸭舌［鸭条］,61,62.6,245,1018,16.6,19.7,0.4,0.0,118,0.7,35,0,35,0.01,0.21,1.60,Tr,0.23,13,94,44,81.5,6,2.2,0.65,12.50,Tr,Tr,鸭舌,,,,,,,v2_strict_rule,core
373,6,30,1,文蛤,11,水产-贝,水产,贝,exact,文蛤（鲜）,31,84.7,56,237,9.2,0.7,3.2,0.0,18,2.2,—,—,—,—,—,—,Tr,5.04,30,90,115,456.0,63,17.7,2.32,2.49,—,0.14,文蛤,,,,,,,v2_strict_rule,core
374,6,27,1,沙丁鱼,11,水产-鱼,水产,鱼,exact,沙丁鱼［沙鲻］,67,78.0,89,377,19.8,1.1,0.0,0.0,158,1.3,—,0,—,0.01,0.03,2.00,Tr,0.26,184,183,136,91.5,30,1.4,0.16,48.95,0.02,0.07,沙丁鱼,,,,,,,v2_strict_rule,core
375,6,27,1,鲳鱼,11,水产-鱼,水产,鱼,exact,鲳鱼（银鲳鱼）［平鱼］,70,72.8,140,585,18.5,7.3,0.0,0.0,77,1.4,24,0,24,0.04,0.07,2.10,Tr,1.26,46,155,328,62.5,39,1.1,0.80,27.21,0.14,0.07,鲳鱼,,,,,,,v2_strict_rule,core
376,6,27,1,黄鳝,11,水产-鱼,水产,鱼,exact,黄鳝［鳝鱼］,67,78.0,89,378,18.0,1.4,1.2,0.0,126,1.4,50,0,50,0.06,0.98,3.70,Tr,1.34,42,206,263,70.2,18,2.5,1.97,34.56,0.05,2.22,黄鳝,,,,,,,v2_strict_rule,core
377,7,32,1,榛蘑,11,菌菇藻类-菌菇,菌菇藻类,菌菇,exact,榛蘑（干）［小蜜环菌］,100,8.0,329,1370,17.7,10.8,54.6,—,0,8.9,40,483,0,0.14,0.71,26.91,—,3.35,9,893,4629,18.7,100,22.4,6.00,2.38,1.36,1.55,榛蘑,,,,,,,v2_strict_rule,core
378,7,32,1,白木耳,16,菌菇藻类-菌菇,菌菇藻类,菌菇,exact,银耳（干）［白木耳］,96,14.6,261,1092,10.0,1.4,67.3,30.4,0,6.7,4,50,0,0.05,0.25,5.30,—,1.26,36,369,1588,82.1,54,4.1,3.03,2.95,0.08,0.17,白木耳,,,,,,,v2_strict_rule,core
379,10,43,1,南瓜子仁,11,谷物/坚果-坚果种子,谷物/坚果,坚果种子,exact,南瓜子仁,100,9.2,576,2408,33.2,48.1,4.9,4.9,0,4.6,—,—,0,0.23,0.09,1.8,Tr,13.25,16,1159,102,20.6,2,1.5,2.57,2.78,1.11,0.64,南瓜子仁,,,,,,,v2_strict_rule,core
380,10,41,1,玉米糁,11,谷物/坚果-玉米,谷物/坚果,玉米,exact,玉米糁（黄）,100,12.5,326,1378,7.4,1.2,78.7,—,0,0.2,—,—,0,0.03,0.03,0.76,0,0.96,49,143,177,1.7,151,0.2,0.05,1.09,0.01,0.01,玉米糁,,,,,,,v2_strict_rule,core
381,2,8,1,李子,10,水果-核果,水果,核果,exact,李子,91,90.0,38,157,0.7,0.2,8.7,0.9,0,0.4,13,150,0,0.03,0.02,0.40,5.0,0.74,8,11,144,3.8,10,0.6,0.14,0.23,0.04,0.16,,,,,,,,v2_strict_rule,core
382,3,15,1,牛舌,10,畜肉-牛,畜肉,牛,exact,牛舌,100,66.7,196,815,17.0,13.3,2.0,0.0,92,1.0,8,0,8,0.10,0.16,3.60,—,0.55,6,151,236,58.4,18,3.1,3.39,13.84,0.09,0.03,牛舌,,,,,,,v2_strict_rule,core
383,3,14,1,猪心,10,畜肉-猪,畜肉,猪,exact,猪心,97,76.0,119,497,16.6,5.3,1.1,0.0,151,1.0,13,0,13,0.19,0.48,6.80,4.0,0.74,12,189,260,71.2,17,4.3,1.90,14.94,0.37,0.05,猪心,,,,,,,v2_strict_rule,core
384,6,27,1,桂鱼,10,水产-鱼,水产,鱼,exact,鳜鱼［桂鱼、花鲫鱼］,61,74.5,117,494,19.9,4.2,0.0,0.0,124,1.5,12,0,12,0.02,0.07,5.90,Tr,0.87,63,217,295,68.6,32,1.0,1.07,26.50,0.10,0.03,桂鱼,,,,,,,v2_strict_rule,core
385,6,27,1,武昌鱼,10,水产-鱼,水产,鱼,exact,鳊鱼［鲂鱼、武昌鱼］,59,73.1,135,565,18.3,6.3,1.2,0.0,94,1.1,28,0,28,0.02,0.07,1.70,Tr,0.52,89,188,215,41.1,17,0.7,0.89,11.59,0.07,0.05,武昌鱼,,一般人都可食用适宜贫血，体虚，营养不良，不思饮食之人食用。,凡患有慢性痢疾之人忌食。,,,,v2_strict_rule,core
386,6,30,1,海蛎子,10,水产-贝,水产,贝,exact,牡蛎［海蛎子］,100,82.0,73,307,5.3,2.1,8.2,0.0,100,2.4,27,—,27,0.01,0.13,1.40,Tr,0.81,131,115,200,462.1,65,7.1,9.39,86.64,8.13,0.85,,,,,,,,v2_strict_rule,core
387,6,27,1,海鲈鱼,10,水产-鱼,水产,鱼,exact,海鲈鱼（鲜）,55,73.2,112,472,19.5,3.6,0.4,0.0,15,3.3,—,0,—,—,—,—,Tr,0.31,8,188,—,44.9,23,0.2,0.48,0.09,—,0.04,,,,,,,,v2_strict_rule,core
388,6,30,1,牡蛎,10,水产-贝,水产,贝,exact,牡蛎［海蛎子］,100,82.0,73,307,5.3,2.1,8.2,0.0,100,2.4,27,—,27,0.01,0.13,1.40,Tr,0.81,131,115,200,462.1,65,7.1,9.39,86.64,8.13,0.85,牡蛎,,"病虚而多热者宜用。
","虚而有寒者忌之。
",,,,v2_strict_rule,core
389,6,27,1,胖头鱼,10,水产-鱼,水产,鱼,exact,鳙鱼［胖头鱼、摆佳鱼、花鲢鱼］,61,76.5,100,421,15.3,2.2,4.7,0.0,112,1.3,34,0,34,0.04,0.11,2.80,Tr,2.65,82,180,229,60.6,26,0.8,0.76,19.47,0.07,0.08,胖头鱼,,,,,,,v2_strict_rule,core
390,6,27,1,鲢鱼,10,水产-鱼,水产,鱼,exact,鲢鱼［白鲢、胖子、连子鱼］,61,77.4,104,436,17.8,3.6,0.0,0.0,99,1.2,20,0,20,0.03,0.07,2.50,Tr,1.23,53,190,277,57.5,23,1.4,1.17,15.68,0.06,0.09,鲢鱼,,,,,,,v2_strict_rule,core
391,10,42,1,大黄米,10,谷物/坚果-杂粮,谷物/坚果,杂粮,exact,大黄米［黍子］,100,11.3,356,1490,13.6,2.7,71.1,3.5,0,1.3,—,—,0,0.30,0.09,1.40,0,1.79,30,244,201,1.7,116,5.7,3.05,2.31,0.57,1.50,大黄米,,,,,,,v2_strict_rule,core
392,10,41,1,玉米笋,10,谷物/坚果-玉米,谷物/坚果,玉米,exact,玉米笋（罐头）,100,93.0,16,67,1.1,0.2,4.9,4.9,0,1.3,3,40,0,—,—,—,0,—,6,4,36,170.9,—,0.1,0.33,0.80,0.02,0.12,玉米笋,,,,,,,v2_strict_rule,core
393,10,42,1,银杏,10,谷物/坚果-杂粮,谷物/坚果,杂粮,exact,白果（干）［银杏］,67,9.9,355,1485,13.2,1.3,72.6,—,0,3.0,—,—,0,—,0.10,Tr,Tr,24.70,54,23,17,17.5,Tr,0.2,0.69,14.50,0.45,2.03,,,,,,,,v2_strict_rule,core
394,1,6,1,沙葛,9,蔬菜-其他蔬菜,蔬菜,其他蔬菜,exact,豆薯（鲜）［凉薯，地瓜，沙葛］,91,85.2,56,236,0.9,0.1,13.4,0.8,0,0.4,—,—,0,0.03,0.03,0.30,13.0,0.86,21,24,111,5.5,14,0.6,0.23,0.16,0.07,0.11,,,,,,,,v2_strict_rule,core
395,1,2,1,红心萝卜,9,蔬菜-根茎,蔬菜,根茎,exact,红心萝卜［心里美］,94,88.0,41,172,1.2,Tr,9.8,1.4,0,1.0,7,80,0,0.02,0.02,0.10,20.0,—,86,30,385,49.1,23,0.9,0.74,0.73,0.05,0.08,红心萝卜,,,,,,,v2_strict_rule,core
396,2,9,1,葡萄柚,9,水果-浆果,水果,浆果,exact,葡萄柚［西柚］,73,90.9,33,138,0.7,0.3,7.8,—,0,0.3,24,282,0,0.05,0.01,0.20,38.0,—,21,17,60,7.0,9,0.1,0.10,—,—,—,,,,,,,,v2_strict_rule,core
397,3,14,1,猪大排,9,畜肉-猪,畜肉,猪,exact,猪大排,68,58.8,264,1095,18.3,20.4,1.7,0.0,165,0.8,12,0,12,0.80,0.15,5.30,Tr,0.11,8,125,274,44.5,17,0.8,1.72,10.30,0.12,0.05,猪大排,,,,,,,v2_strict_rule,core
398,4,18,1,肉鸡,9,禽肉-鸡,禽肉,鸡,exact,肉鸡（肥）,74,46.1,389,1609,16.7,35.4,0.9,0.0,106,0.9,226,0,226,0.07,0.07,13.10,Tr,—,37,102,123,47.8,7,1.7,1.10,5.40,0.08,0.01,肉鸡,,,,,,,v2_strict_rule,core
399,4,19,1,鸭肝,9,禽肉-鸭,禽肉,鸭,exact,鸭肝,100,76.3,128,533,14.5,7.5,0.5,0.0,341,1.2,1040,0,1040,0.26,1.05,6.90,18.0,1.41,18,283,230,87.2,18,23.1,3.08,57.27,1.31,0.28,鸭肝,,,,,,,v2_strict_rule,core
400,5,23,1,鸭蛋黄,9,蛋类-鸭蛋,蛋类,鸭蛋,exact,鸭蛋黄,100,44.9,378,1565,14.5,33.8,4.0,0.0,1576,2.8,1980,—,1980,0.28,0.62,—,Tr,12.72,123,55,86,30.1,22,4.9,3.09,25.00,0.16,0.10,鸭蛋黄,,,,,,,v2_strict_rule,core
401,6,30,1,田螺,9,水产-贝,水产,贝,exact,田螺,26,82.0,60,256,11.0,0.2,3.6,0.0,154,3.2,Tr,—,Tr,0.02,0.19,2.20,Tr,0.75,1030,93,98,26.0,77,19.7,2.71,16.73,0.80,1.26,田螺,,一般人都可食用。适宜黄疽、水肿、小便不通、痔疮便血、脚气、消渴、风热目赤肿痛以及醉酒之人食用；同时适宜糖尿病、癌症、干燥综合征、肥胖症、高脂血症、冠心病、动脉硬化、脂肪肝者食用。,凡屑脾胃虚寒，便溏腹泻之人忌食；因螺性大寒，故风寒感冒期间忌食，女子行经期间及妇人产后忌食，素有胃寒病者忌食。,,,,v2_strict_rule,core
402,6,27,1,石斑鱼,9,水产-鱼,水产,鱼,exact,石斑鱼（老虎斑）,38,71.4,130,548,20.2,4.3,2.7,0.0,70,1.4,—,0,—,—,—,—,Tr,0.62,24,312,357,91.5,27,21.6,0.78,Tr,—,Tr,石斑鱼,,"一般人均可食用。
","一般人均可食用。
",,,,v2_strict_rule,core
403,6,29,1,蟹肉,9,水产-蟹,水产,蟹,exact,蟹肉,100,84.4,62,260,11.6,1.2,1.1,0.0,65,1.7,—,—,Tr,0.03,0.09,4.30,Tr,2.91,231,159,214,270.0,41,1.8,2.15,33.30,1.33,0.31,蟹肉,,,,,,,v2_strict_rule,core
404,6,30,1,贻贝,9,水产-贝,水产,贝,exact,贻贝（鲜）［淡菜、壳菜］,49,79.9,80,337,11.4,1.7,4.7,0.0,123,2.3,73,—,73,0.12,0.22,1.80,Tr,14.02,63,197,157,451.4,56,6.7,2.47,57.77,0.13,0.41,,,,,,,,v2_strict_rule,core
405,10,42,1,江米,9,谷物/坚果-杂粮,谷物/坚果,杂粮,exact,糯米［江米］,100,12.6,350,1464,7.3,1.0,78.3,0.8,0,0.8,0,0,0,0.11,0.04,2.30,0,1.29,26,113,137,1.5,49,1.4,1.54,2.71,0.25,1.54,江米,,,,,,,v2_strict_rule,core
406,10,42,1,生米,9,谷物/坚果-杂粮,谷物/坚果,杂粮,alias,稻米（代表值）,100,13.3,346,1453,7.9,0.9,77.2,0.6,0,0.7,0,0,0,0.15,0.04,2.00,0,0.43,8,112,112,1.8,31,1.1,1.54,2.83,0.25,1.13,,,,,,,,v2_strict_rule,core
407,1,2,1,水芹菜,8,蔬菜-根茎,蔬菜,根茎,exact,水芹菜,60,96.2,13,54,1.4,0.2,1.8,0.9,0,0.4,63,380,0,0.01,0.19,1.00,5.0,0.32,38,32,212,40.9,16,6.9,0.38,0.81,0.10,0.79,水芹菜,,,,,,,v2_strict_rule,core
408,1,2,1,萝卜缨,8,蔬菜-根茎,蔬菜,根茎,exact,萝卜缨（白）,100,90.7,17,72,2.6,0.3,1.7,1.4,0,4.7,—,—,0,0.02,—,—,77.0,—,—,—,—,—,—,—,—,—,—,—,萝卜缨,,,,,,,v2_strict_rule,core
409,1,4,1,蒜黄,8,蔬菜-葱蒜,蔬菜,葱蒜,exact,蒜黄（黄色）,97,93.0,24,101,2.5,0.2,3.8,1.4,0,0.5,23,280,0,0.05,0.07,0.60,18.0,0.52,24,58,168,7.8,16,1.3,0.33,0.79,0.09,0.25,蒜黄,,,,,,,v2_strict_rule,core
410,1,1,1,蕨菜,8,蔬菜-叶菜,蔬菜,叶菜,exact,蕨菜（鲜）［龙头菜，如意菜］,100,88.6,42,177,1.6,0.4,9.0,1.8,0,0.4,183,1100,0,—,—,—,23.0,0.78,17,50,292,—,30,4.2,0.60,—,0.16,0.32,蕨菜,,,,,,,v2_strict_rule,core
411,1,6,1,香椿芽,8,蔬菜-其他蔬菜,蔬菜,其他蔬菜,exact,香椿（鲜）［香椿芽］,76,85.2,50,211,1.7,0.4,10.9,1.8,0,1.8,117,700,0,0.07,0.12,0.90,40.0,0.99,96,147,172,4.6,36,3.9,2.25,0.42,0.09,0.35,,,,,,,,v2_strict_rule,core
412,2,8,1,杨桃,8,水果-核果,水果,核果,exact,杨桃,88,91.4,31,131,0.6,0.2,7.4,1.2,0,0.4,2,20,0,0.02,0.03,0.70,7.0,—,4,18,128,1.4,10,0.4,0.39,0.83,0.04,0.36,杨桃,,一般人群均可食用，风热咳嗽、咽喉疼痛者，小便热涩者，泌尿系统结石患者，患有心血管疾病或肥胖的人尤其适合食用。,脾胃虚寒、纳差泄泻者少食。,,,印度尼西亚,v2_strict_rule,core
413,2,7,1,鸭梨,8,水果-仁果,水果,仁果,exact,鸭梨,82,88.3,45,187,0.2,0.2,11.1,1.1,0,0.2,1,10,0,0.03,0.03,0.20,4.0,0.31,4,14,77,1.5,5,0.9,0.10,0.28,0.19,0.06,鸭梨,,,,,,,v2_strict_rule,core
414,3,17,1,兔肉,8,畜肉-其他畜肉,畜肉,其他畜肉,exact,兔肉,100,76.2,102,432,19.7,2.2,0.9,0.0,59,1.0,26,0,26,0.11,0.10,5.80,Tr,0.42,12,165,284,45.1,15,2.0,1.30,10.93,0.12,0.04,兔肉,,一般人群均可食用。适宜老人、妇女，也是肥胖者和肝病、心血管病、糖尿病患者的理想肉食。,孕妇及经期女性、有明显阳虚症状的女子、脾胃虚寒者不宜食用。,,,,v2_strict_rule,core
415,3,15,1,牛百叶,8,畜肉-牛,畜肉,牛,exact,牛百叶（黑）,100,85.6,70,295,13.2,1.9,0.0,0.0,71,0.4,Tr,0,Tr,0.02,0.15,—,—,Tr,40,104,162,60.6,17,2.1,7.03,3.80,0.01,0.04,牛百叶,,,,,,,v2_strict_rule,core
416,3,15,1,牛蹄筋,8,畜肉-牛,畜肉,牛,exact,牛蹄筋（生）,100,62.0,151,642,34.1,0.5,2.6,0.0,—,0.8,Tr,0,Tr,0.07,0.13,0.70,Tr,—,5,150,23,153.6,10,3.2,0.81,1.70,Tr,Tr,牛蹄筋,,,,,,,v2_strict_rule,core
417,3,14,1,猪肥肉,8,畜肉-猪,畜肉,猪,exact,猪肥肉（肥，fat89g）,100,8.8,807,3319,2.4,88.6,0.0,0.0,109,0.2,29,0,29,0.08,0.05,0.90,Tr,0.24,3,18,23,19.5,2,1.0,0.69,7.78,0.05,0.03,猪肥肉,,,,,,,v2_strict_rule,core
418,4,21,1,鹌鹑,8,禽肉-其他禽肉,禽肉,其他禽肉,exact,鹌鹑,58,75.1,110,462,20.2,3.1,0.2,0.0,157,1.4,40,0,40,0.04,0.32,6.30,Tr,0.44,48,179,204,48.4,20,2.3,1.19,11.67,0.10,0.08,鹌鹑,,,,,,,v2_strict_rule,core
419,6,27,1,泥鳅,8,水产-鱼,水产,鱼,exact,泥鳅,60,76.6,96,407,17.9,2.0,1.7,0.0,136,1.8,14,0,14,0.10,0.33,6.20,Tr,0.79,299,302,282,74.8,28,2.9,2.76,35.30,0.09,0.47,泥鳅,,,,,,亚洲的中国,v2_strict_rule,core
420,6,31,1,蚬子,8,水产-其他水产,水产,其他水产,exact,河蚬［蚬子］,35,88.5,47,200,7.0,1.4,1.7,0.0,257,1.4,37,—,37,0.08,0.13,1.40,Tr,0.38,39,127,25,18.4,10,11.4,1.82,29.79,0.47,0.18,蚬子,,一般人均可食用适宜目黄、湿毒脚气、消渴、以及疔疮痈肿之人食用，适宜夏秋大热季节食用；,蚬肉性大凉，平素脾胃虚寒、肾虚滑精者忌食；也不适合寒性气管炎者食用；风寒感冒患者忌食；女子月经来潮期间和妇人产后恢复期忌食。,,,,v2_strict_rule,core
421,6,29,1,蟹黄,8,水产-蟹,水产,蟹,excluded_processed_source,蟹黄（大闸蟹，蒸）,,,,,,,,,,,,,,,,,,,,,,,,,,,,,蟹黄,,,,,,,v2_strict_rule,common
422,6,29,1,青蟹,8,水产-蟹,水产,蟹,exact,锯缘青蟹［青蟹］,43,79.8,80,336,14.6,1.6,1.7,0.0,119,2.3,202,2400,2,0.02,0.39,2.30,Tr,2.79,228,262,206,192.9,42,0.9,4.34,75.90,2.84,0.17,青蟹,,一般人群均可食用适宜跌打损伤，筋断骨碎，瘀血肿痛之人食用；适宜产妇胎盘残留，或孕妇临产阵缩无力，胎儿迟迟不下者食用，尤以蟹爪为好。,平素脾胃虚寒，大便溏薄，腹痛隐隐之人忌食；风寒感冒未愈者，或宿患风疾，包括顽固性皮肤瘙痒疾患之人忌食；月经过多、痛经、怀孕妇女忌食螃蟹，尤忌食蟹爪。,,,,v2_strict_rule,core
423,6,30,1,鲜贝,8,水产-贝,水产,贝,exact,鲜贝,100,80.3,77,328,15.7,0.5,2.5,0.0,116,1.0,Tr,—,Tr,Tr,0.21,2.50,Tr,1.46,28,166,226,120.0,31,0.7,2.08,57.35,Tr,0.33,鲜贝,,,,,,,v2_strict_rule,core
424,6,27,1,鳊鱼,8,水产-鱼,水产,鱼,exact,鳊鱼［鲂鱼、武昌鱼］,59,73.1,135,565,18.3,6.3,1.2,0.0,94,1.1,28,0,28,0.02,0.07,1.70,Tr,0.52,89,188,215,41.1,17,0.7,0.89,11.59,0.07,0.05,鳊鱼,,,,,,,v2_strict_rule,core
425,7,32,1,发菜,8,菌菇藻类-菌菇,菌菇藻类,菌菇,exact,发菜（干）［仙菜］,100,11.1,259,1081,20.2,0.5,60.8,35.0,0,7.4,—,—,0,0.15,0.54,0.90,6.0,0.07,1048,76,217,100.7,129,85.2,1.68,5.23,0.93,3.29,发菜,,,,,,,v2_strict_rule,core
426,9,37,1,烤麸,8,豆类-杂豆,豆类,杂豆,excluded_processed_source,烤麸,,,,,,,,,,,,,,,,,,,,,,,,,,,,,烤麸,,,,,,,v2_strict_rule,common
427,9,37,1,花豆,8,豆类-杂豆,豆类,杂豆,exact,花豆（干，红）,100,14.8,328,1372,19.1,1.3,62.7,5.5,0,2.1,36,430,0,0.25,—,3.00,—,6.13,38,48,358,12.5,17,0.3,1.27,19.05,0.94,1.22,花豆,,,,,,,v2_strict_rule,core
428,10,42,1,薏仁米,8,谷物/坚果-杂粮,谷物/坚果,杂粮,exact,薏米［薏仁米，苡米］,100,11.2,361,1512,12.8,3.3,71.1,2.0,0,1.6,—,—,0,0.22,0.15,2.00,0,2.08,42,217,238,3.6,88,3.6,1.68,3.07,0.29,1.37,薏仁米,,,,,,,v2_strict_rule,core
429,1,3,1,佛手瓜,7,蔬菜-瓜果,蔬菜,瓜果,exact,佛手瓜［棒瓜，菜肴梨］,100,94.3,18,77,1.2,0.1,3.8,1.2,0,0.6,2,20,0,0.01,0.10,0.10,8.0,—,17,18,76,1.0,10,0.1,0.08,1.45,0.02,0.03,佛手瓜,,1.适合所有人食用，老少皆宜。是心脏病、高血压病患者的保健蔬菜。2.心血管疾病患者和儿童可以经常吃佛手瓜。3.同时还适宜于消化不良、胸闷气胀、呕吐、肝胃气痛(含慢性胃炎、神经性胃炎)、传染性肝炎、舌苔厚腻以及气管炎咳嗽多痰者食用。,佛手瓜属于温性食物，所以凡属阴虚体热和体质虚弱的人应少食。,,,,v2_strict_rule,core
430,1,6,1,槟榔芋,7,蔬菜-其他蔬菜,蔬菜,其他蔬菜,exact,槟榔芋（鲜）,87,76.4,90,374,3.0,0.1,19.7,1.1,0,0.8,—,—,0,0.03,0.04,0.30,6.0,—,45,33,—,—,25,1.4,—,1.92,0.02,—,槟榔芋,,,,,,,v2_strict_rule,core
431,1,1,1,甘蓝菜,7,蔬菜-叶菜,蔬菜,叶菜,exact,芥蓝［甘蓝菜、盖蓝菜］,98,91.0,24,98,3.1,0.3,4.1,—,0,1.5,—,—,0,0.03,0.12,0.68,37.0,Tr,121,52,345,40.2,40,1.0,0.40,0.39,0.03,0.31,,,,,,,,v2_strict_rule,core
432,1,2,1,红皮萝卜,7,蔬菜-根茎,蔬菜,根茎,exact,卞萝卜［红皮萝卜］,96,94.2,18,74,0.8,0.1,4.2,1.1,0,0.7,Tr,Tr,0,0.01,0.02,0.22,5.6,Tr,39,27,16,111.2,24,0.3,0.23,0.27,0.02,0.04,,,,,,,,v2_strict_rule,core
433,1,5,1,豌豆苗,7,蔬菜-鲜豆,蔬菜,鲜豆,exact,豌豆苗,100,91.2,32,132,4.8,0.8,2.6,—,0,0.6,28,333,0,0.11,0.16,0.49,8.0,0.10,15,60,145,20.9,14,0.5,0.42,0.56,0.07,0.08,豌豆苗,,一般人群均可食用。,一般人群均可食用。,,,,v2_strict_rule,core
434,1,3,1,金瓜,7,蔬菜-瓜果,蔬菜,瓜果,exact,金瓜,82,95.6,15,63,0.5,0.1,3.4,0.7,0,0.4,5,60,0,0.02,0.02,0.60,2.0,0.43,17,10,152,0.9,8,0.9,0.17,0.28,0.04,Tr,金瓜,,,,,,,v2_strict_rule,core
435,1,1,1,金针菜,7,蔬菜-叶菜,蔬菜,叶菜,exact,金针菜（鲜）［黄花菜］,98,40.3,214,897,19.4,1.4,34.9,7.7,0,4.0,153,1840,0,0.05,0.21,3.10,10.0,4.92,301,216,610,59.2,85,8.1,3.99,4.22,0.37,1.21,金针菜,,,,,,,v2_strict_rule,core
436,2,9,1,番石榴,7,水果-浆果,水果,浆果,exact,番石榴［鸡矢果，番桃］,97,83.9,53,222,1.1,0.4,14.2,5.9,0,0.4,—,—,0,0.02,0.05,0.30,68.0,—,13,16,235,3.3,10,0.2,0.21,1.62,0.08,0.11,,,,,,,,v2_strict_rule,core
437,2,13,1,香瓜,7,水果-其他水果,水果,其他水果,exact,甜瓜［香瓜］,78,92.9,26,111,0.4,0.1,6.2,0.4,0,0.4,3,30,0,0.02,0.03,0.30,15.0,0.47,14,17,139,8.8,11,0.7,0.09,0.40,0.04,0.04,香瓜,,,,,,,v2_strict_rule,core
438,3,14,1,猪肺,7,畜肉-猪,畜肉,猪,exact,猪肺,97,83.1,84,353,12.2,3.9,0.1,0.0,290,0.7,10,0,10,0.04,0.18,1.80,—,0.45,6,165,210,81.4,10,5.3,1.21,10.77,0.08,0.04,猪肺,,,,,,,v2_strict_rule,core
439,5,23,1,海鸭蛋,7,蛋类-鸭蛋,蛋类,鸭蛋,exact,海鸭蛋,87,55.6,243,1014,12.7,13.8,16.9,0.0,—,1.0,—,—,116,0.13,0.40,Tr,Tr,1.66,118,6,119,105.1,1,3.1,0.25,41.51,0.02,0.06,,,,,,,,v2_strict_rule,core
440,6,27,1,鲭鱼,7,水产-鱼,水产,鱼,exact,鲭鱼,49,45.2,413,1706,14.4,39.4,0.2,0.0,60,0.8,183,0,—,0.03,0.47,6.05,Tr,—,7,160,308,56.0,24,1.4,1.00,—,—,—,鲭鱼,,,,,,,v2_strict_rule,core
441,7,32,1,鸡枞菌,7,菌菇藻类-菌菇,菌菇藻类,菌菇,exact,鸡枞［蚁枞、伞把菇、鸡枞菌］,96,94.5,19,81,2.5,0.2,2.5,1.3,0,0.4,Tr,Tr,0,0.02,0.25,5.50,—,—,4,38,102,3.1,8,1.8,0.46,0.14,0.58,0.12,鸡枞菌,,,,,,东南几省及台湾的一些地区,v2_strict_rule,core
442,8,35,1,山芋,7,薯芋-芋类,薯芋,芋类,exact,甘薯（红心）［山芋、红薯］,90,83.4,61,260,0.7,0.2,15.3,—,0,0.4,63,750,0,0.05,0.01,0.20,4.0,0.28,18,26,88,70.9,17,0.2,0.16,0.22,0.05,0.08,山芋,,,,,,,v2_strict_rule,core
443,10,40,1,小麦,7,谷物/坚果-小麦,谷物/坚果,小麦,exact,小麦,100,10.0,338,1416,11.9,1.3,75.2,10.8,0,1.6,0,0,0,0.40,0.10,4.00,0,1.82,34,325,289,6.8,4,5.1,2.33,4.05,0.43,3.10,小麦,,适宜心血不足的失眠多梦、心悸不安、多呵欠、喜悲伤欲哭，古称妇人脏燥(癔病)者食用；患有脚气病、末梢神经炎者宜食小麦；体虚自汗盗汗多汗者，宜食浮小麦；也适宜妇人回乳时食用。,一般人群均可食用。,,,,v2_strict_rule,core
444,10,42,1,稻米,7,谷物/坚果-杂粮,谷物/坚果,杂粮,exact,稻米（代表值）,100,13.3,346,1453,7.9,0.9,77.2,0.6,0,0.7,0,0,0,0.15,0.04,2.00,0,0.43,8,112,112,1.8,31,1.1,1.54,2.83,0.25,1.13,稻米,,,,,,除了南极洲之外,v2_strict_rule,core
445,10,42,1,鸡头米,7,谷物/坚果-杂粮,谷物/坚果,杂粮,exact,芡实米（鲜）［鸡头米］,47,63.4,145,605,4.4,0.2,31.5,0.4,0,0.5,—,—,0,0.40,0.08,2.5,6.0,—,9,110,—,—,—,0.4,—,—,—,—,,,,,,,,v2_strict_rule,core
446,10,42,1,黄米,7,谷物/坚果-杂粮,谷物/坚果,杂粮,exact,黄米,100,11.1,351,1469,9.7,1.5,76.9,4.4,0,0.8,—,—,0,0.09,0.13,1.30,0,4.61,—,—,—,3.3,—,—,2.07,—,0.90,0.23,黄米,,,,,,,v2_strict_rule,core
447,1,6,1,凉薯,6,蔬菜-其他蔬菜,蔬菜,其他蔬菜,exact,豆薯（鲜）［凉薯，地瓜，沙葛］,91,85.2,56,236,0.9,0.1,13.4,0.8,0,0.4,—,—,0,0.03,0.03,0.30,13.0,0.86,21,24,111,5.5,14,0.6,0.23,0.16,0.07,0.11,凉薯,,,,,,,v2_strict_rule,core
448,1,3,1,南瓜藤,6,蔬菜-瓜果,蔬菜,瓜果,exact,南瓜藤,100,93.3,17,73,1.7,0.0,3.2,—,0,1.8,35,425,0,Tr,0.04,—,13.5,0.59,14,53,303,1.8,16,1.1,0.35,—,0.08,0.15,,,,,,,,v2_strict_rule,core
449,1,1,1,奶白菜,6,蔬菜-叶菜,蔬菜,叶菜,exact,奶白菜,100,92.6,21,89,2.7,0.2,3.3,1.5,0,1.2,95,1141,0,0.02,0.10,0.59,37.4,0.16,66,55,126,170.2,41,1.0,0.28,0.43,0.05,0.24,,,,,,,,v2_strict_rule,core
450,1,6,1,榆钱,6,蔬菜-其他蔬菜,蔬菜,其他蔬菜,exact,榆钱（鲜）,100,85.2,45,187,4.8,0.4,7.6,4.3,0,2.0,122,730,0,0.04,0.12,0.90,11.0,0.54,62,104,134,0.7,47,7.9,3.27,0.36,0.24,0.78,,,,,,,,v2_strict_rule,core
451,1,2,1,毛笋,6,蔬菜-根茎,蔬菜,根茎,exact,毛笋（鲜）［毛竹笋］,67,93.1,23,97,2.2,0.2,3.8,1.3,0,0.7,—,—,0,0.04,0.05,0.30,9.0,0.15,16,34,318,5.2,8,0.9,0.47,0.38,0.07,0.35,,,,,,,,v2_strict_rule,core
452,1,1,1,油菜心,6,蔬菜-叶菜,蔬菜,叶菜,exact,油菜心,100,95.1,15,63,1.3,0.4,2.7,—,0,0.5,—,—,0,0.02,0.06,0.41,Tr,0.16,74,26,166,33.4,25,0.6,0.19,0.26,0.04,0.07,油菜心,,,,,,,v2_strict_rule,core
453,1,5,1,油豆角,6,蔬菜-鲜豆,蔬菜,鲜豆,exact,油豆角（鲜）［多花菜豆］,99,92.2,25,103,2.4,0.3,3.9,1.6,0,1.2,13,160,0,0.07,0.08,1.40,11.0,2.39,69,56,240,3.3,35,1.9,0.38,1.10,0.61,0.12,,,,,,,,v2_strict_rule,core
454,2,9,1,紫葡萄,6,水果-浆果,水果,浆果,exact,紫葡萄,88,88.4,45,187,0.7,0.3,10.3,1.0,0,0.3,5,60,0,0.03,0.01,0.30,3.0,—,10,10,151,1.8,9,0.5,0.33,0.07,0.27,0.12,紫葡萄,,,,,,,v2_strict_rule,core
455,2,8,1,西梅,6,水果-核果,水果,核果,exact,西梅,76,88.5,42,177,0.7,0.1,10.3,0.7,0,0.4,1,8,0,0.01,0.01,0.18,1.4,0.18,11,16,155,3.2,10,0.1,0.04,0.11,0.02,0.04,,,,,,,,v2_strict_rule,core
456,3,15,1,牦牛肉,6,畜肉-牛,畜肉,牛,exact,牦牛肉,100,70.9,119,502,23.1,1.4,3.4,0.0,63,1.2,1,0,1,0.05,0.22,4.44,Tr,0.68,28,208,37,25.8,26,3.6,3.45,0.98,0.13,0.08,,,,,,,,v2_strict_rule,core
457,6,28,1,九节虾,6,水产-虾,水产,虾,exact,九节虾（鲜）,61,76.0,90,381,21.4,0.1,0.8,0.0,50,1.7,—,—,—,—,—,—,Tr,0.84,12,249,396,243.5,47,2.7,1.54,1.18,—,0.01,,,,,,,,v2_strict_rule,core
458,6,27,1,刀鱼,6,水产-鱼,水产,鱼,exact,带鱼［白带鱼、刀鱼］,76,73.3,127,535,17.7,4.9,3.1,0.0,76,1.0,29,0,29,0.02,0.06,2.80,Tr,0.82,28,191,280,150.1,43,1.2,0.70,36.57,0.08,0.17,刀鱼,,,,,,,v2_strict_rule,core
459,6,29,1,海蟹,6,水产-蟹,水产,蟹,exact,海蟹,55,77.1,95,400,13.8,2.3,4.7,0.0,125,2.1,30,—,30,0.01,0.10,2.50,Tr,2.99,208,142,232,260.0,47,1.6,3.32,82.65,1.67,0.18,海蟹,,一般人群均可食用适宜跌打损伤，筋断骨碎，瘀血肿痛之人食用；适宜产妇胎盘残留，或孕妇临产阵缩无力，胎儿迟迟不下者食用，尤以蟹爪为好；,平素脾胃虚寒，大便溏薄，腹痛隐隐之人忌食；风寒感冒未愈者，或宿患风疾，包括顽固性皮肤瘙痒疾患之人忌食；月经过多、痛经、怀孕妇女忌食螃蟹，尤忌食蟹爪。,,,,v2_strict_rule,core
460,6,30,1,螺蛳,6,水产-贝,水产,贝,exact,螺蛳,37,83.3,59,252,7.5,0.6,6.0,0.0,86,2.6,Tr,—,Tr,Tr,0.28,2.00,Tr,0.43,156,98,75,252.6,178,1.4,10.27,16.95,1.52,1.05,螺蛳,,,,,,,v2_strict_rule,core
461,7,32,1,苔菜,6,菌菇藻类-菌菇,菌菇藻类,菌菇,exact,苔菜（干）［苔条，条浒苔］,100,23.7,167,703,19.0,0.4,26.3,9.1,0,30.6,—,—,0,0.35,0.40,4.00,—,—,185,302,410,4955.0,1257,283.7,3.56,5.59,1.11,Tr,苔菜,,,,,,,v2_strict_rule,core
462,10,40,1,大麦,6,谷物/坚果-小麦,谷物/坚果,小麦,exact,大麦［元麦］,100,13.1,327,1367,10.2,1.4,73.3,9.9,0,2.0,0,0,0,0.43,0.14,3.90,0,1.23,66,381,49,Tr,158,6.4,4.36,9.80,0.63,1.23,大麦,,一般人群均可食用，适宜胃气虚弱、消化不良者食用；凡肝病、食欲不振、伤食后胃满腹胀者、妇女回乳时乳房胀痛者宜食大麦芽。,一般人群均可食用。,,,全世界大部分地区均有种植,v2_strict_rule,core
463,10,39,1,籼米,6,谷物/坚果-稻米,谷物/坚果,稻米,exact,籼米（标准）［机米］,100,12.6,349,1459,7.9,0.6,78.3,0.8,0,0.6,0,0,0,0.09,0.04,1.40,0,0.54,12,112,109,1.7,28,1.6,1.47,1.99,0.29,1.27,籼米,,,,,,,v2_strict_rule,core
464,10,42,1,高粱米,6,谷物/坚果-杂粮,谷物/坚果,杂粮,exact,高粱米,100,10.3,360,1505,10.4,3.1,74.7,4.3,0,1.5,0,0,0,0.29,0.10,1.60,0,1.88,22,329,281,6.3,129,6.3,1.64,2.83,0.53,1.22,高粱米,,一般人都可食用，适宜小儿消化不良时服食；适宜于脾胃气虚、大便溏薄之人食用；黏性较强的高粱，适宜于肺结核病人食用。,糖尿病患者应禁食高粱；大便燥结以及便秘者应少食或不食高粱。,,,,v2_strict_rule,core
465,1,3,1,凉瓜,5,蔬菜-瓜果,蔬菜,瓜果,exact,苦瓜（鲜）［凉瓜，癞瓜］,81,93.4,22,91,1.0,0.1,4.9,1.4,0,0.6,8,100,0,0.03,0.03,0.40,56.0,0.85,14,35,256,2.5,18,0.7,0.36,0.36,0.06,0.16,凉瓜,,,,,,,v2_strict_rule,core
466,1,1,1,白花菜,5,蔬菜-叶菜,蔬菜,叶菜,exact,白花菜,100,93.7,—,—,—,—,0.0,0.0,0,—,0,0,0,—,—,—,12.0,0.00,26,6,152,215.7,33,0.6,0.18,—,0.05,6.00,,,,,,,,v2_strict_rule,core
467,1,6,1,红薯叶,5,蔬菜-其他蔬菜,蔬菜,其他蔬菜,exact,红薯叶,100,90.8,27,112,3.1,Tr,5.1,2.80,0,1.0,113,1351,0,0.20,0.36,—,Tr,1.37,180,38,115,44.0,58,1.2,0.21,—,0.11,0.93,红薯叶,,,,,,,v2_strict_rule,core
468,1,2,1,芹菜茎,5,蔬菜-根茎,蔬菜,根茎,exact,芹菜茎,67,93.1,22,93,1.2,0.2,4.5,1.2,0,1.0,28,340,0,0.02,0.06,0.40,8.0,1.32,80,38,206,159.0,18,1.2,0.24,0.57,0.09,0.16,,,,,,,,v2_strict_rule,core
469,1,6,1,荆芥,5,蔬菜-其他蔬菜,蔬菜,其他蔬菜,exact,荆芥,52,91.9,26,111,2.6,—,4.3,—,0,1.2,14,164,0,0.10,0.29,—,7.7,6.49,210,36,282,16.0,67,9.8,0.35,—,0.15,0.85,荆芥,,一般人群都可食用。,表虚自汗、阴虚火旺者禁服。,,无毒,自中南欧经阿富汗,v2_strict_rule,core
470,1,5,1,菜豆,5,蔬菜-鲜豆,蔬菜,鲜豆,exact,四季豆［菜豆、芸豆］,96,91.2,24,101,2.0,0.2,6.0,—,0,0.6,8,96,0,0.02,0.05,0.26,Tr,Tr,43,47,196,4.4,27,0.6,0.33,0.04,0.05,0.26,菜豆,,,,,,,v2_strict_rule,core
471,1,3,1,蒲瓜,5,蔬菜-瓜果,蔬菜,瓜果,exact,葫芦［长瓜，蒲瓜，瓠瓜］,87,95.3,16,67,0.7,0.1,3.5,0.8,0,0.4,3,40,0,0.02,0.01,0.40,11.0,—,16,15,87,0.6,7,0.4,0.14,0.49,0.04,0.08,蒲瓜,,,,,,,v2_strict_rule,core
472,1,1,1,金花菜,5,蔬菜-叶菜,蔬菜,叶菜,exact,苜蓿［草头，金花菜］,95,90.2,35,148,5.0,0.7,2.9,1.4,0,1.2,915,5490,0,0.02,0.17,1.00,102.0,2.82,112,22,32,26.2,11,2.8,0.25,0.11,0.04,0.13,,,,,,,,v2_strict_rule,core
473,1,6,1,雪里红,5,蔬菜-其他蔬菜,蔬菜,其他蔬菜,exact,芥菜（鲜）［雪里红，雪菜］,94,91.5,27,114,2.0,0.4,4.7,1.6,0,1.4,26,310,0,0.03,0.11,0.50,31.0,0.74,230,47,281,30.5,24,3.2,0.70,0.70,0.08,0.42,,,,,,,,v2_strict_rule,core
474,1,6,1,黄秋葵,5,蔬菜-其他蔬菜,蔬菜,其他蔬菜,exact,秋葵［黄秋葵、羊角豆］,98,91.2,25,104,1.8,0.2,6.2,1.8,0,0.6,20,238,0,0.06,0.05,0.42,7.2,Tr,101,41,19,8.7,38,0.2,0.24,0.54,0.03,0.13,黄秋葵,,,,,,,v2_strict_rule,core
475,2,7,1,库尔勒香梨,5,水果-仁果,水果,仁果,exact,库尔勒香梨,91,85.9,42,174,0.1,0.1,13.4,6.7,0,0.5,—,—,0,—,—,—,—,—,22,19,79,3.7,8,1.2,2.61,2.34,2.54,0.06,,,,,,,,v2_strict_rule,core
476,2,13,1,芭蕉,5,水果-其他水果,水果,其他水果,exact,芭蕉［甘蕉，板蕉，牙蕉］,68,68.9,115,482,1.2,0.1,28.9,3.1,0,0.9,—,—,0,0.02,0.02,0.60,—,—,6,18,330,1.3,29,0.3,0.16,0.81,0.10,0.78,,,,,,,,v2_strict_rule,core
477,2,12,1,酸木瓜,5,水果-热带水果,水果,热带水果,exact,酸木瓜,79,87.8,41,174,0.3,0.2,11.1,3.0,0,0.6,Tr,Tr,0,0.02,0.01,0.20,106.0,—,20,11,260,1.9,11,0.8,0.55,0.20,0.06,0.08,,,,,,,,v2_strict_rule,core
478,2,7,1,鳄梨,5,水果-仁果,水果,仁果,exact,鳄梨,100,74.3,171,716,2.0,15.3,7.4,2.1,0,1.0,31,366,0,0.11,0.12,1.90,8.0,—,11,41,599,10.0,39,1.0,0.42,—,0.26,0.23,,,,,,,,v2_strict_rule,core
479,3,15,1,牛肝,5,畜肉-牛,畜肉,牛,exact,牛肝,100,68.7,139,586,19.8,3.9,6.2,0.0,297,1.4,20220,0,20220,0.16,1.30,11.90,—,0.13,4,252,185,45.0,22,6.6,5.01,11.99,1.34,0.37,牛肝,,,,,,,v2_strict_rule,core
480,3,14,1,猪耳,5,畜肉-猪,畜肉,猪,exact,猪耳,100,69.4,176,735,19.1,11.1,0.0,0.0,92,0.4,Tr,0,Tr,0.05,0.12,3.50,Tr,0.85,6,28,58,68.2,3,1.3,0.35,4.02,Tr,0.01,猪耳,,,,,,,v2_strict_rule,core
481,3,14,1,猪舌,5,畜肉-猪,畜肉,猪,exact,猪舌［口条］,100,70.2,184,767,18.1,12.4,0.0,0.0,230,0.9,Tr,0,Tr,0.27,0.41,4.25,Tr,Tr,13,213,216,79.4,14,0.1,2.89,13.94,0.01,Tr,猪舌,,一般人都可食用。,一般人都可食用。,,,,v2_strict_rule,core
482,3,16,1,羊肚,5,畜肉-羊,畜肉,羊,exact,羊肚,100,81.7,87,364,12.2,3.4,1.8,0.0,124,0.9,23,0,23,0.03,0.17,1.80,—,0.33,38,133,101,66.0,16,1.4,2.61,9.68,0.10,0.60,羊肚,,,,,,,v2_strict_rule,core
483,3,16,1,羊肝,5,畜肉-羊,畜肉,羊,exact,羊肝,100,69.7,134,563,17.9,3.6,7.4,0.0,349,1.4,20972,0,20972,0.21,1.75,22.10,—,29.93,8,299,241,123.0,14,7.5,3.45,17.68,4.51,0.26,羊肝,,,,,,,v2_strict_rule,core
484,3,16,1,羊血,5,畜肉-羊,畜肉,羊,exact,羊血,100,85.0,57,240,6.8,0.2,6.9,0.0,92,1.1,—,0,—,0.04,0.09,0.20,—,—,22,7,6,443.4,2,18.3,0.67,15.68,0.02,0.01,,,,,,,,v2_strict_rule,core
485,3,17,1,驴肉,5,畜肉-其他畜肉,畜肉,其他畜肉,exact,驴肉（瘦）,100,73.8,116,491,21.5,3.2,0.4,0.0,74,1.1,72,0,72,0.03,0.16,2.50,Tr,2.76,2,178,325,46.9,7,4.3,4.26,6.10,0.23,Tr,驴肉,,,,,,,v2_strict_rule,core
486,4,18,1,火鸡腿,5,禽肉-鸡,禽肉,鸡,excluded_processed_source,火鸡腿（熟）,,,,,,,,,,,,,,,,,,,,,,,,,,,,,火鸡腿,,一般人群均可食用。预防高血压、高血脂的人，心脑血管病患者、老人尤为适合。,患有感冒发热、内火偏旺、痰湿偏重、热毒疖肿之人、痔疮和疥疮者忌食。,,,,v2_strict_rule,common
487,4,19,1,鸭肫,5,禽肉-鸭,禽肉,鸭,exact,鸭肫,93,77.8,92,388,17.9,1.3,2.1,0.0,153,0.9,6,0,6,0.04,0.15,4.40,—,0.21,12,134,284,69.2,18,4.3,2.77,15.95,0.18,0.08,鸭肫,,一般人群均可食用。贫血病患者尤其适合食用，上腹饱胀、消化不良者，可多吃鸭肫。,一般人群均可食用。,,,,v2_strict_rule,core
488,5,24,1,鹅蛋,5,蛋类-鹅蛋,蛋类,鹅蛋,exact,鹅蛋,87,69.3,196,814,11.1,15.6,2.8,0.0,704,1.2,192,—,192,0.08,0.30,0.40,Tr,4.50,34,130,74,90.6,12,4.1,1.43,27.24,0.09,0.04,鹅蛋,,,,,,,v2_strict_rule,core
489,6,27,1,乌鱼,5,水产-鱼,水产,鱼,exact,乌鳢［黑鱼、乌鱼、生鱼］,57,78.7,85,359,18.5,1.2,0.0,0.0,91,1.6,26,0,26,0.02,0.14,2.50,Tr,0.97,152,232,313,48.8,33,0.7,0.80,24.57,0.05,0.06,乌鱼,,,,,,,v2_strict_rule,core
490,6,27,1,多宝鱼,5,水产-鱼,水产,鱼,exact,大菱鲆鱼（鲜）［多宝鱼］,68,80.1,81,342,17.0,1.1,0.7,0.0,8,1.1,—,0,—,—,—,—,Tr,0.45,12,177,244,83.6,23,0.1,0.33,0.00,—,0.03,多宝鱼,,,,,,,v2_strict_rule,core
491,6,31,1,海蜇头,5,水产-其他水产,水产,其他水产,exact,海蜇头,100,69.0,74,314,6.0,0.3,11.8,0.0,10,12.9,14,—,14,0.07,0.04,0.30,Tr,2.82,120,22,331,467.7,114,5.1,0.42,16.60,0.21,1.76,海蜇头,,,,,,,v2_strict_rule,core
492,6,31,1,胖子,5,水产-其他水产,水产,其他水产,exact,鲢鱼［白鲢、胖子、连子鱼］,61,77.4,104,436,17.8,3.6,0.0,0.0,99,1.2,20,0,20,0.03,0.07,2.50,Tr,1.23,53,190,277,57.5,23,1.4,1.17,15.68,0.06,0.09,,,,,,,,v2_strict_rule,core
493,6,27,1,花鲢鱼,5,水产-鱼,水产,鱼,exact,鳙鱼［胖头鱼、摆佳鱼、花鲢鱼］,61,76.5,100,421,15.3,2.2,4.7,0.0,112,1.3,34,0,34,0.04,0.11,2.80,Tr,2.65,82,180,229,60.6,26,0.8,0.76,19.47,0.07,0.08,,,,,,,,v2_strict_rule,core
494,6,28,1,草虾,5,水产-虾,水产,虾,exact,塘水虾［草虾］,57,74.0,96,405,21.2,1.2,0.0,0.0,264,3.6,44,—,44,0.05,0.03,—,Tr,4.82,403,233,250,109.0,26,3.4,2.54,—,2.04,0.21,草虾,,老少皆宜；中老年人、孕妇和心血管病患者更适合食用，适宜肾虚阳痿、男性不育症、腰脚瘙弱无力之人食用；适宜中老年人缺钙所致的小腿抽筋者食用。,"宿疾者、正值上火之时不宜食虾；患过敏性鼻炎、支气管炎、反复发作性过敏性皮炎的老年人不宜吃虾；
虾为动风发物，患有皮肤疥癣者忌食。",,,,v2_strict_rule,core
495,6,27,1,金枪鱼肉,5,水产-鱼,水产,鱼,exact,金枪鱼肉,100,73.3,102,433,23.7,0.3,1.1,0.0,39,1.6,1,0,1,0.06,0.13,7.42,Tr,0.07,6,285,517,55.5,43,3.6,0.70,69.00,0.14,0.03,,,,,,,,v2_strict_rule,core
496,7,32,1,鸡枞,5,菌菇藻类-菌菇,菌菇藻类,菌菇,exact,鸡枞［蚁枞、伞把菇、鸡枞菌］,96,94.5,19,81,2.5,0.2,2.5,1.3,0,0.4,Tr,Tr,0,0.02,0.25,5.50,—,—,4,38,102,3.1,8,1.8,0.46,0.14,0.58,0.12,鸡枞,,一般人群均可食用，是老、少、妇、弱的理想滋补食品。,一般人群均可食用。,,,,v2_strict_rule,core
497,8,34,1,木薯,5,薯芋-薯类,薯芋,薯类,exact,木薯,99,69.0,119,498,2.1,0.3,27.8,1.6,0,0.8,—,—,0,0.21,0.09,1.20,35.0,—,88,50,764,8.0,66,2.5,—,—,—,—,,,,,,,,v2_strict_rule,core
498,10,42,1,葵花子仁,5,谷物/坚果-杂粮,谷物/坚果,杂粮,exact,葵花子仁,100,7.8,615,2572,19.1,53.4,16.7,4.5,0,3.0,—,—,0,1.89,0.16,4.5,Tr,79.09,115,604,547,5.0,287,2.9,0.50,5.78,0.56,1.07,葵花子仁,,一般人群均可食用适宜癌症患者食用；适宜高脂血症，动脉硬化和高血压之人食用；适宜神经衰弱的失眠者食用；适宜蛲虫病人食用。,一般人群均可食用,,,,v2_strict_rule,core
499,1,2,1,洋姜,4,蔬菜-根茎,蔬菜,根茎,exact,洋姜（鲜）［菊芋，鬼子姜］,100,80.8,64,269,2.4,Tr,15.8,4.3,0,1.0,—,—,0,0.01,0.10,1.40,5.0,0.88,23,27,458,11.5,24,7.2,0.34,1.31,0.19,0.21,,,,,,,,v2_strict_rule,core
500,1,1,1,牛皮菜,4,蔬菜-叶菜,蔬菜,叶菜,exact,观达菜［根达菜、牛皮菜］,100,91.8,23,95,1.9,0.3,4.5,2.8,0,1.5,39,470,0,0.01,0.24,—,6.4,0.50,76,17,290,220.0,64,1.3,0.18,1.40,0.02,0.48,牛皮菜,,一般人群均可食用。,一般人群均可食用。,,,,v2_strict_rule,core
501,1,3,1,笋瓜,4,蔬菜-瓜果,蔬菜,瓜果,exact,笋瓜［生瓜］,91,96.1,13,54,0.5,—,3.1,0.7,0,0.3,8,100,0,0.04,0.02,—,5.0,0.29,14,27,96,—,7,0.6,0.09,—,0.03,0.05,,,,,,,,v2_strict_rule,core
502,1,6,1,粉葛,4,蔬菜-其他蔬菜,蔬菜,其他蔬菜,exact,葛（鲜）［葛薯，粉葛］,90,60.1,150,628,2.2,0.2,36.1,2.4,0,1.4,—,—,0,0.09,0.05,—,24.0,—,—,48,Tr,—,—,1.3,—,1.22,—,0.20,粉葛,,,,,,,v2_strict_rule,core
503,1,2,1,脆萝卜,4,蔬菜-根茎,蔬菜,根茎,exact,水萝卜［脆萝卜］,93,92.9,22,94,0.8,Tr,5.5,1.4,0,0.8,21,250,0,0.03,0.05,—,45.0,—,—,—,—,9.7,—,—,0.49,—,0.01,0.05,,,,,,,,v2_strict_rule,core
504,1,6,1,草头,4,蔬菜-其他蔬菜,蔬菜,其他蔬菜,exact,苜蓿［草头，金花菜］,95,90.2,35,148,5.0,0.7,2.9,1.4,0,1.2,915,5490,0,0.02,0.17,1.00,102.0,2.82,112,22,32,26.2,11,2.8,0.25,0.11,0.04,0.13,,,,,,,,v2_strict_rule,core
505,1,3,1,菜瓜,4,蔬菜-瓜果,蔬菜,瓜果,exact,菜瓜［生瓜，白瓜］,88,95.0,19,79,0.6,0.2,3.9,0.4,0,0.3,2,20,0,0.02,0.01,0.20,12.0,0.03,20,14,136,1.6,15,0.5,0.10,0.63,0.03,0.03,菜瓜,,一般人都可食用。适宜夏天气候炎热、心烦气燥、闷热不舒、热病口干作渴、小便不利之人食用。,1.菜瓜性寒，平素脾胃气虚、腹泻便溏、胃寒疼痛之人忌食生冷菜瓜；2.女子月经来潮期间和有寒性痛经者忌食生菜瓜。,,,,v2_strict_rule,core
506,1,4,1,菜葱,4,蔬菜-葱蒜,蔬菜,葱蒜,exact,分葱［四季葱，菜葱］,100,91.7,34,143,2.2,0.7,5.1,0.7,0,—,—,—,0,—,0.18,0.60,24.0,—,85,32,226,7.7,21,0.9,—,—,—,—,,,,,,,,v2_strict_rule,core
507,1,1,1,西洋菜,4,蔬菜-叶菜,蔬菜,叶菜,exact,豆瓣菜（鲜）［西洋菜，水田芥］,73,94.5,20,82,2.9,0.5,1.5,1.2,0,0.6,796,9550,0,0.01,0.11,0.30,52.0,0.59,30,26,179,61.2,9,1.0,0.69,0.70,0.06,0.25,西洋菜,,,,,,,v2_strict_rule,core
508,1,4,1,野葱,4,蔬菜-葱蒜,蔬菜,葱蒜,exact,野葱（鲜）［沙葱，麦葱］,100,89.0,36,152,2.7,0.2,6.7,1.5,0,1.4,500,3000,0,0.31,—,0.70,64.0,—,279,43,—,—,—,4.1,—,—,—,—,野葱,,一般人群均可食用。脑力劳动者更宜。,1.患有胃肠道疾病特别是溃疡病的人不宜多食；2.另外葱对汗腺刺激作用较强，有腋臭的人在夏季应慎食；表虚、多汗者也应忌食；3.过多食用葱还会损伤视力。,,,,v2_strict_rule,core
509,1,4,1,野韭菜,4,蔬菜-葱蒜,蔬菜,葱蒜,exact,野韭菜（鲜）［山韭］,100,86.0,44,182,3.7,0.9,7.2,4.1,0,2.2,235,1410,0,0.03,0.11,0.70,21.0,—,129,47,—,—,—,5.4,—,—,—,—,野韭菜,,,,,,,v2_strict_rule,core
510,1,3,1,金丝瓜,4,蔬菜-瓜果,蔬菜,瓜果,exact,金丝瓜［裸瓣瓜］,80,91.7,38,161,3.3,2.0,2.2,0.8,0,0.8,1,10,0,0.02,0.03,0.70,1.0,0.01,25,28,90,2.0,13,0.3,1.77,0.76,0.13,0.11,,,,,,,,v2_strict_rule,core
511,1,2,1,鬼子姜,4,蔬菜-根茎,蔬菜,根茎,exact,洋姜（鲜）［菊芋，鬼子姜］,100,80.8,64,269,2.4,Tr,15.8,4.3,0,1.0,—,—,0,0.01,0.10,1.40,5.0,0.88,23,27,458,11.5,24,7.2,0.34,1.31,0.19,0.21,,,,,,,,v2_strict_rule,core
512,1,1,1,龙须菜,4,蔬菜-叶菜,蔬菜,叶菜,exact,芦笋（绿）［石刁柏、龙须菜］,90,93.3,19,79,2.6,0.1,3.3,—,0,0.7,2,20,0,0.07,0.08,1.12,7.0,0.19,9,51,304,12.4,18,1.4,0.55,0.62,0.10,0.12,龙须菜,,,,,,,v2_strict_rule,core
513,2,8,1,冬枣,4,水果-核果,水果,核果,exact,冬枣,93,69.5,113,476,1.8,0.2,27.8,2.2,0,0.7,Tr,Tr,0,0.08,0.09,0.51,243.0,0.19,16,29,195,33.0,17,0.2,0.19,0.14,0.08,0.13,冬枣,,,,,,,v2_strict_rule,core
514,2,13,1,山竹,4,水果-其他水果,水果,其他水果,exact,山竹,25,81.2,72,307,0.4,0.2,18.0,0.4,0,0.2,Tr,Tr,0,0.08,0.02,0.30,1.2,0.36,11,9,48,3.8,19,0.3,0.06,0.54,0.03,0.10,,,,,,,,v2_strict_rule,core
515,2,11,1,甜瓜,4,水果-瓜果,水果,瓜果,exact,甜瓜［香瓜］,78,92.9,26,111,0.4,0.1,6.2,0.4,0,0.4,3,30,0,0.02,0.03,0.30,15.0,0.47,14,17,139,8.8,11,0.7,0.09,0.40,0.04,0.04,甜瓜,,一般人群均可食用，夏季烦热口渴者、口鼻生疮者、中暑者尤其适合食用。,出血及体虚者，脾胃虚寒、腹胀便溏者忌食。,,,,v2_strict_rule,core
516,2,7,1,苹果梨,4,水果-仁果,水果,仁果,exact,苹果梨,94,85.4,53,220,0.2,0.1,13.9,2.3,0,0.4,3,30,0,—,0.01,0.50,4.0,—,4,19,180,2.4,9,0.4,0.04,3.26,0.12,0.04,,,,,,,,v2_strict_rule,core
517,2,7,1,香梨,4,水果-仁果,水果,仁果,exact,香梨,89,85.8,51,214,0.3,0.1,13.6,2.7,0,0.2,6,70,0,—,—,0.10,Tr,—,6,31,90,0.8,7,0.4,0.19,0.22,0.09,0.06,香梨,,,,,,,v2_strict_rule,core
518,3,17,1,上脑,4,畜肉-其他畜肉,畜肉,其他畜肉,exact,牛肉（背部肉）［上脑］,100,66.4,193,806,17.4,12.4,3.0,0.0,56,0.8,Tr,0,Tr,0.04,0.08,2.28,Tr,0.17,—,—,—,—,—,0.7,4.65,1.84,0.01,Tr,,,,,,,,v2_strict_rule,core
519,3,17,1,脊肉,4,畜肉-其他畜肉,畜肉,其他畜肉,alias,猪肉（里脊）,100,74.7,150,626,19.6,7.9,0.0,0.0,55,1.2,Tr,0,Tr,0.32,0.20,6.37,Tr,0.33,6,184,317,43.2,28,1.5,2.01,8.32,0.01,Tr,,,,,,,,v2_strict_rule,core
520,6,27,1,明太鱼,4,水产-鱼,水产,鱼,exact,鳕鱼［鳕狭、明太鱼］,45,77.4,88,374,20.4,0.5,0.5,0.0,114,1.2,14,0,14,0.04,0.13,2.70,Tr,—,42,232,321,130.3,84,0.5,0.86,24.80,0.01,0.01,,,,,,,,v2_strict_rule,core
521,6,31,1,血蚶,4,水产-其他水产,水产,其他水产,exact,泥蚶［血蚶、珠蚶］,30,81.8,71,302,10.0,0.8,6.0,0.0,124,1.4,6,—,6,0.01,0.07,1.10,Tr,13.23,59,103,207,354.9,84,11.4,11.59,41.42,0.11,1.25,,,,,,,,v2_strict_rule,core
522,6,27,1,钳鱼,4,水产-鱼,水产,鱼,exact,钳鱼,72,58.3,212,889,29.2,10.3,0.7,0.0,58,1.5,—,0,—,—,—,—,Tr,—,65,156,370,70.3,20,0.4,1.17,0.05,—,0.12,,,,,,,,v2_strict_rule,core
523,6,27,1,鮸鱼,4,水产-鱼,水产,鱼,exact,鮸鱼［鳘鱼］,76,77.6,89,377,20.2,0.9,0.0,0.0,62,1.3,33,0,33,0.01,0.05,3.00,Tr,—,21,228,357,54.8,18,1.1,0.81,51.09,0.05,0.07,,,,,,,,v2_strict_rule,core
524,6,27,1,鲅鱼肉,4,水产-鱼,水产,鱼,exact,鲅鱼肉［马鲛鱼肉］,100,73.4,102,431,23.7,0.3,1.0,0.0,42,1.6,Tr,0,Tr,0.02,0.04,12.37,Tr,0.28,4,308,566,84.0,63,1.1,0.63,36.00,0.03,0.02,,,,,,,,v2_strict_rule,core
525,6,27,1,鳜鱼,4,水产-鱼,水产,鱼,exact,鳜鱼［桂鱼、花鲫鱼］,61,74.5,117,494,19.9,4.2,0.0,0.0,124,1.5,12,0,12,0.02,0.07,5.90,Tr,0.87,63,217,295,68.6,32,1.0,1.07,26.50,0.10,0.03,鳜鱼,,一般人都可以食用，老幼、妇女、脾胃虚弱者尤为适合。适宜体质衰弱，虚劳赢瘦，脾胃气虚，饮食不香，营养不良之人食用。,患有哮喘、咯血的病人不宜食用；寒湿盛者不宜食用。,,,,v2_strict_rule,core
526,6,27,1,鳝鱼,4,水产-鱼,水产,鱼,exact,黄鳝［鳝鱼］,67,78.0,89,378,18.0,1.4,1.2,0.0,126,1.4,50,0,50,0.06,0.98,3.70,Tr,1.34,42,206,263,70.2,18,2.5,1.97,34.56,0.05,2.22,鳝鱼,,,,,,,v2_strict_rule,core
527,7,32,1,松蘑,4,菌菇藻类-菌菇,菌菇藻类,菌菇,exact,松蘑（干）［松口蘑，松茸］,100,16.1,207,853,20.3,3.2,48.2,47.8,0,12.2,—,—,0,0.01,1.48,—,—,3.09,14,50,93,4.3,—,86.0,6.22,98.44,10.30,1.63,松蘑,,,,,,,v2_strict_rule,core
528,7,32,1,海木耳,4,菌菇藻类-菌菇,菌菇藻类,菌菇,exact,裙带菜（干）［海芥菜，海木耳］,100,9.2,219,914,25.0,1.7,41.5,31.1,0,22.6,186,2230,0,0.02,0.07,Tr,—,Tr,947,305,335,4411.6,1022,16.4,2.62,15.88,0.12,0.95,,,,,,,,v2_strict_rule,core
529,7,33,1,螺旋藻,4,菌菇藻类-藻类,菌菇藻类,藻类,exact,螺旋藻（干）,100,6.5,358,1515,64.7,3.1,18.2,1.0,0,7.5,3234,38810,0,0.28,1.41,10.00,Tr,27.11,137,1317,1506,1624.0,402,88.0,2.62,5.24,0.54,1.24,,,,,,,,v2_strict_rule,core
530,9,36,1,大豆,4,豆类-大豆,豆类,大豆,exact,黄豆［大豆］,100,10.2,390,1631,35.0,16.0,34.2,15.5,0,4.6,18,220,0,0.41,0.20,2.10,—,18.90,191,465,1503,2.2,199,8.2,3.34,6.16,1.35,2.26,大豆,,"一般人群均可食用。大豆是更年期妇女、糖尿病和心血管病患者的理想食品；脑力工作者和减肥的朋友也很适合。
","大豆在消化吸收过程中会产生过多的气体造成胀肚，故消化功能不良、有慢性消化道疾病的人应尽量少食；
患有严重肝病、肾病、痛风、消化性溃疡、低碘者应禁食；患疮痘期间不宜吃黄豆及其制品。
",,,巴西等区域,v2_strict_rule,core
531,10,42,1,栗子仁,4,谷物/坚果-杂粮,谷物/坚果,杂粮,excluded_processed_source,栗子仁（熟）,,,,,,,,,,,,,,,,,,,,,,,,,,,,,,,,,,,,v2_strict_rule,common
532,10,42,1,青稞,4,谷物/坚果-杂粮,谷物/坚果,杂粮,exact,青稞,100,12.4,342,1432,8.1,1.5,75.0,1.8,0,3.0,0,0,0,0.34,0.11,6.70,0,0.96,113,405,644,77.0,65,40.7,2.38,4.60,5.13,2.08,,,,,,,,v2_strict_rule,core
533,10,42,1,麸皮,4,谷物/坚果-杂粮,谷物/坚果,杂粮,exact,麸皮,100,14.5,282,1181,15.8,4.0,61.4,31.3,0,4.3,10,120,0,0.30,0.30,12.50,0,4.47,206,682,862,12.2,382,9.9,5.98,7.12,2.03,10.85,,,,,,,,v2_strict_rule,core
534,1,3,1,倭瓜,3,蔬菜-瓜果,蔬菜,瓜果,exact,南瓜（鲜）［倭瓜，番瓜］,85,93.5,23,97,0.7,0.1,5.3,0.8,0,0.4,74,890,0,0.03,0.04,0.40,8.0,0.36,16,24,145,0.8,8,0.4,0.14,0.46,0.03,0.08,倭瓜,,,,,,,v2_strict_rule,core
535,1,2,1,卞萝卜,3,蔬菜-根茎,蔬菜,根茎,exact,红萝卜［卞萝卜］,97,93.8,22,91,1.0,0.1,4.6,0.8,0,0.5,Tr,Tr,0,0.05,0.02,0.10,3.0,1.20,11,26,110,62.7,16,2.8,0.69,Tr,Tr,0.06,,,,,,,,v2_strict_rule,core
536,1,6,1,大薯,3,蔬菜-其他蔬菜,蔬菜,其他蔬菜,exact,大薯（鲜）［参薯］,74,72.1,108,450,2.1,0.2,24.9,1.1,0,0.7,—,—,0,0.05,—,0.50,—,0.25,10,45,Tr,—,16,0.8,0.38,0.74,0.17,—,,,,,,,,v2_strict_rule,core
537,1,6,1,抱子甘蓝,3,蔬菜-其他蔬菜,蔬菜,其他蔬菜,exact,抱子甘蓝［小圆白菜］,87,86.7,36,150,3.5,0.2,8.8,—,0,1.0,3,31,0,0.06,0.05,0.54,38.0,Tr,59,60,350,35.5,24,0.6,0.35,0.65,0.05,0.19,抱子甘蓝,,,,,,,v2_strict_rule,core
538,1,1,1,木耳菜,3,蔬菜-叶菜,蔬菜,叶菜,exact,落葵［木耳菜，软浆菜］,76,92.8,23,97,1.6,0.3,4.3,1.5,0,1.0,168,2020,0,0.06,0.06,0.60,34.0,1.66,166,42,140,47.2,62,3.2,0.32,2.60,0.07,0.43,木耳菜,,所有人群均可食用。高血压、肝病、便秘患者可以多食，极适宜老年人食用。,孕妇及脾胃虚寒者慎食。,,,,v2_strict_rule,core
539,1,6,1,枸杞叶,3,蔬菜-其他蔬菜,蔬菜,其他蔬菜,exact,枸杞叶,100,90.3,34,142,3.0,1.3,5.3,—,0,1.2,—,—,0,0.02,0.15,—,24.0,—,146,31,412,23.5,—,2.2,0.44,—,0.13,0.56,枸杞叶,,,,,,,v2_strict_rule,core
540,1,6,1,洋槐花,3,蔬菜-其他蔬菜,蔬菜,其他蔬菜,exact,槐花（鲜）［洋槐花，豆槐花］,100,78.0,82,344,3.1,0.7,17.0,2.2,0,1.2,67,400,0,0.04,0.18,6.60,30.0,—,83,69,—,—,—,3.6,—,—,—,—,,,,,,,,v2_strict_rule,core
541,1,3,1,瓠瓜,3,蔬菜-瓜果,蔬菜,瓜果,exact,葫芦［长瓜，蒲瓜，瓠瓜］,87,95.3,16,67,0.7,0.1,3.5,0.8,0,0.4,3,40,0,0.02,0.01,0.40,11.0,—,16,15,87,0.6,7,0.4,0.14,0.49,0.04,0.08,瓠瓜,,一般人群均可食用。,一般人群均可食用。,,,,v2_strict_rule,core
542,1,1,1,甜菜头,3,蔬菜-叶菜,蔬菜,叶菜,exact,甜菜根（鲜）［甜菜头，糖萝卜］,90,74.8,87,364,1.0,0.1,23.5,5.9,0,0.6,—,—,0,0.05,0.04,0.20,8.0,1.85,56,18,254,20.8,38,0.9,0.31,0.29,0.15,0.86,甜菜头,,,,,,,v2_strict_rule,core
543,1,6,1,白参,3,蔬菜-其他蔬菜,蔬菜,其他蔬菜,exact,沙参叶（鲜）［白参］,100,74.0,93,390,0.8,1.6,21.6,5.4,0,2.0,978,5870,0,—,—,2.70,104.0,—,585,180,—,—,—,—,—,—,—,—,,,,,,,,v2_strict_rule,core
544,1,3,1,白瓜,3,蔬菜-瓜果,蔬菜,瓜果,exact,菜瓜［生瓜，白瓜］,88,95.0,19,79,0.6,0.2,3.9,0.4,0,0.3,2,20,0,0.02,0.01,0.20,12.0,0.03,20,14,136,1.6,15,0.5,0.10,0.63,0.03,0.03,白瓜,,,,,,,v2_strict_rule,core
545,1,3,1,胡瓜,3,蔬菜-瓜果,蔬菜,瓜果,exact,黄瓜（鲜）［胡瓜］,92,95.8,16,65,0.8,0.2,2.9,0.5,0,0.3,8,90,0,0.02,0.03,0.20,9.0,0.49,24,24,102,4.9,15,0.5,0.18,0.38,0.05,0.06,,,,,,,,v2_strict_rule,core
546,1,1,1,芥菜头,3,蔬菜-叶菜,蔬菜,叶菜,exact,芥菜头［大头菜，水芥］,83,89.6,36,151,1.9,0.2,7.4,1.4,0,0.9,—,—,0,0.06,0.02,0.60,34.0,0.20,65,36,243,65.6,19,0.8,0.39,0.95,0.09,0.15,芥菜头,,,,,,,v2_strict_rule,core
547,1,6,1,苜蓿,3,蔬菜-其他蔬菜,蔬菜,其他蔬菜,exact,苜蓿［草头，金花菜］,95,90.2,35,148,5.0,0.7,2.9,1.4,0,1.2,915,5490,0,0.02,0.17,1.00,102.0,2.82,112,22,32,26.2,11,2.8,0.25,0.11,0.04,0.13,苜蓿,,,,,,,v2_strict_rule,core
548,1,6,1,苤蓝,3,蔬菜-其他蔬菜,蔬菜,其他蔬菜,exact,苤蓝［玉蔓菁，球茎甘蓝，大头菜］,78,90.8,32,136,1.3,0.2,7.0,1.3,0,0.7,2,20,0,0.04,0.02,0.50,41.0,0.13,25,46,190,29.8,24,0.3,0.17,0.16,0.02,0.11,苤蓝,,一般人群均可食用。适宜胃溃疡、十二指肠溃疡、糖尿病患者以及容易骨折的老人。,一般人群均可食用。,,,,v2_strict_rule,core
549,1,1,1,苦菜,3,蔬菜-叶菜,蔬菜,叶菜,exact,苦菜［节节花，拒马菜］,100,85.3,46,192,2.8,0.6,10.0,5.4,0,1.3,45,540,0,0.09,0.11,0.60,19.0,2.93,66,41,180,8.7,37,9.4,0.86,0.50,0.17,1.53,苦菜,,,,,,,v2_strict_rule,core
550,1,1,1,莼菜,3,蔬菜-叶菜,蔬菜,叶菜,excluded_processed_source,莼菜（瓶装）［花案菜］,,,,,,,,,,,,,,,,,,,,,,,,,,,,,莼菜,,一般人皆可食用。因其滑软细嫩，特别适合老人、儿童及消化力弱的人食用。,1.莼菜性寒而滑，多食易伤脾胃，发冷气，损毛皮，故脾胃虚寒的人不宜多食；2.妇女月经期及孕妇产后应少食。,,,,v2_strict_rule,common
551,1,6,1,菊苣,3,蔬菜-其他蔬菜,蔬菜,其他蔬菜,exact,菊苣,100,93.8,19,79,1.3,0.2,3.4,0.9,0,1.4,103,1230,0,0.08,0.08,0.40,7.0,—,52,28,314,22.0,15,0.8,0.79,—,0.10,0.42,菊苣,,,,,,,v2_strict_rule,core
552,1,6,1,菱角,3,蔬菜-其他蔬菜,蔬菜,其他蔬菜,exact,菱角（老，鲜）［龙角］,57,73.0,101,423,4.5,0.1,21.4,1.7,0,1.0,1,10,0,0.19,0.06,1.50,13.0,—,7,93,437,5.8,49,0.6,0.62,—,0.18,0.38,菱角,,,,,,原产欧洲,v2_strict_rule,core
553,1,5,1,豆薯,3,蔬菜-鲜豆,蔬菜,鲜豆,exact,豆薯（鲜）［凉薯，地瓜，沙葛］,91,85.2,56,236,0.9,0.1,13.4,0.8,0,0.4,—,—,0,0.03,0.03,0.30,13.0,0.86,21,24,111,5.5,14,0.6,0.23,0.16,0.07,0.11,豆薯,,,,,,,v2_strict_rule,core
554,1,6,1,酢浆草,3,蔬菜-其他蔬菜,蔬菜,其他蔬菜,exact,酢浆草（鲜）［酸酸草，酸溜溜］,100,84.0,66,278,3.1,0.5,12.4,,0,—,873,5240,0,0.25,0.31,—,127.0,—,27,125,—,—,—,5.6,—,—,—,—,,,,,,,,v2_strict_rule,core
555,1,6,1,马齿苋,3,蔬菜-其他蔬菜,蔬菜,其他蔬菜,exact,马齿苋（鲜）［长寿菜，瓜子菜］,100,92.0,28,117,2.3,0.5,3.9,0.7,0,1.3,372,2230,0,0.03,0.11,0.70,23.0,—,85,56,—,—,—,1.5,—,—,—,—,马齿苋,,,,,无毒,中国南北各地均产。广布全世界温带和热带地区。,v2_strict_rule,core
556,1,6,1,黄芽白,3,蔬菜-其他蔬菜,蔬菜,其他蔬菜,exact,大白菜（白梗）［黄芽白］,92,93.6,22,93,1.7,0.2,3.7,0.6,0,0.8,21,250,0,0.06,0.07,0.80,47.0,0.92,69,30,130,89.3,12,0.5,0.21,0.33,0.03,0.21,,,,,,,,v2_strict_rule,core
557,2,7,1,冬果梨,3,水果-仁果,水果,仁果,exact,冬果梨,87,86.2,46,192,0.4,0.2,12.8,4.3,0,0.4,2,20,0,—,0.03,0.20,6.0,—,—,—,—,—,—,—,—,—,—,—,,,,,,,,v2_strict_rule,core
558,2,7,1,国光苹果,3,水果-仁果,水果,仁果,exact,国光苹果,78,85.9,56,232,0.3,0.3,13.3,0.8,0,0.2,5,60,0,0.02,0.03,0.20,4.0,0.11,8,14,83,1.3,7,0.3,0.14,0.10,0.07,0.03,,,,,,,,v2_strict_rule,core
559,2,7,1,红富士苹果,3,水果-仁果,水果,仁果,exact,红富士苹果,85,86.9,49,205,0.7,0.4,11.7,2.1,0,0.3,5,60,0,0.01,—,—,2.0,1.46,3,11,115,0.7,5,0.7,—,0.98,0.06,0.05,红富士苹果,,,,,,,v2_strict_rule,core
560,3,15,1,牛展,3,畜肉-牛,畜肉,牛,exact,牛肉（小腿肉）［牛展、牛腱子］,100,73.4,122,513,23.0,3.3,0.0,0.0,61,1.0,Tr,0,Tr,0.03,0.13,3.69,Tr,Tr,5,181,182,83.1,22,0.3,5.07,2.54,0.01,Tr,,,,,,,,v2_strict_rule,core
561,3,14,1,猪蹄筋,3,畜肉-猪,畜肉,猪,exact,猪蹄筋,100,62.4,156,660,35.3,1.4,0.5,0.0,79,0.4,Tr,0,Tr,0.01,0.09,2.90,Tr,0.10,15,40,46,178.0,4,2.2,2.30,10.27,0.04,0.02,猪蹄筋,,,,,,,v2_strict_rule,core
562,3,17,1,马肉,3,畜肉-其他畜肉,畜肉,其他畜肉,exact,马肉,100,74.1,122,514,20.1,4.6,0.1,0.0,84,1.1,28,0,28,0.06,0.25,2.20,Tr,1.42,5,367,526,115.8,41,5.1,12.26,3.73,0.15,0.03,马肉,,,,,,,v2_strict_rule,core
563,4,18,1,鸡血,3,禽肉-鸡,禽肉,鸡,exact,鸡血,100,87.0,49,210,7.8,0.2,4.1,0.0,170,0.9,56,0,56,0.05,0.04,0.10,—,0.21,10,68,136,208.0,4,25.0,0.45,12.13,0.03,0.03,鸡血,,一般人都均可食用。贫血患者、老人、妇女和从事粉尘、纺织、环卫、采掘等工作的人尤其应该常吃。,高胆固醇血症、肝病、高血压和冠心病患者应少食。,,,,v2_strict_rule,core
564,6,27,1,凤尾鱼,3,水产-鱼,水产,鱼,excluded_processed_source,凤尾鱼（熟）,,,,,,,,,,,,,,,,,,,,,,,,,,,,,凤尾鱼,,一般人都可食用适宜体弱气虚，营养不良者食用；适宜儿童食用。,凡湿热内盛，或患有疥疮瘙痒之人忌食；病人忌食。,,,,v2_strict_rule,common
565,6,28,1,南美白对虾,3,水产-虾,水产,虾,exact,南美白对虾,56,78.2,83,351,19.4,0.2,0.8,0.0,175,1.4,—,—,—,—,—,—,Tr,16.87,7,306,309,70.5,1,0.2,0.64,0.25,—,Tr,,,,,,,,v2_strict_rule,core
566,6,27,1,墨鱼圈,3,水产-鱼,水产,鱼,exact,墨鱼圈,100,84.8,72,302,13.0,2.2,0.0,0.0,157,0.9,8,—,8,0.05,0.05,—,—,1.27,9,163,159,93.7,20,0.6,2.56,24.30,0.54,0.04,,,,,,,,v2_strict_rule,core
567,6,28,1,大头虾,3,水产-虾,水产,虾,exact,蝲蛄［刺蛄、大头虾］,14,81.2,77,324,16.0,1.4,0.0,0.0,98,1.4,—,—,—,0.03,0.18,3.00,Tr,—,—,283,181,86.8,21,14.5,0.56,—,0.91,—,,,,,,,,v2_strict_rule,core
568,6,28,1,沼虾,3,水产-虾,水产,虾,exact,江虾［沼虾］,100,77.0,87,367,10.3,0.9,9.3,0.0,116,2.5,102,—,102,0.04,0.12,2.20,Tr,11.30,78,293,683,—,131,8.8,2.71,17.70,3.46,1.21,,,,,,,,v2_strict_rule,core
569,6,30,1,海蚌,3,水产-贝,水产,贝,exact,海蚌［西施舌］,47,87.7,42,176,9.5,0.3,0.2,0.0,101,2.3,10,—,10,0.00,0.03,Tr,Tr,1.51,63,100,159,793.0,46,3.0,2.34,46.24,0.13,0.10,海蚌,,一般人群均可食用，适于体质虚弱，气血不足，营养不良者，高胆固醇、高血脂体质的人以及患有甲状腺肿大、支气管炎、胃病等疾病的人尤为适合。,许多贝类是发物，有宿疾者应慎食；贝类性多寒凉，故脾胃虚寒者不宜多吃。,,,,v2_strict_rule,core
570,6,27,1,海鲫鱼,3,水产-鱼,水产,鱼,exact,海鲫鱼［九九鱼］,60,64.3,206,857,17.0,13.7,3.6,0.0,70,1.4,—,0,Tr,0.02,0.02,4.30,Tr,1.06,69,193,133,15.8,30,1.9,0.58,28.80,0.19,0.07,,,,,,,,v2_strict_rule,core
571,6,27,1,海鳗,3,水产-鱼,水产,鱼,exact,海鳗［鲫勾］,67,74.6,122,513,18.8,5.0,0.5,0.0,71,1.1,22,0,22,0.06,0.07,3.00,Tr,1.70,28,159,266,95.8,27,0.7,0.80,25.85,0.07,0.03,海鳗,,一般成年人均可食用适合于年老、体弱者及年轻夫妇食用；适用于久病羸弱、五脏虚损、贫血、夜盲人、肺结核、妇女崩溃带下、小儿疳积、小儿蛔虫以及痔疮和脱肛病人食用；,患有慢性疾患和水产品过敏史的人、病后脾肾虚弱、痰多泄泻者忌服。,,,,v2_strict_rule,core
572,6,27,1,白条鱼,3,水产-鱼,水产,鱼,exact,白条鱼（裸鱼）,59,76.8,103,432,16.6,3.3,1.6,0.0,129,1.7,11,0,11,Tr,0.07,1.90,Tr,0.86,58,224,331,68.0,13,1.7,3.22,12.00,0.16,0.03,,,,,,,,v2_strict_rule,core
573,6,31,1,白鲢,3,水产-其他水产,水产,其他水产,exact,鲢鱼［白鲢、胖子、连子鱼］,61,77.4,104,436,17.8,3.6,0.0,0.0,99,1.2,20,0,20,0.03,0.07,2.50,Tr,1.23,53,190,277,57.5,23,1.4,1.17,15.68,0.06,0.09,,,,,,,,v2_strict_rule,core
574,6,27,1,老板鱼,3,水产-鱼,水产,鱼,exact,黄鲂［赤虹、老板鱼］,75,77.8,81,343,18.5,0.5,0.6,0.0,121,2.6,10,0,10,0.03,0.07,2.00,Tr,0.16,27,157,227,159.9,24,0.3,0.37,31.43,0.08,0.09,,,,,,,,v2_strict_rule,core
575,6,27,1,香梭鱼,3,水产-鱼,水产,鱼,exact,油抒［香梭鱼］,74,74.2,145,603,15.9,9.0,0.0,0.0,78,1.1,32,0,32,Tr,0.07,3.00,Tr,0.88,13,158,275,67.5,44,2.1,1.00,22.02,0.05,0.06,,,,,,,,v2_strict_rule,core
576,6,27,1,鲑鱼,3,水产-鱼,水产,鱼,exact,鲑鱼［大马哈鱼、三文鱼］,72,74.1,139,581,17.2,7.8,0.0,0.0,68,0.9,45,0,45,0.07,0.18,4.40,Tr,0.78,13,154,361,63.3,36,0.3,1.11,29.47,0.03,0.02,鲑鱼,,,,,,,v2_strict_rule,core
577,6,27,1,鲻鱼,3,水产-鱼,水产,鱼,exact,鲻鱼［白眼棱鱼］,57,75.3,119,499,18.9,4.8,0.0,0.0,99,1.1,—,0,—,0.02,0.13,2.30,Tr,3.34,19,183,245,71.4,25,0.5,0.82,16.80,0.03,0.02,鲻鱼,,一般人都可食用尤适宜体质虚弱，营养不良，脾胃气虚，饮食不香之人、小儿疳积、贫血等病症人群食用。,一般人群均可食用。,,,,v2_strict_rule,core
578,7,32,1,石花菜,3,菌菇藻类-菌菇,菌菇藻类,菌菇,exact,海冻菜（干）［石花菜，冻菜］,100,15.6,un,1335,5.4,0.1,72.9,—,0,6.0,—,—,0,0.06,0.20,3.30,Tr,14.84,167,209,141,380.8,15,2.0,1.94,15.19,0.12,0.04,石花菜,,1.一般人群均可食用。2.宜于肠炎、肾盂肾炎、肛周肿瘤、乳腺癌、子宫癌患者多食用。,?1.脾胃虚寒，肾阳虚者慎食；2.孕妇不宜多食。,,,分布于台湾,v2_strict_rule,core
579,9,36,1,青大豆,3,豆类-大豆,豆类,大豆,exact,青豆（干）［青大豆］,100,9.5,398,1667,34.5,16.0,35.4,12.6,0,4.6,66,790,0,0.41,0.18,3.00,—,10.09,200,395,718,1.8,128,8.4,3.18,5.62,1.38,2.25,,,,,,,,v2_strict_rule,core
580,10,42,1,胡桃,3,谷物/坚果-杂粮,谷物/坚果,杂粮,exact,核桃（干）［胡桃］,43,5.2,646,2704,14.9,58.8,19.1,9.5,0,2.0,3,30,0,0.15,0.14,0.90,1.0,43.21,56,294,385,6.4,131,2.7,2.17,4.62,1.17,3.44,胡桃,,,,,,,v2_strict_rule,core
581,10,42,1,葵花子,3,谷物/坚果-杂粮,谷物/坚果,杂粮,exact,葵花子（生）,50,2.4,609,2548,23.9,49.9,19.1,6.1,0,4.7,3,30,0,0.36,0.20,4.80,Tr,34.53,72,238,562,5.5,264,5.7,6.03,1.21,2.51,1.95,,,,,,,,v2_strict_rule,core
582,4,18,1,鸡腿,278,禽肉-鸡,禽肉,鸡,,,,,,,,,,,,,,,,,,,,,,,,,,,,,,,,,,,,,,v2_strict_rule,common
583,6,28,1,虾,77,水产-虾,水产,虾,,,,,,,,,,,,,,,,,,,,,,,,,,,,,,,,,,,,,,v2_strict_rule,common
