old_id,name,usage_count,category_major,possible_candidates,sample_raw_text,sample_dish_ids,reason
53,坚果,171,坚果种子类,,若干克坚果 || 30克坚果 || 坚果,269|755|884,名称过于宽泛或形态含义不明确，禁止猜测映射
63,葱姜蒜,163,蔬菜类及其制品,葱|姜|蒜,少许葱姜蒜 || 若干葱姜蒜 || 姜蒜适量,13|49|385,明确包含多个独立食材；关系保守保留原文，克数不拆分
65,青菜,157,蔬菜类及其制品,,100克青菜 || 20克青菜 || 几根青菜,738|859|898,名称过于宽泛或形态含义不明确，禁止猜测映射
73,红薯粉,144,薯类淀粉及其制品,,一小勺红薯粉 || 400克红薯粉 || 适量红薯粉,32|944|1088|2832,可能是原生食材，但频次、命名或类别证据不足
105,蘑菇,114,菌藻类,,适量蘑菇 || 蘑菇 || 3个蘑菇,174|220|714,名称过于宽泛或形态含义不明确，禁止猜测映射
123,鸡汤,98,禽肉类及其制品,,少许鸡汤 || 150g鸡汤 || 鸡汤,997|1445|2022,可能是原生食材，但频次、命名或类别证据不足
125,葱姜,97,蔬菜类及其制品,葱|姜,葱姜 || 适量葱姜 || 少许葱姜,170|178|1252|1339|1444|1586|1658|1942,明确包含多个独立食材；关系保守保留原文，克数不拆分
126,玉米面,96,谷类及其制品,,71克玉米面 || 100克玉米面 || 80克玉米面,226|580|584,可能是原生食材，但频次、命名或类别证据不足
152,香草,83,蔬菜类及其制品,,数滴香草 || 2滴香草 || 一小撮香草（欧芹or百里香 ）,3987|4021|4381,名称过于宽泛或形态含义不明确，禁止猜测映射
157,木薯粉,81,薯类淀粉及其制品,,适量木薯粉 || 90g木薯粉 || 90克木薯粉,911|945|1126,可能是原生食材，但频次、命名或类别证据不足
163,挂面,79,谷类及其制品,,适量挂面 || 挂面 || 挂面（扁的）,651|1686|2156|2609|3789,可能是原生食材，但频次、命名或类别证据不足
177,蔬菜,73,蔬菜类及其制品,,1小把蔬菜（小白菜，苦菊） || 适量蔬菜 || 一人份蔬菜（青菜、菠菜、小白菜等叶子菜）,474|1457|3436,名称过于宽泛或形态含义不明确，禁止猜测映射
183,杏仁粉,70,水果类及其制品,,10g杏仁粉 || 随意杏仁粉 || 60克杏仁粉,4|180|216,可能是原生食材，但频次、命名或类别证据不足
194,青红椒,68,蔬菜类及其制品,青椒|红椒,1个青红椒 || 少许青红椒 || 青红椒,766|1101|1331,明确包含多个独立食材；关系保守保留原文，克数不拆分
201,地瓜粉,66,薯类淀粉及其制品,,三四勺地瓜粉 || 地瓜粉 || 适量地瓜粉,305|877|1015,可能是原生食材，但频次、命名或类别证据不足
213,荞麦面,63,谷类及其制品,,100克      荞麦面（也可以都用面粉） || 克荞麦面350 || 100g荞麦面,451|1412|3124,可能是原生食材，但频次、命名或类别证据不足
224,魔芋,61,薯类淀粉及其制品,,500克魔芋 || 1块魔芋 || 一盒魔芋（块/丝）,469|1294|1524,名称过于宽泛或形态含义不明确，禁止猜测映射
231,椰子粉,59,水果类及其制品,,20克椰子粉 || 5克椰子粉 || 30g椰子粉,2557|3286|4693,可能是原生食材，但频次、命名或类别证据不足
243,郫县豆瓣,56,干豆类及其制品,郫县豆,两勺郫县豆瓣 || 郫县豆瓣 || 2勺郫县豆瓣,278|1496|1530,形态描述存在，但原始食材无法确定
247,水果,56,其他类,,水果 || 适量水果 || 随意水果,969|1572|1638|2343,名称过于宽泛或形态含义不明确，禁止猜测映射
248,肉馅,55,畜肉类及其制品,,肉馅 || 100克肉馅 || 200g肉馅,11|170|292|551|889|1487,名称过于宽泛或形态含义不明确，禁止猜测映射
253,鲜菇粉,53,菌藻类,,适量鲜菇粉 || 1克鲜菇粉,114326|177862,可能是原生食材，但频次、命名或类别证据不足
254,肉丝,53,畜肉类及其制品,肉,适量肉丝 || 100g肉丝 || 一小块肉丝,1735|2188|2827,形态描述存在，但原始食材无法确定
257,全蛋液,53,蛋类及其制品,,30克 全蛋液 || 35克全蛋液 || 20克全蛋液,330|793|1041,名称过于宽泛或形态含义不明确，禁止猜测映射
274,木鱼,51,鱼虾蟹贝类,,,,名称过于宽泛或形态含义不明确，禁止猜测映射
275,麦片,51,谷类及其制品,麦,3勺麦片 || 150克麦片 || 麦片,508|12291|12947,形态描述存在，但原始食材无法确定
280,黑芝麻粉,50,坚果种子类,,20克黑芝麻粉 || 适量黑芝麻粉 || 42克黑芝麻粉,755|1168|3632,可能是原生食材，但频次、命名或类别证据不足
289,猪肉馅,49,畜肉类及其制品,,猪肉馅 || 200克猪肉馅 || 40g猪肉馅,178|302|673|774,可能是原生食材，但频次、命名或类别证据不足
303,小麦粉,48,谷类及其制品,,1500g（即：通用面粉、中粉）小麦粉 || 85g小麦粉 || 3克小麦粉,1011|4549|5486,可能是原生食材，但频次、命名或类别证据不足
313,土豆粉,47,干豆类及其制品,,1份土豆粉 || 1包土豆粉 || 两包土豆粉,474|2975|3270,可能是原生食材，但频次、命名或类别证据不足
315,黄豆粉,46,干豆类及其制品,,一小碗黄豆粉（豆浆） || 克黄豆粉100 || 适量黄豆粉,118|1123|4386,可能是原生食材，但频次、命名或类别证据不足
318,青红辣椒,46,蔬菜类及其制品,青椒|红辣椒,三四个青红辣椒 || 适量青红辣椒 || 适量（用来调色）青红辣椒,3696|4014|5290,明确包含多个独立食材；关系保守保留原文，克数不拆分
332,红豆馅,44,干豆类及其制品,,红豆馅 || 120克红豆馅 || 180g红豆馅,304|1041|1879,可能是原生食材，但频次、命名或类别证据不足
334,各种蔬菜,44,蔬菜类及其制品,,若干各种蔬菜 || 适量各种蔬菜 || 各种蔬菜,1456|3468|4445,名称过于宽泛或形态含义不明确，禁止猜测映射
338,肉沫,43,畜肉类及其制品,,大肉沫 || 适量肉沫 || 随意肉沫,954|1614|3155,名称过于宽泛或形态含义不明确，禁止猜测映射
344,蛋黄液,43,蛋类及其制品,,少许蛋黄液 || 2个（刷表面用）蛋黄液 || 适量蛋黄液,1818|4083|4585,名称过于宽泛或形态含义不明确，禁止猜测映射
346,蜜枣,43,水果类及其制品,,颗蜜枣            2 || 2个蜜枣 || 30克蜜枣,1024|1074|1271,名称过于宽泛或形态含义不明确，禁止猜测映射
355,牛肉馅,42,畜肉类及其制品,,250g牛肉馅 || 250克牛肉馅 || 100g牛肉馅,296|4518|6944,可能是原生食材，但频次、命名或类别证据不足
356,野山椒,42,蔬菜类及其制品,,两瓶（就是超市卖的那种大约3元左右一瓶）罐装野山椒 || 一瓶野山椒 || 30g野山椒,78|2564|3660,名称过于宽泛或形态含义不明确，禁止猜测映射
371,拉面,40,谷类及其制品,,300g拉面（挂面） || 1块拉面 || 一人份拉面,159|3552|3743,可能是原生食材，但频次、命名或类别证据不足
376,紫薯粉,40,薯类淀粉及其制品,,10克紫薯粉 || 适量紫薯粉 || 2g紫薯粉,371|1309|1350,可能是原生食材，但频次、命名或类别证据不足
387,手擀面,39,谷类及其制品,,适量手擀面 || 300g手擀面 || 100克手擀面,2049|2807|2917,可能是原生食材，但频次、命名或类别证据不足
396,葱蒜,39,蔬菜类及其制品,葱|蒜,葱蒜（可选） || 适量葱蒜 || 葱蒜    若干,556|1845|3236|4914|5321,明确包含多个独立食材；关系保守保留原文，克数不拆分
403,肥肉,38,畜肉类及其制品,,适量肥肉(炼猪油) || 肥肉 || 50克肥肉,981|2828|3480,名称过于宽泛或形态含义不明确，禁止猜测映射
406,细面,38,谷类及其制品,,100克细面 || 细面 || 500克细面,19546|28791|32280,可能是原生食材，但频次、命名或类别证据不足
413,南瓜粉,37,蔬菜类及其制品,,适量南瓜粉 || 10克南瓜粉 || 5克(用南瓜泥的话水量可以酌情减或不加水)南瓜粉,1309|4697|5197,可能是原生食材，但频次、命名或类别证据不足
419,绿叶菜,37,蔬菜类及其制品,,适量绿叶菜 || 绿叶菜 || 把绿叶菜,8777|10160|10987|14458,名称过于宽泛或形态含义不明确，禁止猜测映射
436,草莓粉,36,水果类及其制品,,6g草莓粉（冻干粉不是速溶果汁粉） || 10克草莓粉（上色效果不好 可以用红丝绒液代替） || 适量草莓粉,3501|4697|18402,可能是原生食材，但频次、命名或类别证据不足
438,肉糜,36,畜肉类及其制品,,适量肉糜 || 100克肉糜 || 80克肉糜,1485|1512|4358,名称过于宽泛或形态含义不明确，禁止猜测映射
440,龙须面,36,谷类及其制品,,2人份龙须面 || 200克龙须面 || 一小把龙须面,6226|14520|23702,可能是原生食材，但频次、命名或类别证据不足
444,果仁,36,坚果种子类,,适量果仁 || 果仁 || 40g果仁（花生核桃杏仁）,1873|2286|2473,名称过于宽泛或形态含义不明确，禁止猜测映射
448,通心粉,35,谷类及其制品,,适量通心粉 || 250g通心粉 || 50克通心粉,1121|3341|3997,可能是原生食材，但频次、命名或类别证据不足
450,海鲜,35,鱼虾蟹贝类,,半斤海鲜 || 1包小海鲜（混杂） || 海鲜，一小把一，麦德龙冷冻包装，,8788|9239|11064,名称过于宽泛或形态含义不明确，禁止猜测映射
457,番薯粉,35,薯类淀粉及其制品,,60番薯粉，淀粉，面粉均可 || 5勺番薯粉 || 番薯粉（地瓜粉）,7626|7829|19003,可能是原生食材，但频次、命名或类别证据不足
460,鸡蛋面,35,禽肉类及其制品,,少许鸡蛋面 || 鸡蛋面 || 一份鸡蛋面,898|4920|35395,可能是原生食材，但频次、命名或类别证据不足
481,肉片,33,畜肉类及其制品,,适量肉片 || （鸡肉和猪肉）肉片 || 2大片肉片,1225|3254|3664,名称过于宽泛或形态含义不明确，禁止猜测映射
489,黑白芝麻,32,坚果种子类,黑芝麻|白芝麻,少许黑白芝麻 || 30克黑白芝麻 || 70克黑白芝麻,336|7015|8743,明确包含多个独立食材；关系保守保留原文，克数不拆分
496,姜黄粉,32,蔬菜类及其制品,,姜黄粉 || 1小勺姜黄粉 || 适量姜黄粉,1135|11233|12981,可能是原生食材，但频次、命名或类别证据不足
501,蛋黄糊,32,蛋类及其制品,,蛋黄糊 || #蛋黄糊 || 3个蛋黄糊,4517|4874|5267|8354|15872|17492|20809,可能是原生食材，但频次、命名或类别证据不足
511,牛肉汤,31,畜肉类及其制品,,牛肉汤 || 200毫升牛肉汤 || 适量牛肉汤,1869|8395|25552|36595,可能是原生食材，但频次、命名或类别证据不足
523,薯片,31,薯类淀粉及其制品,薯,两袋袋装薯片 || 13克薯片 || 12片薯片,2676|5397|12007,形态描述存在，但原始食材无法确定
525,牛叶,31,畜肉类及其制品,,1/2小勺牛至叶(C) || 一勺牛至叶 || 少许牛至叶,10367|15362|22885,名称过于宽泛或形态含义不明确，禁止猜测映射
526,绿豆粉,31,干豆类及其制品,,1杯（1次性杯子，两人份）绿豆粉 || 2包绿豆粉 || 100克绿豆粉,2469|9238|13597,可能是原生食材，但频次、命名或类别证据不足
527,肉丁,30,畜肉类及其制品,,250克肉丁 || 100g肉丁 || 肉丁,135|1000|1348,名称过于宽泛或形态含义不明确，禁止猜测映射
530,乌冬面,30,谷类及其制品,,2份乌冬面 || 1份乌冬面 || 一包乌冬面,2048|5416|5998,可能是原生食材，但频次、命名或类别证据不足
545,肥牛卷,29,畜肉类及其制品,,肥牛卷 || 250克新鲜肥牛卷 || 200克肥牛卷,41|991|1880|4561,可能是原生食材，但频次、命名或类别证据不足
555,菌菇,29,菌藻类,,适量菌菇 || 适量菌菇（香菇/蟹味菇/白玉菇） || 菌菇,8686|11173|11315|14124,名称过于宽泛或形态含义不明确，禁止猜测映射
565,芝麻粉,29,坚果种子类,,芝麻粉 || 适量芝麻粉 || 80克芝麻粉,20974|23457|28878,可能是原生食材，但频次、命名或类别证据不足
569,各种坚果,29,坚果种子类,,120克各种坚果 || 若干各种坚果 || 各种坚果,4106|10893|21152,名称过于宽泛或形态含义不明确，禁止猜测映射
576,猪肉糜,28,畜肉类及其制品,,100g猪肉糜 || 40克猪肉糜 || 180克猪肉糜,2042|2163|3158,名称过于宽泛或形态含义不明确，禁止猜测映射
590,其他蔬菜,28,蔬菜类及其制品,,其他蔬菜 || 其他蔬菜可加可不加，随意 || 若干其他蔬菜,16194|21279|36708|40840,名称过于宽泛或形态含义不明确，禁止猜测映射
597,魔芋粉,28,薯类淀粉及其制品,,30克魔芋粉 || 50克魔芋粉 || 适量芋粉,4153|13183|20243,可能是原生食材，但频次、命名或类别证据不足
604,绿色蔬菜,27,蔬菜类及其制品,,少许绿色蔬菜（黄瓜、生菜都行） || 1小把绿色蔬菜 || 绿色蔬菜,10896|25698|48974,名称过于宽泛或形态含义不明确，禁止猜测映射
613,牛肉粉,27,畜肉类及其制品,,牛肉粉 || 5克牛肉粉 || 1小勺牛肉粉,5338|6648|8220,可能是原生食材，但频次、命名或类别证据不足
620,青椒红椒,27,蔬菜类及其制品,青椒|红椒,适量青椒红椒 || 切丝青椒红椒 || 3粒青椒红椒,10466|16743|21017|24062,明确包含多个独立食材；关系保守保留原文，克数不拆分
622,鲜面,27,谷类及其制品,,400克鲜面 || 2-3两鲜面（粗细适中） || 适量鲜面,3036|122269|141682,可能是原生食材，但频次、命名或类别证据不足
661,黑麦粉,25,谷类及其制品,,100克黑麦粉 || 300g黑麦粉 || 克黑麦粉    38,682|786|1427,可能是原生食材，但频次、命名或类别证据不足
663,椰丝,25,其他类,椰,100克椰丝 || 30克椰丝 || 35g椰丝,1030|3140|3509|4085,形态描述存在，但原始食材无法确定
676,燕麦粉,25,谷类及其制品,,60g燕麦粉 || 35g燕麦粉 || 100克燕麦粉,10315|23976|25543,可能是原生食材，但频次、命名或类别证据不足
689,杂粮,25,其他类,,50克杂粮(果脯、坚果) || 克杂粮 || 小半碗杂粮,5950|6881|8851,名称过于宽泛或形态含义不明确，禁止猜测映射
693,紫薯馅,25,薯类淀粉及其制品,,紫薯馅（可选） || 200克紫薯馅 || 紫薯馅,1159|1500|10570,可能是原生食材，但频次、命名或类别证据不足
698,鱼肉,25,鱼虾蟹贝类,,150克鱼肉 || 2斤鱼肉 || 鱼肉,5178|7049|8429,名称过于宽泛或形态含义不明确，禁止猜测映射
701,香草粉,25,蔬菜类及其制品,,适量香草粉 || 2克香草粉 || 2克（可选）香草粉,45|4732|12744,可能是原生食材，但频次、命名或类别证据不足
704,杂菜,25,蔬菜类及其制品,,100g冷冻杂菜 || 50g杂菜 || 适量杂菜,30|3262|13974,名称过于宽泛或形态含义不明确，禁止猜测映射
706,螺蛳粉,24,鱼虾蟹贝类,,1包螺蛳粉（半成品） || 一包螺蛳粉 || 1包螺蛳粉,17705|51202|61535|64406|79871,可能是原生食材，但频次、命名或类别证据不足
709,姜葱蒜,24,蔬菜类及其制品,姜|葱|蒜,姜葱蒜 || 姜葱蒜，花椒，干辣椒 || 适量姜葱蒜,1410|4229|4830|5290,明确包含多个独立食材；关系保守保留原文，克数不拆分
710,豆粉,24,干豆类及其制品,,70克大豆粉 || 适量豆粉 || 克豆粉,1520|3273|4071,可能是原生食材，但频次、命名或类别证据不足
712,芡粉,24,薯类淀粉及其制品,,1勺芡粉 || 少许芡粉 || 芡粉,2417|2448|9585,可能是原生食材，但频次、命名或类别证据不足
718,牛肉卷,24,畜肉类及其制品,,适量牛肉卷 || 一斤牛肉卷 || 4个牛肉卷,11719|18040|39637,可能是原生食材，但频次、命名或类别证据不足
719,全麦,24,谷类及其制品,,120克全麦 || 55克全麦 || 50克全麦(鲍勃红磨坊),11901|25763|41317,名称过于宽泛或形态含义不明确，禁止猜测映射
725,蝴蝶面,24,谷类及其制品,,适量蝴蝶面 || 一把蝴蝶面 || 80g蝴蝶面,7512|17318|24206|28956,可能是原生食材，但频次、命名或类别证据不足
732,刀削面,24,谷类及其制品,,两人份刀削面 || 一人份新鲜刀削面 || 刀削面150克,6830|9189|11671,可能是原生食材，但频次、命名或类别证据不足
770,藕片,23,薯类淀粉及其制品,藕,适量藕片 || 若干藕片 || 1根藕片,354|2904|4172,形态描述存在，但原始食材无法确定
782,前腿肉,23,禽肉类及其制品,,1000克前腿肉 || 10斤前腿肉 || 200g前腿肉,2723|6536|15776,名称过于宽泛或形态含义不明确，禁止猜测映射
784,混合香草,23,蔬菜类及其制品,,5勺混合香草 || 1小勺（可选）混合香草 || 适量混合香草,6001|47935|60358,可能是原生食材，但频次、命名或类别证据不足
789,果肉,23,畜肉类及其制品,,130果肉 || 200克果肉,34970|145667,名称过于宽泛或形态含义不明确，禁止猜测映射
791,鱼头,22,鱼虾蟹贝类,,个鱼头            1 || 1个鱼头 || 鱼头,475|2774|2918,名称过于宽泛或形态含义不明确，禁止猜测映射
798,各类蔬菜,22,蔬菜类及其制品,,适量各类蔬菜（见图） || 适量各类蔬菜 || 各类蔬菜，火腿，培根，玉米粒随便放,8490|26307|93680,名称过于宽泛或形态含义不明确，禁止猜测映射
826,宽面,22,谷类及其制品,,150g宽面 || 250克新鲜宽面 || 适量宽面,5644|21360|32976,可能是原生食材，但频次、命名或类别证据不足
827,香菜葱,22,蔬菜类及其制品,香菜|葱,适量香菜  葱 || 适量香菜 葱 || 适量香菜葱,85430|107547|111487,明确包含多个独立食材；关系保守保留原文，克数不拆分
830,大小姜,22,蔬菜类及其制品,,,,名称过于宽泛或形态含义不明确，禁止猜测映射
832,绿叶蔬菜,21,蔬菜类及其制品,,1把绿叶蔬菜（菠菜/油菜） || 适量绿叶蔬菜 || 30克绿叶蔬菜,121|10386|19480,名称过于宽泛或形态含义不明确，禁止猜测映射
842,黑全麦粉,21,谷类及其制品,,50克黑全麦粉 || 100克黑全麦粉 || 500克黑全麦粉,5950|6414|10733,可能是原生食材，但频次、命名或类别证据不足
846,豆类,21,干豆类及其制品,,适量豆类 || 豆类 || 豆类（鹰嘴豆个人觉得最好吃）,19726|60016|61248|125549,名称过于宽泛或形态含义不明确，禁止猜测映射
848,豆制品,21,干豆类及其制品,,适量豆制品 || 豆制品 || 随意豆制品,23443|91054|92528|96359,名称过于宽泛或形态含义不明确，禁止猜测映射
852,黑芝麻馅,21,坚果种子类,,黑芝麻馅 || 100g黑芝麻馅 || #黑芝麻馅（三个）,853|64779|88256,可能是原生食材，但频次、命名或类别证据不足
858,水果麦片,21,谷类及其制品,水果麦,50克水果麦片 || 120克水果麦片 || 若干水果麦片,10222|14939|41360,形态描述存在，但原始食材无法确定
868,冷面,21,谷类及其制品,,冷面 || 1张冷面（含酱料） || 5块钱的冷面,5338|8925|8984,可能是原生食材，但频次、命名或类别证据不足
870,湿面,21,谷类及其制品,,适量湿面 || 2千克湿面 || 750 克湿面,43755|69920|87246,可能是原生食材，但频次、命名或类别证据不足
872,泡面,20,谷类及其制品,,1包泡面 || 泡面 || 一包泡面,161|3463|6438|18887,可能是原生食材，但频次、命名或类别证据不足
885,后腿肉,20,禽肉类及其制品,,一块后腿肉 || 200克后腿肉 || 2斤后腿肉（肥瘦比例2:8）,5700|12260|19004,名称过于宽泛或形态含义不明确，禁止猜测映射
899,素菜,20,蔬菜类及其制品,,150g素菜 || 100-200g素菜 || 素菜,986|2176|17851,名称过于宽泛或形态含义不明确，禁止猜测映射
901,荞麦粉,20,谷类及其制品,,100克荞麦粉 || 50克荞麦粉 || 荞麦粉,1177|6327|9135,可能是原生食材，但频次、命名或类别证据不足
907,鱼片,20,鱼虾蟹贝类,,一斤鱼片 || 300g鱼片 || 300克鱼片,2830|3986|4191,名称过于宽泛或形态含义不明确，禁止猜测映射
909,鸡块,20,禽肉类及其制品,鸡,600克鸡块 || 适量鸡块 || 鸡块,3667|5509|7913|8206,形态描述存在，但原始食材无法确定
918,面饼,20,谷类及其制品,,面饼 || 2块（100克）面饼（非油炸） || 一个面饼,1895|2566|4375,可能是原生食材，但频次、命名或类别证据不足
923,葱花香菜,20,蔬菜类及其制品,葱|香菜,2勺葱花香菜 || 适量葱花香菜 || 一把葱花香菜,8334|13790|19133|23731|23995|42316|64356,明确包含多个独立食材；关系保守保留原文，克数不拆分
929,面面,20,谷类及其制品,,,,可能是原生食材，但频次、命名或类别证据不足
933,手工面,20,谷类及其制品,,一人份手工面 || 手工面 || 1人份手工面,16401|31808|47260,可能是原生食材，但频次、命名或类别证据不足
938,青柠檬,19,水果类及其制品,,一只青柠檬 || 1个青柠檬 || 一个青柠檬,340|714|868,可能是原生食材，但频次、命名或类别证据不足
939,羊蝎子,19,畜肉类及其制品,,一整根羊蝎子 || 1.5斤羊蝎子 || 六块羊蝎子,433|594|2689,可能是原生食材，但频次、命名或类别证据不足
941,绿辣椒,19,蔬菜类及其制品,,2个绿辣椒 || 5根绿辣椒 || 半个绿辣椒,633|6422|10606,可能是原生食材，但频次、命名或类别证据不足
945,红黄彩椒,19,蔬菜类及其制品,,红黄彩椒 || 适量红黄彩椒 || 1个红黄彩椒,1869|5701|67970|92030,可能是原生食材，但频次、命名或类别证据不足
949,牛腱,19,畜肉类及其制品,,3000克牛腱（前腿最好） || 1.5斤牛腱 || 1斤牛腱,2884|6618|6877,可能是原生食材，但频次、命名或类别证据不足
954,鸡大腿,19,禽肉类及其制品,,2只鸡大腿 || 500g鸡大腿 || 鸡大腿,5733|7492|11609|14273,可能是原生食材，但频次、命名或类别证据不足
955,甜椒粉,19,蔬菜类及其制品,,1克甜椒粉（选用 最后撒上 增色） || 1勺甜椒粉 || 1大勺（20ml）甜椒粉（paprika）,6071|9470|13542,可能是原生食材，但频次、命名或类别证据不足
956,瓜子,19,坚果种子类,,60克瓜子 || 一把瓜子 || 60g瓜子,6411|7091|24631,可能是原生食材，但频次、命名或类别证据不足
961,糯米小圆子,19,谷类及其制品,,糯米小圆子 || 50g (根据自己喜好添加)糯米小圆子 || 适量糯米小圆子,8996|19570|25384,可能是原生食材，但频次、命名或类别证据不足
967,梅头肉,19,畜肉类及其制品,,250克梅头肉 || 适量梅头肉 || 600克梅头肉,21386|33996|38758,可能是原生食材，但频次、命名或类别证据不足
970,小红辣椒,19,蔬菜类及其制品,,,,可能是原生食材，但频次、命名或类别证据不足
973,白面,19,谷类及其制品,,240白面 || 2份白面 || 白面,1991|2264|5164,可能是原生食材，但频次、命名或类别证据不足
976,老面,19,谷类及其制品,,36克老面（主面团） || 老面 || 80g老面,3063|3674|4480,可能是原生食材，但频次、命名或类别证据不足
981,芋泥,19,薯类淀粉及其制品,,芋泥 || #芋泥 || 半个芋泥,1010|7425|9823,可能是原生食材，但频次、命名或类别证据不足
983,美人椒,19,蔬菜类及其制品,,2根美人椒 || 3根美人椒 || 美人椒,11066|16941|20327,可能是原生食材，但频次、命名或类别证据不足
984,大蒜头,19,蔬菜类及其制品,,,,可能是原生食材，但频次、命名或类别证据不足
987,南姜,19,蔬菜类及其制品,,1块南姜 || 1个南姜 || 1大块南姜,714|3238|10611,可能是原生食材，但频次、命名或类别证据不足
988,时蔬,19,其他类,,适量时蔬 || 随意时蔬 || 100克时蔬,2925|4152|5186|11339,名称过于宽泛或形态含义不明确，禁止猜测映射
990,白芸豆,19,干豆类及其制品,,白芸豆 || 1把白芸豆 || 55g白芸豆,570|1920|2021,可能是原生食材，但频次、命名或类别证据不足
991,欧芹叶,19,蔬菜类及其制品,,适量欧芹叶 || 20克欧芹叶 || 欧芹叶,8249|10387|17789,可能是原生食材，但频次、命名或类别证据不足
992,头蒜,19,蔬菜类及其制品,,一小头蒜 || 一大头蒜 || 一整头蒜,9510|16681|17264,可能是原生食材，但频次、命名或类别证据不足
993,土豆土豆,19,干豆类及其制品,,6个小土豆土豆 || 小土豆五个土豆 || 一个大土豆土豆,38952|50548|51981,可能是原生食材，但频次、命名或类别证据不足
994,姜片葱,19,蔬菜类及其制品,,,,可能是原生食材，但频次、命名或类别证据不足
995,干葱,19,蔬菜类及其制品,,2小瓣干葱 || 500克干葱 || 1颗干葱,7799|14412|28351,可能是原生食材，但频次、命名或类别证据不足
996,葱花蒜,19,蔬菜类及其制品,,,,可能是原生食材，但频次、命名或类别证据不足
997,时令蔬菜,18,蔬菜类及其制品,,时令蔬菜 || 适量时令蔬菜 || 350克时令蔬菜（生菜、油麦菜、豆苗等）,104|31254|63085|66185,可能是原生食材，但频次、命名或类别证据不足
999,椰子水,18,水果类及其制品,,180毫升椰子水 || 适量椰子水 || 椰子水,253|8387|8412,可能是原生食材，但频次、命名或类别证据不足
1003,洋白菜,18,蔬菜类及其制品,,洋白菜 || 一棵洋白菜 || 100g洋白菜,948|9193|16488,可能是原生食材，但频次、命名或类别证据不足
1004,梅肉,18,畜肉类及其制品,,200g梅肉 || 梅肉，姜片 || 几片梅肉,1028|1266|10601,可能是原生食材，但频次、命名或类别证据不足
1005,羊腿,18,畜肉类及其制品,,4只羊腿 || 1只羊腿 || 2只羊腿,1474|2359|4291,可能是原生食材，但频次、命名或类别证据不足
1007,面线,18,谷类及其制品,,一把面线 || 适量面线 || 150克面线,1771|9408|40303,可能是原生食材，但频次、命名或类别证据不足
1008,青菜叶,18,蔬菜类及其制品,,若干片青菜叶 || 几片青菜叶 || 一小把青菜叶,1815|1959|9212,可能是原生食材，但频次、命名或类别证据不足
1009,肉汤,18,畜肉类及其制品,,小半碗肉汤 || 肉汤 || 3碗肉汤,8116|11059|11104,可能是原生食材，但频次、命名或类别证据不足
1011,牛腱子肉,18,畜肉类及其制品,,1kg牛腱子肉 || 1500克牛腱子肉 || 2400g牛腱子肉,2425|16464|20197,可能是原生食材，但频次、命名或类别证据不足
1012,猪脊骨,18,畜肉类及其制品,,350克猪脊骨 || 500克猪脊骨 || 2斤左右猪脊骨,2690|7681|9785,可能是原生食材，但频次、命名或类别证据不足
1013,阿根廷红虾,18,鱼虾蟹贝类,,12只阿根廷红虾 || 1只阿根廷红虾 || 阿根廷红虾,3099|3850|4802,可能是原生食材，但频次、命名或类别证据不足
1019,混合坚果,18,坚果种子类,,混合坚果（花生米60g，开心果40g，杏仁40g，南瓜仁30g） || 一把混合坚果 || 100克混合坚果,10941|15755|23771,可能是原生食材，但频次、命名或类别证据不足
1021,其他配菜,18,蔬菜类及其制品,,若干其他配菜（土豆、香肠、胡萝卜等） || 随意其他配菜 || 其他配菜,44254|50856|58427,可能是原生食材，但频次、命名或类别证据不足
1023,蛋黄鸡蛋,18,禽肉类及其制品,,蛋黄一个鸡蛋 || 3个蛋黄鸡蛋 || 2个蛋黄鸡蛋,21689|30050|49070,可能是原生食材，但频次、命名或类别证据不足
1031,柠檬叶,18,水果类及其制品,,6片柠檬叶 || 5片柠檬叶 || 数片柠檬叶,714|1491|4641|10611,可能是原生食材，但频次、命名或类别证据不足
1032,干黄豆,18,干豆类及其制品,,150克干黄豆 || 60克干黄豆 || 干黄豆,724|1914|2354,可能是原生食材，但频次、命名或类别证据不足
1034,菠菜粉,18,蔬菜类及其制品,,适量菠菜粉 || 2克菠菜粉 || 5克菠菜粉,1309|7967|13982|14750,可能是原生食材，但频次、命名或类别证据不足
1040,银鳕鱼,18,鱼虾蟹贝类,,120g银鳕鱼 || 一块银鳕鱼 || 3-4块银鳕鱼,3625|5970|7862,可能是原生食材，但频次、命名或类别证据不足
1045,小麦胚芽,18,干豆类及其制品,,1／4杯小麦胚芽 || 1／2 杯小麦胚芽 || 1/2 杯（63克）小麦胚芽,13024|92150|117969,可能是原生食材，但频次、命名或类别证据不足
1046,蒸肉粉,18,畜肉类及其制品,,蒸肉粉# || 1包（我用的是桥头牌五香蒸肉粉，但还是有点辣）蒸肉粉 || 50g蒸肉粉,3534|8438|13146,可能是原生食材，但频次、命名或类别证据不足
1047,砂仁,18,坚果种子类,,少许砂仁 || 2颗砂仁 || 1g砂仁,2114|5426|8214,可能是原生食材，但频次、命名或类别证据不足
1056,鸡蛋饼,18,禽肉类及其制品,,鸡蛋饼，胡萝卜，黄瓜，火腿，泡菜各种配菜 || 1张鸡蛋饼 || #蛋饼,14358|18608|19367,可能是原生食材，但频次、命名或类别证据不足
1057,青笋,18,蔬菜类及其制品,,1条青笋 || 青笋 || 1根青笋,266|2390|5048,可能是原生食材，但频次、命名或类别证据不足
1058,肉肉,18,畜肉类及其制品,,400g肉肉 || 肉肉 || 适量肉肉,3295|37838|86632,可能是原生食材，但频次、命名或类别证据不足
1061,糯玉米,18,谷类及其制品,,4根糯玉米 || 2根糯玉米 || 半根（甜玉米也可以）糯玉米,1261|16577|16643,可能是原生食材，但频次、命名或类别证据不足
1062,青豆玉米,18,干豆类及其制品,,15g青豆玉米 || 若干（过水沥干）青豆玉米 || 一把青豆玉米,17944|19108|38945,可能是原生食材，但频次、命名或类别证据不足
1063,姜片蒜,18,蔬菜类及其制品,,适量姜片 蒜,106828,可能是原生食材，但频次、命名或类别证据不足
1066,鸭胗,17,禽肉类及其制品,,适量鸭胗 || 半斤鸭胗 || 鸭胗,218|344|1049,可能是原生食材，但频次、命名或类别证据不足
1068,菜椒,17,蔬菜类及其制品,,2个菜椒（灯笼椒） || 菜椒 || 半个菜椒,678|6783|14154,可能是原生食材，但频次、命名或类别证据不足
1071,嫩肉粉,17,畜肉类及其制品,,少许嫩肉粉 || 适量嫩肉粉 || 嫩肉粉,1013|7683|14418,可能是原生食材，但频次、命名或类别证据不足
1086,长豆角,17,干豆类及其制品,,半斤长豆角 || 一大把长豆角 || 400克长豆角,8379|8684|10626,可能是原生食材，但频次、命名或类别证据不足
1087,草莓干,17,水果类及其制品,,适量草莓干 || 60克草莓干 || 20克草莓干,6387|12150|14192|20837|31146,可能是原生食材，但频次、命名或类别证据不足
1089,炸花生米,17,谷类及其制品,,适量炸花生米 || 炸花生米，大蒜 || 20粒炸花生米,5922|10627|28525|41082|46583|46877|51331|61434,可能是原生食材，但频次、命名或类别证据不足
1092,蒜茸,17,蔬菜类及其制品,,1大匙蒜茸 || 5克大蒜茸 || 2.5g蒜茸,7007|7669|12728,可能是原生食材，但频次、命名或类别证据不足
1094,豆鼓,17,干豆类及其制品,,豆鼓 || 20克豆鼓 || 10g豆鼓,8066|12210|15632|17273|28952|29262,可能是原生食材，但频次、命名或类别证据不足
1098,鸡蛋蛋黄,17,禽肉类及其制品,,1个鸡蛋蛋黄 || 3个大鸡蛋蛋黄 || 4个大鸡蛋 蛋黄,13642|45885|53956|62633,可能是原生食材，但频次、命名或类别证据不足
1100,菌粉,17,菌藻类,,1克菌粉 || 1包菌粉 || 1小包菌粉,14785|17611|22583,可能是原生食材，但频次、命名或类别证据不足
1113,猪前腿肉,17,禽肉类及其制品,,400克猪前腿肉 || 250g猪前腿肉 || 500克猪前腿肉,1114|6662|10323,可能是原生食材，但频次、命名或类别证据不足
1114,巴沙鱼柳,17,鱼虾蟹贝类,,2片巴沙鱼柳 || 1条巴沙鱼柳 || 一条巴沙鱼柳,1521|6389|10286,可能是原生食材，但频次、命名或类别证据不足
1122,红彩椒,17,蔬菜类及其制品,,半个红彩椒 || 20克红彩椒 || 75g红彩椒，切丁,10367|12039|16804|18601,可能是原生食材，但频次、命名或类别证据不足
1123,红枣枸杞,17,坚果种子类,,适量红枣枸杞 || 红枣枸杞(可选） || 红枣枸杞,11527|28138|40628|57936|59777|73461,可能是原生食材，但频次、命名或类别证据不足
1125,南北杏,17,水果类及其制品,,10克南北杏 || 20克南北杏 || 南北杏,16811|21460|23359,可能是原生食材，但频次、命名或类别证据不足
1126,扇贝肉,17,鱼虾蟹贝类,,250克扇贝肉 || 500克扇贝肉 || 150克扇贝肉,759|3127|5896,可能是原生食材，但频次、命名或类别证据不足
1128,猪耳朵,17,畜肉类及其制品,,1个猪耳朵 || 两个猪耳朵 || 个猪耳朵,8471|11455|14467|15750|37302,可能是原生食材，但频次、命名或类别证据不足
1131,辣椒圈,17,蔬菜类及其制品,,适量辣椒圈 || 辣椒圈 || 20g辣椒圈,3716|9654|12114,可能是原生食材，但频次、命名或类别证据不足
1134,高良姜,17,蔬菜类及其制品,,10克良姜 || 2个高良姜 || 少许良姜,544|1004|2114,可能是原生食材，但频次、命名或类别证据不足
1137,虾肉,17,鱼虾蟹贝类,,300克虾肉 || 150克虾肉（剥好的重量） || 30克虾肉,6158|15803|17029|18054,可能是原生食材，但频次、命名或类别证据不足
1139,大蒜叶,17,蔬菜类及其制品,,,,可能是原生食材，但频次、命名或类别证据不足
1141,肥瘦猪肉,17,畜肉类及其制品,,肥瘦300克猪肉 || 肥瘦100克猪肉 || 肥瘦150克猪肉,15047|17769|26913,可能是原生食材，但频次、命名或类别证据不足
1144,什锦蔬菜,17,蔬菜类及其制品,,什锦蔬菜 || 两勺什锦蔬菜 || 少许什锦蔬菜,5118|8967|14303|24667,可能是原生食材，但频次、命名或类别证据不足
1147,米糊,16,谷类及其制品,,50克米糊 || 5g米糊 || 1勺米糊,392|23213|49966,可能是原生食材，但频次、命名或类别证据不足
1150,羊肉卷,16,畜肉类及其制品,,250克羊肉卷 || 半袋羊肉卷 || 100g羊肉卷,975|2156|2374,可能是原生食材，但频次、命名或类别证据不足
1153,白菜心,16,蔬菜类及其制品,,白菜心 || 半个白菜心 || 1棵白菜心,1662|3994|11018,可能是原生食材，但频次、命名或类别证据不足
1155,薏仁,16,坚果种子类,,2把薏仁 || 80g薏仁 || 适量薏仁,1890|3043|5137,可能是原生食材，但频次、命名或类别证据不足
1163,鸡排,16,禽肉类及其制品,,大鸡排 || 150克鸡排 || 一块鸡排,4211|31159|31197,可能是原生食材，但频次、命名或类别证据不足
1168,红甜椒,16,蔬菜类及其制品,,一个红甜椒 || 1个红甜椒 || 红甜椒,5403|10737|14620,可能是原生食材，但频次、命名或类别证据不足
1169,珍珠米,16,谷类及其制品,,珍珠米 || 40克珍珠米 || 三把珍珠米,6575|6902|8441,可能是原生食材，但频次、命名或类别证据不足
1171,小尖椒,16,蔬菜类及其制品,,,,可能是原生食材，但频次、命名或类别证据不足
1176,西冷牛排,16,畜肉类及其制品,,500g西冷牛排 || 1块西冷牛排 || 一块约250克西冷牛排,14088|25751|30946|32343,可能是原生食材，但频次、命名或类别证据不足
1181,排骨汤,16,畜肉类及其制品,,一小碗排骨汤 || 红烧排骨汤 || 1大碗排骨汤（高汤）,18697|30977|56317,可能是原生食材，但频次、命名或类别证据不足
1186,坚果类,16,坚果种子类,,适量坚果类 || 坚果类 || 538克坚果类(核桃仁、瓜子仁、芝麻、花生……自己爱吃的),34358|39105|83128,可能是原生食材，但频次、命名或类别证据不足
1191,鸡蛋全蛋液,16,禽肉类及其制品,,1个鸡蛋全蛋液 || 一只鸡蛋全蛋液 || 半个鸡蛋全蛋液,71597|76475|93147,可能是原生食材，但频次、命名或类别证据不足
1195,蝶豆花,16,干豆类及其制品,,适量蝶豆花 || 2克蝶豆花 || 8颗蝶豆花,409|2722|5626|13827,可能是原生食材，但频次、命名或类别证据不足
1201,干黄花菜,16,蔬菜类及其制品,,20根干黄花菜 || 约30根干黄花菜 || 40克干黄花菜,4007|6555|28867,可能是原生食材，但频次、命名或类别证据不足
1202,鸡架,16,禽肉类及其制品,,半个鸡架 || 半只鸡架 || 1个鸡架,4394|4397|17564,可能是原生食材，但频次、命名或类别证据不足
1204,肉饼,16,畜肉类及其制品,,适量肉饼 || 50克肉饼 || 8条肉饼,6958|15669|22879,可能是原生食材，但频次、命名或类别证据不足
1205,荤菜,16,蔬菜类及其制品,,荤菜 || 适量荤菜（牛肉丶鸡翅丶螃蟹等） || 适量荤菜,17851|52817|74038,可能是原生食材，但频次、命名或类别证据不足
1208,小黄瓜,16,蔬菜类及其制品,,1/2根小黄瓜 || 1/2 只小黄瓜,17951|54383|102318,可能是原生食材，但频次、命名或类别证据不足
1215,面疙瘩,16,谷类及其制品,,2小疙瘩，15克白糖 || 若干疙瘩 || 一份面疙瘩,29775|38842|71328,可能是原生食材，但频次、命名或类别证据不足
1216,鸡骨架,16,禽肉类及其制品,,1只只鸡骨架 || 三整个鸡骨架 || 4个鸡骨架,13452|37546|49891,可能是原生食材，但频次、命名或类别证据不足
1218,藜麦饭,16,谷类及其制品,,两人份藜麦饭 || 一小碗藜麦饭 || 藜麦饭1碗,8896|13097|35086,可能是原生食材，但频次、命名或类别证据不足
1220,其他坚果,16,坚果种子类,,少许其他坚果,50421,可能是原生食材，但频次、命名或类别证据不足
1223,黄萝卜,16,蔬菜类及其制品,,半根黄萝卜 || 一根黄萝卜 || 黄萝卜,6806|23059|36319,可能是原生食材，但频次、命名或类别证据不足
1224,腌萝卜,16,蔬菜类及其制品,,腌萝卜 || 2片腌萝卜 || 几根腌萝卜,38615|41429|73986|75977,可能是原生食材，但频次、命名或类别证据不足
1225,肥瘦肉,16,畜肉类及其制品,,300克肥瘦肉 || 100克肥瘦肉 || 适量肥瘦肉,13643|14829|25564,可能是原生食材，但频次、命名或类别证据不足
1228,豆子,15,干豆类及其制品,,一根豆子 || 依据个人口味适量加入豆子 || 豆子,152|22268|35653,可能是原生食材，但频次、命名或类别证据不足
1230,萨拉米,15,谷类及其制品,,适量萨拉米 || 10几片萨拉米 || 萨拉米,672|6286|10412,可能是原生食材，但频次、命名或类别证据不足
1232,老南瓜,15,蔬菜类及其制品,,150克老南瓜 || 老南瓜 || 1个老南瓜,738|5955|8992,可能是原生食材，但频次、命名或类别证据不足
1234,球生菜,15,蔬菜类及其制品,,2片球生菜 || 4片球生菜 || 适量球生菜,940|2544|8195,可能是原生食材，但频次、命名或类别证据不足
1235,葱段姜片,15,蔬菜类及其制品,葱段姜,葱段姜片 || 适量葱段姜片 || 适量葱段 姜片,1077|21280|65463|92590|96299,形态描述存在，但原始食材无法确定
1238,红椒粉,15,蔬菜类及其制品,,适量红椒粉 || 红椒粉 || 5克红椒粉,1664|2912|6877|7373,可能是原生食材，但频次、命名或类别证据不足
1243,鸡蛋鸡蛋,15,禽肉类及其制品,,3个大鸡蛋（1个大概60-70g那种）鸡蛋 || 8个大鸡蛋鸡蛋 || 100g 两个小点的鸡蛋鸡蛋,2309|5175|8211,可能是原生食材，但频次、命名或类别证据不足
1244,葱姜蒜辣椒,15,蔬菜类及其制品,,少许葱姜蒜辣椒 || 葱姜蒜辣椒 || 一些葱姜蒜辣椒,2335|3316|4669|13941|32008,可能是原生食材，但频次、命名或类别证据不足
1249,咸鱼,15,鱼虾蟹贝类,,30克咸鱼 || 40g小咸鱼 || 1块咸鱼,3678|4039|4724,可能是原生食材，但频次、命名或类别证据不足
1251,菜脯,15,蔬菜类及其制品,,适量菜脯（咸萝卜干） || 5个新菜脯 || 250g菜脯,4128|8665|10042,可能是原生食材，但频次、命名或类别证据不足
1256,猪手,15,畜肉类及其制品,,2个猪手 || 3只猪手 || 800克猪手,6897|7445|7911,可能是原生食材，但频次、命名或类别证据不足
1257,肉碎,15,畜肉类及其制品,肉,50克肉碎 || 肉碎 || 100克肉碎,6928|31340|35523,形态描述存在，但原始食材无法确定
1265,糍粑辣椒,15,蔬菜类及其制品,,1斤糍粑辣椒 || 适量糍粑辣椒 || 3勺糍粑辣椒,11176|76054|94704,可能是原生食材，但频次、命名或类别证据不足
1268,菇类,15,菌藻类,,朵菇类 || 一盘菇类 || 100克菇类,14458|21777|26215,可能是原生食材，但频次、命名或类别证据不足
1269,干豆角,15,干豆类及其制品,,适量干豆角 || 干豆角 || 1把干豆角,14831|22647|28494,可能是原生食材，但频次、命名或类别证据不足
1270,羊腩,15,畜肉类及其制品,,600克羊腩 || 1000克羊腩 || 1斤羊腩,18379|21276|22284,可能是原生食材，但频次、命名或类别证据不足
1275,各种蘑菇,15,菌藻类,,300克各种蘑菇都可以 || 各种蘑菇 || 200-300克各种蘑菇，冬瓜，胡萝卜，只要是可以蒸的蔬菜都可以。,23051|43007|129362|131898|146545,可能是原生食材，但频次、命名或类别证据不足
1292,鸭腿,15,禽肉类及其制品,,4只鸭腿 || 1只鸭腿 || 2只鸭腿,1336|4435|7197,可能是原生食材，但频次、命名或类别证据不足
1296,香菇粉,15,菌藻类,,一勺香菇粉 || 适量香菇粉 || 按需（替代味精）香菇粉,5970|10266|12864,可能是原生食材，但频次、命名或类别证据不足
1297,东北大米,15,谷类及其制品,,150克东北大米 || 400克东北大米 || 2杯东北大米,6166|6548|29545,可能是原生食材，但频次、命名或类别证据不足
1300,蔬菜精,15,蔬菜类及其制品,,适量蔬菜精 || 1克蔬菜精 || 少许蔬菜精,9167|15796|28930|29705,可能是原生食材，但频次、命名或类别证据不足
1305,墨鱼仔,15,鱼虾蟹贝类,,300g墨鱼仔 || 250g墨鱼仔 || 3个墨鱼仔,766|1401|3518|3872,可能是原生食材，但频次、命名或类别证据不足
1311,小米辣椒,15,谷类及其制品,,,,可能是原生食材，但频次、命名或类别证据不足
1313,姜葱,15,蔬菜类及其制品,,少许姜葱 || 若干姜葱 || 姜 葱,474|2158|2234,可能是原生食材，但频次、命名或类别证据不足
1319,鲷鱼,15,鱼虾蟹贝类,,150g鲷鱼 || 一片鲷鱼 || 一条鲷鱼,5259|7526|19635,可能是原生食材，但频次、命名或类别证据不足
1320,雪花牛肉,15,畜肉类及其制品,,100克雪花牛肉 || 一块雪花牛肉 || 雪花牛肉,95038|95560|100888|103143,可能是原生食材，但频次、命名或类别证据不足
1321,综合香草,15,蔬菜类及其制品,,适量综合香草 || 1小勺综合香草 || 综合香草,79796|101586|122140|145190|153694,可能是原生食材，但频次、命名或类别证据不足
1322,香蒜,15,蔬菜类及其制品,,一瓣香蒜 || 一根香蒜 || 2-3根香蒜,37856|54477|69824,可能是原生食材，但频次、命名或类别证据不足
1323,独蒜,14,蔬菜类及其制品,,2颗独蒜 || 1个独蒜 || 5个独蒜,19|950|4583,可能是原生食材，但频次、命名或类别证据不足
1324,泡野山椒,14,蔬菜类及其制品,,泡野山椒 || 20克泡野山椒 || 1瓶瓶装泡野山椒,41|11331|18919,可能是原生食材，但频次、命名或类别证据不足
1328,秀珍菇,14,菌藻类,,1盒秀珍菇 || 100克秀珍菇 || 80g秀珍菇,129|10303|15413,可能是原生食材，但频次、命名或类别证据不足
1330,柠檬屑,14,水果类及其制品,,10g柠檬屑 || 柠檬屑 || 少许柠檬屑,761|4965|9720|14017,可能是原生食材，但频次、命名或类别证据不足
1331,蕃茄,14,蔬菜类及其制品,,1个蕃茄 || 小蕃茄 || 1个蕃茄（个头大的）,803|1961|5246|8416|10611,可能是原生食材，但频次、命名或类别证据不足
1335,虾头,14,鱼虾蟹贝类,,30只虾头 || 新鲜虾头 || 8只（可放可不放）虾头,4329|17879|24632,可能是原生食材，但频次、命名或类别证据不足
1340,煮鸡蛋,14,禽肉类及其制品,,4个煮鸡蛋 || 1个煮鸡蛋 || 42g煮鸡蛋,2216|2807|14019,可能是原生食材，但频次、命名或类别证据不足
1341,五指毛桃,14,水果类及其制品,,50克五指毛桃 || 1小把五指毛桃 || 2捆五指毛桃,2810|12046|18199,可能是原生食材，但频次、命名或类别证据不足
1349,海椒面,14,谷类及其制品,,15g海椒面 || 海椒面 || 勺海椒面（最细的海椒面）,4657|8478|23524,可能是原生食材，但频次、命名或类别证据不足
1350,豌豆粉,14,干豆类及其制品,,100克豌豆粉 || 1碗豌豆粉 || 一碗豌豆粉,4708|8430|16487,可能是原生食材，但频次、命名或类别证据不足
1353,香草豆荚,14,干豆类及其制品,,小半根香草豆荚 || 半根香草豆荚 || 一根香草豆荚,5461|12679|19918,可能是原生食材，但频次、命名或类别证据不足
1356,腌菜,14,蔬菜类及其制品,,100克腌菜 || 1勺腌菜 || 少许腌菜,6823|7766|8173,可能是原生食材，但频次、命名或类别证据不足
1364,细挂面,14,谷类及其制品,,一小把细挂面 || 200g细挂面 || 细挂面,11545|23731|32632,可能是原生食材，但频次、命名或类别证据不足
1367,各种菜,14,蔬菜类及其制品,,各种菜 || 若干各种菜 || 随意各种菜,12854|22851|45036|60699,可能是原生食材，但频次、命名或类别证据不足
1368,卤蛋,14,蛋类及其制品,,卤蛋 || 半个卤蛋 || 一个卤蛋,13009|28371|32324,可能是原生食材，但频次、命名或类别证据不足
1369,油浸金枪鱼,14,鱼虾蟹贝类,,200克油浸金枪鱼 || 1罐油浸金枪鱼 || 2-3勺油浸金枪鱼,13297|21087|24930|25722,可能是原生食材，但频次、命名或类别证据不足
1370,黑芝麻糊,14,坚果种子类,,黑芝麻糊 || 100克黑芝麻糊 || 2包（40g）黑芝麻糊,13631|26730|46026,可能是原生食材，但频次、命名或类别证据不足
1376,口菇,14,菌藻类,,6只口菇 || 口菇 || 4-5个口菇,17510|18633|25641,可能是原生食材，但频次、命名或类别证据不足
1387,鸡骨,14,禽肉类及其制品,,鸡骨 || 200克鸡骨 || 300克鸡骨,27659|47068|58427,可能是原生食材，但频次、命名或类别证据不足
1388,新鲜蔬菜,14,蔬菜类及其制品,,,,可能是原生食材，但频次、命名或类别证据不足
1389,小胡萝卜,14,蔬菜类及其制品,,,,可能是原生食材，但频次、命名或类别证据不足
1393,肉眼牛排,14,畜肉类及其制品,,300g肉眼牛排 || 150 G肉眼牛排 || 1块肉眼牛排,48191|54864|98936,可能是原生食材，但频次、命名或类别证据不足
1394,各种配菜,14,蔬菜类及其制品,,各种配菜 || 适量各种配菜 || 随意各种配菜,84992|148016|156437|168559,可能是原生食材，但频次、命名或类别证据不足
1398,新鲜蘑菇,14,菌藻类,,,,可能是原生食材，但频次、命名或类别证据不足
1402,香菇干,14,菌藻类,,5个香菇干 || 15朵香菇干 || 香菇干,152|4125|8001,可能是原生食材，但频次、命名或类别证据不足
1403,菌类,14,菌藻类,,适量菌类 || 100g菌类 || 随意菌类,668|38118|63554,可能是原生食材，但频次、命名或类别证据不足
1407,椰肉,14,畜肉类及其制品,,新鲜椰肉 || 160g椰肉 || 110克3.椰肉,7510|14914|26628,可能是原生食材，但频次、命名或类别证据不足
1414,水煮蛋,14,蛋类及其制品,,煮蛋 || 半个煮蛋,84707|115877|135936,可能是原生食材，但频次、命名或类别证据不足
1415,小鸡腿,14,禽肉类及其制品,,,,可能是原生食材，但频次、命名或类别证据不足
1417,蔬菜类,14,蔬菜类及其制品,,蔬菜类 || 150克蔬菜类 || 随意蔬菜类,10436|56817|76786,可能是原生食材，但频次、命名或类别证据不足
1423,干海椒,14,蔬菜类及其制品,,干海椒 || 1撮干海椒 || 粒干海椒，花椒,6765|12674|22172,可能是原生食材，但频次、命名或类别证据不足
1424,蒜姜,14,蔬菜类及其制品,,蒜姜 || 蒜 姜 || 适量蒜姜,110|295|8390|24868,可能是原生食材，但频次、命名或类别证据不足
1426,混合蔬菜,14,蔬菜类及其制品,,两勺混合蔬菜 || 100g混合蔬菜 || 80混合蔬菜,48776|52431|148628,可能是原生食材，但频次、命名或类别证据不足
1428,速冻玉米,14,谷类及其制品,,速冻玉米 || 若干速冻玉米,74219|145272|181496,可能是原生食材，但频次、命名或类别证据不足
1429,洋葱洋葱,14,蔬菜类及其制品,,2/3个洋葱洋葱 || 1/4个洋葱洋葱 || 小洋葱3个洋葱,26017|73790|81831,可能是原生食材，但频次、命名或类别证据不足
1430,普通面,14,谷类及其制品,,200克普通面 || 两碗普通面,10933|37401|122236,可能是原生食材，但频次、命名或类别证据不足
1434,鸭子,13,禽肉类及其制品,,半只鸭子 || 1只鸭子 || 一只鸭子,431|4460|4726,可能是原生食材，但频次、命名或类别证据不足
1435,鲜肉,13,畜肉类及其制品,,500克鲜肉 || 一小块鲜肉 || 适量鲜肉,442|2335|11225,名称过于宽泛或形态含义不明确，禁止猜测映射
1436,板栗南瓜,13,坚果种子类,,1个板栗南瓜 || 500克板栗南瓜（去皮去瓤） || 一颗板栗南瓜,7754|23461|28515,可能是原生食材，但频次、命名或类别证据不足
1438,各种菌菇,13,菌藻类,,300克各种菌菇（口蘑，平菇，香菇，杏鲍菇都可） || 各种菌菇 || 适量各种菌菇,583|21576|103577,可能是原生食材，但频次、命名或类别证据不足
1440,豆苗,13,干豆类及其制品,,豆苗 || 300克豆苗 || 500克豆苗（蝴蝶苗）,758|9643|16791|23051,可能是原生食材，但频次、命名或类别证据不足
1446,蝶豆花粉,13,干豆类及其制品,,适量蝶豆花粉 || 蝶豆花粉 || 5克蝶豆花粉,1309|7967|12919|41144|49759|50428,可能是原生食材，但频次、命名或类别证据不足
1448,鸭脖,13,禽肉类及其制品,,2根鸭脖 || 8根鸭脖 || 250g鸭脖,1479|4122|8038,可能是原生食材，但频次、命名或类别证据不足
1449,葱结,13,蔬菜类及其制品,,1小把葱结 || 20克葱结 || 1个葱结,1596|4694|7911|8266,可能是原生食材，但频次、命名或类别证据不足
1452,白糯米,13,谷类及其制品,,白糯米 || 100g白糯米 || 100克白糯米,1830|12934|13430|19072,可能是原生食材，但频次、命名或类别证据不足
1455,螺旋意面,13,鱼虾蟹贝类,,68.8g螺旋意面（干） || 若干螺旋意面 || 3人份螺旋意面,2192|4247|19981,可能是原生食材，但频次、命名或类别证据不足
1457,海带结,13,鱼虾蟹贝类,,200克海带结 || 适量海带结 || 海带结,2690|3667|5208,可能是原生食材，但频次、命名或类别证据不足
1458,姜蒜末,13,蔬菜类及其制品,姜蒜,少许姜蒜末 || 5克姜蒜末 || 适量姜  蒜末,2859|5287|10998,形态描述存在，但原始食材无法确定
1462,青口贝,13,鱼虾蟹贝类,,5只青口贝 || 青口贝 || 11只青口贝,3280|6406|13719,可能是原生食材，但频次、命名或类别证据不足
1468,红灯笼椒,13,蔬菜类及其制品,,1个红灯笼椒 || 一只红灯笼椒 || 半只红灯笼椒,4202|11381|22738,可能是原生食材，但频次、命名或类别证据不足
1472,黄柠檬,13,水果类及其制品,,2个黄柠檬 || 1个黄柠檬 || · 黄柠檬1个,5085|11279|15819|21458,可能是原生食材，但频次、命名或类别证据不足
1474,菜干,13,蔬菜类及其制品,,200g菜干 || 菜干 || 2棵菜干,5838|8597|10465,可能是原生食材，但频次、命名或类别证据不足
1477,绿豆馅,13,干豆类及其制品,,绿豆馅 || 600克绿豆馅 || 70g绿豆馅,6346|11368|15144,可能是原生食材，但频次、命名或类别证据不足
1481,海蛎,13,鱼虾蟹贝类,,海蛎 || 200克海蛎 || 250克海蛎,8866|15545|22950,可能是原生食材，但频次、命名或类别证据不足
1483,牛里脊肉,13,畜肉类及其制品,,350克牛里脊肉 || 一斤（500克）牛里脊肉 || 约100克牛里脊肉,9367|9914|17377,可能是原生食材，但频次、命名或类别证据不足
1485,鱼籽,13,鱼虾蟹贝类,,鱼籽 || 适量鱼籽 || 300克鱼籽,9991|10737|19657,可能是原生食材，但频次、命名或类别证据不足
1489,卤肉,13,畜肉类及其制品,,适量卤肉 || 一块卤肉 || 卤肉,12917|39076|41812,可能是原生食材，但频次、命名或类别证据不足
1492,玉米玉米粒,13,谷类及其制品,,1个玉米玉米粒 || 一小个玉米玉米粒 || 半个玉米玉米粒,15890|48177|88013,可能是原生食材，但频次、命名或类别证据不足
1498,五花肉馅,13,畜肉类及其制品,,一碗五花肉馅 || 100g五花肉馅 || 500克五花肉馅,21655|23419|25021,可能是原生食材，但频次、命名或类别证据不足
1499,牛心菜,13,畜肉类及其制品,,2片牛心菜 || 半个牛心菜 || 15克牛心菜,22095|22730|30237,可能是原生食材，但频次、命名或类别证据不足
1501,面片,13,谷类及其制品,面,面片 || 一片面片 || 适量面片,22726|34673|44768|60676,形态描述存在，但原始食材无法确定
1505,香蕉叶,13,水果类及其制品,,香蕉叶(竹叶，菠萝蜜叶) || 适量香蕉叶（没有可以放蒸包布） || 1张香蕉叶,31442|34901|73063,可能是原生食材，但频次、命名或类别证据不足
1509,三文鱼排,13,鱼虾蟹贝类,,三文鱼排 || 2块400克三文鱼排 || 1个三文鱼排,35265|40787|48236,可能是原生食材，但频次、命名或类别证据不足
1517,虾饺,13,鱼虾蟹贝类,,几个虾饺 || 10只虾饺 || 虾饺,47532|92686|93344,可能是原生食材，但频次、命名或类别证据不足
1519,蔬菜水果,13,蔬菜类及其制品,,蔬菜水果 || 50-100克蔬菜水果 || 按自己口味加入适量蔬菜水果,48641|52871|57046,可能是原生食材，但频次、命名或类别证据不足
1525,北极甜虾,13,鱼虾蟹贝类,,10个北极甜虾 || 4只北极甜虾 || 12只（120克左右）北极甜虾,73290|116400|123765,可能是原生食材，但频次、命名或类别证据不足
1527,辣椒醬,13,蔬菜类及其制品,,少许辣椒醬（or番茄醬）,113219,可能是原生食材，但频次、命名或类别证据不足
1534,红曲米,13,谷类及其制品,,适量红曲米 || 20克红曲米 || 适量（造型馒头选）红曲米,527|544|10779,可能是原生食材，但频次、命名或类别证据不足
1535,生鸡蛋,13,禽肉类及其制品,,2个生鸡蛋 || 1生鸡蛋 || 生鸡蛋1个,1260|13958|45449,可能是原生食材，但频次、命名或类别证据不足
1536,麻薯,13,薯类淀粉及其制品,,100克麻薯 || 麻薯 || 240g麻薯（自制）,1717|3989|4351,可能是原生食材，但频次、命名或类别证据不足
1537,干红枣,13,坚果种子类,,100g干红枣 || 10只干红枣 || 大个干红枣,3291|4055|9295,可能是原生食材，但频次、命名或类别证据不足
1543,白煮蛋,13,蛋类及其制品,,适量白煮蛋 || 5个去壳白煮蛋 || 白煮蛋,8181|9322|9809,可能是原生食材，但频次、命名或类别证据不足
1544,牛肋条,13,畜肉类及其制品,,500g牛肋条 || 两条牛肋条 || 1斤牛肋条,9895|15865|16278,可能是原生食材，但频次、命名或类别证据不足
1547,香芋馅,13,薯类淀粉及其制品,,适量香芋馅 || #香芋馅# || 300克香芋馅（见上）,127450|192460,可能是原生食材，但频次、命名或类别证据不足
1548,综合坚果,13,坚果种子类,,120克综合坚果 || 75克综合坚果(含果脯) || 少许综合坚果,143921|175090|178647,可能是原生食材，但频次、命名或类别证据不足
1549,小芹菜,13,蔬菜类及其制品,,,,可能是原生食材，但频次、命名或类别证据不足
1552,枣泥,13,坚果种子类,,枣泥 || 180克去皮枣泥 || 320克（纯枣酱250克＋70克水）枣泥（或者某宝买的纯枣酱＋水）,1243|8170|14168,可能是原生食材，但频次、命名或类别证据不足
1558,红枣干,13,坚果种子类,,3片红枣干 || 15g红枣干 || 若干红枣干,7654|21069|22698,可能是原生食材，但频次、命名或类别证据不足
1561,猪梅花肉,13,畜肉类及其制品,,半斤猪梅花肉 || 300克猪梅花肉 || 200克猪梅花肉,14770|31428|35527,可能是原生食材，但频次、命名或类别证据不足
1564,大杏仁,13,水果类及其制品,,,,可能是原生食材，但频次、命名或类别证据不足
1566,干面,13,谷类及其制品,,1个干面 || 一小把干面 || 适量干面,6244|7040|85635,可能是原生食材，但频次、命名或类别证据不足
1569,宝宝面,13,谷类及其制品,,20克宝宝面 || 1包宝宝面 || 适量宝宝面,123|10870|16395,可能是原生食材，但频次、命名或类别证据不足
1571,干香草,13,蔬菜类及其制品,,干香草 || 少许干香草 || 适量干香草,6620|9328|28901|31519|142362,可能是原生食材，但频次、命名或类别证据不足
1577,素肉,13,畜肉类及其制品,,适量素肉 || 一盒素肉（素天下） || 一把素肉,4429|38513|48588|126642,可能是原生食材，但频次、命名或类别证据不足
1578,圆生菜,12,蔬菜类及其制品,,适量一人份圆生菜 || 若干圆生菜 || 圆生菜,64|1521|9484,可能是原生食材，但频次、命名或类别证据不足
1579,猪骨汤,12,畜肉类及其制品,,300克猪骨汤 || 适量猪骨汤 || 猪骨汤,73|65199|71471,可能是原生食材，但频次、命名或类别证据不足
1582,秋刀鱼,12,鱼虾蟹贝类,,秋刀鱼 || 1条秋刀鱼 || 5条秋刀鱼,286|922|1491,可能是原生食材，但频次、命名或类别证据不足
1584,走地鸡,12,禽肉类及其制品,,走地鸡一只 || 1只走地鸡 || 1只（1000克）走地鸡,693|1214|2182,可能是原生食材，但频次、命名或类别证据不足
1592,稻花香米,12,谷类及其制品,,2杯稻花香米 || 50克稻花香米 || 50g稻花香米,15474|67755|102437,可能是原生食材，但频次、命名或类别证据不足
1593,孢子甘蓝,12,蔬菜类及其制品,,225克孢子甘蓝 || 10个孢子甘蓝 || 孢子甘蓝,1432|4239|21285,可能是原生食材，但频次、命名或类别证据不足
1594,绿尖椒,12,蔬菜类及其制品,,2个绿尖椒 || 绿尖椒2根（不吃辣的可以略过） || 半根绿尖椒,1480|2340|12825|14221,可能是原生食材，但频次、命名或类别证据不足
1595,黄豆面,12,干豆类及其制品,,40克黄豆面 || 黄豆面 || 10g黄豆面,1501|7170|14166|14838|15703,可能是原生食材，但频次、命名或类别证据不足
1596,圆茄子,12,蔬菜类及其制品,,圆茄子 || 1个圆茄子 || 3个圆茄子,1518|1657|8140,可能是原生食材，但频次、命名或类别证据不足
1600,角瓜,12,蔬菜类及其制品,,30克角瓜 || 角瓜 || 适量角瓜,1902|6045|8198,可能是原生食材，但频次、命名或类别证据不足
1608,龙利鱼柳,12,鱼虾蟹贝类,,1条龙利鱼柳 || 500g龙利鱼柳 || 一片龙利鱼柳,2894|3660|5819,可能是原生食材，但频次、命名或类别证据不足
1611,牛骨,12,畜肉类及其制品,,半根牛骨 || 3大块牛骨 || 1公斤牛骨,2987|3579|6877,可能是原生食材，但频次、命名或类别证据不足
1615,芥兰,12,蔬菜类及其制品,,芥兰 || 克芥兰 || 一把芥兰,3449|4711|4810|6929|7649,可能是原生食材，但频次、命名或类别证据不足
1616,鸭胸肉,12,禽肉类及其制品,,1块鸭胸肉 || 3块鸭胸肉 || 300克鸭胸肉,3600|26418|31554,可能是原生食材，但频次、命名或类别证据不足
1619,鸡小胸,12,禽肉类及其制品,,3只鸡小胸 || 1块鸡小胸 || 200g鸡小胸,3857|5339|26783,可能是原生食材，但频次、命名或类别证据不足
1622,青蒜苗,12,蔬菜类及其制品,,适量青蒜苗 || 1根青蒜苗 || 2根青蒜苗,4113|6264|6277,可能是原生食材，但频次、命名或类别证据不足
1623,螺旋面,12,鱼虾蟹贝类,,30克螺旋面 || 2人份螺旋面 || 适量（根据吃的人数酌情煮）螺旋面,4307|5442|71826,可能是原生食材，但频次、命名或类别证据不足
1625,红菜椒,12,蔬菜类及其制品,,半只红菜椒 || 红菜椒 || 1只红菜椒,4642|7560|8680,可能是原生食材，但频次、命名或类别证据不足
1628,洋葱切丝,12,蔬菜类及其制品,洋葱切,半个洋葱切丝 || 洋葱切丝 || 30克洋葱切丝,4835|12660|19208,形态描述存在，但原始食材无法确定
1631,云南小瓜,12,蔬菜类及其制品,,1个云南小瓜 || 1条云南小瓜 || 云南小瓜,5865|13011|27896,可能是原生食材，但频次、命名或类别证据不足
1634,三文鱼头,12,鱼虾蟹贝类,,半个新鲜三文鱼头 || 半个三文鱼头 || 1个三文鱼头,6260|8269|18649,可能是原生食材，但频次、命名或类别证据不足
1636,辛拉面,12,谷类及其制品,,1-2袋辛拉面 || 1包辛拉面 || 一包辛拉面,6545|10250|12228,可能是原生食材，但频次、命名或类别证据不足
1637,西生菜,12,蔬菜类及其制品,,适量西生菜 || 适量西生菜，胡萝卜，紫甘蓝（我又偷懒选了蔬菜沙拉包） || 一大片西生菜,6822|10547|14578,可能是原生食材，但频次、命名或类别证据不足
1638,日本南瓜,12,蔬菜类及其制品,,一小碗日本南瓜，绿皮的 || 200g日本南瓜 || 1个日本南瓜,6885|24941|61317,可能是原生食材，但频次、命名或类别证据不足
1640,菌菇类,12,菌藻类,,一小袋菌菇类 || 100克菌菇类 || 适量菌菇类,8200|12155|126286,可能是原生食材，但频次、命名或类别证据不足
1641,蜜薯,12,薯类淀粉及其制品,,2000克左右蜜薯 || 2个蜜薯 || 一小块蜜薯,8271|63491|91500,可能是原生食材，但频次、命名或类别证据不足
1643,全麦面,12,谷类及其制品,,238g全麦面 || 五勺全麦面 || 适量全麦面,8531|29283|31507,可能是原生食材，但频次、命名或类别证据不足
1646,泡香菇水,12,菌藻类,,700ml泡香菇的水 || 100ml泡香菇的水 || 130克～150克泡香菇水,9207|49001|63038,可能是原生食材，但频次、命名或类别证据不足
1650,青线椒,12,蔬菜类及其制品,,10个青线椒 || 1个青线椒 || 2个青线椒,10574|15951|22967,可能是原生食材，但频次、命名或类别证据不足
1653,水鸭,12,禽肉类及其制品,,1只水鸭 || 一只水鸭 || 半只（约1斤）水鸭,10836|13724|19468|39417|47010,可能是原生食材，但频次、命名或类别证据不足
1658,香菜根,12,蔬菜类及其制品,,1只香菜根 || 若干香菜根 || 2根香菜根,15451|17622|21413,可能是原生食材，但频次、命名或类别证据不足
1663,魔芋面,12,谷类及其制品,,一包魔芋面 || 1包魔芋面 || 100g魔芋面,17501|18685|28134,可能是原生食材，但频次、命名或类别证据不足
1664,益生菌,12,菌藻类,,两袋益生菌 || 1包益生菌 || 200克益生菌,17713|62155|71165,可能是原生食材，但频次、命名或类别证据不足
1668,肉卷,12,畜肉类及其制品,,250克肉卷 || 适量肉卷 || 6块肉卷,18930|20186|33198,可能是原生食材，但频次、命名或类别证据不足
1670,枣泥馅,12,坚果种子类,,735克枣泥馅 || 1735克枣泥馅 || 300g枣泥馅,19936|24273|33557,可能是原生食材，但频次、命名或类别证据不足
1671,黄灯笼椒,12,蔬菜类及其制品,,半个黄灯笼椒 || 10g黄灯笼椒 || 1勺黄灯笼椒,21133|35721|39091,可能是原生食材，但频次、命名或类别证据不足
1675,薄片,12,其他类,薄,,,形态描述存在，但原始食材无法确定
1676,饭量大米,12,谷类及其制品,,看你们人数+饭量大米,26362,可能是原生食材，但频次、命名或类别证据不足
1679,牛腩肉,12,畜肉类及其制品,,600克牛腩肉 || 500克牛腩肉 || 1000克牛腩肉（或牛腱）,29186|52235|52499,可能是原生食材，但频次、命名或类别证据不足
1683,香菇水,12,菌藻类,,100毫升香菇水 || 香菇水 || 泡发香菇的水,34452|84505|101817,可能是原生食材，但频次、命名或类别证据不足
1686,姜末蒜末,12,蔬菜类及其制品,姜末蒜,若干姜末蒜末 || 适量姜末   蒜末 || 适量姜末蒜末,36322|66169|142743,形态描述存在，但原始食材无法确定
1687,扇贝柱,12,鱼虾蟹贝类,,五颗扇贝柱 || 50只扇贝柱 || 10只扇贝柱,38711|52772|61533,可能是原生食材，但频次、命名或类别证据不足
1688,鲜蘑菇,12,菌藻类,,2个鲜蘑菇 || 鲜蘑菇 || 1个鲜蘑菇,38989|45906|59667,可能是原生食材，但频次、命名或类别证据不足
1696,红绿辣椒,12,蔬菜类及其制品,,6只红绿辣椒 || 适量红绿辣椒 || 红绿辣椒,52236|88849|99022,可能是原生食材，但频次、命名或类别证据不足
1698,山药粉,12,薯类淀粉及其制品,,12克山药粉 || 少许山药粉 || 山药粉,58348|96716|97614,可能是原生食材，但频次、命名或类别证据不足
1704,新鲜香草,12,蔬菜类及其制品,,,,可能是原生食材，但频次、命名或类别证据不足
1710,大鸡腿,12,禽肉类及其制品,,,,可能是原生食材，但频次、命名或类别证据不足
1712,辣辣椒,12,蔬菜类及其制品,,,,可能是原生食材，但频次、命名或类别证据不足
1714,小葱香菜,12,蔬菜类及其制品,,,,可能是原生食材，但频次、命名或类别证据不足
1720,蒜水,12,蔬菜类及其制品,,小碗蒜水 || 一碗蒜水 || 适量大蒜水,898|6514|7044,可能是原生食材，但频次、命名或类别证据不足
1721,罗马生菜,12,蔬菜类及其制品,,罗马生菜适量 || 5片罗马生菜 || 100g罗马生菜,2843|12872|20652,可能是原生食材，但频次、命名或类别证据不足
1723,水发木耳,12,菌藻类,,50克水发木耳 || 水发木耳，香菇，黄花适量 || 60g水发木耳,2992|4396|4867,可能是原生食材，但频次、命名或类别证据不足
1725,红米,12,谷类及其制品,,50红米 || 红米 || 30克红米,4607|7038|9716,可能是原生食材，但频次、命名或类别证据不足
1729,肉泥,12,畜肉类及其制品,,适量肉泥（猪肉，牛肉滑） || 300克肉泥 || 20g肉泥,10604|31792|38918,可能是原生食材，但频次、命名或类别证据不足
1734,大西红柿,12,蔬菜类及其制品,,3－4个大的西红柿,16455,可能是原生食材，但频次、命名或类别证据不足
1744,蒲烧鳗鱼,12,鱼虾蟹贝类,,70克蒲烧鳗鱼 || 蒲烧鳗鱼 || 1条（一条500克可做3，4份）蒲烧鳗鱼,4643|31021|41138,可能是原生食材，但频次、命名或类别证据不足
1745,碎肉,12,畜肉类及其制品,,500-600克碎肉 || 碎肉 || 500g碎肉,6086|20326|65291|70713,可能是原生食材，但频次、命名或类别证据不足
1747,干鱿鱼,12,鱼虾蟹贝类,,1只干鱿鱼 || 1/3条干鱿鱼 || 1个干鱿鱼,8356|19439|27107,可能是原生食材，但频次、命名或类别证据不足
1748,生蒜,12,蔬菜类及其制品,,生蒜 || 两瓣生蒜 || 3瓣生蒜,8866|9398|28168,可能是原生食材，但频次、命名或类别证据不足
1752,吧姜,12,蔬菜类及其制品,,五六片吧姜 || 半个吧姜 || 5片吧姜,58328|101930|182876,可能是原生食材，但频次、命名或类别证据不足
1753,鱼鱼,12,鱼虾蟹贝类,,15-20只小鱼鱼,92900,可能是原生食材，但频次、命名或类别证据不足
1754,青芥,12,蔬菜类及其制品,,适量青芥 || 青芥,139691|171484,可能是原生食材，但频次、命名或类别证据不足
1755,玉米豌豆,12,干豆类及其制品,,50克玉米豌豆 || 适量玉米豌豆,26218|36728,可能是原生食材，但频次、命名或类别证据不足
1757,花生芝麻,12,坚果种子类,,适量花生芝麻,166412,可能是原生食材，但频次、命名或类别证据不足
1758,就行葱,12,蔬菜类及其制品,,一点点就行葱,35275,可能是原生食材，但频次、命名或类别证据不足
1759,肥牛肉,12,畜肉类及其制品,,125克肥牛肉 || 100克肥牛肉,28838|61528,可能是原生食材，但频次、命名或类别证据不足
1761,鲣鱼,12,鱼虾蟹贝类,,,,可能是原生食材，但频次、命名或类别证据不足
1762,芝麻花生,12,坚果种子类,,,,可能是原生食材，但频次、命名或类别证据不足
1763,姜姜,12,蔬菜类及其制品,,一整块姜姜,67823,可能是原生食材，但频次、命名或类别证据不足
1764,坚果燕麦,12,坚果种子类,,适量坚果燕麦 || 100克坚果燕麦,152232|172376|185478,可能是原生食材，但频次、命名或类别证据不足
1765,儿蒜,12,蔬菜类及其制品,,2瓣儿蒜 || 三瓣儿蒜 || 五瓣儿蒜,16107|29458|36906,可能是原生食材，但频次、命名或类别证据不足
1766,少量姜,12,蔬菜类及其制品,,少量姜 || 少量姜，葱 || 少量约3g姜,478|2198|2672|2725|4556|5314|6721|10741|12576|13511|14751|16092|16804|17755|18802|19769|25687|27152|27366|30766|31942|32374|37159|37258|39698|40244|40702|43565|44113|44922|47265|54744|55608|57011|58205|61346|63274|65239|65928|66327|68646|68992|70369|72456|73359|74120|74403|79647|82423|83461|86981|89754|91583|94425|95492|96840|97229|98094|99020|100643|101305|106006|106511|109081,可能是原生食材，但频次、命名或类别证据不足
1771,节藕,11,薯类淀粉及其制品,,2节藕 || 1节藕 || 节藕,194|266|582|694,可能是原生食材，但频次、命名或类别证据不足
1772,莜面,11,谷类及其制品,,适量莜面 || 250克莜面 || 莜面,397|931|5682,可能是原生食材，但频次、命名或类别证据不足
1773,红米椒,11,谷类及其制品,,5个红米椒 || 两个小红米椒 || 3个红米椒,418|2842|12263,可能是原生食材，但频次、命名或类别证据不足
1775,豆面,11,干豆类及其制品,,一勺豆面(可选) || 适量豆面 || 豆面,660|12722|29721,可能是原生食材，但频次、命名或类别证据不足
1777,黑枸杞,11,坚果种子类,,十几颗黑枸杞 || 适量黑枸杞 || 克黑枸杞,897|7078|24243,可能是原生食材，但频次、命名或类别证据不足
1782,黄彩椒,11,蔬菜类及其制品,,30克黄彩椒 || 半个黄彩椒 || 黄彩椒,1480|10367|14418,可能是原生食材，但频次、命名或类别证据不足
1784,公鸡,11,禽肉类及其制品,,半只公鸡 || 半只小公鸡 || 1只（3斤左右）小公鸡,1707|2077|8663,可能是原生食材，但频次、命名或类别证据不足
1785,小鱼,11,鱼虾蟹贝类,,约500克小鱼 || 250g小鱼 || 120g小鱼,1821|3135|56828,可能是原生食材，但频次、命名或类别证据不足
1786,澄面,11,谷类及其制品,,10克澄面 || 125克澄面 || 70克澄面（小麦淀粉）,1918|8122|9537,可能是原生食材，但频次、命名或类别证据不足
1787,鱼骨,11,鱼虾蟹贝类,,1条鱼骨 || 一条鱼骨 || 鱼骨,2246|7692|34501,可能是原生食材，但频次、命名或类别证据不足
1789,鸡蛋干,11,禽肉类及其制品,,一包鸡蛋干 || 2个鸡蛋干 || 1/4个鸡蛋干,2560|13032|18659,可能是原生食材，但频次、命名或类别证据不足
1793,葱香菜,11,蔬菜类及其制品,,小葱香菜 || 适量小葱香菜 || 适量小葱 香菜,2958|5798|16193,可能是原生食材，但频次、命名或类别证据不足
1795,尖辣椒,11,蔬菜类及其制品,,两个尖辣椒 || 1个尖辣椒 || 500g尖辣椒,3311|5399|16548,可能是原生食材，但频次、命名或类别证据不足
1799,绿豆面,11,干豆类及其制品,,2勺绿豆面 || 100g绿豆面 || 100克绿豆面,3860|10772|10787,可能是原生食材，但频次、命名或类别证据不足
1800,可生食鸡蛋,11,禽肉类及其制品,,1-2颗可生食鸡蛋 || 1个可生食鸡蛋 || 2个可生食鸡蛋,3922|6513|11946,可能是原生食材，但频次、命名或类别证据不足
1801,梨子,11,水果类及其制品,,一个梨子 || 2个梨子 || 半个梨子,3928|8013|8490,可能是原生食材，但频次、命名或类别证据不足
1802,肘子,11,畜肉类及其制品,,1000g肘子 || 肘子 || 300-400g小肘子,4047|10897|14815,可能是原生食材，但频次、命名或类别证据不足
1807,红小米椒,11,谷类及其制品,,3个红小米椒 || 7个红小米椒 || 1000克红小米椒,4766|28583|34720,可能是原生食材，但频次、命名或类别证据不足
1810,清远鸡,11,禽肉类及其制品,,只清远鸡 || 半只清远鸡 || 1只清远鸡,5101|13179|15163|20800,可能是原生食材，但频次、命名或类别证据不足
1812,米汤,11,谷类及其制品,,适量米汤 || 半碗米汤 || 850克大米汤,5576|17025|19369,可能是原生食材，但频次、命名或类别证据不足
1813,圆糯米,11,谷类及其制品,,一斤圆糯米 || 30克圆糯米 || 500克圆糯米,5912|6166|13776,可能是原生食材，但频次、命名或类别证据不足
1818,泡萝卜,11,蔬菜类及其制品,,1个泡萝卜 || 1块泡萝卜 || 半斤泡萝卜,6591|22765|26186,可能是原生食材，但频次、命名或类别证据不足
1821,酥肉,11,畜肉类及其制品,,酥肉 || 小酥肉 || 适量酥肉,7605|37746|44211,可能是原生食材，但频次、命名或类别证据不足
1824,蘑菇精,11,菌藻类,,少许蘑菇精 || 适量蘑菇精 || 一小勺蘑菇精,7825|9753|12590|16692|20172,可能是原生食材，但频次、命名或类别证据不足
1825,纳豆,11,干豆类及其制品,,1盒纳豆 || 一盒纳豆 || 纳豆,7858|17466|35898,可能是原生食材，但频次、命名或类别证据不足
1828,蔬菜汤,11,蔬菜类及其制品,,#蔬菜汤 || 400ML蔬菜汤 || 150克蔬菜汤,8405|45586|63007,可能是原生食材，但频次、命名或类别证据不足
1829,羊肉汤,11,畜肉类及其制品,,一碗羊肉汤 || 200ml羊肉汤 || 四勺羊肉汤,8727|21504|30314,可能是原生食材，但频次、命名或类别证据不足
1831,嫩鸡,11,禽肉类及其制品,,1-2斤嫩鸡 || 1只嫩鸡（2斤左右） || 1只（净重约1250克）嫩鸡,9071|29529|31099,可能是原生食材，但频次、命名或类别证据不足
1833,红葱,11,蔬菜类及其制品,,5个红葱 || 1小只红葱 || 3根红葱,9902|23056|32340,可能是原生食材，但频次、命名或类别证据不足
1840,脆片,11,其他类,脆,一半脆片,11836,形态描述存在，但原始食材无法确定
1841,柠檬水,11,水果类及其制品,,一大碗柠檬水 || 1g柠檬水 || 一点点的柠檬水,12049|14656|92164,可能是原生食材，但频次、命名或类别证据不足
1842,半肥瘦猪肉,11,畜肉类及其制品,,200g半肥瘦猪肉 || 5块半肥瘦猪肉 || 适量半肥瘦猪肉,13293|27515|36985,可能是原生食材，但频次、命名或类别证据不足
1843,豬肉,11,畜肉类及其制品,,豬肉 || 250克豬肉 || 300克豬肉,13907|62447|64711|66194|99642|151256,可能是原生食材，但频次、命名或类别证据不足
1844,绿甘蓝,11,蔬菜类及其制品,,半个绿甘蓝 || 适量绿甘蓝 || 绿甘蓝,14036|62101|66112,可能是原生食材，但频次、命名或类别证据不足
1845,红薯馅,11,薯类淀粉及其制品,,红薯馅 || 约90克红薯馅 || #红薯馅,14427|75402|77871,可能是原生食材，但频次、命名或类别证据不足
1848,胚芽米,11,干豆类及其制品,,适量胚芽米（饭或粥） || 适量胚芽米 || 一小把胚芽米,16042|16493|25773,可能是原生食材，但频次、命名或类别证据不足
1852,牛筋丸,11,畜肉类及其制品,,6颗牛筋丸 || 1袋牛筋丸 || 若干牛筋丸,17649|27398|37398,可能是原生食材，但频次、命名或类别证据不足
1853,生姜大蒜,11,蔬菜类及其制品,,适量生姜 大蒜 || 若干生姜大蒜 || 适量（看个人喜好）生姜大蒜,18035|35222|46117,可能是原生食材，但频次、命名或类别证据不足
1854,其他海鲜,11,鱼虾蟹贝类,,适量其他海鲜 || 其他海鲜亦可 || 随意其他海鲜,18215|92747|96359,可能是原生食材，但频次、命名或类别证据不足
1858,油葱酥,11,蔬菜类及其制品,,适量油葱酥 || 4大匙油葱酥 || 2 大勺油葱酥,20531|32606|56903,可能是原生食材，但频次、命名或类别证据不足
1860,干黑木耳,11,菌藻类,,10g干黑木耳 || 3朵干黑木耳 || 少许干黑木耳,22209|28245|37412,可能是原生食材，但频次、命名或类别证据不足
1865,泡小米椒,11,谷类及其制品,,1把(喜欢吃辣多放些)泡小米椒(小米椒) || 三个泡小米椒 || 10个泡的小米椒,28284|36677|40416,可能是原生食材，但频次、命名或类别证据不足
1867,坚果麦片,11,坚果种子类,坚果麦,200克坚果麦片 || 适量坚果麦片 || 坚果麦片适量,29054|53688|87803|105761|124900,形态描述存在，但原始食材无法确定
1869,胡萝卜土豆,11,干豆类及其制品,,适量胡萝卜土豆 || 胡萝卜 土豆,30257|65205,可能是原生食材，但频次、命名或类别证据不足
1871,蒜末姜末,11,蔬菜类及其制品,蒜末姜,蒜末 姜末 || 少许蒜末姜末 || 适量蒜末姜末,31346|110827|129110,形态描述存在，但原始食材无法确定
1878,大小洋葱,11,蔬菜类及其制品,,,,可能是原生食材，但频次、命名或类别证据不足
1880,紫色洋葱,11,蔬菜类及其制品,,一点点紫色洋葱 || 紫色洋葱 || 半个紫色洋葱,46579|58841|68807,可能是原生食材，但频次、命名或类别证据不足
1881,头水紫菜,11,鱼虾蟹贝类,,若干张头水紫菜 || 随意头水紫菜,63126|96462,可能是原生食材，但频次、命名或类别证据不足
1883,鸡翅膀,11,禽肉类及其制品,,8个鸡翅膀 || 2只鸡翅膀 || 2个鸡翅膀,49896|72538|181450,可能是原生食材，但频次、命名或类别证据不足
1885,鸡蛋蛋白,11,禽肉类及其制品,,2只鸡蛋蛋白 || 5个大鸡蛋 蛋白 || 2个水煮鸡蛋蛋白,58136|62633|90447|93730,可能是原生食材，但频次、命名或类别证据不足
1887,了鸡蛋,11,禽肉类及其制品,,我用了四个鸡蛋,187418,可能是原生食材，但频次、命名或类别证据不足
1888,剁碎,11,其他类,剁,剁碎，适量尖椒 || 剁碎，适量姜,81155|166929,形态描述存在，但原始食材无法确定
1891,小青椒,11,蔬菜类及其制品,,,,可能是原生食材，但频次、命名或类别证据不足
1896,和白芝麻,11,坚果种子类,白芝麻,,,疑似多食材组合，但无法百分之百确认全部组成
1898,粉末,11,其他类,粉,,,形态描述存在，但原始食材无法确定
1906,长茄子,11,蔬菜类及其制品,,1条长茄子 || 2根长茄子 || 3根长茄子,22|1328|1455,可能是原生食材，但频次、命名或类别证据不足
1907,清鸡汤,11,禽肉类及其制品,,清鸡汤（可选） || 清鸡汤 || 300克清鸡汤,308|9846|38577,可能是原生食材，但频次、命名或类别证据不足
1912,榴莲果肉,11,水果类及其制品,,300-400克榴莲果肉 || 100克榴莲果肉 || 550g榴莲果肉,3112|3993|21930,可能是原生食材，但频次、命名或类别证据不足
1913,牛蒡,11,畜肉类及其制品,,1/4条牛蒡 || 200克牛蒡 || 1杯牛蒡,4779|9836|15313,可能是原生食材，但频次、命名或类别证据不足
1914,芒果果肉,11,水果类及其制品,,90g芒果果肉 || 360克-400克芒果果肉 || 400g芒果果肉,6404|14720|24759,可能是原生食材，但频次、命名或类别证据不足
1916,火鸡面,11,禽肉类及其制品,,1包火鸡面 || 一包火鸡面 || 火鸡面,7518|8504|14448|15229|17824,可能是原生食材，但频次、命名或类别证据不足
1917,薯条,11,薯类淀粉及其制品,,#薯条 || 薯条 || 一袋薯条,8405|12883|15553,可能是原生食材，但频次、命名或类别证据不足
1919,冻干草莓,11,水果类及其制品,,25克冻干草莓 || 60克冻干草莓 || 30g冻干草莓,9187|29111|43134|43242,可能是原生食材，但频次、命名或类别证据不足
1921,草莓果泥,11,水果类及其制品,,140克草莓果泥 || 50g草莓果泥 || 80克草莓果泥,11554|21563|28104|29504,可能是原生食材，但频次、命名或类别证据不足
1928,鸡柳,11,禽肉类及其制品,,1包鸡柳 || 一个鸡柳 || 一根鸡柳,19015|20354|24968,可能是原生食材，但频次、命名或类别证据不足
1930,甜菜根粉,11,蔬菜类及其制品,,5克甜菜根粉 || 13克甜菜根粉 || 15克甜菜根粉,34986|35936|54741,可能是原生食材，但频次、命名或类别证据不足
1935,大红枣,11,坚果种子类,,,,可能是原生食材，但频次、命名或类别证据不足
1936,大芒果,11,水果类及其制品,,1/4个大芒果,193933,可能是原生食材，但频次、命名或类别证据不足
1937,小鸡蛋,11,禽肉类及其制品,,,,可能是原生食材，但频次、命名或类别证据不足
1938,虾子,11,鱼虾蟹贝类,,鸡胸肉+牛肉+虾子 || 8只虾子 || 15克虾子,338|10991|27192,可能是原生食材，但频次、命名或类别证据不足
1939,猪腰,11,畜肉类及其制品,,3片猪腰 || 猪腰 || 2至3个猪腰,1354|1399|2545,可能是原生食材，但频次、命名或类别证据不足
1941,猪头肉,11,畜肉类及其制品,,猪头肉 || 200克猪头肉 || 适量猪头肉,1081|11008|27094,可能是原生食材，但频次、命名或类别证据不足
1943,杏子,11,水果类及其制品,,适量杏子 || 1000g新鲜杏子 || 500克杏,1835|4295|4716,可能是原生食材，但频次、命名或类别证据不足
1945,配菜,11,蔬菜类及其制品,,配菜 || 适量配菜 || #配菜,176|287|2807,可能是原生食材，但频次、命名或类别证据不足
1946,炸鸡,11,禽肉类及其制品,,#炸鸡,7373,可能是原生食材，但频次、命名或类别证据不足
1947,意式香草,11,蔬菜类及其制品,,少许意式香草 || 少许意式香草（可无） || 意式香草,8794|47136|92906,可能是原生食材，但频次、命名或类别证据不足
1948,响螺,11,鱼虾蟹贝类,,一片响螺 || 一小块响螺 || 1个响螺,11341|61166|61167,可能是原生食材，但频次、命名或类别证据不足
1953,大小猪肉,11,畜肉类及其制品,,,,可能是原生食材，但频次、命名或类别证据不足
1956,干玉米,11,谷类及其制品,,,,可能是原生食材，但频次、命名或类别证据不足
1958,克肉,11,畜肉类及其制品,,250+克肉 || 几小块克肉,22482|90336,名称过于宽泛或形态含义不明确，禁止猜测映射
1962,猪肉肉,11,畜肉类及其制品,,100克猪肉肉 || 200克猪肉肉,139699|157954,可能是原生食材，但频次、命名或类别证据不足
1963,烤肉,11,畜肉类及其制品,,烤肉 || #烤肉 || 少许烤肉,30069|98196|110186|190305,可能是原生食材，但频次、命名或类别证据不足
1965,粟米,11,谷类及其制品,,一条粟米 || 粟米 || 2条粟米,27785|42832|50121,可能是原生食材，但频次、命名或类别证据不足
1966,鸡鸡,11,禽肉类及其制品,,鸡鸡,134547,可能是原生食材，但频次、命名或类别证据不足
1967,混合燕麦,11,谷类及其制品,,75克混合燕麦 || 200克混合燕麦,96019|193762,可能是原生食材，但频次、命名或类别证据不足
1968,吧葱,11,蔬菜类及其制品,,,,可能是原生食材，但频次、命名或类别证据不足
1971,玉米青豆,11,干豆类及其制品,,适量玉米青豆 || 若干玉米青豆 || 随意玉米青豆,26598|47513|52149,可能是原生食材，但频次、命名或类别证据不足
1972,任意坚果,11,坚果种子类,,20克任意坚果 || 任意坚果（葵花籽，松子，花生，杏仁等）275g || 100克任意坚果（浸泡1晚）,36363|83178|122623,可能是原生食材，但频次、命名或类别证据不足
1973,生杏仁,11,水果类及其制品,,100克生杏仁 || 50克生杏仁 || 1杯 约140克生杏仁（浸泡冲洗）,40526|44894|53137,可能是原生食材，但频次、命名或类别证据不足
1974,大蒜姜,11,蔬菜类及其制品,,,,可能是原生食材，但频次、命名或类别证据不足
1975,丝胡萝卜,11,蔬菜类及其制品,,丝胡萝卜,161029|176543,可能是原生食材，但频次、命名或类别证据不足
1976,玉米青豆胡萝卜,11,干豆类及其制品,,适量玉米青豆胡萝卜 || 适量玉米 青豆 胡萝卜,2684|46771,可能是原生食材，但频次、命名或类别证据不足
1978,海螺,10,鱼虾蟹贝类,,1000克海螺 || 海螺 || 4-5个大海螺,112|9991|19368,可能是原生食材，但频次、命名或类别证据不足
1979,鸡小腿,10,禽肉类及其制品,,10只鸡小腿 || 两只（两个人早餐量）鸡小腿 || 2只鸡小腿,164|20482|23946,可能是原生食材，但频次、命名或类别证据不足
1981,野菜,10,蔬菜类及其制品,,野菜 || 适量野菜 || 野菜2斤,342|14661|38882,可能是原生食材，但频次、命名或类别证据不足
1987,蛋饺,10,蛋类及其制品,,蛋饺 || 一盒（超市一般有的卖）蛋饺 || 2个蛋饺,997|12312|34068,可能是原生食材，但频次、命名或类别证据不足
1990,香芹叶,10,蔬菜类及其制品,,3片香芹叶 || 香芹叶 || 适量香芹叶,1081|2507|55934,可能是原生食材，但频次、命名或类别证据不足
1991,大小土豆,10,干豆类及其制品,,,,可能是原生食材，但频次、命名或类别证据不足
1993,牛肋排,10,畜肉类及其制品,,500g牛肋排 || 2000克牛肋排 || 125g牛肋排,1362|5406|7629,可能是原生食材，但频次、命名或类别证据不足
1996,蛋清鸡蛋,10,禽肉类及其制品,,4个蛋清鸡蛋 || 蛋清鸡蛋 || 一个蛋清鸡蛋,1488|28801|34100,可能是原生食材，但频次、命名或类别证据不足
1999,棵香菜,10,蔬菜类及其制品,,1大棵香菜 || 2小棵香菜 || 一小棵香菜,1568|8339|11644,可能是原生食材，但频次、命名或类别证据不足
2001,生花生米,10,谷类及其制品,,生花生米 || 1把生花生米 || 300克左右生花生米,1733|2655|6542,可能是原生食材，但频次、命名或类别证据不足
2002,玉米碴,10,谷类及其制品,,玉米碴 || 100克玉米碴 || 适量玉米碴,1830|16105|39461|85165,可能是原生食材，但频次、命名或类别证据不足
2003,红干椒,10,蔬菜类及其制品,,若干红干椒 || 红干椒 || 红干椒2个,1906|12163|14414|31236,可能是原生食材，但频次、命名或类别证据不足
2008,鱼柳,10,鱼虾蟹贝类,,半条鱼柳 || 一条鱼柳 || 1片鱼柳,2052|12650|14592,可能是原生食材，但频次、命名或类别证据不足
2010,杂豆,10,干豆类及其制品,,200克杂豆 || 杂豆 || 适量杂豆,2298|47207|49582,可能是原生食材，但频次、命名或类别证据不足
2011,干银耳,10,菌藻类,,10g干银耳 || 3朵干银耳 || 10克干银耳,2497|5822|12329,可能是原生食材，但频次、命名或类别证据不足
2012,泡豇豆,10,干豆类及其制品,,1根泡豇豆 || 适量泡豇豆 || 65克泡豇豆,2885|14456|31757,可能是原生食材，但频次、命名或类别证据不足
2014,猪肠衣,10,畜肉类及其制品,,四根猪肠衣 || 适量猪肠衣 || 1袋猪肠衣,3061|3605|5986,可能是原生食材，但频次、命名或类别证据不足
2016,蜜瓜,10,蔬菜类及其制品,,1个蜜瓜 || 500g蜜瓜(果肉) || 1块蜜瓜,3088|7396|23002,可能是原生食材，但频次、命名或类别证据不足
2018,膏蟹,10,鱼虾蟹贝类,,3只膏蟹 || 数只膏蟹 || 1只膏蟹,3200|32090|40519,可能是原生食材，但频次、命名或类别证据不足
2019,胡萝卜渣,10,蔬菜类及其制品,,20g胡萝卜渣 || 20克胡萝卜渣 || 30克胡萝卜渣(原汁机榨汁后的渣),3208|18349|57234,可能是原生食材，但频次、命名或类别证据不足
2023,各类坚果,10,坚果种子类,,80克各类坚果 || 各类坚果 || 60g各类坚果,3451|8838|31154,可能是原生食材，但频次、命名或类别证据不足
2029,肉圆,10,畜肉类及其制品,,肉圆 || 个自制肉圆6 || 6-8个肉圆,4764|20961|23235,可能是原生食材，但频次、命名或类别证据不足
2030,白薯,10,薯类淀粉及其制品,,2个白薯 || 200克白薯 || 三四个白薯,4947|16088|97592,可能是原生食材，但频次、命名或类别证据不足
2032,鱼块,10,鱼虾蟹贝类,,一斤去骨鱼块 || 鱼块 || 150g鱼块,5004|12210|18369,名称过于宽泛或形态含义不明确，禁止猜测映射
2033,涮菜,10,蔬菜类及其制品,,#涮菜 || 涮菜,5373|64174|98330|149186,可能是原生食材，但频次、命名或类别证据不足
2034,蛤蜊肉,10,鱼虾蟹贝类,,3两蛤蜊肉 || 500g蛤蜊肉 || 1把蛤蜊肉,5383|5699|58366,可能是原生食材，但频次、命名或类别证据不足
2036,榛子粉,10,坚果种子类,,30g榛子粉 || 2大勺榛子粉 || 10克榛子粉,21478|31351|37923,可能是原生食材，但频次、命名或类别证据不足
2037,姬松茸,10,菌藻类,,10颗新鲜姬松茸 || 姬松茸 || 10朵姬松茸,5704|7081|7642,可能是原生食材，但频次、命名或类别证据不足
2040,鱼排,10,鱼虾蟹贝类,,鱼排 || 4条鱼排 || 半斤新鲜鱼排,6045|20610|35753,名称过于宽泛或形态含义不明确，禁止猜测映射
2042,三文鱼骨,10,鱼虾蟹贝类,,1条三文鱼骨 || 一份三文鱼骨 || 4块三文鱼骨,6153|32348|52186,可能是原生食材，但频次、命名或类别证据不足
2043,红柿子椒,10,蔬菜类及其制品,,50g红柿子椒 || 红柿子椒 || 1个红柿子椒,6445|9707|12726,可能是原生食材，但频次、命名或类别证据不足
2044,泡海椒,10,蔬菜类及其制品,,2个泡海椒 || 6个泡海椒 || 10个泡海椒,6591|12785|16837,可能是原生食材，但频次、命名或类别证据不足
2047,米大米,10,谷类及其制品,,一碗米大米 || 一小碗米大米 || 半小碗米大米,6806|11538|122800,可能是原生食材，但频次、命名或类别证据不足
2052,猪骨头,10,畜肉类及其制品,,200g猪骨头 || 10块钱的猪骨头 || 5块猪骨头,7654|9908|15956,可能是原生食材，但频次、命名或类别证据不足
2054,甜豌豆,10,干豆类及其制品,,甜豌豆 || 2把甜豌豆 || 适量甜豌豆,7900|17528|26125|32463,可能是原生食材，但频次、命名或类别证据不足
2055,南瓜南瓜,10,蔬菜类及其制品,,去皮南瓜130克南瓜 || 小南瓜半个南瓜 || 100g一个整个的小南瓜南瓜,8111|120795|163428,可能是原生食材，但频次、命名或类别证据不足
2056,椰子肉,10,水果类及其制品,,椰子肉 || 1个椰子肉 || 半个，去皮椰子肉,8412|13426|28350|81476,可能是原生食材，但频次、命名或类别证据不足
2059,香草冰激凌,10,蔬菜类及其制品,,随意香草冰激凌 || 一勺香草冰激凌 || 750ml香草冰激凌,8779|10079|11078,可能是原生食材，但频次、命名或类别证据不足
2061,炖肉包,10,畜肉类及其制品,,炖肉包 || 一个炖肉包 || （用纱布包裹住少许桂皮、香叶、草果、陈皮）炖肉包,9117|102021|153491,可能是原生食材，但频次、命名或类别证据不足
2062,白贝,10,鱼虾蟹贝类,,大概一斤左右白贝 || 适量白贝 || 1斤白贝,9403|10558|10611,可能是原生食材，但频次、命名或类别证据不足
2064,葱姜蒜香菜,10,蔬菜类及其制品,,葱 姜 蒜  香菜 || 葱姜蒜香菜   若干，用来提味 || 随意葱姜蒜香菜,9840|17523|30797,可能是原生食材，但频次、命名或类别证据不足
2068,螺丝面,10,鱼虾蟹贝类,,螺丝面 || 一碗一人份螺丝面(通心粉) || 克螺丝面（未煮前）50,10869|12568|90566|90629,可能是原生食材，但频次、命名或类别证据不足
2071,头大蒜,10,蔬菜类及其制品,,一整头大蒜 || 2大头大蒜 || 两整头大蒜,12142|21344|27322|46736|61765|87234|97839,可能是原生食材，但频次、命名或类别证据不足
2072,里脊肉丝,10,畜肉类及其制品,里脊肉,100克里脊肉丝 || 适量里脊肉丝 || 里脊肉丝,12478|26719|53168,形态描述存在，但原始食材无法确定
2073,二荆条辣椒,10,蔬菜类及其制品,,二荆条辣椒 || 5个二荆条辣椒 || 4个二荆条辣椒,12631|12791|25142,可能是原生食材，但频次、命名或类别证据不足
2075,萝卜菜,10,蔬菜类及其制品,,适量萝卜菜 || 500克萝卜菜 || 萝卜菜,12842|13163|34923,可能是原生食材，但频次、命名或类别证据不足
2077,红甜椒粉,10,蔬菜类及其制品,,1勺红甜椒粉 || 1/4勺红甜椒粉 || 红甜椒粉,13047|68571|112864,可能是原生食材，但频次、命名或类别证据不足
2078,鸭爪,10,禽肉类及其制品,,1000克鸭爪 || 鸭爪 || 1斤鸭爪,13249|44854|46866,可能是原生食材，但频次、命名或类别证据不足
2084,大小西红柿,10,蔬菜类及其制品,,,,可能是原生食材，但频次、命名或类别证据不足
2091,香菇木耳,10,菌藻类,,香菇木耳 || 只香菇木耳,107317|126407|154059,可能是原生食材，但频次、命名或类别证据不足
2092,眼肉牛排,10,畜肉类及其制品,,眼肉牛排 || 150克眼肉牛排,17734|175734,可能是原生食材，但频次、命名或类别证据不足
2095,枸杞红枣,10,坚果种子类,,适量枸杞 红枣 || 适量枸杞红枣 || 枸杞红枣,20977|23520|29560,可能是原生食材，但频次、命名或类别证据不足
2096,纳豆菌,10,菌藻类,,2克纳豆菌 || 1g纳豆菌 || 纳豆菌,20999|23662|54411,可能是原生食材，但频次、命名或类别证据不足
2102,各种青菜,10,蔬菜类及其制品,,1颗各种青菜 || 一小把各种青菜 || 随意各种青菜,26632|51126|167116,可能是原生食材，但频次、命名或类别证据不足
2104,一段,10,其他类,一,一段，3瓣葱蒜 || 6cm的一段，切片姜 || 约10cm一段，A葱段,27478|140932|169833,形态描述存在，但原始食材无法确定
2107,山核桃仁,10,水果类及其制品,,300g山核桃仁 || 山核桃仁 || 50克山核桃仁,29133|37291|148836,可能是原生食材，但频次、命名或类别证据不足
2108,燕麦麸,10,谷类及其制品,,40克左右燕麦麸 || 燕麦麸 || 20-30g燕麦麸,29449|54487|70440,可能是原生食材，但频次、命名或类别证据不足
2110,蒜头酥,10,蔬菜类及其制品,,1勺蒜头酥 || 适量蒜头酥,30278|195213,可能是原生食材，但频次、命名或类别证据不足
2112,洋葱胡萝卜,10,蔬菜类及其制品,,洋葱胡萝卜 || 少许洋葱胡萝卜 || 洋葱 胡萝卜,30771|50987|152527,可能是原生食材，但频次、命名或类别证据不足
2123,蛋黄水,10,蛋类及其制品,,一个蛋黄水,152416,可能是原生食材，但频次、命名或类别证据不足
2125,拆骨肉,10,畜肉类及其制品,,一大份拆骨肉 || 拆骨肉,37050|81129,可能是原生食材，但频次、命名或类别证据不足
2126,谷物麦片,10,谷类及其制品,谷物麦,20克谷物麦片 || 1/4杯谷物麦片 || 适量谷物麦片,38046|79336|97789,形态描述存在，但原始食材无法确定
2128,姜末姜,10,蔬菜类及其制品,,姜末姜 || 两勺姜末姜 || 少许姜末姜,41203|59462|65978|77134,可能是原生食材，但频次、命名或类别证据不足
2131,骨肉相连,10,畜肉类及其制品,,2根骨肉相连 || 7串骨肉相连 || 两串骨肉相连,44476|54838|82601,可能是原生食材，但频次、命名或类别证据不足
2134,淡菜干,10,蔬菜类及其制品,,8-10个淡菜干 || 克淡菜干,46390|51534,可能是原生食材，但频次、命名或类别证据不足
2138,各种肉类,10,畜肉类及其制品,,200g各种肉类 || 各种肉类 || 适量各种肉类,56315|66797|119122|152107|164203,可能是原生食材，但频次、命名或类别证据不足
2139,全麦意面,10,谷类及其制品,,100g全麦意面 || 80-100克全麦意面 || 适量全麦意面,57022|80884|87353,可能是原生食材，但频次、命名或类别证据不足
2141,热干面,10,谷类及其制品,,适量热干面 || #热干面（1人份） || 250克(一人份)热干面,61194|65211|88660,可能是原生食材，但频次、命名或类别证据不足
2145,肉五花肉,10,畜肉类及其制品,,12块左右的肉五花肉,95977,可能是原生食材，但频次、命名或类别证据不足
2152,鸡蛋挂面,10,禽肉类及其制品,,鸡蛋挂面 || 适量鸡蛋挂面 || 一人份鸡蛋挂面,84496|126744|148946,可能是原生食材，但频次、命名或类别证据不足
2154,碎碎,10,其他类,碎,,,形态描述存在，但原始食材无法确定
2164,克葱花,10,蔬菜类及其制品,,少许剁碎克葱花 || 一点点克葱花 || 随意克葱花,132199|144403|155816,可能是原生食材，但频次、命名或类别证据不足
2169,火鸡肉,10,禽肉类及其制品,,,,可能是原生食材，但频次、命名或类别证据不足
2179,小土豆土豆,10,干豆类及其制品,,,,可能是原生食材，但频次、命名或类别证据不足
2182,香菜籽,10,蔬菜类及其制品,,0.5个香菜籽 || 1大勺(15ml)香菜籽 || 1汤匙香菜籽（烘烤过）,594|4661|9597,可能是原生食材，但频次、命名或类别证据不足
2184,雞蛋,10,蛋类及其制品,,雞蛋 || 1雞蛋 || 1个雞蛋,1463|4405|9685,可能是原生食材，但频次、命名或类别证据不足
2185,羊肠衣,10,畜肉类及其制品,,6根羊肠衣 || 4/5根羊肠衣 || 5根羊肠衣,1971|4221|4872,可能是原生食材，但频次、命名或类别证据不足
2190,榴莲壳,10,水果类及其制品,,适量榴莲壳 || 二片榴莲壳 || 半个榴莲壳,7264|26770|46792|54342|83393,可能是原生食材，但频次、命名或类别证据不足
2191,毛豆仁,10,干豆类及其制品,,几粒毛豆仁 || 150克毛豆仁 || 适量毛豆仁,12526|14118|15361,可能是原生食材，但频次、命名或类别证据不足
2192,凤梨馅,10,水果类及其制品,,凤梨馅 || 200克凤梨馅 || 若干凤梨馅,9389|14212|17814|18213|36807|52460|60634,可能是原生食材，但频次、命名或类别证据不足
2195,白虾,10,鱼虾蟹贝类,,适量白虾 || 8只白虾 || 10只白虾,12853|13347|14666,可能是原生食材，但频次、命名或类别证据不足
2197,鲜笋,10,蔬菜类及其制品,,1根鲜笋 || 25克鲜笋 || 1两鲜笋,14335|19059|22284,可能是原生食材，但频次、命名或类别证据不足
2201,葱白大葱,10,蔬菜类及其制品,,1根.葱白大葱 || 半根葱白大葱 || 2根葱白大葱,42967|75762|161950,可能是原生食材，但频次、命名或类别证据不足
2205,镜面,10,谷类及其制品,,镜面 || #镜面 || #镜面#,9766|10268|16423|16469|18329|19415|39680|47512|47805|49938|56519|57969|68407|73759|75730|82598|84146|103183|126803|130997|131683|138019|146427|148071|152831|152854|156890,可能是原生食材，但频次、命名或类别证据不足
2207,核桃肉,10,水果类及其制品,,克1.核桃肉              1400 || 适量（现在还没有水蜜桃，用的桃肉罐头）桃肉 || 100克去皮核桃肉,5305|8897|11547,可能是原生食材，但频次、命名或类别证据不足
2212,沙巴鱼,10,鱼虾蟹贝类,,350g沙巴鱼 || 1kg沙巴鱼 || 2条沙巴鱼,1202|22249|78366,可能是原生食材，但频次、命名或类别证据不足
2217,青豆玉米胡萝卜,10,干豆类及其制品,,青豆玉米胡萝卜150克 || 适量青豆 玉米 胡萝卜 || 50克青豆玉米胡萝卜,11093|67198|187687,可能是原生食材，但频次、命名或类别证据不足
2218,炸蒜,10,蔬菜类及其制品,,2勺炸蒜 || 1汤匙炸蒜 || 整粒炸蒜,4217|28168|87563,可能是原生食材，但频次、命名或类别证据不足
2220,蒜瓣蒜,10,蔬菜类及其制品,,1个蒜瓣蒜,7362,可能是原生食材，但频次、命名或类别证据不足
2223,豌豆玉米,10,干豆类及其制品,,适量豌豆玉米 || 豌豆玉米,28158|105738,可能是原生食材，但频次、命名或类别证据不足
2224,爆米花玉米,10,谷类及其制品,,200g爆米花玉米,142061,可能是原生食材，但频次、命名或类别证据不足
2225,快煮燕麦,10,谷类及其制品,,,,可能是原生食材，但频次、命名或类别证据不足
2226,肥羊,10,畜肉类及其制品,,150克肥羊 || 适量肥羊 || 250克肥羊,168287|196065|196255,可能是原生食材，但频次、命名或类别证据不足
2227,和花生,10,其他类,花生,,,疑似多食材组合，但无法百分之百确认全部组成
2228,各姜,10,蔬菜类及其制品,,各一小块姜，蒜 || 各1块姜，辣椒 || 各少许姜，蒜,6068|125988|178822,可能是原生食材，但频次、命名或类别证据不足
2230,水果胡萝卜,9,蔬菜类及其制品,,2小根水果胡萝卜 || 水果胡萝卜 || 20个水果胡萝卜,64|22959|78447,可能是原生食材，但频次、命名或类别证据不足
2231,手指胡萝卜,9,蔬菜类及其制品,,1-2根手指胡萝卜 || 4根手指胡萝卜 || 8根手指胡萝卜,99|22176|22885,可能是原生食材，但频次、命名或类别证据不足
2234,蒜籽,9,蔬菜类及其制品,,蒜籽 || 大蒜籽 || 8瓣蒜籽,328|3833|5790,可能是原生食材，但频次、命名或类别证据不足
2237,鸡肉馅,9,禽肉类及其制品,,50克鸡肉馅 || 适量鸡肉馅 || 250g鸡肉馅,419|8464|73805|85362,可能是原生食材，但频次、命名或类别证据不足
2239,牛眼肉,9,畜肉类及其制品,,一块整块牛眼肉 || 500克牛眼肉 || 1块牛眼肉,461|1023|33783|110145,可能是原生食材，但频次、命名或类别证据不足
2240,笋片,9,蔬菜类及其制品,笋,半根笋片 || 少许笋片 || 100克笋片,482|1610|11711,形态描述存在，但原始食材无法确定
2243,鸭架,9,禽肉类及其制品,,500g鸭架 || 半只鸭架 || 3斤鸭架,779|12120|12229,可能是原生食材，但频次、命名或类别证据不足
2244,玉米渣,9,谷类及其制品,,50g玉米渣 || 适量玉米渣 || 360g玉米渣,801|6781|11395,可能是原生食材，但频次、命名或类别证据不足
2246,牛筋,9,畜肉类及其制品,,500g牛筋 || 500克牛筋 || 700克牛筋,818|4786|8361,可能是原生食材，但频次、命名或类别证据不足
2247,各种菌类,9,菌藻类,,若干各种菌类 || 200克各种菌类(金针菇外) || 各种菌类，黑木耳,1076|160955|164700,可能是原生食材，但频次、命名或类别证据不足
2248,红芸豆,9,干豆类及其制品,,1000克（其中豆沙馅用500克、普通豆馅用500克）红芸豆 || 红芸豆 || 100克红芸豆,1091|33304|39480,可能是原生食材，但频次、命名或类别证据不足
2250,紫糯米,9,谷类及其制品,,煮好的120克紫糯米 || 150g紫糯米（黑糯米） || 40克紫糯米,1239|12934|37196,可能是原生食材，但频次、命名或类别证据不足
2251,海鱼,9,鱼虾蟹贝类,,适量小海鱼 || 小海鱼 || 1条（各种）海鱼,1373|12400|32311,可能是原生食材，但频次、命名或类别证据不足
2256,牛腱肉,9,畜肉类及其制品,,1KG牛腱肉 || 2斤牛腱肉 || 600克牛腱肉,1832|2030|3791,可能是原生食材，但频次、命名或类别证据不足
2257,黄甜椒,9,蔬菜类及其制品,,半个黄甜椒 || 一个黄甜椒 || 半个个黄甜椒,1978|5403|31420,可能是原生食材，但频次、命名或类别证据不足
2259,长条茄子,9,蔬菜类及其制品,,长条茄子 || 一根长条茄子 || 4只长条茄子,2130|3079|3635,可能是原生食材，但频次、命名或类别证据不足
2261,雪莲子,9,坚果种子类,,适量雪莲子 || 10克雪莲子 || 15g雪莲子,2175|12303|17269,可能是原生食材，但频次、命名或类别证据不足
2262,牛丸,9,畜肉类及其制品,,3颗牛丸 || 适量牛丸 || 三个牛丸,2186|44022|54261,可能是原生食材，但频次、命名或类别证据不足
2263,花蟹,9,鱼虾蟹贝类,,4只花蟹 || 3只花蟹 || 1只花蟹,19455|21738|22493,可能是原生食材，但频次、命名或类别证据不足
2265,柠檬草,9,水果类及其制品,,2根柠檬草 || 4片柠檬草（香茅） || 两根柠檬草,2364|11196|28910,可能是原生食材，但频次、命名或类别证据不足
2269,五花,9,畜肉类及其制品,,2斤五花 || 500克五花（切片0.5厘米厚）,2606|51690,可能是原生食材，但频次、命名或类别证据不足
2279,肉臊子,9,畜肉类及其制品,,肉臊子 || 随意肉臊子 || 适量肉臊子,3148|13820|16080|24933,可能是原生食材，但频次、命名或类别证据不足
2280,机菜花,9,蔬菜类及其制品,,有机菜花 || 一个有机菜花 || 50克有机菜花,3214|4456|6141,可能是原生食材，但频次、命名或类别证据不足
2282,牛排骨,9,畜肉类及其制品,,1.5斤牛排骨 || 六块牛排骨 || 1根牛排骨,3536|8686|11763,可能是原生食材，但频次、命名或类别证据不足
2286,青红尖椒,9,蔬菜类及其制品,,青红尖椒 || 适量青红尖椒 || 5个青红尖椒,3824|8345|12074|15680,可能是原生食材，但频次、命名或类别证据不足
2289,夏威夷果仁,9,坚果种子类,,150-160克夏威夷果仁 || 50g夏威夷果仁 || 若干夏威夷果仁,52403|54754|130679,可能是原生食材，但频次、命名或类别证据不足
2293,猪肠粉,9,畜肉类及其制品,,200克猪肠粉 || 适量猪肠粉 || 2斤猪肠粉,4772|15021|16188,可能是原生食材，但频次、命名或类别证据不足
2294,生白芝麻,9,坚果种子类,,50克左右生白芝麻 || 少许生白芝麻 || 生的若干白芝麻,4824|5359|61202,可能是原生食材，但频次、命名或类别证据不足
2295,鸡琵琶腿,9,禽肉类及其制品,,5个鸡琵琶腿 || 3个鸡琵琶腿 || 3～5只鸡琵琶腿,4914|27328|53803,可能是原生食材，但频次、命名或类别证据不足
2297,五花猪肉,9,畜肉类及其制品,,克五花猪肉650 || 1000克五花猪肉 || 150g五花猪肉,5152|12581|32538,可能是原生食材，但频次、命名或类别证据不足
2299,红葱酥,9,蔬菜类及其制品,,红葱酥 || 一点点红葱酥 || 10克红葱酥,5433|32909|84505|105206|116556,可能是原生食材，但频次、命名或类别证据不足
2300,白芝麻粉,9,坚果种子类,,适量白芝麻粉 || 白芝麻粉,5495|15119|176427,可能是原生食材，但频次、命名或类别证据不足
2302,胡萝卜胡萝卜,9,蔬菜类及其制品,,小胡萝卜2个胡萝卜,120795,可能是原生食材，但频次、命名或类别证据不足
2306,元贝,9,鱼虾蟹贝类,,2只元贝 || 6只元贝 || 2粒元贝,6244|14459|28910,可能是原生食材，但频次、命名或类别证据不足
2307,波士顿龙虾,9,鱼虾蟹贝类,,波士顿龙虾 || 1只(约500g)波士顿龙虾 || 2000g波士顿龙虾,6270|7894|34332,可能是原生食材，但频次、命名或类别证据不足
2309,巨峰葡萄,9,水果类及其制品,,2斤巨峰葡萄 || 5000克巨峰葡萄 || 10斤巨峰葡萄,6900|15944|81894,可能是原生食材，但频次、命名或类别证据不足
2311,油泼辣椒,9,蔬菜类及其制品,,2大勺油泼辣椒 || 适量油泼辣椒 || 少许油泼辣椒,7496|18707|21798,可能是原生食材，但频次、命名或类别证据不足
2312,低筋小麦粉,9,谷类及其制品,,低筋小麦粉5g || 15克低筋小麦粉 || 60克低筋小麦粉,7561|9032|16124,可能是原生食材，但频次、命名或类别证据不足
2313,高筋小麦粉,9,谷类及其制品,,500克高筋小麦粉 || 200克高筋小麦粉 || 适量高筋小麦粉,7585|40144|44829,可能是原生食材，但频次、命名或类别证据不足
2316,美国大杏仁,9,水果类及其制品,,20克美国大杏仁 || 35g美国大杏仁 || 40颗美国大杏仁,7998|14806|27969,可能是原生食材，但频次、命名或类别证据不足
2319,橙皮丁,9,其他,橙皮,11g橙皮丁 || 60g橙皮丁 || 80克橙皮丁,8147|12940|17432,形态描述存在，但原始食材无法确定
2320,紫包菜,9,蔬菜类及其制品,,紫包菜 || 3片紫包菜 || 1紫包菜,8168|19506|45757|70111|104475,可能是原生食材，但频次、命名或类别证据不足
2321,芒果芒果,9,水果类及其制品,,3小芒果芒果 || 2个大芒果芒果 || 2个大芒果（300 g每个）芒果,8437|25558|166400,可能是原生食材，但频次、命名或类别证据不足
2324,全麦饼,9,谷类及其制品,,1个全麦饼 || 1张全麦饼 || 40g全麦饼,32345|131916|195840,可能是原生食材，但频次、命名或类别证据不足
2325,糯米圆子,9,谷类及其制品,,若干克糯米圆子 || 250克糯米圆子 || 适量糯米圆子,9290|24434|44364,可能是原生食材，但频次、命名或类别证据不足
2330,面团原料,9,谷类及其制品,,面团原料 || #面团原料,10347|44054|102759|105678|128371|154343|165730|176276|186965,可能是原生食材，但频次、命名或类别证据不足
2334,炖牛肉,9,畜肉类及其制品,,一小碗（大约10块牛肉，带汤汁）炖牛肉 || 150克炖牛肉 || 炖牛肉,10637|24627|28552,可能是原生食材，但频次、命名或类别证据不足
2338,绿萝卜,9,蔬菜类及其制品,,绿萝卜 || 半根绿萝卜 || 少许绿萝卜,11111|13031|21849,可能是原生食材，但频次、命名或类别证据不足
2340,白菜叶子,9,蔬菜类及其制品,,少许片白菜叶子 || 适量白菜叶子 || 4张白菜叶子,11428|25313|52756,可能是原生食材，但频次、命名或类别证据不足
2343,白菇,9,菌藻类,,白菇 || 三个白菇 || 4个白菇,11993|25449|53450,可能是原生食材，但频次、命名或类别证据不足
2344,鱼汤,9,鱼虾蟹贝类,,适量鱼汤 || 400g鱼汤 || 100ML鱼汤,12279|12400|15412,可能是原生食材，但频次、命名或类别证据不足
2345,鸡丝,9,禽肉类及其制品,鸡,鸡丝 || 一把鸡丝 || 随意鸡丝,12766|15328|20876,形态描述存在，但原始食材无法确定
2349,饼丝,9,其他类,饼,适量饼丝 || 400克饼丝 || 饼丝,13483|16529|28198|36066,形态描述存在，但原始食材无法确定
2353,乌骨鸡,9,禽肉类及其制品,,1只乌骨鸡 || 乌骨鸡半只 || 一只乌骨鸡,15297|27303|28378,可能是原生食材，但频次、命名或类别证据不足
2355,西兰花梗,9,蔬菜类及其制品,,1个西兰花梗 || 2个西兰花梗 || 西兰花梗,15765|18441|24577,可能是原生食材，但频次、命名或类别证据不足
2356,香白芝麻,9,坚果种子类,,适量香白芝麻,130624,可能是原生食材，但频次、命名或类别证据不足
2357,蒜蓉辣椒,9,蔬菜类及其制品,,一勺蒜蓉辣椒 || 适量蒜蓉辣椒 || 适量自制蒜蓉辣椒,16352|54988|57620,可能是原生食材，但频次、命名或类别证据不足
2361,核桃粉,9,水果类及其制品,,40克核桃粉 || 100g核桃粉（替换成杏仁粉、黑芝麻粉等都可以） || 500g核桃粉,17941|36502|59189,可能是原生食材，但频次、命名或类别证据不足
2362,蔬菜叶,9,蔬菜类及其制品,,蔬菜叶 || 1份蔬菜叶 || 适量蔬菜叶,18070|44860|91259,可能是原生食材，但频次、命名或类别证据不足
2363,红萝卜丝,9,蔬菜类及其制品,红萝卜,红萝卜丝 || 适量红萝卜丝 || 50g红萝卜丝,18189|30142|45486|52749,形态描述存在，但原始食材无法确定
2365,青甘蓝,9,蔬菜类及其制品,,1颗（350g）青甘蓝 || 150克青甘蓝 || 50g青甘蓝,18698|104283|189564,可能是原生食材，但频次、命名或类别证据不足
2366,任意青菜,9,蔬菜类及其制品,,一把任意青菜 || 任意青菜 || 若干任意青菜,18806|85671|120420,可能是原生食材，但频次、命名或类别证据不足
2369,蘑菇粉,9,菌藻类,,蘑菇粉 适量 || 蘑菇粉少许 || 2g蘑菇粉,19408|20276|35251,可能是原生食材，但频次、命名或类别证据不足
2370,红菜头,9,蔬菜类及其制品,,红菜头 || 几块红菜头 || 1个红菜头,19433|49524|99556,可能是原生食材，但频次、命名或类别证据不足
2373,虾尾,9,鱼虾蟹贝类,,3斤虾尾 || 适量虾尾 || 100只（中小）600g虾尾,20265|23356|24360,可能是原生食材，但频次、命名或类别证据不足
2376,白菜白菜,9,蔬菜类及其制品,,,,可能是原生食材，但频次、命名或类别证据不足
2382,麦芯粉,9,谷类及其制品,,1000克麦芯粉 || 250克麦芯粉 || 400克麦芯粉,31985|163613|168037,可能是原生食材，但频次、命名或类别证据不足
2385,西红柿西红柿,9,蔬菜类及其制品,,2个大西红柿西红柿,23314,可能是原生食材，但频次、命名或类别证据不足
2386,香葱花,9,蔬菜类及其制品,,小香葱花 || 20g 香葱花 || 适量香葱花,23567|28911|93491,可能是原生食材，但频次、命名或类别证据不足
2387,花螺,9,鱼虾蟹贝类,,500g花螺 || 一斤花螺 || 500克花螺,24192|26044|26087,可能是原生食材，但频次、命名或类别证据不足
2389,烙饼,9,谷类及其制品,,适量烙饼 || 烙饼 || 半张烙饼,24634|55900|85093,可能是原生食材，但频次、命名或类别证据不足
2392,娃娃菜白菜,9,蔬菜类及其制品,,一颗娃娃菜白菜 || 一整颗娃娃菜白菜 || 3个娃娃菜（600g）白菜,26720|43920|110531,可能是原生食材，但频次、命名或类别证据不足
2393,卤肉包,9,畜肉类及其制品,,一袋卤肉包 || 一个卤肉包 || 一包卤肉包（或有啥放啥大料 花椒 香叶 桂皮 孜然粒）,26749|39960|58883,可能是原生食材，但频次、命名或类别证据不足
2395,玉米叶,9,谷类及其制品,,8张玉米叶 || 适量新鲜玉米叶 || 玉米叶,29020|43450|110268,可能是原生食材，但频次、命名或类别证据不足
2397,大葱葱白,9,蔬菜类及其制品,,1/2根大葱葱白,29190|119108,可能是原生食材，但频次、命名或类别证据不足
2400,南美白虾,9,鱼虾蟹贝类,,500克南美白虾 || 400g南美白虾 || 8-10只南美白虾,31073|33940|60525,可能是原生食材，但频次、命名或类别证据不足
2401,黑芝麻白芝麻,9,坚果种子类,,黑芝麻白芝麻 || 适量黑芝麻白芝麻 || 适量克黑芝麻白芝麻,31742|75423|90618|106927,可能是原生食材，但频次、命名或类别证据不足
2402,玉米脆片,9,谷类及其制品,玉米脆,17g（我用亨利的）玉米脆片 || 20克玉米脆片 || 适量玉米脆片,31777|64162|152006,形态描述存在，但原始食材无法确定
2406,帝王蟹,9,鱼虾蟹贝类,,帝王蟹 || 1只帝王蟹 || 一只帝王蟹,33871|57905|60130|106982,可能是原生食材，但频次、命名或类别证据不足
2413,玉米粒豌豆粒,9,干豆类及其制品,,适量玉米粒豌豆粒,50054|85466|125923,可能是原生食材，但频次、命名或类别证据不足
2419,小菜,9,蔬菜类及其制品,,适量小菜 || 300克小菜(菠菜) || 小菜,38731|51606|65744,可能是原生食材，但频次、命名或类别证据不足
2420,家常菜,9,蔬菜类及其制品,,家常菜 || 家常有的菜 || 1份家常菜,38957|53235|69097,可能是原生食材，但频次、命名或类别证据不足
2423,洋葱切丁,9,蔬菜类及其制品,洋葱切,100g（提高了蔬菜量哈哈)洋葱切丁 || 适量洋葱切丁 || 1个洋葱 切丁，可选,39313|116191|182060,形态描述存在，但原始食材无法确定
2424,大小胡萝卜,9,蔬菜类及其制品,,,,可能是原生食材，但频次、命名或类别证据不足
2428,蒜香粉,9,蔬菜类及其制品,,蒜香粉，欧芹等香料 || 50克蒜香粉 || 适量蒜香粉,47263|60431|138995,可能是原生食材，但频次、命名或类别证据不足
2429,水浸金枪鱼,9,鱼虾蟹贝类,,0.5罐水浸金枪鱼 || 半罐（50克左右）水浸金枪鱼 || 一勺水浸金枪鱼,47300|53583|57288,可能是原生食材，但频次、命名或类别证据不足
2437,水发黑木耳,9,菌藻类,,少许水发黑木耳 || 7颗水发黑木耳 || 适量水发黑木耳,54559|61068|79969,可能是原生食材，但频次、命名或类别证据不足
2439,辣萝卜,9,蔬菜类及其制品,,适量辣萝卜 || #辣萝卜 || 1包辣萝卜,55077|65211|153429,可能是原生食材，但频次、命名或类别证据不足
2443,青葡萄,9,水果类及其制品,,100g青葡萄 || 1000g青葡萄 || 1颗青葡萄,56608|69625|89960,可能是原生食材，但频次、命名或类别证据不足
2446,炒牛肉,9,畜肉类及其制品,,,,可能是原生食材，但频次、命名或类别证据不足
2447,新鲜小米辣,9,谷类及其制品,,,,可能是原生食材，但频次、命名或类别证据不足
2448,大葱白,9,蔬菜类及其制品,,1/2根大葱白,66818,可能是原生食材，但频次、命名或类别证据不足
2450,什么菜,9,蔬菜类及其制品,,,,可能是原生食材，但频次、命名或类别证据不足
2455,海鲜类,9,鱼虾蟹贝类,,适量海鲜类（鲜虾、鱿鱼等） || 适量海鲜类 || 海鲜类,81309|146333|164927,可能是原生食材，但频次、命名或类别证据不足
2463,打碎,9,其他类,打,打碎，适量紫衣甘蓝,127855,形态描述存在，但原始食材无法确定
2472,蛋液鸡蛋,9,禽肉类及其制品,,1个，蛋液约45克鸡蛋 || 1个蛋液用鸡蛋,114997|122753,可能是原生食材，但频次、命名或类别证据不足
2477,小葱葱花,9,蔬菜类及其制品,,,,可能是原生食材，但频次、命名或类别证据不足
2479,朵黑木耳,9,菌藻类,,15小朵黑木耳 || 6小朵黑木耳,148423|179576,可能是原生食材，但频次、命名或类别证据不足
2484,碾碎,9,其他类,碾,,,形态描述存在，但原始食材无法确定
2487,小葱花,9,蔬菜类及其制品,,1/3碗小葱花,193582,可能是原生食材，但频次、命名或类别证据不足
2488,那么大姜,9,蔬菜类及其制品,,,,可能是原生食材，但频次、命名或类别证据不足
2489,什么蔬菜,9,蔬菜类及其制品,,,,可能是原生食材，但频次、命名或类别证据不足
2492,胡萝卜青椒,9,蔬菜类及其制品,,,,可能是原生食材，但频次、命名或类别证据不足
2498,棵青菜,9,蔬菜类及其制品,,,,可能是原生食材，但频次、命名或类别证据不足
2502,柠檬汁柠檬,9,水果类及其制品,,,,可能是原生食材，但频次、命名或类别证据不足
2513,水煮鸡蛋,9,禽肉类及其制品,,,,可能是原生食材，但频次、命名或类别证据不足
2517,麦冬,9,谷类及其制品,,麦冬 || 5克麦冬 || 10克麦冬,875|3003|5029,可能是原生食材，但频次、命名或类别证据不足
2518,发面,9,谷类及其制品,,发面 || 1份发面 || 1000g左右发面,1171|28582|57932|90375|98777,可能是原生食材，但频次、命名或类别证据不足
2524,红菇,9,菌藻类,,8朵红菇 || 七八朵红菇 || 8-9朵红菇,2675|12085|40684,可能是原生食材，但频次、命名或类别证据不足
2527,玉米须,9,谷类及其制品,,玉米须 || 一把玉米须 || 120克玉米须,6306|15221|33047|40473,可能是原生食材，但频次、命名或类别证据不足
2531,龙虾料,9,鱼虾蟹贝类,,适量龙虾料 || 小龙虾料,9399|180779,可能是原生食材，但频次、命名或类别证据不足
2532,小红萝卜,9,蔬菜类及其制品,,５－６个小红萝卜,120432,可能是原生食材，但频次、命名或类别证据不足
2535,柚子果肉,9,水果类及其制品,,适量柚子果肉,19106,可能是原生食材，但频次、命名或类别证据不足
2536,炒面,9,谷类及其制品,,炒面 || 375克炒面 || 55g炒面,19676|27155|38011|46815|49988,可能是原生食材，但频次、命名或类别证据不足
2538,柠檬蜜,9,水果类及其制品,,20柠檬蜜 || 适量柠檬蜜 || 1汤勺柠檬蜜,28640|37735|53978,可能是原生食材，但频次、命名或类别证据不足
2548,面汤,9,谷类及其制品,,#面汤 || 4勺面汤 || 适量面汤,9846|80795|122825,可能是原生食材，但频次、命名或类别证据不足
2550,种面,9,谷类及其制品,,种面 || #种面 || 85克种面,20820|53191|59829|62908|64132|83053,可能是原生食材，但频次、命名或类别证据不足
2551,大蒜子,9,蔬菜类及其制品,,,,可能是原生食材，但频次、命名或类别证据不足
2554,麦胚芽,9,干豆类及其制品,,20克小麦胚芽 || 1克小麦胚芽 || 小麦胚芽20g,3264|5464|16461,可能是原生食材，但频次、命名或类别证据不足
2556,燕麦纤维粉,9,谷类及其制品,,,,可能是原生食材，但频次、命名或类别证据不足
2558,儿姜,9,蔬菜类及其制品,,1小块儿姜 || 一块儿姜 || 一小块儿姜,4914|8926|17848,可能是原生食材，但频次、命名或类别证据不足
2559,蛤蜊汤,9,鱼虾蟹贝类,,一大碗蛤蜊汤 || 适量蛤蜊汤 || 蛤蜊汤,5383|86532|95031|189381,可能是原生食材，但频次、命名或类别证据不足
2560,山芋粉,9,薯类淀粉及其制品,,山芋粉 || 适量山芋粉（裹圆子用） || 250g山芋粉,10975|37722|64296|85704,可能是原生食材，但频次、命名或类别证据不足
2565,挂面面,9,谷类及其制品,,,,可能是原生食材，但频次、命名或类别证据不足
2568,蒜葱,9,蔬菜类及其制品,,适量蒜葱 || 蒜葱,81715|98767|101651|130325|172262,可能是原生食材，但频次、命名或类别证据不足
2569,大葱葱,9,蔬菜类及其制品,,,,可能是原生食材，但频次、命名或类别证据不足
2572,菜胡萝卜,9,蔬菜类及其制品,,,,可能是原生食材，但频次、命名或类别证据不足
2574,桃酥,9,水果类及其制品,,2.5个桃酥 || 约80克桃酥 || 150g桃酥,23169|44257|54010,可能是原生食材，但频次、命名或类别证据不足
2576,少量葱,9,蔬菜类及其制品,,少量葱 || 少量葱，姜 || 少量葱，姜，蒜,478|2672|3563|4556|10741|11576|13141|13511|13562|18204|18802|22311|23334|25807|27152|27399|27626|28882|30761|31103|31839|33312|34108|34910|37258|37497,可能是原生食材，但频次、命名或类别证据不足
2577,自己食量面,9,谷类及其制品,,,,可能是原生食材，但频次、命名或类别证据不足
2578,钢切燕麦,9,谷类及其制品,,40克钢切燕麦 || 半杯钢切燕麦 || 1/4杯钢切燕麦,14258|63155|75269,可能是原生食材，但频次、命名或类别证据不足
2579,油葱,9,蔬菜类及其制品,,适量油葱,16334|42124,可能是原生食材，但频次、命名或类别证据不足
2580,榛果,9,坚果种子类,,榛果 10颗 || 60克榛果 || 适量榛果,31640|45637|54628,可能是原生食材，但频次、命名或类别证据不足
2581,玉米粒玉米,9,谷类及其制品,,,,可能是原生食材，但频次、命名或类别证据不足
2582,蒜头姜,9,蔬菜类及其制品,,适量蒜头姜,196489,可能是原生食材，但频次、命名或类别证据不足
2583,碎蒜,9,蔬菜类及其制品,,,,可能是原生食材，但频次、命名或类别证据不足
2585,白菜帮,8,蔬菜类及其制品,,250克白菜帮 || 5个白菜帮 || 半颗白菜帮,134|17522|39418,可能是原生食材，但频次、命名或类别证据不足
2589,麦仁,8,坚果种子类,,大麦仁 || 100克小麦仁 || 1大匙麦仁,363|17875|21473,可能是原生食材，但频次、命名或类别证据不足
2590,老黄瓜,8,蔬菜类及其制品,,1个老黄瓜 || 一根老黄瓜 || 两条老黄瓜,400|7906|20619|24036,可能是原生食材，但频次、命名或类别证据不足
2600,金鲳鱼,8,鱼虾蟹贝类,,一条金鲳鱼 || 1条金鲳鱼 || 3条金鲳鱼,976|3015|8858,可能是原生食材，但频次、命名或类别证据不足
2601,瘦牛肉,8,畜肉类及其制品,,200g瘦牛肉 || 瘦牛肉 || 适量瘦牛肉,990|14626|46419,可能是原生食材，但频次、命名或类别证据不足
2604,毛豆子,8,干豆类及其制品,,一小碗毛豆子 || 200G毛豆子 || 300克毛豆子,1380|27414|62466,可能是原生食材，但频次、命名或类别证据不足
2606,水发香菇,8,菌藻类,,400克水发香菇 || 10朵水发香菇 || 4只水发香菇,1422|4872|11715,可能是原生食材，但频次、命名或类别证据不足
2607,淮山药,8,薯类淀粉及其制品,,1根淮山药 || 半根淮山药 || 500克淮山药,1551|2810|40915,可能是原生食材，但频次、命名或类别证据不足
2611,蔬菜包,8,蔬菜类及其制品,,蔬菜包 || #蔬菜包 || 250g蔬菜包,1833|20691|28351|104591|145929|151261,可能是原生食材，但频次、命名或类别证据不足
2616,扁桃仁粉,8,水果类及其制品,,12克扁桃仁粉（马卡龙原料） || 10g扁桃仁粉 || 200g扁桃仁粉,2812|3488|8755,可能是原生食材，但频次、命名或类别证据不足
2620,甜红椒,8,蔬菜类及其制品,,1个甜红椒 || 3个（半个加两个半）甜红椒 || 1/5个甜红椒,2978|15328|16837|36897,可能是原生食材，但频次、命名或类别证据不足
2621,红肉火龙果,8,水果类及其制品,,450-500克红肉火龙果 || 半个红肉火龙果 || 1个红肉火龙果,3048|13162|23782,可能是原生食材，但频次、命名或类别证据不足
2622,肉排,8,畜肉类及其制品,,小肉排 || 500克肉排 || 800g-1kg肉排,3160|44977|61765,可能是原生食材，但频次、命名或类别证据不足
2623,提拉米苏,8,谷类及其制品,,#提拉米苏 || 提拉米苏 || #提拉米苏#,3274|4415|94384|101368|118706,可能是原生食材，但频次、命名或类别证据不足
2625,酒渍樱桃,8,水果类及其制品,,适量酒渍樱桃 || 10颗（切碎）酒渍樱桃 || 酒渍樱桃,3523|8798|11515|47783,可能是原生食材，但频次、命名或类别证据不足
2626,小红尖椒,8,蔬菜类及其制品,,,,可能是原生食材，但频次、命名或类别证据不足
2627,鱼腩,8,鱼虾蟹贝类,,500克鱼腩 || 一块鱼腩 || 13块鱼腩,3643|5376|8506,可能是原生食材，但频次、命名或类别证据不足
2631,长青椒,8,蔬菜类及其制品,,3个长青椒 || 长青椒 || 1个长青椒,3815|9913|13599|34490,可能是原生食材，但频次、命名或类别证据不足
2632,煎蛋,8,蛋类及其制品,,1个煎蛋 || 煎蛋 || 2个煎蛋,3863|13181|17997,可能是原生食材，但频次、命名或类别证据不足
2633,茭瓜,8,蔬菜类及其制品,,1/3个茭瓜（西葫芦） || 茭瓜1个 || 半个茭瓜,3962|7962|24773,可能是原生食材，但频次、命名或类别证据不足
2635,黄小米,8,谷类及其制品,,50g黄小米 || 150克黄小米 || 50g（可不加）黄小米,4196|17437|21645,可能是原生食材，但频次、命名或类别证据不足
2637,南瓜籽仁,8,坚果种子类,,克南瓜籽仁 || 100克南瓜籽仁 || 南瓜籽仁,4385|14169|27338,可能是原生食材，但频次、命名或类别证据不足
2640,糯米面,8,谷类及其制品,,糯米面 || 随意糯米面 || 50克糯米面,4836|11119|21376,可能是原生食材，但频次、命名或类别证据不足
2643,火龙果粉,8,水果类及其制品,,1克(装饰用)火龙果粉 || 适量火龙果粉 || 2克火龙果粉,5197|7967|13982,可能是原生食材，但频次、命名或类别证据不足
2647,柚子肉,8,水果类及其制品,,80g柚子肉 || 适量柚子肉 || 半个柚子肉,5737|30725|87194,可能是原生食材，但频次、命名或类别证据不足
2649,开心果仁,8,坚果种子类,,1杯（至少）开心果仁 || 60克开心果仁 || 一把开心果仁,5788|33081|47292,可能是原生食材，但频次、命名或类别证据不足
2651,牛胸肉,8,禽肉类及其制品,,250克牛胸肉 || 500克牛胸肉 || 500g牛胸肉,5859|28026|59515,可能是原生食材，但频次、命名或类别证据不足
2656,猪龙骨,8,畜肉类及其制品,,500g猪龙骨 || 4块猪龙骨 || 1斤猪龙骨,6000|18733|82095,可能是原生食材，但频次、命名或类别证据不足
2657,生姜水,8,蔬菜类及其制品,,1小碗生姜水 || 半杯生姜水 || 360克生姜水,6146|9838|14508,可能是原生食材，但频次、命名或类别证据不足
2658,白肉,8,畜肉类及其制品,,60克白肉 || 20克白肉 || 100克白肉,6158|35927|64514,可能是原生食材，但频次、命名或类别证据不足
2663,空心菜梗,8,蔬菜类及其制品,,空心菜梗 || 一把空心菜梗 || 400克空心菜梗,6758|23746|25981|26347|26403,可能是原生食材，但频次、命名或类别证据不足
2664,湖南椒,8,蔬菜类及其制品,,4根湖南椒 || 一根湖南椒 || 50g湖南椒,6788|23839|49701,可能是原生食材，但频次、命名或类别证据不足
2667,笋丁,8,蔬菜类及其制品,笋,115克笋丁 || 笋丁 || 2汤匙笋丁,6918|14401|27432|27477,形态描述存在，但原始食材无法确定
2668,青芥辣,8,蔬菜类及其制品,,少许青芥辣 || 1g（依据个人口味）青芥辣 || 2克青芥辣,30946|46644|52166|56883,可能是原生食材，但频次、命名或类别证据不足
2670,卤肉料,8,畜肉类及其制品,,1包卤肉料 || 1袋卤肉料 || 半袋卤肉料,7315|50183|59144,可能是原生食材，但频次、命名或类别证据不足
2671,柠檬酸,8,水果类及其制品,,2.3克柠檬酸 || 5克柠檬酸 || 2.5克柠檬酸,18220|19027|37990,可能是原生食材，但频次、命名或类别证据不足
2672,甜橙,8,水果类及其制品,,甜橙 || 1个（擦橙皮）大甜橙 || 一个甜橙,7431|19406|46181,可能是原生食材，但频次、命名或类别证据不足
2673,磨碎,8,其他类,磨,,,形态描述存在，但原始食材无法确定
2676,魔芋结,8,薯类淀粉及其制品,,十个魔芋结 || 1盒魔芋结 || 两个魔芋结（可选）,7764|10348|12193|18851,可能是原生食材，但频次、命名或类别证据不足
2677,红辣椒干,8,蔬菜类及其制品,,三个红辣椒干 || 20g红辣椒干 || 10个红辣椒干,7768|16043|17419,可能是原生食材，但频次、命名或类别证据不足
2678,花生米碎,8,谷类及其制品,花生米,250克烤熟去皮的花生米碎 || 一把花生米碎 || 花生米碎,7775|10437|77214,形态描述存在，但原始食材无法确定
2682,节大葱,8,蔬菜类及其制品,,一小节大葱 || 3节大葱 || 节大葱                   2,8180|13698|16687,可能是原生食材，但频次、命名或类别证据不足
2683,螺旋粉,8,鱼虾蟹贝类,,适量螺旋粉,182892,可能是原生食材，但频次、命名或类别证据不足
2684,猪肩肉,8,畜肉类及其制品,,500克猪肩肉 || 猪肩肉 || 3片猪肩肉,8314|74113|79015,可能是原生食材，但频次、命名或类别证据不足
2688,酸豇豆,8,干豆类及其制品,,250克酸豇豆 || 3根酸豇豆 || 酸豇豆一把,8654|12791|24329,可能是原生食材，但频次、命名或类别证据不足
2690,寿司紫菜,8,鱼虾蟹贝类,,一张寿司紫菜 || 一包寿司紫菜 || 两张寿司紫菜,8794|11838|18810,可能是原生食材，但频次、命名或类别证据不足
2699,鸡杂,8,禽肉类及其制品,,鸡杂 || 2份鸡杂 || 800g鸡杂,9386|14456|14627,可能是原生食材，但频次、命名或类别证据不足
2700,猪棒骨,8,畜肉类及其制品,,1根猪棒骨 || 六根猪棒骨 || 2根猪棒骨,9534|10539|22209|23470|34885|50952,可能是原生食材，但频次、命名或类别证据不足
2701,罗勒粉,8,蔬菜类及其制品,,少许罗勒粉 || 一小撮罗勒粉 || 1勺罗勒粉,9611|52334|64180,可能是原生食材，但频次、命名或类别证据不足
2702,耗儿鱼,8,鱼虾蟹贝类,,1条（约1斤）大耗儿鱼 || 500克耗儿鱼 || 8条耗儿鱼,22258|22852|48140,可能是原生食材，但频次、命名或类别证据不足
2703,精瘦肉,8,畜肉类及其制品,,300克精瘦肉 || 精瘦肉 || 500克精瘦肉,16811|34219|78982,可能是原生食材，但频次、命名或类别证据不足
2704,圆菇,8,菌藻类,,两个圆菇 || 200G圆菇 || 5朵圆菇,10278|15240|23643,可能是原生食材，但频次、命名或类别证据不足
2706,葱绿,8,蔬菜类及其制品,,适量葱绿 || 少许葱绿 || 一大把小葱绿,10439|10902|22849,可能是原生食材，但频次、命名或类别证据不足
2708,生辣椒,8,蔬菜类及其制品,,生辣椒 || 6个生辣椒 || 一根生辣椒（细长，绿）,10612|19297|95174,可能是原生食材，但频次、命名或类别证据不足
2711,毛豆米,8,干豆类及其制品,,若干毛豆米 || 一小把毛豆米 || 150克毛豆米,11160|26012|35056,可能是原生食材，但频次、命名或类别证据不足
2712,各种海鲜,8,鱼虾蟹贝类,,适量各种海鲜（我用了青口，鱿鱼，虾） || 适量各种海鲜 || 各种海鲜都可以，量就看个人吃多少了，我买了些花甲和虾,11274|18012|49993,可能是原生食材，但频次、命名或类别证据不足
2717,水果萝卜,8,蔬菜类及其制品,,一个水果萝卜 || 1根水果萝卜 || 1/2根水果萝卜,27903|42324|85725,可能是原生食材，但频次、命名或类别证据不足
2720,鱼蛋,8,鱼虾蟹贝类,,24颗（12颗）鱼蛋 || 120克鱼蛋 || 约半斤鱼蛋,23989|30477|35444,可能是原生食材，但频次、命名或类别证据不足
2724,瘦肉馅,8,畜肉类及其制品,,1两瘦肉馅 || 250g瘦肉馅 || 瘦肉馅，鲜脆藕，白胡椒粉，葱，姜，料酒，食盐，淀粉，蛋清,12600|31583|64018,可能是原生食材，但频次、命名或类别证据不足
2725,墨西哥辣椒,8,蔬菜类及其制品,,1个墨西哥辣椒（可选） || 1个墨西哥辣椒（买不到可以用杭椒代替，不能吃辣的用青尖椒代替），去籽切碎 || 墨西哥辣椒,12726|86180|107475,可能是原生食材，但频次、命名或类别证据不足
2726,山药豆,8,干豆类及其制品,,适量山药豆（或其它水果） || 2碗山药豆 || 50克山药豆,12887|17040|30307,可能是原生食材，但频次、命名或类别证据不足
2727,免洗紫菜,8,鱼虾蟹贝类,,适量免洗紫菜 || 免洗紫菜 || 10克免洗紫菜,12926|46520|87784,可能是原生食材，但频次、命名或类别证据不足
2729,棵油菜,8,蔬菜类及其制品,,两小棵油菜 || 5小棵油菜 || 2小棵油菜（看个人喜好其它绿叶菜也可）,13291|107025|180541,可能是原生食材，但频次、命名或类别证据不足
2731,花卷,8,谷类及其制品,,#花卷 || 花卷 || 2个花卷,13658|94221|193834,可能是原生食材，但频次、命名或类别证据不足
2734,全麦高筋粉,8,谷类及其制品,,300克全麦高筋粉 || 320克全麦高筋粉 || 250g全麦高筋粉,14089|69917|138471,可能是原生食材，但频次、命名或类别证据不足
2736,柠檬汁几滴,8,水果类及其制品,,柠檬汁几滴 || 柠檬汁               几滴 || 新鲜柠檬汁几滴,14305|24934|42649|52198|58131,可能是原生食材，但频次、命名或类别证据不足
2737,日式拉面,8,谷类及其制品,,日式拉面 || 110g日式拉面 || 一人份日式拉面,36701|64295|93189|98218,可能是原生食材，但频次、命名或类别证据不足
2738,猪扒,8,畜肉类及其制品,,一块冷冻猪扒 || 猪扒 || 3块猪扒（猪里脊）,14578|18354|21580,可能是原生食材，但频次、命名或类别证据不足
2740,香菇贡丸,8,菌藻类,,适量香菇贡丸 || 香菇贡丸 || 一包香菇贡丸,14772|63961|71820|79456,可能是原生食材，但频次、命名或类别证据不足
2741,意大利香草,8,蔬菜类及其制品,,3克意大利香草 || 少许意大利香草 || 适量意大利香草,14892|26236|104749,可能是原生食材，但频次、命名或类别证据不足
2746,花鲢鱼头,8,鱼虾蟹贝类,,一个花鲢鱼头 || 1个花鲢鱼头 || 花鲢鱼头,16144|18703|21078,可能是原生食材，但频次、命名或类别证据不足
2747,三色糙米,8,谷类及其制品,,250克三色糙米 || 150克三色糙米 || 适量三色糙米,16166|26598|60149,可能是原生食材，但频次、命名或类别证据不足
2749,葱花葱,8,蔬菜类及其制品,,葱花若干葱 || 葱花葱 || 适量葱花葱,16553|33562|60430|63057|63939,可能是原生食材，但频次、命名或类别证据不足
2751,肥五花肉,8,畜肉类及其制品,,300克左右肥五花肉 || 适量肥五花肉 || 肥五花肉,16635|29983|85422,可能是原生食材，但频次、命名或类别证据不足
2754,紫米馅,8,谷类及其制品,,#紫米馅 || 紫米馅,16891|49484|87549|111822|148438,可能是原生食材，但频次、命名或类别证据不足
2755,猪肝粉,8,畜肉类及其制品,,半勺猪肝粉 || 1克 猪肝粉 || 适量猪肝粉,16896|18052|82543,可能是原生食材，但频次、命名或类别证据不足
2759,黄牛肉,8,畜肉类及其制品,,350g黄牛肉 || 500g黄牛肉 || 150克黄牛肉,17135|23648|24665,可能是原生食材，但频次、命名或类别证据不足
2760,牡蛎粉,8,鱼虾蟹贝类,,适量牡蛎粉 || 1勺牡蛎粉 || 牡蛎粉,17322|59012|88649|94618,可能是原生食材，但频次、命名或类别证据不足
2763,鱼松,8,鱼虾蟹贝类,,1小包鱼松 || 适量（也适用于肉松等）鱼松 || 适量鱼松,17935|105952|106597,可能是原生食材，但频次、命名或类别证据不足
2764,三文鱼松,8,鱼虾蟹贝类,,适量三文鱼松 || 2大勺三文鱼松 || 20-30g三文鱼松,18052|27523|34618|74316|115955,可能是原生食材，但频次、命名或类别证据不足
2765,泡发黑木耳,8,菌藻类,,一小撮泡发黑木耳,19249,可能是原生食材，但频次、命名或类别证据不足
2766,洋葱圈,8,蔬菜类及其制品,,洋葱圈 || 两头洋葱圈（小） || 适量洋葱圈,19411|20531|42779,可能是原生食材，但频次、命名或类别证据不足
2767,牛肉饼,8,畜肉类及其制品,,#牛肉饼（6个） || 2个牛肉饼 || #牛肉饼,19553|23101|27334,可能是原生食材，但频次、命名或类别证据不足
2768,羊肉馅,8,畜肉类及其制品,,克羊肉馅 || 一斤羊肉馅 || 1斤羊肉馅,19868|20356|22699,可能是原生食材，但频次、命名或类别证据不足
2770,蔬菜蔬菜,8,蔬菜类及其制品,,我用的冷冻蔬菜蔬菜,20070,可能是原生食材，但频次、命名或类别证据不足
2771,腱子肉,8,畜肉类及其制品,,两颗（按个人分量）小腱子肉 || 1个腱子肉 || 700克腱子肉,20084|48634|50165,可能是原生食材，但频次、命名或类别证据不足
2773,炸鸡料,8,禽肉类及其制品,,炸鸡料,58638,可能是原生食材，但频次、命名或类别证据不足
2774,咸猪肉,8,畜肉类及其制品,,250克咸猪肉 || 适量咸猪肉 || 七八片咸猪肉,20385|89599|142206,可能是原生食材，但频次、命名或类别证据不足
2776,大胡萝卜,8,蔬菜类及其制品,,,,可能是原生食材，但频次、命名或类别证据不足
2778,瘦肉末,8,畜肉类及其制品,瘦肉,适量瘦肉末 || 50g瘦肉末 || 少许克瘦肉末,20850|34417|36528|41498|49498|52182|80183|91318,形态描述存在，但原始食材无法确定
2783,猪尾巴,8,畜肉类及其制品,,2根猪尾巴 || 500g猪尾巴 || 两根猪尾巴,22264|47223|77711,可能是原生食材，但频次、命名或类别证据不足
2784,草莓冻干,8,水果类及其制品,,50克草莓冻干 || 40克草莓冻干 || 80克草莓冻干,22349|39985|97073,可能是原生食材，但频次、命名或类别证据不足
2787,水果切块,8,其他类,水果切,水果切块,181096,形态描述存在，但原始食材无法确定
2790,五香面,8,谷类及其制品,,适量五香面（我用的十三香） || 少许五香面 || 适量五香面,23626|34092|44717,可能是原生食材，但频次、命名或类别证据不足
2791,元肉,8,畜肉类及其制品,,适量元肉 || 1小块10元肉 || 60克元肉,24179|38282|83864,可能是原生食材，但频次、命名或类别证据不足
2792,赤豆,8,干豆类及其制品,,赤豆 || 500g赤豆 || 250克赤豆,24217|32718|34302,可能是原生食材，但频次、命名或类别证据不足
2794,海瓜子,8,坚果种子类,,1斤海瓜子 || 200克（可多可少）海瓜子 || 500g海瓜子,24498|32794|42239|59722,可能是原生食材，但频次、命名或类别证据不足
2795,朵蘑菇,8,菌藻类,,2大朵蘑菇 || 1大朵蘑菇 || 3小朵蘑菇,24762|30404|56083,可能是原生食材，但频次、命名或类别证据不足
2797,棵菠菜,8,蔬菜类及其制品,,三小棵菠菜 || 一小棵菠菜 || 2小棵菠菜,24943|48172|78133,可能是原生食材，但频次、命名或类别证据不足
2798,黄瓜胡萝卜,8,蔬菜类及其制品,,适量黄瓜胡萝卜 || 一根黄瓜胡萝卜,25571|171988|174759,可能是原生食材，但频次、命名或类别证据不足
2800,银鱼粉,8,鱼虾蟹贝类,,1.5克银鱼粉 || 适量银鱼粉 || 1g银鱼粉,26963|74316|75873,可能是原生食材，但频次、命名或类别证据不足
2803,嫩牛肉,8,畜肉类及其制品,,150克嫩牛肉 || 300克嫩牛肉 || 200克嫩牛肉,28168|39098|47058,可能是原生食材，但频次、命名或类别证据不足
2804,黄色彩椒,8,蔬菜类及其制品,,1只黄色彩椒 || 10克黄色彩椒 || 1个黄色彩椒,28441|30859|62208,可能是原生食材，但频次、命名或类别证据不足
2806,葱蒜姜,8,蔬菜类及其制品,,葱蒜姜 || 若干葱蒜姜 || 适量葱蒜姜,28952|59912|144494,可能是原生食材，但频次、命名或类别证据不足
2811,上肉,8,畜肉类及其制品,,一斤上肉 || 380克上肉 || 1块上肉,31245|33412|36457,可能是原生食材，但频次、命名或类别证据不足
2812,大土豆,8,干豆类及其制品,,1/2个大土豆,151494,可能是原生食材，但频次、命名或类别证据不足
2815,樱桃干,8,水果类及其制品,,75g樱桃干 || 60克（可以不加）樱桃干 || 樱桃干,34579|66948|69216,可能是原生食材，但频次、命名或类别证据不足
2818,寿司米,8,谷类及其制品,,250克寿司米 || 300克寿司米 || 130克寿司米,36583|48911|53675,可能是原生食材，但频次、命名或类别证据不足
2820,梗米,8,谷类及其制品,,梗米 || 3杯梗米 || 10克梗米,37038|37764|65258|74944,可能是原生食材，但频次、命名或类别证据不足
2824,猪扇骨,8,畜肉类及其制品,,700克左右猪扇骨 || 250克猪扇骨 || 1个猪扇骨,38821|73159|91119,可能是原生食材，但频次、命名或类别证据不足
2826,虾仁虾仁,8,鱼虾蟹贝类,,5个大虾仁虾仁 || 5-6只大虾仁虾仁,39268|81803,可能是原生食材，但频次、命名或类别证据不足
2835,腊鸭,8,禽肉类及其制品,,腊鸭 || 1/4只腊鸭 || 半只腊鸭,44831|54054|63429,可能是原生食材，但频次、命名或类别证据不足
2838,鱼板,8,鱼虾蟹贝类,,300g鱼板 || 3片鱼板 || 100克鱼板,47474|56542|58858|112461,可能是原生食材，但频次、命名或类别证据不足
2846,薯类,8,薯类淀粉及其制品,,100g薯类 || 薯类,54368|97101,可能是原生食材，但频次、命名或类别证据不足
2850,口味小米椒,8,谷类及其制品,,,,可能是原生食材，但频次、命名或类别证据不足
2855,油浸番茄干,8,蔬菜类及其制品,,油浸番茄干 || 100克油浸番茄干,61794|178147,可能是原生食材，但频次、命名或类别证据不足
2860,吧猪肉,8,畜肉类及其制品,,拳头大小吧猪肉 || 随意吧猪肉 || 半斤吧（大家自己估摸食量哈）猪肉（不要太瘦，带点肥比较香）,66052|124073|188681,可能是原生食材，但频次、命名或类别证据不足
2862,大蒜大蒜,8,蔬菜类及其制品,,,,可能是原生食材，但频次、命名或类别证据不足
2863,面团食材,8,谷类及其制品,,#面团食材 || 以上为面团食材,67618|132756|139501,可能是原生食材，但频次、命名或类别证据不足
2865,长大葱,8,蔬菜类及其制品,,2cm长大葱,68147,可能是原生食材，但频次、命名或类别证据不足
2866,大萝卜,8,蔬菜类及其制品,,,,可能是原生食材，但频次、命名或类别证据不足
2868,茄子茄子,8,蔬菜类及其制品,,茄子茄子,123833,可能是原生食材，但频次、命名或类别证据不足
2869,香料碎,8,其他类,香料,适量香料碎（罗勒）,72008|178245,形态描述存在，但原始食材无法确定
2870,爱吃蔬菜,8,蔬菜类及其制品,,爱吃的蔬菜 || 适量爱吃的蔬菜 || 随意爱吃的蔬菜,72452|99518|104754,可能是原生食材，但频次、命名或类别证据不足
2876,肘子肉,8,畜肉类及其制品,,200g去骨肘子肉 || 350克肘子肉,74832|197692,可能是原生食材，但频次、命名或类别证据不足
2877,烧鸭,8,禽肉类及其制品,,半份烧鸭,74890,可能是原生食材，但频次、命名或类别证据不足
2885,香葱香菜,8,蔬菜类及其制品,,4根香葱香菜 || 香葱香菜 || 少许香葱香菜,80230|104020|161862,可能是原生食材，但频次、命名或类别证据不足
2887,小黄鱼,8,鱼虾蟹贝类,,,,可能是原生食材，但频次、命名或类别证据不足
2892,番茄番茄,8,蔬菜类及其制品,,小一点的番茄一个番茄 || 大番茄一个番茄,85793|124839,可能是原生食材，但频次、命名或类别证据不足
2894,鸡蛋水,8,禽肉类及其制品,,300克鸡蛋水（打1鸡蛋进水了搅匀） || 适量        鸡蛋水,120441|132488,可能是原生食材，但频次、命名或类别证据不足
2907,排骨排骨,8,畜肉类及其制品,,,,可能是原生食材，但频次、命名或类别证据不足
2915,大芋头,8,薯类淀粉及其制品,,1/8块大芋头 || 1/3个大芋头,119687|150451,可能是原生食材，但频次、命名或类别证据不足
2916,小银鱼,8,鱼虾蟹贝类,,,,可能是原生食材，但频次、命名或类别证据不足
2919,牛骨汤,8,畜肉类及其制品,,牛骨汤      适量,188213,可能是原生食材，但频次、命名或类别证据不足
2926,长铁棍山药,8,薯类淀粉及其制品,,,,可能是原生食材，但频次、命名或类别证据不足
2929,辣椒辣椒,8,蔬菜类及其制品,,新鲜辣椒750克辣椒,150346,可能是原生食材，但频次、命名或类别证据不足
2936,辣椒籽,8,蔬菜类及其制品,,10g辣椒籽,172545,可能是原生食材，但频次、命名或类别证据不足
2937,小蘑菇,8,菌藻类,,1/2盒小蘑菇,175243,可能是原生食材，但频次、命名或类别证据不足
2938,儿五花肉,8,畜肉类及其制品,,片儿五花肉,176255,可能是原生食材，但频次、命名或类别证据不足
2940,小萝卜,8,蔬菜类及其制品,,,,可能是原生食材，但频次、命名或类别证据不足
2941,和芝麻,8,坚果种子类,芝麻,60克和芝麻,182468,疑似多食材组合，但无法百分之百确认全部组成
2943,大番茄,8,蔬菜类及其制品,,1/3个大番茄,190600,可能是原生食材，但频次、命名或类别证据不足
2946,大小红薯,8,薯类淀粉及其制品,,,,可能是原生食材，但频次、命名或类别证据不足
2947,肉肥瘦相间,8,畜肉类及其制品,,,,可能是原生食材，但频次、命名或类别证据不足
2951,长一段葱,8,蔬菜类及其制品,,,,可能是原生食材，但频次、命名或类别证据不足
2954,大小南瓜,8,蔬菜类及其制品,,,,可能是原生食材，但频次、命名或类别证据不足
2966,大喜大牛肉粉,8,畜肉类及其制品,,,,可能是原生食材，但频次、命名或类别证据不足
2967,绿色菜,8,蔬菜类及其制品,,,,可能是原生食材，但频次、命名或类别证据不足
2975,大小鸡蛋,8,禽肉类及其制品,,,,可能是原生食材，但频次、命名或类别证据不足
2981,吞拿鱼,8,鱼虾蟹贝类,,半罐头吞拿鱼 || 吞拿鱼 || 200g吞拿鱼,1842|82465|106995,可能是原生食材，但频次、命名或类别证据不足
2984,炸鸡裹粉,8,禽肉类及其制品,,100克炸鸡裹粉 || 4勺炸鸡裹粉 || 适量炸鸡裹粉,3633|19146|35145,可能是原生食材，但频次、命名或类别证据不足
2985,芋泥馅,8,薯类淀粉及其制品,,芋泥馅（馅料1） || 5勺芋泥馅 || 100克芋泥馅,3989|4371|16266,可能是原生食材，但频次、命名或类别证据不足
2986,黄骨鱼,8,鱼虾蟹贝类,,2条黄骨鱼 || 五条黄骨鱼 || 5条黄骨鱼,4812|5545|8173,可能是原生食材，但频次、命名或类别证据不足
2989,黑虎虾仁,8,鱼虾蟹贝类,,6个（40-50克左右）黑虎虾仁 || 150g黑虎虾仁 || 几颗黑虎虾仁,8539|75505|87629,可能是原生食材，但频次、命名或类别证据不足
2995,榴莲馅,8,水果类及其制品,,200克（可多加）榴莲馅 || 240克（网上有败）榴莲馅 || 榴莲馅,16856|51049|61089,可能是原生食材，但频次、命名或类别证据不足
2996,牛腿肉,8,禽肉类及其制品,,300克牛腿肉 || 750克牛腿肉 || 200克牛腿肉,18181|19865|20935,可能是原生食材，但频次、命名或类别证据不足
2999,黄辣椒,8,蔬菜类及其制品,,1/2个黄辣椒 || 适量黄辣椒 || 半个黄辣椒,24700|53901|59897,可能是原生食材，但频次、命名或类别证据不足
3000,牛肩肉,8,畜肉类及其制品,,500g牛肩肉 || 700克牛肩肉 || 500克牛肩肉,26094|96053|98847,可能是原生食材，但频次、命名或类别证据不足
3001,冻虾仁,8,鱼虾蟹贝类,,冻虾仁 || 200g冻虾仁 || 4勺冻虾仁,26129|79277|96635,可能是原生食材，但频次、命名或类别证据不足
3003,鹰嘴豆粉,8,干豆类及其制品,,2大把鹰嘴豆粉 || 100g鹰嘴豆粉 || 50克鹰嘴豆粉,39403|79399|89402,可能是原生食材，但频次、命名或类别证据不足
3009,白莲子,8,坚果种子类,,20克白莲子 || 6颗白莲子 || 一把白莲子,16235|23348|27893,可能是原生食材，但频次、命名或类别证据不足
3014,干姜,8,蔬菜类及其制品,,1块干姜 || 4片干姜 || 2钱干姜,3084|4394|9965|17156,可能是原生食材，但频次、命名或类别证据不足
3015,碎姜,8,蔬菜类及其制品,,1/2 茶匙碎姜,3248,可能是原生食材，但频次、命名或类别证据不足
3016,薄片姜,8,蔬菜类及其制品,,5-10薄片姜 || 4薄片姜（腌鱼） || 4-5薄片姜,4424|7291|8141,可能是原生食材，但频次、命名或类别证据不足
3017,生面,8,谷类及其制品,,适量生面 || 生面 || 一把生面,43931|74113|80135,可能是原生食材，但频次、命名或类别证据不足
3018,少胡萝卜,8,蔬菜类及其制品,,少半根胡萝卜,10656|93561|100333|119635|131416|141784|180362|191332|195688,可能是原生食材，但频次、命名或类别证据不足
3019,爆米花,8,谷类及其制品,,若干爆米花 || 100克爆米花 || #爆米花,15205|62721|71722,可能是原生食材，但频次、命名或类别证据不足
3020,蔬菜面,8,谷类及其制品,,1小把蔬菜面 || 适量蔬菜面 || 15克蔬菜面,15491|40814|68555,可能是原生食材，但频次、命名或类别证据不足
3022,去腥姜,8,蔬菜类及其制品,,去腥姜 || 5片去腥姜,26400|54346,可能是原生食材，但频次、命名或类别证据不足
3024,那么多姜,8,蔬菜类及其制品,,,,可能是原生食材，但频次、命名或类别证据不足
3025,桂格燕麦,8,谷类及其制品,,按个人分量而定桂格燕麦,27505,可能是原生食材，但频次、命名或类别证据不足
3026,儿葱,8,蔬菜类及其制品,,两根儿葱 || 一小块儿葱 || 一根儿葱,41918|61519|66611,可能是原生食材，但频次、命名或类别证据不足
3027,爆米花专玉米,8,谷类及其制品,,100g爆米花专用玉米 || 60克爆米花专用玉米,65156|180048,可能是原生食材，但频次、命名或类别证据不足
3029,多点葱,8,蔬菜类及其制品,,多点葱,122825,可能是原生食材，但频次、命名或类别证据不足
3030,蒜蓉姜,8,蔬菜类及其制品,,,,可能是原生食材，但频次、命名或类别证据不足
3035,豌豆玉米胡萝卜,8,干豆类及其制品,,豌豆  玉米  胡萝卜,70479,可能是原生食材，但频次、命名或类别证据不足
3036,传统燕麦,8,谷类及其制品,,1/2杯传统燕麦 || 20g传统燕麦 || 两杯传统燕麦,19226|75536|115579,可能是原生食材，但频次、命名或类别证据不足
3037,牛羊肉,8,畜肉类及其制品,,牛羊肉，牛羊杂 || 牛羊肉,33606|113426|164085,可能是原生食材，但频次、命名或类别证据不足
3038,玉米粒青豆,8,干豆类及其制品,,适量玉米粒 青豆 || 一把玉米粒 青豆,143232|171127,可能是原生食材，但频次、命名或类别证据不足
3040,红枣去核,7,坚果种子类,,250克红枣去核 || 红枣去核 || 八颗红枣去核,21|5164|7552,可能是原生食材，但频次、命名或类别证据不足
3041,魔芋米,7,谷类及其制品,,540g魔芋米 || 1包魔芋米 || 200克魔芋米,30|15641|17102,可能是原生食材，但频次、命名或类别证据不足
3042,青豌豆,7,干豆类及其制品,,适量青豌豆 || 一小把青豌豆 || 半斤青豌豆,95|2963|4853,可能是原生食材，但频次、命名或类别证据不足
3045,青苹果,7,水果类及其制品,,半个青苹果 || 1个青苹果 || 350克青苹果,158|16357|18085,可能是原生食材，但频次、命名或类别证据不足
3047,干朝天椒,7,蔬菜类及其制品,,3干朝天椒 || 干朝天椒 || 200g干朝天椒,329|7300|51850|64923,可能是原生食材，但频次、命名或类别证据不足
3050,瘦肉丝,7,畜肉类及其制品,瘦肉,瘦肉丝 || 50g瘦肉丝 || 50克瘦肉丝,545|5885|6420,形态描述存在，但原始食材无法确定
3051,辣椒壳,7,蔬菜类及其制品,,2个辣椒壳 || 5克辣椒壳 || 辣椒壳,599|18571|41448,可能是原生食材，但频次、命名或类别证据不足
3052,想吃菜,7,蔬菜类及其制品,,,,可能是原生食材，但频次、命名或类别证据不足
3054,可可液块,7,其他,可可液,25可可液块 || 27g-可可液块 || 40g可可液块,636|55467|142201,形态描述存在，但原始食材无法确定
3055,海蛎干,7,鱼虾蟹贝类,,50粒海蛎干 || 少许海蛎干 || 海蛎干,644|15509|48721,可能是原生食材，但频次、命名或类别证据不足
3056,精肉,7,畜肉类及其制品,,500克精肉 || 半斤精肉 || 200克精肉,662|13314|30958,可能是原生食材，但频次、命名或类别证据不足
3057,红虾,7,鱼虾蟹贝类,,一把小红虾 || 3个红虾 || 8个大红虾,858|5399|15043,可能是原生食材，但频次、命名或类别证据不足
3058,米辣椒,7,谷类及其制品,,4-6个小米辣椒 || 150g（我喜欢吃辣所以放的多，不喜欢吃辣30g左右就行）小米辣椒 || 5个小米辣椒,868|1659|3305,可能是原生食材，但频次、命名或类别证据不足
3059,生腰果,7,坚果种子类,,适量生腰果 || 生腰果250克 || 100g生腰果,879|7776|20117,可能是原生食材，但频次、命名或类别证据不足
3061,鲜鱼,7,鱼虾蟹贝类,,1条约1000克鲜鱼 || 一条约200克新鲜鱼（或者其它小杂鱼） || 500g鲜鱼,950|34159|45896,可能是原生食材，但频次、命名或类别证据不足
3062,大小番茄,7,蔬菜类及其制品,,,,可能是原生食材，但频次、命名或类别证据不足
3063,杏仁精,7,水果类及其制品,,1/2小勺杏仁精 || 1/8小勺杏仁精,1224|145656,可能是原生食材，但频次、命名或类别证据不足
3064,猪肉里脊,7,畜肉类及其制品,,500g猪肉里脊 || 1块猪肉里脊 || 200g猪肉里脊,1281|39038|40211,可能是原生食材，但频次、命名或类别证据不足
3068,节新鲜莲藕,7,薯类淀粉及其制品,,2节新鲜莲藕,83349,可能是原生食材，但频次、命名或类别证据不足
3069,泰国糯米,7,谷类及其制品,,2斤泰国糯米 || 250克（大概3－4人）泰国糯米 || 30g泰国糯米,1513|8972|16071,可能是原生食材，但频次、命名或类别证据不足
3071,小虾,7,鱼虾蟹贝类,,80克小虾 || 适量小虾 || 小虾250g，盐3g，淀粉35g,1540|5787|26997,可能是原生食材，但频次、命名或类别证据不足
3072,截葱,7,蔬菜类及其制品,,一小截葱 || 1截葱 || 1小截葱,1637|8889|20130|31240|62137|104469|109755|123512,可能是原生食材，但频次、命名或类别证据不足
3075,猪梅肉,7,畜肉类及其制品,,500g猪梅肉 || 300克猪梅肉 || 300g猪梅肉,1836|1844|11196,可能是原生食材，但频次、命名或类别证据不足
3078,青花鱼,7,鱼虾蟹贝类,,一条，约150克青花鱼 || 一条青花鱼 || 1条青花鱼,1979|6456|11903,可能是原生食材，但频次、命名或类别证据不足
3082,白扁豆,7,干豆类及其制品,,5g白扁豆 || 少许白扁豆 || 12克白扁豆,2324|13654|14984,可能是原生食材，但频次、命名或类别证据不足
3083,玉米饼,7,谷类及其制品,,随意玉米饼 || 玉米饼 || 适量玉米饼,2406|20394|24238,可能是原生食材，但频次、命名或类别证据不足
3085,鸡里脊,7,禽肉类及其制品,,2块鸡里脊 || 300克鸡里脊（或鸡腿肉） || 1块鸡里脊,2544|11304|29104,可能是原生食材，但频次、命名或类别证据不足
3089,小龙虾料,7,鱼虾蟹贝类,,,,可能是原生食材，但频次、命名或类别证据不足
3095,全蛋蛋液,7,蛋类及其制品,,全蛋1只蛋液 || 60克全蛋 蛋液,3140|82639,可能是原生食材，但频次、命名或类别证据不足
3096,紫茄子,7,蔬菜类及其制品,,3个紫茄子 || 半只紫茄子 || 紫茄子,3155|6203|23452,可能是原生食材，但频次、命名或类别证据不足
3097,槟榔芋头,7,薯类淀粉及其制品,,槟榔芋头 || 500克槟榔芋头 || 半个槟榔芋头,3304|60071|117612,可能是原生食材，但频次、命名或类别证据不足
3101,黄辣丁,7,其他类,黄辣,1斤黄辣丁 || 2斤黄辣丁 || 610克（杀好后）黄辣丁,3662|15955|31757,形态描述存在，但原始食材无法确定
3103,腊排骨,7,畜肉类及其制品,,500克腊排骨 || 1斤腊排骨 || 适量腊排骨,3815|10189|15969,可能是原生食材，但频次、命名或类别证据不足
3106,细葱,7,蔬菜类及其制品,,一把细葱 || 小细葱 || 若干细葱,4366|39929|51828,可能是原生食材，但频次、命名或类别证据不足
3107,干蔬菜,7,蔬菜类及其制品,,干蔬菜 || 50干蔬菜 || 适量干蔬菜,4367|5593|6038|16220|19176|20996|22295|23919|24199|31844|34729|38517|42925|49649|51220|51598|58829|59641|65021|74802,可能是原生食材，但频次、命名或类别证据不足
3109,猪肘子,7,畜肉类及其制品,,两个猪肘子 || 猪肘子 || 1个猪肘子,4474|6400|9122,可能是原生食材，但频次、命名或类别证据不足
3110,梅菜,7,蔬菜类及其制品,,适量（爱吃可以多放）梅菜 || 150克梅菜 || 梅菜,4489|12581|13223,可能是原生食材，但频次、命名或类别证据不足
3111,龙眼肉,7,畜肉类及其制品,,3粒龙眼肉 || 3颗龙眼肉 || 100克龙眼肉,4665|18249|59780,可能是原生食材，但频次、命名或类别证据不足
3117,西葫芦瓜,7,蔬菜类及其制品,,半个西葫芦瓜 || 2只西葫芦瓜 || 200克西葫芦瓜,4721|56686|72626|77192|97630,可能是原生食材，但频次、命名或类别证据不足
3118,活虾,7,鱼虾蟹贝类,,适量活虾 || 半斤左右活虾 || 15只活虾,4814|7238|12724,可能是原生食材，但频次、命名或类别证据不足
3119,史云生清鸡汤,7,禽肉类及其制品,,30毫升史云生清鸡汤 || 适量史云生清鸡汤 || 半罐史云生清鸡汤,4854|9408|48430,可能是原生食材，但频次、命名或类别证据不足
3120,奥尔良鸡肉,7,禽肉类及其制品,,适量奥尔良鸡肉,4860,可能是原生食材，但频次、命名或类别证据不足
3124,红番茄,7,蔬菜类及其制品,,4个大红番茄 || 2个大红番茄 || 1只红番茄,5004|20734|38410,可能是原生食材，但频次、命名或类别证据不足
3132,香菜梗,7,蔬菜类及其制品,,3棵香菜梗 || 30克香菜梗 || 适量香菜梗,5288|42860|56435,可能是原生食材，但频次、命名或类别证据不足
3133,五常大米,7,谷类及其制品,,1-2杯五常大米 || 3两五常大米 || 250克五常大米,5401|54803|55004,可能是原生食材，但频次、命名或类别证据不足
3135,蟹子,7,鱼虾蟹贝类,,一点蟹子 || 15克蟹子 || 蟹子,5468|68747|100427,可能是原生食材，但频次、命名或类别证据不足
3138,姜丝姜,7,蔬菜类及其制品,,姜丝少许姜 || 姜丝姜 || 姜丝适量姜,5747|31728|33703,可能是原生食材，但频次、命名或类别证据不足
3141,贝柱,7,鱼虾蟹贝类,,15-20粒（根据个人口味）贝柱（新鲜） || 贝柱 || 150g贝柱,6150|13026|26189,可能是原生食材，但频次、命名或类别证据不足
3144,贝壳,7,鱼虾蟹贝类,,10几个贝壳 || 150g贝壳 || 一斤贝壳,6286|63234|85282,可能是原生食材，但频次、命名或类别证据不足
3145,叶白菜,7,蔬菜类及其制品,,3片叶白菜 || 7片叶 （切细丝- 考验你们刀功的时候到了）白菜 || 两小叶白菜,6292|28247|45588,可能是原生食材，但频次、命名或类别证据不足
3146,鸭胸,7,禽肉类及其制品,,3块鸭胸 || 去皮鸭胸 || 2条鸭胸,6421|13520|16142,可能是原生食材，但频次、命名或类别证据不足
3149,姜切丝,7,蔬菜类及其制品,姜切,适量姜 切丝 || 些许姜切丝，蒜切片 || 适量姜切丝,6760|7935|40403,形态描述存在，但原始食材无法确定
3155,南方黑芝麻糊,7,坚果种子类,,1袋（40克）南方黑芝麻糊 || 克南方黑芝麻糊 || 5小袋南方黑芝麻糊,7262|13315|54250,可能是原生食材，但频次、命名或类别证据不足
3157,碧根果仁,7,坚果种子类,,25克(或核桃仁)碧根果仁 || 50克碧根果仁 || 适量碧根果仁,7376|67055|73038,可能是原生食材，但频次、命名或类别证据不足
3165,嫩菠菜,7,蔬菜类及其制品,,嫩菠菜 || 适量嫩菠菜 || 85 g嫩菠菜,8391|30172|52843,可能是原生食材，但频次、命名或类别证据不足
3169,干蘑菇,7,菌藻类,,12克干蘑菇 || 适量干蘑菇 || 四个干蘑菇,9005|14618|46558,可能是原生食材，但频次、命名或类别证据不足
3179,麦麸,7,谷类及其制品,,10克麦麸 || 5-10g麦麸 || 20克麦麸,10234|32970|38100,可能是原生食材，但频次、命名或类别证据不足
3180,瘦肉丁,7,畜肉类及其制品,瘦肉,100 克瘦肉丁 || 适量瘦肉丁 || 半小碗瘦肉丁,10392|28781|30170,形态描述存在，但原始食材无法确定
3182,杂粮米,7,谷类及其制品,,杂粮米 || 适量杂粮米 || 100克杂粮米,10436|16031|18810,可能是原生食材，但频次、命名或类别证据不足
3187,胖头鱼鱼头,7,鱼虾蟹贝类,,胖头鱼鱼头半个 || 1个胖头鱼鱼头 || 一个胖头鱼鱼头,11331|42948|52327,可能是原生食材，但频次、命名或类别证据不足
3191,瘦五花肉,7,畜肉类及其制品,,250克瘦五花肉 || 500克瘦五花肉,11806|122556,可能是原生食材，但频次、命名或类别证据不足
3192,芝麻叶,7,坚果种子类,,1根芝麻叶 || 若干芝麻叶 || 芝麻叶,11836|36364|134135,可能是原生食材，但频次、命名或类别证据不足
3194,香水柠檬,7,水果类及其制品,,2-3片香水柠檬 || 1个香水柠檬（可替换） || 1个香水柠檬,12088|37628|59760,可能是原生食材，但频次、命名或类别证据不足
3195,贝贝瓜,7,鱼虾蟹贝类,,1/4个贝贝瓜 || 半个贝贝瓜 || 1个贝贝瓜,12195|28801|37359,可能是原生食材，但频次、命名或类别证据不足
3197,泡好黄豆,7,干豆类及其制品,,一小把泡好的黄豆 || 200克泡好的黄豆 || 泡好的黄豆,12562|60313|105611|106737,可能是原生食材，但频次、命名或类别证据不足
3198,黑燕麦,7,谷类及其制品,,1/3杯黑燕麦 || 100克黑燕麦,12753|153705,可能是原生食材，但频次、命名或类别证据不足
3203,樱桃小萝卜,7,水果类及其制品,,樱桃小萝卜 || 1把樱桃小萝卜 || 500克樱桃小萝卜,13078|28525|29822|32384,可能是原生食材，但频次、命名或类别证据不足
3204,肥瘦相间猪肉,7,畜肉类及其制品,,肥瘦相间的猪肉一小块 || 230克肥瘦相间的猪肉 || 适量肥瘦相间的猪肉,13355|15358|16630,可能是原生食材，但频次、命名或类别证据不足
3206,白菜梗,7,蔬菜类及其制品,,6-8片白菜梗 || 200g白菜梗 || 适量白菜梗,13712|15340|20105,可能是原生食材，但频次、命名或类别证据不足
3213,水面,7,谷类及其制品,,1两水面 || 1份水面 || 200克水面,14411|28941|38730,可能是原生食材，但频次、命名或类别证据不足
3214,猪大骨,7,畜肉类及其制品,,猪大骨 || 一根猪大骨 || 3块猪大骨,14470|19426|26307|28727,可能是原生食材，但频次、命名或类别证据不足
3216,青辣椒红辣椒,7,蔬菜类及其制品,,适量青辣椒红辣椒 || 少许青辣椒红辣椒,14496|85783,可能是原生食材，但频次、命名或类别证据不足
3220,胡萝卜粉,7,蔬菜类及其制品,,5克胡萝卜粉 || 16克胡萝卜粉 || 少许胡萝卜粉,14750|118936|180202,可能是原生食材，但频次、命名或类别证据不足
3221,素面,7,谷类及其制品,,30克素面 || 两人份的 素面 || 一把素面（或龙须面）,15057|96825|106284,可能是原生食材，但频次、命名或类别证据不足
3222,无籽葡萄,7,水果类及其制品,,适量无籽葡萄 || 100克无籽葡萄 || 100g冷冻无籽葡萄,21073|32982|56106,可能是原生食材，但频次、命名或类别证据不足
3223,罗勒叶子,7,蔬菜类及其制品,,几片罗勒叶子 || 5杯新鲜罗勒叶子 || 五六片新鲜罗勒叶子,15305|96738|119809,可能是原生食材，但频次、命名或类别证据不足
3224,厄瓜多尔白虾,7,鱼虾蟹贝类,,10只厄瓜多尔白虾 || 6只厄瓜多尔白虾 || 8只厄瓜多尔白虾,15463|31952|33057|65504,可能是原生食材，但频次、命名或类别证据不足
3225,脐橙,7,水果类及其制品,,脐橙 || 1个脐橙 || 三个脐橙,15526|37077|41237|42201|65803|83893,可能是原生食材，但频次、命名或类别证据不足
3226,炒米,7,谷类及其制品,,适量炒米 || 炒米 || 一杯炒米,15568|19924|45779,可能是原生食材，但频次、命名或类别证据不足
3227,竹节虾,7,鱼虾蟹贝类,,适量竹节虾（去壳） || 8只竹节虾 || 5-6只竹节虾,15633|22455|110928,可能是原生食材，但频次、命名或类别证据不足
3228,肉菜,7,畜肉类及其制品,,,,可能是原生食材，但频次、命名或类别证据不足
3229,机大米,7,谷类及其制品,,适量有机大米 || 有机大米,15924|78458,可能是原生食材，但频次、命名或类别证据不足
3231,棵葱,7,蔬菜类及其制品,,两大棵葱 || 两小棵葱 || 1小棵葱,16397|31542|43336,可能是原生食材，但频次、命名或类别证据不足
3232,鸡蛋鸡蛋液,7,禽肉类及其制品,,1个鸡蛋鸡蛋液 || 1个鸡蛋左右鸡蛋液 || 一个鸡蛋鸡蛋液,16422|25478|44362,可能是原生食材，但频次、命名或类别证据不足
3239,扣肉,7,畜肉类及其制品,,适量（我的是切丁后饭碗大小一碗）扣肉（可以猪前腿的梅花肉代替） || 一块扣肉 || 扣肉,18686|55871|94432,可能是原生食材，但频次、命名或类别证据不足
3240,藕带,7,薯类淀粉及其制品,,半斤藕带 || 1000克新鲜藕带 || 1斤藕带,17181|18109|19952,可能是原生食材，但频次、命名或类别证据不足
3241,肉猪肉馅,7,畜肉类及其制品,,,,可能是原生食材，但频次、命名或类别证据不足
3242,指毛桃,7,水果类及其制品,,一小扎五指毛桃,17305,可能是原生食材，但频次、命名或类别证据不足
3243,无菌鸡蛋,7,禽肉类及其制品,,1个无菌鸡蛋 || 一个无菌鸡蛋 || 4个无菌鸡蛋,36435|93664|145722,可能是原生食材，但频次、命名或类别证据不足
3244,川椒,7,蔬菜类及其制品,,2个川椒 || 川椒 || 两三个川椒,17522|35927|98199|157066,可能是原生食材，但频次、命名或类别证据不足
3246,大白萝卜,7,蔬菜类及其制品,,1/4根大白萝卜,93673,可能是原生食材，但频次、命名或类别证据不足
3249,腊鸡腿,7,禽肉类及其制品,,腊鸡腿，香肠 || 半只腊鸡腿 || 1只腊鸡腿,18084|21942|25574,可能是原生食材，但频次、命名或类别证据不足
3250,青椒香菜,7,蔬菜类及其制品,,适量青椒 香菜,170682,可能是原生食材，但频次、命名或类别证据不足
3252,野米,7,谷类及其制品,,80克野米 || 30克野米 || 一杯野米,18160|61031|83771,可能是原生食材，但频次、命名或类别证据不足
3253,红烧牛肉面,7,畜肉类及其制品,,,,可能是原生食材，但频次、命名或类别证据不足
3254,羊杂,7,畜肉类及其制品,,500克羊杂 || 羊杂 || 2斤羊杂,18726|31372|53716|74238|91364|95526|100601|105486,可能是原生食材，但频次、命名或类别证据不足
3259,机胡萝卜,7,蔬菜类及其制品,,有机胡萝卜 || 两根有机胡萝卜 || 4小根有机胡萝卜,19238|40966|66527,可能是原生食材，但频次、命名或类别证据不足
3264,芒果果泥,7,水果类及其制品,,152g芒果果泥 || 150g芒果果泥 || 80g芒果果泥,20491|28979|86116,可能是原生食材，但频次、命名或类别证据不足
3265,意大利混合香草,7,蔬菜类及其制品,,0.5g意大利混合香草 || 适量意大利混合香草 || 2勺意大利混合香草,20652|122650|139798,可能是原生食材，但频次、命名或类别证据不足
3267,葱段葱,7,蔬菜类及其制品,,葱段葱 || 适量大葱段葱 || 几个葱段葱,21085|69420|117011|148606,可能是原生食材，但频次、命名或类别证据不足
3268,珍珠洋葱,7,蔬菜类及其制品,,18-24个珍珠洋葱（迷你洋葱） || 三杯珍珠洋葱,62100|69838,可能是原生食材，但频次、命名或类别证据不足
3271,毛蟹,7,鱼虾蟹贝类,,毛蟹 || 6只毛蟹 || 1只小毛蟹,21592|43229|46592,可能是原生食材，但频次、命名或类别证据不足
3273,荷兰芹,7,蔬菜类及其制品,,荷兰芹 || 2g荷兰芹 || 18克荷兰芹,21886|35171|55515,可能是原生食材，但频次、命名或类别证据不足
3274,灯笼辣椒,7,蔬菜类及其制品,,些许灯笼辣椒,79813,可能是原生食材，但频次、命名或类别证据不足
3277,夏黑葡萄,7,水果类及其制品,,10kg夏黑葡萄,22623,可能是原生食材，但频次、命名或类别证据不足
3278,空心面,7,谷类及其制品,,少许空心面 || 适量空心面 || 200克空心面,22701|91136|178407,可能是原生食材，但频次、命名或类别证据不足
3280,前腿猪肉,7,畜肉类及其制品,,800克前腿猪肉（肥3瘦7） || 200克前腿猪肉 || 300克前腿猪肉,23054|91541|93451,可能是原生食材，但频次、命名或类别证据不足
3281,龙须挂面,7,谷类及其制品,,60g龙须挂面 || 适量龙须挂面,23113|196950,可能是原生食材，但频次、命名或类别证据不足
3284,棵芹菜,7,蔬菜类及其制品,,一整棵芹菜 || 2小棵芹菜 || 一小棵芹菜,23333|45168|51728,可能是原生食材，但频次、命名或类别证据不足
3285,溏心蛋,7,蛋类及其制品,,1个水煮溏心蛋 || 1个溏心蛋 || 溏心蛋,23796|58794|92512,可能是原生食材，但频次、命名或类别证据不足
3286,芹菜梗,7,蔬菜类及其制品,,芹菜梗 || 100g芹菜梗 || 6克芹菜梗,24018|41858|70900,可能是原生食材，但频次、命名或类别证据不足
3288,冻虾,7,鱼虾蟹贝类,,10个冻虾 || 300g冻虾 || 75g冻虾,24281|143079|174246,可能是原生食材，但频次、命名或类别证据不足
3289,蛋卷,7,蛋类及其制品,,4根小蛋卷 || 蛋卷 || 2只蛋卷,24461|27762|156991,可能是原生食材，但频次、命名或类别证据不足
3292,斑节虾,7,鱼虾蟹贝类,,1只斑节虾 || 2斤斑节虾 || 6只斑节虾,25080|27797|31076,可能是原生食材，但频次、命名或类别证据不足
3295,普通南瓜,7,蔬菜类及其制品,,150克普通南瓜 || 普通南瓜,25385|195847,可能是原生食材，但频次、命名或类别证据不足
3299,纯瘦肉,7,畜肉类及其制品,,克纯瘦肉 || 150克纯瘦肉 || 300克纯瘦肉,104645|121241|136388,可能是原生食材，但频次、命名或类别证据不足
3302,贝贝小南瓜,7,鱼虾蟹贝类,,贝贝小南瓜 || 400克(去皮去籽)贝贝小南瓜(糊) || 半个贝贝小南瓜,26292|47213|94473,可能是原生食材，但频次、命名或类别证据不足
3307,冷冻蔬菜,7,蔬菜类及其制品,,小半袋冷冻蔬菜,26576,可能是原生食材，但频次、命名或类别证据不足
3308,榴莲核,7,水果类及其制品,,适量榴莲核 || 几颗榴莲核 || 3颗榴莲核,26770|139621|196509,可能是原生食材，但频次、命名或类别证据不足
3310,宁夏枸杞,7,坚果种子类,,150g宁夏枸杞 || 宁夏枸杞 || 10颗宁夏枸杞,27274|45612|48007,可能是原生食材，但频次、命名或类别证据不足
3312,黑芝麻核桃粉,7,水果类及其制品,,随意黑芝麻核桃粉 || 适量黑芝麻核桃粉 || 35g黑芝麻核桃粉,27650|28231|31729|43273,可能是原生食材，但频次、命名或类别证据不足
3313,克玉米粒,7,谷类及其制品,,小半碗克玉米粒 || 100+克玉米粒,27879|102352,可能是原生食材，但频次、命名或类别证据不足
3315,板鸭,7,禽肉类及其制品,,板鸭一只 || 一只板鸭 || 适量板鸭,27966|52197|73703,可能是原生食材，但频次、命名或类别证据不足
3317,姜黄,7,蔬菜类及其制品,,适量姜黄 || 姜黄 || 1小块新鲜姜黄,28910|43882|70400,可能是原生食材，但频次、命名或类别证据不足
3318,阳澄湖大闸蟹,7,鱼虾蟹贝类,,2只阳澄湖大闸蟹 || 适量阳澄湖大闸蟹 || 阳澄湖大闸蟹,29208|94061|102636,可能是原生食材，但频次、命名或类别证据不足
3319,长粒香米,7,谷类及其制品,,200克长粒香米 || 1.5杯长粒香米,130975|197775,可能是原生食材，但频次、命名或类别证据不足
3320,虾虾,7,鱼虾蟹贝类,,虾虾 || 一斤(其实随便- -)虾虾 || 适量虾虾,29588|78959|81945,可能是原生食材，但频次、命名或类别证据不足
3322,鸡蛋蛋液,7,禽肉类及其制品,,1个鸡蛋蛋液 || 一个鸡蛋左右蛋液（馅） || 2个鸡蛋蛋液,29924|54498|69503|82260,可能是原生食材，但频次、命名或类别证据不足
3323,番茄干,7,蔬菜类及其制品,,1汤匙番茄干 || 10g番茄干 || 若干番茄干,30172|74757|96204,可能是原生食材，但频次、命名或类别证据不足
3326,蚬子肉,7,鱼虾蟹贝类,,适量蚬子肉 || 10块钱的蚬子肉 || 蚬子肉,31281|102420|103036,可能是原生食材，但频次、命名或类别证据不足
3337,生姜泥,7,蔬菜类及其制品,,1/2小勺生姜泥 || 1小勺生姜泥 || 9（8）生姜泥,33726|59231|65753,可能是原生食材，但频次、命名或类别证据不足
3340,青阳辣椒,7,蔬菜类及其制品,,1个青阳辣椒 || 青阳辣椒 || 适量青阳辣椒（中国尖椒就行）,33836|46126|70109|95940,可能是原生食材，但频次、命名或类别证据不足
3346,灰枣,7,坚果种子类,,5颗灰枣 || 6颗灰枣 || 10个灰枣,35221|54371|93911,可能是原生食材，但频次、命名或类别证据不足
3348,肥瘦肉馅,7,畜肉类及其制品,,100克肥瘦肉馅 || 360g肥瘦肉馅(7分瘦3分肥) || 200克肥瘦肉馅,35651|52909|63769,可能是原生食材，但频次、命名或类别证据不足
3349,粗面,7,谷类及其制品,,2两粗面 || 粗面,35908|156675,可能是原生食材，但频次、命名或类别证据不足
3350,甜菜粉,7,蔬菜类及其制品,,适量甜菜粉 || 少许甜菜粉（红色） || 10克甜菜粉,35920|74824|96285,可能是原生食材，但频次、命名或类别证据不足
3354,辣椒小米椒,7,谷类及其制品,,,,可能是原生食材，但频次、命名或类别证据不足
3360,全蛋鸡蛋,7,禽肉类及其制品,,全蛋2个鸡蛋 || 3个全蛋鸡蛋 || 1个全蛋（用在猪肉馅）鸡蛋,38441|38686|51382,可能是原生食材，但频次、命名或类别证据不足
3361,火锅配菜,7,蔬菜类及其制品,,随意火锅配菜 || 适量火锅配菜 || 火锅配菜,38538|72971|100218,可能是原生食材，但频次、命名或类别证据不足
3362,纯椰子粉,7,水果类及其制品,,16g纯椰子粉 || 112克（可以再加些）纯椰子粉 || 30克纯椰子粉（无糖）,38847|48637|61780,可能是原生食材，但频次、命名或类别证据不足
3369,鸡胸鸡胸肉,7,禽肉类及其制品,,,,可能是原生食材，但频次、命名或类别证据不足
3372,芥辣,7,蔬菜类及其制品,,适量芥辣 || 芥辣 || 小勺芥辣,43339|44335|47684,可能是原生食材，但频次、命名或类别证据不足
3375,牛排牛肉,7,畜肉类及其制品,,牛排一片牛肉 || 一张牛排牛肉,44341|140042,可能是原生食材，但频次、命名或类别证据不足
3378,应季蔬菜,7,蔬菜类及其制品,,应季蔬菜 || 适量应季蔬菜,45205|180696,可能是原生食材，但频次、命名或类别证据不足
3381,鸡架子,7,禽肉类及其制品,,一个鸡架子 || 鸡架子,135770|160593,可能是原生食材，但频次、命名或类别证据不足
3382,蔬菜粉,7,蔬菜类及其制品,,少许蔬菜粉 || 蔬菜粉 || 适量蔬菜粉,54309|57778|93615|93734,可能是原生食材，但频次、命名或类别证据不足
3393,寿司萝卜,7,蔬菜类及其制品,,1个寿司萝卜 || 一小根寿司萝卜 || 寿司萝卜,48940|149460|166335,可能是原生食材，但频次、命名或类别证据不足
3394,绿叶青菜,7,蔬菜类及其制品,,500克绿叶青菜（品种不限）,49282,可能是原生食材，但频次、命名或类别证据不足
3399,优质蛋白,7,蛋类及其制品,,优质蛋白,86820,可能是原生食材，但频次、命名或类别证据不足
3402,白豆,7,干豆类及其制品,,白豆 (White beans) || 白豆 || 100克白豆,53004|61099|147792,可能是原生食材，但频次、命名或类别证据不足
3404,大姜,7,蔬菜类及其制品,,4片大姜 || 1块大姜 || 大半块姜,53537|66606|140849,可能是原生食材，但频次、命名或类别证据不足
3405,菠萝果肉,7,水果类及其制品,,500克菠萝果肉 || 300克（切小块，泡盐水，挤干水分备用）菠萝果肉 || 60g菠萝果肉,53993|70258|92782|103057,可能是原生食材，但频次、命名或类别证据不足
3408,菜碎,7,蔬菜类及其制品,菜,100克包菜碎 || #菜碎（这里用的生菜） || 2勺包菜碎（可选）,54661|74311|75474,形态描述存在，但原始食材无法确定
3415,虾子面,7,鱼虾蟹贝类,,1只虾子面 || 1把虾子面 || 一坨虾子面,57213|80392|90538,可能是原生食材，但频次、命名或类别证据不足
3418,菜蔬菜,7,蔬菜类及其制品,,包菜蔬菜,58293,可能是原生食材，但频次、命名或类别证据不足
3419,都可以鸡蛋,7,禽肉类及其制品,,4-5个都可以鸡蛋 || 一个两个都可以鸡蛋 || 1/2粒都可以鸡蛋,58303|94425|117822,可能是原生食材，但频次、命名或类别证据不足
3420,瘦肉片,7,畜肉类及其制品,瘦肉,250克瘦肉片 || 少许瘦肉片 || 适量瘦肉片,58530|94713|170242,形态描述存在，但原始食材无法确定
3424,辣椒仔,7,蔬菜类及其制品,,适量辣椒仔 || 辣椒仔 || 10g辣椒仔,61892|70111|102064,可能是原生食材，但频次、命名或类别证据不足
3425,肉丝儿,7,畜肉类及其制品,,200克肉丝儿,73245,可能是原生食材，但频次、命名或类别证据不足
3430,大红辣椒,7,蔬菜类及其制品,,,,可能是原生食材，但频次、命名或类别证据不足
3435,炒鸡蛋,7,禽肉类及其制品,,炒鸡蛋 || 2只炒鸡蛋,65762|171993|199718,可能是原生食材，但频次、命名或类别证据不足
3436,芝麻核桃粉,7,水果类及其制品,,2克芝麻核桃粉 || 适量芝麻核桃粉 || 若干芝麻核桃粉,82726|90892|173225,可能是原生食材，但频次、命名或类别证据不足
3438,虾粉,7,鱼虾蟹贝类,,1小勺虾粉 || 30克虾粉 || 适量虾粉,67272|77082|85313,可能是原生食材，但频次、命名或类别证据不足
3440,土豆胡萝卜,7,干豆类及其制品,,土豆胡萝卜,69161,可能是原生食材，但频次、命名或类别证据不足
3441,意大利米,7,谷类及其制品,,80g意大利米 || 200克意大利米 || 50克意大利米,69606|71988|74673,可能是原生食材，但频次、命名或类别证据不足
3442,紫菜汤,7,鱼虾蟹贝类,,,,可能是原生食材，但频次、命名或类别证据不足
3445,碎牛肉,7,畜肉类及其制品,,250G碎牛肉 || 250g碎牛肉 || 一盒碎牛肉,72510|125802|181508,可能是原生食材，但频次、命名或类别证据不足
3447,水煮鱼料,7,鱼虾蟹贝类,,,,可能是原生食材，但频次、命名或类别证据不足
3449,鸡翅鸡腿,7,禽肉类及其制品,鸡翅|鸡腿,一斤左右鸡翅鸡腿 || 若干只鸡翅鸡腿 || 超市腌好的鸡翅鸡腿,75170|149573|176082,明确包含多个独立食材；关系保守保留原文，克数不拆分
3450,凤梨果肉,7,水果类及其制品,,700g凤梨果肉 || 50克凤梨果肉,77361|122493,可能是原生食材，但频次、命名或类别证据不足
3453,胡萝卜面,7,谷类及其制品,,胡萝卜面（可提前做好）,81032,可能是原生食材，但频次、命名或类别证据不足
3454,橙皮碎,7,其他,橙皮,若干橙皮碎 || 60克橙皮碎 || 10g橙皮碎,83070|89715|124442,形态描述存在，但原始食材无法确定
3455,鸡腿鸡翅,7,禽肉类及其制品,鸡腿|鸡翅,鸡腿鸡翅 || 5个鸡腿鸡翅 || 适量鸡腿鸡翅,83319|140309|173914,明确包含多个独立食材；关系保守保留原文，克数不拆分
3456,椰子脆片,7,水果类及其制品,椰子脆,适量椰子脆片 || 60克椰子脆片,83519|90561|169757|186755,形态描述存在，但原始食材无法确定
3457,螺丝意面,7,鱼虾蟹贝类,,200g螺丝意面,111131,可能是原生食材，但频次、命名或类别证据不足
3459,香菇胡萝卜,7,菌藻类,,香菇胡萝卜,119265,可能是原生食材，但频次、命名或类别证据不足
3460,面食,7,谷类及其制品,,随意面食(肉馅饺子),83926,可能是原生食材，但频次、命名或类别证据不足
3461,白藜麦,7,谷类及其制品,,50克白藜麦 || 120克白藜麦,83946|177290,可能是原生食材，但频次、命名或类别证据不足
3462,甜菜,7,蔬菜类及其制品,,150克去皮甜菜 || 一片甜菜 || 半个甜菜,98430|119671|121090,可能是原生食材，但频次、命名或类别证据不足
3468,李锦记,7,水果类及其制品,,,,可能是原生食材，但频次、命名或类别证据不足
3472,青椒洋葱,7,蔬菜类及其制品,,青椒洋葱 || 青椒 洋葱,91379|129873,可能是原生食材，但频次、命名或类别证据不足
3475,青菜青菜,7,蔬菜类及其制品,,,,可能是原生食材，但频次、命名或类别证据不足
3482,益生菌粉,7,菌藻类,,1包益生菌粉 || 1小袋益生菌粉,126686|191418,可能是原生食材，但频次、命名或类别证据不足
3483,干萝卜丝,7,蔬菜类及其制品,干萝卜,适量干萝卜丝 || 50克干萝卜丝 || 干萝卜丝,101915|106710|132136,形态描述存在，但原始食材无法确定
3493,纳豆菌粉,7,菌藻类,,1包纳豆菌粉 || 1小包纳豆菌粉,133269|185948,可能是原生食材，但频次、命名或类别证据不足
3497,红虾仁,7,鱼虾蟹贝类,,5个红虾仁,126927,可能是原生食材，但频次、命名或类别证据不足
3499,大洋葱,7,蔬菜类及其制品,,1/2颗大洋葱 || 1/4个大洋葱 || 1/3个大洋葱,114218|142172|192110,可能是原生食材，但频次、命名或类别证据不足
3505,江鱼仔,7,鱼虾蟹贝类,,适量江鱼仔,119057|146165,可能是原生食材，但频次、命名或类别证据不足
3510,各种蔬菜水果,7,蔬菜类及其制品,,各种蔬菜水果,121578|156077,可能是原生食材，但频次、命名或类别证据不足
3513,普通米,7,谷类及其制品,,200克普通米 || 普通米,122861|190673,可能是原生食材，但频次、命名或类别证据不足
3516,苹果苹果,7,水果类及其制品,,1个大苹果苹果 || 7个小苹果苹果,161623|163633,可能是原生食材，但频次、命名或类别证据不足
3525,肌肉,7,畜肉类及其制品,,,,可能是原生食材，但频次、命名或类别证据不足
3526,泰国米,7,谷类及其制品,,泰国米一把，为了提香味儿普通大米+泰国米 || 1.5小杯泰国米 || 300～340克泰国米,152639|162928|194283,可能是原生食材，但频次、命名或类别证据不足
3536,牛油火锅料,7,畜肉类及其制品,,,,可能是原生食材，但频次、命名或类别证据不足
3539,水果蔬菜,7,蔬菜类及其制品,,若干新鲜水果蔬菜 || 水果蔬菜,173560|178922,可能是原生食材，但频次、命名或类别证据不足
3540,大蒜粒,7,蔬菜类及其制品,,,,可能是原生食材，但频次、命名或类别证据不足
3543,鱼料,7,鱼虾蟹贝类,,1包水煮鱼料,186117,可能是原生食材，但频次、命名或类别证据不足
3544,各种菇类,7,菌藻类,,随意各种菇类（金针菇/平菇/蟹味菇）,186949,可能是原生食材，但频次、命名或类别证据不足
3546,黄瓜黄瓜,7,蔬菜类及其制品,,1根，小黄瓜2-4根黄瓜,195015,可能是原生食材，但频次、命名或类别证据不足
3548,小青瓜,7,蔬菜类及其制品,,,,可能是原生食材，但频次、命名或类别证据不足
3552,排骨肉,7,畜肉类及其制品,,,,可能是原生食材，但频次、命名或类别证据不足
3553,青菜蔬菜,7,蔬菜类及其制品,,,,可能是原生食材，但频次、命名或类别证据不足
3554,肉半肥半瘦,7,畜肉类及其制品,,,,可能是原生食材，但频次、命名或类别证据不足
3557,胡辣椒,7,蔬菜类及其制品,,,,可能是原生食材，但频次、命名或类别证据不足
3560,多点葱姜蒜,7,蔬菜类及其制品,,,,可能是原生食材，但频次、命名或类别证据不足
3565,就行五花肉,7,畜肉类及其制品,,,,可能是原生食材，但频次、命名或类别证据不足
3569,猪杂,7,畜肉类及其制品,,,,可能是原生食材，但频次、命名或类别证据不足
3573,面食材,7,谷类及其制品,,,,可能是原生食材，但频次、命名或类别证据不足
3587,几粒枸杞,7,坚果种子类,,20几粒枸杞 || 几粒枸杞 || 10几粒枸杞,7745|8993|13894,可能是原生食材，但频次、命名或类别证据不足
3590,青椒胡萝卜,7,蔬菜类及其制品,,,,可能是原生食材，但频次、命名或类别证据不足
3592,香葱姜蒜,7,蔬菜类及其制品,,,,可能是原生食材，但频次、命名或类别证据不足
3596,小南瓜南瓜,7,蔬菜类及其制品,,,,可能是原生食材，但频次、命名或类别证据不足
3599,碎末,7,其他类,碎,,,形态描述存在，但原始食材无法确定
3610,儿菜,7,蔬菜类及其制品,,一颗儿菜 || 300g儿菜 || 400克儿菜,3300|4867|9828,可能是原生食材，但频次、命名或类别证据不足
3612,鲜肉馅,7,畜肉类及其制品,,鲜肉馅 || 200克鲜肉馅 || 150克鲜肉馅,7096|23253|41967|50886|54185,可能是原生食材，但频次、命名或类别证据不足
3613,干葱头,7,蔬菜类及其制品,,10颗干葱头 || 1个干葱头 || 400克干葱头,8547|8992|11040,可能是原生食材，但频次、命名或类别证据不足
3615,青红甜椒,7,蔬菜类及其制品,,青红甜椒 || 适量青红甜椒,10277|47646|193179,可能是原生食材，但频次、命名或类别证据不足
3616,老鸡,7,禽肉类及其制品,,一只老鸡 || 500克老鸡 || 半只去皮老鸡,10417|16382|26464,可能是原生食材，但频次、命名或类别证据不足
3618,南瓜馅,7,蔬菜类及其制品,,#南瓜馅（刚好倒入8寸派皮） || #南瓜馅 || #南瓜馅#,15922|53195|70534,可能是原生食材，但频次、命名或类别证据不足
3619,大鸡蛋,7,禽肉类及其制品,,3个/大的鸡蛋,24185,可能是原生食材，但频次、命名或类别证据不足
3624,芝麻馅,7,坚果种子类,,400g芝麻馅 || 500克芝麻馅 || 适量自制芝麻馅（可不放）,39348|59060|83561,可能是原生食材，但频次、命名或类别证据不足
3625,蕃薯粉,7,薯类淀粉及其制品,,适量蕃薯粉 || 蕃薯粉 || 400克蕃薯粉,43458|51432|69403,可能是原生食材，但频次、命名或类别证据不足
3627,五花肉糜,7,畜肉类及其制品,,一小块五花肉糜 || 若干五花肉糜 || 适量五花肉糜,50370|60756|63028,可能是原生食材，但频次、命名或类别证据不足
3631,米浆,7,谷类及其制品,,450克米浆 || 500g米浆 || 米浆,87474|108107|117273,可能是原生食材，但频次、命名或类别证据不足
3635,番茄醬,7,蔬菜类及其制品,,50g.番茄醬 || 120克番茄醬 || 番茄醬,113432|119434|125789,可能是原生食材，但频次、命名或类别证据不足
3636,小排骨,7,畜肉类及其制品,,,,可能是原生食材，但频次、命名或类别证据不足
3640,雞肉,7,畜肉类及其制品,,,,可能是原生食材，但频次、命名或类别证据不足
3642,大小生姜,7,蔬菜类及其制品,,,,可能是原生食材，但频次、命名或类别证据不足
3643,菜码,7,蔬菜类及其制品,,切丝适量菜码（胡萝卜、香菇、芹菜、木耳、青红辣椒 自选三种或以上） || #菜码 || 菜码（根据自己喜好）,619|61803|74191|91646|117620,可能是原生食材，但频次、命名或类别证据不足
3644,蛋白糊,7,蛋类及其制品,,蛋白糊 || 适量蛋白糊 || #蛋白糊#,5267|8476|28046,可能是原生食材，但频次、命名或类别证据不足
3645,鸡胸脯,7,禽肉类及其制品,,若干鸡胸脯 || 适量鸡胸脯 || 1块鸡胸脯,5510|10970|15180,可能是原生食材，但频次、命名或类别证据不足
3646,蒜頭,7,蔬菜类及其制品,,2-3瓣蒜頭 || 4小瓣蒜頭 || 2 瓣蒜頭,7530|40016|46007,可能是原生食材，但频次、命名或类别证据不足
3653,鱼中段,7,鱼虾蟹贝类,鱼中,,,形态描述存在，但原始食材无法确定
3655,肉类,7,畜肉类及其制品,,60-100g肉类 || 200g肉类 || 肉类,2176|14965|19545,名称过于宽泛或形态含义不明确，禁止猜测映射
3657,松茸干,7,菌藻类,,30～50克松茸干 || 15克松茸干 || 6朵松茸干,1214|40032|136358,可能是原生食材，但频次、命名或类别证据不足
3658,干枣,7,坚果种子类,,2颗干枣 || 10颗干枣 || 250克干枣,3516|5078|16361,可能是原生食材，但频次、命名或类别证据不足
3662,千层面,7,谷类及其制品,,2片千层面 || #千层面 || 3片千层面,19504|58199|198426,可能是原生食材，但频次、命名或类别证据不足
3665,烟肉,7,畜肉类及其制品,,100克烟肉 || 适量烟肉 || 少许烟肉,25826|68254|87086,可能是原生食材，但频次、命名或类别证据不足
3666,独蒜蒜,7,蔬菜类及其制品,,4粒独蒜蒜 || 独蒜蒜 || 3瓣/独蒜蒜,28284|35288|50536,可能是原生食材，但频次、命名或类别证据不足
3667,里肌肉,7,畜肉类及其制品,,250g里肌肉,1452,可能是原生食材，但频次、命名或类别证据不足
3670,香油葱,7,蔬菜类及其制品,,,,可能是原生食材，但频次、命名或类别证据不足
3671,头玉米,7,谷类及其制品,,根罐头玉米,13079,可能是原生食材，但频次、命名或类别证据不足
3672,末姜,7,蔬菜类及其制品,,末姜 || 小把末姜 || 切碎末姜,51621|66065|93704|102387,可能是原生食材，但频次、命名或类别证据不足
3673,了蒜,7,蔬菜类及其制品,,我用了两头蒜 || 我用了三粒蒜，可以多放蒜泥 || 500了蒜,67393|97340|146521,可能是原生食材，但频次、命名或类别证据不足
3675,果蔬面,7,谷类及其制品,,半袋果蔬面 || 果蔬面 || 15克果蔬面,116274|125011|150092,可能是原生食材，但频次、命名或类别证据不足
3676,黄金鲽鱼,7,鱼虾蟹贝类,,,,可能是原生食材，但频次、命名或类别证据不足
3677,碎香葱,7,蔬菜类及其制品,,2勺碎香葱,92278,可能是原生食材，但频次、命名或类别证据不足
3678,辣椒蒜,7,蔬菜类及其制品,,辣椒 蒜                    适量 || 适量辣椒 蒜,105890|174086,可能是原生食材，但频次、命名或类别证据不足
3679,干胡萝卜,7,蔬菜类及其制品,,,,可能是原生食材，但频次、命名或类别证据不足
3680,谷物燕麦,7,谷类及其制品,,谷物燕麦,136975,可能是原生食材，但频次、命名或类别证据不足
3681,丝洋葱,7,蔬菜类及其制品,,丝洋葱,176543,可能是原生食材，但频次、命名或类别证据不足
3684,速食燕麦,7,谷类及其制品,,,,可能是原生食材，但频次、命名或类别证据不足
3687,小面,7,谷类及其制品,,,,可能是原生食材，但频次、命名或类别证据不足
3688,甜罗勒叶,7,蔬菜类及其制品,,5片新鲜甜罗勒叶,113062,可能是原生食材，但频次、命名或类别证据不足
3689,小玉米,7,谷类及其制品,,,,可能是原生食材，但频次、命名或类别证据不足
3690,碎胡萝卜,7,蔬菜类及其制品,,,,可能是原生食材，但频次、命名或类别证据不足
3692,和葱,7,蔬菜类及其制品,葱,,,疑似多食材组合，但无法百分之百确认全部组成
3693,蒜末辣椒,7,蔬菜类及其制品,,,,可能是原生食材，但频次、命名或类别证据不足
3694,蒜末蒜,7,蔬菜类及其制品,,蒜末蒜 || 蒜末（适量）蒜 || 蒜末少许蒜,31728|85206|96422|104230|115918,可能是原生食材，但频次、命名或类别证据不足
3695,菜肉,7,畜肉类及其制品,,,,可能是原生食材，但频次、命名或类别证据不足
3696,就好葱,7,蔬菜类及其制品,,一点点就好葱,188366,可能是原生食材，但频次、命名或类别证据不足
3697,剁碎蒜,7,蔬菜类及其制品,,,,可能是原生食材，但频次、命名或类别证据不足
3699,鲶鱼,6,鱼虾蟹贝类,,若干鲶鱼 || 2条鲶鱼 || 条鲶鱼,22|7030|13173,可能是原生食材，但频次、命名或类别证据不足
3701,南杏仁,6,水果类及其制品,,南杏仁 || 20克南杏仁（甜杏仁） || 15克去皮南杏仁,61|13616|20650|23984,可能是原生食材，但频次、命名或类别证据不足
3703,叶生菜,6,蔬菜类及其制品,,10g大叶生菜 || 3片叶生菜 || 4叶生菜,117|12041|26689,可能是原生食材，但频次、命名或类别证据不足
3704,乳清蛋白粉,6,蛋类及其制品,,10g乳清蛋白粉 || 5克乳清蛋白粉 || 35g乳清蛋白粉,119|21690|61707,可能是原生食材，但频次、命名或类别证据不足
3705,一段胡萝卜,6,蔬菜类及其制品,,一段3厘米左右胡萝卜 || 一段胡萝卜 || 一段（130克）胡萝卜,152|3852|12382|14215,可能是原生食材，但频次、命名或类别证据不足
3707,蒜瓣儿,6,蔬菜类及其制品,,6瓣蒜瓣儿 || 5个蒜瓣儿 || 瓣蒜瓣儿,368|20750|77983,可能是原生食材，但频次、命名或类别证据不足
3709,节莲藕,6,薯类淀粉及其制品,,2小节莲藕 || 1节莲藕 || 3小节莲藕,413|907|3747|4036,可能是原生食材，但频次、命名或类别证据不足
3710,干丝,6,其他类,干,干丝 || 适量干丝 || 1把干丝,24311|25454|32157|58713|63297,形态描述存在，但原始食材无法确定
3713,鸭脚,6,禽肉类及其制品,,10个鸭脚 || 2斤左右鸭脚 || 半斤鸭脚,555|2628|3593,可能是原生食材，但频次、命名或类别证据不足
3714,小红豆,6,干豆类及其制品,,,,可能是原生食材，但频次、命名或类别证据不足
3716,牛脊骨,6,畜肉类及其制品,,1000克牛脊骨 || 500g牛脊骨 || 500克牛脊骨,756|16262|19087,可能是原生食材，但频次、命名或类别证据不足
3718,草鸡蛋,6,禽肉类及其制品,,3个草鸡蛋 || 4个草鸡蛋 || 两个草鸡蛋,973|29614|34660,可能是原生食材，但频次、命名或类别证据不足
3719,墨西哥玉米饼,6,谷类及其制品,,墨西哥玉米饼 || 5片墨西哥玉米饼 || 6个墨西哥玉米饼,1042|13505|58777|147503,可能是原生食材，但频次、命名或类别证据不足
3723,烧饼,6,谷类及其制品,,随意烧饼 || 2/3个烧饼 || 一个烧饼,1076|29331|38916,可能是原生食材，但频次、命名或类别证据不足
3725,炖好牛肉,6,畜肉类及其制品,,一碗炖好的牛肉 || 炖好的牛肉,1137|143830,可能是原生食材，但频次、命名或类别证据不足
3726,水果黄瓜,6,蔬菜类及其制品,,1公斤水果黄瓜 || 两根水果黄瓜 || 1根水果黄瓜,1169|11258|15578,可能是原生食材，但频次、命名或类别证据不足
3727,干裙带菜,6,鱼虾蟹贝类,,10克干裙带菜 || 3克干裙带菜 || 15克（一小把）干裙带菜,1169|48464|59069,可能是原生食材，但频次、命名或类别证据不足
3731,麻薯粉,6,薯类淀粉及其制品,,200克麻薯粉 || 92克麻薯粉（蓝黛） || 200克麻薯粉（蓝黛）,1350|21802|39252|42894,可能是原生食材，但频次、命名或类别证据不足
3732,紫叶生菜,6,蔬菜类及其制品,,30克紫叶生菜 || 30g紫叶生菜 || 20g紫叶生菜,1395|9273|36210,可能是原生食材，但频次、命名或类别证据不足
3733,猪尾,6,畜肉类及其制品,,若干整根猪尾 || 1份猪尾 || 猪尾3-4根，同量的铁棍山药，八角1个，姜片5片冰糖少量,1423|15745|33458,可能是原生食材，但频次、命名或类别证据不足
3738,雪豆,6,干豆类及其制品,,150克雪豆 || 8-9颗雪豆 || 适量雪豆,1599|27580|30616,可能是原生食材，但频次、命名或类别证据不足
3741,绿线椒,6,蔬菜类及其制品,,10只绿线椒 || 1根绿线椒 || 2根绿线椒,1645|15976|21633,可能是原生食材，但频次、命名或类别证据不足
3745,猪舌头,6,畜肉类及其制品,,克猪舌头 || 猪舌头 || 2个猪舌头,1767|5947|17883,可能是原生食材，但频次、命名或类别证据不足
3748,栗粉,6,坚果种子类,,100克栗粉（玉米淀粉） || 85g栗粉 || 5g （没有可不放）栗粉,2040|2046|7302,可能是原生食材，但频次、命名或类别证据不足
3750,蛋液和芝麻,6,蛋类及其制品,蛋液|芝麻,,,疑似多食材组合，但无法百分之百确认全部组成
3751,羊骨头,6,畜肉类及其制品,,1斤羊骨头 || 300g羊骨头（羊排、羊腿都可以） || 5斤羊骨头,2407|20813|26266,可能是原生食材，但频次、命名或类别证据不足
3753,水晶梨,6,水果类及其制品,,100g水晶梨 || 水晶梨 || 一个水晶梨,2497|12166|41214,可能是原生食材，但频次、命名或类别证据不足
3757,猪展,6,畜肉类及其制品,,两块猪展 || 300克猪展 || 猪展,2862|4735|47036,可能是原生食材，但频次、命名或类别证据不足
3767,姜米,6,谷类及其制品,,少许姜米 || 姜米 || 10克姜米,3352|33436|36656,可能是原生食材，但频次、命名或类别证据不足
3770,鸡翅尖,6,禽肉类及其制品,,一斤鸡翅尖 || 鸡翅尖 || 半斤250g鸡翅尖,3507|6641|10748,可能是原生食材，但频次、命名或类别证据不足
3773,山东大葱,6,蔬菜类及其制品,,山东大葱，小葱，香菜 || 1根山东大葱（香葱8棵） || 1根山东大葱,3669|29883|103640,可能是原生食材，但频次、命名或类别证据不足
3774,干葱姜蒜,6,蔬菜类及其制品,,干葱姜蒜 || 适量干葱姜蒜 || 若干干葱姜蒜,3817|34900|39811|47664,可能是原生食材，但频次、命名或类别证据不足
3777,魔芋精粉,6,薯类淀粉及其制品,,20克魔芋精粉 || 2克魔芋精粉 || 2g魔芋精粉,4153|31897|53506,可能是原生食材，但频次、命名或类别证据不足
3779,牛棒骨,6,畜肉类及其制品,,一根牛棒骨 || 1500g牛棒骨 || 1000克牛棒骨,4394|48714|61312|62822,可能是原生食材，但频次、命名或类别证据不足
3782,任意蔬菜,6,蔬菜类及其制品,,任意蔬菜 || 适量任意蔬菜 || 1把任意蔬菜,4483|47236|57604|62663|70254|78620|86592|89716|91973,可能是原生食材，但频次、命名或类别证据不足
3783,各种肉,6,畜肉类及其制品,,适量各种肉(按自己喜好) || 适量各种肉 || 随意各种肉，虾,4546|112244|152926,可能是原生食材，但频次、命名或类别证据不足
3785,茼蒿菜,6,蔬菜类及其制品,,3两茼蒿菜 || 2茼蒿菜 || 500克茼蒿菜,4704|24534|41021,可能是原生食材，但频次、命名或类别证据不足
3786,龙虾尾,6,鱼虾蟹贝类,,1斤小龙虾尾 || 500g小龙虾尾 || 龙虾尾（提前炸过的）,4731|8038|24554,可能是原生食材，但频次、命名或类别证据不足
3787,饵块,6,其他类,饵,250克饵块 || 五六片饵块 || 半块饵块,4808|9638|69118,形态描述存在，但原始食材无法确定
3788,春菜,6,蔬菜类及其制品,,3-4棵春菜 || 适量春菜 || 3根春菜,4825|35230|36471,可能是原生食材，但频次、命名或类别证据不足
3789,干笋,6,蔬菜类及其制品,,一小把干笋 || 1片干笋，或者100g干笋笋 || 70克干笋（一定要烟熏的那种）,4884|10590|12798,可能是原生食材，但频次、命名或类别证据不足
3790,肥羊卷,6,畜肉类及其制品,,200克肥羊卷 || 肥羊卷 || 半斤肥羊卷,4917|5052|5434,可能是原生食材，但频次、命名或类别证据不足
3791,混合麦片,6,谷类及其制品,混合麦,适量混合麦片 || 8杯混合麦片,4964|25511,形态描述存在，但原始食材无法确定
3794,少量胡萝卜,6,蔬菜类及其制品,,少量胡萝卜 || 少量胡萝卜（调色可不用） || 少量（整个的四分之一左右）胡萝卜,5006|8609|11026|12619|20824|21032|24777|27506|30838|33335|34165|36947|36966|38892|42600|46307|50135|51651|51807|56253|59294|62415|67157|71811|81121|83639|91148|91219|91270|91834|91934|94248|102817|103895,可能是原生食材，但频次、命名或类别证据不足
3801,红菜苔,6,蔬菜类及其制品,,1把红菜苔 || 红菜苔 || 300克红菜苔,5499|26406|26654,可能是原生食材，但频次、命名或类别证据不足
3803,海白菜,6,菌藻类,,适量海白菜 || 20g海白菜 || 一斤海白菜,5536|32242|72301,可能是原生食材，但频次、命名或类别证据不足
3804,油面,6,谷类及其制品,,一人份油面 || 油面 || 300g油面,5609|49153|63095|81198,可能是原生食材，但频次、命名或类别证据不足
3805,细玉米面,6,谷类及其制品,,细玉米面 || 40克细玉米面 || 250克细玉米面,5726|17270|19644,可能是原生食材，但频次、命名或类别证据不足
3806,鸡大腿肉,6,禽肉类及其制品,,半只鸡大腿肉 || 3大块鸡大腿肉 || 去骨去皮鸡大腿肉,5847|24396|31693,可能是原生食材，但频次、命名或类别证据不足
3807,二刀肉,6,畜肉类及其制品,,300克二刀肉 || 二刀肉（猪肉）400克 || 3000克二刀肉,5927|16000|17020,可能是原生食材，但频次、命名或类别证据不足
3812,打蛋盆,6,蛋类及其制品,,1个打蛋盆 || 打蛋盆2个，电动打蛋器，手抽，分蛋器，刮刀，乐葵萨瓦林4寸+8连爱心模具制作用具 || 打蛋盆,6197|89520|113305,可能是原生食材，但频次、命名或类别证据不足
3814,葱花姜末,6,蔬菜类及其制品,葱花姜,少许葱花  姜末 || 适量葱花姜末 || 葱花姜末,6394|93314|133854,形态描述存在，但原始食材无法确定
3816,钉螺,6,鱼虾蟹贝类,,350克钉螺 || 750克钉螺 || 钉螺,6442|21941|31129,可能是原生食材，但频次、命名或类别证据不足
3817,压面机,6,谷类及其制品,,1个压面机 || 压面机,6473|113574,可能是原生食材，但频次、命名或类别证据不足
3820,罗氏虾,6,鱼虾蟹贝类,,2斤罗氏虾 || 9只罗氏虾 || 500克左右罗氏虾,6581|60317|71641,可能是原生食材，但频次、命名或类别证据不足
3828,腊八豆,6,干豆类及其制品,,腊八豆 || 100g腊八豆 || 1勺腊八豆,7058|30956|34288|44128|48930,可能是原生食材，但频次、命名或类别证据不足
3833,头蒜头,6,蔬菜类及其制品,,一整头蒜头 || 一大头蒜头,7472|17639|23042|29025|39384|176023,可能是原生食材，但频次、命名或类别证据不足
3837,牛肋条肉,6,畜肉类及其制品,,800克牛肋条肉 || 150g牛肋条肉 || 2斤切块牛肋条肉,7622|29832|43927,可能是原生食材，但频次、命名或类别证据不足
3839,猪肘,6,畜肉类及其制品,,1只（1000g左右）猪肘 || 1个猪肘 || 1只猪肘,7902|21118|39896,可能是原生食材，但频次、命名或类别证据不足
3842,干红辣椒段,6,蔬菜类及其制品,干红辣椒,60g干红辣椒段 || 适量干红辣椒段，葱，姜，蒜,8030|21809,形态描述存在，但原始食材无法确定
3845,米糯米,6,谷类及其制品,,适量大米糯米 || 3杯米（约500g）糯米,36522|47113,可能是原生食材，但频次、命名或类别证据不足
3846,柚子蜜,6,水果类及其制品,,2大勺柚子蜜 || 25g柚子蜜 || 柚子蜜（麦芽糖等都行）,8289|92408|172478,可能是原生食材，但频次、命名或类别证据不足
3847,一段大葱,6,蔬菜类及其制品,,一段大葱 || 一段约半根大葱 || 约15公分一段大葱,8397|8461|10761|15248|21741|26059|30165|30316|30517|32242|36429|36685|38913|39241|44296|48433|53728|58473|63087|72583|72748|72855|73493|77380|77617|80349|81104|82824|83912,可能是原生食材，但频次、命名或类别证据不足
3848,蘑菇切片,6,菌藻类,蘑菇切,2个蘑菇切片 || 50克（可不加）蘑菇切片,8405|194975,形态描述存在，但原始食材无法确定
3849,香菇香菇,6,菌藻类,,小香菇10颗香菇 || 4-5朵小香菇香菇,8416|123326,可能是原生食材，但频次、命名或类别证据不足
3855,就好鸡蛋,6,禽肉类及其制品,,,,可能是原生食材，但频次、命名或类别证据不足
3859,核桃壳,6,水果类及其制品,,6个（带木质隔膜要留下）核桃壳,9058,可能是原生食材，但频次、命名或类别证据不足
3860,长辣椒,6,蔬菜类及其制品,,几个长辣椒 || 一个长辣椒 || 8个长辣椒,9064|21028|26977,可能是原生食材，但频次、命名或类别证据不足
3863,蟹籽,6,鱼虾蟹贝类,,20克蟹籽 || 少许蟹籽 || 适量蟹籽,9312|15856|19714|41683,可能是原生食材，但频次、命名或类别证据不足
3864,排排骨,6,畜肉类及其制品,,两根小排排骨 || 一小排排骨 || 小排一条排骨,9444|100588|121123,可能是原生食材，但频次、命名或类别证据不足
3867,直面,6,谷类及其制品,,1包小直面 || 一包小直面 || 30克小直面,9789|62727|76789,可能是原生食材，但频次、命名或类别证据不足
3869,麦芽精,6,干豆类及其制品,,1.3克麦芽精 || 1克麦芽精 || 18克（0.5%）麦芽精,10192|15501|18274,可能是原生食材，但频次、命名或类别证据不足
3870,酸腌菜,6,蔬菜类及其制品,,200克酸腌菜 || 1勺酸腌菜 || 3-4勺酸腌菜,10317|36471|48565,可能是原生食材，但频次、命名或类别证据不足
3871,丝苗米,6,谷类及其制品,,1杯丝苗米 || 150克丝苗米 || 3杯丝苗米(四人份）,10426|25425|36227,可能是原生食材，但频次、命名或类别证据不足
3872,鸡小胸肉,6,禽肉类及其制品,,三块鸡小胸肉 || 300g鸡小胸肉 || 400g鸡小胸肉,10457|59515|71666,可能是原生食材，但频次、命名或类别证据不足
3874,虾仁干,6,鱼虾蟹贝类,,十只左右小虾仁干 || 3个虾仁干 || 20克虾仁干,10683|26803|64950,可能是原生食材，但频次、命名或类别证据不足
3879,蛋白液,6,蛋类及其制品,,19克蛋白液 || 15g蛋白液 || 少许蛋白液,11384|28089|29657,可能是原生食材，但频次、命名或类别证据不足
3880,炒芝麻,6,坚果种子类,,一小勺炒芝麻 || 炒芝麻 || 少许炒芝麻,11408|31709|35554,可能是原生食材，但频次、命名或类别证据不足
3882,腊牛肉,6,畜肉类及其制品,,1块（约200g）腊牛肉 || 一小块腊牛肉 || 250g腊牛肉,11542|19192|22027,可能是原生食材，但频次、命名或类别证据不足
3885,鸡尖,6,禽肉类及其制品,,1千克鸡尖 || 500g鸡尖 || 20个鸡尖,11640|13146|15336|25306,可能是原生食材，但频次、命名或类别证据不足
3886,长糯米,6,谷类及其制品,,500g长糯米 || 500克长糯米 || 250克长糯米,11888|18946|30032,可能是原生食材，但频次、命名或类别证据不足
3891,油栗,6,坚果种子类,,油栗 || 250克油栗 || 10个油栗,12519|70692|178918,可能是原生食材，但频次、命名或类别证据不足
3892,羊里脊,6,畜肉类及其制品,,250克羊里脊 || 300克羊里脊 || 100克羊里脊,12590|59079|69577,可能是原生食材，但频次、命名或类别证据不足
3896,黑猪肉,6,畜肉类及其制品,,600克黑猪肉 || 克黑猪肉500 || 250克黑猪肉,12924|13093|22180,可能是原生食材，但频次、命名或类别证据不足
3897,自己口味辣椒,6,蔬菜类及其制品,,,,可能是原生食材，但频次、命名或类别证据不足
3899,鸡脆骨,6,禽肉类及其制品,,鸡脆骨 || 若干鸡脆骨 || 半斤鸡脆骨,13153|15391|29654,可能是原生食材，但频次、命名或类别证据不足
3900,干尖椒,6,蔬菜类及其制品,,干尖椒 || 3个干尖椒 || 适量干尖椒,13187|32252|47761|76524|77597,可能是原生食材，但频次、命名或类别证据不足
3901,高筋面,6,谷类及其制品,,200g高筋面 || 适量高筋面 || 80克高筋面,13217|22834|76843|78104,可能是原生食材，但频次、命名或类别证据不足
3903,辣椒大蒜,6,蔬菜类及其制品,,少许，辣椒可不加大蒜，葱，辣椒 || 辣椒大蒜,13450|21896,可能是原生食材，但频次、命名或类别证据不足
3907,牛尾骨,6,畜肉类及其制品,,500g牛尾骨 || 1块牛尾骨 || 克牛尾骨,13529|29125|49115|52960,可能是原生食材，但频次、命名或类别证据不足
3908,牛角包,6,畜肉类及其制品,,2个牛角包 || 小牛角包 || 2只牛角包,13613|69613|70749,可能是原生食材，但频次、命名或类别证据不足
3911,葵花籽仁,6,坚果种子类,,100克葵花籽仁 || 20 g葵花籽仁 || 300克葵花籽仁,14169|24067|52478,可能是原生食材，但频次、命名或类别证据不足
3914,速冻虾仁,6,鱼虾蟹贝类,,1袋速冻虾仁 || 七八个速冻虾仁 || 100克（一包200g，我用一半就当它100g吧）速冻虾仁,14554|35849|36976,可能是原生食材，但频次、命名或类别证据不足
3915,白菜芯,6,蔬菜类及其制品,,4颗小白菜芯 || 1个白菜芯 || 5片白菜芯,14592|27492|32889,可能是原生食材，但频次、命名或类别证据不足
3919,猴头菇粉,6,菌藻类,,2克猴头菇粉 || 10克猴头菇粉 || 适量猴头菇粉,35034|43086|57124|60509,可能是原生食材，但频次、命名或类别证据不足
3921,竹丝鸡,6,禽肉类及其制品,,半只竹丝鸡 || 1只竹丝鸡 || 适量竹丝鸡,15151|21532|32890|39352|64488|155653,可能是原生食材，但频次、命名或类别证据不足
3924,香蕉香蕉,6,水果类及其制品,,1/3个香蕉香蕉,95434,可能是原生食材，但频次、命名或类别证据不足
3927,红萝卜丁,6,蔬菜类及其制品,红萝卜,50克红萝卜丁 || 适量红萝卜丁 || 50g红萝卜丁,15803|16982|35031|40111|63597,形态描述存在，但原始食材无法确定
3928,茄汁黄豆,6,干豆类及其制品,,一罐茄汁黄豆（我用的是雄鸡牌） || 100克茄汁黄豆 || 1罐茄汁黄豆,15884|65734|106299|156423,可能是原生食材，但频次、命名或类别证据不足
3929,蛋黄蛋黄液,6,蛋类及其制品,,蛋黄1个蛋黄液 || 一个蛋黄蛋黄液 || 2个蛋黄蛋黄液,16095|20991|51468,可能是原生食材，但频次、命名或类别证据不足
3931,青江菜,6,蔬菜类及其制品,,3-5颗青江菜 || 3棵青江菜 || 1株青江菜,16107|81276|116405,可能是原生食材，但频次、命名或类别证据不足
3932,葱葱白,6,蔬菜类及其制品,,一根，切丝大葱葱白（饼） || 5根小葱葱白 || 半根大葱葱白,16213|65453|78245,可能是原生食材，但频次、命名或类别证据不足
3938,肉蟹,6,鱼虾蟹贝类,,1只肉蟹 || 一只（最好不少于一斤半）大肉蟹 || 1只大肉蟹,16755|30369|38288,可能是原生食材，但频次、命名或类别证据不足
3941,酸柠檬,6,水果类及其制品,,1个酸柠檬 || 3酸柠檬 || 2个酸柠檬,17314|24624|96017,可能是原生食材，但频次、命名或类别证据不足
3944,牛骨头,6,畜肉类及其制品,,4块牛骨头 || 牛骨头 || 三块牛骨头,17671|56209|95208,可能是原生食材，但频次、命名或类别证据不足
3949,燕麦仁,6,坚果种子类,,一碗燕麦仁 || 10克燕麦仁 || 40克燕麦仁,18002|29968|45210,可能是原生食材，但频次、命名或类别证据不足
3951,葱姜蒜小米椒,6,谷类及其制品,,适量葱姜蒜小米椒 || 适量葱姜蒜 小米椒,18234|23998|70994|83781|136588,可能是原生食材，但频次、命名或类别证据不足
3953,干红辣椒丝,6,蔬菜类及其制品,干红辣椒,适量干红辣椒丝 || 干红辣椒丝 || 少许干红辣椒丝,18277|49063|63427|71573,形态描述存在，但原始食材无法确定
3957,多胡萝卜,6,蔬菜类及其制品,,多半根胡萝卜 || 多半个胡萝卜,18574|22237|36622,可能是原生食材，但频次、命名或类别证据不足
3958,香葱沫,6,蔬菜类及其制品,,适量香葱沫 || 香葱沫 || 60克香葱沫,18723|20546|31008,可能是原生食材，但频次、命名或类别证据不足
3959,青红彩椒,6,蔬菜类及其制品,,青红彩椒 || 少许青红彩椒 || 50克青红彩椒,18895|94961|134264,可能是原生食材，但频次、命名或类别证据不足
3961,柠檬凝乳,6,水果类及其制品,,#柠檬凝乳（curd) || #柠檬凝乳 || 适量柠檬凝乳,19011|19309|44628,可能是原生食材，但频次、命名或类别证据不足
3965,绿椒,6,蔬菜类及其制品,,1个绿椒 || 半个绿椒 || 1只小绿椒,19179|23632|41694,可能是原生食材，但频次、命名或类别证据不足
3967,大小老姜,6,蔬菜类及其制品,,,,可能是原生食材，但频次、命名或类别证据不足
3969,姜蒜葱,6,蔬菜类及其制品,,适量姜蒜葱 || 少许姜蒜葱 || 姜蒜葱,19486|20167|32840|35807|41262|48174,可能是原生食材，但频次、命名或类别证据不足
3970,烧猪肉,6,畜肉类及其制品,,一小块烧猪肉 || 3两（看个人爱好，喜欢肉可以多放）烧猪肉,19749|151285,可能是原生食材，但频次、命名或类别证据不足
3972,脆苹果,6,水果类及其制品,,半个脆苹果 || 两个脆苹果,19877|101278,可能是原生食材，但频次、命名或类别证据不足
3973,煎鸡蛋,6,禽肉类及其制品,,煎鸡蛋 || 一个煎鸡蛋 || 1个煎鸡蛋,19904|24968|48054,可能是原生食材，但频次、命名或类别证据不足
3974,嫩生姜,6,蔬菜类及其制品,,2块嫩生姜 || 1500克嫩生姜 || 适量嫩生姜,19909|24385|57007,可能是原生食材，但频次、命名或类别证据不足
3978,鸡米花,6,禽肉类及其制品,,1袋（350克）冷冻鸡米花 || 200g鸡米花 || 鸡米花,20765|74304|89975,可能是原生食材，但频次、命名或类别证据不足
3980,绿彩椒,6,蔬菜类及其制品,,1/2个绿彩椒 || 绿彩椒 || 10g绿彩椒,20983|116412|137500,可能是原生食材，但频次、命名或类别证据不足
3981,胶原蛋白粉,6,蛋类及其制品,,1条胶原蛋白粉 || 2条胶原蛋白粉 || 15克胶原蛋白粉（可选）,21182|40744|43093,可能是原生食材，但频次、命名或类别证据不足
3988,螺肉,6,鱼虾蟹贝类,,适量螺肉 || 200克螺肉 || 螺肉,22202|72540|99287|143706|157443,可能是原生食材，但频次、命名或类别证据不足
3989,拇指大小姜,6,蔬菜类及其制品,,拇指大小一块姜 || 拇指大小姜 || 拇指大小的一小块姜,22238|38165|61133|66080,可能是原生食材，但频次、命名或类别证据不足
3990,猪筒骨,6,畜肉类及其制品,,1只猪筒骨 || 2根猪筒骨 || 1斤猪筒骨,22357|27676|34642,可能是原生食材，但频次、命名或类别证据不足
3991,杂鱼,6,鱼虾蟹贝类,,两斤杂鱼 || 一份杂鱼 || 条杂鱼10,22631|28502|55299,可能是原生食材，但频次、命名或类别证据不足
3993,金味麦片,6,谷类及其制品,金味麦,3包金味麦片 || 2-3小袋金味麦片 || 一包金味麦片,22892|45159|63682,形态描述存在，但原始食材无法确定
3994,散养鸡,6,禽肉类及其制品,,1只散养鸡 || 一只(五斤)散养鸡 || 半只散养鸡,23280|33690|49732,可能是原生食材，但频次、命名或类别证据不足
3995,瘦肉猪肉,6,畜肉类及其制品,,750克瘦肉猪肉 || 5块钱的瘦肉猪肉,52868|60889,可能是原生食材，但频次、命名或类别证据不足
3999,普通大米,6,谷类及其制品,,两勺普通大米 || 2把普通大米 || 30g普通大米,23929|26159|48371,可能是原生食材，但频次、命名或类别证据不足
4010,葱姜大料,6,蔬菜类及其制品,,适量葱姜大料 || 葱姜大料 || 葱 姜 大料,25090|42477|45668|73746|95421|113283,可能是原生食材，但频次、命名或类别证据不足
4011,鸽子蛋,6,蛋类及其制品,,2个鸽子蛋 || 4个鸽子蛋 || 二个鸽子蛋,25646|28256|38445|81825,可能是原生食材，但频次、命名或类别证据不足
4013,各色蔬菜,6,蔬菜类及其制品,,各色蔬菜,26082|41215,可能是原生食材，但频次、命名或类别证据不足
4015,迷你胡萝卜,6,蔬菜类及其制品,,6个迷你胡萝卜 || 2根迷你胡萝卜（可选） || 适量迷你胡萝卜,26125|67343|87824,可能是原生食材，但频次、命名或类别证据不足
4016,虾仁菜脯,6,鱼虾蟹贝类,,,,可能是原生食材，但频次、命名或类别证据不足
4019,青甜椒,6,蔬菜类及其制品,,少许青甜椒 || 半个青甜椒 || 1个青甜椒,26723|35679|48370|49088|61201,可能是原生食材，但频次、命名或类别证据不足
4023,甜洋葱,6,蔬菜类及其制品,,1个甜洋葱 || 一个甜洋葱 || 半颗甜洋葱,27768|60290|119057,可能是原生食材，但频次、命名或类别证据不足
4024,鸡骨头,6,禽肉类及其制品,,4个鸡骨头 || 鸡骨头 || 两根鸡骨头,47725|76919|95497,可能是原生食材，但频次、命名或类别证据不足
4026,萝卜叶,6,蔬菜类及其制品,,300克萝卜叶 || 萝卜叶，白萝卜都行茉莉芽,28217|196997,可能是原生食材，但频次、命名或类别证据不足
4027,柑橘,6,水果类及其制品,,12克柑橘 || 两个柑橘 || 柑橘,28364|48955|92814,可能是原生食材，但频次、命名或类别证据不足
4031,栗子馅,6,坚果种子类,,#栗子馅 # || 栗子馅 || 适量栗子馅,29127|57051|59745,可能是原生食材，但频次、命名或类别证据不足
4032,辣子面,6,谷类及其制品,,两勺辣子面 || 辣子面 || 1勺辣子面,35624|39708|62883,可能是原生食材，但频次、命名或类别证据不足
4034,猪肉饼,6,畜肉类及其制品,,猪肉饼 || 200猪肉饼 || 300克猪肉饼,29853|134747|152943,可能是原生食材，但频次、命名或类别证据不足
4036,发面饼,6,谷类及其制品,,4-5张发面饼,32344,可能是原生食材，但频次、命名或类别证据不足
4040,香芹菜,6,蔬菜类及其制品,,半根香芹菜 || 两根香芹菜 || 一小把香芹菜,30847|54280|114728,可能是原生食材，但频次、命名或类别证据不足
4043,泡红辣椒,6,蔬菜类及其制品,,泡红辣椒， || 10个泡红辣椒 || 50g泡红辣椒,31079|58876|60075,可能是原生食材，但频次、命名或类别证据不足
4053,秋梨膏,6,水果类及其制品,,1勺秋梨膏,32686,可能是原生食材，但频次、命名或类别证据不足
4054,虫草菇,6,菌藻类,,虫草菇 || 适量虫草菇 || 一小把虫草菇,32742|133566|159380,可能是原生食材，但频次、命名或类别证据不足
4056,干鹰嘴豆,6,干豆类及其制品,,适量干鹰嘴豆 || 干鹰嘴豆 || 干鹰嘴豆200克,32788|101442|141165,可能是原生食材，但频次、命名或类别证据不足
4057,葱伴侣,6,蔬菜类及其制品,,适量葱伴侣 || 适量葱伴侣（或郫县豆瓣酱）,32824|40291,可能是原生食材，但频次、命名或类别证据不足
4058,青椒圈,6,蔬菜类及其制品,,适量青椒圈 || 青椒圈 || 5克青椒圈,32932|49728|87617,可能是原生食材，但频次、命名或类别证据不足
4061,牛上脑,6,畜肉类及其制品,,牛上脑 || 1000g牛上脑 || 600克牛上脑,33729|62939|103390,可能是原生食材，但频次、命名或类别证据不足
4062,凉面,6,谷类及其制品,,200克凉面 || 300克凉面 || 1人份凉面,34160|41309|68462,可能是原生食材，但频次、命名或类别证据不足
4063,外婆菜,6,蔬菜类及其制品,,250克外婆菜 || 1小碗外婆菜（咸菜） || 300克外婆菜,34186|57416|68294,可能是原生食材，但频次、命名或类别证据不足
4065,小黄姜,6,蔬菜类及其制品,,,,可能是原生食材，但频次、命名或类别证据不足
4066,草莓蓝莓,6,水果类及其制品,,克草莓蓝莓 || 4颗草莓蓝莓,34606|63132,可能是原生食材，但频次、命名或类别证据不足
4070,主菜,6,蔬菜类及其制品,,随意主菜 || #主菜 || 主菜,35147|54172|57073,可能是原生食材，但频次、命名或类别证据不足
4073,牛肉里脊肉,6,畜肉类及其制品,,,,可能是原生食材，但频次、命名或类别证据不足
4075,大虾仁,6,鱼虾蟹贝类,,,,可能是原生食材，但频次、命名或类别证据不足
4077,酒渍蔓越莓,6,水果类及其制品,,#酒渍蔓越莓 || 若干酒渍蔓越莓 || 35g酒渍蔓越莓,35983|150691|196188,可能是原生食材，但频次、命名或类别证据不足
4081,猪腩肉,6,畜肉类及其制品,,1斤猪腩肉 || 猪腩肉 || 一斤猪腩肉,36716|40415|42982,可能是原生食材，但频次、命名或类别证据不足
4084,全麦土司,6,谷类及其制品,,2片全麦土司 || 全麦土司 || 1片全麦土司,36885|56114|60198,可能是原生食材，但频次、命名或类别证据不足
4085,文昌鸡,6,禽肉类及其制品,,1只文昌鸡（若无可用走地鸡替代） || 半只文昌鸡 || 1只文昌鸡,37059|69580|165048,可能是原生食材，但频次、命名或类别证据不足
4086,西芹叶,6,蔬菜类及其制品,,西芹叶 || 适量西芹叶 || 一把西芹叶,37324|62342|81583,可能是原生食材，但频次、命名或类别证据不足
4088,豆花,6,干豆类及其制品,,500g豆花 || 1碗豆花 || 适量豆花,37543|48042|94529,可能是原生食材，但频次、命名或类别证据不足
4089,蒜仔,6,蔬菜类及其制品,,蒜仔 || 两瓣大蒜仔 || 10瓣大蒜仔,37557|74569|78867,可能是原生食材，但频次、命名或类别证据不足
4091,葱花姜片,6,蔬菜类及其制品,葱花姜,若干葱花姜片 || 适量葱花姜片,37826|73484|116226|198732,形态描述存在，但原始食材无法确定
4093,棵西兰花,6,蔬菜类及其制品,,8小棵西兰花 || 1小棵西兰花 || 一小棵西兰花,38498|55728|148136,可能是原生食材，但频次、命名或类别证据不足
4097,红心红薯,6,薯类淀粉及其制品,,2个红心红薯 || 5个红心红薯 || 红心红薯,38961|47811|71782,可能是原生食材，但频次、命名或类别证据不足
4103,野生鲫鱼,6,鱼虾蟹贝类,,2条（800克）野生鲫鱼 || 3条野生鲫鱼 || 一条野生鲫鱼,39880|60438|97214,可能是原生食材，但频次、命名或类别证据不足
4106,猪肉薄片,6,畜肉类及其制品,猪肉薄,8片猪肉薄片（最好有点肥肉） || 100g猪肉薄片 || 猪肉薄片 100克,41614|41703|80776,形态描述存在，但原始食材无法确定
4108,木姜子,6,蔬菜类及其制品,,3克木姜子 || 适量木姜子 || 几粒木姜子,42594|66001|160097,可能是原生食材，但频次、命名或类别证据不足
4109,牛肉切片,6,畜肉类及其制品,牛肉切,4片牛肉切片 || 200克牛肉切片 || 牛肉切片,42701|46457|55675,形态描述存在，但原始食材无法确定
4110,虾球,6,鱼虾蟹贝类,,6-8只虾球 || 虾球 || 5斤虾球,42934|51102|64534,可能是原生食材，但频次、命名或类别证据不足
4112,红黄甜椒,6,蔬菜类及其制品,,适量红黄甜椒,43221,可能是原生食材，但频次、命名或类别证据不足
4114,草莓味,6,水果类及其制品,,草莓味,167580,可能是原生食材，但频次、命名或类别证据不足
4117,鲜鸡,6,禽肉类及其制品,,半只鲜鸡 || 1只鲜鸡,44671|91679|112894|113825|135231,可能是原生食材，但频次、命名或类别证据不足
4122,蛋白鸡蛋,6,禽肉类及其制品,,蛋白两个鸡蛋,174558,可能是原生食材，但频次、命名或类别证据不足
4124,冻玉米粒,6,谷类及其制品,,60克冻玉米粒 || 适量冻玉米粒,122439|153495,可能是原生食材，但频次、命名或类别证据不足
4125,荞麦冷面,6,谷类及其制品,,1包荞麦冷面 || 500克荞麦冷面 || 250g荞麦冷面,46104|128801|155428,可能是原生食材，但频次、命名或类别证据不足
4130,葱末蒜末,6,蔬菜类及其制品,葱末蒜,适量葱末蒜末 || 葱末蒜末 || 一些葱末蒜末,46760|80604|118600,形态描述存在，但原始食材无法确定
4131,各类菌菇,6,菌藻类,,适量各类菌菇,46827|112066|178050,可能是原生食材，但频次、命名或类别证据不足
4132,牛肋骨,6,畜肉类及其制品,,1条牛肋骨 || 1根牛肋骨 || 牛肋骨,46833|48596|72122,可能是原生食材，但频次、命名或类别证据不足
4135,豆豆,6,干豆类及其制品,,,,可能是原生食材，但频次、命名或类别证据不足
4136,菜切丝,6,蔬菜类及其制品,菜切,包菜 切丝 || 1/4个包菜切丝,97502|123943,形态描述存在，但原始食材无法确定
4137,伊面,6,谷类及其制品,,1个伊面 (或其它面条) || 适量伊面 || 伊面（或乌冬面、拉面）,48134|51285|56543,可能是原生食材，但频次、命名或类别证据不足
4138,蒜白,6,蔬菜类及其制品,,200g蒜白 || 5条蒜白 || 1根蒜白,48595|68127|73995,可能是原生食材，但频次、命名或类别证据不足
4140,腩肉,6,畜肉类及其制品,,半斤腩肉 || 适量腩肉 || 300克腩肉,48764|99437|123939,可能是原生食材，但频次、命名或类别证据不足
4141,土鸡汤,6,禽肉类及其制品,,小碗土鸡汤 || 土鸡汤 || #土鸡汤#,48815|67322|69929,可能是原生食材，但频次、命名或类别证据不足
4145,香草料,6,蔬菜类及其制品,,,,可能是原生食材，但频次、命名或类别证据不足
4149,面剂子,6,谷类及其制品,,适量面剂子 || 现成面剂子 || 2根面剂子（可自己和面）,49772|118170|166676,可能是原生食材，但频次、命名或类别证据不足
4153,香菜小葱,6,蔬菜类及其制品,,少许香菜小葱 || 几根香菜小葱 || 适量香菜小葱,50677|99601|100194|108646,可能是原生食材，但频次、命名或类别证据不足
4157,牛肉牛肉,6,畜肉类及其制品,,,,可能是原生食材，但频次、命名或类别证据不足
4158,水果草莓,6,水果类及其制品,,1.5杯水果   草莓,51994,可能是原生食材，但频次、命名或类别证据不足
4159,豚骨拉面,6,谷类及其制品,,,,可能是原生食材，但频次、命名或类别证据不足
4160,长豇豆,6,干豆类及其制品,,4根长豇豆（就是常见的那种长的豆角） || 1根长豇豆 || 半斤长豇豆,52070|65410|87482,可能是原生食材，但频次、命名或类别证据不足
4163,三文鱼扒,6,鱼虾蟹贝类,,2块 （500g）三文鱼扒 || 1片三文鱼扒 || 650g三文鱼扒,52787|167977|178582,可能是原生食材，但频次、命名或类别证据不足
4165,米燕麦,6,谷类及其制品,,,,可能是原生食材，但频次、命名或类别证据不足
4166,肥瘦相间肉,6,畜肉类及其制品,,250克肥瘦相间的肉 || 150克肥瘦相间的肉 || 肥瘦相间 500克肉,53696|93447|162270,可能是原生食材，但频次、命名或类别证据不足
4168,黄花菜干,6,蔬菜类及其制品,,适量黄花菜干 || 黄花菜干,54556|73996,可能是原生食材，但频次、命名或类别证据不足
4172,棵油麦菜,6,谷类及其制品,,1小棵油麦菜,55010,可能是原生食材，但频次、命名或类别证据不足
4174,鸡软骨,6,禽肉类及其制品,,100G鸡软骨 || 鸡软骨 || 300克鸡软骨,55456|62383|62490,可能是原生食材，但频次、命名或类别证据不足
4175,头洋葱,6,蔬菜类及其制品,,一大头洋葱,55878,可能是原生食材，但频次、命名或类别证据不足
4179,双歧杆菌,6,菌藻类,,1包（或100g）双歧杆菌（或酸奶） || 1g(一袋)双歧杆菌 || 1包双歧杆菌（10菌）,57993|117193|141933,可能是原生食材，但频次、命名或类别证据不足
4180,牛肉薄片,6,畜肉类及其制品,牛肉薄,350g牛肉薄片 || 100g牛肉薄片 || 400g牛肉薄片,116229|189704|196740,形态描述存在，但原始食材无法确定
4183,香猪肉,6,畜肉类及其制品,,250g香猪肉,59075,可能是原生食材，但频次、命名或类别证据不足
4185,水蛋黄水,6,蛋类及其制品,,蛋黄+4分之一蛋白+15克水蛋黄水,127917,可能是原生食材，但频次、命名或类别证据不足
4187,粗山药,6,薯类淀粉及其制品,,约300克粗山药 || 粗山药,61207|160322,可能是原生食材，但频次、命名或类别证据不足
4188,胡萝卜切丁,6,蔬菜类及其制品,胡萝卜切,半根胡萝卜切丁 || 胡萝卜切丁 || 150g胡萝卜切丁,61294|167428|173330|195460,形态描述存在，但原始食材无法确定
4192,杂菌,6,菌藻类,,适量杂菌（白蘑菇/金针菇/香菇等等） || (喜欢什么菌类就放什么)杂菌 || 400g杂菌,62386|91190|133922,可能是原生食材，但频次、命名或类别证据不足
4196,红辣椒圈,6,蔬菜类及其制品,,10克红辣椒圈,198648,可能是原生食材，但频次、命名或类别证据不足
4197,了猪肉,6,畜肉类及其制品,,,,可能是原生食材，但频次、命名或类别证据不足
4198,黄色小番茄,6,蔬菜类及其制品,,适量黄色小番茄,64040,可能是原生食材，但频次、命名或类别证据不足
4199,面团配方,6,谷类及其制品,,以上为面团配方 || #面团配方 || 面团配方,64106|153424|163504,可能是原生食材，但频次、命名或类别证据不足
4201,任何蔬菜,6,蔬菜类及其制品,,,,可能是原生食材，但频次、命名或类别证据不足
4202,捣碎,6,其他类,捣,捣碎，5g川贝,64834,形态描述存在，但原始食材无法确定
4205,青红丝,6,其他类,青红,13青红丝 || 15克青红丝 || 60克青红丝,66772|75187|100361,形态描述存在，但原始食材无法确定
4210,汤面,6,谷类及其制品,,300g汤面,145536,可能是原生食材，但频次、命名或类别证据不足
4220,蜜柚,6,水果类及其制品,,蜜柚 || 半个蜜柚 || 1/4个蜜柚,69810|76596|89591|119279,可能是原生食材，但频次、命名或类别证据不足
4229,鸡胸肉鸡胸肉,6,禽肉类及其制品,,250g鸡胸肉鸡胸肉（切成大块，用叉子做几个孔。裹小麦粉）,74866,可能是原生食材，但频次、命名或类别证据不足
4231,鲽鱼,6,鱼虾蟹贝类,,2条鲽鱼 || 1条鲽鱼,75166|151865,可能是原生食材，但频次、命名或类别证据不足
4235,大小鸡胸肉,6,禽肉类及其制品,,,,可能是原生食材，但频次、命名或类别证据不足
4239,青椒小米椒,6,谷类及其制品,,,,可能是原生食材，但频次、命名或类别证据不足
4240,野生海参,6,鱼虾蟹贝类,,59g野生海参,97265,可能是原生食材，但频次、命名或类别证据不足
4242,生姜几片,6,蔬菜类及其制品,生姜几,片生姜几片 || 生姜几片,78197|109815|139241|147516,形态描述存在，但原始食材无法确定
4243,蒜片姜片,6,蔬菜类及其制品,蒜片姜,适量蒜片 姜片,78371,形态描述存在，但原始食材无法确定
4247,砀山梨,6,水果类及其制品,,1个砀山梨 || 6只，大概2500克砀山梨 || 1只砀山梨,79294|120966|179235,可能是原生食材，但频次、命名或类别证据不足
4254,鸡蛋一枚,6,禽肉类及其制品,,鸡蛋一枚 || 鸡蛋一枚，只用蛋黄,81009|108321|112886,可能是原生食材，但频次、命名或类别证据不足
4255,骏枣,6,坚果种子类,,130g骏枣,81144,可能是原生食材，但频次、命名或类别证据不足
4256,天然蘑菇精华,6,菌藻类,,,,可能是原生食材，但频次、命名或类别证据不足
4262,菌种,6,菌藻类,,一包菌种 || 一小包1.5G菌种 || 1小包菌种,85238|88913|122185,可能是原生食材，但频次、命名或类别证据不足
4264,蘑菇汤,6,菌藻类,,300ml蘑菇汤,85934,可能是原生食材，但频次、命名或类别证据不足
4265,胡萝卜切丝,6,蔬菜类及其制品,胡萝卜切,半个胡萝卜切丝 || 1杯胡萝卜切丝,86333|180689,形态描述存在，但原始食材无法确定
4275,里脊肉片,6,畜肉类及其制品,里脊肉,150克里脊肉片 || 一小块里脊肉片 || 300克里脊肉片,89030|117026|139184,形态描述存在，但原始食材无法确定
4276,草莓草莓,6,水果类及其制品,,,,可能是原生食材，但频次、命名或类别证据不足
4282,备姜,6,蔬菜类及其制品,,一块切片备用姜 || 切丝备用姜,91476|177573|195455,可能是原生食材，但频次、命名或类别证据不足
4291,米米,6,谷类及其制品,,2杯米米 || 半碗米米,95386|180973,可能是原生食材，但频次、命名或类别证据不足
4292,蛋黄粉,6,蛋类及其制品,,10克蛋黄粉 || 100g蛋黄粉,95716|148446,可能是原生食材，但频次、命名或类别证据不足
4293,三色彩椒,6,蔬菜类及其制品,,,,可能是原生食材，但频次、命名或类别证据不足
4294,细圆挂面,6,谷类及其制品,,150克（平常人饭量足够了，觉得不够可以增加到200克）细圆挂面 || 100克细圆挂面,97523|180216,可能是原生食材，但频次、命名或类别证据不足
4296,坨蒜,6,蔬菜类及其制品,,一整坨蒜,97894,可能是原生食材，但频次、命名或类别证据不足
4297,卤肉香料,6,畜肉类及其制品,,,,可能是原生食材，但频次、命名或类别证据不足
4301,辣椒包,6,蔬菜类及其制品,,适量辣椒包（不是必须）,100935,可能是原生食材，但频次、命名或类别证据不足
4304,就够了洋葱,6,蔬菜类及其制品,,两个（小号）大的一个就够了洋葱,101760,可能是原生食材，但频次、命名或类别证据不足
4305,脆鱼,6,鱼虾蟹贝类,,2.1斤脆鱼（可换成草鱼：黑鱼） || 800g脆鱼,102266|163177,可能是原生食材，但频次、命名或类别证据不足
4306,蓝莓粉,6,水果类及其制品,,5克蓝莓粉,102345,可能是原生食材，但频次、命名或类别证据不足
4307,叶羽衣甘蓝,6,蔬菜类及其制品,,4片叶羽衣甘蓝,193863,可能是原生食材，但频次、命名或类别证据不足
4308,贝类,6,鱼虾蟹贝类,,贝类 || 2斤贝类,102500|110101|149277,可能是原生食材，但频次、命名或类别证据不足
4310,鲜鸡汤,6,禽肉类及其制品,,少许鲜鸡汤,102581,可能是原生食材，但频次、命名或类别证据不足
4312,水果椒,6,蔬菜类及其制品,,适量水果椒 || 2只水果椒(可不放) || 1根水果椒（长型）,103040|113414|114382,可能是原生食材，但频次、命名或类别证据不足
4322,芝麻糊,6,坚果种子类,,1芝麻糊 || 30g（主面团）芝麻糊（自制） || 两袋（约80g）袋装芝麻糊,110357|122403|163893,可能是原生食材，但频次、命名或类别证据不足
4324,一半洋葱,6,蔬菜类及其制品,,一半洋葱,57929|116478|133546|150933|169072|176112|184710|191842,可能是原生食材，但频次、命名或类别证据不足
4325,菜和肉,6,畜肉类及其制品,菜|肉,,,疑似多食材组合，但无法百分之百确认全部组成
4326,方块五花肉,6,畜肉类及其制品,,方块五花肉,112108,可能是原生食材，但频次、命名或类别证据不足
4327,麻辣小龙虾料,6,鱼虾蟹贝类,,半包麻辣小龙虾料,112167,可能是原生食材，但频次、命名或类别证据不足
4328,味蛋白粉,6,蛋类及其制品,,,,可能是原生食材，但频次、命名或类别证据不足
4330,芽苗菜,6,干豆类及其制品,,5克芽苗菜,114240,可能是原生食材，但频次、命名或类别证据不足
4331,蒜头蒜蓉,6,蔬菜类及其制品,,半个蒜头蒜蓉,161128,可能是原生食材，但频次、命名或类别证据不足
4333,坛子辣椒,6,蔬菜类及其制品,,一些坛子辣椒（剁辣椒、腌辣椒）,160673,可能是原生食材，但频次、命名或类别证据不足
4334,仁核桃仁,6,水果类及其制品,,,,可能是原生食材，但频次、命名或类别证据不足
4336,蔬菜肉类,6,畜肉类及其制品,,若干蔬菜肉类,118789,可能是原生食材，但频次、命名或类别证据不足
4339,儿鸡胸肉,6,禽肉类及其制品,,一块儿鸡胸肉 || 半块儿(半斤左右)鸡胸肉,120039|182449,可能是原生食材，但频次、命名或类别证据不足
4341,张紫菜,6,鱼虾蟹贝类,,一小张紫菜 || 1小张紫菜 || 3大张紫菜,121481|146135|170238,可能是原生食材，但频次、命名或类别证据不足
4344,多鸡蛋,6,禽肉类及其制品,,3个 1块多鸡蛋,122079,可能是原生食材，但频次、命名或类别证据不足
4350,菜馅,6,蔬菜类及其制品,,菜馅，茴香鸡蛋猪肉 || 菜馅,123720|166526,可能是原生食材，但频次、命名或类别证据不足
4351,表面水,6,谷类及其制品,,表面水,124148,可能是原生食材，但频次、命名或类别证据不足
4352,怀山药,6,薯类淀粉及其制品,,20克怀山药（健胃化痰） || 1根怀山药 || 1根-2根怀山药,124888|139841|146190,可能是原生食材，但频次、命名或类别证据不足
4355,面团全蛋液,6,蛋类及其制品,,,,可能是原生食材，但频次、命名或类别证据不足
4357,下饭菜,6,蔬菜类及其制品,,3勺瓶装下饭菜,129691,可能是原生食材，但频次、命名或类别证据不足
4358,蛋黄液鸡蛋,6,禽肉类及其制品,,一点蛋黄液鸡蛋,129767,可能是原生食材，但频次、命名或类别证据不足
4360,蛋花汤,6,蛋类及其制品,,,,可能是原生食材，但频次、命名或类别证据不足
4364,虾膏,6,鱼虾蟹贝类,,两小片虾膏 || 20g虾膏（干） || 1勺大虾膏,133541|136234|192029,可能是原生食材，但频次、命名或类别证据不足
4368,红豆汤,6,干豆类及其制品,,红豆汤 || 适量红豆汤,136310|145161|191442,可能是原生食材，但频次、命名或类别证据不足
4371,就行猪肉,6,畜肉类及其制品,,,,可能是原生食材，但频次、命名或类别证据不足
4375,糯米糯米,6,谷类及其制品,,,,可能是原生食材，但频次、命名或类别证据不足
4377,椒鸡胸肉,6,禽肉类及其制品,,,,可能是原生食材，但频次、命名或类别证据不足
4379,口味小米辣,6,谷类及其制品,,,,可能是原生食材，但频次、命名或类别证据不足
4381,圆白菜叶,6,蔬菜类及其制品,,一片圆白菜叶 || 圆白菜叶 || 5片圆白菜叶,143005|146713|161660|194307,可能是原生食材，但频次、命名或类别证据不足
4385,粉蒸肉粉,6,畜肉类及其制品,,,,可能是原生食材，但频次、命名或类别证据不足
4386,排骨粉,6,畜肉类及其制品,,,,可能是原生食材，但频次、命名或类别证据不足
4387,发酵菌粉,6,菌藻类,,3g发酵菌粉（十度良品）,144984|148660,可能是原生食材，但频次、命名或类别证据不足
4389,胡萝卜洋葱,6,蔬菜类及其制品,,胡萝卜 洋葱,193026,可能是原生食材，但频次、命名或类别证据不足
4394,蟹味棒,6,鱼虾蟹贝类,,2根蟹味棒 || 108g蟹味棒 || 4只蟹味棒,149847|158341|180639,可能是原生食材，但频次、命名或类别证据不足
4399,乳清蛋白,6,蛋类及其制品,,20克乳清蛋白(巧克力口味) || 100毫升乳清蛋白,151311|155026,可能是原生食材，但频次、命名或类别证据不足
4401,和胡萝卜,6,蔬菜类及其制品,胡萝卜,,,疑似多食材组合，但无法百分之百确认全部组成
4402,烧牛肉,6,畜肉类及其制品,,,,可能是原生食材，但频次、命名或类别证据不足
4403,小青辣椒,6,蔬菜类及其制品,,,,可能是原生食材，但频次、命名或类别证据不足
4405,小菠菜,6,蔬菜类及其制品,,,,可能是原生食材，但频次、命名或类别证据不足
4409,干白菜,6,蔬菜类及其制品,,2～4颗干白菜 || 干白菜,160330|165825,可能是原生食材，但频次、命名或类别证据不足
4411,日本小南瓜,6,蔬菜类及其制品,,1个日本小南瓜,161270,可能是原生食材，但频次、命名或类别证据不足
4413,小羊排,6,畜肉类及其制品,,,,可能是原生食材，但频次、命名或类别证据不足
4414,什么青菜,6,蔬菜类及其制品,,,,可能是原生食材，但频次、命名或类别证据不足
4416,意大利香菜,6,蔬菜类及其制品,,"1小把新鲜意大利香菜（Parsley, 切碎）",165954,可能是原生食材，但频次、命名或类别证据不足
4420,截藕,6,薯类淀粉及其制品,,1小截藕,172108,可能是原生食材，但频次、命名或类别证据不足
4430,肉食,6,畜肉类及其制品,,,,可能是原生食材，但频次、命名或类别证据不足
4431,生姜切末,6,蔬菜类及其制品,生姜切,,,形态描述存在，但原始食材无法确定
4448,麥片,6,其他类,麥,,,形态描述存在，但原始食材无法确定
4451,辣椒青椒,6,蔬菜类及其制品,,,,可能是原生食材，但频次、命名或类别证据不足
4453,也行胡萝卜,6,蔬菜类及其制品,,,,可能是原生食材，但频次、命名或类别证据不足
4454,芋头芋头,6,薯类淀粉及其制品,,,,可能是原生食材，但频次、命名或类别证据不足
4457,柠檬粉,6,水果类及其制品,,,,可能是原生食材，但频次、命名或类别证据不足
4464,其他绿叶菜,6,蔬菜类及其制品,,,,可能是原生食材，但频次、命名或类别证据不足
4465,卷心菜叶,6,蔬菜类及其制品,,,,可能是原生食材，但频次、命名或类别证据不足
4469,萝卜胡萝卜,6,蔬菜类及其制品,,,,可能是原生食材，但频次、命名或类别证据不足
4470,各小米辣,6,谷类及其制品,,,,可能是原生食材，但频次、命名或类别证据不足
4474,紫薯红薯,6,薯类淀粉及其制品,,,,可能是原生食材，但频次、命名或类别证据不足
4476,肉即可水,6,畜肉类及其制品,,,,可能是原生食材，但频次、命名或类别证据不足
4477,肉条,6,畜肉类及其制品,,,,可能是原生食材，但频次、命名或类别证据不足
4484,剪碎,6,其他类,剪,,,形态描述存在，但原始食材无法确定
4485,营养麦片,6,谷类及其制品,营养麦,,,形态描述存在，但原始食材无法确定
4486,青椒红椒黄椒,6,蔬菜类及其制品,,,,可能是原生食材，但频次、命名或类别证据不足
4487,面水,6,谷类及其制品,,,,可能是原生食材，但频次、命名或类别证据不足
4490,剁碎大蒜,6,蔬菜类及其制品,,,,可能是原生食材，但频次、命名或类别证据不足
4497,和鸡蛋,6,禽肉类及其制品,鸡蛋,,,疑似多食材组合，但无法百分之百确认全部组成
4502,垆土山药,6,薯类淀粉及其制品,,,,可能是原生食材，但频次、命名或类别证据不足
4503,造型意面,6,谷类及其制品,,,,可能是原生食材，但频次、命名或类别证据不足
4504,菜青菜,6,蔬菜类及其制品,,,,可能是原生食材，但频次、命名或类别证据不足
4505,表面鸡蛋液,6,禽肉类及其制品,,,,可能是原生食材，但频次、命名或类别证据不足
4507,魔芋胶,6,薯类淀粉及其制品,,,,可能是原生食材，但频次、命名或类别证据不足
4509,白芝麻黑芝麻,6,坚果种子类,,,,可能是原生食材，但频次、命名或类别证据不足
4513,麦芯小麦粉,6,谷类及其制品,,,,可能是原生食材，但频次、命名或类别证据不足
4515,和蔓越莓,6,水果类及其制品,蔓越莓,,,疑似多食材组合，但无法百分之百确认全部组成
4519,一半胡萝卜,6,蔬菜类及其制品,,一半胡萝卜,113250|156938|187048,可能是原生食材，但频次、命名或类别证据不足
4527,菌子,6,菌藻类,,,,可能是原生食材，但频次、命名或类别证据不足
4537,小母鸡,6,禽肉类及其制品,,,,可能是原生食材，但频次、命名或类别证据不足
4538,就好洋葱,6,蔬菜类及其制品,,,,可能是原生食材，但频次、命名或类别证据不足
4542,了白芝麻,6,坚果种子类,,,,可能是原生食材，但频次、命名或类别证据不足
4544,儿洋葱,6,蔬菜类及其制品,,,,可能是原生食材，但频次、命名或类别证据不足
4547,肉切片,6,畜肉类及其制品,肉切,,,形态描述存在，但原始食材无法确定
4550,香菇切丝,6,菌藻类,香菇切,,,形态描述存在，但原始食材无法确定
4552,长胡萝卜,6,蔬菜类及其制品,,,,可能是原生食材，但频次、命名或类别证据不足
4553,鱼类,6,鱼虾蟹贝类,,,,可能是原生食材，但频次、命名或类别证据不足
4554,植物蛋白,6,蛋类及其制品,,,,可能是原生食材，但频次、命名或类别证据不足
4555,黑木耳泡发,6,菌藻类,,,,可能是原生食材，但频次、命名或类别证据不足
4556,压碎,6,其他类,压,,,形态描述存在，但原始食材无法确定
4560,香草香料,6,蔬菜类及其制品,,,,可能是原生食材，但频次、命名或类别证据不足
4567,专小麦粉,6,谷类及其制品,,,,可能是原生食材，但频次、命名或类别证据不足
4571,菜面,6,谷类及其制品,,,,可能是原生食材，但频次、命名或类别证据不足
4577,紫薯南瓜,6,薯类淀粉及其制品,,,,可能是原生食材，但频次、命名或类别证据不足
4579,其他菜,6,蔬菜类及其制品,,,,可能是原生食材，但频次、命名或类别证据不足
4582,葱大蒜生姜,6,蔬菜类及其制品,,,,可能是原生食材，但频次、命名或类别证据不足
4583,鸡蛋蛋黄蛋黄,6,禽肉类及其制品,,,,可能是原生食材，但频次、命名或类别证据不足
4587,鸡全翅,6,禽肉类及其制品,,3只鸡全翅 || 4只鸡全翅 || 6只鸡全翅,59|8158|18353|20228,可能是原生食材，但频次、命名或类别证据不足
4589,萝卜苗,6,蔬菜类及其制品,,萝卜苗 || 适量萝卜苗 || 少许萝卜苗,139|19789|21679,可能是原生食材，但频次、命名或类别证据不足
4593,老虎虾,6,鱼虾蟹贝类,,老虎虾（玻璃虾） || 3只老虎虾 || 2只约650g老虎虾,1307|6844|27039,可能是原生食材，但频次、命名或类别证据不足
4597,生蛋黄,6,蛋类及其制品,,1个生蛋黄 || 3个生蛋黄 || 2个生蛋黄（使用可生食鸡蛋）,4643|5161|9111|15116|16987|29818,可能是原生食材，但频次、命名或类别证据不足
4601,苹果馅,6,水果类及其制品,,苹果馅 || #苹果馅,6312|55543|63845|81627|165159|186929|192607,可能是原生食材，但频次、命名或类别证据不足
4602,葱花儿,6,蔬菜类及其制品,,葱花儿 || 少许葱花儿 || 一小撮葱花儿,6337|14888|24177|113391|181370,可能是原生食材，但频次、命名或类别证据不足
4607,丝姜,6,蔬菜类及其制品,,少许丝姜 || 丝姜 || 少许 切丝丝姜,12067|18906|36191|52537|80764|81089,可能是原生食材，但频次、命名或类别证据不足
4612,什锦菜,6,蔬菜类及其制品,,适量什锦菜 || 100g 左右什锦菜（可选） || 适量什锦菜（青豆、玉米、胡萝卜）,17582|36432|66855|82568,可能是原生食材，但频次、命名或类别证据不足
4614,香芋粉,6,薯类淀粉及其制品,,20g香芋粉 || 香芋粉,27695|149756,可能是原生食材，但频次、命名或类别证据不足
4616,腌鱼,6,鱼虾蟹贝类,,#腌鱼用 || #腌鱼 || 腌鱼,28819|51018|55172,可能是原生食材，但频次、命名或类别证据不足
4618,红萝卜粒,6,蔬菜类及其制品,,少许红萝卜粒,45856,可能是原生食材，但频次、命名或类别证据不足
4620,菜料,6,蔬菜类及其制品,,,,可能是原生食材，但频次、命名或类别证据不足
4623,薑末,6,其他类,薑,薑末 || 一小撮薑末,62447|78410|83014|97888|107052,形态描述存在，但原始食材无法确定
4624,红薯面,6,谷类及其制品,,半斤红薯面 || 170g红薯面,63156|82844,可能是原生食材，但频次、命名或类别证据不足
4625,碎核桃仁,6,水果类及其制品,,30-60克碎核桃仁（或其他果仁） || 1/2杯(也可用别的坚果代替)碎核桃仁,69983|193981,可能是原生食材，但频次、命名或类别证据不足
4626,蛋包饭,6,蛋类及其制品,,蛋包饭 || #蛋包饭,88160|189470,可能是原生食材，但频次、命名或类别证据不足
4628,炖肉,6,畜肉类及其制品,,炖肉 || 小炖肉（我菜谱有方子） || 两三块（一小块）炖肉（生牛肉）,96202|100005|158683,可能是原生食材，但频次、命名或类别证据不足
4630,西冷牛扒,6,畜肉类及其制品,,,,可能是原生食材，但频次、命名或类别证据不足
4632,小葱头,6,蔬菜类及其制品,,+－小葱头,74655,可能是原生食材，但频次、命名或类别证据不足
4634,吧香菜,6,蔬菜类及其制品,,,,可能是原生食材，但频次、命名或类别证据不足
4637,大蒜苗,6,蔬菜类及其制品,,1／2根大蒜苗,192906,可能是原生食材，但频次、命名或类别证据不足
4638,大黄鱼,6,鱼虾蟹贝类,,1条1.大黄鱼,41444,可能是原生食材，但频次、命名或类别证据不足
4639,干椒,6,蔬菜类及其制品,,个干椒 || 少许干椒 || 若干干椒,7763|7772|16818,可能是原生食材，但频次、命名或类别证据不足
4640,泡生姜,6,蔬菜类及其制品,,一块泡生姜 || 适量泡生姜 || 一大块泡生姜,12785|16338|64131,可能是原生食材，但频次、命名或类别证据不足
4643,瓣葱姜蒜,6,蔬菜类及其制品,,1根/片/瓣葱姜蒜 || 几根/一块/1-2瓣葱姜蒜,88764|191322,可能是原生食材，但频次、命名或类别证据不足
4648,就够了葱,6,蔬菜类及其制品,,,,可能是原生食材，但频次、命名或类别证据不足
4649,三段葱,6,蔬菜类及其制品,,三段葱,1487|3927|4644|13775|50295|92717|129165|135093|149124,可能是原生食材，但频次、命名或类别证据不足
4650,口味辣椒,6,蔬菜类及其制品,,,,可能是原生食材，但频次、命名或类别证据不足
4655,鳗鲡堂蒲烧鳗鱼,6,鱼虾蟹贝类,,半条鳗鲡堂蒲烧鳗鱼 || 100g鳗鲡堂蒲烧鳗鱼,68330|132589,可能是原生食材，但频次、命名或类别证据不足
4658,丝葱,6,蔬菜类及其制品,,丝葱,29335,可能是原生食材，但频次、命名或类别证据不足
4660,各种面,6,谷类及其制品,,各种面,33112,可能是原生食材，但频次、命名或类别证据不足
4661,姜片姜,6,蔬菜类及其制品,,姜片3-4片姜 || 姜片姜 || 适量姜片姜,45529|72303|117011,可能是原生食材，但频次、命名或类别证据不足
4662,紅辣椒,6,蔬菜类及其制品,,1条紅辣椒 || 紅辣椒 || 一根紅辣椒,46824|102509|165226,可能是原生食材，但频次、命名或类别证据不足
4664,干牛叶,6,畜肉类及其制品,,15g干牛至叶 || 适量干牛至叶 || 1小勺干牛至叶（披萨草）,95514|107824|172942,可能是原生食材，但频次、命名或类别证据不足
4667,奇亚籽燕麦,6,谷类及其制品,,适量奇亚籽燕麦,189730,可能是原生食材，但频次、命名或类别证据不足
4669,火锅肥牛,6,畜肉类及其制品,,适量火锅肥牛,159226,可能是原生食材，但频次、命名或类别证据不足
4670,紫灵芝,6,菌藻类,,,,可能是原生食材，但频次、命名或类别证据不足
4671,葱末香菜,6,蔬菜类及其制品,,,,可能是原生食材，但频次、命名或类别证据不足
4672,菜粉,6,蔬菜类及其制品,,,,可能是原生食材，但频次、命名或类别证据不足
4676,碟葱姜蒜,6,蔬菜类及其制品,,,,可能是原生食材，但频次、命名或类别证据不足
4678,果仁燕麦,6,坚果种子类,,,,可能是原生食材，但频次、命名或类别证据不足
4682,老式燕麦,6,谷类及其制品,,,,可能是原生食材，但频次、命名或类别证据不足
4684,口味蒜,6,蔬菜类及其制品,,,,可能是原生食材，但频次、命名或类别证据不足
4685,泡红椒,5,蔬菜类及其制品,,8个泡红椒 || 5个泡红椒 || 三根泡红椒,20|3240|5849,可能是原生食材，但频次、命名或类别证据不足
4686,坚果仁,5,坚果种子类,,1份坚果仁 || 适量（核桃、大杏仁等）坚果仁 || 100克坚果仁,90|11020|118595,可能是原生食材，但频次、命名或类别证据不足
4687,菠菜梗,5,蔬菜类及其制品,,30g （随意即可）菠菜梗 || 200g菠菜梗 || 适量菠菜梗,126|111118|145126,可能是原生食材，但频次、命名或类别证据不足
4692,干豇豆,5,干豆类及其制品,,干豇豆 || 一把干豇豆 || 一小撮干豇豆,285|1612|13906|25881,可能是原生食材，但频次、命名或类别证据不足
4695,生芝麻,5,坚果种子类,,适量生芝麻 || 50克生芝麻 || 10克生芝麻,590|15887|33271|38783,可能是原生食材，但频次、命名或类别证据不足
4696,少量香菜,5,蔬菜类及其制品,,少量香菜 || 少量香菜（或葱） || 少量香菜（可选）,591|7602|7772|19809|21921|23652|26647|29055|32374|38565|39271|40726|48908|53573|57096|57306|57712|60853|66086|67060|72805|73821|80707|82197|84007|86627|88556,可能是原生食材，但频次、命名或类别证据不足
4697,叶大白菜,5,蔬菜类及其制品,,2叶大白菜 || 2个叶大白菜 || 3叶大白菜,644|1201|17740,可能是原生食材，但频次、命名或类别证据不足
4699,玉米碴子,5,谷类及其制品,,30克小玉米碴子 || 一碗玉米碴子 || 15克玉米碴子,776|24699|46698,可能是原生食材，但频次、命名或类别证据不足
4700,杂菇,5,菌藻类,,适量新鲜杂菇 || 100克杂菇 || 若干杂菇,795|9643|62313,可能是原生食材，但频次、命名或类别证据不足
4703,麦若叶,5,谷类及其制品,,一条克大麦若叶（或抹茶粉） || 一包大麦若叶 || 3袋大麦若叶,880|42917|56244,可能是原生食材，但频次、命名或类别证据不足
4710,甜虾,5,鱼虾蟹贝类,,甜虾 || 适量甜虾 || 10只甜虾,1199|19789|73123,可能是原生食材，但频次、命名或类别证据不足
4711,香大米,5,谷类及其制品,,,,可能是原生食材，但频次、命名或类别证据不足
4718,机花菜,5,蔬菜类及其制品,,适量有机花菜 || 有机花菜 || 半颗有机花菜（松散的那种）,1452|2237|4620,可能是原生食材，但频次、命名或类别证据不足
4719,各青椒,5,蔬菜类及其制品,,各半个青椒，红椒，胡萝卜 || 各5个青椒（菜椒、杭椒） || 各一个青椒，线椒,1452|16119|21149,可能是原生食材，但频次、命名或类别证据不足
4723,红线椒,5,蔬菜类及其制品,,2个红线椒 || 2只红线椒 || 3个红线椒,1551|1645|15463,可能是原生食材，但频次、命名或类别证据不足
4726,红苋菜,5,蔬菜类及其制品,,一盘，炒熟的红苋菜 || 红苋菜 || 少许红苋菜,1594|1983|11155,可能是原生食材，但频次、命名或类别证据不足
4728,中筋小麦粉,5,谷类及其制品,,200g中筋小麦粉,156870,可能是原生食材，但频次、命名或类别证据不足
4734,雷笋,5,蔬菜类及其制品,,1kg雷笋 || 80g雷笋 || 3棵雷笋,1877|12728|29974,可能是原生食材，但频次、命名或类别证据不足
4735,腌鸡料,5,禽肉类及其制品,,腌鸡的料 || #腌鸡料 || 腌鸡料,2010|52289|87596,可能是原生食材，但频次、命名或类别证据不足
4736,椰片,5,其他类,椰,若干椰片 || 一大把椰片 || 适量椰片,2101|4921|16180,形态描述存在，但原始食材无法确定
4739,枣子,5,坚果种子类,,几颗枣子 || 20斤枣子 || 4粒枣子,2245|5163|47647,可能是原生食材，但频次、命名或类别证据不足
4741,嫩南瓜,5,蔬菜类及其制品,,嫩南瓜（青南瓜） || 500g嫩南瓜 || 小半个嫩南瓜,17415|21233|55042,可能是原生食材，但频次、命名或类别证据不足
4742,法国老面,5,谷类及其制品,,200克法国老面 || 法国老面 || 60克法国老面（可不加）,2384|8619|10192,可能是原生食材，但频次、命名或类别证据不足
4743,干莲子,5,坚果种子类,,10g干莲子 || 250克干莲子（江西粉莲） || 若干（我倒了一碗的量）干莲子,2497|5209|19695,可能是原生食材，但频次、命名或类别证据不足
4744,表面白芝麻,5,坚果种子类,,表面用白芝麻（适量） || 表面白芝麻,2513|15200,可能是原生食材，但频次、命名或类别证据不足
4745,少量小葱,5,蔬菜类及其制品,,少量小葱 || 少量小葱，姜丝 || 少量小葱（可选）,2611|5438|7230|12956|18284|53573|56695|60500|64265|73001|75387|79895|88556,可能是原生食材，但频次、命名或类别证据不足
4746,水鸡蛋,5,禽肉类及其制品,,1个水鸡蛋,2636,可能是原生食材，但频次、命名或类别证据不足
4751,铁杆山药,5,薯类淀粉及其制品,,一根铁杆山药 || 1根铁杆山药 || 铁杆山药,4974|13043|27235,可能是原生食材，但频次、命名或类别证据不足
4752,棵白菜,5,蔬菜类及其制品,,一小棵白菜 || 1小棵白菜,2831|3235|20172|33917|78381|133054,可能是原生食材，但频次、命名或类别证据不足
4753,红苹果,5,水果类及其制品,,一个红苹果 || 1个红苹果 || 1个红苹果（大大的）,2854|39355|42199,可能是原生食材，但频次、命名或类别证据不足
4757,了红薯,5,薯类淀粉及其制品,,,,可能是原生食材，但频次、命名或类别证据不足
4760,肋排排骨,5,畜肉类及其制品,,三根肋排排骨 || 2根肋排排骨（两人份） || 一大块肋排排骨,3294|81354|87340|98662,可能是原生食材，但频次、命名或类别证据不足
4761,干牛,5,畜肉类及其制品,,1勺干牛至（可略） || 约1撮干牛至（馅料） || 2g干牛至,3323|34115|50071,可能是原生食材，但频次、命名或类别证据不足
4763,虾壳,5,鱼虾蟹贝类,,虾壳 || 20个虾壳,3432|70770|131594,可能是原生食材，但频次、命名或类别证据不足
4764,鱿鱼卷,5,鱼虾蟹贝类,,鱿鱼卷 || 适量鱿鱼卷 || 数个鱿鱼卷,10405|60684|73138|84742,可能是原生食材，但频次、命名或类别证据不足
4766,肉臊,5,畜肉类及其制品,,100g肉臊 || 20克肉臊 || 肉臊,3505|31764|64520,可能是原生食材，但频次、命名或类别证据不足
4768,菠菜面,5,谷类及其制品,,半袋菠菜面 || 300克菠菜面 || 一把菠菜面,3600|89209|130373,可能是原生食材，但频次、命名或类别证据不足
4770,天贝,5,鱼虾蟹贝类,,200克（自制一包量）天贝 || 100克天贝 || 100g天贝,3737|5015|5675,可能是原生食材，但频次、命名或类别证据不足
4779,香橙,5,水果类及其制品,,1个香橙 || 香橙 || 一个香橙,4081|4584|8427,可能是原生食材，但频次、命名或类别证据不足
4781,猪肉陷,5,畜肉类及其制品,,200g猪肉陷 || 250g猪肉陷 || 100g猪肉陷,4147|6059|56228,可能是原生食材，但频次、命名或类别证据不足
4785,姜蒜沫,5,蔬菜类及其制品,,适量姜蒜沫 || 姜蒜沫,4244|181448|182056,可能是原生食材，但频次、命名或类别证据不足
4787,肥猪肉馅,5,畜肉类及其制品,,,,可能是原生食材，但频次、命名或类别证据不足
4788,截大葱,5,蔬菜类及其制品,,一小截大葱（有没有都行） || 一小截大葱 || 3截大葱,4348|50707|56622|61811,可能是原生食材，但频次、命名或类别证据不足
4789,芥蓝菜,5,蔬菜类及其制品,,适量芥蓝菜 || 芥蓝菜 || 600克芥蓝菜,4400|16806|153445,可能是原生食材，但频次、命名或类别证据不足
4791,生花生仁,5,坚果种子类,,100g生花生仁 || 150克生花生仁 || 250克生花生仁,4434|16725|34302,可能是原生食材，但频次、命名或类别证据不足
4794,节葱,5,蔬菜类及其制品,,一小节葱 || 1节葱 || 1小节葱,4518|8481|10485|24360,可能是原生食材，但频次、命名或类别证据不足
4795,皇冠梨,5,水果类及其制品,,一个皇冠梨 || 1个皇冠梨 || 半个（适量）皇冠梨,4520|13878|36965,可能是原生食材，但频次、命名或类别证据不足
4796,头番茄,5,蔬菜类及其制品,,两罐罐头番茄 || 1罐罐头番茄 || 小碗一碗罐头番茄,4539|49119|101111,可能是原生食材，但频次、命名或类别证据不足
4798,福寿鱼,5,鱼虾蟹贝类,,1条福寿鱼 || 1条（3斤多）福寿鱼 || 1条福寿鱼（非洲鲫）,4630|32898|53555|61468,可能是原生食材，但频次、命名或类别证据不足
4799,五仁,5,坚果种子类,,315克五仁（核桃仁，苦杏仁，南瓜子仁，瓜子仁，白芝麻）,100361,可能是原生食材，但频次、命名或类别证据不足
4800,鸡蛋蛋清,5,禽肉类及其制品,,鸡蛋蛋清 || 1个鸡蛋的蛋清 || 3个大鸡蛋蛋清,4654|15347|42838|53956,可能是原生食材，但频次、命名或类别证据不足
4803,普通小麦粉,5,谷类及其制品,,500g普通小麦粉 || 300克普通小麦粉 || 普通小麦粉,4838|31199|32417,可能是原生食材，但频次、命名或类别证据不足
4807,圆南瓜,5,蔬菜类及其制品,,1个（直径24cm左右）圆南瓜 || 一个圆南瓜 || 半个圆南瓜,5081|20590|40303,可能是原生食材，但频次、命名或类别证据不足
4809,鸡腿鸡腿肉,5,禽肉类及其制品,,一个鸡腿鸡腿肉 || 3个小鸡腿鸡腿肉 || 5个鸡腿鸡腿肉,5151|6922|61409,可能是原生食材，但频次、命名或类别证据不足
4810,生鸡蛋黄,5,禽肉类及其制品,,1个生鸡蛋黄 || 2个新鲜生鸡蛋黄 || 2个生鸡蛋黄,16303|33017|60316|63245|101052,可能是原生食材，但频次、命名或类别证据不足
4811,番薯叶,5,薯类淀粉及其制品,,适量番薯叶 || 1.5斤番薯叶 || 番薯叶,5184|12857|34111,可能是原生食材，但频次、命名或类别证据不足
4812,鸡扒,5,禽肉类及其制品,,2块鸡扒（鸡腿扒） || 1块鸡扒 || 1块鸡扒(提前调味腌好),5224|30454|77783,可能是原生食材，但频次、命名或类别证据不足
4813,饭豆,5,干豆类及其制品,,50克饭豆 || 200克饭豆 || 30g饭豆,5235|31503|65888,可能是原生食材，但频次、命名或类别证据不足
4815,贝壳类,5,鱼虾蟹贝类,,贝壳类,5373,可能是原生食材，但频次、命名或类别证据不足
4817,蒜葱姜蒜,5,蔬菜类及其制品,,蒜一头葱姜蒜 || 蒜4瓣葱姜蒜,5384|137478,可能是原生食材，但频次、命名或类别证据不足
4818,红薯红薯,5,薯类淀粉及其制品,,3个红薯红薯,56558,可能是原生食材，但频次、命名或类别证据不足
4819,手撕鸡,5,禽肉类及其制品,,#手撕鸡 || 1/4只手撕鸡,5432|157818,可能是原生食材，但频次、命名或类别证据不足
4820,牛乳,5,畜肉类及其制品,,45g牛乳 || 300ml牛乳 || #牛乳,5547|135275|143020,可能是原生食材，但频次、命名或类别证据不足
4821,一段葱,5,蔬菜类及其制品,,一段(炝锅用)葱 || 一段葱 || 5厘米一段葱（浸泡鸡蛋用）,5552|7034|7497|7543|11029|13428|16482|16916|17226|17844|19645|21144|21887|23005|24414,可能是原生食材，但频次、命名或类别证据不足
4827,干鱼,5,鱼虾蟹贝类,,适量小干鱼 || 适量干鱼 || 适量干鱼（咸鱼）,5967|45876|46662,可能是原生食材，但频次、命名或类别证据不足
4832,」鸡蛋,5,禽肉类及其制品,,,,可能是原生食材，但频次、命名或类别证据不足
4836,蓝莓水果,5,水果类及其制品,,新鲜蓝莓水果 || 蓝莓若干水果 || 蓝莓水果,6313|16592|69186,可能是原生食材，但频次、命名或类别证据不足
4837,五仁馅,5,坚果种子类,,五仁馅 || 180克五仁馅 || 500克五仁馅,6411|21329|24273,可能是原生食材，但频次、命名或类别证据不足
4838,鸡大胸,5,禽肉类及其制品,,1块鸡大胸 || 一块鸡大胸 || 2个鸡大胸,6454|21806|24975,可能是原生食材，但频次、命名或类别证据不足
4839,葱蒜辣椒,5,蔬菜类及其制品,,若干葱蒜辣椒 || 适量葱蒜辣椒,6490|164079,可能是原生食材，但频次、命名或类别证据不足
4843,青椒青椒,5,蔬菜类及其制品,,,,可能是原生食材，但频次、命名或类别证据不足
4844,章鱼脚,5,鱼虾蟹贝类,,五只章鱼脚 || 一条章鱼脚（速冻熟的） || 1只章鱼脚,6687|23658|192019,可能是原生食材，但频次、命名或类别证据不足
4845,蒜切片,5,蔬菜类及其制品,蒜切,3颗蒜 切片 || 蒜2瓣 切片 || 适量蒜切片,6760|28268|40403,形态描述存在，但原始食材无法确定
4846,蚬肉,5,鱼虾蟹贝类,,半包蚬肉 || 300克蚬肉 || 适量蚬肉,6776|24028|58412,可能是原生食材，但频次、命名或类别证据不足
4847,田螺肉,5,鱼虾蟹贝类,,300g田螺肉 || 田螺肉 || 150克田螺肉,6788|60137|97866|106839,可能是原生食材，但频次、命名或类别证据不足
4849,前夹肉,5,畜肉类及其制品,,828克前夹肉 || 500克前夹肉 || 200克前夹肉,6823|18489|34876|34980,可能是原生食材，但频次、命名或类别证据不足
4854,莴笋叶子莴笋叶,5,蔬菜类及其制品,,一棵莴笋的叶子莴笋叶 || 两根莴笋的叶子莴笋叶,7085|125876,可能是原生食材，但频次、命名或类别证据不足
4857,速冻蔬菜,5,蔬菜类及其制品,,适量速冻蔬菜 || 一大把速冻蔬菜 || 速冻蔬菜,7178|11305|24872,可能是原生食材，但频次、命名或类别证据不足
4859,辣椒干碟,5,蔬菜类及其制品,,两勺辣椒干碟 || 1袋辣椒干碟,7306|35483,可能是原生食材，但频次、命名或类别证据不足
4860,细全麦粉,5,谷类及其制品,,50克细全麦粉 || 200克细全麦粉,7352|28734,可能是原生食材，但频次、命名或类别证据不足
4861,圆椒,5,蔬菜类及其制品,,1/3个圆椒 || 1个圆椒 || 3个圆椒,26020|26586|73411,可能是原生食材，但频次、命名或类别证据不足
4865,海螺面,5,鱼虾蟹贝类,,若干海螺面 || 适量海螺面,7632|59012|63233,可能是原生食材，但频次、命名或类别证据不足
4866,帝王蟹腿,5,鱼虾蟹贝类,,两根帝王蟹腿 || 4根帝王蟹腿 || 一只帝王蟹腿,7684|96916|97700,可能是原生食材，但频次、命名或类别证据不足
4874,干冬菇,5,菌藻类,,38朵干冬菇 || 50g干冬菇 || 2两干冬菇（提前浸泡好）,8110|8159|11264,可能是原生食材，但频次、命名或类别证据不足
4882,麦芽,5,干豆类及其制品,,3Kg大麦芽 || 25克麦芽 || 麦芽,8669|11278|26092,可能是原生食材，但频次、命名或类别证据不足
4884,油桃,5,水果类及其制品,,1油桃 || 1～2个油桃 || 一个油桃,8672|15907|44803,可能是原生食材，但频次、命名或类别证据不足
4886,鸭锁骨,5,禽肉类及其制品,,2斤鸭锁骨 || 一斤约10个鸭锁骨 || 6-8个鸭锁骨,8888|22430|26389,可能是原生食材，但频次、命名或类别证据不足
4892,辣椒姜,5,蔬菜类及其制品,,,,可能是原生食材，但频次、命名或类别证据不足
4894,菠萝馅,5,水果类及其制品,,菠萝馅 || #菠萝馅 || 100克菠萝馅,9318|52511|54813|135727|146628|149415,可能是原生食材，但频次、命名或类别证据不足
4895,柠檬苏打水,5,水果类及其制品,,200ml柠檬苏打水,9402,可能是原生食材，但频次、命名或类别证据不足
4898,就行洋葱,5,蔬菜类及其制品,,,,可能是原生食材，但频次、命名或类别证据不足
4899,羊羔肉,5,畜肉类及其制品,,5斤羊羔肉 || 羊羔肉 || 600克羊羔肉,9612|128532|137039|182593,可能是原生食材，但频次、命名或类别证据不足
4900,姜蒜蓉,5,蔬菜类及其制品,,姜蒜蓉,9654,可能是原生食材，但频次、命名或类别证据不足
4904,红枸杞,5,坚果种子类,,8粒红枸杞 || 少许红枸杞 || 红枸杞,9903|13170|38668|44005,可能是原生食材，但频次、命名或类别证据不足
4907,瓜果蔬菜,5,蔬菜类及其制品,,适量瓜果蔬菜,10575,可能是原生食材，但频次、命名或类别证据不足
4910,姜蒜辣椒,5,蔬菜类及其制品,,适量姜蒜辣椒 || 姜蒜辣椒,10050|39618|63049|76257|96595|102038|122220|148753|188888|191351,可能是原生食材，但频次、命名或类别证据不足
4911,猪肉排,5,畜肉类及其制品,,,,可能是原生食材，但频次、命名或类别证据不足
4913,真姬菇,5,菌藻类,,1盒真姬菇 || 8个真姬菇 || 少许真姬菇,10335|26782|59995,可能是原生食材，但频次、命名或类别证据不足
4915,鸦片鱼头,5,鱼虾蟹贝类,,1个鸦片鱼头,148865|177436,可能是原生食材，但频次、命名或类别证据不足
4916,鲜藕,5,薯类淀粉及其制品,,鲜藕 || 250克鲜藕 || 一根鲜藕,10620|73186|99690,可能是原生食材，但频次、命名或类别证据不足
4918,玉米澱粉,5,谷类及其制品,,1大勺玉米澱粉（土豆澱粉也行） || 40g玉米澱粉 || 12g玉米澱粉,10720|56728|91921,可能是原生食材，但频次、命名或类别证据不足
4922,火龙果肉,5,水果类及其制品,,适量火龙果肉 || 110克火龙果肉 || 250g火龙果肉,20837|42837|43470,可能是原生食材，但频次、命名或类别证据不足
4923,灵芝,5,菌藻类,,3克灵芝（赤芝） || 15克灵芝 || 适量灵芝,11204|14345|17197,可能是原生食材，但频次、命名或类别证据不足
4925,生栗子,5,坚果种子类,,400g生栗子 || 500克生栗子 || 若干生栗子,11243|40222|111933,可能是原生食材，但频次、命名或类别证据不足
4927,朝天辣椒,5,蔬菜类及其制品,,10个新鲜朝天辣椒 || 适量朝天辣椒 || 8个（碎切）朝天辣椒,11288|43332|108409|141795,可能是原生食材，但频次、命名或类别证据不足
4928,章鱼烧粉,5,鱼虾蟹贝类,,150克章鱼烧粉 || 半袋章鱼烧粉 || 100克章鱼烧粉,11310|39069|57018,可能是原生食材，但频次、命名或类别证据不足
4929,青灯笼椒,5,蔬菜类及其制品,,一只青灯笼椒 || 1个青灯笼椒 || 1只青灯笼椒,11381|110295|154368|163057,可能是原生食材，但频次、命名或类别证据不足
4932,阿胶枣,5,坚果种子类,,阿胶枣,11459|133131|148040,可能是原生食材，但频次、命名或类别证据不足
4933,发酵菌,5,菌藻类,,1g发酵菌 || 1包发酵菌 || 1小包发酵菌,11599|13705|37907|89215|91079,可能是原生食材，但频次、命名或类别证据不足
4935,凤尾菇,5,菌藻类,,适量凤尾菇 || 凤尾菇 || 100g凤尾菇,11662|47523|130442,可能是原生食材，但频次、命名或类别证据不足
4942,配色胡萝卜,5,蔬菜类及其制品,,一点点 只为配色胡萝卜,12190,可能是原生食材，但频次、命名或类别证据不足
4945,肥瘦猪肉馅,5,畜肉类及其制品,,30克肥瘦猪肉馅 || 3~4两肥瘦猪肉馅（二八成） || 4两肥瘦猪肉馅,12431|87644|99018,可能是原生食材，但频次、命名或类别证据不足
4946,麦芽粉,5,干豆类及其制品,,1g麦芽粉 || 3g麦芽粉（主面团） || 1千克麦芽粉,12470|13338|110317,可能是原生食材，但频次、命名或类别证据不足
4949,备鸡蛋,5,禽肉类及其制品,,2个（肉馅）1个备用鸡蛋 || 1个备用鸡蛋（煮熟） || 一个备用鸡蛋,12538|69912|81034,可能是原生食材，但频次、命名或类别证据不足
4951,青红尖辣椒,5,蔬菜类及其制品,,四五个青红尖辣椒,170066,可能是原生食材，但频次、命名或类别证据不足
4952,韭菜苔,5,蔬菜类及其制品,,韭菜苔300克左右，蛤蜊200克 || 半斤韭菜苔 || 100克韭菜苔,12588|19001|38708,可能是原生食材，但频次、命名或类别证据不足
4956,菠萝干,5,水果类及其制品,,50g菠萝干 || 30克菠萝干 || 80克菠萝干，芒果干，猕猴桃干，黄桃干,12940|33005|87172,可能是原生食材，但频次、命名或类别证据不足
4960,龙利鱼肉,5,鱼虾蟹贝类,,80g龙利鱼肉 || 250克龙利鱼肉 || 500g龙利鱼肉,13063|15412|16669,可能是原生食材，但频次、命名或类别证据不足
4961,鱼面,5,鱼虾蟹贝类,,1把鱼面 || 1张鱼面(鱼饼) || 适量鱼面,13080|32889|49596,可能是原生食材，但频次、命名或类别证据不足
4962,红樱桃,5,水果类及其制品,,红樱桃1粒 || 6颗大红樱桃 || 适量红樱桃,13133|50526|100066,可能是原生食材，但频次、命名或类别证据不足
4963,配菜土豆,5,干豆类及其制品,,配菜土豆,13173|145103,可能是原生食材，但频次、命名或类别证据不足
4964,扁豆角,5,干豆类及其制品,,6根扁豆角 || 扁豆角 || 400克扁豆角,13189|13941|14116,可能是原生食材，但频次、命名或类别证据不足
4966,红豆水,5,干豆类及其制品,,60克左右红豆水 || 100毫升红豆水 || 700g红豆水,13390|17943|30748,可能是原生食材，但频次、命名或类别证据不足
4968,牛杂,5,畜肉类及其制品,,500克牛杂（牛肠牛膀牛肺脆骨） || 500g牛杂 || 1斤牛杂,13801|18316|26805,可能是原生食材，但频次、命名或类别证据不足
4970,饵丝,5,其他类,饵,适量饵丝 || 200克饵丝 || 一人份饵丝,13939|25820|37584,形态描述存在，但原始食材无法确定
4973,菜苗,5,蔬菜类及其制品,,菜苗 || 适量菜苗 || 一盒菜苗,14078|56163|61537,可能是原生食材，但频次、命名或类别证据不足
4974,粘米,5,谷类及其制品,,750克粘米 || 适量粘米 || 粘米500克,14084|19445|60564,可能是原生食材，但频次、命名或类别证据不足
4976,茨菇,5,菌藻类,,按需茨菇 || 茨菇 || 400克茨菇,14271|50791|54000,可能是原生食材，但频次、命名或类别证据不足
4977,柿饼,5,水果类及其制品,,6个柿饼 || 三个柿饼 || 适量柿饼,14272|39240|42876,可能是原生食材，但频次、命名或类别证据不足
4978,牛后腿肉,5,禽肉类及其制品,,500g以上牛后腿肉 || 两斤牛后腿肉 || 200g牛后腿肉,14369|24828|38000,可能是原生食材，但频次、命名或类别证据不足
4982,姜蒜米,5,谷类及其制品,,4克姜蒜米 || 姜蒜米,14640|93993|94546|182744,可能是原生食材，但频次、命名或类别证据不足
4983,梅菜干,5,蔬菜类及其制品,,3把（约40克）梅菜干 || 1颗梅菜干 || 80克梅菜干,14769|36418|50972,可能是原生食材，但频次、命名或类别证据不足
4984,生食鸡蛋,5,禽肉类及其制品,,2个生食鸡蛋 || 3个生食鸡蛋 || 适量生食鸡蛋,132779|172276|194354,可能是原生食材，但频次、命名或类别证据不足
4986,菠萝肉,5,水果类及其制品,,2斤菠萝肉 || 350克菠萝肉 || 少许菠萝肉,14969|18823|20376,可能是原生食材，但频次、命名或类别证据不足
4987,颈背肉,5,畜肉类及其制品,,克颈背肉 || 300克颈背肉 || 颈背肉 一斤,15095|84936|126683,可能是原生食材，但频次、命名或类别证据不足
4992,花肉片,5,畜肉类及其制品,花肉,10几片（50克）五花肉片 || 十几片五花肉片,15455|157732,形态描述存在，但原始食材无法确定
4993,香菜小米辣,5,谷类及其制品,,适量香菜小米辣,15524,可能是原生食材，但频次、命名或类别证据不足
4994,鸡脖,5,禽肉类及其制品,,5-6个鸡脖 || 6只鸡脖 || 7至8个鸡脖（根据大小）,15579|16547|27860,可能是原生食材，但频次、命名或类别证据不足
4995,江鱼仔粉,5,鱼虾蟹贝类,,适量江鱼仔粉 || 少许江鱼仔粉,15643|36139|134969,可能是原生食材，但频次、命名或类别证据不足
4996,糯米糊,5,谷类及其制品,,适量糯米糊（可选） || 小半碗糯米糊 || 糯米糊,15643|48512|50509,可能是原生食材，但频次、命名或类别证据不足
4998,笋丝,5,蔬菜类及其制品,笋,250克笋丝 || 80克笋丝 || 适量笋丝,15762|19282|21972|25588,形态描述存在，但原始食材无法确定
5003,菜叶包菜,5,蔬菜类及其制品,,1/8包菜叶包菜,16198,可能是原生食材，但频次、命名或类别证据不足
5005,丁胡萝卜,5,蔬菜类及其制品,,丁适量胡萝卜,16316,可能是原生食材，但频次、命名或类别证据不足
5008,金丝小枣,5,坚果种子类,,五六个金丝小枣 || 适量金丝小枣 || 200克金丝小枣,16427|136350|199035,可能是原生食材，但频次、命名或类别证据不足
5009,毛葱,5,蔬菜类及其制品,,1粒小毛葱 || 2头毛葱 || 7-8个小毛葱,16431|33638|36930,可能是原生食材，但频次、命名或类别证据不足
5011,脆桃,5,水果类及其制品,,1000克脆桃 || 1个脆桃 || 230g脆桃,34316|79147|187348,可能是原生食材，但频次、命名或类别证据不足
5012,芹菜杆,5,蔬菜类及其制品,,芹菜杆 || 2-4根芹菜杆 || 若干芹菜杆,16631|42697|91754|95491,可能是原生食材，但频次、命名或类别证据不足
5018,猪展肉,5,畜肉类及其制品,,一个猪展肉 || 克猪展肉 || 2两猪展肉,17057|23741|26464,可能是原生食材，但频次、命名或类别证据不足
5019,碎块,5,其他类,碎,,,形态描述存在，但原始食材无法确定
5021,野生菌,5,菌藻类,,500g野生菌 || 5朵野生菌 || 15g野生菌,17245|28162|96737,可能是原生食材，但频次、命名或类别证据不足
5024,葱油饼,5,蔬菜类及其制品,,1张冷冻葱油饼 || 一包冷冻葱油饼 || #葱油饼,17325|111450|165094,可能是原生食材，但频次、命名或类别证据不足
5027,火锅肉片,5,畜肉类及其制品,火锅肉,,,形态描述存在，但原始食材无法确定
5029,猪蹄膀,5,畜肉类及其制品,,1只猪蹄膀 || 1只（约2斤）猪蹄膀 || 500克猪蹄膀,17622|35283|47975|67575,可能是原生食材，但频次、命名或类别证据不足
5030,鸭架子,5,禽肉类及其制品,,1/4份鸭架子 || 1只鸭架子 || 半只鸭架子,17740|97463|145817,可能是原生食材，但频次、命名或类别证据不足
5033,格兰诺拉麦片,5,谷类及其制品,格兰诺拉麦,适量格兰诺拉麦片 || 30g~50g格兰诺拉麦片 || 1.5杯（360毫升）格兰诺拉麦片,17976|42713|64040|146170,形态描述存在，但原始食材无法确定
5034,肉包,5,畜肉类及其制品,,1只肉包,18128,可能是原生食材，但频次、命名或类别证据不足
5035,老面酵头,5,谷类及其制品,,#老面酵头# || #老面酵头 || 老面酵头,18283|57117|133148,可能是原生食材，但频次、命名或类别证据不足
5040,干葡萄,5,水果类及其制品,,几粒干葡萄,18753,可能是原生食材，但频次、命名或类别证据不足
5041,炖肉香料,5,畜肉类及其制品,,适量炖肉香料 || 若干炖肉香料 || 一包炖肉香料,18932|24264|58567|69867,可能是原生食材，但频次、命名或类别证据不足
5042,胡萝卜西兰花,5,蔬菜类及其制品,,适量胡萝卜西兰花,19006,可能是原生食材，但频次、命名或类别证据不足
5044,球形生菜,5,蔬菜类及其制品,,一大颗球形生菜 || 适量球形生菜 || 1颗（约400克）球形生菜,19276|121700|137542,可能是原生食材，但频次、命名或类别证据不足
5046,干桂圆肉,5,畜肉类及其制品,,10粒干桂圆肉 || 10个干桂圆肉 || 60g干桂圆肉,19346|93420|149753,可能是原生食材，但频次、命名或类别证据不足
5050,菌菇粉,5,菌藻类,,,,可能是原生食材，但频次、命名或类别证据不足
5055,球香草冰激凌,5,蔬菜类及其制品,,1球香草冰激凌,20066,可能是原生食材，但频次、命名或类别证据不足
5057,鸡丁,5,禽肉类及其制品,鸡,半斤鸡丁 || 鸡丁 || 一碗鸡丁,38373|46762|62253,形态描述存在，但原始食材无法确定
5058,你爱吃蔬菜,5,蔬菜类及其制品,,,,可能是原生食材，但频次、命名或类别证据不足
5063,白心火龙果,5,水果类及其制品,,适量白心火龙果 || 一个白心火龙果 || 1个白心火龙果,20476|75888|80376,可能是原生食材，但频次、命名或类别证据不足
5066,青木瓜,5,蔬菜类及其制品,,一个青木瓜 || 半个青木瓜 || 一只青木瓜,20574|23325|33691,可能是原生食材，但频次、命名或类别证据不足
5067,青红小辣椒,5,蔬菜类及其制品,,适量青红小辣椒 || 4个青红小辣椒,20599|151795,可能是原生食材，但频次、命名或类别证据不足
5069,木耳香菇,5,菌藻类,,木耳 香菇,20913,可能是原生食材，但频次、命名或类别证据不足
5071,来猪肉,5,畜肉类及其制品,,,,可能是原生食材，但频次、命名或类别证据不足
5072,坚果粉,5,坚果种子类,,坚果粉 || 适量坚果粉 || 25g坚果粉,21106|71915|105714,可能是原生食材，但频次、命名或类别证据不足
5078,葱和香菜,5,蔬菜类及其制品,葱|香菜,适量葱和香菜 || 2根葱和香菜 || 少许葱和香菜,21429|35259|165062,分隔符明确连接多个独立基础食材；克数无法可靠分摊
5080,螺狮粉,5,鱼虾蟹贝类,,袋装螺狮粉 || 1包螺狮粉,21485|72737,可能是原生食材，但频次、命名或类别证据不足
5083,牛碎,5,畜肉类及其制品,牛,适量勺牛至碎 || 适量牛至碎 || 牛至碎,21869|136028|149012|181350,形态描述存在，但原始食材无法确定
5086,蓝莓果泥,5,水果类及其制品,,125G蓝莓果泥 || 200g蓝莓果泥 || 120G蓝莓果泥,33976|39680|46624,可能是原生食材，但频次、命名或类别证据不足
5089,生姜沫,5,蔬菜类及其制品,,生姜沫适量 || 适量生姜沫 || 少许生姜沫,22514|40406|52587|82153,可能是原生食材，但频次、命名或类别证据不足
5090,红柚,5,水果类及其制品,,1个红柚 || 半个红柚 || 1个红柚（葡萄柚）,22814|34049|94613,可能是原生食材，但频次、命名或类别证据不足
5091,凤尾虾,5,鱼虾蟹贝类,,5只冷冻凤尾虾 || 数只凤尾虾 || 4只凤尾虾,23163|55780|62415,可能是原生食材，但频次、命名或类别证据不足
5092,元葱,5,蔬菜类及其制品,,半个元葱 || 1个元葱 || 300克元葱,23233|26058|34315|42748,可能是原生食材，但频次、命名或类别证据不足
5094,无核红枣,5,坚果种子类,,30.40颗无核红枣 || 50克无核红枣 || 6颗无核红枣,23351|91067|131042,可能是原生食材，但频次、命名或类别证据不足
5096,海蛏,5,鱼虾蟹贝类,,一斤海蛏 || 500g海蛏 || 15个（小个的）海蛏,42281|43807|84411|86719,可能是原生食材，但频次、命名或类别证据不足
5099,鸡蛋蛋清蛋清,5,禽肉类及其制品,,小鸡蛋蛋清一个蛋清 || 半个鸡蛋蛋清蛋清 || 一个60克的鸡蛋的蛋清蛋清,23765|37439|135771,可能是原生食材，但频次、命名或类别证据不足
5100,葱姜蒜水,5,蔬菜类及其制品,,适量葱姜蒜水 || 葱姜蒜水 || 80-100克葱姜蒜水（冰水）,23896|63459|92999,可能是原生食材，但频次、命名或类别证据不足
5107,各种辣椒,5,蔬菜类及其制品,,适量各种辣椒（干红椒、青椒、红椒、小米辣） || 1000克各种辣椒,24200|170644,可能是原生食材，但频次、命名或类别证据不足
5109,干枸杞,5,坚果种子类,,干枸杞 || 5g干枸杞 || 10粒干枸杞,24312|49333|61498,可能是原生食材，但频次、命名或类别证据不足
5112,胡萝卜香菜,5,蔬菜类及其制品,,少许胡萝卜香菜 || 根胡萝卜香菜,24424|77135,可能是原生食材，但频次、命名或类别证据不足
5113,全麦天然酵种,5,谷类及其制品,,100克全麦天然酵种（100%水粉比例） || 200克（100%水粉比例）全麦天然酵种 || 40克全麦天然酵种,24602|44662|50741,可能是原生食材，但频次、命名或类别证据不足
5115,蛋黄流心馅,5,蛋类及其制品,,50g蛋黄流心馅 || 65克（实际用60克，会有损耗）蛋黄流心馅,24760|55522,可能是原生食材，但频次、命名或类别证据不足
5118,黄心红薯,5,薯类淀粉及其制品,,一个黄心红薯 || 100克黄心红薯 || 2个黄心红薯,80123|129320|149438,可能是原生食材，但频次、命名或类别证据不足
5120,大小香蕉,5,水果类及其制品,,,,可能是原生食材，但频次、命名或类别证据不足
5128,花蚬子,5,鱼虾蟹贝类,,适量花蚬子 || 2-3斤花蚬子 || 两斤花蚬子,26091|30201|36582,可能是原生食材，但频次、命名或类别证据不足
5130,肉鸡蛋,5,禽肉类及其制品,,,,可能是原生食材，但频次、命名或类别证据不足
5131,飞鱼籽,5,鱼虾蟹贝类,,适量飞鱼籽 || 6勺飞鱼籽 || 飞鱼籽（也可用普通鱼籽代替）,26169|33120|63678|70901,可能是原生食材，但频次、命名或类别证据不足
5133,蒜台,5,蔬菜类及其制品,,6根蒜台 || 10根蒜台 || 蒜台,26301|36320|47890,可能是原生食材，但频次、命名或类别证据不足
5136,人鸡蛋,5,禽肉类及其制品,,1人1个鸡蛋 || 2人6个鸡蛋 || 1个/人鸡蛋,26609|139331|157405,可能是原生食材，但频次、命名或类别证据不足
5138,淡水鱼,5,鱼虾蟹贝类,,2条淡水鱼 || 一只淡水鱼 || 一条淡水鱼,27113|33688|45706,可能是原生食材，但频次、命名或类别证据不足
5140,沙朗牛排,5,畜肉类及其制品,,1块沙朗牛排 || 沙朗牛排,27390|91137,可能是原生食材，但频次、命名或类别证据不足
5141,干红尖椒,5,蔬菜类及其制品,,20g干红尖椒 || 2干红尖椒 || 两个干红尖椒,27547|82705|114215,可能是原生食材，但频次、命名或类别证据不足
5144,红石榴,5,水果类及其制品,,1个红石榴 || 若干红石榴（沙拉用的） || 半只个红石榴,27648|180134|187859,可能是原生食材，但频次、命名或类别证据不足
5147,火锅面,5,谷类及其制品,,火锅面 || 1个火锅面 || 随意火锅面,28034|47523|52138|72980|129728,可能是原生食材，但频次、命名或类别证据不足
5148,豇豆角,5,干豆类及其制品,,豇豆角 || 15根豇豆角 || 1把豇豆角,28072|38785|40724,可能是原生食材，但频次、命名或类别证据不足
5149,芋仔,5,薯类淀粉及其制品,,半斤芋仔 || 5个芋仔 || 芋仔,28121|54301|61405,可能是原生食材，但频次、命名或类别证据不足
5152,菜丝,5,蔬菜类及其制品,菜,包菜丝 || 1个包菜丝 || 100克包菜丝,28386|87237|89217|100685,形态描述存在，但原始食材无法确定
5154,炖牛肉料,5,畜肉类及其制品,,1小袋炖牛肉料,28622,可能是原生食材，但频次、命名或类别证据不足
5155,五花肉五花肉,5,畜肉类及其制品,,,,可能是原生食材，但频次、命名或类别证据不足
5158,五花肉猪肉,5,畜肉类及其制品,,半斤五花肉猪肉 || 五花肉50-100克猪肉 || 五花肉250克猪肉,28990|141759|145493,可能是原生食材，但频次、命名或类别证据不足
5162,雪蛤,5,鱼虾蟹贝类,,3克雪蛤 || 1只，大约2-3克雪蛤 || 5克雪蛤,29472|31492|36257,可能是原生食材，但频次、命名或类别证据不足
5163,鹅肉,5,禽肉类及其制品,,鹅肉 || 800克鹅肉 || 100g鹅肉,29853|35343|70410|87177,可能是原生食材，但频次、命名或类别证据不足
5165,腊鸭腿,5,禽肉类及其制品,,1个腊鸭腿 || 1只腊鸭腿 || 一只腊鸭腿,30535|48736|62437|65551,可能是原生食材，但频次、命名或类别证据不足
5166,香草棒,5,蔬菜类及其制品,,1香草棒 || 半根香草棒 || 2克香草棒,30584|32124|106266,可能是原生食材，但频次、命名或类别证据不足
5170,青菜香菇,5,菌藻类,,青菜香菇,31317,可能是原生食材，但频次、命名或类别证据不足
5172,出前一丁,5,其他类,出前一,一包出前一丁（麻油味） || 1包出前一丁（酱油紫菜汤味） || 一包（配料不要）出前一丁（方便面）,31426|33415|69882,形态描述存在，但原始食材无法确定
5178,鸡叉骨,5,禽肉类及其制品,,500克鸡叉骨 || 1斤鸡叉骨 || 鸡叉骨,31901|52805|73262|145446,可能是原生食材，但频次、命名或类别证据不足
5182,姜末葱花,5,蔬菜类及其制品,,适量多一点姜末葱花 || 姜末葱花,32159|63131|193616,可能是原生食材，但频次、命名或类别证据不足
5184,白辣椒,5,蔬菜类及其制品,,数个白辣椒 || 一撮白辣椒 || 适量白辣椒,32266|52075|179949,可能是原生食材，但频次、命名或类别证据不足
5185,牛角椒,5,畜肉类及其制品,,牛角椒 || 1只牛角椒（湖南椒） || 一颗牛角椒,32267|34881|37952,可能是原生食材，但频次、命名或类别证据不足
5187,棵娃娃菜,5,蔬菜类及其制品,,一小棵娃娃菜 || 1小棵娃娃菜 || 2小棵娃娃菜,32432|64641|67537,可能是原生食材，但频次、命名或类别证据不足
5190,克花生米,5,谷类及其制品,,随意克花生米,145432,可能是原生食材，但频次、命名或类别证据不足
5191,去芯莲子,5,坚果种子类,,20g去芯莲子 || 5-10个去芯莲子 || 适量去芯莲子,33086|39065|109012,可能是原生食材，但频次、命名或类别证据不足
5192,蒜和姜,5,蔬菜类及其制品,蒜|姜,蒜和姜 || 适量蒜和姜,111023|166758,分隔符明确连接多个独立基础食材；克数无法可靠分摊
5195,红豆薏米,5,干豆类及其制品,,50g红豆薏米,160201,可能是原生食材，但频次、命名或类别证据不足
5196,全麦卷饼,5,谷类及其制品,,1-2张全麦卷饼 || 1张--全麦卷饼 || 1张全麦卷饼,78054|95919|125734,可能是原生食材，但频次、命名或类别证据不足
5199,多猪肉,5,畜肉类及其制品,,约1斤多猪肉 || 一斤多猪肉（可以配四分之一肥点的） || 半斤多猪肉,33456|110992|133108,可能是原生食材，但频次、命名或类别证据不足
5200,各胡萝卜,5,蔬菜类及其制品,,各1只胡萝卜，黄瓜，蟹足棒 || 各1个胡萝卜，土豆（去皮切块） || 各30g胡萝卜，西兰花,33591|166515|174570,可能是原生食材，但频次、命名或类别证据不足
5201,五香蒸肉粉,5,畜肉类及其制品,,三勺五香蒸肉粉 || 适量五香蒸肉粉 || 1包（80克）五香蒸肉粉,33594|70687|130761,可能是原生食材，但频次、命名或类别证据不足
5205,青红黄椒,5,蔬菜类及其制品,,适量青红黄椒 || 青红黄椒,33887|161742|199898,可能是原生食材，但频次、命名或类别证据不足
5207,多五花肉,5,畜肉类及其制品,,一斤多五花肉 || 1斤多五花肉,33993|136060|161378|165708,可能是原生食材，但频次、命名或类别证据不足
5210,玉米麦片,5,谷类及其制品,玉米麦,一碗玉米麦片 || 适量玉米麦片,34396|121387,形态描述存在，但原始食材无法确定
5211,荞麦挂面,5,谷类及其制品,,1人份荞麦挂面 || 1捆（1人份）荞麦挂面 || 50克荞麦挂面,34578|59314|193627,可能是原生食材，但频次、命名或类别证据不足
5212,各式蔬菜,5,蔬菜类及其制品,,适量各式蔬菜,34624|80415,可能是原生食材，但频次、命名或类别证据不足
5217,红椒圈,5,蔬菜类及其制品,,几粒红椒圈 || 若干红椒圈（搭配用） || 红椒圈（装饰）,34870|76995|87899,可能是原生食材，但频次、命名或类别证据不足
5219,柠檬膏,5,水果类及其制品,,20克柠檬膏 || 1瓶柠檬膏 || 1勺柠檬膏,44780|78284|121377,可能是原生食材，但频次、命名或类别证据不足
5221,其他菇,5,菌藻类,,适量其他菇,66128,可能是原生食材，但频次、命名或类别证据不足
5222,牛干巴,5,畜肉类及其制品,,牛干巴 || 150克牛干巴 || 300克牛干巴,35187|37274|62858,可能是原生食材，但频次、命名或类别证据不足
5223,西瓜肉,5,水果类及其制品,,200g新鲜西瓜肉 || 250g西瓜肉,35822|138891,可能是原生食材，但频次、命名或类别证据不足
5225,黄蚬子,5,鱼虾蟹贝类,,50g黄蚬子 || 2斤黄蚬子 || 15个黄蚬子,36329|75764|94032,可能是原生食材，但频次、命名或类别证据不足
5226,杨梅干,5,水果类及其制品,,适量杨梅干 || 20g杨梅干 || 15-20颗杨梅干,36427|37387|119957,可能是原生食材，但频次、命名或类别证据不足
5227,多香菇,5,菌藻类,,2多香菇 || 3多香菇（泡发） || 一斤多香菇,36629|54846|68154,可能是原生食材，但频次、命名或类别证据不足
5228,人分量大米,5,谷类及其制品,,3人分量大米,36644,可能是原生食材，但频次、命名或类别证据不足
5230,香菜香葱,5,蔬菜类及其制品,,少许 香菜 香葱 || 适量香菜香葱 || 香菜香葱,36914|48349|52726,可能是原生食材，但频次、命名或类别证据不足
5232,麻鸡,5,禽肉类及其制品,,1/4只麻鸡 || 半只麻鸡,37124|71559,可能是原生食材，但频次、命名或类别证据不足
5235,蕉芋粉,5,薯类淀粉及其制品,,50克蕉芋粉 || 100g蕉芋粉 || 150克蕉芋粉,37739|50577|88419,可能是原生食材，但频次、命名或类别证据不足
5238,花甲螺,5,鱼虾蟹贝类,,花甲螺 || 一斤花甲螺 || 10花甲螺,38151|47911|74365,可能是原生食材，但频次、命名或类别证据不足
5240,酸豆,5,干豆类及其制品,,1勺酸豆 || 一勺小酸豆 || 10 g小酸豆,46791|113382|150900,可能是原生食材，但频次、命名或类别证据不足
5242,香菜切末,5,蔬菜类及其制品,香菜切,适量香菜切末,156758,形态描述存在，但原始食材无法确定
5243,原切牛排,5,畜肉类及其制品,,1块原切牛排 || 一块原切牛排 || 150g原切牛排,39361|60149|66343|140701|191760,可能是原生食材，但频次、命名或类别证据不足
5248,河鱼,5,鱼虾蟹贝类,,小河鱼 || 500克小河鱼,38738|65374|185816,可能是原生食材，但频次、命名或类别证据不足
5250,什么肉,5,畜肉类及其制品,,,,可能是原生食材，但频次、命名或类别证据不足
5251,冻草莓,5,水果类及其制品,,20克冻草莓 || 适量冻草莓 || 250g冻草莓（冻香蕉等）,39138|60729|72410,可能是原生食材，但频次、命名或类别证据不足
5253,南美白虾仁,5,鱼虾蟹贝类,,10个南美白虾仁,72053,可能是原生食材，但频次、命名或类别证据不足
5255,面团量,5,谷类及其制品,,面团用量（12个） || 面团用量,150179|182229,可能是原生食材，但频次、命名或类别证据不足
5257,头鱼,5,鱼虾蟹贝类,,1条大头鱼 || 5条九头鱼 || 一整个大头鱼,40294|54358|83616|102429,可能是原生食材，但频次、命名或类别证据不足
5260,黑芝麻牡蛎粉,5,鱼虾蟹贝类,,适量（可不加）黑芝麻牡蛎粉 || 1勺黑芝麻牡蛎粉 || 适量黑芝麻牡蛎粉,40596|104958|135588,可能是原生食材，但频次、命名或类别证据不足
5261,玉米浓汤,5,谷类及其制品,,,,可能是原生食材，但频次、命名或类别证据不足
5262,球菜,5,蔬菜类及其制品,,1/3个球菜 || 适量球菜 || 半个球菜,41100|68251|140385,可能是原生食材，但频次、命名或类别证据不足
5263,蒜生姜,5,蔬菜类及其制品,,6g大蒜生姜 || 25g大蒜生姜 || 适量大蒜生姜,41322|69049|106859,可能是原生食材，但频次、命名或类别证据不足
5264,猪肚丸,5,畜肉类及其制品,,猪肚丸,41349,可能是原生食材，但频次、命名或类别证据不足
5266,黑猪梅花肉,5,畜肉类及其制品,,200g黑猪梅花肉 || 一小盒黑猪梅花肉,174006|174767,可能是原生食材，但频次、命名或类别证据不足
5267,蛋黄酥,5,蛋类及其制品,,,,可能是原生食材，但频次、命名或类别证据不足
5268,紫薯紫薯,5,薯类淀粉及其制品,,,,可能是原生食材，但频次、命名或类别证据不足
5269,丝配菜,5,蔬菜类及其制品,,,,可能是原生食材，但频次、命名或类别证据不足
5270,番鸭,5,禽肉类及其制品,,半只番鸭 || 300g番鸭 || 半只2斤左右番鸭,42015|47856|53311,可能是原生食材，但频次、命名或类别证据不足
5274,没过鸡蛋水,5,禽肉类及其制品,,,,可能是原生食材，但频次、命名或类别证据不足
5276,榨面,5,谷类及其制品,,3张榨面 || 一把榨面 || 榨面（可以用细米线代替）,42524|56279|71407,可能是原生食材，但频次、命名或类别证据不足
5278,参片,5,其他类,参,三片参片 || 5-6片参片,42997|121206,形态描述存在，但原始食材无法确定
5279,红椒黄椒,5,蔬菜类及其制品,,适量红椒黄椒 || 几片红椒黄椒 || 20克红椒黄椒,43063|72895|101596,可能是原生食材，但频次、命名或类别证据不足
5280,脆麦片,5,谷类及其制品,脆麦,脆麦片 || 15-20g脆麦片,43240|73300,形态描述存在，但原始食材无法确定
5281,土鸡蛋鸡蛋,5,禽肉类及其制品,,土鸡蛋3个鸡蛋 || 2个土鸡蛋鸡蛋 || 1个土鸡蛋鸡蛋,43480|51702|65064,可能是原生食材，但频次、命名或类别证据不足
5282,西兰花胡萝卜,5,蔬菜类及其制品,,少许西兰花 胡萝卜 || 适量西兰花胡萝卜 || 西兰花胡萝卜,43750|124552|150550,可能是原生食材，但频次、命名或类别证据不足
5283,青红小尖椒,5,蔬菜类及其制品,,青红小尖椒 || 4个青红小尖椒,43765|170141,可能是原生食材，但频次、命名或类别证据不足
5288,绿色辣椒,5,蔬菜类及其制品,,2根绿色辣椒 || 10个绿色辣椒 || 1个绿色辣椒,44330|48049|98119|108859,可能是原生食材，但频次、命名或类别证据不足
5289,草莓冻干粉,5,水果类及其制品,,20克草莓冻干粉 || 10g草莓冻干粉 || 2G草莓冻干粉,44430|52436|85949,可能是原生食材，但频次、命名或类别证据不足
5291,红枣粉,5,坚果种子类,,红枣粉,44651,可能是原生食材，但频次、命名或类别证据不足
5292,东北米,5,谷类及其制品,,200g东北米 || 一人份东北米 || 半杯（一人份）东北米,44878|53381|88486,可能是原生食材，但频次、命名或类别证据不足
5293,就好姜,5,蔬菜类及其制品,,随意就好姜 || 一点就好姜,45104|106903,可能是原生食材，但频次、命名或类别证据不足
5296,花芸豆,5,干豆类及其制品,,花芸豆 || 200g花芸豆 || 适量花芸豆,45273|101328|124017|156349,可能是原生食材，但频次、命名或类别证据不足
5298,藜麦米,5,谷类及其制品,,适量藜麦米,45483|130598,可能是原生食材，但频次、命名或类别证据不足
5301,羊后腿,5,畜肉类及其制品,,1500克羊后腿 || 500g羊后腿 || 400克羊后腿,45708|69726|72000,可能是原生食材，但频次、命名或类别证据不足
5304,蒜瓣姜片,5,蔬菜类及其制品,蒜瓣姜,适量蒜瓣(拍一下) 姜片,167102,形态描述存在，但原始食材无法确定
5307,榛果粉,5,坚果种子类,,8克榛果粉 || 68g榛果粉 || 15g榛果粉（或杏仁粉）,46094|50259|142600,可能是原生食材，但频次、命名或类别证据不足
5309,自己饭量面,5,谷类及其制品,,,,可能是原生食材，但频次、命名或类别证据不足
5311,了葱,5,蔬菜类及其制品,,随意了葱,104263,可能是原生食材，但频次、命名或类别证据不足
5312,薄荷葉,5,蔬菜类及其制品,,1大勺（tbsp）薄荷葉 || 若干薄荷葉,46867|65213,可能是原生食材，但频次、命名或类别证据不足
5313,玉米叶子,5,谷类及其制品,,适量玉米叶子 || 4片玉米叶子,46880|123166,可能是原生食材，但频次、命名或类别证据不足
5316,豆瓣醬,5,干豆类及其制品,,一勺豆瓣醬（六月香） || 2勺豆瓣醬（香其醬黃豆醬甜麵醬都可以 ）,46938|99426,可能是原生食材，但频次、命名或类别证据不足
5319,黎麦,5,谷类及其制品,,适量黎麦 || 20克黎麦 || 若干黎麦,47159|66158|84058,可能是原生食材，但频次、命名或类别证据不足
5322,卤牛腱,5,畜肉类及其制品,,120g卤牛腱 || 200克卤牛腱,47566|125259,可能是原生食材，但频次、命名或类别证据不足
5325,橙子果肉,5,水果类及其制品,,250克橙子果肉 || 150克橙子果肉,48179|141477,可能是原生食材，但频次、命名或类别证据不足
5326,葱和姜,5,蔬菜类及其制品,葱|姜,少许葱和姜 || 适量葱和姜 || 根葱和姜少许,48386|53096|54680,分隔符明确连接多个独立基础食材；克数无法可靠分摊
5328,文鱼头,5,鱼虾蟹贝类,,1个整个三文鱼头,48494,可能是原生食材，但频次、命名或类别证据不足
5329,圈冬瓜,5,蔬菜类及其制品,,半个圈冬瓜 || 1圈冬瓜 || 一小圈冬瓜,48508|122562|122863|146203,可能是原生食材，但频次、命名或类别证据不足
5331,鲩鱼,5,鱼虾蟹贝类,,鲩鱼 || 半条（要软边）鲩鱼（草鱼） || 1条约1000克鲩鱼,49051|57871|73319,可能是原生食材，但频次、命名或类别证据不足
5334,萝卜水,5,蔬菜类及其制品,,,,可能是原生食材，但频次、命名或类别证据不足
5335,野生灵芝,5,菌藻类,,3-4颗野生灵芝,186983,可能是原生食材，但频次、命名或类别证据不足
5338,墨西哥玉米片,5,谷类及其制品,墨西哥玉米,适量根墨西哥玉米片 || 150g墨西哥玉米片,49977|143286,形态描述存在，但原始食材无法确定
5340,调味萝卜,5,蔬菜类及其制品,,1包调味萝卜 || 2条调味萝卜 || 一根调味萝卜,50091|53675|142665,可能是原生食材，但频次、命名或类别证据不足
5342,猪扒肉,5,畜肉类及其制品,,适量猪扒肉 || 200克猪扒肉 || 500g猪扒肉,50211|100689|145076,可能是原生食材，但频次、命名或类别证据不足
5343,土豆洋葱,5,干豆类及其制品,,,,可能是原生食材，但频次、命名或类别证据不足
5348,红胡萝卜,5,蔬菜类及其制品,,半个红胡萝卜 || 1根红胡萝卜 || 50g红胡萝卜,50754|59721|182081,可能是原生食材，但频次、命名或类别证据不足
5354,油白菜,5,蔬菜类及其制品,,2只油白菜 || 适量油白菜 || 油白菜,51293|89843|97833,可能是原生食材，但频次、命名或类别证据不足
5358,番茄切片,5,蔬菜类及其制品,番茄切,3-4片番茄切片,172582,形态描述存在，但原始食材无法确定
5359,碎白芝麻,5,坚果种子类,,,,可能是原生食材，但频次、命名或类别证据不足
5364,窝瓜,5,蔬菜类及其制品,,窝瓜 || 适量窝瓜 || 250克窝瓜,52022|120907|130881,可能是原生食材，但频次、命名或类别证据不足
5366,各色彩椒,5,蔬菜类及其制品,,各色彩椒,52329,可能是原生食材，但频次、命名或类别证据不足
5369,龙虾肉,5,鱼虾蟹贝类,,半斤小龙虾肉 || 100克小龙虾肉,52581|95773|194787,可能是原生食材，但频次、命名或类别证据不足
5370,鸡屎藤,5,禽肉类及其制品,,1大把鸡屎藤 || 一把鸡屎藤 || 半斤鸡屎藤,52715|52936|170883,可能是原生食材，但频次、命名或类别证据不足
5372,牛肉肉糜,5,畜肉类及其制品,,200g左右牛肉肉糜 || 400g牛肉肉糜 || 约400克牛肉肉糜,52953|92481|168336,可能是原生食材，但频次、命名或类别证据不足
5373,多个鹌鹑蛋,5,蛋类及其制品,,,,可能是原生食材，但频次、命名或类别证据不足
5375,韭葱,5,蔬菜类及其制品,,一撮韭葱 || 半个韭葱 || 韭葱(大葱),53105|73913|106932,可能是原生食材，但频次、命名或类别证据不足
5376,绿色彩椒,5,蔬菜类及其制品,,半只绿色彩椒,53167,可能是原生食材，但频次、命名或类别证据不足
5378,熏鱼,5,鱼虾蟹贝类,,4条熏鱼 || 150克熏鱼,53381|158784,可能是原生食材，但频次、命名或类别证据不足
5379,蒜苗香菜,5,蔬菜类及其制品,,少许蒜苗香菜 || 2根蒜苗香菜,89432|135233,可能是原生食材，但频次、命名或类别证据不足
5381,哦鸡蛋,5,禽肉类及其制品,,,,可能是原生食材，但频次、命名或类别证据不足
5386,干鲍,5,鱼虾蟹贝类,,4只干鲍,54350,可能是原生食材，但频次、命名或类别证据不足
5390,粉红薯粉,5,薯类淀粉及其制品,,,,可能是原生食材，但频次、命名或类别证据不足
5396,王守义炖肉料,5,畜肉类及其制品,,3小包王守义炖肉料 || 1小袋王守义炖肉料 || 1小包王守义炖肉料,55217|68686|116059|141557,可能是原生食材，但频次、命名或类别证据不足
5400,速冻豌豆,5,干豆类及其制品,,速冻豌豆 || 适量速冻豌豆 || 大概10颗速冻豌豆,74219|113166|119357,可能是原生食材，但频次、命名或类别证据不足
5401,胡萝卜白萝卜,5,蔬菜类及其制品,,半根胡萝卜 白萝卜 || 胡萝卜白萝卜,56438|107540,可能是原生食材，但频次、命名或类别证据不足
5402,猪肉牛肉,5,畜肉类及其制品,,适量猪肉牛肉都可以,56587,可能是原生食材，但频次、命名或类别证据不足
5404,草莓水果,5,水果类及其制品,,草莓5个水果,57009,可能是原生食材，但频次、命名或类别证据不足
5405,虾籽,5,鱼虾蟹贝类,,1茶匙虾籽 || 25克虾籽 || 5克虾籽,57213|74691|80686,可能是原生食材，但频次、命名或类别证据不足
5408,麻辣鱼,5,鱼虾蟹贝类,,,,可能是原生食材，但频次、命名或类别证据不足
5411,圆葱头,5,蔬菜类及其制品,,1个圆葱头,58349,可能是原生食材，但频次、命名或类别证据不足
5413,火锅牛肉片,5,畜肉类及其制品,火锅牛肉,300克火锅用牛肉片 || 100g火锅牛肉片 || 200g火锅牛肉片,58502|123280|187298,形态描述存在，但原始食材无法确定
5414,香草枝,5,蔬菜类及其制品,,5cm香草枝,130653,可能是原生食材，但频次、命名或类别证据不足
5416,肉块,5,畜肉类及其制品,,适量肉块 || 肉块,134161|149445,名称过于宽泛或形态含义不明确，禁止猜测映射
5417,大小瘦肉,5,畜肉类及其制品,,,,可能是原生食材，但频次、命名或类别证据不足
5424,大白菜心,5,蔬菜类及其制品,,,,可能是原生食材，但频次、命名或类别证据不足
5426,冰块冰块,5,其他类,冰块冰,少许冰块冰块,60381,形态描述存在，但原始食材无法确定
5430,可生食蔬菜,5,蔬菜类及其制品,,适量可生食蔬菜,61157,可能是原生食材，但频次、命名或类别证据不足
5432,鱼虾,5,鱼虾蟹贝类,鱼|虾,,,明确包含多个独立食材；关系保守保留原文，克数不拆分
5438,蕃茄膏,5,蔬菜类及其制品,,1大勺蕃茄膏 || 50～60g蕃茄膏 || 蕃茄膏,63007|102356|130220,可能是原生食材，但频次、命名或类别证据不足
5440,海虾仁,5,鱼虾蟹贝类,,十只海虾仁 || 200克海虾仁 || 30个海虾仁,63210|68561|76019,可能是原生食材，但频次、命名或类别证据不足
5443,进口柠檬,5,水果类及其制品,,6个进口柠檬 || 1只进口柠檬,63700|125459,可能是原生食材，但频次、命名或类别证据不足
5444,洋葱大葱,5,蔬菜类及其制品,,我用的洋葱大葱 || 洋葱 大葱,63704|199585,可能是原生食材，但频次、命名或类别证据不足
5448,香葱芝麻,5,坚果种子类,,少许香葱 芝麻,131685,可能是原生食材，但频次、命名或类别证据不足
5449,各鸡蛋,5,禽肉类及其制品,,各1只鸡蛋 || 各1个鸡蛋,64498|177083,可能是原生食材，但频次、命名或类别证据不足
5451,蒜末白芝麻,5,坚果种子类,,蒜末白芝麻,64969,可能是原生食材，但频次、命名或类别证据不足
5455,干果仁,5,坚果种子类,,适量          干果仁 || 114g(我用的核桃仁)干果仁,65787|187167,可能是原生食材，但频次、命名或类别证据不足
5456,儿童面,5,谷类及其制品,,100克儿童面,65828,可能是原生食材，但频次、命名或类别证据不足
5457,肥瘦相间羊肉,5,畜肉类及其制品,,适量肥瘦相间的羊肉 || 肥瘦相间羊肉适量 || 肥瘦相间羊肉,87546|89999|115481,可能是原生食材，但频次、命名或类别证据不足
5459,缸豆,5,干豆类及其制品,,500g缸豆 || 300克缸豆 || 250克缸豆,66470|111670|113956,可能是原生食材，但频次、命名或类别证据不足
5462,蛋壳粉,5,蛋类及其制品,,100g蛋壳粉,67023,可能是原生食材，但频次、命名或类别证据不足
5463,肋眼牛排,5,畜肉类及其制品,,80g肋眼牛排 || 一大块肋眼牛排,67038|106944,可能是原生食材，但频次、命名或类别证据不足
5471,混合海鲜,5,鱼虾蟹贝类,,冷冻混合海鲜 || 混合海鲜 || 100g混合海鲜,68372|119388|159088,可能是原生食材，但频次、命名或类别证据不足
5472,多豆角,5,干豆类及其制品,,多豆角,68424,可能是原生食材，但频次、命名或类别证据不足
5474,五指毛桃根,5,水果类及其制品,,1扎五指毛桃根 || 适量五指毛桃根 || 一小把五指毛桃根,102026|133089|198194,可能是原生食材，但频次、命名或类别证据不足
5476,生姜切片,5,蔬菜类及其制品,生姜切,20克生姜切片 || 3-4片生姜切片 || 8～10片生姜切片,69075|78606|98360,形态描述存在，但原始食材无法确定
5478,绿菜椒,5,蔬菜类及其制品,,1个绿菜椒（或青椒） || 1/2个绿菜椒,69221|158374,可能是原生食材，但频次、命名或类别证据不足
5481,菜品,5,蔬菜类及其制品,,50g#菜品,69318,可能是原生食材，但频次、命名或类别证据不足
5484,剩余蛋液,5,蛋类及其制品,,45克水＋剩余蛋液,69986,可能是原生食材，但频次、命名或类别证据不足
5485,红枣水,5,坚果种子类,,170g红枣水 || #红枣水# || 300克（混合马蹄粉）红枣水,70272|74388,可能是原生食材，但频次、命名或类别证据不足
5487,带叶芹菜,5,蔬菜类及其制品,,6根带叶的芹菜 || 1根带叶芹菜 || 1小把带叶芹菜,70356|155735|197500,可能是原生食材，但频次、命名或类别证据不足
5494,干鲍鱼,5,鱼虾蟹贝类,,4个干鲍鱼 || 5只120头干鲍鱼 || 5个干鲍鱼,72448|84025|92732,可能是原生食材，但频次、命名或类别证据不足
5498,鸡屎藤粉,5,禽肉类及其制品,,200g鸡屎藤粉 || 80克鸡屎藤粉 || 30克鸡屎藤粉,74201|109718|122188,可能是原生食材，但频次、命名或类别证据不足
5502,柠檬汁数滴,5,水果类及其制品,,滴柠檬汁数滴 || 柠檬汁数滴（可以不加）,74477|176525,可能是原生食材，但频次、命名或类别证据不足
5513,臭鳜鱼,5,鱼虾蟹贝类,,1条臭鳜鱼 || 条臭鳜鱼                      1 || 一条750g臭鳜鱼,76702|111927|143845|146329|147436|171740,可能是原生食材，但频次、命名或类别证据不足
5514,蒜香炸粉,5,蔬菜类及其制品,,一些蒜香炸粉,77493,可能是原生食材，但频次、命名或类别证据不足
5520,香草叶,5,蔬菜类及其制品,,4片香草叶 || 香草叶 || 一把香草叶（选用）,97412|110105|131424,可能是原生食材，但频次、命名或类别证据不足
5524,蔬菜瓜果,5,蔬菜类及其制品,,#蔬菜瓜果 || 个蔬菜瓜果,79282|167241,可能是原生食材，但频次、命名或类别证据不足
5527,鱼仔,5,鱼虾蟹贝类,,500g鱼仔 || 500克小鱼仔 || 小鱼仔,79866|85895|97216,可能是原生食材，但频次、命名或类别证据不足
5530,活鱼,5,鱼虾蟹贝类,,1斤（刺少的鱼）活鱼,80181|109629,可能是原生食材，但频次、命名或类别证据不足
5532,沙窝萝卜,5,蔬菜类及其制品,,半根沙窝萝卜 || 1根（约800克）沙窝萝卜,80573|108446,可能是原生食材，但频次、命名或类别证据不足
5535,泡小米辣,5,谷类及其制品,,两个泡小米辣 || 泡小米辣 || 20个泡小米辣,80999|106715|189576,可能是原生食材，但频次、命名或类别证据不足
5536,朵干银耳,5,菌藻类,,两大朵干银耳,81236,可能是原生食材，但频次、命名或类别证据不足
5540,泡好香菇,5,菌藻类,,70克泡好的香菇 || 150克左右泡好的香菇,81978|191577,可能是原生食材，但频次、命名或类别证据不足
5541,粉胡萝卜,5,蔬菜类及其制品,,,,可能是原生食材，但频次、命名或类别证据不足
5542,小红薯,5,薯类淀粉及其制品,,,,可能是原生食材，但频次、命名或类别证据不足
5543,了胡萝卜,5,蔬菜类及其制品,,我用了两根（一个人吃了两顿）胡萝卜 || 32了胡萝卜,91593|125298,可能是原生食材，但频次、命名或类别证据不足
5546,全麦欧包,5,谷类及其制品,,随意全麦欧包 || 1个全麦欧包,82646|140042,可能是原生食材，但频次、命名或类别证据不足
5547,火锅菜,5,蔬菜类及其制品,,火锅菜适量 || 火锅菜,82822|165537,可能是原生食材，但频次、命名或类别证据不足
5550,葱姜蒜三兄弟,5,蔬菜类及其制品,,葱姜蒜三兄弟,119596,可能是原生食材，但频次、命名或类别证据不足
5553,杏仁薄片,5,水果类及其制品,杏仁薄,47g杏仁薄片 || 杏仁薄片 || 165克杏仁薄片,84431|97662|162145,形态描述存在，但原始食材无法确定
5554,黃瓜,5,蔬菜类及其制品,,一根黃瓜 || 小黃瓜 || 黃瓜,84631|126418|162344,可能是原生食材，但频次、命名或类别证据不足
5556,速冻青豆,5,干豆类及其制品,,适量速冻青豆 || 一把速冻青豆 || 少许速冻青豆,110903|120731|176877,可能是原生食材，但频次、命名或类别证据不足
5560,辣红辣椒,5,蔬菜类及其制品,,4个辣的红辣椒,124073,可能是原生食材，但频次、命名或类别证据不足
5562,定肉末,5,畜肉类及其制品,定肉,,,形态描述存在，但原始食材无法确定
5566,麦乳精,5,谷类及其制品,,3汤匙麦乳精,107396,可能是原生食材，但频次、命名或类别证据不足
5572,红火龙果,5,水果类及其制品,,一个红火龙果 || 红火龙果 || 40g红火龙果,90214|101938|166712,可能是原生食材，但频次、命名或类别证据不足
5574,鳀鱼,5,鱼虾蟹贝类,,5条鳀鱼 || 30g鳀鱼,90550|192385,可能是原生食材，但频次、命名或类别证据不足
5582,爱吃菜,5,蔬菜类及其制品,,适量爱吃的菜,107685,可能是原生食材，但频次、命名或类别证据不足
5586,猪肉前腿肉,5,禽肉类及其制品,,,,可能是原生食材，但频次、命名或类别证据不足
5587,川秀菌粉,5,菌藻类,,川秀菌粉 || 1小包（1g）川秀菌粉,93374|193613,可能是原生食材，但频次、命名或类别证据不足
5590,节铁棍山药,5,薯类淀粉及其制品,,,,可能是原生食材，但频次、命名或类别证据不足
5592,其他肉类,5,畜肉类及其制品,,其他肉类,94409,可能是原生食材，但频次、命名或类别证据不足
5594,别蔬菜,5,蔬菜类及其制品,,随意别的蔬菜,119106,可能是原生食材，但频次、命名或类别证据不足
5601,粉小麦粉,5,谷类及其制品,,,,可能是原生食材，但频次、命名或类别证据不足
5602,小酥肉,5,畜肉类及其制品,,,,可能是原生食材，但频次、命名或类别证据不足
5604,截铁棍山药,5,薯类淀粉及其制品,,1截铁棍山药,97139,可能是原生食材，但频次、命名或类别证据不足
5608,青椒切丝,5,蔬菜类及其制品,青椒切,个青椒切丝 || 1/4颗青椒切丝,97502|136871,形态描述存在，但原始食材无法确定
5610,汤块,5,其他类,汤,,,形态描述存在，但原始食材无法确定
5611,洋葱香菇,5,菌藻类,,,,可能是原生食材，但频次、命名或类别证据不足
5612,青红椒圈,5,蔬菜类及其制品,,20克青红椒圈 || 适量青红椒圈 || 少许青红椒圈,98674|110589|116682,可能是原生食材，但频次、命名或类别证据不足
5613,吧小米椒,5,谷类及其制品,,,,可能是原生食材，但频次、命名或类别证据不足
5616,头大小土豆,5,干豆类及其制品,,3个拳头大小土豆 || 1/2拳头大小土豆,99135|179636,可能是原生食材，但频次、命名或类别证据不足
5618,棍棍面,5,谷类及其制品,,2~3两棍棍面,99532,可能是原生食材，但频次、命名或类别证据不足
5627,姜和蒜,5,蔬菜类及其制品,姜|蒜,姜和蒜 || 片姜和蒜 || 少许姜和蒜,103143|105076|126188|142999,分隔符明确连接多个独立基础食材；克数无法可靠分摊
5628,蛋抽,5,蛋类及其制品,,1只蛋抽,198529,可能是原生食材，但频次、命名或类别证据不足
5632,各种豆类,5,干豆类及其制品,,适量各种豆类,103968|142015,可能是原生食材，但频次、命名或类别证据不足
5633,芝麻葱花,5,坚果种子类,,少许芝麻 葱花,104139,可能是原生食材，但频次、命名或类别证据不足
5636,海鲜面,5,鱼虾蟹贝类,,,,可能是原生食材，但频次、命名或类别证据不足
5638,儿胡萝卜,5,蔬菜类及其制品,,1根儿胡萝卜,105739,可能是原生食材，但频次、命名或类别证据不足
5639,脆山药,5,薯类淀粉及其制品,,一根脆山药 || 半根脆山药 || 500g脆山药,106493|123195|182639,可能是原生食材，但频次、命名或类别证据不足
5643,里香碎,5,其他类,里香,一点点百里香碎 || 一小撮百里香碎,107606|164149,形态描述存在，但原始食材无法确定
5647,嫩母鸡,5,禽肉类及其制品,,1只（2斤内）嫩母鸡,108438,可能是原生食材，但频次、命名或类别证据不足
5648,各种素菜,5,蔬菜类及其制品,,各种素菜,108744|108810,可能是原生食材，但频次、命名或类别证据不足
5649,蟹钳,5,鱼虾蟹贝类,,1斤蟹钳 || 2斤蟹钳,109420|117450,可能是原生食材，但频次、命名或类别证据不足
5650,葡萄乾,5,水果类及其制品,,40g葡萄乾 || 2颗葡萄乾 || 适量葡萄乾,109472|122422|126109,可能是原生食材，但频次、命名或类别证据不足
5655,&白芝麻,5,坚果种子类,白芝麻,,,疑似多食材组合，但无法百分之百确认全部组成
5658,就好葱姜蒜,5,蔬菜类及其制品,,,,可能是原生食材，但频次、命名或类别证据不足
5659,鸡蛋蛋白蛋白,5,禽肉类及其制品,,2个鸡蛋的蛋白蛋白,111814,可能是原生食材，但频次、命名或类别证据不足
5662,猪后腿,5,畜肉类及其制品,,500克新鲜猪后腿 || 猪后腿2根,112046|146741,可能是原生食材，但频次、命名或类别证据不足
5666,小米面,5,谷类及其制品,,,,可能是原生食材，但频次、命名或类别证据不足
5671,红辣椒青辣椒,5,蔬菜类及其制品,,1个新鲜红辣椒青辣椒,183764,可能是原生食材，但频次、命名或类别证据不足
5672,克玉米面,5,谷类及其制品,,,,可能是原生食材，但频次、命名或类别证据不足
5674,香草味,5,蔬菜类及其制品,,#香草味,114935|148044,可能是原生食材，但频次、命名或类别证据不足
5675,其他菌菇,5,菌藻类,,,,可能是原生食材，但频次、命名或类别证据不足
5676,芝麻醬,5,坚果种子类,,三勺芝麻醬,115248,可能是原生食材，但频次、命名或类别证据不足
5677,菠菜饼,5,蔬菜类及其制品,,1块菠菜饼,115591,可能是原生食材，但频次、命名或类别证据不足
5678,羊脊骨,5,畜肉类及其制品,,一斤羊脊骨,115599,可能是原生食材，但频次、命名或类别证据不足
5679,小公鸡,5,禽肉类及其制品,,,,可能是原生食材，但频次、命名或类别证据不足
5680,红小辣椒,5,蔬菜类及其制品,,,,可能是原生食材，但频次、命名或类别证据不足
5681,菜娃娃菜,5,蔬菜类及其制品,,,,可能是原生食材，但频次、命名或类别证据不足
5682,羊棒骨,5,畜肉类及其制品,,羊棒骨 || 若干羊棒骨 || 500克（约5根）羊棒骨,116534|149327|164778|196096,可能是原生食材，但频次、命名或类别证据不足
5689,芝麻烧饼,5,坚果种子类,,,,可能是原生食材，但频次、命名或类别证据不足
5692,大辣椒,5,蔬菜类及其制品,,,,可能是原生食材，但频次、命名或类别证据不足
5695,金丝枣,5,坚果种子类,,金丝枣,120701|160055,可能是原生食材，但频次、命名或类别证据不足
5698,羔羊排,5,畜肉类及其制品,,两块羔羊排 || 700g羔羊排,122083|199777,可能是原生食材，但频次、命名或类别证据不足
5702,姜丝蒜片,5,蔬菜类及其制品,姜丝蒜,少许姜丝蒜片,122898,形态描述存在，但原始食材无法确定
5703,定量鸡蛋,5,禽肉类及其制品,,,,可能是原生食材，但频次、命名或类别证据不足
5704,张海带,5,鱼虾蟹贝类,,两大张海带,123665,可能是原生食材，但频次、命名或类别证据不足
5705,蛋白中,5,蛋类及其制品,,,,可能是原生食材，但频次、命名或类别证据不足
5707,姜片蒜瓣,5,蔬菜类及其制品,姜片蒜,,,形态描述存在，但原始食材无法确定
5710,卤肉汤,5,畜肉类及其制品,,500克卤肉汤,124778,可能是原生食材，但频次、命名或类别证据不足
5713,碎番茄,5,蔬菜类及其制品,,800 克碎番茄（罐装） || 1罐碎番茄,125336|176291,可能是原生食材，但频次、命名或类别证据不足
5714,辣小米椒,5,谷类及其制品,,,,可能是原生食材，但频次、命名或类别证据不足
5720,鸭汤,5,禽肉类及其制品,,适量鸭汤 || 鸭汤,127262|156717|172937,可能是原生食材，但频次、命名或类别证据不足
5725,滑蛋,5,蛋类及其制品,,适量滑蛋,128242,可能是原生食材，但频次、命名或类别证据不足
5729,墨江紫米,5,谷类及其制品,,500克墨江紫米 || 20克墨江紫米 || 适量墨江紫米,129605|148088|194617,可能是原生食材，但频次、命名或类别证据不足
5730,五柳菜,5,蔬菜类及其制品,,适量五柳菜 || 适量(随意加入)五柳菜,129946|133836,可能是原生食材，但频次、命名或类别证据不足
5733,就行胡萝卜,5,蔬菜类及其制品,,半个就行胡萝卜 || 几片就行胡萝卜,131852|142806,可能是原生食材，但频次、命名或类别证据不足
5734,辣青椒,5,蔬菜类及其制品,,3-5个辣的青椒 || 1颗辣青椒,132250|174526,可能是原生食材，但频次、命名或类别证据不足
5736,树薯粉,5,薯类淀粉及其制品,,适量树薯粉,132963,可能是原生食材，但频次、命名或类别证据不足
5737,西红柿水,5,蔬菜类及其制品,,100克/西红柿水,133072,可能是原生食材，但频次、命名或类别证据不足
5741,笋衣,5,蔬菜类及其制品,,适量笋衣 || 笋衣 || 160克笋衣,133424|144065|146649,可能是原生食材，但频次、命名或类别证据不足
5743,上校鸡块,5,禽肉类及其制品,上校鸡,4个上校鸡块,133835,形态描述存在，但原始食材无法确定
5750,各种豆子,5,干豆类及其制品,,各种豆子 || 两把各种豆子 || 各种豆子，我是自己渍的蜜豆,135659|180032|183283,可能是原生食材，但频次、命名或类别证据不足
5756,菜梗,5,蔬菜类及其制品,,,,可能是原生食材，但频次、命名或类别证据不足
5762,葱切小段,5,蔬菜类及其制品,葱切小,小半根大葱切小段,138356,形态描述存在，但原始食材无法确定
5769,喜爱蔬菜,5,蔬菜类及其制品,,喜爱蔬菜,142226,可能是原生食材，但频次、命名或类别证据不足
5771,菠萝菠萝,5,水果类及其制品,,,,可能是原生食材，但频次、命名或类别证据不足
5774,独头黑蒜,5,蔬菜类及其制品,,,,可能是原生食材，但频次、命名或类别证据不足
5778,拍碎,5,其他类,拍,,,形态描述存在，但原始食材无法确定
5781,鸡翅鸡,5,禽肉类及其制品,,,,可能是原生食材，但频次、命名或类别证据不足
5782,速溶椰子粉,5,水果类及其制品,,45克速溶椰子粉 || 速溶椰子粉,143921|167660,可能是原生食材，但频次、命名或类别证据不足
5783,哦猪肉,5,畜肉类及其制品,,,,可能是原生食材，但频次、命名或类别证据不足
5785,莲藕一节,5,薯类淀粉及其制品,,莲藕一节,144555|173284,可能是原生食材，但频次、命名或类别证据不足
5788,就行鸡蛋,5,禽肉类及其制品,,几个就行鸡蛋,195285,可能是原生食材，但频次、命名或类别证据不足
5790,水果果肉,5,畜肉类及其制品,,适量水果果肉,149047,可能是原生食材，但频次、命名或类别证据不足
5796,干碎辣椒,5,蔬菜类及其制品,,1/4个干碎辣椒,150868,可能是原生食材，但频次、命名或类别证据不足
5797,吧大蒜,5,蔬菜类及其制品,,三四个吧大蒜,151262,可能是原生食材，但频次、命名或类别证据不足
5798,大小红枣,5,坚果种子类,,,,可能是原生食材，但频次、命名或类别证据不足
5801,南瓜浓汤,5,蔬菜类及其制品,,#南瓜浓汤,152173|194029,可能是原生食材，但频次、命名或类别证据不足
5804,葱段香菜,5,蔬菜类及其制品,,,,可能是原生食材，但频次、命名或类别证据不足
5816,东北木耳,5,菌藻类,,16朵 约60克东北木耳,157530,可能是原生食材，但频次、命名或类别证据不足
5823,任何海鲜,5,鱼虾蟹贝类,,,,可能是原生食材，但频次、命名或类别证据不足
5824,带骨鸡肉,5,禽肉类及其制品,,几块带骨鸡肉 || 750克带骨鸡肉 || 带骨鸡肉,159452|161597|166734,可能是原生食材，但频次、命名或类别证据不足
5827,小蔬菜,5,蔬菜类及其制品,,,,可能是原生食材，但频次、命名或类别证据不足
5835,汁柠檬,5,水果类及其制品,,15ml的汁（1个柠檬皮）柠檬,165224,可能是原生食材，但频次、命名或类别证据不足
5843,小朵西兰花,5,蔬菜类及其制品,,,,可能是原生食材，但频次、命名或类别证据不足
5846,牛排一块,5,畜肉类及其制品,牛排一,190g牛排一块,189997,形态描述存在，但原始食材无法确定
5848,淡干海参,5,鱼虾蟹贝类,,3只淡干海参 || 若干只淡干海参 || 30只淡干海参,171541|177645|187510,可能是原生食材，但频次、命名或类别证据不足
5853,蛋配方,5,蛋类及其制品,,3蛋配方,172874,可能是原生食材，但频次、命名或类别证据不足
5856,肉鸡胸肉,5,禽肉类及其制品,,,,可能是原生食材，但频次、命名或类别证据不足
5858,西红柿炒鸡蛋,5,禽肉类及其制品,,西红柿炒鸡蛋,188416,可能是原生食材，但频次、命名或类别证据不足
5860,大小肉末,5,畜肉类及其制品,大小肉,,,形态描述存在，但原始食材无法确定
5866,抓莲子,5,坚果种子类,,一小抓莲子,196467,可能是原生食材，但频次、命名或类别证据不足
5871,植脂末,5,其他类,植脂,40g植脂末,183446,形态描述存在，但原始食材无法确定
5872,蛋类,5,蛋类及其制品,,25-50克蛋类,184071,可能是原生食材，但频次、命名或类别证据不足
5874,肉粉,5,畜肉类及其制品,,适量肉粉,184535,可能是原生食材，但频次、命名或类别证据不足
5875,小鲍鱼,5,鱼虾蟹贝类,,,,可能是原生食材，但频次、命名或类别证据不足
5876,凤梨酥馅,5,水果类及其制品,,9.5克凤梨酥馅,185406,可能是原生食材，但频次、命名或类别证据不足
5878,剩下蛋清,5,蛋类及其制品,,剩下的蛋清（刷派皮用）,185713,可能是原生食材，但频次、命名或类别证据不足
5879,剩余鸡蛋液,5,禽肉类及其制品,,,,可能是原生食材，但频次、命名或类别证据不足
5880,厚片,5,其他类,厚,,,形态描述存在，但原始食材无法确定
5882,柠檬角,5,水果类及其制品,,1块柠檬角,187586,可能是原生食材，但频次、命名或类别证据不足
5886,涂表面,5,谷类及其制品,,涂在表面，适量用料里余下的           鸡蛋液,189302,可能是原生食材，但频次、命名或类别证据不足
5888,稻花香大米,5,谷类及其制品,,1碗稻花香大米,190558,可能是原生食材，但频次、命名或类别证据不足
5889,剩胡萝卜,5,蔬菜类及其制品,,3根有剩胡萝卜,190608,可能是原生食材，但频次、命名或类别证据不足
5893,植物蛋白粉,5,蛋类及其制品,,,,可能是原生食材，但频次、命名或类别证据不足
5898,人吃大米,5,谷类及其制品,,,,可能是原生食材，但频次、命名或类别证据不足
5899,小鸡蛋鸡蛋,5,禽肉类及其制品,,,,可能是原生食材，但频次、命名或类别证据不足
5900,碎葱花,5,蔬菜类及其制品,,100克碎葱花,195900,可能是原生食材，但频次、命名或类别证据不足
5903,大蒜泥,5,蔬菜类及其制品,,,,可能是原生食材，但频次、命名或类别证据不足
5905,混合肉末,5,畜肉类及其制品,混合肉,,,形态描述存在，但原始食材无法确定
5907,雪花小麦粉,5,谷类及其制品,,,,可能是原生食材，但频次、命名或类别证据不足
5910,鸡鸡胸肉,5,禽肉类及其制品,,,,可能是原生食材，但频次、命名或类别证据不足
5912,碎片,5,其他类,碎,,,形态描述存在，但原始食材无法确定
5913,黄鳝鱼,5,鱼虾蟹贝类,,,,可能是原生食材，但频次、命名或类别证据不足
5914,绿豆汤,5,干豆类及其制品,,,,可能是原生食材，但频次、命名或类别证据不足
5918,人数定大米,5,谷类及其制品,,,,可能是原生食材，但频次、命名或类别证据不足
5925,海鲜汤,5,鱼虾蟹贝类,,,,可能是原生食材，但频次、命名或类别证据不足
5926,细丝胡萝卜,5,蔬菜类及其制品,,,,可能是原生食材，但频次、命名或类别证据不足
5927,来土豆,5,干豆类及其制品,,,,可能是原生食材，但频次、命名或类别证据不足
5928,碎银耳,5,菌藻类,,,,可能是原生食材，但频次、命名或类别证据不足
5929,黄红彩椒,5,蔬菜类及其制品,,,,可能是原生食材，但频次、命名或类别证据不足
5930,嫩芹菜叶,5,蔬菜类及其制品,,,,可能是原生食材，但频次、命名或类别证据不足
5937,黄瓜切丝,5,蔬菜类及其制品,黄瓜切,,,形态描述存在，但原始食材无法确定
5941,了黑芝麻,5,坚果种子类,,,,可能是原生食材，但频次、命名或类别证据不足
5945,吧鸡翅,5,禽肉类及其制品,,,,可能是原生食材，但频次、命名或类别证据不足
5948,碎蒜头,5,蔬菜类及其制品,,,,可能是原生食材，但频次、命名或类别证据不足
5950,子鸡蛋,5,禽肉类及其制品,,,,可能是原生食材，但频次、命名或类别证据不足
5952,洋葱土豆,5,干豆类及其制品,,,,可能是原生食材，但频次、命名或类别证据不足
5953,菇金针菇,5,菌藻类,,,,可能是原生食材，但频次、命名或类别证据不足
5955,你想吃菜,5,蔬菜类及其制品,,,,可能是原生食材，但频次、命名或类别证据不足
5956,凉虾粉,5,鱼虾蟹贝类,,,,可能是原生食材，但频次、命名或类别证据不足
5957,成蛋液鸡蛋,5,禽肉类及其制品,,,,可能是原生食材，但频次、命名或类别证据不足
5960,泡豆水,5,干豆类及其制品,,,,可能是原生食材，但频次、命名或类别证据不足
5961,叶芹菜叶,5,蔬菜类及其制品,,,,可能是原生食材，但频次、命名或类别证据不足
5962,什么鱼,5,鱼虾蟹贝类,,,,可能是原生食材，但频次、命名或类别证据不足
5963,无籽西瓜,5,水果类及其制品,,,,可能是原生食材，但频次、命名或类别证据不足
5972,绿小米椒,5,谷类及其制品,,,,可能是原生食材，但频次、命名或类别证据不足
5978,水柠檬,5,水果类及其制品,,,,可能是原生食材，但频次、命名或类别证据不足
5981,就行香菜,5,蔬菜类及其制品,,,,可能是原生食材，但频次、命名或类别证据不足
5983,番茄西红柿,5,蔬菜类及其制品,,,,可能是原生食材，但频次、命名或类别证据不足
5988,儿黄瓜,5,蔬菜类及其制品,,,,可能是原生食材，但频次、命名或类别证据不足
5991,打散鸡蛋,5,禽肉类及其制品,,,,可能是原生食材，但频次、命名或类别证据不足
5995,香菜蒜苗,5,蔬菜类及其制品,,,,可能是原生食材，但频次、命名或类别证据不足
5998,面佐料,5,谷类及其制品,,,,可能是原生食材，但频次、命名或类别证据不足
6000,鸡鸡腿,5,禽肉类及其制品,,,,可能是原生食材，但频次、命名或类别证据不足
6002,少葱花,5,蔬菜类及其制品,,,,可能是原生食材，但频次、命名或类别证据不足
6003,洋香菜,5,蔬菜类及其制品,,,,可能是原生食材，但频次、命名或类别证据不足
6004,抓大米,5,谷类及其制品,,,,可能是原生食材，但频次、命名或类别证据不足
6006,和香菜,5,蔬菜类及其制品,香菜,,,疑似多食材组合，但无法百分之百确认全部组成
6008,肉绒,5,畜肉类及其制品,,,,可能是原生食材，但频次、命名或类别证据不足
6010,胡萝卜切片,5,蔬菜类及其制品,胡萝卜切,,,形态描述存在，但原始食材无法确定
6016,老鸭汤炖料,5,禽肉类及其制品,,,,可能是原生食材，但频次、命名或类别证据不足
6017,小黄花鱼,5,鱼虾蟹贝类,,,,可能是原生食材，但频次、命名或类别证据不足
6018,面团低粉,5,谷类及其制品,,,,可能是原生食材，但频次、命名或类别证据不足
6020,刺少鱼,5,鱼虾蟹贝类,,,,可能是原生食材，但频次、命名或类别证据不足
6021,肉馅猪肉,5,畜肉类及其制品,,,,可能是原生食材，但频次、命名或类别证据不足
6022,上脑牛排,5,畜肉类及其制品,,,,可能是原生食材，但频次、命名或类别证据不足
6025,吧五花肉,5,畜肉类及其制品,,,,可能是原生食材，但频次、命名或类别证据不足
6027,胡萝卜芹菜,5,蔬菜类及其制品,,,,可能是原生食材，但频次、命名或类别证据不足
6031,泡开木耳,5,菌藻类,,,,可能是原生食材，但频次、命名或类别证据不足
6032,鱼调味包,5,鱼虾蟹贝类,,,,可能是原生食材，但频次、命名或类别证据不足
6033,菜油菜,5,蔬菜类及其制品,,,,可能是原生食材，但频次、命名或类别证据不足
6039,甜薯,5,薯类淀粉及其制品,,,,可能是原生食材，但频次、命名或类别证据不足
6041,定猪肉,5,畜肉类及其制品,,,,可能是原生食材，但频次、命名或类别证据不足
6042,姜汤,5,蔬菜类及其制品,,,,可能是原生食材，但频次、命名或类别证据不足
6044,食量五花肉,5,畜肉类及其制品,,,,可能是原生食材，但频次、命名或类别证据不足
6045,卤鸡蛋,5,禽肉类及其制品,,,,可能是原生食材，但频次、命名或类别证据不足
6051,红豆绿豆,5,干豆类及其制品,,,,可能是原生食材，但频次、命名或类别证据不足
6052,胡萝卜馅,5,蔬菜类及其制品,,,,可能是原生食材，但频次、命名或类别证据不足
6055,哈鸡蛋,5,禽肉类及其制品,,,,可能是原生食材，但频次、命名或类别证据不足
6057,红烧牛肉,5,畜肉类及其制品,,,,可能是原生食材，但频次、命名或类别证据不足
6059,洋葱香菜,5,蔬菜类及其制品,,,,可能是原生食材，但频次、命名或类别证据不足
6063,就行姜,5,蔬菜类及其制品,,,,可能是原生食材，但频次、命名或类别证据不足
6067,钵钵鸡料,5,禽肉类及其制品,,,,可能是原生食材，但频次、命名或类别证据不足
6068,炒菜料,5,蔬菜类及其制品,,,,可能是原生食材，但频次、命名或类别证据不足
6069,冷冻薯条,5,薯类淀粉及其制品,,,,可能是原生食材，但频次、命名或类别证据不足
6072,味薯片,5,薯类淀粉及其制品,味薯,,,形态描述存在，但原始食材无法确定
6075,算鸡蛋,5,禽肉类及其制品,,,,可能是原生食材，但频次、命名或类别证据不足
6076,定香菇,5,菌藻类,,,,可能是原生食材，但频次、命名或类别证据不足
6077,大小芒果,5,水果类及其制品,,,,可能是原生食材，但频次、命名或类别证据不足
6083,常温鸡蛋,5,禽肉类及其制品,,,,可能是原生食材，但频次、命名或类别证据不足
6084,颜色胡萝卜,5,蔬菜类及其制品,,,,可能是原生食材，但频次、命名或类别证据不足
6091,辣椒香菜,5,蔬菜类及其制品,,,,可能是原生食材，但频次、命名或类别证据不足
6092,层奥利奥碎,5,其他类,层奥利奥,,,形态描述存在，但原始食材无法确定
6093,全麦老面,5,谷类及其制品,,,,可能是原生食材，但频次、命名或类别证据不足
6094,材料鸡蛋,5,禽肉类及其制品,,,,可能是原生食材，但频次、命名或类别证据不足
6099,小扁豆,5,干豆类及其制品,,,,可能是原生食材，但频次、命名或类别证据不足
6101,洋葱青椒,5,蔬菜类及其制品,,,,可能是原生食材，但频次、命名或类别证据不足
6103,粉杏仁粉,5,水果类及其制品,,,,可能是原生食材，但频次、命名或类别证据不足
6105,坚果水果,5,坚果种子类,,,,可能是原生食材，但频次、命名或类别证据不足
6107,谷物脆片,5,其他类,谷物脆,,,形态描述存在，但原始食材无法确定
6108,多香菜,5,蔬菜类及其制品,,,,可能是原生食材，但频次、命名或类别证据不足
6109,油葱姜,5,蔬菜类及其制品,,,,可能是原生食材，但频次、命名或类别证据不足
6113,生菜生菜,5,蔬菜类及其制品,,,,可能是原生食材，但频次、命名或类别证据不足
6115,准备鸡蛋,5,禽肉类及其制品,,,,可能是原生食材，但频次、命名或类别证据不足
6118,柠檬味,5,水果类及其制品,,,,可能是原生食材，但频次、命名或类别证据不足
6121,吧玉米粒,5,谷类及其制品,,,,可能是原生食材，但频次、命名或类别证据不足
6125,一半南瓜,5,蔬菜类及其制品,,一半南瓜,24139|171870,可能是原生食材，但频次、命名或类别证据不足
6128,青红鲜辣椒,5,蔬菜类及其制品,,,,可能是原生食材，但频次、命名或类别证据不足
6129,红绿小辣椒,5,蔬菜类及其制品,,,,可能是原生食材，但频次、命名或类别证据不足
6137,火锅涮菜,5,蔬菜类及其制品,,,,可能是原生食材，但频次、命名或类别证据不足
6139,共彩椒,5,蔬菜类及其制品,,,,可能是原生食材，但频次、命名或类别证据不足
6143,桶大米,5,谷类及其制品,,,,可能是原生食材，但频次、命名或类别证据不足
6144,牛肉串,5,畜肉类及其制品,,,,可能是原生食材，但频次、命名或类别证据不足
6147,炖蛋,5,蛋类及其制品,,,,可能是原生食材，但频次、命名或类别证据不足
6148,瘦肉肉,5,畜肉类及其制品,,,,可能是原生食材，但频次、命名或类别证据不足
6153,红枣桂圆,5,坚果种子类,,,,可能是原生食材，但频次、命名或类别证据不足
6154,肉牛肉,5,畜肉类及其制品,,,,可能是原生食材，但频次、命名或类别证据不足
6159,蒜末香菜末,5,蔬菜类及其制品,蒜末香菜,,,形态描述存在，但原始食材无法确定
6161,面意面,5,谷类及其制品,,,,可能是原生食材，但频次、命名或类别证据不足
6164,就好猪肉,5,畜肉类及其制品,,,,可能是原生食材，但频次、命名或类别证据不足
6165,肉切小块,5,畜肉类及其制品,肉切小,,,形态描述存在，但原始食材无法确定
6167,肥瘦均匀猪肉,5,畜肉类及其制品,,,,可能是原生食材，但频次、命名或类别证据不足
6179,凉拌菜,5,蔬菜类及其制品,,,,可能是原生食材，但频次、命名或类别证据不足
6180,大葱叶,5,蔬菜类及其制品,,,,可能是原生食材，但频次、命名或类别证据不足
6182,豆鼓鲮鱼,5,鱼虾蟹贝类,,,,可能是原生食材，但频次、命名或类别证据不足
6193,肉三肥七瘦,5,畜肉类及其制品,,,,可能是原生食材，但频次、命名或类别证据不足
6196,蔬菜叶子,5,蔬菜类及其制品,,,,可能是原生食材，但频次、命名或类别证据不足
6197,小香蕉,5,水果类及其制品,,,,可能是原生食材，但频次、命名或类别证据不足
6198,面团-鸡蛋,5,禽肉类及其制品,,,,可能是原生食材，但频次、命名或类别证据不足
6201,椒朝天椒,5,蔬菜类及其制品,,,,可能是原生食材，但频次、命名或类别证据不足
6202,小西葫芦,5,蔬菜类及其制品,,,,可能是原生食材，但频次、命名或类别证据不足
6203,多少海带丝,5,鱼虾蟹贝类,多少海带,,,形态描述存在，但原始食材无法确定
6205,撕碎,5,其他类,撕,,,形态描述存在，但原始食材无法确定
6207,细姜丝,5,蔬菜类及其制品,细姜,,,形态描述存在，但原始食材无法确定
6209,你想吃蔬菜,5,蔬菜类及其制品,,,,可能是原生食材，但频次、命名或类别证据不足
6210,入蛋黄糊,5,蛋类及其制品,,,,可能是原生食材，但频次、命名或类别证据不足
6214,木耳胡萝卜,5,菌藻类,,,,可能是原生食材，但频次、命名或类别证据不足
6216,吧蔬菜,5,蔬菜类及其制品,,,,可能是原生食材，但频次、命名或类别证据不足
6220,老鸭,5,禽肉类及其制品,,半只老鸭 || 500克老鸭 || 一只老鸭,1619|2330|2656|11380|12080,可能是原生食材，但频次、命名或类别证据不足
6222,腌黄瓜,5,蔬菜类及其制品,,腌黄瓜 || 腌黄瓜1小根（可用榨菜或者爽口萝卜干替代） || 1条腌黄瓜,2686|40598|76479,可能是原生食材，但频次、命名或类别证据不足
6224,嫩芹菜,5,蔬菜类及其制品,,300克嫩芹菜 || 3根嫩芹菜 || 1-2根嫩芹菜,3266|30458|88486,可能是原生食材，但频次、命名或类别证据不足
6226,鲜橙,5,水果类及其制品,,一个鲜橙 || 1个鲜橙 || 半个鲜橙,3864|38590|44184,可能是原生食材，但频次、命名或类别证据不足
6229,棵生菜,5,蔬菜类及其制品,,2小棵生菜 || 1小棵生菜 || 1大棵生菜,7629|29973|63598,可能是原生食材，但频次、命名或类别证据不足
6230,水波蛋,5,蛋类及其制品,,2个水波蛋 || 1个水波蛋 || 一只水波蛋,8511|47996|78642,可能是原生食材，但频次、命名或类别证据不足
6231,碎核桃,5,水果类及其制品,,30g碎核桃 || 1个烤熟碎核桃 || 适量碎核桃,10494|19974|59922,可能是原生食材，但频次、命名或类别证据不足
6233,主面,5,谷类及其制品,,主面 || #主面# || ——＊主面＊——,11734|12714|16864|26252|40864|62908|71986|97046|101030|117847,可能是原生食材，但频次、命名或类别证据不足
6236,麦丽素,5,谷类及其制品,,10粒麦丽素 || 适量麦丽素 || 少许麦丽素,13538|57467|57892,可能是原生食材，但频次、命名或类别证据不足
6237,若羌红枣,5,坚果种子类,,3颗若羌红枣 || 200－250g若羌红枣 || 500克若羌红枣,13646|40086|41417,可能是原生食材，但频次、命名或类别证据不足
6240,北极贝,5,鱼虾蟹贝类,,北极贝 || 4只北极贝 || 10只北极贝,17114|17971|25299,可能是原生食材，但频次、命名或类别证据不足
6244,水梨,5,水果类及其制品,,2个水梨 || 1个水梨 || 100g水梨 (冷冻),24841|69307|83516|117964,可能是原生食材，但频次、命名或类别证据不足
6246,姜饼,5,蔬菜类及其制品,,姜饼 || 适量（一）姜饼,31918|49010|127559,可能是原生食材，但频次、命名或类别证据不足
6247,拌面,5,谷类及其制品,,拌面 || #拌面 || 拌面，方法如下辣子豆芽腐竹,40118|124605|145147|173860,可能是原生食材，但频次、命名或类别证据不足
6248,半肥瘦肉,5,畜肉类及其制品,,400克半肥瘦肉 || 一小块半肥瘦肉 || 2斤半肥瘦肉,40220|113177|139741,可能是原生食材，但频次、命名或类别证据不足
6249,绿葡萄,5,水果类及其制品,,8颗绿葡萄,42722,可能是原生食材，但频次、命名或类别证据不足
6253,菠萝蜜籽,5,水果类及其制品,,多个菠萝蜜籽 || 随意菠萝蜜籽,49892|51827,可能是原生食材，但频次、命名或类别证据不足
6260,杏仁霜,5,水果类及其制品,,3g杏仁霜 || 70克杏仁霜 || 75克杏仁霜,100399|119502|151721,可能是原生食材，但频次、命名或类别证据不足
6261,鸡蛋全蛋,5,禽肉类及其制品,,2个7.鸡蛋全蛋 || 个鸡蛋全蛋                 2 || 1个鸡蛋全蛋,43863|100439|112871,可能是原生食材，但频次、命名或类别证据不足
6263,小米红椒,5,谷类及其制品,,,,可能是原生食材，但频次、命名或类别证据不足
6266,肉蛋,5,畜肉类及其制品,,肉蛋,123715,可能是原生食材，但频次、命名或类别证据不足
6271,干马齿苋,5,蔬菜类及其制品,,干马齿苋,165825|168968,可能是原生食材，但频次、命名或类别证据不足
6272,面糊料,5,谷类及其制品,,面糊用料 || #面糊用料,162551|176369,可能是原生食材，但频次、命名或类别证据不足
6280,克面,5,谷类及其制品,,,,可能是原生食材，但频次、命名或类别证据不足
6285,木鱼精,5,鱼虾蟹贝类,,少许木鱼精 || 1大匙木鱼精 || 2大匙木鱼精,19106|20077|29528,可能是原生食材，但频次、命名或类别证据不足
6290,姜.蒜,5,蔬菜类及其制品,,适量姜.蒜,10937|86236|137716|185424,可能是原生食材，但频次、命名或类别证据不足
6291,扯面,5,谷类及其制品,,一份扯面 || 扯面,101851|141206,可能是原生食材，但频次、命名或类别证据不足
6294,油饼,4,谷类及其制品,,200克油饼 || 3张油饼 || 适量小油饼,58|110487|192313,可能是原生食材，但频次、命名或类别证据不足
6296,蒜泥蒜,4,蔬菜类及其制品,,蒜泥一瓣蒜 || 1瓣，撮蒜泥蒜 || 适量蒜泥蒜,64|32215|81155,可能是原生食材，但频次、命名或类别证据不足
6297,米飯,4,谷类及其制品,,一小碗米飯 || 一人份米飯 || 米飯,67|91557|108992,可能是原生食材，但频次、命名或类别证据不足
6298,羊骨,4,畜肉类及其制品,,500克羊骨 || 6000克羊骨 || 800克羊骨,121|79290|105331|113045,可能是原生食材，但频次、命名或类别证据不足
6300,葱花小葱,4,蔬菜类及其制品,,葱花适量小葱 || 葱花若干小葱,212|139384,可能是原生食材，但频次、命名或类别证据不足
6301,大芒果芒果,4,水果类及其制品,,,,可能是原生食材，但频次、命名或类别证据不足
6303,木鱼素,4,鱼虾蟹贝类,,1小勺木鱼素（味精） || 适量木鱼素 || 10克木鱼素,232|28481|57839,可能是原生食材，但频次、命名或类别证据不足
6304,牛小排,4,畜肉类及其制品,,200g牛小排 || 牛小排 || 100克牛小排,249|17302|28416|30374,可能是原生食材，但频次、命名或类别证据不足
6307,葱末姜末,4,蔬菜类及其制品,葱末姜,适量葱末姜末 || 少许葱末姜末 || 适量葱末 姜末,381|11464|23651|26136|30218|41171|50466|50834,形态描述存在，但原始食材无法确定
6309,少量洋葱,4,蔬菜类及其制品,,少量洋葱 || 少量（可不放）洋葱 || 少量（可以铺满锅底即可）洋葱,412|19687|21806|25374|36071|39271|47013|53637|55532|68842|69518,可能是原生食材，但频次、命名或类别证据不足
6313,金昌鱼,4,鱼虾蟹贝类,,1条(270克)金昌鱼 || 一条金昌鱼 || 1条金昌鱼,509|11480|29369,可能是原生食材，但频次、命名或类别证据不足
6314,葱切段,4,蔬菜类及其制品,葱切,葱切段，姜切片，适量葱、姜、蒜、干辣椒 || 3-5根小葱切段 || 一根葱切段,515|49729|51522,形态描述存在，但原始食材无法确定
6316,白灵菇,4,菌藻类,,白灵菇 || 5小片白灵菇 || 两个白灵菇,560|712|18552|30378,可能是原生食材，但频次、命名或类别证据不足
6318,一圈南瓜,4,蔬菜类及其制品,,一圈南瓜,617|32347|164002,可能是原生食材，但频次、命名或类别证据不足
6320,青菜类,4,蔬菜类及其制品,,1把青菜类,668,可能是原生食材，但频次、命名或类别证据不足
6325,高粱,4,谷类及其制品,,20g高粱 || 50g高粱 || 16斤高粱,804|16070|19005,可能是原生食材，但频次、命名或类别证据不足
6326,鸡蛋加水,4,禽肉类及其制品,,165克(根据面粉吸水性酌情增减)一个鸡蛋加水 || 185克鸡蛋加水 || 85-95克鸡蛋加水,823|44692|58087,可能是原生食材，但频次、命名或类别证据不足
6327,老椰子,4,水果类及其制品,,1个老椰子 || 老椰子1个 || 2老椰子,851|23091|29296|55106|69235|76473,可能是原生食材，但频次、命名或类别证据不足
6330,莴笋尖,4,蔬菜类及其制品,,2根莴笋尖 || 适量莴笋尖 || 4颗莴笋尖,990|17567|64989|80647,可能是原生食材，但频次、命名或类别证据不足
6331,拉丝麻薯,4,薯类淀粉及其制品,,拉丝麻薯 || #拉丝麻薯,1010|162932,可能是原生食材，但频次、命名或类别证据不足
6332,海带根,4,鱼虾蟹贝类,,2片海带根 || 海带根 || 5斤海带根,1047|20259|114885,可能是原生食材，但频次、命名或类别证据不足
6337,糯米团,4,谷类及其制品,,,,可能是原生食材，但频次、命名或类别证据不足
6338,葱蒜小米椒,4,谷类及其制品,,葱蒜小米椒,1165|156437,可能是原生食材，但频次、命名或类别证据不足
6340,鸡骨草,4,禽肉类及其制品,,20克鸡骨草 || 100克鸡骨草 || 30克鸡骨草,1271|41201|50435,可能是原生食材，但频次、命名或类别证据不足
6342,桑葚干,4,水果类及其制品,,3g 桑葚干 || 6g桑葚干 || 10个桑葚干,1295|47775|49521,可能是原生食材，但频次、命名或类别证据不足
6343,黑豆粉,4,干豆类及其制品,,克黑豆粉1大把 || 适量黑豆粉 || 60克黑豆粉,1412|32646|92968,可能是原生食材，但频次、命名或类别证据不足
6345,李锦记卤水,4,水果类及其制品,,李锦记卤水,1423,可能是原生食材，但频次、命名或类别证据不足
6347,骨肉,4,畜肉类及其制品,,500g排骨肉 || 大骨肉 || 适量排骨肉（较嫩）,1445|45277|168521,可能是原生食材，但频次、命名或类别证据不足
6348,黄金百香果,4,水果类及其制品,,2个黄金百香果 || 1个黄金百香果 || 3～4个黄金百香果,1454|10176|84462|89781,可能是原生食材，但频次、命名或类别证据不足
6351,挤汁柠檬,4,水果类及其制品,,1/4个挤汁柠檬 || 半个挤汁柠檬 || 半颗挤汁柠檬,8265|30544|89034,可能是原生食材，但频次、命名或类别证据不足
6354,平叶欧芹,4,蔬菜类及其制品,,3克 平叶欧芹 || 少许平叶欧芹 || 1把平叶欧芹(切细碎),12899|105655|150086,可能是原生食材，但频次、命名或类别证据不足
6355,鸡胸肉一块,4,禽肉类及其制品,鸡胸肉一,半斤鸡胸肉一块 || 约400g鸡胸肉一块,1788|134891,形态描述存在，但原始食材无法确定
6358,一圈洋葱,4,蔬菜类及其制品,,一圈洋葱,1828|89991|181809,可能是原生食材，但频次、命名或类别证据不足
6361,青红菜椒,4,蔬菜类及其制品,,一点点青红菜椒 || 切丝适量青红菜椒,1909|41731,可能是原生食材，但频次、命名或类别证据不足
6362,青橘,4,水果类及其制品,,1个青橘 || 1个小青橘 || 2个小青橘,1911|7719|32112,可能是原生食材，但频次、命名或类别证据不足
6363,羊后腿肉,4,禽肉类及其制品,,400克羊后腿肉 || 500克羊后腿肉 || 80g羊后腿肉,2038|23059|24207,可能是原生食材，但频次、命名或类别证据不足
6368,大料瓣,4,其他类,大料,,,形态描述存在，但原始食材无法确定
6371,红青椒,4,蔬菜类及其制品,,大红青椒 || 1个红青椒 || 红青椒,2228|29764|30264,可能是原生食材，但频次、命名或类别证据不足
6372,火锅猪肉片,4,畜肉类及其制品,火锅猪肉,1盒，约400克火锅猪肉片 || 300g火锅用猪肉片,2333|115800,形态描述存在，但原始食材无法确定
6378,牛板筋,4,畜肉类及其制品,,一大条牛板筋(新鲜) || 克牛板筋500 || 100克牛板筋,2531|6282|13583,可能是原生食材，但频次、命名或类别证据不足
6379,娃娃菜心,4,蔬菜类及其制品,,一棵娃娃菜心,2553,可能是原生食材，但频次、命名或类别证据不足
6381,玉米棒,4,谷类及其制品,,玉米棒 || 1根玉米棒 || 2根玉米棒,15739|49408|50987,可能是原生食材，但频次、命名或类别证据不足
6387,综合果仁,4,坚果种子类,,390g综合果仁 || 1袋综合果仁 || 150克综合果仁,2891|40785|189355,可能是原生食材，但频次、命名或类别证据不足
6390,蛋黄溶豆,4,蛋类及其制品,,1包蛋黄溶豆 || #蛋黄溶豆 || 蛋黄溶豆,2980|80152|85887,可能是原生食材，但频次、命名或类别证据不足
6399,长豆,4,干豆类及其制品,,5条长豆 || 长豆 || 适量长豆,3210|20576|54344,可能是原生食材，但频次、命名或类别证据不足
6400,田鸡,4,禽肉类及其制品,,3只田鸡 || 五斤田鸡 || 500g（约3只）田鸡,3230|3669|15998,可能是原生食材，但频次、命名或类别证据不足
6401,芥菜疙瘩,4,蔬菜类及其制品,,芥菜疙瘩 || 1个芥菜疙瘩 || 一块芥菜疙瘩,3249|10823|35133,可能是原生食材，但频次、命名或类别证据不足
6402,少量白芝麻,4,坚果种子类,,少量白芝麻 || 少量（最后烤饼用，可不加）白芝麻 || 少量（表面装饰）白芝麻,3278|7493|8925|9186|11705|12283|19789|19809|24889|26170|26629|31731|45552|48673|49802|61434|62468|70196|76457|79354|79361,可能是原生食材，但频次、命名或类别证据不足
6404,黄米面,4,谷类及其制品,,1000g黄米面 || 适量黄米面 || 500克黄米面,3322|8596|9463,可能是原生食材，但频次、命名或类别证据不足
6408,樱花虾,4,鱼虾蟹贝类,,2大匙樱花虾 || 80g樱花虾 || 一大匙樱花虾,3522|105836|148645,可能是原生食材，但频次、命名或类别证据不足
6410,意大利综合香草,4,蔬菜类及其制品,,意大利综合香草 || 少许意大利综合香草 || 1/2小勺意大利综合香草,3578|27086|34593|114999,可能是原生食材，但频次、命名或类别证据不足
6411,莴笋叶子,4,蔬菜类及其制品,,莴笋叶子,3587|49231|88914|133568,可能是原生食材，但频次、命名或类别证据不足
6412,普罗旺斯香草,4,蔬菜类及其制品,,适量普罗旺斯香草 || 少许普罗旺斯香草 || 少许研磨普罗旺斯香草,3596|38477|39079|89132,可能是原生食材，但频次、命名或类别证据不足
6415,生核桃,4,水果类及其制品,,若干生核桃 || 50克生核桃 || 35克生核桃,3760|14826|34078,可能是原生食材，但频次、命名或类别证据不足
6416,干紫菜,4,鱼虾蟹贝类,,适量干紫菜（剪碎） || 随意干紫菜 || 1张干紫菜,3778|66331|84746,可能是原生食材，但频次、命名或类别证据不足
6417,中号鸡蛋,4,禽肉类及其制品,,1只中号鸡蛋 || 1个中号鸡蛋 || 2个中号鸡蛋,3821|9600|11747|13564,可能是原生食材，但频次、命名或类别证据不足
6418,意大利芹,4,蔬菜类及其制品,,适量意大利芹 || 一小把意大利芹 || 100g意大利芹,3872|38477|149471,可能是原生食材，但频次、命名或类别证据不足
6419,青菜心,4,蔬菜类及其制品,,青菜心 || 125克青菜心 || 一把青菜心,3884|16745|20217,可能是原生食材，但频次、命名或类别证据不足
6420,魔鬼辣椒,4,蔬菜类及其制品,,1/3个魔鬼辣椒,3906,可能是原生食材，但频次、命名或类别证据不足
6422,果肉柚子,4,水果类及其制品,,,,可能是原生食材，但频次、命名或类别证据不足
6423,白圆葱,4,蔬菜类及其制品,,1/4个白圆葱 || 适量白圆葱 || 白圆葱,3962|18411|25276,可能是原生食材，但频次、命名或类别证据不足
6424,表面,4,谷类及其制品,,表面 || #表面 || 表面用,3988|19618|25182|29623,可能是原生食材，但频次、命名或类别证据不足
6426,乌东面,4,谷类及其制品,,乌东面 || 半包乌东面 || 2袋乌东面,4022|26284|56920|132044|139230,可能是原生食材，但频次、命名或类别证据不足
6428,瓜类,4,蔬菜类及其制品,,,,可能是原生食材，但频次、命名或类别证据不足
6434,甲鱼,4,鱼虾蟹贝类,,1只甲鱼 || 一斤甲鱼 || 750克甲鱼,4293|11746|13484|38183|43557|45693,可能是原生食材，但频次、命名或类别证据不足
6438,鸡骨汤,4,禽肉类及其制品,,200ml鸡骨汤 || 鸡骨汤（两人份）,4635|123167,可能是原生食材，但频次、命名或类别证据不足
6440,几块冰块,4,其他类,几块冰,几块冰块,65425,形态描述存在，但原始食材无法确定
6441,姜蒜切片,4,蔬菜类及其制品,姜蒜切,适量姜蒜切片,4835,形态描述存在，但原始食材无法确定
6442,紫葱头,4,蔬菜类及其制品,,适量紫葱头 || 50克紫葱头 || 20g紫葱头,4860|90834|137500,可能是原生食材，但频次、命名或类别证据不足
6443,一节胡萝卜,4,蔬菜类及其制品,,一节胡萝卜,4902|16643,可能是原生食材，但频次、命名或类别证据不足
6444,海藻,4,菌藻类,,海藻 || 适量海藻 || 海藻（或裙带菜）,4905|50732|83983|120256|149074,可能是原生食材，但频次、命名或类别证据不足
6447,牛扒,4,畜肉类及其制品,,1块牛扒 || 1块，200g牛扒 || 130克牛扒,4966|16752|19869,可能是原生食材，但频次、命名或类别证据不足
6449,黑木耳丝,4,菌藻类,黑木耳,黑木耳丝 || 适量黑木耳丝,23686|57967|133648|187390,形态描述存在，但原始食材无法确定
6458,红绿尖椒,4,蔬菜类及其制品,,少许（依照个人口味 不喜欢辣的可以不用)红绿尖椒 || 若干红绿尖椒 || 红绿尖椒,5271|18400|54517,可能是原生食材，但频次、命名或类别证据不足
6459,南瓜羹,4,蔬菜类及其制品,,,,可能是原生食材，但频次、命名或类别证据不足
6460,红辣椒切段,4,蔬菜类及其制品,红辣椒切,适量红辣椒切段,5309,形态描述存在，但原始食材无法确定
6464,海带芽,4,鱼虾蟹贝类,,适量海带芽 || 15克海带芽 || 200克海带芽,5416|19546|35150,可能是原生食材，但频次、命名或类别证据不足
6470,南国椰子粉,4,水果类及其制品,,1袋南国椰子粉 || 一袋南国椰子粉 || 1袋约16g南国椰子粉,5628|11233|19026,可能是原生食材，但频次、命名或类别证据不足
6472,花蛤干,4,鱼虾蟹贝类,,一把花蛤干,5632|44271,可能是原生食材，但频次、命名或类别证据不足
6473,芹菜叶子,4,蔬菜类及其制品,,2片芹菜叶子 || 芹菜叶子 || 适量芹菜叶子,10775|100684|101895,可能是原生食材，但频次、命名或类别证据不足
6475,地鱼粉,4,鱼虾蟹贝类,,适量大地鱼粉 || 1茶匙大地鱼粉 || 1汤匙大地鱼粉,5657|57213|136934,可能是原生食材，但频次、命名或类别证据不足
6476,短葱,4,蔬菜类及其制品,,2短葱 || 1短葱,5686|72004,可能是原生食材，但频次、命名或类别证据不足
6478,鸿禧菇,4,菌藻类,,30g鸿禧菇 || 适量鸿禧菇,5719|90605,可能是原生食材，但频次、命名或类别证据不足
6480,五香肉丁,4,畜肉类及其制品,五香肉,4块五香肉丁（来自罐头） || 一罐五香肉丁,5836|73240,形态描述存在，但原始食材无法确定
6482,第二遍淘米水,4,谷类及其制品,,1200ml第二遍的淘米水,5843,可能是原生食材，但频次、命名或类别证据不足
6483,皇帝菜,4,蔬菜类及其制品,,适量皇帝菜 || 半斤皇帝菜 || 1斤皇帝菜（长茼蒿）,5843|32898|46426,可能是原生食材，但频次、命名或类别证据不足
6484,猪夹心肉,4,畜肉类及其制品,,250克猪夹心肉 || 200g猪夹心肉 || 500克猪夹心肉,17772|30751|36567,可能是原生食材，但频次、命名或类别证据不足
6486,青红黄彩椒,4,蔬菜类及其制品,,青红黄彩椒 || 适量青红黄彩椒,7220|10482|64751,可能是原生食材，但频次、命名或类别证据不足
6487,白玉木耳,4,菌藻类,,,,可能是原生食材，但频次、命名或类别证据不足
6489,葱&香菜,4,蔬菜类及其制品,葱|香菜,适量（可多放一点）小葱&香菜,6051,分隔符明确连接多个独立基础食材；克数无法可靠分摊
6490,圆包菜,4,蔬菜类及其制品,,半个圆包菜 || 150g圆包菜 || 适量圆包菜,6067|37010|54791,可能是原生食材，但频次、命名或类别证据不足
6494,莲菜,4,蔬菜类及其制品,,10片莲菜 || 莲菜 || 1莲菜,6141|7560|15736,可能是原生食材，但频次、命名或类别证据不足
6503,菜头,4,蔬菜类及其制品,,200克菜头 || 1个菜头 || 一袋菜头,6338|55985|73076,可能是原生食材，但频次、命名或类别证据不足
6506,心里美萝卜,4,蔬菜类及其制品,,1根心里美萝卜 || 半个心里美萝卜 || 6个心里美萝卜,6469|13706|19958,可能是原生食材，但频次、命名或类别证据不足
6507,彩色甜椒,4,蔬菜类及其制品,,5个彩色甜椒 || 一个彩色甜椒,6474|94683,可能是原生食材，但频次、命名或类别证据不足
6511,干香菜,4,蔬菜类及其制品,,2干香菜 || 1干香菜 || 干香菜,6591|7012|17680|22236,可能是原生食材，但频次、命名或类别证据不足
6512,温泉蛋,4,蛋类及其制品,,1个温泉蛋 || 一个温泉蛋 || 2个温泉蛋,6605|51202|62099|81397,可能是原生食材，但频次、命名或类别证据不足
6513,头虾,4,鱼虾蟹贝类,,大头虾 || 一斤大头虾 || 10-15只（我们两个人吃，感觉10条差不多了，因为挺大的）大头虾,6666|10550|16306,可能是原生食材，但频次、命名或类别证据不足
6514,黑樱桃,4,水果类及其制品,,100克黑樱桃 || 适量黑樱桃（车厘子） || 适量黑樱桃,6710|14214|59016,可能是原生食材，但频次、命名或类别证据不足
6518,蒜苗叶,4,蔬菜类及其制品,,1小把蒜苗叶 || 适量蒜苗叶 || 蒜苗叶,6960|112810|118283,可能是原生食材，但频次、命名或类别证据不足
6519,二荆条青椒,4,蔬菜类及其制品,,2个二荆条青椒 || 1根二荆条青椒 || 10个二荆条青椒,7011|39373|45921,可能是原生食材，但频次、命名或类别证据不足
6520,南瓜仁,4,坚果种子类,,40克南瓜仁 || 100克南瓜仁，核桃等 || 90克南瓜仁,7015|16169|152714,可能是原生食材，但频次、命名或类别证据不足
6521,贝壳意面,4,鱼虾蟹贝类,,1份贝壳意面 || 60克贝壳意面 || 一包约200g贝壳意面,31297|76012|187882,可能是原生食材，但频次、命名或类别证据不足
6522,三文鱼中段,4,鱼虾蟹贝类,三文鱼中,三文鱼中段 || 1块三文鱼中段,144666|144947,形态描述存在，但原始食材无法确定
6523,各洋葱,4,蔬菜类及其制品,,各25克洋葱，芹菜 || 各半个洋葱，大红椒，大青椒 || 各半个洋葱,7128|24285|121644,可能是原生食材，但频次、命名或类别证据不足
6524,一支胡萝卜,4,蔬菜类及其制品,,一支胡萝卜,7150,可能是原生食材，但频次、命名或类别证据不足
6525,红杉鱼,4,鱼虾蟹贝类,,1条红杉鱼 || 5条红杉鱼(小) || 3条（中等大小）红杉鱼,32708|46743|49516,可能是原生食材，但频次、命名或类别证据不足
6526,乌米,4,谷类及其制品,,200克乌米 || 乌米一斤 || 120～150克乌米,7164|41507|78356,可能是原生食材，但频次、命名或类别证据不足
6528,水果坚果,4,坚果种子类,,随意水果坚果 || 适量水果坚果,107653|163062,可能是原生食材，但频次、命名或类别证据不足
6529,鲜切面,4,谷类及其制品,,250克鲜切面 || 两人份鲜切面 || 500g鲜切面,7248|29580|55960,可能是原生食材，但频次、命名或类别证据不足
6530,卜卜米,4,谷类及其制品,,170克卜卜米,7286,可能是原生食材，但频次、命名或类别证据不足
6536,厚片姜,4,蔬菜类及其制品,,3厚片姜 || 厚片3片姜 || 2厚片姜,7572|13525|58032|67173,可能是原生食材，但频次、命名或类别证据不足
6537,子白芝麻,4,坚果种子类,,,,可能是原生食材，但频次、命名或类别证据不足
6538,牛五花,4,畜肉类及其制品,,250g牛五花 || 300克牛五花 || 500g牛五花（带白色筋），牛排肉,7629|103873|157405,可能是原生食材，但频次、命名或类别证据不足
6539,猪颈骨,4,畜肉类及其制品,,500克猪颈骨 || 1000克猪颈骨 || 500g猪颈骨,7681|19585|41872|67927,可能是原生食材，但频次、命名或类别证据不足
6540,鱼饺,4,鱼虾蟹贝类,,鱼饺（可要可不要） || 适量鱼饺,7723|116883|119734,可能是原生食材，但频次、命名或类别证据不足
6541,玉兰片,4,蔬菜类及其制品,玉兰,玉兰片 || 5克玉兰片 || 150克玉兰片,7734|38337|45877,形态描述存在，但原始食材无法确定
6542,螺丝意粉,4,鱼虾蟹贝类,,100克螺丝意粉 || 适量螺丝意粉 || 半碗（随意）螺丝意粉,7802|10237|165212|196787,可能是原生食材，但频次、命名或类别证据不足
6544,白条鸡,4,禽肉类及其制品,,2只白条鸡 || 1只白条鸡 || 一只白条鸡,7867|20875|50122,可能是原生食材，但频次、命名或类别证据不足
6546,指尖椒,4,蔬菜类及其制品,,指尖椒,7873|174320,可能是原生食材，但频次、命名或类别证据不足
6547,海带头,4,鱼虾蟹贝类,,海带头 || 1棵海带头 || 一张海带头,7884|20969|85795,可能是原生食材，但频次、命名或类别证据不足
6549,瘦猪肉糜,4,畜肉类及其制品,,70g瘦猪肉糜,7927,可能是原生食材，但频次、命名或类别证据不足
6550,北杏,4,水果类及其制品,,15克北杏 || 适量北杏 || 北杏,8021|25439|25877|35397,可能是原生食材，但频次、命名或类别证据不足
6551,南杏,4,水果类及其制品,,45克南杏 || 10克南杏 || 一小把南杏（甜杏）,8021|11435|14470,可能是原生食材，但频次、命名或类别证据不足
6554,刀切面,4,谷类及其制品,,适量刀切面 || 刀切面,8198|93220|145040,可能是原生食材，但频次、命名或类别证据不足
6555,五谷米,4,谷类及其制品,,,,可能是原生食材，但频次、命名或类别证据不足
6557,胡萝卜木耳,4,菌藻类,,,,可能是原生食材，但频次、命名或类别证据不足
6558,棵花菜,4,蔬菜类及其制品,,一小棵花菜,8380,可能是原生食材，但频次、命名或类别证据不足
6559,坨姜,4,蔬菜类及其制品,,1大坨姜 || 一小坨姜 || 一大坨姜,8493|12709|28860,可能是原生食材，但频次、命名或类别证据不足
6567,茄汁焗豆,4,干豆类及其制品,,1小碗茄汁焗豆,8785,可能是原生食材，但频次、命名或类别证据不足
6569,普通挂面,4,谷类及其制品,,35g普通挂面（没买到意面） || 大概半捆（三人份量）普通挂面,8799|30551,可能是原生食材，但频次、命名或类别证据不足
6570,牛排菇,4,畜肉类及其制品,,3个牛排菇 || 2个牛排菇 || 半只牛排菇,8823|10673|50877,可能是原生食材，但频次、命名或类别证据不足
6574,节胡萝卜,4,蔬菜类及其制品,,一小节胡萝卜 || 1小节胡萝卜 || 1节胡萝卜,9038|30555|44125|46296|59543|68905|84596|96479|99244|109935,可能是原生食材，但频次、命名或类别证据不足
6577,干小米椒,4,谷类及其制品,,25克干小米椒 || 2干小米椒 || 5干小米椒,9174|23994|42148,可能是原生食材，但频次、命名或类别证据不足
6578,豆片,4,干豆类及其制品,豆,适量豆片 || 一片豆片 || 40克豆片,9182|80462|88022|92424,形态描述存在，但原始食材无法确定
6581,速食麦片,4,谷类及其制品,速食麦,两小把速食麦片 || 30克速食麦片 || 少许克速食麦片,9211|55801|102304,形态描述存在，但原始食材无法确定
6582,猪小里脊,4,畜肉类及其制品,,1条猪小里脊 || 1条（500g）猪小里脊 || 350g猪小里脊,9234|23489|28721,可能是原生食材，但频次、命名或类别证据不足
6587,炒菜,4,蔬菜类及其制品,,#炒菜用 || 炒菜,9584|189388,可能是原生食材，但频次、命名或类别证据不足
6589,辣尖椒,4,蔬菜类及其制品,,2个辣尖椒 || 3个辣尖椒 || 5个辣尖椒（小）,9726|20761|59699,可能是原生食材，但频次、命名或类别证据不足
6590,葱节,4,蔬菜类及其制品,,8克小葱节 || 50克葱节 || 多一点大葱节,9781|23725|65609,可能是原生食材，但频次、命名或类别证据不足
6593,天使意面,4,谷类及其制品,,1把（喜欢配菜多一点，面只用40-45克）天使意面 || 100克天使意面,9890|113592,可能是原生食材，但频次、命名或类别证据不足
6594,姜片大蒜,4,蔬菜类及其制品,,姜片大蒜 || 少许姜片大蒜,9960|142080,可能是原生食材，但频次、命名或类别证据不足
6597,香葱葱,4,蔬菜类及其制品,,2个香葱葱 || 香葱半小根葱 || 小香葱葱,41831|53540|106243,可能是原生食材，但频次、命名或类别证据不足
6598,紅豆,4,干豆类及其制品,,100g紅豆 || 克紅豆 || 紅豆,10000|29067|99642,可能是原生食材，但频次、命名或类别证据不足
6602,火鸡,4,禽肉类及其制品,,一只火鸡 || 1只火鸡 || 1只 火鸡,10212|15628|19302,可能是原生食材，但频次、命名或类别证据不足
6603,樱桃西红柿,4,水果类及其制品,,3颗樱桃西红柿 || 樱桃西红柿 || 十几个樱桃西红柿,10322|53697|55933,可能是原生食材，但频次、命名或类别证据不足
6605,姜茸,4,蔬菜类及其制品,,1小匙姜茸 || 姜茸 || 2茶匙姜茸,10345|14746|15413,可能是原生食材，但频次、命名或类别证据不足
6606,蒜末葱花,4,蔬菜类及其制品,,一点蒜末葱花 || 适量蒜末葱花 || 若干蒜末葱花,10390|60584|74833,可能是原生食材，但频次、命名或类别证据不足
6608,菜叶子,4,蔬菜类及其制品,,菜叶子（垫锅） || 适量菜叶子 || 适量包菜叶子,10431|22183|142648,可能是原生食材，但频次、命名或类别证据不足
6609,刨丝胡萝卜,4,蔬菜类及其制品,,一根 刨丝胡萝卜 || 半根刨丝胡萝卜,10437|174652,可能是原生食材，但频次、命名或类别证据不足
6610,精五花肉,4,畜肉类及其制品,,半斤左右精五花肉 || 适量精五花肉 || 500克精五花肉,10482|11591|136063,可能是原生食材，但频次、命名或类别证据不足
6611,麦若叶粉,4,谷类及其制品,,5克大麦若叶粉 || 8g大麦若叶粉 || 10克大麦若叶粉,10618|25488|33479,可能是原生食材，但频次、命名或类别证据不足
6612,板栗红薯,4,坚果种子类,,150克板栗红薯,15237,可能是原生食材，但频次、命名或类别证据不足
6614,任意肉类,4,畜肉类及其制品,,适量任意肉类 || 任意肉类,10737|77129,可能是原生食材，但频次、命名或类别证据不足
6616,肉量,4,畜肉类及其制品,,肉的量，自行选择肉沫,10803,可能是原生食材，但频次、命名或类别证据不足
6617,琵琶鸡腿,4,禽肉类及其制品,,4只琵琶鸡腿 || 2只琵琶鸡腿 || 5只琵琶鸡腿,10902|41408|46581,可能是原生食材，但频次、命名或类别证据不足
6618,荞麦米,4,谷类及其制品,,10克荞麦米 || 15克         荞麦米 || 荞麦米,35602|55984|70950,可能是原生食材，但频次、命名或类别证据不足
6623,肋排骨,4,畜肉类及其制品,,12根肋排骨 || 二根肋排骨 || 5-6块肋排骨,11067|26858|35643,可能是原生食材，但频次、命名或类别证据不足
6624,胡须鸡,4,禽肉类及其制品,,1只胡须鸡,11068,可能是原生食材，但频次、命名或类别证据不足
6626,土公鸡,4,禽肉类及其制品,,1只土公鸡 || 半只土公鸡 || 土公鸡半只,11176|71523|82897,可能是原生食材，但频次、命名或类别证据不足
6630,金橘,4,水果类及其制品,,500克金橘 || 5个金橘 || 5颗金橘,11301|11701|12594,可能是原生食材，但频次、命名或类别证据不足
6631,人数而定大米,4,谷类及其制品,,,,可能是原生食材，但频次、命名或类别证据不足
6633,二层肉,4,畜肉类及其制品,,500g二层肉 || 1000克二层肉 || 500克二层肉,11381|62318|100596|139024,可能是原生食材，但频次、命名或类别证据不足
6634,一枚鸡蛋,4,禽肉类及其制品,,一枚鸡蛋 || 一枚（大一些）鸡蛋 || 60g一枚鸡蛋（黄白分离）,11416|11840|17720|21938|25517|28788|29434|32242|32258|33265|40163|40223|43392|44582|55671|56353|59203|64222|67335|68671|72690|75994|77620|84671|88026|93538|94824|98014|101972|102650|103019|103907|107649|114168|116046,可能是原生食材，但频次、命名或类别证据不足
6637,圆粒糯米,4,谷类及其制品,,半杯圆粒糯米 || 500克圆粒糯米 || 600克圆粒糯米,11496|161402|168087|168554,可能是原生食材，但频次、命名或类别证据不足
6638,蕃薯,4,薯类淀粉及其制品,,1条（中型）蕃薯 || 200克蕃薯 || 1个蕃薯,11522|20620|65511,可能是原生食材，但频次、命名或类别证据不足
6639,菜包,4,蔬菜类及其制品,,1包菜包 || 一包菜包,11535|121538,可能是原生食材，但频次、命名或类别证据不足
6643,大小干香菇,4,菌藻类,,,,可能是原生食材，但频次、命名或类别证据不足
6645,湖南辣椒,4,蔬菜类及其制品,,10个湖南辣椒 || 一个湖南辣椒 || 湖南辣椒,11658|14519|85468,可能是原生食材，但频次、命名或类别证据不足
6646,菜芯,4,蔬菜类及其制品,,菜芯50克 || 5颗菜芯 || 1斤菜芯,11671|68582|110418,可能是原生食材，但频次、命名或类别证据不足
6648,蛤蜊干,4,鱼虾蟹贝类,,适量蛤蜊干 || 少许蛤蜊干 || 10g蛤蜊干,11805|20729|51644,可能是原生食材，但频次、命名或类别证据不足
6652,偏瘦五花肉,4,畜肉类及其制品,,4人份偏瘦五花肉 || 偏瘦的五花肉 || 400g左右偏瘦的五花肉,11900|85922|91501,可能是原生食材，但频次、命名或类别证据不足
6654,三色黎麦,4,谷类及其制品,,1把三色黎麦 || 50g三色黎麦 || 100克三色黎麦,11959|46484|73236,可能是原生食材，但频次、命名或类别证据不足
6656,香菜杆,4,蔬菜类及其制品,,适量香菜杆 || 一些香菜杆 || 香菜杆,12020|22503|129245,可能是原生食材，但频次、命名或类别证据不足
6657,圆豆角,4,干豆类及其制品,,250g圆豆角 || 一斤圆豆角 || 250克圆豆角,57356|70062|169231,可能是原生食材，但频次、命名或类别证据不足
6659,牛肉里脊,4,畜肉类及其制品,,250克牛肉里脊 || 500克牛肉里脊（菲力） || 150牛肉里脊,12122|36371|55517,可能是原生食材，但频次、命名或类别证据不足
6661,尖椒丝,4,蔬菜类及其制品,尖椒,少许尖椒丝 || 适量（点缀用）尖椒丝 || 20g尖椒丝,12193|55165|121808,形态描述存在，但原始食材无法确定
6664,豆量清水,4,干豆类及其制品,,,,可能是原生食材，但频次、命名或类别证据不足
6666,波菜,4,蔬菜类及其制品,,250克波菜 || 一把波菜 || 200克波菜,12388|17777|26114,可能是原生食材，但频次、命名或类别证据不足
6667,老南瓜南瓜,4,蔬菜类及其制品,,180g去皮老南瓜南瓜,12402,可能是原生食材，但频次、命名或类别证据不足
6670,蛋黄酥量,4,蛋类及其制品,,,,可能是原生食材，但频次、命名或类别证据不足
6671,红椒青椒,4,蔬菜类及其制品,,少许红椒青椒 || 小红椒 青椒 || 红椒 青椒,12517|169796|189542,可能是原生食材，但频次、命名或类别证据不足
6672,椰菜花,4,蔬菜类及其制品,,1个椰菜花 || 250g椰菜花 || 一朵（三人量）椰菜花,12534|60441|83388,可能是原生食材，但频次、命名或类别证据不足
6673,半边鸡,4,禽肉类及其制品,,半边鸡 || 半边鸡（最好不要老鸡）,12582|64985|112514,可能是原生食材，但频次、命名或类别证据不足
6674,菜苔,4,蔬菜类及其制品,,150g菜苔 || 100g菜苔 || 1小把菜苔,12585|39864|51679,可能是原生食材，但频次、命名或类别证据不足
6675,太阳蛋,4,蛋类及其制品,,1个太阳蛋,12591|77531,可能是原生食材，但频次、命名或类别证据不足
6676,五花猪肉馅,4,畜肉类及其制品,,300g五花猪肉馅 || 五花猪肉馅,12597|94202,可能是原生食材，但频次、命名或类别证据不足
6681,甜杏仁,4,水果类及其制品,,12克甜杏仁 || 适量甜杏仁 || 70克甜杏仁,12913|17406|34532,可能是原生食材，但频次、命名或类别证据不足
6683,生菜切丝,4,蔬菜类及其制品,生菜切,100g生菜切丝,12942,形态描述存在，但原始食材无法确定
6684,小米辣碎,4,谷类及其制品,小米辣,,,形态描述存在，但原始食材无法确定
6685,榴莲果泥,4,水果类及其制品,,50g榴莲果泥 || 200克榴莲果泥,197139|198560,可能是原生食材，但频次、命名或类别证据不足
6686,银芽,4,干豆类及其制品,,银芽 || 2两银芽 || 一把银芽,13026|23567|29012|119989|130011,可能是原生食材，但频次、命名或类别证据不足
6687,截山药,4,薯类淀粉及其制品,,三小截约60克山药 || 一小截山药 || 1小截山药,13029|49966|77549|102355|104229|177804,可能是原生食材，但频次、命名或类别证据不足
6688,小葱白,4,蔬菜类及其制品,,,,可能是原生食材，但频次、命名或类别证据不足
6691,蛋白蛋白,4,蛋类及其制品,,1个蛋白蛋白 || 一只蛋白蛋白,13048|111224,可能是原生食材，但频次、命名或类别证据不足
6692,鹅掌,4,禽肉类及其制品,,10只鹅掌 || 12只鹅掌 || 1斤鹅掌,13125|41479|63025,可能是原生食材，但频次、命名或类别证据不足
6695,台农芒果,4,水果类及其制品,,2个小台农芒果 || 5个小台农芒果 || 4个大台农芒果,13162|16276|16469,可能是原生食材，但频次、命名或类别证据不足
6701,鲜虾肉,4,鱼虾蟹贝类,,40克鲜虾肉 || 18只鲜虾肉 || 30g鲜虾肉,13571|45055|49178,可能是原生食材，但频次、命名或类别证据不足
6704,鸡蛋黄液,4,禽肉类及其制品,,1个鸡蛋黄液 || 1-2个鸡蛋黄液,13757|59373|79371,可能是原生食材，但频次、命名或类别证据不足
6706,马铃薯粉,4,薯类淀粉及其制品,,100g马铃薯粉 || 30g马铃薯粉 || 45克马铃薯粉,13785|14309|64798,可能是原生食材，但频次、命名或类别证据不足
6709,青虾仁,4,鱼虾蟹贝类,,200克青虾仁 || 适量青虾仁 || 300g青虾仁,13891|25087|28739,可能是原生食材，但频次、命名或类别证据不足
6710,鱼尾,4,鱼虾蟹贝类,,一条鱼尾（皖鱼） || 1条大鱼尾 || 鱼尾,14006|41244|131825,可能是原生食材，但频次、命名或类别证据不足
6712,豌豆凉粉,4,干豆类及其制品,,1碗豌豆凉粉 || 50g豌豆凉粉 || 400克豌豆凉粉,14122|119049|190286,可能是原生食材，但频次、命名或类别证据不足
6716,倒笃菜,4,蔬菜类及其制品,,1小碗倒笃菜（雪菜） || 倒笃菜 || 20克倒笃菜,14335|68756|90695,可能是原生食材，但频次、命名或类别证据不足
6725,柠檬切片,4,水果类及其制品,柠檬切,1/2片柠檬切片 || 4-5片柠檬切片 || 1个（按需）柠檬切片,14681|39160|51118,形态描述存在，但原始食材无法确定
6728,泰国辣椒,4,蔬菜类及其制品,,2个泰国辣椒 || 1个泰国辣椒,21028|111981,可能是原生食材，但频次、命名或类别证据不足
6729,秋木耳,4,菌藻类,,8g秋木耳 || 6朵秋木耳,14814|119676,可能是原生食材，但频次、命名或类别证据不足
6732,炒香芝麻,4,坚果种子类,,30克炒香的芝麻 || 适量炒香的芝麻 || 2大匙炒香的芝麻,29975|42003|53107|91223,可能是原生食材，但频次、命名或类别证据不足
6733,打结葱,4,蔬菜类及其制品,,1个打结葱,15078,可能是原生食材，但频次、命名或类别证据不足
6735,油浸小番茄,4,蔬菜类及其制品,,适量油浸小番茄 || 8颗油浸小番茄 || 几颗油浸小番茄,15096|50823|86004|114030,可能是原生食材，但频次、命名或类别证据不足
6740,瘦腿肉,4,禽肉类及其制品,,,,可能是原生食材，但频次、命名或类别证据不足
6741,海白虾,4,鱼虾蟹贝类,,3两海白虾(带壳) || 7-8只海白虾 || 250g海白虾,15278|43277|77383,可能是原生食材，但频次、命名或类别证据不足
6743,菜辣椒,4,蔬菜类及其制品,,大菜辣椒     2个 || 适量菜辣椒 || 0.5个菜辣椒,15332|83351|134621,可能是原生食材，但频次、命名或类别证据不足
6744,多途麦芯粉,4,谷类及其制品,,,,可能是原生食材，但频次、命名或类别证据不足
6745,空心意面,4,谷类及其制品,,适量空心意面,15369,可能是原生食材，但频次、命名或类别证据不足
6748,眉毛肉,4,畜肉类及其制品,,600克眉毛肉 || 500克眉毛肉（冷冻） || 适量眉毛肉,15396|62790|87210,可能是原生食材，但频次、命名或类别证据不足
6749,八宝米,4,谷类及其制品,,八宝米 || 4汤匙八宝米 || 130克八宝米,15526|17873|32292,可能是原生食材，但频次、命名或类别证据不足
6750,各葱,4,蔬菜类及其制品,,各4片葱，姜 || 各8片葱，姜 || 各少许葱，姜，蒜,15536|45562|101979,可能是原生食材，但频次、命名或类别证据不足
6752,三色椒,4,蔬菜类及其制品,,三色椒 || 1三色椒,15655|40837,可能是原生食材，但频次、命名或类别证据不足
6753,花甲肉,4,畜肉类及其制品,,适量花甲肉 || 100g花甲肉 || 20个花甲肉,15716|47074|53937,可能是原生食材，但频次、命名或类别证据不足
6755,东北黑木耳,4,菌藻类,,20克东北黑木耳 || 东北黑木耳 || 12克东北黑木耳,15767|19871|69164,可能是原生食材，但频次、命名或类别证据不足
6757,青蒜叶,4,蔬菜类及其制品,,2根青蒜叶 || 400克青蒜叶 || 2棵青蒜叶,15820|18946|24119,可能是原生食材，但频次、命名或类别证据不足
6761,面糊配方,4,谷类及其制品,,面糊配方,15911,可能是原生食材，但频次、命名或类别证据不足
6765,泡灯笼椒,4,蔬菜类及其制品,,泡灯笼椒 || 5个泡灯笼椒,55443|171102,可能是原生食材，但频次、命名或类别证据不足
6768,枸杞干,4,坚果种子类,,30粒枸杞干 || 10克枸杞干 || 一小把枸杞干,16275|19009|118391,可能是原生食材，但频次、命名或类别证据不足
6770,芋苗,4,薯类淀粉及其制品,,300g芋苗(芋艿) || （芋头）芋苗 || 适量芋苗,16335|96067|102752,可能是原生食材，但频次、命名或类别证据不足
6777,谷物胚芽米,4,干豆类及其制品,,50克谷物胚芽米 || 50g谷物胚芽米,16842|41144,可能是原生食材，但频次、命名或类别证据不足
6779,菜白菜,4,蔬菜类及其制品,,,,可能是原生食材，但频次、命名或类别证据不足
6780,芋儿,4,薯类淀粉及其制品,,700克芋儿（小芋头仔） || 五个芋儿 || 500克芋儿,16955|23333|47328,可能是原生食材，但频次、命名或类别证据不足
6787,干灯笼椒,4,蔬菜类及其制品,,少许干灯笼椒 || 1小把干灯笼椒 || 4个干灯笼椒,17462|37400|167135,可能是原生食材，但频次、命名或类别证据不足
6788,冲菜,4,蔬菜类及其制品,,一点冲菜 || 3片冲菜 || 70克冲菜,17489|39228|42596,可能是原生食材，但频次、命名或类别证据不足
6789,越多越好蒜,4,蔬菜类及其制品,,越多越好蒜,17577|172882,可能是原生食材，但频次、命名或类别证据不足
6790,熏鸡肉,4,禽肉类及其制品,,一小块熏鸡肉 || 80克熏鸡肉 || 400克熏鸡肉,31238|122023|184673,可能是原生食材，但频次、命名或类别证据不足
6792,长一段白萝卜,4,蔬菜类及其制品,,5cm长的一段白萝卜,17603,可能是原生食材，但频次、命名或类别证据不足
6793,干花菇,4,菌藻类,,4朵干花菇 || 150克干花菇 || 干花菇,17622|22958|23327,可能是原生食材，但频次、命名或类别证据不足
6797,红圆椒,4,蔬菜类及其制品,,1个红圆椒 || 半个红圆椒 || 1只红圆椒,17829|49427|82341|85497|101819,可能是原生食材，但频次、命名或类别证据不足
6798,大料辣椒,4,蔬菜类及其制品,,,,可能是原生食材，但频次、命名或类别证据不足
6799,吧葱姜蒜,4,蔬菜类及其制品,,适量吧葱姜蒜,129885,可能是原生食材，但频次、命名或类别证据不足
6802,大号鸡蛋,4,禽肉类及其制品,,,,可能是原生食材，但频次、命名或类别证据不足
6803,洋葱切块,4,蔬菜类及其制品,洋葱切,1个洋葱切块 || 洋葱   1个切块 || 100克洋葱切块,17926|100362|151404|171787,形态描述存在，但原始食材无法确定
6804,烧五花肉,4,畜肉类及其制品,,,,可能是原生食材，但频次、命名或类别证据不足
6807,猪尾骨,4,畜肉类及其制品,,猪尾骨 || 1根猪尾骨 || 300g猪尾骨,18140|43792|83197,可能是原生食材，但频次、命名或类别证据不足
6810,豌豆米,4,干豆类及其制品,,500g豌豆米 || 150克豌豆米 || 50克豌豆米,18273|18542|27666,可能是原生食材，但频次、命名或类别证据不足
6813,雪莲菌,4,菌藻类,,19颗雪莲菌（发酵酸奶用的） || 雪莲菌,18590|145848,可能是原生食材，但频次、命名或类别证据不足
6815,黑鳕鱼,4,鱼虾蟹贝类,,1块85克黑鳕鱼 || 数块黑鳕鱼（冻品）,18688|80799,可能是原生食材，但频次、命名或类别证据不足
6816,肉瘦肉,4,畜肉类及其制品,,,,可能是原生食材，但频次、命名或类别证据不足
6819,线面,4,谷类及其制品,,一扎线面 || 半把线面 || 2把线面,18806|19256|50893,可能是原生食材，但频次、命名或类别证据不足
6822,胚芽谷物米,4,干豆类及其制品,,30克胚芽谷物米 || 15克胚芽谷物米 || 1包胚芽谷物米,18896|35471|53766|64385,可能是原生食材，但频次、命名或类别证据不足
6823,猪排肉,4,畜肉类及其制品,,两片猪排肉 || 3块猪排肉 || 猪排肉 4-5块,18910|157192|173477,可能是原生食材，但频次、命名或类别证据不足
6826,五花肉肉,4,畜肉类及其制品,,五花肉肉 || 五花肉若干肉 || 一斤五花肉肉,19080|35726|177493,可能是原生食材，但频次、命名或类别证据不足
6828,米椒圈,4,谷类及其制品,,12克小米椒圈 || 4克小米椒圈 || 少许小米椒圈,19239|20412|29319,可能是原生食材，但频次、命名或类别证据不足
6830,泥蒜泥,4,蔬菜类及其制品,,,,可能是原生食材，但频次、命名或类别证据不足
6832,紫椰菜,4,蔬菜类及其制品,,半个紫椰菜 || 小半个紫椰菜 || 适量紫椰菜,19343|24597|62498,可能是原生食材，但频次、命名或类别证据不足
6833,青占鱼,4,鱼虾蟹贝类,,3条青占鱼 || 2条青占鱼 || 1-2条青占鱼,19362|88460|97792,可能是原生食材，但频次、命名或类别证据不足
6836,韭菜叶,4,蔬菜类及其制品,,适量韭菜叶 || 40克韭菜叶 || 3条韭菜叶,19409|50939|54348|119453,可能是原生食材，但频次、命名或类别证据不足
6837,燕麦饭,4,谷类及其制品,,适量燕麦饭 || 50g燕麦饭,19445|56541,可能是原生食材，但频次、命名或类别证据不足
6842,面叶,4,谷类及其制品,,适量面叶 || 面叶少许,19666|151735,可能是原生食材，但频次、命名或类别证据不足
6843,肉渣,4,畜肉类及其制品,,80克肉渣,19701,可能是原生食材，但频次、命名或类别证据不足
6844,笋子,4,蔬菜类及其制品,,笋子 || 1.2kg新鲜笋子 || 两斤笋子,19780|73177|99070,可能是原生食材，但频次、命名或类别证据不足
6845,面藕,4,谷类及其制品,,200g面藕 || 20个面藕 || 面藕,19803|50719|70043,可能是原生食材，但频次、命名或类别证据不足
6847,豬五花肉,4,畜肉类及其制品,,200克左右豬五花肉,51991,可能是原生食材，但频次、命名或类别证据不足
6849,小洋葱洋葱,4,蔬菜类及其制品,,1/3个小洋葱洋葱,19967,可能是原生食材，但频次、命名或类别证据不足
6850,大小青椒,4,蔬菜类及其制品,,,,可能是原生食材，但频次、命名或类别证据不足
6851,黑芝麻少量,4,坚果种子类,,,,可能是原生食材，但频次、命名或类别证据不足
6854,表面蛋黄液,4,蛋类及其制品,,适量表面蛋黄液 || 适量表面用蛋黄液 || 表面蛋黄液,20117|56093|141939,可能是原生食材，但频次、命名或类别证据不足
6855,鸡大胸肉,4,禽肉类及其制品,,200g鸡大胸肉 || 1块鸡大胸肉 || 2块鸡大胸肉,20192|29442|66688,可能是原生食材，但频次、命名或类别证据不足
6857,鸡腿骨,4,禽肉类及其制品,,2-3根鸡腿骨 || 1根鸡腿骨 || 11只鸡腿骨（或猪骨适量）,20202|59633|71032,可能是原生食材，但频次、命名或类别证据不足
6861,抓枸杞,4,坚果种子类,,1小抓枸杞 || 一小抓枸杞 || 1抓枸杞,20528|33192|55897,可能是原生食材，但频次、命名或类别证据不足
6863,钱五花肉,4,畜肉类及其制品,,大约24块钱的五花肉,20690,可能是原生食材，但频次、命名或类别证据不足
6866,玉米胡萝卜,4,谷类及其制品,,适量玉米胡萝卜,20850,可能是原生食材，但频次、命名或类别证据不足
6867,自定鸡蛋,4,禽肉类及其制品,,自定鸡蛋,20901|183658,可能是原生食材，但频次、命名或类别证据不足
6869,糯米馅,4,谷类及其制品,,适量糯米馅 || 4个糯米馅 || 糯米馅,21006|76457|88233,可能是原生食材，但频次、命名或类别证据不足
6870,荞面,4,谷类及其制品,,适量荞面 || 100克荞面 || 一勺荞面,27450|52894|79085,可能是原生食材，但频次、命名或类别证据不足
6871,新鲜菌菇,4,菌藻类,,,,可能是原生食材，但频次、命名或类别证据不足
6872,里脊肉馅,4,畜肉类及其制品,,600克里脊肉馅 || 一块里脊肉馅,21209|69586,可能是原生食材，但频次、命名或类别证据不足
6877,了莲藕,4,薯类淀粉及其制品,,,,可能是原生食材，但频次、命名或类别证据不足
6879,辣椒芝麻,4,坚果种子类,,,,可能是原生食材，但频次、命名或类别证据不足
6883,雪梨干,4,水果类及其制品,,10克雪梨干 || 4-5片雪梨干 || 适量雪梨干,21424|23915|25877,可能是原生食材，但频次、命名或类别证据不足
6885,芹菜根,4,蔬菜类及其制品,,6棵芹菜根 || 1个大芹菜根 || 一坨芹菜根,36333|86229|88996,可能是原生食材，但频次、命名或类别证据不足
6886,碎红枣,4,坚果种子类,,,,可能是原生食材，但频次、命名或类别证据不足
6887,香蕉切片,4,水果类及其制品,香蕉切,香蕉切片 || 半根香蕉切片,21647|45040,形态描述存在，但原始食材无法确定
6888,牛排肉,4,畜肉类及其制品,,1块牛排肉 || 50g牛排肉 || 一片牛排肉,21701|53863|67576,可能是原生食材，但频次、命名或类别证据不足
6889,干核桃仁,4,水果类及其制品,,干核桃仁 || 适量干核桃仁,21787|47584,可能是原生食材，但频次、命名或类别证据不足
6890,米蕉,4,谷类及其制品,,适量小米蕉,21797,可能是原生食材，但频次、命名或类别证据不足
6892,甜红椒粉,4,蔬菜类及其制品,,2g甜红椒粉 || 3g甜红椒粉,21835|29653,可能是原生食材，但频次、命名或类别证据不足
6895,白糊椒粉,4,蔬菜类及其制品,,适量白糊椒粉 || 少许白糊椒粉,22048|182316,可能是原生食材，但频次、命名或类别证据不足
6897,胡豆,4,干豆类及其制品,,适量胡豆 || 1半碗胡豆 || 适量克胡豆,22106|59754|71904,可能是原生食材，但频次、命名或类别证据不足
6898,一样多葱花,4,蔬菜类及其制品,,,,可能是原生食材，但频次、命名或类别证据不足
6901,泡青菜,4,蔬菜类及其制品,,颗泡青菜适量（各人口味不同咸淡自调） || 200克泡青菜 || 50克泡青菜,22514|75252|117851,可能是原生食材，但频次、命名或类别证据不足
6902,纯燕麦片,4,谷类及其制品,纯燕麦,300g纯燕麦片 || 30克纯燕麦片,22527|156802,形态描述存在，但原始食材无法确定
6904,冻干草莓粉,4,水果类及其制品,,10g冻干草莓粉 || 两勺冻干草莓粉 || 15克（可加可不加，加草莓粉就去掉15克奶粉）冻干草莓粉,22890|33693|43134,可能是原生食材，但频次、命名或类别证据不足
6906,康师傅红烧牛肉面,4,畜肉类及其制品,,2包康师傅红烧牛肉面 || 一袋康师傅红烧牛肉面 || 1包康师傅红烧牛肉面,22960|63664|82016|83541,可能是原生食材，但频次、命名或类别证据不足
6910,一截葱,4,蔬菜类及其制品,,10CM一截葱 || 一截葱 || 一截4CM葱,23076|25105|42230,可能是原生食材，但频次、命名或类别证据不足
6914,赖尿虾,4,鱼虾蟹贝类,,一斤赖尿虾 || 2-3斤赖尿虾 || 半斤赖尿虾,23228|118532|118917,可能是原生食材，但频次、命名或类别证据不足
6915,什锦杂菜,4,蔬菜类及其制品,,一把什锦杂菜 || 什锦杂菜,23231|113352,可能是原生食材，但频次、命名或类别证据不足
6917,剥好毛豆,4,干豆类及其制品,,150克剥好的毛豆 || 一盒剥好的毛豆 || 250克剥好的毛豆,23332|49290|159173,可能是原生食材，但频次、命名或类别证据不足
6919,土豆切丝,4,干豆类及其制品,土豆切,土豆切丝2个 || 1小颗土豆切丝,23379|136871,形态描述存在，但原始食材无法确定
6920,牛绞肉,4,畜肉类及其制品,,400g牛绞肉 || 500g牛绞肉 || 300克牛绞肉,23532|43256|46791,可能是原生食材，但频次、命名或类别证据不足
6922,葱姜蒜洋葱,4,蔬菜类及其制品,,若干葱姜蒜洋葱 || 适量葱姜蒜 洋葱 || 葱姜蒜洋葱,76960|80696|111453,可能是原生食材，但频次、命名或类别证据不足
6924,虾仁儿,4,鱼虾蟹贝类,,4个大虾仁儿 || 虾仁儿,23796|160862,可能是原生食材，但频次、命名或类别证据不足
6927,草莓切片,4,水果类及其制品,草莓切,2杯（450ml）草莓切片,23985,形态描述存在，但原始食材无法确定
6934,姜切片,4,蔬菜类及其制品,姜切,20克姜切片 || 姜切片 || 1小块姜 切片,24496|75684|103181,形态描述存在，但原始食材无法确定
6935,洋梨,4,水果类及其制品,,1个洋梨 || 400g洋梨 || 洋梨,24546|27258|71582|130045,可能是原生食材，但频次、命名或类别证据不足
6936,无筋豆,4,干豆类及其制品,,100克无筋豆 || 400克无筋豆 || 350克无筋豆,72075|87240|122747,可能是原生食材，但频次、命名或类别证据不足
6939,细长青椒,4,蔬菜类及其制品,,1/9只细长青椒 || 2根细长的青椒 || 3只细长青椒,59350|119992|190626,可能是原生食材，但频次、命名或类别证据不足
6941,高筋全麦粉,4,谷类及其制品,,270克高筋全麦粉,24663,可能是原生食材，但频次、命名或类别证据不足
6942,馬鈴薯,4,薯类淀粉及其制品,,,,可能是原生食材，但频次、命名或类别证据不足
6943,剔骨鸡腿肉,4,禽肉类及其制品,,适量剔骨鸡腿肉 || 4只剔骨鸡腿肉 || 一只剔骨鸡腿肉,24868|62381|165582,可能是原生食材，但频次、命名或类别证据不足
6945,红朝天椒,4,蔬菜类及其制品,,4只红朝天椒 || 3个红朝天椒 || 1个红朝天椒（干红辣椒或新鲜的红辣椒）,25030|29214|35331,可能是原生食材，但频次、命名或类别证据不足
6949,韩式烤肉,4,畜肉类及其制品,,,,可能是原生食材，但频次、命名或类别证据不足
6950,紫菜蛋花汤,4,鱼虾蟹贝类,,紫菜蛋花汤 || #紫菜蛋花汤,25241|183587,可能是原生食材，但频次、命名或类别证据不足
6951,头鱼头,4,鱼虾蟹贝类,,1个（2.5斤)大头鱼头,25288,可能是原生食材，但频次、命名或类别证据不足
6952,猪肉切片,4,畜肉类及其制品,猪肉切,若干猪肉切片 || 猪肉切片，用生粉和酱油盐腌制，肥肉去皮也切片,25314|132466,形态描述存在，但原始食材无法确定
6954,黑全麦,4,谷类及其制品,,400克黑全麦 || 100克黑全麦（新良） || 黑全麦500克,25364|37196|43632,可能是原生食材，但频次、命名或类别证据不足
6957,各尖椒,4,蔬菜类及其制品,,各一根尖椒，胡萝卜 || 各1个尖椒，干辣椒,25564|119718,可能是原生食材，但频次、命名或类别证据不足
6963,葱花碎,4,蔬菜类及其制品,葱花,适量葱花碎 || 少许葱花碎 || 葱花碎,25909|106313|112813,形态描述存在，但原始食材无法确定
6964,情况大米,4,谷类及其制品,,,,可能是原生食材，但频次、命名或类别证据不足
6965,吧西红柿,4,蔬菜类及其制品,,,,可能是原生食材，但频次、命名或类别证据不足
6969,黄色甜椒,4,蔬菜类及其制品,,1个黄色甜椒 || 1颗黄色甜椒 || 半个黄色甜椒,26125|44641|120650,可能是原生食材，但频次、命名或类别证据不足
6973,表面芝麻,4,坚果种子类,,适量表面芝麻,26238|77744,可能是原生食材，但频次、命名或类别证据不足
6974,莴笋头,4,蔬菜类及其制品,,1根莴笋头 || 650克莴笋头 || 1根莴笋头（小）,26298|72154|83100|86848,可能是原生食材，但频次、命名或类别证据不足
6976,葫芦瓜,4,蔬菜类及其制品,,半个葫芦瓜 || 适量葫芦瓜 || 1-2根葫芦瓜,26343|71014|125894|162331,可能是原生食材，但频次、命名或类别证据不足
6977,细胡萝卜,4,蔬菜类及其制品,,两根细的胡萝卜 || 细的2根胡萝卜,26435|162180,可能是原生食材，但频次、命名或类别证据不足
6979,生姜葱,4,蔬菜类及其制品,,适量生姜葱 || 少许生姜葱 || 生姜葱适量，黄酒一瓶，调料（盐、冰糖、老抽、生抽、胡椒粉适量）,26561|45013|82272|123557|143758|145646|172086,可能是原生食材，但频次、命名或类别证据不足
6980,红小米辣,4,谷类及其制品,,红小米辣 || 3个红小米辣 || 4根红小米辣,26568|71378|91029,可能是原生食材，但频次、命名或类别证据不足
6981,糯米大米,4,谷类及其制品,,,,可能是原生食材，但频次、命名或类别证据不足
6985,土猪肉,4,畜肉类及其制品,,一斤土猪肉 || 150克土猪肉 || 300克土猪肉,27026|37521|44764,可能是原生食材，但频次、命名或类别证据不足
6990,鲣鱼粉,4,鱼虾蟹贝类,,1小勺（4克）鲣鱼粉（鸡精可） || 1勺鲣鱼粉 || 30cc鲣鱼粉,27395|50567|70129,可能是原生食材，但频次、命名或类别证据不足
6991,泡半小时大米,4,谷类及其制品,,,,可能是原生食材，但频次、命名或类别证据不足
6992,红心柚子,4,水果类及其制品,,5克红心柚子 || 1个红心柚子 || 1只红心柚子,27550|31857|47320|59003,可能是原生食材，但频次、命名或类别证据不足
6993,一段彩椒,4,蔬菜类及其制品,,,,可能是原生食材，但频次、命名或类别证据不足
6994,圆白萝卜,4,蔬菜类及其制品,,1小个圆白萝卜 || 1-2个圆白萝卜 || 2只小圆白萝卜,27580|70312|72093,可能是原生食材，但频次、命名或类别证据不足
6996,鱼圆,4,鱼虾蟹贝类,,鱼圆 || 8颗鱼圆 || 鱼圆10-15颗,27829|29508|146165|186384,可能是原生食材，但频次、命名或类别证据不足
6998,薄片生姜,4,蔬菜类及其制品,,3薄片生姜 || 2薄片生姜 || 一个薄片生姜,28019|94323|96663|123161,可能是原生食材，但频次、命名或类别证据不足
7000,辣度小米椒,4,谷类及其制品,,,,可能是原生食材，但频次、命名或类别证据不足
7005,头大小瘦肉,4,畜肉类及其制品,,半个拳头大小瘦肉,28162|189502,可能是原生食材，但频次、命名或类别证据不足
7007,鲜椒,4,蔬菜类及其制品,,鲜椒,28233,可能是原生食材，但频次、命名或类别证据不足
7008,黑玉米,4,谷类及其制品,,1根黑玉米 || 一根黑玉米 || 半颗黑玉米,28235|96190|126494,可能是原生食材，但频次、命名或类别证据不足
7009,指长度大葱,4,蔬菜类及其制品,,,,可能是原生食材，但频次、命名或类别证据不足
7011,南杏北杏,4,水果类及其制品,,南杏北杏 || 适量南杏北杏,28339|148494,可能是原生食材，但频次、命名或类别证据不足
7013,鸡腿鸡腿,4,禽肉类及其制品,,小鸡腿8只鸡腿 || 一只大鸡腿鸡腿 || 2大鸡腿鸡腿,28521|36934|40152,可能是原生食材，但频次、命名或类别证据不足
7015,偏大土豆,4,干豆类及其制品,,,,可能是原生食材，但频次、命名或类别证据不足
7016,牡蛎肉,4,鱼虾蟹贝类,,250克牡蛎肉 || 300g牡蛎肉 || 700克牡蛎肉,28748|64937|99911,可能是原生食材，但频次、命名或类别证据不足
7017,蔥薑蒜,4,蔬菜类及其制品,,,,可能是原生食材，但频次、命名或类别证据不足
7018,牛肉原汤,4,畜肉类及其制品,,适量牛肉原汤,28800,可能是原生食材，但频次、命名或类别证据不足
7023,蒜蒜茸,4,蔬菜类及其制品,,1整个大蒜蒜茸,29113,可能是原生食材，但频次、命名或类别证据不足
7025,肉猪肉,4,畜肉类及其制品,,,,可能是原生食材，但频次、命名或类别证据不足
7029,咸猪骨,4,畜肉类及其制品,,1根咸猪骨 || 7-8块咸猪骨,29445|190574,可能是原生食材，但频次、命名或类别证据不足
7032,鸭腿肉,4,禽肉类及其制品,,500g鸭腿肉 || 3只鸭腿肉 || 1只鸭腿肉,29757|116442|182750,可能是原生食材，但频次、命名或类别证据不足
7033,干豌豆,4,干豆类及其制品,,250G干豌豆 || 两三把干豌豆 || 300克去皮干豌豆,29803|52663|71572,可能是原生食材，但频次、命名或类别证据不足
7034,水油面,4,谷类及其制品,,#水油面 || 水油面（我自己一直用的这个方子） || 水油面,29910|55490|124127,可能是原生食材，但频次、命名或类别证据不足
7035,麦若叶青汁粉,4,谷类及其制品,,大麦若叶青汁粉　6克 || 一小袋大麦若叶青汁粉 || 9克大麦若叶青汁粉,29915|110726|157296,可能是原生食材，但频次、命名或类别证据不足
7036,全食物日记糙米,4,谷类及其制品,,#全食物日记糙米,30035,可能是原生食材，但频次、命名或类别证据不足
7038,表面椰蓉,4,谷类及其制品,,适量表面椰蓉,30122,可能是原生食材，但频次、命名或类别证据不足
7042,无菌蛋,4,蛋类及其制品,,2个无菌蛋 || 1个无菌蛋 || 3个无菌蛋,30361|77603|109794|188556,可能是原生食材，但频次、命名或类别证据不足
7044,整鸭,4,禽肉类及其制品,,半只去骨整鸭 || 整鸭,30395|43456,可能是原生食材，但频次、命名或类别证据不足
7047,蒜末葱末,4,蔬菜类及其制品,蒜末葱,少许蒜末葱末 || 蒜末  葱末,30485|68443|173929,形态描述存在，但原始食材无法确定
7053,肉羊肉,4,畜肉类及其制品,,,,可能是原生食材，但频次、命名或类别证据不足
7056,红姜,4,蔬菜类及其制品,,红姜 || 10克红姜 || 几片红姜,31021|34316|94735,可能是原生食材，但频次、命名或类别证据不足
7058,大小紫薯,4,薯类淀粉及其制品,,,,可能是原生食材，但频次、命名或类别证据不足
7059,葱酥,4,蔬菜类及其制品,,适量葱酥 || 2 大勺葱酥,31125|99328,可能是原生食材，但频次、命名或类别证据不足
7060,头草莓,4,水果类及其制品,,,,可能是原生食材，但频次、命名或类别证据不足
7069,了肉馅,4,畜肉类及其制品,,,,可能是原生食材，但频次、命名或类别证据不足
7075,螃蟹肉,4,鱼虾蟹贝类,,一只螃蟹肉 || 适量螃蟹肉 || 1500克螃蟹肉,32444|61488|82490,可能是原生食材，但频次、命名或类别证据不足
7077,猪腱子肉,4,畜肉类及其制品,,500克猪腱子肉 || 500g猪腱子肉 || 200克猪腱子肉,32639|39287|43682,可能是原生食材，但频次、命名或类别证据不足
7078,三线五花肉,4,畜肉类及其制品,,500克三线五花肉,32706|75921,可能是原生食材，但频次、命名或类别证据不足
7079,鸡汤宝,4,禽肉类及其制品,,鸡汤宝 || 1勺鸡汤宝,32742|104549,可能是原生食材，但频次、命名或类别证据不足
7081,螺旋意粉,4,鱼虾蟹贝类,,500g螺旋意粉 || 50g螺旋意粉,32891|191757,可能是原生食材，但频次、命名或类别证据不足
7083,南瓜肉,4,畜肉类及其制品,,500克去皮南瓜肉 || 250克（买回来的#老南瓜#大约400g）南瓜肉 || 120克南瓜肉,33074|52459|62105,可能是原生食材，但频次、命名或类别证据不足
7085,红美人椒,4,蔬菜类及其制品,,小红美人椒 || 1个红美人椒 || 2只红美人椒,33141|55155|62966,可能是原生食材，但频次、命名或类别证据不足
7086,长山药,4,薯类淀粉及其制品,,1根长山药（铁棍山药） || 半根长山药 || 根长山药,33285|85221|92290,可能是原生食材，但频次、命名或类别证据不足
7087,油菜叶,4,蔬菜类及其制品,,3片油菜叶 || 300克油菜叶 || 少许（焯水后剁碎的）油菜叶,33313|69416|76663,可能是原生食材，但频次、命名或类别证据不足
7088,鸡鸡肉,4,禽肉类及其制品,,半只鸡鸡肉 || 半只鸡（鸡腿肉也可以）鸡肉,33328|158987|192432,可能是原生食材，但频次、命名或类别证据不足
7089,水蛋液,4,蛋类及其制品,,蛋黄液+1/4蛋白+15克水蛋液(刷饼面用),33355,可能是原生食材，但频次、命名或类别证据不足
7091,嫩肉,4,畜肉类及其制品,,100克嫩肉,33431,可能是原生食材，但频次、命名或类别证据不足
7095,蔓越莓味,4,水果类及其制品,,#蔓越莓味#,33637,可能是原生食材，但频次、命名或类别证据不足
7096,了洋葱,4,蔬菜类及其制品,,,,可能是原生食材，但频次、命名或类别证据不足
7098,西红柿切片,4,蔬菜类及其制品,西红柿切,四片西红柿切片,33839,形态描述存在，但原始食材无法确定
7103,带骨鸡腿肉,4,禽肉类及其制品,,500克带骨鸡腿肉 || 5只带骨鸡腿肉 || 200g带骨鸡腿肉,34150|84459|123246,可能是原生食材，但频次、命名或类别证据不足
7114,香蒜苗,4,蔬菜类及其制品,,2根香蒜苗 || 1根香蒜苗,34575|75513|168853,可能是原生食材，但频次、命名或类别证据不足
7116,支干红辣椒,4,蔬菜类及其制品,,,,可能是原生食材，但频次、命名或类别证据不足
7119,可可脆片,4,其他,可可脆,适量可可脆片,34903|160664,形态描述存在，但原始食材无法确定
7120,绿蔬菜,4,蔬菜类及其制品,,10克绿蔬菜 || 15克绿蔬菜 || 3克绿蔬菜,151149|175958|199294,可能是原生食材，但频次、命名或类别证据不足
7122,了香菜,4,蔬菜类及其制品,,,,可能是原生食材，但频次、命名或类别证据不足
7127,宝宝意面,4,谷类及其制品,,宝宝意面 适量 || 宝宝意面,35194|189172,可能是原生食材，但频次、命名或类别证据不足
7130,土鸭,4,禽肉类及其制品,,半只（约1500克）土鸭 || 1只土鸭 || 半只土鸭,35430|68562|77022,可能是原生食材，但频次、命名或类别证据不足
7131,西红柿泥,4,蔬菜类及其制品,,33克西红柿泥 || 一百克西红柿泥,35443|102314,可能是原生食材，但频次、命名或类别证据不足
7132,其他香草,4,蔬菜类及其制品,,,,可能是原生食材，但频次、命名或类别证据不足
7134,三文鱼肉,4,鱼虾蟹贝类,,300G三文鱼肉 || 50克三文鱼肉 || 2大块(约400g)三文鱼肉,35659|36816|87288,可能是原生食材，但频次、命名或类别证据不足
7141,豌豆仁,4,干豆类及其制品,,适量豌豆仁 || 150克豌豆仁 || 20克豌豆仁,36451|89027|151070,可能是原生食材，但频次、命名或类别证据不足
7142,葱姜香菜,4,蔬菜类及其制品,,适量葱姜香菜 || 少许葱姜香菜 || 根小葱姜香菜,36546|45411|124671|162482,可能是原生食材，但频次、命名或类别证据不足
7143,长红辣椒,4,蔬菜类及其制品,,3个长红辣椒 || 1个长的红辣椒 || 1个（切碎）长红辣椒,36573|46711|124722,可能是原生食材，但频次、命名或类别证据不足
7146,土鸡肉,4,禽肉类及其制品,,500克土鸡肉 || 半只土鸡肉,36672|91595,可能是原生食材，但频次、命名或类别证据不足
7147,葱和蒜,4,蔬菜类及其制品,葱|蒜,4克葱和蒜 || 适量葱和蒜 || 多一些葱和蒜,36925|79101|106230,分隔符明确连接多个独立基础食材；克数无法可靠分摊
7152,黄心菜,4,蔬菜类及其制品,,1棵黄心菜 || 黄心菜 || 1个黄心菜,37209|152378|163883,可能是原生食材，但频次、命名或类别证据不足
7154,面面饼,4,谷类及其制品,,,,可能是原生食材，但频次、命名或类别证据不足
7155,吧排骨,4,畜肉类及其制品,,1斤吧（买回来挺多的，随便拿的）排骨,37471,可能是原生食材，但频次、命名或类别证据不足
7161,菜菜,4,蔬菜类及其制品,,菜菜,37838,可能是原生食材，但频次、命名或类别证据不足
7163,南姜梅粉,4,蔬菜类及其制品,,1勺南姜梅粉（可选） || 适量南姜梅粉,47677|166786,可能是原生食材，但频次、命名或类别证据不足
7164,坨生姜,4,蔬菜类及其制品,,1小坨生姜 || 一小坨生姜,37980|58403|81815|140991,可能是原生食材，但频次、命名或类别证据不足
7165,海带干,4,鱼虾蟹贝类,,10海带干(泡发沥干） || 海带干 || 适量海带干,38144|110647|167969,可能是原生食材，但频次、命名或类别证据不足
7166,部分鸡蛋,4,禽肉类及其制品,,,,可能是原生食材，但频次、命名或类别证据不足
7171,鸡蛋馅,4,禽肉类及其制品,,,,可能是原生食材，但频次、命名或类别证据不足
7174,其他叶菜,4,蔬菜类及其制品,,2棵其他叶菜（例如菠菜）,38803,可能是原生食材，但频次、命名或类别证据不足
7175,豌豆荚,4,干豆类及其制品,,500g豌豆荚 || 500克豌豆荚 || 适量豌豆荚,38974|75087|100753,可能是原生食材，但频次、命名或类别证据不足
7176,鲔鱼,4,鱼虾蟹贝类,,100g鲔鱼,39381,可能是原生食材，但频次、命名或类别证据不足
7177,葱猪肉馅,4,畜肉类及其制品,,,,可能是原生食材，但频次、命名或类别证据不足
7178,红辣椒绿辣椒,4,蔬菜类及其制品,,适量红辣椒绿辣椒 || 少许红辣椒绿辣椒,55802|129189,可能是原生食材，但频次、命名或类别证据不足
7181,油酥花生米,4,谷类及其制品,,适量油酥花生米 || 1小把油酥花生米,40357|143596,可能是原生食材，但频次、命名或类别证据不足
7183,全麦自发粉,4,谷类及其制品,,140克全麦自发粉,101686,可能是原生食材，但频次、命名或类别证据不足
7191,吧蒜末,4,蔬菜类及其制品,吧蒜,3瓣吧蒜末,40933,形态描述存在，但原始食材无法确定
7193,香葱头,4,蔬菜类及其制品,,香葱头 || 2个香葱头,40962|119216,可能是原生食材，但频次、命名或类别证据不足
7196,炒鸡丁,4,禽肉类及其制品,炒鸡,炒鸡丁,41109,形态描述存在，但原始食材无法确定
7197,核桃芝麻粉,4,水果类及其制品,,20克现磨核桃芝麻粉 || 10g核桃芝麻粉 || 40克核桃芝麻粉,41145|102322|160612,可能是原生食材，但频次、命名或类别证据不足
7203,家鸡,4,禽肉类及其制品,,1/3只家鸡 || 一只家鸡 || 1只家鸡,41771|111625|151019,可能是原生食材，但频次、命名或类别证据不足
7204,少洋葱,4,蔬菜类及其制品,,少半个洋葱 || 少半个（100克）洋葱 || 少半个（不喜欢可以不加）洋葱,41864|64362|88125|107956|117391|127561,可能是原生食材，但频次、命名或类别证据不足
7207,鸡里脊肉,4,禽肉类及其制品,,,,可能是原生食材，但频次、命名或类别证据不足
7215,圆青椒,4,蔬菜类及其制品,,圆青椒 1个 || 1个圆青椒 || 250g圆青椒,42313|87555|95628|100578,可能是原生食材，但频次、命名或类别证据不足
7216,吧枸杞,4,坚果种子类,,30几粒吧枸杞,42325,可能是原生食材，但频次、命名或类别证据不足
7219,菠菜卷饼,4,蔬菜类及其制品,,1张菠菜卷饼 || 1个菠菜卷饼,51869|74131|112064,可能是原生食材，但频次、命名或类别证据不足
7220,各土豆,4,干豆类及其制品,,各半个土豆，胡萝卜 || 各两个土豆，番茄 || 各一个土豆，胡萝卜,42904|110832|134688,可能是原生食材，但频次、命名或类别证据不足
7227,燕麦果泥,4,谷类及其制品,,,,可能是原生食材，但频次、命名或类别证据不足
7231,炸鸡排,4,禽肉类及其制品,,炸鸡排（常备菜） || #炸鸡排 || 炸鸡排用的,110647|139361|196186,可能是原生食材，但频次、命名或类别证据不足
7233,香草奶冻,4,蔬菜类及其制品,,#香草奶冻,43834,可能是原生食材，但频次、命名或类别证据不足
7234,水麦芽,4,干豆类及其制品,,30g水麦芽 || 140g水麦芽（玉米糖浆） || 适量水麦芽,43859|63856|66925,可能是原生食材，但频次、命名或类别证据不足
7235,人造肉,4,畜肉类及其制品,,300克人造肉 || 适量人造肉,44045|57739|157606,可能是原生食材，但频次、命名或类别证据不足
7241,火龙果果肉,4,水果类及其制品,,65g火龙果果肉 || 190g火龙果果肉 || 若干火龙果果肉,45206|93855|185037,可能是原生食材，但频次、命名或类别证据不足
7246,莲子百合,4,坚果种子类,,若干莲子百合,45226,可能是原生食材，但频次、命名或类别证据不足
7247,细意面,4,谷类及其制品,,一把细意面,45406|87694,可能是原生食材，但频次、命名或类别证据不足
7249,鸭杂,4,禽肉类及其制品,,鸭杂,45868,可能是原生食材，但频次、命名或类别证据不足
7251,动物蛋白,4,蛋类及其制品,,,,可能是原生食材，但频次、命名或类别证据不足
7252,米花,4,谷类及其制品,,200g米花 || 米花 || 25g大米花,46120|82008|85454,可能是原生食材，但频次、命名或类别证据不足
7253,小时糯米,4,谷类及其制品,,,,可能是原生食材，但频次、命名或类别证据不足
7255,蛋清蛋白,4,蛋类及其制品,,,,可能是原生食材，但频次、命名或类别证据不足
7259,白鲳鱼,4,鱼虾蟹贝类,,一条白鲳鱼 || 1条白鲳鱼 || 1条（七八两左右）白鲳鱼,46622|173176|189040,可能是原生食材，但频次、命名或类别证据不足
7266,金钱菇,4,菌藻类,,金钱菇 || 8朵金钱菇 || 25朵金钱菇,46936|55603|102886,可能是原生食材，但频次、命名或类别证据不足
7267,紫薯芋泥,4,薯类淀粉及其制品,,紫薯 芋泥 || 适量紫薯芋泥,124551|145964,可能是原生食材，但频次、命名或类别证据不足
7268,干小葱,4,蔬菜类及其制品,,2干小葱 || 一把干小葱 || 1根干小葱,47034|48086|56014|66284|78205,可能是原生食材，但频次、命名或类别证据不足
7271,手打牛丸,4,畜肉类及其制品,,两颗手打牛丸,179091,可能是原生食材，但频次、命名或类别证据不足
7279,花生黄豆,4,干豆类及其制品,,,,可能是原生食材，但频次、命名或类别证据不足
7285,唐菜,4,蔬菜类及其制品,,,,可能是原生食材，但频次、命名或类别证据不足
7286,末葱花,4,蔬菜类及其制品,,末葱花,48351,可能是原生食材，但频次、命名或类别证据不足
7287,了青椒,4,蔬菜类及其制品,,我用了5个青椒 || 我用了三个青椒（选的是直直的尖椒）,48352|187067,可能是原生食材，但频次、命名或类别证据不足
7291,红泰椒,4,蔬菜类及其制品,,3只红泰椒 || 只小红泰椒3 || 1个红泰椒,48594|67853|80949,可能是原生食材，但频次、命名或类别证据不足
7292,全麦细粉,4,谷类及其制品,,75克全麦细粉(t150),131718,可能是原生食材，但频次、命名或类别证据不足
7294,鳕鱼松,4,鱼虾蟹贝类,,适量鳕鱼松 || 1克鳕鱼松,48674|191778,可能是原生食材，但频次、命名或类别证据不足
7296,袖珍菇,4,菌藻类,,少许袖珍菇 || 15克袖珍菇 || 50g袖珍菇,48873|68019|92114,可能是原生食材，但频次、命名或类别证据不足
7302,蔓越莓馅,4,水果类及其制品,,适量蔓越莓馅 || 500克蔓越莓馅 || 420克蔓越莓馅,49420|109466|151250,可能是原生食材，但频次、命名或类别证据不足
7303,鹌鹑蛋鸡蛋,4,禽肉类及其制品,,,,可能是原生食材，但频次、命名或类别证据不足
7309,秋月梨,4,水果类及其制品,,1个秋月梨,50024|195009,可能是原生食材，但频次、命名或类别证据不足
7310,就好韭菜,4,蔬菜类及其制品,,几根就好韭菜,50185,可能是原生食材，但频次、命名或类别证据不足
7311,莲藕排骨汤,4,畜肉类及其制品,,,,可能是原生食材，但频次、命名或类别证据不足
7313,葱丝姜丝,4,蔬菜类及其制品,葱丝姜,适量葱丝姜丝 || 少许葱丝姜丝 || 葱丝姜丝适量,50345|55172|64110|95384,形态描述存在，但原始食材无法确定
7315,旱萝卜,4,蔬菜类及其制品,,1个旱萝卜 || 半个旱萝卜 || 1根旱萝卜,50600|53415|82955,可能是原生食材，但频次、命名或类别证据不足
7318,糊辣椒,4,蔬菜类及其制品,,适量糊辣椒 || （做法在小贴士）糊辣椒 || 少许糊辣椒,50946|54166|109379,可能是原生食材，但频次、命名或类别证据不足
7319,猪肉五花肉,4,畜肉类及其制品,,250克猪肉五花肉 || 300克猪肉五花肉 || 300克猪肉 五花肉,50960|80626|81017,可能是原生食材，但频次、命名或类别证据不足
7321,少量柠檬,4,水果类及其制品,,少量（没有也还好）柠檬,51205,可能是原生食材，但频次、命名或类别证据不足
7325,直身意面,4,谷类及其制品,,一人份直身意面,51381,可能是原生食材，但频次、命名或类别证据不足
7330,辣味青椒,4,蔬菜类及其制品,,四个有辣味的青椒,148618,可能是原生食材，但频次、命名或类别证据不足
7333,锥栗,4,坚果种子类,,250克锥栗 || 500克锥栗 || 10颗锥栗（不认识的请搜百度图片）,51860|53079|64416,可能是原生食材，但频次、命名或类别证据不足
7334,各蒜苗,4,蔬菜类及其制品,,各2根蒜苗，香菜,51894,可能是原生食材，但频次、命名或类别证据不足
7335,阳春面,4,谷类及其制品,,我用的是200克阳春面（湿面，面店有售） || 适量阳春面 || 1小把阳春面,52070|113858|184034,可能是原生食材，但频次、命名或类别证据不足
7337,香辣菜,4,蔬菜类及其制品,,1包香辣菜 || 香辣菜，土豆 || 适量香辣菜,52389|57843|68348,可能是原生食材，但频次、命名或类别证据不足
7343,冰菜,4,蔬菜类及其制品,,一份冰菜 || 半斤冰菜（冰草）,53514|140425,可能是原生食材，但频次、命名或类别证据不足
7344,泡发好海参,4,鱼虾蟹贝类,,,,可能是原生食材，但频次、命名或类别证据不足
7347,虾头虾壳,4,鱼虾蟹贝类,,约250克虾头虾壳 || 若干虾头虾壳,53906|176660,可能是原生食材，但频次、命名或类别证据不足
7348,葱段&姜片,4,蔬菜类及其制品,葱段|姜片,葱段&姜片,53965|150840,疑似多食材组合，但无法百分之百确认全部组成
7353,辣度辣椒,4,蔬菜类及其制品,,,,可能是原生食材，但频次、命名或类别证据不足
7357,节葱白,4,蔬菜类及其制品,,2节葱白 || 6节（每节约4厘米长）葱白 || 1小节葱白,54663|66397|117763|140432,可能是原生食材，但频次、命名或类别证据不足
7360,核桃红枣,4,水果类及其制品,,1个核桃红枣,54955,可能是原生食材，但频次、命名或类别证据不足
7361,数土豆,4,干豆类及其制品,,,,可能是原生食材，但频次、命名或类别证据不足
7362,蒜酥,4,蔬菜类及其制品,,大蒜酥,55009,可能是原生食材，但频次、命名或类别证据不足
7363,白金针菇,4,菌藻类,,,,可能是原生食材，但频次、命名或类别证据不足
7367,古田银耳,4,菌藻类,,1朵古田银耳,55546,可能是原生食材，但频次、命名或类别证据不足
7368,日本米,4,谷类及其制品,,1碗日本米（如果用一般的米，可以加少许糯米增加黏度） || 50 克日本米 （或任何一款粳米/圆米）,55555|83896,可能是原生食材，但频次、命名或类别证据不足
7371,柴鸡,4,禽肉类及其制品,,半只新鲜柴鸡 || 1只柴鸡 || 半只柴鸡,55832|59181|63935|82677,可能是原生食材，但频次、命名或类别证据不足
7372,压缩黑木耳,4,菌藻类,,1包压缩黑木耳,55865,可能是原生食材，但频次、命名或类别证据不足
7376,夹子肉,4,畜肉类及其制品,,500克夹子肉 || 250克（直接用绞肉也可以）夹子肉（盖板肉、五花肉都可以）,55990|72318,可能是原生食材，但频次、命名或类别证据不足
7378,干海椒面,4,谷类及其制品,,一勺干海椒面 || 1茶匙干海椒面,56074|177121,可能是原生食材，但频次、命名或类别证据不足
7379,小红米椒,4,谷类及其制品,,,,可能是原生食材，但频次、命名或类别证据不足
7381,绿色菜叶,4,蔬菜类及其制品,,数片绿色菜叶 || 16片绿色菜叶,56510|187298,可能是原生食材，但频次、命名或类别证据不足
7384,黑芝麻葱花,4,坚果种子类,,适量黑芝麻葱花,56815,可能是原生食材，但频次、命名或类别证据不足
7385,牛霖,4,畜肉类及其制品,,250g牛霖 || 400-500G牛霖（浸泡去血水） || 150g牛霖,56841|97697|123716,可能是原生食材，但频次、命名或类别证据不足
7387,鸡珍,4,禽肉类及其制品,,250克鸡珍 || 2个鸡珍 || 10个鸡珍,57017|61329|138861,可能是原生食材，但频次、命名或类别证据不足
7390,干牛肝菌,4,畜肉类及其制品,,两个干牛肝菌 || 15g干牛肝菌 || 少许干牛肝菌,57373|69606|104672,可能是原生食材，但频次、命名或类别证据不足
7392,腿鸡腿肉,4,禽肉类及其制品,,一个大腿鸡腿肉,57446,可能是原生食材，但频次、命名或类别证据不足
7393,芒果切丁,4,水果类及其制品,芒果切,芒果切丁,57514,形态描述存在，但原始食材无法确定
7395,五花腩肉,4,畜肉类及其制品,,五花腩肉300g，梅干菜3杯，生姜2片，老抽1-2汤匙，黄酒2汤匙，碎冰糖1-2汤匙,57586,可能是原生食材，但频次、命名或类别证据不足
7397,黑木耳干,4,菌藻类,,10朵黑木耳干 || 少许黑木耳干 || 10g黑木耳干,57675|70458|96742,可能是原生食材，但频次、命名或类别证据不足
7398,就行小米,4,谷类及其制品,,差不多就行小米,158716,可能是原生食材，但频次、命名或类别证据不足
7401,肚丝,4,其他类,肚,250克肚丝 || 肚丝 || 250g肚丝,58133|65042|152738,形态描述存在，但原始食材无法确定
7402,腌柠檬,4,水果类及其制品,,3个腌柠檬,58141,可能是原生食材，但频次、命名或类别证据不足
7405,蒜蓉粉,4,蔬菜类及其制品,,适量蒜蓉粉 || 1/2茶匙蒜蓉粉 || 3勺蒜蓉粉,58277|122488|153236,可能是原生食材，但频次、命名或类别证据不足
7406,腌鸡肉,4,禽肉类及其制品,,#腌鸡肉 || 腌鸡肉,58300|89773|94031|189092|193740,可能是原生食材，但频次、命名或类别证据不足
7413,高蛋白,4,蛋类及其制品,,高蛋白（低脂） || 高蛋白,58875|148369,可能是原生食材，但频次、命名或类别证据不足
7414,虾仁馅,4,鱼虾蟹贝类,,,,可能是原生食材，但频次、命名或类别证据不足
7416,长白萝卜,4,蔬菜类及其制品,,500克左右1个长白萝卜 || 一个长白萝卜 || 半根长白萝卜,58918|106842|126429,可能是原生食材，但频次、命名或类别证据不足
7420,多点生姜,4,蔬菜类及其制品,,,,可能是原生食材，但频次、命名或类别证据不足
7421,帆立贝,4,鱼虾蟹贝类,,10只帆立贝,59147|147013,可能是原生食材，但频次、命名或类别证据不足
7422,肉粽,4,畜肉类及其制品,,2个肉粽 || 肉粽,91580|157887|193578,可能是原生食材，但频次、命名或类别证据不足
7424,腿鸡腿,4,禽肉类及其制品,,,,可能是原生食材，但频次、命名或类别证据不足
7429,英式麦芬,4,谷类及其制品,,英式麦芬,59852,可能是原生食材，但频次、命名或类别证据不足
7430,生吃鸡蛋,4,禽肉类及其制品,,生吃鸡蛋,59852,可能是原生食材，但频次、命名或类别证据不足
7431,细辣椒,4,蔬菜类及其制品,,2根细辣椒,59853,可能是原生食材，但频次、命名或类别证据不足
7432,草莓香蕉,4,水果类及其制品,,适量草莓香蕉,59968,可能是原生食材，但频次、命名或类别证据不足
7433,芝麻撒表面,4,坚果种子类,,若干芝麻（香葱）撒表面,113193,可能是原生食材，但频次、命名或类别证据不足
7436,带点肥肉,4,畜肉类及其制品,,适量（自己吃的料可多点）带点肥的肉，剁成肉末,60215,可能是原生食材，但频次、命名或类别证据不足
7438,安格斯牛排,4,畜肉类及其制品,,4片安格斯牛排,60226,可能是原生食材，但频次、命名或类别证据不足
7442,全蛋液鸡蛋,4,禽肉类及其制品,,全蛋液25克鸡蛋 || 全蛋液50g鸡蛋 || 一个全蛋液鸡蛋,60419|97854|160034,可能是原生食材，但频次、命名或类别证据不足
7443,面胚,4,谷类及其制品,,#面胚（6个份） || 面胚,60881|78121,可能是原生食材，但频次、命名或类别证据不足
7444,麻薯馅,4,薯类淀粉及其制品,,麻薯馅 || 适量麻薯馅 || ＃麻薯馅,60976|93065|111648|119363|125300|128685,可能是原生食材，但频次、命名或类别证据不足
7447,乌鸡汤,4,禽肉类及其制品,,两大碗乌鸡汤,61408,可能是原生食材，但频次、命名或类别证据不足
7448,方肉,4,畜肉类及其制品,,方肉随意 || 一块方肉 || 50克方肉,61503|115950|173086,可能是原生食材，但频次、命名或类别证据不足
7455,头樱桃,4,水果类及其制品,,数粒罐头樱桃,62133,可能是原生食材，但频次、命名或类别证据不足
7457,菜各种蔬菜,4,蔬菜类及其制品,,,,可能是原生食材，但频次、命名或类别证据不足
7458,绿豆仁,4,干豆类及其制品,,少许油炸绿豆仁 || 500克绿豆仁 || 适量绿豆仁,62731|63373|154190,可能是原生食材，但频次、命名或类别证据不足
7462,小小面,4,谷类及其制品,,,,可能是原生食材，但频次、命名或类别证据不足
7469,果蔬蝴蝶面,4,谷类及其制品,,25克果蔬蝴蝶面 || 25g果蔬蝴蝶面,63665|191712,可能是原生食材，但频次、命名或类别证据不足
7470,水发鱿鱼,4,鱼虾蟹贝类,,0.5斤水发鱿鱼,63750,可能是原生食材，但频次、命名或类别证据不足
7472,饭米,4,谷类及其制品,,,,可能是原生食材，但频次、命名或类别证据不足
7473,瘦猪肉馅,4,畜肉类及其制品,,若干瘦猪肉馅 || 适量瘦猪肉馅 || 瘦猪肉馅,63914|117756|138621,可能是原生食材，但频次、命名或类别证据不足
7477,蔬菜配菜,4,蔬菜类及其制品,,蔬菜配菜 || 少许蔬菜配菜,64176|95560,可能是原生食材，但频次、命名或类别证据不足
7487,奥尔良鸡胸肉,4,禽肉类及其制品,,1大块奥尔良鸡胸肉 || 1块奥尔良鸡胸肉,64945|160624,可能是原生食材，但频次、命名或类别证据不足
7492,糙米大米,4,谷类及其制品,,,,可能是原生食材，但频次、命名或类别证据不足
7494,土豆切块,4,干豆类及其制品,土豆切,500g去皮土豆（小土豆更好吃）切块 || 250克土豆切块 || 土豆切块,65512|73992|84332,形态描述存在，但原始食材无法确定
7495,鸡蛋一共,4,禽肉类及其制品,,,,可能是原生食材，但频次、命名或类别证据不足
7496,高粱面,4,谷类及其制品,,30g高粱面 || 克高粱面100 || 200克高粱面,65823|99086|147293,可能是原生食材，但频次、命名或类别证据不足
7498,美国杂菜,4,蔬菜类及其制品,,200克美国杂菜 || 适量美国杂菜(豌豆，玉米，胡萝卜) || 半袋美国杂菜,66047|119150|157496,可能是原生食材，但频次、命名或类别证据不足
7499,那种山药,4,薯类淀粉及其制品,,,,可能是原生食材，但频次、命名或类别证据不足
7500,海鸭蛋蛋黄,4,禽肉类及其制品,,8个海鸭蛋蛋黄 || 4个海鸭蛋蛋黄,66268|121864,可能是原生食材，但频次、命名或类别证据不足
7501,克瘦肉,4,畜肉类及其制品,,,,可能是原生食材，但频次、命名或类别证据不足
7507,柠檬柠檬,4,水果类及其制品,,1个柠檬柠檬，白糖或冰糖。,66793,可能是原生食材，但频次、命名或类别证据不足
7510,臊子肉,4,畜肉类及其制品,,臊子肉,66971,可能是原生食材，但频次、命名或类别证据不足
7518,青蚕豆,4,干豆类及其制品,,1小碗青蚕豆 || 500克青蚕豆,67962|195193,可能是原生食材，但频次、命名或类别证据不足
7519,兔子肉,4,畜肉类及其制品,,半只兔子肉,97088,可能是原生食材，但频次、命名或类别证据不足
7522,大小杏鲍菇,4,鱼虾蟹贝类,,,,可能是原生食材，但频次、命名或类别证据不足
7528,紫胡萝卜,4,蔬菜类及其制品,,半根紫胡萝卜,68869,可能是原生食材，但频次、命名或类别证据不足
7531,羊肩肉,4,畜肉类及其制品,,羊肩肉 || 300g羊肩肉 || 六块羊肩肉,69059|122667|186675,可能是原生食材，但频次、命名或类别证据不足
7532,芒果颗粒,4,水果类及其制品,,芒果颗粒,69141,可能是原生食材，但频次、命名或类别证据不足
7534,饼鸡蛋,4,禽肉类及其制品,,1个/饼鸡蛋,69282,可能是原生食材，但频次、命名或类别证据不足
7540,定量大米,4,谷类及其制品,,,,可能是原生食材，但频次、命名或类别证据不足
7555,鱼卷,4,鱼虾蟹贝类,,1条鱼卷 || 1包鱼卷 || 适量鱼卷,71852|174695|196065,可能是原生食材，但频次、命名或类别证据不足
7556,手剥虾仁,4,鱼虾蟹贝类,,6只新鲜手剥虾仁,71884,可能是原生食材，但频次、命名或类别证据不足
7557,虾饼,4,鱼虾蟹贝类,,2只虾饼 || 一盒（6个）虾饼,71936|131172,可能是原生食材，但频次、命名或类别证据不足
7561,红花生米,4,谷类及其制品,,300g红花生米,188548,可能是原生食材，但频次、命名或类别证据不足
7564,紫苏籽粉,4,蔬菜类及其制品,,5勺紫苏籽粉 || 5g紫苏籽粉,72253|197783,可能是原生食材，但频次、命名或类别证据不足
7566,大青椒,4,蔬菜类及其制品,,,,可能是原生食材，但频次、命名或类别证据不足
7567,鱿鱼爪,4,鱼虾蟹贝类,,3只(净爪无脖)鱿鱼爪,72658,可能是原生食材，但频次、命名或类别证据不足
7572,&小洋葱,4,蔬菜类及其制品,小洋葱,,,疑似多食材组合，但无法百分之百确认全部组成
7573,蝴蝶意面,4,谷类及其制品,,150g蝴蝶意面 || 一小把蝴蝶意面,73343|90332,可能是原生食材，但频次、命名或类别证据不足
7574,三层五花肉,4,畜肉类及其制品,,400克三层五花肉,73530,可能是原生食材，但频次、命名或类别证据不足
7578,烧排骨,4,畜肉类及其制品,,,,可能是原生食材，但频次、命名或类别证据不足
7579,角豆粉,4,干豆类及其制品,,8克角豆粉（或者也用可可粉）,73849,可能是原生食材，但频次、命名或类别证据不足
7582,发芽米,4,干豆类及其制品,,2碗（熟）发芽米 || 10克发芽米,73880|128754,可能是原生食材，但频次、命名或类别证据不足
7586,小个红薯,4,薯类淀粉及其制品,,,,可能是原生食材，但频次、命名或类别证据不足
7592,头金枪鱼,4,鱼虾蟹贝类,,50克罐头金枪鱼 || 40克罐头金枪鱼 || 适量罐头金枪鱼,75228|112852|118421,可能是原生食材，但频次、命名或类别证据不足
7593,饭量意面,4,谷类及其制品,,,,可能是原生食材，但频次、命名或类别证据不足
7596,干柠檬片,4,水果类及其制品,干柠檬,2片干柠檬片,75722,形态描述存在，但原始食材无法确定
7597,生大米,4,谷类及其制品,,70克生大米,75780,可能是原生食材，但频次、命名或类别证据不足
7599,酵素菌粉,4,菌藻类,,1.5g酵素菌粉,76146|83386,可能是原生食材，但频次、命名或类别证据不足
7600,浓缩鸡汤,4,禽肉类及其制品,,2小勺(没有可放些鸡精)浓缩鸡汤,76174,可能是原生食材，但频次、命名或类别证据不足
7605,小葱叶,4,蔬菜类及其制品,,,,可能是原生食材，但频次、命名或类别证据不足
7606,全麦通心粉,4,谷类及其制品,,30g全麦通心粉,76713,可能是原生食材，但频次、命名或类别证据不足
7608,什锦海鲜,4,鱼虾蟹贝类,,什锦海鲜 || 1份什锦海鲜 || 适量什锦海鲜,76798|100074|145538,可能是原生食材，但频次、命名或类别证据不足
7609,葱蒜香菜,4,蔬菜类及其制品,,适量葱蒜香菜,76990|137423|190024,可能是原生食材，但频次、命名或类别证据不足
7612,咸鸡蛋,4,禽肉类及其制品,,2个自制咸鸡蛋，或超市买咸鸭蛋 || 咸鸡蛋 || 1只咸鸡蛋（鸭蛋）,77119|79065|175081,可能是原生食材，但频次、命名或类别证据不足
7615,绿灯笼椒,4,蔬菜类及其制品,,半个绿灯笼椒,77415,可能是原生食材，但频次、命名或类别证据不足
7619,混合香草粉,4,蔬菜类及其制品,,混合香草粉,77989,可能是原生食材，但频次、命名或类别证据不足
7620,鳕鱼排,4,鱼虾蟹贝类,,6块鳕鱼排 || 适量新鲜鳕鱼排,78073|91779,可能是原生食材，但频次、命名或类别证据不足
7628,厦门泡面,4,谷类及其制品,,1包厦门泡面,78761|174681,可能是原生食材，但频次、命名或类别证据不足
7634,自己食量挂面,4,谷类及其制品,,,,可能是原生食材，但频次、命名或类别证据不足
7635,大小五花肉,4,畜肉类及其制品,,,,可能是原生食材，但频次、命名或类别证据不足
7638,三文鱼柳,4,鱼虾蟹贝类,,1块三文鱼柳 || 两条三文鱼柳 || 随意三文鱼柳,79486|119710|189218,可能是原生食材，但频次、命名或类别证据不足
7640,各种米,4,谷类及其制品,,适量各种米,79557,可能是原生食材，但频次、命名或类别证据不足
7641,鸡蛋壳,4,禽肉类及其制品,,5个鸡蛋壳 || 数个鸡蛋壳 || 25个鸡蛋壳,79886|116100|120572,可能是原生食材，但频次、命名或类别证据不足
7643,肉串,4,畜肉类及其制品,,5串冷冻肉串（鸡肉或者骨肉相连）,80068,可能是原生食材，但频次、命名或类别证据不足
7646,鸡翅粉,4,禽肉类及其制品,,,,可能是原生食材，但频次、命名或类别证据不足
7648,鱼身,4,鱼虾蟹贝类,,一半鱼身（肚皮的那块）,80362,可能是原生食材，但频次、命名或类别证据不足
7650,羊腿骨,4,畜肉类及其制品,,羊腿骨 || 2斤羊腿骨 || 两根羊腿骨,80487|99364|133071,可能是原生食材，但频次、命名或类别证据不足
7652,牛肉面,4,畜肉类及其制品,,# 牛肉面 || 一包红烧牛肉面 || 1包红烧牛肉面,103712|110053|116693,可能是原生食材，但频次、命名或类别证据不足
7653,豌豆芽,4,干豆类及其制品,,,,可能是原生食材，但频次、命名或类别证据不足
7654,香草液,4,蔬菜类及其制品,,10毫升香草液 || 3克香草液,81113|115697,可能是原生食材，但频次、命名或类别证据不足
7655,猪头,4,畜肉类及其制品,,1只猪头,81346,可能是原生食材，但频次、命名或类别证据不足
7657,可以胡萝卜,4,蔬菜类及其制品,,,,可能是原生食材，但频次、命名或类别证据不足
7658,卡乐比麦片,4,谷类及其制品,卡乐比麦,一把卡乐比麦片 || 20克卡乐比麦片 || 80克卡乐比麦片,81876|87529|132202,形态描述存在，但原始食材无法确定
7660,成蒜泥蒜泥,4,蔬菜类及其制品,,,,可能是原生食材，但频次、命名或类别证据不足
7661,克蛤蜊,4,鱼虾蟹贝类,,～克蛤蜊（一定要没有沙）,82077,可能是原生食材，但频次、命名或类别证据不足
7666,老生姜,4,蔬菜类及其制品,,1块老生姜 || 一小块老生姜 || 0.1老生姜,82477|107121|115359,可能是原生食材，但频次、命名或类别证据不足
7667,五花肉一块,4,畜肉类及其制品,五花肉一,约500克五花肉一块,82504,形态描述存在，但原始食材无法确定
7669,火鸡胸,4,禽肉类及其制品,,适量火鸡胸,82825,可能是原生食材，但频次、命名或类别证据不足
7673,糊椒粉,4,蔬菜类及其制品,,适量糊椒粉 || 15粒糊椒粉,83201|89103,可能是原生食材，但频次、命名或类别证据不足
7675,梅子肉,4,畜肉类及其制品,,250g梅子肉 || 梅子肉 || 适量（看人的多少）梅子肉,83797|161362|173300,可能是原生食材，但频次、命名或类别证据不足
7677,五彩椒,4,蔬菜类及其制品,,2个五彩椒,84045,可能是原生食材，但频次、命名或类别证据不足
7679,湖蟹,4,鱼虾蟹贝类,,2～3个湖蟹，拆好的蟹肉和蟹黄 || 1只湖蟹,84642|106221,可能是原生食材，但频次、命名或类别证据不足
7681,腊八蒜,4,蔬菜类及其制品,,12瓣腊八蒜 || 5瓣腊八蒜（可以换普通蒜） || 20粒腊八蒜,84696|107071|111147,可能是原生食材，但频次、命名或类别证据不足
7684,口味红干椒,4,蔬菜类及其制品,,口味适量红干椒,84806,可能是原生食材，但频次、命名或类别证据不足
7685,吧糯米,4,谷类及其制品,,,,可能是原生食材，但频次、命名或类别证据不足
7686,了姜,4,蔬菜类及其制品,,,,可能是原生食材，但频次、命名或类别证据不足
7689,水果和蔬菜,4,蔬菜类及其制品,水果|蔬菜,,,疑似多食材组合，但无法百分之百确认全部组成
7695,成蒜泥大蒜,4,蔬菜类及其制品,,,,可能是原生食材，但频次、命名或类别证据不足
7696,海鲜饼,4,鱼虾蟹贝类,,150克海鲜饼,86498,可能是原生食材，但频次、命名或类别证据不足
7698,各种菇,4,菌藻类,,600g各种菇 || 各种菇 || 若干各种菇,109351|149063|155009,可能是原生食材，但频次、命名或类别证据不足
7699,耙豌豆,4,干豆类及其制品,,300g耙豌豆 || 耙豌豆,86848|137758,可能是原生食材，但频次、命名或类别证据不足
7702,红黄椒,4,蔬菜类及其制品,,适量（按个人喜好）红黄椒 || 适量红黄椒 || 1个红黄椒,87086|87282|145300,可能是原生食材，但频次、命名或类别证据不足
7703,核桃仁核桃,4,水果类及其制品,,大块的核桃仁五块核桃,87127,可能是原生食材，但频次、命名或类别证据不足
7706,栗蓉,4,坚果种子类,,150g栗蓉 || 180克栗蓉,87375|144670,可能是原生食材，但频次、命名或类别证据不足
7709,胡萝卜黄瓜,4,蔬菜类及其制品,,适量胡萝卜黄瓜,88373,可能是原生食材，但频次、命名或类别证据不足
7712,泰国罗勒,4,蔬菜类及其制品,,1把泰国罗勒 || 5-6株泰国罗勒,101660|108859,可能是原生食材，但频次、命名或类别证据不足
7716,香菇金针菇,4,菌藻类,,香菇 金针菇,89403,可能是原生食材，但频次、命名或类别证据不足
7718,白菜菜心,4,蔬菜类及其制品,,1个大白菜菜心 || 1只白菜菜心 || 1棵大白菜菜心,89571|106269|110286,可能是原生食材，但频次、命名或类别证据不足
7719,澳洲牛尾,4,畜肉类及其制品,,500g（约6节）澳洲牛尾,89702,可能是原生食材，但频次、命名或类别证据不足
7721,纯椰子水,4,水果类及其制品,,1瓶纯椰子水 || 一盒纯椰子水,89995|120521,可能是原生食材，但频次、命名或类别证据不足
7724,棵小葱,4,蔬菜类及其制品,,一大棵小葱,90327,可能是原生食材，但频次、命名或类别证据不足
7731,食量大米,4,谷类及其制品,,,,可能是原生食材，但频次、命名或类别证据不足
7734,通心面,4,谷类及其制品,,250g通心面 || 100g通心面,91416|181300,可能是原生食材，但频次、命名或类别证据不足
7737,牛肉饭,4,畜肉类及其制品,,,,可能是原生食材，但频次、命名或类别证据不足
7739,波浪薯片,4,薯类淀粉及其制品,波浪薯,4包大波浪薯片,92113,形态描述存在，但原始食材无法确定
7741,各式坚果,4,坚果种子类,,80克各式坚果 || 25克各式坚果 || 30克各式坚果,92268|102531|112004,可能是原生食材，但频次、命名或类别证据不足
7742,鲜米,4,谷类及其制品,,250克鲜米 || 1罐一罐鲜米,92371|144655,可能是原生食材，但频次、命名或类别证据不足
7743,枣碎,4,坚果种子类,枣,20克大枣碎 || 200克枣碎,92407|166191,形态描述存在，但原始食材无法确定
7744,各小葱,4,蔬菜类及其制品,,各1根小葱，香菜 || 各一两根小葱，香菜,92477|154883,可能是原生食材，但频次、命名或类别证据不足
7746,果肉夹心,4,畜肉类及其制品,,,,可能是原生食材，但频次、命名或类别证据不足
7749,野生黑木耳,4,菌藻类,,野生黑木耳,93538,可能是原生食材，但频次、命名或类别证据不足
7761,如香菇,4,菌藻类,,如香菇，木耳，黄花菜等各种喜欢的干货,111671,可能是原生食材，但频次、命名或类别证据不足
7765,肉里,4,畜肉类及其制品,,,,可能是原生食材，但频次、命名或类别证据不足
7767,混合干香草,4,蔬菜类及其制品,,,,可能是原生食材，但频次、命名或类别证据不足
7769,面团辅料,4,谷类及其制品,,,,可能是原生食材，但频次、命名或类别证据不足
7774,来五花肉,4,畜肉类及其制品,,,,可能是原生食材，但频次、命名或类别证据不足
7777,肉面,4,畜肉类及其制品,,,,可能是原生食材，但频次、命名或类别证据不足
7778,色藜麦,4,谷类及其制品,,1小杯三色藜麦 || 一小碗三色藜麦 || 50克3色藜麦,96679|117484|162017,可能是原生食材，但频次、命名或类别证据不足
7779,白地瓜,4,蔬菜类及其制品,,1个白地瓜,96726,可能是原生食材，但频次、命名或类别证据不足
7782,辣椒大料,4,蔬菜类及其制品,,,,可能是原生食材，但频次、命名或类别证据不足
7783,澳洲牛肉,4,畜肉类及其制品,,300g澳洲牛肉,96980,可能是原生食材，但频次、命名或类别证据不足
7784,多绿豆,4,干豆类及其制品,,一碗多绿豆,97063,可能是原生食材，但频次、命名或类别证据不足
7789,草莓夹心,4,水果类及其制品,,,,可能是原生食材，但频次、命名或类别证据不足
7791,兰州拉面,4,谷类及其制品,,,,可能是原生食材，但频次、命名或类别证据不足
7792,咸鸡,4,禽肉类及其制品,,若干块咸鸡 || 半只咸鸡,98317|189267,可能是原生食材，但频次、命名或类别证据不足
7793,是鸡肉,4,禽肉类及其制品,,,,可能是原生食材，但频次、命名或类别证据不足
7794,克木薯粉,4,薯类淀粉及其制品,,5克+5克木薯粉,171863,可能是原生食材，但频次、命名或类别证据不足
7796,芹菜香菜,4,蔬菜类及其制品,,适量芹菜香菜,148728,可能是原生食材，但频次、命名或类别证据不足
7797,都行鸡蛋,4,禽肉类及其制品,,,,可能是原生食材，但频次、命名或类别证据不足
7798,剔骨肉,4,畜肉类及其制品,,,,可能是原生食材，但频次、命名或类别证据不足
7801,雪蟹,4,鱼虾蟹贝类,,雪蟹,99351,可能是原生食材，但频次、命名或类别证据不足
7804,火龙果液,4,水果类及其制品,,53g火龙果液 || 70克火龙果液,99626|171756,可能是原生食材，但频次、命名或类别证据不足
7806,墨西哥青辣椒,4,蔬菜类及其制品,,1/4杯墨西哥青辣椒（可用其他辣的青辣椒代替）,141907,可能是原生食材，但频次、命名或类别证据不足
7807,儿小葱,4,蔬菜类及其制品,,,,可能是原生食材，但频次、命名或类别证据不足
7810,炒黄豆,4,干豆类及其制品,,10克炒黄豆 || 适量（也可不加）炒黄豆,100069|104313,可能是原生食材，但频次、命名或类别证据不足
7813,冷面汤,4,谷类及其制品,,#冷面汤 || 一包冷面汤 || #冷面汤#（主料）,100296|103167|139665,可能是原生食材，但频次、命名或类别证据不足
7814,南瓜汤,4,蔬菜类及其制品,,南瓜汤 || 200克南瓜汤,100480|174357,可能是原生食材，但频次、命名或类别证据不足
7816,巴沙鱼肉,4,鱼虾蟹贝类,,适量巴沙鱼肉 || 500-1000克巴沙鱼肉,100621|125893,可能是原生食材，但频次、命名或类别证据不足
7821,豆筋,4,干豆类及其制品,,300克豆筋 || 少许豆筋,101507|181857,可能是原生食材，但频次、命名或类别证据不足
7822,土豆金针菇,4,菌藻类,,,,可能是原生食材，但频次、命名或类别证据不足
7823,肉净重,4,畜肉类及其制品,,,,可能是原生食材，但频次、命名或类别证据不足
7824,白菜蔬菜,4,蔬菜类及其制品,,小白菜蔬菜,101950,可能是原生食材，但频次、命名或类别证据不足
7825,自发小麦粉,4,谷类及其制品,,250g自发小麦粉 || 1000g自发小麦粉,101988|186520,可能是原生食材，但频次、命名或类别证据不足
7826,辣程度小米辣,4,谷类及其制品,,,,可能是原生食材，但频次、命名或类别证据不足
7828,胡萝卜蔬菜,4,蔬菜类及其制品,,胡萝卜蔬菜,102315|162309,可能是原生食材，但频次、命名或类别证据不足
7837,鸡肉糜,4,禽肉类及其制品,,鸡肉糜,103177,可能是原生食材，但频次、命名或类别证据不足
7838,冻香蕉,4,水果类及其制品,,2根（200g）冻香蕉 || 冻香蕉 || 1根冻香蕉（切块儿再冻）,103327|117491|125044,可能是原生食材，但频次、命名或类别证据不足
7840,水浸吞拿鱼,4,鱼虾蟹贝类,,几勺水浸吞拿鱼,103548,可能是原生食材，但频次、命名或类别证据不足
7842,牛腱心,4,畜肉类及其制品,,牛腱心1斤 || 牛腱心 || 2条牛腱心,103712|136021|199285,可能是原生食材，但频次、命名或类别证据不足
7847,绿色甜椒,4,蔬菜类及其制品,,半个绿色甜椒 || 20克绿色甜椒,104512|111079,可能是原生食材，但频次、命名或类别证据不足
7848,野生蘑菇,4,菌藻类,,,,可能是原生食材，但频次、命名或类别证据不足
7850,草莓精,4,水果类及其制品,,3~4滴草莓精 || 5滴草莓精,104884|171406,可能是原生食材，但频次、命名或类别证据不足
7852,酸包菜,4,蔬菜类及其制品,,,,可能是原生食材，但频次、命名或类别证据不足
7853,表面全蛋液,4,蛋类及其制品,,表面全蛋液少许,105578,可能是原生食材，但频次、命名或类别证据不足
7861,多草莓,4,水果类及其制品,,,,可能是原生食材，但频次、命名或类别证据不足
7864,益生菌发酵剂,4,菌藻类,,,,可能是原生食材，但频次、命名或类别证据不足
7865,面挂面,4,谷类及其制品,,,,可能是原生食材，但频次、命名或类别证据不足
7869,南瓜叶,4,蔬菜类及其制品,,少许南瓜叶 || 1把南瓜叶,107350|176456,可能是原生食材，但频次、命名或类别证据不足
7870,白切鸡,4,禽肉类及其制品,,适量白切鸡 || 半只白切鸡,107354|126073,可能是原生食材，但频次、命名或类别证据不足
7871,菜叶青菜,4,蔬菜类及其制品,,三片菜叶青菜,107415,可能是原生食材，但频次、命名或类别证据不足
7879,大麦若叶粉,4,谷类及其制品,,,,可能是原生食材，但频次、命名或类别证据不足
7880,薄片五花肉,4,畜肉类及其制品,,,,可能是原生食材，但频次、命名或类别证据不足
7881,葱圈,4,蔬菜类及其制品,,葱圈，蒜末 || 30g葱圈 || 5片大葱圈,108977|112387|185925,可能是原生食材，但频次、命名或类别证据不足
7883,偏肥五花肉,4,畜肉类及其制品,,300克偏肥的五花肉 || 适量偏肥五花肉,109271|123865,可能是原生食材，但频次、命名或类别证据不足
7885,牛后腿,4,畜肉类及其制品,,500克牛后腿,110277,可能是原生食材，但频次、命名或类别证据不足
7887,蟹黄蟹膏,4,鱼虾蟹贝类,,,,可能是原生食材，但频次、命名或类别证据不足
7888,松茸鲜蔬粉,4,菌藻类,,3克松茸鲜蔬粉,120490,可能是原生食材，但频次、命名或类别证据不足
7889,百香果浆,4,水果类及其制品,,百香果浆,110537,可能是原生食材，但频次、命名或类别证据不足
7894,香菇切片,4,菌藻类,香菇切,3朵香菇切片 || 若干朵香菇切片 || 10朵香菇切片,111307|149573|176790,形态描述存在，但原始食材无法确定
7898,是配菜,4,蔬菜类及其制品,,以下是配菜,132114,可能是原生食材，但频次、命名或类别证据不足
7899,姜丝蒜末,4,蔬菜类及其制品,姜丝蒜,适量姜丝蒜末 || 适量姜丝 蒜末 || 姜丝 蒜末,111489|132039|159793,形态描述存在，但原始食材无法确定
7905,鱼腐,4,鱼虾蟹贝类,,适量鱼腐 || 100克鱼腐,112977|157845,可能是原生食材，但频次、命名或类别证据不足
7906,沁州黄小米,4,谷类及其制品,,半小碗沁州黄小米 || 适量沁州黄小米,113122|171678,可能是原生食材，但频次、命名或类别证据不足
7907,大个土豆,4,干豆类及其制品,,,,可能是原生食材，但频次、命名或类别证据不足
7908,贝壳意粉,4,鱼虾蟹贝类,,少许贝壳意粉 || 适量贝壳意粉,113350|124724,可能是原生食材，但频次、命名或类别证据不足
7910,黄翅鱼,4,鱼虾蟹贝类,,1条黄翅鱼 || 一条黄翅鱼 || 2条黄翅鱼,113789|120605|165194,可能是原生食材，但频次、命名或类别证据不足
7914,泰国罗勒叶,4,蔬菜类及其制品,,适量泰国罗勒叶,114006,可能是原生食材，但频次、命名或类别证据不足
7916,油浸番茄,4,蔬菜类及其制品,,10-15g油浸番茄 || 适量油浸番茄 || 油浸番茄,114290|134058|171432,可能是原生食材，但频次、命名或类别证据不足
7917,笔管鱼,4,鱼虾蟹贝类,,5条笔管鱼 || 笔管鱼 || 半斤笔管鱼,114455|124840|125145,可能是原生食材，但频次、命名或类别证据不足
7918,葵瓜子,4,坚果种子类,,1大匙葵瓜子 || 适量葵瓜子,114544|140982,可能是原生食材，但频次、命名或类别证据不足
7920,黄金蟹,4,鱼虾蟹贝类,,700g一只黄金蟹,114955,可能是原生食材，但频次、命名或类别证据不足
7921,干燥香草,4,蔬菜类及其制品,,,,可能是原生食材，但频次、命名或类别证据不足
7923,野山椒水,4,蔬菜类及其制品,,150克野山椒水 || 野山椒水 || 4勺野山椒水,115416|173268|179609,可能是原生食材，但频次、命名或类别证据不足
7929,优质蛋白质,4,蛋类及其制品,,,,可能是原生食材，但频次、命名或类别证据不足
7931,油鸡蛋,4,禽肉类及其制品,,,,可能是原生食材，但频次、命名或类别证据不足
7934,香菇根,4,菌藻类,,2斤香菇根,116748,可能是原生食材，但频次、命名或类别证据不足
7935,蛋清鸡蛋清,4,禽肉类及其制品,,一个蛋的清鸡蛋清,116928,可能是原生食材，但频次、命名或类别证据不足
7938,牡蛎芝麻粉,4,鱼虾蟹贝类,,适量牡蛎芝麻粉,118109,可能是原生食材，但频次、命名或类别证据不足
7939,超细杏仁粉,4,水果类及其制品,,20克超细杏仁粉,118160,可能是原生食材，但频次、命名或类别证据不足
7944,姜一小块,4,蔬菜类及其制品,姜一小,10克姜一小块,118884,形态描述存在，但原始食材无法确定
7945,泡好干香菇,4,菌藻类,,2朵泡好的干香菇 || 10朵泡好的干香菇,119378|155178,可能是原生食材，但频次、命名或类别证据不足
7946,米杯大米,4,谷类及其制品,,,,可能是原生食材，但频次、命名或类别证据不足
7947,桥头地瓜,4,蔬菜类及其制品,,6个桥头地瓜,119660,可能是原生食材，但频次、命名或类别证据不足
7948,奥尔良腌鸡料,4,禽肉类及其制品,,30克奥尔良腌鸡料,120078,可能是原生食材，但频次、命名或类别证据不足
7949,葱白部分大葱,4,蔬菜类及其制品,,一根 葱白部分大葱 || 葱白部分大葱 || 葱白部分半根大葱,120274|123990|182042,可能是原生食材，但频次、命名或类别证据不足
7950,通菜梗,4,蔬菜类及其制品,,400克通菜梗 || 通菜梗,120278|171893,可能是原生食材，但频次、命名或类别证据不足
7953,红黄青椒,4,蔬菜类及其制品,,,,可能是原生食材，但频次、命名或类别证据不足
7956,空心菜叶,4,蔬菜类及其制品,,3片空心菜叶 || 几片空心菜叶 || 空心菜叶,121519|126707|140153,可能是原生食材，但频次、命名或类别证据不足
7959,锅鸡汤,4,禽肉类及其制品,,一小锅鸡汤,121903,可能是原生食材，但频次、命名或类别证据不足
7961,西班牙红椒粉,4,蔬菜类及其制品,,1勺西班牙红椒粉 || 若干西班牙红椒粉 || 适量西班牙红椒粉,121975|126577|181362,可能是原生食材，但频次、命名或类别证据不足
7966,人量手擀面,4,谷类及其制品,,,,可能是原生食材，但频次、命名或类别证据不足
7967,紅椒,4,蔬菜类及其制品,,适量紅椒（配色）,122884,可能是原生食材，但频次、命名或类别证据不足
7968,蒜头蒜末,4,蔬菜类及其制品,蒜头蒜,,,形态描述存在，但原始食材无法确定
7970,生姜粒,4,蔬菜类及其制品,,适量生姜粒 || 生姜粒，蒜蓉适量 || 7粒生姜粒,123440|140657|196506,可能是原生食材，但频次、命名或类别证据不足
7972,定挂面,4,谷类及其制品,,,,可能是原生食材，但频次、命名或类别证据不足
7975,菜泥,4,蔬菜类及其制品,,50g菜泥,124181,可能是原生食材，但频次、命名或类别证据不足
7979,吧牛肉,4,畜肉类及其制品,,500克左右吧(忘记看了)牛肉,125071,可能是原生食材，但频次、命名或类别证据不足
7986,豌豆粒玉米粒,4,干豆类及其制品,,,,可能是原生食材，但频次、命名或类别证据不足
7988,饭量糯米,4,谷类及其制品,,,,可能是原生食材，但频次、命名或类别证据不足
7989,高山娃娃菜,4,蔬菜类及其制品,,一颗高山娃娃菜 || 300克高山娃娃菜 || 1棵（半斤左右）高山娃娃菜,127667|129266|158049,可能是原生食材，但频次、命名或类别证据不足
7990,饭菜,4,蔬菜类及其制品,,,,可能是原生食材，但频次、命名或类别证据不足
7991,爆谷米,4,谷类及其制品,,,,可能是原生食材，但频次、命名或类别证据不足
7994,叶片,4,其他类,叶,少许叶片,128297,形态描述存在，但原始食材无法确定
7996,人份鸡蛋,4,禽肉类及其制品,,,,可能是原生食材，但频次、命名或类别证据不足
7997,胡萝卜玉米,4,谷类及其制品,,少许胡萝卜玉米,178530,可能是原生食材，但频次、命名或类别证据不足
7998,各香菜,4,蔬菜类及其制品,,各一大把香菜，蒜末（出锅用） || 各两棵香菜，小葱,128699|194753,可能是原生食材，但频次、命名或类别证据不足
7999,任何面,4,谷类及其制品,,随意任何面,128843,可能是原生食材，但频次、命名或类别证据不足
8001,手打鱼蛋,4,鱼虾蟹贝类,,手打鱼蛋一袋,129158,可能是原生食材，但频次、命名或类别证据不足
8003,青红线椒,4,蔬菜类及其制品,,7-8根青红线椒 || 青红线椒 || 4根青红线椒,129178|151415|176874,可能是原生食材，但频次、命名或类别证据不足
8008,黑米馅,4,谷类及其制品,,黑米馅,129766,可能是原生食材，但频次、命名或类别证据不足
8011,就好香菜,4,蔬菜类及其制品,,一点点就好香菜,130491,可能是原生食材，但频次、命名或类别证据不足
8012,姜蒜小红辣椒,4,蔬菜类及其制品,,,,可能是原生食材，但频次、命名或类别证据不足
8013,发酵菌种,4,菌藻类,,0.2克发酵菌种,130623,可能是原生食材，但频次、命名或类别证据不足
8014,带肥猪肉,4,畜肉类及其制品,,100g带肥猪肉,130826,可能是原生食材，但频次、命名或类别证据不足
8020,葱花姜丝,4,蔬菜类及其制品,葱花姜,适量葱花姜丝 || 少许葱花姜丝 || 葱花姜丝,131777|131942|175732|197604,形态描述存在，但原始食材无法确定
8025,柠檬精,4,水果类及其制品,,3-4克柠檬精 || 几滴柠檬精,133110|148121,可能是原生食材，但频次、命名或类别证据不足
8026,绿柿子椒,4,蔬菜类及其制品,,半个绿柿子椒,133286,可能是原生食材，但频次、命名或类别证据不足
8032,黄色胡萝卜,4,蔬菜类及其制品,,黄色胡萝卜，南瓜，橘子皮，西红柿,195979,可能是原生食材，但频次、命名或类别证据不足
8037,牛肉肉末,4,畜肉类及其制品,牛肉肉,400克牛肉肉末,135630,形态描述存在，但原始食材无法确定
8044,碎罗勒,4,蔬菜类及其制品,,,,可能是原生食材，但频次、命名或类别证据不足
8051,纽客牛排,4,畜肉类及其制品,,,,可能是原生食材，但频次、命名或类别证据不足
8052,子鸭,4,禽肉类及其制品,,半只子鸭 || 一只子鸭,138500|160058,可能是原生食材，但频次、命名或类别证据不足
8055,黍米,4,谷类及其制品,,适量黍米,138991,可能是原生食材，但频次、命名或类别证据不足
8058,韭菜鸡蛋馅,4,禽肉类及其制品,,韭菜鸡蛋馅，油,139110,可能是原生食材，但频次、命名或类别证据不足
8059,成蒜末蒜末,4,蔬菜类及其制品,成蒜末蒜,,,形态描述存在，但原始食材无法确定
8060,蛋清粉,4,蛋类及其制品,,30g蛋清粉（蛋白粉） || 10g蛋清粉 || 15g蛋清粉,139402|151069|191578,可能是原生食材，但频次、命名或类别证据不足
8062,炸辣椒,4,蔬菜类及其制品,,3炸辣椒,148628,可能是原生食材，但频次、命名或类别证据不足
8070,土凤梨馅,4,水果类及其制品,,150克土凤梨馅 || 480g土凤梨馅,140671|173645,可能是原生食材，但频次、命名或类别证据不足
8072,饭大米,4,谷类及其制品,,,,可能是原生食材，但频次、命名或类别证据不足
8077,干菇,4,菌藻类,,适量干菇,142048,可能是原生食材，但频次、命名或类别证据不足
8079,煎鸡胸肉,4,禽肉类及其制品,,适量煎鸡胸肉 || 1块煎鸡胸肉,142399|189482,可能是原生食材，但频次、命名或类别证据不足
8082,辣豆瓣醬,4,干豆类及其制品,,20克辣豆瓣醬,142951,可能是原生食材，但频次、命名或类别证据不足
8085,青椒小米辣,4,谷类及其制品,,个青椒小米辣8,172852,可能是原生食材，但频次、命名或类别证据不足
8089,大南瓜,4,蔬菜类及其制品,,,,可能是原生食材，但频次、命名或类别证据不足
8093,想吃配菜,4,蔬菜类及其制品,,,,可能是原生食材，但频次、命名或类别证据不足
8097,辣子鸡,4,禽肉类及其制品,,辣子鸡,145193,可能是原生食材，但频次、命名或类别证据不足
8098,冻龙利鱼片,4,鱼虾蟹贝类,冻龙利鱼,,,形态描述存在，但原始食材无法确定
8099,蔬菜拼盘,4,蔬菜类及其制品,,#蔬菜拼盘 || 一小碗蔬菜拼盘,145407|161993,可能是原生食材，但频次、命名或类别证据不足
8100,也行鸡蛋,4,禽肉类及其制品,,,,可能是原生食材，但频次、命名或类别证据不足
8103,吧鸡爪,4,禽肉类及其制品,,20只左右吧鸡爪,145805,可能是原生食材，但频次、命名或类别证据不足
8105,头白菜,4,蔬菜类及其制品,,一小头白菜,146881,可能是原生食材，但频次、命名或类别证据不足
8110,红萝卜玉米,4,谷类及其制品,,,,可能是原生食材，但频次、命名或类别证据不足
8112,鲷鱼烧,4,鱼虾蟹贝类,,鲷鱼烧（12个） || 2包#面糊配方 约可以做4个华夫饼+5个鲷鱼烧,147998|183738,可能是原生食材，但频次、命名或类别证据不足
8115,机西兰花,4,蔬菜类及其制品,,1只#有机西兰花,148242,可能是原生食材，但频次、命名或类别证据不足
8117,干海带芽,4,鱼虾蟹贝类,,1杯干海带芽,193214,可能是原生食材，但频次、命名或类别证据不足
8122,少大米,4,谷类及其制品,,,,可能是原生食材，但频次、命名或类别证据不足
8123,低脂肉类,4,畜肉类及其制品,,,,可能是原生食材，但频次、命名或类别证据不足
8126,多羊肉,4,畜肉类及其制品,,3斤多羊肉,150160,可能是原生食材，但频次、命名或类别证据不足
8129,洋葱西红柿,4,蔬菜类及其制品,,,,可能是原生食材，但频次、命名或类别证据不足
8133,隔夜米飯,4,谷类及其制品,,,,可能是原生食材，但频次、命名或类别证据不足
8134,粉紫薯粉,4,薯类淀粉及其制品,,,,可能是原生食材，但频次、命名或类别证据不足
8135,烧鸡,4,禽肉类及其制品,,烧鸡 || 烧鸡半只,151820|181666,可能是原生食材，但频次、命名或类别证据不足
8136,面团热水,4,谷类及其制品,,,,可能是原生食材，但频次、命名或类别证据不足
8139,大鸡蛋鸡蛋,4,禽肉类及其制品,,,,可能是原生食材，但频次、命名或类别证据不足
8140,肉猪瘦肉,4,畜肉类及其制品,,,,可能是原生食材，但频次、命名或类别证据不足
8142,豆绿豆,4,干豆类及其制品,,,,可能是原生食材，但频次、命名或类别证据不足
8151,麻辣鱼佐料,4,鱼虾蟹贝类,,,,可能是原生食材，但频次、命名或类别证据不足
8156,茎蔬菜,4,蔬菜类及其制品,,根茎蔬菜,156096,可能是原生食材，但频次、命名或类别证据不足
8158,你爱蔬菜,4,蔬菜类及其制品,,你爱的蔬菜,156352,可能是原生食材，但频次、命名或类别证据不足
8165,自己爱吃菜,4,蔬菜类及其制品,,自己爱吃的菜,182027,可能是原生食材，但频次、命名或类别证据不足
8166,麦麸粉,4,谷类及其制品,,50g麦麸粉,157365,可能是原生食材，但频次、命名或类别证据不足
8167,糯米和大米,4,谷类及其制品,糯米|大米,,,分隔符明确连接多个独立基础食材；克数无法可靠分摊
8169,冻龙利鱼柳,4,鱼虾蟹贝类,,,,可能是原生食材，但频次、命名或类别证据不足
8172,带筋牛肉,4,畜肉类及其制品,,300～400克带筋牛肉,158006,可能是原生食材，但频次、命名或类别证据不足
8181,油渍小番茄,4,蔬菜类及其制品,,5个油渍小番茄（可不加）,159040,可能是原生食材，但频次、命名或类别证据不足
8183,任何肉类,4,畜肉类及其制品,,一小块任何肉类,159096,可能是原生食材，但频次、命名或类别证据不足
8184,整虾,4,鱼虾蟹贝类,,,,可能是原生食材，但频次、命名或类别证据不足
8188,青紅辣椒,4,蔬菜类及其制品,,青紅辣椒,160769,可能是原生食材，但频次、命名或类别证据不足
8190,大蒜沫,4,蔬菜类及其制品,,,,可能是原生食材，但频次、命名或类别证据不足
8192,牛肉羊肉,4,畜肉类及其制品,,,,可能是原生食材，但频次、命名或类别证据不足
8193,薄荷草,4,蔬菜类及其制品,,,,可能是原生食材，但频次、命名或类别证据不足
8201,大葱大蒜,4,蔬菜类及其制品,,,,可能是原生食材，但频次、命名或类别证据不足
8206,混合坚果仁,4,坚果种子类,,400g混合坚果仁 || 200g混合坚果仁 || 120g混合坚果仁,163217|170137|174383,可能是原生食材，但频次、命名或类别证据不足
8207,色面团食材,4,谷类及其制品,,,,可能是原生食材，但频次、命名或类别证据不足
8208,香草提取液,4,蔬菜类及其制品,,10ml香草提取液 || 几滴香草提取液,163708|171964,可能是原生食材，但频次、命名或类别证据不足
8209,肉眼,4,畜肉类及其制品,,一斤肉眼,164038,可能是原生食材，但频次、命名或类别证据不足
8210,鸡辣椒,4,禽肉类及其制品,,一大勺鸡辣椒,164134,可能是原生食材，但频次、命名或类别证据不足
8211,裤带面,4,谷类及其制品,,适量裤带面,164421,可能是原生食材，但频次、命名或类别证据不足
8212,分肥猪肉,4,畜肉类及其制品,,,,可能是原生食材，但频次、命名或类别证据不足
8219,头姜,4,蔬菜类及其制品,,一小头姜 || 小头姜,165289|182075,可能是原生食材，但频次、命名或类别证据不足
8221,味鸡胸肉,4,禽肉类及其制品,,,,可能是原生食材，但频次、命名或类别证据不足
8225,后黑木耳,4,菌藻类,,泡发后约250克黑木耳,165877,可能是原生食材，但频次、命名或类别证据不足
8236,青小米椒,4,谷类及其制品,,10克青小米椒,167673,可能是原生食材，但频次、命名或类别证据不足
8237,小草莓,4,水果类及其制品,,,,可能是原生食材，但频次、命名或类别证据不足
8238,蛋蛋液,4,蛋类及其制品,,1个蛋蛋液,168445|188228,可能是原生食材，但频次、命名或类别证据不足
8239,大豆蛋白,4,蛋类及其制品,,,,可能是原生食材，但频次、命名或类别证据不足
8242,雪梨膏,4,水果类及其制品,,,,可能是原生食材，但频次、命名或类别证据不足
8247,潮汕菜脯,4,蔬菜类及其制品,,半条潮汕菜脯（也可不放）,169499,可能是原生食材，但频次、命名或类别证据不足
8248,头西兰花,4,蔬菜类及其制品,,2小头西兰花,169889,可能是原生食材，但频次、命名或类别证据不足
8249,猪五花肉馅,4,畜肉类及其制品,,500g猪五花肉馅,170333,可能是原生食材，但频次、命名或类别证据不足
8250,蒜瓣大蒜,4,蔬菜类及其制品,,适量蒜瓣大蒜,170417,可能是原生食材，但频次、命名或类别证据不足
8251,表面黑芝麻,4,坚果种子类,,,,可能是原生食材，但频次、命名或类别证据不足
8254,碎洋葱,4,蔬菜类及其制品,,半个切碎碎洋葱,171749,可能是原生食材，但频次、命名或类别证据不足
8255,情况鸡蛋,4,禽肉类及其制品,,,,可能是原生食材，但频次、命名或类别证据不足
8256,海参纯净水,4,鱼虾蟹贝类,,,,可能是原生食材，但频次、命名或类别证据不足
8262,冬菇干,4,菌藻类,,40g冬菇干,172767,可能是原生食材，但频次、命名或类别证据不足
8263,奥尔良鸡翅,4,禽肉类及其制品,,奥尔良鸡翅,172871,可能是原生食材，但频次、命名或类别证据不足
8265,甜南瓜,4,蔬菜类及其制品,,,,可能是原生食材，但频次、命名或类别证据不足
8266,蒜蓉葱花,4,蔬菜类及其制品,,,,可能是原生食材，但频次、命名或类别证据不足
8267,多芹菜,4,蔬菜类及其制品,,,,可能是原生食材，但频次、命名或类别证据不足
8268,骨羊排,4,畜肉类及其制品,,,,可能是原生食材，但频次、命名或类别证据不足
8273,黄瓜切片,4,蔬菜类及其制品,黄瓜切,适量黄瓜切片 || 若干黄瓜切片,174361|178705,形态描述存在，但原始食材无法确定
8274,肉切大块,4,畜肉类及其制品,肉切大,,,形态描述存在，但原始食材无法确定
8275,白芸豆馅,4,干豆类及其制品,,220克白芸豆馅 || 100克白芸豆馅,174656|177362,可能是原生食材，但频次、命名或类别证据不足
8278,大苹果,4,水果类及其制品,,1/2只大苹果,175248,可能是原生食材，但频次、命名或类别证据不足
8279,鱼肝,4,鱼虾蟹贝类,,鱼肝,175431,可能是原生食材，但频次、命名或类别证据不足
8280,海鲜蔬菜,4,鱼虾蟹贝类,,,,可能是原生食材，但频次、命名或类别证据不足
8282,自己口味小米椒,4,谷类及其制品,,,,可能是原生食材，但频次、命名或类别证据不足
8283,五花肉卷,4,畜肉类及其制品,,适量五花肉卷,176790,可能是原生食材，但频次、命名或类别证据不足
8284,蒜毫,4,蔬菜类及其制品,,两根蒜毫,177029,可能是原生食材，但频次、命名或类别证据不足
8285,蕃茄醬,4,蔬菜类及其制品,,2匙蕃茄醬,177250,可能是原生食材，但频次、命名或类别证据不足
8286,银耳银耳,4,菌藻类,,银耳3朵银耳,177411,可能是原生食材，但频次、命名或类别证据不足
8290,薄荷精,4,蔬菜类及其制品,,少许薄荷精,178657,可能是原生食材，但频次、命名或类别证据不足
8292,胡萝卜玉米青豆,4,干豆类及其制品,,小半碗胡萝卜玉米青豆,178955,可能是原生食材，但频次、命名或类别证据不足
8293,灯影牛肉丝,4,畜肉类及其制品,灯影牛肉,2小袋灯影牛肉丝,179096,形态描述存在，但原始食材无法确定
8299,少大蒜,4,蔬菜类及其制品,,,,可能是原生食材，但频次、命名或类别证据不足
8301,红芯火龙果,4,水果类及其制品,,,,可能是原生食材，但频次、命名或类别证据不足
8302,煨肉料,4,畜肉类及其制品,,煨肉料 || 现成的煨肉料,181374|182739,可能是原生食材，但频次、命名或类别证据不足
8303,小米椒圈,4,谷类及其制品,,,,可能是原生食材，但频次、命名或类别证据不足
8306,香菇蒂,4,菌藻类,,2个香菇蒂,182003,可能是原生食材，但频次、命名或类别证据不足
8314,鸡蛋清鸡蛋,4,禽肉类及其制品,,1个鸡蛋清鸡蛋,183161,可能是原生食材，但频次、命名或类别证据不足
8315,鸡蛋清鸡蛋清,4,禽肉类及其制品,,一个鸡蛋的清鸡蛋清,183219,可能是原生食材，但频次、命名或类别证据不足
8317,黄桃水,4,水果类及其制品,,,,可能是原生食材，但频次、命名或类别证据不足
8318,少猪肉,4,畜肉类及其制品,,少猪肉,183972,可能是原生食材，但频次、命名或类别证据不足
8321,子胡萝卜,4,蔬菜类及其制品,,,,可能是原生食材，但频次、命名或类别证据不足
8323,海椒粉,4,蔬菜类及其制品,,适量海椒粉,185051,可能是原生食材，但频次、命名或类别证据不足
8329,绿薄荷,4,蔬菜类及其制品,,15ml绿薄荷,185995,可能是原生食材，但频次、命名或类别证据不足
8332,和坚果,4,坚果种子类,坚果,,,疑似多食材组合，但无法百分之百确认全部组成
8333,芸豆馅,4,干豆类及其制品,,360g芸豆馅,186913,可能是原生食材，但频次、命名或类别证据不足
8335,生姜葱蒜,4,蔬菜类及其制品,,少许生姜 葱 蒜,186968,可能是原生食材，但频次、命名或类别证据不足
8337,全瘦肉,4,畜肉类及其制品,,500克全瘦肉,187075,可能是原生食材，但频次、命名或类别证据不足
8338,煎三文鱼,4,鱼虾蟹贝类,,,,可能是原生食材，但频次、命名或类别证据不足
8339,多点姜末,4,蔬菜类及其制品,多点姜,多点姜末,159446,形态描述存在，但原始食材无法确定
8341,肉葱姜蒜,4,畜肉类及其制品,,,,可能是原生食材，但频次、命名或类别证据不足
8343,炒肉末,4,畜肉类及其制品,炒肉,,,形态描述存在，但原始食材无法确定
8346,那么大南瓜,4,蔬菜类及其制品,,一个半拳头那么大南瓜,188592,可能是原生食材，但频次、命名或类别证据不足
8347,鸭蛋鸡蛋,4,禽肉类及其制品,,1+鸭蛋1个（家里鸡蛋不够）鸡蛋,189024,可能是原生食材，但频次、命名或类别证据不足
8349,食量胡萝卜,4,蔬菜类及其制品,,,,可能是原生食材，但频次、命名或类别证据不足
8350,香炖肉料,4,畜肉类及其制品,,,,可能是原生食材，但频次、命名或类别证据不足
8355,尖头辣椒,4,蔬菜类及其制品,,2个尖头辣椒,190944,可能是原生食材，但频次、命名或类别证据不足
8363,小块生姜,4,蔬菜类及其制品,,,,可能是原生食材，但频次、命名或类别证据不足
8365,即时燕麦片,4,谷类及其制品,即时燕麦,,,形态描述存在，但原始食材无法确定
8377,牛肉汤粉,4,畜肉类及其制品,,1/2大勺牛肉汤粉,197713,可能是原生食材，但频次、命名或类别证据不足
8382,牛排料,4,畜肉类及其制品,,3克牛排用料,198689,可能是原生食材，但频次、命名或类别证据不足
8385,手工拉面,4,谷类及其制品,,手工拉面,199768,可能是原生食材，但频次、命名或类别证据不足
8389,就好生菜,4,蔬菜类及其制品,,,,可能是原生食材，但频次、命名或类别证据不足
8390,腿肉猪肉,4,禽肉类及其制品,,,,可能是原生食材，但频次、命名或类别证据不足
8391,子葱,4,蔬菜类及其制品,,,,可能是原生食材，但频次、命名或类别证据不足
8393,碎辣椒,4,蔬菜类及其制品,,,,可能是原生食材，但频次、命名或类别证据不足
8398,云吞面,4,谷类及其制品,,,,可能是原生食材，但频次、命名或类别证据不足
8399,牛肉味,4,畜肉类及其制品,,,,可能是原生食材，但频次、命名或类别证据不足
8400,草莓切块,4,水果类及其制品,草莓切,,,形态描述存在，但原始食材无法确定
8403,肉类蔬菜,4,畜肉类及其制品,,,,可能是原生食材，但频次、命名或类别证据不足
8406,黄梨,4,水果类及其制品,,,,可能是原生食材，但频次、命名或类别证据不足
8410,胡萝卜葱花,4,蔬菜类及其制品,,,,可能是原生食材，但频次、命名或类别证据不足
8411,芝麻核桃,4,水果类及其制品,,,,可能是原生食材，但频次、命名或类别证据不足
8413,生姜蒜头,4,蔬菜类及其制品,,,,可能是原生食材，但频次、命名或类别证据不足
8414,吧豆角,4,干豆类及其制品,,,,可能是原生食材，但频次、命名或类别证据不足
8416,洋葱葱,4,蔬菜类及其制品,,,,可能是原生食材，但频次、命名或类别证据不足
8417,新疆灰枣,4,坚果种子类,,,,可能是原生食材，但频次、命名或类别证据不足
8429,紫色茄子,4,蔬菜类及其制品,,,,可能是原生食材，但频次、命名或类别证据不足
8431,水蛋黄液,4,蛋类及其制品,,,,可能是原生食材，但频次、命名或类别证据不足
8432,圆挂面,4,谷类及其制品,,,,可能是原生食材，但频次、命名或类别证据不足
8435,红椒尖椒,4,蔬菜类及其制品,,,,可能是原生食材，但频次、命名或类别证据不足
8438,红绿小尖椒,4,蔬菜类及其制品,,,,可能是原生食材，但频次、命名或类别证据不足
8444,冬瓜冬瓜,4,蔬菜类及其制品,,,,可能是原生食材，但频次、命名或类别证据不足
8447,人数定鸡蛋,4,禽肉类及其制品,,,,可能是原生食材，但频次、命名或类别证据不足
8448,啦鸡翅,4,禽肉类及其制品,,,,可能是原生食材，但频次、命名或类别证据不足
8449,菜生菜,4,蔬菜类及其制品,,,,可能是原生食材，但频次、命名或类别证据不足
8454,豌豆胡萝卜,4,干豆类及其制品,,,,可能是原生食材，但频次、命名或类别证据不足
8459,尖椒胡萝卜,4,蔬菜类及其制品,,,,可能是原生食材，但频次、命名或类别证据不足
8460,蛋清量蛋清,4,蛋类及其制品,,,,可能是原生食材，但频次、命名或类别证据不足
8461,鲜乌冬面,4,谷类及其制品,,,,可能是原生食材，但频次、命名或类别证据不足
8463,也行姜,4,蔬菜类及其制品,,,,可能是原生食材，但频次、命名或类别证据不足
8469,炒香白芝麻,4,坚果种子类,,适量炒香白芝麻 || 一勺炒香的白芝麻 || 少许炒香的白芝麻,15947|40767|53775,可能是原生食材，但频次、命名或类别证据不足
8470,再加鸡蛋,4,禽肉类及其制品,,,,可能是原生食材，但频次、命名或类别证据不足
8476,意大利螺旋面,4,鱼虾蟹贝类,,,,可能是原生食材，但频次、命名或类别证据不足
8477,料姜,4,蔬菜类及其制品,,,,可能是原生食材，但频次、命名或类别证据不足
8484,最下面,4,谷类及其制品,,,,可能是原生食材，但频次、命名或类别证据不足
8485,通江银耳,4,菌藻类,,,,可能是原生食材，但频次、命名或类别证据不足
8486,香大蒜,4,蔬菜类及其制品,,,,可能是原生食材，但频次、命名或类别证据不足
8487,大小苹果,4,水果类及其制品,,,,可能是原生食材，但频次、命名或类别证据不足
8490,全蛋液蛋液,4,蛋类及其制品,,,,可能是原生食材，但频次、命名或类别证据不足
8491,克姜末,4,蔬菜类及其制品,克姜,,,形态描述存在，但原始食材无法确定
8493,了包菜,4,蔬菜类及其制品,,,,可能是原生食材，但频次、命名或类别证据不足
8494,素肉馅,4,畜肉类及其制品,,,,可能是原生食材，但频次、命名或类别证据不足
8495,了排骨,4,畜肉类及其制品,,,,可能是原生食材，但频次、命名或类别证据不足
8497,火龙果水果,4,水果类及其制品,,,,可能是原生食材，但频次、命名或类别证据不足
8498,多来点蒜,4,蔬菜类及其制品,,,,可能是原生食材，但频次、命名或类别证据不足
8503,下五花肉,4,畜肉类及其制品,,,,可能是原生食材，但频次、命名或类别证据不足
8505,甜椒红甜椒,4,蔬菜类及其制品,,,,可能是原生食材，但频次、命名或类别证据不足
8506,鸡蛋很小,4,禽肉类及其制品,,,,可能是原生食材，但频次、命名或类别证据不足
8509,室温鸡蛋,4,禽肉类及其制品,,,,可能是原生食材，但频次、命名或类别证据不足
8515,准备配菜,4,蔬菜类及其制品,,,,可能是原生食材，但频次、命名或类别证据不足
8516,鱼香肉丝,4,鱼虾蟹贝类,鱼香肉,,,形态描述存在，但原始食材无法确定
8518,字母面,4,谷类及其制品,,,,可能是原生食材，但频次、命名或类别证据不足
8519,刀削挂面,4,谷类及其制品,,,,可能是原生食材，但频次、命名或类别证据不足
8523,高菜,4,蔬菜类及其制品,,,,可能是原生食材，但频次、命名或类别证据不足
8528,混合果仁,4,坚果种子类,,,,可能是原生食材，但频次、命名或类别证据不足
8529,就好白芝麻,4,坚果种子类,,,,可能是原生食材，但频次、命名或类别证据不足
8530,肉里脊肉,4,畜肉类及其制品,,,,可能是原生食材，但频次、命名或类别证据不足
8532,色拉菜,4,蔬菜类及其制品,,,,可能是原生食材，但频次、命名或类别证据不足
8534,辣椒生姜,4,蔬菜类及其制品,,,,可能是原生食材，但频次、命名或类别证据不足
8535,总和,4,其他类,总,,,疑似多食材组合，但无法百分之百确认全部组成
8545,海鲜粉,4,鱼虾蟹贝类,,,,可能是原生食材，但频次、命名或类别证据不足
8548,鲜蘑菇切片,4,菌藻类,鲜蘑菇切,,,形态描述存在，但原始食材无法确定
8549,螺旋藻粉,4,鱼虾蟹贝类,,,,可能是原生食材，但频次、命名或类别证据不足
8551,蛋鸡蛋清,4,禽肉类及其制品,,,,可能是原生食材，但频次、命名或类别证据不足
8555,就行柠檬,4,水果类及其制品,,,,可能是原生食材，但频次、命名或类别证据不足
8557,黑麦酵种,4,谷类及其制品,,,,可能是原生食材，但频次、命名或类别证据不足
8566,新疆大枣,4,坚果种子类,,,,可能是原生食材，但频次、命名或类别证据不足
8568,玉米颗粒,4,谷类及其制品,,,,可能是原生食材，但频次、命名或类别证据不足
8573,了红枣,4,坚果种子类,,,,可能是原生食材，但频次、命名或类别证据不足
8574,白萝卜切片,4,蔬菜类及其制品,白萝卜切,,,形态描述存在，但原始食材无法确定
8577,白萝卜萝卜,4,蔬菜类及其制品,,,,可能是原生食材，但频次、命名或类别证据不足
8580,小米椒辣椒,4,谷类及其制品,,,,可能是原生食材，但频次、命名或类别证据不足
8583,蒜末姜片,4,蔬菜类及其制品,蒜末姜,,,形态描述存在，但原始食材无法确定
8587,可多放蒜,4,蔬菜类及其制品,,,,可能是原生食材，但频次、命名或类别证据不足
8591,黄瓜西红柿,4,蔬菜类及其制品,,,,可能是原生食材，但频次、命名或类别证据不足
8593,面类,4,谷类及其制品,,,,可能是原生食材，但频次、命名或类别证据不足
8598,儿黑芝麻,4,坚果种子类,,,,可能是原生食材，但频次、命名或类别证据不足
8607,重庆小面,4,谷类及其制品,,,,可能是原生食材，但频次、命名或类别证据不足
8608,自己口味干红辣椒,4,蔬菜类及其制品,,,,可能是原生食材，但频次、命名或类别证据不足
8610,洋葱切小块,4,蔬菜类及其制品,洋葱切小,,,形态描述存在，但原始食材无法确定
8611,香菜洋葱,4,蔬菜类及其制品,,,,可能是原生食材，但频次、命名或类别证据不足
8615,也行白芝麻,4,坚果种子类,,,,可能是原生食材，但频次、命名或类别证据不足
8620,口味蛋白粉,4,蛋类及其制品,,,,可能是原生食材，但频次、命名或类别证据不足
8621,蒜末葱段,4,蔬菜类及其制品,蒜末葱,,,形态描述存在，但原始食材无法确定
8623,鳕鱼柳,4,鱼虾蟹贝类,,,,可能是原生食材，但频次、命名或类别证据不足
8624,色椒,4,蔬菜类及其制品,,,,可能是原生食材，但频次、命名或类别证据不足
8625,紫苏干,4,蔬菜类及其制品,,,,可能是原生食材，但频次、命名或类别证据不足
8626,任何菜,4,蔬菜类及其制品,,,,可能是原生食材，但频次、命名或类别证据不足
8628,小鱿鱼,4,鱼虾蟹贝类,,,,可能是原生食材，但频次、命名或类别证据不足
8630,拉丝,4,其他类,拉,,,形态描述存在，但原始食材无法确定
8634,麦包,4,谷类及其制品,,,,可能是原生食材，但频次、命名或类别证据不足
8635,鸡锁骨,4,禽肉类及其制品,,,,可能是原生食材，但频次、命名或类别证据不足
8638,自己定香菇,4,菌藻类,,,,可能是原生食材，但频次、命名或类别证据不足
8640,粉葱花,4,蔬菜类及其制品,,,,可能是原生食材，但频次、命名或类别证据不足
8643,蛋白里,4,蛋类及其制品,,,,可能是原生食材，但频次、命名或类别证据不足
8649,多些葱姜蒜,4,蔬菜类及其制品,,,,可能是原生食材，但频次、命名或类别证据不足
8650,支新鲜薄荷,4,蔬菜类及其制品,,,,可能是原生食材，但频次、命名或类别证据不足
8653,无刺鱼块,4,鱼虾蟹贝类,无刺鱼,,,形态描述存在，但原始食材无法确定
8654,大小银耳,4,菌藻类,,,,可能是原生食材，但频次、命名或类别证据不足
8655,鸡蛋重量水,4,禽肉类及其制品,,,,可能是原生食材，但频次、命名或类别证据不足
8656,咯鸡蛋,4,禽肉类及其制品,,,,可能是原生食材，但频次、命名或类别证据不足
8663,蛋黄蛋,4,蛋类及其制品,,,,可能是原生食材，但频次、命名或类别证据不足
8667,了香蕉,4,水果类及其制品,,,,可能是原生食材，但频次、命名或类别证据不足
8669,绞肉机,4,畜肉类及其制品,,,,可能是原生食材，但频次、命名或类别证据不足
8670,就行蒜,4,蔬菜类及其制品,,,,可能是原生食材，但频次、命名或类别证据不足
8671,了芹菜,4,蔬菜类及其制品,,,,可能是原生食材，但频次、命名或类别证据不足
8672,面清水,4,谷类及其制品,,,,可能是原生食材，但频次、命名或类别证据不足
8675,定牛肉,4,畜肉类及其制品,,,,可能是原生食材，但频次、命名或类别证据不足
8677,红葡萄,4,水果类及其制品,,,,可能是原生食材，但频次、命名或类别证据不足
8680,辣椒小葱,4,蔬菜类及其制品,,,,可能是原生食材，但频次、命名或类别证据不足
8683,麒麟西瓜,4,水果类及其制品,,,,可能是原生食材，但频次、命名或类别证据不足
8684,蛋清鸡蛋液,4,禽肉类及其制品,,,,可能是原生食材，但频次、命名或类别证据不足
8685,小麦胚芽粉,4,干豆类及其制品,,,,可能是原生食材，但频次、命名或类别证据不足
8692,辣青辣椒,4,蔬菜类及其制品,,,,可能是原生食材，但频次、命名或类别证据不足
8694,爱吃海鲜,4,鱼虾蟹贝类,,,,可能是原生食材，但频次、命名或类别证据不足
8697,叶小白菜,4,蔬菜类及其制品,,,,可能是原生食材，但频次、命名或类别证据不足
8703,营养米糊,4,谷类及其制品,,,,可能是原生食材，但频次、命名或类别证据不足
8706,人数鸡蛋,4,禽肉类及其制品,,,,可能是原生食材，但频次、命名或类别证据不足
8714,鸡肉卷,4,禽肉类及其制品,,,,可能是原生食材，但频次、命名或类别证据不足
8723,西红柿干,4,蔬菜类及其制品,,,,可能是原生食材，但频次、命名或类别证据不足
8739,香菜小米椒,4,谷类及其制品,,,,可能是原生食材，但频次、命名或类别证据不足
8741,青豆胡萝卜,4,干豆类及其制品,,,,可能是原生食材，但频次、命名或类别证据不足
8744,金针菇生菜,4,菌藻类,,,,可能是原生食材，但频次、命名或类别证据不足
8749,速溶燕麦片,4,谷类及其制品,速溶燕麦,,,形态描述存在，但原始食材无法确定
8753,黑猪瘦肉,4,畜肉类及其制品,,,,可能是原生食材，但频次、命名或类别证据不足
8757,牛尾骨汤,4,畜肉类及其制品,,,,可能是原生食材，但频次、命名或类别证据不足
8758,多白萝卜,4,蔬菜类及其制品,,,,可能是原生食材，但频次、命名或类别证据不足
8761,馅黑芝麻,4,坚果种子类,,,,可能是原生食材，但频次、命名或类别证据不足
8763,蛋黄肉粽,4,畜肉类及其制品,,,,可能是原生食材，但频次、命名或类别证据不足
8767,芹菜蔬菜,4,蔬菜类及其制品,,,,可能是原生食材，但频次、命名或类别证据不足
8772,其他菇类,4,菌藻类,,,,可能是原生食材，但频次、命名或类别证据不足
8784,酪梨,4,水果类及其制品,,,,可能是原生食材，但频次、命名或类别证据不足
8793,番茄汤,4,蔬菜类及其制品,,,,可能是原生食材，但频次、命名或类别证据不足
8795,果蔬直面,4,谷类及其制品,,,,可能是原生食材，但频次、命名或类别证据不足
8798,蛋鹌鹑蛋,4,蛋类及其制品,,,,可能是原生食材，但频次、命名或类别证据不足
8799,味姜,4,蔬菜类及其制品,,,,可能是原生食材，但频次、命名或类别证据不足
8803,小番茄番茄,4,蔬菜类及其制品,,,,可能是原生食材，但频次、命名或类别证据不足
8804,叶类蔬菜,4,蔬菜类及其制品,,,,可能是原生食材，但频次、命名或类别证据不足
8805,吧虾仁,4,鱼虾蟹贝类,,,,可能是原生食材，但频次、命名或类别证据不足
8808,捏黑芝麻,4,坚果种子类,,,,可能是原生食材，但频次、命名或类别证据不足
8812,带肥肉,4,畜肉类及其制品,,,,可能是原生食材，但频次、命名或类别证据不足
8815,蛋清蛋黄,4,蛋类及其制品,,,,可能是原生食材，但频次、命名或类别证据不足
8817,剁碎生姜,4,蔬菜类及其制品,,,,可能是原生食材，但频次、命名或类别证据不足
8818,羊腱,4,畜肉类及其制品,,,,可能是原生食材，但频次、命名或类别证据不足
8821,人份大米,4,谷类及其制品,,,,可能是原生食材，但频次、命名或类别证据不足
8828,饭量米,4,谷类及其制品,,,,可能是原生食材，但频次、命名或类别证据不足
8830,香菇青菜,4,菌藻类,,,,可能是原生食材，但频次、命名或类别证据不足
8831,红黄圣女果,4,水果类及其制品,,,,可能是原生食材，但频次、命名或类别证据不足
8839,芒果火龙果,4,水果类及其制品,,,,可能是原生食材，但频次、命名或类别证据不足
8841,全麦粉含麦麸,4,谷类及其制品,,,,可能是原生食材，但频次、命名或类别证据不足
8842,生鸡胸肉,4,禽肉类及其制品,,,,可能是原生食材，但频次、命名或类别证据不足
8843,种蘑菇,4,菌藻类,,,,可能是原生食材，但频次、命名或类别证据不足
8848,黄鸡蛋,4,禽肉类及其制品,,,,可能是原生食材，但频次、命名或类别证据不足
8851,鱼一块,4,鱼虾蟹贝类,鱼一,,,形态描述存在，但原始食材无法确定
8853,料鸡蛋,4,禽肉类及其制品,,,,可能是原生食材，但频次、命名或类别证据不足
8855,冷冻海鲜,4,鱼虾蟹贝类,,,,可能是原生食材，但频次、命名或类别证据不足
8859,鱼头鱼尾,4,鱼虾蟹贝类,,,,可能是原生食材，但频次、命名或类别证据不足
8860,玉米红萝卜,4,谷类及其制品,,,,可能是原生食材，但频次、命名或类别证据不足
8862,线椒小米辣,4,谷类及其制品,,,,可能是原生食材，但频次、命名或类别证据不足
8864,菜叶白菜叶,4,蔬菜类及其制品,,,,可能是原生食材，但频次、命名或类别证据不足
8868,面团温水,4,谷类及其制品,,,,可能是原生食材，但频次、命名或类别证据不足
8877,豆芽黄瓜,4,干豆类及其制品,,,,可能是原生食材，但频次、命名或类别证据不足
8879,锅淘米水,4,谷类及其制品,,,,可能是原生食材，但频次、命名或类别证据不足
8882,鸡腿料,4,禽肉类及其制品,,,,可能是原生食材，但频次、命名或类别证据不足
8884,大个西红柿,4,蔬菜类及其制品,,,,可能是原生食材，但频次、命名或类别证据不足
8885,溶豆,4,干豆类及其制品,,,,可能是原生食材，但频次、命名或类别证据不足
8886,鱼鱼骨,4,鱼虾蟹贝类,,,,可能是原生食材，但频次、命名或类别证据不足
8895,米磨粉,4,谷类及其制品,,,,可能是原生食材，但频次、命名或类别证据不足
8900,面配方,4,谷类及其制品,,,,可能是原生食材，但频次、命名或类别证据不足
8902,粉五花肉,4,畜肉类及其制品,,,,可能是原生食材，但频次、命名或类别证据不足
8905,胡萝卜几片,4,蔬菜类及其制品,胡萝卜几,,,形态描述存在，但原始食材无法确定
8906,生食蔬菜,4,蔬菜类及其制品,,,,可能是原生食材，但频次、命名或类别证据不足
8919,菜鲟,4,蔬菜类及其制品,,,,可能是原生食材，但频次、命名或类别证据不足
8922,你想吃配菜,4,蔬菜类及其制品,,,,可能是原生食材，但频次、命名或类别证据不足
8924,筒糯米,4,谷类及其制品,,,,可能是原生食材，但频次、命名或类别证据不足
8926,定虾仁,4,鱼虾蟹贝类,,,,可能是原生食材，但频次、命名或类别证据不足
8927,偏小鸡蛋,4,禽肉类及其制品,,,,可能是原生食材，但频次、命名或类别证据不足
8928,来糯米,4,谷类及其制品,,,,可能是原生食材，但频次、命名或类别证据不足
8929,里鸡蛋,4,禽肉类及其制品,,,,可能是原生食材，但频次、命名或类别证据不足
8932,部分白菜,4,蔬菜类及其制品,,,,可能是原生食材，但频次、命名或类别证据不足
8933,紫菜紫菜,4,鱼虾蟹贝类,,,,可能是原生食材，但频次、命名或类别证据不足
8934,那种青椒,4,蔬菜类及其制品,,,,可能是原生食材，但频次、命名或类别证据不足
8936,其他青菜,4,蔬菜类及其制品,,,,可能是原生食材，但频次、命名或类别证据不足
8940,人大米,4,谷类及其制品,,,,可能是原生食材，但频次、命名或类别证据不足
8941,数量鸡蛋,4,禽肉类及其制品,,,,可能是原生食材，但频次、命名或类别证据不足
8944,定排骨,4,畜肉类及其制品,,,,可能是原生食材，但频次、命名或类别证据不足
8945,很小土豆,4,干豆类及其制品,,,,可能是原生食材，但频次、命名或类别证据不足
8947,各样蔬菜,4,蔬菜类及其制品,,,,可能是原生食材，但频次、命名或类别证据不足
8949,大红薯,4,薯类淀粉及其制品,,,,可能是原生食材，但频次、命名或类别证据不足
8953,调整大米,4,谷类及其制品,,,,可能是原生食材，但频次、命名或类别证据不足
8957,糍粑海椒,4,蔬菜类及其制品,,,,可能是原生食材，但频次、命名或类别证据不足
8958,豆芽豆芽,4,干豆类及其制品,,,,可能是原生食材，但频次、命名或类别证据不足
8960,大燕麦片,4,谷类及其制品,大燕麦,,,形态描述存在，但原始食材无法确定
8969,辣小红辣椒,4,蔬菜类及其制品,,,,可能是原生食材，但频次、命名或类别证据不足
8972,新奥尔良烤肉料,4,畜肉类及其制品,,,,可能是原生食材，但频次、命名或类别证据不足
8976,北非小米,4,谷类及其制品,,,,可能是原生食材，但频次、命名或类别证据不足
8982,蒜颗粒,4,蔬菜类及其制品,,,,可能是原生食材，但频次、命名或类别证据不足
8991,熏鸡,4,禽肉类及其制品,,,,可能是原生食材，但频次、命名或类别证据不足
8992,瓜清水,4,蔬菜类及其制品,,,,可能是原生食材，但频次、命名或类别证据不足
8997,萝卜丝干,4,蔬菜类及其制品,,,,可能是原生食材，但频次、命名或类别证据不足
8999,和柠檬,4,水果类及其制品,柠檬,,,疑似多食材组合，但无法百分之百确认全部组成
9001,去腥柠檬,4,水果类及其制品,,,,可能是原生食材，但频次、命名或类别证据不足
9002,啥配菜,4,蔬菜类及其制品,,,,可能是原生食材，但频次、命名或类别证据不足
9005,核桃蔓越莓,4,水果类及其制品,,,,可能是原生食材，但频次、命名或类别证据不足
9007,各种涮菜,4,蔬菜类及其制品,,,,可能是原生食材，但频次、命名或类别证据不足
9008,烂肉,4,畜肉类及其制品,,,,可能是原生食材，但频次、命名或类别证据不足
9009,多小葱,4,蔬菜类及其制品,,,,可能是原生食材，但频次、命名或类别证据不足
9011,燕麦坚果,4,坚果种子类,,,,可能是原生食材，但频次、命名或类别证据不足
9016,花糯米,4,谷类及其制品,,,,可能是原生食材，但频次、命名或类别证据不足
9018,黄椒红椒,4,蔬菜类及其制品,,,,可能是原生食材，但频次、命名或类别证据不足
9020,煎鸡胸,4,禽肉类及其制品,,,,可能是原生食材，但频次、命名或类别证据不足
9023,包包菜,4,蔬菜类及其制品,,,,可能是原生食材，但频次、命名或类别证据不足
9024,骨切块,4,其他类,骨切,,,形态描述存在，但原始食材无法确定
9025,辣菜,4,蔬菜类及其制品,,,,可能是原生食材，但频次、命名或类别证据不足
9031,粉块,4,其他类,粉,,,形态描述存在，但原始食材无法确定
9033,魚肉,4,畜肉类及其制品,,,,可能是原生食材，但频次、命名或类别证据不足
9037,你爱吃菜,4,蔬菜类及其制品,,,,可能是原生食材，但频次、命名或类别证据不足
9038,底大米,4,谷类及其制品,,,,可能是原生食材，但频次、命名或类别证据不足
9040,干小香菇,4,菌藻类,,,,可能是原生食材，但频次、命名或类别证据不足
9041,共黑白芝麻,4,坚果种子类,,,,可能是原生食材，但频次、命名或类别证据不足
9044,菜单,4,蔬菜类及其制品,,,,可能是原生食材，但频次、命名或类别证据不足
9046,圈红辣椒,4,蔬菜类及其制品,,,,可能是原生食材，但频次、命名或类别证据不足
9048,吧芹菜,4,蔬菜类及其制品,,,,可能是原生食材，但频次、命名或类别证据不足
9050,碎小米辣,4,谷类及其制品,,,,可能是原生食材，但频次、命名或类别证据不足
9051,肉肉类,4,畜肉类及其制品,,,,可能是原生食材，但频次、命名或类别证据不足
9056,了西红柿,4,蔬菜类及其制品,,,,可能是原生食材，但频次、命名或类别证据不足
9060,面糊鸡蛋,4,禽肉类及其制品,,,,可能是原生食材，但频次、命名或类别证据不足
9062,啦鸡蛋,4,禽肉类及其制品,,,,可能是原生食材，但频次、命名或类别证据不足
9064,燕麦汤种,4,谷类及其制品,,,,可能是原生食材，但频次、命名或类别证据不足
9067,香小葱,4,蔬菜类及其制品,,,,可能是原生食材，但频次、命名或类别证据不足
9069,洒白芝麻,4,坚果种子类,,,,可能是原生食材，但频次、命名或类别证据不足
9070,就好小葱,4,蔬菜类及其制品,,,,可能是原生食材，但频次、命名或类别证据不足
9071,柠檬香蜂草,4,水果类及其制品,,,,可能是原生食材，但频次、命名或类别证据不足
9076,蛋白蛋黄,4,蛋类及其制品,,,,可能是原生食材，但频次、命名或类别证据不足
9077,儿童牛排,4,畜肉类及其制品,,,,可能是原生食材，但频次、命名或类别证据不足
9080,长条辣椒,4,蔬菜类及其制品,,,,可能是原生食材，但频次、命名或类别证据不足
9081,土豆莲藕,4,干豆类及其制品,,,,可能是原生食材，但频次、命名或类别证据不足
9086,粉油酥面,4,谷类及其制品,,,,可能是原生食材，但频次、命名或类别证据不足
9088,油和芝麻,4,坚果种子类,油|芝麻,,,疑似多食材组合，但无法百分之百确认全部组成
9091,肥瘦前腿肉,4,禽肉类及其制品,,,,可能是原生食材，但频次、命名或类别证据不足
9095,一半糯米,4,谷类及其制品,,,,可能是原生食材，但频次、命名或类别证据不足
9099,部分蛋黄,4,蛋类及其制品,,,,可能是原生食材，但频次、命名或类别证据不足
9100,可虾仁,4,鱼虾蟹贝类,,,,可能是原生食材，但频次、命名或类别证据不足
9102,调和,4,其他类,调,,,疑似多食材组合，但无法百分之百确认全部组成
9103,野樱桃,4,水果类及其制品,,,,可能是原生食材，但频次、命名或类别证据不足
9104,菜金针菇,4,菌藻类,,,,可能是原生食材，但频次、命名或类别证据不足
9105,下鸡蛋,4,禽肉类及其制品,,,,可能是原生食材，但频次、命名或类别证据不足
9110,鸡蛋大小,4,禽肉类及其制品,,,,可能是原生食材，但频次、命名或类别证据不足
9111,鱼肉馅,4,鱼虾蟹贝类,,,,可能是原生食材，但频次、命名或类别证据不足
9115,和黑芝麻,4,坚果种子类,黑芝麻,,,疑似多食材组合，但无法百分之百确认全部组成
9116,豆丁,4,干豆类及其制品,豆,,,形态描述存在，但原始食材无法确定
9119,鸡蛋打散备,4,禽肉类及其制品,,,,可能是原生食材，但频次、命名或类别证据不足
9120,蒜蓉辣椒醬,4,蔬菜类及其制品,,,,可能是原生食材，但频次、命名或类别证据不足
9122,罗勒香草,4,蔬菜类及其制品,,,,可能是原生食材，但频次、命名或类别证据不足
9124,新西兰花胶,4,蔬菜类及其制品,,,,可能是原生食材，但频次、命名或类别证据不足
9127,肥肉猪肉,4,畜肉类及其制品,,,,可能是原生食材，但频次、命名或类别证据不足
9129,料葱姜蒜,4,蔬菜类及其制品,,,,可能是原生食材，但频次、命名或类别证据不足
9141,活银耳,4,菌藻类,,,,可能是原生食材，但频次、命名或类别证据不足
9143,西班牙甜椒粉,4,蔬菜类及其制品,,,,可能是原生食材，但频次、命名或类别证据不足
9148,肉鱼,4,鱼虾蟹贝类,,,,可能是原生食材，但频次、命名或类别证据不足
9150,燕麦糊,4,谷类及其制品,,,,可能是原生食材，但频次、命名或类别证据不足
9152,定白菜,4,蔬菜类及其制品,,,,可能是原生食材，但频次、命名或类别证据不足
9153,香草类,4,蔬菜类及其制品,,,,可能是原生食材，但频次、命名或类别证据不足
9155,杏仁乳,4,水果类及其制品,,,,可能是原生食材，但频次、命名或类别证据不足
9156,大螃蟹,4,鱼虾蟹贝类,,,,可能是原生食材，但频次、命名或类别证据不足
9157,碟葱末,4,蔬菜类及其制品,碟葱,,,形态描述存在，但原始食材无法确定
9159,多红薯,4,薯类淀粉及其制品,,,,可能是原生食材，但频次、命名或类别证据不足
9160,前腿肉五花肉,4,禽肉类及其制品,,,,可能是原生食材，但频次、命名或类别证据不足
9168,香菜配菜,4,蔬菜类及其制品,,,,可能是原生食材，但频次、命名或类别证据不足
9169,大红萝卜,4,蔬菜类及其制品,,,,可能是原生食材，但频次、命名或类别证据不足
9173,成小块,4,其他类,成小,,,形态描述存在，但原始食材无法确定
9175,什锦麦片,4,谷类及其制品,什锦麦,,,形态描述存在，但原始食材无法确定
9178,多白芝麻,4,坚果种子类,,,,可能是原生食材，但频次、命名或类别证据不足
9179,菜菠菜,4,蔬菜类及其制品,,,,可能是原生食材，但频次、命名或类别证据不足
9184,白芝麻和黑芝麻,4,坚果种子类,白芝麻|黑芝麻,,,分隔符明确连接多个独立基础食材；克数无法可靠分摊
9185,色系蔬菜丁,4,蔬菜类及其制品,色系蔬菜,,,形态描述存在，但原始食材无法确定
9187,味玉米片,4,谷类及其制品,味玉米,,,形态描述存在，但原始食材无法确定
9189,鱼作料,4,鱼虾蟹贝类,,,,可能是原生食材，但频次、命名或类别证据不足
9193,面鸡蛋,4,禽肉类及其制品,,,,可能是原生食材，但频次、命名或类别证据不足
9198,和小葱,4,蔬菜类及其制品,葱,,,疑似多食材组合，但无法百分之百确认全部组成
9199,果小番茄,4,蔬菜类及其制品,,,,可能是原生食材，但频次、命名或类别证据不足
9200,小龙虾肉,4,鱼虾蟹贝类,,,,可能是原生食材，但频次、命名或类别证据不足
9201,蔬菜和肉类,4,畜肉类及其制品,蔬菜|肉类,,,疑似多食材组合，但无法百分之百确认全部组成
9202,生姜蒜瓣,4,蔬菜类及其制品,生姜蒜,,,形态描述存在，但原始食材无法确定
9204,一样洋葱,4,蔬菜类及其制品,,,,可能是原生食材，但频次、命名或类别证据不足
9208,配色红椒,4,蔬菜类及其制品,,,,可能是原生食材，但频次、命名或类别证据不足
9210,一小段,4,其他类,一小,一小段，约10cm山药 || 一小段，不放也可以葱 || 一小段，A葱,109820|126753|128901,形态描述存在，但原始食材无法确定
9211,面团」,4,谷类及其制品,,,,可能是原生食材，但频次、命名或类别证据不足
9214,油芝麻,4,坚果种子类,,,,可能是原生食材，但频次、命名或类别证据不足
9218,兵豆,4,干豆类及其制品,,,,可能是原生食材，但频次、命名或类别证据不足
9219,小朵木耳,4,菌藻类,,,,可能是原生食材，但频次、命名或类别证据不足
9221,猪脊椎骨,4,畜肉类及其制品,,,,可能是原生食材，但频次、命名或类别证据不足
9224,小泰椒,4,蔬菜类及其制品,,,,可能是原生食材，但频次、命名或类别证据不足
9225,和土豆,4,干豆类及其制品,土豆,,,疑似多食材组合，但无法百分之百确认全部组成
9231,洋葱配菜,4,蔬菜类及其制品,,,,可能是原生食材，但频次、命名或类别证据不足
9233,可食糯米纸,4,谷类及其制品,,,,可能是原生食材，但频次、命名或类别证据不足
9234,了南瓜,4,蔬菜类及其制品,,,,可能是原生食材，但频次、命名或类别证据不足
9236,猪肉水饺,4,畜肉类及其制品,,,,可能是原生食材，但频次、命名或类别证据不足
9237,剁碎姜,4,蔬菜类及其制品,,,,可能是原生食材，但频次、命名或类别证据不足
9239,擦丝,4,其他类,擦,,,形态描述存在，但原始食材无法确定
9242,『面饼』,4,谷类及其制品,,,,可能是原生食材，但频次、命名或类别证据不足
9244,其他肉,4,畜肉类及其制品,,,,可能是原生食材，但频次、命名或类别证据不足
9247,水发海参,4,鱼虾蟹贝类,,5只水发海参 || 水发海参 || 100克水发海参,361|3884|7989,可能是原生食材，但频次、命名或类别证据不足
9248,核桃馅,4,水果类及其制品,,适量核桃馅 || 核桃馅 || 3.核桃馅,733|69986|72047,可能是原生食材，但频次、命名或类别证据不足
9251,大紫薯,4,薯类淀粉及其制品,,两个/小  一个/大紫薯,85644,可能是原生食材，但频次、命名或类别证据不足
9252,番茄糊,4,蔬菜类及其制品,,200克番茄糊 || 一大勺番茄糊 || 35克番茄糊,3596|76499|89861,可能是原生食材，但频次、命名或类别证据不足
9258,蟹腿肉,4,鱼虾蟹贝类,,适量蟹腿肉 || 蟹腿肉，一小把，麦德龙现成去壳冻包装 || 3根蟹腿肉,8195|11064|34756,可能是原生食材，但频次、命名或类别证据不足
9261,塔菜,4,蔬菜类及其制品,,1株塔菜 || 塔菜 || 300克塔菜,10474|28795|32279,可能是原生食材，但频次、命名或类别证据不足
9263,蛋黄馅,4,蛋类及其制品,,80g蛋黄馅 || 蛋黄馅 || 适量自制蛋黄馅,12427|43880|109100,可能是原生食材，但频次、命名或类别证据不足
9267,藕尖,4,薯类淀粉及其制品,,藕尖 || 克藕尖500 || 适量（我这里是6-7条）藕尖,15879|58814|86489,可能是原生食材，但频次、命名或类别证据不足
9268,京包菜,4,蔬菜类及其制品,,京包菜 || 一只京包菜 || 适量京包菜,17246|49040|91408|198329,可能是原生食材，但频次、命名或类别证据不足
9271,细青椒,4,蔬菜类及其制品,,3根细青椒 || 3个细青椒,25852|171073,可能是原生食材，但频次、命名或类别证据不足
9276,西瓜果肉,4,水果类及其制品,,350克西瓜果肉 || 250克西瓜果肉 || 480克西瓜果肉,33653|78166|160308,可能是原生食材，但频次、命名或类别证据不足
9279,鸭头,4,禽肉类及其制品,,5个鸭头 || 4-5个鸭头 || 9只（菜市场买的一板，冷冻的）鸭头,34922|47195|58268,可能是原生食材，但频次、命名或类别证据不足
9281,香菜头,4,蔬菜类及其制品,,1根香菜头 || 几个香菜头 || +－香菜头,36801|68518|74655,可能是原生食材，但频次、命名或类别证据不足
9283,基尾虾,4,鱼虾蟹贝类,,250G基尾虾 || 一斤基尾虾 || 10个基尾虾,42429|93027|106526,可能是原生食材，但频次、命名或类别证据不足
9286,西洋芹,4,蔬菜类及其制品,,20克1.西洋芹 || 1把西洋芹 || 1根西洋芹,26628|45489|88085,可能是原生食材，但频次、命名或类别证据不足
9292,黑猪肉馅,4,畜肉类及其制品,,150克黑猪肉馅 || 适量黑猪肉馅 || 250克黑猪肉馅,101390|132670|184961,可能是原生食材，但频次、命名或类别证据不足
9294,尖红辣椒,4,蔬菜类及其制品,,随意(伴碟)尖红辣椒 || 50g新鲜的尖红辣椒,64223|89229,可能是原生食材，但频次、命名或类别证据不足
9295,火麻仁,4,坚果种子类,,5克去皮火麻仁 || 火麻仁,68883|135802|154581,可能是原生食材，但频次、命名或类别证据不足
9309,皂米角,4,谷类及其制品,,,,可能是原生食材，但频次、命名或类别证据不足
9312,铺面,4,谷类及其制品,,2.铺面 || 铺面,1084|178807,可能是原生食材，但频次、命名或类别证据不足
9315,温水和面,4,谷类及其制品,温水|面,,,疑似多食材组合，但无法百分之百确认全部组成
9316,土豆饼,4,干豆类及其制品,,,,可能是原生食材，但频次、命名或类别证据不足
9317,大白菜叶,4,蔬菜类及其制品,,,,可能是原生食材，但频次、命名或类别证据不足
9318,炖菜,4,蔬菜类及其制品,,,,可能是原生食材，但频次、命名或类别证据不足
9320,瓣姜蒜,4,蔬菜类及其制品,,,,可能是原生食材，但频次、命名或类别证据不足
9325,小彩椒,4,蔬菜类及其制品,,,,可能是原生食材，但频次、命名或类别证据不足
9330,干紫苏叶,3,蔬菜类及其制品,,适量干紫苏叶 || 一小撮干紫苏叶 || 若干干紫苏叶,16|97543|166778,可能是原生食材，但频次、命名或类别证据不足
9331,鲢鱼头,3,鱼虾蟹贝类,,500克鲢鱼头 || 一个鲢鱼头 || 半个鲢鱼头,58|318|18234,可能是原生食材，但频次、命名或类别证据不足
9332,猪肋条肉,3,畜肉类及其制品,,150克猪肋条肉 || 500克猪肋条肉 || 300克猪肋条肉,58|8505|40575,可能是原生食材，但频次、命名或类别证据不足
9333,少量蓝莓,3,水果类及其制品,,少量蓝莓 || 少量蓝莓(随自己，放不放都行，用坚果也可以),82|12413|128297,可能是原生食材，但频次、命名或类别证据不足
9334,毛芋头,3,薯类淀粉及其制品,,4个小毛芋头 || 6个毛芋头 || 四斤左右（很大量）毛芋头,82|14888|69471,可能是原生食材，但频次、命名或类别证据不足
9335,截莲藕,3,薯类淀粉及其制品,,一小截莲藕 || 1截莲藕,83|16683|189345,可能是原生食材，但频次、命名或类别证据不足
9337,数量小葱,3,蔬菜类及其制品,,,,可能是原生食材，但频次、命名或类别证据不足
9338,儿大蒜,3,蔬菜类及其制品,,5瓣儿大蒜 || 3瓣儿大蒜 || 三瓣儿大蒜,158|799|15633|31025,可能是原生食材，但频次、命名或类别证据不足
9339,干切牛肉,3,畜肉类及其制品,,100g干切牛肉（自己卤制） || 2两干切牛肉（切片）,159|139212,可能是原生食材，但频次、命名或类别证据不足
9340,草莓果茸,3,水果类及其制品,,100克草莓果茸 || 50克草莓果茸 || 150克草莓果茸,160|11677|21260,可能是原生食材，但频次、命名或类别证据不足
9343,潮汕肉饼,3,畜肉类及其制品,,150克潮汕肉饼 || 50克潮汕肉饼 || 适量潮汕肉饼,248|105315|108063,可能是原生食材，但频次、命名或类别证据不足
9346,鲩鱼腩,3,鱼虾蟹贝类,,500克鲩鱼腩 || 鲩鱼腩（硬边，有骨的部位）,385|29245,可能是原生食材，但频次、命名或类别证据不足
9347,炖排骨,3,畜肉类及其制品,,#炖排骨,411|8586,可能是原生食材，但频次、命名或类别证据不足
9348,白蛤,3,鱼虾蟹贝类,,半斤白蛤 || 白蛤 || 500克白蛤（青蛤、文蛤均可）,412|7402|26525|58877,可能是原生食材，但频次、命名或类别证据不足
9356,香砂仁,3,坚果种子类,,0.5个香砂仁 || 4个香砂仁 || 3克香砂仁,594|4394|129015,可能是原生食材，但频次、命名或类别证据不足
9359,桂圆红枣,3,坚果种子类,,桂圆红枣 || 2-3颗桂圆 红枣,646|161511,可能是原生食材，但频次、命名或类别证据不足
9360,镜面层,3,谷类及其制品,,#镜面层 || 镜面层 || 镜面层~,704|64122|89670|121332|131727|154856,可能是原生食材，但频次、命名或类别证据不足
9363,青红朝天椒,3,蔬菜类及其制品,,2个青红朝天椒,756,可能是原生食材，但频次、命名或类别证据不足
9366,厚蛋烧,3,蛋类及其制品,,#厚蛋烧 || 厚蛋烧 || 1块厚蛋烧,769|50235|56170|58396,可能是原生食材，但频次、命名或类别证据不足
9371,白菜干,3,蔬菜类及其制品,,一棵白菜干 || 60克白菜干 || 50g白菜干,822|1977|5919,可能是原生食材，但频次、命名或类别证据不足
9376,洋鸡蛋,3,禽肉类及其制品,,2个洋鸡蛋 || 5个洋鸡蛋 || 5个（土鸡蛋需要6个）洋鸡蛋,939|5053|8933|15609,可能是原生食材，但频次、命名或类别证据不足
9377,红叶生菜,3,蔬菜类及其制品,,50g红叶生菜 || 40克红叶生菜 || 适量      红叶生菜,940|20879|31969,可能是原生食材，但频次、命名或类别证据不足
9380,黑蒜,3,蔬菜类及其制品,,一个黑蒜 || 6头黑蒜（独头） || 1头黑蒜,963|14551|15113,可能是原生食材，但频次、命名或类别证据不足
9387,菜丸,3,蔬菜类及其制品,,随意菜丸,1103,可能是原生食材，但频次、命名或类别证据不足
9390,定鸡爪,3,禽肉类及其制品,,,,可能是原生食材，但频次、命名或类别证据不足
9392,牛肉靡,3,畜肉类及其制品,,250克牛肉靡 || 150克牛肉靡 || 250G牛肉靡,1193|136869|172850,可能是原生食材，但频次、命名或类别证据不足
9395,号鸡蛋蛋清,3,禽肉类及其制品,,2个大号鸡蛋的蛋清,1224,可能是原生食材，但频次、命名或类别证据不足
9396,葱切末,3,蔬菜类及其制品,葱切,葱 1根切末（其他蔬菜也可以，肉末也行） || 20克葱切末 || 1根小葱切末（可省略）,1242|33962|133210,形态描述存在，但原始食材无法确定
9398,黄鸭叫,3,禽肉类及其制品,,2只黄鸭叫 || 5条黄鸭叫 || 3只黄鸭叫,1279|20724|37697|45181,可能是原生食材，但频次、命名或类别证据不足
9401,烫面,3,谷类及其制品,,100克烫面 || 烫面 || 50烫面,1351|68269|92789,可能是原生食材，但频次、命名或类别证据不足
9403,各彩椒,3,蔬菜类及其制品,,各半个彩椒 || 各1个彩椒 || 各1小块彩椒,1401|18753|29646|32796|32901,可能是原生食材，但频次、命名或类别证据不足
9404,芝麻花生米,3,坚果种子类,,,,可能是原生食材，但频次、命名或类别证据不足
9405,调好肉馅,3,畜肉类及其制品,,调好的肉馅 || 一斤调好肉馅 || 适量（我的菜谱有）调好的肉馅,1419|165699|171296,可能是原生食材，但频次、命名或类别证据不足
9406,板栗仁,3,坚果种子类,,70g板栗仁 || 6-8个板栗仁 || 150克板栗仁,1420|3698|16949,可能是原生食材，但频次、命名或类别证据不足
9410,鲽鱼身,3,鱼虾蟹贝类,,半条鲽鱼身,123005,可能是原生食材，但频次、命名或类别证据不足
9411,熏三文鱼,3,鱼虾蟹贝类,,两三片熏三文鱼 || 2块熏三文鱼 || 2片熏三文鱼,1524|2139|56893,可能是原生食材，但频次、命名或类别证据不足
9412,青椒切粒,3,蔬菜类及其制品,,青椒切粒,1536,可能是原生食材，但频次、命名或类别证据不足
9413,饰香菜,3,蔬菜类及其制品,,装饰香菜 || 2-3根装饰用香菜 || 装饰用香菜,1539|47465|93784,可能是原生食材，但频次、命名或类别证据不足
9418,指甲盖大小姜,3,蔬菜类及其制品,,,,可能是原生食材，但频次、命名或类别证据不足
9419,少量大米,3,谷类及其制品,,少量大米,1718|39524|123509,可能是原生食材，但频次、命名或类别证据不足
9422,鸡全腿,3,禽肉类及其制品,,1个(250克)鸡全腿 || 2只鸡全腿 || 4只鸡全腿,1741|15048|17342,可能是原生食材，但频次、命名或类别证据不足
9423,咸柠檬,3,水果类及其制品,,1个咸柠檬 || 4个咸柠檬 || 2-4个咸柠檬,1751|62037|65326|75247,可能是原生食材，但频次、命名或类别证据不足
9426,南美对虾,3,鱼虾蟹贝类,,10只南美对虾 || 200克南美对虾 || 六只南美对虾,1824|112115|177354,可能是原生食材，但频次、命名或类别证据不足
9428,号鸡蛋,3,禽肉类及其制品,,3个小号鸡蛋 || 3个大号鸡蛋 || 2个大号鸡蛋,1897|4317|17800,可能是原生食材，但频次、命名或类别证据不足
9429,杏仁小圆饼,3,水果类及其制品,,#杏仁小圆饼,1916,可能是原生食材，但频次、命名或类别证据不足
9432,滑子菇,3,菌藻类,,25克（或其他干菇类，如榛蘑或茶树菇等）滑子菇 || 适量滑子菇 || 三四根滑子菇,1942|46073|46240,可能是原生食材，但频次、命名或类别证据不足
9435,干红葱头,3,蔬菜类及其制品,,干红葱头6个 || 5-8个干红葱头 || 1个干红葱头,1973|25645|27472,可能是原生食材，但频次、命名或类别证据不足
9436,手摇磨豆机,3,干豆类及其制品,,1个手摇磨豆机,1995,可能是原生食材，但频次、命名或类别证据不足
9437,香菇鹌鹑蛋,3,蛋类及其制品,,朵香菇鹌鹑蛋,2022,可能是原生食材，但频次、命名或类别证据不足
9442,章鱼足,3,鱼虾蟹贝类,,1只章鱼足 || 500g章鱼足 || 200克章鱼足,2205|22683|24951,可能是原生食材，但频次、命名或类别证据不足
9443,迟菜心,3,蔬菜类及其制品,,3棵迟菜心,2206,可能是原生食材，但频次、命名或类别证据不足
9450,四川辣椒,3,蔬菜类及其制品,,20个四川辣椒,2276,可能是原生食材，但频次、命名或类别证据不足
9453,甜胡萝卜,3,蔬菜类及其制品,,,,可能是原生食材，但频次、命名或类别证据不足
9455,蝶花生米,3,谷类及其制品,,半小蝶花生米 || 1小蝶花生米,2351|90645,可能是原生食材，但频次、命名或类别证据不足
9457,长南瓜,3,蔬菜类及其制品,,半个长南瓜 || 500克长南瓜,2369|132286,可能是原生食材，但频次、命名或类别证据不足
9458,蒜蓉酥,3,蔬菜类及其制品,,0.5勺(小瓷汤勺)蒜蓉酥 || 1勺蒜蓉酥,2386|120422,可能是原生食材，但频次、命名或类别证据不足
9460,迷你土豆,3,干豆类及其制品,,5个迷你土豆 || 1个迷你土豆 || 300g迷你土豆,2414|5571|6460,可能是原生食材，但频次、命名或类别证据不足
9461,全麦鲁邦种,3,谷类及其制品,,80克全麦鲁邦种（半成品）,2470,可能是原生食材，但频次、命名或类别证据不足
9462,生菜叶子,3,蔬菜类及其制品,,6片生菜叶子,2480,可能是原生食材，但频次、命名或类别证据不足
9467,辣椒二荆条,3,蔬菜类及其制品,,2根辣椒 二荆条,2633,可能是原生食材，但频次、命名或类别证据不足
9468,半白芝麻,3,坚果种子类,,,,可能是原生食材，但频次、命名或类别证据不足
9470,墨鱼意面,3,鱼虾蟹贝类,,一根墨鱼意面 || 200g墨鱼意面（普通意面也可以） || 100g 墨鱼意面,2708|53635|65504,可能是原生食材，但频次、命名或类别证据不足
9471,梅菜笋丝,3,蔬菜类及其制品,梅菜笋,80G（一袋）袋装梅菜笋丝 || 一包梅菜笋丝 || 半包梅菜笋丝,2720|75529|173559,形态描述存在，但原始食材无法确定
9474,霉干菜,3,蔬菜类及其制品,,60克霉干菜 || 霉干菜 || 少许霉干菜,2747|34320|41245|82011,可能是原生食材，但频次、命名或类别证据不足
9475,仔鸡,3,禽肉类及其制品,,1只仔鸡 || 一只仔鸡 || 950g仔鸡,2755|8467|8789|12345,可能是原生食材，但频次、命名或类别证据不足
9476,辣三丁,3,其他类,辣三,,,形态描述存在，但原始食材无法确定
9483,香菜切段,3,蔬菜类及其制品,香菜切,一把50克香菜切段 || 15克香菜切段 || 2根香菜切段,2940|19208|154839,形态描述存在，但原始食材无法确定
9484,簇金针菇,3,菌藻类,,一小簇金针菇 || 1小簇金针菇,2963|78349,可能是原生食材，但频次、命名或类别证据不足
9489,各黄瓜,3,蔬菜类及其制品,,各适量黄瓜，豆芽，红萝卜，芹菜,3098,可能是原生食材，但频次、命名或类别证据不足
9490,鱼竹轮,3,鱼虾蟹贝类,,一根鱼竹轮 || 100克鱼竹轮 || 1袋鱼竹轮,3128|20953|70129,可能是原生食材，但频次、命名或类别证据不足
9491,三文鱼刺身,3,鱼虾蟹贝类,,三片三文鱼刺身 || 200g三文鱼刺身,3144|106197,可能是原生食材，但频次、命名或类别证据不足
9497,风味鸡,3,禽肉类及其制品,,,,可能是原生食材，但频次、命名或类别证据不足
9504,姜葱水,3,蔬菜类及其制品,,姜葱水 || 4大匙姜葱水 || 15克姜葱水,3404|28408|58309|70748,可能是原生食材，但频次、命名或类别证据不足
9506,大朵银耳,3,菌藻类,,,,可能是原生食材，但频次、命名或类别证据不足
9507,姜姜姜,3,蔬菜类及其制品,,,,可能是原生食材，但频次、命名或类别证据不足
9508,香葱粒,3,蔬菜类及其制品,,少许香葱粒（装饰用） || 少许香葱粒 || 10克香葱粒,3505|81284|87209|151082|185007,可能是原生食材，但频次、命名或类别证据不足
9511,红黄绿彩椒,3,蔬菜类及其制品,,小半个红黄绿彩椒 || 红黄绿彩椒,3576|153717,可能是原生食材，但频次、命名或类别证据不足
9513,后胡萝卜,3,蔬菜类及其制品,,3斤，去皮后1100克胡萝卜,3586,可能是原生食材，但频次、命名或类别证据不足
9518,山羊乳酪,3,畜肉类及其制品,,50克（可根据个人口味定）山羊乳酪 || 100g山羊乳酪,3711|146651,可能是原生食材，但频次、命名或类别证据不足
9520,半量杯大米,3,谷类及其制品,,半量杯大米 || 大半量杯大米,3776|35938|76859|167593|189429,可能是原生食材，但频次、命名或类别证据不足
9522,一段黄瓜,3,蔬菜类及其制品,,一段黄瓜,3852|7621|20354|59118|74316|81644|81695|87109|108099|144598|145616|176343|180815,可能是原生食材，但频次、命名或类别证据不足
9525,绿柠檬,3,水果类及其制品,,2个小绿柠檬 || 1个绿柠檬 || 一颗绿柠檬,3887|11279|54073,可能是原生食材，但频次、命名或类别证据不足
9526,韓國辣椒醬,3,蔬菜类及其制品,,,,可能是原生食材，但频次、命名或类别证据不足
9528,两枚鸡蛋,3,禽肉类及其制品,,两枚鸡蛋 || 两枚（大一点）鸡蛋,4080|11329|13626|14809|34581|46266|63509|70644|80322|81028|105954|126145|130965|138659|141220|145471|160004|163294|168085|170952|171317|177174|197298,可能是原生食材，但频次、命名或类别证据不足
9530,葱短,3,蔬菜类及其制品,,少许葱短,4088,可能是原生食材，但频次、命名或类别证据不足
9531,青辣椒圈,3,蔬菜类及其制品,,2勺青辣椒圈 || 若干青辣椒圈 || 30克青辣椒圈,4150|174604|198648,可能是原生食材，但频次、命名或类别证据不足
9533,两段大葱,3,蔬菜类及其制品,,两段大葱,4154|40080|76804|106843|114098|115284|145651|146082|149791|152798|159462|162500|172395|176783|183185,可能是原生食材，但频次、命名或类别证据不足
9535,意式萨拉米,3,谷类及其制品,,,,可能是原生食材，但频次、命名或类别证据不足
9537,姬菇,3,菌藻类,,1小把姬菇 || 10只姬菇 || 十朵（也可以用其他的菇或者自己喜欢的配菜）姬菇,4223|4583|34383,可能是原生食材，但频次、命名或类别证据不足
9538,鸡蛋量蛋清,3,禽肉类及其制品,,一只鸡蛋量蛋清 || 半个鸡蛋的量蛋清 || 1个鸡蛋的量蛋清,4238|28440|134503,可能是原生食材，但频次、命名或类别证据不足
9539,哈蜜瓜,3,蔬菜类及其制品,,哈蜜瓜 || 小半只哈蜜瓜 || 1/4个哈蜜瓜,4245|23060|47609,可能是原生食材，但频次、命名或类别证据不足
9543,瘦肉沫,3,畜肉类及其制品,,80克瘦肉沫 || 100g瘦肉沫（不喜欢瘦肉，换腊味，但是要肉碎） || 适量瘦肉沫,4312|87024|93194,可能是原生食材，但频次、命名或类别证据不足
9544,少量生姜,3,蔬菜类及其制品,,少量生姜 || 少量（鸡肉焯水时用）生姜 || 少量生姜，辣椒，水葱，蒜头,4338|15290|25807|30979|36356|38691|38969|51929|68908|97499|121048|121876|129039|131983|134875|138944|146947|162310,可能是原生食材，但频次、命名或类别证据不足
9545,青菜叶子,3,蔬菜类及其制品,,适量青菜叶子 || 青菜叶子 || 一小把青菜叶子,4339|33358|186442,可能是原生食材，但频次、命名或类别证据不足
9548,青杭椒,3,蔬菜类及其制品,,5个青杭椒 || 2-3个青杭椒 || 1个青杭椒,4406|7210|25112,可能是原生食材，但频次、命名或类别证据不足
9551,抓小米,3,谷类及其制品,,抓3把（两人份）小米 || 3抓小米,4428|127987,可能是原生食材，但频次、命名或类别证据不足
9552,抓糙米,3,谷类及其制品,,抓1.5把（提高粘度，好吃的米种）糙米,4428,可能是原生食材，但频次、命名或类别证据不足
9553,定西兰花,3,蔬菜类及其制品,,,,可能是原生食材，但频次、命名或类别证据不足
9557,白菜馅,3,蔬菜类及其制品,,250克白菜馅 || 白菜馅（多少按个人喜好）,4496|89690,可能是原生食材，但频次、命名或类别证据不足
9563,葱苗,3,蔬菜类及其制品,,若干葱苗 || 5根葱苗 || 2把葱苗,4586|21720|74548,可能是原生食材，但频次、命名或类别证据不足
9568,清炖牛腩,3,畜肉类及其制品,,清炖牛腩,4653,可能是原生食材，但频次、命名或类别证据不足
9570,黑豆面,3,干豆类及其制品,,黑豆面 || 40克黑豆面 || 一勺黑豆面,4707|39742|83488,可能是原生食材，但频次、命名或类别证据不足
9571,台湾凤梨,3,水果类及其制品,,1只台湾凤梨 || 1个（取1/4肉）台湾凤梨 || 2只台湾凤梨,4733|65675|85556,可能是原生食材，但频次、命名或类别证据不足
9577,卤鹅肉,3,禽肉类及其制品,,200克卤鹅肉,4809,可能是原生食材，但频次、命名或类别证据不足
9578,生核桃仁,3,水果类及其制品,,一把生核桃仁 || 50克生核桃仁 || 50g生核桃仁,4815|27419|47528,可能是原生食材，但频次、命名或类别证据不足
9580,节脆藕,3,薯类淀粉及其制品,,1小节脆藕 || 2节脆藕,4832|31555,可能是原生食材，但频次、命名或类别证据不足
9581,腊鸡,3,禽肉类及其制品,,半只腊鸡 || 腊鸡 || 1/4只腊鸡,4884|15444|68845|69390,可能是原生食材，但频次、命名或类别证据不足
9582,表面撒料,3,谷类及其制品,,表面撒料,4912|43825|53805,可能是原生食材，但频次、命名或类别证据不足
9583,子冰块,3,其他类,子冰,一杯子冰块,4943,形态描述存在，但原始食材无法确定
9585,芒果粉,3,水果类及其制品,,5g芒果粉 || 10克芒果粉 || 2克芒果粉,5028|115619|143671,可能是原生食材，但频次、命名或类别证据不足
9586,麦饼,3,谷类及其制品,,小麦饼,5031,可能是原生食材，但频次、命名或类别证据不足
9591,黑麦天然酵种,3,谷类及其制品,,150克黑麦天然酵种（100%水粉比例） || 280克（100%水粉比例）黑麦天然酵种 || 75克（100%水粉比例）黑麦天然酵种,5134|29765|92045|93814,可能是原生食材，但频次、命名或类别证据不足
9593,水笋,3,蔬菜类及其制品,,3个水笋 || 一包300克水笋 || 300克水笋,5150|59593|196615,可能是原生食材，但频次、命名或类别证据不足
9596,香水鱼料,3,鱼虾蟹贝类,,1包香水鱼料 || 1袋香水鱼料,5218|99195,可能是原生食材，但频次、命名或类别证据不足
9600,青葱碎,3,蔬菜类及其制品,青葱,小青葱碎 || 1根青葱碎（出锅撒）,5246|17603,形态描述存在，但原始食材无法确定
9602,啦生菜,3,蔬菜类及其制品,,,,可能是原生食材，但频次、命名或类别证据不足
9603,笋尖,3,蔬菜类及其制品,,适量笋尖 || 笋尖 || 笋尖五条,5349|30986|31604,可能是原生食材，但频次、命名或类别证据不足
9604,干小米辣,3,谷类及其制品,,50g干小米辣 || 约6克干小米辣（可按口味加减） || 25克干小米辣,5359|53884|117995,可能是原生食材，但频次、命名或类别证据不足
9609,酸姜,3,蔬菜类及其制品,,适量酸姜 || 10片酸姜 || 两块酸姜,5536|6247|19886,可能是原生食材，但频次、命名或类别证据不足
9611,花叶生菜,3,蔬菜类及其制品,,100～300g花叶生菜,5558,可能是原生食材，但频次、命名或类别证据不足
9612,一段白萝卜,3,蔬菜类及其制品,,一段白萝卜,5580|67982|88454|137301|169670,可能是原生食材，但频次、命名或类别证据不足
9613,独头蒜蒜,3,蔬菜类及其制品,,两头独头蒜蒜 || 独头蒜两个蒜 || 独头蒜1个蒜,5608|74463|90440,可能是原生食材，但频次、命名或类别证据不足
9614,紅甜椒,3,蔬菜类及其制品,,1颗紅甜椒,5614,可能是原生食材，但频次、命名或类别证据不足
9615,面团全麦粉,3,谷类及其制品,,,,可能是原生食材，但频次、命名或类别证据不足
9616,面团高筋粉,3,谷类及其制品,,,,可能是原生食材，但频次、命名或类别证据不足
9619,自由搭配配菜,3,蔬菜类及其制品,,自由搭配配菜,62475,可能是原生食材，但频次、命名或类别证据不足
9621,肉红枣,3,畜肉类及其制品,,4颗大大的肉红枣,5856,可能是原生食材，但频次、命名或类别证据不足
9622,紫圆葱,3,蔬菜类及其制品,,一个紫圆葱 || 1/4 个紫圆葱 || 一块紫圆葱,5858|6745|20246,可能是原生食材，但频次、命名或类别证据不足
9625,贝壳粉,3,鱼虾蟹贝类,,十六个贝壳粉 || 10克贝壳粉,5898|104650,可能是原生食材，但频次、命名或类别证据不足
9626,芋子,3,薯类淀粉及其制品,,五斤芋子（不是芋头） || 500克小芋子 || 2斤芋子,5904|71805|75737,可能是原生食材，但频次、命名或类别证据不足
9627,鱼子,3,鱼虾蟹贝类,,100g鱼子（我用的鲈鱼） || 鱼子 || 少许鱼子,5905|28250|40559,可能是原生食材，但频次、命名或类别证据不足
9632,头紫洋葱,3,蔬菜类及其制品,,一小头紫洋葱,5979,可能是原生食材，但频次、命名或类别证据不足
9633,绿菜,3,蔬菜类及其制品,,适量绿菜 || 绿菜,5998|25276|100146|135266,可能是原生食材，但频次、命名或类别证据不足
9635,榨汁柠檬,3,水果类及其制品,,个榨汁柠檬1 || 半个榨汁柠檬 || 1个榨汁柠檬,6031|29166|88062|179267,可能是原生食材，但频次、命名或类别证据不足
9636,橙子切片,3,水果类及其制品,橙子切,橙子切片适量 || 70g橙子切片 || 橙子切片9片，蜂蜜20g，清水少许,6039|42993|79120,形态描述存在，但原始食材无法确定
9637,子蛋白粉,3,蛋类及其制品,,,,可能是原生食材，但频次、命名或类别证据不足
9639,颜色彩椒,3,蔬菜类及其制品,,,,可能是原生食材，但频次、命名或类别证据不足
9640,株香菜,3,蔬菜类及其制品,,一小株香菜 || 3小株香菜,6156|26287,可能是原生食材，但频次、命名或类别证据不足
9641,樱桃小番茄,3,水果类及其制品,,200g樱桃小番茄 || 10个樱桃小番茄 || 5个樱桃小番茄,6167|73290|91416|112657,可能是原生食材，但频次、命名或类别证据不足
9642,杜松子,3,坚果种子类,,适量杜松子 || 几个（可选）杜松子,6175|12782,可能是原生食材，但频次、命名或类别证据不足
9643,欧芹粉,3,蔬菜类及其制品,,若干欧芹粉 || 适量欧芹粉 || 适量欧芹粉（装饰用）,6203|8941|14860,可能是原生食材，但频次、命名或类别证据不足
9644,酸蒜头,3,蔬菜类及其制品,,10个酸蒜头 || 5酸蒜头,6247|24624,可能是原生食材，但频次、命名或类别证据不足
9649,肥五花,3,畜肉类及其制品,,670克肥五花,6293,可能是原生食材，但频次、命名或类别证据不足
9651,干海参,3,鱼虾蟹贝类,,2只干海参 || 12只干海参 || 若干干海参,6332|18326|35237,可能是原生食材，但频次、命名或类别证据不足
9652,泡米水,3,谷类及其制品,,500g泡米的水 || 两小碗泡米的水,6358|193677,可能是原生食材，但频次、命名或类别证据不足
9654,什香草,3,蔬菜类及其制品,,少许什香草 || 什香草（可不加） || 适量什香草,6402|123968|139463,可能是原生食材，但频次、命名或类别证据不足
9656,青柿子椒,3,蔬菜类及其制品,,50g青柿子椒 || 半个青柿子椒 || 1个青柿子椒,6445|60142|134447,可能是原生食材，但频次、命名或类别证据不足
9657,姜未,3,蔬菜类及其制品,,2g姜未 || 姜未 || 30克姜未,6445|45656|51873,可能是原生食材，但频次、命名或类别证据不足
9658,水东芥菜,3,蔬菜类及其制品,,2-3棵水东芥菜 || 12斤水东芥菜，（带叶大菜） || 200g水东芥菜,6478|116428|122883,可能是原生食材，但频次、命名或类别证据不足
9661,腰果仁,3,坚果种子类,,125克腰果仁 || 适量（可不加）腰果仁 || 少许腰果仁,6599|14095|58984,可能是原生食材，但频次、命名或类别证据不足
9663,棵香葱,3,蔬菜类及其制品,,一大棵香葱,6643|147707,可能是原生食材，但频次、命名或类别证据不足
9664,酸樱桃,3,水果类及其制品,,100克酸樱桃,6710,可能是原生食材，但频次、命名或类别证据不足
9666,蒜大蒜,3,蔬菜类及其制品,,大蒜 1头大蒜 || 一头蒜大蒜,6888|74800|155564,可能是原生食材，但频次、命名或类别证据不足
9670,三华李,3,水果类及其制品,,三华李 || 1200克三华李 || 4个三华李,7055|31754|77127,可能是原生食材，但频次、命名或类别证据不足
9671,梭鱼,3,鱼虾蟹贝类,,梭鱼 || 一条梭鱼 || 3条梭鱼,7062|9219|51225,可能是原生食材，但频次、命名或类别证据不足
9672,肉冻,3,畜肉类及其制品,,切碎适量肉冻（或浓汤宝）,7077,可能是原生食材，但频次、命名或类别证据不足
9673,猪肉里脊肉,3,畜肉类及其制品,,350克猪肉里脊肉 || 250克猪肉里脊肉,7104|43505,可能是原生食材，但频次、命名或类别证据不足
9675,椒混合,3,蔬菜类及其制品,,,,可能是原生食材，但频次、命名或类别证据不足
9684,鸡肾,3,禽肉类及其制品,,1斤鸡肾 || 6只鸡肾 || 250克鸡肾,7293|40122|69646,可能是原生食材，但频次、命名或类别证据不足
9685,牛展肉,3,畜肉类及其制品,,300克牛展肉 || 克牛展肉1000,7294|101560,可能是原生食材，但频次、命名或类别证据不足
9686,丰稻花香五常大米,3,谷类及其制品,,,,可能是原生食材，但频次、命名或类别证据不足
9687,粗玉米面,3,谷类及其制品,,半碗粗玉米面 || 300g粗玉米面 || 1杯，152克粗玉米面,7373|93945|114808,可能是原生食材，但频次、命名或类别证据不足
9689,黑小麦粉,3,谷类及其制品,,300克黑小麦粉 || 250克黑小麦粉,7398|152372|181830,可能是原生食材，但频次、命名或类别证据不足
9691,少量黑芝麻,3,坚果种子类,,少量黑芝麻 || 少量（用来撒蛋糕糊表面）黑芝麻 || 少量黑芝麻（可放可不放）,7493|8971|15884|17890|26177|29171|30087|30596|31212|33851,可能是原生食材，但频次、命名或类别证据不足
9692,鲜甜玉米粒,3,谷类及其制品,,80克鲜甜玉米粒,7595,可能是原生食材，但频次、命名或类别证据不足
9694,喜大牛肉粉,3,畜肉类及其制品,,少许大喜大牛肉粉 || 10克大喜大牛肉粉 || 20g大喜大牛肉粉,7622|17109|17564,可能是原生食材，但频次、命名或类别证据不足
9695,蘑菇干,3,菌藻类,,十朵蘑菇干 || 3个蘑菇干,7636|196372,可能是原生食材，但频次、命名或类别证据不足
9696,玉米煎饼,3,谷类及其制品,,一个玉米煎饼（超市真空包装）,7748,可能是原生食材，但频次、命名或类别证据不足
9697,虎乳菌,3,菌藻类,,10克虎乳菌 || 20g虎乳菌 || 适量虎乳菌,7762|18928|54430,可能是原生食材，但频次、命名或类别证据不足
9698,五花肉薄片,3,畜肉类及其制品,五花肉薄,125克五花肉薄片（火锅用） || 150g五花肉薄片 || 100克五花肉薄片,14807|62301|102910,形态描述存在，但原始食材无法确定
9700,截玉米,3,谷类及其制品,,一小截玉米,7805,可能是原生食材，但频次、命名或类别证据不足
9704,富士苹果,3,水果类及其制品,,一个富士苹果 || 4片富士苹果 || 1个富士苹果（磨泥/切丁）,7896|13670|43994,可能是原生食材，但频次、命名或类别证据不足
9707,香菇精,3,菌藻类,,适量香菇精,8058|128615,可能是原生食材，但频次、命名或类别证据不足
9708,生姜蓉,3,蔬菜类及其制品,,适量生姜蓉 || 7克生姜蓉 || 适量生姜蓉，蒜蓉,8080|51693|87491,可能是原生食材，但频次、命名或类别证据不足
9710,细芹菜,3,蔬菜类及其制品,,一根细芹菜 || 1根细芹菜 || 3根根细芹菜,8124|66807|67387,可能是原生食材，但频次、命名或类别证据不足
9713,少量葱姜蒜,3,蔬菜类及其制品,,少量葱姜蒜,8189|29838|43489|45378|47013|63034|88894|93563|94946|102574|114037|116886|125617|134472|139520|152214|168563|178206|183591|188560|194714,可能是原生食材，但频次、命名或类别证据不足
9714,白蚬子,3,鱼虾蟹贝类,,适量白蚬子 || 500克白蚬子 || 一斤白蚬子,8198|158005|189982,可能是原生食材，但频次、命名或类别证据不足
9715,叶香菜,3,蔬菜类及其制品,,3叶香菜 || 1-2根大叶香菜,8201|138426,可能是原生食材，但频次、命名或类别证据不足
9717,跟胡萝卜,3,蔬菜类及其制品,,1跟胡萝卜 || 2跟胡萝卜,8227|46206|75613|89442|131144|154064|183244|191278,可能是原生食材，但频次、命名或类别证据不足
9718,螺片,3,鱼虾蟹贝类,螺,螺片 || 一片螺片 || 螺片(螺肉),8241|13648|19933|72818,形态描述存在，但原始食材无法确定
9721,五常稻花香大米,3,谷类及其制品,,2杯五常稻花香大米 || 适量五常稻花香大米,8402|49792,可能是原生食材，但频次、命名或类别证据不足
9723,黑米面,3,谷类及其制品,,100克黑米面 || 65g黑米面 || 1-2碗黑米面,8410|15787|24728,可能是原生食材，但频次、命名或类别证据不足
9725,皖鱼,3,鱼虾蟹贝类,,半条皖鱼 || 600克皖鱼 || 1条新鲜皖鱼,8469|40236|43726|89595,可能是原生食材，但频次、命名或类别证据不足
9727,就行葱姜蒜,3,蔬菜类及其制品,,,,可能是原生食材，但频次、命名或类别证据不足
9728,中宁枸杞,3,坚果种子类,,125克中宁枸杞 || 10-15粒中宁枸杞,8562|36008,可能是原生食材，但频次、命名或类别证据不足
9729,莲子粉,3,坚果种子类,,50克（清火）莲子粉 || 5克莲子粉,8562|118093,可能是原生食材，但频次、命名或类别证据不足
9737,广东菜心,3,蔬菜类及其制品,,两三颗广东菜心 || 一小把广东菜心 || 8根广东菜心,8763|19895|30446,可能是原生食材，但频次、命名或类别证据不足
9738,花生蛋白,3,蛋类及其制品,,16片花生蛋白,194544,可能是原生食材，但频次、命名或类别证据不足
9739,机全麦粉,3,谷类及其制品,,300克有机全麦粉 || 80克有机全麦粉,8838|25699,可能是原生食材，但频次、命名或类别证据不足
9740,法式老面,3,谷类及其制品,,250克法式老面 || 290克法式老面 || 100法式老面,8878|30078|131812,可能是原生食材，但频次、命名或类别证据不足
9742,青海椒,3,蔬菜类及其制品,,青海椒 || 2根青海椒 || 四五个青海椒,8886|143003|156063,可能是原生食材，但频次、命名或类别证据不足
9746,本地青椒,3,蔬菜类及其制品,,4个本地青椒 || 四个本地青椒,9173|143888,可能是原生食材，但频次、命名或类别证据不足
9748,剩下蛋白,3,蛋类及其制品,,,,可能是原生食材，但频次、命名或类别证据不足
9755,各种果仁,3,坚果种子类,,少许各种果仁 || 各种果仁 || 450克各种果仁（花生、核桃、葵花粉仁、西瓜籽仁、南瓜籽仁、白芝麻、黑芝麻、葡萄干、蔓越莓干等　）,9568|43240|145577,可能是原生食材，但频次、命名或类别证据不足
9763,阳山水蜜桃,3,水果类及其制品,,,,可能是原生食材，但频次、命名或类别证据不足
9766,姜切丁,3,蔬菜类及其制品,姜切,姜切丁少许,160739,形态描述存在，但原始食材无法确定
9767,牛油果果肉,3,水果类及其制品,,100克左右牛油果果肉,9697,可能是原生食材，但频次、命名或类别证据不足
9768,优质五花肉,3,畜肉类及其制品,,500克优质五花肉,9716,可能是原生食材，但频次、命名或类别证据不足
9771,葱段姜片蒜头,3,蔬菜类及其制品,,,,可能是原生食材，但频次、命名或类别证据不足
9772,日本拉面,3,谷类及其制品,,3人份日本拉面 || 1-2捆日本拉面,9846|100946,可能是原生食材，但频次、命名或类别证据不足
9773,玻璃肉,3,畜肉类及其制品,,100克玻璃肉,9880,可能是原生食材，但频次、命名或类别证据不足
9776,辣椒小米辣,3,谷类及其制品,,,,可能是原生食材，但频次、命名或类别证据不足
9780,自定猪肉,3,畜肉类及其制品,,自定猪肉,9996|183662,可能是原生食材，但频次、命名或类别证据不足
9781,空心菜杆,3,蔬菜类及其制品,,空心菜杆 || 1把空心菜杆 || 一把空心菜杆,10026|52862|126638|169494|181092|197440,可能是原生食材，但频次、命名或类别证据不足
9782,一半燕麦,3,谷类及其制品,,,,可能是原生食材，但频次、命名或类别证据不足
9784,海蛎子肉,3,鱼虾蟹贝类,,100克海蛎子肉,10078,可能是原生食材，但频次、命名或类别证据不足
9785,小包菜,3,蔬菜类及其制品,,,,可能是原生食材，但频次、命名或类别证据不足
9787,咸笋,3,蔬菜类及其制品,,100克咸笋 || 3根咸笋 || 2根咸笋,10144|47557|53758,可能是原生食材，但频次、命名或类别证据不足
9788,里脊肉末,3,畜肉类及其制品,里脊肉,适量里脊肉末 || 300克里脊肉末,10157|51868,形态描述存在，但原始食材无法确定
9789,蛋黃,3,蛋类及其制品,,1个蛋黃 || 个蛋黃6 || 27克蛋黃,10209|33728|34430|57195,可能是原生食材，但频次、命名或类别证据不足
9791,水果彩椒,3,蔬菜类及其制品,,2个水果彩椒 || 1盒水果彩椒,10237|163424,可能是原生食材，但频次、命名或类别证据不足
9792,绿色朝天椒,3,蔬菜类及其制品,,400克绿色朝天椒 || 5个绿色朝天椒 || 20只绿色朝天椒,63973|89450|141705,可能是原生食材，但频次、命名或类别证据不足
9793,绿叶生菜,3,蔬菜类及其制品,,2片绿叶生菜 || 1颗绿叶生菜,10322|151583,可能是原生食材，但频次、命名或类别证据不足
9794,葱蒜青红椒,3,蔬菜类及其制品,,,,可能是原生食材，但频次、命名或类别证据不足
9797,金丝蜜枣,3,坚果种子类,,1个金丝蜜枣 || 金丝蜜枣5颗 || 两只金丝蜜枣,10465|74525|149724,可能是原生食材，但频次、命名或类别证据不足
9798,牛脖骨,3,畜肉类及其制品,,1000克牛脖骨 || 500克牛脖骨,10534|116085,可能是原生食材，但频次、命名或类别证据不足
9799,大肉,3,畜肉类及其制品,,400g大肉 || 大块大肉 || 200克大肉,10542|15138|19409,可能是原生食材，但频次、命名或类别证据不足
9800,嘎鱼,3,鱼虾蟹贝类,,2条嘎鱼 || 3条嘎鱼 || 6条嘎鱼,10576|22319|50065,可能是原生食材，但频次、命名或类别证据不足
9801,黄豆黑豆,3,干豆类及其制品,,黄豆黑豆一碗,10586,可能是原生食材，但频次、命名或类别证据不足
9802,四角豆,3,干豆类及其制品,,200g四角豆 || 300克左右四角豆 || 适量四角豆,10619|82368|107523,可能是原生食材，但频次、命名或类别证据不足
9810,拍碎大蒜,3,蔬菜类及其制品,,三个拍碎大蒜 || 4个拍碎大蒜 || 3瓣拍碎大蒜,10847|39159|45957,可能是原生食材，但频次、命名或类别证据不足
9812,大米大米,3,谷类及其制品,,1/2杯大米大米,10857,可能是原生食材，但频次、命名或类别证据不足
9813,猪肥膘,3,畜肉类及其制品,,250克猪肥膘 || 猪肥膘 || 100g猪肥膘,10864|25653|63321|70212,可能是原生食材，但频次、命名或类别证据不足
9816,尖青椒,3,蔬菜类及其制品,,1个尖青椒 || 100g尖青椒 || 4个尖青椒,10911|12578|47196|80233,可能是原生食材，但频次、命名或类别证据不足
9818,就够了芝麻,3,坚果种子类,,一点就够了芝麻,10991,可能是原生食材，但频次、命名或类别证据不足
9820,少量青椒,3,蔬菜类及其制品,,少量青椒,11082|61360|64044|71538|111210|134806|154562|158436|184607|189860,可能是原生食材，但频次、命名或类别证据不足
9822,萝卜红萝卜,3,蔬菜类及其制品,,,,可能是原生食材，但频次、命名或类别证据不足
9825,清江鱼,3,鱼虾蟹贝类,,1条清江鱼 || 条清江鱼1 || 一条清江鱼,11187|31591|46928,可能是原生食材，但频次、命名或类别证据不足
9826,任何青菜,3,蔬菜类及其制品,,适量任何青菜,11189,可能是原生食材，但频次、命名或类别证据不足
9827,公仔面,3,谷类及其制品,,1包公仔面 || 公仔面 || 1个公仔面,11208|41555|62365,可能是原生食材，但频次、命名或类别证据不足
9828,人饭量米,3,谷类及其制品,,个人饭量米,11217,可能是原生食材，但频次、命名或类别证据不足
9835,苦笋,3,蔬菜类及其制品,,500克苦笋（未剥皮的） || 苦笋 || 一根苦笋,11356|30718|30729|38907,可能是原生食材，但频次、命名或类别证据不足
9839,三段大葱,3,蔬菜类及其制品,,三段大葱 || (5厘米)三段大葱,11498|40077|52606|81411|93016|144828|148858|152087|162656|197396,可能是原生食材，但频次、命名或类别证据不足
9842,奥尔良鸡翅粉,3,禽肉类及其制品,,1个奥尔良鸡翅粉 || 奥尔良鸡翅粉 || 35克奥尔良鸡翅粉,11602|79155|91037|130360,可能是原生食材，但频次、命名或类别证据不足
9843,葱生姜,3,蔬菜类及其制品,,适量大葱生姜 || 大葱生姜 || 葱生姜,11613|12043|96258,可能是原生食材，但频次、命名或类别证据不足
9846,银丝面,3,谷类及其制品,,2两银丝面 || 100克银丝面 || 一把银丝面,11645|77380|151093,可能是原生食材，但频次、命名或类别证据不足
9847,口味调整小米辣,3,谷类及其制品,,,,可能是原生食材，但频次、命名或类别证据不足
9854,拍碎蒜头,3,蔬菜类及其制品,,几颗拍碎蒜头 || 1个拍碎蒜头 || 4个 拍碎蒜头,11938|97309|110253,可能是原生食材，但频次、命名或类别证据不足
9859,青圆椒,3,蔬菜类及其制品,,1/3个青圆椒 || 1/2个青圆椒 || 1个青圆椒,12041|20432|49427,可能是原生食材，但频次、命名或类别证据不足
9860,酸汤肥牛料,3,畜肉类及其制品,,,,可能是原生食材，但频次、命名或类别证据不足
9863,节南瓜,3,蔬菜类及其制品,,一小节南瓜 || 小节南瓜,12108|105264,可能是原生食材，但频次、命名或类别证据不足
9864,子大米,3,谷类及其制品,,一勺子大米,12108,可能是原生食材，但频次、命名或类别证据不足
9866,甜菜椒,3,蔬菜类及其制品,,1个甜菜椒,12185,可能是原生食材，但频次、命名或类别证据不足
9867,甜白洋葱,3,蔬菜类及其制品,,1/2个甜白洋葱,12185,可能是原生食材，但频次、命名或类别证据不足
9868,水果辣椒,3,蔬菜类及其制品,,三只水果辣椒,12187,可能是原生食材，但频次、命名或类别证据不足
9869,山鸡蛋,3,禽肉类及其制品,,个山鸡蛋                    6 || 1个约45g小山鸡蛋 || 1个山鸡蛋,12209|108365|157188,可能是原生食材，但频次、命名或类别证据不足
9871,地瓜叶,3,蔬菜类及其制品,,地瓜叶 || 适量地瓜叶 || 小把地瓜叶,12269|28242|119535|120481,可能是原生食材，但频次、命名或类别证据不足
9872,柠檬汁儿,3,水果类及其制品,,2勺柠檬汁儿,12283,可能是原生食材，但频次、命名或类别证据不足
9877,金钻凤梨,3,水果类及其制品,,,,可能是原生食材，但频次、命名或类别证据不足
9878,蚕豆米,3,干豆类及其制品,,100克蚕豆米 || 蚕豆米 || 适量新鲜蚕豆米,12478|13946|60843,可能是原生食材，但频次、命名或类别证据不足
9883,三目蟹,3,鱼虾蟹贝类,,4只三目蟹 || 2只三目蟹 || 2只 (挑选大只一点)三目蟹,12576|72506|80971,可能是原生食材，但频次、命名或类别证据不足
9889,面种,3,谷类及其制品,,面种 || 3.2kg面种 || 40g面种,12714|20801|23304|109346,可能是原生食材，但频次、命名或类别证据不足
9891,肥膘肉,3,畜肉类及其制品,,50克肥膘肉 || 半斤肥膘肉 || 25克肥膘肉,12725|33251|60399,可能是原生食材，但频次、命名或类别证据不足
9895,枚干红辣椒,3,蔬菜类及其制品,,2枚干红辣椒 || 7枚干红辣椒,12825|53210,可能是原生食材，但频次、命名或类别证据不足
9900,宽意面,3,谷类及其制品,,宽意面 || 5卷宽意面 || 150g（两人份差不多吧）宽意面,13131|128215|165808,可能是原生食材，但频次、命名或类别证据不足
9903,配菜胡萝卜,3,蔬菜类及其制品,,配菜胡萝卜 || 1根，配菜胡萝卜,13173|160505|188876,可能是原生食材，但频次、命名或类别证据不足
9904,贡菜,3,蔬菜类及其制品,,1包贡菜 || （或海带/韭菜）贡菜 || 半袋贡菜,13211|28503|62458,可能是原生食材，但频次、命名或类别证据不足
9906,很多瓣蒜,3,蔬菜类及其制品,,很多瓣蒜,13300|37580|103972|156005,可能是原生食材，但频次、命名或类别证据不足
9907,腊鱼,3,鱼虾蟹贝类,,腊鱼半条 || 1条腊鱼 || 8块腊鱼,13310|59309|62846,可能是原生食材，但频次、命名或类别证据不足
9909,白虾仁,3,鱼虾蟹贝类,,7-8个白虾仁 || 若干白虾仁,13436|106504,可能是原生食材，但频次、命名或类别证据不足
9911,核桃芝麻,3,水果类及其制品,,25g核桃芝麻 || 适量核桃芝麻,13460|164062,可能是原生食材，但频次、命名或类别证据不足
9918,水果番茄,3,蔬菜类及其制品,,4个水果番茄 || 若干水果番茄（非圣女果） || 500g水果番茄,13642|18092|53926,可能是原生食材，但频次、命名或类别证据不足
9919,机柠檬,3,水果类及其制品,,1片有机柠檬 || 半个有机柠檬 || 2个有机柠檬,13670|35659|181019,可能是原生食材，但频次、命名或类别证据不足
9923,薑片,3,其他类,薑,薑片 || 3～5片薑片 || 2片薑片,13907|14976|30007|35615|40359,形态描述存在，但原始食材无法确定
9925,普通鸡蛋,3,禽肉类及其制品,,3个普通鸡蛋 || 8只普通鸡蛋 || 8-10个，普通的鸡蛋,13967|40257|111855,可能是原生食材，但频次、命名或类别证据不足
9928,甘栗,3,坚果种子类,,若干个甘栗 || 80克甘栗,14048|47606,可能是原生食材，但频次、命名或类别证据不足
9929,新鲜黑木耳,3,菌藻类,,,,可能是原生食材，但频次、命名或类别证据不足
9930,白芦笋,3,蔬菜类及其制品,,白芦笋 || 2根白芦笋 || 一根白芦笋,14124|16419|32628|37540,可能是原生食材，但频次、命名或类别证据不足
9932,柠檬干,3,水果类及其制品,,3片柠檬干 || 一片柠檬干,14155|158493,可能是原生食材，但频次、命名或类别证据不足
9933,萝卜缨子,3,蔬菜类及其制品,,萝卜缨子 || 5斤小萝卜缨子 || 小萝卜缨子,14166|89405|116623,可能是原生食材，但频次、命名或类别证据不足
9935,泡腾片,3,其他类,泡腾,1片泡腾片,14235,形态描述存在，但原始食材无法确定
9936,精品五花肉,3,畜肉类及其制品,,300g精品五花肉 || 精品五花肉 || 1斤精品五花肉（正宗三线肉）,14247|27532|58090,可能是原生食材，但频次、命名或类别证据不足
9938,去头黑虎虾,3,鱼虾蟹贝类,,20只去头黑虎虾,14332,可能是原生食材，但频次、命名或类别证据不足
9941,双色彩椒,3,蔬菜类及其制品,,2个双色彩椒 || 双色彩椒,147048|198222,可能是原生食材，但频次、命名或类别证据不足
9943,猪骨头汤,3,畜肉类及其制品,,猪骨头汤 || 一碗猪骨头汤,14574|90290,可能是原生食材，但频次、命名或类别证据不足
9946,本地鸡,3,禽肉类及其制品,,本地鸡半只 || 半只本地鸡,14636|65876,可能是原生食材，但频次、命名或类别证据不足
9949,韮菜,3,蔬菜类及其制品,,750克韮菜 || 随意韮菜 || 韮菜,14676|14767|22598,可能是原生食材，但频次、命名或类别证据不足
9951,是大米,3,谷类及其制品,,,,可能是原生食材，但频次、命名或类别证据不足
9953,食蔬菜,3,蔬菜类及其制品,,,,可能是原生食材，但频次、命名或类别证据不足
9954,生牛肉,3,畜肉类及其制品,,500g生牛肉（牛腩或者其他） || 一拳生牛肉 || 1碗生牛肉,14760|37490|72357,可能是原生食材，但频次、命名或类别证据不足
9956,甜罗勒,3,蔬菜类及其制品,,新鲜甜罗勒（可替换为芝麻菜、紫苏，甚至菠菜） || 5-6片新鲜甜罗勒,14801|61491,可能是原生食材，但频次、命名或类别证据不足
9958,坨瘦肉,3,畜肉类及其制品,,一小坨瘦肉,14842|99959|140661,可能是原生食材，但频次、命名或类别证据不足
9960,鲜鱿,3,鱼虾蟹贝类,,500克小鲜鱿 || 鲜鱿 || 半个鲜鱿,14987|23066|69919|110730,可能是原生食材，但频次、命名或类别证据不足
9961,南瓜香料,3,蔬菜类及其制品,,0.5克南瓜香料 || 南瓜香料,14991|176585,可能是原生食材，但频次、命名或类别证据不足
9967,娃娃菜叶,3,蔬菜类及其制品,,10片娃娃菜叶 || 3片娃娃菜叶 || 一片娃娃菜叶,41120|75018|84055,可能是原生食材，但频次、命名或类别证据不足
9970,多春鱼,3,鱼虾蟹贝类,,12条多春鱼 || 多春鱼 || 500g多春鱼,15159|16535|18420,可能是原生食材，但频次、命名或类别证据不足
9972,尖椒粒,3,蔬菜类及其制品,,少许尖椒粒,15224,可能是原生食材，但频次、命名或类别证据不足
9973,薏米仁,3,坚果种子类,,20g薏米仁 || 1把薏米仁 || 50克薏米仁,15230|58884|60275,可能是原生食材，但频次、命名或类别证据不足
9974,索面,3,谷类及其制品,,适量索面,15259,可能是原生食材，但频次、命名或类别证据不足
9975,意大利蝴蝶面,3,谷类及其制品,,120g意大利蝴蝶面 || 150g意大利蝴蝶面 || 100克意大利蝴蝶面,15305|40735|63796,可能是原生食材，但频次、命名或类别证据不足
9976,一人鸡蛋,3,禽肉类及其制品,,一人一个鸡蛋,15331|52879|75553,可能是原生食材，但频次、命名或类别证据不足
9978,罗勒草,3,蔬菜类及其制品,,一勺罗勒草 || 适量罗勒草 || 适量（一小勺）罗勒草,15362|151799|191944,可能是原生食材，但频次、命名或类别证据不足
9979,都行虾仁,3,鱼虾蟹贝类,,5678只都行虾仁,15369,可能是原生食材，但频次、命名或类别证据不足
9981,榴莲榴莲,3,水果类及其制品,,,,可能是原生食材，但频次、命名或类别证据不足
9982,毛虾,3,鱼虾蟹贝类,,半斤毛虾 || 适量毛虾,15439|44773,可能是原生食材，但频次、命名或类别证据不足
9984,虾汤,3,鱼虾蟹贝类,,一碗虾汤 || 1勺虾汤 || 400克虾汤（没有的话，骨汤、鸡汤、泡香菇水甚至清水也行，只是味道差点儿）,15587|106753|124967,可能是原生食材，但频次、命名或类别证据不足
9985,莴苣叶,3,蔬菜类及其制品,,适量莴苣叶 || 1把莴苣叶 || 300克莴苣叶,15604|20081|34270,可能是原生食材，但频次、命名或类别证据不足
9987,贝壳面,3,鱼虾蟹贝类,,45g贝壳面 || 贝壳面 || 适量贝壳面,15664|41762|75789,可能是原生食材，但频次、命名或类别证据不足
9988,截黄瓜,3,蔬菜类及其制品,,1小截黄瓜 || 小截黄瓜 || 一小截黄瓜,15776|32350|35286|77407,可能是原生食材，但频次、命名或类别证据不足
9989,韭菜叶子,3,蔬菜类及其制品,,1把韭菜叶子,15824,可能是原生食材，但频次、命名或类别证据不足
9990,南极磷虾,3,鱼虾蟹贝类,,30只南极磷虾 || 100g南极磷虾,15838|192939,可能是原生食材，但频次、命名或类别证据不足
9991,排牛肉,3,畜肉类及其制品,,,,可能是原生食材，但频次、命名或类别证据不足
9993,踏板鱼,3,鱼虾蟹贝类,,三条踏板鱼 || 4条踏板鱼 || 1条踏板鱼,16022|19098|66747,可能是原生食材，但频次、命名或类别证据不足
9994,五常米,3,谷类及其制品,,五常米,16040,可能是原生食材，但频次、命名或类别证据不足
9996,食量刀削面,3,谷类及其制品,,,,可能是原生食材，但频次、命名或类别证据不足
9998,长粒米,3,谷类及其制品,,2杯长粒米 || 300g长粒米 || 一杯（一人食的量）长粒米,16107|73063|168381|185770,可能是原生食材，但频次、命名或类别证据不足
10000,料面,3,谷类及其制品,,三勺大料面 || 适量大料面 || 大料面,16120|26639|50508,可能是原生食材，但频次、命名或类别证据不足
10002,少量蛋液,3,蛋类及其制品,,少量蛋液 || 少量蛋液（刷表皮） || 少量（刷表面）蛋液,16153|39948|45845|48605|56197,可能是原生食材，但频次、命名或类别证据不足
10004,意大利什香草,3,蔬菜类及其制品,,半小勺意大利什香草,16251,可能是原生食材，但频次、命名或类别证据不足
10006,板栗馅,3,坚果种子类,,1200g板栗馅 || 板栗馅,16269|140754,可能是原生食材，但频次、命名或类别证据不足
10010,节生姜,3,蔬菜类及其制品,,1节生姜 || 1节3公分生姜 || 一小节生姜,16317|172171|175821,可能是原生食材，但频次、命名或类别证据不足
10011,碎猪肉,3,畜肉类及其制品,,300克碎猪肉 || 30—50克碎猪肉 || 50g碎猪肉,16317|46276|154010,可能是原生食材，但频次、命名或类别证据不足
10013,黄色各彩椒,3,蔬菜类及其制品,,,,可能是原生食材，但频次、命名或类别证据不足
10016,冻蓝莓,3,水果类及其制品,,50g冻蓝莓 || 3-5颗冻蓝莓 || 一杯冻蓝莓,16375|120563|125341,可能是原生食材，但频次、命名或类别证据不足
10019,苹果肉,3,水果类及其制品,,一个苹果肉,16421,可能是原生食材，但频次、命名或类别证据不足
10023,花生豆,3,干豆类及其制品,,200g花生豆 || 花生豆 || 10颗花生豆,16506|64141|127766,可能是原生食材，但频次、命名或类别证据不足
10025,剩肉,3,畜肉类及其制品,,腌好的剩肉,16512,可能是原生食材，但频次、命名或类别证据不足
10027,头大小猪肉,3,畜肉类及其制品,,小拳头大小猪肉 || 两个拳头大小猪肉（瘦肉） || 半个拳头大小猪肉,16565|128550|149878,可能是原生食材，但频次、命名或类别证据不足
10031,红薯圆,3,薯类淀粉及其制品,,红薯圆,16674,可能是原生食材，但频次、命名或类别证据不足
10032,西红柿鸡蛋,3,禽肉类及其制品,,西红柿鸡蛋,16695,可能是原生食材，但频次、命名或类别证据不足
10035,草莓脆,3,水果类及其制品,,40克草莓脆 || 10个草莓脆 || 数个草莓脆,16839|71249|194582|199787,可能是原生食材，但频次、命名或类别证据不足
10038,面配菜,3,谷类及其制品,,,,可能是原生食材，但频次、命名或类别证据不足
10039,活鲈鱼,3,鱼虾蟹贝类,,两条活鲈鱼 || 活的鲈鱼一只,16907|19705,可能是原生食材，但频次、命名或类别证据不足
10044,芹菜叶芹菜叶,3,蔬菜类及其制品,,,,可能是原生食材，但频次、命名或类别证据不足
10045,小红椒圈,3,蔬菜类及其制品,,,,可能是原生食材，但频次、命名或类别证据不足
10047,白菜苗,3,蔬菜类及其制品,,半斤白菜苗 || 40g小白菜苗 || 100g小白菜苗,17087|138703|138890,可能是原生食材，但频次、命名或类别证据不足
10048,菠菜汁水,3,蔬菜类及其制品,,60克菠菜汁水,17132,可能是原生食材，但频次、命名或类别证据不足
10049,果粒橙,3,水果类及其制品,,果粒橙 || 若干果粒橙,17138|33405|49357,可能是原生食材，但频次、命名或类别证据不足
10053,黄心土豆,3,干豆类及其制品,,4个黄心土豆 || 1个黄心土豆 || 300克黄心土豆,17224|63964|124225,可能是原生食材，但频次、命名或类别证据不足
10057,线辣椒,3,蔬菜类及其制品,,两根线辣椒 || 8个线辣椒 || 15个左右线辣椒,17330|28578|31910,可能是原生食材，但频次、命名或类别证据不足
10061,去头红虾,3,鱼虾蟹贝类,,10只去头红虾,17397,可能是原生食材，但频次、命名或类别证据不足
10063,黄胡萝卜,3,蔬菜类及其制品,,5根黄胡萝卜 || 1根黄胡萝卜 || 半根黄胡萝卜,17417|59721|81971,可能是原生食材，但频次、命名或类别证据不足
10064,嫩菠菜叶,3,蔬菜类及其制品,,适量嫩菠菜叶 || 150g嫩菠菜叶 || 一把嫩菠菜叶（可选）,17441|37181|53447,可能是原生食材，但频次、命名或类别证据不足
10066,百香果镜面,3,水果类及其制品,,百香果镜面 || 3.百香果镜面,17458|79028,可能是原生食材，但频次、命名或类别证据不足
10068,松茸菌,3,菌藻类,,10克松茸菌 || 50克松茸菌 || 松茸菌,17467|79846|108071,可能是原生食材，但频次、命名或类别证据不足
10070,生蚝肉,3,畜肉类及其制品,,250克生蚝肉 || 一斤生蚝肉 || 500克生蚝肉,17549|52378|82487,可能是原生食材，但频次、命名或类别证据不足
10080,圆蘑菇,3,菌藻类,,4个圆蘑菇 || 两只圆蘑菇 || 圆蘑菇,17708|20988|57653,可能是原生食材，但频次、命名或类别证据不足
10082,全鸡,3,禽肉类及其制品,,3颗全鸡 || 1200g全鸡 || 1只（约1500g）全鸡,17731|24191|48428,可能是原生食材，但频次、命名或类别证据不足
10086,油麦,3,谷类及其制品,,适量一把油麦 || 若干油麦 || 两人份油麦,17792|45131|60765,可能是原生食材，但频次、命名或类别证据不足
10087,后腿猪肉,3,畜肉类及其制品,,500克后腿猪肉 || 适量后腿猪肉,17812|34898,可能是原生食材，但频次、命名或类别证据不足
10088,青红小米椒,3,谷类及其制品,,适量青红小米椒 || 青红小米椒,29911|45561|148909,可能是原生食材，但频次、命名或类别证据不足
10089,蛋液黑芝麻,3,蛋类及其制品,,,,可能是原生食材，但频次、命名或类别证据不足
10090,香米饵块,3,谷类及其制品,香米饵,适量香米饵块,17865,形态描述存在，但原始食材无法确定
10091,子五花肉,3,畜肉类及其制品,,,,可能是原生食材，但频次、命名或类别证据不足
10092,江米面,3,谷类及其制品,,70克江米面（糯米粉） || 江米面,17925|57137|98670,可能是原生食材，但频次、命名或类别证据不足
10093,胡萝卜切块,3,蔬菜类及其制品,胡萝卜切,1个胡萝卜切块 || 适量胡萝卜切块 || 一小根胡萝卜切块,17926|20750|55927,形态描述存在，但原始食材无法确定
10094,面团鸡蛋,3,禽肉类及其制品,,一个，面团鸡蛋,17958,可能是原生食材，但频次、命名或类别证据不足
10095,玉米薄饼,3,谷类及其制品,,,,可能是原生食材，但频次、命名或类别证据不足
10097,羊汤,3,畜肉类及其制品,,适量羊汤 || 羊汤,18180|60003,可能是原生食材，但频次、命名或类别证据不足
10106,儿鸡蛋,3,禽肉类及其制品,,三个大个儿鸡蛋 || 1大个儿鸡蛋,18467|21791,可能是原生食材，但频次、命名或类别证据不足
10109,三文鱼切片,3,鱼虾蟹贝类,三文鱼切,,,形态描述存在，但原始食材无法确定
10111,短豆角,3,干豆类及其制品,,6根短豆角 || 适量短豆角,18598|168726,可能是原生食材，但频次、命名或类别证据不足
10113,大块生姜,3,蔬菜类及其制品,,,,可能是原生食材，但频次、命名或类别证据不足
10115,甜杏,3,水果类及其制品,,甜杏 || 1000g甜杏 || 700克甜杏,18621|107468|135841,可能是原生食材，但频次、命名或类别证据不足
10116,血橙,3,水果类及其制品,,2个血橙 || 血橙（可以不放） || 一个血橙,18645|21382|22549,可能是原生食材，但频次、命名或类别证据不足
10118,子虾仁,3,鱼虾蟹贝类,,,,可能是原生食材，但频次、命名或类别证据不足
10121,古斯米,3,谷类及其制品,,1杯古斯米 || 两人份（看分量）古斯米 || 100克古斯米（couscous),18839|32586|45704,可能是原生食材，但频次、命名或类别证据不足
10122,豆瓣辣椒,3,干豆类及其制品,,豆瓣辣椒,18845,可能是原生食材，但频次、命名或类别证据不足
10124,带骨羊肉,3,畜肉类及其制品,,800g带骨羊肉（羊小腿为好） || 2000-3000g带骨羊肉 || 适量带骨羊肉,18902|35452|54840,可能是原生食材，但频次、命名或类别证据不足
10126,冰冰块,3,其他类,冰冰,,,形态描述存在，但原始食材无法确定
10128,鸡清汤,3,禽肉类及其制品,,500克鸡清汤 || 150克鸡清汤 || 50克鸡清汤,19059|53012|88318,可能是原生食材，但频次、命名或类别证据不足
10129,底菜,3,蔬菜类及其制品,,底菜（如油菜、丝瓜、白菜等，选一种既可） || 500g#底菜,19079|144544,可能是原生食材，但频次、命名或类别证据不足
10133,带壳鸡蛋,3,禽肉类及其制品,,50克带壳鸡蛋 || 一个（53克左右）带壳鸡蛋 || 带壳约60克鸡蛋,19149|55240|97151,可能是原生食材，但频次、命名或类别证据不足
10134,胡柚,3,水果类及其制品,,2只胡柚,146502,可能是原生食材，但频次、命名或类别证据不足
10136,支胡萝卜,3,蔬菜类及其制品,,1-2支胡萝卜 || 1小支胡萝卜 || 1支胡萝卜,19206|31894|169793,可能是原生食材，但频次、命名或类别证据不足
10138,橙片,3,水果类及其制品,橙,2片橙片 || 3片橙片 || 3片                      橙片,19237|59601|72060,形态描述存在，但原始食材无法确定
10145,少量香葱,3,蔬菜类及其制品,,少量香葱 || 少量（点缀增味用）香葱（或香菜或韭菜）,19332|41599|57565|72805|73828|75214|82197|103325|108287|113284|118093|119555|126545|160138|161406|162658|166732,可能是原生食材，但频次、命名或类别证据不足
10146,油姜,3,蔬菜类及其制品,,,,可能是原生食材，但频次、命名或类别证据不足
10148,少姜,3,蔬菜类及其制品,,少姜(最好有南姜) || 4少姜,19360|182399,可能是原生食材，但频次、命名或类别证据不足
10150,子鱼,3,鱼虾蟹贝类,,若干条条子鱼,19431,可能是原生食材，但频次、命名或类别证据不足
10153,前甲肉,3,畜肉类及其制品,,,,可能是原生食材，但频次、命名或类别证据不足
10154,油蒜酥,3,蔬菜类及其制品,,适量油蒜酥,19499,可能是原生食材，但频次、命名或类别证据不足
10156,章鱼爪,3,鱼虾蟹贝类,,适量章鱼爪,19584,可能是原生食材，但频次、命名或类别证据不足
10157,青龙虾,3,鱼虾蟹贝类,,4斤青龙虾 || 1只青龙虾 || 2只青龙虾,19597|80707|120666,可能是原生食材，但频次、命名或类别证据不足
10161,平包菜,3,蔬菜类及其制品,,4片平包菜 || 半个平包菜 || 1个平包菜,19678|49447|85415,可能是原生食材，但频次、命名或类别证据不足
10163,蟹粉,3,鱼虾蟹贝类,,150克蟹粉 || 300g蟹粉 || 1大勺蟹粉,19787|22180|30470|31541|35639,可能是原生食材，但频次、命名或类别证据不足
10164,乳黄瓜,3,蔬菜类及其制品,,一根乳黄瓜 || 1000g小乳黄瓜 || 4两乳黄瓜,19807|66925|111382,可能是原生食材，但频次、命名或类别证据不足
10166,牛肉清汤,3,畜肉类及其制品,,2牛肉清汤 || 250克牛肉清汤 || 1.5杯牛肉清汤,19865|85092|97149,可能是原生食材，但频次、命名或类别证据不足
10170,迷你小南瓜,3,蔬菜类及其制品,,1个迷你小南瓜,19974,可能是原生食材，但频次、命名或类别证据不足
10175,备葱,3,蔬菜类及其制品,,切段备用葱 || 1棵，切碎备用葱,20325|127674,可能是原生食材，但频次、命名或类别证据不足
10180,碎五花肉,3,畜肉类及其制品,,,,可能是原生食材，但频次、命名或类别证据不足
10186,综合麦片,3,谷类及其制品,综合麦,30克综合麦片 || 100克综合麦片,20844|85866,形态描述存在，但原始食材无法确定
10189,豆荚,3,干豆类及其制品,,豆荚 || 10片豆荚 || 2两豆荚,20916|37682|70175,可能是原生食材，但频次、命名或类别证据不足
10190,水紫菜,3,鱼虾蟹贝类,,1张头水紫菜 || 2g头水紫菜 || 半斤头水紫菜,20932|36532|37886,可能是原生食材，但频次、命名或类别证据不足
10191,蓝莓颗粒,3,水果类及其制品,,适量蓝莓颗粒,21034,可能是原生食材，但频次、命名或类别证据不足
10195,蒜切片蒜片,3,蔬菜类及其制品,蒜切片蒜,3颗蒜切片蒜片 || 2瓣蒜切片蒜片 || 3粒蒜切片蒜片,21097|87370|131091,形态描述存在，但原始食材无法确定
10196,行金针菇,3,菌藻类,,,,可能是原生食材，但频次、命名或类别证据不足
10197,配菜可选,3,蔬菜类及其制品,,,,可能是原生食材，但频次、命名或类别证据不足
10199,仿蟹肉,3,鱼虾蟹贝类,,,,可能是原生食材，但频次、命名或类别证据不足
10200,梅条肉,3,畜肉类及其制品,,50克梅条肉 || 小半块梅条肉 || 100克梅条肉,21240|29494|48520,可能是原生食材，但频次、命名或类别证据不足
10201,鱼儿,3,鱼虾蟹贝类,,小鱼儿 || 随意小鱼儿，鲅鱼也不错,21270|98844,可能是原生食材，但频次、命名或类别证据不足
10203,银针菇,3,菌藻类,,银针菇,21352,可能是原生食材，但频次、命名或类别证据不足
10204,定青椒,3,蔬菜类及其制品,,,,可能是原生食材，但频次、命名或类别证据不足
10205,姜蒜片,3,蔬菜类及其制品,姜蒜,适量姜蒜片 || 少许姜蒜片 || 姜蒜片，胡椒粉，基本味，生粉，香油，白糖调料,21465|27103|41151,形态描述存在，但原始食材无法确定
10206,鲍鱼仔,3,鱼虾蟹贝类,,6.3g鲍鱼仔 || 10只200头鲍鱼仔 || 30只鲍鱼仔,21534|48553|84902,可能是原生食材，但频次、命名或类别证据不足
10207,压成泥蒜泥,3,蔬菜类及其制品,,,,可能是原生食材，但频次、命名或类别证据不足
10209,长尖椒,3,蔬菜类及其制品,,3个长尖椒 || 4个长尖椒,21583|138460,可能是原生食材，但频次、命名或类别证据不足
10211,香草苏打水,3,蔬菜类及其制品,,适量香草苏打水 || 1罐香草苏打水,21649|148823,可能是原生食材，但频次、命名或类别证据不足
10213,炒蛋,3,蛋类及其制品,,1个炒蛋,21659,可能是原生食材，但频次、命名或类别证据不足
10215,青笋头,3,蔬菜类及其制品,,2个青笋头 || 两根青笋头,21699|101695,可能是原生食材，但频次、命名或类别证据不足
10217,扇贝边,3,鱼虾蟹贝类,,200g扇贝边 || 250克左右扇贝边,21739|104317,可能是原生食材，但频次、命名或类别证据不足
10223,蝶豆花水,3,干豆类及其制品,,45克左右蝶豆花水 || 适量蝶豆花水 || 105克蝶豆花水,21939|23608|40620,可能是原生食材，但频次、命名或类别证据不足
10224,回锅肉,3,畜肉类及其制品,,400克回锅肉 || 200克回锅肉 || 1块回锅肉,21970|39491|59064,可能是原生食材，但频次、命名或类别证据不足
10230,紫苏叶子,3,蔬菜类及其制品,,十片紫苏叶子 || 5片紫苏叶子 || 5-10片新鲜紫苏叶子,22098|40809|72253,可能是原生食材，但频次、命名或类别证据不足
10237,蒜果,3,蔬菜类及其制品,,大蒜果 || 8瓣蒜果 || 7个蒜果,22218|67943|108983,可能是原生食材，但频次、命名或类别证据不足
10240,藕节,3,薯类淀粉及其制品,,藕节 || 1个藕节,22292|175210,可能是原生食材，但频次、命名或类别证据不足
10243,大谷物蛋,3,蛋类及其制品,,,,可能是原生食材，但频次、命名或类别证据不足
10245,太湖蟹,3,鱼虾蟹贝类,,二十只太湖蟹,22451,可能是原生食材，但频次、命名或类别证据不足
10247,百香果肉,3,水果类及其制品,,110g百香果肉 || 40g百香果肉 || 50克百香果肉,22483|32446|46756,可能是原生食材，但频次、命名或类别证据不足
10250,青红小米辣,3,谷类及其制品,,适量青红小米辣 || 5个青红小米辣 || 2只青红小米辣,22678|26753|94669,可能是原生食材，但频次、命名或类别证据不足
10251,脱水蔬菜,3,蔬菜类及其制品,,一点点脱水蔬菜 || 脱水蔬菜 || 一包脱水蔬菜,22701|47868|147845,可能是原生食材，但频次、命名或类别证据不足
10252,一段山药,3,薯类淀粉及其制品,,一段山药（粗的..） || 一段山药 || 一段（约75g）山药,22702|50055|80005|89465|97513,可能是原生食材，但频次、命名或类别证据不足
10256,生麦片,3,谷类及其制品,生麦,125g生麦片 || 3杯生麦片 || 1 杯(cup)生麦片,22897|40815|102198,形态描述存在，但原始食材无法确定
10257,蟹黄包,3,鱼虾蟹贝类,,蟹黄包,22974,可能是原生食材，但频次、命名或类别证据不足
10258,一截姜,3,蔬菜类及其制品,,3CM一截姜 || 一截姜,23076|53389,可能是原生食材，但频次、命名或类别证据不足
10259,三色藜麦饭,3,谷类及其制品,,三色藜麦饭（熟） || 30克三色藜麦饭 || 2碗三色藜麦饭,23079|45201|76928,可能是原生食材，但频次、命名或类别证据不足
10260,炸鸡腿,3,禽肉类及其制品,,1只炸鸡腿,23101,可能是原生食材，但频次、命名或类别证据不足
10262,冻肉,3,畜肉类及其制品,,560g冻肉,23108,可能是原生食材，但频次、命名或类别证据不足
10264,藕土豆,3,干豆类及其制品,,,,可能是原生食材，但频次、命名或类别证据不足
10266,肉就多放点五花肉,3,畜肉类及其制品,,,,可能是原生食材，但频次、命名或类别证据不足
10267,青菜椒,3,蔬菜类及其制品,,青菜椒 || 1颗青菜椒 || 一个青菜椒,23228|82545|104070,可能是原生食材，但频次、命名或类别证据不足
10272,六鳌蜜薯,3,薯类淀粉及其制品,,150克六鳌蜜薯 || 300克六鳌蜜薯 || 1条六鳌蜜薯,23409|28708|31463,可能是原生食材，但频次、命名或类别证据不足
10273,小金瓜,3,蔬菜类及其制品,,,,可能是原生食材，但频次、命名或类别证据不足
10278,蔬菜自选,3,蔬菜类及其制品,,(我选的香菇，金针菇，魔芋丝，娃娃菜，土豆)蔬菜自选(量看自己胃口了哈) || 蔬菜自选（选择没有个性的蔬菜）,23569|106336,可能是原生食材，但频次、命名或类别证据不足
10282,大小金针菇,3,菌藻类,,,,可能是原生食材，但频次、命名或类别证据不足
10284,菠萝蜜果肉,3,水果类及其制品,,100克菠萝蜜果肉 || 6颗菠萝蜜果肉（去籽） || 200g菠萝蜜果肉,23771|180462|185681,可能是原生食材，但频次、命名或类别证据不足
10287,截姜,3,蔬菜类及其制品,,1截姜 || 1小截姜 || 一小截姜,23908|71579|98412,可能是原生食材，但频次、命名或类别证据不足
10295,鳝丝,3,其他类,鳝,一小碗鳝丝 || 400g鳝丝（三个5清洗） || 一包鳝丝,24272|44480|103415,形态描述存在，但原始食材无法确定
10301,椰蓉蔓越莓馅,3,水果类及其制品,,椰蓉蔓越莓馅,24483|97554,可能是原生食材，但频次、命名或类别证据不足
10302,末葱白,3,蔬菜类及其制品,,,,可能是原生食材，但频次、命名或类别证据不足
10303,胡萝卜切条,3,蔬菜类及其制品,,半根胡萝卜切条,24606,可能是原生食材，但频次、命名或类别证据不足
10305,蛋白片,3,蛋类及其制品,蛋白,50克蛋白片 || 适量蛋白片 || 1把蛋白片,24754|47731|121037|153894,形态描述存在，但原始食材无法确定
10306,姜切片姜片,3,蔬菜类及其制品,姜切片姜,半个姜切片姜片,24755,形态描述存在，但原始食材无法确定
10307,萝卜叶子,3,蔬菜类及其制品,,,,可能是原生食材，但频次、命名或类别证据不足
10308,白水煮蛋,3,蛋类及其制品,,2只白水煮蛋,24887,可能是原生食材，但频次、命名或类别证据不足
10311,各莴笋,3,蔬菜类及其制品,,各适量莴笋，葡萄干，杏仁，银杏，盐，香油，鸡精,25171,可能是原生食材，但频次、命名或类别证据不足
10312,生南瓜籽,3,蔬菜类及其制品,,50g生南瓜籽 || 15克生南瓜籽 || 适量生南瓜籽,25179|124733|182725,可能是原生食材，但频次、命名或类别证据不足
10314,黑裸麦粉,3,谷类及其制品,,50g黑裸麦粉 || 30克黑裸麦粉 || 55g黑裸麦粉,25226|50741|54036,可能是原生食材，但频次、命名或类别证据不足
10319,定羊排,3,畜肉类及其制品,,,,可能是原生食材，但频次、命名或类别证据不足
10320,面瓜,3,谷类及其制品,,1个面瓜（窝瓜）,25314,可能是原生食材，但频次、命名或类别证据不足
10322,猪肉猪肉,3,畜肉类及其制品,,猪肉猪肉 || 3块钱猪肉猪肉,25366|127336,可能是原生食材，但频次、命名或类别证据不足
10325,泡好银耳,3,菌藻类,,泡好的银耳 || 半朵泡好的银耳,25402|174728,可能是原生食材，但频次、命名或类别证据不足
10326,走油肉,3,畜肉类及其制品,,走油肉 || 一块走油肉 || 500克走油肉,25481|47958|196615,可能是原生食材，但频次、命名或类别证据不足
10328,乌鸡白凤丸,3,禽肉类及其制品,,1粒乌鸡白凤丸,25535,可能是原生食材，但频次、命名或类别证据不足
10329,吉利片,3,其他类,吉利,10克吉利片 || 15g吉利片 || 25克吉利片,25591|43945|47446,形态描述存在，但原始食材无法确定
10330,乌鱼子,3,鱼虾蟹贝类,,两片乌鱼子 || 乌鱼子,25656|124154,可能是原生食材，但频次、命名或类别证据不足
10331,肥瘦相间五花肉,3,畜肉类及其制品,,肥瘦相间五花肉 || 300克肥瘦相间五花肉 || 150克肥瘦相间的五花肉,25673|181999|185592,可能是原生食材，但频次、命名或类别证据不足
10332,恩施小土豆,3,干豆类及其制品,,恩施小土豆 || 500g恩施小土豆,72747|179697,可能是原生食材，但频次、命名或类别证据不足
10340,葱白部分葱,3,蔬菜类及其制品,,1根葱白部分葱,25920,可能是原生食材，但频次、命名或类别证据不足
10343,吧牛腩,3,畜肉类及其制品,,,,可能是原生食材，但频次、命名或类别证据不足
10346,米血,3,谷类及其制品,,米血 || 1块米血,26092|141132,可能是原生食材，但频次、命名或类别证据不足
10351,三文鱼籽,3,鱼虾蟹贝类,,适量三文鱼籽 || 少许三文鱼籽,26169|127115|198982,可能是原生食材，但频次、命名或类别证据不足
10352,胖头鱼头,3,鱼虾蟹贝类,,一个胖头鱼头 || 1000g胖头鱼头 || 3.3斤胖头鱼头,26186|31601|46005,可能是原生食材，但频次、命名或类别证据不足
10353,七星椒,3,蔬菜类及其制品,,10g七星椒 || 25克七星椒 || 七星椒,61036|62047|87038,可能是原生食材，但频次、命名或类别证据不足
10355,蝴蝶虾,3,鱼虾蟹贝类,,,,可能是原生食材，但频次、命名或类别证据不足
10357,廋肉,3,畜肉类及其制品,,50-100克廋肉 || 100克廋肉 || 20克廋肉,26393|47212|63500,可能是原生食材，但频次、命名或类别证据不足
10358,墨鱼面,3,鱼虾蟹贝类,,墨鱼面 || 300克（2人量）墨鱼面 || 250克墨鱼面,26456|111827|159362,可能是原生食材，但频次、命名或类别证据不足
10363,香菇葱,3,菌藻类,,,,可能是原生食材，但频次、命名或类别证据不足
10364,谷麦片,3,谷类及其制品,谷麦,300g谷麦片 || 100g谷麦片 || 80克谷麦片,26582|124398|182457,形态描述存在，但原始食材无法确定
10365,丁吉利片,3,其他类,丁吉利,30g丁吉利片 || 5克丁吉利片 || 10克丁吉利片,26606|72195|123118,形态描述存在，但原始食材无法确定
10367,青蒜叶子,3,蔬菜类及其制品,,2根青蒜叶子 || 几根青蒜叶子,26672|158976,可能是原生食材，但频次、命名或类别证据不足
10369,鲜鱼肉,3,鱼虾蟹贝类,,200g鲜鱼肉,26761,可能是原生食材，但频次、命名或类别证据不足
10371,三文鱼骨头,3,鱼虾蟹贝类,,,,可能是原生食材，但频次、命名或类别证据不足
10373,鲜甜罗勒叶,3,蔬菜类及其制品,,8-10片鲜甜罗勒叶,193786,可能是原生食材，但频次、命名或类别证据不足
10376,姜葱蒜辣椒,3,蔬菜类及其制品,,姜葱蒜辣椒 || 少许姜葱蒜辣椒,26950|104565|110724,可能是原生食材，但频次、命名或类别证据不足
10377,碟葱花,3,蔬菜类及其制品,,一小碟葱花 || 一小碟葱花，蒜末,26978|49962|98370|131342|182808,可能是原生食材，但频次、命名或类别证据不足
10386,摆盘西兰花,3,蔬菜类及其制品,,摆盘西兰花三朵,27369,可能是原生食材，但频次、命名或类别证据不足
10387,麦苗粉,3,谷类及其制品,,2g大麦苗粉 || 5克大麦苗粉 || 10克大麦苗粉（我买的是富泽商店的）,27371|30084|32924,可能是原生食材，但频次、命名或类别证据不足
10388,洋葱蒜末,3,蔬菜类及其制品,洋葱蒜,适量洋葱 蒜末(酱),27372,形态描述存在，但原始食材无法确定
10390,羊里脊肉,3,畜肉类及其制品,,500g羊里脊肉 || 200克羊里脊肉 || 羊里脊肉，西兰花，香菇，红椒丝,38253|116877|140373,可能是原生食材，但频次、命名或类别证据不足
10392,竹升面,3,谷类及其制品,,2卷竹升面 || 一包竹升面 || 克竹升面,27398|31490|42625,可能是原生食材，但频次、命名或类别证据不足
10393,方竹笋,3,蔬菜类及其制品,,300克方竹笋 || 适量方竹笋,27496|52621,可能是原生食材，但频次、命名或类别证据不足
10397,各小米椒,3,谷类及其制品,,各两个小米椒，青辣椒 || 各8个小米椒，干辣椒,27674|110334,可能是原生食材，但频次、命名或类别证据不足
10399,大小冬瓜,3,蔬菜类及其制品,,,,可能是原生食材，但频次、命名或类别证据不足
10401,甜青椒,3,蔬菜类及其制品,,2个甜青椒 || 半个甜青椒 || 1/4个甜青椒,27768|32586|47393|59736,可能是原生食材，但频次、命名或类别证据不足
10403,少量土豆,3,干豆类及其制品,,少量土豆 || 少量土豆，洋葱,27790|37295|135367|138587|177087,可能是原生食材，但频次、命名或类别证据不足
10404,半羊腿肉,3,禽肉类及其制品,,一斤半羊腿肉,27848,可能是原生食材，但频次、命名或类别证据不足
10406,太多木耳,3,菌藻类,,,,可能是原生食材，但频次、命名或类别证据不足
10407,核桃坚果,3,水果类及其制品,,60克核桃坚果,27918,可能是原生食材，但频次、命名或类别证据不足
10409,拍一下大蒜,3,蔬菜类及其制品,,4瓣拍一下（拍松即可不要拍碎）大蒜,27971,可能是原生食材，但频次、命名或类别证据不足
10410,独蒜大蒜,3,蔬菜类及其制品,,独蒜两瓣（一瓣炒河粉，一瓣炒牛肉）大蒜 || 两个独蒜大蒜 || 一个独蒜大蒜,27993|50873|92255,可能是原生食材，但频次、命名或类别证据不足
10413,各红椒,3,蔬菜类及其制品,,各半个红椒，黄椒、青椒 || 各半个红椒，黄椒，绿椒,28035|66763,可能是原生食材，但频次、命名或类别证据不足
10414,短粒米,3,谷类及其制品,,300g短粒米,156709,可能是原生食材，但频次、命名或类别证据不足
10415,鸡蛋汤,3,禽肉类及其制品,,500毫升鸡蛋汤,28070,可能是原生食材，但频次、命名或类别证据不足
10416,百香果果肉,3,水果类及其制品,,一只百香果 果肉 || 20g（1个）百香果果肉 || 400g百香果果肉,28075|99986|107407,可能是原生食材，但频次、命名或类别证据不足
10417,机打碎,3,其他类,机打,,,形态描述存在，但原始食材无法确定
10419,胡萝卜屑,3,蔬菜类及其制品,,120克胡萝卜屑,28131,可能是原生食材，但频次、命名或类别证据不足
10420,生香菇,3,菌藻类,,生香菇 || 6朵生香菇 || 三个生香菇,28133|29128|71400,可能是原生食材，但频次、命名或类别证据不足
10422,海鲜素,3,鱼虾蟹贝类,,,,可能是原生食材，但频次、命名或类别证据不足
10429,四段葱,3,蔬菜类及其制品,,四段葱,28353|33125|53359|86978|111691,可能是原生食材，但频次、命名或类别证据不足
10431,梨丝,3,水果类及其制品,梨,适量梨丝 || 适量（可不放）梨丝 || 2两梨丝,28406|84993|138564,形态描述存在，但原始食材无法确定
10434,汤排骨,3,畜肉类及其制品,,400克汤排骨,28540,可能是原生食材，但频次、命名或类别证据不足
10436,鱼贝鲜汤,3,鱼虾蟹贝类,,1茶匙鱼贝鲜汤,28560,可能是原生食材，但频次、命名或类别证据不足
10439,葱葱叶,3,蔬菜类及其制品,,少许小葱葱叶 || 根小葱葱叶适量 || 半根葱葱叶,28659|53470|192250,可能是原生食材，但频次、命名或类别证据不足
10443,玉米胡萝卜青豆粒,3,干豆类及其制品,,20g玉米胡萝卜青豆粒 || 玉米 胡萝卜 青豆粒,28736|130044,可能是原生食材，但频次、命名或类别证据不足
10444,蛋全蛋液,3,蛋类及其制品,,一个蛋全蛋液 || 1颗蛋全蛋液 || 1个蛋全蛋液（刷表面）,28758|77298|165722,可能是原生食材，但频次、命名或类别证据不足
10447,黑小米,3,谷类及其制品,,黑小米 || 50g黑小米,28807|190463,可能是原生食材，但频次、命名或类别证据不足
10451,腌鸡胸肉,3,禽肉类及其制品,,#腌鸡胸肉,28886,可能是原生食材，但频次、命名或类别证据不足
10452,束葱,3,蔬菜类及其制品,,2束葱 || 1束葱,28887|55831|69468|112394|134279|159643,可能是原生食材，但频次、命名或类别证据不足
10453,芝麻辣椒,3,坚果种子类,,1勺芝麻辣椒,43928,可能是原生食材，但频次、命名或类别证据不足
10455,红指天椒,3,蔬菜类及其制品,,2只红指天椒 || 适量红指天椒 || 2个红指天椒,28992|60510|68470,可能是原生食材，但频次、命名或类别证据不足
10459,五花肉瘦肉,3,畜肉类及其制品,,60克五花肉瘦肉,29061,可能是原生食材，但频次、命名或类别证据不足
10461,全黑麦粉,3,谷类及其制品,,50克全黑麦粉 || 100克全黑麦粉,29147|146551,可能是原生食材，但频次、命名或类别证据不足
10463,腰蛤,3,鱼虾蟹贝类,,10-15只腰蛤 || 500克腰蛤 || 250克左右腰蛤,29187|49455|105725,可能是原生食材，但频次、命名或类别证据不足
10464,干香菇泡发,3,菌藻类,,20朵干香菇泡发 || 4个干香菇泡发 || 若干干香菇泡发,29200|111218|122580,可能是原生食材，但频次、命名或类别证据不足
10465,蒜量蒜蓉,3,蔬菜类及其制品,,一头蒜的量蒜蓉,29210,可能是原生食材，但频次、命名或类别证据不足
10466,洋葱细丝,3,蔬菜类及其制品,洋葱细,一些洋葱细丝,29302,形态描述存在，但原始食材无法确定
10468,火焙鱼,3,鱼虾蟹贝类,,适量火焙鱼,29340,可能是原生食材，但频次、命名或类别证据不足
10469,留兰香薄荷,3,蔬菜类及其制品,,适量留兰香薄荷,29361,可能是原生食材，但频次、命名或类别证据不足
10473,蔓越莓坚果,3,水果类及其制品,,一小包蔓越莓坚果 || 适量蔓越莓坚果,29484|40185,可能是原生食材，但频次、命名或类别证据不足
10478,真鳕鱼,3,鱼虾蟹贝类,,1块真鳕鱼,29800,可能是原生食材，但频次、命名或类别证据不足
10480,鸡腿去骨,3,禽肉类及其制品,,鸡腿去骨,29839,可能是原生食材，但频次、命名或类别证据不足
10481,洋葱切粒,3,蔬菜类及其制品,,一个洋葱切粒 || 半颗洋葱切粒,29854|135542,可能是原生食材，但频次、命名或类别证据不足
10484,香蒜炸粉,3,蔬菜类及其制品,,1勺香蒜炸粉 || 1袋香蒜炸粉,29912|147289,可能是原生食材，但频次、命名或类别证据不足
10485,香草夹,3,蔬菜类及其制品,,半根香草夹 || 香草夹半根 || 一根香草夹（没有就用香草精代替）,29919|47120|63879,可能是原生食材，但频次、命名或类别证据不足
10486,香葱叶,3,蔬菜类及其制品,,3根香葱叶 || 一小把香葱叶 || 4-5根香葱叶,29941|45065|62814,可能是原生食材，但频次、命名或类别证据不足
10488,鸡腿和鸡翅,3,禽肉类及其制品,鸡腿|鸡翅,,,分隔符明确连接多个独立基础食材；克数无法可靠分摊
10489,瘦肉糜,3,畜肉类及其制品,,瘦肉糜,89835|99940,可能是原生食材，但频次、命名或类别证据不足
10490,姜丝辣椒丝,3,蔬菜类及其制品,姜丝辣椒,,,形态描述存在，但原始食材无法确定
10496,抓黑米,3,谷类及其制品,,5小抓黑米 || 抓一把黑米,30074|52973,可能是原生食材，但频次、命名或类别证据不足
10497,抓黑豆,3,干豆类及其制品,,3小抓黑豆,30074,可能是原生食材，但频次、命名或类别证据不足
10499,桂格麦片,3,谷类及其制品,桂格麦,适量桂格麦片（裸麦片） || 40克桂格麦片 || 120克桂格麦片,30097|52159|161988,形态描述存在，但原始食材无法确定
10500,表面蛋液,3,蛋类及其制品,,适量表面蛋液 || #表面蛋液 || 表面蛋液,30122|41306|124148,可能是原生食材，但频次、命名或类别证据不足
10504,青芒果,3,水果类及其制品,,1个青芒果 || 一个青芒果 || 青芒果,30373|54123|65999,可能是原生食材，但频次、命名或类别证据不足
10505,猪肚子,3,畜肉类及其制品,,一个猪肚子 || 一只猪肚子,30385|132217,可能是原生食材，但频次、命名或类别证据不足
10512,分洋葱,3,蔬菜类及其制品,,4分1个洋葱 || 8分1个洋葱 || 3分1个洋葱,30604|61187|69842,可能是原生食材，但频次、命名或类别证据不足
10514,果切小块,3,其他类,果切小,,,形态描述存在，但原始食材无法确定
10515,拍扁姜,3,蔬菜类及其制品,,1小块，洗净拍扁姜 || 两小块拍扁姜,30810|172753,可能是原生食材，但频次、命名或类别证据不足
10516,三两五花肉,3,畜肉类及其制品,,三两（切薄片）五花肉 || 三两五花肉 || 五花肉三两,30820|39330|41503|65303|83307,可能是原生食材，但频次、命名或类别证据不足
10517,港式蛋面,3,蛋类及其制品,,一块港式蛋面,30871,可能是原生食材，但频次、命名或类别证据不足
10521,疙瘩丝,3,其他类,疙瘩,250g疙瘩丝 || 两把疙瘩丝 || 疙瘩丝,30976|114973|128630,形态描述存在，但原始食材无法确定
10523,少量黑木耳,3,菌藻类,,少量黑木耳,31083|54377|57011|59409|93257|102971|115686|143234,可能是原生食材，但频次、命名或类别证据不足
10524,姜丝葱段,3,蔬菜类及其制品,姜丝葱,适量姜丝 葱段 || 姜丝葱段,31086|140879,形态描述存在，但原始食材无法确定
10529,豆王,3,干豆类及其制品,,300克豆王 || 15根豆王 || 400g豆王,31120|145851|171797,可能是原生食材，但频次、命名或类别证据不足
10532,就够香菜,3,蔬菜类及其制品,,几根就够香菜 || 一些就够香菜 || 一小点就够香菜,31193|73910|134111,可能是原生食材，但频次、命名或类别证据不足
10535,没过猪蹄水,3,畜肉类及其制品,,,,可能是原生食材，但频次、命名或类别证据不足
10536,榛仁,3,坚果种子类,,45克榛仁 || 50克榛仁 || 20g榛仁,31373|66492|69018,可能是原生食材，但频次、命名或类别证据不足
10537,鲜虾鱼板面,3,鱼虾蟹贝类,,1.5包鲜虾鱼板面,31410,可能是原生食材，但频次、命名或类别证据不足
10541,带黑点香蕉,3,水果类及其制品,,,,可能是原生食材，但频次、命名或类别证据不足
10543,葱一段,3,蔬菜类及其制品,葱一,根葱一段 || 葱一段 || 根大葱一段,31591|66243|95992|139754,形态描述存在，但原始食材无法确定
10544,葱花末,3,蔬菜类及其制品,葱花,少许葱花末 || 葱花末少许 || 适量葱花末,31624|100043|120626,形态描述存在，但原始食材无法确定
10545,拳头大小土豆,3,干豆类及其制品,,,,可能是原生食材，但频次、命名或类别证据不足
10548,一段玉米,3,谷类及其制品,,一段玉米,31714,可能是原生食材，但频次、命名或类别证据不足
10549,味千拉面,3,谷类及其制品,,1把味千拉面 || 2人份味千拉面 || 1包味千拉面,31785|101691|104754,可能是原生食材，但频次、命名或类别证据不足
10550,半截胡萝卜,3,蔬菜类及其制品,,小半截胡萝卜 || 半截胡萝卜 || 大半截胡萝卜,31785|54865|64153|93734|104539|105950|112698|133773,可能是原生食材，但频次、命名或类别证据不足
10551,刁子鱼,3,鱼虾蟹贝类,,1-2斤小刁子鱼 || 刁子鱼一条,31847|144721,可能是原生食材，但频次、命名或类别证据不足
10554,柳橙,3,水果类及其制品,,1个柳橙 || 1只柳橙 || 40克柳橙,41107|92370|105798,可能是原生食材，但频次、命名或类别证据不足
10555,草鸡,3,禽肉类及其制品,,1只3-4斤小草鸡 || 1只草鸡 || 一只草鸡（仔鸡最好）,31916|33272|40848,可能是原生食材，但频次、命名或类别证据不足
10557,普通白面,3,谷类及其制品,,普通的白面 || 普通白面 || 400克普通白面,31966|79593|133045,可能是原生食材，但频次、命名或类别证据不足
10558,老母鸡汤,3,禽肉类及其制品,,适量老母鸡汤 || 一碗老母鸡汤,32058|178420,可能是原生食材，但频次、命名或类别证据不足
10559,都行肉末,3,畜肉类及其制品,都行肉,,,形态描述存在，但原始食材无法确定
10560,葱洋葱,3,蔬菜类及其制品,,适量大葱洋葱,32126,可能是原生食材，但频次、命名或类别证据不足
10562,椰子壳,3,水果类及其制品,,1个椰子壳（带肉） || 1个椰子壳,32275|86363,可能是原生食材，但频次、命名或类别证据不足
10564,了五花肉,3,畜肉类及其制品,,我用了250克五花肉（排骨更香）,32338,可能是原生食材，但频次、命名或类别证据不足
10568,迷你南瓜,3,蔬菜类及其制品,,1只迷你南瓜 || 1个迷你南瓜 || 2个迷你南瓜,32595|184086|186887,可能是原生食材，但频次、命名或类别证据不足
10570,腌虾,3,鱼虾蟹贝类,,腌虾用，适量料酒,32677,可能是原生食材，但频次、命名或类别证据不足
10571,泉水浸金枪鱼,3,鱼虾蟹贝类,,20g泉水浸金枪鱼,32777,可能是原生食材，但频次、命名或类别证据不足
10572,青红椒洋葱,3,蔬菜类及其制品,,青红椒（3~5个）洋葱（半个）,32786,可能是原生食材，但频次、命名或类别证据不足
10577,磷虾,3,鱼虾蟹贝类,,少许只磷虾 || 150克磷虾 || 适量磷虾,32869|34333|69904,可能是原生食材，但频次、命名或类别证据不足
10580,蓝莓果馅,3,水果类及其制品,,,,可能是原生食材，但频次、命名或类别证据不足
10581,牛柳肉,3,畜肉类及其制品,,牛柳肉300克 || 200克牛柳肉 || 40g牛柳肉,33088|56781|88125,可能是原生食材，但频次、命名或类别证据不足
10585,数量蔬菜,3,蔬菜类及其制品,,数量随意蔬菜（青菜香菇胡萝卜都可以）,33261,可能是原生食材，但频次、命名或类别证据不足
10587,红心番薯,3,薯类淀粉及其制品,,一个红心番薯,33284,可能是原生食材，但频次、命名或类别证据不足
10589,嫩玉米,3,谷类及其制品,,1根嫩玉米 || 嫩玉米，两个 || 三根嫩玉米,33334|43286|51088,可能是原生食材，但频次、命名或类别证据不足
10590,就够葱,3,蔬菜类及其制品,,一点就够葱,33338,可能是原生食材，但频次、命名或类别证据不足
10591,手掌大小五花肉,3,畜肉类及其制品,,,,可能是原生食材，但频次、命名或类别证据不足
10594,花米,3,谷类及其制品,,适量花米 || 100克花米 || 花米,33509|49722|191859,可能是原生食材，但频次、命名或类别证据不足
10595,番茄锅底,3,蔬菜类及其制品,,,,可能是原生食材，但频次、命名或类别证据不足
10598,鸡汤骨头汤,3,禽肉类及其制品,,,,可能是原生食材，但频次、命名或类别证据不足
10599,摊鸡蛋,3,禽肉类及其制品,,,,可能是原生食材，但频次、命名或类别证据不足
10601,迷你洋葱,3,蔬菜类及其制品,,一只迷你的洋葱 || 1个迷你洋葱,33628|81101,可能是原生食材，但频次、命名或类别证据不足
10602,紫薯味,3,薯类淀粉及其制品,,#紫薯味#,33637,可能是原生食材，但频次、命名或类别证据不足
10603,蔓越莓粉,3,水果类及其制品,,3克蔓越莓粉,33637,可能是原生食材，但频次、命名或类别证据不足
10604,红心蜜柚,3,水果类及其制品,,1个红心蜜柚 || 5个红心蜜柚 || 半个约500克红心蜜柚,33663|118026|119151,可能是原生食材，但频次、命名或类别证据不足
10605,半鸡蛋,3,禽肉类及其制品,,1只半（半个刷面包用）鸡蛋 || 一个半鸡蛋（一个鸡蛋+一个蛋白） || 1个半鸡蛋,33747|81878|175922,可能是原生食材，但频次、命名或类别证据不足
10608,粗粒全麦粉,3,谷类及其制品,,60g粗粒全麦粉（带谷粒）,33851,可能是原生食材，但频次、命名或类别证据不足
10609,厚冬瓜,3,蔬菜类及其制品,,3cm厚一片冬瓜,33900,可能是原生食材，但频次、命名或类别证据不足
10612,虾虾头,3,鱼虾蟹贝类,,,,可能是原生食材，但频次、命名或类别证据不足
10615,拍姜,3,蔬菜类及其制品,,拍姜 || 50g拍姜,34335|114618,可能是原生食材，但频次、命名或类别证据不足
10616,甜辣椒,3,蔬菜类及其制品,,2个甜辣椒 || 3只新鲜甜辣椒 || 适量甜辣椒,34375|68400|149130,可能是原生食材，但频次、命名或类别证据不足
10617,吧香菇,3,菌藻类,,7-8朵吧香菇,160332,可能是原生食材，但频次、命名或类别证据不足
10619,意面香草,3,谷类及其制品,,少许意面香草,34463,可能是原生食材，但频次、命名或类别证据不足
10620,紫萝卜,3,蔬菜类及其制品,,200克紫萝卜 || 1/4个紫萝卜,34530|198316,可能是原生食材，但频次、命名或类别证据不足
10621,菜叶白菜,3,蔬菜类及其制品,,只用菜叶白菜 || 五片菜叶白菜,34544|169701,可能是原生食材，但频次、命名或类别证据不足
10625,皖鱼腩,3,鱼虾蟹贝类,,皖鱼腩 || 1斤皖鱼腩 || 一份皖鱼腩（草鱼）,34773|126870|136809|142265,可能是原生食材，但频次、命名或类别证据不足
10627,牛羊肉卷,3,畜肉类及其制品,,2斤牛羊肉卷 || 适量牛羊肉卷 || 牛羊肉卷,34815|69151|154482,可能是原生食材，但频次、命名或类别证据不足
10628,河鲫鱼,3,鱼虾蟹贝类,,6条小河鲫鱼 || 河鲫鱼两条 || 1条河鲫鱼,34853|41922|70065,可能是原生食材，但频次、命名或类别证据不足
10629,头鹰嘴豆,3,干豆类及其制品,,50克罐头鹰嘴豆 || 425g罐头鹰嘴豆,34856|152270,可能是原生食材，但频次、命名或类别证据不足
10632,养鸡蛋,3,禽肉类及其制品,,3个养鸡蛋,34924,可能是原生食材，但频次、命名或类别证据不足
10633,油泼面,3,谷类及其制品,,1包油泼面,154981,可能是原生食材，但频次、命名或类别证据不足
10637,凯特芒果,3,水果类及其制品,,一个大的凯特芒果 || 1个凯特芒果,35010|94156,可能是原生食材，但频次、命名或类别证据不足
10638,葱姜辣椒,3,蔬菜类及其制品,,少许葱姜辣椒 || 葱姜辣椒 || 适量葱姜辣椒,35103|43350|47672,可能是原生食材，但频次、命名或类别证据不足
10640,火葱,3,蔬菜类及其制品,,2个火葱 || 一把火葱 || 1个火葱,35119|68073|114255|130402,可能是原生食材，但频次、命名或类别证据不足
10647,手工挂面,3,谷类及其制品,,手工挂面 || 2斤手工挂面,35439|106543,可能是原生食材，但频次、命名或类别证据不足
10649,眼睛黑芝麻,3,坚果种子类,,眼睛黑芝麻,35552,可能是原生食材，但频次、命名或类别证据不足
10651,普通牛肉,3,畜肉类及其制品,,,,可能是原生食材，但频次、命名或类别证据不足
10652,阳江豆鼓,3,干豆类及其制品,,适量阳江豆鼓 || 少许阳江豆鼓 || 150克阳江豆鼓,35658|57838|88617|131836,可能是原生食材，但频次、命名或类别证据不足
10656,木耳泡发,3,菌藻类,,30g木耳泡发 || 木耳泡发 || 木耳泡发，鸡蛋炒好,35871|37279|63080,可能是原生食材，但频次、命名或类别证据不足
10657,柠檬汁去腥,3,水果类及其制品,,几滴柠檬汁去腥 || 5滴柠檬汁去腥,35889|80404,可能是原生食材，但频次、命名或类别证据不足
10658,干花瓣,3,其他类,干花,,,形态描述存在，但原始食材无法确定
10661,小里脊,3,畜肉类及其制品,,,,可能是原生食材，但频次、命名或类别证据不足
10662,青南瓜,3,蔬菜类及其制品,,1个青南瓜 || 500克青南瓜 || 500g青南瓜,35971|120229|131367,可能是原生食材，但频次、命名或类别证据不足
10663,节莴笋,3,蔬菜类及其制品,,1节莴笋,36023|189535,可能是原生食材，但频次、命名或类别证据不足
10666,芒果浆,3,水果类及其制品,,600克芒果浆,58382,可能是原生食材，但频次、命名或类别证据不足
10667,各红辣椒,3,蔬菜类及其制品,,各一个红辣椒，青辣椒 || 一大一小各一个红辣椒,36144|145840,可能是原生食材，但频次、命名或类别证据不足
10668,杏仁核桃,3,水果类及其制品,,适量杏仁核桃,36209,可能是原生食材，但频次、命名或类别证据不足
10670,大块瘦肉,3,畜肉类及其制品,,,,可能是原生食材，但频次、命名或类别证据不足
10672,最后点缀香菜,3,蔬菜类及其制品,,最后点缀香菜,36321,可能是原生食材，但频次、命名或类别证据不足
10674,葱姜蒜红辣椒,3,蔬菜类及其制品,,少许葱姜蒜红辣椒 || 葱姜蒜红辣椒（不吃辣椒的可不放）,36394|49993,可能是原生食材，但频次、命名或类别证据不足
10675,红绿丝,3,其他类,红绿,20克红绿丝 || 若干红绿丝 || 少许红绿丝,36498|44850|61103,形态描述存在，但原始食材无法确定
10677,干吃麦片,3,谷类及其制品,干吃麦,,,形态描述存在，但原始食材无法确定
10678,长茄,3,蔬菜类及其制品,,3个长茄 || 2个长茄 || 半根长茄,36520|40066|48117,可能是原生食材，但频次、命名或类别证据不足
10680,虾头虾,3,鱼虾蟹贝类,,一只几个虾头（我只有一只，大家可以适当增加）虾,197797,可能是原生食材，但频次、命名或类别证据不足
10682,鸡爪子,3,禽肉类及其制品,,鸡爪子 || 2斤鸡爪子 || 一斤鸡爪子,36701|121226|124615|127111,可能是原生食材，但频次、命名或类别证据不足
10683,冬瓜一块,3,蔬菜类及其制品,冬瓜一,,,形态描述存在，但原始食材无法确定
10687,树椒,3,蔬菜类及其制品,,一把（适量）小树椒 || 3个树椒 || 适量树椒,36965|37072|54134,可能是原生食材，但频次、命名或类别证据不足
10688,蟹脚,3,鱼虾蟹贝类,,6只蟹脚,36981,可能是原生食材，但频次、命名或类别证据不足
10689,葱蒜头,3,蔬菜类及其制品,,一个葱蒜头,36989,可能是原生食材，但频次、命名或类别证据不足
10693,五花肉切片,3,畜肉类及其制品,五花肉切,100g五花肉 切片 || 400g五花肉切片（0.5公分）,37150|81612,形态描述存在，但原始食材无法确定
10694,青红美人椒,3,蔬菜类及其制品,,两根青红美人椒 || 青红美人椒,37150|100557,可能是原生食材，但频次、命名或类别证据不足
10698,部分香葱,3,蔬菜类及其制品,,,,可能是原生食材，但频次、命名或类别证据不足
10699,羊肋肉,3,畜肉类及其制品,,,,可能是原生食材，但频次、命名或类别证据不足
10700,椰子花蜜,3,水果类及其制品,,椰子花蜜 || 100g椰子花蜜,37291|180671,可能是原生食材，但频次、命名或类别证据不足
10701,黄豆花生,3,干豆类及其制品,,黄豆花生,37331,可能是原生食材，但频次、命名或类别证据不足
10702,凤梨肉,3,水果类及其制品,,适量凤梨肉 || 1500克凤梨肉（去皮） || 30g凤梨肉,37424|59808|127416,可能是原生食材，但频次、命名或类别证据不足
10706,圈南瓜,3,蔬菜类及其制品,,1圈南瓜 || 一小圈南瓜 || 一小圈（半斤4cm，厚度5cm左右）南瓜,37685|41349|102413,可能是原生食材，但频次、命名或类别证据不足
10708,九肚鱼,3,鱼虾蟹贝类,,3条九肚鱼 || 1 斤九肚鱼 || 5条九肚鱼,37806|42931|50357,可能是原生食材，但频次、命名或类别证据不足
10715,蔬菜色拉,3,蔬菜类及其制品,,1包蔬菜色拉 || 一包蔬菜色拉,123947|129053,可能是原生食材，但频次、命名或类别证据不足
10718,一段西葫芦,3,蔬菜类及其制品,,一段西葫芦,38408|81104|112844,可能是原生食材，但频次、命名或类别证据不足
10721,肩膀肉,3,畜肉类及其制品,,2块肩膀肉,38324,可能是原生食材，但频次、命名或类别证据不足
10724,野生红菇,3,菌藻类,,野生红菇6朵,38482,可能是原生食材，但频次、命名或类别证据不足
10725,鸡蛋饼食材,3,禽肉类及其制品,,鸡蛋饼食材,38510,可能是原生食材，但频次、命名或类别证据不足
10726,肉馅食材,3,畜肉类及其制品,,肉馅食材,38510|131469,可能是原生食材，但频次、命名或类别证据不足
10728,香菜和葱,3,蔬菜类及其制品,香菜|葱,适量香菜 和葱 || 适量香菜和葱 || 几根香菜和葱,38587|52202|70752,分隔符明确连接多个独立基础食材；克数无法可靠分摊
10729,和蒜片,3,蔬菜类及其制品,蒜片,,,疑似多食材组合，但无法百分之百确认全部组成
10735,猴菇粉,3,菌藻类,,30g猴菇粉（网上有卖磨好的）,38770,可能是原生食材，但频次、命名或类别证据不足
10741,几瓣,3,其他类,几,几瓣，切蒜泥蒜 || 几瓣，切片切小块都行蒜,38937|167868,形态描述存在，但原始食材无法确定
10745,干青椒,3,蔬菜类及其制品,,若干个干青椒,39070,可能是原生食材，但频次、命名或类别证据不足
10748,多多辣椒,3,蔬菜类及其制品,,,,可能是原生食材，但频次、命名或类别证据不足
10750,风干番茄,3,蔬菜类及其制品,,风干番茄 || 3-4个风干番茄,39215|117972,可能是原生食材，但频次、命名或类别证据不足
10751,干牛草,3,畜肉类及其制品,,干牛至草 || 一小勺干牛至草,39215|100444,可能是原生食材，但频次、命名或类别证据不足
10754,末胡萝卜,3,蔬菜类及其制品,,末胡萝卜,39268,可能是原生食材，但频次、命名或类别证据不足
10757,辣椒和小米辣,3,谷类及其制品,辣椒|小米辣,,,疑似多食材组合，但无法百分之百确认全部组成
10758,鹅油香葱,3,禽肉类及其制品,,一勺鹅油香葱,187964,可能是原生食材，但频次、命名或类别证据不足
10761,琥珀核桃,3,水果类及其制品,,10克琥珀核桃 || 适量琥珀核桃,39465|114710,可能是原生食材，但频次、命名或类别证据不足
10762,一段冬瓜,3,蔬菜类及其制品,,一段冬瓜,121227|194261|196154,可能是原生食材，但频次、命名或类别证据不足
10765,小萝卜萝卜,3,蔬菜类及其制品,,,,可能是原生食材，但频次、命名或类别证据不足
10766,草母鸡,3,禽肉类及其制品,,半只草母鸡 || 1只草母鸡,39667|55002|99325|104500,可能是原生食材，但频次、命名或类别证据不足
10767,蛋黄加水,3,蛋类及其制品,,195克(包括19克蛋黄，其余是水)一个蛋黄加水(没有蛋黄就全部水190克),39684,可能是原生食材，但频次、命名或类别证据不足
10770,芥菜叶子,3,蔬菜类及其制品,,一大捆芥菜叶子,39722,可能是原生食材，但频次、命名或类别证据不足
10771,湛江鸡,3,禽肉类及其制品,,湛江鸡 || 半只湛江鸡,39784|88445|169818,可能是原生食材，但频次、命名或类别证据不足
10773,小町大米,3,谷类及其制品,,,,可能是原生食材，但频次、命名或类别证据不足
10774,快菜,3,蔬菜类及其制品,,一颗快菜 || 400克快菜,39842|184693,可能是原生食材，但频次、命名或类别证据不足
10776,决定猪肉馅,3,畜肉类及其制品,,,,可能是原生食材，但频次、命名或类别证据不足
10778,蒜洋葱,3,蔬菜类及其制品,,,,可能是原生食材，但频次、命名或类别证据不足
10781,各一彩椒,3,蔬菜类及其制品,,各一彩椒,40212,可能是原生食材，但频次、命名或类别证据不足
10782,可生食生菜,3,蔬菜类及其制品,,,,可能是原生食材，但频次、命名或类别证据不足
10784,黑芝麻点缀,3,坚果种子类,,适量黑芝麻点缀,40409,可能是原生食材，但频次、命名或类别证据不足
10785,鱼头鱼骨,3,鱼虾蟹贝类,,,,可能是原生食材，但频次、命名或类别证据不足
10787,白虾虾仁,3,鱼虾蟹贝类,,白虾虾仁 250g,40712,可能是原生食材，但频次、命名或类别证据不足
10790,生红辣椒,3,蔬菜类及其制品,,6个生红辣椒,40812,可能是原生食材，但频次、命名或类别证据不足
10793,法式羊排,3,畜肉类及其制品,,4只法式羊排 || 500克（6块）法式羊排 || 法式羊排,40911|50071|75544,可能是原生食材，但频次、命名或类别证据不足
10795,红黄青彩椒,3,蔬菜类及其制品,,,,可能是原生食材，但频次、命名或类别证据不足
10798,水煮鱼佐料,3,鱼虾蟹贝类,,,,可能是原生食材，但频次、命名或类别证据不足
10800,红心木瓜,3,蔬菜类及其制品,,1个红心木瓜 || 红心木瓜,41063|88966,可能是原生食材，但频次、命名或类别证据不足
10801,腊五花肉,3,畜肉类及其制品,,腊五花肉 || 1块腊五花肉 || 50克腊五花肉,41064|52632|52957,可能是原生食材，但频次、命名或类别证据不足
10803,长线椒,3,蔬菜类及其制品,,160-200克长线椒 || 200克长线椒 || 20个长线椒,41109|74366|143887,可能是原生食材，但频次、命名或类别证据不足
10808,坨西兰花,3,蔬菜类及其制品,,四五小坨西兰花,178541,可能是原生食材，但频次、命名或类别证据不足
10813,一半鸡胸肉,3,禽肉类及其制品,,一半鸡胸肉,21237|153680|163390,可能是原生食材，但频次、命名或类别证据不足
10817,樱桃蕃茄,3,水果类及其制品,,300g樱桃蕃茄 || 300克樱桃蕃茄,41696|106604,可能是原生食材，但频次、命名或类别证据不足
10819,各类蔬菜水果,3,蔬菜类及其制品,,,,可能是原生食材，但频次、命名或类别证据不足
10820,香菜辣椒,3,蔬菜类及其制品,,适量香菜辣椒 || 香菜辣椒 || 少许香菜辣椒,125902|177335|196984,可能是原生食材，但频次、命名或类别证据不足
10822,甜彩椒,3,蔬菜类及其制品,,8个甜彩椒 || 3-4切片甜彩椒,41809|143100,可能是原生食材，但频次、命名或类别证据不足
10827,蔓越莓椰蓉馅,3,水果类及其制品,,蔓越莓椰蓉馅,41999,可能是原生食材，但频次、命名或类别证据不足
10830,豆饼,3,干豆类及其制品,,250g小豆饼 || 豆饼,42050|69032,可能是原生食材，但频次、命名或类别证据不足
10832,青红杭椒,3,蔬菜类及其制品,,青红杭椒 || 少许青 红杭椒 || 适量青红杭椒,75956|127733|140911,可能是原生食材，但频次、命名或类别证据不足
10834,备白芝麻,3,坚果种子类,,炒熟备用白芝麻,42300,可能是原生食材，但频次、命名或类别证据不足
10835,胡萝卜少量,3,蔬菜类及其制品,,胡萝卜 少量 || 胡萝卜少量,42313|187152,可能是原生食材，但频次、命名或类别证据不足
10839,土豆君,3,干豆类及其制品,,1个土豆君,42473,可能是原生食材，但频次、命名或类别证据不足
10841,前胛肉,3,畜肉类及其制品,,适量前胛肉 || 2000克前胛肉（3：7，肥瘦比） || 前胛肉,42512|110137|175622,可能是原生食材，但频次、命名或类别证据不足
10848,葱结葱,3,蔬菜类及其制品,,一个葱结葱 || 1葱结葱,42818|141134|191926,可能是原生食材，但频次、命名或类别证据不足
10850,柠檬草味苏打水,3,水果类及其制品,,,,可能是原生食材，但频次、命名或类别证据不足
10851,就放香菜,3,蔬菜类及其制品,,,,可能是原生食材，但频次、命名或类别证据不足
10852,料蒜,3,蔬菜类及其制品,,大料蒜,42991,可能是原生食材，但频次、命名或类别证据不足
10853,泡仔姜,3,蔬菜类及其制品,,50克泡仔姜 || 30克左右泡仔姜 || 适量泡仔姜,43036|55832|80999,可能是原生食材，但频次、命名或类别证据不足
10856,香草提取物,3,蔬菜类及其制品,,2茶匙香草提取物（2 teaspoons vanilla extract）,125199,可能是原生食材，但频次、命名或类别证据不足
10861,层洋葱,3,蔬菜类及其制品,,2层洋葱 || 1 层洋葱 || 1层洋葱,43296|90881|108533,可能是原生食材，但频次、命名或类别证据不足
10863,美式杂菜,3,蔬菜类及其制品,,美式杂菜,43381,可能是原生食材，但频次、命名或类别证据不足
10868,蛤蛎,3,鱼虾蟹贝类,,500g蛤蛎 || 20~25颗蛤蛎,43656|84394,可能是原生食材，但频次、命名或类别证据不足
10872,蔬菜自己搭配,3,蔬菜类及其制品,,,,可能是原生食材，但频次、命名或类别证据不足
10874,玉米豌豆胡萝卜,3,干豆类及其制品,,少许玉米豌豆胡萝卜 || 适量玉米豌豆胡萝卜,43737|125227,可能是原生食材，但频次、命名或类别证据不足
10878,芝麻花生馅,3,坚果种子类,,适量芝麻花生馅 || 约90克芝麻花生馅 || 适量芝麻花生馅（自制）,43783|75402|115598,可能是原生食材，但频次、命名或类别证据不足
10881,霉豆瓣,3,干豆类及其制品,霉豆,霉豆瓣一斤，农贸市场有卖，高度白酒一斤，啤酒两听，老姜一斤，花椒二两，辣椒十斤，盐三斤，生菜油二至三斤 || 5斤霉豆瓣 || 600克霉豆瓣,43890|53789|95093,形态描述存在，但原始食材无法确定
10882,半洋葱,3,蔬菜类及其制品,,一颗半洋葱 || 1颗半洋葱 || 半到1个洋葱,43981|78765|79712,可能是原生食材，但频次、命名或类别证据不足
10883,菜帮子大白菜,3,蔬菜类及其制品,,2大片菜帮子大白菜,132085,可能是原生食材，但频次、命名或类别证据不足
10884,魔鬼鱼,3,鱼虾蟹贝类,,1只魔鬼鱼,44071,可能是原生食材，但频次、命名或类别证据不足
10886,豆米,3,干豆类及其制品,,适量豆米 || 250豆米,44072|82960,可能是原生食材，但频次、命名或类别证据不足
10889,蛋黄蛋液,3,蛋类及其制品,,一个蛋黄蛋液,44125,可能是原生食材，但频次、命名或类别证据不足
10890,备紫薯,3,薯类淀粉及其制品,,,,可能是原生食材，但频次、命名或类别证据不足
10892,野生黑枸杞,3,坚果种子类,,,,可能是原生食材，但频次、命名或类别证据不足
10893,来胡萝卜,3,蔬菜类及其制品,,,,可能是原生食材，但频次、命名或类别证据不足
10894,雪花肉,3,畜肉类及其制品,,半斤雪花肉 || 一块雪花肉 || 1斤雪花肉,44173|104912|155689,可能是原生食材，但频次、命名或类别证据不足
10902,肥瘦梅头肉,3,畜肉类及其制品,,,,可能是原生食材，但频次、命名或类别证据不足
10904,蔬菜鲜,3,蔬菜类及其制品,,适量蔬菜鲜 || 1勺蔬菜鲜,44354|102764,可能是原生食材，但频次、命名或类别证据不足
10909,蘑菇胡萝卜,3,菌藻类,,,,可能是原生食材，但频次、命名或类别证据不足
10910,羊肚菌干,3,畜肉类及其制品,,8只左右羊肚菌干,101194,可能是原生食材，但频次、命名或类别证据不足
10911,蔬菜豆制品,3,干豆类及其制品,,若干蔬菜豆制品（豆腐最佳） || #蔬菜豆制品,44911|177348,可能是原生食材，但频次、命名或类别证据不足
10912,葱白切丝,3,蔬菜类及其制品,葱白切,少许大葱白切丝,44930,形态描述存在，但原始食材无法确定
10913,鸭珍,3,禽肉类及其制品,,3个鸭珍 || 10只鸭珍 || 鸭珍,44933|72139|84971,可能是原生食材，但频次、命名或类别证据不足
10914,白菜娃娃菜,3,蔬菜类及其制品,,,,可能是原生食材，但频次、命名或类别证据不足
10915,主面团料,3,谷类及其制品,,2主面团用料 || 主面团用料,44949|56947|108459|148698,可能是原生食材，但频次、命名或类别证据不足
10916,蒜末小葱,3,蔬菜类及其制品,,,,可能是原生食材，但频次、命名或类别证据不足
10921,鸡蛋鸡蛋清,3,禽肉类及其制品,,两个鸡蛋的鸡蛋清 || 1颗鸡蛋鸡蛋清 || 3个鸡蛋鸡蛋清,45084|125006|128420,可能是原生食材，但频次、命名或类别证据不足
10924,水妈妈木薯粉,3,薯类淀粉及其制品,,10克水妈妈木薯粉 || 5克水妈妈木薯粉,45267|148987,可能是原生食材，但频次、命名或类别证据不足
10925,决定米,3,谷类及其制品,,,,可能是原生食材，但频次、命名或类别证据不足
10926,和田大枣,3,坚果种子类,田大枣,200g和田大枣 || 1到2个和田大枣 || 40g和田大枣,45310|71658|78754,疑似多食材组合，但无法百分之百确认全部组成
10928,核桃黑芝麻粉,3,水果类及其制品,,25克核桃黑芝麻粉 || 15克核桃黑芝麻粉,45391|124408,可能是原生食材，但频次、命名或类别证据不足
10930,卤猪耳,3,畜肉类及其制品,,卤猪耳 || 1个卤猪耳,45409|174939,可能是原生食材，但频次、命名或类别证据不足
10932,无头虾,3,鱼虾蟹贝类,,300g无头虾,45473,可能是原生食材，但频次、命名或类别证据不足
10933,蘑菇配菜,3,菌藻类,,,,可能是原生食材，但频次、命名或类别证据不足
10934,带骨五花肉,3,畜肉类及其制品,,750克带骨五花肉 || 500克带骨五花肉 || 500g带骨五花肉,45551|167521|175918,可能是原生食材，但频次、命名或类别证据不足
10946,圆米,3,谷类及其制品,,200g圆米,46180,可能是原生食材，但频次、命名或类别证据不足
10948,土豆大小土豆,3,干豆类及其制品,,,,可能是原生食材，但频次、命名或类别证据不足
10949,自定辣椒,3,蔬菜类及其制品,,自定辣椒,46272,可能是原生食材，但频次、命名或类别证据不足
10952,各香菇,3,菌藻类,,各适量香菇，青笋，藕片，西兰花， || 各适量香菇（4朵），姜，葱白，蒜白，胡椒粉，盐，生抽，蚝油，米酒，花生油，生粉，白糖 || 各4朵香菇,46583|88576|99956,可能是原生食材，但频次、命名或类别证据不足
10953,青椒彩椒,3,蔬菜类及其制品,,10只青椒彩椒,46669,可能是原生食材，但频次、命名或类别证据不足
10955,整头蒜,3,蔬菜类及其制品,,1整头蒜,46680|69686|103422|118233|129292|165796|172172|189740,可能是原生食材，但频次、命名或类别证据不足
10957,炖鸡料,3,禽肉类及其制品,,一包炖鸡料 || 炖鸡料 || 一包（哪家超市里都有卖的）炖鸡料,46807|100218|172991,可能是原生食材，但频次、命名或类别证据不足
10964,老蛏,3,鱼虾蟹贝类,,600克老蛏 || 老蛏,47237|90982,可能是原生食材，但频次、命名或类别证据不足
10965,少量韭菜,3,蔬菜类及其制品,,少量韭菜,47270|59961|74521|90316|92167|94033|100305|110799|135245|175525|181395,可能是原生食材，但频次、命名或类别证据不足
10966,墨斗鱼,3,鱼虾蟹贝类,,300克墨斗鱼 || 20只墨斗鱼 || 1斤墨斗鱼,47276|65786|94646,可能是原生食材，但频次、命名或类别证据不足
10968,泡山椒,3,蔬菜类及其制品,,少许泡山椒 || 1棵（可不加）泡山椒 || 3个泡山椒,47463|100034|108682,可能是原生食材，但频次、命名或类别证据不足
10970,番茄炒蛋,3,蛋类及其制品,,番茄炒蛋 || 1份番茄炒蛋,47561|151195,可能是原生食材，但频次、命名或类别证据不足
10972,种西红柿,3,蔬菜类及其制品,,,,可能是原生食材，但频次、命名或类别证据不足
10976,姜蒜小米椒,3,谷类及其制品,,姜蒜小米椒 || 少许姜 蒜 小米椒,47915|54681,可能是原生食材，但频次、命名或类别证据不足
10977,大小大米,3,谷类及其制品,,,,可能是原生食材，但频次、命名或类别证据不足
10979,姫松茸,3,菌藻类,,15朵姫松茸 || 几只姫松茸,47999|194763,可能是原生食材，但频次、命名或类别证据不足
10982,白菜切丝,3,蔬菜类及其制品,白菜切,半颗白菜切丝,48070,形态描述存在，但原始食材无法确定
10984,凤梨陷,3,水果类及其制品,,,,可能是原生食材，但频次、命名或类别证据不足
10987,牛肉棒,3,畜肉类及其制品,,,,可能是原生食材，但频次、命名或类别证据不足
10988,栗子南瓜,3,坚果种子类,,半个栗子南瓜 || 半个栗子南瓜（贝贝南瓜） || 100g栗子南瓜,48253|68590|70488|76713,可能是原生食材，但频次、命名或类别证据不足
10990,半筋半肉,3,畜肉类及其制品,,1斤半筋半肉,48290,可能是原生食材，但频次、命名或类别证据不足
10991,碎坚果,3,坚果种子类,,碎坚果 || 适量（装饰用）碎坚果 || 40g碎坚果（推荐用核桃类的）,48426|63467|172588,可能是原生食材，但频次、命名或类别证据不足
10992,表层鸡蛋,3,禽肉类及其制品,,,,可能是原生食材，但频次、命名或类别证据不足
10996,带肉,3,畜肉类及其制品,,,,可能是原生食材，但频次、命名或类别证据不足
10999,紫菜零食,3,鱼虾蟹贝类,,,,可能是原生食材，但频次、命名或类别证据不足
11000,装紫菜,3,鱼虾蟹贝类,,,,可能是原生食材，但频次、命名或类别证据不足
11002,小海虾,3,鱼虾蟹贝类,,,,可能是原生食材，但频次、命名或类别证据不足
11003,薄片胡萝卜,3,蔬菜类及其制品,,几片薄片胡萝卜,48951,可能是原生食材，但频次、命名或类别证据不足
11007,黑芝麻芝麻,3,坚果种子类,,,,可能是原生食材，但频次、命名或类别证据不足
11015,几棵油菜,3,蔬菜类及其制品,,几棵油菜,49567,可能是原生食材，但频次、命名或类别证据不足
11018,沙虾,3,鱼虾蟹贝类,,6只沙虾 || 10个沙虾 || 适量沙虾,49745|78685|103497,可能是原生食材，但频次、命名或类别证据不足
11019,斑鱼,3,鱼虾蟹贝类,,适量斑鱼 || 三条斑鱼 || 2斤斑鱼（黑斑鱼）,49773|55799|111224,可能是原生食材，但频次、命名或类别证据不足
11020,蓝莓草莓,3,水果类及其制品,,蓝莓 草莓,49847,可能是原生食材，但频次、命名或类别证据不足
11021,少量地瓜粉,3,蔬菜类及其制品,,少量地瓜粉,49905|123605|149304,可能是原生食材，但频次、命名或类别证据不足
11022,番茄切丁,3,蔬菜类及其制品,番茄切,一个番茄切丁,49976,形态描述存在，但原始食材无法确定
11023,青碗豆,3,干豆类及其制品,,50g青碗豆 || 30克青碗豆 || 8两青碗豆,49980|87041|131171,可能是原生食材，但频次、命名或类别证据不足
11024,吧肉馅,3,畜肉类及其制品,,吧250克肉馅,129239,可能是原生食材，但频次、命名或类别证据不足
11025,牡蛎干,3,鱼虾蟹贝类,,一小把牡蛎干 || 牡蛎干 || 牡蛎（生蚝）干,50070|67146|147988,可能是原生食材，但频次、命名或类别证据不足
11032,酒渍黑樱桃,3,水果类及其制品,,8颗酒渍黑樱桃,50526,可能是原生食材，但频次、命名或类别证据不足
11033,法棍切片,3,其他类,法棍切,4片法棍切片,50535,形态描述存在，但原始食材无法确定
11034,肉剁成肉馅,3,畜肉类及其制品,,,,可能是原生食材，但频次、命名或类别证据不足
11037,半面,3,谷类及其制品,,一碗半面,50802,可能是原生食材，但频次、命名或类别证据不足
11038,剩下蛋液,3,蛋类及其制品,,剩下的半个蛋液,50843,可能是原生食材，但频次、命名或类别证据不足
11041,新鲜瘦肉,3,畜肉类及其制品,,,,可能是原生食材，但频次、命名或类别证据不足
11046,蛋清蛋清,3,蛋类及其制品,,2个蛋清（用在饺子皮的制作中）蛋清 || 半个蛋清蛋清 || 两只蛋清蛋清,51382|57887|129038,可能是原生食材，但频次、命名或类别证据不足
11047,黄牛肝菌,3,畜肉类及其制品,,1000克黄牛肝菌 || 100g黄牛肝菌,51388|187215,可能是原生食材，但频次、命名或类别证据不足
11048,绿青椒,3,蔬菜类及其制品,,绿青椒 || 5个绿青椒 || 1个绿青椒,51432|72317|89542,可能是原生食材，但频次、命名或类别证据不足
11049,丝生姜,3,蔬菜类及其制品,,,,可能是原生食材，但频次、命名或类别证据不足
11050,丝大葱,3,蔬菜类及其制品,,,,可能是原生食材，但频次、命名或类别证据不足
11051,部分胡萝卜,3,蔬菜类及其制品,,1根的一小部分胡萝卜,51472,可能是原生食材，但频次、命名或类别证据不足
11052,大青菜,3,蔬菜类及其制品,,,,可能是原生食材，但频次、命名或类别证据不足
11054,克胡萝卜丝,3,蔬菜类及其制品,克胡萝卜,,,形态描述存在，但原始食材无法确定
11059,鸭货,3,禽肉类及其制品,,1500克鸭货 || 适量鸭货 || 3斤鸭货,51949|72682|96935,可能是原生食材，但频次、命名或类别证据不足
11060,蔬菜生菜,3,蔬菜类及其制品,,1把蔬菜   生菜,51994,可能是原生食材，但频次、命名或类别证据不足
11061,胡萝卜青豆玉米粒,3,干豆类及其制品,,1碗胡萝卜青豆玉米粒 || 50克胡萝卜青豆玉米粒,52052|137318,可能是原生食材，但频次、命名或类别证据不足
11065,蓝莓冻果,3,水果类及其制品,,60g蓝莓冻果,52139,可能是原生食材，但频次、命名或类别证据不足
11069,椒蒜姜,3,蔬菜类及其制品,,,,可能是原生食材，但频次、命名或类别证据不足
11070,青葱末,3,蔬菜类及其制品,青葱,适量青葱末,52298,形态描述存在，但原始食材无法确定
11072,整鸡翅,3,禽肉类及其制品,,500g整鸡翅,52423,可能是原生食材，但频次、命名或类别证据不足
11073,挪威三文鱼,3,鱼虾蟹贝类,,300克挪威三文鱼 || 1块（约100克）挪威三文鱼,52468|121401,可能是原生食材，但频次、命名或类别证据不足
11074,绿色尖椒,3,蔬菜类及其制品,,小半碗绿色尖椒 || 5个绿色尖椒,109899|174171,可能是原生食材，但频次、命名或类别证据不足
11075,牛大骨,3,畜肉类及其制品,,1200克牛大骨 || 一根牛大骨,52584|145093,可能是原生食材，但频次、命名或类别证据不足
11077,辅菜,3,蔬菜类及其制品,,,,可能是原生食材，但频次、命名或类别证据不足
11079,啥都行蔬菜,3,蔬菜类及其制品,,,,可能是原生食材，但频次、命名或类别证据不足
11080,鵪鶉蛋,3,蛋类及其制品,,数个鵪鶉蛋 || 8个鵪鶉蛋 || 14只鵪鶉蛋,52779|61899|90696,可能是原生食材，但频次、命名或类别证据不足
11081,面膜,3,谷类及其制品,,,,可能是原生食材，但频次、命名或类别证据不足
11082,蔬菜各种,3,蔬菜类及其制品,,适量蔬菜各种,52817,可能是原生食材，但频次、命名或类别证据不足
11084,黑花芸豆,3,干豆类及其制品,,半杯黑花芸豆,52918,可能是原生食材，但频次、命名或类别证据不足
11086,鱿鱼筒,3,鱼虾蟹贝类,,15只鱿鱼筒 || 鱿鱼筒 || 1/3只鱿鱼筒,52927|84835|88310,可能是原生食材，但频次、命名或类别证据不足
11089,味果仁,3,坚果种子类,,,,可能是原生食材，但频次、命名或类别证据不足
11090,樱桃辣椒,3,水果类及其制品,,,,可能是原生食材，但频次、命名或类别证据不足
11095,野生小鲫鱼,3,鱼虾蟹贝类,,六条野生小鲫鱼（也可以用一斤多大鲫鱼代替） || 10条野生小鲫鱼,53365|67676,可能是原生食材，但频次、命名或类别证据不足
11096,抓绿豆,3,干豆类及其制品,,抓两小把绿豆,53386,可能是原生食材，但频次、命名或类别证据不足
11102,蒜球,3,蔬菜类及其制品,,1个大蒜球,53895,可能是原生食材，但频次、命名或类别证据不足
11103,西柚果肉,3,水果类及其制品,,2-3瓣西柚果肉,53956,可能是原生食材，但频次、命名或类别证据不足
11104,多干豆角,3,干豆类及其制品,,超市一盒大概3两多干豆角,53964,可能是原生食材，但频次、命名或类别证据不足
11108,油炒面,3,谷类及其制品,,,,可能是原生食材，但频次、命名或类别证据不足
11111,后一小碗木耳,3,菌藻类,,,,可能是原生食材，但频次、命名或类别证据不足
11113,分肥七分瘦猪肉,3,畜肉类及其制品,,,,可能是原生食材，但频次、命名或类别证据不足
11115,饰芝麻,3,坚果种子类,,少许，装饰用芝麻 || 装饰芝麻，香菜 || 装饰芝麻,54671|80731|134628|138048,可能是原生食材，但频次、命名或类别证据不足
11120,截南瓜,3,蔬菜类及其制品,,一小截南瓜,54900,可能是原生食材，但频次、命名或类别证据不足
11121,乌鸡肉,3,禽肉类及其制品,,半只乌鸡肉,55051,可能是原生食材，但频次、命名或类别证据不足
11124,芝麻和葱花,3,坚果种子类,芝麻|葱花,芝麻和葱花,55105,疑似多食材组合，但无法百分之百确认全部组成
11126,松仁小肚,3,坚果种子类,,松仁小肚 || 半个松仁小肚,55123|99629,可能是原生食材，但频次、命名或类别证据不足
11128,小鸡胸肉,3,禽肉类及其制品,,,,可能是原生食材，但频次、命名或类别证据不足
11130,黑芝麻核桃红枣粉,3,水果类及其制品,,30g两大勺黑芝麻核桃红枣粉,148513,可能是原生食材，但频次、命名或类别证据不足
11131,红椒绿椒,3,蔬菜类及其制品,,适量红椒绿椒,55182,可能是原生食材，但频次、命名或类别证据不足
11135,了小米椒,3,谷类及其制品,,,,可能是原生食材，但频次、命名或类别证据不足
11143,手枪鸡腿,3,禽肉类及其制品,,3个手枪鸡腿 || 两只手枪鸡腿 || 4个手枪鸡腿,55548|122125|128015,可能是原生食材，但频次、命名或类别证据不足
11144,圆辣椒,3,蔬菜类及其制品,,圆辣椒,55595,可能是原生食材，但频次、命名或类别证据不足
11145,多谷物胚芽米,3,干豆类及其制品,,,,可能是原生食材，但频次、命名或类别证据不足
11148,干羊肚菌,3,畜肉类及其制品,,50克干羊肚菌 || 2个干羊肚菌,55759|121942,可能是原生食材，但频次、命名或类别证据不足
11149,干沙姜,3,蔬菜类及其制品,,适量5-6小片干沙姜,55957,可能是原生食材，但频次、命名或类别证据不足
11150,玉米仁,3,坚果种子类,,18克        玉米仁 || 玉米仁 || 若干玉米仁,55984|69637|188383,可能是原生食材，但频次、命名或类别证据不足
11152,馍片,3,其他类,馍,,,形态描述存在，但原始食材无法确定
11153,鸡胸肉鸡肉,3,禽肉类及其制品,,一块鸡胸肉鸡肉 || 两块鸡胸肉鸡肉 || 超市鸡胸肉一块鸡肉,56061|93466|104564,可能是原生食材，但频次、命名或类别证据不足
11154,成蒜末大蒜,3,蔬菜类及其制品,,,,可能是原生食材，但频次、命名或类别证据不足
11156,鸡蛋取蛋清,3,禽肉类及其制品,,个鸡蛋取蛋清 || 6个鸡蛋取蛋清,59311|163211,可能是原生食材，但频次、命名或类别证据不足
11163,木耳蘑菇,3,菌藻类,,25g木耳蘑菇,56315,可能是原生食材，但频次、命名或类别证据不足
11165,枣肉,3,畜肉类及其制品,,250克枣肉 || 200克枣肉 || 250g去核枣肉,56333|85379|136129,可能是原生食材，但频次、命名或类别证据不足
11166,纯鱼肉,3,鱼虾蟹贝类,,纯鱼肉 || 500克纯鱼肉（青鱼）,56554|108353|117209,可能是原生食材，但频次、命名或类别证据不足
11167,烧猪骨,3,畜肉类及其制品,,4-500克烧猪骨 || 半斤烧猪骨,56753|168433,可能是原生食材，但频次、命名或类别证据不足
11173,鱼粉,3,鱼虾蟹贝类,,20克鱼粉（有制作说明） || 两勺鱼粉 || 鱼粉,56911|67841|136159,可能是原生食材，但频次、命名或类别证据不足
11177,和鸡蛋液,3,禽肉类及其制品,鸡蛋液,,,疑似多食材组合，但无法百分之百确认全部组成
11178,葱花粒,3,蔬菜类及其制品,,适量葱花粒,57338,可能是原生食材，但频次、命名或类别证据不足
11179,干蜜枣,3,坚果种子类,,2颗干蜜枣 || 适量干蜜枣 || 1个干蜜枣,57414|117108|150378,可能是原生食材，但频次、命名或类别证据不足
11180,干小银鱼,3,鱼虾蟹贝类,,5条干小银鱼 || 干小银鱼,57490|195021,可能是原生食材，但频次、命名或类别证据不足
11181,鱼籽福袋,3,鱼虾蟹贝类,,,,可能是原生食材，但频次、命名或类别证据不足
11182,青豆和玉米,3,干豆类及其制品,青豆|玉米,1把青豆和玉米,57643,分隔符明确连接多个独立基础食材；克数无法可靠分摊
11183,细直意面,3,谷类及其制品,,两人份细直意面,57674,可能是原生食材，但频次、命名或类别证据不足
11184,课香菜,3,蔬菜类及其制品,,两小课香菜,57700,可能是原生食材，但频次、命名或类别证据不足
11186,干红薯粉,3,薯类淀粉及其制品,,50克干红薯粉,57723,可能是原生食材，但频次、命名或类别证据不足
11190,黑豆鼓,3,干豆类及其制品,,黑豆鼓,58060,可能是原生食材，但频次、命名或类别证据不足
11191,猪肉绞馅,3,畜肉类及其制品,,250g猪肉绞馅 || 500克猪肉绞馅,58068|197924,可能是原生食材，但频次、命名或类别证据不足
11192,鸡腿肉鸡肉,3,禽肉类及其制品,,1块鸡胸肉+1块鸡腿肉鸡肉,58076,可能是原生食材，但频次、命名或类别证据不足
11193,黑葡萄,3,水果类及其制品,,200克黑葡萄 || 180~200克黑葡萄,58113|71633,可能是原生食材，但频次、命名或类别证据不足
11195,姜薯,3,薯类淀粉及其制品,,3个姜薯 || 3根姜薯 || 5个姜薯,58159|63809|157673,可能是原生食材，但频次、命名或类别证据不足
11196,了香菇,3,菌藻类,,,,可能是原生食材，但频次、命名或类别证据不足
11198,葱姜蒜青椒,3,蔬菜类及其制品,,,,可能是原生食材，但频次、命名或类别证据不足
11203,蛋蛋清,3,蛋类及其制品,,160克约5个蛋蛋清 || 一颗蛋的蛋清 || 6个蛋蛋清,58559|64289|86359,可能是原生食材，但频次、命名或类别证据不足
11205,糯小米,3,谷类及其制品,,25克糯小米 || 1把糯小米,133563|150707,可能是原生食材，但频次、命名或类别证据不足
11211,牛油果肉,3,水果类及其制品,,180克牛油果肉 || 110克牛油果肉,58938|146695,可能是原生食材，但频次、命名或类别证据不足
11216,就多放点猪肉,3,畜肉类及其制品,,,,可能是原生食材，但频次、命名或类别证据不足
11218,表层全蛋液,3,蛋类及其制品,,适量表层全蛋液,67189,可能是原生食材，但频次、命名或类别证据不足
11220,口味放干红辣椒,3,蔬菜类及其制品,,,,可能是原生食材，但频次、命名或类别证据不足
11221,葱断,3,蔬菜类及其制品,,4-6根葱断 || 适量根葱断 || 6根葱断,59309|71265|103887,可能是原生食材，但频次、命名或类别证据不足
11223,上海面,3,谷类及其制品,,,,可能是原生食材，但频次、命名或类别证据不足
11226,蔬菜啥,3,蔬菜类及其制品,,,,可能是原生食材，但频次、命名或类别证据不足
11227,半圣女果,3,水果类及其制品,,,,可能是原生食材，但频次、命名或类别证据不足
11231,花肉末,3,畜肉类及其制品,花肉,375克花肉末 || 250克花肉末,60100|99577,形态描述存在，但原始食材无法确定
11233,不辣辣椒,3,蔬菜类及其制品,,1个不辣的辣椒 || 2个不辣的辣椒,60126|194921,可能是原生食材，但频次、命名或类别证据不足
11240,支红辣椒,3,蔬菜类及其制品,,1支红辣椒 || 2支红辣椒 || 4支（根据自己喜好）红辣椒,60422|61440|155361,可能是原生食材，但频次、命名或类别证据不足
11241,头吞拿鱼,3,鱼虾蟹贝类,,1罐小罐头吞拿鱼 || 适量罐头吞拿鱼,60441|138752,可能是原生食材，但频次、命名或类别证据不足
11244,葱和洋葱,3,蔬菜类及其制品,葱|洋葱,一小碗小葱和洋葱（炸葱油）,60604,分隔符明确连接多个独立基础食材；克数无法可靠分摊
11245,面两人份,3,谷类及其制品,,,,可能是原生食材，但频次、命名或类别证据不足
11246,面糊原料,3,谷类及其制品,,＃面糊原料,175823,可能是原生食材，但频次、命名或类别证据不足
11247,带豆,3,干豆类及其制品,,500克带豆 || 一斤带豆 || 2斤带豆,60700|76889|127478,可能是原生食材，但频次、命名或类别证据不足
11248,肉和菜,3,畜肉类及其制品,肉|菜,,,疑似多食材组合，但无法百分之百确认全部组成
11250,泰国小辣椒,3,蔬菜类及其制品,,2-3根泰国小辣椒 || 2-4个泰国小辣椒（可用墨西哥辣椒，杭椒替代）,60871|175620,可能是原生食材，但频次、命名或类别证据不足
11251,磨坊洋香菜叶,3,蔬菜类及其制品,,少许小磨坊洋香菜叶 || 些许小磨坊洋香菜叶,60936|70606|77186,可能是原生食材，但频次、命名或类别证据不足
11252,黑麦全麦粉,3,谷类及其制品,,100克黑麦全麦粉 || 180克黑麦全麦粉 || 30克黑麦全麦粉,61074|85890|88680,可能是原生食材，但频次、命名或类别证据不足
11253,丁香菇丁,3,菌藻类,丁香菇,,,形态描述存在，但原始食材无法确定
11255,肉筋,3,畜肉类及其制品,,随意肉筋（是肉都行） || 170克肉筋,61140|93153,可能是原生食材，但频次、命名或类别证据不足
11256,丝卷心菜,3,蔬菜类及其制品,,,,可能是原生食材，但频次、命名或类别证据不足
11257,蟹黄蟹肉,3,鱼虾蟹贝类,,200克蟹黄蟹肉 || 50克蟹黄蟹肉,61214|95923,可能是原生食材，但频次、命名或类别证据不足
11258,炸猪排,3,畜肉类及其制品,,一块炸猪排 || #炸猪排（仅供参考） || 2块炸猪排,61237|75665|191138,可能是原生食材，但频次、命名或类别证据不足
11262,公鸡蛋,3,禽肉类及其制品,,9个公鸡蛋,61610,可能是原生食材，但频次、命名或类别证据不足
11265,都行香蕉,3,水果类及其制品,,几个都行香蕉,61761,可能是原生食材，但频次、命名或类别证据不足
11266,湿香菇,3,菌藻类,,湿香菇3朵，蒜头6粒 || 8朵湿香菇 || 八朵湿香菇,61763|68749|85407,可能是原生食材，但频次、命名或类别证据不足
11267,大西葫芦,3,蔬菜类及其制品,,,,可能是原生食材，但频次、命名或类别证据不足
11269,鲜小红辣椒,3,蔬菜类及其制品,,6个左右新鲜的小红辣椒,61877,可能是原生食材，但频次、命名或类别证据不足
11273,野生干蘑菇,3,菌藻类,,300g野生干蘑菇,62046,可能是原生食材，但频次、命名或类别证据不足
11276,迷你小土豆,3,干豆类及其制品,,15个迷你小土豆 || 6个迷你小土豆,62238|185847,可能是原生食材，但频次、命名或类别证据不足
11282,火鸡胸肉,3,禽肉类及其制品,,两片火鸡胸肉,117325,可能是原生食材，但频次、命名或类别证据不足
11283,狗爪豆,3,干豆类及其制品,,狗爪豆 || 适量狗爪豆 || 500克狗爪豆,62447|161898|189366|190907,可能是原生食材，但频次、命名或类别证据不足
11286,公鸡手枪腿,3,禽肉类及其制品,,,,可能是原生食材，但频次、命名或类别证据不足
11289,手挤出汁柠檬,3,水果类及其制品,,,,可能是原生食材，但频次、命名或类别证据不足
11291,鸭血鸭血,3,禽肉类及其制品,,一只鸭的血鸭血,62827,可能是原生食材，但频次、命名或类别证据不足
11293,辣肉,3,畜肉类及其制品,,辣肉,62857,可能是原生食材，但频次、命名或类别证据不足
11295,蔓越莓奶酥,3,水果类及其制品,,蔓越莓奶酥# || 蔓越莓奶酥,62985|150753,可能是原生食材，但频次、命名或类别证据不足
11299,白芝麻猪肝粉,3,畜肉类及其制品,,白芝麻猪肝粉 || 适量白芝麻猪肝粉 || 2克白芝麻猪肝粉,63300|138423|168086,可能是原生食材，但频次、命名或类别证据不足
11300,猪肉鸡肉,3,禽肉类及其制品,,,,可能是原生食材，但频次、命名或类别证据不足
11301,子麦片,3,谷类及其制品,子麦,,,形态描述存在，但原始食材无法确定
11303,红心西柚,3,水果类及其制品,,适量红心西柚 || 1瓣红心西柚,63420|171425,可能是原生食材，但频次、命名或类别证据不足
11304,长段大葱,3,蔬菜类及其制品,,1长段大葱,63438|117857,可能是原生食材，但频次、命名或类别证据不足
11305,土豆青椒,3,干豆类及其制品,,,,可能是原生食材，但频次、命名或类别证据不足
11309,大小量猪肉,3,畜肉类及其制品,,,,可能是原生食材，但频次、命名或类别证据不足
11311,没放蒜,3,蔬菜类及其制品,,,,可能是原生食材，但频次、命名或类别证据不足
11315,香辣牛肉,3,畜肉类及其制品,,#香辣牛肉,73867,可能是原生食材，但频次、命名或类别证据不足
11317,各种豆,3,干豆类及其制品,,各种豆 || 适量各种豆,64141|91113|150482,可能是原生食材，但频次、命名或类别证据不足
11320,活梭子蟹,3,鱼虾蟹贝类,,4只活梭子蟹 || 3只活梭子蟹 || 六只（七两一只）活梭子蟹,64248|91447|186408,可能是原生食材，但频次、命名或类别证据不足
11321,鸭架汤,3,禽肉类及其制品,,小半碗鸭架汤,64320,可能是原生食材，但频次、命名或类别证据不足
11324,圆萝卜萝卜,3,蔬菜类及其制品,,2个圆萝卜萝卜,64545,可能是原生食材，但频次、命名或类别证据不足
11330,油鸡纵菌,3,禽肉类及其制品,,50克油鸡纵菌,64736,可能是原生食材，但频次、命名或类别证据不足
11331,杂粮面,3,谷类及其制品,,适量杂粮面 || 杂粮面,64793|168121,可能是原生食材，但频次、命名或类别证据不足
11333,五花肉主料,3,畜肉类及其制品,,,,可能是原生食材，但频次、命名或类别证据不足
11335,坨大蒜,3,蔬菜类及其制品,,一大坨大蒜 || 两大坨（约十几瓣）大蒜,64942|91091,可能是原生食材，但频次、命名或类别证据不足
11338,牛肝菌粉,3,畜肉类及其制品,,一点点牛肝菌粉,65063,可能是原生食材，但频次、命名或类别证据不足
11340,都乐菠萝,3,水果类及其制品,,适量都乐菠萝 || 1000g都乐菠萝,65225|171553,可能是原生食材，但频次、命名或类别证据不足
11341,坨五花肉,3,畜肉类及其制品,,2小坨五花肉 || 16小坨五花肉,65379|155329,可能是原生食材，但频次、命名或类别证据不足
11343,前腿夹心肉,3,畜肉类及其制品,,,,可能是原生食材，但频次、命名或类别证据不足
11349,面全蛋液,3,蛋类及其制品,,,,可能是原生食材，但频次、命名或类别证据不足
11350,青椒和黄椒,3,蔬菜类及其制品,青椒|黄椒,,,分隔符明确连接多个独立基础食材；克数无法可靠分摊
11353,葱香菇,3,菌藻类,,,,可能是原生食材，但频次、命名或类别证据不足
11355,黄柿子椒,3,蔬菜类及其制品,,半个黄柿子椒,65867,可能是原生食材，但频次、命名或类别证据不足
11356,草鱼尾,3,鱼虾蟹贝类,,一条草鱼尾 || 一个草鱼尾,65921|70098,可能是原生食材，但频次、命名或类别证据不足
11357,野生蓝莓,3,水果类及其制品,,,,可能是原生食材，但频次、命名或类别证据不足
11358,骨排骨,3,畜肉类及其制品,,三四块排骨排骨,65959,可能是原生食材，但频次、命名或类别证据不足
11359,发挥蔬菜,3,蔬菜类及其制品,,,,可能是原生食材，但频次、命名或类别证据不足
11360,干元贝,3,鱼虾蟹贝类,,适量干元贝,66002,可能是原生食材，但频次、命名或类别证据不足
11364,自定鸡胸肉,3,禽肉类及其制品,,自定鸡胸肉,66166,可能是原生食材，但频次、命名或类别证据不足
11369,塊姜,3,蔬菜类及其制品,,一大塊姜 || 1小塊姜 || 1塊姜,66451|69459|114838|153939,可能是原生食材，但频次、命名或类别证据不足
11371,猪脆骨,3,畜肉类及其制品,,300克猪脆骨 || 500克猪脆骨（月牙骨） || 猪脆骨,66542|74391|98055,可能是原生食材，但频次、命名或类别证据不足
11373,菜香菇,3,菌藻类,,,,可能是原生食材，但频次、命名或类别证据不足
11376,多蘑菇,3,菌藻类,,,,可能是原生食材，但频次、命名或类别证据不足
11379,饭紫菜,3,鱼虾蟹贝类,,１张包饭紫菜,67124,可能是原生食材，但频次、命名或类别证据不足
11381,女生拳头大小土豆,3,干豆类及其制品,,2个女生拳头大小的土豆（可选用其它蔬菜）,67236,可能是原生食材，但频次、命名或类别证据不足
11385,糯米糍,3,谷类及其制品,,糯米糍,145020,可能是原生食材，但频次、命名或类别证据不足
11386,前排骨,3,畜肉类及其制品,,一整块前排骨,67616,可能是原生食材，但频次、命名或类别证据不足
11389,整蛋,3,蛋类及其制品,,1个整蛋 || 2个整蛋,67729|178598,可能是原生食材，但频次、命名或类别证据不足
11390,宝宝蔬菜面,3,谷类及其制品,,,,可能是原生食材，但频次、命名或类别证据不足
11392,烹大师鲣鱼粉,3,鱼虾蟹贝类,,,,可能是原生食材，但频次、命名或类别证据不足
11396,海椒,3,蔬菜类及其制品,,少许海椒 || 海椒 || 1个海椒,67925|96035|147846|150960,可能是原生食材，但频次、命名或类别证据不足
11398,一层洋葱,3,蔬菜类及其制品,,一层洋葱,67939|154242,可能是原生食材，但频次、命名或类别证据不足
11399,就好辣椒,3,蔬菜类及其制品,,,,可能是原生食材，但频次、命名或类别证据不足
11402,奥尔良鸡翅料,3,禽肉类及其制品,,适量奥尔良鸡翅料,67973,可能是原生食材，但频次、命名或类别证据不足
11403,羊肉臊子,3,畜肉类及其制品,,,,可能是原生食材，但频次、命名或类别证据不足
11408,一蛋黄,3,蛋类及其制品,,3一4个蛋黄,68301,可能是原生食材，但频次、命名或类别证据不足
11413,鸟蛋,3,蛋类及其制品,,20个鸟蛋 || 1斤鸟蛋 || 适量鸟蛋,68698|97706|106406,可能是原生食材，但频次、命名或类别证据不足
11414,羊颈肉,3,畜肉类及其制品,,1000克左右羊颈肉,68779,可能是原生食材，但频次、命名或类别证据不足
11416,头葱,3,蔬菜类及其制品,,大头葱 || 半个大头葱,68799|100308,可能是原生食材，但频次、命名或类别证据不足
11420,就多放红枣,3,坚果种子类,,,,可能是原生食材，但频次、命名或类别证据不足
11421,抓豆芽,3,干豆类及其制品,,1抓豆芽,68933,可能是原生食材，但频次、命名或类别证据不足
11424,鸡蛋同量水,3,禽肉类及其制品,,4个鸡蛋同量水,69102,可能是原生食材，但频次、命名或类别证据不足
11426,鸡丸,3,禽肉类及其制品,,半袋鸡丸 || 六颗鸡丸,69248|166668,可能是原生食材，但频次、命名或类别证据不足
11429,姜大蒜辣椒,3,蔬菜类及其制品,,姜大蒜辣椒,95003,可能是原生食材，但频次、命名或类别证据不足
11430,青蒜芹菜,3,蔬菜类及其制品,,适量青蒜 芹菜,69312,可能是原生食材，但频次、命名或类别证据不足
11432,意大利宽面,3,谷类及其制品,,2人份意大利宽面 || 500克意大利宽面 || 120g意大利宽面,69338|82662|103983,可能是原生食材，但频次、命名或类别证据不足
11433,什锦坚果,3,坚果种子类,,50克什锦坚果,69358,可能是原生食材，但频次、命名或类别证据不足
11436,米椒段,3,谷类及其制品,米椒,5克小米椒段 || 适量小米椒段,69453|105061,形态描述存在，但原始食材无法确定
11440,青彩椒,3,蔬菜类及其制品,,半个青彩椒 || 1/4个青彩椒 || 15g青彩椒,69758|81283|103209,可能是原生食材，但频次、命名或类别证据不足
11441,基围虾虾仁,3,鱼虾蟹贝类,,10－15只基围虾虾仁,69808,可能是原生食材，但频次、命名或类别证据不足
11442,米糠,3,谷类及其制品,,适量米糠,99234,可能是原生食材，但频次、命名或类别证据不足
11448,章红鱼,3,鱼虾蟹贝类,,,,可能是原生食材，但频次、命名或类别证据不足
11450,水瓜柳,3,蔬菜类及其制品,,水瓜柳 || 几颗（不放也可）水瓜柳 || 12个水瓜柳,70111|73938|131107,可能是原生食材，但频次、命名或类别证据不足
11454,自己量牛肉,3,畜肉类及其制品,,,,可能是原生食材，但频次、命名或类别证据不足
11460,绺香菜,3,蔬菜类及其制品,,1小绺香菜 || 1绺香菜 || 2绺香菜,90923|129587|189070,可能是原生食材，但频次、命名或类别证据不足
11461,鸡肉陷,3,禽肉类及其制品,,,,可能是原生食材，但频次、命名或类别证据不足
11462,面葱,3,谷类及其制品,,,,可能是原生食材，但频次、命名或类别证据不足
11464,莜麦面,3,谷类及其制品,,250g莜麦面 || 莜麦面 || 适量莜麦面,70453|91038|161148,可能是原生食材，但频次、命名或类别证据不足
11467,绿葱,3,蔬菜类及其制品,,一点绿葱 || 2-3根绿葱 || 绿葱,70578|90550|135284,可能是原生食材，但频次、命名或类别证据不足
11469,八分瘦猪肉,3,畜肉类及其制品,,,,可能是原生食材，但频次、命名或类别证据不足
11471,啥蔬菜,3,蔬菜类及其制品,,,,可能是原生食材，但频次、命名或类别证据不足
11472,梅头瘦肉,3,畜肉类及其制品,,半斤梅头瘦肉,70700,可能是原生食材，但频次、命名或类别证据不足
11473,野蘑菇,3,菌藻类,,2块野蘑菇,70796,可能是原生食材，但频次、命名或类别证据不足
11475,了鸡腿,3,禽肉类及其制品,,,,可能是原生食材，但频次、命名或类别证据不足
11476,棵小白菜,3,蔬菜类及其制品,,1小棵小白菜（或小青菜）,71059,可能是原生食材，但频次、命名或类别证据不足
11477,板腱牛排,3,畜肉类及其制品,,,,可能是原生食材，但频次、命名或类别证据不足
11479,金南瓜,3,蔬菜类及其制品,,1/4个金南瓜 || 1个(皮色均匀无瑕)金南瓜 || 半个金南瓜,71207|110295|128594,可能是原生食材，但频次、命名或类别证据不足
11482,鹿茸菇,3,菌藻类,,100g鹿茸菇 || 适量鹿茸菇 || 若干鹿茸菇,71363|72163|89363,可能是原生食材，但频次、命名或类别证据不足
11483,干麦片,3,谷类及其制品,干麦,,,形态描述存在，但原始食材无法确定
11484,即使燕麦片,3,谷类及其制品,即使燕麦,50g即使燕麦片,71406,形态描述存在，但原始食材无法确定
11485,多木薯粉,3,薯类淀粉及其制品,,,,可能是原生食材，但频次、命名或类别证据不足
11486,朱古力豆,3,干豆类及其制品,,适量朱古力豆,71418,可能是原生食材，但频次、命名或类别证据不足
11493,巴旦木切片,3,其他类,巴旦木切,1/3杯(78ml)巴旦木切片,71971,形态描述存在，但原始食材无法确定
11497,土芹菜,3,蔬菜类及其制品,,2根土芹菜 || 1把土芹菜 || 土芹菜,72064|82355|174259,可能是原生食材，但频次、命名或类别证据不足
11503,香蕉切块,3,水果类及其制品,香蕉切,,,形态描述存在，但原始食材无法确定
11504,后臀肉,3,畜肉类及其制品,,500克后臀肉,72249,可能是原生食材，但频次、命名或类别证据不足
11509,时令菜,3,蔬菜类及其制品,,时令菜,72546,可能是原生食材，但频次、命名或类别证据不足
11510,菠菜叶子,3,蔬菜类及其制品,,1把菠菜叶子,104903,可能是原生食材，但频次、命名或类别证据不足
11514,灵芝切片,3,菌藻类,灵芝切,,,形态描述存在，但原始食材无法确定
11518,大红虾,3,鱼虾蟹贝类,,,,可能是原生食材，但频次、命名或类别证据不足
11525,来点葱姜蒜,3,蔬菜类及其制品,,,,可能是原生食材，但频次、命名或类别证据不足
11528,羊小排,3,畜肉类及其制品,,500g羊小排 || 700克羊小排 || 1只羊小排,73426|87179|170546,可能是原生食材，但频次、命名或类别证据不足
11529,姜末葱末,3,蔬菜类及其制品,姜末葱,少许姜末 葱末 || 适量姜末葱末,119879|191743,形态描述存在，但原始食材无法确定
11539,面团表面,3,谷类及其制品,,,,可能是原生食材，但频次、命名或类别证据不足
11543,抓木耳,3,菌藻类,,一小抓木耳 || 1把抓木耳 || 抓一把木耳,74278|128126|159753,可能是原生食材，但频次、命名或类别证据不足
11544,大土豆土豆,3,干豆类及其制品,,,,可能是原生食材，但频次、命名或类别证据不足
11545,红鲜辣椒,3,蔬菜类及其制品,,红鲜辣椒 || 小红鲜辣椒8个,188166|191893,可能是原生食材，但频次、命名或类别证据不足
11549,仔公鸡,3,禽肉类及其制品,,1只仔公鸡 || 仔公鸡 || 只仔公鸡,79416|106823|181368,可能是原生食材，但频次、命名或类别证据不足
11550,老葱头,3,蔬菜类及其制品,,3～4个老葱头 || 1个老葱头,74628|142577,可能是原生食材，但频次、命名或类别证据不足
11552,蔬菜切片,3,蔬菜类及其制品,蔬菜切,,,形态描述存在，但原始食材无法确定
11553,啥青菜,3,蔬菜类及其制品,,,,可能是原生食材，但频次、命名或类别证据不足
11555,紫色包菜,3,蔬菜类及其制品,,4片紫色包菜 || 适量紫色包菜,74781|169253,可能是原生食材，但频次、命名或类别证据不足
11560,意式什锦香草,3,蔬菜类及其制品,,,,可能是原生食材，但频次、命名或类别证据不足
11561,红枣桂圆枸杞,3,坚果种子类,,适量红枣桂圆枸杞,75041|77081|133715,可能是原生食材，但频次、命名或类别证据不足
11562,澳洲牛排,3,畜肉类及其制品,,1块澳洲牛排 || 澳洲牛排,75045|133057,可能是原生食材，但频次、命名或类别证据不足
11565,雪蛤膏,3,鱼虾蟹贝类,,,,可能是原生食材，但频次、命名或类别证据不足
11569,蔬菜什锦,3,蔬菜类及其制品,,150克蔬菜什锦,81801,可能是原生食材，但频次、命名或类别证据不足
11571,白小米,3,谷类及其制品,,40g白小米,75664,可能是原生食材，但频次、命名或类别证据不足
11573,水豆粉,3,干豆类及其制品,,25克水豆粉 || 20克水豆粉 || 15克水豆粉,75921|97171|174242,可能是原生食材，但频次、命名或类别证据不足
11574,蟹腿,3,鱼虾蟹贝类,,1条蟹腿 || 蟹腿 || 400g蟹腿,76177|130816|188282,可能是原生食材，但频次、命名或类别证据不足
11577,红灯笼辣椒,3,蔬菜类及其制品,,红灯笼辣椒,76299,可能是原生食材，但频次、命名或类别证据不足
11580,朝天椒青椒,3,蔬菜类及其制品,,朝天椒15个青椒,76435,可能是原生食材，但频次、命名或类别证据不足
11582,枚土豆,3,干豆类及其制品,,1枚土豆 || 5枚土豆,76518|121821|133928|185211|193567,可能是原生食材，但频次、命名或类别证据不足
11584,干龙眼肉,3,畜肉类及其制品,,50克干龙眼肉,76586,可能是原生食材，但频次、命名或类别证据不足
11586,黄叶菜,3,蔬菜类及其制品,,黄叶菜,76745,可能是原生食材，但频次、命名或类别证据不足
11588,蘑菇类,3,菌藻类,,随意蘑菇类,76786,可能是原生食材，但频次、命名或类别证据不足
11591,梅花猪肉,3,畜肉类及其制品,,梅花猪肉（可替换） || 随意梅花猪肉 || 500克梅花猪肉,76881|77969|170641,可能是原生食材，但频次、命名或类别证据不足
11592,和朝天椒,3,蔬菜类及其制品,朝天椒,,,疑似多食材组合，但无法百分之百确认全部组成
11593,机黄豆,3,干豆类及其制品,,10克有机黄豆 || 适量有机黄豆,77018|95065,可能是原生食材，但频次、命名或类别证据不足
11594,羊肋排,3,畜肉类及其制品,,羊肋排 || 1000克羊肋排 || 4根小羊肋排,77041|78882|114999,可能是原生食材，但频次、命名或类别证据不足
11595,辫子鱼,3,鱼虾蟹贝类,,两条辫子鱼 || 七八条新鲜的辫子鱼,77042|128949,可能是原生食材，但频次、命名或类别证据不足
11597,红生菜,3,蔬菜类及其制品,,红生菜,77101,可能是原生食材，但频次、命名或类别证据不足
11600,三鲜伊面,3,谷类及其制品,,1包三鲜伊面 || 2块三鲜伊面,77227|112540,可能是原生食材，但频次、命名或类别证据不足
11602,姜生姜,3,蔬菜类及其制品,,,,可能是原生食材，但频次、命名或类别证据不足
11606,韩国拉面,3,谷类及其制品,,适量韩国拉面 || 两包韩国拉面 || 一袋韩国拉面,77408|85822|169026,可能是原生食材，但频次、命名或类别证据不足
11610,枣片,3,坚果种子类,枣,3片枣片 || 200g枣片,77518|150430,形态描述存在，但原始食材无法确定
11613,南北杏仁,3,水果类及其制品,,适量南北杏仁 || 10g南北杏仁 || 南北杏仁,77570|79036|100171,可能是原生食材，但频次、命名或类别证据不足
11615,拍蒜,3,蔬菜类及其制品,,40克拍蒜 || 一个拍蒜 || 两瓣拍蒜,77704|99437|158626,可能是原生食材，但频次、命名或类别证据不足
11621,长粒大米,3,谷类及其制品,,适量长粒大米,78062,可能是原生食材，但频次、命名或类别证据不足
11622,瘦肉碎,3,畜肉类及其制品,瘦肉,约100克瘦肉碎 || 500g瘦肉碎 || 适量瘦肉碎,78221|186520|195230,形态描述存在，但原始食材无法确定
11623,葱胡萝卜,3,蔬菜类及其制品,,葱胡萝卜,78384|132338,可能是原生食材，但频次、命名或类别证据不足
11625,韩国辣椒,3,蔬菜类及其制品,,适量韩国辣椒,78492,可能是原生食材，但频次、命名或类别证据不足
11627,南瓜糊,3,蔬菜类及其制品,,1份南瓜糊 || # 南瓜糊 || 1杯南瓜糊,78543|114838|115591,可能是原生食材，但频次、命名或类别证据不足
11628,了草莓,3,水果类及其制品,,大概用了12颗草莓,78604,可能是原生食材，但频次、命名或类别证据不足
11630,番茄沙斯,3,蔬菜类及其制品,,,,可能是原生食材，但频次、命名或类别证据不足
11634,爆裂玉米粒,3,谷类及其制品,,100g爆裂玉米粒,79012,可能是原生食材，但频次、命名或类别证据不足
11635,分蛋器,3,蛋类及其制品,,分蛋器，打蛋器，烤箱,79032,可能是原生食材，但频次、命名或类别证据不足
11636,目鱼花,3,鱼虾蟹贝类,,目鱼花 || 若干目鱼花 || 八个目鱼花,79066|89166|106505,可能是原生食材，但频次、命名或类别证据不足
11639,玉米羹,3,谷类及其制品,,罐头玉米羹 || 100克（约1/2小罐）玉米羹,79255|132030,可能是原生食材，但频次、命名或类别证据不足
11640,香甜玉米粒,3,谷类及其制品,,适量香甜玉米粒,79323,可能是原生食材，但频次、命名或类别证据不足
11641,鲜虾虾仁,3,鱼虾蟹贝类,,鲜虾虾仁,79360,可能是原生食材，但频次、命名或类别证据不足
11643,称红枣,3,坚果种子类,,,,可能是原生食材，但频次、命名或类别证据不足
11644,肉牛臀尖,3,畜肉类及其制品,,,,可能是原生食材，但频次、命名或类别证据不足
11645,大小肉丝,3,畜肉类及其制品,大小肉,,,形态描述存在，但原始食材无法确定
11646,李干,3,水果类及其制品,,2颗李干 || 若干李干,79544|143583,可能是原生食材，但频次、命名或类别证据不足
11648,彩椒青椒,3,蔬菜类及其制品,,,,可能是原生食材，但频次、命名或类别证据不足
11649,什锦果仁,3,坚果种子类,,250克什锦果仁,79794,可能是原生食材，但频次、命名或类别证据不足
11650,黑牛肝菌,3,畜肉类及其制品,,1盒黑牛肝菌 || 120g黑牛肝菌 || 8-10片黑牛肝菌,79850|93032|119743,可能是原生食材，但频次、命名或类别证据不足
11651,汁胡萝卜,3,蔬菜类及其制品,,,,可能是原生食材，但频次、命名或类别证据不足
11652,水发干香菇,3,菌藻类,,适量水发干香菇,79969|125405,可能是原生食材，但频次、命名或类别证据不足
11655,白大米,3,谷类及其制品,,,,可能是原生食材，但频次、命名或类别证据不足
11656,坨老姜,3,蔬菜类及其制品,,一小坨老姜,80176|155175,可能是原生食材，但频次、命名或类别证据不足
11658,红豆饭,3,干豆类及其制品,,红豆饭,80328,可能是原生食材，但频次、命名或类别证据不足
11659,炒虾仁,3,鱼虾蟹贝类,,,,可能是原生食材，但频次、命名或类别证据不足
11666,黑虎掌菌,3,菌藻类,,400克黑虎掌菌,80697,可能是原生食材，但频次、命名或类别证据不足
11669,黄瓜洋葱,3,蔬菜类及其制品,,黄瓜洋葱,80814,可能是原生食材，但频次、命名或类别证据不足
11672,可黑芝麻,3,坚果种子类,,,,可能是原生食材，但频次、命名或类别证据不足
11673,大蘑菇,3,菌藻类,,,,可能是原生食材，但频次、命名或类别证据不足
11677,应季青菜,3,蔬菜类及其制品,,少许应季青菜,81240,可能是原生食材，但频次、命名或类别证据不足
11678,沙田柚,3,水果类及其制品,,1只沙田柚 || 少许（没有西柚暂代替）沙田柚,137444|175637,可能是原生食材，但频次、命名或类别证据不足
11681,香菜蔬菜,3,蔬菜类及其制品,,香菜适量蔬菜 || 香菜若干蔬菜,81476|110856,可能是原生食材，但频次、命名或类别证据不足
11685,和罗勒碎,3,蔬菜类及其制品,罗勒碎,,,疑似多食材组合，但无法百分之百确认全部组成
11688,和茄子,3,蔬菜类及其制品,茄子,,,疑似多食材组合，但无法百分之百确认全部组成
11689,截芹菜,3,蔬菜类及其制品,,一小截芹菜,81883,可能是原生食材，但频次、命名或类别证据不足
11692,冻牛油果,3,水果类及其制品,,,,可能是原生食材，但频次、命名或类别证据不足
11697,枚蒜,3,蔬菜类及其制品,,3小枚蒜 || 2枚蒜,82114|106820,可能是原生食材，但频次、命名或类别证据不足
11698,人挂面,3,谷类及其制品,,个人挂面,82148,可能是原生食材，但频次、命名或类别证据不足
11700,泡好木耳,3,菌藻类,,50g泡好的木耳 || 300克泡好的木耳 || 泡好木耳,82189|103622|113252,可能是原生食材，但频次、命名或类别证据不足
11702,层肉,3,畜肉类及其制品,,2条3层肉 || 数片三层肉,82290|141415,可能是原生食材，但频次、命名或类别证据不足
11704,辣豆瓣,3,干豆类及其制品,辣豆,辣豆瓣 || 2勺辣豆瓣,82533|166562,形态描述存在，但原始食材无法确定
11710,少量紫甘蓝,3,蔬菜类及其制品,,少量紫甘蓝,82876|108042,可能是原生食材，但频次、命名或类别证据不足
11711,米杂粮,3,谷类及其制品,,,,可能是原生食材，但频次、命名或类别证据不足
11712,河虾仁,3,鱼虾蟹贝类,,少许河虾仁 || 30只河虾仁,83026|149930,可能是原生食材，但频次、命名或类别证据不足
11714,烤鱼,3,鱼虾蟹贝类,,#烤鱼,83039,可能是原生食材，但频次、命名或类别证据不足
11717,头甜玉米粒,3,谷类及其制品,,一个罐头甜玉米粒 || 1罐，可不加罐头甜玉米粒,83150|192706,可能是原生食材，但频次、命名或类别证据不足
11719,提拉米苏馅,3,谷类及其制品,,提拉米苏馅,83190,可能是原生食材，但频次、命名或类别证据不足
11720,多姜片,3,蔬菜类及其制品,多姜,多姜片,83274,形态描述存在，但原始食材无法确定
11722,红曲米水,3,谷类及其制品,,#红曲米水,83395,可能是原生食材，但频次、命名或类别证据不足
11724,辣椒蘸料,3,蔬菜类及其制品,,1勺辣椒蘸料,83475,可能是原生食材，但频次、命名或类别证据不足
11727,数量糯米,3,谷类及其制品,,,,可能是原生食材，但频次、命名或类别证据不足
11729,一截莲藕,3,薯类淀粉及其制品,,一截莲藕,84037|183527|195110|199392,可能是原生食材，但频次、命名或类别证据不足
11730,菌菇类蔬菜,3,菌藻类,,,,可能是原生食材，但频次、命名或类别证据不足
11733,蒜蒜苗,3,蔬菜类及其制品,,大蒜蒜苗 || 蒜 蒜苗,84228|170343,可能是原生食材，但频次、命名或类别证据不足
11736,杏仁膏,3,水果类及其制品,,60克杏仁膏 || 76g杏仁膏 || 75g杏仁膏,84357|94047|148822,可能是原生食材，但频次、命名或类别证据不足
11741,发好干香菇,3,菌藻类,,,,可能是原生食材，但频次、命名或类别证据不足
11745,子羽衣甘蓝,3,蔬菜类及其制品,,,,可能是原生食材，但频次、命名或类别证据不足
11746,蛋清分离鸡蛋,3,禽肉类及其制品,,,,可能是原生食材，但频次、命名或类别证据不足
11747,生姜和葱,3,蔬菜类及其制品,姜|葱,生姜和葱,84894,分隔符明确连接多个独立基础食材；克数无法可靠分摊
11748,多绿豆芽,3,干豆类及其制品,,半斤多绿豆芽 || 多绿豆芽,84916|189547,可能是原生食材，但频次、命名或类别证据不足
11750,刀片,3,其他类,刀,刀片,85128,形态描述存在，但原始食材无法确定
11752,辣椒节,3,蔬菜类及其制品,,3克辣椒节 || 5个辣椒节,85194|191964,可能是原生食材，但频次、命名或类别证据不足
11753,鸡蛋鸭蛋,3,禽肉类及其制品,,若干鸡蛋鸭蛋,85245,可能是原生食材，但频次、命名或类别证据不足
11758,猫耳朵面,3,谷类及其制品,,约150g猫耳朵面,85404,可能是原生食材，但频次、命名或类别证据不足
11763,节小葱,3,蔬菜类及其制品,,一小节小葱,85603,可能是原生食材，但频次、命名或类别证据不足
11764,核桃杏仁,3,水果类及其制品,,适量核桃 杏仁,85605,可能是原生食材，但频次、命名或类别证据不足
11768,坨肥猪肉,3,畜肉类及其制品,,一小坨肥猪肉,85930,可能是原生食材，但频次、命名或类别证据不足
11769,粉西红柿,3,蔬菜类及其制品,,半个小一点的粉西红柿 || 3-4个粉西红柿,86038|122533,可能是原生食材，但频次、命名或类别证据不足
11770,鸡蛋卷,3,禽肉类及其制品,,鸡蛋卷 || 1个鸡蛋卷,86042|102036|144793,可能是原生食材，但频次、命名或类别证据不足
11771,朝天红椒,3,蔬菜类及其制品,,200g朝天红椒,86075,可能是原生食材，但频次、命名或类别证据不足
11772,榴莲粉,3,水果类及其制品,,25克榴莲粉,86149,可能是原生食材，但频次、命名或类别证据不足
11774,厚度牛排,3,畜肉类及其制品,,150克，1块，厚度约2CM牛排 || 2块2cm左右厚度的牛排,86308|93182,可能是原生食材，但频次、命名或类别证据不足
11775,料香菜,3,蔬菜类及其制品,,,,可能是原生食材，但频次、命名或类别证据不足
11782,里脊肉丁,3,畜肉类及其制品,里脊肉,适量里脊肉丁 || 100克里脊肉丁 || 10多颗里脊肉丁,86566|101684|127035,形态描述存在，但原始食材无法确定
11783,排骨料,3,畜肉类及其制品,,#排骨用料,86629,可能是原生食材，但频次、命名或类别证据不足
11784,嫩笋,3,蔬菜类及其制品,,100克嫩笋 || 嫩笋 || 半斤嫩笋,86643|109785|135865,可能是原生食材，但频次、命名或类别证据不足
11785,猪臀肉,3,畜肉类及其制品,,,,可能是原生食材，但频次、命名或类别证据不足
11786,盘木耳,3,菌藻类,,,,可能是原生食材，但频次、命名或类别证据不足
11790,欧芹干,3,蔬菜类及其制品,,少许欧芹干 || 适量欧芹干，黑胡椒碎，罗勒碎，迷迭香,87074|135261,可能是原生食材，但频次、命名或类别证据不足
11792,红枣脆片,3,坚果种子类,红枣脆,80克红枣脆片,87172,形态描述存在，但原始食材无法确定
11793,香蕉干,3,水果类及其制品,,80克香蕉干,87172,可能是原生食材，但频次、命名或类别证据不足
11794,葡萄酵种,3,水果类及其制品,,100克葡萄酵种,87206,可能是原生食材，但频次、命名或类别证据不足
11795,松花菜,3,蔬菜类及其制品,,150克松花菜 || 松花菜 || 200g松花菜,87283|132738|161603,可能是原生食材，但频次、命名或类别证据不足
11796,水加鸡蛋,3,禽肉类及其制品,,水加鸡蛋160克 || 250克水加鸡蛋,87371|151793,可能是原生食材，但频次、命名或类别证据不足
11797,可以香菜,3,蔬菜类及其制品,,,,可能是原生食材，但频次、命名或类别证据不足
11799,荔浦芋,3,薯类淀粉及其制品,,半个荔浦芋 || 100克荔浦芋 || 400克荔浦芋,87610|134958|158821,可能是原生食材，但频次、命名或类别证据不足
11803,头胡萝卜,3,蔬菜类及其制品,,,,可能是原生食材，但频次、命名或类别证据不足
11804,儿枸杞,3,坚果种子类,,一撮儿枸杞,87822,可能是原生食材，但频次、命名或类别证据不足
11806,螺蛳粉汤包,3,鱼虾蟹贝类,,半包螺蛳粉汤包,87929,可能是原生食材，但频次、命名或类别证据不足
11807,长白菜,3,蔬菜类及其制品,,长白菜 || 半个长白菜,88069|168375,可能是原生食材，但频次、命名或类别证据不足
11811,全蛋蛋黄,3,蛋类及其制品,,3个+1个全蛋蛋黄,88192,可能是原生食材，但频次、命名或类别证据不足
11814,一节姜,3,蔬菜类及其制品,,,,可能是原生食材，但频次、命名或类别证据不足
11816,人食量挂面,3,谷类及其制品,,,,可能是原生食材，但频次、命名或类别证据不足
11820,猪肉肥瘦相间,3,畜肉类及其制品,,,,可能是原生食材，但频次、命名或类别证据不足
11821,蓝莓层,3,水果类及其制品,,,,可能是原生食材，但频次、命名或类别证据不足
11823,白豌豆,3,干豆类及其制品,,1 00克白豌豆 || 适量白豌豆（或白扁豆、白芸豆都行）,88684|155231,可能是原生食材，但频次、命名或类别证据不足
11826,大里脊肉,3,畜肉类及其制品,,,,可能是原生食材，但频次、命名或类别证据不足
11835,鸡胸肉切丁,3,禽肉类及其制品,鸡胸肉切,适量鸡胸肉切丁 || 400克鸡胸肉切丁,89295|188687,形态描述存在，但原始食材无法确定
11841,味辛拉面,3,谷类及其制品,,,,可能是原生食材，但频次、命名或类别证据不足
11842,麦麸全麦粉,3,谷类及其制品,,,,可能是原生食材，但频次、命名或类别证据不足
11845,黑毛猪五花肉,3,畜肉类及其制品,,600克黑毛猪五花肉,90116,可能是原生食材，但频次、命名或类别证据不足
11852,潮汕肉卷,3,畜肉类及其制品,,250克潮汕肉卷 || 一条潮汕肉卷,90366|125061,可能是原生食材，但频次、命名或类别证据不足
11854,洋葱黄瓜,3,蔬菜类及其制品,,切丝洋葱黄瓜,90489,可能是原生食材，但频次、命名或类别证据不足
11857,速冻薯条,3,薯类淀粉及其制品,,速冻薯条 || 速冻薯条         150克 || 250克速冻薯条,90600|93458|131841|145057,可能是原生食材，但频次、命名或类别证据不足
11861,长椒,3,蔬菜类及其制品,,2只长椒 || 1-2根长椒 || 3根长椒,90816|102599|165062,可能是原生食材，但频次、命名或类别证据不足
11863,碎欧芹,3,蔬菜类及其制品,,2小勺碎欧芹(干欧芹也可),91122,可能是原生食材，但频次、命名或类别证据不足
11864,菜式,3,蔬菜类及其制品,,,,可能是原生食材，但频次、命名或类别证据不足
11867,镜面果膏,3,谷类及其制品,,适量镜面果膏,91232,可能是原生食材，但频次、命名或类别证据不足
11873,鸡蛋全液,3,禽肉类及其制品,,一个鸡蛋全液,91525,可能是原生食材，但频次、命名或类别证据不足
11877,糯米糍粑,3,谷类及其制品,,糯米糍粑 || 8个糯米糍粑,91664|117406,可能是原生食材，但频次、命名或类别证据不足
11880,奥利奥碎,3,其他类,奥利奥,适量奥利奥碎（选做） || 80g奥利奥碎 || 100g奥利奥碎,492|642|1648,形态描述存在，但原始食材无法确定
11886,芒果切块,3,水果类及其制品,芒果切,半个芒果（或冻的）切块 || 1个芒果切块 || 若干芒果切块,91975|118160|193291,形态描述存在，但原始食材无法确定
11888,蒜蓉末,3,蔬菜类及其制品,蒜蓉,蒜蓉末,152886,形态描述存在，但原始食材无法确定
11890,白桃乌龙,3,水果类及其制品,,3g（左右）白桃乌龙,92151,可能是原生食材，但频次、命名或类别证据不足
11894,细麦麸,3,谷类及其制品,,30g细麦麸 || 70克细麦麸(瓦雀公社) || 85克细麦麸(瓦雀公社),92408|106328|116393,可能是原生食材，但频次、命名或类别证据不足
11895,料大米,3,谷类及其制品,,,,可能是原生食材，但频次、命名或类别证据不足
11899,肉眼牛扒,3,畜肉类及其制品,,110克肉眼牛扒 || 150克肉眼牛扒,93217|114197,可能是原生食材，但频次、命名或类别证据不足
11900,无核金丝枣,3,坚果种子类,,50克无核金丝枣,92530,可能是原生食材，但频次、命名或类别证据不足
11902,速冻甜玉米粒,3,谷类及其制品,,1大碗速冻甜玉米粒 || 1大匙速冻甜玉米粒,92678|104113,可能是原生食材，但频次、命名或类别证据不足
11906,大菜,3,蔬菜类及其制品,,8根大菜,92851,可能是原生食材，但频次、命名或类别证据不足
11908,西芹洋葱,3,蔬菜类及其制品,,西芹 洋葱,115350,可能是原生食材，但频次、命名或类别证据不足
11910,蘑菇水,3,菌藻类,,,,可能是原生食材，但频次、命名或类别证据不足
11914,多点白芝麻,3,坚果种子类,,,,可能是原生食材，但频次、命名或类别证据不足
11915,蛋黄分离,3,蛋类及其制品,,,,可能是原生食材，但频次、命名或类别证据不足
11919,生姜大蒜子,3,蔬菜类及其制品,,,,可能是原生食材，但频次、命名或类别证据不足
11923,煎炸粉,3,薯类淀粉及其制品,,适量煎炸粉,94123|186134,可能是原生食材，但频次、命名或类别证据不足
11924,姜芽,3,干豆类及其制品,,克姜芽1斤 || 300克姜芽 || 姜芽,94149|114270|149252,可能是原生食材，但频次、命名或类别证据不足
11925,梅豆角,3,干豆类及其制品,,1斤梅豆角,94170,可能是原生食材，但频次、命名或类别证据不足
11926,青西红柿,3,蔬菜类及其制品,,两个青西红柿 || 2个青西红柿 || 5个青西红柿,94246|106050|140032,可能是原生食材，但频次、命名或类别证据不足
11927,山黑猪五花肉,3,畜肉类及其制品,,,,可能是原生食材，但频次、命名或类别证据不足
11928,原切眼肉牛排,3,畜肉类及其制品,,,,可能是原生食材，但频次、命名或类别证据不足
11931,鸡蛋一起水,3,禽肉类及其制品,,,,可能是原生食材，但频次、命名或类别证据不足
11932,绿节瓜,3,蔬菜类及其制品,,,,可能是原生食材，但频次、命名或类别证据不足
11933,羊油辣子,3,畜肉类及其制品,,1茶匙羊油辣子,96655,可能是原生食材，但频次、命名或类别证据不足
11937,毛钱绿豆芽,3,干豆类及其制品,,,,可能是原生食材，但频次、命名或类别证据不足
11939,糙糯米,3,谷类及其制品,,1/2杯糙糯米,94917,可能是原生食材，但频次、命名或类别证据不足
11941,核桃仁掰碎,3,水果类及其制品,核桃仁掰,2个核桃仁掰碎 || 半小碗核桃仁掰碎,95006|140503,形态描述存在，但原始食材无法确定
11942,汤碗淘米水,3,谷类及其制品,,一大汤碗淘米水 || 两大汤碗淘米水,95031|146415,可能是原生食材，但频次、命名或类别证据不足
11943,长粒糯米,3,谷类及其制品,,500g长粒糯米 || 500克长粒糯米 || 一小碗长粒糯米,95133|116912|179747,可能是原生食材，但频次、命名或类别证据不足
11946,鱿鱼腿,3,鱼虾蟹贝类,,鱿鱼腿,95318,可能是原生食材，但频次、命名或类别证据不足
11947,公鱼,3,鱼虾蟹贝类,,包公鱼一条 || 包公鱼,95384|131856,可能是原生食材，但频次、命名或类别证据不足
11948,桃夹心,3,水果类及其制品,,,,可能是原生食材，但频次、命名或类别证据不足
11950,子黄豆,3,干豆类及其制品,,,,可能是原生食材，但频次、命名或类别证据不足
11952,羊腩肉,3,畜肉类及其制品,,羊腩肉 || 500克羊腩肉,95645|130856|136417|141872,可能是原生食材，但频次、命名或类别证据不足
11953,按口味辣椒,3,蔬菜类及其制品,,按口味随意辣椒,95910,可能是原生食材，但频次、命名或类别证据不足
11954,干香菇香菇,3,菌藻类,,8朵干香菇香菇,95944,可能是原生食材，但频次、命名或类别证据不足
11955,香草蛋白粉,3,蛋类及其制品,,38ml香草蛋白粉,96154,可能是原生食材，但频次、命名或类别证据不足
11958,多汁西红柿,3,蔬菜类及其制品,,,,可能是原生食材，但频次、命名或类别证据不足
11960,肉类丸类,3,畜肉类及其制品,,随意肉类丸类,96359,可能是原生食材，但频次、命名或类别证据不足
11967,栗仁,3,坚果种子类,,若干栗仁,96679,可能是原生食材，但频次、命名或类别证据不足
11970,筒大米,3,谷类及其制品,,1筒大米,96794,可能是原生食材，但频次、命名或类别证据不足
11981,湘莲子,3,坚果种子类,,10颗湘莲子,97819|171976,可能是原生食材，但频次、命名或类别证据不足
11983,豬頸肉,3,畜肉类及其制品,,250g豬頸肉 || 200g豬頸肉,141241|160456,可能是原生食材，但频次、命名或类别证据不足
11985,芝麻渣,3,坚果种子类,,,,可能是原生食材，但频次、命名或类别证据不足
11988,子弹头辣椒,3,蔬菜类及其制品,,20克子弹头辣椒 || 30克子弹头辣椒 || 两大把子弹头辣椒,98276|132972|135536,可能是原生食材，但频次、命名或类别证据不足
11991,三丝,3,其他类,三,20g三丝,98465,形态描述存在，但原始食材无法确定
11992,荷兰芹粉,3,蔬菜类及其制品,,1g荷兰芹粉 || 1/2勺荷兰芹粉,136066|149895,可能是原生食材，但频次、命名或类别证据不足
11994,半肥猪肉,3,畜肉类及其制品,,500g半肥猪肉,98626,可能是原生食材，但频次、命名或类别证据不足
11995,干白莲子,3,坚果种子类,,适量干白莲子,98714,可能是原生食材，但频次、命名或类别证据不足
12001,蜗牛意面,3,畜肉类及其制品,,适量蜗牛意面,99303,可能是原生食材，但频次、命名或类别证据不足
12002,粗粮面,3,谷类及其制品,,,,可能是原生食材，但频次、命名或类别证据不足
12004,据个人口味香菜,3,蔬菜类及其制品,,根据个人口味香菜,99369|160164|186607,可能是原生食材，但频次、命名或类别证据不足
12005,肉餡,3,畜肉类及其制品,,500克肉餡 || 300g肉餡,99426|173021,可能是原生食材，但频次、命名或类别证据不足
12006,槟榔香芋,3,薯类淀粉及其制品,,1个槟榔香芋,99522,可能是原生食材，但频次、命名或类别证据不足
12010,猪夹心肉糜,3,畜肉类及其制品,,250克猪夹心肉糜,99609,可能是原生食材，但频次、命名或类别证据不足
12013,全麦高筋,3,谷类及其制品,,,,可能是原生食材，但频次、命名或类别证据不足
12015,黄木瓜,3,蔬菜类及其制品,,,,可能是原生食材，但频次、命名或类别证据不足
12018,胚芽燕麦米,3,干豆类及其制品,,胚芽燕麦米,99994,可能是原生食材，但频次、命名或类别证据不足
12021,腌三文鱼,3,鱼虾蟹贝类,,适量腌三文鱼,100421,可能是原生食材，但频次、命名或类别证据不足
12024,机绿豆,3,干豆类及其制品,,200克有机绿豆 || 200g有机绿豆,100487|109484,可能是原生食材，但频次、命名或类别证据不足
12025,了枸杞,3,坚果种子类,,15了枸杞,100543,可能是原生食材，但频次、命名或类别证据不足
12027,可生食蛋黄,3,蛋类及其制品,,3只可生食蛋黄,194654,可能是原生食材，但频次、命名或类别证据不足
12029,花菇干,3,菌藻类,,一把小花菇干,100966,可能是原生食材，但频次、命名或类别证据不足
12030,豆粉水,3,干豆类及其制品,,,,可能是原生食材，但频次、命名或类别证据不足
12032,儿香菜,3,蔬菜类及其制品,,切末儿香菜，小葱 || 一小点儿香菜,101174|128881,可能是原生食材，但频次、命名或类别证据不足
12033,蛋壳水量水,3,蛋类及其制品,,,,可能是原生食材，但频次、命名或类别证据不足
12034,球生菜叶,3,蔬菜类及其制品,,若干球生菜叶,101216,可能是原生食材，但频次、命名或类别证据不足
12035,辣椒红辣椒,3,蔬菜类及其制品,,,,可能是原生食材，但频次、命名或类别证据不足
12038,栗子栗子,3,坚果种子类,,,,可能是原生食材，但频次、命名或类别证据不足
12042,长青椒红椒,3,蔬菜类及其制品,,适量长青椒红椒,101591,可能是原生食材，但频次、命名或类别证据不足
12044,牛骨头汤,3,畜肉类及其制品,,适量牛骨头汤,101985,可能是原生食材，但频次、命名或类别证据不足
12045,多点黄豆,3,干豆类及其制品,,,,可能是原生食材，但频次、命名或类别证据不足
12051,青大蒜,3,蔬菜类及其制品,,2根青大蒜 || 一根青大蒜 || 3根青大蒜,102328|115057|157063,可能是原生食材，但频次、命名或类别证据不足
12052,麦草粉,3,谷类及其制品,,5克小麦草粉 || 50g小麦草粉,102345|179486,可能是原生食材，但频次、命名或类别证据不足
12053,任意配菜,3,蔬菜类及其制品,,任意配菜 || 若干任意配菜,102432|128238,可能是原生食材，但频次、命名或类别证据不足
12058,大小沙姜,3,蔬菜类及其制品,,,,可能是原生食材，但频次、命名或类别证据不足
12059,巴西烤肉料,3,畜肉类及其制品,,巴西烤肉料,102875,可能是原生食材，但频次、命名或类别证据不足
12062,秘制辣椒,3,蔬菜类及其制品,,适量秘制辣椒,103189,可能是原生食材，但频次、命名或类别证据不足
12064,上好大米,3,谷类及其制品,,500克上好大米,103365,可能是原生食材，但频次、命名或类别证据不足
12066,樱桃果肉,3,水果类及其制品,,900克樱桃果肉 || 80g樱桃果肉 || 250g（酸味）樱桃果肉,103447|117242|120811,可能是原生食材，但频次、命名或类别证据不足
12067,甜枣,3,坚果种子类,,几颗甜枣,103529,可能是原生食材，但频次、命名或类别证据不足
12070,歐芹,3,蔬菜类及其制品,,若干歐芹,103610,可能是原生食材，但频次、命名或类别证据不足
12072,快姜,3,蔬菜类及其制品,,1快姜 || 2快姜 || 1小快姜,103640|119735|150027,可能是原生食材，但频次、命名或类别证据不足
12077,土鸡蛋蛋黄,3,禽肉类及其制品,,4个土鸡蛋蛋黄 || 10个土鸡蛋蛋黄,141444|154746,可能是原生食材，但频次、命名或类别证据不足
12079,太空椒,3,蔬菜类及其制品,,适量太空椒,104178,可能是原生食材，但频次、命名或类别证据不足
12081,蝦米,3,谷类及其制品,,小蝦米 || 适量蝦米 || 150克蝦米,104416|122884|142951,可能是原生食材，但频次、命名或类别证据不足
12082,豌豆胡萝卜玉米粒,3,干豆类及其制品,,适量豌豆 胡萝卜 玉米粒（美国杂菜）,104429,可能是原生食材，但频次、命名或类别证据不足
12085,南美虾,3,鱼虾蟹贝类,,南美虾,104532|142137|142317,可能是原生食材，但频次、命名或类别证据不足
12086,猪外脊肉,3,畜肉类及其制品,,600克猪外脊肉，或里脊肉 || 250克猪外脊肉,104692|128525,可能是原生食材，但频次、命名或类别证据不足
12087,高丽菜叶,3,蔬菜类及其制品,,4片高丽菜叶,104711,可能是原生食材，但频次、命名或类别证据不足
12092,鸡肉串,3,禽肉类及其制品,,鸡肉串 || 2串（约150克）鸡肉串,105225|190563,可能是原生食材，但频次、命名或类别证据不足
12095,菜们,3,蔬菜类及其制品,,菜们,105297,可能是原生食材，但频次、命名或类别证据不足
12100,豆卜,3,干豆类及其制品,,适量豆卜 || 250g豆卜,105667|161355,可能是原生食材，但频次、命名或类别证据不足
12101,蒜瓣蒜头,3,蔬菜类及其制品,,一大半的蒜瓣蒜头,105785,可能是原生食材，但频次、命名或类别证据不足
12105,种颜色彩椒,3,蔬菜类及其制品,,,,可能是原生食材，但频次、命名或类别证据不足
12107,粘豆包,3,干豆类及其制品,,15个粘豆包 || 一盘12个左右粘豆包,106208|143946,可能是原生食材，但频次、命名或类别证据不足
12110,兔腿肉,3,禽肉类及其制品,,兔腿肉 || 2只兔腿肉,106571|114915,可能是原生食材，但频次、命名或类别证据不足
12112,吊瓜,3,蔬菜类及其制品,,1/2个吊瓜,106690,可能是原生食材，但频次、命名或类别证据不足
12114,黑猪肋排,3,畜肉类及其制品,,2斤黑猪肋排,106838,可能是原生食材，但频次、命名或类别证据不足
12115,面团鸡蛋液,3,禽肉类及其制品,,,,可能是原生食材，但频次、命名或类别证据不足
12116,李锦记天成一味,3,水果类及其制品,,15克李锦记天成一味 || 25克李锦记天成一味,106874|117592,可能是原生食材，但频次、命名或类别证据不足
12119,前腿肉猪肉,3,禽肉类及其制品,,前腿肉猪肉,107088,可能是原生食材，但频次、命名或类别证据不足
12120,葫萝卜,3,蔬菜类及其制品,,半根葫萝卜 || 一根葫萝卜 || 小半根葫萝卜,107110|134879|154213,可能是原生食材，但频次、命名或类别证据不足
12122,大小牛肉,3,畜肉类及其制品,,,,可能是原生食材，但频次、命名或类别证据不足
12125,金燕耳银耳,3,菌藻类,,一小包金燕耳银耳,107680,可能是原生食材，但频次、命名或类别证据不足
12126,米饼,3,谷类及其制品,,米饼,107750,可能是原生食材，但频次、命名或类别证据不足
12129,生藜麦,3,谷类及其制品,,50g左右(看个人)生藜麦 || 1杯生藜麦,108025|128710,可能是原生食材，但频次、命名或类别证据不足
12131,牌麻薯粉,3,薯类淀粉及其制品,,,,可能是原生食材，但频次、命名或类别证据不足
12132,稻花香响水出好米,3,谷类及其制品,,,,可能是原生食材，但频次、命名或类别证据不足
12135,麻薯料,3,薯类淀粉及其制品,,麻薯用料 || 麻薯料,108573|187997,可能是原生食材，但频次、命名或类别证据不足
12140,鲜扇贝柱,3,鱼虾蟹贝类,,300克鲜扇贝柱 || 鲜扇贝柱 || 250克鲜扇贝柱,108713|178030|189515,可能是原生食材，但频次、命名或类别证据不足
12141,对虾仁,3,鱼虾蟹贝类,,,,可能是原生食材，但频次、命名或类别证据不足
12144,儿童菠菜面,3,谷类及其制品,,两捆儿童菠菜面,108952,可能是原生食材，但频次、命名或类别证据不足
12148,鷹嘴豆,3,干豆类及其制品,,1/2杯鷹嘴豆（熟） || 150g鷹嘴豆,109138|148535,可能是原生食材，但频次、命名或类别证据不足
12149,香蕉精,3,水果类及其制品,,香蕉精（随意）,109144,可能是原生食材，但频次、命名或类别证据不足
12150,菠萝叶,3,水果类及其制品,,若干菠萝叶,109325,可能是原生食材，但频次、命名或类别证据不足
12151,油焖大虾,3,鱼虾蟹贝类,,油焖大虾,109365,可能是原生食材，但频次、命名或类别证据不足
12153,半青椒,3,蔬菜类及其制品,,1个半青椒 || 一个半青椒,109424|150319,可能是原生食材，但频次、命名或类别证据不足
12156,鸡蛋量全蛋液,3,禽肉类及其制品,,半颗鸡蛋量全蛋液,109713,可能是原生食材，但频次、命名或类别证据不足
12158,瑶柱面,3,谷类及其制品,,瑶柱面 || 2个（两人份）瑶柱面,109766|197577,可能是原生食材，但频次、命名或类别证据不足
12159,三文鱼鳍,3,鱼虾蟹贝类,,150g三文鱼鳍 || 3块三文鱼鳍,109788|161929,可能是原生食材，但频次、命名或类别证据不足
12161,蜜绿豆,3,干豆类及其制品,,,,可能是原生食材，但频次、命名或类别证据不足
12163,青红柿子椒,3,蔬菜类及其制品,,,,可能是原生食材，但频次、命名或类别证据不足
12167,大蒜籽,3,蔬菜类及其制品,,,,可能是原生食材，但频次、命名或类别证据不足
12168,东北大葱,3,蔬菜类及其制品,,大半根东北大葱 || 1根东北大葱,110324|111581,可能是原生食材，但频次、命名或类别证据不足
12172,苦荞面,3,谷类及其制品,,2勺苦荞面 || 625克苦荞面 || 150克苦荞面,110406|143618|150259,可能是原生食材，但频次、命名或类别证据不足
12173,面浆,3,谷类及其制品,,面浆,110531|146620,可能是原生食材，但频次、命名或类别证据不足
12174,和清水,3,其他类,清水,,,疑似多食材组合，但无法百分之百确认全部组成
12176,天使细面,3,谷类及其制品,,4小撮天使细面 || 2卷天使细面 || 一撮天使细面,110721|111808|119384,可能是原生食材，但频次、命名或类别证据不足
12177,底薏米,3,谷类及其制品,,,,可能是原生食材，但频次、命名或类别证据不足
12178,胡萝卜各,3,蔬菜类及其制品,,,,可能是原生食材，但频次、命名或类别证据不足
12180,都可洋葱,3,蔬菜类及其制品,,,,可能是原生食材，但频次、命名或类别证据不足
12182,菜切小块,3,蔬菜类及其制品,菜切小,,,形态描述存在，但原始食材无法确定
12183,肉末茄子,3,畜肉类及其制品,,肉末茄子,111686,可能是原生食材，但频次、命名或类别证据不足
12184,冻北极甜虾,3,鱼虾蟹贝类,,,,可能是原生食材，但频次、命名或类别证据不足
12185,速冻蓝莓,3,水果类及其制品,,1/2 杯速冻蓝莓,111717,可能是原生食材，但频次、命名或类别证据不足
12189,了大蒜,3,蔬菜类及其制品,,,,可能是原生食材，但频次、命名或类别证据不足
12190,辣味金枪鱼,3,鱼虾蟹贝类,,,,可能是原生食材，但频次、命名或类别证据不足
12192,卤猪蹄,3,畜肉类及其制品,,1只卤猪蹄 || 两只卤猪蹄 || 适量卤猪蹄,112294|129689|192453,可能是原生食材，但频次、命名或类别证据不足
12195,蒜和葱,3,蔬菜类及其制品,蒜|葱,2根大蒜和葱 || 适量蒜和葱,112514|170773,分隔符明确连接多个独立基础食材；克数无法可靠分摊
12196,李锦记醇味鲜,3,水果类及其制品,,半碗李锦记醇味鲜（其他生抽也可以）,112566,可能是原生食材，但频次、命名或类别证据不足
12197,黄花鱼馅,3,鱼虾蟹贝类,,,,可能是原生食材，但频次、命名或类别证据不足
12199,姜辣椒,3,蔬菜类及其制品,,少许姜辣椒,112785,可能是原生食材，但频次、命名或类别证据不足
12202,打结小葱,3,蔬菜类及其制品,,一把打结小葱（炸香油）,113235,可能是原生食材，但频次、命名或类别证据不足
12203,成块,3,其他类,成,,,形态描述存在，但原始食材无法确定
12204,椒切小块,3,蔬菜类及其制品,椒切小,,,形态描述存在，但原始食材无法确定
12205,香葱姜,3,蔬菜类及其制品,,少许香葱姜,192930,可能是原生食材，但频次、命名或类别证据不足
12206,配菜蔬菜,3,蔬菜类及其制品,,,,可能是原生食材，但频次、命名或类别证据不足
12207,带骨猪大排,3,畜肉类及其制品,,3片带骨猪大排 || 5块带骨猪大排,113355|120624,可能是原生食材，但频次、命名或类别证据不足
12213,羊肉糜,3,畜肉类及其制品,,250克羊肉糜,113869,可能是原生食材，但频次、命名或类别证据不足
12215,鱼佐料,3,鱼虾蟹贝类,,鱼佐料（最好买那种三包装的那种）,113929,可能是原生食材，但频次、命名或类别证据不足
12217,鱼仔干,3,鱼虾蟹贝类,,适量鱼仔干,114138,可能是原生食材，但频次、命名或类别证据不足
12221,牛粒,3,畜肉类及其制品,,,,可能是原生食材，但频次、命名或类别证据不足
12227,茎芹菜,3,蔬菜类及其制品,,2个茎芹菜,114647,可能是原生食材，但频次、命名或类别证据不足
12229,了鸡爪,3,禽肉类及其制品,,,,可能是原生食材，但频次、命名或类别证据不足
12230,每日活菌,3,菌藻类,,每日活菌，山楂片，葡萄干，水果,115123,可能是原生食材，但频次、命名或类别证据不足
12231,脆藕,3,薯类淀粉及其制品,,脆藕 || 300克脆藕,115143|199723,可能是原生食材，但频次、命名或类别证据不足
12236,土猪瘦肉,3,畜肉类及其制品,,150克土猪瘦肉,115411,可能是原生食材，但频次、命名或类别证据不足
12239,史云生鸡汤,3,禽肉类及其制品,,1小盒史云生鸡汤 || 一盒（大盒装）史云生鸡汤,115503|178686,可能是原生食材，但频次、命名或类别证据不足
12240,鲍勃全麦粉,3,鱼虾蟹贝类,,100克鲍勃全麦粉 || 40克鲍勃全麦粉,115526|141581,可能是原生食材，但频次、命名或类别证据不足
12241,剪碎辣椒,3,蔬菜类及其制品,,1-2只 剪碎辣椒 || 几个剪碎辣椒,115586|195832,可能是原生食材，但频次、命名或类别证据不足
12245,黑猪五花肉,3,畜肉类及其制品,,100克黑猪五花肉 || 1大块黑猪五花肉 || 350克黑猪五花肉,115886|138954|139734,可能是原生食材，但频次、命名或类别证据不足
12247,玄米,3,谷类及其制品,,3g玄米 || 140g（宜选用日本米）玄米 || 70g玄米,115937|121935|150638,可能是原生食材，但频次、命名或类别证据不足
12250,葱辣椒,3,蔬菜类及其制品,,葱辣椒,116139,可能是原生食材，但频次、命名或类别证据不足
12255,蛋清液,3,蛋类及其制品,,蛋清液,116429,可能是原生食材，但频次、命名或类别证据不足
12257,蛋黄分离器,3,蛋类及其制品,,1个蛋黄分离器,116467,可能是原生食材，但频次、命名或类别证据不足
12265,菠萝饭,3,水果类及其制品,,,,可能是原生食材，但频次、命名或类别证据不足
12267,木鱼精粉,3,鱼虾蟹贝类,,3g木鱼精粉 || 4.5g木鱼精粉（没有也可以）,117298|163271,可能是原生食材，但频次、命名或类别证据不足
12271,青李子,3,水果类及其制品,,260g青李子 || 半斤青李子,117452|134825,可能是原生食材，但频次、命名或类别证据不足
12273,鸡蛋两枚,3,禽肉类及其制品,,鸡蛋两枚,117547,可能是原生食材，但频次、命名或类别证据不足
12274,生姜枸杞,3,坚果种子类,,,,可能是原生食材，但频次、命名或类别证据不足
12275,辣椒朝天椒,3,蔬菜类及其制品,,,,可能是原生食材，但频次、命名或类别证据不足
12283,鱼丝,3,鱼虾蟹贝类,鱼,鱼丝,118287|161468,形态描述存在，但原始食材无法确定
12286,就行牛肉,3,畜肉类及其制品,,,,可能是原生食材，但频次、命名或类别证据不足
12287,虾条,3,鱼虾蟹贝类,,30克虾条,118416,可能是原生食材，但频次、命名或类别证据不足
12295,末香菜末,3,蔬菜类及其制品,末香菜,,,形态描述存在，但原始食材无法确定
12296,蒜拍碎蒜蓉,3,蔬菜类及其制品,,整颗蒜拍碎蒜蓉,118899,可能是原生食材，但频次、命名或类别证据不足
12297,萝卜萝卜,3,蔬菜类及其制品,,2只大萝卜萝卜,118902,可能是原生食材，但频次、命名或类别证据不足
12307,香菜芹菜,3,蔬菜类及其制品,,香菜 芹菜,119856,可能是原生食材，但频次、命名或类别证据不足
12308,手抓大米,3,谷类及其制品,,手抓一把大米,120082,可能是原生食材，但频次、命名或类别证据不足
12313,辣椒子,3,蔬菜类及其制品,,2勺辣椒子,120274,可能是原生食材，但频次、命名或类别证据不足
12315,干香葱碎,3,蔬菜类及其制品,干香葱,适量干香葱碎,120332|166996,形态描述存在，但原始食材无法确定
12317,丝杏鲍菇,3,鱼虾蟹贝类,,,,可能是原生食材，但频次、命名或类别证据不足
12318,肉水,3,畜肉类及其制品,,,,可能是原生食材，但频次、命名或类别证据不足
12319,橄榄油浸小番茄,3,蔬菜类及其制品,,适量橄榄油浸小番茄,120684,可能是原生食材，但频次、命名或类别证据不足
12321,即溶燕麦片,3,谷类及其制品,即溶燕麦,50g即溶燕麦片（我用的西麦燕麦）,120827,形态描述存在，但原始食材无法确定
12324,鸡蛋液鸡蛋,3,禽肉类及其制品,,,,可能是原生食材，但频次、命名或类别证据不足
12327,白腰豆,3,干豆类及其制品,,50g白腰豆,121089,可能是原生食材，但频次、命名或类别证据不足
12330,青毛豆,3,干豆类及其制品,,250克青毛豆 || 500克青毛豆（去壳）,121183|160774,可能是原生食材，但频次、命名或类别证据不足
12331,种时令蔬菜,3,蔬菜类及其制品,,,,可能是原生食材，但频次、命名或类别证据不足
12332,咸水鸭,3,禽肉类及其制品,,半只咸水鸭,121454,可能是原生食材，但频次、命名或类别证据不足
12339,香菜芝麻,3,坚果种子类,,少许香菜芝麻,121954,可能是原生食材，但频次、命名或类别证据不足
12341,葱姜蒜切片,3,蔬菜类及其制品,葱姜蒜切,些许葱姜蒜切片 || 葱姜蒜切片,122075|142171,形态描述存在，但原始食材无法确定
12342,蘑菇精华,3,菌藻类,,蘑菇精华,122111,可能是原生食材，但频次、命名或类别证据不足
12343,牛尾巴,3,畜肉类及其制品,,牛尾巴,122147,可能是原生食材，但频次、命名或类别证据不足
12344,多油麦菜,3,谷类及其制品,,半斤多油麦菜,172325,可能是原生食材，但频次、命名或类别证据不足
12349,韩国烤紫菜,3,鱼虾蟹贝类,,,,可能是原生食材，但频次、命名或类别证据不足
12350,黄瓜蔬菜,3,蔬菜类及其制品,,黄瓜1条蔬菜 || 黄瓜半根蔬菜,122416|147239,可能是原生食材，但频次、命名或类别证据不足
12351,炖鱼料,3,鱼虾蟹贝类,,一小包炖鱼料,122433,可能是原生食材，但频次、命名或类别证据不足
12353,三月瓜,3,蔬菜类及其制品,,半个三月瓜,122583,可能是原生食材，但频次、命名或类别证据不足
12355,酌量香菜,3,蔬菜类及其制品,,酌量香菜,122625|194257,可能是原生食材，但频次、命名或类别证据不足
12358,空心挂面,3,谷类及其制品,,一把空心挂面,122788,可能是原生食材，但频次、命名或类别证据不足
12360,南瓜食材,3,蔬菜类及其制品,,,,可能是原生食材，但频次、命名或类别证据不足
12364,鸡汤膏,3,禽肉类及其制品,,1勺鸡汤膏,196505,可能是原生食材，但频次、命名或类别证据不足
12365,毛毛菜,3,蔬菜类及其制品,,5颗毛毛菜 || 毛毛菜 || 1根毛毛菜,123052|125318|179731,可能是原生食材，但频次、命名或类别证据不足
12367,酸白萝卜,3,蔬菜类及其制品,,一小个酸白萝卜,123082,可能是原生食材，但频次、命名或类别证据不足
12369,厚牛排,3,畜肉类及其制品,,2.5公分厚一块牛排,123111,可能是原生食材，但频次、命名或类别证据不足
12374,菜蔬,3,蔬菜类及其制品,,200g菜蔬,123342,可能是原生食材，但频次、命名或类别证据不足
12376,老面配方,3,谷类及其制品,,,,可能是原生食材，但频次、命名或类别证据不足
12377,红葱头酥,3,蔬菜类及其制品,,50克红葱头酥,123571,可能是原生食材，但频次、命名或类别证据不足
12380,葱葱结,3,蔬菜类及其制品,,5-6根小葱葱结,186522,可能是原生食材，但频次、命名或类别证据不足
12381,蛋黄中,3,蛋类及其制品,,,,可能是原生食材，但频次、命名或类别证据不足
12382,葱白小葱,3,蔬菜类及其制品,,葱白4根小葱,124300,可能是原生食材，但频次、命名或类别证据不足
12386,没黑芝麻,3,坚果种子类,,适量，没有可不加黑芝麻,124669,可能是原生食材，但频次、命名或类别证据不足
12387,东北珍珠米,3,谷类及其制品,,适量东北珍珠米（隔夜） || 1杯东北珍珠米,124686|143639,可能是原生食材，但频次、命名或类别证据不足
12389,定豆角,3,干豆类及其制品,,,,可能是原生食材，但频次、命名或类别证据不足
12395,了山药,3,薯类淀粉及其制品,,,,可能是原生食材，但频次、命名或类别证据不足
12396,散养土鸡,3,禽肉类及其制品,,半只散养土鸡 || 1000克散养土鸡,125205|188132,可能是原生食材，但频次、命名或类别证据不足
12397,香菜和香葱,3,蔬菜类及其制品,香菜|葱,少许香菜和香葱,125221,分隔符明确连接多个独立基础食材；克数无法可靠分摊
12399,初生蛋,3,蛋类及其制品,,4个初生蛋 || 5个（普通鸡蛋4个）初生蛋,125466|189346,可能是原生食材，但频次、命名或类别证据不足
12404,猪蹄子,3,畜肉类及其制品,,1只（前腿）大猪蹄子,125707,可能是原生食材，但频次、命名或类别证据不足
12405,盘白芝麻,3,坚果种子类,,,,可能是原生食材，但频次、命名或类别证据不足
12409,水煮鱼调味包,3,鱼虾蟹贝类,,,,可能是原生食材，但频次、命名或类别证据不足
12411,黑糊椒粉,3,蔬菜类及其制品,,黑糊椒粉,126143,可能是原生食材，但频次、命名或类别证据不足
12412,指天椒辣椒,3,蔬菜类及其制品,,指天椒5个辣椒,126292,可能是原生食材，但频次、命名或类别证据不足
12413,头萝卜,3,蔬菜类及其制品,,一个大头萝卜,126346,可能是原生食材，但频次、命名或类别证据不足
12414,一样生姜,3,蔬菜类及其制品,,,,可能是原生食材，但频次、命名或类别证据不足
12419,需求鸡蛋,3,禽肉类及其制品,,,,可能是原生食材，但频次、命名或类别证据不足
12421,马哈鱼块,3,鱼虾蟹贝类,马哈鱼,适量大马哈鱼块,126754,形态描述存在，但原始食材无法确定
12427,黏玉米面,3,谷类及其制品,,500克黏玉米面,126977,可能是原生食材，但频次、命名或类别证据不足
12431,板筋肉,3,畜肉类及其制品,,200克板筋肉,127357,可能是原生食材，但频次、命名或类别证据不足
12435,酒鬼花生米,3,谷类及其制品,,,,可能是原生食材，但频次、命名或类别证据不足
12436,一段姜,3,蔬菜类及其制品,,一段姜 || 2cm的一段姜,128038|139580|144594|145175|177111,可能是原生食材，但频次、命名或类别证据不足
12437,厚片五花肉,3,畜肉类及其制品,,,,可能是原生食材，但频次、命名或类别证据不足
12438,竹芋,3,薯类淀粉及其制品,,3-4条竹芋,128147,可能是原生食材，但频次、命名或类别证据不足
12442,猪精排,3,畜肉类及其制品,,500g猪精排 || 500克猪精排,150212|183034,可能是原生食材，但频次、命名或类别证据不足
12443,菇各种菇,3,菌藻类,,,,可能是原生食材，但频次、命名或类别证据不足
12445,生吃蔬菜,3,蔬菜类及其制品,,,,可能是原生食材，但频次、命名或类别证据不足
12446,豆花蘸水,3,干豆类及其制品,,豆花蘸水,128674,可能是原生食材，但频次、命名或类别证据不足
12448,黄金豆,3,干豆类及其制品,,适量黄金豆 || 些许黄金豆,128843|179592,可能是原生食材，但频次、命名或类别证据不足
12449,嫩芦笋,3,蔬菜类及其制品,,嫩芦笋 || 300g嫩芦笋,128959|130780,可能是原生食材，但频次、命名或类别证据不足
12453,薄五花肉片,3,畜肉类及其制品,薄五花肉,,,形态描述存在，但原始食材无法确定
12456,小红葱头,3,蔬菜类及其制品,,1/4杯小红葱头,129286,可能是原生食材，但频次、命名或类别证据不足
12468,蛋黄鸡蛋黄,3,禽肉类及其制品,,,,可能是原生食材，但频次、命名或类别证据不足
12469,煎带鱼,3,鱼虾蟹贝类,,煎带鱼,129647,可能是原生食材，但频次、命名或类别证据不足
12470,红番薯,3,薯类淀粉及其制品,,3个红番薯,129785,可能是原生食材，但频次、命名或类别证据不足
12473,香草豆荚粉,3,干豆类及其制品,,2～3小撮香草豆荚粉（我没有这个东西，就用的香草精几滴）,130070,可能是原生食材，但频次、命名或类别证据不足
12479,辣面,3,谷类及其制品,,1勺辣面 || 适量辣面 || 辣面,130323|153661|165403,可能是原生食材，但频次、命名或类别证据不足
12480,和蒜末,3,蔬菜类及其制品,蒜末,,,疑似多食材组合，但无法百分之百确认全部组成
12482,混合生菜,3,蔬菜类及其制品,,60g混合生菜 || 50ml混合生菜 || 混合生菜,130603|154645|155201,可能是原生食材，但频次、命名或类别证据不足
12487,干脆面,3,谷类及其制品,,20克干脆面,130886,可能是原生食材，但频次、命名或类别证据不足
12490,辣椒切段,3,蔬菜类及其制品,辣椒切,3个辣椒切段 || 40克辣椒切段,131028|132198,形态描述存在，但原始食材无法确定
12492,香草戚风,3,蔬菜类及其制品,,香草戚风,131122,可能是原生食材，但频次、命名或类别证据不足
12493,藜麦粉,3,谷类及其制品,,105克藜麦粉,131283,可能是原生食材，但频次、命名或类别证据不足
12494,头菜碎,3,蔬菜类及其制品,头菜,1勺（选用）大头菜碎,131424,形态描述存在，但原始食材无法确定
12495,木瓜干,3,蔬菜类及其制品,,适量木瓜干 || 8片木瓜干,131447|134675,可能是原生食材，但频次、命名或类别证据不足
12497,红椒各,3,蔬菜类及其制品,,1个红椒各,131528,可能是原生食材，但频次、命名或类别证据不足
12499,海鲜饭,3,鱼虾蟹贝类,,#海鲜饭,131594,可能是原生食材，但频次、命名或类别证据不足
12500,芝麻水,3,坚果种子类,,,,可能是原生食材，但频次、命名或类别证据不足
12501,鲜肉糜,3,畜肉类及其制品,,两斤鲜肉糜 || 半斤左右鲜肉糜,131764|193616,可能是原生食材，但频次、命名或类别证据不足
12502,姜末蒜片,3,蔬菜类及其制品,姜末蒜,适量姜末蒜片,132060,形态描述存在，但原始食材无法确定
12503,玉米面玉米面,3,谷类及其制品,,,,可能是原生食材，但频次、命名或类别证据不足
12508,长生姜,3,蔬菜类及其制品,,1块3cm长的生姜 || 5cm长生姜,132286|176055,可能是原生食材，但频次、命名或类别证据不足
12510,自己口味小米辣,3,谷类及其制品,,,,可能是原生食材，但频次、命名或类别证据不足
12511,皮大蒜瓣,3,其他,皮大蒜,,,形态描述存在，但原始食材无法确定
12515,人牛肉,3,畜肉类及其制品,,100克/人牛肉（上脊）,133072,可能是原生食材，但频次、命名或类别证据不足
12516,发酵老面,3,谷类及其制品,,,,可能是原生食材，但频次、命名或类别证据不足
12524,长黄瓜,3,蔬菜类及其制品,,3根长黄瓜,133809,可能是原生食材，但频次、命名或类别证据不足
12526,芒果流心,3,水果类及其制品,,,,可能是原生食材，但频次、命名或类别证据不足
12528,紫菜卷,3,鱼虾蟹贝类,,紫菜卷,134024,可能是原生食材，但频次、命名或类别证据不足
12530,萝卜大根,3,蔬菜类及其制品,,三根萝卜大根,134479,可能是原生食材，但频次、命名或类别证据不足
12531,辣椒水,3,蔬菜类及其制品,,辣椒水 || 半碗辣椒水,134669|148478,可能是原生食材，但频次、命名或类别证据不足
12533,什锦豆,3,干豆类及其制品,,,,可能是原生食材，但频次、命名或类别证据不足
12534,纯红薯粉,3,薯类淀粉及其制品,,500克纯红薯粉,134898,可能是原生食材，但频次、命名或类别证据不足
12540,笔管面,3,谷类及其制品,,120g笔管面,135506,可能是原生食材，但频次、命名或类别证据不足
12548,和香葱,3,蔬菜类及其制品,葱,,,疑似多食材组合，但无法百分之百确认全部组成
12549,干挂面,3,谷类及其制品,,,,可能是原生食材，但频次、命名或类别证据不足
12551,鸡水,3,禽肉类及其制品,,,,可能是原生食材，但频次、命名或类别证据不足
12554,水土豆,3,干豆类及其制品,,,,可能是原生食材，但频次、命名或类别证据不足
12558,波纹面,3,谷类及其制品,,一块波纹面,136557,可能是原生食材，但频次、命名或类别证据不足
12563,青椒配菜,3,蔬菜类及其制品,,,,可能是原生食材，但频次、命名或类别证据不足
12565,黑点香蕉,3,水果类及其制品,,,,可能是原生食材，但频次、命名或类别证据不足
12566,普通山药,3,薯类淀粉及其制品,,1根普通山药,137447,可能是原生食材，但频次、命名或类别证据不足
12567,各朝天椒,3,蔬菜类及其制品,,各一只朝天椒，湖南辣椒,137464,可能是原生食材，但频次、命名或类别证据不足
12568,绿朝天椒,3,蔬菜类及其制品,,5个绿朝天椒 || 2个绿朝天椒,137546|140712,可能是原生食材，但频次、命名或类别证据不足
12569,韭菜盒子,3,蔬菜类及其制品,,韭菜盒子,137676,可能是原生食材，但频次、命名或类别证据不足
12570,纯瘦猪肉,3,畜肉类及其制品,,500g纯瘦猪肉（最好是里脊） || 250克纯瘦猪肉,137708|159609,可能是原生食材，但频次、命名或类别证据不足
12572,葱花芝麻,3,坚果种子类,,少许葱花芝麻,137947,可能是原生食材，但频次、命名或类别证据不足
12574,腊汁肉,3,畜肉类及其制品,,腊汁肉 || #腊汁肉,138262|185186,可能是原生食材，但频次、命名或类别证据不足
12575,各种香草,3,蔬菜类及其制品,,各种香草（可选择添加）,138290,可能是原生食材，但频次、命名或类别证据不足
12578,双椒,3,蔬菜类及其制品,,多根双椒,138490,可能是原生食材，但频次、命名或类别证据不足
12580,甜葡萄,3,水果类及其制品,,一小把甜葡萄,138527,可能是原生食材，但频次、命名或类别证据不足
12584,彩色蝴蝶面,3,谷类及其制品,,20-25g彩色蝴蝶面,138587,可能是原生食材，但频次、命名或类别证据不足
12591,宝贝,3,鱼虾蟹贝类,,宝贝,139234,可能是原生食材，但频次、命名或类别证据不足
12599,新西兰南瓜,3,蔬菜类及其制品,,,,可能是原生食材，但频次、命名或类别证据不足
12600,表层蛋液,3,蛋类及其制品,,适量表层蛋液,139577,可能是原生食材，但频次、命名或类别证据不足
12601,项鸡,3,禽肉类及其制品,,一只项鸡,139640,可能是原生食材，但频次、命名或类别证据不足
12603,猪柳,3,畜肉类及其制品,,猪柳,139649,可能是原生食材，但频次、命名或类别证据不足
12604,野生羊肚菌,3,畜肉类及其制品,,15克野生羊肚菌,139961,可能是原生食材，但频次、命名或类别证据不足
12606,低蛋白大米,3,蛋类及其制品,,5千克低蛋白大米,140185,可能是原生食材，但频次、命名或类别证据不足
12609,猪骨浓汤,3,畜肉类及其制品,,半碗猪骨浓汤,140544,可能是原生食材，但频次、命名或类别证据不足
12612,铁棍山药山药,3,薯类淀粉及其制品,,1根铁棍山药山药,140849,可能是原生食材，但频次、命名或类别证据不足
12614,可多可少虾仁,3,鱼虾蟹贝类,,可多可少虾仁,140884,可能是原生食材，但频次、命名或类别证据不足
12615,那种面,3,谷类及其制品,,,,可能是原生食材，但频次、命名或类别证据不足
12616,紫薯圆,3,薯类淀粉及其制品,,若干个自制紫薯圆,141224,可能是原生食材，但频次、命名或类别证据不足
12617,黑麦鲁邦种,3,谷类及其制品,,80克（20%）黑麦鲁邦种,141235,可能是原生食材，但频次、命名或类别证据不足
12618,丁青椒丁,3,蔬菜类及其制品,丁青椒,,,形态描述存在，但原始食材无法确定
12619,白菜叶白菜,3,蔬菜类及其制品,,三片大白菜叶白菜,141362,可能是原生食材，但频次、命名或类别证据不足
12624,椰子粉椰子粉,3,水果类及其制品,,,,可能是原生食材，但频次、命名或类别证据不足
12628,葱姜各,3,蔬菜类及其制品,,葱姜各10g,142146,可能是原生食材，但频次、命名或类别证据不足
12630,多辣椒,3,蔬菜类及其制品,,3斤多辣椒,142322,可能是原生食材，但频次、命名或类别证据不足
12632,西兰花蔬菜,3,蔬菜类及其制品,,,,可能是原生食材，但频次、命名或类别证据不足
12637,蚝肉,3,畜肉类及其制品,,250克蚝肉,142732,可能是原生食材，但频次、命名或类别证据不足
12643,黃豆醬,3,干豆类及其制品,,15克黃豆醬（有豆瓣要摁爛） || 1勺黃豆醬,142951|143696,可能是原生食材，但频次、命名或类别证据不足
12646,骨汤拉面,3,谷类及其制品,,,,可能是原生食材，但频次、命名或类别证据不足
12647,人鸡腿,3,禽肉类及其制品,,,,可能是原生食材，但频次、命名或类别证据不足
12652,五花三层,3,畜肉类及其制品,,五花三层，15见方五花肉,144070,可能是原生食材，但频次、命名或类别证据不足
12653,其他菜类,3,蔬菜类及其制品,,适量其他菜类,144085,可能是原生食材，但频次、命名或类别证据不足
12654,钱猪肉,3,畜肉类及其制品,,约6块钱猪肉,144093,可能是原生食材，但频次、命名或类别证据不足
12659,粉番茄,3,蔬菜类及其制品,,1个粉番茄,166754,可能是原生食材，但频次、命名或类别证据不足
12663,斜切片,3,其他类,斜切,,,形态描述存在，但原始食材无法确定
12668,大猪肉末,3,畜肉类及其制品,大猪肉,,,形态描述存在，但原始食材无法确定
12669,烧鸡公料,3,禽肉类及其制品,,60g烧鸡公料（不能吃辣可换郫县豆瓣）,145693,可能是原生食材，但频次、命名或类别证据不足
12671,帮白菜,3,蔬菜类及其制品,,,,可能是原生食材，但频次、命名或类别证据不足
12674,头冬笋,3,蔬菜类及其制品,,20克罐头冬笋,146093,可能是原生食材，但频次、命名或类别证据不足
12675,东北干蘑菇,3,菌藻类,,1大碗东北干蘑菇,146241,可能是原生食材，但频次、命名或类别证据不足
12677,土猪五花肉,3,畜肉类及其制品,,500g土猪五花肉 || 250克土猪五花肉,146300|166228,可能是原生食材，但频次、命名或类别证据不足
12679,油粘米,3,谷类及其制品,,适量油粘米,146375,可能是原生食材，但频次、命名或类别证据不足
12681,香芋头,3,薯类淀粉及其制品,,小香芋头,146457,可能是原生食材，但频次、命名或类别证据不足
12682,带肉排骨,3,畜肉类及其制品,,一根带肉排骨,146507,可能是原生食材，但频次、命名或类别证据不足
12683,笋条,3,蔬菜类及其制品,,8根笋条,146530,可能是原生食材，但频次、命名或类别证据不足
12684,绿菜叶,3,蔬菜类及其制品,,适量绿菜叶（切碎）,146550,可能是原生食材，但频次、命名或类别证据不足
12685,猪肉绞碎,3,畜肉类及其制品,猪肉绞,500g猪肉绞碎,146575,形态描述存在，但原始食材无法确定
12686,香菜末葱末,3,蔬菜类及其制品,香菜末葱,,,形态描述存在，但原始食材无法确定
12687,云南酸腌菜,3,蔬菜类及其制品,,适量云南酸腌菜,146640,可能是原生食材，但频次、命名或类别证据不足
12690,大蒜蒜,3,蔬菜类及其制品,,,,可能是原生食材，但频次、命名或类别证据不足
12696,包菜包菜,3,蔬菜类及其制品,,半个大包菜（我喜欢汤里菜多多的）包菜,116738,可能是原生食材，但频次、命名或类别证据不足
12701,黑猪肉糜,3,畜肉类及其制品,,适量(普通猪肉也一样)黑猪肉糜 || 250克黑猪肉糜,147456|163065,可能是原生食材，但频次、命名或类别证据不足
12702,韭菜鸡蛋,3,禽肉类及其制品,,韭菜鸡蛋,147512,可能是原生食材，但频次、命名或类别证据不足
12703,豆漿,3,干豆类及其制品,,30克豆漿,147540,可能是原生食材，但频次、命名或类别证据不足
12705,雞胸肉,3,禽肉类及其制品,,450g雞胸肉,147690,可能是原生食材，但频次、命名或类别证据不足
12706,全麦酵头,3,谷类及其制品,,,,可能是原生食材，但频次、命名或类别证据不足
12712,姜两片,3,蔬菜类及其制品,姜两,,,形态描述存在，但原始食材无法确定
12716,带肥牛肉,3,畜肉类及其制品,,,,可能是原生食材，但频次、命名或类别证据不足
12718,金针菇木耳,3,菌藻类,,金针菇木耳,149186,可能是原生食材，但频次、命名或类别证据不足
12720,野生三文鱼,3,鱼虾蟹贝类,,一块野生三文鱼,149315,可能是原生食材，但频次、命名或类别证据不足
12721,红肉椒,3,畜肉类及其制品,,半颗红肉椒 || 半只红肉椒 || 1个红肉椒,149315|153507|159088,可能是原生食材，但频次、命名或类别证据不足
12722,山药馅,3,薯类淀粉及其制品,,适量山药馅,149473,可能是原生食材，但频次、命名或类别证据不足
12726,小木瓜,3,蔬菜类及其制品,,,,可能是原生食材，但频次、命名或类别证据不足
12727,炸果仁,3,坚果种子类,,1小碗炸果仁,149687,可能是原生食材，但频次、命名或类别证据不足
12732,三文鱼边角料,3,鱼虾蟹贝类,,250克三文鱼边角料 || 3块三文鱼边角料 || 1-2斤三文鱼边角料,150041|162455|180064,可能是原生食材，但频次、命名或类别证据不足
12739,白茄子,3,蔬菜类及其制品,,白茄子 || 4个白茄子,150640|160093,可能是原生食材，但频次、命名或类别证据不足
12742,薄荷水,3,蔬菜类及其制品,,适量薄荷水,150981,可能是原生食材，但频次、命名或类别证据不足
12744,冻南美白虾,3,鱼虾蟹贝类,,,,可能是原生食材，但频次、命名或类别证据不足
12747,混合蘑菇,3,菌藻类,,300克混合蘑菇,151131,可能是原生食材，但频次、命名或类别证据不足
12749,猪肉剁碎,3,畜肉类及其制品,猪肉剁,500克猪肉剁碎,151192,形态描述存在，但原始食材无法确定
12751,装玉米粒,3,谷类及其制品,,,,可能是原生食材，但频次、命名或类别证据不足
12753,精气神山黑猪肋排,3,畜肉类及其制品,,,,可能是原生食材，但频次、命名或类别证据不足
12754,苹果薄片,3,水果类及其制品,苹果薄,适量苹果薄片,151594,形态描述存在，但原始食材无法确定
12756,虾虾仁,3,鱼虾蟹贝类,,六只大虾虾仁,151696,可能是原生食材，但频次、命名或类别证据不足
12759,可以木耳,3,菌藻类,,10朵 可以不加木耳,151748,可能是原生食材，但频次、命名或类别证据不足
12761,泡白菜,3,蔬菜类及其制品,,2片泡白菜,151819,可能是原生食材，但频次、命名或类别证据不足
12767,银耳羹,3,菌藻类,,#银耳羹,152173,可能是原生食材，但频次、命名或类别证据不足
12772,吧虾,3,鱼虾蟹贝类,,10几只吧虾,152709,可能是原生食材，但频次、命名或类别证据不足
12780,半肉末,3,畜肉类及其制品,半肉,1斤半肉末,153599,形态描述存在，但原始食材无法确定
12782,脆瓜,3,蔬菜类及其制品,,1个脆瓜 || 半罐/200g脆瓜,153743|179623,可能是原生食材，但频次、命名或类别证据不足
12783,玉米粒甜玉米,3,谷类及其制品,,,,可能是原生食材，但频次、命名或类别证据不足
12786,绿小辣椒,3,蔬菜类及其制品,,,,可能是原生食材，但频次、命名或类别证据不足
12787,碎碎面,3,谷类及其制品,,碎碎面 || 40克碎碎面,154172|166177,可能是原生食材，但频次、命名或类别证据不足
12789,碎木耳,3,菌藻类,,碎木耳,154335,可能是原生食材，但频次、命名或类别证据不足
12798,&小米辣,3,谷类及其制品,小米辣,,,疑似多食材组合，但无法百分之百确认全部组成
12799,水仙芒芒果,3,水果类及其制品,,水仙芒1个芒果,162002,可能是原生食材，但频次、命名或类别证据不足
12803,半鸡蛋液,3,禽肉类及其制品,,,,可能是原生食材，但频次、命名或类别证据不足
12805,白斩鸡,3,禽肉类及其制品,,1只白斩鸡,156301,可能是原生食材，但频次、命名或类别证据不足
12808,乐事大波浪薯片,3,薯类淀粉及其制品,乐事大波浪薯,140g乐事大波浪薯片（香脆烤鸡翅味）,156396,形态描述存在，但原始食材无法确定
12810,灯笼红椒,3,蔬菜类及其制品,,适量灯笼红椒,156613,可能是原生食材，但频次、命名或类别证据不足
12811,精米,3,谷类及其制品,,适量精米,156706,可能是原生食材，但频次、命名或类别证据不足
12813,定玉米,3,谷类及其制品,,,,可能是原生食材，但频次、命名或类别证据不足
12819,多菠菜,3,蔬菜类及其制品,,,,可能是原生食材，但频次、命名或类别证据不足
12823,可可薄脆片,3,其他,可可薄脆,5 g可可薄脆片（可不加）,157513,形态描述存在，但原始食材无法确定
12825,红高粱,3,谷类及其制品,,,,可能是原生食材，但频次、命名或类别证据不足
12826,生肉,3,畜肉类及其制品,,500g(1斤)生肉,157566,可能是原生食材，但频次、命名或类别证据不足
12830,菜叶卷心菜,3,蔬菜类及其制品,,菜叶4片卷心菜,157977,可能是原生食材，但频次、命名或类别证据不足
12833,羊肠子,3,畜肉类及其制品,,1小包羊肠子 || 根羊肠子3-4,158053|164536,可能是原生食材，但频次、命名或类别证据不足
12834,过栗子即可水,3,坚果种子类,,,,可能是原生食材，但频次、命名或类别证据不足
12836,彩色小番茄,3,蔬菜类及其制品,,4个彩色小番茄,158407,可能是原生食材，但频次、命名或类别证据不足
12837,蛋蛋,3,蛋类及其制品,,蛋蛋(・∀・),158417,可能是原生食材，但频次、命名或类别证据不足
12839,草莓蛋白粉,3,水果类及其制品,,,,可能是原生食材，但频次、命名或类别证据不足
12842,西芹胡萝卜,3,蔬菜类及其制品,,,,可能是原生食材，但频次、命名或类别证据不足
12843,菜了,3,蔬菜类及其制品,,,,可能是原生食材，但频次、命名或类别证据不足
12844,酌量白芝麻,3,坚果种子类,,酌量白芝麻,159033|159690,可能是原生食材，但频次、命名或类别证据不足
12845,子猪肉,3,畜肉类及其制品,,,,可能是原生食材，但频次、命名或类别证据不足
12851,肉最好,3,畜肉类及其制品,,,,可能是原生食材，但频次、命名或类别证据不足
12853,山楂肉,3,畜肉类及其制品,,800克山楂肉（去核）,159823,可能是原生食材，但频次、命名或类别证据不足
12864,玉米壳,3,谷类及其制品,,20片（大点的）玉米壳,160410,可能是原生食材，但频次、命名或类别证据不足
12865,黃豆,3,干豆类及其制品,,黃豆,160462,可能是原生食材，但频次、命名或类别证据不足
12866,一半冬瓜,3,蔬菜类及其制品,,,,可能是原生食材，但频次、命名或类别证据不足
12867,洋葱小葱,3,蔬菜类及其制品,,1个洋葱小葱,160500,可能是原生食材，但频次、命名或类别证据不足
12868,头蒜瓣,3,蔬菜类及其制品,头蒜,1大头蒜瓣,160598,形态描述存在，但原始食材无法确定
12871,碎罗勒叶,3,蔬菜类及其制品,,少许碎罗勒叶,160716,可能是原生食材，但频次、命名或类别证据不足
12880,算大米,3,谷类及其制品,,,,可能是原生食材，但频次、命名或类别证据不足
12882,板栗水,3,坚果种子类,,,,可能是原生食材，但频次、命名或类别证据不足
12883,树莓蓝莓,3,水果类及其制品,,随意树莓蓝莓随意,161706,可能是原生食材，但频次、命名或类别证据不足
12884,部分&,3,其他类,部分,,,疑似多食材组合，但无法百分之百确认全部组成
12889,米霖,3,谷类及其制品,,1大匙米霖,162088,可能是原生食材，但频次、命名或类别证据不足
12894,西兰花茎,3,蔬菜类及其制品,,西兰花茎,162334,可能是原生食材，但频次、命名或类别证据不足
12898,鸡蛋总重,3,禽肉类及其制品,,165牛奶+鸡蛋总重 || 180g牛奶+鸡蛋的总重,162609|190292,可能是原生食材，但频次、命名或类别证据不足
12899,免煮燕麦片,3,谷类及其制品,免煮燕麦,50g免煮燕麦片,162678,形态描述存在，但原始食材无法确定
12900,肉末猪肉,3,畜肉类及其制品,,肉末猪肉,162759,可能是原生食材，但频次、命名或类别证据不足
12901,麦豆,3,干豆类及其制品,,适量麦豆,163141,可能是原生食材，但频次、命名或类别证据不足
12903,卤猪耳朵,3,畜肉类及其制品,,1个卤猪耳朵,163195,可能是原生食材，但频次、命名或类别证据不足
12904,精猪肉,3,畜肉类及其制品,,500克精猪肉,163263,可能是原生食材，但频次、命名或类别证据不足
12905,四段,3,其他类,四,四段，四片，四瓣葱姜蒜,163281,形态描述存在，但原始食材无法确定
12906,斤小龙虾,3,鱼虾蟹贝类,,,,可能是原生食材，但频次、命名或类别证据不足
12914,薄荷冰块,3,蔬菜类及其制品,薄荷冰,薄荷冰块 || 适量薄荷冰块,164298|192715,形态描述存在，但原始食材无法确定
12915,桑葚粉,3,水果类及其制品,,,,可能是原生食材，但频次、命名或类别证据不足
12916,黑橄榄切片,3,其他类,黑橄榄切,,,形态描述存在，但原始食材无法确定
12922,微打散鸡蛋,3,禽肉类及其制品,,,,可能是原生食材，但频次、命名或类别证据不足
12923,带肥肉猪肉,3,畜肉类及其制品,,克带肥肉的猪肉,164971,可能是原生食材，但频次、命名或类别证据不足
12925,裹面,3,谷类及其制品,,#裹面,165098,可能是原生食材，但频次、命名或类别证据不足
12927,沙地红薯,3,薯类淀粉及其制品,,适量沙地红薯,184357,可能是原生食材，但频次、命名或类别证据不足
12928,儿蒜苗,3,蔬菜类及其制品,,,,可能是原生食材，但频次、命名或类别证据不足
12930,鸡腿肉鸡,3,禽肉类及其制品,,,,可能是原生食材，但频次、命名或类别证据不足
12931,蛋量鸡蛋清,3,禽肉类及其制品,,,,可能是原生食材，但频次、命名或类别证据不足
12933,脆香米,3,谷类及其制品,,适量脆香米,165716,可能是原生食材，但频次、命名或类别证据不足
12938,大葱切段,3,蔬菜类及其制品,大葱切,,,形态描述存在，但原始食材无法确定
12941,蒜末洋葱末,3,蔬菜类及其制品,蒜末洋葱,,,形态描述存在，但原始食材无法确定
12943,绿椒圈,3,蔬菜类及其制品,,,,可能是原生食材，但频次、命名或类别证据不足
12945,白洋葱丝,3,蔬菜类及其制品,白洋葱,30克白洋葱丝,166520,形态描述存在，但原始食材无法确定
12947,吧挂面,3,谷类及其制品,,,,可能是原生食材，但频次、命名或类别证据不足
12950,红膏梭子蟹,3,鱼虾蟹贝类,,1只红膏梭子蟹,166695,可能是原生食材，但频次、命名或类别证据不足
12953,胖鱼头,3,鱼虾蟹贝类,,一个胖鱼头,166885,可能是原生食材，但频次、命名或类别证据不足
12954,尖椒青椒,3,蔬菜类及其制品,,,,可能是原生食材，但频次、命名或类别证据不足
12955,猪瘦肉丝,3,畜肉类及其制品,猪瘦肉,200克猪瘦肉丝 || 适量猪瘦肉丝,167268|196517,形态描述存在，但原始食材无法确定
12958,红辣椒切圈,3,蔬菜类及其制品,,适量红辣椒切圈,167532,可能是原生食材，但频次、命名或类别证据不足
12961,其他菌类,3,菌藻类,,随意其他菌类,167833,可能是原生食材，但频次、命名或类别证据不足
12962,小海带,3,鱼虾蟹贝类,,,,可能是原生食材，但频次、命名或类别证据不足
12965,爆鱼,3,鱼虾蟹贝类,,10片爆鱼,168116,可能是原生食材，但频次、命名或类别证据不足
12966,机燕麦片,3,谷类及其制品,机燕麦,20克有机燕麦片,168253,形态描述存在，但原始食材无法确定
12968,干大虾,3,鱼虾蟹贝类,,3只干大虾,168497,可能是原生食材，但频次、命名或类别证据不足
12969,油白芝麻,3,坚果种子类,,,,可能是原生食材，但频次、命名或类别证据不足
12972,断胡萝卜,3,蔬菜类及其制品,,1小断胡萝卜,168754,可能是原生食材，但频次、命名或类别证据不足
12973,原生燕麦,3,谷类及其制品,,1/2杯原生燕麦 （非快熟),168870,可能是原生食材，但频次、命名或类别证据不足
12974,里脊肉瘦肉,3,畜肉类及其制品,,,,可能是原生食材，但频次、命名或类别证据不足
12975,生姜和大蒜,3,蔬菜类及其制品,姜|蒜,,,分隔符明确连接多个独立基础食材；克数无法可靠分摊
12979,装乌冬面,3,谷类及其制品,,200克超市小包装乌冬面,169445,可能是原生食材，但频次、命名或类别证据不足
12980,束金针菇,3,菌藻类,,1大束金针菇,169497,可能是原生食材，但频次、命名或类别证据不足
12983,碎面,3,谷类及其制品,,碎面,170230,可能是原生食材，但频次、命名或类别证据不足
12985,长米,3,谷类及其制品,,250克长米,170574,可能是原生食材，但频次、命名或类别证据不足
12988,龙虾粉,3,鱼虾蟹贝类,,65g龙虾粉（后面具体制作方法）,170925,可能是原生食材，但频次、命名或类别证据不足
12989,油渍番茄,3,蔬菜类及其制品,,适量油渍番茄,170985,可能是原生食材，但频次、命名或类别证据不足
12990,前槽肉,3,畜肉类及其制品,,200克前槽肉,171136,可能是原生食材，但频次、命名或类别证据不足
12993,米藜麦,3,谷类及其制品,,,,可能是原生食材，但频次、命名或类别证据不足
12997,蕨菜粉,3,蔬菜类及其制品,,,,可能是原生食材，但频次、命名或类别证据不足
12998,芹菜蒜苗,3,蔬菜类及其制品,,芹菜蒜苗,171545,可能是原生食材，但频次、命名或类别证据不足
13000,碎西红柿,3,蔬菜类及其制品,,1个切碎碎（因为等下要炖烂掉）西红柿,171749,可能是原生食材，但频次、命名或类别证据不足
13002,涂表面鸡蛋液,3,禽肉类及其制品,,涂表面鸡蛋液 || 一点 涂表面用鸡蛋液,171987|176201,可能是原生食材，但频次、命名或类别证据不足
13003,粉面,3,谷类及其制品,,适量粉面 || 1.7千克粉面,172018|180062,可能是原生食材，但频次、命名或类别证据不足
13005,川秀双歧杆菌,3,菌藻类,,0.5克川秀双歧杆菌,172158,可能是原生食材，但频次、命名或类别证据不足
13008,螺旋椒,3,鱼虾蟹贝类,,2个螺旋椒,172309,可能是原生食材，但频次、命名或类别证据不足
13011,香辣花生米,3,谷类及其制品,,一小包香辣花生米,172639,可能是原生食材，但频次、命名或类别证据不足
13016,多蒜末,3,蔬菜类及其制品,多蒜,多蒜末,173110,形态描述存在，但原始食材无法确定
13017,辣面子,3,谷类及其制品,,一小勺辣面子 || 些许辣面子,173133|195252,可能是原生食材，但频次、命名或类别证据不足
13020,腊猪脚,3,畜肉类及其制品,,600g腊猪脚,173177,可能是原生食材，但频次、命名或类别证据不足
13021,和核桃,3,水果类及其制品,核桃,,,疑似多食材组合，但无法百分之百确认全部组成
13022,嫩生菜,3,蔬菜类及其制品,,一小把嫩生菜,173396,可能是原生食材，但频次、命名或类别证据不足
13023,食量龙须面,3,谷类及其制品,,,,可能是原生食材，但频次、命名或类别证据不足
13031,蔬菜和水果,3,蔬菜类及其制品,蔬菜|水果,随意蔬菜和水果,173796,疑似多食材组合，但无法百分之百确认全部组成
13036,干洋葱碎,3,蔬菜类及其制品,干洋葱,1 大勺干洋葱碎,173989,形态描述存在，但原始食材无法确定
13038,号鸡蛋蛋白,3,禽肉类及其制品,,2只大号鸡蛋的蛋白,174072,可能是原生食材，但频次、命名或类别证据不足
13045,色拉蔬菜,3,蔬菜类及其制品,,色拉用的蔬菜,174482,可能是原生食材，但频次、命名或类别证据不足
13049,葱青,3,蔬菜类及其制品,,1根葱青,174663,可能是原生食材，但频次、命名或类别证据不足
13053,全蛋面饼,3,蛋类及其制品,,,,可能是原生食材，但频次、命名或类别证据不足
13054,甜黄椒,3,蔬菜类及其制品,,甜黄椒,175464,可能是原生食材，但频次、命名或类别证据不足
13055,碎黑芝麻,3,坚果种子类,,20克碎黑芝麻,175508,可能是原生食材，但频次、命名或类别证据不足
13060,纯牛肉,3,畜肉类及其制品,,几块纯牛肉,175598,可能是原生食材，但频次、命名或类别证据不足
13065,青柠檬屑,3,水果类及其制品,,,,可能是原生食材，但频次、命名或类别证据不足
13068,抓白芝麻,3,坚果种子类,,随意抓白芝麻,176393,可能是原生食材，但频次、命名或类别证据不足
13071,蛋卷机,3,蛋类及其制品,,,,可能是原生食材，但频次、命名或类别证据不足
13075,蔓越莓乳酪馅,3,水果类及其制品,,#蔓越莓乳酪馅#,176698,可能是原生食材，但频次、命名或类别证据不足
13076,糯米锅巴,3,谷类及其制品,,,,可能是原生食材，但频次、命名或类别证据不足
13077,西葫芦切丝,3,蔬菜类及其制品,西葫芦切,1个西葫芦切丝,176790,形态描述存在，但原始食材无法确定
13082,和羊肉,3,畜肉类及其制品,羊肉,,,疑似多食材组合，但无法百分之百确认全部组成
13083,古田鲜银耳,3,菌藻类,,半朵古田鲜银耳,198665,可能是原生食材，但频次、命名或类别证据不足
13084,两段,3,其他类,两,适量一片，两段，一瓣姜。葱。蒜,177190,形态描述存在，但原始食材无法确定
13085,子绿豆,3,干豆类及其制品,,,,可能是原生食材，但频次、命名或类别证据不足
13086,脆桃子,3,水果类及其制品,,1个脆桃子（可用菠萝或者芒果代替）,177247,可能是原生食材，但频次、命名或类别证据不足
13088,蛇牙糯米,3,谷类及其制品,,,,可能是原生食材，但频次、命名或类别证据不足
13089,什么各种蔬菜,3,蔬菜类及其制品,,,,可能是原生食材，但频次、命名或类别证据不足
13091,辣椒蘸水,3,蔬菜类及其制品,,辣椒蘸水,177348,可能是原生食材，但频次、命名或类别证据不足
13092,肉类食材,3,畜肉类及其制品,,#肉类食材,177348,可能是原生食材，但频次、命名或类别证据不足
13093,湘菜,3,蔬菜类及其制品,,湘菜,177406,可能是原生食材，但频次、命名或类别证据不足
13094,冬菇水,3,菌藻类,,120克冬菇水,177594,可能是原生食材，但频次、命名或类别证据不足
13096,独瓣蒜,3,蔬菜类及其制品,,一个独瓣蒜（普通蒜头也行）,177679,可能是原生食材，但频次、命名或类别证据不足
13099,果粒麦片,3,谷类及其制品,果粒麦,适量果粒麦片,178094,形态描述存在，但原始食材无法确定
13101,半肉糜,3,畜肉类及其制品,,一斤半左右肉糜（我用的是五花肉）,178117,可能是原生食材，但频次、命名或类别证据不足
13102,五彩果蔬面,3,谷类及其制品,,30克五彩果蔬面,178260,可能是原生食材，但频次、命名或类别证据不足
13107,芽笋,3,干豆类及其制品,,芽笋 || 一点芽笋,178916|194277,可能是原生食材，但频次、命名或类别证据不足
13111,炝锅葱,3,蔬菜类及其制品,,炝锅用的适量葱,179106,可能是原生食材，但频次、命名或类别证据不足
13113,食量米,3,谷类及其制品,,,,可能是原生食材，但频次、命名或类别证据不足
13117,小干鲍,3,鱼虾蟹贝类,,,,可能是原生食材，但频次、命名或类别证据不足
13121,赤豆汤,3,干豆类及其制品,,一大碗赤豆汤,179602,可能是原生食材，但频次、命名或类别证据不足
13123,海南黄灯笼椒,3,蔬菜类及其制品,,3-4大勺海南黄灯笼椒,179609,可能是原生食材，但频次、命名或类别证据不足
13124,面工具,3,谷类及其制品,,,,可能是原生食材，但频次、命名或类别证据不足
13130,大鲫鱼,3,鱼虾蟹贝类,,,,可能是原生食材，但频次、命名或类别证据不足
13132,跑步鸡,3,禽肉类及其制品,,跑步鸡,180446,可能是原生食材，但频次、命名或类别证据不足
13133,麻辣活鱼,3,鱼虾蟹贝类,,麻辣活鱼,180466,可能是原生食材，但频次、命名或类别证据不足
13135,什么菇,3,菌藻类,,,,可能是原生食材，但频次、命名或类别证据不足
13138,干果坚果,3,坚果种子类,,随意干果坚果,180878,可能是原生食材，但频次、命名或类别证据不足
13139,金針菇,3,菌藻类,,适量金針菇,180891,可能是原生食材，但频次、命名或类别证据不足
13143,榨汁和面,3,谷类及其制品,榨汁|面,,,疑似多食材组合，但无法百分之百确认全部组成
13149,大小香菇,3,菌藻类,,,,可能是原生食材，但频次、命名或类别证据不足
13153,黑芝麻各,3,坚果种子类,,,,可能是原生食材，但频次、命名或类别证据不足
13154,鸡蛋比较大,3,禽肉类及其制品,,#》我用的鸡蛋比较大，如果鸡蛋较小，需酌情加量哈。,182695,可能是原生食材，但频次、命名或类别证据不足
13155,蔬菜汤粉,3,蔬菜类及其制品,,,,可能是原生食材，但频次、命名或类别证据不足
13161,泡开香菇,3,菌藻类,,100g泡开的香菇,183618,可能是原生食材，但频次、命名或类别证据不足
13162,冻玉米豌豆,3,干豆类及其制品,,,,可能是原生食材，但频次、命名或类别证据不足
13167,干海藻,3,菌藻类,,干海藻（跟海苔一样么……？）,183928,可能是原生食材，但频次、命名或类别证据不足
13168,干蛤蜊肉,3,鱼虾蟹贝类,,一小把干蛤蜊肉,183955,可能是原生食材，但频次、命名或类别证据不足
13171,香菜精,3,蔬菜类及其制品,,3克香菜精,184175,可能是原生食材，但频次、命名或类别证据不足
13172,鱼火锅料,3,鱼虾蟹贝类,,,,可能是原生食材，但频次、命名或类别证据不足
13173,下辣椒,3,蔬菜类及其制品,,,,可能是原生食材，但频次、命名或类别证据不足
13174,日式炒面,3,谷类及其制品,,一包日式炒面,184302,可能是原生食材，但频次、命名或类别证据不足
13176,生洋葱,3,蔬菜类及其制品,,半个生洋葱,184483,可能是原生食材，但频次、命名或类别证据不足
13179,就可以香菜,3,蔬菜类及其制品,,随意一颗就可以香菜,184878,可能是原生食材，但频次、命名或类别证据不足
13184,鳝片,3,其他类,鳝,50g鳝片,185208,形态描述存在，但原始食材无法确定
13191,节芹菜,3,蔬菜类及其制品,,一小节芹菜,185620,可能是原生食材，但频次、命名或类别证据不足
13192,玉米量玉米粒,3,谷类及其制品,,半个玉米的量玉米粒,185770,可能是原生食材，但频次、命名或类别证据不足
13194,就够了鸡蛋,3,禽肉类及其制品,,,,可能是原生食材，但频次、命名或类别证据不足
13195,现蔬菜,3,蔬菜类及其制品,,,,可能是原生食材，但频次、命名或类别证据不足
13196,裙带菜干,3,鱼虾蟹贝类,,一小把裙带菜干,186351,可能是原生食材，但频次、命名或类别证据不足
13200,大小姜姜,3,蔬菜类及其制品,,,,可能是原生食材，但频次、命名或类别证据不足
13201,薯粉水,3,薯类淀粉及其制品,,,,可能是原生食材，但频次、命名或类别证据不足
13207,厚海带,3,鱼虾蟹贝类,,10cm厚海带,187172,可能是原生食材，但频次、命名或类别证据不足
13209,山药胡萝卜,3,薯类淀粉及其制品,,,,可能是原生食材，但频次、命名或类别证据不足
13210,姜蒜切末,3,蔬菜类及其制品,姜蒜切,,,形态描述存在，但原始食材无法确定
13211,磨坊匈牙利红椒粉,3,蔬菜类及其制品,,3克小磨坊匈牙利红椒粉,187586,可能是原生食材，但频次、命名或类别证据不足
13212,散养老母鸡,3,禽肉类及其制品,,,,可能是原生食材，但频次、命名或类别证据不足
13213,芝麻香菜,3,坚果种子类,,,,可能是原生食材，但频次、命名或类别证据不足
13216,灭菌蛋黄,3,蛋类及其制品,,5个灭菌蛋黄,187987,可能是原生食材，但频次、命名或类别证据不足
13217,鲜香草,3,蔬菜类及其制品,,适量鲜香草（可省略）,187987,可能是原生食材，但频次、命名或类别证据不足
13218,松茸骨汤,3,菌藻类,,,,可能是原生食材，但频次、命名或类别证据不足
13220,核桃腰果,3,水果类及其制品,,,,可能是原生食材，但频次、命名或类别证据不足
13221,色青红辣椒,3,蔬菜类及其制品,,,,可能是原生食材，但频次、命名或类别证据不足
13226,燕麦麦麸,3,谷类及其制品,,20克燕麦麦麸,188754,可能是原生食材，但频次、命名或类别证据不足
13227,鸡蛋液蛋液,3,禽肉类及其制品,,1整个鸡蛋液蛋液,188828,可能是原生食材，但频次、命名或类别证据不足
13228,红衣花生仁,3,坚果种子类,,300克红衣花生仁,189012,可能是原生食材，但频次、命名或类别证据不足
13229,五香牛肉,3,畜肉类及其制品,,一小块五香牛肉,189124,可能是原生食材，但频次、命名或类别证据不足
13234,少葱叶,3,蔬菜类及其制品,,少葱叶,189547,可能是原生食材，但频次、命名或类别证据不足
13237,大鹅,3,禽肉类及其制品,,1/3只大鹅,189898,可能是原生食材，但频次、命名或类别证据不足
13238,来鸡蛋,3,禽肉类及其制品,,,,可能是原生食材，但频次、命名或类别证据不足
13240,果香蕉,3,水果类及其制品,,,,可能是原生食材，但频次、命名或类别证据不足
13241,菇杏鲍菇,3,鱼虾蟹贝类,,,,可能是原生食材，但频次、命名或类别证据不足
13242,一段切末葱,3,蔬菜类及其制品,,,,可能是原生食材，但频次、命名或类别证据不足
13243,新鲜豌豆荚,3,干豆类及其制品,,,,可能是原生食材，但频次、命名或类别证据不足
13244,意大利直面,3,谷类及其制品,,适量意大利直面,190096,可能是原生食材，但频次、命名或类别证据不足
13245,蛋水,3,蛋类及其制品,,20克蛋水,190379,可能是原生食材，但频次、命名或类别证据不足
13246,湯匙番茄醬,3,蔬菜类及其制品,,3湯匙番茄醬,190429,可能是原生食材，但频次、命名或类别证据不足
13247,多点青椒,3,蔬菜类及其制品,,,,可能是原生食材，但频次、命名或类别证据不足
13249,牌全麦粉,3,谷类及其制品,,,,可能是原生食材，但频次、命名或类别证据不足
13250,鸡翅料,3,禽肉类及其制品,,#鸡翅料,191157,可能是原生食材，但频次、命名或类别证据不足
13253,其他爱吃蔬菜,3,蔬菜类及其制品,,,,可能是原生食材，但频次、命名或类别证据不足
13255,胡萝卜香菇,3,菌藻类,,胡萝卜（50克）香菇（50克）,191422,可能是原生食材，但频次、命名或类别证据不足
13260,葱小米辣,3,谷类及其制品,,小葱小米辣,192056,可能是原生食材，但频次、命名或类别证据不足
13261,下面写,3,谷类及其制品,,,,可能是原生食材，但频次、命名或类别证据不足
13263,核桃果仁,3,水果类及其制品,,一小把核桃果仁,192376,可能是原生食材，但频次、命名或类别证据不足
13264,海带汤,3,鱼虾蟹贝类,,50克海带汤,192474,可能是原生食材，但频次、命名或类别证据不足
13265,腌黄萝卜,3,蔬菜类及其制品,,腌黄萝卜,192534,可能是原生食材，但频次、命名或类别证据不足
13267,紫菜包饭,3,鱼虾蟹贝类,,,,可能是原生食材，但频次、命名或类别证据不足
13269,麻辣鱼料,3,鱼虾蟹贝类,,1包麻辣鱼料,192963,可能是原生食材，但频次、命名或类别证据不足
13272,小核桃仁,3,水果类及其制品,,,,可能是原生食材，但频次、命名或类别证据不足
13273,木耳干,3,菌藻类,,适量木耳干,193422,可能是原生食材，但频次、命名或类别证据不足
13276,豆粽,3,干豆类及其制品,,豆粽,193578,可能是原生食材，但频次、命名或类别证据不足
13278,米组合,3,谷类及其制品,,,,可能是原生食材，但频次、命名或类别证据不足
13280,张越南米纸,3,谷类及其制品,,,,可能是原生食材，但频次、命名或类别证据不足
13284,肥猪肉糜,3,畜肉类及其制品,,适量肥猪肉糜,193887,可能是原生食材，但频次、命名或类别证据不足
13286,薯圆木薯粉,3,薯类淀粉及其制品,,,,可能是原生食材，但频次、命名或类别证据不足
13288,香菇干香菇,3,菌藻类,,香菇 10克  干的香菇,194289,可能是原生食材，但频次、命名或类别证据不足
13289,香草萃取,3,蔬菜类及其制品,,,,可能是原生食材，但频次、命名或类别证据不足
13293,菜紫甘蓝,3,蔬菜类及其制品,,,,可能是原生食材，但频次、命名或类别证据不足
13295,配菜食材,3,蔬菜类及其制品,,配菜食材~,195061,可能是原生食材，但频次、命名或类别证据不足
13298,一半大米,3,谷类及其制品,,,,可能是原生食材，但频次、命名或类别证据不足
13302,大小鸡肉,3,禽肉类及其制品,,,,可能是原生食材，但频次、命名或类别证据不足
13305,其他荤菜,3,蔬菜类及其制品,,,,可能是原生食材，但频次、命名或类别证据不足
13311,束芹菜,3,蔬菜类及其制品,,1束芹菜,196453,可能是原生食材，但频次、命名或类别证据不足
13312,各紫薯,3,薯类淀粉及其制品,,各一个紫薯，红薯,196514,可能是原生食材，但频次、命名或类别证据不足
13313,成泥胡萝卜,3,蔬菜类及其制品,,,,可能是原生食材，但频次、命名或类别证据不足
13314,十色蔬菜粉,3,蔬菜类及其制品,,十色蔬菜粉,196564,可能是原生食材，但频次、命名或类别证据不足
13315,绿色小米辣,3,谷类及其制品,,八根绿色小米辣,196646,可能是原生食材，但频次、命名或类别证据不足
13316,白葱头,3,蔬菜类及其制品,,适量白葱头,196755,可能是原生食材，但频次、命名或类别证据不足
13317,玉米排骨汤,3,畜肉类及其制品,,,,可能是原生食材，但频次、命名或类别证据不足
13318,没白芝麻,3,坚果种子类,,,,可能是原生食材，但频次、命名或类别证据不足
13322,椒辅料,3,蔬菜类及其制品,,,,可能是原生食材，但频次、命名或类别证据不足
13323,多冰块,3,其他类,多冰,,,形态描述存在，但原始食材无法确定
13327,米少一半糯米,3,谷类及其制品,,,,可能是原生食材，但频次、命名或类别证据不足
13329,螺蛳粉一包,3,鱼虾蟹贝类,,,,可能是原生食材，但频次、命名或类别证据不足
13331,猪肉五花,3,畜肉类及其制品,,,,可能是原生食材，但频次、命名或类别证据不足
13333,鲜红小米椒,3,谷类及其制品,,一两半鲜红小米椒,198780,可能是原生食材，但频次、命名或类别证据不足
13334,机牛肉,3,畜肉类及其制品,,,,可能是原生食材，但频次、命名或类别证据不足
13338,松茸菇,3,菌藻类,,适量（配菜可根据家里人口或加自己喜欢的菜）松茸菇,199366,可能是原生食材，但频次、命名或类别证据不足
13339,爱吃坚果,3,坚果种子类,,适量爱吃的坚果,199601,可能是原生食材，但频次、命名或类别证据不足
13342,分离乳清蛋白粉,3,蛋类及其制品,,,,可能是原生食材，但频次、命名或类别证据不足
13344,农家鸡,3,禽肉类及其制品,,,,可能是原生食材，但频次、命名或类别证据不足
13345,子洋葱,3,蔬菜类及其制品,,,,可能是原生食材，但频次、命名或类别证据不足
13347,贝类肉,3,鱼虾蟹贝类,,,,可能是原生食材，但频次、命名或类别证据不足
13348,豆包,3,干豆类及其制品,,,,可能是原生食材，但频次、命名或类别证据不足
13349,指椒,3,蔬菜类及其制品,,,,可能是原生食材，但频次、命名或类别证据不足
13351,冻干无花果,3,水果类及其制品,,,,可能是原生食材，但频次、命名或类别证据不足
13353,手撕包菜,3,蔬菜类及其制品,,,,可能是原生食材，但频次、命名或类别证据不足
13354,&香菇,3,菌藻类,香菇,,,疑似多食材组合，但无法百分之百确认全部组成
13355,丝青椒丝,3,蔬菜类及其制品,丝青椒,,,形态描述存在，但原始食材无法确定
13358,日式荞麦面,3,谷类及其制品,,,,可能是原生食材，但频次、命名或类别证据不足
13363,鸡胸肉鸡腿,3,禽肉类及其制品,,,,可能是原生食材，但频次、命名或类别证据不足
13366,肉带骨,3,畜肉类及其制品,,,,可能是原生食材，但频次、命名或类别证据不足
13367,核桃花生馅,3,水果类及其制品,,,,可能是原生食材，但频次、命名或类别证据不足
13368,野生银耳,3,菌藻类,,,,可能是原生食材，但频次、命名或类别证据不足
13369,板栗番薯,3,坚果种子类,,,,可能是原生食材，但频次、命名或类别证据不足
13370,白黑芝麻,3,坚果种子类,,,,可能是原生食材，但频次、命名或类别证据不足
13372,青椒和红辣椒,3,蔬菜类及其制品,青椒|红辣椒,,,分隔符明确连接多个独立基础食材；克数无法可靠分摊
13373,老鸭汤,3,禽肉类及其制品,,,,可能是原生食材，但频次、命名或类别证据不足
13374,椒生姜大蒜,3,蔬菜类及其制品,,,,可能是原生食材，但频次、命名或类别证据不足
13377,海鲜饭专米,3,鱼虾蟹贝类,,,,可能是原生食材，但频次、命名或类别证据不足
13378,薄猪肉片,3,畜肉类及其制品,薄猪肉,,,形态描述存在，但原始食材无法确定
13380,辣妹子辣椒,3,蔬菜类及其制品,,,,可能是原生食材，但频次、命名或类别证据不足
13383,菜卷心菜,3,蔬菜类及其制品,,,,可能是原生食材，但频次、命名或类别证据不足
13385,全鱼,3,鱼虾蟹贝类,,,,可能是原生食材，但频次、命名或类别证据不足
13387,紫甘蓝生菜,3,蔬菜类及其制品,,,,可能是原生食材，但频次、命名或类别证据不足
13389,黑麦面,3,谷类及其制品,,,,可能是原生食材，但频次、命名或类别证据不足
13390,卷羊肉卷,3,畜肉类及其制品,,,,可能是原生食材，但频次、命名或类别证据不足
13391,了红豆,3,干豆类及其制品,,,,可能是原生食材，但频次、命名或类别证据不足
13396,黄粘米,3,谷类及其制品,,,,可能是原生食材，但频次、命名或类别证据不足
13399,手掌大小鸡胸肉,3,禽肉类及其制品,,,,可能是原生食材，但频次、命名或类别证据不足
13400,蜜桃乌龙,3,水果类及其制品,,,,可能是原生食材，但频次、命名或类别证据不足
13401,金针菇香菇,3,菌藻类,,,,可能是原生食材，但频次、命名或类别证据不足
13402,面黑芝麻,3,坚果种子类,,,,可能是原生食材，但频次、命名或类别证据不足
13404,十来粒枸杞,3,坚果种子类,,,,可能是原生食材，但频次、命名或类别证据不足
13408,嫩海带,3,鱼虾蟹贝类,,,,可能是原生食材，但频次、命名或类别证据不足
13415,可多可少毛豆,3,干豆类及其制品,,,,可能是原生食材，但频次、命名或类别证据不足
13420,型燕麦片,3,谷类及其制品,型燕麦,,,形态描述存在，但原始食材无法确定
13422,部分蛋白,3,蛋类及其制品,,,,可能是原生食材，但频次、命名或类别证据不足
13427,来辣椒,3,蔬菜类及其制品,,,,可能是原生食材，但频次、命名或类别证据不足
13428,多蔬菜,3,蔬菜类及其制品,,,,可能是原生食材，但频次、命名或类别证据不足
13429,血桃,3,水果类及其制品,,,,可能是原生食材，但频次、命名或类别证据不足
13431,裙带,3,鱼虾蟹贝类,,,,可能是原生食材，但频次、命名或类别证据不足
13432,烩面片,3,谷类及其制品,烩面,,,形态描述存在，但原始食材无法确定
13435,尖笋,3,蔬菜类及其制品,,,,可能是原生食材，但频次、命名或类别证据不足
13436,人量荞麦面,3,谷类及其制品,,,,可能是原生食材，但频次、命名或类别证据不足
13437,辣椒切小段,3,蔬菜类及其制品,辣椒切小,,,形态描述存在，但原始食材无法确定
13438,京葱段,3,蔬菜类及其制品,京葱,,,形态描述存在，但原始食材无法确定
13441,芝麻核桃馅,3,水果类及其制品,,,,可能是原生食材，但频次、命名或类别证据不足
13442,椒和青椒,3,蔬菜类及其制品,椒|青椒,,,疑似多食材组合，但无法百分之百确认全部组成
13444,香草萃取液,3,蔬菜类及其制品,,,,可能是原生食材，但频次、命名或类别证据不足
13445,意式混合香草,3,蔬菜类及其制品,,,,可能是原生食材，但频次、命名或类别证据不足
13447,蒜蓉蒜蓉,3,蔬菜类及其制品,,,,可能是原生食材，但频次、命名或类别证据不足
13450,米燕麦饭,3,谷类及其制品,,,,可能是原生食材，但频次、命名或类别证据不足
13455,就够了姜,3,蔬菜类及其制品,,,,可能是原生食材，但频次、命名或类别证据不足
13458,宽挂面,3,谷类及其制品,,,,可能是原生食材，但频次、命名或类别证据不足
13459,啦芝麻,3,坚果种子类,,,,可能是原生食材，但频次、命名或类别证据不足
13460,三肥七瘦肉馅,3,畜肉类及其制品,,,,可能是原生食材，但频次、命名或类别证据不足
13467,瘦肉粒,3,畜肉类及其制品,,,,可能是原生食材，但频次、命名或类别证据不足
13468,紫薯干,3,薯类淀粉及其制品,,,,可能是原生食材，但频次、命名或类别证据不足
13471,丝红椒丝,3,蔬菜类及其制品,丝红椒,,,形态描述存在，但原始食材无法确定
13472,红豆黑豆,3,干豆类及其制品,,,,可能是原生食材，但频次、命名或类别证据不足
13475,水白菜,3,蔬菜类及其制品,,,,可能是原生食材，但频次、命名或类别证据不足
13476,铁棍山药粉,3,薯类淀粉及其制品,,,,可能是原生食材，但频次、命名或类别证据不足
13477,定红薯粉,3,薯类淀粉及其制品,,,,可能是原生食材，但频次、命名或类别证据不足
13479,团肉末,3,畜肉类及其制品,团肉,,,形态描述存在，但原始食材无法确定
13483,一半量糯米,3,谷类及其制品,,,,可能是原生食材，但频次、命名或类别证据不足
13484,指一节大小姜,3,蔬菜类及其制品,,,,可能是原生食材，但频次、命名或类别证据不足
13485,辣椒葱花,3,蔬菜类及其制品,,,,可能是原生食材，但频次、命名或类别证据不足
13488,备蔬菜,3,蔬菜类及其制品,,,,可能是原生食材，但频次、命名或类别证据不足
13492,了百香果,3,水果类及其制品,,,,可能是原生食材，但频次、命名或类别证据不足
13493,细嫩茄子,3,蔬菜类及其制品,,,,可能是原生食材，但频次、命名或类别证据不足
13494,中粗玉米面,3,谷类及其制品,,,,可能是原生食材，但频次、命名或类别证据不足
13499,少葡萄,3,水果类及其制品,,,,可能是原生食材，但频次、命名或类别证据不足
13504,胡萝卜小丁,3,蔬菜类及其制品,胡萝卜小,,,形态描述存在，但原始食材无法确定
13505,调制肉馅,3,畜肉类及其制品,,,,可能是原生食材，但频次、命名或类别证据不足
13507,海南黄灯笼辣椒,3,蔬菜类及其制品,,,,可能是原生食材，但频次、命名或类别证据不足
13509,鸡胸肉馅,3,禽肉类及其制品,,,,可能是原生食材，但频次、命名或类别证据不足
13511,蛋液蛋黄,3,蛋类及其制品,,,,可能是原生食材，但频次、命名或类别证据不足
13521,食材蒜,3,蔬菜类及其制品,,,,可能是原生食材，但频次、命名或类别证据不足
13525,油葱姜蒜,3,蔬菜类及其制品,,,,可能是原生食材，但频次、命名或类别证据不足
13526,粉面子,3,谷类及其制品,,,,可能是原生食材，但频次、命名或类别证据不足
13527,潮汕番薯粉,3,薯类淀粉及其制品,,,,可能是原生食材，但频次、命名或类别证据不足
13529,香菇蘑菇,3,菌藻类,,,,可能是原生食材，但频次、命名或类别证据不足
13530,软骨排骨,3,畜肉类及其制品,,,,可能是原生食材，但频次、命名或类别证据不足
13533,牛心包菜,3,畜肉类及其制品,,,,可能是原生食材，但频次、命名或类别证据不足
13535,肉馅中,3,畜肉类及其制品,,,,可能是原生食材，但频次、命名或类别证据不足
13541,蛋大小紫薯,3,蛋类及其制品,,,,可能是原生食材，但频次、命名或类别证据不足
13544,表面料,3,谷类及其制品,,,,可能是原生食材，但频次、命名或类别证据不足
13546,和牛筋,3,畜肉类及其制品,牛筋,,,疑似多食材组合，但无法百分之百确认全部组成
13551,了朝天椒,3,蔬菜类及其制品,,,,可能是原生食材，但频次、命名或类别证据不足
13552,土豆泥粉,3,干豆类及其制品,,,,可能是原生食材，但频次、命名或类别证据不足
13553,牛排牛排,3,畜肉类及其制品,,,,可能是原生食材，但频次、命名或类别证据不足
13554,香菇口蘑,3,菌藻类,,,,可能是原生食材，但频次、命名或类别证据不足
13558,没过肉热水,3,畜肉类及其制品,,,,可能是原生食材，但频次、命名或类别证据不足
13560,蘑菇菌类,3,菌藻类,,,,可能是原生食材，但频次、命名或类别证据不足
13563,黄水果椒,3,蔬菜类及其制品,,,,可能是原生食材，但频次、命名或类别证据不足
13564,少西瓜,3,水果类及其制品,,,,可能是原生食材，但频次、命名或类别证据不足
13565,大地鱼粉,3,鱼虾蟹贝类,,,,可能是原生食材，但频次、命名或类别证据不足
13570,下蛋,3,蛋类及其制品,,,,可能是原生食材，但频次、命名或类别证据不足
13571,了黑木耳,3,菌藻类,,,,可能是原生食材，但频次、命名或类别证据不足
13573,都乐甜玉米粒,3,谷类及其制品,,,,可能是原生食材，但频次、命名或类别证据不足
13574,头新鲜大蒜,3,蔬菜类及其制品,,,,可能是原生食材，但频次、命名或类别证据不足
13576,面码,3,谷类及其制品,,,,可能是原生食材，但频次、命名或类别证据不足
13580,多途小麦粉,3,谷类及其制品,,,,可能是原生食材，但频次、命名或类别证据不足
13584,墨鱼粉,3,鱼虾蟹贝类,,,,可能是原生食材，但频次、命名或类别证据不足
13586,绿圆椒,3,蔬菜类及其制品,,,,可能是原生食材，但频次、命名或类别证据不足
13588,巴掌大紫菜,3,鱼虾蟹贝类,,,,可能是原生食材，但频次、命名或类别证据不足
13589,小节莲藕,3,薯类淀粉及其制品,,,,可能是原生食材，但频次、命名或类别证据不足
13591,面团中筋粉,3,谷类及其制品,,,,可能是原生食材，但频次、命名或类别证据不足
13593,杏桃,3,水果类及其制品,,,,可能是原生食材，但频次、命名或类别证据不足
13594,羊杂汤,3,畜肉类及其制品,,,,可能是原生食材，但频次、命名或类别证据不足
13595,去衣绿豆,3,干豆类及其制品,,,,可能是原生食材，但频次、命名或类别证据不足
13596,玉米粒儿,3,谷类及其制品,,,,可能是原生食材，但频次、命名或类别证据不足
13598,就好大葱,3,蔬菜类及其制品,,,,可能是原生食材，但频次、命名或类别证据不足
13600,火锅羊肉片,3,畜肉类及其制品,火锅羊肉,,,形态描述存在，但原始食材无法确定
13601,猪精瘦肉,3,畜肉类及其制品,,,,可能是原生食材，但频次、命名或类别证据不足
13603,鲜鱿鱼筒,3,鱼虾蟹贝类,,,,可能是原生食材，但频次、命名或类别证据不足
13604,火箭菜,3,蔬菜类及其制品,,,,可能是原生食材，但频次、命名或类别证据不足
13607,速食面,3,谷类及其制品,,,,可能是原生食材，但频次、命名或类别证据不足
13608,甜红豆,3,干豆类及其制品,,,,可能是原生食材，但频次、命名或类别证据不足
13610,香菜一丢丢,3,蔬菜类及其制品,,,,可能是原生食材，但频次、命名或类别证据不足
13613,梅菜扣肉,3,畜肉类及其制品,,,,可能是原生食材，但频次、命名或类别证据不足
13615,冰岛红鱼片,3,鱼虾蟹贝类,冰岛红鱼,,,形态描述存在，但原始食材无法确定
13616,燕麦面,3,谷类及其制品,,,,可能是原生食材，但频次、命名或类别证据不足
13617,炸肉,3,畜肉类及其制品,,,,可能是原生食材，但频次、命名或类别证据不足
13618,粉和水,3,其他类,粉|水,,,疑似多食材组合，但无法百分之百确认全部组成
13619,姜蓉姜,3,蔬菜类及其制品,,,,可能是原生食材，但频次、命名或类别证据不足
13620,手打牛筋丸,3,畜肉类及其制品,,,,可能是原生食材，但频次、命名或类别证据不足
13621,冷藏鸡蛋,3,禽肉类及其制品,,,,可能是原生食材，但频次、命名或类别证据不足
13626,后干香菇,3,菌藻类,,,,可能是原生食材，但频次、命名或类别证据不足
13630,百香果凝乳,3,水果类及其制品,,,,可能是原生食材，但频次、命名或类别证据不足
13631,蒜一样多姜,3,蔬菜类及其制品,,,,可能是原生食材，但频次、命名或类别证据不足
13634,各蔬菜,3,蔬菜类及其制品,,,,可能是原生食材，但频次、命名或类别证据不足
13640,重鸡蛋,3,禽肉类及其制品,,,,可能是原生食材，但频次、命名或类别证据不足
13643,韩国冷面,3,谷类及其制品,,,,可能是原生食材，但频次、命名或类别证据不足
13644,备大葱,3,蔬菜类及其制品,,,,可能是原生食材，但频次、命名或类别证据不足
13647,分瘦猪肉,3,畜肉类及其制品,,,,可能是原生食材，但频次、命名或类别证据不足
13648,胡萝卜细丁,3,蔬菜类及其制品,胡萝卜细,,,形态描述存在，但原始食材无法确定
13649,茎类蔬菜,3,蔬菜类及其制品,,,,可能是原生食材，但频次、命名或类别证据不足
13653,椰子浆,3,水果类及其制品,,,,可能是原生食材，但频次、命名或类别证据不足
13659,亚麻籽蛋,3,蛋类及其制品,,,,可能是原生食材，但频次、命名或类别证据不足
13660,剁块,3,其他类,剁,,,形态描述存在，但原始食材无法确定
13661,生南瓜子,3,坚果种子类,,,,可能是原生食材，但频次、命名或类别证据不足
13666,斤五花肉,3,畜肉类及其制品,,,,可能是原生食材，但频次、命名或类别证据不足
13669,就加香菜,3,蔬菜类及其制品,,,,可能是原生食材，但频次、命名或类别证据不足
13670,冰鲜鸡,3,禽肉类及其制品,,,,可能是原生食材，但频次、命名或类别证据不足
13671,少红辣椒,3,蔬菜类及其制品,,,,可能是原生食材，但频次、命名或类别证据不足
13672,油腌制肉,3,畜肉类及其制品,,,,可能是原生食材，但频次、命名或类别证据不足
13674,本地辣椒,3,蔬菜类及其制品,,,,可能是原生食材，但频次、命名或类别证据不足
13679,机黑麦粉,3,谷类及其制品,,,,可能是原生食材，但频次、命名或类别证据不足
13683,菜心白菜,3,蔬菜类及其制品,,,,可能是原生食材，但频次、命名或类别证据不足
13684,肥肉馅,3,畜肉类及其制品,,,,可能是原生食材，但频次、命名或类别证据不足
13685,燕麦杯,3,谷类及其制品,,,,可能是原生食材，但频次、命名或类别证据不足
13686,其他涮菜,3,蔬菜类及其制品,,,,可能是原生食材，但频次、命名或类别证据不足
13688,台贺糯米船,3,谷类及其制品,,,,可能是原生食材，但频次、命名或类别证据不足
13691,口味薯片,3,薯类淀粉及其制品,口味薯,,,形态描述存在，但原始食材无法确定
13697,麻仁,3,坚果种子类,,,,可能是原生食材，但频次、命名或类别证据不足
13698,小龙虾尾,3,鱼虾蟹贝类,,,,可能是原生食材，但频次、命名或类别证据不足
13699,自己喜爱蔬菜,3,蔬菜类及其制品,,,,可能是原生食材，但频次、命名或类别证据不足
13701,小冬瓜,3,蔬菜类及其制品,,,,可能是原生食材，但频次、命名或类别证据不足
13703,斜管面,3,谷类及其制品,,,,可能是原生食材，但频次、命名或类别证据不足
13704,绿花椰菜,3,蔬菜类及其制品,,,,可能是原生食材，但频次、命名或类别证据不足
13705,干薄荷碎,3,蔬菜类及其制品,干薄荷,,,形态描述存在，但原始食材无法确定
13708,虾仁虾,3,鱼虾蟹贝类,,,,可能是原生食材，但频次、命名或类别证据不足
13709,塔摩西藜麦,3,谷类及其制品,,,,可能是原生食材，但频次、命名或类别证据不足
13710,硬桃子,3,水果类及其制品,,,,可能是原生食材，但频次、命名或类别证据不足
13711,各种蔬菜肉类,3,畜肉类及其制品,,,,可能是原生食材，但频次、命名或类别证据不足
13715,各种蔬菜蔬菜,3,蔬菜类及其制品,,,,可能是原生食材，但频次、命名或类别证据不足
13718,半枚鸡蛋,3,禽肉类及其制品,,,,可能是原生食材，但频次、命名或类别证据不足
13721,芝麻糊粉,3,坚果种子类,,,,可能是原生食材，但频次、命名或类别证据不足
13723,就好枸杞,3,坚果种子类,,,,可能是原生食材，但频次、命名或类别证据不足
13724,姜葱蒜头,3,蔬菜类及其制品,,,,可能是原生食材，但频次、命名或类别证据不足
13728,半全麦粉,3,谷类及其制品,,,,可能是原生食材，但频次、命名或类别证据不足
13732,宝宝挂面,3,谷类及其制品,,,,可能是原生食材，但频次、命名或类别证据不足
13733,蛋三明治,3,蛋类及其制品,,,,可能是原生食材，但频次、命名或类别证据不足
13736,海鲜肉类,3,鱼虾蟹贝类,,,,可能是原生食材，但频次、命名或类别证据不足
13739,二段,3,其他类,二,,,形态描述存在，但原始食材无法确定
13740,蒜胡萝卜,3,蔬菜类及其制品,,,,可能是原生食材，但频次、命名或类别证据不足
13742,紫把茄子,3,蔬菜类及其制品,,,,可能是原生食材，但频次、命名或类别证据不足
13743,萝卜馅,3,蔬菜类及其制品,,,,可能是原生食材，但频次、命名或类别证据不足
13745,芹菜配菜,3,蔬菜类及其制品,,,,可能是原生食材，但频次、命名或类别证据不足
13746,谷饲肥牛卷,3,畜肉类及其制品,,,,可能是原生食材，但频次、命名或类别证据不足
13747,鱼香料,3,鱼虾蟹贝类,,,,可能是原生食材，但频次、命名或类别证据不足
13749,剩洋葱,3,蔬菜类及其制品,,,,可能是原生食材，但频次、命名或类别证据不足
13754,大米水,3,谷类及其制品,,,,可能是原生食材，但频次、命名或类别证据不足
13756,姜饼屋,3,蔬菜类及其制品,,,,可能是原生食材，但频次、命名或类别证据不足
13759,人数定五花肉,3,畜肉类及其制品,,,,可能是原生食材，但频次、命名或类别证据不足
13769,青红指天椒,3,蔬菜类及其制品,,,,可能是原生食材，但频次、命名或类别证据不足
13770,就好芝麻,3,坚果种子类,,,,可能是原生食材，但频次、命名或类别证据不足
13771,丝黄瓜,3,蔬菜类及其制品,,,,可能是原生食材，但频次、命名或类别证据不足
13772,类青菜,3,蔬菜类及其制品,,,,可能是原生食材，但频次、命名或类别证据不足
13778,菇蟹味菇,3,鱼虾蟹贝类,,,,可能是原生食材，但频次、命名或类别证据不足
13779,生榛子,3,坚果种子类,,,,可能是原生食材，但频次、命名或类别证据不足
13780,草莓层,3,水果类及其制品,,,,可能是原生食材，但频次、命名或类别证据不足
13788,白芝麻仁,3,坚果种子类,,,,可能是原生食材，但频次、命名或类别证据不足
13790,白萝卜胡萝卜,3,蔬菜类及其制品,,,,可能是原生食材，但频次、命名或类别证据不足
13793,红辣椒红辣椒,3,蔬菜类及其制品,,,,可能是原生食材，但频次、命名或类别证据不足
13794,玉米粒和青豆粒,3,干豆类及其制品,玉米粒|青豆粒,,,疑似多食材组合，但无法百分之百确认全部组成
13795,多苹果,3,水果类及其制品,,,,可能是原生食材，但频次、命名或类别证据不足
13796,红小扁豆,3,干豆类及其制品,,,,可能是原生食材，但频次、命名或类别证据不足
13797,大波浪薯片,3,薯类淀粉及其制品,大波浪薯,,,形态描述存在，但原始食材无法确定
13800,大豆蛋白粉,3,蛋类及其制品,,,,可能是原生食材，但频次、命名或类别证据不足
13801,人量猪肉,3,畜肉类及其制品,,,,可能是原生食材，但频次、命名或类别证据不足
13802,中筋白面,3,谷类及其制品,,,,可能是原生食材，但频次、命名或类别证据不足
13803,豆制品类,3,干豆类及其制品,,,,可能是原生食材，但频次、命名或类别证据不足
13804,日式素面,3,谷类及其制品,,,,可能是原生食材，但频次、命名或类别证据不足
13810,菇四季豆,3,菌藻类,,,,可能是原生食材，但频次、命名或类别证据不足
13814,油酥黄豆,3,干豆类及其制品,,,,可能是原生食材，但频次、命名或类别证据不足
13816,春鱼,3,鱼虾蟹贝类,,,,可能是原生食材，但频次、命名或类别证据不足
13819,里脊猪肉,3,畜肉类及其制品,,,,可能是原生食材，但频次、命名或类别证据不足
13821,绿色猕猴桃,3,水果类及其制品,,,,可能是原生食材，但频次、命名或类别证据不足
13822,大小红辣椒,3,蔬菜类及其制品,,,,可能是原生食材，但频次、命名或类别证据不足
13831,薄片猪肉,3,畜肉类及其制品,,,,可能是原生食材，但频次、命名或类别证据不足
13832,盆小白菜,3,蔬菜类及其制品,,,,可能是原生食材，但频次、命名或类别证据不足
13834,生姜小葱,3,蔬菜类及其制品,,,,可能是原生食材，但频次、命名或类别证据不足
13836,机糯米,3,谷类及其制品,,,,可能是原生食材，但频次、命名或类别证据不足
13841,鸡鸡杂,3,禽肉类及其制品,,,,可能是原生食材，但频次、命名或类别证据不足
13843,剁碎薄荷,3,蔬菜类及其制品,,,,可能是原生食材，但频次、命名或类别证据不足
13844,干冷面,3,谷类及其制品,,,,可能是原生食材，但频次、命名或类别证据不足
13846,小茄子,3,蔬菜类及其制品,,,,可能是原生食材，但频次、命名或类别证据不足
13847,香菜&小葱,3,蔬菜类及其制品,香菜|葱,,,分隔符明确连接多个独立基础食材；克数无法可靠分摊
13848,春光纯椰子粉,3,水果类及其制品,,,,可能是原生食材，但频次、命名或类别证据不足
13850,香橙精,3,水果类及其制品,,,,可能是原生食材，但频次、命名或类别证据不足
13857,大小蛋黄,3,蛋类及其制品,,,,可能是原生食材，但频次、命名或类别证据不足
13860,黄瓜切薄片,3,蔬菜类及其制品,黄瓜切薄,,,形态描述存在，但原始食材无法确定
13861,青菜香菇馅,3,菌藻类,,,,可能是原生食材，但频次、命名或类别证据不足
13864,鸡肉鸡肉,3,禽肉类及其制品,,,,可能是原生食材，但频次、命名或类别证据不足
13865,拉条子面,3,谷类及其制品,,,,可能是原生食材，但频次、命名或类别证据不足
13867,辣就多放辣椒,3,蔬菜类及其制品,,,,可能是原生食材，但频次、命名或类别证据不足
13868,小块五花肉,3,畜肉类及其制品,,,,可能是原生食材，但频次、命名或类别证据不足
13869,弥渡酸腌菜,3,蔬菜类及其制品,,,,可能是原生食材，但频次、命名或类别证据不足
13870,少蒜蓉,3,蔬菜类及其制品,,,,可能是原生食材，但频次、命名或类别证据不足
13871,菜卷,3,蔬菜类及其制品,,,,可能是原生食材，但频次、命名或类别证据不足
13872,和核桃仁,3,水果类及其制品,核桃仁,,,疑似多食材组合，但无法百分之百确认全部组成
13873,葱花和香菜,3,蔬菜类及其制品,葱花|香菜,,,疑似多食材组合，但无法百分之百确认全部组成
13874,咸鸡蛋黄,3,禽肉类及其制品,,,,可能是原生食材，但频次、命名或类别证据不足
13876,黑土豆,3,干豆类及其制品,,,,可能是原生食材，但频次、命名或类别证据不足
13878,捏白芝麻,3,坚果种子类,,,,可能是原生食材，但频次、命名或类别证据不足
13881,青椒辣椒,3,蔬菜类及其制品,,,,可能是原生食材，但频次、命名或类别证据不足
13883,炒花生米,3,谷类及其制品,,少许炒花生米 || 一把炒花生米 || 3—4汤匙炒花生米,46166|128692|138487,可能是原生食材，但频次、命名或类别证据不足
13887,磨坊罗勒叶,3,蔬菜类及其制品,,,,可能是原生食材，但频次、命名或类别证据不足
13888,螺丝辣子,3,鱼虾蟹贝类,,,,可能是原生食材，但频次、命名或类别证据不足
13889,少青椒,3,蔬菜类及其制品,,,,可能是原生食材，但频次、命名或类别证据不足
13891,哈哈西兰花,3,蔬菜类及其制品,,,,可能是原生食材，但频次、命名或类别证据不足
13894,瓜玉米,3,谷类及其制品,,,,可能是原生食材，但频次、命名或类别证据不足
13896,咸鸭,3,禽肉类及其制品,,,,可能是原生食材，但频次、命名或类别证据不足
13898,肉夹馍,3,畜肉类及其制品,,,,可能是原生食材，但频次、命名或类别证据不足
13901,纯荞麦面,3,谷类及其制品,,,,可能是原生食材，但频次、命名或类别证据不足
13902,就好黑芝麻,3,坚果种子类,,,,可能是原生食材，但频次、命名或类别证据不足
13904,芥兰梗,3,蔬菜类及其制品,,,,可能是原生食材，但频次、命名或类别证据不足
13905,自己定鸡蛋,3,禽肉类及其制品,,,,可能是原生食材，但频次、命名或类别证据不足
13906,米加水,3,谷类及其制品,,,,可能是原生食材，但频次、命名或类别证据不足
13908,薄片西红柿,3,蔬菜类及其制品,,,,可能是原生食材，但频次、命名或类别证据不足
13915,厚猪里脊,3,畜肉类及其制品,,,,可能是原生食材，但频次、命名或类别证据不足
13916,一胡萝卜,3,蔬菜类及其制品,,,,可能是原生食材，但频次、命名或类别证据不足
13918,白花椰菜,3,蔬菜类及其制品,,,,可能是原生食材，但频次、命名或类别证据不足
13919,青口肉,3,畜肉类及其制品,,,,可能是原生食材，但频次、命名或类别证据不足
13921,酸甜萝卜,3,蔬菜类及其制品,,,,可能是原生食材，但频次、命名或类别证据不足
13923,和枸杞,3,坚果种子类,枸杞,,,疑似多食材组合，但无法百分之百确认全部组成
13924,健康蔬菜,3,蔬菜类及其制品,,,,可能是原生食材，但频次、命名或类别证据不足
13935,长一段葱白,3,蔬菜类及其制品,,,,可能是原生食材，但频次、命名或类别证据不足
13937,牡丹虾,3,鱼虾蟹贝类,,,,可能是原生食材，但频次、命名或类别证据不足
13938,种青菜,3,蔬菜类及其制品,,,,可能是原生食材，但频次、命名或类别证据不足
13942,燕麦脆片,3,谷类及其制品,燕麦脆,,,形态描述存在，但原始食材无法确定
13945,泡发好银耳,3,菌藻类,,,,可能是原生食材，但频次、命名或类别证据不足
13948,想吃蔬菜,3,蔬菜类及其制品,,,,可能是原生食材，但频次、命名或类别证据不足
13950,白菜芹菜,3,蔬菜类及其制品,,,,可能是原生食材，但频次、命名或类别证据不足
13956,干青豆,3,干豆类及其制品,,,,可能是原生食材，但频次、命名或类别证据不足
13957,土豆玉米,3,干豆类及其制品,,,,可能是原生食材，但频次、命名或类别证据不足
13962,猪后蹄,3,畜肉类及其制品,,,,可能是原生食材，但频次、命名或类别证据不足
13963,青椒黄瓜,3,蔬菜类及其制品,,,,可能是原生食材，但频次、命名或类别证据不足
13964,状蔬菜,3,蔬菜类及其制品,,,,可能是原生食材，但频次、命名或类别证据不足
13967,牛肉猪肉,3,畜肉类及其制品,,,,可能是原生食材，但频次、命名或类别证据不足
13971,泡好糯米,3,谷类及其制品,,,,可能是原生食材，但频次、命名或类别证据不足
13977,姜丝香菜,3,蔬菜类及其制品,,,,可能是原生食材，但频次、命名或类别证据不足
13980,野生紫菜,3,鱼虾蟹贝类,,,,可能是原生食材，但频次、命名或类别证据不足
13982,肉料,3,畜肉类及其制品,,,,可能是原生食材，但频次、命名或类别证据不足
13983,木耳洋葱,3,菌藻类,,,,可能是原生食材，但频次、命名或类别证据不足
13988,糯米团子,3,谷类及其制品,,,,可能是原生食材，但频次、命名或类别证据不足
13990,西瓜西瓜,3,水果类及其制品,,,,可能是原生食材，但频次、命名或类别证据不足
13991,椴木香菇,3,菌藻类,,,,可能是原生食材，但频次、命名或类别证据不足
13992,姜块姜,3,蔬菜类及其制品,,,,可能是原生食材，但频次、命名或类别证据不足
13993,甜草莓,3,水果类及其制品,,,,可能是原生食材，但频次、命名或类别证据不足
13997,炸带鱼,3,鱼虾蟹贝类,,,,可能是原生食材，但频次、命名或类别证据不足
14001,白芝麻葱花,3,坚果种子类,,,,可能是原生食材，但频次、命名或类别证据不足
14003,青红黄灯笼椒,3,蔬菜类及其制品,,,,可能是原生食材，但频次、命名或类别证据不足
14004,葉菜,3,蔬菜类及其制品,,,,可能是原生食材，但频次、命名或类别证据不足
14005,蘑菇蘑菇,3,菌藻类,,,,可能是原生食材，但频次、命名或类别证据不足
14006,常新鲜鸡蛋,3,禽肉类及其制品,,,,可能是原生食材，但频次、命名或类别证据不足
14018,椒可放可不放,3,蔬菜类及其制品,,,,可能是原生食材，但频次、命名或类别证据不足
14021,牛肉大葱馅,3,畜肉类及其制品,,,,可能是原生食材，但频次、命名或类别证据不足
14023,海带嫩芽,3,鱼虾蟹贝类,,,,可能是原生食材，但频次、命名或类别证据不足
14025,越光米,3,谷类及其制品,,,,可能是原生食材，但频次、命名或类别证据不足
14027,鸡公,3,禽肉类及其制品,,,,可能是原生食材，但频次、命名或类别证据不足
14028,肉丝馅,3,畜肉类及其制品,,,,可能是原生食材，但频次、命名或类别证据不足
14029,各种喜爱蔬菜,3,蔬菜类及其制品,,,,可能是原生食材，但频次、命名或类别证据不足
14034,忌廉鸡汤,3,禽肉类及其制品,,,,可能是原生食材，但频次、命名或类别证据不足
14036,没过排骨水,3,畜肉类及其制品,,,,可能是原生食材，但频次、命名或类别证据不足
14037,红糯米,3,谷类及其制品,,,,可能是原生食材，但频次、命名或类别证据不足
14038,剩肉馅,3,畜肉类及其制品,,,,可能是原生食材，但频次、命名或类别证据不足
14041,精肉猪肉,3,畜肉类及其制品,,,,可能是原生食材，但频次、命名或类别证据不足
14048,鸡蛋一半水,3,禽肉类及其制品,,,,可能是原生食材，但频次、命名或类别证据不足
14050,手工红薯粉,3,薯类淀粉及其制品,,,,可能是原生食材，但频次、命名或类别证据不足
14051,橙皮末,3,其他,橙皮,,,形态描述存在，但原始食材无法确定
14060,甜蟹,3,鱼虾蟹贝类,,,,可能是原生食材，但频次、命名或类别证据不足
14061,机南瓜,3,蔬菜类及其制品,,,,可能是原生食材，但频次、命名或类别证据不足
14063,蛋打散蛋液,3,蛋类及其制品,,,,可能是原生食材，但频次、命名或类别证据不足
14064,大蒜叶子,3,蔬菜类及其制品,,,,可能是原生食材，但频次、命名或类别证据不足
14065,香菜香菜,3,蔬菜类及其制品,,,,可能是原生食材，但频次、命名或类别证据不足
14071,来牛肉,3,畜肉类及其制品,,,,可能是原生食材，但频次、命名或类别证据不足
14076,菜豆芽,3,干豆类及其制品,,,,可能是原生食材，但频次、命名或类别证据不足
14078,了番茄,3,蔬菜类及其制品,,,,可能是原生食材，但频次、命名或类别证据不足
14079,成肉馅,3,畜肉类及其制品,,,,可能是原生食材，但频次、命名或类别证据不足
14081,可彩椒,3,蔬菜类及其制品,,,,可能是原生食材，但频次、命名或类别证据不足
14082,背脊肉,3,畜肉类及其制品,,,,可能是原生食材，但频次、命名或类别证据不足
14083,就好三文鱼,3,鱼虾蟹贝类,,,,可能是原生食材，但频次、命名或类别证据不足
14084,葱花辣椒,3,蔬菜类及其制品,,,,可能是原生食材，但频次、命名或类别证据不足
14088,自己想吃蔬菜,3,蔬菜类及其制品,,,,可能是原生食材，但频次、命名或类别证据不足
14090,莓冰块,3,其他类,莓冰,,,形态描述存在，但原始食材无法确定
14091,紫苏拌饭料,3,蔬菜类及其制品,,,,可能是原生食材，但频次、命名或类别证据不足
14095,种菇,3,菌藻类,,,,可能是原生食材，但频次、命名或类别证据不足
14098,长寿面,3,谷类及其制品,,,,可能是原生食材，但频次、命名或类别证据不足
14099,人量鸡蛋面,3,禽肉类及其制品,,,,可能是原生食材，但频次、命名或类别证据不足
14104,肉鬆,3,畜肉类及其制品,,,,可能是原生食材，但频次、命名或类别证据不足
14111,高山土豆,3,干豆类及其制品,,,,可能是原生食材，但频次、命名或类别证据不足
14114,啦红枣,3,坚果种子类,,,,可能是原生食材，但频次、命名或类别证据不足
14115,香菜木耳,3,菌藻类,,,,可能是原生食材，但频次、命名或类别证据不足
14121,无所谓洋葱,3,蔬菜类及其制品,,,,可能是原生食材，但频次、命名或类别证据不足
14122,剩余蛋黄,3,蛋类及其制品,,,,可能是原生食材，但频次、命名或类别证据不足
14123,米和小米,3,谷类及其制品,米|小米,,,疑似多食材组合，但无法百分之百确认全部组成
14125,香菌,3,菌藻类,,,,可能是原生食材，但频次、命名或类别证据不足
14126,儿红枣,3,坚果种子类,,,,可能是原生食材，但频次、命名或类别证据不足
14133,西芹菜,3,蔬菜类及其制品,,,,可能是原生食材，但频次、命名或类别证据不足
14137,橙子水,3,水果类及其制品,,,,可能是原生食材，但频次、命名或类别证据不足
14138,肉卤,3,畜肉类及其制品,,,,可能是原生食材，但频次、命名或类别证据不足
14139,了蒜蒜,3,蔬菜类及其制品,,,,可能是原生食材，但频次、命名或类别证据不足
14142,海带裙,3,鱼虾蟹贝类,,,,可能是原生食材，但频次、命名或类别证据不足
14143,干香芹碎,3,蔬菜类及其制品,干香芹,,,形态描述存在，但原始食材无法确定
14146,蓝龙虾,3,鱼虾蟹贝类,,,,可能是原生食材，但频次、命名或类别证据不足
14147,蛋黃醬,3,蛋类及其制品,,,,可能是原生食材，但频次、命名或类别证据不足
14148,啥菜,3,蔬菜类及其制品,,,,可能是原生食材，但频次、命名或类别证据不足
14150,小个鸡蛋,3,禽肉类及其制品,,,,可能是原生食材，但频次、命名或类别证据不足
14151,每天鸡蛋,3,禽肉类及其制品,,,,可能是原生食材，但频次、命名或类别证据不足
14153,西红柿汤,3,蔬菜类及其制品,,,,可能是原生食材，但频次、命名或类别证据不足
14157,大小草莓,3,水果类及其制品,,,,可能是原生食材，但频次、命名或类别证据不足
14159,南美大对虾,3,鱼虾蟹贝类,,,,可能是原生食材，但频次、命名或类别证据不足
14160,小粒花生米,3,谷类及其制品,,,,可能是原生食材，但频次、命名或类别证据不足
14161,螺旋通心粉,3,鱼虾蟹贝类,,,,可能是原生食材，但频次、命名或类别证据不足
14162,麦混合粉,3,谷类及其制品,,,,可能是原生食材，但频次、命名或类别证据不足
14164,寿桃牌瑶柱面,3,水果类及其制品,,,,可能是原生食材，但频次、命名或类别证据不足
14167,红绿小米辣,3,谷类及其制品,,,,可能是原生食材，但频次、命名或类别证据不足
14168,泡发好黑木耳,3,菌藻类,,,,可能是原生食材，但频次、命名或类别证据不足
14171,盘菜,3,蔬菜类及其制品,,,,可能是原生食材，但频次、命名或类别证据不足
14172,牛肉泡面,3,畜肉类及其制品,,,,可能是原生食材，但频次、命名或类别证据不足
14173,鸡蛋共,3,禽肉类及其制品,,,,可能是原生食材，但频次、命名或类别证据不足
14181,子苹果,3,水果类及其制品,,,,可能是原生食材，但频次、命名或类别证据不足
14184,意小西红柿,3,蔬菜类及其制品,,,,可能是原生食材，但频次、命名或类别证据不足
14187,葱蒜小米辣,3,谷类及其制品,,,,可能是原生食材，但频次、命名或类别证据不足
14190,白色洋葱,3,蔬菜类及其制品,,,,可能是原生食材，但频次、命名或类别证据不足
14192,耐煮蔬菜,3,蔬菜类及其制品,,,,可能是原生食材，但频次、命名或类别证据不足
14194,鱼带鱼,3,鱼虾蟹贝类,,,,可能是原生食材，但频次、命名或类别证据不足
14195,了茄子,3,蔬菜类及其制品,,,,可能是原生食材，但频次、命名或类别证据不足
14196,行大蒜,3,蔬菜类及其制品,,,,可能是原生食材，但频次、命名或类别证据不足
14199,车厘茄,3,蔬菜类及其制品,,,,可能是原生食材，但频次、命名或类别证据不足
14200,头蒜蒜,3,蔬菜类及其制品,,,,可能是原生食材，但频次、命名或类别证据不足
14202,小根胡萝卜,3,蔬菜类及其制品,,,,可能是原生食材，但频次、命名或类别证据不足
14204,口味尖椒,3,蔬菜类及其制品,,,,可能是原生食材，但频次、命名或类别证据不足
14205,各猕猴桃,3,水果类及其制品,,,,可能是原生食材，但频次、命名或类别证据不足
14207,菜片,3,蔬菜类及其制品,菜,,,形态描述存在，但原始食材无法确定
14209,新鲜胡豆,3,干豆类及其制品,,,,可能是原生食材，但频次、命名或类别证据不足
14211,米混合,3,谷类及其制品,,,,可能是原生食材，但频次、命名或类别证据不足
14215,糯米混合,3,谷类及其制品,,,,可能是原生食材，但频次、命名或类别证据不足
14216,钵钵鸡,3,禽肉类及其制品,,,,可能是原生食材，但频次、命名或类别证据不足
14217,我没放葱,3,蔬菜类及其制品,,,,可能是原生食材，但频次、命名或类别证据不足
14221,椒各彩椒,3,蔬菜类及其制品,,,,可能是原生食材，但频次、命名或类别证据不足
14223,冬南瓜,3,蔬菜类及其制品,,,,可能是原生食材，但频次、命名或类别证据不足
14224,定手擀面,3,谷类及其制品,,,,可能是原生食材，但频次、命名或类别证据不足
14225,据个人口味胡萝卜,3,蔬菜类及其制品,,,,可能是原生食材，但频次、命名或类别证据不足
14229,马交咸鱼,3,鱼虾蟹贝类,,,,可能是原生食材，但频次、命名或类别证据不足
14230,黑芝麻燕麦,3,坚果种子类,,,,可能是原生食材，但频次、命名或类别证据不足
14242,枸杞桂圆,3,坚果种子类,,,,可能是原生食材，但频次、命名或类别证据不足
14247,山豆角,3,干豆类及其制品,,,,可能是原生食材，但频次、命名或类别证据不足
14252,炒蘑菇,3,菌藻类,,,,可能是原生食材，但频次、命名或类别证据不足
14253,多点大蒜,3,蔬菜类及其制品,,多点大蒜,134119,可能是原生食材，但频次、命名或类别证据不足
14254,生姜切丝,3,蔬菜类及其制品,生姜切,,,形态描述存在，但原始食材无法确定
14258,肉排骨,3,畜肉类及其制品,,,,可能是原生食材，但频次、命名或类别证据不足
14259,原粒燕麦,3,谷类及其制品,,,,可能是原生食材，但频次、命名或类别证据不足
14260,面即可水,3,谷类及其制品,,,,可能是原生食材，但频次、命名或类别证据不足
14267,蓝贻贝,3,鱼虾蟹贝类,,,,可能是原生食材，但频次、命名或类别证据不足
14268,配蔬菜,3,蔬菜类及其制品,,,,可能是原生食材，但频次、命名或类别证据不足
14273,菜篮子,3,蔬菜类及其制品,,,,可能是原生食材，但频次、命名或类别证据不足
14274,节白萝卜,3,蔬菜类及其制品,,,,可能是原生食材，但频次、命名或类别证据不足
14278,腌鸡肉料,3,禽肉类及其制品,,,,可能是原生食材，但频次、命名或类别证据不足
14280,〉葱,3,蔬菜类及其制品,,,,可能是原生食材，但频次、命名或类别证据不足
14283,深海鳕鱼,3,鱼虾蟹贝类,,,,可能是原生食材，但频次、命名或类别证据不足
14287,鲤鱼鱼,3,鱼虾蟹贝类,,,,可能是原生食材，但频次、命名或类别证据不足
14296,少红枣,3,坚果种子类,,,,可能是原生食材，但频次、命名或类别证据不足
14303,麻辣小龙虾,3,鱼虾蟹贝类,,,,可能是原生食材，但频次、命名或类别证据不足
14304,红薏仁,3,坚果种子类,,,,可能是原生食材，但频次、命名或类别证据不足
14305,红粳米,3,谷类及其制品,,,,可能是原生食材，但频次、命名或类别证据不足
14307,洋葱大蒜,3,蔬菜类及其制品,,,,可能是原生食材，但频次、命名或类别证据不足
14309,备全蛋液,3,蛋类及其制品,,,,可能是原生食材，但频次、命名或类别证据不足
14311,了牛肉,3,畜肉类及其制品,,,,可能是原生食材，但频次、命名或类别证据不足
14312,白蚬,3,鱼虾蟹贝类,,,,可能是原生食材，但频次、命名或类别证据不足
14316,虾尾小龙虾,3,鱼虾蟹贝类,,,,可能是原生食材，但频次、命名或类别证据不足
14318,麻薯夹心,3,薯类淀粉及其制品,,,,可能是原生食材，但频次、命名或类别证据不足
14323,杏仁蛋白饼,3,水果类及其制品,,,,可能是原生食材，但频次、命名或类别证据不足
14324,机洋葱,3,蔬菜类及其制品,,,,可能是原生食材，但频次、命名或类别证据不足
14325,葱花沫,3,蔬菜类及其制品,,,,可能是原生食材，但频次、命名或类别证据不足
14326,卤菜香料,3,蔬菜类及其制品,,,,可能是原生食材，但频次、命名或类别证据不足
14327,胡萝卜青豆玉米丁,3,干豆类及其制品,胡萝卜青豆玉米,,,形态描述存在，但原始食材无法确定
14328,腰果杏仁,3,水果类及其制品,,,,可能是原生食材，但频次、命名或类别证据不足
14337,菊花瓣,3,其他类,菊花,,,形态描述存在，但原始食材无法确定
14340,荠菜猪肉馅,3,畜肉类及其制品,,,,可能是原生食材，但频次、命名或类别证据不足
14342,老鹅,3,禽肉类及其制品,,,,可能是原生食材，但频次、命名或类别证据不足
14345,鸡蛋炒面,3,禽肉类及其制品,,,,可能是原生食材，但频次、命名或类别证据不足
14346,油肉,3,畜肉类及其制品,,,,可能是原生食材，但频次、命名或类别证据不足
14347,弯管面,3,谷类及其制品,,,,可能是原生食材，但频次、命名或类别证据不足
14356,三段葱姜蒜,3,蔬菜类及其制品,,,,可能是原生食材，但频次、命名或类别证据不足
14358,藕藕,3,薯类淀粉及其制品,,,,可能是原生食材，但频次、命名或类别证据不足
14359,蛋白营养粉,3,蛋类及其制品,,,,可能是原生食材，但频次、命名或类别证据不足
14360,子燕麦,3,谷类及其制品,,,,可能是原生食材，但频次、命名或类别证据不足
14365,农家土鸡,3,禽肉类及其制品,,,,可能是原生食材，但频次、命名或类别证据不足
14366,调整鸡蛋,3,禽肉类及其制品,,,,可能是原生食材，但频次、命名或类别证据不足
14367,虾仁意面,3,鱼虾蟹贝类,,,,可能是原生食材，但频次、命名或类别证据不足
14369,哦葱姜蒜,3,蔬菜类及其制品,,,,可能是原生食材，但频次、命名或类别证据不足
14372,脆紫菜,3,鱼虾蟹贝类,,,,可能是原生食材，但频次、命名或类别证据不足
14374,菇蘑菇,3,菌藻类,,,,可能是原生食材，但频次、命名或类别证据不足
14375,玉米衣,3,谷类及其制品,,,,可能是原生食材，但频次、命名或类别证据不足
14376,柠檬夹心,3,水果类及其制品,,,,可能是原生食材，但频次、命名或类别证据不足
14385,芫茜菜,3,蔬菜类及其制品,,,,可能是原生食材，但频次、命名或类别证据不足
14386,琯溪蜜柚,3,水果类及其制品,,,,可能是原生食材，但频次、命名或类别证据不足
14387,欧芹碎叶,3,蔬菜类及其制品,,,,可能是原生食材，但频次、命名或类别证据不足
14388,部位牛肉,3,畜肉类及其制品,,,,可能是原生食材，但频次、命名或类别证据不足
14390,碟芹菜末,3,蔬菜类及其制品,碟芹菜,,,形态描述存在，但原始食材无法确定
14393,多红枣,3,坚果种子类,,,,可能是原生食材，但频次、命名或类别证据不足
14397,头蘑菇,3,菌藻类,,,,可能是原生食材，但频次、命名或类别证据不足
14401,一绺韭菜,3,蔬菜类及其制品,,,,可能是原生食材，但频次、命名或类别证据不足
14402,响水大米,3,谷类及其制品,,,,可能是原生食材，但频次、命名或类别证据不足
14403,炖好五花肉,3,畜肉类及其制品,,,,可能是原生食材，但频次、命名或类别证据不足
14404,墨西哥椒,3,蔬菜类及其制品,,,,可能是原生食材，但频次、命名或类别证据不足
14407,自己口味肉末,3,畜肉类及其制品,自己口味肉,,,形态描述存在，但原始食材无法确定
14409,溏心卤蛋,3,蛋类及其制品,,,,可能是原生食材，但频次、命名或类别证据不足
14410,碟白芝麻,3,坚果种子类,,,,可能是原生食材，但频次、命名或类别证据不足
14411,青椒红辣椒,3,蔬菜类及其制品,,,,可能是原生食材，但频次、命名或类别证据不足
14412,白肉火龙果,3,水果类及其制品,,,,可能是原生食材，但频次、命名或类别证据不足
14413,黑山猪里脊,3,畜肉类及其制品,,,,可能是原生食材，但频次、命名或类别证据不足
14416,黄豆水,3,干豆类及其制品,,,,可能是原生食材，但频次、命名或类别证据不足
14418,油蒜,3,蔬菜类及其制品,,,,可能是原生食材，但频次、命名或类别证据不足
14419,紫菜饼,3,鱼虾蟹贝类,,,,可能是原生食材，但频次、命名或类别证据不足
14420,大米面,3,谷类及其制品,,,,可能是原生食材，但频次、命名或类别证据不足
14421,头粟米,3,谷类及其制品,,,,可能是原生食材，但频次、命名或类别证据不足
14424,意面料,3,谷类及其制品,,,,可能是原生食材，但频次、命名或类别证据不足
14428,定香葱,3,蔬菜类及其制品,,,,可能是原生食材，但频次、命名或类别证据不足
14429,少朝天椒,3,蔬菜类及其制品,,,,可能是原生食材，但频次、命名或类别证据不足
14430,贡米,3,谷类及其制品,,,,可能是原生食材，但频次、命名或类别证据不足
14435,绿色开心果,3,坚果种子类,,,,可能是原生食材，但频次、命名或类别证据不足
14438,黑藜麦,3,谷类及其制品,,,,可能是原生食材，但频次、命名或类别证据不足
14441,螺蛳椒,3,鱼虾蟹贝类,,,,可能是原生食材，但频次、命名或类别证据不足
14442,玉米茬,3,谷类及其制品,,,,可能是原生食材，但频次、命名或类别证据不足
14443,娃娃菜蔬菜,3,蔬菜类及其制品,,,,可能是原生食材，但频次、命名或类别证据不足
14446,儿童意面,3,谷类及其制品,,,,可能是原生食材，但频次、命名或类别证据不足
14449,姜葱姜,3,蔬菜类及其制品,,,,可能是原生食材，但频次、命名或类别证据不足
14452,黄心小土豆,3,干豆类及其制品,,,,可能是原生食材，但频次、命名或类别证据不足
14453,本地南瓜,3,蔬菜类及其制品,,,,可能是原生食材，但频次、命名或类别证据不足
14454,莴苣嫩叶,3,蔬菜类及其制品,,,,可能是原生食材，但频次、命名或类别证据不足
14459,浓鸡汤,3,禽肉类及其制品,,,,可能是原生食材，但频次、命名或类别证据不足
14461,鸡蛋蛋清鸡蛋清,3,禽肉类及其制品,,,,可能是原生食材，但频次、命名或类别证据不足
14463,鸡汤粉,3,禽肉类及其制品,,,,可能是原生食材，但频次、命名或类别证据不足
14465,南美大虾,3,鱼虾蟹贝类,,,,可能是原生食材，但频次、命名或类别证据不足
14468,合菜,3,蔬菜类及其制品,,,,可能是原生食材，但频次、命名或类别证据不足
14473,情况牛肉,3,畜肉类及其制品,,,,可能是原生食材，但频次、命名或类别证据不足
14475,蔓越莓乾,3,水果类及其制品,,,,可能是原生食材，但频次、命名或类别证据不足
14476,一段青瓜,3,蔬菜类及其制品,,,,可能是原生食材，但频次、命名或类别证据不足
14478,卷肥牛卷,3,畜肉类及其制品,,,,可能是原生食材，但频次、命名或类别证据不足
14479,椒葱姜,3,蔬菜类及其制品,,,,可能是原生食材，但频次、命名或类别证据不足
14480,一半青椒,3,蔬菜类及其制品,,一半青椒,15263|133776|147624,可能是原生食材，但频次、命名或类别证据不足
14481,蛋黄粽,3,蛋类及其制品,,,,可能是原生食材，但频次、命名或类别证据不足
14482,来大米,3,谷类及其制品,,,,可能是原生食材，但频次、命名或类别证据不足
14484,绞猪肉,3,畜肉类及其制品,,,,可能是原生食材，但频次、命名或类别证据不足
14486,全麦包,3,谷类及其制品,,,,可能是原生食材，但频次、命名或类别证据不足
14488,大豆芽,3,干豆类及其制品,,,,可能是原生食材，但频次、命名或类别证据不足
14489,颜色各彩椒,3,蔬菜类及其制品,,,,可能是原生食材，但频次、命名或类别证据不足
14491,白葡萄,3,水果类及其制品,,,,可能是原生食材，但频次、命名或类别证据不足
14496,大茄子,3,蔬菜类及其制品,,,,可能是原生食材，但频次、命名或类别证据不足
14501,都行南瓜,3,蔬菜类及其制品,,,,可能是原生食材，但频次、命名或类别证据不足
14506,多冬瓜,3,蔬菜类及其制品,,,,可能是原生食材，但频次、命名或类别证据不足
14507,拳头大土豆,3,干豆类及其制品,,,,可能是原生食材，但频次、命名或类别证据不足
14510,芝麻球,3,坚果种子类,,,,可能是原生食材，但频次、命名或类别证据不足
14513,前夹心肉,3,畜肉类及其制品,,,,可能是原生食材，但频次、命名或类别证据不足
14518,白切鸡肉,3,禽肉类及其制品,,,,可能是原生食材，但频次、命名或类别证据不足
14519,六鳌红薯,3,薯类淀粉及其制品,,,,可能是原生食材，但频次、命名或类别证据不足
14521,多西红柿,3,蔬菜类及其制品,,,,可能是原生食材，但频次、命名或类别证据不足
14523,鳕鱼花胶,3,鱼虾蟹贝类,,,,可能是原生食材，但频次、命名或类别证据不足
14524,长条茄子茄子,3,蔬菜类及其制品,,,,可能是原生食材，但频次、命名或类别证据不足
14527,豆番茄,3,干豆类及其制品,,,,可能是原生食材，但频次、命名或类别证据不足
14528,口味放蒜末,3,蔬菜类及其制品,口味放蒜,,,形态描述存在，但原始食材无法确定
14529,薄片切丝姜,3,蔬菜类及其制品,,,,可能是原生食材，但频次、命名或类别证据不足
14530,甜椒份,3,蔬菜类及其制品,,,,可能是原生食材，但频次、命名或类别证据不足
14531,欢什么加什么蔬菜,3,蔬菜类及其制品,,,,可能是原生食材，但频次、命名或类别证据不足
14533,干碎末,3,其他类,干碎,,,形态描述存在，但原始食材无法确定
14535,麦燕麦片,3,谷类及其制品,麦燕麦,,,形态描述存在，但原始食材无法确定
14536,普通生菜,3,蔬菜类及其制品,,,,可能是原生食材，但频次、命名或类别证据不足
14540,红绿彩椒,3,蔬菜类及其制品,,,,可能是原生食材，但频次、命名或类别证据不足
14543,小米蕉,3,谷类及其制品,,,,可能是原生食材，但频次、命名或类别证据不足
14550,抓枸杞子,3,坚果种子类,,,,可能是原生食材，但频次、命名或类别证据不足
14552,钱绿豆芽,3,干豆类及其制品,,,,可能是原生食材，但频次、命名或类别证据不足
14554,圆茄子茄子,3,蔬菜类及其制品,,,,可能是原生食材，但频次、命名或类别证据不足
14556,香芝麻,3,坚果种子类,,,,可能是原生食材，但频次、命名或类别证据不足
14557,燕菜精,3,蔬菜类及其制品,,,,可能是原生食材，但频次、命名或类别证据不足
14558,水果西瓜,3,水果类及其制品,,,,可能是原生食材，但频次、命名或类别证据不足
14559,和小米辣,3,谷类及其制品,小米辣,,,疑似多食材组合，但无法百分之百确认全部组成
14561,刺身三文鱼,3,鱼虾蟹贝类,,,,可能是原生食材，但频次、命名或类别证据不足
14562,肉馅里鸡蛋,3,禽肉类及其制品,,,,可能是原生食材，但频次、命名或类别证据不足
14564,紅燈籠椒,3,蔬菜类及其制品,,,,可能是原生食材，但频次、命名或类别证据不足
14565,蒜小葱,3,蔬菜类及其制品,,,,可能是原生食材，但频次、命名或类别证据不足
14568,带籽河虾,3,鱼虾蟹贝类,,,,可能是原生食材，但频次、命名或类别证据不足
14569,色蛋卷,3,蛋类及其制品,,,,可能是原生食材，但频次、命名或类别证据不足
14572,通脊肉,3,畜肉类及其制品,,,,可能是原生食材，但频次、命名或类别证据不足
14573,剩牛肉,3,畜肉类及其制品,,,,可能是原生食材，但频次、命名或类别证据不足
14576,生姜蒜,3,蔬菜类及其制品,,,,可能是原生食材，但频次、命名或类别证据不足
14578,彩色糯米,3,谷类及其制品,,,,可能是原生食材，但频次、命名或类别证据不足
14586,番茄火锅料,3,蔬菜类及其制品,,,,可能是原生食材，但频次、命名或类别证据不足
14587,香菜末葱花,3,蔬菜类及其制品,,,,可能是原生食材，但频次、命名或类别证据不足
14589,辣椒脆,3,蔬菜类及其制品,,,,可能是原生食材，但频次、命名或类别证据不足
14596,葱头葱花,3,蔬菜类及其制品,,,,可能是原生食材，但频次、命名或类别证据不足
14597,猪腿,3,畜肉类及其制品,,,,可能是原生食材，但频次、命名或类别证据不足
14598,东山头水紫菜,3,鱼虾蟹贝类,,,,可能是原生食材，但频次、命名或类别证据不足
14600,准备老面,3,谷类及其制品,,,,可能是原生食材，但频次、命名或类别证据不足
14602,玉米杂菜,3,谷类及其制品,,,,可能是原生食材，但频次、命名或类别证据不足
14606,甜红枣,3,坚果种子类,,,,可能是原生食材，但频次、命名或类别证据不足
14610,酸汤肥牛,3,畜肉类及其制品,,,,可能是原生食材，但频次、命名或类别证据不足
14612,法切羊排,3,畜肉类及其制品,,,,可能是原生食材，但频次、命名或类别证据不足
14613,餐人数意面,3,谷类及其制品,,,,可能是原生食材，但频次、命名或类别证据不足
14614,糙米红米,3,谷类及其制品,,,,可能是原生食材，但频次、命名或类别证据不足
14616,烧鸡公佐料,3,禽肉类及其制品,,,,可能是原生食材，但频次、命名或类别证据不足
14618,能找蔬菜,3,蔬菜类及其制品,,,,可能是原生食材，但频次、命名或类别证据不足
14619,可以核桃仁,3,水果类及其制品,,,,可能是原生食材，但频次、命名或类别证据不足
14620,羊排羊排,3,畜肉类及其制品,,,,可能是原生食材，但频次、命名或类别证据不足
14621,部分大白菜,3,蔬菜类及其制品,,,,可能是原生食材，但频次、命名或类别证据不足
14623,青椒蔬菜,3,蔬菜类及其制品,,,,可能是原生食材，但频次、命名或类别证据不足
14624,姜丝蒜瓣,3,蔬菜类及其制品,姜丝蒜,,,形态描述存在，但原始食材无法确定
14625,椒干红辣椒,3,蔬菜类及其制品,,,,可能是原生食材，但频次、命名或类别证据不足
14631,朵水发木耳,3,菌藻类,,,,可能是原生食材，但频次、命名或类别证据不足
14635,食量南瓜,3,蔬菜类及其制品,,,,可能是原生食材，但频次、命名或类别证据不足
14638,芝麻籽,3,坚果种子类,,,,可能是原生食材，但频次、命名或类别证据不足
14642,蛋小母鸡,3,禽肉类及其制品,,,,可能是原生食材，但频次、命名或类别证据不足
14643,干扇贝,3,鱼虾蟹贝类,,,,可能是原生食材，但频次、命名或类别证据不足
14645,杏仁坚果,3,水果类及其制品,,,,可能是原生食材，但频次、命名或类别证据不足
14648,蒜小米辣,3,谷类及其制品,,,,可能是原生食材，但频次、命名或类别证据不足
14649,风味拉面,3,谷类及其制品,,,,可能是原生食材，但频次、命名或类别证据不足
14654,一五花肉,3,畜肉类及其制品,,,,可能是原生食材，但频次、命名或类别证据不足
14656,没过板栗水,3,坚果种子类,,,,可能是原生食材，但频次、命名或类别证据不足
14657,硬币大小姜,3,蔬菜类及其制品,,,,可能是原生食材，但频次、命名或类别证据不足
14659,蛋黄蛋黄,3,蛋类及其制品,,,,可能是原生食材，但频次、命名或类别证据不足
14660,扇羊排,3,畜肉类及其制品,,,,可能是原生食材，但频次、命名或类别证据不足
14661,汁葱,3,蔬菜类及其制品,,,,可能是原生食材，但频次、命名或类别证据不足
14667,黑芝麻渣,3,坚果种子类,,,,可能是原生食材，但频次、命名或类别证据不足
14678,后切丝,3,其他类,后切,,,形态描述存在，但原始食材无法确定
14679,小白菜叶,3,蔬菜类及其制品,,,,可能是原生食材，但频次、命名或类别证据不足
14681,可以玉米粒,3,谷类及其制品,,,,可能是原生食材，但频次、命名或类别证据不足
14687,普通糯米,3,谷类及其制品,,,,可能是原生食材，但频次、命名或类别证据不足
14689,那种白菜,3,蔬菜类及其制品,,,,可能是原生食材，但频次、命名或类别证据不足
14691,母螃蟹,3,鱼虾蟹贝类,,,,可能是原生食材，但频次、命名或类别证据不足
14692,成末,3,其他类,成,,,形态描述存在，但原始食材无法确定
14698,香莴笋叶子,3,蔬菜类及其制品,,,,可能是原生食材，但频次、命名或类别证据不足
14701,牛肉精,3,畜肉类及其制品,,,,可能是原生食材，但频次、命名或类别证据不足
14705,就行生姜,3,蔬菜类及其制品,,,,可能是原生食材，但频次、命名或类别证据不足
14707,椒可不放,3,蔬菜类及其制品,,,,可能是原生食材，但频次、命名或类别证据不足
14708,腌鸡胸肉料,3,禽肉类及其制品,,,,可能是原生食材，但频次、命名或类别证据不足
14716,鸡胸肉鸡腿肉,3,禽肉类及其制品,,,,可能是原生食材，但频次、命名或类别证据不足
14718,野生大黄鱼,3,鱼虾蟹贝类,,,,可能是原生食材，但频次、命名或类别证据不足
14722,青花椰菜,3,蔬菜类及其制品,,,,可能是原生食材，但频次、命名或类别证据不足
14723,吧鸡蛋,3,禽肉类及其制品,,,,可能是原生食材，但频次、命名或类别证据不足
14724,菜萝卜,3,蔬菜类及其制品,,,,可能是原生食材，但频次、命名或类别证据不足
14727,麻子香蕉,3,水果类及其制品,,,,可能是原生食材，但频次、命名或类别证据不足
14729,橙甜椒,3,水果类及其制品,,,,可能是原生食材，但频次、命名或类别证据不足
14733,蒜泥姜泥,3,蔬菜类及其制品,,,,可能是原生食材，但频次、命名或类别证据不足
14736,如图姜丝,3,蔬菜类及其制品,如图姜,,,形态描述存在，但原始食材无法确定
14739,少牛肉,3,畜肉类及其制品,,,,可能是原生食材，但频次、命名或类别证据不足
14742,搓裙带菜,3,鱼虾蟹贝类,,,,可能是原生食材，但频次、命名或类别证据不足
14743,贵妃芒果,3,水果类及其制品,,,,可能是原生食材，但频次、命名或类别证据不足
14745,香菇泡发水,3,菌藻类,,,,可能是原生食材，但频次、命名或类别证据不足
14748,野生竹荪,3,菌藻类,,,,可能是原生食材，但频次、命名或类别证据不足
14750,刀块胡萝卜,3,蔬菜类及其制品,,,,可能是原生食材，但频次、命名或类别证据不足
14753,眼肉,3,畜肉类及其制品,,,,可能是原生食材，但频次、命名或类别证据不足
14755,独头蒜大蒜,3,蔬菜类及其制品,,,,可能是原生食材，但频次、命名或类别证据不足
14757,紫薯团,3,薯类淀粉及其制品,,,,可能是原生食材，但频次、命名或类别证据不足
14759,现剥虾仁,3,鱼虾蟹贝类,,,,可能是原生食材，但频次、命名或类别证据不足
14760,和豌豆,3,干豆类及其制品,豌豆,,,疑似多食材组合，但无法百分之百确认全部组成
14761,贝类海鲜,3,鱼虾蟹贝类,,,,可能是原生食材，但频次、命名或类别证据不足
14762,配菜芹菜,3,蔬菜类及其制品,,,,可能是原生食材，但频次、命名或类别证据不足
14764,配色青豆,3,干豆类及其制品,,,,可能是原生食材，但频次、命名或类别证据不足
14765,头鱼鱼腩,3,鱼虾蟹贝类,,,,可能是原生食材，但频次、命名或类别证据不足
14766,肉蛋菜,3,畜肉类及其制品,,,,可能是原生食材，但频次、命名或类别证据不足
14767,任何坚果,3,坚果种子类,,,,可能是原生食材，但频次、命名或类别证据不足
14769,木耳提前泡发,3,菌藻类,,,,可能是原生食材，但频次、命名或类别证据不足
14771,李子干,3,水果类及其制品,,,,可能是原生食材，但频次、命名或类别证据不足
14779,鸡翼尖,3,禽肉类及其制品,,,,可能是原生食材，但频次、命名或类别证据不足
14780,双荚皂角米,3,谷类及其制品,,,,可能是原生食材，但频次、命名或类别证据不足
14784,定五花肉,3,畜肉类及其制品,,,,可能是原生食材，但频次、命名或类别证据不足
14786,鸡汁儿,3,禽肉类及其制品,,,,可能是原生食材，但频次、命名或类别证据不足
14787,七分瘦肉馅,3,畜肉类及其制品,,,,可能是原生食材，但频次、命名或类别证据不足
14790,任何绿叶菜,3,蔬菜类及其制品,,,,可能是原生食材，但频次、命名或类别证据不足
14791,肉海鲜,3,鱼虾蟹贝类,,,,可能是原生食材，但频次、命名或类别证据不足
14794,香梨梨,3,水果类及其制品,,,,可能是原生食材，但频次、命名或类别证据不足
14798,鲫鱼籽,3,鱼虾蟹贝类,,,,可能是原生食材，但频次、命名或类别证据不足
14800,菜五花肉,3,畜肉类及其制品,,,,可能是原生食材，但频次、命名或类别证据不足
14801,红辣椒干红辣椒,3,蔬菜类及其制品,,,,可能是原生食材，但频次、命名或类别证据不足
14803,来点辣椒,3,蔬菜类及其制品,,,,可能是原生食材，但频次、命名或类别证据不足
14806,洋葱玉米粒,3,谷类及其制品,,,,可能是原生食材，但频次、命名或类别证据不足
14809,啦土豆,3,干豆类及其制品,,,,可能是原生食材，但频次、命名或类别证据不足
14816,菜刀,3,蔬菜类及其制品,,1把菜刀 || 一把（切鸡肉用）菜刀 || 菜刀,2796|17334|21859|43571,可能是原生食材，但频次、命名或类别证据不足
14817,葱香菜蒜,3,蔬菜类及其制品,,,,可能是原生食材，但频次、命名或类别证据不足
14818,透明淋面,3,谷类及其制品,,,,可能是原生食材，但频次、命名或类别证据不足
14819,甘椒粉,3,蔬菜类及其制品,,,,可能是原生食材，但频次、命名或类别证据不足
14821,胡萝卜切薄片,3,蔬菜类及其制品,胡萝卜切薄,,,形态描述存在，但原始食材无法确定
14824,普通蘑菇,3,菌藻类,,,,可能是原生食材，但频次、命名或类别证据不足
14825,就行大米,3,谷类及其制品,,,,可能是原生食材，但频次、命名或类别证据不足
14826,其他绿菜,3,蔬菜类及其制品,,,,可能是原生食材，但频次、命名或类别证据不足
14827,椒和尖椒,3,蔬菜类及其制品,椒|尖椒,,,疑似多食材组合，但无法百分之百确认全部组成
14832,鸭蛋蛋黄,3,禽肉类及其制品,,,,可能是原生食材，但频次、命名或类别证据不足
14834,常大米,3,谷类及其制品,,,,可能是原生食材，但频次、命名或类别证据不足
14839,冰鲜金枪鱼,3,鱼虾蟹贝类,,,,可能是原生食材，但频次、命名或类别证据不足
14841,猪肉梅花肉,3,畜肉类及其制品,,,,可能是原生食材，但频次、命名或类别证据不足
14842,少放葱,3,蔬菜类及其制品,,,,可能是原生食材，但频次、命名或类别证据不足
14843,了虾仁,3,鱼虾蟹贝类,,,,可能是原生食材，但频次、命名或类别证据不足
14844,汁牛肉,3,畜肉类及其制品,,,,可能是原生食材，但频次、命名或类别证据不足
14846,味尖椒,3,蔬菜类及其制品,,,,可能是原生食材，但频次、命名或类别证据不足
14852,就够了紫薯,3,薯类淀粉及其制品,,,,可能是原生食材，但频次、命名或类别证据不足
14854,菠菜胡萝卜,3,蔬菜类及其制品,,,,可能是原生食材，但频次、命名或类别证据不足
14855,鸡翅鸡蛋,3,禽肉类及其制品,,,,可能是原生食材，但频次、命名或类别证据不足
14857,豆酥,3,干豆类及其制品,,,,可能是原生食材，但频次、命名或类别证据不足
14858,小直面,3,谷类及其制品,,,,可能是原生食材，但频次、命名或类别证据不足
14862,夹花肉,3,畜肉类及其制品,,,,可能是原生食材，但频次、命名或类别证据不足
14863,生美国大杏仁,3,水果类及其制品,,,,可能是原生食材，但频次、命名或类别证据不足
14864,红水果椒,3,蔬菜类及其制品,,,,可能是原生食材，但频次、命名或类别证据不足
14867,丝辣椒丝,3,蔬菜类及其制品,丝辣椒,,,形态描述存在，但原始食材无法确定
14872,单冻虾仁,3,鱼虾蟹贝类,,,,可能是原生食材，但频次、命名或类别证据不足
14874,干燕麦,3,谷类及其制品,,,,可能是原生食材，但频次、命名或类别证据不足
14875,三色螺旋面,3,鱼虾蟹贝类,,,,可能是原生食材，但频次、命名或类别证据不足
14876,辣椒花生米,3,谷类及其制品,,,,可能是原生食材，但频次、命名或类别证据不足
14882,枚大号鸡蛋,3,禽肉类及其制品,,,,可能是原生食材，但频次、命名或类别证据不足
14888,厚一圈冬瓜,3,蔬菜类及其制品,,,,可能是原生食材，但频次、命名或类别证据不足
14890,盆菠菜,3,蔬菜类及其制品,,,,可能是原生食材，但频次、命名或类别证据不足
14894,不辣尖椒,3,蔬菜类及其制品,,,,可能是原生食材，但频次、命名或类别证据不足
14898,了苹果,3,水果类及其制品,,,,可能是原生食材，但频次、命名或类别证据不足
14899,朵白菜花,3,蔬菜类及其制品,,,,可能是原生食材，但频次、命名或类别证据不足
14900,橙子水果,3,水果类及其制品,,,,可能是原生食材，但频次、命名或类别证据不足
14911,黑芝麻奶酥,3,坚果种子类,,,,可能是原生食材，但频次、命名或类别证据不足
14915,水叶子面,3,谷类及其制品,,,,可能是原生食材，但频次、命名或类别证据不足
14917,澳洲肥牛片,3,畜肉类及其制品,澳洲肥牛,,,形态描述存在，但原始食材无法确定
14918,牛油生菜,3,畜肉类及其制品,,,,可能是原生食材，但频次、命名或类别证据不足
14919,五花猪肉糜,3,畜肉类及其制品,,,,可能是原生食材，但频次、命名或类别证据不足
14920,多途麦芯小麦粉,3,谷类及其制品,,,,可能是原生食材，但频次、命名或类别证据不足
14922,白水鱼,3,鱼虾蟹贝类,,,,可能是原生食材，但频次、命名或类别证据不足
14928,胡萝卜西红柿,3,蔬菜类及其制品,,,,可能是原生食材，但频次、命名或类别证据不足
14935,干滑子菇,3,菌藻类,,,,可能是原生食材，但频次、命名或类别证据不足
14936,大鸡,3,禽肉类及其制品,,,,可能是原生食材，但频次、命名或类别证据不足
14938,贝壳通心粉,3,鱼虾蟹贝类,,,,可能是原生食材，但频次、命名或类别证据不足
14939,小蕃茄,3,蔬菜类及其制品,,,,可能是原生食材，但频次、命名或类别证据不足
14940,胖辣椒,3,蔬菜类及其制品,,,,可能是原生食材，但频次、命名或类别证据不足
14942,辣椒油蒜,3,蔬菜类及其制品,,,,可能是原生食材，但频次、命名或类别证据不足
14945,鸡蛋量温水,3,禽肉类及其制品,,,,可能是原生食材，但频次、命名或类别证据不足
14947,面泡面,3,谷类及其制品,,,,可能是原生食材，但频次、命名或类别证据不足
14950,小金橘,3,水果类及其制品,,,,可能是原生食材，但频次、命名或类别证据不足
14952,吧草莓,3,水果类及其制品,,,,可能是原生食材，但频次、命名或类别证据不足
14953,都行胡萝卜,3,蔬菜类及其制品,,,,可能是原生食材，但频次、命名或类别证据不足
14955,潮汕牛筋丸,3,畜肉类及其制品,,,,可能是原生食材，但频次、命名或类别证据不足
14956,蔬菜切丝,3,蔬菜类及其制品,蔬菜切,,,形态描述存在，但原始食材无法确定
14957,冬瓜汤,3,蔬菜类及其制品,,,,可能是原生食材，但频次、命名或类别证据不足
14961,了土豆,3,干豆类及其制品,,,,可能是原生食材，但频次、命名或类别证据不足
14962,鱼尾巴,3,鱼虾蟹贝类,,,,可能是原生食材，但频次、命名或类别证据不足
14964,香草浓缩液,3,蔬菜类及其制品,,,,可能是原生食材，但频次、命名或类别证据不足
14968,黄心白菜,3,蔬菜类及其制品,,,,可能是原生食材，但频次、命名或类别证据不足
14972,油制辣椒,3,蔬菜类及其制品,,,,可能是原生食材，但频次、命名或类别证据不足
14973,面都可,3,谷类及其制品,,,,可能是原生食材，但频次、命名或类别证据不足
14974,半红薯,3,薯类淀粉及其制品,,,,可能是原生食材，但频次、命名或类别证据不足
14976,来个小米椒,3,谷类及其制品,,,,可能是原生食材，但频次、命名或类别证据不足
14983,较小洋葱,3,蔬菜类及其制品,,,,可能是原生食材，但频次、命名或类别证据不足
14985,玉米山药,3,谷类及其制品,,,,可能是原生食材，但频次、命名或类别证据不足
14986,生蛋清,3,蛋类及其制品,,,,可能是原生食材，但频次、命名或类别证据不足
14987,香菜点缀,3,蔬菜类及其制品,,,,可能是原生食材，但频次、命名或类别证据不足
14992,肉青红椒,3,畜肉类及其制品,,,,可能是原生食材，但频次、命名或类别证据不足
14995,吧鸡胸肉,3,禽肉类及其制品,,,,可能是原生食材，但频次、命名或类别证据不足
14997,扁杏仁片,3,水果类及其制品,扁杏仁,,,形态描述存在，但原始食材无法确定
15002,腌鸭腿,3,禽肉类及其制品,,,,可能是原生食材，但频次、命名或类别证据不足
15009,葱花蒜末姜末,3,蔬菜类及其制品,葱花蒜末姜,,,形态描述存在，但原始食材无法确定
15012,牛汤,3,畜肉类及其制品,,,,可能是原生食材，但频次、命名或类别证据不足
15013,都行配菜,3,蔬菜类及其制品,,,,可能是原生食材，但频次、命名或类别证据不足
15017,粗管面,3,谷类及其制品,,,,可能是原生食材，但频次、命名或类别证据不足
15018,啦五花肉,3,畜肉类及其制品,,,,可能是原生食材，但频次、命名或类别证据不足
15020,和青椒,3,蔬菜类及其制品,青椒,,,疑似多食材组合，但无法百分之百确认全部组成
15027,葱些许,3,蔬菜类及其制品,,,,可能是原生食材，但频次、命名或类别证据不足
15035,液鸡蛋,3,禽肉类及其制品,,,,可能是原生食材，但频次、命名或类别证据不足
15036,丝面,3,谷类及其制品,,,,可能是原生食材，但频次、命名或类别证据不足
15037,鲜粘玉米,3,谷类及其制品,,,,可能是原生食材，但频次、命名或类别证据不足
15039,小苹果,3,水果类及其制品,,,,可能是原生食材，但频次、命名或类别证据不足
15040,和橙子,3,水果类及其制品,橙子,,,疑似多食材组合，但无法百分之百确认全部组成
15043,肉薄片,3,畜肉类及其制品,肉薄,,,形态描述存在，但原始食材无法确定
15045,成泥蒜泥,3,蔬菜类及其制品,,,,可能是原生食材，但频次、命名或类别证据不足
15047,就可以了姜,3,蔬菜类及其制品,,,,可能是原生食材，但频次、命名或类别证据不足
15051,底量蒜,3,蔬菜类及其制品,,,,可能是原生食材，但频次、命名或类别证据不足
15057,状紫菜,3,鱼虾蟹贝类,,,,可能是原生食材，但频次、命名或类别证据不足
15058,没过鸡蛋即可水,3,禽肉类及其制品,,,,可能是原生食材，但频次、命名或类别证据不足
15059,開心果仁,3,坚果种子类,,,,可能是原生食材，但频次、命名或类别证据不足
15061,里脊肉切片,3,畜肉类及其制品,里脊肉切,,,形态描述存在，但原始食材无法确定
15063,糯米水,3,谷类及其制品,,,,可能是原生食材，但频次、命名或类别证据不足
15064,山蘑菇,3,菌藻类,,,,可能是原生食材，但频次、命名或类别证据不足
15066,铁棍怀山药,3,薯类淀粉及其制品,,,,可能是原生食材，但频次、命名或类别证据不足
15067,鲜牛乳,3,畜肉类及其制品,,,,可能是原生食材，但频次、命名或类别证据不足
15068,坚果果仁,3,坚果种子类,,,,可能是原生食材，但频次、命名或类别证据不足
15069,类蔬菜,3,蔬菜类及其制品,,,,可能是原生食材，但频次、命名或类别证据不足
15074,鸡汤鸡汤,3,禽肉类及其制品,,,,可能是原生食材，但频次、命名或类别证据不足
15076,猪骨粉,3,畜肉类及其制品,,,,可能是原生食材，但频次、命名或类别证据不足
15078,腊腌菜,3,蔬菜类及其制品,,,,可能是原生食材，但频次、命名或类别证据不足
15079,来玉米,3,谷类及其制品,,,,可能是原生食材，但频次、命名或类别证据不足
15083,韭菜苗,3,蔬菜类及其制品,,,,可能是原生食材，但频次、命名或类别证据不足
15085,肉皆可,3,畜肉类及其制品,,,,可能是原生食材，但频次、命名或类别证据不足
15089,了韭菜,3,蔬菜类及其制品,,,,可能是原生食材，但频次、命名或类别证据不足
15090,奇亚籽麦片,3,谷类及其制品,奇亚籽麦,,,形态描述存在，但原始食材无法确定
15092,豆芽蔬菜,3,干豆类及其制品,,,,可能是原生食材，但频次、命名或类别证据不足
15094,什锦蘑菇,3,菌藻类,,,,可能是原生食材，但频次、命名或类别证据不足
15105,盆豆角,3,干豆类及其制品,,,,可能是原生食材，但频次、命名或类别证据不足
15107,下胡萝卜,3,蔬菜类及其制品,,,,可能是原生食材，但频次、命名或类别证据不足
15108,剩下洋葱,3,蔬菜类及其制品,,,,可能是原生食材，但频次、命名或类别证据不足
15110,小柑橘,3,水果类及其制品,,,,可能是原生食材，但频次、命名或类别证据不足
15112,柠檬碎屑,3,水果类及其制品,,,,可能是原生食材，但频次、命名或类别证据不足
15114,凉菜,3,蔬菜类及其制品,,,,可能是原生食材，但频次、命名或类别证据不足
15115,肥瘦五花肉,3,畜肉类及其制品,,,,可能是原生食材，但频次、命名或类别证据不足
15120,口味增加辣椒,3,蔬菜类及其制品,,,,可能是原生食材，但频次、命名或类别证据不足
15121,分离蛋清,3,蛋类及其制品,,,,可能是原生食材，但频次、命名或类别证据不足
15126,胡瓜鱼,3,鱼虾蟹贝类,,,,可能是原生食材，但频次、命名或类别证据不足
15128,就好虾仁,3,鱼虾蟹贝类,,,,可能是原生食材，但频次、命名或类别证据不足
15129,节根大葱,3,蔬菜类及其制品,,,,可能是原生食材，但频次、命名或类别证据不足
15132,细铁棍山药,3,薯类淀粉及其制品,,,,可能是原生食材，但频次、命名或类别证据不足
15137,儿肉末,3,畜肉类及其制品,儿肉,,,形态描述存在，但原始食材无法确定
15141,牛筋头巴脑,3,畜肉类及其制品,,,,可能是原生食材，但频次、命名或类别证据不足
15142,一小段胡萝卜,3,蔬菜类及其制品,,一小段胡萝卜 || 一小段（可以不放）胡萝卜 || 一小段（擦丝）胡萝卜,614|5933|10761|11000|11485|13610|15491|16434|21634|22915|25266|25436|30183|30190|31576|38408|38661,可能是原生食材，但频次、命名或类别证据不足
15144,菜其他,3,蔬菜类及其制品,,,,可能是原生食材，但频次、命名或类别证据不足
15145,菜肉蛋,3,畜肉类及其制品,,,,可能是原生食材，但频次、命名或类别证据不足
15149,厘米胡萝卜,3,谷类及其制品,,,,可能是原生食材，但频次、命名或类别证据不足
15152,豆黑豆,3,干豆类及其制品,,,,可能是原生食材，但频次、命名或类别证据不足
15172,菜木耳,3,菌藻类,,,,可能是原生食材，但频次、命名或类别证据不足
15175,牛肉肉馅,3,畜肉类及其制品,,,,可能是原生食材，但频次、命名或类别证据不足
15177,蘑菇香菇,3,菌藻类,,,,可能是原生食材，但频次、命名或类别证据不足
15180,锅排骨汤,3,畜肉类及其制品,,,,可能是原生食材，但频次、命名或类别证据不足
15181,金枪鱼排,3,鱼虾蟹贝类,,,,可能是原生食材，但频次、命名或类别证据不足
15182,辣小米辣,3,谷类及其制品,,,,可能是原生食材，但频次、命名或类别证据不足
15183,生胡萝卜,3,蔬菜类及其制品,,,,可能是原生食材，但频次、命名或类别证据不足
15185,毛葱头,3,蔬菜类及其制品,,,,可能是原生食材，但频次、命名或类别证据不足
15188,蔓越莓红枣,3,水果类及其制品,,,,可能是原生食材，但频次、命名或类别证据不足
15189,手撕鸡肉,3,禽肉类及其制品,,,,可能是原生食材，但频次、命名或类别证据不足
15190,鸡翅调味粉,3,禽肉类及其制品,,,,可能是原生食材，但频次、命名或类别证据不足
15191,弄碎,3,其他类,弄,,,形态描述存在，但原始食材无法确定
15192,旺菜,3,蔬菜类及其制品,,,,可能是原生食材，但频次、命名或类别证据不足
15193,鸡/三黄鸡,3,禽肉类及其制品,鸡|三黄鸡,,,疑似多食材组合，但无法百分之百确认全部组成
15194,玉米蔬菜,3,谷类及其制品,,,,可能是原生食材，但频次、命名或类别证据不足
15196,多瘦肉,3,畜肉类及其制品,,,,可能是原生食材，但频次、命名或类别证据不足
15198,面开水,3,谷类及其制品,,,,可能是原生食材，但频次、命名或类别证据不足
15199,和干红辣椒,3,蔬菜类及其制品,干红辣椒,,,疑似多食材组合，但无法百分之百确认全部组成
15201,各种你想吃菜,3,蔬菜类及其制品,,,,可能是原生食材，但频次、命名或类别证据不足
15202,就够生姜,3,蔬菜类及其制品,,,,可能是原生食材，但频次、命名或类别证据不足
15205,肉辣椒,3,畜肉类及其制品,,,,可能是原生食材，但频次、命名或类别证据不足
15208,蒜切薄片,3,蔬菜类及其制品,蒜切薄,,,形态描述存在，但原始食材无法确定
15212,蒜头指天椒,3,蔬菜类及其制品,,,,可能是原生食材，但频次、命名或类别证据不足
15214,桂七芒果,3,水果类及其制品,,,,可能是原生食材，但频次、命名或类别证据不足
15215,剁肉时放,3,畜肉类及其制品,,,,可能是原生食材，但频次、命名或类别证据不足
15217,香菇洋葱,3,菌藻类,,,,可能是原生食材，但频次、命名或类别证据不足
15219,装金针菇,3,菌藻类,,,,可能是原生食材，但频次、命名或类别证据不足
15221,鲜香菇香菇,3,菌藻类,,,,可能是原生食材，但频次、命名或类别证据不足
15223,棵小青菜,3,蔬菜类及其制品,,,,可能是原生食材，但频次、命名或类别证据不足
15228,蔬菜主食,3,蔬菜类及其制品,,,,可能是原生食材，但频次、命名或类别证据不足
15232,仁黑芝麻,3,坚果种子类,,,,可能是原生食材，但频次、命名或类别证据不足
15234,自己口味蒜,3,蔬菜类及其制品,,,,可能是原生食材，但频次、命名或类别证据不足
15235,香味蔬菜,3,蔬菜类及其制品,,,,可能是原生食材，但频次、命名或类别证据不足
15238,搓葱,3,蔬菜类及其制品,,,,可能是原生食材，但频次、命名或类别证据不足
15240,红辣椒青椒,3,蔬菜类及其制品,,,,可能是原生食材，但频次、命名或类别证据不足
15241,五常稻花香米,3,谷类及其制品,,,,可能是原生食材，但频次、命名或类别证据不足
15242,水鸡蛋液,3,禽肉类及其制品,,,,可能是原生食材，但频次、命名或类别证据不足
15250,牛键,3,畜肉类及其制品,,,,可能是原生食材，但频次、命名或类别证据不足
15251,都行芝麻,3,坚果种子类,,,,可能是原生食材，但频次、命名或类别证据不足
15255,菇海鲜菇,3,鱼虾蟹贝类,,,,可能是原生食材，但频次、命名或类别证据不足
15256,牛油锅底,3,畜肉类及其制品,,,,可能是原生食材，但频次、命名或类别证据不足
15261,牛肉切块,3,畜肉类及其制品,牛肉切,,,形态描述存在，但原始食材无法确定
15263,烩饭专米,3,谷类及其制品,,,,可能是原生食材，但频次、命名或类别证据不足
15264,鸡腿肉鸡腿肉,3,禽肉类及其制品,,,,可能是原生食材，但频次、命名或类别证据不足
15268,豆提前一夜,3,干豆类及其制品,,,,可能是原生食材，但频次、命名或类别证据不足
15271,芝麻猪肝粉,3,畜肉类及其制品,,,,可能是原生食材，但频次、命名或类别证据不足
15273,可以葱,3,蔬菜类及其制品,,,,可能是原生食材，但频次、命名或类别证据不足
15274,干木耳泡发,3,菌藻类,,,,可能是原生食材，但频次、命名或类别证据不足
15280,炖猪肉料,3,畜肉类及其制品,,,,可能是原生食材，但频次、命名或类别证据不足
15283,棵蒜头,3,蔬菜类及其制品,,,,可能是原生食材，但频次、命名或类别证据不足
15286,土豆馅,3,干豆类及其制品,,,,可能是原生食材，但频次、命名或类别证据不足
15290,香葱大葱,3,蔬菜类及其制品,,,,可能是原生食材，但频次、命名或类别证据不足
15293,就多放鸡蛋,3,禽肉类及其制品,,,,可能是原生食材，但频次、命名或类别证据不足
15294,小海鲜,3,鱼虾蟹贝类,,,,可能是原生食材，但频次、命名或类别证据不足
15296,大盘鸡料,3,禽肉类及其制品,,,,可能是原生食材，但频次、命名或类别证据不足
15299,人羊排,3,畜肉类及其制品,,,,可能是原生食材，但频次、命名或类别证据不足
15303,入蔬菜,3,蔬菜类及其制品,,,,可能是原生食材，但频次、命名或类别证据不足
15305,荆条辣椒,3,蔬菜类及其制品,,,,可能是原生食材，但频次、命名或类别证据不足
15311,和鸡腿肉,3,禽肉类及其制品,鸡腿,,,疑似多食材组合，但无法百分之百确认全部组成
15312,各种杂菜,3,蔬菜类及其制品,,,,可能是原生食材，但频次、命名或类别证据不足
15317,生菜蔬菜,3,蔬菜类及其制品,,,,可能是原生食材，但频次、命名或类别证据不足
15318,泡发香菇水,3,菌藻类,,,,可能是原生食材，但频次、命名或类别证据不足
15319,胡萝卜包菜,3,蔬菜类及其制品,,,,可能是原生食材，但频次、命名或类别证据不足
15320,香菜花生碎,3,蔬菜类及其制品,香菜花生,,,形态描述存在，但原始食材无法确定
15321,牛腱芯,3,畜肉类及其制品,,,,可能是原生食材，但频次、命名或类别证据不足
15322,生姜片蒜头,3,蔬菜类及其制品,,,,可能是原生食材，但频次、命名或类别证据不足
15329,不切蒜,3,蔬菜类及其制品,,,,可能是原生食材，但频次、命名或类别证据不足
15330,酒酿辣椒,3,蔬菜类及其制品,,,,可能是原生食材，但频次、命名或类别证据不足
15334,紫苏辣椒,3,蔬菜类及其制品,,,,可能是原生食材，但频次、命名或类别证据不足
15336,玉米粒胡萝卜粒,3,谷类及其制品,,,,可能是原生食材，但频次、命名或类别证据不足
15338,就行白菜,3,蔬菜类及其制品,,,,可能是原生食材，但频次、命名或类别证据不足
15339,排羊排,3,畜肉类及其制品,,,,可能是原生食材，但频次、命名或类别证据不足
15344,炒菜王,3,蔬菜类及其制品,,,,可能是原生食材，但频次、命名或类别证据不足
15347,表面鸡蛋黄,3,禽肉类及其制品,,,,可能是原生食材，但频次、命名或类别证据不足
15351,鱿鱼鱿鱼,3,鱼虾蟹贝类,,,,可能是原生食材，但频次、命名或类别证据不足
15354,啦香菜,3,蔬菜类及其制品,,,,可能是原生食材，但频次、命名或类别证据不足
15355,芝麻一小撮,3,坚果种子类,,,,可能是原生食材，但频次、命名或类别证据不足
15358,鸡蛋鹌鹑蛋,3,禽肉类及其制品,,,,可能是原生食材，但频次、命名或类别证据不足
15359,馅蛋黄,3,蛋类及其制品,,,,可能是原生食材，但频次、命名或类别证据不足
15364,都行五花肉,3,畜肉类及其制品,,,,可能是原生食材，但频次、命名或类别证据不足
15367,草莓车厘子,3,水果类及其制品,,,,可能是原生食材，但频次、命名或类别证据不足
15368,芝麻瓜子仁,3,坚果种子类,,,,可能是原生食材，但频次、命名或类别证据不足
15374,一段草鱼,3,鱼虾蟹贝类,,,,可能是原生食材，但频次、命名或类别证据不足
15381,水蒜水,3,蔬菜类及其制品,,,,可能是原生食材，但频次、命名或类别证据不足
15384,剪刀面,3,谷类及其制品,,,,可能是原生食材，但频次、命名或类别证据不足
15387,鱿鱼板,3,鱼虾蟹贝类,,,,可能是原生食材，但频次、命名或类别证据不足
15392,碾碎黑芝麻,3,坚果种子类,,,,可能是原生食材，但频次、命名或类别证据不足
15397,鸡调味粉,3,禽肉类及其制品,,,,可能是原生食材，但频次、命名或类别证据不足
15399,头五花肉,3,畜肉类及其制品,,,,可能是原生食材，但频次、命名或类别证据不足
15401,小绿辣椒,3,蔬菜类及其制品,,,,可能是原生食材，但频次、命名或类别证据不足
15404,蛋黄处理,3,蛋类及其制品,,,,可能是原生食材，但频次、命名或类别证据不足
15406,多肉末,3,畜肉类及其制品,多肉,,,形态描述存在，但原始食材无法确定
15409,鱼骨三文鱼,3,鱼虾蟹贝类,,,,可能是原生食材，但频次、命名或类别证据不足
15412,紫洋葱碎,3,蔬菜类及其制品,紫洋葱,,,形态描述存在，但原始食材无法确定
15420,坚果碎,3,坚果种子类,坚果,若干坚果碎 || 随意坚果碎 || 适量坚果碎,8|7620|10650,形态描述存在，但原始食材无法确定
15421,一半猪肉馅,3,畜肉类及其制品,,,,可能是原生食材，但频次、命名或类别证据不足
15422,一晚黄豆,3,干豆类及其制品,,,,可能是原生食材，但频次、命名或类别证据不足
15425,子芝麻,3,坚果种子类,,,,可能是原生食材，但频次、命名或类别证据不足
15426,没洋葱,3,蔬菜类及其制品,,,,可能是原生食材，但频次、命名或类别证据不足
15427,青边鲍鱼,3,鱼虾蟹贝类,,,,可能是原生食材，但频次、命名或类别证据不足
15429,任何菌类,3,菌藻类,,,,可能是原生食材，但频次、命名或类别证据不足
15432,羊肉泡馍,3,畜肉类及其制品,,,,可能是原生食材，但频次、命名或类别证据不足
15436,大葱头,3,蔬菜类及其制品,,,,可能是原生食材，但频次、命名或类别证据不足
15439,鱼生,3,鱼虾蟹贝类,,,,可能是原生食材，但频次、命名或类别证据不足
15441,打印糯米纸,3,谷类及其制品,,,,可能是原生食材，但频次、命名或类别证据不足
15442,料土豆,3,干豆类及其制品,,,,可能是原生食材，但频次、命名或类别证据不足
15446,抓五指毛桃,3,水果类及其制品,,,,可能是原生食材，但频次、命名或类别证据不足
15449,平遥牛肉,3,畜肉类及其制品,,,,可能是原生食材，但频次、命名或类别证据不足
15454,时鲜蔬菜,3,蔬菜类及其制品,,,,可能是原生食材，但频次、命名或类别证据不足
15456,浸泡香菇水,3,菌藻类,,,,可能是原生食材，但频次、命名或类别证据不足
15458,二荆条辣椒圈,3,蔬菜类及其制品,,,,可能是原生食材，但频次、命名或类别证据不足
15461,菜心苗,3,蔬菜类及其制品,,,,可能是原生食材，但频次、命名或类别证据不足
15464,牛肉肉类,3,畜肉类及其制品,,,,可能是原生食材，但频次、命名或类别证据不足
15465,儿蘑菇,3,菌藻类,,,,可能是原生食材，但频次、命名或类别证据不足
15467,红尖椒圈,3,蔬菜类及其制品,,,,可能是原生食材，但频次、命名或类别证据不足
15471,清水鸡蛋液,3,禽肉类及其制品,,,,可能是原生食材，但频次、命名或类别证据不足
15472,蛋奶冻,3,蛋类及其制品,,,,可能是原生食材，但频次、命名或类别证据不足
15475,铁鱼粉,3,鱼虾蟹贝类,,,,可能是原生食材，但频次、命名或类别证据不足
15477,米和水,3,谷类及其制品,米|水,,,疑似多食材组合，但无法百分之百确认全部组成
15478,肉类蛋白质,3,畜肉类及其制品,,,,可能是原生食材，但频次、命名或类别证据不足
15484,牛油果核,3,水果类及其制品,,,,可能是原生食材，但频次、命名或类别证据不足
15486,葱末小葱,3,蔬菜类及其制品,,,,可能是原生食材，但频次、命名或类别证据不足
15494,藕渣,3,薯类淀粉及其制品,,,,可能是原生食材，但频次、命名或类别证据不足
15498,味烤肉料,3,畜肉类及其制品,,,,可能是原生食材，但频次、命名或类别证据不足
15501,机米乳,3,谷类及其制品,,,,可能是原生食材，但频次、命名或类别证据不足
15502,炒花生仁,3,坚果种子类,,2大勺去皮炒花生仁,11408,可能是原生食材，但频次、命名或类别证据不足
15505,其他鱼,3,鱼虾蟹贝类,,,,可能是原生食材，但频次、命名或类别证据不足
15507,面团南瓜泥,3,谷类及其制品,,,,可能是原生食材，但频次、命名或类别证据不足
15509,啦草莓,3,水果类及其制品,,,,可能是原生食材，但频次、命名或类别证据不足
15510,三鲜肉馅,3,畜肉类及其制品,,,,可能是原生食材，但频次、命名或类别证据不足
15512,大红椒,3,蔬菜类及其制品,,,,可能是原生食材，但频次、命名或类别证据不足
15513,牛肉混合肉糜,3,畜肉类及其制品,,,,可能是原生食材，但频次、命名或类别证据不足
15518,绿色尖辣椒,3,蔬菜类及其制品,,,,可能是原生食材，但频次、命名或类别证据不足
15520,大红豆,3,干豆类及其制品,,,,可能是原生食材，但频次、命名或类别证据不足
15522,枣泥核桃馅,3,水果类及其制品,,,,可能是原生食材，但频次、命名或类别证据不足
15523,了豌豆,3,干豆类及其制品,,,,可能是原生食材，但频次、命名或类别证据不足
15526,青椒各,3,蔬菜类及其制品,,,,可能是原生食材，但频次、命名或类别证据不足
15534,麦心粉,3,谷类及其制品,,,,可能是原生食材，但频次、命名或类别证据不足
15535,水煮蔬菜,3,蔬菜类及其制品,,,,可能是原生食材，但频次、命名或类别证据不足
15537,玉米黄瓜,3,谷类及其制品,,,,可能是原生食材，但频次、命名或类别证据不足
15544,小小丁,3,其他类,小小,,,形态描述存在，但原始食材无法确定
15547,梯田红米,3,谷类及其制品,,,,可能是原生食材，但频次、命名或类别证据不足
15548,糯米浆,3,谷类及其制品,,,,可能是原生食材，但频次、命名或类别证据不足
15550,斤龙虾,3,鱼虾蟹贝类,,,,可能是原生食材，但频次、命名或类别证据不足
15552,椒和小米辣,3,谷类及其制品,椒|小米辣,,,疑似多食材组合，但无法百分之百确认全部组成
15555,海鲜虾,3,鱼虾蟹贝类,,,,可能是原生食材，但频次、命名或类别证据不足
15558,番茄小番茄,3,蔬菜类及其制品,,,,可能是原生食材，但频次、命名或类别证据不足
15559,红椒葱,3,蔬菜类及其制品,,,,可能是原生食材，但频次、命名或类别证据不足
15567,葱花段,3,蔬菜类及其制品,葱花,,,形态描述存在，但原始食材无法确定
15568,了蒜苗,3,蔬菜类及其制品,,,,可能是原生食材，但频次、命名或类别证据不足
15569,红胚芽米,3,干豆类及其制品,,,,可能是原生食材，但频次、命名或类别证据不足
15572,我没放辣椒,3,蔬菜类及其制品,,,,可能是原生食材，但频次、命名或类别证据不足
15578,一种蔬菜,3,蔬菜类及其制品,,,,可能是原生食材，但频次、命名或类别证据不足
15582,啦玉米粒,3,谷类及其制品,,,,可能是原生食材，但频次、命名或类别证据不足
15584,土豆西红柿,3,干豆类及其制品,,,,可能是原生食材，但频次、命名或类别证据不足
15588,螃蟹壳,3,鱼虾蟹贝类,,,,可能是原生食材，但频次、命名或类别证据不足
15592,小米椒大蒜,3,谷类及其制品,,,,可能是原生食材，但频次、命名或类别证据不足
15595,紅薯粉,3,薯类淀粉及其制品,,,,可能是原生食材，但频次、命名或类别证据不足
15596,金枪鱼松,3,鱼虾蟹贝类,,,,可能是原生食材，但频次、命名或类别证据不足
15598,白萝卜叶,3,蔬菜类及其制品,,,,可能是原生食材，但频次、命名或类别证据不足
15608,牛油果芒果,3,水果类及其制品,,,,可能是原生食材，但频次、命名或类别证据不足
15611,什锦香草碎,3,蔬菜类及其制品,什锦香草,,,形态描述存在，但原始食材无法确定
15612,眼肉牛扒,3,畜肉类及其制品,,,,可能是原生食材，但频次、命名或类别证据不足
15614,辣椒丝葱丝,3,蔬菜类及其制品,辣椒丝葱,,,形态描述存在，但原始食材无法确定
15615,杂粮米糊,3,谷类及其制品,,,,可能是原生食材，但频次、命名或类别证据不足
15618,鱼草鱼,3,鱼虾蟹贝类,,,,可能是原生食材，但频次、命名或类别证据不足
15619,烫面戚风,3,谷类及其制品,,,,可能是原生食材，但频次、命名或类别证据不足
15621,椒粉白芝麻,3,坚果种子类,,,,可能是原生食材，但频次、命名或类别证据不足
15624,蛋液全蛋,3,蛋类及其制品,,,,可能是原生食材，但频次、命名或类别证据不足
15626,芹菜芹菜,3,蔬菜类及其制品,,,,可能是原生食材，但频次、命名或类别证据不足
15627,芒果淋面,3,水果类及其制品,,,,可能是原生食材，但频次、命名或类别证据不足
15629,椒红椒,3,蔬菜类及其制品,,,,可能是原生食材，但频次、命名或类别证据不足
15634,香草豆荚籽,3,干豆类及其制品,,,,可能是原生食材，但频次、命名或类别证据不足
15635,和大蒜,3,蔬菜类及其制品,蒜,,,疑似多食材组合，但无法百分之百确认全部组成
15639,藜麦杂粮饭,3,谷类及其制品,,,,可能是原生食材，但频次、命名或类别证据不足
15642,薯去皮切块,3,其他,薯去皮切,,,形态描述存在，但原始食材无法确定
15645,米各一半,3,谷类及其制品,,,,可能是原生食材，但频次、命名或类别证据不足
15649,苦苣生菜,3,蔬菜类及其制品,,,,可能是原生食材，但频次、命名或类别证据不足
15652,少全麦粉,3,谷类及其制品,,,,可能是原生食材，但频次、命名或类别证据不足
15653,调好味肉馅,3,畜肉类及其制品,,,,可能是原生食材，但频次、命名或类别证据不足
15654,来大蒜,3,蔬菜类及其制品,,,,可能是原生食材，但频次、命名或类别证据不足
15657,汁红心火龙果,3,水果类及其制品,,,,可能是原生食材，但频次、命名或类别证据不足
15658,大小卷心菜,3,蔬菜类及其制品,,,,可能是原生食材，但频次、命名或类别证据不足
15659,均可鸡,3,禽肉类及其制品,,,,可能是原生食材，但频次、命名或类别证据不足
15668,香香菜,3,蔬菜类及其制品,,,,可能是原生食材，但频次、命名或类别证据不足
15669,准备葱花,3,蔬菜类及其制品,,,,可能是原生食材，但频次、命名或类别证据不足
15673,大对虾,3,鱼虾蟹贝类,,,,可能是原生食材，但频次、命名或类别证据不足
15674,椒组合,3,蔬菜类及其制品,,,,可能是原生食材，但频次、命名或类别证据不足
15678,法式香草,3,蔬菜类及其制品,,,,可能是原生食材，但频次、命名或类别证据不足
15680,了虾,3,鱼虾蟹贝类,,,,可能是原生食材，但频次、命名或类别证据不足
15682,白背黑木耳,3,菌藻类,,,,可能是原生食材，但频次、命名或类别证据不足
15683,红萝卜条,3,蔬菜类及其制品,,,,可能是原生食材，但频次、命名或类别证据不足
15684,就行燕麦,3,谷类及其制品,,,,可能是原生食材，但频次、命名或类别证据不足
15686,白菜页,3,蔬菜类及其制品,,,,可能是原生食材，但频次、命名或类别证据不足
15690,已腌制牛排,3,畜肉类及其制品,,,,可能是原生食材，但频次、命名或类别证据不足
15694,成沫姜,3,蔬菜类及其制品,,,,可能是原生食材，但频次、命名或类别证据不足
15695,干果麦片,3,谷类及其制品,干果麦,,,形态描述存在，但原始食材无法确定
15698,豌豆豌豆,3,干豆类及其制品,,,,可能是原生食材，但频次、命名或类别证据不足
15702,玉米汤,3,谷类及其制品,,,,可能是原生食材，但频次、命名或类别证据不足
15703,自己口味姜,3,蔬菜类及其制品,,,,可能是原生食材，但频次、命名或类别证据不足
15704,洋葱柠檬,3,水果类及其制品,,,,可能是原生食材，但频次、命名或类别证据不足
15705,少黄豆粉,3,干豆类及其制品,,,,可能是原生食材，但频次、命名或类别证据不足
15707,整鸡鸡肉,3,禽肉类及其制品,,,,可能是原生食材，但频次、命名或类别证据不足
15709,自己量紫菜,3,鱼虾蟹贝类,,,,可能是原生食材，但频次、命名或类别证据不足
15712,克蛋液,3,蛋类及其制品,,,,可能是原生食材，但频次、命名或类别证据不足
15715,香菜一棵,3,蔬菜类及其制品,,,,可能是原生食材，但频次、命名或类别证据不足
15716,鸡翅和翅根,3,禽肉类及其制品,鸡翅|翅根,,,疑似多食材组合，但无法百分之百确认全部组成
15717,颜色蔬菜,3,蔬菜类及其制品,,,,可能是原生食材，但频次、命名或类别证据不足
15720,决定排骨,3,畜肉类及其制品,,,,可能是原生食材，但频次、命名或类别证据不足
15723,儿大葱,3,蔬菜类及其制品,,,,可能是原生食材，但频次、命名或类别证据不足
15724,很大银耳,3,菌藻类,,,,可能是原生食材，但频次、命名或类别证据不足
15727,粉姜黄粉,3,蔬菜类及其制品,,,,可能是原生食材，但频次、命名或类别证据不足
15730,各小辣椒,3,蔬菜类及其制品,,,,可能是原生食材，但频次、命名或类别证据不足
15731,口味来辣椒,3,蔬菜类及其制品,,,,可能是原生食材，但频次、命名或类别证据不足
15732,薯角,3,薯类淀粉及其制品,,,,可能是原生食材，但频次、命名或类别证据不足
15736,辣程度小米椒,3,谷类及其制品,,,,可能是原生食材，但频次、命名或类别证据不足
15738,土豆泥馅,3,干豆类及其制品,,,,可能是原生食材，但频次、命名或类别证据不足
15742,多南瓜,3,蔬菜类及其制品,,,,可能是原生食材，但频次、命名或类别证据不足
15744,半绿豆,3,干豆类及其制品,,,,可能是原生食材，但频次、命名或类别证据不足
15747,葱剁碎,3,蔬菜类及其制品,葱剁,,,形态描述存在，但原始食材无法确定
15748,蜜渍柠檬片,3,水果类及其制品,蜜渍柠檬,,,形态描述存在，但原始食材无法确定
15749,张寿司紫菜,3,鱼虾蟹贝类,,,,可能是原生食材，但频次、命名或类别证据不足
15751,椰花菜,3,蔬菜类及其制品,,,,可能是原生食材，但频次、命名或类别证据不足
15755,人量红薯粉,3,薯类淀粉及其制品,,,,可能是原生食材，但频次、命名或类别证据不足
15757,香菇泡发,3,菌藻类,,,,可能是原生食材，但频次、命名或类别证据不足
15762,肉方,3,畜肉类及其制品,,,,可能是原生食材，但频次、命名或类别证据不足
15765,人饭量糯米,3,谷类及其制品,,,,可能是原生食材，但频次、命名或类别证据不足
15767,橘色,3,水果类及其制品,,,,可能是原生食材，但频次、命名或类别证据不足
15770,馅肉馅,3,畜肉类及其制品,,,,可能是原生食材，但频次、命名或类别证据不足
15771,各种杂粮豆,3,干豆类及其制品,,,,可能是原生食材，但频次、命名或类别证据不足
15772,大小大白菜,3,蔬菜类及其制品,,,,可能是原生食材，但频次、命名或类别证据不足
15775,情况辣椒,3,蔬菜类及其制品,,,,可能是原生食材，但频次、命名或类别证据不足
15776,抓干红辣椒,3,蔬菜类及其制品,,,,可能是原生食材，但频次、命名或类别证据不足
15778,海鲜包,3,鱼虾蟹贝类,,,,可能是原生食材，但频次、命名或类别证据不足
15783,雞腿肉,3,禽肉类及其制品,,,,可能是原生食材，但频次、命名或类别证据不足
15784,和蓝莓,3,水果类及其制品,蓝莓,,,疑似多食材组合，但无法百分之百确认全部组成
15786,海鲜泡面,3,鱼虾蟹贝类,,,,可能是原生食材，但频次、命名或类别证据不足
15787,就好西兰花,3,蔬菜类及其制品,,,,可能是原生食材，但频次、命名或类别证据不足
15788,奇亚籽谷物麦片,3,谷类及其制品,奇亚籽谷物麦,,,形态描述存在，但原始食材无法确定
15789,鸡胸肉汤,3,禽肉类及其制品,,,,可能是原生食材，但频次、命名或类别证据不足
15792,里白芝麻,3,坚果种子类,,,,可能是原生食材，但频次、命名或类别证据不足
15793,白芝麻香菜,3,坚果种子类,,,,可能是原生食材，但频次、命名或类别证据不足
15796,水煮鱼,3,鱼虾蟹贝类,,,,可能是原生食材，但频次、命名或类别证据不足
15801,葱红辣椒,3,蔬菜类及其制品,,,,可能是原生食材，但频次、命名或类别证据不足
15802,螺旋形意面,3,鱼虾蟹贝类,,,,可能是原生食材，但频次、命名或类别证据不足
15808,肉切小丁,3,畜肉类及其制品,肉切小,,,形态描述存在，但原始食材无法确定
15809,蔬菜蘑菇,3,菌藻类,,,,可能是原生食材，但频次、命名或类别证据不足
15810,印度椒,3,蔬菜类及其制品,,,,可能是原生食材，但频次、命名或类别证据不足
15811,里蔬菜,3,蔬菜类及其制品,,,,可能是原生食材，但频次、命名或类别证据不足
15822,哈哈哈猪肉,3,畜肉类及其制品,,,,可能是原生食材，但频次、命名或类别证据不足
15825,嫩豌豆荚,3,干豆类及其制品,,,,可能是原生食材，但频次、命名或类别证据不足
15828,料白芝麻,3,坚果种子类,,,,可能是原生食材，但频次、命名或类别证据不足
15829,肉切薄片,3,畜肉类及其制品,肉切薄,,,形态描述存在，但原始食材无法确定
15833,大蒜生姜,3,蔬菜类及其制品,,,,可能是原生食材，但频次、命名或类别证据不足
15837,奥尔良鸡腿肉,3,禽肉类及其制品,,,,可能是原生食材，但频次、命名或类别证据不足
15838,葱花蔬菜,3,蔬菜类及其制品,,,,可能是原生食材，但频次、命名或类别证据不足
15840,舒兰大米,3,谷类及其制品,,,,可能是原生食材，但频次、命名或类别证据不足
15843,蛋即可水,3,蛋类及其制品,,,,可能是原生食材，但频次、命名或类别证据不足
15847,定绿豆,3,干豆类及其制品,,,,可能是原生食材，但频次、命名或类别证据不足
15850,冻鱿鱼圈,3,鱼虾蟹贝类,,,,可能是原生食材，但频次、命名或类别证据不足
15852,都行坚果,3,坚果种子类,,,,可能是原生食材，但频次、命名或类别证据不足
15856,长度葱,3,蔬菜类及其制品,,,,可能是原生食材，但频次、命名或类别证据不足
15859,色小西红柿,3,蔬菜类及其制品,,,,可能是原生食材，但频次、命名或类别证据不足
15860,胸肉鸡肉,3,禽肉类及其制品,,,,可能是原生食材，但频次、命名或类别证据不足
15865,人红枣,3,坚果种子类,,,,可能是原生食材，但频次、命名或类别证据不足
15866,口味调整葱花,3,蔬菜类及其制品,,,,可能是原生食材，但频次、命名或类别证据不足
15869,一半鸡肉,3,禽肉类及其制品,,一半鸡肉 || 半只的一半鸡肉,79130|168965,可能是原生食材，但频次、命名或类别证据不足
15872,洋葱几片,3,蔬菜类及其制品,洋葱几,,,形态描述存在，但原始食材无法确定
15873,胡萝卜豌豆,3,干豆类及其制品,,,,可能是原生食材，但频次、命名或类别证据不足
15874,凤梨菠萝,3,水果类及其制品,,,,可能是原生食材，但频次、命名或类别证据不足
15876,挂面挂面,3,谷类及其制品,,,,可能是原生食材，但频次、命名或类别证据不足
15881,菜西葫芦,3,蔬菜类及其制品,,,,可能是原生食材，但频次、命名或类别证据不足
15886,水煮肉片,3,畜肉类及其制品,水煮肉,,,形态描述存在，但原始食材无法确定
15888,蔬菜边角料,3,蔬菜类及其制品,,,,可能是原生食材，但频次、命名或类别证据不足
15889,蔬菜食材,3,蔬菜类及其制品,,,,可能是原生食材，但频次、命名或类别证据不足
15893,都行蔬菜,3,蔬菜类及其制品,,,,可能是原生食材，但频次、命名或类别证据不足
15894,辣红椒,3,蔬菜类及其制品,,,,可能是原生食材，但频次、命名或类别证据不足
15897,隔夜燕麦,3,谷类及其制品,,,,可能是原生食材，但频次、命名或类别证据不足
15901,鸡蛋木耳,3,禽肉类及其制品,,,,可能是原生食材，但频次、命名或类别证据不足
15902,青菜白菜,3,蔬菜类及其制品,,,,可能是原生食材，但频次、命名或类别证据不足
15903,葱碎末,3,蔬菜类及其制品,葱碎,,,形态描述存在，但原始食材无法确定
15904,就好葱姜,3,蔬菜类及其制品,,,,可能是原生食材，但频次、命名或类别证据不足
15905,小螃蟹,3,鱼虾蟹贝类,,,,可能是原生食材，但频次、命名或类别证据不足
15908,蔬菜们,3,蔬菜类及其制品,,,,可能是原生食材，但频次、命名或类别证据不足
15910,没可不放白芝麻,3,坚果种子类,,,,可能是原生食材，但频次、命名或类别证据不足
15918,核桃核桃碎,3,水果类及其制品,核桃核桃,,,形态描述存在，但原始食材无法确定
15919,灯笼椒丁,3,蔬菜类及其制品,灯笼椒,,,形态描述存在，但原始食材无法确定
15921,备香菇,3,菌藻类,,,,可能是原生食材，但频次、命名或类别证据不足
15923,自己口味定辣椒,3,蔬菜类及其制品,,,,可能是原生食材，但频次、命名或类别证据不足
15927,香草提取,3,蔬菜类及其制品,,,,可能是原生食材，但频次、命名或类别证据不足
15928,干石花菜,3,蔬菜类及其制品,,,,可能是原生食材，但频次、命名或类别证据不足
15929,青蒜头,3,蔬菜类及其制品,,,,可能是原生食材，但频次、命名或类别证据不足
15931,来虾仁,3,鱼虾蟹贝类,,,,可能是原生食材，但频次、命名或类别证据不足
15933,圣女果黄瓜,3,水果类及其制品,,,,可能是原生食材，但频次、命名或类别证据不足
15936,小葱大蒜,3,蔬菜类及其制品,,,,可能是原生食材，但频次、命名或类别证据不足
15938,多蒜泥,3,蔬菜类及其制品,,,,可能是原生食材，但频次、命名或类别证据不足
15943,部队锅拉面,3,谷类及其制品,,,,可能是原生食材，但频次、命名或类别证据不足
15945,大小白萝卜,3,蔬菜类及其制品,,,,可能是原生食材，但频次、命名或类别证据不足
15947,多紫薯,3,薯类淀粉及其制品,,,,可能是原生食材，但频次、命名或类别证据不足
15950,菱形片,3,其他类,菱形,,,形态描述存在，但原始食材无法确定
15951,调味蒜,3,蔬菜类及其制品,,,,可能是原生食材，但频次、命名或类别证据不足
15953,大豆卵磷脂,3,干豆类及其制品,,,,可能是原生食材，但频次、命名或类别证据不足
15957,水泡发木耳,3,菌藻类,,,,可能是原生食材，但频次、命名或类别证据不足
15960,沙土豆,3,干豆类及其制品,,,,可能是原生食材，但频次、命名或类别证据不足
15968,琵琶腿肉,3,禽肉类及其制品,,,,可能是原生食材，但频次、命名或类别证据不足
15980,菜叶娃娃菜,3,蔬菜类及其制品,,,,可能是原生食材，但频次、命名或类别证据不足
15982,吧葱白,3,蔬菜类及其制品,,,,可能是原生食材，但频次、命名或类别证据不足
15985,摆盘胡萝卜,3,蔬菜类及其制品,,,,可能是原生食材，但频次、命名或类别证据不足
15990,均可蔬菜,3,蔬菜类及其制品,,,,可能是原生食材，但频次、命名或类别证据不足
15994,丝金针菇,3,菌藻类,,,,可能是原生食材，但频次、命名或类别证据不足
15995,羊排料,3,畜肉类及其制品,,,,可能是原生食材，但频次、命名或类别证据不足
16002,肉剁碎,3,畜肉类及其制品,肉剁,,,形态描述存在，但原始食材无法确定
16004,香菜.葱花,3,蔬菜类及其制品,,,,可能是原生食材，但频次、命名或类别证据不足
16005,机生姜,3,蔬菜类及其制品,,,,可能是原生食材，但频次、命名或类别证据不足
16008,小天椒,3,蔬菜类及其制品,,,,可能是原生食材，但频次、命名或类别证据不足
16018,猪肉绒,3,畜肉类及其制品,,,,可能是原生食材，但频次、命名或类别证据不足
16020,豆玉米,3,干豆类及其制品,,,,可能是原生食材，但频次、命名或类别证据不足
16025,彩虹豆,3,干豆类及其制品,,,,可能是原生食材，但频次、命名或类别证据不足
16027,忽略小米辣,3,谷类及其制品,,,,可能是原生食材，但频次、命名或类别证据不足
16029,口味而定小米椒,3,谷类及其制品,,,,可能是原生食材，但频次、命名或类别证据不足
16031,黄色柿子椒,3,蔬菜类及其制品,,,,可能是原生食材，但频次、命名或类别证据不足
16032,堆豆角,3,干豆类及其制品,,,,可能是原生食材，但频次、命名或类别证据不足
16033,生鹅肝,3,禽肉类及其制品,,,,可能是原生食材，但频次、命名或类别证据不足
16035,干法香碎,3,其他类,干法香,,,形态描述存在，但原始食材无法确定
16039,多点蒜蓉,3,蔬菜类及其制品,,多点蒜蓉,46986,可能是原生食材，但频次、命名或类别证据不足
16043,虾仁海鲜,3,鱼虾蟹贝类,,,,可能是原生食材，但频次、命名或类别证据不足
16044,榴莲肉榴莲,3,水果类及其制品,,,,可能是原生食材，但频次、命名或类别证据不足
16046,就好花生米,3,谷类及其制品,,,,可能是原生食材，但频次、命名或类别证据不足
16047,了金针菇,3,菌藻类,,,,可能是原生食材，但频次、命名或类别证据不足
16048,就好五花肉,3,畜肉类及其制品,,,,可能是原生食材，但频次、命名或类别证据不足
16052,&胡萝卜,3,蔬菜类及其制品,胡萝卜,,,疑似多食材组合，但无法百分之百确认全部组成
16057,大小白菜,3,蔬菜类及其制品,,,,可能是原生食材，但频次、命名或类别证据不足
16066,人量糯米,3,谷类及其制品,,,,可能是原生食材，但频次、命名或类别证据不足
16067,成粒玉米粒,3,谷类及其制品,,,,可能是原生食材，但频次、命名或类别证据不足
16069,可可麦片,3,其他,可可麦,,,形态描述存在，但原始食材无法确定
16073,合片,3,其他类,合,,,形态描述存在，但原始食材无法确定
16074,坚果坚果,3,坚果种子类,,,,可能是原生食材，但频次、命名或类别证据不足
16075,数鸡蛋,3,禽肉类及其制品,,,,可能是原生食材，但频次、命名或类别证据不足
16076,小红枣,3,坚果种子类,,,,可能是原生食材，但频次、命名或类别证据不足
16077,粉芝麻,3,坚果种子类,,,,可能是原生食材，但频次、命名或类别证据不足
16084,蔬菜浓汤,3,蔬菜类及其制品,,,,可能是原生食材，但频次、命名或类别证据不足
16085,新土豆,3,干豆类及其制品,,,,可能是原生食材，但频次、命名或类别证据不足
16087,人数定量大米,3,谷类及其制品,,,,可能是原生食材，但频次、命名或类别证据不足
16089,葱点缀,3,蔬菜类及其制品,,,,可能是原生食材，但频次、命名或类别证据不足
16091,很多洋葱,3,蔬菜类及其制品,,,,可能是原生食材，但频次、命名或类别证据不足
16092,了西兰花,3,蔬菜类及其制品,,,,可能是原生食材，但频次、命名或类别证据不足
16095,普通海虾,3,鱼虾蟹贝类,,,,可能是原生食材，但频次、命名或类别证据不足
16099,火龙果猕猴桃,3,水果类及其制品,,,,可能是原生食材，但频次、命名或类别证据不足
16106,彩色蔬菜,3,蔬菜类及其制品,,,,可能是原生食材，但频次、命名或类别证据不足
16108,度鸡蛋,3,禽肉类及其制品,,,,可能是原生食材，但频次、命名或类别证据不足
16111,胶东大白菜,3,蔬菜类及其制品,,,,可能是原生食材，但频次、命名或类别证据不足
16116,嫩玉米叶,3,谷类及其制品,,,,可能是原生食材，但频次、命名或类别证据不足
16117,烫菜,3,蔬菜类及其制品,,,,可能是原生食材，但频次、命名或类别证据不足
16119,时蔬配菜,3,蔬菜类及其制品,,,,可能是原生食材，但频次、命名或类别证据不足
16123,大小黄鱼,3,鱼虾蟹贝类,,,,可能是原生食材，但频次、命名或类别证据不足
16124,辣椒和红辣椒,3,蔬菜类及其制品,辣椒|红辣椒,,,分隔符明确连接多个独立基础食材；克数无法可靠分摊
16125,肉食材,3,畜肉类及其制品,,,,可能是原生食材，但频次、命名或类别证据不足
16129,萝卜排骨汤,3,畜肉类及其制品,,,,可能是原生食材，但频次、命名或类别证据不足
16130,去虾线,3,鱼虾蟹贝类,,,,可能是原生食材，但频次、命名或类别证据不足
16133,压面,3,谷类及其制品,,,,可能是原生食材，但频次、命名或类别证据不足
16136,粉木薯粉,3,薯类淀粉及其制品,,,,可能是原生食材，但频次、命名或类别证据不足
16140,香草干料,3,蔬菜类及其制品,,,,可能是原生食材，但频次、命名或类别证据不足
16141,冻扇贝,3,鱼虾蟹贝类,,,,可能是原生食材，但频次、命名或类别证据不足
16142,小里脊肉,3,畜肉类及其制品,,,,可能是原生食材，但频次、命名或类别证据不足
16146,大洋葱洋葱,3,蔬菜类及其制品,,,,可能是原生食材，但频次、命名或类别证据不足
16151,综合干香草,3,蔬菜类及其制品,,,,可能是原生食材，但频次、命名或类别证据不足
16153,什么其他蔬菜,3,蔬菜类及其制品,,,,可能是原生食材，但频次、命名或类别证据不足
16154,冻牛肉,3,畜肉类及其制品,,,,可能是原生食材，但频次、命名或类别证据不足
16156,菜黄瓜,3,蔬菜类及其制品,,,,可能是原生食材，但频次、命名或类别证据不足
16160,小碎块,3,其他类,小碎,,,形态描述存在，但原始食材无法确定
16165,上色全蛋液,3,蛋类及其制品,,,,可能是原生食材，但频次、命名或类别证据不足
16169,韩式干海带,3,鱼虾蟹贝类,,,,可能是原生食材，但频次、命名或类别证据不足
16175,农家散养鸡,3,禽肉类及其制品,,,,可能是原生食材，但频次、命名或类别证据不足
16176,喜爱青菜,3,蔬菜类及其制品,,,,可能是原生食材，但频次、命名或类别证据不足
16178,油浸三文鱼,3,鱼虾蟹贝类,,,,可能是原生食材，但频次、命名或类别证据不足
16179,家里蔬菜,3,蔬菜类及其制品,,,,可能是原生食材，但频次、命名或类别证据不足
16182,想吃肉,3,畜肉类及其制品,,,,可能是原生食材，但频次、命名或类别证据不足
16183,来定排骨,3,畜肉类及其制品,,,,可能是原生食材，但频次、命名或类别证据不足
16186,新鲜椰肉,3,畜肉类及其制品,,,,可能是原生食材，但频次、命名或类别证据不足
16196,自己爱吃配菜,3,蔬菜类及其制品,,,,可能是原生食材，但频次、命名或类别证据不足
16203,薄荷精华,3,蔬菜类及其制品,,,,可能是原生食材，但频次、命名或类别证据不足
16205,黄芪枸杞,3,坚果种子类,,,,可能是原生食材，但频次、命名或类别证据不足
16207,小河虾,3,鱼虾蟹贝类,,,,可能是原生食材，但频次、命名或类别证据不足
16211,炸藕盒,3,薯类淀粉及其制品,,,,可能是原生食材，但频次、命名或类别证据不足
16215,辣度干红辣椒,3,蔬菜类及其制品,,,,可能是原生食材，但频次、命名或类别证据不足
16216,蛋清分离,3,蛋类及其制品,,,,可能是原生食材，但频次、命名或类别证据不足
16217,大小羊排,3,畜肉类及其制品,,,,可能是原生食材，但频次、命名或类别证据不足
16218,决定五花肉,3,畜肉类及其制品,,,,可能是原生食材，但频次、命名或类别证据不足
16219,叶切丝,3,其他类,叶切,,,形态描述存在，但原始食材无法确定
16224,面辛拉面,3,谷类及其制品,,,,可能是原生食材，但频次、命名或类别证据不足
16226,鸽子肉,3,畜肉类及其制品,,,,可能是原生食材，但频次、命名或类别证据不足
16227,人吃辣程度小米辣,3,谷类及其制品,,,,可能是原生食材，但频次、命名或类别证据不足
16230,火龙果芒果,3,水果类及其制品,,,,可能是原生食材，但频次、命名或类别证据不足
16232,一半黄豆,3,干豆类及其制品,,,,可能是原生食材，但频次、命名或类别证据不足
16234,丁牛肉,3,畜肉类及其制品,,,,可能是原生食材，但频次、命名或类别证据不足
16235,油青菜,3,蔬菜类及其制品,,,,可能是原生食材，但频次、命名或类别证据不足
16237,配色青红椒,3,蔬菜类及其制品,,,,可能是原生食材，但频次、命名或类别证据不足
16242,姜拍扁,3,蔬菜类及其制品,,,,可能是原生食材，但频次、命名或类别证据不足
16244,面碗水,3,谷类及其制品,,,,可能是原生食材，但频次、命名或类别证据不足
16250,酌量土豆,3,干豆类及其制品,,,,可能是原生食材，但频次、命名或类别证据不足
16251,黑米白米,3,谷类及其制品,,,,可能是原生食材，但频次、命名或类别证据不足
16252,大点鸡蛋,3,禽肉类及其制品,,,,可能是原生食材，但频次、命名或类别证据不足
16260,面量,3,谷类及其制品,,,,可能是原生食材，但频次、命名或类别证据不足
16262,什么配菜,3,蔬菜类及其制品,,,,可能是原生食材，但频次、命名或类别证据不足
16263,菜香菜,3,蔬菜类及其制品,,,,可能是原生食材，但频次、命名或类别证据不足
16268,香葱切葱花,3,蔬菜类及其制品,,,,可能是原生食材，但频次、命名或类别证据不足
16269,芝麻饭团,3,坚果种子类,,,,可能是原生食材，但频次、命名或类别证据不足
16274,胡萝卜切末,3,蔬菜类及其制品,胡萝卜切,,,形态描述存在，但原始食材无法确定
16275,营养蛋白粉,3,蛋类及其制品,,,,可能是原生食材，但频次、命名或类别证据不足
16276,剩下配菜,3,蔬菜类及其制品,,,,可能是原生食材，但频次、命名或类别证据不足
16278,黄花木耳,3,菌藻类,,,,可能是原生食材，但频次、命名或类别证据不足
16279,坚果零食,3,坚果种子类,,,,可能是原生食材，但频次、命名或类别证据不足
16283,细丝,3,其他类,细,,,形态描述存在，但原始食材无法确定
16286,长粒香大米,3,谷类及其制品,,,,可能是原生食材，但频次、命名或类别证据不足
16288,刨丝,3,其他类,刨,,,形态描述存在，但原始食材无法确定
16290,鲢鱼头鱼头,3,鱼虾蟹贝类,,,,可能是原生食材，但频次、命名或类别证据不足
16293,牛脂,3,畜肉类及其制品,,,,可能是原生食材，但频次、命名或类别证据不足
16295,干水分香菇,3,菌藻类,,,,可能是原生食材，但频次、命名或类别证据不足
16296,木耳银耳,3,菌藻类,,,,可能是原生食材，但频次、命名或类别证据不足
16297,奉化芋头,3,薯类淀粉及其制品,,,,可能是原生食材，但频次、命名或类别证据不足
16298,煎蛋鸡蛋,3,禽肉类及其制品,,,,可能是原生食材，但频次、命名或类别证据不足
16302,指长一段胡萝卜,3,蔬菜类及其制品,,,,可能是原生食材，但频次、命名或类别证据不足
16303,一厘米水,3,谷类及其制品,,,,可能是原生食材，但频次、命名或类别证据不足
16304,蘑菇西兰花,3,菌藻类,,,,可能是原生食材，但频次、命名或类别证据不足
16306,大褐菇,3,菌藻类,,,,可能是原生食材，但频次、命名或类别证据不足
16307,多大米,3,谷类及其制品,,多半杯大米,108613,可能是原生食材，但频次、命名或类别证据不足
16309,弯管意面,3,谷类及其制品,,,,可能是原生食材，但频次、命名或类别证据不足
16312,一样姜,3,蔬菜类及其制品,,,,可能是原生食材，但频次、命名或类别证据不足
16316,厘米长胡萝卜,3,谷类及其制品,,,,可能是原生食材，但频次、命名或类别证据不足
16319,指大小姜丝,3,蔬菜类及其制品,指大小姜,,,形态描述存在，但原始食材无法确定
16320,彩椒彩椒,3,蔬菜类及其制品,,,,可能是原生食材，但频次、命名或类别证据不足
16321,戚风蛋黄糊,3,蛋类及其制品,,,,可能是原生食材，但频次、命名或类别证据不足
16322,鸡丝凉面,3,禽肉类及其制品,,,,可能是原生食材，但频次、命名或类别证据不足
16326,绿叶菜蔬菜,3,蔬菜类及其制品,,,,可能是原生食材，但频次、命名或类别证据不足
16328,香料末,3,其他类,香料,,,形态描述存在，但原始食材无法确定
16330,定羊肉,3,畜肉类及其制品,,,,可能是原生食材，但频次、命名或类别证据不足
16331,任意肉,3,畜肉类及其制品,,,,可能是原生食材，但频次、命名或类别证据不足
16332,就行玉米粒,3,谷类及其制品,,,,可能是原生食材，但频次、命名或类别证据不足
16333,大小葱段,3,蔬菜类及其制品,大小葱,,,形态描述存在，但原始食材无法确定
16334,牛牛肉粒,3,畜肉类及其制品,,,,可能是原生食材，但频次、命名或类别证据不足
16339,水蔬菜,3,蔬菜类及其制品,,,,可能是原生食材，但频次、命名或类别证据不足
16345,定鸡蛋,3,禽肉类及其制品,,,,可能是原生食材，但频次、命名或类别证据不足
16347,笨豆芽,3,干豆类及其制品,,,,可能是原生食材，但频次、命名或类别证据不足
16352,鲜三文鱼头,3,鱼虾蟹贝类,,,,可能是原生食材，但频次、命名或类别证据不足
16362,粉地瓜粉,3,蔬菜类及其制品,,,,可能是原生食材，但频次、命名或类别证据不足
16366,小土鸡,3,禽肉类及其制品,,,,可能是原生食材，但频次、命名或类别证据不足
16369,粗金针菇,3,菌藻类,,,,可能是原生食材，但频次、命名或类别证据不足
16371,鸡胸肉糜,3,禽肉类及其制品,,,,可能是原生食材，但频次、命名或类别证据不足
16373,大料红辣椒,3,蔬菜类及其制品,,,,可能是原生食材，但频次、命名或类别证据不足
16376,情况鸡肉,3,禽肉类及其制品,,,,可能是原生食材，但频次、命名或类别证据不足
16378,大米小米,3,谷类及其制品,,,,可能是原生食材，但频次、命名或类别证据不足
16385,级金枪鱼,3,鱼虾蟹贝类,,,,可能是原生食材，但频次、命名或类别证据不足
16388,软白全麦粉,3,谷类及其制品,,,,可能是原生食材，但频次、命名或类别证据不足
16393,了木耳,3,菌藻类,,,,可能是原生食材，但频次、命名或类别证据不足
16395,宁夏滩羊排,3,畜肉类及其制品,,,,可能是原生食材，但频次、命名或类别证据不足
16397,红甜辣椒,3,蔬菜类及其制品,,,,可能是原生食材，但频次、命名或类别证据不足
16404,了小米辣,3,谷类及其制品,,,,可能是原生食材，但频次、命名或类别证据不足
16405,谷饲西冷牛排,3,畜肉类及其制品,,,,可能是原生食材，但频次、命名或类别证据不足
16407,薄力小麦粉,3,谷类及其制品,,,,可能是原生食材，但频次、命名或类别证据不足
16411,色面团〗,3,谷类及其制品,,,,可能是原生食材，但频次、命名或类别证据不足
16413,就够了紫甘蓝,3,蔬菜类及其制品,,,,可能是原生食材，但频次、命名或类别证据不足
16414,泡好鹰嘴豆,3,干豆类及其制品,,,,可能是原生食材，但频次、命名或类别证据不足
16415,核桃欧包,3,水果类及其制品,,,,可能是原生食材，但频次、命名或类别证据不足
16418,小香菜,3,蔬菜类及其制品,,,,可能是原生食材，但频次、命名或类别证据不足
16428,和牛肉粒,3,畜肉类及其制品,牛肉粒,,,疑似多食材组合，但无法百分之百确认全部组成
16429,米两倍红豆,3,干豆类及其制品,,,,可能是原生食材，但频次、命名或类别证据不足
16430,水发竹笋,3,蔬菜类及其制品,,,,可能是原生食材，但频次、命名或类别证据不足
16436,大小三文鱼,3,鱼虾蟹贝类,,,,可能是原生食材，但频次、命名或类别证据不足
16438,鸡胸肉切块,3,禽肉类及其制品,鸡胸肉切,,,形态描述存在，但原始食材无法确定
16441,香葱点缀,3,蔬菜类及其制品,,,,可能是原生食材，但频次、命名或类别证据不足
16450,两猪里脊肉,3,畜肉类及其制品,,,,可能是原生食材，但频次、命名或类别证据不足
16455,小白萝卜,3,蔬菜类及其制品,,,,可能是原生食材，但频次、命名或类别证据不足
16458,樱桃萝卜叶,3,水果类及其制品,,,,可能是原生食材，但频次、命名或类别证据不足
16463,麻薯内馅,3,薯类淀粉及其制品,,,,可能是原生食材，但频次、命名或类别证据不足
16473,大无花果,3,水果类及其制品,,,,可能是原生食材，但频次、命名或类别证据不足
16477,小橘子,3,水果类及其制品,,,,可能是原生食材，但频次、命名或类别证据不足
16479,白芝麻少量,3,坚果种子类,,,,可能是原生食材，但频次、命名或类别证据不足
16480,仙居杨梅,3,水果类及其制品,,,,可能是原生食材，但频次、命名或类别证据不足
16481,肉鱼肉,3,鱼虾蟹贝类,,,,可能是原生食材，但频次、命名或类别证据不足
16482,印度米,3,谷类及其制品,,,,可能是原生食材，但频次、命名或类别证据不足
16484,豆粉松,3,干豆类及其制品,,,,可能是原生食材，但频次、命名或类别证据不足
16490,蒜一瓣,3,蔬菜类及其制品,蒜一,,,形态描述存在，但原始食材无法确定
16491,头凤梨,3,水果类及其制品,,,,可能是原生食材，但频次、命名或类别证据不足
16495,了米,3,谷类及其制品,,,,可能是原生食材，但频次、命名或类别证据不足
16496,混合蔬菜色拉,3,蔬菜类及其制品,,,,可能是原生食材，但频次、命名或类别证据不足
16501,干红芸豆,3,干豆类及其制品,,,,可能是原生食材，但频次、命名或类别证据不足
16503,花肉丁,3,畜肉类及其制品,花肉,,,形态描述存在，但原始食材无法确定
16509,菜圆白菜,3,蔬菜类及其制品,,,,可能是原生食材，但频次、命名或类别证据不足
16514,细直面,3,谷类及其制品,,,,可能是原生食材，但频次、命名或类别证据不足
16515,层红豆,3,干豆类及其制品,,,,可能是原生食材，但频次、命名或类别证据不足
16516,蛋白素肉丝,3,畜肉类及其制品,蛋白素肉,,,形态描述存在，但原始食材无法确定
16517,末香菇,3,菌藻类,,,,可能是原生食材，但频次、命名或类别证据不足
16518,一半玉米面,3,谷类及其制品,,,,可能是原生食材，但频次、命名或类别证据不足
16519,任何你想吃菜,3,蔬菜类及其制品,,,,可能是原生食材，但频次、命名或类别证据不足
16523,芝麻杏仁片,3,水果类及其制品,芝麻杏仁,,,形态描述存在，但原始食材无法确定
16524,奶味芋泥,3,薯类淀粉及其制品,,,,可能是原生食材，但频次、命名或类别证据不足
16525,菜搭配,3,蔬菜类及其制品,,,,可能是原生食材，但频次、命名或类别证据不足
16528,格兰诺拉燕麦片,3,谷类及其制品,格兰诺拉燕麦,,,形态描述存在，但原始食材无法确定
16530,一個木瓜,3,蔬菜类及其制品,,,,可能是原生食材，但频次、命名或类别证据不足
16531,烧菜香料,3,蔬菜类及其制品,,,,可能是原生食材，但频次、命名或类别证据不足
16535,洋葱葱姜蒜,3,蔬菜类及其制品,,,,可能是原生食材，但频次、命名或类别证据不足
16536,其他小海鲜,3,鱼虾蟹贝类,,,,可能是原生食材，但频次、命名或类别证据不足
16538,方块,3,其他类,方,,,形态描述存在，但原始食材无法确定
16542,脂类蛋白质,3,蛋类及其制品,,,,可能是原生食材，但频次、命名或类别证据不足
16548,肥肉瘦肉,3,畜肉类及其制品,,,,可能是原生食材，但频次、命名或类别证据不足
16549,式混合香草,3,蔬菜类及其制品,,,,可能是原生食材，但频次、命名或类别证据不足
16553,青豆胡萝卜玉米,3,干豆类及其制品,,,,可能是原生食材，但频次、命名或类别证据不足
16555,克壹佰烤肉料腌制,3,畜肉类及其制品,,,,可能是原生食材，但频次、命名或类别证据不足
16557,少红豆,3,干豆类及其制品,,,,可能是原生食材，但频次、命名或类别证据不足
16559,海鲜调味粉,3,鱼虾蟹贝类,,,,可能是原生食材，但频次、命名或类别证据不足
16565,色灯笼辣椒,3,蔬菜类及其制品,,,,可能是原生食材，但频次、命名或类别证据不足
16576,白菜帮子,3,蔬菜类及其制品,,4-5片白菜帮子 || 3片白菜帮子 || 1棵白菜帮子,1198|18614|75178,可能是原生食材，但频次、命名或类别证据不足
16577,红芯萝卜,3,蔬菜类及其制品,,,,可能是原生食材，但频次、命名或类别证据不足
16582,柚子叶,3,水果类及其制品,,柚子叶 || 2片柚子叶 || 12个柚子叶,4315|95732|110750,可能是原生食材，但频次、命名或类别证据不足
16583,牛蹄,3,畜肉类及其制品,,1个牛蹄 || 500克左右去骨牛蹄 || 1/4只牛蹄,6944|7515|10972,可能是原生食材，但频次、命名或类别证据不足
16588,红西柚,3,水果类及其制品,,一瓣        红西柚 || 1/4个红西柚 || 适量红西柚,12839|17618|28130,可能是原生食材，但频次、命名或类别证据不足
16589,蛋奶液,3,蛋类及其制品,,蛋奶液 || 适量蛋奶液（可选） || 130g蛋奶液,14002|78332|156660,可能是原生食材，但频次、命名或类别证据不足
16590,腌鱼料,3,鱼虾蟹贝类,,腌鱼料 || #腌鱼用料 || #腌鱼料,14580|46577|55561,可能是原生食材，但频次、命名或类别证据不足
16591,散菜花,3,蔬菜类及其制品,,1个散菜花 || 大半个（一盘量）散菜花 || 300克散菜花,14877|67987|184182,可能是原生食材，但频次、命名或类别证据不足
16595,蛎蝗,3,鱼虾蟹贝类,,12只蛎蝗 || 150克蛎蝗 || 蛎蝗,21203|45411|148852,可能是原生食材，但频次、命名或类别证据不足
16596,猪肋骨,3,畜肉类及其制品,,400克猪肋骨 || 500g猪肋骨，切块 || 猪肋骨,22342|23932|30957,可能是原生食材，但频次、命名或类别证据不足
16598,都可以姜,3,蔬菜类及其制品,,四五片都可以姜,24305,可能是原生食材，但频次、命名或类别证据不足
16603,黑芝麻面,3,坚果种子类,,300g黑芝麻面（或白芝麻面）,33792,可能是原生食材，但频次、命名或类别证据不足
16604,萝卜丝馅,3,蔬菜类及其制品,,,,可能是原生食材，但频次、命名或类别证据不足
16610,鸽蛋,3,蛋类及其制品,,2只鸽蛋,45013,可能是原生食材，但频次、命名或类别证据不足
16612,全麦烫种,3,谷类及其制品,,75克全麦烫种 || 全麦烫种,168815|195102,可能是原生食材，但频次、命名或类别证据不足
16615,糯米船,3,谷类及其制品,,40只左右糯米船,59044,可能是原生食材，但频次、命名或类别证据不足
16616,花生芽,3,干豆类及其制品,,200克花生芽 || 适量花生芽 || 400克花生芽,60532|64056|76549,可能是原生食材，但频次、命名或类别证据不足
16617,苡仁,3,坚果种子类,,1小把苡仁,63387,可能是原生食材，但频次、命名或类别证据不足
16618,猪肉瘦肉,3,畜肉类及其制品,,1块猪肉瘦肉 || 少许猪肉 瘦肉 || 一斤克猪肉瘦肉,66574|115801|197757,可能是原生食材，但频次、命名或类别证据不足
16619,鸡蛋打散,3,禽肉类及其制品,,1个鸡蛋打散 || 1-2个4.鸡蛋打散 || （可以不加)鸡蛋打散,68173|97797|125589,可能是原生食材，但频次、命名或类别证据不足
16622,油酥面,3,谷类及其制品,,3.油酥面 || 适量油酥面 || 油酥面150克,28318|75108|119464,可能是原生食材，但频次、命名或类别证据不足
16623,独头大蒜,3,蔬菜类及其制品,,独头3颗大蒜 || 2颗独头大蒜,80349|95352,可能是原生食材，但频次、命名或类别证据不足
16625,海带节,3,鱼虾蟹贝类,,,,可能是原生食材，但频次、命名或类别证据不足
16630,棒子面,3,谷类及其制品,,250克棒子面（玉米面）,111944,可能是原生食材，但频次、命名或类别证据不足
16636,生松子,3,坚果种子类,,一小把生松子,133080,可能是原生食材，但频次、命名或类别证据不足
16637,细红椒,3,蔬菜类及其制品,,细红椒，香葱少许,135459,可能是原生食材，但频次、命名或类别证据不足
16644,吧干香菇,3,菌藻类,,一小吧干香菇,162101,可能是原生食材，但频次、命名或类别证据不足
16651,葱.香菜,3,蔬菜类及其制品,,,,可能是原生食材，但频次、命名或类别证据不足
16653,辣椒切丝,3,蔬菜类及其制品,辣椒切,,,形态描述存在，但原始食材无法确定
16654,海捕大虾,3,鱼虾蟹贝类,,,,可能是原生食材，但频次、命名或类别证据不足
16658,饼面,3,谷类及其制品,,4.饼面,135591,可能是原生食材，但频次、命名或类别证据不足
16659,饰面,3,谷类及其制品,,,,可能是原生食材，但频次、命名或类别证据不足
16663,嫩笋头,3,蔬菜类及其制品,,,,可能是原生食材，但频次、命名或类别证据不足
16664,腌胡萝卜,3,蔬菜类及其制品,,,,可能是原生食材，但频次、命名或类别证据不足
16669,小冰块,3,其他类,小冰,5块5.小冰块,181065,形态描述存在，但原始食材无法确定
16673,人土豆,3,干豆类及其制品,,,,可能是原生食材，但频次、命名或类别证据不足
16675,本地鸡蛋,3,禽肉类及其制品,,,,可能是原生食材，但频次、命名或类别证据不足
16678,谷薯,3,薯类淀粉及其制品,,,,可能是原生食材，但频次、命名或类别证据不足
16683,白银耳,3,菌藻类,,,,可能是原生食材，但频次、命名或类别证据不足
16686,小杂鱼,3,鱼虾蟹贝类,,,,可能是原生食材，但频次、命名或类别证据不足
16689,小芒果,3,水果类及其制品,,,,可能是原生食材，但频次、命名或类别证据不足
16690,鸡脚冻,3,禽肉类及其制品,,,,可能是原生食材，但频次、命名或类别证据不足
16691,排骨腌制,3,畜肉类及其制品,,－排骨腌制－,90654,可能是原生食材，但频次、命名或类别证据不足
