name,usage_count,reason
白糖,1003,调味料
料酒,479,调味料
蜂蜜,449,调味料
生抽,441,调味料
花椒,379,调味料
黑胡椒,376,调味料
酱油,370,调味料
黄油,368,调味料
蚝油,365,调味料
淡奶油,361,调味料
食用油,356,调味料
冰糖,356,调味料
橄榄油,341,调味料
辣椒粉,336,调味料
香油,328,调味料
鸡精,318,调味料
红糖,300,调味料
豆瓣酱,279,调味料
玉米油,267,调味料
番茄酱,265,调味料
柠檬汁,260,调味料
老抽,252,调味料
胡椒粉,236,调味料
玉米淀粉,225,调味料
沙拉酱,219,调味料
白醋,219,调味料
花生油,177,调味料
黑胡椒粉,175,调味料
五香粉,165,调味料
猪油,162,调味料
酵母,161,调味料
白胡椒粉,160,调味料
孜然粉,159,调味料
辣椒酱,156,调味料
八角,153,调味料
糖粉,150,调味料
椰子油,143,调味料
香草精,143,调味料
辣椒油,142,调味料
花椒粉,142,调味料
白酒,137,调味料
胡椒,136,调味料
孜然,135,调味料
白胡椒,132,调味料
味精,131,调味料
香叶,129,调味料
高汤,126,调味料
火锅底料,125,调味料
米酒,123,调味料
桂皮,120,调味料
海盐,119,调味料
甜面酱,118,调味料
食油,118,调味料
黄酒,117,调味料
咖喱,116,调味料
麻油,114,调味料
朗姆酒,114,调味料
菜籽油,112,调味料
花椒油,109,调味料
十三香,109,调味料
蛋黄酱,107,调味料
花生酱,105,调味料
吉利丁,105,调味料
茴香,104,调味料
黄豆酱,103,调味料
巧克力酱,101,调味料
泡打粉,100,调味料
老干妈,96,调味料
代糖,91,调味料
鱼露,91,调味料
米醋,87,调味料
陈醋,87,调味料
芝麻酱,87,调味料
黑糖,86,调味料
调味料,85,调味料
蕃茄酱,84,调味料
蒸鱼豉油,83,调味料
无盐黄油,83,调味料
黄冰糖,83,调味料
黄糖,83,调味料
咖喱粉,80,调味料
豆豉,79,调味料
现磨黑胡椒,78,调味料
椒盐,77,调味料
果酱,77,调味料
香醋,75,调味料
苹果醋,75,调味料
食盐,74,调味料
海鲜酱油,73,调味料
韩式辣酱,72,调味料
陈皮,72,调味料
蒜蓉辣酱,71,调味料
味极鲜,71,调味料
麦芽糖,70,调味料
糖浆,69,调味料
葵花籽油,68,调味料
辣酱,67,调味料
红薯淀粉,67,调味料
高度白酒,66,调味料
披萨酱,65,调味料
枫糖浆,65,调味料
花雕酒,64,调味料
千岛酱,63,调味料
酱汁,63,调味料
味淋,62,调味料
鲜奶油,62,调味料
棉花糖,61,调味料
青花椒,60,调味料
花椒面,59,调味料
牛油,59,调味料
核桃油,58,调味料
椰汁,58,调味料
木薯淀粉,57,调味料
土豆淀粉,56,调味料
小苏打,56,调味料
味极鲜酱油,55,调味料
卡仕达酱,55,调味料
奥尔良腌料,54,调味料
甜辣酱,54,调味料
酱料,54,调味料
芥末,54,调味料
黑胡椒酱,53,调味料
水淀粉,53,调味料
红烧酱油,53,调味料
蒜粉,52,调味料
烧烤酱,52,调味料
酸奶油,52,调味料
清酒,52,调味料
橙汁,52,调味料
木糖醇,52,调味料
椒盐粉,52,调味料
菜油,51,调味料
姜粉,50,调味料
浓汤宝,50,调味料
无糖酸奶,50,调味料
亚麻籽油,50,调味料
克盐,50,调味料
糖霜,49,调味料
赤藓糖醇,48,调味料
韩国辣酱,48,调味料
黄芥末酱,48,调味料
白兰地,46,调味料
果汁,45,调味料
咖喱酱,45,调味料
食色素,45,调味料
豆油,45,调味料
寿司醋,45,调味料
小茴香,45,调味料
鱼胶,45,调味料
草莓酱,42,调味料
香辣酱,42,调味料
吉利丁粉,42,调味料
色拉酱,41,调味料
意大利面酱,41,调味料
生抽老抽,41,调味料
姜汁,40,调味料
蓝莓果酱,40,调味料
鲍鱼汁,39,调味料
红油,39,调味料
卤料包,39,调味料
蓝莓酱,39,调味料
冰糖粉,39,调味料
调味汁,39,调味料
藤椒油,38,调味料
葡萄籽油,38,调味料
粗盐,38,调味料
黑芝麻酱,37,调味料
海鲜酱,36,调味料
芥末酱,36,调味料
油醋汁,36,调味料
蒜蓉酱,36,调味料
枫糖,36,调味料
意面酱,36,调味料
伏特加,36,调味料
老冰糖,36,调味料
芝麻香油,36,调味料
调和油,36,调味料
鲜酱油,35,调味料
日式酱油,35,调味料
韩式辣椒酱,35,调味料
干花椒,35,调味料
糖桂花,34,调味料
麻酱,34,调味料
蒜蓉辣椒酱,34,调味料
盐焗鸡粉,34,调味料
鱼胶粉,34,调味料
牛肉酱,34,调味料
黑椒酱,34,调味料
鸡汁,34,调味料
生抽酱油,33,调味料
烤肉酱,33,调味料
蜜糖,33,调味料
盐巴,32,调味料
转化糖浆,32,调味料
叉烧酱,32,调味料
蜂蜜水,32,调味料
研磨黑胡椒,32,调味料
沙茶酱,31,调味料
特级初榨橄榄油,31,调味料
花椒水,31,调味料
辣油,31,调味料
色素,31,调味料
玉米糖浆,31,调味料
卤料,31,调味料
草果,31,调味料
海天黄豆酱,30,调味料
黑醋,30,调味料
剁椒酱,30,调味料
雀巢淡奶油,30,调味料
辣豆瓣酱,30,调味料
量食油,30,调味料
威士忌,30,调味料
花椒大料,30,调味料
白米醋,30,调味料
丘比沙拉酱,30,调味料
量盐,29,调味料
黄酱,29,调味料
淀粉水,29,调味料
菠菜汁,29,调味料
果醋,28,调味料
虾酱,28,调味料
干辣椒粉,28,调味料
马铃薯淀粉,28,调味料
牛油火锅底料,28,调味料
各种调料,28,调味料
香料包,28,调味料
调味酱,28,调味料
腐乳,28,调味料
细盐,28,调味料
草莓果酱,28,调味料
腌料,28,调味料
鸡高汤,28,调味料
碱面,28,调味料
照烧酱,27,调味料
腐乳汁,27,调味料
老抽酱油,27,调味料
细辣椒面,27,调味料
小麦淀粉,27,调味料
初榨橄榄油,27,调味料
生姜粉,27,调味料
干淀粉,27,调味料
沙拉汁,27,调味料
量油,26,调味料
红辣椒粉,26,调味料
食碱,26,调味料
照烧汁,26,调味料
克油,26,调味料
葱油,25,调味料
融化黄油,25,调味料
动物性淡奶油,25,调味料
泰式甜辣酱,25,调味料
大蒜粉,25,调味料
薄盐生抽,25,调味料
葱姜蒜粉,25,调味料
浓缩鸡汁,25,调味料
椰子汁,25,调味料
火龙果汁,25,调味料
甜菊糖,25,调味料
甜酱油,25,调味料
卡士达酱,25,调味料
青柠汁,25,调味料
天然酵母,25,调味料
大酱,25,调味料
日本酱油,24,调味料
焦糖酱,24,调味料
蜂蜜芥末酱,24,调味料
豉油,24,调味料
素蚝油,24,调味料
黄砂糖,24,调味料
美极鲜酱油,24,调味料
火锅调料,24,调味料
花椒八角,24,调味料
量生抽,24,调味料
片糖,24,调味料
胡萝卜汁,24,调味料
稀奶油,24,调味料
椰糖,24,调味料
粉盐,23,调味料
柠檬汁或白醋,23,调味料
无铝泡打粉,23,调味料
炸鸡粉,23,调味料
熟油,23,调味料
红油豆瓣酱,23,调味料
西红柿酱,23,调味料
番茄汁,23,调味料
盐黄油,23,调味料
黑胡椒汁,23,调味料
葱姜料酒,23,调味料
无添加酱油,23,调味料
宝宝酱油,23,调味料
量白糖,23,调味料
红酒醋,23,调味料
黑椒汁,23,调味料
动物奶油,23,调味料
软化黄油,23,调味料
零卡糖,23,调味料
红花椒,23,调味料
黄豆酱油,22,调味料
红糖粉,22,调味料
盐盐,22,调味料
花雕,22,调味料
胡麻油,22,调味料
黄片糖,22,调味料
糖水,22,调味料
红色素,22,调味料
量料酒,22,调味料
汤料包,22,调味料
麦芽糖浆,22,调味料
热油,22,调味料
柱候酱,22,调味料
芥末油,22,调味料
玫瑰酱,22,调味料
肉酱,22,调味料
其他调料,22,调味料
耐高糖酵母,21,调味料
王守义十三香,21,调味料
盖料酒,21,调味料
花生粉,21,调味料
黄灯笼辣椒酱,21,调味料
新鲜柠檬汁,21,调味料
一品鲜酱油,21,调味料
牛油果油,21,调味料
杏仁酱,21,调味料
调味盐,21,调味料
玫瑰盐,21,调味料
盐渍樱花,21,调味料
拌饭酱,21,调味料
豆豉酱,21,调味料
咸盐,20,调味料
豆豉鲮鱼罐头,20,调味料
冬阴功酱,20,调味料
白醋或柠檬汁,20,调味料
鸡精粉,20,调味料
胡椒盐,20,调味料
龙舌兰糖浆,20,调味料
太太乐鲜鸡汁,20,调味料
发酵黄油,20,调味料
麻辣香锅底料,20,调味料
花椒麻椒,20,调味料
意大利黑醋,20,调味料
辣酱油,20,调味料
卤汁,20,调味料
即可油,20,调味料
老陈醋,20,调味料
红色色素,20,调味料
蠔油,20,调味料
黑糖浆,20,调味料
碱水,20,调味料
八角桂皮,20,调味料
克白糖,20,调味料
芝士酱,20,调味料
调料汁,20,调味料
糖渍橙皮,20,调味料
盐鸡精,19,调味料
面酱,19,调味料
各盐,19,调味料
十三香粉,19,调味料
味极鲜生抽,19,调味料
量橄榄油,19,调味料
克白砂糖,19,调味料
红色食色素,19,调味料
克冰糖,19,调味料
镇江香醋,19,调味料
上色老抽,19,调味料
油油,19,调味料
鸡精味精,19,调味料
酱油酱油,19,调味料
量淀粉,19,调味料
汤底,19,调味料
干辣椒面,19,调味料
鸡油,19,调味料
干辣椒花椒,19,调味料
汤料,19,调味料
调料,19,调味料
百梦多咖喱,19,调味料
量黑胡椒,19,调味料
香草糖,18,调味料
美味鲜酱油,18,调味料
冰糖或白糖,18,调味料
现磨黑胡椒粉,18,调味料
李锦记蒸鱼豉油,18,调味料
无糖可可粉,18,调味料
黃油,18,调味料
红烧汁,18,调味料
汤汁,18,调味料
茶油,18,调味料
鱼子酱,18,调味料
麻辣火锅底料,18,调味料
新奥尔良腌料,18,调味料
李锦记生抽,18,调味料
儿童酱油,18,调味料
添加盐,18,调味料
椰子糖,18,调味料
或番茄酱,18,调味料
炒菜油,18,调味料
就好油,18,调味料
酱油或生抽,18,调味料
就行油,18,调味料
量冰糖,18,调味料
勺豆瓣酱,18,调味料
料汁,18,调味料
糖或蜂蜜,18,调味料
青酱,18,调味料
高度酒,18,调味料
牛油果酱,18,调味料
淡口酱油,18,调味料
打发奶油,18,调味料
勺黑胡椒,18,调味料
红糖水,17,调味料
高汤或清水,17,调味料
烧烤调料,17,调味料
打发淡奶油,17,调味料
老干妈豆豉,17,调味料
亨氏番茄酱,17,调味料
食小苏打,17,调味料
大豆油,17,调味料
味事达酱油,17,调味料
酥油,17,调味料
卤水汁,17,调味料
黑胡椒盐,17,调味料
二锅头,17,调味料
猪板油,17,调味料
汤勺生抽,17,调味料
蔬菜汁,17,调味料
动物黄油,17,调味料
百香果酱,17,调味料
草菇老抽,17,调味料
香甜沙拉酱,17,调味料
大小冰糖,17,调味料
黑酱油,17,调味料
量酱油,17,调味料
其他调味料,17,调味料
油盐酱醋,17,调味料
浓缩柠檬汁,17,调味料
自制辣椒酱,17,调味料
即可盐,17,调味料
白朗姆酒,17,调味料
单晶冰糖,17,调味料
勺番茄酱,17,调味料
蒸鱼酱油,17,调味料
糖醋汁,17,调味料
黑糖珍珠,16,调味料
喜马拉雅粉盐,16,调味料
葵花油,16,调味料
酸梅酱,16,调味料
老干妈辣酱,16,调味料
粗辣椒面,16,调味料
无味植物油,16,调味料
红咖喱酱,16,调味料
酱油膏,16,调味料
六月鲜酱油,16,调味料
鲜味酱油,16,调味料
排骨酱,16,调味料
黑芝麻油,16,调味料
洋葱粉,16,调味料
安佳淡奶油,16,调味料
黑胡椒颗粒,16,调味料
巧克力奶油,16,调味料
麻椒油,16,调味料
放盐,16,调味料
麻辣烫底料,16,调味料
六月香豆瓣酱,16,调味料
檸檬汁,16,调味料
奶油酱,16,调味料
花椒干辣椒,16,调味料
加盐,16,调味料
或柠檬汁,16,调味料
蒸鱼鼓油,16,调味料
桂花糖,16,调味料
一小撮盐,16,调味料
无味油,16,调味料
果蔬汁,16,调味料
蔗糖,16,调味料
焦糖,16,调味料
精盐,16,调味料
勺生抽,16,调味料
蒜汁,16,调味料
盐和黑胡椒,16,调味料
地瓜淀粉,15,调味料
豌豆淀粉,15,调味料
量黑胡椒粉,15,调味料
海天豆瓣酱,15,调味料
蜂蜜或白糖,15,调味料
绿豆淀粉,15,调味料
粗海盐,15,调味料
虾油,15,调味料
量玉米淀粉,15,调味料
八角桂皮香叶,15,调味料
就好盐,15,调味料
芝麻沙拉酱,15,调味料
玫瑰花酱,15,调味料
碎冰糖,15,调味料
豆豉鲮鱼,15,调味料
调味酱油,15,调味料
山茶油,15,调味料
克糖,15,调味料
料酒或白酒,15,调味料
酿造酱油,15,调味料
蔬菜油,15,调味料
橄欖油,15,调味料
调料粉,15,调味料
沙律酱,15,调味料
勺酱油,15,调味料
量蜂蜜,15,调味料
量白砂糖,15,调味料
油或菜籽油,15,调味料
即可橄榄油,15,调味料
加糖,15,调味料
蘸酱,15,调味料
白沙糖,15,调味料
幼砂糖,15,调味料
沙拉油,15,调味料
粗砂糖,15,调味料
凉拌酱油,15,调味料
杏仁露,15,调味料
赤砂糖,15,调味料
糖糖,15,调味料
装饰糖,15,调味料
凯撒沙拉酱,14,调味料
淡味黄油,14,调味料
即发干酵母,14,调味料
李锦记叉烧酱,14,调味料
韩国辣椒酱,14,调味料
韩式辣椒粉,14,调味料
细白砂糖,14,调味料
香其酱,14,调味料
酱油生抽,14,调味料
柱侯酱,14,调味料
糖分,14,调味料
食醋,14,调味料
豆腐乳,14,调味料
柠檬汁或者白醋,14,调味料
盐糖,14,调味料
味精或鸡精,14,调味料
豆酱,14,调味料
各种调味料,14,调味料
淡酱油,14,调味料
机酱油,14,调味料
一点盐,14,调味料
克细砂糖,14,调味料
韩式大酱,14,调味料
墨西哥酱,14,调味料
蓝色色素,14,调味料
放冰糖,14,调味料
酱料包,14,调味料
无糖奶粉,14,调味料
苹果汁,14,调味料
糯米酒,14,调味料
量花椒,14,调味料
黄色色素,14,调味料
粉色色素,14,调味料
柠檬蜂蜜,14,调味料
苹果酱,14,调味料
味精鸡精,14,调味料
棕榈糖,14,调味料
古法红糖,14,调味料
麻辣底料,14,调味料
自制辣椒油,14,调味料
白葡萄酒醋,14,调味料
红糖红糖,14,调味料
香精,14,调味料
香缇奶油,14,调味料
果糖,14,调味料
桂花酱,14,调味料
无盐奶油,14,调味料
月桂叶,14,调味料
红片糖,13,调味料
老抽生抽,13,调味料
油盐,13,调味料
土冰糖,13,调味料
耐高糖干酵母,13,调味料
韩国大酱,13,调味料
一丢丢盐,13,调味料
老干妈豆豉酱,13,调味料
油或玉米油,13,调味料
干姜粉,13,调味料
黑胡椒碎,13,调味料
低盐酱油,13,调味料
干黄酱,13,调味料
韩国辣椒粉,13,调味料
粉或玉米淀粉,13,调味料
醬油,13,调味料
茴香籽,13,调味料
绍兴黄酒,13,调味料
油或者玉米油,13,调味料
无盐虾皮,13,调味料
即可食油,13,调味料
第戎芥末酱,13,调味料
克玉米淀粉,13,调味料
牛肉高汤,13,调味料
低脂沙拉酱,13,调味料
牛肉辣酱,13,调味料
不放盐,13,调味料
量黄油,13,调味料
西米露,13,调味料
油或黄油,13,调味料
吧料酒,13,调味料
抹酱,13,调味料
液态黄油,13,调味料
水淀粉水,13,调味料
白糖适量,13,调味料
勺玉米淀粉,13,调味料
棕糖,13,调味料
勺黑胡椒粉,13,调味料
加番茄酱,13,调味料
大红袍花椒,13,调味料
放生抽,13,调味料
或白糖,13,调味料
冰片糖,13,调味料
少量盐,13,调味料
鲜酵母,13,调味料
素油,13,调味料
碱水面,13,调味料
香草油,13,调味料
薄盐酱油,13,调味料
吧冰糖,13,调味料
蔬菜高汤,13,调味料
口味黑胡椒,13,调味料
日式咖喱,13,调味料
茶勺黑胡椒,13,调味料
阳江豆豉,12,调味料
少量橄榄油,12,调味料
芡汁,12,调味料
盖白酒,12,调味料
海天生抽,12,调味料
美极鲜味汁,12,调味料
水或高汤,12,调味料
香菇酱,12,调味料
清油,12,调味料
白油,12,调味料
酱油蚝油,12,调味料
儿盐,12,调味料
胡椒面,12,调味料
植物奶油,12,调味料
各生抽,12,调味料
好时巧克力酱,12,调味料
安琪酵母,12,调味料
芒果酱,12,调味料
无糖豆浆,12,调味料
麻辣香锅调料,12,调味料
甜酱,12,调味料
香叶八角桂皮,12,调味料
酒或料酒,12,调味料
勺橄榄油,12,调味料
蒜盐,12,调味料
量胡椒粉,12,调味料
蘑菇酱,12,调味料
香草精华,12,调味料
清油火锅底料,12,调味料
麻辣酱,12,调味料
山西陈醋,12,调味料
细辣椒粉,12,调味料
芥末籽酱,12,调味料
青汁,12,调味料
或者蜂蜜,12,调味料
八角花椒,12,调味料
口味盐,12,调味料
意大利香醋,12,调味料
炖肉料包,12,调味料
八角香叶,12,调味料
炸酱,12,调味料
桂皮八角香叶,12,调味料
葡萄汁,12,调味料
糖浆或蜂蜜,12,调味料
葡萄醋,12,调味料
黑糖糖浆,12,调味料
桂林辣椒酱,12,调味料
放料酒,12,调味料
韩式拌饭酱,12,调味料
番薯淀粉,12,调味料
花椒辣椒,12,调味料
桂皮八角,12,调味料
水煮鱼调料,12,调味料
油或橄榄油,12,调味料
勺鸡精,12,调味料
调料酱,12,调味料
白醋或者柠檬汁,12,调味料
酱或豆瓣酱,12,调味料
八角等香料,12,调味料
特级生抽,12,调味料
黑白胡椒粉,12,调味料
香辣牛肉酱,12,调味料
营养酵母粉,12,调味料
现磨胡椒粉,12,调味料
加白糖,12,调味料
油花生油,12,调味料
油食油,12,调味料
酱酱,12,调味料
或者料酒,12,调味料
高汤或水,12,调味料
海天酱油,12,调味料
蒜油,12,调味料
糖稀,12,调味料
方糖,12,调味料
克酵母,12,调味料
盐之花,12,调味料
克胡椒粉,12,调味料
香草精油,12,调味料
现磨白胡椒,12,调味料
磨黑胡椒,12,调味料
泡菜汁,11,调味料
少量糖,11,调味料
东古一品鲜酱油,11,调味料
无糖希腊酸奶,11,调味料
糟卤,11,调味料
沙糖,11,调味料
南乳汁,11,调味料
酸菜鱼料包,11,调味料
红心火龙果汁,11,调味料
总统黄油,11,调味料
香草香精,11,调味料
酱豆腐,11,调味料
黑白胡椒,11,调味料
盐水,11,调味料
椰子花糖,11,调味料
白糖或红糖,11,调味料
油或者黄油,11,调味料
台湾米酒,11,调味料
豉油鸡汁,11,调味料
烧烤汁,11,调味料
葡萄糖浆,11,调味料
孜然粉辣椒粉,11,调味料
干酵母粉,11,调味料
香锅底料,11,调味料
勺子盐,11,调味料
糖盐,11,调味料
生抽蚝油,11,调味料
寿司酱油,11,调味料
黑朗姆酒,11,调味料
甜醋,11,调味料
黑胡椒酱汁,11,调味料
干豆豉,11,调味料
或盐,11,调味料
动物淡奶油,11,调味料
李锦记薄盐生抽,11,调味料
冰糖或红糖,11,调味料
鲜鸡汁,11,调味料
无味食油,11,调味料
珍珠糖,11,调味料
石蜂糖,11,调味料
东北大酱,11,调味料
豆豉辣酱,11,调味料
老干妈油辣椒,11,调味料
克食油,11,调味料
盐味精,11,调味料
黄辣椒酱,11,调味料
几滴柠檬汁,11,调味料
无淀粉火腿,11,调味料
老干妈辣椒酱,11,调味料
腌制调料,11,调味料
酱番茄酱,11,调味料
老干妈辣椒油,11,调味料
汤勺蚝油,11,调味料
芥花籽油,11,调味料
盐黑胡椒,11,调味料
酱汁材料,11,调味料
糖或者蜂蜜,11,调味料
山胡椒油,11,调味料
油或者猪油,11,调味料
万字酱油,11,调味料
白酱,11,调味料
就好生抽,11,调味料
酸甜酱,11,调味料
味噌酱,11,调味料
可不放糖,11,调味料
咖喱膏,11,调味料
汤勺料酒,11,调味料
黄油黄油,11,调味料
白酱油,11,调味料
可不放盐,11,调味料
酱油醋,11,调味料
盐和胡椒粉,11,调味料
或淡奶油,11,调味料
柴鱼高汤,11,调味料
就好冰糖,11,调味料
花椒叶,11,调味料
小龙虾调料,11,调味料
放糖,11,调味料
软糖,11,调味料
韩式甜辣酱,11,调味料
酸菜鱼调料,11,调味料
多黑胡椒,11,调味料
放白糖,11,调味料
沙拉酱汁,11,调味料
甜度糖,11,调味料
勺白胡椒粉,11,调味料
牛排调料,11,调味料
盐适量,11,调味料
冰糖适量,11,调味料
酒或者料酒,11,调味料
多少盐,11,调味料
加蜂蜜,11,调味料
或香草精,11,调味料
汤勺老抽,11,调味料
蓝色食色素,11,调味料
自制无糖酸奶,11,调味料
香草糖浆,11,调味料
量菜籽油,11,调味料
普通油,11,调味料
油或芝麻油,11,调味料
生抽老抽盐,11,调味料
油橄榄油,11,调味料
就行盐,11,调味料
其他植物油,11,调味料
百香果汁,11,调味料
红砂糖,11,调味料
小苏打粉,11,调味料
鲜柠檬汁,11,调味料
去腥料酒,11,调味料
木姜子油,11,调味料
茶籽油,11,调味料
或黑胡椒,11,调味料
湿淀粉,10,调味料
辣椒红油,10,调味料
蓝风车淡奶油,10,调味料
生粉水,10,调味料
小勺子盐,10,调味料
醋或者柠檬汁,10,调味料
辣椒花椒,10,调味料
细海盐,10,调味料
糖珠,10,调味料
柠檬柠檬汁,10,调味料
蚝油生抽,10,调味料
巧克力淋酱,10,调味料
秘制酱料,10,调味料
白胡椒面,10,调味料
冰糖或蜂蜜,10,调味料
橙子汁,10,调味料
就行生抽,10,调味料
就行料酒,10,调味料
紅糖,10,调味料
玫瑰腐乳,10,调味料
即可淀粉,10,调味料
香麻油,10,调味料
调料勺盐,10,调味料
日式高汤,10,调味料
油性色素,10,调味料
覆盆子果酱,10,调味料
蛋黄沙拉酱,10,调味料
鸡精盐,10,调味料
其它调料,10,调味料
重奶油,10,调味料
各八角,10,调味料
口味沙拉酱,10,调味料
古方红糖,10,调味料
量番茄酱,10,调味料
油或其他食油,10,调味料
红腐乳汁,10,调味料
冰糖冰糖,10,调味料
量醋,10,调味料
广东米酒,10,调味料
奥尔良调料,10,调味料
奶酪酱,10,调味料
芥末粉,10,调味料
生姜汁,10,调味料
量白胡椒粉,10,调味料
番茄火锅底料,10,调味料
酱油肉,10,调味料
细白糖,10,调味料
或者柠檬汁,10,调味料
焙煎芝麻酱,10,调味料
调味酱汁,10,调味料
打发鲜奶油,10,调味料
盐酱油,10,调味料
卡宴辣椒粉,10,调味料
绿咖喱酱,10,调味料
岩盐,10,调味料
李锦记红烧汁,10,调味料
椰树椰汁,10,调味料
甜度白砂糖,10,调味料
棒棒糖模具,10,调味料
甜沙拉酱,10,调味料
枫树糖浆,10,调味料
量糖,10,调味料
料酒生抽,10,调味料
绿色色素,10,调味料
彩虹糖,10,调味料
加酱油,10,调味料
蚝油酱油,10,调味料
盐胡椒粉,10,调味料
樱桃果酱,10,调味料
柚子酱,10,调味料
面调味料,10,调味料
可食色素,10,调味料
或蜂蜜,10,调味料
棒棒糖,10,调味料
量植物油,10,调味料
腌肉调料,10,调味料
青红花椒,10,调味料
鸡汤浓汤宝,10,调味料
一品鲜生抽,10,调味料
第戎芥末,10,调味料
锅油,10,调味料
酱油少许,10,调味料
勺郫县豆瓣酱,10,调味料
印度咖喱粉,10,调味料
量花生油,10,调味料
鲜味生抽,10,调味料
龙舌兰蜜,10,调味料
油或植物油,10,调味料
量红糖,10,调味料
烧烤腌料,10,调味料
个人口味盐,10,调味料
糖或细砂糖,10,调味料
生抽生抽,10,调味料
量酵母,10,调味料
加黑胡椒,10,调味料
辣椒豆瓣酱,10,调味料
番茄意面酱,10,调味料
番茄底料,10,调味料
桂皮香叶,10,调味料
拌面酱,10,调味料
胡椒粉孜然粉,10,调味料
就行食油,10,调味料
色色素,10,调味料
加生抽,10,调味料
现磨海盐,10,调味料
或者白糖,10,调味料
油植物油,10,调味料
酱油耗油,10,调味料
酱油老抽,10,调味料
自制番茄酱,10,调味料
粉色素,10,调味料
一半油,10,调味料
酱或黄豆酱,10,调味料
麻辣香锅酱,10,调味料
即可料酒,10,调味料
一点点盐,10,调味料
多少克盐,10,调味料
小勺盐,10,调味料
糖或白糖,10,调味料
番茄酱番茄酱,10,调味料
咖啡糖浆,10,调味料
老醋,10,调味料
即发酵母,10,调味料
味增酱,10,调味料
喷射奶油,10,调味料
枫叶糖浆,10,调味料
克玉米油,10,调味料
小茴香粉,10,调味料
酱汁部分,10,调味料
原味咖喱,10,调味料
个人喜好黑胡椒,10,调味料
辣味咖喱,10,调味料
红腐乳,9,调味料
少量胡椒粉,9,调味料
香草海盐,9,调味料
料酒酱油,9,调味料
生抽或酱油,9,调味料
盐焗粉,9,调味料
辣豆豉,9,调味料
泰式辣酱,9,调味料
千岛沙拉酱,9,调味料
鲜榨橙汁,9,调味料
蛋黄细砂糖,9,调味料
或白砂糖,9,调味料
调色老抽,9,调味料
宝宝机酱油,9,调味料
甜米酒,9,调味料
重庆火锅底料,9,调味料
奥尔良烤翅腌料,9,调味料
冰糖或白砂糖,9,调味料
红糖浆,9,调味料
山西老陈醋,9,调味料
食调和油,9,调味料
加辣椒面,9,调味料
椰树牌椰汁,9,调味料
白糖或冰糖,9,调味料
鲜味汁,9,调味料
葱姜蒜花椒,9,调味料
芝麻盐,9,调味料
淡盐酱油,9,调味料
少放盐,9,调味料
料酒淀粉,9,调味料
也行柠檬汁,9,调味料
勺辣椒粉,9,调味料
液体红糖,9,调味料
盖生抽,9,调味料
活性干酵母,9,调味料
米糠油,9,调味料
生抽老抽料酒,9,调味料
玫瑰糖浆,9,调味料
红石榴糖浆,9,调味料
青花椒油,9,调味料
糖或代糖,9,调味料
海底捞火锅底料,9,调味料
粗辣椒粉,9,调味料
泡菜盐,9,调味料
耐高糖酵母粉,9,调味料
蜂蜜或糖,9,调味料
八角大料,9,调味料
老干妈风味豆豉,9,调味料
葱姜花椒,9,调味料
榛子酱,9,调味料
勺辣椒油,9,调味料
汤匙生抽,9,调味料
番茄肉酱,9,调味料
鲣鱼酱油,9,调味料
即可白糖,9,调味料
营养酵母,9,调味料
高活性干酵母,9,调味料
沙姜粉,9,调味料
海天海鲜酱油,9,调味料
八角香叶桂皮,9,调味料
鱼高汤,9,调味料
淀粉或面粉,9,调味料
茴香叶,9,调味料
八角粉,9,调味料
李锦记卤水汁,9,调味料
罗勒酱,9,调味料
黄咖喱酱,9,调味料
高活性酵母,9,调味料
酸辣酱,9,调味料
醋或柠檬汁,9,调味料
粉蒸肉调料,9,调味料
白糖或蜂蜜,9,调味料
淀粉面粉,9,调味料
调料生抽,9,调味料
配料包,9,调味料
芥末籽,9,调味料
盐菜,9,调味料
就好糖,9,调味料
香叶桂皮,9,调味料
添丁甜醋,9,调味料
李锦记黑椒汁,9,调味料
昆布高汤,9,调味料
汤勺白糖,9,调味料
克红糖,9,调味料
黑麻油,9,调味料
调味生抽,9,调味料
糖浆或者蜂蜜,9,调味料
酒糖液,9,调味料
或巧克力酱,9,调味料
料酒盐,9,调味料
煲仔饭酱油,9,调味料
下盐,9,调味料
白糖水,9,调味料
或十三香,9,调味料
汤匙料酒,9,调味料
混合调料,9,调味料
龙虾调料,9,调味料
烧鸡公调料,9,调味料
油或色拉油,9,调味料
方便面调料包,9,调味料
茶匙盐,9,调味料
自己口味辣椒油,9,调味料
芝麻花生酱,9,调味料
或料酒,9,调味料
绿色食色素,9,调味料
撒黑胡椒,9,调味料
李锦记秘制红烧汁,9,调味料
焦糖奶油,9,调味料
来盐,9,调味料
酱油料酒,9,调味料
酱或其他酱,9,调味料
卡仕达奶油,9,调味料
茶匙糖,9,调味料
生抽老抽蚝油,9,调味料
油或者橄榄油,9,调味料
油或者香油,9,调味料
盐白胡椒粉,9,调味料
白糖少许,9,调味料
一半生抽,9,调味料
量孜然粉,9,调味料
油或椰子油,9,调味料
汤匙白糖,9,调味料
秘制辣椒酱,9,调味料
颗粒花生酱,9,调味料
装饰糖粉,9,调味料
勺孜然粉,9,调味料
黑色色素,9,调味料
多少油,9,调味料
或者番茄酱,9,调味料
添加冰糖,9,调味料
肉骨茶料包,9,调味料
煎芝麻口味沙拉汁,9,调味料
综合调料,9,调味料
水盐,9,调味料
那么大冰糖,9,调味料
胡椒粉花椒粉,9,调味料
风味糖浆,9,调味料
了冰糖,9,调味料
花椒适量,9,调味料
咸度盐,9,调味料
喜欢调料,9,调味料
粉或淀粉,9,调味料
生抽老抽耗油,9,调味料
即可老抽,9,调味料
椰花糖,9,调味料
勺十三香,9,调味料
精油,9,调味料
装饰糖珠,9,调味料
胡椒粉适量,9,调味料
酱或辣椒酱,9,调味料
角桂皮,9,调味料
或辣椒粉,9,调味料
粉或者淀粉,9,调味料
蚝油一勺,9,调味料
味糖,9,调味料
加细砂糖,9,调味料
甜酸酱,9,调味料
味调料,9,调味料
其他油,9,调味料
勺味极鲜,9,调味料
生油,9,调味料
墨鱼汁,9,调味料
梅子酱,9,调味料
厨邦酱油,9,调味料
装饰奶油,9,调味料
克黄油,9,调味料
自己口味黑胡椒,9,调味料
块咖喱,9,调味料
克味精,8,调味料
段桂皮,8,调味料
东古酱油,8,调味料
少量鸡精,8,调味料
底捞牛油火锅底料,8,调味料
滴柠檬汁,8,调味料
盐生抽,8,调味料
少量黄油,8,调味料
花雕料酒,8,调味料
新会陈皮,8,调味料
糯米醋,8,调味料
原味沙拉酱,8,调味料
牛奶或淡奶油,8,调味料
美极酱油,8,调味料
白米酒,8,调味料
米酒或料酒,8,调味料
量玉米油,8,调味料
面粉或淀粉,8,调味料
咸蛋黄酱,8,调味料
辣鲜露,8,调味料
翻糖,8,调味料
低糖酵母,8,调味料
花椒八角桂皮,8,调味料
普宁豆酱,8,调味料
分之火锅底料,8,调味料
葱伴侣豆瓣酱,8,调味料
磨黑胡椒粉,8,调味料
铁塔淡奶油,8,调味料
多黑胡椒粉,8,调味料
日本清酒,8,调味料
防潮糖粉,8,调味料
李锦记豉油鸡汁,8,调味料
黄芥末,8,调味料
李锦记卤汁,8,调味料
蓝色素,8,调味料
白酒醋,8,调味料
金兰酱油,8,调味料
糖色,8,调味料
冰糖或者白糖,8,调味料
黑胡椒调料,8,调味料
红星二锅头,8,调味料
汤勺酱油,8,调味料
提鲜糖,8,调味料
青柠檬汁,8,调味料
是拉差辣椒酱,8,调味料
糖或者冰糖,8,调味料
鲜花椒,8,调味料
卤肉料包,8,调味料
黑糖粉,8,调味料
晒油,8,调味料
烤肉腌料,8,调味料
鸡精或味精,8,调味料
裱花奶油,8,调味料
稻米油,8,调味料
汤匙酱油,8,调味料
味椒盐,8,调味料
黑胡椒和盐,8,调味料
低糖干酵母,8,调味料
康乐醋,8,调味料
酸菜鱼调料包,8,调味料
五香粉或十三香,8,调味料
孜然籽,8,调味料
糖醋,8,调味料
白芝麻酱,8,调味料
蔓越莓汁,8,调味料
恒顺香醋,8,调味料
即可生抽,8,调味料
糊辣椒面,8,调味料
鸡肉高汤,8,调味料
生抽料酒,8,调味料
芥花油,8,调味料
丘比沙拉汁,8,调味料
辣黄豆酱,8,调味料
糖或冰糖,8,调味料
面调料,8,调味料
翻糖膏,8,调味料
玫瑰香精,8,调味料
大小黄油,8,调味料
白糖红糖,8,调味料
柠檬精油,8,调味料
自然鲜酱油,8,调味料
碱化可可粉,8,调味料
融化无盐黄油,8,调味料
罗勒番茄酱,8,调味料
豆豉香辣酱,8,调味料
豆腐乳汁,8,调味料
羊油,8,调味料
酿造白醋,8,调味料
自己口味白砂糖,8,调味料
油黑胡椒粉,8,调味料
榴莲酱,8,调味料
李锦记蚝油,8,调味料
玫瑰糖,8,调味料
了白糖,8,调味料
料酒或黄酒,8,调味料
罗汉果糖,8,调味料
干酱,8,调味料
红辣椒油,8,调味料
鲜贝露,8,调味料
低糖红豆沙,8,调味料
低钠酱油,8,调味料
榨汁,8,调味料
油或者植物油,8,调味料
吧花椒,8,调味料
加油,8,调味料
生抽和老抽,8,调味料
味棉花糖,8,调味料
海盐黑胡椒,8,调味料
盐调料,8,调味料
黄油或猪油,8,调味料
无糖花生酱,8,调味料
提味盐,8,调味料
子油,8,调味料
盖橄榄油,8,调味料
糖霜饼干,8,调味料
粉红色素,8,调味料
提鲜白糖,8,调味料
量老抽,8,调味料
融化椰子油,8,调味料
意面番茄酱,8,调味料
酸奶沙拉酱,8,调味料
薄荷香精,8,调味料
量蒸鱼豉油,8,调味料
德庄火锅底料,8,调味料
鸡肉腌料,8,调味料
放胡椒粉,8,调味料
油菜籽油,8,调味料
汤底料,8,调味料
荤油,8,调味料
糖渍栗子,8,调味料
杏仁香精,8,调味料
桂皮适量,8,调味料
适量盐,8,调味料
粗粒砂糖,8,调味料
黑糖蜜,8,调味料
花椒香叶,8,调味料
就好食油,8,调味料
量卡仕达酱,8,调味料
糖蒜,8,调味料
牛排酱,8,调味料
口味白砂糖,8,调味料
汤勺盐,8,调味料
量柠檬汁,8,调味料
昆布酱油,8,调味料
料理米酒,8,调味料
焦糖糖浆,8,调味料
水水淀粉,8,调味料
意粉酱,8,调味料
料理清酒,8,调味料
秘制酱汁,8,调味料
大小桂皮,8,调味料
辣椒盐,8,调味料
喜欢酱料,8,调味料
勺辣椒面,8,调味料
乳酪糖霜,8,调味料
克白胡椒,8,调味料
粉调料,8,调味料
无糖番茄酱,8,调味料
柠檬醋,8,调味料
李锦记老抽,8,调味料
方便面调料,8,调味料
油色拉油,8,调味料
包火锅底料,8,调味料
汤匙淀粉,8,调味料
子盐,8,调味料
面团黄油,8,调味料
惠尔通色素,8,调味料
冬阴功汤料,8,调味料
就行糖,8,调味料
油或猪油,8,调味料
荷兰酱,8,调味料
糖或白砂糖,8,调味料
新鲜青花椒,8,调味料
葡萄酒醋,8,调味料
调整盐,8,调味料
日式沙拉汁,8,调味料
香孜然粉,8,调味料
品鲜酱油,8,调味料
豆豉辣椒酱,8,调味料
口味胡椒粉,8,调味料
自己喜欢调料,8,调味料
自己口味放盐,8,调味料
火锅汤底,8,调味料
汤勺郫县豆瓣酱,8,调味料
添加老抽,8,调味料
韭菜花酱,8,调味料
现磨胡椒,8,调味料
花椒粉胡椒粉,8,调味料
浓缩汁,8,调味料
底油,8,调味料
凉拌汁,8,调味料
就好橄榄油,8,调味料
放黑胡椒粉,8,调味料
即可胡椒粉,8,调味料
量郫县豆瓣酱,8,调味料
调料如下,8,调味料
郫县辣酱,8,调味料
放油,8,调味料
一点点白糖,8,调味料
汤勺糖,8,调味料
酌情加盐,8,调味料
室温软化黄油,8,调味料
或者蚝油,8,调味料
无糖,8,调味料
就行淀粉,8,调味料
淀粉或者面粉,8,调味料
或白醋,8,调味料
两倍油,8,调味料
自制披萨酱,8,调味料
量生粉,8,调味料
即可酱油,8,调味料
调料酱油,8,调味料
酱或甜面酱,8,调味料
或者白砂糖,8,调味料
放蜂蜜,8,调味料
添加辣椒油,8,调味料
放黑胡椒,8,调味料
而定盐,8,调味料
勺白砂糖,8,调味料
小块冰糖,8,调味料
糖或者白糖,8,调味料
挤番茄酱,8,调味料
加白砂糖,8,调味料
酱油等,8,调味料
重量冰糖,8,调味料
加淡奶油,8,调味料
糖白糖,8,调味料
放老抽,8,调味料
油香油,8,调味料
也可不放盐,8,调味料
啦盐,8,调味料
盐糖酱油,8,调味料
颜色食色素,8,调味料
即可糖,8,调味料
放黄油,8,调味料
勺料酒,8,调味料
即可生粉,8,调味料
汁调味料,8,调味料
了料酒,8,调味料
香菜籽油,8,调味料
鲜辣椒酱,8,调味料
了盐,8,调味料
量放盐,8,调味料
和柠檬汁,8,调味料
吧白糖,8,调味料
了糖,8,调味料
凉拌醋,8,调味料
和胡椒粉,8,调味料
量豆瓣酱,8,调味料
油或葵花籽油,8,调味料
白绵糖,8,调味料
酱料部分,8,调味料
香料油,8,调味料
调料水,8,调味料
香叶八角,8,调味料
芝士奶油,8,调味料
片状黄油,8,调味料
调料部分,8,调味料
栗子酱,8,调味料
克小苏打,8,调味料
勺五香粉,8,调味料
碎黑胡椒,8,调味料
或花椒,8,调味料
无糖巧克力,8,调味料
酱油姜,8,调味料
或油,8,调味料
多放黑胡椒,8,调味料
好侍咖喱,8,调味料
个人口味孜然,8,调味料
少量油,7,调味料
麦淀粉,7,调味料
辣酱酱,7,调味料
细糖,7,调味料
客家黄酒,7,调味料
红辣椒面,7,调味料
油或者食油,7,调味料
醋精,7,调味料
香糟卤,7,调味料
阴功风味锅物底料,7,调味料
复合调料,7,调味料
黄色素,7,调味料
梨汁,7,调味料
六月鲜豆瓣酱,7,调味料
鲍汁,7,调味料
泰式辣椒酱,7,调味料
生抽老抽冰糖,7,调味料
黄咖喱,7,调味料
或黑胡椒粉,7,调味料
天然香草精,7,调味料
玉米胚芽油,7,调味料
海天蚝油,7,调味料
加醋,7,调味料
淀粉料酒,7,调味料
麻辣油,7,调味料
八角茴香,7,调味料
盐和胡椒,7,调味料
花椒和麻椒,7,调味料
黄油或植物油,7,调味料
丘比千岛酱,7,调味料
糊辣椒粉,7,调味料
上色酱油,7,调味料
盖朗姆酒,7,调味料
红辣椒酱,7,调味料
蚝油盐,7,调味料
鱼调料,7,调味料
玉米生粉,7,调味料
量香油,7,调味料
酸梅汁,7,调味料
草莓汁,7,调味料
家乐鸡粉,7,调味料
饺子馅调料,7,调味料
黄油或玉米油,7,调味料
裹入黄油,7,调味料
油咖喱,7,调味料
海天叉烧酱,7,调味料
糖粒,7,调味料
橘子汁,7,调味料
抹面奶油,7,调味料
多点油,7,调味料
棉白糖,7,调味料
咸蛋黄风味调味料,7,调味料
海鲜生抽,7,调味料
白兰地酒,7,调味料
海天老抽,7,调味料
六月鲜生抽,7,调味料
培煎芝麻酱,7,调味料
料酒生抽老抽,7,调味料
酱或者黄豆酱,7,调味料
海天味极鲜,7,调味料
肉馅调料,7,调味料
薄荷糖浆,7,调味料
茶匙辣椒粉,7,调味料
蜂蜜柚子茶,7,调味料
糖盐酱油,7,调味料
底捞麻辣香锅底料,7,调味料
酱汁调料,7,调味料
茴香粉,7,调味料
鸡翅腌料,7,调味料
香草酱,7,调味料
酱汁配料,7,调味料
盐和糖,7,调味料
老红糖,7,调味料
李锦记酱油,7,调味料
玫瑰海盐,7,调味料
黄油或橄榄油,7,调味料
烟熏辣椒粉,7,调味料
糖和盐,7,调味料
山楂酱,7,调味料
自己口味加糖,7,调味料
老干妈豆豉辣酱,7,调味料
油或者色拉油,7,调味料
减盐酱油,7,调味料
鼓油,7,调味料
或者细砂糖,7,调味料
糖浆部分,7,调味料
醋或米醋,7,调味料
味达美酱油,7,调味料
看个人口味盐,7,调味料
茶匙香草精,7,调味料
无味色拉油,7,调味料
黄姜粉,7,调味料
就行花椒,7,调味料
宝宝油,7,调味料
哈盐,7,调味料
双效泡打粉,7,调味料
酱油或味极鲜,7,调味料
覆盆子酱,7,调味料
猪骨高汤,7,调味料
汤匙盐,7,调味料
和番茄酱,7,调味料
烘焙芝麻酱,7,调味料
特级鲜酱油,7,调味料
盐少许,7,调味料
咖喱调味料,7,调味料
油辣椒酱,7,调味料
汤勺豆瓣酱,7,调味料
白汁,7,调味料
白糖或者冰糖,7,调味料
麻辣调料,7,调味料
酵母液,7,调味料
寿喜烧汁,7,调味料
低糖豆沙,7,调味料
勺子白糖,7,调味料
丘比特沙拉酱,7,调味料
红油郫县豆瓣酱,7,调味料
鸡精调味料,7,调味料
盖香草精,7,调味料
油盐酱油,7,调味料
猪骨浓汤宝,7,调味料
海天海鲜酱,7,调味料
高汤粉,7,调味料
浓口酱油,7,调味料
猪排酱,7,调味料
麻辣鱼调料,7,调味料
花椒八角桂皮香叶,7,调味料
多孜然粉,7,调味料
甜冰糖,7,调味料
孜然面,7,调味料
辣火锅底料,7,调味料
橄榄油或玉米油,7,调味料
香叶小茴香,7,调味料
无糖豆奶,7,调味料
黃糖,7,调味料
家乐浓汤宝,7,调味料
孜然芝麻,7,调味料
添加白糖,7,调味料
甜度蜂蜜,7,调味料
蚝油香油,7,调味料
增加盐,7,调味料
黄芥酱,7,调味料
香草盐,7,调味料
耗油酱油,7,调味料
柠檬汁或醋,7,调味料
混合调味料,7,调味料
香叶桂皮八角,7,调味料
腐乳酱,7,调味料
喼汁,7,调味料
人造黄油,7,调味料
白砂糖或冰糖,7,调味料
冰糖或砂糖,7,调味料
复合调味料,7,调味料
龙舌兰,7,调味料
低聚糖,7,调味料
放番茄酱,7,调味料
酒或朗姆酒,7,调味料
什么酱,7,调味料
瓷勺郫县豆瓣酱,7,调味料
量红薯淀粉,7,调味料
出汁,7,调味料
红葡萄酒醋,7,调味料
月鲜酱油,7,调味料
下番茄酱,7,调味料
低脂蛋黄酱,7,调味料
酱或沙拉酱,7,调味料
盖高度白酒,7,调味料
加花椒,7,调味料
鲜酱油蚝油,7,调味料
海盐焦糖酱,7,调味料
多食油,7,调味料
盐香油,7,调味料
黄芥末粉,7,调味料
麻婆豆腐调料,7,调味料
白糖冰糖,7,调味料
挤沙拉酱,7,调味料
腌制盐,7,调味料
生抽老抽糖,7,调味料
绿色素,7,调味料
速发干酵母,7,调味料
奶油焦糖酱,7,调味料
儿老抽,7,调味料
酵母水,7,调味料
米醋或陈醋,7,调味料
秘制辣椒油,7,调味料
就好胡椒粉,7,调味料
进口色素,7,调味料
腌肉酱,7,调味料
玫瑰露,7,调味料
紫色色素,7,调味料
芥末蛋黄酱,7,调味料
茶勺小苏打,7,调味料
生鲜酱油,7,调味料
普通酱油,7,调味料
底料包,7,调味料
生抽味极鲜,7,调味料
盐黑胡椒粉,7,调味料
罗勒青酱,7,调味料
奥尔良鸡翅腌料,7,调味料
柚子胡椒,7,调味料
量鸡精,7,调味料
新奥尔良烤翅腌料,7,调味料
手工红糖,7,调味料
可不放鸡精,7,调味料
酒或者米酒,7,调味料
料酒白糖,7,调味料
盐味精鸡精,7,调味料
酱油调料,7,调味料
点老干妈,7,调味料
即可白酒,7,调味料
红糖姜茶,7,调味料
调料油,7,调味料
香肠调料,7,调味料
或不放盐,7,调味料
勺细砂糖,7,调味料
南德调味料,7,调味料
蚝油料酒,7,调味料
无糖杏仁奶,7,调味料
&黑胡椒,7,调味料
蚝油等,7,调味料
黑巧克力酱,7,调味料
或者果酱,7,调味料
香油胡椒粉,7,调味料
红米酒,7,调味料
多少糖,7,调味料
料酒盐糖,7,调味料
浓酱油,7,调味料
孜然辣椒粉,7,调味料
瑞士汁,7,调味料
料酒少许,7,调味料
麻婆豆腐酱,7,调味料
蚝油适量,7,调味料
量奥尔良腌料,7,调味料
糖酸奶,7,调味料
口味调料,7,调味料
盐五香粉,7,调味料
量火锅底料,7,调味料
胡椒粉盐,7,调味料
高汤或者水,7,调味料
盐十三香,7,调味料
辣椒汁,7,调味料
基本调料,7,调味料
油或者芝麻油,7,调味料
绍兴花雕酒,7,调味料
酱或者豆瓣酱,7,调味料
口味辣椒粉,7,调味料
石榴糖浆,7,调味料
料酒适量,7,调味料
或豆瓣酱,7,调味料
酒或者白酒,7,调味料
薄薄一层盐,7,调味料
颜色老抽,7,调味料
麻花椒,7,调味料
勺蒸鱼豉油,7,调味料
研磨黑胡椒粉,7,调味料
即可蜂蜜,7,调味料
勺味极鲜酱油,7,调味料
一点酱油,7,调味料
即可黄油,7,调味料
泡椒酱,7,调味料
牛肉浓汤宝,7,调味料
添加黑胡椒粉,7,调味料
或细砂糖,7,调味料
勺淀粉,7,调味料
糖果,7,调味料
馅细砂糖,7,调味料
牌辣椒酱,7,调味料
鲜椒酱,7,调味料
麻辣香锅调料包,7,调味料
高汤包,7,调味料
腌制酱料,7,调味料
汤勺食油,7,调味料
蜂蜜适量,7,调味料
小勺白糖,7,调味料
量高汤,7,调味料
盐料酒鸡精,7,调味料
面粉酵母,7,调味料
酱油鸡精,7,调味料
点植物油,7,调味料
和蜂蜜,7,调味料
奶油奶油,7,调味料
量沙拉酱,7,调味料
提鲜酱油,7,调味料
就好料酒,7,调味料
量色拉油,7,调味料
调料盐,7,调味料
味道盐,7,调味料
机亚麻籽油,7,调味料
花生油或橄榄油,7,调味料
高汤或鸡汤,7,调味料
碗汁,7,调味料
锅底就行油,7,调味料
增加白糖,7,调味料
香草汁,7,调味料
芝麻色拉酱,7,调味料
勺子酱油,7,调味料
或橄榄油,7,调味料
压榨花生油,7,调味料
酱或番茄酱,7,调味料
油或者其他食油,7,调味料
野生蜂蜜,7,调味料
就好酱油,7,调味料
材料细砂糖,7,调味料
特级橄榄油,7,调味料
添加香油,7,调味料
放沙拉酱,7,调味料
海底捞底料,7,调味料
美味鲜生抽,7,调味料
麻辣味火锅底料,7,调味料
或红糖,7,调味料
油花椒油,7,调味料
三分之一盐,7,调味料
大藏芥末酱,7,调味料
或冰糖,7,调味料
糖或甜菊糖,7,调味料
汤勺白砂糖,7,调味料
自己口味糖,7,调味料
喜好白砂糖,7,调味料
八角辣椒,7,调味料
口味细砂糖,7,调味料
或者鸡精,7,调味料
勺黄豆酱,7,调味料
不放糖,7,调味料
花椒粉辣椒粉,7,调味料
一点胡椒粉,7,调味料
口酱油,7,调味料
大阪烧酱,7,调味料
勺海鲜酱油,7,调味料
等调料,7,调味料
撒孜然粉,7,调味料
或沙拉酱,7,调味料
泡菜辣椒粉,7,调味料
胡椒粉少许,7,调味料
添加糖,7,调味料
辣椒粉适量,7,调味料
醋胡椒粉,7,调味料
胡椒粉鸡精,7,调味料
放酱油,7,调味料
加糖粉,7,调味料
撒胡椒粉,7,调味料
表面油,7,调味料
火锅汤料,7,调味料
或辣椒油,7,调味料
酱油辣椒,7,调味料
勺植物油,7,调味料
咸淡盐,7,调味料
安佳黄油,7,调味料
细纱糖,7,调味料
調味料,7,调味料
腰果酱,7,调味料
耗油盐,7,调味料
黄蔗糖,7,调味料
浙醋,7,调味料
鸭油,7,调味料
鲜橙汁,7,调味料
土红糖,7,调味料
柚子醋,7,调味料
鲣鱼高汤,7,调味料
番茄酱汁,7,调味料
焦糖核桃,7,调味料
其他酱,7,调味料
蓝莓汁,7,调味料
勺醋,7,调味料
熟玉米油,7,调味料
辣白菜酱,7,调味料
咖啡奶油,7,调味料
生抽.老抽,7,调味料
个人口味黑胡椒,7,调味料
冬阴功调料,7,调味料
慕斯吉利丁,7,调味料
少量植物油,6,调味料
茶勺泡打粉,6,调味料
就好黄油,6,调味料
干锅底料,6,调味料
粗糖,6,调味料
调料勺白糖,6,调味料
无蔗糖酸奶,6,调味料
淀粉或者玉米淀粉,6,调味料
速发酵母,6,调味料
蛋白糖,6,调味料
子酱油,6,调味料
花椒八角香叶,6,调味料
盐卤,6,调味料
辅食油,6,调味料
少量黑胡椒,6,调味料
安琪酵母粉,6,调味料
白糖粉,6,调味料
高糖酵母,6,调味料
盐糖鸡精,6,调味料
斑斓汁,6,调味料
多生抽,6,调味料
太太乐鸡精,6,调味料
桂皮粉,6,调味料
自制红油,6,调味料
酱花生酱,6,调味料
胡椒粉白糖,6,调味料
平勺盐,6,调味料
油或其它油,6,调味料
油盐鸡精,6,调味料
油盐糖,6,调味料
淀粉加水,6,调味料
韩式烤肉酱,6,调味料
加辣椒油,6,调味料
鲜榨柠檬汁,6,调味料
椰子油或黄油,6,调味料
多一点料酒,6,调味料
蛋白细砂糖,6,调味料
龙舌兰酒,6,调味料
太太乐芝麻香油,6,调味料
粉色食色素,6,调味料
牛高汤,6,调味料
动物性鲜奶油,6,调味料
子生抽,6,调味料
自己口味冰糖,6,调味料
酵母菌液,6,调味料
土蜂蜜,6,调味料
老干妈酱,6,调味料
分之小苏打,6,调味料
香油橄榄油,6,调味料
口味添加盐,6,调味料
酌量盐,6,调味料
也可以盐,6,调味料
蟹黄酱,6,调味料
栗子奶油,6,调味料
落基山棉花糖,6,调味料
口味辣椒酱,6,调味料
盐胡椒,6,调味料
王致和腐乳,6,调味料
搓盐,6,调味料
味精或者鸡精,6,调味料
葱姜蒜八角,6,调味料
自己口味盐,6,调味料
少量五香粉,6,调味料
油或者其他油,6,调味料
椰油,6,调味料
树莓果酱,6,调味料
奶酪意面酱,6,调味料
西瓜汁,6,调味料
蜂蜜或冰糖,6,调味料
味事达味极鲜,6,调味料
纯芝麻酱,6,调味料
白色棉花糖,6,调味料
饴糖,6,调味料
色可食色素,6,调味料
量味极鲜酱油,6,调味料
锅底橄榄油,6,调味料
雨露,6,调味料
鲜辣酱,6,调味料
动物性奶油,6,调味料
自己口味酱油,6,调味料
燕子干酵母,6,调味料
牌火锅底料,6,调味料
焙煎芝麻沙拉汁,6,调味料
红糖或白糖,6,调味料
糖或木糖醇,6,调味料
一小撮花椒,6,调味料
五香粉或者十三香,6,调味料
盐或海盐,6,调味料
灯笼椒酱,6,调味料
蔓越莓酱,6,调味料
安琪干酵母,6,调味料
活性酵母,6,调味料
十三香调料,6,调味料
金黄糖浆,6,调味料
烧烤酱汁,6,调味料
特级酱油,6,调味料
新鲜花椒,6,调味料
粗粒海盐,6,调味料
生抽或海鲜酱油,6,调味料
香叶花椒,6,调味料
柠檬酱,6,调味料
盐和黑胡椒粉,6,调味料
香菇素蚝油,6,调味料
海天草菇老抽,6,调味料
蒜蓉豆豉酱,6,调味料
白冰糖,6,调味料
料色拉油,6,调味料
肉桂糖,6,调味料
海南黄灯笼辣椒酱,6,调味料
醋醋,6,调味料
熟花生油,6,调味料
量糖粉,6,调味料
糟卤汁,6,调味料
白腐乳,6,调味料
丘比蛋黄酱,6,调味料
油或其它植物油,6,调味料
钵钵鸡调料,6,调味料
个人口味辣椒油,6,调味料
各花椒,6,调味料
即可色拉油,6,调味料
婴儿酱油,6,调味料
辣锅风味锅物底料,6,调味料
芒果汁,6,调味料
杏酱,6,调味料
植物黄油,6,调味料
沙拉酱番茄酱,6,调味料
生抽一勺,6,调味料
金标生抽,6,调味料
白酒或料酒,6,调味料
六月鲜红烧酱油,6,调味料
葱伴侣甜面酱,6,调味料
樱桃白兰地,6,调味料
料酒水淀粉,6,调味料
自己口味白糖,6,调味料
看口味盐,6,调味料
海天辣黄豆酱,6,调味料
蜜汁腌料,6,调味料
蒜茸辣酱,6,调味料
白醋或柠檬,6,调味料
麻椒花椒,6,调味料
高汤精,6,调味料
猪油或黄油,6,调味料
盐&黑胡椒,6,调味料
浏阳豆豉,6,调味料
蜂蜜或白砂糖,6,调味料
黄酒料酒,6,调味料
腌汁,6,调味料
炒菜量油,6,调味料
咖啡酱,6,调味料
盐等调味料,6,调味料
金沙咸蛋黄调味料,6,调味料
炸鸡腌料,6,调味料
赤藻糖醇,6,调味料
羹生抽,6,调味料
无盐发酵黄油,6,调味料
迷迭香叶,6,调味料
油条膨松剂,6,调味料
喜马拉雅盐,6,调味料
多橄榄油,6,调味料
糖少许,6,调味料
调味油,6,调味料
法式芥末酱,6,调味料
生抽干辣椒,6,调味料
海鲜高汤,6,调味料
无麸质酱油,6,调味料
柠檬汁柠檬汁,6,调味料
一半白糖,6,调味料
辣椒粉孜然粉,6,调味料
生抽或蒸鱼豉油,6,调味料
或胡椒粉,6,调味料
白糖或者蜂蜜,6,调味料
多晶冰糖,6,调味料
柠檬或柠檬汁,6,调味料
无糖椰子粉,6,调味料
黄金砂糖,6,调味料
辣子油,6,调味料
红酱,6,调味料
克黑胡椒粉,6,调味料
汤勺油,6,调味料
瓷勺橄榄油,6,调味料
桑葚果酱,6,调味料
桥头火锅底料,6,调味料
番茄酱沙拉酱,6,调味料
黄油或食油,6,调味料
锅底料,6,调味料
鸡翅调料,6,调味料
玉米油或黄油,6,调味料
砂糖或红糖,6,调味料
糖水黄桃,6,调味料
生抽胡椒粉,6,调味料
无糖苏打水,6,调味料
盐酱油蚝油,6,调味料
表面黄油,6,调味料
意大利酱,6,调味料
黑胡椒面,6,调味料
绿咖喱,6,调味料
糖霜部分,6,调味料
个人口味红糖,6,调味料
耐低糖酵母,6,调味料
原味棉花糖,6,调味料
关东煮汤料,6,调味料
豆瓣辣酱,6,调味料
海底捞番茄底料,6,调味料
淀粉盐,6,调味料
香甜味沙拉酱,6,调味料
菠萝汁,6,调味料
酱油糖,6,调味料
高汤料,6,调味料
橄榄油或核桃油,6,调味料
盐白糖,6,调味料
大小火锅底料,6,调味料
荞麦面汁,6,调味料
紫色食色素,6,调味料
孜然辣椒面,6,调味料
老火锅底料,6,调味料
姜葱料酒,6,调味料
肉酱汁,6,调味料
人口味添加白砂糖,6,调味料
黄油或色拉油,6,调味料
杂酱,6,调味料
点豆豉,6,调味料
多点食油,6,调味料
海天金标生抽,6,调味料
油或菜油,6,调味料
油盐生抽,6,调味料
风味酱汁,6,调味料
多放点盐,6,调味料
酸奶酱,6,调味料
法式酸奶油,6,调味料
红糖馅,6,调味料
个八角,6,调味料
六必居干黄酱,6,调味料
羹白糖,6,调味料
藿香叶,6,调味料
绍兴花雕,6,调味料
四川火锅底料,6,调味料
油或其他油,6,调味料
含盐黄油,6,调味料
浓缩果汁,6,调味料
薄荷精油,6,调味料
椰子奶油,6,调味料
腌料粉,6,调味料
石锅拌饭酱,6,调味料
蜂蜜或红糖,6,调味料
家庭常调料,6,调味料
橙子果酱,6,调味料
油或者花生油,6,调味料
糖霜材料,6,调味料
个人口味砂糖,6,调味料
老母鸡浓汤宝,6,调味料
醋或苹果醋,6,调味料
汤匙白砂糖,6,调味料
无糖椰奶,6,调味料
糖针,6,调味料
多一些油,6,调味料
酱油盐,6,调味料
焦糖奶油酱,6,调味料
液体黄油,6,调味料
上色生抽,6,调味料
汤勺玉米淀粉,6,调味料
八角花椒干辣椒,6,调味料
多放点糖,6,调味料
生抽盐,6,调味料
葱姜粉,6,调味料
拉差辣椒酱,6,调味料
酱或者番茄酱,6,调味料
各种酱,6,调味料
味精少许,6,调味料
金朗姆酒,6,调味料
冬瓜糖,6,调味料
枫糖糖浆,6,调味料
糖或盐,6,调味料
浅色酱油,6,调味料
或者辣椒粉,6,调味料
表面黑胡椒,6,调味料
鸡精等,6,调味料
杏仁奶油,6,调味料
汤匙蚝油,6,调味料
桂皮等香料,6,调味料
祁县豆瓣酱,6,调味料
无铝双效泡打粉,6,调味料
月香豆瓣酱,6,调味料
肉末酱,6,调味料
其他酱料,6,调味料
水或者高汤,6,调味料
味极鲜或生抽,6,调味料
甜料酒,6,调味料
或者胡椒粉,6,调味料
酒酿汁,6,调味料
比萨酱,6,调味料
酱油水,6,调味料
或朗姆酒,6,调味料
糖片,6,调味料
初榨椰子油,6,调味料
看着放盐,6,调味料
春酱,6,调味料
糖浆材料,6,调味料
花椒茴香,6,调味料
量海鲜酱油,6,调味料
花椒大料香叶,6,调味料
酸黄瓜酱,6,调味料
柠檬沙拉汁,6,调味料
棒棒糖纸棒,6,调味料
小龙虾底料,6,调味料
一点十三香,6,调味料
糖冰糖,6,调味料
克食盐,6,调味料
腊八醋,6,调味料
没味道油,6,调味料
是拉差酱,6,调味料
酱油或老抽,6,调味料
勺柠檬汁,6,调味料
原汁酱油,6,调味料
或糖,6,调味料
五香辣椒面,6,调味料
麻辣锅底料,6,调味料
鸡精或者味精,6,调味料
可不放胡椒粉,6,调味料
多白糖,6,调味料
柠檬海盐,6,调味料
油盐胡椒粉,6,调味料
枸杞冰糖,6,调味料
部队火锅底料,6,调味料
子酱,6,调味料
表面盐,6,调味料
自制豆瓣酱,6,调味料
口味而定盐,6,调味料
肠调料,6,调味料
牛奶淡奶油,6,调味料
面粉和淀粉,6,调味料
肉汁,6,调味料
抹茶奶油,6,调味料
淀粉适量,6,调味料
个人口味白糖,6,调味料
糖等,6,调味料
汤匙米酒,6,调味料
黄油或椰子油,6,调味料
奶油奶酪酱,6,调味料
或者十三香,6,调味料
就好老抽,6,调味料
个人口味黑胡椒粉,6,调味料
橄榄油黄油,6,调味料
普通盐,6,调味料
调味黑胡椒,6,调味料
不放鸡精,6,调味料
泰国鱼露,6,调味料
糖水材料,6,调味料
糖淀粉,6,调味料
白胡椒黑胡椒,6,调味料
小勺泡打粉,6,调味料
吧糖,6,调味料
风味调料,6,调味料
桂皮香叶八角,6,调味料
高汤颗粒,6,调味料
牛奶糖,6,调味料
沙拉醋,6,调味料
新鲜酵母,6,调味料
生抽香油,6,调味料
杏仁油,6,调味料
勺李锦记蒸鱼豉油,6,调味料
各蚝油,6,调味料
大油,6,调味料
沾酱,6,调味料
勺韩式辣酱,6,调味料
酱油适量,6,调味料
口味放盐,6,调味料
天津蒜蓉辣酱,6,调味料
吧盐,6,调味料
儿生抽,6,调味料
味盐,6,调味料
酱或辣酱,6,调味料
麦芽糖水,6,调味料
葵花子油,6,调味料
口味沙拉汁,6,调味料
或麦芽糖,6,调味料
糖调料,6,调味料
冰糖或者白砂糖,6,调味料
不太多盐,6,调味料
即可白砂糖,6,调味料
好番茄酱,6,调味料
放鸡精,6,调味料
喜好辣椒面,6,调味料
决定盐,6,调味料
匙五香粉,6,调味料
量蚝油,6,调味料
辣椒油香油,6,调味料
纯芝麻油,6,调味料
口味白胡椒,6,调味料
液体油,6,调味料
老抽和生抽,6,调味料
勺香油,6,调味料
油或花生油,6,调味料
寿喜烧酱油,6,调味料
多花椒,6,调味料
面调料包,6,调味料
量黄酒,6,调味料
糖量,6,调味料
量白酒,6,调味料
拌酱,6,调味料
意式肉酱,6,调味料
去腥柠檬汁,6,调味料
锅食油,6,调味料
普通植物油,6,调味料
鸡精适量,6,调味料
多番茄酱,6,调味料
高汤或热水,6,调味料
茶匙泡打粉,6,调味料
油或香油,6,调味料
抹面淡奶油,6,调味料
意大利番茄酱,6,调味料
多少沙拉酱,6,调味料
各种油,6,调味料
油或大豆油,6,调味料
酱油或者生抽,6,调味料
面团白砂糖,6,调味料
种颜色色素,6,调味料
八角干辣椒,6,调味料
玉米淀粉水,6,调味料
牛轧糖,6,调味料
盐料酒胡椒粉,6,调味料
豆鼓油,6,调味料
子玉米油,6,调味料
加盐盐,6,调味料
清醋,6,调味料
原味无糖酸奶,6,调味料
耗油生抽盐,6,调味料
个人喜好醋,6,调味料
挤柠檬汁,6,调味料
盐水方腿,6,调味料
蛋黄酱沙拉酱,6,调味料
茶勺番茄酱,6,调味料
吧油,6,调味料
或花生酱,6,调味料
茶勺白砂糖,6,调味料
粉白胡椒粉,6,调味料
材料包,6,调味料
汁柠檬汁,6,调味料
口味花椒粉,6,调味料
或芝麻油,6,调味料
盐醋,6,调味料
烘焙色素笔,6,调味料
减盐生抽,6,调味料
一层盐,6,调味料
汤匙豆瓣酱,6,调味料
下生抽,6,调味料
酱汁生抽,6,调味料
混合胡椒,6,调味料
加砂糖,6,调味料
酱或者其他酱,6,调味料
酱油少量,6,调味料
就好花椒,6,调味料
调味料包,6,调味料
胡椒粉酱油,6,调味料
水果糖,6,调味料
糖或麦芽糖,6,调味料
酱油食油,6,调味料
料酒姜片,6,调味料
粉玉米淀粉,6,调味料
酌量添加盐,6,调味料
甜白酒,6,调味料
甜度冰糖,6,调味料
装番茄酱,6,调味料
火锅蘸酱,6,调味料
花椒小茴香,6,调味料
其它调味料,6,调味料
天然酵母液,6,调味料
自制香草精,6,调味料
油耗油,6,调味料
鸡精鸡粉,6,调味料
橙色色素,6,调味料
勺花椒油,6,调味料
蛋清淀粉,6,调味料
撒黑胡椒粉,6,调味料
片吉利丁片,6,调味料
花椒香叶八角,6,调味料
自己口味辣椒粉,6,调味料
柠檬浓缩汁,6,调味料
柠风味辣椒调味汁,6,调味料
肉酱料,6,调味料
烤肉汁,6,调味料
柠檬香精,6,调味料
味极鲜蚝油,6,调味料
加老抽,6,调味料
圈现磨黑胡椒,6,调味料
油辣酱,6,调味料
大料香叶,6,调味料
胡椒粉等,6,调味料
生抽王,6,调味料
夹馅奶油,6,调味料
多放糖,6,调味料
你喜欢调料,6,调味料
无糖椰丝,6,调味料
焙煎芝麻沙拉酱,6,调味料
分之一火锅底料,6,调味料
味辣椒酱,6,调味料
添加蜂蜜,6,调味料
红油火锅底料,6,调味料
鸡精蚝油,6,调味料
鸡精淀粉,6,调味料
各胡椒粉,6,调味料
或者淡奶油,6,调味料
口味糖,6,调味料
味伏特加,6,调味料
现磨白胡椒粉,6,调味料
了酱油,6,调味料
料调料,6,调味料
油或者菜籽油,6,调味料
肉腌制调料,6,调味料
酒醋,6,调味料
多少酱油,6,调味料
胡椒粉淀粉,6,调味料
量小茴香,6,调味料
淀粉淀粉,6,调味料
辣辣椒粉,6,调味料
等各种调料,6,调味料
加冰糖,6,调味料
大小盐,6,调味料
就行老抽,6,调味料
糖或其他甜味剂,6,调味料
个人口味孜然粉,6,调味料
或者辣椒油,6,调味料
一半酱油,6,调味料
五香粉料酒,6,调味料
多少生抽,6,调味料
锅植物油,6,调味料
杯白糖,6,调味料
就行玉米淀粉,6,调味料
或花椒粉,6,调味料
香油料酒,6,调味料
盐等,6,调味料
专调料,6,调味料
面团玉米油,6,调味料
糖或者白砂糖,6,调味料
一点点糖,6,调味料
多一点醋,6,调味料
桔子汁,6,调味料
增减盐,6,调味料
吧蚝油,6,调味料
增减白糖,6,调味料
果肉果酱,6,调味料
粉辣椒粉,6,调味料
香酱油,6,调味料
一点白糖,6,调味料
添加细砂糖,6,调味料
味极鲜盐,6,调味料
酱油调味料,6,调味料
油或调和油,6,调味料
或黄油,6,调味料
喜好孜然粉,6,调味料
就行花生油,6,调味料
调味鸡汁,6,调味料
加辣椒粉,6,调味料
个人口味白砂糖,6,调味料
可食色素笔,6,调味料
肉松沙拉酱,6,调味料
蜂蜜等,6,调味料
各种酱料,6,调味料
或辣酱,6,调味料
味调味料,6,调味料
勺子玉米淀粉,6,调味料
淀粉少许,6,调味料
面团酵母,6,调味料
一点老抽,6,调味料
决定冰糖,6,调味料
酒或白兰地,6,调味料
自己口味添加盐,6,调味料
多一点生抽,6,调味料
添加酱油,6,调味料
子辣椒酱,6,调味料
点花椒,6,调味料
慕斯淡奶油,6,调味料
醋酱油香油,6,调味料
醋水,6,调味料
酸辣汤料,6,调味料
或老干妈,6,调味料
即可醋,6,调味料
或蚝油,6,调味料
加料酒,6,调味料
增减白砂糖,6,调味料
放辣椒粉,6,调味料
匙白砂糖,6,调味料
量水淀粉,6,调味料
加胡椒粉,6,调味料
就好桂皮,6,调味料
粉十三香,6,调味料
耐高糖,6,调味料
给盐,6,调味料
或玉米油,6,调味料
肉酱油,6,调味料
色油性色素,6,调味料
多一点油,6,调味料
其他食油,6,调味料
奶油淡奶油,6,调味料
鳄梨果油,6,调味料
勺沙拉酱,6,调味料
几克盐,6,调味料
勺蚝油,6,调味料
细糖粉,6,调味料
克花生油,6,调味料
调汁,6,调味料
普通食油,6,调味料
小茴香籽,6,调味料
柠檬盐,6,调味料
勺老抽,6,调味料
酱汁食材,6,调味料
勺蜂蜜,6,调味料
夹心奶油,6,调味料
速溶干酵母,6,调味料
点孜然,6,调味料
捏花椒,6,调味料
生抽耗油盐,5,调味料
黑胡椒牛排,5,调味料
黄灯笼椒酱,5,调味料
咸味黄油,5,调味料
定辣椒面,5,调味料
牛肉调料,5,调味料
好红糖,5,调味料
茶勺橄榄油,5,调味料
太太乐鸡汁,5,调味料
口味老干妈,5,调味料
茶勺盐,5,调味料
茶勺白糖,5,调味料
白砂糖糖,5,调味料
葡萄糖,5,调味料
芥末沙拉酱,5,调味料
盐油,5,调味料
石峰糖,5,调味料
草果粉,5,调味料
少量料酒,5,调味料
少量白胡椒粉,5,调味料
颗粒芥末酱,5,调味料
和黑胡椒粉,5,调味料
葵花仁油,5,调味料
料油,5,调味料
照烧酱油,5,调味料
茴香苗,5,调味料
犹太盐,5,调味料
少量冰糖,5,调味料
绿芥末,5,调味料
加黑胡椒粉,5,调味料
干料包,5,调味料
或者不放盐,5,调味料
深色酱油,5,调味料
寿喜烧酱汁,5,调味料
调节蜂蜜,5,调味料
海盐或食盐,5,调味料
海鲜汁,5,调味料
即可香油,5,调味料
白糖蚝油,5,调味料
奥利奥咸奶油,5,调味料
胡椒粉香油,5,调味料
梦多咖喱,5,调味料
颗粒型花生酱,5,调味料
自己尝盐,5,调味料
冰糖糖浆,5,调味料
开水或高汤,5,调味料
面粉或者淀粉,5,调味料
麻辣小龙虾调味料,5,调味料
各料酒,5,调味料
少量生抽,5,调味料
大小蚝油,5,调味料
白糖生抽,5,调味料
猪大油,5,调味料
乌醋,5,调味料
蜂蜜或枫糖浆,5,调味料
花椒颗粒,5,调味料
盐鸡蛋,5,调味料
分之泡打粉,5,调味料
部队锅酱料,5,调味料
甜白糖,5,调味料
少淀粉,5,调味料
五香辣椒粉,5,调味料
糖或者细砂糖,5,调味料
面碱,5,调味料
红糖或黑糖,5,调味料
细砂糖或糖粉,5,调味料
香草精几滴,5,调味料
少量椰子油,5,调味料
橄榄油或植物油,5,调味料
放玉米淀粉,5,调味料
汤勺黄豆酱,5,调味料
指甲大小桂皮,5,调味料
淡奶油细砂糖,5,调味料
酱蛋黄酱,5,调味料
儿冰糖,5,调味料
无糖藕粉,5,调味料
面粉淀粉,5,调味料
少量细砂糖,5,调味料
叉烧汁,5,调味料
淡黄油,5,调味料
绿芥末酱,5,调味料
天然海盐,5,调味料
点醋,5,调味料
拌饭酱油,5,调味料
韩式酱油,5,调味料
或蒸鱼豉油,5,调味料
黑芝麻核桃酱,5,调味料
酸醋,5,调味料
指甲盖大小桂皮,5,调味料
花椒籽,5,调味料
盐或糖,5,调味料
李锦记蒜蓉辣酱,5,调味料
粉色拉油,5,调味料
李锦记排骨酱,5,调味料
干青花椒,5,调味料
柠檬挤汁,5,调味料
鱼生酱油,5,调味料
菠萝果酱,5,调味料
低钠盐,5,调味料
盖油,5,调味料
少糖,5,调味料
口味番茄酱,5,调味料
黑豆酱油,5,调味料
自己喜好醋,5,调味料
酱油或盐,5,调味料
豆瓣辣椒酱,5,调味料
口味酱料,5,调味料
橄榄油油,5,调味料
花椒干红椒,5,调味料
奥尔良烤翅调料,5,调味料
香菇牛肉酱,5,调味料
盖黄酒,5,调味料
很多盐,5,调味料
甜辣椒粉,5,调味料
奶油白砂糖,5,调味料
最后调味盐,5,调味料
总统淡奶油,5,调味料
防粘玉米淀粉,5,调味料
盐和鸡精,5,调味料
油或无味植物油,5,调味料
糖或者黄糖,5,调味料
料酒或啤酒,5,调味料
炸油,5,调味料
油脂,5,调味料
所需调料,5,调味料
糖或炼乳,5,调味料
塔塔粉或柠檬汁,5,调味料
食物油,5,调味料
可不放辣椒油,5,调味料
鹅肝酱,5,调味料
食碱面,5,调味料
老陈皮,5,调味料
玉米油或橄榄油,5,调味料
卡士达奶油,5,调味料
李锦记凉拌汁,5,调味料
半豆瓣酱,5,调味料
意式番茄酱,5,调味料
捏盐,5,调味料
油或麻油,5,调味料
锅就行油,5,调味料
看心情糖,5,调味料
黑胡椒香肠,5,调味料
茶勺生抽,5,调味料
红丝绒色素,5,调味料
浓缩橙汁,5,调味料
自己喜欢甜度糖,5,调味料
普宁豆瓣酱,5,调味料
玫瑰醋,5,调味料
青梅汁,5,调味料
咖喱叶,5,调味料
粉或者玉米淀粉,5,调味料
或鸡精,5,调味料
二锅头酒,5,调味料
淡盐生抽,5,调味料
鳕鱼胶,5,调味料
香辣小龙虾调料,5,调味料
海天拌饭酱,5,调味料
紫苏酱,5,调味料
永川豆豉,5,调味料
太古黄冰糖,5,调味料
糖粉或砂糖,5,调味料
海天一品鲜酱油,5,调味料
清油底料,5,调味料
葡萄糖酸内酯,5,调味料
蚝油蚝油,5,调味料
花椒或花椒粉,5,调味料
红苕淀粉,5,调味料
白糖淀粉,5,调味料
料酒鸡精,5,调味料
盖老抽,5,调味料
起酥油,5,调味料
粗粒芥末酱,5,调味料
蜂蜜蜂蜜,5,调味料
料酒胡椒粉,5,调味料
三分之盐,5,调味料
剁辣椒酱,5,调味料
杏桃果酱,5,调味料
浓缩高汤,5,调味料
葵瓜子油,5,调味料
无碘盐,5,调味料
日式照烧酱,5,调味料
无糖肉松,5,调味料
安佳奶油,5,调味料
郫县红油豆瓣酱,5,调味料
浓缩番茄酱,5,调味料
添加柠檬汁,5,调味料
个人喜好冰糖,5,调味料
无糖椰蓉,5,调味料
青花椒鱼调料,5,调味料
姜汁红糖,5,调味料
韩国甜辣酱,5,调味料
淡味油,5,调味料
甜口酱油,5,调味料
红冰糖,5,调味料
或者沙拉酱,5,调味料
墨西哥辣酱,5,调味料
糖豆,5,调味料
就好醋,5,调味料
酱油淀粉,5,调味料
饭勺豆瓣酱,5,调味料
可不放白胡椒粉,5,调味料
各酱油,5,调味料
薯粉或玉米淀粉,5,调味料
你喜欢调味料,5,调味料
粉花生油,5,调味料
天然色素,5,调味料
草莓糖浆,5,调味料
料酒葱姜,5,调味料
色拉油或黄油,5,调味料
个人口味醋,5,调味料
个人口味辣椒酱,5,调味料
韩国烤肉酱,5,调味料
纯香草精,5,调味料
调料调料,5,调味料
花椒大料水,5,调味料
低糖白莲蓉,5,调味料
柔滑花生酱,5,调味料
酱郫县豆瓣酱,5,调味料
或五香粉,5,调味料
泰国虾酱,5,调味料
豪吉麻辣川香汁,5,调味料
斑斓香精,5,调味料
口味添加冰糖,5,调味料
赤藓糖,5,调味料
食红色素,5,调味料
拌饭调料,5,调味料
盐鸡精糖,5,调味料
厨邦鸡粉,5,调味料
尝着放盐,5,调味料
自己口感冰糖,5,调味料
特调酱汁,5,调味料
盐和酱油,5,调味料
可不放十三香,5,调味料
啦白糖,5,调味料
李锦记柱侯酱,5,调味料
香油麻油,5,调味料
清水或高汤,5,调味料
自己决定盐,5,调味料
分之胡椒粉,5,调味料
鲜鸡粉,5,调味料
冰梅酱,5,调味料
椒麻油,5,调味料
核桃酱,5,调味料
加蚝油,5,调味料
调羹豆瓣酱,5,调味料
酱油汁,5,调味料
或味极鲜,5,调味料
胡姬花花生油,5,调味料
葱姜盐,5,调味料
蒸鱼豆豉,5,调味料
炒菜调料,5,调味料
料花椒,5,调味料
依个人口味冰糖,5,调味料
汤酱油,5,调味料
肉调味料,5,调味料
就行红糖,5,调味料
喜好黑胡椒,5,调味料
可以盐,5,调味料
花椒辣椒油,5,调味料
海天盐焗粉,5,调味料
烧汁,5,调味料
老抽生抽料酒,5,调味料
無鹽黃油,5,调味料
豆豉油,5,调味料
十三香麻辣鲜,5,调味料
汤调料包,5,调味料
椰浆或椰汁,5,调味料
老干妈豆瓣酱,5,调味料
量木薯淀粉,5,调味料
个人喜好糖,5,调味料
液体奶油,5,调味料
大块冰糖,5,调味料
虾籽酱油,5,调味料
新奥尔良烤翅调料,5,调味料
生抽&老抽,5,调味料
黑胡椒等,5,调味料
量淡奶油,5,调味料
表面糖粉,5,调味料
酌情辣椒粉,5,调味料
沙爹酱,5,调味料
海盐芝士奶盖,5,调味料
八角香料,5,调味料
树莓酱,5,调味料
黑豆豉,5,调味料
下冰糖,5,调味料
儿糖,5,调味料
淡盐水,5,调味料
糖水部分,5,调味料
加入盐,5,调味料
个人喜好沙拉酱,5,调味料
干邑白兰地,5,调味料
太古白砂糖,5,调味料
黄咖喱粉,5,调味料
情况盐,5,调味料
酱十三香,5,调味料
榛果酱,5,调味料
多放盐,5,调味料
醋或者白醋,5,调味料
盐冰糖,5,调味料
分之白胡椒粉,5,调味料
蜂蜜柠檬,5,调味料
菜调味料,5,调味料
蒸鱼豉汁,5,调味料
茶勺玉米淀粉,5,调味料
酱香酱油,5,调味料
糖纳红豆,5,调味料
放花椒粉,5,调味料
肉淀粉,5,调味料
九度米醋,5,调味料
咖喱粉咖喱,5,调味料
初榨橄欖油,5,调味料
抓花椒,5,调味料
风味豆豉酱,5,调味料
盖酱油,5,调味料
鸡粉糖,5,调味料
班兰香精,5,调味料
分之花椒粉,5,调味料
分之五香粉,5,调味料
十三香小龙虾调料,5,调味料
多少黄油,5,调味料
油或者椰子油,5,调味料
红油辣酱,5,调味料
海天味极鲜酱油,5,调味料
李锦记财神蚝油,5,调味料
个人喜好蜂蜜,5,调味料
量食盐,5,调味料
韩式辣椒面,5,调味料
红糖或冰糖,5,调味料
白酒料酒,5,调味料
汤勺耗油,5,调味料
葱姜花椒大料,5,调味料
盐和味精,5,调味料
奶油糖粉,5,调味料
白芝麻油,5,调味料
个人喜好盐,5,调味料
炒菜量植物油,5,调味料
素黄油,5,调味料
软黄油,5,调味料
高浓度白酒,5,调味料
海天添丁甜醋,5,调味料
元宝红糖,5,调味料
蜜汁调料,5,调味料
砂糖或冰糖,5,调味料
或浓汤宝,5,调味料
胡椒粉各,5,调味料
老抽或生抽,5,调味料
自己口味花椒,5,调味料
十三香调味料,5,调味料
食小苏打粉,5,调味料
上白糖,5,调味料
量现磨黑胡椒,5,调味料
个人喜好细砂糖,5,调味料
胡椒粉盐料酒,5,调味料
海天盐焗鸡粉,5,调味料
风味酱,5,调味料
辣豆腐乳,5,调味料
膨松剂,5,调味料
蜜汁酱,5,调味料
白糖馅,5,调味料
青梅酱,5,调味料
个人口味沙拉酱,5,调味料
鸡精白糖,5,调味料
装饰黄油,5,调味料
五香粉胡椒粉,5,调味料
辣酱或老干妈,5,调味料
无盐牛油,5,调味料
鱿鱼酱,5,调味料
酸甜汁,5,调味料
焦糖浆,5,调味料
猪肉酱,5,调味料
榨油,5,调味料
蔓越莓果汁,5,调味料
料酒老抽,5,调味料
金标蚝油,5,调味料
石榴汁,5,调味料
黄冰糖冰糖,5,调味料
喜欢酱汁,5,调味料
熟植物油,5,调味料
自己喜好辣椒粉,5,调味料
而定酱油,5,调味料
蛋白糖霜,5,调味料
玫瑰红糖,5,调味料
砂糖或糖粉,5,调味料
火锅调味料,5,调味料
研磨白胡椒,5,调味料
盐生抽料酒,5,调味料
花椒盐,5,调味料
植物油或橄榄油,5,调味料
和黑胡椒,5,调味料
盐或生抽,5,调味料
低盐生抽,5,调味料
加奶油,5,调味料
利民蒜蓉辣酱,5,调味料
锅物底料,5,调味料
米酒酿,5,调味料
油豆豉,5,调味料
或生抽,5,调味料
生抽盐胡椒粉,5,调味料
桂皮陈皮,5,调味料
纯番茄酱,5,调味料
茶勺郫县豆瓣酱,5,调味料
即可花生油,5,调味料
队锅风味锅物底料,5,调味料
醋盐,5,调味料
酱油香油,5,调味料
鸡蛋酱,5,调味料
红油腐乳,5,调味料
淀粉糊,5,调味料
牛奶奶油,5,调味料
牛骨高汤,5,调味料
榛子巧克力酱,5,调味料
宝宝盐,5,调味料
红咖喱,5,调味料
一半老抽,5,调味料
黄油或者玉米油,5,调味料
调味糖,5,调味料
就行橄榄油,5,调味料
巧克力榛子酱,5,调味料
榨橄榄油,5,调味料
茶匙白胡椒,5,调味料
醪糟汁,5,调味料
蛋白白砂糖,5,调味料
油或者麻油,5,调味料
白糖醋,5,调味料
调味勺白糖,5,调味料
生抽适量,5,调味料
个人喜好红糖,5,调味料
粉或孜然粉,5,调味料
小勺鸡精,5,调味料
鱼香汁,5,调味料
下胡椒粉,5,调味料
培煎芝麻沙拉汁,5,调味料
番茄牛肉酱,5,调味料
糖粉或白糖,5,调味料
甜叶菊糖,5,调味料
香草糖粉,5,调味料
意式香醋,5,调味料
上色即可老抽,5,调味料
青花椒面,5,调味料
豆乳卡仕达酱,5,调味料
现榨柠檬汁,5,调味料
八角桂皮花椒,5,调味料
生粉胡椒粉,5,调味料
调料勺鸡精,5,调味料
一圈料酒,5,调味料
焦糖饼干,5,调味料
小龙虾调料包,5,调味料
八角香叶干辣椒,5,调味料
或者砂糖,5,调味料
咖喱调料,5,调味料
红九九火锅底料,5,调味料
盐橄榄油,5,调味料
料酒料酒,5,调味料
油或牛油,5,调味料
酒黄酒,5,调味料
食白醋,5,调味料
绍兴料酒,5,调味料
淀粉各,5,调味料
三文鱼酱,5,调味料
浓缩椰汁,5,调味料
酸汤肥牛酱,5,调味料
花椒一小撮,5,调味料
帅哥豆豉,5,调味料
儿油,5,调味料
玉米酱,5,调味料
多一点糖,5,调味料
就好蚝油,5,调味料
色素笔,5,调味料
冰糖糖,5,调味料
汤勺淀粉,5,调味料
原味烧烤酱,5,调味料
调料勺胡椒粉,5,调味料
风味沙拉酱,5,调味料
香辣椒油,5,调味料
茶匙白砂糖,5,调味料
芝麻辣椒油,5,调味料
小冰糖,5,调味料
迷迭香橄榄油,5,调味料
镇江醋,5,调味料
彩色糖珠,5,调味料
子黄油,5,调味料
粉或生粉,5,调味料
比焙煎芝麻沙拉汁,5,调味料
糖或者代糖,5,调味料
个人口味糖,5,调味料
香草砂糖,5,调味料
淡味酱油,5,调味料
鸡精老抽,5,调味料
水果醋,5,调味料
料酒生抽老抽盐,5,调味料
香芝麻油,5,调味料
自己口味醋,5,调味料
分之一茶勺盐,5,调味料
多些植物油,5,调味料
挤汁柠檬汁,5,调味料
韩国拌饭酱,5,调味料
自己喜好盐,5,调味料
小勺生抽,5,调味料
宝宝核桃油,5,调味料
生抽老抽醋,5,调味料
咖喱饭,5,调味料
香辣火锅底料,5,调味料
炖肉调料包,5,调味料
汤匙老抽,5,调味料
黑椒酱汁,5,调味料
加入白糖,5,调味料
淀粉香油,5,调味料
蒜香油,5,调味料
无碘海盐,5,调味料
盐味精料酒,5,调味料
鱼油,5,调味料
黄酒或料酒,5,调味料
分之浓汤宝,5,调味料
可不放辣椒面,5,调味料
口味辣椒油,5,调味料
葱姜蒜辣椒花椒,5,调味料
白酒或者料酒,5,调味料
孜然粉孜然粒,5,调味料
就好柠檬汁,5,调味料
孜然颗粒,5,调味料
白胡椒盐,5,调味料
多菜籽油,5,调味料
个人口味番茄酱,5,调味料
角八角,5,调味料
茶匙柠檬汁,5,调味料
黑醋栗,5,调味料
糖纸,5,调味料
粉盐适量,5,调味料
蛋白白糖,5,调味料
红葱香酱,5,调味料
柚子汁,5,调味料
勺生抽酱油,5,调味料
自己喜欢甜度冰糖,5,调味料
或花椒油,5,调味料
量辣椒粉,5,调味料
汤匙白醋,5,调味料
辣椒面花椒面,5,调味料
捏一小撮盐,5,调味料
刷表面蜂蜜,5,调味料
调味冰糖,5,调味料
生抽盐糖,5,调味料
个人口味放盐,5,调味料
糖代糖,5,调味料
个人喜好花椒,5,调味料
鸡精香油,5,调味料
一点点醋,5,调味料
白醋或米醋,5,调味料
盖米酒,5,调味料
盐味精糖,5,调味料
香卤料,5,调味料
即可海盐,5,调味料
下料酒,5,调味料
生姜红糖,5,调味料
汤调料,5,调味料
上海辣酱油,5,调味料
辣椒粉或干辣椒,5,调味料
人冰糖,5,调味料
定盐,5,调味料
些冰糖,5,调味料
味白胡椒粉,5,调味料
多十三香,5,调味料
姜片料酒,5,调味料
素高汤粉,5,调味料
酱油白糖,5,调味料
生抽老抽耗油盐,5,调味料
粒青花椒,5,调味料
涂抹橄榄油,5,调味料
花椒小米椒,5,调味料
牛肉调味料,5,调味料
蛋奶酱,5,调味料
自己口味老干妈,5,调味料
花椒姜片,5,调味料
盖醋,5,调味料
意大利肉酱,5,调味料
酱油蚝油料酒,5,调味料
手磨黑胡椒,5,调味料
酱或耗油,5,调味料
蚝油醋,5,调味料
干锅调料,5,调味料
香料酒,5,调味料
巧克力糖浆,5,调味料
或酱油,5,调味料
糖或黄冰糖,5,调味料
酵母菌,5,调味料
鸡胸肉调料,5,调味料
奶酪意大利面酱,5,调味料
红糖白糖,5,调味料
覆盆子糖浆,5,调味料
香油盐,5,调味料
自己口味番茄酱,5,调味料
口味花椒,5,调味料
克淡奶油,5,调味料
老干妈油辣子,5,调味料
鸡酱,5,调味料
辣椒粉花椒粉,5,调味料
意式披萨酱,5,调味料
小勺十三香,5,调味料
墨西哥辣椒粉,5,调味料
或者红糖,5,调味料
度盐,5,调味料
防粘黄油,5,调味料
分之柠檬汁,5,调味料
个人口味调整盐,5,调味料
油醋,5,调味料
子橄榄油,5,调味料
鲜酱油或生抽,5,调味料
或辣椒酱,5,调味料
分之番茄酱,5,调味料
了黄油,5,调味料
耗油生抽,5,调味料
自己口味调料,5,调味料
自己口味来盐,5,调味料
柠檬蜂蜜汁,5,调味料
调味酱料,5,调味料
彩珠糖,5,调味料
味精生抽,5,调味料
面包酱,5,调味料
勺菜籽油,5,调味料
糖浆水,5,调味料
桃汁,5,调味料
辣番茄酱,5,调味料
汤底食材,5,调味料
沙拉酱或番茄酱,5,调味料
糖或红糖,5,调味料
咖哩酱,5,调味料
寿喜汁,5,调味料
三分之一糖,5,调味料
六月鲜甜面酱,5,调味料
淡奶油奶油,5,调味料
粉或五香粉,5,调味料
油或无味油,5,调味料
酱或者海鲜酱,5,调味料
奶茶卡仕达酱,5,调味料
糖汁,5,调味料
盐鸡精胡椒粉,5,调味料
或果酱,5,调味料
点白砂糖,5,调味料
糖漿,5,调味料
粗粒盐,5,调味料
八角香叶花椒,5,调味料
或者花椒面,5,调味料
调羹郫县豆瓣酱,5,调味料
子冰糖,5,调味料
多放点花椒,5,调味料
料酒黑胡椒粉,5,调味料
加一点盐,5,调味料
盐或者糖,5,调味料
生抽味精,5,调味料
辣白菜汤汁,5,调味料
羹油,5,调味料
油炸油,5,调味料
盐白胡椒,5,调味料
添加食油,5,调味料
锅底食油,5,调味料
风味腌料,5,调味料
糖浆白砂糖,5,调味料
可不放五香粉,5,调味料
一半白砂糖,5,调味料
椒盐孜然,5,调味料
一半食油,5,调味料
挤汁,5,调味料
八角冰糖,5,调味料
镇江陈醋,5,调味料
多胡椒粉,5,调味料
油盐调料,5,调味料
或孜然粉,5,调味料
香辣腌料,5,调味料
适量番茄酱,5,调味料
麻辣鲜调料,5,调味料
两下黑胡椒,5,调味料
胡椒粉料酒,5,调味料
寿喜锅调味汁,5,调味料
分之黑胡椒,5,调味料
吧生抽,5,调味料
饺子调料,5,调味料
油和香油,5,调味料
麻辣辣椒面,5,调味料
花椒八角干辣椒,5,调味料
点白糖,5,调味料
喜好现磨黑胡椒,5,调味料
量米醋,5,调味料
无糖雪碧,5,调味料
银珠糖,5,调味料
烤鸭酱,5,调味料
三分之一生抽,5,调味料
芝麻酱汁,5,调味料
盐花椒粉,5,调味料
烧烤辣酱,5,调味料
花椒少许,5,调味料
自己喜欢酱料,5,调味料
楓糖漿,5,调味料
吧酱油,5,调味料
鲜调味料,5,调味料
奥尔良烤鸡翅调料,5,调味料
柠檬或者醋,5,调味料
粉红盐,5,调味料
那么多盐,5,调味料
头道生抽,5,调味料
勺韩国辣酱,5,调味料
极妙红烧酱油,5,调味料
无糖原味酸奶,5,调味料
白胡椒粉盐,5,调味料
羹酱油,5,调味料
添加醋,5,调味料
香花生油,5,调味料
鸡翅生抽,5,调味料
鸡公煲调料,5,调味料
秘制辣酱,5,调味料
少黑胡椒粉,5,调味料
黑芝麻盐,5,调味料
大粒盐,5,调味料
醬汁,5,调味料
粉白糖,5,调味料
可不放香油,5,调味料
万能酱油,5,调味料
香辣烤肉酱,5,调味料
脆皮酱,5,调味料
了番茄酱,5,调味料
胡椒粉鸡粉,5,调味料
盐老抽生抽,5,调味料
柴鱼高汤粉,5,调味料
调料见图,5,调味料
盐糖鸡粉,5,调味料
可以柠檬汁,5,调味料
勺花椒面,5,调味料
黄油奶油,5,调味料
粉五香粉,5,调味料
就好香油,5,调味料
头道酱油,5,调味料
口味辣椒面,5,调味料
或色拉油,5,调味料
蚝油鸡精,5,调味料
酵母种,5,调味料
量菜油,5,调味料
或者五香粉,5,调味料
个人喜好黑胡椒粉,5,调味料
水煮鱼调料包,5,调味料
即可玉米淀粉,5,调味料
鲜蚝油,5,调味料
或火锅底料,5,调味料
油胡椒粉,5,调味料
番茄调味酱,5,调味料
油盐黑胡椒,5,调味料
清汤火锅底料,5,调味料
定克盐,5,调味料
好豆瓣酱,5,调味料
据个人口味番茄酱,5,调味料
酱和黑胡椒酱,5,调味料
口味添加糖,5,调味料
儿花椒,5,调味料
调料勺花椒粉,5,调味料
羹料酒,5,调味料
了白砂糖,5,调味料
瓷勺花椒油,5,调味料
鸡精胡椒粉,5,调味料
鸡调味料,5,调味料
或甜面酱,5,调味料
油调和油,5,调味料
汤勺花生油,5,调味料
甜度红糖,5,调味料
麦芽糖稀,5,调味料
炼乳或蜂蜜,5,调味料
辣椒酱辣椒酱,5,调味料
豆豉老干妈,5,调味料
添加红糖,5,调味料
桂皮等,5,调味料
粉料包,5,调味料
麻辣水煮鱼调料,5,调味料
分之一白糖,5,调味料
皮白砂糖,5,调味料
胡椒粉盐鸡精,5,调味料
多白胡椒粉,5,调味料
酱或芝麻酱,5,调味料
调味番茄酱,5,调味料
可不放老干妈,5,调味料
香油或花椒油,5,调味料
自制糖浆,5,调味料
水玉米淀粉,5,调味料
纯花生酱,5,调味料
口味放冰糖,5,调味料
含糖酸奶,5,调味料
和白糖,5,调味料
可不放猪油,5,调味料
锅菜籽油,5,调味料
自己喜好白砂糖,5,调味料
汤勺醋,5,调味料
量白醋,5,调味料
水糖水,5,调味料
个人口味蜂蜜,5,调味料
风味复合调味料,5,调味料
加入冰糖,5,调味料
定白砂糖,5,调味料
孜然粉五香粉,5,调味料
白胡椒香油,5,调味料
汤勺甜面酱,5,调味料
大红浙醋,5,调味料
自酿米酒,5,调味料
面糊细砂糖,5,调味料
点香草精,5,调味料
自制沙拉酱,5,调味料
酸奶或酸奶油,5,调味料
一层蜂蜜,5,调味料
淀粉油,5,调味料
红糖适量,5,调味料
八角桂皮等香料,5,调味料
酱或蚝油,5,调味料
量砂糖,5,调味料
香叶葱姜蒜,5,调味料
茶匙白胡椒粉,5,调味料
淀粉和水,5,调味料
酒或白酒,5,调味料
坨蚝油,5,调味料
汤勺香油,5,调味料
自己喜好冰糖,5,调味料
油或豆油,5,调味料
一点白砂糖,5,调味料
李锦记番茄酱,5,调味料
下黑胡椒粉,5,调味料
盐量盐,5,调味料
添加咖喱粉,5,调味料
盐郫县豆瓣酱,5,调味料
普通花椒,5,调味料
胡椒粉十三香,5,调味料
或鲜奶油,5,调味料
醋耗油,5,调味料
透明麦芽糖,5,调味料
也可不放鸡精,5,调味料
家常调料,5,调味料
淋酱,5,调味料
羹老抽,5,调味料
重量一半白砂糖,5,调味料
绿食色素,5,调味料
香草精或者柠檬汁,5,调味料
汤勺红糖,5,调味料
焦糖布丁粉,5,调味料
点黑胡椒,5,调味料
盐胡椒粉香油,5,调味料
提香香油,5,调味料
食盐适量,5,调味料
糯米甜醋,5,调味料
牛肉高汤粉,5,调味料
一级糖霜,5,调味料
调味白胡椒粉,5,调味料
生抽蚝油香油,5,调味料
八角茴香等,5,调味料
酱油花椒,5,调味料
鸡汤底,5,调味料
再加盐,5,调味料
八角山奈,5,调味料
牛肉汤底,5,调味料
吧黄油,5,调味料
化酵母温水,5,调味料
就行酱油,5,调味料
包调料,5,调味料
点沙拉酱,5,调味料
糖醋酱油,5,调味料
自己喜好黑胡椒粉,5,调味料
或者白酒,5,调味料
咸沙拉酱,5,调味料
头大冰糖,5,调味料
口味黑胡椒粉,5,调味料
无乳糖牛奶,5,调味料
海鲜汤料,5,调味料
蔬菜味精,5,调味料
桂皮香料,5,调味料
头道特级鲜酱油,5,调味料
比例冰糖,5,调味料
调料勺花椒面,5,调味料
红烧酱油或老抽,5,调味料
黑椒调料,5,调味料
常见调料,5,调味料
锅高汤,5,调味料
果沙拉酱,5,调味料
好油,5,调味料
酱或果酱,5,调味料
勺耗油,5,调味料
粗粒辣椒粉,5,调味料
加黄油,5,调味料
点黄油,5,调味料
醋白糖盐,5,调味料
汤勺蒸鱼豉油,5,调味料
胡椒粉生粉,5,调味料
一下料酒,5,调味料
老抽盐鸡精,5,调味料
瓷勺味极鲜,5,调味料
就行蜂蜜,5,调味料
放十三香,5,调味料
颜色色素,5,调味料
醋白醋,5,调味料
黑胡椒调味料,5,调味料
添加黄油,5,调味料
老抽鸡精,5,调味料
李锦记蒸鱼酱油,5,调味料
酱酱料,5,调味料
油猪油,5,调味料
口味调生抽,5,调味料
水白糖,5,调味料
了高汤,5,调味料
个人口味白胡椒粉,5,调味料
喜好辣椒粉,5,调味料
或辣椒面,5,调味料
放白砂糖,5,调味料
或蛋黄酱,5,调味料
油芝麻油,5,调味料
鸡精食油,5,调味料
一点香油,5,调味料
适量黄油,5,调味料
个人口味定盐,5,调味料
糖白砂糖,5,调味料
红烧酱汁,5,调味料
干辣椒八角,5,调味料
老抽老抽,5,调味料
片糖或冰糖,5,调味料
粥料包,5,调味料
酱油芥末,5,调味料
油麻油,5,调味料
卡宴胡椒,5,调味料
加鸡精,5,调味料
儿辣椒粉,5,调味料
少白砂糖,5,调味料
红花椒粉,5,调味料
哈哈盐,5,调味料
高汤料包,5,调味料
或者火锅底料,5,调味料
色拉油黄油,5,调味料
放孜然粉,5,调味料
糖陈醋,5,调味料
瓷勺孜然粉,5,调味料
面酱油,5,调味料
面料包,5,调味料
酱或花生酱,5,调味料
香叶草果,5,调味料
倍甜度代糖,5,调味料
白胡椒粉少许,5,调味料
小磨香油,5,调味料
或猪油,5,调味料
白糖香油,5,调味料
个人喜好砂糖,5,调味料
锅底即可油,5,调味料
风味辣酱,5,调味料
调味食盐,5,调味料
花椒粉十三香,5,调味料
量李锦记蒸鱼豉油,5,调味料
味香肠调料,5,调味料
吃辣程度辣椒粉,5,调味料
色天然色素,5,调味料
鸡精糖,5,调味料
几滴香草精,5,调味料
子食油,5,调味料
香草调味料,5,调味料
黑胡椒适量,5,调味料
点儿盐,5,调味料
鲜酱油酱油,5,调味料
香豆瓣酱,5,调味料
点生抽,5,调味料
生抽陈醋,5,调味料
放点盐,5,调味料
装饰砂糖,5,调味料
好辣椒油,5,调味料
最好酱油,5,调味料
锅锅底料,5,调味料
大小黄冰糖,5,调味料
炸酱面酱,5,调味料
不放味精,5,调味料
无糖麦片,5,调味料
麻辣烫调料,5,调味料
白砂糖冰糖,5,调味料
多放辣椒面,5,调味料
火锅底料火锅底料,5,调味料
黑胡椒碎盐,5,调味料
锅底花生油,5,调味料
加柠檬汁,5,调味料
口味果酱,5,调味料
酱或烧烤酱,5,调味料
个人喜好胡椒,5,调味料
淀粉水淀粉,5,调味料
盐代替,5,调味料
自己口味加盐,5,调味料
机核桃油,5,调味料
你喜欢沙拉酱,5,调味料
味精等,5,调味料
滴白醋,5,调味料
少橄榄油,5,调味料
就好白糖,5,调味料
醋或白米醋,5,调味料
鱼调味料,5,调味料
调整红糖,5,调味料
自己喜欢白砂糖,5,调味料
味沙拉酱,5,调味料
就行了盐,5,调味料
分之黄片糖,5,调味料
喜欢花椒,5,调味料
加淀粉,5,调味料
辣椒孜然粉,5,调味料
下孜然粉,5,调味料
即可植物油,5,调味料
勺酱油生抽,5,调味料
多一点花椒,5,调味料
调节白糖,5,调味料
来辣椒粉,5,调味料
肉馅调味料,5,调味料
淀粉鸡蛋,5,调味料
大茴香,5,调味料
自己口味生抽,5,调味料
辣椒调料,5,调味料
普通蜂蜜,5,调味料
青胡椒,5,调味料
色惠尔通色素,5,调味料
就好生粉,5,调味料
勺咖喱粉,5,调味料
勺甜面酱,5,调味料
装饰淡奶油,5,调味料
味香草精,5,调味料
就行植物油,5,调味料
勺红烧酱油,5,调味料
碱水包,5,调味料
做辣椒酱,5,调味料
满锅底即可油,5,调味料
压榨菜籽油,5,调味料
粉花椒粉,5,调味料
和淡奶油,5,调味料
蚝油味精,5,调味料
&盐,5,调味料
加一点点盐,5,调味料
调料量,5,调味料
熟猪油,5,调味料
铁塔奶油,5,调味料
细沙糖,5,调味料
樱桃汁,5,调味料
牛肉汁,5,调味料
花生芝麻酱,5,调味料
海盐奶盖,5,调味料
黑松露,5,调味料
糖煮栗子,5,调味料
燕子酵母,5,调味料
無鹽奶油,5,调味料
黄冰片糖,5,调味料
抹茶酱,5,调味料
盐水火腿,5,调味料
可不放醋,5,调味料
克植物油,5,调味料
焦糖层,5,调味料
克泡打粉,5,调味料
浇汁,5,调味料
咖喱部分,5,调味料
盐.糖,5,调味料
糖.盐,5,调味料
调羹盐,4,调味料
少量蜂蜜,4,调味料
豆浆卡仕达酱,4,调味料
猪油油,4,调味料
蜂蜜柚子酱,4,调味料
炒菜多一些油,4,调味料
葱花椒,4,调味料
定黑胡椒,4,调味料
海藻糖,4,调味料
麦芽糖或蜂蜜,4,调味料
泰式青柠汁,4,调味料
茶勺孜然粉,4,调味料
王致和豆腐乳,4,调味料
不放冰糖,4,调味料
料酒或者白酒,4,调味料
鸡精生抽,4,调味料
一丢丢糖,4,调味料
糖馅,4,调味料
汤匙油,4,调味料
喜好老干妈,4,调味料
喜欢黑胡椒粉,4,调味料
勺红薯淀粉,4,调味料
味精胡椒粉,4,调味料
瓷勺生抽,4,调味料
冰糖老抽,4,调味料
生抽糖,4,调味料
个人口味花椒面,4,调味料
麦青汁,4,调味料
红醋,4,调味料
意大利香草调料,4,调味料
凤梨汁,4,调味料
豆豉鱼罐头,4,调味料
干红花椒,4,调味料
盐卤豆腐,4,调味料
淋面酱,4,调味料
铺满锅底食油,4,调味料
海盐和黑胡椒,4,调味料
奶酪奶油,4,调味料
调味勺五香粉,4,调味料
酱油蚝油盐,4,调味料
豆瓣酱辣椒酱,4,调味料
香甜泡打粉,4,调味料
个人喜好白砂糖,4,调味料
生抽加老抽,4,调味料
或不放糖,4,调味料
少量蚝油,4,调味料
灵魂酱汁,4,调味料
盐糖香油,4,调味料
定量沙拉酱,4,调味料
生抽盐鸡精,4,调味料
原浆米醋,4,调味料
木糖醇粉,4,调味料
一丢丢五香粉,4,调味料
盐孜然粉,4,调味料
百里香叶,4,调味料
少量花椒粉,4,调味料
胡麻酱,4,调味料
李锦记香辣酱,4,调味料
胡椒碎,4,调味料
香辣豆豉酱,4,调味料
少料酒,4,调味料
无糖全脂奶粉,4,调味料
安佳无盐黄油,4,调味料
搓花椒,4,调味料
一点克盐,4,调味料
子料酒,4,调味料
山楂果酱,4,调味料
罗望子酱,4,调味料
西柚汁,4,调味料
生淀粉,4,调味料
金兰酱油膏,4,调味料
姜料酒,4,调味料
红绿色素,4,调味料
三分之一白砂糖,4,调味料
李锦记红烧酱油,4,调味料
点盐,4,调味料
冰糖白糖,4,调味料
少生抽,4,调味料
少量花椒,4,调味料
水生粉,4,调味料
添加胡椒粉,4,调味料
半生抽,4,调味料
香草调料,4,调味料
骨酱,4,调味料
花椒芽,4,调味料
糖盐料酒,4,调味料
少量香油,4,调味料
烤翅腌料,4,调味料
食花生油,4,调味料
宝鼎糟卤,4,调味料
老干妈香辣菜,4,调味料
搓食盐,4,调味料
少量酱油,4,调味料
幼糖,4,调味料
即时酵母,4,调味料
奥尔良腌料粉,4,调味料
各白糖,4,调味料
调羹糖,4,调味料
味精盐,4,调味料
蒜香橄榄油,4,调味料
葱姜花椒水,4,调味料
酱辣椒酱,4,调味料
胡椒粉少量,4,调味料
原糖,4,调味料
真露,4,调味料
油等调料,4,调味料
美乃滋酱,4,调味料
提鲜鸡精,4,调味料
芥末酱油,4,调味料
板油,4,调味料
红胡椒粉,4,调味料
火龙果酱,4,调味料
黄油油,4,调味料
香油花生油,4,调味料
美极汁,4,调味料
多放白胡椒粉,4,调味料
桂皮少量,4,调味料
一丢丢鸡精,4,调味料
糖渍柠檬,4,调味料
日式高汤粉,4,调味料
奶酱,4,调味料
多放白糖,4,调味料
铝泡打粉,4,调味料
茶勺芝麻油,4,调味料
无淀粉火腿肠,4,调味料
蒜酱油,4,调味料
汤勺猪油,4,调味料
酸菜调料包,4,调味料
半醋,4,调味料
也可不放生抽,4,调味料
韩国幼砂糖,4,调味料
鲜青花椒,4,调味料
酱汁⬇,4,调味料
臻品蚝油,4,调味料
素高汤,4,调味料
数量盐,4,调味料
蔓越莓果酱,4,调味料
辣椒或辣椒酱,4,调味料
汤匙黄豆酱,4,调味料
量勺盐,4,调味料
人口味酌量添加盐,4,调味料
一段桂皮,4,调味料
少量白砂糖,4,调味料
枫糖浆或蜂蜜,4,调味料
鳗鱼汁,4,调味料
老抽生抽蚝油,4,调味料
丢丢盐,4,调味料
分之十三香,4,调味料
芹菜盐,4,调味料
鲜或者生抽,4,调味料
巧克力糖,4,调味料
自家口味盐,4,调味料
椰汁油,4,调味料
焦化黄油,4,调味料
糖即可水,4,调味料
颗冰糖,4,调味料
或不放鸡精,4,调味料
酱油辣椒油,4,调味料
咖喱块儿,4,调味料
酱油麻油,4,调味料
茶匙咖喱粉,4,调味料
红油辣椒酱,4,调味料
鲣鱼汁,4,调味料
定白糖,4,调味料
勺子生抽,4,调味料
咖啡勺盐,4,调味料
混合油,4,调味料
风味火锅底料,4,调味料
粉或辣椒粉,4,调味料
火鸡面辣酱,4,调味料
阪烧酱,4,调味料
香辣豆瓣酱,4,调味料
汉源花椒,4,调味料
提色酱油,4,调味料
减糖,4,调味料
人口味盐,4,调味料
勾芡水淀粉,4,调味料
少量番茄酱,4,调味料
李锦记蒜蓉辣椒酱,4,调味料
花椒胡椒粉,4,调味料
姜糖,4,调味料
少量玉米淀粉,4,调味料
豆乳酱,4,调味料
耐糖干酵母,4,调味料
高耐糖酵母,4,调味料
十三香盐,4,调味料
香辣酱料,4,调味料
或酵母,4,调味料
多淀粉,4,调味料
个人喜好辣油,4,调味料
粉柠檬汁,4,调味料
自己调整盐,4,调味料
盐麻油,4,调味料
花椒红辣椒,4,调味料
二荆条辣椒粉,4,调味料
葡萄糖粉,4,调味料
榨汁柠檬汁,4,调味料
无水酥油,4,调味料
彩糖,4,调味料
浅色红糖,4,调味料
低糖红豆沙馅,4,调味料
太古红糖,4,调味料
糖生抽,4,调味料
加多少糖,4,调味料
无盐鸡汤,4,调味料
紫薯汁,4,调味料
香辣油,4,调味料
香油酱油,4,调味料
油番茄酱,4,调味料
柠檬汁或橙汁,4,调味料
刺身酱油,4,调味料
冰糖水,4,调味料
个人口味而定盐,4,调味料
子植物油,4,调味料
调料类,4,调味料
宝宝咖喱,4,调味料
调味黑胡椒粉,4,调味料
豆豉酱油,4,调味料
看个人冰糖,4,调味料
口味孜然粒,4,调味料
磨坊蒜风味油,4,调味料
柴鱼酱油,4,调味料
抖一抖盐,4,调味料
提味生抽,4,调味料
可减量糖,4,调味料
干碱面,4,调味料
冷榨椰子油,4,调味料
或者香草精,4,调味料
吧酵母,4,调味料
鲜麻油,4,调味料
黄柠檬汁,4,调味料
胡辣椒面,4,调味料
食香精,4,调味料
九制陈皮,4,调味料
面粉或生粉,4,调味料
葱伴侣黄豆酱,4,调味料
部队锅调料,4,调味料
泡打粉酵母,4,调味料
女神老干妈,4,调味料
或味精,4,调味料
茶匙黑胡椒粉,4,调味料
干辣椒冰糖,4,调味料
卡仕达奶油酱,4,调味料
米油,4,调味料
炖肉调料,4,调味料
红酱油,4,调味料
虾皮味精,4,调味料
可不放桂皮,4,调味料
白糖或盐,4,调味料
刷油,4,调味料
奥尔良烤鸡粉,4,调味料
精制油,4,调味料
鸡蛋大小冰糖,4,调味料
蒜头油,4,调味料
面团白糖,4,调味料
一丢丢味精,4,调味料
食糖,4,调味料
油或橄欖油,4,调味料
进口食色素,4,调味料
盐鸡精味精,4,调味料
辛拉面调料包,4,调味料
花椒香菜,4,调味料
鸡精耗油,4,调味料
黑胡椒或白胡椒,4,调味料
鲜头道特级鲜酱油,4,调味料
子白砂糖,4,调味料
人口味添加辣椒酱,4,调味料
糖渍樱花,4,调味料
一平勺盐,4,调味料
黄金糖浆,4,调味料
花椒粉五香粉,4,调味料
盐和油,4,调味料
麻汁,4,调味料
胡辣汤料包,4,调味料
日式烤肉酱,4,调味料
看个人口味冰糖,4,调味料
粉或者孜然粉,4,调味料
极细砂糖,4,调味料
黄灯笼辣酱,4,调味料
笑厨番茄酱,4,调味料
自己把握盐,4,调味料
猪油或植物油,4,调味料
饭勺番茄酱,4,调味料
风味豆豉,4,调味料
凭感觉生抽,4,调味料
茴香桂皮,4,调味料
秘制红烧汁,4,调味料
冷面酱,4,调味料
牛肝菌油,4,调味料
南德调料,4,调味料
红丝绒香精,4,调味料
高糖高活性干酵母,4,调味料
橄榄油或色拉油,4,调味料
一点味精,4,调味料
个人口味麻油,4,调味料
酌量黑胡椒,4,调味料
淋面淡奶油,4,调味料
柠檬汁或香草精,4,调味料
冰糖或者蜂蜜,4,调味料
幼盐,4,调味料
点橄榄油,4,调味料
辣椒或者辣椒面,4,调味料
鸡精白胡椒粉,4,调味料
辣椒或辣椒油,4,调味料
豆鼓酱,4,调味料
桂皮香叶草果,4,调味料
子糖,4,调味料
玉米油或花生油,4,调味料
烘焙糖,4,调味料
碟水淀粉,4,调味料
宝宝食油,4,调味料
料酒胡椒粉盐,4,调味料
三温糖,4,调味料
自己口味红糖,4,调味料
花椒和八角,4,调味料
烘焙碱,4,调味料
羹玉米淀粉,4,调味料
茶勺香草精,4,调味料
盐勺五香粉,4,调味料
冰晶糖,4,调味料
茄汁,4,调味料
粗粒芥末,4,调味料
糖盐胡椒粉,4,调味料
婆辣椒面,4,调味料
尝盐,4,调味料
烤鱼酱,4,调味料
龟甲万酱油,4,调味料
瑶柱鲍鱼汁,4,调味料
食植物油,4,调味料
辣椒面儿,4,调味料
水油,4,调味料
沙拉酱或千岛酱,4,调味料
放蚝油,4,调味料
各辣椒面,4,调味料
平勺橄榄油,4,调味料
花椒粉孜然粉,4,调味料
盐勺盐,4,调味料
蘸汁,4,调味料
茶匙小苏打,4,调味料
烘焙细砂糖,4,调味料
无铅泡打粉,4,调味料
无糖豆浆粉,4,调味料
砂糖或白砂糖,4,调味料
红糖年糕,4,调味料
梅子醋,4,调味料
红糖或白砂糖,4,调味料
芥末膏,4,调味料
麻油或香油,4,调味料
调料等,4,调味料
放孜然,4,调味料
钵钵鸡调料包,4,调味料
于上色老抽,4,调味料
八角料酒,4,调味料
皮细砂糖,4,调味料
糖各,4,调味料
高度数白酒,4,调味料
辣椒酱或老干妈,4,调味料
量克盐,4,调味料
红汤火锅底料,4,调味料
奥尔良烤酱,4,调味料
麻辣香锅料包,4,调味料
人口味白糖,4,调味料
蜂蜜冰糖,4,调味料
圈生抽,4,调味料
香叶适量,4,调味料
二荆条辣椒面,4,调味料
生抽耗油糖,4,调味料
里油,4,调味料
腌制调味料,4,调味料
盐糖调味,4,调味料
金龙鱼芝麻香油,4,调味料
宝宝辅食油,4,调味料
加入糖,4,调味料
料黑胡椒粉,4,调味料
中盐,4,调味料
红食色素,4,调味料
个人口味加入盐,4,调味料
喜好胡椒粉,4,调味料
来冰糖,4,调味料
多老抽,4,调味料
酱汁如下,4,调味料
章鱼烧酱,4,调味料
蚝油盐糖,4,调味料
黄油或者植物油,4,调味料
艾草汁,4,调味料
料酒白胡椒粉,4,调味料
少量鱼露,4,调味料
少老抽,4,调味料
香辣豆豉,4,调味料
鱼豉油,4,调味料
油鸡粉,4,调味料
盐味精酱油,4,调味料
油白醋,4,调味料
八角陈皮,4,调味料
面黑胡椒粉,4,调味料
辣炒年糕酱,4,调味料
平勺泡打粉,4,调味料
黄豆瓣酱,4,调味料
糖或白沙糖,4,调味料
绵糖,4,调味料
个人口味加辣椒粉,4,调味料
粗细辣椒面,4,调味料
柚子盐,4,调味料
生抽生粉,4,调味料
鲜露,4,调味料
一丢丢淀粉,4,调味料
黑胡椒孜然,4,调味料
个人口味味精,4,调味料
拓东甜酱油,4,调味料
点酱油,4,调味料
平勺糖,4,调味料
家乐牌鸡粉,4,调味料
盐调味,4,调味料
蒜茸辣椒酱,4,调味料
添加白胡椒粉,4,调味料
香草沙拉酱,4,调味料
各种色素,4,调味料
韩式高汤,4,调味料
红油豆豉,4,调味料
油盐酱醋糖,4,调味料
鳄梨油,4,调味料
植物淡奶油,4,调味料
盖白醋,4,调味料
嫩肉淀粉,4,调味料
十三香五香粉,4,调味料
个人口味添加糖,4,调味料
黑芝麻核桃油,4,调味料
汤勺橄榄油,4,调味料
照烧酱汁,4,调味料
蜜汁烤肉酱,4,调味料
少量水淀粉,4,调味料
等基本调料,4,调味料
普通黄油,4,调味料
酱油醋盐,4,调味料
普宁黄豆酱,4,调味料
龙虾底料,4,调味料
碎白胡椒粒,4,调味料
桂皮辣椒,4,调味料
赤鲜糖醇,4,调味料
粉海盐,4,调味料
酸汤肥牛调味料,4,调味料
香叶姜,4,调味料
黑松露酱,4,调味料
香蒜粉,4,调味料
添加豆瓣酱,4,调味料
肥油,4,调味料
点五香粉,4,调味料
椒酱油,4,调味料
增减生抽,4,调味料
清汤底料,4,调味料
蛋白霜糖,4,调味料
胡椒粒或粉,4,调味料
孜然粉/粒,4,调味料
勾芡淀粉水,4,调味料
就好蜂蜜,4,调味料
和辣椒粉,4,调味料
哦黑胡椒,4,调味料
一小盒黄油,4,调味料
夹心果酱,4,调味料
番茄罗勒意面酱,4,调味料
苹果果酱,4,调味料
茶勺花椒油,4,调味料
或花椒水,4,调味料
糖或者炼乳,4,调味料
个人口味陈醋,4,调味料
据个人口味生抽,4,调味料
状咖喱,4,调味料
柠檬或白醋,4,调味料
儿黄油,4,调味料
不辣辣椒面,4,调味料
可不放柠檬汁,4,调味料
多少淀粉,4,调味料
意大利醋,4,调味料
柠檬果酱,4,调味料
八角桂皮等,4,调味料
多少蜂蜜,4,调味料
桂皮花椒,4,调味料
糖可可粉,4,调味料
黑胡椒海盐,4,调味料
也可以糖,4,调味料
芝麻酱或花生酱,4,调味料
调味海盐,4,调味料
橙色食色素,4,调味料
太妃奶酱,4,调味料
黑胡椒现磨,4,调味料
耐糖酵母,4,调味料
生抽水,4,调味料
可以香草精,4,调味料
低糖,4,调味料
制陈皮,4,调味料
鸡公煲酱料,4,调味料
个人口味加盐,4,调味料
松露油,4,调味料
糖粉或白砂糖,4,调味料
多加糖,4,调味料
一圈酱油,4,调味料
冰花酸梅酱,4,调味料
酸梅汤料包,4,调味料
咖啡糖水,4,调味料
饭勺生抽,4,调味料
汤勺番茄酱,4,调味料
九江双蒸米酒,4,调味料
蚕豆酱,4,调味料
喜好辣椒油,4,调味料
干辣椒干花椒,4,调味料
油酱油,4,调味料
糖盐味精,4,调味料
米酒水,4,调味料
无盐动物黄油,4,调味料
事达特级草菇老抽,4,调味料
油盐等,4,调味料
古法花生油,4,调味料
底捞麻辣香锅调料,4,调味料
黄豆酱豆瓣酱,4,调味料
花生油或玉米油,4,调味料
蛋白霜细砂糖,4,调味料
羹盐,4,调味料
豬油,4,调味料
酒瓶盖白酒,4,调味料
调羹白砂糖,4,调味料
就行白酒,4,调味料
坨黄油,4,调味料
芹菜汁,4,调味料
油或蔬菜油,4,调味料
黄记煌酱汁,4,调味料
香沙拉汁,4,调味料
芥末沙拉汁,4,调味料
香叶草果桂皮,4,调味料
牛奶或者鲜奶油,4,调味料
牌盐焗鸡粉,4,调味料
两下白胡椒,4,调味料
香叶丁香,4,调味料
牛栏山二锅头,4,调味料
普通白糖,4,调味料
子馅调料,4,调味料
五香粉孜然粉,4,调味料
昆布柴鱼高汤,4,调味料
红糖黑糖,4,调味料
生猪板油,4,调味料
魚露,4,调味料
就可以盐,4,调味料
可不放辣椒粉,4,调味料
盐鸡精食油,4,调味料
量小苏打,4,调味料
量泡打粉,4,调味料
𧐢油,4,调味料
农家酱,4,调味料
胡椒粉盐生抽,4,调味料
汁水淀粉,4,调味料
按自己口味盐,4,调味料
放火锅底料,4,调味料
2盐,4,调味料
巧克力卡仕达酱,4,调味料
面粉盐,4,调味料
多少淡奶油,4,调味料
香菇老抽,4,调味料
油生抽,4,调味料
鲍鱼汁调味料,4,调味料
酸汤酱,4,调味料
各色色素,4,调味料
加点盐,4,调味料
多一点黑胡椒,4,调味料
酌情生抽,4,调味料
咸奶油,4,调味料
量意大利面酱,4,调味料
捞汁,4,调味料
自己口味调整盐,4,调味料
六婆辣椒面,4,调味料
香叶等,4,调味料
低聚果糖,4,调味料
酱油料酒盐,4,调味料
砂糖或者红糖,4,调味料
八角香叶等香料,4,调味料
料酒生抽蚝油,4,调味料
混合辣椒粉,4,调味料
野山椒酱,4,调味料
普通酵母,4,调味料
莎莎酱,4,调味料
韩国烧烤酱,4,调味料
披萨酱料,4,调味料
蜂蜜或糖浆,4,调味料
咖喱调料包,4,调味料
棒棒糖棍,4,调味料
即墨黄酒,4,调味料
油辣椒老干妈,4,调味料
红胡椒,4,调味料
泡菜盐水,4,调味料
小颗冰糖,4,调味料
儿小茴香,4,调味料
油砂糖,4,调味料
比焙煎芝麻沙拉酱,4,调味料
淀粉面包糠,4,调味料
胡椒粉葱姜,4,调味料
自己喜欢糖,4,调味料
吧老抽,4,调味料
菜籽油或花生油,4,调味料
果汁软糖,4,调味料
十三香料,4,调味料
耗油胡椒粉,4,调味料
黄油玉米油,4,调味料
玉米油或者色拉油,4,调味料
鲜鸡汁调味料,4,调味料
点白胡椒粉,4,调味料
黑米醋,4,调味料
稍多一些油,4,调味料
油或者核桃油,4,调味料
糖或砂糖,4,调味料
腌肉盐,4,调味料
咖啡墨西哥酱,4,调味料
草饲黄油,4,调味料
搅打奶油,4,调味料
儿橄榄油,4,调味料
彩色糖粒,4,调味料
豆淀粉或玉米淀粉,4,调味料
古法酱油,4,调味料
不放泡打粉,4,调味料
甜味沙拉酱,4,调味料
黑胡椒淀粉,4,调味料
多白砂糖,4,调味料
一点点白胡椒粉,4,调味料
油克油,4,调味料
酱油盐糖,4,调味料
一下生抽,4,调味料
怡口糖,4,调味料
蒸鱼油,4,调味料
中白砂糖,4,调味料
无色无味油,4,调味料
白糖一点点,4,调味料
多点醋,4,调味料
盐葱,4,调味料
茶匙黄油,4,调味料
朝鲜辣酱,4,调味料
勾芡淀粉,4,调味料
味达美清香米醋,4,调味料
陈皮糖醋酱,4,调味料
深酱油,4,调味料
鲜辣汁,4,调味料
梨汁冰糖,4,调味料
泡菜酱,4,调味料
糖霜装饰,4,调味料
油盐醋,4,调味料
芝麻味沙拉酱,4,调味料
量白胡椒,4,调味料
黄油或者橄榄油,4,调味料
鸡蛋盐,4,调味料
勺老干妈辣酱,4,调味料
泰式酸辣酱,4,调味料
混合果汁,4,调味料
蘸酱汁,4,调味料
辣度辣椒粉,4,调味料
咖喱鸡,4,调味料
鲜贝露调味汁,4,调味料
香草香油,4,调味料
肉辣酱,4,调味料
个人口味添加白糖,4,调味料
增加冰糖,4,调味料
烹饪奶油,4,调味料
自制草莓酱,4,调味料
植物色素,4,调味料
添加剂,4,调味料
奶或者奶油,4,调味料
火锅油,4,调味料
自己口味放糖,4,调味料
或枫糖浆,4,调味料
炒菜量食油,4,调味料
味好美炸鸡粉,4,调味料
子番茄酱,4,调味料
蜂蜜柠檬汁,4,调味料
喜锅风味锅物底料,4,调味料
下酱油,4,调味料
辣椒调味汁,4,调味料
海盐奶油,4,调味料
大豆酱,4,调味料
蒜蓉汁,4,调味料
或者枫糖浆,4,调味料
糖炼乳,4,调味料
醋调味汁,4,调味料
豆瓣酱或者老干妈,4,调味料
黑芝麻牛油果油,4,调味料
选色素,4,调味料
棉糖,4,调味料
冬阴功料包,4,调味料
勺日式酱油,4,调味料
红咖喱膏,4,调味料
增减糖粉,4,调味料
五年黄酒,4,调味料
白醋白糖,4,调味料
姜末或姜粉,4,调味料
盐鸡精油,4,调味料
辣椒面孜然,4,调味料
多一点点油,4,调味料
椒生抽盐,4,调味料
罐头糖水,4,调味料
泰式黄咖喱酱,4,调味料
三分之一油,4,调味料
鸡汤料,4,调味料
李锦记泰式甜辣酱,4,调味料
料酒味精,4,调味料
王致和大块腐乳,4,调味料
孜然腌料,4,调味料
月饼糖浆,4,调味料
焦糖液,4,调味料
王守义卤料,4,调味料
粉植物油,4,调味料
调味鸡精,4,调味料
辣椒调味料,4,调味料
酸汤肥牛调料包,4,调味料
低糖酸奶,4,调味料
量朗姆酒,4,调味料
或者油,4,调味料
味黄油,4,调味料
食碱粉,4,调味料
麻辣清油火锅底料,4,调味料
底生抽,4,调味料
量耗油,4,调味料
白酒酒,4,调味料
黄油橄榄油,4,调味料
香草味棉花糖,4,调味料
辣辣椒油,4,调味料
粉或者生粉,4,调味料
糖清水,4,调味料
油或融化黄油,4,调味料
白色色素,4,调味料
醋陈醋,4,调味料
香草精或柠檬汁,4,调味料
吧柠檬汁,4,调味料
可不放老抽,4,调味料
糖桂花酱,4,调味料
五香粉盐,4,调味料
烧烤调味料,4,调味料
自己口味调盐,4,调味料
添加绵白糖,4,调味料
泰式酸甜酱,4,调味料
量米酒,4,调味料
糖一点点,4,调味料
个人口味韩国辣酱,4,调味料
鲜榨果汁,4,调味料
酸汤料包,4,调味料
芝麻糖,4,调味料
坨猪油,4,调味料
蜂蜜一勺,4,调味料
黑色素,4,调味料
砂糖糖粉,4,调味料
糖炒栗子,4,调味料
生抽香醋,4,调味料
子淀粉,4,调味料
或者麦芽糖,4,调味料
外婆乡小榨菜籽油,4,调味料
香叶茴香,4,调味料
酱油五香粉,4,调味料
一圈生抽,4,调味料
白糖白糖,4,调味料
焦糖苹果,4,调味料
淀粉糖,4,调味料
来黑胡椒,4,调味料
葱花油,4,调味料
可不放黑胡椒粉,4,调味料
烧烤辣椒面,4,调味料
各食色素,4,调味料
碱或小苏打,4,调味料
盐&糖,4,调味料
砂糖或白糖,4,调味料
茶勺胡椒粉,4,调味料
调味白糖,4,调味料
碱水粽,4,调味料
桃子果酱,4,调味料
红醋栗,4,调味料
煲汤料,4,调味料
泡面调料,4,调味料
桂冠沙拉酱,4,调味料
清酒料酒,4,调味料
矿盐,4,调味料
香草豆荚或香草精,4,调味料
巧克力脆皮酱,4,调味料
白醋或陈醋,4,调味料
百里香叶子,4,调味料
番茄辣椒酱,4,调味料
香调料包,4,调味料
柠檬汁或白醋几滴,4,调味料
鱼调料包,4,调味料
芒果果酱,4,调味料
奶油细砂糖,4,调味料
喜欢酱,4,调味料
半脂奶油,4,调味料
干调料,4,调味料
辣妹子辣椒酱,4,调味料
蒸魚豉油,4,调味料
生菜油,4,调味料
加香油,4,调味料
豆豉油辣椒酱,4,调味料
糖蚝油,4,调味料
底酱,4,调味料
无盐,4,调味料
酱油各,4,调味料
油黄油,4,调味料
面盐,4,调味料
或糖浆,4,调味料
干百里香叶,4,调味料
腌料如下,4,调味料
自制芒果酱,4,调味料
色食色素,4,调味料
盐现磨黑胡椒,4,调味料
香草细砂糖,4,调味料
多玉米淀粉,4,调味料
奥尔良调料粉,4,调味料
一点点老抽,4,调味料
味味好美锅物底料,4,调味料
勺老抽酱油,4,调味料
吧芥末,4,调味料
植物起酥油,4,调味料
粉或酱,4,调味料
味冰糖,4,调味料
健康油,4,调味料
盐味极鲜,4,调味料
绝对伏特加,4,调味料
添加鸡精,4,调味料
白糖料酒,4,调味料
下现磨黑胡椒,4,调味料
多少蚝油,4,调味料
盐孜然,4,调味料
醋香油,4,调味料
黄芥末籽,4,调味料
一点点生抽,4,调味料
盐和白糖,4,调味料
油醋酱,4,调味料
糖材料,4,调味料
添加白砂糖,4,调味料
西瓜酱,4,调味料
凤梨酱,4,调味料
麻辣酱料,4,调味料
自制花椒粉,4,调味料
咸度酱油,4,调味料
白糖鸡粉,4,调味料
羹蚝油,4,调味料
香葱酱,4,调味料
李锦记耗油,4,调味料
料料包,4,调味料
糖盐鸡精,4,调味料
色拉调味酱,4,调味料
料酒糖,4,调味料
捏一点盐,4,调味料
味事达生抽,4,调味料
自己喜好糖,4,调味料
自己放冰糖,4,调味料
白酒或啤酒,4,调味料
美冬阴功锅物底料,4,调味料
磨碎黑胡椒,4,调味料
盐麴,4,调味料
花椒等香料,4,调味料
甘蔗糖,4,调味料
肉去腥料酒,4,调味料
黑胡椒盐糖,4,调味料
蔬之鲜调味料,4,调味料
后酌情添加盐,4,调味料
两圈生抽,4,调味料
盐渍肠衣,4,调味料
汤勺蜂蜜,4,调味料
椰子黄油,4,调味料
儿胡椒粉,4,调味料
喜好研磨黑胡椒,4,调味料
中糖,4,调味料
炒年糕辣酱,4,调味料
浓香花生油,4,调味料
喜欢果酱,4,调味料
是生抽,4,调味料
酱油盐鸡精,4,调味料
喜好冰糖,4,调味料
零卡代糖,4,调味料
个人口味调味料,4,调味料
口味白胡椒粉,4,调味料
肉桂糖粉,4,调味料
糖水水,4,调味料
个人口味添加盐,4,调味料
汤匙糖,4,调味料
了细砂糖,4,调味料
糖水樱桃,4,调味料
或者味极鲜酱油,4,调味料
料酒五香粉,4,调味料
红茶奶油,4,调味料
少一点盐,4,调味料
油或食油,4,调味料
点儿糖,4,调味料
郫县豆瓣豆瓣酱,4,调味料
沙拉酱沙拉酱,4,调味料
糖蜜,4,调味料
牛排调味酱,4,调味料
自己辣椒粉,4,调味料
自己喜欢白糖,4,调味料
酱料材料,4,调味料
茶勺柠檬汁,4,调味料
糖球,4,调味料
雪梨汁,4,调味料
自行调节盐,4,调味料
耗油十三香,4,调味料
王致和干黄酱,4,调味料
萨拉酱,4,调味料
油花生酱,4,调味料
秘制料包,4,调味料
耗油老抽,4,调味料
调合油,4,调味料
就好黑胡椒,4,调味料
任何油,4,调味料
来红糖,4,调味料
香葱粉,4,调味料
即可玉米油,4,调味料
茴香八角,4,调味料
酱千岛酱,4,调味料
口味调整生抽,4,调味料
花椒粉花椒,4,调味料
牌咖喱块,4,调味料
香水鱼调料,4,调味料
料酒生粉,4,调味料
点香油,4,调味料
黑胡椒牛排酱,4,调味料
糖鸡精盐,4,调味料
子泡打粉,4,调味料
盐淀粉,4,调味料
炼奶酱,4,调味料
或者辣椒酱,4,调味料
重量一半冰糖,4,调味料
炒鸡酱,4,调味料
涂抹沙拉酱,4,调味料
蘑菇肉酱,4,调味料
花椒醋,4,调味料
黄油猪油,4,调味料
永春老醋,4,调味料
小勺小苏打,4,调味料
顺滑花生酱,4,调味料
任意油,4,调味料
姜葱盐,4,调味料
提味糖,4,调味料
酱或蒜蓉酱,4,调味料
量研磨黑胡椒,4,调味料
无糖燕麦片,4,调味料
生抽花椒粉,4,调味料
冰糖料酒,4,调味料
胡辣汤料,4,调味料
儿香油,4,调味料
口味咸淡盐,4,调味料
面鸡精,4,调味料
高汤材料,4,调味料
红糖汁,4,调味料
个人喜好番茄酱,4,调味料
奥尔良复合调味料,4,调味料
五香粉白胡椒粉,4,调味料
匙生抽酱油,4,调味料
上色就好老抽,4,调味料
一点水淀粉,4,调味料
薯粉或生粉,4,调味料
淡一点盐,4,调味料
各辣椒粉,4,调味料
麻辣调味料,4,调味料
芥末醬,4,调味料
茶勺花椒面,4,调味料
夹层奶油,4,调味料
调料勺,4,调味料
格咖喱块,4,调味料
醋等调料,4,调味料
淀粉鸡精,4,调味料
牛油麻辣火锅底料,4,调味料
自己喜欢果酱,4,调味料
盐水鸭,4,调味料
日本料酒,4,调味料
香酱,4,调味料
多点白糖,4,调味料
口味酱,4,调味料
茶匙胡椒粉,4,调味料
蒜香辣酱,4,调味料
油辣椒油,4,调味料
生抽和盐,4,调味料
粉腌料,4,调味料
调料勺五香粉,4,调味料
油或无味食油,4,调味料
糙米糖浆,4,调味料
韩国炒年糕酱,4,调味料
冰糖蜂蜜,4,调味料
橙汁或柠檬汁,4,调味料
花椒油或藤椒油,4,调味料
食红色色素,4,调味料
五香粉生抽,4,调味料
黄油或其他油,4,调味料
面酱料,4,调味料
口味自调盐,4,调味料
勺芝麻香油,4,调味料
葱姜蒜花椒大料,4,调味料
上橄榄油,4,调味料
和八角,4,调味料
或花椒面,4,调味料
提味鸡精,4,调味料
蔬菜沙拉酱,4,调味料
抹茶卡仕达酱,4,调味料
奶油酱汁,4,调味料
冰糖或黄糖,4,调味料
水果酱,4,调味料
烤肉酱汁,4,调味料
香草精柠檬汁,4,调味料
红色可食色素,4,调味料
和香油,4,调味料
甜度细砂糖,4,调味料
汤调味料,4,调味料
或者辣椒面,4,调味料
无糖黄油,4,调味料
自己调味盐,4,调味料
香醋或米醋,4,调味料
孜然粉或胡椒粉,4,调味料
焦糖淋面,4,调味料
多少放盐,4,调味料
就行玉米油,4,调味料
可可奶油,4,调味料
自己喜好调味料,4,调味料
量鲜榨柠檬汁,4,调味料
酒或花雕酒,4,调味料
加白醋,4,调味料
加代糖,4,调味料
朝天椒酱,4,调味料
食油香油,4,调味料
方块黄油,4,调味料
香米醋,4,调味料
肉油,4,调味料
酸甜酱汁,4,调味料
两下白胡椒粉,4,调味料
老抽少许,4,调味料
或海盐,4,调味料
生抽料酒盐,4,调味料
添加蛋黄酱,4,调味料
辣咖喱,4,调味料
麻辣香锅调味料,4,调味料
韩式豆瓣酱,4,调味料
鸡精酱油,4,调味料
多放点冰糖,4,调味料
辣豆豉酱,4,调味料
淡奶油白砂糖,4,调味料
盐和柠檬汁,4,调味料
好醋,4,调味料
手工黑糖,4,调味料
辣酱或豆瓣酱,4,调味料
老干妈辣椒,4,调味料
油葵花籽油,4,调味料
盐椒盐,4,调味料
英式奶油酱,4,调味料
精调味料,4,调味料
一半白醋,4,调味料
咖喱酱咖喱,4,调味料
薄荷糖,4,调味料
麻油或橄榄油,4,调味料
淀粉或红薯粉,4,调味料
没放盐,4,调味料
甜赤藓糖醇,4,调味料
口味酸奶油,4,调味料
糖芝麻,4,调味料
个人口味放糖,4,调味料
自制辣酱,4,调味料
量黄冰糖,4,调味料
汤匙砂糖,4,调味料
蚝油糖盐,4,调味料
树莓糖浆,4,调味料
高活性干酵母粉,4,调味料
咖喱酱料,4,调味料
鲜醇酱油,4,调味料
盐鸡精白糖,4,调味料
儿料酒,4,调味料
自己口味盐或糖,4,调味料
或桂花糖,4,调味料
白脱奶油,4,调味料
老抽糖,4,调味料
些白胡椒粉,4,调味料
使盐,4,调味料
量勺酵母,4,调味料
各细砂糖,4,调味料
葱伴侣酱,4,调味料
低糖清水红豆馅,4,调味料
月鲜生抽,4,调味料
锅锅物底料,4,调味料
油或者融化黄油,4,调味料
稍微多一点油,4,调味料
料酒盐胡椒粉,4,调味料
盐料酒等,4,调味料
生姜料酒,4,调味料
面粉白糖,4,调味料
胡椒海盐,4,调味料
奶油意面酱,4,调味料
盐鸡精酱油,4,调味料
油和色拉油,4,调味料
看颜色老抽,4,调味料
或郫县豆瓣酱,4,调味料
草果八角,4,调味料
或吉利丁片,4,调味料
磨白胡椒粉,4,调味料
糖或白糖或蜂蜜,4,调味料
味精糖,4,调味料
量土豆淀粉,4,调味料
五香粉等,4,调味料
放红糖,4,调味料
个人喜欢糖,4,调味料
任何果酱,4,调味料
中生抽,4,调味料
米白醋,4,调味料
味奶油,4,调味料
味海天黄豆酱,4,调味料
冬阴功酱料,4,调味料
勺白沙糖,4,调味料
糖等调料,4,调味料
平底锅油,4,调味料
了椰汁,4,调味料
香草朗姆酒,4,调味料
水果或果酱,4,调味料
糖或赤藓糖醇,4,调味料
装饰糖霜,4,调味料
酱油料酒蚝油,4,调味料
花椒冰糖,4,调味料
韩国酱油,4,调味料
鸡翅腌料粉,4,调味料
五香粉或花椒粉,4,调味料
或者食油,4,调味料
自己喜欢沙拉酱,4,调味料
量粗盐,4,调味料
添加白醋,4,调味料
料酒水,4,调味料
表面蜂蜜水,4,调味料
白糖提鲜,4,调味料
椰子油或者玉米油,4,调味料
斑兰汁,4,调味料
十三香小龙虾料,4,调味料
白糖胡椒粉,4,调味料
食油食油,4,调味料
油玉米油,4,调味料
一点白胡椒粉,4,调味料
生抽耗油料酒,4,调味料
米醋或白醋,4,调味料
或香油,4,调味料
蛋清细砂糖,4,调味料
自行调整盐,4,调味料
老抽蚝油,4,调味料
或孜然,4,调味料
牌豆瓣酱,4,调味料
多放花椒,4,调味料
碟玉米淀粉,4,调味料
醋盐香油,4,调味料
盐油酱油,4,调味料
甜度赤藓糖醇,4,调味料
黄油椰子油,4,调味料
无糖气泡水,4,调味料
米酒或者料酒,4,调味料
自己喜好蕃茄酱,4,调味料
腌料包,4,调味料
料酒黑胡椒,4,调味料
小勺蚝油,4,调味料
量细砂糖,4,调味料
醋或者苹果醋,4,调味料
辣子酱,4,调味料
甜糖粉,4,调味料
白巧克力酱,4,调味料
量调整盐,4,调味料
汤匙香油,4,调味料
鎮江香醋,4,调味料
豆瓣酱或黄豆酱,4,调味料
和辣椒油,4,调味料
油或者菜油,4,调味料
加酵母,4,调味料
坨蜂蜜,4,调味料
放点酱油,4,调味料
一层油,4,调味料
调味盐和胡椒,4,调味料
无酒精香草精,4,调味料
指捏一小撮盐,4,调味料
多放点油,4,调味料
后放盐,4,调味料
豆瓣酱豆瓣酱,4,调味料
和白砂糖,4,调味料
勺李锦记叉烧酱,4,调味料
几粒花椒,4,调味料
麻婆豆腐调料包,4,调味料
料酒冰糖,4,调味料
盐糖白胡椒粉,4,调味料
猪油或者色拉油,4,调味料
鸡精或蚝油,4,调味料
些盐,4,调味料
些花椒,4,调味料
黑色食色素,4,调味料
加红糖,4,调味料
盐方,4,调味料
盐糖胡椒,4,调味料
盐生抽鸡精,4,调味料
盐鸡精调料,4,调味料
蔬果汁,4,调味料
果酒酵母,4,调味料
酱油黄酒,4,调味料
或白醋柠檬汁,4,调味料
鱼香肉丝调料,4,调味料
加一些盐,4,调味料
油盐味精,4,调味料
酱或干黄酱,4,调味料
料酒鸡粉,4,调味料
糖细砂糖,4,调味料
蜂蜜蛋糕,4,调味料
面油,4,调味料
口味干花椒,4,调味料
八角等,4,调味料
或者冰糖,4,调味料
加玉米淀粉,4,调味料
没放糖,4,调味料
馄饨汤料,4,调味料
个人口感冰糖,4,调味料
菜籽油食油,4,调味料
鸡精水,4,调味料
盐调味料,4,调味料
蔬菜鸡精,4,调味料
棉砂糖,4,调味料
茶树油,4,调味料
油和橄榄油,4,调味料
克海盐,4,调味料
来克盐,4,调味料
啦冰糖,4,调味料
淀粉淀粉水,4,调味料
粉白糖适量,4,调味料
和风芝麻酱,4,调味料
台湾烤肠调料,4,调味料
叉烧腌料,4,调味料
点芝麻酱,4,调味料
盐花椒,4,调味料
或者老抽,4,调味料
新鲜奶油,4,调味料
瓷勺胡椒粉,4,调味料
少冰糖,4,调味料
酱或海鲜酱,4,调味料
浓缩面汁,4,调味料
汤勺沙拉酱,4,调味料
桂林风味辣椒酱,4,调味料
生抽糖鸡粉,4,调味料
多甜糖,4,调味料
蜂蜜或麦芽糖,4,调味料
海鲜辣酱,4,调味料
黒胡椒粉,4,调味料
口味添加白糖,4,调味料
紫薯奶油,4,调味料
调色生抽,4,调味料
喜好细砂糖,4,调味料
色拉汁,4,调味料
增减细砂糖,4,调味料
虾子酱,4,调味料
口味十三香,4,调味料
白色奶油,4,调味料
个人喜好辣椒粉,4,调味料
汤勺米酒,4,调味料
多少橄榄油,4,调味料
可不放料酒,4,调味料
花椒油香油,4,调味料
朱古力酱,4,调味料
放老冰糖,4,调味料
咖啡匙白糖,4,调味料
可不放花椒,4,调味料
极鲜酱油,4,调味料
老抽调色,4,调味料
白砂糖或蜂蜜,4,调味料
盐与黑胡椒,4,调味料
椰子香精,4,调味料
海鲜调料,4,调味料
锅底克油,4,调味料
塊黃油,4,调味料
好橄榄油,4,调味料
粉或十三香,4,调味料
口味胡椒,4,调味料
姜盐,4,调味料
辣椒面或辣椒酱,4,调味料
白糖耗油,4,调味料
白糖或者糖粉,4,调味料
海天金标酱油,4,调味料
装饰巧克力酱,4,调味料
或黑胡椒酱,4,调味料
百香果果酱,4,调味料
香辣调料,4,调味料
醋或柠檬,4,调味料
蛋白柠檬汁,4,调味料
酱油或味达美,4,调味料
油即可油,4,调味料
捏白胡椒粉,4,调味料
花生油盐,4,调味料
常规调料,4,调味料
油盐胡椒,4,调味料
人口味现磨黑胡椒,4,调味料
蜜汁调味料,4,调味料
姜或姜粉,4,调味料
酱油和蚝油,4,调味料
防粘玉米油,4,调味料
可选代糖,4,调味料
盐芝麻油,4,调味料
盐糖醋,4,调味料
或者浓汤宝,4,调味料
个人喜好白糖,4,调味料
儿白砂糖,4,调味料
随便放盐,4,调味料
椰酱,4,调味料
无色植物油,4,调味料
烧肉酱油,4,调味料
汤勺植物油,4,调味料
自己口味沙拉酱,4,调味料
口味酌情盐,4,调味料
茶匙料酒,4,调味料
油盐香油,4,调味料
香草卡仕达酱,4,调味料
自制肉酱,4,调味料
瓷勺芝麻酱,4,调味料
油蚝油,4,调味料
勺花生酱,4,调味料
放糖白糖,4,调味料
多克油,4,调味料
鸡汤料包,4,调味料
量花椒粉,4,调味料
自行调整糖,4,调味料
油芝麻酱,4,调味料
多少辣椒粉,4,调味料
比例酱油,4,调味料
花椒粉或胡椒粉,4,调味料
味好美白胡椒粉,4,调味料
酱油白酒,4,调味料
可香草精,4,调味料
生抽老抽料酒冰糖,4,调味料
多放孜然,4,调味料
蜂蜜加水,4,调味料
油盐水,4,调味料
鸡汤味浓汤宝,4,调味料
吧胡椒粉,4,调味料
焦糖奶油霜,4,调味料
各油,4,调味料
个人口味糖粉,4,调味料
放食油,4,调味料
或砂糖,4,调味料
粉生抽盐,4,调味料
红糖馅儿,4,调味料
秘制调料,4,调味料
日式刺身酱油,4,调味料
一点点食油,4,调味料
即可冰糖,4,调味料
酱油味精,4,调味料
味酱油,4,调味料
生抽蚝油料酒,4,调味料
辣椒料酒,4,调味料
混合酱,4,调味料
关东煮调料,4,调味料
糖鸡精,4,调味料
末油,4,调味料
个人喜好辣椒油,4,调味料
料酒蚝油,4,调味料
酱汁做法,4,调味料
冰糖盐,4,调味料
白糖鸡精,4,调味料
薯淀粉或玉米淀粉,4,调味料
油或其他植物油,4,调味料
糖加入蛋黄,4,调味料
多少食油,4,调味料
量草莓酱,4,调味料
粉或鸡精,4,调味料
小龙虾料包,4,调味料
上盐,4,调味料
苹果黄油,4,调味料
酒或者清酒,4,调味料
梅林番茄酱,4,调味料
就好鸡精,4,调味料
下五香粉,4,调味料
姜八角香叶,4,调味料
料酒白醋,4,调味料
来加盐,4,调味料
喜好番茄酱,4,调味料
植物油油,4,调味料
糖巧克力粉,4,调味料
喜好黄冰糖,4,调味料
面调味汁,4,调味料
油腐乳,4,调味料
干碟辣椒粉,4,调味料
量橙汁,4,调味料
油料汁,4,调味料
调节生抽,4,调味料
即食咖喱,4,调味料
盐或椒盐,4,调味料
无糖椰浆,4,调味料
盐和白胡椒,4,调味料
黄糖水,4,调味料
火腿腐乳,4,调味料
酱油醋糖,4,调味料
白糖和冰糖,4,调味料
番茄辣酱,4,调味料
调味料等,4,调味料
酱油盐淀粉,4,调味料
吧白醋,4,调味料
麻辣火锅调料,4,调味料
胡椒粉辣椒粉,4,调味料
勺凉拌酱油,4,调味料
或者咖喱粉,4,调味料
状海盐,4,调味料
尝味道盐,4,调味料
多一点玉米油,4,调味料
分之一八角,4,调味料
汤匙耗油,4,调味料
也可不放糖,4,调味料
机橄榄油,4,调味料
粉盐水,4,调味料
奶油糖霜,4,调味料
多少孜然粉,4,调味料
花椒粒干辣椒,4,调味料
菜油油,4,调味料
材料黄油,4,调味料
重庆小面调料,4,调味料
可不放白糖,4,调味料
可不放泡打粉,4,调味料
自制草莓果酱,4,调味料
糖桨,4,调味料
姜八角,4,调味料
无盐熟花生,4,调味料
勺蒜蓉辣酱,4,调味料
花椒香料,4,调味料
没五香粉,4,调味料
山盐,4,调味料
喜马拉雅山岩盐,4,调味料
粉或者辣椒粉,4,调味料
盐和白胡椒粉,4,调味料
调整白醋,4,调味料
吃多少放多少盐,4,调味料
量花生酱,4,调味料
料酒生抽盐,4,调味料
烧烤辣椒粉,4,调味料
鱼香肉丝调味料,4,调味料
丢丢胡椒粉,4,调味料
辣椒粉等,4,调味料
牛肉豆豉,4,调味料
多点花生油,4,调味料
自己喜欢番茄酱,4,调味料
白砂糖适量,4,调味料
香叶等香料,4,调味料
勺胡椒粉,4,调味料
花椒大料香叶桂皮,4,调味料
烧烤酱油,4,调味料
五香粉十三香,4,调味料
酱油或蒸鱼豉油,4,调味料
甜度黄冰糖,4,调味料
种辣椒酱,4,调味料
机糖,4,调味料
盐腌制,4,调味料
白色糖珠,4,调味料
个人口味耗油,4,调味料
惠尔通白色素,4,调味料
搭配奶油,4,调味料
好玉米淀粉,4,调味料
上糖粉,4,调味料
放味精,4,调味料
菜调料,4,调味料
烤鱼酱料,4,调味料
千岛色拉酱,4,调味料
生抽白糖,4,调味料
三鲜火锅底料,4,调味料
尝咸淡盐,4,调味料
大冰糖,4,调味料
点黑胡椒粉,4,调味料
茶匙豆瓣酱,4,调味料
糖鸡精料酒,4,调味料
定生抽,4,调味料
勺味精或鸡精,4,调味料
少点油,4,调味料
料酒耗油生抽,4,调味料
小茴香香叶桂皮,4,调味料
油蒸鱼豉油,4,调味料
老抽适量,4,调味料
或者耗油,4,调味料
美式芥末酱,4,调味料
低糖豆沙馅,4,调味料
儿鸡精,4,调味料
喜好放花椒,4,调味料
增减糖,4,调味料
鲜味蚝油,4,调味料
汤匙食油,4,调味料
一小撮糖,4,调味料
蚝油豆瓣酱,4,调味料
酱黑胡椒粉,4,调味料
面酵母,4,调味料
加克白糖,4,调味料
甜面酱豆瓣酱,4,调味料
酱油油,4,调味料
小勺糖,4,调味料
鸡鲜调味料,4,调味料
酱或巧克力酱,4,调味料
和盐,4,调味料
量打发奶油,4,调味料
黑芝麻香油,4,调味料
淀粉或者生粉,4,调味料
打发细砂糖,4,调味料
三分之一白糖,4,调味料
量新鲜柠檬汁,4,调味料
鱼露酱油,4,调味料
煲仔饭汁,4,调味料
等量冰糖,4,调味料
龙眼蜂蜜,4,调味料
豆豉油辣椒,4,调味料
个人口味海盐,4,调味料
少放点冰糖,4,调味料
分量糖,4,调味料
和甜面酱,4,调味料
吃饭勺料酒,4,调味料
口味各种调料,4,调味料
茶匙孜然粉,4,调味料
满锅底橄榄油,4,调味料
量而定盐,4,调味料
或烧烤酱,4,调味料
吉利丁粉水,4,调味料
味白酒,4,调味料
不老抽,4,调味料
牛肉酱汁,4,调味料
红肉火龙果汁,4,调味料
零添加酱油,4,调味料
胡椒粉一点点,4,调味料
层吉利丁片,4,调味料
油和麻油,4,调味料
多量植物油,4,调味料
料酒食油,4,调味料
冰糖和红糖,4,调味料
白糖三勺,4,调味料
盐料酒糖,4,调味料
料酒生抽盐糖,4,调味料
辣酱番茄酱,4,调味料
原味色拉酱,4,调味料
糖胡椒粉,4,调味料
放橄榄油,4,调味料
黑盐,4,调味料
绿胡椒,4,调味料
儿味精,4,调味料
料酒耗油,4,调味料
自制辣椒粉,4,调味料
豆瓣酱或者黄豆酱,4,调味料
多放些醋,4,调味料
低糖黑芝麻馅,4,调味料
烤盘橄榄油,4,调味料
火锅红油底料,4,调味料
放花椒油,4,调味料
炖汤料,4,调味料
放黄冰糖,4,调味料
勺黑胡椒酱,4,调味料
花生核桃酱,4,调味料
锅底料包,4,调味料
几滴白醋,4,调味料
去腥调料,4,调味料
口味增减白砂糖,4,调味料
瓷勺芝麻油,4,调味料
香蒜酱,4,调味料
上油,4,调味料
茶勺大蒜粉,4,调味料
专酱料,4,调味料
汤匙食盐,4,调味料
程度白糖,4,调味料
研磨海盐,4,调味料
小火锅底料,4,调味料
盐生抽醋,4,调味料
胡椒粉五香粉,4,调味料
分之香草精,4,调味料
臻品生抽,4,调味料
刷一层油,4,调味料
分之一茶勺糖,4,调味料
子花生油,4,调味料
分之一匙盐,4,调味料
个人口味花椒,4,调味料
糖五香粉,4,调味料
酱油醋汁,4,调味料
椒粉孜然粉辣椒粉,4,调味料
糖精,4,调味料
锅底量橄榄油,4,调味料
一半白酒,4,调味料
面玉米淀粉,4,调味料
酱油白胡椒,4,调味料
铲子生抽,4,调味料
烧烤酱料,4,调味料
白胡椒粉糖,4,调味料
状冰糖,4,调味料
个人喜好胡椒粉,4,调味料
卤料粉,4,调味料
甜豉油,4,调味料
调羹细砂糖,4,调味料
酱淡奶油,4,调味料
汤勺花椒,4,调味料
奶油黄油,4,调味料
口味来盐,4,调味料
汁淡奶油,4,调味料
水或鸡高汤,4,调味料
取汁,4,调味料
黑胡椒白胡椒,4,调味料
个人口味白胡椒,4,调味料
和花椒油,4,调味料
家渡麻辣香锅调料,4,调味料
瓣酱或郫县豆瓣酱,4,调味料
红糖蜂蜜,4,调味料
点味极鲜,4,调味料
酱或黄酱,4,调味料
花椒香叶桂皮,4,调味料
糖蜂蜜,4,调味料
胡椒辣椒,4,调味料
自己口味味精,4,调味料
火龙果果汁,4,调味料
下黑胡椒,4,调味料
烧酱,4,调味料
撒盐,4,调味料
小块桂皮,4,调味料
喜好花椒粉,4,调味料
水煮鱼底料,4,调味料
卤料汁,4,调味料
勺薄盐生抽,4,调味料
量十三香,4,调味料
植物油盐,4,调味料
米料酒,4,调味料
现磨花椒粉,4,调味料
桂皮香叶等香料,4,调味料
酱细砂糖,4,调味料
酱玉米淀粉,4,调味料
盐味精醋,4,调味料
大黄油,4,调味料
液体椰子油,4,调味料
水淀粉淀粉,4,调味料
石头糖,4,调味料
蒜蓉豆瓣酱,4,调味料
味咖喱粉,4,调味料
花椒葱姜蒜,4,调味料
酱油或者味极鲜,4,调味料
少点盐,4,调味料
稍微多点油,4,调味料
干辣椒或辣椒粉,4,调味料
汤勺冰糖,4,调味料
瓷勺黄豆酱,4,调味料
牛排腌料,4,调味料
或者巧克力酱,4,调味料
姜葱汁,4,调味料
香料八角,4,调味料
汤匙辣椒酱,4,调味料
香叶陈皮,4,调味料
量香醋,4,调味料
红烧肉调料,4,调味料
分之白砂糖,4,调味料
淀粉胡椒粉,4,调味料
可不放黑胡椒,4,调味料
蜂蜜水蜂蜜,4,调味料
盐或玫瑰盐,4,调味料
汁或者蚝油,4,调味料
防粘油,4,调味料
可不辣椒粉,4,调味料
或老抽,4,调味料
酱油豆瓣酱,4,调味料
猪扒酱,4,调味料
生抽两勺,4,调味料
碗辣椒面,4,调味料
川味卤料,4,调味料
多点生抽,4,调味料
新鲜橙汁,4,调味料
酵母温水,4,调味料
味极鲜特级酱油,4,调味料
鸡肉酱,4,调味料
生抽老抽料酒盐,4,调味料
子大小盐,4,调味料
色拉油油,4,调味料
油或普通油,4,调味料
口味调味料,4,调味料
料酒葱姜蒜,4,调味料
放陈醋,4,调味料
自己口味孜然粉,4,调味料
籽调和油,4,调味料
吧白砂糖,4,调味料
火锅酱料,4,调味料
很多黑胡椒,4,调味料
辣椒面孜然粉,4,调味料
牛肉酱料,4,调味料
克花椒粉,4,调味料
添加花椒粉,4,调味料
多少粒花椒,4,调味料
勺无铝泡打粉,4,调味料
老干妈辣油,4,调味料
勺韩式辣椒酱,4,调味料
植物调和油,4,调味料
增减砂糖,4,调味料
番茄酱盐,4,调味料
蚝油糖,4,调味料
可不放蜂蜜,4,调味料
蒜蓉豆豉,4,调味料
桂皮香叶花椒,4,调味料
打成汁,4,调味料
任何调料,4,调味料
糖或蜜糖,4,调味料
陈皮干,4,调味料
糖/蜂蜜,4,调味料
勺小苏打,4,调味料
一勺生抽,4,调味料
一半料酒,4,调味料
老抽食盐,4,调味料
盖酵母,4,调味料
葱姜蒜花椒干辣椒,4,调味料
海天烧烤汁,4,调味料
油或其它食油,4,调味料
孜然粉烧烤料,4,调味料
茶匙蜂蜜,4,调味料
锅铲蒸鱼豉油,4,调味料
香醋沙拉汁,4,调味料
高度油,4,调味料
甜味糖,4,调味料
分之白胡椒,4,调味料
蟹黄油,4,调味料
馅调味料,4,调味料
或者朗姆酒,4,调味料
调配糖,4,调味料
喝汤勺料酒,4,调味料
大料花椒,4,调味料
黑豆酱,4,调味料
就好辣椒面,4,调味料
年陈花雕酒,4,调味料
不放辣椒酱,4,调味料
儿食油,4,调味料
勺普宁豆酱,4,调味料
杯料酒,4,调味料
就行水淀粉,4,调味料
色素红色,4,调味料
香十三香,4,调味料
可不放香草精,4,调味料
色即可酱油,4,调味料
参巴酱,4,调味料
蜂蜜白糖,4,调味料
糖或者麦芽糖,4,调味料
蛋糕淡奶油,4,调味料
口味添加黑胡椒,4,调味料
胡椒粉水淀粉,4,调味料
面团-黄油,4,调味料
香叶大料,4,调味料
料酒花椒,4,调味料
差不多糖,4,调味料
牛油底料,4,调味料
芝麻酱油,4,调味料
个人口味蚝油,4,调味料
多少定盐,4,调味料
油和花生油,4,调味料
盐生抽酱油,4,调味料
五香粉花椒粉,4,调味料
柚子果酱,4,调味料
多一些菜籽油,4,调味料
或者椰汁,4,调味料
汁橙汁,4,调味料
料和调味料,4,调味料
少细砂糖,4,调味料
一点料酒,4,调味料
或其他调料,4,调味料
那么大黄油,4,调味料
鸡盐,4,调味料
些红糖,4,调味料
过筛糖粉,4,调味料
辣椒香油,4,调味料
美極鮮醬油,4,调味料
酱辣酱,4,调味料
肉调味酱,4,调味料
一些盐,4,调味料
生老抽,4,调味料
点十三香,4,调味料
子大小冰糖,4,调味料
酸汤肥牛底料,4,调味料
盐生抽白糖,4,调味料
耗油生抽鸡精,4,调味料
芝麻花生粉,4,调味料
加白胡椒粉,4,调味料
自己口味鸡精,4,调味料
酒或者朗姆酒,4,调味料
放八角,4,调味料
调节盐,4,调味料
料酒蛋清,4,调味料
量海天生抽,4,调味料
加花椒粉,4,调味料
或赤藓糖醇,4,调味料
风车淡奶油,4,调味料
糖糖粉,4,调味料
液态椰子油,4,调味料
红咖喱粉,4,调味料
一点猪油,4,调味料
或冰糖粉,4,调味料
粉或泡打粉,4,调味料
酱白砂糖,4,调味料
糖花椒油,4,调味料
装饰酱料,4,调味料
牛肉火锅底料,4,调味料
勺泡打粉,4,调味料
咖啡调糖,4,调味料
鸡翅调料包,4,调味料
喜好黑胡椒粉,4,调味料
糖或枫糖浆,4,调味料
老抽半瓷勺,4,调味料
罗勒意面酱,4,调味料
无盐酱油,4,调味料
一样多糖,4,调味料
和淀粉,4,调味料
可不放花椒粉,4,调味料
自己定盐,4,调味料
个人口味添加生抽,4,调味料
调料勺辣椒粉,4,调味料
酱豆瓣酱,4,调味料
葡萄柚汁,4,调味料
八角桂皮山奈,4,调味料
馅黄油,4,调味料
黑胡椒粉辣椒粉,4,调味料
酱或者甜面酱,4,调味料
可胡椒粉,4,调味料
就行黑胡椒粉,4,调味料
自制酱汁,4,调味料
个人喜好陈醋,4,调味料
好老干妈,4,调味料
点淀粉,4,调味料
面团干酵母,4,调味料
个人喜好辣椒酱,4,调味料
加小苏打,4,调味料
倍甜零卡糖,4,调味料
点辣椒酱,4,调味料
或麻油,4,调味料
放芝麻酱,4,调味料
菜酱油,4,调味料
普通烧菜油,4,调味料
喜欢调味料,4,调味料
吧淀粉,4,调味料
和豆瓣酱,4,调味料
酱黄豆酱,4,调味料
朵八角,4,调味料
匙玉米淀粉,4,调味料
香辣椒酱,4,调味料
和风沙拉汁,4,调味料
味老干妈,4,调味料
块桂皮,4,调味料
里盐,4,调味料
指甲盖那么大桂皮,4,调味料
盐糖蚝油,4,调味料
多一点橄榄油,4,调味料
味油,4,调味料
咖喱咖喱,4,调味料
多一点盐,4,调味料
加减白糖,4,调味料
汤汤底,4,调味料
及调味料,4,调味料
高汤或者浓汤宝,4,调味料
酱调料,4,调味料
或者黄油,4,调味料
盐一小勺,4,调味料
了鸡精,4,调味料
白糖生粉,4,调味料
自己喜好生抽,4,调味料
香蒜汁,4,调味料
复配油条膨松剂,4,调味料
差不多白糖,4,调味料
油蜂蜜,4,调味料
勺花生油,4,调味料
油生抽盐,4,调味料
角花椒,4,调味料
或者酱油,4,调味料
蚝油番茄酱,4,调味料
调整白糖,4,调味料
准备蜂蜜,4,调味料
调味勺白胡椒粉,4,调味料
人造奶油,4,调味料
热高汤,4,调味料
加入蜂蜜,4,调味料
淡醬油,4,调味料
海鲜酱油酱油,4,调味料
皮盐,4,调味料
淀粉和面粉,4,调味料
杏仁牛轧糖,4,调味料
茶匙酵母,4,调味料
口味添加火锅底料,4,调味料
烧烤调料粉,4,调味料
添加生抽,4,调味料
酥油或黄油,4,调味料
好盐,4,调味料
黄咖喱膏,4,调味料
牌蒜蓉辣酱,4,调味料
碎番茄酱,4,调味料
盐鸡精花椒粉,4,调味料
清蜜罗代糖,4,调味料
一捏海盐,4,调味料
酱调味料,4,调味料
鲜特级鲜酱油,4,调味料
糖醋里脊,4,调味料
酱沙拉酱,4,调味料
点猪油,4,调味料
马尔顿海盐,4,调味料
匙植物油,4,调味料
其他醋,4,调味料
自制花生酱,4,调味料
就好沙拉酱,4,调味料
醋鸡精,4,调味料
盐蚝油生抽,4,调味料
酒生抽老抽,4,调味料
味沙拉汁,4,调味料
花椒麻椒粉,4,调味料
定花椒,4,调味料
鸡精植物油,4,调味料
多黄油,4,调味料
等调味料,4,调味料
香型高度白酒,4,调味料
不放花椒,4,调味料
吧克盐,4,调味料
生抽醋糖,4,调味料
勺粗辣椒面,4,调味料
部队火锅酱,4,调味料
下白糖,4,调味料
酱或甜辣酱,4,调味料
糖盐生抽,4,调味料
勺麻油,4,调味料
酱或蕃茄酱,4,调味料
油香油花椒油,4,调味料
咸味盐,4,调味料
红印黑糖,4,调味料
十三香香油,4,调味料
匙黑胡椒粉,4,调味料
干辣椒花椒八角,4,调味料
喜好调味料,4,调味料
加减糖,4,调味料
鸡精葱花,4,调味料
汤酱,4,调味料
分之辣椒粉,4,调味料
大料桂皮香叶,4,调味料
花椒一小把,4,调味料
儿白糖,4,调味料
糖粉细砂糖,4,调味料
量猪油,4,调味料
多一些盐,4,调味料
主要调料,4,调味料
量添加盐,4,调味料
口味添加番茄酱,4,调味料
自己黑胡椒,4,调味料
羹番茄酱,4,调味料
油等调味料,4,调味料
油生粉,4,调味料
就行白糖,4,调味料
椒或辣椒面,4,调味料
是菜籽油,4,调味料
熬制高汤,4,调味料
糊白砂糖,4,调味料
勺白糖,4,调味料
一点橄榄油,4,调味料
胡椒粉或者五香粉,4,调味料
颗粒果酱,4,调味料
差不多油,4,调味料
盐辣椒,4,调味料
丁香香叶,4,调味料
匙老抽酱油,4,调味料
勺孜然粒,4,调味料
浓汤宝水,4,调味料
黑胡椒粉适量,4,调味料
决定白糖,4,调味料
少放冰糖,4,调味料
培根油,4,调味料
定淀粉,4,调味料
可花椒粉,4,调味料
花椒等调料,4,调味料
添加奥尔良腌料,4,调味料
干酵母鲜酵母,4,调味料
粉盐少许,4,调味料
心情白砂糖,4,调味料
金标生抽王,4,调味料
放淀粉,4,调味料
鸡腌料,4,调味料
老抽生抽酱油,4,调味料
自己喜好色素,4,调味料
就够黄油,4,调味料
厨房调料,4,调味料
生抽耗油十三香,4,调味料
葱酱油,4,调味料
点盐巴,4,调味料
八角桂皮小茴香,4,调味料
决定食油,4,调味料
或色素,4,调味料
勺土豆淀粉,4,调味料
鲜凉拌酱油,4,调味料
勺芝麻酱,4,调味料
味白兰地,4,调味料
饭碗淡奶油,4,调味料
糖黑胡椒粉,4,调味料
加陈醋,4,调味料
十三香花椒粉,4,调味料
就行黄油,4,调味料
色素几滴,4,调味料
口味花椒油,4,调味料
或椰子油,4,调味料
其他糖,4,调味料
液态酥油,4,调味料
細砂糖,4,调味料
纯素黄油,4,调味料
豆瓣儿酱,4,调味料
桂花糖浆,4,调味料
复制酱油,4,调味料
可可酱,4,调味料
糖/白砂糖,4,调味料
砂糖橘,4,调味料
蓝柑糖浆,4,调味料
可选盐,4,调味料
越南鱼露,4,调味料
咖喱汁,4,调味料
酱汁料,4,调味料
秃黄油,4,调味料
可省略盐,4,调味料
粒花椒,4,调味料
调味鱼露,4,调味料
奶酪糖霜,4,调味料
调料区,4,调味料
把花椒,4,调味料
厚黄油,4,调味料
没加糖,4,调味料
片香叶,4,调味料
室温无盐黄油,4,调味料
樱花糖浆,4,调味料
盐.鸡精,4,调味料
椒油,4,调味料
甜菜糖,4,调味料
盐食油,3,调味料
茶勺椰子油,3,调味料
水煮肉片调料包,3,调味料
芝麻沙律酱,3,调味料
看个人喜好盐,3,调味料
亨氏黑胡椒酱,3,调味料
儿白胡椒粉,3,调味料
多少来放盐,3,调味料
燕子酵母粉,3,调味料
半香醋,3,调味料
底酱油,3,调味料
少量十三香,3,调味料
少量生粉,3,调味料
十三香鸡精,3,调味料
無糖豆漿,3,调味料
少量白糖,3,调味料
少量老抽,3,调味料
很多花椒,3,调味料
底捞番茄火锅底料,3,调味料
各人口味添加盐,3,调味料
凝脂奶油,3,调味料
猪油或玉米油,3,调味料
麻辣红油,3,调味料
枚八角,3,调味料
尖盐,3,调味料
脂无糖酸奶,3,调味料
四季宝花生酱,3,调味料
孜然调料,3,调味料
口味添加生抽,3,调味料
盐和料酒,3,调味料
糖醇或白糖,3,调味料
据个人口味糖,3,调味料
儿花椒粉,3,调味料
节桂皮,3,调味料
鸡肝酱,3,调味料
盐一小撮,3,调味料
少量淀粉,3,调味料
部分淡奶油,3,调味料
小盐,3,调味料
来放冰糖,3,调味料
桑葚酱,3,调味料
少量海盐,3,调味料
粗胡椒盐,3,调味料
耗油芝麻油,3,调味料
茶匙黑胡椒,3,调味料
茶匙淀粉,3,调味料
〉橄榄油,3,调味料
茶勺糖,3,调味料
少量食油,3,调味料
紫甘蓝汁,3,调味料
状油,3,调味料
调味勺盐,3,调味料
碟醋,3,调味料
茶勺豆瓣酱,3,调味料
八角胡椒,3,调味料
截桂皮,3,调味料
雀巢奶油,3,调味料
丘比酱,3,调味料
美式黄芥末,3,调味料
一丁点盐,3,调味料
榨花生油,3,调味料
花椒几粒,3,调味料
红糖冰糖,3,调味料
各草果,3,调味料
少量泡打粉,3,调味料
番茄沙司酱,3,调味料
半淀粉,3,调味料
量八角桂皮香叶,3,调味料
泡芙酱,3,调味料
豆豉生抽,3,调味料
花古法小榨花生油,3,调味料
依个人口味添加盐,3,调味料
醋汁,3,调味料
酸萝卜老鸭汤调料,3,调味料
橄榄油或食油,3,调味料
无糖茶,3,调味料
依个人口味盐,3,调味料
鸡调料包,3,调味料
鸡腿腌料,3,调味料
辣椒粉熟芝麻,3,调味料
酱油等调料,3,调味料
按个人口味糖,3,调味料
瑶柱鲍汁,3,调味料
黑色食色素笔,3,调味料
干青红花椒,3,调味料
美部队锅风味底料,3,调味料
别太多生抽,3,调味料
糙米醋,3,调味料
自己喜欢冰糖,3,调味料
少量味精,3,调味料
据个人口味盐,3,调味料
酌情盐,3,调味料
表面调料,3,调味料
酱橄榄油,3,调味料
蒜香酱,3,调味料
定酱油,3,调味料
日本味淋,3,调味料
底捞清油火锅底料,3,调味料
太古方糖,3,调味料
朗姆酒液,3,调味料
桂皮等大料,3,调味料
备橄榄油,3,调味料
一盐,3,调味料
花椒八角水,3,调味料
多多黑胡椒,3,调味料
粉白胡椒,3,调味料
酒或威士忌,3,调味料
据个人口味孜然粉,3,调味料
少量花生油,3,调味料
醋番茄酱,3,调味料
一丢丢油,3,调味料
甜奶油,3,调味料
黄糖粉,3,调味料
李锦记黄豆酱,3,调味料
豪吉鸡精,3,调味料
宝鼎香糟卤,3,调味料
锅风味料包,3,调味料
汤勺沙茶酱,3,调味料
里淀粉,3,调味料
几勺老干妈,3,调味料
是淀粉,3,调味料
香草精或香草粉,3,调味料
参鸡汤料包,3,调味料
椒香油,3,调味料
丢丢十三香,3,调味料
少量耗油,3,调味料
白色素,3,调味料
二砂糖,3,调味料
浓奶油,3,调味料
盐粉,3,调味料
溶化黄油,3,调味料
胡椒粉或五香粉,3,调味料
蘑菇意大利面酱,3,调味料
圈酱油,3,调味料
一瓷勺生抽,3,调味料
一调羹蚝油,3,调味料
发酵淡黄油,3,调味料
奶油芝士酱,3,调味料
糖霜配方,3,调味料
快速酵母粉,3,调味料
茶勺蜂蜜,3,调味料
黑胡椒调味,3,调味料
辣腐乳,3,调味料
葱头油,3,调味料
少盐,3,调味料
自己喜好细砂糖,3,调味料
烹饪油,3,调味料
磨坊玫瑰盐,3,调味料
饺子醋,3,调味料
葱姜蒜盐,3,调味料
籽沙拉酱,3,调味料
面团细砂糖,3,调味料
喜大烤肉酱,3,调味料
丘比香甜味沙拉酱,3,调味料
不要太多盐,3,调味料
后特级初榨橄榄油,3,调味料
盐奶油,3,调味料
蓝风车奶油,3,调味料
爱乐薇淡奶油,3,调味料
盐糖味精,3,调味料
酌情处理盐,3,调味料
汤勺生粉,3,调味料
淀粉勾芡,3,调味料
蜜汁,3,调味料
拌面酱汁,3,调味料
肯德基番茄酱,3,调味料
人口味醋,3,调味料
菜籽油油,3,调味料
调味料各种,3,调味料
加橄榄油,3,调味料
多一倍油,3,调味料
粗粒黑胡椒,3,调味料
麦牙糖,3,调味料
四川豆瓣酱,3,调味料
生抽蚝油盐,3,调味料
金枪鱼沙拉酱,3,调味料
一丢丢白醋,3,调味料
蓝色奶油,3,调味料
米酒或白酒,3,调味料
茶匙生抽,3,调味料
半酱油,3,调味料
樱桃糖水,3,调味料
酸辣鲜露,3,调味料
子白沙糖,3,调味料
味精盐巴,3,调味料
葱黑胡椒,3,调味料
椒辣椒酱,3,调味料
糖等等,3,调味料
芝麻核桃酱,3,调味料
少黄豆酱,3,调味料
一丢丢黑胡椒,3,调味料
八角桂皮香叶花椒,3,调味料
多一点耗油,3,调味料
卤肉调料,3,调味料
八角姜片,3,调味料
可无盐,3,调味料
奶卡仕达酱,3,调味料
花椒面胡椒面,3,调味料
宽油,3,调味料
特细糖霜,3,调味料
可选糖,3,调味料
欧德堡淡奶油,3,调味料
鸡精调味,3,调味料
段块桂皮,3,调味料
潮汕沙茶酱,3,调味料
烧烤蜜汁,3,调味料
调羹花生油,3,调味料
少量菜籽油,3,调味料
可放可不放鸡精,3,调味料
自己衡量盐,3,调味料
适量老抽,3,调味料
鹅油,3,调味料
盐糖胡椒粉,3,调味料
水勾芡淀粉,3,调味料
玉米油或葵花籽油,3,调味料
粉胡椒粉辣椒粉,3,调味料
口味千岛酱,3,调味料
了老抽,3,调味料
牙特级初榨橄榄油,3,调味料
记黑胡椒酱,3,调味料
油酱,3,调味料
味浓汤宝,3,调味料
腌肉料酒,3,调味料
糖安琪酵母,3,调味料
也可以不放盐,3,调味料
厚奶油,3,调味料
东北农家酱,3,调味料
据自己口味盐,3,调味料
无气味植物油,3,调味料
陴县豆瓣酱,3,调味料
量巧克力酱,3,调味料
调味料⬇,3,调味料
汤匙花生油,3,调味料
头道生抽酱油,3,调味料
料勺盐,3,调味料
一点点料酒,3,调味料
无糖酱油,3,调味料
李锦记甜面酱,3,调味料
三分之白糖,3,调味料
青梅沙拉汁,3,调味料
放白胡椒粉,3,调味料
半茶勺盐,3,调味料
茶勺五香粉,3,调味料
适当盐,3,调味料
生菜籽油,3,调味料
一丢丢醋,3,调味料
调羹生抽,3,调味料
葡萄糖酸内脂,3,调味料
或不要盐,3,调味料
各老抽,3,调味料
头冰糖,3,调味料
生抽糖盐,3,调味料
新奥尔良调料,3,调味料
人喜好冰糖,3,调味料
芝麻油辣椒油,3,调味料
小熊软糖,3,调味料
据个人口味冰糖,3,调味料
绿咖喱粉,3,调味料
跳跳糖,3,调味料
红豆腐乳,3,调味料
家乐桂花红烧酱,3,调味料
酸奶或淡奶油,3,调味料
咖喱料,3,调味料
油量花生油,3,调味料
蜜或者蜂蜜,3,调味料
腌鱼调料,3,调味料
据个人口味醋,3,调味料
提味白糖,3,调味料
玫瑰豆腐乳,3,调味料
细砂糖或冰糖粉,3,调味料
香油醋,3,调味料
鲜酱油或蒸鱼豉油,3,调味料
油辣椒面,3,调味料
\鸡精,3,调味料
鲜榨姜汁,3,调味料
纸杯酱油,3,调味料
半耗油,3,调味料
人口味添加黑胡椒,3,调味料
紫苏油,3,调味料
蘑菇意面酱,3,调味料
可以糖,3,调味料
超细砂糖,3,调味料
利民甜面酱,3,调味料
八角桂皮草果,3,调味料
酒生抽老抽糖,3,调味料
啤酒或白酒,3,调味料
分之咖喱块,3,调味料
碟油,3,调味料
坚果酱,3,调味料
奥尔良烧烤酱,3,调味料
腌料橄榄油,3,调味料
量蓝莓果酱,3,调味料
鮮奶油,3,调味料
可不放生抽,3,调味料
豆豉油制辣椒,3,调味料
自己掌握盐,3,调味料
寿喜锅汁,3,调味料
盐汽水,3,调味料
盐花生油,3,调味料
一丢丢胡椒粉,3,调味料
冬阴功底料,3,调味料
茶勺柱侯酱,3,调味料
花椒大料干辣椒,3,调味料
盖子白醋,3,调味料
苋菜汁,3,调味料
鸡汤或其他高汤,3,调味料
喜好添加番茄酱,3,调味料
量豆油,3,调味料
植物油或猪油,3,调味料
九江米酒,3,调味料
黑加仑汁,3,调味料
植脂奶油,3,调味料
料糖,3,调味料
一茶勺盐,3,调味料
料勺一半盐,3,调味料
香橙果酱,3,调味料
伯爵茶奶油,3,调味料
红浙醋,3,调味料
妈火锅底料,3,调味料
三鲜鸡精,3,调味料
乐原味鲜头道生抽,3,调味料
卡糖,3,调味料
半红糖,3,调味料
调羹蚝油,3,调味料
碘盐,3,调味料
茶匙酱油,3,调味料
茶匙食油,3,调味料
桂林辣酱,3,调味料
浓醇高汤,3,调味料
锅铲老抽,3,调味料
八角桂皮茴香,3,调味料
小香油,3,调味料
鸡汤或高汤,3,调味料
面汁,3,调味料
宴会酱油,3,调味料
酱/沙拉酱,3,调味料
醋或者陈醋,3,调味料
淀粉或生粉,3,调味料
浓香型白酒,3,调味料
看心情盐,3,调味料
酌情添加辣椒粉,3,调味料
红枣花生酱,3,调味料
优质细砂糖,3,调味料
一甩蚝油,3,调味料
柠檬量柠檬汁,3,调味料
自调酱汁,3,调味料
是冰糖,3,调味料
美味香酱,3,调味料
酱油一品鲜,3,调味料
麻辣小龙虾调料,3,调味料
酱或面酱,3,调味料
量辣椒油,3,调味料
展艺细砂糖,3,调味料
多美鲜黄油,3,调味料
白糖糖,3,调味料
竹盐,3,调味料
或者盐,3,调味料
嘬盐,3,调味料
黑片糖,3,调味料
据自己口味放盐,3,调味料
法式黄芥末酱,3,调味料
度白酒,3,调味料
蜂蜜玫瑰酱,3,调味料
好时焦糖酱,3,调味料
红色素或者红曲粉,3,调味料
原味烤肉酱,3,调味料
瓷勺蒸鱼豉油,3,调味料
生抽醋,3,调味料
喜爱调料,3,调味料
盐鸡精香油,3,调味料
种色素,3,调味料
个人口味而定糖,3,调味料
丢丢白糖,3,调味料
义乌红糖,3,调味料
色和黄色色素,3,调味料
白奶油,3,调味料
高糖干酵母,3,调味料
糯米白醋,3,调味料
高汤或浓汤宝,3,调味料
乌糖沙茶酱,3,调味料
腐乳汁儿,3,调味料
朵糖渍樱花,3,调味料
邯郸豆瓣酱,3,调味料
没黄油,3,调味料
柠汁,3,调味料
要柠檬汁,3,调味料
日式料酒,3,调味料
日式味淋,3,调味料
番茄酱或披萨酱,3,调味料
匀玉米淀粉,3,调味料
一点生抽,3,调味料
玉米汁,3,调味料
黑醋汁,3,调味料
糖油,3,调味料
抖黑胡椒粉,3,调味料
拧黑胡椒,3,调味料
打发好淡奶油,3,调味料
鸡翅料酒,3,调味料
红糖块红糖,3,调味料
糖耗油,3,调味料
土方红糖,3,调味料
老姜汁,3,调味料
盐匙盐,3,调味料
一糖,3,调味料
自己口味添加冰糖,3,调味料
辣椒花椒胡椒粉,3,调味料
升高汤,3,调味料
面白糖,3,调味料
焦糖杏仁,3,调味料
盐鸡粉,3,调味料
十三香香料,3,调味料
风味调料包,3,调味料
热炒鲜露,3,调味料
味即可糖,3,调味料
化酵母牛奶,3,调味料
无花果酱,3,调味料
橘子酱,3,调味料
食油或者黄油,3,调味料
磨坊葱风味油,3,调味料
很多料酒,3,调味料
汤匙蒸鱼豉油,3,调味料
盐花椒粉鸡精,3,调味料
糖&盐,3,调味料
泰式红咖喱,3,调味料
料酒酱油醋,3,调味料
看情况盐,3,调味料
植物油或黄油,3,调味料
牛肉腌料,3,调味料
薄口酱油,3,调味料
粉花椒粉十三香,3,调味料
南瓜酱,3,调味料
生抽蚝油糖,3,调味料
五香粉或者花椒粉,3,调味料
谷维多稻米油,3,调味料
调料面,3,调味料
多放点香油,3,调味料
孜然黑胡椒,3,调味料
丘比芝麻沙拉酱,3,调味料
盖橄榄油或植物油,3,调味料
耐糖酵母粉,3,调味料
调整食盐,3,调味料
个人口味酱油,3,调味料
木糖醇糖浆,3,调味料
蔬菜调味料,3,调味料
即发酵母粉,3,调味料
酵头酵母,3,调味料
白糖盐,3,调味料
麥芽糖,3,调味料
儿猪油,3,调味料
口味调整糖,3,调味料
各鸡精,3,调味料
无盐面条,3,调味料
番茄意面调味酱,3,调味料
寿喜锅风味底料,3,调味料
花椒粉白胡椒粉,3,调味料
花生酥糖,3,调味料
红方腐乳,3,调味料
盐鸡精葱花,3,调味料
自己口味加冰糖,3,调味料
下白胡椒粉,3,调味料
普通色拉油,3,调味料
孜然粉花椒粉,3,调味料
分之郫县豆瓣酱,3,调味料
爱尔兰威士忌,3,调味料
尖五香粉,3,调味料
熟菜油,3,调味料
口味放辣椒粉,3,调味料
一锅高汤,3,调味料
多料酒,3,调味料
纯素沙拉酱,3,调味料
坨冰糖,3,调味料
熟料包,3,调味料
状红糖,3,调味料
个柠檬柠檬汁,3,调味料
料八角,3,调味料
草果桂皮,3,调味料
油酱油胡椒粉,3,调味料
豆瓣酱料酒,3,调味料
耐低糖干酵母,3,调味料
冬阴功汤料包,3,调味料
椰子氨基酱油,3,调味料
橙醋,3,调味料
盖子料酒,3,调味料
膏或蜂蜜,3,调味料
香料橄榄油,3,调味料
禾然机豆瓣酱,3,调味料
饭碗生抽,3,调味料
饭碗冰糖,3,调味料
据个人喜好冰糖,3,调味料
橄榄油或者玉米油,3,调味料
味蚝油,3,调味料
子黄豆酱,3,调味料
糖酒液,3,调味料
椰子朗姆酒,3,调味料
焦糖酱材料,3,调味料
茉莉花糖浆,3,调味料
椰奶油,3,调味料
一点海盐,3,调味料
点砂糖,3,调味料
汤匙柠檬汁,3,调味料
豆蔻草果,3,调味料
橄榄油或黄油,3,调味料
日式照烧汁,3,调味料
调料品,3,调味料
一点点冰糖,3,调味料
茶勺花椒粉,3,调味料
不盐,3,调味料
大糖,3,调味料
一盖子料酒,3,调味料
胡椒粉油,3,调味料
味好美沙拉酱,3,调味料
花生油香油,3,调味料
韩国鱼露,3,调味料
一点白胡椒,3,调味料
海南黄辣椒酱,3,调味料
植物油或者猪油,3,调味料
就行蚝油,3,调味料
酱油葱姜,3,调味料
裱花淡奶油,3,调味料
食油或猪油,3,调味料
口味调节盐,3,调味料
摩卡奶油,3,调味料
料酒等,3,调味料
细细砂糖,3,调味料
一茶勺生抽,3,调味料
母婴热炒油,3,调味料
或千岛酱,3,调味料
据个人口味辣椒油,3,调味料
皮砂糖,3,调味料
自己口味蜂蜜,3,调味料
油料酒,3,调味料
盐蒸鱼豉油,3,调味料
粉或其他淀粉,3,调味料
原味鲜鸡鲜调味料,3,调味料
料酒生抽老抽蚝油,3,调味料
调羹酱油,3,调味料
甜椒酱,3,调味料
橄榄油橄榄油,3,调味料
乌冬面汁,3,调味料
按个人口味生抽,3,调味料
白醋或苹果醋,3,调味料
树莓汁,3,调味料
西红柿汁,3,调味料
喜欢辣椒酱,3,调味料
据口味放盐,3,调味料
八角三奈,3,调味料
花生调和油,3,调味料
美极”鲜味汁,3,调味料
无盐黄油黄油,3,调味料
个人口味花椒粉,3,调味料
葱姜八角,3,调味料
调味勺糖,3,调味料
吃辣就多放辣椒面,3,调味料
糖粉或细砂糖,3,调味料
子蚝油,3,调味料
口味而定冰糖,3,调味料
干淀粉水淀粉,3,调味料
鲣鱼调味料,3,调味料
酱油和醋,3,调味料
酵母面粉,3,调味料
致美斋甜醋,3,调味料
可多加糖,3,调味料
身橄榄油,3,调味料
蜂蜜或者炼乳,3,调味料
看着放糖,3,调味料
老姜黑糖,3,调味料
桂林腐乳,3,调味料
凯撒沙拉汁,3,调味料
黃冰糖,3,调味料
太太乐原味鲜酱油,3,调味料
黑色烘焙色素笔,3,调味料
酌量糖,3,调味料
黄油糖,3,调味料
家人口味盐,3,调味料
柠檬挤出汁柠檬汁,3,调味料
砖红糖,3,调味料
黄豆酱甜面酱,3,调味料
自选调料,3,调味料
蔬菜高汤或水,3,调味料
个人口味生抽,3,调味料
略多食油,3,调味料
油或者生抽,3,调味料
白胡椒粉香油,3,调味料
盎司伏特加,3,调味料
个人咸淡盐,3,调味料
可选辣椒油,3,调味料
糖盐水,3,调味料
加植物油,3,调味料
味之素代糖,3,调味料
无糖棉花糖,3,调味料
口味加辣椒粉,3,调味料
人口味添加辣椒粉,3,调味料
喜好白胡椒,3,调味料
麻辣鲜露,3,调味料
低卡蛋黄酱,3,调味料
酱油盐蚝油,3,调味料
燕子耐高糖酵母,3,调味料
五香炸鸡粉,3,调味料
程度糖,3,调味料
红葱酱,3,调味料
据个人口味白糖,3,调味料
熟豆油,3,调味料
咸淡添加盐,3,调味料
酱汁比例,3,调味料
多油油,3,调味料
冰糖白砂糖,3,调味料
无糖浓稠酸奶,3,调味料
加或盐,3,调味料
&生抽,3,调味料
酱油番茄酱,3,调味料
据个人口味白砂糖,3,调味料
即溶酵母,3,调味料
即可花椒,3,调味料
豆瓣酱或甜面酱,3,调味料
食油油,3,调味料
无糖糖浆,3,调味料
盐泽樱花,3,调味料
麻辣牛油火锅底料,3,调味料
火锅麻辣底料,3,调味料
蜂蜜芥末沙拉酱,3,调味料
菌汤火锅汤料,3,调味料
调羹橄榄油,3,调味料
植物油或椰子油,3,调味料
稀黄酱,3,调味料
一盖料酒,3,调味料
鸡腿调料,3,调味料
味橄榄油,3,调味料
黄桃酱,3,调味料
口味放辣椒面,3,调味料
菜汁,3,调味料
干酵母酵母,3,调味料
花椒和干辣椒,3,调味料
辣味酱油,3,调味料
少量砂糖,3,调味料
植物油橄榄油,3,调味料
装饰彩糖,3,调味料
川香麻辣汁,3,调味料
惠尔通食色素,3,调味料
调料黄酒,3,调味料
调料白胡椒粉,3,调味料
粉味精,3,调味料
饭碗花雕酒,3,调味料
调羹甜面酱,3,调味料
调味蜂蜜,3,调味料
固体猪油,3,调味料
酌情添加醋,3,调味料
动物性黄油,3,调味料
鸡翅调味料,3,调味料
无添加番茄酱,3,调味料
碎辣椒面,3,调味料
自己口感放盐,3,调味料
蒜醋,3,调味料
瓷勺辣椒面,3,调味料
各香油,3,调味料
可可油,3,调味料
牌香辣酱,3,调味料
甩蚝油,3,调味料
豆鼓辣椒酱,3,调味料
面粉和玉米淀粉,3,调味料
葱姜蒜八角辣椒,3,调味料
调味辣椒面,3,调味料
增加黄油,3,调味料
生抽葱,3,调味料
或奶油,3,调味料
冬阴功汤底,3,调味料
多量料酒,3,调味料
太古糖粉,3,调味料
盖白胡椒,3,调味料
油或辣椒油,3,调味料
沙拉甜酱,3,调味料
紫蒜辣酱,3,调味料
韩国虾酱,3,调味料
低度白酒,3,调味料
酌量孜然粉,3,调味料
口味调整白糖,3,调味料
盐料酒,3,调味料
高汤或者清水,3,调味料
白醋几滴,3,调味料
甜辣椒酱,3,调味料
量赤藓糖醇,3,调味料
虾调味料,3,调味料
黄金咖喱,3,调味料
添加调味料,3,调味料
优质白砂糖,3,调味料
盖花雕酒,3,调味料
调羹蒸鱼豉油,3,调味料
可不放八角,3,调味料
堆盐,3,调味料
物性鮮奶油,3,调味料
醋酱油,3,调味料
料酒白葡萄酒,3,调味料
自己喜欢黑胡椒,3,调味料
酱油醋盐糖,3,调味料
八角花椒香叶,3,调味料
或生姜粉,3,调味料
子豆瓣酱,3,调味料
玫瑰花瓣酱,3,调味料
酌情添加盐,3,调味料
奶油白酱,3,调味料
少量鸡粉,3,调味料
酌情料酒,3,调味料
料白酒,3,调味料
大小青芥末,3,调味料
捏泡打粉,3,调味料
咖喱粉咖喱粉,3,调味料
提味白砂糖,3,调味料
蜂蜜或者白糖,3,调味料
阿拉伯糖,3,调味料
汁青柠汁,3,调味料
方块红糖,3,调味料
风味锅物底料,3,调味料
花椒或胡椒,3,调味料
老酱,3,调味料
糖了,3,调味料
夹馅淡奶油,3,调味料
醋红油,3,调味料
高活性酵母粉,3,调味料
少量辣椒油,3,调味料
椒色拉油,3,调味料
盐一点点,3,调味料
据个人口味细砂糖,3,调味料
八角桂皮干红辣椒,3,调味料
转换糖浆,3,调味料
花椒辣油,3,调味料
白糖或者红糖,3,调味料
八角香叶草果,3,调味料
大料八角,3,调味料
放一点点盐,3,调味料
桂皮八角香叶花椒,3,调味料
玫瑰米醋,3,调味料
棕色食色素,3,调味料
多少番茄酱,3,调味料
少放点盐,3,调味料
糖霜柠檬汁,3,调味料
金钻奶油,3,调味料
或不放味精,3,调味料
口味添加白胡椒粉,3,调味料
粉酱料,3,调味料
白砂糖或糖粉,3,调味料
骨高汤,3,调味料
自己喜好酱油,3,调味料
糖霜粉,3,调味料
香八角,3,调味料
伍斯特辣酱,3,调味料
美乃滋蛋黄酱,3,调味料
茶勺十三香,3,调味料
量而定料酒,3,调味料
是料汁,3,调味料
蒜蓉黄豆酱,3,调味料
好花椒,3,调味料
奥尔良鸡翅调料,3,调味料
红番茄酱,3,调味料
芝麻味沙拉汁,3,调味料
小龙虾调味料,3,调味料
家乐热炒鲜露,3,调味料
李锦记黑椒酱,3,调味料
盐生抽老抽,3,调味料
少量调味料,3,调味料
六婆辣椒粉,3,调味料
可不放耗油,3,调味料
鱼露盐,3,调味料
波本威士忌,3,调味料
块老冰糖,3,调味料
钵钵鸡底料,3,调味料
调味芝麻酱,3,调味料
桂皮大料,3,调味料
量海盐,3,调味料
无糖自制酸奶,3,调味料
油十三香盐,3,调味料
食纯碱,3,调味料
黑胡椒黑胡椒粉,3,调味料
坨耗油,3,调味料
天然黄油,3,调味料
昭通酱,3,调味料
特鲜酱油,3,调味料
八角花椒桂皮香叶,3,调味料
粉或者椒盐,3,调味料
瓷勺豆瓣酱,3,调味料
脱模油,3,调味料
生抽耗油,3,调味料
吊鲜糖,3,调味料
小粒黄冰糖,3,调味料
生粉勾芡,3,调味料
油或核桃油,3,调味料
优质橄榄油,3,调味料
金砂糖,3,调味料
糖类,3,调味料
生抽油,3,调味料
料玉米淀粉,3,调味料
味牛轧糖,3,调味料
鸡骨高汤,3,调味料
李锦记味极鲜,3,调味料
太太乐鲜贝露,3,调味料
几朵盐渍樱花,3,调味料
柠檬榨汁,3,调味料
一点即可盐,3,调味料
安佳盐黄油,3,调味料
金龙鱼芝麻油,3,调味料
味好美麻辣锅底料,3,调味料
量碱水面,3,调味料
油料酒黑胡椒,3,调味料
车厘子果酱,3,调味料
黑胡椒玫瑰盐,3,调味料
多酱油,3,调味料
榛果巧克力酱,3,调味料
新西兰鳕鱼胶,3,调味料
南乳吊烧酱,3,调味料
自己喜欢盐,3,调味料
草莓奶油,3,调味料
或老干妈辣酱,3,调味料
柠檬榨汁柠檬汁,3,调味料
茶匙白糖,3,调味料
辣椒或辣椒粉,3,调味料
老干妈豆豉辣椒酱,3,调味料
素鲍鱼汁,3,调味料
调味香油,3,调味料
适量酱油,3,调味料
量桂林辣椒酱,3,调味料
一搓盐,3,调味料
着色老抽,3,调味料
生抽料酒蚝油,3,调味料
葱油酱,3,调味料
鲜虾酱,3,调味料
纯黑芝麻酱,3,调味料
古法黑糖,3,调味料
油糖,3,调味料
茶勺甜面酱,3,调味料
油醋酱油,3,调味料
底盐,3,调味料
部队锅物底料,3,调味料
煮糖水,3,调味料
法国黄油,3,调味料
辣椒油或老干妈,3,调味料
生姜精油,3,调味料
都是咸盐,3,调味料
干红辣椒粉,3,调味料
甜味白砂糖,3,调味料
黑糖姜母,3,调味料
六月香甜辣酱,3,调味料
盐鸡粉糖,3,调味料
糖油盐,3,调味料
可选黑胡椒,3,调味料
量喜马拉雅粉盐,3,调味料
碎黄冰糖,3,调味料
常炒菜量食油,3,调味料
糖老抽料酒,3,调味料
加八角,3,调味料
加白胡椒,3,调味料
好美咸蛋黄调味料,3,调味料
脱脂花生粉,3,调味料
哈白糖,3,调味料
桂皮丁香,3,调味料
黄色食色素,3,调味料
汤勺米醋,3,调味料
汤勺麻油,3,调味料
肉丸调料,3,调味料
食糖珠,3,调味料
酱汁儿,3,调味料
好吃油,3,调味料
沙糖桔,3,调味料
锅底油,3,调味料
等量糖,3,调味料
苏梅酱,3,调味料
自制剁椒酱,3,调味料
分之椰子油,3,调味料
油黑胡椒盐,3,调味料
定油,3,调味料
郫县豆瓣辣酱,3,调味料
盐君,3,调味料
高脂奶油,3,调味料
量蕃茄酱,3,调味料
少量食色素,3,调味料
银色糖珠,3,调味料
烤鸡粉,3,调味料
鸡精五香粉,3,调味料
料酒豆瓣酱,3,调味料
白糖油,3,调味料
四色食色素,3,调味料
蕃茄披萨酱,3,调味料
咯孜然粉,3,调味料
茶勺苹果醋,3,调味料
无味玉米油,3,调味料
芝麻油油,3,调味料
多一点酵母,3,调味料
鲜生抽,3,调味料
酸汤调料,3,调味料
粗磨黑胡椒,3,调味料
辣椒油红油,3,调味料
汤腐乳,3,调味料
甜味冰糖,3,调味料
醋白糖,3,调味料
苹果醋或柠檬汁,3,调味料
调酱汁,3,调味料
茶勺鲜酱油,3,调味料
香油辣椒油,3,调味料
酵母中种,3,调味料
披萨酱或番茄酱,3,调味料
放郫县豆瓣酱,3,调味料
稍多盐,3,调味料
汁或番茄酱,3,调味料
色拉油或玉米油,3,调味料
无盐海苔,3,调味料
口味现磨黑胡椒,3,调味料
来十三香,3,调味料
胡椒粉或花椒粉,3,调味料
蛋黄糊细砂糖,3,调味料
任意调料,3,调味料
玉米橄榄油,3,调味料
或者酵母,3,调味料
美麻辣锅风味底料,3,调味料
不知道多少克盐,3,调味料
酱料⬇,3,调味料
自己口味添加白糖,3,调味料
磨坊紫苏风味料,3,调味料
小银鱼汁,3,调味料
即可柠檬汁,3,调味料
盐味精麻油,3,调味料
即溶干酵母,3,调味料
六月鲜老抽,3,调味料
柠檬汁或者醋,3,调味料
原味黄油,3,调味料
卤肉酱油,3,调味料
酱豆腐汁,3,调味料
酱油老抽糖,3,调味料
王致和红腐乳,3,调味料
酱油盐等,3,调味料
太太乐红烧酱油,3,调味料
玫瑰腐乳汁,3,调味料
烘培芝麻酱,3,调味料
香芋色香油,3,调味料
油糖生抽,3,调味料
陈醋白糖,3,调味料
茴香子,3,调味料
茴香冰糖,3,调味料
次加入盐,3,调味料
行陈醋,3,调味料
盐和五香粉,3,调味料
辣椒酱或辣椒油,3,调味料
装沙拉酱,3,调味料
黑醋栗粉,3,调味料
泡椒汁,3,调味料
可不放番茄酱,3,调味料
鱼汤料,3,调味料
备淀粉,3,调味料
冰糖浆,3,调味料
生抽老抽耗油料酒,3,调味料
低糖棉花糖,3,调味料
三分之咖喱块,3,调味料
可放可不放盐,3,调味料
虾调料包,3,调味料
梅汁,3,调味料
几滴老抽,3,调味料
盐巴味精,3,调味料
块黄冰糖,3,调味料
白胡椒粉适量,3,调味料
耗油酱油盐,3,调味料
总统牌黄油,3,调味料
柳橙汁,3,调味料
或干酵母,3,调味料
油辣椒粉,3,调味料
盐胡椒粉鸡粉,3,调味料
胡油,3,调味料
烘焙盐,3,调味料
芝麻沙拉汁,3,调味料
味鲜生抽酱油,3,调味料
一层即可油,3,调味料
料酒一勺,3,调味料
低盐黄油,3,调味料
即可黄酒,3,调味料
柳橙果酱,3,调味料
代替味淋,3,调味料
牛奶酱,3,调味料
粗细辣椒粉,3,调味料
杏果酱,3,调味料
茶勺干酵母,3,调味料
了花椒,3,调味料
多一些植物油,3,调味料
油或无味道油,3,调味料
多一点花生油,3,调味料
发酵淡味黄油,3,调味料
茶勺细砂糖,3,调味料
可不放小苏打,3,调味料
裨县豆瓣酱,3,调味料
泰国甜辣酱,3,调味料
就够了盐,3,调味料
磨坊百里香叶,3,调味料
桂皮姜片,3,调味料
看个人口味啦盐,3,调味料
焦糖珍珠,3,调味料
无水黄油,3,调味料
煲仔饭酱汁,3,调味料
刷表面橄榄油,3,调味料
盐和现磨黑胡椒粉,3,调味料
糖栗子泥,3,调味料
水豆豉,3,调味料
酥糖部分,3,调味料
可选柠檬汁,3,调味料
喜欢孜然,3,调味料
桂花蜂蜜,3,调味料
勺子辣椒面,3,调味料
奥尔良调味料,3,调味料
勺白糖或冰糖,3,调味料
一些淀粉,3,调味料
松露,3,调味料
浓香菜籽油,3,调味料
量放糖,3,调味料
角桂皮香叶干辣椒,3,调味料
川花椒,3,调味料
一丢丢香草精,3,调味料
料酒蜂蜜,3,调味料
分之百梦多咖喱,3,调味料
面豉酱,3,调味料
培煎芝麻沙拉酱,3,调味料
黑椒牛柳酱,3,调味料
自己沙拉酱,3,调味料
適量橄欖油,3,调味料
椰子酱油,3,调味料
喜马拉雅矿物盐,3,调味料
酱或黄芥末酱,3,调味料
口味添加五香粉,3,调味料
无淀粉香肠,3,调味料
豆瓣酱甜面酱,3,调味料
葱姜蒜料酒,3,调味料
卡真调料,3,调味料
无味道植物油,3,调味料
香脂醋,3,调味料
菇酱,3,调味料
量黑胡椒酱,3,调味料
黄油无盐黄油,3,调味料
六月香黄豆酱,3,调味料
子耗油,3,调味料
化黄油或植物油,3,调味料
韩式黄豆酱,3,调味料
花椒大料等,3,调味料
香菇肉酱,3,调味料
大小白糖,3,调味料
浓缩牛肉高汤,3,调味料
轻可不放盐,3,调味料
放辣椒油,3,调味料
个人喜好老抽,3,调味料
葱姜八角桂皮香叶,3,调味料
蚝油和生抽,3,调味料
老干妈水豆豉,3,调味料
豪吉川式黄焖酱,3,调味料
茶勺蒸鱼酱油,3,调味料
明油,3,调味料
老抽盐,3,调味料
茶匙鸡精,3,调味料
低脂油醋汁,3,调味料
塔塔粉或白醋,3,调味料
迷迭香叶子,3,调味料
蚝油生抽料酒,3,调味料
胡椒粉生抽,3,调味料
丘比香甜沙拉酱,3,调味料
云南古法红糖,3,调味料
你喜欢油,3,调味料
高效酵母,3,调味料
羹匙黄豆酱,3,调味料
汤酸菜鱼调料,3,调味料
口味调整红糖,3,调味料
青芥末酱,3,调味料
就好淀粉,3,调味料
柚子沙拉汁,3,调味料
添加蚝油,3,调味料
马斯卡彭奶油,3,调味料
别植物油,3,调味料
原酿酱油,3,调味料
糖花椒粉,3,调味料
效无铝泡打粉,3,调味料
黑白发酵黄油,3,调味料
量红烧酱油,3,调味料
分之一锅食油,3,调味料
茶匙玉米淀粉,3,调味料
香醋醋,3,调味料
口味放生抽,3,调味料
后调料,3,调味料
蛋黄白砂糖,3,调味料
伍斯特酱,3,调味料
芥黄酱,3,调味料
面料酒,3,调味料
就行胡椒粉,3,调味料
椒盐馅,3,调味料
芋泥奶油,3,调味料
个人口味添加冰糖,3,调味料
口感白砂糖,3,调味料
可不水淀粉,3,调味料
荔枝果酱,3,调味料
蚝油汁,3,调味料
月桂粉,3,调味料
汤匙鸡精,3,调味料
蛋清白胡椒粉,3,调味料
魔廚高汤料,3,调味料
椒郫县豆瓣酱,3,调味料
多些花生油,3,调味料
薄芡淀粉,3,调味料
点辣椒面,3,调味料
稍多点盐,3,调味料
面酱汁,3,调味料
食油或香油,3,调味料
黑胡椒料酒,3,调味料
可放可不放糖,3,调味料
料酒芝麻油,3,调味料
子蜂蜜,3,调味料
均匀就好盐,3,调味料
寿喜锅调料,3,调味料
或海鲜酱油,3,调味料
人口味胡椒,3,调味料
柠檬汁或米醋,3,调味料
盐糖料酒,3,调味料
蒜姜花椒干辣椒,3,调味料
低钠鸡高汤,3,调味料
果糖浆,3,调味料
美寿喜锅风味调料,3,调味料
水冰糖,3,调味料
黄糖或冰糖,3,调味料
干辣椒孜然,3,调味料
盐和生抽,3,调味料
洛基山棉花糖,3,调味料
无麸酱油,3,调味料
量葵花籽油,3,调味料
盐巴鸡精,3,调味料
味好美番茄酱,3,调味料
韩国糖稀,3,调味料
事达特级金标生抽,3,调味料
腌酱,3,调味料
半冰糖,3,调味料
一丢丢生抽,3,调味料
豆豉辣椒,3,调味料
依个人口味糖,3,调味料
汁或酱油,3,调味料
糖奶油,3,调味料
浅酱油,3,调味料
醋寿司醋,3,调味料
平时炒菜量盐,3,调味料
咸一点盐,3,调味料
日式清酒,3,调味料
肉料酒,3,调味料
总统发酵黄油,3,调味料
粉胡椒粉,3,调味料
或叉烧酱,3,调味料
多加点盐,3,调味料
淀粉豆瓣酱,3,调味料
意大利沙拉酱,3,调味料
乳木果油,3,调味料
蜂蜜少量,3,调味料
牛肉辣椒酱,3,调味料
橄榄油或芝麻油,3,调味料
盐酥鸡,3,调味料
蛋大小黄冰糖,3,调味料
橄榄油或者黄油,3,调味料
辣椒等调料,3,调味料
你喜欢黑胡椒,3,调味料
海天米醋,3,调味料
奶糖,3,调味料
也行黄油,3,调味料
机豆瓣酱,3,调味料
机香料酒,3,调味料
喜好添加白糖,3,调味料
太妃酱,3,调味料
料白胡椒,3,调味料
豆掰酱,3,调味料
或者老干妈,3,调味料
炖鸡料包,3,调味料
少量生抽老抽,3,调味料
口味添加辣椒油,3,调味料
白胡椒生抽,3,调味料
米醋或香醋,3,调味料
花椒米醋,3,调味料
酥皮黄油,3,调味料
油盐鸡精料酒,3,调味料
盐蚝油,3,调味料
葱姜大料花椒,3,调味料
儿童机酱油,3,调味料
泰国红咖喱,3,调味料
无盐黃油,3,调味料
丁黄油,3,调味料
调羹蜂蜜,3,调味料
鸡精少量,3,调味料
鲁花花生油,3,调味料
蛋白砂糖,3,调味料
粗黑胡椒粒,3,调味料
一丢丢海盐,3,调味料
吧橄榄油,3,调味料
看着办盐,3,调味料
咸黄油,3,调味料
蒲烧汁,3,调味料
可放可不放老抽,3,调味料
老干妈豆豉油辣椒,3,调味料
个人口味酌量盐,3,调味料
可放可不放味精,3,调味料
素沙茶酱,3,调味料
天然盐,3,调味料
料橄榄油,3,调味料
汤匙醋,3,调味料
腌料酱,3,调味料
姜或者姜粉,3,调味料
东北黄豆酱,3,调味料
任意糖,3,调味料
羹陈醋,3,调味料
老抽生抽白糖,3,调味料
椰蓉酱,3,调味料
同上料酒,3,调味料
基本调味料,3,调味料
撒一点盐,3,调味料
准冰糖,3,调味料
孜然粉或孜然粒,3,调味料
无盐虾皮粉,3,调味料
三五火锅底料,3,调味料
量青柠汁,3,调味料
老油,3,调味料
盐和现磨黑胡椒,3,调味料
也行料酒,3,调味料
醋糖盐,3,调味料
粉状调料,3,调味料
可以加糖,3,调味料
绿花椒,3,调味料
湯匙五香粉,3,调味料
胡椒或黑胡椒,3,调味料
番茄料包,3,调味料
调料匙白糖,3,调味料
糖或冰糖或蜂蜜,3,调味料
多加点白糖,3,调味料
可不放冰糖,3,调味料
冰糖红糖,3,调味料
油味极鲜,3,调味料
酱或淡奶油,3,调味料
老抽几滴,3,调味料
辛香调料,3,调味料
液态油,3,调味料
花椒八角盐,3,调味料
机初榨橄榄油,3,调味料
吉利丁粉或片,3,调味料
紫菜汤料,3,调味料
点儿淀粉,3,调味料
酸菜鱼佐料包,3,调味料
白糖一小勺,3,调味料
抓冰糖,3,调味料
小勺郫县豆瓣酱,3,调味料
其他无味油,3,调味料
喜欢棉花糖,3,调味料
李子酱,3,调味料
勺厨邦酱油,3,调味料
刷表面黄油,3,调味料
香香油,3,调味料
黑樱桃果酱,3,调味料
老抽一勺,3,调味料
可选糖粉,3,调味料
六月香辣椒酱,3,调味料
丢丢酱油,3,调味料
無鹽牛油,3,调味料
个人口味味极鲜,3,调味料
籽油或者花生油,3,调味料
普通白醋,3,调味料
喜欢辣椒面,3,调味料
多放点细砂糖,3,调味料
爱好辣椒粉,3,调味料
蟹醋,3,调味料
多放醋,3,调味料
营口大酱,3,调味料
葵花籽油或橄榄油,3,调味料
辣椒面等,3,调味料
奶盖-芝士酱,3,调味料
光特级初榨橄榄油,3,调味料
意大利面肉酱,3,调味料
红葱头酱,3,调味料
纯米醋,3,调味料
喜欢淡奶油,3,调味料
黑胡椒粉五香粉,3,调味料
一调羹老抽,3,调味料
白砂糖或者冰糖,3,调味料
白糖/砂糖,3,调味料
细幼砂糖,3,调味料
盐鸡精耗油,3,调味料
贡糖,3,调味料
酱或者千岛酱,3,调味料
酱油葱花,3,调味料
一点食色素,3,调味料
酱草莓酱,3,调味料
腌虾调料,3,调味料
椒调味料,3,调味料
可不沙拉酱,3,调味料
克猪油,3,调味料
甘油,3,调味料
腊肠酱,3,调味料
茶勺黑胡椒粉,3,调味料
头抽酱油,3,调味料
黑糯米醋,3,调味料
八角桂皮香叶等,3,调味料
点味极鲜酱油,3,调味料
自己口味加白糖,3,调味料
沙司酱,3,调味料
克砂糖,3,调味料
锅味底料,3,调味料
模具黄油,3,调味料
蜂蜜酸奶,3,调味料
月鲜豆瓣酱,3,调味料
总统奶油,3,调味料
红糖或蜂蜜,3,调味料
香草橄榄油,3,调味料
那么多糖,3,调味料
油盐五香粉,3,调味料
黑豆瓣酱,3,调味料
油生抽耗油,3,调味料
看个人口味糖,3,调味料
豆酱或郫县豆瓣酱,3,调味料
那么多油,3,调味料
那么多料酒,3,调味料
或蔬菜汁,3,调味料
六必居甜面酱,3,调味料
多植物油,3,调味料
酱老抽,3,调味料
八角香叶白芷,3,调味料
或者蒜粉,3,调味料
动物油,3,调味料
万能酱汁,3,调味料
可以味精,3,调味料
白芷小茴香,3,调味料
自己喜好油,3,调味料
鸡汁或鸡精,3,调味料
汤匙橄榄油,3,调味料
香叶粉,3,调味料
花椒或者花椒粉,3,调味料
法式鲜奶油,3,调味料
据口味花椒,3,调味料
捏小茴香,3,调味料
半桂皮,3,调味料
粟米油,3,调味料
焦糖奶盖,3,调味料
点黄酒,3,调味料
茶勺水淀粉,3,调味料
小勺胡椒粉,3,调味料
盐及黑胡椒,3,调味料
米醋或柠檬汁,3,调味料
面酱或豆瓣酱,3,调味料
看个人口味细砂糖,3,调味料
糖开水,3,调味料
酱汁配方,3,调味料
苹果白兰地,3,调味料
玉米油或菜籽油,3,调味料
高鲜味精,3,调味料
陈年黄酒,3,调味料
罗勒风味意面酱,3,调味料
酌情添加蜂蜜,3,调味料
榄油或其他植物油,3,调味料
可可无老抽,3,调味料
麻辣烫汤底,3,调味料
添加味精,3,调味料
涂模具油,3,调味料
葱料酒,3,调味料
桂皮香叶冰糖,3,调味料
虾仁调料,3,调味料
醋或腊八醋,3,调味料
或者鸡高汤,3,调味料
勺粗辣椒粉,3,调味料
味好美咖喱粉,3,调味料
红椒酱,3,调味料
醯官醋,3,调味料
鲜贝露酱油,3,调味料
长桂皮,3,调味料
美美椒调味料,3,调味料
盐味黄油,3,调味料
韩式虾酱,3,调味料
来定白糖,3,调味料
即可桂皮,3,调味料
粒冰糖,3,调味料
蛋黄淡奶油,3,调味料
蒜香调料,3,调味料
一丢丢食色素,3,调味料
料勺白胡椒粉,3,调味料
量克花生油,3,调味料
花椒料酒,3,调味料
广西红糖,3,调味料
糖主面团,3,调味料
金燕子酵母,3,调味料
粉.花椒粉,3,调味料
喜马拉雅粉岩盐,3,调味料
焦糖材料,3,调味料
据喜好冰糖,3,调味料
糖浆或麦芽糖,3,调味料
盐味精白糖,3,调味料
量就行油,3,调味料
盐勺白胡椒粉,3,调味料
香花椒粉,3,调味料
原味生抽,3,调味料
捏一丢丢盐,3,调味料
乳脂淡奶油,3,调味料
盘淀粉,3,调味料
烧椒酱,3,调味料
多黄酒,3,调味料
手磨黑胡椒粉,3,调味料
油鸡精胡椒粉,3,调味料
馅料调料,3,调味料
或者糖,3,调味料
丢丢糖,3,调味料
麦卢卡蜂蜜,3,调味料
粘米粉或玉米淀粉,3,调味料
香草沙拉汁,3,调味料
蘑菇汁,3,调味料
提鲜蚝油,3,调味料
李子果酱,3,调味料
提色老抽,3,调味料
蒜八角干辣椒,3,调味料
花椒粉盐鸡精,3,调味料
分之黑胡椒粉,3,调味料
黑胡椒牛肉,3,调味料
全脂奶油,3,调味料
拌饭辣酱,3,调味料
或红糖粉,3,调味料
酸汤肥牛料包,3,调味料
椒桂皮,3,调味料
酱油生抽老抽,3,调味料
去腥白醋,3,调味料
李锦记烤肉酱,3,调味料
糖鸡粉,3,调味料
海鲜酱汁,3,调味料
放多少盐,3,调味料
去腥白胡椒粉,3,调味料
水塔陈醋,3,调味料
各种糖果,3,调味料
特制酱油,3,调味料
海天白米醋,3,调味料
少五香粉,3,调味料
韩式烧烤酱,3,调味料
老抽王,3,调味料
口蘑酱油,3,调味料
自定五香粉,3,调味料
干性酵母,3,调味料
三色胡椒,3,调味料
盐渍羊肠衣,3,调味料
锅底量油,3,调味料
姜丝料酒,3,调味料
瓷勺白砂糖,3,调味料
无糖厚酸奶,3,调味料
花生油酱油,3,调味料
勺韩式大酱,3,调味料
幼细砂糖,3,调味料
羹黄酒,3,调味料
不鸡精,3,调味料
或者白胡椒粉,3,调味料
酱油冰糖,3,调味料
盐糖生抽,3,调味料
素蠔油,3,调味料
精制白砂糖,3,调味料
就是一小撮盐,3,调味料
量勺五香粉,3,调味料
撒拉酱,3,调味料
说明酵母,3,调味料
没加盐,3,调味料
自己口味克盐,3,调味料
腌制牛肉淀粉,3,调味料
酱或者郫县豆瓣酱,3,调味料
或者其他喜欢酱,3,调味料
糖配料,3,调味料
黑色色素笔,3,调味料
各黄酒,3,调味料
焗饭酱,3,调味料
瓷汤匙生抽,3,调味料
蓝食色素,3,调味料
定花椒粉,3,调味料
冰糖或黄冰糖,3,调味料
带盐黄油,3,调味料
三色胡椒粉,3,调味料
泡菜辣椒面,3,调味料
蜜桃酱,3,调味料
添加调料,3,调味料
秘制酱油,3,调味料
胡椒粉或黑胡椒粉,3,调味料
瓷汤勺老抽,3,调味料
低卡沙拉酱,3,调味料
盐鱼露,3,调味料
辣味番茄酱,3,调味料
糖蔓越莓干,3,调味料
牛肉酱老干妈,3,调味料
子白糖,3,调味料
分之味极鲜,3,调味料
黄椒酱,3,调味料
个浓汤宝,3,调味料
我没加盐,3,调味料
或糖桂花,3,调味料
盐胡椒粉五香粉,3,调味料
柠檬取汁,3,调味料
个人口味鸡精,3,调味料
个人口味添加酱油,3,调味料
柠檬酱油,3,调味料
多一些醋,3,调味料
歌文片状黄油,3,调味料
放吧油,3,调味料
化黄油,3,调味料
肉白胡椒粉,3,调味料
米酒或清酒,3,调味料
微辣咖喱,3,调味料
花椒大料粉,3,调味料
料白胡椒粉,3,调味料
糖蒸鱼豉油,3,调味料
干锅酱,3,调味料
盐水淀粉,3,调味料
红酸汤底料,3,调味料
羹糖,3,调味料
海盐或盐,3,调味料
可不放白醋,3,调味料
味汁,3,调味料
牌耐高糖酵母,3,调味料
一油,3,调味料
北京二锅头,3,调味料
紫米酒酿,3,调味料
黄瓜汁,3,调味料
茶勺芝麻酱,3,调味料
盐味精生抽,3,调味料
烏醋,3,调味料
丢丢黑胡椒,3,调味料
方块冰糖,3,调味料
八角桂皮干辣椒,3,调味料
海南黄灯笼椒酱,3,调味料
自己喜好白胡椒粉,3,调味料
人口味添加番茄酱,3,调味料
盐酱油料酒,3,调味料
料酒生抽糖,3,调味料
辣椒粉芝麻,3,调味料
翻糖装饰,3,调味料
倍甜赤藓糖醇,3,调味料
胡椒或花椒,3,调味料
分之柠檬柠檬汁,3,调味料
叶料酒,3,调味料
总统牌淡奶油,3,调味料
耗油鸡精,3,调味料
个人口味食盐,3,调味料
咖椰酱,3,调味料
焦糖香蕉,3,调味料
李锦记辣椒酱,3,调味料
汤匙花生酱,3,调味料
糖浆制作,3,调味料
蛋黄酱或沙拉酱,3,调味料
海盐黄油,3,调味料
玉米油代替黄油,3,调味料
芝麻白糖,3,调味料
蜂糖,3,调味料
花椒和青花椒,3,调味料
耗油白糖,3,调味料
盐海盐,3,调味料
八角盐,3,调味料
调味胡椒粉,3,调味料
多蒸鱼豉油,3,调味料
豆瓣酱红油,3,调味料
止酱油,3,调味料
比例白糖,3,调味料
盐啤酒,3,调味料
或酱,3,调味料
自己辣椒面,3,调味料
无糖吐司,3,调味料
就行味极鲜,3,调味料
清香型白酒,3,调味料
姜粉花椒粉,3,调味料
一点酵母,3,调味料
略多油,3,调味料
自己口味加细砂糖,3,调味料
豆油或花生油,3,调味料
普罗旺斯调料,3,调味料
慕斯奶油,3,调味料
&冰糖,3,调味料
味儿盐,3,调味料
调料十三香,3,调味料
多一些食油,3,调味料
盐糖黑胡椒,3,调味料
黄酒或米酒,3,调味料
南乳酱,3,调味料
头里糖水,3,调味料
即可白醋,3,调味料
一点淀粉,3,调味料
料酒白酒,3,调味料
即可黑胡椒,3,调味料
步骤日式酱油,3,调味料
老干妈香辣豆豉酱,3,调味料
浓汤宝鸡汤,3,调味料
糖可放可不放,3,调味料
斑斓精油,3,调味料
你喜欢五香粉,3,调味料
多些生抽,3,调味料
窖醋,3,调味料
凉拌酱汁,3,调味料
发酵奶油,3,调味料
混合橄榄油,3,调味料
熬汁,3,调味料
麻油或其他植物油,3,调味料
一半糖,3,调味料
糖醋辣酱,3,调味料
花生油油,3,调味料
量菠菜汁,3,调味料
水或浓汤宝,3,调味料
去腥味料酒,3,调味料
一半蜂蜜,3,调味料
鸡翅酱油,3,调味料
盐黄酒,3,调味料
上海黄酒,3,调味料
或海鲜酱,3,调味料
熟食油,3,调味料
蒜香黄油,3,调味料
甜度调整糖,3,调味料
陈醋醋,3,调味料
韩国辣椒面,3,调味料
宫保汁,3,调味料
蚝油香油鸡精,3,调味料
菌菇味浓汤宝,3,调味料
添加蕃茄酱,3,调味料
好侍咖王咖喱,3,调味料
姜酱油,3,调味料
蒸鱼豉油酱油,3,调味料
多放橄榄油,3,调味料
大小老冰糖,3,调味料
子白酒,3,调味料
鸡汁酱油,3,调味料
醋柠檬汁,3,调味料
腌料汁,3,调味料
锅风味料,3,调味料
口味添加黑胡椒粉,3,调味料
花椒大料桂皮,3,调味料
油替代黄油,3,调味料
本酿酱油,3,调味料
盐干辣椒,3,调味料
瑶柱酱,3,调味料
色素膏,3,调味料
分之黄豆酱,3,调味料
燕子牌酵母,3,调味料
日本咖喱块,3,调味料
果醋或米醋,3,调味料
生粉料酒,3,调味料
或者奶油,3,调味料
樱桃酱,3,调味料
冬阴功风味酱,3,调味料
好人家火锅底料,3,调味料
橄榄油盐,3,调味料
黑胡椒粉白胡椒粉,3,调味料
坚果油,3,调味料
原味番茄酱,3,调味料
希腊酸奶酱,3,调味料
柠檬挤汁柠檬汁,3,调味料
或泡打粉,3,调味料
捏碱面,3,调味料
瓷勺玉米淀粉,3,调味料
平勺郫县豆瓣酱,3,调味料
鸡粉调味料,3,调味料
粉红胡椒,3,调味料
喜好放黑胡椒,3,调味料
蛋白里糖,3,调味料
乾酵母,3,调味料
或其他酱,3,调味料
没辣椒粉,3,调味料
黑醋膏,3,调味料
芝麻辣椒粉,3,调味料
辣味黄豆酱,3,调味料
感觉盐,3,调味料
牛排汁,3,调味料
着色酱油,3,调味料
巧克力甘纳许奶油,3,调味料
更香油,3,调味料
盖二锅头,3,调味料
机宝宝酱油,3,调味料
干贝露,3,调味料
老抽或红烧酱油,3,调味料
盐糖油,3,调味料
子酵母,3,调味料
人口味添加孜然粉,3,调味料
糖或蜂蜜或麦芽糖,3,调味料
甜口味沙拉酱,3,调味料
鱼胶花胶,3,调味料
盐一点,3,调味料
各白胡椒粉,3,调味料
砂糖或绵白糖,3,调味料
甜可多放冰糖,3,调味料
豆瓣酱酱油,3,调味料
蒜辣椒酱,3,调味料
生抽半勺,3,调味料
鲍鱼汁或蚝油,3,调味料
盐五香粉鸡精,3,调味料
自己喜欢酱,3,调味料
自己喜好红糖,3,调味料
农家菜籽油,3,调味料
放糖粉,3,调味料
料酒醋糖盐,3,调味料
酸程度醋,3,调味料
口味添加食盐,3,调味料
可选胡椒粉,3,调味料
角香叶花椒干辣椒,3,调味料
后放黄油,3,调味料
家常调味料,3,调味料
少放生抽,3,调味料
酱油炒饭,3,调味料
菌汤底料,3,调味料
油或亚麻籽油,3,调味料
肉骨茶调料包,3,调味料
据个人喜好胡椒粉,3,调味料
秘制腌料,3,调味料
酱汁酱油,3,调味料
冰糖或者黄冰糖,3,调味料
一半花生油,3,调味料
人喜好蜂蜜,3,调味料
添丁醋,3,调味料
湿黄酱,3,调味料
糊玉米淀粉,3,调味料
鲜生抽酱油,3,调味料
就好了油,3,调味料
纯香麻油,3,调味料
油或其他无味油,3,调味料
定橄榄油,3,调味料
自己感觉盐,3,调味料
就可以油,3,调味料
鸡胸腌料,3,调味料
匙蒸鱼豉油,3,调味料
生抽盐糖胡椒粉,3,调味料
个人口味胡椒粉,3,调味料
生抽少许,3,调味料
凯撒酱,3,调味料
好草莓果酱,3,调味料
子专调味料,3,调味料
看喜好醋,3,调味料
奶油糖,3,调味料
巧克力或巧克力酱,3,调味料
糖红糖,3,调味料
加糖炼乳,3,调味料
白糖蜂蜜,3,调味料
勺耐高糖酵母,3,调味料
鸡精辣椒,3,调味料
抖白胡椒粉,3,调味料
个人口味老抽,3,调味料
个人口味料酒,3,调味料
个人口味香油,3,调味料
大白醋,3,调味料
一丢丢花生油,3,调味料
勺盐,3,调味料
油酱油盐糖,3,调味料
香油白糖,3,调味料
豆瓣酱辣酱,3,调味料
高汤或白开水,3,调味料
干辣椒桂皮,3,调味料
美奶滋酱,3,调味料
万字浓口酱油,3,调味料
淡口酱油或生抽,3,调味料
辣调料,3,调味料
半泡打粉,3,调味料
多红糖,3,调味料
看着加胡椒粉,3,调味料
娘惹咖喱酱,3,调味料
分之芝麻酱,3,调味料
酒糖,3,调味料
盐芝麻,3,调味料
杨梅汁,3,调味料
瓷勺糖,3,调味料
生抽各,3,调味料
芝麻烘焙沙拉酱,3,调味料
橄榄油或香油,3,调味料
丘比特色拉酱,3,调味料
蜂蜜或果酱,3,调味料
打汁,3,调味料
装饰海盐,3,调味料
牛肉咖喱,3,调味料
蜂蜜料酒,3,调味料
锅料包,3,调味料
糖适量,3,调味料
黑糖姜茶,3,调味料
瓷勺番茄酱,3,调味料
盖饭汁,3,调味料
量添加淀粉,3,调味料
代替料酒,3,调味料
磨坊鲜磨黑胡椒,3,调味料
大米糖浆,3,调味料
量黄豆酱,3,调味料
红盐,3,调味料
生抽盐油,3,调味料
或者米醋,3,调味料
加水榨汁,3,调味料
自己需求冰糖,3,调味料
天然冰糖,3,调味料
焦糖部分,3,调味料
排骨调料,3,调味料
迷迭香糖浆,3,调味料
黄豆酱蚝油,3,调味料
糖或者红糖,3,调味料
干茴香,3,调味料
米酒或黄酒,3,调味料
料酒盐白胡椒粉,3,调味料
李锦记拌面酱,3,调味料
决定辣椒面,3,调味料
配菜及调料,3,调味料
柑橘醋,3,调味料
李锦记辣豆瓣酱,3,调味料
不够再加盐,3,调味料
汤勺海天黄豆酱,3,调味料
粉或黑胡椒粉,3,调味料
据个人口味鸡精,3,调味料
不放蜂蜜,3,调味料
辣酱汁,3,调味料
自己口味调味料,3,调味料
料酒盐鸡精,3,调味料
纯红薯淀粉,3,调味料
放泡打粉,3,调味料
粒花椒粉,3,调味料
水果汁,3,调味料
朝天椒辣椒粉,3,调味料
咖喱牛腩,3,调味料
原蔗糖,3,调味料
好牛肉酱,3,调味料
酒风味糖浆,3,调味料
茶勺红烧酱油,3,调味料
藤椒火锅底料,3,调味料
三圈黑胡椒,3,调味料
或花生油,3,调味料
泡汁,3,调味料
或者草莓果酱,3,调味料
韩式蘸酱,3,调味料
三年陈花雕酒,3,调味料
猪油花生油,3,调味料
需白糖,3,调味料
秘制红油,3,调味料
香油植物油,3,调味料
磨胡椒粉,3,调味料
鸡肉调味料,3,调味料
一些生抽,3,调味料
食甘油,3,调味料
姜八角花椒,3,调味料
红酒或料酒,3,调味料
一糖粉,3,调味料
炸花椒油,3,调味料
老抽上色,3,调味料
酸辣汤料包,3,调味料
白糖或糖粉,3,调味料
说酱油,3,调味料
油溶性色素,3,调味料
蒸鱼汁,3,调味料
可以细砂糖,3,调味料
做菜量盐,3,调味料
粉白砂糖,3,调味料
咸即可盐,3,调味料
鱼酱,3,调味料
口味豆瓣酱,3,调味料
腐乳汤,3,调味料
和味极鲜酱油,3,调味料
料酒或米酒,3,调味料
辣椒油或红油,3,调味料
铲生抽,3,调味料
低糖番茄酱,3,调味料
头豆豉鲮鱼,3,调味料
浓缩酱,3,调味料
腐乳曲,3,调味料
骨汤料,3,调味料
可不放白砂糖,3,调味料
蜂蜜柚子,3,调味料
或者孜然粉,3,调味料
酱-黄油,3,调味料
生抽和蚝油,3,调味料
许玉米淀粉,3,调味料
沙律汁,3,调味料
生抽花生油,3,调味料
克红薯淀粉,3,调味料
圆形棉花糖,3,调味料
鰹魚醬油,3,调味料
料酒胡椒粉淀粉,3,调味料
分之甜面酱,3,调味料
天然酵母种,3,调味料
油生抽蚝油,3,调味料
奶酪或者淡奶油,3,调味料
腌渍汁,3,调味料
韭花酱,3,调味料
个人喜好白胡椒粉,3,调味料
厨邦味极鲜酱油,3,调味料
没味道植物油,3,调味料
花椒泡水,3,调味料
好美麻辣锅物底料,3,调味料
盐酸奶,3,调味料
个人喜好老干妈,3,调味料
于泡打粉,3,调味料
撒花椒粉,3,调味料
牌玉米淀粉,3,调味料
蒜白醋,3,调味料
自己口感糖,3,调味料
酱烤肉酱,3,调味料
一些食油,3,调味料
椒酱或郫县豆瓣酱,3,调味料
鸡精味精白糖,3,调味料
葱花胡椒粉,3,调味料
瓷勺韩式辣酱,3,调味料
柠檬酱汁,3,调味料
色老抽生抽,3,调味料
現磨黑胡椒,3,调味料
无糖黑芝麻酱,3,调味料
熟色拉油,3,调味料
红枣黑芝麻酱,3,调味料
大葱花椒,3,调味料
方块日式咖喱块,3,调味料
料酒调料,3,调味料
可酱油,3,调味料
鸡肉料酒,3,调味料
蜂蜜芥末,3,调味料
丘比煎焙芝麻酱,3,调味料
油料酒胡椒粉,3,调味料
添加麻油,3,调味料
炒菜多一点食油,3,调味料
鸡蛋和淀粉,3,调味料
流沙咸蛋黄酱,3,调味料
一点点油,3,调味料
喜欢颜色色素,3,调味料
几颗花椒,3,调味料
面或者碱面,3,调味料
任意果酱,3,调味料
油盐花椒,3,调味料
木姜油,3,调味料
你口味酱油,3,调味料
调料勺鸡粉,3,调味料
调料见做法,3,调味料
大酱汤专酱,3,调味料
可可无黄油,3,调味料
多白胡椒,3,调味料
黑胡椒混合调料,3,调味料
馅玉米淀粉,3,调味料
一白糖,3,调味料
油鸡精,3,调味料
潮汕卤水汁,3,调味料
可选老抽,3,调味料
鸡胸肉生抽,3,调味料
炒年糕酱,3,调味料
不白糖,3,调味料
精制白糖,3,调味料
转现磨黑胡椒,3,调味料
粉或鸡粉,3,调味料
个人口味克糖,3,调味料
片八角桂皮,3,调味料
粉或小麦淀粉,3,调味料
自制烧烤酱,3,调味料
麻油或花生油,3,调味料
葱姜胡椒粉,3,调味料
口味了盐,3,调味料
量定盐,3,调味料
青花椒花椒,3,调味料
豆板酱,3,调味料
也可不花椒,3,调味料
冬阴功香料包,3,调味料
咖啡香油,3,调味料
儿童生抽,3,调味料
情况油,3,调味料
口味增加白砂糖,3,调味料
干烧明虾酱,3,调味料
无淀粉肉肠,3,调味料
一样生抽,3,调味料
八角一个,3,调味料
炖鸡调料,3,调味料
腐乳汤汁,3,调味料
鸡精或味素,3,调味料
糖或黄片糖,3,调味料
瑞娜香草精,3,调味料
超细辣椒粉,3,调味料
汤勺红薯淀粉,3,调味料
快冰糖,3,调味料
羹匙白糖,3,调味料
刷糖水,3,调味料
个人口味蕃茄酱,3,调味料
醋酱油糖,3,调味料
个人喜好辣椒面,3,调味料
口味放砂糖,3,调味料
老干妈辣子鸡,3,调味料
香草果,3,调味料
盐渍梅子,3,调味料
个人口味来盐,3,调味料
纯糖粉,3,调味料
陈醋或白醋,3,调味料
调料勺十三香,3,调味料
白糖白胡椒粉,3,调味料
料白糖,3,调味料
裹黄油,3,调味料
量粗辣椒面,3,调味料
那么多蚝油,3,调味料
姜花椒八角,3,调味料
韩式细辣椒粉,3,调味料
油调料,3,调味料
一茶勺小苏打,3,调味料
呗盐,3,调味料
口味酌量盐,3,调味料
舒可曼香草精,3,调味料
勺一平勺盐,3,调味料
香草粉或香草精,3,调味料
口味添加黄冰糖,3,调味料
奶油砂糖,3,调味料
红糖一块,3,调味料
油巧克力酱,3,调味料
花椒食油,3,调味料
稍多一点油,3,调味料
酱或老干妈,3,调味料
鱼露或盐,3,调味料
水蜜桃汁,3,调味料
半土豆淀粉,3,调味料
樱花虾酱,3,调味料
各类调料,3,调味料
金牌生抽,3,调味料
红茶卡仕达酱,3,调味料
口味蜂蜜或冰糖,3,调味料
冬阴功辣酱,3,调味料
纯正花生油,3,调味料
耗油等调料,3,调味料
葱姜油,3,调味料
人口味辣椒油,3,调味料
于黑胡椒粉,3,调味料
也可不泡打粉,3,调味料
浸泡伏特加,3,调味料
二锅头白酒,3,调味料
调料八角,3,调味料
酱蘸汁,3,调味料
看自己喜欢盐,3,调味料
椒盐辣椒粉,3,调味料
糖或糖粉,3,调味料
酱汁水,3,调味料
醋盐白糖,3,调味料
炒菜多一些食油,3,调味料
户户辣椒酱,3,调味料
生抽老抽花椒油,3,调味料
腌鸡肉调料,3,调味料
慕斯鲜奶油,3,调味料
了上色老抽,3,调味料
灯笼辣椒酱,3,调味料
及胡椒粉,3,调味料
多放点菜籽油,3,调味料
日式柴鱼高汤粉,3,调味料
大勺生抽,3,调味料
盐或黑胡椒,3,调味料
一圈老抽,3,调味料
油或者酱油,3,调味料
心情胡椒粉,3,调味料
鲜蒸鱼豉油,3,调味料
羹白砂糖,3,调味料
豆瓣酱或老干妈,3,调味料
鱼火锅底料,3,调味料
红袍花椒粒,3,调味料
口味加入蜂蜜,3,调味料
花椒生姜,3,调味料
鸡粉盐,3,调味料
防粘食油,3,调味料
红糖面团,3,调味料
醋蚝油,3,调味料
放姜粉,3,调味料
边放盐,3,调味料
海椒油,3,调味料
花椒粉或花椒粒,3,调味料
水花椒水,3,调味料
茶勺咖喱粉,3,调味料
粉或者五香粉,3,调味料
川香酱,3,调味料
」淡奶油,3,调味料
撒一点黑胡椒,3,调味料
人口味添加柠檬汁,3,调味料
色素或色粉,3,调味料
少白胡椒,3,调味料
无特殊气味油,3,调味料
蒸米酒,3,调味料
底老抽,3,调味料
量一品鲜酱油,3,调味料
黑胡椒辣椒粉,3,调味料
料酒食盐,3,调味料
自己调整冰糖,3,调味料
分发淡奶油,3,调味料
步骤盐,3,调味料
提鲜冰糖,3,调味料
半盐黄油,3,调味料
番茄罗勒酱,3,调味料
可不泡打粉,3,调味料
可不柠檬汁,3,调味料
酱或香辣酱,3,调味料
时候料酒,3,调味料
指盖大小桂皮,3,调味料
葱香油,3,调味料
随量冰糖,3,调味料
郸县豆瓣酱,3,调味料
盐池滩羊羊排,3,调味料
水饴糖浆,3,调味料
八角和香叶,3,调味料
盐生粉,3,调味料
料酒酱油盐,3,调味料
印度辣椒粉,3,调味料
酸黄瓜汁,3,调味料
甜细砂糖,3,调味料
酱油耗油盐,3,调味料
料胡椒粉,3,调味料
盐.味精,3,调味料
生粉白胡椒粉,3,调味料
个人口味添加蚝油,3,调味料
水和盐,3,调味料
胡椒颗粒,3,调味料
奥尔良烤肉酱,3,调味料
红糖或黄糖,3,调味料
片糖或黄片糖,3,调味料
指甲大小冰糖,3,调味料
或者生抽,3,调味料
糖盐鸡粉,3,调味料
不放辣椒面,3,调味料
家黑芝麻酱,3,调味料
盐植物油,3,调味料
油代替黄油,3,调味料
生抽料酒耗油,3,调味料
鸡汤高汤,3,调味料
腐乳红烧酱,3,调味料
放麻油,3,调味料
水果硬糖,3,调味料
虎邦辣酱,3,调味料
备玉米淀粉,3,调味料
汉堡酱,3,调味料
糖黑芝麻,3,调味料
白糖一勺,3,调味料
蛋糕奶油,3,调味料
小汤勺生抽,3,调味料
甜面酱或豆瓣酱,3,调味料
整花椒,3,调味料
捏一点就行盐,3,调味料
鸡精十三香,3,调味料
粉或糖粉,3,调味料
牛轧糖部分,3,调味料
盐香菜,3,调味料
1细砂糖,3,调味料
麦酱,3,调味料
加黄冰糖,3,调味料
盐酱油耗油,3,调味料
个人喜好孜然,3,调味料
清水水淀粉,3,调味料
专酱油,3,调味料
寿喜锅酱油,3,调味料
酱油盐味精,3,调味料
风味调味料,3,调味料
奶香沙拉酱,3,调味料
日本芥末,3,调味料
点桂皮,3,调味料
德特级初榨橄榄油,3,调味料
鲜榨青柠汁,3,调味料
大小碱,3,调味料
油郫县豆瓣酱,3,调味料
而定淀粉,3,调味料
茴香球茎,3,调味料
烧肉酱,3,调味料
模具细砂糖,3,调味料
小包番茄酱,3,调味料
多花椒粉,3,调味料
盐胡椒粉淀粉,3,调味料
匀糖,3,调味料
花生酱或者芝麻酱,3,调味料
姜冰糖,3,调味料
八角小茴香,3,调味料
自己掂量盐,3,调味料
李锦记豉油,3,调味料
袋酵母,3,调味料
寿喜锅酱汁,3,调味料
量加糖,3,调味料
無糖可可粉,3,调味料
酱油料酒淀粉,3,调味料
金奖白兰地,3,调味料
芥末青瓜酱,3,调味料
蜂蜜糖水,3,调味料
入味盐,3,调味料
醋蘸料,3,调味料
八角香叶陈皮,3,调味料
勺蛋黄酱,3,调味料
麻油醋,3,调味料
花籽油或玉米油,3,调味料
皮玉米淀粉,3,调味料
精白砂糖,3,调味料
蜂蜜或者糖浆,3,调味料
白醋陈醋,3,调味料
低糖益力多,3,调味料
其他无味植物油,3,调味料
油代替橄榄油,3,调味料
转研磨黑胡椒,3,调味料
山胡椒,3,调味料
好黑胡椒粉,3,调味料
点儿胡椒粉,3,调味料
蚝油蒸鱼豉油,3,调味料
辣酱老干妈,3,调味料
料酒一汤匙,3,调味料
大红袍火锅底料,3,调味料
蒜糖,3,调味料
盐或者酱油,3,调味料
不放料酒,3,调味料
野生菌调味料,3,调味料
口味料,3,调味料
你喜欢冰糖,3,调味料
酱油盐白糖,3,调味料
黑椒沙拉酱,3,调味料
香菇拌饭酱,3,调味料
砂糖或木糖醇,3,调味料
糖粉或绵白糖,3,调味料
日式白酱油,3,调味料
就行味精,3,调味料
鮮醬油,3,调味料
自制葱油,3,调味料
自己喜欢调味料,3,调味料
大酱或黄豆酱,3,调味料
一样冰糖,3,调味料
橄榄油或椰子油,3,调味料
多芝麻酱,3,调味料
酱油部分,3,调味料
量淀粉水,3,调味料
生抽老抽蚝油料酒,3,调味料
丹丹豆瓣酱,3,调味料
自己调盐,3,调味料
口味丘比沙拉酱,3,调味料
粗粒白砂糖,3,调味料
或者代糖,3,调味料
雪利酒醋,3,调味料
海鲜酱油生抽,3,调味料
花椒麻椒干辣椒,3,调味料
茴香头,3,调味料
多放点醋,3,调味料
辛拉面料包,3,调味料
尖白胡椒粉,3,调味料
可不放辣椒酱,3,调味料
陈皮八角,3,调味料
深色红糖,3,调味料
咯盐,3,调味料
可不放草果,3,调味料
蜂蜜柚子茶酱,3,调味料
香辣味调料,3,调味料
牌生抽,3,调味料
五香卤料包,3,调味料
人喜好添加黑胡椒,3,调味料
蒸鱼豉油生抽,3,调味料
红糖或者蜂蜜,3,调味料
辣椒花椒面,3,调味料
老鸭汤调料包,3,调味料
分之一酵母,3,调味料
桂花红糖,3,调味料
锅底酱料,3,调味料
翻糖模具,3,调味料
咖啡色素,3,调味料
料酒蒸鱼豉油,3,调味料
香菜盐,3,调味料
量勺黑胡椒,3,调味料
黄记煌照烧汁,3,调味料
砂糖加入蛋白,3,调味料
砂糖加入蛋黄,3,调味料
各种沙拉酱,3,调味料
做豆瓣酱,3,调味料
白豆腐乳,3,调味料
柔滑型花生酱,3,调味料
个人喜甜程度冰糖,3,调味料
量食小苏打,3,调味料
溶解酵母水,3,调味料
桂皮茴香干辣椒,3,调味料
豆豉罐头,3,调味料
姜粉或姜片,3,调味料
而定糖,3,调味料
哈哈哈盐,3,调味料
半淡奶油,3,调味料
坨火锅底料,3,调味料
子巧克力酱,3,调味料
料酒盐生抽,3,调味料
或者橙汁,3,调味料
多放花椒粉,3,调味料
特级鲜味生抽,3,调味料
或者苹果醋,3,调味料
勺子糖,3,调味料
老酒或料酒,3,调味料
酱油陈醋,3,调味料
宫保鸡丁调料包,3,调味料
酌情增加盐,3,调味料
菌菇酱,3,调味料
冷榨橄榄油,3,调味料
或者食醋,3,调味料
味极鲜耗油,3,调味料
奶酪番茄酱,3,调味料
口味增减白糖,3,调味料
半猪油,3,调味料
盐清水,3,调味料
口味自定糖,3,调味料
也行五香粉,3,调味料
点料酒,3,调味料
油火锅底料,3,调味料
你喜欢白砂糖,3,调味料
红乳汁,3,调味料
香油白胡椒,3,调味料
可多加醋,3,调味料
那种红糖,3,调味料
磨坊蒜風味油,3,调味料
自己口味放白糖,3,调味料
猪排酱汁,3,调味料
锅底玉米油,3,调味料
几勺生抽,3,调味料
几勺辣椒粉,3,调味料
拌菜调料,3,调味料
中粗辣椒面,3,调味料
花椒大料葱姜,3,调味料
水混合水淀粉,3,调味料
蘑菇酱油,3,调味料
自己加辣椒粉,3,调味料
咖啡勺老抽,3,调味料
胡椒粉糖,3,调味料
厨花雕,3,调味料
味即可酱油,3,调味料
汁水柠檬汁,3,调味料
亞麻籽油,3,调味料
蛋黄砂糖,3,调味料
淀粉蛋清,3,调味料
和海盐,3,调味料
油盐糖生抽,3,调味料
一点黑胡椒粉,3,调味料
发酵型黄油,3,调味料
酱玫瑰酱,3,调味料
边尝边加盐,3,调味料
勺子蜂蜜,3,调味料
重香油,3,调味料
点番茄酱,3,调味料
红曲粉或色素,3,调味料
瓷勺甜面酱,3,调味料
鸡肉咖喱,3,调味料
和沙拉酱,3,调味料
姜蒜料酒盐,3,调味料
敲碎冰糖,3,调味料
人喜好添加胡椒粉,3,调味料
油盐适量,3,调味料
甜菜根糖,3,调味料
无糖黑芝麻糊粉,3,调味料
看着放老抽,3,调味料
香草棉花糖,3,调味料
定白胡椒粉,3,调味料
原味黑糖,3,调味料
面调料粉,3,调味料
鱼籽酱,3,调味料
芝麻孜然辣椒面,3,调味料
五花肉酱,3,调味料
烙锅辣椒面,3,调味料
自己掌握糖,3,调味料
汤勺陈醋,3,调味料
佐餐牛肉酱,3,调味料
意面红酱,3,调味料
点玉米淀粉,3,调味料
奶油或黄油,3,调味料
过柠檬蜂蜜,3,调味料
料酒或者啤酒,3,调味料
茶勺胡椒面,3,调味料
子郫县豆瓣酱,3,调味料
红枣冰糖,3,调味料
盐小勺,3,调味料
咖喱香料,3,调味料
原味腌料,3,调味料
多点糖,3,调味料
辣椒豆豉酱,3,调味料
口味而定番茄酱,3,调味料
放多少冰糖,3,调味料
量豆豉,3,调味料
白胡椒粉胡椒粉,3,调味料
盐黄油一块,3,调味料
甘蔗汁,3,调味料
放花椒,3,调味料
大小冰糖冰糖,3,调味料
椒粉孜然粉孜然粒,3,调味料
彩色糖果,3,调味料
味极鲜老抽,3,调味料
花椒大料面,3,调味料
多蚝油,3,调味料
油&玉米油,3,调味料
多多孜然粉,3,调味料
大小酵母,3,调味料
浅色玉米糖浆,3,调味料
芝麻白糖馅,3,调味料
个人口味黄冰糖,3,调味料
子芝麻酱,3,调味料
碎桂皮,3,调味料
捏淀粉,3,调味料
糖生抽料酒,3,调味料
情况添加盐,3,调味料
〉盐,3,调味料
十三香葱,3,调味料
碾磨黑胡椒,3,调味料
口味火锅底料,3,调味料
程度白砂糖,3,调味料
糖浆或炼乳,3,调味料
寿喜锅料汁,3,调味料
海底捞调料,3,调味料
吧小茴香,3,调味料
调味勺鸡精,3,调味料
平底锅食油,3,调味料
美斋添丁甜醋,3,调味料
糖砂糖,3,调味料
白酒或黄酒,3,调味料
可不下盐,3,调味料
草莓白砂糖,3,调味料
盐番茄酱,3,调味料
色拉油或橄榄油,3,调味料
翻糖工具,3,调味料
选蒸鱼豉油,3,调味料
龙虾调料包,3,调味料
肉料包,3,调味料
辣椒油花椒油,3,调味料
白梦多咖喱块,3,调味料
汤匙玉米淀粉,3,调味料
自制照烧汁,3,调味料
调料蚝油,3,调味料
自己喜好辣椒面,3,调味料
买卤料包,3,调味料
剁椒鱼头酱,3,调味料
少放白砂糖,3,调味料
平勺黑胡椒粉,3,调味料
稍多食油,3,调味料
蜂蜜水刷面,3,调味料
油酱油鸡精,3,调味料
少放白糖,3,调味料
丹丹郫县豆瓣酱,3,调味料
调料料酒,3,调味料
调料白糖,3,调味料
柠檬砂糖,3,调味料
白糖酱油,3,调味料
汁生粉,3,调味料
和白胡椒,3,调味料
味意面酱,3,调味料
桂皮香叶等,3,调味料
薄荷酱,3,调味料
三抖白胡椒粉,3,调味料
米醋或者香醋,3,调味料
无糖黑芝麻粉,3,调味料
料酒辅料,3,调味料
说明调料,3,调味料
酌量红糖,3,调味料
炒饭调料,3,调味料
黄糖或红糖,3,调味料
各耗油,3,调味料
胶粉或吉利丁片,3,调味料
量鲜柠檬汁,3,调味料
豆瓣酱或香其酱,3,调味料
喜好添加糖,3,调味料
辣椒或者辣椒酱,3,调味料
豆豉蒸鱼汁,3,调味料
原味糖浆,3,调味料
砂糖或蔗糖,3,调味料
鸡粉或者鸡精,3,调味料
黑糯米酒,3,调味料
彩色糖豆,3,调味料
分之花椒油,3,调味料
香橄榄油,3,调味料
甜度白糖,3,调味料
起来量盐,3,调味料
粉料酒生抽,3,调味料
一圈油,3,调味料
农场牌蜂蜜烧烤酱,3,调味料
棒棒糖蛋糕,3,调味料
吧食油,3,调味料
吧蜂蜜,3,调味料
备红糖,3,调味料
自己口味胡椒粉,3,调味料
胡椒粉调料,3,调味料
了孜然粉,3,调味料
黄油或无味植物油,3,调味料
一点孜然,3,调味料
日式甜酱油,3,调味料
味精醋,3,调味料
和黄豆酱,3,调味料
味辣椒油,3,调味料
泡打粉或小苏打,3,调味料
细黄糖,3,调味料
盐油水,3,调味料
口味黑椒酱,3,调味料
水蜂蜜,3,调味料
角桂皮香叶小茴香,3,调味料
椒粉或者黑胡椒粉,3,调味料
味精白糖,3,调味料
收汁水淀粉,3,调味料
调味味极鲜,3,调味料
油胡椒粉盐,3,调味料
红肠调料,3,调味料
八角小茴香香叶,3,调味料
低糖白莲蓉馅,3,调味料
一节桂皮,3,调味料
量陈皮,3,调味料
原味蛋黄酱,3,调味料
心情辣椒面,3,调味料
分酵母,3,调味料
部分黄油,3,调味料
花椒八角等,3,调味料
蒜蓉小龙虾料包,3,调味料
一下黑胡椒,3,调味料
糖粉或者白糖,3,调味料
罗汉果代糖,3,调味料
芝麻酱或者花生酱,3,调味料
醋香油麻油,3,调味料
都行糖,3,调味料
高汤或开水,3,调味料
差不多食油,3,调味料
小勺子料酒,3,调味料
炖料包,3,调味料
糖一丢丢,3,调味料
多一些黑胡椒,3,调味料
可不放芝麻油,3,调味料
黄沙糖,3,调味料
多少白糖,3,调味料
量草莓果酱,3,调味料
可不放麻油,3,调味料
稍微多点糖,3,调味料
调整鸡精,3,调味料
色即可老抽,3,调味料
老抽料酒,3,调味料
底玉米油,3,调味料
不放香油,3,调味料
甜多放冰糖,3,调味料
八角香叶桂皮冰糖,3,调味料
老抽淀粉,3,调味料
甜就行白糖,3,调味料
数盐,3,调味料
分之豆瓣酱,3,调味料
粉生抽老抽,3,调味料
食盐食油,3,调味料
腌制料酒,3,调味料
就好了盐,3,调味料
来老抽,3,调味料
盖白胡椒粉,3,调味料
搭配色素,3,调味料
喜甜细砂糖,3,调味料
哈哈料酒,3,调味料
炸香油,3,调味料
料酒腌制,3,调味料
如下酱汁,3,调味料
孜然盐,3,调味料
新鲜茴香,3,调味料
芝麻辣油,3,调味料
一点点酱油,3,调味料
各植物油,3,调味料
点花椒面,3,调味料
醋盐生抽,3,调味料
自制高汤,3,调味料
油黄酒,3,调味料
炖肉香料包,3,调味料
香甜色拉酱,3,调味料
橄榄油或葵花籽油,3,调味料
大勺酱油,3,调味料
红苋菜汁,3,调味料
低脂番茄酱,3,调味料
原味咖喱酱,3,调味料
风味锅底料,3,调味料
李錦記蠔油,3,调味料
多点菜籽油,3,调味料
小磨麻油,3,调味料
番茄味火锅底料,3,调味料
豆瓣酱黄豆酱,3,调味料
点冰糖,3,调味料
胡椒粉等调料,3,调味料
口味添加酱油,3,调味料
调酱,3,调味料
矿泉水瓶盖料酒,3,调味料
瓷汤勺生抽,3,调味料
葱花香油,3,调味料
香叶花椒八角,3,调味料
及白糖,3,调味料
卡宴胡椒粉,3,调味料
匙李锦记叉烧酱,3,调味料
香蒜辣椒酱,3,调味料
料酒等调料,3,调味料
蜂蜜桂花,3,调味料
不甜糖,3,调味料
拌馅调料,3,调味料
盖寿司醋,3,调味料
细砂糖淡奶油,3,调味料
叶桂皮草果小茴香,3,调味料
香孜然,3,调味料
特制酱汁,3,调味料
梅醋,3,调味料
海盐橄榄油,3,调味料
糖霜原料,3,调味料
粉黑胡椒,3,调味料
满盐,3,调味料
盐醋酱油,3,调味料
转两下黑胡椒,3,调味料
看着加料酒,3,调味料
料酒色拉油,3,调味料
鲜酱油盐,3,调味料
香叶八角花椒,3,调味料
李锦记味极鲜生抽,3,调味料
拉杜蓝乔核桃油,3,调味料
少一点糖,3,调味料
量克胡椒粉,3,调味料
酱或其他沙拉酱,3,调味料
汁腐乳,3,调味料
火鍋底料,3,调味料
香草醋,3,调味料
茶勺六月鲜酱油,3,调味料
盐或鸡粉,3,调味料
焦糖奶茶,3,调味料
丁酱,3,调味料
蚝油酱油盐,3,调味料
点小苏打,3,调味料
色素粉色,3,调味料
底料酒,3,调味料
姜油,3,调味料
白胡椒粉和盐,3,调味料
鸡柳腌料,3,调味料
点儿小苏打,3,调味料
掌握盐,3,调味料
个人口味老干妈,3,调味料
盐味精酱油醋,3,调味料
里辣油,3,调味料
耗油料酒,3,调味料
盐味极鲜酱油,3,调味料
吃辣辣椒粉,3,调味料
辣椒油调料,3,调味料
加豆瓣酱,3,调味料
一层番茄酱,3,调味料
盐或者海盐,3,调味料
油鸡酱油,3,调味料
小勺香油,3,调味料
浓汤料,3,调味料
勺子老抽,3,调味料
口感细砂糖,3,调味料
大小番茄酱,3,调味料
特级老抽,3,调味料
口味放糖,3,调味料
是玉米淀粉,3,调味料
饺子馅调味料,3,调味料
胡辣汤底料,3,调味料
料酒或柠檬汁,3,调味料
阳光葵花籽油,3,调味料
咖喱包,3,调味料
无铝油条膨松剂,3,调味料
色素蓝色,3,调味料
面辣椒粉,3,调味料
定酵母,3,调味料
耗油白胡椒粉,3,调味料
老鸭汤料包,3,调味料
四川麻辣酱,3,调味料
盐分,3,调味料
青咖喱酱,3,调味料
酌情食油,3,调味料
油或炒菜油,3,调味料
蚝油或鲍汁,3,调味料
碱面或小苏打,3,调味料
多点色拉油,3,调味料
橄榄油或亚麻籽油,3,调味料
多特级初榨橄榄油,3,调味料
如下调料,3,调味料
汁或沙拉酱,3,调味料
放一点糖,3,调味料
黑胡椒沙拉酱,3,调味料
咸生抽,3,调味料
滴色素,3,调味料
炸制玉米油,3,调味料
个人喜好香油,3,调味料
盐料酒生抽,3,调味料
砂糖糖,3,调味料
咯冰糖,3,调味料
味精调料,3,调味料
量小苏打粉,3,调味料
盅高度白酒,3,调味料
个人喜好添加盐,3,调味料
肉酱调料,3,调味料
牛肉味浓汤宝,3,调味料
生抽盐糖鸡粉,3,调味料
香菜香叶,3,调味料
石桥大酱,3,调味料
韩国酱,3,调味料
紫色素,3,调味料
水淀粉勾芡,3,调味料
固体椰子油,3,调味料
分之酵母粉,3,调味料
香油花椒油,3,调味料
面团猪油,3,调味料
个人喜好黄油,3,调味料
谷物醋,3,调味料
汤高汤,3,调味料
馅草莓果酱,3,调味料
味精油,3,调味料
苹果糖浆,3,调味料
什么油,3,调味料
牌甜面酱,3,调味料
利黑胡椒酱,3,调味料
酱豆豉,3,调味料
鸡翅食油,3,调味料
可以黑胡椒,3,调味料
自制酸奶油,3,调味料
拌饭辣椒酱,3,调味料
段青芥末,3,调味料
蜂蜜或枫糖,3,调味料
粉或咖喱粉,3,调味料
香草精数滴,3,调味料
自己喜好番茄酱,3,调味料
多一半盐,3,调味料
汤勺咖喱粉,3,调味料
可不放鱼露,3,调味料
蟹酱,3,调味料
沙拉酱或者番茄酱,3,调味料
红糖珍珠,3,调味料
黑胡椒味,3,调味料
铁塔动物淡奶油,3,调味料
油/黄油,3,调味料
口高度白酒,3,调味料
酵母液体,3,调味料
或柠檬香精,3,调味料
鸭酱,3,调味料
口味孜然粉,3,调味料
鲜特级生抽,3,调味料
依个人口味添加糖,3,调味料
炸鸡调料,3,调味料
人口味添加胡椒粉,3,调味料
什锦酱,3,调味料
成酱,3,调味料
葱姜冰糖,3,调味料
刷食油,3,调味料
糖〕,3,调味料
红糖玫瑰酱,3,调味料
黄焖酱汁,3,调味料
豆瓣酱或者甜面酱,3,调味料
冰糖晶,3,调味料
咖啡勺蚝油,3,调味料
展艺披萨酱,3,调味料
勺糖桂花,3,调味料
高汤或素高汤,3,调味料
韩式火锅酱,3,调味料
小茴香干辣椒,3,调味料
点盐盐,3,调味料
粉或小苏打,3,调味料
吃饭勺酱油,3,调味料
装饰酱,3,调味料
肉胡椒粉,3,调味料
哦鸡精,3,调味料
糖香菜,3,调味料
花椒油芝麻油,3,调味料
草莓香精,3,调味料
梦多咖喱块原味,3,调味料
料酒白胡椒,3,调味料
自己喜好胡椒粉,3,调味料
咖哩牛肉酱,3,调味料
咖喱酱汁,3,调味料
砂糖加蛋黄,3,调味料
砂糖加蛋白,3,调味料
制冰糖,3,调味料
黄芥末调味酱,3,调味料
五香料酒,3,调味料
意式调料,3,调味料
口味调整辣椒粉,3,调味料
汤料粉,3,调味料
骨汤高汤,3,调味料
个人口味花椒油,3,调味料
口味调节冰糖,3,调味料
橙子香精,3,调味料
盐胡椒粉生粉,3,调味料
酵母酵母,3,调味料
就够了八角,3,调味料
油酱油料酒,3,调味料
新鲜黑松露,3,调味料
盐〈粉盐〉,3,调味料
青檸汁,3,调味料
辣辣椒酱,3,调味料
干辣椒和花椒,3,调味料
调羹菜籽油,3,调味料
色果酱,3,调味料
焦糖巧克力,3,调味料
食盐鸡精,3,调味料
玉米淀粉勾芡,3,调味料
少盐酱油,3,调味料
口味添加花椒油,3,调味料
软化后黄油,3,调味料
油老干妈,3,调味料
机糙米醋,3,调味料
鸡汁或者鸡精,3,调味料
糖浆或白糖,3,调味料
海南黄辣酱,3,调味料
手粉玉米淀粉,3,调味料
人口味花椒,3,调味料
车打芝士酱,3,调味料
砂糖或冰糖粉,3,调味料
刷表面食油,3,调味料
粉蒸肉料包,3,调味料
个人喜好孜然粉,3,调味料
下太太乐鲜鸡汁,3,调味料
生抽或鲜酱油,3,调味料
个人口味放红糖,3,调味料
成醋,3,调味料
黄牌辣酱油,3,调味料
老抽耗油,3,调味料
普通食盐,3,调味料
馒头酵母,3,调味料
儿淀粉,3,调味料
老酱油,3,调味料
汁或柠檬汁,3,调味料
红酒汁,3,调味料
活鱼调料,3,调味料
调味五香粉,3,调味料
口味加冰糖,3,调味料
和老抽,3,调味料
原汁红糖,3,调味料
提味香油,3,调味料
蜂蜜或炼奶,3,调味料
红烧肉酱,3,调味料
香桂皮,3,调味料
你口味香油,3,调味料
孜然调味粉,3,调味料
糖加入蛋白,3,调味料
儿蚝油,3,调味料
料酒味极鲜,3,调味料
味儿醋,3,调味料
核桃露,3,调味料
砂糖打发奶油,3,调味料
个人口味添加红糖,3,调味料
生花椒,3,调味料
抄手调料,3,调味料
红黄食色素,3,调味料
量咖喱块,3,调味料
材料淡奶油,3,调味料
白胡椒和黑胡椒,3,调味料
透明椰汁,3,调味料
盐牛奶,3,调味料
番茄意大利面酱,3,调味料
棉花糖酱,3,调味料
配酱,3,调味料
个人喜好酱油,3,调味料
咸点盐,3,调味料
或黄芥末,3,调味料
香叶葱花,3,调味料
盘玉米油,3,调味料
橙汁或芒果汁,3,调味料
椰子醋,3,调味料
青椒酱,3,调味料
过滤菠菜汁,3,调味料
饭调料包,3,调味料
多加醋,3,调味料
或者黑胡椒碎,3,调味料
火锅汁,3,调味料
自己口味调节糖,3,调味料
老抽花椒粉,3,调味料
依个人口味香醋,3,调味料
炸猪排酱,3,调味料
过芝麻酱,3,调味料
糖或冰糖粉,3,调味料
油豆瓣酱,3,调味料
纯花椒粉,3,调味料
减半盐,3,调味料
生抽蒸鱼豉油,3,调味料
特制辣椒油,3,调味料
发酵无盐黄油,3,调味料
炒菜多一点花生油,3,调味料
牌无铝泡打粉,3,调味料
生粉糖,3,调味料
油豆腐乳,3,调味料
糖/红糖,3,调味料
蚝油鱼露,3,调味料
放糖糖,3,调味料
二锅头高度,3,调味料
无水奶油,3,调味料
子调味料,3,调味料
牌辣酱,3,调味料
就行冰糖,3,调味料
粉生抽,3,调味料
勺陈醋,3,调味料
猪肝酱,3,调味料
是土豆淀粉,3,调味料
口味加蜂蜜,3,调味料
八角两个,3,调味料
白高汤,3,调味料
片糖或红糖,3,调味料
堆糖,3,调味料
几勺蜂蜜,3,调味料
洛神花酱,3,调味料
口味香菇酱,3,调味料
臻品料酒,3,调味料
香油花椒面,3,调味料
各种果酱,3,调味料
南姜粉,3,调味料
鹰嘴豆酱,3,调味料
焙煎芝麻味沙拉酱,3,调味料
酱韩式辣酱,3,调味料
味鲜酱油,3,调味料
醋辣椒酱,3,调味料
蔬菜高汤粉,3,调味料
甜红辣椒粉,3,调味料
或适量盐,3,调味料
泡菜锅底料,3,调味料
利蜂蜜芥末沙拉酱,3,调味料
白糖陈醋,3,调味料
少油少盐,3,调味料
淀粉食油,3,调味料
蘑菇精或味精,3,调味料
酒酱油,3,调味料
五香粉鸡精,3,调味料
吗盐,3,调味料
陈皮干辣椒,3,调味料
来蜂蜜,3,调味料
各花椒粉,3,调味料
香油生抽,3,调味料
调料⬇,3,调味料
添加十三香,3,调味料
薄片黄油,3,调味料
或食油,3,调味料
多砂糖,3,调味料
意面调料,3,调味料
糖渍果干,3,调味料
盐鸡粉胡椒粉,3,调味料
丘比日式沙拉汁,3,调味料
慕斯馅淡奶油,3,调味料
慕斯馅吉利丁片,3,调味料
少一些醋,3,调味料
油或无味色拉油,3,调味料
龙虾料包,3,调味料
糖鸡蛋一个,3,调味料
酸辣汁,3,调味料
度清香型白酒,3,调味料
放碗里盐,3,调味料
加老干妈,3,调味料
牛肉汤料,3,调味料
蒜茸豆豉酱,3,调味料
调料碗,3,调味料
黑松露盐,3,调味料
胡椒粉和盐,3,调味料
自己口感盐,3,调味料
泰式虾酱,3,调味料
来黑胡椒粉,3,调味料
就够了桂皮,3,调味料
下十三香,3,调味料
日本寿司酱油,3,调味料
面辣椒酱,3,调味料
茶叶蛋料包,3,调味料
香草黄油,3,调味料
老冰糖柠檬膏,3,调味料
大小小苏打,3,调味料
王守义烧烤调料,3,调味料
酸甜辣椒酱,3,调味料
黑糖饼干,3,调味料
酱大师”梅菜肉酱,3,调味料
酸角汁,3,调味料
肉沫酱,3,调味料
糖也可不放,3,调味料
量青花椒,3,调味料
蜜汁叉烧酱,3,调味料
水调成水淀粉,3,调味料
生抽黑胡椒盐,3,调味料
玉米油油,3,调味料
碟泰式甜辣酱,3,调味料
任何酱,3,调味料
少十三香,3,调味料
少白胡椒粉,3,调味料
蒜花椒干辣椒,3,调味料
白糖豆瓣酱,3,调味料
尖泡打粉,3,调味料
油酱油盐,3,调味料
香卤汁,3,调味料
鸡酱料,3,调味料
红牌伏特加,3,调味料
而定油,3,调味料
味意大利面调味酱,3,调味料
王守义孜然粉,3,调味料
炒菜多一点盐,3,调味料
炼乳或者蜂蜜,3,调味料
生抽酱油蚝油,3,调味料
素海鲜酱,3,调味料
伏特加酒,3,调味料
糖郫县豆瓣酱,3,调味料
胡椒粉或白胡椒粉,3,调味料
糖或糖浆,3,调味料
自行添加白糖,3,调味料
饭料汁,3,调味料
粉蒸调料,3,调味料
其他喜欢调料,3,调味料
好侍番茄红烩调料,3,调味料
味道植物油,3,调味料
酱油盐醋,3,调味料
淀粉即可水,3,调味料
咖喱原味,3,调味料
方块糖,3,调味料
沙拉酱料,3,调味料
姜末香油,3,调味料
橡皮糖,3,调味料
寿喜锅底料,3,调味料
低糖白莲蓉馅料,3,调味料
芥末蜂蜜酱,3,调味料
酒或柠檬汁,3,调味料
酱油料酒耗油,3,调味料
量克冰糖,3,调味料
多一点白糖,3,调味料
汤匙番茄酱,3,调味料
冰糖柠檬,3,调味料
度添加盐,3,调味料
面皮色拉油,3,调味料
酌量辣椒面,3,调味料
蚝油葱姜蒜,3,调味料
芝麻口味沙拉酱,3,调味料
红油酱,3,调味料
式黑胡椒酱,3,调味料
料酒蚝油盐,3,调味料
生抽老抽白糖,3,调味料
好咖喱粉,3,调味料
冬荫功酱,3,调味料
盐半勺,3,调味料
加减盐,3,调味料
黑胡椒白胡椒盐,3,调味料
圈橄榄油,3,调味料
粉或者黑胡椒粉,3,调味料
来炸油,3,调味料
火锅辣酱,3,调味料
步骤料酒,3,调味料
鸡精少许,3,调味料
蒜末花椒,3,调味料
虾子酱油,3,调味料
酱油酱汁,3,调味料
老抽生抽糖,3,调味料
鸡精料酒,3,调味料
汤匙植物油,3,调味料
回锅肉调料,3,调味料
四分之一糖,3,调味料
油水分离淡奶油,3,调味料
西尔丹米粉酱,3,调味料
搓黑胡椒,3,调味料
一些花生油,3,调味料
羹醋,3,调味料
增鲜生抽,3,调味料
或木姜子油,3,调味料
豉油酱,3,调味料
醋或者柠檬,3,调味料
包饭酱,3,调味料
香油酱油盐,3,调味料
米酒料酒,3,调味料
太太乐原味鲜生抽,3,调味料
品耗油,3,调味料
植物性淡奶油,3,调味料
炼乳或白砂糖,3,调味料
一橄榄油,3,调味料
干辣椒八角桂皮,3,调味料
炒菜多一些花生油,3,调味料
自带料包,3,调味料
泡椒牛肉酱,3,调味料
牌五香粉,3,调味料
糖和鸡精,3,调味料
蜂蜜麦芽糖,3,调味料
油牛油果油,3,调味料
醋包,3,调味料
醋料酒,3,调味料
煎芝麻口味沙拉酱,3,调味料
混合胡椒调味粉,3,调味料
盐佐料,3,调味料
丢丢玉米淀粉,3,调味料
生抽料酒淀粉,3,调味料
看情况加盐,3,调味料
白醋各,3,调味料
鸡粉味精,3,调味料
黑胡椒五香粉,3,调味料
汤勺薄盐生抽,3,调味料
糖水细砂糖,3,调味料
香叶各,3,调味料
小番茄量橄榄油,3,调味料
砂糖/白糖,3,调味料
冰糖少许,3,调味料
多点耗油,3,调味料
代替鱼露,3,调味料
橙子橙汁,3,调味料
花糖浆,3,调味料
红糖馅料,3,调味料
黑椒烧汁,3,调味料
玫瑰果酱,3,调味料
茶匙蠔油,3,调味料
淀粉」,3,调味料
调料一包,3,调味料
香油调料,3,调味料
火锅牛油底料,3,调味料
头道鲜生抽,3,调味料
白糖或炼乳,3,调味料
孜然粒或孜然粉,3,调味料
碗花生油,3,调味料
果蔬粉或食色素,3,调味料
伍斯特酱油,3,调味料
花椒或者麻椒,3,调味料
头道鲜酱油,3,调味料
量决定盐,3,调味料
米醋或柠檬,3,调味料
炸东西油,3,调味料
或其他代糖,3,调味料
糟辣酱,3,调味料
蚝油酱汁,3,调味料
一点花椒粉,3,调味料
糖醇,3,调味料
意粉番茄酱,3,调味料
量海天海鲜酱油,3,调味料
几滴香油,3,调味料
瓷勺十三香,3,调味料
量多点食油,3,调味料
一半番茄酱,3,调味料
花椒面辣椒面,3,调味料
韩国豆酱,3,调味料
牌淡奶油,3,调味料
烧鸡公调料包,3,调味料
糖或者炼奶,3,调味料
酒或者柠檬汁,3,调味料
酸汤鱼料包,3,调味料
分之干黄酱,3,调味料
口味定冰糖,3,调味料
黑椒牛排酱,3,调味料
自己口味白胡椒粉,3,调味料
层细砂糖,3,调味料
层淡奶油,3,调味料
日本进口盐渍樱花,3,调味料
盖陈醋,3,调味料
炸鱼油,3,调味料
就行猪油,3,调味料
英式奶酱,3,调味料
胡椒油,3,调味料
等量盐,3,调味料
食植物调和油,3,调味料
植物油或融化黄油,3,调味料
没放料酒,3,调味料
辣味老干妈,3,调味料
喜欢奶油,3,调味料
蒜蓉调料,3,调味料
洋葱汁,3,调味料
热狗酱,3,调味料
咖啡卡仕达酱,3,调味料
椒粉或者白胡椒粉,3,调味料
醋或者米醋,3,调味料
或是白醋,3,调味料
多量白糖,3,调味料
量蛋黄酱,3,调味料
生抽一品鲜,3,调味料
外交官奶酱,3,调味料
炸鸡翅油,3,调味料
喜马拉雅玫瑰盐,3,调味料
情况老干妈,3,调味料
鱼露胡椒粉,3,调味料
六月鲜鲜酱油,3,调味料
看自己喜好糖,3,调味料
口味冰糖,3,调味料
味花生酱,3,调味料
酱油或者老抽,3,调味料
汤匙蜂蜜,3,调味料
蛋黄玉米油,3,调味料
放入糖,3,调味料
料酒老抽生抽,3,调味料
饼油,3,调味料
酸醋包,3,调味料
生抽红烧酱油,3,调味料
点蛋黄酱,3,调味料
是玉米油,3,调味料
生抽葱姜,3,调味料
多一点酱油,3,调味料
红花椒青花椒,3,调味料
番茄酱或者披萨酱,3,调味料
香葱料酒,3,调味料
调羹柠檬汁,3,调味料
酱或千岛酱,3,调味料
八角少量,3,调味料
口味添加蒜蓉辣酱,3,调味料
个人喜好芥末,3,调味料
葱淀粉,3,调味料
要多一点油,3,调味料
皮草果,3,调味料
香辣酱汁,3,调味料
长柄盐渍樱花,3,调味料
抹油,3,调味料
少食油,3,调味料
无糖酸奶酸奶,3,调味料
口味黄冰糖,3,调味料
生抽老抽料酒醋,3,调味料
砂糖盐,3,调味料
来白糖,3,调味料
酱鸡精,3,调味料
卡仕达酱料,3,调味料
糖酒,3,调味料
火锅麻酱,3,调味料
椰子糖或红糖,3,调味料
蛋糕底料,3,调味料
椰青汁,3,调味料
银龙舌兰酒,3,调味料
撒孜然,3,调味料
乐原味鲜或者鸡精,3,调味料
香菜香油,3,调味料
茶勺植物油,3,调味料
薄荷油,3,调味料
卡士达奶油酱,3,调味料
都行十三香,3,调味料
了色拉油,3,调味料
八角啤酒,3,调味料
吧红糖,3,调味料
盐生抽少许,3,调味料
五香粉少许,3,调味料
盐生抽耗油,3,调味料
味调味汁,3,调味料
点花椒粉,3,调味料
各种蔬菜汁,3,调味料
白糖盐巴,3,调味料
足够盐,3,调味料
樱桃糖浆,3,调味料
调羹镇江香醋,3,调味料
末酱油,3,调味料
鲜花椒油,3,调味料
菜量酱油,3,调味料
桂皮八角五香粉,3,调味料
干辣椒青花椒,3,调味料
三分之红糖,3,调味料
火锅酱,3,调味料
红糖稀,3,调味料
儿黑胡椒,3,调味料
盐胡椒粉鸡精,3,调味料
花椒粉和盐,3,调味料
调料酒,3,调味料
自己口味调糖,3,调味料
牛肉拌面酱,3,调味料
番茄酱白醋,3,调味料
黄酒盐糖,3,调味料
瓶高度白酒,3,调味料
一点油,3,调味料
个人口味蒜蓉辣酱,3,调味料
机红糖,3,调味料
放盐盐,3,调味料
可省略蜂蜜,3,调味料
料包香料,3,调味料
或者腐乳汁,3,调味料
可不放红糖,3,调味料
勺赤藓糖醇,3,调味料
调羹绵白糖,3,调味料
油老抽醋,3,调味料
喜好添加砂糖,3,调味料
多克胡椒粉,3,调味料
量五香粉,3,调味料
花椒酱油,3,调味料
式辣椒粉,3,调味料
法式芥末籽酱,3,调味料
纯咖喱粉,3,调味料
孜然烤肉料,3,调味料
宽黄油,3,调味料
勺亚麻籽油,3,调味料
姜香叶,3,调味料
自己口味油,3,调味料
白砂糖淡奶油,3,调味料
海盐或普通食盐,3,调味料
即可番茄酱,3,调味料
量老干妈,3,调味料
点色素,3,调味料
酒代替料酒,3,调味料
表面白砂糖,3,调味料
黑胡椒盐橄榄油,3,调味料
花椒海椒,3,调味料
八角桂皮香料,3,调味料
个人口味青花椒,3,调味料
糖或者木糖醇,3,调味料
日本盐渍樱花,3,调味料
辣牛肉酱,3,调味料
油盐老抽料酒,3,调味料
鸡胸肉橄榄油,3,调味料
意大利混合调料,3,调味料
方便面料包,3,调味料
多少料酒,3,调味料
不倒翁咖喱粉,3,调味料
蜂蜜芥末汁,3,调味料
菜汤汁,3,调味料
盐黑胡椒橄榄油,3,调味料
黄金鹅油,3,调味料
味家乐浓汤宝,3,调味料
添加食色素,3,调味料
番茄准橄榄油,3,调味料
蜂蜜液,3,调味料
汤匙郫县豆瓣酱,3,调味料
担担面酱,3,调味料
瓷勺辣椒酱,3,调味料
或植物油,3,调味料
酱香油,3,调味料
个人口感糖,3,调味料
高汤或温水,3,调味料
稍多点油,3,调味料
保宁糯米白醋,3,调味料
味道调整盐,3,调味料
无夹心棉花糖,3,调味料
花椒姜水,3,调味料
喜好沙拉酱,3,调味料
或香叶,3,调味料
表面橄榄油,3,调味料
葡萄果醋,3,调味料
无糖椰浆粉,3,调味料
蚝油油,3,调味料
或淀粉,3,调味料
支食色素笔,3,调味料
小粒冰糖,3,调味料
一小碗生抽,3,调味料
底细砂糖,3,调味料
玉米油橄榄油,3,调味料
酒或者黄酒,3,调味料
火鸡面调料,3,调味料
干辣椒或辣椒酱,3,调味料
五花肉调料,3,调味料
意大利面调味酱,3,调味料
少盐黄油,3,调味料
糖黄冰糖,3,调味料
调整番茄酱,3,调味料
刷融化黄油,3,调味料
玫瑰精油,3,调味料
精或鸡精,3,调味料
宫保鸡丁调料,3,调味料
高汤一大碗,3,调味料
油/麻油,3,调味料
量辣椒面,3,调味料
辣汁,3,调味料
牛肉调料包,3,调味料
勺芝麻油,3,调味料
多一点点盐,3,调味料
淀粉或糯米粉,3,调味料
口味定蜂蜜,3,调味料
调料料,3,调味料
玉米油黄油,3,调味料
来油,3,调味料
蜂蜜老抽,3,调味料
机薄盐酱油,3,调味料
桂皮和八角,3,调味料
桂皮八角茴香,3,调味料
」酱油,3,调味料
味好美部队锅酱,3,调味料
蚝油葱花,3,调味料
淀粉红薯淀粉,3,调味料
辣椒面干辣椒,3,调味料
香油白胡椒粉,3,调味料
少玉米淀粉,3,调味料
肉调料,3,调味料
个人口味草莓酱,3,调味料
中细砂糖,3,调味料
常炒菜量盐,3,调味料
各淀粉,3,调味料
鹽糖醬油,3,调味料
茶勺辣椒油,3,调味料
羹匙橄榄油,3,调味料
粉料酒,3,调味料
高汤调味料,3,调味料
草果花椒,3,调味料
低糖板栗馅,3,调味料
味卤料,3,调味料
好黄酒,3,调味料
儿醋,3,调味料
或彩色砂糖,3,调味料
腊八蒜醋,3,调味料
沙拉酱或油醋汁,3,调味料
五香粉辣椒粉,3,调味料
番茄橄榄油,3,调味料
出汤汁,3,调味料
滴食油,3,调味料
龙舌兰花蜜,3,调味料
个人口味加糖,3,调味料
巴萨米可醋,3,调味料
可黄油,3,调味料
鸡精等调味料,3,调味料
量味精,3,调味料
奥尔良烤翅调料粉,3,调味料
水调匀水淀粉,3,调味料
老抽香油鸡精,3,调味料
酱或者蛋黄酱,3,调味料
可不放玉米淀粉,3,调味料
性耐高糖酵母,3,调味料
巧克力糖果,3,调味料
糖盐白胡椒粉,3,调味料
生抽老抽陈醋,3,调味料
分之牛油火锅底料,3,调味料
酱韩国辣酱,3,调味料
点玉米油,3,调味料
生蜂蜜,3,调味料
粉料酒适量,3,调味料
角桂皮香叶,3,调味料
瓷勺辣椒粉,3,调味料
味精花椒,3,调味料
小粒棉花糖,3,调味料
我没加糖,3,调味料
蜂蜜酱油,3,调味料
无糖杏干,3,调味料
就可以香油,3,调味料
入料酒,3,调味料
化红糖开水,3,调味料
一淡奶油,3,调味料
碟豆豉,3,调味料
食黑色素,3,调味料
辣酱调料,3,调味料
子芝麻油,3,调味料
新鲜椰汁,3,调味料
黄油或花生油,3,调味料
盐香油生抽,3,调味料
个人口味椒盐,3,调味料
和孜然粉,3,调味料
甜度糖粉,3,调味料
勺子胡椒粉,3,调味料
酱胡椒粉,3,调味料
手花椒,3,调味料
勺子豆瓣酱,3,调味料
甜面酱和豆瓣酱,3,调味料
锅底一层油,3,调味料
调试盐,3,调味料
肥羊火锅底料,3,调味料
汤匙红糖,3,调味料
日式面汁,3,调味料
自制苹果醋,3,调味料
机枫糖浆,3,调味料
红绿黄色素,3,调味料
平匙盐,3,调味料
酸辣椒酱,3,调味料
生抽.蚝油,3,调味料
量多一些油,3,调味料
发酵白糖,3,调味料
等其他调料,3,调味料
下白胡椒,3,调味料
色素液,3,调味料
啦番茄酱,3,调味料
八角草果香叶,3,调味料
薄薄一层即可油,3,调味料
八角桂皮大料,3,调味料
儿柠檬汁,3,调味料
口味郫县豆瓣酱,3,调味料
茶勺味极鲜,3,调味料
可白糖,3,调味料
酱或者烧烤酱,3,调味料
来点盐,3,调味料
或代糖,3,调味料
零卡糖浆,3,调味料
甜度添加蜂蜜,3,调味料
支李锦记卤水汁,3,调味料
多少老抽,3,调味料
麻辣香锅辣酱,3,调味料
慕斯细砂糖,3,调味料
李锦记桂林辣椒酱,3,调味料
鸡精盐淀粉,3,调味料
香辣香菇酱,3,调味料
自制寿司醋,3,调味料
適量調味料,3,调味料
水代替高汤,3,调味料
炒菜多一倍油,3,调味料
一辣椒面,3,调味料
柠檬汁或朗姆酒,3,调味料
自己喜欢甜度红糖,3,调味料
子量菜籽油,3,调味料
麻婆酱,3,调味料
卡仕达奶酱,3,调味料
汁调料,3,调味料
糖渍水果,3,调味料
少放老抽,3,调味料
和蒸鱼豉油,3,调味料
点姜粉,3,调味料
或白糖或冰糖,3,调味料
分之植物油,3,调味料
几下黑胡椒,3,调味料
奶油酱黄油,3,调味料
水果软糖,3,调味料
各黄油,3,调味料
鲜黄豆酱,3,调味料
是油,3,调味料
看着办冰糖,3,调味料
小勺白胡椒粉,3,调味料
西梅酱,3,调味料
或者淀粉,3,调味料
色惠尔通食色素,3,调味料
糖霜或白糖,3,调味料
香油鸡精,3,调味料
青柠青柠汁,3,调味料
白砂糖少许,3,调味料
白糖食盐,3,调味料
宴会酱蘸汁,3,调味料
好白砂糖,3,调味料
五香叶,3,调味料
堆花椒,3,调味料
即可十三香,3,调味料
即可鸡精,3,调味料
红糖馒头,3,调味料
口味自定盐,3,调味料
香醋米醋,3,调味料
十三香适量,3,调味料
而加盐,3,调味料
加多少盐,3,调味料
淀粉味精,3,调味料
勺子料酒,3,调味料
好玉米油,3,调味料
无铝膨松剂,3,调味料
酱海天黄豆酱,3,调味料
人口味郫县豆瓣酱,3,调味料
酒黑胡椒,3,调味料
油或玉米油或猪油,3,调味料
羹料包,3,调味料
多放一点油,3,调味料
挤出汁柠檬汁,3,调味料
盐料酒酱油,3,调味料
所需盐,3,调味料
八角桂皮料酒,3,调味料
鸡粉或盐,3,调味料
粉酱油料酒,3,调味料
半菜籽油,3,调味料
多一些生抽,3,调味料
啥酱,3,调味料
鱼黄金比例调和油,3,调味料
海带高汤,3,调味料
糖巧克力酱,3,调味料
泡面调料包,3,调味料
和腌料,3,调味料
白胡椒粉酱油,3,调味料
糖醋酱,3,调味料
克数糖,3,调味料
定量糖,3,调味料
牛油锅底料,3,调味料
黑胡椒烧烤酱,3,调味料
」盐,3,调味料
酒蜂蜜,3,调味料
酒或者白兰地,3,调味料
天妇罗蘸汁,3,调味料
花椒香叶干辣椒,3,调味料
儿酱油,3,调味料
糖块,3,调味料
无味橄榄油,3,调味料
生抽等,3,调味料
多少红糖,3,调味料
子香缇奶油,3,调味料
上玉米淀粉,3,调味料
步骤白胡椒粉,3,调味料
香醋汁,3,调味料
哦冰糖,3,调味料
勺半老抽,3,调味料
水芡汁,3,调味料
浓汤宝清鸡靓汤,3,调味料
味红糖,3,调味料
可不放砂糖,3,调味料
就好番茄酱,3,调味料
或者黑胡椒粉,3,调味料
糖黄酒鸡精,3,调味料
喜好添加醋,3,调味料
调味勺砂糖,3,调味料
少孜然粉,3,调味料
盖住锅底油,3,调味料
个人喜好油,3,调味料
极味鲜生抽,3,调味料
搓糖,3,调味料
咖喱鸡肉,3,调味料
任意蜂蜜,3,调味料
辣椒八角香叶桂皮,3,调味料
调整黄油,3,调味料
酸菜酱,3,调味料
海天鲜味生抽,3,调味料
马铃薯淀粉淀粉,3,调味料
色即可生抽,3,调味料
葱调料,3,调味料
喜欢黑胡椒,3,调味料
少花椒,3,调味料
色进口食色素,3,调味料
喜好添加白砂糖,3,调味料
粉色糖霜,3,调味料
和花椒面,3,调味料
勺东北大酱,3,调味料
片黄油,3,调味料
按自己口味冰糖,3,调味料
甜可多加白糖,3,调味料
多韩式辣酱,3,调味料
总量盐,3,调味料
酱大酱,3,调味料
比例糖,3,调味料
油生抽淀粉,3,调味料
人口味辣椒粉,3,调味料
加入酱油,3,调味料
点就行盐,3,调味料
冷面汁,3,调味料
橄榄油或菜籽油,3,调味料
奶油或果酱,3,调味料
决定是否加盐,3,调味料
原味芝麻酱,3,调味料
喜欢色素,3,调味料
或芥末酱,3,调味料
可放可不放香油,3,调味料
糖提鲜,3,调味料
好梦多咖喱块,3,调味料
炒菜量多一点油,3,调味料
李锦记甜酱油,3,调味料
姜八角桂皮,3,调味料
个人喜好味精,3,调味料
茶卡士达酱,3,调味料
好白酒,3,调味料
味烧烤酱,3,调味料
花生芝麻糖,3,调味料
精炼椰子油,3,调味料
料或火锅底料,3,调味料
鲁花黑糯米醋,3,调味料
酱油.蚝油,3,调味料
粉盐鸡精,3,调味料
烤肉酱料,3,调味料
老酒或黄酒,3,调味料
或麻辣香锅底料,3,调味料
五分之一淀粉,3,调味料
底糖,3,调味料
个人爱好糖,3,调味料
或日式酱油,3,调味料
酱甜面酱,3,调味料
瓷勺红薯淀粉,3,调味料
白松露油,3,调味料
糖番茄沙司,3,调味料
臣鱼胶粉,3,调味料
调整赤藓糖醇,3,调味料
酱各种酱,3,调味料
那么大桂皮,3,调味料
自己喜好添加白糖,3,调味料
葱姜蒜等调料,3,调味料
淀粉澄粉,3,调味料
蒜香辣椒酱,3,调味料
可不小苏打,3,调味料
许芝麻油,3,调味料
郫县豆酱,3,调味料
多少克糖,3,调味料
任意酱料,3,调味料
白糖盐淀粉,3,调味料
搓茴香,3,调味料
胡椒粉或椒盐粉,3,调味料
多少放多少辣椒粉,3,调味料
无所谓料酒,3,调味料
黄灯笼椒辣酱,3,调味料
十三香料酒,3,调味料
汤匙猪油,3,调味料
抖十三香,3,调味料
放就行盐,3,调味料
辣就多放点辣椒粉,3,调味料
油香油盐,3,调味料
松子油,3,调味料
适当放盐,3,调味料
草果干辣椒,3,调味料
捏胡椒粉,3,调味料
料酒啤酒,3,调味料
豆瓣酱耗油,3,调味料
耗油适量,3,调味料
白糖白醋,3,调味料
砂糖煮贝果糖水,3,调味料
一些胡椒粉,3,调味料
加五香粉,3,调味料
豆瓣酱花椒,3,调味料
三下黑胡椒,3,调味料
一小块冰糖,3,调味料
水或花椒水,3,调味料
冰糖和白糖,3,调味料
减酵母,3,调味料
李锦记鸡汁,3,调味料
淀粉腌肉,3,调味料
油或者其他植物油,3,调味料
茶勺老干妈,3,调味料
或者糖粉,3,调味料
胡椒粉葱花,3,调味料
鸡汤浓缩汁,3,调味料
或绵白糖,3,调味料
砂糖或者白糖,3,调味料
桂皮八角花椒,3,调味料
就好十三香,3,调味料
汁盐,3,调味料
色素或者红曲粉,3,调味料
和盐巴,3,调味料
蚝油十三香,3,调味料
肉色拉油,3,调味料
黑椒盐,3,调味料
苏籽油,3,调味料
花椒粉鸡精,3,调味料
辣辣椒面,3,调味料
调料勺白胡椒粉,3,调味料
鲜鸡精,3,调味料
再放盐,3,调味料
白胡椒方便面,3,调味料
一点鸡精,3,调味料
据个人口味花椒粉,3,调味料
辣年糕酱,3,调味料
盐味,3,调味料
放一丢丢盐,3,调味料
浓度麦芽糖浆,3,调味料
白醋代替柠檬汁,3,调味料
馅白砂糖,3,调味料
糖白胡椒粉,3,调味料
墨西哥胡椒,3,调味料
沙拉酱和番茄酱,3,调味料
醋味精,3,调味料
红茶栗子酱,3,调味料
机番茄酱,3,调味料
桃子汁,3,调味料
胡椒味精盐,3,调味料
婴幼儿机酱油,3,调味料
吉利丁冻,3,调味料
菜辣酱,3,调味料
磨坊红辣椒粉,3,调味料
人口味盐巴,3,调味料
生姜黑糖,3,调味料
勺海天黄豆酱,3,调味料
色生抽,3,调味料
香草糖霜,3,调味料
安格斯酱,3,调味料
随喜好冰糖,3,调味料
底淀粉,3,调味料
牌韩式辣酱,3,调味料
砂糖适量,3,调味料
色黄色色素,3,调味料
油.生抽,3,调味料
牛轧糖配方,3,调味料
无糖泡菜,3,调味料
面团-干酵母,3,调味料
口味加生抽,3,调味料
表面植物油,3,调味料
坨韩式辣酱,3,调味料
喜欢沙拉酱,3,调味料
粉生抽料酒,3,调味料
味腰果奶油,3,调味料
低度数白酒,3,调味料
肉片调料,3,调味料
点孜然粉,3,调味料
包子饺子调料,3,调味料
家乐鸡精,3,调味料
料红糖,3,调味料
说明生抽,3,调味料
蟹油,3,调味料
和调料包,3,调味料
虾高汤,3,调味料
心棉花糖,3,调味料
酱油或海鲜酱油,3,调味料
香草精或香草荚,3,调味料
鸡调味酱,3,调味料
吃饭勺生抽,3,调味料
天然花生酱,3,调味料
胡椒五香粉,3,调味料
量八角桂皮,3,调味料
蘸酱油,3,调味料
鹃城牌豆瓣酱,3,调味料
盐和十三香,3,调味料
加糖或蜂蜜,3,调味料
黄油抹酱,3,调味料
喷射稀奶油,3,调味料
糖或黑糖,3,调味料
了食盐,3,调味料
姜粉或姜汁,3,调味料
低碳水酱油,3,调味料
各一小撮盐,3,调味料
酵母白糖,3,调味料
油或橄榄油或黄油,3,调味料
红糖面粉,3,调味料
打發鮮奶油,3,调味料
点白胡椒,3,调味料
就可盐,3,调味料
表面细砂糖,3,调味料
面糊黄油,3,调味料
或动物奶油,3,调味料
调整咸度盐,3,调味料
油盐调味品,3,调味料
个人口感放盐,3,调味料
牌添丁甜醋,3,调味料
青柠风味辣椒汁,3,调味料
勺水淀粉水,3,调味料
焦糖白砂糖,3,调味料
盐或喜马拉雅粉盐,3,调味料
口味加花椒,3,调味料
调味勺味精,3,调味料
多鸡精,3,调味料
味蛋黄酱,3,调味料
酸奶无糖,3,调味料
包盐焗鸡粉,3,调味料
冰糖盐味精,3,调味料
酸梅汤材料包,3,调味料
蔬之鲜或鸡精,3,调味料
口味甜面酱,3,调味料
你口味冰糖,3,调味料
酸汤肥牛汁,3,调味料
料酒白芝麻,3,调味料
香锅酱,3,调味料
生抽盐耗油,3,调味料
醋生抽老抽,3,调味料
自制调料,3,调味料
陶瓷勺耗油,3,调味料
子韩国辣酱,3,调味料
薄芡水淀粉,3,调味料
白砂糖或者绵白糖,3,调味料
量多一点花生油,3,调味料
桂皮八角香料,3,调味料
花椒爆香,3,调味料
桂皮生姜,3,调味料
味底料,3,调味料
虾仁调味料,3,调味料
大汤勺生抽,3,调味料
胡椒粉葱姜蒜,3,调味料
好花椒油,3,调味料
炼乳或沙拉酱,3,调味料
很多白胡椒粉,3,调味料
家秘制辣椒油,3,调味料
上黄油,3,调味料
干辣椒酱,3,调味料
海南黄灯笼酱,3,调味料
油或无盐黄油,3,调味料
冰糖鸡精,3,调味料
辣椒炒肉调味料,3,调味料
胡椒粉盐糖,3,调味料
煎鱼调料,3,调味料
勺子淀粉,3,调味料
吃饭勺子料酒,3,调味料
桂皮白酒,3,调味料
子披萨酱,3,调味料
生抽料酒老抽,3,调味料
自己口味五香粉,3,调味料
酸菜鱼底料,3,调味料
姜片盐,3,调味料
酱油鱼露,3,调味料
桂皮各,3,调味料
多一点香油,3,调味料
可以不放醋,3,调味料
勺苹果醋,3,调味料
酱油或鱼露,3,调味料
一般油,3,调味料
放辣椒面,3,调味料
盐鸡精醋,3,调味料
牛肉烤肉酱,3,调味料
葱白胡椒粉,3,调味料
克白胡椒粉,3,调味料
铁勺老抽,3,调味料
装饰白糖,3,调味料
精制细砂糖,3,调味料
鸡汁浓汤宝,3,调味料
碟蒸鱼豉油,3,调味料
口味加量盐,3,调味料
一半木薯淀粉,3,调味料
喜好增减糖,3,调味料
汤底调料,3,调味料
碎黄油,3,调味料
腌肉汁,3,调味料
李锦记生抽酱油,3,调味料
香油淀粉,3,调味料
块腐乳,3,调味料
糖提味,3,调味料
子小苏打,3,调味料
姜粉或生姜,3,调味料
油白砂糖,3,调味料
木糖醇白糖,3,调味料
份量生抽,3,调味料
色拉油玉米油,3,调味料
其他你喜欢酱,3,调味料
口味而定白糖,3,调味料
發酵黃油,3,调味料
准酱油,3,调味料
酱沙茶酱,3,调味料
白芝麻辣椒面,3,调味料
分之一蚝油,3,调味料
量亚麻籽油,3,调味料
据口味蜂蜜,3,调味料
生酱油,3,调味料
口味放花椒,3,调味料
多加盐,3,调味料
桂花红烧酱,3,调味料
肉量酱油,3,调味料
人口味研磨黑胡椒,3,调味料
程度花椒,3,调味料
液体调料,3,调味料
全麦天然酵母,3,调味料
少老干妈,3,调味料
加芝麻油,3,调味料
红烩调料,3,调味料
炖牛肉料包,3,调味料
酱酱油,3,调味料
胡椒或胡椒粉,3,调味料
糖煮贝果糖水,3,调味料
个人喜好花椒粉,3,调味料
指甲盖桂皮,3,调味料
杨梅果酱,3,调味料
口味下糖,3,调味料
综合调味料,3,调味料
骨汤或浓汤宝,3,调味料
口味调节蜂蜜,3,调味料
番茄浓汁,3,调味料
一级豆瓣酱,3,调味料
些蚝油,3,调味料
些酱油,3,调味料
辣糟卤,3,调味料
牛肉面酱,3,调味料
白糖盐鸡精,3,调味料
底玉米淀粉,3,调味料
一样多酱油,3,调味料
腌制调料如下,3,调味料
面皮黄油,3,调味料
鸭汤料,3,调味料
糖浆细砂糖,3,调味料
奥尔良烤鸡翅腌料,3,调味料
添加辣椒粉,3,调味料
个人口味而定冰糖,3,调味料
酱或者老干妈,3,调味料
黑胡椒粉盐,3,调味料
橄榄油或者核桃油,3,调味料
冰糖八角,3,调味料
和食油,3,调味料
香醋香油,3,调味料
料酒两勺,3,调味料
量无盐黄油,3,调味料
调好水淀粉,3,调味料
五香粉或胡椒粉,3,调味料
锅火锅底料,3,调味料
胡椒生抽,3,调味料
海堤辣椒酱,3,调味料
寿喜酱油,3,调味料
八角白芷,3,调味料
酱或蛋黄酱,3,调味料
增减黄冰糖,3,调味料
健康平衡盐,3,调味料
汁或生抽,3,调味料
喜好白胡椒粉,3,调味料
生抽蜂蜜,3,调味料
沾水辣椒面,3,调味料
盐胡椒粉少许,3,调味料
耗油或鲍鱼汁,3,调味料
海鲜调味料,3,调味料
口味其他调味料,3,调味料
昆布汁,3,调味料
陈皮桂皮,3,调味料
耗油香油,3,调味料
料酒生抽老抽白糖,3,调味料
酒白酒,3,调味料
冬瓜角糖,3,调味料
糖酵母-乐斯福,3,调味料
美国进口食色素,3,调味料
无盐坚果,3,调味料
汤匙白酒,3,调味料
丢丢巧克力酱,3,调味料
情况老抽,3,调味料
红椒花椒,3,调味料
辣味调料,3,调味料
机苹果醋,3,调味料
白酒高度,3,调味料
炼奶或蜂蜜,3,调味料
太咸酱油,3,调味料
等调料包,3,调味料
陈皮料酒,3,调味料
韩式小酱,3,调味料
盐和现磨胡椒粉,3,调味料
不喜欢黑胡椒,3,调味料
无糖蛋黄酱,3,调味料
焙煎芝麻汁,3,调味料
香油糖,3,调味料
汤匙菜籽油,3,调味料
红薯淀粉水,3,调味料
蒜蓉酱汁,3,调味料
柠檬油,3,调味料
馅淡奶油,3,调味料
哈哈哈油,3,调味料
五香粉白胡椒,3,调味料
农家花生油,3,调味料
一品鲜大酱,3,调味料
色素或果蔬粉,3,调味料
放酵母,3,调味料
味极鲜白糖,3,调味料
胡椒粉食油,3,调味料
啦料酒,3,调味料
夹层淡奶油,3,调味料
加入黑胡椒,3,调味料
一层橄榄油,3,调味料
多小茴香,3,调味料
鸡精味精胡椒粉,3,调味料
增减黑胡椒,3,调味料
面团橄榄油,3,调味料
生粉生抽,3,调味料
瓷勺菜籽油,3,调味料
是调料,3,调味料
调整甜度白砂糖,3,调味料
喜好添加冰糖,3,调味料
下饭酱,3,调味料
自制红酱,3,调味料
焙煎沙拉酱,3,调味料
陶瓷勺老抽,3,调味料
个人口味添加料酒,3,调味料
来料酒,3,调味料
口味而定辣椒面,3,调味料
胡椒粉盐味精,3,调味料
白酒或朗姆酒,3,调味料
就好花生油,3,调味料
调整白砂糖,3,调味料
耗油盐鸡精,3,调味料
不放醋,3,调味料
冰糖心苹果,3,调味料
两圈黑胡椒,3,调味料
酱油料酒等,3,调味料
三分之二蜂蜜,3,调味料
哈油,3,调味料
韩国黄糖,3,调味料
糖葱,3,调味料
四下黑胡椒,3,调味料
量来白糖,3,调味料
自己口味花椒面,3,调味料
料酒盐酱油,3,调味料
斑斓叶汁,3,调味料
粉或味精,3,调味料
鲜味精,3,调味料
酥心糖,3,调味料
蚝油生抽老抽,3,调味料
汤勺生抽酱油,3,调味料
玉米油色拉油,3,调味料
吧花椒粉,3,调味料
不知道盐,3,调味料
酒或清酒,3,调味料
太古黄金糖浆,3,调味料
或小苏打,3,调味料
卡路里减半沙拉酱,3,调味料
调味高汤,3,调味料
人口味酌情添加盐,3,调味料
牛奶榨汁,3,调味料
味耗油,3,调味料
甜蜂蜜,3,调味料
口味放黑胡椒,3,调味料
定沙拉酱,3,调味料
挤出橙汁,3,调味料
口味加白砂糖,3,调味料
一点泡打粉,3,调味料
好乐门沙拉酱,3,调味料
黄金比例食调和油,3,调味料
香草膏或香草精,3,调味料
子汁或柠檬汁,3,调味料
明太子鱼酱,3,调味料
菌汤调料,3,调味料
蛋清白砂糖,3,调味料
油盐黑胡椒粉,3,调味料
喜欢甜度白糖,3,调味料
三文鱼油,3,调味料
点椒盐,3,调味料
加孜然粉,3,调味料
纯酿造酱油,3,调味料
籽油或植物油,3,调味料
黄油植物油,3,调味料
即磨黑胡椒,3,调味料
酱油1,3,调味料
调料老抽,3,调味料
赤味噌酱,3,调味料
风味意面酱,3,调味料
老抽各,3,调味料
无糖淡奶油,3,调味料
靓汤浓汤宝,3,调味料
个人喜好豆豉,3,调味料
馅糖粉,3,调味料
蒜香海盐,3,调味料
或红薯淀粉,3,调味料
去腥白酒,3,调味料
或腐乳,3,调味料
糖面粉,3,调味料
花生油橄榄油,3,调味料
或者小苏打,3,调味料
生抽白胡椒粉,3,调味料
洒黑胡椒,3,调味料
鸡饭酱油,3,调味料
菌菇浓汤宝,3,调味料
大藏芥末,3,调味料
味生抽,3,调味料
菌菇汤底,3,调味料
了蚝油,3,调味料
了五香粉,3,调味料
按自己口味鸡精,3,调味料
蚝油花椒粉,3,调味料
淀粉小苏打,3,调味料
椒盐适量,3,调味料
辣椒粉或辣椒面,3,调味料
一些料酒,3,调味料
日式凉拌汁,3,调味料
味好美冬阴功酱,3,调味料
炒菜多一点植物油,3,调味料
小匙白胡椒粉,3,调味料
盐料酒姜,3,调味料
口味调整蜂蜜,3,调味料
添加砂糖,3,调味料
罗勒意大利面酱,3,调味料
多一倍盐,3,调味料
辣椒面花椒粉,3,调味料
料勺五香粉,3,调味料
赤蘚糖醇,3,调味料
口味味极鲜酱油,3,调味料
烤冷面酱,3,调味料
儿泡打粉,3,调味料
甜味白糖,3,调味料
生姜盐,3,调味料
增色老抽,3,调味料
放了盐,3,调味料
些胡椒粉,3,调味料
饭酱汁,3,调味料
胡椒粉番茄酱,3,调味料
平勺玉米淀粉,3,调味料
或黑椒汁,3,调味料
少一丢丢盐,3,调味料
个人口味克盐,3,调味料
情况冰糖,3,调味料
成淀粉水淀粉,3,调味料
吃调料,3,调味料
盐食盐,3,调味料
放砂糖,3,调味料
勺李锦记红烧汁,3,调味料
多味精,3,调味料
砂糖或者棉糖,3,调味料
调料或者火锅底料,3,调味料
汤匙麻油,3,调味料
个人喜好花椒油,3,调味料
粉生姜粉,3,调味料
剩余淡奶油,3,调味料
酿白酒,3,调味料
酱油糖醋,3,调味料
清高汤,3,调味料
步骤其他调味料,3,调味料
刷蜂蜜,3,调味料
水白砂糖,3,调味料
了八角,3,调味料
水煮肉片调料,3,调味料
薄盐鲜,3,调味料
蒜橄榄油,3,调味料
一小把花椒,3,调味料
倒点酱油,3,调味料
胡椒粉芝麻,3,调味料
比例天然酵母,3,调味料
调整酱油,3,调味料
专酱,3,调味料
酱油盐油,3,调味料
来勾芡淀粉,3,调味料
薄鹽醬油,3,调味料
油海鲜酱油,3,调味料
可以加盐,3,调味料
准食油,3,调味料
准油,3,调味料
量姜粉,3,调味料
灵魂酱料,3,调味料
桂皮草果,3,调味料
调整糖粉,3,调味料
红糖克红糖,3,调味料
焦糖醬,3,调味料
个人喜好淡奶油,3,调味料
酱或豆豉酱,3,调味料
部分细砂糖,3,调味料
调整沙拉酱,3,调味料
一些黑胡椒,3,调味料
大蒜盐,3,调味料
汤酱豆腐,3,调味料
就行黑胡椒,3,调味料
分之咖喱粉,3,调味料
或者蒸鱼豉油,3,调味料
油或芝麻香油,3,调味料
花酱,3,调味料
倍橄榄油,3,调味料
三分之一玉米淀粉,3,调味料
糖麦片,3,调味料
一点冰糖,3,调味料
或红糖水,3,调味料
饺子包子调料,3,调味料
美极鲜蚝油,3,调味料
汤匙小茴香,3,调味料
原味香菇酱,3,调味料
碟寿司酱油,3,调味料
糖浆或蜜糖,3,调味料
料酒.生抽,3,调味料
辣椒粉少量,3,调味料
就多放点糖,3,调味料
里调料,3,调味料
调整冰糖,3,调味料
椰汁椰汁,3,调味料
饼酱,3,调味料
太妃糖浆,3,调味料
油白糖适量,3,调味料
了白胡椒粉,3,调味料
醋料酒生抽,3,调味料
泡花椒水,3,调味料
自己口味砂糖,3,调味料
放干辣椒粉,3,调味料
紅酒醋,3,调味料
麻油或玉米油,3,调味料
适量白糖,3,调味料
冰糖燕窝,3,调味料
煮汤底,3,调味料
打发过头奶油,3,调味料
多少放多少辣椒面,3,调味料
各人口味盐,3,调味料
一点麻油,3,调味料
或者植物油,3,调味料
开芝麻酱,3,调味料
海盐或粉盐,3,调味料
味儿生抽,3,调味料
过玉米粒玉米油,3,调味料
酱料酒,3,调味料
倍量食油,3,调味料
些油,3,调味料
表面孜然粉,3,调味料
醋冰糖,3,调味料
任何你喜欢酱料,3,调味料
盐白胡椒粉料酒,3,调味料
两转黑胡椒,3,调味料
生抽香醋盐,3,调味料
喜欢冰糖,3,调味料
内黄油,3,调味料
海天辣豆瓣酱,3,调味料
食盐少许,3,调味料
碗油,3,调味料
多勺白砂糖,3,调味料
排骨料酒,3,调味料
量初榨橄榄油,3,调味料
多放酱油,3,调味料
油或其他熟油,3,调味料
桂花糖粉,3,调味料
烧肉酱汁,3,调味料
豆料包,3,调味料
重淡奶油,3,调味料
多点蚝油,3,调味料
陈皮花椒,3,调味料
桂皮花椒大料,3,调味料
酱辣椒油,3,调味料
烧酱油,3,调味料
煎芝麻沙拉汁,3,调味料
麻辣小龙虾调料包,3,调味料
各椒盐,3,调味料
液细砂糖,3,调味料
尽量少放盐,3,调味料
糖香油,3,调味料
装饰糖豆,3,调味料
花椒油生抽,3,调味料
王守义炖肉料包,3,调味料
勺酵母,3,调味料
吃火锅底料,3,调味料
口味白糖,3,调味料
调和食油,3,调味料
色绿色色素,3,调味料
你喜欢白糖,3,调味料
酱蚝油,3,调味料
剩淡奶油,3,调味料
一点黑胡椒,3,调味料
好花生油,3,调味料
蚝油酱油糖,3,调味料
腌肉酱料,3,调味料
喜好椒盐粉,3,调味料
加味极鲜酱油,3,调味料
王守義十三香,3,调味料
口味酌情添加盐,3,调味料
记叉烧酱,3,调味料
色就行老抽,3,调味料
量来盐,3,调味料
辣椒粉胡椒粉,3,调味料
麻椒或者花椒,3,调味料
食调料,3,调味料
鳀鱼汁,3,调味料
碱化纯可可粉,3,调味料
酱油等调味料,3,调味料
咯糖,3,调味料
马琳糖,3,调味料
小麻油,3,调味料
茶匙五香粉,3,调味料
食油黄油,3,调味料
海盐饼干,3,调味料
加吧蜂蜜,3,调味料
冬阴功汤酱,3,调味料
葱末香油,3,调味料
植物油猪油,3,调味料
杯白酒,3,调味料
白芝麻辣椒粉,3,调味料
程度辣椒粉,3,调味料
香叶水,3,调味料
鲜淡奶油,3,调味料
酸奶芥末酱,3,调味料
或者猪板油,3,调味料
花生芝麻混合酱,3,调味料
生抽冰糖盐,3,调味料
样花椒,3,调味料
香叶香料,3,调味料
生抽黄酒,3,调味料
豆豉蒸鱼油,3,调味料
色香油,3,调味料
下花椒粉,3,调味料
鸡粉香油,3,调味料
孜然粉少许,3,调味料
辣酱或郫县豆瓣酱,3,调味料
上色就好生抽,3,调味料
沙司番茄酱,3,调味料
茶勺第戎芥末,3,调味料
牌咖喱酱,3,调味料
自己口味老抽,3,调味料
老抽等调料,3,调味料
茶匙番茄酱,3,调味料
料和调料,3,调味料
胡椒粉辣椒,3,调味料
个人口味加辣椒油,3,调味料
泰式香辣酱,3,调味料
口味增减盐,3,调味料
少黄油,3,调味料
口料酒,3,调味料
自制蓝莓酱,3,调味料
各种酱汁,3,调味料
圈研磨黑胡椒,3,调味料
勺木薯淀粉,3,调味料
人喜好糖粉,3,调味料
儿番茄酱,3,调味料
椒盐油,3,调味料
味极鲜香油,3,调味料
菜量食油,3,调味料
醋泡黑豆,3,调味料
糖量冰糖,3,调味料
化成液体黄油,3,调味料
煎焙芝麻沙拉汁,3,调味料
黑老抽,3,调味料
椒油藤椒油,3,调味料
自己口味吧盐,3,调味料
芝麻油生抽,3,调味料
油泼辣子辣椒油,3,调味料
糖或红糖粉,3,调味料
或香醋,3,调味料
调咸淡盐,3,调味料
果甜度糖,3,调味料
醋盐鸡精,3,调味料
口咖喱,3,调味料
个人黑胡椒,3,调味料
勺半糖,3,调味料
大小量蚝油,3,调味料
多白醋,3,调味料
那么多香油,3,调味料
勺细辣椒面,3,调味料
指长度桂皮,3,调味料
油醋盐,3,调味料
冒菜底料,3,调味料
任何你喜欢酱,3,调味料
酱肉调料包,3,调味料
式沙拉酱汁,3,调味料
茶勺菜籽油,3,调味料
分之一柠檬汁,3,调味料
魔鬼辣椒粉,3,调味料
杨枝甘露,3,调味料
柚子调味汁,3,调味料
盐味精香油,3,调味料
口味放入生抽,3,调味料
鱼腌料,3,调味料
是否添加盐,3,调味料
蘑菇汤料,3,调味料
糖-蛋白霜,3,调味料
酱芝麻油,3,调味料
杏鲍菇酱,3,调味料
黄桃罐头糖水,3,调味料
或肉酱,3,调味料
白醋或者柠檬,3,调味料
香辣椒面,3,调味料
买香料包,3,调味料
粉糖粉,3,调味料
炒勺醋,3,调味料
拉面调料,3,调味料
挤太太乐鲜鸡汁,3,调味料
量多一点油,3,调味料
哦盐,3,调味料
淀粉黑胡椒,3,调味料
盐渍柠檬,3,调味料
式棉花糖,3,调味料
香精油,3,调味料
即可细砂糖,3,调味料
部分调料,3,调味料
喜欢细砂糖,3,调味料
量桂皮,3,调味料
放一点盐,3,调味料
调味料区,3,调味料
越南辣酱,3,调味料
煎鱼调料粉,3,调味料
鱼酱油,3,调味料
盐调味品,3,调味料
和酱油,3,调味料
口味白砂糖或冰糖,3,调味料
糖加水,3,调味料
材料猪油,3,调味料
油和菜籽油,3,调味料
料包调料,3,调味料
薄薄一层油,3,调味料
三分之二料酒,3,调味料
辣椒花椒豆瓣酱,3,调味料
白砂糖或炼乳,3,调味料
味精耗油,3,调味料
蜂蜜或龙舌兰糖浆,3,调味料
淀粉各一半,3,调味料
五香粉等等,3,调味料
大小油,3,调味料
调味勺白砂糖,3,调味料
番茄酱代替披萨酱,3,调味料
蚝油生粉,3,调味料
糖浆清水,3,调味料
红火锅底料,3,调味料
香叶桂皮茴香,3,调味料
五香粉适量,3,调味料
调节白砂糖,3,调味料
了辣椒粉,3,调味料
增加蜂蜜,3,调味料
是柠檬汁,3,调味料
匙花生油,3,调味料
麻辣香肠调料,3,调味料
辣椒冰糖,3,调味料
糖粉装饰,3,调味料
盐酱油十三香,3,调味料
茶香缇奶油,3,调味料
味糖浆,3,调味料
一些孜然粉,3,调味料
脱脂沙拉酱,3,调味料
一小撮海盐,3,调味料
人口味添加细砂糖,3,调味料
股生抽,3,调味料
火锅底料豆瓣酱,3,调味料
辣椒粉或者干辣椒,3,调味料
料酒盐老抽,3,调味料
不白胡椒粉,3,调味料
分之王守义十三香,3,调味料
成糖粉,3,调味料
山茶油或橄榄油,3,调味料
放蒸鱼豉油,3,调味料
小番茄橄榄油,3,调味料
味辣酱,3,调味料
料酒油盐,3,调味料
不放五香粉,3,调味料
鲜或蚝油,3,调味料
辣咖喱粉,3,调味料
个人口味柠檬汁,3,调味料
新奥尔良烤鸡腌料,3,调味料
果酱或蜂蜜,3,调味料
花椒油花椒,3,调味料
盐糖生抽蚝油,3,调味料
茶匙耗油,3,调味料
姜陈皮,3,调味料
味道油,3,调味料
草菇生抽,3,调味料
糖生抽老抽,3,调味料
油料酒白糖,3,调味料
胡椒粉大蒜,3,调味料
一小撮黑胡椒粉,3,调味料
子五香粉,3,调味料
一些白醋,3,调味料
油或胡麻油,3,调味料
点韩式辣酱,3,调味料
五香调料,3,调味料
等量生抽,3,调味料
蒸鱼豉油或生抽,3,调味料
生抽和料酒,3,调味料
液态无盐黄油,3,调味料
胡椒鸡胸肉,3,调味料
油食盐,3,调味料
粉黑胡椒粉,3,调味料
油和玉米油,3,调味料
糖馅儿,3,调味料
酱油一勺,3,调味料
风味底料,3,调味料
鸡肉淀粉,3,调味料
磨坊冷研白胡椒粉,3,调味料
白胡椒粉花椒,3,调味料
几片香叶,3,调味料
灵魂调料,3,调味料
吧番茄酱,3,调味料
松茸骨汤调味料,3,调味料
料淡奶油,3,调味料
章鱼小丸子酱,3,调味料
意大利青酱,3,调味料
茶勺卡宴辣椒粉,3,调味料
纸杯油,3,调味料
放玉米油,3,调味料
粉食油,3,调味料
也行白糖,3,调味料
香辣椒粉,3,调味料
淀粉盐糖,3,调味料
意粉肉酱,3,调味料
粉调味料,3,调味料
匙小苏打粉,3,调味料
桂皮干辣椒,3,调味料
各玉米淀粉,3,调味料
多玉米油,3,调味料
生菜盐,3,调味料
炒菜略多食油,3,调味料
鸡精白胡椒,3,调味料
花椒粉或白胡椒粉,3,调味料
加加酱油,3,调味料
略多盐,3,调味料
调味奶油,3,调味料
黑胡椒耗油,3,调味料
椒粉和孜然粉,3,调味料
粒糖,3,调味料
浓汤宝一个,3,调味料
香叶两片,3,调味料
口味克细砂糖,3,调味料
浓缩青柠汁,3,调味料
油白胡椒粉,3,调味料
角香叶,3,调味料
就行香油,3,调味料
多克冰糖,3,调味料
孜然粉和辣椒粉,3,调味料
各黑胡椒,3,调味料
几圈黑胡椒,3,调味料
口味生抽,3,调味料
糖-蛋黄,3,调味料
少辣酱,3,调味料
蘑菇高汤,3,调味料
定量白糖,3,调味料
羹鱼露,3,调味料
一炒勺蚝油,3,调味料
上黑胡椒粉,3,调味料
尝着加盐,3,调味料
调味料蚝油,3,调味料
图花椒,3,调味料
三分之一冰糖,3,调味料
平汤匙白糖,3,调味料
油鸡精少许,3,调味料
锅底猪油,3,调味料
中木糖醇,3,调味料
滴香草荚或香草精,3,调味料
多色拉油,3,调味料
干辣椒桂皮香叶,3,调味料
熟油辣椒油,3,调味料
菜生抽,3,调味料
平勺蒸鱼豉油,3,调味料
装饰防潮糖粉,3,调味料
红色豆腐乳,3,调味料
子细砂糖,3,调味料
自己尝尝盐,3,调味料
比例盐,3,调味料
料花椒粉,3,调味料
料五香粉,3,调味料
油盐葱姜,3,调味料
自己口味咖喱,3,调味料
些白砂糖,3,调味料
即可米醋,3,调味料
高汤粉或鸡精,3,调味料
荔枝糖水,3,调味料
羹细砂糖,3,调味料
香草精可选,3,调味料
料酒十三香,3,调味料
香醋或白醋,3,调味料
香叶肉桂,3,调味料
糖海绵蛋糕,3,调味料
或红色色素,3,调味料
生抽老干妈,3,调味料
淀粉或马铃薯淀粉,3,调味料
李锦记精选老抽,3,调味料
胡椒粉料酒盐,3,调味料
碎香油,3,调味料
椒干辣椒面,3,调味料
芝麻油盐,3,调味料
色流动性糖霜,3,调味料
绿酱,3,调味料
酵母适量,3,调味料
勺花椒粉,3,调味料
底料火锅底料,3,调味料
加碘盐,3,调味料
吧调味料,3,调味料
胡椒粉或盐,3,调味料
橘皮果酱,3,调味料
生抽盐料酒,3,调味料
少高度白酒,3,调味料
一圈香油,3,调味料
清净园辣椒酱,3,调味料
一小撮黑胡椒,3,调味料
香油盐鸡精,3,调味料
油或者其他无味油,3,调味料
粉鸡粉,3,调味料
量百香果汁,3,调味料
红辣腐乳,3,调味料
籽油或其他植物油,3,调味料
酱油糖盐,3,调味料
陽江豆豉,3,调味料
倍生抽,3,调味料
下辣椒粉,3,调味料
口味白沙糖,3,调味料
肉杂酱,3,调味料
勺老干妈,3,调味料
糖粉或奶粉,3,调味料
或青柠汁,3,调味料
正好盐,3,调味料
或者椒盐,3,调味料
多放辣椒油,3,调味料
量奶油,3,调味料
味醋,3,调味料
椒粉或孜然粉,3,调味料
即可米酒,3,调味料
猪油植物油,3,调味料
酱或者蒜蓉酱,3,调味料
口味而定白砂糖,3,调味料
甜度放冰糖,3,调味料
口味自行添加盐,3,调味料
咸蛋黄调料粉,3,调味料
八角香叶桂皮花椒,3,调味料
料及调味料,3,调味料
奶油里细砂糖,3,调味料
风味烧烤酱,3,调味料
蒜蓉调味酱,3,调味料
色美国进口色素,3,调味料
三分之一植物油,3,调味料
赤糖,3,调味料
颗粒红薯淀粉,3,调味料
添加孜然粉,3,调味料
好植物油,3,调味料
芝麻沙拉酱汁,3,调味料
表层奶油,3,调味料
量老抽生抽,3,调味料
或者糖桂花,3,调味料
青桔汁,3,调味料
多香醋,3,调味料
香叶花椒辣椒,3,调味料
或者花椒粉,3,调味料
你喜欢孜然粉,3,调味料
浓缩鲜鸡汁,3,调味料
香醋生抽麻油,3,调味料
茴香桂皮香叶,3,调味料
就好朗姆酒,3,调味料
大料桂皮,3,调味料
糖黄油,3,调味料
酱或者沙拉酱,3,调味料
粉淀粉,3,调味料
其他酱汁,3,调味料
更老抽,3,调味料
鸭调料,3,调味料
柠檬香油,3,调味料
鲣鱼昆布汁,3,调味料
冰糖盐鸡精,3,调味料
酸奶油酱,3,调味料
瓷勺粗盐,3,调味料
据口味料酒,3,调味料
多点冰糖,3,调味料
汤匙鲍鱼汁,3,调味料
好吃黑胡椒,3,调味料
朗姆香精,3,调味料
甜糖,3,调味料
即可香草精,3,调味料
水煮鱼料包,3,调味料
香五香粉,3,调味料
糖装饰,3,调味料
加食油,3,调味料
小茴香桂皮香叶,3,调味料
或清酒,3,调味料
混合香草调料,3,调味料
加了盐,3,调味料
甜醋甜醋,3,调味料
八角桂叶,3,调味料
添加色素,3,调味料
大喜大烤肉酱,3,调味料
奶油酱料,3,调味料
瓶盖生抽,3,调味料
日式烧肉酱,3,调味料
和玫瑰盐,3,调味料
黑糖粉圆,3,调味料
水蜂蜜水,3,调味料
咖喱快,3,调味料
好黑胡椒,3,调味料
馅蓝莓果酱,3,调味料
即可陈醋,3,调味料
糖甜面酱,3,调味料
摩德纳黑醋,3,调味料
油蚝油生抽,3,调味料
不黑胡椒粉,3,调味料
圈红烧酱油,3,调味料
汁生抽,3,调味料
辣子或辣椒油,3,调味料
量碱面,3,调味料
好高汤,3,调味料
种-细砂糖,3,调味料
个人喜欢盐,3,调味料
味炸鸡粉,3,调味料
情况糖,3,调味料
稍微少一点盐,3,调味料
胡椒粉小苏打,3,调味料
盐胡椒料酒,3,调味料
菜酱,3,调味料
点小茴香,3,调味料
就好花椒油,3,调味料
油盐等调味料,3,调味料
加沙拉酱,3,调味料
吧沙拉酱,3,调味料
个人口味绵白糖,3,调味料
底食油,3,调味料
干辣椒生抽,3,调味料
角香叶桂皮,3,调味料
研磨胡椒,3,调味料
装饰糖果,3,调味料
都行酱油,3,调味料
盐和新鲜黑胡椒,3,调味料
调整辣椒面,3,调味料
倍量油,3,调味料
海盐花生酱,3,调味料
高汤最好,3,调味料
例淡奶油,3,调味料
中淡奶油,3,调味料
盐豆瓣酱,3,调味料
啥调料,3,调味料
辣椒花椒粉,3,调味料
一点点食盐,3,调味料
添加油,3,调味料
料酒调味料,3,调味料
一层披萨酱,3,调味料
煲仔饭酱,3,调味料
了淡奶油,3,调味料
人口味老干妈辣酱,3,调味料
差不多生抽,3,调味料
黄豆酱或者甜面酱,3,调味料
来点生抽,3,调味料
加生粉,3,调味料
辣椒或老干妈,3,调味料
色而已老抽,3,调味料
柠檬挤出来柠檬汁,3,调味料
勺子食油,3,调味料
决定加盐,3,调味料
饭勺玉米淀粉,3,调味料
白菜盐,3,调味料
水高汤,3,调味料
果味香精,3,调味料
木糖醇红豆馅,3,调味料
东湖陈醋,3,调味料
一小勺盐,3,调味料
丸子盐,3,调味料
酌量加盐,3,调味料
红烧老抽,3,调味料
个人口味加蜂蜜,3,调味料
口味酱油,3,调味料
克黄酒,3,调味料
料或辣椒粉,3,调味料
少点白糖,3,调味料
调色色素,3,调味料
调味汤料,3,调味料
淀粉醋,3,调味料
或蕃茄酱,3,调味料
棉花糖牛轧糖,3,调味料
五香粉盐糖,3,调味料
粉或者鸡精,3,调味料
硬糖,3,调味料
涂抹烤盘黄油,3,调味料
各色蔬菜汁,3,调味料
说明盐,3,调味料
啦胡椒粉,3,调味料
少酵母,3,调味料
生抽调味料,3,调味料
坨蛋黄酱,3,调味料
调羹李锦记味极鲜,3,调味料
糖味精,3,调味料
李锦记蒜茸辣酱,3,调味料
子味极鲜,3,调味料
朗姆酒浸泡,3,调味料
口味花椒面,3,调味料
軟化黃油,3,调味料
勺子白砂糖,3,调味料
来八角,3,调味料
醋十三香,3,调味料
融化巧克力酱,3,调味料
粉核桃油,3,调味料
色色素适量,3,调味料
醋和白糖,3,调味料
面粉水盐,3,调味料
就好香叶,3,调味料
生抽十三香盐,3,调味料
金针菇酱,3,调味料
盐/鸡精,3,调味料
没过牛肉料酒,3,调味料
花椒味精,3,调味料
醋或红酒醋,3,调味料
芝麻红糖馅,3,调味料
酱料配比,3,调味料
水或料酒,3,调味料
蚝油生抽糖盐,3,调味料
油盐味极鲜,3,调味料
酱油或者海鲜酱油,3,调味料
油调味料,3,调味料
芝麻砂糖馅,3,调味料
或者白醋,3,调味料
杯生抽,3,调味料
白糖或白糖,3,调味料
喜好添加花椒,3,调味料
炸猪油,3,调味料
大蒜汁,3,调味料
吉利丁片冰水,3,调味料
醋或香醋,3,调味料
味淡奶油,3,调味料
油和猪油,3,调味料
和白胡椒粉,3,调味料
或白酒,3,调味料
匈牙利红辣椒粉,3,调味料
蚝油老抽生抽,3,调味料
拌糖,3,调味料
选择蜂蜜,3,调味料
味吉利丁片,3,调味料
日本醬油,3,调味料
油及芝麻油,3,调味料
碟日本酱油,3,调味料
锅汤底,3,调味料
意面专番茄酱,3,调味料
量炒菜油,3,调味料
综合胡椒,3,调味料
甜白砂糖,3,调味料
少许盐,3,调味料
使细砂糖,3,调味料
蒜蓉生抽,3,调味料
或者蜂蜜水,3,调味料
或麦芽糖浆,3,调味料
各种食油,3,调味料
酥糖⤵,3,调味料
茴香等,3,调味料
糖老抽生抽,3,调味料
草果等,3,调味料
酌情添加番茄酱,3,调味料
各蕃茄酱,3,调味料
片八角香叶,3,调味料
一倍油,3,调味料
自己口味加黑胡椒,3,调味料
或玉米淀粉,3,调味料
潮汕豆酱,3,调味料
口味调料组,3,调味料
色面团酵母,3,调味料
焦糖精,3,调味料
鲜姜汁,3,调味料
特级红烧酱油,3,调味料
香辣红油,3,调味料
克糖粉,3,调味料
本味淋,3,调味料
黄皮酱,3,调味料
油.盐,3,调味料
柠檬胡椒,3,调味料
酱料配方,3,调味料
棕榈油,3,调味料
燕牌酵母,3,调味料
焦糖菠萝,3,调味料
也鸡精,3,调味料
纯碱,3,调味料
生抽.淀粉,3,调味料
白纱糖,3,调味料
猪肉腌料,3,调味料
盐.油,3,调味料
酱料做法,3,调味料
粗白糖,3,调味料
糖炒板栗,3,调味料
红莓酱,3,调味料
无言黄油,3,调味料
塔塔酱,3,调味料
半勺盐,3,调味料
牛奶冰糖,3,调味料
糖可以,3,调味料
烤酱,3,调味料
盐.胡椒粉,3,调味料
黄油糖霜,3,调味料
二八酱,3,调味料
&调味料,3,调味料
黄奶油,3,调味料
花椒.八角,3,调味料
黑胡椒.盐,3,调味料
